"TH+1"	"index"	"LST gauge algebra"	"full gauge algebra"	"Tmin"	"Delta"	"n2"	"n3"	"n4"	"n5"	"n6"	"n7"	"n8"	"n12"	"count"
11	1	"2 f4+2(g2+su(2))"	"2 f4+2(g2+su(2))+so(7)+2 su(2)"	14	186	2	1	0	0	0	0	0	0	3
11	1	"2 f4+2(g2+su(2))"	"2 f4+3(g2+su(2))"	13	188	1	1	0	0	0	0	0	0	2
11	1	"2 f4+2(g2+su(2))"	"2 f4+3(g2+su(2))"	14	188	1	1	0	0	0	0	0	0	12
11	1	"2 f4+2(g2+su(2))"	"2 f4+so(8)+3(g2+su(2))"	15	160	1	1	1	0	0	0	0	0	4
11	1	"2 f4+2(g2+su(2))"	"2 f4+so(8)+3(g2+su(2))"	16	160	1	1	1	0	0	0	0	0	5
11	1	"2 f4+2(g2+su(2))"	"2 f4+so(8)+3(g2+su(2))"	19	160	1	1	1	0	0	0	0	0	2
11	1	"2 f4+2(g2+su(2))"	"2 f4+su(3)+2(g2+su(2))"	11	189	0	1	0	0	0	0	0	0	2
11	1	"2 f4+2(g2+su(2))"	"2 f4+su(3)+3(g2+su(2))"	15	180	1	2	0	0	0	0	0	0	15
11	1	"2 f4+2(g2+su(2))"	"2 f4+su(3)+3(g2+su(2))"	16	180	1	2	0	0	0	0	0	0	4
11	1	"2 f4+2(g2+su(2))"	"3 f4+3(g2+su(2))"	16	136	1	1	0	1	0	0	0	0	7
11	1	"2 f4+2(g2+su(2))"	"3 f4+3(g2+su(2))"	17	136	1	1	0	1	0	0	0	0	4
11	1	"2 f4+2(g2+su(2))"	"e6+2 f4+3(g2+su(2))"	17	110	1	1	0	0	1	0	0	0	6
11	1	"2 f4+2(g2+su(2))"	"e7'+2 f4+3(g2+su(2))"	18	83	1	1	0	0	0	1	0	0	3
11	1	"2 f4+2(g2+su(2))"	"e7+2 f4+3(g2+su(2))"	19	55	1	1	0	0	0	0	1	0	3
11	2	"2 f4+3 su(3)"	"2 f4+2 so(8)+2 su(3)+g2+su(2)"	16	134	1	0	2	0	0	0	0	0	15
11	2	"2 f4+3 su(3)"	"2 f4+2 so(8)+2 su(3)+g2+su(2)"	17	134	1	0	2	0	0	0	0	0	12
11	2	"2 f4+3 su(3)"	"2 f4+2 so(8)+2 su(3)+g2+su(2)"	18	134	1	0	2	0	0	0	0	0	2
11	2	"2 f4+3 su(3)"	"2 f4+2 so(8)+2 su(3)+g2+su(2)"	19	134	1	0	2	0	0	0	0	0	4
11	2	"2 f4+3 su(3)"	"2 f4+2 so(8)+2 su(3)+g2+su(2)"	22	134	1	0	2	0	0	0	0	0	4
11	2	"2 f4+3 su(3)"	"2 f4+2 so(8)+2 su(3)+g2+su(2)"	38	134	1	0	2	0	0	0	0	0	2
11	2	"2 f4+3 su(3)"	"2 f4+2 so(8)+4 su(3)"	20	127	0	1	2	0	0	0	0	0	2
11	2	"2 f4+3 su(3)"	"2 f4+2 so(8)+su(3)+2(g2+su(2))"	16	133	2	0	2	0	0	0	0	0	7
11	2	"2 f4+3 su(3)"	"2 f4+2 so(8)+su(3)+2(g2+su(2))"	17	133	2	0	2	0	0	0	0	0	6
11	2	"2 f4+3 su(3)"	"2 f4+2 su(3)+2(g2+su(2))"	14	181	2	1	0	0	0	0	0	0	7
11	2	"2 f4+3 su(3)"	"2 f4+2 su(3)+2(g2+su(2))"	15	181	2	1	0	0	0	0	0	0	564
11	2	"2 f4+3 su(3)"	"2 f4+2 su(3)+3(g2+su(2))"	16	172	3	2	0	0	0	0	0	0	13
11	2	"2 f4+3 su(3)"	"2 f4+2 su(3)+g2+su(2)"	11	190	1	0	0	0	0	0	0	0	2
11	2	"2 f4+3 su(3)"	"2 f4+2 su(3)+g2+su(2)"	13	190	1	0	0	0	0	0	0	0	2
11	2	"2 f4+3 su(3)"	"2 f4+2 su(3)+g2+su(2)"	14	190	1	0	0	0	0	0	0	0	14
11	2	"2 f4+3 su(3)"	"2 f4+2 su(3)+g2+su(2)"	16	190	1	0	0	0	0	0	0	0	12
11	2	"2 f4+3 su(3)"	"2 f4+2 su(3)+g2+su(2)"	17	190	1	0	0	0	0	0	0	0	6
11	2	"2 f4+3 su(3)"	"2 f4+2 su(3)+g2+su(2)"	18	190	1	0	0	0	0	0	0	0	4
11	2	"2 f4+3 su(3)"	"2 f4+2 su(3)+g2+su(2)"	19	190	1	0	0	0	0	0	0	0	4
11	2	"2 f4+3 su(3)"	"2 f4+2 su(3)+g2+su(2)+so(7)+2 su(2)"	15	179	3	1	0	0	0	0	0	0	32
11	2	"2 f4+3 su(3)"	"2 f4+2 su(3)+g2+su(2)+so(7)+2 su(2)"	16	179	3	1	0	0	0	0	0	0	44
11	2	"2 f4+3 su(3)"	"2 f4+3(g2+su(2))"	14	188	3	0	0	0	0	0	0	0	83
11	2	"2 f4+3 su(3)"	"2 f4+3 su(3)+2(g2+su(2))"	15	173	2	2	0	0	0	0	0	0	127
11	2	"2 f4+3 su(3)"	"2 f4+3 su(3)+2(g2+su(2))"	16	173	2	2	0	0	0	0	0	0	68
11	2	"2 f4+3 su(3)"	"2 f4+3 su(3)+2(g2+su(2))"	17	173	2	2	0	0	0	0	0	0	14
11	2	"2 f4+3 su(3)"	"2 f4+3 su(3)+2(g2+su(2))"	18	173	2	2	0	0	0	0	0	0	4
11	2	"2 f4+3 su(3)"	"2 f4+3 su(3)+2(g2+su(2))"	19	173	2	2	0	0	0	0	0	0	2
11	2	"2 f4+3 su(3)"	"2 f4+3 su(3)+2(g2+su(2))"	23	173	2	2	0	0	0	0	0	0	6
11	2	"2 f4+3 su(3)"	"2 f4+3 su(3)+g2+su(2)"	12	182	1	1	0	0	0	0	0	0	2
11	2	"2 f4+3 su(3)"	"2 f4+3 su(3)+g2+su(2)"	13	182	1	1	0	0	0	0	0	0	2
11	2	"2 f4+3 su(3)"	"2 f4+3 su(3)+g2+su(2)"	14	182	1	1	0	0	0	0	0	0	11
11	2	"2 f4+3 su(3)"	"2 f4+3 su(3)+g2+su(2)"	15	182	1	1	0	0	0	0	0	0	209
11	2	"2 f4+3 su(3)"	"2 f4+3 su(3)+g2+su(2)+so(7)+2 su(2)"	17	171	3	2	0	0	0	0	0	0	2
11	2	"2 f4+3 su(3)"	"2 f4+3 su(3)+g2+su(2)+so(7)+2 su(2)"	23	171	3	2	0	0	0	0	0	0	2
11	2	"2 f4+3 su(3)"	"2 f4+3 su(3)+so(7)+2 su(2)"	15	180	2	1	0	0	0	0	0	0	34
11	2	"2 f4+3 su(3)"	"2 f4+3 su(3)+so(7)+2 su(2)"	16	180	2	1	0	0	0	0	0	0	10
11	2	"2 f4+3 su(3)"	"2 f4+4(g2+su(2))"	15	179	4	1	0	0	0	0	0	0	2
11	2	"2 f4+3 su(3)"	"2 f4+4(g2+su(2))"	16	179	4	1	0	0	0	0	0	0	8
11	2	"2 f4+3 su(3)"	"2 f4+4 su(3)"	11	183	0	1	0	0	0	0	0	0	2
11	2	"2 f4+3 su(3)"	"2 f4+4 su(3)"	15	183	0	1	0	0	0	0	0	0	5
11	2	"2 f4+3 su(3)"	"2 f4+4 su(3)+2(g2+su(2))"	16	165	2	3	0	0	0	0	0	0	2
11	2	"2 f4+3 su(3)"	"2 f4+4 su(3)+g2+su(2)"	15	174	1	2	0	0	0	0	0	0	155
11	2	"2 f4+3 su(3)"	"2 f4+4 su(3)+g2+su(2)"	16	174	1	2	0	0	0	0	0	0	40
11	2	"2 f4+3 su(3)"	"2 f4+4 su(3)+g2+su(2)"	17	174	1	2	0	0	0	0	0	0	22
11	2	"2 f4+3 su(3)"	"2 f4+4 su(3)+g2+su(2)"	18	174	1	2	0	0	0	0	0	0	38
11	2	"2 f4+3 su(3)"	"2 f4+4 su(3)+g2+su(2)"	19	174	1	2	0	0	0	0	0	0	6
11	2	"2 f4+3 su(3)"	"2 f4+4 su(3)+so(7)+2 su(2)"	15	172	2	2	0	0	0	0	0	0	4
11	2	"2 f4+3 su(3)"	"2 f4+4 su(3)+so(7)+2 su(2)"	16	172	2	2	0	0	0	0	0	0	8
11	2	"2 f4+3 su(3)"	"2 f4+4 su(3)+so(7)+2 su(2)"	19	172	2	2	0	0	0	0	0	0	2
11	2	"2 f4+3 su(3)"	"2 f4+4 su(3)+so(7)+2 su(2)"	23	172	2	2	0	0	0	0	0	0	2
11	2	"2 f4+3 su(3)"	"2 f4+5 su(3)"	15	175	0	2	0	0	0	0	0	0	15
11	2	"2 f4+3 su(3)"	"2 f4+5 su(3)"	16	175	0	2	0	0	0	0	0	0	6
11	2	"2 f4+3 su(3)"	"2 f4+5 su(3)"	17	175	0	2	0	0	0	0	0	0	6
11	2	"2 f4+3 su(3)"	"2 f4+5 su(3)+g2+su(2)"	15	166	1	3	0	0	0	0	0	0	12
11	2	"2 f4+3 su(3)"	"2 f4+5 su(3)+g2+su(2)"	16	166	1	3	0	0	0	0	0	0	9
11	2	"2 f4+3 su(3)"	"2 f4+6 su(3)"	15	167	0	3	0	0	0	0	0	0	5
11	2	"2 f4+3 su(3)"	"2 f4+6 su(3)"	16	167	0	3	0	0	0	0	0	0	4
11	2	"2 f4+3 su(3)"	"2 f4+6 su(3)"	17	167	0	3	0	0	0	0	0	0	2
11	2	"2 f4+3 su(3)"	"2 f4+6 su(3)"	18	167	0	3	0	0	0	0	0	0	2
11	2	"2 f4+3 su(3)"	"2 f4+6 su(3)"	19	167	0	3	0	0	0	0	0	0	2
11	2	"2 f4+3 su(3)"	"2 f4+so(8)+2 su(3)+2(g2+su(2))"	16	153	2	1	1	0	0	0	0	0	62
11	2	"2 f4+3 su(3)"	"2 f4+so(8)+2 su(3)+2(g2+su(2))"	17	153	2	1	1	0	0	0	0	0	12
11	2	"2 f4+3 su(3)"	"2 f4+so(8)+2 su(3)+2(g2+su(2))"	18	153	2	1	1	0	0	0	0	0	6
11	2	"2 f4+3 su(3)"	"2 f4+so(8)+2 su(3)+2(g2+su(2))"	19	153	2	1	1	0	0	0	0	0	4
11	2	"2 f4+3 su(3)"	"2 f4+so(8)+2 su(3)+2(g2+su(2))"	21	153	2	1	1	0	0	0	0	0	6
11	2	"2 f4+3 su(3)"	"2 f4+so(8)+2 su(3)+2(g2+su(2))"	22	153	2	1	1	0	0	0	0	0	4
11	2	"2 f4+3 su(3)"	"2 f4+so(8)+2 su(3)+2(g2+su(2))"	31	153	2	1	1	0	0	0	0	0	2
11	2	"2 f4+3 su(3)"	"2 f4+so(8)+2 su(3)+2(g2+su(2))"	38	153	2	1	1	0	0	0	0	0	2
11	2	"2 f4+3 su(3)"	"2 f4+so(8)+2 su(3)+2(g2+su(2))"	39	153	2	1	1	0	0	0	0	0	2
11	2	"2 f4+3 su(3)"	"2 f4+so(8)+2 su(3)+2(g2+su(2))"	45	153	2	1	1	0	0	0	0	0	2
11	2	"2 f4+3 su(3)"	"2 f4+so(8)+2 su(3)+g2+su(2)"	13	162	1	0	1	0	0	0	0	0	2
11	2	"2 f4+3 su(3)"	"2 f4+so(8)+2 su(3)+g2+su(2)"	15	162	1	0	1	0	0	0	0	0	45
11	2	"2 f4+3 su(3)"	"2 f4+so(8)+2 su(3)+g2+su(2)"	16	162	1	0	1	0	0	0	0	0	50
11	2	"2 f4+3 su(3)"	"2 f4+so(8)+2 su(3)+g2+su(2)"	17	162	1	0	1	0	0	0	0	0	16
11	2	"2 f4+3 su(3)"	"2 f4+so(8)+2 su(3)+g2+su(2)"	18	162	1	0	1	0	0	0	0	0	12
11	2	"2 f4+3 su(3)"	"2 f4+so(8)+2 su(3)+g2+su(2)"	19	162	1	0	1	0	0	0	0	0	2
11	2	"2 f4+3 su(3)"	"2 f4+so(8)+2 su(3)+g2+su(2)"	20	162	1	0	1	0	0	0	0	0	2
11	2	"2 f4+3 su(3)"	"2 f4+so(8)+2 su(3)+g2+su(2)"	21	162	1	0	1	0	0	0	0	0	4
11	2	"2 f4+3 su(3)"	"2 f4+so(8)+3(g2+su(2))"	15	160	3	0	1	0	0	0	0	0	16
11	2	"2 f4+3 su(3)"	"2 f4+so(8)+3(g2+su(2))"	16	160	3	0	1	0	0	0	0	0	6
11	2	"2 f4+3 su(3)"	"2 f4+so(8)+3(g2+su(2))"	18	160	3	0	1	0	0	0	0	0	2
11	2	"2 f4+3 su(3)"	"2 f4+so(8)+3(g2+su(2))"	22	160	3	0	1	0	0	0	0	0	6
11	2	"2 f4+3 su(3)"	"2 f4+so(8)+3(g2+su(2))"	25	160	3	0	1	0	0	0	0	0	2
11	2	"2 f4+3 su(3)"	"2 f4+so(8)+3 su(3)"	11	163	0	0	1	0	0	0	0	0	2
11	2	"2 f4+3 su(3)"	"2 f4+so(8)+3 su(3)+2(g2+su(2))"	29	145	2	2	1	0	0	0	0	0	2
11	2	"2 f4+3 su(3)"	"2 f4+so(8)+3 su(3)+2(g2+su(2))"	53	145	2	2	1	0	0	0	0	0	2
11	2	"2 f4+3 su(3)"	"2 f4+so(8)+3 su(3)+g2+su(2)"	15	154	1	1	1	0	0	0	0	0	4
11	2	"2 f4+3 su(3)"	"2 f4+so(8)+3 su(3)+g2+su(2)"	16	154	1	1	1	0	0	0	0	0	62
11	2	"2 f4+3 su(3)"	"2 f4+so(8)+3 su(3)+g2+su(2)"	17	154	1	1	1	0	0	0	0	0	10
11	2	"2 f4+3 su(3)"	"2 f4+so(8)+3 su(3)+g2+su(2)"	18	154	1	1	1	0	0	0	0	0	8
11	2	"2 f4+3 su(3)"	"2 f4+so(8)+3 su(3)+g2+su(2)"	19	154	1	1	1	0	0	0	0	0	6
11	2	"2 f4+3 su(3)"	"2 f4+so(8)+3 su(3)+g2+su(2)"	21	154	1	1	1	0	0	0	0	0	10
11	2	"2 f4+3 su(3)"	"2 f4+so(8)+3 su(3)+g2+su(2)"	22	154	1	1	1	0	0	0	0	0	2
11	2	"2 f4+3 su(3)"	"2 f4+so(8)+3 su(3)+g2+su(2)"	29	154	1	1	1	0	0	0	0	0	4
11	2	"2 f4+3 su(3)"	"2 f4+so(8)+3 su(3)+g2+su(2)"	31	154	1	1	1	0	0	0	0	0	4
11	2	"2 f4+3 su(3)"	"2 f4+so(8)+3 su(3)+so(7)+2 su(2)"	16	152	2	1	1	0	0	0	0	0	4
11	2	"2 f4+3 su(3)"	"2 f4+so(8)+3 su(3)+so(7)+2 su(2)"	31	152	2	1	1	0	0	0	0	0	2
11	2	"2 f4+3 su(3)"	"2 f4+so(8)+4 su(3)"	13	155	0	1	1	0	0	0	0	0	2
11	2	"2 f4+3 su(3)"	"2 f4+so(8)+4 su(3)"	16	155	0	1	1	0	0	0	0	0	9
11	2	"2 f4+3 su(3)"	"2 f4+so(8)+4 su(3)"	17	155	0	1	1	0	0	0	0	0	2
11	2	"2 f4+3 su(3)"	"2 f4+so(8)+4 su(3)"	18	155	0	1	1	0	0	0	0	0	2
11	2	"2 f4+3 su(3)"	"2 f4+so(8)+4 su(3)+g2+su(2)"	16	146	1	2	1	0	0	0	0	0	4
11	2	"2 f4+3 su(3)"	"2 f4+so(8)+4 su(3)+g2+su(2)"	20	146	1	2	1	0	0	0	0	0	12
11	2	"2 f4+3 su(3)"	"2 f4+so(8)+4 su(3)+g2+su(2)"	21	146	1	2	1	0	0	0	0	0	6
11	2	"2 f4+3 su(3)"	"2 f4+so(8)+4 su(3)+g2+su(2)"	22	146	1	2	1	0	0	0	0	0	2
11	2	"2 f4+3 su(3)"	"2 f4+so(8)+4 su(3)+g2+su(2)"	24	146	1	2	1	0	0	0	0	0	4
11	2	"2 f4+3 su(3)"	"2 f4+so(8)+4 su(3)+g2+su(2)"	33	146	1	2	1	0	0	0	0	0	2
11	2	"2 f4+3 su(3)"	"2 f4+so(8)+4 su(3)+g2+su(2)"	35	146	1	2	1	0	0	0	0	0	2
11	2	"2 f4+3 su(3)"	"2 f4+so(8)+4 su(3)+g2+su(2)"	37	146	1	2	1	0	0	0	0	0	2
11	2	"2 f4+3 su(3)"	"2 f4+so(8)+4 su(3)+g2+su(2)"	46	146	1	2	1	0	0	0	0	0	4
11	2	"2 f4+3 su(3)"	"2 f4+so(8)+5 su(3)"	16	147	0	2	1	0	0	0	0	0	5
11	2	"2 f4+3 su(3)"	"2 f4+so(8)+5 su(3)"	17	147	0	2	1	0	0	0	0	0	2
11	2	"2 f4+3 su(3)"	"2 f4+so(8)+5 su(3)"	19	147	0	2	1	0	0	0	0	0	2
11	2	"2 f4+3 su(3)"	"2 f4+so(8)+su(3)+2(g2+su(2))"	15	161	2	0	1	0	0	0	0	0	74
11	2	"2 f4+3 su(3)"	"2 f4+so(8)+su(3)+2(g2+su(2))"	16	161	2	0	1	0	0	0	0	0	36
11	2	"2 f4+3 su(3)"	"2 f4+so(8)+su(3)+2(g2+su(2))"	17	161	2	0	1	0	0	0	0	0	14
11	2	"2 f4+3 su(3)"	"2 f4+so(8)+su(3)+2(g2+su(2))"	18	161	2	0	1	0	0	0	0	0	10
11	2	"2 f4+3 su(3)"	"2 f4+so(8)+su(3)+2(g2+su(2))"	19	161	2	0	1	0	0	0	0	0	2
11	2	"2 f4+3 su(3)"	"2 f4+so(8)+su(3)+2(g2+su(2))"	20	161	2	0	1	0	0	0	0	0	2
11	2	"2 f4+3 su(3)"	"2 f4+so(8)+su(3)+2(g2+su(2))"	21	161	2	0	1	0	0	0	0	0	16
11	2	"2 f4+3 su(3)"	"2 f4+so(8)+su(3)+2(g2+su(2))"	22	161	2	0	1	0	0	0	0	0	4
11	2	"2 f4+3 su(3)"	"2 f4+so(8)+su(3)+2(g2+su(2))"	25	161	2	0	1	0	0	0	0	0	2
11	2	"2 f4+3 su(3)"	"2 f4+so(8)+su(3)+3(g2+su(2))"	16	152	3	1	1	0	0	0	0	0	8
11	2	"2 f4+3 su(3)"	"2 f4+so(8)+su(3)+3(g2+su(2))"	17	152	3	1	1	0	0	0	0	0	2
11	2	"2 f4+3 su(3)"	"2 f4+so(8)+su(3)+3(g2+su(2))"	22	152	3	1	1	0	0	0	0	0	2
11	2	"2 f4+3 su(3)"	"2 f4+su(3)+2(g2+su(2))"	14	189	2	0	0	0	0	0	0	0	85
11	2	"2 f4+3 su(3)"	"2 f4+su(3)+2(g2+su(2))+so(7)+2 su(2)"	15	178	4	1	0	0	0	0	0	0	2
11	2	"2 f4+3 su(3)"	"2 f4+su(3)+2(g2+su(2))+so(7)+2 su(2)"	16	178	4	1	0	0	0	0	0	0	14
11	2	"2 f4+3 su(3)"	"2 f4+su(3)+3(g2+su(2))"	15	180	3	1	0	0	0	0	0	0	161
11	2	"2 f4+3 su(3)"	"2 f4+su(3)+3(g2+su(2))"	16	180	3	1	0	0	0	0	0	0	82
11	2	"2 f4+3 su(3)"	"3 f4+2 su(3)+2(g2+su(2))"	16	129	2	1	0	1	0	0	0	0	6
11	2	"2 f4+3 su(3)"	"3 f4+2 su(3)+2(g2+su(2))"	17	129	2	1	0	1	0	0	0	0	18
11	2	"2 f4+3 su(3)"	"3 f4+2 su(3)+2(g2+su(2))"	18	129	2	1	0	1	0	0	0	0	20
11	2	"2 f4+3 su(3)"	"3 f4+2 su(3)+2(g2+su(2))"	20	129	2	1	0	1	0	0	0	0	18
11	2	"2 f4+3 su(3)"	"3 f4+2 su(3)+2(g2+su(2))"	21	129	2	1	0	1	0	0	0	0	10
11	2	"2 f4+3 su(3)"	"3 f4+2 su(3)+2(g2+su(2))"	22	129	2	1	0	1	0	0	0	0	2
11	2	"2 f4+3 su(3)"	"3 f4+2 su(3)+2(g2+su(2))"	27	129	2	1	0	1	0	0	0	0	2
11	2	"2 f4+3 su(3)"	"3 f4+2 su(3)+2(g2+su(2))"	45	129	2	1	0	1	0	0	0	0	2
11	2	"2 f4+3 su(3)"	"3 f4+2 su(3)+g2+su(2)"	14	138	1	0	0	1	0	0	0	0	2
11	2	"2 f4+3 su(3)"	"3 f4+2 su(3)+g2+su(2)"	16	138	1	0	0	1	0	0	0	0	19
11	2	"2 f4+3 su(3)"	"3 f4+2 su(3)+g2+su(2)"	17	138	1	0	0	1	0	0	0	0	10
11	2	"2 f4+3 su(3)"	"3 f4+2 su(3)+g2+su(2)"	18	138	1	0	0	1	0	0	0	0	2
11	2	"2 f4+3 su(3)"	"3 f4+2 su(3)+g2+su(2)"	20	138	1	0	0	1	0	0	0	0	2
11	2	"2 f4+3 su(3)"	"3 f4+2 su(3)+g2+su(2)"	22	138	1	0	0	1	0	0	0	0	2
11	2	"2 f4+3 su(3)"	"3 f4+2 su(3)+g2+su(2)"	24	138	1	0	0	1	0	0	0	0	2
11	2	"2 f4+3 su(3)"	"3 f4+3(g2+su(2))"	16	136	3	0	0	1	0	0	0	0	17
11	2	"2 f4+3 su(3)"	"3 f4+3(g2+su(2))"	17	136	3	0	0	1	0	0	0	0	14
11	2	"2 f4+3 su(3)"	"3 f4+3(g2+su(2))"	18	136	3	0	0	1	0	0	0	0	2
11	2	"2 f4+3 su(3)"	"3 f4+3(g2+su(2))"	21	136	3	0	0	1	0	0	0	0	4
11	2	"2 f4+3 su(3)"	"3 f4+3 su(3)"	11	139	0	0	0	1	0	0	0	0	2
11	2	"2 f4+3 su(3)"	"3 f4+3 su(3)+2(g2+su(2))"	17	121	2	2	0	1	0	0	0	0	2
11	2	"2 f4+3 su(3)"	"3 f4+3 su(3)+2(g2+su(2))"	18	121	2	2	0	1	0	0	0	0	2
11	2	"2 f4+3 su(3)"	"3 f4+3 su(3)+2(g2+su(2))"	19	121	2	2	0	1	0	0	0	0	2
11	2	"2 f4+3 su(3)"	"3 f4+3 su(3)+g2+su(2)"	16	130	1	1	0	1	0	0	0	0	6
11	2	"2 f4+3 su(3)"	"3 f4+3 su(3)+g2+su(2)"	17	130	1	1	0	1	0	0	0	0	12
11	2	"2 f4+3 su(3)"	"3 f4+3 su(3)+g2+su(2)"	18	130	1	1	0	1	0	0	0	0	8
11	2	"2 f4+3 su(3)"	"3 f4+3 su(3)+g2+su(2)"	20	130	1	1	0	1	0	0	0	0	18
11	2	"2 f4+3 su(3)"	"3 f4+3 su(3)+g2+su(2)"	21	130	1	1	0	1	0	0	0	0	4
11	2	"2 f4+3 su(3)"	"3 f4+3 su(3)+g2+su(2)"	22	130	1	1	0	1	0	0	0	0	4
11	2	"2 f4+3 su(3)"	"3 f4+3 su(3)+g2+su(2)"	24	130	1	1	0	1	0	0	0	0	4
11	2	"2 f4+3 su(3)"	"3 f4+3 su(3)+g2+su(2)"	26	130	1	1	0	1	0	0	0	0	4
11	2	"2 f4+3 su(3)"	"3 f4+3 su(3)+g2+su(2)"	28	130	1	1	0	1	0	0	0	0	2
11	2	"2 f4+3 su(3)"	"3 f4+3 su(3)+g2+su(2)"	29	130	1	1	0	1	0	0	0	0	2
11	2	"2 f4+3 su(3)"	"3 f4+3 su(3)+g2+su(2)"	30	130	1	1	0	1	0	0	0	0	2
11	2	"2 f4+3 su(3)"	"3 f4+3 su(3)+g2+su(2)"	36	130	1	1	0	1	0	0	0	0	2
11	2	"2 f4+3 su(3)"	"3 f4+3 su(3)+g2+su(2)"	44	130	1	1	0	1	0	0	0	0	2
11	2	"2 f4+3 su(3)"	"3 f4+3 su(3)+g2+su(2)"	62	130	1	1	0	1	0	0	0	0	2
11	2	"2 f4+3 su(3)"	"3 f4+3 su(3)+so(7)+2 su(2)"	28	128	2	1	0	1	0	0	0	0	2
11	2	"2 f4+3 su(3)"	"3 f4+3 su(3)+so(7)+2 su(2)"	39	128	2	1	0	1	0	0	0	0	2
11	2	"2 f4+3 su(3)"	"3 f4+4 su(3)"	14	131	0	1	0	1	0	0	0	0	2
11	2	"2 f4+3 su(3)"	"3 f4+4 su(3)"	20	131	0	1	0	1	0	0	0	0	2
11	2	"2 f4+3 su(3)"	"3 f4+4 su(3)"	28	131	0	1	0	1	0	0	0	0	2
11	2	"2 f4+3 su(3)"	"3 f4+4 su(3)"	38	131	0	1	0	1	0	0	0	0	2
11	2	"2 f4+3 su(3)"	"3 f4+4 su(3)"	52	131	0	1	0	1	0	0	0	0	2
11	2	"2 f4+3 su(3)"	"3 f4+4 su(3)+g2+su(2)"	17	122	1	2	0	1	0	0	0	0	4
11	2	"2 f4+3 su(3)"	"3 f4+4 su(3)+g2+su(2)"	18	122	1	2	0	1	0	0	0	0	10
11	2	"2 f4+3 su(3)"	"3 f4+4 su(3)+g2+su(2)"	19	122	1	2	0	1	0	0	0	0	4
11	2	"2 f4+3 su(3)"	"3 f4+4 su(3)+g2+su(2)"	20	122	1	2	0	1	0	0	0	0	2
11	2	"2 f4+3 su(3)"	"3 f4+4 su(3)+g2+su(2)"	23	122	1	2	0	1	0	0	0	0	4
11	2	"2 f4+3 su(3)"	"3 f4+4 su(3)+g2+su(2)"	24	122	1	2	0	1	0	0	0	0	2
11	2	"2 f4+3 su(3)"	"3 f4+5 su(3)"	17	123	0	2	0	1	0	0	0	0	2
11	2	"2 f4+3 su(3)"	"3 f4+5 su(3)"	23	123	0	2	0	1	0	0	0	0	2
11	2	"2 f4+3 su(3)"	"3 f4+5 su(3)"	31	123	0	2	0	1	0	0	0	0	2
11	2	"2 f4+3 su(3)"	"3 f4+6 su(3)"	20	115	0	3	0	1	0	0	0	0	2
11	2	"2 f4+3 su(3)"	"3 f4+so(8)+2 su(3)+g2+su(2)"	17	110	1	0	1	1	0	0	0	0	14
11	2	"2 f4+3 su(3)"	"3 f4+so(8)+2 su(3)+g2+su(2)"	18	110	1	0	1	1	0	0	0	0	8
11	2	"2 f4+3 su(3)"	"3 f4+so(8)+2 su(3)+g2+su(2)"	19	110	1	0	1	1	0	0	0	0	2
11	2	"2 f4+3 su(3)"	"3 f4+so(8)+3 su(3)"	15	111	0	0	1	1	0	0	0	0	2
11	2	"2 f4+3 su(3)"	"3 f4+so(8)+4 su(3)"	18	103	0	1	1	1	0	0	0	0	2
11	2	"2 f4+3 su(3)"	"3 f4+so(8)+su(3)+2(g2+su(2))"	17	109	2	0	1	1	0	0	0	0	10
11	2	"2 f4+3 su(3)"	"3 f4+su(3)+2(g2+su(2))"	16	137	2	0	0	1	0	0	0	0	35
11	2	"2 f4+3 su(3)"	"3 f4+su(3)+2(g2+su(2))"	17	137	2	0	0	1	0	0	0	0	28
11	2	"2 f4+3 su(3)"	"3 f4+su(3)+2(g2+su(2))"	18	137	2	0	0	1	0	0	0	0	2
11	2	"2 f4+3 su(3)"	"3 f4+su(3)+2(g2+su(2))"	19	137	2	0	0	1	0	0	0	0	4
11	2	"2 f4+3 su(3)"	"3 f4+su(3)+2(g2+su(2))"	20	137	2	0	0	1	0	0	0	0	2
11	2	"2 f4+3 su(3)"	"3 f4+su(3)+2(g2+su(2))"	21	137	2	0	0	1	0	0	0	0	2
11	2	"2 f4+3 su(3)"	"3 f4+su(3)+2(g2+su(2))"	39	137	2	0	0	1	0	0	0	0	2
11	2	"2 f4+3 su(3)"	"3 f4+su(3)+3(g2+su(2))"	16	128	3	1	0	1	0	0	0	0	2
11	2	"2 f4+3 su(3)"	"3 f4+su(3)+3(g2+su(2))"	17	128	3	1	0	1	0	0	0	0	2
11	2	"2 f4+3 su(3)"	"4 f4+2 su(3)+g2+su(2)"	18	86	1	0	0	2	0	0	0	0	3
11	2	"2 f4+3 su(3)"	"4 f4+su(3)+2(g2+su(2))"	18	85	2	0	0	2	0	0	0	0	2
11	2	"2 f4+3 su(3)"	"e6+2 f4+2 su(3)+2(g2+su(2))"	17	103	2	1	0	0	1	0	0	0	6
11	2	"2 f4+3 su(3)"	"e6+2 f4+2 su(3)+2(g2+su(2))"	18	103	2	1	0	0	1	0	0	0	18
11	2	"2 f4+3 su(3)"	"e6+2 f4+2 su(3)+2(g2+su(2))"	19	103	2	1	0	0	1	0	0	0	8
11	2	"2 f4+3 su(3)"	"e6+2 f4+2 su(3)+2(g2+su(2))"	21	103	2	1	0	0	1	0	0	0	4
11	2	"2 f4+3 su(3)"	"e6+2 f4+2 su(3)+2(g2+su(2))"	24	103	2	1	0	0	1	0	0	0	2
11	2	"2 f4+3 su(3)"	"e6+2 f4+2 su(3)+2(g2+su(2))"	25	103	2	1	0	0	1	0	0	0	2
11	2	"2 f4+3 su(3)"	"e6+2 f4+2 su(3)+2(g2+su(2))"	30	103	2	1	0	0	1	0	0	0	2
11	2	"2 f4+3 su(3)"	"e6+2 f4+2 su(3)+2(g2+su(2))"	36	103	2	1	0	0	1	0	0	0	2
11	2	"2 f4+3 su(3)"	"e6+2 f4+2 su(3)+g2+su(2)"	15	112	1	0	0	0	1	0	0	0	2
11	2	"2 f4+3 su(3)"	"e6+2 f4+2 su(3)+g2+su(2)"	17	112	1	0	0	0	1	0	0	0	13
11	2	"2 f4+3 su(3)"	"e6+2 f4+2 su(3)+g2+su(2)"	18	112	1	0	0	0	1	0	0	0	6
11	2	"2 f4+3 su(3)"	"e6+2 f4+2 su(3)+g2+su(2)"	19	112	1	0	0	0	1	0	0	0	4
11	2	"2 f4+3 su(3)"	"e6+2 f4+3 su(3)"	11	113	0	0	0	0	1	0	0	0	2
11	2	"2 f4+3 su(3)"	"e6+2 f4+3 su(3)+2(g2+su(2))"	18	95	2	2	0	0	1	0	0	0	2
11	2	"2 f4+3 su(3)"	"e6+2 f4+3 su(3)+g2+su(2)"	17	104	1	1	0	0	1	0	0	0	8
11	2	"2 f4+3 su(3)"	"e6+2 f4+3 su(3)+g2+su(2)"	18	104	1	1	0	0	1	0	0	0	16
11	2	"2 f4+3 su(3)"	"e6+2 f4+3 su(3)+g2+su(2)"	19	104	1	1	0	0	1	0	0	0	16
11	2	"2 f4+3 su(3)"	"e6+2 f4+3 su(3)+g2+su(2)"	20	104	1	1	0	0	1	0	0	0	10
11	2	"2 f4+3 su(3)"	"e6+2 f4+3 su(3)+g2+su(2)"	21	104	1	1	0	0	1	0	0	0	8
11	2	"2 f4+3 su(3)"	"e6+2 f4+3 su(3)+g2+su(2)"	24	104	1	1	0	0	1	0	0	0	2
11	2	"2 f4+3 su(3)"	"e6+2 f4+3 su(3)+g2+su(2)"	27	104	1	1	0	0	1	0	0	0	2
11	2	"2 f4+3 su(3)"	"e6+2 f4+3 su(3)+so(7)+2 su(2)"	20	102	2	1	0	0	1	0	0	0	2
11	2	"2 f4+3 su(3)"	"e6+2 f4+3 su(3)+so(7)+2 su(2)"	21	102	2	1	0	0	1	0	0	0	2
11	2	"2 f4+3 su(3)"	"e6+2 f4+4 su(3)"	15	105	0	1	0	0	1	0	0	0	2
11	2	"2 f4+3 su(3)"	"e6+2 f4+4 su(3)"	18	105	0	1	0	0	1	0	0	0	2
11	2	"2 f4+3 su(3)"	"e6+2 f4+4 su(3)"	20	105	0	1	0	0	1	0	0	0	4
11	2	"2 f4+3 su(3)"	"e6+2 f4+4 su(3)"	21	105	0	1	0	0	1	0	0	0	2
11	2	"2 f4+3 su(3)"	"e6+2 f4+4 su(3)+g2+su(2)"	18	96	1	2	0	0	1	0	0	0	10
11	2	"2 f4+3 su(3)"	"e6+2 f4+4 su(3)+g2+su(2)"	19	96	1	2	0	0	1	0	0	0	2
11	2	"2 f4+3 su(3)"	"e6+2 f4+4 su(3)+g2+su(2)"	20	96	1	2	0	0	1	0	0	0	6
11	2	"2 f4+3 su(3)"	"e6+2 f4+5 su(3)"	18	97	0	2	0	0	1	0	0	0	2
11	2	"2 f4+3 su(3)"	"e6+2 f4+5 su(3)"	20	97	0	2	0	0	1	0	0	0	2
11	2	"2 f4+3 su(3)"	"e6+2 f4+5 su(3)"	21	97	0	2	0	0	1	0	0	0	2
11	2	"2 f4+3 su(3)"	"e6+2 f4+6 su(3)"	19	89	0	3	0	0	1	0	0	0	2
11	2	"2 f4+3 su(3)"	"e6+2 f4+so(8)+2 su(3)+g2+su(2)"	18	84	1	0	1	0	1	0	0	0	12
11	2	"2 f4+3 su(3)"	"e6+2 f4+so(8)+2 su(3)+g2+su(2)"	19	84	1	0	1	0	1	0	0	0	2
11	2	"2 f4+3 su(3)"	"e6+2 f4+so(8)+3 su(3)"	16	85	0	0	1	0	1	0	0	0	2
11	2	"2 f4+3 su(3)"	"e6+2 f4+so(8)+4 su(3)"	19	77	0	1	1	0	1	0	0	0	2
11	2	"2 f4+3 su(3)"	"e6+2 f4+so(8)+su(3)+2(g2+su(2))"	18	83	2	0	1	0	1	0	0	0	4
11	2	"2 f4+3 su(3)"	"e6+2 f4+su(3)+2(g2+su(2))"	17	111	2	0	0	0	1	0	0	0	18
11	2	"2 f4+3 su(3)"	"e6+2 f4+su(3)+2(g2+su(2))"	18	111	2	0	0	0	1	0	0	0	6
11	2	"2 f4+3 su(3)"	"e6+3 f4+2 su(3)+g2+su(2)"	19	60	1	0	0	1	1	0	0	0	4
11	2	"2 f4+3 su(3)"	"e6+3 f4+3 su(3)"	17	61	0	0	0	1	1	0	0	0	2
11	2	"2 f4+3 su(3)"	"e6+3 f4+su(3)+2(g2+su(2))"	19	59	2	0	0	1	1	0	0	0	2
11	3	"f4+g2+su(2)+so(7)+2 su(2)"	"2 f4+g2+su(2)+2(so(7)+2 su(2))"	15	184	2	1	0	1	0	0	0	0	5
11	3	"f4+g2+su(2)+so(7)+2 su(2)"	"2 f4+g2+su(2)+so(7)+2 su(2)"	11	195	0	0	0	1	0	0	0	0	2
11	3	"f4+g2+su(2)+so(7)+2 su(2)"	"2 f4+so(8)+g2+su(2)+so(7)+2 su(2)"	13	167	0	0	1	1	0	0	0	0	2
11	3	"f4+g2+su(2)+so(7)+2 su(2)"	"2 f4+su(3)+g2+su(2)+so(7)+2 su(2)"	12	187	0	1	0	1	0	0	0	0	2
11	3	"f4+g2+su(2)+so(7)+2 su(2)"	"e6+2 f4+g2+su(2)+so(7)+2 su(2)"	15	117	0	0	0	1	1	0	0	0	2
11	3	"f4+g2+su(2)+so(7)+2 su(2)"	"e6+f4+2(g2+su(2))+so(7)+2 su(2)"	15	160	1	1	0	0	1	0	0	0	6
11	3	"f4+g2+su(2)+so(7)+2 su(2)"	"e6+f4+2(g2+su(2))+so(7)+2 su(2)"	16	160	1	1	0	0	1	0	0	0	24
11	3	"f4+g2+su(2)+so(7)+2 su(2)"	"e6+f4+2(g2+su(2))+so(7)+2 su(2)"	17	160	1	1	0	0	1	0	0	0	7
11	3	"f4+g2+su(2)+so(7)+2 su(2)"	"e6+f4+2(g2+su(2))+so(7)+2 su(2)"	18	160	1	1	0	0	1	0	0	0	4
11	3	"f4+g2+su(2)+so(7)+2 su(2)"	"e6+f4+2 su(3)+g2+su(2)+so(7)+2 su(2)"	16	153	0	2	0	0	1	0	0	0	2
11	3	"f4+g2+su(2)+so(7)+2 su(2)"	"e6+f4+2 su(3)+g2+su(2)+so(7)+2 su(2)"	17	153	0	2	0	0	1	0	0	0	2
11	3	"f4+g2+su(2)+so(7)+2 su(2)"	"e6+f4+2 su(3)+g2+su(2)+so(7)+2 su(2)"	19	153	0	2	0	0	1	0	0	0	2
11	3	"f4+g2+su(2)+so(7)+2 su(2)"	"e6+f4+g2+su(2)+2(so(7)+2 su(2))"	16	158	2	1	0	0	1	0	0	0	4
11	3	"f4+g2+su(2)+so(7)+2 su(2)"	"e6+f4+g2+su(2)+so(7)+2 su(2)"	11	169	0	0	0	0	1	0	0	0	2
11	3	"f4+g2+su(2)+so(7)+2 su(2)"	"e6+f4+so(8)+g2+su(2)+so(7)+2 su(2)"	14	141	0	0	1	0	1	0	0	0	2
11	3	"f4+g2+su(2)+so(7)+2 su(2)"	"e6+f4+so(8)+su(3)+g2+su(2)+so(7)+2 su(2)"	20	133	0	1	1	0	1	0	0	0	2
11	3	"f4+g2+su(2)+so(7)+2 su(2)"	"e6+f4+su(3)+2(g2+su(2))+so(7)+2 su(2)"	20	152	1	2	0	0	1	0	0	0	10
11	3	"f4+g2+su(2)+so(7)+2 su(2)"	"e6+f4+su(3)+2(g2+su(2))+so(7)+2 su(2)"	21	152	1	2	0	0	1	0	0	0	6
11	3	"f4+g2+su(2)+so(7)+2 su(2)"	"e6+f4+su(3)+2(g2+su(2))+so(7)+2 su(2)"	22	152	1	2	0	0	1	0	0	0	2
11	3	"f4+g2+su(2)+so(7)+2 su(2)"	"e6+f4+su(3)+2(g2+su(2))+so(7)+2 su(2)"	24	152	1	2	0	0	1	0	0	0	4
11	3	"f4+g2+su(2)+so(7)+2 su(2)"	"e6+f4+su(3)+2(g2+su(2))+so(7)+2 su(2)"	31	152	1	2	0	0	1	0	0	0	2
11	3	"f4+g2+su(2)+so(7)+2 su(2)"	"e6+f4+su(3)+2(g2+su(2))+so(7)+2 su(2)"	49	152	1	2	0	0	1	0	0	0	2
11	3	"f4+g2+su(2)+so(7)+2 su(2)"	"e6+f4+su(3)+g2+su(2)+so(7)+2 su(2)"	13	161	0	1	0	0	1	0	0	0	2
11	3	"f4+g2+su(2)+so(7)+2 su(2)"	"e6+f4+su(3)+g2+su(2)+so(7)+2 su(2)"	16	161	0	1	0	0	1	0	0	0	4
11	3	"f4+g2+su(2)+so(7)+2 su(2)"	"e7'+2 f4+g2+su(2)+so(7)+2 su(2)"	16	90	0	0	0	1	0	1	0	0	2
11	3	"f4+g2+su(2)+so(7)+2 su(2)"	"e7+2 f4+g2+su(2)+so(7)+2 su(2)"	17	62	0	0	0	1	0	0	1	0	2
11	3	"f4+g2+su(2)+so(7)+2 su(2)"	"e7'+e6+f4+g2+su(2)+so(7)+2 su(2)"	17	64	0	0	0	0	1	1	0	0	2
11	3	"f4+g2+su(2)+so(7)+2 su(2)"	"e7+e6+f4+g2+su(2)+so(7)+2 su(2)"	18	36	0	0	0	0	1	0	1	0	2
11	3	"f4+g2+su(2)+so(7)+2 su(2)"	"e7+e7'+f4+g2+su(2)+so(7)+2 su(2)"	19	9	0	0	0	0	0	1	1	0	2
11	3	"f4+g2+su(2)+so(7)+2 su(2)"	"e7'+f4+2(g2+su(2))+so(7)+2 su(2)"	16	133	1	1	0	0	0	1	0	0	11
11	3	"f4+g2+su(2)+so(7)+2 su(2)"	"e7'+f4+2(g2+su(2))+so(7)+2 su(2)"	17	133	1	1	0	0	0	1	0	0	14
11	3	"f4+g2+su(2)+so(7)+2 su(2)"	"e7'+f4+2(g2+su(2))+so(7)+2 su(2)"	18	133	1	1	0	0	0	1	0	0	2
11	3	"f4+g2+su(2)+so(7)+2 su(2)"	"e7'+f4+2(g2+su(2))+so(7)+2 su(2)"	19	133	1	1	0	0	0	1	0	0	3
11	3	"f4+g2+su(2)+so(7)+2 su(2)"	"e7'+f4+2(g2+su(2))+so(7)+2 su(2)"	20	133	1	1	0	0	0	1	0	0	3
11	3	"f4+g2+su(2)+so(7)+2 su(2)"	"e7'+f4+2(g2+su(2))+so(7)+2 su(2)"	28	133	1	1	0	0	0	1	0	0	2
11	3	"f4+g2+su(2)+so(7)+2 su(2)"	"e7'+f4+2(g2+su(2))+so(7)+2 su(2)"	29	133	1	1	0	0	0	1	0	0	2
11	3	"f4+g2+su(2)+so(7)+2 su(2)"	"e7'+f4+2(g2+su(2))+so(7)+2 su(2)"	39	133	1	1	0	0	0	1	0	0	4
11	3	"f4+g2+su(2)+so(7)+2 su(2)"	"e7'+f4+2(g2+su(2))+so(7)+2 su(2)"	44	133	1	1	0	0	0	1	0	0	2
11	3	"f4+g2+su(2)+so(7)+2 su(2)"	"e7'+f4+2(g2+su(2))+so(7)+2 su(2)"	62	133	1	1	0	0	0	1	0	0	2
11	3	"f4+g2+su(2)+so(7)+2 su(2)"	"e7+f4+2(g2+su(2))+so(7)+2 su(2)"	17	105	1	1	0	0	0	0	1	0	15
11	3	"f4+g2+su(2)+so(7)+2 su(2)"	"e7+f4+2(g2+su(2))+so(7)+2 su(2)"	18	105	1	1	0	0	0	0	1	0	12
11	3	"f4+g2+su(2)+so(7)+2 su(2)"	"e7+f4+2(g2+su(2))+so(7)+2 su(2)"	19	105	1	1	0	0	0	0	1	0	6
11	3	"f4+g2+su(2)+so(7)+2 su(2)"	"e7+f4+2(g2+su(2))+so(7)+2 su(2)"	20	105	1	1	0	0	0	0	1	0	14
11	3	"f4+g2+su(2)+so(7)+2 su(2)"	"e7+f4+2(g2+su(2))+so(7)+2 su(2)"	21	105	1	1	0	0	0	0	1	0	14
11	3	"f4+g2+su(2)+so(7)+2 su(2)"	"e7'+f4+2 su(3)+2(g2+su(2))+so(7)+2 su(2)"	26	117	1	3	0	0	0	1	0	0	3
11	3	"f4+g2+su(2)+so(7)+2 su(2)"	"e7+f4+2 su(3)+2(g2+su(2))+so(7)+2 su(2)"	21	89	1	3	0	0	0	0	1	0	3
11	3	"f4+g2+su(2)+so(7)+2 su(2)"	"e7'+f4+2 su(3)+g2+su(2)+so(7)+2 su(2)"	17	126	0	2	0	0	0	1	0	0	2
11	3	"f4+g2+su(2)+so(7)+2 su(2)"	"e7'+f4+2 su(3)+g2+su(2)+so(7)+2 su(2)"	23	126	0	2	0	0	0	1	0	0	2
11	3	"f4+g2+su(2)+so(7)+2 su(2)"	"e7'+f4+2 su(3)+g2+su(2)+so(7)+2 su(2)"	28	126	0	2	0	0	0	1	0	0	2
11	3	"f4+g2+su(2)+so(7)+2 su(2)"	"e7'+f4+2 su(3)+g2+su(2)+so(7)+2 su(2)"	31	126	0	2	0	0	0	1	0	0	2
11	3	"f4+g2+su(2)+so(7)+2 su(2)"	"e7'+f4+2 su(3)+g2+su(2)+so(7)+2 su(2)"	41	126	0	2	0	0	0	1	0	0	2
11	3	"f4+g2+su(2)+so(7)+2 su(2)"	"e7'+f4+2 su(3)+g2+su(2)+so(7)+2 su(2)"	54	126	0	2	0	0	0	1	0	0	2
11	3	"f4+g2+su(2)+so(7)+2 su(2)"	"e7+f4+2 su(3)+g2+su(2)+so(7)+2 su(2)"	18	98	0	2	0	0	0	0	1	0	2
11	3	"f4+g2+su(2)+so(7)+2 su(2)"	"e7+f4+2 su(3)+g2+su(2)+so(7)+2 su(2)"	20	98	0	2	0	0	0	0	1	0	4
11	3	"f4+g2+su(2)+so(7)+2 su(2)"	"e7+f4+2 su(3)+g2+su(2)+so(7)+2 su(2)"	21	98	0	2	0	0	0	0	1	0	9
11	3	"f4+g2+su(2)+so(7)+2 su(2)"	"e7'+f4+3(g2+su(2))+so(7)+2 su(2)"	28	124	2	2	0	0	0	1	0	0	2
11	3	"f4+g2+su(2)+so(7)+2 su(2)"	"e7+f4+3(g2+su(2))+so(7)+2 su(2)"	20	96	2	2	0	0	0	0	1	0	2
11	3	"f4+g2+su(2)+so(7)+2 su(2)"	"e7'+f4+3 su(3)+g2+su(2)+so(7)+2 su(2)"	20	118	0	3	0	0	0	1	0	0	2
11	3	"f4+g2+su(2)+so(7)+2 su(2)"	"e7+f4+3 su(3)+g2+su(2)+so(7)+2 su(2)"	19	90	0	3	0	0	0	0	1	0	2
11	3	"f4+g2+su(2)+so(7)+2 su(2)"	"e7+f4+3 su(3)+g2+su(2)+so(7)+2 su(2)"	21	90	0	3	0	0	0	0	1	0	2
11	3	"f4+g2+su(2)+so(7)+2 su(2)"	"e7'+f4+g2+su(2)+2(so(7)+2 su(2))"	28	131	2	1	0	0	0	1	0	0	2
11	3	"f4+g2+su(2)+so(7)+2 su(2)"	"e7'+f4+g2+su(2)+2(so(7)+2 su(2))"	39	131	2	1	0	0	0	1	0	0	2
11	3	"f4+g2+su(2)+so(7)+2 su(2)"	"e7'+f4+g2+su(2)+2(so(7)+2 su(2))"	68	131	2	1	0	0	0	1	0	0	2
11	3	"f4+g2+su(2)+so(7)+2 su(2)"	"e7+f4+g2+su(2)+2(so(7)+2 su(2))"	19	103	2	1	0	0	0	0	1	0	2
11	3	"f4+g2+su(2)+so(7)+2 su(2)"	"e7+f4+g2+su(2)+2(so(7)+2 su(2))"	20	103	2	1	0	0	0	0	1	0	2
11	3	"f4+g2+su(2)+so(7)+2 su(2)"	"e7+f4+g2+su(2)+2(so(7)+2 su(2))"	21	103	2	1	0	0	0	0	1	0	23
11	3	"f4+g2+su(2)+so(7)+2 su(2)"	"e7'+f4+g2+su(2)+so(7)+2 su(2)"	11	142	0	0	0	0	0	1	0	0	2
11	3	"f4+g2+su(2)+so(7)+2 su(2)"	"e7+f4+g2+su(2)+so(7)+2 su(2)"	11	114	0	0	0	0	0	0	1	0	2
11	3	"f4+g2+su(2)+so(7)+2 su(2)"	"e7'+f4+so(8)+g2+su(2)+so(7)+2 su(2)"	15	114	0	0	1	0	0	1	0	0	2
11	3	"f4+g2+su(2)+so(7)+2 su(2)"	"e7'+f4+so(8)+g2+su(2)+so(7)+2 su(2)"	20	114	0	0	1	0	0	1	0	0	2
11	3	"f4+g2+su(2)+so(7)+2 su(2)"	"e7+f4+so(8)+g2+su(2)+so(7)+2 su(2)"	16	86	0	0	1	0	0	0	1	0	2
11	3	"f4+g2+su(2)+so(7)+2 su(2)"	"e7+f4+so(8)+g2+su(2)+so(7)+2 su(2)"	19	86	0	0	1	0	0	0	1	0	2
11	3	"f4+g2+su(2)+so(7)+2 su(2)"	"e7'+f4+so(8)+su(3)+g2+su(2)+so(7)+2 su(2)"	18	106	0	1	1	0	0	1	0	0	2
11	3	"f4+g2+su(2)+so(7)+2 su(2)"	"e7+f4+so(8)+su(3)+g2+su(2)+so(7)+2 su(2)"	19	78	0	1	1	0	0	0	1	0	2
11	3	"f4+g2+su(2)+so(7)+2 su(2)"	"e7+f4+so(8)+su(3)+g2+su(2)+so(7)+2 su(2)"	21	78	0	1	1	0	0	0	1	0	2
11	3	"f4+g2+su(2)+so(7)+2 su(2)"	"e7'+f4+su(3)+2(g2+su(2))+so(7)+2 su(2)"	17	125	1	2	0	0	0	1	0	0	4
11	3	"f4+g2+su(2)+so(7)+2 su(2)"	"e7'+f4+su(3)+2(g2+su(2))+so(7)+2 su(2)"	18	125	1	2	0	0	0	1	0	0	18
11	3	"f4+g2+su(2)+so(7)+2 su(2)"	"e7'+f4+su(3)+2(g2+su(2))+so(7)+2 su(2)"	23	125	1	2	0	0	0	1	0	0	6
11	3	"f4+g2+su(2)+so(7)+2 su(2)"	"e7'+f4+su(3)+2(g2+su(2))+so(7)+2 su(2)"	28	125	1	2	0	0	0	1	0	0	2
11	3	"f4+g2+su(2)+so(7)+2 su(2)"	"e7'+f4+su(3)+2(g2+su(2))+so(7)+2 su(2)"	32	125	1	2	0	0	0	1	0	0	4
11	3	"f4+g2+su(2)+so(7)+2 su(2)"	"e7'+f4+su(3)+2(g2+su(2))+so(7)+2 su(2)"	47	125	1	2	0	0	0	1	0	0	4
11	3	"f4+g2+su(2)+so(7)+2 su(2)"	"e7'+f4+su(3)+2(g2+su(2))+so(7)+2 su(2)"	65	125	1	2	0	0	0	1	0	0	4
11	3	"f4+g2+su(2)+so(7)+2 su(2)"	"e7+f4+su(3)+2(g2+su(2))+so(7)+2 su(2)"	18	97	1	2	0	0	0	0	1	0	24
11	3	"f4+g2+su(2)+so(7)+2 su(2)"	"e7+f4+su(3)+2(g2+su(2))+so(7)+2 su(2)"	19	97	1	2	0	0	0	0	1	0	2
11	3	"f4+g2+su(2)+so(7)+2 su(2)"	"e7+f4+su(3)+2(g2+su(2))+so(7)+2 su(2)"	20	97	1	2	0	0	0	0	1	0	6
11	3	"f4+g2+su(2)+so(7)+2 su(2)"	"e7+f4+su(3)+2(g2+su(2))+so(7)+2 su(2)"	21	97	1	2	0	0	0	0	1	0	21
11	3	"f4+g2+su(2)+so(7)+2 su(2)"	"e7'+f4+su(3)+g2+su(2)+2(so(7)+2 su(2))"	31	123	2	2	0	0	0	1	0	0	2
11	3	"f4+g2+su(2)+so(7)+2 su(2)"	"e7'+f4+su(3)+g2+su(2)+2(so(7)+2 su(2))"	42	123	2	2	0	0	0	1	0	0	2
11	3	"f4+g2+su(2)+so(7)+2 su(2)"	"e7+f4+su(3)+g2+su(2)+2(so(7)+2 su(2))"	21	95	2	2	0	0	0	0	1	0	4
11	3	"f4+g2+su(2)+so(7)+2 su(2)"	"e7'+f4+su(3)+g2+su(2)+so(7)+2 su(2)"	14	134	0	1	0	0	0	1	0	0	2
11	3	"f4+g2+su(2)+so(7)+2 su(2)"	"e7'+f4+su(3)+g2+su(2)+so(7)+2 su(2)"	20	134	0	1	0	0	0	1	0	0	2
11	3	"f4+g2+su(2)+so(7)+2 su(2)"	"e7'+f4+su(3)+g2+su(2)+so(7)+2 su(2)"	28	134	0	1	0	0	0	1	0	0	2
11	3	"f4+g2+su(2)+so(7)+2 su(2)"	"e7'+f4+su(3)+g2+su(2)+so(7)+2 su(2)"	38	134	0	1	0	0	0	1	0	0	2
11	3	"f4+g2+su(2)+so(7)+2 su(2)"	"e7'+f4+su(3)+g2+su(2)+so(7)+2 su(2)"	51	134	0	1	0	0	0	1	0	0	2
11	3	"f4+g2+su(2)+so(7)+2 su(2)"	"e7+f4+su(3)+g2+su(2)+so(7)+2 su(2)"	15	106	0	1	0	0	0	0	1	0	2
11	3	"f4+g2+su(2)+so(7)+2 su(2)"	"e7+f4+su(3)+g2+su(2)+so(7)+2 su(2)"	18	106	0	1	0	0	0	0	1	0	2
11	3	"f4+g2+su(2)+so(7)+2 su(2)"	"e7+f4+su(3)+g2+su(2)+so(7)+2 su(2)"	20	106	0	1	0	0	0	0	1	0	4
11	3	"f4+g2+su(2)+so(7)+2 su(2)"	"e7+f4+su(3)+g2+su(2)+so(7)+2 su(2)"	21	106	0	1	0	0	0	0	1	0	2
11	3	"f4+g2+su(2)+so(7)+2 su(2)"	"e8+f4+2(g2+su(2))+so(7)+2 su(2)"	21	-10	1	1	0	0	0	0	0	1	11
11	3	"f4+g2+su(2)+so(7)+2 su(2)"	"e8+f4+2(g2+su(2))+so(7)+2 su(2)"	22	-10	1	1	0	0	0	0	0	1	12
11	3	"f4+g2+su(2)+so(7)+2 su(2)"	"e8+f4+2(g2+su(2))+so(7)+2 su(2)"	23	-10	1	1	0	0	0	0	0	1	2
11	3	"f4+g2+su(2)+so(7)+2 su(2)"	"e8+f4+2 su(3)+g2+su(2)+so(7)+2 su(2)"	22	-17	0	2	0	0	0	0	0	1	5
11	3	"f4+g2+su(2)+so(7)+2 su(2)"	"e8+f4+g2+su(2)+2(so(7)+2 su(2))"	21	-12	2	1	0	0	0	0	0	1	2
11	3	"f4+g2+su(2)+so(7)+2 su(2)"	"e8+f4+g2+su(2)+2(so(7)+2 su(2))"	22	-12	2	1	0	0	0	0	0	1	8
11	3	"f4+g2+su(2)+so(7)+2 su(2)"	"e8+f4+su(3)+2(g2+su(2))+so(7)+2 su(2)"	21	-18	1	2	0	0	0	0	0	1	12
11	3	"f4+g2+su(2)+so(7)+2 su(2)"	"e8+f4+su(3)+2(g2+su(2))+so(7)+2 su(2)"	22	-18	1	2	0	0	0	0	0	1	11
11	3	"f4+g2+su(2)+so(7)+2 su(2)"	"e8+f4+su(3)+g2+su(2)+so(7)+2 su(2)"	22	-9	0	1	0	0	0	0	0	1	3
11	3	"f4+g2+su(2)+so(7)+2 su(2)"	"f4+2(g2+su(2))+so(7)+2 su(2)"	11	238	1	1	0	0	0	0	0	0	2
11	3	"f4+g2+su(2)+so(7)+2 su(2)"	"f4+so(8)+g2+su(2)+so(7)+2 su(2)"	11	219	0	0	1	0	0	0	0	0	2
11	3	"f4+g2+su(2)+so(7)+2 su(2)"	"f4+so(8)+su(3)+g2+su(2)+so(7)+2 su(2)"	11	211	0	1	1	0	0	0	0	0	2
11	3	"f4+g2+su(2)+so(7)+2 su(2)"	"f4+su(3)+g2+su(2)+so(7)+2 su(2)"	11	239	0	1	0	0	0	0	0	0	3
11	4	"0"	"2 so(8)"	11	263	0	0	2	0	0	0	0	0	2
11	4	"0"	"e6"	11	241	0	0	0	0	1	0	0	0	3
11	4	"0"	"e6+f4"	12	189	0	0	0	1	1	0	0	0	2
11	4	"0"	"e6+f4+su(3)"	14	181	0	1	0	1	1	0	0	0	2
11	4	"0"	"e6+so(8)"	11	213	0	0	1	0	1	0	0	0	2
11	4	"0"	"e6+su(3)"	12	233	0	1	0	0	1	0	0	0	3
11	4	"0"	"e7"	11	186	0	0	0	0	0	0	1	0	2
11	4	"0"	"e7'"	11	214	0	0	0	0	0	1	0	0	2
11	4	"0"	"e7'+e6"	14	136	0	0	0	0	1	1	0	0	2
11	4	"0"	"e7+e6"	15	108	0	0	0	0	1	0	1	0	2
11	4	"0"	"e7+e7'"	16	81	0	0	0	0	0	1	1	0	2
11	4	"0"	"e7'+f4"	13	162	0	0	0	1	0	1	0	0	2
11	4	"0"	"e7+f4"	14	134	0	0	0	1	0	0	1	0	2
11	4	"0"	"e7'+g2+su(2)"	13	205	1	1	0	0	0	1	0	0	2
11	4	"0"	"e7+g2+su(2)"	14	177	1	1	0	0	0	0	1	0	2
11	4	"0"	"e7+g2+su(2)"	15	177	1	1	0	0	0	0	1	0	4
11	4	"0"	"e7'+so(8)"	12	186	0	0	1	0	0	1	0	0	2
11	4	"0"	"e7+so(8)"	13	158	0	0	1	0	0	0	1	0	2
11	4	"0"	"e7'+su(3)"	11	206	0	1	0	0	0	1	0	0	2
11	4	"0"	"e7+su(3)"	12	178	0	1	0	0	0	0	1	0	2
11	4	"0"	"e8"	11	71	0	0	0	0	0	0	0	1	2
11	4	"0"	"e8+2(g2+su(2))"	20	53	2	2	0	0	0	0	0	1	4
11	4	"0"	"e8+2 so(8)"	20	15	0	0	2	0	0	0	0	1	2
11	4	"0"	"e8+2 su(3)"	19	55	0	2	0	0	0	0	0	1	2
11	4	"0"	"e8+2 su(3)"	20	55	0	2	0	0	0	0	0	1	16
11	4	"0"	"e8+2 su(3)+g2+su(2)"	20	46	1	3	0	0	0	0	0	1	6
11	4	"0"	"e8+3 su(3)"	20	47	0	3	0	0	0	0	0	1	6
11	4	"0"	"e8+4 su(3)"	21	39	0	4	0	0	0	0	0	1	2
11	4	"0"	"e8+e6"	19	-7	0	0	0	0	1	0	0	1	2
11	4	"0"	"e8+e6+su(3)"	21	-15	0	1	0	0	1	0	0	1	2
11	4	"0"	"e8+e7"	21	-62	0	0	0	0	0	0	1	1	2
11	4	"0"	"e8+e7'"	20	-34	0	0	0	0	0	1	0	1	2
11	4	"0"	"e8+f4"	18	19	0	0	0	1	0	0	0	1	2
11	4	"0"	"e8+f4+su(3)"	21	11	0	1	0	1	0	0	0	1	2
11	4	"0"	"e8+g2+su(2)"	19	62	1	1	0	0	0	0	0	1	2
11	4	"0"	"e8+g2+su(2)"	20	62	1	1	0	0	0	0	0	1	28
11	4	"0"	"e8+so(7)+2 su(2)"	20	60	2	1	0	0	0	0	0	1	32
11	4	"0"	"e8+so(8)"	17	43	0	0	1	0	0	0	0	1	2
11	4	"0"	"e8+so(8)"	20	43	0	0	1	0	0	0	0	1	2
11	4	"0"	"e8+so(8)+2 su(3)"	21	27	0	2	1	0	0	0	0	1	2
11	4	"0"	"e8+so(8)+g2+su(2)"	21	34	1	1	1	0	0	0	0	1	2
11	4	"0"	"e8+so(8)+su(3)"	20	35	0	1	1	0	0	0	0	1	4
11	4	"0"	"e8+so(8)+su(3)"	21	35	0	1	1	0	0	0	0	1	2
11	4	"0"	"e8+su(3)"	16	63	0	1	0	0	0	0	0	1	2
11	4	"0"	"e8+su(3)"	19	63	0	1	0	0	0	0	0	1	2
11	4	"0"	"e8+su(3)"	20	63	0	1	0	0	0	0	0	1	6
11	4	"0"	"e8+su(3)+g2+su(2)"	20	54	1	2	0	0	0	0	0	1	32
11	4	"0"	"e8+su(3)+so(7)+2 su(2)"	20	52	2	2	0	0	0	0	0	1	8
11	4	"0"	"f4"	11	267	0	0	0	1	0	0	0	0	2
11	5	"2 f4+su(3)+g2+su(2)"	"2 f4+2(g2+su(2))"	16	197	1	0	0	0	0	0	0	0	4
11	5	"2 f4+su(3)+g2+su(2)"	"2 f4+2(g2+su(2))"	17	197	1	0	0	0	0	0	0	0	3
11	5	"2 f4+su(3)+g2+su(2)"	"2 f4+2(g2+su(2))+so(7)+2 su(2)"	14	186	2	1	0	0	0	0	0	0	3
11	5	"2 f4+su(3)+g2+su(2)"	"2 f4+2 su(3)+2(g2+su(2))"	15	181	1	2	0	0	0	0	0	0	2
11	5	"2 f4+su(3)+g2+su(2)"	"2 f4+2 su(3)+g2+su(2)"	14	190	0	1	0	0	0	0	0	0	2
11	5	"2 f4+su(3)+g2+su(2)"	"2 f4+2 su(3)+g2+su(2)+so(7)+2 su(2)"	15	179	1	2	0	0	0	0	0	0	6
11	5	"2 f4+su(3)+g2+su(2)"	"2 f4+2 su(3)+g2+su(2)+so(7)+2 su(2)"	16	179	1	2	0	0	0	0	0	0	2
11	5	"2 f4+su(3)+g2+su(2)"	"2 f4+3(g2+su(2))"	14	188	1	1	0	0	0	0	0	0	11
11	5	"2 f4+su(3)+g2+su(2)"	"2 f4+3(g2+su(2))"	14	188	2	1	0	0	0	0	0	0	4
11	5	"2 f4+su(3)+g2+su(2)"	"2 f4+so(8)+2(g2+su(2))"	15	169	1	0	1	0	0	0	0	0	8
11	5	"2 f4+su(3)+g2+su(2)"	"2 f4+so(8)+2(g2+su(2))"	16	169	1	0	1	0	0	0	0	0	5
11	5	"2 f4+su(3)+g2+su(2)"	"2 f4+so(8)+2(g2+su(2))"	17	169	1	0	1	0	0	0	0	0	3
11	5	"2 f4+su(3)+g2+su(2)"	"2 f4+so(8)+2(g2+su(2))+so(7)+2 su(2)"	20	158	2	1	1	0	0	0	0	0	2
11	5	"2 f4+su(3)+g2+su(2)"	"2 f4+so(8)+3(g2+su(2))"	15	160	1	1	1	0	0	0	0	0	4
11	5	"2 f4+su(3)+g2+su(2)"	"2 f4+so(8)+3(g2+su(2))"	16	160	1	1	1	0	0	0	0	0	6
11	5	"2 f4+su(3)+g2+su(2)"	"2 f4+so(8)+su(3)+g2+su(2)+so(7)+2 su(2)"	15	159	1	1	1	0	0	0	0	0	3
11	5	"2 f4+su(3)+g2+su(2)"	"2 f4+so(8)+su(3)+g2+su(2)+so(7)+2 su(2)"	16	159	1	1	1	0	0	0	0	0	4
11	5	"2 f4+su(3)+g2+su(2)"	"2 f4+su(3)+2(g2+su(2))"	14	189	1	1	0	0	0	0	0	0	11
11	5	"2 f4+su(3)+g2+su(2)"	"2 f4+su(3)+3(g2+su(2))"	15	180	1	2	0	0	0	0	0	0	15
11	5	"2 f4+su(3)+g2+su(2)"	"2 f4+su(3)+3(g2+su(2))"	16	180	1	2	0	0	0	0	0	0	4
11	5	"2 f4+su(3)+g2+su(2)"	"2 f4+su(3)+g2+su(2)+so(7)+2 su(2)"	14	187	1	1	0	0	0	0	0	0	5
11	5	"2 f4+su(3)+g2+su(2)"	"3 f4+2(g2+su(2))"	16	145	1	0	0	1	0	0	0	0	11
11	5	"2 f4+su(3)+g2+su(2)"	"3 f4+2(g2+su(2))"	17	145	1	0	0	1	0	0	0	0	6
11	5	"2 f4+su(3)+g2+su(2)"	"3 f4+3(g2+su(2))"	16	136	1	1	0	1	0	0	0	0	8
11	5	"2 f4+su(3)+g2+su(2)"	"3 f4+3(g2+su(2))"	17	136	1	1	0	1	0	0	0	0	5
11	5	"2 f4+su(3)+g2+su(2)"	"3 f4+su(3)+g2+su(2)+so(7)+2 su(2)"	16	135	1	1	0	1	0	0	0	0	5
11	5	"2 f4+su(3)+g2+su(2)"	"3 f4+su(3)+g2+su(2)+so(7)+2 su(2)"	17	135	1	1	0	1	0	0	0	0	3
11	5	"2 f4+su(3)+g2+su(2)"	"3 f4+su(3)+g2+su(2)+so(7)+2 su(2)"	20	135	1	1	0	1	0	0	0	0	3
11	5	"2 f4+su(3)+g2+su(2)"	"e6+2 f4+2(g2+su(2))"	17	119	1	0	0	0	1	0	0	0	10
11	5	"2 f4+su(3)+g2+su(2)"	"e6+2 f4+3(g2+su(2))"	17	110	1	1	0	0	1	0	0	0	7
11	5	"2 f4+su(3)+g2+su(2)"	"e6+2 f4+su(3)+g2+su(2)+so(7)+2 su(2)"	17	109	1	1	0	0	1	0	0	0	3
11	5	"2 f4+su(3)+g2+su(2)"	"e6+2 f4+su(3)+g2+su(2)+so(7)+2 su(2)"	18	109	1	1	0	0	1	0	0	0	3
11	5	"2 f4+su(3)+g2+su(2)"	"e7'+2 f4+2(g2+su(2))"	18	92	1	0	0	0	0	1	0	0	5
11	5	"2 f4+su(3)+g2+su(2)"	"e7+2 f4+2(g2+su(2))"	18	64	1	0	0	0	0	0	1	0	5
11	5	"2 f4+su(3)+g2+su(2)"	"e7'+2 f4+3(g2+su(2))"	18	83	1	1	0	0	0	1	0	0	4
11	5	"2 f4+su(3)+g2+su(2)"	"e7+2 f4+3(g2+su(2))"	19	55	1	1	0	0	0	0	1	0	4
11	5	"2 f4+su(3)+g2+su(2)"	"e7'+2 f4+su(3)+g2+su(2)+so(7)+2 su(2)"	18	82	1	1	0	0	0	1	0	0	3
11	5	"2 f4+su(3)+g2+su(2)"	"e7+2 f4+su(3)+g2+su(2)+so(7)+2 su(2)"	19	54	1	1	0	0	0	0	1	0	3
11	6	"2 f4+2(g2+su(2))"	"2 f4+2(g2+su(2))+so(7)+2 su(2)"	14	186	2	1	0	0	0	0	0	0	2
11	6	"2 f4+2(g2+su(2))"	"2 f4+2 su(3)+2(g2+su(2))"	15	181	0	2	0	0	0	0	0	0	4
11	6	"2 f4+2(g2+su(2))"	"2 f4+3(g2+su(2))"	14	188	1	1	0	0	0	0	0	0	4
11	6	"2 f4+2(g2+su(2))"	"2 f4+su(3)+2(g2+su(2))"	14	189	0	1	0	0	0	0	0	0	3
11	7	"3 f4+su(3)+g2+su(2)"	"3 f4+2(g2+su(2))"	16	145	1	0	0	0	0	0	0	0	15
11	7	"3 f4+su(3)+g2+su(2)"	"3 f4+2(g2+su(2))"	17	145	1	0	0	0	0	0	0	0	3
11	7	"3 f4+su(3)+g2+su(2)"	"3 f4+su(3)+2(g2+su(2))"	16	137	1	1	0	0	0	0	0	0	7
11	9	"3 f4+3 su(3)"	"3 f4+2 su(3)+g2+su(2)"	16	138	1	0	0	0	0	0	0	0	2
11	9	"3 f4+3 su(3)"	"3 f4+su(3)+2(g2+su(2))"	16	137	2	0	0	0	0	0	0	0	3
11	10	"3 f4+2 su(3)"	"3 f4+2(g2+su(2))"	16	145	2	0	0	0	0	0	0	0	22
11	10	"3 f4+2 su(3)"	"3 f4+2(g2+su(2))"	20	145	2	0	0	0	0	0	0	0	2
11	10	"3 f4+2 su(3)"	"3 f4+2 su(3)+g2+su(2)"	15	138	1	1	0	0	0	0	0	0	2
11	10	"3 f4+2 su(3)"	"3 f4+2 su(3)+g2+su(2)"	16	138	1	1	0	0	0	0	0	0	16
11	10	"3 f4+2 su(3)"	"3 f4+2 su(3)+g2+su(2)"	17	138	1	1	0	0	0	0	0	0	12
11	10	"3 f4+2 su(3)"	"3 f4+2 su(3)+g2+su(2)"	19	138	1	1	0	0	0	0	0	0	2
11	10	"3 f4+2 su(3)"	"3 f4+2 su(3)+g2+su(2)"	21	138	1	1	0	0	0	0	0	0	2
11	10	"3 f4+2 su(3)"	"3 f4+2 su(3)+g2+su(2)"	23	138	1	1	0	0	0	0	0	0	2
11	10	"3 f4+2 su(3)"	"3 f4+3(g2+su(2))"	16	136	3	1	0	0	0	0	0	0	4
11	10	"3 f4+2 su(3)"	"3 f4+3 su(3)"	11	139	0	1	0	0	0	0	0	0	2
11	10	"3 f4+2 su(3)"	"3 f4+3 su(3)+g2+su(2)"	16	130	1	2	0	0	0	0	0	0	2
11	10	"3 f4+2 su(3)"	"3 f4+su(3)+2(g2+su(2))"	16	137	2	1	0	0	0	0	0	0	25
11	10	"3 f4+2 su(3)"	"3 f4+su(3)+2(g2+su(2))"	17	137	2	1	0	0	0	0	0	0	2
11	10	"3 f4+2 su(3)"	"3 f4+su(3)+g2+su(2)"	16	146	1	0	0	0	0	0	0	0	32
11	10	"3 f4+2 su(3)"	"3 f4+su(3)+g2+su(2)"	17	146	1	0	0	0	0	0	0	0	10
11	11	"f4+2(g2+su(2))"	"2 e6+f4+su(3)+2(g2+su(2))"	18	85	0	1	0	0	2	0	0	0	2
11	11	"f4+2(g2+su(2))"	"2 f4+2(g2+su(2))"	11	197	0	0	0	1	0	0	0	0	2
11	11	"f4+2(g2+su(2))"	"2 f4+2(g2+su(2))+so(7)+2 su(2)"	14	186	2	1	0	1	0	0	0	0	3
11	11	"f4+2(g2+su(2))"	"2 f4+2 su(3)+2(g2+su(2))"	15	181	0	2	0	1	0	0	0	0	10
11	11	"f4+2(g2+su(2))"	"2 f4+3(g2+su(2))"	14	188	1	1	0	1	0	0	0	0	19
11	11	"f4+2(g2+su(2))"	"2 f4+4(g2+su(2))"	15	179	2	2	0	1	0	0	0	0	2
11	11	"f4+2(g2+su(2))"	"2 f4+4(g2+su(2))"	16	179	2	2	0	1	0	0	0	0	4
11	11	"f4+2(g2+su(2))"	"2 f4+so(8)+2(g2+su(2))"	13	169	0	0	1	1	0	0	0	0	2
11	11	"f4+2(g2+su(2))"	"2 f4+so(8)+3(g2+su(2))"	15	160	1	1	1	1	0	0	0	0	4
11	11	"f4+2(g2+su(2))"	"2 f4+so(8)+3(g2+su(2))"	16	160	1	1	1	1	0	0	0	0	4
11	11	"f4+2(g2+su(2))"	"2 f4+so(8)+su(3)+2(g2+su(2))"	15	161	0	1	1	1	0	0	0	0	3
11	11	"f4+2(g2+su(2))"	"2 f4+so(8)+su(3)+2(g2+su(2))"	16	161	0	1	1	1	0	0	0	0	2
11	11	"f4+2(g2+su(2))"	"2 f4+su(3)+2(g2+su(2))"	12	189	0	1	0	1	0	0	0	0	2
11	11	"f4+2(g2+su(2))"	"2 f4+su(3)+2(g2+su(2))"	14	189	0	1	0	1	0	0	0	0	7
11	11	"f4+2(g2+su(2))"	"2 f4+su(3)+2(g2+su(2))+so(7)+2 su(2)"	16	178	2	2	0	1	0	0	0	0	3
11	11	"f4+2(g2+su(2))"	"2 f4+su(3)+3(g2+su(2))"	15	180	1	2	0	1	0	0	0	0	8
11	11	"f4+2(g2+su(2))"	"2 f4+su(3)+3(g2+su(2))"	16	180	1	2	0	1	0	0	0	0	3
11	11	"f4+2(g2+su(2))"	"3 f4+3(g2+su(2))"	16	136	1	1	0	2	0	0	0	0	5
11	11	"f4+2(g2+su(2))"	"e6+2 f4+2(g2+su(2))"	15	119	0	0	0	1	1	0	0	0	2
11	11	"f4+2(g2+su(2))"	"e6+2 f4+3(g2+su(2))"	17	110	1	1	0	1	1	0	0	0	5
11	11	"f4+2(g2+su(2))"	"e6+2 f4+su(3)+2(g2+su(2))"	17	111	0	1	0	1	1	0	0	0	3
11	11	"f4+2(g2+su(2))"	"e6+f4+2(g2+su(2))"	11	171	0	0	0	0	1	0	0	0	2
11	11	"f4+2(g2+su(2))"	"e6+f4+2(g2+su(2))+so(7)+2 su(2)"	15	160	2	1	0	0	1	0	0	0	13
11	11	"f4+2(g2+su(2))"	"e6+f4+2(g2+su(2))+so(7)+2 su(2)"	16	160	2	1	0	0	1	0	0	0	27
11	11	"f4+2(g2+su(2))"	"e6+f4+2(g2+su(2))+so(7)+2 su(2)"	17	160	2	1	0	0	1	0	0	0	9
11	11	"f4+2(g2+su(2))"	"e6+f4+2(g2+su(2))+so(7)+2 su(2)"	19	160	2	1	0	0	1	0	0	0	4
11	11	"f4+2(g2+su(2))"	"e6+f4+2(g2+su(2))+so(7)+2 su(2)"	20	160	2	1	0	0	1	0	0	0	2
11	11	"f4+2(g2+su(2))"	"e6+f4+2(g2+su(2))+so(7)+2 su(2)"	25	160	2	1	0	0	1	0	0	0	2
11	11	"f4+2(g2+su(2))"	"e6+f4+2 su(3)+2(g2+su(2))"	15	155	0	2	0	0	1	0	0	0	5
11	11	"f4+2(g2+su(2))"	"e6+f4+2 su(3)+2(g2+su(2))"	16	155	0	2	0	0	1	0	0	0	11
11	11	"f4+2(g2+su(2))"	"e6+f4+2 su(3)+2(g2+su(2))"	17	155	0	2	0	0	1	0	0	0	2
11	11	"f4+2(g2+su(2))"	"e6+f4+2 su(3)+2(g2+su(2))"	18	155	0	2	0	0	1	0	0	0	2
11	11	"f4+2(g2+su(2))"	"e6+f4+2 su(3)+2(g2+su(2))"	19	155	0	2	0	0	1	0	0	0	2
11	11	"f4+2(g2+su(2))"	"e6+f4+2 su(3)+2(g2+su(2))"	21	155	0	2	0	0	1	0	0	0	2
11	11	"f4+2(g2+su(2))"	"e6+f4+3(g2+su(2))"	15	162	1	1	0	0	1	0	0	0	30
11	11	"f4+2(g2+su(2))"	"e6+f4+3(g2+su(2))"	16	162	1	1	0	0	1	0	0	0	28
11	11	"f4+2(g2+su(2))"	"e6+f4+3(g2+su(2))"	17	162	1	1	0	0	1	0	0	0	9
11	11	"f4+2(g2+su(2))"	"e6+f4+3(g2+su(2))"	19	162	1	1	0	0	1	0	0	0	6
11	11	"f4+2(g2+su(2))"	"e6+f4+3(g2+su(2))"	21	162	1	1	0	0	1	0	0	0	3
11	11	"f4+2(g2+su(2))"	"e6+f4+3(g2+su(2))"	23	162	1	1	0	0	1	0	0	0	2
11	11	"f4+2(g2+su(2))"	"e6+f4+3(g2+su(2))"	24	162	1	1	0	0	1	0	0	0	2
11	11	"f4+2(g2+su(2))"	"e6+f4+3 su(3)+2(g2+su(2))"	20	147	0	3	0	0	1	0	0	0	2
11	11	"f4+2(g2+su(2))"	"e6+f4+4(g2+su(2))"	16	153	2	2	0	0	1	0	0	0	3
11	11	"f4+2(g2+su(2))"	"e6+f4+4(g2+su(2))"	20	153	2	2	0	0	1	0	0	0	2
11	11	"f4+2(g2+su(2))"	"e6+f4+so(8)+2(g2+su(2))"	14	143	0	0	1	0	1	0	0	0	2
11	11	"f4+2(g2+su(2))"	"e6+f4+so(8)+3(g2+su(2))"	16	134	1	1	1	0	1	0	0	0	4
11	11	"f4+2(g2+su(2))"	"e6+f4+so(8)+3(g2+su(2))"	17	134	1	1	1	0	1	0	0	0	2
11	11	"f4+2(g2+su(2))"	"e6+f4+so(8)+su(3)+2(g2+su(2))"	16	135	0	1	1	0	1	0	0	0	4
11	11	"f4+2(g2+su(2))"	"e6+f4+so(8)+su(3)+2(g2+su(2))"	17	135	0	1	1	0	1	0	0	0	3
11	11	"f4+2(g2+su(2))"	"e6+f4+so(8)+su(3)+2(g2+su(2))"	20	135	0	1	1	0	1	0	0	0	2
11	11	"f4+2(g2+su(2))"	"e6+f4+su(3)+2(g2+su(2))"	13	163	0	1	0	0	1	0	0	0	2
11	11	"f4+2(g2+su(2))"	"e6+f4+su(3)+2(g2+su(2))"	15	163	0	1	0	0	1	0	0	0	9
11	11	"f4+2(g2+su(2))"	"e6+f4+su(3)+2(g2+su(2))"	16	163	0	1	0	0	1	0	0	0	8
11	11	"f4+2(g2+su(2))"	"e6+f4+su(3)+2(g2+su(2))"	18	163	0	1	0	0	1	0	0	0	3
11	11	"f4+2(g2+su(2))"	"e6+f4+su(3)+2(g2+su(2))+so(7)+2 su(2)"	20	152	2	2	0	0	1	0	0	0	2
11	11	"f4+2(g2+su(2))"	"e6+f4+su(3)+2(g2+su(2))+so(7)+2 su(2)"	23	152	2	2	0	0	1	0	0	0	2
11	11	"f4+2(g2+su(2))"	"e6+f4+su(3)+3(g2+su(2))"	16	154	1	2	0	0	1	0	0	0	15
11	11	"f4+2(g2+su(2))"	"e6+f4+su(3)+3(g2+su(2))"	17	154	1	2	0	0	1	0	0	0	5
11	11	"f4+2(g2+su(2))"	"e6+f4+su(3)+3(g2+su(2))"	20	154	1	2	0	0	1	0	0	0	14
11	11	"f4+2(g2+su(2))"	"e6+f4+su(3)+3(g2+su(2))"	21	154	1	2	0	0	1	0	0	0	8
11	11	"f4+2(g2+su(2))"	"e6+f4+su(3)+3(g2+su(2))"	22	154	1	2	0	0	1	0	0	0	6
11	11	"f4+2(g2+su(2))"	"e6+f4+su(3)+3(g2+su(2))"	24	154	1	2	0	0	1	0	0	0	4
11	11	"f4+2(g2+su(2))"	"e6+f4+su(3)+3(g2+su(2))"	26	154	1	2	0	0	1	0	0	0	2
11	11	"f4+2(g2+su(2))"	"e6+f4+su(3)+3(g2+su(2))"	27	154	1	2	0	0	1	0	0	0	4
11	11	"f4+2(g2+su(2))"	"e7'+2 f4+2(g2+su(2))"	16	92	0	0	0	1	0	1	0	0	2
11	11	"f4+2(g2+su(2))"	"e7+2 f4+2(g2+su(2))"	17	64	0	0	0	1	0	0	1	0	2
11	11	"f4+2(g2+su(2))"	"e7'+2 f4+su(3)+2(g2+su(2))"	18	84	0	1	0	1	0	1	0	0	3
11	11	"f4+2(g2+su(2))"	"e7+2 f4+su(3)+2(g2+su(2))"	19	56	0	1	0	1	0	0	1	0	3
11	11	"f4+2(g2+su(2))"	"e7'+e6+f4+2(g2+su(2))"	17	66	0	0	0	0	1	1	0	0	2
11	11	"f4+2(g2+su(2))"	"e7+e6+f4+2(g2+su(2))"	18	38	0	0	0	0	1	0	1	0	2
11	11	"f4+2(g2+su(2))"	"e7'+e6+f4+su(3)+2(g2+su(2))"	19	58	0	1	0	0	1	1	0	0	2
11	11	"f4+2(g2+su(2))"	"e7+e6+f4+su(3)+2(g2+su(2))"	20	30	0	1	0	0	1	0	1	0	2
11	11	"f4+2(g2+su(2))"	"e7+e7'+f4+2(g2+su(2))"	19	11	0	0	0	0	0	1	1	0	2
11	11	"f4+2(g2+su(2))"	"e7'+f4+2(g2+su(2))"	11	144	0	0	0	0	0	1	0	0	2
11	11	"f4+2(g2+su(2))"	"e7+f4+2(g2+su(2))"	11	116	0	0	0	0	0	0	1	0	2
11	11	"f4+2(g2+su(2))"	"e7'+f4+2(g2+su(2))+so(7)+2 su(2)"	16	133	2	1	0	0	0	1	0	0	19
11	11	"f4+2(g2+su(2))"	"e7'+f4+2(g2+su(2))+so(7)+2 su(2)"	17	133	2	1	0	0	0	1	0	0	19
11	11	"f4+2(g2+su(2))"	"e7'+f4+2(g2+su(2))+so(7)+2 su(2)"	18	133	2	1	0	0	0	1	0	0	7
11	11	"f4+2(g2+su(2))"	"e7'+f4+2(g2+su(2))+so(7)+2 su(2)"	20	133	2	1	0	0	0	1	0	0	5
11	11	"f4+2(g2+su(2))"	"e7'+f4+2(g2+su(2))+so(7)+2 su(2)"	28	133	2	1	0	0	0	1	0	0	2
11	11	"f4+2(g2+su(2))"	"e7'+f4+2(g2+su(2))+so(7)+2 su(2)"	39	133	2	1	0	0	0	1	0	0	2
11	11	"f4+2(g2+su(2))"	"e7'+f4+2(g2+su(2))+so(7)+2 su(2)"	52	133	2	1	0	0	0	1	0	0	2
11	11	"f4+2(g2+su(2))"	"e7'+f4+2(g2+su(2))+so(7)+2 su(2)"	56	133	2	1	0	0	0	1	0	0	2
11	11	"f4+2(g2+su(2))"	"e7+f4+2(g2+su(2))+so(7)+2 su(2)"	17	105	2	1	0	0	0	0	1	0	30
11	11	"f4+2(g2+su(2))"	"e7+f4+2(g2+su(2))+so(7)+2 su(2)"	18	105	2	1	0	0	0	0	1	0	17
11	11	"f4+2(g2+su(2))"	"e7+f4+2(g2+su(2))+so(7)+2 su(2)"	19	105	2	1	0	0	0	0	1	0	9
11	11	"f4+2(g2+su(2))"	"e7+f4+2(g2+su(2))+so(7)+2 su(2)"	20	105	2	1	0	0	0	0	1	0	2
11	11	"f4+2(g2+su(2))"	"e7+f4+2(g2+su(2))+so(7)+2 su(2)"	21	105	2	1	0	0	0	0	1	0	25
11	11	"f4+2(g2+su(2))"	"e7'+f4+2 su(3)+2(g2+su(2))"	16	128	0	2	0	0	0	1	0	0	3
11	11	"f4+2(g2+su(2))"	"e7'+f4+2 su(3)+2(g2+su(2))"	17	128	0	2	0	0	0	1	0	0	5
11	11	"f4+2(g2+su(2))"	"e7'+f4+2 su(3)+2(g2+su(2))"	18	128	0	2	0	0	0	1	0	0	3
11	11	"f4+2(g2+su(2))"	"e7'+f4+2 su(3)+2(g2+su(2))"	20	128	0	2	0	0	0	1	0	0	4
11	11	"f4+2(g2+su(2))"	"e7'+f4+2 su(3)+2(g2+su(2))"	23	128	0	2	0	0	0	1	0	0	2
11	11	"f4+2(g2+su(2))"	"e7'+f4+2 su(3)+2(g2+su(2))"	28	128	0	2	0	0	0	1	0	0	2
11	11	"f4+2(g2+su(2))"	"e7'+f4+2 su(3)+2(g2+su(2))"	31	128	0	2	0	0	0	1	0	0	2
11	11	"f4+2(g2+su(2))"	"e7'+f4+2 su(3)+2(g2+su(2))"	36	128	0	2	0	0	0	1	0	0	2
11	11	"f4+2(g2+su(2))"	"e7'+f4+2 su(3)+2(g2+su(2))"	41	128	0	2	0	0	0	1	0	0	2
11	11	"f4+2(g2+su(2))"	"e7+f4+2 su(3)+2(g2+su(2))"	17	100	0	2	0	0	0	0	1	0	4
11	11	"f4+2(g2+su(2))"	"e7+f4+2 su(3)+2(g2+su(2))"	18	100	0	2	0	0	0	0	1	0	9
11	11	"f4+2(g2+su(2))"	"e7+f4+2 su(3)+2(g2+su(2))"	19	100	0	2	0	0	0	0	1	0	2
11	11	"f4+2(g2+su(2))"	"e7+f4+2 su(3)+2(g2+su(2))"	20	100	0	2	0	0	0	0	1	0	5
11	11	"f4+2(g2+su(2))"	"e7+f4+2 su(3)+2(g2+su(2))"	21	100	0	2	0	0	0	0	1	0	10
11	11	"f4+2(g2+su(2))"	"e7'+f4+2 su(3)+3(g2+su(2))"	26	119	1	3	0	0	0	1	0	0	3
11	11	"f4+2(g2+su(2))"	"e7+f4+2 su(3)+3(g2+su(2))"	21	91	1	3	0	0	0	0	1	0	3
11	11	"f4+2(g2+su(2))"	"e7+f4+2 su(3)+3(g2+su(2))"	27	91	1	3	0	0	0	0	1	0	3
11	11	"f4+2(g2+su(2))"	"e7'+f4+3(g2+su(2))"	16	135	1	1	0	0	0	1	0	0	27
11	11	"f4+2(g2+su(2))"	"e7'+f4+3(g2+su(2))"	17	135	1	1	0	0	0	1	0	0	18
11	11	"f4+2(g2+su(2))"	"e7'+f4+3(g2+su(2))"	18	135	1	1	0	0	0	1	0	0	2
11	11	"f4+2(g2+su(2))"	"e7'+f4+3(g2+su(2))"	20	135	1	1	0	0	0	1	0	0	9
11	11	"f4+2(g2+su(2))"	"e7'+f4+3(g2+su(2))"	21	135	1	1	0	0	0	1	0	0	5
11	11	"f4+2(g2+su(2))"	"e7'+f4+3(g2+su(2))"	23	135	1	1	0	0	0	1	0	0	2
11	11	"f4+2(g2+su(2))"	"e7'+f4+3(g2+su(2))"	28	135	1	1	0	0	0	1	0	0	2
11	11	"f4+2(g2+su(2))"	"e7'+f4+3(g2+su(2))"	29	135	1	1	0	0	0	1	0	0	2
11	11	"f4+2(g2+su(2))"	"e7'+f4+3(g2+su(2))"	39	135	1	1	0	0	0	1	0	0	4
11	11	"f4+2(g2+su(2))"	"e7'+f4+3(g2+su(2))"	44	135	1	1	0	0	0	1	0	0	2
11	11	"f4+2(g2+su(2))"	"e7'+f4+3(g2+su(2))"	55	135	1	1	0	0	0	1	0	0	2
11	11	"f4+2(g2+su(2))"	"e7'+f4+3(g2+su(2))"	62	135	1	1	0	0	0	1	0	0	2
11	11	"f4+2(g2+su(2))"	"e7+f4+3(g2+su(2))"	17	107	1	1	0	0	0	0	1	0	38
11	11	"f4+2(g2+su(2))"	"e7+f4+3(g2+su(2))"	18	107	1	1	0	0	0	0	1	0	18
11	11	"f4+2(g2+su(2))"	"e7+f4+3(g2+su(2))"	19	107	1	1	0	0	0	0	1	0	8
11	11	"f4+2(g2+su(2))"	"e7+f4+3(g2+su(2))"	20	107	1	1	0	0	0	0	1	0	12
11	11	"f4+2(g2+su(2))"	"e7+f4+3(g2+su(2))"	21	107	1	1	0	0	0	0	1	0	15
11	11	"f4+2(g2+su(2))"	"e7+f4+3(g2+su(2))"	22	107	1	1	0	0	0	0	1	0	3
11	11	"f4+2(g2+su(2))"	"e7'+f4+3 su(3)+2(g2+su(2))"	18	120	0	3	0	0	0	1	0	0	3
11	11	"f4+2(g2+su(2))"	"e7'+f4+3 su(3)+2(g2+su(2))"	20	120	0	3	0	0	0	1	0	0	2
11	11	"f4+2(g2+su(2))"	"e7+f4+3 su(3)+2(g2+su(2))"	18	92	0	3	0	0	0	0	1	0	4
11	11	"f4+2(g2+su(2))"	"e7+f4+3 su(3)+2(g2+su(2))"	19	92	0	3	0	0	0	0	1	0	2
11	11	"f4+2(g2+su(2))"	"e7+f4+3 su(3)+2(g2+su(2))"	21	92	0	3	0	0	0	0	1	0	2
11	11	"f4+2(g2+su(2))"	"e7'+f4+4(g2+su(2))"	17	126	2	2	0	0	0	1	0	0	2
11	11	"f4+2(g2+su(2))"	"e7'+f4+4(g2+su(2))"	28	126	2	2	0	0	0	1	0	0	2
11	11	"f4+2(g2+su(2))"	"e7+f4+4(g2+su(2))"	18	98	2	2	0	0	0	0	1	0	2
11	11	"f4+2(g2+su(2))"	"e7+f4+4(g2+su(2))"	20	98	2	2	0	0	0	0	1	0	2
11	11	"f4+2(g2+su(2))"	"e7'+f4+so(8)+2(g2+su(2))"	15	116	0	0	1	0	0	1	0	0	2
11	11	"f4+2(g2+su(2))"	"e7'+f4+so(8)+2(g2+su(2))"	20	116	0	0	1	0	0	1	0	0	2
11	11	"f4+2(g2+su(2))"	"e7+f4+so(8)+2(g2+su(2))"	16	88	0	0	1	0	0	0	1	0	2
11	11	"f4+2(g2+su(2))"	"e7+f4+so(8)+2(g2+su(2))"	19	88	0	0	1	0	0	0	1	0	2
11	11	"f4+2(g2+su(2))"	"e7'+f4+so(8)+3(g2+su(2))"	17	107	1	1	1	0	0	1	0	0	4
11	11	"f4+2(g2+su(2))"	"e7+f4+so(8)+3(g2+su(2))"	18	79	1	1	1	0	0	0	1	0	4
11	11	"f4+2(g2+su(2))"	"e7'+f4+so(8)+su(3)+2(g2+su(2))"	17	108	0	1	1	0	0	1	0	0	5
11	11	"f4+2(g2+su(2))"	"e7'+f4+so(8)+su(3)+2(g2+su(2))"	18	108	0	1	1	0	0	1	0	0	3
11	11	"f4+2(g2+su(2))"	"e7+f4+so(8)+su(3)+2(g2+su(2))"	18	80	0	1	1	0	0	0	1	0	6
11	11	"f4+2(g2+su(2))"	"e7+f4+so(8)+su(3)+2(g2+su(2))"	19	80	0	1	1	0	0	0	1	0	2
11	11	"f4+2(g2+su(2))"	"e7+f4+so(8)+su(3)+2(g2+su(2))"	21	80	0	1	1	0	0	0	1	0	2
11	11	"f4+2(g2+su(2))"	"e7'+f4+su(3)+2(g2+su(2))"	14	136	0	1	0	0	0	1	0	0	2
11	11	"f4+2(g2+su(2))"	"e7'+f4+su(3)+2(g2+su(2))"	16	136	0	1	0	0	0	1	0	0	7
11	11	"f4+2(g2+su(2))"	"e7'+f4+su(3)+2(g2+su(2))"	17	136	0	1	0	0	0	1	0	0	4
11	11	"f4+2(g2+su(2))"	"e7'+f4+su(3)+2(g2+su(2))"	20	136	0	1	0	0	0	1	0	0	2
11	11	"f4+2(g2+su(2))"	"e7'+f4+su(3)+2(g2+su(2))"	28	136	0	1	0	0	0	1	0	0	2
11	11	"f4+2(g2+su(2))"	"e7'+f4+su(3)+2(g2+su(2))"	38	136	0	1	0	0	0	1	0	0	2
11	11	"f4+2(g2+su(2))"	"e7+f4+su(3)+2(g2+su(2))"	15	108	0	1	0	0	0	0	1	0	2
11	11	"f4+2(g2+su(2))"	"e7+f4+su(3)+2(g2+su(2))"	17	108	0	1	0	0	0	0	1	0	10
11	11	"f4+2(g2+su(2))"	"e7+f4+su(3)+2(g2+su(2))"	18	108	0	1	0	0	0	0	1	0	3
11	11	"f4+2(g2+su(2))"	"e7+f4+su(3)+2(g2+su(2))"	20	108	0	1	0	0	0	0	1	0	4
11	11	"f4+2(g2+su(2))"	"e7+f4+su(3)+2(g2+su(2))"	21	108	0	1	0	0	0	0	1	0	2
11	11	"f4+2(g2+su(2))"	"e7'+f4+su(3)+2(g2+su(2))+so(7)+2 su(2)"	17	125	2	2	0	0	0	1	0	0	2
11	11	"f4+2(g2+su(2))"	"e7'+f4+su(3)+2(g2+su(2))+so(7)+2 su(2)"	18	125	2	2	0	0	0	1	0	0	2
11	11	"f4+2(g2+su(2))"	"e7'+f4+su(3)+2(g2+su(2))+so(7)+2 su(2)"	19	125	2	2	0	0	0	1	0	0	2
11	11	"f4+2(g2+su(2))"	"e7'+f4+su(3)+2(g2+su(2))+so(7)+2 su(2)"	31	125	2	2	0	0	0	1	0	0	2
11	11	"f4+2(g2+su(2))"	"e7'+f4+su(3)+2(g2+su(2))+so(7)+2 su(2)"	42	125	2	2	0	0	0	1	0	0	2
11	11	"f4+2(g2+su(2))"	"e7+f4+su(3)+2(g2+su(2))+so(7)+2 su(2)"	18	97	2	2	0	0	0	0	1	0	6
11	11	"f4+2(g2+su(2))"	"e7+f4+su(3)+2(g2+su(2))+so(7)+2 su(2)"	21	97	2	2	0	0	0	0	1	0	4
11	11	"f4+2(g2+su(2))"	"e7+f4+su(3)+2(g2+su(2))+so(7)+2 su(2)"	24	97	2	2	0	0	0	0	1	0	2
11	11	"f4+2(g2+su(2))"	"e7'+f4+su(3)+3(g2+su(2))"	16	127	1	2	0	0	0	1	0	0	5
11	11	"f4+2(g2+su(2))"	"e7'+f4+su(3)+3(g2+su(2))"	17	127	1	2	0	0	0	1	0	0	16
11	11	"f4+2(g2+su(2))"	"e7'+f4+su(3)+3(g2+su(2))"	18	127	1	2	0	0	0	1	0	0	26
11	11	"f4+2(g2+su(2))"	"e7'+f4+su(3)+3(g2+su(2))"	19	127	1	2	0	0	0	1	0	0	4
11	11	"f4+2(g2+su(2))"	"e7'+f4+su(3)+3(g2+su(2))"	20	127	1	2	0	0	0	1	0	0	4
11	11	"f4+2(g2+su(2))"	"e7'+f4+su(3)+3(g2+su(2))"	23	127	1	2	0	0	0	1	0	0	4
11	11	"f4+2(g2+su(2))"	"e7'+f4+su(3)+3(g2+su(2))"	28	127	1	2	0	0	0	1	0	0	2
11	11	"f4+2(g2+su(2))"	"e7'+f4+su(3)+3(g2+su(2))"	32	127	1	2	0	0	0	1	0	0	4
11	11	"f4+2(g2+su(2))"	"e7'+f4+su(3)+3(g2+su(2))"	47	127	1	2	0	0	0	1	0	0	4
11	11	"f4+2(g2+su(2))"	"e7'+f4+su(3)+3(g2+su(2))"	65	127	1	2	0	0	0	1	0	0	4
11	11	"f4+2(g2+su(2))"	"e7+f4+su(3)+3(g2+su(2))"	17	99	1	2	0	0	0	0	1	0	9
11	11	"f4+2(g2+su(2))"	"e7+f4+su(3)+3(g2+su(2))"	18	99	1	2	0	0	0	0	1	0	42
11	11	"f4+2(g2+su(2))"	"e7+f4+su(3)+3(g2+su(2))"	19	99	1	2	0	0	0	0	1	0	5
11	11	"f4+2(g2+su(2))"	"e7+f4+su(3)+3(g2+su(2))"	20	99	1	2	0	0	0	0	1	0	7
11	11	"f4+2(g2+su(2))"	"e7+f4+su(3)+3(g2+su(2))"	21	99	1	2	0	0	0	0	1	0	23
11	11	"f4+2(g2+su(2))"	"e8+f4+2(g2+su(2))+so(7)+2 su(2)"	21	-10	2	1	0	0	0	0	0	1	24
11	11	"f4+2(g2+su(2))"	"e8+f4+2(g2+su(2))+so(7)+2 su(2)"	22	-10	2	1	0	0	0	0	0	1	12
11	11	"f4+2(g2+su(2))"	"e8+f4+2 su(3)+2(g2+su(2))"	21	-15	0	2	0	0	0	0	0	1	8
11	11	"f4+2(g2+su(2))"	"e8+f4+2 su(3)+2(g2+su(2))"	22	-15	0	2	0	0	0	0	0	1	5
11	11	"f4+2(g2+su(2))"	"e8+f4+3(g2+su(2))"	21	-8	1	1	0	0	0	0	0	1	25
11	11	"f4+2(g2+su(2))"	"e8+f4+3(g2+su(2))"	22	-8	1	1	0	0	0	0	0	1	11
11	11	"f4+2(g2+su(2))"	"e8+f4+3 su(3)+2(g2+su(2))"	22	-23	0	3	0	0	0	0	0	1	2
11	11	"f4+2(g2+su(2))"	"e8+f4+so(8)+su(3)+2(g2+su(2))"	22	-35	0	1	1	0	0	0	0	1	3
11	11	"f4+2(g2+su(2))"	"e8+f4+su(3)+2(g2+su(2))"	21	-7	0	1	0	0	0	0	0	1	6
11	11	"f4+2(g2+su(2))"	"e8+f4+su(3)+2(g2+su(2))"	22	-7	0	1	0	0	0	0	0	1	3
11	11	"f4+2(g2+su(2))"	"e8+f4+su(3)+2(g2+su(2))+so(7)+2 su(2)"	22	-18	2	2	0	0	0	0	0	1	2
11	11	"f4+2(g2+su(2))"	"e8+f4+su(3)+3(g2+su(2))"	21	-16	1	2	0	0	0	0	0	1	14
11	11	"f4+2(g2+su(2))"	"e8+f4+su(3)+3(g2+su(2))"	22	-16	1	2	0	0	0	0	0	1	19
11	11	"f4+2(g2+su(2))"	"f4+2 so(8)+3(g2+su(2))"	15	184	1	1	2	0	0	0	0	0	4
11	11	"f4+2(g2+su(2))"	"f4+2 so(8)+su(3)+2(g2+su(2))"	14	185	0	1	2	0	0	0	0	0	3
11	11	"f4+2(g2+su(2))"	"f4+2 so(8)+su(3)+2(g2+su(2))"	15	185	0	1	2	0	0	0	0	0	3
11	11	"f4+2(g2+su(2))"	"f4+2 su(3)+2(g2+su(2))"	12	233	0	2	0	0	0	0	0	0	2
11	11	"f4+2(g2+su(2))"	"f4+3(g2+su(2))"	11	240	1	1	0	0	0	0	0	0	2
11	11	"f4+2(g2+su(2))"	"f4+3(g2+su(2))"	12	240	1	1	0	0	0	0	0	0	4
11	11	"f4+2(g2+su(2))"	"f4+so(8)+2(g2+su(2))"	11	221	0	0	1	0	0	0	0	0	2
11	11	"f4+2(g2+su(2))"	"f4+so(8)+3(g2+su(2))"	13	212	1	1	1	0	0	0	0	0	3
11	11	"f4+2(g2+su(2))"	"f4+so(8)+su(3)+2(g2+su(2))"	11	213	0	1	1	0	0	0	0	0	2
11	11	"f4+2(g2+su(2))"	"f4+so(8)+su(3)+2(g2+su(2))"	13	213	0	1	1	0	0	0	0	0	7
11	11	"f4+2(g2+su(2))"	"f4+su(3)+2(g2+su(2))"	11	241	0	1	0	0	0	0	0	0	4
11	11	"f4+2(g2+su(2))"	"f4+su(3)+2(g2+su(2))"	12	241	0	1	0	0	0	0	0	0	2
11	12	"2 f4+su(3)+g2+su(2)"	"2 f4+2(g2+su(2))"	16	197	1	0	0	0	0	0	0	0	11
11	12	"2 f4+su(3)+g2+su(2)"	"2 f4+2(g2+su(2))"	17	197	1	0	0	0	0	0	0	0	10
11	12	"2 f4+su(3)+g2+su(2)"	"2 f4+2(g2+su(2))"	18	197	1	0	0	0	0	0	0	0	2
11	12	"2 f4+su(3)+g2+su(2)"	"2 f4+2(g2+su(2))+so(7)+2 su(2)"	14	186	3	1	0	0	0	0	0	0	2
11	12	"2 f4+su(3)+g2+su(2)"	"2 f4+2 su(3)+2(g2+su(2))"	14	181	1	2	0	0	0	0	0	0	6
11	12	"2 f4+su(3)+g2+su(2)"	"2 f4+2 su(3)+2(g2+su(2))"	15	181	1	2	0	0	0	0	0	0	70
11	12	"2 f4+su(3)+g2+su(2)"	"2 f4+2 su(3)+g2+su(2)"	11	190	0	1	0	0	0	0	0	0	3
11	12	"2 f4+su(3)+g2+su(2)"	"2 f4+2 su(3)+g2+su(2)"	13	190	0	1	0	0	0	0	0	0	2
11	12	"2 f4+su(3)+g2+su(2)"	"2 f4+2 su(3)+g2+su(2)"	14	190	0	1	0	0	0	0	0	0	2
11	12	"2 f4+su(3)+g2+su(2)"	"2 f4+2 su(3)+g2+su(2)+so(7)+2 su(2)"	15	179	2	2	0	0	0	0	0	0	4
11	12	"2 f4+su(3)+g2+su(2)"	"2 f4+2 su(3)+g2+su(2)+so(7)+2 su(2)"	16	179	2	2	0	0	0	0	0	0	8
11	12	"2 f4+su(3)+g2+su(2)"	"2 f4+3(g2+su(2))"	14	188	2	1	0	0	0	0	0	0	80
11	12	"2 f4+su(3)+g2+su(2)"	"2 f4+3 su(3)+2(g2+su(2))"	15	173	1	3	0	0	0	0	0	0	2
11	12	"2 f4+su(3)+g2+su(2)"	"2 f4+3 su(3)+2(g2+su(2))"	17	173	1	3	0	0	0	0	0	0	2
11	12	"2 f4+su(3)+g2+su(2)"	"2 f4+3 su(3)+2(g2+su(2))"	23	173	1	3	0	0	0	0	0	0	2
11	12	"2 f4+su(3)+g2+su(2)"	"2 f4+3 su(3)+g2+su(2)"	12	182	0	2	0	0	0	0	0	0	2
11	12	"2 f4+su(3)+g2+su(2)"	"2 f4+3 su(3)+g2+su(2)"	14	182	0	2	0	0	0	0	0	0	4
11	12	"2 f4+su(3)+g2+su(2)"	"2 f4+3 su(3)+g2+su(2)"	15	182	0	2	0	0	0	0	0	0	9
11	12	"2 f4+su(3)+g2+su(2)"	"2 f4+4 su(3)+g2+su(2)"	15	174	0	3	0	0	0	0	0	0	3
11	12	"2 f4+su(3)+g2+su(2)"	"2 f4+4 su(3)+g2+su(2)"	17	174	0	3	0	0	0	0	0	0	2
11	12	"2 f4+su(3)+g2+su(2)"	"2 f4+so(8)+2(g2+su(2))"	15	169	1	0	1	0	0	0	0	0	20
11	12	"2 f4+su(3)+g2+su(2)"	"2 f4+so(8)+2(g2+su(2))"	16	169	1	0	1	0	0	0	0	0	13
11	12	"2 f4+su(3)+g2+su(2)"	"2 f4+so(8)+2(g2+su(2))"	17	169	1	0	1	0	0	0	0	0	5
11	12	"2 f4+su(3)+g2+su(2)"	"2 f4+so(8)+2 su(3)+2(g2+su(2))"	16	153	1	2	1	0	0	0	0	0	2
11	12	"2 f4+su(3)+g2+su(2)"	"2 f4+so(8)+2 su(3)+2(g2+su(2))"	19	153	1	2	1	0	0	0	0	0	2
11	12	"2 f4+su(3)+g2+su(2)"	"2 f4+so(8)+2 su(3)+g2+su(2)"	13	162	0	1	1	0	0	0	0	0	2
11	12	"2 f4+su(3)+g2+su(2)"	"2 f4+so(8)+2 su(3)+g2+su(2)"	16	162	0	1	1	0	0	0	0	0	2
11	12	"2 f4+su(3)+g2+su(2)"	"2 f4+so(8)+3(g2+su(2))"	15	160	2	1	1	0	0	0	0	0	8
11	12	"2 f4+su(3)+g2+su(2)"	"2 f4+so(8)+3(g2+su(2))"	16	160	2	1	1	0	0	0	0	0	8
11	12	"2 f4+su(3)+g2+su(2)"	"2 f4+so(8)+3(g2+su(2))"	18	160	2	1	1	0	0	0	0	0	2
11	12	"2 f4+su(3)+g2+su(2)"	"2 f4+so(8)+3(g2+su(2))"	20	160	2	1	1	0	0	0	0	0	4
11	12	"2 f4+su(3)+g2+su(2)"	"2 f4+so(8)+3(g2+su(2))"	22	160	2	1	1	0	0	0	0	0	4
11	12	"2 f4+su(3)+g2+su(2)"	"2 f4+so(8)+3 su(3)+g2+su(2)"	16	154	0	2	1	0	0	0	0	0	2
11	12	"2 f4+su(3)+g2+su(2)"	"2 f4+so(8)+su(3)+2(g2+su(2))"	15	161	1	1	1	0	0	0	0	0	16
11	12	"2 f4+su(3)+g2+su(2)"	"2 f4+so(8)+su(3)+2(g2+su(2))"	16	161	1	1	1	0	0	0	0	0	19
11	12	"2 f4+su(3)+g2+su(2)"	"2 f4+so(8)+su(3)+2(g2+su(2))"	17	161	1	1	1	0	0	0	0	0	10
11	12	"2 f4+su(3)+g2+su(2)"	"2 f4+so(8)+su(3)+2(g2+su(2))"	18	161	1	1	1	0	0	0	0	0	4
11	12	"2 f4+su(3)+g2+su(2)"	"2 f4+so(8)+su(3)+2(g2+su(2))"	19	161	1	1	1	0	0	0	0	0	2
11	12	"2 f4+su(3)+g2+su(2)"	"2 f4+so(8)+su(3)+2(g2+su(2))"	21	161	1	1	1	0	0	0	0	0	6
11	12	"2 f4+su(3)+g2+su(2)"	"2 f4+su(3)+2(g2+su(2))"	13	189	1	1	0	0	0	0	0	0	4
11	12	"2 f4+su(3)+g2+su(2)"	"2 f4+su(3)+2(g2+su(2))"	14	189	1	1	0	0	0	0	0	0	61
11	12	"2 f4+su(3)+g2+su(2)"	"2 f4+su(3)+3(g2+su(2))"	15	180	2	2	0	0	0	0	0	0	36
11	12	"2 f4+su(3)+g2+su(2)"	"2 f4+su(3)+3(g2+su(2))"	16	180	2	2	0	0	0	0	0	0	18
11	12	"2 f4+su(3)+g2+su(2)"	"2 f4+su(3)+g2+su(2)+so(7)+2 su(2)"	14	187	2	1	0	0	0	0	0	0	8
11	12	"2 f4+su(3)+g2+su(2)"	"3 f4+2(g2+su(2))"	16	145	1	0	0	1	0	0	0	0	30
11	12	"2 f4+su(3)+g2+su(2)"	"3 f4+2(g2+su(2))"	17	145	1	0	0	1	0	0	0	0	17
11	12	"2 f4+su(3)+g2+su(2)"	"3 f4+2(g2+su(2))"	18	145	1	0	0	1	0	0	0	0	5
11	12	"2 f4+su(3)+g2+su(2)"	"3 f4+2 su(3)+2(g2+su(2))"	17	129	1	2	0	1	0	0	0	0	2
11	12	"2 f4+su(3)+g2+su(2)"	"3 f4+2 su(3)+g2+su(2)"	14	138	0	1	0	1	0	0	0	0	2
11	12	"2 f4+su(3)+g2+su(2)"	"3 f4+3(g2+su(2))"	16	136	2	1	0	1	0	0	0	0	4
11	12	"2 f4+su(3)+g2+su(2)"	"3 f4+3(g2+su(2))"	17	136	2	1	0	1	0	0	0	0	6
11	12	"2 f4+su(3)+g2+su(2)"	"3 f4+su(3)+2(g2+su(2))"	16	137	1	1	0	1	0	0	0	0	29
11	12	"2 f4+su(3)+g2+su(2)"	"3 f4+su(3)+2(g2+su(2))"	17	137	1	1	0	1	0	0	0	0	12
11	12	"2 f4+su(3)+g2+su(2)"	"3 f4+su(3)+2(g2+su(2))"	18	137	1	1	0	1	0	0	0	0	8
11	12	"2 f4+su(3)+g2+su(2)"	"3 f4+su(3)+2(g2+su(2))"	19	137	1	1	0	1	0	0	0	0	4
11	12	"2 f4+su(3)+g2+su(2)"	"3 f4+su(3)+2(g2+su(2))"	20	137	1	1	0	1	0	0	0	0	4
11	12	"2 f4+su(3)+g2+su(2)"	"3 f4+su(3)+2(g2+su(2))"	31	137	1	1	0	1	0	0	0	0	2
11	12	"2 f4+su(3)+g2+su(2)"	"3 f4+su(3)+2(g2+su(2))"	38	137	1	1	0	1	0	0	0	0	2
11	12	"2 f4+su(3)+g2+su(2)"	"3 f4+su(3)+2(g2+su(2))"	46	137	1	1	0	1	0	0	0	0	2
11	12	"2 f4+su(3)+g2+su(2)"	"e6+2 f4+2(g2+su(2))"	17	119	1	0	0	0	1	0	0	0	33
11	12	"2 f4+su(3)+g2+su(2)"	"e6+2 f4+2(g2+su(2))"	18	119	1	0	0	0	1	0	0	0	3
11	12	"2 f4+su(3)+g2+su(2)"	"e6+2 f4+2 su(3)+g2+su(2)"	15	112	0	1	0	0	1	0	0	0	2
11	12	"2 f4+su(3)+g2+su(2)"	"e6+2 f4+3(g2+su(2))"	17	110	2	1	0	0	1	0	0	0	12
11	12	"2 f4+su(3)+g2+su(2)"	"e6+2 f4+su(3)+2(g2+su(2))"	17	111	1	1	0	0	1	0	0	0	29
11	12	"2 f4+su(3)+g2+su(2)"	"e6+2 f4+su(3)+2(g2+su(2))"	18	111	1	1	0	0	1	0	0	0	6
11	12	"2 f4+su(3)+g2+su(2)"	"e6+2 f4+su(3)+2(g2+su(2))"	19	111	1	1	0	0	1	0	0	0	2
11	12	"2 f4+su(3)+g2+su(2)"	"e6+2 f4+su(3)+2(g2+su(2))"	20	111	1	1	0	0	1	0	0	0	2
11	12	"2 f4+su(3)+g2+su(2)"	"e6+2 f4+su(3)+2(g2+su(2))"	21	111	1	1	0	0	1	0	0	0	4
11	12	"2 f4+su(3)+g2+su(2)"	"e7'+2 f4+2(g2+su(2))"	18	92	1	0	0	0	0	1	0	0	20
11	12	"2 f4+su(3)+g2+su(2)"	"e7+2 f4+2(g2+su(2))"	18	64	1	0	0	0	0	0	1	0	6
11	12	"2 f4+su(3)+g2+su(2)"	"e7+2 f4+2(g2+su(2))"	19	64	1	0	0	0	0	0	1	0	15
11	12	"2 f4+su(3)+g2+su(2)"	"e7'+2 f4+2 su(3)+g2+su(2)"	16	85	0	1	0	0	0	1	0	0	2
11	12	"2 f4+su(3)+g2+su(2)"	"e7+2 f4+2 su(3)+g2+su(2)"	17	57	0	1	0	0	0	0	1	0	2
11	12	"2 f4+su(3)+g2+su(2)"	"e7'+2 f4+3(g2+su(2))"	18	83	2	1	0	0	0	1	0	0	8
11	12	"2 f4+su(3)+g2+su(2)"	"e7+2 f4+3(g2+su(2))"	19	55	2	1	0	0	0	0	1	0	8
11	12	"2 f4+su(3)+g2+su(2)"	"e7'+2 f4+su(3)+2(g2+su(2))"	18	84	1	1	0	0	0	1	0	0	17
11	12	"2 f4+su(3)+g2+su(2)"	"e7'+2 f4+su(3)+2(g2+su(2))"	19	84	1	1	0	0	0	1	0	0	6
11	12	"2 f4+su(3)+g2+su(2)"	"e7+2 f4+su(3)+2(g2+su(2))"	19	56	1	1	0	0	0	0	1	0	21
11	12	"2 f4+su(3)+g2+su(2)"	"e7+2 f4+su(3)+2(g2+su(2))"	20	56	1	1	0	0	0	0	1	0	2
11	14	"e6+f4+2 su(3)"	"2 e6+f4+2 su(3)+2(g2+su(2))"	18	77	2	2	0	0	1	0	0	0	2
11	14	"e6+f4+2 su(3)"	"2 e6+f4+2 su(3)+g2+su(2)"	18	86	1	1	0	0	1	0	0	0	27
11	14	"e6+f4+2 su(3)"	"2 e6+f4+2 su(3)+g2+su(2)"	19	86	1	1	0	0	1	0	0	0	8
11	14	"e6+f4+2 su(3)"	"2 e6+f4+2 su(3)+g2+su(2)"	20	86	1	1	0	0	1	0	0	0	2
11	14	"e6+f4+2 su(3)"	"2 e6+f4+2 su(3)+g2+su(2)"	21	86	1	1	0	0	1	0	0	0	2
11	14	"e6+f4+2 su(3)"	"2 e6+f4+3 su(3)"	16	87	0	1	0	0	1	0	0	0	2
11	14	"e6+f4+2 su(3)"	"2 e6+f4+3 su(3)"	18	87	0	1	0	0	1	0	0	0	4
11	14	"e6+f4+2 su(3)"	"2 e6+f4+3 su(3)+g2+su(2)"	18	78	1	2	0	0	1	0	0	0	4
11	14	"e6+f4+2 su(3)"	"2 e6+f4+4 su(3)"	18	79	0	2	0	0	1	0	0	0	6
11	14	"e6+f4+2 su(3)"	"e6+2 f4+2 su(3)+2(g2+su(2))"	17	103	2	2	0	1	0	0	0	0	2
11	14	"e6+f4+2 su(3)"	"e6+2 f4+2 su(3)+g2+su(2)"	17	112	1	1	0	1	0	0	0	0	23
11	14	"e6+f4+2 su(3)"	"e6+2 f4+2 su(3)+g2+su(2)"	18	112	1	1	0	1	0	0	0	0	6
11	14	"e6+f4+2 su(3)"	"e6+2 f4+2 su(3)+g2+su(2)"	19	112	1	1	0	1	0	0	0	0	4
11	14	"e6+f4+2 su(3)"	"e6+2 f4+2 su(3)+g2+su(2)"	20	112	1	1	0	1	0	0	0	0	2
11	14	"e6+f4+2 su(3)"	"e6+2 f4+2 su(3)+g2+su(2)"	21	112	1	1	0	1	0	0	0	0	2
11	14	"e6+f4+2 su(3)"	"e6+2 f4+2 su(3)+g2+su(2)"	22	112	1	1	0	1	0	0	0	0	2
11	14	"e6+f4+2 su(3)"	"e6+2 f4+3 su(3)"	15	113	0	1	0	1	0	0	0	0	2
11	14	"e6+f4+2 su(3)"	"e6+2 f4+3 su(3)"	17	113	0	1	0	1	0	0	0	0	4
11	14	"e6+f4+2 su(3)"	"e6+2 f4+3 su(3)+g2+su(2)"	17	104	1	2	0	1	0	0	0	0	4
11	14	"e6+f4+2 su(3)"	"e6+2 f4+4 su(3)"	17	105	0	2	0	1	0	0	0	0	6
11	14	"e6+f4+2 su(3)"	"e6+f4+2 su(3)+2(g2+su(2))"	15	155	2	2	0	0	0	0	0	0	36
11	14	"e6+f4+2 su(3)"	"e6+f4+2 su(3)+2(g2+su(2))"	16	155	2	2	0	0	0	0	0	0	138
11	14	"e6+f4+2 su(3)"	"e6+f4+2 su(3)+2(g2+su(2))"	17	155	2	2	0	0	0	0	0	0	50
11	14	"e6+f4+2 su(3)"	"e6+f4+2 su(3)+2(g2+su(2))"	18	155	2	2	0	0	0	0	0	0	8
11	14	"e6+f4+2 su(3)"	"e6+f4+2 su(3)+2(g2+su(2))"	19	155	2	2	0	0	0	0	0	0	6
11	14	"e6+f4+2 su(3)"	"e6+f4+2 su(3)+2(g2+su(2))"	20	155	2	2	0	0	0	0	0	0	4
11	14	"e6+f4+2 su(3)"	"e6+f4+2 su(3)+2(g2+su(2))"	21	155	2	2	0	0	0	0	0	0	18
11	14	"e6+f4+2 su(3)"	"e6+f4+2 su(3)+2(g2+su(2))"	22	155	2	2	0	0	0	0	0	0	2
11	14	"e6+f4+2 su(3)"	"e6+f4+2 su(3)+2(g2+su(2))"	23	155	2	2	0	0	0	0	0	0	6
11	14	"e6+f4+2 su(3)"	"e6+f4+2 su(3)+2(g2+su(2))"	24	155	2	2	0	0	0	0	0	0	2
11	14	"e6+f4+2 su(3)"	"e6+f4+2 su(3)+2(g2+su(2))"	26	155	2	2	0	0	0	0	0	0	2
11	14	"e6+f4+2 su(3)"	"e6+f4+2 su(3)+2(g2+su(2))"	29	155	2	2	0	0	0	0	0	0	2
11	14	"e6+f4+2 su(3)"	"e6+f4+2 su(3)+2(g2+su(2))"	31	155	2	2	0	0	0	0	0	0	2
11	14	"e6+f4+2 su(3)"	"e6+f4+2 su(3)+2(g2+su(2))"	32	155	2	2	0	0	0	0	0	0	2
11	14	"e6+f4+2 su(3)"	"e6+f4+2 su(3)+g2+su(2)"	14	164	1	1	0	0	0	0	0	0	4
11	14	"e6+f4+2 su(3)"	"e6+f4+2 su(3)+g2+su(2)"	15	164	1	1	0	0	0	0	0	0	85
11	14	"e6+f4+2 su(3)"	"e6+f4+2 su(3)+g2+su(2)"	16	164	1	1	0	0	0	0	0	0	111
11	14	"e6+f4+2 su(3)"	"e6+f4+2 su(3)+g2+su(2)"	17	164	1	1	0	0	0	0	0	0	49
11	14	"e6+f4+2 su(3)"	"e6+f4+2 su(3)+g2+su(2)"	18	164	1	1	0	0	0	0	0	0	25
11	14	"e6+f4+2 su(3)"	"e6+f4+2 su(3)+g2+su(2)"	19	164	1	1	0	0	0	0	0	0	16
11	14	"e6+f4+2 su(3)"	"e6+f4+2 su(3)+g2+su(2)+so(7)+2 su(2)"	16	153	3	2	0	0	0	0	0	0	18
11	14	"e6+f4+2 su(3)"	"e6+f4+2 su(3)+g2+su(2)+so(7)+2 su(2)"	17	153	3	2	0	0	0	0	0	0	4
11	14	"e6+f4+2 su(3)"	"e6+f4+2 su(3)+g2+su(2)+so(7)+2 su(2)"	20	153	3	2	0	0	0	0	0	0	2
11	14	"e6+f4+2 su(3)"	"e6+f4+2 su(3)+g2+su(2)+so(7)+2 su(2)"	23	153	3	2	0	0	0	0	0	0	2
11	14	"e6+f4+2 su(3)"	"e6+f4+2 su(3)+so(7)+2 su(2)"	15	162	2	1	0	0	0	0	0	0	82
11	14	"e6+f4+2 su(3)"	"e6+f4+2 su(3)+so(7)+2 su(2)"	16	162	2	1	0	0	0	0	0	0	190
11	14	"e6+f4+2 su(3)"	"e6+f4+2 su(3)+so(7)+2 su(2)"	17	162	2	1	0	0	0	0	0	0	44
11	14	"e6+f4+2 su(3)"	"e6+f4+2 su(3)+so(7)+2 su(2)"	18	162	2	1	0	0	0	0	0	0	15
11	14	"e6+f4+2 su(3)"	"e6+f4+2 su(3)+so(7)+2 su(2)"	19	162	2	1	0	0	0	0	0	0	11
11	14	"e6+f4+2 su(3)"	"e6+f4+2 su(3)+so(7)+2 su(2)"	20	162	2	1	0	0	0	0	0	0	17
11	14	"e6+f4+2 su(3)"	"e6+f4+2 su(3)+so(7)+2 su(2)"	21	162	2	1	0	0	0	0	0	0	11
11	14	"e6+f4+2 su(3)"	"e6+f4+2 su(3)+so(7)+2 su(2)"	24	162	2	1	0	0	0	0	0	0	2
11	14	"e6+f4+2 su(3)"	"e6+f4+3 su(3)"	11	165	0	1	0	0	0	0	0	0	4
11	14	"e6+f4+2 su(3)"	"e6+f4+3 su(3)"	14	165	0	1	0	0	0	0	0	0	2
11	14	"e6+f4+2 su(3)"	"e6+f4+3 su(3)"	15	165	0	1	0	0	0	0	0	0	11
11	14	"e6+f4+2 su(3)"	"e6+f4+3 su(3)"	16	165	0	1	0	0	0	0	0	0	7
11	14	"e6+f4+2 su(3)"	"e6+f4+3 su(3)"	17	165	0	1	0	0	0	0	0	0	6
11	14	"e6+f4+2 su(3)"	"e6+f4+3 su(3)"	18	165	0	1	0	0	0	0	0	0	2
11	14	"e6+f4+2 su(3)"	"e6+f4+3 su(3)+2(g2+su(2))"	16	147	2	3	0	0	0	0	0	0	32
11	14	"e6+f4+2 su(3)"	"e6+f4+3 su(3)+2(g2+su(2))"	17	147	2	3	0	0	0	0	0	0	24
11	14	"e6+f4+2 su(3)"	"e6+f4+3 su(3)+2(g2+su(2))"	19	147	2	3	0	0	0	0	0	0	4
11	14	"e6+f4+2 su(3)"	"e6+f4+3 su(3)+2(g2+su(2))"	20	147	2	3	0	0	0	0	0	0	4
11	14	"e6+f4+2 su(3)"	"e6+f4+3 su(3)+2(g2+su(2))"	21	147	2	3	0	0	0	0	0	0	2
11	14	"e6+f4+2 su(3)"	"e6+f4+3 su(3)+2(g2+su(2))"	23	147	2	3	0	0	0	0	0	0	2
11	14	"e6+f4+2 su(3)"	"e6+f4+3 su(3)+2(g2+su(2))"	24	147	2	3	0	0	0	0	0	0	2
11	14	"e6+f4+2 su(3)"	"e6+f4+3 su(3)+g2+su(2)"	15	156	1	2	0	0	0	0	0	0	78
11	14	"e6+f4+2 su(3)"	"e6+f4+3 su(3)+g2+su(2)"	16	156	1	2	0	0	0	0	0	0	175
11	14	"e6+f4+2 su(3)"	"e6+f4+3 su(3)+g2+su(2)"	17	156	1	2	0	0	0	0	0	0	44
11	14	"e6+f4+2 su(3)"	"e6+f4+3 su(3)+g2+su(2)"	18	156	1	2	0	0	0	0	0	0	45
11	14	"e6+f4+2 su(3)"	"e6+f4+3 su(3)+g2+su(2)"	19	156	1	2	0	0	0	0	0	0	38
11	14	"e6+f4+2 su(3)"	"e6+f4+3 su(3)+g2+su(2)"	20	156	1	2	0	0	0	0	0	0	31
11	14	"e6+f4+2 su(3)"	"e6+f4+3 su(3)+g2+su(2)"	21	156	1	2	0	0	0	0	0	0	16
11	14	"e6+f4+2 su(3)"	"e6+f4+3 su(3)+g2+su(2)"	22	156	1	2	0	0	0	0	0	0	6
11	14	"e6+f4+2 su(3)"	"e6+f4+3 su(3)+g2+su(2)"	23	156	1	2	0	0	0	0	0	0	4
11	14	"e6+f4+2 su(3)"	"e6+f4+3 su(3)+g2+su(2)"	29	156	1	2	0	0	0	0	0	0	3
11	14	"e6+f4+2 su(3)"	"e6+f4+3 su(3)+g2+su(2)"	30	156	1	2	0	0	0	0	0	0	2
11	14	"e6+f4+2 su(3)"	"e6+f4+3 su(3)+g2+su(2)"	31	156	1	2	0	0	0	0	0	0	2
11	14	"e6+f4+2 su(3)"	"e6+f4+3 su(3)+so(7)+2 su(2)"	15	154	2	2	0	0	0	0	0	0	8
11	14	"e6+f4+2 su(3)"	"e6+f4+3 su(3)+so(7)+2 su(2)"	16	154	2	2	0	0	0	0	0	0	150
11	14	"e6+f4+2 su(3)"	"e6+f4+3 su(3)+so(7)+2 su(2)"	17	154	2	2	0	0	0	0	0	0	26
11	14	"e6+f4+2 su(3)"	"e6+f4+3 su(3)+so(7)+2 su(2)"	18	154	2	2	0	0	0	0	0	0	4
11	14	"e6+f4+2 su(3)"	"e6+f4+3 su(3)+so(7)+2 su(2)"	19	154	2	2	0	0	0	0	0	0	2
11	14	"e6+f4+2 su(3)"	"e6+f4+3 su(3)+so(7)+2 su(2)"	20	154	2	2	0	0	0	0	0	0	18
11	14	"e6+f4+2 su(3)"	"e6+f4+3 su(3)+so(7)+2 su(2)"	21	154	2	2	0	0	0	0	0	0	6
11	14	"e6+f4+2 su(3)"	"e6+f4+3 su(3)+so(7)+2 su(2)"	24	154	2	2	0	0	0	0	0	0	2
11	14	"e6+f4+2 su(3)"	"e6+f4+3 su(3)+so(7)+2 su(2)"	28	154	2	2	0	0	0	0	0	0	2
11	14	"e6+f4+2 su(3)"	"e6+f4+4 su(3)"	13	157	0	2	0	0	0	0	0	0	2
11	14	"e6+f4+2 su(3)"	"e6+f4+4 su(3)"	14	157	0	2	0	0	0	0	0	0	3
11	14	"e6+f4+2 su(3)"	"e6+f4+4 su(3)"	15	157	0	2	0	0	0	0	0	0	23
11	14	"e6+f4+2 su(3)"	"e6+f4+4 su(3)"	16	157	0	2	0	0	0	0	0	0	33
11	14	"e6+f4+2 su(3)"	"e6+f4+4 su(3)"	17	157	0	2	0	0	0	0	0	0	15
11	14	"e6+f4+2 su(3)"	"e6+f4+4 su(3)"	18	157	0	2	0	0	0	0	0	0	11
11	14	"e6+f4+2 su(3)"	"e6+f4+4 su(3)"	19	157	0	2	0	0	0	0	0	0	2
11	14	"e6+f4+2 su(3)"	"e6+f4+4 su(3)"	20	157	0	2	0	0	0	0	0	0	6
11	14	"e6+f4+2 su(3)"	"e6+f4+4 su(3)"	27	157	0	2	0	0	0	0	0	0	2
11	14	"e6+f4+2 su(3)"	"e6+f4+4 su(3)+g2+su(2)"	15	148	1	3	0	0	0	0	0	0	3
11	14	"e6+f4+2 su(3)"	"e6+f4+4 su(3)+g2+su(2)"	16	148	1	3	0	0	0	0	0	0	59
11	14	"e6+f4+2 su(3)"	"e6+f4+4 su(3)+g2+su(2)"	17	148	1	3	0	0	0	0	0	0	14
11	14	"e6+f4+2 su(3)"	"e6+f4+4 su(3)+g2+su(2)"	18	148	1	3	0	0	0	0	0	0	16
11	14	"e6+f4+2 su(3)"	"e6+f4+4 su(3)+g2+su(2)"	19	148	1	3	0	0	0	0	0	0	8
11	14	"e6+f4+2 su(3)"	"e6+f4+4 su(3)+g2+su(2)"	20	148	1	3	0	0	0	0	0	0	32
11	14	"e6+f4+2 su(3)"	"e6+f4+4 su(3)+g2+su(2)"	21	148	1	3	0	0	0	0	0	0	8
11	14	"e6+f4+2 su(3)"	"e6+f4+4 su(3)+g2+su(2)"	22	148	1	3	0	0	0	0	0	0	14
11	14	"e6+f4+2 su(3)"	"e6+f4+4 su(3)+g2+su(2)"	23	148	1	3	0	0	0	0	0	0	6
11	14	"e6+f4+2 su(3)"	"e6+f4+4 su(3)+g2+su(2)"	24	148	1	3	0	0	0	0	0	0	4
11	14	"e6+f4+2 su(3)"	"e6+f4+4 su(3)+g2+su(2)"	25	148	1	3	0	0	0	0	0	0	2
11	14	"e6+f4+2 su(3)"	"e6+f4+4 su(3)+g2+su(2)"	30	148	1	3	0	0	0	0	0	0	4
11	14	"e6+f4+2 su(3)"	"e6+f4+4 su(3)+g2+su(2)"	35	148	1	3	0	0	0	0	0	0	4
11	14	"e6+f4+2 su(3)"	"e6+f4+4 su(3)+g2+su(2)"	44	148	1	3	0	0	0	0	0	0	2
11	14	"e6+f4+2 su(3)"	"e6+f4+4 su(3)+g2+su(2)"	46	148	1	3	0	0	0	0	0	0	4
11	14	"e6+f4+2 su(3)"	"e6+f4+4 su(3)+so(7)+2 su(2)"	16	146	2	3	0	0	0	0	0	0	16
11	14	"e6+f4+2 su(3)"	"e6+f4+4 su(3)+so(7)+2 su(2)"	17	146	2	3	0	0	0	0	0	0	4
11	14	"e6+f4+2 su(3)"	"e6+f4+4 su(3)+so(7)+2 su(2)"	19	146	2	3	0	0	0	0	0	0	4
11	14	"e6+f4+2 su(3)"	"e6+f4+5 su(3)"	15	149	0	3	0	0	0	0	0	0	6
11	14	"e6+f4+2 su(3)"	"e6+f4+5 su(3)"	16	149	0	3	0	0	0	0	0	0	24
11	14	"e6+f4+2 su(3)"	"e6+f4+5 su(3)"	17	149	0	3	0	0	0	0	0	0	14
11	14	"e6+f4+2 su(3)"	"e6+f4+5 su(3)"	18	149	0	3	0	0	0	0	0	0	12
11	14	"e6+f4+2 su(3)"	"e6+f4+5 su(3)"	19	149	0	3	0	0	0	0	0	0	4
11	14	"e6+f4+2 su(3)"	"e6+f4+5 su(3)"	21	149	0	3	0	0	0	0	0	0	2
11	14	"e6+f4+2 su(3)"	"e6+f4+5 su(3)"	23	149	0	3	0	0	0	0	0	0	3
11	14	"e6+f4+2 su(3)"	"e6+f4+5 su(3)"	28	149	0	3	0	0	0	0	0	0	2
11	14	"e6+f4+2 su(3)"	"e6+f4+5 su(3)+g2+su(2)"	17	140	1	4	0	0	0	0	0	0	2
11	14	"e6+f4+2 su(3)"	"e6+f4+5 su(3)+g2+su(2)"	21	140	1	4	0	0	0	0	0	0	2
11	14	"e6+f4+2 su(3)"	"e6+f4+5 su(3)+g2+su(2)"	22	140	1	4	0	0	0	0	0	0	2
11	14	"e6+f4+2 su(3)"	"e6+f4+5 su(3)+g2+su(2)"	27	140	1	4	0	0	0	0	0	0	2
11	14	"e6+f4+2 su(3)"	"e6+f4+5 su(3)+g2+su(2)"	32	140	1	4	0	0	0	0	0	0	4
11	14	"e6+f4+2 su(3)"	"e6+f4+5 su(3)+g2+su(2)"	38	140	1	4	0	0	0	0	0	0	2
11	14	"e6+f4+2 su(3)"	"e6+f4+5 su(3)+g2+su(2)"	47	140	1	4	0	0	0	0	0	0	4
11	14	"e6+f4+2 su(3)"	"e6+f4+6 su(3)"	16	141	0	4	0	0	0	0	0	0	4
11	14	"e6+f4+2 su(3)"	"e6+f4+6 su(3)"	17	141	0	4	0	0	0	0	0	0	2
11	14	"e6+f4+2 su(3)"	"e6+f4+6 su(3)"	18	141	0	4	0	0	0	0	0	0	3
11	14	"e6+f4+2 su(3)"	"e6+f4+6 su(3)"	20	141	0	4	0	0	0	0	0	0	9
11	14	"e6+f4+2 su(3)"	"e6+f4+6 su(3)"	23	141	0	4	0	0	0	0	0	0	2
11	14	"e6+f4+2 su(3)"	"e6+f4+7 su(3)"	21	133	0	5	0	0	0	0	0	0	2
11	14	"e6+f4+2 su(3)"	"e6+f4+so(8)+2 su(3)+2(g2+su(2))"	17	127	2	2	1	0	0	0	0	0	2
11	14	"e6+f4+2 su(3)"	"e6+f4+so(8)+2 su(3)+g2+su(2)"	16	136	1	1	1	0	0	0	0	0	39
11	14	"e6+f4+2 su(3)"	"e6+f4+so(8)+2 su(3)+g2+su(2)"	17	136	1	1	1	0	0	0	0	0	28
11	14	"e6+f4+2 su(3)"	"e6+f4+so(8)+2 su(3)+g2+su(2)"	18	136	1	1	1	0	0	0	0	0	10
11	14	"e6+f4+2 su(3)"	"e6+f4+so(8)+2 su(3)+g2+su(2)"	19	136	1	1	1	0	0	0	0	0	4
11	14	"e6+f4+2 su(3)"	"e6+f4+so(8)+2 su(3)+g2+su(2)"	20	136	1	1	1	0	0	0	0	0	6
11	14	"e6+f4+2 su(3)"	"e6+f4+so(8)+2 su(3)+g2+su(2)"	22	136	1	1	1	0	0	0	0	0	2
11	14	"e6+f4+2 su(3)"	"e6+f4+so(8)+2 su(3)+g2+su(2)"	24	136	1	1	1	0	0	0	0	0	2
11	14	"e6+f4+2 su(3)"	"e6+f4+so(8)+2 su(3)+g2+su(2)"	29	136	1	1	1	0	0	0	0	0	4
11	14	"e6+f4+2 su(3)"	"e6+f4+so(8)+2 su(3)+g2+su(2)"	38	136	1	1	1	0	0	0	0	0	2
11	14	"e6+f4+2 su(3)"	"e6+f4+so(8)+2 su(3)+g2+su(2)"	52	136	1	1	1	0	0	0	0	0	2
11	14	"e6+f4+2 su(3)"	"e6+f4+so(8)+3 su(3)"	14	137	0	1	1	0	0	0	0	0	2
11	14	"e6+f4+2 su(3)"	"e6+f4+so(8)+3 su(3)"	16	137	0	1	1	0	0	0	0	0	6
11	14	"e6+f4+2 su(3)"	"e6+f4+so(8)+3 su(3)"	17	137	0	1	1	0	0	0	0	0	4
11	14	"e6+f4+2 su(3)"	"e6+f4+so(8)+3 su(3)"	18	137	0	1	1	0	0	0	0	0	2
11	14	"e6+f4+2 su(3)"	"e6+f4+so(8)+3 su(3)+g2+su(2)"	16	128	1	2	1	0	0	0	0	0	12
11	14	"e6+f4+2 su(3)"	"e6+f4+so(8)+3 su(3)+g2+su(2)"	17	128	1	2	1	0	0	0	0	0	10
11	14	"e6+f4+2 su(3)"	"e6+f4+so(8)+3 su(3)+g2+su(2)"	40	128	1	2	1	0	0	0	0	0	2
11	14	"e6+f4+2 su(3)"	"e6+f4+so(8)+4 su(3)"	16	129	0	2	1	0	0	0	0	0	7
11	14	"e6+f4+2 su(3)"	"e6+f4+so(8)+4 su(3)"	17	129	0	2	1	0	0	0	0	0	6
11	14	"e6+f4+2 su(3)"	"e6+f4+so(8)+4 su(3)"	18	129	0	2	1	0	0	0	0	0	3
11	14	"e6+f4+2 su(3)"	"e6+f4+so(8)+4 su(3)"	20	129	0	2	1	0	0	0	0	0	2
11	14	"e6+f4+2 su(3)"	"e6+f4+so(8)+5 su(3)"	17	121	0	3	1	0	0	0	0	0	2
11	14	"e6+f4+2 su(3)"	"e6+f4+so(8)+5 su(3)"	20	121	0	3	1	0	0	0	0	0	2
11	15	"e6+f4+2 su(3)"	"2 e6+f4+2 su(3)+so(7)+2 su(2)"	18	84	1	1	0	0	1	0	0	0	13
11	15	"e6+f4+2 su(3)"	"2 e6+f4+3 su(3)"	18	87	0	1	0	0	1	0	0	0	2
11	15	"e6+f4+2 su(3)"	"e6+2 f4+2 su(3)+so(7)+2 su(2)"	17	110	1	1	0	1	0	0	0	0	10
11	15	"e6+f4+2 su(3)"	"e6+2 f4+2 su(3)+so(7)+2 su(2)"	18	110	1	1	0	1	0	0	0	0	4
11	15	"e6+f4+2 su(3)"	"e6+2 f4+3 su(3)"	17	113	0	1	0	1	0	0	0	0	2
11	15	"e6+f4+2 su(3)"	"e6+f4+2 su(3)+2(g2+su(2))"	15	155	1	2	0	0	0	0	0	0	3
11	15	"e6+f4+2 su(3)"	"e6+f4+2 su(3)+2(g2+su(2))"	16	155	1	2	0	0	0	0	0	0	17
11	15	"e6+f4+2 su(3)"	"e6+f4+2 su(3)+2(g2+su(2))"	17	155	1	2	0	0	0	0	0	0	8
11	15	"e6+f4+2 su(3)"	"e6+f4+2 su(3)+2(g2+su(2))"	17	155	2	2	0	0	0	0	0	0	2
11	15	"e6+f4+2 su(3)"	"e6+f4+2 su(3)+2(g2+su(2))"	19	155	1	2	0	0	0	0	0	0	4
11	15	"e6+f4+2 su(3)"	"e6+f4+2 su(3)+2(g2+su(2))"	20	155	1	2	0	0	0	0	0	0	3
11	15	"e6+f4+2 su(3)"	"e6+f4+2 su(3)+3(g2+su(2))"	19	146	2	3	0	0	0	0	0	0	2
11	15	"e6+f4+2 su(3)"	"e6+f4+2 su(3)+g2+su(2)"	15	164	1	1	0	0	0	0	0	0	20
11	15	"e6+f4+2 su(3)"	"e6+f4+2 su(3)+g2+su(2)"	16	164	1	1	0	0	0	0	0	0	13
11	15	"e6+f4+2 su(3)"	"e6+f4+2 su(3)+g2+su(2)"	17	164	1	1	0	0	0	0	0	0	13
11	15	"e6+f4+2 su(3)"	"e6+f4+2 su(3)+g2+su(2)"	18	164	1	1	0	0	0	0	0	0	5
11	15	"e6+f4+2 su(3)"	"e6+f4+2 su(3)+g2+su(2)"	19	164	1	1	0	0	0	0	0	0	2
11	15	"e6+f4+2 su(3)"	"e6+f4+2 su(3)+g2+su(2)+so(7)+2 su(2)"	16	153	2	2	0	0	0	0	0	0	18
11	15	"e6+f4+2 su(3)"	"e6+f4+2 su(3)+g2+su(2)+so(7)+2 su(2)"	17	153	2	2	0	0	0	0	0	0	7
11	15	"e6+f4+2 su(3)"	"e6+f4+2 su(3)+g2+su(2)+so(7)+2 su(2)"	18	153	2	2	0	0	0	0	0	0	2
11	15	"e6+f4+2 su(3)"	"e6+f4+2 su(3)+g2+su(2)+so(7)+2 su(2)"	20	153	2	2	0	0	0	0	0	0	3
11	15	"e6+f4+2 su(3)"	"e6+f4+2 su(3)+g2+su(2)+so(7)+2 su(2)"	21	153	2	2	0	0	0	0	0	0	2
11	15	"e6+f4+2 su(3)"	"e6+f4+2 su(3)+g2+su(2)+so(7)+2 su(2)"	23	153	2	2	0	0	0	0	0	0	2
11	15	"e6+f4+2 su(3)"	"e6+f4+2 su(3)+g2+su(2)+so(7)+2 su(2)"	24	153	2	2	0	0	0	0	0	0	2
11	15	"e6+f4+2 su(3)"	"e6+f4+2 su(3)+so(7)+2 su(2)"	15	162	1	1	0	0	0	0	0	0	26
11	15	"e6+f4+2 su(3)"	"e6+f4+2 su(3)+so(7)+2 su(2)"	15	162	2	1	0	0	0	0	0	0	22
11	15	"e6+f4+2 su(3)"	"e6+f4+2 su(3)+so(7)+2 su(2)"	16	162	1	1	0	0	0	0	0	0	34
11	15	"e6+f4+2 su(3)"	"e6+f4+2 su(3)+so(7)+2 su(2)"	16	162	2	1	0	0	0	0	0	0	16
11	15	"e6+f4+2 su(3)"	"e6+f4+2 su(3)+so(7)+2 su(2)"	17	162	1	1	0	0	0	0	0	0	14
11	15	"e6+f4+2 su(3)"	"e6+f4+2 su(3)+so(7)+2 su(2)"	17	162	2	1	0	0	0	0	0	0	7
11	15	"e6+f4+2 su(3)"	"e6+f4+2 su(3)+so(7)+2 su(2)"	18	162	1	1	0	0	0	0	0	0	7
11	15	"e6+f4+2 su(3)"	"e6+f4+2 su(3)+so(7)+2 su(2)"	18	162	2	1	0	0	0	0	0	0	4
11	15	"e6+f4+2 su(3)"	"e6+f4+2 su(3)+so(7)+2 su(2)"	19	162	1	1	0	0	0	0	0	0	3
11	15	"e6+f4+2 su(3)"	"e6+f4+2 su(3)+so(7)+2 su(2)"	19	162	2	1	0	0	0	0	0	0	3
11	15	"e6+f4+2 su(3)"	"e6+f4+2 su(3)+so(7)+2 su(2)"	20	162	1	1	0	0	0	0	0	0	2
11	15	"e6+f4+2 su(3)"	"e6+f4+2 su(3)+so(7)+2 su(2)"	20	162	2	1	0	0	0	0	0	0	3
11	15	"e6+f4+2 su(3)"	"e6+f4+2 su(3)+so(7)+2 su(2)"	21	162	2	1	0	0	0	0	0	0	2
11	15	"e6+f4+2 su(3)"	"e6+f4+3 su(3)"	11	165	0	1	0	0	0	0	0	0	2
11	15	"e6+f4+2 su(3)"	"e6+f4+3 su(3)"	15	165	0	1	0	0	0	0	0	0	6
11	15	"e6+f4+2 su(3)"	"e6+f4+3 su(3)"	16	165	0	1	0	0	0	0	0	0	4
11	15	"e6+f4+2 su(3)"	"e6+f4+3 su(3)"	17	165	0	1	0	0	0	0	0	0	2
11	15	"e6+f4+2 su(3)"	"e6+f4+3 su(3)"	18	165	0	1	0	0	0	0	0	0	2
11	15	"e6+f4+2 su(3)"	"e6+f4+3 su(3)+2(g2+su(2))"	16	147	1	3	0	0	0	0	0	0	6
11	15	"e6+f4+2 su(3)"	"e6+f4+3 su(3)+2(g2+su(2))"	19	147	1	3	0	0	0	0	0	0	2
11	15	"e6+f4+2 su(3)"	"e6+f4+3 su(3)+2(g2+su(2))"	20	147	1	3	0	0	0	0	0	0	2
11	15	"e6+f4+2 su(3)"	"e6+f4+3 su(3)+2(g2+su(2))"	21	147	1	3	0	0	0	0	0	0	2
11	15	"e6+f4+2 su(3)"	"e6+f4+3 su(3)+2(g2+su(2))"	22	147	1	3	0	0	0	0	0	0	2
11	15	"e6+f4+2 su(3)"	"e6+f4+3 su(3)+2(g2+su(2))"	30	147	1	3	0	0	0	0	0	0	2
11	15	"e6+f4+2 su(3)"	"e6+f4+3 su(3)+g2+su(2)"	15	156	0	2	0	0	0	0	0	0	2
11	15	"e6+f4+2 su(3)"	"e6+f4+3 su(3)+g2+su(2)"	15	156	1	2	0	0	0	0	0	0	8
11	15	"e6+f4+2 su(3)"	"e6+f4+3 su(3)+g2+su(2)"	16	156	0	2	0	0	0	0	0	0	3
11	15	"e6+f4+2 su(3)"	"e6+f4+3 su(3)+g2+su(2)"	16	156	1	2	0	0	0	0	0	0	8
11	15	"e6+f4+2 su(3)"	"e6+f4+3 su(3)+g2+su(2)"	17	156	0	2	0	0	0	0	0	0	2
11	15	"e6+f4+2 su(3)"	"e6+f4+3 su(3)+g2+su(2)"	17	156	1	2	0	0	0	0	0	0	6
11	15	"e6+f4+2 su(3)"	"e6+f4+3 su(3)+g2+su(2)"	18	156	1	2	0	0	0	0	0	0	9
11	15	"e6+f4+2 su(3)"	"e6+f4+3 su(3)+g2+su(2)"	20	156	1	2	0	0	0	0	0	0	3
11	15	"e6+f4+2 su(3)"	"e6+f4+3 su(3)+g2+su(2)"	21	156	1	2	0	0	0	0	0	0	4
11	15	"e6+f4+2 su(3)"	"e6+f4+3 su(3)+g2+su(2)+so(7)+2 su(2)"	17	145	2	3	0	0	0	0	0	0	3
11	15	"e6+f4+2 su(3)"	"e6+f4+3 su(3)+g2+su(2)+so(7)+2 su(2)"	19	145	2	3	0	0	0	0	0	0	2
11	15	"e6+f4+2 su(3)"	"e6+f4+3 su(3)+g2+su(2)+so(7)+2 su(2)"	20	145	2	3	0	0	0	0	0	0	2
11	15	"e6+f4+2 su(3)"	"e6+f4+3 su(3)+g2+su(2)+so(7)+2 su(2)"	23	145	2	3	0	0	0	0	0	0	2
11	15	"e6+f4+2 su(3)"	"e6+f4+3 su(3)+so(7)+2 su(2)"	15	154	1	2	0	0	0	0	0	0	8
11	15	"e6+f4+2 su(3)"	"e6+f4+3 su(3)+so(7)+2 su(2)"	15	154	2	2	0	0	0	0	0	0	4
11	15	"e6+f4+2 su(3)"	"e6+f4+3 su(3)+so(7)+2 su(2)"	16	154	1	2	0	0	0	0	0	0	35
11	15	"e6+f4+2 su(3)"	"e6+f4+3 su(3)+so(7)+2 su(2)"	16	154	2	2	0	0	0	0	0	0	5
11	15	"e6+f4+2 su(3)"	"e6+f4+3 su(3)+so(7)+2 su(2)"	17	154	1	2	0	0	0	0	0	0	7
11	15	"e6+f4+2 su(3)"	"e6+f4+3 su(3)+so(7)+2 su(2)"	17	154	2	2	0	0	0	0	0	0	2
11	15	"e6+f4+2 su(3)"	"e6+f4+3 su(3)+so(7)+2 su(2)"	18	154	1	2	0	0	0	0	0	0	7
11	15	"e6+f4+2 su(3)"	"e6+f4+3 su(3)+so(7)+2 su(2)"	19	154	1	2	0	0	0	0	0	0	4
11	15	"e6+f4+2 su(3)"	"e6+f4+3 su(3)+so(7)+2 su(2)"	20	154	1	2	0	0	0	0	0	0	5
11	15	"e6+f4+2 su(3)"	"e6+f4+3 su(3)+so(7)+2 su(2)"	23	154	1	2	0	0	0	0	0	0	2
11	15	"e6+f4+2 su(3)"	"e6+f4+3 su(3)+so(7)+2 su(2)"	28	154	2	2	0	0	0	0	0	0	2
11	15	"e6+f4+2 su(3)"	"e6+f4+4 su(3)"	15	157	0	2	0	0	0	0	0	0	5
11	15	"e6+f4+2 su(3)"	"e6+f4+4 su(3)"	16	157	0	2	0	0	0	0	0	0	9
11	15	"e6+f4+2 su(3)"	"e6+f4+4 su(3)"	17	157	0	2	0	0	0	0	0	0	3
11	15	"e6+f4+2 su(3)"	"e6+f4+4 su(3)"	18	157	0	2	0	0	0	0	0	0	3
11	15	"e6+f4+2 su(3)"	"e6+f4+4 su(3)"	20	157	0	2	0	0	0	0	0	0	4
11	15	"e6+f4+2 su(3)"	"e6+f4+4 su(3)+g2+su(2)"	18	148	1	3	0	0	0	0	0	0	2
11	15	"e6+f4+2 su(3)"	"e6+f4+4 su(3)+g2+su(2)"	23	148	1	3	0	0	0	0	0	0	2
11	15	"e6+f4+2 su(3)"	"e6+f4+4 su(3)+so(7)+2 su(2)"	16	146	1	3	0	0	0	0	0	0	6
11	15	"e6+f4+2 su(3)"	"e6+f4+4 su(3)+so(7)+2 su(2)"	17	146	1	3	0	0	0	0	0	0	3
11	15	"e6+f4+2 su(3)"	"e6+f4+4 su(3)+so(7)+2 su(2)"	20	146	1	3	0	0	0	0	0	0	6
11	15	"e6+f4+2 su(3)"	"e6+f4+4 su(3)+so(7)+2 su(2)"	23	146	1	3	0	0	0	0	0	0	2
11	15	"e6+f4+2 su(3)"	"e6+f4+5 su(3)"	16	149	0	3	0	0	0	0	0	0	2
11	15	"e6+f4+2 su(3)"	"e6+f4+5 su(3)"	17	149	0	3	0	0	0	0	0	0	2
11	15	"e6+f4+2 su(3)"	"e6+f4+5 su(3)"	18	149	0	3	0	0	0	0	0	0	2
11	15	"e6+f4+2 su(3)"	"e6+f4+5 su(3)"	19	149	0	3	0	0	0	0	0	0	2
11	15	"e6+f4+2 su(3)"	"e6+f4+so(8)+2 su(3)+so(7)+2 su(2)"	16	134	1	1	1	0	0	0	0	0	16
11	15	"e6+f4+2 su(3)"	"e6+f4+so(8)+2 su(3)+so(7)+2 su(2)"	17	134	1	1	1	0	0	0	0	0	16
11	15	"e6+f4+2 su(3)"	"e6+f4+so(8)+2 su(3)+so(7)+2 su(2)"	18	134	1	1	1	0	0	0	0	0	6
11	15	"e6+f4+2 su(3)"	"e6+f4+so(8)+2 su(3)+so(7)+2 su(2)"	20	134	1	1	1	0	0	0	0	0	4
11	15	"e6+f4+2 su(3)"	"e6+f4+so(8)+2 su(3)+so(7)+2 su(2)"	29	134	1	1	1	0	0	0	0	0	2
11	15	"e6+f4+2 su(3)"	"e6+f4+so(8)+3 su(3)"	16	137	0	1	1	0	0	0	0	0	4
11	15	"e6+f4+2 su(3)"	"e6+f4+so(8)+3 su(3)"	18	137	0	1	1	0	0	0	0	0	2
11	15	"e6+f4+2 su(3)"	"e6+f4+so(8)+3 su(3)+so(7)+2 su(2)"	16	126	1	2	1	0	0	0	0	0	3
11	15	"e6+f4+2 su(3)"	"e6+f4+so(8)+3 su(3)+so(7)+2 su(2)"	17	126	1	2	1	0	0	0	0	0	6
11	15	"e6+f4+2 su(3)"	"e6+f4+so(8)+4 su(3)"	16	129	0	2	1	0	0	0	0	0	2
11	16	"e7'+f4+2(g2+su(2))"	"e7'+f4+g2+su(2)+so(7)+2 su(2)"	16	142	1	0	0	0	0	0	0	0	4
11	16	"e7'+f4+2(g2+su(2))"	"e7'+f4+g2+su(2)+so(7)+2 su(2)"	17	142	1	0	0	0	0	0	0	0	3
11	16	"e7'+f4+2(g2+su(2))"	"e7'+f4+g2+su(2)+so(7)+2 su(2)"	18	142	1	0	0	0	0	0	0	0	2
11	17	"e7'+f4+g2+su(2)+so(7)+2 su(2)"	"e7'+f4+2(so(7)+2 su(2))"	16	140	1	0	0	0	0	0	0	0	7
11	18	"e7+2(g2+su(2))"	"e7+2(g2+su(2))+2(so(7)+2 su(2))"	17	146	4	2	0	0	0	0	0	0	2
11	18	"e7+2(g2+su(2))"	"e7+2(g2+su(2))+so(7)+2 su(2)"	15	157	2	1	0	0	0	0	0	0	265
11	18	"e7+2(g2+su(2))"	"e7+2(g2+su(2))+so(7)+2 su(2)"	16	157	2	1	0	0	0	0	0	0	549
11	18	"e7+2(g2+su(2))"	"e7+2(g2+su(2))+so(7)+2 su(2)"	17	157	2	1	0	0	0	0	0	0	66
11	18	"e7+2(g2+su(2))"	"e7+2(g2+su(2))+so(7)+2 su(2)"	18	157	2	1	0	0	0	0	0	0	52
11	18	"e7+2(g2+su(2))"	"e7+2(g2+su(2))+so(7)+2 su(2)"	19	157	2	1	0	0	0	0	0	0	50
11	18	"e7+2(g2+su(2))"	"e7+2(g2+su(2))+so(7)+2 su(2)"	20	157	2	1	0	0	0	0	0	0	46
11	18	"e7+2(g2+su(2))"	"e7+2(g2+su(2))+so(7)+2 su(2)"	21	157	2	1	0	0	0	0	0	0	58
11	18	"e7+2(g2+su(2))"	"e7+2(g2+su(2))+so(7)+2 su(2)"	23	157	2	1	0	0	0	0	0	0	8
11	18	"e7+2(g2+su(2))"	"e7+2(g2+su(2))+so(7)+2 su(2)"	27	157	2	1	0	0	0	0	0	0	6
11	18	"e7+2(g2+su(2))"	"e7+2(g2+su(2))+so(7)+2 su(2)"	28	157	2	1	0	0	0	0	0	0	4
11	18	"e7+2(g2+su(2))"	"e7+2(g2+su(2))+so(7)+2 su(2)"	29	157	2	1	0	0	0	0	0	0	2
11	18	"e7+2(g2+su(2))"	"e7+2(g2+su(2))+so(7)+2 su(2)"	31	157	2	1	0	0	0	0	0	0	4
11	18	"e7+2(g2+su(2))"	"e7+2(so(7)+2 su(2))"	15	164	2	0	0	0	0	0	0	0	219
11	18	"e7+2(g2+su(2))"	"e7+2(so(7)+2 su(2))"	16	164	2	0	0	0	0	0	0	0	188
11	18	"e7+2(g2+su(2))"	"e7+2(so(7)+2 su(2))"	17	164	2	0	0	0	0	0	0	0	90
11	18	"e7+2(g2+su(2))"	"e7+2(so(7)+2 su(2))"	18	164	2	0	0	0	0	0	0	0	46
11	18	"e7+2(g2+su(2))"	"e7+2(so(7)+2 su(2))"	19	164	2	0	0	0	0	0	0	0	16
11	18	"e7+2(g2+su(2))"	"e7+2(so(7)+2 su(2))"	23	164	2	0	0	0	0	0	0	0	6
11	18	"e7+2(g2+su(2))"	"e7+2 so(8)+2(so(7)+2 su(2))"	17	108	2	0	2	0	0	0	0	0	7
11	18	"e7+2(g2+su(2))"	"e7+2 so(8)+g2+su(2)+so(7)+2 su(2)"	17	110	1	0	2	0	0	0	0	0	16
11	18	"e7+2(g2+su(2))"	"e7+2 su(3)+2(g2+su(2))"	16	152	0	2	0	0	0	0	0	0	13
11	18	"e7+2(g2+su(2))"	"e7+2 su(3)+2(g2+su(2))"	17	152	0	2	0	0	0	0	0	0	6
11	18	"e7+2(g2+su(2))"	"e7+2 su(3)+2(g2+su(2))"	19	152	0	2	0	0	0	0	0	0	4
11	18	"e7+2(g2+su(2))"	"e7+2 su(3)+2(g2+su(2))"	20	152	0	2	0	0	0	0	0	0	2
11	18	"e7+2(g2+su(2))"	"e7+2 su(3)+2(so(7)+2 su(2))"	16	148	2	2	0	0	0	0	0	0	132
11	18	"e7+2(g2+su(2))"	"e7+2 su(3)+2(so(7)+2 su(2))"	17	148	2	2	0	0	0	0	0	0	10
11	18	"e7+2(g2+su(2))"	"e7+2 su(3)+2(so(7)+2 su(2))"	18	148	2	2	0	0	0	0	0	0	12
11	18	"e7+2(g2+su(2))"	"e7+2 su(3)+2(so(7)+2 su(2))"	19	148	2	2	0	0	0	0	0	0	4
11	18	"e7+2(g2+su(2))"	"e7+2 su(3)+2(so(7)+2 su(2))"	21	148	2	2	0	0	0	0	0	0	6
11	18	"e7+2(g2+su(2))"	"e7+2 su(3)+2(so(7)+2 su(2))"	23	148	2	2	0	0	0	0	0	0	2
11	18	"e7+2(g2+su(2))"	"e7+2 su(3)+3(g2+su(2))"	16	143	1	3	0	0	0	0	0	0	10
11	18	"e7+2(g2+su(2))"	"e7+2 su(3)+3(g2+su(2))"	17	143	1	3	0	0	0	0	0	0	2
11	18	"e7+2(g2+su(2))"	"e7+2 su(3)+3(g2+su(2))"	19	143	1	3	0	0	0	0	0	0	8
11	18	"e7+2(g2+su(2))"	"e7+2 su(3)+3(g2+su(2))"	20	143	1	3	0	0	0	0	0	0	6
11	18	"e7+2(g2+su(2))"	"e7+2 su(3)+3(g2+su(2))"	22	143	1	3	0	0	0	0	0	0	2
11	18	"e7+2(g2+su(2))"	"e7+2 su(3)+g2+su(2)+so(7)+2 su(2)"	15	150	1	2	0	0	0	0	0	0	2
11	18	"e7+2(g2+su(2))"	"e7+2 su(3)+g2+su(2)+so(7)+2 su(2)"	16	150	1	2	0	0	0	0	0	0	146
11	18	"e7+2(g2+su(2))"	"e7+2 su(3)+g2+su(2)+so(7)+2 su(2)"	17	150	1	2	0	0	0	0	0	0	30
11	18	"e7+2(g2+su(2))"	"e7+2 su(3)+g2+su(2)+so(7)+2 su(2)"	18	150	1	2	0	0	0	0	0	0	24
11	18	"e7+2(g2+su(2))"	"e7+2 su(3)+g2+su(2)+so(7)+2 su(2)"	19	150	1	2	0	0	0	0	0	0	12
11	18	"e7+2(g2+su(2))"	"e7+2 su(3)+g2+su(2)+so(7)+2 su(2)"	21	150	1	2	0	0	0	0	0	0	6
11	18	"e7+2(g2+su(2))"	"e7+2 su(3)+g2+su(2)+so(7)+2 su(2)"	22	150	1	2	0	0	0	0	0	0	2
11	18	"e7+2(g2+su(2))"	"e7+2 su(3)+g2+su(2)+so(7)+2 su(2)"	23	150	1	2	0	0	0	0	0	0	4
11	18	"e7+2(g2+su(2))"	"e7+2 su(3)+g2+su(2)+so(7)+2 su(2)"	27	150	1	2	0	0	0	0	0	0	4
11	18	"e7+2(g2+su(2))"	"e7+2 su(3)+g2+su(2)+so(7)+2 su(2)"	35	150	1	2	0	0	0	0	0	0	2
11	18	"e7+2(g2+su(2))"	"e7+2 su(3)+g2+su(2)+so(7)+2 su(2)"	45	150	1	2	0	0	0	0	0	0	2
11	18	"e7+2(g2+su(2))"	"e7+2 su(3)+g2+su(2)+so(7)+2 su(2)"	63	150	1	2	0	0	0	0	0	0	2
11	18	"e7+2(g2+su(2))"	"e7+3(g2+su(2))"	14	159	1	1	0	0	0	0	0	0	2
11	18	"e7+2(g2+su(2))"	"e7+3(g2+su(2))"	15	159	1	1	0	0	0	0	0	0	38
11	18	"e7+2(g2+su(2))"	"e7+3(g2+su(2))"	16	159	1	1	0	0	0	0	0	0	70
11	18	"e7+2(g2+su(2))"	"e7+3(g2+su(2))"	17	159	1	1	0	0	0	0	0	0	28
11	18	"e7+2(g2+su(2))"	"e7+3(g2+su(2))"	18	159	1	1	0	0	0	0	0	0	24
11	18	"e7+2(g2+su(2))"	"e7+3(g2+su(2))"	19	159	1	1	0	0	0	0	0	0	4
11	18	"e7+2(g2+su(2))"	"e7+3(g2+su(2))"	20	159	1	1	0	0	0	0	0	0	12
11	18	"e7+2(g2+su(2))"	"e7+3(g2+su(2))"	27	159	1	1	0	0	0	0	0	0	6
11	18	"e7+2(g2+su(2))"	"e7+3(g2+su(2))+so(7)+2 su(2)"	16	148	3	2	0	0	0	0	0	0	26
11	18	"e7+2(g2+su(2))"	"e7+3(g2+su(2))+so(7)+2 su(2)"	17	148	3	2	0	0	0	0	0	0	12
11	18	"e7+2(g2+su(2))"	"e7+3(so(7)+2 su(2))"	15	153	4	1	0	0	0	0	0	0	21
11	18	"e7+2(g2+su(2))"	"e7+3(so(7)+2 su(2))"	16	153	4	1	0	0	0	0	0	0	213
11	18	"e7+2(g2+su(2))"	"e7+3(so(7)+2 su(2))"	17	153	4	1	0	0	0	0	0	0	86
11	18	"e7+2(g2+su(2))"	"e7+3(so(7)+2 su(2))"	18	153	4	1	0	0	0	0	0	0	8
11	18	"e7+2(g2+su(2))"	"e7+3(so(7)+2 su(2))"	19	153	4	1	0	0	0	0	0	0	12
11	18	"e7+2(g2+su(2))"	"e7+3(so(7)+2 su(2))"	20	153	4	1	0	0	0	0	0	0	12
11	18	"e7+2(g2+su(2))"	"e7+3(so(7)+2 su(2))"	22	153	4	1	0	0	0	0	0	0	10
11	18	"e7+2(g2+su(2))"	"e7+3(so(7)+2 su(2))"	24	153	4	1	0	0	0	0	0	0	4
11	18	"e7+2(g2+su(2))"	"e7+3(so(7)+2 su(2))"	33	153	4	1	0	0	0	0	0	0	2
11	18	"e7+2(g2+su(2))"	"e7+3 su(3)+2(g2+su(2))"	16	144	0	3	0	0	0	0	0	0	2
11	18	"e7+2(g2+su(2))"	"e7+3 su(3)+2(g2+su(2))"	17	144	0	3	0	0	0	0	0	0	2
11	18	"e7+2(g2+su(2))"	"e7+3 su(3)+2(g2+su(2))"	19	144	0	3	0	0	0	0	0	0	2
11	18	"e7+2(g2+su(2))"	"e7+3 su(3)+g2+su(2)+so(7)+2 su(2)"	16	142	1	3	0	0	0	0	0	0	8
11	18	"e7+2(g2+su(2))"	"e7+3 su(3)+g2+su(2)+so(7)+2 su(2)"	17	142	1	3	0	0	0	0	0	0	2
11	18	"e7+2(g2+su(2))"	"e7+3 su(3)+g2+su(2)+so(7)+2 su(2)"	19	142	1	3	0	0	0	0	0	0	4
11	18	"e7+2(g2+su(2))"	"e7+3 su(3)+g2+su(2)+so(7)+2 su(2)"	20	142	1	3	0	0	0	0	0	0	6
11	18	"e7+2(g2+su(2))"	"e7+3 su(3)+g2+su(2)+so(7)+2 su(2)"	21	142	1	3	0	0	0	0	0	0	2
11	18	"e7+2(g2+su(2))"	"e7+3 su(3)+g2+su(2)+so(7)+2 su(2)"	22	142	1	3	0	0	0	0	0	0	2
11	18	"e7+2(g2+su(2))"	"e7+4(g2+su(2))"	15	150	2	2	0	0	0	0	0	0	2
11	18	"e7+2(g2+su(2))"	"e7+4(g2+su(2))"	16	150	2	2	0	0	0	0	0	0	32
11	18	"e7+2(g2+su(2))"	"e7+4(g2+su(2))"	17	150	2	2	0	0	0	0	0	0	10
11	18	"e7+2(g2+su(2))"	"e7+4(g2+su(2))"	20	150	2	2	0	0	0	0	0	0	4
11	18	"e7+2(g2+su(2))"	"e7+f4+2(g2+su(2))"	11	116	0	0	0	1	0	0	0	0	2
11	18	"e7+2(g2+su(2))"	"e7+f4+2(g2+su(2))+so(7)+2 su(2)"	17	105	2	1	0	1	0	0	0	0	28
11	18	"e7+2(g2+su(2))"	"e7+f4+2(g2+su(2))+so(7)+2 su(2)"	18	105	2	1	0	1	0	0	0	0	6
11	18	"e7+2(g2+su(2))"	"e7+f4+2(g2+su(2))+so(7)+2 su(2)"	21	105	2	1	0	1	0	0	0	0	2
11	18	"e7+2(g2+su(2))"	"e7+f4+2 su(3)+2(g2+su(2))"	18	100	0	2	0	1	0	0	0	0	2
11	18	"e7+2(g2+su(2))"	"e7+f4+2 su(3)+2(g2+su(2))"	20	100	0	2	0	1	0	0	0	0	2
11	18	"e7+2(g2+su(2))"	"e7+f4+2 su(3)+g2+su(2)+so(7)+2 su(2)"	18	98	1	2	0	1	0	0	0	0	6
11	18	"e7+2(g2+su(2))"	"e7+f4+2 su(3)+g2+su(2)+so(7)+2 su(2)"	19	98	1	2	0	1	0	0	0	0	2
11	18	"e7+2(g2+su(2))"	"e7+f4+3(g2+su(2))"	17	107	1	1	0	1	0	0	0	0	16
11	18	"e7+2(g2+su(2))"	"e7+f4+3(g2+su(2))"	18	107	1	1	0	1	0	0	0	0	14
11	18	"e7+2(g2+su(2))"	"e7+f4+3(g2+su(2))"	20	107	1	1	0	1	0	0	0	0	4
11	18	"e7+2(g2+su(2))"	"e7+f4+3(g2+su(2))"	21	107	1	1	0	1	0	0	0	0	8
11	18	"e7+2(g2+su(2))"	"e7+f4+g2+su(2)+2(so(7)+2 su(2))"	17	103	3	1	0	1	0	0	0	0	6
11	18	"e7+2(g2+su(2))"	"e7+f4+g2+su(2)+so(7)+2 su(2)"	15	114	1	0	0	1	0	0	0	0	2
11	18	"e7+2(g2+su(2))"	"e7+f4+g2+su(2)+so(7)+2 su(2)"	17	114	1	0	0	1	0	0	0	0	30
11	18	"e7+2(g2+su(2))"	"e7+f4+g2+su(2)+so(7)+2 su(2)"	18	114	1	0	0	1	0	0	0	0	4
11	18	"e7+2(g2+su(2))"	"e7+f4+g2+su(2)+so(7)+2 su(2)"	19	114	1	0	0	1	0	0	0	0	4
11	18	"e7+2(g2+su(2))"	"e7+f4+so(8)+2(g2+su(2))"	16	88	0	0	1	1	0	0	0	0	2
11	18	"e7+2(g2+su(2))"	"e7+f4+so(8)+g2+su(2)+so(7)+2 su(2)"	18	86	1	0	1	1	0	0	0	0	8
11	18	"e7+2(g2+su(2))"	"e7+f4+su(3)+2(g2+su(2))"	15	108	0	1	0	1	0	0	0	0	2
11	18	"e7+2(g2+su(2))"	"e7+f4+su(3)+2(g2+su(2))"	18	108	0	1	0	1	0	0	0	0	2
11	18	"e7+2(g2+su(2))"	"e7+f4+su(3)+2(g2+su(2))"	20	108	0	1	0	1	0	0	0	0	4
11	18	"e7+2(g2+su(2))"	"e7+f4+su(3)+2(g2+su(2))"	21	108	0	1	0	1	0	0	0	0	2
11	18	"e7+2(g2+su(2))"	"e7+f4+su(3)+3(g2+su(2))"	18	99	1	2	0	1	0	0	0	0	8
11	18	"e7+2(g2+su(2))"	"e7+f4+su(3)+g2+su(2)+so(7)+2 su(2)"	17	106	1	1	0	1	0	0	0	0	18
11	18	"e7+2(g2+su(2))"	"e7+f4+su(3)+g2+su(2)+so(7)+2 su(2)"	18	106	1	1	0	1	0	0	0	0	18
11	18	"e7+2(g2+su(2))"	"e7+f4+su(3)+g2+su(2)+so(7)+2 su(2)"	19	106	1	1	0	1	0	0	0	0	12
11	18	"e7+2(g2+su(2))"	"e7+f4+su(3)+g2+su(2)+so(7)+2 su(2)"	21	106	1	1	0	1	0	0	0	0	2
11	18	"e7+2(g2+su(2))"	"e7+g2+su(2)+2(so(7)+2 su(2))"	15	155	3	1	0	0	0	0	0	0	258
11	18	"e7+2(g2+su(2))"	"e7+g2+su(2)+2(so(7)+2 su(2))"	16	155	3	1	0	0	0	0	0	0	792
11	18	"e7+2(g2+su(2))"	"e7+g2+su(2)+2(so(7)+2 su(2))"	17	155	3	1	0	0	0	0	0	0	98
11	18	"e7+2(g2+su(2))"	"e7+g2+su(2)+2(so(7)+2 su(2))"	18	155	3	1	0	0	0	0	0	0	30
11	18	"e7+2(g2+su(2))"	"e7+g2+su(2)+2(so(7)+2 su(2))"	19	155	3	1	0	0	0	0	0	0	54
11	18	"e7+2(g2+su(2))"	"e7+g2+su(2)+2(so(7)+2 su(2))"	20	155	3	1	0	0	0	0	0	0	78
11	18	"e7+2(g2+su(2))"	"e7+g2+su(2)+2(so(7)+2 su(2))"	21	155	3	1	0	0	0	0	0	0	20
11	18	"e7+2(g2+su(2))"	"e7+g2+su(2)+2(so(7)+2 su(2))"	22	155	3	1	0	0	0	0	0	0	22
11	18	"e7+2(g2+su(2))"	"e7+g2+su(2)+2(so(7)+2 su(2))"	23	155	3	1	0	0	0	0	0	0	16
11	18	"e7+2(g2+su(2))"	"e7+g2+su(2)+2(so(7)+2 su(2))"	24	155	3	1	0	0	0	0	0	0	16
11	18	"e7+2(g2+su(2))"	"e7+g2+su(2)+2(so(7)+2 su(2))"	28	155	3	1	0	0	0	0	0	0	10
11	18	"e7+2(g2+su(2))"	"e7+g2+su(2)+2(so(7)+2 su(2))"	31	155	3	1	0	0	0	0	0	0	4
11	18	"e7+2(g2+su(2))"	"e7+g2+su(2)+2(so(7)+2 su(2))"	32	155	3	1	0	0	0	0	0	0	6
11	18	"e7+2(g2+su(2))"	"e7+g2+su(2)+2(so(7)+2 su(2))"	33	155	3	1	0	0	0	0	0	0	2
11	18	"e7+2(g2+su(2))"	"e7+g2+su(2)+2(so(7)+2 su(2))"	36	155	3	1	0	0	0	0	0	0	2
11	18	"e7+2(g2+su(2))"	"e7+g2+su(2)+2(so(7)+2 su(2))"	37	155	3	1	0	0	0	0	0	0	12
11	18	"e7+2(g2+su(2))"	"e7+g2+su(2)+so(7)+2 su(2)"	11	166	1	0	0	0	0	0	0	0	2
11	18	"e7+2(g2+su(2))"	"e7+g2+su(2)+so(7)+2 su(2)"	14	166	1	0	0	0	0	0	0	0	2
11	18	"e7+2(g2+su(2))"	"e7+g2+su(2)+so(7)+2 su(2)"	15	166	1	0	0	0	0	0	0	0	50
11	18	"e7+2(g2+su(2))"	"e7+g2+su(2)+so(7)+2 su(2)"	16	166	1	0	0	0	0	0	0	0	44
11	18	"e7+2(g2+su(2))"	"e7+g2+su(2)+so(7)+2 su(2)"	17	166	1	0	0	0	0	0	0	0	14
11	18	"e7+2(g2+su(2))"	"e7+g2+su(2)+so(7)+2 su(2)"	18	166	1	0	0	0	0	0	0	0	6
11	18	"e7+2(g2+su(2))"	"e7+g2+su(2)+so(7)+2 su(2)"	19	166	1	0	0	0	0	0	0	0	4
11	18	"e7+2(g2+su(2))"	"e7+so(8)+2(g2+su(2))"	11	140	0	0	1	0	0	0	0	0	2
11	18	"e7+2(g2+su(2))"	"e7+so(8)+2(g2+su(2))+so(7)+2 su(2)"	16	129	2	1	1	0	0	0	0	0	44
11	18	"e7+2(g2+su(2))"	"e7+so(8)+2(g2+su(2))+so(7)+2 su(2)"	17	129	2	1	1	0	0	0	0	0	48
11	18	"e7+2(g2+su(2))"	"e7+so(8)+2(g2+su(2))+so(7)+2 su(2)"	18	129	2	1	1	0	0	0	0	0	4
11	18	"e7+2(g2+su(2))"	"e7+so(8)+2(g2+su(2))+so(7)+2 su(2)"	20	129	2	1	1	0	0	0	0	0	10
11	18	"e7+2(g2+su(2))"	"e7+so(8)+2(g2+su(2))+so(7)+2 su(2)"	21	129	2	1	1	0	0	0	0	0	8
11	18	"e7+2(g2+su(2))"	"e7+so(8)+2(so(7)+2 su(2))"	16	136	2	0	1	0	0	0	0	0	95
11	18	"e7+2(g2+su(2))"	"e7+so(8)+2(so(7)+2 su(2))"	17	136	2	0	1	0	0	0	0	0	36
11	18	"e7+2(g2+su(2))"	"e7+so(8)+2(so(7)+2 su(2))"	18	136	2	0	1	0	0	0	0	0	14
11	18	"e7+2(g2+su(2))"	"e7+so(8)+2(so(7)+2 su(2))"	19	136	2	0	1	0	0	0	0	0	4
11	18	"e7+2(g2+su(2))"	"e7+so(8)+2(so(7)+2 su(2))"	20	136	2	0	1	0	0	0	0	0	4
11	18	"e7+2(g2+su(2))"	"e7+so(8)+2(so(7)+2 su(2))"	21	136	2	0	1	0	0	0	0	0	8
11	18	"e7+2(g2+su(2))"	"e7+so(8)+2(so(7)+2 su(2))"	22	136	2	0	1	0	0	0	0	0	2
11	18	"e7+2(g2+su(2))"	"e7+so(8)+2(so(7)+2 su(2))"	29	136	2	0	1	0	0	0	0	0	4
11	18	"e7+2(g2+su(2))"	"e7+so(8)+2(so(7)+2 su(2))"	37	136	2	0	1	0	0	0	0	0	2
11	18	"e7+2(g2+su(2))"	"e7+so(8)+2(so(7)+2 su(2))"	39	136	2	0	1	0	0	0	0	0	4
11	18	"e7+2(g2+su(2))"	"e7+so(8)+2 su(3)+2(g2+su(2))"	17	124	0	2	1	0	0	0	0	0	2
11	18	"e7+2(g2+su(2))"	"e7+so(8)+2 su(3)+2(g2+su(2))"	23	124	0	2	1	0	0	0	0	0	2
11	18	"e7+2(g2+su(2))"	"e7+so(8)+2 su(3)+g2+su(2)+so(7)+2 su(2)"	17	122	1	2	1	0	0	0	0	0	8
11	18	"e7+2(g2+su(2))"	"e7+so(8)+2 su(3)+g2+su(2)+so(7)+2 su(2)"	18	122	1	2	1	0	0	0	0	0	6
11	18	"e7+2(g2+su(2))"	"e7+so(8)+2 su(3)+g2+su(2)+so(7)+2 su(2)"	20	122	1	2	1	0	0	0	0	0	2
11	18	"e7+2(g2+su(2))"	"e7+so(8)+3(g2+su(2))"	16	131	1	1	1	0	0	0	0	0	16
11	18	"e7+2(g2+su(2))"	"e7+so(8)+3(g2+su(2))"	17	131	1	1	1	0	0	0	0	0	30
11	18	"e7+2(g2+su(2))"	"e7+so(8)+3(g2+su(2))"	18	131	1	1	1	0	0	0	0	0	6
11	18	"e7+2(g2+su(2))"	"e7+so(8)+3(g2+su(2))"	19	131	1	1	1	0	0	0	0	0	4
11	18	"e7+2(g2+su(2))"	"e7+so(8)+3(g2+su(2))"	20	131	1	1	1	0	0	0	0	0	6
11	18	"e7+2(g2+su(2))"	"e7+so(8)+3(g2+su(2))"	29	131	1	1	1	0	0	0	0	0	2
11	18	"e7+2(g2+su(2))"	"e7+so(8)+3(g2+su(2))"	44	131	1	1	1	0	0	0	0	0	2
11	18	"e7+2(g2+su(2))"	"e7+so(8)+3(g2+su(2))"	63	131	1	1	1	0	0	0	0	0	2
11	18	"e7+2(g2+su(2))"	"e7+so(8)+3(so(7)+2 su(2))"	16	125	4	1	1	0	0	0	0	0	2
11	18	"e7+2(g2+su(2))"	"e7+so(8)+3(so(7)+2 su(2))"	17	125	4	1	1	0	0	0	0	0	2
11	18	"e7+2(g2+su(2))"	"e7+so(8)+g2+su(2)+2(so(7)+2 su(2))"	16	127	3	1	1	0	0	0	0	0	28
11	18	"e7+2(g2+su(2))"	"e7+so(8)+g2+su(2)+2(so(7)+2 su(2))"	17	127	3	1	1	0	0	0	0	0	16
11	18	"e7+2(g2+su(2))"	"e7+so(8)+g2+su(2)+2(so(7)+2 su(2))"	20	127	3	1	1	0	0	0	0	0	4
11	18	"e7+2(g2+su(2))"	"e7+so(8)+g2+su(2)+so(7)+2 su(2)"	14	138	1	0	1	0	0	0	0	0	2
11	18	"e7+2(g2+su(2))"	"e7+so(8)+g2+su(2)+so(7)+2 su(2)"	16	138	1	0	1	0	0	0	0	0	90
11	18	"e7+2(g2+su(2))"	"e7+so(8)+g2+su(2)+so(7)+2 su(2)"	17	138	1	0	1	0	0	0	0	0	22
11	18	"e7+2(g2+su(2))"	"e7+so(8)+g2+su(2)+so(7)+2 su(2)"	18	138	1	0	1	0	0	0	0	0	8
11	18	"e7+2(g2+su(2))"	"e7+so(8)+g2+su(2)+so(7)+2 su(2)"	20	138	1	0	1	0	0	0	0	0	2
11	18	"e7+2(g2+su(2))"	"e7+so(8)+g2+su(2)+so(7)+2 su(2)"	22	138	1	0	1	0	0	0	0	0	2
11	18	"e7+2(g2+su(2))"	"e7+so(8)+g2+su(2)+so(7)+2 su(2)"	24	138	1	0	1	0	0	0	0	0	2
11	18	"e7+2(g2+su(2))"	"e7+so(8)+su(3)+2(g2+su(2))"	14	132	0	1	1	0	0	0	0	0	2
11	18	"e7+2(g2+su(2))"	"e7+so(8)+su(3)+2(g2+su(2))"	20	132	0	1	1	0	0	0	0	0	2
11	18	"e7+2(g2+su(2))"	"e7+so(8)+su(3)+2(g2+su(2))"	28	132	0	1	1	0	0	0	0	0	2
11	18	"e7+2(g2+su(2))"	"e7+so(8)+su(3)+2(g2+su(2))"	38	132	0	1	1	0	0	0	0	0	2
11	18	"e7+2(g2+su(2))"	"e7+so(8)+su(3)+2(g2+su(2))"	52	132	0	1	1	0	0	0	0	0	2
11	18	"e7+2(g2+su(2))"	"e7+so(8)+su(3)+2(so(7)+2 su(2))"	16	128	2	1	1	0	0	0	0	0	26
11	18	"e7+2(g2+su(2))"	"e7+so(8)+su(3)+2(so(7)+2 su(2))"	17	128	2	1	1	0	0	0	0	0	32
11	18	"e7+2(g2+su(2))"	"e7+so(8)+su(3)+2(so(7)+2 su(2))"	18	128	2	1	1	0	0	0	0	0	6
11	18	"e7+2(g2+su(2))"	"e7+so(8)+su(3)+2(so(7)+2 su(2))"	19	128	2	1	1	0	0	0	0	0	2
11	18	"e7+2(g2+su(2))"	"e7+so(8)+su(3)+2(so(7)+2 su(2))"	22	128	2	1	1	0	0	0	0	0	6
11	18	"e7+2(g2+su(2))"	"e7+so(8)+su(3)+3(g2+su(2))"	17	123	1	2	1	0	0	0	0	0	8
11	18	"e7+2(g2+su(2))"	"e7+so(8)+su(3)+g2+su(2)+so(7)+2 su(2)"	16	130	1	1	1	0	0	0	0	0	32
11	18	"e7+2(g2+su(2))"	"e7+so(8)+su(3)+g2+su(2)+so(7)+2 su(2)"	17	130	1	1	1	0	0	0	0	0	54
11	18	"e7+2(g2+su(2))"	"e7+so(8)+su(3)+g2+su(2)+so(7)+2 su(2)"	18	130	1	1	1	0	0	0	0	0	12
11	18	"e7+2(g2+su(2))"	"e7+so(8)+su(3)+g2+su(2)+so(7)+2 su(2)"	19	130	1	1	1	0	0	0	0	0	6
11	18	"e7+2(g2+su(2))"	"e7+so(8)+su(3)+g2+su(2)+so(7)+2 su(2)"	20	130	1	1	1	0	0	0	0	0	14
11	18	"e7+2(g2+su(2))"	"e7+so(8)+su(3)+g2+su(2)+so(7)+2 su(2)"	21	130	1	1	1	0	0	0	0	0	6
11	18	"e7+2(g2+su(2))"	"e7+so(8)+su(3)+g2+su(2)+so(7)+2 su(2)"	22	130	1	1	1	0	0	0	0	0	6
11	18	"e7+2(g2+su(2))"	"e7+so(8)+su(3)+g2+su(2)+so(7)+2 su(2)"	24	130	1	1	1	0	0	0	0	0	2
11	18	"e7+2(g2+su(2))"	"e7+so(8)+su(3)+g2+su(2)+so(7)+2 su(2)"	26	130	1	1	1	0	0	0	0	0	2
11	18	"e7+2(g2+su(2))"	"e7+su(3)+2(g2+su(2))"	11	160	0	1	0	0	0	0	0	0	2
11	18	"e7+2(g2+su(2))"	"e7+su(3)+2(g2+su(2))"	16	160	0	1	0	0	0	0	0	0	5
11	18	"e7+2(g2+su(2))"	"e7+su(3)+2(g2+su(2))"	17	160	0	1	0	0	0	0	0	0	4
11	18	"e7+2(g2+su(2))"	"e7+su(3)+2(g2+su(2))"	18	160	0	1	0	0	0	0	0	0	2
11	18	"e7+2(g2+su(2))"	"e7+su(3)+2(g2+su(2))"	19	160	0	1	0	0	0	0	0	0	2
11	18	"e7+2(g2+su(2))"	"e7+su(3)+2(g2+su(2))"	20	160	0	1	0	0	0	0	0	0	4
11	18	"e7+2(g2+su(2))"	"e7+su(3)+2(g2+su(2))+so(7)+2 su(2)"	15	149	2	2	0	0	0	0	0	0	4
11	18	"e7+2(g2+su(2))"	"e7+su(3)+2(g2+su(2))+so(7)+2 su(2)"	16	149	2	2	0	0	0	0	0	0	278
11	18	"e7+2(g2+su(2))"	"e7+su(3)+2(g2+su(2))+so(7)+2 su(2)"	17	149	2	2	0	0	0	0	0	0	100
11	18	"e7+2(g2+su(2))"	"e7+su(3)+2(g2+su(2))+so(7)+2 su(2)"	18	149	2	2	0	0	0	0	0	0	38
11	18	"e7+2(g2+su(2))"	"e7+su(3)+2(g2+su(2))+so(7)+2 su(2)"	19	149	2	2	0	0	0	0	0	0	22
11	18	"e7+2(g2+su(2))"	"e7+su(3)+2(g2+su(2))+so(7)+2 su(2)"	20	149	2	2	0	0	0	0	0	0	6
11	18	"e7+2(g2+su(2))"	"e7+su(3)+2(g2+su(2))+so(7)+2 su(2)"	22	149	2	2	0	0	0	0	0	0	24
11	18	"e7+2(g2+su(2))"	"e7+su(3)+2(g2+su(2))+so(7)+2 su(2)"	23	149	2	2	0	0	0	0	0	0	20
11	18	"e7+2(g2+su(2))"	"e7+su(3)+2(g2+su(2))+so(7)+2 su(2)"	24	149	2	2	0	0	0	0	0	0	6
11	18	"e7+2(g2+su(2))"	"e7+su(3)+2(g2+su(2))+so(7)+2 su(2)"	30	149	2	2	0	0	0	0	0	0	2
11	18	"e7+2(g2+su(2))"	"e7+su(3)+2(g2+su(2))+so(7)+2 su(2)"	31	149	2	2	0	0	0	0	0	0	4
11	18	"e7+2(g2+su(2))"	"e7+su(3)+2(g2+su(2))+so(7)+2 su(2)"	38	149	2	2	0	0	0	0	0	0	6
11	18	"e7+2(g2+su(2))"	"e7+su(3)+2(g2+su(2))+so(7)+2 su(2)"	48	149	2	2	0	0	0	0	0	0	4
11	18	"e7+2(g2+su(2))"	"e7+su(3)+2(g2+su(2))+so(7)+2 su(2)"	63	149	2	2	0	0	0	0	0	0	2
11	18	"e7+2(g2+su(2))"	"e7+su(3)+2(so(7)+2 su(2))"	15	156	2	1	0	0	0	0	0	0	147
11	18	"e7+2(g2+su(2))"	"e7+su(3)+2(so(7)+2 su(2))"	16	156	2	1	0	0	0	0	0	0	511
11	18	"e7+2(g2+su(2))"	"e7+su(3)+2(so(7)+2 su(2))"	17	156	2	1	0	0	0	0	0	0	64
11	18	"e7+2(g2+su(2))"	"e7+su(3)+2(so(7)+2 su(2))"	18	156	2	1	0	0	0	0	0	0	46
11	18	"e7+2(g2+su(2))"	"e7+su(3)+2(so(7)+2 su(2))"	19	156	2	1	0	0	0	0	0	0	10
11	18	"e7+2(g2+su(2))"	"e7+su(3)+2(so(7)+2 su(2))"	20	156	2	1	0	0	0	0	0	0	24
11	18	"e7+2(g2+su(2))"	"e7+su(3)+2(so(7)+2 su(2))"	21	156	2	1	0	0	0	0	0	0	12
11	18	"e7+2(g2+su(2))"	"e7+su(3)+2(so(7)+2 su(2))"	22	156	2	1	0	0	0	0	0	0	8
11	18	"e7+2(g2+su(2))"	"e7+su(3)+2(so(7)+2 su(2))"	23	156	2	1	0	0	0	0	0	0	4
11	18	"e7+2(g2+su(2))"	"e7+su(3)+2(so(7)+2 su(2))"	24	156	2	1	0	0	0	0	0	0	4
11	18	"e7+2(g2+su(2))"	"e7+su(3)+2(so(7)+2 su(2))"	27	156	2	1	0	0	0	0	0	0	4
11	18	"e7+2(g2+su(2))"	"e7+su(3)+2(so(7)+2 su(2))"	31	156	2	1	0	0	0	0	0	0	2
11	18	"e7+2(g2+su(2))"	"e7+su(3)+3(g2+su(2))"	15	151	1	2	0	0	0	0	0	0	4
11	18	"e7+2(g2+su(2))"	"e7+su(3)+3(g2+su(2))"	16	151	1	2	0	0	0	0	0	0	82
11	18	"e7+2(g2+su(2))"	"e7+su(3)+3(g2+su(2))"	17	151	1	2	0	0	0	0	0	0	24
11	18	"e7+2(g2+su(2))"	"e7+su(3)+3(g2+su(2))"	18	151	1	2	0	0	0	0	0	0	6
11	18	"e7+2(g2+su(2))"	"e7+su(3)+3(g2+su(2))"	19	151	1	2	0	0	0	0	0	0	4
11	18	"e7+2(g2+su(2))"	"e7+su(3)+3(g2+su(2))"	20	151	1	2	0	0	0	0	0	0	14
11	18	"e7+2(g2+su(2))"	"e7+su(3)+3(g2+su(2))"	22	151	1	2	0	0	0	0	0	0	2
11	18	"e7+2(g2+su(2))"	"e7+su(3)+3(g2+su(2))"	23	151	1	2	0	0	0	0	0	0	4
11	18	"e7+2(g2+su(2))"	"e7+su(3)+3(g2+su(2))"	24	151	1	2	0	0	0	0	0	0	2
11	18	"e7+2(g2+su(2))"	"e7+su(3)+3(g2+su(2))"	30	151	1	2	0	0	0	0	0	0	4
11	18	"e7+2(g2+su(2))"	"e7+su(3)+3(g2+su(2))"	63	151	1	2	0	0	0	0	0	0	4
11	18	"e7+2(g2+su(2))"	"e7+su(3)+3(so(7)+2 su(2))"	16	145	4	2	0	0	0	0	0	0	2
11	18	"e7+2(g2+su(2))"	"e7+su(3)+4(g2+su(2))"	16	142	2	3	0	0	0	0	0	0	2
11	18	"e7+2(g2+su(2))"	"e7+su(3)+g2+su(2)+2(so(7)+2 su(2))"	16	147	3	2	0	0	0	0	0	0	84
11	18	"e7+2(g2+su(2))"	"e7+su(3)+g2+su(2)+2(so(7)+2 su(2))"	17	147	3	2	0	0	0	0	0	0	44
11	18	"e7+2(g2+su(2))"	"e7+su(3)+g2+su(2)+2(so(7)+2 su(2))"	18	147	3	2	0	0	0	0	0	0	16
11	18	"e7+2(g2+su(2))"	"e7+su(3)+g2+su(2)+2(so(7)+2 su(2))"	23	147	3	2	0	0	0	0	0	0	12
11	18	"e7+2(g2+su(2))"	"e7+su(3)+g2+su(2)+2(so(7)+2 su(2))"	24	147	3	2	0	0	0	0	0	0	10
11	18	"e7+2(g2+su(2))"	"e7+su(3)+g2+su(2)+2(so(7)+2 su(2))"	31	147	3	2	0	0	0	0	0	0	2
11	18	"e7+2(g2+su(2))"	"e7+su(3)+g2+su(2)+so(7)+2 su(2)"	13	158	1	1	0	0	0	0	0	0	2
11	18	"e7+2(g2+su(2))"	"e7+su(3)+g2+su(2)+so(7)+2 su(2)"	15	158	1	1	0	0	0	0	0	0	82
11	18	"e7+2(g2+su(2))"	"e7+su(3)+g2+su(2)+so(7)+2 su(2)"	16	158	1	1	0	0	0	0	0	0	264
11	18	"e7+2(g2+su(2))"	"e7+su(3)+g2+su(2)+so(7)+2 su(2)"	17	158	1	1	0	0	0	0	0	0	54
11	18	"e7+2(g2+su(2))"	"e7+su(3)+g2+su(2)+so(7)+2 su(2)"	18	158	1	1	0	0	0	0	0	0	44
11	18	"e7+2(g2+su(2))"	"e7+su(3)+g2+su(2)+so(7)+2 su(2)"	19	158	1	1	0	0	0	0	0	0	42
11	18	"e7+2(g2+su(2))"	"e7+su(3)+g2+su(2)+so(7)+2 su(2)"	20	158	1	1	0	0	0	0	0	0	12
11	18	"e7+2(g2+su(2))"	"e7+su(3)+g2+su(2)+so(7)+2 su(2)"	21	158	1	1	0	0	0	0	0	0	4
11	18	"e7+2(g2+su(2))"	"e7+su(3)+g2+su(2)+so(7)+2 su(2)"	22	158	1	1	0	0	0	0	0	0	4
11	18	"e7+2(g2+su(2))"	"e7+su(3)+g2+su(2)+so(7)+2 su(2)"	27	158	1	1	0	0	0	0	0	0	6
11	19	"e7+g2+su(2)+so(7)+2 su(2)"	"e7+2(g2+su(2))+so(7)+2 su(2)"	15	157	1	1	0	0	0	0	0	0	29
11	19	"e7+g2+su(2)+so(7)+2 su(2)"	"e7+2(g2+su(2))+so(7)+2 su(2)"	16	157	1	1	0	0	0	0	0	0	29
11	19	"e7+g2+su(2)+so(7)+2 su(2)"	"e7+2(g2+su(2))+so(7)+2 su(2)"	17	157	1	1	0	0	0	0	0	0	8
11	19	"e7+g2+su(2)+so(7)+2 su(2)"	"e7+2(g2+su(2))+so(7)+2 su(2)"	18	157	1	1	0	0	0	0	0	0	5
11	19	"e7+g2+su(2)+so(7)+2 su(2)"	"e7+2(g2+su(2))+so(7)+2 su(2)"	20	157	1	1	0	0	0	0	0	0	4
11	19	"e7+g2+su(2)+so(7)+2 su(2)"	"e7+2(so(7)+2 su(2))"	15	164	1	0	0	0	0	0	0	0	17
11	19	"e7+g2+su(2)+so(7)+2 su(2)"	"e7+2(so(7)+2 su(2))"	16	164	1	0	0	0	0	0	0	0	12
11	19	"e7+g2+su(2)+so(7)+2 su(2)"	"e7+2(so(7)+2 su(2))"	17	164	1	0	0	0	0	0	0	0	2
11	19	"e7+g2+su(2)+so(7)+2 su(2)"	"e7+2(so(7)+2 su(2))"	18	164	1	0	0	0	0	0	0	0	2
11	19	"e7+g2+su(2)+so(7)+2 su(2)"	"e7+2(so(7)+2 su(2))"	19	164	1	0	0	0	0	0	0	0	2
11	19	"e7+g2+su(2)+so(7)+2 su(2)"	"e7+2 so(8)+2(so(7)+2 su(2))"	17	108	1	0	2	0	0	0	0	0	2
11	19	"e7+g2+su(2)+so(7)+2 su(2)"	"e7+2 su(3)+2(so(7)+2 su(2))"	16	148	1	2	0	0	0	0	0	0	25
11	19	"e7+g2+su(2)+so(7)+2 su(2)"	"e7+2 su(3)+2(so(7)+2 su(2))"	17	148	1	2	0	0	0	0	0	0	6
11	19	"e7+g2+su(2)+so(7)+2 su(2)"	"e7+2 su(3)+2(so(7)+2 su(2))"	18	148	1	2	0	0	0	0	0	0	3
11	19	"e7+g2+su(2)+so(7)+2 su(2)"	"e7+2 su(3)+g2+su(2)+so(7)+2 su(2)"	16	150	0	2	0	0	0	0	0	0	10
11	19	"e7+g2+su(2)+so(7)+2 su(2)"	"e7+2 su(3)+g2+su(2)+so(7)+2 su(2)"	17	150	0	2	0	0	0	0	0	0	2
11	19	"e7+g2+su(2)+so(7)+2 su(2)"	"e7+2 su(3)+g2+su(2)+so(7)+2 su(2)"	20	150	0	2	0	0	0	0	0	0	2
11	19	"e7+g2+su(2)+so(7)+2 su(2)"	"e7+3(g2+su(2))+so(7)+2 su(2)"	16	148	2	2	0	0	0	0	0	0	3
11	19	"e7+g2+su(2)+so(7)+2 su(2)"	"e7+3(so(7)+2 su(2))"	15	153	3	1	0	0	0	0	0	0	16
11	19	"e7+g2+su(2)+so(7)+2 su(2)"	"e7+3(so(7)+2 su(2))"	16	153	3	1	0	0	0	0	0	0	62
11	19	"e7+g2+su(2)+so(7)+2 su(2)"	"e7+3(so(7)+2 su(2))"	17	153	3	1	0	0	0	0	0	0	10
11	19	"e7+g2+su(2)+so(7)+2 su(2)"	"e7+3(so(7)+2 su(2))"	18	153	3	1	0	0	0	0	0	0	2
11	19	"e7+g2+su(2)+so(7)+2 su(2)"	"e7+3(so(7)+2 su(2))"	19	153	3	1	0	0	0	0	0	0	3
11	19	"e7+g2+su(2)+so(7)+2 su(2)"	"e7+3(so(7)+2 su(2))"	21	153	3	1	0	0	0	0	0	0	2
11	19	"e7+g2+su(2)+so(7)+2 su(2)"	"e7+f4+2(g2+su(2))+so(7)+2 su(2)"	17	105	1	1	0	1	0	0	0	0	5
11	19	"e7+g2+su(2)+so(7)+2 su(2)"	"e7+f4+su(3)+g2+su(2)+so(7)+2 su(2)"	17	106	0	1	0	1	0	0	0	0	3
11	19	"e7+g2+su(2)+so(7)+2 su(2)"	"e7+g2+su(2)+2(so(7)+2 su(2))"	15	155	2	1	0	0	0	0	0	0	64
11	19	"e7+g2+su(2)+so(7)+2 su(2)"	"e7+g2+su(2)+2(so(7)+2 su(2))"	16	155	2	1	0	0	0	0	0	0	114
11	19	"e7+g2+su(2)+so(7)+2 su(2)"	"e7+g2+su(2)+2(so(7)+2 su(2))"	17	155	2	1	0	0	0	0	0	0	23
11	19	"e7+g2+su(2)+so(7)+2 su(2)"	"e7+g2+su(2)+2(so(7)+2 su(2))"	18	155	2	1	0	0	0	0	0	0	16
11	19	"e7+g2+su(2)+so(7)+2 su(2)"	"e7+g2+su(2)+2(so(7)+2 su(2))"	19	155	2	1	0	0	0	0	0	0	3
11	19	"e7+g2+su(2)+so(7)+2 su(2)"	"e7+g2+su(2)+2(so(7)+2 su(2))"	20	155	2	1	0	0	0	0	0	0	2
11	19	"e7+g2+su(2)+so(7)+2 su(2)"	"e7+g2+su(2)+2(so(7)+2 su(2))"	21	155	2	1	0	0	0	0	0	0	4
11	19	"e7+g2+su(2)+so(7)+2 su(2)"	"e7+so(8)+2(g2+su(2))+so(7)+2 su(2)"	16	129	1	1	1	0	0	0	0	0	7
11	19	"e7+g2+su(2)+so(7)+2 su(2)"	"e7+so(8)+2(g2+su(2))+so(7)+2 su(2)"	17	129	1	1	1	0	0	0	0	0	3
11	19	"e7+g2+su(2)+so(7)+2 su(2)"	"e7+so(8)+2(so(7)+2 su(2))"	16	136	1	0	1	0	0	0	0	0	14
11	19	"e7+g2+su(2)+so(7)+2 su(2)"	"e7+so(8)+g2+su(2)+2(so(7)+2 su(2))"	16	127	2	1	1	0	0	0	0	0	4
11	19	"e7+g2+su(2)+so(7)+2 su(2)"	"e7+so(8)+g2+su(2)+2(so(7)+2 su(2))"	17	127	2	1	1	0	0	0	0	0	2
11	19	"e7+g2+su(2)+so(7)+2 su(2)"	"e7+so(8)+g2+su(2)+so(7)+2 su(2)"	16	138	0	0	1	0	0	0	0	0	2
11	19	"e7+g2+su(2)+so(7)+2 su(2)"	"e7+so(8)+su(3)+2(so(7)+2 su(2))"	16	128	1	1	1	0	0	0	0	0	7
11	19	"e7+g2+su(2)+so(7)+2 su(2)"	"e7+so(8)+su(3)+2(so(7)+2 su(2))"	17	128	1	1	1	0	0	0	0	0	6
11	19	"e7+g2+su(2)+so(7)+2 su(2)"	"e7+so(8)+su(3)+g2+su(2)+so(7)+2 su(2)"	16	130	0	1	1	0	0	0	0	0	2
11	19	"e7+g2+su(2)+so(7)+2 su(2)"	"e7+so(8)+su(3)+g2+su(2)+so(7)+2 su(2)"	17	130	0	1	1	0	0	0	0	0	2
11	19	"e7+g2+su(2)+so(7)+2 su(2)"	"e7+su(3)+2(g2+su(2))+so(7)+2 su(2)"	16	149	1	2	0	0	0	0	0	0	30
11	19	"e7+g2+su(2)+so(7)+2 su(2)"	"e7+su(3)+2(g2+su(2))+so(7)+2 su(2)"	17	149	1	2	0	0	0	0	0	0	7
11	19	"e7+g2+su(2)+so(7)+2 su(2)"	"e7+su(3)+2(g2+su(2))+so(7)+2 su(2)"	18	149	1	2	0	0	0	0	0	0	5
11	19	"e7+g2+su(2)+so(7)+2 su(2)"	"e7+su(3)+2(so(7)+2 su(2))"	15	156	1	1	0	0	0	0	0	0	41
11	19	"e7+g2+su(2)+so(7)+2 su(2)"	"e7+su(3)+2(so(7)+2 su(2))"	16	156	1	1	0	0	0	0	0	0	54
11	19	"e7+g2+su(2)+so(7)+2 su(2)"	"e7+su(3)+2(so(7)+2 su(2))"	17	156	1	1	0	0	0	0	0	0	9
11	19	"e7+g2+su(2)+so(7)+2 su(2)"	"e7+su(3)+2(so(7)+2 su(2))"	18	156	1	1	0	0	0	0	0	0	6
11	19	"e7+g2+su(2)+so(7)+2 su(2)"	"e7+su(3)+2(so(7)+2 su(2))"	19	156	1	1	0	0	0	0	0	0	5
11	19	"e7+g2+su(2)+so(7)+2 su(2)"	"e7+su(3)+2(so(7)+2 su(2))"	20	156	1	1	0	0	0	0	0	0	3
11	19	"e7+g2+su(2)+so(7)+2 su(2)"	"e7+su(3)+g2+su(2)+2(so(7)+2 su(2))"	16	147	2	2	0	0	0	0	0	0	17
11	19	"e7+g2+su(2)+so(7)+2 su(2)"	"e7+su(3)+g2+su(2)+2(so(7)+2 su(2))"	17	147	2	2	0	0	0	0	0	0	8
11	19	"e7+g2+su(2)+so(7)+2 su(2)"	"e7+su(3)+g2+su(2)+2(so(7)+2 su(2))"	21	147	2	2	0	0	0	0	0	0	3
11	19	"e7+g2+su(2)+so(7)+2 su(2)"	"e7+su(3)+g2+su(2)+so(7)+2 su(2)"	15	158	0	1	0	0	0	0	0	0	6
11	19	"e7+g2+su(2)+so(7)+2 su(2)"	"e7+su(3)+g2+su(2)+so(7)+2 su(2)"	16	158	0	1	0	0	0	0	0	0	4
11	19	"e7+g2+su(2)+so(7)+2 su(2)"	"e7+su(3)+g2+su(2)+so(7)+2 su(2)"	17	158	0	1	0	0	0	0	0	0	2
11	19	"e7+g2+su(2)+so(7)+2 su(2)"	"e7+su(3)+g2+su(2)+so(7)+2 su(2)"	20	158	0	1	0	0	0	0	0	0	2
11	20	"e7'+g2+su(2)+so(7)+2 su(2)"	"2 e7'+2(g2+su(2))+so(7)+2 su(2)"	18	80	1	1	0	0	0	1	0	0	3
11	20	"e7'+g2+su(2)+so(7)+2 su(2)"	"2 e7'+2(g2+su(2))+so(7)+2 su(2)"	19	80	1	1	0	0	0	1	0	0	3
11	20	"e7'+g2+su(2)+so(7)+2 su(2)"	"2 e7'+2(g2+su(2))+so(7)+2 su(2)"	20	80	1	1	0	0	0	1	0	0	5
11	20	"e7'+g2+su(2)+so(7)+2 su(2)"	"2 e7'+2(so(7)+2 su(2))"	18	87	1	0	0	0	0	1	0	0	7
11	20	"e7'+g2+su(2)+so(7)+2 su(2)"	"2 e7'+2(so(7)+2 su(2))"	19	87	1	0	0	0	0	1	0	0	3
11	20	"e7'+g2+su(2)+so(7)+2 su(2)"	"2 e7'+2 su(3)+2(so(7)+2 su(2))"	19	71	1	2	0	0	0	1	0	0	2
11	20	"e7'+g2+su(2)+so(7)+2 su(2)"	"2 e7'+g2+su(2)+2(so(7)+2 su(2))"	18	78	2	1	0	0	0	1	0	0	3
11	20	"e7'+g2+su(2)+so(7)+2 su(2)"	"2 e7'+g2+su(2)+2(so(7)+2 su(2))"	22	78	2	1	0	0	0	1	0	0	2
11	20	"e7'+g2+su(2)+so(7)+2 su(2)"	"2 e7'+so(8)+2(so(7)+2 su(2))"	19	59	1	0	1	0	0	1	0	0	2
11	20	"e7'+g2+su(2)+so(7)+2 su(2)"	"2 e7'+su(3)+2(g2+su(2))+so(7)+2 su(2)"	19	72	1	2	0	0	0	1	0	0	2
11	20	"e7'+g2+su(2)+so(7)+2 su(2)"	"2 e7'+su(3)+2(so(7)+2 su(2))"	18	79	1	1	0	0	0	1	0	0	6
11	20	"e7'+g2+su(2)+so(7)+2 su(2)"	"2 e7'+su(3)+2(so(7)+2 su(2))"	19	79	1	1	0	0	0	1	0	0	8
11	20	"e7'+g2+su(2)+so(7)+2 su(2)"	"2 e7'+su(3)+g2+su(2)+so(7)+2 su(2)"	20	81	0	1	0	0	0	1	0	0	3
11	20	"e7'+g2+su(2)+so(7)+2 su(2)"	"e7'+2(g2+su(2))+2(so(7)+2 su(2))"	15	174	3	2	0	0	0	0	0	0	2
11	20	"e7'+g2+su(2)+so(7)+2 su(2)"	"e7'+2(g2+su(2))+so(7)+2 su(2)"	13	185	1	1	0	0	0	0	0	0	2
11	20	"e7'+g2+su(2)+so(7)+2 su(2)"	"e7'+2(g2+su(2))+so(7)+2 su(2)"	14	185	1	1	0	0	0	0	0	0	9
11	20	"e7'+g2+su(2)+so(7)+2 su(2)"	"e7'+2(g2+su(2))+so(7)+2 su(2)"	15	185	1	1	0	0	0	0	0	0	56
11	20	"e7'+g2+su(2)+so(7)+2 su(2)"	"e7'+2(so(7)+2 su(2))"	14	192	1	0	0	0	0	0	0	0	10
11	20	"e7'+g2+su(2)+so(7)+2 su(2)"	"e7'+2(so(7)+2 su(2))"	16	192	1	0	0	0	0	0	0	0	6
11	20	"e7'+g2+su(2)+so(7)+2 su(2)"	"e7'+2(so(7)+2 su(2))"	17	192	1	0	0	0	0	0	0	0	4
11	20	"e7'+g2+su(2)+so(7)+2 su(2)"	"e7'+2(so(7)+2 su(2))"	18	192	1	0	0	0	0	0	0	0	2
11	20	"e7'+g2+su(2)+so(7)+2 su(2)"	"e7'+2(so(7)+2 su(2))"	19	192	1	0	0	0	0	0	0	0	2
11	20	"e7'+g2+su(2)+so(7)+2 su(2)"	"e7'+2 so(8)+2(so(7)+2 su(2))"	16	136	1	0	2	0	0	0	0	0	4
11	20	"e7'+g2+su(2)+so(7)+2 su(2)"	"e7'+2 so(8)+2(so(7)+2 su(2))"	17	136	1	0	2	0	0	0	0	0	3
11	20	"e7'+g2+su(2)+so(7)+2 su(2)"	"e7'+2 su(3)+2(g2+su(2))+so(7)+2 su(2)"	15	169	1	3	0	0	0	0	0	0	4
11	20	"e7'+g2+su(2)+so(7)+2 su(2)"	"e7'+2 su(3)+2(g2+su(2))+so(7)+2 su(2)"	16	169	1	3	0	0	0	0	0	0	2
11	20	"e7'+g2+su(2)+so(7)+2 su(2)"	"e7'+2 su(3)+2(so(7)+2 su(2))"	15	176	1	2	0	0	0	0	0	0	46
11	20	"e7'+g2+su(2)+so(7)+2 su(2)"	"e7'+2 su(3)+2(so(7)+2 su(2))"	16	176	1	2	0	0	0	0	0	0	20
11	20	"e7'+g2+su(2)+so(7)+2 su(2)"	"e7'+2 su(3)+2(so(7)+2 su(2))"	17	176	1	2	0	0	0	0	0	0	13
11	20	"e7'+g2+su(2)+so(7)+2 su(2)"	"e7'+2 su(3)+g2+su(2)+so(7)+2 su(2)"	15	178	0	2	0	0	0	0	0	0	15
11	20	"e7'+g2+su(2)+so(7)+2 su(2)"	"e7'+2 su(3)+g2+su(2)+so(7)+2 su(2)"	16	178	0	2	0	0	0	0	0	0	5
11	20	"e7'+g2+su(2)+so(7)+2 su(2)"	"e7'+3(g2+su(2))+so(7)+2 su(2)"	15	176	2	2	0	0	0	0	0	0	7
11	20	"e7'+g2+su(2)+so(7)+2 su(2)"	"e7'+3(g2+su(2))+so(7)+2 su(2)"	16	176	2	2	0	0	0	0	0	0	2
11	20	"e7'+g2+su(2)+so(7)+2 su(2)"	"e7'+3(so(7)+2 su(2))"	15	181	3	1	0	0	0	0	0	0	73
11	20	"e7'+g2+su(2)+so(7)+2 su(2)"	"e7'+3 su(3)+2(so(7)+2 su(2))"	15	168	1	3	0	0	0	0	0	0	2
11	20	"e7'+g2+su(2)+so(7)+2 su(2)"	"e7'+3 su(3)+2(so(7)+2 su(2))"	16	168	1	3	0	0	0	0	0	0	3
11	20	"e7'+g2+su(2)+so(7)+2 su(2)"	"e7'+3 su(3)+2(so(7)+2 su(2))"	18	168	1	3	0	0	0	0	0	0	2
11	20	"e7'+g2+su(2)+so(7)+2 su(2)"	"e7'+3 su(3)+g2+su(2)+so(7)+2 su(2)"	15	170	0	3	0	0	0	0	0	0	3
11	20	"e7'+g2+su(2)+so(7)+2 su(2)"	"e7'+3 su(3)+g2+su(2)+so(7)+2 su(2)"	16	170	0	3	0	0	0	0	0	0	2
11	20	"e7'+g2+su(2)+so(7)+2 su(2)"	"e7'+3 su(3)+g2+su(2)+so(7)+2 su(2)"	18	170	0	3	0	0	0	0	0	0	2
11	20	"e7'+g2+su(2)+so(7)+2 su(2)"	"e7'+e6+2(g2+su(2))+so(7)+2 su(2)"	17	107	1	1	0	0	1	0	0	0	5
11	20	"e7'+g2+su(2)+so(7)+2 su(2)"	"e7'+e6+2(g2+su(2))+so(7)+2 su(2)"	18	107	1	1	0	0	1	0	0	0	9
11	20	"e7'+g2+su(2)+so(7)+2 su(2)"	"e7'+e6+2(g2+su(2))+so(7)+2 su(2)"	20	107	1	1	0	0	1	0	0	0	2
11	20	"e7'+g2+su(2)+so(7)+2 su(2)"	"e7'+e6+2(g2+su(2))+so(7)+2 su(2)"	21	107	1	1	0	0	1	0	0	0	4
11	20	"e7'+g2+su(2)+so(7)+2 su(2)"	"e7'+e6+2(so(7)+2 su(2))"	17	114	1	0	0	0	1	0	0	0	13
11	20	"e7'+g2+su(2)+so(7)+2 su(2)"	"e7'+e6+2(so(7)+2 su(2))"	18	114	1	0	0	0	1	0	0	0	4
11	20	"e7'+g2+su(2)+so(7)+2 su(2)"	"e7'+e6+2(so(7)+2 su(2))"	19	114	1	0	0	0	1	0	0	0	2
11	20	"e7'+g2+su(2)+so(7)+2 su(2)"	"e7'+e6+2 su(3)+2(so(7)+2 su(2))"	18	98	1	2	0	0	1	0	0	0	2
11	20	"e7'+g2+su(2)+so(7)+2 su(2)"	"e7'+e6+g2+su(2)+2(so(7)+2 su(2))"	17	105	2	1	0	0	1	0	0	0	4
11	20	"e7'+g2+su(2)+so(7)+2 su(2)"	"e7'+e6+g2+su(2)+2(so(7)+2 su(2))"	18	105	2	1	0	0	1	0	0	0	4
11	20	"e7'+g2+su(2)+so(7)+2 su(2)"	"e7'+e6+so(8)+2(so(7)+2 su(2))"	18	86	1	0	1	0	1	0	0	0	4
11	20	"e7'+g2+su(2)+so(7)+2 su(2)"	"e7'+e6+su(3)+2(g2+su(2))+so(7)+2 su(2)"	18	99	1	2	0	0	1	0	0	0	2
11	20	"e7'+g2+su(2)+so(7)+2 su(2)"	"e7'+e6+su(3)+2(so(7)+2 su(2))"	17	106	1	1	0	0	1	0	0	0	8
11	20	"e7'+g2+su(2)+so(7)+2 su(2)"	"e7'+e6+su(3)+2(so(7)+2 su(2))"	18	106	1	1	0	0	1	0	0	0	10
11	20	"e7'+g2+su(2)+so(7)+2 su(2)"	"e7'+e6+su(3)+2(so(7)+2 su(2))"	19	106	1	1	0	0	1	0	0	0	5
11	20	"e7'+g2+su(2)+so(7)+2 su(2)"	"e7'+e6+su(3)+g2+su(2)+so(7)+2 su(2)"	20	108	0	1	0	0	1	0	0	0	2
11	20	"e7'+g2+su(2)+so(7)+2 su(2)"	"e7+e7'+2(g2+su(2))+so(7)+2 su(2)"	19	52	1	1	0	0	0	0	1	0	5
11	20	"e7'+g2+su(2)+so(7)+2 su(2)"	"e7+e7'+2(g2+su(2))+so(7)+2 su(2)"	20	52	1	1	0	0	0	0	1	0	6
11	20	"e7'+g2+su(2)+so(7)+2 su(2)"	"e7+e7'+2(so(7)+2 su(2))"	19	59	1	0	0	0	0	0	1	0	10
11	20	"e7'+g2+su(2)+so(7)+2 su(2)"	"e7+e7'+g2+su(2)+2(so(7)+2 su(2))"	19	50	2	1	0	0	0	0	1	0	3
11	20	"e7'+g2+su(2)+so(7)+2 su(2)"	"e7+e7'+g2+su(2)+2(so(7)+2 su(2))"	20	50	2	1	0	0	0	0	1	0	2
11	20	"e7'+g2+su(2)+so(7)+2 su(2)"	"e7+e7'+g2+su(2)+2(so(7)+2 su(2))"	21	50	2	1	0	0	0	0	1	0	2
11	20	"e7'+g2+su(2)+so(7)+2 su(2)"	"e7+e7'+so(8)+2(so(7)+2 su(2))"	20	31	1	0	1	0	0	0	1	0	2
11	20	"e7'+g2+su(2)+so(7)+2 su(2)"	"e7+e7'+su(3)+2(g2+su(2))+so(7)+2 su(2)"	19	44	1	2	0	0	0	0	1	0	2
11	20	"e7'+g2+su(2)+so(7)+2 su(2)"	"e7+e7'+su(3)+2(so(7)+2 su(2))"	19	51	1	1	0	0	0	0	1	0	7
11	20	"e7'+g2+su(2)+so(7)+2 su(2)"	"e7+e7'+su(3)+2(so(7)+2 su(2))"	20	51	1	1	0	0	0	0	1	0	8
11	20	"e7'+g2+su(2)+so(7)+2 su(2)"	"e7+e7'+su(3)+g2+su(2)+so(7)+2 su(2)"	20	53	0	1	0	0	0	0	1	0	4
11	20	"e7'+g2+su(2)+so(7)+2 su(2)"	"e7'+f4+2(g2+su(2))+so(7)+2 su(2)"	16	133	1	1	0	1	0	0	0	0	6
11	20	"e7'+g2+su(2)+so(7)+2 su(2)"	"e7'+f4+2(g2+su(2))+so(7)+2 su(2)"	17	133	1	1	0	1	0	0	0	0	12
11	20	"e7'+g2+su(2)+so(7)+2 su(2)"	"e7'+f4+2(g2+su(2))+so(7)+2 su(2)"	18	133	1	1	0	1	0	0	0	0	5
11	20	"e7'+g2+su(2)+so(7)+2 su(2)"	"e7'+f4+2(g2+su(2))+so(7)+2 su(2)"	20	133	1	1	0	1	0	0	0	0	6
11	20	"e7'+g2+su(2)+so(7)+2 su(2)"	"e7'+f4+2(g2+su(2))+so(7)+2 su(2)"	21	133	1	1	0	1	0	0	0	0	2
11	20	"e7'+g2+su(2)+so(7)+2 su(2)"	"e7'+f4+2(g2+su(2))+so(7)+2 su(2)"	28	133	1	1	0	1	0	0	0	0	2
11	20	"e7'+g2+su(2)+so(7)+2 su(2)"	"e7'+f4+2(g2+su(2))+so(7)+2 su(2)"	29	133	1	1	0	1	0	0	0	0	2
11	20	"e7'+g2+su(2)+so(7)+2 su(2)"	"e7'+f4+2(g2+su(2))+so(7)+2 su(2)"	39	133	1	1	0	1	0	0	0	0	2
11	20	"e7'+g2+su(2)+so(7)+2 su(2)"	"e7'+f4+2(g2+su(2))+so(7)+2 su(2)"	44	133	1	1	0	1	0	0	0	0	2
11	20	"e7'+g2+su(2)+so(7)+2 su(2)"	"e7'+f4+2(so(7)+2 su(2))"	16	140	1	0	0	1	0	0	0	0	13
11	20	"e7'+g2+su(2)+so(7)+2 su(2)"	"e7'+f4+2(so(7)+2 su(2))"	17	140	1	0	0	1	0	0	0	0	9
11	20	"e7'+g2+su(2)+so(7)+2 su(2)"	"e7'+f4+2(so(7)+2 su(2))"	18	140	1	0	0	1	0	0	0	0	5
11	20	"e7'+g2+su(2)+so(7)+2 su(2)"	"e7'+f4+2 su(3)+g2+su(2)+so(7)+2 su(2)"	17	126	0	2	0	1	0	0	0	0	2
11	20	"e7'+g2+su(2)+so(7)+2 su(2)"	"e7'+f4+2 su(3)+g2+su(2)+so(7)+2 su(2)"	23	126	0	2	0	1	0	0	0	0	2
11	20	"e7'+g2+su(2)+so(7)+2 su(2)"	"e7'+f4+g2+su(2)+2(so(7)+2 su(2))"	16	131	2	1	0	1	0	0	0	0	4
11	20	"e7'+g2+su(2)+so(7)+2 su(2)"	"e7'+f4+g2+su(2)+2(so(7)+2 su(2))"	17	131	2	1	0	1	0	0	0	0	4
11	20	"e7'+g2+su(2)+so(7)+2 su(2)"	"e7'+f4+g2+su(2)+2(so(7)+2 su(2))"	20	131	2	1	0	1	0	0	0	0	3
11	20	"e7'+g2+su(2)+so(7)+2 su(2)"	"e7'+f4+g2+su(2)+so(7)+2 su(2)"	11	142	0	0	0	1	0	0	0	0	2
11	20	"e7'+g2+su(2)+so(7)+2 su(2)"	"e7'+f4+so(8)+2(so(7)+2 su(2))"	17	112	1	0	1	1	0	0	0	0	5
11	20	"e7'+g2+su(2)+so(7)+2 su(2)"	"e7'+f4+so(8)+2(so(7)+2 su(2))"	18	112	1	0	1	1	0	0	0	0	2
11	20	"e7'+g2+su(2)+so(7)+2 su(2)"	"e7'+f4+so(8)+g2+su(2)+so(7)+2 su(2)"	15	114	0	0	1	1	0	0	0	0	2
11	20	"e7'+g2+su(2)+so(7)+2 su(2)"	"e7'+f4+su(3)+2(g2+su(2))+so(7)+2 su(2)"	17	125	1	2	0	1	0	0	0	0	2
11	20	"e7'+g2+su(2)+so(7)+2 su(2)"	"e7'+f4+su(3)+2(g2+su(2))+so(7)+2 su(2)"	18	125	1	2	0	1	0	0	0	0	4
11	20	"e7'+g2+su(2)+so(7)+2 su(2)"	"e7'+f4+su(3)+2(g2+su(2))+so(7)+2 su(2)"	19	125	1	2	0	1	0	0	0	0	2
11	20	"e7'+g2+su(2)+so(7)+2 su(2)"	"e7'+f4+su(3)+2(g2+su(2))+so(7)+2 su(2)"	20	125	1	2	0	1	0	0	0	0	2
11	20	"e7'+g2+su(2)+so(7)+2 su(2)"	"e7'+f4+su(3)+2(g2+su(2))+so(7)+2 su(2)"	23	125	1	2	0	1	0	0	0	0	2
11	20	"e7'+g2+su(2)+so(7)+2 su(2)"	"e7'+f4+su(3)+2(g2+su(2))+so(7)+2 su(2)"	32	125	1	2	0	1	0	0	0	0	2
11	20	"e7'+g2+su(2)+so(7)+2 su(2)"	"e7'+f4+su(3)+2(g2+su(2))+so(7)+2 su(2)"	47	125	1	2	0	1	0	0	0	0	2
11	20	"e7'+g2+su(2)+so(7)+2 su(2)"	"e7'+f4+su(3)+2(g2+su(2))+so(7)+2 su(2)"	65	125	1	2	0	1	0	0	0	0	2
11	20	"e7'+g2+su(2)+so(7)+2 su(2)"	"e7'+f4+su(3)+2(so(7)+2 su(2))"	16	132	1	1	0	1	0	0	0	0	6
11	20	"e7'+g2+su(2)+so(7)+2 su(2)"	"e7'+f4+su(3)+2(so(7)+2 su(2))"	17	132	1	1	0	1	0	0	0	0	14
11	20	"e7'+g2+su(2)+so(7)+2 su(2)"	"e7'+f4+su(3)+2(so(7)+2 su(2))"	18	132	1	1	0	1	0	0	0	0	2
11	20	"e7'+g2+su(2)+so(7)+2 su(2)"	"e7'+f4+su(3)+2(so(7)+2 su(2))"	19	132	1	1	0	1	0	0	0	0	3
11	20	"e7'+g2+su(2)+so(7)+2 su(2)"	"e7'+f4+su(3)+2(so(7)+2 su(2))"	20	132	1	1	0	1	0	0	0	0	2
11	20	"e7'+g2+su(2)+so(7)+2 su(2)"	"e7'+f4+su(3)+2(so(7)+2 su(2))"	22	132	1	1	0	1	0	0	0	0	2
11	20	"e7'+g2+su(2)+so(7)+2 su(2)"	"e7'+f4+su(3)+g2+su(2)+so(7)+2 su(2)"	14	134	0	1	0	1	0	0	0	0	2
11	20	"e7'+g2+su(2)+so(7)+2 su(2)"	"e7'+f4+su(3)+g2+su(2)+so(7)+2 su(2)"	20	134	0	1	0	1	0	0	0	0	2
11	20	"e7'+g2+su(2)+so(7)+2 su(2)"	"e7'+f4+su(3)+g2+su(2)+so(7)+2 su(2)"	28	134	0	1	0	1	0	0	0	0	2
11	20	"e7'+g2+su(2)+so(7)+2 su(2)"	"e7'+f4+su(3)+g2+su(2)+so(7)+2 su(2)"	38	134	0	1	0	1	0	0	0	0	2
11	20	"e7'+g2+su(2)+so(7)+2 su(2)"	"e7'+g2+su(2)+2(so(7)+2 su(2))"	14	183	2	1	0	0	0	0	0	0	14
11	20	"e7'+g2+su(2)+so(7)+2 su(2)"	"e7'+g2+su(2)+2(so(7)+2 su(2))"	15	183	2	1	0	0	0	0	0	0	199
11	20	"e7'+g2+su(2)+so(7)+2 su(2)"	"e7'+so(8)+2(g2+su(2))+so(7)+2 su(2)"	15	157	1	1	1	0	0	0	0	0	4
11	20	"e7'+g2+su(2)+so(7)+2 su(2)"	"e7'+so(8)+2(g2+su(2))+so(7)+2 su(2)"	16	157	1	1	1	0	0	0	0	0	20
11	20	"e7'+g2+su(2)+so(7)+2 su(2)"	"e7'+so(8)+2(g2+su(2))+so(7)+2 su(2)"	17	157	1	1	1	0	0	0	0	0	4
11	20	"e7'+g2+su(2)+so(7)+2 su(2)"	"e7'+so(8)+2(g2+su(2))+so(7)+2 su(2)"	19	157	1	1	1	0	0	0	0	0	5
11	20	"e7'+g2+su(2)+so(7)+2 su(2)"	"e7'+so(8)+2(g2+su(2))+so(7)+2 su(2)"	20	157	1	1	1	0	0	0	0	0	3
11	20	"e7'+g2+su(2)+so(7)+2 su(2)"	"e7'+so(8)+2(so(7)+2 su(2))"	15	164	1	0	1	0	0	0	0	0	20
11	20	"e7'+g2+su(2)+so(7)+2 su(2)"	"e7'+so(8)+2(so(7)+2 su(2))"	16	164	1	0	1	0	0	0	0	0	17
11	20	"e7'+g2+su(2)+so(7)+2 su(2)"	"e7'+so(8)+2(so(7)+2 su(2))"	17	164	1	0	1	0	0	0	0	0	8
11	20	"e7'+g2+su(2)+so(7)+2 su(2)"	"e7'+so(8)+2(so(7)+2 su(2))"	18	164	1	0	1	0	0	0	0	0	3
11	20	"e7'+g2+su(2)+so(7)+2 su(2)"	"e7'+so(8)+2 su(3)+2(so(7)+2 su(2))"	16	148	1	2	1	0	0	0	0	0	3
11	20	"e7'+g2+su(2)+so(7)+2 su(2)"	"e7'+so(8)+2 su(3)+2(so(7)+2 su(2))"	20	148	1	2	1	0	0	0	0	0	3
11	20	"e7'+g2+su(2)+so(7)+2 su(2)"	"e7'+so(8)+2 su(3)+2(so(7)+2 su(2))"	21	148	1	2	1	0	0	0	0	0	3
11	20	"e7'+g2+su(2)+so(7)+2 su(2)"	"e7'+so(8)+2 su(3)+g2+su(2)+so(7)+2 su(2)"	16	150	0	2	1	0	0	0	0	0	2
11	20	"e7'+g2+su(2)+so(7)+2 su(2)"	"e7'+so(8)+2 su(3)+g2+su(2)+so(7)+2 su(2)"	19	150	0	2	1	0	0	0	0	0	2
11	20	"e7'+g2+su(2)+so(7)+2 su(2)"	"e7'+so(8)+g2+su(2)+2(so(7)+2 su(2))"	16	155	2	1	1	0	0	0	0	0	19
11	20	"e7'+g2+su(2)+so(7)+2 su(2)"	"e7'+so(8)+g2+su(2)+2(so(7)+2 su(2))"	17	155	2	1	1	0	0	0	0	0	3
11	20	"e7'+g2+su(2)+so(7)+2 su(2)"	"e7'+so(8)+g2+su(2)+2(so(7)+2 su(2))"	19	155	2	1	1	0	0	0	0	0	5
11	20	"e7'+g2+su(2)+so(7)+2 su(2)"	"e7'+so(8)+g2+su(2)+2(so(7)+2 su(2))"	20	155	2	1	1	0	0	0	0	0	7
11	20	"e7'+g2+su(2)+so(7)+2 su(2)"	"e7'+so(8)+g2+su(2)+2(so(7)+2 su(2))"	22	155	2	1	1	0	0	0	0	0	2
11	20	"e7'+g2+su(2)+so(7)+2 su(2)"	"e7'+so(8)+g2+su(2)+2(so(7)+2 su(2))"	24	155	2	1	1	0	0	0	0	0	3
11	20	"e7'+g2+su(2)+so(7)+2 su(2)"	"e7'+so(8)+g2+su(2)+2(so(7)+2 su(2))"	37	155	2	1	1	0	0	0	0	0	4
11	20	"e7'+g2+su(2)+so(7)+2 su(2)"	"e7'+so(8)+g2+su(2)+so(7)+2 su(2)"	11	166	0	0	1	0	0	0	0	0	2
11	20	"e7'+g2+su(2)+so(7)+2 su(2)"	"e7'+so(8)+su(3)+2(g2+su(2))+so(7)+2 su(2)"	16	149	1	2	1	0	0	0	0	0	2
11	20	"e7'+g2+su(2)+so(7)+2 su(2)"	"e7'+so(8)+su(3)+2(g2+su(2))+so(7)+2 su(2)"	19	149	1	2	1	0	0	0	0	0	2
11	20	"e7'+g2+su(2)+so(7)+2 su(2)"	"e7'+so(8)+su(3)+2(g2+su(2))+so(7)+2 su(2)"	20	149	1	2	1	0	0	0	0	0	8
11	20	"e7'+g2+su(2)+so(7)+2 su(2)"	"e7'+so(8)+su(3)+2(g2+su(2))+so(7)+2 su(2)"	22	149	1	2	1	0	0	0	0	0	3
11	20	"e7'+g2+su(2)+so(7)+2 su(2)"	"e7'+so(8)+su(3)+2(g2+su(2))+so(7)+2 su(2)"	26	149	1	2	1	0	0	0	0	0	2
11	20	"e7'+g2+su(2)+so(7)+2 su(2)"	"e7'+so(8)+su(3)+2(g2+su(2))+so(7)+2 su(2)"	27	149	1	2	1	0	0	0	0	0	2
11	20	"e7'+g2+su(2)+so(7)+2 su(2)"	"e7'+so(8)+su(3)+2(g2+su(2))+so(7)+2 su(2)"	46	149	1	2	1	0	0	0	0	0	2
11	20	"e7'+g2+su(2)+so(7)+2 su(2)"	"e7'+so(8)+su(3)+2(so(7)+2 su(2))"	15	156	1	1	1	0	0	0	0	0	4
11	20	"e7'+g2+su(2)+so(7)+2 su(2)"	"e7'+so(8)+su(3)+2(so(7)+2 su(2))"	16	156	1	1	1	0	0	0	0	0	31
11	20	"e7'+g2+su(2)+so(7)+2 su(2)"	"e7'+so(8)+su(3)+2(so(7)+2 su(2))"	17	156	1	1	1	0	0	0	0	0	3
11	20	"e7'+g2+su(2)+so(7)+2 su(2)"	"e7'+so(8)+su(3)+2(so(7)+2 su(2))"	18	156	1	1	1	0	0	0	0	0	6
11	20	"e7'+g2+su(2)+so(7)+2 su(2)"	"e7'+so(8)+su(3)+2(so(7)+2 su(2))"	21	156	1	1	1	0	0	0	0	0	2
11	20	"e7'+g2+su(2)+so(7)+2 su(2)"	"e7'+so(8)+su(3)+2(so(7)+2 su(2))"	31	156	1	1	1	0	0	0	0	0	2
11	20	"e7'+g2+su(2)+so(7)+2 su(2)"	"e7'+so(8)+su(3)+g2+su(2)+so(7)+2 su(2)"	13	158	0	1	1	0	0	0	0	0	2
11	20	"e7'+g2+su(2)+so(7)+2 su(2)"	"e7'+so(8)+su(3)+g2+su(2)+so(7)+2 su(2)"	16	158	0	1	1	0	0	0	0	0	4
11	20	"e7'+g2+su(2)+so(7)+2 su(2)"	"e7'+su(3)+2(g2+su(2))+so(7)+2 su(2)"	15	177	1	2	0	0	0	0	0	0	68
11	20	"e7'+g2+su(2)+so(7)+2 su(2)"	"e7'+su(3)+2(g2+su(2))+so(7)+2 su(2)"	16	177	1	2	0	0	0	0	0	0	24
11	20	"e7'+g2+su(2)+so(7)+2 su(2)"	"e7'+su(3)+2(g2+su(2))+so(7)+2 su(2)"	17	177	1	2	0	0	0	0	0	0	12
11	20	"e7'+g2+su(2)+so(7)+2 su(2)"	"e7'+su(3)+2(so(7)+2 su(2))"	14	184	1	1	0	0	0	0	0	0	12
11	20	"e7'+g2+su(2)+so(7)+2 su(2)"	"e7'+su(3)+2(so(7)+2 su(2))"	15	184	1	1	0	0	0	0	0	0	75
11	20	"e7'+g2+su(2)+so(7)+2 su(2)"	"e7'+su(3)+3(so(7)+2 su(2))"	16	173	3	2	0	0	0	0	0	0	11
11	20	"e7'+g2+su(2)+so(7)+2 su(2)"	"e7'+su(3)+g2+su(2)+2(so(7)+2 su(2))"	15	175	2	2	0	0	0	0	0	0	53
11	20	"e7'+g2+su(2)+so(7)+2 su(2)"	"e7'+su(3)+g2+su(2)+2(so(7)+2 su(2))"	16	175	2	2	0	0	0	0	0	0	38
11	20	"e7'+g2+su(2)+so(7)+2 su(2)"	"e7'+su(3)+g2+su(2)+2(so(7)+2 su(2))"	17	175	2	2	0	0	0	0	0	0	8
11	20	"e7'+g2+su(2)+so(7)+2 su(2)"	"e7'+su(3)+g2+su(2)+2(so(7)+2 su(2))"	18	175	2	2	0	0	0	0	0	0	2
11	20	"e7'+g2+su(2)+so(7)+2 su(2)"	"e7'+su(3)+g2+su(2)+so(7)+2 su(2)"	11	186	0	1	0	0	0	0	0	0	2
11	21	"e7+2(g2+su(2))"	"e7+2(g2+su(2))+so(7)+2 su(2)"	15	157	2	1	0	0	0	0	0	0	109
11	21	"e7+2(g2+su(2))"	"e7+2(g2+su(2))+so(7)+2 su(2)"	16	157	2	1	0	0	0	0	0	0	275
11	21	"e7+2(g2+su(2))"	"e7+2(g2+su(2))+so(7)+2 su(2)"	17	157	2	1	0	0	0	0	0	0	33
11	21	"e7+2(g2+su(2))"	"e7+2(g2+su(2))+so(7)+2 su(2)"	18	157	2	1	0	0	0	0	0	0	18
11	21	"e7+2(g2+su(2))"	"e7+2(g2+su(2))+so(7)+2 su(2)"	19	157	2	1	0	0	0	0	0	0	14
11	21	"e7+2(g2+su(2))"	"e7+2(g2+su(2))+so(7)+2 su(2)"	20	157	2	1	0	0	0	0	0	0	20
11	21	"e7+2(g2+su(2))"	"e7+2(g2+su(2))+so(7)+2 su(2)"	21	157	2	1	0	0	0	0	0	0	21
11	21	"e7+2(g2+su(2))"	"e7+2(g2+su(2))+so(7)+2 su(2)"	23	157	2	1	0	0	0	0	0	0	3
11	21	"e7+2(g2+su(2))"	"e7+2(g2+su(2))+so(7)+2 su(2)"	27	157	2	1	0	0	0	0	0	0	3
11	21	"e7+2(g2+su(2))"	"e7+2(g2+su(2))+so(7)+2 su(2)"	28	157	2	1	0	0	0	0	0	0	2
11	21	"e7+2(g2+su(2))"	"e7+2 so(8)+g2+su(2)+so(7)+2 su(2)"	17	110	1	0	2	0	0	0	0	0	8
11	21	"e7+2(g2+su(2))"	"e7+2 su(3)+2(g2+su(2))"	16	152	0	2	0	0	0	0	0	0	13
11	21	"e7+2(g2+su(2))"	"e7+2 su(3)+2(g2+su(2))"	17	152	0	2	0	0	0	0	0	0	6
11	21	"e7+2(g2+su(2))"	"e7+2 su(3)+2(g2+su(2))"	19	152	0	2	0	0	0	0	0	0	4
11	21	"e7+2(g2+su(2))"	"e7+2 su(3)+2(g2+su(2))"	20	152	0	2	0	0	0	0	0	0	2
11	21	"e7+2(g2+su(2))"	"e7+2 su(3)+3(g2+su(2))"	16	143	1	3	0	0	0	0	0	0	5
11	21	"e7+2(g2+su(2))"	"e7+2 su(3)+3(g2+su(2))"	17	143	1	3	0	0	0	0	0	0	2
11	21	"e7+2(g2+su(2))"	"e7+2 su(3)+3(g2+su(2))"	19	143	1	3	0	0	0	0	0	0	4
11	21	"e7+2(g2+su(2))"	"e7+2 su(3)+3(g2+su(2))"	20	143	1	3	0	0	0	0	0	0	4
11	21	"e7+2(g2+su(2))"	"e7+2 su(3)+3(g2+su(2))"	22	143	1	3	0	0	0	0	0	0	4
11	21	"e7+2(g2+su(2))"	"e7+2 su(3)+g2+su(2)+so(7)+2 su(2)"	16	150	1	2	0	0	0	0	0	0	71
11	21	"e7+2(g2+su(2))"	"e7+2 su(3)+g2+su(2)+so(7)+2 su(2)"	17	150	1	2	0	0	0	0	0	0	11
11	21	"e7+2(g2+su(2))"	"e7+2 su(3)+g2+su(2)+so(7)+2 su(2)"	18	150	1	2	0	0	0	0	0	0	13
11	21	"e7+2(g2+su(2))"	"e7+2 su(3)+g2+su(2)+so(7)+2 su(2)"	19	150	1	2	0	0	0	0	0	0	3
11	21	"e7+2(g2+su(2))"	"e7+2 su(3)+g2+su(2)+so(7)+2 su(2)"	21	150	1	2	0	0	0	0	0	0	3
11	21	"e7+2(g2+su(2))"	"e7+3(g2+su(2))"	14	159	1	1	0	0	0	0	0	0	2
11	21	"e7+2(g2+su(2))"	"e7+3(g2+su(2))"	15	159	1	1	0	0	0	0	0	0	39
11	21	"e7+2(g2+su(2))"	"e7+3(g2+su(2))"	16	159	1	1	0	0	0	0	0	0	81
11	21	"e7+2(g2+su(2))"	"e7+3(g2+su(2))"	17	159	1	1	0	0	0	0	0	0	24
11	21	"e7+2(g2+su(2))"	"e7+3(g2+su(2))"	18	159	1	1	0	0	0	0	0	0	14
11	21	"e7+2(g2+su(2))"	"e7+3(g2+su(2))"	19	159	1	1	0	0	0	0	0	0	4
11	21	"e7+2(g2+su(2))"	"e7+3(g2+su(2))"	20	159	1	1	0	0	0	0	0	0	11
11	21	"e7+2(g2+su(2))"	"e7+3(g2+su(2))"	27	159	1	1	0	0	0	0	0	0	4
11	21	"e7+2(g2+su(2))"	"e7+3(g2+su(2))+so(7)+2 su(2)"	16	148	3	2	0	0	0	0	0	0	4
11	21	"e7+2(g2+su(2))"	"e7+3(g2+su(2))+so(7)+2 su(2)"	17	148	3	2	0	0	0	0	0	0	2
11	21	"e7+2(g2+su(2))"	"e7+3 su(3)+2(g2+su(2))"	16	144	0	3	0	0	0	0	0	0	2
11	21	"e7+2(g2+su(2))"	"e7+3 su(3)+2(g2+su(2))"	17	144	0	3	0	0	0	0	0	0	2
11	21	"e7+2(g2+su(2))"	"e7+3 su(3)+2(g2+su(2))"	19	144	0	3	0	0	0	0	0	0	2
11	21	"e7+2(g2+su(2))"	"e7+3 su(3)+g2+su(2)+so(7)+2 su(2)"	16	142	1	3	0	0	0	0	0	0	3
11	21	"e7+2(g2+su(2))"	"e7+3 su(3)+g2+su(2)+so(7)+2 su(2)"	20	142	1	3	0	0	0	0	0	0	3
11	21	"e7+2(g2+su(2))"	"e7+4(g2+su(2))"	16	150	2	2	0	0	0	0	0	0	22
11	21	"e7+2(g2+su(2))"	"e7+4(g2+su(2))"	17	150	2	2	0	0	0	0	0	0	6
11	21	"e7+2(g2+su(2))"	"e7+4(g2+su(2))"	20	150	2	2	0	0	0	0	0	0	2
11	21	"e7+2(g2+su(2))"	"e7+f4+2(g2+su(2))"	11	116	0	0	0	1	0	0	0	0	2
11	21	"e7+2(g2+su(2))"	"e7+f4+2(g2+su(2))+so(7)+2 su(2)"	17	105	2	1	0	1	0	0	0	0	15
11	21	"e7+2(g2+su(2))"	"e7+f4+2(g2+su(2))+so(7)+2 su(2)"	18	105	2	1	0	1	0	0	0	0	6
11	21	"e7+2(g2+su(2))"	"e7+f4+2 su(3)+2(g2+su(2))"	18	100	0	2	0	1	0	0	0	0	2
11	21	"e7+2(g2+su(2))"	"e7+f4+2 su(3)+2(g2+su(2))"	20	100	0	2	0	1	0	0	0	0	2
11	21	"e7+2(g2+su(2))"	"e7+f4+2 su(3)+g2+su(2)+so(7)+2 su(2)"	18	98	1	2	0	1	0	0	0	0	2
11	21	"e7+2(g2+su(2))"	"e7+f4+3(g2+su(2))"	17	107	1	1	0	1	0	0	0	0	22
11	21	"e7+2(g2+su(2))"	"e7+f4+3(g2+su(2))"	18	107	1	1	0	1	0	0	0	0	8
11	21	"e7+2(g2+su(2))"	"e7+f4+3(g2+su(2))"	20	107	1	1	0	1	0	0	0	0	4
11	21	"e7+2(g2+su(2))"	"e7+f4+3(g2+su(2))"	21	107	1	1	0	1	0	0	0	0	6
11	21	"e7+2(g2+su(2))"	"e7+f4+g2+su(2)+so(7)+2 su(2)"	17	114	1	0	0	1	0	0	0	0	15
11	21	"e7+2(g2+su(2))"	"e7+f4+g2+su(2)+so(7)+2 su(2)"	18	114	1	0	0	1	0	0	0	0	2
11	21	"e7+2(g2+su(2))"	"e7+f4+g2+su(2)+so(7)+2 su(2)"	19	114	1	0	0	1	0	0	0	0	2
11	21	"e7+2(g2+su(2))"	"e7+f4+so(8)+2(g2+su(2))"	16	88	0	0	1	1	0	0	0	0	2
11	21	"e7+2(g2+su(2))"	"e7+f4+so(8)+g2+su(2)+so(7)+2 su(2)"	18	86	1	0	1	1	0	0	0	0	4
11	21	"e7+2(g2+su(2))"	"e7+f4+su(3)+2(g2+su(2))"	15	108	0	1	0	1	0	0	0	0	2
11	21	"e7+2(g2+su(2))"	"e7+f4+su(3)+2(g2+su(2))"	18	108	0	1	0	1	0	0	0	0	2
11	21	"e7+2(g2+su(2))"	"e7+f4+su(3)+2(g2+su(2))"	20	108	0	1	0	1	0	0	0	0	4
11	21	"e7+2(g2+su(2))"	"e7+f4+su(3)+2(g2+su(2))"	21	108	0	1	0	1	0	0	0	0	2
11	21	"e7+2(g2+su(2))"	"e7+f4+su(3)+3(g2+su(2))"	18	99	1	2	0	1	0	0	0	0	6
11	21	"e7+2(g2+su(2))"	"e7+f4+su(3)+g2+su(2)+so(7)+2 su(2)"	17	106	1	1	0	1	0	0	0	0	12
11	21	"e7+2(g2+su(2))"	"e7+f4+su(3)+g2+su(2)+so(7)+2 su(2)"	18	106	1	1	0	1	0	0	0	0	6
11	21	"e7+2(g2+su(2))"	"e7+f4+su(3)+g2+su(2)+so(7)+2 su(2)"	19	106	1	1	0	1	0	0	0	0	5
11	21	"e7+2(g2+su(2))"	"e7+g2+su(2)+2(so(7)+2 su(2))"	15	155	3	1	0	0	0	0	0	0	26
11	21	"e7+2(g2+su(2))"	"e7+g2+su(2)+2(so(7)+2 su(2))"	16	155	3	1	0	0	0	0	0	0	112
11	21	"e7+2(g2+su(2))"	"e7+g2+su(2)+2(so(7)+2 su(2))"	17	155	3	1	0	0	0	0	0	0	11
11	21	"e7+2(g2+su(2))"	"e7+g2+su(2)+2(so(7)+2 su(2))"	18	155	3	1	0	0	0	0	0	0	6
11	21	"e7+2(g2+su(2))"	"e7+g2+su(2)+2(so(7)+2 su(2))"	19	155	3	1	0	0	0	0	0	0	7
11	21	"e7+2(g2+su(2))"	"e7+g2+su(2)+2(so(7)+2 su(2))"	20	155	3	1	0	0	0	0	0	0	10
11	21	"e7+2(g2+su(2))"	"e7+g2+su(2)+2(so(7)+2 su(2))"	21	155	3	1	0	0	0	0	0	0	7
11	21	"e7+2(g2+su(2))"	"e7+g2+su(2)+2(so(7)+2 su(2))"	22	155	3	1	0	0	0	0	0	0	4
11	21	"e7+2(g2+su(2))"	"e7+g2+su(2)+2(so(7)+2 su(2))"	28	155	3	1	0	0	0	0	0	0	2
11	21	"e7+2(g2+su(2))"	"e7+g2+su(2)+2(so(7)+2 su(2))"	31	155	3	1	0	0	0	0	0	0	2
11	21	"e7+2(g2+su(2))"	"e7+g2+su(2)+so(7)+2 su(2)"	15	166	1	0	0	0	0	0	0	0	23
11	21	"e7+2(g2+su(2))"	"e7+g2+su(2)+so(7)+2 su(2)"	16	166	1	0	0	0	0	0	0	0	26
11	21	"e7+2(g2+su(2))"	"e7+g2+su(2)+so(7)+2 su(2)"	17	166	1	0	0	0	0	0	0	0	5
11	21	"e7+2(g2+su(2))"	"e7+g2+su(2)+so(7)+2 su(2)"	18	166	1	0	0	0	0	0	0	0	3
11	21	"e7+2(g2+su(2))"	"e7+g2+su(2)+so(7)+2 su(2)"	19	166	1	0	0	0	0	0	0	0	2
11	21	"e7+2(g2+su(2))"	"e7+so(8)+2(g2+su(2))"	11	140	0	0	1	0	0	0	0	0	2
11	21	"e7+2(g2+su(2))"	"e7+so(8)+2(g2+su(2))+so(7)+2 su(2)"	16	129	2	1	1	0	0	0	0	0	31
11	21	"e7+2(g2+su(2))"	"e7+so(8)+2(g2+su(2))+so(7)+2 su(2)"	17	129	2	1	1	0	0	0	0	0	17
11	21	"e7+2(g2+su(2))"	"e7+so(8)+2(g2+su(2))+so(7)+2 su(2)"	20	129	2	1	1	0	0	0	0	0	2
11	21	"e7+2(g2+su(2))"	"e7+so(8)+2(g2+su(2))+so(7)+2 su(2)"	21	129	2	1	1	0	0	0	0	0	3
11	21	"e7+2(g2+su(2))"	"e7+so(8)+2 su(3)+2(g2+su(2))"	17	124	0	2	1	0	0	0	0	0	2
11	21	"e7+2(g2+su(2))"	"e7+so(8)+2 su(3)+2(g2+su(2))"	23	124	0	2	1	0	0	0	0	0	2
11	21	"e7+2(g2+su(2))"	"e7+so(8)+2 su(3)+g2+su(2)+so(7)+2 su(2)"	17	122	1	2	1	0	0	0	0	0	2
11	21	"e7+2(g2+su(2))"	"e7+so(8)+2 su(3)+g2+su(2)+so(7)+2 su(2)"	18	122	1	2	1	0	0	0	0	0	4
11	21	"e7+2(g2+su(2))"	"e7+so(8)+3(g2+su(2))"	16	131	1	1	1	0	0	0	0	0	26
11	21	"e7+2(g2+su(2))"	"e7+so(8)+3(g2+su(2))"	17	131	1	1	1	0	0	0	0	0	26
11	21	"e7+2(g2+su(2))"	"e7+so(8)+3(g2+su(2))"	18	131	1	1	1	0	0	0	0	0	4
11	21	"e7+2(g2+su(2))"	"e7+so(8)+3(g2+su(2))"	19	131	1	1	1	0	0	0	0	0	2
11	21	"e7+2(g2+su(2))"	"e7+so(8)+3(g2+su(2))"	20	131	1	1	1	0	0	0	0	0	4
11	21	"e7+2(g2+su(2))"	"e7+so(8)+3(g2+su(2))"	29	131	1	1	1	0	0	0	0	0	2
11	21	"e7+2(g2+su(2))"	"e7+so(8)+3(g2+su(2))"	44	131	1	1	1	0	0	0	0	0	2
11	21	"e7+2(g2+su(2))"	"e7+so(8)+g2+su(2)+2(so(7)+2 su(2))"	16	127	3	1	1	0	0	0	0	0	3
11	21	"e7+2(g2+su(2))"	"e7+so(8)+g2+su(2)+so(7)+2 su(2)"	16	138	1	0	1	0	0	0	0	0	46
11	21	"e7+2(g2+su(2))"	"e7+so(8)+g2+su(2)+so(7)+2 su(2)"	17	138	1	0	1	0	0	0	0	0	11
11	21	"e7+2(g2+su(2))"	"e7+so(8)+g2+su(2)+so(7)+2 su(2)"	18	138	1	0	1	0	0	0	0	0	3
11	21	"e7+2(g2+su(2))"	"e7+so(8)+su(3)+2(g2+su(2))"	14	132	0	1	1	0	0	0	0	0	2
11	21	"e7+2(g2+su(2))"	"e7+so(8)+su(3)+2(g2+su(2))"	20	132	0	1	1	0	0	0	0	0	2
11	21	"e7+2(g2+su(2))"	"e7+so(8)+su(3)+2(g2+su(2))"	28	132	0	1	1	0	0	0	0	0	2
11	21	"e7+2(g2+su(2))"	"e7+so(8)+su(3)+2(g2+su(2))"	38	132	0	1	1	0	0	0	0	0	2
11	21	"e7+2(g2+su(2))"	"e7+so(8)+su(3)+2(g2+su(2))"	52	132	0	1	1	0	0	0	0	0	2
11	21	"e7+2(g2+su(2))"	"e7+so(8)+su(3)+3(g2+su(2))"	17	123	1	2	1	0	0	0	0	0	4
11	21	"e7+2(g2+su(2))"	"e7+so(8)+su(3)+3(g2+su(2))"	18	123	1	2	1	0	0	0	0	0	2
11	21	"e7+2(g2+su(2))"	"e7+so(8)+su(3)+g2+su(2)+so(7)+2 su(2)"	16	130	1	1	1	0	0	0	0	0	23
11	21	"e7+2(g2+su(2))"	"e7+so(8)+su(3)+g2+su(2)+so(7)+2 su(2)"	17	130	1	1	1	0	0	0	0	0	22
11	21	"e7+2(g2+su(2))"	"e7+so(8)+su(3)+g2+su(2)+so(7)+2 su(2)"	18	130	1	1	1	0	0	0	0	0	5
11	21	"e7+2(g2+su(2))"	"e7+so(8)+su(3)+g2+su(2)+so(7)+2 su(2)"	19	130	1	1	1	0	0	0	0	0	2
11	21	"e7+2(g2+su(2))"	"e7+so(8)+su(3)+g2+su(2)+so(7)+2 su(2)"	20	130	1	1	1	0	0	0	0	0	6
11	21	"e7+2(g2+su(2))"	"e7+so(8)+su(3)+g2+su(2)+so(7)+2 su(2)"	21	130	1	1	1	0	0	0	0	0	2
11	21	"e7+2(g2+su(2))"	"e7+so(8)+su(3)+g2+su(2)+so(7)+2 su(2)"	22	130	1	1	1	0	0	0	0	0	2
11	21	"e7+2(g2+su(2))"	"e7+su(3)+2(g2+su(2))"	11	160	0	1	0	0	0	0	0	0	2
11	21	"e7+2(g2+su(2))"	"e7+su(3)+2(g2+su(2))"	16	160	0	1	0	0	0	0	0	0	5
11	21	"e7+2(g2+su(2))"	"e7+su(3)+2(g2+su(2))"	17	160	0	1	0	0	0	0	0	0	4
11	21	"e7+2(g2+su(2))"	"e7+su(3)+2(g2+su(2))"	18	160	0	1	0	0	0	0	0	0	2
11	21	"e7+2(g2+su(2))"	"e7+su(3)+2(g2+su(2))"	19	160	0	1	0	0	0	0	0	0	2
11	21	"e7+2(g2+su(2))"	"e7+su(3)+2(g2+su(2))"	20	160	0	1	0	0	0	0	0	0	4
11	21	"e7+2(g2+su(2))"	"e7+su(3)+2(g2+su(2))+so(7)+2 su(2)"	16	149	2	2	0	0	0	0	0	0	139
11	21	"e7+2(g2+su(2))"	"e7+su(3)+2(g2+su(2))+so(7)+2 su(2)"	17	149	2	2	0	0	0	0	0	0	58
11	21	"e7+2(g2+su(2))"	"e7+su(3)+2(g2+su(2))+so(7)+2 su(2)"	18	149	2	2	0	0	0	0	0	0	14
11	21	"e7+2(g2+su(2))"	"e7+su(3)+2(g2+su(2))+so(7)+2 su(2)"	19	149	2	2	0	0	0	0	0	0	12
11	21	"e7+2(g2+su(2))"	"e7+su(3)+2(g2+su(2))+so(7)+2 su(2)"	20	149	2	2	0	0	0	0	0	0	3
11	21	"e7+2(g2+su(2))"	"e7+su(3)+2(g2+su(2))+so(7)+2 su(2)"	22	149	2	2	0	0	0	0	0	0	5
11	21	"e7+2(g2+su(2))"	"e7+su(3)+2(g2+su(2))+so(7)+2 su(2)"	23	149	2	2	0	0	0	0	0	0	4
11	21	"e7+2(g2+su(2))"	"e7+su(3)+2(g2+su(2))+so(7)+2 su(2)"	24	149	2	2	0	0	0	0	0	0	3
11	21	"e7+2(g2+su(2))"	"e7+su(3)+2(g2+su(2))+so(7)+2 su(2)"	30	149	2	2	0	0	0	0	0	0	2
11	21	"e7+2(g2+su(2))"	"e7+su(3)+2(g2+su(2))+so(7)+2 su(2)"	31	149	2	2	0	0	0	0	0	0	2
11	21	"e7+2(g2+su(2))"	"e7+su(3)+2(g2+su(2))+so(7)+2 su(2)"	38	149	2	2	0	0	0	0	0	0	3
11	21	"e7+2(g2+su(2))"	"e7+su(3)+2(g2+su(2))+so(7)+2 su(2)"	63	149	2	2	0	0	0	0	0	0	2
11	21	"e7+2(g2+su(2))"	"e7+su(3)+3(g2+su(2))"	15	151	1	2	0	0	0	0	0	0	2
11	21	"e7+2(g2+su(2))"	"e7+su(3)+3(g2+su(2))"	16	151	1	2	0	0	0	0	0	0	86
11	21	"e7+2(g2+su(2))"	"e7+su(3)+3(g2+su(2))"	17	151	1	2	0	0	0	0	0	0	22
11	21	"e7+2(g2+su(2))"	"e7+su(3)+3(g2+su(2))"	18	151	1	2	0	0	0	0	0	0	7
11	21	"e7+2(g2+su(2))"	"e7+su(3)+3(g2+su(2))"	19	151	1	2	0	0	0	0	0	0	5
11	21	"e7+2(g2+su(2))"	"e7+su(3)+3(g2+su(2))"	20	151	1	2	0	0	0	0	0	0	10
11	21	"e7+2(g2+su(2))"	"e7+su(3)+3(g2+su(2))"	22	151	1	2	0	0	0	0	0	0	2
11	21	"e7+2(g2+su(2))"	"e7+su(3)+3(g2+su(2))"	23	151	1	2	0	0	0	0	0	0	3
11	21	"e7+2(g2+su(2))"	"e7+su(3)+3(g2+su(2))"	24	151	1	2	0	0	0	0	0	0	2
11	21	"e7+2(g2+su(2))"	"e7+su(3)+3(g2+su(2))"	30	151	1	2	0	0	0	0	0	0	2
11	21	"e7+2(g2+su(2))"	"e7+su(3)+3(g2+su(2))"	63	151	1	2	0	0	0	0	0	0	2
11	21	"e7+2(g2+su(2))"	"e7+su(3)+g2+su(2)+2(so(7)+2 su(2))"	16	147	3	2	0	0	0	0	0	0	7
11	21	"e7+2(g2+su(2))"	"e7+su(3)+g2+su(2)+2(so(7)+2 su(2))"	17	147	3	2	0	0	0	0	0	0	4
11	21	"e7+2(g2+su(2))"	"e7+su(3)+g2+su(2)+2(so(7)+2 su(2))"	18	147	3	2	0	0	0	0	0	0	4
11	21	"e7+2(g2+su(2))"	"e7+su(3)+g2+su(2)+so(7)+2 su(2)"	15	158	1	1	0	0	0	0	0	0	41
11	21	"e7+2(g2+su(2))"	"e7+su(3)+g2+su(2)+so(7)+2 su(2)"	16	158	1	1	0	0	0	0	0	0	134
11	21	"e7+2(g2+su(2))"	"e7+su(3)+g2+su(2)+so(7)+2 su(2)"	17	158	1	1	0	0	0	0	0	0	20
11	21	"e7+2(g2+su(2))"	"e7+su(3)+g2+su(2)+so(7)+2 su(2)"	18	158	1	1	0	0	0	0	0	0	17
11	21	"e7+2(g2+su(2))"	"e7+su(3)+g2+su(2)+so(7)+2 su(2)"	19	158	1	1	0	0	0	0	0	0	16
11	21	"e7+2(g2+su(2))"	"e7+su(3)+g2+su(2)+so(7)+2 su(2)"	20	158	1	1	0	0	0	0	0	0	6
11	21	"e7+2(g2+su(2))"	"e7+su(3)+g2+su(2)+so(7)+2 su(2)"	27	158	1	1	0	0	0	0	0	0	3
11	22	"e7+su(3)+2(g2+su(2))"	"e7+2(g2+su(2))+2(so(7)+2 su(2))"	16	146	4	1	0	0	0	0	0	0	10
11	22	"e7+su(3)+2(g2+su(2))"	"e7+2(g2+su(2))+2(so(7)+2 su(2))"	17	146	4	1	0	0	0	0	0	0	5
11	22	"e7+su(3)+2(g2+su(2))"	"e7+2(g2+su(2))+so(7)+2 su(2)"	15	157	2	0	0	0	0	0	0	0	108
11	22	"e7+su(3)+2(g2+su(2))"	"e7+2(g2+su(2))+so(7)+2 su(2)"	16	157	2	0	0	0	0	0	0	0	164
11	22	"e7+su(3)+2(g2+su(2))"	"e7+2(g2+su(2))+so(7)+2 su(2)"	17	157	2	0	0	0	0	0	0	0	57
11	22	"e7+su(3)+2(g2+su(2))"	"e7+2(g2+su(2))+so(7)+2 su(2)"	18	157	2	0	0	0	0	0	0	0	35
11	22	"e7+su(3)+2(g2+su(2))"	"e7+2(g2+su(2))+so(7)+2 su(2)"	19	157	2	0	0	0	0	0	0	0	8
11	22	"e7+su(3)+2(g2+su(2))"	"e7+2(g2+su(2))+so(7)+2 su(2)"	20	157	2	0	0	0	0	0	0	0	19
11	22	"e7+su(3)+2(g2+su(2))"	"e7+2(g2+su(2))+so(7)+2 su(2)"	21	157	2	0	0	0	0	0	0	0	3
11	22	"e7+su(3)+2(g2+su(2))"	"e7+2 su(3)+2(g2+su(2))"	16	152	0	1	0	0	0	0	0	0	7
11	22	"e7+su(3)+2(g2+su(2))"	"e7+2 su(3)+2(g2+su(2))"	17	152	0	1	0	0	0	0	0	0	2
11	22	"e7+su(3)+2(g2+su(2))"	"e7+2 su(3)+2(g2+su(2))"	20	152	0	1	0	0	0	0	0	0	2
11	22	"e7+su(3)+2(g2+su(2))"	"e7+2 su(3)+2(g2+su(2))+so(7)+2 su(2)"	20	141	2	2	0	0	0	0	0	0	3
11	22	"e7+su(3)+2(g2+su(2))"	"e7+2 su(3)+2(so(7)+2 su(2))"	16	148	2	1	0	0	0	0	0	0	68
11	22	"e7+su(3)+2(g2+su(2))"	"e7+2 su(3)+2(so(7)+2 su(2))"	17	148	2	1	0	0	0	0	0	0	13
11	22	"e7+su(3)+2(g2+su(2))"	"e7+2 su(3)+2(so(7)+2 su(2))"	18	148	2	1	0	0	0	0	0	0	5
11	22	"e7+su(3)+2(g2+su(2))"	"e7+2 su(3)+3(g2+su(2))"	16	143	1	2	0	0	0	0	0	0	9
11	22	"e7+su(3)+2(g2+su(2))"	"e7+2 su(3)+3(g2+su(2))"	17	143	1	2	0	0	0	0	0	0	6
11	22	"e7+su(3)+2(g2+su(2))"	"e7+2 su(3)+3(g2+su(2))"	18	143	1	2	0	0	0	0	0	0	3
11	22	"e7+su(3)+2(g2+su(2))"	"e7+2 su(3)+g2+su(2)+so(7)+2 su(2)"	15	150	1	1	0	0	0	0	0	0	2
11	22	"e7+su(3)+2(g2+su(2))"	"e7+2 su(3)+g2+su(2)+so(7)+2 su(2)"	16	150	1	1	0	0	0	0	0	0	73
11	22	"e7+su(3)+2(g2+su(2))"	"e7+2 su(3)+g2+su(2)+so(7)+2 su(2)"	17	150	1	1	0	0	0	0	0	0	18
11	22	"e7+su(3)+2(g2+su(2))"	"e7+2 su(3)+g2+su(2)+so(7)+2 su(2)"	18	150	1	1	0	0	0	0	0	0	13
11	22	"e7+su(3)+2(g2+su(2))"	"e7+2 su(3)+g2+su(2)+so(7)+2 su(2)"	19	150	1	1	0	0	0	0	0	0	12
11	22	"e7+su(3)+2(g2+su(2))"	"e7+2 su(3)+g2+su(2)+so(7)+2 su(2)"	20	150	1	1	0	0	0	0	0	0	4
11	22	"e7+su(3)+2(g2+su(2))"	"e7+3(g2+su(2))"	15	159	1	0	0	0	0	0	0	0	10
11	22	"e7+su(3)+2(g2+su(2))"	"e7+3(g2+su(2))"	16	159	1	0	0	0	0	0	0	0	14
11	22	"e7+su(3)+2(g2+su(2))"	"e7+3(g2+su(2))"	17	159	1	0	0	0	0	0	0	0	9
11	22	"e7+su(3)+2(g2+su(2))"	"e7+3(g2+su(2))+so(7)+2 su(2)"	16	148	3	1	0	0	0	0	0	0	62
11	22	"e7+su(3)+2(g2+su(2))"	"e7+3(g2+su(2))+so(7)+2 su(2)"	17	148	3	1	0	0	0	0	0	0	8
11	22	"e7+su(3)+2(g2+su(2))"	"e7+3(g2+su(2))+so(7)+2 su(2)"	19	148	3	1	0	0	0	0	0	0	3
11	22	"e7+su(3)+2(g2+su(2))"	"e7+3(so(7)+2 su(2))"	15	153	4	0	0	0	0	0	0	0	23
11	22	"e7+su(3)+2(g2+su(2))"	"e7+3(so(7)+2 su(2))"	16	153	4	0	0	0	0	0	0	0	147
11	22	"e7+su(3)+2(g2+su(2))"	"e7+3(so(7)+2 su(2))"	17	153	4	0	0	0	0	0	0	0	28
11	22	"e7+su(3)+2(g2+su(2))"	"e7+3(so(7)+2 su(2))"	18	153	4	0	0	0	0	0	0	0	7
11	22	"e7+su(3)+2(g2+su(2))"	"e7+3(so(7)+2 su(2))"	19	153	4	0	0	0	0	0	0	0	8
11	22	"e7+su(3)+2(g2+su(2))"	"e7+3(so(7)+2 su(2))"	20	153	4	0	0	0	0	0	0	0	4
11	22	"e7+su(3)+2(g2+su(2))"	"e7+3(so(7)+2 su(2))"	21	153	4	0	0	0	0	0	0	0	3
11	22	"e7+su(3)+2(g2+su(2))"	"e7+3 su(3)+2(g2+su(2))"	16	144	0	2	0	0	0	0	0	0	4
11	22	"e7+su(3)+2(g2+su(2))"	"e7+3 su(3)+2(g2+su(2))"	17	144	0	2	0	0	0	0	0	0	2
11	22	"e7+su(3)+2(g2+su(2))"	"e7+3 su(3)+2(g2+su(2))"	20	144	0	2	0	0	0	0	0	0	2
11	22	"e7+su(3)+2(g2+su(2))"	"e7+3 su(3)+g2+su(2)+so(7)+2 su(2)"	16	142	1	2	0	0	0	0	0	0	6
11	22	"e7+su(3)+2(g2+su(2))"	"e7+3 su(3)+g2+su(2)+so(7)+2 su(2)"	17	142	1	2	0	0	0	0	0	0	4
11	22	"e7+su(3)+2(g2+su(2))"	"e7+3 su(3)+g2+su(2)+so(7)+2 su(2)"	18	142	1	2	0	0	0	0	0	0	4
11	22	"e7+su(3)+2(g2+su(2))"	"e7+4(g2+su(2))"	16	150	2	1	0	0	0	0	0	0	32
11	22	"e7+su(3)+2(g2+su(2))"	"e7+4(g2+su(2))"	17	150	2	1	0	0	0	0	0	0	10
11	22	"e7+su(3)+2(g2+su(2))"	"e7+4(g2+su(2))"	18	150	2	1	0	0	0	0	0	0	4
11	22	"e7+su(3)+2(g2+su(2))"	"e7+4(g2+su(2))"	19	150	2	1	0	0	0	0	0	0	4
11	22	"e7+su(3)+2(g2+su(2))"	"e7+f4+2(g2+su(2))+so(7)+2 su(2)"	17	105	2	0	0	1	0	0	0	0	19
11	22	"e7+su(3)+2(g2+su(2))"	"e7+f4+2(g2+su(2))+so(7)+2 su(2)"	18	105	2	0	0	1	0	0	0	0	2
11	22	"e7+su(3)+2(g2+su(2))"	"e7+f4+3(g2+su(2))"	17	107	1	0	0	1	0	0	0	0	10
11	22	"e7+su(3)+2(g2+su(2))"	"e7+f4+g2+su(2)+2(so(7)+2 su(2))"	17	103	3	0	0	1	0	0	0	0	9
11	22	"e7+su(3)+2(g2+su(2))"	"e7+f4+su(3)+3(g2+su(2))"	17	99	1	1	0	1	0	0	0	0	2
11	22	"e7+su(3)+2(g2+su(2))"	"e7+f4+su(3)+g2+su(2)+so(7)+2 su(2)"	17	106	1	0	0	1	0	0	0	0	11
11	22	"e7+su(3)+2(g2+su(2))"	"e7+g2+su(2)+2(so(7)+2 su(2))"	15	155	3	0	0	0	0	0	0	0	133
11	22	"e7+su(3)+2(g2+su(2))"	"e7+g2+su(2)+2(so(7)+2 su(2))"	16	155	3	0	0	0	0	0	0	0	357
11	22	"e7+su(3)+2(g2+su(2))"	"e7+g2+su(2)+2(so(7)+2 su(2))"	17	155	3	0	0	0	0	0	0	0	75
11	22	"e7+su(3)+2(g2+su(2))"	"e7+g2+su(2)+2(so(7)+2 su(2))"	18	155	3	0	0	0	0	0	0	0	34
11	22	"e7+su(3)+2(g2+su(2))"	"e7+g2+su(2)+2(so(7)+2 su(2))"	19	155	3	0	0	0	0	0	0	0	15
11	22	"e7+su(3)+2(g2+su(2))"	"e7+g2+su(2)+2(so(7)+2 su(2))"	20	155	3	0	0	0	0	0	0	0	11
11	22	"e7+su(3)+2(g2+su(2))"	"e7+g2+su(2)+2(so(7)+2 su(2))"	21	155	3	0	0	0	0	0	0	0	16
11	22	"e7+su(3)+2(g2+su(2))"	"e7+g2+su(2)+2(so(7)+2 su(2))"	22	155	3	0	0	0	0	0	0	0	7
11	22	"e7+su(3)+2(g2+su(2))"	"e7+g2+su(2)+2(so(7)+2 su(2))"	23	155	3	0	0	0	0	0	0	0	2
11	22	"e7+su(3)+2(g2+su(2))"	"e7+g2+su(2)+2(so(7)+2 su(2))"	24	155	3	0	0	0	0	0	0	0	2
11	22	"e7+su(3)+2(g2+su(2))"	"e7+g2+su(2)+2(so(7)+2 su(2))"	31	155	3	0	0	0	0	0	0	0	2
11	22	"e7+su(3)+2(g2+su(2))"	"e7+so(8)+2(g2+su(2))+so(7)+2 su(2)"	16	129	2	0	1	0	0	0	0	0	32
11	22	"e7+su(3)+2(g2+su(2))"	"e7+so(8)+2(g2+su(2))+so(7)+2 su(2)"	17	129	2	0	1	0	0	0	0	0	25
11	22	"e7+su(3)+2(g2+su(2))"	"e7+so(8)+2(g2+su(2))+so(7)+2 su(2)"	19	129	2	0	1	0	0	0	0	0	3
11	22	"e7+su(3)+2(g2+su(2))"	"e7+so(8)+2 su(3)+2(g2+su(2))"	17	124	0	1	1	0	0	0	0	0	2
11	22	"e7+su(3)+2(g2+su(2))"	"e7+so(8)+2 su(3)+g2+su(2)+so(7)+2 su(2)"	17	122	1	1	1	0	0	0	0	0	4
11	22	"e7+su(3)+2(g2+su(2))"	"e7+so(8)+3(g2+su(2))"	16	131	1	0	1	0	0	0	0	0	8
11	22	"e7+su(3)+2(g2+su(2))"	"e7+so(8)+3(g2+su(2))"	17	131	1	0	1	0	0	0	0	0	11
11	22	"e7+su(3)+2(g2+su(2))"	"e7+so(8)+3(so(7)+2 su(2))"	16	125	4	0	1	0	0	0	0	0	2
11	22	"e7+su(3)+2(g2+su(2))"	"e7+so(8)+3(so(7)+2 su(2))"	17	125	4	0	1	0	0	0	0	0	4
11	22	"e7+su(3)+2(g2+su(2))"	"e7+so(8)+g2+su(2)+2(so(7)+2 su(2))"	16	127	3	0	1	0	0	0	0	0	17
11	22	"e7+su(3)+2(g2+su(2))"	"e7+so(8)+g2+su(2)+2(so(7)+2 su(2))"	17	127	3	0	1	0	0	0	0	0	18
11	22	"e7+su(3)+2(g2+su(2))"	"e7+so(8)+su(3)+2(so(7)+2 su(2))"	16	128	2	0	1	0	0	0	0	0	9
11	22	"e7+su(3)+2(g2+su(2))"	"e7+so(8)+su(3)+2(so(7)+2 su(2))"	17	128	2	0	1	0	0	0	0	0	9
11	22	"e7+su(3)+2(g2+su(2))"	"e7+so(8)+su(3)+3(g2+su(2))"	17	123	1	1	1	0	0	0	0	0	3
11	22	"e7+su(3)+2(g2+su(2))"	"e7+so(8)+su(3)+g2+su(2)+so(7)+2 su(2)"	16	130	1	0	1	0	0	0	0	0	19
11	22	"e7+su(3)+2(g2+su(2))"	"e7+so(8)+su(3)+g2+su(2)+so(7)+2 su(2)"	17	130	1	0	1	0	0	0	0	0	12
11	22	"e7+su(3)+2(g2+su(2))"	"e7+su(3)+2(g2+su(2))+so(7)+2 su(2)"	15	149	2	1	0	0	0	0	0	0	4
11	22	"e7+su(3)+2(g2+su(2))"	"e7+su(3)+2(g2+su(2))+so(7)+2 su(2)"	16	149	2	1	0	0	0	0	0	0	245
11	22	"e7+su(3)+2(g2+su(2))"	"e7+su(3)+2(g2+su(2))+so(7)+2 su(2)"	17	149	2	1	0	0	0	0	0	0	53
11	22	"e7+su(3)+2(g2+su(2))"	"e7+su(3)+2(g2+su(2))+so(7)+2 su(2)"	18	149	2	1	0	0	0	0	0	0	33
11	22	"e7+su(3)+2(g2+su(2))"	"e7+su(3)+2(g2+su(2))+so(7)+2 su(2)"	19	149	2	1	0	0	0	0	0	0	6
11	22	"e7+su(3)+2(g2+su(2))"	"e7+su(3)+2(g2+su(2))+so(7)+2 su(2)"	20	149	2	1	0	0	0	0	0	0	9
11	22	"e7+su(3)+2(g2+su(2))"	"e7+su(3)+2(g2+su(2))+so(7)+2 su(2)"	21	149	2	1	0	0	0	0	0	0	6
11	22	"e7+su(3)+2(g2+su(2))"	"e7+su(3)+2(g2+su(2))+so(7)+2 su(2)"	22	149	2	1	0	0	0	0	0	0	4
11	22	"e7+su(3)+2(g2+su(2))"	"e7+su(3)+2(so(7)+2 su(2))"	15	156	2	0	0	0	0	0	0	0	53
11	22	"e7+su(3)+2(g2+su(2))"	"e7+su(3)+2(so(7)+2 su(2))"	16	156	2	0	0	0	0	0	0	0	87
11	22	"e7+su(3)+2(g2+su(2))"	"e7+su(3)+2(so(7)+2 su(2))"	17	156	2	0	0	0	0	0	0	0	22
11	22	"e7+su(3)+2(g2+su(2))"	"e7+su(3)+2(so(7)+2 su(2))"	18	156	2	0	0	0	0	0	0	0	11
11	22	"e7+su(3)+2(g2+su(2))"	"e7+su(3)+2(so(7)+2 su(2))"	19	156	2	0	0	0	0	0	0	0	4
11	22	"e7+su(3)+2(g2+su(2))"	"e7+su(3)+2(so(7)+2 su(2))"	20	156	2	0	0	0	0	0	0	0	3
11	22	"e7+su(3)+2(g2+su(2))"	"e7+su(3)+3(g2+su(2))"	15	151	1	1	0	0	0	0	0	0	2
11	22	"e7+su(3)+2(g2+su(2))"	"e7+su(3)+3(g2+su(2))"	16	151	1	1	0	0	0	0	0	0	53
11	22	"e7+su(3)+2(g2+su(2))"	"e7+su(3)+3(g2+su(2))"	17	151	1	1	0	0	0	0	0	0	13
11	22	"e7+su(3)+2(g2+su(2))"	"e7+su(3)+3(g2+su(2))"	18	151	1	1	0	0	0	0	0	0	16
11	22	"e7+su(3)+2(g2+su(2))"	"e7+su(3)+3(g2+su(2))"	19	151	1	1	0	0	0	0	0	0	7
11	22	"e7+su(3)+2(g2+su(2))"	"e7+su(3)+3(g2+su(2))"	20	151	1	1	0	0	0	0	0	0	9
11	22	"e7+su(3)+2(g2+su(2))"	"e7+su(3)+3(so(7)+2 su(2))"	16	145	4	1	0	0	0	0	0	0	13
11	22	"e7+su(3)+2(g2+su(2))"	"e7+su(3)+3(so(7)+2 su(2))"	17	145	4	1	0	0	0	0	0	0	5
11	22	"e7+su(3)+2(g2+su(2))"	"e7+su(3)+4(g2+su(2))"	19	142	2	2	0	0	0	0	0	0	2
11	22	"e7+su(3)+2(g2+su(2))"	"e7+su(3)+g2+su(2)+2(so(7)+2 su(2))"	16	147	3	1	0	0	0	0	0	0	128
11	22	"e7+su(3)+2(g2+su(2))"	"e7+su(3)+g2+su(2)+2(so(7)+2 su(2))"	17	147	3	1	0	0	0	0	0	0	33
11	22	"e7+su(3)+2(g2+su(2))"	"e7+su(3)+g2+su(2)+2(so(7)+2 su(2))"	18	147	3	1	0	0	0	0	0	0	7
11	22	"e7+su(3)+2(g2+su(2))"	"e7+su(3)+g2+su(2)+2(so(7)+2 su(2))"	21	147	3	1	0	0	0	0	0	0	10
11	22	"e7+su(3)+2(g2+su(2))"	"e7+su(3)+g2+su(2)+2(so(7)+2 su(2))"	24	147	3	1	0	0	0	0	0	0	4
11	22	"e7+su(3)+2(g2+su(2))"	"e7+su(3)+g2+su(2)+so(7)+2 su(2)"	15	158	1	0	0	0	0	0	0	0	20
11	22	"e7+su(3)+2(g2+su(2))"	"e7+su(3)+g2+su(2)+so(7)+2 su(2)"	16	158	1	0	0	0	0	0	0	0	35
11	22	"e7+su(3)+2(g2+su(2))"	"e7+su(3)+g2+su(2)+so(7)+2 su(2)"	17	158	1	0	0	0	0	0	0	0	12
11	22	"e7+su(3)+2(g2+su(2))"	"e7+su(3)+g2+su(2)+so(7)+2 su(2)"	18	158	1	0	0	0	0	0	0	0	2
11	22	"e7+su(3)+2(g2+su(2))"	"e7+su(3)+g2+su(2)+so(7)+2 su(2)"	19	158	1	0	0	0	0	0	0	0	2
11	24	"e7+so(7)+2 su(2)"	"e7+2(g2+su(2))+so(7)+2 su(2)"	15	157	1	2	0	0	0	0	0	0	9
11	24	"e7+so(7)+2 su(2)"	"e7+2(g2+su(2))+so(7)+2 su(2)"	16	157	1	2	0	0	0	0	0	0	21
11	24	"e7+so(7)+2 su(2)"	"e7+2(g2+su(2))+so(7)+2 su(2)"	19	157	1	2	0	0	0	0	0	0	5
11	24	"e7+so(7)+2 su(2)"	"e7+2(g2+su(2))+so(7)+2 su(2)"	29	157	1	2	0	0	0	0	0	0	2
11	24	"e7+so(7)+2 su(2)"	"e7+2(so(7)+2 su(2))"	15	164	2	1	0	0	0	0	0	0	9
11	24	"e7+so(7)+2 su(2)"	"e7+2(so(7)+2 su(2))"	16	164	2	1	0	0	0	0	0	0	9
11	24	"e7+so(7)+2 su(2)"	"e7+2(so(7)+2 su(2))"	17	164	2	1	0	0	0	0	0	0	9
11	24	"e7+so(7)+2 su(2)"	"e7+2(so(7)+2 su(2))"	18	164	2	1	0	0	0	0	0	0	4
11	24	"e7+so(7)+2 su(2)"	"e7+2(so(7)+2 su(2))"	19	164	2	1	0	0	0	0	0	0	11
11	24	"e7+so(7)+2 su(2)"	"e7+2(so(7)+2 su(2))"	23	164	2	1	0	0	0	0	0	0	2
11	24	"e7+so(7)+2 su(2)"	"e7+2 su(3)+g2+su(2)+so(7)+2 su(2)"	18	150	0	3	0	0	0	0	0	0	2
11	24	"e7+so(7)+2 su(2)"	"e7+2 su(3)+so(7)+2 su(2)"	20	159	0	2	0	0	0	0	0	0	5
11	24	"e7+so(7)+2 su(2)"	"e7+g2+su(2)+2(so(7)+2 su(2))"	15	155	2	2	0	0	0	0	0	0	4
11	24	"e7+so(7)+2 su(2)"	"e7+g2+su(2)+2(so(7)+2 su(2))"	16	155	2	2	0	0	0	0	0	0	14
11	24	"e7+so(7)+2 su(2)"	"e7+g2+su(2)+2(so(7)+2 su(2))"	24	155	2	2	0	0	0	0	0	0	2
11	24	"e7+so(7)+2 su(2)"	"e7+g2+su(2)+so(7)+2 su(2)"	14	166	1	1	0	0	0	0	0	0	2
11	24	"e7+so(7)+2 su(2)"	"e7+g2+su(2)+so(7)+2 su(2)"	15	166	0	1	0	0	0	0	0	0	2
11	24	"e7+so(7)+2 su(2)"	"e7+g2+su(2)+so(7)+2 su(2)"	15	166	1	1	0	0	0	0	0	0	12
11	24	"e7+so(7)+2 su(2)"	"e7+g2+su(2)+so(7)+2 su(2)"	16	166	0	1	0	0	0	0	0	0	4
11	24	"e7+so(7)+2 su(2)"	"e7+g2+su(2)+so(7)+2 su(2)"	16	166	1	1	0	0	0	0	0	0	7
11	24	"e7+so(7)+2 su(2)"	"e7+g2+su(2)+so(7)+2 su(2)"	17	166	0	1	0	0	0	0	0	0	2
11	24	"e7+so(7)+2 su(2)"	"e7+g2+su(2)+so(7)+2 su(2)"	17	166	1	1	0	0	0	0	0	0	6
11	24	"e7+so(7)+2 su(2)"	"e7+g2+su(2)+so(7)+2 su(2)"	18	166	1	1	0	0	0	0	0	0	6
11	24	"e7+so(7)+2 su(2)"	"e7+g2+su(2)+so(7)+2 su(2)"	19	166	1	1	0	0	0	0	0	0	8
11	24	"e7+so(7)+2 su(2)"	"e7+so(8)+g2+su(2)+so(7)+2 su(2)"	16	138	0	1	1	0	0	0	0	0	2
11	24	"e7+so(7)+2 su(2)"	"e7+so(8)+g2+su(2)+so(7)+2 su(2)"	20	138	1	1	1	0	0	0	0	0	2
11	24	"e7+so(7)+2 su(2)"	"e7+su(3)+2(g2+su(2))+so(7)+2 su(2)"	19	149	1	3	0	0	0	0	0	0	2
11	24	"e7+so(7)+2 su(2)"	"e7+su(3)+2(g2+su(2))+so(7)+2 su(2)"	20	149	1	3	0	0	0	0	0	0	8
11	24	"e7+so(7)+2 su(2)"	"e7+su(3)+2(g2+su(2))+so(7)+2 su(2)"	21	149	1	3	0	0	0	0	0	0	4
11	24	"e7+so(7)+2 su(2)"	"e7+su(3)+2(g2+su(2))+so(7)+2 su(2)"	22	149	1	3	0	0	0	0	0	0	2
11	24	"e7+so(7)+2 su(2)"	"e7+su(3)+2(g2+su(2))+so(7)+2 su(2)"	23	149	1	3	0	0	0	0	0	0	4
11	24	"e7+so(7)+2 su(2)"	"e7+su(3)+2(g2+su(2))+so(7)+2 su(2)"	27	149	1	3	0	0	0	0	0	0	4
11	24	"e7+so(7)+2 su(2)"	"e7+su(3)+2(so(7)+2 su(2))"	21	156	2	2	0	0	0	0	0	0	8
11	24	"e7+so(7)+2 su(2)"	"e7+su(3)+g2+su(2)+so(7)+2 su(2)"	16	158	0	2	0	0	0	0	0	0	2
11	24	"e7+so(7)+2 su(2)"	"e7+su(3)+g2+su(2)+so(7)+2 su(2)"	18	158	1	2	0	0	0	0	0	0	32
11	24	"e7+so(7)+2 su(2)"	"e7+su(3)+g2+su(2)+so(7)+2 su(2)"	19	158	1	2	0	0	0	0	0	0	4
11	24	"e7+so(7)+2 su(2)"	"e7+su(3)+g2+su(2)+so(7)+2 su(2)"	20	158	1	2	0	0	0	0	0	0	15
11	24	"e7+so(7)+2 su(2)"	"e7+su(3)+g2+su(2)+so(7)+2 su(2)"	25	158	1	2	0	0	0	0	0	0	2
11	24	"e7+so(7)+2 su(2)"	"e7+su(3)+g2+su(2)+so(7)+2 su(2)"	28	158	1	2	0	0	0	0	0	0	2
11	25	"e7+so(7)+2 su(2)"	"e7+2(so(7)+2 su(2))"	15	164	2	1	0	0	0	0	0	0	2
11	25	"e7+so(7)+2 su(2)"	"e7+2(so(7)+2 su(2))"	16	164	2	1	0	0	0	0	0	0	2
11	25	"e7+so(7)+2 su(2)"	"e7+2(so(7)+2 su(2))"	17	164	2	1	0	0	0	0	0	0	2
11	25	"e7+so(7)+2 su(2)"	"e7+2(so(7)+2 su(2))"	19	164	2	1	0	0	0	0	0	0	3
11	25	"e7+so(7)+2 su(2)"	"e7+2 su(3)+so(7)+2 su(2)"	20	159	0	2	0	0	0	0	0	0	5
11	25	"e7+so(7)+2 su(2)"	"e7+g2+su(2)+so(7)+2 su(2)"	15	166	1	1	0	0	0	0	0	0	6
11	25	"e7+so(7)+2 su(2)"	"e7+g2+su(2)+so(7)+2 su(2)"	16	166	1	1	0	0	0	0	0	0	2
11	25	"e7+so(7)+2 su(2)"	"e7+g2+su(2)+so(7)+2 su(2)"	17	166	1	1	0	0	0	0	0	0	3
11	25	"e7+so(7)+2 su(2)"	"e7+g2+su(2)+so(7)+2 su(2)"	18	166	1	1	0	0	0	0	0	0	4
11	25	"e7+so(7)+2 su(2)"	"e7+g2+su(2)+so(7)+2 su(2)"	19	166	1	1	0	0	0	0	0	0	4
11	25	"e7+so(7)+2 su(2)"	"e7+su(3)+2(so(7)+2 su(2))"	21	156	2	2	0	0	0	0	0	0	2
11	25	"e7+so(7)+2 su(2)"	"e7+su(3)+g2+su(2)+so(7)+2 su(2)"	18	158	1	2	0	0	0	0	0	0	14
11	25	"e7+so(7)+2 su(2)"	"e7+su(3)+g2+su(2)+so(7)+2 su(2)"	19	158	1	2	0	0	0	0	0	0	2
11	25	"e7+so(7)+2 su(2)"	"e7+su(3)+g2+su(2)+so(7)+2 su(2)"	20	158	1	2	0	0	0	0	0	0	13
11	25	"e7+so(7)+2 su(2)"	"e7+su(3)+g2+su(2)+so(7)+2 su(2)"	28	158	1	2	0	0	0	0	0	0	2
11	26	"e7+2(g2+su(2))"	"e7+2(g2+su(2))+2(so(7)+2 su(2))"	16	146	3	2	0	0	0	0	0	0	208
11	26	"e7+2(g2+su(2))"	"e7+2(g2+su(2))+2(so(7)+2 su(2))"	17	146	3	2	0	0	0	0	0	0	40
11	26	"e7+2(g2+su(2))"	"e7+2(g2+su(2))+2(so(7)+2 su(2))"	18	146	3	2	0	0	0	0	0	0	8
11	26	"e7+2(g2+su(2))"	"e7+2(g2+su(2))+2(so(7)+2 su(2))"	21	146	3	2	0	0	0	0	0	0	4
11	26	"e7+2(g2+su(2))"	"e7+2(g2+su(2))+2(so(7)+2 su(2))"	22	146	3	2	0	0	0	0	0	0	6
11	26	"e7+2(g2+su(2))"	"e7+2(g2+su(2))+2(so(7)+2 su(2))"	24	146	3	2	0	0	0	0	0	0	4
11	26	"e7+2(g2+su(2))"	"e7+2(g2+su(2))+2(so(7)+2 su(2))"	25	146	3	2	0	0	0	0	0	0	4
11	26	"e7+2(g2+su(2))"	"e7+2(g2+su(2))+2(so(7)+2 su(2))"	32	146	3	2	0	0	0	0	0	0	4
11	26	"e7+2(g2+su(2))"	"e7+2(g2+su(2))+2(so(7)+2 su(2))"	61	146	3	2	0	0	0	0	0	0	2
11	26	"e7+2(g2+su(2))"	"e7+2(g2+su(2))+so(7)+2 su(2)"	14	157	1	1	0	0	0	0	0	0	2
11	26	"e7+2(g2+su(2))"	"e7+2(g2+su(2))+so(7)+2 su(2)"	15	157	1	1	0	0	0	0	0	0	56
11	26	"e7+2(g2+su(2))"	"e7+2(g2+su(2))+so(7)+2 su(2)"	15	157	2	1	0	0	0	0	0	0	78
11	26	"e7+2(g2+su(2))"	"e7+2(g2+su(2))+so(7)+2 su(2)"	16	157	1	1	0	0	0	0	0	0	48
11	26	"e7+2(g2+su(2))"	"e7+2(g2+su(2))+so(7)+2 su(2)"	16	157	2	1	0	0	0	0	0	0	181
11	26	"e7+2(g2+su(2))"	"e7+2(g2+su(2))+so(7)+2 su(2)"	17	157	1	1	0	0	0	0	0	0	16
11	26	"e7+2(g2+su(2))"	"e7+2(g2+su(2))+so(7)+2 su(2)"	17	157	2	1	0	0	0	0	0	0	36
11	26	"e7+2(g2+su(2))"	"e7+2(g2+su(2))+so(7)+2 su(2)"	18	157	1	1	0	0	0	0	0	0	12
11	26	"e7+2(g2+su(2))"	"e7+2(g2+su(2))+so(7)+2 su(2)"	18	157	2	1	0	0	0	0	0	0	18
11	26	"e7+2(g2+su(2))"	"e7+2(g2+su(2))+so(7)+2 su(2)"	19	157	1	1	0	0	0	0	0	0	4
11	26	"e7+2(g2+su(2))"	"e7+2(g2+su(2))+so(7)+2 su(2)"	19	157	2	1	0	0	0	0	0	0	14
11	26	"e7+2(g2+su(2))"	"e7+2(g2+su(2))+so(7)+2 su(2)"	20	157	1	1	0	0	0	0	0	0	6
11	26	"e7+2(g2+su(2))"	"e7+2(g2+su(2))+so(7)+2 su(2)"	20	157	2	1	0	0	0	0	0	0	28
11	26	"e7+2(g2+su(2))"	"e7+2(g2+su(2))+so(7)+2 su(2)"	21	157	1	1	0	0	0	0	0	0	2
11	26	"e7+2(g2+su(2))"	"e7+2(g2+su(2))+so(7)+2 su(2)"	21	157	2	1	0	0	0	0	0	0	6
11	26	"e7+2(g2+su(2))"	"e7+2(g2+su(2))+so(7)+2 su(2)"	22	157	1	1	0	0	0	0	0	0	2
11	26	"e7+2(g2+su(2))"	"e7+2(g2+su(2))+so(7)+2 su(2)"	22	157	2	1	0	0	0	0	0	0	2
11	26	"e7+2(g2+su(2))"	"e7+2(g2+su(2))+so(7)+2 su(2)"	23	157	1	1	0	0	0	0	0	0	2
11	26	"e7+2(g2+su(2))"	"e7+2(g2+su(2))+so(7)+2 su(2)"	24	157	1	1	0	0	0	0	0	0	2
11	26	"e7+2(g2+su(2))"	"e7+2(g2+su(2))+so(7)+2 su(2)"	24	157	2	1	0	0	0	0	0	0	2
11	26	"e7+2(g2+su(2))"	"e7+2(g2+su(2))+so(7)+2 su(2)"	27	157	2	1	0	0	0	0	0	0	2
11	26	"e7+2(g2+su(2))"	"e7+2(g2+su(2))+so(7)+2 su(2)"	28	157	2	1	0	0	0	0	0	0	4
11	26	"e7+2(g2+su(2))"	"e7+2(g2+su(2))+so(7)+2 su(2)"	29	157	2	1	0	0	0	0	0	0	2
11	26	"e7+2(g2+su(2))"	"e7+2(so(7)+2 su(2))"	15	164	2	0	0	0	0	0	0	0	75
11	26	"e7+2(g2+su(2))"	"e7+2(so(7)+2 su(2))"	16	164	2	0	0	0	0	0	0	0	86
11	26	"e7+2(g2+su(2))"	"e7+2(so(7)+2 su(2))"	17	164	2	0	0	0	0	0	0	0	42
11	26	"e7+2(g2+su(2))"	"e7+2(so(7)+2 su(2))"	18	164	2	0	0	0	0	0	0	0	24
11	26	"e7+2(g2+su(2))"	"e7+2(so(7)+2 su(2))"	19	164	2	0	0	0	0	0	0	0	8
11	26	"e7+2(g2+su(2))"	"e7+2(so(7)+2 su(2))"	23	164	2	0	0	0	0	0	0	0	6
11	26	"e7+2(g2+su(2))"	"e7+2 so(8)+2(g2+su(2))+so(7)+2 su(2)"	17	101	1	1	2	0	0	0	0	0	5
11	26	"e7+2(g2+su(2))"	"e7+2 so(8)+2(g2+su(2))+so(7)+2 su(2)"	18	101	1	1	2	0	0	0	0	0	2
11	26	"e7+2(g2+su(2))"	"e7+2 so(8)+2(so(7)+2 su(2))"	17	108	2	0	2	0	0	0	0	0	3
11	26	"e7+2(g2+su(2))"	"e7+2 so(8)+g2+su(2)+so(7)+2 su(2)"	17	110	1	0	2	0	0	0	0	0	8
11	26	"e7+2(g2+su(2))"	"e7+2 su(3)+2(g2+su(2))"	16	152	0	2	0	0	0	0	0	0	13
11	26	"e7+2(g2+su(2))"	"e7+2 su(3)+2(g2+su(2))"	17	152	0	2	0	0	0	0	0	0	6
11	26	"e7+2(g2+su(2))"	"e7+2 su(3)+2(g2+su(2))"	19	152	0	2	0	0	0	0	0	0	4
11	26	"e7+2(g2+su(2))"	"e7+2 su(3)+2(g2+su(2))"	20	152	0	2	0	0	0	0	0	0	2
11	26	"e7+2(g2+su(2))"	"e7+2 su(3)+2(g2+su(2))+so(7)+2 su(2)"	16	141	1	3	0	0	0	0	0	0	77
11	26	"e7+2(g2+su(2))"	"e7+2 su(3)+2(g2+su(2))+so(7)+2 su(2)"	17	141	1	3	0	0	0	0	0	0	10
11	26	"e7+2(g2+su(2))"	"e7+2 su(3)+2(g2+su(2))+so(7)+2 su(2)"	18	141	1	3	0	0	0	0	0	0	12
11	26	"e7+2(g2+su(2))"	"e7+2 su(3)+2(g2+su(2))+so(7)+2 su(2)"	19	141	1	3	0	0	0	0	0	0	6
11	26	"e7+2(g2+su(2))"	"e7+2 su(3)+2(g2+su(2))+so(7)+2 su(2)"	20	141	1	3	0	0	0	0	0	0	6
11	26	"e7+2(g2+su(2))"	"e7+2 su(3)+2(g2+su(2))+so(7)+2 su(2)"	21	141	1	3	0	0	0	0	0	0	2
11	26	"e7+2(g2+su(2))"	"e7+2 su(3)+2(g2+su(2))+so(7)+2 su(2)"	63	141	1	3	0	0	0	0	0	0	2
11	26	"e7+2(g2+su(2))"	"e7+2 su(3)+2(so(7)+2 su(2))"	16	148	2	2	0	0	0	0	0	0	58
11	26	"e7+2(g2+su(2))"	"e7+2 su(3)+2(so(7)+2 su(2))"	17	148	2	2	0	0	0	0	0	0	6
11	26	"e7+2(g2+su(2))"	"e7+2 su(3)+2(so(7)+2 su(2))"	18	148	2	2	0	0	0	0	0	0	6
11	26	"e7+2(g2+su(2))"	"e7+2 su(3)+2(so(7)+2 su(2))"	21	148	2	2	0	0	0	0	0	0	2
11	26	"e7+2(g2+su(2))"	"e7+2 su(3)+2(so(7)+2 su(2))"	23	148	2	2	0	0	0	0	0	0	2
11	26	"e7+2(g2+su(2))"	"e7+2 su(3)+3(g2+su(2))"	16	143	0	3	0	0	0	0	0	0	16
11	26	"e7+2(g2+su(2))"	"e7+2 su(3)+3(g2+su(2))"	17	143	0	3	0	0	0	0	0	0	8
11	26	"e7+2(g2+su(2))"	"e7+2 su(3)+3(g2+su(2))"	17	143	1	3	0	0	0	0	0	0	2
11	26	"e7+2(g2+su(2))"	"e7+2 su(3)+3(g2+su(2))"	20	143	1	3	0	0	0	0	0	0	2
11	26	"e7+2(g2+su(2))"	"e7+2 su(3)+3(g2+su(2))"	21	143	0	3	0	0	0	0	0	0	2
11	26	"e7+2(g2+su(2))"	"e7+2 su(3)+3(g2+su(2))"	22	143	1	3	0	0	0	0	0	0	2
11	26	"e7+2(g2+su(2))"	"e7+2 su(3)+3(g2+su(2))"	23	143	0	3	0	0	0	0	0	0	2
11	26	"e7+2(g2+su(2))"	"e7+2 su(3)+3(so(7)+2 su(2))"	16	137	3	3	0	0	0	0	0	0	14
11	26	"e7+2(g2+su(2))"	"e7+2 su(3)+3(so(7)+2 su(2))"	17	137	3	3	0	0	0	0	0	0	4
11	26	"e7+2(g2+su(2))"	"e7+2 su(3)+4(g2+su(2))"	17	134	1	4	0	0	0	0	0	0	2
11	26	"e7+2(g2+su(2))"	"e7+2 su(3)+g2+su(2)+2(so(7)+2 su(2))"	16	139	2	3	0	0	0	0	0	0	89
11	26	"e7+2(g2+su(2))"	"e7+2 su(3)+g2+su(2)+2(so(7)+2 su(2))"	17	139	2	3	0	0	0	0	0	0	6
11	26	"e7+2(g2+su(2))"	"e7+2 su(3)+g2+su(2)+2(so(7)+2 su(2))"	19	139	2	3	0	0	0	0	0	0	4
11	26	"e7+2(g2+su(2))"	"e7+2 su(3)+g2+su(2)+2(so(7)+2 su(2))"	20	139	2	3	0	0	0	0	0	0	4
11	26	"e7+2(g2+su(2))"	"e7+2 su(3)+g2+su(2)+2(so(7)+2 su(2))"	22	139	2	3	0	0	0	0	0	0	4
11	26	"e7+2(g2+su(2))"	"e7+2 su(3)+g2+su(2)+2(so(7)+2 su(2))"	24	139	2	3	0	0	0	0	0	0	6
11	26	"e7+2(g2+su(2))"	"e7+2 su(3)+g2+su(2)+2(so(7)+2 su(2))"	26	139	2	3	0	0	0	0	0	0	2
11	26	"e7+2(g2+su(2))"	"e7+2 su(3)+g2+su(2)+2(so(7)+2 su(2))"	29	139	2	3	0	0	0	0	0	0	2
11	26	"e7+2(g2+su(2))"	"e7+2 su(3)+g2+su(2)+2(so(7)+2 su(2))"	40	139	2	3	0	0	0	0	0	0	2
11	26	"e7+2(g2+su(2))"	"e7+2 su(3)+g2+su(2)+so(7)+2 su(2)"	15	150	1	2	0	0	0	0	0	0	2
11	26	"e7+2(g2+su(2))"	"e7+2 su(3)+g2+su(2)+so(7)+2 su(2)"	16	150	1	2	0	0	0	0	0	0	78
11	26	"e7+2(g2+su(2))"	"e7+2 su(3)+g2+su(2)+so(7)+2 su(2)"	17	150	1	2	0	0	0	0	0	0	14
11	26	"e7+2(g2+su(2))"	"e7+2 su(3)+g2+su(2)+so(7)+2 su(2)"	18	150	1	2	0	0	0	0	0	0	18
11	26	"e7+2(g2+su(2))"	"e7+2 su(3)+g2+su(2)+so(7)+2 su(2)"	19	150	1	2	0	0	0	0	0	0	8
11	26	"e7+2(g2+su(2))"	"e7+2 su(3)+g2+su(2)+so(7)+2 su(2)"	21	150	1	2	0	0	0	0	0	0	2
11	26	"e7+2(g2+su(2))"	"e7+2 su(3)+g2+su(2)+so(7)+2 su(2)"	22	150	1	2	0	0	0	0	0	0	2
11	26	"e7+2(g2+su(2))"	"e7+2 su(3)+g2+su(2)+so(7)+2 su(2)"	23	150	1	2	0	0	0	0	0	0	4
11	26	"e7+2(g2+su(2))"	"e7+2 su(3)+g2+su(2)+so(7)+2 su(2)"	35	150	1	2	0	0	0	0	0	0	2
11	26	"e7+2(g2+su(2))"	"e7+2 su(3)+g2+su(2)+so(7)+2 su(2)"	37	150	1	2	0	0	0	0	0	0	2
11	26	"e7+2(g2+su(2))"	"e7+2 su(3)+g2+su(2)+so(7)+2 su(2)"	45	150	1	2	0	0	0	0	0	0	2
11	26	"e7+2(g2+su(2))"	"e7+2 su(3)+g2+su(2)+so(7)+2 su(2)"	63	150	1	2	0	0	0	0	0	0	2
11	26	"e7+2(g2+su(2))"	"e7+3(g2+su(2))"	14	159	1	1	0	0	0	0	0	0	2
11	26	"e7+2(g2+su(2))"	"e7+3(g2+su(2))"	15	159	0	1	0	0	0	0	0	0	6
11	26	"e7+2(g2+su(2))"	"e7+3(g2+su(2))"	15	159	1	1	0	0	0	0	0	0	19
11	26	"e7+2(g2+su(2))"	"e7+3(g2+su(2))"	16	159	1	1	0	0	0	0	0	0	40
11	26	"e7+2(g2+su(2))"	"e7+3(g2+su(2))"	17	159	0	1	0	0	0	0	0	0	2
11	26	"e7+2(g2+su(2))"	"e7+3(g2+su(2))"	17	159	1	1	0	0	0	0	0	0	16
11	26	"e7+2(g2+su(2))"	"e7+3(g2+su(2))"	18	159	1	1	0	0	0	0	0	0	8
11	26	"e7+2(g2+su(2))"	"e7+3(g2+su(2))"	19	159	1	1	0	0	0	0	0	0	4
11	26	"e7+2(g2+su(2))"	"e7+3(g2+su(2))"	20	159	1	1	0	0	0	0	0	0	8
11	26	"e7+2(g2+su(2))"	"e7+3(g2+su(2))"	27	159	1	1	0	0	0	0	0	0	2
11	26	"e7+2(g2+su(2))"	"e7+3(g2+su(2))+so(7)+2 su(2)"	15	148	2	2	0	0	0	0	0	0	2
11	26	"e7+2(g2+su(2))"	"e7+3(g2+su(2))+so(7)+2 su(2)"	16	148	2	2	0	0	0	0	0	0	179
11	26	"e7+2(g2+su(2))"	"e7+3(g2+su(2))+so(7)+2 su(2)"	17	148	2	2	0	0	0	0	0	0	10
11	26	"e7+2(g2+su(2))"	"e7+3(g2+su(2))+so(7)+2 su(2)"	18	148	2	2	0	0	0	0	0	0	2
11	26	"e7+2(g2+su(2))"	"e7+3(g2+su(2))+so(7)+2 su(2)"	19	148	2	2	0	0	0	0	0	0	2
11	26	"e7+2(g2+su(2))"	"e7+3(g2+su(2))+so(7)+2 su(2)"	20	148	2	2	0	0	0	0	0	0	12
11	26	"e7+2(g2+su(2))"	"e7+3(g2+su(2))+so(7)+2 su(2)"	21	148	2	2	0	0	0	0	0	0	6
11	26	"e7+2(g2+su(2))"	"e7+3(g2+su(2))+so(7)+2 su(2)"	22	148	2	2	0	0	0	0	0	0	4
11	26	"e7+2(g2+su(2))"	"e7+3(g2+su(2))+so(7)+2 su(2)"	23	148	2	2	0	0	0	0	0	0	4
11	26	"e7+2(g2+su(2))"	"e7+3(g2+su(2))+so(7)+2 su(2)"	24	148	2	2	0	0	0	0	0	0	4
11	26	"e7+2(g2+su(2))"	"e7+3(g2+su(2))+so(7)+2 su(2)"	29	148	2	2	0	0	0	0	0	0	4
11	26	"e7+2(g2+su(2))"	"e7+3(so(7)+2 su(2))"	15	153	3	1	0	0	0	0	0	0	98
11	26	"e7+2(g2+su(2))"	"e7+3(so(7)+2 su(2))"	15	153	4	1	0	0	0	0	0	0	2
11	26	"e7+2(g2+su(2))"	"e7+3(so(7)+2 su(2))"	16	153	3	1	0	0	0	0	0	0	300
11	26	"e7+2(g2+su(2))"	"e7+3(so(7)+2 su(2))"	16	153	4	1	0	0	0	0	0	0	40
11	26	"e7+2(g2+su(2))"	"e7+3(so(7)+2 su(2))"	17	153	3	1	0	0	0	0	0	0	54
11	26	"e7+2(g2+su(2))"	"e7+3(so(7)+2 su(2))"	17	153	4	1	0	0	0	0	0	0	16
11	26	"e7+2(g2+su(2))"	"e7+3(so(7)+2 su(2))"	18	153	3	1	0	0	0	0	0	0	42
11	26	"e7+2(g2+su(2))"	"e7+3(so(7)+2 su(2))"	18	153	4	1	0	0	0	0	0	0	4
11	26	"e7+2(g2+su(2))"	"e7+3(so(7)+2 su(2))"	19	153	3	1	0	0	0	0	0	0	10
11	26	"e7+2(g2+su(2))"	"e7+3(so(7)+2 su(2))"	20	153	3	1	0	0	0	0	0	0	2
11	26	"e7+2(g2+su(2))"	"e7+3(so(7)+2 su(2))"	20	153	4	1	0	0	0	0	0	0	6
11	26	"e7+2(g2+su(2))"	"e7+3(so(7)+2 su(2))"	21	153	3	1	0	0	0	0	0	0	26
11	26	"e7+2(g2+su(2))"	"e7+3(so(7)+2 su(2))"	22	153	3	1	0	0	0	0	0	0	2
11	26	"e7+2(g2+su(2))"	"e7+3(so(7)+2 su(2))"	22	153	4	1	0	0	0	0	0	0	2
11	26	"e7+2(g2+su(2))"	"e7+3(so(7)+2 su(2))"	23	153	3	1	0	0	0	0	0	0	2
11	26	"e7+2(g2+su(2))"	"e7+3(so(7)+2 su(2))"	24	153	3	1	0	0	0	0	0	0	4
11	26	"e7+2(g2+su(2))"	"e7+3(so(7)+2 su(2))"	25	153	4	1	0	0	0	0	0	0	2
11	26	"e7+2(g2+su(2))"	"e7+3(so(7)+2 su(2))"	30	153	3	1	0	0	0	0	0	0	6
11	26	"e7+2(g2+su(2))"	"e7+3(so(7)+2 su(2))"	33	153	4	1	0	0	0	0	0	0	2
11	26	"e7+2(g2+su(2))"	"e7+3(so(7)+2 su(2))"	39	153	3	1	0	0	0	0	0	0	4
11	26	"e7+2(g2+su(2))"	"e7+3(so(7)+2 su(2))"	40	153	4	1	0	0	0	0	0	0	2
11	26	"e7+2(g2+su(2))"	"e7+3 su(3)+2(g2+su(2))"	16	144	0	3	0	0	0	0	0	0	2
11	26	"e7+2(g2+su(2))"	"e7+3 su(3)+2(g2+su(2))"	17	144	0	3	0	0	0	0	0	0	2
11	26	"e7+2(g2+su(2))"	"e7+3 su(3)+2(g2+su(2))"	19	144	0	3	0	0	0	0	0	0	2
11	26	"e7+2(g2+su(2))"	"e7+3 su(3)+2(g2+su(2))+so(7)+2 su(2)"	16	133	1	4	0	0	0	0	0	0	5
11	26	"e7+2(g2+su(2))"	"e7+3 su(3)+2(g2+su(2))+so(7)+2 su(2)"	21	133	1	4	0	0	0	0	0	0	2
11	26	"e7+2(g2+su(2))"	"e7+3 su(3)+2(g2+su(2))+so(7)+2 su(2)"	29	133	1	4	0	0	0	0	0	0	4
11	26	"e7+2(g2+su(2))"	"e7+3 su(3)+3(g2+su(2))"	16	135	0	4	0	0	0	0	0	0	2
11	26	"e7+2(g2+su(2))"	"e7+3 su(3)+3(g2+su(2))"	17	135	0	4	0	0	0	0	0	0	2
11	26	"e7+2(g2+su(2))"	"e7+3 su(3)+3(g2+su(2))"	20	135	0	4	0	0	0	0	0	0	2
11	26	"e7+2(g2+su(2))"	"e7+3 su(3)+g2+su(2)+so(7)+2 su(2)"	16	142	1	3	0	0	0	0	0	0	4
11	26	"e7+2(g2+su(2))"	"e7+3 su(3)+g2+su(2)+so(7)+2 su(2)"	17	142	1	3	0	0	0	0	0	0	2
11	26	"e7+2(g2+su(2))"	"e7+3 su(3)+g2+su(2)+so(7)+2 su(2)"	20	142	1	3	0	0	0	0	0	0	2
11	26	"e7+2(g2+su(2))"	"e7+3 su(3)+g2+su(2)+so(7)+2 su(2)"	21	142	1	3	0	0	0	0	0	0	2
11	26	"e7+2(g2+su(2))"	"e7+3 su(3)+g2+su(2)+so(7)+2 su(2)"	22	142	1	3	0	0	0	0	0	0	2
11	26	"e7+2(g2+su(2))"	"e7+4(g2+su(2))"	15	150	1	2	0	0	0	0	0	0	2
11	26	"e7+2(g2+su(2))"	"e7+4(g2+su(2))"	16	150	1	2	0	0	0	0	0	0	30
11	26	"e7+2(g2+su(2))"	"e7+4(g2+su(2))"	16	150	2	2	0	0	0	0	0	0	2
11	26	"e7+2(g2+su(2))"	"e7+4(g2+su(2))"	17	150	1	2	0	0	0	0	0	0	8
11	26	"e7+2(g2+su(2))"	"e7+4(g2+su(2))"	17	150	2	2	0	0	0	0	0	0	6
11	26	"e7+2(g2+su(2))"	"e7+4(g2+su(2))"	18	150	1	2	0	0	0	0	0	0	2
11	26	"e7+2(g2+su(2))"	"e7+4(g2+su(2))"	19	150	1	2	0	0	0	0	0	0	4
11	26	"e7+2(g2+su(2))"	"e7+4(g2+su(2))"	20	150	1	2	0	0	0	0	0	0	6
11	26	"e7+2(g2+su(2))"	"e7+4(g2+su(2))"	29	150	1	2	0	0	0	0	0	0	2
11	26	"e7+2(g2+su(2))"	"e7+4(g2+su(2))"	44	150	1	2	0	0	0	0	0	0	2
11	26	"e7+2(g2+su(2))"	"e7+4(g2+su(2))"	63	150	1	2	0	0	0	0	0	0	2
11	26	"e7+2(g2+su(2))"	"e7+4(so(7)+2 su(2))"	17	142	5	2	0	0	0	0	0	0	12
11	26	"e7+2(g2+su(2))"	"e7+4(so(7)+2 su(2))"	18	142	5	2	0	0	0	0	0	0	8
11	26	"e7+2(g2+su(2))"	"e7+5(g2+su(2))"	16	141	2	3	0	0	0	0	0	0	2
11	26	"e7+2(g2+su(2))"	"e7+5(g2+su(2))"	17	141	2	3	0	0	0	0	0	0	2
11	26	"e7+2(g2+su(2))"	"e7+f4+2(g2+su(2))"	11	116	0	0	0	1	0	0	0	0	2
11	26	"e7+2(g2+su(2))"	"e7+f4+2(g2+su(2))+so(7)+2 su(2)"	17	105	1	1	0	1	0	0	0	0	14
11	26	"e7+2(g2+su(2))"	"e7+f4+2(g2+su(2))+so(7)+2 su(2)"	17	105	2	1	0	1	0	0	0	0	6
11	26	"e7+2(g2+su(2))"	"e7+f4+2(g2+su(2))+so(7)+2 su(2)"	18	105	1	1	0	1	0	0	0	0	4
11	26	"e7+2(g2+su(2))"	"e7+f4+2(g2+su(2))+so(7)+2 su(2)"	18	105	2	1	0	1	0	0	0	0	2
11	26	"e7+2(g2+su(2))"	"e7+f4+2(g2+su(2))+so(7)+2 su(2)"	21	105	2	1	0	1	0	0	0	0	2
11	26	"e7+2(g2+su(2))"	"e7+f4+2 su(3)+2(g2+su(2))"	18	100	0	2	0	1	0	0	0	0	2
11	26	"e7+2(g2+su(2))"	"e7+f4+2 su(3)+2(g2+su(2))"	20	100	0	2	0	1	0	0	0	0	2
11	26	"e7+2(g2+su(2))"	"e7+f4+2 su(3)+2(g2+su(2))+so(7)+2 su(2)"	18	89	1	3	0	1	0	0	0	0	2
11	26	"e7+2(g2+su(2))"	"e7+f4+2 su(3)+2(g2+su(2))+so(7)+2 su(2)"	19	89	1	3	0	1	0	0	0	0	2
11	26	"e7+2(g2+su(2))"	"e7+f4+2 su(3)+3(g2+su(2))"	18	91	0	3	0	1	0	0	0	0	2
11	26	"e7+2(g2+su(2))"	"e7+f4+2 su(3)+g2+su(2)+so(7)+2 su(2)"	18	98	1	2	0	1	0	0	0	0	2
11	26	"e7+2(g2+su(2))"	"e7+f4+2 su(3)+g2+su(2)+so(7)+2 su(2)"	19	98	1	2	0	1	0	0	0	0	2
11	26	"e7+2(g2+su(2))"	"e7+f4+3(g2+su(2))"	16	107	0	1	0	1	0	0	0	0	2
11	26	"e7+2(g2+su(2))"	"e7+f4+3(g2+su(2))"	17	107	0	1	0	1	0	0	0	0	5
11	26	"e7+2(g2+su(2))"	"e7+f4+3(g2+su(2))"	17	107	1	1	0	1	0	0	0	0	8
11	26	"e7+2(g2+su(2))"	"e7+f4+3(g2+su(2))"	18	107	1	1	0	1	0	0	0	0	4
11	26	"e7+2(g2+su(2))"	"e7+f4+3(g2+su(2))"	20	107	1	1	0	1	0	0	0	0	4
11	26	"e7+2(g2+su(2))"	"e7+f4+3(g2+su(2))"	21	107	1	1	0	1	0	0	0	0	4
11	26	"e7+2(g2+su(2))"	"e7+f4+g2+su(2)+2(so(7)+2 su(2))"	17	103	2	1	0	1	0	0	0	0	8
11	26	"e7+2(g2+su(2))"	"e7+f4+g2+su(2)+2(so(7)+2 su(2))"	18	103	2	1	0	1	0	0	0	0	2
11	26	"e7+2(g2+su(2))"	"e7+f4+g2+su(2)+so(7)+2 su(2)"	15	114	1	0	0	1	0	0	0	0	2
11	26	"e7+2(g2+su(2))"	"e7+f4+g2+su(2)+so(7)+2 su(2)"	17	114	1	0	0	1	0	0	0	0	12
11	26	"e7+2(g2+su(2))"	"e7+f4+g2+su(2)+so(7)+2 su(2)"	18	114	1	0	0	1	0	0	0	0	4
11	26	"e7+2(g2+su(2))"	"e7+f4+g2+su(2)+so(7)+2 su(2)"	19	114	1	0	0	1	0	0	0	0	4
11	26	"e7+2(g2+su(2))"	"e7+f4+so(8)+2(g2+su(2))"	16	88	0	0	1	1	0	0	0	0	2
11	26	"e7+2(g2+su(2))"	"e7+f4+so(8)+2(g2+su(2))+so(7)+2 su(2)"	18	77	1	1	1	1	0	0	0	0	4
11	26	"e7+2(g2+su(2))"	"e7+f4+so(8)+3(g2+su(2))"	18	79	0	1	1	1	0	0	0	0	2
11	26	"e7+2(g2+su(2))"	"e7+f4+so(8)+g2+su(2)+so(7)+2 su(2)"	18	86	1	0	1	1	0	0	0	0	4
11	26	"e7+2(g2+su(2))"	"e7+f4+su(3)+2(g2+su(2))"	15	108	0	1	0	1	0	0	0	0	2
11	26	"e7+2(g2+su(2))"	"e7+f4+su(3)+2(g2+su(2))"	18	108	0	1	0	1	0	0	0	0	2
11	26	"e7+2(g2+su(2))"	"e7+f4+su(3)+2(g2+su(2))"	20	108	0	1	0	1	0	0	0	0	4
11	26	"e7+2(g2+su(2))"	"e7+f4+su(3)+2(g2+su(2))"	21	108	0	1	0	1	0	0	0	0	2
11	26	"e7+2(g2+su(2))"	"e7+f4+su(3)+2(g2+su(2))+so(7)+2 su(2)"	17	97	1	2	0	1	0	0	0	0	4
11	26	"e7+2(g2+su(2))"	"e7+f4+su(3)+2(g2+su(2))+so(7)+2 su(2)"	18	97	1	2	0	1	0	0	0	0	2
11	26	"e7+2(g2+su(2))"	"e7+f4+su(3)+2(g2+su(2))+so(7)+2 su(2)"	21	97	1	2	0	1	0	0	0	0	2
11	26	"e7+2(g2+su(2))"	"e7+f4+su(3)+3(g2+su(2))"	17	99	0	2	0	1	0	0	0	0	4
11	26	"e7+2(g2+su(2))"	"e7+f4+su(3)+g2+su(2)+2(so(7)+2 su(2))"	18	95	2	2	0	1	0	0	0	0	4
11	26	"e7+2(g2+su(2))"	"e7+f4+su(3)+g2+su(2)+2(so(7)+2 su(2))"	23	95	2	2	0	1	0	0	0	0	2
11	26	"e7+2(g2+su(2))"	"e7+f4+su(3)+g2+su(2)+so(7)+2 su(2)"	17	106	1	1	0	1	0	0	0	0	10
11	26	"e7+2(g2+su(2))"	"e7+f4+su(3)+g2+su(2)+so(7)+2 su(2)"	18	106	1	1	0	1	0	0	0	0	8
11	26	"e7+2(g2+su(2))"	"e7+f4+su(3)+g2+su(2)+so(7)+2 su(2)"	19	106	1	1	0	1	0	0	0	0	8
11	26	"e7+2(g2+su(2))"	"e7+f4+su(3)+g2+su(2)+so(7)+2 su(2)"	21	106	1	1	0	1	0	0	0	0	2
11	26	"e7+2(g2+su(2))"	"e7+g2+su(2)+2(so(7)+2 su(2))"	15	155	2	1	0	0	0	0	0	0	140
11	26	"e7+2(g2+su(2))"	"e7+g2+su(2)+2(so(7)+2 su(2))"	15	155	3	1	0	0	0	0	0	0	43
11	26	"e7+2(g2+su(2))"	"e7+g2+su(2)+2(so(7)+2 su(2))"	16	155	2	1	0	0	0	0	0	0	206
11	26	"e7+2(g2+su(2))"	"e7+g2+su(2)+2(so(7)+2 su(2))"	16	155	3	1	0	0	0	0	0	0	184
11	26	"e7+2(g2+su(2))"	"e7+g2+su(2)+2(so(7)+2 su(2))"	17	155	2	1	0	0	0	0	0	0	60
11	26	"e7+2(g2+su(2))"	"e7+g2+su(2)+2(so(7)+2 su(2))"	17	155	3	1	0	0	0	0	0	0	32
11	26	"e7+2(g2+su(2))"	"e7+g2+su(2)+2(so(7)+2 su(2))"	18	155	2	1	0	0	0	0	0	0	38
11	26	"e7+2(g2+su(2))"	"e7+g2+su(2)+2(so(7)+2 su(2))"	18	155	3	1	0	0	0	0	0	0	16
11	26	"e7+2(g2+su(2))"	"e7+g2+su(2)+2(so(7)+2 su(2))"	19	155	2	1	0	0	0	0	0	0	22
11	26	"e7+2(g2+su(2))"	"e7+g2+su(2)+2(so(7)+2 su(2))"	19	155	3	1	0	0	0	0	0	0	12
11	26	"e7+2(g2+su(2))"	"e7+g2+su(2)+2(so(7)+2 su(2))"	20	155	2	1	0	0	0	0	0	0	18
11	26	"e7+2(g2+su(2))"	"e7+g2+su(2)+2(so(7)+2 su(2))"	20	155	3	1	0	0	0	0	0	0	34
11	26	"e7+2(g2+su(2))"	"e7+g2+su(2)+2(so(7)+2 su(2))"	21	155	2	1	0	0	0	0	0	0	22
11	26	"e7+2(g2+su(2))"	"e7+g2+su(2)+2(so(7)+2 su(2))"	21	155	3	1	0	0	0	0	0	0	8
11	26	"e7+2(g2+su(2))"	"e7+g2+su(2)+2(so(7)+2 su(2))"	22	155	2	1	0	0	0	0	0	0	10
11	26	"e7+2(g2+su(2))"	"e7+g2+su(2)+2(so(7)+2 su(2))"	22	155	3	1	0	0	0	0	0	0	6
11	26	"e7+2(g2+su(2))"	"e7+g2+su(2)+2(so(7)+2 su(2))"	23	155	2	1	0	0	0	0	0	0	10
11	26	"e7+2(g2+su(2))"	"e7+g2+su(2)+2(so(7)+2 su(2))"	23	155	3	1	0	0	0	0	0	0	2
11	26	"e7+2(g2+su(2))"	"e7+g2+su(2)+2(so(7)+2 su(2))"	24	155	2	1	0	0	0	0	0	0	12
11	26	"e7+2(g2+su(2))"	"e7+g2+su(2)+2(so(7)+2 su(2))"	24	155	3	1	0	0	0	0	0	0	4
11	26	"e7+2(g2+su(2))"	"e7+g2+su(2)+2(so(7)+2 su(2))"	25	155	2	1	0	0	0	0	0	0	4
11	26	"e7+2(g2+su(2))"	"e7+g2+su(2)+2(so(7)+2 su(2))"	28	155	2	1	0	0	0	0	0	0	6
11	26	"e7+2(g2+su(2))"	"e7+g2+su(2)+2(so(7)+2 su(2))"	28	155	3	1	0	0	0	0	0	0	6
11	26	"e7+2(g2+su(2))"	"e7+g2+su(2)+2(so(7)+2 su(2))"	29	155	2	1	0	0	0	0	0	0	6
11	26	"e7+2(g2+su(2))"	"e7+g2+su(2)+2(so(7)+2 su(2))"	30	155	2	1	0	0	0	0	0	0	2
11	26	"e7+2(g2+su(2))"	"e7+g2+su(2)+2(so(7)+2 su(2))"	31	155	3	1	0	0	0	0	0	0	4
11	26	"e7+2(g2+su(2))"	"e7+g2+su(2)+2(so(7)+2 su(2))"	32	155	3	1	0	0	0	0	0	0	4
11	26	"e7+2(g2+su(2))"	"e7+g2+su(2)+2(so(7)+2 su(2))"	33	155	3	1	0	0	0	0	0	0	2
11	26	"e7+2(g2+su(2))"	"e7+g2+su(2)+2(so(7)+2 su(2))"	36	155	2	1	0	0	0	0	0	0	2
11	26	"e7+2(g2+su(2))"	"e7+g2+su(2)+2(so(7)+2 su(2))"	36	155	3	1	0	0	0	0	0	0	2
11	26	"e7+2(g2+su(2))"	"e7+g2+su(2)+2(so(7)+2 su(2))"	37	155	2	1	0	0	0	0	0	0	2
11	26	"e7+2(g2+su(2))"	"e7+g2+su(2)+2(so(7)+2 su(2))"	37	155	3	1	0	0	0	0	0	0	2
11	26	"e7+2(g2+su(2))"	"e7+g2+su(2)+3(so(7)+2 su(2))"	16	144	4	2	0	0	0	0	0	0	28
11	26	"e7+2(g2+su(2))"	"e7+g2+su(2)+3(so(7)+2 su(2))"	17	144	4	2	0	0	0	0	0	0	108
11	26	"e7+2(g2+su(2))"	"e7+g2+su(2)+3(so(7)+2 su(2))"	18	144	4	2	0	0	0	0	0	0	6
11	26	"e7+2(g2+su(2))"	"e7+g2+su(2)+3(so(7)+2 su(2))"	25	144	4	2	0	0	0	0	0	0	2
11	26	"e7+2(g2+su(2))"	"e7+g2+su(2)+3(so(7)+2 su(2))"	33	144	4	2	0	0	0	0	0	0	4
11	26	"e7+2(g2+su(2))"	"e7+g2+su(2)+3(so(7)+2 su(2))"	37	144	4	2	0	0	0	0	0	0	4
11	26	"e7+2(g2+su(2))"	"e7+g2+su(2)+so(7)+2 su(2)"	11	166	1	0	0	0	0	0	0	0	2
11	26	"e7+2(g2+su(2))"	"e7+g2+su(2)+so(7)+2 su(2)"	14	166	1	0	0	0	0	0	0	0	2
11	26	"e7+2(g2+su(2))"	"e7+g2+su(2)+so(7)+2 su(2)"	15	166	1	0	0	0	0	0	0	0	24
11	26	"e7+2(g2+su(2))"	"e7+g2+su(2)+so(7)+2 su(2)"	16	166	1	0	0	0	0	0	0	0	26
11	26	"e7+2(g2+su(2))"	"e7+g2+su(2)+so(7)+2 su(2)"	17	166	1	0	0	0	0	0	0	0	8
11	26	"e7+2(g2+su(2))"	"e7+g2+su(2)+so(7)+2 su(2)"	18	166	1	0	0	0	0	0	0	0	6
11	26	"e7+2(g2+su(2))"	"e7+g2+su(2)+so(7)+2 su(2)"	19	166	1	0	0	0	0	0	0	0	4
11	26	"e7+2(g2+su(2))"	"e7+so(8)+2(g2+su(2))"	11	140	0	0	1	0	0	0	0	0	2
11	26	"e7+2(g2+su(2))"	"e7+so(8)+2(g2+su(2))+so(7)+2 su(2)"	16	129	1	1	1	0	0	0	0	0	43
11	26	"e7+2(g2+su(2))"	"e7+so(8)+2(g2+su(2))+so(7)+2 su(2)"	16	129	2	1	1	0	0	0	0	0	10
11	26	"e7+2(g2+su(2))"	"e7+so(8)+2(g2+su(2))+so(7)+2 su(2)"	17	129	1	1	1	0	0	0	0	0	20
11	26	"e7+2(g2+su(2))"	"e7+so(8)+2(g2+su(2))+so(7)+2 su(2)"	17	129	2	1	1	0	0	0	0	0	8
11	26	"e7+2(g2+su(2))"	"e7+so(8)+2(g2+su(2))+so(7)+2 su(2)"	18	129	1	1	1	0	0	0	0	0	2
11	26	"e7+2(g2+su(2))"	"e7+so(8)+2(g2+su(2))+so(7)+2 su(2)"	19	129	1	1	1	0	0	0	0	0	6
11	26	"e7+2(g2+su(2))"	"e7+so(8)+2(g2+su(2))+so(7)+2 su(2)"	20	129	2	1	1	0	0	0	0	0	2
11	26	"e7+2(g2+su(2))"	"e7+so(8)+2(so(7)+2 su(2))"	16	136	2	0	1	0	0	0	0	0	31
11	26	"e7+2(g2+su(2))"	"e7+so(8)+2(so(7)+2 su(2))"	17	136	2	0	1	0	0	0	0	0	18
11	26	"e7+2(g2+su(2))"	"e7+so(8)+2(so(7)+2 su(2))"	18	136	2	0	1	0	0	0	0	0	6
11	26	"e7+2(g2+su(2))"	"e7+so(8)+2(so(7)+2 su(2))"	19	136	2	0	1	0	0	0	0	0	4
11	26	"e7+2(g2+su(2))"	"e7+so(8)+2(so(7)+2 su(2))"	22	136	2	0	1	0	0	0	0	0	2
11	26	"e7+2(g2+su(2))"	"e7+so(8)+2(so(7)+2 su(2))"	37	136	2	0	1	0	0	0	0	0	2
11	26	"e7+2(g2+su(2))"	"e7+so(8)+2 su(3)+2(g2+su(2))"	17	124	0	2	1	0	0	0	0	0	2
11	26	"e7+2(g2+su(2))"	"e7+so(8)+2 su(3)+2(g2+su(2))"	23	124	0	2	1	0	0	0	0	0	2
11	26	"e7+2(g2+su(2))"	"e7+so(8)+2 su(3)+2(g2+su(2))+so(7)+2 su(2)"	17	113	1	3	1	0	0	0	0	0	2
11	26	"e7+2(g2+su(2))"	"e7+so(8)+2 su(3)+2(g2+su(2))+so(7)+2 su(2)"	18	113	1	3	1	0	0	0	0	0	4
11	26	"e7+2(g2+su(2))"	"e7+so(8)+2 su(3)+2(g2+su(2))+so(7)+2 su(2)"	21	113	1	3	1	0	0	0	0	0	2
11	26	"e7+2(g2+su(2))"	"e7+so(8)+2 su(3)+3(g2+su(2))"	17	115	0	3	1	0	0	0	0	0	2
11	26	"e7+2(g2+su(2))"	"e7+so(8)+2 su(3)+g2+su(2)+so(7)+2 su(2)"	18	122	1	2	1	0	0	0	0	0	6
11	26	"e7+2(g2+su(2))"	"e7+so(8)+2 su(3)+g2+su(2)+so(7)+2 su(2)"	20	122	1	2	1	0	0	0	0	0	2
11	26	"e7+2(g2+su(2))"	"e7+so(8)+3(g2+su(2))"	15	131	0	1	1	0	0	0	0	0	2
11	26	"e7+2(g2+su(2))"	"e7+so(8)+3(g2+su(2))"	16	131	0	1	1	0	0	0	0	0	3
11	26	"e7+2(g2+su(2))"	"e7+so(8)+3(g2+su(2))"	16	131	1	1	1	0	0	0	0	0	8
11	26	"e7+2(g2+su(2))"	"e7+so(8)+3(g2+su(2))"	17	131	0	1	1	0	0	0	0	0	2
11	26	"e7+2(g2+su(2))"	"e7+so(8)+3(g2+su(2))"	17	131	1	1	1	0	0	0	0	0	16
11	26	"e7+2(g2+su(2))"	"e7+so(8)+3(g2+su(2))"	18	131	1	1	1	0	0	0	0	0	4
11	26	"e7+2(g2+su(2))"	"e7+so(8)+3(g2+su(2))"	20	131	1	1	1	0	0	0	0	0	2
11	26	"e7+2(g2+su(2))"	"e7+so(8)+3(g2+su(2))"	29	131	1	1	1	0	0	0	0	0	2
11	26	"e7+2(g2+su(2))"	"e7+so(8)+3(g2+su(2))"	44	131	1	1	1	0	0	0	0	0	2
11	26	"e7+2(g2+su(2))"	"e7+so(8)+3(g2+su(2))"	63	131	1	1	1	0	0	0	0	0	2
11	26	"e7+2(g2+su(2))"	"e7+so(8)+3(g2+su(2))+so(7)+2 su(2)"	17	120	2	2	1	0	0	0	0	0	6
11	26	"e7+2(g2+su(2))"	"e7+so(8)+3(so(7)+2 su(2))"	16	125	3	1	1	0	0	0	0	0	2
11	26	"e7+2(g2+su(2))"	"e7+so(8)+3(so(7)+2 su(2))"	17	125	3	1	1	0	0	0	0	0	6
11	26	"e7+2(g2+su(2))"	"e7+so(8)+3(so(7)+2 su(2))"	18	125	3	1	1	0	0	0	0	0	2
11	26	"e7+2(g2+su(2))"	"e7+so(8)+4(g2+su(2))"	17	122	1	2	1	0	0	0	0	0	6
11	26	"e7+2(g2+su(2))"	"e7+so(8)+4(g2+su(2))"	19	122	1	2	1	0	0	0	0	0	2
11	26	"e7+2(g2+su(2))"	"e7+so(8)+g2+su(2)+2(so(7)+2 su(2))"	16	127	2	1	1	0	0	0	0	0	31
11	26	"e7+2(g2+su(2))"	"e7+so(8)+g2+su(2)+2(so(7)+2 su(2))"	16	127	3	1	1	0	0	0	0	0	2
11	26	"e7+2(g2+su(2))"	"e7+so(8)+g2+su(2)+2(so(7)+2 su(2))"	17	127	2	1	1	0	0	0	0	0	26
11	26	"e7+2(g2+su(2))"	"e7+so(8)+g2+su(2)+2(so(7)+2 su(2))"	18	127	2	1	1	0	0	0	0	0	2
11	26	"e7+2(g2+su(2))"	"e7+so(8)+g2+su(2)+2(so(7)+2 su(2))"	21	127	2	1	1	0	0	0	0	0	2
11	26	"e7+2(g2+su(2))"	"e7+so(8)+g2+su(2)+so(7)+2 su(2)"	14	138	1	0	1	0	0	0	0	0	2
11	26	"e7+2(g2+su(2))"	"e7+so(8)+g2+su(2)+so(7)+2 su(2)"	16	138	1	0	1	0	0	0	0	0	46
11	26	"e7+2(g2+su(2))"	"e7+so(8)+g2+su(2)+so(7)+2 su(2)"	17	138	1	0	1	0	0	0	0	0	12
11	26	"e7+2(g2+su(2))"	"e7+so(8)+g2+su(2)+so(7)+2 su(2)"	18	138	1	0	1	0	0	0	0	0	4
11	26	"e7+2(g2+su(2))"	"e7+so(8)+g2+su(2)+so(7)+2 su(2)"	20	138	1	0	1	0	0	0	0	0	2
11	26	"e7+2(g2+su(2))"	"e7+so(8)+g2+su(2)+so(7)+2 su(2)"	22	138	1	0	1	0	0	0	0	0	2
11	26	"e7+2(g2+su(2))"	"e7+so(8)+g2+su(2)+so(7)+2 su(2)"	24	138	1	0	1	0	0	0	0	0	2
11	26	"e7+2(g2+su(2))"	"e7+so(8)+su(3)+2(g2+su(2))"	14	132	0	1	1	0	0	0	0	0	2
11	26	"e7+2(g2+su(2))"	"e7+so(8)+su(3)+2(g2+su(2))"	20	132	0	1	1	0	0	0	0	0	2
11	26	"e7+2(g2+su(2))"	"e7+so(8)+su(3)+2(g2+su(2))"	28	132	0	1	1	0	0	0	0	0	2
11	26	"e7+2(g2+su(2))"	"e7+so(8)+su(3)+2(g2+su(2))"	38	132	0	1	1	0	0	0	0	0	2
11	26	"e7+2(g2+su(2))"	"e7+so(8)+su(3)+2(g2+su(2))"	52	132	0	1	1	0	0	0	0	0	2
11	26	"e7+2(g2+su(2))"	"e7+so(8)+su(3)+2(g2+su(2))+so(7)+2 su(2)"	16	121	1	2	1	0	0	0	0	0	2
11	26	"e7+2(g2+su(2))"	"e7+so(8)+su(3)+2(g2+su(2))+so(7)+2 su(2)"	17	121	1	2	1	0	0	0	0	0	22
11	26	"e7+2(g2+su(2))"	"e7+so(8)+su(3)+2(g2+su(2))+so(7)+2 su(2)"	18	121	1	2	1	0	0	0	0	0	2
11	26	"e7+2(g2+su(2))"	"e7+so(8)+su(3)+2(g2+su(2))+so(7)+2 su(2)"	20	121	1	2	1	0	0	0	0	0	4
11	26	"e7+2(g2+su(2))"	"e7+so(8)+su(3)+2(g2+su(2))+so(7)+2 su(2)"	21	121	1	2	1	0	0	0	0	0	4
11	26	"e7+2(g2+su(2))"	"e7+so(8)+su(3)+2(so(7)+2 su(2))"	16	128	2	1	1	0	0	0	0	0	10
11	26	"e7+2(g2+su(2))"	"e7+so(8)+su(3)+2(so(7)+2 su(2))"	17	128	2	1	1	0	0	0	0	0	10
11	26	"e7+2(g2+su(2))"	"e7+so(8)+su(3)+2(so(7)+2 su(2))"	18	128	2	1	1	0	0	0	0	0	6
11	26	"e7+2(g2+su(2))"	"e7+so(8)+su(3)+2(so(7)+2 su(2))"	19	128	2	1	1	0	0	0	0	0	2
11	26	"e7+2(g2+su(2))"	"e7+so(8)+su(3)+2(so(7)+2 su(2))"	22	128	2	1	1	0	0	0	0	0	2
11	26	"e7+2(g2+su(2))"	"e7+so(8)+su(3)+3(g2+su(2))"	16	123	0	2	1	0	0	0	0	0	2
11	26	"e7+2(g2+su(2))"	"e7+so(8)+su(3)+3(g2+su(2))"	17	123	0	2	1	0	0	0	0	0	2
11	26	"e7+2(g2+su(2))"	"e7+so(8)+su(3)+3(so(7)+2 su(2))"	17	117	3	2	1	0	0	0	0	0	4
11	26	"e7+2(g2+su(2))"	"e7+so(8)+su(3)+g2+su(2)+2(so(7)+2 su(2))"	17	119	2	2	1	0	0	0	0	0	22
11	26	"e7+2(g2+su(2))"	"e7+so(8)+su(3)+g2+su(2)+2(so(7)+2 su(2))"	18	119	2	2	1	0	0	0	0	0	2
11	26	"e7+2(g2+su(2))"	"e7+so(8)+su(3)+g2+su(2)+2(so(7)+2 su(2))"	20	119	2	2	1	0	0	0	0	0	2
11	26	"e7+2(g2+su(2))"	"e7+so(8)+su(3)+g2+su(2)+2(so(7)+2 su(2))"	21	119	2	2	1	0	0	0	0	0	2
11	26	"e7+2(g2+su(2))"	"e7+so(8)+su(3)+g2+su(2)+2(so(7)+2 su(2))"	23	119	2	2	1	0	0	0	0	0	2
11	26	"e7+2(g2+su(2))"	"e7+so(8)+su(3)+g2+su(2)+2(so(7)+2 su(2))"	24	119	2	2	1	0	0	0	0	0	2
11	26	"e7+2(g2+su(2))"	"e7+so(8)+su(3)+g2+su(2)+so(7)+2 su(2)"	16	130	1	1	1	0	0	0	0	0	22
11	26	"e7+2(g2+su(2))"	"e7+so(8)+su(3)+g2+su(2)+so(7)+2 su(2)"	17	130	1	1	1	0	0	0	0	0	22
11	26	"e7+2(g2+su(2))"	"e7+so(8)+su(3)+g2+su(2)+so(7)+2 su(2)"	18	130	1	1	1	0	0	0	0	0	8
11	26	"e7+2(g2+su(2))"	"e7+so(8)+su(3)+g2+su(2)+so(7)+2 su(2)"	19	130	1	1	1	0	0	0	0	0	2
11	26	"e7+2(g2+su(2))"	"e7+so(8)+su(3)+g2+su(2)+so(7)+2 su(2)"	20	130	1	1	1	0	0	0	0	0	10
11	26	"e7+2(g2+su(2))"	"e7+so(8)+su(3)+g2+su(2)+so(7)+2 su(2)"	21	130	1	1	1	0	0	0	0	0	4
11	26	"e7+2(g2+su(2))"	"e7+so(8)+su(3)+g2+su(2)+so(7)+2 su(2)"	22	130	1	1	1	0	0	0	0	0	2
11	26	"e7+2(g2+su(2))"	"e7+so(8)+su(3)+g2+su(2)+so(7)+2 su(2)"	24	130	1	1	1	0	0	0	0	0	2
11	26	"e7+2(g2+su(2))"	"e7+so(8)+su(3)+g2+su(2)+so(7)+2 su(2)"	26	130	1	1	1	0	0	0	0	0	2
11	26	"e7+2(g2+su(2))"	"e7+su(3)+2(g2+su(2))"	11	160	0	1	0	0	0	0	0	0	2
11	26	"e7+2(g2+su(2))"	"e7+su(3)+2(g2+su(2))"	16	160	0	1	0	0	0	0	0	0	5
11	26	"e7+2(g2+su(2))"	"e7+su(3)+2(g2+su(2))"	17	160	0	1	0	0	0	0	0	0	4
11	26	"e7+2(g2+su(2))"	"e7+su(3)+2(g2+su(2))"	18	160	0	1	0	0	0	0	0	0	2
11	26	"e7+2(g2+su(2))"	"e7+su(3)+2(g2+su(2))"	19	160	0	1	0	0	0	0	0	0	2
11	26	"e7+2(g2+su(2))"	"e7+su(3)+2(g2+su(2))"	20	160	0	1	0	0	0	0	0	0	4
11	26	"e7+2(g2+su(2))"	"e7+su(3)+2(g2+su(2))+2(so(7)+2 su(2))"	17	138	3	3	0	0	0	0	0	0	18
11	26	"e7+2(g2+su(2))"	"e7+su(3)+2(g2+su(2))+2(so(7)+2 su(2))"	20	138	3	3	0	0	0	0	0	0	2
11	26	"e7+2(g2+su(2))"	"e7+su(3)+2(g2+su(2))+2(so(7)+2 su(2))"	21	138	3	3	0	0	0	0	0	0	2
11	26	"e7+2(g2+su(2))"	"e7+su(3)+2(g2+su(2))+2(so(7)+2 su(2))"	22	138	3	3	0	0	0	0	0	0	2
11	26	"e7+2(g2+su(2))"	"e7+su(3)+2(g2+su(2))+2(so(7)+2 su(2))"	32	138	3	3	0	0	0	0	0	0	2
11	26	"e7+2(g2+su(2))"	"e7+su(3)+2(g2+su(2))+2(so(7)+2 su(2))"	33	138	3	3	0	0	0	0	0	0	4
11	26	"e7+2(g2+su(2))"	"e7+su(3)+2(g2+su(2))+so(7)+2 su(2)"	15	149	1	2	0	0	0	0	0	0	10
11	26	"e7+2(g2+su(2))"	"e7+su(3)+2(g2+su(2))+so(7)+2 su(2)"	16	149	1	2	0	0	0	0	0	0	192
11	26	"e7+2(g2+su(2))"	"e7+su(3)+2(g2+su(2))+so(7)+2 su(2)"	16	149	2	2	0	0	0	0	0	0	72
11	26	"e7+2(g2+su(2))"	"e7+su(3)+2(g2+su(2))+so(7)+2 su(2)"	17	149	1	2	0	0	0	0	0	0	38
11	26	"e7+2(g2+su(2))"	"e7+su(3)+2(g2+su(2))+so(7)+2 su(2)"	17	149	2	2	0	0	0	0	0	0	54
11	26	"e7+2(g2+su(2))"	"e7+su(3)+2(g2+su(2))+so(7)+2 su(2)"	18	149	1	2	0	0	0	0	0	0	14
11	26	"e7+2(g2+su(2))"	"e7+su(3)+2(g2+su(2))+so(7)+2 su(2)"	18	149	2	2	0	0	0	0	0	0	14
11	26	"e7+2(g2+su(2))"	"e7+su(3)+2(g2+su(2))+so(7)+2 su(2)"	19	149	1	2	0	0	0	0	0	0	4
11	26	"e7+2(g2+su(2))"	"e7+su(3)+2(g2+su(2))+so(7)+2 su(2)"	19	149	2	2	0	0	0	0	0	0	6
11	26	"e7+2(g2+su(2))"	"e7+su(3)+2(g2+su(2))+so(7)+2 su(2)"	20	149	1	2	0	0	0	0	0	0	20
11	26	"e7+2(g2+su(2))"	"e7+su(3)+2(g2+su(2))+so(7)+2 su(2)"	20	149	2	2	0	0	0	0	0	0	2
11	26	"e7+2(g2+su(2))"	"e7+su(3)+2(g2+su(2))+so(7)+2 su(2)"	21	149	1	2	0	0	0	0	0	0	20
11	26	"e7+2(g2+su(2))"	"e7+su(3)+2(g2+su(2))+so(7)+2 su(2)"	21	149	2	2	0	0	0	0	0	0	2
11	26	"e7+2(g2+su(2))"	"e7+su(3)+2(g2+su(2))+so(7)+2 su(2)"	22	149	1	2	0	0	0	0	0	0	2
11	26	"e7+2(g2+su(2))"	"e7+su(3)+2(g2+su(2))+so(7)+2 su(2)"	22	149	2	2	0	0	0	0	0	0	6
11	26	"e7+2(g2+su(2))"	"e7+su(3)+2(g2+su(2))+so(7)+2 su(2)"	23	149	1	2	0	0	0	0	0	0	6
11	26	"e7+2(g2+su(2))"	"e7+su(3)+2(g2+su(2))+so(7)+2 su(2)"	24	149	1	2	0	0	0	0	0	0	4
11	26	"e7+2(g2+su(2))"	"e7+su(3)+2(g2+su(2))+so(7)+2 su(2)"	24	149	2	2	0	0	0	0	0	0	2
11	26	"e7+2(g2+su(2))"	"e7+su(3)+2(g2+su(2))+so(7)+2 su(2)"	25	149	1	2	0	0	0	0	0	0	4
11	26	"e7+2(g2+su(2))"	"e7+su(3)+2(g2+su(2))+so(7)+2 su(2)"	26	149	1	2	0	0	0	0	0	0	2
11	26	"e7+2(g2+su(2))"	"e7+su(3)+2(g2+su(2))+so(7)+2 su(2)"	28	149	1	2	0	0	0	0	0	0	2
11	26	"e7+2(g2+su(2))"	"e7+su(3)+2(g2+su(2))+so(7)+2 su(2)"	29	149	1	2	0	0	0	0	0	0	2
11	26	"e7+2(g2+su(2))"	"e7+su(3)+2(g2+su(2))+so(7)+2 su(2)"	30	149	2	2	0	0	0	0	0	0	2
11	26	"e7+2(g2+su(2))"	"e7+su(3)+2(g2+su(2))+so(7)+2 su(2)"	31	149	2	2	0	0	0	0	0	0	4
11	26	"e7+2(g2+su(2))"	"e7+su(3)+2(g2+su(2))+so(7)+2 su(2)"	37	149	1	2	0	0	0	0	0	0	2
11	26	"e7+2(g2+su(2))"	"e7+su(3)+2(g2+su(2))+so(7)+2 su(2)"	38	149	2	2	0	0	0	0	0	0	2
11	26	"e7+2(g2+su(2))"	"e7+su(3)+2(g2+su(2))+so(7)+2 su(2)"	63	149	2	2	0	0	0	0	0	0	2
11	26	"e7+2(g2+su(2))"	"e7+su(3)+2(so(7)+2 su(2))"	15	156	2	1	0	0	0	0	0	0	43
11	26	"e7+2(g2+su(2))"	"e7+su(3)+2(so(7)+2 su(2))"	16	156	2	1	0	0	0	0	0	0	227
11	26	"e7+2(g2+su(2))"	"e7+su(3)+2(so(7)+2 su(2))"	17	156	2	1	0	0	0	0	0	0	32
11	26	"e7+2(g2+su(2))"	"e7+su(3)+2(so(7)+2 su(2))"	18	156	2	1	0	0	0	0	0	0	22
11	26	"e7+2(g2+su(2))"	"e7+su(3)+2(so(7)+2 su(2))"	19	156	2	1	0	0	0	0	0	0	10
11	26	"e7+2(g2+su(2))"	"e7+su(3)+2(so(7)+2 su(2))"	20	156	2	1	0	0	0	0	0	0	6
11	26	"e7+2(g2+su(2))"	"e7+su(3)+2(so(7)+2 su(2))"	21	156	2	1	0	0	0	0	0	0	4
11	26	"e7+2(g2+su(2))"	"e7+su(3)+2(so(7)+2 su(2))"	22	156	2	1	0	0	0	0	0	0	4
11	26	"e7+2(g2+su(2))"	"e7+su(3)+2(so(7)+2 su(2))"	23	156	2	1	0	0	0	0	0	0	4
11	26	"e7+2(g2+su(2))"	"e7+su(3)+2(so(7)+2 su(2))"	24	156	2	1	0	0	0	0	0	0	4
11	26	"e7+2(g2+su(2))"	"e7+su(3)+2(so(7)+2 su(2))"	31	156	2	1	0	0	0	0	0	0	2
11	26	"e7+2(g2+su(2))"	"e7+su(3)+3(g2+su(2))"	14	151	0	2	0	0	0	0	0	0	2
11	26	"e7+2(g2+su(2))"	"e7+su(3)+3(g2+su(2))"	15	151	0	2	0	0	0	0	0	0	3
11	26	"e7+2(g2+su(2))"	"e7+su(3)+3(g2+su(2))"	16	151	0	2	0	0	0	0	0	0	12
11	26	"e7+2(g2+su(2))"	"e7+su(3)+3(g2+su(2))"	16	151	1	2	0	0	0	0	0	0	30
11	26	"e7+2(g2+su(2))"	"e7+su(3)+3(g2+su(2))"	17	151	0	2	0	0	0	0	0	0	4
11	26	"e7+2(g2+su(2))"	"e7+su(3)+3(g2+su(2))"	17	151	1	2	0	0	0	0	0	0	14
11	26	"e7+2(g2+su(2))"	"e7+su(3)+3(g2+su(2))"	18	151	0	2	0	0	0	0	0	0	2
11	26	"e7+2(g2+su(2))"	"e7+su(3)+3(g2+su(2))"	18	151	1	2	0	0	0	0	0	0	2
11	26	"e7+2(g2+su(2))"	"e7+su(3)+3(g2+su(2))"	19	151	1	2	0	0	0	0	0	0	4
11	26	"e7+2(g2+su(2))"	"e7+su(3)+3(g2+su(2))"	20	151	0	2	0	0	0	0	0	0	4
11	26	"e7+2(g2+su(2))"	"e7+su(3)+3(g2+su(2))"	20	151	1	2	0	0	0	0	0	0	6
11	26	"e7+2(g2+su(2))"	"e7+su(3)+3(g2+su(2))"	21	151	1	2	0	0	0	0	0	0	2
11	26	"e7+2(g2+su(2))"	"e7+su(3)+3(g2+su(2))"	22	151	1	2	0	0	0	0	0	0	2
11	26	"e7+2(g2+su(2))"	"e7+su(3)+3(g2+su(2))"	24	151	1	2	0	0	0	0	0	0	2
11	26	"e7+2(g2+su(2))"	"e7+su(3)+3(g2+su(2))"	28	151	0	2	0	0	0	0	0	0	2
11	26	"e7+2(g2+su(2))"	"e7+su(3)+3(g2+su(2))"	30	151	1	2	0	0	0	0	0	0	4
11	26	"e7+2(g2+su(2))"	"e7+su(3)+3(g2+su(2))"	38	151	0	2	0	0	0	0	0	0	2
11	26	"e7+2(g2+su(2))"	"e7+su(3)+3(g2+su(2))"	52	151	0	2	0	0	0	0	0	0	2
11	26	"e7+2(g2+su(2))"	"e7+su(3)+3(g2+su(2))+so(7)+2 su(2)"	16	140	2	3	0	0	0	0	0	0	50
11	26	"e7+2(g2+su(2))"	"e7+su(3)+3(g2+su(2))+so(7)+2 su(2)"	17	140	2	3	0	0	0	0	0	0	30
11	26	"e7+2(g2+su(2))"	"e7+su(3)+3(g2+su(2))+so(7)+2 su(2)"	18	140	2	3	0	0	0	0	0	0	6
11	26	"e7+2(g2+su(2))"	"e7+su(3)+3(g2+su(2))+so(7)+2 su(2)"	20	140	2	3	0	0	0	0	0	0	8
11	26	"e7+2(g2+su(2))"	"e7+su(3)+3(g2+su(2))+so(7)+2 su(2)"	21	140	2	3	0	0	0	0	0	0	2
11	26	"e7+2(g2+su(2))"	"e7+su(3)+3(g2+su(2))+so(7)+2 su(2)"	22	140	2	3	0	0	0	0	0	0	2
11	26	"e7+2(g2+su(2))"	"e7+su(3)+3(g2+su(2))+so(7)+2 su(2)"	23	140	2	3	0	0	0	0	0	0	2
11	26	"e7+2(g2+su(2))"	"e7+su(3)+3(g2+su(2))+so(7)+2 su(2)"	30	140	2	3	0	0	0	0	0	0	4
11	26	"e7+2(g2+su(2))"	"e7+su(3)+3(so(7)+2 su(2))"	16	145	3	2	0	0	0	0	0	0	201
11	26	"e7+2(g2+su(2))"	"e7+su(3)+3(so(7)+2 su(2))"	17	145	3	2	0	0	0	0	0	0	22
11	26	"e7+2(g2+su(2))"	"e7+su(3)+3(so(7)+2 su(2))"	18	145	3	2	0	0	0	0	0	0	4
11	26	"e7+2(g2+su(2))"	"e7+su(3)+3(so(7)+2 su(2))"	19	145	3	2	0	0	0	0	0	0	2
11	26	"e7+2(g2+su(2))"	"e7+su(3)+3(so(7)+2 su(2))"	21	145	3	2	0	0	0	0	0	0	2
11	26	"e7+2(g2+su(2))"	"e7+su(3)+3(so(7)+2 su(2))"	22	145	3	2	0	0	0	0	0	0	2
11	26	"e7+2(g2+su(2))"	"e7+su(3)+3(so(7)+2 su(2))"	24	145	3	2	0	0	0	0	0	0	4
11	26	"e7+2(g2+su(2))"	"e7+su(3)+3(so(7)+2 su(2))"	32	145	3	2	0	0	0	0	0	0	4
11	26	"e7+2(g2+su(2))"	"e7+su(3)+4(g2+su(2))"	16	142	1	3	0	0	0	0	0	0	16
11	26	"e7+2(g2+su(2))"	"e7+su(3)+4(g2+su(2))"	17	142	1	3	0	0	0	0	0	0	2
11	26	"e7+2(g2+su(2))"	"e7+su(3)+4(g2+su(2))"	18	142	1	3	0	0	0	0	0	0	6
11	26	"e7+2(g2+su(2))"	"e7+su(3)+4(g2+su(2))"	20	142	1	3	0	0	0	0	0	0	4
11	26	"e7+2(g2+su(2))"	"e7+su(3)+g2+su(2)+2(so(7)+2 su(2))"	16	147	2	2	0	0	0	0	0	0	440
11	26	"e7+2(g2+su(2))"	"e7+su(3)+g2+su(2)+2(so(7)+2 su(2))"	16	147	3	2	0	0	0	0	0	0	4
11	26	"e7+2(g2+su(2))"	"e7+su(3)+g2+su(2)+2(so(7)+2 su(2))"	17	147	2	2	0	0	0	0	0	0	72
11	26	"e7+2(g2+su(2))"	"e7+su(3)+g2+su(2)+2(so(7)+2 su(2))"	17	147	3	2	0	0	0	0	0	0	16
11	26	"e7+2(g2+su(2))"	"e7+su(3)+g2+su(2)+2(so(7)+2 su(2))"	18	147	2	2	0	0	0	0	0	0	28
11	26	"e7+2(g2+su(2))"	"e7+su(3)+g2+su(2)+2(so(7)+2 su(2))"	18	147	3	2	0	0	0	0	0	0	8
11	26	"e7+2(g2+su(2))"	"e7+su(3)+g2+su(2)+2(so(7)+2 su(2))"	19	147	2	2	0	0	0	0	0	0	10
11	26	"e7+2(g2+su(2))"	"e7+su(3)+g2+su(2)+2(so(7)+2 su(2))"	20	147	2	2	0	0	0	0	0	0	8
11	26	"e7+2(g2+su(2))"	"e7+su(3)+g2+su(2)+2(so(7)+2 su(2))"	21	147	2	2	0	0	0	0	0	0	18
11	26	"e7+2(g2+su(2))"	"e7+su(3)+g2+su(2)+2(so(7)+2 su(2))"	22	147	2	2	0	0	0	0	0	0	4
11	26	"e7+2(g2+su(2))"	"e7+su(3)+g2+su(2)+2(so(7)+2 su(2))"	23	147	2	2	0	0	0	0	0	0	6
11	26	"e7+2(g2+su(2))"	"e7+su(3)+g2+su(2)+2(so(7)+2 su(2))"	24	147	2	2	0	0	0	0	0	0	10
11	26	"e7+2(g2+su(2))"	"e7+su(3)+g2+su(2)+2(so(7)+2 su(2))"	24	147	3	2	0	0	0	0	0	0	2
11	26	"e7+2(g2+su(2))"	"e7+su(3)+g2+su(2)+2(so(7)+2 su(2))"	29	147	2	2	0	0	0	0	0	0	2
11	26	"e7+2(g2+su(2))"	"e7+su(3)+g2+su(2)+2(so(7)+2 su(2))"	31	147	3	2	0	0	0	0	0	0	2
11	26	"e7+2(g2+su(2))"	"e7+su(3)+g2+su(2)+2(so(7)+2 su(2))"	36	147	2	2	0	0	0	0	0	0	2
11	26	"e7+2(g2+su(2))"	"e7+su(3)+g2+su(2)+so(7)+2 su(2)"	13	158	1	1	0	0	0	0	0	0	2
11	26	"e7+2(g2+su(2))"	"e7+su(3)+g2+su(2)+so(7)+2 su(2)"	15	158	1	1	0	0	0	0	0	0	40
11	26	"e7+2(g2+su(2))"	"e7+su(3)+g2+su(2)+so(7)+2 su(2)"	16	158	1	1	0	0	0	0	0	0	156
11	26	"e7+2(g2+su(2))"	"e7+su(3)+g2+su(2)+so(7)+2 su(2)"	17	158	1	1	0	0	0	0	0	0	38
11	26	"e7+2(g2+su(2))"	"e7+su(3)+g2+su(2)+so(7)+2 su(2)"	18	158	1	1	0	0	0	0	0	0	24
11	26	"e7+2(g2+su(2))"	"e7+su(3)+g2+su(2)+so(7)+2 su(2)"	19	158	1	1	0	0	0	0	0	0	24
11	26	"e7+2(g2+su(2))"	"e7+su(3)+g2+su(2)+so(7)+2 su(2)"	20	158	1	1	0	0	0	0	0	0	8
11	26	"e7+2(g2+su(2))"	"e7+su(3)+g2+su(2)+so(7)+2 su(2)"	21	158	1	1	0	0	0	0	0	0	4
11	26	"e7+2(g2+su(2))"	"e7+su(3)+g2+su(2)+so(7)+2 su(2)"	22	158	1	1	0	0	0	0	0	0	2
11	26	"e7+2(g2+su(2))"	"e7+su(3)+g2+su(2)+so(7)+2 su(2)"	24	158	1	1	0	0	0	0	0	0	2
11	26	"e7+2(g2+su(2))"	"e7+su(3)+g2+su(2)+so(7)+2 su(2)"	27	158	1	1	0	0	0	0	0	0	6
11	27	"e7+so(7)+2 su(2)"	"2 e7+2(so(7)+2 su(2))"	19	31	1	1	0	0	0	0	1	0	2
11	27	"e7+so(7)+2 su(2)"	"2 e7+2(so(7)+2 su(2))"	20	31	1	1	0	0	0	0	1	0	4
11	27	"e7+so(7)+2 su(2)"	"2 e7+g2+su(2)+2(so(7)+2 su(2))"	20	22	1	2	0	0	0	0	1	0	2
11	27	"e7+so(7)+2 su(2)"	"2 e7+g2+su(2)+so(7)+2 su(2)"	18	33	0	1	0	0	0	0	1	0	2
11	27	"e7+so(7)+2 su(2)"	"e7+2(g2+su(2))+so(7)+2 su(2)"	15	157	0	2	0	0	0	0	0	0	4
11	27	"e7+so(7)+2 su(2)"	"e7+2(g2+su(2))+so(7)+2 su(2)"	15	157	1	2	0	0	0	0	0	0	8
11	27	"e7+so(7)+2 su(2)"	"e7+2(g2+su(2))+so(7)+2 su(2)"	16	157	0	2	0	0	0	0	0	0	2
11	27	"e7+so(7)+2 su(2)"	"e7+2(g2+su(2))+so(7)+2 su(2)"	16	157	1	2	0	0	0	0	0	0	16
11	27	"e7+so(7)+2 su(2)"	"e7+2(g2+su(2))+so(7)+2 su(2)"	17	157	1	2	0	0	0	0	0	0	4
11	27	"e7+so(7)+2 su(2)"	"e7+2(g2+su(2))+so(7)+2 su(2)"	18	157	0	2	0	0	0	0	0	0	2
11	27	"e7+so(7)+2 su(2)"	"e7+2(g2+su(2))+so(7)+2 su(2)"	19	157	1	2	0	0	0	0	0	0	6
11	27	"e7+so(7)+2 su(2)"	"e7+2(g2+su(2))+so(7)+2 su(2)"	21	157	2	2	0	0	0	0	0	0	4
11	27	"e7+so(7)+2 su(2)"	"e7+2(g2+su(2))+so(7)+2 su(2)"	27	157	0	2	0	0	0	0	0	0	2
11	27	"e7+so(7)+2 su(2)"	"e7+2(g2+su(2))+so(7)+2 su(2)"	29	157	1	2	0	0	0	0	0	0	2
11	27	"e7+so(7)+2 su(2)"	"e7+2(so(7)+2 su(2))"	14	164	1	1	0	0	0	0	0	0	2
11	27	"e7+so(7)+2 su(2)"	"e7+2(so(7)+2 su(2))"	15	164	0	1	0	0	0	0	0	0	2
11	27	"e7+so(7)+2 su(2)"	"e7+2(so(7)+2 su(2))"	15	164	1	1	0	0	0	0	0	0	36
11	27	"e7+so(7)+2 su(2)"	"e7+2(so(7)+2 su(2))"	15	164	2	1	0	0	0	0	0	0	8
11	27	"e7+so(7)+2 su(2)"	"e7+2(so(7)+2 su(2))"	16	164	1	1	0	0	0	0	0	0	16
11	27	"e7+so(7)+2 su(2)"	"e7+2(so(7)+2 su(2))"	16	164	2	1	0	0	0	0	0	0	6
11	27	"e7+so(7)+2 su(2)"	"e7+2(so(7)+2 su(2))"	17	164	1	1	0	0	0	0	0	0	12
11	27	"e7+so(7)+2 su(2)"	"e7+2(so(7)+2 su(2))"	17	164	2	1	0	0	0	0	0	0	11
11	27	"e7+so(7)+2 su(2)"	"e7+2(so(7)+2 su(2))"	18	164	1	1	0	0	0	0	0	0	2
11	27	"e7+so(7)+2 su(2)"	"e7+2(so(7)+2 su(2))"	19	164	1	1	0	0	0	0	0	0	2
11	27	"e7+so(7)+2 su(2)"	"e7+2(so(7)+2 su(2))"	19	164	2	1	0	0	0	0	0	0	7
11	27	"e7+so(7)+2 su(2)"	"e7+2 su(3)+2(g2+su(2))+so(7)+2 su(2)"	20	141	0	4	0	0	0	0	0	0	2
11	27	"e7+so(7)+2 su(2)"	"e7+2 su(3)+2(so(7)+2 su(2))"	20	148	1	3	0	0	0	0	0	0	8
11	27	"e7+so(7)+2 su(2)"	"e7+2 su(3)+2(so(7)+2 su(2))"	21	148	1	3	0	0	0	0	0	0	4
11	27	"e7+so(7)+2 su(2)"	"e7+2 su(3)+2(so(7)+2 su(2))"	22	148	1	3	0	0	0	0	0	0	2
11	27	"e7+so(7)+2 su(2)"	"e7+2 su(3)+2(so(7)+2 su(2))"	24	148	1	3	0	0	0	0	0	0	2
11	27	"e7+so(7)+2 su(2)"	"e7+2 su(3)+2(so(7)+2 su(2))"	35	148	1	3	0	0	0	0	0	0	2
11	27	"e7+so(7)+2 su(2)"	"e7+2 su(3)+g2+su(2)+so(7)+2 su(2)"	18	150	0	3	0	0	0	0	0	0	2
11	27	"e7+so(7)+2 su(2)"	"e7+2 su(3)+g2+su(2)+so(7)+2 su(2)"	19	150	0	3	0	0	0	0	0	0	2
11	27	"e7+so(7)+2 su(2)"	"e7+2 su(3)+so(7)+2 su(2)"	20	159	0	2	0	0	0	0	0	0	5
11	27	"e7+so(7)+2 su(2)"	"e7+3(g2+su(2))+so(7)+2 su(2)"	16	148	1	3	0	0	0	0	0	0	5
11	27	"e7+so(7)+2 su(2)"	"e7+3(so(7)+2 su(2))"	15	153	2	2	0	0	0	0	0	0	6
11	27	"e7+so(7)+2 su(2)"	"e7+3(so(7)+2 su(2))"	16	153	2	2	0	0	0	0	0	0	12
11	27	"e7+so(7)+2 su(2)"	"e7+3(so(7)+2 su(2))"	17	153	2	2	0	0	0	0	0	0	2
11	27	"e7+so(7)+2 su(2)"	"e7+3(so(7)+2 su(2))"	17	153	3	2	0	0	0	0	0	0	2
11	27	"e7+so(7)+2 su(2)"	"e7+3(so(7)+2 su(2))"	18	153	2	2	0	0	0	0	0	0	2
11	27	"e7+so(7)+2 su(2)"	"e7+e6+2(so(7)+2 su(2))"	18	86	1	1	0	0	1	0	0	0	12
11	27	"e7+so(7)+2 su(2)"	"e7+e6+2(so(7)+2 su(2))"	19	86	1	1	0	0	1	0	0	0	2
11	27	"e7+so(7)+2 su(2)"	"e7+e6+g2+su(2)+2(so(7)+2 su(2))"	18	77	1	2	0	0	1	0	0	0	4
11	27	"e7+so(7)+2 su(2)"	"e7+e6+g2+su(2)+2(so(7)+2 su(2))"	24	77	1	2	0	0	1	0	0	0	2
11	27	"e7+so(7)+2 su(2)"	"e7+e6+g2+su(2)+so(7)+2 su(2)"	16	88	0	1	0	0	1	0	0	0	2
11	27	"e7+so(7)+2 su(2)"	"e7+e7'+2(so(7)+2 su(2))"	19	59	1	1	0	0	0	1	0	0	6
11	27	"e7+so(7)+2 su(2)"	"e7+e7'+g2+su(2)+2(so(7)+2 su(2))"	19	50	1	2	0	0	0	1	0	0	2
11	27	"e7+so(7)+2 su(2)"	"e7+e7'+g2+su(2)+so(7)+2 su(2)"	17	61	0	1	0	0	0	1	0	0	2
11	27	"e7+so(7)+2 su(2)"	"e7+f4+2(so(7)+2 su(2))"	17	112	1	1	0	1	0	0	0	0	18
11	27	"e7+so(7)+2 su(2)"	"e7+f4+2(so(7)+2 su(2))"	18	112	1	1	0	1	0	0	0	0	6
11	27	"e7+so(7)+2 su(2)"	"e7+f4+2(so(7)+2 su(2))"	20	112	1	1	0	1	0	0	0	0	2
11	27	"e7+so(7)+2 su(2)"	"e7+f4+2(so(7)+2 su(2))"	30	112	1	1	0	1	0	0	0	0	2
11	27	"e7+so(7)+2 su(2)"	"e7+f4+g2+su(2)+2(so(7)+2 su(2))"	17	103	1	2	0	1	0	0	0	0	4
11	27	"e7+so(7)+2 su(2)"	"e7+f4+g2+su(2)+so(7)+2 su(2)"	15	114	0	1	0	1	0	0	0	0	2
11	27	"e7+so(7)+2 su(2)"	"e7+g2+su(2)+2(so(7)+2 su(2))"	15	155	1	2	0	0	0	0	0	0	17
11	27	"e7+so(7)+2 su(2)"	"e7+g2+su(2)+2(so(7)+2 su(2))"	15	155	2	2	0	0	0	0	0	0	6
11	27	"e7+so(7)+2 su(2)"	"e7+g2+su(2)+2(so(7)+2 su(2))"	16	155	1	2	0	0	0	0	0	0	16
11	27	"e7+so(7)+2 su(2)"	"e7+g2+su(2)+2(so(7)+2 su(2))"	16	155	2	2	0	0	0	0	0	0	8
11	27	"e7+so(7)+2 su(2)"	"e7+g2+su(2)+2(so(7)+2 su(2))"	17	155	1	2	0	0	0	0	0	0	2
11	27	"e7+so(7)+2 su(2)"	"e7+g2+su(2)+2(so(7)+2 su(2))"	17	155	2	2	0	0	0	0	0	0	18
11	27	"e7+so(7)+2 su(2)"	"e7+g2+su(2)+2(so(7)+2 su(2))"	18	155	1	2	0	0	0	0	0	0	6
11	27	"e7+so(7)+2 su(2)"	"e7+g2+su(2)+2(so(7)+2 su(2))"	19	155	1	2	0	0	0	0	0	0	4
11	27	"e7+so(7)+2 su(2)"	"e7+g2+su(2)+2(so(7)+2 su(2))"	19	155	2	2	0	0	0	0	0	0	8
11	27	"e7+so(7)+2 su(2)"	"e7+g2+su(2)+2(so(7)+2 su(2))"	24	155	2	2	0	0	0	0	0	0	2
11	27	"e7+so(7)+2 su(2)"	"e7+g2+su(2)+2(so(7)+2 su(2))"	32	155	2	2	0	0	0	0	0	0	2
11	27	"e7+so(7)+2 su(2)"	"e7+g2+su(2)+2(so(7)+2 su(2))"	37	155	2	2	0	0	0	0	0	0	2
11	27	"e7+so(7)+2 su(2)"	"e7+g2+su(2)+so(7)+2 su(2)"	11	166	0	1	0	0	0	0	0	0	2
11	27	"e7+so(7)+2 su(2)"	"e7+g2+su(2)+so(7)+2 su(2)"	14	166	0	1	0	0	0	0	0	0	2
11	27	"e7+so(7)+2 su(2)"	"e7+g2+su(2)+so(7)+2 su(2)"	15	166	1	1	0	0	0	0	0	0	13
11	27	"e7+so(7)+2 su(2)"	"e7+g2+su(2)+so(7)+2 su(2)"	16	166	0	1	0	0	0	0	0	0	2
11	27	"e7+so(7)+2 su(2)"	"e7+g2+su(2)+so(7)+2 su(2)"	16	166	1	1	0	0	0	0	0	0	9
11	27	"e7+so(7)+2 su(2)"	"e7+g2+su(2)+so(7)+2 su(2)"	17	166	0	1	0	0	0	0	0	0	4
11	27	"e7+so(7)+2 su(2)"	"e7+g2+su(2)+so(7)+2 su(2)"	17	166	1	1	0	0	0	0	0	0	5
11	27	"e7+so(7)+2 su(2)"	"e7+g2+su(2)+so(7)+2 su(2)"	18	166	1	1	0	0	0	0	0	0	4
11	27	"e7+so(7)+2 su(2)"	"e7+g2+su(2)+so(7)+2 su(2)"	19	166	1	1	0	0	0	0	0	0	8
11	27	"e7+so(7)+2 su(2)"	"e7+g2+su(2)+so(7)+2 su(2)"	23	166	1	1	0	0	0	0	0	0	2
11	27	"e7+so(7)+2 su(2)"	"e7+so(8)+2(g2+su(2))+so(7)+2 su(2)"	17	129	0	2	1	0	0	0	0	0	2
11	27	"e7+so(7)+2 su(2)"	"e7+so(8)+2(so(7)+2 su(2))"	16	136	1	1	1	0	0	0	0	0	14
11	27	"e7+so(7)+2 su(2)"	"e7+so(8)+2(so(7)+2 su(2))"	17	136	1	1	1	0	0	0	0	0	10
11	27	"e7+so(7)+2 su(2)"	"e7+so(8)+2(so(7)+2 su(2))"	18	136	1	1	1	0	0	0	0	0	2
11	27	"e7+so(7)+2 su(2)"	"e7+so(8)+2(so(7)+2 su(2))"	19	136	1	1	1	0	0	0	0	0	2
11	27	"e7+so(7)+2 su(2)"	"e7+so(8)+2(so(7)+2 su(2))"	22	136	1	1	1	0	0	0	0	0	2
11	27	"e7+so(7)+2 su(2)"	"e7+so(8)+2(so(7)+2 su(2))"	29	136	1	1	1	0	0	0	0	0	2
11	27	"e7+so(7)+2 su(2)"	"e7+so(8)+g2+su(2)+2(so(7)+2 su(2))"	16	127	1	2	1	0	0	0	0	0	2
11	27	"e7+so(7)+2 su(2)"	"e7+so(8)+g2+su(2)+2(so(7)+2 su(2))"	17	127	1	2	1	0	0	0	0	0	2
11	27	"e7+so(7)+2 su(2)"	"e7+so(8)+g2+su(2)+so(7)+2 su(2)"	14	138	0	1	1	0	0	0	0	0	2
11	27	"e7+so(7)+2 su(2)"	"e7+so(8)+g2+su(2)+so(7)+2 su(2)"	17	138	0	1	1	0	0	0	0	0	2
11	27	"e7+so(7)+2 su(2)"	"e7+so(8)+su(3)+2(so(7)+2 su(2))"	20	128	1	2	1	0	0	0	0	0	2
11	27	"e7+so(7)+2 su(2)"	"e7+so(8)+su(3)+2(so(7)+2 su(2))"	23	128	1	2	1	0	0	0	0	0	2
11	27	"e7+so(7)+2 su(2)"	"e7+so(8)+su(3)+g2+su(2)+so(7)+2 su(2)"	20	130	0	2	1	0	0	0	0	0	2
11	27	"e7+so(7)+2 su(2)"	"e7+su(3)+2(g2+su(2))+so(7)+2 su(2)"	16	149	0	3	0	0	0	0	0	0	2
11	27	"e7+so(7)+2 su(2)"	"e7+su(3)+2(g2+su(2))+so(7)+2 su(2)"	18	149	0	3	0	0	0	0	0	0	2
11	27	"e7+so(7)+2 su(2)"	"e7+su(3)+2(g2+su(2))+so(7)+2 su(2)"	20	149	1	3	0	0	0	0	0	0	16
11	27	"e7+so(7)+2 su(2)"	"e7+su(3)+2(g2+su(2))+so(7)+2 su(2)"	22	149	1	3	0	0	0	0	0	0	4
11	27	"e7+so(7)+2 su(2)"	"e7+su(3)+2(g2+su(2))+so(7)+2 su(2)"	23	149	1	3	0	0	0	0	0	0	4
11	27	"e7+so(7)+2 su(2)"	"e7+su(3)+2(g2+su(2))+so(7)+2 su(2)"	26	149	1	3	0	0	0	0	0	0	4
11	27	"e7+so(7)+2 su(2)"	"e7+su(3)+2(g2+su(2))+so(7)+2 su(2)"	27	149	1	3	0	0	0	0	0	0	4
11	27	"e7+so(7)+2 su(2)"	"e7+su(3)+2(so(7)+2 su(2))"	15	156	1	2	0	0	0	0	0	0	8
11	27	"e7+so(7)+2 su(2)"	"e7+su(3)+2(so(7)+2 su(2))"	16	156	1	2	0	0	0	0	0	0	22
11	27	"e7+so(7)+2 su(2)"	"e7+su(3)+2(so(7)+2 su(2))"	17	156	1	2	0	0	0	0	0	0	6
11	27	"e7+so(7)+2 su(2)"	"e7+su(3)+2(so(7)+2 su(2))"	18	156	1	2	0	0	0	0	0	0	2
11	27	"e7+so(7)+2 su(2)"	"e7+su(3)+2(so(7)+2 su(2))"	19	156	1	2	0	0	0	0	0	0	2
11	27	"e7+so(7)+2 su(2)"	"e7+su(3)+2(so(7)+2 su(2))"	20	156	2	2	0	0	0	0	0	0	4
11	27	"e7+so(7)+2 su(2)"	"e7+su(3)+2(so(7)+2 su(2))"	21	156	1	2	0	0	0	0	0	0	4
11	27	"e7+so(7)+2 su(2)"	"e7+su(3)+2(so(7)+2 su(2))"	21	156	2	2	0	0	0	0	0	0	2
11	27	"e7+so(7)+2 su(2)"	"e7+su(3)+2(so(7)+2 su(2))"	30	156	1	2	0	0	0	0	0	0	2
11	27	"e7+so(7)+2 su(2)"	"e7+su(3)+g2+su(2)+2(so(7)+2 su(2))"	16	147	1	3	0	0	0	0	0	0	10
11	27	"e7+so(7)+2 su(2)"	"e7+su(3)+g2+su(2)+2(so(7)+2 su(2))"	17	147	1	3	0	0	0	0	0	0	4
11	27	"e7+so(7)+2 su(2)"	"e7+su(3)+g2+su(2)+2(so(7)+2 su(2))"	20	147	1	3	0	0	0	0	0	0	2
11	27	"e7+so(7)+2 su(2)"	"e7+su(3)+g2+su(2)+2(so(7)+2 su(2))"	22	147	1	3	0	0	0	0	0	0	2
11	27	"e7+so(7)+2 su(2)"	"e7+su(3)+g2+su(2)+2(so(7)+2 su(2))"	23	147	1	3	0	0	0	0	0	0	2
11	27	"e7+so(7)+2 su(2)"	"e7+su(3)+g2+su(2)+2(so(7)+2 su(2))"	23	147	2	3	0	0	0	0	0	0	4
11	27	"e7+so(7)+2 su(2)"	"e7+su(3)+g2+su(2)+2(so(7)+2 su(2))"	24	147	2	3	0	0	0	0	0	0	4
11	27	"e7+so(7)+2 su(2)"	"e7+su(3)+g2+su(2)+so(7)+2 su(2)"	13	158	0	2	0	0	0	0	0	0	2
11	27	"e7+so(7)+2 su(2)"	"e7+su(3)+g2+su(2)+so(7)+2 su(2)"	16	158	0	2	0	0	0	0	0	0	2
11	27	"e7+so(7)+2 su(2)"	"e7+su(3)+g2+su(2)+so(7)+2 su(2)"	17	158	0	2	0	0	0	0	0	0	2
11	27	"e7+so(7)+2 su(2)"	"e7+su(3)+g2+su(2)+so(7)+2 su(2)"	18	158	1	2	0	0	0	0	0	0	34
11	27	"e7+so(7)+2 su(2)"	"e7+su(3)+g2+su(2)+so(7)+2 su(2)"	19	158	0	2	0	0	0	0	0	0	2
11	27	"e7+so(7)+2 su(2)"	"e7+su(3)+g2+su(2)+so(7)+2 su(2)"	19	158	1	2	0	0	0	0	0	0	2
11	27	"e7+so(7)+2 su(2)"	"e7+su(3)+g2+su(2)+so(7)+2 su(2)"	20	158	1	2	0	0	0	0	0	0	13
11	27	"e7+so(7)+2 su(2)"	"e7+su(3)+g2+su(2)+so(7)+2 su(2)"	28	158	1	2	0	0	0	0	0	0	2
11	28	"e7+so(7)+2 su(2)"	"2 e7+2(g2+su(2))+so(7)+2 su(2)"	20	24	0	2	0	0	0	0	1	0	2
11	28	"e7+so(7)+2 su(2)"	"2 e7+g2+su(2)+so(7)+2 su(2)"	18	33	0	1	0	0	0	0	1	0	2
11	28	"e7+so(7)+2 su(2)"	"e7+2(g2+su(2))+so(7)+2 su(2)"	15	157	0	2	0	0	0	0	0	0	7
11	28	"e7+so(7)+2 su(2)"	"e7+2(g2+su(2))+so(7)+2 su(2)"	15	157	1	2	0	0	0	0	0	0	6
11	28	"e7+so(7)+2 su(2)"	"e7+2(g2+su(2))+so(7)+2 su(2)"	16	157	0	2	0	0	0	0	0	0	4
11	28	"e7+so(7)+2 su(2)"	"e7+2(g2+su(2))+so(7)+2 su(2)"	16	157	1	2	0	0	0	0	0	0	12
11	28	"e7+so(7)+2 su(2)"	"e7+2(g2+su(2))+so(7)+2 su(2)"	17	157	1	2	0	0	0	0	0	0	2
11	28	"e7+so(7)+2 su(2)"	"e7+2(g2+su(2))+so(7)+2 su(2)"	18	157	0	2	0	0	0	0	0	0	2
11	28	"e7+so(7)+2 su(2)"	"e7+2(g2+su(2))+so(7)+2 su(2)"	19	157	1	2	0	0	0	0	0	0	3
11	28	"e7+so(7)+2 su(2)"	"e7+2(g2+su(2))+so(7)+2 su(2)"	27	157	0	2	0	0	0	0	0	0	2
11	28	"e7+so(7)+2 su(2)"	"e7+2(so(7)+2 su(2))"	15	164	1	1	0	0	0	0	0	0	8
11	28	"e7+so(7)+2 su(2)"	"e7+2(so(7)+2 su(2))"	17	164	1	1	0	0	0	0	0	0	3
11	28	"e7+so(7)+2 su(2)"	"e7+2(so(7)+2 su(2))"	19	164	2	1	0	0	0	0	0	0	2
11	28	"e7+so(7)+2 su(2)"	"e7+2 su(3)+2(g2+su(2))+so(7)+2 su(2)"	20	141	0	4	0	0	0	0	0	0	2
11	28	"e7+so(7)+2 su(2)"	"e7+2 su(3)+2(so(7)+2 su(2))"	20	148	1	3	0	0	0	0	0	0	2
11	28	"e7+so(7)+2 su(2)"	"e7+2 su(3)+g2+su(2)+so(7)+2 su(2)"	18	150	0	3	0	0	0	0	0	0	3
11	28	"e7+so(7)+2 su(2)"	"e7+2 su(3)+g2+su(2)+so(7)+2 su(2)"	19	150	0	3	0	0	0	0	0	0	2
11	28	"e7+so(7)+2 su(2)"	"e7+2 su(3)+so(7)+2 su(2)"	20	159	0	2	0	0	0	0	0	0	5
11	28	"e7+so(7)+2 su(2)"	"e7+3(g2+su(2))+so(7)+2 su(2)"	16	148	1	3	0	0	0	0	0	0	4
11	28	"e7+so(7)+2 su(2)"	"e7+e6+2(g2+su(2))+so(7)+2 su(2)"	18	79	0	2	0	0	1	0	0	0	2
11	28	"e7+so(7)+2 su(2)"	"e7+e6+2(so(7)+2 su(2))"	18	86	1	1	0	0	1	0	0	0	2
11	28	"e7+so(7)+2 su(2)"	"e7+e6+g2+su(2)+2(so(7)+2 su(2))"	18	77	1	2	0	0	1	0	0	0	2
11	28	"e7+so(7)+2 su(2)"	"e7+e6+g2+su(2)+so(7)+2 su(2)"	16	88	0	1	0	0	1	0	0	0	2
11	28	"e7+so(7)+2 su(2)"	"e7+e7'+2(g2+su(2))+so(7)+2 su(2)"	19	52	0	2	0	0	0	1	0	0	2
11	28	"e7+so(7)+2 su(2)"	"e7+e7'+g2+su(2)+so(7)+2 su(2)"	17	61	0	1	0	0	0	1	0	0	2
11	28	"e7+so(7)+2 su(2)"	"e7+f4+2(g2+su(2))+so(7)+2 su(2)"	17	105	0	2	0	1	0	0	0	0	2
11	28	"e7+so(7)+2 su(2)"	"e7+f4+2(so(7)+2 su(2))"	17	112	1	1	0	1	0	0	0	0	4
11	28	"e7+so(7)+2 su(2)"	"e7+f4+g2+su(2)+2(so(7)+2 su(2))"	17	103	1	2	0	1	0	0	0	0	4
11	28	"e7+so(7)+2 su(2)"	"e7+f4+g2+su(2)+so(7)+2 su(2)"	15	114	0	1	0	1	0	0	0	0	2
11	28	"e7+so(7)+2 su(2)"	"e7+g2+su(2)+2(so(7)+2 su(2))"	15	155	1	2	0	0	0	0	0	0	10
11	28	"e7+so(7)+2 su(2)"	"e7+g2+su(2)+2(so(7)+2 su(2))"	16	155	1	2	0	0	0	0	0	0	11
11	28	"e7+so(7)+2 su(2)"	"e7+g2+su(2)+2(so(7)+2 su(2))"	17	155	2	2	0	0	0	0	0	0	3
11	28	"e7+so(7)+2 su(2)"	"e7+g2+su(2)+2(so(7)+2 su(2))"	19	155	1	2	0	0	0	0	0	0	2
11	28	"e7+so(7)+2 su(2)"	"e7+g2+su(2)+so(7)+2 su(2)"	11	166	0	1	0	0	0	0	0	0	2
11	28	"e7+so(7)+2 su(2)"	"e7+g2+su(2)+so(7)+2 su(2)"	14	166	0	1	0	0	0	0	0	0	2
11	28	"e7+so(7)+2 su(2)"	"e7+g2+su(2)+so(7)+2 su(2)"	15	166	0	1	0	0	0	0	0	0	2
11	28	"e7+so(7)+2 su(2)"	"e7+g2+su(2)+so(7)+2 su(2)"	15	166	1	1	0	0	0	0	0	0	7
11	28	"e7+so(7)+2 su(2)"	"e7+g2+su(2)+so(7)+2 su(2)"	16	166	0	1	0	0	0	0	0	0	5
11	28	"e7+so(7)+2 su(2)"	"e7+g2+su(2)+so(7)+2 su(2)"	16	166	1	1	0	0	0	0	0	0	5
11	28	"e7+so(7)+2 su(2)"	"e7+g2+su(2)+so(7)+2 su(2)"	17	166	0	1	0	0	0	0	0	0	4
11	28	"e7+so(7)+2 su(2)"	"e7+g2+su(2)+so(7)+2 su(2)"	18	166	1	1	0	0	0	0	0	0	2
11	28	"e7+so(7)+2 su(2)"	"e7+g2+su(2)+so(7)+2 su(2)"	19	166	1	1	0	0	0	0	0	0	3
11	28	"e7+so(7)+2 su(2)"	"e7+so(8)+2(g2+su(2))+so(7)+2 su(2)"	16	129	0	2	1	0	0	0	0	0	2
11	28	"e7+so(7)+2 su(2)"	"e7+so(8)+2(g2+su(2))+so(7)+2 su(2)"	17	129	0	2	1	0	0	0	0	0	3
11	28	"e7+so(7)+2 su(2)"	"e7+so(8)+2(so(7)+2 su(2))"	16	136	1	1	1	0	0	0	0	0	3
11	28	"e7+so(7)+2 su(2)"	"e7+so(8)+2(so(7)+2 su(2))"	17	136	1	1	1	0	0	0	0	0	3
11	28	"e7+so(7)+2 su(2)"	"e7+so(8)+g2+su(2)+2(so(7)+2 su(2))"	16	127	1	2	1	0	0	0	0	0	3
11	28	"e7+so(7)+2 su(2)"	"e7+so(8)+g2+su(2)+2(so(7)+2 su(2))"	17	127	1	2	1	0	0	0	0	0	2
11	28	"e7+so(7)+2 su(2)"	"e7+so(8)+g2+su(2)+so(7)+2 su(2)"	14	138	0	1	1	0	0	0	0	0	2
11	28	"e7+so(7)+2 su(2)"	"e7+so(8)+g2+su(2)+so(7)+2 su(2)"	16	138	0	1	1	0	0	0	0	0	2
11	28	"e7+so(7)+2 su(2)"	"e7+so(8)+g2+su(2)+so(7)+2 su(2)"	17	138	0	1	1	0	0	0	0	0	2
11	28	"e7+so(7)+2 su(2)"	"e7+so(8)+su(3)+g2+su(2)+so(7)+2 su(2)"	20	130	0	2	1	0	0	0	0	0	2
11	28	"e7+so(7)+2 su(2)"	"e7+su(3)+2(g2+su(2))+so(7)+2 su(2)"	16	149	0	3	0	0	0	0	0	0	4
11	28	"e7+so(7)+2 su(2)"	"e7+su(3)+2(g2+su(2))+so(7)+2 su(2)"	18	149	0	3	0	0	0	0	0	0	2
11	28	"e7+so(7)+2 su(2)"	"e7+su(3)+2(g2+su(2))+so(7)+2 su(2)"	19	149	1	3	0	0	0	0	0	0	2
11	28	"e7+so(7)+2 su(2)"	"e7+su(3)+2(g2+su(2))+so(7)+2 su(2)"	20	149	1	3	0	0	0	0	0	0	8
11	28	"e7+so(7)+2 su(2)"	"e7+su(3)+2(g2+su(2))+so(7)+2 su(2)"	21	149	1	3	0	0	0	0	0	0	2
11	28	"e7+so(7)+2 su(2)"	"e7+su(3)+2(g2+su(2))+so(7)+2 su(2)"	22	149	1	3	0	0	0	0	0	0	2
11	28	"e7+so(7)+2 su(2)"	"e7+su(3)+2(g2+su(2))+so(7)+2 su(2)"	23	149	1	3	0	0	0	0	0	0	4
11	28	"e7+so(7)+2 su(2)"	"e7+su(3)+2(g2+su(2))+so(7)+2 su(2)"	26	149	1	3	0	0	0	0	0	0	2
11	28	"e7+so(7)+2 su(2)"	"e7+su(3)+2(so(7)+2 su(2))"	15	156	1	2	0	0	0	0	0	0	2
11	28	"e7+so(7)+2 su(2)"	"e7+su(3)+2(so(7)+2 su(2))"	16	156	1	2	0	0	0	0	0	0	5
11	28	"e7+so(7)+2 su(2)"	"e7+su(3)+g2+su(2)+2(so(7)+2 su(2))"	16	147	1	3	0	0	0	0	0	0	7
11	28	"e7+so(7)+2 su(2)"	"e7+su(3)+g2+su(2)+so(7)+2 su(2)"	13	158	0	2	0	0	0	0	0	0	2
11	28	"e7+so(7)+2 su(2)"	"e7+su(3)+g2+su(2)+so(7)+2 su(2)"	16	158	0	2	0	0	0	0	0	0	3
11	28	"e7+so(7)+2 su(2)"	"e7+su(3)+g2+su(2)+so(7)+2 su(2)"	17	158	0	2	0	0	0	0	0	0	2
11	28	"e7+so(7)+2 su(2)"	"e7+su(3)+g2+su(2)+so(7)+2 su(2)"	18	158	1	2	0	0	0	0	0	0	16
11	28	"e7+so(7)+2 su(2)"	"e7+su(3)+g2+su(2)+so(7)+2 su(2)"	19	158	0	2	0	0	0	0	0	0	2
11	28	"e7+so(7)+2 su(2)"	"e7+su(3)+g2+su(2)+so(7)+2 su(2)"	20	158	1	2	0	0	0	0	0	0	11
11	28	"e7+so(7)+2 su(2)"	"e7+su(3)+g2+su(2)+so(7)+2 su(2)"	28	158	1	2	0	0	0	0	0	0	2
11	29	"e7+3(g2+su(2))"	"e7+2(g2+su(2))+2(so(7)+2 su(2))"	16	146	3	1	0	0	0	0	0	0	11
11	29	"e7+3(g2+su(2))"	"e7+2(g2+su(2))+so(7)+2 su(2)"	11	157	1	0	0	0	0	0	0	0	2
11	29	"e7+3(g2+su(2))"	"e7+2(g2+su(2))+so(7)+2 su(2)"	15	157	1	0	0	0	0	0	0	0	15
11	29	"e7+3(g2+su(2))"	"e7+2 su(3)+2(g2+su(2))+so(7)+2 su(2)"	16	141	1	2	0	0	0	0	0	0	7
11	29	"e7+3(g2+su(2))"	"e7+2 su(3)+3(g2+su(2))"	16	143	0	2	0	0	0	0	0	0	2
11	29	"e7+3(g2+su(2))"	"e7+2 su(3)+g2+su(2)+2(so(7)+2 su(2))"	16	139	2	2	0	0	0	0	0	0	6
11	29	"e7+3(g2+su(2))"	"e7+3(g2+su(2))+so(7)+2 su(2)"	16	148	2	1	0	0	0	0	0	0	14
11	29	"e7+3(g2+su(2))"	"e7+3(so(7)+2 su(2))"	15	153	3	0	0	0	0	0	0	0	120
11	29	"e7+3(g2+su(2))"	"e7+4(g2+su(2))"	16	150	1	1	0	0	0	0	0	0	5
11	29	"e7+3(g2+su(2))"	"e7+f4+2(g2+su(2))+so(7)+2 su(2)"	17	105	1	0	0	1	0	0	0	0	2
11	29	"e7+3(g2+su(2))"	"e7+g2+su(2)+2(so(7)+2 su(2))"	15	155	2	0	0	0	0	0	0	0	107
11	29	"e7+3(g2+su(2))"	"e7+g2+su(2)+3(so(7)+2 su(2))"	16	144	4	1	0	0	0	0	0	0	2
11	29	"e7+3(g2+su(2))"	"e7+so(8)+2(g2+su(2))+so(7)+2 su(2)"	16	129	1	0	1	0	0	0	0	0	5
11	29	"e7+3(g2+su(2))"	"e7+so(8)+g2+su(2)+2(so(7)+2 su(2))"	16	127	2	0	1	0	0	0	0	0	5
11	29	"e7+3(g2+su(2))"	"e7+su(3)+2(g2+su(2))+so(7)+2 su(2)"	15	149	1	1	0	0	0	0	0	0	3
11	29	"e7+3(g2+su(2))"	"e7+su(3)+2(g2+su(2))+so(7)+2 su(2)"	16	149	1	1	0	0	0	0	0	0	36
11	29	"e7+3(g2+su(2))"	"e7+su(3)+3(g2+su(2))"	16	151	0	1	0	0	0	0	0	0	4
11	29	"e7+3(g2+su(2))"	"e7+su(3)+3(so(7)+2 su(2))"	16	145	3	1	0	0	0	0	0	0	30
11	29	"e7+3(g2+su(2))"	"e7+su(3)+g2+su(2)+2(so(7)+2 su(2))"	16	147	2	1	0	0	0	0	0	0	71
11	30	"e7'+f4+g2+su(2)"	"e7'+f4+2(g2+su(2))"	15	144	1	1	0	0	0	0	0	0	6
11	30	"e7'+f4+g2+su(2)"	"e7'+f4+2(g2+su(2))"	16	144	1	1	0	0	0	0	0	0	47
11	30	"e7'+f4+g2+su(2)"	"e7'+f4+2(g2+su(2))"	17	144	1	1	0	0	0	0	0	0	12
11	30	"e7'+f4+g2+su(2)"	"e7'+f4+2(g2+su(2))"	18	144	1	1	0	0	0	0	0	0	2
11	30	"e7'+f4+g2+su(2)"	"e7'+f4+2(g2+su(2))"	19	144	1	1	0	0	0	0	0	0	6
11	30	"e7'+f4+g2+su(2)"	"e7'+f4+3(g2+su(2))"	16	135	2	2	0	0	0	0	0	0	12
11	30	"e7'+f4+g2+su(2)"	"e7'+f4+su(3)+2(g2+su(2))"	16	136	1	2	0	0	0	0	0	0	14
11	30	"e7'+f4+g2+su(2)"	"e7'+f4+su(3)+g2+su(2)"	11	145	0	1	0	0	0	0	0	0	2
11	31	"e7'+f4+g2+su(2)"	"e7'+f4+2(g2+su(2))"	15	144	0	1	0	0	0	0	0	0	2
11	31	"e7'+f4+g2+su(2)"	"e7'+f4+2(g2+su(2))"	15	144	1	1	0	0	0	0	0	0	2
11	31	"e7'+f4+g2+su(2)"	"e7'+f4+2(g2+su(2))"	16	144	1	1	0	0	0	0	0	0	23
11	31	"e7'+f4+g2+su(2)"	"e7'+f4+2(g2+su(2))"	17	144	1	1	0	0	0	0	0	0	6
11	31	"e7'+f4+g2+su(2)"	"e7'+f4+2(g2+su(2))"	18	144	1	1	0	0	0	0	0	0	2
11	31	"e7'+f4+g2+su(2)"	"e7'+f4+2(g2+su(2))"	19	144	1	1	0	0	0	0	0	0	6
11	31	"e7'+f4+g2+su(2)"	"e7'+f4+2(g2+su(2))+so(7)+2 su(2)"	16	133	2	2	0	0	0	0	0	0	6
11	31	"e7'+f4+g2+su(2)"	"e7'+f4+2(g2+su(2))+so(7)+2 su(2)"	17	133	2	2	0	0	0	0	0	0	12
11	31	"e7'+f4+g2+su(2)"	"e7'+f4+2(g2+su(2))+so(7)+2 su(2)"	18	133	2	2	0	0	0	0	0	0	2
11	31	"e7'+f4+g2+su(2)"	"e7'+f4+2(g2+su(2))+so(7)+2 su(2)"	20	133	2	2	0	0	0	0	0	0	4
11	31	"e7'+f4+g2+su(2)"	"e7'+f4+2(g2+su(2))+so(7)+2 su(2)"	21	133	2	2	0	0	0	0	0	0	2
11	31	"e7'+f4+g2+su(2)"	"e7'+f4+3(g2+su(2))"	16	135	1	2	0	0	0	0	0	0	11
11	31	"e7'+f4+g2+su(2)"	"e7'+f4+3(g2+su(2))"	16	135	2	2	0	0	0	0	0	0	2
11	31	"e7'+f4+g2+su(2)"	"e7'+f4+3(g2+su(2))"	17	135	1	2	0	0	0	0	0	0	2
11	31	"e7'+f4+g2+su(2)"	"e7'+f4+3(g2+su(2))"	18	135	1	2	0	0	0	0	0	0	2
11	31	"e7'+f4+g2+su(2)"	"e7'+f4+3(g2+su(2))"	20	135	1	2	0	0	0	0	0	0	2
11	31	"e7'+f4+g2+su(2)"	"e7'+f4+3(g2+su(2))"	38	135	1	2	0	0	0	0	0	0	2
11	31	"e7'+f4+g2+su(2)"	"e7'+f4+g2+su(2)+so(7)+2 su(2)"	15	142	1	1	0	0	0	0	0	0	2
11	31	"e7'+f4+g2+su(2)"	"e7'+f4+g2+su(2)+so(7)+2 su(2)"	16	142	1	1	0	0	0	0	0	0	12
11	31	"e7'+f4+g2+su(2)"	"e7'+f4+g2+su(2)+so(7)+2 su(2)"	17	142	1	1	0	0	0	0	0	0	11
11	31	"e7'+f4+g2+su(2)"	"e7'+f4+g2+su(2)+so(7)+2 su(2)"	18	142	1	1	0	0	0	0	0	0	2
11	31	"e7'+f4+g2+su(2)"	"e7'+f4+g2+su(2)+so(7)+2 su(2)"	19	142	1	1	0	0	0	0	0	0	4
11	31	"e7'+f4+g2+su(2)"	"e7'+f4+g2+su(2)+so(7)+2 su(2)"	21	142	1	1	0	0	0	0	0	0	2
11	31	"e7'+f4+g2+su(2)"	"e7'+f4+g2+su(2)+so(7)+2 su(2)"	23	142	1	1	0	0	0	0	0	0	2
11	31	"e7'+f4+g2+su(2)"	"e7'+f4+su(3)+2(g2+su(2))"	14	136	0	2	0	0	0	0	0	0	2
11	31	"e7'+f4+g2+su(2)"	"e7'+f4+su(3)+2(g2+su(2))"	16	136	0	2	0	0	0	0	0	0	3
11	31	"e7'+f4+g2+su(2)"	"e7'+f4+su(3)+2(g2+su(2))"	16	136	1	2	0	0	0	0	0	0	6
11	31	"e7'+f4+g2+su(2)"	"e7'+f4+su(3)+3(g2+su(2))"	16	127	1	3	0	0	0	0	0	0	2
11	31	"e7'+f4+g2+su(2)"	"e7'+f4+su(3)+g2+su(2)"	11	145	0	1	0	0	0	0	0	0	2
11	31	"e7'+f4+g2+su(2)"	"e7'+f4+su(3)+g2+su(2)+so(7)+2 su(2)"	16	134	1	2	0	0	0	0	0	0	8
11	31	"e7'+f4+g2+su(2)"	"e7'+f4+su(3)+g2+su(2)+so(7)+2 su(2)"	17	134	1	2	0	0	0	0	0	0	6
11	31	"e7'+f4+g2+su(2)"	"e7'+f4+su(3)+g2+su(2)+so(7)+2 su(2)"	20	134	1	2	0	0	0	0	0	0	2
11	31	"e7'+f4+g2+su(2)"	"e7'+f4+su(3)+g2+su(2)+so(7)+2 su(2)"	29	134	1	2	0	0	0	0	0	0	2
11	32	"e6+f4+3 su(3)"	"e6+f4+3 su(3)+g2+su(2)"	15	156	1	1	0	0	0	0	0	0	10
11	32	"e6+f4+3 su(3)"	"e6+f4+4 su(3)"	14	157	0	1	0	0	0	0	0	0	2
11	33	"e6+f4+2 su(3)"	"2 e6+f4+3 su(3)"	16	87	0	1	0	0	1	0	0	0	3
11	33	"e6+f4+2 su(3)"	"2 e6+f4+3 su(3)"	18	87	0	1	0	0	1	0	0	0	4
11	33	"e6+f4+2 su(3)"	"2 e6+f4+4 su(3)"	18	79	0	2	0	0	1	0	0	0	6
11	33	"e6+f4+2 su(3)"	"e6+2 f4+2 su(3)+g2+su(2)"	17	112	1	1	0	1	0	0	0	0	57
11	33	"e6+f4+2 su(3)"	"e6+2 f4+3 su(3)"	15	113	0	1	0	1	0	0	0	0	3
11	33	"e6+f4+2 su(3)"	"e6+2 f4+3 su(3)"	17	113	0	1	0	1	0	0	0	0	4
11	33	"e6+f4+2 su(3)"	"e6+2 f4+3 su(3)+g2+su(2)"	17	104	1	2	0	1	0	0	0	0	15
11	33	"e6+f4+2 su(3)"	"e6+2 f4+4 su(3)"	17	105	0	2	0	1	0	0	0	0	6
11	33	"e6+f4+2 su(3)"	"e6+2 f4+su(3)+g2+su(2)"	17	120	1	0	0	1	0	0	0	0	52
11	33	"e6+f4+2 su(3)"	"e6+f4+2 su(3)+2(g2+su(2))"	15	155	2	2	0	0	0	0	0	0	48
11	33	"e6+f4+2 su(3)"	"e6+f4+2 su(3)+2(g2+su(2))"	16	155	2	2	0	0	0	0	0	0	129
11	33	"e6+f4+2 su(3)"	"e6+f4+2 su(3)+2(g2+su(2))"	17	155	2	2	0	0	0	0	0	0	15
11	33	"e6+f4+2 su(3)"	"e6+f4+2 su(3)+2(g2+su(2))"	18	155	2	2	0	0	0	0	0	0	6
11	33	"e6+f4+2 su(3)"	"e6+f4+2 su(3)+2(g2+su(2))"	19	155	2	2	0	0	0	0	0	0	6
11	33	"e6+f4+2 su(3)"	"e6+f4+2 su(3)+2(g2+su(2))"	21	155	2	2	0	0	0	0	0	0	18
11	33	"e6+f4+2 su(3)"	"e6+f4+2 su(3)+2(g2+su(2))"	33	155	2	2	0	0	0	0	0	0	6
11	33	"e6+f4+2 su(3)"	"e6+f4+2 su(3)+g2+su(2)"	13	164	1	1	0	0	0	0	0	0	3
11	33	"e6+f4+2 su(3)"	"e6+f4+2 su(3)+g2+su(2)"	14	164	1	1	0	0	0	0	0	0	3
11	33	"e6+f4+2 su(3)"	"e6+f4+2 su(3)+g2+su(2)"	15	164	1	1	0	0	0	0	0	0	194
11	33	"e6+f4+2 su(3)"	"e6+f4+2 su(3)+g2+su(2)"	16	164	1	1	0	0	0	0	0	0	211
11	33	"e6+f4+2 su(3)"	"e6+f4+2 su(3)+g2+su(2)"	17	164	1	1	0	0	0	0	0	0	69
11	33	"e6+f4+2 su(3)"	"e6+f4+2 su(3)+g2+su(2)"	18	164	1	1	0	0	0	0	0	0	34
11	33	"e6+f4+2 su(3)"	"e6+f4+2 su(3)+g2+su(2)"	19	164	1	1	0	0	0	0	0	0	29
11	33	"e6+f4+2 su(3)"	"e6+f4+2 su(3)+g2+su(2)"	23	164	1	1	0	0	0	0	0	0	12
11	33	"e6+f4+2 su(3)"	"e6+f4+2 su(3)+g2+su(2)+so(7)+2 su(2)"	15	153	3	2	0	0	0	0	0	0	3
11	33	"e6+f4+2 su(3)"	"e6+f4+2 su(3)+g2+su(2)+so(7)+2 su(2)"	16	153	3	2	0	0	0	0	0	0	36
11	33	"e6+f4+2 su(3)"	"e6+f4+2 su(3)+g2+su(2)+so(7)+2 su(2)"	17	153	3	2	0	0	0	0	0	0	6
11	33	"e6+f4+2 su(3)"	"e6+f4+2 su(3)+so(7)+2 su(2)"	15	162	2	1	0	0	0	0	0	0	62
11	33	"e6+f4+2 su(3)"	"e6+f4+2 su(3)+so(7)+2 su(2)"	16	162	2	1	0	0	0	0	0	0	108
11	33	"e6+f4+2 su(3)"	"e6+f4+2 su(3)+so(7)+2 su(2)"	17	162	2	1	0	0	0	0	0	0	27
11	33	"e6+f4+2 su(3)"	"e6+f4+2 su(3)+so(7)+2 su(2)"	18	162	2	1	0	0	0	0	0	0	13
11	33	"e6+f4+2 su(3)"	"e6+f4+2 su(3)+so(7)+2 su(2)"	19	162	2	1	0	0	0	0	0	0	3
11	33	"e6+f4+2 su(3)"	"e6+f4+2 su(3)+so(7)+2 su(2)"	20	162	2	1	0	0	0	0	0	0	14
11	33	"e6+f4+2 su(3)"	"e6+f4+3 su(3)"	11	165	0	1	0	0	0	0	0	0	4
11	33	"e6+f4+2 su(3)"	"e6+f4+3 su(3)"	14	165	0	1	0	0	0	0	0	0	3
11	33	"e6+f4+2 su(3)"	"e6+f4+3 su(3)"	15	165	0	1	0	0	0	0	0	0	8
11	33	"e6+f4+2 su(3)"	"e6+f4+3 su(3)"	16	165	0	1	0	0	0	0	0	0	9
11	33	"e6+f4+2 su(3)"	"e6+f4+3 su(3)"	17	165	0	1	0	0	0	0	0	0	7
11	33	"e6+f4+2 su(3)"	"e6+f4+3 su(3)+2(g2+su(2))"	16	147	2	3	0	0	0	0	0	0	12
11	33	"e6+f4+2 su(3)"	"e6+f4+3 su(3)+g2+su(2)"	15	156	1	2	0	0	0	0	0	0	106
11	33	"e6+f4+2 su(3)"	"e6+f4+3 su(3)+g2+su(2)"	16	156	1	2	0	0	0	0	0	0	259
11	33	"e6+f4+2 su(3)"	"e6+f4+3 su(3)+g2+su(2)"	17	156	1	2	0	0	0	0	0	0	39
11	33	"e6+f4+2 su(3)"	"e6+f4+3 su(3)+g2+su(2)"	18	156	1	2	0	0	0	0	0	0	64
11	33	"e6+f4+2 su(3)"	"e6+f4+3 su(3)+g2+su(2)"	19	156	1	2	0	0	0	0	0	0	25
11	33	"e6+f4+2 su(3)"	"e6+f4+3 su(3)+g2+su(2)"	20	156	1	2	0	0	0	0	0	0	21
11	33	"e6+f4+2 su(3)"	"e6+f4+3 su(3)+g2+su(2)"	21	156	1	2	0	0	0	0	0	0	4
11	33	"e6+f4+2 su(3)"	"e6+f4+3 su(3)+g2+su(2)"	22	156	1	2	0	0	0	0	0	0	9
11	33	"e6+f4+2 su(3)"	"e6+f4+3 su(3)+g2+su(2)"	23	156	1	2	0	0	0	0	0	0	12
11	33	"e6+f4+2 su(3)"	"e6+f4+3 su(3)+g2+su(2)"	29	156	1	2	0	0	0	0	0	0	6
11	33	"e6+f4+2 su(3)"	"e6+f4+3 su(3)+g2+su(2)"	30	156	1	2	0	0	0	0	0	0	3
11	33	"e6+f4+2 su(3)"	"e6+f4+3 su(3)+g2+su(2)"	31	156	1	2	0	0	0	0	0	0	12
11	33	"e6+f4+2 su(3)"	"e6+f4+3 su(3)+so(7)+2 su(2)"	15	154	2	2	0	0	0	0	0	0	3
11	33	"e6+f4+2 su(3)"	"e6+f4+3 su(3)+so(7)+2 su(2)"	16	154	2	2	0	0	0	0	0	0	90
11	33	"e6+f4+2 su(3)"	"e6+f4+3 su(3)+so(7)+2 su(2)"	17	154	2	2	0	0	0	0	0	0	9
11	33	"e6+f4+2 su(3)"	"e6+f4+3 su(3)+so(7)+2 su(2)"	19	154	2	2	0	0	0	0	0	0	6
11	33	"e6+f4+2 su(3)"	"e6+f4+3 su(3)+so(7)+2 su(2)"	24	154	2	2	0	0	0	0	0	0	6
11	33	"e6+f4+2 su(3)"	"e6+f4+4 su(3)"	13	157	0	2	0	0	0	0	0	0	3
11	33	"e6+f4+2 su(3)"	"e6+f4+4 su(3)"	15	157	0	2	0	0	0	0	0	0	28
11	33	"e6+f4+2 su(3)"	"e6+f4+4 su(3)"	16	157	0	2	0	0	0	0	0	0	25
11	33	"e6+f4+2 su(3)"	"e6+f4+4 su(3)"	17	157	0	2	0	0	0	0	0	0	16
11	33	"e6+f4+2 su(3)"	"e6+f4+4 su(3)"	18	157	0	2	0	0	0	0	0	0	9
11	33	"e6+f4+2 su(3)"	"e6+f4+4 su(3)"	19	157	0	2	0	0	0	0	0	0	3
11	33	"e6+f4+2 su(3)"	"e6+f4+4 su(3)"	20	157	0	2	0	0	0	0	0	0	5
11	33	"e6+f4+2 su(3)"	"e6+f4+4 su(3)"	27	157	0	2	0	0	0	0	0	0	6
11	33	"e6+f4+2 su(3)"	"e6+f4+4 su(3)+g2+su(2)"	15	148	1	3	0	0	0	0	0	0	3
11	33	"e6+f4+2 su(3)"	"e6+f4+4 su(3)+g2+su(2)"	16	148	1	3	0	0	0	0	0	0	90
11	33	"e6+f4+2 su(3)"	"e6+f4+4 su(3)+g2+su(2)"	17	148	1	3	0	0	0	0	0	0	4
11	33	"e6+f4+2 su(3)"	"e6+f4+4 su(3)+g2+su(2)"	18	148	1	3	0	0	0	0	0	0	9
11	33	"e6+f4+2 su(3)"	"e6+f4+4 su(3)+g2+su(2)"	19	148	1	3	0	0	0	0	0	0	3
11	33	"e6+f4+2 su(3)"	"e6+f4+4 su(3)+g2+su(2)"	20	148	1	3	0	0	0	0	0	0	18
11	33	"e6+f4+2 su(3)"	"e6+f4+4 su(3)+g2+su(2)"	21	148	1	3	0	0	0	0	0	0	6
11	33	"e6+f4+2 su(3)"	"e6+f4+4 su(3)+g2+su(2)"	22	148	1	3	0	0	0	0	0	0	6
11	33	"e6+f4+2 su(3)"	"e6+f4+4 su(3)+g2+su(2)"	23	148	1	3	0	0	0	0	0	0	6
11	33	"e6+f4+2 su(3)"	"e6+f4+4 su(3)+g2+su(2)"	46	148	1	3	0	0	0	0	0	0	12
11	33	"e6+f4+2 su(3)"	"e6+f4+4 su(3)+so(7)+2 su(2)"	16	146	2	3	0	0	0	0	0	0	3
11	33	"e6+f4+2 su(3)"	"e6+f4+5 su(3)"	15	149	0	3	0	0	0	0	0	0	3
11	33	"e6+f4+2 su(3)"	"e6+f4+5 su(3)"	16	149	0	3	0	0	0	0	0	0	31
11	33	"e6+f4+2 su(3)"	"e6+f4+5 su(3)"	17	149	0	3	0	0	0	0	0	0	4
11	33	"e6+f4+2 su(3)"	"e6+f4+5 su(3)"	18	149	0	3	0	0	0	0	0	0	12
11	33	"e6+f4+2 su(3)"	"e6+f4+5 su(3)"	19	149	0	3	0	0	0	0	0	0	4
11	33	"e6+f4+2 su(3)"	"e6+f4+5 su(3)"	22	149	0	3	0	0	0	0	0	0	3
11	33	"e6+f4+2 su(3)"	"e6+f4+5 su(3)"	23	149	0	3	0	0	0	0	0	0	6
11	33	"e6+f4+2 su(3)"	"e6+f4+6 su(3)"	16	141	0	4	0	0	0	0	0	0	6
11	33	"e6+f4+2 su(3)"	"e6+f4+6 su(3)"	20	141	0	4	0	0	0	0	0	0	6
11	33	"e6+f4+2 su(3)"	"e6+f4+so(8)+2 su(3)+g2+su(2)"	16	136	1	1	1	0	0	0	0	0	75
11	33	"e6+f4+2 su(3)"	"e6+f4+so(8)+2 su(3)+g2+su(2)"	17	136	1	1	1	0	0	0	0	0	24
11	33	"e6+f4+2 su(3)"	"e6+f4+so(8)+2 su(3)+g2+su(2)"	38	136	1	1	1	0	0	0	0	0	3
11	33	"e6+f4+2 su(3)"	"e6+f4+so(8)+3 su(3)"	14	137	0	1	1	0	0	0	0	0	3
11	33	"e6+f4+2 su(3)"	"e6+f4+so(8)+3 su(3)"	16	137	0	1	1	0	0	0	0	0	7
11	33	"e6+f4+2 su(3)"	"e6+f4+so(8)+3 su(3)"	17	137	0	1	1	0	0	0	0	0	4
11	33	"e6+f4+2 su(3)"	"e6+f4+so(8)+3 su(3)+g2+su(2)"	16	128	1	2	1	0	0	0	0	0	18
11	33	"e6+f4+2 su(3)"	"e6+f4+so(8)+3 su(3)+g2+su(2)"	17	128	1	2	1	0	0	0	0	0	6
11	33	"e6+f4+2 su(3)"	"e6+f4+so(8)+4 su(3)"	16	129	0	2	1	0	0	0	0	0	6
11	33	"e6+f4+2 su(3)"	"e6+f4+so(8)+4 su(3)"	17	129	0	2	1	0	0	0	0	0	9
11	33	"e6+f4+2 su(3)"	"e6+f4+so(8)+4 su(3)"	20	129	0	2	1	0	0	0	0	0	3
11	33	"e6+f4+2 su(3)"	"e6+f4+so(8)+5 su(3)"	17	121	0	3	1	0	0	0	0	0	4
11	33	"e6+f4+2 su(3)"	"e6+f4+so(8)+su(3)+g2+su(2)"	16	144	1	0	1	0	0	0	0	0	72
11	33	"e6+f4+2 su(3)"	"e6+f4+so(8)+su(3)+g2+su(2)"	17	144	1	0	1	0	0	0	0	0	15
11	33	"e6+f4+2 su(3)"	"e6+f4+su(3)+2(g2+su(2))"	15	163	2	1	0	0	0	0	0	0	138
11	33	"e6+f4+2 su(3)"	"e6+f4+su(3)+2(g2+su(2))"	16	163	2	1	0	0	0	0	0	0	116
11	33	"e6+f4+2 su(3)"	"e6+f4+su(3)+2(g2+su(2))"	17	163	2	1	0	0	0	0	0	0	12
11	33	"e6+f4+2 su(3)"	"e6+f4+su(3)+2(g2+su(2))"	18	163	2	1	0	0	0	0	0	0	4
11	33	"e6+f4+2 su(3)"	"e6+f4+su(3)+2(g2+su(2))"	19	163	2	1	0	0	0	0	0	0	10
11	33	"e6+f4+2 su(3)"	"e6+f4+su(3)+2(g2+su(2))"	20	163	2	1	0	0	0	0	0	0	26
11	33	"e6+f4+2 su(3)"	"e6+f4+su(3)+2(g2+su(2))"	21	163	2	1	0	0	0	0	0	0	8
11	33	"e6+f4+2 su(3)"	"e6+f4+su(3)+g2+su(2)"	14	172	1	0	0	0	0	0	0	0	3
11	33	"e6+f4+2 su(3)"	"e6+f4+su(3)+g2+su(2)"	15	172	1	0	0	0	0	0	0	0	51
11	33	"e6+f4+2 su(3)"	"e6+f4+su(3)+g2+su(2)"	16	172	1	0	0	0	0	0	0	0	49
11	33	"e6+f4+2 su(3)"	"e6+f4+su(3)+g2+su(2)"	17	172	1	0	0	0	0	0	0	0	15
11	33	"e6+f4+2 su(3)"	"e6+f4+su(3)+g2+su(2)"	18	172	1	0	0	0	0	0	0	0	2
11	33	"e6+f4+2 su(3)"	"e6+f4+su(3)+g2+su(2)"	19	172	1	0	0	0	0	0	0	0	2
11	33	"e6+f4+2 su(3)"	"e6+f4+su(3)+g2+su(2)+so(7)+2 su(2)"	15	161	3	1	0	0	0	0	0	0	117
11	33	"e6+f4+2 su(3)"	"e6+f4+su(3)+g2+su(2)+so(7)+2 su(2)"	16	161	3	1	0	0	0	0	0	0	63
11	33	"e6+f4+2 su(3)"	"e6+f4+su(3)+g2+su(2)+so(7)+2 su(2)"	17	161	3	1	0	0	0	0	0	0	12
11	33	"e6+f4+2 su(3)"	"e6+f4+su(3)+g2+su(2)+so(7)+2 su(2)"	18	161	3	1	0	0	0	0	0	0	3
11	33	"e6+f4+2 su(3)"	"e6+f4+su(3)+g2+su(2)+so(7)+2 su(2)"	19	161	3	1	0	0	0	0	0	0	3
11	33	"e6+f4+2 su(3)"	"e6+f4+su(3)+g2+su(2)+so(7)+2 su(2)"	21	161	3	1	0	0	0	0	0	0	15
11	34	"e6+f4+2 su(3)"	"2 e6+f4+2 su(3)+so(7)+2 su(2)"	18	84	1	1	0	0	1	0	0	0	7
11	34	"e6+f4+2 su(3)"	"2 e6+f4+2 su(3)+so(7)+2 su(2)"	19	84	1	1	0	0	1	0	0	0	2
11	34	"e6+f4+2 su(3)"	"2 e6+f4+3 su(3)"	18	87	0	1	0	0	1	0	0	0	2
11	34	"e6+f4+2 su(3)"	"e6+2 f4+2 su(3)+2(g2+su(2))"	17	103	1	2	0	1	0	0	0	0	2
11	34	"e6+f4+2 su(3)"	"e6+2 f4+2 su(3)+g2+su(2)"	17	112	1	1	0	1	0	0	0	0	5
11	34	"e6+f4+2 su(3)"	"e6+2 f4+2 su(3)+so(7)+2 su(2)"	17	110	1	1	0	1	0	0	0	0	4
11	34	"e6+f4+2 su(3)"	"e6+2 f4+2 su(3)+so(7)+2 su(2)"	18	110	1	1	0	1	0	0	0	0	3
11	34	"e6+f4+2 su(3)"	"e6+2 f4+3 su(3)"	17	113	0	1	0	1	0	0	0	0	2
11	34	"e6+f4+2 su(3)"	"e6+2 f4+su(3)+2(g2+su(2))"	17	111	1	1	0	1	0	0	0	0	10
11	34	"e6+f4+2 su(3)"	"e6+2 f4+su(3)+g2+su(2)"	17	120	1	0	0	1	0	0	0	0	18
11	34	"e6+f4+2 su(3)"	"e6+2 f4+su(3)+g2+su(2)+so(7)+2 su(2)"	17	109	2	1	0	1	0	0	0	0	3
11	34	"e6+f4+2 su(3)"	"e6+f4+2 su(3)+2(g2+su(2))"	15	155	1	2	0	0	0	0	0	0	15
11	34	"e6+f4+2 su(3)"	"e6+f4+2 su(3)+2(g2+su(2))"	15	155	2	2	0	0	0	0	0	0	2
11	34	"e6+f4+2 su(3)"	"e6+f4+2 su(3)+2(g2+su(2))"	16	155	1	2	0	0	0	0	0	0	47
11	34	"e6+f4+2 su(3)"	"e6+f4+2 su(3)+2(g2+su(2))"	16	155	2	2	0	0	0	0	0	0	7
11	34	"e6+f4+2 su(3)"	"e6+f4+2 su(3)+2(g2+su(2))"	17	155	1	2	0	0	0	0	0	0	8
11	34	"e6+f4+2 su(3)"	"e6+f4+2 su(3)+2(g2+su(2))"	18	155	1	2	0	0	0	0	0	0	4
11	34	"e6+f4+2 su(3)"	"e6+f4+2 su(3)+2(g2+su(2))"	19	155	1	2	0	0	0	0	0	0	3
11	34	"e6+f4+2 su(3)"	"e6+f4+2 su(3)+2(g2+su(2))"	22	155	1	2	0	0	0	0	0	0	3
11	34	"e6+f4+2 su(3)"	"e6+f4+2 su(3)+2(g2+su(2))"	31	155	1	2	0	0	0	0	0	0	2
11	34	"e6+f4+2 su(3)"	"e6+f4+2 su(3)+2(so(7)+2 su(2))"	21	151	3	2	0	0	0	0	0	0	2
11	34	"e6+f4+2 su(3)"	"e6+f4+2 su(3)+g2+su(2)"	15	164	1	1	0	0	0	0	0	0	56
11	34	"e6+f4+2 su(3)"	"e6+f4+2 su(3)+g2+su(2)"	16	164	1	1	0	0	0	0	0	0	42
11	34	"e6+f4+2 su(3)"	"e6+f4+2 su(3)+g2+su(2)"	17	164	1	1	0	0	0	0	0	0	17
11	34	"e6+f4+2 su(3)"	"e6+f4+2 su(3)+g2+su(2)"	18	164	1	1	0	0	0	0	0	0	11
11	34	"e6+f4+2 su(3)"	"e6+f4+2 su(3)+g2+su(2)"	19	164	1	1	0	0	0	0	0	0	14
11	34	"e6+f4+2 su(3)"	"e6+f4+2 su(3)+g2+su(2)+so(7)+2 su(2)"	16	153	2	2	0	0	0	0	0	0	56
11	34	"e6+f4+2 su(3)"	"e6+f4+2 su(3)+g2+su(2)+so(7)+2 su(2)"	17	153	2	2	0	0	0	0	0	0	26
11	34	"e6+f4+2 su(3)"	"e6+f4+2 su(3)+g2+su(2)+so(7)+2 su(2)"	18	153	2	2	0	0	0	0	0	0	6
11	34	"e6+f4+2 su(3)"	"e6+f4+2 su(3)+g2+su(2)+so(7)+2 su(2)"	19	153	2	2	0	0	0	0	0	0	4
11	34	"e6+f4+2 su(3)"	"e6+f4+2 su(3)+g2+su(2)+so(7)+2 su(2)"	20	153	2	2	0	0	0	0	0	0	3
11	34	"e6+f4+2 su(3)"	"e6+f4+2 su(3)+g2+su(2)+so(7)+2 su(2)"	21	153	2	2	0	0	0	0	0	0	10
11	34	"e6+f4+2 su(3)"	"e6+f4+2 su(3)+g2+su(2)+so(7)+2 su(2)"	22	153	2	2	0	0	0	0	0	0	4
11	34	"e6+f4+2 su(3)"	"e6+f4+2 su(3)+so(7)+2 su(2)"	15	162	1	1	0	0	0	0	0	0	21
11	34	"e6+f4+2 su(3)"	"e6+f4+2 su(3)+so(7)+2 su(2)"	15	162	2	1	0	0	0	0	0	0	18
11	34	"e6+f4+2 su(3)"	"e6+f4+2 su(3)+so(7)+2 su(2)"	16	162	1	1	0	0	0	0	0	0	21
11	34	"e6+f4+2 su(3)"	"e6+f4+2 su(3)+so(7)+2 su(2)"	16	162	2	1	0	0	0	0	0	0	10
11	34	"e6+f4+2 su(3)"	"e6+f4+2 su(3)+so(7)+2 su(2)"	17	162	1	1	0	0	0	0	0	0	6
11	34	"e6+f4+2 su(3)"	"e6+f4+2 su(3)+so(7)+2 su(2)"	17	162	2	1	0	0	0	0	0	0	6
11	34	"e6+f4+2 su(3)"	"e6+f4+2 su(3)+so(7)+2 su(2)"	18	162	1	1	0	0	0	0	0	0	4
11	34	"e6+f4+2 su(3)"	"e6+f4+2 su(3)+so(7)+2 su(2)"	18	162	2	1	0	0	0	0	0	0	3
11	34	"e6+f4+2 su(3)"	"e6+f4+2 su(3)+so(7)+2 su(2)"	19	162	1	1	0	0	0	0	0	0	3
11	34	"e6+f4+2 su(3)"	"e6+f4+2 su(3)+so(7)+2 su(2)"	20	162	2	1	0	0	0	0	0	0	2
11	34	"e6+f4+2 su(3)"	"e6+f4+3 su(3)"	11	165	0	1	0	0	0	0	0	0	2
11	34	"e6+f4+2 su(3)"	"e6+f4+3 su(3)"	15	165	0	1	0	0	0	0	0	0	5
11	34	"e6+f4+2 su(3)"	"e6+f4+3 su(3)"	16	165	0	1	0	0	0	0	0	0	4
11	34	"e6+f4+2 su(3)"	"e6+f4+3 su(3)"	17	165	0	1	0	0	0	0	0	0	3
11	34	"e6+f4+2 su(3)"	"e6+f4+3 su(3)+2(g2+su(2))"	16	147	1	3	0	0	0	0	0	0	9
11	34	"e6+f4+2 su(3)"	"e6+f4+3 su(3)+2(g2+su(2))"	18	147	1	3	0	0	0	0	0	0	2
11	34	"e6+f4+2 su(3)"	"e6+f4+3 su(3)+2(g2+su(2))"	20	147	1	3	0	0	0	0	0	0	3
11	34	"e6+f4+2 su(3)"	"e6+f4+3 su(3)+2(g2+su(2))"	46	147	1	3	0	0	0	0	0	0	2
11	34	"e6+f4+2 su(3)"	"e6+f4+3 su(3)+g2+su(2)"	15	156	0	2	0	0	0	0	0	0	4
11	34	"e6+f4+2 su(3)"	"e6+f4+3 su(3)+g2+su(2)"	15	156	1	2	0	0	0	0	0	0	14
11	34	"e6+f4+2 su(3)"	"e6+f4+3 su(3)+g2+su(2)"	16	156	0	2	0	0	0	0	0	0	4
11	34	"e6+f4+2 su(3)"	"e6+f4+3 su(3)+g2+su(2)"	16	156	1	2	0	0	0	0	0	0	19
11	34	"e6+f4+2 su(3)"	"e6+f4+3 su(3)+g2+su(2)"	17	156	1	2	0	0	0	0	0	0	6
11	34	"e6+f4+2 su(3)"	"e6+f4+3 su(3)+g2+su(2)"	18	156	0	2	0	0	0	0	0	0	2
11	34	"e6+f4+2 su(3)"	"e6+f4+3 su(3)+g2+su(2)"	18	156	1	2	0	0	0	0	0	0	13
11	34	"e6+f4+2 su(3)"	"e6+f4+3 su(3)+g2+su(2)"	19	156	1	2	0	0	0	0	0	0	4
11	34	"e6+f4+2 su(3)"	"e6+f4+3 su(3)+g2+su(2)"	20	156	1	2	0	0	0	0	0	0	5
11	34	"e6+f4+2 su(3)"	"e6+f4+3 su(3)+g2+su(2)"	21	156	1	2	0	0	0	0	0	0	3
11	34	"e6+f4+2 su(3)"	"e6+f4+3 su(3)+so(7)+2 su(2)"	15	154	1	2	0	0	0	0	0	0	3
11	34	"e6+f4+2 su(3)"	"e6+f4+3 su(3)+so(7)+2 su(2)"	16	154	1	2	0	0	0	0	0	0	32
11	34	"e6+f4+2 su(3)"	"e6+f4+3 su(3)+so(7)+2 su(2)"	16	154	2	2	0	0	0	0	0	0	2
11	34	"e6+f4+2 su(3)"	"e6+f4+3 su(3)+so(7)+2 su(2)"	17	154	1	2	0	0	0	0	0	0	2
11	34	"e6+f4+2 su(3)"	"e6+f4+3 su(3)+so(7)+2 su(2)"	18	154	1	2	0	0	0	0	0	0	4
11	34	"e6+f4+2 su(3)"	"e6+f4+3 su(3)+so(7)+2 su(2)"	21	154	1	2	0	0	0	0	0	0	3
11	34	"e6+f4+2 su(3)"	"e6+f4+4 su(3)"	15	157	0	2	0	0	0	0	0	0	6
11	34	"e6+f4+2 su(3)"	"e6+f4+4 su(3)"	16	157	0	2	0	0	0	0	0	0	7
11	34	"e6+f4+2 su(3)"	"e6+f4+4 su(3)"	17	157	0	2	0	0	0	0	0	0	4
11	34	"e6+f4+2 su(3)"	"e6+f4+4 su(3)"	20	157	0	2	0	0	0	0	0	0	3
11	34	"e6+f4+2 su(3)"	"e6+f4+4 su(3)+g2+su(2)"	16	148	0	3	0	0	0	0	0	0	2
11	34	"e6+f4+2 su(3)"	"e6+f4+4 su(3)+g2+su(2)"	16	148	1	3	0	0	0	0	0	0	2
11	34	"e6+f4+2 su(3)"	"e6+f4+4 su(3)+g2+su(2)"	21	148	1	3	0	0	0	0	0	0	2
11	34	"e6+f4+2 su(3)"	"e6+f4+4 su(3)+g2+su(2)"	23	148	1	3	0	0	0	0	0	0	2
11	34	"e6+f4+2 su(3)"	"e6+f4+4 su(3)+so(7)+2 su(2)"	16	146	1	3	0	0	0	0	0	0	4
11	34	"e6+f4+2 su(3)"	"e6+f4+4 su(3)+so(7)+2 su(2)"	17	146	1	3	0	0	0	0	0	0	2
11	34	"e6+f4+2 su(3)"	"e6+f4+4 su(3)+so(7)+2 su(2)"	20	146	1	3	0	0	0	0	0	0	6
11	34	"e6+f4+2 su(3)"	"e6+f4+5 su(3)"	16	149	0	3	0	0	0	0	0	0	3
11	34	"e6+f4+2 su(3)"	"e6+f4+5 su(3)"	18	149	0	3	0	0	0	0	0	0	2
11	34	"e6+f4+2 su(3)"	"e6+f4+5 su(3)"	19	149	0	3	0	0	0	0	0	0	2
11	34	"e6+f4+2 su(3)"	"e6+f4+so(8)+2 su(3)+2(g2+su(2))"	16	127	1	2	1	0	0	0	0	0	2
11	34	"e6+f4+2 su(3)"	"e6+f4+so(8)+2 su(3)+g2+su(2)"	16	136	1	1	1	0	0	0	0	0	8
11	34	"e6+f4+2 su(3)"	"e6+f4+so(8)+2 su(3)+so(7)+2 su(2)"	16	134	1	1	1	0	0	0	0	0	11
11	34	"e6+f4+2 su(3)"	"e6+f4+so(8)+2 su(3)+so(7)+2 su(2)"	17	134	1	1	1	0	0	0	0	0	8
11	34	"e6+f4+2 su(3)"	"e6+f4+so(8)+2 su(3)+so(7)+2 su(2)"	18	134	1	1	1	0	0	0	0	0	5
11	34	"e6+f4+2 su(3)"	"e6+f4+so(8)+2 su(3)+so(7)+2 su(2)"	19	134	1	1	1	0	0	0	0	0	2
11	34	"e6+f4+2 su(3)"	"e6+f4+so(8)+3 su(3)"	16	137	0	1	1	0	0	0	0	0	3
11	34	"e6+f4+2 su(3)"	"e6+f4+so(8)+3 su(3)"	17	137	0	1	1	0	0	0	0	0	2
11	34	"e6+f4+2 su(3)"	"e6+f4+so(8)+3 su(3)+so(7)+2 su(2)"	17	126	1	2	1	0	0	0	0	0	2
11	34	"e6+f4+2 su(3)"	"e6+f4+so(8)+3 su(3)+so(7)+2 su(2)"	18	126	1	2	1	0	0	0	0	0	2
11	34	"e6+f4+2 su(3)"	"e6+f4+so(8)+su(3)+2(g2+su(2))"	16	135	1	1	1	0	0	0	0	0	14
11	34	"e6+f4+2 su(3)"	"e6+f4+so(8)+su(3)+2(g2+su(2))"	17	135	1	1	1	0	0	0	0	0	4
11	34	"e6+f4+2 su(3)"	"e6+f4+so(8)+su(3)+g2+su(2)"	16	144	1	0	1	0	0	0	0	0	29
11	34	"e6+f4+2 su(3)"	"e6+f4+so(8)+su(3)+g2+su(2)"	17	144	1	0	1	0	0	0	0	0	4
11	34	"e6+f4+2 su(3)"	"e6+f4+so(8)+su(3)+g2+su(2)+so(7)+2 su(2)"	16	133	2	1	1	0	0	0	0	0	6
11	34	"e6+f4+2 su(3)"	"e6+f4+so(8)+su(3)+g2+su(2)+so(7)+2 su(2)"	17	133	2	1	1	0	0	0	0	0	2
11	34	"e6+f4+2 su(3)"	"e6+f4+su(3)+2(g2+su(2))"	15	163	1	1	0	0	0	0	0	0	28
11	34	"e6+f4+2 su(3)"	"e6+f4+su(3)+2(g2+su(2))"	15	163	2	1	0	0	0	0	0	0	26
11	34	"e6+f4+2 su(3)"	"e6+f4+su(3)+2(g2+su(2))"	16	163	1	1	0	0	0	0	0	0	21
11	34	"e6+f4+2 su(3)"	"e6+f4+su(3)+2(g2+su(2))"	16	163	2	1	0	0	0	0	0	0	21
11	34	"e6+f4+2 su(3)"	"e6+f4+su(3)+2(g2+su(2))"	17	163	1	1	0	0	0	0	0	0	4
11	34	"e6+f4+2 su(3)"	"e6+f4+su(3)+2(g2+su(2))"	17	163	2	1	0	0	0	0	0	0	6
11	34	"e6+f4+2 su(3)"	"e6+f4+su(3)+2(g2+su(2))"	18	163	2	1	0	0	0	0	0	0	2
11	34	"e6+f4+2 su(3)"	"e6+f4+su(3)+2(g2+su(2))"	19	163	2	1	0	0	0	0	0	0	2
11	34	"e6+f4+2 su(3)"	"e6+f4+su(3)+2(g2+su(2))"	20	163	1	1	0	0	0	0	0	0	2
11	34	"e6+f4+2 su(3)"	"e6+f4+su(3)+2(g2+su(2))"	20	163	2	1	0	0	0	0	0	0	4
11	34	"e6+f4+2 su(3)"	"e6+f4+su(3)+2(g2+su(2))"	21	163	2	1	0	0	0	0	0	0	4
11	34	"e6+f4+2 su(3)"	"e6+f4+su(3)+2(g2+su(2))+so(7)+2 su(2)"	16	152	3	2	0	0	0	0	0	0	6
11	34	"e6+f4+2 su(3)"	"e6+f4+su(3)+2(g2+su(2))+so(7)+2 su(2)"	17	152	3	2	0	0	0	0	0	0	5
11	34	"e6+f4+2 su(3)"	"e6+f4+su(3)+3(g2+su(2))"	16	154	2	2	0	0	0	0	0	0	22
11	34	"e6+f4+2 su(3)"	"e6+f4+su(3)+3(g2+su(2))"	17	154	2	2	0	0	0	0	0	0	2
11	34	"e6+f4+2 su(3)"	"e6+f4+su(3)+g2+su(2)"	15	172	1	0	0	0	0	0	0	0	23
11	34	"e6+f4+2 su(3)"	"e6+f4+su(3)+g2+su(2)"	16	172	1	0	0	0	0	0	0	0	21
11	34	"e6+f4+2 su(3)"	"e6+f4+su(3)+g2+su(2)"	17	172	1	0	0	0	0	0	0	0	4
11	34	"e6+f4+2 su(3)"	"e6+f4+su(3)+g2+su(2)"	18	172	1	0	0	0	0	0	0	0	2
11	34	"e6+f4+2 su(3)"	"e6+f4+su(3)+g2+su(2)"	19	172	1	0	0	0	0	0	0	0	2
11	34	"e6+f4+2 su(3)"	"e6+f4+su(3)+g2+su(2)+so(7)+2 su(2)"	15	161	2	1	0	0	0	0	0	0	56
11	34	"e6+f4+2 su(3)"	"e6+f4+su(3)+g2+su(2)+so(7)+2 su(2)"	15	161	3	1	0	0	0	0	0	0	4
11	34	"e6+f4+2 su(3)"	"e6+f4+su(3)+g2+su(2)+so(7)+2 su(2)"	16	161	2	1	0	0	0	0	0	0	24
11	34	"e6+f4+2 su(3)"	"e6+f4+su(3)+g2+su(2)+so(7)+2 su(2)"	16	161	3	1	0	0	0	0	0	0	6
11	34	"e6+f4+2 su(3)"	"e6+f4+su(3)+g2+su(2)+so(7)+2 su(2)"	17	161	2	1	0	0	0	0	0	0	4
11	34	"e6+f4+2 su(3)"	"e6+f4+su(3)+g2+su(2)+so(7)+2 su(2)"	18	161	2	1	0	0	0	0	0	0	7
11	34	"e6+f4+2 su(3)"	"e6+f4+su(3)+g2+su(2)+so(7)+2 su(2)"	19	161	2	1	0	0	0	0	0	0	2
11	34	"e6+f4+2 su(3)"	"e6+f4+su(3)+g2+su(2)+so(7)+2 su(2)"	20	161	2	1	0	0	0	0	0	0	5
11	34	"e6+f4+2 su(3)"	"e6+f4+su(3)+g2+su(2)+so(7)+2 su(2)"	21	161	2	1	0	0	0	0	0	0	3
11	35	"e6+f4+3 su(3)"	"e6+f4+3 su(3)+2(g2+su(2))"	16	147	2	2	0	0	0	0	0	0	12
11	35	"e6+f4+3 su(3)"	"e6+f4+3 su(3)+g2+su(2)"	15	156	1	1	0	0	0	0	0	0	17
11	35	"e6+f4+3 su(3)"	"e6+f4+3 su(3)+g2+su(2)"	16	156	1	1	0	0	0	0	0	0	12
11	35	"e6+f4+3 su(3)"	"e6+f4+3 su(3)+g2+su(2)"	17	156	1	1	0	0	0	0	0	0	2
11	35	"e6+f4+3 su(3)"	"e6+f4+3 su(3)+so(7)+2 su(2)"	15	154	2	1	0	0	0	0	0	0	6
11	35	"e6+f4+3 su(3)"	"e6+f4+3 su(3)+so(7)+2 su(2)"	16	154	2	1	0	0	0	0	0	0	16
11	35	"e6+f4+3 su(3)"	"e6+f4+4 su(3)"	15	157	0	1	0	0	0	0	0	0	4
11	35	"e6+f4+3 su(3)"	"e6+f4+4 su(3)"	16	157	0	1	0	0	0	0	0	0	4
11	35	"e6+f4+3 su(3)"	"e6+f4+4 su(3)+g2+su(2)"	16	148	1	2	0	0	0	0	0	0	32
11	35	"e6+f4+3 su(3)"	"e6+f4+4 su(3)+so(7)+2 su(2)"	16	146	2	2	0	0	0	0	0	0	2
11	35	"e6+f4+3 su(3)"	"e6+f4+5 su(3)"	16	149	0	2	0	0	0	0	0	0	12
11	35	"e6+f4+3 su(3)"	"e6+f4+5 su(3)+g2+su(2)"	16	140	1	3	0	0	0	0	0	0	6
11	35	"e6+f4+3 su(3)"	"e6+f4+6 su(3)"	16	141	0	3	0	0	0	0	0	0	5
11	35	"e6+f4+3 su(3)"	"e6+f4+so(8)+3 su(3)+g2+su(2)"	16	128	1	1	1	0	0	0	0	0	4
11	35	"e6+f4+3 su(3)"	"e6+f4+so(8)+4 su(3)"	16	129	0	1	1	0	0	0	0	0	2
11	36	"e7'+f4+so(7)+2 su(2)"	"e7'+f4+g2+su(2)+so(7)+2 su(2)"	15	142	1	1	0	0	0	0	0	0	3
11	36	"e7'+f4+so(7)+2 su(2)"	"e7'+f4+g2+su(2)+so(7)+2 su(2)"	16	142	1	1	0	0	0	0	0	0	24
11	36	"e7'+f4+so(7)+2 su(2)"	"e7'+f4+g2+su(2)+so(7)+2 su(2)"	17	142	1	1	0	0	0	0	0	0	3
11	37	"e7'+f4+so(7)+2 su(2)"	"e7'+f4+2(g2+su(2))+so(7)+2 su(2)"	16	133	1	2	0	0	0	0	0	0	4
11	37	"e7'+f4+so(7)+2 su(2)"	"e7'+f4+2(g2+su(2))+so(7)+2 su(2)"	17	133	1	2	0	0	0	0	0	0	3
11	37	"e7'+f4+so(7)+2 su(2)"	"e7'+f4+2(so(7)+2 su(2))"	16	140	1	1	0	0	0	0	0	0	23
11	37	"e7'+f4+so(7)+2 su(2)"	"e7'+f4+2(so(7)+2 su(2))"	17	140	1	1	0	0	0	0	0	0	4
11	37	"e7'+f4+so(7)+2 su(2)"	"e7'+f4+g2+su(2)+so(7)+2 su(2)"	16	142	1	1	0	0	0	0	0	0	11
11	37	"e7'+f4+so(7)+2 su(2)"	"e7'+f4+g2+su(2)+so(7)+2 su(2)"	17	142	1	1	0	0	0	0	0	0	3
11	37	"e7'+f4+so(7)+2 su(2)"	"e7'+f4+su(3)+2(so(7)+2 su(2))"	16	132	1	2	0	0	0	0	0	0	5
11	37	"e7'+f4+so(7)+2 su(2)"	"e7'+f4+su(3)+2(so(7)+2 su(2))"	17	132	1	2	0	0	0	0	0	0	2
11	38	"e7'+f4+g2+su(2)"	"e7'+f4+2(g2+su(2))"	15	144	1	1	0	0	0	0	0	0	4
11	38	"e7'+f4+g2+su(2)"	"e7'+f4+2(g2+su(2))"	16	144	1	1	0	0	0	0	0	0	52
11	38	"e7'+f4+g2+su(2)"	"e7'+f4+2(g2+su(2))"	17	144	1	1	0	0	0	0	0	0	8
11	38	"e7'+f4+g2+su(2)"	"e7'+f4+2(g2+su(2))"	18	144	1	1	0	0	0	0	0	0	2
11	38	"e7'+f4+g2+su(2)"	"e7'+f4+2(g2+su(2))"	19	144	1	1	0	0	0	0	0	0	6
11	38	"e7'+f4+g2+su(2)"	"e7'+f4+3(g2+su(2))"	16	135	2	2	0	0	0	0	0	0	10
11	38	"e7'+f4+g2+su(2)"	"e7'+f4+su(3)+2(g2+su(2))"	16	136	1	2	0	0	0	0	0	0	14
11	38	"e7'+f4+g2+su(2)"	"e7'+f4+su(3)+g2+su(2)"	11	145	0	1	0	0	0	0	0	0	2
11	39	"e7'+f4+g2+su(2)"	"e7'+f4+2(g2+su(2))"	16	144	1	1	0	0	0	0	0	0	3
11	39	"e7'+f4+g2+su(2)"	"e7'+f4+g2+su(2)+so(7)+2 su(2)"	15	142	1	1	0	0	0	0	0	0	3
11	39	"e7'+f4+g2+su(2)"	"e7'+f4+g2+su(2)+so(7)+2 su(2)"	16	142	1	1	0	0	0	0	0	0	9
11	39	"e7'+f4+g2+su(2)"	"e7'+f4+g2+su(2)+so(7)+2 su(2)"	17	142	1	1	0	0	0	0	0	0	15
11	39	"e7'+f4+g2+su(2)"	"e7'+f4+g2+su(2)+so(7)+2 su(2)"	18	142	1	1	0	0	0	0	0	0	3
11	40	"e7'+f4+g2+su(2)"	"e7'+f4+2(g2+su(2))"	11	144	0	1	0	0	0	0	0	0	2
11	40	"e7'+f4+g2+su(2)"	"e7'+f4+2(g2+su(2))+so(7)+2 su(2)"	16	133	1	2	0	0	0	0	0	0	3
11	40	"e7'+f4+g2+su(2)"	"e7'+f4+2(g2+su(2))+so(7)+2 su(2)"	17	133	1	2	0	0	0	0	0	0	5
11	40	"e7'+f4+g2+su(2)"	"e7'+f4+2(g2+su(2))+so(7)+2 su(2)"	18	133	1	2	0	0	0	0	0	0	4
11	40	"e7'+f4+g2+su(2)"	"e7'+f4+2(g2+su(2))+so(7)+2 su(2)"	20	133	1	2	0	0	0	0	0	0	2
11	40	"e7'+f4+g2+su(2)"	"e7'+f4+g2+su(2)+so(7)+2 su(2)"	16	142	1	1	0	0	0	0	0	0	11
11	40	"e7'+f4+g2+su(2)"	"e7'+f4+g2+su(2)+so(7)+2 su(2)"	17	142	1	1	0	0	0	0	0	0	7
11	40	"e7'+f4+g2+su(2)"	"e7'+f4+g2+su(2)+so(7)+2 su(2)"	18	142	1	1	0	0	0	0	0	0	6
11	41	"e7+2(so(7)+2 su(2))"	"e7+2 su(3)+2(so(7)+2 su(2))"	16	148	0	2	0	0	0	0	0	0	5
11	41	"e7+2(so(7)+2 su(2))"	"e7+2 su(3)+2(so(7)+2 su(2))"	17	148	0	2	0	0	0	0	0	0	2
11	41	"e7+2(so(7)+2 su(2))"	"e7+3(so(7)+2 su(2))"	15	153	2	1	0	0	0	0	0	0	4
11	41	"e7+2(so(7)+2 su(2))"	"e7+3(so(7)+2 su(2))"	16	153	2	1	0	0	0	0	0	0	2
11	41	"e7+2(so(7)+2 su(2))"	"e7+3(so(7)+2 su(2))"	17	153	2	1	0	0	0	0	0	0	2
11	41	"e7+2(so(7)+2 su(2))"	"e7+g2+su(2)+2(so(7)+2 su(2))"	15	155	1	1	0	0	0	0	0	0	10
11	41	"e7+2(so(7)+2 su(2))"	"e7+g2+su(2)+2(so(7)+2 su(2))"	16	155	1	1	0	0	0	0	0	0	12
11	41	"e7+2(so(7)+2 su(2))"	"e7+g2+su(2)+2(so(7)+2 su(2))"	17	155	1	1	0	0	0	0	0	0	4
11	41	"e7+2(so(7)+2 su(2))"	"e7+so(8)+2(so(7)+2 su(2))"	16	136	0	0	1	0	0	0	0	0	3
11	41	"e7+2(so(7)+2 su(2))"	"e7+so(8)+su(3)+2(so(7)+2 su(2))"	16	128	0	1	1	0	0	0	0	0	2
11	41	"e7+2(so(7)+2 su(2))"	"e7+su(3)+2(so(7)+2 su(2))"	15	156	0	1	0	0	0	0	0	0	8
11	41	"e7+2(so(7)+2 su(2))"	"e7+su(3)+2(so(7)+2 su(2))"	16	156	0	1	0	0	0	0	0	0	2
11	41	"e7+2(so(7)+2 su(2))"	"e7+su(3)+2(so(7)+2 su(2))"	17	156	0	1	0	0	0	0	0	0	4
11	42	"e7'+f4+su(3)+g2+su(2)"	"e7'+f4+2(g2+su(2))"	15	144	1	0	0	0	0	0	0	0	2
11	42	"e7'+f4+su(3)+g2+su(2)"	"e7'+f4+2(g2+su(2))"	16	144	1	0	0	0	0	0	0	0	17
11	42	"e7'+f4+su(3)+g2+su(2)"	"e7'+f4+3(g2+su(2))"	16	135	2	1	0	0	0	0	0	0	5
11	42	"e7'+f4+su(3)+g2+su(2)"	"e7'+f4+su(3)+2(g2+su(2))"	16	136	1	1	0	0	0	0	0	0	7
11	43	"e6+f4+3 su(3)"	"e6+f4+3 su(3)+so(7)+2 su(2)"	15	154	1	1	0	0	0	0	0	0	3
11	44	"e7'+2(so(7)+2 su(2))"	"2 e7'+g2+su(2)+2(so(7)+2 su(2))"	18	78	1	1	0	0	0	1	0	0	2
11	44	"e7'+2(so(7)+2 su(2))"	"2 e7'+su(3)+2(so(7)+2 su(2))"	18	79	0	1	0	0	0	1	0	0	3
11	44	"e7'+2(so(7)+2 su(2))"	"e7'+2 su(3)+2(so(7)+2 su(2))"	15	176	0	2	0	0	0	0	0	0	10
11	44	"e7'+2(so(7)+2 su(2))"	"e7'+2 su(3)+2(so(7)+2 su(2))"	16	176	0	2	0	0	0	0	0	0	2
11	44	"e7'+2(so(7)+2 su(2))"	"e7'+2 su(3)+2(so(7)+2 su(2))"	17	176	0	2	0	0	0	0	0	0	4
11	44	"e7'+2(so(7)+2 su(2))"	"e7'+3(so(7)+2 su(2))"	15	181	2	1	0	0	0	0	0	0	20
11	44	"e7'+2(so(7)+2 su(2))"	"e7'+e6+g2+su(2)+2(so(7)+2 su(2))"	17	105	1	1	0	0	1	0	0	0	4
11	44	"e7'+2(so(7)+2 su(2))"	"e7'+e6+su(3)+2(so(7)+2 su(2))"	17	106	0	1	0	0	1	0	0	0	3
11	44	"e7'+2(so(7)+2 su(2))"	"e7+e7'+g2+su(2)+2(so(7)+2 su(2))"	19	50	1	1	0	0	0	0	1	0	2
11	44	"e7'+2(so(7)+2 su(2))"	"e7+e7'+su(3)+2(so(7)+2 su(2))"	19	51	0	1	0	0	0	0	1	0	3
11	44	"e7'+2(so(7)+2 su(2))"	"e7'+f4+g2+su(2)+2(so(7)+2 su(2))"	16	131	1	1	0	1	0	0	0	0	3
11	44	"e7'+2(so(7)+2 su(2))"	"e7'+f4+g2+su(2)+2(so(7)+2 su(2))"	17	131	1	1	0	1	0	0	0	0	2
11	44	"e7'+2(so(7)+2 su(2))"	"e7'+f4+su(3)+2(so(7)+2 su(2))"	17	132	0	1	0	1	0	0	0	0	2
11	44	"e7'+2(so(7)+2 su(2))"	"e7'+g2+su(2)+2(so(7)+2 su(2))"	14	183	1	1	0	0	0	0	0	0	8
11	44	"e7'+2(so(7)+2 su(2))"	"e7'+g2+su(2)+2(so(7)+2 su(2))"	15	183	1	1	0	0	0	0	0	0	19
11	44	"e7'+2(so(7)+2 su(2))"	"e7'+so(8)+2(so(7)+2 su(2))"	15	164	0	0	1	0	0	0	0	0	2
11	44	"e7'+2(so(7)+2 su(2))"	"e7'+so(8)+g2+su(2)+2(so(7)+2 su(2))"	16	155	1	1	1	0	0	0	0	0	4
11	44	"e7'+2(so(7)+2 su(2))"	"e7'+so(8)+su(3)+2(so(7)+2 su(2))"	15	156	0	1	1	0	0	0	0	0	4
11	44	"e7'+2(so(7)+2 su(2))"	"e7'+so(8)+su(3)+2(so(7)+2 su(2))"	18	156	0	1	1	0	0	0	0	0	2
11	44	"e7'+2(so(7)+2 su(2))"	"e7'+so(8)+su(3)+2(so(7)+2 su(2))"	20	156	0	1	1	0	0	0	0	0	2
11	44	"e7'+2(so(7)+2 su(2))"	"e7'+su(3)+2(so(7)+2 su(2))"	14	184	0	1	0	0	0	0	0	0	4
11	44	"e7'+2(so(7)+2 su(2))"	"e7'+su(3)+2(so(7)+2 su(2))"	15	184	0	1	0	0	0	0	0	0	6
11	44	"e7'+2(so(7)+2 su(2))"	"e7'+su(3)+g2+su(2)+2(so(7)+2 su(2))"	15	175	1	2	0	0	0	0	0	0	15
11	44	"e7'+2(so(7)+2 su(2))"	"e7'+su(3)+g2+su(2)+2(so(7)+2 su(2))"	16	175	1	2	0	0	0	0	0	0	2
11	44	"e7'+2(so(7)+2 su(2))"	"e7'+su(3)+g2+su(2)+2(so(7)+2 su(2))"	17	175	1	2	0	0	0	0	0	0	3
11	44	"e7'+2(so(7)+2 su(2))"	"e7'+su(3)+g2+su(2)+2(so(7)+2 su(2))"	18	175	1	2	0	0	0	0	0	0	6
11	45	"e6+f4+su(3)+g2+su(2)"	"2 e6+f4+2 su(3)+g2+su(2)"	16	86	0	1	0	0	1	0	0	0	2
11	45	"e6+f4+su(3)+g2+su(2)"	"e6+2 f4+2(g2+su(2))"	17	119	1	0	0	1	0	0	0	0	34
11	45	"e6+f4+su(3)+g2+su(2)"	"e6+2 f4+2 su(3)+2(g2+su(2))"	17	103	1	2	0	1	0	0	0	0	2
11	45	"e6+f4+su(3)+g2+su(2)"	"e6+2 f4+2 su(3)+g2+su(2)"	15	112	0	1	0	1	0	0	0	0	2
11	45	"e6+f4+su(3)+g2+su(2)"	"e6+2 f4+su(3)+2(g2+su(2))"	17	111	1	1	0	1	0	0	0	0	20
11	45	"e6+f4+su(3)+g2+su(2)"	"e6+f4+2(g2+su(2))"	14	171	1	0	0	0	0	0	0	0	2
11	45	"e6+f4+su(3)+g2+su(2)"	"e6+f4+2(g2+su(2))"	15	171	1	0	0	0	0	0	0	0	39
11	45	"e6+f4+su(3)+g2+su(2)"	"e6+f4+2(g2+su(2))"	16	171	1	0	0	0	0	0	0	0	35
11	45	"e6+f4+su(3)+g2+su(2)"	"e6+f4+2(g2+su(2))"	17	171	1	0	0	0	0	0	0	0	8
11	45	"e6+f4+su(3)+g2+su(2)"	"e6+f4+2(g2+su(2))"	18	171	1	0	0	0	0	0	0	0	2
11	45	"e6+f4+su(3)+g2+su(2)"	"e6+f4+2(g2+su(2))"	19	171	1	0	0	0	0	0	0	0	2
11	45	"e6+f4+su(3)+g2+su(2)"	"e6+f4+2(g2+su(2))+so(7)+2 su(2)"	15	160	3	1	0	0	0	0	0	0	31
11	45	"e6+f4+su(3)+g2+su(2)"	"e6+f4+2(g2+su(2))+so(7)+2 su(2)"	16	160	3	1	0	0	0	0	0	0	29
11	45	"e6+f4+su(3)+g2+su(2)"	"e6+f4+2(g2+su(2))+so(7)+2 su(2)"	17	160	3	1	0	0	0	0	0	0	4
11	45	"e6+f4+su(3)+g2+su(2)"	"e6+f4+2(g2+su(2))+so(7)+2 su(2)"	19	160	3	1	0	0	0	0	0	0	2
11	45	"e6+f4+su(3)+g2+su(2)"	"e6+f4+2(g2+su(2))+so(7)+2 su(2)"	21	160	3	1	0	0	0	0	0	0	3
11	45	"e6+f4+su(3)+g2+su(2)"	"e6+f4+2 su(3)+2(g2+su(2))"	15	155	1	2	0	0	0	0	0	0	31
11	45	"e6+f4+su(3)+g2+su(2)"	"e6+f4+2 su(3)+2(g2+su(2))"	16	155	1	2	0	0	0	0	0	0	98
11	45	"e6+f4+su(3)+g2+su(2)"	"e6+f4+2 su(3)+2(g2+su(2))"	17	155	1	2	0	0	0	0	0	0	16
11	45	"e6+f4+su(3)+g2+su(2)"	"e6+f4+2 su(3)+2(g2+su(2))"	18	155	1	2	0	0	0	0	0	0	28
11	45	"e6+f4+su(3)+g2+su(2)"	"e6+f4+2 su(3)+2(g2+su(2))"	19	155	1	2	0	0	0	0	0	0	11
11	45	"e6+f4+su(3)+g2+su(2)"	"e6+f4+2 su(3)+2(g2+su(2))"	20	155	1	2	0	0	0	0	0	0	10
11	45	"e6+f4+su(3)+g2+su(2)"	"e6+f4+2 su(3)+2(g2+su(2))"	22	155	1	2	0	0	0	0	0	0	4
11	45	"e6+f4+su(3)+g2+su(2)"	"e6+f4+2 su(3)+2(g2+su(2))"	23	155	1	2	0	0	0	0	0	0	2
11	45	"e6+f4+su(3)+g2+su(2)"	"e6+f4+2 su(3)+2(g2+su(2))"	29	155	1	2	0	0	0	0	0	0	2
11	45	"e6+f4+su(3)+g2+su(2)"	"e6+f4+2 su(3)+2(g2+su(2))"	31	155	1	2	0	0	0	0	0	0	4
11	45	"e6+f4+su(3)+g2+su(2)"	"e6+f4+2 su(3)+2(g2+su(2))"	35	155	1	2	0	0	0	0	0	0	2
11	45	"e6+f4+su(3)+g2+su(2)"	"e6+f4+2 su(3)+2(g2+su(2))"	38	155	1	2	0	0	0	0	0	0	2
11	45	"e6+f4+su(3)+g2+su(2)"	"e6+f4+2 su(3)+g2+su(2)"	11	164	0	1	0	0	0	0	0	0	3
11	45	"e6+f4+su(3)+g2+su(2)"	"e6+f4+2 su(3)+g2+su(2)"	14	164	0	1	0	0	0	0	0	0	2
11	45	"e6+f4+su(3)+g2+su(2)"	"e6+f4+2 su(3)+g2+su(2)"	15	164	0	1	0	0	0	0	0	0	2
11	45	"e6+f4+su(3)+g2+su(2)"	"e6+f4+2 su(3)+g2+su(2)"	16	164	0	1	0	0	0	0	0	0	4
11	45	"e6+f4+su(3)+g2+su(2)"	"e6+f4+2 su(3)+g2+su(2)"	17	164	0	1	0	0	0	0	0	0	4
11	45	"e6+f4+su(3)+g2+su(2)"	"e6+f4+2 su(3)+g2+su(2)+so(7)+2 su(2)"	16	153	2	2	0	0	0	0	0	0	14
11	45	"e6+f4+su(3)+g2+su(2)"	"e6+f4+2 su(3)+g2+su(2)+so(7)+2 su(2)"	17	153	2	2	0	0	0	0	0	0	6
11	45	"e6+f4+su(3)+g2+su(2)"	"e6+f4+2 su(3)+g2+su(2)+so(7)+2 su(2)"	19	153	2	2	0	0	0	0	0	0	2
11	45	"e6+f4+su(3)+g2+su(2)"	"e6+f4+3(g2+su(2))"	15	162	2	1	0	0	0	0	0	0	65
11	45	"e6+f4+su(3)+g2+su(2)"	"e6+f4+3(g2+su(2))"	16	162	2	1	0	0	0	0	0	0	69
11	45	"e6+f4+su(3)+g2+su(2)"	"e6+f4+3(g2+su(2))"	17	162	2	1	0	0	0	0	0	0	9
11	45	"e6+f4+su(3)+g2+su(2)"	"e6+f4+3(g2+su(2))"	18	162	2	1	0	0	0	0	0	0	5
11	45	"e6+f4+su(3)+g2+su(2)"	"e6+f4+3(g2+su(2))"	19	162	2	1	0	0	0	0	0	0	5
11	45	"e6+f4+su(3)+g2+su(2)"	"e6+f4+3(g2+su(2))"	20	162	2	1	0	0	0	0	0	0	10
11	45	"e6+f4+su(3)+g2+su(2)"	"e6+f4+3(g2+su(2))"	21	162	2	1	0	0	0	0	0	0	4
11	45	"e6+f4+su(3)+g2+su(2)"	"e6+f4+3 su(3)+2(g2+su(2))"	16	147	1	3	0	0	0	0	0	0	10
11	45	"e6+f4+su(3)+g2+su(2)"	"e6+f4+3 su(3)+2(g2+su(2))"	17	147	1	3	0	0	0	0	0	0	2
11	45	"e6+f4+su(3)+g2+su(2)"	"e6+f4+3 su(3)+2(g2+su(2))"	18	147	1	3	0	0	0	0	0	0	2
11	45	"e6+f4+su(3)+g2+su(2)"	"e6+f4+3 su(3)+2(g2+su(2))"	20	147	1	3	0	0	0	0	0	0	6
11	45	"e6+f4+su(3)+g2+su(2)"	"e6+f4+3 su(3)+2(g2+su(2))"	21	147	1	3	0	0	0	0	0	0	2
11	45	"e6+f4+su(3)+g2+su(2)"	"e6+f4+3 su(3)+2(g2+su(2))"	22	147	1	3	0	0	0	0	0	0	2
11	45	"e6+f4+su(3)+g2+su(2)"	"e6+f4+3 su(3)+2(g2+su(2))"	46	147	1	3	0	0	0	0	0	0	4
11	45	"e6+f4+su(3)+g2+su(2)"	"e6+f4+3 su(3)+g2+su(2)"	13	156	0	2	0	0	0	0	0	0	2
11	45	"e6+f4+su(3)+g2+su(2)"	"e6+f4+3 su(3)+g2+su(2)"	15	156	0	2	0	0	0	0	0	0	5
11	45	"e6+f4+su(3)+g2+su(2)"	"e6+f4+3 su(3)+g2+su(2)"	16	156	0	2	0	0	0	0	0	0	7
11	45	"e6+f4+su(3)+g2+su(2)"	"e6+f4+3 su(3)+g2+su(2)"	17	156	0	2	0	0	0	0	0	0	6
11	45	"e6+f4+su(3)+g2+su(2)"	"e6+f4+3 su(3)+g2+su(2)"	18	156	0	2	0	0	0	0	0	0	4
11	45	"e6+f4+su(3)+g2+su(2)"	"e6+f4+3 su(3)+g2+su(2)"	19	156	0	2	0	0	0	0	0	0	2
11	45	"e6+f4+su(3)+g2+su(2)"	"e6+f4+3 su(3)+g2+su(2)"	20	156	0	2	0	0	0	0	0	0	3
11	45	"e6+f4+su(3)+g2+su(2)"	"e6+f4+3 su(3)+g2+su(2)"	27	156	0	2	0	0	0	0	0	0	2
11	45	"e6+f4+su(3)+g2+su(2)"	"e6+f4+4 su(3)+g2+su(2)"	16	148	0	3	0	0	0	0	0	0	3
11	45	"e6+f4+su(3)+g2+su(2)"	"e6+f4+4 su(3)+g2+su(2)"	18	148	0	3	0	0	0	0	0	0	5
11	45	"e6+f4+su(3)+g2+su(2)"	"e6+f4+4 su(3)+g2+su(2)"	19	148	0	3	0	0	0	0	0	0	3
11	45	"e6+f4+su(3)+g2+su(2)"	"e6+f4+4 su(3)+g2+su(2)"	23	148	0	3	0	0	0	0	0	0	2
11	45	"e6+f4+su(3)+g2+su(2)"	"e6+f4+5 su(3)+g2+su(2)"	20	140	0	4	0	0	0	0	0	0	2
11	45	"e6+f4+su(3)+g2+su(2)"	"e6+f4+so(8)+2(g2+su(2))"	16	143	1	0	1	0	0	0	0	0	50
11	45	"e6+f4+su(3)+g2+su(2)"	"e6+f4+so(8)+2(g2+su(2))"	17	143	1	0	1	0	0	0	0	0	8
11	45	"e6+f4+su(3)+g2+su(2)"	"e6+f4+so(8)+2 su(3)+2(g2+su(2))"	16	127	1	2	1	0	0	0	0	0	2
11	45	"e6+f4+su(3)+g2+su(2)"	"e6+f4+so(8)+2 su(3)+g2+su(2)"	14	136	0	1	1	0	0	0	0	0	2
11	45	"e6+f4+su(3)+g2+su(2)"	"e6+f4+so(8)+2 su(3)+g2+su(2)"	16	136	0	1	1	0	0	0	0	0	2
11	45	"e6+f4+su(3)+g2+su(2)"	"e6+f4+so(8)+2 su(3)+g2+su(2)"	17	136	0	1	1	0	0	0	0	0	2
11	45	"e6+f4+su(3)+g2+su(2)"	"e6+f4+so(8)+3 su(3)+g2+su(2)"	17	128	0	2	1	0	0	0	0	0	2
11	45	"e6+f4+su(3)+g2+su(2)"	"e6+f4+so(8)+3 su(3)+g2+su(2)"	20	128	0	2	1	0	0	0	0	0	2
11	45	"e6+f4+su(3)+g2+su(2)"	"e6+f4+so(8)+su(3)+2(g2+su(2))"	16	135	1	1	1	0	0	0	0	0	30
11	45	"e6+f4+su(3)+g2+su(2)"	"e6+f4+so(8)+su(3)+2(g2+su(2))"	17	135	1	1	1	0	0	0	0	0	6
11	45	"e6+f4+su(3)+g2+su(2)"	"e6+f4+so(8)+su(3)+2(g2+su(2))"	38	135	1	1	1	0	0	0	0	0	2
11	45	"e6+f4+su(3)+g2+su(2)"	"e6+f4+su(3)+2(g2+su(2))"	13	163	1	1	0	0	0	0	0	0	2
11	45	"e6+f4+su(3)+g2+su(2)"	"e6+f4+su(3)+2(g2+su(2))"	14	163	1	1	0	0	0	0	0	0	2
11	45	"e6+f4+su(3)+g2+su(2)"	"e6+f4+su(3)+2(g2+su(2))"	15	163	1	1	0	0	0	0	0	0	109
11	45	"e6+f4+su(3)+g2+su(2)"	"e6+f4+su(3)+2(g2+su(2))"	16	163	1	1	0	0	0	0	0	0	117
11	45	"e6+f4+su(3)+g2+su(2)"	"e6+f4+su(3)+2(g2+su(2))"	17	163	1	1	0	0	0	0	0	0	38
11	45	"e6+f4+su(3)+g2+su(2)"	"e6+f4+su(3)+2(g2+su(2))"	18	163	1	1	0	0	0	0	0	0	23
11	45	"e6+f4+su(3)+g2+su(2)"	"e6+f4+su(3)+2(g2+su(2))"	19	163	1	1	0	0	0	0	0	0	23
11	45	"e6+f4+su(3)+g2+su(2)"	"e6+f4+su(3)+2(g2+su(2))"	20	163	1	1	0	0	0	0	0	0	21
11	45	"e6+f4+su(3)+g2+su(2)"	"e6+f4+su(3)+2(g2+su(2))"	21	163	1	1	0	0	0	0	0	0	3
11	45	"e6+f4+su(3)+g2+su(2)"	"e6+f4+su(3)+2(g2+su(2))"	23	163	1	1	0	0	0	0	0	0	4
11	45	"e6+f4+su(3)+g2+su(2)"	"e6+f4+su(3)+2(g2+su(2))+so(7)+2 su(2)"	16	152	3	2	0	0	0	0	0	0	4
11	45	"e6+f4+su(3)+g2+su(2)"	"e6+f4+su(3)+2(g2+su(2))+so(7)+2 su(2)"	17	152	3	2	0	0	0	0	0	0	2
11	45	"e6+f4+su(3)+g2+su(2)"	"e6+f4+su(3)+2(g2+su(2))+so(7)+2 su(2)"	18	152	3	2	0	0	0	0	0	0	2
11	45	"e6+f4+su(3)+g2+su(2)"	"e6+f4+su(3)+3(g2+su(2))"	15	154	2	2	0	0	0	0	0	0	6
11	45	"e6+f4+su(3)+g2+su(2)"	"e6+f4+su(3)+3(g2+su(2))"	16	154	2	2	0	0	0	0	0	0	50
11	45	"e6+f4+su(3)+g2+su(2)"	"e6+f4+su(3)+3(g2+su(2))"	17	154	2	2	0	0	0	0	0	0	6
11	45	"e6+f4+su(3)+g2+su(2)"	"e6+f4+su(3)+3(g2+su(2))"	19	154	2	2	0	0	0	0	0	0	2
11	45	"e6+f4+su(3)+g2+su(2)"	"e6+f4+su(3)+3(g2+su(2))"	21	154	2	2	0	0	0	0	0	0	4
11	45	"e6+f4+su(3)+g2+su(2)"	"e6+f4+su(3)+3(g2+su(2))"	33	154	2	2	0	0	0	0	0	0	2
11	45	"e6+f4+su(3)+g2+su(2)"	"e6+f4+su(3)+g2+su(2)+so(7)+2 su(2)"	15	161	2	1	0	0	0	0	0	0	30
11	45	"e6+f4+su(3)+g2+su(2)"	"e6+f4+su(3)+g2+su(2)+so(7)+2 su(2)"	16	161	2	1	0	0	0	0	0	0	44
11	45	"e6+f4+su(3)+g2+su(2)"	"e6+f4+su(3)+g2+su(2)+so(7)+2 su(2)"	17	161	2	1	0	0	0	0	0	0	11
11	45	"e6+f4+su(3)+g2+su(2)"	"e6+f4+su(3)+g2+su(2)+so(7)+2 su(2)"	18	161	2	1	0	0	0	0	0	0	6
11	45	"e6+f4+su(3)+g2+su(2)"	"e6+f4+su(3)+g2+su(2)+so(7)+2 su(2)"	19	161	2	1	0	0	0	0	0	0	4
11	45	"e6+f4+su(3)+g2+su(2)"	"e6+f4+su(3)+g2+su(2)+so(7)+2 su(2)"	20	161	2	1	0	0	0	0	0	0	8
11	45	"e6+f4+su(3)+g2+su(2)"	"e6+f4+su(3)+g2+su(2)+so(7)+2 su(2)"	22	161	2	1	0	0	0	0	0	0	5
11	46	"e6+f4+su(3)+g2+su(2)"	"2 e6+f4+2 su(3)+2(g2+su(2))"	18	77	1	2	0	0	1	0	0	0	2
11	46	"e6+f4+su(3)+g2+su(2)"	"2 e6+f4+2 su(3)+g2+su(2)"	16	86	0	1	0	0	1	0	0	0	2
11	46	"e6+f4+su(3)+g2+su(2)"	"2 e6+f4+su(3)+2(g2+su(2))"	18	85	1	1	0	0	1	0	0	0	14
11	46	"e6+f4+su(3)+g2+su(2)"	"2 e6+f4+su(3)+2(g2+su(2))"	19	85	1	1	0	0	1	0	0	0	6
11	46	"e6+f4+su(3)+g2+su(2)"	"e6+2 f4+2 su(3)+2(g2+su(2))"	17	103	1	2	0	1	0	0	0	0	2
11	46	"e6+f4+su(3)+g2+su(2)"	"e6+2 f4+2 su(3)+g2+su(2)"	15	112	0	1	0	1	0	0	0	0	2
11	46	"e6+f4+su(3)+g2+su(2)"	"e6+2 f4+su(3)+2(g2+su(2))"	17	111	1	1	0	1	0	0	0	0	12
11	46	"e6+f4+su(3)+g2+su(2)"	"e6+2 f4+su(3)+2(g2+su(2))"	18	111	1	1	0	1	0	0	0	0	2
11	46	"e6+f4+su(3)+g2+su(2)"	"e6+2 f4+su(3)+2(g2+su(2))"	19	111	1	1	0	1	0	0	0	0	2
11	46	"e6+f4+su(3)+g2+su(2)"	"e6+2 f4+su(3)+2(g2+su(2))"	20	111	1	1	0	1	0	0	0	0	2
11	46	"e6+f4+su(3)+g2+su(2)"	"e6+2 f4+su(3)+2(g2+su(2))"	21	111	1	1	0	1	0	0	0	0	2
11	46	"e6+f4+su(3)+g2+su(2)"	"e6+f4+2 su(3)+2(g2+su(2))"	15	155	1	2	0	0	0	0	0	0	26
11	46	"e6+f4+su(3)+g2+su(2)"	"e6+f4+2 su(3)+2(g2+su(2))"	16	155	1	2	0	0	0	0	0	0	111
11	46	"e6+f4+su(3)+g2+su(2)"	"e6+f4+2 su(3)+2(g2+su(2))"	17	155	1	2	0	0	0	0	0	0	16
11	46	"e6+f4+su(3)+g2+su(2)"	"e6+f4+2 su(3)+2(g2+su(2))"	18	155	1	2	0	0	0	0	0	0	22
11	46	"e6+f4+su(3)+g2+su(2)"	"e6+f4+2 su(3)+2(g2+su(2))"	19	155	1	2	0	0	0	0	0	0	10
11	46	"e6+f4+su(3)+g2+su(2)"	"e6+f4+2 su(3)+2(g2+su(2))"	20	155	1	2	0	0	0	0	0	0	10
11	46	"e6+f4+su(3)+g2+su(2)"	"e6+f4+2 su(3)+2(g2+su(2))"	21	155	1	2	0	0	0	0	0	0	6
11	46	"e6+f4+su(3)+g2+su(2)"	"e6+f4+2 su(3)+2(g2+su(2))"	29	155	1	2	0	0	0	0	0	0	2
11	46	"e6+f4+su(3)+g2+su(2)"	"e6+f4+2 su(3)+2(g2+su(2))"	30	155	1	2	0	0	0	0	0	0	2
11	46	"e6+f4+su(3)+g2+su(2)"	"e6+f4+2 su(3)+g2+su(2)"	11	164	0	1	0	0	0	0	0	0	3
11	46	"e6+f4+su(3)+g2+su(2)"	"e6+f4+2 su(3)+g2+su(2)"	14	164	0	1	0	0	0	0	0	0	2
11	46	"e6+f4+su(3)+g2+su(2)"	"e6+f4+2 su(3)+g2+su(2)"	15	164	0	1	0	0	0	0	0	0	2
11	46	"e6+f4+su(3)+g2+su(2)"	"e6+f4+2 su(3)+g2+su(2)"	16	164	0	1	0	0	0	0	0	0	4
11	46	"e6+f4+su(3)+g2+su(2)"	"e6+f4+2 su(3)+g2+su(2)"	17	164	0	1	0	0	0	0	0	0	4
11	46	"e6+f4+su(3)+g2+su(2)"	"e6+f4+2 su(3)+g2+su(2)+so(7)+2 su(2)"	16	153	2	2	0	0	0	0	0	0	32
11	46	"e6+f4+su(3)+g2+su(2)"	"e6+f4+2 su(3)+g2+su(2)+so(7)+2 su(2)"	17	153	2	2	0	0	0	0	0	0	6
11	46	"e6+f4+su(3)+g2+su(2)"	"e6+f4+2 su(3)+g2+su(2)+so(7)+2 su(2)"	19	153	2	2	0	0	0	0	0	0	2
11	46	"e6+f4+su(3)+g2+su(2)"	"e6+f4+2 su(3)+g2+su(2)+so(7)+2 su(2)"	20	153	2	2	0	0	0	0	0	0	2
11	46	"e6+f4+su(3)+g2+su(2)"	"e6+f4+3 su(3)+2(g2+su(2))"	16	147	1	3	0	0	0	0	0	0	16
11	46	"e6+f4+su(3)+g2+su(2)"	"e6+f4+3 su(3)+2(g2+su(2))"	17	147	1	3	0	0	0	0	0	0	6
11	46	"e6+f4+su(3)+g2+su(2)"	"e6+f4+3 su(3)+2(g2+su(2))"	20	147	1	3	0	0	0	0	0	0	16
11	46	"e6+f4+su(3)+g2+su(2)"	"e6+f4+3 su(3)+2(g2+su(2))"	21	147	1	3	0	0	0	0	0	0	8
11	46	"e6+f4+su(3)+g2+su(2)"	"e6+f4+3 su(3)+2(g2+su(2))"	22	147	1	3	0	0	0	0	0	0	4
11	46	"e6+f4+su(3)+g2+su(2)"	"e6+f4+3 su(3)+2(g2+su(2))"	24	147	1	3	0	0	0	0	0	0	2
11	46	"e6+f4+su(3)+g2+su(2)"	"e6+f4+3 su(3)+2(g2+su(2))"	29	147	1	3	0	0	0	0	0	0	2
11	46	"e6+f4+su(3)+g2+su(2)"	"e6+f4+3 su(3)+2(g2+su(2))"	35	147	1	3	0	0	0	0	0	0	2
11	46	"e6+f4+su(3)+g2+su(2)"	"e6+f4+3 su(3)+2(g2+su(2))"	46	147	1	3	0	0	0	0	0	0	4
11	46	"e6+f4+su(3)+g2+su(2)"	"e6+f4+3 su(3)+g2+su(2)"	13	156	0	2	0	0	0	0	0	0	2
11	46	"e6+f4+su(3)+g2+su(2)"	"e6+f4+3 su(3)+g2+su(2)"	15	156	0	2	0	0	0	0	0	0	5
11	46	"e6+f4+su(3)+g2+su(2)"	"e6+f4+3 su(3)+g2+su(2)"	16	156	0	2	0	0	0	0	0	0	7
11	46	"e6+f4+su(3)+g2+su(2)"	"e6+f4+3 su(3)+g2+su(2)"	17	156	0	2	0	0	0	0	0	0	6
11	46	"e6+f4+su(3)+g2+su(2)"	"e6+f4+3 su(3)+g2+su(2)"	18	156	0	2	0	0	0	0	0	0	4
11	46	"e6+f4+su(3)+g2+su(2)"	"e6+f4+3 su(3)+g2+su(2)"	19	156	0	2	0	0	0	0	0	0	2
11	46	"e6+f4+su(3)+g2+su(2)"	"e6+f4+3 su(3)+g2+su(2)"	20	156	0	2	0	0	0	0	0	0	3
11	46	"e6+f4+su(3)+g2+su(2)"	"e6+f4+3 su(3)+g2+su(2)"	27	156	0	2	0	0	0	0	0	0	2
11	46	"e6+f4+su(3)+g2+su(2)"	"e6+f4+4 su(3)+g2+su(2)"	16	148	0	3	0	0	0	0	0	0	3
11	46	"e6+f4+su(3)+g2+su(2)"	"e6+f4+4 su(3)+g2+su(2)"	18	148	0	3	0	0	0	0	0	0	5
11	46	"e6+f4+su(3)+g2+su(2)"	"e6+f4+4 su(3)+g2+su(2)"	19	148	0	3	0	0	0	0	0	0	3
11	46	"e6+f4+su(3)+g2+su(2)"	"e6+f4+4 su(3)+g2+su(2)"	23	148	0	3	0	0	0	0	0	0	2
11	46	"e6+f4+su(3)+g2+su(2)"	"e6+f4+5 su(3)+g2+su(2)"	20	140	0	4	0	0	0	0	0	0	2
11	46	"e6+f4+su(3)+g2+su(2)"	"e6+f4+so(8)+2 su(3)+2(g2+su(2))"	16	127	1	2	1	0	0	0	0	0	2
11	46	"e6+f4+su(3)+g2+su(2)"	"e6+f4+so(8)+2 su(3)+2(g2+su(2))"	17	127	1	2	1	0	0	0	0	0	4
11	46	"e6+f4+su(3)+g2+su(2)"	"e6+f4+so(8)+2 su(3)+g2+su(2)"	14	136	0	1	1	0	0	0	0	0	2
11	46	"e6+f4+su(3)+g2+su(2)"	"e6+f4+so(8)+2 su(3)+g2+su(2)"	16	136	0	1	1	0	0	0	0	0	2
11	46	"e6+f4+su(3)+g2+su(2)"	"e6+f4+so(8)+2 su(3)+g2+su(2)"	17	136	0	1	1	0	0	0	0	0	2
11	46	"e6+f4+su(3)+g2+su(2)"	"e6+f4+so(8)+3 su(3)+g2+su(2)"	17	128	0	2	1	0	0	0	0	0	2
11	46	"e6+f4+su(3)+g2+su(2)"	"e6+f4+so(8)+3 su(3)+g2+su(2)"	20	128	0	2	1	0	0	0	0	0	2
11	46	"e6+f4+su(3)+g2+su(2)"	"e6+f4+so(8)+su(3)+2(g2+su(2))"	16	135	1	1	1	0	0	0	0	0	32
11	46	"e6+f4+su(3)+g2+su(2)"	"e6+f4+so(8)+su(3)+2(g2+su(2))"	17	135	1	1	1	0	0	0	0	0	16
11	46	"e6+f4+su(3)+g2+su(2)"	"e6+f4+so(8)+su(3)+2(g2+su(2))"	18	135	1	1	1	0	0	0	0	0	2
11	46	"e6+f4+su(3)+g2+su(2)"	"e6+f4+so(8)+su(3)+2(g2+su(2))"	19	135	1	1	1	0	0	0	0	0	2
11	46	"e6+f4+su(3)+g2+su(2)"	"e6+f4+so(8)+su(3)+2(g2+su(2))"	20	135	1	1	1	0	0	0	0	0	2
11	46	"e6+f4+su(3)+g2+su(2)"	"e6+f4+so(8)+su(3)+2(g2+su(2))"	22	135	1	1	1	0	0	0	0	0	2
11	46	"e6+f4+su(3)+g2+su(2)"	"e6+f4+so(8)+su(3)+2(g2+su(2))"	29	135	1	1	1	0	0	0	0	0	2
11	46	"e6+f4+su(3)+g2+su(2)"	"e6+f4+so(8)+su(3)+2(g2+su(2))"	38	135	1	1	1	0	0	0	0	0	2
11	46	"e6+f4+su(3)+g2+su(2)"	"e6+f4+su(3)+2(g2+su(2))"	14	163	1	1	0	0	0	0	0	0	4
11	46	"e6+f4+su(3)+g2+su(2)"	"e6+f4+su(3)+2(g2+su(2))"	15	163	1	1	0	0	0	0	0	0	65
11	46	"e6+f4+su(3)+g2+su(2)"	"e6+f4+su(3)+2(g2+su(2))"	16	163	1	1	0	0	0	0	0	0	86
11	46	"e6+f4+su(3)+g2+su(2)"	"e6+f4+su(3)+2(g2+su(2))"	17	163	1	1	0	0	0	0	0	0	19
11	46	"e6+f4+su(3)+g2+su(2)"	"e6+f4+su(3)+2(g2+su(2))"	18	163	1	1	0	0	0	0	0	0	9
11	46	"e6+f4+su(3)+g2+su(2)"	"e6+f4+su(3)+2(g2+su(2))"	19	163	1	1	0	0	0	0	0	0	13
11	46	"e6+f4+su(3)+g2+su(2)"	"e6+f4+su(3)+2(g2+su(2))"	20	163	1	1	0	0	0	0	0	0	9
11	46	"e6+f4+su(3)+g2+su(2)"	"e6+f4+su(3)+3(g2+su(2))"	15	154	2	2	0	0	0	0	0	0	10
11	46	"e6+f4+su(3)+g2+su(2)"	"e6+f4+su(3)+3(g2+su(2))"	16	154	2	2	0	0	0	0	0	0	54
11	46	"e6+f4+su(3)+g2+su(2)"	"e6+f4+su(3)+3(g2+su(2))"	17	154	2	2	0	0	0	0	0	0	30
11	46	"e6+f4+su(3)+g2+su(2)"	"e6+f4+su(3)+3(g2+su(2))"	18	154	2	2	0	0	0	0	0	0	6
11	46	"e6+f4+su(3)+g2+su(2)"	"e6+f4+su(3)+3(g2+su(2))"	19	154	2	2	0	0	0	0	0	0	2
11	46	"e6+f4+su(3)+g2+su(2)"	"e6+f4+su(3)+3(g2+su(2))"	21	154	2	2	0	0	0	0	0	0	10
11	46	"e6+f4+su(3)+g2+su(2)"	"e6+f4+su(3)+3(g2+su(2))"	22	154	2	2	0	0	0	0	0	0	2
11	46	"e6+f4+su(3)+g2+su(2)"	"e6+f4+su(3)+3(g2+su(2))"	32	154	2	2	0	0	0	0	0	0	2
11	46	"e6+f4+su(3)+g2+su(2)"	"e6+f4+su(3)+3(g2+su(2))"	41	154	2	2	0	0	0	0	0	0	2
11	46	"e6+f4+su(3)+g2+su(2)"	"e6+f4+su(3)+g2+su(2)+so(7)+2 su(2)"	15	161	2	1	0	0	0	0	0	0	34
11	46	"e6+f4+su(3)+g2+su(2)"	"e6+f4+su(3)+g2+su(2)+so(7)+2 su(2)"	16	161	2	1	0	0	0	0	0	0	101
11	46	"e6+f4+su(3)+g2+su(2)"	"e6+f4+su(3)+g2+su(2)+so(7)+2 su(2)"	17	161	2	1	0	0	0	0	0	0	17
11	46	"e6+f4+su(3)+g2+su(2)"	"e6+f4+su(3)+g2+su(2)+so(7)+2 su(2)"	18	161	2	1	0	0	0	0	0	0	6
11	46	"e6+f4+su(3)+g2+su(2)"	"e6+f4+su(3)+g2+su(2)+so(7)+2 su(2)"	19	161	2	1	0	0	0	0	0	0	8
11	46	"e6+f4+su(3)+g2+su(2)"	"e6+f4+su(3)+g2+su(2)+so(7)+2 su(2)"	20	161	2	1	0	0	0	0	0	0	16
11	47	"e6+f4+3 su(3)"	"2 e6+f4+2 su(3)+g2+su(2)"	18	86	1	0	0	0	1	0	0	0	5
11	47	"e6+f4+3 su(3)"	"e6+2 f4+2 su(3)+g2+su(2)"	17	112	1	0	0	1	0	0	0	0	5
11	47	"e6+f4+3 su(3)"	"e6+f4+2 su(3)+2(g2+su(2))"	15	155	2	1	0	0	0	0	0	0	11
11	47	"e6+f4+3 su(3)"	"e6+f4+2 su(3)+2(g2+su(2))"	16	155	2	1	0	0	0	0	0	0	27
11	47	"e6+f4+3 su(3)"	"e6+f4+2 su(3)+2(g2+su(2))"	17	155	2	1	0	0	0	0	0	0	10
11	47	"e6+f4+3 su(3)"	"e6+f4+2 su(3)+2(g2+su(2))"	18	155	2	1	0	0	0	0	0	0	2
11	47	"e6+f4+3 su(3)"	"e6+f4+2 su(3)+2(g2+su(2))"	19	155	2	1	0	0	0	0	0	0	6
11	47	"e6+f4+3 su(3)"	"e6+f4+2 su(3)+2(g2+su(2))"	23	155	2	1	0	0	0	0	0	0	2
11	47	"e6+f4+3 su(3)"	"e6+f4+2 su(3)+g2+su(2)"	15	164	1	0	0	0	0	0	0	0	7
11	47	"e6+f4+3 su(3)"	"e6+f4+2 su(3)+g2+su(2)"	16	164	1	0	0	0	0	0	0	0	9
11	47	"e6+f4+3 su(3)"	"e6+f4+2 su(3)+g2+su(2)"	17	164	1	0	0	0	0	0	0	0	2
11	47	"e6+f4+3 su(3)"	"e6+f4+2 su(3)+g2+su(2)+so(7)+2 su(2)"	16	153	3	1	0	0	0	0	0	0	11
11	47	"e6+f4+3 su(3)"	"e6+f4+2 su(3)+g2+su(2)+so(7)+2 su(2)"	17	153	3	1	0	0	0	0	0	0	2
11	47	"e6+f4+3 su(3)"	"e6+f4+3 su(3)+2(g2+su(2))"	19	147	2	2	0	0	0	0	0	0	2
11	47	"e6+f4+3 su(3)"	"e6+f4+3 su(3)+g2+su(2)"	15	156	1	1	0	0	0	0	0	0	14
11	47	"e6+f4+3 su(3)"	"e6+f4+3 su(3)+g2+su(2)"	16	156	1	1	0	0	0	0	0	0	23
11	47	"e6+f4+3 su(3)"	"e6+f4+3 su(3)+g2+su(2)"	17	156	1	1	0	0	0	0	0	0	6
11	47	"e6+f4+3 su(3)"	"e6+f4+3 su(3)+g2+su(2)"	18	156	1	1	0	0	0	0	0	0	9
11	47	"e6+f4+3 su(3)"	"e6+f4+3 su(3)+g2+su(2)"	19	156	1	1	0	0	0	0	0	0	10
11	47	"e6+f4+3 su(3)"	"e6+f4+3 su(3)+g2+su(2)"	20	156	1	1	0	0	0	0	0	0	6
11	47	"e6+f4+3 su(3)"	"e6+f4+3 su(3)+so(7)+2 su(2)"	16	154	2	1	0	0	0	0	0	0	12
11	47	"e6+f4+3 su(3)"	"e6+f4+3 su(3)+so(7)+2 su(2)"	20	154	2	1	0	0	0	0	0	0	2
11	47	"e6+f4+3 su(3)"	"e6+f4+4 su(3)"	15	157	0	1	0	0	0	0	0	0	3
11	47	"e6+f4+3 su(3)"	"e6+f4+4 su(3)"	16	157	0	1	0	0	0	0	0	0	2
11	47	"e6+f4+3 su(3)"	"e6+f4+4 su(3)"	20	157	0	1	0	0	0	0	0	0	2
11	47	"e6+f4+3 su(3)"	"e6+f4+4 su(3)+g2+su(2)"	16	148	1	2	0	0	0	0	0	0	3
11	47	"e6+f4+3 su(3)"	"e6+f4+4 su(3)+g2+su(2)"	17	148	1	2	0	0	0	0	0	0	5
11	47	"e6+f4+3 su(3)"	"e6+f4+4 su(3)+g2+su(2)"	18	148	1	2	0	0	0	0	0	0	6
11	47	"e6+f4+3 su(3)"	"e6+f4+4 su(3)+g2+su(2)"	19	148	1	2	0	0	0	0	0	0	5
11	47	"e6+f4+3 su(3)"	"e6+f4+4 su(3)+g2+su(2)"	20	148	1	2	0	0	0	0	0	0	3
11	47	"e6+f4+3 su(3)"	"e6+f4+4 su(3)+g2+su(2)"	44	148	1	2	0	0	0	0	0	0	2
11	47	"e6+f4+3 su(3)"	"e6+f4+5 su(3)"	16	149	0	2	0	0	0	0	0	0	2
11	47	"e6+f4+3 su(3)"	"e6+f4+5 su(3)"	17	149	0	2	0	0	0	0	0	0	2
11	47	"e6+f4+3 su(3)"	"e6+f4+5 su(3)"	20	149	0	2	0	0	0	0	0	0	2
11	47	"e6+f4+3 su(3)"	"e6+f4+so(8)+2 su(3)+g2+su(2)"	16	136	1	0	1	0	0	0	0	0	11
11	47	"e6+f4+3 su(3)"	"e6+f4+so(8)+2 su(3)+g2+su(2)"	17	136	1	0	1	0	0	0	0	0	5
11	47	"e6+f4+3 su(3)"	"e6+f4+so(8)+2 su(3)+g2+su(2)"	18	136	1	0	1	0	0	0	0	0	2
11	48	"e6+f4+su(3)+g2+su(2)"	"e6+2 f4+2 su(3)+2(g2+su(2))"	18	103	1	2	0	1	0	0	0	0	2
11	48	"e6+f4+su(3)+g2+su(2)"	"e6+2 f4+2 su(3)+g2+su(2)"	15	112	0	1	0	1	0	0	0	0	2
11	48	"e6+f4+su(3)+g2+su(2)"	"e6+2 f4+su(3)+2(g2+su(2))"	17	111	1	1	0	1	0	0	0	0	10
11	48	"e6+f4+su(3)+g2+su(2)"	"e6+2 f4+su(3)+2(g2+su(2))"	18	111	1	1	0	1	0	0	0	0	4
11	48	"e6+f4+su(3)+g2+su(2)"	"e6+2 f4+su(3)+2(g2+su(2))"	19	111	1	1	0	1	0	0	0	0	2
11	48	"e6+f4+su(3)+g2+su(2)"	"e6+2 f4+su(3)+2(g2+su(2))"	20	111	1	1	0	1	0	0	0	0	2
11	48	"e6+f4+su(3)+g2+su(2)"	"e6+2 f4+su(3)+2(g2+su(2))"	21	111	1	1	0	1	0	0	0	0	2
11	48	"e6+f4+su(3)+g2+su(2)"	"e6+f4+2 su(3)+2(g2+su(2))"	15	155	1	2	0	0	0	0	0	0	14
11	48	"e6+f4+su(3)+g2+su(2)"	"e6+f4+2 su(3)+2(g2+su(2))"	16	155	1	2	0	0	0	0	0	0	80
11	48	"e6+f4+su(3)+g2+su(2)"	"e6+f4+2 su(3)+2(g2+su(2))"	17	155	1	2	0	0	0	0	0	0	18
11	48	"e6+f4+su(3)+g2+su(2)"	"e6+f4+2 su(3)+2(g2+su(2))"	18	155	1	2	0	0	0	0	0	0	8
11	48	"e6+f4+su(3)+g2+su(2)"	"e6+f4+2 su(3)+2(g2+su(2))"	19	155	1	2	0	0	0	0	0	0	8
11	48	"e6+f4+su(3)+g2+su(2)"	"e6+f4+2 su(3)+2(g2+su(2))"	20	155	1	2	0	0	0	0	0	0	4
11	48	"e6+f4+su(3)+g2+su(2)"	"e6+f4+2 su(3)+2(g2+su(2))"	21	155	1	2	0	0	0	0	0	0	10
11	48	"e6+f4+su(3)+g2+su(2)"	"e6+f4+2 su(3)+2(g2+su(2))"	22	155	1	2	0	0	0	0	0	0	6
11	48	"e6+f4+su(3)+g2+su(2)"	"e6+f4+2 su(3)+2(g2+su(2))"	27	155	1	2	0	0	0	0	0	0	2
11	48	"e6+f4+su(3)+g2+su(2)"	"e6+f4+2 su(3)+2(g2+su(2))"	29	155	1	2	0	0	0	0	0	0	2
11	48	"e6+f4+su(3)+g2+su(2)"	"e6+f4+2 su(3)+2(g2+su(2))"	30	155	1	2	0	0	0	0	0	0	2
11	48	"e6+f4+su(3)+g2+su(2)"	"e6+f4+2 su(3)+2(so(7)+2 su(2))"	16	151	3	2	0	0	0	0	0	0	10
11	48	"e6+f4+su(3)+g2+su(2)"	"e6+f4+2 su(3)+2(so(7)+2 su(2))"	17	151	3	2	0	0	0	0	0	0	2
11	48	"e6+f4+su(3)+g2+su(2)"	"e6+f4+2 su(3)+g2+su(2)"	11	164	0	1	0	0	0	0	0	0	3
11	48	"e6+f4+su(3)+g2+su(2)"	"e6+f4+2 su(3)+g2+su(2)"	14	164	0	1	0	0	0	0	0	0	2
11	48	"e6+f4+su(3)+g2+su(2)"	"e6+f4+2 su(3)+g2+su(2)"	15	164	0	1	0	0	0	0	0	0	2
11	48	"e6+f4+su(3)+g2+su(2)"	"e6+f4+2 su(3)+g2+su(2)"	16	164	0	1	0	0	0	0	0	0	4
11	48	"e6+f4+su(3)+g2+su(2)"	"e6+f4+2 su(3)+g2+su(2)"	17	164	0	1	0	0	0	0	0	0	4
11	48	"e6+f4+su(3)+g2+su(2)"	"e6+f4+2 su(3)+g2+su(2)+so(7)+2 su(2)"	15	153	2	2	0	0	0	0	0	0	4
11	48	"e6+f4+su(3)+g2+su(2)"	"e6+f4+2 su(3)+g2+su(2)+so(7)+2 su(2)"	16	153	2	2	0	0	0	0	0	0	174
11	48	"e6+f4+su(3)+g2+su(2)"	"e6+f4+2 su(3)+g2+su(2)+so(7)+2 su(2)"	17	153	2	2	0	0	0	0	0	0	30
11	48	"e6+f4+su(3)+g2+su(2)"	"e6+f4+2 su(3)+g2+su(2)+so(7)+2 su(2)"	18	153	2	2	0	0	0	0	0	0	12
11	48	"e6+f4+su(3)+g2+su(2)"	"e6+f4+2 su(3)+g2+su(2)+so(7)+2 su(2)"	19	153	2	2	0	0	0	0	0	0	4
11	48	"e6+f4+su(3)+g2+su(2)"	"e6+f4+2 su(3)+g2+su(2)+so(7)+2 su(2)"	20	153	2	2	0	0	0	0	0	0	4
11	48	"e6+f4+su(3)+g2+su(2)"	"e6+f4+2 su(3)+g2+su(2)+so(7)+2 su(2)"	21	153	2	2	0	0	0	0	0	0	8
11	48	"e6+f4+su(3)+g2+su(2)"	"e6+f4+2 su(3)+g2+su(2)+so(7)+2 su(2)"	22	153	2	2	0	0	0	0	0	0	4
11	48	"e6+f4+su(3)+g2+su(2)"	"e6+f4+2 su(3)+g2+su(2)+so(7)+2 su(2)"	26	153	2	2	0	0	0	0	0	0	2
11	48	"e6+f4+su(3)+g2+su(2)"	"e6+f4+2 su(3)+g2+su(2)+so(7)+2 su(2)"	31	153	2	2	0	0	0	0	0	0	6
11	48	"e6+f4+su(3)+g2+su(2)"	"e6+f4+2 su(3)+so(7)+2 su(2)"	13	162	1	1	0	0	0	0	0	0	2
11	48	"e6+f4+su(3)+g2+su(2)"	"e6+f4+2 su(3)+so(7)+2 su(2)"	15	162	1	1	0	0	0	0	0	0	60
11	48	"e6+f4+su(3)+g2+su(2)"	"e6+f4+2 su(3)+so(7)+2 su(2)"	16	162	1	1	0	0	0	0	0	0	85
11	48	"e6+f4+su(3)+g2+su(2)"	"e6+f4+2 su(3)+so(7)+2 su(2)"	17	162	1	1	0	0	0	0	0	0	35
11	48	"e6+f4+su(3)+g2+su(2)"	"e6+f4+2 su(3)+so(7)+2 su(2)"	18	162	1	1	0	0	0	0	0	0	15
11	48	"e6+f4+su(3)+g2+su(2)"	"e6+f4+2 su(3)+so(7)+2 su(2)"	19	162	1	1	0	0	0	0	0	0	6
11	48	"e6+f4+su(3)+g2+su(2)"	"e6+f4+2 su(3)+so(7)+2 su(2)"	20	162	1	1	0	0	0	0	0	0	10
11	48	"e6+f4+su(3)+g2+su(2)"	"e6+f4+2 su(3)+so(7)+2 su(2)"	21	162	1	1	0	0	0	0	0	0	2
11	48	"e6+f4+su(3)+g2+su(2)"	"e6+f4+2 su(3)+so(7)+2 su(2)"	23	162	1	1	0	0	0	0	0	0	6
11	48	"e6+f4+su(3)+g2+su(2)"	"e6+f4+3 su(3)+2(g2+su(2))"	16	147	1	3	0	0	0	0	0	0	6
11	48	"e6+f4+su(3)+g2+su(2)"	"e6+f4+3 su(3)+2(g2+su(2))"	17	147	1	3	0	0	0	0	0	0	2
11	48	"e6+f4+su(3)+g2+su(2)"	"e6+f4+3 su(3)+2(g2+su(2))"	19	147	1	3	0	0	0	0	0	0	4
11	48	"e6+f4+su(3)+g2+su(2)"	"e6+f4+3 su(3)+2(g2+su(2))"	20	147	1	3	0	0	0	0	0	0	2
11	48	"e6+f4+su(3)+g2+su(2)"	"e6+f4+3 su(3)+2(g2+su(2))"	21	147	1	3	0	0	0	0	0	0	2
11	48	"e6+f4+su(3)+g2+su(2)"	"e6+f4+3 su(3)+2(g2+su(2))"	22	147	1	3	0	0	0	0	0	0	4
11	48	"e6+f4+su(3)+g2+su(2)"	"e6+f4+3 su(3)+g2+su(2)"	13	156	0	2	0	0	0	0	0	0	2
11	48	"e6+f4+su(3)+g2+su(2)"	"e6+f4+3 su(3)+g2+su(2)"	15	156	0	2	0	0	0	0	0	0	5
11	48	"e6+f4+su(3)+g2+su(2)"	"e6+f4+3 su(3)+g2+su(2)"	16	156	0	2	0	0	0	0	0	0	7
11	48	"e6+f4+su(3)+g2+su(2)"	"e6+f4+3 su(3)+g2+su(2)"	17	156	0	2	0	0	0	0	0	0	3
11	48	"e6+f4+su(3)+g2+su(2)"	"e6+f4+3 su(3)+g2+su(2)"	18	156	0	2	0	0	0	0	0	0	2
11	48	"e6+f4+su(3)+g2+su(2)"	"e6+f4+3 su(3)+g2+su(2)"	19	156	0	2	0	0	0	0	0	0	2
11	48	"e6+f4+su(3)+g2+su(2)"	"e6+f4+3 su(3)+g2+su(2)"	20	156	0	2	0	0	0	0	0	0	2
11	48	"e6+f4+su(3)+g2+su(2)"	"e6+f4+3 su(3)+g2+su(2)"	27	156	0	2	0	0	0	0	0	0	2
11	48	"e6+f4+su(3)+g2+su(2)"	"e6+f4+3 su(3)+so(7)+2 su(2)"	15	154	1	2	0	0	0	0	0	0	7
11	48	"e6+f4+su(3)+g2+su(2)"	"e6+f4+3 su(3)+so(7)+2 su(2)"	16	154	1	2	0	0	0	0	0	0	38
11	48	"e6+f4+su(3)+g2+su(2)"	"e6+f4+3 su(3)+so(7)+2 su(2)"	17	154	1	2	0	0	0	0	0	0	9
11	48	"e6+f4+su(3)+g2+su(2)"	"e6+f4+3 su(3)+so(7)+2 su(2)"	18	154	1	2	0	0	0	0	0	0	11
11	48	"e6+f4+su(3)+g2+su(2)"	"e6+f4+3 su(3)+so(7)+2 su(2)"	20	154	1	2	0	0	0	0	0	0	6
11	48	"e6+f4+su(3)+g2+su(2)"	"e6+f4+3 su(3)+so(7)+2 su(2)"	22	154	1	2	0	0	0	0	0	0	2
11	48	"e6+f4+su(3)+g2+su(2)"	"e6+f4+3 su(3)+so(7)+2 su(2)"	23	154	1	2	0	0	0	0	0	0	2
11	48	"e6+f4+su(3)+g2+su(2)"	"e6+f4+3 su(3)+so(7)+2 su(2)"	31	154	1	2	0	0	0	0	0	0	2
11	48	"e6+f4+su(3)+g2+su(2)"	"e6+f4+3 su(3)+so(7)+2 su(2)"	33	154	1	2	0	0	0	0	0	0	2
11	48	"e6+f4+su(3)+g2+su(2)"	"e6+f4+3 su(3)+so(7)+2 su(2)"	38	154	1	2	0	0	0	0	0	0	2
11	48	"e6+f4+su(3)+g2+su(2)"	"e6+f4+4 su(3)+g2+su(2)"	16	148	0	3	0	0	0	0	0	0	2
11	48	"e6+f4+su(3)+g2+su(2)"	"e6+f4+4 su(3)+g2+su(2)"	18	148	0	3	0	0	0	0	0	0	2
11	48	"e6+f4+su(3)+g2+su(2)"	"e6+f4+4 su(3)+g2+su(2)"	19	148	0	3	0	0	0	0	0	0	2
11	48	"e6+f4+su(3)+g2+su(2)"	"e6+f4+4 su(3)+so(7)+2 su(2)"	16	146	1	3	0	0	0	0	0	0	2
11	48	"e6+f4+su(3)+g2+su(2)"	"e6+f4+4 su(3)+so(7)+2 su(2)"	19	146	1	3	0	0	0	0	0	0	2
11	48	"e6+f4+su(3)+g2+su(2)"	"e6+f4+4 su(3)+so(7)+2 su(2)"	21	146	1	3	0	0	0	0	0	0	2
11	48	"e6+f4+su(3)+g2+su(2)"	"e6+f4+so(8)+2 su(3)+2(g2+su(2))"	17	127	1	2	1	0	0	0	0	0	2
11	48	"e6+f4+su(3)+g2+su(2)"	"e6+f4+so(8)+2 su(3)+g2+su(2)"	14	136	0	1	1	0	0	0	0	0	2
11	48	"e6+f4+su(3)+g2+su(2)"	"e6+f4+so(8)+2 su(3)+g2+su(2)+so(7)+2 su(2)"	24	125	2	2	1	0	0	0	0	0	2
11	48	"e6+f4+su(3)+g2+su(2)"	"e6+f4+so(8)+2 su(3)+so(7)+2 su(2)"	16	134	1	1	1	0	0	0	0	0	12
11	48	"e6+f4+su(3)+g2+su(2)"	"e6+f4+so(8)+2 su(3)+so(7)+2 su(2)"	17	134	1	1	1	0	0	0	0	0	6
11	48	"e6+f4+su(3)+g2+su(2)"	"e6+f4+so(8)+2 su(3)+so(7)+2 su(2)"	18	134	1	1	1	0	0	0	0	0	4
11	48	"e6+f4+su(3)+g2+su(2)"	"e6+f4+so(8)+su(3)+2(g2+su(2))"	16	135	1	1	1	0	0	0	0	0	22
11	48	"e6+f4+su(3)+g2+su(2)"	"e6+f4+so(8)+su(3)+2(g2+su(2))"	17	135	1	1	1	0	0	0	0	0	8
11	48	"e6+f4+su(3)+g2+su(2)"	"e6+f4+so(8)+su(3)+2(g2+su(2))"	20	135	1	1	1	0	0	0	0	0	2
11	48	"e6+f4+su(3)+g2+su(2)"	"e6+f4+so(8)+su(3)+2(g2+su(2))"	38	135	1	1	1	0	0	0	0	0	2
11	48	"e6+f4+su(3)+g2+su(2)"	"e6+f4+so(8)+su(3)+g2+su(2)+so(7)+2 su(2)"	16	133	2	1	1	0	0	0	0	0	10
11	48	"e6+f4+su(3)+g2+su(2)"	"e6+f4+so(8)+su(3)+g2+su(2)+so(7)+2 su(2)"	17	133	2	1	1	0	0	0	0	0	8
11	48	"e6+f4+su(3)+g2+su(2)"	"e6+f4+so(8)+su(3)+so(7)+2 su(2)"	16	142	1	0	1	0	0	0	0	0	25
11	48	"e6+f4+su(3)+g2+su(2)"	"e6+f4+so(8)+su(3)+so(7)+2 su(2)"	17	142	1	0	1	0	0	0	0	0	9
11	48	"e6+f4+su(3)+g2+su(2)"	"e6+f4+so(8)+su(3)+so(7)+2 su(2)"	18	142	1	0	1	0	0	0	0	0	2
11	48	"e6+f4+su(3)+g2+su(2)"	"e6+f4+su(3)+2(g2+su(2))"	14	163	1	1	0	0	0	0	0	0	4
11	48	"e6+f4+su(3)+g2+su(2)"	"e6+f4+su(3)+2(g2+su(2))"	15	163	1	1	0	0	0	0	0	0	63
11	48	"e6+f4+su(3)+g2+su(2)"	"e6+f4+su(3)+2(g2+su(2))"	16	163	1	1	0	0	0	0	0	0	80
11	48	"e6+f4+su(3)+g2+su(2)"	"e6+f4+su(3)+2(g2+su(2))"	17	163	1	1	0	0	0	0	0	0	23
11	48	"e6+f4+su(3)+g2+su(2)"	"e6+f4+su(3)+2(g2+su(2))"	18	163	1	1	0	0	0	0	0	0	10
11	48	"e6+f4+su(3)+g2+su(2)"	"e6+f4+su(3)+2(g2+su(2))"	19	163	1	1	0	0	0	0	0	0	11
11	48	"e6+f4+su(3)+g2+su(2)"	"e6+f4+su(3)+2(g2+su(2))"	20	163	1	1	0	0	0	0	0	0	8
11	48	"e6+f4+su(3)+g2+su(2)"	"e6+f4+su(3)+2(g2+su(2))+so(7)+2 su(2)"	16	152	3	2	0	0	0	0	0	0	10
11	48	"e6+f4+su(3)+g2+su(2)"	"e6+f4+su(3)+2(g2+su(2))+so(7)+2 su(2)"	17	152	3	2	0	0	0	0	0	0	2
11	48	"e6+f4+su(3)+g2+su(2)"	"e6+f4+su(3)+2(so(7)+2 su(2))"	15	159	3	1	0	0	0	0	0	0	42
11	48	"e6+f4+su(3)+g2+su(2)"	"e6+f4+su(3)+2(so(7)+2 su(2))"	16	159	3	1	0	0	0	0	0	0	54
11	48	"e6+f4+su(3)+g2+su(2)"	"e6+f4+su(3)+2(so(7)+2 su(2))"	17	159	3	1	0	0	0	0	0	0	9
11	48	"e6+f4+su(3)+g2+su(2)"	"e6+f4+su(3)+2(so(7)+2 su(2))"	20	159	3	1	0	0	0	0	0	0	6
11	48	"e6+f4+su(3)+g2+su(2)"	"e6+f4+su(3)+2(so(7)+2 su(2))"	21	159	3	1	0	0	0	0	0	0	2
11	48	"e6+f4+su(3)+g2+su(2)"	"e6+f4+su(3)+3(g2+su(2))"	15	154	2	2	0	0	0	0	0	0	2
11	48	"e6+f4+su(3)+g2+su(2)"	"e6+f4+su(3)+3(g2+su(2))"	16	154	2	2	0	0	0	0	0	0	42
11	48	"e6+f4+su(3)+g2+su(2)"	"e6+f4+su(3)+3(g2+su(2))"	17	154	2	2	0	0	0	0	0	0	6
11	48	"e6+f4+su(3)+g2+su(2)"	"e6+f4+su(3)+3(g2+su(2))"	18	154	2	2	0	0	0	0	0	0	2
11	48	"e6+f4+su(3)+g2+su(2)"	"e6+f4+su(3)+3(g2+su(2))"	21	154	2	2	0	0	0	0	0	0	6
11	48	"e6+f4+su(3)+g2+su(2)"	"e6+f4+su(3)+g2+su(2)+so(7)+2 su(2)"	15	161	2	1	0	0	0	0	0	0	254
11	48	"e6+f4+su(3)+g2+su(2)"	"e6+f4+su(3)+g2+su(2)+so(7)+2 su(2)"	16	161	2	1	0	0	0	0	0	0	281
11	48	"e6+f4+su(3)+g2+su(2)"	"e6+f4+su(3)+g2+su(2)+so(7)+2 su(2)"	17	161	2	1	0	0	0	0	0	0	31
11	48	"e6+f4+su(3)+g2+su(2)"	"e6+f4+su(3)+g2+su(2)+so(7)+2 su(2)"	18	161	2	1	0	0	0	0	0	0	33
11	48	"e6+f4+su(3)+g2+su(2)"	"e6+f4+su(3)+g2+su(2)+so(7)+2 su(2)"	19	161	2	1	0	0	0	0	0	0	8
11	48	"e6+f4+su(3)+g2+su(2)"	"e6+f4+su(3)+g2+su(2)+so(7)+2 su(2)"	20	161	2	1	0	0	0	0	0	0	37
11	48	"e6+f4+su(3)+g2+su(2)"	"e6+f4+su(3)+g2+su(2)+so(7)+2 su(2)"	21	161	2	1	0	0	0	0	0	0	17
11	48	"e6+f4+su(3)+g2+su(2)"	"e6+f4+su(3)+g2+su(2)+so(7)+2 su(2)"	22	161	2	1	0	0	0	0	0	0	2
11	48	"e6+f4+su(3)+g2+su(2)"	"e6+f4+su(3)+g2+su(2)+so(7)+2 su(2)"	23	161	2	1	0	0	0	0	0	0	8
11	48	"e6+f4+su(3)+g2+su(2)"	"e6+f4+su(3)+g2+su(2)+so(7)+2 su(2)"	24	161	2	1	0	0	0	0	0	0	2
11	48	"e6+f4+su(3)+g2+su(2)"	"e6+f4+su(3)+so(7)+2 su(2)"	14	170	1	0	0	0	0	0	0	0	2
11	48	"e6+f4+su(3)+g2+su(2)"	"e6+f4+su(3)+so(7)+2 su(2)"	15	170	1	0	0	0	0	0	0	0	39
11	48	"e6+f4+su(3)+g2+su(2)"	"e6+f4+su(3)+so(7)+2 su(2)"	16	170	1	0	0	0	0	0	0	0	33
11	48	"e6+f4+su(3)+g2+su(2)"	"e6+f4+su(3)+so(7)+2 su(2)"	17	170	1	0	0	0	0	0	0	0	10
11	48	"e6+f4+su(3)+g2+su(2)"	"e6+f4+su(3)+so(7)+2 su(2)"	18	170	1	0	0	0	0	0	0	0	4
11	48	"e6+f4+su(3)+g2+su(2)"	"e6+f4+su(3)+so(7)+2 su(2)"	19	170	1	0	0	0	0	0	0	0	2
11	49	"e7+g2+su(2)+so(7)+2 su(2)"	"e7+2(g2+su(2))+so(7)+2 su(2)"	15	157	1	1	0	0	0	0	0	0	24
11	49	"e7+g2+su(2)+so(7)+2 su(2)"	"e7+2(g2+su(2))+so(7)+2 su(2)"	16	157	1	1	0	0	0	0	0	0	33
11	49	"e7+g2+su(2)+so(7)+2 su(2)"	"e7+2(g2+su(2))+so(7)+2 su(2)"	17	157	1	1	0	0	0	0	0	0	9
11	49	"e7+g2+su(2)+so(7)+2 su(2)"	"e7+2(g2+su(2))+so(7)+2 su(2)"	18	157	1	1	0	0	0	0	0	0	2
11	49	"e7+g2+su(2)+so(7)+2 su(2)"	"e7+2(g2+su(2))+so(7)+2 su(2)"	20	157	1	1	0	0	0	0	0	0	4
11	49	"e7+g2+su(2)+so(7)+2 su(2)"	"e7+2 su(3)+g2+su(2)+so(7)+2 su(2)"	16	150	0	2	0	0	0	0	0	0	10
11	49	"e7+g2+su(2)+so(7)+2 su(2)"	"e7+2 su(3)+g2+su(2)+so(7)+2 su(2)"	17	150	0	2	0	0	0	0	0	0	2
11	49	"e7+g2+su(2)+so(7)+2 su(2)"	"e7+2 su(3)+g2+su(2)+so(7)+2 su(2)"	20	150	0	2	0	0	0	0	0	0	2
11	49	"e7+g2+su(2)+so(7)+2 su(2)"	"e7+f4+2(g2+su(2))+so(7)+2 su(2)"	17	105	1	1	0	1	0	0	0	0	4
11	49	"e7+g2+su(2)+so(7)+2 su(2)"	"e7+f4+su(3)+g2+su(2)+so(7)+2 su(2)"	17	106	0	1	0	1	0	0	0	0	3
11	49	"e7+g2+su(2)+so(7)+2 su(2)"	"e7+g2+su(2)+2(so(7)+2 su(2))"	15	155	2	1	0	0	0	0	0	0	5
11	49	"e7+g2+su(2)+so(7)+2 su(2)"	"e7+g2+su(2)+2(so(7)+2 su(2))"	16	155	2	1	0	0	0	0	0	0	20
11	49	"e7+g2+su(2)+so(7)+2 su(2)"	"e7+g2+su(2)+2(so(7)+2 su(2))"	17	155	2	1	0	0	0	0	0	0	6
11	49	"e7+g2+su(2)+so(7)+2 su(2)"	"e7+g2+su(2)+2(so(7)+2 su(2))"	18	155	2	1	0	0	0	0	0	0	6
11	49	"e7+g2+su(2)+so(7)+2 su(2)"	"e7+so(8)+2(g2+su(2))+so(7)+2 su(2)"	16	129	1	1	1	0	0	0	0	0	7
11	49	"e7+g2+su(2)+so(7)+2 su(2)"	"e7+so(8)+2(g2+su(2))+so(7)+2 su(2)"	17	129	1	1	1	0	0	0	0	0	3
11	49	"e7+g2+su(2)+so(7)+2 su(2)"	"e7+so(8)+g2+su(2)+so(7)+2 su(2)"	16	138	0	0	1	0	0	0	0	0	2
11	49	"e7+g2+su(2)+so(7)+2 su(2)"	"e7+so(8)+su(3)+g2+su(2)+so(7)+2 su(2)"	16	130	0	1	1	0	0	0	0	0	2
11	49	"e7+g2+su(2)+so(7)+2 su(2)"	"e7+so(8)+su(3)+g2+su(2)+so(7)+2 su(2)"	17	130	0	1	1	0	0	0	0	0	2
11	49	"e7+g2+su(2)+so(7)+2 su(2)"	"e7+su(3)+2(g2+su(2))+so(7)+2 su(2)"	16	149	1	2	0	0	0	0	0	0	34
11	49	"e7+g2+su(2)+so(7)+2 su(2)"	"e7+su(3)+2(g2+su(2))+so(7)+2 su(2)"	18	149	1	2	0	0	0	0	0	0	6
11	49	"e7+g2+su(2)+so(7)+2 su(2)"	"e7+su(3)+g2+su(2)+2(so(7)+2 su(2))"	16	147	2	2	0	0	0	0	0	0	2
11	49	"e7+g2+su(2)+so(7)+2 su(2)"	"e7+su(3)+g2+su(2)+2(so(7)+2 su(2))"	17	147	2	2	0	0	0	0	0	0	2
11	49	"e7+g2+su(2)+so(7)+2 su(2)"	"e7+su(3)+g2+su(2)+so(7)+2 su(2)"	15	158	0	1	0	0	0	0	0	0	6
11	49	"e7+g2+su(2)+so(7)+2 su(2)"	"e7+su(3)+g2+su(2)+so(7)+2 su(2)"	16	158	0	1	0	0	0	0	0	0	4
11	49	"e7+g2+su(2)+so(7)+2 su(2)"	"e7+su(3)+g2+su(2)+so(7)+2 su(2)"	17	158	0	1	0	0	0	0	0	0	2
11	49	"e7+g2+su(2)+so(7)+2 su(2)"	"e7+su(3)+g2+su(2)+so(7)+2 su(2)"	20	158	0	1	0	0	0	0	0	0	2
11	50	"e7'+f4+g2+su(2)"	"e7'+f4+2(g2+su(2))"	15	144	0	1	0	0	0	0	0	0	2
11	50	"e7'+f4+g2+su(2)"	"e7'+f4+2(g2+su(2))"	16	144	0	1	0	0	0	0	0	0	5
11	50	"e7'+f4+g2+su(2)"	"e7'+f4+2(g2+su(2))"	16	144	1	1	0	0	0	0	0	0	12
11	50	"e7'+f4+g2+su(2)"	"e7'+f4+2(g2+su(2))"	18	144	1	1	0	0	0	0	0	0	2
11	50	"e7'+f4+g2+su(2)"	"e7'+f4+2(g2+su(2))"	19	144	1	1	0	0	0	0	0	0	6
11	50	"e7'+f4+g2+su(2)"	"e7'+f4+2 su(3)+2(g2+su(2))"	16	128	0	3	0	0	0	0	0	0	2
11	50	"e7'+f4+g2+su(2)"	"e7'+f4+3(g2+su(2))"	16	135	1	2	0	0	0	0	0	0	12
11	50	"e7'+f4+g2+su(2)"	"e7'+f4+3(g2+su(2))"	17	135	1	2	0	0	0	0	0	0	2
11	50	"e7'+f4+g2+su(2)"	"e7'+f4+3(g2+su(2))"	20	135	1	2	0	0	0	0	0	0	2
11	50	"e7'+f4+g2+su(2)"	"e7'+f4+3(g2+su(2))"	38	135	1	2	0	0	0	0	0	0	2
11	50	"e7'+f4+g2+su(2)"	"e7'+f4+su(3)+2(g2+su(2))"	14	136	0	2	0	0	0	0	0	0	2
11	50	"e7'+f4+g2+su(2)"	"e7'+f4+su(3)+2(g2+su(2))"	16	136	0	2	0	0	0	0	0	0	7
11	50	"e7'+f4+g2+su(2)"	"e7'+f4+su(3)+2(g2+su(2))"	16	136	1	2	0	0	0	0	0	0	2
11	50	"e7'+f4+g2+su(2)"	"e7'+f4+su(3)+3(g2+su(2))"	17	127	1	3	0	0	0	0	0	0	2
11	50	"e7'+f4+g2+su(2)"	"e7'+f4+su(3)+g2+su(2)"	11	145	0	1	0	0	0	0	0	0	2
11	51	"e7'+f4+g2+su(2)"	"e7'+f4+2(g2+su(2))"	15	144	0	1	0	0	0	0	0	0	2
11	51	"e7'+f4+g2+su(2)"	"e7'+f4+2(g2+su(2))"	16	144	1	1	0	0	0	0	0	0	28
11	51	"e7'+f4+g2+su(2)"	"e7'+f4+2(g2+su(2))"	17	144	1	1	0	0	0	0	0	0	2
11	51	"e7'+f4+g2+su(2)"	"e7'+f4+2(g2+su(2))"	18	144	1	1	0	0	0	0	0	0	2
11	51	"e7'+f4+g2+su(2)"	"e7'+f4+2(g2+su(2))"	19	144	1	1	0	0	0	0	0	0	6
11	51	"e7'+f4+g2+su(2)"	"e7'+f4+2(g2+su(2))+so(7)+2 su(2)"	16	133	2	2	0	0	0	0	0	0	8
11	51	"e7'+f4+g2+su(2)"	"e7'+f4+2(g2+su(2))+so(7)+2 su(2)"	17	133	2	2	0	0	0	0	0	0	4
11	51	"e7'+f4+g2+su(2)"	"e7'+f4+2(g2+su(2))+so(7)+2 su(2)"	18	133	2	2	0	0	0	0	0	0	2
11	51	"e7'+f4+g2+su(2)"	"e7'+f4+2(g2+su(2))+so(7)+2 su(2)"	20	133	2	2	0	0	0	0	0	0	2
11	51	"e7'+f4+g2+su(2)"	"e7'+f4+2(g2+su(2))+so(7)+2 su(2)"	21	133	2	2	0	0	0	0	0	0	2
11	51	"e7'+f4+g2+su(2)"	"e7'+f4+3(g2+su(2))"	16	135	1	2	0	0	0	0	0	0	14
11	51	"e7'+f4+g2+su(2)"	"e7'+f4+3(g2+su(2))"	20	135	1	2	0	0	0	0	0	0	2
11	51	"e7'+f4+g2+su(2)"	"e7'+f4+3(g2+su(2))"	38	135	1	2	0	0	0	0	0	0	2
11	51	"e7'+f4+g2+su(2)"	"e7'+f4+g2+su(2)+so(7)+2 su(2)"	15	142	1	1	0	0	0	0	0	0	2
11	51	"e7'+f4+g2+su(2)"	"e7'+f4+g2+su(2)+so(7)+2 su(2)"	16	142	1	1	0	0	0	0	0	0	15
11	51	"e7'+f4+g2+su(2)"	"e7'+f4+g2+su(2)+so(7)+2 su(2)"	17	142	1	1	0	0	0	0	0	0	8
11	51	"e7'+f4+g2+su(2)"	"e7'+f4+g2+su(2)+so(7)+2 su(2)"	18	142	1	1	0	0	0	0	0	0	2
11	51	"e7'+f4+g2+su(2)"	"e7'+f4+g2+su(2)+so(7)+2 su(2)"	19	142	1	1	0	0	0	0	0	0	4
11	51	"e7'+f4+g2+su(2)"	"e7'+f4+g2+su(2)+so(7)+2 su(2)"	21	142	1	1	0	0	0	0	0	0	2
11	51	"e7'+f4+g2+su(2)"	"e7'+f4+g2+su(2)+so(7)+2 su(2)"	23	142	1	1	0	0	0	0	0	0	2
11	51	"e7'+f4+g2+su(2)"	"e7'+f4+su(3)+2(g2+su(2))"	14	136	0	2	0	0	0	0	0	0	2
11	51	"e7'+f4+g2+su(2)"	"e7'+f4+su(3)+2(g2+su(2))"	16	136	0	2	0	0	0	0	0	0	3
11	51	"e7'+f4+g2+su(2)"	"e7'+f4+su(3)+2(g2+su(2))"	16	136	1	2	0	0	0	0	0	0	6
11	51	"e7'+f4+g2+su(2)"	"e7'+f4+su(3)+3(g2+su(2))"	16	127	1	3	0	0	0	0	0	0	2
11	51	"e7'+f4+g2+su(2)"	"e7'+f4+su(3)+g2+su(2)"	11	145	0	1	0	0	0	0	0	0	2
11	51	"e7'+f4+g2+su(2)"	"e7'+f4+su(3)+g2+su(2)+so(7)+2 su(2)"	16	134	1	2	0	0	0	0	0	0	10
11	51	"e7'+f4+g2+su(2)"	"e7'+f4+su(3)+g2+su(2)+so(7)+2 su(2)"	17	134	1	2	0	0	0	0	0	0	4
11	51	"e7'+f4+g2+su(2)"	"e7'+f4+su(3)+g2+su(2)+so(7)+2 su(2)"	20	134	1	2	0	0	0	0	0	0	2
11	51	"e7'+f4+g2+su(2)"	"e7'+f4+su(3)+g2+su(2)+so(7)+2 su(2)"	29	134	1	2	0	0	0	0	0	0	2
11	52	"e7'+f4+g2+su(2)"	"e7'+f4+2(g2+su(2))"	16	144	1	1	0	0	0	0	0	0	2
11	52	"e7'+f4+g2+su(2)"	"e7'+f4+g2+su(2)+so(7)+2 su(2)"	15	142	1	1	0	0	0	0	0	0	2
11	52	"e7'+f4+g2+su(2)"	"e7'+f4+g2+su(2)+so(7)+2 su(2)"	16	142	1	1	0	0	0	0	0	0	17
11	52	"e7'+f4+g2+su(2)"	"e7'+f4+g2+su(2)+so(7)+2 su(2)"	17	142	1	1	0	0	0	0	0	0	8
11	52	"e7'+f4+g2+su(2)"	"e7'+f4+g2+su(2)+so(7)+2 su(2)"	18	142	1	1	0	0	0	0	0	0	3
11	56	"e7+su(3)+g2+su(2)+so(7)+2 su(2)"	"e7+2(g2+su(2))+so(7)+2 su(2)"	15	157	1	0	0	0	0	0	0	0	7
11	56	"e7+su(3)+g2+su(2)+so(7)+2 su(2)"	"e7+2(g2+su(2))+so(7)+2 su(2)"	16	157	1	0	0	0	0	0	0	0	8
11	56	"e7+su(3)+g2+su(2)+so(7)+2 su(2)"	"e7+2(g2+su(2))+so(7)+2 su(2)"	17	157	1	0	0	0	0	0	0	0	5
11	56	"e7+su(3)+g2+su(2)+so(7)+2 su(2)"	"e7+2 su(3)+2(so(7)+2 su(2))"	16	148	1	1	0	0	0	0	0	0	17
11	56	"e7+su(3)+g2+su(2)+so(7)+2 su(2)"	"e7+2 su(3)+g2+su(2)+so(7)+2 su(2)"	15	150	0	1	0	0	0	0	0	0	2
11	56	"e7+su(3)+g2+su(2)+so(7)+2 su(2)"	"e7+2 su(3)+g2+su(2)+so(7)+2 su(2)"	16	150	0	1	0	0	0	0	0	0	5
11	56	"e7+su(3)+g2+su(2)+so(7)+2 su(2)"	"e7+2 su(3)+g2+su(2)+so(7)+2 su(2)"	17	150	0	1	0	0	0	0	0	0	4
11	56	"e7+su(3)+g2+su(2)+so(7)+2 su(2)"	"e7+3(g2+su(2))+so(7)+2 su(2)"	16	148	2	1	0	0	0	0	0	0	5
11	56	"e7+su(3)+g2+su(2)+so(7)+2 su(2)"	"e7+3(so(7)+2 su(2))"	15	153	3	0	0	0	0	0	0	0	16
11	56	"e7+su(3)+g2+su(2)+so(7)+2 su(2)"	"e7+3(so(7)+2 su(2))"	16	153	3	0	0	0	0	0	0	0	48
11	56	"e7+su(3)+g2+su(2)+so(7)+2 su(2)"	"e7+3(so(7)+2 su(2))"	17	153	3	0	0	0	0	0	0	0	5
11	56	"e7+su(3)+g2+su(2)+so(7)+2 su(2)"	"e7+3(so(7)+2 su(2))"	18	153	3	0	0	0	0	0	0	0	2
11	56	"e7+su(3)+g2+su(2)+so(7)+2 su(2)"	"e7+g2+su(2)+2(so(7)+2 su(2))"	15	155	2	0	0	0	0	0	0	0	33
11	56	"e7+su(3)+g2+su(2)+so(7)+2 su(2)"	"e7+g2+su(2)+2(so(7)+2 su(2))"	16	155	2	0	0	0	0	0	0	0	58
11	56	"e7+su(3)+g2+su(2)+so(7)+2 su(2)"	"e7+g2+su(2)+2(so(7)+2 su(2))"	17	155	2	0	0	0	0	0	0	0	9
11	56	"e7+su(3)+g2+su(2)+so(7)+2 su(2)"	"e7+so(8)+g2+su(2)+2(so(7)+2 su(2))"	16	127	2	0	1	0	0	0	0	0	2
11	56	"e7+su(3)+g2+su(2)+so(7)+2 su(2)"	"e7+su(3)+2(g2+su(2))+so(7)+2 su(2)"	16	149	1	1	0	0	0	0	0	0	21
11	56	"e7+su(3)+g2+su(2)+so(7)+2 su(2)"	"e7+su(3)+2(g2+su(2))+so(7)+2 su(2)"	17	149	1	1	0	0	0	0	0	0	6
11	56	"e7+su(3)+g2+su(2)+so(7)+2 su(2)"	"e7+su(3)+2(so(7)+2 su(2))"	15	156	1	0	0	0	0	0	0	0	8
11	56	"e7+su(3)+g2+su(2)+so(7)+2 su(2)"	"e7+su(3)+2(so(7)+2 su(2))"	16	156	1	0	0	0	0	0	0	0	8
11	56	"e7+su(3)+g2+su(2)+so(7)+2 su(2)"	"e7+su(3)+2(so(7)+2 su(2))"	17	156	1	0	0	0	0	0	0	0	5
11	56	"e7+su(3)+g2+su(2)+so(7)+2 su(2)"	"e7+su(3)+3(so(7)+2 su(2))"	16	145	3	1	0	0	0	0	0	0	5
11	56	"e7+su(3)+g2+su(2)+so(7)+2 su(2)"	"e7+su(3)+g2+su(2)+2(so(7)+2 su(2))"	16	147	2	1	0	0	0	0	0	0	22
11	56	"e7+su(3)+g2+su(2)+so(7)+2 su(2)"	"e7+su(3)+g2+su(2)+2(so(7)+2 su(2))"	17	147	2	1	0	0	0	0	0	0	7
11	57	"e6+f4+3 su(3)"	"e6+f4+2 su(3)+2(g2+su(2))"	15	155	2	1	0	0	0	0	0	0	18
11	57	"e6+f4+3 su(3)"	"e6+f4+2 su(3)+2(g2+su(2))"	16	155	2	1	0	0	0	0	0	0	48
11	57	"e6+f4+3 su(3)"	"e6+f4+2 su(3)+2(g2+su(2))"	17	155	2	1	0	0	0	0	0	0	20
11	57	"e6+f4+3 su(3)"	"e6+f4+2 su(3)+2(g2+su(2))"	18	155	2	1	0	0	0	0	0	0	8
11	57	"e6+f4+3 su(3)"	"e6+f4+2 su(3)+2(g2+su(2))"	19	155	2	1	0	0	0	0	0	0	10
11	57	"e6+f4+3 su(3)"	"e6+f4+2 su(3)+2(g2+su(2))"	21	155	2	1	0	0	0	0	0	0	4
11	57	"e6+f4+3 su(3)"	"e6+f4+2 su(3)+2(g2+su(2))"	22	155	2	1	0	0	0	0	0	0	2
11	57	"e6+f4+3 su(3)"	"e6+f4+2 su(3)+2(g2+su(2))"	23	155	2	1	0	0	0	0	0	0	2
11	57	"e6+f4+3 su(3)"	"e6+f4+2 su(3)+2(g2+su(2))"	30	155	2	1	0	0	0	0	0	0	2
11	57	"e6+f4+3 su(3)"	"e6+f4+2 su(3)+g2+su(2)"	14	164	1	0	0	0	0	0	0	0	2
11	57	"e6+f4+3 su(3)"	"e6+f4+2 su(3)+g2+su(2)"	15	164	1	0	0	0	0	0	0	0	15
11	57	"e6+f4+3 su(3)"	"e6+f4+2 su(3)+g2+su(2)"	16	164	1	0	0	0	0	0	0	0	25
11	57	"e6+f4+3 su(3)"	"e6+f4+2 su(3)+g2+su(2)"	17	164	1	0	0	0	0	0	0	0	11
11	57	"e6+f4+3 su(3)"	"e6+f4+2 su(3)+g2+su(2)"	18	164	1	0	0	0	0	0	0	0	2
11	57	"e6+f4+3 su(3)"	"e6+f4+2 su(3)+g2+su(2)+so(7)+2 su(2)"	16	153	3	1	0	0	0	0	0	0	42
11	57	"e6+f4+3 su(3)"	"e6+f4+2 su(3)+g2+su(2)+so(7)+2 su(2)"	17	153	3	1	0	0	0	0	0	0	10
11	57	"e6+f4+3 su(3)"	"e6+f4+2 su(3)+g2+su(2)+so(7)+2 su(2)"	18	153	3	1	0	0	0	0	0	0	6
11	57	"e6+f4+3 su(3)"	"e6+f4+2 su(3)+g2+su(2)+so(7)+2 su(2)"	19	153	3	1	0	0	0	0	0	0	4
11	57	"e6+f4+3 su(3)"	"e6+f4+2 su(3)+g2+su(2)+so(7)+2 su(2)"	20	153	3	1	0	0	0	0	0	0	2
11	57	"e6+f4+3 su(3)"	"e6+f4+2 su(3)+g2+su(2)+so(7)+2 su(2)"	21	153	3	1	0	0	0	0	0	0	2
11	57	"e6+f4+3 su(3)"	"e6+f4+2 su(3)+g2+su(2)+so(7)+2 su(2)"	26	153	3	1	0	0	0	0	0	0	2
11	57	"e6+f4+3 su(3)"	"e6+f4+2 su(3)+so(7)+2 su(2)"	15	162	2	0	0	0	0	0	0	0	57
11	57	"e6+f4+3 su(3)"	"e6+f4+2 su(3)+so(7)+2 su(2)"	16	162	2	0	0	0	0	0	0	0	92
11	57	"e6+f4+3 su(3)"	"e6+f4+2 su(3)+so(7)+2 su(2)"	17	162	2	0	0	0	0	0	0	0	20
11	57	"e6+f4+3 su(3)"	"e6+f4+2 su(3)+so(7)+2 su(2)"	18	162	2	0	0	0	0	0	0	0	4
11	57	"e6+f4+3 su(3)"	"e6+f4+2 su(3)+so(7)+2 su(2)"	19	162	2	0	0	0	0	0	0	0	7
11	57	"e6+f4+3 su(3)"	"e6+f4+2 su(3)+so(7)+2 su(2)"	20	162	2	0	0	0	0	0	0	0	2
11	57	"e6+f4+3 su(3)"	"e6+f4+2 su(3)+so(7)+2 su(2)"	23	162	2	0	0	0	0	0	0	0	6
11	57	"e6+f4+3 su(3)"	"e6+f4+3 su(3)+2(g2+su(2))"	16	147	2	2	0	0	0	0	0	0	2
11	57	"e6+f4+3 su(3)"	"e6+f4+3 su(3)+2(g2+su(2))"	18	147	2	2	0	0	0	0	0	0	2
11	57	"e6+f4+3 su(3)"	"e6+f4+3 su(3)+g2+su(2)"	13	156	1	1	0	0	0	0	0	0	2
11	57	"e6+f4+3 su(3)"	"e6+f4+3 su(3)+g2+su(2)"	15	156	1	1	0	0	0	0	0	0	17
11	57	"e6+f4+3 su(3)"	"e6+f4+3 su(3)+g2+su(2)"	16	156	1	1	0	0	0	0	0	0	48
11	57	"e6+f4+3 su(3)"	"e6+f4+3 su(3)+g2+su(2)"	17	156	1	1	0	0	0	0	0	0	22
11	57	"e6+f4+3 su(3)"	"e6+f4+3 su(3)+g2+su(2)"	18	156	1	1	0	0	0	0	0	0	16
11	57	"e6+f4+3 su(3)"	"e6+f4+3 su(3)+g2+su(2)"	19	156	1	1	0	0	0	0	0	0	8
11	57	"e6+f4+3 su(3)"	"e6+f4+3 su(3)+g2+su(2)"	20	156	1	1	0	0	0	0	0	0	11
11	57	"e6+f4+3 su(3)"	"e6+f4+3 su(3)+so(7)+2 su(2)"	15	154	2	1	0	0	0	0	0	0	4
11	57	"e6+f4+3 su(3)"	"e6+f4+3 su(3)+so(7)+2 su(2)"	16	154	2	1	0	0	0	0	0	0	45
11	57	"e6+f4+3 su(3)"	"e6+f4+3 su(3)+so(7)+2 su(2)"	17	154	2	1	0	0	0	0	0	0	9
11	57	"e6+f4+3 su(3)"	"e6+f4+3 su(3)+so(7)+2 su(2)"	18	154	2	1	0	0	0	0	0	0	2
11	57	"e6+f4+3 su(3)"	"e6+f4+3 su(3)+so(7)+2 su(2)"	19	154	2	1	0	0	0	0	0	0	4
11	57	"e6+f4+3 su(3)"	"e6+f4+3 su(3)+so(7)+2 su(2)"	20	154	2	1	0	0	0	0	0	0	12
11	57	"e6+f4+3 su(3)"	"e6+f4+3 su(3)+so(7)+2 su(2)"	21	154	2	1	0	0	0	0	0	0	2
11	57	"e6+f4+3 su(3)"	"e6+f4+3 su(3)+so(7)+2 su(2)"	31	154	2	1	0	0	0	0	0	0	2
11	57	"e6+f4+3 su(3)"	"e6+f4+4 su(3)"	11	157	0	1	0	0	0	0	0	0	2
11	57	"e6+f4+3 su(3)"	"e6+f4+4 su(3)"	16	157	0	1	0	0	0	0	0	0	9
11	57	"e6+f4+3 su(3)"	"e6+f4+4 su(3)"	17	157	0	1	0	0	0	0	0	0	3
11	57	"e6+f4+3 su(3)"	"e6+f4+4 su(3)+g2+su(2)"	16	148	1	2	0	0	0	0	0	0	4
11	57	"e6+f4+3 su(3)"	"e6+f4+4 su(3)+g2+su(2)"	17	148	1	2	0	0	0	0	0	0	10
11	57	"e6+f4+3 su(3)"	"e6+f4+4 su(3)+g2+su(2)"	18	148	1	2	0	0	0	0	0	0	12
11	57	"e6+f4+3 su(3)"	"e6+f4+4 su(3)+g2+su(2)"	19	148	1	2	0	0	0	0	0	0	8
11	57	"e6+f4+3 su(3)"	"e6+f4+4 su(3)+g2+su(2)"	20	148	1	2	0	0	0	0	0	0	8
11	57	"e6+f4+3 su(3)"	"e6+f4+4 su(3)+g2+su(2)"	44	148	1	2	0	0	0	0	0	0	4
11	57	"e6+f4+3 su(3)"	"e6+f4+4 su(3)+so(7)+2 su(2)"	16	146	2	2	0	0	0	0	0	0	2
11	57	"e6+f4+3 su(3)"	"e6+f4+4 su(3)+so(7)+2 su(2)"	19	146	2	2	0	0	0	0	0	0	2
11	57	"e6+f4+3 su(3)"	"e6+f4+5 su(3)"	16	149	0	2	0	0	0	0	0	0	5
11	57	"e6+f4+3 su(3)"	"e6+f4+5 su(3)"	17	149	0	2	0	0	0	0	0	0	8
11	57	"e6+f4+3 su(3)"	"e6+f4+5 su(3)"	20	149	0	2	0	0	0	0	0	0	4
11	57	"e6+f4+3 su(3)"	"e6+f4+6 su(3)"	17	141	0	3	0	0	0	0	0	0	2
11	57	"e6+f4+3 su(3)"	"e6+f4+6 su(3)"	19	141	0	3	0	0	0	0	0	0	2
11	57	"e6+f4+3 su(3)"	"e6+f4+so(8)+4 su(3)"	18	129	0	1	1	0	0	0	0	0	2
11	58	"e7'+f4+su(3)+so(7)+2 su(2)"	"e7'+f4+g2+su(2)+so(7)+2 su(2)"	15	142	1	0	0	0	0	0	0	0	2
11	58	"e7'+f4+su(3)+so(7)+2 su(2)"	"e7'+f4+g2+su(2)+so(7)+2 su(2)"	16	142	1	0	0	0	0	0	0	0	13
11	59	"e7'+f4+su(3)+g2+su(2)"	"e7'+f4+2(g2+su(2))"	16	144	1	0	0	0	0	0	0	0	10
11	59	"e7'+f4+su(3)+g2+su(2)"	"e7'+f4+2(g2+su(2))+so(7)+2 su(2)"	16	133	2	1	0	0	0	0	0	0	10
11	59	"e7'+f4+su(3)+g2+su(2)"	"e7'+f4+3(g2+su(2))"	16	135	1	1	0	0	0	0	0	0	6
11	59	"e7'+f4+su(3)+g2+su(2)"	"e7'+f4+su(3)+2(g2+su(2))"	16	136	1	1	0	0	0	0	0	0	3
11	59	"e7'+f4+su(3)+g2+su(2)"	"e7'+f4+su(3)+g2+su(2)+so(7)+2 su(2)"	16	134	1	1	0	0	0	0	0	0	5
11	60	"e7'+f4+su(3)+g2+su(2)"	"e7'+f4+2(g2+su(2))"	16	144	1	0	0	0	0	0	0	0	18
11	60	"e7'+f4+su(3)+g2+su(2)"	"e7'+f4+3(g2+su(2))"	16	135	2	1	0	0	0	0	0	0	5
11	60	"e7'+f4+su(3)+g2+su(2)"	"e7'+f4+su(3)+2(g2+su(2))"	16	136	1	1	0	0	0	0	0	0	7
11	61	"e7'+f4+2(g2+su(2))"	"e7'+f4+g2+su(2)+so(7)+2 su(2)"	15	142	1	0	0	0	0	0	0	0	2
11	61	"e7'+f4+2(g2+su(2))"	"e7'+f4+g2+su(2)+so(7)+2 su(2)"	16	142	1	0	0	0	0	0	0	0	13
11	62	"so(8)+2(g2+su(2))"	"2 so(8)+2(g2+su(2))"	11	245	0	0	1	0	0	0	0	0	3
11	62	"so(8)+2(g2+su(2))"	"e6+2 so(8)+2(g2+su(2))"	13	167	0	0	1	0	1	0	0	0	2
11	62	"so(8)+2(g2+su(2))"	"e6+2 so(8)+su(3)+2(g2+su(2))"	16	159	0	1	1	0	1	0	0	0	6
11	62	"so(8)+2(g2+su(2))"	"e6+f4+so(8)+2(g2+su(2))"	14	143	0	0	0	1	1	0	0	0	2
11	62	"so(8)+2(g2+su(2))"	"e6+f4+so(8)+su(3)+2(g2+su(2))"	16	135	0	1	0	1	1	0	0	0	2
11	62	"so(8)+2(g2+su(2))"	"e6+so(8)+2(g2+su(2))"	11	195	0	0	0	0	1	0	0	0	2
11	62	"so(8)+2(g2+su(2))"	"e6+so(8)+2(g2+su(2))+so(7)+2 su(2)"	15	184	2	1	0	0	1	0	0	0	6
11	62	"so(8)+2(g2+su(2))"	"e6+so(8)+2 su(3)+2(g2+su(2))"	15	179	0	2	0	0	1	0	0	0	4
11	62	"so(8)+2(g2+su(2))"	"e6+so(8)+3(g2+su(2))"	14	186	1	1	0	0	1	0	0	0	4
11	62	"so(8)+2(g2+su(2))"	"e6+so(8)+su(3)+2(g2+su(2))"	12	187	0	1	0	0	1	0	0	0	2
11	62	"so(8)+2(g2+su(2))"	"e6+so(8)+su(3)+2(g2+su(2))"	14	187	0	1	0	0	1	0	0	0	3
11	62	"so(8)+2(g2+su(2))"	"e7'+2 so(8)+2(g2+su(2))"	14	140	0	0	1	0	0	1	0	0	2
11	62	"so(8)+2(g2+su(2))"	"e7+2 so(8)+2(g2+su(2))"	15	112	0	0	1	0	0	0	1	0	2
11	62	"so(8)+2(g2+su(2))"	"e7+2 so(8)+2(g2+su(2))"	20	112	0	0	1	0	0	0	1	0	2
11	62	"so(8)+2(g2+su(2))"	"e7+2 so(8)+2 su(3)+2(g2+su(2))"	21	96	0	2	1	0	0	0	1	0	2
11	62	"so(8)+2(g2+su(2))"	"e7'+2 so(8)+3(g2+su(2))"	22	131	1	1	1	0	0	1	0	0	2
11	62	"so(8)+2(g2+su(2))"	"e7+2 so(8)+3(g2+su(2))"	19	103	1	1	1	0	0	0	1	0	2
11	62	"so(8)+2(g2+su(2))"	"e7+2 so(8)+3(g2+su(2))"	24	103	1	1	1	0	0	0	1	0	2
11	62	"so(8)+2(g2+su(2))"	"e7'+2 so(8)+su(3)+2(g2+su(2))"	20	132	0	1	1	0	0	1	0	0	2
11	62	"so(8)+2(g2+su(2))"	"e7+2 so(8)+su(3)+2(g2+su(2))"	18	104	0	1	1	0	0	0	1	0	2
11	62	"so(8)+2(g2+su(2))"	"e7+2 so(8)+su(3)+2(g2+su(2))"	24	104	0	1	1	0	0	0	1	0	2
11	62	"so(8)+2(g2+su(2))"	"e7+2 so(8)+su(3)+2(g2+su(2))"	32	104	0	1	1	0	0	0	1	0	2
11	62	"so(8)+2(g2+su(2))"	"e7'+3 so(8)+2(g2+su(2))"	20	112	0	0	2	0	0	1	0	0	2
11	62	"so(8)+2(g2+su(2))"	"e7+3 so(8)+2(g2+su(2))"	19	84	0	0	2	0	0	0	1	0	2
11	62	"so(8)+2(g2+su(2))"	"e7'+e6+so(8)+2(g2+su(2))"	16	90	0	0	0	0	1	1	0	0	2
11	62	"so(8)+2(g2+su(2))"	"e7+e6+so(8)+2(g2+su(2))"	17	62	0	0	0	0	1	0	1	0	2
11	62	"so(8)+2(g2+su(2))"	"e7'+e6+so(8)+su(3)+2(g2+su(2))"	21	82	0	1	0	0	1	1	0	0	2
11	62	"so(8)+2(g2+su(2))"	"e7+e6+so(8)+su(3)+2(g2+su(2))"	20	54	0	1	0	0	1	0	1	0	2
11	62	"so(8)+2(g2+su(2))"	"e7+e7'+so(8)+2(g2+su(2))"	18	35	0	0	0	0	0	1	1	0	2
11	62	"so(8)+2(g2+su(2))"	"e7'+f4+so(8)+2(g2+su(2))"	15	116	0	0	0	1	0	1	0	0	2
11	62	"so(8)+2(g2+su(2))"	"e7+f4+so(8)+2(g2+su(2))"	16	88	0	0	0	1	0	0	1	0	2
11	62	"so(8)+2(g2+su(2))"	"e7'+f4+so(8)+su(3)+2(g2+su(2))"	21	108	0	1	0	1	0	1	0	0	2
11	62	"so(8)+2(g2+su(2))"	"e7+f4+so(8)+su(3)+2(g2+su(2))"	19	80	0	1	0	1	0	0	1	0	2
11	62	"so(8)+2(g2+su(2))"	"e7'+so(8)+2(g2+su(2))"	11	168	0	0	0	0	0	1	0	0	2
11	62	"so(8)+2(g2+su(2))"	"e7+so(8)+2(g2+su(2))"	11	140	0	0	0	0	0	0	1	0	2
11	62	"so(8)+2(g2+su(2))"	"e7'+so(8)+2(g2+su(2))+so(7)+2 su(2)"	21	157	2	1	0	0	0	1	0	0	2
11	62	"so(8)+2(g2+su(2))"	"e7+so(8)+2(g2+su(2))+so(7)+2 su(2)"	17	129	2	1	0	0	0	0	1	0	2
11	62	"so(8)+2(g2+su(2))"	"e7+so(8)+2(g2+su(2))+so(7)+2 su(2)"	21	129	2	1	0	0	0	0	1	0	4
11	62	"so(8)+2(g2+su(2))"	"e7+so(8)+2(g2+su(2))+so(7)+2 su(2)"	28	129	2	1	0	0	0	0	1	0	2
11	62	"so(8)+2(g2+su(2))"	"e7+so(8)+2(g2+su(2))+so(7)+2 su(2)"	39	129	2	1	0	0	0	0	1	0	2
11	62	"so(8)+2(g2+su(2))"	"e7+so(8)+2(g2+su(2))+so(7)+2 su(2)"	40	129	2	1	0	0	0	0	1	0	2
11	62	"so(8)+2(g2+su(2))"	"e7+so(8)+2(g2+su(2))+so(7)+2 su(2)"	52	129	2	1	0	0	0	0	1	0	2
11	62	"so(8)+2(g2+su(2))"	"e7+so(8)+2(g2+su(2))+so(7)+2 su(2)"	55	129	2	1	0	0	0	0	1	0	2
11	62	"so(8)+2(g2+su(2))"	"e7+so(8)+2(g2+su(2))+so(7)+2 su(2)"	68	129	2	1	0	0	0	0	1	0	2
11	62	"so(8)+2(g2+su(2))"	"e7'+so(8)+2 su(3)+2(g2+su(2))"	19	152	0	2	0	0	0	1	0	0	2
11	62	"so(8)+2(g2+su(2))"	"e7+so(8)+2 su(3)+2(g2+su(2))"	17	124	0	2	0	0	0	0	1	0	2
11	62	"so(8)+2(g2+su(2))"	"e7+so(8)+2 su(3)+2(g2+su(2))"	23	124	0	2	0	0	0	0	1	0	2
11	62	"so(8)+2(g2+su(2))"	"e7+so(8)+2 su(3)+2(g2+su(2))"	28	124	0	2	0	0	0	0	1	0	2
11	62	"so(8)+2(g2+su(2))"	"e7+so(8)+2 su(3)+2(g2+su(2))"	31	124	0	2	0	0	0	0	1	0	2
11	62	"so(8)+2(g2+su(2))"	"e7+so(8)+2 su(3)+2(g2+su(2))"	36	124	0	2	0	0	0	0	1	0	2
11	62	"so(8)+2(g2+su(2))"	"e7+so(8)+2 su(3)+2(g2+su(2))"	41	124	0	2	0	0	0	0	1	0	2
11	62	"so(8)+2(g2+su(2))"	"e7+so(8)+2 su(3)+2(g2+su(2))"	44	124	0	2	0	0	0	0	1	0	2
11	62	"so(8)+2(g2+su(2))"	"e7+so(8)+2 su(3)+2(g2+su(2))"	47	124	0	2	0	0	0	0	1	0	2
11	62	"so(8)+2(g2+su(2))"	"e7+so(8)+2 su(3)+2(g2+su(2))"	54	124	0	2	0	0	0	0	1	0	2
11	62	"so(8)+2(g2+su(2))"	"e7+so(8)+2 su(3)+3(g2+su(2))"	26	115	1	3	0	0	0	0	1	0	6
11	62	"so(8)+2(g2+su(2))"	"e7'+so(8)+3(g2+su(2))"	15	159	1	1	0	0	0	1	0	0	12
11	62	"so(8)+2(g2+su(2))"	"e7'+so(8)+3(g2+su(2))"	16	159	1	1	0	0	0	1	0	0	24
11	62	"so(8)+2(g2+su(2))"	"e7'+so(8)+3(g2+su(2))"	17	159	1	1	0	0	0	1	0	0	8
11	62	"so(8)+2(g2+su(2))"	"e7'+so(8)+3(g2+su(2))"	24	159	1	1	0	0	0	1	0	0	2
11	62	"so(8)+2(g2+su(2))"	"e7'+so(8)+3(g2+su(2))"	26	159	1	1	0	0	0	1	0	0	2
11	62	"so(8)+2(g2+su(2))"	"e7+so(8)+3(g2+su(2))"	16	131	1	1	0	0	0	0	1	0	20
11	62	"so(8)+2(g2+su(2))"	"e7+so(8)+3(g2+su(2))"	17	131	1	1	0	0	0	0	1	0	20
11	62	"so(8)+2(g2+su(2))"	"e7+so(8)+3(g2+su(2))"	18	131	1	1	0	0	0	0	1	0	4
11	62	"so(8)+2(g2+su(2))"	"e7+so(8)+3(g2+su(2))"	20	131	1	1	0	0	0	0	1	0	2
11	62	"so(8)+2(g2+su(2))"	"e7+so(8)+3(g2+su(2))"	21	131	1	1	0	0	0	0	1	0	2
11	62	"so(8)+2(g2+su(2))"	"e7+so(8)+3(g2+su(2))"	22	131	1	1	0	0	0	0	1	0	2
11	62	"so(8)+2(g2+su(2))"	"e7+so(8)+3(g2+su(2))"	23	131	1	1	0	0	0	0	1	0	2
11	62	"so(8)+2(g2+su(2))"	"e7+so(8)+3(g2+su(2))"	28	131	1	1	0	0	0	0	1	0	2
11	62	"so(8)+2(g2+su(2))"	"e7+so(8)+3(g2+su(2))"	29	131	1	1	0	0	0	0	1	0	2
11	62	"so(8)+2(g2+su(2))"	"e7+so(8)+3(g2+su(2))"	39	131	1	1	0	0	0	0	1	0	6
11	62	"so(8)+2(g2+su(2))"	"e7+so(8)+3(g2+su(2))"	44	131	1	1	0	0	0	0	1	0	2
11	62	"so(8)+2(g2+su(2))"	"e7+so(8)+3(g2+su(2))"	51	131	1	1	0	0	0	0	1	0	2
11	62	"so(8)+2(g2+su(2))"	"e7+so(8)+3(g2+su(2))"	53	131	1	1	0	0	0	0	1	0	2
11	62	"so(8)+2(g2+su(2))"	"e7+so(8)+3(g2+su(2))"	55	131	1	1	0	0	0	0	1	0	2
11	62	"so(8)+2(g2+su(2))"	"e7+so(8)+3(g2+su(2))"	62	131	1	1	0	0	0	0	1	0	2
11	62	"so(8)+2(g2+su(2))"	"e7+so(8)+3 su(3)+2(g2+su(2))"	20	116	0	3	0	0	0	0	1	0	2
11	62	"so(8)+2(g2+su(2))"	"e7+so(8)+3 su(3)+2(g2+su(2))"	26	116	0	3	0	0	0	0	1	0	2
11	62	"so(8)+2(g2+su(2))"	"e7+so(8)+3 su(3)+2(g2+su(2))"	34	116	0	3	0	0	0	0	1	0	2
11	62	"so(8)+2(g2+su(2))"	"e7+so(8)+4(g2+su(2))"	28	122	2	2	0	0	0	0	1	0	4
11	62	"so(8)+2(g2+su(2))"	"e7+so(8)+4 su(3)+2(g2+su(2))"	23	108	0	4	0	0	0	0	1	0	2
11	62	"so(8)+2(g2+su(2))"	"e7'+so(8)+su(3)+2(g2+su(2))"	13	160	0	1	0	0	0	1	0	0	2
11	62	"so(8)+2(g2+su(2))"	"e7+so(8)+su(3)+2(g2+su(2))"	14	132	0	1	0	0	0	0	1	0	2
11	62	"so(8)+2(g2+su(2))"	"e7+so(8)+su(3)+2(g2+su(2))"	20	132	0	1	0	0	0	0	1	0	2
11	62	"so(8)+2(g2+su(2))"	"e7+so(8)+su(3)+2(g2+su(2))"	28	132	0	1	0	0	0	0	1	0	2
11	62	"so(8)+2(g2+su(2))"	"e7+so(8)+su(3)+2(g2+su(2))"	38	132	0	1	0	0	0	0	1	0	2
11	62	"so(8)+2(g2+su(2))"	"e7+so(8)+su(3)+2(g2+su(2))"	51	132	0	1	0	0	0	0	1	0	2
11	62	"so(8)+2(g2+su(2))"	"e7+so(8)+su(3)+2(g2+su(2))+so(7)+2 su(2)"	31	121	2	2	0	0	0	0	1	0	4
11	62	"so(8)+2(g2+su(2))"	"e7+so(8)+su(3)+2(g2+su(2))+so(7)+2 su(2)"	42	121	2	2	0	0	0	0	1	0	4
11	62	"so(8)+2(g2+su(2))"	"e7'+so(8)+su(3)+3(g2+su(2))"	19	151	1	2	0	0	0	1	0	0	4
11	62	"so(8)+2(g2+su(2))"	"e7'+so(8)+su(3)+3(g2+su(2))"	20	151	1	2	0	0	0	1	0	0	20
11	62	"so(8)+2(g2+su(2))"	"e7'+so(8)+su(3)+3(g2+su(2))"	22	151	1	2	0	0	0	1	0	0	4
11	62	"so(8)+2(g2+su(2))"	"e7+so(8)+su(3)+3(g2+su(2))"	18	123	1	2	0	0	0	0	1	0	40
11	62	"so(8)+2(g2+su(2))"	"e7+so(8)+su(3)+3(g2+su(2))"	19	123	1	2	0	0	0	0	1	0	8
11	62	"so(8)+2(g2+su(2))"	"e7+so(8)+su(3)+3(g2+su(2))"	23	123	1	2	0	0	0	0	1	0	4
11	62	"so(8)+2(g2+su(2))"	"e7+so(8)+su(3)+3(g2+su(2))"	28	123	1	2	0	0	0	0	1	0	2
11	62	"so(8)+2(g2+su(2))"	"e7+so(8)+su(3)+3(g2+su(2))"	31	123	1	2	0	0	0	0	1	0	2
11	62	"so(8)+2(g2+su(2))"	"e7+so(8)+su(3)+3(g2+su(2))"	32	123	1	2	0	0	0	0	1	0	4
11	62	"so(8)+2(g2+su(2))"	"e7+so(8)+su(3)+3(g2+su(2))"	36	123	1	2	0	0	0	0	1	0	2
11	62	"so(8)+2(g2+su(2))"	"e7+so(8)+su(3)+3(g2+su(2))"	38	123	1	2	0	0	0	0	1	0	2
11	62	"so(8)+2(g2+su(2))"	"e7+so(8)+su(3)+3(g2+su(2))"	47	123	1	2	0	0	0	0	1	0	4
11	62	"so(8)+2(g2+su(2))"	"e7+so(8)+su(3)+3(g2+su(2))"	52	123	1	2	0	0	0	0	1	0	2
11	62	"so(8)+2(g2+su(2))"	"e7+so(8)+su(3)+3(g2+su(2))"	65	123	1	2	0	0	0	0	1	0	4
11	62	"so(8)+2(g2+su(2))"	"e7+so(8)+su(3)+3(g2+su(2))"	70	123	1	2	0	0	0	0	1	0	2
11	62	"so(8)+2(g2+su(2))"	"e8+2 so(8)+2(g2+su(2))"	19	-3	0	0	1	0	0	0	0	1	2
11	62	"so(8)+2(g2+su(2))"	"e8+2 so(8)+2(g2+su(2))"	21	-3	0	0	1	0	0	0	0	1	2
11	62	"so(8)+2(g2+su(2))"	"e8+2 so(8)+2 su(3)+2(g2+su(2))"	22	-19	0	2	1	0	0	0	0	1	2
11	62	"so(8)+2(g2+su(2))"	"e8+2 so(8)+3(g2+su(2))"	22	-12	1	1	1	0	0	0	0	1	2
11	62	"so(8)+2(g2+su(2))"	"e8+2 so(8)+su(3)+2(g2+su(2))"	21	-11	0	1	1	0	0	0	0	1	2
11	62	"so(8)+2(g2+su(2))"	"e8+2 so(8)+su(3)+2(g2+su(2))"	22	-11	0	1	1	0	0	0	0	1	4
11	62	"so(8)+2(g2+su(2))"	"e8+3 so(8)+2(g2+su(2))"	22	-31	0	0	2	0	0	0	0	1	2
11	62	"so(8)+2(g2+su(2))"	"e8+e6+so(8)+2(g2+su(2))"	21	-53	0	0	0	0	1	0	0	1	2
11	62	"so(8)+2(g2+su(2))"	"e8+e6+so(8)+su(3)+2(g2+su(2))"	23	-61	0	1	0	0	1	0	0	1	2
11	62	"so(8)+2(g2+su(2))"	"e8+e7'+so(8)+2(g2+su(2))"	22	-80	0	0	0	0	0	1	0	1	2
11	62	"so(8)+2(g2+su(2))"	"e8+e7+so(8)+2(g2+su(2))"	23	-108	0	0	0	0	0	0	1	1	2
11	62	"so(8)+2(g2+su(2))"	"e8+f4+so(8)+2(g2+su(2))"	20	-27	0	0	0	1	0	0	0	1	2
11	62	"so(8)+2(g2+su(2))"	"e8+f4+so(8)+su(3)+2(g2+su(2))"	22	-35	0	1	0	1	0	0	0	1	2
11	62	"so(8)+2(g2+su(2))"	"e8+so(8)+2(g2+su(2))"	11	25	0	0	0	0	0	0	0	1	2
11	62	"so(8)+2(g2+su(2))"	"e8+so(8)+2(g2+su(2))+so(7)+2 su(2)"	20	14	2	1	0	0	0	0	0	1	10
11	62	"so(8)+2(g2+su(2))"	"e8+so(8)+2(g2+su(2))+so(7)+2 su(2)"	21	14	2	1	0	0	0	0	0	1	34
11	62	"so(8)+2(g2+su(2))"	"e8+so(8)+2 su(3)+2(g2+su(2))"	20	9	0	2	0	0	0	0	0	1	2
11	62	"so(8)+2(g2+su(2))"	"e8+so(8)+2 su(3)+2(g2+su(2))"	21	9	0	2	0	0	0	0	0	1	16
11	62	"so(8)+2(g2+su(2))"	"e8+so(8)+2 su(3)+3(g2+su(2))"	22	0	1	3	0	0	0	0	0	1	6
11	62	"so(8)+2(g2+su(2))"	"e8+so(8)+3(g2+su(2))"	20	16	1	1	0	0	0	0	0	1	26
11	62	"so(8)+2(g2+su(2))"	"e8+so(8)+3(g2+su(2))"	21	16	1	1	0	0	0	0	0	1	36
11	62	"so(8)+2(g2+su(2))"	"e8+so(8)+3(g2+su(2))"	22	16	1	1	0	0	0	0	0	1	2
11	62	"so(8)+2(g2+su(2))"	"e8+so(8)+3 su(3)+2(g2+su(2))"	21	1	0	3	0	0	0	0	0	1	6
11	62	"so(8)+2(g2+su(2))"	"e8+so(8)+4(g2+su(2))"	21	7	2	2	0	0	0	0	0	1	4
11	62	"so(8)+2(g2+su(2))"	"e8+so(8)+4 su(3)+2(g2+su(2))"	22	-7	0	4	0	0	0	0	0	1	2
11	62	"so(8)+2(g2+su(2))"	"e8+so(8)+su(3)+2(g2+su(2))"	18	17	0	1	0	0	0	0	0	1	2
11	62	"so(8)+2(g2+su(2))"	"e8+so(8)+su(3)+2(g2+su(2))"	20	17	0	1	0	0	0	0	0	1	2
11	62	"so(8)+2(g2+su(2))"	"e8+so(8)+su(3)+2(g2+su(2))"	21	17	0	1	0	0	0	0	0	1	6
11	62	"so(8)+2(g2+su(2))"	"e8+so(8)+su(3)+2(g2+su(2))+so(7)+2 su(2)"	21	6	2	2	0	0	0	0	0	1	8
11	62	"so(8)+2(g2+su(2))"	"e8+so(8)+su(3)+3(g2+su(2))"	20	8	1	2	0	0	0	0	0	1	12
11	62	"so(8)+2(g2+su(2))"	"e8+so(8)+su(3)+3(g2+su(2))"	21	8	1	2	0	0	0	0	0	1	52
11	62	"so(8)+2(g2+su(2))"	"f4+2 so(8)+2(g2+su(2))"	12	193	0	0	1	1	0	0	0	0	2
11	62	"so(8)+2(g2+su(2))"	"f4+2 so(8)+su(3)+2(g2+su(2))"	15	185	0	1	1	1	0	0	0	0	2
11	62	"so(8)+2(g2+su(2))"	"f4+so(8)+2(g2+su(2))"	11	221	0	0	0	1	0	0	0	0	2
11	62	"so(8)+2(g2+su(2))"	"f4+so(8)+su(3)+2(g2+su(2))"	11	213	0	1	0	1	0	0	0	0	2
11	62	"so(8)+2(g2+su(2))"	"so(8)+su(3)+2(g2+su(2))"	11	265	0	1	0	0	0	0	0	0	2
11	63	"f4+so(8)+su(3)+g2+su(2)"	"2 f4+2 so(8)+2(g2+su(2))"	16	141	1	0	1	1	0	0	0	0	5
11	63	"f4+so(8)+su(3)+g2+su(2)"	"2 f4+2 so(8)+2(g2+su(2))"	17	141	1	0	1	1	0	0	0	0	2
11	63	"f4+so(8)+su(3)+g2+su(2)"	"2 f4+so(8)+2(g2+su(2))"	15	169	1	0	0	1	0	0	0	0	15
11	63	"f4+so(8)+su(3)+g2+su(2)"	"2 f4+so(8)+2(g2+su(2))"	16	169	1	0	0	1	0	0	0	0	7
11	63	"f4+so(8)+su(3)+g2+su(2)"	"2 f4+so(8)+2(g2+su(2))"	17	169	1	0	0	1	0	0	0	0	3
11	63	"f4+so(8)+su(3)+g2+su(2)"	"2 f4+so(8)+2(g2+su(2))"	18	169	1	0	0	1	0	0	0	0	4
11	63	"f4+so(8)+su(3)+g2+su(2)"	"2 f4+so(8)+2 su(3)+g2+su(2)"	15	162	0	1	0	1	0	0	0	0	3
11	63	"f4+so(8)+su(3)+g2+su(2)"	"2 f4+so(8)+2 su(3)+g2+su(2)"	16	162	0	1	0	1	0	0	0	0	4
11	63	"f4+so(8)+su(3)+g2+su(2)"	"2 f4+so(8)+3(g2+su(2))"	16	160	2	1	0	1	0	0	0	0	2
11	63	"f4+so(8)+su(3)+g2+su(2)"	"2 f4+so(8)+3 su(3)+g2+su(2)"	16	154	0	2	0	1	0	0	0	0	3
11	63	"f4+so(8)+su(3)+g2+su(2)"	"2 f4+so(8)+su(3)+2(g2+su(2))"	15	161	1	1	0	1	0	0	0	0	17
11	63	"f4+so(8)+su(3)+g2+su(2)"	"2 f4+so(8)+su(3)+2(g2+su(2))"	16	161	1	1	0	1	0	0	0	0	17
11	63	"f4+so(8)+su(3)+g2+su(2)"	"2 f4+so(8)+su(3)+2(g2+su(2))"	18	161	1	1	0	1	0	0	0	0	6
11	63	"f4+so(8)+su(3)+g2+su(2)"	"2 f4+so(8)+su(3)+2(g2+su(2))"	19	161	1	1	0	1	0	0	0	0	3
11	63	"f4+so(8)+su(3)+g2+su(2)"	"2 f4+so(8)+su(3)+2(g2+su(2))"	20	161	1	1	0	1	0	0	0	0	4
11	63	"f4+so(8)+su(3)+g2+su(2)"	"2 f4+so(8)+su(3)+2(g2+su(2))"	21	161	1	1	0	1	0	0	0	0	2
11	63	"f4+so(8)+su(3)+g2+su(2)"	"e6+f4+2 so(8)+2(g2+su(2))"	17	115	1	0	1	0	1	0	0	0	7
11	63	"f4+so(8)+su(3)+g2+su(2)"	"e6+f4+so(8)+2(g2+su(2))"	16	143	1	0	0	0	1	0	0	0	20
11	63	"f4+so(8)+su(3)+g2+su(2)"	"e6+f4+so(8)+2(g2+su(2))"	17	143	1	0	0	0	1	0	0	0	9
11	63	"f4+so(8)+su(3)+g2+su(2)"	"e6+f4+so(8)+2(g2+su(2))"	18	143	1	0	0	0	1	0	0	0	5
11	63	"f4+so(8)+su(3)+g2+su(2)"	"e6+f4+so(8)+2 su(3)+2(g2+su(2))"	17	127	1	2	0	0	1	0	0	0	2
11	63	"f4+so(8)+su(3)+g2+su(2)"	"e6+f4+so(8)+2 su(3)+g2+su(2)"	16	136	0	1	0	0	1	0	0	0	4
11	63	"f4+so(8)+su(3)+g2+su(2)"	"e6+f4+so(8)+2 su(3)+g2+su(2)"	17	136	0	1	0	0	1	0	0	0	7
11	63	"f4+so(8)+su(3)+g2+su(2)"	"e6+f4+so(8)+2 su(3)+g2+su(2)"	20	136	0	1	0	0	1	0	0	0	2
11	63	"f4+so(8)+su(3)+g2+su(2)"	"e6+f4+so(8)+3(g2+su(2))"	16	134	2	1	0	0	1	0	0	0	3
11	63	"f4+so(8)+su(3)+g2+su(2)"	"e6+f4+so(8)+3(g2+su(2))"	17	134	2	1	0	0	1	0	0	0	3
11	63	"f4+so(8)+su(3)+g2+su(2)"	"e6+f4+so(8)+3 su(3)+g2+su(2)"	17	128	0	2	0	0	1	0	0	0	5
11	63	"f4+so(8)+su(3)+g2+su(2)"	"e6+f4+so(8)+su(3)+2(g2+su(2))"	16	135	1	1	0	0	1	0	0	0	25
11	63	"f4+so(8)+su(3)+g2+su(2)"	"e6+f4+so(8)+su(3)+2(g2+su(2))"	17	135	1	1	0	0	1	0	0	0	24
11	63	"f4+so(8)+su(3)+g2+su(2)"	"e6+f4+so(8)+su(3)+2(g2+su(2))"	19	135	1	1	0	0	1	0	0	0	4
11	63	"f4+so(8)+su(3)+g2+su(2)"	"e6+f4+so(8)+su(3)+2(g2+su(2))"	20	135	1	1	0	0	1	0	0	0	2
11	63	"f4+so(8)+su(3)+g2+su(2)"	"e6+f4+so(8)+su(3)+2(g2+su(2))"	30	135	1	1	0	0	1	0	0	0	2
11	63	"f4+so(8)+su(3)+g2+su(2)"	"e7'+f4+2 so(8)+2(g2+su(2))"	18	88	1	0	1	0	0	1	0	0	4
11	63	"f4+so(8)+su(3)+g2+su(2)"	"e7+f4+2 so(8)+2(g2+su(2))"	19	60	1	0	1	0	0	0	1	0	4
11	63	"f4+so(8)+su(3)+g2+su(2)"	"e7'+f4+so(8)+2(g2+su(2))"	17	116	1	0	0	0	0	1	0	0	18
11	63	"f4+so(8)+su(3)+g2+su(2)"	"e7'+f4+so(8)+2(g2+su(2))"	18	116	1	0	0	0	0	1	0	0	2
11	63	"f4+so(8)+su(3)+g2+su(2)"	"e7+f4+so(8)+2(g2+su(2))"	18	88	1	0	0	0	0	0	1	0	19
11	63	"f4+so(8)+su(3)+g2+su(2)"	"e7'+f4+so(8)+2 su(3)+2(g2+su(2))"	18	100	1	2	0	0	0	1	0	0	2
11	63	"f4+so(8)+su(3)+g2+su(2)"	"e7+f4+so(8)+2 su(3)+2(g2+su(2))"	19	72	1	2	0	0	0	0	1	0	2
11	63	"f4+so(8)+su(3)+g2+su(2)"	"e7'+f4+so(8)+2 su(3)+g2+su(2)"	17	109	0	1	0	0	0	1	0	0	4
11	63	"f4+so(8)+su(3)+g2+su(2)"	"e7+f4+so(8)+2 su(3)+g2+su(2)"	18	81	0	1	0	0	0	0	1	0	4
11	63	"f4+so(8)+su(3)+g2+su(2)"	"e7'+f4+so(8)+3(g2+su(2))"	17	107	2	1	0	0	0	1	0	0	5
11	63	"f4+so(8)+su(3)+g2+su(2)"	"e7+f4+so(8)+3(g2+su(2))"	18	79	2	1	0	0	0	0	1	0	5
11	63	"f4+so(8)+su(3)+g2+su(2)"	"e7'+f4+so(8)+3 su(3)+g2+su(2)"	18	101	0	2	0	0	0	1	0	0	3
11	63	"f4+so(8)+su(3)+g2+su(2)"	"e7+f4+so(8)+3 su(3)+g2+su(2)"	18	73	0	2	0	0	0	0	1	0	2
11	63	"f4+so(8)+su(3)+g2+su(2)"	"e7'+f4+so(8)+su(3)+2(g2+su(2))"	17	108	1	1	0	0	0	1	0	0	29
11	63	"f4+so(8)+su(3)+g2+su(2)"	"e7'+f4+so(8)+su(3)+2(g2+su(2))"	18	108	1	1	0	0	0	1	0	0	7
11	63	"f4+so(8)+su(3)+g2+su(2)"	"e7+f4+so(8)+su(3)+2(g2+su(2))"	18	80	1	1	0	0	0	0	1	0	32
11	63	"f4+so(8)+su(3)+g2+su(2)"	"e7+f4+so(8)+su(3)+2(g2+su(2))"	19	80	1	1	0	0	0	0	1	0	4
11	63	"f4+so(8)+su(3)+g2+su(2)"	"e8+f4+2 so(8)+2(g2+su(2))"	22	-55	1	0	1	0	0	0	0	1	2
11	63	"f4+so(8)+su(3)+g2+su(2)"	"e8+f4+so(8)+2(g2+su(2))"	21	-27	1	0	0	0	0	0	0	1	5
11	63	"f4+so(8)+su(3)+g2+su(2)"	"e8+f4+so(8)+2(g2+su(2))"	22	-27	1	0	0	0	0	0	0	1	6
11	63	"f4+so(8)+su(3)+g2+su(2)"	"e8+f4+so(8)+2 su(3)+2(g2+su(2))"	22	-43	1	2	0	0	0	0	0	1	2
11	63	"f4+so(8)+su(3)+g2+su(2)"	"e8+f4+so(8)+2 su(3)+g2+su(2)"	22	-34	0	1	0	0	0	0	0	1	6
11	63	"f4+so(8)+su(3)+g2+su(2)"	"e8+f4+so(8)+3(g2+su(2))"	22	-36	2	1	0	0	0	0	0	1	3
11	63	"f4+so(8)+su(3)+g2+su(2)"	"e8+f4+so(8)+3 su(3)+g2+su(2)"	22	-42	0	2	0	0	0	0	0	1	3
11	63	"f4+so(8)+su(3)+g2+su(2)"	"e8+f4+so(8)+su(3)+2(g2+su(2))"	22	-35	1	1	0	0	0	0	0	1	19
11	63	"f4+so(8)+su(3)+g2+su(2)"	"f4+2 so(8)+2(g2+su(2))"	14	193	1	0	1	0	0	0	0	0	15
11	63	"f4+so(8)+su(3)+g2+su(2)"	"f4+2 so(8)+2 su(3)+2(g2+su(2))"	15	177	1	2	1	0	0	0	0	0	2
11	63	"f4+so(8)+su(3)+g2+su(2)"	"f4+2 so(8)+2 su(3)+g2+su(2)"	12	186	0	1	1	0	0	0	0	0	2
11	63	"f4+so(8)+su(3)+g2+su(2)"	"f4+2 so(8)+2 su(3)+g2+su(2)"	14	186	0	1	1	0	0	0	0	0	7
11	63	"f4+so(8)+su(3)+g2+su(2)"	"f4+2 so(8)+3(g2+su(2))"	15	184	2	1	1	0	0	0	0	0	6
11	63	"f4+so(8)+su(3)+g2+su(2)"	"f4+2 so(8)+3 su(3)+g2+su(2)"	15	178	0	2	1	0	0	0	0	0	8
11	63	"f4+so(8)+su(3)+g2+su(2)"	"f4+2 so(8)+3 su(3)+g2+su(2)"	16	178	0	2	1	0	0	0	0	0	2
11	63	"f4+so(8)+su(3)+g2+su(2)"	"f4+2 so(8)+su(3)+2(g2+su(2))"	14	185	1	1	1	0	0	0	0	0	3
11	63	"f4+so(8)+su(3)+g2+su(2)"	"f4+2 so(8)+su(3)+2(g2+su(2))"	15	185	1	1	1	0	0	0	0	0	39
11	63	"f4+so(8)+su(3)+g2+su(2)"	"f4+2 so(8)+su(3)+g2+su(2)"	11	194	0	0	1	0	0	0	0	0	2
11	63	"f4+so(8)+su(3)+g2+su(2)"	"f4+2 so(8)+su(3)+g2+su(2)+so(7)+2 su(2)"	15	183	2	1	1	0	0	0	0	0	4
11	63	"f4+so(8)+su(3)+g2+su(2)"	"f4+3 so(8)+2(g2+su(2))"	15	165	1	0	2	0	0	0	0	0	4
11	63	"f4+so(8)+su(3)+g2+su(2)"	"f4+3 so(8)+2(g2+su(2))"	16	165	1	0	2	0	0	0	0	0	2
11	63	"f4+so(8)+su(3)+g2+su(2)"	"f4+3 so(8)+2 su(3)+g2+su(2)"	16	158	0	1	2	0	0	0	0	0	2
11	63	"f4+so(8)+su(3)+g2+su(2)"	"f4+so(8)+2(g2+su(2))"	16	221	1	0	0	0	0	0	0	0	5
11	63	"f4+so(8)+su(3)+g2+su(2)"	"f4+so(8)+2(g2+su(2))"	17	221	1	0	0	0	0	0	0	0	4
11	63	"f4+so(8)+su(3)+g2+su(2)"	"f4+so(8)+2 su(3)+g2+su(2)"	11	214	0	1	0	0	0	0	0	0	2
11	63	"f4+so(8)+su(3)+g2+su(2)"	"f4+so(8)+su(3)+2(g2+su(2))"	12	213	1	1	0	0	0	0	0	0	2
11	63	"f4+so(8)+su(3)+g2+su(2)"	"f4+so(8)+su(3)+2(g2+su(2))"	13	213	1	1	0	0	0	0	0	0	12
11	64	"f4+so(8)+2(g2+su(2))"	"f4+2 so(8)+su(3)+2(g2+su(2))"	15	185	0	1	1	0	0	0	0	0	2
11	65	"e6+2(so(7)+2 su(2))"	"2 e6+2(so(7)+2 su(2))"	11	141	0	0	0	0	1	0	0	0	2
11	65	"e6+2(so(7)+2 su(2))"	"2 e6+2 su(3)+2(so(7)+2 su(2))"	17	125	0	2	0	0	1	0	0	0	2
11	65	"e6+2(so(7)+2 su(2))"	"2 e6+2 su(3)+2(so(7)+2 su(2))"	23	125	0	2	0	0	1	0	0	0	2
11	65	"e6+2(so(7)+2 su(2))"	"2 e6+2 su(3)+2(so(7)+2 su(2))"	28	125	0	2	0	0	1	0	0	0	2
11	65	"e6+2(so(7)+2 su(2))"	"2 e6+2 su(3)+2(so(7)+2 su(2))"	31	125	0	2	0	0	1	0	0	0	2
11	65	"e6+2(so(7)+2 su(2))"	"2 e6+2 su(3)+2(so(7)+2 su(2))"	41	125	0	2	0	0	1	0	0	0	2
11	65	"e6+2(so(7)+2 su(2))"	"2 e6+2 su(3)+2(so(7)+2 su(2))"	54	125	0	2	0	0	1	0	0	0	2
11	65	"e6+2(so(7)+2 su(2))"	"2 e6+3(so(7)+2 su(2))"	21	130	2	1	0	0	1	0	0	0	2
11	65	"e6+2(so(7)+2 su(2))"	"2 e6+3(so(7)+2 su(2))"	23	130	2	1	0	0	1	0	0	0	2
11	65	"e6+2(so(7)+2 su(2))"	"2 e6+3(so(7)+2 su(2))"	28	130	2	1	0	0	1	0	0	0	2
11	65	"e6+2(so(7)+2 su(2))"	"2 e6+3(so(7)+2 su(2))"	39	130	2	1	0	0	1	0	0	0	2
11	65	"e6+2(so(7)+2 su(2))"	"2 e6+3(so(7)+2 su(2))"	52	130	2	1	0	0	1	0	0	0	2
11	65	"e6+2(so(7)+2 su(2))"	"2 e6+3(so(7)+2 su(2))"	55	130	2	1	0	0	1	0	0	0	2
11	65	"e6+2(so(7)+2 su(2))"	"2 e6+3(so(7)+2 su(2))"	68	130	2	1	0	0	1	0	0	0	2
11	65	"e6+2(so(7)+2 su(2))"	"2 e6+3(so(7)+2 su(2))"	74	130	2	1	0	0	1	0	0	0	2
11	65	"e6+2(so(7)+2 su(2))"	"2 e6+3 su(3)+2(so(7)+2 su(2))"	20	117	0	3	0	0	1	0	0	0	2
11	65	"e6+2(so(7)+2 su(2))"	"2 e6+f4+2(so(7)+2 su(2))"	16	89	0	0	0	1	1	0	0	0	2
11	65	"e6+2(so(7)+2 su(2))"	"2 e6+g2+su(2)+2(so(7)+2 su(2))"	16	132	1	1	0	0	1	0	0	0	26
11	65	"e6+2(so(7)+2 su(2))"	"2 e6+g2+su(2)+2(so(7)+2 su(2))"	17	132	1	1	0	0	1	0	0	0	22
11	65	"e6+2(so(7)+2 su(2))"	"2 e6+g2+su(2)+2(so(7)+2 su(2))"	19	132	1	1	0	0	1	0	0	0	6
11	65	"e6+2(so(7)+2 su(2))"	"2 e6+g2+su(2)+2(so(7)+2 su(2))"	20	132	1	1	0	0	1	0	0	0	4
11	65	"e6+2(so(7)+2 su(2))"	"2 e6+g2+su(2)+2(so(7)+2 su(2))"	21	132	1	1	0	0	1	0	0	0	4
11	65	"e6+2(so(7)+2 su(2))"	"2 e6+g2+su(2)+2(so(7)+2 su(2))"	25	132	1	1	0	0	1	0	0	0	2
11	65	"e6+2(so(7)+2 su(2))"	"2 e6+g2+su(2)+2(so(7)+2 su(2))"	28	132	1	1	0	0	1	0	0	0	2
11	65	"e6+2(so(7)+2 su(2))"	"2 e6+g2+su(2)+2(so(7)+2 su(2))"	29	132	1	1	0	0	1	0	0	0	2
11	65	"e6+2(so(7)+2 su(2))"	"2 e6+g2+su(2)+2(so(7)+2 su(2))"	39	132	1	1	0	0	1	0	0	0	4
11	65	"e6+2(so(7)+2 su(2))"	"2 e6+g2+su(2)+2(so(7)+2 su(2))"	44	132	1	1	0	0	1	0	0	0	2
11	65	"e6+2(so(7)+2 su(2))"	"2 e6+g2+su(2)+2(so(7)+2 su(2))"	55	132	1	1	0	0	1	0	0	0	2
11	65	"e6+2(so(7)+2 su(2))"	"2 e6+g2+su(2)+2(so(7)+2 su(2))"	62	132	1	1	0	0	1	0	0	0	2
11	65	"e6+2(so(7)+2 su(2))"	"2 e6+so(8)+2(so(7)+2 su(2))"	15	113	0	0	1	0	1	0	0	0	2
11	65	"e6+2(so(7)+2 su(2))"	"2 e6+so(8)+2(so(7)+2 su(2))"	20	113	0	0	1	0	1	0	0	0	2
11	65	"e6+2(so(7)+2 su(2))"	"2 e6+so(8)+su(3)+2(so(7)+2 su(2))"	18	105	0	1	1	0	1	0	0	0	2
11	65	"e6+2(so(7)+2 su(2))"	"2 e6+su(3)+2(so(7)+2 su(2))"	14	133	0	1	0	0	1	0	0	0	2
11	65	"e6+2(so(7)+2 su(2))"	"2 e6+su(3)+2(so(7)+2 su(2))"	20	133	0	1	0	0	1	0	0	0	2
11	65	"e6+2(so(7)+2 su(2))"	"2 e6+su(3)+2(so(7)+2 su(2))"	28	133	0	1	0	0	1	0	0	0	2
11	65	"e6+2(so(7)+2 su(2))"	"2 e6+su(3)+2(so(7)+2 su(2))"	38	133	0	1	0	0	1	0	0	0	2
11	65	"e6+2(so(7)+2 su(2))"	"2 e6+su(3)+2(so(7)+2 su(2))"	51	133	0	1	0	0	1	0	0	0	2
11	65	"e6+2(so(7)+2 su(2))"	"2 e6+su(3)+g2+su(2)+2(so(7)+2 su(2))"	18	124	1	2	0	0	1	0	0	0	52
11	65	"e6+2(so(7)+2 su(2))"	"2 e6+su(3)+g2+su(2)+2(so(7)+2 su(2))"	21	124	1	2	0	0	1	0	0	0	4
11	65	"e6+2(so(7)+2 su(2))"	"2 e6+su(3)+g2+su(2)+2(so(7)+2 su(2))"	23	124	1	2	0	0	1	0	0	0	4
11	65	"e6+2(so(7)+2 su(2))"	"2 e6+su(3)+g2+su(2)+2(so(7)+2 su(2))"	28	124	1	2	0	0	1	0	0	0	2
11	65	"e6+2(so(7)+2 su(2))"	"2 e6+su(3)+g2+su(2)+2(so(7)+2 su(2))"	32	124	1	2	0	0	1	0	0	0	4
11	65	"e6+2(so(7)+2 su(2))"	"2 e6+su(3)+g2+su(2)+2(so(7)+2 su(2))"	47	124	1	2	0	0	1	0	0	0	4
11	65	"e6+2(so(7)+2 su(2))"	"2 e6+su(3)+g2+su(2)+2(so(7)+2 su(2))"	65	124	1	2	0	0	1	0	0	0	4
11	65	"e6+2(so(7)+2 su(2))"	"e6+2 su(3)+g2+su(2)+2(so(7)+2 su(2))"	14	194	1	3	0	0	0	0	0	0	4
11	65	"e6+2(so(7)+2 su(2))"	"e6+f4+2(so(7)+2 su(2))"	11	167	0	0	0	1	0	0	0	0	2
11	65	"e6+2(so(7)+2 su(2))"	"e6+f4+2 su(3)+2(so(7)+2 su(2))"	19	151	0	2	0	1	0	0	0	0	2
11	65	"e6+2(so(7)+2 su(2))"	"e6+f4+g2+su(2)+2(so(7)+2 su(2))"	15	158	1	1	0	1	0	0	0	0	8
11	65	"e6+2(so(7)+2 su(2))"	"e6+f4+g2+su(2)+2(so(7)+2 su(2))"	16	158	1	1	0	1	0	0	0	0	44
11	65	"e6+2(so(7)+2 su(2))"	"e6+f4+g2+su(2)+2(so(7)+2 su(2))"	17	158	1	1	0	1	0	0	0	0	8
11	65	"e6+2(so(7)+2 su(2))"	"e6+f4+g2+su(2)+2(so(7)+2 su(2))"	18	158	1	1	0	1	0	0	0	0	8
11	65	"e6+2(so(7)+2 su(2))"	"e6+f4+g2+su(2)+2(so(7)+2 su(2))"	19	158	1	1	0	1	0	0	0	0	6
11	65	"e6+2(so(7)+2 su(2))"	"e6+f4+g2+su(2)+2(so(7)+2 su(2))"	21	158	1	1	0	1	0	0	0	0	2
11	65	"e6+2(so(7)+2 su(2))"	"e6+f4+so(8)+2(so(7)+2 su(2))"	14	139	0	0	1	1	0	0	0	0	2
11	65	"e6+2(so(7)+2 su(2))"	"e6+f4+so(8)+su(3)+2(so(7)+2 su(2))"	20	131	0	1	1	1	0	0	0	0	2
11	65	"e6+2(so(7)+2 su(2))"	"e6+f4+su(3)+2(so(7)+2 su(2))"	13	159	0	1	0	1	0	0	0	0	2
11	65	"e6+2(so(7)+2 su(2))"	"e6+f4+su(3)+g2+su(2)+2(so(7)+2 su(2))"	19	150	1	2	0	1	0	0	0	0	4
11	65	"e6+2(so(7)+2 su(2))"	"e6+f4+su(3)+g2+su(2)+2(so(7)+2 su(2))"	20	150	1	2	0	1	0	0	0	0	16
11	65	"e6+2(so(7)+2 su(2))"	"e6+f4+su(3)+g2+su(2)+2(so(7)+2 su(2))"	21	150	1	2	0	1	0	0	0	0	4
11	65	"e6+2(so(7)+2 su(2))"	"e6+f4+su(3)+g2+su(2)+2(so(7)+2 su(2))"	22	150	1	2	0	1	0	0	0	0	12
11	65	"e6+2(so(7)+2 su(2))"	"e6+f4+su(3)+g2+su(2)+2(so(7)+2 su(2))"	23	150	1	2	0	1	0	0	0	0	4
11	65	"e6+2(so(7)+2 su(2))"	"e6+f4+su(3)+g2+su(2)+2(so(7)+2 su(2))"	31	150	1	2	0	1	0	0	0	0	4
11	65	"e6+2(so(7)+2 su(2))"	"e6+g2+su(2)+2(so(7)+2 su(2))"	12	210	1	1	0	0	0	0	0	0	2
11	65	"e6+2(so(7)+2 su(2))"	"e6+so(8)+2(so(7)+2 su(2))"	11	191	0	0	1	0	0	0	0	0	2
11	65	"e6+2(so(7)+2 su(2))"	"e6+so(8)+2 su(3)+2(so(7)+2 su(2))"	15	175	0	2	1	0	0	0	0	0	3
11	65	"e6+2(so(7)+2 su(2))"	"e6+so(8)+2 su(3)+2(so(7)+2 su(2))"	16	175	0	2	1	0	0	0	0	0	2
11	65	"e6+2(so(7)+2 su(2))"	"e6+so(8)+3(so(7)+2 su(2))"	15	180	2	1	1	0	0	0	0	0	12
11	65	"e6+2(so(7)+2 su(2))"	"e6+so(8)+g2+su(2)+2(so(7)+2 su(2))"	15	182	1	1	1	0	0	0	0	0	34
11	65	"e6+2(so(7)+2 su(2))"	"e6+so(8)+su(3)+2(so(7)+2 su(2))"	12	183	0	1	1	0	0	0	0	0	2
11	65	"e6+2(so(7)+2 su(2))"	"e6+so(8)+su(3)+2(so(7)+2 su(2))"	15	183	0	1	1	0	0	0	0	0	11
11	65	"e6+2(so(7)+2 su(2))"	"e6+so(8)+su(3)+g2+su(2)+2(so(7)+2 su(2))"	15	174	1	2	1	0	0	0	0	0	4
11	65	"e6+2(so(7)+2 su(2))"	"e6+so(8)+su(3)+g2+su(2)+2(so(7)+2 su(2))"	16	174	1	2	1	0	0	0	0	0	6
11	65	"e6+2(so(7)+2 su(2))"	"e6+su(3)+2(so(7)+2 su(2))"	11	211	0	1	0	0	0	0	0	0	2
11	65	"e6+2(so(7)+2 su(2))"	"e7'+2 e6+2(so(7)+2 su(2))"	18	36	0	0	0	0	1	1	0	0	2
11	65	"e6+2(so(7)+2 su(2))"	"e7+2 e6+2(so(7)+2 su(2))"	19	8	0	0	0	0	1	0	1	0	2
11	65	"e6+2(so(7)+2 su(2))"	"e7'+e6+2(so(7)+2 su(2))"	11	114	0	0	0	0	0	1	0	0	2
11	65	"e6+2(so(7)+2 su(2))"	"e7+e6+2(so(7)+2 su(2))"	11	86	0	0	0	0	0	0	1	0	2
11	65	"e6+2(so(7)+2 su(2))"	"e7'+e6+2 su(3)+2(so(7)+2 su(2))"	18	98	0	2	0	0	0	1	0	0	2
11	65	"e6+2(so(7)+2 su(2))"	"e7'+e6+2 su(3)+2(so(7)+2 su(2))"	20	98	0	2	0	0	0	1	0	0	4
11	65	"e6+2(so(7)+2 su(2))"	"e7'+e6+2 su(3)+2(so(7)+2 su(2))"	21	98	0	2	0	0	0	1	0	0	6
11	65	"e6+2(so(7)+2 su(2))"	"e7+e6+2 su(3)+2(so(7)+2 su(2))"	19	70	0	2	0	0	0	0	1	0	2
11	65	"e6+2(so(7)+2 su(2))"	"e7+e6+2 su(3)+2(so(7)+2 su(2))"	20	70	0	2	0	0	0	0	1	0	10
11	65	"e6+2(so(7)+2 su(2))"	"e7'+e6+3(so(7)+2 su(2))"	19	103	2	1	0	0	0	1	0	0	2
11	65	"e6+2(so(7)+2 su(2))"	"e7'+e6+3(so(7)+2 su(2))"	20	103	2	1	0	0	0	1	0	0	2
11	65	"e6+2(so(7)+2 su(2))"	"e7'+e6+3(so(7)+2 su(2))"	21	103	2	1	0	0	0	1	0	0	14
11	65	"e6+2(so(7)+2 su(2))"	"e7'+e6+3(so(7)+2 su(2))"	22	103	2	1	0	0	0	1	0	0	2
11	65	"e6+2(so(7)+2 su(2))"	"e7'+e6+3(so(7)+2 su(2))"	42	103	2	1	0	0	0	1	0	0	2
11	65	"e6+2(so(7)+2 su(2))"	"e7+e6+3(so(7)+2 su(2))"	19	75	2	1	0	0	0	0	1	0	2
11	65	"e6+2(so(7)+2 su(2))"	"e7+e6+3(so(7)+2 su(2))"	20	75	2	1	0	0	0	0	1	0	20
11	65	"e6+2(so(7)+2 su(2))"	"e7'+e6+3 su(3)+2(so(7)+2 su(2))"	19	90	0	3	0	0	0	1	0	0	2
11	65	"e6+2(so(7)+2 su(2))"	"e7+e6+3 su(3)+2(so(7)+2 su(2))"	20	62	0	3	0	0	0	0	1	0	2
11	65	"e6+2(so(7)+2 su(2))"	"e7'+e6+f4+2(so(7)+2 su(2))"	17	62	0	0	0	1	0	1	0	0	2
11	65	"e6+2(so(7)+2 su(2))"	"e7+e6+f4+2(so(7)+2 su(2))"	18	34	0	0	0	1	0	0	1	0	2
11	65	"e6+2(so(7)+2 su(2))"	"e7'+e6+g2+su(2)+2(so(7)+2 su(2))"	17	105	1	1	0	0	0	1	0	0	20
11	65	"e6+2(so(7)+2 su(2))"	"e7'+e6+g2+su(2)+2(so(7)+2 su(2))"	18	105	1	1	0	0	0	1	0	0	6
11	65	"e6+2(so(7)+2 su(2))"	"e7'+e6+g2+su(2)+2(so(7)+2 su(2))"	19	105	1	1	0	0	0	1	0	0	2
11	65	"e6+2(so(7)+2 su(2))"	"e7'+e6+g2+su(2)+2(so(7)+2 su(2))"	20	105	1	1	0	0	0	1	0	0	16
11	65	"e6+2(so(7)+2 su(2))"	"e7'+e6+g2+su(2)+2(so(7)+2 su(2))"	21	105	1	1	0	0	0	1	0	0	12
11	65	"e6+2(so(7)+2 su(2))"	"e7+e6+g2+su(2)+2(so(7)+2 su(2))"	18	77	1	1	0	0	0	0	1	0	20
11	65	"e6+2(so(7)+2 su(2))"	"e7+e6+g2+su(2)+2(so(7)+2 su(2))"	19	77	1	1	0	0	0	0	1	0	10
11	65	"e6+2(so(7)+2 su(2))"	"e7+e6+g2+su(2)+2(so(7)+2 su(2))"	20	77	1	1	0	0	0	0	1	0	22
11	65	"e6+2(so(7)+2 su(2))"	"e7+e6+g2+su(2)+2(so(7)+2 su(2))"	21	77	1	1	0	0	0	0	1	0	4
11	65	"e6+2(so(7)+2 su(2))"	"e7'+e6+so(8)+2(so(7)+2 su(2))"	16	86	0	0	1	0	0	1	0	0	2
11	65	"e6+2(so(7)+2 su(2))"	"e7'+e6+so(8)+2(so(7)+2 su(2))"	19	86	0	0	1	0	0	1	0	0	2
11	65	"e6+2(so(7)+2 su(2))"	"e7+e6+so(8)+2(so(7)+2 su(2))"	17	58	0	0	1	0	0	0	1	0	2
11	65	"e6+2(so(7)+2 su(2))"	"e7+e6+so(8)+2(so(7)+2 su(2))"	20	58	0	0	1	0	0	0	1	0	2
11	65	"e6+2(so(7)+2 su(2))"	"e7'+e6+so(8)+su(3)+2(so(7)+2 su(2))"	19	78	0	1	1	0	0	1	0	0	2
11	65	"e6+2(so(7)+2 su(2))"	"e7+e6+so(8)+su(3)+2(so(7)+2 su(2))"	20	50	0	1	1	0	0	0	1	0	2
11	65	"e6+2(so(7)+2 su(2))"	"e7'+e6+su(3)+2(so(7)+2 su(2))"	15	106	0	1	0	0	0	1	0	0	2
11	65	"e6+2(so(7)+2 su(2))"	"e7'+e6+su(3)+2(so(7)+2 su(2))"	18	106	0	1	0	0	0	1	0	0	2
11	65	"e6+2(so(7)+2 su(2))"	"e7'+e6+su(3)+2(so(7)+2 su(2))"	20	106	0	1	0	0	0	1	0	0	4
11	65	"e6+2(so(7)+2 su(2))"	"e7'+e6+su(3)+2(so(7)+2 su(2))"	21	106	0	1	0	0	0	1	0	0	2
11	65	"e6+2(so(7)+2 su(2))"	"e7+e6+su(3)+2(so(7)+2 su(2))"	16	78	0	1	0	0	0	0	1	0	2
11	65	"e6+2(so(7)+2 su(2))"	"e7+e6+su(3)+2(so(7)+2 su(2))"	19	78	0	1	0	0	0	0	1	0	2
11	65	"e6+2(so(7)+2 su(2))"	"e7+e6+su(3)+2(so(7)+2 su(2))"	20	78	0	1	0	0	0	0	1	0	6
11	65	"e6+2(so(7)+2 su(2))"	"e7'+e6+su(3)+g2+su(2)+2(so(7)+2 su(2))"	18	97	1	2	0	0	0	1	0	0	32
11	65	"e6+2(so(7)+2 su(2))"	"e7'+e6+su(3)+g2+su(2)+2(so(7)+2 su(2))"	20	97	1	2	0	0	0	1	0	0	6
11	65	"e6+2(so(7)+2 su(2))"	"e7'+e6+su(3)+g2+su(2)+2(so(7)+2 su(2))"	21	97	1	2	0	0	0	1	0	0	16
11	65	"e6+2(so(7)+2 su(2))"	"e7+e6+su(3)+g2+su(2)+2(so(7)+2 su(2))"	19	69	1	2	0	0	0	0	1	0	32
11	65	"e6+2(so(7)+2 su(2))"	"e7+e6+su(3)+g2+su(2)+2(so(7)+2 su(2))"	20	69	1	2	0	0	0	0	1	0	22
11	65	"e6+2(so(7)+2 su(2))"	"e7+e7'+e6+2(so(7)+2 su(2))"	20	-19	0	0	0	0	0	1	1	0	2
11	66	"e7'+g2+su(2)+so(7)+2 su(2)"	"2 e7'+2(g2+su(2))+so(7)+2 su(2)"	18	80	1	1	0	0	0	1	0	0	5
11	66	"e7'+g2+su(2)+so(7)+2 su(2)"	"2 e7'+2(g2+su(2))+so(7)+2 su(2)"	20	80	1	1	0	0	0	1	0	0	4
11	66	"e7'+g2+su(2)+so(7)+2 su(2)"	"2 e7'+su(3)+2(g2+su(2))+so(7)+2 su(2)"	19	72	1	2	0	0	0	1	0	0	2
11	66	"e7'+g2+su(2)+so(7)+2 su(2)"	"2 e7'+su(3)+g2+su(2)+so(7)+2 su(2)"	20	81	0	1	0	0	0	1	0	0	3
11	66	"e7'+g2+su(2)+so(7)+2 su(2)"	"e7'+2(g2+su(2))+so(7)+2 su(2)"	13	185	1	1	0	0	0	0	0	0	2
11	66	"e7'+g2+su(2)+so(7)+2 su(2)"	"e7'+2(g2+su(2))+so(7)+2 su(2)"	14	185	1	1	0	0	0	0	0	0	6
11	66	"e7'+g2+su(2)+so(7)+2 su(2)"	"e7'+2(g2+su(2))+so(7)+2 su(2)"	15	185	1	1	0	0	0	0	0	0	54
11	66	"e7'+g2+su(2)+so(7)+2 su(2)"	"e7'+2 su(3)+2(g2+su(2))+so(7)+2 su(2)"	15	169	1	3	0	0	0	0	0	0	4
11	66	"e7'+g2+su(2)+so(7)+2 su(2)"	"e7'+2 su(3)+2(g2+su(2))+so(7)+2 su(2)"	16	169	1	3	0	0	0	0	0	0	2
11	66	"e7'+g2+su(2)+so(7)+2 su(2)"	"e7'+2 su(3)+g2+su(2)+so(7)+2 su(2)"	15	178	0	2	0	0	0	0	0	0	15
11	66	"e7'+g2+su(2)+so(7)+2 su(2)"	"e7'+2 su(3)+g2+su(2)+so(7)+2 su(2)"	16	178	0	2	0	0	0	0	0	0	5
11	66	"e7'+g2+su(2)+so(7)+2 su(2)"	"e7'+3(g2+su(2))+so(7)+2 su(2)"	15	176	2	2	0	0	0	0	0	0	3
11	66	"e7'+g2+su(2)+so(7)+2 su(2)"	"e7'+3 su(3)+g2+su(2)+so(7)+2 su(2)"	15	170	0	3	0	0	0	0	0	0	3
11	66	"e7'+g2+su(2)+so(7)+2 su(2)"	"e7'+3 su(3)+g2+su(2)+so(7)+2 su(2)"	16	170	0	3	0	0	0	0	0	0	2
11	66	"e7'+g2+su(2)+so(7)+2 su(2)"	"e7'+3 su(3)+g2+su(2)+so(7)+2 su(2)"	18	170	0	3	0	0	0	0	0	0	2
11	66	"e7'+g2+su(2)+so(7)+2 su(2)"	"e7'+e6+2(g2+su(2))+so(7)+2 su(2)"	17	107	1	1	0	0	1	0	0	0	9
11	66	"e7'+g2+su(2)+so(7)+2 su(2)"	"e7'+e6+2(g2+su(2))+so(7)+2 su(2)"	18	107	1	1	0	0	1	0	0	0	5
11	66	"e7'+g2+su(2)+so(7)+2 su(2)"	"e7'+e6+2(g2+su(2))+so(7)+2 su(2)"	20	107	1	1	0	0	1	0	0	0	2
11	66	"e7'+g2+su(2)+so(7)+2 su(2)"	"e7'+e6+2(g2+su(2))+so(7)+2 su(2)"	21	107	1	1	0	0	1	0	0	0	3
11	66	"e7'+g2+su(2)+so(7)+2 su(2)"	"e7'+e6+su(3)+2(g2+su(2))+so(7)+2 su(2)"	18	99	1	2	0	0	1	0	0	0	2
11	66	"e7'+g2+su(2)+so(7)+2 su(2)"	"e7'+e6+su(3)+g2+su(2)+so(7)+2 su(2)"	20	108	0	1	0	0	1	0	0	0	2
11	66	"e7'+g2+su(2)+so(7)+2 su(2)"	"e7+e7'+2(g2+su(2))+so(7)+2 su(2)"	19	52	1	1	0	0	0	0	1	0	5
11	66	"e7'+g2+su(2)+so(7)+2 su(2)"	"e7+e7'+2(g2+su(2))+so(7)+2 su(2)"	20	52	1	1	0	0	0	0	1	0	5
11	66	"e7'+g2+su(2)+so(7)+2 su(2)"	"e7+e7'+su(3)+2(g2+su(2))+so(7)+2 su(2)"	20	44	1	2	0	0	0	0	1	0	2
11	66	"e7'+g2+su(2)+so(7)+2 su(2)"	"e7+e7'+su(3)+g2+su(2)+so(7)+2 su(2)"	20	53	0	1	0	0	0	0	1	0	4
11	66	"e7'+g2+su(2)+so(7)+2 su(2)"	"e7'+f4+2(g2+su(2))+so(7)+2 su(2)"	16	133	1	1	0	1	0	0	0	0	12
11	66	"e7'+g2+su(2)+so(7)+2 su(2)"	"e7'+f4+2(g2+su(2))+so(7)+2 su(2)"	17	133	1	1	0	1	0	0	0	0	13
11	66	"e7'+g2+su(2)+so(7)+2 su(2)"	"e7'+f4+2(g2+su(2))+so(7)+2 su(2)"	20	133	1	1	0	1	0	0	0	0	4
11	66	"e7'+g2+su(2)+so(7)+2 su(2)"	"e7'+f4+2(g2+su(2))+so(7)+2 su(2)"	29	133	1	1	0	1	0	0	0	0	2
11	66	"e7'+g2+su(2)+so(7)+2 su(2)"	"e7'+f4+2(g2+su(2))+so(7)+2 su(2)"	39	133	1	1	0	1	0	0	0	0	2
11	66	"e7'+g2+su(2)+so(7)+2 su(2)"	"e7'+f4+2(g2+su(2))+so(7)+2 su(2)"	44	133	1	1	0	1	0	0	0	0	2
11	66	"e7'+g2+su(2)+so(7)+2 su(2)"	"e7'+f4+2 su(3)+g2+su(2)+so(7)+2 su(2)"	17	126	0	2	0	1	0	0	0	0	2
11	66	"e7'+g2+su(2)+so(7)+2 su(2)"	"e7'+f4+2 su(3)+g2+su(2)+so(7)+2 su(2)"	23	126	0	2	0	1	0	0	0	0	2
11	66	"e7'+g2+su(2)+so(7)+2 su(2)"	"e7'+f4+g2+su(2)+so(7)+2 su(2)"	11	142	0	0	0	1	0	0	0	0	2
11	66	"e7'+g2+su(2)+so(7)+2 su(2)"	"e7'+f4+so(8)+g2+su(2)+so(7)+2 su(2)"	15	114	0	0	1	1	0	0	0	0	2
11	66	"e7'+g2+su(2)+so(7)+2 su(2)"	"e7'+f4+su(3)+2(g2+su(2))+so(7)+2 su(2)"	18	125	1	2	0	1	0	0	0	0	6
11	66	"e7'+g2+su(2)+so(7)+2 su(2)"	"e7'+f4+su(3)+2(g2+su(2))+so(7)+2 su(2)"	23	125	1	2	0	1	0	0	0	0	4
11	66	"e7'+g2+su(2)+so(7)+2 su(2)"	"e7'+f4+su(3)+2(g2+su(2))+so(7)+2 su(2)"	32	125	1	2	0	1	0	0	0	0	2
11	66	"e7'+g2+su(2)+so(7)+2 su(2)"	"e7'+f4+su(3)+2(g2+su(2))+so(7)+2 su(2)"	47	125	1	2	0	1	0	0	0	0	2
11	66	"e7'+g2+su(2)+so(7)+2 su(2)"	"e7'+f4+su(3)+2(g2+su(2))+so(7)+2 su(2)"	65	125	1	2	0	1	0	0	0	0	2
11	66	"e7'+g2+su(2)+so(7)+2 su(2)"	"e7'+f4+su(3)+g2+su(2)+so(7)+2 su(2)"	14	134	0	1	0	1	0	0	0	0	2
11	66	"e7'+g2+su(2)+so(7)+2 su(2)"	"e7'+f4+su(3)+g2+su(2)+so(7)+2 su(2)"	20	134	0	1	0	1	0	0	0	0	2
11	66	"e7'+g2+su(2)+so(7)+2 su(2)"	"e7'+f4+su(3)+g2+su(2)+so(7)+2 su(2)"	28	134	0	1	0	1	0	0	0	0	2
11	66	"e7'+g2+su(2)+so(7)+2 su(2)"	"e7'+f4+su(3)+g2+su(2)+so(7)+2 su(2)"	38	134	0	1	0	1	0	0	0	0	2
11	66	"e7'+g2+su(2)+so(7)+2 su(2)"	"e7'+g2+su(2)+2(so(7)+2 su(2))"	15	183	2	1	0	0	0	0	0	0	36
11	66	"e7'+g2+su(2)+so(7)+2 su(2)"	"e7'+so(8)+2(g2+su(2))+so(7)+2 su(2)"	15	157	1	1	1	0	0	0	0	0	7
11	66	"e7'+g2+su(2)+so(7)+2 su(2)"	"e7'+so(8)+2(g2+su(2))+so(7)+2 su(2)"	16	157	1	1	1	0	0	0	0	0	19
11	66	"e7'+g2+su(2)+so(7)+2 su(2)"	"e7'+so(8)+2(g2+su(2))+so(7)+2 su(2)"	17	157	1	1	1	0	0	0	0	0	4
11	66	"e7'+g2+su(2)+so(7)+2 su(2)"	"e7'+so(8)+2(g2+su(2))+so(7)+2 su(2)"	18	157	1	1	1	0	0	0	0	0	2
11	66	"e7'+g2+su(2)+so(7)+2 su(2)"	"e7'+so(8)+2(g2+su(2))+so(7)+2 su(2)"	19	157	1	1	1	0	0	0	0	0	5
11	66	"e7'+g2+su(2)+so(7)+2 su(2)"	"e7'+so(8)+2 su(3)+g2+su(2)+so(7)+2 su(2)"	16	150	0	2	1	0	0	0	0	0	2
11	66	"e7'+g2+su(2)+so(7)+2 su(2)"	"e7'+so(8)+2 su(3)+g2+su(2)+so(7)+2 su(2)"	19	150	0	2	1	0	0	0	0	0	2
11	66	"e7'+g2+su(2)+so(7)+2 su(2)"	"e7'+so(8)+g2+su(2)+2(so(7)+2 su(2))"	20	155	2	1	1	0	0	0	0	0	4
11	66	"e7'+g2+su(2)+so(7)+2 su(2)"	"e7'+so(8)+g2+su(2)+so(7)+2 su(2)"	11	166	0	0	1	0	0	0	0	0	2
11	66	"e7'+g2+su(2)+so(7)+2 su(2)"	"e7'+so(8)+su(3)+2(g2+su(2))+so(7)+2 su(2)"	19	149	1	2	1	0	0	0	0	0	2
11	66	"e7'+g2+su(2)+so(7)+2 su(2)"	"e7'+so(8)+su(3)+2(g2+su(2))+so(7)+2 su(2)"	20	149	1	2	1	0	0	0	0	0	2
11	66	"e7'+g2+su(2)+so(7)+2 su(2)"	"e7'+so(8)+su(3)+2(g2+su(2))+so(7)+2 su(2)"	21	149	1	2	1	0	0	0	0	0	2
11	66	"e7'+g2+su(2)+so(7)+2 su(2)"	"e7'+so(8)+su(3)+2(g2+su(2))+so(7)+2 su(2)"	22	149	1	2	1	0	0	0	0	0	5
11	66	"e7'+g2+su(2)+so(7)+2 su(2)"	"e7'+so(8)+su(3)+2(g2+su(2))+so(7)+2 su(2)"	26	149	1	2	1	0	0	0	0	0	2
11	66	"e7'+g2+su(2)+so(7)+2 su(2)"	"e7'+so(8)+su(3)+2(g2+su(2))+so(7)+2 su(2)"	46	149	1	2	1	0	0	0	0	0	2
11	66	"e7'+g2+su(2)+so(7)+2 su(2)"	"e7'+so(8)+su(3)+g2+su(2)+so(7)+2 su(2)"	13	158	0	1	1	0	0	0	0	0	2
11	66	"e7'+g2+su(2)+so(7)+2 su(2)"	"e7'+so(8)+su(3)+g2+su(2)+so(7)+2 su(2)"	16	158	0	1	1	0	0	0	0	0	4
11	66	"e7'+g2+su(2)+so(7)+2 su(2)"	"e7'+su(3)+2(g2+su(2))+so(7)+2 su(2)"	15	177	1	2	0	0	0	0	0	0	62
11	66	"e7'+g2+su(2)+so(7)+2 su(2)"	"e7'+su(3)+2(g2+su(2))+so(7)+2 su(2)"	16	177	1	2	0	0	0	0	0	0	20
11	66	"e7'+g2+su(2)+so(7)+2 su(2)"	"e7'+su(3)+2(g2+su(2))+so(7)+2 su(2)"	17	177	1	2	0	0	0	0	0	0	7
11	66	"e7'+g2+su(2)+so(7)+2 su(2)"	"e7'+su(3)+g2+su(2)+2(so(7)+2 su(2))"	15	175	2	2	0	0	0	0	0	0	8
11	66	"e7'+g2+su(2)+so(7)+2 su(2)"	"e7'+su(3)+g2+su(2)+2(so(7)+2 su(2))"	16	175	2	2	0	0	0	0	0	0	6
11	66	"e7'+g2+su(2)+so(7)+2 su(2)"	"e7'+su(3)+g2+su(2)+so(7)+2 su(2)"	11	186	0	1	0	0	0	0	0	0	2
11	67	"e7'+su(3)+g2+su(2)+so(7)+2 su(2)"	"2 e7'+2(g2+su(2))+so(7)+2 su(2)"	18	80	1	0	0	0	0	1	0	0	5
11	67	"e7'+su(3)+g2+su(2)+so(7)+2 su(2)"	"2 e7'+2 su(3)+g2+su(2)+so(7)+2 su(2)"	18	73	0	1	0	0	0	1	0	0	2
11	67	"e7'+su(3)+g2+su(2)+so(7)+2 su(2)"	"2 e7'+3(so(7)+2 su(2))"	18	76	3	0	0	0	0	1	0	0	3
11	67	"e7'+su(3)+g2+su(2)+so(7)+2 su(2)"	"2 e7'+g2+su(2)+2(so(7)+2 su(2))"	18	78	2	0	0	0	0	1	0	0	8
11	67	"e7'+su(3)+g2+su(2)+so(7)+2 su(2)"	"2 e7'+su(3)+2(so(7)+2 su(2))"	18	79	1	0	0	0	0	1	0	0	6
11	67	"e7'+su(3)+g2+su(2)+so(7)+2 su(2)"	"e7'+2(g2+su(2))+2(so(7)+2 su(2))"	15	174	3	1	0	0	0	0	0	0	14
11	67	"e7'+su(3)+g2+su(2)+so(7)+2 su(2)"	"e7'+2(g2+su(2))+2(so(7)+2 su(2))"	16	174	3	1	0	0	0	0	0	0	4
11	67	"e7'+su(3)+g2+su(2)+so(7)+2 su(2)"	"e7'+2(g2+su(2))+2(so(7)+2 su(2))"	17	174	3	1	0	0	0	0	0	0	3
11	67	"e7'+su(3)+g2+su(2)+so(7)+2 su(2)"	"e7'+2(g2+su(2))+so(7)+2 su(2)"	14	185	1	0	0	0	0	0	0	0	2
11	67	"e7'+su(3)+g2+su(2)+so(7)+2 su(2)"	"e7'+2(g2+su(2))+so(7)+2 su(2)"	15	185	1	0	0	0	0	0	0	0	6
11	67	"e7'+su(3)+g2+su(2)+so(7)+2 su(2)"	"e7'+2(g2+su(2))+so(7)+2 su(2)"	16	185	1	0	0	0	0	0	0	0	4
11	67	"e7'+su(3)+g2+su(2)+so(7)+2 su(2)"	"e7'+2(g2+su(2))+so(7)+2 su(2)"	17	185	1	0	0	0	0	0	0	0	7
11	67	"e7'+su(3)+g2+su(2)+so(7)+2 su(2)"	"e7'+2 su(3)+2(g2+su(2))+so(7)+2 su(2)"	15	169	1	2	0	0	0	0	0	0	7
11	67	"e7'+su(3)+g2+su(2)+so(7)+2 su(2)"	"e7'+2 su(3)+2(g2+su(2))+so(7)+2 su(2)"	17	169	1	2	0	0	0	0	0	0	4
11	67	"e7'+su(3)+g2+su(2)+so(7)+2 su(2)"	"e7'+2 su(3)+2(g2+su(2))+so(7)+2 su(2)"	18	169	1	2	0	0	0	0	0	0	8
11	67	"e7'+su(3)+g2+su(2)+so(7)+2 su(2)"	"e7'+2 su(3)+2(g2+su(2))+so(7)+2 su(2)"	19	169	1	2	0	0	0	0	0	0	2
11	67	"e7'+su(3)+g2+su(2)+so(7)+2 su(2)"	"e7'+2 su(3)+2(so(7)+2 su(2))"	15	176	1	1	0	0	0	0	0	0	16
11	67	"e7'+su(3)+g2+su(2)+so(7)+2 su(2)"	"e7'+2 su(3)+2(so(7)+2 su(2))"	16	176	1	1	0	0	0	0	0	0	5
11	67	"e7'+su(3)+g2+su(2)+so(7)+2 su(2)"	"e7'+2 su(3)+2(so(7)+2 su(2))"	17	176	1	1	0	0	0	0	0	0	3
11	67	"e7'+su(3)+g2+su(2)+so(7)+2 su(2)"	"e7'+2 su(3)+g2+su(2)+2(so(7)+2 su(2))"	17	167	2	2	0	0	0	0	0	0	2
11	67	"e7'+su(3)+g2+su(2)+so(7)+2 su(2)"	"e7'+2 su(3)+g2+su(2)+2(so(7)+2 su(2))"	18	167	2	2	0	0	0	0	0	0	5
11	67	"e7'+su(3)+g2+su(2)+so(7)+2 su(2)"	"e7'+2 su(3)+g2+su(2)+2(so(7)+2 su(2))"	19	167	2	2	0	0	0	0	0	0	2
11	67	"e7'+su(3)+g2+su(2)+so(7)+2 su(2)"	"e7'+2 su(3)+g2+su(2)+so(7)+2 su(2)"	15	178	0	1	0	0	0	0	0	0	6
11	67	"e7'+su(3)+g2+su(2)+so(7)+2 su(2)"	"e7'+3(g2+su(2))+so(7)+2 su(2)"	15	176	2	1	0	0	0	0	0	0	13
11	67	"e7'+su(3)+g2+su(2)+so(7)+2 su(2)"	"e7'+3(g2+su(2))+so(7)+2 su(2)"	16	176	2	1	0	0	0	0	0	0	6
11	67	"e7'+su(3)+g2+su(2)+so(7)+2 su(2)"	"e7'+3(g2+su(2))+so(7)+2 su(2)"	17	176	2	1	0	0	0	0	0	0	3
11	67	"e7'+su(3)+g2+su(2)+so(7)+2 su(2)"	"e7'+3(so(7)+2 su(2))"	15	181	3	0	0	0	0	0	0	0	29
11	67	"e7'+su(3)+g2+su(2)+so(7)+2 su(2)"	"e7'+3 su(3)+2(so(7)+2 su(2))"	15	168	1	2	0	0	0	0	0	0	3
11	67	"e7'+su(3)+g2+su(2)+so(7)+2 su(2)"	"e7'+3 su(3)+2(so(7)+2 su(2))"	18	168	1	2	0	0	0	0	0	0	4
11	67	"e7'+su(3)+g2+su(2)+so(7)+2 su(2)"	"e7'+3 su(3)+g2+su(2)+so(7)+2 su(2)"	15	170	0	2	0	0	0	0	0	0	4
11	67	"e7'+su(3)+g2+su(2)+so(7)+2 su(2)"	"e7'+3 su(3)+g2+su(2)+so(7)+2 su(2)"	16	170	0	2	0	0	0	0	0	0	2
11	67	"e7'+su(3)+g2+su(2)+so(7)+2 su(2)"	"e7'+3 su(3)+g2+su(2)+so(7)+2 su(2)"	17	170	0	2	0	0	0	0	0	0	2
11	67	"e7'+su(3)+g2+su(2)+so(7)+2 su(2)"	"e7'+e6+2(g2+su(2))+so(7)+2 su(2)"	17	107	1	0	0	0	1	0	0	0	9
11	67	"e7'+su(3)+g2+su(2)+so(7)+2 su(2)"	"e7'+e6+3(so(7)+2 su(2))"	17	103	3	0	0	0	1	0	0	0	5
11	67	"e7'+su(3)+g2+su(2)+so(7)+2 su(2)"	"e7'+e6+g2+su(2)+2(so(7)+2 su(2))"	17	105	2	0	0	0	1	0	0	0	14
11	67	"e7'+su(3)+g2+su(2)+so(7)+2 su(2)"	"e7'+e6+g2+su(2)+2(so(7)+2 su(2))"	18	105	2	0	0	0	1	0	0	0	2
11	67	"e7'+su(3)+g2+su(2)+so(7)+2 su(2)"	"e7'+e6+su(3)+2(so(7)+2 su(2))"	17	106	1	0	0	0	1	0	0	0	10
11	67	"e7'+su(3)+g2+su(2)+so(7)+2 su(2)"	"e7+e7'+2(g2+su(2))+so(7)+2 su(2)"	19	52	1	0	0	0	0	0	1	0	5
11	67	"e7'+su(3)+g2+su(2)+so(7)+2 su(2)"	"e7+e7'+2 su(3)+g2+su(2)+so(7)+2 su(2)"	19	45	0	1	0	0	0	0	1	0	2
11	67	"e7'+su(3)+g2+su(2)+so(7)+2 su(2)"	"e7+e7'+3(so(7)+2 su(2))"	19	48	3	0	0	0	0	0	1	0	3
11	67	"e7'+su(3)+g2+su(2)+so(7)+2 su(2)"	"e7+e7'+g2+su(2)+2(so(7)+2 su(2))"	19	50	2	0	0	0	0	0	1	0	8
11	67	"e7'+su(3)+g2+su(2)+so(7)+2 su(2)"	"e7+e7'+su(3)+2(so(7)+2 su(2))"	19	51	1	0	0	0	0	0	1	0	6
11	67	"e7'+su(3)+g2+su(2)+so(7)+2 su(2)"	"e7'+f4+2(g2+su(2))+so(7)+2 su(2)"	16	133	1	0	0	1	0	0	0	0	7
11	67	"e7'+su(3)+g2+su(2)+so(7)+2 su(2)"	"e7'+f4+2(g2+su(2))+so(7)+2 su(2)"	17	133	1	0	0	1	0	0	0	0	8
11	67	"e7'+su(3)+g2+su(2)+so(7)+2 su(2)"	"e7'+f4+2 su(3)+g2+su(2)+so(7)+2 su(2)"	17	126	0	1	0	1	0	0	0	0	2
11	67	"e7'+su(3)+g2+su(2)+so(7)+2 su(2)"	"e7'+f4+3(so(7)+2 su(2))"	16	129	3	0	0	1	0	0	0	0	3
11	67	"e7'+su(3)+g2+su(2)+so(7)+2 su(2)"	"e7'+f4+3(so(7)+2 su(2))"	17	129	3	0	0	1	0	0	0	0	4
11	67	"e7'+su(3)+g2+su(2)+so(7)+2 su(2)"	"e7'+f4+g2+su(2)+2(so(7)+2 su(2))"	16	131	2	0	0	1	0	0	0	0	14
11	67	"e7'+su(3)+g2+su(2)+so(7)+2 su(2)"	"e7'+f4+g2+su(2)+2(so(7)+2 su(2))"	17	131	2	0	0	1	0	0	0	0	11
11	67	"e7'+su(3)+g2+su(2)+so(7)+2 su(2)"	"e7'+f4+su(3)+2(so(7)+2 su(2))"	16	132	1	0	0	1	0	0	0	0	9
11	67	"e7'+su(3)+g2+su(2)+so(7)+2 su(2)"	"e7'+f4+su(3)+2(so(7)+2 su(2))"	17	132	1	0	0	1	0	0	0	0	8
11	67	"e7'+su(3)+g2+su(2)+so(7)+2 su(2)"	"e7'+g2+su(2)+2(so(7)+2 su(2))"	14	183	2	0	0	0	0	0	0	0	9
11	67	"e7'+su(3)+g2+su(2)+so(7)+2 su(2)"	"e7'+g2+su(2)+2(so(7)+2 su(2))"	15	183	2	0	0	0	0	0	0	0	39
11	67	"e7'+su(3)+g2+su(2)+so(7)+2 su(2)"	"e7'+g2+su(2)+3(so(7)+2 su(2))"	16	172	4	1	0	0	0	0	0	0	2
11	67	"e7'+su(3)+g2+su(2)+so(7)+2 su(2)"	"e7'+so(8)+2(g2+su(2))+so(7)+2 su(2)"	15	157	1	0	1	0	0	0	0	0	3
11	67	"e7'+su(3)+g2+su(2)+so(7)+2 su(2)"	"e7'+so(8)+2(g2+su(2))+so(7)+2 su(2)"	16	157	1	0	1	0	0	0	0	0	8
11	67	"e7'+su(3)+g2+su(2)+so(7)+2 su(2)"	"e7'+so(8)+2(g2+su(2))+so(7)+2 su(2)"	18	157	1	0	1	0	0	0	0	0	3
11	67	"e7'+su(3)+g2+su(2)+so(7)+2 su(2)"	"e7'+so(8)+2(g2+su(2))+so(7)+2 su(2)"	19	157	1	0	1	0	0	0	0	0	2
11	67	"e7'+su(3)+g2+su(2)+so(7)+2 su(2)"	"e7'+so(8)+2(g2+su(2))+so(7)+2 su(2)"	20	157	1	0	1	0	0	0	0	0	3
11	67	"e7'+su(3)+g2+su(2)+so(7)+2 su(2)"	"e7'+so(8)+2 su(3)+2(so(7)+2 su(2))"	16	148	1	1	1	0	0	0	0	0	2
11	67	"e7'+su(3)+g2+su(2)+so(7)+2 su(2)"	"e7'+so(8)+2 su(3)+g2+su(2)+so(7)+2 su(2)"	16	150	0	1	1	0	0	0	0	0	2
11	67	"e7'+su(3)+g2+su(2)+so(7)+2 su(2)"	"e7'+so(8)+3(so(7)+2 su(2))"	16	153	3	0	1	0	0	0	0	0	8
11	67	"e7'+su(3)+g2+su(2)+so(7)+2 su(2)"	"e7'+so(8)+3(so(7)+2 su(2))"	17	153	3	0	1	0	0	0	0	0	3
11	67	"e7'+su(3)+g2+su(2)+so(7)+2 su(2)"	"e7'+so(8)+3(so(7)+2 su(2))"	18	153	3	0	1	0	0	0	0	0	2
11	67	"e7'+su(3)+g2+su(2)+so(7)+2 su(2)"	"e7'+so(8)+g2+su(2)+2(so(7)+2 su(2))"	16	155	2	0	1	0	0	0	0	0	35
11	67	"e7'+su(3)+g2+su(2)+so(7)+2 su(2)"	"e7'+so(8)+g2+su(2)+2(so(7)+2 su(2))"	17	155	2	0	1	0	0	0	0	0	5
11	67	"e7'+su(3)+g2+su(2)+so(7)+2 su(2)"	"e7'+so(8)+g2+su(2)+2(so(7)+2 su(2))"	18	155	2	0	1	0	0	0	0	0	5
11	67	"e7'+su(3)+g2+su(2)+so(7)+2 su(2)"	"e7'+so(8)+g2+su(2)+2(so(7)+2 su(2))"	19	155	2	0	1	0	0	0	0	0	3
11	67	"e7'+su(3)+g2+su(2)+so(7)+2 su(2)"	"e7'+so(8)+g2+su(2)+2(so(7)+2 su(2))"	20	155	2	0	1	0	0	0	0	0	2
11	67	"e7'+su(3)+g2+su(2)+so(7)+2 su(2)"	"e7'+so(8)+su(3)+2(g2+su(2))+so(7)+2 su(2)"	16	149	1	1	1	0	0	0	0	0	2
11	67	"e7'+su(3)+g2+su(2)+so(7)+2 su(2)"	"e7'+so(8)+su(3)+2(g2+su(2))+so(7)+2 su(2)"	18	149	1	1	1	0	0	0	0	0	2
11	67	"e7'+su(3)+g2+su(2)+so(7)+2 su(2)"	"e7'+so(8)+su(3)+2(so(7)+2 su(2))"	15	156	1	0	1	0	0	0	0	0	5
11	67	"e7'+su(3)+g2+su(2)+so(7)+2 su(2)"	"e7'+so(8)+su(3)+2(so(7)+2 su(2))"	16	156	1	0	1	0	0	0	0	0	8
11	67	"e7'+su(3)+g2+su(2)+so(7)+2 su(2)"	"e7'+so(8)+su(3)+2(so(7)+2 su(2))"	17	156	1	0	1	0	0	0	0	0	2
11	67	"e7'+su(3)+g2+su(2)+so(7)+2 su(2)"	"e7'+so(8)+su(3)+2(so(7)+2 su(2))"	18	156	1	0	1	0	0	0	0	0	3
11	67	"e7'+su(3)+g2+su(2)+so(7)+2 su(2)"	"e7'+so(8)+su(3)+2(so(7)+2 su(2))"	19	156	1	0	1	0	0	0	0	0	3
11	67	"e7'+su(3)+g2+su(2)+so(7)+2 su(2)"	"e7'+su(3)+2(g2+su(2))+so(7)+2 su(2)"	15	177	1	1	0	0	0	0	0	0	27
11	67	"e7'+su(3)+g2+su(2)+so(7)+2 su(2)"	"e7'+su(3)+2(g2+su(2))+so(7)+2 su(2)"	16	177	1	1	0	0	0	0	0	0	4
11	67	"e7'+su(3)+g2+su(2)+so(7)+2 su(2)"	"e7'+su(3)+2(g2+su(2))+so(7)+2 su(2)"	17	177	1	1	0	0	0	0	0	0	3
11	67	"e7'+su(3)+g2+su(2)+so(7)+2 su(2)"	"e7'+su(3)+2(so(7)+2 su(2))"	14	184	1	0	0	0	0	0	0	0	4
11	67	"e7'+su(3)+g2+su(2)+so(7)+2 su(2)"	"e7'+su(3)+2(so(7)+2 su(2))"	15	184	1	0	0	0	0	0	0	0	8
11	67	"e7'+su(3)+g2+su(2)+so(7)+2 su(2)"	"e7'+su(3)+2(so(7)+2 su(2))"	16	184	1	0	0	0	0	0	0	0	4
11	67	"e7'+su(3)+g2+su(2)+so(7)+2 su(2)"	"e7'+su(3)+2(so(7)+2 su(2))"	17	184	1	0	0	0	0	0	0	0	5
11	67	"e7'+su(3)+g2+su(2)+so(7)+2 su(2)"	"e7'+su(3)+3(so(7)+2 su(2))"	15	173	3	1	0	0	0	0	0	0	10
11	67	"e7'+su(3)+g2+su(2)+so(7)+2 su(2)"	"e7'+su(3)+3(so(7)+2 su(2))"	16	173	3	1	0	0	0	0	0	0	9
11	67	"e7'+su(3)+g2+su(2)+so(7)+2 su(2)"	"e7'+su(3)+3(so(7)+2 su(2))"	17	173	3	1	0	0	0	0	0	0	7
11	67	"e7'+su(3)+g2+su(2)+so(7)+2 su(2)"	"e7'+su(3)+3(so(7)+2 su(2))"	18	173	3	1	0	0	0	0	0	0	5
11	67	"e7'+su(3)+g2+su(2)+so(7)+2 su(2)"	"e7'+su(3)+g2+su(2)+2(so(7)+2 su(2))"	15	175	2	1	0	0	0	0	0	0	42
11	67	"e7'+su(3)+g2+su(2)+so(7)+2 su(2)"	"e7'+su(3)+g2+su(2)+2(so(7)+2 su(2))"	16	175	2	1	0	0	0	0	0	0	19
11	67	"e7'+su(3)+g2+su(2)+so(7)+2 su(2)"	"e7'+su(3)+g2+su(2)+2(so(7)+2 su(2))"	17	175	2	1	0	0	0	0	0	0	13
11	67	"e7'+su(3)+g2+su(2)+so(7)+2 su(2)"	"e7'+su(3)+g2+su(2)+2(so(7)+2 su(2))"	18	175	2	1	0	0	0	0	0	0	12
11	68	"e7+so(7)+2 su(2)"	"e7+2 su(3)+so(7)+2 su(2)"	20	159	0	2	0	0	0	0	0	0	5
11	68	"e7+so(7)+2 su(2)"	"e7+g2+su(2)+so(7)+2 su(2)"	15	166	1	1	0	0	0	0	0	0	4
11	68	"e7+so(7)+2 su(2)"	"e7+g2+su(2)+so(7)+2 su(2)"	18	166	1	1	0	0	0	0	0	0	2
11	68	"e7+so(7)+2 su(2)"	"e7+su(3)+g2+su(2)+so(7)+2 su(2)"	18	158	1	2	0	0	0	0	0	0	4
11	68	"e7+so(7)+2 su(2)"	"e7+su(3)+g2+su(2)+so(7)+2 su(2)"	20	158	1	2	0	0	0	0	0	0	11
11	68	"e7+so(7)+2 su(2)"	"e7+su(3)+g2+su(2)+so(7)+2 su(2)"	28	158	1	2	0	0	0	0	0	0	2
11	69	"e6+f4+2 su(3)"	"e6+2 f4+su(3)+2(g2+su(2))"	17	111	1	1	0	1	0	0	0	0	6
11	69	"e6+f4+2 su(3)"	"e6+2 f4+su(3)+g2+su(2)"	17	120	1	0	0	1	0	0	0	0	4
11	69	"e6+f4+2 su(3)"	"e6+f4+2 su(3)+2(g2+su(2))"	15	155	1	2	0	0	0	0	0	0	6
11	69	"e6+f4+2 su(3)"	"e6+f4+2 su(3)+2(g2+su(2))"	16	155	1	2	0	0	0	0	0	0	20
11	69	"e6+f4+2 su(3)"	"e6+f4+2 su(3)+2(g2+su(2))"	18	155	1	2	0	0	0	0	0	0	3
11	69	"e6+f4+2 su(3)"	"e6+f4+2 su(3)+2(g2+su(2))"	20	155	1	2	0	0	0	0	0	0	2
11	69	"e6+f4+2 su(3)"	"e6+f4+2 su(3)+g2+su(2)"	15	164	0	1	0	0	0	0	0	0	2
11	69	"e6+f4+2 su(3)"	"e6+f4+2 su(3)+g2+su(2)"	15	164	1	1	0	0	0	0	0	0	18
11	69	"e6+f4+2 su(3)"	"e6+f4+2 su(3)+g2+su(2)"	16	164	0	1	0	0	0	0	0	0	3
11	69	"e6+f4+2 su(3)"	"e6+f4+2 su(3)+g2+su(2)"	16	164	1	1	0	0	0	0	0	0	7
11	69	"e6+f4+2 su(3)"	"e6+f4+2 su(3)+g2+su(2)"	18	164	1	1	0	0	0	0	0	0	6
11	69	"e6+f4+2 su(3)"	"e6+f4+2 su(3)+g2+su(2)"	19	164	1	1	0	0	0	0	0	0	8
11	69	"e6+f4+2 su(3)"	"e6+f4+2 su(3)+g2+su(2)+so(7)+2 su(2)"	16	153	2	2	0	0	0	0	0	0	2
11	69	"e6+f4+2 su(3)"	"e6+f4+2 su(3)+so(7)+2 su(2)"	15	162	2	1	0	0	0	0	0	0	2
11	69	"e6+f4+2 su(3)"	"e6+f4+2 su(3)+so(7)+2 su(2)"	20	162	2	1	0	0	0	0	0	0	2
11	69	"e6+f4+2 su(3)"	"e6+f4+3 su(3)"	15	165	0	1	0	0	0	0	0	0	4
11	69	"e6+f4+2 su(3)"	"e6+f4+3 su(3)+g2+su(2)"	15	156	0	2	0	0	0	0	0	0	5
11	69	"e6+f4+2 su(3)"	"e6+f4+3 su(3)+g2+su(2)"	16	156	0	2	0	0	0	0	0	0	3
11	69	"e6+f4+2 su(3)"	"e6+f4+3 su(3)+g2+su(2)"	20	156	0	2	0	0	0	0	0	0	2
11	69	"e6+f4+2 su(3)"	"e6+f4+3 su(3)+g2+su(2)"	20	156	1	2	0	0	0	0	0	0	3
11	69	"e6+f4+2 su(3)"	"e6+f4+4 su(3)"	16	157	0	2	0	0	0	0	0	0	2
11	69	"e6+f4+2 su(3)"	"e6+f4+4 su(3)"	20	157	0	2	0	0	0	0	0	0	2
11	69	"e6+f4+2 su(3)"	"e6+f4+4 su(3)+g2+su(2)"	16	148	0	3	0	0	0	0	0	0	3
11	69	"e6+f4+2 su(3)"	"e6+f4+so(8)+su(3)+2(g2+su(2))"	16	135	1	1	1	0	0	0	0	0	6
11	69	"e6+f4+2 su(3)"	"e6+f4+so(8)+su(3)+2(g2+su(2))"	17	135	1	1	1	0	0	0	0	0	4
11	69	"e6+f4+2 su(3)"	"e6+f4+so(8)+su(3)+g2+su(2)"	16	144	1	0	1	0	0	0	0	0	9
11	69	"e6+f4+2 su(3)"	"e6+f4+su(3)+2(g2+su(2))"	15	163	1	1	0	0	0	0	0	0	22
11	69	"e6+f4+2 su(3)"	"e6+f4+su(3)+2(g2+su(2))"	15	163	2	1	0	0	0	0	0	0	3
11	69	"e6+f4+2 su(3)"	"e6+f4+su(3)+2(g2+su(2))"	16	163	1	1	0	0	0	0	0	0	10
11	69	"e6+f4+2 su(3)"	"e6+f4+su(3)+2(g2+su(2))"	16	163	2	1	0	0	0	0	0	0	5
11	69	"e6+f4+2 su(3)"	"e6+f4+su(3)+2(g2+su(2))"	17	163	1	1	0	0	0	0	0	0	6
11	69	"e6+f4+2 su(3)"	"e6+f4+su(3)+2(g2+su(2))"	20	163	1	1	0	0	0	0	0	0	3
11	69	"e6+f4+2 su(3)"	"e6+f4+su(3)+2(g2+su(2))"	20	163	2	1	0	0	0	0	0	0	2
11	69	"e6+f4+2 su(3)"	"e6+f4+su(3)+2(g2+su(2))"	21	163	2	1	0	0	0	0	0	0	2
11	69	"e6+f4+2 su(3)"	"e6+f4+su(3)+3(g2+su(2))"	16	154	2	2	0	0	0	0	0	0	5
11	69	"e6+f4+2 su(3)"	"e6+f4+su(3)+g2+su(2)"	15	172	1	0	0	0	0	0	0	0	9
11	69	"e6+f4+2 su(3)"	"e6+f4+su(3)+g2+su(2)"	16	172	1	0	0	0	0	0	0	0	6
11	69	"e6+f4+2 su(3)"	"e6+f4+su(3)+g2+su(2)"	18	172	1	0	0	0	0	0	0	0	2
11	69	"e6+f4+2 su(3)"	"e6+f4+su(3)+g2+su(2)"	19	172	1	0	0	0	0	0	0	0	2
11	70	"e6+f4+su(3)+g2+su(2)"	"2 e6+f4+su(3)+g2+su(2)+so(7)+2 su(2)"	18	83	1	1	0	0	1	0	0	0	3
11	70	"e6+f4+su(3)+g2+su(2)"	"e6+2 f4+2(g2+su(2))"	17	119	1	0	0	1	0	0	0	0	10
11	70	"e6+f4+su(3)+g2+su(2)"	"e6+2 f4+3(g2+su(2))"	17	110	1	1	0	1	0	0	0	0	4
11	70	"e6+f4+su(3)+g2+su(2)"	"e6+2 f4+su(3)+g2+su(2)+so(7)+2 su(2)"	17	109	1	1	0	1	0	0	0	0	2
11	70	"e6+f4+su(3)+g2+su(2)"	"e6+f4+2(g2+su(2))"	15	171	1	0	0	0	0	0	0	0	18
11	70	"e6+f4+su(3)+g2+su(2)"	"e6+f4+2(g2+su(2))"	16	171	1	0	0	0	0	0	0	0	11
11	70	"e6+f4+su(3)+g2+su(2)"	"e6+f4+2(g2+su(2))"	18	171	1	0	0	0	0	0	0	0	2
11	70	"e6+f4+su(3)+g2+su(2)"	"e6+f4+2(g2+su(2))"	19	171	1	0	0	0	0	0	0	0	2
11	70	"e6+f4+su(3)+g2+su(2)"	"e6+f4+2(g2+su(2))+so(7)+2 su(2)"	15	160	2	1	0	0	0	0	0	0	20
11	70	"e6+f4+su(3)+g2+su(2)"	"e6+f4+2(g2+su(2))+so(7)+2 su(2)"	16	160	2	1	0	0	0	0	0	0	8
11	70	"e6+f4+su(3)+g2+su(2)"	"e6+f4+2(g2+su(2))+so(7)+2 su(2)"	17	160	2	1	0	0	0	0	0	0	3
11	70	"e6+f4+su(3)+g2+su(2)"	"e6+f4+2(g2+su(2))+so(7)+2 su(2)"	19	160	2	1	0	0	0	0	0	0	2
11	70	"e6+f4+su(3)+g2+su(2)"	"e6+f4+2(g2+su(2))+so(7)+2 su(2)"	20	160	2	1	0	0	0	0	0	0	2
11	70	"e6+f4+su(3)+g2+su(2)"	"e6+f4+2 su(3)+2(g2+su(2))"	15	155	1	2	0	0	0	0	0	0	2
11	70	"e6+f4+su(3)+g2+su(2)"	"e6+f4+2 su(3)+2(g2+su(2))"	16	155	1	2	0	0	0	0	0	0	2
11	70	"e6+f4+su(3)+g2+su(2)"	"e6+f4+2 su(3)+2(g2+su(2))"	18	155	1	2	0	0	0	0	0	0	4
11	70	"e6+f4+su(3)+g2+su(2)"	"e6+f4+2 su(3)+2(g2+su(2))"	20	155	1	2	0	0	0	0	0	0	4
11	70	"e6+f4+su(3)+g2+su(2)"	"e6+f4+2 su(3)+g2+su(2)"	15	164	0	1	0	0	0	0	0	0	2
11	70	"e6+f4+su(3)+g2+su(2)"	"e6+f4+2 su(3)+g2+su(2)"	16	164	0	1	0	0	0	0	0	0	3
11	70	"e6+f4+su(3)+g2+su(2)"	"e6+f4+2 su(3)+g2+su(2)+so(7)+2 su(2)"	16	153	1	2	0	0	0	0	0	0	11
11	70	"e6+f4+su(3)+g2+su(2)"	"e6+f4+3(g2+su(2))"	15	162	1	1	0	0	0	0	0	0	20
11	70	"e6+f4+su(3)+g2+su(2)"	"e6+f4+3(g2+su(2))"	15	162	2	1	0	0	0	0	0	0	3
11	70	"e6+f4+su(3)+g2+su(2)"	"e6+f4+3(g2+su(2))"	16	162	1	1	0	0	0	0	0	0	11
11	70	"e6+f4+su(3)+g2+su(2)"	"e6+f4+3(g2+su(2))"	16	162	2	1	0	0	0	0	0	0	13
11	70	"e6+f4+su(3)+g2+su(2)"	"e6+f4+3(g2+su(2))"	17	162	2	1	0	0	0	0	0	0	2
11	70	"e6+f4+su(3)+g2+su(2)"	"e6+f4+3(g2+su(2))"	20	162	1	1	0	0	0	0	0	0	2
11	70	"e6+f4+su(3)+g2+su(2)"	"e6+f4+3(g2+su(2))"	20	162	2	1	0	0	0	0	0	0	2
11	70	"e6+f4+su(3)+g2+su(2)"	"e6+f4+3(g2+su(2))"	21	162	2	1	0	0	0	0	0	0	2
11	70	"e6+f4+su(3)+g2+su(2)"	"e6+f4+3 su(3)+g2+su(2)"	17	156	0	2	0	0	0	0	0	0	2
11	70	"e6+f4+su(3)+g2+su(2)"	"e6+f4+3 su(3)+g2+su(2)"	20	156	0	2	0	0	0	0	0	0	3
11	70	"e6+f4+su(3)+g2+su(2)"	"e6+f4+3 su(3)+g2+su(2)+so(7)+2 su(2)"	20	145	1	3	0	0	0	0	0	0	4
11	70	"e6+f4+su(3)+g2+su(2)"	"e6+f4+4(g2+su(2))"	16	153	2	2	0	0	0	0	0	0	7
11	70	"e6+f4+su(3)+g2+su(2)"	"e6+f4+4(g2+su(2))"	17	153	2	2	0	0	0	0	0	0	2
11	70	"e6+f4+su(3)+g2+su(2)"	"e6+f4+so(8)+2(g2+su(2))"	16	143	1	0	1	0	0	0	0	0	17
11	70	"e6+f4+su(3)+g2+su(2)"	"e6+f4+so(8)+2(g2+su(2))+so(7)+2 su(2)"	16	132	2	1	1	0	0	0	0	0	2
11	70	"e6+f4+su(3)+g2+su(2)"	"e6+f4+so(8)+2 su(3)+g2+su(2)"	16	136	0	1	1	0	0	0	0	0	2
11	70	"e6+f4+su(3)+g2+su(2)"	"e6+f4+so(8)+3(g2+su(2))"	16	134	1	1	1	0	0	0	0	0	7
11	70	"e6+f4+su(3)+g2+su(2)"	"e6+f4+so(8)+su(3)+g2+su(2)+so(7)+2 su(2)"	16	133	1	1	1	0	0	0	0	0	6
11	70	"e6+f4+su(3)+g2+su(2)"	"e6+f4+so(8)+su(3)+g2+su(2)+so(7)+2 su(2)"	17	133	1	1	1	0	0	0	0	0	7
11	70	"e6+f4+su(3)+g2+su(2)"	"e6+f4+so(8)+su(3)+g2+su(2)+so(7)+2 su(2)"	18	133	1	1	1	0	0	0	0	0	2
11	70	"e6+f4+su(3)+g2+su(2)"	"e6+f4+su(3)+2(g2+su(2))"	15	163	1	1	0	0	0	0	0	0	30
11	70	"e6+f4+su(3)+g2+su(2)"	"e6+f4+su(3)+2(g2+su(2))"	16	163	1	1	0	0	0	0	0	0	24
11	70	"e6+f4+su(3)+g2+su(2)"	"e6+f4+su(3)+2(g2+su(2))"	17	163	1	1	0	0	0	0	0	0	5
11	70	"e6+f4+su(3)+g2+su(2)"	"e6+f4+su(3)+2(g2+su(2))"	18	163	1	1	0	0	0	0	0	0	6
11	70	"e6+f4+su(3)+g2+su(2)"	"e6+f4+su(3)+2(g2+su(2))"	19	163	1	1	0	0	0	0	0	0	10
11	70	"e6+f4+su(3)+g2+su(2)"	"e6+f4+su(3)+2(g2+su(2))"	20	163	1	1	0	0	0	0	0	0	10
11	70	"e6+f4+su(3)+g2+su(2)"	"e6+f4+su(3)+2(g2+su(2))"	21	163	1	1	0	0	0	0	0	0	3
11	70	"e6+f4+su(3)+g2+su(2)"	"e6+f4+su(3)+2(g2+su(2))+so(7)+2 su(2)"	16	152	2	2	0	0	0	0	0	0	6
11	70	"e6+f4+su(3)+g2+su(2)"	"e6+f4+su(3)+2(g2+su(2))+so(7)+2 su(2)"	17	152	2	2	0	0	0	0	0	0	13
11	70	"e6+f4+su(3)+g2+su(2)"	"e6+f4+su(3)+2(g2+su(2))+so(7)+2 su(2)"	18	152	2	2	0	0	0	0	0	0	3
11	70	"e6+f4+su(3)+g2+su(2)"	"e6+f4+su(3)+3(g2+su(2))"	15	154	1	2	0	0	0	0	0	0	2
11	70	"e6+f4+su(3)+g2+su(2)"	"e6+f4+su(3)+3(g2+su(2))"	16	154	1	2	0	0	0	0	0	0	23
11	70	"e6+f4+su(3)+g2+su(2)"	"e6+f4+su(3)+3(g2+su(2))"	17	154	1	2	0	0	0	0	0	0	5
11	70	"e6+f4+su(3)+g2+su(2)"	"e6+f4+su(3)+g2+su(2)+so(7)+2 su(2)"	15	161	1	1	0	0	0	0	0	0	15
11	70	"e6+f4+su(3)+g2+su(2)"	"e6+f4+su(3)+g2+su(2)+so(7)+2 su(2)"	15	161	2	1	0	0	0	0	0	0	3
11	70	"e6+f4+su(3)+g2+su(2)"	"e6+f4+su(3)+g2+su(2)+so(7)+2 su(2)"	16	161	1	1	0	0	0	0	0	0	11
11	70	"e6+f4+su(3)+g2+su(2)"	"e6+f4+su(3)+g2+su(2)+so(7)+2 su(2)"	16	161	2	1	0	0	0	0	0	0	3
11	70	"e6+f4+su(3)+g2+su(2)"	"e6+f4+su(3)+g2+su(2)+so(7)+2 su(2)"	17	161	1	1	0	0	0	0	0	0	3
11	70	"e6+f4+su(3)+g2+su(2)"	"e6+f4+su(3)+g2+su(2)+so(7)+2 su(2)"	20	161	2	1	0	0	0	0	0	0	2
11	71	"e6+f4+su(3)+g2+su(2)"	"2 e6+f4+2 su(3)+g2+su(2)"	18	86	0	1	0	0	1	0	0	0	2
11	71	"e6+f4+su(3)+g2+su(2)"	"e6+2 f4+2(g2+su(2))"	17	119	1	0	0	1	0	0	0	0	19
11	71	"e6+f4+su(3)+g2+su(2)"	"e6+2 f4+2 su(3)+g2+su(2)"	17	112	0	1	0	1	0	0	0	0	2
11	71	"e6+f4+su(3)+g2+su(2)"	"e6+2 f4+su(3)+2(g2+su(2))"	17	111	1	1	0	1	0	0	0	0	5
11	71	"e6+f4+su(3)+g2+su(2)"	"e6+f4+2(g2+su(2))"	15	171	1	0	0	0	0	0	0	0	21
11	71	"e6+f4+su(3)+g2+su(2)"	"e6+f4+2(g2+su(2))"	16	171	1	0	0	0	0	0	0	0	24
11	71	"e6+f4+su(3)+g2+su(2)"	"e6+f4+2(g2+su(2))"	17	171	1	0	0	0	0	0	0	0	3
11	71	"e6+f4+su(3)+g2+su(2)"	"e6+f4+2(g2+su(2))"	18	171	1	0	0	0	0	0	0	0	2
11	71	"e6+f4+su(3)+g2+su(2)"	"e6+f4+2(g2+su(2))"	19	171	1	0	0	0	0	0	0	0	2
11	71	"e6+f4+su(3)+g2+su(2)"	"e6+f4+2(g2+su(2))+so(7)+2 su(2)"	16	160	3	1	0	0	0	0	0	0	3
11	71	"e6+f4+su(3)+g2+su(2)"	"e6+f4+2 su(3)+2(g2+su(2))"	15	155	1	2	0	0	0	0	0	0	9
11	71	"e6+f4+su(3)+g2+su(2)"	"e6+f4+2 su(3)+2(g2+su(2))"	16	155	1	2	0	0	0	0	0	0	23
11	71	"e6+f4+su(3)+g2+su(2)"	"e6+f4+2 su(3)+2(g2+su(2))"	17	155	1	2	0	0	0	0	0	0	6
11	71	"e6+f4+su(3)+g2+su(2)"	"e6+f4+2 su(3)+2(g2+su(2))"	18	155	1	2	0	0	0	0	0	0	12
11	71	"e6+f4+su(3)+g2+su(2)"	"e6+f4+2 su(3)+2(g2+su(2))"	19	155	1	2	0	0	0	0	0	0	5
11	71	"e6+f4+su(3)+g2+su(2)"	"e6+f4+2 su(3)+2(g2+su(2))"	20	155	1	2	0	0	0	0	0	0	6
11	71	"e6+f4+su(3)+g2+su(2)"	"e6+f4+2 su(3)+g2+su(2)"	11	164	0	1	0	0	0	0	0	0	2
11	71	"e6+f4+su(3)+g2+su(2)"	"e6+f4+2 su(3)+g2+su(2)"	15	164	0	1	0	0	0	0	0	0	5
11	71	"e6+f4+su(3)+g2+su(2)"	"e6+f4+2 su(3)+g2+su(2)"	16	164	0	1	0	0	0	0	0	0	4
11	71	"e6+f4+su(3)+g2+su(2)"	"e6+f4+2 su(3)+g2+su(2)"	17	164	0	1	0	0	0	0	0	0	3
11	71	"e6+f4+su(3)+g2+su(2)"	"e6+f4+2 su(3)+g2+su(2)+so(7)+2 su(2)"	16	153	2	2	0	0	0	0	0	0	2
11	71	"e6+f4+su(3)+g2+su(2)"	"e6+f4+3(g2+su(2))"	15	162	2	1	0	0	0	0	0	0	23
11	71	"e6+f4+su(3)+g2+su(2)"	"e6+f4+3(g2+su(2))"	16	162	2	1	0	0	0	0	0	0	22
11	71	"e6+f4+su(3)+g2+su(2)"	"e6+f4+3(g2+su(2))"	17	162	2	1	0	0	0	0	0	0	6
11	71	"e6+f4+su(3)+g2+su(2)"	"e6+f4+3(g2+su(2))"	18	162	2	1	0	0	0	0	0	0	2
11	71	"e6+f4+su(3)+g2+su(2)"	"e6+f4+3(g2+su(2))"	19	162	2	1	0	0	0	0	0	0	2
11	71	"e6+f4+su(3)+g2+su(2)"	"e6+f4+3(g2+su(2))"	20	162	2	1	0	0	0	0	0	0	3
11	71	"e6+f4+su(3)+g2+su(2)"	"e6+f4+3(g2+su(2))"	21	162	2	1	0	0	0	0	0	0	5
11	71	"e6+f4+su(3)+g2+su(2)"	"e6+f4+3 su(3)+g2+su(2)"	15	156	0	2	0	0	0	0	0	0	6
11	71	"e6+f4+su(3)+g2+su(2)"	"e6+f4+3 su(3)+g2+su(2)"	16	156	0	2	0	0	0	0	0	0	8
11	71	"e6+f4+su(3)+g2+su(2)"	"e6+f4+3 su(3)+g2+su(2)"	17	156	0	2	0	0	0	0	0	0	3
11	71	"e6+f4+su(3)+g2+su(2)"	"e6+f4+3 su(3)+g2+su(2)"	19	156	0	2	0	0	0	0	0	0	2
11	71	"e6+f4+su(3)+g2+su(2)"	"e6+f4+3 su(3)+g2+su(2)"	20	156	0	2	0	0	0	0	0	0	3
11	71	"e6+f4+su(3)+g2+su(2)"	"e6+f4+4 su(3)+g2+su(2)"	16	148	0	3	0	0	0	0	0	0	3
11	71	"e6+f4+su(3)+g2+su(2)"	"e6+f4+4 su(3)+g2+su(2)"	19	148	0	3	0	0	0	0	0	0	2
11	71	"e6+f4+su(3)+g2+su(2)"	"e6+f4+so(8)+2(g2+su(2))"	16	143	1	0	1	0	0	0	0	0	30
11	71	"e6+f4+su(3)+g2+su(2)"	"e6+f4+so(8)+2(g2+su(2))"	17	143	1	0	1	0	0	0	0	0	3
11	71	"e6+f4+su(3)+g2+su(2)"	"e6+f4+so(8)+2 su(3)+g2+su(2)"	16	136	0	1	1	0	0	0	0	0	3
11	71	"e6+f4+su(3)+g2+su(2)"	"e6+f4+so(8)+2 su(3)+g2+su(2)"	17	136	0	1	1	0	0	0	0	0	2
11	71	"e6+f4+su(3)+g2+su(2)"	"e6+f4+so(8)+su(3)+2(g2+su(2))"	16	135	1	1	1	0	0	0	0	0	9
11	71	"e6+f4+su(3)+g2+su(2)"	"e6+f4+su(3)+2(g2+su(2))"	15	163	1	1	0	0	0	0	0	0	48
11	71	"e6+f4+su(3)+g2+su(2)"	"e6+f4+su(3)+2(g2+su(2))"	16	163	1	1	0	0	0	0	0	0	50
11	71	"e6+f4+su(3)+g2+su(2)"	"e6+f4+su(3)+2(g2+su(2))"	17	163	1	1	0	0	0	0	0	0	19
11	71	"e6+f4+su(3)+g2+su(2)"	"e6+f4+su(3)+2(g2+su(2))"	18	163	1	1	0	0	0	0	0	0	18
11	71	"e6+f4+su(3)+g2+su(2)"	"e6+f4+su(3)+2(g2+su(2))"	19	163	1	1	0	0	0	0	0	0	18
11	71	"e6+f4+su(3)+g2+su(2)"	"e6+f4+su(3)+2(g2+su(2))"	20	163	1	1	0	0	0	0	0	0	12
11	71	"e6+f4+su(3)+g2+su(2)"	"e6+f4+su(3)+2(g2+su(2))"	21	163	1	1	0	0	0	0	0	0	3
11	71	"e6+f4+su(3)+g2+su(2)"	"e6+f4+su(3)+3(g2+su(2))"	16	154	2	2	0	0	0	0	0	0	5
11	71	"e6+f4+su(3)+g2+su(2)"	"e6+f4+su(3)+g2+su(2)+so(7)+2 su(2)"	15	161	2	1	0	0	0	0	0	0	15
11	71	"e6+f4+su(3)+g2+su(2)"	"e6+f4+su(3)+g2+su(2)+so(7)+2 su(2)"	16	161	2	1	0	0	0	0	0	0	7
11	71	"e6+f4+su(3)+g2+su(2)"	"e6+f4+su(3)+g2+su(2)+so(7)+2 su(2)"	17	161	2	1	0	0	0	0	0	0	6
11	71	"e6+f4+su(3)+g2+su(2)"	"e6+f4+su(3)+g2+su(2)+so(7)+2 su(2)"	18	161	2	1	0	0	0	0	0	0	2
11	71	"e6+f4+su(3)+g2+su(2)"	"e6+f4+su(3)+g2+su(2)+so(7)+2 su(2)"	19	161	2	1	0	0	0	0	0	0	2
11	71	"e6+f4+su(3)+g2+su(2)"	"e6+f4+su(3)+g2+su(2)+so(7)+2 su(2)"	20	161	2	1	0	0	0	0	0	0	3
11	72	"e6+f4+su(3)+g2+su(2)"	"2 e6+f4+su(3)+g2+su(2)+so(7)+2 su(2)"	18	83	1	1	0	0	1	0	0	0	7
11	72	"e6+f4+su(3)+g2+su(2)"	"e6+2 f4+su(3)+g2+su(2)+so(7)+2 su(2)"	17	109	1	1	0	1	0	0	0	0	4
11	72	"e6+f4+su(3)+g2+su(2)"	"e6+2 f4+su(3)+g2+su(2)+so(7)+2 su(2)"	18	109	1	1	0	1	0	0	0	0	3
11	72	"e6+f4+su(3)+g2+su(2)"	"e6+f4+2 su(3)+2(g2+su(2))"	18	155	1	2	0	0	0	0	0	0	4
11	72	"e6+f4+su(3)+g2+su(2)"	"e6+f4+2 su(3)+2(g2+su(2))"	20	155	1	2	0	0	0	0	0	0	2
11	72	"e6+f4+su(3)+g2+su(2)"	"e6+f4+2 su(3)+3(g2+su(2))"	21	146	1	3	0	0	0	0	0	0	2
11	72	"e6+f4+su(3)+g2+su(2)"	"e6+f4+2 su(3)+g2+su(2)"	15	164	0	1	0	0	0	0	0	0	2
11	72	"e6+f4+su(3)+g2+su(2)"	"e6+f4+2 su(3)+g2+su(2)"	16	164	0	1	0	0	0	0	0	0	3
11	72	"e6+f4+su(3)+g2+su(2)"	"e6+f4+2 su(3)+g2+su(2)+so(7)+2 su(2)"	16	153	1	2	0	0	0	0	0	0	16
11	72	"e6+f4+su(3)+g2+su(2)"	"e6+f4+2 su(3)+g2+su(2)+so(7)+2 su(2)"	17	153	1	2	0	0	0	0	0	0	5
11	72	"e6+f4+su(3)+g2+su(2)"	"e6+f4+3 su(3)+g2+su(2)"	17	156	0	2	0	0	0	0	0	0	2
11	72	"e6+f4+su(3)+g2+su(2)"	"e6+f4+3 su(3)+g2+su(2)"	20	156	0	2	0	0	0	0	0	0	3
11	72	"e6+f4+su(3)+g2+su(2)"	"e6+f4+3 su(3)+g2+su(2)+so(7)+2 su(2)"	20	145	1	3	0	0	0	0	0	0	4
11	72	"e6+f4+su(3)+g2+su(2)"	"e6+f4+so(8)+2 su(3)+g2+su(2)"	16	136	0	1	1	0	0	0	0	0	2
11	72	"e6+f4+su(3)+g2+su(2)"	"e6+f4+so(8)+su(3)+g2+su(2)+so(7)+2 su(2)"	16	133	1	1	1	0	0	0	0	0	14
11	72	"e6+f4+su(3)+g2+su(2)"	"e6+f4+so(8)+su(3)+g2+su(2)+so(7)+2 su(2)"	17	133	1	1	1	0	0	0	0	0	8
11	72	"e6+f4+su(3)+g2+su(2)"	"e6+f4+so(8)+su(3)+g2+su(2)+so(7)+2 su(2)"	18	133	1	1	1	0	0	0	0	0	3
11	72	"e6+f4+su(3)+g2+su(2)"	"e6+f4+so(8)+su(3)+g2+su(2)+so(7)+2 su(2)"	20	133	1	1	1	0	0	0	0	0	2
11	72	"e6+f4+su(3)+g2+su(2)"	"e6+f4+su(3)+2(g2+su(2))"	15	163	1	1	0	0	0	0	0	0	12
11	72	"e6+f4+su(3)+g2+su(2)"	"e6+f4+su(3)+2(g2+su(2))"	16	163	1	1	0	0	0	0	0	0	12
11	72	"e6+f4+su(3)+g2+su(2)"	"e6+f4+su(3)+2(g2+su(2))"	17	163	1	1	0	0	0	0	0	0	4
11	72	"e6+f4+su(3)+g2+su(2)"	"e6+f4+su(3)+2(g2+su(2))"	20	163	1	1	0	0	0	0	0	0	5
11	72	"e6+f4+su(3)+g2+su(2)"	"e6+f4+su(3)+2(g2+su(2))+so(7)+2 su(2)"	17	152	2	2	0	0	0	0	0	0	6
11	72	"e6+f4+su(3)+g2+su(2)"	"e6+f4+su(3)+2(g2+su(2))+so(7)+2 su(2)"	18	152	2	2	0	0	0	0	0	0	2
11	72	"e6+f4+su(3)+g2+su(2)"	"e6+f4+su(3)+3(g2+su(2))"	16	154	1	2	0	0	0	0	0	0	16
11	72	"e6+f4+su(3)+g2+su(2)"	"e6+f4+su(3)+3(g2+su(2))"	17	154	1	2	0	0	0	0	0	0	6
11	72	"e6+f4+su(3)+g2+su(2)"	"e6+f4+su(3)+3(g2+su(2))"	18	154	1	2	0	0	0	0	0	0	2
11	72	"e6+f4+su(3)+g2+su(2)"	"e6+f4+su(3)+g2+su(2)+so(7)+2 su(2)"	15	161	1	1	0	0	0	0	0	0	20
11	72	"e6+f4+su(3)+g2+su(2)"	"e6+f4+su(3)+g2+su(2)+so(7)+2 su(2)"	15	161	2	1	0	0	0	0	0	0	9
11	72	"e6+f4+su(3)+g2+su(2)"	"e6+f4+su(3)+g2+su(2)+so(7)+2 su(2)"	16	161	1	1	0	0	0	0	0	0	25
11	72	"e6+f4+su(3)+g2+su(2)"	"e6+f4+su(3)+g2+su(2)+so(7)+2 su(2)"	16	161	2	1	0	0	0	0	0	0	8
11	72	"e6+f4+su(3)+g2+su(2)"	"e6+f4+su(3)+g2+su(2)+so(7)+2 su(2)"	17	161	1	1	0	0	0	0	0	0	4
11	72	"e6+f4+su(3)+g2+su(2)"	"e6+f4+su(3)+g2+su(2)+so(7)+2 su(2)"	18	161	1	1	0	0	0	0	0	0	3
11	72	"e6+f4+su(3)+g2+su(2)"	"e6+f4+su(3)+g2+su(2)+so(7)+2 su(2)"	19	161	1	1	0	0	0	0	0	0	2
11	72	"e6+f4+su(3)+g2+su(2)"	"e6+f4+su(3)+g2+su(2)+so(7)+2 su(2)"	20	161	2	1	0	0	0	0	0	0	2
11	73	"e6+f4+su(3)+so(7)+2 su(2)"	"2 e6+f4+su(3)+g2+su(2)+so(7)+2 su(2)"	18	83	1	1	0	0	1	0	0	0	7
11	73	"e6+f4+su(3)+so(7)+2 su(2)"	"e6+2 f4+su(3)+g2+su(2)+so(7)+2 su(2)"	17	109	1	1	0	1	0	0	0	0	7
11	73	"e6+f4+su(3)+so(7)+2 su(2)"	"e6+f4+2 su(3)+g2+su(2)+so(7)+2 su(2)"	16	153	1	2	0	0	0	0	0	0	43
11	73	"e6+f4+su(3)+so(7)+2 su(2)"	"e6+f4+2 su(3)+g2+su(2)+so(7)+2 su(2)"	17	153	1	2	0	0	0	0	0	0	8
11	73	"e6+f4+su(3)+so(7)+2 su(2)"	"e6+f4+2 su(3)+g2+su(2)+so(7)+2 su(2)"	18	153	1	2	0	0	0	0	0	0	10
11	73	"e6+f4+su(3)+so(7)+2 su(2)"	"e6+f4+2 su(3)+g2+su(2)+so(7)+2 su(2)"	19	153	1	2	0	0	0	0	0	0	2
11	73	"e6+f4+su(3)+so(7)+2 su(2)"	"e6+f4+2 su(3)+g2+su(2)+so(7)+2 su(2)"	20	153	1	2	0	0	0	0	0	0	7
11	73	"e6+f4+su(3)+so(7)+2 su(2)"	"e6+f4+2 su(3)+g2+su(2)+so(7)+2 su(2)"	44	153	1	2	0	0	0	0	0	0	2
11	73	"e6+f4+su(3)+so(7)+2 su(2)"	"e6+f4+2 su(3)+so(7)+2 su(2)"	11	162	0	1	0	0	0	0	0	0	2
11	73	"e6+f4+su(3)+so(7)+2 su(2)"	"e6+f4+2 su(3)+so(7)+2 su(2)"	17	162	0	1	0	0	0	0	0	0	2
11	73	"e6+f4+su(3)+so(7)+2 su(2)"	"e6+f4+2 su(3)+so(7)+2 su(2)"	20	162	0	1	0	0	0	0	0	0	2
11	73	"e6+f4+su(3)+so(7)+2 su(2)"	"e6+f4+3 su(3)+g2+su(2)+so(7)+2 su(2)"	20	145	1	3	0	0	0	0	0	0	4
11	73	"e6+f4+su(3)+so(7)+2 su(2)"	"e6+f4+3 su(3)+g2+su(2)+so(7)+2 su(2)"	21	145	1	3	0	0	0	0	0	0	3
11	73	"e6+f4+su(3)+so(7)+2 su(2)"	"e6+f4+3 su(3)+so(7)+2 su(2)"	17	154	0	2	0	0	0	0	0	0	2
11	73	"e6+f4+su(3)+so(7)+2 su(2)"	"e6+f4+3 su(3)+so(7)+2 su(2)"	20	154	0	2	0	0	0	0	0	0	2
11	73	"e6+f4+su(3)+so(7)+2 su(2)"	"e6+f4+4 su(3)+so(7)+2 su(2)"	19	146	0	3	0	0	0	0	0	0	2
11	73	"e6+f4+su(3)+so(7)+2 su(2)"	"e6+f4+so(8)+su(3)+g2+su(2)+so(7)+2 su(2)"	16	133	1	1	1	0	0	0	0	0	18
11	73	"e6+f4+su(3)+so(7)+2 su(2)"	"e6+f4+so(8)+su(3)+g2+su(2)+so(7)+2 su(2)"	17	133	1	1	1	0	0	0	0	0	8
11	73	"e6+f4+su(3)+so(7)+2 su(2)"	"e6+f4+su(3)+2(g2+su(2))+so(7)+2 su(2)"	17	152	2	2	0	0	0	0	0	0	5
11	73	"e6+f4+su(3)+so(7)+2 su(2)"	"e6+f4+su(3)+2(so(7)+2 su(2))"	15	159	2	1	0	0	0	0	0	0	15
11	73	"e6+f4+su(3)+so(7)+2 su(2)"	"e6+f4+su(3)+2(so(7)+2 su(2))"	16	159	2	1	0	0	0	0	0	0	35
11	73	"e6+f4+su(3)+so(7)+2 su(2)"	"e6+f4+su(3)+2(so(7)+2 su(2))"	17	159	2	1	0	0	0	0	0	0	8
11	73	"e6+f4+su(3)+so(7)+2 su(2)"	"e6+f4+su(3)+2(so(7)+2 su(2))"	18	159	2	1	0	0	0	0	0	0	2
11	73	"e6+f4+su(3)+so(7)+2 su(2)"	"e6+f4+su(3)+2(so(7)+2 su(2))"	19	159	2	1	0	0	0	0	0	0	5
11	73	"e6+f4+su(3)+so(7)+2 su(2)"	"e6+f4+su(3)+2(so(7)+2 su(2))"	20	159	2	1	0	0	0	0	0	0	5
11	73	"e6+f4+su(3)+so(7)+2 su(2)"	"e6+f4+su(3)+2(so(7)+2 su(2))"	22	159	2	1	0	0	0	0	0	0	2
11	73	"e6+f4+su(3)+so(7)+2 su(2)"	"e6+f4+su(3)+g2+su(2)+so(7)+2 su(2)"	14	161	1	1	0	0	0	0	0	0	2
11	73	"e6+f4+su(3)+so(7)+2 su(2)"	"e6+f4+su(3)+g2+su(2)+so(7)+2 su(2)"	15	161	1	1	0	0	0	0	0	0	40
11	73	"e6+f4+su(3)+so(7)+2 su(2)"	"e6+f4+su(3)+g2+su(2)+so(7)+2 su(2)"	16	161	1	1	0	0	0	0	0	0	59
11	73	"e6+f4+su(3)+so(7)+2 su(2)"	"e6+f4+su(3)+g2+su(2)+so(7)+2 su(2)"	17	161	1	1	0	0	0	0	0	0	17
11	73	"e6+f4+su(3)+so(7)+2 su(2)"	"e6+f4+su(3)+g2+su(2)+so(7)+2 su(2)"	18	161	1	1	0	0	0	0	0	0	7
11	73	"e6+f4+su(3)+so(7)+2 su(2)"	"e6+f4+su(3)+g2+su(2)+so(7)+2 su(2)"	19	161	1	1	0	0	0	0	0	0	7
11	73	"e6+f4+su(3)+so(7)+2 su(2)"	"e6+f4+su(3)+g2+su(2)+so(7)+2 su(2)"	20	161	1	1	0	0	0	0	0	0	5
11	74	"e6+f4+2 su(3)+g2+su(2)"	"2 e6+f4+2 su(3)+so(7)+2 su(2)"	18	84	1	0	0	0	1	0	0	0	3
11	74	"e6+f4+2 su(3)+g2+su(2)"	"e6+2 f4+2 su(3)+so(7)+2 su(2)"	17	110	1	0	0	1	0	0	0	0	3
11	74	"e6+f4+2 su(3)+g2+su(2)"	"e6+f4+2 su(3)+2(g2+su(2))"	15	155	1	1	0	0	0	0	0	0	3
11	74	"e6+f4+2 su(3)+g2+su(2)"	"e6+f4+2 su(3)+2(g2+su(2))"	16	155	1	1	0	0	0	0	0	0	7
11	74	"e6+f4+2 su(3)+g2+su(2)"	"e6+f4+2 su(3)+2(g2+su(2))"	17	155	1	1	0	0	0	0	0	0	2
11	74	"e6+f4+2 su(3)+g2+su(2)"	"e6+f4+2 su(3)+2(g2+su(2))"	20	155	1	1	0	0	0	0	0	0	4
11	74	"e6+f4+2 su(3)+g2+su(2)"	"e6+f4+2 su(3)+g2+su(2)+so(7)+2 su(2)"	16	153	2	1	0	0	0	0	0	0	14
11	74	"e6+f4+2 su(3)+g2+su(2)"	"e6+f4+2 su(3)+g2+su(2)+so(7)+2 su(2)"	17	153	2	1	0	0	0	0	0	0	2
11	74	"e6+f4+2 su(3)+g2+su(2)"	"e6+f4+2 su(3)+g2+su(2)+so(7)+2 su(2)"	19	153	2	1	0	0	0	0	0	0	4
11	74	"e6+f4+2 su(3)+g2+su(2)"	"e6+f4+2 su(3)+g2+su(2)+so(7)+2 su(2)"	20	153	2	1	0	0	0	0	0	0	3
11	74	"e6+f4+2 su(3)+g2+su(2)"	"e6+f4+2 su(3)+so(7)+2 su(2)"	15	162	1	0	0	0	0	0	0	0	4
11	74	"e6+f4+2 su(3)+g2+su(2)"	"e6+f4+2 su(3)+so(7)+2 su(2)"	16	162	1	0	0	0	0	0	0	0	9
11	74	"e6+f4+2 su(3)+g2+su(2)"	"e6+f4+2 su(3)+so(7)+2 su(2)"	17	162	1	0	0	0	0	0	0	0	2
11	74	"e6+f4+2 su(3)+g2+su(2)"	"e6+f4+3 su(3)+2(g2+su(2))"	20	147	1	2	0	0	0	0	0	0	2
11	74	"e6+f4+2 su(3)+g2+su(2)"	"e6+f4+3 su(3)+g2+su(2)"	20	156	0	1	0	0	0	0	0	0	2
11	74	"e6+f4+2 su(3)+g2+su(2)"	"e6+f4+3 su(3)+so(7)+2 su(2)"	15	154	1	1	0	0	0	0	0	0	2
11	74	"e6+f4+2 su(3)+g2+su(2)"	"e6+f4+3 su(3)+so(7)+2 su(2)"	16	154	1	1	0	0	0	0	0	0	8
11	74	"e6+f4+2 su(3)+g2+su(2)"	"e6+f4+3 su(3)+so(7)+2 su(2)"	18	154	1	1	0	0	0	0	0	0	7
11	74	"e6+f4+2 su(3)+g2+su(2)"	"e6+f4+3 su(3)+so(7)+2 su(2)"	19	154	1	1	0	0	0	0	0	0	4
11	74	"e6+f4+2 su(3)+g2+su(2)"	"e6+f4+3 su(3)+so(7)+2 su(2)"	20	154	1	1	0	0	0	0	0	0	2
11	74	"e6+f4+2 su(3)+g2+su(2)"	"e6+f4+4 su(3)+g2+su(2)"	20	148	0	2	0	0	0	0	0	0	2
11	74	"e6+f4+2 su(3)+g2+su(2)"	"e6+f4+4 su(3)+so(7)+2 su(2)"	18	146	1	2	0	0	0	0	0	0	3
11	74	"e6+f4+2 su(3)+g2+su(2)"	"e6+f4+4 su(3)+so(7)+2 su(2)"	19	146	1	2	0	0	0	0	0	0	3
11	74	"e6+f4+2 su(3)+g2+su(2)"	"e6+f4+so(8)+2 su(3)+so(7)+2 su(2)"	16	134	1	0	1	0	0	0	0	0	11
11	74	"e6+f4+2 su(3)+g2+su(2)"	"e6+f4+so(8)+2 su(3)+so(7)+2 su(2)"	17	134	1	0	1	0	0	0	0	0	2
11	74	"e6+f4+2 su(3)+g2+su(2)"	"e6+f4+so(8)+2 su(3)+so(7)+2 su(2)"	18	134	1	0	1	0	0	0	0	0	2
11	75	"e6+f4+su(3)+g2+su(2)"	"e6+2 f4+su(3)+g2+su(2)+so(7)+2 su(2)"	17	109	1	1	0	1	0	0	0	0	3
11	75	"e6+f4+su(3)+g2+su(2)"	"e6+2 f4+su(3)+g2+su(2)+so(7)+2 su(2)"	18	109	1	1	0	1	0	0	0	0	4
11	75	"e6+f4+su(3)+g2+su(2)"	"e6+f4+2 su(3)+2(g2+su(2))"	17	155	1	2	0	0	0	0	0	0	2
11	75	"e6+f4+su(3)+g2+su(2)"	"e6+f4+2 su(3)+2(so(7)+2 su(2))"	16	151	2	2	0	0	0	0	0	0	9
11	75	"e6+f4+su(3)+g2+su(2)"	"e6+f4+2 su(3)+2(so(7)+2 su(2))"	17	151	2	2	0	0	0	0	0	0	5
11	75	"e6+f4+su(3)+g2+su(2)"	"e6+f4+2 su(3)+2(so(7)+2 su(2))"	18	151	2	2	0	0	0	0	0	0	2
11	75	"e6+f4+su(3)+g2+su(2)"	"e6+f4+2 su(3)+3(g2+su(2))"	19	146	1	3	0	0	0	0	0	0	2
11	75	"e6+f4+su(3)+g2+su(2)"	"e6+f4+2 su(3)+g2+su(2)"	15	164	0	1	0	0	0	0	0	0	2
11	75	"e6+f4+su(3)+g2+su(2)"	"e6+f4+2 su(3)+g2+su(2)"	16	164	0	1	0	0	0	0	0	0	3
11	75	"e6+f4+su(3)+g2+su(2)"	"e6+f4+2 su(3)+g2+su(2)+so(7)+2 su(2)"	16	153	1	2	0	0	0	0	0	0	33
11	75	"e6+f4+su(3)+g2+su(2)"	"e6+f4+2 su(3)+g2+su(2)+so(7)+2 su(2)"	17	153	1	2	0	0	0	0	0	0	7
11	75	"e6+f4+su(3)+g2+su(2)"	"e6+f4+2 su(3)+g2+su(2)+so(7)+2 su(2)"	18	153	1	2	0	0	0	0	0	0	2
11	75	"e6+f4+su(3)+g2+su(2)"	"e6+f4+2 su(3)+g2+su(2)+so(7)+2 su(2)"	19	153	1	2	0	0	0	0	0	0	2
11	75	"e6+f4+su(3)+g2+su(2)"	"e6+f4+2 su(3)+g2+su(2)+so(7)+2 su(2)"	20	153	1	2	0	0	0	0	0	0	2
11	75	"e6+f4+su(3)+g2+su(2)"	"e6+f4+2 su(3)+so(7)+2 su(2)"	15	162	1	1	0	0	0	0	0	0	14
11	75	"e6+f4+su(3)+g2+su(2)"	"e6+f4+2 su(3)+so(7)+2 su(2)"	16	162	1	1	0	0	0	0	0	0	10
11	75	"e6+f4+su(3)+g2+su(2)"	"e6+f4+2 su(3)+so(7)+2 su(2)"	17	162	1	1	0	0	0	0	0	0	8
11	75	"e6+f4+su(3)+g2+su(2)"	"e6+f4+2 su(3)+so(7)+2 su(2)"	18	162	1	1	0	0	0	0	0	0	3
11	75	"e6+f4+su(3)+g2+su(2)"	"e6+f4+2 su(3)+so(7)+2 su(2)"	19	162	1	1	0	0	0	0	0	0	4
11	75	"e6+f4+su(3)+g2+su(2)"	"e6+f4+2 su(3)+so(7)+2 su(2)"	20	162	1	1	0	0	0	0	0	0	2
11	75	"e6+f4+su(3)+g2+su(2)"	"e6+f4+3 su(3)+g2+su(2)"	20	156	0	2	0	0	0	0	0	0	2
11	75	"e6+f4+su(3)+g2+su(2)"	"e6+f4+so(8)+su(3)+g2+su(2)+so(7)+2 su(2)"	16	133	1	1	1	0	0	0	0	0	12
11	75	"e6+f4+su(3)+g2+su(2)"	"e6+f4+so(8)+su(3)+g2+su(2)+so(7)+2 su(2)"	17	133	1	1	1	0	0	0	0	0	7
11	75	"e6+f4+su(3)+g2+su(2)"	"e6+f4+so(8)+su(3)+g2+su(2)+so(7)+2 su(2)"	18	133	1	1	1	0	0	0	0	0	2
11	75	"e6+f4+su(3)+g2+su(2)"	"e6+f4+so(8)+su(3)+g2+su(2)+so(7)+2 su(2)"	20	133	1	1	1	0	0	0	0	0	2
11	75	"e6+f4+su(3)+g2+su(2)"	"e6+f4+so(8)+su(3)+so(7)+2 su(2)"	16	142	1	0	1	0	0	0	0	0	8
11	75	"e6+f4+su(3)+g2+su(2)"	"e6+f4+so(8)+su(3)+so(7)+2 su(2)"	17	142	1	0	1	0	0	0	0	0	3
11	75	"e6+f4+su(3)+g2+su(2)"	"e6+f4+su(3)+2(g2+su(2))"	15	163	1	1	0	0	0	0	0	0	12
11	75	"e6+f4+su(3)+g2+su(2)"	"e6+f4+su(3)+2(g2+su(2))"	16	163	1	1	0	0	0	0	0	0	9
11	75	"e6+f4+su(3)+g2+su(2)"	"e6+f4+su(3)+2(g2+su(2))"	17	163	1	1	0	0	0	0	0	0	5
11	75	"e6+f4+su(3)+g2+su(2)"	"e6+f4+su(3)+2(g2+su(2))"	18	163	1	1	0	0	0	0	0	0	2
11	75	"e6+f4+su(3)+g2+su(2)"	"e6+f4+su(3)+2(g2+su(2))"	20	163	1	1	0	0	0	0	0	0	4
11	75	"e6+f4+su(3)+g2+su(2)"	"e6+f4+su(3)+2(g2+su(2))+so(7)+2 su(2)"	16	152	2	2	0	0	0	0	0	0	8
11	75	"e6+f4+su(3)+g2+su(2)"	"e6+f4+su(3)+2(g2+su(2))+so(7)+2 su(2)"	18	152	2	2	0	0	0	0	0	0	2
11	75	"e6+f4+su(3)+g2+su(2)"	"e6+f4+su(3)+2(so(7)+2 su(2))"	15	159	2	1	0	0	0	0	0	0	20
11	75	"e6+f4+su(3)+g2+su(2)"	"e6+f4+su(3)+2(so(7)+2 su(2))"	16	159	2	1	0	0	0	0	0	0	19
11	75	"e6+f4+su(3)+g2+su(2)"	"e6+f4+su(3)+2(so(7)+2 su(2))"	17	159	2	1	0	0	0	0	0	0	7
11	75	"e6+f4+su(3)+g2+su(2)"	"e6+f4+su(3)+2(so(7)+2 su(2))"	18	159	2	1	0	0	0	0	0	0	3
11	75	"e6+f4+su(3)+g2+su(2)"	"e6+f4+su(3)+2(so(7)+2 su(2))"	20	159	2	1	0	0	0	0	0	0	4
11	75	"e6+f4+su(3)+g2+su(2)"	"e6+f4+su(3)+2(so(7)+2 su(2))"	21	159	2	1	0	0	0	0	0	0	2
11	75	"e6+f4+su(3)+g2+su(2)"	"e6+f4+su(3)+2(so(7)+2 su(2))"	22	159	2	1	0	0	0	0	0	0	2
11	75	"e6+f4+su(3)+g2+su(2)"	"e6+f4+su(3)+2(so(7)+2 su(2))"	23	159	2	1	0	0	0	0	0	0	2
11	75	"e6+f4+su(3)+g2+su(2)"	"e6+f4+su(3)+3(g2+su(2))"	16	154	1	2	0	0	0	0	0	0	14
11	75	"e6+f4+su(3)+g2+su(2)"	"e6+f4+su(3)+3(g2+su(2))"	17	154	1	2	0	0	0	0	0	0	6
11	75	"e6+f4+su(3)+g2+su(2)"	"e6+f4+su(3)+g2+su(2)+so(7)+2 su(2)"	15	161	1	1	0	0	0	0	0	0	40
11	75	"e6+f4+su(3)+g2+su(2)"	"e6+f4+su(3)+g2+su(2)+so(7)+2 su(2)"	15	161	2	1	0	0	0	0	0	0	13
11	75	"e6+f4+su(3)+g2+su(2)"	"e6+f4+su(3)+g2+su(2)+so(7)+2 su(2)"	16	161	1	1	0	0	0	0	0	0	35
11	75	"e6+f4+su(3)+g2+su(2)"	"e6+f4+su(3)+g2+su(2)+so(7)+2 su(2)"	16	161	2	1	0	0	0	0	0	0	21
11	75	"e6+f4+su(3)+g2+su(2)"	"e6+f4+su(3)+g2+su(2)+so(7)+2 su(2)"	17	161	1	1	0	0	0	0	0	0	10
11	75	"e6+f4+su(3)+g2+su(2)"	"e6+f4+su(3)+g2+su(2)+so(7)+2 su(2)"	17	161	2	1	0	0	0	0	0	0	5
11	75	"e6+f4+su(3)+g2+su(2)"	"e6+f4+su(3)+g2+su(2)+so(7)+2 su(2)"	18	161	1	1	0	0	0	0	0	0	6
11	75	"e6+f4+su(3)+g2+su(2)"	"e6+f4+su(3)+g2+su(2)+so(7)+2 su(2)"	19	161	1	1	0	0	0	0	0	0	2
11	75	"e6+f4+su(3)+g2+su(2)"	"e6+f4+su(3)+g2+su(2)+so(7)+2 su(2)"	20	161	1	1	0	0	0	0	0	0	3
11	75	"e6+f4+su(3)+g2+su(2)"	"e6+f4+su(3)+so(7)+2 su(2)"	15	170	1	0	0	0	0	0	0	0	17
11	75	"e6+f4+su(3)+g2+su(2)"	"e6+f4+su(3)+so(7)+2 su(2)"	16	170	1	0	0	0	0	0	0	0	10
11	75	"e6+f4+su(3)+g2+su(2)"	"e6+f4+su(3)+so(7)+2 su(2)"	17	170	1	0	0	0	0	0	0	0	4
11	75	"e6+f4+su(3)+g2+su(2)"	"e6+f4+su(3)+so(7)+2 su(2)"	18	170	1	0	0	0	0	0	0	0	2
11	75	"e6+f4+su(3)+g2+su(2)"	"e6+f4+su(3)+so(7)+2 su(2)"	19	170	1	0	0	0	0	0	0	0	2
11	76	"e7+su(3)+2(g2+su(2))"	"e7+2(g2+su(2))+so(7)+2 su(2)"	15	157	2	0	0	0	0	0	0	0	43
11	76	"e7+su(3)+2(g2+su(2))"	"e7+2(g2+su(2))+so(7)+2 su(2)"	16	157	2	0	0	0	0	0	0	0	87
11	76	"e7+su(3)+2(g2+su(2))"	"e7+2(g2+su(2))+so(7)+2 su(2)"	17	157	2	0	0	0	0	0	0	0	29
11	76	"e7+su(3)+2(g2+su(2))"	"e7+2(g2+su(2))+so(7)+2 su(2)"	18	157	2	0	0	0	0	0	0	0	15
11	76	"e7+su(3)+2(g2+su(2))"	"e7+2(g2+su(2))+so(7)+2 su(2)"	19	157	2	0	0	0	0	0	0	0	5
11	76	"e7+su(3)+2(g2+su(2))"	"e7+2(g2+su(2))+so(7)+2 su(2)"	20	157	2	0	0	0	0	0	0	0	10
11	76	"e7+su(3)+2(g2+su(2))"	"e7+2 su(3)+2(g2+su(2))"	16	152	0	1	0	0	0	0	0	0	7
11	76	"e7+su(3)+2(g2+su(2))"	"e7+2 su(3)+2(g2+su(2))"	17	152	0	1	0	0	0	0	0	0	2
11	76	"e7+su(3)+2(g2+su(2))"	"e7+2 su(3)+2(g2+su(2))"	20	152	0	1	0	0	0	0	0	0	2
11	76	"e7+su(3)+2(g2+su(2))"	"e7+2 su(3)+3(g2+su(2))"	16	143	1	2	0	0	0	0	0	0	5
11	76	"e7+su(3)+2(g2+su(2))"	"e7+2 su(3)+3(g2+su(2))"	18	143	1	2	0	0	0	0	0	0	6
11	76	"e7+su(3)+2(g2+su(2))"	"e7+2 su(3)+g2+su(2)+so(7)+2 su(2)"	16	150	1	1	0	0	0	0	0	0	42
11	76	"e7+su(3)+2(g2+su(2))"	"e7+2 su(3)+g2+su(2)+so(7)+2 su(2)"	17	150	1	1	0	0	0	0	0	0	7
11	76	"e7+su(3)+2(g2+su(2))"	"e7+2 su(3)+g2+su(2)+so(7)+2 su(2)"	18	150	1	1	0	0	0	0	0	0	5
11	76	"e7+su(3)+2(g2+su(2))"	"e7+2 su(3)+g2+su(2)+so(7)+2 su(2)"	19	150	1	1	0	0	0	0	0	0	4
11	76	"e7+su(3)+2(g2+su(2))"	"e7+2 su(3)+g2+su(2)+so(7)+2 su(2)"	20	150	1	1	0	0	0	0	0	0	3
11	76	"e7+su(3)+2(g2+su(2))"	"e7+3(g2+su(2))"	15	159	1	0	0	0	0	0	0	0	8
11	76	"e7+su(3)+2(g2+su(2))"	"e7+3(g2+su(2))"	16	159	1	0	0	0	0	0	0	0	18
11	76	"e7+su(3)+2(g2+su(2))"	"e7+3(g2+su(2))"	17	159	1	0	0	0	0	0	0	0	7
11	76	"e7+su(3)+2(g2+su(2))"	"e7+3(g2+su(2))+so(7)+2 su(2)"	16	148	3	1	0	0	0	0	0	0	28
11	76	"e7+su(3)+2(g2+su(2))"	"e7+3(g2+su(2))+so(7)+2 su(2)"	17	148	3	1	0	0	0	0	0	0	3
11	76	"e7+su(3)+2(g2+su(2))"	"e7+3 su(3)+2(g2+su(2))"	16	144	0	2	0	0	0	0	0	0	4
11	76	"e7+su(3)+2(g2+su(2))"	"e7+3 su(3)+2(g2+su(2))"	17	144	0	2	0	0	0	0	0	0	2
11	76	"e7+su(3)+2(g2+su(2))"	"e7+3 su(3)+2(g2+su(2))"	20	144	0	2	0	0	0	0	0	0	2
11	76	"e7+su(3)+2(g2+su(2))"	"e7+3 su(3)+g2+su(2)+so(7)+2 su(2)"	16	142	1	2	0	0	0	0	0	0	2
11	76	"e7+su(3)+2(g2+su(2))"	"e7+3 su(3)+g2+su(2)+so(7)+2 su(2)"	18	142	1	2	0	0	0	0	0	0	2
11	76	"e7+su(3)+2(g2+su(2))"	"e7+4(g2+su(2))"	16	150	2	1	0	0	0	0	0	0	26
11	76	"e7+su(3)+2(g2+su(2))"	"e7+4(g2+su(2))"	17	150	2	1	0	0	0	0	0	0	6
11	76	"e7+su(3)+2(g2+su(2))"	"e7+4(g2+su(2))"	18	150	2	1	0	0	0	0	0	0	4
11	76	"e7+su(3)+2(g2+su(2))"	"e7+4(g2+su(2))"	19	150	2	1	0	0	0	0	0	0	2
11	76	"e7+su(3)+2(g2+su(2))"	"e7+f4+2(g2+su(2))+so(7)+2 su(2)"	17	105	2	0	0	1	0	0	0	0	6
11	76	"e7+su(3)+2(g2+su(2))"	"e7+f4+3(g2+su(2))"	17	107	1	0	0	1	0	0	0	0	10
11	76	"e7+su(3)+2(g2+su(2))"	"e7+f4+su(3)+3(g2+su(2))"	18	99	1	1	0	1	0	0	0	0	3
11	76	"e7+su(3)+2(g2+su(2))"	"e7+g2+su(2)+2(so(7)+2 su(2))"	15	155	3	0	0	0	0	0	0	0	14
11	76	"e7+su(3)+2(g2+su(2))"	"e7+g2+su(2)+2(so(7)+2 su(2))"	16	155	3	0	0	0	0	0	0	0	75
11	76	"e7+su(3)+2(g2+su(2))"	"e7+g2+su(2)+2(so(7)+2 su(2))"	17	155	3	0	0	0	0	0	0	0	17
11	76	"e7+su(3)+2(g2+su(2))"	"e7+g2+su(2)+2(so(7)+2 su(2))"	18	155	3	0	0	0	0	0	0	0	8
11	76	"e7+su(3)+2(g2+su(2))"	"e7+g2+su(2)+2(so(7)+2 su(2))"	19	155	3	0	0	0	0	0	0	0	3
11	76	"e7+su(3)+2(g2+su(2))"	"e7+g2+su(2)+2(so(7)+2 su(2))"	20	155	3	0	0	0	0	0	0	0	4
11	76	"e7+su(3)+2(g2+su(2))"	"e7+so(8)+2(g2+su(2))+so(7)+2 su(2)"	16	129	2	0	1	0	0	0	0	0	17
11	76	"e7+su(3)+2(g2+su(2))"	"e7+so(8)+2(g2+su(2))+so(7)+2 su(2)"	17	129	2	0	1	0	0	0	0	0	9
11	76	"e7+su(3)+2(g2+su(2))"	"e7+so(8)+2 su(3)+2(g2+su(2))"	17	124	0	1	1	0	0	0	0	0	2
11	76	"e7+su(3)+2(g2+su(2))"	"e7+so(8)+2 su(3)+g2+su(2)+so(7)+2 su(2)"	17	122	1	1	1	0	0	0	0	0	2
11	76	"e7+su(3)+2(g2+su(2))"	"e7+so(8)+3(g2+su(2))"	16	131	1	0	1	0	0	0	0	0	12
11	76	"e7+su(3)+2(g2+su(2))"	"e7+so(8)+3(g2+su(2))"	17	131	1	0	1	0	0	0	0	0	7
11	76	"e7+su(3)+2(g2+su(2))"	"e7+so(8)+g2+su(2)+2(so(7)+2 su(2))"	16	127	3	0	1	0	0	0	0	0	5
11	76	"e7+su(3)+2(g2+su(2))"	"e7+so(8)+g2+su(2)+2(so(7)+2 su(2))"	17	127	3	0	1	0	0	0	0	0	2
11	76	"e7+su(3)+2(g2+su(2))"	"e7+so(8)+su(3)+3(g2+su(2))"	17	123	1	1	1	0	0	0	0	0	3
11	76	"e7+su(3)+2(g2+su(2))"	"e7+so(8)+su(3)+g2+su(2)+so(7)+2 su(2)"	16	130	1	0	1	0	0	0	0	0	8
11	76	"e7+su(3)+2(g2+su(2))"	"e7+so(8)+su(3)+g2+su(2)+so(7)+2 su(2)"	17	130	1	0	1	0	0	0	0	0	3
11	76	"e7+su(3)+2(g2+su(2))"	"e7+su(3)+2(g2+su(2))+so(7)+2 su(2)"	15	149	2	1	0	0	0	0	0	0	2
11	76	"e7+su(3)+2(g2+su(2))"	"e7+su(3)+2(g2+su(2))+so(7)+2 su(2)"	16	149	2	1	0	0	0	0	0	0	137
11	76	"e7+su(3)+2(g2+su(2))"	"e7+su(3)+2(g2+su(2))+so(7)+2 su(2)"	17	149	2	1	0	0	0	0	0	0	18
11	76	"e7+su(3)+2(g2+su(2))"	"e7+su(3)+2(g2+su(2))+so(7)+2 su(2)"	18	149	2	1	0	0	0	0	0	0	14
11	76	"e7+su(3)+2(g2+su(2))"	"e7+su(3)+2(g2+su(2))+so(7)+2 su(2)"	19	149	2	1	0	0	0	0	0	0	6
11	76	"e7+su(3)+2(g2+su(2))"	"e7+su(3)+2(g2+su(2))+so(7)+2 su(2)"	20	149	2	1	0	0	0	0	0	0	6
11	76	"e7+su(3)+2(g2+su(2))"	"e7+su(3)+3(g2+su(2))"	16	151	1	1	0	0	0	0	0	0	61
11	76	"e7+su(3)+2(g2+su(2))"	"e7+su(3)+3(g2+su(2))"	17	151	1	1	0	0	0	0	0	0	11
11	76	"e7+su(3)+2(g2+su(2))"	"e7+su(3)+3(g2+su(2))"	18	151	1	1	0	0	0	0	0	0	9
11	76	"e7+su(3)+2(g2+su(2))"	"e7+su(3)+3(g2+su(2))"	19	151	1	1	0	0	0	0	0	0	5
11	76	"e7+su(3)+2(g2+su(2))"	"e7+su(3)+3(g2+su(2))"	20	151	1	1	0	0	0	0	0	0	9
11	76	"e7+su(3)+2(g2+su(2))"	"e7+su(3)+g2+su(2)+2(so(7)+2 su(2))"	16	147	3	1	0	0	0	0	0	0	35
11	76	"e7+su(3)+2(g2+su(2))"	"e7+su(3)+g2+su(2)+2(so(7)+2 su(2))"	17	147	3	1	0	0	0	0	0	0	5
11	76	"e7+su(3)+2(g2+su(2))"	"e7+su(3)+g2+su(2)+so(7)+2 su(2)"	15	158	1	0	0	0	0	0	0	0	9
11	76	"e7+su(3)+2(g2+su(2))"	"e7+su(3)+g2+su(2)+so(7)+2 su(2)"	16	158	1	0	0	0	0	0	0	0	20
11	76	"e7+su(3)+2(g2+su(2))"	"e7+su(3)+g2+su(2)+so(7)+2 su(2)"	17	158	1	0	0	0	0	0	0	0	2
11	76	"e7+su(3)+2(g2+su(2))"	"e7+su(3)+g2+su(2)+so(7)+2 su(2)"	18	158	1	0	0	0	0	0	0	0	2
11	76	"e7+su(3)+2(g2+su(2))"	"e7+su(3)+g2+su(2)+so(7)+2 su(2)"	19	158	1	0	0	0	0	0	0	0	2
11	77	"e7+3(g2+su(2))"	"e7+2(g2+su(2))+2(so(7)+2 su(2))"	16	146	3	1	0	0	0	0	0	0	2
11	77	"e7+3(g2+su(2))"	"e7+2(g2+su(2))+so(7)+2 su(2)"	15	157	1	0	0	0	0	0	0	0	19
11	77	"e7+3(g2+su(2))"	"e7+2(g2+su(2))+so(7)+2 su(2)"	16	157	1	0	0	0	0	0	0	0	26
11	77	"e7+3(g2+su(2))"	"e7+2(g2+su(2))+so(7)+2 su(2)"	18	157	1	0	0	0	0	0	0	0	2
11	77	"e7+3(g2+su(2))"	"e7+2(g2+su(2))+so(7)+2 su(2)"	19	157	1	0	0	0	0	0	0	0	2
11	77	"e7+3(g2+su(2))"	"e7+2 su(3)+2(g2+su(2))+so(7)+2 su(2)"	18	141	1	2	0	0	0	0	0	0	2
11	77	"e7+3(g2+su(2))"	"e7+2 su(3)+3(g2+su(2))"	16	143	0	2	0	0	0	0	0	0	2
11	77	"e7+3(g2+su(2))"	"e7+2 su(3)+3(g2+su(2))"	17	143	0	2	0	0	0	0	0	0	2
11	77	"e7+3(g2+su(2))"	"e7+3(g2+su(2))+so(7)+2 su(2)"	16	148	2	1	0	0	0	0	0	0	21
11	77	"e7+3(g2+su(2))"	"e7+3(so(7)+2 su(2))"	15	153	3	0	0	0	0	0	0	0	19
11	77	"e7+3(g2+su(2))"	"e7+3(so(7)+2 su(2))"	16	153	3	0	0	0	0	0	0	0	36
11	77	"e7+3(g2+su(2))"	"e7+3(so(7)+2 su(2))"	17	153	3	0	0	0	0	0	0	0	10
11	77	"e7+3(g2+su(2))"	"e7+4(g2+su(2))"	16	150	1	1	0	0	0	0	0	0	12
11	77	"e7+3(g2+su(2))"	"e7+4(g2+su(2))"	17	150	1	1	0	0	0	0	0	0	3
11	77	"e7+3(g2+su(2))"	"e7+4(g2+su(2))"	20	150	1	1	0	0	0	0	0	0	3
11	77	"e7+3(g2+su(2))"	"e7+f4+2(g2+su(2))+so(7)+2 su(2)"	17	105	1	0	0	1	0	0	0	0	6
11	77	"e7+3(g2+su(2))"	"e7+f4+g2+su(2)+2(so(7)+2 su(2))"	17	103	2	0	0	1	0	0	0	0	3
11	77	"e7+3(g2+su(2))"	"e7+g2+su(2)+2(so(7)+2 su(2))"	15	155	2	0	0	0	0	0	0	0	44
11	77	"e7+3(g2+su(2))"	"e7+g2+su(2)+2(so(7)+2 su(2))"	16	155	2	0	0	0	0	0	0	0	62
11	77	"e7+3(g2+su(2))"	"e7+g2+su(2)+2(so(7)+2 su(2))"	17	155	2	0	0	0	0	0	0	0	14
11	77	"e7+3(g2+su(2))"	"e7+g2+su(2)+2(so(7)+2 su(2))"	18	155	2	0	0	0	0	0	0	0	3
11	77	"e7+3(g2+su(2))"	"e7+g2+su(2)+2(so(7)+2 su(2))"	20	155	2	0	0	0	0	0	0	0	2
11	77	"e7+3(g2+su(2))"	"e7+so(8)+2(g2+su(2))+so(7)+2 su(2)"	16	129	1	0	1	0	0	0	0	0	17
11	77	"e7+3(g2+su(2))"	"e7+so(8)+g2+su(2)+2(so(7)+2 su(2))"	16	127	2	0	1	0	0	0	0	0	10
11	77	"e7+3(g2+su(2))"	"e7+so(8)+g2+su(2)+2(so(7)+2 su(2))"	17	127	2	0	1	0	0	0	0	0	2
11	77	"e7+3(g2+su(2))"	"e7+su(3)+2(g2+su(2))+so(7)+2 su(2)"	15	149	1	1	0	0	0	0	0	0	2
11	77	"e7+3(g2+su(2))"	"e7+su(3)+2(g2+su(2))+so(7)+2 su(2)"	16	149	1	1	0	0	0	0	0	0	37
11	77	"e7+3(g2+su(2))"	"e7+su(3)+2(g2+su(2))+so(7)+2 su(2)"	17	149	1	1	0	0	0	0	0	0	10
11	77	"e7+3(g2+su(2))"	"e7+su(3)+2(g2+su(2))+so(7)+2 su(2)"	18	149	1	1	0	0	0	0	0	0	5
11	77	"e7+3(g2+su(2))"	"e7+su(3)+2(g2+su(2))+so(7)+2 su(2)"	19	149	1	1	0	0	0	0	0	0	7
11	77	"e7+3(g2+su(2))"	"e7+su(3)+2(g2+su(2))+so(7)+2 su(2)"	20	149	1	1	0	0	0	0	0	0	2
11	77	"e7+3(g2+su(2))"	"e7+su(3)+3(g2+su(2))"	16	151	0	1	0	0	0	0	0	0	4
11	77	"e7+3(g2+su(2))"	"e7+su(3)+3(g2+su(2))"	20	151	0	1	0	0	0	0	0	0	2
11	77	"e7+3(g2+su(2))"	"e7+su(3)+3(so(7)+2 su(2))"	16	145	3	1	0	0	0	0	0	0	7
11	77	"e7+3(g2+su(2))"	"e7+su(3)+g2+su(2)+2(so(7)+2 su(2))"	16	147	2	1	0	0	0	0	0	0	47
11	77	"e7+3(g2+su(2))"	"e7+su(3)+g2+su(2)+2(so(7)+2 su(2))"	17	147	2	1	0	0	0	0	0	0	9
11	77	"e7+3(g2+su(2))"	"e7+su(3)+g2+su(2)+2(so(7)+2 su(2))"	18	147	2	1	0	0	0	0	0	0	2
11	78	"e7+2(g2+su(2))"	"e7+2(g2+su(2))+so(7)+2 su(2)"	15	157	2	1	0	0	0	0	0	0	20
11	78	"e7+2(g2+su(2))"	"e7+2(g2+su(2))+so(7)+2 su(2)"	16	157	2	1	0	0	0	0	0	0	37
11	78	"e7+2(g2+su(2))"	"e7+2(g2+su(2))+so(7)+2 su(2)"	17	157	2	1	0	0	0	0	0	0	8
11	78	"e7+2(g2+su(2))"	"e7+2(g2+su(2))+so(7)+2 su(2)"	18	157	2	1	0	0	0	0	0	0	2
11	78	"e7+2(g2+su(2))"	"e7+2(g2+su(2))+so(7)+2 su(2)"	20	157	2	1	0	0	0	0	0	0	10
11	78	"e7+2(g2+su(2))"	"e7+2(g2+su(2))+so(7)+2 su(2)"	27	157	2	1	0	0	0	0	0	0	2
11	78	"e7+2(g2+su(2))"	"e7+2 su(3)+2(g2+su(2))"	16	152	0	2	0	0	0	0	0	0	13
11	78	"e7+2(g2+su(2))"	"e7+2 su(3)+2(g2+su(2))"	17	152	0	2	0	0	0	0	0	0	6
11	78	"e7+2(g2+su(2))"	"e7+2 su(3)+2(g2+su(2))"	19	152	0	2	0	0	0	0	0	0	4
11	78	"e7+2(g2+su(2))"	"e7+2 su(3)+2(g2+su(2))"	20	152	0	2	0	0	0	0	0	0	2
11	78	"e7+2(g2+su(2))"	"e7+2 su(3)+3(g2+su(2))"	17	143	1	3	0	0	0	0	0	0	2
11	78	"e7+2(g2+su(2))"	"e7+2 su(3)+3(g2+su(2))"	20	143	1	3	0	0	0	0	0	0	2
11	78	"e7+2(g2+su(2))"	"e7+2 su(3)+3(g2+su(2))"	22	143	1	3	0	0	0	0	0	0	6
11	78	"e7+2(g2+su(2))"	"e7+2 su(3)+3(g2+su(2))"	30	143	1	3	0	0	0	0	0	0	2
11	78	"e7+2(g2+su(2))"	"e7+3(g2+su(2))"	14	159	1	1	0	0	0	0	0	0	2
11	78	"e7+2(g2+su(2))"	"e7+3(g2+su(2))"	15	159	1	1	0	0	0	0	0	0	45
11	78	"e7+2(g2+su(2))"	"e7+3(g2+su(2))"	16	159	1	1	0	0	0	0	0	0	86
11	78	"e7+2(g2+su(2))"	"e7+3(g2+su(2))"	17	159	1	1	0	0	0	0	0	0	22
11	78	"e7+2(g2+su(2))"	"e7+3(g2+su(2))"	18	159	1	1	0	0	0	0	0	0	4
11	78	"e7+2(g2+su(2))"	"e7+3(g2+su(2))"	19	159	1	1	0	0	0	0	0	0	5
11	78	"e7+2(g2+su(2))"	"e7+3(g2+su(2))"	20	159	1	1	0	0	0	0	0	0	8
11	78	"e7+2(g2+su(2))"	"e7+3(g2+su(2))"	27	159	1	1	0	0	0	0	0	0	2
11	78	"e7+2(g2+su(2))"	"e7+3 su(3)+2(g2+su(2))"	16	144	0	3	0	0	0	0	0	0	2
11	78	"e7+2(g2+su(2))"	"e7+3 su(3)+2(g2+su(2))"	17	144	0	3	0	0	0	0	0	0	2
11	78	"e7+2(g2+su(2))"	"e7+3 su(3)+2(g2+su(2))"	19	144	0	3	0	0	0	0	0	0	2
11	78	"e7+2(g2+su(2))"	"e7+4(g2+su(2))"	16	150	2	2	0	0	0	0	0	0	2
11	78	"e7+2(g2+su(2))"	"e7+4(g2+su(2))"	17	150	2	2	0	0	0	0	0	0	6
11	78	"e7+2(g2+su(2))"	"e7+f4+2(g2+su(2))"	11	116	0	0	0	1	0	0	0	0	2
11	78	"e7+2(g2+su(2))"	"e7+f4+2 su(3)+2(g2+su(2))"	18	100	0	2	0	1	0	0	0	0	2
11	78	"e7+2(g2+su(2))"	"e7+f4+2 su(3)+2(g2+su(2))"	20	100	0	2	0	1	0	0	0	0	2
11	78	"e7+2(g2+su(2))"	"e7+f4+3(g2+su(2))"	17	107	1	1	0	1	0	0	0	0	28
11	78	"e7+2(g2+su(2))"	"e7+f4+3(g2+su(2))"	18	107	1	1	0	1	0	0	0	0	2
11	78	"e7+2(g2+su(2))"	"e7+f4+3(g2+su(2))"	20	107	1	1	0	1	0	0	0	0	4
11	78	"e7+2(g2+su(2))"	"e7+f4+3(g2+su(2))"	21	107	1	1	0	1	0	0	0	0	4
11	78	"e7+2(g2+su(2))"	"e7+f4+so(8)+2(g2+su(2))"	16	88	0	0	1	1	0	0	0	0	2
11	78	"e7+2(g2+su(2))"	"e7+f4+su(3)+2(g2+su(2))"	15	108	0	1	0	1	0	0	0	0	2
11	78	"e7+2(g2+su(2))"	"e7+f4+su(3)+2(g2+su(2))"	18	108	0	1	0	1	0	0	0	0	2
11	78	"e7+2(g2+su(2))"	"e7+f4+su(3)+2(g2+su(2))"	20	108	0	1	0	1	0	0	0	0	4
11	78	"e7+2(g2+su(2))"	"e7+f4+su(3)+2(g2+su(2))"	21	108	0	1	0	1	0	0	0	0	2
11	78	"e7+2(g2+su(2))"	"e7+f4+su(3)+3(g2+su(2))"	18	99	1	2	0	1	0	0	0	0	4
11	78	"e7+2(g2+su(2))"	"e7+so(8)+2(g2+su(2))"	11	140	0	0	1	0	0	0	0	0	2
11	78	"e7+2(g2+su(2))"	"e7+so(8)+2 su(3)+2(g2+su(2))"	17	124	0	2	1	0	0	0	0	0	2
11	78	"e7+2(g2+su(2))"	"e7+so(8)+2 su(3)+2(g2+su(2))"	23	124	0	2	1	0	0	0	0	0	2
11	78	"e7+2(g2+su(2))"	"e7+so(8)+3(g2+su(2))"	16	131	1	1	1	0	0	0	0	0	36
11	78	"e7+2(g2+su(2))"	"e7+so(8)+3(g2+su(2))"	17	131	1	1	1	0	0	0	0	0	22
11	78	"e7+2(g2+su(2))"	"e7+so(8)+3(g2+su(2))"	18	131	1	1	1	0	0	0	0	0	2
11	78	"e7+2(g2+su(2))"	"e7+so(8)+3(g2+su(2))"	20	131	1	1	1	0	0	0	0	0	2
11	78	"e7+2(g2+su(2))"	"e7+so(8)+3(g2+su(2))"	29	131	1	1	1	0	0	0	0	0	2
11	78	"e7+2(g2+su(2))"	"e7+so(8)+3(g2+su(2))"	44	131	1	1	1	0	0	0	0	0	2
11	78	"e7+2(g2+su(2))"	"e7+so(8)+3(g2+su(2))"	62	131	1	1	1	0	0	0	0	0	2
11	78	"e7+2(g2+su(2))"	"e7+so(8)+su(3)+2(g2+su(2))"	14	132	0	1	1	0	0	0	0	0	2
11	78	"e7+2(g2+su(2))"	"e7+so(8)+su(3)+2(g2+su(2))"	20	132	0	1	1	0	0	0	0	0	2
11	78	"e7+2(g2+su(2))"	"e7+so(8)+su(3)+2(g2+su(2))"	28	132	0	1	1	0	0	0	0	0	2
11	78	"e7+2(g2+su(2))"	"e7+so(8)+su(3)+2(g2+su(2))"	38	132	0	1	1	0	0	0	0	0	2
11	78	"e7+2(g2+su(2))"	"e7+so(8)+su(3)+2(g2+su(2))"	52	132	0	1	1	0	0	0	0	0	2
11	78	"e7+2(g2+su(2))"	"e7+so(8)+su(3)+3(g2+su(2))"	18	123	1	2	1	0	0	0	0	0	4
11	78	"e7+2(g2+su(2))"	"e7+su(3)+2(g2+su(2))"	11	160	0	1	0	0	0	0	0	0	2
11	78	"e7+2(g2+su(2))"	"e7+su(3)+2(g2+su(2))"	16	160	0	1	0	0	0	0	0	0	5
11	78	"e7+2(g2+su(2))"	"e7+su(3)+2(g2+su(2))"	17	160	0	1	0	0	0	0	0	0	4
11	78	"e7+2(g2+su(2))"	"e7+su(3)+2(g2+su(2))"	18	160	0	1	0	0	0	0	0	0	2
11	78	"e7+2(g2+su(2))"	"e7+su(3)+2(g2+su(2))"	19	160	0	1	0	0	0	0	0	0	2
11	78	"e7+2(g2+su(2))"	"e7+su(3)+2(g2+su(2))"	20	160	0	1	0	0	0	0	0	0	4
11	78	"e7+2(g2+su(2))"	"e7+su(3)+2(g2+su(2))+so(7)+2 su(2)"	16	149	2	2	0	0	0	0	0	0	14
11	78	"e7+2(g2+su(2))"	"e7+su(3)+2(g2+su(2))+so(7)+2 su(2)"	17	149	2	2	0	0	0	0	0	0	14
11	78	"e7+2(g2+su(2))"	"e7+su(3)+2(g2+su(2))+so(7)+2 su(2)"	18	149	2	2	0	0	0	0	0	0	6
11	78	"e7+2(g2+su(2))"	"e7+su(3)+2(g2+su(2))+so(7)+2 su(2)"	19	149	2	2	0	0	0	0	0	0	4
11	78	"e7+2(g2+su(2))"	"e7+su(3)+2(g2+su(2))+so(7)+2 su(2)"	20	149	2	2	0	0	0	0	0	0	4
11	78	"e7+2(g2+su(2))"	"e7+su(3)+2(g2+su(2))+so(7)+2 su(2)"	30	149	2	2	0	0	0	0	0	0	2
11	78	"e7+2(g2+su(2))"	"e7+su(3)+2(g2+su(2))+so(7)+2 su(2)"	63	149	2	2	0	0	0	0	0	0	2
11	78	"e7+2(g2+su(2))"	"e7+su(3)+3(g2+su(2))"	16	151	1	2	0	0	0	0	0	0	86
11	78	"e7+2(g2+su(2))"	"e7+su(3)+3(g2+su(2))"	17	151	1	2	0	0	0	0	0	0	20
11	78	"e7+2(g2+su(2))"	"e7+su(3)+3(g2+su(2))"	18	151	1	2	0	0	0	0	0	0	8
11	78	"e7+2(g2+su(2))"	"e7+su(3)+3(g2+su(2))"	19	151	1	2	0	0	0	0	0	0	6
11	78	"e7+2(g2+su(2))"	"e7+su(3)+3(g2+su(2))"	20	151	1	2	0	0	0	0	0	0	8
11	78	"e7+2(g2+su(2))"	"e7+su(3)+3(g2+su(2))"	22	151	1	2	0	0	0	0	0	0	2
11	78	"e7+2(g2+su(2))"	"e7+su(3)+3(g2+su(2))"	23	151	1	2	0	0	0	0	0	0	2
11	78	"e7+2(g2+su(2))"	"e7+su(3)+3(g2+su(2))"	24	151	1	2	0	0	0	0	0	0	2
11	78	"e7+2(g2+su(2))"	"e7+su(3)+3(g2+su(2))"	30	151	1	2	0	0	0	0	0	0	2
11	79	"e7+su(3)+2(g2+su(2))"	"e7+2(g2+su(2))+2(so(7)+2 su(2))"	16	146	4	1	0	0	0	0	0	0	2
11	79	"e7+su(3)+2(g2+su(2))"	"e7+2(g2+su(2))+so(7)+2 su(2)"	15	157	2	0	0	0	0	0	0	0	38
11	79	"e7+su(3)+2(g2+su(2))"	"e7+2(g2+su(2))+so(7)+2 su(2)"	16	157	2	0	0	0	0	0	0	0	90
11	79	"e7+su(3)+2(g2+su(2))"	"e7+2(g2+su(2))+so(7)+2 su(2)"	17	157	2	0	0	0	0	0	0	0	20
11	79	"e7+su(3)+2(g2+su(2))"	"e7+2(g2+su(2))+so(7)+2 su(2)"	18	157	2	0	0	0	0	0	0	0	11
11	79	"e7+su(3)+2(g2+su(2))"	"e7+2(g2+su(2))+so(7)+2 su(2)"	19	157	2	0	0	0	0	0	0	0	2
11	79	"e7+su(3)+2(g2+su(2))"	"e7+2(g2+su(2))+so(7)+2 su(2)"	20	157	2	0	0	0	0	0	0	0	2
11	79	"e7+su(3)+2(g2+su(2))"	"e7+2(g2+su(2))+so(7)+2 su(2)"	21	157	2	0	0	0	0	0	0	0	3
11	79	"e7+su(3)+2(g2+su(2))"	"e7+2 su(3)+2(g2+su(2))"	16	152	0	1	0	0	0	0	0	0	7
11	79	"e7+su(3)+2(g2+su(2))"	"e7+2 su(3)+2(g2+su(2))"	17	152	0	1	0	0	0	0	0	0	2
11	79	"e7+su(3)+2(g2+su(2))"	"e7+2 su(3)+2(g2+su(2))"	20	152	0	1	0	0	0	0	0	0	2
11	79	"e7+su(3)+2(g2+su(2))"	"e7+2 su(3)+2(g2+su(2))+so(7)+2 su(2)"	20	141	2	2	0	0	0	0	0	0	3
11	79	"e7+su(3)+2(g2+su(2))"	"e7+2 su(3)+3(g2+su(2))"	16	143	1	2	0	0	0	0	0	0	5
11	79	"e7+su(3)+2(g2+su(2))"	"e7+2 su(3)+3(g2+su(2))"	18	143	1	2	0	0	0	0	0	0	6
11	79	"e7+su(3)+2(g2+su(2))"	"e7+2 su(3)+g2+su(2)+so(7)+2 su(2)"	16	150	1	1	0	0	0	0	0	0	34
11	79	"e7+su(3)+2(g2+su(2))"	"e7+2 su(3)+g2+su(2)+so(7)+2 su(2)"	17	150	1	1	0	0	0	0	0	0	4
11	79	"e7+su(3)+2(g2+su(2))"	"e7+2 su(3)+g2+su(2)+so(7)+2 su(2)"	18	150	1	1	0	0	0	0	0	0	5
11	79	"e7+su(3)+2(g2+su(2))"	"e7+2 su(3)+g2+su(2)+so(7)+2 su(2)"	19	150	1	1	0	0	0	0	0	0	5
11	79	"e7+su(3)+2(g2+su(2))"	"e7+3(g2+su(2))"	15	159	1	0	0	0	0	0	0	0	7
11	79	"e7+su(3)+2(g2+su(2))"	"e7+3(g2+su(2))"	16	159	1	0	0	0	0	0	0	0	19
11	79	"e7+su(3)+2(g2+su(2))"	"e7+3(g2+su(2))"	17	159	1	0	0	0	0	0	0	0	7
11	79	"e7+su(3)+2(g2+su(2))"	"e7+3(g2+su(2))+so(7)+2 su(2)"	16	148	3	1	0	0	0	0	0	0	20
11	79	"e7+su(3)+2(g2+su(2))"	"e7+3(g2+su(2))+so(7)+2 su(2)"	17	148	3	1	0	0	0	0	0	0	4
11	79	"e7+su(3)+2(g2+su(2))"	"e7+3 su(3)+2(g2+su(2))"	16	144	0	2	0	0	0	0	0	0	4
11	79	"e7+su(3)+2(g2+su(2))"	"e7+3 su(3)+2(g2+su(2))"	17	144	0	2	0	0	0	0	0	0	2
11	79	"e7+su(3)+2(g2+su(2))"	"e7+3 su(3)+2(g2+su(2))"	20	144	0	2	0	0	0	0	0	0	2
11	79	"e7+su(3)+2(g2+su(2))"	"e7+3 su(3)+g2+su(2)+so(7)+2 su(2)"	16	142	1	2	0	0	0	0	0	0	2
11	79	"e7+su(3)+2(g2+su(2))"	"e7+3 su(3)+g2+su(2)+so(7)+2 su(2)"	18	142	1	2	0	0	0	0	0	0	2
11	79	"e7+su(3)+2(g2+su(2))"	"e7+4(g2+su(2))"	16	150	2	1	0	0	0	0	0	0	25
11	79	"e7+su(3)+2(g2+su(2))"	"e7+4(g2+su(2))"	17	150	2	1	0	0	0	0	0	0	4
11	79	"e7+su(3)+2(g2+su(2))"	"e7+4(g2+su(2))"	18	150	2	1	0	0	0	0	0	0	5
11	79	"e7+su(3)+2(g2+su(2))"	"e7+4(g2+su(2))"	19	150	2	1	0	0	0	0	0	0	2
11	79	"e7+su(3)+2(g2+su(2))"	"e7+f4+2(g2+su(2))+so(7)+2 su(2)"	17	105	2	0	0	1	0	0	0	0	16
11	79	"e7+su(3)+2(g2+su(2))"	"e7+f4+3(g2+su(2))"	17	107	1	0	0	1	0	0	0	0	10
11	79	"e7+su(3)+2(g2+su(2))"	"e7+f4+g2+su(2)+2(so(7)+2 su(2))"	17	103	3	0	0	1	0	0	0	0	6
11	79	"e7+su(3)+2(g2+su(2))"	"e7+f4+su(3)+g2+su(2)+so(7)+2 su(2)"	17	106	1	0	0	1	0	0	0	0	11
11	79	"e7+su(3)+2(g2+su(2))"	"e7+g2+su(2)+2(so(7)+2 su(2))"	15	155	3	0	0	0	0	0	0	0	15
11	79	"e7+su(3)+2(g2+su(2))"	"e7+g2+su(2)+2(so(7)+2 su(2))"	16	155	3	0	0	0	0	0	0	0	80
11	79	"e7+su(3)+2(g2+su(2))"	"e7+g2+su(2)+2(so(7)+2 su(2))"	17	155	3	0	0	0	0	0	0	0	8
11	79	"e7+su(3)+2(g2+su(2))"	"e7+g2+su(2)+2(so(7)+2 su(2))"	18	155	3	0	0	0	0	0	0	0	6
11	79	"e7+su(3)+2(g2+su(2))"	"e7+g2+su(2)+2(so(7)+2 su(2))"	19	155	3	0	0	0	0	0	0	0	3
11	79	"e7+su(3)+2(g2+su(2))"	"e7+g2+su(2)+2(so(7)+2 su(2))"	21	155	3	0	0	0	0	0	0	0	2
11	79	"e7+su(3)+2(g2+su(2))"	"e7+so(8)+2(g2+su(2))+so(7)+2 su(2)"	16	129	2	0	1	0	0	0	0	0	20
11	79	"e7+su(3)+2(g2+su(2))"	"e7+so(8)+2(g2+su(2))+so(7)+2 su(2)"	17	129	2	0	1	0	0	0	0	0	13
11	79	"e7+su(3)+2(g2+su(2))"	"e7+so(8)+2 su(3)+2(g2+su(2))"	17	124	0	1	1	0	0	0	0	0	2
11	79	"e7+su(3)+2(g2+su(2))"	"e7+so(8)+3(g2+su(2))"	16	131	1	0	1	0	0	0	0	0	10
11	79	"e7+su(3)+2(g2+su(2))"	"e7+so(8)+3(g2+su(2))"	17	131	1	0	1	0	0	0	0	0	9
11	79	"e7+su(3)+2(g2+su(2))"	"e7+so(8)+g2+su(2)+2(so(7)+2 su(2))"	16	127	3	0	1	0	0	0	0	0	5
11	79	"e7+su(3)+2(g2+su(2))"	"e7+so(8)+g2+su(2)+2(so(7)+2 su(2))"	17	127	3	0	1	0	0	0	0	0	7
11	79	"e7+su(3)+2(g2+su(2))"	"e7+so(8)+su(3)+g2+su(2)+so(7)+2 su(2)"	16	130	1	0	1	0	0	0	0	0	13
11	79	"e7+su(3)+2(g2+su(2))"	"e7+so(8)+su(3)+g2+su(2)+so(7)+2 su(2)"	17	130	1	0	1	0	0	0	0	0	7
11	79	"e7+su(3)+2(g2+su(2))"	"e7+su(3)+2(g2+su(2))+so(7)+2 su(2)"	16	149	2	1	0	0	0	0	0	0	125
11	79	"e7+su(3)+2(g2+su(2))"	"e7+su(3)+2(g2+su(2))+so(7)+2 su(2)"	17	149	2	1	0	0	0	0	0	0	12
11	79	"e7+su(3)+2(g2+su(2))"	"e7+su(3)+2(g2+su(2))+so(7)+2 su(2)"	18	149	2	1	0	0	0	0	0	0	13
11	79	"e7+su(3)+2(g2+su(2))"	"e7+su(3)+2(g2+su(2))+so(7)+2 su(2)"	19	149	2	1	0	0	0	0	0	0	6
11	79	"e7+su(3)+2(g2+su(2))"	"e7+su(3)+2(g2+su(2))+so(7)+2 su(2)"	20	149	2	1	0	0	0	0	0	0	6
11	79	"e7+su(3)+2(g2+su(2))"	"e7+su(3)+3(g2+su(2))"	16	151	1	1	0	0	0	0	0	0	55
11	79	"e7+su(3)+2(g2+su(2))"	"e7+su(3)+3(g2+su(2))"	17	151	1	1	0	0	0	0	0	0	9
11	79	"e7+su(3)+2(g2+su(2))"	"e7+su(3)+3(g2+su(2))"	18	151	1	1	0	0	0	0	0	0	9
11	79	"e7+su(3)+2(g2+su(2))"	"e7+su(3)+3(g2+su(2))"	19	151	1	1	0	0	0	0	0	0	6
11	79	"e7+su(3)+2(g2+su(2))"	"e7+su(3)+3(g2+su(2))"	20	151	1	1	0	0	0	0	0	0	8
11	79	"e7+su(3)+2(g2+su(2))"	"e7+su(3)+4(g2+su(2))"	22	142	2	2	0	0	0	0	0	0	2
11	79	"e7+su(3)+2(g2+su(2))"	"e7+su(3)+g2+su(2)+2(so(7)+2 su(2))"	16	147	3	1	0	0	0	0	0	0	31
11	79	"e7+su(3)+2(g2+su(2))"	"e7+su(3)+g2+su(2)+2(so(7)+2 su(2))"	17	147	3	1	0	0	0	0	0	0	6
11	79	"e7+su(3)+2(g2+su(2))"	"e7+su(3)+g2+su(2)+2(so(7)+2 su(2))"	18	147	3	1	0	0	0	0	0	0	2
11	79	"e7+su(3)+2(g2+su(2))"	"e7+su(3)+g2+su(2)+so(7)+2 su(2)"	15	158	1	0	0	0	0	0	0	0	12
11	79	"e7+su(3)+2(g2+su(2))"	"e7+su(3)+g2+su(2)+so(7)+2 su(2)"	16	158	1	0	0	0	0	0	0	0	18
11	79	"e7+su(3)+2(g2+su(2))"	"e7+su(3)+g2+su(2)+so(7)+2 su(2)"	17	158	1	0	0	0	0	0	0	0	6
11	80	"e7'+f4+so(7)+2 su(2)"	"e7'+f4+2(g2+su(2))+so(7)+2 su(2)"	16	133	1	2	0	0	0	0	0	0	3
11	80	"e7'+f4+so(7)+2 su(2)"	"e7'+f4+2(g2+su(2))+so(7)+2 su(2)"	17	133	1	2	0	0	0	0	0	0	4
11	80	"e7'+f4+so(7)+2 su(2)"	"e7'+f4+g2+su(2)+so(7)+2 su(2)"	16	142	0	1	0	0	0	0	0	0	2
11	80	"e7'+f4+so(7)+2 su(2)"	"e7'+f4+g2+su(2)+so(7)+2 su(2)"	16	142	1	1	0	0	0	0	0	0	4
11	80	"e7'+f4+so(7)+2 su(2)"	"e7'+f4+g2+su(2)+so(7)+2 su(2)"	17	142	1	1	0	0	0	0	0	0	3
11	81	"e7'+f4+g2+su(2)"	"e7'+f4+2(g2+su(2))"	11	144	0	1	0	0	0	0	0	0	2
11	81	"e7'+f4+g2+su(2)"	"e7'+f4+2(g2+su(2))"	16	144	0	1	0	0	0	0	0	0	3
11	81	"e7'+f4+g2+su(2)"	"e7'+f4+2(g2+su(2))+so(7)+2 su(2)"	16	133	1	2	0	0	0	0	0	0	3
11	81	"e7'+f4+g2+su(2)"	"e7'+f4+2(g2+su(2))+so(7)+2 su(2)"	20	133	1	2	0	0	0	0	0	0	2
11	81	"e7'+f4+g2+su(2)"	"e7'+f4+g2+su(2)+so(7)+2 su(2)"	16	142	1	1	0	0	0	0	0	0	4
11	81	"e7'+f4+g2+su(2)"	"e7'+f4+g2+su(2)+so(7)+2 su(2)"	18	142	1	1	0	0	0	0	0	0	3
11	82	"e7'+f4+g2+su(2)"	"e7'+f4+2(g2+su(2))"	11	144	0	1	0	0	0	0	0	0	2
11	82	"e7'+f4+g2+su(2)"	"e7'+f4+2(g2+su(2))+so(7)+2 su(2)"	16	133	1	2	0	0	0	0	0	0	7
11	82	"e7'+f4+g2+su(2)"	"e7'+f4+2(g2+su(2))+so(7)+2 su(2)"	17	133	1	2	0	0	0	0	0	0	2
11	82	"e7'+f4+g2+su(2)"	"e7'+f4+2(g2+su(2))+so(7)+2 su(2)"	18	133	1	2	0	0	0	0	0	0	3
11	82	"e7'+f4+g2+su(2)"	"e7'+f4+2(g2+su(2))+so(7)+2 su(2)"	20	133	1	2	0	0	0	0	0	0	2
11	82	"e7'+f4+g2+su(2)"	"e7'+f4+g2+su(2)+so(7)+2 su(2)"	16	142	1	1	0	0	0	0	0	0	15
11	82	"e7'+f4+g2+su(2)"	"e7'+f4+g2+su(2)+so(7)+2 su(2)"	17	142	1	1	0	0	0	0	0	0	4
11	82	"e7'+f4+g2+su(2)"	"e7'+f4+g2+su(2)+so(7)+2 su(2)"	18	142	1	1	0	0	0	0	0	0	6
11	88	"e6+f4+3 su(3)"	"e6+f4+2 su(3)+2(g2+su(2))"	15	155	1	1	0	0	0	0	0	0	3
11	88	"e6+f4+3 su(3)"	"e6+f4+2 su(3)+2(g2+su(2))"	16	155	1	1	0	0	0	0	0	0	8
11	88	"e6+f4+3 su(3)"	"e6+f4+2 su(3)+2(g2+su(2))"	17	155	1	1	0	0	0	0	0	0	2
11	88	"e6+f4+3 su(3)"	"e6+f4+2 su(3)+2(g2+su(2))"	20	155	1	1	0	0	0	0	0	0	3
11	88	"e6+f4+3 su(3)"	"e6+f4+2 su(3)+2(so(7)+2 su(2))"	16	151	3	1	0	0	0	0	0	0	7
11	88	"e6+f4+3 su(3)"	"e6+f4+2 su(3)+2(so(7)+2 su(2))"	18	151	3	1	0	0	0	0	0	0	3
11	88	"e6+f4+3 su(3)"	"e6+f4+2 su(3)+2(so(7)+2 su(2))"	19	151	3	1	0	0	0	0	0	0	2
11	88	"e6+f4+3 su(3)"	"e6+f4+2 su(3)+g2+su(2)"	15	164	1	0	0	0	0	0	0	0	8
11	88	"e6+f4+3 su(3)"	"e6+f4+2 su(3)+g2+su(2)"	16	164	1	0	0	0	0	0	0	0	5
11	88	"e6+f4+3 su(3)"	"e6+f4+2 su(3)+g2+su(2)"	17	164	1	0	0	0	0	0	0	0	7
11	88	"e6+f4+3 su(3)"	"e6+f4+2 su(3)+g2+su(2)+so(7)+2 su(2)"	16	153	2	1	0	0	0	0	0	0	23
11	88	"e6+f4+3 su(3)"	"e6+f4+2 su(3)+g2+su(2)+so(7)+2 su(2)"	17	153	2	1	0	0	0	0	0	0	2
11	88	"e6+f4+3 su(3)"	"e6+f4+2 su(3)+g2+su(2)+so(7)+2 su(2)"	18	153	2	1	0	0	0	0	0	0	4
11	88	"e6+f4+3 su(3)"	"e6+f4+2 su(3)+g2+su(2)+so(7)+2 su(2)"	19	153	2	1	0	0	0	0	0	0	6
11	88	"e6+f4+3 su(3)"	"e6+f4+2 su(3)+g2+su(2)+so(7)+2 su(2)"	20	153	2	1	0	0	0	0	0	0	7
11	88	"e6+f4+3 su(3)"	"e6+f4+2 su(3)+so(7)+2 su(2)"	15	162	2	0	0	0	0	0	0	0	18
11	88	"e6+f4+3 su(3)"	"e6+f4+2 su(3)+so(7)+2 su(2)"	16	162	2	0	0	0	0	0	0	0	6
11	88	"e6+f4+3 su(3)"	"e6+f4+2 su(3)+so(7)+2 su(2)"	17	162	2	0	0	0	0	0	0	0	9
11	88	"e6+f4+3 su(3)"	"e6+f4+3 su(3)+2(g2+su(2))"	20	147	1	2	0	0	0	0	0	0	3
11	88	"e6+f4+3 su(3)"	"e6+f4+3 su(3)+g2+su(2)"	16	156	1	1	0	0	0	0	0	0	2
11	88	"e6+f4+3 su(3)"	"e6+f4+3 su(3)+g2+su(2)"	17	156	1	1	0	0	0	0	0	0	6
11	88	"e6+f4+3 su(3)"	"e6+f4+3 su(3)+so(7)+2 su(2)"	15	154	1	1	0	0	0	0	0	0	2
11	88	"e6+f4+3 su(3)"	"e6+f4+3 su(3)+so(7)+2 su(2)"	16	154	1	1	0	0	0	0	0	0	8
11	88	"e6+f4+3 su(3)"	"e6+f4+3 su(3)+so(7)+2 su(2)"	18	154	1	1	0	0	0	0	0	0	6
11	88	"e6+f4+3 su(3)"	"e6+f4+4 su(3)"	16	157	0	1	0	0	0	0	0	0	3
11	88	"e6+f4+3 su(3)"	"e6+f4+4 su(3)"	17	157	0	1	0	0	0	0	0	0	3
11	88	"e6+f4+3 su(3)"	"e6+f4+4 su(3)+g2+su(2)"	20	148	0	2	0	0	0	0	0	0	2
11	88	"e6+f4+3 su(3)"	"e6+f4+4 su(3)+so(7)+2 su(2)"	18	146	1	2	0	0	0	0	0	0	3
11	88	"e6+f4+3 su(3)"	"e6+f4+4 su(3)+so(7)+2 su(2)"	19	146	1	2	0	0	0	0	0	0	2
11	88	"e6+f4+3 su(3)"	"e6+f4+5 su(3)"	17	149	0	2	0	0	0	0	0	0	2
11	89	"e7+2 su(3)+2(g2+su(2))"	"e7+2(g2+su(2))+2(so(7)+2 su(2))"	16	146	4	0	0	0	0	0	0	0	40
11	89	"e7+2 su(3)+2(g2+su(2))"	"e7+2(g2+su(2))+2(so(7)+2 su(2))"	17	146	4	0	0	0	0	0	0	0	12
11	89	"e7+2 su(3)+2(g2+su(2))"	"e7+2(g2+su(2))+2(so(7)+2 su(2))"	18	146	4	0	0	0	0	0	0	0	2
11	89	"e7+2 su(3)+2(g2+su(2))"	"e7+2(g2+su(2))+2(so(7)+2 su(2))"	19	146	4	0	0	0	0	0	0	0	2
11	89	"e7+2 su(3)+2(g2+su(2))"	"e7+2 su(3)+2(g2+su(2))+so(7)+2 su(2)"	16	141	2	1	0	0	0	0	0	0	2
11	89	"e7+2 su(3)+2(g2+su(2))"	"e7+2 su(3)+2(g2+su(2))+so(7)+2 su(2)"	17	141	2	1	0	0	0	0	0	0	2
11	89	"e7+2 su(3)+2(g2+su(2))"	"e7+2 su(3)+2(g2+su(2))+so(7)+2 su(2)"	18	141	2	1	0	0	0	0	0	0	4
11	89	"e7+2 su(3)+2(g2+su(2))"	"e7+2 su(3)+2(so(7)+2 su(2))"	16	148	2	0	0	0	0	0	0	0	41
11	89	"e7+2 su(3)+2(g2+su(2))"	"e7+2 su(3)+2(so(7)+2 su(2))"	17	148	2	0	0	0	0	0	0	0	2
11	89	"e7+2 su(3)+2(g2+su(2))"	"e7+2 su(3)+3(g2+su(2))"	16	143	1	1	0	0	0	0	0	0	6
11	89	"e7+2 su(3)+2(g2+su(2))"	"e7+2 su(3)+3(g2+su(2))"	17	143	1	1	0	0	0	0	0	0	6
11	89	"e7+2 su(3)+2(g2+su(2))"	"e7+2 su(3)+3(g2+su(2))"	20	143	1	1	0	0	0	0	0	0	2
11	89	"e7+2 su(3)+2(g2+su(2))"	"e7+2 su(3)+g2+su(2)+so(7)+2 su(2)"	15	150	1	0	0	0	0	0	0	0	2
11	89	"e7+2 su(3)+2(g2+su(2))"	"e7+2 su(3)+g2+su(2)+so(7)+2 su(2)"	16	150	1	0	0	0	0	0	0	0	30
11	89	"e7+2 su(3)+2(g2+su(2))"	"e7+2 su(3)+g2+su(2)+so(7)+2 su(2)"	17	150	1	0	0	0	0	0	0	0	10
11	89	"e7+2 su(3)+2(g2+su(2))"	"e7+3(g2+su(2))+so(7)+2 su(2)"	15	148	3	0	0	0	0	0	0	0	2
11	89	"e7+2 su(3)+2(g2+su(2))"	"e7+3(g2+su(2))+so(7)+2 su(2)"	16	148	3	0	0	0	0	0	0	0	78
11	89	"e7+2 su(3)+2(g2+su(2))"	"e7+3(g2+su(2))+so(7)+2 su(2)"	17	148	3	0	0	0	0	0	0	0	14
11	89	"e7+2 su(3)+2(g2+su(2))"	"e7+3(g2+su(2))+so(7)+2 su(2)"	18	148	3	0	0	0	0	0	0	0	6
11	89	"e7+2 su(3)+2(g2+su(2))"	"e7+3(g2+su(2))+so(7)+2 su(2)"	19	148	3	0	0	0	0	0	0	0	4
11	89	"e7+2 su(3)+2(g2+su(2))"	"e7+3(g2+su(2))+so(7)+2 su(2)"	20	148	3	0	0	0	0	0	0	0	4
11	89	"e7+2 su(3)+2(g2+su(2))"	"e7+3 su(3)+2(g2+su(2))"	16	144	0	1	0	0	0	0	0	0	4
11	89	"e7+2 su(3)+2(g2+su(2))"	"e7+3 su(3)+2(g2+su(2))"	17	144	0	1	0	0	0	0	0	0	4
11	89	"e7+2 su(3)+2(g2+su(2))"	"e7+3 su(3)+g2+su(2)+so(7)+2 su(2)"	16	142	1	1	0	0	0	0	0	0	4
11	89	"e7+2 su(3)+2(g2+su(2))"	"e7+3 su(3)+g2+su(2)+so(7)+2 su(2)"	17	142	1	1	0	0	0	0	0	0	4
11	89	"e7+2 su(3)+2(g2+su(2))"	"e7+4(g2+su(2))"	16	150	2	0	0	0	0	0	0	0	27
11	89	"e7+2 su(3)+2(g2+su(2))"	"e7+4(g2+su(2))"	17	150	2	0	0	0	0	0	0	0	8
11	89	"e7+2 su(3)+2(g2+su(2))"	"e7+4(g2+su(2))"	18	150	2	0	0	0	0	0	0	0	2
11	89	"e7+2 su(3)+2(g2+su(2))"	"e7+4(g2+su(2))"	19	150	2	0	0	0	0	0	0	0	2
11	89	"e7+2 su(3)+2(g2+su(2))"	"e7+4(g2+su(2))"	20	150	2	0	0	0	0	0	0	0	6
11	89	"e7+2 su(3)+2(g2+su(2))"	"e7+g2+su(2)+3(so(7)+2 su(2))"	17	144	5	0	0	0	0	0	0	0	4
11	89	"e7+2 su(3)+2(g2+su(2))"	"e7+su(3)+2(g2+su(2))+so(7)+2 su(2)"	15	149	2	0	0	0	0	0	0	0	4
11	89	"e7+2 su(3)+2(g2+su(2))"	"e7+su(3)+2(g2+su(2))+so(7)+2 su(2)"	16	149	2	0	0	0	0	0	0	0	162
11	89	"e7+2 su(3)+2(g2+su(2))"	"e7+su(3)+2(g2+su(2))+so(7)+2 su(2)"	17	149	2	0	0	0	0	0	0	0	38
11	89	"e7+2 su(3)+2(g2+su(2))"	"e7+su(3)+2(g2+su(2))+so(7)+2 su(2)"	18	149	2	0	0	0	0	0	0	0	6
11	89	"e7+2 su(3)+2(g2+su(2))"	"e7+su(3)+2(g2+su(2))+so(7)+2 su(2)"	19	149	2	0	0	0	0	0	0	0	6
11	89	"e7+2 su(3)+2(g2+su(2))"	"e7+su(3)+3(g2+su(2))"	11	151	1	0	0	0	0	0	0	0	2
11	89	"e7+2 su(3)+2(g2+su(2))"	"e7+su(3)+3(g2+su(2))"	16	151	1	0	0	0	0	0	0	0	26
11	89	"e7+2 su(3)+2(g2+su(2))"	"e7+su(3)+3(g2+su(2))"	17	151	1	0	0	0	0	0	0	0	14
11	89	"e7+2 su(3)+2(g2+su(2))"	"e7+su(3)+3(so(7)+2 su(2))"	16	145	4	0	0	0	0	0	0	0	14
11	89	"e7+2 su(3)+2(g2+su(2))"	"e7+su(3)+4(g2+su(2))"	18	142	2	1	0	0	0	0	0	0	2
11	89	"e7+2 su(3)+2(g2+su(2))"	"e7+su(3)+g2+su(2)+2(so(7)+2 su(2))"	15	147	3	0	0	0	0	0	0	0	2
11	89	"e7+2 su(3)+2(g2+su(2))"	"e7+su(3)+g2+su(2)+2(so(7)+2 su(2))"	16	147	3	0	0	0	0	0	0	0	110
11	89	"e7+2 su(3)+2(g2+su(2))"	"e7+su(3)+g2+su(2)+2(so(7)+2 su(2))"	17	147	3	0	0	0	0	0	0	0	20
11	89	"e7+2 su(3)+2(g2+su(2))"	"e7+su(3)+g2+su(2)+2(so(7)+2 su(2))"	18	147	3	0	0	0	0	0	0	0	4
11	89	"e7+2 su(3)+2(g2+su(2))"	"e7+su(3)+g2+su(2)+2(so(7)+2 su(2))"	21	147	3	0	0	0	0	0	0	0	2
11	89	"e7+2 su(3)+2(g2+su(2))"	"e7+su(3)+g2+su(2)+2(so(7)+2 su(2))"	24	147	3	0	0	0	0	0	0	0	2
11	90	"e7'+f4+su(3)+so(7)+2 su(2)"	"e7'+f4+2(g2+su(2))+so(7)+2 su(2)"	16	133	1	1	0	0	0	0	0	0	3
11	90	"e7'+f4+su(3)+so(7)+2 su(2)"	"e7'+f4+g2+su(2)+2(so(7)+2 su(2))"	16	131	2	1	0	0	0	0	0	0	3
11	90	"e7'+f4+su(3)+so(7)+2 su(2)"	"e7'+f4+g2+su(2)+so(7)+2 su(2)"	16	142	1	0	0	0	0	0	0	0	7
11	90	"e7'+f4+su(3)+so(7)+2 su(2)"	"e7'+f4+su(3)+2(so(7)+2 su(2))"	16	132	1	1	0	0	0	0	0	0	3
11	91	"e7'+f4+2(g2+su(2))"	"e7'+f4+2(g2+su(2))+so(7)+2 su(2)"	16	133	1	1	0	0	0	0	0	0	6
11	91	"e7'+f4+2(g2+su(2))"	"e7'+f4+g2+su(2)+2(so(7)+2 su(2))"	16	131	2	1	0	0	0	0	0	0	3
11	91	"e7'+f4+2(g2+su(2))"	"e7'+f4+g2+su(2)+so(7)+2 su(2)"	16	142	1	0	0	0	0	0	0	0	7
11	92	"e7'+f4+2(g2+su(2))"	"e7'+f4+g2+su(2)+so(7)+2 su(2)"	16	142	1	0	0	0	0	0	0	0	14
11	93	"e7'+f4+2(g2+su(2))"	"e7'+f4+g2+su(2)+so(7)+2 su(2)"	16	142	1	0	0	0	0	0	0	0	5
11	93	"e7'+f4+2(g2+su(2))"	"e7'+f4+g2+su(2)+so(7)+2 su(2)"	17	142	1	0	0	0	0	0	0	0	2
11	93	"e7'+f4+2(g2+su(2))"	"e7'+f4+g2+su(2)+so(7)+2 su(2)"	18	142	1	0	0	0	0	0	0	0	2
11	96	"2 e6+su(3)"	"2 e6+2 su(3)"	11	147	0	1	0	0	0	0	0	0	2
11	96	"2 e6+su(3)"	"2 e6+2 su(3)"	15	147	0	1	0	0	0	0	0	0	2
11	96	"2 e6+su(3)"	"2 e6+2 su(3)"	16	147	0	1	0	0	0	0	0	0	9
11	96	"2 e6+su(3)"	"2 e6+2 su(3)"	17	147	0	1	0	0	0	0	0	0	2
11	96	"2 e6+su(3)"	"2 e6+2 su(3)+2(g2+su(2))"	16	129	0	3	0	0	0	0	0	0	3
11	96	"2 e6+su(3)"	"2 e6+2 su(3)+2(so(7)+2 su(2))"	16	125	2	3	0	0	0	0	0	0	4
11	96	"2 e6+su(3)"	"2 e6+2 su(3)+2(so(7)+2 su(2))"	17	125	2	3	0	0	0	0	0	0	10
11	96	"2 e6+su(3)"	"2 e6+2 su(3)+2(so(7)+2 su(2))"	24	125	2	3	0	0	0	0	0	0	2
11	96	"2 e6+su(3)"	"2 e6+2 su(3)+g2+su(2)"	14	138	0	2	0	0	0	0	0	0	2
11	96	"2 e6+su(3)"	"2 e6+2 su(3)+g2+su(2)"	15	138	0	2	0	0	0	0	0	0	2
11	96	"2 e6+su(3)"	"2 e6+2 su(3)+g2+su(2)"	16	138	0	2	0	0	0	0	0	0	8
11	96	"2 e6+su(3)"	"2 e6+2 su(3)+g2+su(2)"	17	138	0	2	0	0	0	0	0	0	2
11	96	"2 e6+su(3)"	"2 e6+2 su(3)+g2+su(2)+so(7)+2 su(2)"	16	127	1	3	0	0	0	0	0	0	22
11	96	"2 e6+su(3)"	"2 e6+2 su(3)+g2+su(2)+so(7)+2 su(2)"	17	127	1	3	0	0	0	0	0	0	22
11	96	"2 e6+su(3)"	"2 e6+2 su(3)+g2+su(2)+so(7)+2 su(2)"	18	127	1	3	0	0	0	0	0	0	2
11	96	"2 e6+su(3)"	"2 e6+2 su(3)+so(7)+2 su(2)"	16	136	0	2	0	0	0	0	0	0	3
11	96	"2 e6+su(3)"	"2 e6+2 su(3)+so(7)+2 su(2)"	16	136	1	2	0	0	0	0	0	0	78
11	96	"2 e6+su(3)"	"2 e6+2 su(3)+so(7)+2 su(2)"	17	136	1	2	0	0	0	0	0	0	12
11	96	"2 e6+su(3)"	"2 e6+2 su(3)+so(7)+2 su(2)"	18	136	1	2	0	0	0	0	0	0	14
11	96	"2 e6+su(3)"	"2 e6+2 su(3)+so(7)+2 su(2)"	19	136	1	2	0	0	0	0	0	0	2
11	96	"2 e6+su(3)"	"2 e6+2 su(3)+so(7)+2 su(2)"	20	136	1	2	0	0	0	0	0	0	2
11	96	"2 e6+su(3)"	"2 e6+2 su(3)+so(7)+2 su(2)"	38	136	1	2	0	0	0	0	0	0	2
11	96	"2 e6+su(3)"	"2 e6+3 su(3)"	16	139	0	2	0	0	0	0	0	0	11
11	96	"2 e6+su(3)"	"2 e6+3 su(3)"	17	139	0	2	0	0	0	0	0	0	4
11	96	"2 e6+su(3)"	"2 e6+3 su(3)+g2+su(2)"	16	130	0	3	0	0	0	0	0	0	8
11	96	"2 e6+su(3)"	"2 e6+3 su(3)+g2+su(2)"	17	130	0	3	0	0	0	0	0	0	2
11	96	"2 e6+su(3)"	"2 e6+3 su(3)+g2+su(2)+so(7)+2 su(2)"	17	119	1	4	0	0	0	0	0	0	4
11	96	"2 e6+su(3)"	"2 e6+3 su(3)+so(7)+2 su(2)"	16	128	1	3	0	0	0	0	0	0	12
11	96	"2 e6+su(3)"	"2 e6+3 su(3)+so(7)+2 su(2)"	18	128	1	3	0	0	0	0	0	0	2
11	96	"2 e6+su(3)"	"2 e6+4 su(3)"	17	131	0	3	0	0	0	0	0	0	2
11	96	"2 e6+su(3)"	"2 e6+4 su(3)+g2+su(2)"	17	122	0	4	0	0	0	0	0	0	2
11	96	"2 e6+su(3)"	"2 e6+su(3)+2(so(7)+2 su(2))"	16	133	2	2	0	0	0	0	0	0	45
11	96	"2 e6+su(3)"	"2 e6+su(3)+2(so(7)+2 su(2))"	17	133	2	2	0	0	0	0	0	0	10
11	96	"2 e6+su(3)"	"2 e6+su(3)+2(so(7)+2 su(2))"	21	133	2	2	0	0	0	0	0	0	2
11	96	"2 e6+su(3)"	"2 e6+su(3)+g2+su(2)"	11	146	0	1	0	0	0	0	0	0	2
11	96	"2 e6+su(3)"	"2 e6+su(3)+g2+su(2)+so(7)+2 su(2)"	16	135	1	2	0	0	0	0	0	0	66
11	96	"2 e6+su(3)"	"2 e6+su(3)+g2+su(2)+so(7)+2 su(2)"	17	135	1	2	0	0	0	0	0	0	26
11	96	"2 e6+su(3)"	"2 e6+su(3)+g2+su(2)+so(7)+2 su(2)"	18	135	1	2	0	0	0	0	0	0	12
11	96	"2 e6+su(3)"	"2 e6+su(3)+g2+su(2)+so(7)+2 su(2)"	19	135	1	2	0	0	0	0	0	0	2
11	96	"2 e6+su(3)"	"2 e6+su(3)+g2+su(2)+so(7)+2 su(2)"	20	135	1	2	0	0	0	0	0	0	4
11	96	"2 e6+su(3)"	"2 e6+su(3)+g2+su(2)+so(7)+2 su(2)"	29	135	1	2	0	0	0	0	0	0	2
11	96	"2 e6+su(3)"	"2 e6+su(3)+g2+su(2)+so(7)+2 su(2)"	38	135	1	2	0	0	0	0	0	0	2
11	96	"2 e6+su(3)"	"2 e6+su(3)+so(7)+2 su(2)"	15	144	1	1	0	0	0	0	0	0	2
11	96	"2 e6+su(3)"	"2 e6+su(3)+so(7)+2 su(2)"	16	144	1	1	0	0	0	0	0	0	108
11	96	"2 e6+su(3)"	"2 e6+su(3)+so(7)+2 su(2)"	17	144	1	1	0	0	0	0	0	0	44
11	96	"2 e6+su(3)"	"2 e6+su(3)+so(7)+2 su(2)"	18	144	1	1	0	0	0	0	0	0	12
11	96	"2 e6+su(3)"	"2 e6+su(3)+so(7)+2 su(2)"	19	144	1	1	0	0	0	0	0	0	6
11	96	"2 e6+su(3)"	"2 e6+su(3)+so(7)+2 su(2)"	21	144	1	1	0	0	0	0	0	0	2
11	97	"2 e6+2 su(3)"	"2 e6+2 su(3)+so(7)+2 su(2)"	16	136	1	1	0	0	0	0	0	0	18
11	97	"2 e6+2 su(3)"	"2 e6+3 su(3)"	11	139	0	1	0	0	0	0	0	0	2
11	97	"2 e6+2 su(3)"	"2 e6+3 su(3)"	16	139	0	1	0	0	0	0	0	0	5
11	97	"2 e6+2 su(3)"	"2 e6+3 su(3)+g2+su(2)"	16	130	0	2	0	0	0	0	0	0	3
11	97	"2 e6+2 su(3)"	"2 e6+3 su(3)+so(7)+2 su(2)"	16	128	1	2	0	0	0	0	0	0	10
11	97	"2 e6+2 su(3)"	"2 e6+3 su(3)+so(7)+2 su(2)"	17	128	1	2	0	0	0	0	0	0	2
11	97	"2 e6+2 su(3)"	"2 e6+4 su(3)"	16	131	0	2	0	0	0	0	0	0	4
11	98	"2 e6+so(7)+2 su(2)"	"2 e6+2 su(3)+so(7)+2 su(2)"	14	136	0	2	0	0	0	0	0	0	4
11	98	"2 e6+so(7)+2 su(2)"	"2 e6+2 su(3)+so(7)+2 su(2)"	15	136	0	2	0	0	0	0	0	0	2
11	98	"2 e6+so(7)+2 su(2)"	"2 e6+2 su(3)+so(7)+2 su(2)"	16	136	0	2	0	0	0	0	0	0	18
11	98	"2 e6+so(7)+2 su(2)"	"2 e6+3 su(3)+so(7)+2 su(2)"	16	128	0	3	0	0	0	0	0	0	10
11	98	"2 e6+so(7)+2 su(2)"	"2 e6+su(3)+so(7)+2 su(2)"	11	144	0	1	0	0	0	0	0	0	4
11	98	"2 e6+so(7)+2 su(2)"	"2 e6+su(3)+so(7)+2 su(2)"	15	144	0	1	0	0	0	0	0	0	4
11	98	"2 e6+so(7)+2 su(2)"	"2 e6+su(3)+so(7)+2 su(2)"	16	144	0	1	0	0	0	0	0	0	7
11	99	"e7+so(8)+g2+su(2)"	"e7+2 so(8)+2(g2+su(2))"	15	112	0	1	1	0	0	0	0	0	2
11	99	"e7+so(8)+g2+su(2)"	"e7+2 so(8)+2(g2+su(2))+so(7)+2 su(2)"	17	101	1	2	1	0	0	0	0	0	3
11	99	"e7+so(8)+g2+su(2)"	"e7+2 so(8)+g2+su(2)+so(7)+2 su(2)"	17	110	1	1	1	0	0	0	0	0	10
11	99	"e7+so(8)+g2+su(2)"	"e7+2 so(8)+so(7)+2 su(2)"	17	119	1	0	1	0	0	0	0	0	3
11	99	"e7+so(8)+g2+su(2)"	"e7+so(8)+2(g2+su(2))"	11	140	0	1	0	0	0	0	0	0	2
11	99	"e7+so(8)+g2+su(2)"	"e7+so(8)+2(g2+su(2))"	15	140	0	1	0	0	0	0	0	0	2
11	99	"e7+so(8)+g2+su(2)"	"e7+so(8)+2(g2+su(2))"	16	140	1	1	0	0	0	0	0	0	12
11	99	"e7+so(8)+g2+su(2)"	"e7+so(8)+2(g2+su(2))"	17	140	1	1	0	0	0	0	0	0	2
11	99	"e7+so(8)+g2+su(2)"	"e7+so(8)+2(g2+su(2))+so(7)+2 su(2)"	16	129	1	2	0	0	0	0	0	0	21
11	99	"e7+so(8)+g2+su(2)"	"e7+so(8)+2(g2+su(2))+so(7)+2 su(2)"	16	129	2	2	0	0	0	0	0	0	4
11	99	"e7+so(8)+g2+su(2)"	"e7+so(8)+2(g2+su(2))+so(7)+2 su(2)"	17	129	1	2	0	0	0	0	0	0	4
11	99	"e7+so(8)+g2+su(2)"	"e7+so(8)+2(g2+su(2))+so(7)+2 su(2)"	17	129	2	2	0	0	0	0	0	0	2
11	99	"e7+so(8)+g2+su(2)"	"e7+so(8)+2(g2+su(2))+so(7)+2 su(2)"	18	129	1	2	0	0	0	0	0	0	2
11	99	"e7+so(8)+g2+su(2)"	"e7+so(8)+2(so(7)+2 su(2))"	16	136	1	1	0	0	0	0	0	0	2
11	99	"e7+so(8)+g2+su(2)"	"e7+so(8)+2(so(7)+2 su(2))"	16	136	2	1	0	0	0	0	0	0	24
11	99	"e7+so(8)+g2+su(2)"	"e7+so(8)+2(so(7)+2 su(2))"	17	136	2	1	0	0	0	0	0	0	6
11	99	"e7+so(8)+g2+su(2)"	"e7+so(8)+2(so(7)+2 su(2))"	18	136	2	1	0	0	0	0	0	0	12
11	99	"e7+so(8)+g2+su(2)"	"e7+so(8)+2(so(7)+2 su(2))"	19	136	2	1	0	0	0	0	0	0	4
11	99	"e7+so(8)+g2+su(2)"	"e7+so(8)+2(so(7)+2 su(2))"	20	136	2	1	0	0	0	0	0	0	2
11	99	"e7+so(8)+g2+su(2)"	"e7+so(8)+2(so(7)+2 su(2))"	22	136	2	1	0	0	0	0	0	0	2
11	99	"e7+so(8)+g2+su(2)"	"e7+so(8)+2 su(3)+2(g2+su(2))"	17	124	0	3	0	0	0	0	0	0	2
11	99	"e7+so(8)+g2+su(2)"	"e7+so(8)+2 su(3)+2(g2+su(2))+so(7)+2 su(2)"	17	113	1	4	0	0	0	0	0	0	3
11	99	"e7+so(8)+g2+su(2)"	"e7+so(8)+2 su(3)+g2+su(2)+so(7)+2 su(2)"	17	122	1	3	0	0	0	0	0	0	4
11	99	"e7+so(8)+g2+su(2)"	"e7+so(8)+3(g2+su(2))"	16	131	0	2	0	0	0	0	0	0	2
11	99	"e7+so(8)+g2+su(2)"	"e7+so(8)+3(g2+su(2))"	16	131	1	2	0	0	0	0	0	0	8
11	99	"e7+so(8)+g2+su(2)"	"e7+so(8)+3(g2+su(2))"	17	131	1	2	0	0	0	0	0	0	4
11	99	"e7+so(8)+g2+su(2)"	"e7+so(8)+3(g2+su(2))"	20	131	1	2	0	0	0	0	0	0	2
11	99	"e7+so(8)+g2+su(2)"	"e7+so(8)+3(g2+su(2))+so(7)+2 su(2)"	17	120	2	3	0	0	0	0	0	0	2
11	99	"e7+so(8)+g2+su(2)"	"e7+so(8)+3(so(7)+2 su(2))"	16	125	3	2	0	0	0	0	0	0	2
11	99	"e7+so(8)+g2+su(2)"	"e7+so(8)+3(so(7)+2 su(2))"	17	125	3	2	0	0	0	0	0	0	4
11	99	"e7+so(8)+g2+su(2)"	"e7+so(8)+3(so(7)+2 su(2))"	19	125	3	2	0	0	0	0	0	0	2
11	99	"e7+so(8)+g2+su(2)"	"e7+so(8)+4(g2+su(2))"	17	122	1	3	0	0	0	0	0	0	2
11	99	"e7+so(8)+g2+su(2)"	"e7+so(8)+g2+su(2)+2(so(7)+2 su(2))"	16	127	2	2	0	0	0	0	0	0	12
11	99	"e7+so(8)+g2+su(2)"	"e7+so(8)+g2+su(2)+2(so(7)+2 su(2))"	17	127	2	2	0	0	0	0	0	0	6
11	99	"e7+so(8)+g2+su(2)"	"e7+so(8)+g2+su(2)+2(so(7)+2 su(2))"	18	127	2	2	0	0	0	0	0	0	2
11	99	"e7+so(8)+g2+su(2)"	"e7+so(8)+g2+su(2)+2(so(7)+2 su(2))"	19	127	2	2	0	0	0	0	0	0	2
11	99	"e7+so(8)+g2+su(2)"	"e7+so(8)+g2+su(2)+so(7)+2 su(2)"	15	138	1	1	0	0	0	0	0	0	2
11	99	"e7+so(8)+g2+su(2)"	"e7+so(8)+g2+su(2)+so(7)+2 su(2)"	16	138	0	1	0	0	0	0	0	0	2
11	99	"e7+so(8)+g2+su(2)"	"e7+so(8)+g2+su(2)+so(7)+2 su(2)"	16	138	1	1	0	0	0	0	0	0	52
11	99	"e7+so(8)+g2+su(2)"	"e7+so(8)+g2+su(2)+so(7)+2 su(2)"	16	138	2	1	0	0	0	0	0	0	6
11	99	"e7+so(8)+g2+su(2)"	"e7+so(8)+g2+su(2)+so(7)+2 su(2)"	17	138	1	1	0	0	0	0	0	0	10
11	99	"e7+so(8)+g2+su(2)"	"e7+so(8)+g2+su(2)+so(7)+2 su(2)"	18	138	1	1	0	0	0	0	0	0	4
11	99	"e7+so(8)+g2+su(2)"	"e7+so(8)+g2+su(2)+so(7)+2 su(2)"	19	138	1	1	0	0	0	0	0	0	2
11	99	"e7+so(8)+g2+su(2)"	"e7+so(8)+g2+su(2)+so(7)+2 su(2)"	21	138	1	1	0	0	0	0	0	0	2
11	99	"e7+so(8)+g2+su(2)"	"e7+so(8)+g2+su(2)+so(7)+2 su(2)"	23	138	1	1	0	0	0	0	0	0	2
11	99	"e7+so(8)+g2+su(2)"	"e7+so(8)+so(7)+2 su(2)"	15	147	1	0	0	0	0	0	0	0	2
11	99	"e7+so(8)+g2+su(2)"	"e7+so(8)+so(7)+2 su(2)"	16	147	1	0	0	0	0	0	0	0	15
11	99	"e7+so(8)+g2+su(2)"	"e7+so(8)+so(7)+2 su(2)"	17	147	1	0	0	0	0	0	0	0	2
11	99	"e7+so(8)+g2+su(2)"	"e7+so(8)+su(3)+2(g2+su(2))"	14	132	0	2	0	0	0	0	0	0	2
11	99	"e7+so(8)+g2+su(2)"	"e7+so(8)+su(3)+2(g2+su(2))"	20	132	0	2	0	0	0	0	0	0	2
11	99	"e7+so(8)+g2+su(2)"	"e7+so(8)+su(3)+2(g2+su(2))"	28	132	0	2	0	0	0	0	0	0	2
11	99	"e7+so(8)+g2+su(2)"	"e7+so(8)+su(3)+2(g2+su(2))+so(7)+2 su(2)"	17	121	1	3	0	0	0	0	0	0	10
11	99	"e7+so(8)+g2+su(2)"	"e7+so(8)+su(3)+2(g2+su(2))+so(7)+2 su(2)"	18	121	1	3	0	0	0	0	0	0	3
11	99	"e7+so(8)+g2+su(2)"	"e7+so(8)+su(3)+2(g2+su(2))+so(7)+2 su(2)"	44	121	1	3	0	0	0	0	0	0	2
11	99	"e7+so(8)+g2+su(2)"	"e7+so(8)+su(3)+2(so(7)+2 su(2))"	16	128	2	2	0	0	0	0	0	0	2
11	99	"e7+so(8)+g2+su(2)"	"e7+so(8)+su(3)+2(so(7)+2 su(2))"	17	128	2	2	0	0	0	0	0	0	6
11	99	"e7+so(8)+g2+su(2)"	"e7+so(8)+su(3)+g2+su(2)+2(so(7)+2 su(2))"	17	119	2	3	0	0	0	0	0	0	6
11	99	"e7+so(8)+g2+su(2)"	"e7+so(8)+su(3)+g2+su(2)+2(so(7)+2 su(2))"	18	119	2	3	0	0	0	0	0	0	2
11	99	"e7+so(8)+g2+su(2)"	"e7+so(8)+su(3)+g2+su(2)+so(7)+2 su(2)"	16	130	1	2	0	0	0	0	0	0	16
11	99	"e7+so(8)+g2+su(2)"	"e7+so(8)+su(3)+g2+su(2)+so(7)+2 su(2)"	17	130	1	2	0	0	0	0	0	0	28
11	99	"e7+so(8)+g2+su(2)"	"e7+so(8)+su(3)+g2+su(2)+so(7)+2 su(2)"	18	130	1	2	0	0	0	0	0	0	4
11	99	"e7+so(8)+g2+su(2)"	"e7+so(8)+su(3)+g2+su(2)+so(7)+2 su(2)"	19	130	1	2	0	0	0	0	0	0	4
11	99	"e7+so(8)+g2+su(2)"	"e7+so(8)+su(3)+g2+su(2)+so(7)+2 su(2)"	21	130	1	2	0	0	0	0	0	0	2
11	99	"e7+so(8)+g2+su(2)"	"e7+so(8)+su(3)+g2+su(2)+so(7)+2 su(2)"	23	130	1	2	0	0	0	0	0	0	2
11	99	"e7+so(8)+g2+su(2)"	"e7+so(8)+su(3)+so(7)+2 su(2)"	16	139	1	1	0	0	0	0	0	0	11
11	99	"e7+so(8)+g2+su(2)"	"e7+so(8)+su(3)+so(7)+2 su(2)"	17	139	1	1	0	0	0	0	0	0	6
11	99	"e7+so(8)+g2+su(2)"	"e7+so(8)+su(3)+so(7)+2 su(2)"	18	139	1	1	0	0	0	0	0	0	2
11	100	"e7+so(8)+so(7)+2 su(2)"	"e7+so(8)+2(g2+su(2))+so(7)+2 su(2)"	16	129	0	2	0	0	0	0	0	0	2
11	100	"e7+so(8)+so(7)+2 su(2)"	"e7+so(8)+2(so(7)+2 su(2))"	16	136	1	1	0	0	0	0	0	0	18
11	100	"e7+so(8)+so(7)+2 su(2)"	"e7+so(8)+2(so(7)+2 su(2))"	17	136	1	1	0	0	0	0	0	0	2
11	100	"e7+so(8)+so(7)+2 su(2)"	"e7+so(8)+3(so(7)+2 su(2))"	16	125	2	2	0	0	0	0	0	0	10
11	100	"e7+so(8)+so(7)+2 su(2)"	"e7+so(8)+g2+su(2)+2(so(7)+2 su(2))"	16	127	1	2	0	0	0	0	0	0	10
11	100	"e7+so(8)+so(7)+2 su(2)"	"e7+so(8)+g2+su(2)+so(7)+2 su(2)"	11	138	0	1	0	0	0	0	0	0	2
11	100	"e7+so(8)+so(7)+2 su(2)"	"e7+so(8)+g2+su(2)+so(7)+2 su(2)"	16	138	0	1	0	0	0	0	0	0	2
11	100	"e7+so(8)+so(7)+2 su(2)"	"e7+so(8)+su(3)+2(so(7)+2 su(2))"	17	128	1	2	0	0	0	0	0	0	4
11	100	"e7+so(8)+so(7)+2 su(2)"	"e7+so(8)+su(3)+g2+su(2)+2(so(7)+2 su(2))"	17	119	1	3	0	0	0	0	0	0	2
11	100	"e7+so(8)+so(7)+2 su(2)"	"e7+so(8)+su(3)+g2+su(2)+so(7)+2 su(2)"	17	130	0	2	0	0	0	0	0	0	2
11	101	"2 e6+2 su(3)"	"2 e6+2 su(3)+g2+su(2)+so(7)+2 su(2)"	16	127	1	2	0	0	0	0	0	0	3
11	101	"2 e6+2 su(3)"	"2 e6+2 su(3)+g2+su(2)+so(7)+2 su(2)"	17	127	1	2	0	0	0	0	0	0	2
11	101	"2 e6+2 su(3)"	"2 e6+2 su(3)+so(7)+2 su(2)"	16	136	1	1	0	0	0	0	0	0	14
11	101	"2 e6+2 su(3)"	"2 e6+3 su(3)"	16	139	0	1	0	0	0	0	0	0	3
11	101	"2 e6+2 su(3)"	"2 e6+3 su(3)+g2+su(2)"	16	130	0	2	0	0	0	0	0	0	2
11	102	"2 e6+su(3)+g2+su(2)"	"2 e6+2 su(3)+g2+su(2)"	11	138	0	1	0	0	0	0	0	0	2
11	102	"2 e6+su(3)+g2+su(2)"	"2 e6+2 su(3)+g2+su(2)"	16	138	0	1	0	0	0	0	0	0	4
11	102	"2 e6+su(3)+g2+su(2)"	"2 e6+2 su(3)+so(7)+2 su(2)"	14	136	1	1	0	0	0	0	0	0	2
11	102	"2 e6+su(3)+g2+su(2)"	"2 e6+2 su(3)+so(7)+2 su(2)"	16	136	1	1	0	0	0	0	0	0	87
11	102	"2 e6+su(3)+g2+su(2)"	"2 e6+2 su(3)+so(7)+2 su(2)"	17	136	1	1	0	0	0	0	0	0	6
11	102	"2 e6+su(3)+g2+su(2)"	"2 e6+2 su(3)+so(7)+2 su(2)"	18	136	1	1	0	0	0	0	0	0	2
11	102	"2 e6+su(3)+g2+su(2)"	"2 e6+3 su(3)+g2+su(2)"	16	130	0	2	0	0	0	0	0	0	5
11	102	"2 e6+su(3)+g2+su(2)"	"2 e6+3 su(3)+so(7)+2 su(2)"	16	128	1	2	0	0	0	0	0	0	25
11	102	"2 e6+su(3)+g2+su(2)"	"2 e6+3 su(3)+so(7)+2 su(2)"	17	128	1	2	0	0	0	0	0	0	2
11	102	"2 e6+su(3)+g2+su(2)"	"2 e6+4 su(3)+so(7)+2 su(2)"	17	120	1	3	0	0	0	0	0	0	2
11	102	"2 e6+su(3)+g2+su(2)"	"2 e6+su(3)+so(7)+2 su(2)"	15	144	1	0	0	0	0	0	0	0	2
11	102	"2 e6+su(3)+g2+su(2)"	"2 e6+su(3)+so(7)+2 su(2)"	16	144	1	0	0	0	0	0	0	0	70
11	102	"2 e6+su(3)+g2+su(2)"	"2 e6+su(3)+so(7)+2 su(2)"	17	144	1	0	0	0	0	0	0	0	13
11	102	"2 e6+su(3)+g2+su(2)"	"2 e6+su(3)+so(7)+2 su(2)"	18	144	1	0	0	0	0	0	0	0	2
11	103	"e7+so(8)+2(g2+su(2))"	"e7+so(8)+2(g2+su(2))+so(7)+2 su(2)"	16	129	1	1	0	0	0	0	0	0	4
11	103	"e7+so(8)+2(g2+su(2))"	"e7+so(8)+2(so(7)+2 su(2))"	16	136	2	0	0	0	0	0	0	0	3
11	103	"e7+so(8)+2(g2+su(2))"	"e7+so(8)+g2+su(2)+2(so(7)+2 su(2))"	16	127	2	1	0	0	0	0	0	0	2
11	103	"e7+so(8)+2(g2+su(2))"	"e7+so(8)+g2+su(2)+so(7)+2 su(2)"	16	138	1	0	0	0	0	0	0	0	5
11	104	"2 so(8)+g2+su(2)+so(7)+2 su(2)"	"2 so(8)+2(so(7)+2 su(2))"	12	241	1	0	0	0	0	0	0	0	6
11	104	"2 so(8)+g2+su(2)+so(7)+2 su(2)"	"3 so(8)+2(so(7)+2 su(2))"	13	213	1	0	1	0	0	0	0	0	7
11	104	"2 so(8)+g2+su(2)+so(7)+2 su(2)"	"e6+2 so(8)+2(so(7)+2 su(2))"	15	163	1	0	0	0	1	0	0	0	2
11	104	"2 so(8)+g2+su(2)+so(7)+2 su(2)"	"f4+2 so(8)+2(so(7)+2 su(2))"	14	189	1	0	0	1	0	0	0	0	4
11	105	"e6+f4+so(8)+2 su(3)"	"e6+f4+so(8)+2 su(3)+g2+su(2)"	16	136	1	1	0	0	0	0	0	0	18
11	105	"e6+f4+so(8)+2 su(3)"	"e6+f4+so(8)+3 su(3)"	16	137	0	1	0	0	0	0	0	0	4
11	105	"e6+f4+so(8)+2 su(3)"	"e6+f4+so(8)+3 su(3)+g2+su(2)"	16	128	1	2	0	0	0	0	0	0	4
11	105	"e6+f4+so(8)+2 su(3)"	"e6+f4+so(8)+4 su(3)"	16	129	0	2	0	0	0	0	0	0	3
11	105	"e6+f4+so(8)+2 su(3)"	"e6+f4+so(8)+4 su(3)"	17	129	0	2	0	0	0	0	0	0	2
11	106	"2 e6+so(7)+2 su(2)"	"2 e6+2(so(7)+2 su(2))"	15	141	1	1	0	0	0	0	0	0	2
11	106	"2 e6+so(7)+2 su(2)"	"2 e6+2(so(7)+2 su(2))"	16	141	1	1	0	0	0	0	0	0	73
11	106	"2 e6+so(7)+2 su(2)"	"2 e6+2(so(7)+2 su(2))"	17	141	1	1	0	0	0	0	0	0	15
11	106	"2 e6+so(7)+2 su(2)"	"2 e6+2(so(7)+2 su(2))"	18	141	1	1	0	0	0	0	0	0	3
11	106	"2 e6+so(7)+2 su(2)"	"2 e6+2(so(7)+2 su(2))"	19	141	1	1	0	0	0	0	0	0	4
11	106	"2 e6+so(7)+2 su(2)"	"2 e6+2(so(7)+2 su(2))"	21	141	1	1	0	0	0	0	0	0	2
11	106	"2 e6+so(7)+2 su(2)"	"2 e6+2 su(3)+2(so(7)+2 su(2))"	17	125	1	3	0	0	0	0	0	0	5
11	106	"2 e6+so(7)+2 su(2)"	"2 e6+2 su(3)+so(7)+2 su(2)"	16	136	0	2	0	0	0	0	0	0	4
11	106	"2 e6+so(7)+2 su(2)"	"2 e6+su(3)+2(so(7)+2 su(2))"	16	133	1	2	0	0	0	0	0	0	49
11	106	"2 e6+so(7)+2 su(2)"	"2 e6+su(3)+2(so(7)+2 su(2))"	17	133	1	2	0	0	0	0	0	0	14
11	106	"2 e6+so(7)+2 su(2)"	"2 e6+su(3)+2(so(7)+2 su(2))"	18	133	1	2	0	0	0	0	0	0	2
11	106	"2 e6+so(7)+2 su(2)"	"2 e6+su(3)+2(so(7)+2 su(2))"	20	133	1	2	0	0	0	0	0	0	2
11	106	"2 e6+so(7)+2 su(2)"	"2 e6+su(3)+2(so(7)+2 su(2))"	29	133	1	2	0	0	0	0	0	0	2
11	106	"2 e6+so(7)+2 su(2)"	"2 e6+su(3)+g2+su(2)+so(7)+2 su(2)"	14	135	0	2	0	0	0	0	0	0	2
11	106	"2 e6+so(7)+2 su(2)"	"2 e6+su(3)+so(7)+2 su(2)"	11	144	0	1	0	0	0	0	0	0	2
11	106	"2 e6+so(7)+2 su(2)"	"2 e6+su(3)+so(7)+2 su(2)"	16	144	0	1	0	0	0	0	0	0	5
11	107	"e6+f4+so(8)+2 su(3)"	"e6+f4+so(8)+2 su(3)+g2+su(2)"	16	136	1	1	0	0	0	0	0	0	18
11	107	"e6+f4+so(8)+2 su(3)"	"e6+f4+so(8)+2 su(3)+g2+su(2)"	17	136	1	1	0	0	0	0	0	0	2
11	107	"e6+f4+so(8)+2 su(3)"	"e6+f4+so(8)+3 su(3)"	11	137	0	1	0	0	0	0	0	0	2
11	107	"e6+f4+so(8)+2 su(3)"	"e6+f4+so(8)+3 su(3)"	16	137	0	1	0	0	0	0	0	0	4
11	107	"e6+f4+so(8)+2 su(3)"	"e6+f4+so(8)+3 su(3)+g2+su(2)"	16	128	1	2	0	0	0	0	0	0	2
11	107	"e6+f4+so(8)+2 su(3)"	"e6+f4+so(8)+4 su(3)"	16	129	0	2	0	0	0	0	0	0	2
11	107	"e6+f4+so(8)+2 su(3)"	"e6+f4+so(8)+4 su(3)"	17	129	0	2	0	0	0	0	0	0	2
11	107	"e6+f4+so(8)+2 su(3)"	"e6+f4+so(8)+su(3)+g2+su(2)"	16	144	1	0	0	0	0	0	0	0	32
11	107	"e6+f4+so(8)+2 su(3)"	"e6+f4+so(8)+su(3)+g2+su(2)"	17	144	1	0	0	0	0	0	0	0	2
11	108	"2 e6+su(3)+g2+su(2)"	"2 e6+2 su(3)+g2+su(2)"	11	138	0	1	0	0	0	0	0	0	2
11	108	"2 e6+su(3)+g2+su(2)"	"2 e6+2 su(3)+g2+su(2)"	16	138	0	1	0	0	0	0	0	0	5
11	108	"2 e6+su(3)+g2+su(2)"	"2 e6+3 su(3)+g2+su(2)"	16	130	0	2	0	0	0	0	0	0	4
11	109	"e7+so(8)+su(3)+g2+su(2)"	"e7+so(8)+2(g2+su(2))"	15	140	1	0	0	0	0	0	0	0	2
11	109	"e7+so(8)+su(3)+g2+su(2)"	"e7+so(8)+2(g2+su(2))"	16	140	1	0	0	0	0	0	0	0	28
11	109	"e7+so(8)+su(3)+g2+su(2)"	"e7+so(8)+g2+su(2)+so(7)+2 su(2)"	16	138	2	0	0	0	0	0	0	0	28
11	110	"e7+so(8)+2(g2+su(2))"	"e7+so(8)+2(so(7)+2 su(2))"	16	136	2	0	0	0	0	0	0	0	9
11	110	"e7+so(8)+2(g2+su(2))"	"e7+so(8)+g2+su(2)+so(7)+2 su(2)"	16	138	1	0	0	0	0	0	0	0	15
11	111	"2 e6+su(3)"	"2 e6+2 su(3)"	16	147	0	1	0	0	0	0	0	0	3
11	111	"2 e6+su(3)"	"2 e6+2 su(3)"	17	147	0	1	0	0	0	0	0	0	2
11	111	"2 e6+su(3)"	"2 e6+2 su(3)+2(g2+su(2))"	16	129	0	3	0	0	0	0	0	0	2
11	111	"2 e6+su(3)"	"2 e6+2 su(3)+g2+su(2)"	16	138	0	2	0	0	0	0	0	0	5
11	111	"2 e6+su(3)"	"2 e6+2 su(3)+g2+su(2)"	17	138	0	2	0	0	0	0	0	0	4
11	111	"2 e6+su(3)"	"2 e6+2 su(3)+g2+su(2)+so(7)+2 su(2)"	16	127	1	3	0	0	0	0	0	0	4
11	111	"2 e6+su(3)"	"2 e6+2 su(3)+g2+su(2)+so(7)+2 su(2)"	17	127	1	3	0	0	0	0	0	0	2
11	111	"2 e6+su(3)"	"2 e6+2 su(3)+so(7)+2 su(2)"	16	136	1	2	0	0	0	0	0	0	5
11	111	"2 e6+su(3)"	"2 e6+3 su(3)"	17	139	0	2	0	0	0	0	0	0	2
11	111	"2 e6+su(3)"	"2 e6+su(3)+g2+su(2)"	11	146	0	1	0	0	0	0	0	0	2
11	111	"2 e6+su(3)"	"2 e6+su(3)+g2+su(2)+so(7)+2 su(2)"	16	135	1	2	0	0	0	0	0	0	19
11	111	"2 e6+su(3)"	"2 e6+su(3)+g2+su(2)+so(7)+2 su(2)"	17	135	1	2	0	0	0	0	0	0	10
11	111	"2 e6+su(3)"	"2 e6+su(3)+g2+su(2)+so(7)+2 su(2)"	18	135	1	2	0	0	0	0	0	0	5
11	111	"2 e6+su(3)"	"2 e6+su(3)+so(7)+2 su(2)"	16	144	1	1	0	0	0	0	0	0	22
11	111	"2 e6+su(3)"	"2 e6+su(3)+so(7)+2 su(2)"	17	144	1	1	0	0	0	0	0	0	6
11	111	"2 e6+su(3)"	"2 e6+su(3)+so(7)+2 su(2)"	18	144	1	1	0	0	0	0	0	0	3
11	111	"2 e6+su(3)"	"2 e6+su(3)+so(7)+2 su(2)"	19	144	1	1	0	0	0	0	0	0	2
11	112	"e7+so(8)+g2+su(2)"	"e7+2 so(8)+g2+su(2)+so(7)+2 su(2)"	17	110	1	1	1	0	0	0	0	0	7
11	112	"e7+so(8)+g2+su(2)"	"e7+so(8)+2(g2+su(2))"	16	140	1	1	0	0	0	0	0	0	25
11	112	"e7+so(8)+g2+su(2)"	"e7+so(8)+2(g2+su(2))"	17	140	1	1	0	0	0	0	0	0	4
11	112	"e7+so(8)+g2+su(2)"	"e7+so(8)+2(g2+su(2))+so(7)+2 su(2)"	16	129	2	2	0	0	0	0	0	0	6
11	112	"e7+so(8)+g2+su(2)"	"e7+so(8)+2(g2+su(2))+so(7)+2 su(2)"	17	129	2	2	0	0	0	0	0	0	6
11	112	"e7+so(8)+g2+su(2)"	"e7+so(8)+3(g2+su(2))"	16	131	1	2	0	0	0	0	0	0	10
11	112	"e7+so(8)+g2+su(2)"	"e7+so(8)+3(g2+su(2))"	17	131	1	2	0	0	0	0	0	0	4
11	112	"e7+so(8)+g2+su(2)"	"e7+so(8)+g2+su(2)+so(7)+2 su(2)"	16	138	1	1	0	0	0	0	0	0	32
11	112	"e7+so(8)+g2+su(2)"	"e7+so(8)+g2+su(2)+so(7)+2 su(2)"	16	138	2	1	0	0	0	0	0	0	6
11	112	"e7+so(8)+g2+su(2)"	"e7+so(8)+g2+su(2)+so(7)+2 su(2)"	17	138	1	1	0	0	0	0	0	0	6
11	112	"e7+so(8)+g2+su(2)"	"e7+so(8)+su(3)+g2+su(2)+so(7)+2 su(2)"	16	130	1	2	0	0	0	0	0	0	17
11	112	"e7+so(8)+g2+su(2)"	"e7+so(8)+su(3)+g2+su(2)+so(7)+2 su(2)"	17	130	1	2	0	0	0	0	0	0	11
11	112	"e7+so(8)+g2+su(2)"	"e7+so(8)+su(3)+g2+su(2)+so(7)+2 su(2)"	18	130	1	2	0	0	0	0	0	0	3
11	113	"e7+so(8)+su(3)+g2+su(2)"	"e7+so(8)+2(g2+su(2))"	16	140	1	0	0	0	0	0	0	0	13
11	113	"e7+so(8)+su(3)+g2+su(2)"	"e7+so(8)+2(g2+su(2))+so(7)+2 su(2)"	16	129	2	1	0	0	0	0	0	0	22
11	113	"e7+so(8)+su(3)+g2+su(2)"	"e7+so(8)+2(so(7)+2 su(2))"	16	136	3	0	0	0	0	0	0	0	8
11	113	"e7+so(8)+su(3)+g2+su(2)"	"e7+so(8)+2 su(3)+g2+su(2)+so(7)+2 su(2)"	17	122	1	2	0	0	0	0	0	0	4
11	113	"e7+so(8)+su(3)+g2+su(2)"	"e7+so(8)+2 su(3)+so(7)+2 su(2)"	17	131	1	1	0	0	0	0	0	0	2
11	113	"e7+so(8)+su(3)+g2+su(2)"	"e7+so(8)+3(g2+su(2))"	16	131	1	1	0	0	0	0	0	0	6
11	113	"e7+so(8)+su(3)+g2+su(2)"	"e7+so(8)+g2+su(2)+2(so(7)+2 su(2))"	16	127	3	1	0	0	0	0	0	0	9
11	113	"e7+so(8)+su(3)+g2+su(2)"	"e7+so(8)+g2+su(2)+2(so(7)+2 su(2))"	17	127	3	1	0	0	0	0	0	0	2
11	113	"e7+so(8)+su(3)+g2+su(2)"	"e7+so(8)+g2+su(2)+so(7)+2 su(2)"	16	138	2	0	0	0	0	0	0	0	26
11	113	"e7+so(8)+su(3)+g2+su(2)"	"e7+so(8)+su(3)+2(so(7)+2 su(2))"	16	128	2	1	0	0	0	0	0	0	5
11	113	"e7+so(8)+su(3)+g2+su(2)"	"e7+so(8)+su(3)+g2+su(2)+so(7)+2 su(2)"	16	130	1	1	0	0	0	0	0	0	20
11	113	"e7+so(8)+su(3)+g2+su(2)"	"e7+so(8)+su(3)+g2+su(2)+so(7)+2 su(2)"	17	130	1	1	0	0	0	0	0	0	8
11	113	"e7+so(8)+su(3)+g2+su(2)"	"e7+so(8)+su(3)+so(7)+2 su(2)"	16	139	1	0	0	0	0	0	0	0	17
11	113	"e7+so(8)+su(3)+g2+su(2)"	"e7+so(8)+su(3)+so(7)+2 su(2)"	17	139	1	0	0	0	0	0	0	0	2
11	114	"e7+so(8)+g2+su(2)"	"e7+2 so(8)+g2+su(2)+so(7)+2 su(2)"	17	110	1	1	1	0	0	0	0	0	6
11	114	"e7+so(8)+g2+su(2)"	"e7+2 so(8)+so(7)+2 su(2)"	17	119	1	0	1	0	0	0	0	0	3
11	114	"e7+so(8)+g2+su(2)"	"e7+so(8)+2(g2+su(2))"	16	140	0	1	0	0	0	0	0	0	2
11	114	"e7+so(8)+g2+su(2)"	"e7+so(8)+2(g2+su(2))"	16	140	1	1	0	0	0	0	0	0	9
11	114	"e7+so(8)+g2+su(2)"	"e7+so(8)+2(g2+su(2))"	17	140	1	1	0	0	0	0	0	0	4
11	114	"e7+so(8)+g2+su(2)"	"e7+so(8)+2(g2+su(2))+so(7)+2 su(2)"	16	129	2	2	0	0	0	0	0	0	6
11	114	"e7+so(8)+g2+su(2)"	"e7+so(8)+2(g2+su(2))+so(7)+2 su(2)"	17	129	2	2	0	0	0	0	0	0	4
11	114	"e7+so(8)+g2+su(2)"	"e7+so(8)+3(g2+su(2))"	16	131	1	2	0	0	0	0	0	0	9
11	114	"e7+so(8)+g2+su(2)"	"e7+so(8)+3(g2+su(2))"	17	131	1	2	0	0	0	0	0	0	6
11	114	"e7+so(8)+g2+su(2)"	"e7+so(8)+g2+su(2)+so(7)+2 su(2)"	16	138	1	1	0	0	0	0	0	0	29
11	114	"e7+so(8)+g2+su(2)"	"e7+so(8)+g2+su(2)+so(7)+2 su(2)"	16	138	2	1	0	0	0	0	0	0	7
11	114	"e7+so(8)+g2+su(2)"	"e7+so(8)+g2+su(2)+so(7)+2 su(2)"	17	138	1	1	0	0	0	0	0	0	3
11	114	"e7+so(8)+g2+su(2)"	"e7+so(8)+g2+su(2)+so(7)+2 su(2)"	17	138	2	1	0	0	0	0	0	0	2
11	114	"e7+so(8)+g2+su(2)"	"e7+so(8)+g2+su(2)+so(7)+2 su(2)"	18	138	1	1	0	0	0	0	0	0	2
11	114	"e7+so(8)+g2+su(2)"	"e7+so(8)+so(7)+2 su(2)"	15	147	1	0	0	0	0	0	0	0	2
11	114	"e7+so(8)+g2+su(2)"	"e7+so(8)+so(7)+2 su(2)"	16	147	1	0	0	0	0	0	0	0	14
11	114	"e7+so(8)+g2+su(2)"	"e7+so(8)+so(7)+2 su(2)"	17	147	1	0	0	0	0	0	0	0	3
11	114	"e7+so(8)+g2+su(2)"	"e7+so(8)+su(3)+g2+su(2)+so(7)+2 su(2)"	16	130	1	2	0	0	0	0	0	0	11
11	114	"e7+so(8)+g2+su(2)"	"e7+so(8)+su(3)+g2+su(2)+so(7)+2 su(2)"	17	130	1	2	0	0	0	0	0	0	8
11	114	"e7+so(8)+g2+su(2)"	"e7+so(8)+su(3)+so(7)+2 su(2)"	16	139	1	1	0	0	0	0	0	0	11
11	114	"e7+so(8)+g2+su(2)"	"e7+so(8)+su(3)+so(7)+2 su(2)"	17	139	1	1	0	0	0	0	0	0	6
11	114	"e7+so(8)+g2+su(2)"	"e7+so(8)+su(3)+so(7)+2 su(2)"	18	139	1	1	0	0	0	0	0	0	2
11	115	"e7+so(8)+so(7)+2 su(2)"	"e7+so(8)+g2+su(2)+so(7)+2 su(2)"	16	138	0	1	0	0	0	0	0	0	3
11	116	"2 e6+su(3)+so(7)+2 su(2)"	"2 e6+2 su(3)+so(7)+2 su(2)"	16	136	0	1	0	0	0	0	0	0	2
11	118	"2 e6+su(3)+g2+su(2)"	"2 e6+2 su(3)+g2+su(2)"	16	138	0	1	0	0	0	0	0	0	2
11	118	"2 e6+su(3)+g2+su(2)"	"2 e6+2 su(3)+g2+su(2)+so(7)+2 su(2)"	16	127	1	2	0	0	0	0	0	0	4
11	118	"2 e6+su(3)+g2+su(2)"	"2 e6+2 su(3)+g2+su(2)+so(7)+2 su(2)"	17	127	1	2	0	0	0	0	0	0	2
11	118	"2 e6+su(3)+g2+su(2)"	"2 e6+2 su(3)+so(7)+2 su(2)"	16	136	1	1	0	0	0	0	0	0	9
11	118	"2 e6+su(3)+g2+su(2)"	"2 e6+su(3)+2(so(7)+2 su(2))"	16	133	2	1	0	0	0	0	0	0	25
11	118	"2 e6+su(3)+g2+su(2)"	"2 e6+su(3)+g2+su(2)+so(7)+2 su(2)"	16	135	1	1	0	0	0	0	0	0	34
11	118	"2 e6+su(3)+g2+su(2)"	"2 e6+su(3)+so(7)+2 su(2)"	16	144	1	0	0	0	0	0	0	0	30
11	118	"2 e6+su(3)+g2+su(2)"	"2 e6+su(3)+so(7)+2 su(2)"	17	144	1	0	0	0	0	0	0	0	3
11	119	"e7+so(8)+2(g2+su(2))"	"e7+so(8)+g2+su(2)+so(7)+2 su(2)"	16	138	1	0	0	0	0	0	0	0	7
11	120	"e7+so(8)+2(g2+su(2))"	"e7+so(8)+g2+su(2)+so(7)+2 su(2)"	16	138	1	0	0	0	0	0	0	0	4
11	121	"2 so(8)+2(g2+su(2))"	"2 e6+2 so(8)+2(so(7)+2 su(2))"	18	85	2	0	0	0	2	0	0	0	2
11	121	"2 so(8)+2(g2+su(2))"	"2 e6+2 so(8)+g2+su(2)+so(7)+2 su(2)"	18	87	1	0	0	0	2	0	0	0	14
11	121	"2 so(8)+2(g2+su(2))"	"2 e6+2 so(8)+g2+su(2)+so(7)+2 su(2)"	20	87	1	0	0	0	2	0	0	0	2
11	121	"2 so(8)+2(g2+su(2))"	"2 e7'+2 so(8)+g2+su(2)+so(7)+2 su(2)"	20	33	1	0	0	0	0	2	0	0	4
11	121	"2 so(8)+2(g2+su(2))"	"2 e7+2 so(8)+g2+su(2)+so(7)+2 su(2)"	21	-23	1	0	0	0	0	0	2	0	4
11	121	"2 so(8)+2(g2+su(2))"	"2 f4+2 so(8)+2(so(7)+2 su(2))"	16	137	2	0	0	2	0	0	0	0	2
11	121	"2 so(8)+2(g2+su(2))"	"2 f4+2 so(8)+2(so(7)+2 su(2))"	17	137	2	0	0	2	0	0	0	0	6
11	121	"2 so(8)+2(g2+su(2))"	"2 f4+2 so(8)+2(so(7)+2 su(2))"	19	137	2	0	0	2	0	0	0	0	2
11	121	"2 so(8)+2(g2+su(2))"	"2 f4+2 so(8)+g2+su(2)+so(7)+2 su(2)"	16	139	1	0	0	2	0	0	0	0	30
11	121	"2 so(8)+2(g2+su(2))"	"2 f4+2 so(8)+g2+su(2)+so(7)+2 su(2)"	17	139	1	0	0	2	0	0	0	0	10
11	121	"2 so(8)+2(g2+su(2))"	"2 f4+2 so(8)+g2+su(2)+so(7)+2 su(2)"	18	139	1	0	0	2	0	0	0	0	4
11	121	"2 so(8)+2(g2+su(2))"	"2 f4+2 so(8)+g2+su(2)+so(7)+2 su(2)"	19	139	1	0	0	2	0	0	0	0	2
11	121	"2 so(8)+2(g2+su(2))"	"2 f4+2 so(8)+g2+su(2)+so(7)+2 su(2)"	20	139	1	0	0	2	0	0	0	0	2
11	121	"2 so(8)+2(g2+su(2))"	"2 f4+2 so(8)+g2+su(2)+so(7)+2 su(2)"	46	139	1	0	0	2	0	0	0	0	2
11	121	"2 so(8)+2(g2+su(2))"	"2 so(8)+2(so(7)+2 su(2))"	12	241	2	0	0	0	0	0	0	0	18
11	121	"2 so(8)+2(g2+su(2))"	"2 so(8)+3(g2+su(2))"	11	236	1	1	0	0	0	0	0	0	2
11	121	"2 so(8)+2(g2+su(2))"	"2 so(8)+g2+su(2)+so(7)+2 su(2)"	11	243	1	0	0	0	0	0	0	0	2
11	121	"2 so(8)+2(g2+su(2))"	"2 so(8)+g2+su(2)+so(7)+2 su(2)"	12	243	1	0	0	0	0	0	0	0	10
11	121	"2 so(8)+2(g2+su(2))"	"2 so(8)+g2+su(2)+so(7)+2 su(2)"	16	243	1	0	0	0	0	0	0	0	4
11	121	"2 so(8)+2(g2+su(2))"	"2 so(8)+g2+su(2)+so(7)+2 su(2)"	17	243	1	0	0	0	0	0	0	0	4
11	121	"2 so(8)+2(g2+su(2))"	"2 so(8)+g2+su(2)+so(7)+2 su(2)"	18	243	1	0	0	0	0	0	0	0	4
11	121	"2 so(8)+2(g2+su(2))"	"2 so(8)+su(3)+2(g2+su(2))"	11	237	0	1	0	0	0	0	0	0	3
11	121	"2 so(8)+2(g2+su(2))"	"2 so(8)+su(3)+g2+su(2)+so(7)+2 su(2)"	11	235	1	1	0	0	0	0	0	0	2
11	121	"2 so(8)+2(g2+su(2))"	"2 so(8)+su(3)+g2+su(2)+so(7)+2 su(2)"	12	235	1	1	0	0	0	0	0	0	4
11	121	"2 so(8)+2(g2+su(2))"	"3 so(8)+2(g2+su(2))"	11	217	0	0	1	0	0	0	0	0	2
11	121	"2 so(8)+2(g2+su(2))"	"3 so(8)+2(so(7)+2 su(2))"	13	213	2	0	1	0	0	0	0	0	26
11	121	"2 so(8)+2(g2+su(2))"	"3 so(8)+g2+su(2)+so(7)+2 su(2)"	12	215	1	0	1	0	0	0	0	0	2
11	121	"2 so(8)+2(g2+su(2))"	"3 so(8)+g2+su(2)+so(7)+2 su(2)"	13	215	1	0	1	0	0	0	0	0	32
11	121	"2 so(8)+2(g2+su(2))"	"3 so(8)+su(3)+2(g2+su(2))"	11	209	0	1	1	0	0	0	0	0	2
11	121	"2 so(8)+2(g2+su(2))"	"4 so(8)+2(so(7)+2 su(2))"	15	185	2	0	2	0	0	0	0	0	6
11	121	"2 so(8)+2(g2+su(2))"	"4 so(8)+g2+su(2)+so(7)+2 su(2)"	14	187	1	0	2	0	0	0	0	0	4
11	121	"2 so(8)+2(g2+su(2))"	"4 so(8)+su(3)+g2+su(2)+so(7)+2 su(2)"	15	179	1	1	2	0	0	0	0	0	4
11	121	"2 so(8)+2(g2+su(2))"	"e6+2 so(8)+2(g2+su(2))"	11	167	0	0	0	0	1	0	0	0	2
11	121	"2 so(8)+2(g2+su(2))"	"e6+2 so(8)+2(g2+su(2))+so(7)+2 su(2)"	15	156	2	1	0	0	1	0	0	0	4
11	121	"2 so(8)+2(g2+su(2))"	"e6+2 so(8)+2(g2+su(2))+so(7)+2 su(2)"	16	156	2	1	0	0	1	0	0	0	28
11	121	"2 so(8)+2(g2+su(2))"	"e6+2 so(8)+2(g2+su(2))+so(7)+2 su(2)"	17	156	2	1	0	0	1	0	0	0	2
11	121	"2 so(8)+2(g2+su(2))"	"e6+2 so(8)+2(g2+su(2))+so(7)+2 su(2)"	18	156	2	1	0	0	1	0	0	0	6
11	121	"2 so(8)+2(g2+su(2))"	"e6+2 so(8)+2(g2+su(2))+so(7)+2 su(2)"	22	156	2	1	0	0	1	0	0	0	2
11	121	"2 so(8)+2(g2+su(2))"	"e6+2 so(8)+2(so(7)+2 su(2))"	15	163	2	0	0	0	1	0	0	0	30
11	121	"2 so(8)+2(g2+su(2))"	"e6+2 so(8)+2(so(7)+2 su(2))"	16	163	2	0	0	0	1	0	0	0	8
11	121	"2 so(8)+2(g2+su(2))"	"e6+2 so(8)+2(so(7)+2 su(2))"	17	163	2	0	0	0	1	0	0	0	2
11	121	"2 so(8)+2(g2+su(2))"	"e6+2 so(8)+2(so(7)+2 su(2))"	18	163	2	0	0	0	1	0	0	0	2
11	121	"2 so(8)+2(g2+su(2))"	"e6+2 so(8)+2(so(7)+2 su(2))"	20	163	2	0	0	0	1	0	0	0	10
11	121	"2 so(8)+2(g2+su(2))"	"e6+2 so(8)+2 su(3)+2(g2+su(2))"	19	151	0	2	0	0	1	0	0	0	2
11	121	"2 so(8)+2(g2+su(2))"	"e6+2 so(8)+2 su(3)+2(so(7)+2 su(2))"	21	147	2	2	0	0	1	0	0	0	2
11	121	"2 so(8)+2(g2+su(2))"	"e6+2 so(8)+2 su(3)+2(so(7)+2 su(2))"	22	147	2	2	0	0	1	0	0	0	2
11	121	"2 so(8)+2(g2+su(2))"	"e6+2 so(8)+2 su(3)+2(so(7)+2 su(2))"	24	147	2	2	0	0	1	0	0	0	2
11	121	"2 so(8)+2(g2+su(2))"	"e6+2 so(8)+2 su(3)+2(so(7)+2 su(2))"	26	147	2	2	0	0	1	0	0	0	2
11	121	"2 so(8)+2(g2+su(2))"	"e6+2 so(8)+2 su(3)+g2+su(2)+so(7)+2 su(2)"	19	149	1	2	0	0	1	0	0	0	2
11	121	"2 so(8)+2(g2+su(2))"	"e6+2 so(8)+2 su(3)+g2+su(2)+so(7)+2 su(2)"	20	149	1	2	0	0	1	0	0	0	14
11	121	"2 so(8)+2(g2+su(2))"	"e6+2 so(8)+2 su(3)+g2+su(2)+so(7)+2 su(2)"	21	149	1	2	0	0	1	0	0	0	2
11	121	"2 so(8)+2(g2+su(2))"	"e6+2 so(8)+2 su(3)+g2+su(2)+so(7)+2 su(2)"	22	149	1	2	0	0	1	0	0	0	2
11	121	"2 so(8)+2(g2+su(2))"	"e6+2 so(8)+2 su(3)+g2+su(2)+so(7)+2 su(2)"	23	149	1	2	0	0	1	0	0	0	2
11	121	"2 so(8)+2(g2+su(2))"	"e6+2 so(8)+2 su(3)+g2+su(2)+so(7)+2 su(2)"	24	149	1	2	0	0	1	0	0	0	2
11	121	"2 so(8)+2(g2+su(2))"	"e6+2 so(8)+2 su(3)+g2+su(2)+so(7)+2 su(2)"	31	149	1	2	0	0	1	0	0	0	2
11	121	"2 so(8)+2(g2+su(2))"	"e6+2 so(8)+2 su(3)+g2+su(2)+so(7)+2 su(2)"	37	149	1	2	0	0	1	0	0	0	2
11	121	"2 so(8)+2(g2+su(2))"	"e6+2 so(8)+3(g2+su(2))"	15	158	1	1	0	0	1	0	0	0	8
11	121	"2 so(8)+2(g2+su(2))"	"e6+2 so(8)+3(g2+su(2))"	16	158	1	1	0	0	1	0	0	0	28
11	121	"2 so(8)+2(g2+su(2))"	"e6+2 so(8)+3(g2+su(2))"	17	158	1	1	0	0	1	0	0	0	6
11	121	"2 so(8)+2(g2+su(2))"	"e6+2 so(8)+3(g2+su(2))"	19	158	1	1	0	0	1	0	0	0	4
11	121	"2 so(8)+2(g2+su(2))"	"e6+2 so(8)+3(g2+su(2))"	20	158	1	1	0	0	1	0	0	0	4
11	121	"2 so(8)+2(g2+su(2))"	"e6+2 so(8)+3(g2+su(2))"	24	158	1	1	0	0	1	0	0	0	2
11	121	"2 so(8)+2(g2+su(2))"	"e6+2 so(8)+g2+su(2)+2(so(7)+2 su(2))"	16	154	3	1	0	0	1	0	0	0	6
11	121	"2 so(8)+2(g2+su(2))"	"e6+2 so(8)+g2+su(2)+2(so(7)+2 su(2))"	18	154	3	1	0	0	1	0	0	0	2
11	121	"2 so(8)+2(g2+su(2))"	"e6+2 so(8)+g2+su(2)+so(7)+2 su(2)"	14	165	1	0	0	0	1	0	0	0	2
11	121	"2 so(8)+2(g2+su(2))"	"e6+2 so(8)+g2+su(2)+so(7)+2 su(2)"	15	165	1	0	0	0	1	0	0	0	48
11	121	"2 so(8)+2(g2+su(2))"	"e6+2 so(8)+g2+su(2)+so(7)+2 su(2)"	16	165	1	0	0	0	1	0	0	0	20
11	121	"2 so(8)+2(g2+su(2))"	"e6+2 so(8)+g2+su(2)+so(7)+2 su(2)"	17	165	1	0	0	0	1	0	0	0	14
11	121	"2 so(8)+2(g2+su(2))"	"e6+2 so(8)+g2+su(2)+so(7)+2 su(2)"	18	165	1	0	0	0	1	0	0	0	2
11	121	"2 so(8)+2(g2+su(2))"	"e6+2 so(8)+su(3)+2(g2+su(2))"	13	159	0	1	0	0	1	0	0	0	2
11	121	"2 so(8)+2(g2+su(2))"	"e6+2 so(8)+su(3)+2(g2+su(2))+so(7)+2 su(2)"	21	148	2	2	0	0	1	0	0	0	4
11	121	"2 so(8)+2(g2+su(2))"	"e6+2 so(8)+su(3)+2(g2+su(2))+so(7)+2 su(2)"	24	148	2	2	0	0	1	0	0	0	8
11	121	"2 so(8)+2(g2+su(2))"	"e6+2 so(8)+su(3)+2(g2+su(2))+so(7)+2 su(2)"	34	148	2	2	0	0	1	0	0	0	4
11	121	"2 so(8)+2(g2+su(2))"	"e6+2 so(8)+su(3)+2(so(7)+2 su(2))"	15	155	2	1	0	0	1	0	0	0	6
11	121	"2 so(8)+2(g2+su(2))"	"e6+2 so(8)+su(3)+2(so(7)+2 su(2))"	16	155	2	1	0	0	1	0	0	0	12
11	121	"2 so(8)+2(g2+su(2))"	"e6+2 so(8)+su(3)+2(so(7)+2 su(2))"	17	155	2	1	0	0	1	0	0	0	6
11	121	"2 so(8)+2(g2+su(2))"	"e6+2 so(8)+su(3)+2(so(7)+2 su(2))"	18	155	2	1	0	0	1	0	0	0	2
11	121	"2 so(8)+2(g2+su(2))"	"e6+2 so(8)+su(3)+2(so(7)+2 su(2))"	21	155	2	1	0	0	1	0	0	0	2
11	121	"2 so(8)+2(g2+su(2))"	"e6+2 so(8)+su(3)+2(so(7)+2 su(2))"	31	155	2	1	0	0	1	0	0	0	2
11	121	"2 so(8)+2(g2+su(2))"	"e6+2 so(8)+su(3)+3(g2+su(2))"	20	150	1	2	0	0	1	0	0	0	16
11	121	"2 so(8)+2(g2+su(2))"	"e6+2 so(8)+su(3)+3(g2+su(2))"	21	150	1	2	0	0	1	0	0	0	8
11	121	"2 so(8)+2(g2+su(2))"	"e6+2 so(8)+su(3)+3(g2+su(2))"	22	150	1	2	0	0	1	0	0	0	8
11	121	"2 so(8)+2(g2+su(2))"	"e6+2 so(8)+su(3)+3(g2+su(2))"	24	150	1	2	0	0	1	0	0	0	4
11	121	"2 so(8)+2(g2+su(2))"	"e6+2 so(8)+su(3)+3(g2+su(2))"	27	150	1	2	0	0	1	0	0	0	4
11	121	"2 so(8)+2(g2+su(2))"	"e6+2 so(8)+su(3)+3(g2+su(2))"	42	150	1	2	0	0	1	0	0	0	4
11	121	"2 so(8)+2(g2+su(2))"	"e6+2 so(8)+su(3)+g2+su(2)+so(7)+2 su(2)"	15	157	1	1	0	0	1	0	0	0	14
11	121	"2 so(8)+2(g2+su(2))"	"e6+2 so(8)+su(3)+g2+su(2)+so(7)+2 su(2)"	16	157	1	1	0	0	1	0	0	0	30
11	121	"2 so(8)+2(g2+su(2))"	"e6+2 so(8)+su(3)+g2+su(2)+so(7)+2 su(2)"	17	157	1	1	0	0	1	0	0	0	6
11	121	"2 so(8)+2(g2+su(2))"	"e6+2 so(8)+su(3)+g2+su(2)+so(7)+2 su(2)"	18	157	1	1	0	0	1	0	0	0	2
11	121	"2 so(8)+2(g2+su(2))"	"e6+2 so(8)+su(3)+g2+su(2)+so(7)+2 su(2)"	19	157	1	1	0	0	1	0	0	0	2
11	121	"2 so(8)+2(g2+su(2))"	"e6+2 so(8)+su(3)+g2+su(2)+so(7)+2 su(2)"	21	157	1	1	0	0	1	0	0	0	4
11	121	"2 so(8)+2(g2+su(2))"	"e6+2 so(8)+su(3)+g2+su(2)+so(7)+2 su(2)"	28	157	1	1	0	0	1	0	0	0	4
11	121	"2 so(8)+2(g2+su(2))"	"e6+3 so(8)+2(g2+su(2))"	14	139	0	0	1	0	1	0	0	0	2
11	121	"2 so(8)+2(g2+su(2))"	"e6+3 so(8)+2(so(7)+2 su(2))"	16	135	2	0	1	0	1	0	0	0	12
11	121	"2 so(8)+2(g2+su(2))"	"e6+3 so(8)+2(so(7)+2 su(2))"	17	135	2	0	1	0	1	0	0	0	2
11	121	"2 so(8)+2(g2+su(2))"	"e6+3 so(8)+2(so(7)+2 su(2))"	18	135	2	0	1	0	1	0	0	0	4
11	121	"2 so(8)+2(g2+su(2))"	"e6+3 so(8)+2(so(7)+2 su(2))"	19	135	2	0	1	0	1	0	0	0	2
11	121	"2 so(8)+2(g2+su(2))"	"e6+3 so(8)+2(so(7)+2 su(2))"	21	135	2	0	1	0	1	0	0	0	6
11	121	"2 so(8)+2(g2+su(2))"	"e6+3 so(8)+2(so(7)+2 su(2))"	24	135	2	0	1	0	1	0	0	0	2
11	121	"2 so(8)+2(g2+su(2))"	"e6+3 so(8)+g2+su(2)+so(7)+2 su(2)"	16	137	1	0	1	0	1	0	0	0	36
11	121	"2 so(8)+2(g2+su(2))"	"e6+3 so(8)+g2+su(2)+so(7)+2 su(2)"	17	137	1	0	1	0	1	0	0	0	18
11	121	"2 so(8)+2(g2+su(2))"	"e6+3 so(8)+g2+su(2)+so(7)+2 su(2)"	18	137	1	0	1	0	1	0	0	0	8
11	121	"2 so(8)+2(g2+su(2))"	"e6+3 so(8)+g2+su(2)+so(7)+2 su(2)"	19	137	1	0	1	0	1	0	0	0	2
11	121	"2 so(8)+2(g2+su(2))"	"e6+3 so(8)+g2+su(2)+so(7)+2 su(2)"	20	137	1	0	1	0	1	0	0	0	2
11	121	"2 so(8)+2(g2+su(2))"	"e6+3 so(8)+g2+su(2)+so(7)+2 su(2)"	21	137	1	0	1	0	1	0	0	0	4
11	121	"2 so(8)+2(g2+su(2))"	"e6+3 so(8)+g2+su(2)+so(7)+2 su(2)"	28	137	1	0	1	0	1	0	0	0	2
11	121	"2 so(8)+2(g2+su(2))"	"e6+3 so(8)+su(3)+2(g2+su(2))"	20	131	0	1	1	0	1	0	0	0	2
11	121	"2 so(8)+2(g2+su(2))"	"e6+3 so(8)+su(3)+g2+su(2)+so(7)+2 su(2)"	20	129	1	1	1	0	1	0	0	0	2
11	121	"2 so(8)+2(g2+su(2))"	"e6+3 so(8)+su(3)+g2+su(2)+so(7)+2 su(2)"	24	129	1	1	1	0	1	0	0	0	2
11	121	"2 so(8)+2(g2+su(2))"	"e6+3 so(8)+su(3)+g2+su(2)+so(7)+2 su(2)"	45	129	1	1	1	0	1	0	0	0	2
11	121	"2 so(8)+2(g2+su(2))"	"e6+f4+2 so(8)+2(g2+su(2))"	15	115	0	0	0	1	1	0	0	0	2
11	121	"2 so(8)+2(g2+su(2))"	"e6+f4+2 so(8)+2(so(7)+2 su(2))"	17	111	2	0	0	1	1	0	0	0	6
11	121	"2 so(8)+2(g2+su(2))"	"e6+f4+2 so(8)+2(so(7)+2 su(2))"	18	111	2	0	0	1	1	0	0	0	4
11	121	"2 so(8)+2(g2+su(2))"	"e6+f4+2 so(8)+2(so(7)+2 su(2))"	19	111	2	0	0	1	1	0	0	0	2
11	121	"2 so(8)+2(g2+su(2))"	"e6+f4+2 so(8)+g2+su(2)+so(7)+2 su(2)"	17	113	1	0	0	1	1	0	0	0	48
11	121	"2 so(8)+2(g2+su(2))"	"e6+f4+2 so(8)+g2+su(2)+so(7)+2 su(2)"	18	113	1	0	0	1	1	0	0	0	6
11	121	"2 so(8)+2(g2+su(2))"	"e6+f4+2 so(8)+g2+su(2)+so(7)+2 su(2)"	19	113	1	0	0	1	1	0	0	0	4
11	121	"2 so(8)+2(g2+su(2))"	"e6+f4+2 so(8)+g2+su(2)+so(7)+2 su(2)"	29	113	1	0	0	1	1	0	0	0	2
11	121	"2 so(8)+2(g2+su(2))"	"e7'+2 so(8)+2(g2+su(2))"	11	140	0	0	0	0	0	1	0	0	2
11	121	"2 so(8)+2(g2+su(2))"	"e7+2 so(8)+2(g2+su(2))"	11	112	0	0	0	0	0	0	1	0	2
11	121	"2 so(8)+2(g2+su(2))"	"e7'+2 so(8)+2(g2+su(2))+so(7)+2 su(2)"	16	129	2	1	0	0	0	1	0	0	4
11	121	"2 so(8)+2(g2+su(2))"	"e7'+2 so(8)+2(g2+su(2))+so(7)+2 su(2)"	17	129	2	1	0	0	0	1	0	0	6
11	121	"2 so(8)+2(g2+su(2))"	"e7'+2 so(8)+2(g2+su(2))+so(7)+2 su(2)"	20	129	2	1	0	0	0	1	0	0	14
11	121	"2 so(8)+2(g2+su(2))"	"e7'+2 so(8)+2(g2+su(2))+so(7)+2 su(2)"	21	129	2	1	0	0	0	1	0	0	2
11	121	"2 so(8)+2(g2+su(2))"	"e7'+2 so(8)+2(g2+su(2))+so(7)+2 su(2)"	22	129	2	1	0	0	0	1	0	0	2
11	121	"2 so(8)+2(g2+su(2))"	"e7'+2 so(8)+2(g2+su(2))+so(7)+2 su(2)"	23	129	2	1	0	0	0	1	0	0	2
11	121	"2 so(8)+2(g2+su(2))"	"e7'+2 so(8)+2(g2+su(2))+so(7)+2 su(2)"	24	129	2	1	0	0	0	1	0	0	2
11	121	"2 so(8)+2(g2+su(2))"	"e7'+2 so(8)+2(g2+su(2))+so(7)+2 su(2)"	28	129	2	1	0	0	0	1	0	0	4
11	121	"2 so(8)+2(g2+su(2))"	"e7'+2 so(8)+2(g2+su(2))+so(7)+2 su(2)"	30	129	2	1	0	0	0	1	0	0	2
11	121	"2 so(8)+2(g2+su(2))"	"e7'+2 so(8)+2(g2+su(2))+so(7)+2 su(2)"	32	129	2	1	0	0	0	1	0	0	2
11	121	"2 so(8)+2(g2+su(2))"	"e7'+2 so(8)+2(g2+su(2))+so(7)+2 su(2)"	39	129	2	1	0	0	0	1	0	0	2
11	121	"2 so(8)+2(g2+su(2))"	"e7'+2 so(8)+2(g2+su(2))+so(7)+2 su(2)"	52	129	2	1	0	0	0	1	0	0	4
11	121	"2 so(8)+2(g2+su(2))"	"e7'+2 so(8)+2(g2+su(2))+so(7)+2 su(2)"	55	129	2	1	0	0	0	1	0	0	2
11	121	"2 so(8)+2(g2+su(2))"	"e7'+2 so(8)+2(g2+su(2))+so(7)+2 su(2)"	68	129	2	1	0	0	0	1	0	0	2
11	121	"2 so(8)+2(g2+su(2))"	"e7+2 so(8)+2(g2+su(2))+so(7)+2 su(2)"	17	101	2	1	0	0	0	0	1	0	8
11	121	"2 so(8)+2(g2+su(2))"	"e7+2 so(8)+2(g2+su(2))+so(7)+2 su(2)"	18	101	2	1	0	0	0	0	1	0	10
11	121	"2 so(8)+2(g2+su(2))"	"e7+2 so(8)+2(g2+su(2))+so(7)+2 su(2)"	19	101	2	1	0	0	0	0	1	0	16
11	121	"2 so(8)+2(g2+su(2))"	"e7+2 so(8)+2(g2+su(2))+so(7)+2 su(2)"	20	101	2	1	0	0	0	0	1	0	8
11	121	"2 so(8)+2(g2+su(2))"	"e7+2 so(8)+2(g2+su(2))+so(7)+2 su(2)"	21	101	2	1	0	0	0	0	1	0	18
11	121	"2 so(8)+2(g2+su(2))"	"e7+2 so(8)+2(g2+su(2))+so(7)+2 su(2)"	22	101	2	1	0	0	0	0	1	0	2
11	121	"2 so(8)+2(g2+su(2))"	"e7+2 so(8)+2(g2+su(2))+so(7)+2 su(2)"	23	101	2	1	0	0	0	0	1	0	2
11	121	"2 so(8)+2(g2+su(2))"	"e7+2 so(8)+2(g2+su(2))+so(7)+2 su(2)"	28	101	2	1	0	0	0	0	1	0	2
11	121	"2 so(8)+2(g2+su(2))"	"e7+2 so(8)+2(g2+su(2))+so(7)+2 su(2)"	33	101	2	1	0	0	0	0	1	0	2
11	121	"2 so(8)+2(g2+su(2))"	"e7'+2 so(8)+2(so(7)+2 su(2))"	16	136	2	0	0	0	0	1	0	0	15
11	121	"2 so(8)+2(g2+su(2))"	"e7'+2 so(8)+2(so(7)+2 su(2))"	17	136	2	0	0	0	0	1	0	0	6
11	121	"2 so(8)+2(g2+su(2))"	"e7'+2 so(8)+2(so(7)+2 su(2))"	21	136	2	0	0	0	0	1	0	0	6
11	121	"2 so(8)+2(g2+su(2))"	"e7'+2 so(8)+2(so(7)+2 su(2))"	22	136	2	0	0	0	0	1	0	0	2
11	121	"2 so(8)+2(g2+su(2))"	"e7+2 so(8)+2(so(7)+2 su(2))"	17	108	2	0	0	0	0	0	1	0	25
11	121	"2 so(8)+2(g2+su(2))"	"e7+2 so(8)+2(so(7)+2 su(2))"	18	108	2	0	0	0	0	0	1	0	2
11	121	"2 so(8)+2(g2+su(2))"	"e7+2 so(8)+2(so(7)+2 su(2))"	21	108	2	0	0	0	0	0	1	0	2
11	121	"2 so(8)+2(g2+su(2))"	"e7'+2 so(8)+2 su(3)+2(g2+su(2))"	17	124	0	2	0	0	0	1	0	0	2
11	121	"2 so(8)+2(g2+su(2))"	"e7'+2 so(8)+2 su(3)+2(g2+su(2))"	23	124	0	2	0	0	0	1	0	0	2
11	121	"2 so(8)+2(g2+su(2))"	"e7'+2 so(8)+2 su(3)+2(g2+su(2))"	28	124	0	2	0	0	0	1	0	0	2
11	121	"2 so(8)+2(g2+su(2))"	"e7'+2 so(8)+2 su(3)+2(g2+su(2))"	31	124	0	2	0	0	0	1	0	0	2
11	121	"2 so(8)+2(g2+su(2))"	"e7'+2 so(8)+2 su(3)+2(g2+su(2))"	41	124	0	2	0	0	0	1	0	0	2
11	121	"2 so(8)+2(g2+su(2))"	"e7'+2 so(8)+2 su(3)+2(g2+su(2))"	54	124	0	2	0	0	0	1	0	0	2
11	121	"2 so(8)+2(g2+su(2))"	"e7+2 so(8)+2 su(3)+2(g2+su(2))"	18	96	0	2	0	0	0	0	1	0	2
11	121	"2 so(8)+2(g2+su(2))"	"e7+2 so(8)+2 su(3)+2(g2+su(2))"	20	96	0	2	0	0	0	0	1	0	4
11	121	"2 so(8)+2(g2+su(2))"	"e7+2 so(8)+2 su(3)+2(g2+su(2))"	21	96	0	2	0	0	0	0	1	0	6
11	121	"2 so(8)+2(g2+su(2))"	"e7'+2 so(8)+2 su(3)+2(so(7)+2 su(2))"	18	120	2	2	0	0	0	1	0	0	6
11	121	"2 so(8)+2(g2+su(2))"	"e7'+2 so(8)+2 su(3)+2(so(7)+2 su(2))"	19	120	2	2	0	0	0	1	0	0	2
11	121	"2 so(8)+2(g2+su(2))"	"e7'+2 so(8)+2 su(3)+2(so(7)+2 su(2))"	21	120	2	2	0	0	0	1	0	0	2
11	121	"2 so(8)+2(g2+su(2))"	"e7'+2 so(8)+2 su(3)+2(so(7)+2 su(2))"	30	120	2	2	0	0	0	1	0	0	2
11	121	"2 so(8)+2(g2+su(2))"	"e7+2 so(8)+2 su(3)+2(so(7)+2 su(2))"	18	92	2	2	0	0	0	0	1	0	10
11	121	"2 so(8)+2(g2+su(2))"	"e7+2 so(8)+2 su(3)+2(so(7)+2 su(2))"	19	92	2	2	0	0	0	0	1	0	4
11	121	"2 so(8)+2(g2+su(2))"	"e7+2 so(8)+2 su(3)+2(so(7)+2 su(2))"	34	92	2	2	0	0	0	0	1	0	2
11	121	"2 so(8)+2(g2+su(2))"	"e7'+2 so(8)+2 su(3)+g2+su(2)+so(7)+2 su(2)"	17	122	1	2	0	0	0	1	0	0	4
11	121	"2 so(8)+2(g2+su(2))"	"e7'+2 so(8)+2 su(3)+g2+su(2)+so(7)+2 su(2)"	18	122	1	2	0	0	0	1	0	0	16
11	121	"2 so(8)+2(g2+su(2))"	"e7'+2 so(8)+2 su(3)+g2+su(2)+so(7)+2 su(2)"	19	122	1	2	0	0	0	1	0	0	6
11	121	"2 so(8)+2(g2+su(2))"	"e7'+2 so(8)+2 su(3)+g2+su(2)+so(7)+2 su(2)"	20	122	1	2	0	0	0	1	0	0	4
11	121	"2 so(8)+2(g2+su(2))"	"e7'+2 so(8)+2 su(3)+g2+su(2)+so(7)+2 su(2)"	21	122	1	2	0	0	0	1	0	0	2
11	121	"2 so(8)+2(g2+su(2))"	"e7'+2 so(8)+2 su(3)+g2+su(2)+so(7)+2 su(2)"	22	122	1	2	0	0	0	1	0	0	2
11	121	"2 so(8)+2(g2+su(2))"	"e7'+2 so(8)+2 su(3)+g2+su(2)+so(7)+2 su(2)"	23	122	1	2	0	0	0	1	0	0	4
11	121	"2 so(8)+2(g2+su(2))"	"e7'+2 so(8)+2 su(3)+g2+su(2)+so(7)+2 su(2)"	28	122	1	2	0	0	0	1	0	0	2
11	121	"2 so(8)+2(g2+su(2))"	"e7+2 so(8)+2 su(3)+g2+su(2)+so(7)+2 su(2)"	18	94	1	2	0	0	0	0	1	0	24
11	121	"2 so(8)+2(g2+su(2))"	"e7+2 so(8)+2 su(3)+g2+su(2)+so(7)+2 su(2)"	19	94	1	2	0	0	0	0	1	0	10
11	121	"2 so(8)+2(g2+su(2))"	"e7+2 so(8)+2 su(3)+g2+su(2)+so(7)+2 su(2)"	20	94	1	2	0	0	0	0	1	0	6
11	121	"2 so(8)+2(g2+su(2))"	"e7+2 so(8)+2 su(3)+g2+su(2)+so(7)+2 su(2)"	24	94	1	2	0	0	0	0	1	0	2
11	121	"2 so(8)+2(g2+su(2))"	"e7'+2 so(8)+3(g2+su(2))"	16	131	1	1	0	0	0	1	0	0	8
11	121	"2 so(8)+2(g2+su(2))"	"e7'+2 so(8)+3(g2+su(2))"	17	131	1	1	0	0	0	1	0	0	14
11	121	"2 so(8)+2(g2+su(2))"	"e7'+2 so(8)+3(g2+su(2))"	18	131	1	1	0	0	0	1	0	0	2
11	121	"2 so(8)+2(g2+su(2))"	"e7'+2 so(8)+3(g2+su(2))"	20	131	1	1	0	0	0	1	0	0	8
11	121	"2 so(8)+2(g2+su(2))"	"e7'+2 so(8)+3(g2+su(2))"	22	131	1	1	0	0	0	1	0	0	2
11	121	"2 so(8)+2(g2+su(2))"	"e7'+2 so(8)+3(g2+su(2))"	28	131	1	1	0	0	0	1	0	0	2
11	121	"2 so(8)+2(g2+su(2))"	"e7'+2 so(8)+3(g2+su(2))"	29	131	1	1	0	0	0	1	0	0	2
11	121	"2 so(8)+2(g2+su(2))"	"e7'+2 so(8)+3(g2+su(2))"	39	131	1	1	0	0	0	1	0	0	4
11	121	"2 so(8)+2(g2+su(2))"	"e7'+2 so(8)+3(g2+su(2))"	44	131	1	1	0	0	0	1	0	0	2
11	121	"2 so(8)+2(g2+su(2))"	"e7'+2 so(8)+3(g2+su(2))"	55	131	1	1	0	0	0	1	0	0	2
11	121	"2 so(8)+2(g2+su(2))"	"e7'+2 so(8)+3(g2+su(2))"	62	131	1	1	0	0	0	1	0	0	2
11	121	"2 so(8)+2(g2+su(2))"	"e7+2 so(8)+3(g2+su(2))"	17	103	1	1	0	0	0	0	1	0	14
11	121	"2 so(8)+2(g2+su(2))"	"e7+2 so(8)+3(g2+su(2))"	18	103	1	1	0	0	0	0	1	0	14
11	121	"2 so(8)+2(g2+su(2))"	"e7+2 so(8)+3(g2+su(2))"	19	103	1	1	0	0	0	0	1	0	4
11	121	"2 so(8)+2(g2+su(2))"	"e7+2 so(8)+3(g2+su(2))"	20	103	1	1	0	0	0	0	1	0	12
11	121	"2 so(8)+2(g2+su(2))"	"e7+2 so(8)+3(g2+su(2))"	21	103	1	1	0	0	0	0	1	0	12
11	121	"2 so(8)+2(g2+su(2))"	"e7'+2 so(8)+3 su(3)+2(g2+su(2))"	20	116	0	3	0	0	0	1	0	0	2
11	121	"2 so(8)+2(g2+su(2))"	"e7+2 so(8)+3 su(3)+2(g2+su(2))"	19	88	0	3	0	0	0	0	1	0	2
11	121	"2 so(8)+2(g2+su(2))"	"e7'+2 so(8)+3 su(3)+g2+su(2)+so(7)+2 su(2)"	20	114	1	3	0	0	0	1	0	0	2
11	121	"2 so(8)+2(g2+su(2))"	"e7+2 so(8)+3 su(3)+g2+su(2)+so(7)+2 su(2)"	19	86	1	3	0	0	0	0	1	0	2
11	121	"2 so(8)+2(g2+su(2))"	"e7+2 so(8)+3 su(3)+g2+su(2)+so(7)+2 su(2)"	21	86	1	3	0	0	0	0	1	0	2
11	121	"2 so(8)+2(g2+su(2))"	"e7'+2 so(8)+g2+su(2)+2(so(7)+2 su(2))"	20	127	3	1	0	0	0	1	0	0	2
11	121	"2 so(8)+2(g2+su(2))"	"e7'+2 so(8)+g2+su(2)+2(so(7)+2 su(2))"	21	127	3	1	0	0	0	1	0	0	2
11	121	"2 so(8)+2(g2+su(2))"	"e7'+2 so(8)+g2+su(2)+2(so(7)+2 su(2))"	53	127	3	1	0	0	0	1	0	0	2
11	121	"2 so(8)+2(g2+su(2))"	"e7+2 so(8)+g2+su(2)+2(so(7)+2 su(2))"	18	99	3	1	0	0	0	0	1	0	2
11	121	"2 so(8)+2(g2+su(2))"	"e7+2 so(8)+g2+su(2)+2(so(7)+2 su(2))"	19	99	3	1	0	0	0	0	1	0	4
11	121	"2 so(8)+2(g2+su(2))"	"e7+2 so(8)+g2+su(2)+2(so(7)+2 su(2))"	21	99	3	1	0	0	0	0	1	0	2
11	121	"2 so(8)+2(g2+su(2))"	"e7'+2 so(8)+g2+su(2)+so(7)+2 su(2)"	15	138	1	0	0	0	0	1	0	0	2
11	121	"2 so(8)+2(g2+su(2))"	"e7'+2 so(8)+g2+su(2)+so(7)+2 su(2)"	16	138	1	0	0	0	0	1	0	0	26
11	121	"2 so(8)+2(g2+su(2))"	"e7'+2 so(8)+g2+su(2)+so(7)+2 su(2)"	17	138	1	0	0	0	0	1	0	0	8
11	121	"2 so(8)+2(g2+su(2))"	"e7'+2 so(8)+g2+su(2)+so(7)+2 su(2)"	18	138	1	0	0	0	0	1	0	0	8
11	121	"2 so(8)+2(g2+su(2))"	"e7'+2 so(8)+g2+su(2)+so(7)+2 su(2)"	19	138	1	0	0	0	0	1	0	0	2
11	121	"2 so(8)+2(g2+su(2))"	"e7'+2 so(8)+g2+su(2)+so(7)+2 su(2)"	20	138	1	0	0	0	0	1	0	0	2
11	121	"2 so(8)+2(g2+su(2))"	"e7+2 so(8)+g2+su(2)+so(7)+2 su(2)"	16	110	1	0	0	0	0	0	1	0	2
11	121	"2 so(8)+2(g2+su(2))"	"e7+2 so(8)+g2+su(2)+so(7)+2 su(2)"	17	110	1	0	0	0	0	0	1	0	30
11	121	"2 so(8)+2(g2+su(2))"	"e7+2 so(8)+g2+su(2)+so(7)+2 su(2)"	18	110	1	0	0	0	0	0	1	0	10
11	121	"2 so(8)+2(g2+su(2))"	"e7+2 so(8)+g2+su(2)+so(7)+2 su(2)"	19	110	1	0	0	0	0	0	1	0	6
11	121	"2 so(8)+2(g2+su(2))"	"e7'+2 so(8)+su(3)+2(g2+su(2))"	14	132	0	1	0	0	0	1	0	0	2
11	121	"2 so(8)+2(g2+su(2))"	"e7'+2 so(8)+su(3)+2(g2+su(2))"	20	132	0	1	0	0	0	1	0	0	2
11	121	"2 so(8)+2(g2+su(2))"	"e7'+2 so(8)+su(3)+2(g2+su(2))"	28	132	0	1	0	0	0	1	0	0	2
11	121	"2 so(8)+2(g2+su(2))"	"e7'+2 so(8)+su(3)+2(g2+su(2))"	38	132	0	1	0	0	0	1	0	0	2
11	121	"2 so(8)+2(g2+su(2))"	"e7'+2 so(8)+su(3)+2(g2+su(2))"	51	132	0	1	0	0	0	1	0	0	2
11	121	"2 so(8)+2(g2+su(2))"	"e7+2 so(8)+su(3)+2(g2+su(2))"	15	104	0	1	0	0	0	0	1	0	2
11	121	"2 so(8)+2(g2+su(2))"	"e7+2 so(8)+su(3)+2(g2+su(2))"	18	104	0	1	0	0	0	0	1	0	2
11	121	"2 so(8)+2(g2+su(2))"	"e7+2 so(8)+su(3)+2(g2+su(2))"	20	104	0	1	0	0	0	0	1	0	4
11	121	"2 so(8)+2(g2+su(2))"	"e7+2 so(8)+su(3)+2(g2+su(2))"	21	104	0	1	0	0	0	0	1	0	2
11	121	"2 so(8)+2(g2+su(2))"	"e7'+2 so(8)+su(3)+2(g2+su(2))+so(7)+2 su(2)"	18	121	2	2	0	0	0	1	0	0	12
11	121	"2 so(8)+2(g2+su(2))"	"e7'+2 so(8)+su(3)+2(g2+su(2))+so(7)+2 su(2)"	30	121	2	2	0	0	0	1	0	0	4
11	121	"2 so(8)+2(g2+su(2))"	"e7+2 so(8)+su(3)+2(g2+su(2))+so(7)+2 su(2)"	18	93	2	2	0	0	0	0	1	0	12
11	121	"2 so(8)+2(g2+su(2))"	"e7+2 so(8)+su(3)+2(g2+su(2))+so(7)+2 su(2)"	20	93	2	2	0	0	0	0	1	0	4
11	121	"2 so(8)+2(g2+su(2))"	"e7'+2 so(8)+su(3)+2(so(7)+2 su(2))"	16	128	2	1	0	0	0	1	0	0	4
11	121	"2 so(8)+2(g2+su(2))"	"e7'+2 so(8)+su(3)+2(so(7)+2 su(2))"	17	128	2	1	0	0	0	1	0	0	10
11	121	"2 so(8)+2(g2+su(2))"	"e7'+2 so(8)+su(3)+2(so(7)+2 su(2))"	18	128	2	1	0	0	0	1	0	0	6
11	121	"2 so(8)+2(g2+su(2))"	"e7'+2 so(8)+su(3)+2(so(7)+2 su(2))"	20	128	2	1	0	0	0	1	0	0	2
11	121	"2 so(8)+2(g2+su(2))"	"e7'+2 so(8)+su(3)+2(so(7)+2 su(2))"	21	128	2	1	0	0	0	1	0	0	4
11	121	"2 so(8)+2(g2+su(2))"	"e7'+2 so(8)+su(3)+2(so(7)+2 su(2))"	29	128	2	1	0	0	0	1	0	0	2
11	121	"2 so(8)+2(g2+su(2))"	"e7'+2 so(8)+su(3)+2(so(7)+2 su(2))"	54	128	2	1	0	0	0	1	0	0	2
11	121	"2 so(8)+2(g2+su(2))"	"e7+2 so(8)+su(3)+2(so(7)+2 su(2))"	17	100	2	1	0	0	0	0	1	0	8
11	121	"2 so(8)+2(g2+su(2))"	"e7+2 so(8)+su(3)+2(so(7)+2 su(2))"	18	100	2	1	0	0	0	0	1	0	14
11	121	"2 so(8)+2(g2+su(2))"	"e7+2 so(8)+su(3)+2(so(7)+2 su(2))"	19	100	2	1	0	0	0	0	1	0	12
11	121	"2 so(8)+2(g2+su(2))"	"e7+2 so(8)+su(3)+2(so(7)+2 su(2))"	20	100	2	1	0	0	0	0	1	0	2
11	121	"2 so(8)+2(g2+su(2))"	"e7'+2 so(8)+su(3)+3(g2+su(2))"	18	123	1	2	0	0	0	1	0	0	28
11	121	"2 so(8)+2(g2+su(2))"	"e7'+2 so(8)+su(3)+3(g2+su(2))"	19	123	1	2	0	0	0	1	0	0	4
11	121	"2 so(8)+2(g2+su(2))"	"e7'+2 so(8)+su(3)+3(g2+su(2))"	23	123	1	2	0	0	0	1	0	0	4
11	121	"2 so(8)+2(g2+su(2))"	"e7'+2 so(8)+su(3)+3(g2+su(2))"	28	123	1	2	0	0	0	1	0	0	2
11	121	"2 so(8)+2(g2+su(2))"	"e7'+2 so(8)+su(3)+3(g2+su(2))"	32	123	1	2	0	0	0	1	0	0	4
11	121	"2 so(8)+2(g2+su(2))"	"e7'+2 so(8)+su(3)+3(g2+su(2))"	44	123	1	2	0	0	0	1	0	0	4
11	121	"2 so(8)+2(g2+su(2))"	"e7'+2 so(8)+su(3)+3(g2+su(2))"	47	123	1	2	0	0	0	1	0	0	4
11	121	"2 so(8)+2(g2+su(2))"	"e7'+2 so(8)+su(3)+3(g2+su(2))"	65	123	1	2	0	0	0	1	0	0	4
11	121	"2 so(8)+2(g2+su(2))"	"e7+2 so(8)+su(3)+3(g2+su(2))"	18	95	1	2	0	0	0	0	1	0	32
11	121	"2 so(8)+2(g2+su(2))"	"e7+2 so(8)+su(3)+3(g2+su(2))"	19	95	1	2	0	0	0	0	1	0	4
11	121	"2 so(8)+2(g2+su(2))"	"e7+2 so(8)+su(3)+3(g2+su(2))"	20	95	1	2	0	0	0	0	1	0	6
11	121	"2 so(8)+2(g2+su(2))"	"e7+2 so(8)+su(3)+3(g2+su(2))"	21	95	1	2	0	0	0	0	1	0	16
11	121	"2 so(8)+2(g2+su(2))"	"e7'+2 so(8)+su(3)+g2+su(2)+so(7)+2 su(2)"	16	130	1	1	0	0	0	1	0	0	16
11	121	"2 so(8)+2(g2+su(2))"	"e7'+2 so(8)+su(3)+g2+su(2)+so(7)+2 su(2)"	17	130	1	1	0	0	0	1	0	0	14
11	121	"2 so(8)+2(g2+su(2))"	"e7'+2 so(8)+su(3)+g2+su(2)+so(7)+2 su(2)"	18	130	1	1	0	0	0	1	0	0	2
11	121	"2 so(8)+2(g2+su(2))"	"e7'+2 so(8)+su(3)+g2+su(2)+so(7)+2 su(2)"	19	130	1	1	0	0	0	1	0	0	2
11	121	"2 so(8)+2(g2+su(2))"	"e7'+2 so(8)+su(3)+g2+su(2)+so(7)+2 su(2)"	20	130	1	1	0	0	0	1	0	0	10
11	121	"2 so(8)+2(g2+su(2))"	"e7'+2 so(8)+su(3)+g2+su(2)+so(7)+2 su(2)"	21	130	1	1	0	0	0	1	0	0	6
11	121	"2 so(8)+2(g2+su(2))"	"e7'+2 so(8)+su(3)+g2+su(2)+so(7)+2 su(2)"	22	130	1	1	0	0	0	1	0	0	2
11	121	"2 so(8)+2(g2+su(2))"	"e7'+2 so(8)+su(3)+g2+su(2)+so(7)+2 su(2)"	23	130	1	1	0	0	0	1	0	0	4
11	121	"2 so(8)+2(g2+su(2))"	"e7'+2 so(8)+su(3)+g2+su(2)+so(7)+2 su(2)"	28	130	1	1	0	0	0	1	0	0	4
11	121	"2 so(8)+2(g2+su(2))"	"e7'+2 so(8)+su(3)+g2+su(2)+so(7)+2 su(2)"	32	130	1	1	0	0	0	1	0	0	2
11	121	"2 so(8)+2(g2+su(2))"	"e7+2 so(8)+su(3)+g2+su(2)+so(7)+2 su(2)"	17	102	1	1	0	0	0	0	1	0	22
11	121	"2 so(8)+2(g2+su(2))"	"e7+2 so(8)+su(3)+g2+su(2)+so(7)+2 su(2)"	18	102	1	1	0	0	0	0	1	0	16
11	121	"2 so(8)+2(g2+su(2))"	"e7+2 so(8)+su(3)+g2+su(2)+so(7)+2 su(2)"	19	102	1	1	0	0	0	0	1	0	16
11	121	"2 so(8)+2(g2+su(2))"	"e7+2 so(8)+su(3)+g2+su(2)+so(7)+2 su(2)"	20	102	1	1	0	0	0	0	1	0	6
11	121	"2 so(8)+2(g2+su(2))"	"e7+2 so(8)+su(3)+g2+su(2)+so(7)+2 su(2)"	21	102	1	1	0	0	0	0	1	0	4
11	121	"2 so(8)+2(g2+su(2))"	"e7+2 so(8)+su(3)+g2+su(2)+so(7)+2 su(2)"	22	102	1	1	0	0	0	0	1	0	4
11	121	"2 so(8)+2(g2+su(2))"	"e7+2 so(8)+su(3)+g2+su(2)+so(7)+2 su(2)"	24	102	1	1	0	0	0	0	1	0	2
11	121	"2 so(8)+2(g2+su(2))"	"e7+2 so(8)+su(3)+g2+su(2)+so(7)+2 su(2)"	28	102	1	1	0	0	0	0	1	0	2
11	121	"2 so(8)+2(g2+su(2))"	"e7+2 so(8)+su(3)+g2+su(2)+so(7)+2 su(2)"	29	102	1	1	0	0	0	0	1	0	2
11	121	"2 so(8)+2(g2+su(2))"	"e7+2 so(8)+su(3)+g2+su(2)+so(7)+2 su(2)"	37	102	1	1	0	0	0	0	1	0	2
11	121	"2 so(8)+2(g2+su(2))"	"e7'+3 so(8)+2(g2+su(2))"	15	112	0	0	1	0	0	1	0	0	2
11	121	"2 so(8)+2(g2+su(2))"	"e7'+3 so(8)+2(g2+su(2))"	20	112	0	0	1	0	0	1	0	0	2
11	121	"2 so(8)+2(g2+su(2))"	"e7+3 so(8)+2(g2+su(2))"	16	84	0	0	1	0	0	0	1	0	2
11	121	"2 so(8)+2(g2+su(2))"	"e7+3 so(8)+2(g2+su(2))"	19	84	0	0	1	0	0	0	1	0	2
11	121	"2 so(8)+2(g2+su(2))"	"e7'+3 so(8)+2(so(7)+2 su(2))"	17	108	2	0	1	0	0	1	0	0	4
11	121	"2 so(8)+2(g2+su(2))"	"e7'+3 so(8)+2(so(7)+2 su(2))"	18	108	2	0	1	0	0	1	0	0	8
11	121	"2 so(8)+2(g2+su(2))"	"e7'+3 so(8)+2(so(7)+2 su(2))"	19	108	2	0	1	0	0	1	0	0	2
11	121	"2 so(8)+2(g2+su(2))"	"e7+3 so(8)+2(so(7)+2 su(2))"	18	80	2	0	1	0	0	0	1	0	12
11	121	"2 so(8)+2(g2+su(2))"	"e7+3 so(8)+2(so(7)+2 su(2))"	19	80	2	0	1	0	0	0	1	0	2
11	121	"2 so(8)+2(g2+su(2))"	"e7+3 so(8)+2(so(7)+2 su(2))"	20	80	2	0	1	0	0	0	1	0	2
11	121	"2 so(8)+2(g2+su(2))"	"e7'+3 so(8)+3(g2+su(2))"	21	103	1	1	1	0	0	1	0	0	2
11	121	"2 so(8)+2(g2+su(2))"	"e7+3 so(8)+3(g2+su(2))"	19	75	1	1	1	0	0	0	1	0	2
11	121	"2 so(8)+2(g2+su(2))"	"e7'+3 so(8)+g2+su(2)+so(7)+2 su(2)"	17	110	1	0	1	0	0	1	0	0	22
11	121	"2 so(8)+2(g2+su(2))"	"e7'+3 so(8)+g2+su(2)+so(7)+2 su(2)"	18	110	1	0	1	0	0	1	0	0	12
11	121	"2 so(8)+2(g2+su(2))"	"e7'+3 so(8)+g2+su(2)+so(7)+2 su(2)"	19	110	1	0	1	0	0	1	0	0	2
11	121	"2 so(8)+2(g2+su(2))"	"e7'+3 so(8)+g2+su(2)+so(7)+2 su(2)"	20	110	1	0	1	0	0	1	0	0	2
11	121	"2 so(8)+2(g2+su(2))"	"e7'+3 so(8)+g2+su(2)+so(7)+2 su(2)"	21	110	1	0	1	0	0	1	0	0	4
11	121	"2 so(8)+2(g2+su(2))"	"e7'+3 so(8)+g2+su(2)+so(7)+2 su(2)"	22	110	1	0	1	0	0	1	0	0	2
11	121	"2 so(8)+2(g2+su(2))"	"e7+3 so(8)+g2+su(2)+so(7)+2 su(2)"	18	82	1	0	1	0	0	0	1	0	28
11	121	"2 so(8)+2(g2+su(2))"	"e7+3 so(8)+g2+su(2)+so(7)+2 su(2)"	19	82	1	0	1	0	0	0	1	0	12
11	121	"2 so(8)+2(g2+su(2))"	"e7+3 so(8)+g2+su(2)+so(7)+2 su(2)"	20	82	1	0	1	0	0	0	1	0	2
11	121	"2 so(8)+2(g2+su(2))"	"e7+3 so(8)+g2+su(2)+so(7)+2 su(2)"	21	82	1	0	1	0	0	0	1	0	4
11	121	"2 so(8)+2(g2+su(2))"	"e7'+3 so(8)+su(3)+2(g2+su(2))"	18	104	0	1	1	0	0	1	0	0	2
11	121	"2 so(8)+2(g2+su(2))"	"e7+3 so(8)+su(3)+2(g2+su(2))"	19	76	0	1	1	0	0	0	1	0	2
11	121	"2 so(8)+2(g2+su(2))"	"e7'+3 so(8)+su(3)+2(so(7)+2 su(2))"	19	100	2	1	1	0	0	1	0	0	2
11	121	"2 so(8)+2(g2+su(2))"	"e7+3 so(8)+su(3)+2(so(7)+2 su(2))"	19	72	2	1	1	0	0	0	1	0	2
11	121	"2 so(8)+2(g2+su(2))"	"e7'+3 so(8)+su(3)+g2+su(2)+so(7)+2 su(2)"	18	102	1	1	1	0	0	1	0	0	2
11	121	"2 so(8)+2(g2+su(2))"	"e7'+3 so(8)+su(3)+g2+su(2)+so(7)+2 su(2)"	19	102	1	1	1	0	0	1	0	0	4
11	121	"2 so(8)+2(g2+su(2))"	"e7+3 so(8)+su(3)+g2+su(2)+so(7)+2 su(2)"	19	74	1	1	1	0	0	0	1	0	6
11	121	"2 so(8)+2(g2+su(2))"	"e7+3 so(8)+su(3)+g2+su(2)+so(7)+2 su(2)"	23	74	1	1	1	0	0	0	1	0	2
11	121	"2 so(8)+2(g2+su(2))"	"e7'+e6+2 so(8)+2(g2+su(2))"	17	62	0	0	0	0	1	1	0	0	2
11	121	"2 so(8)+2(g2+su(2))"	"e7+e6+2 so(8)+2(g2+su(2))"	18	34	0	0	0	0	1	0	1	0	2
11	121	"2 so(8)+2(g2+su(2))"	"e7'+e6+2 so(8)+2(so(7)+2 su(2))"	19	58	2	0	0	0	1	1	0	0	2
11	121	"2 so(8)+2(g2+su(2))"	"e7+e6+2 so(8)+2(so(7)+2 su(2))"	20	30	2	0	0	0	1	0	1	0	2
11	121	"2 so(8)+2(g2+su(2))"	"e7'+e6+2 so(8)+g2+su(2)+so(7)+2 su(2)"	19	60	1	0	0	0	1	1	0	0	14
11	121	"2 so(8)+2(g2+su(2))"	"e7'+e6+2 so(8)+g2+su(2)+so(7)+2 su(2)"	20	60	1	0	0	0	1	1	0	0	2
11	121	"2 so(8)+2(g2+su(2))"	"e7+e6+2 so(8)+g2+su(2)+so(7)+2 su(2)"	20	32	1	0	0	0	1	0	1	0	16
11	121	"2 so(8)+2(g2+su(2))"	"e7+e7'+2 so(8)+2(g2+su(2))"	19	7	0	0	0	0	0	1	1	0	2
11	121	"2 so(8)+2(g2+su(2))"	"e7+e7'+2 so(8)+g2+su(2)+so(7)+2 su(2)"	21	5	1	0	0	0	0	1	1	0	8
11	121	"2 so(8)+2(g2+su(2))"	"e7'+f4+2 so(8)+2(g2+su(2))"	16	88	0	0	0	1	0	1	0	0	2
11	121	"2 so(8)+2(g2+su(2))"	"e7+f4+2 so(8)+2(g2+su(2))"	17	60	0	0	0	1	0	0	1	0	2
11	121	"2 so(8)+2(g2+su(2))"	"e7'+f4+2 so(8)+2(so(7)+2 su(2))"	18	84	2	0	0	1	0	1	0	0	4
11	121	"2 so(8)+2(g2+su(2))"	"e7'+f4+2 so(8)+2(so(7)+2 su(2))"	19	84	2	0	0	1	0	1	0	0	2
11	121	"2 so(8)+2(g2+su(2))"	"e7+f4+2 so(8)+2(so(7)+2 su(2))"	19	56	2	0	0	1	0	0	1	0	6
11	121	"2 so(8)+2(g2+su(2))"	"e7'+f4+2 so(8)+g2+su(2)+so(7)+2 su(2)"	18	86	1	0	0	1	0	1	0	0	26
11	121	"2 so(8)+2(g2+su(2))"	"e7'+f4+2 so(8)+g2+su(2)+so(7)+2 su(2)"	19	86	1	0	0	1	0	1	0	0	2
11	121	"2 so(8)+2(g2+su(2))"	"e7'+f4+2 so(8)+g2+su(2)+so(7)+2 su(2)"	20	86	1	0	0	1	0	1	0	0	2
11	121	"2 so(8)+2(g2+su(2))"	"e7'+f4+2 so(8)+g2+su(2)+so(7)+2 su(2)"	21	86	1	0	0	1	0	1	0	0	2
11	121	"2 so(8)+2(g2+su(2))"	"e7+f4+2 so(8)+g2+su(2)+so(7)+2 su(2)"	19	58	1	0	0	1	0	0	1	0	28
11	121	"2 so(8)+2(g2+su(2))"	"e7+f4+2 so(8)+g2+su(2)+so(7)+2 su(2)"	20	58	1	0	0	1	0	0	1	0	4
11	121	"2 so(8)+2(g2+su(2))"	"f4+2 so(8)+2(g2+su(2))"	11	193	0	0	0	1	0	0	0	0	2
11	121	"2 so(8)+2(g2+su(2))"	"f4+2 so(8)+2(g2+su(2))+so(7)+2 su(2)"	15	182	2	1	0	1	0	0	0	0	20
11	121	"2 so(8)+2(g2+su(2))"	"f4+2 so(8)+2(so(7)+2 su(2))"	14	189	2	0	0	1	0	0	0	0	30
11	121	"2 so(8)+2(g2+su(2))"	"f4+2 so(8)+3(g2+su(2))"	15	184	1	1	0	1	0	0	0	0	28
11	121	"2 so(8)+2(g2+su(2))"	"f4+2 so(8)+g2+su(2)+2(so(7)+2 su(2))"	15	180	3	1	0	1	0	0	0	0	2
11	121	"2 so(8)+2(g2+su(2))"	"f4+2 so(8)+g2+su(2)+so(7)+2 su(2)"	13	191	1	0	0	1	0	0	0	0	2
11	121	"2 so(8)+2(g2+su(2))"	"f4+2 so(8)+g2+su(2)+so(7)+2 su(2)"	14	191	1	0	0	1	0	0	0	0	58
11	121	"2 so(8)+2(g2+su(2))"	"f4+2 so(8)+su(3)+2(g2+su(2))"	12	185	0	1	0	1	0	0	0	0	2
11	121	"2 so(8)+2(g2+su(2))"	"f4+2 so(8)+su(3)+2(so(7)+2 su(2))"	15	181	2	1	0	1	0	0	0	0	12
11	121	"2 so(8)+2(g2+su(2))"	"f4+2 so(8)+su(3)+g2+su(2)+so(7)+2 su(2)"	14	183	1	1	0	1	0	0	0	0	4
11	121	"2 so(8)+2(g2+su(2))"	"f4+2 so(8)+su(3)+g2+su(2)+so(7)+2 su(2)"	15	183	1	1	0	1	0	0	0	0	32
11	121	"2 so(8)+2(g2+su(2))"	"f4+3 so(8)+2(g2+su(2))"	13	165	0	0	1	1	0	0	0	0	2
11	121	"2 so(8)+2(g2+su(2))"	"f4+3 so(8)+2(so(7)+2 su(2))"	15	161	2	0	1	1	0	0	0	0	6
11	121	"2 so(8)+2(g2+su(2))"	"f4+3 so(8)+2(so(7)+2 su(2))"	16	161	2	0	1	1	0	0	0	0	8
11	121	"2 so(8)+2(g2+su(2))"	"f4+3 so(8)+2(so(7)+2 su(2))"	18	161	2	0	1	1	0	0	0	0	2
11	121	"2 so(8)+2(g2+su(2))"	"f4+3 so(8)+2(so(7)+2 su(2))"	22	161	2	0	1	1	0	0	0	0	4
11	121	"2 so(8)+2(g2+su(2))"	"f4+3 so(8)+g2+su(2)+so(7)+2 su(2)"	15	163	1	0	1	1	0	0	0	0	32
11	121	"2 so(8)+2(g2+su(2))"	"f4+3 so(8)+g2+su(2)+so(7)+2 su(2)"	16	163	1	0	1	1	0	0	0	0	28
11	121	"2 so(8)+2(g2+su(2))"	"f4+3 so(8)+g2+su(2)+so(7)+2 su(2)"	17	163	1	0	1	1	0	0	0	0	12
11	121	"2 so(8)+2(g2+su(2))"	"f4+3 so(8)+g2+su(2)+so(7)+2 su(2)"	18	163	1	0	1	1	0	0	0	0	4
11	121	"2 so(8)+2(g2+su(2))"	"f4+3 so(8)+g2+su(2)+so(7)+2 su(2)"	19	163	1	0	1	1	0	0	0	0	4
11	121	"2 so(8)+2(g2+su(2))"	"f4+3 so(8)+g2+su(2)+so(7)+2 su(2)"	20	163	1	0	1	1	0	0	0	0	4
11	121	"2 so(8)+2(g2+su(2))"	"f4+3 so(8)+g2+su(2)+so(7)+2 su(2)"	21	163	1	0	1	1	0	0	0	0	6
11	122	"2 so(8)+su(3)+g2+su(2)"	"2 f4+2 so(8)+2(g2+su(2))"	16	141	1	0	0	2	0	0	0	0	10
11	122	"2 so(8)+su(3)+g2+su(2)"	"2 f4+2 so(8)+2(g2+su(2))"	17	141	1	0	0	2	0	0	0	0	3
11	122	"2 so(8)+su(3)+g2+su(2)"	"2 f4+2 so(8)+2(g2+su(2))"	18	141	1	0	0	2	0	0	0	0	2
11	122	"2 so(8)+su(3)+g2+su(2)"	"2 f4+2 so(8)+2(g2+su(2))"	20	141	1	0	0	2	0	0	0	0	2
11	122	"2 so(8)+su(3)+g2+su(2)"	"2 so(8)+2(g2+su(2))"	11	245	1	0	0	0	0	0	0	0	2
11	122	"2 so(8)+su(3)+g2+su(2)"	"2 so(8)+2(g2+su(2))"	16	245	1	0	0	0	0	0	0	0	3
11	122	"2 so(8)+su(3)+g2+su(2)"	"2 so(8)+2(g2+su(2))"	17	245	1	0	0	0	0	0	0	0	5
11	122	"2 so(8)+su(3)+g2+su(2)"	"2 so(8)+2(g2+su(2))"	18	245	1	0	0	0	0	0	0	0	2
11	122	"2 so(8)+su(3)+g2+su(2)"	"2 so(8)+2(g2+su(2))"	19	245	1	0	0	0	0	0	0	0	2
11	122	"2 so(8)+su(3)+g2+su(2)"	"2 so(8)+2 su(3)+g2+su(2)"	11	238	0	1	0	0	0	0	0	0	3
11	122	"2 so(8)+su(3)+g2+su(2)"	"2 so(8)+g2+su(2)+so(7)+2 su(2)"	12	243	2	0	0	0	0	0	0	0	15
11	122	"2 so(8)+su(3)+g2+su(2)"	"2 so(8)+su(3)+2(g2+su(2))"	11	237	1	1	0	0	0	0	0	0	2
11	122	"2 so(8)+su(3)+g2+su(2)"	"2 so(8)+su(3)+2(g2+su(2))"	12	237	1	1	0	0	0	0	0	0	4
11	122	"2 so(8)+su(3)+g2+su(2)"	"3 so(8)+2 su(3)+g2+su(2)"	11	210	0	1	1	0	0	0	0	0	2
11	122	"2 so(8)+su(3)+g2+su(2)"	"3 so(8)+g2+su(2)+so(7)+2 su(2)"	13	215	2	0	1	0	0	0	0	0	8
11	122	"2 so(8)+su(3)+g2+su(2)"	"3 so(8)+su(3)+g2+su(2)"	11	218	0	0	1	0	0	0	0	0	2
11	122	"2 so(8)+su(3)+g2+su(2)"	"4 so(8)+2(g2+su(2))"	14	189	1	0	2	0	0	0	0	0	6
11	122	"2 so(8)+su(3)+g2+su(2)"	"4 so(8)+2 su(3)+g2+su(2)"	15	182	0	1	2	0	0	0	0	0	4
11	122	"2 so(8)+su(3)+g2+su(2)"	"e6+2 so(8)+2(g2+su(2))"	15	167	1	0	0	0	1	0	0	0	19
11	122	"2 so(8)+su(3)+g2+su(2)"	"e6+2 so(8)+2(g2+su(2))"	16	167	1	0	0	0	1	0	0	0	17
11	122	"2 so(8)+su(3)+g2+su(2)"	"e6+2 so(8)+2(g2+su(2))"	17	167	1	0	0	0	1	0	0	0	8
11	122	"2 so(8)+su(3)+g2+su(2)"	"e6+2 so(8)+2(g2+su(2))"	18	167	1	0	0	0	1	0	0	0	5
11	122	"2 so(8)+su(3)+g2+su(2)"	"e6+2 so(8)+2(g2+su(2))"	19	167	1	0	0	0	1	0	0	0	2
11	122	"2 so(8)+su(3)+g2+su(2)"	"e6+2 so(8)+2 su(3)+2(g2+su(2))"	19	151	1	2	0	0	1	0	0	0	2
11	122	"2 so(8)+su(3)+g2+su(2)"	"e6+2 so(8)+2 su(3)+2(g2+su(2))"	20	151	1	2	0	0	1	0	0	0	11
11	122	"2 so(8)+su(3)+g2+su(2)"	"e6+2 so(8)+2 su(3)+2(g2+su(2))"	21	151	1	2	0	0	1	0	0	0	7
11	122	"2 so(8)+su(3)+g2+su(2)"	"e6+2 so(8)+2 su(3)+2(g2+su(2))"	22	151	1	2	0	0	1	0	0	0	6
11	122	"2 so(8)+su(3)+g2+su(2)"	"e6+2 so(8)+2 su(3)+2(g2+su(2))"	23	151	1	2	0	0	1	0	0	0	3
11	122	"2 so(8)+su(3)+g2+su(2)"	"e6+2 so(8)+2 su(3)+2(g2+su(2))"	25	151	1	2	0	0	1	0	0	0	2
11	122	"2 so(8)+su(3)+g2+su(2)"	"e6+2 so(8)+2 su(3)+2(g2+su(2))"	31	151	1	2	0	0	1	0	0	0	4
11	122	"2 so(8)+su(3)+g2+su(2)"	"e6+2 so(8)+2 su(3)+2(g2+su(2))"	54	151	1	2	0	0	1	0	0	0	2
11	122	"2 so(8)+su(3)+g2+su(2)"	"e6+2 so(8)+2 su(3)+g2+su(2)"	13	160	0	1	0	0	1	0	0	0	2
11	122	"2 so(8)+su(3)+g2+su(2)"	"e6+2 so(8)+2 su(3)+g2+su(2)"	15	160	0	1	0	0	1	0	0	0	6
11	122	"2 so(8)+su(3)+g2+su(2)"	"e6+2 so(8)+2 su(3)+g2+su(2)"	16	160	0	1	0	0	1	0	0	0	9
11	122	"2 so(8)+su(3)+g2+su(2)"	"e6+2 so(8)+2 su(3)+g2+su(2)"	17	160	0	1	0	0	1	0	0	0	2
11	122	"2 so(8)+su(3)+g2+su(2)"	"e6+2 so(8)+2 su(3)+g2+su(2)"	20	160	0	1	0	0	1	0	0	0	2
11	122	"2 so(8)+su(3)+g2+su(2)"	"e6+2 so(8)+2 su(3)+g2+su(2)+so(7)+2 su(2)"	21	149	2	2	0	0	1	0	0	0	2
11	122	"2 so(8)+su(3)+g2+su(2)"	"e6+2 so(8)+3(g2+su(2))"	16	158	2	1	0	0	1	0	0	0	14
11	122	"2 so(8)+su(3)+g2+su(2)"	"e6+2 so(8)+3(g2+su(2))"	17	158	2	1	0	0	1	0	0	0	3
11	122	"2 so(8)+su(3)+g2+su(2)"	"e6+2 so(8)+3(g2+su(2))"	18	158	2	1	0	0	1	0	0	0	2
11	122	"2 so(8)+su(3)+g2+su(2)"	"e6+2 so(8)+3 su(3)+g2+su(2)"	16	152	0	2	0	0	1	0	0	0	8
11	122	"2 so(8)+su(3)+g2+su(2)"	"e6+2 so(8)+3 su(3)+g2+su(2)"	17	152	0	2	0	0	1	0	0	0	3
11	122	"2 so(8)+su(3)+g2+su(2)"	"e6+2 so(8)+3 su(3)+g2+su(2)"	19	152	0	2	0	0	1	0	0	0	4
11	122	"2 so(8)+su(3)+g2+su(2)"	"e6+2 so(8)+g2+su(2)+so(7)+2 su(2)"	15	165	2	0	0	0	1	0	0	0	18
11	122	"2 so(8)+su(3)+g2+su(2)"	"e6+2 so(8)+g2+su(2)+so(7)+2 su(2)"	16	165	2	0	0	0	1	0	0	0	8
11	122	"2 so(8)+su(3)+g2+su(2)"	"e6+2 so(8)+g2+su(2)+so(7)+2 su(2)"	17	165	2	0	0	0	1	0	0	0	4
11	122	"2 so(8)+su(3)+g2+su(2)"	"e6+2 so(8)+su(3)+2(g2+su(2))"	15	159	1	1	0	0	1	0	0	0	24
11	122	"2 so(8)+su(3)+g2+su(2)"	"e6+2 so(8)+su(3)+2(g2+su(2))"	16	159	1	1	0	0	1	0	0	0	61
11	122	"2 so(8)+su(3)+g2+su(2)"	"e6+2 so(8)+su(3)+2(g2+su(2))"	17	159	1	1	0	0	1	0	0	0	11
11	122	"2 so(8)+su(3)+g2+su(2)"	"e6+2 so(8)+su(3)+2(g2+su(2))"	18	159	1	1	0	0	1	0	0	0	5
11	122	"2 so(8)+su(3)+g2+su(2)"	"e6+2 so(8)+su(3)+2(g2+su(2))"	19	159	1	1	0	0	1	0	0	0	8
11	122	"2 so(8)+su(3)+g2+su(2)"	"e6+2 so(8)+su(3)+2(g2+su(2))"	20	159	1	1	0	0	1	0	0	0	5
11	122	"2 so(8)+su(3)+g2+su(2)"	"e6+2 so(8)+su(3)+2(g2+su(2))"	21	159	1	1	0	0	1	0	0	0	3
11	122	"2 so(8)+su(3)+g2+su(2)"	"e6+2 so(8)+su(3)+3(g2+su(2))"	21	150	2	2	0	0	1	0	0	0	2
11	122	"2 so(8)+su(3)+g2+su(2)"	"e6+2 so(8)+su(3)+3(g2+su(2))"	22	150	2	2	0	0	1	0	0	0	2
11	122	"2 so(8)+su(3)+g2+su(2)"	"e6+2 so(8)+su(3)+g2+su(2)"	11	168	0	0	0	0	1	0	0	0	2
11	122	"2 so(8)+su(3)+g2+su(2)"	"e6+2 so(8)+su(3)+g2+su(2)+so(7)+2 su(2)"	15	157	2	1	0	0	1	0	0	0	12
11	122	"2 so(8)+su(3)+g2+su(2)"	"e6+2 so(8)+su(3)+g2+su(2)+so(7)+2 su(2)"	16	157	2	1	0	0	1	0	0	0	15
11	122	"2 so(8)+su(3)+g2+su(2)"	"e6+2 so(8)+su(3)+g2+su(2)+so(7)+2 su(2)"	17	157	2	1	0	0	1	0	0	0	5
11	122	"2 so(8)+su(3)+g2+su(2)"	"e6+2 so(8)+su(3)+g2+su(2)+so(7)+2 su(2)"	19	157	2	1	0	0	1	0	0	0	2
11	122	"2 so(8)+su(3)+g2+su(2)"	"e6+3 so(8)+2(g2+su(2))"	16	139	1	0	1	0	1	0	0	0	18
11	122	"2 so(8)+su(3)+g2+su(2)"	"e6+3 so(8)+2(g2+su(2))"	17	139	1	0	1	0	1	0	0	0	5
11	122	"2 so(8)+su(3)+g2+su(2)"	"e6+3 so(8)+2(g2+su(2))"	18	139	1	0	1	0	1	0	0	0	2
11	122	"2 so(8)+su(3)+g2+su(2)"	"e6+3 so(8)+2(g2+su(2))"	19	139	1	0	1	0	1	0	0	0	2
11	122	"2 so(8)+su(3)+g2+su(2)"	"e6+3 so(8)+2 su(3)+g2+su(2)"	16	132	0	1	1	0	1	0	0	0	4
11	122	"2 so(8)+su(3)+g2+su(2)"	"e6+3 so(8)+2 su(3)+g2+su(2)"	17	132	0	1	1	0	1	0	0	0	2
11	122	"2 so(8)+su(3)+g2+su(2)"	"e6+3 so(8)+2 su(3)+g2+su(2)"	20	132	0	1	1	0	1	0	0	0	3
11	122	"2 so(8)+su(3)+g2+su(2)"	"e6+3 so(8)+g2+su(2)+so(7)+2 su(2)"	17	137	2	0	1	0	1	0	0	0	2
11	122	"2 so(8)+su(3)+g2+su(2)"	"e6+3 so(8)+su(3)+g2+su(2)"	14	140	0	0	1	0	1	0	0	0	2
11	122	"2 so(8)+su(3)+g2+su(2)"	"e6+f4+2 so(8)+2(g2+su(2))"	17	115	1	0	0	1	1	0	0	0	13
11	122	"2 so(8)+su(3)+g2+su(2)"	"e6+f4+2 so(8)+2(g2+su(2))"	18	115	1	0	0	1	1	0	0	0	2
11	122	"2 so(8)+su(3)+g2+su(2)"	"e6+f4+2 so(8)+2 su(3)+g2+su(2)"	17	108	0	1	0	1	1	0	0	0	2
11	122	"2 so(8)+su(3)+g2+su(2)"	"e6+f4+2 so(8)+su(3)+g2+su(2)"	15	116	0	0	0	1	1	0	0	0	2
11	122	"2 so(8)+su(3)+g2+su(2)"	"e7'+2 so(8)+2(g2+su(2))"	16	140	1	0	0	0	0	1	0	0	19
11	122	"2 so(8)+su(3)+g2+su(2)"	"e7'+2 so(8)+2(g2+su(2))"	17	140	1	0	0	0	0	1	0	0	10
11	122	"2 so(8)+su(3)+g2+su(2)"	"e7'+2 so(8)+2(g2+su(2))"	18	140	1	0	0	0	0	1	0	0	3
11	122	"2 so(8)+su(3)+g2+su(2)"	"e7+2 so(8)+2(g2+su(2))"	17	112	1	0	0	0	0	0	1	0	25
11	122	"2 so(8)+su(3)+g2+su(2)"	"e7+2 so(8)+2(g2+su(2))"	18	112	1	0	0	0	0	0	1	0	7
11	122	"2 so(8)+su(3)+g2+su(2)"	"e7+2 so(8)+2(g2+su(2))"	19	112	1	0	0	0	0	0	1	0	3
11	122	"2 so(8)+su(3)+g2+su(2)"	"e7'+2 so(8)+2 su(3)+2(g2+su(2))"	18	124	1	2	0	0	0	1	0	0	34
11	122	"2 so(8)+su(3)+g2+su(2)"	"e7'+2 so(8)+2 su(3)+2(g2+su(2))"	19	124	1	2	0	0	0	1	0	0	2
11	122	"2 so(8)+su(3)+g2+su(2)"	"e7'+2 so(8)+2 su(3)+2(g2+su(2))"	20	124	1	2	0	0	0	1	0	0	2
11	122	"2 so(8)+su(3)+g2+su(2)"	"e7'+2 so(8)+2 su(3)+2(g2+su(2))"	23	124	1	2	0	0	0	1	0	0	2
11	122	"2 so(8)+su(3)+g2+su(2)"	"e7+2 so(8)+2 su(3)+2(g2+su(2))"	18	96	1	2	0	0	0	0	1	0	38
11	122	"2 so(8)+su(3)+g2+su(2)"	"e7+2 so(8)+2 su(3)+2(g2+su(2))"	20	96	1	2	0	0	0	0	1	0	3
11	122	"2 so(8)+su(3)+g2+su(2)"	"e7'+2 so(8)+2 su(3)+g2+su(2)"	17	133	0	1	0	0	0	1	0	0	3
11	122	"2 so(8)+su(3)+g2+su(2)"	"e7'+2 so(8)+2 su(3)+g2+su(2)"	18	133	0	1	0	0	0	1	0	0	2
11	122	"2 so(8)+su(3)+g2+su(2)"	"e7+2 so(8)+2 su(3)+g2+su(2)"	18	105	0	1	0	0	0	0	1	0	5
11	122	"2 so(8)+su(3)+g2+su(2)"	"e7+2 so(8)+2 su(3)+g2+su(2)"	20	105	0	1	0	0	0	0	1	0	2
11	122	"2 so(8)+su(3)+g2+su(2)"	"e7'+2 so(8)+2 su(3)+g2+su(2)+so(7)+2 su(2)"	18	122	2	2	0	0	0	1	0	0	3
11	122	"2 so(8)+su(3)+g2+su(2)"	"e7+2 so(8)+2 su(3)+g2+su(2)+so(7)+2 su(2)"	18	94	2	2	0	0	0	0	1	0	3
11	122	"2 so(8)+su(3)+g2+su(2)"	"e7'+2 so(8)+3(g2+su(2))"	16	131	2	1	0	0	0	1	0	0	7
11	122	"2 so(8)+su(3)+g2+su(2)"	"e7'+2 so(8)+3(g2+su(2))"	17	131	2	1	0	0	0	1	0	0	12
11	122	"2 so(8)+su(3)+g2+su(2)"	"e7'+2 so(8)+3(g2+su(2))"	18	131	2	1	0	0	0	1	0	0	3
11	122	"2 so(8)+su(3)+g2+su(2)"	"e7'+2 so(8)+3(g2+su(2))"	19	131	2	1	0	0	0	1	0	0	2
11	122	"2 so(8)+su(3)+g2+su(2)"	"e7+2 so(8)+3(g2+su(2))"	17	103	2	1	0	0	0	0	1	0	13
11	122	"2 so(8)+su(3)+g2+su(2)"	"e7+2 so(8)+3(g2+su(2))"	18	103	2	1	0	0	0	0	1	0	13
11	122	"2 so(8)+su(3)+g2+su(2)"	"e7+2 so(8)+3(g2+su(2))"	19	103	2	1	0	0	0	0	1	0	2
11	122	"2 so(8)+su(3)+g2+su(2)"	"e7+2 so(8)+3(g2+su(2))"	21	103	2	1	0	0	0	0	1	0	2
11	122	"2 so(8)+su(3)+g2+su(2)"	"e7'+2 so(8)+3 su(3)+g2+su(2)"	17	125	0	2	0	0	0	1	0	0	3
11	122	"2 so(8)+su(3)+g2+su(2)"	"e7+2 so(8)+3 su(3)+g2+su(2)"	18	97	0	2	0	0	0	0	1	0	6
11	122	"2 so(8)+su(3)+g2+su(2)"	"e7'+2 so(8)+4 su(3)+g2+su(2)"	18	117	0	3	0	0	0	1	0	0	2
11	122	"2 so(8)+su(3)+g2+su(2)"	"e7+2 so(8)+4 su(3)+g2+su(2)"	18	89	0	3	0	0	0	0	1	0	2
11	122	"2 so(8)+su(3)+g2+su(2)"	"e7'+2 so(8)+g2+su(2)+so(7)+2 su(2)"	16	138	2	0	0	0	0	1	0	0	13
11	122	"2 so(8)+su(3)+g2+su(2)"	"e7'+2 so(8)+g2+su(2)+so(7)+2 su(2)"	17	138	2	0	0	0	0	1	0	0	4
11	122	"2 so(8)+su(3)+g2+su(2)"	"e7'+2 so(8)+g2+su(2)+so(7)+2 su(2)"	18	138	2	0	0	0	0	1	0	0	2
11	122	"2 so(8)+su(3)+g2+su(2)"	"e7'+2 so(8)+g2+su(2)+so(7)+2 su(2)"	20	138	2	0	0	0	0	1	0	0	3
11	122	"2 so(8)+su(3)+g2+su(2)"	"e7'+2 so(8)+g2+su(2)+so(7)+2 su(2)"	21	138	2	0	0	0	0	1	0	0	2
11	122	"2 so(8)+su(3)+g2+su(2)"	"e7'+2 so(8)+g2+su(2)+so(7)+2 su(2)"	22	138	2	0	0	0	0	1	0	0	2
11	122	"2 so(8)+su(3)+g2+su(2)"	"e7'+2 so(8)+g2+su(2)+so(7)+2 su(2)"	23	138	2	0	0	0	0	1	0	0	2
11	122	"2 so(8)+su(3)+g2+su(2)"	"e7'+2 so(8)+g2+su(2)+so(7)+2 su(2)"	24	138	2	0	0	0	0	1	0	0	3
11	122	"2 so(8)+su(3)+g2+su(2)"	"e7'+2 so(8)+g2+su(2)+so(7)+2 su(2)"	25	138	2	0	0	0	0	1	0	0	2
11	122	"2 so(8)+su(3)+g2+su(2)"	"e7'+2 so(8)+g2+su(2)+so(7)+2 su(2)"	28	138	2	0	0	0	0	1	0	0	2
11	122	"2 so(8)+su(3)+g2+su(2)"	"e7+2 so(8)+g2+su(2)+so(7)+2 su(2)"	17	110	2	0	0	0	0	0	1	0	17
11	122	"2 so(8)+su(3)+g2+su(2)"	"e7+2 so(8)+g2+su(2)+so(7)+2 su(2)"	18	110	2	0	0	0	0	0	1	0	9
11	122	"2 so(8)+su(3)+g2+su(2)"	"e7+2 so(8)+g2+su(2)+so(7)+2 su(2)"	19	110	2	0	0	0	0	0	1	0	12
11	122	"2 so(8)+su(3)+g2+su(2)"	"e7'+2 so(8)+su(3)+2(g2+su(2))"	16	132	1	1	0	0	0	1	0	0	35
11	122	"2 so(8)+su(3)+g2+su(2)"	"e7'+2 so(8)+su(3)+2(g2+su(2))"	17	132	1	1	0	0	0	1	0	0	38
11	122	"2 so(8)+su(3)+g2+su(2)"	"e7'+2 so(8)+su(3)+2(g2+su(2))"	18	132	1	1	0	0	0	1	0	0	6
11	122	"2 so(8)+su(3)+g2+su(2)"	"e7'+2 so(8)+su(3)+2(g2+su(2))"	19	132	1	1	0	0	0	1	0	0	3
11	122	"2 so(8)+su(3)+g2+su(2)"	"e7'+2 so(8)+su(3)+2(g2+su(2))"	20	132	1	1	0	0	0	1	0	0	8
11	122	"2 so(8)+su(3)+g2+su(2)"	"e7'+2 so(8)+su(3)+2(g2+su(2))"	22	132	1	1	0	0	0	1	0	0	2
11	122	"2 so(8)+su(3)+g2+su(2)"	"e7'+2 so(8)+su(3)+2(g2+su(2))"	23	132	1	1	0	0	0	1	0	0	2
11	122	"2 so(8)+su(3)+g2+su(2)"	"e7'+2 so(8)+su(3)+2(g2+su(2))"	24	132	1	1	0	0	0	1	0	0	3
11	122	"2 so(8)+su(3)+g2+su(2)"	"e7'+2 so(8)+su(3)+2(g2+su(2))"	26	132	1	1	0	0	0	1	0	0	2
11	122	"2 so(8)+su(3)+g2+su(2)"	"e7+2 so(8)+su(3)+2(g2+su(2))"	17	104	1	1	0	0	0	0	1	0	51
11	122	"2 so(8)+su(3)+g2+su(2)"	"e7+2 so(8)+su(3)+2(g2+su(2))"	18	104	1	1	0	0	0	0	1	0	35
11	122	"2 so(8)+su(3)+g2+su(2)"	"e7+2 so(8)+su(3)+2(g2+su(2))"	19	104	1	1	0	0	0	0	1	0	12
11	122	"2 so(8)+su(3)+g2+su(2)"	"e7+2 so(8)+su(3)+2(g2+su(2))"	20	104	1	1	0	0	0	0	1	0	5
11	122	"2 so(8)+su(3)+g2+su(2)"	"e7+2 so(8)+su(3)+2(g2+su(2))"	21	104	1	1	0	0	0	0	1	0	6
11	122	"2 so(8)+su(3)+g2+su(2)"	"e7+2 so(8)+su(3)+2(g2+su(2))"	24	104	1	1	0	0	0	0	1	0	2
11	122	"2 so(8)+su(3)+g2+su(2)"	"e7'+2 so(8)+su(3)+3(g2+su(2))"	18	123	2	2	0	0	0	1	0	0	4
11	122	"2 so(8)+su(3)+g2+su(2)"	"e7+2 so(8)+su(3)+3(g2+su(2))"	18	95	2	2	0	0	0	0	1	0	4
11	122	"2 so(8)+su(3)+g2+su(2)"	"e7'+2 so(8)+su(3)+g2+su(2)+so(7)+2 su(2)"	16	130	2	1	0	0	0	1	0	0	5
11	122	"2 so(8)+su(3)+g2+su(2)"	"e7'+2 so(8)+su(3)+g2+su(2)+so(7)+2 su(2)"	17	130	2	1	0	0	0	1	0	0	10
11	122	"2 so(8)+su(3)+g2+su(2)"	"e7'+2 so(8)+su(3)+g2+su(2)+so(7)+2 su(2)"	18	130	2	1	0	0	0	1	0	0	4
11	122	"2 so(8)+su(3)+g2+su(2)"	"e7'+2 so(8)+su(3)+g2+su(2)+so(7)+2 su(2)"	20	130	2	1	0	0	0	1	0	0	5
11	122	"2 so(8)+su(3)+g2+su(2)"	"e7'+2 so(8)+su(3)+g2+su(2)+so(7)+2 su(2)"	21	130	2	1	0	0	0	1	0	0	2
11	122	"2 so(8)+su(3)+g2+su(2)"	"e7+2 so(8)+su(3)+g2+su(2)+so(7)+2 su(2)"	17	102	2	1	0	0	0	0	1	0	11
11	122	"2 so(8)+su(3)+g2+su(2)"	"e7+2 so(8)+su(3)+g2+su(2)+so(7)+2 su(2)"	18	102	2	1	0	0	0	0	1	0	13
11	122	"2 so(8)+su(3)+g2+su(2)"	"e7+2 so(8)+su(3)+g2+su(2)+so(7)+2 su(2)"	19	102	2	1	0	0	0	0	1	0	6
11	122	"2 so(8)+su(3)+g2+su(2)"	"e7+2 so(8)+su(3)+g2+su(2)+so(7)+2 su(2)"	20	102	2	1	0	0	0	0	1	0	2
11	122	"2 so(8)+su(3)+g2+su(2)"	"e7'+3 so(8)+2(g2+su(2))"	17	112	1	0	1	0	0	1	0	0	12
11	122	"2 so(8)+su(3)+g2+su(2)"	"e7'+3 so(8)+2(g2+su(2))"	18	112	1	0	1	0	0	1	0	0	3
11	122	"2 so(8)+su(3)+g2+su(2)"	"e7+3 so(8)+2(g2+su(2))"	18	84	1	0	1	0	0	0	1	0	14
11	122	"2 so(8)+su(3)+g2+su(2)"	"e7+3 so(8)+2(g2+su(2))"	19	84	1	0	1	0	0	0	1	0	2
11	122	"2 so(8)+su(3)+g2+su(2)"	"e7'+3 so(8)+2 su(3)+g2+su(2)"	18	105	0	1	1	0	0	1	0	0	3
11	122	"2 so(8)+su(3)+g2+su(2)"	"e7+3 so(8)+2 su(3)+g2+su(2)"	19	77	0	1	1	0	0	0	1	0	2
11	122	"2 so(8)+su(3)+g2+su(2)"	"e7+3 so(8)+g2+su(2)+so(7)+2 su(2)"	18	82	2	0	1	0	0	0	1	0	2
11	122	"2 so(8)+su(3)+g2+su(2)"	"e7'+f4+2 so(8)+2(g2+su(2))"	18	88	1	0	0	1	0	1	0	0	7
11	122	"2 so(8)+su(3)+g2+su(2)"	"e7+f4+2 so(8)+2(g2+su(2))"	19	60	1	0	0	1	0	0	1	0	8
11	122	"2 so(8)+su(3)+g2+su(2)"	"e8+2 so(8)+2(g2+su(2))"	21	-3	1	0	0	0	0	0	0	1	17
11	122	"2 so(8)+su(3)+g2+su(2)"	"e8+2 so(8)+2(g2+su(2))+so(7)+2 su(2)"	21	-14	3	1	0	0	0	0	0	1	3
11	122	"2 so(8)+su(3)+g2+su(2)"	"e8+2 so(8)+2 su(3)+2(g2+su(2))"	21	-19	1	2	0	0	0	0	0	1	30
11	122	"2 so(8)+su(3)+g2+su(2)"	"e8+2 so(8)+2 su(3)+2(g2+su(2))"	22	-19	1	2	0	0	0	0	0	1	6
11	122	"2 so(8)+su(3)+g2+su(2)"	"e8+2 so(8)+2 su(3)+g2+su(2)"	21	-10	0	1	0	0	0	0	0	1	6
11	122	"2 so(8)+su(3)+g2+su(2)"	"e8+2 so(8)+2 su(3)+g2+su(2)"	22	-10	0	1	0	0	0	0	0	1	3
11	122	"2 so(8)+su(3)+g2+su(2)"	"e8+2 so(8)+3(g2+su(2))"	21	-12	2	1	0	0	0	0	0	1	18
11	122	"2 so(8)+su(3)+g2+su(2)"	"e8+2 so(8)+3(g2+su(2))"	22	-12	2	1	0	0	0	0	0	1	5
11	122	"2 so(8)+su(3)+g2+su(2)"	"e8+2 so(8)+3 su(3)+g2+su(2)"	21	-18	0	2	0	0	0	0	0	1	5
11	122	"2 so(8)+su(3)+g2+su(2)"	"e8+2 so(8)+3 su(3)+g2+su(2)"	22	-18	0	2	0	0	0	0	0	1	3
11	122	"2 so(8)+su(3)+g2+su(2)"	"e8+2 so(8)+4 su(3)+g2+su(2)"	22	-26	0	3	0	0	0	0	0	1	3
11	122	"2 so(8)+su(3)+g2+su(2)"	"e8+2 so(8)+g2+su(2)+so(7)+2 su(2)"	21	-5	2	0	0	0	0	0	0	1	28
11	122	"2 so(8)+su(3)+g2+su(2)"	"e8+2 so(8)+su(3)+2(g2+su(2))"	21	-11	1	1	0	0	0	0	0	1	60
11	122	"2 so(8)+su(3)+g2+su(2)"	"e8+2 so(8)+su(3)+2(g2+su(2))"	22	-11	1	1	0	0	0	0	0	1	13
11	122	"2 so(8)+su(3)+g2+su(2)"	"e8+2 so(8)+su(3)+3(g2+su(2))"	22	-20	2	2	0	0	0	0	0	1	2
11	122	"2 so(8)+su(3)+g2+su(2)"	"e8+2 so(8)+su(3)+g2+su(2)+so(7)+2 su(2)"	21	-13	2	1	0	0	0	0	0	1	26
11	122	"2 so(8)+su(3)+g2+su(2)"	"e8+2 so(8)+su(3)+g2+su(2)+so(7)+2 su(2)"	22	-13	2	1	0	0	0	0	0	1	5
11	122	"2 so(8)+su(3)+g2+su(2)"	"e8+3 so(8)+2(g2+su(2))"	22	-31	1	0	1	0	0	0	0	1	7
11	122	"2 so(8)+su(3)+g2+su(2)"	"e8+3 so(8)+2 su(3)+g2+su(2)"	22	-38	0	1	1	0	0	0	0	1	3
11	122	"2 so(8)+su(3)+g2+su(2)"	"e8+3 so(8)+g2+su(2)+so(7)+2 su(2)"	22	-33	2	0	1	0	0	0	0	1	2
11	122	"2 so(8)+su(3)+g2+su(2)"	"e8+f4+2 so(8)+2(g2+su(2))"	22	-55	1	0	0	1	0	0	0	1	2
11	122	"2 so(8)+su(3)+g2+su(2)"	"e8+f4+2 so(8)+2(g2+su(2))"	23	-55	1	0	0	1	0	0	0	1	2
11	122	"2 so(8)+su(3)+g2+su(2)"	"f4+2 so(8)+2(g2+su(2))"	14	193	1	0	0	1	0	0	0	0	31
11	122	"2 so(8)+su(3)+g2+su(2)"	"f4+2 so(8)+2 su(3)+g2+su(2)"	12	186	0	1	0	1	0	0	0	0	2
11	122	"2 so(8)+su(3)+g2+su(2)"	"f4+2 so(8)+2 su(3)+g2+su(2)"	14	186	0	1	0	1	0	0	0	0	4
11	122	"2 so(8)+su(3)+g2+su(2)"	"f4+2 so(8)+3(g2+su(2))"	15	184	2	1	0	1	0	0	0	0	6
11	122	"2 so(8)+su(3)+g2+su(2)"	"f4+2 so(8)+3 su(3)+g2+su(2)"	15	178	0	2	0	1	0	0	0	0	5
11	122	"2 so(8)+su(3)+g2+su(2)"	"f4+2 so(8)+3 su(3)+g2+su(2)"	16	178	0	2	0	1	0	0	0	0	3
11	122	"2 so(8)+su(3)+g2+su(2)"	"f4+2 so(8)+g2+su(2)+so(7)+2 su(2)"	14	191	2	0	0	1	0	0	0	0	12
11	122	"2 so(8)+su(3)+g2+su(2)"	"f4+2 so(8)+su(3)+2(g2+su(2))"	14	185	1	1	0	1	0	0	0	0	5
11	122	"2 so(8)+su(3)+g2+su(2)"	"f4+2 so(8)+su(3)+2(g2+su(2))"	15	185	1	1	0	1	0	0	0	0	56
11	122	"2 so(8)+su(3)+g2+su(2)"	"f4+2 so(8)+su(3)+g2+su(2)"	11	194	0	0	0	1	0	0	0	0	2
11	122	"2 so(8)+su(3)+g2+su(2)"	"f4+2 so(8)+su(3)+g2+su(2)+so(7)+2 su(2)"	15	183	2	1	0	1	0	0	0	0	15
11	122	"2 so(8)+su(3)+g2+su(2)"	"f4+3 so(8)+2(g2+su(2))"	15	165	1	0	1	1	0	0	0	0	21
11	122	"2 so(8)+su(3)+g2+su(2)"	"f4+3 so(8)+2(g2+su(2))"	16	165	1	0	1	1	0	0	0	0	9
11	122	"2 so(8)+su(3)+g2+su(2)"	"f4+3 so(8)+2(g2+su(2))"	17	165	1	0	1	1	0	0	0	0	6
11	122	"2 so(8)+su(3)+g2+su(2)"	"f4+3 so(8)+2(g2+su(2))"	18	165	1	0	1	1	0	0	0	0	2
11	122	"2 so(8)+su(3)+g2+su(2)"	"f4+3 so(8)+2 su(3)+g2+su(2)"	15	158	0	1	1	1	0	0	0	0	2
11	122	"2 so(8)+su(3)+g2+su(2)"	"f4+3 so(8)+2 su(3)+g2+su(2)"	16	158	0	1	1	1	0	0	0	0	4
11	122	"2 so(8)+su(3)+g2+su(2)"	"f4+3 so(8)+g2+su(2)+so(7)+2 su(2)"	16	163	2	0	1	1	0	0	0	0	2
11	122	"2 so(8)+su(3)+g2+su(2)"	"f4+3 so(8)+su(3)+g2+su(2)"	13	166	0	0	1	1	0	0	0	0	2
11	123	"e7'+so(8)+g2+su(2)+so(7)+2 su(2)"	"e7'+2 so(8)+2(so(7)+2 su(2))"	16	136	1	0	1	0	0	0	0	0	6
11	123	"e7'+so(8)+g2+su(2)+so(7)+2 su(2)"	"e7'+so(8)+2(g2+su(2))+so(7)+2 su(2)"	15	157	1	1	0	0	0	0	0	0	3
11	123	"e7'+so(8)+g2+su(2)+so(7)+2 su(2)"	"e7'+so(8)+2(g2+su(2))+so(7)+2 su(2)"	16	157	1	1	0	0	0	0	0	0	9
11	123	"e7'+so(8)+g2+su(2)+so(7)+2 su(2)"	"e7'+so(8)+2(g2+su(2))+so(7)+2 su(2)"	18	157	1	1	0	0	0	0	0	0	3
11	123	"e7'+so(8)+g2+su(2)+so(7)+2 su(2)"	"e7'+so(8)+2(g2+su(2))+so(7)+2 su(2)"	19	157	1	1	0	0	0	0	0	0	2
11	123	"e7'+so(8)+g2+su(2)+so(7)+2 su(2)"	"e7'+so(8)+2(g2+su(2))+so(7)+2 su(2)"	20	157	1	1	0	0	0	0	0	0	3
11	123	"e7'+so(8)+g2+su(2)+so(7)+2 su(2)"	"e7'+so(8)+2(so(7)+2 su(2))"	15	164	1	0	0	0	0	0	0	0	7
11	123	"e7'+so(8)+g2+su(2)+so(7)+2 su(2)"	"e7'+so(8)+2(so(7)+2 su(2))"	16	164	1	0	0	0	0	0	0	0	9
11	123	"e7'+so(8)+g2+su(2)+so(7)+2 su(2)"	"e7'+so(8)+2(so(7)+2 su(2))"	18	164	1	0	0	0	0	0	0	0	2
11	123	"e7'+so(8)+g2+su(2)+so(7)+2 su(2)"	"e7'+so(8)+2(so(7)+2 su(2))"	19	164	1	0	0	0	0	0	0	0	2
11	123	"e7'+so(8)+g2+su(2)+so(7)+2 su(2)"	"e7'+so(8)+2 su(3)+2(so(7)+2 su(2))"	16	148	1	2	0	0	0	0	0	0	2
11	123	"e7'+so(8)+g2+su(2)+so(7)+2 su(2)"	"e7'+so(8)+2 su(3)+g2+su(2)+so(7)+2 su(2)"	16	150	0	2	0	0	0	0	0	0	2
11	123	"e7'+so(8)+g2+su(2)+so(7)+2 su(2)"	"e7'+so(8)+g2+su(2)+2(so(7)+2 su(2))"	16	155	2	1	0	0	0	0	0	0	20
11	123	"e7'+so(8)+g2+su(2)+so(7)+2 su(2)"	"e7'+so(8)+g2+su(2)+2(so(7)+2 su(2))"	17	155	2	1	0	0	0	0	0	0	4
11	123	"e7'+so(8)+g2+su(2)+so(7)+2 su(2)"	"e7'+so(8)+g2+su(2)+2(so(7)+2 su(2))"	18	155	2	1	0	0	0	0	0	0	3
11	123	"e7'+so(8)+g2+su(2)+so(7)+2 su(2)"	"e7'+so(8)+su(3)+2(so(7)+2 su(2))"	15	156	1	1	0	0	0	0	0	0	8
11	123	"e7'+so(8)+g2+su(2)+so(7)+2 su(2)"	"e7'+so(8)+su(3)+2(so(7)+2 su(2))"	16	156	1	1	0	0	0	0	0	0	13
11	123	"e7'+so(8)+g2+su(2)+so(7)+2 su(2)"	"e7'+so(8)+su(3)+2(so(7)+2 su(2))"	17	156	1	1	0	0	0	0	0	0	3
11	123	"e7'+so(8)+g2+su(2)+so(7)+2 su(2)"	"e7'+so(8)+su(3)+2(so(7)+2 su(2))"	18	156	1	1	0	0	0	0	0	0	5
11	123	"e7'+so(8)+g2+su(2)+so(7)+2 su(2)"	"e7'+so(8)+su(3)+2(so(7)+2 su(2))"	19	156	1	1	0	0	0	0	0	0	4
11	123	"e7'+so(8)+g2+su(2)+so(7)+2 su(2)"	"e7'+so(8)+su(3)+g2+su(2)+so(7)+2 su(2)"	15	158	0	1	0	0	0	0	0	0	2
11	123	"e7'+so(8)+g2+su(2)+so(7)+2 su(2)"	"e7'+so(8)+su(3)+g2+su(2)+so(7)+2 su(2)"	16	158	0	1	0	0	0	0	0	0	2
11	123	"e7'+so(8)+g2+su(2)+so(7)+2 su(2)"	"e7'+so(8)+su(3)+g2+su(2)+so(7)+2 su(2)"	20	158	0	1	0	0	0	0	0	0	2
11	124	"e6+so(8)+su(3)+so(7)+2 su(2)"	"2 e6+so(8)+2 su(3)+so(7)+2 su(2)"	17	108	0	1	0	0	1	0	0	0	4
11	124	"e6+so(8)+su(3)+so(7)+2 su(2)"	"2 e6+so(8)+3 su(3)+so(7)+2 su(2)"	18	100	0	2	0	0	1	0	0	0	3
11	124	"e6+so(8)+su(3)+so(7)+2 su(2)"	"2 e6+so(8)+su(3)+g2+su(2)+so(7)+2 su(2)"	17	107	1	1	0	0	1	0	0	0	29
11	124	"e6+so(8)+su(3)+so(7)+2 su(2)"	"2 e6+so(8)+su(3)+g2+su(2)+so(7)+2 su(2)"	18	107	1	1	0	0	1	0	0	0	4
11	124	"e6+so(8)+su(3)+so(7)+2 su(2)"	"e6+2 so(8)+2 su(3)+g2+su(2)+so(7)+2 su(2)"	20	149	1	2	1	0	0	0	0	0	6
11	124	"e6+so(8)+su(3)+so(7)+2 su(2)"	"e6+2 so(8)+2 su(3)+g2+su(2)+so(7)+2 su(2)"	21	149	1	2	1	0	0	0	0	0	2
11	124	"e6+so(8)+su(3)+so(7)+2 su(2)"	"e6+2 so(8)+2 su(3)+g2+su(2)+so(7)+2 su(2)"	22	149	1	2	1	0	0	0	0	0	2
11	124	"e6+so(8)+su(3)+so(7)+2 su(2)"	"e6+2 so(8)+2 su(3)+g2+su(2)+so(7)+2 su(2)"	31	149	1	2	1	0	0	0	0	0	2
11	124	"e6+so(8)+su(3)+so(7)+2 su(2)"	"e6+2 so(8)+2 su(3)+so(7)+2 su(2)"	13	158	0	1	1	0	0	0	0	0	2
11	124	"e6+so(8)+su(3)+so(7)+2 su(2)"	"e6+2 so(8)+2 su(3)+so(7)+2 su(2)"	15	158	0	1	1	0	0	0	0	0	5
11	124	"e6+so(8)+su(3)+so(7)+2 su(2)"	"e6+2 so(8)+2 su(3)+so(7)+2 su(2)"	16	158	0	1	1	0	0	0	0	0	8
11	124	"e6+so(8)+su(3)+so(7)+2 su(2)"	"e6+2 so(8)+2 su(3)+so(7)+2 su(2)"	18	158	0	1	1	0	0	0	0	0	3
11	124	"e6+so(8)+su(3)+so(7)+2 su(2)"	"e6+2 so(8)+3 su(3)+so(7)+2 su(2)"	16	150	0	2	1	0	0	0	0	0	7
11	124	"e6+so(8)+su(3)+so(7)+2 su(2)"	"e6+2 so(8)+3 su(3)+so(7)+2 su(2)"	19	150	0	2	1	0	0	0	0	0	2
11	124	"e6+so(8)+su(3)+so(7)+2 su(2)"	"e6+2 so(8)+su(3)+2(so(7)+2 su(2))"	15	155	2	1	1	0	0	0	0	0	3
11	124	"e6+so(8)+su(3)+so(7)+2 su(2)"	"e6+2 so(8)+su(3)+2(so(7)+2 su(2))"	16	155	2	1	1	0	0	0	0	0	5
11	124	"e6+so(8)+su(3)+so(7)+2 su(2)"	"e6+2 so(8)+su(3)+2(so(7)+2 su(2))"	20	155	2	1	1	0	0	0	0	0	4
11	124	"e6+so(8)+su(3)+so(7)+2 su(2)"	"e6+2 so(8)+su(3)+g2+su(2)+so(7)+2 su(2)"	15	157	1	1	1	0	0	0	0	0	12
11	124	"e6+so(8)+su(3)+so(7)+2 su(2)"	"e6+2 so(8)+su(3)+g2+su(2)+so(7)+2 su(2)"	16	157	1	1	1	0	0	0	0	0	36
11	124	"e6+so(8)+su(3)+so(7)+2 su(2)"	"e6+2 so(8)+su(3)+g2+su(2)+so(7)+2 su(2)"	17	157	1	1	1	0	0	0	0	0	9
11	124	"e6+so(8)+su(3)+so(7)+2 su(2)"	"e6+2 so(8)+su(3)+g2+su(2)+so(7)+2 su(2)"	18	157	1	1	1	0	0	0	0	0	5
11	124	"e6+so(8)+su(3)+so(7)+2 su(2)"	"e6+2 so(8)+su(3)+g2+su(2)+so(7)+2 su(2)"	19	157	1	1	1	0	0	0	0	0	3
11	124	"e6+so(8)+su(3)+so(7)+2 su(2)"	"e6+2 so(8)+su(3)+g2+su(2)+so(7)+2 su(2)"	20	157	1	1	1	0	0	0	0	0	4
11	124	"e6+so(8)+su(3)+so(7)+2 su(2)"	"e6+2 so(8)+su(3)+g2+su(2)+so(7)+2 su(2)"	21	157	1	1	1	0	0	0	0	0	2
11	124	"e6+so(8)+su(3)+so(7)+2 su(2)"	"e6+2 so(8)+su(3)+so(7)+2 su(2)"	11	166	0	0	1	0	0	0	0	0	2
11	124	"e6+so(8)+su(3)+so(7)+2 su(2)"	"e6+f4+so(8)+2 su(3)+so(7)+2 su(2)"	17	134	0	1	0	1	0	0	0	0	4
11	124	"e6+so(8)+su(3)+so(7)+2 su(2)"	"e6+f4+so(8)+3 su(3)+so(7)+2 su(2)"	17	126	0	2	0	1	0	0	0	0	3
11	124	"e6+so(8)+su(3)+so(7)+2 su(2)"	"e6+f4+so(8)+su(3)+g2+su(2)+so(7)+2 su(2)"	16	133	1	1	0	1	0	0	0	0	28
11	124	"e6+so(8)+su(3)+so(7)+2 su(2)"	"e6+f4+so(8)+su(3)+g2+su(2)+so(7)+2 su(2)"	17	133	1	1	0	1	0	0	0	0	17
11	124	"e6+so(8)+su(3)+so(7)+2 su(2)"	"e6+f4+so(8)+su(3)+g2+su(2)+so(7)+2 su(2)"	18	133	1	1	0	1	0	0	0	0	2
11	124	"e6+so(8)+su(3)+so(7)+2 su(2)"	"e6+f4+so(8)+su(3)+g2+su(2)+so(7)+2 su(2)"	20	133	1	1	0	1	0	0	0	0	2
11	124	"e6+so(8)+su(3)+so(7)+2 su(2)"	"e6+so(8)+2 su(3)+2(so(7)+2 su(2))"	15	175	2	2	0	0	0	0	0	0	21
11	124	"e6+so(8)+su(3)+so(7)+2 su(2)"	"e6+so(8)+2 su(3)+2(so(7)+2 su(2))"	16	175	2	2	0	0	0	0	0	0	6
11	124	"e6+so(8)+su(3)+so(7)+2 su(2)"	"e6+so(8)+2 su(3)+g2+su(2)+so(7)+2 su(2)"	15	177	1	2	0	0	0	0	0	0	81
11	124	"e6+so(8)+su(3)+so(7)+2 su(2)"	"e6+so(8)+2 su(3)+g2+su(2)+so(7)+2 su(2)"	16	177	1	2	0	0	0	0	0	0	28
11	124	"e6+so(8)+su(3)+so(7)+2 su(2)"	"e6+so(8)+2 su(3)+g2+su(2)+so(7)+2 su(2)"	17	177	1	2	0	0	0	0	0	0	21
11	124	"e6+so(8)+su(3)+so(7)+2 su(2)"	"e6+so(8)+2 su(3)+so(7)+2 su(2)"	11	186	0	1	0	0	0	0	0	0	2
11	124	"e6+so(8)+su(3)+so(7)+2 su(2)"	"e6+so(8)+2 su(3)+so(7)+2 su(2)"	14	186	0	1	0	0	0	0	0	0	2
11	124	"e6+so(8)+su(3)+so(7)+2 su(2)"	"e6+so(8)+3 su(3)+g2+su(2)+so(7)+2 su(2)"	15	169	1	3	0	0	0	0	0	0	5
11	124	"e6+so(8)+su(3)+so(7)+2 su(2)"	"e6+so(8)+3 su(3)+so(7)+2 su(2)"	15	178	0	2	0	0	0	0	0	0	28
11	124	"e6+so(8)+su(3)+so(7)+2 su(2)"	"e6+so(8)+3 su(3)+so(7)+2 su(2)"	16	178	0	2	0	0	0	0	0	0	8
11	124	"e6+so(8)+su(3)+so(7)+2 su(2)"	"e6+so(8)+4 su(3)+so(7)+2 su(2)"	15	170	0	3	0	0	0	0	0	0	11
11	124	"e6+so(8)+su(3)+so(7)+2 su(2)"	"e6+so(8)+4 su(3)+so(7)+2 su(2)"	17	170	0	3	0	0	0	0	0	0	3
11	124	"e6+so(8)+su(3)+so(7)+2 su(2)"	"e6+so(8)+4 su(3)+so(7)+2 su(2)"	18	170	0	3	0	0	0	0	0	0	2
11	124	"e6+so(8)+su(3)+so(7)+2 su(2)"	"e6+so(8)+4 su(3)+so(7)+2 su(2)"	19	170	0	3	0	0	0	0	0	0	2
11	124	"e6+so(8)+su(3)+so(7)+2 su(2)"	"e6+so(8)+su(3)+2(g2+su(2))+so(7)+2 su(2)"	15	176	2	2	0	0	0	0	0	0	10
11	124	"e6+so(8)+su(3)+so(7)+2 su(2)"	"e6+so(8)+su(3)+2(g2+su(2))+so(7)+2 su(2)"	16	176	2	2	0	0	0	0	0	0	2
11	124	"e6+so(8)+su(3)+so(7)+2 su(2)"	"e6+so(8)+su(3)+2(so(7)+2 su(2))"	14	183	2	1	0	0	0	0	0	0	2
11	124	"e6+so(8)+su(3)+so(7)+2 su(2)"	"e6+so(8)+su(3)+2(so(7)+2 su(2))"	15	183	2	1	0	0	0	0	0	0	87
11	124	"e6+so(8)+su(3)+so(7)+2 su(2)"	"e6+so(8)+su(3)+g2+su(2)+so(7)+2 su(2)"	13	185	1	1	0	0	0	0	0	0	2
11	124	"e6+so(8)+su(3)+so(7)+2 su(2)"	"e6+so(8)+su(3)+g2+su(2)+so(7)+2 su(2)"	14	185	1	1	0	0	0	0	0	0	11
11	124	"e6+so(8)+su(3)+so(7)+2 su(2)"	"e6+so(8)+su(3)+g2+su(2)+so(7)+2 su(2)"	15	185	1	1	0	0	0	0	0	0	88
11	124	"e6+so(8)+su(3)+so(7)+2 su(2)"	"e7'+e6+so(8)+2 su(3)+so(7)+2 su(2)"	18	81	0	1	0	0	0	1	0	0	4
11	124	"e6+so(8)+su(3)+so(7)+2 su(2)"	"e7+e6+so(8)+2 su(3)+so(7)+2 su(2)"	19	53	0	1	0	0	0	0	1	0	4
11	124	"e6+so(8)+su(3)+so(7)+2 su(2)"	"e7+e6+so(8)+2 su(3)+so(7)+2 su(2)"	20	53	0	1	0	0	0	0	1	0	2
11	124	"e6+so(8)+su(3)+so(7)+2 su(2)"	"e7'+e6+so(8)+3 su(3)+so(7)+2 su(2)"	18	73	0	2	0	0	0	1	0	0	2
11	124	"e6+so(8)+su(3)+so(7)+2 su(2)"	"e7+e6+so(8)+3 su(3)+so(7)+2 su(2)"	19	45	0	2	0	0	0	0	1	0	3
11	124	"e6+so(8)+su(3)+so(7)+2 su(2)"	"e7'+e6+so(8)+su(3)+g2+su(2)+so(7)+2 su(2)"	18	80	1	1	0	0	0	1	0	0	16
11	124	"e6+so(8)+su(3)+so(7)+2 su(2)"	"e7'+e6+so(8)+su(3)+g2+su(2)+so(7)+2 su(2)"	19	80	1	1	0	0	0	1	0	0	2
11	124	"e6+so(8)+su(3)+so(7)+2 su(2)"	"e7+e6+so(8)+su(3)+g2+su(2)+so(7)+2 su(2)"	19	52	1	1	0	0	0	0	1	0	17
11	125	"e7'+so(8)+2(g2+su(2))"	"e7'+2 so(8)+2(g2+su(2))"	11	140	0	0	1	0	0	0	0	0	2
11	125	"e7'+so(8)+2(g2+su(2))"	"e7'+2 so(8)+2(so(7)+2 su(2))"	16	136	2	0	1	0	0	0	0	0	11
11	125	"e7'+so(8)+2(g2+su(2))"	"e7'+2 so(8)+2(so(7)+2 su(2))"	17	136	2	0	1	0	0	0	0	0	8
11	125	"e7'+so(8)+2(g2+su(2))"	"e7'+2 so(8)+2(so(7)+2 su(2))"	21	136	2	0	1	0	0	0	0	0	2
11	125	"e7'+so(8)+2(g2+su(2))"	"e7'+2 so(8)+2 su(3)+2(g2+su(2))"	17	124	0	2	1	0	0	0	0	0	2
11	125	"e7'+so(8)+2(g2+su(2))"	"e7'+2 so(8)+2 su(3)+g2+su(2)+so(7)+2 su(2)"	17	122	1	2	1	0	0	0	0	0	2
11	125	"e7'+so(8)+2(g2+su(2))"	"e7'+2 so(8)+2 su(3)+g2+su(2)+so(7)+2 su(2)"	18	122	1	2	1	0	0	0	0	0	2
11	125	"e7'+so(8)+2(g2+su(2))"	"e7'+2 so(8)+3(g2+su(2))"	16	131	1	1	1	0	0	0	0	0	4
11	125	"e7'+so(8)+2(g2+su(2))"	"e7'+2 so(8)+3(g2+su(2))"	17	131	1	1	1	0	0	0	0	0	7
11	125	"e7'+so(8)+2(g2+su(2))"	"e7'+2 so(8)+3(g2+su(2))"	20	131	1	1	1	0	0	0	0	0	2
11	125	"e7'+so(8)+2(g2+su(2))"	"e7'+2 so(8)+g2+su(2)+so(7)+2 su(2)"	16	138	1	0	1	0	0	0	0	0	28
11	125	"e7'+so(8)+2(g2+su(2))"	"e7'+2 so(8)+g2+su(2)+so(7)+2 su(2)"	17	138	1	0	1	0	0	0	0	0	7
11	125	"e7'+so(8)+2(g2+su(2))"	"e7'+2 so(8)+g2+su(2)+so(7)+2 su(2)"	18	138	1	0	1	0	0	0	0	0	4
11	125	"e7'+so(8)+2(g2+su(2))"	"e7'+2 so(8)+su(3)+2(g2+su(2))"	14	132	0	1	1	0	0	0	0	0	2
11	125	"e7'+so(8)+2(g2+su(2))"	"e7'+2 so(8)+su(3)+2(g2+su(2))"	20	132	0	1	1	0	0	0	0	0	2
11	125	"e7'+so(8)+2(g2+su(2))"	"e7'+2 so(8)+su(3)+2(g2+su(2))"	28	132	0	1	1	0	0	0	0	0	2
11	125	"e7'+so(8)+2(g2+su(2))"	"e7'+2 so(8)+su(3)+2(so(7)+2 su(2))"	16	128	2	1	1	0	0	0	0	0	3
11	125	"e7'+so(8)+2(g2+su(2))"	"e7'+2 so(8)+su(3)+2(so(7)+2 su(2))"	17	128	2	1	1	0	0	0	0	0	4
11	125	"e7'+so(8)+2(g2+su(2))"	"e7'+2 so(8)+su(3)+g2+su(2)+so(7)+2 su(2)"	16	130	1	1	1	0	0	0	0	0	10
11	125	"e7'+so(8)+2(g2+su(2))"	"e7'+2 so(8)+su(3)+g2+su(2)+so(7)+2 su(2)"	17	130	1	1	1	0	0	0	0	0	17
11	125	"e7'+so(8)+2(g2+su(2))"	"e7'+2 so(8)+su(3)+g2+su(2)+so(7)+2 su(2)"	18	130	1	1	1	0	0	0	0	0	5
11	125	"e7'+so(8)+2(g2+su(2))"	"e7'+2 so(8)+su(3)+g2+su(2)+so(7)+2 su(2)"	20	130	1	1	1	0	0	0	0	0	3
11	125	"e7'+so(8)+2(g2+su(2))"	"e7'+2 so(8)+su(3)+g2+su(2)+so(7)+2 su(2)"	21	130	1	1	1	0	0	0	0	0	2
11	125	"e7'+so(8)+2(g2+su(2))"	"e7'+3 so(8)+g2+su(2)+so(7)+2 su(2)"	17	110	1	0	2	0	0	0	0	0	4
11	125	"e7'+so(8)+2(g2+su(2))"	"e7'+f4+so(8)+3(g2+su(2))"	17	107	1	1	0	1	0	0	0	0	2
11	125	"e7'+so(8)+2(g2+su(2))"	"e7'+f4+so(8)+g2+su(2)+so(7)+2 su(2)"	17	114	1	0	0	1	0	0	0	0	5
11	125	"e7'+so(8)+2(g2+su(2))"	"e7'+f4+so(8)+su(3)+g2+su(2)+so(7)+2 su(2)"	17	106	1	1	0	1	0	0	0	0	2
11	125	"e7'+so(8)+2(g2+su(2))"	"e7'+f4+so(8)+su(3)+g2+su(2)+so(7)+2 su(2)"	18	106	1	1	0	1	0	0	0	0	3
11	125	"e7'+so(8)+2(g2+su(2))"	"e7'+so(8)+2(g2+su(2))+so(7)+2 su(2)"	15	157	2	1	0	0	0	0	0	0	30
11	125	"e7'+so(8)+2(g2+su(2))"	"e7'+so(8)+2(g2+su(2))+so(7)+2 su(2)"	16	157	2	1	0	0	0	0	0	0	90
11	125	"e7'+so(8)+2(g2+su(2))"	"e7'+so(8)+2(g2+su(2))+so(7)+2 su(2)"	17	157	2	1	0	0	0	0	0	0	12
11	125	"e7'+so(8)+2(g2+su(2))"	"e7'+so(8)+2(g2+su(2))+so(7)+2 su(2)"	18	157	2	1	0	0	0	0	0	0	9
11	125	"e7'+so(8)+2(g2+su(2))"	"e7'+so(8)+2(g2+su(2))+so(7)+2 su(2)"	19	157	2	1	0	0	0	0	0	0	6
11	125	"e7'+so(8)+2(g2+su(2))"	"e7'+so(8)+2(g2+su(2))+so(7)+2 su(2)"	20	157	2	1	0	0	0	0	0	0	14
11	125	"e7'+so(8)+2(g2+su(2))"	"e7'+so(8)+2(g2+su(2))+so(7)+2 su(2)"	21	157	2	1	0	0	0	0	0	0	6
11	125	"e7'+so(8)+2(g2+su(2))"	"e7'+so(8)+2(g2+su(2))+so(7)+2 su(2)"	22	157	2	1	0	0	0	0	0	0	4
11	125	"e7'+so(8)+2(g2+su(2))"	"e7'+so(8)+2(g2+su(2))+so(7)+2 su(2)"	23	157	2	1	0	0	0	0	0	0	2
11	125	"e7'+so(8)+2(g2+su(2))"	"e7'+so(8)+2(g2+su(2))+so(7)+2 su(2)"	27	157	2	1	0	0	0	0	0	0	3
11	125	"e7'+so(8)+2(g2+su(2))"	"e7'+so(8)+2(g2+su(2))+so(7)+2 su(2)"	28	157	2	1	0	0	0	0	0	0	3
11	125	"e7'+so(8)+2(g2+su(2))"	"e7'+so(8)+2(so(7)+2 su(2))"	15	164	2	0	0	0	0	0	0	0	38
11	125	"e7'+so(8)+2(g2+su(2))"	"e7'+so(8)+2(so(7)+2 su(2))"	16	164	2	0	0	0	0	0	0	0	34
11	125	"e7'+so(8)+2(g2+su(2))"	"e7'+so(8)+2(so(7)+2 su(2))"	17	164	2	0	0	0	0	0	0	0	20
11	125	"e7'+so(8)+2(g2+su(2))"	"e7'+so(8)+2(so(7)+2 su(2))"	18	164	2	0	0	0	0	0	0	0	6
11	125	"e7'+so(8)+2(g2+su(2))"	"e7'+so(8)+2(so(7)+2 su(2))"	19	164	2	0	0	0	0	0	0	0	4
11	125	"e7'+so(8)+2(g2+su(2))"	"e7'+so(8)+2 su(3)+2(g2+su(2))"	16	152	0	2	0	0	0	0	0	0	8
11	125	"e7'+so(8)+2(g2+su(2))"	"e7'+so(8)+2 su(3)+2(g2+su(2))"	17	152	0	2	0	0	0	0	0	0	5
11	125	"e7'+so(8)+2(g2+su(2))"	"e7'+so(8)+2 su(3)+2(g2+su(2))"	19	152	0	2	0	0	0	0	0	0	2
11	125	"e7'+so(8)+2(g2+su(2))"	"e7'+so(8)+2 su(3)+2(so(7)+2 su(2))"	16	148	2	2	0	0	0	0	0	0	15
11	125	"e7'+so(8)+2(g2+su(2))"	"e7'+so(8)+2 su(3)+2(so(7)+2 su(2))"	17	148	2	2	0	0	0	0	0	0	2
11	125	"e7'+so(8)+2(g2+su(2))"	"e7'+so(8)+2 su(3)+g2+su(2)+so(7)+2 su(2)"	16	150	1	2	0	0	0	0	0	0	46
11	125	"e7'+so(8)+2(g2+su(2))"	"e7'+so(8)+2 su(3)+g2+su(2)+so(7)+2 su(2)"	17	150	1	2	0	0	0	0	0	0	12
11	125	"e7'+so(8)+2(g2+su(2))"	"e7'+so(8)+2 su(3)+g2+su(2)+so(7)+2 su(2)"	18	150	1	2	0	0	0	0	0	0	8
11	125	"e7'+so(8)+2(g2+su(2))"	"e7'+so(8)+2 su(3)+g2+su(2)+so(7)+2 su(2)"	19	150	1	2	0	0	0	0	0	0	3
11	125	"e7'+so(8)+2(g2+su(2))"	"e7'+so(8)+2 su(3)+g2+su(2)+so(7)+2 su(2)"	21	150	1	2	0	0	0	0	0	0	3
11	125	"e7'+so(8)+2(g2+su(2))"	"e7'+so(8)+3(g2+su(2))"	14	159	1	1	0	0	0	0	0	0	2
11	125	"e7'+so(8)+2(g2+su(2))"	"e7'+so(8)+3(g2+su(2))"	15	159	1	1	0	0	0	0	0	0	11
11	125	"e7'+so(8)+2(g2+su(2))"	"e7'+so(8)+3(g2+su(2))"	16	159	1	1	0	0	0	0	0	0	30
11	125	"e7'+so(8)+2(g2+su(2))"	"e7'+so(8)+3(g2+su(2))"	17	159	1	1	0	0	0	0	0	0	11
11	125	"e7'+so(8)+2(g2+su(2))"	"e7'+so(8)+3(g2+su(2))"	18	159	1	1	0	0	0	0	0	0	3
11	125	"e7'+so(8)+2(g2+su(2))"	"e7'+so(8)+3(g2+su(2))"	19	159	1	1	0	0	0	0	0	0	4
11	125	"e7'+so(8)+2(g2+su(2))"	"e7'+so(8)+3(g2+su(2))"	20	159	1	1	0	0	0	0	0	0	4
11	125	"e7'+so(8)+2(g2+su(2))"	"e7'+so(8)+3(so(7)+2 su(2))"	17	153	4	1	0	0	0	0	0	0	3
11	125	"e7'+so(8)+2(g2+su(2))"	"e7'+so(8)+3 su(3)+2(g2+su(2))"	19	144	0	3	0	0	0	0	0	0	2
11	125	"e7'+so(8)+2(g2+su(2))"	"e7'+so(8)+3 su(3)+g2+su(2)+so(7)+2 su(2)"	16	142	1	3	0	0	0	0	0	0	2
11	125	"e7'+so(8)+2(g2+su(2))"	"e7'+so(8)+4(g2+su(2))"	22	150	2	2	0	0	0	0	0	0	2
11	125	"e7'+so(8)+2(g2+su(2))"	"e7'+so(8)+g2+su(2)+2(so(7)+2 su(2))"	15	155	3	1	0	0	0	0	0	0	3
11	125	"e7'+so(8)+2(g2+su(2))"	"e7'+so(8)+g2+su(2)+2(so(7)+2 su(2))"	16	155	3	1	0	0	0	0	0	0	55
11	125	"e7'+so(8)+2(g2+su(2))"	"e7'+so(8)+g2+su(2)+2(so(7)+2 su(2))"	17	155	3	1	0	0	0	0	0	0	6
11	125	"e7'+so(8)+2(g2+su(2))"	"e7'+so(8)+g2+su(2)+2(so(7)+2 su(2))"	18	155	3	1	0	0	0	0	0	0	5
11	125	"e7'+so(8)+2(g2+su(2))"	"e7'+so(8)+g2+su(2)+2(so(7)+2 su(2))"	20	155	3	1	0	0	0	0	0	0	7
11	125	"e7'+so(8)+2(g2+su(2))"	"e7'+so(8)+g2+su(2)+2(so(7)+2 su(2))"	23	155	3	1	0	0	0	0	0	0	5
11	125	"e7'+so(8)+2(g2+su(2))"	"e7'+so(8)+g2+su(2)+2(so(7)+2 su(2))"	31	155	3	1	0	0	0	0	0	0	2
11	125	"e7'+so(8)+2(g2+su(2))"	"e7'+so(8)+g2+su(2)+2(so(7)+2 su(2))"	36	155	3	1	0	0	0	0	0	0	2
11	125	"e7'+so(8)+2(g2+su(2))"	"e7'+so(8)+g2+su(2)+so(7)+2 su(2)"	15	166	1	0	0	0	0	0	0	0	22
11	125	"e7'+so(8)+2(g2+su(2))"	"e7'+so(8)+g2+su(2)+so(7)+2 su(2)"	16	166	1	0	0	0	0	0	0	0	21
11	125	"e7'+so(8)+2(g2+su(2))"	"e7'+so(8)+g2+su(2)+so(7)+2 su(2)"	17	166	1	0	0	0	0	0	0	0	6
11	125	"e7'+so(8)+2(g2+su(2))"	"e7'+so(8)+g2+su(2)+so(7)+2 su(2)"	18	166	1	0	0	0	0	0	0	0	4
11	125	"e7'+so(8)+2(g2+su(2))"	"e7'+so(8)+g2+su(2)+so(7)+2 su(2)"	19	166	1	0	0	0	0	0	0	0	2
11	125	"e7'+so(8)+2(g2+su(2))"	"e7'+so(8)+su(3)+2(g2+su(2))"	11	160	0	1	0	0	0	0	0	0	2
11	125	"e7'+so(8)+2(g2+su(2))"	"e7'+so(8)+su(3)+2(g2+su(2))"	16	160	0	1	0	0	0	0	0	0	5
11	125	"e7'+so(8)+2(g2+su(2))"	"e7'+so(8)+su(3)+2(g2+su(2))"	17	160	0	1	0	0	0	0	0	0	3
11	125	"e7'+so(8)+2(g2+su(2))"	"e7'+so(8)+su(3)+2(g2+su(2))"	18	160	0	1	0	0	0	0	0	0	2
11	125	"e7'+so(8)+2(g2+su(2))"	"e7'+so(8)+su(3)+2(g2+su(2))"	19	160	0	1	0	0	0	0	0	0	2
11	125	"e7'+so(8)+2(g2+su(2))"	"e7'+so(8)+su(3)+2(g2+su(2))"	20	160	0	1	0	0	0	0	0	0	2
11	125	"e7'+so(8)+2(g2+su(2))"	"e7'+so(8)+su(3)+2(g2+su(2))+so(7)+2 su(2)"	16	149	2	2	0	0	0	0	0	0	28
11	125	"e7'+so(8)+2(g2+su(2))"	"e7'+so(8)+su(3)+2(g2+su(2))+so(7)+2 su(2)"	17	149	2	2	0	0	0	0	0	0	19
11	125	"e7'+so(8)+2(g2+su(2))"	"e7'+so(8)+su(3)+2(g2+su(2))+so(7)+2 su(2)"	18	149	2	2	0	0	0	0	0	0	4
11	125	"e7'+so(8)+2(g2+su(2))"	"e7'+so(8)+su(3)+2(so(7)+2 su(2))"	15	156	2	1	0	0	0	0	0	0	15
11	125	"e7'+so(8)+2(g2+su(2))"	"e7'+so(8)+su(3)+2(so(7)+2 su(2))"	16	156	2	1	0	0	0	0	0	0	70
11	125	"e7'+so(8)+2(g2+su(2))"	"e7'+so(8)+su(3)+2(so(7)+2 su(2))"	17	156	2	1	0	0	0	0	0	0	10
11	125	"e7'+so(8)+2(g2+su(2))"	"e7'+so(8)+su(3)+2(so(7)+2 su(2))"	18	156	2	1	0	0	0	0	0	0	6
11	125	"e7'+so(8)+2(g2+su(2))"	"e7'+so(8)+su(3)+2(so(7)+2 su(2))"	20	156	2	1	0	0	0	0	0	0	4
11	125	"e7'+so(8)+2(g2+su(2))"	"e7'+so(8)+su(3)+2(so(7)+2 su(2))"	21	156	2	1	0	0	0	0	0	0	4
11	125	"e7'+so(8)+2(g2+su(2))"	"e7'+so(8)+su(3)+3(g2+su(2))"	16	151	1	2	0	0	0	0	0	0	24
11	125	"e7'+so(8)+2(g2+su(2))"	"e7'+so(8)+su(3)+3(g2+su(2))"	17	151	1	2	0	0	0	0	0	0	8
11	125	"e7'+so(8)+2(g2+su(2))"	"e7'+so(8)+su(3)+3(g2+su(2))"	18	151	1	2	0	0	0	0	0	0	2
11	125	"e7'+so(8)+2(g2+su(2))"	"e7'+so(8)+su(3)+3(g2+su(2))"	19	151	1	2	0	0	0	0	0	0	4
11	125	"e7'+so(8)+2(g2+su(2))"	"e7'+so(8)+su(3)+3(g2+su(2))"	20	151	1	2	0	0	0	0	0	0	2
11	125	"e7'+so(8)+2(g2+su(2))"	"e7'+so(8)+su(3)+3(g2+su(2))"	22	151	1	2	0	0	0	0	0	0	2
11	125	"e7'+so(8)+2(g2+su(2))"	"e7'+so(8)+su(3)+3(g2+su(2))"	30	151	1	2	0	0	0	0	0	0	2
11	125	"e7'+so(8)+2(g2+su(2))"	"e7'+so(8)+su(3)+g2+su(2)+2(so(7)+2 su(2))"	17	147	3	2	0	0	0	0	0	0	2
11	125	"e7'+so(8)+2(g2+su(2))"	"e7'+so(8)+su(3)+g2+su(2)+2(so(7)+2 su(2))"	18	147	3	2	0	0	0	0	0	0	3
11	125	"e7'+so(8)+2(g2+su(2))"	"e7'+so(8)+su(3)+g2+su(2)+so(7)+2 su(2)"	15	158	1	1	0	0	0	0	0	0	34
11	125	"e7'+so(8)+2(g2+su(2))"	"e7'+so(8)+su(3)+g2+su(2)+so(7)+2 su(2)"	16	158	1	1	0	0	0	0	0	0	95
11	125	"e7'+so(8)+2(g2+su(2))"	"e7'+so(8)+su(3)+g2+su(2)+so(7)+2 su(2)"	17	158	1	1	0	0	0	0	0	0	22
11	125	"e7'+so(8)+2(g2+su(2))"	"e7'+so(8)+su(3)+g2+su(2)+so(7)+2 su(2)"	18	158	1	1	0	0	0	0	0	0	17
11	125	"e7'+so(8)+2(g2+su(2))"	"e7'+so(8)+su(3)+g2+su(2)+so(7)+2 su(2)"	19	158	1	1	0	0	0	0	0	0	9
11	125	"e7'+so(8)+2(g2+su(2))"	"e7'+so(8)+su(3)+g2+su(2)+so(7)+2 su(2)"	20	158	1	1	0	0	0	0	0	0	4
11	125	"e7'+so(8)+2(g2+su(2))"	"e7'+so(8)+su(3)+g2+su(2)+so(7)+2 su(2)"	21	158	1	1	0	0	0	0	0	0	2
11	126	"e7+so(8)+g2+su(2)"	"e7+so(8)+2(g2+su(2))"	16	140	1	1	0	0	0	0	0	0	4
11	126	"e7+so(8)+g2+su(2)"	"e7+so(8)+2(g2+su(2))"	17	140	1	1	0	0	0	0	0	0	2
11	126	"e7+so(8)+g2+su(2)"	"e7+so(8)+so(7)+2 su(2)"	15	147	1	0	0	0	0	0	0	0	2
11	126	"e7+so(8)+g2+su(2)"	"e7+so(8)+so(7)+2 su(2)"	16	147	1	0	0	0	0	0	0	0	6
11	126	"e7+so(8)+g2+su(2)"	"e7+so(8)+so(7)+2 su(2)"	17	147	1	0	0	0	0	0	0	0	2
11	126	"e7+so(8)+g2+su(2)"	"e7+so(8)+su(3)+so(7)+2 su(2)"	16	139	1	1	0	0	0	0	0	0	6
11	126	"e7+so(8)+g2+su(2)"	"e7+so(8)+su(3)+so(7)+2 su(2)"	17	139	1	1	0	0	0	0	0	0	2
11	126	"e7+so(8)+g2+su(2)"	"e7+so(8)+su(3)+so(7)+2 su(2)"	18	139	1	1	0	0	0	0	0	0	2
11	127	"e7+so(8)+g2+su(2)"	"e7+so(8)+2(g2+su(2))"	16	140	0	1	0	0	0	0	0	0	2
11	127	"e7+so(8)+g2+su(2)"	"e7+so(8)+2(g2+su(2))"	16	140	1	1	0	0	0	0	0	0	12
11	127	"e7+so(8)+g2+su(2)"	"e7+so(8)+2(g2+su(2))"	17	140	1	1	0	0	0	0	0	0	2
11	127	"e7+so(8)+g2+su(2)"	"e7+so(8)+3(g2+su(2))"	16	131	1	2	0	0	0	0	0	0	12
11	127	"e7+so(8)+g2+su(2)"	"e7+so(8)+3(g2+su(2))"	17	131	1	2	0	0	0	0	0	0	3
11	128	"2 e6+g2+su(2)+so(7)+2 su(2)"	"2 e6+2(so(7)+2 su(2))"	16	141	1	0	0	0	0	0	0	0	30
11	128	"2 e6+g2+su(2)+so(7)+2 su(2)"	"2 e6+2(so(7)+2 su(2))"	17	141	1	0	0	0	0	0	0	0	2
11	128	"2 e6+g2+su(2)+so(7)+2 su(2)"	"2 e6+su(3)+2(so(7)+2 su(2))"	16	133	1	1	0	0	0	0	0	0	7
11	129	"e7+so(8)+2(g2+su(2))"	"e7+so(8)+g2+su(2)+so(7)+2 su(2)"	16	138	1	0	0	0	0	0	0	0	7
11	130	"e7+so(8)+2(g2+su(2))"	"e7+so(8)+g2+su(2)+so(7)+2 su(2)"	16	138	1	0	0	0	0	0	0	0	4
11	131	"2 e6+so(7)+2 su(2)"	"2 e6+2(so(7)+2 su(2))"	16	141	1	1	0	0	0	0	0	0	56
11	131	"2 e6+so(7)+2 su(2)"	"2 e6+2(so(7)+2 su(2))"	17	141	1	1	0	0	0	0	0	0	6
11	131	"2 e6+so(7)+2 su(2)"	"2 e6+2(so(7)+2 su(2))"	18	141	1	1	0	0	0	0	0	0	6
11	131	"2 e6+so(7)+2 su(2)"	"2 e6+g2+su(2)+2(so(7)+2 su(2))"	16	132	1	2	0	0	0	0	0	0	20
11	131	"2 e6+so(7)+2 su(2)"	"2 e6+g2+su(2)+2(so(7)+2 su(2))"	17	132	1	2	0	0	0	0	0	0	8
11	131	"2 e6+so(7)+2 su(2)"	"2 e6+g2+su(2)+2(so(7)+2 su(2))"	18	132	1	2	0	0	0	0	0	0	2
11	131	"2 e6+so(7)+2 su(2)"	"2 e6+g2+su(2)+so(7)+2 su(2)"	11	143	0	1	0	0	0	0	0	0	2
11	131	"2 e6+so(7)+2 su(2)"	"2 e6+su(3)+2(so(7)+2 su(2))"	16	133	1	2	0	0	0	0	0	0	2
11	131	"2 e6+so(7)+2 su(2)"	"2 e6+su(3)+g2+su(2)+so(7)+2 su(2)"	16	135	0	2	0	0	0	0	0	0	2
11	131	"2 e6+so(7)+2 su(2)"	"2 e6+su(3)+so(7)+2 su(2)"	16	144	0	1	0	0	0	0	0	0	3
11	132	"2 e6+su(3)"	"2 e6+2 su(3)"	17	147	0	1	0	0	0	0	0	0	2
11	132	"2 e6+su(3)"	"2 e6+2 su(3)+2(g2+su(2))"	18	129	0	3	0	0	0	0	0	0	2
11	132	"2 e6+su(3)"	"2 e6+2 su(3)+g2+su(2)"	16	138	0	2	0	0	0	0	0	0	2
11	132	"2 e6+su(3)"	"2 e6+2 su(3)+g2+su(2)"	17	138	0	2	0	0	0	0	0	0	4
11	132	"2 e6+su(3)"	"2 e6+su(3)+2(g2+su(2))"	16	137	0	2	0	0	0	0	0	0	2
11	132	"2 e6+su(3)"	"2 e6+su(3)+g2+su(2)"	11	146	0	1	0	0	0	0	0	0	2
11	132	"2 e6+su(3)"	"2 e6+su(3)+g2+su(2)"	16	146	0	1	0	0	0	0	0	0	2
11	133	"e7+so(8)+2(g2+su(2))"	"e7+so(8)+2(g2+su(2))+so(7)+2 su(2)"	16	129	1	1	0	0	0	0	0	0	7
11	133	"e7+so(8)+2(g2+su(2))"	"e7+so(8)+2(so(7)+2 su(2))"	16	136	2	0	0	0	0	0	0	0	3
11	133	"e7+so(8)+2(g2+su(2))"	"e7+so(8)+g2+su(2)+2(so(7)+2 su(2))"	16	127	2	1	0	0	0	0	0	0	3
11	133	"e7+so(8)+2(g2+su(2))"	"e7+so(8)+g2+su(2)+so(7)+2 su(2)"	16	138	1	0	0	0	0	0	0	0	7
11	134	"e7+so(8)+su(3)+g2+su(2)"	"e7+so(8)+2(g2+su(2))"	16	140	1	0	0	0	0	0	0	0	6
11	134	"e7+so(8)+su(3)+g2+su(2)"	"e7+so(8)+2(g2+su(2))+so(7)+2 su(2)"	16	129	2	1	0	0	0	0	0	0	10
11	134	"e7+so(8)+su(3)+g2+su(2)"	"e7+so(8)+2(so(7)+2 su(2))"	16	136	3	0	0	0	0	0	0	0	2
11	134	"e7+so(8)+su(3)+g2+su(2)"	"e7+so(8)+3(g2+su(2))"	16	131	1	1	0	0	0	0	0	0	6
11	134	"e7+so(8)+su(3)+g2+su(2)"	"e7+so(8)+3(g2+su(2))"	17	131	1	1	0	0	0	0	0	0	2
11	134	"e7+so(8)+su(3)+g2+su(2)"	"e7+so(8)+g2+su(2)+2(so(7)+2 su(2))"	16	127	3	1	0	0	0	0	0	0	3
11	134	"e7+so(8)+su(3)+g2+su(2)"	"e7+so(8)+g2+su(2)+so(7)+2 su(2)"	16	138	2	0	0	0	0	0	0	0	8
11	134	"e7+so(8)+su(3)+g2+su(2)"	"e7+so(8)+su(3)+g2+su(2)+so(7)+2 su(2)"	16	130	1	1	0	0	0	0	0	0	9
11	134	"e7+so(8)+su(3)+g2+su(2)"	"e7+so(8)+su(3)+g2+su(2)+so(7)+2 su(2)"	17	130	1	1	0	0	0	0	0	0	2
11	134	"e7+so(8)+su(3)+g2+su(2)"	"e7+so(8)+su(3)+so(7)+2 su(2)"	16	139	1	0	0	0	0	0	0	0	8
11	134	"e7+so(8)+su(3)+g2+su(2)"	"e7+so(8)+su(3)+so(7)+2 su(2)"	17	139	1	0	0	0	0	0	0	0	2
11	135	"e7+so(8)+su(3)+g2+su(2)"	"e7+so(8)+2(g2+su(2))"	16	140	1	0	0	0	0	0	0	0	14
11	135	"e7+so(8)+su(3)+g2+su(2)"	"e7+so(8)+2(g2+su(2))+so(7)+2 su(2)"	16	129	2	1	0	0	0	0	0	0	11
11	135	"e7+so(8)+su(3)+g2+su(2)"	"e7+so(8)+3(g2+su(2))"	16	131	1	1	0	0	0	0	0	0	6
11	135	"e7+so(8)+su(3)+g2+su(2)"	"e7+so(8)+g2+su(2)+2(so(7)+2 su(2))"	16	127	3	1	0	0	0	0	0	0	2
11	135	"e7+so(8)+su(3)+g2+su(2)"	"e7+so(8)+g2+su(2)+so(7)+2 su(2)"	16	138	2	0	0	0	0	0	0	0	7
11	135	"e7+so(8)+su(3)+g2+su(2)"	"e7+so(8)+su(3)+g2+su(2)+so(7)+2 su(2)"	16	130	1	1	0	0	0	0	0	0	14
11	135	"e7+so(8)+su(3)+g2+su(2)"	"e7+so(8)+su(3)+g2+su(2)+so(7)+2 su(2)"	17	130	1	1	0	0	0	0	0	0	4
11	136	"2 e6+su(3)+g2+su(2)"	"2 e6+2 su(3)+g2+su(2)"	16	138	0	1	0	0	0	0	0	0	3
11	136	"2 e6+su(3)+g2+su(2)"	"2 e6+su(3)+g2+su(2)+so(7)+2 su(2)"	16	135	1	1	0	0	0	0	0	0	8
11	138	"e6+f4+so(8)+2 su(3)"	"e6+f4+so(8)+2 su(3)+so(7)+2 su(2)"	16	134	1	1	0	0	0	0	0	0	8
11	138	"e6+f4+so(8)+2 su(3)"	"e6+f4+so(8)+3 su(3)"	16	137	0	1	0	0	0	0	0	0	2
11	138	"e6+f4+so(8)+2 su(3)"	"e6+f4+so(8)+su(3)+2(g2+su(2))"	16	135	1	1	0	0	0	0	0	0	4
11	138	"e6+f4+so(8)+2 su(3)"	"e6+f4+so(8)+su(3)+g2+su(2)"	16	144	1	0	0	0	0	0	0	0	10
11	138	"e6+f4+so(8)+2 su(3)"	"e6+f4+so(8)+su(3)+g2+su(2)+so(7)+2 su(2)"	16	133	2	1	0	0	0	0	0	0	2
11	139	"e6+f4+so(8)+su(3)+g2+su(2)"	"e6+f4+so(8)+2(g2+su(2))"	16	143	1	0	0	0	0	0	0	0	18
11	139	"e6+f4+so(8)+su(3)+g2+su(2)"	"e6+f4+so(8)+su(3)+2(g2+su(2))"	16	135	1	1	0	0	0	0	0	0	4
11	140	"e6+f4+so(8)+su(3)+g2+su(2)"	"e6+f4+so(8)+2(g2+su(2))"	16	143	1	0	0	0	0	0	0	0	10
11	140	"e6+f4+so(8)+su(3)+g2+su(2)"	"e6+f4+so(8)+2 su(3)+g2+su(2)"	16	136	0	1	0	0	0	0	0	0	2
11	141	"e6+f4+so(8)+su(3)+g2+su(2)"	"e6+f4+so(8)+su(3)+2(g2+su(2))"	16	135	1	1	0	0	0	0	0	0	9
11	143	"e6+f4+so(8)+su(3)+g2+su(2)"	"e6+f4+so(8)+2 su(3)+so(7)+2 su(2)"	16	134	1	1	0	0	0	0	0	0	2
11	143	"e6+f4+so(8)+su(3)+g2+su(2)"	"e6+f4+so(8)+su(3)+2(g2+su(2))"	16	135	1	1	0	0	0	0	0	0	3
11	143	"e6+f4+so(8)+su(3)+g2+su(2)"	"e6+f4+so(8)+su(3)+so(7)+2 su(2)"	16	142	1	0	0	0	0	0	0	0	9
11	143	"e6+f4+so(8)+su(3)+g2+su(2)"	"e6+f4+so(8)+su(3)+so(7)+2 su(2)"	17	142	1	0	0	0	0	0	0	0	2
11	147	"3 so(8)+so(7)+2 su(2)"	"3 so(8)+2(so(7)+2 su(2))"	13	213	2	1	0	0	0	0	0	0	26
11	147	"3 so(8)+so(7)+2 su(2)"	"3 so(8)+g2+su(2)+so(7)+2 su(2)"	13	215	1	1	0	0	0	0	0	0	21
11	147	"3 so(8)+so(7)+2 su(2)"	"3 so(8)+su(3)+so(7)+2 su(2)"	12	216	0	1	0	0	0	0	0	0	2
11	147	"3 so(8)+so(7)+2 su(2)"	"4 so(8)+2 su(3)+so(7)+2 su(2)"	15	180	0	2	1	0	0	0	0	0	2
11	147	"3 so(8)+so(7)+2 su(2)"	"4 so(8)+g2+su(2)+so(7)+2 su(2)"	14	187	1	1	1	0	0	0	0	0	2
11	147	"3 so(8)+so(7)+2 su(2)"	"4 so(8)+so(7)+2 su(2)"	13	196	0	0	1	0	0	0	0	0	2
11	147	"3 so(8)+so(7)+2 su(2)"	"4 so(8)+su(3)+so(7)+2 su(2)"	14	188	0	1	1	0	0	0	0	0	6
11	148	"3 so(8)+g2+su(2)"	"3 so(8)+2(g2+su(2))"	12	217	1	1	0	0	0	0	0	0	4
11	148	"3 so(8)+g2+su(2)"	"3 so(8)+2(so(7)+2 su(2))"	13	213	3	1	0	0	0	0	0	0	83
11	148	"3 so(8)+g2+su(2)"	"3 so(8)+2 su(3)+g2+su(2)"	11	210	0	2	0	0	0	0	0	0	2
11	148	"3 so(8)+g2+su(2)"	"3 so(8)+2 su(3)+g2+su(2)"	13	210	0	2	0	0	0	0	0	0	4
11	148	"3 so(8)+g2+su(2)"	"3 so(8)+2 su(3)+so(7)+2 su(2)"	13	208	1	2	0	0	0	0	0	0	2
11	148	"3 so(8)+g2+su(2)"	"3 so(8)+g2+su(2)+so(7)+2 su(2)"	13	215	2	1	0	0	0	0	0	0	190
11	148	"3 so(8)+g2+su(2)"	"3 so(8)+so(7)+2 su(2)"	16	224	1	0	0	0	0	0	0	0	8
11	148	"3 so(8)+g2+su(2)"	"3 so(8)+so(7)+2 su(2)"	17	224	1	0	0	0	0	0	0	0	6
11	148	"3 so(8)+g2+su(2)"	"3 so(8)+so(7)+2 su(2)"	18	224	1	0	0	0	0	0	0	0	2
11	148	"3 so(8)+g2+su(2)"	"3 so(8)+su(3)+2(g2+su(2))"	13	209	1	2	0	0	0	0	0	0	4
11	148	"3 so(8)+g2+su(2)"	"3 so(8)+su(3)+g2+su(2)"	11	218	0	1	0	0	0	0	0	0	3
11	148	"3 so(8)+g2+su(2)"	"3 so(8)+su(3)+g2+su(2)"	12	218	0	1	0	0	0	0	0	0	2
11	148	"3 so(8)+g2+su(2)"	"3 so(8)+su(3)+so(7)+2 su(2)"	12	216	1	1	0	0	0	0	0	0	2
11	148	"3 so(8)+g2+su(2)"	"4 so(8)+2(g2+su(2))"	14	189	1	1	1	0	0	0	0	0	63
11	148	"3 so(8)+g2+su(2)"	"4 so(8)+2(so(7)+2 su(2))"	14	185	3	1	1	0	0	0	0	0	2
11	148	"3 so(8)+g2+su(2)"	"4 so(8)+2 su(3)+g2+su(2)"	14	182	0	2	1	0	0	0	0	0	2
11	148	"3 so(8)+g2+su(2)"	"4 so(8)+2 su(3)+g2+su(2)"	15	182	0	2	1	0	0	0	0	0	24
11	148	"3 so(8)+g2+su(2)"	"4 so(8)+2 su(3)+so(7)+2 su(2)"	15	180	1	2	1	0	0	0	0	0	26
11	148	"3 so(8)+g2+su(2)"	"4 so(8)+2 su(3)+so(7)+2 su(2)"	16	180	1	2	1	0	0	0	0	0	2
11	148	"3 so(8)+g2+su(2)"	"4 so(8)+3 su(3)+g2+su(2)"	15	174	0	3	1	0	0	0	0	0	2
11	148	"3 so(8)+g2+su(2)"	"4 so(8)+3 su(3)+so(7)+2 su(2)"	16	172	1	3	1	0	0	0	0	0	2
11	148	"3 so(8)+g2+su(2)"	"4 so(8)+g2+su(2)"	11	198	0	0	1	0	0	0	0	0	3
11	148	"3 so(8)+g2+su(2)"	"4 so(8)+g2+su(2)"	13	198	0	0	1	0	0	0	0	0	2
11	148	"3 so(8)+g2+su(2)"	"4 so(8)+g2+su(2)+so(7)+2 su(2)"	14	187	2	1	1	0	0	0	0	0	24
11	148	"3 so(8)+g2+su(2)"	"4 so(8)+so(7)+2 su(2)"	13	196	1	0	1	0	0	0	0	0	2
11	148	"3 so(8)+g2+su(2)"	"4 so(8)+su(3)+2(g2+su(2))"	15	181	1	2	1	0	0	0	0	0	20
11	148	"3 so(8)+g2+su(2)"	"4 so(8)+su(3)+g2+su(2)"	12	190	0	1	1	0	0	0	0	0	4
11	148	"3 so(8)+g2+su(2)"	"4 so(8)+su(3)+g2+su(2)"	14	190	0	1	1	0	0	0	0	0	18
11	148	"3 so(8)+g2+su(2)"	"4 so(8)+su(3)+g2+su(2)+so(7)+2 su(2)"	16	179	2	2	1	0	0	0	0	0	10
11	148	"3 so(8)+g2+su(2)"	"4 so(8)+su(3)+so(7)+2 su(2)"	14	188	1	1	1	0	0	0	0	0	75
11	148	"3 so(8)+g2+su(2)"	"5 so(8)+2(g2+su(2))"	15	161	1	1	2	0	0	0	0	0	2
11	148	"3 so(8)+g2+su(2)"	"5 so(8)+2(g2+su(2))"	21	161	1	1	2	0	0	0	0	0	2
11	148	"3 so(8)+g2+su(2)"	"5 so(8)+g2+su(2)"	13	170	0	0	2	0	0	0	0	0	2
11	148	"3 so(8)+g2+su(2)"	"5 so(8)+g2+su(2)"	15	170	0	0	2	0	0	0	0	0	4
11	148	"3 so(8)+g2+su(2)"	"5 so(8)+so(7)+2 su(2)"	15	168	1	0	2	0	0	0	0	0	18
11	148	"3 so(8)+g2+su(2)"	"5 so(8)+so(7)+2 su(2)"	16	168	1	0	2	0	0	0	0	0	4
11	148	"3 so(8)+g2+su(2)"	"5 so(8)+so(7)+2 su(2)"	17	168	1	0	2	0	0	0	0	0	4
11	148	"3 so(8)+g2+su(2)"	"5 so(8)+su(3)+g2+su(2)"	15	162	0	1	2	0	0	0	0	0	6
11	148	"3 so(8)+g2+su(2)"	"5 so(8)+su(3)+g2+su(2)"	16	162	0	1	2	0	0	0	0	0	2
11	148	"3 so(8)+g2+su(2)"	"5 so(8)+su(3)+g2+su(2)"	21	162	0	1	2	0	0	0	0	0	2
11	148	"3 so(8)+g2+su(2)"	"5 so(8)+su(3)+so(7)+2 su(2)"	15	160	1	1	2	0	0	0	0	0	8
11	148	"3 so(8)+g2+su(2)"	"5 so(8)+su(3)+so(7)+2 su(2)"	16	160	1	1	2	0	0	0	0	0	4
11	148	"3 so(8)+g2+su(2)"	"5 so(8)+su(3)+so(7)+2 su(2)"	22	160	1	1	2	0	0	0	0	0	4
11	148	"3 so(8)+g2+su(2)"	"e6+3 so(8)+2(g2+su(2))"	16	139	1	1	0	0	1	0	0	0	40
11	148	"3 so(8)+g2+su(2)"	"e6+3 so(8)+2(g2+su(2))"	17	139	1	1	0	0	1	0	0	0	5
11	148	"3 so(8)+g2+su(2)"	"e6+3 so(8)+2(g2+su(2))"	18	139	1	1	0	0	1	0	0	0	8
11	148	"3 so(8)+g2+su(2)"	"e6+3 so(8)+2(g2+su(2))"	19	139	1	1	0	0	1	0	0	0	3
11	148	"3 so(8)+g2+su(2)"	"e6+3 so(8)+2(g2+su(2))"	20	139	1	1	0	0	1	0	0	0	6
11	148	"3 so(8)+g2+su(2)"	"e6+3 so(8)+2(g2+su(2))"	21	139	1	1	0	0	1	0	0	0	3
11	148	"3 so(8)+g2+su(2)"	"e6+3 so(8)+2(g2+su(2))"	38	139	1	1	0	0	1	0	0	0	2
11	148	"3 so(8)+g2+su(2)"	"e6+3 so(8)+2(so(7)+2 su(2))"	24	135	3	1	0	0	1	0	0	0	2
11	148	"3 so(8)+g2+su(2)"	"e6+3 so(8)+2 su(3)+2(g2+su(2))"	21	123	1	3	0	0	1	0	0	0	2
11	148	"3 so(8)+g2+su(2)"	"e6+3 so(8)+2 su(3)+g2+su(2)"	17	132	0	2	0	0	1	0	0	0	2
11	148	"3 so(8)+g2+su(2)"	"e6+3 so(8)+2 su(3)+g2+su(2)"	18	132	0	2	0	0	1	0	0	0	2
11	148	"3 so(8)+g2+su(2)"	"e6+3 so(8)+2 su(3)+g2+su(2)"	19	132	0	2	0	0	1	0	0	0	3
11	148	"3 so(8)+g2+su(2)"	"e6+3 so(8)+2 su(3)+g2+su(2)"	20	132	0	2	0	0	1	0	0	0	4
11	148	"3 so(8)+g2+su(2)"	"e6+3 so(8)+2 su(3)+so(7)+2 su(2)"	16	130	1	2	0	0	1	0	0	0	10
11	148	"3 so(8)+g2+su(2)"	"e6+3 so(8)+2 su(3)+so(7)+2 su(2)"	17	130	1	2	0	0	1	0	0	0	18
11	148	"3 so(8)+g2+su(2)"	"e6+3 so(8)+2 su(3)+so(7)+2 su(2)"	18	130	1	2	0	0	1	0	0	0	2
11	148	"3 so(8)+g2+su(2)"	"e6+3 so(8)+3 su(3)+g2+su(2)"	18	124	0	3	0	0	1	0	0	0	2
11	148	"3 so(8)+g2+su(2)"	"e6+3 so(8)+3 su(3)+g2+su(2)"	20	124	0	3	0	0	1	0	0	0	2
11	148	"3 so(8)+g2+su(2)"	"e6+3 so(8)+g2+su(2)+so(7)+2 su(2)"	16	137	2	1	0	0	1	0	0	0	30
11	148	"3 so(8)+g2+su(2)"	"e6+3 so(8)+g2+su(2)+so(7)+2 su(2)"	17	137	2	1	0	0	1	0	0	0	16
11	148	"3 so(8)+g2+su(2)"	"e6+3 so(8)+g2+su(2)+so(7)+2 su(2)"	18	137	2	1	0	0	1	0	0	0	2
11	148	"3 so(8)+g2+su(2)"	"e6+3 so(8)+g2+su(2)+so(7)+2 su(2)"	21	137	2	1	0	0	1	0	0	0	2
11	148	"3 so(8)+g2+su(2)"	"e6+3 so(8)+g2+su(2)+so(7)+2 su(2)"	22	137	2	1	0	0	1	0	0	0	4
11	148	"3 so(8)+g2+su(2)"	"e6+3 so(8)+g2+su(2)+so(7)+2 su(2)"	28	137	2	1	0	0	1	0	0	0	2
11	148	"3 so(8)+g2+su(2)"	"e6+3 so(8)+g2+su(2)+so(7)+2 su(2)"	40	137	2	1	0	0	1	0	0	0	2
11	148	"3 so(8)+g2+su(2)"	"e6+3 so(8)+so(7)+2 su(2)"	16	146	1	0	0	0	1	0	0	0	26
11	148	"3 so(8)+g2+su(2)"	"e6+3 so(8)+so(7)+2 su(2)"	17	146	1	0	0	0	1	0	0	0	9
11	148	"3 so(8)+g2+su(2)"	"e6+3 so(8)+su(3)+2(g2+su(2))"	16	131	1	2	0	0	1	0	0	0	22
11	148	"3 so(8)+g2+su(2)"	"e6+3 so(8)+su(3)+2(g2+su(2))"	17	131	1	2	0	0	1	0	0	0	18
11	148	"3 so(8)+g2+su(2)"	"e6+3 so(8)+su(3)+2(g2+su(2))"	18	131	1	2	0	0	1	0	0	0	2
11	148	"3 so(8)+g2+su(2)"	"e6+3 so(8)+su(3)+2(g2+su(2))"	19	131	1	2	0	0	1	0	0	0	2
11	148	"3 so(8)+g2+su(2)"	"e6+3 so(8)+su(3)+2(g2+su(2))"	20	131	1	2	0	0	1	0	0	0	4
11	148	"3 so(8)+g2+su(2)"	"e6+3 so(8)+su(3)+2(g2+su(2))"	21	131	1	2	0	0	1	0	0	0	2
11	148	"3 so(8)+g2+su(2)"	"e6+3 so(8)+su(3)+2(g2+su(2))"	22	131	1	2	0	0	1	0	0	0	2
11	148	"3 so(8)+g2+su(2)"	"e6+3 so(8)+su(3)+2(g2+su(2))"	23	131	1	2	0	0	1	0	0	0	2
11	148	"3 so(8)+g2+su(2)"	"e6+3 so(8)+su(3)+2(g2+su(2))"	56	131	1	2	0	0	1	0	0	0	2
11	148	"3 so(8)+g2+su(2)"	"e6+3 so(8)+su(3)+g2+su(2)"	14	140	0	1	0	0	1	0	0	0	2
11	148	"3 so(8)+g2+su(2)"	"e6+3 so(8)+su(3)+g2+su(2)"	18	140	0	1	0	0	1	0	0	0	2
11	148	"3 so(8)+g2+su(2)"	"e6+3 so(8)+su(3)+g2+su(2)"	20	140	0	1	0	0	1	0	0	0	6
11	148	"3 so(8)+g2+su(2)"	"e6+3 so(8)+su(3)+g2+su(2)"	28	140	0	1	0	0	1	0	0	0	2
11	148	"3 so(8)+g2+su(2)"	"e6+3 so(8)+su(3)+g2+su(2)+so(7)+2 su(2)"	16	129	2	2	0	0	1	0	0	0	4
11	148	"3 so(8)+g2+su(2)"	"e6+3 so(8)+su(3)+g2+su(2)+so(7)+2 su(2)"	20	129	2	2	0	0	1	0	0	0	2
11	148	"3 so(8)+g2+su(2)"	"e6+3 so(8)+su(3)+so(7)+2 su(2)"	16	138	1	1	0	0	1	0	0	0	43
11	148	"3 so(8)+g2+su(2)"	"e6+3 so(8)+su(3)+so(7)+2 su(2)"	17	138	1	1	0	0	1	0	0	0	33
11	148	"3 so(8)+g2+su(2)"	"e6+3 so(8)+su(3)+so(7)+2 su(2)"	18	138	1	1	0	0	1	0	0	0	4
11	148	"3 so(8)+g2+su(2)"	"e6+3 so(8)+su(3)+so(7)+2 su(2)"	20	138	1	1	0	0	1	0	0	0	2
11	148	"3 so(8)+g2+su(2)"	"e6+3 so(8)+su(3)+so(7)+2 su(2)"	21	138	1	1	0	0	1	0	0	0	2
11	148	"3 so(8)+g2+su(2)"	"e6+4 so(8)+2(g2+su(2))"	17	111	1	1	1	0	1	0	0	0	4
11	148	"3 so(8)+g2+su(2)"	"e6+4 so(8)+2(g2+su(2))"	20	111	1	1	1	0	1	0	0	0	2
11	148	"3 so(8)+g2+su(2)"	"e6+4 so(8)+2 su(3)+g2+su(2)"	19	104	0	2	1	0	1	0	0	0	2
11	148	"3 so(8)+g2+su(2)"	"e6+4 so(8)+g2+su(2)"	15	120	0	0	1	0	1	0	0	0	2
11	148	"3 so(8)+g2+su(2)"	"e6+4 so(8)+so(7)+2 su(2)"	17	118	1	0	1	0	1	0	0	0	20
11	148	"3 so(8)+g2+su(2)"	"e6+4 so(8)+su(3)+g2+su(2)"	17	112	0	1	1	0	1	0	0	0	2
11	148	"3 so(8)+g2+su(2)"	"e6+4 so(8)+su(3)+g2+su(2)"	20	112	0	1	1	0	1	0	0	0	2
11	148	"3 so(8)+g2+su(2)"	"e6+4 so(8)+su(3)+g2+su(2)"	37	112	0	1	1	0	1	0	0	0	2
11	148	"3 so(8)+g2+su(2)"	"e6+4 so(8)+su(3)+so(7)+2 su(2)"	17	110	1	1	1	0	1	0	0	0	10
11	148	"3 so(8)+g2+su(2)"	"e6+4 so(8)+su(3)+so(7)+2 su(2)"	18	110	1	1	1	0	1	0	0	0	4
11	148	"3 so(8)+g2+su(2)"	"e7'+3 so(8)+2(g2+su(2))"	17	112	1	1	0	0	0	1	0	0	19
11	148	"3 so(8)+g2+su(2)"	"e7'+3 so(8)+2(g2+su(2))"	18	112	1	1	0	0	0	1	0	0	15
11	148	"3 so(8)+g2+su(2)"	"e7'+3 so(8)+2(g2+su(2))"	19	112	1	1	0	0	0	1	0	0	4
11	148	"3 so(8)+g2+su(2)"	"e7'+3 so(8)+2(g2+su(2))"	20	112	1	1	0	0	0	1	0	0	2
11	148	"3 so(8)+g2+su(2)"	"e7'+3 so(8)+2(g2+su(2))"	21	112	1	1	0	0	0	1	0	0	2
11	148	"3 so(8)+g2+su(2)"	"e7+3 so(8)+2(g2+su(2))"	18	84	1	1	0	0	0	0	1	0	32
11	148	"3 so(8)+g2+su(2)"	"e7+3 so(8)+2(g2+su(2))"	19	84	1	1	0	0	0	0	1	0	8
11	148	"3 so(8)+g2+su(2)"	"e7+3 so(8)+2(g2+su(2))"	20	84	1	1	0	0	0	0	1	0	2
11	148	"3 so(8)+g2+su(2)"	"e7'+3 so(8)+2(so(7)+2 su(2))"	18	108	3	1	0	0	0	1	0	0	2
11	148	"3 so(8)+g2+su(2)"	"e7+3 so(8)+2(so(7)+2 su(2))"	18	80	3	1	0	0	0	0	1	0	2
11	148	"3 so(8)+g2+su(2)"	"e7+3 so(8)+2(so(7)+2 su(2))"	19	80	3	1	0	0	0	0	1	0	2
11	148	"3 so(8)+g2+su(2)"	"e7'+3 so(8)+2 su(3)+2(g2+su(2))"	18	96	1	3	0	0	0	1	0	0	2
11	148	"3 so(8)+g2+su(2)"	"e7+3 so(8)+2 su(3)+2(g2+su(2))"	19	68	1	3	0	0	0	0	1	0	2
11	148	"3 so(8)+g2+su(2)"	"e7'+3 so(8)+2 su(3)+g2+su(2)"	18	105	0	2	0	0	0	1	0	0	11
11	148	"3 so(8)+g2+su(2)"	"e7'+3 so(8)+2 su(3)+g2+su(2)"	21	105	0	2	0	0	0	1	0	0	2
11	148	"3 so(8)+g2+su(2)"	"e7+3 so(8)+2 su(3)+g2+su(2)"	18	77	0	2	0	0	0	0	1	0	3
11	148	"3 so(8)+g2+su(2)"	"e7+3 so(8)+2 su(3)+g2+su(2)"	19	77	0	2	0	0	0	0	1	0	9
11	148	"3 so(8)+g2+su(2)"	"e7+3 so(8)+2 su(3)+g2+su(2)"	20	77	0	2	0	0	0	0	1	0	2
11	148	"3 so(8)+g2+su(2)"	"e7'+3 so(8)+2 su(3)+so(7)+2 su(2)"	17	103	1	2	0	0	0	1	0	0	8
11	148	"3 so(8)+g2+su(2)"	"e7'+3 so(8)+2 su(3)+so(7)+2 su(2)"	18	103	1	2	0	0	0	1	0	0	10
11	148	"3 so(8)+g2+su(2)"	"e7+3 so(8)+2 su(3)+so(7)+2 su(2)"	18	75	1	2	0	0	0	0	1	0	16
11	148	"3 so(8)+g2+su(2)"	"e7+3 so(8)+2 su(3)+so(7)+2 su(2)"	19	75	1	2	0	0	0	0	1	0	2
11	148	"3 so(8)+g2+su(2)"	"e7'+3 so(8)+3 su(3)+g2+su(2)"	18	97	0	3	0	0	0	1	0	0	5
11	148	"3 so(8)+g2+su(2)"	"e7+3 so(8)+3 su(3)+g2+su(2)"	19	69	0	3	0	0	0	0	1	0	5
11	148	"3 so(8)+g2+su(2)"	"e7'+3 so(8)+g2+su(2)+so(7)+2 su(2)"	17	110	2	1	0	0	0	1	0	0	22
11	148	"3 so(8)+g2+su(2)"	"e7'+3 so(8)+g2+su(2)+so(7)+2 su(2)"	18	110	2	1	0	0	0	1	0	0	10
11	148	"3 so(8)+g2+su(2)"	"e7'+3 so(8)+g2+su(2)+so(7)+2 su(2)"	19	110	2	1	0	0	0	1	0	0	6
11	148	"3 so(8)+g2+su(2)"	"e7'+3 so(8)+g2+su(2)+so(7)+2 su(2)"	20	110	2	1	0	0	0	1	0	0	8
11	148	"3 so(8)+g2+su(2)"	"e7'+3 so(8)+g2+su(2)+so(7)+2 su(2)"	21	110	2	1	0	0	0	1	0	0	8
11	148	"3 so(8)+g2+su(2)"	"e7'+3 so(8)+g2+su(2)+so(7)+2 su(2)"	22	110	2	1	0	0	0	1	0	0	2
11	148	"3 so(8)+g2+su(2)"	"e7+3 so(8)+g2+su(2)+so(7)+2 su(2)"	18	82	2	1	0	0	0	0	1	0	32
11	148	"3 so(8)+g2+su(2)"	"e7+3 so(8)+g2+su(2)+so(7)+2 su(2)"	19	82	2	1	0	0	0	0	1	0	26
11	148	"3 so(8)+g2+su(2)"	"e7+3 so(8)+g2+su(2)+so(7)+2 su(2)"	20	82	2	1	0	0	0	0	1	0	2
11	148	"3 so(8)+g2+su(2)"	"e7'+3 so(8)+so(7)+2 su(2)"	17	119	1	0	0	0	0	1	0	0	20
11	148	"3 so(8)+g2+su(2)"	"e7+3 so(8)+so(7)+2 su(2)"	18	91	1	0	0	0	0	0	1	0	19
11	148	"3 so(8)+g2+su(2)"	"e7'+3 so(8)+su(3)+2(g2+su(2))"	17	104	1	2	0	0	0	1	0	0	16
11	148	"3 so(8)+g2+su(2)"	"e7'+3 so(8)+su(3)+2(g2+su(2))"	18	104	1	2	0	0	0	1	0	0	10
11	148	"3 so(8)+g2+su(2)"	"e7'+3 so(8)+su(3)+2(g2+su(2))"	19	104	1	2	0	0	0	1	0	0	4
11	148	"3 so(8)+g2+su(2)"	"e7'+3 so(8)+su(3)+2(g2+su(2))"	20	104	1	2	0	0	0	1	0	0	2
11	148	"3 so(8)+g2+su(2)"	"e7'+3 so(8)+su(3)+2(g2+su(2))"	21	104	1	2	0	0	0	1	0	0	2
11	148	"3 so(8)+g2+su(2)"	"e7+3 so(8)+su(3)+2(g2+su(2))"	18	76	1	2	0	0	0	0	1	0	18
11	148	"3 so(8)+g2+su(2)"	"e7+3 so(8)+su(3)+2(g2+su(2))"	19	76	1	2	0	0	0	0	1	0	14
11	148	"3 so(8)+g2+su(2)"	"e7+3 so(8)+su(3)+2(g2+su(2))"	20	76	1	2	0	0	0	0	1	0	2
11	148	"3 so(8)+g2+su(2)"	"e7'+3 so(8)+su(3)+g2+su(2)"	15	113	0	1	0	0	0	1	0	0	2
11	148	"3 so(8)+g2+su(2)"	"e7'+3 so(8)+su(3)+g2+su(2)"	18	113	0	1	0	0	0	1	0	0	9
11	148	"3 so(8)+g2+su(2)"	"e7'+3 so(8)+su(3)+g2+su(2)"	20	113	0	1	0	0	0	1	0	0	2
11	148	"3 so(8)+g2+su(2)"	"e7+3 so(8)+su(3)+g2+su(2)"	16	85	0	1	0	0	0	0	1	0	2
11	148	"3 so(8)+g2+su(2)"	"e7+3 so(8)+su(3)+g2+su(2)"	18	85	0	1	0	0	0	0	1	0	6
11	148	"3 so(8)+g2+su(2)"	"e7+3 so(8)+su(3)+g2+su(2)"	19	85	0	1	0	0	0	0	1	0	4
11	148	"3 so(8)+g2+su(2)"	"e7+3 so(8)+su(3)+g2+su(2)"	20	85	0	1	0	0	0	0	1	0	2
11	148	"3 so(8)+g2+su(2)"	"e7'+3 so(8)+su(3)+g2+su(2)+so(7)+2 su(2)"	18	102	2	2	0	0	0	1	0	0	2
11	148	"3 so(8)+g2+su(2)"	"e7'+3 so(8)+su(3)+g2+su(2)+so(7)+2 su(2)"	19	102	2	2	0	0	0	1	0	0	2
11	148	"3 so(8)+g2+su(2)"	"e7+3 so(8)+su(3)+g2+su(2)+so(7)+2 su(2)"	19	74	2	2	0	0	0	0	1	0	4
11	148	"3 so(8)+g2+su(2)"	"e7'+3 so(8)+su(3)+so(7)+2 su(2)"	17	111	1	1	0	0	0	1	0	0	48
11	148	"3 so(8)+g2+su(2)"	"e7'+3 so(8)+su(3)+so(7)+2 su(2)"	18	111	1	1	0	0	0	1	0	0	6
11	148	"3 so(8)+g2+su(2)"	"e7'+3 so(8)+su(3)+so(7)+2 su(2)"	21	111	1	1	0	0	0	1	0	0	2
11	148	"3 so(8)+g2+su(2)"	"e7+3 so(8)+su(3)+so(7)+2 su(2)"	18	83	1	1	0	0	0	0	1	0	52
11	148	"3 so(8)+g2+su(2)"	"e7+3 so(8)+su(3)+so(7)+2 su(2)"	19	83	1	1	0	0	0	0	1	0	2
11	148	"3 so(8)+g2+su(2)"	"e7+3 so(8)+su(3)+so(7)+2 su(2)"	21	83	1	1	0	0	0	0	1	0	2
11	148	"3 so(8)+g2+su(2)"	"e7'+4 so(8)+2(g2+su(2))"	18	84	1	1	1	0	0	1	0	0	2
11	148	"3 so(8)+g2+su(2)"	"e7'+4 so(8)+2(g2+su(2))"	19	84	1	1	1	0	0	1	0	0	2
11	148	"3 so(8)+g2+su(2)"	"e7+4 so(8)+2(g2+su(2))"	19	56	1	1	1	0	0	0	1	0	4
11	148	"3 so(8)+g2+su(2)"	"e7'+4 so(8)+2 su(3)+g2+su(2)"	19	77	0	2	1	0	0	1	0	0	2
11	148	"3 so(8)+g2+su(2)"	"e7+4 so(8)+2 su(3)+g2+su(2)"	19	49	0	2	1	0	0	0	1	0	2
11	148	"3 so(8)+g2+su(2)"	"e7'+4 so(8)+g2+su(2)"	16	93	0	0	1	0	0	1	0	0	2
11	148	"3 so(8)+g2+su(2)"	"e7+4 so(8)+g2+su(2)"	17	65	0	0	1	0	0	0	1	0	2
11	148	"3 so(8)+g2+su(2)"	"e7'+4 so(8)+so(7)+2 su(2)"	18	91	1	0	1	0	0	1	0	0	12
11	148	"3 so(8)+g2+su(2)"	"e7+4 so(8)+so(7)+2 su(2)"	18	63	1	0	1	0	0	0	1	0	2
11	148	"3 so(8)+g2+su(2)"	"e7+4 so(8)+so(7)+2 su(2)"	19	63	1	0	1	0	0	0	1	0	10
11	148	"3 so(8)+g2+su(2)"	"e7'+4 so(8)+su(3)+g2+su(2)"	18	85	0	1	1	0	0	1	0	0	2
11	148	"3 so(8)+g2+su(2)"	"e7'+4 so(8)+su(3)+g2+su(2)"	19	85	0	1	1	0	0	1	0	0	2
11	148	"3 so(8)+g2+su(2)"	"e7'+4 so(8)+su(3)+g2+su(2)"	20	85	0	1	1	0	0	1	0	0	2
11	148	"3 so(8)+g2+su(2)"	"e7+4 so(8)+su(3)+g2+su(2)"	19	57	0	1	1	0	0	0	1	0	4
11	148	"3 so(8)+g2+su(2)"	"e7+4 so(8)+su(3)+g2+su(2)"	20	57	0	1	1	0	0	0	1	0	2
11	148	"3 so(8)+g2+su(2)"	"e7'+4 so(8)+su(3)+so(7)+2 su(2)"	18	83	1	1	1	0	0	1	0	0	8
11	148	"3 so(8)+g2+su(2)"	"e7+4 so(8)+su(3)+so(7)+2 su(2)"	19	55	1	1	1	0	0	0	1	0	8
11	148	"3 so(8)+g2+su(2)"	"f4+3 so(8)+2(g2+su(2))"	15	165	1	1	0	1	0	0	0	0	34
11	148	"3 so(8)+g2+su(2)"	"f4+3 so(8)+2(g2+su(2))"	16	165	1	1	0	1	0	0	0	0	18
11	148	"3 so(8)+g2+su(2)"	"f4+3 so(8)+2(g2+su(2))"	17	165	1	1	0	1	0	0	0	0	6
11	148	"3 so(8)+g2+su(2)"	"f4+3 so(8)+2(g2+su(2))"	18	165	1	1	0	1	0	0	0	0	2
11	148	"3 so(8)+g2+su(2)"	"f4+3 so(8)+2(g2+su(2))"	19	165	1	1	0	1	0	0	0	0	2
11	148	"3 so(8)+g2+su(2)"	"f4+3 so(8)+2 su(3)+g2+su(2)"	19	158	0	2	0	1	0	0	0	0	2
11	148	"3 so(8)+g2+su(2)"	"f4+3 so(8)+2 su(3)+so(7)+2 su(2)"	16	156	1	2	0	1	0	0	0	0	12
11	148	"3 so(8)+g2+su(2)"	"f4+3 so(8)+2 su(3)+so(7)+2 su(2)"	17	156	1	2	0	1	0	0	0	0	4
11	148	"3 so(8)+g2+su(2)"	"f4+3 so(8)+2 su(3)+so(7)+2 su(2)"	18	156	1	2	0	1	0	0	0	0	5
11	148	"3 so(8)+g2+su(2)"	"f4+3 so(8)+2 su(3)+so(7)+2 su(2)"	19	156	1	2	0	1	0	0	0	0	2
11	148	"3 so(8)+g2+su(2)"	"f4+3 so(8)+2 su(3)+so(7)+2 su(2)"	21	156	1	2	0	1	0	0	0	0	2
11	148	"3 so(8)+g2+su(2)"	"f4+3 so(8)+2 su(3)+so(7)+2 su(2)"	22	156	1	2	0	1	0	0	0	0	2
11	148	"3 so(8)+g2+su(2)"	"f4+3 so(8)+3 su(3)+g2+su(2)"	21	150	0	3	0	1	0	0	0	0	2
11	148	"3 so(8)+g2+su(2)"	"f4+3 so(8)+g2+su(2)+so(7)+2 su(2)"	15	163	2	1	0	1	0	0	0	0	18
11	148	"3 so(8)+g2+su(2)"	"f4+3 so(8)+g2+su(2)+so(7)+2 su(2)"	16	163	2	1	0	1	0	0	0	0	4
11	148	"3 so(8)+g2+su(2)"	"f4+3 so(8)+g2+su(2)+so(7)+2 su(2)"	23	163	2	1	0	1	0	0	0	0	8
11	148	"3 so(8)+g2+su(2)"	"f4+3 so(8)+so(7)+2 su(2)"	15	172	1	0	0	1	0	0	0	0	18
11	148	"3 so(8)+g2+su(2)"	"f4+3 so(8)+so(7)+2 su(2)"	16	172	1	0	0	1	0	0	0	0	18
11	148	"3 so(8)+g2+su(2)"	"f4+3 so(8)+so(7)+2 su(2)"	17	172	1	0	0	1	0	0	0	0	7
11	148	"3 so(8)+g2+su(2)"	"f4+3 so(8)+so(7)+2 su(2)"	18	172	1	0	0	1	0	0	0	0	4
11	148	"3 so(8)+g2+su(2)"	"f4+3 so(8)+su(3)+2(g2+su(2))"	15	157	1	2	0	1	0	0	0	0	6
11	148	"3 so(8)+g2+su(2)"	"f4+3 so(8)+su(3)+2(g2+su(2))"	16	157	1	2	0	1	0	0	0	0	26
11	148	"3 so(8)+g2+su(2)"	"f4+3 so(8)+su(3)+2(g2+su(2))"	17	157	1	2	0	1	0	0	0	0	10
11	148	"3 so(8)+g2+su(2)"	"f4+3 so(8)+su(3)+g2+su(2)"	13	166	0	1	0	1	0	0	0	0	2
11	148	"3 so(8)+g2+su(2)"	"f4+3 so(8)+su(3)+g2+su(2)+so(7)+2 su(2)"	16	155	2	2	0	1	0	0	0	0	2
11	148	"3 so(8)+g2+su(2)"	"f4+3 so(8)+su(3)+so(7)+2 su(2)"	15	164	1	1	0	1	0	0	0	0	24
11	148	"3 so(8)+g2+su(2)"	"f4+3 so(8)+su(3)+so(7)+2 su(2)"	16	164	1	1	0	1	0	0	0	0	26
11	148	"3 so(8)+g2+su(2)"	"f4+3 so(8)+su(3)+so(7)+2 su(2)"	17	164	1	1	0	1	0	0	0	0	12
11	148	"3 so(8)+g2+su(2)"	"f4+3 so(8)+su(3)+so(7)+2 su(2)"	18	164	1	1	0	1	0	0	0	0	8
11	148	"3 so(8)+g2+su(2)"	"f4+3 so(8)+su(3)+so(7)+2 su(2)"	23	164	1	1	0	1	0	0	0	0	4
11	148	"3 so(8)+g2+su(2)"	"f4+4 so(8)+2(g2+su(2))"	16	137	1	1	1	1	0	0	0	0	2
11	148	"3 so(8)+g2+su(2)"	"f4+4 so(8)+2(g2+su(2))"	17	137	1	1	1	1	0	0	0	0	2
11	148	"3 so(8)+g2+su(2)"	"f4+4 so(8)+2 su(3)+g2+su(2)"	22	130	0	2	1	1	0	0	0	0	2
11	148	"3 so(8)+g2+su(2)"	"f4+4 so(8)+g2+su(2)"	14	146	0	0	1	1	0	0	0	0	2
11	148	"3 so(8)+g2+su(2)"	"f4+4 so(8)+so(7)+2 su(2)"	16	144	1	0	1	1	0	0	0	0	18
11	148	"3 so(8)+g2+su(2)"	"f4+4 so(8)+so(7)+2 su(2)"	17	144	1	0	1	1	0	0	0	0	4
11	148	"3 so(8)+g2+su(2)"	"f4+4 so(8)+so(7)+2 su(2)"	18	144	1	0	1	1	0	0	0	0	4
11	148	"3 so(8)+g2+su(2)"	"f4+4 so(8)+so(7)+2 su(2)"	21	144	1	0	1	1	0	0	0	0	2
11	148	"3 so(8)+g2+su(2)"	"f4+4 so(8)+so(7)+2 su(2)"	26	144	1	0	1	1	0	0	0	0	2
11	148	"3 so(8)+g2+su(2)"	"f4+4 so(8)+su(3)+g2+su(2)"	16	138	0	1	1	1	0	0	0	0	2
11	148	"3 so(8)+g2+su(2)"	"f4+4 so(8)+su(3)+so(7)+2 su(2)"	16	136	1	1	1	1	0	0	0	0	2
11	148	"3 so(8)+g2+su(2)"	"f4+4 so(8)+su(3)+so(7)+2 su(2)"	17	136	1	1	1	1	0	0	0	0	10
11	148	"3 so(8)+g2+su(2)"	"f4+4 so(8)+su(3)+so(7)+2 su(2)"	19	136	1	1	1	1	0	0	0	0	2
11	148	"3 so(8)+g2+su(2)"	"f4+4 so(8)+su(3)+so(7)+2 su(2)"	22	136	1	1	1	1	0	0	0	0	2
11	149	"e7'+2 so(8)+g2+su(2)"	"e7'+2 so(8)+2(g2+su(2))"	15	140	1	1	0	0	0	0	0	0	2
11	149	"e7'+2 so(8)+g2+su(2)"	"e7'+2 so(8)+2(g2+su(2))"	16	140	1	1	0	0	0	0	0	0	10
11	149	"e7'+2 so(8)+g2+su(2)"	"e7'+2 so(8)+2(g2+su(2))"	17	140	1	1	0	0	0	0	0	0	2
11	149	"e7'+2 so(8)+g2+su(2)"	"e7'+2 so(8)+g2+su(2)+so(7)+2 su(2)"	16	138	2	1	0	0	0	0	0	0	13
11	149	"e7'+2 so(8)+g2+su(2)"	"e7'+2 so(8)+so(7)+2 su(2)"	16	147	1	0	0	0	0	0	0	0	18
11	149	"e7'+2 so(8)+g2+su(2)"	"e7'+2 so(8)+so(7)+2 su(2)"	17	147	1	0	0	0	0	0	0	0	2
11	149	"e7'+2 so(8)+g2+su(2)"	"e7'+2 so(8)+su(3)+so(7)+2 su(2)"	16	139	1	1	0	0	0	0	0	0	12
11	149	"e7'+2 so(8)+g2+su(2)"	"e7'+2 so(8)+su(3)+so(7)+2 su(2)"	17	139	1	1	0	0	0	0	0	0	7
11	149	"e7'+2 so(8)+g2+su(2)"	"e7'+3 so(8)+so(7)+2 su(2)"	17	119	1	0	1	0	0	0	0	0	4
11	150	"3 so(8)+so(7)+2 su(2)"	"3 so(8)+2(so(7)+2 su(2))"	13	213	1	1	0	0	0	0	0	0	5
11	151	"3 so(8)+g2+su(2)"	"3 so(8)+2(so(7)+2 su(2))"	13	213	2	1	0	0	0	0	0	0	16
11	151	"3 so(8)+g2+su(2)"	"3 so(8)+g2+su(2)+so(7)+2 su(2)"	12	215	1	1	0	0	0	0	0	0	2
11	151	"3 so(8)+g2+su(2)"	"3 so(8)+g2+su(2)+so(7)+2 su(2)"	13	215	1	1	0	0	0	0	0	0	18
11	151	"3 so(8)+g2+su(2)"	"3 so(8)+g2+su(2)+so(7)+2 su(2)"	13	215	2	1	0	0	0	0	0	0	3
11	151	"3 so(8)+g2+su(2)"	"3 so(8)+so(7)+2 su(2)"	16	224	1	0	0	0	0	0	0	0	3
11	151	"3 so(8)+g2+su(2)"	"3 so(8)+so(7)+2 su(2)"	17	224	1	0	0	0	0	0	0	0	2
11	151	"3 so(8)+g2+su(2)"	"3 so(8)+so(7)+2 su(2)"	18	224	1	0	0	0	0	0	0	0	2
11	151	"3 so(8)+g2+su(2)"	"4 so(8)+2(so(7)+2 su(2))"	15	185	2	1	1	0	0	0	0	0	3
11	151	"3 so(8)+g2+su(2)"	"4 so(8)+g2+su(2)+so(7)+2 su(2)"	14	187	1	1	1	0	0	0	0	0	5
11	151	"3 so(8)+g2+su(2)"	"4 so(8)+su(3)+g2+su(2)"	14	190	0	1	1	0	0	0	0	0	2
11	151	"3 so(8)+g2+su(2)"	"4 so(8)+su(3)+g2+su(2)+so(7)+2 su(2)"	15	179	1	2	1	0	0	0	0	0	3
11	151	"3 so(8)+g2+su(2)"	"4 so(8)+su(3)+so(7)+2 su(2)"	14	188	1	1	1	0	0	0	0	0	3
11	151	"3 so(8)+g2+su(2)"	"e6+3 so(8)+2(so(7)+2 su(2))"	16	135	2	1	0	0	1	0	0	0	2
11	151	"3 so(8)+g2+su(2)"	"e6+3 so(8)+g2+su(2)+so(7)+2 su(2)"	16	137	1	1	0	0	1	0	0	0	15
11	151	"3 so(8)+g2+su(2)"	"e6+3 so(8)+g2+su(2)+so(7)+2 su(2)"	17	137	1	1	0	0	1	0	0	0	5
11	151	"3 so(8)+g2+su(2)"	"e6+3 so(8)+g2+su(2)+so(7)+2 su(2)"	18	137	1	1	0	0	1	0	0	0	2
11	151	"3 so(8)+g2+su(2)"	"e6+3 so(8)+g2+su(2)+so(7)+2 su(2)"	20	137	1	1	0	0	1	0	0	0	5
11	151	"3 so(8)+g2+su(2)"	"e6+3 so(8)+so(7)+2 su(2)"	16	146	1	0	0	0	1	0	0	0	9
11	151	"3 so(8)+g2+su(2)"	"e6+3 so(8)+su(3)+so(7)+2 su(2)"	16	138	1	1	0	0	1	0	0	0	2
11	151	"3 so(8)+g2+su(2)"	"e6+3 so(8)+su(3)+so(7)+2 su(2)"	17	138	1	1	0	0	1	0	0	0	4
11	151	"3 so(8)+g2+su(2)"	"e7+3 so(8)+2(g2+su(2))"	18	84	1	1	0	0	0	0	1	0	2
11	151	"3 so(8)+g2+su(2)"	"e7'+3 so(8)+2(so(7)+2 su(2))"	18	108	2	1	0	0	0	1	0	0	2
11	151	"3 so(8)+g2+su(2)"	"e7+3 so(8)+2(so(7)+2 su(2))"	18	80	2	1	0	0	0	0	1	0	3
11	151	"3 so(8)+g2+su(2)"	"e7'+3 so(8)+g2+su(2)+so(7)+2 su(2)"	17	110	1	1	0	0	0	1	0	0	9
11	151	"3 so(8)+g2+su(2)"	"e7'+3 so(8)+g2+su(2)+so(7)+2 su(2)"	18	110	1	1	0	0	0	1	0	0	5
11	151	"3 so(8)+g2+su(2)"	"e7+3 so(8)+g2+su(2)+so(7)+2 su(2)"	18	82	1	1	0	0	0	0	1	0	14
11	151	"3 so(8)+g2+su(2)"	"e7'+3 so(8)+so(7)+2 su(2)"	17	119	1	0	0	0	0	1	0	0	5
11	151	"3 so(8)+g2+su(2)"	"e7+3 so(8)+so(7)+2 su(2)"	18	91	1	0	0	0	0	0	1	0	4
11	151	"3 so(8)+g2+su(2)"	"e7'+3 so(8)+su(3)+g2+su(2)"	18	113	0	1	0	0	0	1	0	0	2
11	151	"3 so(8)+g2+su(2)"	"e7+3 so(8)+su(3)+g2+su(2)"	18	85	0	1	0	0	0	0	1	0	3
11	151	"3 so(8)+g2+su(2)"	"e7'+3 so(8)+su(3)+g2+su(2)+so(7)+2 su(2)"	18	102	1	2	0	0	0	1	0	0	2
11	151	"3 so(8)+g2+su(2)"	"e7+3 so(8)+su(3)+g2+su(2)+so(7)+2 su(2)"	19	74	1	2	0	0	0	0	1	0	2
11	151	"3 so(8)+g2+su(2)"	"e7'+3 so(8)+su(3)+so(7)+2 su(2)"	17	111	1	1	0	0	0	1	0	0	4
11	151	"3 so(8)+g2+su(2)"	"e7+3 so(8)+su(3)+so(7)+2 su(2)"	18	83	1	1	0	0	0	0	1	0	4
11	151	"3 so(8)+g2+su(2)"	"f4+3 so(8)+2(so(7)+2 su(2))"	15	161	2	1	0	1	0	0	0	0	2
11	151	"3 so(8)+g2+su(2)"	"f4+3 so(8)+g2+su(2)+so(7)+2 su(2)"	15	163	1	1	0	1	0	0	0	0	15
11	151	"3 so(8)+g2+su(2)"	"f4+3 so(8)+g2+su(2)+so(7)+2 su(2)"	16	163	1	1	0	1	0	0	0	0	7
11	151	"3 so(8)+g2+su(2)"	"f4+3 so(8)+g2+su(2)+so(7)+2 su(2)"	17	163	1	1	0	1	0	0	0	0	4
11	151	"3 so(8)+g2+su(2)"	"f4+3 so(8)+g2+su(2)+so(7)+2 su(2)"	18	163	1	1	0	1	0	0	0	0	3
11	151	"3 so(8)+g2+su(2)"	"f4+3 so(8)+g2+su(2)+so(7)+2 su(2)"	19	163	1	1	0	1	0	0	0	0	2
11	151	"3 so(8)+g2+su(2)"	"f4+3 so(8)+so(7)+2 su(2)"	15	172	1	0	0	1	0	0	0	0	8
11	151	"3 so(8)+g2+su(2)"	"f4+3 so(8)+so(7)+2 su(2)"	16	172	1	0	0	1	0	0	0	0	3
11	151	"3 so(8)+g2+su(2)"	"f4+3 so(8)+so(7)+2 su(2)"	17	172	1	0	0	1	0	0	0	0	2
11	152	"3 so(8)+2 su(3)"	"2 e6+3 so(8)+3 su(3)"	20	55	0	1	0	0	2	0	0	0	2
11	152	"3 so(8)+2 su(3)"	"2 f4+3 so(8)+2(g2+su(2))"	17	113	2	0	0	2	0	0	0	0	2
11	152	"3 so(8)+2 su(3)"	"2 f4+3 so(8)+3 su(3)"	19	107	0	1	0	2	0	0	0	0	2
11	152	"3 so(8)+2 su(3)"	"2 f4+3 so(8)+su(3)+g2+su(2)"	17	114	1	0	0	2	0	0	0	0	14
11	152	"3 so(8)+2 su(3)"	"2 f4+3 so(8)+su(3)+g2+su(2)"	18	114	1	0	0	2	0	0	0	0	4
11	152	"3 so(8)+2 su(3)"	"2 f4+3 so(8)+su(3)+g2+su(2)"	20	114	1	0	0	2	0	0	0	0	2
11	152	"3 so(8)+2 su(3)"	"3 so(8)+2(so(7)+2 su(2))"	13	213	4	0	0	0	0	0	0	0	71
11	152	"3 so(8)+2 su(3)"	"3 so(8)+2 su(3)+g2+su(2)"	11	210	1	1	0	0	0	0	0	0	2
11	152	"3 so(8)+2 su(3)"	"3 so(8)+2 su(3)+g2+su(2)"	12	210	1	1	0	0	0	0	0	0	2
11	152	"3 so(8)+2 su(3)"	"3 so(8)+2 su(3)+g2+su(2)"	13	210	1	1	0	0	0	0	0	0	8
11	152	"3 so(8)+2 su(3)"	"3 so(8)+3 su(3)"	11	211	0	1	0	0	0	0	0	0	2
11	152	"3 so(8)+2 su(3)"	"3 so(8)+4 su(3)+g2+su(2)"	14	194	1	3	0	0	0	0	0	0	8
11	152	"3 so(8)+2 su(3)"	"3 so(8)+6 su(3)"	14	187	0	4	0	0	0	0	0	0	3
11	152	"3 so(8)+2 su(3)"	"3 so(8)+g2+su(2)+so(7)+2 su(2)"	13	215	3	0	0	0	0	0	0	0	210
11	152	"3 so(8)+2 su(3)"	"3 so(8)+su(3)+2(g2+su(2))"	13	209	2	1	0	0	0	0	0	0	5
11	152	"3 so(8)+2 su(3)"	"3 so(8)+su(3)+g2+su(2)"	11	218	1	0	0	0	0	0	0	0	2
11	152	"3 so(8)+2 su(3)"	"3 so(8)+su(3)+g2+su(2)"	12	218	1	0	0	0	0	0	0	0	2
11	152	"3 so(8)+2 su(3)"	"3 so(8)+su(3)+g2+su(2)"	16	218	1	0	0	0	0	0	0	0	20
11	152	"3 so(8)+2 su(3)"	"3 so(8)+su(3)+g2+su(2)"	17	218	1	0	0	0	0	0	0	0	10
11	152	"3 so(8)+2 su(3)"	"3 so(8)+su(3)+g2+su(2)"	18	218	1	0	0	0	0	0	0	0	4
11	152	"3 so(8)+2 su(3)"	"3 so(8)+su(3)+g2+su(2)"	19	218	1	0	0	0	0	0	0	0	4
11	152	"3 so(8)+2 su(3)"	"4 so(8)+2(g2+su(2))"	14	189	2	0	1	0	0	0	0	0	79
11	152	"3 so(8)+2 su(3)"	"4 so(8)+2 su(3)"	11	191	0	0	1	0	0	0	0	0	2
11	152	"3 so(8)+2 su(3)"	"4 so(8)+2 su(3)+g2+su(2)"	14	182	1	1	1	0	0	0	0	0	2
11	152	"3 so(8)+2 su(3)"	"4 so(8)+2 su(3)+g2+su(2)"	15	182	1	1	1	0	0	0	0	0	212
11	152	"3 so(8)+2 su(3)"	"4 so(8)+2 su(3)+so(7)+2 su(2)"	15	180	2	1	1	0	0	0	0	0	60
11	152	"3 so(8)+2 su(3)"	"4 so(8)+2 su(3)+so(7)+2 su(2)"	16	180	2	1	1	0	0	0	0	0	12
11	152	"3 so(8)+2 su(3)"	"4 so(8)+3 su(3)"	12	183	0	1	1	0	0	0	0	0	2
11	152	"3 so(8)+2 su(3)"	"4 so(8)+3 su(3)"	15	183	0	1	1	0	0	0	0	0	48
11	152	"3 so(8)+2 su(3)"	"4 so(8)+3 su(3)+g2+su(2)"	15	174	1	2	1	0	0	0	0	0	2
11	152	"3 so(8)+2 su(3)"	"4 so(8)+3 su(3)+g2+su(2)"	16	174	1	2	1	0	0	0	0	0	4
11	152	"3 so(8)+2 su(3)"	"4 so(8)+3 su(3)+g2+su(2)"	18	174	1	2	1	0	0	0	0	0	2
11	152	"3 so(8)+2 su(3)"	"4 so(8)+4 su(3)"	15	175	0	2	1	0	0	0	0	0	36
11	152	"3 so(8)+2 su(3)"	"4 so(8)+4 su(3)"	16	175	0	2	1	0	0	0	0	0	6
11	152	"3 so(8)+2 su(3)"	"4 so(8)+4 su(3)"	17	175	0	2	1	0	0	0	0	0	4
11	152	"3 so(8)+2 su(3)"	"4 so(8)+4 su(3)"	18	175	0	2	1	0	0	0	0	0	4
11	152	"3 so(8)+2 su(3)"	"4 so(8)+5 su(3)"	15	167	0	3	1	0	0	0	0	0	3
11	152	"3 so(8)+2 su(3)"	"4 so(8)+5 su(3)"	16	167	0	3	1	0	0	0	0	0	2
11	152	"3 so(8)+2 su(3)"	"4 so(8)+g2+su(2)+so(7)+2 su(2)"	14	187	3	0	1	0	0	0	0	0	14
11	152	"3 so(8)+2 su(3)"	"4 so(8)+su(3)+2(g2+su(2))"	15	181	2	1	1	0	0	0	0	0	58
11	152	"3 so(8)+2 su(3)"	"4 so(8)+su(3)+g2+su(2)"	12	190	1	0	1	0	0	0	0	0	2
11	152	"3 so(8)+2 su(3)"	"4 so(8)+su(3)+g2+su(2)"	14	190	1	0	1	0	0	0	0	0	116
11	152	"3 so(8)+2 su(3)"	"4 so(8)+su(3)+so(7)+2 su(2)"	14	188	2	0	1	0	0	0	0	0	52
11	152	"3 so(8)+2 su(3)"	"5 so(8)+2(g2+su(2))"	15	161	2	0	2	0	0	0	0	0	5
11	152	"3 so(8)+2 su(3)"	"5 so(8)+2(g2+su(2))"	22	161	2	0	2	0	0	0	0	0	2
11	152	"3 so(8)+2 su(3)"	"5 so(8)+3 su(3)"	16	155	0	1	2	0	0	0	0	0	8
11	152	"3 so(8)+2 su(3)"	"5 so(8)+su(3)+g2+su(2)"	15	162	1	0	2	0	0	0	0	0	38
11	152	"3 so(8)+2 su(3)"	"5 so(8)+su(3)+g2+su(2)"	16	162	1	0	2	0	0	0	0	0	40
11	152	"3 so(8)+2 su(3)"	"5 so(8)+su(3)+g2+su(2)"	17	162	1	0	2	0	0	0	0	0	4
11	152	"3 so(8)+2 su(3)"	"5 so(8)+su(3)+g2+su(2)"	18	162	1	0	2	0	0	0	0	0	4
11	152	"3 so(8)+2 su(3)"	"5 so(8)+su(3)+g2+su(2)"	19	162	1	0	2	0	0	0	0	0	2
11	152	"3 so(8)+2 su(3)"	"5 so(8)+su(3)+g2+su(2)"	20	162	1	0	2	0	0	0	0	0	2
11	152	"3 so(8)+2 su(3)"	"5 so(8)+su(3)+g2+su(2)"	21	162	1	0	2	0	0	0	0	0	2
11	152	"3 so(8)+2 su(3)"	"5 so(8)+su(3)+g2+su(2)"	23	162	1	0	2	0	0	0	0	0	2
11	152	"3 so(8)+2 su(3)"	"5 so(8)+su(3)+so(7)+2 su(2)"	15	160	2	0	2	0	0	0	0	0	2
11	152	"3 so(8)+2 su(3)"	"5 so(8)+su(3)+so(7)+2 su(2)"	16	160	2	0	2	0	0	0	0	0	4
11	152	"3 so(8)+2 su(3)"	"5 so(8)+su(3)+so(7)+2 su(2)"	17	160	2	0	2	0	0	0	0	0	2
11	152	"3 so(8)+2 su(3)"	"e6+3 so(8)+2 su(3)"	11	141	0	0	0	0	1	0	0	0	2
11	152	"3 so(8)+2 su(3)"	"e6+3 so(8)+2 su(3)+2(g2+su(2))"	18	123	2	2	0	0	1	0	0	0	8
11	152	"3 so(8)+2 su(3)"	"e6+3 so(8)+2 su(3)+g2+su(2)"	16	132	1	1	0	0	1	0	0	0	50
11	152	"3 so(8)+2 su(3)"	"e6+3 so(8)+2 su(3)+g2+su(2)"	17	132	1	1	0	0	1	0	0	0	48
11	152	"3 so(8)+2 su(3)"	"e6+3 so(8)+2 su(3)+g2+su(2)"	18	132	1	1	0	0	1	0	0	0	20
11	152	"3 so(8)+2 su(3)"	"e6+3 so(8)+2 su(3)+g2+su(2)"	19	132	1	1	0	0	1	0	0	0	14
11	152	"3 so(8)+2 su(3)"	"e6+3 so(8)+2 su(3)+g2+su(2)"	20	132	1	1	0	0	1	0	0	0	18
11	152	"3 so(8)+2 su(3)"	"e6+3 so(8)+2 su(3)+g2+su(2)"	21	132	1	1	0	0	1	0	0	0	2
11	152	"3 so(8)+2 su(3)"	"e6+3 so(8)+2 su(3)+g2+su(2)"	22	132	1	1	0	0	1	0	0	0	4
11	152	"3 so(8)+2 su(3)"	"e6+3 so(8)+2 su(3)+g2+su(2)"	23	132	1	1	0	0	1	0	0	0	2
11	152	"3 so(8)+2 su(3)"	"e6+3 so(8)+2 su(3)+g2+su(2)"	24	132	1	1	0	0	1	0	0	0	4
11	152	"3 so(8)+2 su(3)"	"e6+3 so(8)+2 su(3)+g2+su(2)"	25	132	1	1	0	0	1	0	0	0	2
11	152	"3 so(8)+2 su(3)"	"e6+3 so(8)+2 su(3)+g2+su(2)"	26	132	1	1	0	0	1	0	0	0	4
11	152	"3 so(8)+2 su(3)"	"e6+3 so(8)+2 su(3)+g2+su(2)"	27	132	1	1	0	0	1	0	0	0	2
11	152	"3 so(8)+2 su(3)"	"e6+3 so(8)+2 su(3)+g2+su(2)"	28	132	1	1	0	0	1	0	0	0	2
11	152	"3 so(8)+2 su(3)"	"e6+3 so(8)+2 su(3)+g2+su(2)"	29	132	1	1	0	0	1	0	0	0	2
11	152	"3 so(8)+2 su(3)"	"e6+3 so(8)+2 su(3)+g2+su(2)"	30	132	1	1	0	0	1	0	0	0	2
11	152	"3 so(8)+2 su(3)"	"e6+3 so(8)+2 su(3)+g2+su(2)"	44	132	1	1	0	0	1	0	0	0	2
11	152	"3 so(8)+2 su(3)"	"e6+3 so(8)+2 su(3)+g2+su(2)"	62	132	1	1	0	0	1	0	0	0	2
11	152	"3 so(8)+2 su(3)"	"e6+3 so(8)+2 su(3)+so(7)+2 su(2)"	16	130	2	1	0	0	1	0	0	0	20
11	152	"3 so(8)+2 su(3)"	"e6+3 so(8)+2 su(3)+so(7)+2 su(2)"	17	130	2	1	0	0	1	0	0	0	16
11	152	"3 so(8)+2 su(3)"	"e6+3 so(8)+2 su(3)+so(7)+2 su(2)"	18	130	2	1	0	0	1	0	0	0	8
11	152	"3 so(8)+2 su(3)"	"e6+3 so(8)+2 su(3)+so(7)+2 su(2)"	19	130	2	1	0	0	1	0	0	0	2
11	152	"3 so(8)+2 su(3)"	"e6+3 so(8)+2 su(3)+so(7)+2 su(2)"	20	130	2	1	0	0	1	0	0	0	12
11	152	"3 so(8)+2 su(3)"	"e6+3 so(8)+2 su(3)+so(7)+2 su(2)"	21	130	2	1	0	0	1	0	0	0	4
11	152	"3 so(8)+2 su(3)"	"e6+3 so(8)+2 su(3)+so(7)+2 su(2)"	24	130	2	1	0	0	1	0	0	0	2
11	152	"3 so(8)+2 su(3)"	"e6+3 so(8)+2 su(3)+so(7)+2 su(2)"	28	130	2	1	0	0	1	0	0	0	2
11	152	"3 so(8)+2 su(3)"	"e6+3 so(8)+2 su(3)+so(7)+2 su(2)"	33	130	2	1	0	0	1	0	0	0	2
11	152	"3 so(8)+2 su(3)"	"e6+3 so(8)+2 su(3)+so(7)+2 su(2)"	39	130	2	1	0	0	1	0	0	0	2
11	152	"3 so(8)+2 su(3)"	"e6+3 so(8)+3 su(3)"	14	133	0	1	0	0	1	0	0	0	2
11	152	"3 so(8)+2 su(3)"	"e6+3 so(8)+3 su(3)"	16	133	0	1	0	0	1	0	0	0	9
11	152	"3 so(8)+2 su(3)"	"e6+3 so(8)+3 su(3)"	17	133	0	1	0	0	1	0	0	0	16
11	152	"3 so(8)+2 su(3)"	"e6+3 so(8)+3 su(3)"	18	133	0	1	0	0	1	0	0	0	4
11	152	"3 so(8)+2 su(3)"	"e6+3 so(8)+3 su(3)"	20	133	0	1	0	0	1	0	0	0	4
11	152	"3 so(8)+2 su(3)"	"e6+3 so(8)+3 su(3)"	28	133	0	1	0	0	1	0	0	0	2
11	152	"3 so(8)+2 su(3)"	"e6+3 so(8)+3 su(3)"	38	133	0	1	0	0	1	0	0	0	2
11	152	"3 so(8)+2 su(3)"	"e6+3 so(8)+3 su(3)"	52	133	0	1	0	0	1	0	0	0	2
11	152	"3 so(8)+2 su(3)"	"e6+3 so(8)+3 su(3)+g2+su(2)"	17	124	1	2	0	0	1	0	0	0	2
11	152	"3 so(8)+2 su(3)"	"e6+3 so(8)+3 su(3)+g2+su(2)"	18	124	1	2	0	0	1	0	0	0	42
11	152	"3 so(8)+2 su(3)"	"e6+3 so(8)+3 su(3)+g2+su(2)"	19	124	1	2	0	0	1	0	0	0	4
11	152	"3 so(8)+2 su(3)"	"e6+3 so(8)+3 su(3)+g2+su(2)"	20	124	1	2	0	0	1	0	0	0	4
11	152	"3 so(8)+2 su(3)"	"e6+3 so(8)+3 su(3)+g2+su(2)"	23	124	1	2	0	0	1	0	0	0	4
11	152	"3 so(8)+2 su(3)"	"e6+3 so(8)+3 su(3)+g2+su(2)"	24	124	1	2	0	0	1	0	0	0	2
11	152	"3 so(8)+2 su(3)"	"e6+3 so(8)+3 su(3)+g2+su(2)"	44	124	1	2	0	0	1	0	0	0	2
11	152	"3 so(8)+2 su(3)"	"e6+3 so(8)+3 su(3)+so(7)+2 su(2)"	18	122	2	2	0	0	1	0	0	0	6
11	152	"3 so(8)+2 su(3)"	"e6+3 so(8)+4 su(3)"	16	125	0	2	0	0	1	0	0	0	4
11	152	"3 so(8)+2 su(3)"	"e6+3 so(8)+4 su(3)"	17	125	0	2	0	0	1	0	0	0	14
11	152	"3 so(8)+2 su(3)"	"e6+3 so(8)+4 su(3)"	18	125	0	2	0	0	1	0	0	0	4
11	152	"3 so(8)+2 su(3)"	"e6+3 so(8)+4 su(3)"	19	125	0	2	0	0	1	0	0	0	2
11	152	"3 so(8)+2 su(3)"	"e6+3 so(8)+4 su(3)"	20	125	0	2	0	0	1	0	0	0	2
11	152	"3 so(8)+2 su(3)"	"e6+3 so(8)+4 su(3)"	23	125	0	2	0	0	1	0	0	0	2
11	152	"3 so(8)+2 su(3)"	"e6+3 so(8)+4 su(3)"	31	125	0	2	0	0	1	0	0	0	2
11	152	"3 so(8)+2 su(3)"	"e6+3 so(8)+5 su(3)"	18	117	0	3	0	0	1	0	0	0	4
11	152	"3 so(8)+2 su(3)"	"e6+3 so(8)+5 su(3)"	20	117	0	3	0	0	1	0	0	0	2
11	152	"3 so(8)+2 su(3)"	"e6+3 so(8)+su(3)+2(g2+su(2))"	16	131	2	1	0	0	1	0	0	0	12
11	152	"3 so(8)+2 su(3)"	"e6+3 so(8)+su(3)+2(g2+su(2))"	17	131	2	1	0	0	1	0	0	0	12
11	152	"3 so(8)+2 su(3)"	"e6+3 so(8)+su(3)+2(g2+su(2))"	18	131	2	1	0	0	1	0	0	0	6
11	152	"3 so(8)+2 su(3)"	"e6+3 so(8)+su(3)+2(g2+su(2))"	19	131	2	1	0	0	1	0	0	0	4
11	152	"3 so(8)+2 su(3)"	"e6+3 so(8)+su(3)+2(g2+su(2))"	20	131	2	1	0	0	1	0	0	0	2
11	152	"3 so(8)+2 su(3)"	"e6+3 so(8)+su(3)+2(g2+su(2))"	21	131	2	1	0	0	1	0	0	0	2
11	152	"3 so(8)+2 su(3)"	"e6+3 so(8)+su(3)+2(g2+su(2))"	31	131	2	1	0	0	1	0	0	0	2
11	152	"3 so(8)+2 su(3)"	"e6+3 so(8)+su(3)+g2+su(2)"	14	140	1	0	0	0	1	0	0	0	2
11	152	"3 so(8)+2 su(3)"	"e6+3 so(8)+su(3)+g2+su(2)"	16	140	1	0	0	0	1	0	0	0	20
11	152	"3 so(8)+2 su(3)"	"e6+3 so(8)+su(3)+g2+su(2)"	17	140	1	0	0	0	1	0	0	0	26
11	152	"3 so(8)+2 su(3)"	"e6+3 so(8)+su(3)+g2+su(2)"	18	140	1	0	0	0	1	0	0	0	14
11	152	"3 so(8)+2 su(3)"	"e6+3 so(8)+su(3)+g2+su(2)"	19	140	1	0	0	0	1	0	0	0	2
11	152	"3 so(8)+2 su(3)"	"e6+3 so(8)+su(3)+g2+su(2)"	20	140	1	0	0	0	1	0	0	0	2
11	152	"3 so(8)+2 su(3)"	"e6+3 so(8)+su(3)+g2+su(2)"	22	140	1	0	0	0	1	0	0	0	2
11	152	"3 so(8)+2 su(3)"	"e6+3 so(8)+su(3)+g2+su(2)"	24	140	1	0	0	0	1	0	0	0	2
11	152	"3 so(8)+2 su(3)"	"e6+3 so(8)+su(3)+g2+su(2)+so(7)+2 su(2)"	20	129	3	1	0	0	1	0	0	0	2
11	152	"3 so(8)+2 su(3)"	"e6+3 so(8)+su(3)+so(7)+2 su(2)"	16	138	2	0	0	0	1	0	0	0	26
11	152	"3 so(8)+2 su(3)"	"e6+3 so(8)+su(3)+so(7)+2 su(2)"	17	138	2	0	0	0	1	0	0	0	8
11	152	"3 so(8)+2 su(3)"	"e6+3 so(8)+su(3)+so(7)+2 su(2)"	18	138	2	0	0	0	1	0	0	0	6
11	152	"3 so(8)+2 su(3)"	"e6+3 so(8)+su(3)+so(7)+2 su(2)"	19	138	2	0	0	0	1	0	0	0	4
11	152	"3 so(8)+2 su(3)"	"e6+3 so(8)+su(3)+so(7)+2 su(2)"	20	138	2	0	0	0	1	0	0	0	8
11	152	"3 so(8)+2 su(3)"	"e6+3 so(8)+su(3)+so(7)+2 su(2)"	21	138	2	0	0	0	1	0	0	0	4
11	152	"3 so(8)+2 su(3)"	"e6+3 so(8)+su(3)+so(7)+2 su(2)"	22	138	2	0	0	0	1	0	0	0	4
11	152	"3 so(8)+2 su(3)"	"e6+3 so(8)+su(3)+so(7)+2 su(2)"	23	138	2	0	0	0	1	0	0	0	4
11	152	"3 so(8)+2 su(3)"	"e6+3 so(8)+su(3)+so(7)+2 su(2)"	24	138	2	0	0	0	1	0	0	0	4
11	152	"3 so(8)+2 su(3)"	"e6+3 so(8)+su(3)+so(7)+2 su(2)"	25	138	2	0	0	0	1	0	0	0	4
11	152	"3 so(8)+2 su(3)"	"e6+3 so(8)+su(3)+so(7)+2 su(2)"	26	138	2	0	0	0	1	0	0	0	2
11	152	"3 so(8)+2 su(3)"	"e6+3 so(8)+su(3)+so(7)+2 su(2)"	28	138	2	0	0	0	1	0	0	0	4
11	152	"3 so(8)+2 su(3)"	"e6+3 so(8)+su(3)+so(7)+2 su(2)"	62	138	2	0	0	0	1	0	0	0	2
11	152	"3 so(8)+2 su(3)"	"e6+4 so(8)+2 su(3)"	15	113	0	0	1	0	1	0	0	0	2
11	152	"3 so(8)+2 su(3)"	"e6+4 so(8)+3 su(3)"	17	105	0	1	1	0	1	0	0	0	6
11	152	"3 so(8)+2 su(3)"	"e6+4 so(8)+3 su(3)"	18	105	0	1	1	0	1	0	0	0	6
11	152	"3 so(8)+2 su(3)"	"e6+4 so(8)+3 su(3)"	37	105	0	1	1	0	1	0	0	0	2
11	152	"3 so(8)+2 su(3)"	"e6+4 so(8)+4 su(3)"	19	97	0	2	1	0	1	0	0	0	2
11	152	"3 so(8)+2 su(3)"	"e6+4 so(8)+su(3)+g2+su(2)"	17	112	1	0	1	0	1	0	0	0	20
11	152	"3 so(8)+2 su(3)"	"e6+4 so(8)+su(3)+g2+su(2)"	18	112	1	0	1	0	1	0	0	0	10
11	152	"3 so(8)+2 su(3)"	"e6+4 so(8)+su(3)+g2+su(2)"	19	112	1	0	1	0	1	0	0	0	4
11	152	"3 so(8)+2 su(3)"	"e6+4 so(8)+su(3)+g2+su(2)"	21	112	1	0	1	0	1	0	0	0	2
11	152	"3 so(8)+2 su(3)"	"e6+4 so(8)+su(3)+g2+su(2)"	25	112	1	0	1	0	1	0	0	0	2
11	152	"3 so(8)+2 su(3)"	"e6+4 so(8)+su(3)+so(7)+2 su(2)"	17	110	2	0	1	0	1	0	0	0	2
11	152	"3 so(8)+2 su(3)"	"e6+4 so(8)+su(3)+so(7)+2 su(2)"	18	110	2	0	1	0	1	0	0	0	2
11	152	"3 so(8)+2 su(3)"	"e6+f4+3 so(8)+2 su(3)"	16	89	0	0	0	1	1	0	0	0	2
11	152	"3 so(8)+2 su(3)"	"e6+f4+3 so(8)+3 su(3)"	18	81	0	1	0	1	1	0	0	0	2
11	152	"3 so(8)+2 su(3)"	"e6+f4+3 so(8)+3 su(3)"	19	81	0	1	0	1	1	0	0	0	2
11	152	"3 so(8)+2 su(3)"	"e6+f4+3 so(8)+3 su(3)"	20	81	0	1	0	1	1	0	0	0	2
11	152	"3 so(8)+2 su(3)"	"e6+f4+3 so(8)+su(3)+g2+su(2)"	18	88	1	0	0	1	1	0	0	0	16
11	152	"3 so(8)+2 su(3)"	"e6+f4+3 so(8)+su(3)+g2+su(2)"	19	88	1	0	0	1	1	0	0	0	4
11	152	"3 so(8)+2 su(3)"	"f4+3 so(8)+2(g2+su(2))"	15	165	2	0	0	1	0	0	0	0	56
11	152	"3 so(8)+2 su(3)"	"f4+3 so(8)+2(g2+su(2))"	16	165	2	0	0	1	0	0	0	0	12
11	152	"3 so(8)+2 su(3)"	"f4+3 so(8)+2(g2+su(2))"	17	165	2	0	0	1	0	0	0	0	8
11	152	"3 so(8)+2 su(3)"	"f4+3 so(8)+2 su(3)"	11	167	0	0	0	1	0	0	0	0	2
11	152	"3 so(8)+2 su(3)"	"f4+3 so(8)+2 su(3)+2(g2+su(2))"	21	149	2	2	0	1	0	0	0	0	4
11	152	"3 so(8)+2 su(3)"	"f4+3 so(8)+2 su(3)+2(g2+su(2))"	22	149	2	2	0	1	0	0	0	0	4
11	152	"3 so(8)+2 su(3)"	"f4+3 so(8)+2 su(3)+g2+su(2)"	15	158	1	1	0	1	0	0	0	0	44
11	152	"3 so(8)+2 su(3)"	"f4+3 so(8)+2 su(3)+g2+su(2)"	16	158	1	1	0	1	0	0	0	0	84
11	152	"3 so(8)+2 su(3)"	"f4+3 so(8)+2 su(3)+g2+su(2)"	17	158	1	1	0	1	0	0	0	0	16
11	152	"3 so(8)+2 su(3)"	"f4+3 so(8)+2 su(3)+g2+su(2)"	18	158	1	1	0	1	0	0	0	0	12
11	152	"3 so(8)+2 su(3)"	"f4+3 so(8)+2 su(3)+g2+su(2)"	19	158	1	1	0	1	0	0	0	0	12
11	152	"3 so(8)+2 su(3)"	"f4+3 so(8)+2 su(3)+g2+su(2)"	20	158	1	1	0	1	0	0	0	0	12
11	152	"3 so(8)+2 su(3)"	"f4+3 so(8)+2 su(3)+g2+su(2)"	21	158	1	1	0	1	0	0	0	0	4
11	152	"3 so(8)+2 su(3)"	"f4+3 so(8)+2 su(3)+g2+su(2)"	22	158	1	1	0	1	0	0	0	0	2
11	152	"3 so(8)+2 su(3)"	"f4+3 so(8)+2 su(3)+g2+su(2)"	26	158	1	1	0	1	0	0	0	0	2
11	152	"3 so(8)+2 su(3)"	"f4+3 so(8)+2 su(3)+g2+su(2)"	28	158	1	1	0	1	0	0	0	0	2
11	152	"3 so(8)+2 su(3)"	"f4+3 so(8)+2 su(3)+so(7)+2 su(2)"	15	156	2	1	0	1	0	0	0	0	12
11	152	"3 so(8)+2 su(3)"	"f4+3 so(8)+2 su(3)+so(7)+2 su(2)"	16	156	2	1	0	1	0	0	0	0	16
11	152	"3 so(8)+2 su(3)"	"f4+3 so(8)+2 su(3)+so(7)+2 su(2)"	17	156	2	1	0	1	0	0	0	0	2
11	152	"3 so(8)+2 su(3)"	"f4+3 so(8)+2 su(3)+so(7)+2 su(2)"	19	156	2	1	0	1	0	0	0	0	4
11	152	"3 so(8)+2 su(3)"	"f4+3 so(8)+2 su(3)+so(7)+2 su(2)"	21	156	2	1	0	1	0	0	0	0	2
11	152	"3 so(8)+2 su(3)"	"f4+3 so(8)+2 su(3)+so(7)+2 su(2)"	24	156	2	1	0	1	0	0	0	0	2
11	152	"3 so(8)+2 su(3)"	"f4+3 so(8)+3(g2+su(2))"	16	156	3	1	0	1	0	0	0	0	2
11	152	"3 so(8)+2 su(3)"	"f4+3 so(8)+3 su(3)"	13	159	0	1	0	1	0	0	0	0	2
11	152	"3 so(8)+2 su(3)"	"f4+3 so(8)+3 su(3)"	15	159	0	1	0	1	0	0	0	0	9
11	152	"3 so(8)+2 su(3)"	"f4+3 so(8)+3 su(3)"	16	159	0	1	0	1	0	0	0	0	12
11	152	"3 so(8)+2 su(3)"	"f4+3 so(8)+3 su(3)"	17	159	0	1	0	1	0	0	0	0	2
11	152	"3 so(8)+2 su(3)"	"f4+3 so(8)+3 su(3)"	19	159	0	1	0	1	0	0	0	0	2
11	152	"3 so(8)+2 su(3)"	"f4+3 so(8)+3 su(3)"	21	159	0	1	0	1	0	0	0	0	2
11	152	"3 so(8)+2 su(3)"	"f4+3 so(8)+3 su(3)+g2+su(2)"	16	150	1	2	0	1	0	0	0	0	2
11	152	"3 so(8)+2 su(3)"	"f4+3 so(8)+3 su(3)+g2+su(2)"	19	150	1	2	0	1	0	0	0	0	8
11	152	"3 so(8)+2 su(3)"	"f4+3 so(8)+3 su(3)+g2+su(2)"	20	150	1	2	0	1	0	0	0	0	18
11	152	"3 so(8)+2 su(3)"	"f4+3 so(8)+3 su(3)+g2+su(2)"	21	150	1	2	0	1	0	0	0	0	16
11	152	"3 so(8)+2 su(3)"	"f4+3 so(8)+3 su(3)+g2+su(2)"	22	150	1	2	0	1	0	0	0	0	6
11	152	"3 so(8)+2 su(3)"	"f4+3 so(8)+3 su(3)+g2+su(2)"	23	150	1	2	0	1	0	0	0	0	6
11	152	"3 so(8)+2 su(3)"	"f4+3 so(8)+3 su(3)+g2+su(2)"	24	150	1	2	0	1	0	0	0	0	2
11	152	"3 so(8)+2 su(3)"	"f4+3 so(8)+3 su(3)+g2+su(2)"	26	150	1	2	0	1	0	0	0	0	4
11	152	"3 so(8)+2 su(3)"	"f4+3 so(8)+3 su(3)+g2+su(2)"	31	150	1	2	0	1	0	0	0	0	4
11	152	"3 so(8)+2 su(3)"	"f4+3 so(8)+3 su(3)+g2+su(2)"	44	150	1	2	0	1	0	0	0	0	2
11	152	"3 so(8)+2 su(3)"	"f4+3 so(8)+3 su(3)+so(7)+2 su(2)"	21	148	2	2	0	1	0	0	0	0	4
11	152	"3 so(8)+2 su(3)"	"f4+3 so(8)+3 su(3)+so(7)+2 su(2)"	23	148	2	2	0	1	0	0	0	0	2
11	152	"3 so(8)+2 su(3)"	"f4+3 so(8)+4 su(3)"	16	151	0	2	0	1	0	0	0	0	12
11	152	"3 so(8)+2 su(3)"	"f4+3 so(8)+4 su(3)"	17	151	0	2	0	1	0	0	0	0	4
11	152	"3 so(8)+2 su(3)"	"f4+3 so(8)+4 su(3)"	19	151	0	2	0	1	0	0	0	0	4
11	152	"3 so(8)+2 su(3)"	"f4+3 so(8)+4 su(3)"	28	151	0	2	0	1	0	0	0	0	2
11	152	"3 so(8)+2 su(3)"	"f4+3 so(8)+5 su(3)"	20	143	0	3	0	1	0	0	0	0	2
11	152	"3 so(8)+2 su(3)"	"f4+3 so(8)+5 su(3)"	25	143	0	3	0	1	0	0	0	0	2
11	152	"3 so(8)+2 su(3)"	"f4+3 so(8)+g2+su(2)+so(7)+2 su(2)"	15	163	3	0	0	1	0	0	0	0	12
11	152	"3 so(8)+2 su(3)"	"f4+3 so(8)+g2+su(2)+so(7)+2 su(2)"	16	163	3	0	0	1	0	0	0	0	8
11	152	"3 so(8)+2 su(3)"	"f4+3 so(8)+g2+su(2)+so(7)+2 su(2)"	17	163	3	0	0	1	0	0	0	0	2
11	152	"3 so(8)+2 su(3)"	"f4+3 so(8)+g2+su(2)+so(7)+2 su(2)"	23	163	3	0	0	1	0	0	0	0	4
11	152	"3 so(8)+2 su(3)"	"f4+3 so(8)+su(3)+2(g2+su(2))"	15	157	2	1	0	1	0	0	0	0	22
11	152	"3 so(8)+2 su(3)"	"f4+3 so(8)+su(3)+2(g2+su(2))"	16	157	2	1	0	1	0	0	0	0	42
11	152	"3 so(8)+2 su(3)"	"f4+3 so(8)+su(3)+2(g2+su(2))"	17	157	2	1	0	1	0	0	0	0	8
11	152	"3 so(8)+2 su(3)"	"f4+3 so(8)+su(3)+2(g2+su(2))"	18	157	2	1	0	1	0	0	0	0	4
11	152	"3 so(8)+2 su(3)"	"f4+3 so(8)+su(3)+2(g2+su(2))"	21	157	2	1	0	1	0	0	0	0	2
11	152	"3 so(8)+2 su(3)"	"f4+3 so(8)+su(3)+2(g2+su(2))"	22	157	2	1	0	1	0	0	0	0	4
11	152	"3 so(8)+2 su(3)"	"f4+3 so(8)+su(3)+2(g2+su(2))"	23	157	2	1	0	1	0	0	0	0	2
11	152	"3 so(8)+2 su(3)"	"f4+3 so(8)+su(3)+g2+su(2)"	13	166	1	0	0	1	0	0	0	0	2
11	152	"3 so(8)+2 su(3)"	"f4+3 so(8)+su(3)+g2+su(2)"	15	166	1	0	0	1	0	0	0	0	64
11	152	"3 so(8)+2 su(3)"	"f4+3 so(8)+su(3)+g2+su(2)"	16	166	1	0	0	1	0	0	0	0	48
11	152	"3 so(8)+2 su(3)"	"f4+3 so(8)+su(3)+g2+su(2)"	17	166	1	0	0	1	0	0	0	0	20
11	152	"3 so(8)+2 su(3)"	"f4+3 so(8)+su(3)+g2+su(2)"	18	166	1	0	0	1	0	0	0	0	6
11	152	"3 so(8)+2 su(3)"	"f4+3 so(8)+su(3)+g2+su(2)"	19	166	1	0	0	1	0	0	0	0	2
11	152	"3 so(8)+2 su(3)"	"f4+3 so(8)+su(3)+g2+su(2)+so(7)+2 su(2)"	17	155	3	1	0	1	0	0	0	0	2
11	152	"3 so(8)+2 su(3)"	"f4+3 so(8)+su(3)+g2+su(2)+so(7)+2 su(2)"	18	155	3	1	0	1	0	0	0	0	2
11	152	"3 so(8)+2 su(3)"	"f4+3 so(8)+su(3)+g2+su(2)+so(7)+2 su(2)"	21	155	3	1	0	1	0	0	0	0	2
11	152	"3 so(8)+2 su(3)"	"f4+3 so(8)+su(3)+so(7)+2 su(2)"	15	164	2	0	0	1	0	0	0	0	24
11	152	"3 so(8)+2 su(3)"	"f4+3 so(8)+su(3)+so(7)+2 su(2)"	16	164	2	0	0	1	0	0	0	0	6
11	152	"3 so(8)+2 su(3)"	"f4+3 so(8)+su(3)+so(7)+2 su(2)"	17	164	2	0	0	1	0	0	0	0	2
11	152	"3 so(8)+2 su(3)"	"f4+3 so(8)+su(3)+so(7)+2 su(2)"	18	164	2	0	0	1	0	0	0	0	2
11	152	"3 so(8)+2 su(3)"	"f4+3 so(8)+su(3)+so(7)+2 su(2)"	19	164	2	0	0	1	0	0	0	0	4
11	152	"3 so(8)+2 su(3)"	"f4+4 so(8)+2(g2+su(2))"	16	137	2	0	1	1	0	0	0	0	8
11	152	"3 so(8)+2 su(3)"	"f4+4 so(8)+2(g2+su(2))"	17	137	2	0	1	1	0	0	0	0	2
11	152	"3 so(8)+2 su(3)"	"f4+4 so(8)+2(g2+su(2))"	23	137	2	0	1	1	0	0	0	0	2
11	152	"3 so(8)+2 su(3)"	"f4+4 so(8)+2 su(3)"	14	139	0	0	1	1	0	0	0	0	2
11	152	"3 so(8)+2 su(3)"	"f4+4 so(8)+2 su(3)+g2+su(2)"	22	130	1	1	1	1	0	0	0	0	2
11	152	"3 so(8)+2 su(3)"	"f4+4 so(8)+2 su(3)+g2+su(2)"	30	130	1	1	1	1	0	0	0	0	2
11	152	"3 so(8)+2 su(3)"	"f4+4 so(8)+3 su(3)"	16	131	0	1	1	1	0	0	0	0	6
11	152	"3 so(8)+2 su(3)"	"f4+4 so(8)+3 su(3)"	18	131	0	1	1	1	0	0	0	0	2
11	152	"3 so(8)+2 su(3)"	"f4+4 so(8)+3 su(3)"	20	131	0	1	1	1	0	0	0	0	4
11	152	"3 so(8)+2 su(3)"	"f4+4 so(8)+3 su(3)"	38	131	0	1	1	1	0	0	0	0	2
11	152	"3 so(8)+2 su(3)"	"f4+4 so(8)+4 su(3)"	21	123	0	2	1	1	0	0	0	0	2
11	152	"3 so(8)+2 su(3)"	"f4+4 so(8)+su(3)+g2+su(2)"	16	138	1	0	1	1	0	0	0	0	52
11	152	"3 so(8)+2 su(3)"	"f4+4 so(8)+su(3)+g2+su(2)"	17	138	1	0	1	1	0	0	0	0	32
11	152	"3 so(8)+2 su(3)"	"f4+4 so(8)+su(3)+g2+su(2)"	18	138	1	0	1	1	0	0	0	0	6
11	152	"3 so(8)+2 su(3)"	"f4+4 so(8)+su(3)+g2+su(2)"	19	138	1	0	1	1	0	0	0	0	4
11	152	"3 so(8)+2 su(3)"	"f4+4 so(8)+su(3)+g2+su(2)"	20	138	1	0	1	1	0	0	0	0	4
11	152	"3 so(8)+2 su(3)"	"f4+4 so(8)+su(3)+g2+su(2)"	21	138	1	0	1	1	0	0	0	0	2
11	152	"3 so(8)+2 su(3)"	"f4+4 so(8)+su(3)+g2+su(2)"	24	138	1	0	1	1	0	0	0	0	2
11	152	"3 so(8)+2 su(3)"	"f4+4 so(8)+su(3)+g2+su(2)"	38	138	1	0	1	1	0	0	0	0	2
11	152	"3 so(8)+2 su(3)"	"f4+4 so(8)+su(3)+so(7)+2 su(2)"	16	136	2	0	1	1	0	0	0	0	2
11	152	"3 so(8)+2 su(3)"	"f4+4 so(8)+su(3)+so(7)+2 su(2)"	18	136	2	0	1	1	0	0	0	0	2
11	153	"e6+2 so(8)+2 su(3)"	"e6+2 so(8)+2 su(3)+2(g2+su(2))"	16	151	2	2	0	0	0	0	0	0	8
11	153	"e6+2 so(8)+2 su(3)"	"e6+2 so(8)+2 su(3)+2(g2+su(2))"	18	151	2	2	0	0	0	0	0	0	2
11	153	"e6+2 so(8)+2 su(3)"	"e6+2 so(8)+2 su(3)+2(g2+su(2))"	19	151	2	2	0	0	0	0	0	0	4
11	153	"e6+2 so(8)+2 su(3)"	"e6+2 so(8)+2 su(3)+2(g2+su(2))"	22	151	2	2	0	0	0	0	0	0	4
11	153	"e6+2 so(8)+2 su(3)"	"e6+2 so(8)+2 su(3)+g2+su(2)"	14	160	1	1	0	0	0	0	0	0	2
11	153	"e6+2 so(8)+2 su(3)"	"e6+2 so(8)+2 su(3)+g2+su(2)"	15	160	1	1	0	0	0	0	0	0	49
11	153	"e6+2 so(8)+2 su(3)"	"e6+2 so(8)+2 su(3)+g2+su(2)"	16	160	1	1	0	0	0	0	0	0	113
11	153	"e6+2 so(8)+2 su(3)"	"e6+2 so(8)+2 su(3)+g2+su(2)"	17	160	1	1	0	0	0	0	0	0	30
11	153	"e6+2 so(8)+2 su(3)"	"e6+2 so(8)+2 su(3)+g2+su(2)"	18	160	1	1	0	0	0	0	0	0	14
11	153	"e6+2 so(8)+2 su(3)"	"e6+2 so(8)+2 su(3)+g2+su(2)"	19	160	1	1	0	0	0	0	0	0	6
11	153	"e6+2 so(8)+2 su(3)"	"e6+2 so(8)+2 su(3)+g2+su(2)"	22	160	1	1	0	0	0	0	0	0	4
11	153	"e6+2 so(8)+2 su(3)"	"e6+2 so(8)+2 su(3)+so(7)+2 su(2)"	15	158	2	1	0	0	0	0	0	0	29
11	153	"e6+2 so(8)+2 su(3)"	"e6+2 so(8)+2 su(3)+so(7)+2 su(2)"	16	158	2	1	0	0	0	0	0	0	48
11	153	"e6+2 so(8)+2 su(3)"	"e6+2 so(8)+2 su(3)+so(7)+2 su(2)"	17	158	2	1	0	0	0	0	0	0	16
11	153	"e6+2 so(8)+2 su(3)"	"e6+2 so(8)+2 su(3)+so(7)+2 su(2)"	18	158	2	1	0	0	0	0	0	0	4
11	153	"e6+2 so(8)+2 su(3)"	"e6+2 so(8)+2 su(3)+so(7)+2 su(2)"	19	158	2	1	0	0	0	0	0	0	8
11	153	"e6+2 so(8)+2 su(3)"	"e6+2 so(8)+2 su(3)+so(7)+2 su(2)"	20	158	2	1	0	0	0	0	0	0	12
11	153	"e6+2 so(8)+2 su(3)"	"e6+2 so(8)+2 su(3)+so(7)+2 su(2)"	23	158	2	1	0	0	0	0	0	0	4
11	153	"e6+2 so(8)+2 su(3)"	"e6+2 so(8)+2 su(3)+so(7)+2 su(2)"	24	158	2	1	0	0	0	0	0	0	2
11	153	"e6+2 so(8)+2 su(3)"	"e6+2 so(8)+2 su(3)+so(7)+2 su(2)"	27	158	2	1	0	0	0	0	0	0	2
11	153	"e6+2 so(8)+2 su(3)"	"e6+2 so(8)+2 su(3)+so(7)+2 su(2)"	28	158	2	1	0	0	0	0	0	0	4
11	153	"e6+2 so(8)+2 su(3)"	"e6+2 so(8)+3 su(3)"	11	161	0	1	0	0	0	0	0	0	2
11	153	"e6+2 so(8)+2 su(3)"	"e6+2 so(8)+3 su(3)"	15	161	0	1	0	0	0	0	0	0	9
11	153	"e6+2 so(8)+2 su(3)"	"e6+2 so(8)+3 su(3)"	16	161	0	1	0	0	0	0	0	0	24
11	153	"e6+2 so(8)+2 su(3)"	"e6+2 so(8)+3 su(3)"	17	161	0	1	0	0	0	0	0	0	10
11	153	"e6+2 so(8)+2 su(3)"	"e6+2 so(8)+3 su(3)"	18	161	0	1	0	0	0	0	0	0	2
11	153	"e6+2 so(8)+2 su(3)"	"e6+2 so(8)+3 su(3)"	19	161	0	1	0	0	0	0	0	0	2
11	153	"e6+2 so(8)+2 su(3)"	"e6+2 so(8)+3 su(3)+g2+su(2)"	16	152	1	2	0	0	0	0	0	0	112
11	153	"e6+2 so(8)+2 su(3)"	"e6+2 so(8)+3 su(3)+g2+su(2)"	17	152	1	2	0	0	0	0	0	0	20
11	153	"e6+2 so(8)+2 su(3)"	"e6+2 so(8)+3 su(3)+g2+su(2)"	18	152	1	2	0	0	0	0	0	0	12
11	153	"e6+2 so(8)+2 su(3)"	"e6+2 so(8)+3 su(3)+g2+su(2)"	19	152	1	2	0	0	0	0	0	0	10
11	153	"e6+2 so(8)+2 su(3)"	"e6+2 so(8)+3 su(3)+g2+su(2)"	20	152	1	2	0	0	0	0	0	0	14
11	153	"e6+2 so(8)+2 su(3)"	"e6+2 so(8)+3 su(3)+g2+su(2)"	21	152	1	2	0	0	0	0	0	0	2
11	153	"e6+2 so(8)+2 su(3)"	"e6+2 so(8)+3 su(3)+g2+su(2)"	22	152	1	2	0	0	0	0	0	0	4
11	153	"e6+2 so(8)+2 su(3)"	"e6+2 so(8)+3 su(3)+g2+su(2)"	30	152	1	2	0	0	0	0	0	0	2
11	153	"e6+2 so(8)+2 su(3)"	"e6+2 so(8)+3 su(3)+g2+su(2)"	32	152	1	2	0	0	0	0	0	0	2
11	153	"e6+2 so(8)+2 su(3)"	"e6+2 so(8)+3 su(3)+so(7)+2 su(2)"	16	150	2	2	0	0	0	0	0	0	10
11	153	"e6+2 so(8)+2 su(3)"	"e6+2 so(8)+3 su(3)+so(7)+2 su(2)"	17	150	2	2	0	0	0	0	0	0	8
11	153	"e6+2 so(8)+2 su(3)"	"e6+2 so(8)+3 su(3)+so(7)+2 su(2)"	18	150	2	2	0	0	0	0	0	0	4
11	153	"e6+2 so(8)+2 su(3)"	"e6+2 so(8)+3 su(3)+so(7)+2 su(2)"	20	150	2	2	0	0	0	0	0	0	4
11	153	"e6+2 so(8)+2 su(3)"	"e6+2 so(8)+3 su(3)+so(7)+2 su(2)"	22	150	2	2	0	0	0	0	0	0	2
11	153	"e6+2 so(8)+2 su(3)"	"e6+2 so(8)+4 su(3)"	15	153	0	2	0	0	0	0	0	0	3
11	153	"e6+2 so(8)+2 su(3)"	"e6+2 so(8)+4 su(3)"	16	153	0	2	0	0	0	0	0	0	44
11	153	"e6+2 so(8)+2 su(3)"	"e6+2 so(8)+4 su(3)"	17	153	0	2	0	0	0	0	0	0	12
11	153	"e6+2 so(8)+2 su(3)"	"e6+2 so(8)+4 su(3)"	18	153	0	2	0	0	0	0	0	0	2
11	153	"e6+2 so(8)+2 su(3)"	"e6+2 so(8)+4 su(3)"	20	153	0	2	0	0	0	0	0	0	2
11	153	"e6+2 so(8)+2 su(3)"	"e6+2 so(8)+4 su(3)"	22	153	0	2	0	0	0	0	0	0	2
11	153	"e6+2 so(8)+2 su(3)"	"e6+2 so(8)+4 su(3)"	38	153	0	2	0	0	0	0	0	0	2
11	153	"e6+2 so(8)+2 su(3)"	"e6+2 so(8)+4 su(3)+g2+su(2)"	19	144	1	3	0	0	0	0	0	0	2
11	153	"e6+2 so(8)+2 su(3)"	"e6+2 so(8)+4 su(3)+g2+su(2)"	20	144	1	3	0	0	0	0	0	0	6
11	153	"e6+2 so(8)+2 su(3)"	"e6+2 so(8)+4 su(3)+g2+su(2)"	21	144	1	3	0	0	0	0	0	0	2
11	153	"e6+2 so(8)+2 su(3)"	"e6+2 so(8)+4 su(3)+g2+su(2)"	22	144	1	3	0	0	0	0	0	0	2
11	153	"e6+2 so(8)+2 su(3)"	"e6+2 so(8)+4 su(3)+g2+su(2)"	24	144	1	3	0	0	0	0	0	0	2
11	153	"e6+2 so(8)+2 su(3)"	"e6+2 so(8)+4 su(3)+g2+su(2)"	25	144	1	3	0	0	0	0	0	0	2
11	153	"e6+2 so(8)+2 su(3)"	"e6+2 so(8)+4 su(3)+so(7)+2 su(2)"	20	142	2	3	0	0	0	0	0	0	2
11	153	"e6+2 so(8)+2 su(3)"	"e6+2 so(8)+5 su(3)"	16	145	0	3	0	0	0	0	0	0	13
11	153	"e6+2 so(8)+2 su(3)"	"e6+2 so(8)+5 su(3)"	18	145	0	3	0	0	0	0	0	0	6
11	153	"e6+2 so(8)+2 su(3)"	"e6+2 so(8)+5 su(3)"	19	145	0	3	0	0	0	0	0	0	2
11	153	"e6+2 so(8)+2 su(3)"	"e6+2 so(8)+5 su(3)"	20	145	0	3	0	0	0	0	0	0	2
11	153	"e6+2 so(8)+2 su(3)"	"e6+2 so(8)+5 su(3)"	22	145	0	3	0	0	0	0	0	0	2
11	153	"e6+2 so(8)+2 su(3)"	"e6+2 so(8)+6 su(3)"	20	137	0	4	0	0	0	0	0	0	2
11	153	"e6+2 so(8)+2 su(3)"	"e6+3 so(8)+2 su(3)"	11	141	0	0	1	0	0	0	0	0	2
11	153	"e6+2 so(8)+2 su(3)"	"e6+3 so(8)+2 su(3)+g2+su(2)"	16	132	1	1	1	0	0	0	0	0	30
11	153	"e6+2 so(8)+2 su(3)"	"e6+3 so(8)+2 su(3)+g2+su(2)"	17	132	1	1	1	0	0	0	0	0	28
11	153	"e6+2 so(8)+2 su(3)"	"e6+3 so(8)+2 su(3)+g2+su(2)"	18	132	1	1	1	0	0	0	0	0	2
11	153	"e6+2 so(8)+2 su(3)"	"e6+3 so(8)+2 su(3)+g2+su(2)"	19	132	1	1	1	0	0	0	0	0	4
11	153	"e6+2 so(8)+2 su(3)"	"e6+3 so(8)+2 su(3)+g2+su(2)"	20	132	1	1	1	0	0	0	0	0	2
11	153	"e6+2 so(8)+2 su(3)"	"e6+3 so(8)+2 su(3)+so(7)+2 su(2)"	16	130	2	1	1	0	0	0	0	0	2
11	153	"e6+2 so(8)+2 su(3)"	"e6+3 so(8)+2 su(3)+so(7)+2 su(2)"	17	130	2	1	1	0	0	0	0	0	4
11	153	"e6+2 so(8)+2 su(3)"	"e6+3 so(8)+3 su(3)"	14	133	0	1	1	0	0	0	0	0	2
11	153	"e6+2 so(8)+2 su(3)"	"e6+3 so(8)+3 su(3)"	16	133	0	1	1	0	0	0	0	0	11
11	153	"e6+2 so(8)+2 su(3)"	"e6+3 so(8)+3 su(3)"	17	133	0	1	1	0	0	0	0	0	14
11	153	"e6+2 so(8)+2 su(3)"	"e6+3 so(8)+3 su(3)"	18	133	0	1	1	0	0	0	0	0	2
11	153	"e6+2 so(8)+2 su(3)"	"e6+3 so(8)+3 su(3)"	20	133	0	1	1	0	0	0	0	0	2
11	153	"e6+2 so(8)+2 su(3)"	"e6+3 so(8)+3 su(3)"	28	133	0	1	1	0	0	0	0	0	2
11	153	"e6+2 so(8)+2 su(3)"	"e6+3 so(8)+4 su(3)"	16	125	0	2	1	0	0	0	0	0	2
11	153	"e6+2 so(8)+2 su(3)"	"e6+3 so(8)+4 su(3)"	17	125	0	2	1	0	0	0	0	0	10
11	153	"e6+2 so(8)+2 su(3)"	"e6+3 so(8)+4 su(3)"	19	125	0	2	1	0	0	0	0	0	2
11	153	"e6+2 so(8)+2 su(3)"	"e6+3 so(8)+5 su(3)"	18	117	0	3	1	0	0	0	0	0	2
11	153	"e6+2 so(8)+2 su(3)"	"e6+4 so(8)+3 su(3)"	18	105	0	1	2	0	0	0	0	0	2
11	154	"e6+2 so(8)+2 su(3)"	"2 e6+2 so(8)+2 su(3)+g2+su(2)"	18	82	1	1	0	0	1	0	0	0	8
11	154	"e6+2 so(8)+2 su(3)"	"2 e6+2 so(8)+3 su(3)"	18	83	0	1	0	0	1	0	0	0	4
11	154	"e6+2 so(8)+2 su(3)"	"2 e6+2 so(8)+4 su(3)"	18	75	0	2	0	0	1	0	0	0	2
11	154	"e6+2 so(8)+2 su(3)"	"e6+2 so(8)+2 su(3)+2(g2+su(2))"	16	151	2	2	0	0	0	0	0	0	8
11	154	"e6+2 so(8)+2 su(3)"	"e6+2 so(8)+2 su(3)+2(g2+su(2))"	17	151	2	2	0	0	0	0	0	0	8
11	154	"e6+2 so(8)+2 su(3)"	"e6+2 so(8)+2 su(3)+g2+su(2)"	14	160	1	1	0	0	0	0	0	0	2
11	154	"e6+2 so(8)+2 su(3)"	"e6+2 so(8)+2 su(3)+g2+su(2)"	15	160	1	1	0	0	0	0	0	0	23
11	154	"e6+2 so(8)+2 su(3)"	"e6+2 so(8)+2 su(3)+g2+su(2)"	16	160	1	1	0	0	0	0	0	0	60
11	154	"e6+2 so(8)+2 su(3)"	"e6+2 so(8)+2 su(3)+g2+su(2)"	17	160	1	1	0	0	0	0	0	0	12
11	154	"e6+2 so(8)+2 su(3)"	"e6+2 so(8)+2 su(3)+g2+su(2)"	18	160	1	1	0	0	0	0	0	0	5
11	154	"e6+2 so(8)+2 su(3)"	"e6+2 so(8)+2 su(3)+g2+su(2)"	19	160	1	1	0	0	0	0	0	0	4
11	154	"e6+2 so(8)+2 su(3)"	"e6+2 so(8)+2 su(3)+g2+su(2)"	20	160	1	1	0	0	0	0	0	0	6
11	154	"e6+2 so(8)+2 su(3)"	"e6+2 so(8)+2 su(3)+so(7)+2 su(2)"	15	158	2	1	0	0	0	0	0	0	24
11	154	"e6+2 so(8)+2 su(3)"	"e6+2 so(8)+2 su(3)+so(7)+2 su(2)"	16	158	2	1	0	0	0	0	0	0	41
11	154	"e6+2 so(8)+2 su(3)"	"e6+2 so(8)+2 su(3)+so(7)+2 su(2)"	17	158	2	1	0	0	0	0	0	0	15
11	154	"e6+2 so(8)+2 su(3)"	"e6+2 so(8)+2 su(3)+so(7)+2 su(2)"	18	158	2	1	0	0	0	0	0	0	3
11	154	"e6+2 so(8)+2 su(3)"	"e6+2 so(8)+2 su(3)+so(7)+2 su(2)"	20	158	2	1	0	0	0	0	0	0	8
11	154	"e6+2 so(8)+2 su(3)"	"e6+2 so(8)+2 su(3)+so(7)+2 su(2)"	23	158	2	1	0	0	0	0	0	0	2
11	154	"e6+2 so(8)+2 su(3)"	"e6+2 so(8)+2 su(3)+so(7)+2 su(2)"	27	158	2	1	0	0	0	0	0	0	2
11	154	"e6+2 so(8)+2 su(3)"	"e6+2 so(8)+3 su(3)"	11	161	0	1	0	0	0	0	0	0	2
11	154	"e6+2 so(8)+2 su(3)"	"e6+2 so(8)+3 su(3)"	15	161	0	1	0	0	0	0	0	0	3
11	154	"e6+2 so(8)+2 su(3)"	"e6+2 so(8)+3 su(3)"	16	161	0	1	0	0	0	0	0	0	15
11	154	"e6+2 so(8)+2 su(3)"	"e6+2 so(8)+3 su(3)"	17	161	0	1	0	0	0	0	0	0	4
11	154	"e6+2 so(8)+2 su(3)"	"e6+2 so(8)+3 su(3)"	18	161	0	1	0	0	0	0	0	0	2
11	154	"e6+2 so(8)+2 su(3)"	"e6+2 so(8)+3 su(3)"	19	161	0	1	0	0	0	0	0	0	2
11	154	"e6+2 so(8)+2 su(3)"	"e6+2 so(8)+3 su(3)"	20	161	0	1	0	0	0	0	0	0	2
11	154	"e6+2 so(8)+2 su(3)"	"e6+2 so(8)+3 su(3)+g2+su(2)"	16	152	1	2	0	0	0	0	0	0	64
11	154	"e6+2 so(8)+2 su(3)"	"e6+2 so(8)+3 su(3)+g2+su(2)"	17	152	1	2	0	0	0	0	0	0	24
11	154	"e6+2 so(8)+2 su(3)"	"e6+2 so(8)+3 su(3)+g2+su(2)"	18	152	1	2	0	0	0	0	0	0	7
11	154	"e6+2 so(8)+2 su(3)"	"e6+2 so(8)+3 su(3)+g2+su(2)"	19	152	1	2	0	0	0	0	0	0	5
11	154	"e6+2 so(8)+2 su(3)"	"e6+2 so(8)+3 su(3)+g2+su(2)"	20	152	1	2	0	0	0	0	0	0	5
11	154	"e6+2 so(8)+2 su(3)"	"e6+2 so(8)+3 su(3)+g2+su(2)"	22	152	1	2	0	0	0	0	0	0	2
11	154	"e6+2 so(8)+2 su(3)"	"e6+2 so(8)+3 su(3)+g2+su(2)"	30	152	1	2	0	0	0	0	0	0	2
11	154	"e6+2 so(8)+2 su(3)"	"e6+2 so(8)+3 su(3)+so(7)+2 su(2)"	16	150	2	2	0	0	0	0	0	0	21
11	154	"e6+2 so(8)+2 su(3)"	"e6+2 so(8)+3 su(3)+so(7)+2 su(2)"	17	150	2	2	0	0	0	0	0	0	3
11	154	"e6+2 so(8)+2 su(3)"	"e6+2 so(8)+3 su(3)+so(7)+2 su(2)"	18	150	2	2	0	0	0	0	0	0	2
11	154	"e6+2 so(8)+2 su(3)"	"e6+2 so(8)+3 su(3)+so(7)+2 su(2)"	22	150	2	2	0	0	0	0	0	0	2
11	154	"e6+2 so(8)+2 su(3)"	"e6+2 so(8)+4 su(3)"	15	153	0	2	0	0	0	0	0	0	4
11	154	"e6+2 so(8)+2 su(3)"	"e6+2 so(8)+4 su(3)"	16	153	0	2	0	0	0	0	0	0	26
11	154	"e6+2 so(8)+2 su(3)"	"e6+2 so(8)+4 su(3)"	17	153	0	2	0	0	0	0	0	0	12
11	154	"e6+2 so(8)+2 su(3)"	"e6+2 so(8)+4 su(3)"	18	153	0	2	0	0	0	0	0	0	2
11	154	"e6+2 so(8)+2 su(3)"	"e6+2 so(8)+4 su(3)"	19	153	0	2	0	0	0	0	0	0	3
11	154	"e6+2 so(8)+2 su(3)"	"e6+2 so(8)+4 su(3)"	20	153	0	2	0	0	0	0	0	0	2
11	154	"e6+2 so(8)+2 su(3)"	"e6+2 so(8)+4 su(3)+g2+su(2)"	19	144	1	3	0	0	0	0	0	0	2
11	154	"e6+2 so(8)+2 su(3)"	"e6+2 so(8)+4 su(3)+g2+su(2)"	20	144	1	3	0	0	0	0	0	0	3
11	154	"e6+2 so(8)+2 su(3)"	"e6+2 so(8)+5 su(3)"	16	145	0	3	0	0	0	0	0	0	9
11	154	"e6+2 so(8)+2 su(3)"	"e6+2 so(8)+5 su(3)"	17	145	0	3	0	0	0	0	0	0	4
11	154	"e6+2 so(8)+2 su(3)"	"e6+2 so(8)+5 su(3)"	19	145	0	3	0	0	0	0	0	0	6
11	154	"e6+2 so(8)+2 su(3)"	"e6+3 so(8)+2 su(3)"	11	141	0	0	1	0	0	0	0	0	2
11	154	"e6+2 so(8)+2 su(3)"	"e6+3 so(8)+2 su(3)+g2+su(2)"	16	132	1	1	1	0	0	0	0	0	30
11	154	"e6+2 so(8)+2 su(3)"	"e6+3 so(8)+2 su(3)+g2+su(2)"	17	132	1	1	1	0	0	0	0	0	11
11	154	"e6+2 so(8)+2 su(3)"	"e6+3 so(8)+2 su(3)+g2+su(2)"	20	132	1	1	1	0	0	0	0	0	3
11	154	"e6+2 so(8)+2 su(3)"	"e6+3 so(8)+2 su(3)+g2+su(2)"	29	132	1	1	1	0	0	0	0	0	2
11	154	"e6+2 so(8)+2 su(3)"	"e6+3 so(8)+2 su(3)+so(7)+2 su(2)"	16	130	2	1	1	0	0	0	0	0	4
11	154	"e6+2 so(8)+2 su(3)"	"e6+3 so(8)+3 su(3)"	14	133	0	1	1	0	0	0	0	0	2
11	154	"e6+2 so(8)+2 su(3)"	"e6+3 so(8)+3 su(3)"	16	133	0	1	1	0	0	0	0	0	10
11	154	"e6+2 so(8)+2 su(3)"	"e6+3 so(8)+3 su(3)"	17	133	0	1	1	0	0	0	0	0	9
11	154	"e6+2 so(8)+2 su(3)"	"e6+3 so(8)+3 su(3)"	20	133	0	1	1	0	0	0	0	0	2
11	154	"e6+2 so(8)+2 su(3)"	"e6+3 so(8)+3 su(3)"	28	133	0	1	1	0	0	0	0	0	2
11	154	"e6+2 so(8)+2 su(3)"	"e6+3 so(8)+3 su(3)+g2+su(2)"	23	124	1	2	1	0	0	0	0	0	2
11	154	"e6+2 so(8)+2 su(3)"	"e6+3 so(8)+4 su(3)"	16	125	0	2	1	0	0	0	0	0	3
11	154	"e6+2 so(8)+2 su(3)"	"e6+3 so(8)+4 su(3)"	17	125	0	2	1	0	0	0	0	0	7
11	154	"e6+2 so(8)+2 su(3)"	"e6+3 so(8)+5 su(3)"	20	117	0	3	1	0	0	0	0	0	2
11	154	"e6+2 so(8)+2 su(3)"	"e6+4 so(8)+3 su(3)"	17	105	0	1	2	0	0	0	0	0	2
11	154	"e6+2 so(8)+2 su(3)"	"e6+f4+2 so(8)+2 su(3)+g2+su(2)"	17	108	1	1	0	1	0	0	0	0	8
11	154	"e6+2 so(8)+2 su(3)"	"e6+f4+2 so(8)+3 su(3)"	17	109	0	1	0	1	0	0	0	0	4
11	154	"e6+2 so(8)+2 su(3)"	"e6+f4+2 so(8)+4 su(3)"	17	101	0	2	0	1	0	0	0	0	2
11	155	"e7'+2 so(8)+g2+su(2)"	"e7'+2 so(8)+2(g2+su(2))"	16	140	1	1	0	0	0	0	0	0	6
11	155	"e7'+2 so(8)+g2+su(2)"	"e7'+2 so(8)+2(so(7)+2 su(2))"	16	136	2	1	0	0	0	0	0	0	4
11	155	"e7'+2 so(8)+g2+su(2)"	"e7'+2 so(8)+2(so(7)+2 su(2))"	17	136	2	1	0	0	0	0	0	0	3
11	155	"e7'+2 so(8)+g2+su(2)"	"e7'+2 so(8)+2(so(7)+2 su(2))"	18	136	2	1	0	0	0	0	0	0	2
11	155	"e7'+2 so(8)+g2+su(2)"	"e7'+2 so(8)+3(g2+su(2))"	16	131	1	2	0	0	0	0	0	0	2
11	155	"e7'+2 so(8)+g2+su(2)"	"e7'+2 so(8)+g2+su(2)+so(7)+2 su(2)"	16	138	1	1	0	0	0	0	0	0	12
11	155	"e7'+2 so(8)+g2+su(2)"	"e7'+2 so(8)+g2+su(2)+so(7)+2 su(2)"	17	138	1	1	0	0	0	0	0	0	3
11	155	"e7'+2 so(8)+g2+su(2)"	"e7'+2 so(8)+so(7)+2 su(2)"	16	147	1	0	0	0	0	0	0	0	9
11	155	"e7'+2 so(8)+g2+su(2)"	"e7'+2 so(8)+so(7)+2 su(2)"	17	147	1	0	0	0	0	0	0	0	2
11	155	"e7'+2 so(8)+g2+su(2)"	"e7'+2 so(8)+su(3)+g2+su(2)+so(7)+2 su(2)"	16	130	1	2	0	0	0	0	0	0	5
11	155	"e7'+2 so(8)+g2+su(2)"	"e7'+2 so(8)+su(3)+g2+su(2)+so(7)+2 su(2)"	17	130	1	2	0	0	0	0	0	0	6
11	155	"e7'+2 so(8)+g2+su(2)"	"e7'+2 so(8)+su(3)+so(7)+2 su(2)"	16	139	1	1	0	0	0	0	0	0	6
11	155	"e7'+2 so(8)+g2+su(2)"	"e7'+2 so(8)+su(3)+so(7)+2 su(2)"	17	139	1	1	0	0	0	0	0	0	4
11	155	"e7'+2 so(8)+g2+su(2)"	"e7'+3 so(8)+g2+su(2)+so(7)+2 su(2)"	17	110	1	1	1	0	0	0	0	0	2
11	155	"e7'+2 so(8)+g2+su(2)"	"e7'+3 so(8)+so(7)+2 su(2)"	17	119	1	0	1	0	0	0	0	0	2
11	156	"e7'+2 so(8)+g2+su(2)"	"e7'+2 so(8)+2(g2+su(2))"	16	140	1	1	0	0	0	0	0	0	12
11	156	"e7'+2 so(8)+g2+su(2)"	"e7'+2 so(8)+g2+su(2)+so(7)+2 su(2)"	16	138	2	1	0	0	0	0	0	0	3
11	157	"e7'+2 so(8)+su(3)+g2+su(2)"	"e7'+2 so(8)+2(g2+su(2))"	16	140	1	0	0	0	0	0	0	0	5
11	157	"e7'+2 so(8)+su(3)+g2+su(2)"	"e7'+2 so(8)+2(so(7)+2 su(2))"	16	136	3	0	0	0	0	0	0	0	3
11	157	"e7'+2 so(8)+su(3)+g2+su(2)"	"e7'+2 so(8)+g2+su(2)+so(7)+2 su(2)"	16	138	2	0	0	0	0	0	0	0	10
11	157	"e7'+2 so(8)+su(3)+g2+su(2)"	"e7'+2 so(8)+su(3)+so(7)+2 su(2)"	16	139	1	0	0	0	0	0	0	0	10
11	158	"e7'+2 so(8)+2(g2+su(2))"	"e7'+2 so(8)+g2+su(2)+so(7)+2 su(2)"	16	138	1	0	0	0	0	0	0	0	3
11	159	"e7'+2 so(8)+su(3)+g2+su(2)"	"e7'+2 so(8)+2(g2+su(2))"	16	140	1	0	0	0	0	0	0	0	6
11	159	"e7'+2 so(8)+su(3)+g2+su(2)"	"e7'+2 so(8)+g2+su(2)+so(7)+2 su(2)"	16	138	2	0	0	0	0	0	0	0	3
11	160	"e7'+2 so(8)+2(g2+su(2))"	"e7'+2 so(8)+g2+su(2)+so(7)+2 su(2)"	16	138	1	0	0	0	0	0	0	0	2
11	161	"e7'+2 so(8)+2(g2+su(2))"	"e7'+2 so(8)+g2+su(2)+so(7)+2 su(2)"	16	138	1	0	0	0	0	0	0	0	4
11	162	"4 so(8)"	"4 so(8)+2(g2+su(2))"	14	189	2	2	0	0	0	0	0	0	200
11	162	"4 so(8)"	"4 so(8)+2 su(3)"	12	191	0	2	0	0	0	0	0	0	4
11	162	"4 so(8)"	"4 so(8)+2 su(3)"	14	191	0	2	0	0	0	0	0	0	99
11	162	"4 so(8)"	"4 so(8)+2 su(3)+g2+su(2)"	15	182	1	3	0	0	0	0	0	0	292
11	162	"4 so(8)"	"4 so(8)+2 su(3)+so(7)+2 su(2)"	16	180	2	3	0	0	0	0	0	0	80
11	162	"4 so(8)"	"4 so(8)+3 su(3)"	14	183	0	3	0	0	0	0	0	0	30
11	162	"4 so(8)"	"4 so(8)+3 su(3)"	15	183	0	3	0	0	0	0	0	0	196
11	162	"4 so(8)"	"4 so(8)+3 su(3)+g2+su(2)"	16	174	1	4	0	0	0	0	0	0	8
11	162	"4 so(8)"	"4 so(8)+4 su(3)"	15	175	0	4	0	0	0	0	0	0	33
11	162	"4 so(8)"	"4 so(8)+4 su(3)"	16	175	0	4	0	0	0	0	0	0	16
11	162	"4 so(8)"	"4 so(8)+4 su(3)"	18	175	0	4	0	0	0	0	0	0	2
11	162	"4 so(8)"	"4 so(8)+g2+su(2)"	13	198	1	1	0	0	0	0	0	0	8
11	162	"4 so(8)"	"4 so(8)+g2+su(2)+so(7)+2 su(2)"	14	187	3	2	0	0	0	0	0	0	24
11	162	"4 so(8)"	"4 so(8)+su(3)"	11	199	0	1	0	0	0	0	0	0	4
11	162	"4 so(8)"	"4 so(8)+su(3)"	13	199	0	1	0	0	0	0	0	0	4
11	162	"4 so(8)"	"4 so(8)+su(3)+2(g2+su(2))"	15	181	2	3	0	0	0	0	0	0	12
11	162	"4 so(8)"	"4 so(8)+su(3)+g2+su(2)"	14	190	1	2	0	0	0	0	0	0	552
11	162	"4 so(8)"	"4 so(8)+su(3)+so(7)+2 su(2)"	14	188	2	2	0	0	0	0	0	0	260
11	162	"4 so(8)"	"5 so(8)"	11	179	0	0	1	0	0	0	0	0	4
11	162	"4 so(8)"	"5 so(8)"	14	179	0	0	1	0	0	0	0	0	5
11	162	"4 so(8)"	"5 so(8)"	15	179	0	0	1	0	0	0	0	0	4
11	162	"4 so(8)"	"5 so(8)+2(g2+su(2))"	16	161	2	2	1	0	0	0	0	0	4
11	162	"4 so(8)"	"5 so(8)+2 su(3)"	15	163	0	2	1	0	0	0	0	0	124
11	162	"4 so(8)"	"5 so(8)+2 su(3)"	16	163	0	2	1	0	0	0	0	0	56
11	162	"4 so(8)"	"5 so(8)+2 su(3)"	17	163	0	2	1	0	0	0	0	0	20
11	162	"4 so(8)"	"5 so(8)+2 su(3)"	18	163	0	2	1	0	0	0	0	0	8
11	162	"4 so(8)"	"5 so(8)+2 su(3)"	19	163	0	2	1	0	0	0	0	0	20
11	162	"4 so(8)"	"5 so(8)+2 su(3)"	21	163	0	2	1	0	0	0	0	0	16
11	162	"4 so(8)"	"5 so(8)+2 su(3)+g2+su(2)"	16	154	1	3	1	0	0	0	0	0	8
11	162	"4 so(8)"	"5 so(8)+3 su(3)"	15	155	0	3	1	0	0	0	0	0	20
11	162	"4 so(8)"	"5 so(8)+3 su(3)"	16	155	0	3	1	0	0	0	0	0	32
11	162	"4 so(8)"	"5 so(8)+3 su(3)"	21	155	0	3	1	0	0	0	0	0	8
11	162	"4 so(8)"	"5 so(8)+3 su(3)"	22	155	0	3	1	0	0	0	0	0	8
11	162	"4 so(8)"	"5 so(8)+4 su(3)"	16	147	0	4	1	0	0	0	0	0	4
11	162	"4 so(8)"	"5 so(8)+4 su(3)"	27	147	0	4	1	0	0	0	0	0	4
11	162	"4 so(8)"	"5 so(8)+g2+su(2)"	15	170	1	1	1	0	0	0	0	0	220
11	162	"4 so(8)"	"5 so(8)+g2+su(2)"	16	170	1	1	1	0	0	0	0	0	40
11	162	"4 so(8)"	"5 so(8)+g2+su(2)"	17	170	1	1	1	0	0	0	0	0	28
11	162	"4 so(8)"	"5 so(8)+g2+su(2)"	18	170	1	1	1	0	0	0	0	0	8
11	162	"4 so(8)"	"5 so(8)+g2+su(2)"	19	170	1	1	1	0	0	0	0	0	4
11	162	"4 so(8)"	"5 so(8)+so(7)+2 su(2)"	15	168	2	1	1	0	0	0	0	0	144
11	162	"4 so(8)"	"5 so(8)+so(7)+2 su(2)"	16	168	2	1	1	0	0	0	0	0	40
11	162	"4 so(8)"	"5 so(8)+so(7)+2 su(2)"	17	168	2	1	1	0	0	0	0	0	24
11	162	"4 so(8)"	"5 so(8)+so(7)+2 su(2)"	19	168	2	1	1	0	0	0	0	0	8
11	162	"4 so(8)"	"5 so(8)+su(3)"	13	171	0	1	1	0	0	0	0	0	8
11	162	"4 so(8)"	"5 so(8)+su(3)"	15	171	0	1	1	0	0	0	0	0	96
11	162	"4 so(8)"	"5 so(8)+su(3)"	16	171	0	1	1	0	0	0	0	0	40
11	162	"4 so(8)"	"5 so(8)+su(3)"	17	171	0	1	1	0	0	0	0	0	8
11	162	"4 so(8)"	"5 so(8)+su(3)"	19	171	0	1	1	0	0	0	0	0	4
11	162	"4 so(8)"	"5 so(8)+su(3)+g2+su(2)"	15	162	1	2	1	0	0	0	0	0	120
11	162	"4 so(8)"	"5 so(8)+su(3)+g2+su(2)"	16	162	1	2	1	0	0	0	0	0	88
11	162	"4 so(8)"	"5 so(8)+su(3)+g2+su(2)"	17	162	1	2	1	0	0	0	0	0	16
11	162	"4 so(8)"	"5 so(8)+su(3)+g2+su(2)"	18	162	1	2	1	0	0	0	0	0	16
11	162	"4 so(8)"	"5 so(8)+su(3)+g2+su(2)"	21	162	1	2	1	0	0	0	0	0	8
11	162	"4 so(8)"	"5 so(8)+su(3)+g2+su(2)"	23	162	1	2	1	0	0	0	0	0	8
11	162	"4 so(8)"	"5 so(8)+su(3)+so(7)+2 su(2)"	16	160	2	2	1	0	0	0	0	0	24
11	162	"4 so(8)"	"5 so(8)+su(3)+so(7)+2 su(2)"	18	160	2	2	1	0	0	0	0	0	8
11	162	"4 so(8)"	"6 so(8)"	14	151	0	0	2	0	0	0	0	0	4
11	162	"4 so(8)"	"6 so(8)"	15	151	0	0	2	0	0	0	0	0	6
11	162	"4 so(8)"	"6 so(8)"	16	151	0	0	2	0	0	0	0	0	8
11	162	"4 so(8)"	"6 so(8)"	17	151	0	0	2	0	0	0	0	0	2
11	162	"4 so(8)"	"6 so(8)"	19	151	0	0	2	0	0	0	0	0	4
11	162	"4 so(8)"	"6 so(8)+2 su(3)"	16	135	0	2	2	0	0	0	0	0	4
11	162	"4 so(8)"	"6 so(8)+2 su(3)"	17	135	0	2	2	0	0	0	0	0	8
11	162	"4 so(8)"	"6 so(8)+2 su(3)"	22	135	0	2	2	0	0	0	0	0	8
11	162	"4 so(8)"	"6 so(8)+g2+su(2)"	16	142	1	1	2	0	0	0	0	0	12
11	162	"4 so(8)"	"6 so(8)+g2+su(2)"	17	142	1	1	2	0	0	0	0	0	16
11	162	"4 so(8)"	"6 so(8)+su(3)"	16	143	0	1	2	0	0	0	0	0	40
11	162	"4 so(8)"	"6 so(8)+su(3)"	17	143	0	1	2	0	0	0	0	0	8
11	162	"4 so(8)"	"6 so(8)+su(3)"	19	143	0	1	2	0	0	0	0	0	4
11	162	"4 so(8)"	"7 so(8)"	16	123	0	0	3	0	0	0	0	0	4
11	162	"4 so(8)"	"7 so(8)"	17	123	0	0	3	0	0	0	0	0	4
11	163	"4 so(8)"	"4 so(8)+2(g2+su(2))"	14	189	1	2	0	0	0	0	0	0	18
11	163	"4 so(8)"	"4 so(8)+2 su(3)"	14	191	0	2	0	0	0	0	0	0	21
11	163	"4 so(8)"	"4 so(8)+2 su(3)+g2+su(2)"	15	182	0	3	0	0	0	0	0	0	14
11	163	"4 so(8)"	"4 so(8)+2 su(3)+so(7)+2 su(2)"	15	180	1	3	0	0	0	0	0	0	2
11	163	"4 so(8)"	"4 so(8)+3 su(3)"	14	183	0	3	0	0	0	0	0	0	4
11	163	"4 so(8)"	"4 so(8)+3 su(3)"	15	183	0	3	0	0	0	0	0	0	4
11	163	"4 so(8)"	"4 so(8)+g2+su(2)"	13	198	0	1	0	0	0	0	0	0	2
11	163	"4 so(8)"	"4 so(8)+g2+su(2)+so(7)+2 su(2)"	14	187	2	2	0	0	0	0	0	0	2
11	163	"4 so(8)"	"4 so(8)+so(7)+2 su(2)"	13	196	1	1	0	0	0	0	0	0	2
11	163	"4 so(8)"	"4 so(8)+su(3)"	11	199	0	1	0	0	0	0	0	0	2
11	163	"4 so(8)"	"4 so(8)+su(3)+g2+su(2)"	12	190	0	2	0	0	0	0	0	0	2
11	163	"4 so(8)"	"4 so(8)+su(3)+g2+su(2)"	14	190	0	2	0	0	0	0	0	0	12
11	163	"4 so(8)"	"4 so(8)+su(3)+g2+su(2)"	14	190	1	2	0	0	0	0	0	0	20
11	163	"4 so(8)"	"4 so(8)+su(3)+so(7)+2 su(2)"	14	188	1	2	0	0	0	0	0	0	32
11	163	"4 so(8)"	"5 so(8)"	11	179	0	0	1	0	0	0	0	0	2
11	163	"4 so(8)"	"5 so(8)"	15	179	0	0	1	0	0	0	0	0	2
11	163	"4 so(8)"	"5 so(8)+2 su(3)"	15	163	0	2	1	0	0	0	0	0	2
11	163	"4 so(8)"	"5 so(8)+2 su(3)"	17	163	0	2	1	0	0	0	0	0	2
11	163	"4 so(8)"	"5 so(8)+2 su(3)"	19	163	0	2	1	0	0	0	0	0	2
11	163	"4 so(8)"	"5 so(8)+g2+su(2)"	13	170	0	1	1	0	0	0	0	0	2
11	163	"4 so(8)"	"5 so(8)+g2+su(2)"	15	170	0	1	1	0	0	0	0	0	4
11	163	"4 so(8)"	"5 so(8)+g2+su(2)"	15	170	1	1	1	0	0	0	0	0	4
11	163	"4 so(8)"	"5 so(8)+g2+su(2)"	17	170	1	1	1	0	0	0	0	0	2
11	163	"4 so(8)"	"5 so(8)+g2+su(2)"	19	170	1	1	1	0	0	0	0	0	2
11	163	"4 so(8)"	"5 so(8)+so(7)+2 su(2)"	15	168	1	1	1	0	0	0	0	0	12
11	163	"4 so(8)"	"5 so(8)+so(7)+2 su(2)"	16	168	1	1	1	0	0	0	0	0	4
11	163	"4 so(8)"	"5 so(8)+so(7)+2 su(2)"	17	168	1	1	1	0	0	0	0	0	2
11	163	"4 so(8)"	"5 so(8)+so(7)+2 su(2)"	19	168	1	1	1	0	0	0	0	0	2
11	163	"4 so(8)"	"5 so(8)+su(3)"	15	171	0	1	1	0	0	0	0	0	14
11	163	"4 so(8)"	"5 so(8)+su(3)"	16	171	0	1	1	0	0	0	0	0	4
11	163	"4 so(8)"	"5 so(8)+su(3)"	17	171	0	1	1	0	0	0	0	0	2
11	163	"4 so(8)"	"5 so(8)+su(3)"	19	171	0	1	1	0	0	0	0	0	2
11	163	"4 so(8)"	"5 so(8)+su(3)+g2+su(2)"	15	162	0	2	1	0	0	0	0	0	4
11	163	"4 so(8)"	"5 so(8)+su(3)+g2+su(2)"	16	162	0	2	1	0	0	0	0	0	2
11	163	"4 so(8)"	"5 so(8)+su(3)+g2+su(2)"	21	162	0	2	1	0	0	0	0	0	2
11	163	"4 so(8)"	"5 so(8)+su(3)+so(7)+2 su(2)"	15	160	1	2	1	0	0	0	0	0	2
11	163	"4 so(8)"	"5 so(8)+su(3)+so(7)+2 su(2)"	16	160	1	2	1	0	0	0	0	0	2
11	163	"4 so(8)"	"5 so(8)+su(3)+so(7)+2 su(2)"	22	160	1	2	1	0	0	0	0	0	2
11	163	"4 so(8)"	"6 so(8)"	15	151	0	0	2	0	0	0	0	0	2
11	163	"4 so(8)"	"6 so(8)"	19	151	0	0	2	0	0	0	0	0	2
11	164	"e6+3 so(8)+su(3)"	"e6+3 so(8)+2 su(3)"	11	141	0	1	0	0	0	0	0	0	2
11	164	"e6+3 so(8)+su(3)"	"e6+3 so(8)+2 su(3)"	16	141	0	1	0	0	0	0	0	0	8
11	164	"e6+3 so(8)+su(3)"	"e6+3 so(8)+2 su(3)"	17	141	0	1	0	0	0	0	0	0	2
11	164	"e6+3 so(8)+su(3)"	"e6+3 so(8)+2 su(3)+g2+su(2)"	16	132	1	2	0	0	0	0	0	0	8
11	164	"e6+3 so(8)+su(3)"	"e6+3 so(8)+3 su(3)"	16	133	0	2	0	0	0	0	0	0	8
11	164	"e6+3 so(8)+su(3)"	"e6+3 so(8)+3 su(3)"	17	133	0	2	0	0	0	0	0	0	4
11	164	"e6+3 so(8)+su(3)"	"e6+3 so(8)+4 su(3)"	17	125	0	3	0	0	0	0	0	0	2
11	164	"e6+3 so(8)+su(3)"	"e6+3 so(8)+su(3)+g2+su(2)"	16	140	1	1	0	0	0	0	0	0	24
11	164	"e6+3 so(8)+su(3)"	"e6+3 so(8)+su(3)+g2+su(2)"	17	140	1	1	0	0	0	0	0	0	5
11	164	"e6+3 so(8)+su(3)"	"e6+3 so(8)+su(3)+so(7)+2 su(2)"	16	138	2	1	0	0	0	0	0	0	9
11	164	"e6+3 so(8)+su(3)"	"e6+3 so(8)+su(3)+so(7)+2 su(2)"	17	138	2	1	0	0	0	0	0	0	2
11	164	"e6+3 so(8)+su(3)"	"e6+4 so(8)+2 su(3)"	17	113	0	1	1	0	0	0	0	0	2
11	165	"e6+3 so(8)+g2+su(2)"	"e6+3 so(8)+2(g2+su(2))"	16	139	1	1	0	0	0	0	0	0	6
11	165	"e6+3 so(8)+g2+su(2)"	"e6+3 so(8)+g2+su(2)+so(7)+2 su(2)"	16	137	2	1	0	0	0	0	0	0	2
11	165	"e6+3 so(8)+g2+su(2)"	"e6+3 so(8)+so(7)+2 su(2)"	16	146	1	0	0	0	0	0	0	0	11
11	165	"e6+3 so(8)+g2+su(2)"	"e6+3 so(8)+su(3)+so(7)+2 su(2)"	16	138	1	1	0	0	0	0	0	0	8
11	165	"e6+3 so(8)+g2+su(2)"	"e6+3 so(8)+su(3)+so(7)+2 su(2)"	17	138	1	1	0	0	0	0	0	0	2
11	165	"e6+3 so(8)+g2+su(2)"	"e6+4 so(8)+so(7)+2 su(2)"	17	118	1	0	1	0	0	0	0	0	2
11	166	"4 so(8)"	"4 so(8)+2(g2+su(2))"	14	189	0	2	0	0	0	0	0	0	3
11	166	"4 so(8)"	"4 so(8)+2(so(7)+2 su(2))"	14	185	2	2	0	0	0	0	0	0	6
11	166	"4 so(8)"	"4 so(8)+2(so(7)+2 su(2))"	15	185	2	2	0	0	0	0	0	0	2
11	166	"4 so(8)"	"4 so(8)+g2+su(2)"	11	198	0	1	0	0	0	0	0	0	2
11	166	"4 so(8)"	"4 so(8)+g2+su(2)+so(7)+2 su(2)"	14	187	1	2	0	0	0	0	0	0	4
11	166	"4 so(8)"	"4 so(8)+su(3)+g2+su(2)"	14	190	0	2	0	0	0	0	0	0	4
11	166	"4 so(8)"	"4 so(8)+su(3)+g2+su(2)+so(7)+2 su(2)"	15	179	1	3	0	0	0	0	0	0	2
11	167	"e6+3 so(8)+2 su(3)"	"e6+3 so(8)+3 su(3)"	16	133	0	1	0	0	0	0	0	0	2
11	167	"e6+3 so(8)+2 su(3)"	"e6+3 so(8)+su(3)+g2+su(2)"	16	140	1	0	0	0	0	0	0	0	8
11	167	"e6+3 so(8)+2 su(3)"	"e6+3 so(8)+su(3)+so(7)+2 su(2)"	16	138	2	0	0	0	0	0	0	0	5
11	169	"e6+3 so(8)+2 su(3)"	"e6+3 so(8)+3 su(3)"	16	133	0	1	0	0	0	0	0	0	2
