"TH"	"index"	"Tmin"	"Delta"	"n2"	"n3"	"n4"	"n5"	"n6"	"n7"	"n8"	"n12"	"On -1"	"On -2/-3"
11	1	11	64	0	0	0	0	0	0	1	0	"s1:11→1"	""
11	1	11	92	0	0	0	0	0	1	0	0	"s1:11→1"	""
11	1	11	119	0	0	0	0	1	0	0	0	"s1:11→1"	""
11	1	11	145	0	0	0	1	0	0	0	0	"s1:11→1"	""
11	1	11	169	0	0	1	0	0	0	0	0	"s1:11→1"	""
11	1	11	189	0	1	0	0	0	0	0	0	"{s1:11→1, s1:1→1}"	""
11	1	13	189	0	1	0	0	0	0	0	0	"s1:1→1, 11→1"	""
11	1	16	189	0	1	0	0	0	0	0	0	"s1:1→1, 11→3"	""
11	1	17	189	0	1	0	0	0	0	0	0	"s1:1→1, 11→4"	""
11	1	18	189	0	1	0	0	0	0	0	0	"s1:11→2"	""
11	1	19	169	0	0	1	0	0	0	0	0	"s1:11→2"	""
11	1	19	189	0	1	0	0	0	0	0	0	"s1:11→3"	""
11	1	20	189	0	1	0	0	0	0	0	0	"{s1:11→4, s1:11→5}"	""
11	2	11	113	0	0	0	0	1	0	0	0	"s1:1→1"	""
11	2	11	139	0	0	0	1	0	0	0	0	"s1:1→1"	""
11	2	11	163	0	0	1	0	0	0	0	0	"s1:11→1"	""
11	2	11	183	0	1	0	0	0	0	0	0	"s1:11→1"	""
11	2	11	190	1	0	0	0	0	0	0	0	""	"s1:2→1"
11	2	13	183	0	1	0	0	0	0	0	0	"s1:1→1, 11→1"	""
11	2	13	190	1	0	0	0	0	0	0	0	"s1:11→1"	"s1:2→1"
11	2	14	163	0	0	1	0	0	0	0	0	"s1:1→1, 11→1"	""
11	2	14	190	1	0	0	0	0	0	0	0	"{s1:1→1, 11→1, s1:1→1, 11→1, s1:1→1, 11→2, s1:1→1, 11→2, s1:1→2, 11→2, s1:1→2, 11→2, s1:1→2, 11→3, s1:1→2, 11→3}"	"{s1:2→1, s1:6→1, s1:2→1, s1:6→1, s1:2→1, s1:6→1, s1:2→1, s1:6→1}"
11	2	15	139	0	0	0	1	0	0	0	0	"s1:1→1, 11→1"	""
11	2	15	183	0	1	0	0	0	0	0	0	"{s1:1→1, 11→2, s1:1→2, 11→2, s1:1→2, 11→3}"	""
11	2	16	113	0	0	0	0	1	0	0	0	"s1:1→1, 11→1"	""
11	2	16	183	0	1	0	0	0	0	0	0	"s1:1→1, 11→3"	""
11	2	16	190	1	0	0	0	0	0	0	0	"{s1:11→3, s1:11→3, s1:11→4, s1:1→1, s1:1→3, 11→1, s1:1→4, 11→1}"	"{s1:2→1, s1:6→1, s1:6→1, s1:2→1, s1:2→1, s1:2→1}"
11	2	17	183	0	1	0	0	0	0	0	0	"s1:1→1, 11→4"	""
11	2	17	190	1	0	0	0	0	0	0	0	"{s1:11→4, s1:11→5, s1:11→5}"	"{s1:2→1, s1:2→1, s1:6→1}"
11	2	18	183	0	1	0	0	0	0	0	0	"s1:11→2"	""
11	2	18	190	1	0	0	0	0	0	0	0	"{s1:1→2, s1:1→3}"	"{s1:2→1, s1:2→1}"
11	2	19	183	0	1	0	0	0	0	0	0	"s1:11→3"	""
11	2	19	190	1	0	0	0	0	0	0	0	"{s1:1→4, s1:1→5}"	"{s1:2→1, s1:2→1}"
11	2	20	183	0	1	0	0	0	0	0	0	"{s1:11→4, s1:11→5}"	""
11	3	11	-1	0	0	0	0	0	0	0	1	"s1:11→1"	""
11	3	11	114	0	0	0	0	0	0	1	0	"{s1:11→1, s1:1→1}"	""
11	3	11	142	0	0	0	0	0	1	0	0	"{s1:11→1, s1:1→1}"	""
11	3	11	169	0	0	0	0	1	0	0	0	"{s1:11→1, s1:1→1}"	""
11	3	11	195	0	0	0	1	0	0	0	0	"{s1:11→1, s1:1→1}"	""
11	3	11	219	0	0	1	0	0	0	0	0	"{s1:11→1, s1:1→1}"	""
11	3	11	239	0	1	0	0	0	0	0	0	"{s1:11→1, s1:1→1, s1:1→1, 11→1}"	""
11	3	12	219	0	0	1	0	0	0	0	0	"s1:1→1, 11→1"	""
11	3	13	195	0	0	0	1	0	0	0	0	"s1:1→1, 11→1"	""
11	3	14	169	0	0	0	0	1	0	0	0	"s1:1→1, 11→1"	""
11	3	15	142	0	0	0	0	0	1	0	0	"s1:1→1, 11→1"	""
11	3	16	114	0	0	0	0	0	0	1	0	"s1:1→1, 11→1"	""
11	3	18	239	0	1	0	0	0	0	0	0	"{s1:11→2, s1:1→2}"	""
11	3	19	219	0	0	1	0	0	0	0	0	"{s1:11→2, s1:1→2}"	""
11	3	19	239	0	1	0	0	0	0	0	0	"{s1:11→3, s1:1→3}"	""
11	3	20	239	0	1	0	0	0	0	0	0	"{s1:11→4, s1:11→5, s1:1→4, s1:1→5}"	""
11	4	11	71	0	0	0	0	0	0	0	1	"s1:1→1"	""
11	4	11	186	0	0	0	0	0	0	1	0	"s1:1→1"	""
11	4	11	214	0	0	0	0	0	1	0	0	"s1:1→1"	""
11	4	11	241	0	0	0	0	1	0	0	0	"{s1:1→1, s1:1→1, 11→1}"	""
11	4	11	267	0	0	0	1	0	0	0	0	"s1:1→1"	""
11	4	12	214	0	0	0	0	0	1	0	0	"s1:1→1, 11→1"	""
11	4	13	186	0	0	0	0	0	0	1	0	"s1:1→1, 11→1"	""
11	4	17	71	0	0	0	0	0	0	0	1	"s1:1→1, 11→1"	""
11	5	11	65	0	0	0	0	0	0	1	0	"s1:11→1"	""
11	5	11	93	0	0	0	0	0	1	0	0	"s1:11→1"	""
11	5	11	120	0	0	0	0	1	0	0	0	"s1:11→1"	""
11	5	11	146	0	0	0	1	0	0	0	0	"s1:11→1"	""
11	5	11	170	0	0	1	0	0	0	0	0	"s1:11→1"	""
11	5	11	189	0	1	0	0	0	0	0	0	""	"s1:1→1"
11	5	11	190	0	1	0	0	0	0	0	0	"s1:11→1"	""
11	5	13	189	0	1	0	0	0	0	0	0	"s1:11→1"	"s1:1→1"
11	5	14	190	0	1	0	0	0	0	0	0	"{s1:2→1, 11→1, s1:2→1, 11→2}"	""
11	5	16	189	0	1	0	0	0	0	0	0	"s1:11→3"	"s1:1→1"
11	5	16	190	0	1	0	0	0	0	0	0	"s1:2→1"	""
11	5	16	197	1	0	0	0	0	0	0	0	"{s1:11→5, s1:2→1, s1:2→2, s1:2→4, 11→1}"	"{s1:5→1, s1:5→1, s1:5→1, s1:5→1}"
11	5	17	189	0	1	0	0	0	0	0	0	"s1:11→4"	"s1:1→1"
11	5	17	197	1	0	0	0	0	0	0	0	"{s1:2→3, s1:2→4, s1:2→5}"	"{s1:5→1, s1:5→1, s1:5→1}"
11	5	18	190	0	1	0	0	0	0	0	0	"s1:11→2"	""
11	5	19	170	0	0	1	0	0	0	0	0	"s1:11→2"	""
11	5	19	190	0	1	0	0	0	0	0	0	"s1:11→3"	""
11	5	20	190	0	1	0	0	0	0	0	0	"{s1:11→4, s1:11→5}"	""
11	6	11	64	0	0	0	0	0	0	1	0	"s1:11→1"	""
11	6	11	92	0	0	0	0	0	1	0	0	"s1:11→1"	""
11	6	11	119	0	0	0	0	1	0	0	0	"s1:11→1"	""
11	6	11	145	0	0	0	1	0	0	0	0	"s1:11→1"	""
11	6	11	169	0	0	1	0	0	0	0	0	"s1:11→1"	""
11	6	11	189	0	1	0	0	0	0	0	0	"s1:11→1"	""
11	6	14	189	0	1	0	0	0	0	0	0	"{s1:2→1, 11→2, s1:2→1, 11→3, s1:2→1, 11→4}"	""
11	6	17	189	0	1	0	0	0	0	0	0	"s1:2→1"	""
11	6	18	189	0	1	0	0	0	0	0	0	"s1:11→2"	""
11	6	19	169	0	0	1	0	0	0	0	0	"s1:11→2"	""
11	6	19	189	0	1	0	0	0	0	0	0	"s1:11→3"	""
11	6	20	189	0	1	0	0	0	0	0	0	"{s1:11→4, s1:11→5}"	""
11	7	11	138	0	1	0	0	0	0	0	0	"s1:1→1"	""
11	7	16	145	1	0	0	0	0	0	0	0	"{s1:10→1, s1:10→2, s1:10→3, s1:1→1, s1:1→1, 10→1, s1:1→1, 10→2, s1:1→1, 10→3, s1:1→2, s1:1→2, 10→1, s1:1→2, 10→2, s1:1→2, 10→3, s1:1→3, 10→1, s1:1→3, 10→2, s1:1→4, 10→1}"	"{s1:4→1, s1:4→1, s1:4→1, s1:4→1, s1:4→1, s1:4→1, s1:4→1, s1:4→1, s1:4→1, s1:4→1, s1:4→1, s1:4→1, s1:4→1, s1:4→1, s1:4→1}"
11	7	17	145	1	0	0	0	0	0	0	0	"{s1:1→3, s1:1→4, s1:1→5}"	"{s1:4→1, s1:4→1, s1:4→1}"
11	9	11	138	1	0	0	0	0	0	0	0	""	"s1:1→1"
11	9	16	138	1	0	0	0	0	0	0	0	""	"{s1:5→1, s1:9→1}"
11	10	11	139	0	1	0	0	0	0	0	0	"s1:11→1"	""
11	10	15	139	0	1	0	0	0	0	0	0	"s1:1→1, 11→1"	""
11	10	16	146	1	0	0	0	0	0	0	0	"{s1:11→1, s1:11→2, s1:11→3, s1:1→1, s1:1→1, 11→1, s1:1→1, 11→2, s1:1→1, 11→3, s1:1→1, 11→4, s1:1→2, s1:1→2, 11→1, s1:1→2, 11→2, s1:1→2, 11→3, s1:1→3, 11→1, s1:1→3, 11→2, s1:1→4, 11→1}"	"{s1:4→1, s1:4→1, s1:4→1, s1:4→1, s1:4→1, s1:4→1, s1:4→1, s1:4→1, s1:4→1, s1:4→1, s1:4→1, s1:4→1, s1:4→1, s1:4→1, s1:4→1, s1:4→1}"
11	10	17	146	1	0	0	0	0	0	0	0	"{s1:11→4, s1:11→5, s1:1→3, s1:1→4, s1:1→5}"	"{s1:4→1, s1:4→1, s1:4→1, s1:4→1, s1:4→1}"
11	11	11	1	0	0	0	0	0	0	0	1	"s1:1→1"	""
11	11	11	116	0	0	0	0	0	0	1	0	"{s1:11→1, s1:1→1}"	""
11	11	11	144	0	0	0	0	0	1	0	0	"{s1:11→1, s1:1→1}"	""
11	11	11	171	0	0	0	0	1	0	0	0	"{s1:11→1, s1:1→1}"	""
11	11	11	197	0	0	0	1	0	0	0	0	"{s1:11→1, s1:1→1}"	""
11	11	11	221	0	0	1	0	0	0	0	0	"{s1:11→1, s1:1→1}"	""
11	11	11	241	0	1	0	0	0	0	0	0	"{s1:11→1, s1:1→1, s1:1→1, 11→1, s1:6→1}"	""
11	11	12	221	0	0	1	0	0	0	0	0	"s1:1→1, 11→1"	""
11	11	12	241	0	1	0	0	0	0	0	0	"{s1:1→1, 6→1, 11→1, s1:1→2, 6→1, 11→2}"	""
11	11	13	197	0	0	0	1	0	0	0	0	"s1:1→1, 11→1"	""
11	11	14	171	0	0	0	0	1	0	0	0	"s1:1→1, 11→1"	""
11	11	15	144	0	0	0	0	0	1	0	0	"s1:1→1, 11→1"	""
11	11	16	116	0	0	0	0	0	0	1	0	"s1:1→1, 11→1"	""
11	11	16	241	0	1	0	0	0	0	0	0	"{s1:1→3, 6→1, s1:6→1, 11→2}"	""
11	11	17	241	0	1	0	0	0	0	0	0	"{s1:1→4, 6→1, s1:6→1, 11→3, s1:6→1, 11→4}"	""
11	11	18	241	0	1	0	0	0	0	0	0	"{s1:11→2, s1:1→2}"	""
11	11	19	221	0	0	1	0	0	0	0	0	"{s1:11→2, s1:1→2}"	""
11	11	19	241	0	1	0	0	0	0	0	0	"{s1:11→3, s1:1→3}"	""
11	11	20	241	0	1	0	0	0	0	0	0	"{s1:11→4, s1:11→5, s1:1→4, s1:1→5}"	""
11	12	11	65	0	0	0	0	0	0	1	0	"s1:11→1"	""
11	12	11	93	0	0	0	0	0	1	0	0	"s1:11→1"	""
11	12	11	120	0	0	0	0	1	0	0	0	"s1:11→1"	""
11	12	11	146	0	0	0	1	0	0	0	0	"s1:11→1"	""
11	12	11	170	0	0	1	0	0	0	0	0	"s1:11→1"	""
11	12	11	190	0	1	0	0	0	0	0	0	"{s1:11→1, s1:2→1}"	""
11	12	13	190	0	1	0	0	0	0	0	0	"s1:2→1, 11→1"	""
11	12	14	190	0	1	0	0	0	0	0	0	"{s1:1→1, 2→1, 11→1, s1:1→1, 2→1, 11→2}"	""
11	12	16	190	0	1	0	0	0	0	0	0	"{s1:1→1, 2→1, s1:2→1, 11→3}"	""
11	12	16	197	1	0	0	0	0	0	0	0	"{s1:11→5, s1:1→1, 2→1, s1:1→1, 2→2, s1:1→2, 2→2, s1:2→1, s1:2→2, s1:2→4, 11→1}"	"{s1:5→1, s1:5→1, s1:5→1, s1:5→1, s1:5→1, s1:5→1, s1:5→1}"
11	12	17	190	0	1	0	0	0	0	0	0	"s1:2→1, 11→4"	""
11	12	17	197	1	0	0	0	0	0	0	0	"{s1:1→1, 2→3, s1:1→1, 2→4, s1:1→2, 2→3, s1:2→3, s1:2→4}"	"{s1:5→1, s1:5→1, s1:5→1, s1:5→1, s1:5→1}"
11	12	18	190	0	1	0	0	0	0	0	0	"s1:11→2"	""
11	12	18	197	1	0	0	0	0	0	0	0	"s1:2→5"	"s1:5→1"
11	12	19	170	0	0	1	0	0	0	0	0	"s1:11→2"	""
11	12	19	190	0	1	0	0	0	0	0	0	"s1:11→3"	""
11	12	20	190	0	1	0	0	0	0	0	0	"{s1:11→4, s1:11→5}"	""
11	13	11	241	0	0	0	0	1	0	0	0	"s1:11→1"	""
11	13	12	214	0	0	0	0	0	1	0	0	"s1:11→1"	""
11	13	13	186	0	0	0	0	0	0	1	0	"s1:11→1"	""
11	13	17	71	0	0	0	0	0	0	0	1	"s1:11→1"	""
11	14	11	95	0	0	0	0	1	0	0	0	"s1:1→1"	""
11	14	11	121	0	0	0	1	0	0	0	0	"s1:1→1"	""
11	14	11	145	0	0	1	0	0	0	0	0	"s1:1→1"	""
11	14	11	165	0	1	0	0	0	0	0	0	"{s1:11→1, s1:1→1, s1:4→1}"	""
11	14	14	165	0	1	0	0	0	0	0	0	"s1:1→1, 11→1"	""
11	14	15	165	0	1	0	0	0	0	0	0	"{s1:1→1, 4→1, s1:1→1, 4→1, 11→1, s1:1→1, 4→1, 9→1, 11→1, s1:1→1, 9→1, 11→1, s1:1→2, 4→1, 11→1, s1:1→2, 4→1, 9→1, 11→1, s1:1→2, 9→1, 11→1, s1:4→1, 11→1}"	""
11	14	16	165	0	1	0	0	0	0	0	0	"{s1:1→2, 11→1, s1:1→3, 4→1, 11→1, s1:1→3, 9→1, 11→1, s1:4→1, 9→1, 11→1, s1:9→1, 11→1}"	""
11	14	17	165	0	1	0	0	0	0	0	0	"{s1:1→2, 4→1, s1:1→3, 11→1, s1:1→3, 4→1, s1:1→4, 11→1}"	""
11	14	18	165	0	1	0	0	0	0	0	0	"{s1:1→2, s1:1→4, 4→1}"	""
11	14	19	165	0	1	0	0	0	0	0	0	"s1:1→3"	""
11	14	20	165	0	1	0	0	0	0	0	0	"{s1:1→4, s1:1→5}"	""
11	15	11	95	0	0	0	0	1	0	0	0	"s1:1→1"	""
11	15	11	121	0	0	0	1	0	0	0	0	"s1:1→1"	""
11	15	11	145	0	0	1	0	0	0	0	0	"s1:1→1"	""
11	15	11	164	0	1	0	0	0	0	0	0	""	"s1:11→1"
11	15	11	165	0	1	0	0	0	0	0	0	"{s1:1→1, s1:4→1}"	""
11	15	14	164	0	1	0	0	0	0	0	0	"s1:1→1"	"s1:11→1"
11	15	15	165	0	1	0	0	0	0	0	0	"{s1:1→1, 10→1, s1:1→1, 4→1, s1:1→1, 4→1, 10→1, s1:1→2, 10→1, s1:1→2, 4→1, 10→1, s1:1→3, 4→1, 10→1}"	""
11	15	16	164	0	1	0	0	0	0	0	0	"s1:1→2"	"s1:11→1"
11	15	16	165	0	1	0	0	0	0	0	0	"{s1:10→1, s1:1→3, 10→1, s1:1→4, 10→1, s1:4→1, 10→1}"	""
11	15	17	164	0	1	0	0	0	0	0	0	"s1:1→3"	"s1:11→1"
11	15	17	165	0	1	0	0	0	0	0	0	"{s1:1→2, 4→1, s1:1→3, 4→1}"	""
11	15	18	165	0	1	0	0	0	0	0	0	"{s1:1→2, s1:1→4, 4→1}"	""
11	15	19	165	0	1	0	0	0	0	0	0	"s1:1→3"	""
11	15	20	165	0	1	0	0	0	0	0	0	"{s1:1→4, s1:1→5}"	""
11	16	11	136	0	1	0	0	0	0	0	0	"s1:11→1"	""
11	16	11	142	1	0	0	0	0	0	0	0	""	"s1:1→1"
11	16	15	142	1	0	0	0	0	0	0	0	"s1:11→1"	"s1:1→1"
11	16	16	142	1	0	0	0	0	0	0	0	"{s1:4→1, s1:4→1, 11→1, s1:4→1, 11→2, s1:4→1, 11→3}"	"{s1:1→1, s1:1→1, s1:1→1, s1:1→1}"
11	16	17	142	1	0	0	0	0	0	0	0	"{s1:11→2, s1:11→3, s1:4→1, 11→4}"	"{s1:1→1, s1:1→1, s1:1→1}"
11	16	18	142	1	0	0	0	0	0	0	0	"{s1:11→4, s1:11→5}"	"{s1:1→1, s1:1→1}"
11	17	11	140	1	0	0	0	0	0	0	0	""	"s1:1→1"
11	17	16	140	1	0	0	0	0	0	0	0	"{s1:10→1, s1:10→2, s1:10→3, s1:4→1, s1:4→1, 10→1, s1:4→1, 10→2, s1:4→1, 10→3}"	"{s1:1→1, s1:1→1, s1:1→1, s1:1→1, s1:1→1, s1:1→1, s1:1→1}"
11	18	11	116	0	0	0	1	0	0	0	0	"s1:1→1"	""
11	18	11	140	0	0	1	0	0	0	0	0	"s1:11→1"	""
11	18	11	160	0	1	0	0	0	0	0	0	"s1:11→1"	""
11	18	11	166	1	0	0	0	0	0	0	0	""	"s1:10→1"
11	18	14	160	0	1	0	0	0	0	0	0	"s1:1→1, 11→1"	""
11	18	14	166	1	0	0	0	0	0	0	0	"s1:1→1"	"s1:10→1"
11	18	15	140	0	0	1	0	0	0	0	0	"s1:1→1, 11→1"	""
11	18	15	166	1	0	0	0	0	0	0	0	"{s1:1→1, 11→1, s1:1→1, 5→1, 6→1, s1:1→1, 5→1, 6→1, 11→1, s1:1→1, 5→1, 6→1, 11→2, s1:1→1, 6→1, s1:1→1, 6→1, 11→1, s1:1→1, 6→1, 11→2, s1:1→2, 11→1, s1:1→2, 11→2, s1:1→2, 5→1, 6→1, s1:1→2, 5→1, 6→1, 11→1, s1:1→2, 6→1, s1:1→2, 6→1, 11→1, s1:1→2, 6→1, 11→2, s1:1→3, 11→2, s1:1→3, 6→1, 11→1, s1:6→1}"	"{s1:10→1, s1:10→1, s1:10→1, s1:10→1, s1:10→1, s1:10→1, s1:10→1, s1:10→1, s1:10→1, s1:10→1, s1:10→1, s1:10→1, s1:10→1, s1:10→1, s1:10→1, s1:10→1, s1:10→1}"
11	18	16	116	0	0	0	1	0	0	0	0	"s1:1→1, 11→1"	""
11	18	16	160	0	1	0	0	0	0	0	0	"{s1:1→1, 11→2, s1:1→2, 11→2, s1:1→2, 11→3}"	""
11	18	16	166	1	0	0	0	0	0	0	0	"{s1:11→1, s1:1→1, 11→2, s1:1→1, 11→3, s1:1→1, 6→1, 11→3, s1:1→2, s1:1→2, 11→3, s1:1→3, 11→1, s1:1→3, 5→1, 6→1, s1:1→3, 6→1, s1:1→4, 11→1, s1:1→4, 6→1, s1:5→1, 6→1, s1:5→1, 6→1, 11→1, s1:5→1, 6→1, 11→2, s1:5→1, 6→1, 11→3, s1:6→1, 11→1, s1:6→1, 11→2}"	"{s1:10→1, s1:10→1, s1:10→1, s1:10→1, s1:10→1, s1:10→1, s1:10→1, s1:10→1, s1:10→1, s1:10→1, s1:10→1, s1:10→1, s1:10→1, s1:10→1, s1:10→1, s1:10→1, s1:10→1}"
11	18	17	160	0	1	0	0	0	0	0	0	"{s1:1→1, 11→3, s1:1→1, 11→4}"	""
11	18	17	166	1	0	0	0	0	0	0	0	"{s1:1→1, 11→4, s1:1→3, s1:1→4, s1:6→1, 11→3, s1:6→1, 11→4}"	"{s1:10→1, s1:10→1, s1:10→1, s1:10→1, s1:10→1}"
11	18	18	160	0	1	0	0	0	0	0	0	"s1:11→2"	""
11	18	18	166	1	0	0	0	0	0	0	0	"{s1:11→2, s1:11→3, s1:1→5}"	"{s1:10→1, s1:10→1, s1:10→1}"
11	18	19	160	0	1	0	0	0	0	0	0	"s1:11→3"	""
11	18	19	166	1	0	0	0	0	0	0	0	"{s1:11→4, s1:11→5}"	"{s1:10→1, s1:10→1}"
11	18	20	160	0	1	0	0	0	0	0	0	"{s1:11→4, s1:11→5}"	""
11	19	11	114	0	0	0	1	0	0	0	0	"s1:1→1"	""
11	19	11	138	0	0	1	0	0	0	0	0	"s1:1→1"	""
11	19	11	158	0	1	0	0	0	0	0	0	"s1:1→1"	""
11	19	11	164	1	0	0	0	0	0	0	0	""	"s1:2→1"
11	19	15	158	0	1	0	0	0	0	0	0	"{s1:1→1, 9→1, s1:1→2, 9→1, s1:1→2, 9→2, s1:1→2, 9→3, s1:1→3, 9→2, s1:9→1}"	""
11	19	15	164	1	0	0	0	0	0	0	0	"{s1:1→1, 5→1, 9→1, s1:1→1, 5→1, 9→2, s1:1→1, 5→1, 9→3, s1:1→1, 9→1, s1:1→1, 9→2, s1:1→1, 9→3, s1:1→2, 5→1, 9→1, s1:1→2, 5→1, 9→2, s1:1→2, 9→1, s1:1→2, 9→2, s1:1→2, 9→3, s1:1→3, 5→1, 9→1, s1:1→3, 9→2, s1:5→1, s1:5→1, 9→1, s1:5→1, 9→2, s1:9→1}"	"{s1:2→1, s1:2→1, s1:2→1, s1:2→1, s1:2→1, s1:2→1, s1:2→1, s1:2→1, s1:2→1, s1:2→1, s1:2→1, s1:2→1, s1:2→1, s1:2→1, s1:2→1, s1:2→1, s1:2→1}"
11	19	16	138	0	0	1	0	0	0	0	0	"{s1:1→1, 9→1, s1:9→1}"	""
11	19	16	158	0	1	0	0	0	0	0	0	"{s1:1→1, 9→2, s1:1→1, 9→3, s1:1→3, 9→1, s1:1→4, 9→1}"	""
11	19	16	164	1	0	0	0	0	0	0	0	"{s1:1→1, s1:1→1, 5→1, s1:1→1, 9→4, s1:1→2, 5→1, s1:1→3, 9→1, s1:1→4, 9→1, s1:5→1, 9→3, s1:5→1, 9→4, s1:9→2, s1:9→3, s1:9→4, s1:9→5}"	"{s1:2→1, s1:2→1, s1:2→1, s1:2→1, s1:2→1, s1:2→1, s1:2→1, s1:2→1, s1:2→1, s1:2→1, s1:2→1, s1:2→1}"
11	19	17	158	0	1	0	0	0	0	0	0	"{s1:9→2, s1:9→3}"	""
11	19	17	164	1	0	0	0	0	0	0	0	"{s1:1→3, 5→1, s1:1→4, 5→1}"	"{s1:2→1, s1:2→1}"
11	19	18	158	0	1	0	0	0	0	0	0	"s1:1→2"	""
11	19	18	164	1	0	0	0	0	0	0	0	"{s1:1→2, s1:1→3}"	"{s1:2→1, s1:2→1}"
11	19	19	158	0	1	0	0	0	0	0	0	"s1:1→3"	""
11	19	19	164	1	0	0	0	0	0	0	0	"{s1:1→4, s1:1→5}"	"{s1:2→1, s1:2→1}"
11	19	20	158	0	1	0	0	0	0	0	0	"{s1:1→4, s1:1→5}"	""
11	20	11	61	0	0	0	0	0	0	1	0	"s1:11→1"	""
11	20	11	89	0	0	0	0	0	1	0	0	"s1:11→1"	""
11	20	11	116	0	0	0	0	1	0	0	0	"s1:11→1"	""
11	20	11	142	0	0	0	1	0	0	0	0	"{s1:11→1, s1:1→1}"	""
11	20	11	166	0	0	1	0	0	0	0	0	"{s1:11→1, s1:1→1}"	""
11	20	11	186	0	1	0	0	0	0	0	0	"{s1:11→1, s1:1→1}"	""
11	20	11	192	1	0	0	0	0	0	0	0	""	"s1:2→1"
11	20	13	186	0	1	0	0	0	0	0	0	"s1:1→1, 11→1"	""
11	20	13	192	1	0	0	0	0	0	0	0	"s1:11→1"	"s1:2→1"
11	20	14	166	0	0	1	0	0	0	0	0	"s1:1→1, 11→1"	""
11	20	14	192	1	0	0	0	0	0	0	0	"{s1:1→1, 11→1, s1:1→1, 11→2, s1:1→1, 5→1, 11→1, s1:1→1, 5→1, 11→2, s1:1→1, 5→1, 11→3, s1:1→2, 11→2, s1:1→2, 11→3, s1:1→2, 5→1, 11→2, s1:5→1, 11→1, s1:5→1, 11→2}"	"{s1:2→1, s1:2→1, s1:2→1, s1:2→1, s1:2→1, s1:2→1, s1:2→1, s1:2→1, s1:2→1, s1:2→1}"
11	20	15	142	0	0	0	1	0	0	0	0	"s1:1→1, 11→1"	""
11	20	16	166	0	0	1	0	0	0	0	0	"s1:1→1, 11→2"	""
11	20	16	186	0	1	0	0	0	0	0	0	"{s1:1→1, 11→3, s1:1→3, 11→1}"	""
11	20	16	192	1	0	0	0	0	0	0	0	"{s1:11→3, s1:1→1, s1:1→1, 5→1, s1:1→2, 5→1, s1:1→3, 11→1, s1:1→4, 11→1}"	"{s1:2→1, s1:2→1, s1:2→1, s1:2→1, s1:2→1, s1:2→1}"
11	20	17	186	0	1	0	0	0	0	0	0	"{s1:1→1, 11→4, s1:1→4, 11→1}"	""
11	20	17	192	1	0	0	0	0	0	0	0	"{s1:11→4, s1:11→5, s1:1→3, 5→1, s1:1→4, 5→1}"	"{s1:2→1, s1:2→1, s1:2→1, s1:2→1}"
11	20	18	186	0	1	0	0	0	0	0	0	"{s1:11→2, s1:1→2}"	""
11	20	18	192	1	0	0	0	0	0	0	0	"{s1:1→2, s1:1→3}"	"{s1:2→1, s1:2→1}"
11	20	19	166	0	0	1	0	0	0	0	0	"s1:11→2"	""
11	20	19	186	0	1	0	0	0	0	0	0	"{s1:11→3, s1:1→3}"	""
11	20	19	192	1	0	0	0	0	0	0	0	"{s1:1→4, s1:1→5}"	"{s1:2→1, s1:2→1}"
11	20	20	186	0	1	0	0	0	0	0	0	"{s1:11→4, s1:11→5, s1:1→4, s1:1→5}"	""
11	21	11	116	0	0	0	1	0	0	0	0	"{s1:11→1, s1:1→1}"	""
11	21	11	140	0	0	1	0	0	0	0	0	"{s1:11→1, s1:1→1}"	""
11	21	11	160	0	1	0	0	0	0	0	0	"{s1:11→1, s1:1→1}"	""
11	21	11	166	1	0	0	0	0	0	0	0	""	"s1:2→1"
11	21	14	160	0	1	0	0	0	0	0	0	"s1:1→1, 11→1"	""
11	21	14	166	1	0	0	0	0	0	0	0	"s1:11→1"	"s1:2→1"
11	21	15	140	0	0	1	0	0	0	0	0	"s1:1→1, 11→1"	""
11	21	15	166	1	0	0	0	0	0	0	0	"{s1:1→1, 11→1, s1:1→1, 11→2, s1:1→1, 5→1, 11→1, s1:1→1, 5→1, 11→2, s1:1→1, 5→1, 11→3, s1:1→1, 5→1, 7→1, 11→1, s1:1→1, 5→1, 7→1, 11→2, s1:1→1, 7→1, 11→1, s1:1→1, 7→1, 11→2, s1:1→1, 7→1, 11→3, s1:1→2, 11→2, s1:1→2, 11→3, s1:1→2, 5→1, 11→1, s1:1→2, 5→1, 11→2, s1:1→2, 5→1, 7→1, s1:1→2, 5→1, 7→1, 11→1, s1:1→2, 7→1, 11→1, s1:1→2, 7→1, 11→2, s1:1→3, 7→1, 11→1, s1:5→1, s1:5→1, 11→1, s1:5→1, 11→2, s1:5→1, 7→1, 11→2}"	"{s1:2→1, s1:2→1, s1:2→1, s1:2→1, s1:2→1, s1:2→1, s1:2→1, s1:2→1, s1:2→1, s1:2→1, s1:2→1, s1:2→1, s1:2→1, s1:2→1, s1:2→1, s1:2→1, s1:2→1, s1:2→1, s1:2→1, s1:2→1, s1:2→1, s1:2→1, s1:2→1}"
11	21	16	116	0	0	0	1	0	0	0	0	"s1:1→1, 11→1"	""
11	21	16	160	0	1	0	0	0	0	0	0	"{s1:1→1, 11→2, s1:1→2, 11→1, s1:1→2, 11→2, s1:1→2, 11→3, s1:1→3, 11→2}"	""
11	21	16	166	1	0	0	0	0	0	0	0	"{s1:11→2, s1:1→1, s1:1→1, 11→3, s1:1→1, 11→4, s1:1→1, 5→1, s1:1→1, 5→1, 7→1, s1:1→1, 7→1, s1:1→2, 11→1, s1:1→2, 5→1, s1:1→2, 7→1, s1:1→3, 11→1, s1:1→3, 11→2, s1:1→3, 5→1, 11→1, s1:1→3, 5→1, 7→1, s1:1→3, 7→1, s1:1→4, 7→1, s1:5→1, 11→3, s1:5→1, 11→4, s1:5→1, 7→1, s1:5→1, 7→1, 11→1, s1:5→1, 7→1, 11→3, s1:7→1, s1:7→1, 11→1, s1:7→1, 11→2, s1:7→1, 11→3, s1:7→1, 11→4}"	"{s1:2→1, s1:2→1, s1:2→1, s1:2→1, s1:2→1, s1:2→1, s1:2→1, s1:2→1, s1:2→1, s1:2→1, s1:2→1, s1:2→1, s1:2→1, s1:2→1, s1:2→1, s1:2→1, s1:2→1, s1:2→1, s1:2→1, s1:2→1, s1:2→1, s1:2→1, s1:2→1, s1:2→1, s1:2→1, s1:2→1}"
11	21	17	160	0	1	0	0	0	0	0	0	"{s1:1→1, 11→3, s1:1→1, 11→4, s1:1→3, 11→1, s1:1→4, 11→1}"	""
11	21	17	166	1	0	0	0	0	0	0	0	"{s1:11→3, s1:11→4, s1:1→3, 5→1, s1:1→4, 11→1, s1:1→4, 5→1}"	"{s1:2→1, s1:2→1, s1:2→1, s1:2→1, s1:2→1}"
11	21	18	160	0	1	0	0	0	0	0	0	"{s1:11→2, s1:1→2}"	""
11	21	18	166	1	0	0	0	0	0	0	0	"{s1:11→5, s1:1→2, s1:1→3}"	"{s1:2→1, s1:2→1, s1:2→1}"
11	21	19	160	0	1	0	0	0	0	0	0	"{s1:11→3, s1:1→3}"	""
11	21	19	166	1	0	0	0	0	0	0	0	"{s1:1→4, s1:1→5}"	"{s1:2→1, s1:2→1}"
11	21	20	160	0	1	0	0	0	0	0	0	"{s1:11→4, s1:11→5, s1:1→4, s1:1→5}"	""
11	22	11	108	0	0	0	1	0	0	0	0	"s1:1→1"	""
11	22	11	132	0	0	1	0	0	0	0	0	"s1:1→1"	""
11	22	11	152	0	1	0	0	0	0	0	0	"s1:1→1"	""
11	22	11	158	1	0	0	0	0	0	0	0	""	"s1:2→1"
11	22	11	159	1	0	0	0	0	0	0	0	""	"s1:11→1"
11	22	14	159	1	0	0	0	0	0	0	0	"s1:1→1"	"s1:11→1"
11	22	15	158	1	0	0	0	0	0	0	0	"{s1:1→1, s1:1→1, 10→1, s1:1→1, 5→1, s1:1→1, 5→1, 10→1, s1:1→2, s1:1→2, 10→1, s1:1→2, 10→1, s1:1→2, 10→2, s1:1→2, 5→1, s1:1→2, 5→1, 10→1, s1:1→2, 5→1, 10→1, s1:1→2, 5→1, 10→2, s1:1→3, 10→1, s1:1→3, 10→2, s1:1→3, 10→2, s1:1→3, 5→1, 10→1, s1:1→3, 5→1, 10→1, s1:1→4, 10→1, s1:5→1}"	"{s1:9→1, s1:9→1, s1:2→1, s1:9→1, s1:2→1, s1:9→1, s1:2→1, s1:9→1, s1:2→1, s1:9→1, s1:2→1, s1:9→1, s1:2→1, s1:9→1, s1:2→1, s1:9→1, s1:2→1, s1:9→1, s1:9→1, s1:2→1}"
11	22	15	159	1	0	0	0	0	0	0	0	"{s1:1→1, 5→1, s1:1→1, 5→1, 10→1, s1:1→2, 10→1, s1:1→2, 5→1, s1:1→2, 5→1, 10→1, s1:1→2, 5→1, 10→2, s1:1→3, 10→1, s1:1→3, 10→2, s1:1→3, 5→1, 10→1, s1:5→1}"	"{s1:11→1, s1:11→1, s1:11→1, s1:11→1, s1:11→1, s1:11→1, s1:11→1, s1:11→1, s1:11→1, s1:11→1}"
11	22	16	152	0	1	0	0	0	0	0	0	"{s1:1→1, 10→1, s1:1→1, 10→2, s1:1→2, 10→1, s1:1→2, 10→2, s1:1→3, 10→1, s1:1→3, 10→2, s1:1→4, 10→1}"	""
11	22	16	158	1	0	0	0	0	0	0	0	"{s1:10→1, s1:10→2, s1:10→3, s1:1→1, s1:1→1, 10→1, s1:1→1, 10→2, s1:1→1, 10→2, s1:1→1, 10→3, s1:1→1, 10→3, s1:1→1, 10→4, s1:1→1, 10→4, s1:1→1, 5→1, s1:1→1, 5→1, 10→1, s1:1→1, 5→1, 10→2, s1:1→1, 5→1, 10→2, s1:1→1, 5→1, 10→3, s1:1→1, 5→1, 10→3, s1:1→2, 10→2, s1:1→2, 10→3, s1:1→2, 10→3, s1:1→2, 5→1, s1:1→2, 5→1, 10→2, s1:1→3, s1:1→3, 10→1, s1:1→3, 5→1, s1:1→4, s1:1→4, 10→1, s1:1→4, 5→1, s1:5→1, s1:5→1, 10→1, s1:5→1, 10→1, s1:5→1, 10→2, s1:5→1, 10→2, s1:5→1, 10→3, s1:5→1, 10→4}"	"{s1:2→1, s1:2→1, s1:2→1, s1:2→1, s1:9→1, s1:2→1, s1:9→1, s1:2→1, s1:9→1, s1:2→1, s1:9→1, s1:2→1, s1:9→1, s1:2→1, s1:9→1, s1:2→1, s1:9→1, s1:9→1, s1:2→1, s1:9→1, s1:2→1, s1:9→1, s1:9→1, s1:2→1, s1:9→1, s1:9→1, s1:2→1, s1:9→1, s1:9→1, s1:2→1, s1:9→1, s1:2→1, s1:9→1, s1:2→1, s1:2→1}"
11	22	16	159	1	0	0	0	0	0	0	0	"{s1:1→1, 10→1, s1:1→1, 10→2, s1:1→1, 10→3, s1:1→1, 10→4, s1:1→1, 5→1, 10→2, s1:1→1, 5→1, 10→3, s1:1→2, s1:1→2, 10→2, s1:1→2, 10→3, s1:1→3, 5→1, s1:1→4, 10→1, s1:1→4, 5→1, s1:5→1, 10→1, s1:5→1, 10→2}"	"{s1:11→1, s1:11→1, s1:11→1, s1:11→1, s1:11→1, s1:11→1, s1:11→1, s1:11→1, s1:11→1, s1:11→1, s1:11→1, s1:11→1, s1:11→1, s1:11→1}"
11	22	17	152	0	1	0	0	0	0	0	0	"{s1:10→1, s1:10→2}"	""
11	22	17	158	1	0	0	0	0	0	0	0	"{s1:10→1, s1:10→2, s1:10→3, s1:10→4, s1:10→4, s1:10→5, s1:10→5, s1:1→3, 5→1, s1:1→4, 5→1, s1:1→5, s1:5→1, 10→3, s1:5→1, 10→4}"	"{s1:9→1, s1:9→1, s1:9→1, s1:2→1, s1:9→1, s1:2→1, s1:9→1, s1:2→1, s1:2→1, s1:9→1, s1:9→1, s1:9→1}"
11	22	17	159	1	0	0	0	0	0	0	0	"{s1:10→1, s1:10→2, s1:10→3, s1:10→4, s1:10→5, s1:1→3, s1:1→4, s1:5→1, 10→3, s1:5→1, 10→4}"	"{s1:11→1, s1:11→1, s1:11→1, s1:11→1, s1:11→1, s1:11→1, s1:11→1, s1:11→1, s1:11→1}"
11	22	18	152	0	1	0	0	0	0	0	0	"s1:1→2"	""
11	22	18	158	1	0	0	0	0	0	0	0	"{s1:1→2, s1:1→3}"	"{s1:2→1, s1:2→1}"
11	22	18	159	1	0	0	0	0	0	0	0	"s1:1→5"	"s1:11→1"
11	22	19	152	0	1	0	0	0	0	0	0	"s1:1→3"	""
11	22	19	158	1	0	0	0	0	0	0	0	"{s1:1→4, s1:1→5}"	"{s1:2→1, s1:2→1}"
11	22	20	152	0	1	0	0	0	0	0	0	"{s1:1→4, s1:1→5}"	""
11	24	11	42	0	0	0	0	0	0	1	0	"s1:1→1"	""
11	24	11	70	0	0	0	0	0	1	0	0	"s1:1→1"	""
11	24	11	97	0	0	0	0	1	0	0	0	"s1:1→1"	""
11	24	11	123	0	0	0	1	0	0	0	0	"s1:1→1"	""
11	24	11	147	0	0	1	0	0	0	0	0	"s1:1→1"	""
11	24	11	166	0	1	0	0	0	0	0	0	""	"s1:11→1"
11	24	11	167	0	1	0	0	0	0	0	0	"s1:1→1"	""
11	24	14	166	0	1	0	0	0	0	0	0	"s1:1→1"	"s1:11→1"
11	24	15	166	0	1	0	0	0	0	0	0	"{s1:1→1, s1:1→2}"	"{s1:10→1, s1:10→1}"
11	24	16	166	0	1	0	0	0	0	0	0	"{s1:1→2, s1:1→3, s1:1→4}"	"{s1:10→1, s1:11→1, s1:10→1, s1:10→1}"
11	24	17	166	0	1	0	0	0	0	0	0	"{s1:1→3, s1:1→4}"	"{s1:11→1, s1:11→1}"
11	24	18	167	0	1	0	0	0	0	0	0	"s1:1→2"	""
11	24	19	147	0	0	1	0	0	0	0	0	"s1:1→2"	""
11	24	19	167	0	1	0	0	0	0	0	0	"s1:1→3"	""
11	24	20	167	0	1	0	0	0	0	0	0	"{s1:1→4, s1:1→5}"	""
11	25	11	42	0	0	0	0	0	0	1	0	"s1:1→1"	""
11	25	11	70	0	0	0	0	0	1	0	0	"s1:1→1"	""
11	25	11	97	0	0	0	0	1	0	0	0	"s1:1→1"	""
11	25	11	123	0	0	0	1	0	0	0	0	"s1:1→1"	""
11	25	11	147	0	0	1	0	0	0	0	0	"s1:1→1"	""
11	25	11	167	0	1	0	0	0	0	0	0	"s1:1→1"	""
11	25	18	167	0	1	0	0	0	0	0	0	"s1:1→2"	""
11	25	19	147	0	0	1	0	0	0	0	0	"s1:1→2"	""
11	25	19	167	0	1	0	0	0	0	0	0	"s1:1→3"	""
11	25	20	167	0	1	0	0	0	0	0	0	"{s1:1→4, s1:1→5}"	""
11	26	11	116	0	0	0	1	0	0	0	0	"s1:1→1"	""
11	26	11	140	0	0	1	0	0	0	0	0	"s1:11→1"	""
11	26	11	159	0	1	0	0	0	0	0	0	""	"s1:5→1"
11	26	11	160	0	1	0	0	0	0	0	0	"s1:11→1"	""
11	26	11	166	1	0	0	0	0	0	0	0	""	"s1:10→1"
11	26	14	160	0	1	0	0	0	0	0	0	"s1:1→1, 11→1"	""
11	26	14	166	1	0	0	0	0	0	0	0	"s1:1→1"	"s1:10→1"
11	26	15	140	0	0	1	0	0	0	0	0	"s1:1→1, 11→1"	""
11	26	15	159	0	1	0	0	0	0	0	0	"{s1:11→1, s1:1→1, 11→1, s1:1→1, 11→2, s1:1→2, 11→2}"	"{s1:5→1, s1:5→1, s1:5→1, s1:5→1}"
11	26	15	166	1	0	0	0	0	0	0	0	"{s1:1→1, 11→1, s1:1→1, 6→1, s1:1→1, 6→1, 11→1, s1:1→1, 6→1, 11→2, s1:1→1, 6→1, 11→3, s1:1→2, 11→1, s1:1→2, 11→2, s1:1→2, 6→1, s1:1→2, 6→1, 11→1, s1:1→2, 6→1, 11→2, s1:1→3, 11→2, s1:1→3, 6→1, 11→1}"	"{s1:10→1, s1:10→1, s1:10→1, s1:10→1, s1:10→1, s1:10→1, s1:10→1, s1:10→1, s1:10→1, s1:10→1, s1:10→1, s1:10→1}"
11	26	16	116	0	0	0	1	0	0	0	0	"s1:1→1, 11→1"	""
11	26	16	160	0	1	0	0	0	0	0	0	"{s1:1→1, 11→2, s1:1→2, 11→2, s1:1→2, 11→3}"	""
11	26	16	166	1	0	0	0	0	0	0	0	"{s1:11→1, s1:1→1, 11→2, s1:1→1, 11→3, s1:1→2, s1:1→2, 11→3, s1:1→3, 11→1, s1:1→3, 6→1, s1:1→4, 11→1, s1:1→4, 6→1, s1:6→1, s1:6→1, 11→1, s1:6→1, 11→2, s1:6→1, 11→3}"	"{s1:10→1, s1:10→1, s1:10→1, s1:10→1, s1:10→1, s1:10→1, s1:10→1, s1:10→1, s1:10→1, s1:10→1, s1:10→1, s1:10→1, s1:10→1}"
11	26	17	159	0	1	0	0	0	0	0	0	"s1:11→2"	"s1:5→1"
11	26	17	160	0	1	0	0	0	0	0	0	"{s1:1→1, 11→3, s1:1→1, 11→4}"	""
11	26	17	166	1	0	0	0	0	0	0	0	"{s1:1→1, 11→4, s1:1→3, s1:1→4, s1:6→1, 11→4}"	"{s1:10→1, s1:10→1, s1:10→1, s1:10→1}"
11	26	18	160	0	1	0	0	0	0	0	0	"s1:11→2"	""
11	26	18	166	1	0	0	0	0	0	0	0	"{s1:11→2, s1:11→3, s1:1→5}"	"{s1:10→1, s1:10→1, s1:10→1}"
11	26	19	160	0	1	0	0	0	0	0	0	"s1:11→3"	""
11	26	19	166	1	0	0	0	0	0	0	0	"{s1:11→4, s1:11→5}"	"{s1:10→1, s1:10→1}"
11	26	20	160	0	1	0	0	0	0	0	0	"{s1:11→4, s1:11→5}"	""
11	27	11	42	0	0	0	0	0	0	1	0	"s1:1→1"	""
11	27	11	70	0	0	0	0	0	1	0	0	"s1:1→1"	""
11	27	11	97	0	0	0	0	1	0	0	0	"s1:1→1"	""
11	27	11	123	0	0	0	1	0	0	0	0	"s1:1→1"	""
11	27	11	147	0	0	1	0	0	0	0	0	"s1:1→1"	""
11	27	11	166	0	1	0	0	0	0	0	0	""	"s1:11→1"
11	27	11	167	0	1	0	0	0	0	0	0	"s1:1→1"	""
11	27	14	166	0	1	0	0	0	0	0	0	"s1:1→1"	"s1:11→1"
11	27	15	164	0	1	0	0	0	0	0	0	"{s1:1→1, s1:1→2}"	"{s1:11→1, 6→1, s1:11→1, 6→1}"
11	27	16	164	0	1	0	0	0	0	0	0	""	"s1:11→1, 6→1"
11	27	16	166	0	1	0	0	0	0	0	0	"s1:1→2"	"s1:11→1"
11	27	17	166	0	1	0	0	0	0	0	0	"{s1:1→3, s1:1→4}"	"{s1:11→1, s1:11→1}"
11	27	18	167	0	1	0	0	0	0	0	0	"s1:1→2"	""
11	27	19	147	0	0	1	0	0	0	0	0	"s1:1→2"	""
11	27	19	167	0	1	0	0	0	0	0	0	"s1:1→3"	""
11	27	20	167	0	1	0	0	0	0	0	0	"{s1:1→4, s1:1→5}"	""
11	28	11	42	0	0	0	0	0	0	1	0	"s1:1→1"	""
11	28	11	70	0	0	0	0	0	1	0	0	"s1:1→1"	""
11	28	11	97	0	0	0	0	1	0	0	0	"s1:1→1"	""
11	28	11	123	0	0	0	1	0	0	0	0	"s1:1→1"	""
11	28	11	147	0	0	1	0	0	0	0	0	"s1:1→1"	""
11	28	11	166	0	1	0	0	0	0	0	0	""	"{s1:11→1, s1:6→1}"
11	28	11	167	0	1	0	0	0	0	0	0	"s1:1→1"	""
11	28	14	166	0	1	0	0	0	0	0	0	"{s1:1→1, s1:1→1}"	"{s1:11→1, s1:6→1}"
11	28	15	166	0	1	0	0	0	0	0	0	"{s1:1→1, s1:1→2}"	"{s1:10→1, s1:10→1}"
11	28	16	166	0	1	0	0	0	0	0	0	"{s1:1→2, s1:1→2, s1:1→3, s1:1→4}"	"{s1:10→1, s1:11→1, s1:6→1, s1:10→1, s1:10→1}"
11	28	17	166	0	1	0	0	0	0	0	0	"{s1:1→3, s1:1→3, s1:1→4, s1:1→4}"	"{s1:11→1, s1:6→1, s1:11→1, s1:6→1}"
11	28	18	167	0	1	0	0	0	0	0	0	"s1:1→2"	""
11	28	19	147	0	0	1	0	0	0	0	0	"s1:1→2"	""
11	28	19	167	0	1	0	0	0	0	0	0	"s1:1→3"	""
11	28	20	167	0	1	0	0	0	0	0	0	"{s1:1→4, s1:1→5}"	""
11	29	11	157	1	0	0	0	0	0	0	0	""	"s1:11→1"
11	29	14	151	0	1	0	0	0	0	0	0	"s1:1→1"	""
11	29	14	157	1	0	0	0	0	0	0	0	""	"s1:2→1"
11	29	15	131	0	0	1	0	0	0	0	0	"s1:1→1"	""
11	29	15	157	1	0	0	0	0	0	0	0	"{s1:1→1, s1:1→1, s1:1→2, s1:1→2, s1:1→3, s1:1→3, s1:1→4, s1:1→4, s1:1→5, s1:1→5}"	"{s1:11→1, s1:2→1, s1:11→1, s1:2→1, s1:11→1, s1:2→1, s1:11→1, s1:2→1, s1:11→1, s1:2→1}"
11	29	16	107	0	0	0	1	0	0	0	0	"s1:1→1"	""
11	29	16	151	0	1	0	0	0	0	0	0	"{s1:1→2, s1:1→3, s1:1→4, s1:1→5}"	""
11	30	11	145	0	1	0	0	0	0	0	0	"s1:2→1"	""
11	30	16	145	0	1	0	0	0	0	0	0	"s1:1→1, 2→1"	""
11	31	11	144	0	1	0	0	0	0	0	0	""	"s1:11→1"
11	31	11	145	0	1	0	0	0	0	0	0	"s1:2→1"	""
11	31	15	144	0	1	0	0	0	0	0	0	"s1:2→1"	"s1:11→1"
11	31	16	144	0	1	0	0	0	0	0	0	"s1:1→1, 2→1"	"s1:11→1"
11	31	16	145	0	1	0	0	0	0	0	0	"s1:1→1, 2→1"	""
11	32	14	157	0	1	0	0	0	0	0	0	"s1:11→1"	""
11	32	15	157	0	1	0	0	0	0	0	0	"s1:9→1, 11→1"	""
11	33	11	95	0	0	0	0	1	0	0	0	"s1:1→1"	""
11	33	11	121	0	0	0	1	0	0	0	0	"s1:1→1"	""
11	33	11	145	0	0	1	0	0	0	0	0	"s1:1→1"	""
11	33	11	165	0	1	0	0	0	0	0	0	"{s1:11→1, s1:1→1}"	""
11	33	11	172	1	0	0	0	0	0	0	0	""	"s1:2→1"
11	33	14	165	0	1	0	0	0	0	0	0	"s1:1→1, 11→1"	""
11	33	14	172	1	0	0	0	0	0	0	0	"s1:11→1"	"s1:2→1"
11	33	15	165	0	1	0	0	0	0	0	0	"{s1:1→1, 8→1, 9→1, 11→1, s1:1→1, 9→1, 11→1, s1:1→2, 8→1, 9→1, 11→1, s1:1→2, 9→1, 11→1}"	""
11	33	15	172	1	0	0	0	0	0	0	0	"{s1:1→1, 11→1, s1:1→1, 11→2, s1:1→1, 8→1, 9→1, 11→1, s1:1→1, 8→1, 9→1, 11→2, s1:1→1, 9→1, 11→1, s1:1→1, 9→1, 11→2, s1:1→1, 9→1, 11→3, s1:1→1, 9→2, 11→2, s1:1→2, 11→2, s1:1→2, 11→3, s1:1→2, 8→1, 9→1, 11→1, s1:1→2, 9→1, 11→1, s1:1→2, 9→1, 11→2, s1:1→3, 9→1, 11→1, s1:8→1, 9→1, 11→1, s1:9→1, 11→1}"	"{s1:2→1, s1:2→1, s1:2→1, s1:2→1, s1:2→1, s1:2→1, s1:2→1, s1:2→1, s1:2→1, s1:2→1, s1:2→1, s1:2→1, s1:2→1, s1:2→1, s1:2→1, s1:2→1}"
11	33	16	165	0	1	0	0	0	0	0	0	"{s1:1→2, 11→1, s1:1→3, 9→1, 11→1, s1:9→1, 11→1}"	""
11	33	16	172	1	0	0	0	0	0	0	0	"{s1:11→2, s1:1→1, s1:1→1, 11→3, s1:1→1, 11→4, s1:1→2, 11→1, s1:1→3, 11→1, s1:1→3, 11→2, s1:8→1, 9→1, 11→2, s1:8→1, 9→1, 11→3, s1:8→1, 9→2, 11→2, s1:9→1, 11→2, s1:9→1, 11→3, s1:9→2, 11→2, s1:9→2, 11→3}"	"{s1:2→1, s1:2→1, s1:2→1, s1:2→1, s1:2→1, s1:2→1, s1:2→1, s1:2→1, s1:2→1, s1:2→1, s1:2→1, s1:2→1, s1:2→1, s1:2→1}"
11	33	17	165	0	1	0	0	0	0	0	0	"{s1:1→3, 11→1, s1:1→4, 11→1, s1:8→1, 9→1, 11→1}"	""
11	33	17	172	1	0	0	0	0	0	0	0	"{s1:11→3, s1:11→4, s1:1→4, 11→1, s1:9→1, 11→4}"	"{s1:2→1, s1:2→1, s1:2→1, s1:2→1}"
11	33	18	165	0	1	0	0	0	0	0	0	"s1:1→2"	""
11	33	18	172	1	0	0	0	0	0	0	0	"{s1:1→2, s1:1→3}"	"{s1:2→1, s1:2→1}"
11	33	19	165	0	1	0	0	0	0	0	0	"s1:1→3"	""
11	33	19	172	1	0	0	0	0	0	0	0	"{s1:1→4, s1:1→5}"	"{s1:2→1, s1:2→1}"
11	33	20	165	0	1	0	0	0	0	0	0	"{s1:1→4, s1:1→5}"	""
11	34	11	95	0	0	0	0	1	0	0	0	"s1:1→1"	""
11	34	11	121	0	0	0	1	0	0	0	0	"s1:1→1"	""
11	34	11	145	0	0	1	0	0	0	0	0	"s1:1→1"	""
11	34	11	164	0	1	0	0	0	0	0	0	""	"s1:11→1"
11	34	11	165	0	1	0	0	0	0	0	0	"{s1:1→1, s1:8→1}"	""
11	34	11	172	1	0	0	0	0	0	0	0	""	"s1:2→1"
11	34	14	164	0	1	0	0	0	0	0	0	"s1:1→1"	"s1:11→1"
11	34	14	165	0	1	0	0	0	0	0	0	"s1:1→1, 8→1"	""
11	34	14	172	1	0	0	0	0	0	0	0	"s1:8→1"	"s1:2→1"
11	34	15	165	0	1	0	0	0	0	0	0	"{s1:1→1, 10→1, s1:1→1, 8→1, 10→1, s1:1→2, 10→1, s1:1→2, 8→1, 10→1, s1:1→3, 8→1, 10→1}"	""
11	34	15	172	1	0	0	0	0	0	0	0	"{s1:10→1, s1:1→1, 10→1, s1:1→1, 10→2, s1:1→1, 8→1, s1:1→1, 8→1, 10→1, s1:1→1, 8→1, 10→2, s1:1→1, 8→1, 10→3, s1:1→1, 8→2, s1:1→1, 8→2, 10→1, s1:1→1, 8→2, 10→2, s1:1→1, 8→3, 10→1, s1:1→2, 10→1, s1:1→2, 10→2, s1:1→2, 10→3, s1:1→2, 8→1, 10→1, s1:1→2, 8→1, 10→2, s1:1→2, 8→2, s1:1→2, 8→2, 10→1, s1:1→2, 8→3, s1:1→3, 10→1, s1:1→3, 10→2, s1:1→3, 8→1, 10→1, s1:8→1, 10→1}"	"{s1:2→1, s1:2→1, s1:2→1, s1:2→1, s1:2→1, s1:2→1, s1:2→1, s1:2→1, s1:2→1, s1:2→1, s1:2→1, s1:2→1, s1:2→1, s1:2→1, s1:2→1, s1:2→1, s1:2→1, s1:2→1, s1:2→1, s1:2→1, s1:2→1, s1:2→1, s1:2→1}"
11	34	16	164	0	1	0	0	0	0	0	0	"s1:1→2"	"s1:11→1"
11	34	16	165	0	1	0	0	0	0	0	0	"{s1:10→1, s1:1→2, 8→1, s1:1→3, 10→1, s1:1→4, 10→1}"	""
11	34	16	172	1	0	0	0	0	0	0	0	"{s1:10→2, s1:10→3, s1:1→1, s1:1→1, 10→3, s1:1→1, 10→4, s1:1→1, 8→3, s1:1→1, 8→4, s1:1→2, 8→1, s1:1→3, 8→1, s1:1→3, 8→2, s1:1→4, 10→1, s1:8→1, 10→2, s1:8→1, 10→3, s1:8→1, 10→4, s1:8→2, s1:8→2, 10→1, s1:8→2, 10→2, s1:8→2, 10→3, s1:8→3, 10→1, s1:8→3, 10→2, s1:8→4, 10→1}"	"{s1:2→1, s1:2→1, s1:2→1, s1:2→1, s1:2→1, s1:2→1, s1:2→1, s1:2→1, s1:2→1, s1:2→1, s1:2→1, s1:2→1, s1:2→1, s1:2→1, s1:2→1, s1:2→1, s1:2→1, s1:2→1, s1:2→1, s1:2→1, s1:2→1}"
11	34	17	164	0	1	0	0	0	0	0	0	"s1:1→3"	"s1:11→1"
11	34	17	165	0	1	0	0	0	0	0	0	"{s1:1→3, 8→1, s1:1→4, 8→1, s1:8→1, 10→1}"	""
11	34	17	172	1	0	0	0	0	0	0	0	"{s1:10→4, s1:1→4, 8→1, s1:8→3, s1:8→4}"	"{s1:2→1, s1:2→1, s1:2→1, s1:2→1}"
11	34	18	165	0	1	0	0	0	0	0	0	"s1:1→2"	""
11	34	18	172	1	0	0	0	0	0	0	0	"{s1:1→2, s1:1→3}"	"{s1:2→1, s1:2→1}"
11	34	19	165	0	1	0	0	0	0	0	0	"s1:1→3"	""
11	34	19	172	1	0	0	0	0	0	0	0	"{s1:1→4, s1:1→5}"	"{s1:2→1, s1:2→1}"
11	34	20	165	0	1	0	0	0	0	0	0	"{s1:1→4, s1:1→5}"	""
11	35	11	157	0	1	0	0	0	0	0	0	"s1:11→1"	""
11	35	14	157	0	1	0	0	0	0	0	0	"s1:1→1"	""
11	35	15	137	0	0	1	0	0	0	0	0	"s1:1→1"	""
11	35	15	157	0	1	0	0	0	0	0	0	"{s1:1→1, 11→1, s1:1→2, 11→1, s1:1→3, 11→1, s1:1→4, 11→1}"	""
11	35	16	113	0	0	0	1	0	0	0	0	"s1:1→1"	""
11	35	16	157	0	1	0	0	0	0	0	0	"{s1:1→2, s1:1→3, s1:1→4, s1:1→5}"	""
11	35	17	87	0	0	0	0	1	0	0	0	"s1:1→1"	""
11	36	11	143	0	1	0	0	0	0	0	0	"s1:1→1"	""
11	37	11	142	0	1	0	0	0	0	0	0	""	"s1:11→1"
11	37	11	143	0	1	0	0	0	0	0	0	"s1:1→1"	""
11	37	15	142	0	1	0	0	0	0	0	0	"s1:1→1"	"s1:11→1"
11	38	11	145	0	1	0	0	0	0	0	0	"s1:2→1"	""
11	38	16	145	0	1	0	0	0	0	0	0	"s1:1→1, 2→1"	""
11	39	11	144	0	1	0	0	0	0	0	0	""	"s1:1→1"
11	39	16	145	0	1	0	0	0	0	0	0	"s1:2→1"	""
11	40	11	144	0	1	0	0	0	0	0	0	""	"{s1:11→1, s1:1→1}"
11	40	15	142	0	1	0	0	0	0	0	0	""	"s1:11→1, 1→1"
11	40	16	144	0	1	0	0	0	0	0	0	"s1:2→1"	"s1:11→1"
11	40	16	145	0	1	0	0	0	0	0	0	"s1:2→1"	""
11	41	15	156	0	1	0	0	0	0	0	0	"{s1:2→1, 9→1, s1:2→1, 9→2, s1:2→2, 9→2, s1:2→2, 9→3, s1:9→1}"	""
11	41	16	136	0	0	1	0	0	0	0	0	"{s1:2→1, 9→1, s1:9→1}"	""
11	41	16	156	0	1	0	0	0	0	0	0	"s1:2→1, 9→3"	""
11	41	17	156	0	1	0	0	0	0	0	0	"{s1:9→2, s1:9→3}"	""
11	42	11	144	1	0	0	0	0	0	0	0	""	"s1:1→1"
11	42	15	137	0	1	0	0	0	0	0	0	"s1:3→1"	""
11	42	15	144	1	0	0	0	0	0	0	0	"s1:11→1"	"s1:1→1"
11	42	16	144	1	0	0	0	0	0	0	0	"{s1:3→1, s1:3→1, 11→1, s1:3→1, 9→1, 11→1, s1:3→2, s1:3→2, 11→1, s1:3→2, 9→1, 11→1, s1:3→3, s1:3→3, 11→1, s1:3→3, 9→1, 11→1, s1:3→4, s1:3→4, 11→1, s1:3→5, s1:9→1, 11→1}"	"{s1:1→1, s1:1→1, s1:1→1, s1:1→1, s1:1→1, s1:1→1, s1:1→1, s1:1→1, s1:1→1, s1:1→1, s1:1→1, s1:1→1, s1:1→1}"
11	43	14	156	0	1	0	0	0	0	0	0	""	"s1:11→1"
11	43	15	157	0	1	0	0	0	0	0	0	"s1:10→1"	""
11	44	11	59	0	0	0	0	0	0	1	0	"s1:1→1"	""
11	44	11	87	0	0	0	0	0	1	0	0	"s1:1→1"	""
11	44	11	114	0	0	0	0	1	0	0	0	"s1:1→1"	""
11	44	11	140	0	0	0	1	0	0	0	0	"s1:1→1"	""
11	44	11	164	0	0	1	0	0	0	0	0	"s1:1→1"	""
11	44	11	184	0	1	0	0	0	0	0	0	"s1:1→1"	""
11	44	14	184	0	1	0	0	0	0	0	0	"{s1:1→1, 9→1, s1:1→2, 9→1, s1:1→2, 9→2, s1:1→3, 9→2}"	""
11	44	15	164	0	0	1	0	0	0	0	0	"{s1:1→1, 9→1, s1:1→2, 9→1}"	""
11	44	15	184	0	1	0	0	0	0	0	0	"{s1:1→1, 9→2, s1:1→1, 9→3, s1:1→2, 9→3, s1:1→3, 9→1, s1:1→4, 9→1, s1:9→1}"	""
11	44	16	164	0	0	1	0	0	0	0	0	"s1:9→1"	""
11	44	17	184	0	1	0	0	0	0	0	0	"{s1:9→2, s1:9→3}"	""
11	44	18	184	0	1	0	0	0	0	0	0	"s1:1→2"	""
11	44	19	164	0	0	1	0	0	0	0	0	"s1:1→2"	""
11	44	19	184	0	1	0	0	0	0	0	0	"s1:1→3"	""
11	44	20	184	0	1	0	0	0	0	0	0	"{s1:1→4, s1:1→5}"	""
11	45	11	94	0	0	0	0	1	0	0	0	"s1:1→1"	""
11	45	11	120	0	0	0	1	0	0	0	0	"s1:1→1"	""
11	45	11	144	0	0	1	0	0	0	0	0	"s1:1→1"	""
11	45	11	164	0	1	0	0	0	0	0	0	"{s1:11→1, s1:1→1}"	""
11	45	11	171	1	0	0	0	0	0	0	0	""	"s1:2→1"
11	45	14	164	0	1	0	0	0	0	0	0	"s1:1→1, 11→1"	""
11	45	14	171	1	0	0	0	0	0	0	0	"s1:11→1"	"s1:2→1"
11	45	15	164	0	1	0	0	0	0	0	0	"{s1:1→1, 9→1, 11→1, s1:1→2, 9→1, 11→1}"	""
11	45	15	171	1	0	0	0	0	0	0	0	"{s1:1→1, 11→1, s1:1→1, 11→2, s1:1→1, 8→1, s1:1→1, 8→1, 11→1, s1:1→1, 8→1, 11→2, s1:1→1, 8→1, 11→3, s1:1→1, 8→1, 9→1, 11→1, s1:1→1, 8→1, 9→1, 11→2, s1:1→1, 9→1, 11→1, s1:1→1, 9→1, 11→2, s1:1→1, 9→1, 11→3, s1:1→1, 9→2, 11→2, s1:1→2, 11→2, s1:1→2, 11→3, s1:1→2, 8→1, s1:1→2, 8→1, 11→1, s1:1→2, 8→1, 11→2, s1:1→2, 8→1, 9→1, 11→1, s1:1→2, 9→1, 11→1, s1:1→2, 9→1, 11→2, s1:1→3, 8→1, s1:1→3, 8→1, 11→1, s1:1→3, 9→1, 11→1, s1:1→4, 8→1, s1:9→1, 11→1}"	"{s1:2→1, s1:2→1, s1:2→1, s1:2→1, s1:2→1, s1:2→1, s1:2→1, s1:2→1, s1:2→1, s1:2→1, s1:2→1, s1:2→1, s1:2→1, s1:2→1, s1:2→1, s1:2→1, s1:2→1, s1:2→1, s1:2→1, s1:2→1, s1:2→1, s1:2→1, s1:2→1, s1:2→1, s1:2→1}"
11	45	16	164	0	1	0	0	0	0	0	0	"{s1:1→2, 11→1, s1:1→3, 9→1, 11→1, s1:9→1, 11→1}"	""
11	45	16	171	1	0	0	0	0	0	0	0	"{s1:11→2, s1:1→1, s1:1→1, 11→3, s1:1→1, 11→4, s1:1→2, 11→1, s1:1→3, 11→1, s1:1→3, 11→2, s1:8→1, s1:8→1, 11→1, s1:8→1, 11→2, s1:8→1, 11→3, s1:8→1, 11→4, s1:8→1, 9→1, 11→1, s1:8→1, 9→1, 11→2, s1:8→1, 9→1, 11→3, s1:8→1, 9→2, 11→2, s1:9→1, 11→2, s1:9→1, 11→3, s1:9→2, 11→2, s1:9→2, 11→3}"	"{s1:2→1, s1:2→1, s1:2→1, s1:2→1, s1:2→1, s1:2→1, s1:2→1, s1:2→1, s1:2→1, s1:2→1, s1:2→1, s1:2→1, s1:2→1, s1:2→1, s1:2→1, s1:2→1, s1:2→1, s1:2→1, s1:2→1, s1:2→1}"
11	45	17	164	0	1	0	0	0	0	0	0	"{s1:1→3, 11→1, s1:1→4, 11→1}"	""
11	45	17	171	1	0	0	0	0	0	0	0	"{s1:11→3, s1:11→4, s1:1→4, 11→1, s1:9→1, 11→4}"	"{s1:2→1, s1:2→1, s1:2→1, s1:2→1}"
11	45	18	164	0	1	0	0	0	0	0	0	"s1:1→2"	""
11	45	18	171	1	0	0	0	0	0	0	0	"{s1:1→2, s1:1→3}"	"{s1:2→1, s1:2→1}"
11	45	19	164	0	1	0	0	0	0	0	0	"s1:1→3"	""
11	45	19	171	1	0	0	0	0	0	0	0	"{s1:1→4, s1:1→5}"	"{s1:2→1, s1:2→1}"
11	45	20	164	0	1	0	0	0	0	0	0	"{s1:1→4, s1:1→5}"	""
11	46	11	94	0	0	0	0	1	0	0	0	"s1:1→1"	""
11	46	11	120	0	0	0	1	0	0	0	0	"s1:1→1"	""
11	46	11	144	0	0	1	0	0	0	0	0	"s1:1→1"	""
11	46	11	164	0	1	0	0	0	0	0	0	"{s1:11→1, s1:1→1}"	""
11	46	14	164	0	1	0	0	0	0	0	0	"s1:1→1, 11→1"	""
11	46	15	164	0	1	0	0	0	0	0	0	"{s1:1→1, 9→1, 11→1, s1:1→2, 9→1, 11→1}"	""
11	46	16	164	0	1	0	0	0	0	0	0	"{s1:1→2, 11→1, s1:1→3, 9→1, 11→1, s1:9→1, 11→1}"	""
11	46	17	164	0	1	0	0	0	0	0	0	"{s1:1→3, 11→1, s1:1→4, 11→1}"	""
11	46	18	164	0	1	0	0	0	0	0	0	"s1:1→2"	""
11	46	19	164	0	1	0	0	0	0	0	0	"s1:1→3"	""
11	46	20	164	0	1	0	0	0	0	0	0	"{s1:1→4, s1:1→5}"	""
11	47	11	87	0	0	0	0	1	0	0	0	"s1:1→1"	""
11	47	11	113	0	0	0	1	0	0	0	0	"s1:1→1"	""
11	47	11	137	0	0	1	0	0	0	0	0	"s1:1→1"	""
11	47	11	157	0	1	0	0	0	0	0	0	"s1:1→1"	""
11	47	11	164	1	0	0	0	0	0	0	0	""	"s1:11→1"
11	47	14	164	1	0	0	0	0	0	0	0	"s1:1→1"	"s1:11→1"
11	47	15	157	0	1	0	0	0	0	0	0	"{s1:1→1, 8→1, s1:1→2, 8→1, s1:8→1}"	""
11	47	15	164	1	0	0	0	0	0	0	0	"{s1:1→1, 8→1, s1:1→1, 8→2, s1:1→2, 8→1, s1:1→2, 8→2, s1:1→2, 8→3, s1:1→3, 8→1, s1:1→3, 8→2}"	"{s1:11→1, s1:11→1, s1:11→1, s1:11→1, s1:11→1, s1:11→1, s1:11→1}"
11	47	16	157	0	1	0	0	0	0	0	0	"{s1:1→3, 8→1, s1:1→4, 8→1}"	""
11	47	16	164	1	0	0	0	0	0	0	0	"{s1:1→1, 8→3, s1:1→1, 8→4, s1:1→2, s1:1→4, 8→1, s1:8→1, s1:8→2, s1:8→3, s1:8→4, s1:8→5}"	"{s1:11→1, s1:11→1, s1:11→1, s1:11→1, s1:11→1, s1:11→1, s1:11→1, s1:11→1, s1:11→1}"
11	47	17	164	1	0	0	0	0	0	0	0	"{s1:1→3, s1:1→4}"	"{s1:11→1, s1:11→1}"
11	47	18	157	0	1	0	0	0	0	0	0	"s1:1→2"	""
11	47	18	164	1	0	0	0	0	0	0	0	"s1:1→5"	"s1:11→1"
11	47	19	157	0	1	0	0	0	0	0	0	"s1:1→3"	""
11	47	20	157	0	1	0	0	0	0	0	0	"{s1:1→4, s1:1→5}"	""
11	48	11	120	0	0	0	1	0	0	0	0	"s1:1→1"	""
11	48	11	144	0	0	1	0	0	0	0	0	"s1:1→1"	""
11	48	11	164	0	1	0	0	0	0	0	0	"{s1:11→1, s1:1→1}"	""
11	48	11	170	1	0	0	0	0	0	0	0	""	"s1:2→1"
11	48	14	164	0	1	0	0	0	0	0	0	"s1:1→1, 11→1"	""
11	48	14	170	1	0	0	0	0	0	0	0	"s1:11→1"	"s1:2→1"
11	48	15	164	0	1	0	0	0	0	0	0	"{s1:1→1, 9→1, 11→1, s1:1→2, 9→1, 11→1}"	""
11	48	15	170	1	0	0	0	0	0	0	0	"{s1:1→1, 11→1, s1:1→1, 11→2, s1:1→1, 4→1, 11→1, s1:1→1, 4→1, 11→2, s1:1→1, 4→1, 11→3, s1:1→1, 4→1, 9→1, 11→1, s1:1→1, 4→1, 9→1, 11→2, s1:1→1, 9→1, 11→1, s1:1→1, 9→1, 11→2, s1:1→1, 9→1, 11→3, s1:1→1, 9→2, 11→2, s1:1→2, 11→2, s1:1→2, 11→3, s1:1→2, 4→1, 11→2, s1:1→2, 4→1, 9→1, 11→1, s1:1→2, 9→1, 11→1, s1:1→2, 9→1, 11→2, s1:1→3, 9→1, 11→1, s1:4→1, 11→2, s1:4→1, 9→1, 11→1, s1:4→1, 9→1, 11→2, s1:4→1, 9→1, 11→3, s1:4→1, 9→2, 11→2, s1:9→1, 11→1}"	"{s1:2→1, s1:2→1, s1:2→1, s1:2→1, s1:2→1, s1:2→1, s1:2→1, s1:2→1, s1:2→1, s1:2→1, s1:2→1, s1:2→1, s1:2→1, s1:2→1, s1:2→1, s1:2→1, s1:2→1, s1:2→1, s1:2→1, s1:2→1, s1:2→1, s1:2→1, s1:2→1, s1:2→1}"
11	48	16	164	0	1	0	0	0	0	0	0	"{s1:1→2, 11→1, s1:1→3, 9→1, 11→1, s1:9→1, 11→1}"	""
11	48	16	170	1	0	0	0	0	0	0	0	"{s1:11→2, s1:1→1, s1:1→1, 11→3, s1:1→1, 11→4, s1:1→1, 4→1, s1:1→2, 11→1, s1:1→2, 4→1, s1:1→2, 4→1, 11→1, s1:1→3, 11→1, s1:1→3, 11→2, s1:1→3, 4→1, 11→1, s1:4→1, s1:4→1, 11→1, s1:4→1, 11→3, s1:4→1, 11→4, s1:9→1, 11→2, s1:9→1, 11→3, s1:9→2, 11→2, s1:9→2, 11→3}"	"{s1:2→1, s1:2→1, s1:2→1, s1:2→1, s1:2→1, s1:2→1, s1:2→1, s1:2→1, s1:2→1, s1:2→1, s1:2→1, s1:2→1, s1:2→1, s1:2→1, s1:2→1, s1:2→1, s1:2→1, s1:2→1, s1:2→1}"
11	48	17	164	0	1	0	0	0	0	0	0	"{s1:1→3, 11→1, s1:1→4, 11→1}"	""
11	48	17	170	1	0	0	0	0	0	0	0	"{s1:11→3, s1:11→4, s1:1→3, 4→1, s1:1→4, 11→1, s1:1→4, 4→1, s1:9→1, 11→4}"	"{s1:2→1, s1:2→1, s1:2→1, s1:2→1, s1:2→1, s1:2→1}"
11	48	18	164	0	1	0	0	0	0	0	0	"s1:1→2"	""
11	48	18	170	1	0	0	0	0	0	0	0	"{s1:11→5, s1:1→2, s1:1→3}"	"{s1:2→1, s1:2→1, s1:2→1}"
11	48	19	164	0	1	0	0	0	0	0	0	"s1:1→3"	""
11	48	19	170	1	0	0	0	0	0	0	0	"{s1:1→4, s1:1→5}"	"{s1:2→1, s1:2→1}"
11	48	20	164	0	1	0	0	0	0	0	0	"{s1:1→4, s1:1→5}"	""
11	49	11	114	0	0	0	1	0	0	0	0	"s1:1→1"	""
11	49	11	138	0	0	1	0	0	0	0	0	"s1:1→1"	""
11	49	11	158	0	1	0	0	0	0	0	0	"s1:1→1"	""
11	49	15	158	0	1	0	0	0	0	0	0	"{s1:1→1, 9→1, s1:1→2, 9→1, s1:1→2, 9→2, s1:1→2, 9→3, s1:1→3, 9→2, s1:9→1}"	""
11	49	16	138	0	0	1	0	0	0	0	0	"{s1:1→1, 9→1, s1:9→1}"	""
11	49	16	158	0	1	0	0	0	0	0	0	"{s1:1→1, 9→2, s1:1→1, 9→3, s1:1→3, 9→1, s1:1→4, 9→1}"	""
11	49	17	158	0	1	0	0	0	0	0	0	"{s1:9→2, s1:9→3}"	""
11	49	18	158	0	1	0	0	0	0	0	0	"s1:1→2"	""
11	49	19	158	0	1	0	0	0	0	0	0	"s1:1→3"	""
11	49	20	158	0	1	0	0	0	0	0	0	"{s1:1→4, s1:1→5}"	""
11	50	11	144	0	1	0	0	0	0	0	0	""	"s1:11→1"
11	50	11	145	0	1	0	0	0	0	0	0	"s1:2→1"	""
11	50	15	144	0	1	0	0	0	0	0	0	"s1:2→1"	"s1:11→1"
11	50	16	144	0	1	0	0	0	0	0	0	"{s1:1→1, 2→1, s1:1→1, 2→1, s1:2→1}"	"{s1:10→1, s1:10→1, s1:11→1, s1:10→1}"
11	50	16	145	0	1	0	0	0	0	0	0	"s1:1→1, 2→1"	""
11	51	11	144	0	1	0	0	0	0	0	0	""	"s1:11→1"
11	51	11	145	0	1	0	0	0	0	0	0	"s1:2→1"	""
11	51	15	144	0	1	0	0	0	0	0	0	"s1:2→1"	"s1:11→1"
11	51	16	144	0	1	0	0	0	0	0	0	"s1:1→1, 2→1"	"s1:11→1"
11	51	16	145	0	1	0	0	0	0	0	0	"s1:1→1, 2→1"	""
11	52	11	144	0	1	0	0	0	0	0	0	""	"s1:1→1"
11	52	16	145	0	1	0	0	0	0	0	0	"s1:2→1"	""
11	53	16	136	0	1	0	0	0	0	0	0	"s1:5→1"	""
11	54	16	136	0	1	0	0	0	0	0	0	"s1:4→1"	""
11	55	16	136	0	1	0	0	0	0	0	0	"s1:4→1"	""
11	56	11	157	1	0	0	0	0	0	0	0	""	"s1:11→1"
11	56	15	150	0	1	0	0	0	0	0	0	"{s1:2→1, s1:2→3, 10→2}"	""
11	56	15	156	1	0	0	0	0	0	0	0	"{s1:2→1, s1:2→2, s1:2→2, 10→1, s1:2→2, 10→2, s1:2→3, 10→1, s1:2→3, 10→2, s1:2→4, 10→1}"	"{s1:9→1, s1:9→1, s1:9→1, s1:9→1, s1:9→1, s1:9→1, s1:9→1, s1:9→1}"
11	56	15	157	1	0	0	0	0	0	0	0	"{s1:2→1, s1:2→1, 10→1, s1:2→2, 10→1, s1:2→2, 10→2, s1:2→3, 10→1, s1:2→3, 10→2, s1:2→4, 10→1}"	"{s1:11→1, s1:11→1, s1:11→1, s1:11→1, s1:11→1, s1:11→1, s1:11→1}"
11	56	16	130	0	0	1	0	0	0	0	0	"s1:2→1"	""
11	56	16	150	0	1	0	0	0	0	0	0	"{s1:2→1, 10→1, s1:2→1, 10→2, s1:2→2, 10→1, s1:2→2, 10→2, s1:2→3, 10→1}"	""
11	56	16	156	1	0	0	0	0	0	0	0	"{s1:2→1, 10→1, s1:2→1, 10→2, s1:2→1, 10→3, s1:2→1, 10→4, s1:2→2, 10→3, s1:2→3, s1:2→4, s1:2→5}"	"{s1:9→1, s1:9→1, s1:9→1, s1:9→1, s1:9→1, s1:9→1, s1:9→1, s1:9→1}"
11	56	16	157	1	0	0	0	0	0	0	0	"{s1:2→1, 10→2, s1:2→1, 10→3, s1:2→1, 10→4, s1:2→2, s1:2→2, 10→3, s1:2→3, s1:2→4, s1:2→5}"	"{s1:11→1, s1:11→1, s1:11→1, s1:11→1, s1:11→1, s1:11→1, s1:11→1, s1:11→1}"
11	56	17	150	0	1	0	0	0	0	0	0	"{s1:10→1, s1:10→2, s1:2→2, s1:2→3}"	""
11	56	17	156	1	0	0	0	0	0	0	0	"{s1:10→1, s1:10→2, s1:10→3, s1:10→4, s1:10→5}"	"{s1:9→1, s1:9→1, s1:9→1, s1:9→1, s1:9→1}"
11	56	17	157	1	0	0	0	0	0	0	0	"{s1:10→1, s1:10→2, s1:10→3, s1:10→4, s1:10→5}"	"{s1:11→1, s1:11→1, s1:11→1, s1:11→1, s1:11→1}"
11	57	11	157	0	1	0	0	0	0	0	0	"s1:11→1"	""
11	57	11	164	1	0	0	0	0	0	0	0	""	"s1:1→1"
11	57	14	164	1	0	0	0	0	0	0	0	"s1:11→1"	"s1:1→1"
11	57	15	157	0	1	0	0	0	0	0	0	"s1:2→1, 9→1, 11→1"	""
11	57	15	164	1	0	0	0	0	0	0	0	"{s1:2→1, 11→2, s1:2→1, 11→3, s1:2→1, 9→1, 11→1, s1:2→1, 9→1, 11→2, s1:2→1, 9→1, 11→3, s1:2→1, 9→2, 11→2, s1:2→2, 11→3, s1:2→2, 9→1, 11→2, s1:9→1, 11→1}"	"{s1:1→1, s1:1→1, s1:1→1, s1:1→1, s1:1→1, s1:1→1, s1:1→1, s1:1→1, s1:1→1}"
11	57	16	157	0	1	0	0	0	0	0	0	"{s1:2→1, 11→1, s1:2→2, 11→1, s1:2→2, 9→1, 11→1, s1:2→3, 11→1, s1:2→3, 9→1, 11→1, s1:9→1, 11→1}"	""
11	57	16	164	1	0	0	0	0	0	0	0	"{s1:11→2, s1:2→1, 11→1, s1:2→1, 11→4, s1:2→2, 11→1, s1:2→2, 11→2, s1:2→2, 9→1, 11→1, s1:2→3, 11→1, s1:2→3, 11→2, s1:2→3, 9→1, 11→1, s1:2→4, 11→1, s1:9→1, 11→2, s1:9→1, 11→3, s1:9→2, 11→2, s1:9→2, 11→3}"	"{s1:1→1, s1:1→1, s1:1→1, s1:1→1, s1:1→1, s1:1→1, s1:1→1, s1:1→1, s1:1→1, s1:1→1, s1:1→1, s1:1→1, s1:1→1, s1:1→1}"
11	57	17	157	0	1	0	0	0	0	0	0	"{s1:2→1, s1:2→2, s1:2→3}"	""
11	57	17	164	1	0	0	0	0	0	0	0	"{s1:11→3, s1:11→4, s1:2→1, s1:2→2, s1:2→3, s1:2→4, s1:2→5, s1:9→1, 11→4}"	"{s1:1→1, s1:1→1, s1:1→1, s1:1→1, s1:1→1, s1:1→1, s1:1→1, s1:1→1}"
11	57	18	137	0	0	1	0	0	0	0	0	"s1:2→1"	""
11	57	18	164	1	0	0	0	0	0	0	0	"s1:11→5"	"s1:1→1"
11	58	11	142	1	0	0	0	0	0	0	0	""	"s1:1→1"
11	58	15	142	1	0	0	0	0	0	0	0	"s1:11→1"	"s1:1→1"
11	58	16	142	1	0	0	0	0	0	0	0	"{s1:4→1, s1:4→1, 11→1, s1:4→1, 9→1, 11→1, s1:4→2, s1:4→2, 11→1, s1:4→2, 9→1, 11→1, s1:4→3, s1:4→3, 11→1, s1:4→3, 9→1, 11→1, s1:9→1, 11→1}"	"{s1:1→1, s1:1→1, s1:1→1, s1:1→1, s1:1→1, s1:1→1, s1:1→1, s1:1→1, s1:1→1, s1:1→1}"
11	59	11	136	0	1	0	0	0	0	0	0	""	"s1:11→1"
11	59	11	144	1	0	0	0	0	0	0	0	""	"s1:1→1"
11	59	15	137	0	1	0	0	0	0	0	0	"s1:3→1"	""
11	59	16	136	0	1	0	0	0	0	0	0	"s1:3→1"	"s1:11→1"
11	59	16	144	1	0	0	0	0	0	0	0	"{s1:10→1, s1:3→1, s1:3→1, 10→1, s1:3→2, s1:3→2, 10→1, s1:3→3, s1:3→3, 10→1, s1:3→4, s1:3→4, 10→1, s1:3→5}"	"{s1:1→1, s1:1→1, s1:1→1, s1:1→1, s1:1→1, s1:1→1, s1:1→1, s1:1→1, s1:1→1, s1:1→1}"
11	60	11	144	1	0	0	0	0	0	0	0	""	"s1:1→1"
11	60	15	137	0	1	0	0	0	0	0	0	"s1:3→1"	""
11	60	15	144	1	0	0	0	0	0	0	0	"s1:11→1"	"s1:1→1"
11	60	16	144	1	0	0	0	0	0	0	0	"{s1:3→1, s1:3→1, 11→1, s1:3→1, 9→1, s1:3→1, 9→1, 11→1, s1:3→2, s1:3→2, 11→1, s1:3→2, 9→1, s1:3→2, 9→1, 11→1, s1:3→3, s1:3→3, 11→1, s1:3→3, 9→1, s1:3→3, 9→1, 11→1, s1:3→4, s1:3→4, 11→1, s1:3→4, 9→1, s1:3→5, s1:9→1, s1:9→1, 11→1}"	"{s1:1→1, s1:1→1, s1:1→1, s1:1→1, s1:1→1, s1:1→1, s1:1→1, s1:1→1, s1:1→1, s1:1→1, s1:1→1, s1:1→1, s1:1→1, s1:1→1, s1:1→1, s1:1→1, s1:1→1, s1:1→1}"
11	61	11	142	1	0	0	0	0	0	0	0	""	"s1:1→1"
11	61	15	142	1	0	0	0	0	0	0	0	"s1:11→1"	"s1:1→1"
11	61	16	142	1	0	0	0	0	0	0	0	"{s1:3→1, s1:3→1, 11→1, s1:3→1, 9→1, 11→1, s1:3→2, s1:3→2, 11→1, s1:3→2, 9→1, 11→1, s1:3→3, s1:3→3, 11→1, s1:3→3, 9→1, 11→1, s1:9→1, 11→1}"	"{s1:1→1, s1:1→1, s1:1→1, s1:1→1, s1:1→1, s1:1→1, s1:1→1, s1:1→1, s1:1→1, s1:1→1}"
11	62	11	25	0	0	0	0	0	0	0	1	"s1:1→1"	""
11	62	11	140	0	0	0	0	0	0	1	0	"s1:1→1"	""
11	62	11	168	0	0	0	0	0	1	0	0	"s1:1→1"	""
11	62	11	195	0	0	0	0	1	0	0	0	"s1:1→1"	""
11	62	11	221	0	0	0	1	0	0	0	0	"s1:1→1"	""
11	62	11	245	0	0	1	0	0	0	0	0	"{s1:11→1, s1:1→1, 11→1}"	""
11	62	11	265	0	1	0	0	0	0	0	0	"s1:11→1"	""
11	62	12	221	0	0	0	1	0	0	0	0	"s1:1→1, 11→1"	""
11	62	13	195	0	0	0	0	1	0	0	0	"s1:1→1, 11→1"	""
11	62	14	168	0	0	0	0	0	1	0	0	"s1:1→1, 11→1"	""
11	62	15	140	0	0	0	0	0	0	1	0	"s1:1→1, 11→1"	""
11	62	18	265	0	1	0	0	0	0	0	0	"s1:11→2"	""
11	62	19	25	0	0	0	0	0	0	0	1	"s1:1→1, 11→1"	""
11	62	19	245	0	0	1	0	0	0	0	0	"s1:11→2"	""
11	62	19	265	0	1	0	0	0	0	0	0	"s1:11→3"	""
11	62	20	265	0	1	0	0	0	0	0	0	"{s1:11→4, s1:11→5}"	""
11	63	11	-26	0	0	0	0	0	0	0	1	"s1:1→1"	""
11	63	11	89	0	0	0	0	0	0	1	0	"s1:1→1"	""
11	63	11	117	0	0	0	0	0	1	0	0	"s1:1→1"	""
11	63	11	144	0	0	0	0	1	0	0	0	"s1:1→1"	""
11	63	11	170	0	0	0	1	0	0	0	0	"s1:1→1"	""
11	63	11	194	0	0	1	0	0	0	0	0	"{s1:11→1, s1:1→1}"	""
11	63	11	214	0	1	0	0	0	0	0	0	"{s1:11→1, s1:1→1}"	""
11	63	12	214	0	1	0	0	0	0	0	0	"s1:1→1, 11→1"	""
11	63	13	194	0	0	1	0	0	0	0	0	"s1:1→1, 11→1"	""
11	63	13	214	0	1	0	0	0	0	0	0	"s1:1→3, 9→1, 11→1"	""
11	63	16	214	0	1	0	0	0	0	0	0	"s1:1→4, 11→1"	""
11	63	16	221	1	0	0	0	0	0	0	0	"{s1:11→1, s1:11→2, s1:9→1, 11→1, s1:9→1, 11→2, s1:9→1, 11→3}"	"{s1:8→1, s1:8→1, s1:8→1, s1:8→1, s1:8→1}"
11	63	17	214	0	1	0	0	0	0	0	0	"{s1:9→1, s1:9→1, 11→1, s1:9→1, 11→2, s1:9→1, 11→3}"	""
11	63	17	221	1	0	0	0	0	0	0	0	"{s1:11→3, s1:11→4, s1:9→1, s1:9→1, 11→4}"	"{s1:8→1, s1:8→1, s1:8→1, s1:8→1}"
11	63	18	214	0	1	0	0	0	0	0	0	"{s1:11→2, s1:1→2}"	""
11	63	18	221	1	0	0	0	0	0	0	0	"s1:11→5"	"s1:8→1"
11	63	19	194	0	0	1	0	0	0	0	0	"s1:1→2"	""
11	63	19	214	0	1	0	0	0	0	0	0	"{s1:11→3, s1:1→3}"	""
11	63	20	214	0	1	0	0	0	0	0	0	"{s1:1→4, s1:1→5}"	""
11	64	11	-27	0	0	0	0	0	0	0	1	"s1:1→1"	""
11	64	11	88	0	0	0	0	0	0	1	0	"s1:1→1"	""
11	64	11	116	0	0	0	0	0	1	0	0	"s1:1→1"	""
11	64	11	143	0	0	0	0	1	0	0	0	"s1:1→1"	""
11	64	11	169	0	0	0	1	0	0	0	0	"s1:1→1"	""
11	64	11	193	0	0	1	0	0	0	0	0	"s1:1→1"	""
11	64	11	213	0	1	0	0	0	0	0	0	"s1:1→1"	""
11	64	13	213	0	1	0	0	0	0	0	0	"s1:1→3, 10→1"	""
11	64	17	213	0	1	0	0	0	0	0	0	"s1:10→1"	""
11	64	18	213	0	1	0	0	0	0	0	0	"s1:1→2"	""
11	64	19	193	0	0	1	0	0	0	0	0	"s1:1→2"	""
11	64	19	213	0	1	0	0	0	0	0	0	"s1:1→3"	""
11	64	20	213	0	1	0	0	0	0	0	0	"{s1:1→4, s1:1→5}"	""
11	65	11	86	0	0	0	0	0	0	1	0	"s1:1→1"	""
11	65	11	114	0	0	0	0	0	1	0	0	"s1:1→1"	""
11	65	11	141	0	0	0	0	1	0	0	0	"s1:1→1"	""
11	65	11	167	0	0	0	1	0	0	0	0	"s1:1→1"	""
11	65	11	191	0	0	1	0	0	0	0	0	"s1:11→1"	""
11	65	11	211	0	1	0	0	0	0	0	0	"s1:11→1"	""
11	65	12	211	0	1	0	0	0	0	0	0	"s1:1→1, 11→1"	""
11	65	13	191	0	0	1	0	0	0	0	0	"s1:1→1, 11→1"	""
11	65	14	167	0	0	0	1	0	0	0	0	"s1:1→1, 11→1"	""
11	65	14	191	0	0	1	0	0	0	0	0	"s1:1→2, 11→2"	""
11	65	15	141	0	0	0	0	1	0	0	0	"s1:1→1, 11→1"	""
11	65	16	114	0	0	0	0	0	1	0	0	"s1:1→1, 11→1"	""
11	65	16	211	0	1	0	0	0	0	0	0	"s1:1→1, 11→4"	""
11	65	17	86	0	0	0	0	0	0	1	0	"s1:1→1, 11→1"	""
11	65	18	211	0	1	0	0	0	0	0	0	"s1:11→2"	""
11	65	19	191	0	0	1	0	0	0	0	0	"s1:11→2"	""
11	65	19	211	0	1	0	0	0	0	0	0	"s1:11→3"	""
11	65	20	211	0	1	0	0	0	0	0	0	"{s1:11→4, s1:11→5}"	""
11	66	11	61	0	0	0	0	0	0	1	0	"s1:1→1"	""
11	66	11	89	0	0	0	0	0	1	0	0	"s1:1→1"	""
11	66	11	116	0	0	0	0	1	0	0	0	"s1:1→1"	""
11	66	11	142	0	0	0	1	0	0	0	0	"{s1:11→1, s1:1→1}"	""
11	66	11	166	0	0	1	0	0	0	0	0	"{s1:11→1, s1:1→1}"	""
11	66	11	186	0	1	0	0	0	0	0	0	"{s1:11→1, s1:1→1}"	""
11	66	13	186	0	1	0	0	0	0	0	0	"s1:1→1, 11→1"	""
11	66	14	166	0	0	1	0	0	0	0	0	"s1:1→1, 11→1"	""
11	66	15	142	0	0	0	1	0	0	0	0	"s1:1→1, 11→1"	""
11	66	16	166	0	0	1	0	0	0	0	0	"s1:1→2, 11→1"	""
11	66	16	186	0	1	0	0	0	0	0	0	"{s1:1→1, 11→3, s1:1→3, 11→1}"	""
11	66	17	186	0	1	0	0	0	0	0	0	"{s1:1→1, 11→4, s1:1→4, 11→1}"	""
11	66	18	186	0	1	0	0	0	0	0	0	"{s1:11→2, s1:1→2}"	""
11	66	19	166	0	0	1	0	0	0	0	0	"s1:1→2"	""
11	66	19	186	0	1	0	0	0	0	0	0	"{s1:11→3, s1:1→3}"	""
11	66	20	186	0	1	0	0	0	0	0	0	"{s1:11→4, s1:11→5, s1:1→4, s1:1→5}"	""
11	67	11	53	0	0	0	0	0	0	1	0	"s1:1→1"	""
11	67	11	81	0	0	0	0	0	1	0	0	"s1:1→1"	""
11	67	11	108	0	0	0	0	1	0	0	0	"s1:1→1"	""
11	67	11	134	0	0	0	1	0	0	0	0	"s1:1→1"	""
11	67	11	158	0	0	1	0	0	0	0	0	"s1:1→1"	""
11	67	11	178	0	1	0	0	0	0	0	0	"s1:1→1"	""
11	67	11	185	1	0	0	0	0	0	0	0	""	"s1:11→1"
11	67	13	185	1	0	0	0	0	0	0	0	"s1:1→1"	"s1:11→1"
11	67	14	184	1	0	0	0	0	0	0	0	"{s1:1→1, s1:1→2, s1:1→3, 10→1, s1:1→4, 10→1}"	"{s1:9→1, s1:9→1, s1:9→1, s1:9→1}"
11	67	14	185	1	0	0	0	0	0	0	0	"{s1:1→2, 10→1, s1:1→3, 10→1}"	"{s1:11→1, s1:11→1}"
11	67	15	178	0	1	0	0	0	0	0	0	"{s1:1→1, 10→1, s1:1→2, 10→1, s1:1→2, 10→2, s1:1→3, 10→1, s1:1→3, 10→2, s1:1→4, 10→1}"	""
11	67	15	184	1	0	0	0	0	0	0	0	"{s1:1→1, 10→1, s1:1→2, 10→1, s1:1→2, 10→2, s1:1→2, 10→3, s1:1→3, s1:1→3, 10→2, s1:1→4}"	"{s1:9→1, s1:9→1, s1:9→1, s1:9→1, s1:9→1, s1:9→1, s1:9→1, s1:9→1}"
11	67	15	185	1	0	0	0	0	0	0	0	"{s1:1→1, 10→1, s1:1→2, s1:1→2, 10→2, s1:1→2, 10→3, s1:1→3, 10→2, s1:1→4, 10→1}"	"{s1:11→1, s1:11→1, s1:11→1, s1:11→1, s1:11→1, s1:11→1}"
11	67	16	178	0	1	0	0	0	0	0	0	"s1:1→1, 10→2"	""
11	67	16	184	1	0	0	0	0	0	0	0	"{s1:1→1, 10→2, s1:1→1, 10→3, s1:1→1, 10→4, s1:1→5}"	"{s1:9→1, s1:9→1, s1:9→1, s1:9→1}"
11	67	16	185	1	0	0	0	0	0	0	0	"{s1:1→1, 10→2, s1:1→1, 10→3, s1:1→1, 10→4, s1:1→3}"	"{s1:11→1, s1:11→1, s1:11→1, s1:11→1}"
11	67	17	178	0	1	0	0	0	0	0	0	"{s1:10→1, s1:10→2}"	""
11	67	17	184	1	0	0	0	0	0	0	0	"{s1:10→1, s1:10→2, s1:10→3, s1:10→4, s1:10→5}"	"{s1:9→1, s1:9→1, s1:9→1, s1:9→1, s1:9→1}"
11	67	17	185	1	0	0	0	0	0	0	0	"{s1:10→1, s1:10→2, s1:10→3, s1:10→4, s1:10→5, s1:1→4, s1:1→5}"	"{s1:11→1, s1:11→1, s1:11→1, s1:11→1, s1:11→1, s1:11→1, s1:11→1}"
11	67	18	178	0	1	0	0	0	0	0	0	"s1:1→2"	""
11	67	19	158	0	0	1	0	0	0	0	0	"s1:1→2"	""
11	67	19	178	0	1	0	0	0	0	0	0	"s1:1→3"	""
11	67	20	178	0	1	0	0	0	0	0	0	"{s1:1→4, s1:1→5}"	""
11	68	11	42	0	0	0	0	0	0	1	0	"s1:1→1"	""
11	68	11	70	0	0	0	0	0	1	0	0	"s1:1→1"	""
11	68	11	97	0	0	0	0	1	0	0	0	"s1:1→1"	""
11	68	11	123	0	0	0	1	0	0	0	0	"s1:1→1"	""
11	68	11	147	0	0	1	0	0	0	0	0	"s1:1→1"	""
11	68	11	167	0	1	0	0	0	0	0	0	"s1:1→1"	""
11	68	18	167	0	1	0	0	0	0	0	0	"s1:1→2"	""
11	68	19	147	0	0	1	0	0	0	0	0	"s1:1→2"	""
11	68	19	167	0	1	0	0	0	0	0	0	"s1:1→3"	""
11	68	20	167	0	1	0	0	0	0	0	0	"{s1:1→4, s1:1→5}"	""
11	69	11	95	0	0	0	0	1	0	0	0	"s1:1→1"	""
11	69	11	121	0	0	0	1	0	0	0	0	"s1:1→1"	""
11	69	11	145	0	0	1	0	0	0	0	0	"s1:1→1"	""
11	69	11	164	0	1	0	0	0	0	0	0	""	"s1:11→1"
11	69	11	165	0	1	0	0	0	0	0	0	"s1:1→1"	""
11	69	11	172	1	0	0	0	0	0	0	0	""	"s1:2→1"
11	69	14	164	0	1	0	0	0	0	0	0	"s1:1→1"	"s1:11→1"
11	69	15	164	0	1	0	0	0	0	0	0	"{s1:1→1, s1:1→2}"	"{s1:10→1, s1:10→1}"
11	69	15	165	0	1	0	0	0	0	0	0	"{s1:1→1, 9→1, s1:1→2, 9→1, s1:1→3, 9→1, s1:1→4, 9→1}"	""
11	69	15	172	1	0	0	0	0	0	0	0	"{s1:1→1, 9→1, s1:1→1, 9→2, s1:1→2, 9→1, s1:1→2, 9→2, s1:1→2, 9→3, s1:1→3, 9→1, s1:1→3, 9→2, s1:1→4, 9→1, s1:9→1}"	"{s1:2→1, s1:2→1, s1:2→1, s1:2→1, s1:2→1, s1:2→1, s1:2→1, s1:2→1, s1:2→1}"
11	69	16	164	0	1	0	0	0	0	0	0	"{s1:1→2, s1:1→3}"	"{s1:10→1, s1:11→1, s1:10→1}"
11	69	16	172	1	0	0	0	0	0	0	0	"{s1:1→1, s1:1→1, 9→3, s1:1→1, 9→4, s1:9→2, s1:9→3, s1:9→4}"	"{s1:2→1, s1:2→1, s1:2→1, s1:2→1, s1:2→1, s1:2→1}"
11	69	17	164	0	1	0	0	0	0	0	0	"s1:1→3"	"s1:11→1"
11	69	17	165	0	1	0	0	0	0	0	0	"s1:9→1"	""
11	69	18	165	0	1	0	0	0	0	0	0	"s1:1→2"	""
11	69	18	172	1	0	0	0	0	0	0	0	"{s1:1→2, s1:1→3}"	"{s1:2→1, s1:2→1}"
11	69	19	165	0	1	0	0	0	0	0	0	"s1:1→3"	""
11	69	19	172	1	0	0	0	0	0	0	0	"{s1:1→4, s1:1→5}"	"{s1:2→1, s1:2→1}"
11	69	20	165	0	1	0	0	0	0	0	0	"{s1:1→4, s1:1→5}"	""
11	70	11	94	0	0	0	0	1	0	0	0	"s1:1→1"	""
11	70	11	120	0	0	0	1	0	0	0	0	"s1:1→1"	""
11	70	11	144	0	0	1	0	0	0	0	0	"s1:1→1"	""
11	70	11	163	0	1	0	0	0	0	0	0	""	"s1:11→1"
11	70	11	164	0	1	0	0	0	0	0	0	"s1:1→1"	""
11	70	11	171	1	0	0	0	0	0	0	0	""	"s1:2→1"
11	70	14	163	0	1	0	0	0	0	0	0	"s1:1→1"	"s1:11→1"
11	70	15	164	0	1	0	0	0	0	0	0	"{s1:1→1, 10→1, s1:1→2, 10→1}"	""
11	70	15	171	1	0	0	0	0	0	0	0	"{s1:10→1, s1:1→1, 10→1, s1:1→1, 10→2, s1:1→1, 8→1, s1:1→1, 8→1, 10→1, s1:1→1, 8→1, 10→2, s1:1→1, 8→1, 10→3, s1:1→2, 10→1, s1:1→2, 10→2, s1:1→2, 10→3, s1:1→2, 8→1, s1:1→2, 8→1, 10→1, s1:1→2, 8→1, 10→2, s1:1→3, 10→1, s1:1→3, 10→2, s1:1→3, 8→1, s1:1→3, 8→1, 10→1, s1:1→4, 8→1}"	"{s1:2→1, s1:2→1, s1:2→1, s1:2→1, s1:2→1, s1:2→1, s1:2→1, s1:2→1, s1:2→1, s1:2→1, s1:2→1, s1:2→1, s1:2→1, s1:2→1, s1:2→1, s1:2→1, s1:2→1, s1:2→1}"
11	70	16	163	0	1	0	0	0	0	0	0	"s1:1→2"	"s1:11→1"
11	70	16	164	0	1	0	0	0	0	0	0	"{s1:10→1, s1:1→3, 10→1, s1:1→4, 10→1}"	""
11	70	16	171	1	0	0	0	0	0	0	0	"{s1:10→2, s1:10→3, s1:1→1, s1:1→1, 10→3, s1:1→1, 10→4, s1:1→4, 10→1, s1:8→1, s1:8→1, 10→1, s1:8→1, 10→2, s1:8→1, 10→3, s1:8→1, 10→4}"	"{s1:2→1, s1:2→1, s1:2→1, s1:2→1, s1:2→1, s1:2→1, s1:2→1, s1:2→1, s1:2→1, s1:2→1, s1:2→1}"
11	70	17	163	0	1	0	0	0	0	0	0	"s1:1→3"	"s1:11→1"
11	70	17	171	1	0	0	0	0	0	0	0	"s1:10→4"	"s1:2→1"
11	70	18	164	0	1	0	0	0	0	0	0	"s1:1→2"	""
11	70	18	171	1	0	0	0	0	0	0	0	"{s1:1→2, s1:1→3, s1:1→4}"	"{s1:2→1, s1:2→1, s1:2→1}"
11	70	19	164	0	1	0	0	0	0	0	0	"s1:1→3"	""
11	70	19	171	1	0	0	0	0	0	0	0	"s1:1→5"	"s1:2→1"
11	70	20	164	0	1	0	0	0	0	0	0	"{s1:1→4, s1:1→5}"	""
11	71	11	94	0	0	0	0	1	0	0	0	"s1:1→1"	""
11	71	11	120	0	0	0	1	0	0	0	0	"s1:1→1"	""
11	71	11	144	0	0	1	0	0	0	0	0	"s1:1→1"	""
11	71	11	164	0	1	0	0	0	0	0	0	"{s1:11→1, s1:1→1}"	""
11	71	11	171	1	0	0	0	0	0	0	0	""	"s1:2→1"
11	71	14	164	0	1	0	0	0	0	0	0	"s1:1→1, 11→1"	""
11	71	14	171	1	0	0	0	0	0	0	0	"s1:11→1"	"s1:2→1"
11	71	15	164	0	1	0	0	0	0	0	0	"{s1:1→2, 9→1, s1:1→2, 9→1, 11→1, s1:1→3, 9→1, s1:1→3, 9→1, 11→1, s1:1→4, 9→1}"	""
11	71	15	171	1	0	0	0	0	0	0	0	"{s1:1→1, 11→1, s1:1→1, 11→2, s1:1→1, 9→1, s1:1→1, 9→1, 11→1, s1:1→1, 9→1, 11→2, s1:1→1, 9→1, 11→3, s1:1→1, 9→2, s1:1→1, 9→2, 11→1, s1:1→1, 9→2, 11→2, s1:1→2, 11→2, s1:1→2, 11→3, s1:1→2, 9→1, s1:1→2, 9→1, 11→1, s1:1→2, 9→1, 11→2, s1:1→2, 9→2, s1:1→2, 9→2, 11→1, s1:1→2, 9→3, s1:1→3, 9→1, s1:1→3, 9→1, 11→1, s1:1→3, 9→2, s1:1→4, 9→1}"	"{s1:2→1, s1:2→1, s1:2→1, s1:2→1, s1:2→1, s1:2→1, s1:2→1, s1:2→1, s1:2→1, s1:2→1, s1:2→1, s1:2→1, s1:2→1, s1:2→1, s1:2→1, s1:2→1, s1:2→1, s1:2→1, s1:2→1, s1:2→1, s1:2→1}"
11	71	16	164	0	1	0	0	0	0	0	0	"{s1:1→1, 9→1, s1:1→1, 9→1, 11→1, s1:1→2, 11→1, s1:9→1, 11→1}"	""
11	71	16	171	1	0	0	0	0	0	0	0	"{s1:11→2, s1:1→1, s1:1→1, 11→3, s1:1→1, 11→4, s1:1→1, 9→3, s1:1→1, 9→3, 11→1, s1:1→1, 9→4, s1:1→2, 11→1, s1:1→3, 11→1, s1:1→3, 11→2, s1:9→1, s1:9→1, 11→1, s1:9→1, 11→2, s1:9→1, 11→3, s1:9→1, 11→4, s1:9→2, s1:9→2, 11→1, s1:9→2, 11→2, s1:9→2, 11→3, s1:9→3, s1:9→3, 11→1, s1:9→3, 11→2, s1:9→4, s1:9→4, 11→1}"	"{s1:2→1, s1:2→1, s1:2→1, s1:2→1, s1:2→1, s1:2→1, s1:2→1, s1:2→1, s1:2→1, s1:2→1, s1:2→1, s1:2→1, s1:2→1, s1:2→1, s1:2→1, s1:2→1, s1:2→1, s1:2→1, s1:2→1, s1:2→1, s1:2→1, s1:2→1, s1:2→1, s1:2→1}"
11	71	17	164	0	1	0	0	0	0	0	0	"{s1:1→3, 11→1, s1:1→4, 11→1, s1:9→1}"	""
11	71	17	171	1	0	0	0	0	0	0	0	"{s1:11→3, s1:11→4, s1:1→4, 11→1}"	"{s1:2→1, s1:2→1, s1:2→1}"
11	71	18	164	0	1	0	0	0	0	0	0	"s1:1→2"	""
11	71	18	171	1	0	0	0	0	0	0	0	"{s1:1→2, s1:1→3, s1:1→4}"	"{s1:2→1, s1:2→1, s1:2→1}"
11	71	19	164	0	1	0	0	0	0	0	0	"s1:1→3"	""
11	71	19	171	1	0	0	0	0	0	0	0	"s1:1→5"	"s1:2→1"
11	71	20	164	0	1	0	0	0	0	0	0	"{s1:1→4, s1:1→5}"	""
11	72	11	94	0	0	0	0	1	0	0	0	"s1:1→1"	""
11	72	11	120	0	0	0	1	0	0	0	0	"s1:1→1"	""
11	72	11	144	0	0	1	0	0	0	0	0	"s1:1→1"	""
11	72	11	163	0	1	0	0	0	0	0	0	""	"s1:11→1"
11	72	11	164	0	1	0	0	0	0	0	0	"s1:1→1"	""
11	72	14	163	0	1	0	0	0	0	0	0	"s1:1→1"	"s1:11→1"
11	72	15	164	0	1	0	0	0	0	0	0	"{s1:1→1, 10→1, s1:1→2, 10→1}"	""
11	72	16	163	0	1	0	0	0	0	0	0	"s1:1→2"	"s1:11→1"
11	72	16	164	0	1	0	0	0	0	0	0	"{s1:10→1, s1:1→3, 10→1, s1:1→4, 10→1}"	""
11	72	17	163	0	1	0	0	0	0	0	0	"s1:1→3"	"s1:11→1"
11	72	18	164	0	1	0	0	0	0	0	0	"s1:1→2"	""
11	72	19	164	0	1	0	0	0	0	0	0	"s1:1→3"	""
11	72	20	164	0	1	0	0	0	0	0	0	"{s1:1→4, s1:1→5}"	""
11	73	11	92	0	0	0	0	1	0	0	0	"s1:1→1"	""
11	73	11	118	0	0	0	1	0	0	0	0	"s1:1→1"	""
11	73	11	142	0	0	1	0	0	0	0	0	"s1:1→1"	""
11	73	11	162	0	1	0	0	0	0	0	0	"{s1:11→1, s1:1→1}"	""
11	73	14	162	0	1	0	0	0	0	0	0	"s1:1→1, 11→1"	""
11	73	16	162	0	1	0	0	0	0	0	0	"s1:1→2, 11→1"	""
11	73	17	162	0	1	0	0	0	0	0	0	"{s1:1→3, 11→1, s1:1→4, 11→1}"	""
11	73	18	162	0	1	0	0	0	0	0	0	"s1:1→2"	""
11	73	19	162	0	1	0	0	0	0	0	0	"s1:1→3"	""
11	73	20	162	0	1	0	0	0	0	0	0	"{s1:1→4, s1:1→5}"	""
11	74	11	86	0	0	0	0	1	0	0	0	"s1:1→1"	""
11	74	11	112	0	0	0	1	0	0	0	0	"s1:1→1"	""
11	74	11	136	0	0	1	0	0	0	0	0	"s1:1→1"	""
11	74	11	156	0	1	0	0	0	0	0	0	"s1:1→1"	""
11	74	11	162	1	0	0	0	0	0	0	0	""	"s1:11→1"
11	74	14	162	1	0	0	0	0	0	0	0	"s1:1→1"	"s1:11→1"
11	74	15	162	1	0	0	0	0	0	0	0	"{s1:1→2, 9→1, s1:1→3, 9→1, s1:1→3, 9→2, s1:1→4, 9→1}"	"{s1:11→1, s1:11→1, s1:11→1, s1:11→1}"
11	74	16	162	1	0	0	0	0	0	0	0	"{s1:1→1, 9→1, s1:1→1, 9→2, s1:1→1, 9→3, s1:1→2, s1:1→2, 9→2, s1:1→2, 9→3, s1:9→1, s1:9→2, s1:9→3}"	"{s1:11→1, s1:11→1, s1:11→1, s1:11→1, s1:11→1, s1:11→1, s1:11→1, s1:11→1, s1:11→1}"
11	74	17	162	1	0	0	0	0	0	0	0	"{s1:1→3, s1:1→4}"	"{s1:11→1, s1:11→1}"
11	74	18	156	0	1	0	0	0	0	0	0	"s1:1→2"	""
11	74	18	162	1	0	0	0	0	0	0	0	"s1:1→5"	"s1:11→1"
11	74	19	156	0	1	0	0	0	0	0	0	"s1:1→3"	""
11	74	20	156	0	1	0	0	0	0	0	0	"{s1:1→4, s1:1→5}"	""
11	75	11	120	0	0	0	1	0	0	0	0	"s1:1→1"	""
11	75	11	144	0	0	1	0	0	0	0	0	"s1:1→1"	""
11	75	11	163	0	1	0	0	0	0	0	0	""	"s1:11→1"
11	75	11	164	0	1	0	0	0	0	0	0	"s1:1→1"	""
11	75	11	170	1	0	0	0	0	0	0	0	""	"s1:2→1"
11	75	14	163	0	1	0	0	0	0	0	0	"s1:1→1"	"s1:11→1"
11	75	15	164	0	1	0	0	0	0	0	0	"{s1:1→1, 10→1, s1:1→2, 10→1}"	""
11	75	15	170	1	0	0	0	0	0	0	0	"{s1:10→1, s1:1→1, 10→1, s1:1→1, 10→2, s1:1→1, 4→1, 10→1, s1:1→1, 4→1, 10→2, s1:1→1, 4→1, 10→3, s1:1→2, 10→1, s1:1→2, 10→2, s1:1→2, 10→3, s1:1→2, 4→1, 10→1, s1:1→2, 4→1, 10→2, s1:1→3, 10→1, s1:1→3, 10→2, s1:1→3, 4→1, 10→1, s1:4→1, 10→1, s1:4→1, 10→2, s1:4→1, 10→3}"	"{s1:2→1, s1:2→1, s1:2→1, s1:2→1, s1:2→1, s1:2→1, s1:2→1, s1:2→1, s1:2→1, s1:2→1, s1:2→1, s1:2→1, s1:2→1, s1:2→1, s1:2→1, s1:2→1, s1:2→1}"
11	75	16	163	0	1	0	0	0	0	0	0	"s1:1→2"	"s1:11→1"
11	75	16	164	0	1	0	0	0	0	0	0	"{s1:10→1, s1:1→3, 10→1, s1:1→4, 10→1}"	""
11	75	16	170	1	0	0	0	0	0	0	0	"{s1:10→2, s1:10→3, s1:1→1, s1:1→1, 10→3, s1:1→1, 10→4, s1:1→1, 4→1, s1:1→2, 4→1, s1:1→4, 10→1, s1:4→1, s1:4→1, 10→4}"	"{s1:2→1, s1:2→1, s1:2→1, s1:2→1, s1:2→1, s1:2→1, s1:2→1, s1:2→1, s1:2→1, s1:2→1}"
11	75	17	170	1	0	0	0	0	0	0	0	"{s1:10→4, s1:10→5, s1:1→3, 4→1, s1:1→4, 4→1}"	"{s1:2→1, s1:2→1, s1:2→1, s1:2→1}"
11	75	18	164	0	1	0	0	0	0	0	0	"s1:1→2"	""
11	75	18	170	1	0	0	0	0	0	0	0	"{s1:1→2, s1:1→3}"	"{s1:2→1, s1:2→1}"
11	75	19	164	0	1	0	0	0	0	0	0	"s1:1→3"	""
11	75	19	170	1	0	0	0	0	0	0	0	"{s1:1→4, s1:1→5}"	"{s1:2→1, s1:2→1}"
11	75	20	164	0	1	0	0	0	0	0	0	"{s1:1→4, s1:1→5}"	""
11	76	11	108	0	0	0	1	0	0	0	0	"s1:1→1"	""
11	76	11	132	0	0	1	0	0	0	0	0	"s1:1→1"	""
11	76	11	152	0	1	0	0	0	0	0	0	"s1:1→1"	""
11	76	11	158	1	0	0	0	0	0	0	0	""	"s1:2→1"
11	76	11	159	1	0	0	0	0	0	0	0	""	"s1:11→1"
11	76	14	159	1	0	0	0	0	0	0	0	"s1:1→1"	"s1:11→1"
11	76	15	158	1	0	0	0	0	0	0	0	"{s1:1→1, 10→1, s1:1→1, 6→1, 10→1, s1:1→2, 10→1, s1:1→2, 10→2, s1:1→2, 6→1, s1:1→2, 6→1, 10→1, s1:1→2, 6→1, 10→2, s1:1→3, 10→2, s1:1→3, 6→1, 10→1}"	"{s1:2→1, s1:2→1, s1:2→1, s1:2→1, s1:2→1, s1:2→1, s1:2→1, s1:2→1, s1:2→1}"
11	76	15	159	1	0	0	0	0	0	0	0	"{s1:1→2, 10→1, s1:1→2, 6→1, s1:1→2, 6→1, 10→1, s1:1→3, 10→1, s1:1→3, 10→2, s1:1→3, 6→1, s1:1→3, 6→1, 10→1, s1:1→4, 6→1}"	"{s1:11→1, s1:11→1, s1:11→1, s1:11→1, s1:11→1, s1:11→1, s1:11→1, s1:11→1}"
11	76	16	152	0	1	0	0	0	0	0	0	"{s1:1→1, 10→1, s1:1→1, 10→2, s1:1→2, 10→1, s1:1→2, 10→2, s1:1→3, 10→1, s1:1→3, 10→2, s1:1→4, 10→1}"	""
11	76	16	158	1	0	0	0	0	0	0	0	"{s1:10→1, s1:10→2, s1:10→3, s1:1→1, s1:1→1, 10→2, s1:1→1, 10→3, s1:1→1, 10→4, s1:1→1, 6→1, s1:1→1, 6→1, 10→2, s1:1→1, 6→1, 10→3, s1:1→2, 10→3, s1:1→3, 10→1, s1:1→3, 6→1, s1:1→4, 10→1, s1:1→4, 6→1, s1:6→1, s1:6→1, 10→1, s1:6→1, 10→2, s1:6→1, 10→3, s1:6→1, 10→4}"	"{s1:2→1, s1:2→1, s1:2→1, s1:2→1, s1:2→1, s1:2→1, s1:2→1, s1:2→1, s1:2→1, s1:2→1, s1:2→1, s1:2→1, s1:2→1, s1:2→1, s1:2→1, s1:2→1, s1:2→1, s1:2→1, s1:2→1, s1:2→1}"
11	76	16	159	1	0	0	0	0	0	0	0	"{s1:1→1, 10→1, s1:1→1, 10→2, s1:1→1, 10→3, s1:1→1, 10→4, s1:1→1, 6→1, s1:1→1, 6→1, 10→1, s1:1→1, 6→1, 10→2, s1:1→1, 6→1, 10→3, s1:1→2, s1:1→2, 10→2, s1:1→2, 10→3, s1:1→2, 6→1, 10→2, s1:1→4, 10→1, s1:6→1, s1:6→1, 10→1, s1:6→1, 10→2, s1:6→1, 10→3, s1:6→1, 10→4}"	"{s1:11→1, s1:11→1, s1:11→1, s1:11→1, s1:11→1, s1:11→1, s1:11→1, s1:11→1, s1:11→1, s1:11→1, s1:11→1, s1:11→1, s1:11→1, s1:11→1, s1:11→1, s1:11→1, s1:11→1, s1:11→1}"
11	76	17	152	0	1	0	0	0	0	0	0	"{s1:10→1, s1:10→2}"	""
11	76	17	158	1	0	0	0	0	0	0	0	"{s1:10→4, s1:10→5}"	"{s1:2→1, s1:2→1}"
11	76	17	159	1	0	0	0	0	0	0	0	"{s1:10→1, s1:10→2, s1:10→3, s1:10→4, s1:10→5, s1:1→3, s1:1→4}"	"{s1:11→1, s1:11→1, s1:11→1, s1:11→1, s1:11→1, s1:11→1, s1:11→1}"
11	76	18	152	0	1	0	0	0	0	0	0	"s1:1→2"	""
11	76	18	158	1	0	0	0	0	0	0	0	"{s1:1→2, s1:1→3, s1:1→4}"	"{s1:2→1, s1:2→1, s1:2→1}"
11	76	18	159	1	0	0	0	0	0	0	0	"s1:1→5"	"s1:11→1"
11	76	19	152	0	1	0	0	0	0	0	0	"s1:1→3"	""
11	76	19	158	1	0	0	0	0	0	0	0	"s1:1→5"	"s1:2→1"
11	76	20	152	0	1	0	0	0	0	0	0	"{s1:1→4, s1:1→5}"	""
11	77	11	107	0	0	0	1	0	0	0	0	"s1:1→1"	""
11	77	11	131	0	0	1	0	0	0	0	0	"s1:1→1"	""
11	77	11	151	0	1	0	0	0	0	0	0	"s1:1→1"	""
11	77	11	157	1	0	0	0	0	0	0	0	""	"s1:2→1"
11	77	15	157	1	0	0	0	0	0	0	0	"{s1:1→1, s1:1→1, s1:1→1, 9→1, s1:1→2, s1:1→2, s1:1→2, 9→1, s1:1→2, 9→1, s1:1→2, 9→1, s1:1→2, 9→2, s1:1→3, 9→1, s1:1→3, 9→1, s1:1→3, 9→1, s1:1→3, 9→2, s1:1→3, 9→2, s1:1→3, 9→2, s1:1→4, 9→1, s1:1→4, 9→1, s1:1→4, 9→1}"	"{s1:10→1, s1:10→1, s1:8→1, s1:2→1, s1:10→1, s1:8→1, s1:10→1, s1:2→1, s1:8→1, s1:2→1, s1:10→1, s1:2→1, s1:8→1, s1:10→1, s1:2→1, s1:8→1, s1:10→1, s1:2→1, s1:8→1}"
11	77	16	151	0	1	0	0	0	0	0	0	"{s1:1→1, 9→1, s1:1→2, 9→1, s1:1→3, 9→1, s1:1→4, 9→1}"	""
11	77	16	157	1	0	0	0	0	0	0	0	"{s1:1→1, s1:1→1, 9→1, s1:1→1, 9→1, s1:1→1, 9→2, s1:1→1, 9→2, s1:1→1, 9→2, s1:1→1, 9→3, s1:1→1, 9→4, s1:1→2, 9→2, s1:1→2, 9→2, s1:1→2, 9→3, s1:1→3, s1:1→3, s1:1→4, s1:1→4, s1:1→5, s1:9→1, s1:9→1, s1:9→1, s1:9→2, s1:9→2, s1:9→2, s1:9→3, s1:9→4, s1:9→5}"	"{s1:8→1, s1:2→1, s1:10→1, s1:8→1, s1:10→1, s1:2→1, s1:8→1, s1:2→1, s1:2→1, s1:10→1, s1:8→1, s1:2→1, s1:10→1, s1:8→1, s1:10→1, s1:8→1, s1:8→1, s1:10→1, s1:2→1, s1:8→1, s1:10→1, s1:2→1, s1:8→1, s1:2→1, s1:2→1, s1:2→1}"
11	77	17	151	0	1	0	0	0	0	0	0	"s1:9→1"	""
11	77	17	157	1	0	0	0	0	0	0	0	"s1:1→5"	"s1:10→1"
11	77	18	151	0	1	0	0	0	0	0	0	"s1:1→2"	""
11	77	18	157	1	0	0	0	0	0	0	0	"{s1:1→2, s1:1→3, s1:1→4}"	"{s1:2→1, s1:2→1, s1:2→1}"
11	77	19	151	0	1	0	0	0	0	0	0	"s1:1→3"	""
11	77	19	157	1	0	0	0	0	0	0	0	"s1:1→5"	"s1:2→1"
11	77	20	151	0	1	0	0	0	0	0	0	"{s1:1→4, s1:1→5}"	""
11	78	11	116	0	0	0	1	0	0	0	0	"s1:1→1"	""
11	78	11	140	0	0	1	0	0	0	0	0	"s1:11→1"	""
11	78	11	160	0	1	0	0	0	0	0	0	"s1:11→1"	""
11	78	14	160	0	1	0	0	0	0	0	0	"s1:1→1, 11→1"	""
11	78	15	140	0	0	1	0	0	0	0	0	"s1:1→1, 11→1"	""
11	78	16	116	0	0	0	1	0	0	0	0	"s1:1→1, 11→1"	""
11	78	16	160	0	1	0	0	0	0	0	0	"{s1:1→1, 11→2, s1:1→2, 11→2, s1:1→2, 11→3}"	""
11	78	17	160	0	1	0	0	0	0	0	0	"{s1:1→1, 11→3, s1:1→1, 11→4}"	""
11	78	18	160	0	1	0	0	0	0	0	0	"s1:11→2"	""
11	78	19	160	0	1	0	0	0	0	0	0	"s1:11→3"	""
11	78	20	160	0	1	0	0	0	0	0	0	"{s1:11→4, s1:11→5}"	""
11	79	11	108	0	0	0	1	0	0	0	0	"s1:1→1"	""
11	79	11	132	0	0	1	0	0	0	0	0	"s1:1→1"	""
11	79	11	152	0	1	0	0	0	0	0	0	"s1:1→1"	""
11	79	11	159	1	0	0	0	0	0	0	0	""	"s1:11→1"
11	79	14	159	1	0	0	0	0	0	0	0	"s1:1→1"	"s1:11→1"
11	79	15	158	1	0	0	0	0	0	0	0	"{s1:1→1, s1:1→1, 5→1, 10→1, s1:1→2, s1:1→2, 10→1, s1:1→2, 5→1, s1:1→2, 5→1, 10→1, s1:1→2, 5→1, 10→2, s1:1→3, 10→1, s1:1→3, 10→2, s1:1→3, 5→1, 10→1, s1:1→4, 10→1}"	"{s1:9→1, s1:9→1, s1:9→1, s1:9→1, s1:9→1, s1:9→1, s1:9→1, s1:9→1, s1:9→1, s1:9→1, s1:9→1, s1:9→1}"
11	79	15	159	1	0	0	0	0	0	0	0	"{s1:1→1, 5→1, 10→1, s1:1→2, 10→1, s1:1→2, 5→1, 10→1, s1:1→2, 5→1, 10→2, s1:1→3, 10→1, s1:1→3, 10→2, s1:1→3, 5→1, 10→1}"	"{s1:11→1, s1:11→1, s1:11→1, s1:11→1, s1:11→1, s1:11→1, s1:11→1}"
11	79	16	152	0	1	0	0	0	0	0	0	"{s1:1→1, 10→1, s1:1→1, 10→2, s1:1→2, 10→1, s1:1→2, 10→2, s1:1→3, 10→1, s1:1→3, 10→2, s1:1→4, 10→1}"	""
11	79	16	158	1	0	0	0	0	0	0	0	"{s1:1→1, 10→1, s1:1→1, 10→2, s1:1→1, 10→3, s1:1→1, 10→4, s1:1→1, 5→1, s1:1→1, 5→1, 10→2, s1:1→1, 5→1, 10→3, s1:1→2, 10→2, s1:1→2, 10→3, s1:1→3, s1:1→3, 5→1, s1:1→4, s1:1→4, 5→1, s1:5→1, s1:5→1, 10→1, s1:5→1, 10→2, s1:5→1, 10→3, s1:5→1, 10→4}"	"{s1:9→1, s1:9→1, s1:9→1, s1:9→1, s1:9→1, s1:9→1, s1:9→1, s1:9→1, s1:9→1, s1:9→1, s1:9→1, s1:9→1, s1:9→1, s1:9→1, s1:9→1, s1:9→1, s1:9→1, s1:9→1}"
11	79	16	159	1	0	0	0	0	0	0	0	"{s1:1→1, 10→1, s1:1→1, 10→2, s1:1→1, 10→3, s1:1→1, 10→4, s1:1→1, 5→1, s1:1→1, 5→1, 10→2, s1:1→1, 5→1, 10→3, s1:1→2, s1:1→2, 10→2, s1:1→2, 10→3, s1:1→2, 5→1, s1:1→3, 5→1, s1:1→4, 10→1, s1:1→4, 5→1, s1:5→1, s1:5→1, 10→1, s1:5→1, 10→2, s1:5→1, 10→3, s1:5→1, 10→4}"	"{s1:11→1, s1:11→1, s1:11→1, s1:11→1, s1:11→1, s1:11→1, s1:11→1, s1:11→1, s1:11→1, s1:11→1, s1:11→1, s1:11→1, s1:11→1, s1:11→1, s1:11→1, s1:11→1, s1:11→1, s1:11→1, s1:11→1}"
11	79	17	152	0	1	0	0	0	0	0	0	"{s1:10→1, s1:10→2}"	""
11	79	17	158	1	0	0	0	0	0	0	0	"{s1:10→1, s1:10→2, s1:10→3, s1:10→4, s1:10→5, s1:1→5}"	"{s1:9→1, s1:9→1, s1:9→1, s1:9→1, s1:9→1, s1:9→1}"
11	79	17	159	1	0	0	0	0	0	0	0	"{s1:10→1, s1:10→2, s1:10→3, s1:10→4, s1:10→5, s1:1→3, s1:1→4}"	"{s1:11→1, s1:11→1, s1:11→1, s1:11→1, s1:11→1, s1:11→1, s1:11→1}"
11	79	18	152	0	1	0	0	0	0	0	0	"s1:1→2"	""
11	79	18	159	1	0	0	0	0	0	0	0	"s1:1→5"	"s1:11→1"
11	79	19	152	0	1	0	0	0	0	0	0	"s1:1→3"	""
11	79	20	152	0	1	0	0	0	0	0	0	"{s1:1→4, s1:1→5}"	""
11	80	11	142	0	1	0	0	0	0	0	0	""	"s1:11→1"
11	80	11	143	0	1	0	0	0	0	0	0	"s1:1→1"	""
11	80	15	142	0	1	0	0	0	0	0	0	"s1:1→1"	"s1:11→1"
11	80	16	142	0	1	0	0	0	0	0	0	"s1:1→1"	"{s1:10→1, s1:10→1}"
11	81	11	144	0	1	0	0	0	0	0	0	""	"{s1:11→1, s1:1→1}"
11	81	16	144	0	1	0	0	0	0	0	0	"{s1:2→1, s1:2→1}"	"{s1:10→1, s1:10→1, s1:11→1}"
11	81	16	145	0	1	0	0	0	0	0	0	"s1:2→1"	""
11	82	11	144	0	1	0	0	0	0	0	0	""	"{s1:11→1, s1:1→1}"
11	82	15	142	0	1	0	0	0	0	0	0	""	"s1:11→1, 1→1"
11	82	16	144	0	1	0	0	0	0	0	0	"s1:2→1"	"s1:11→1"
11	82	16	145	0	1	0	0	0	0	0	0	"s1:2→1"	""
11	88	11	156	0	1	0	0	0	0	0	0	""	"s1:11→1"
11	88	11	164	1	0	0	0	0	0	0	0	""	"s1:1→1"
11	88	15	157	0	1	0	0	0	0	0	0	"s1:2→1, 10→1"	""
11	88	15	164	1	0	0	0	0	0	0	0	"{s1:10→1, s1:2→1, 10→1, s1:2→1, 10→2, s1:2→1, 10→3, s1:2→1, 10→4, s1:2→2, 10→2, s1:2→2, 10→3, s1:2→3, 10→2}"	"{s1:1→1, s1:1→1, s1:1→1, s1:1→1, s1:1→1, s1:1→1, s1:1→1, s1:1→1}"
11	88	16	156	0	1	0	0	0	0	0	0	"s1:2→1"	"s1:11→1"
11	88	16	157	0	1	0	0	0	0	0	0	"{s1:10→1, s1:2→2, 10→1, s1:2→3, 10→1}"	""
11	88	16	164	1	0	0	0	0	0	0	0	"{s1:10→2, s1:10→3, s1:2→2, 10→1, s1:2→3, 10→1, s1:2→4, 10→1}"	"{s1:1→1, s1:1→1, s1:1→1, s1:1→1, s1:1→1}"
11	88	17	157	0	1	0	0	0	0	0	0	"{s1:2→1, s1:2→2, s1:2→3}"	""
11	88	17	164	1	0	0	0	0	0	0	0	"{s1:10→4, s1:10→5, s1:2→1, s1:2→2, s1:2→3, s1:2→4, s1:2→5}"	"{s1:1→1, s1:1→1, s1:1→1, s1:1→1, s1:1→1, s1:1→1, s1:1→1}"
11	88	18	137	0	0	1	0	0	0	0	0	"s1:2→1"	""
11	89	11	151	1	0	0	0	0	0	0	0	""	"s1:11→1"
11	89	15	150	1	0	0	0	0	0	0	0	""	"s1:9→1"
11	89	16	144	0	1	0	0	0	0	0	0	"{s1:2→1, 10→1, s1:2→1, 10→2, s1:2→2, 10→2}"	""
11	89	16	150	1	0	0	0	0	0	0	0	"{s1:2→1, s1:2→1, 10→1, s1:2→1, 10→2, s1:2→1, 10→3, s1:2→1, 10→4, s1:2→2, s1:2→2, 10→1, s1:2→2, 10→2, s1:2→2, 10→3, s1:2→3, s1:2→3, 10→1, s1:2→3, 10→2, s1:2→4, s1:2→4, 10→1, s1:2→5}"	"{s1:9→1, s1:9→1, s1:9→1, s1:9→1, s1:9→1, s1:9→1, s1:9→1, s1:9→1, s1:9→1, s1:9→1, s1:9→1, s1:9→1, s1:9→1, s1:9→1, s1:9→1}"
11	89	16	151	1	0	0	0	0	0	0	0	"{s1:2→1, s1:2→1, 10→1, s1:2→1, 10→2, s1:2→1, 10→3, s1:2→1, 10→4, s1:2→2, s1:2→2, 10→1, s1:2→2, 10→2, s1:2→2, 10→3, s1:2→3, s1:2→3, 10→1, s1:2→3, 10→2, s1:2→4, 10→1}"	"{s1:11→1, s1:11→1, s1:11→1, s1:11→1, s1:11→1, s1:11→1, s1:11→1, s1:11→1, s1:11→1, s1:11→1, s1:11→1, s1:11→1, s1:11→1}"
11	89	17	144	0	1	0	0	0	0	0	0	"{s1:10→1, s1:10→2}"	""
11	89	17	150	1	0	0	0	0	0	0	0	"{s1:10→1, s1:10→2, s1:10→3, s1:10→4, s1:10→5}"	"{s1:9→1, s1:9→1, s1:9→1, s1:9→1, s1:9→1}"
11	89	17	151	1	0	0	0	0	0	0	0	"{s1:10→1, s1:10→2, s1:10→3, s1:10→4, s1:10→5, s1:2→4, s1:2→5}"	"{s1:11→1, s1:11→1, s1:11→1, s1:11→1, s1:11→1, s1:11→1, s1:11→1}"
11	90	11	134	0	1	0	0	0	0	0	0	""	"s1:11→1"
11	90	11	142	1	0	0	0	0	0	0	0	""	"s1:1→1"
11	90	16	142	1	0	0	0	0	0	0	0	"{s1:10→1, s1:4→1, s1:4→1, 10→1, s1:4→2, s1:4→2, 10→1, s1:4→3, s1:4→3, 10→1}"	"{s1:1→1, s1:1→1, s1:1→1, s1:1→1, s1:1→1, s1:1→1, s1:1→1}"
11	91	11	135	0	1	0	0	0	0	0	0	""	"s1:11→1"
11	91	11	142	1	0	0	0	0	0	0	0	""	"s1:1→1"
11	91	16	142	1	0	0	0	0	0	0	0	"{s1:10→1, s1:3→1, s1:3→1, 10→1, s1:3→2, s1:3→2, 10→1, s1:3→3, s1:3→3, 10→1}"	"{s1:1→1, s1:1→1, s1:1→1, s1:1→1, s1:1→1, s1:1→1, s1:1→1}"
11	92	11	142	1	0	0	0	0	0	0	0	""	"s1:1→1"
11	92	15	142	1	0	0	0	0	0	0	0	"s1:11→1"	"s1:1→1"
11	92	16	142	1	0	0	0	0	0	0	0	"{s1:3→1, s1:3→1, 11→1, s1:3→1, 9→1, s1:3→1, 9→1, 11→1, s1:3→2, s1:3→2, 11→1, s1:3→2, 9→1, s1:3→2, 9→1, 11→1, s1:3→3, s1:3→3, 11→1, s1:3→3, 9→1, s1:3→3, 9→1, 11→1, s1:9→1, s1:9→1, 11→1}"	"{s1:1→1, s1:1→1, s1:1→1, s1:1→1, s1:1→1, s1:1→1, s1:1→1, s1:1→1, s1:1→1, s1:1→1, s1:1→1, s1:1→1, s1:1→1, s1:1→1}"
11	93	11	136	0	1	0	0	0	0	0	0	"s1:11→1"	""
11	93	11	142	1	0	0	0	0	0	0	0	""	"s1:1→1"
11	93	15	142	1	0	0	0	0	0	0	0	"s1:11→1"	"s1:1→1"
11	93	16	142	1	0	0	0	0	0	0	0	"{s1:5→1, s1:5→1, 11→1, s1:5→1, 11→2, s1:5→1, 11→3, s1:5→1, 11→4}"	"{s1:1→1, s1:1→1, s1:1→1, s1:1→1, s1:1→1}"
11	93	17	142	1	0	0	0	0	0	0	0	"{s1:11→2, s1:11→3}"	"{s1:1→1, s1:1→1}"
11	93	18	142	1	0	0	0	0	0	0	0	"{s1:11→4, s1:11→5}"	"{s1:1→1, s1:1→1}"
11	94	11	136	0	1	0	0	0	0	0	0	"s1:11→1"	""
11	96	11	146	0	1	0	0	0	0	0	0	""	"s1:1→1"
11	96	11	147	0	1	0	0	0	0	0	0	"s1:8→1"	""
11	96	15	144	0	1	0	0	0	0	0	0	""	"s1:1→1, 11→1"
11	96	15	147	0	1	0	0	0	0	0	0	"{s1:2→1, 3→1, 8→1, 10→1, s1:3→1, 8→1}"	""
11	96	16	147	0	1	0	0	0	0	0	0	"{s1:10→1, s1:2→1, 10→1, s1:2→1, 8→1, 10→1, s1:3→1, 10→1, s1:3→1, 8→1, 10→1}"	""
11	96	17	147	0	1	0	0	0	0	0	0	"s1:8→1, 10→1"	""
11	97	11	139	0	1	0	0	0	0	0	0	"s1:11→1"	""
11	97	15	138	0	1	0	0	0	0	0	0	""	"s1:3→1"
11	97	16	139	0	1	0	0	0	0	0	0	"{s1:4→1, s1:4→1, 11→1, s1:4→1, 9→1, 11→1, s1:9→1, 11→1}"	""
11	98	11	144	0	1	0	0	0	0	0	0	"s1:11→1"	""
11	98	15	144	0	1	0	0	0	0	0	0	"s1:2→1, 11→1"	""
11	98	16	144	0	1	0	0	0	0	0	0	"{s1:1→1, 2→1, 9→1, 11→1, s1:2→1, 9→1, 11→1, s1:9→1, 11→1}"	""
11	99	11	121	0	0	1	0	0	0	0	0	"s1:11→1"	""
11	99	11	140	0	1	0	0	0	0	0	0	""	"s1:3→1"
11	99	11	141	0	1	0	0	0	0	0	0	"s1:11→1"	""
11	99	15	140	0	1	0	0	0	0	0	0	"s1:11→1"	"s1:3→1"
11	99	15	147	1	0	0	0	0	0	0	0	"s1:2→1, 4→1, 11→2"	"{s1:8→1, s1:8→1}"
11	99	16	138	0	1	0	0	0	0	0	0	"s1:11→1"	"{s1:3→1, 1→1, s1:3→1, 1→1}"
11	99	16	147	1	0	0	0	0	0	0	0	"{s1:11→1, s1:11→2, s1:2→1, 4→1, s1:2→1, 4→1, 11→1, s1:2→1, 4→1, 11→3, s1:4→1, s1:4→1, 11→1, s1:4→1, 11→2, s1:4→1, 11→3, s1:4→1, 11→4}"	"{s1:8→1, s1:8→1, s1:8→1, s1:8→1, s1:8→1, s1:8→1, s1:8→1, s1:8→1, s1:8→1, s1:8→1}"
11	99	17	147	1	0	0	0	0	0	0	0	"{s1:11→3, s1:11→4}"	"{s1:8→1, s1:8→1}"
11	99	18	141	0	1	0	0	0	0	0	0	"s1:11→2"	""
11	99	18	147	1	0	0	0	0	0	0	0	"s1:11→5"	"s1:8→1"
11	99	19	141	0	1	0	0	0	0	0	0	"s1:11→3"	""
11	100	11	138	0	1	0	0	0	0	0	0	""	"s1:3→1"
11	100	16	136	0	1	0	0	0	0	0	0	""	"s1:3→1, 1→1"
11	100	16	138	0	1	0	0	0	0	0	0	"s1:10→1"	"s1:3→1"
11	100	17	139	0	1	0	0	0	0	0	0	"s1:10→1"	""
11	101	11	138	0	1	0	0	0	0	0	0	""	"s1:11→1"
11	101	15	138	0	1	0	0	0	0	0	0	""	"s1:3→1"
11	101	16	136	0	1	0	0	0	0	0	0	""	"s1:3→1, 11→1"
11	101	16	139	0	1	0	0	0	0	0	0	"{s1:10→1, s1:4→1, s1:4→1, 10→1}"	""
11	102	11	138	0	1	0	0	0	0	0	0	"s1:11→1"	""
11	102	11	144	1	0	0	0	0	0	0	0	""	"s1:1→1"
11	102	15	138	0	1	0	0	0	0	0	0	"s1:4→1"	""
11	102	15	144	1	0	0	0	0	0	0	0	"s1:11→1"	"s1:1→1"
11	102	16	138	0	1	0	0	0	0	0	0	"{s1:4→1, 11→1, s1:4→1, 9→1, 11→1, s1:9→1, 11→1}"	""
11	102	16	144	1	0	0	0	0	0	0	0	"{s1:3→1, s1:3→1, 11→1, s1:3→1, 11→2, s1:3→1, 11→3, s1:3→1, 11→4, s1:3→1, 4→1, s1:3→1, 4→1, 11→1, s1:3→1, 4→1, 11→2, s1:3→1, 4→1, 11→3, s1:3→1, 4→1, 9→1, 11→1, s1:3→1, 4→1, 9→1, 11→2, s1:3→1, 4→2, s1:3→1, 4→2, 11→1, s1:3→1, 4→2, 11→2, s1:3→1, 4→2, 9→1, 11→1, s1:3→1, 4→3, s1:3→1, 4→3, 11→1, s1:3→1, 4→4, s1:3→1, 9→1, 11→1, s1:3→1, 9→1, 11→2, s1:3→1, 9→1, 11→3, s1:3→1, 9→2, 11→2, s1:4→1, s1:4→1, 11→1, s1:4→1, 11→2, s1:4→1, 11→3, s1:4→1, 9→1, 11→1, s1:4→1, 9→1, 11→2, s1:4→1, 9→1, 11→3, s1:4→1, 9→2, 11→2, s1:4→2, s1:4→2, 11→1, s1:4→2, 11→2, s1:4→2, 11→3, s1:4→2, 9→1, 11→1, s1:4→2, 9→1, 11→2, s1:4→3, s1:4→3, 11→1, s1:4→3, 11→2, s1:4→3, 9→1, 11→1, s1:4→4, s1:4→4, 11→1, s1:9→1, 11→1, s1:9→1, 11→2}"	"{s1:1→1, s1:1→1, s1:1→1, s1:1→1, s1:1→1, s1:1→1, s1:1→1, s1:1→1, s1:1→1, s1:1→1, s1:1→1, s1:1→1, s1:1→1, s1:1→1, s1:1→1, s1:1→1, s1:1→1, s1:1→1, s1:1→1, s1:1→1, s1:1→1, s1:1→1, s1:1→1, s1:1→1, s1:1→1, s1:1→1, s1:1→1, s1:1→1, s1:1→1, s1:1→1, s1:1→1, s1:1→1, s1:1→1, s1:1→1, s1:1→1, s1:1→1, s1:1→1, s1:1→1, s1:1→1, s1:1→1, s1:1→1, s1:1→1, s1:1→1, s1:1→1}"
11	102	17	144	1	0	0	0	0	0	0	0	"{s1:11→2, s1:11→3, s1:4→1, 11→4, s1:9→1, 11→3, s1:9→1, 11→4, s1:9→2, 11→2, s1:9→2, 11→3}"	"{s1:1→1, s1:1→1, s1:1→1, s1:1→1, s1:1→1, s1:1→1, s1:1→1}"
11	102	18	144	1	0	0	0	0	0	0	0	"s1:11→4"	"s1:1→1"
11	103	11	138	1	0	0	0	0	0	0	0	""	"s1:1→1"
11	103	15	131	0	1	0	0	0	0	0	0	""	"s1:4→1"
11	103	16	138	1	0	0	0	0	0	0	0	"{s1:10→1, s1:5→1, s1:5→1, s1:5→1, 10→1}"	"{s1:9→1, s1:1→1, s1:1→1, s1:9→1, s1:1→1}"
11	104	11	235	0	1	0	0	0	0	0	0	"s1:1→1"	""
11	104	12	215	0	0	1	0	0	0	0	0	"s1:1→1"	""
11	104	12	241	1	0	0	0	0	0	0	0	"{s1:1→1, s1:1→2, s1:1→3, s1:1→4, s1:1→5}"	"{s1:3→1, s1:3→1, s1:3→1, s1:3→1, s1:3→1, s1:3→1}"
11	104	13	191	0	0	0	1	0	0	0	0	"s1:1→1"	""
11	104	13	215	0	0	1	0	0	0	0	0	"s1:1→2"	""
11	104	14	165	0	0	0	0	1	0	0	0	"s1:1→1"	""
11	104	15	138	0	0	0	0	0	1	0	0	"s1:1→1"	""
11	104	16	110	0	0	0	0	0	0	1	0	"s1:1→1"	""
11	105	11	137	0	1	0	0	0	0	0	0	"s1:1→1"	""
11	105	15	137	0	1	0	0	0	0	0	0	"s1:6→1"	""
11	105	16	137	0	1	0	0	0	0	0	0	"{s1:1→1, 10→1, s1:1→1, 6→1, s1:1→1, 6→1, 10→1, s1:6→1, 10→1}"	""
11	105	17	137	0	1	0	0	0	0	0	0	"s1:10→1"	""
11	106	11	143	0	1	0	0	0	0	0	0	""	"s1:11→1"
11	106	11	144	0	1	0	0	0	0	0	0	"s1:2→1"	""
11	106	16	144	0	1	0	0	0	0	0	0	"{s1:10→1, s1:1→1, 2→1, s1:1→1, 2→1, 10→1, s1:2→1, 10→1}"	""
11	107	11	137	0	1	0	0	0	0	0	0	"s1:2→1"	""
11	107	16	137	0	1	0	0	0	0	0	0	"{s1:1→1, 2→1, s1:1→1, 2→1, 10→1, s1:2→1, 10→1}"	""
11	107	16	144	1	0	0	0	0	0	0	0	"{s1:10→1, s1:1→1, 2→1, s1:1→1, 2→1, 10→1, s1:1→1, 2→2, s1:1→1, 2→2, 10→1, s1:1→1, 2→3, s1:1→1, 2→3, 10→1, s1:1→1, 2→4, s1:1→2, 2→2, s1:1→2, 2→2, 10→1, s1:1→2, 2→3, s1:2→1, s1:2→1, 10→1, s1:2→2, s1:2→2, 10→1, s1:2→3, s1:2→3, 10→1, s1:2→4, 10→1}"	"{s1:9→1, s1:9→1, s1:9→1, s1:9→1, s1:9→1, s1:9→1, s1:9→1, s1:9→1, s1:9→1, s1:9→1, s1:9→1, s1:9→1, s1:9→1, s1:9→1, s1:9→1, s1:9→1, s1:9→1, s1:9→1, s1:9→1}"
11	107	17	137	0	1	0	0	0	0	0	0	"s1:10→1"	""
11	107	17	144	1	0	0	0	0	0	0	0	"s1:2→4"	"s1:9→1"
11	108	11	138	0	1	0	0	0	0	0	0	"s1:2→1"	""
11	108	16	138	0	1	0	0	0	0	0	0	"{s1:1→1, 2→1, s1:1→1, 2→1, 8→1, s1:2→1, 8→1, s1:8→1}"	""
11	109	11	140	1	0	0	0	0	0	0	0	""	"s1:11→1"
11	109	15	140	1	0	0	0	0	0	0	0	"s1:2→1"	"s1:11→1"
11	109	16	140	1	0	0	0	0	0	0	0	"{s1:1→1, 2→1, s1:1→1, 2→1, 10→1, s1:1→1, 2→1, 4→1, s1:1→1, 2→1, 4→1, 10→1, s1:1→1, 2→1, 4→1, 8→1, s1:1→1, 2→1, 4→1, 8→1, 10→1, s1:1→1, 2→1, 8→1, s1:1→1, 2→1, 8→1, 10→1, s1:2→1, 10→1, s1:2→1, 4→1, s1:2→1, 4→1, 10→1, s1:2→1, 4→1, 8→1, s1:2→1, 4→1, 8→1, 10→1, s1:2→1, 8→1, s1:2→1, 8→1, 10→1, s1:4→1, s1:4→1, 10→1, s1:4→1, 8→1, s1:4→1, 8→1, 10→1, s1:8→1, s1:8→1, 10→1}"	"{s1:11→1, s1:11→1, s1:11→1, s1:11→1, s1:11→1, s1:11→1, s1:11→1, s1:11→1, s1:11→1, s1:11→1, s1:11→1, s1:11→1, s1:11→1, s1:11→1, s1:11→1, s1:11→1, s1:11→1, s1:11→1, s1:11→1, s1:11→1, s1:11→1}"
11	109	17	133	0	1	0	0	0	0	0	0	"s1:10→1"	""
11	109	17	140	1	0	0	0	0	0	0	0	"s1:10→1"	"s1:11→1"
11	110	15	138	1	0	0	0	0	0	0	0	""	"s1:10→1"
11	110	16	138	1	0	0	0	0	0	0	0	"{s1:1→1, 2→1, s1:1→1, 2→1, s1:1→1, 2→1, 7→1, s1:1→1, 2→1, 9→1, s1:2→1, s1:2→1, s1:2→1, 7→1, s1:2→1, 9→1, s1:7→1, s1:9→1}"	"{s1:6→1, s1:10→1, s1:6→1, s1:10→1, s1:6→1, s1:10→1, s1:6→1, s1:10→1, s1:6→1, s1:10→1, s1:6→1}"
11	111	11	146	0	1	0	0	0	0	0	0	""	"{s1:11→1, s1:1→1}"
11	111	11	147	0	1	0	0	0	0	0	0	"s1:3→1"	""
11	111	15	147	0	1	0	0	0	0	0	0	"s1:2→1, 3→1, 9→1"	""
11	111	16	146	0	1	0	0	0	0	0	0	""	"s1:10→1"
11	111	16	147	0	1	0	0	0	0	0	0	"{s1:2→1, s1:2→1, 9→1, s1:3→1, 9→1}"	""
11	111	17	147	0	1	0	0	0	0	0	0	"{s1:2→1, 3→1, s1:9→1}"	""
11	112	11	121	0	0	1	0	0	0	0	0	"s1:11→1"	""
11	112	11	140	0	1	0	0	0	0	0	0	""	"s1:1→1"
11	112	11	141	0	1	0	0	0	0	0	0	"s1:11→1"	""
11	112	15	140	0	1	0	0	0	0	0	0	"s1:11→1"	"s1:1→1"
11	112	18	141	0	1	0	0	0	0	0	0	"s1:11→2"	""
11	112	19	141	0	1	0	0	0	0	0	0	"s1:11→3"	""
11	113	11	132	0	1	0	0	0	0	0	0	""	"s1:1→1"
11	113	11	140	1	0	0	0	0	0	0	0	""	"s1:11→1"
11	113	15	140	1	0	0	0	0	0	0	0	"s1:3→1"	"s1:11→1"
11	113	16	139	1	0	0	0	0	0	0	0	"{s1:10→1, s1:10→2, s1:2→1, s1:2→1, 10→1, s1:2→1, 10→2, s1:2→1, 10→3, s1:2→1, 10→4, s1:2→1, 3→1, s1:2→1, 3→1, 10→1, s1:2→1, 3→1, 10→2, s1:2→1, 3→1, 10→3, s1:3→1, s1:3→1, 10→1, s1:3→1, 10→2, s1:3→1, 10→3, s1:3→1, 10→4}"	"{s1:7→1, s1:7→1, s1:7→1, s1:7→1, s1:7→1, s1:7→1, s1:7→1, s1:7→1, s1:7→1, s1:7→1, s1:7→1, s1:7→1, s1:7→1, s1:7→1, s1:7→1, s1:7→1, s1:7→1}"
11	113	16	140	1	0	0	0	0	0	0	0	"{s1:2→1, s1:2→1, 10→1, s1:2→1, 3→1, s1:2→1, 3→1, 10→1, s1:2→1, 3→1, 8→1, s1:2→1, 3→1, 8→1, 10→1, s1:2→1, 8→1, s1:2→1, 8→1, 10→1, s1:3→1, 10→1, s1:3→1, 8→1, s1:3→1, 8→1, 10→1, s1:8→1, s1:8→1, 10→1}"	"{s1:11→1, s1:11→1, s1:11→1, s1:11→1, s1:11→1, s1:11→1, s1:11→1, s1:11→1, s1:11→1, s1:11→1, s1:11→1, s1:11→1, s1:11→1}"
11	113	17	133	0	1	0	0	0	0	0	0	"s1:10→1"	""
11	113	17	139	1	0	0	0	0	0	0	0	"{s1:10→3, s1:10→4}"	"{s1:7→1, s1:7→1}"
11	113	17	140	1	0	0	0	0	0	0	0	"s1:10→1"	"s1:11→1"
11	114	11	121	0	0	1	0	0	0	0	0	"s1:11→1"	""
11	114	11	140	0	1	0	0	0	0	0	0	""	"s1:1→1"
11	114	11	141	0	1	0	0	0	0	0	0	"s1:11→1"	""
11	114	15	140	0	1	0	0	0	0	0	0	"s1:11→1"	"s1:1→1"
11	114	15	147	1	0	0	0	0	0	0	0	"s1:3→1, 4→1, 11→2"	"{s1:8→1, s1:8→1}"
11	114	16	140	0	1	0	0	0	0	0	0	"s1:11→1"	"{s1:2→1, s1:2→1}"
11	114	16	147	1	0	0	0	0	0	0	0	"{s1:11→1, s1:11→2, s1:3→1, s1:3→1, 11→1, s1:3→1, 11→2, s1:3→1, 11→3, s1:3→1, 11→4, s1:3→1, 4→1, s1:3→1, 4→1, 11→1, s1:3→1, 4→1, 11→3, s1:4→1, s1:4→1, 11→1, s1:4→1, 11→2, s1:4→1, 11→3}"	"{s1:8→1, s1:8→1, s1:8→1, s1:8→1, s1:8→1, s1:8→1, s1:8→1, s1:8→1, s1:8→1, s1:8→1, s1:8→1, s1:8→1, s1:8→1, s1:8→1}"
11	114	17	147	1	0	0	0	0	0	0	0	"{s1:11→3, s1:11→4, s1:4→1, 11→4}"	"{s1:8→1, s1:8→1, s1:8→1}"
11	114	18	141	0	1	0	0	0	0	0	0	"s1:11→2"	""
11	114	18	147	1	0	0	0	0	0	0	0	"s1:11→5"	"s1:8→1"
11	114	19	141	0	1	0	0	0	0	0	0	"s1:11→3"	""
11	115	11	138	0	1	0	0	0	0	0	0	""	"s1:1→1"
11	115	16	138	0	1	0	0	0	0	0	0	"{s1:10→1, s1:10→1}"	"{s1:2→1, s1:1→1, s1:2→1}"
11	115	17	139	0	1	0	0	0	0	0	0	"s1:10→1"	""
11	116	11	136	0	1	0	0	0	0	0	0	"s1:11→1"	""
11	116	16	136	0	1	0	0	0	0	0	0	"{s1:5→1, s1:5→1, 11→1}"	""
11	117	11	136	0	1	0	0	0	0	0	0	"s1:11→1"	""
11	117	15	136	0	1	0	0	0	0	0	0	"s1:3→1"	""
11	117	16	136	0	1	0	0	0	0	0	0	"s1:3→1, 11→1"	""
11	118	11	137	0	1	0	0	0	0	0	0	""	"s1:11→1"
11	118	11	144	1	0	0	0	0	0	0	0	""	"s1:1→1"
11	118	15	138	0	1	0	0	0	0	0	0	"s1:4→1"	""
11	118	16	138	0	1	0	0	0	0	0	0	"{s1:10→1, s1:4→1, 10→1}"	""
11	118	16	144	1	0	0	0	0	0	0	0	"{s1:10→1, s1:3→1, s1:3→1, 10→1, s1:3→1, 10→2, s1:3→1, 10→3, s1:3→1, 10→4, s1:3→1, 4→1, s1:3→1, 4→1, 10→1, s1:3→1, 4→1, 10→2, s1:3→1, 4→1, 10→3, s1:3→1, 4→2, s1:3→1, 4→2, 10→1, s1:3→1, 4→2, 10→2, s1:3→1, 4→3, s1:3→1, 4→3, 10→1, s1:3→1, 4→4, s1:4→1, s1:4→1, 10→1, s1:4→1, 10→2, s1:4→1, 10→3, s1:4→1, 10→4, s1:4→2, s1:4→2, 10→1, s1:4→2, 10→2, s1:4→2, 10→3, s1:4→3, s1:4→3, 10→1, s1:4→3, 10→2, s1:4→4, s1:4→4, 10→1}"	"{s1:1→1, s1:1→1, s1:1→1, s1:1→1, s1:1→1, s1:1→1, s1:1→1, s1:1→1, s1:1→1, s1:1→1, s1:1→1, s1:1→1, s1:1→1, s1:1→1, s1:1→1, s1:1→1, s1:1→1, s1:1→1, s1:1→1, s1:1→1, s1:1→1, s1:1→1, s1:1→1, s1:1→1, s1:1→1, s1:1→1, s1:1→1, s1:1→1, s1:1→1, s1:1→1}"
11	118	17	144	1	0	0	0	0	0	0	0	"{s1:10→2, s1:10→3, s1:10→4}"	"{s1:1→1, s1:1→1, s1:1→1}"
11	119	11	138	1	0	0	0	0	0	0	0	""	"s1:1→1"
11	119	16	138	1	0	0	0	0	0	0	0	"{s1:10→1, s1:4→1, s1:4→1, 10→1, s1:4→1, 6→1, s1:4→1, 6→1, 10→1, s1:6→1, s1:6→1, 10→1}"	"{s1:1→1, s1:1→1, s1:1→1, s1:1→1, s1:1→1, s1:1→1, s1:1→1}"
11	120	16	138	1	0	0	0	0	0	0	0	"{s1:4→1, s1:4→1, 5→1, s1:5→1}"	"{s1:9→1, s1:9→1, s1:9→1, s1:9→1}"
11	121	11	112	0	0	0	0	0	0	1	0	"s1:1→1"	""
11	121	11	140	0	0	0	0	0	1	0	0	"s1:1→1"	""
11	121	11	167	0	0	0	0	1	0	0	0	"s1:1→1"	""
11	121	11	193	0	0	0	1	0	0	0	0	"s1:1→1"	""
11	121	11	217	0	0	1	0	0	0	0	0	"s1:11→1"	""
11	121	11	237	0	1	0	0	0	0	0	0	"{s1:11→1, s1:1→1, 11→1}"	""
11	121	11	243	1	0	0	0	0	0	0	0	""	"s1:9→1"
11	121	12	217	0	0	1	0	0	0	0	0	"s1:1→1, 11→1"	""
11	121	12	243	1	0	0	0	0	0	0	0	"{s1:1→1, s1:1→1, 11→1, s1:1→2, 11→1, s1:1→2, 11→2, s1:1→3, 11→2}"	"{s1:9→1, s1:9→1, s1:9→1, s1:9→1, s1:9→1}"
11	121	13	193	0	0	0	1	0	0	0	0	"s1:1→1, 11→1"	""
11	121	14	167	0	0	0	0	1	0	0	0	"s1:1→1, 11→1"	""
11	121	15	140	0	0	0	0	0	1	0	0	"s1:1→1, 11→1"	""
11	121	16	112	0	0	0	0	0	0	1	0	"s1:1→1, 11→1"	""
11	121	16	243	1	0	0	0	0	0	0	0	"{s1:1→4, s1:1→5}"	"{s1:9→1, s1:9→1}"
11	121	17	243	1	0	0	0	0	0	0	0	"{s1:11→2, s1:11→3}"	"{s1:9→1, s1:9→1}"
11	121	18	237	0	1	0	0	0	0	0	0	"s1:11→2"	""
11	121	18	243	1	0	0	0	0	0	0	0	"{s1:11→4, s1:11→5}"	"{s1:9→1, s1:9→1}"
11	121	19	217	0	0	1	0	0	0	0	0	"s1:11→2"	""
11	121	19	237	0	1	0	0	0	0	0	0	"s1:11→3"	""
11	121	20	237	0	1	0	0	0	0	0	0	"{s1:11→4, s1:11→5}"	""
11	122	11	-2	0	0	0	0	0	0	0	1	"s1:11→1"	""
11	122	11	113	0	0	0	0	0	0	1	0	"s1:11→1"	""
11	122	11	141	0	0	0	0	0	1	0	0	"s1:11→1"	""
11	122	11	168	0	0	0	0	1	0	0	0	"{s1:11→1, s1:1→1}"	""
11	122	11	194	0	0	0	1	0	0	0	0	"{s1:11→1, s1:1→1}"	""
11	122	11	218	0	0	1	0	0	0	0	0	"{s1:11→1, s1:1→1}"	""
11	122	11	238	0	1	0	0	0	0	0	0	"{s1:11→1, s1:1→1, s1:1→1, 11→1}"	""
11	122	11	245	1	0	0	0	0	0	0	0	"s1:11→1"	"{s1:2→1, s1:2→1}"
11	122	12	218	0	0	1	0	0	0	0	0	"s1:1→1, 11→1"	""
11	122	13	194	0	0	0	1	0	0	0	0	"s1:1→1, 11→1"	""
11	122	14	168	0	0	0	0	1	0	0	0	"s1:1→1, 11→1"	""
11	122	16	238	0	1	0	0	0	0	0	0	"s1:3→1"	""
11	122	16	245	1	0	0	0	0	0	0	0	"{s1:11→5, s1:1→1, s1:1→4, 7→1}"	"{s1:2→1, s1:2→1, s1:2→1}"
11	122	17	238	0	1	0	0	0	0	0	0	"{s1:1→1, 3→1, s1:1→2, 3→1}"	""
11	122	17	245	1	0	0	0	0	0	0	0	"{s1:1→1, 3→1, s1:1→2, 3→1, s1:1→3, 3→1, s1:1→4, 3→1, s1:3→1}"	"{s1:2→1, s1:2→1, s1:2→1, s1:2→1, s1:2→1}"
11	122	18	238	0	1	0	0	0	0	0	0	"{s1:11→2, s1:1→2, s1:1→3, 3→1, s1:1→4, 3→1}"	""
11	122	18	245	1	0	0	0	0	0	0	0	"{s1:1→2, s1:1→3}"	"{s1:2→1, s1:2→1}"
11	122	19	218	0	0	1	0	0	0	0	0	"s1:11→2"	""
11	122	19	238	0	1	0	0	0	0	0	0	"{s1:11→3, s1:1→3}"	""
11	122	19	245	1	0	0	0	0	0	0	0	"{s1:1→4, s1:1→5}"	"{s1:2→1, s1:2→1}"
11	122	20	238	0	1	0	0	0	0	0	0	"{s1:11→4, s1:11→5, s1:1→4, s1:1→5}"	""
11	123	11	114	0	0	0	1	0	0	0	0	"s1:1→1"	""
11	123	11	138	0	0	1	0	0	0	0	0	"s1:1→1"	""
11	123	11	158	0	1	0	0	0	0	0	0	"s1:1→1"	""
11	123	11	164	1	0	0	0	0	0	0	0	""	"s1:2→1"
11	123	15	158	0	1	0	0	0	0	0	0	"{s1:1→2, 10→1, s1:1→3, 10→1}"	""
11	123	15	164	1	0	0	0	0	0	0	0	"{s1:1→1, 10→1, s1:1→2, 10→1, s1:1→2, 10→2, s1:1→2, 10→3, s1:1→3, 10→1, s1:1→3, 10→2, s1:1→4, 10→1}"	"{s1:2→1, s1:2→1, s1:2→1, s1:2→1, s1:2→1, s1:2→1, s1:2→1}"
11	123	16	158	0	1	0	0	0	0	0	0	"{s1:1→1, 10→1, s1:1→4, 10→1}"	""
11	123	16	164	1	0	0	0	0	0	0	0	"{s1:10→1, s1:10→2, s1:10→3, s1:10→4, s1:10→5, s1:1→1, s1:1→1, 10→2, s1:1→1, 10→3, s1:1→1, 10→4}"	"{s1:2→1, s1:2→1, s1:2→1, s1:2→1, s1:2→1, s1:2→1, s1:2→1, s1:2→1, s1:2→1}"
11	123	17	158	0	1	0	0	0	0	0	0	"s1:10→1"	""
11	123	18	158	0	1	0	0	0	0	0	0	"s1:1→2"	""
11	123	18	164	1	0	0	0	0	0	0	0	"{s1:1→2, s1:1→3, s1:1→4}"	"{s1:2→1, s1:2→1, s1:2→1}"
11	123	19	158	0	1	0	0	0	0	0	0	"s1:1→3"	""
11	123	19	164	1	0	0	0	0	0	0	0	"s1:1→5"	"s1:2→1"
11	123	20	158	0	1	0	0	0	0	0	0	"{s1:1→4, s1:1→5}"	""
11	124	11	61	0	0	0	0	0	0	1	0	"s1:11→1"	""
11	124	11	89	0	0	0	0	0	1	0	0	"s1:11→1"	""
11	124	11	116	0	0	0	0	1	0	0	0	"s1:11→1"	""
11	124	11	142	0	0	0	1	0	0	0	0	"s1:11→1"	""
11	124	11	166	0	0	1	0	0	0	0	0	"{s1:11→1, s1:1→1}"	""
11	124	11	186	0	1	0	0	0	0	0	0	"{s1:11→1, s1:1→1}"	""
11	124	13	186	0	1	0	0	0	0	0	0	"s1:1→1, 11→1"	""
11	124	14	166	0	0	1	0	0	0	0	0	"s1:1→1, 11→1"	""
11	124	14	186	0	1	0	0	0	0	0	0	"{s1:1→1, 3→1, 11→2, s1:1→1, 3→1, 11→3}"	""
11	124	16	166	0	0	1	0	0	0	0	0	"s1:1→1, 11→2"	""
11	124	16	186	0	1	0	0	0	0	0	0	"{s1:1→1, 11→3, s1:1→3, 11→1, s1:1→3, 3→1, 11→1}"	""
11	124	17	186	0	1	0	0	0	0	0	0	"{s1:1→1, 11→4, s1:1→1, 3→1, s1:1→2, 3→1, s1:1→3, 3→1, s1:3→1}"	""
11	124	18	186	0	1	0	0	0	0	0	0	"{s1:11→2, s1:1→2}"	""
11	124	19	166	0	0	1	0	0	0	0	0	"s1:11→2"	""
11	124	19	186	0	1	0	0	0	0	0	0	"{s1:11→3, s1:1→3}"	""
11	124	20	186	0	1	0	0	0	0	0	0	"{s1:11→4, s1:11→5}"	""
11	125	11	116	0	0	0	1	0	0	0	0	"s1:11→1"	""
11	125	11	140	0	0	1	0	0	0	0	0	"{s1:11→1, s1:1→1}"	""
11	125	11	160	0	1	0	0	0	0	0	0	"{s1:11→1, s1:1→1}"	""
11	125	11	166	1	0	0	0	0	0	0	0	""	"s1:10→1"
11	125	14	160	0	1	0	0	0	0	0	0	"s1:1→1, 11→1"	""
11	125	14	166	1	0	0	0	0	0	0	0	"s1:1→1"	"s1:10→1"
11	125	15	140	0	0	1	0	0	0	0	0	"s1:1→1, 11→1"	""
11	125	15	166	1	0	0	0	0	0	0	0	"{s1:11→1, s1:11→2, s1:1→1, 11→1, s1:1→1, 11→1, s1:1→1, 11→2, s1:1→1, 11→3, s1:1→1, 3→1, 11→1, s1:1→1, 3→1, 11→2, s1:1→1, 3→1, 11→3, s1:1→2, 11→1, s1:1→2, 11→1, s1:1→2, 11→2, s1:1→2, 11→2, s1:1→2, 11→3, s1:1→2, 3→1, 11→1, s1:1→2, 3→1, 11→2, s1:1→3, 11→2, s1:1→3, 11→2, s1:1→3, 3→1, 11→1, s1:3→1, 11→1, s1:3→1, 11→2}"	"{s1:4→1, s1:4→1, s1:4→1, s1:10→1, s1:4→1, s1:4→1, s1:4→1, s1:10→1, s1:10→1, s1:10→1, s1:10→1, s1:4→1, s1:10→1, s1:4→1, s1:4→1, s1:10→1, s1:10→1, s1:10→1, s1:4→1, s1:10→1, s1:10→1, s1:10→1}"
11	125	16	160	0	1	0	0	0	0	0	0	"{s1:1→1, 11→2, s1:1→2, 11→1, s1:1→2, 11→2, s1:1→2, 11→3, s1:1→3, 11→2}"	""
11	125	16	166	1	0	0	0	0	0	0	0	"{s1:11→1, s1:11→3, s1:11→4, s1:1→1, s1:1→1, 11→2, s1:1→1, 11→3, s1:1→1, 11→4, s1:1→1, 3→1, s1:1→2, s1:1→2, s1:1→2, 11→3, s1:1→2, 3→1, s1:1→3, 11→1, s1:1→3, 11→1, s1:1→3, 3→1, s1:1→4, 11→1, s1:1→4, 11→1, s1:1→4, 3→1, s1:3→1, s1:3→1, 11→3, s1:3→1, 11→4}"	"{s1:10→1, s1:4→1, s1:4→1, s1:4→1, s1:10→1, s1:10→1, s1:4→1, s1:10→1, s1:10→1, s1:4→1, s1:10→1, s1:10→1, s1:10→1, s1:4→1, s1:10→1, s1:10→1, s1:4→1, s1:10→1, s1:10→1, s1:10→1, s1:10→1}"
11	125	17	160	0	1	0	0	0	0	0	0	"{s1:1→1, 11→3, s1:1→1, 11→4, s1:1→3, 11→1}"	""
11	125	17	166	1	0	0	0	0	0	0	0	"{s1:11→5, s1:1→1, 11→4, s1:1→3, s1:1→3, s1:1→4, s1:1→4}"	"{s1:4→1, s1:10→1, s1:10→1, s1:4→1, s1:10→1, s1:4→1}"
11	125	18	160	0	1	0	0	0	0	0	0	"{s1:11→2, s1:1→2}"	""
11	125	18	166	1	0	0	0	0	0	0	0	"{s1:11→2, s1:11→3, s1:1→5, s1:1→5}"	"{s1:10→1, s1:10→1, s1:10→1, s1:4→1}"
11	125	19	160	0	1	0	0	0	0	0	0	"{s1:11→3, s1:1→3}"	""
11	125	19	166	1	0	0	0	0	0	0	0	"{s1:11→4, s1:11→5}"	"{s1:10→1, s1:10→1}"
11	125	20	160	0	1	0	0	0	0	0	0	"{s1:11→4, s1:11→5}"	""
11	126	11	121	0	0	1	0	0	0	0	0	"s1:1→1"	""
11	126	11	141	0	1	0	0	0	0	0	0	"s1:1→1"	""
11	126	15	147	1	0	0	0	0	0	0	0	"s1:1→2, 8→1"	"{s1:4→1, s1:4→1}"
11	126	16	147	1	0	0	0	0	0	0	0	"{s1:1→1, s1:1→1, 8→1, s1:1→2, s1:1→3, 8→1, s1:1→4, 8→1, s1:8→1}"	"{s1:4→1, s1:4→1, s1:4→1, s1:4→1, s1:4→1, s1:4→1}"
11	126	17	147	1	0	0	0	0	0	0	0	"{s1:1→3, s1:1→4}"	"{s1:4→1, s1:4→1}"
11	126	18	141	0	1	0	0	0	0	0	0	"s1:1→2"	""
11	126	18	147	1	0	0	0	0	0	0	0	"s1:1→5"	"s1:4→1"
11	126	19	141	0	1	0	0	0	0	0	0	"s1:1→3"	""
11	127	11	121	0	0	1	0	0	0	0	0	"s1:1→1"	""
11	127	11	140	0	1	0	0	0	0	0	0	""	"s1:11→1"
11	127	11	141	0	1	0	0	0	0	0	0	"s1:1→1"	""
11	127	15	140	0	1	0	0	0	0	0	0	"s1:1→1"	"s1:11→1"
11	127	16	140	0	1	0	0	0	0	0	0	"s1:1→1"	"{s1:10→1, s1:10→1}"
11	127	18	141	0	1	0	0	0	0	0	0	"s1:1→2"	""
11	127	19	141	0	1	0	0	0	0	0	0	"s1:1→3"	""
11	128	11	135	0	1	0	0	0	0	0	0	"s1:1→1"	""
11	128	11	141	1	0	0	0	0	0	0	0	""	"s1:11→1"
11	128	15	141	1	0	0	0	0	0	0	0	"s1:1→1"	"s1:11→1"
11	128	16	141	1	0	0	0	0	0	0	0	"{s1:1→1, 3→1, s1:1→1, 3→1, 7→1, s1:1→1, 3→1, 7→1, 9→1, s1:1→1, 3→1, 9→1, s1:1→1, 7→1, s1:1→1, 7→1, 9→1, s1:1→1, 9→1, s1:1→2, 3→1, s1:1→2, 3→1, 7→1, s1:1→2, 3→1, 7→1, 9→1, s1:1→2, 3→1, 9→1, s1:1→2, 7→1, s1:1→2, 7→1, 9→1, s1:1→2, 9→1, s1:1→3, 3→1, s1:1→3, 3→1, 7→1, s1:1→3, 3→1, 9→1, s1:1→3, 7→1, s1:1→3, 7→1, 9→1, s1:1→3, 9→1, s1:1→4, 3→1, s1:1→4, 7→1, s1:1→4, 9→1, s1:3→1, s1:3→1, 7→1, s1:3→1, 7→1, 9→1, s1:3→1, 9→1, s1:7→1, s1:7→1, 9→1, s1:9→1}"	"{s1:11→1, s1:11→1, s1:11→1, s1:11→1, s1:11→1, s1:11→1, s1:11→1, s1:11→1, s1:11→1, s1:11→1, s1:11→1, s1:11→1, s1:11→1, s1:11→1, s1:11→1, s1:11→1, s1:11→1, s1:11→1, s1:11→1, s1:11→1, s1:11→1, s1:11→1, s1:11→1, s1:11→1, s1:11→1, s1:11→1, s1:11→1, s1:11→1, s1:11→1, s1:11→1}"
11	128	17	141	1	0	0	0	0	0	0	0	"{s1:1→2, s1:1→3}"	"{s1:11→1, s1:11→1}"
11	128	18	141	1	0	0	0	0	0	0	0	"s1:1→4"	"s1:11→1"
11	129	15	138	1	0	0	0	0	0	0	0	""	"s1:10→1"
11	129	16	138	1	0	0	0	0	0	0	0	"{s1:1→1, s1:1→1, 3→1, s1:1→1, 3→1, 7→1, s1:1→1, 7→1, s1:3→1, s1:3→1, 7→1, s1:7→1}"	"{s1:10→1, s1:10→1, s1:10→1, s1:10→1, s1:10→1, s1:10→1, s1:10→1}"
11	130	16	138	1	0	0	0	0	0	0	0	"{s1:1→1, s1:1→1, 8→1, s1:8→1}"	"{s1:5→1, s1:5→1, s1:5→1, s1:5→1}"
11	131	11	143	0	1	0	0	0	0	0	0	""	"s1:11→1"
11	131	15	141	0	1	0	0	0	0	0	0	""	"s1:11→1, 1→1"
11	131	16	144	0	1	0	0	0	0	0	0	"{s1:10→1, s1:2→1, 10→1}"	""
11	132	11	146	0	1	0	0	0	0	0	0	""	"s1:11→1"
11	132	15	147	0	1	0	0	0	0	0	0	"s1:3→1, 9→1"	""
11	132	16	146	0	1	0	0	0	0	0	0	""	"s1:10→1"
11	132	17	147	0	1	0	0	0	0	0	0	"s1:9→1"	""
11	133	11	131	0	1	0	0	0	0	0	0	""	"s1:11→1"
11	133	15	138	1	0	0	0	0	0	0	0	""	"s1:2→1"
11	133	16	138	1	0	0	0	0	0	0	0	"{s1:10→1, s1:10→1, s1:3→1, s1:3→1, 10→1, s1:5→1, s1:5→1, 10→1}"	"{s1:6→1, s1:2→1, s1:6→1, s1:6→1, s1:6→1, s1:2→1, s1:2→1}"
11	134	11	132	0	1	0	0	0	0	0	0	""	"s1:11→1"
11	134	11	140	1	0	0	0	0	0	0	0	""	"s1:1→1"
11	134	16	132	0	1	0	0	0	0	0	0	""	"s1:10→1"
11	134	16	139	1	0	0	0	0	0	0	0	"{s1:2→1, s1:2→1, 9→1, s1:2→2, s1:2→2, 9→1, s1:2→3, 9→1, s1:2→4, 9→1, s1:9→1}"	"{s1:5→1, s1:5→1, s1:5→1, s1:5→1, s1:5→1, s1:5→1, s1:5→1, s1:5→1}"
11	134	16	140	1	0	0	0	0	0	0	0	"{s1:2→1, 4→1, s1:2→1, 4→1, 9→1, s1:2→1, 9→1, s1:4→1, s1:4→1, 9→1, s1:9→1}"	"{s1:1→1, s1:1→1, s1:1→1, s1:1→1, s1:1→1, s1:1→1}"
11	134	17	133	0	1	0	0	0	0	0	0	"s1:2→1"	""
11	134	17	139	1	0	0	0	0	0	0	0	"{s1:2→3, s1:2→4}"	"{s1:5→1, s1:5→1}"
11	134	17	140	1	0	0	0	0	0	0	0	"s1:2→1"	"s1:1→1"
11	135	11	132	0	1	0	0	0	0	0	0	""	"s1:11→1"
11	135	11	140	1	0	0	0	0	0	0	0	""	"s1:1→1"
11	135	16	140	1	0	0	0	0	0	0	0	"{s1:10→1, s1:2→1, 10→1, s1:2→1, 4→1, s1:2→1, 4→1, 10→1, s1:2→1, 4→1, 8→1, s1:2→1, 4→1, 8→1, 10→1, s1:2→1, 8→1, s1:2→1, 8→1, 10→1, s1:4→1, s1:4→1, 10→1, s1:4→1, 8→1, s1:4→1, 8→1, 10→1, s1:8→1, s1:8→1, 10→1}"	"{s1:1→1, s1:1→1, s1:1→1, s1:1→1, s1:1→1, s1:1→1, s1:1→1, s1:1→1, s1:1→1, s1:1→1, s1:1→1, s1:1→1, s1:1→1, s1:1→1}"
11	135	17	133	0	1	0	0	0	0	0	0	"s1:2→1"	""
11	135	17	140	1	0	0	0	0	0	0	0	"s1:2→1"	"s1:1→1"
11	136	11	137	0	1	0	0	0	0	0	0	""	"s1:11→1"
11	136	16	138	0	1	0	0	0	0	0	0	"{s1:10→1, s1:4→1, s1:4→1, 10→1}"	""
11	137	17	139	0	1	0	0	0	0	0	0	"s1:2→1"	""
11	138	11	136	0	1	0	0	0	0	0	0	""	"s1:11→1"
11	138	16	137	0	1	0	0	0	0	0	0	"{s1:10→1, s1:2→1, 10→1}"	""
11	138	16	144	1	0	0	0	0	0	0	0	"{s1:10→1, s1:10→2, s1:10→3, s1:10→4, s1:2→1, s1:2→1, 10→1, s1:2→1, 10→2, s1:2→1, 10→3, s1:2→1, 10→4}"	"{s1:3→1, s1:3→1, s1:3→1, s1:3→1, s1:3→1, s1:3→1, s1:3→1, s1:3→1, s1:3→1, s1:3→1}"
11	138	17	137	0	1	0	0	0	0	0	0	"s1:2→1"	""
11	139	11	136	0	1	0	0	0	0	0	0	"s1:11→1"	""
11	139	16	136	0	1	0	0	0	0	0	0	"s1:2→1, 11→1"	""
11	139	16	143	1	0	0	0	0	0	0	0	"{s1:11→1, s1:11→2, s1:11→3, s1:2→1, s1:2→1, 11→1, s1:2→1, 11→2, s1:2→1, 11→3, s1:2→1, 11→4, s1:2→1, 9→1, s1:2→1, 9→1, 11→1, s1:2→1, 9→1, 11→2, s1:2→1, 9→1, 11→3, s1:9→1, s1:9→1, 11→1, s1:9→1, 11→2, s1:9→1, 11→3, s1:9→1, 11→4}"	"{s1:3→1, s1:3→1, s1:3→1, s1:3→1, s1:3→1, s1:3→1, s1:3→1, s1:3→1, s1:3→1, s1:3→1, s1:3→1, s1:3→1, s1:3→1, s1:3→1, s1:3→1, s1:3→1, s1:3→1, s1:3→1}"
11	139	17	136	0	1	0	0	0	0	0	0	"s1:2→1"	""
11	139	17	143	1	0	0	0	0	0	0	0	"s1:11→4"	"s1:3→1"
11	140	16	136	0	1	0	0	0	0	0	0	"{s1:10→1, s1:2→1, 10→1}"	""
11	140	16	143	1	0	0	0	0	0	0	0	"{s1:10→1, s1:10→2, s1:10→3, s1:10→4, s1:2→1, s1:2→1, 10→1, s1:2→1, 10→2, s1:2→1, 10→3, s1:2→1, 10→4}"	"{s1:3→1, s1:3→1, s1:3→1, s1:3→1, s1:3→1, s1:3→1, s1:3→1, s1:3→1, s1:3→1, s1:3→1}"
11	140	17	136	0	1	0	0	0	0	0	0	"s1:2→1"	""
11	141	11	136	0	1	0	0	0	0	0	0	"s1:11→1"	""
11	141	16	136	0	1	0	0	0	0	0	0	"s1:2→1, 11→1"	""
11	141	17	136	0	1	0	0	0	0	0	0	"s1:2→1"	""
11	142	17	134	0	1	0	0	0	0	0	0	"s1:2→1"	""
11	143	11	136	0	1	0	0	0	0	0	0	"s1:11→1"	""
11	143	16	142	1	0	0	0	0	0	0	0	"{s1:11→1, s1:11→2, s1:11→3, s1:5→1, s1:5→1, 11→1, s1:5→1, 11→2, s1:5→1, 11→3, s1:5→1, 11→4}"	"{s1:3→1, s1:3→1, s1:3→1, s1:3→1, s1:3→1, s1:3→1, s1:3→1, s1:3→1, s1:3→1}"
11	143	17	142	1	0	0	0	0	0	0	0	"{s1:11→4, s1:11→5}"	"{s1:3→1, s1:3→1}"
11	147	12	216	0	1	0	0	0	0	0	0	"s1:2→1"	""
11	147	13	196	0	0	1	0	0	0	0	0	"s1:2→1"	""
11	148	11	93	0	0	0	0	0	0	1	0	"s1:11→1"	""
11	148	11	121	0	0	0	0	0	1	0	0	"s1:11→1"	""
11	148	11	148	0	0	0	0	1	0	0	0	"s1:11→1"	""
11	148	11	174	0	0	0	1	0	0	0	0	"s1:11→1"	""
11	148	11	198	0	0	1	0	0	0	0	0	"{s1:11→1, s1:2→1}"	""
11	148	11	218	0	1	0	0	0	0	0	0	"{s1:11→1, s1:2→1}"	""
11	148	11	224	1	0	0	0	0	0	0	0	""	"s1:9→1"
11	148	12	218	0	1	0	0	0	0	0	0	"s1:2→1, 11→1"	""
11	148	13	198	0	0	1	0	0	0	0	0	"s1:2→1, 11→1"	""
11	148	16	218	0	1	0	0	0	0	0	0	"{s1:1→1, 2→1, s1:2→1, 11→4}"	""
11	148	16	224	1	0	0	0	0	0	0	0	"{s1:1→1, 2→3, s1:1→1, 2→4, s1:1→2, 2→3, s1:2→3}"	"{s1:9→1, s1:9→1, s1:9→1, s1:9→1}"
11	148	17	198	0	0	1	0	0	0	0	0	"s1:1→1, 2→1"	""
11	148	17	224	1	0	0	0	0	0	0	0	"{s1:11→2, s1:11→3, s1:2→4, s1:2→5}"	"{s1:9→1, s1:9→1, s1:9→1, s1:9→1}"
11	148	18	218	0	1	0	0	0	0	0	0	"{s1:11→2, s1:1→1, 2→2, s1:1→1, 2→3, s1:1→2, 2→2, s1:1→2, 2→3, s1:2→2}"	""
11	148	18	224	1	0	0	0	0	0	0	0	"{s1:11→4, s1:11→5}"	"{s1:9→1, s1:9→1}"
11	148	19	198	0	0	1	0	0	0	0	0	"s1:11→2"	""
11	148	19	218	0	1	0	0	0	0	0	0	"{s1:11→3, s1:2→3}"	""
11	148	20	218	0	1	0	0	0	0	0	0	"{s1:11→4, s1:11→5}"	""
11	149	11	121	0	0	1	0	0	0	0	0	"s1:11→1"	""
11	149	11	141	0	1	0	0	0	0	0	0	"s1:11→1"	""
11	149	16	147	1	0	0	0	0	0	0	0	"{s1:11→1, s1:11→2, s1:11→3, s1:1→1, 2→1, s1:1→1, 2→1, 11→1, s1:1→1, 2→1, 11→2, s1:1→1, 2→1, 11→3, s1:2→1, s1:2→1, 11→1, s1:2→1, 11→2, s1:2→1, 11→3, s1:2→1, 11→4}"	"{s1:6→1, s1:6→1, s1:6→1, s1:6→1, s1:6→1, s1:6→1, s1:6→1, s1:6→1, s1:6→1, s1:6→1, s1:6→1, s1:6→1, s1:6→1}"
11	149	17	147	1	0	0	0	0	0	0	0	"{s1:11→4, s1:11→5}"	"{s1:6→1, s1:6→1}"
11	149	18	141	0	1	0	0	0	0	0	0	"s1:11→2"	""
11	149	19	141	0	1	0	0	0	0	0	0	"s1:11→3"	""
11	150	12	215	0	1	0	0	0	0	0	0	""	"s1:11→1"
11	150	13	215	0	1	0	0	0	0	0	0	"s1:10→1"	"s1:11→1"
11	151	11	93	0	0	0	0	0	0	1	0	"s1:1→1"	""
11	151	11	121	0	0	0	0	0	1	0	0	"s1:1→1"	""
11	151	11	148	0	0	0	0	1	0	0	0	"s1:1→1"	""
11	151	11	174	0	0	0	1	0	0	0	0	"s1:1→1"	""
11	151	11	198	0	0	1	0	0	0	0	0	"s1:1→1"	""
11	151	11	217	0	1	0	0	0	0	0	0	""	"s1:11→1"
11	151	11	218	0	1	0	0	0	0	0	0	"s1:1→1"	""
11	151	11	224	1	0	0	0	0	0	0	0	""	"s1:3→1"
11	151	12	217	0	1	0	0	0	0	0	0	"s1:1→1"	"s1:11→1"
11	151	16	217	0	1	0	0	0	0	0	0	"s1:1→4"	"s1:11→1"
11	151	16	218	0	1	0	0	0	0	0	0	"s1:10→1"	""
11	151	16	224	1	0	0	0	0	0	0	0	"{s1:10→3, s1:10→4, s1:10→5}"	"{s1:3→1, s1:3→1, s1:3→1}"
11	151	17	198	0	0	1	0	0	0	0	0	"s1:10→1"	""
11	151	17	224	1	0	0	0	0	0	0	0	"{s1:1→2, s1:1→3}"	"{s1:3→1, s1:3→1}"
11	151	18	217	0	1	0	0	0	0	0	0	"s1:10→1"	"s1:11→1"
11	151	18	218	0	1	0	0	0	0	0	0	"{s1:10→2, s1:10→3, s1:1→2}"	""
11	151	18	224	1	0	0	0	0	0	0	0	"{s1:1→4, s1:1→5}"	"{s1:3→1, s1:3→1}"
11	151	19	198	0	0	1	0	0	0	0	0	"s1:1→2"	""
11	151	19	218	0	1	0	0	0	0	0	0	"s1:1→3"	""
11	151	20	218	0	1	0	0	0	0	0	0	"{s1:1→4, s1:1→5}"	""
11	152	11	141	0	0	0	0	1	0	0	0	"s1:1→1"	""
11	152	11	167	0	0	0	1	0	0	0	0	"s1:1→1"	""
11	152	11	191	0	0	1	0	0	0	0	0	"s1:11→1"	""
11	152	11	211	0	1	0	0	0	0	0	0	"s1:11→1"	""
11	152	11	218	1	0	0	0	0	0	0	0	""	"s1:2→1"
11	152	12	211	0	1	0	0	0	0	0	0	"s1:1→1, 11→1"	""
11	152	12	218	1	0	0	0	0	0	0	0	"s1:11→1"	"s1:2→1"
11	152	13	191	0	0	1	0	0	0	0	0	"s1:1→1, 11→1"	""
11	152	14	167	0	0	0	1	0	0	0	0	"s1:1→1, 11→1"	""
11	152	15	141	0	0	0	0	1	0	0	0	"s1:1→1, 11→1"	""
11	152	16	211	0	1	0	0	0	0	0	0	"{s1:1→1, 11→4, s1:9→1}"	""
11	152	16	218	1	0	0	0	0	0	0	0	"{s1:11→4, s1:11→5, s1:1→1, s1:1→4, 11→1, s1:9→1, 11→4, s1:9→3, s1:9→3, 11→1, s1:9→3, 11→2, s1:9→4, s1:9→4, 11→1}"	"{s1:2→1, s1:2→1, s1:2→1, s1:2→1, s1:2→1, s1:2→1, s1:2→1, s1:2→1, s1:2→1, s1:2→1}"
11	152	17	211	0	1	0	0	0	0	0	0	"{s1:9→1, 11→1, s1:9→1, 11→2}"	""
11	152	17	218	1	0	0	0	0	0	0	0	"{s1:1→1, 3→1, s1:1→2, 3→1, s1:1→3, 3→1, s1:1→4, 3→1, s1:3→1}"	"{s1:2→1, s1:2→1, s1:2→1, s1:2→1, s1:2→1}"
11	152	18	211	0	1	0	0	0	0	0	0	"{s1:11→2, s1:9→1, 11→3, s1:9→1, 11→4}"	""
11	152	18	218	1	0	0	0	0	0	0	0	"{s1:1→2, s1:1→3}"	"{s1:2→1, s1:2→1}"
11	152	19	211	0	1	0	0	0	0	0	0	"s1:11→3"	""
11	152	19	218	1	0	0	0	0	0	0	0	"{s1:1→4, s1:1→5}"	"{s1:2→1, s1:2→1}"
11	152	20	211	0	1	0	0	0	0	0	0	"{s1:11→4, s1:11→5}"	""
11	153	11	141	0	0	1	0	0	0	0	0	"s1:11→1"	""
11	153	11	161	0	1	0	0	0	0	0	0	"s1:11→1"	""
11	153	14	161	0	1	0	0	0	0	0	0	"s1:1→1, 11→1"	""
11	153	15	141	0	0	1	0	0	0	0	0	"s1:1→1, 11→1"	""
11	153	15	161	0	1	0	0	0	0	0	0	"{s1:1→1, 3→1, 11→2, s1:1→1, 3→1, 11→3, s1:1→1, 3→1, 9→1, 11→1, s1:1→1, 3→1, 9→1, 11→2, s1:1→2, 9→1, 11→2}"	""
11	153	16	161	0	1	0	0	0	0	0	0	"{s1:1→1, 11→2, s1:1→1, 9→1, 11→1, s1:1→1, 9→1, 11→2, s1:1→1, 9→1, 11→3, s1:1→2, 11→2, s1:1→2, 11→3, s1:3→1, 11→1, s1:3→1, 11→2, s1:3→1, 11→3, s1:3→1, 9→1, s1:3→1, 9→1, 11→1, s1:3→1, 9→1, 11→2, s1:3→1, 9→1, 11→3}"	""
11	153	17	161	0	1	0	0	0	0	0	0	"{s1:1→1, 11→3, s1:9→1, s1:9→1, 11→1, s1:9→1, 11→2, s1:9→1, 11→3}"	""
11	153	18	161	0	1	0	0	0	0	0	0	"s1:11→2"	""
11	153	19	161	0	1	0	0	0	0	0	0	"s1:11→3"	""
11	154	11	91	0	0	0	0	1	0	0	0	"s1:11→1"	""
11	154	11	117	0	0	0	1	0	0	0	0	"s1:11→1"	""
11	154	11	141	0	0	1	0	0	0	0	0	"{s1:11→1, s1:1→1}"	""
11	154	11	161	0	1	0	0	0	0	0	0	"{s1:11→1, s1:1→1}"	""
11	154	14	161	0	1	0	0	0	0	0	0	"s1:1→1, 11→1"	""
11	154	15	141	0	0	1	0	0	0	0	0	"s1:1→1, 11→1"	""
11	154	15	161	0	1	0	0	0	0	0	0	"{s1:1→1, 5→1, 11→2, s1:1→1, 5→1, 11→3, s1:1→2, 5→1, 11→2}"	""
11	154	16	161	0	1	0	0	0	0	0	0	"{s1:1→1, 11→2, s1:1→1, 5→1, s1:1→1, 5→1, 11→1, s1:1→2, 11→1, s1:1→2, 11→2, s1:1→2, 11→3, s1:1→2, 5→1, s1:1→2, 5→1, 11→1, s1:1→3, 11→2, s1:1→3, 5→1, s1:1→3, 5→1, 11→1, s1:5→1, 11→1, s1:5→1, 11→2, s1:5→1, 11→3, s1:5→1, 11→4}"	""
11	154	17	161	0	1	0	0	0	0	0	0	"{s1:1→1, 11→3, s1:1→1, 11→4, s1:1→3, 11→1, s1:5→1}"	""
11	154	18	161	0	1	0	0	0	0	0	0	"{s1:11→2, s1:1→2}"	""
11	154	19	161	0	1	0	0	0	0	0	0	"{s1:11→3, s1:1→3}"	""
11	154	20	161	0	1	0	0	0	0	0	0	"{s1:11→4, s1:11→5}"	""
11	155	11	121	0	0	1	0	0	0	0	0	"s1:1→1"	""
11	155	11	140	0	1	0	0	0	0	0	0	""	"s1:11→1"
11	155	11	141	0	1	0	0	0	0	0	0	"s1:1→1"	""
11	155	15	140	0	1	0	0	0	0	0	0	"s1:1→1"	"s1:11→1"
11	155	16	147	1	0	0	0	0	0	0	0	"{s1:10→1, s1:1→1, s1:1→1, 10→1, s1:1→2, s1:1→2, 10→1, s1:1→3, s1:1→3, 10→1, s1:1→4, 10→1}"	"{s1:6→1, s1:6→1, s1:6→1, s1:6→1, s1:6→1, s1:6→1, s1:6→1, s1:6→1, s1:6→1}"
11	155	17	147	1	0	0	0	0	0	0	0	"{s1:1→4, s1:1→5}"	"{s1:6→1, s1:6→1}"
11	155	18	141	0	1	0	0	0	0	0	0	"s1:1→2"	""
11	155	19	141	0	1	0	0	0	0	0	0	"s1:1→3"	""
11	156	11	121	0	0	1	0	0	0	0	0	"s1:1→1"	""
11	156	11	141	0	1	0	0	0	0	0	0	"s1:1→1"	""
11	156	18	141	0	1	0	0	0	0	0	0	"s1:1→2"	""
11	156	19	141	0	1	0	0	0	0	0	0	"s1:1→3"	""
11	157	11	140	1	0	0	0	0	0	0	0	""	"s1:11→1"
11	157	15	140	1	0	0	0	0	0	0	0	"s1:1→1"	"s1:11→1"
11	157	16	139	1	0	0	0	0	0	0	0	"{s1:10→1, s1:10→2, s1:10→3, s1:10→4, s1:1→1, s1:1→1, 10→1, s1:1→1, 10→2, s1:1→1, 10→3, s1:1→1, 10→4}"	"{s1:5→1, s1:5→1, s1:5→1, s1:5→1, s1:5→1, s1:5→1, s1:5→1, s1:5→1, s1:5→1, s1:5→1}"
11	157	16	140	1	0	0	0	0	0	0	0	"{s1:1→1, 10→1, s1:1→1, 6→1, s1:1→1, 6→1, 10→1, s1:6→1, s1:6→1, 10→1}"	"{s1:11→1, s1:11→1, s1:11→1, s1:11→1, s1:11→1}"
11	157	17	133	0	1	0	0	0	0	0	0	"s1:10→1"	""
11	157	17	140	1	0	0	0	0	0	0	0	"s1:10→1"	"s1:11→1"
11	158	15	138	1	0	0	0	0	0	0	0	""	"s1:2→1"
11	158	16	138	1	0	0	0	0	0	0	0	"{s1:3→1, s1:7→1}"	"{s1:8→1, s1:8→1, s1:2→1}"
11	159	11	140	1	0	0	0	0	0	0	0	""	"s1:1→1"
11	159	16	140	1	0	0	0	0	0	0	0	"{s1:10→1, s1:2→1, 10→1, s1:2→1, 6→1, s1:2→1, 6→1, 10→1, s1:6→1, s1:6→1, 10→1}"	"{s1:1→1, s1:1→1, s1:1→1, s1:1→1, s1:1→1, s1:1→1}"
11	159	17	133	0	1	0	0	0	0	0	0	"s1:2→1"	""
11	159	17	140	1	0	0	0	0	0	0	0	"s1:2→1"	"s1:1→1"
11	160	11	138	1	0	0	0	0	0	0	0	""	"s1:1→1"
11	160	16	138	1	0	0	0	0	0	0	0	"s1:8→1"	"{s1:7→1, s1:1→1}"
11	161	16	138	1	0	0	0	0	0	0	0	"s1:2→1"	"{s1:9→1, s1:9→1}"
11	162	11	179	0	0	1	0	0	0	0	0	"s1:11→1"	""
11	162	11	199	0	1	0	0	0	0	0	0	"s1:11→1"	""
11	162	13	199	0	1	0	0	0	0	0	0	"s1:2→1, 11→1"	""
11	162	14	179	0	0	1	0	0	0	0	0	"{s1:1→1, 2→1, 9→1, 11→1, s1:2→1, 11→1}"	""
11	162	15	179	0	0	1	0	0	0	0	0	"s1:2→1, 9→1, 11→1"	""
11	162	16	199	0	1	0	0	0	0	0	0	"{s1:2→1, 11→3, s1:2→1, 9→1, 11→3, s1:9→1, 11→1}"	""
11	162	17	179	0	0	1	0	0	0	0	0	"s1:9→1, 11→1"	""
11	162	18	199	0	1	0	0	0	0	0	0	"{s1:11→2, s1:9→1, 11→2, s1:9→1, 11→3, s1:9→2, 11→2, s1:9→2, 11→3}"	""
11	162	19	199	0	1	0	0	0	0	0	0	"s1:11→3"	""
11	163	11	179	0	0	1	0	0	0	0	0	"s1:2→1"	""
11	163	11	198	0	1	0	0	0	0	0	0	""	"s1:11→1"
11	163	11	199	0	1	0	0	0	0	0	0	"s1:2→1"	""
11	163	13	198	0	1	0	0	0	0	0	0	"s1:2→1"	"s1:11→1"
11	163	14	179	0	0	1	0	0	0	0	0	"s1:1→1, 2→1, 10→1"	""
11	163	15	179	0	0	1	0	0	0	0	0	"s1:2→1, 10→1"	""
11	163	16	199	0	1	0	0	0	0	0	0	"{s1:10→1, s1:1→1, 2→1, s1:2→1, 10→3}"	""
11	163	17	179	0	0	1	0	0	0	0	0	"{s1:10→1, s1:1→1, 2→1}"	""
11	163	18	198	0	1	0	0	0	0	0	0	"s1:10→1"	"s1:11→1"
11	163	18	199	0	1	0	0	0	0	0	0	"{s1:10→2, s1:10→3, s1:1→1, 2→2, s1:1→1, 2→3, s1:1→2, 2→2, s1:1→2, 2→3, s1:2→2}"	""
11	163	19	199	0	1	0	0	0	0	0	0	"s1:2→3"	""
11	164	11	121	0	0	1	0	0	0	0	0	"s1:1→1"	""
11	164	11	141	0	1	0	0	0	0	0	0	"{s1:11→1, s1:1→1}"	""
11	164	15	141	0	1	0	0	0	0	0	0	"s1:1→1, 11→1"	""
11	164	16	141	0	1	0	0	0	0	0	0	"{s1:1→1, 7→1, s1:1→1, 7→1, 11→1, s1:1→2, 7→1, s1:1→2, 7→1, 11→1, s1:1→3, 7→1, s1:1→3, 7→1, 11→1, s1:7→1, s1:7→1, 11→1}"	""
11	164	17	141	0	1	0	0	0	0	0	0	"{s1:1→2, 11→1, s1:1→3, 11→1}"	""
11	164	18	141	0	1	0	0	0	0	0	0	"s1:1→2"	""
11	164	19	141	0	1	0	0	0	0	0	0	"s1:1→3"	""
11	165	11	120	0	0	1	0	0	0	0	0	"s1:1→1"	""
11	165	11	140	0	1	0	0	0	0	0	0	"s1:1→1"	""
11	165	16	146	1	0	0	0	0	0	0	0	"{s1:10→1, s1:1→1, s1:1→1, 10→1, s1:1→2, s1:1→2, 10→1, s1:1→3, s1:1→3, 10→1, s1:1→4, s1:1→4, 10→1, s1:1→5}"	"{s1:8→1, s1:8→1, s1:8→1, s1:8→1, s1:8→1, s1:8→1, s1:8→1, s1:8→1, s1:8→1, s1:8→1, s1:8→1}"
11	165	18	140	0	1	0	0	0	0	0	0	"s1:1→2"	""
11	165	19	140	0	1	0	0	0	0	0	0	"s1:1→3"	""
11	166	11	198	0	1	0	0	0	0	0	0	""	"s1:1→1"
11	166	13	196	0	1	0	0	0	0	0	0	""	"s1:1→1, 11→1"
11	166	14	179	0	0	1	0	0	0	0	0	"s1:2→1, 10→1"	""
11	166	16	199	0	1	0	0	0	0	0	0	"s1:10→1"	""
11	166	17	179	0	0	1	0	0	0	0	0	"s1:10→1"	""
11	166	18	198	0	1	0	0	0	0	0	0	"s1:2→1"	"s1:1→1"
11	166	18	199	0	1	0	0	0	0	0	0	"{s1:10→2, s1:10→3}"	""
11	167	11	140	1	0	0	0	0	0	0	0	""	"s1:1→1"
11	167	16	133	0	1	0	0	0	0	0	0	"{s1:2→1, 8→1, s1:8→1}"	""
11	167	16	140	1	0	0	0	0	0	0	0	"{s1:2→1, 8→1, s1:2→1, 8→2, s1:2→1, 8→3, s1:2→1, 8→4, s1:8→1, s1:8→2, s1:8→3, s1:8→4}"	"{s1:1→1, s1:1→1, s1:1→1, s1:1→1, s1:1→1, s1:1→1, s1:1→1, s1:1→1}"
11	167	17	133	0	1	0	0	0	0	0	0	"s1:2→1"	""
11	167	17	140	1	0	0	0	0	0	0	0	"s1:2→1"	"s1:1→1"
11	168	16	133	0	1	0	0	0	0	0	0	"s1:6→1"	""
11	169	16	133	0	1	0	0	0	0	0	0	"{s1:4→1, s1:4→1, 10→1}"	""
11	169	17	133	0	1	0	0	0	0	0	0	"s1:10→1"	""
