"TH"	"index"	"Tmin"	"Delta"	"n2"	"n3"	"n4"	"n5"	"n6"	"n7"	"n8"	"n12"	"On -1"	"On -2/-3"	"LST gauge algebra"
14	1	20	126	1	2	0	0	0	0	1	0	"{s1:14→1 / s2:1→1 / s3:1→1 / s4:1→2, s1:1→1 / s2:14→1 / s3:14→1 / s4:14→3}"	"{s4:7→1, s4:7→1}"	"2 f5+su(3)+2(g2+su(2))"
14	1	21	126	1	2	0	0	0	0	1	0	"{s1:14→1 / s2:1→1 / s3:1→1 / s4:1→2, 14→1, s1:14→1 / s2:1→1 / s3:1→1 / s4:1→3, s1:14→1 / s2:1→1 / s3:1→1 / s4:1→3, 14→1, s1:14→1 / s2:1→1 / s3:1→1 / s4:1→4, 14→1}"	"{s4:17→1, s4:7→1, s4:17→1, s4:17→1}"	"2 f5+su(3)+2(g2+su(2))"
14	1	22	126	1	2	0	0	0	0	1	0	"s1:1→1 / s2:14→1 / s3:14→1 / s4:14→2"	"s4:7→1"	"2 f5+su(3)+2(g2+su(2))"
14	1	22	154	1	2	0	0	0	1	0	0	"{s1:14→1 / s2:1→1 / s3:1→1 / s4:1→2, s1:14→1 / s2:1→1 / s3:1→1 / s4:1→3, s1:14→1 / s2:1→1 / s3:1→1 / s4:1→3, 14→1, s1:14→1 / s2:1→1 / s3:1→1 / s4:1→4, 14→1, s1:1→1 / s2:14→1 / s3:14→1 / s4:14→3}"	"{s4:7→1, s4:7→1, s4:17→1, s4:17→1, s4:7→1}"	"2 f5+su(3)+2(g2+su(2))"
14	1	23	119	0	3	0	0	0	0	1	0	"{s1:14→1 / s2:1→1 / s3:1→1 / s4:1→1, s1:1→1 / s2:14→1 / s3:14→1 / s4:14→1}"	""	"2 f5+su(3)+2(g2+su(2))"
14	1	23	133	2	1	0	0	0	0	1	0	"s1:14→1 / s2:1→1 / s3:1→1 / s4:1→5"	"s3:16→1 / s4:7→1"	"2 f5+su(3)+2(g2+su(2))"
14	1	24	4	0	3	0	0	0	0	0	1	"s1:14→1 / s2:1→1 / s3:1→1 / s4:1→1"	""	"2 f5+su(3)+2(g2+su(2))"
14	1	24	11	1	2	0	0	0	0	0	1	"{s1:14→1 / s2:1→1 / s3:1→1 / s4:1→1, s1:14→1 / s2:1→1 / s3:1→1 / s4:1→2, s1:14→1 / s2:1→1 / s3:1→1 / s4:1→3, s1:14→1 / s2:1→1 / s3:1→1 / s4:1→4, s1:14→1 / s2:1→1 / s3:1→1 / s4:1→5, s1:14→1 / s2:1→1 / s3:1→2 / s4:1→1}"	"{s4:17→1, s4:17→1, s4:17→1, s4:17→1, s4:17→1, s4:16→1}"	"2 f5+su(3)+2(g2+su(2))"
14	1	24	17	2	1	0	0	0	0	0	1	"{s1:14→1 / s2:1→1 / s3:1→1 / s4:1→1, s1:14→1 / s2:1→1 / s3:1→1 / s4:1→2, s1:14→1 / s2:1→1 / s3:1→1 / s4:1→3, s1:14→1 / s2:1→1 / s3:1→1 / s4:1→4, s1:14→1 / s2:1→1 / s3:1→1 / s4:1→5, s1:14→1 / s2:1→1 / s3:1→2 / s4:1→2, s1:14→1 / s2:1→1 / s3:1→2 / s4:1→3, s1:14→1 / s2:1→1 / s3:1→2 / s4:1→4}"	"{s3:16→1 / s4:16→1, s3:16→1 / s4:16→1, s3:16→1 / s4:16→1, s3:16→1 / s4:16→1, s3:16→1 / s4:16→1, s3:16→1 / s4:16→1, s3:16→1 / s4:16→1, s3:16→1 / s4:16→1}"	"2 f5+su(3)+2(g2+su(2))"
14	1	24	18	2	1	0	0	0	0	0	1	"s1:14→1 / s2:1→1 / s3:1→1 / s4:1→3"	"s3:16→1 / s4:7→1"	"2 f5+su(3)+2(g2+su(2))"
14	1	24	99	0	2	1	0	0	0	1	0	"s1:1→1 / s2:14→1 / s3:14→1 / s4:14→1"	""	"2 f5+su(3)+2(g2+su(2))"
14	1	25	126	1	2	0	0	0	0	1	0	"{s1:14→1 / s2:1→1 / s3:1→1 / s4:1→1, s1:1→1 / s2:14→1 / s3:14→1 / s4:14→1}"	"{s4:17→1, s4:17→1}"	"2 f5+su(3)+2(g2+su(2))"
14	1	26	106	1	1	1	0	0	0	1	0	"s1:1→1 / s2:14→1 / s3:14→1 / s4:14→1"	"s4:17→1"	"2 f5+su(3)+2(g2+su(2))"
14	1	27	119	0	3	0	0	0	0	1	0	"s1:1→1 / s2:14→1 / s3:14→1 / s4:14→2"	""	"2 f5+su(3)+2(g2+su(2))"
14	1	27	132	2	1	0	0	0	0	1	0	"s1:1→1 / s2:14→1 / s3:14→1 / s4:14→1"	"s3:16→1 / s4:16→1"	"2 f5+su(3)+2(g2+su(2))"
14	1	27	133	2	1	0	0	0	0	1	0	"s1:14→1 / s2:1→1 / s3:1→1 / s4:1→4"	"s3:16→1 / s4:7→1"	"2 f5+su(3)+2(g2+su(2))"
14	1	28	126	1	2	0	0	0	0	1	0	"{s1:14→1 / s2:1→1 / s3:1→2 / s4:1→1, s1:1→1 / s2:14→1 / s3:14→2 / s4:14→1}"	"{s4:16→1, s4:16→1}"	"2 f5+su(3)+2(g2+su(2))"
14	1	28	132	2	1	0	0	0	0	1	0	"s1:14→1 / s2:1→1 / s3:1→1 / s4:1→1"	"s3:16→1 / s4:16→1"	"2 f5+su(3)+2(g2+su(2))"
14	1	29	126	1	2	0	0	0	0	1	0	"{s1:1→1 / s2:14→1 / s3:14→1 / s4:14→2, s1:1→1 / s2:14→1 / s3:14→2 / s4:14→1}"	"{s4:17→1, s4:17→1}"	"2 f5+su(3)+2(g2+su(2))"
14	1	30	119	0	3	0	0	0	0	1	0	"s1:1→1 / s2:14→1 / s3:14→1 / s4:14→3"	""	"2 f5+su(3)+2(g2+su(2))"
14	1	30	126	1	2	0	0	0	0	1	0	"{s1:14→1 / s2:1→1 / s3:1→1 / s4:1→2, s1:1→1 / s2:14→1 / s3:14→2 / s4:14→2, s1:1→1 / s2:14→1 / s3:14→3 / s4:14→1}"	"{s4:17→1, s4:16→1, s4:16→1}"	"2 f5+su(3)+2(g2+su(2))"
14	1	30	132	2	1	0	0	0	0	1	0	"s1:1→1 / s2:14→1 / s3:14→1 / s4:14→2"	"s3:16→1 / s4:16→1"	"2 f5+su(3)+2(g2+su(2))"
14	1	31	132	2	1	0	0	0	0	1	0	"s1:1→1 / s2:14→2 / s3:14→1 / s4:14→1"	"s3:16→1 / s4:16→1"	"2 f5+su(3)+2(g2+su(2))"
14	1	32	126	1	2	0	0	0	0	1	0	"{s1:1→1 / s2:14→1 / s3:14→1 / s4:14→3, s1:1→1 / s2:14→1 / s3:14→2 / s4:14→3}"	"{s4:17→1, s4:16→1}"	"2 f5+su(3)+2(g2+su(2))"
14	1	32	132	2	1	0	0	0	0	1	0	"{s1:14→1 / s2:1→1 / s3:1→1 / s4:1→2, s1:1→1 / s2:14→1 / s3:14→2 / s4:14→2}"	"{s3:16→1 / s4:16→1, s3:16→1 / s4:16→1}"	"2 f5+su(3)+2(g2+su(2))"
14	1	33	126	1	2	0	0	0	0	1	0	"s1:1→1 / s2:14→1 / s3:14→1 / s4:14→4"	"s4:17→1"	"2 f5+su(3)+2(g2+su(2))"
14	1	33	132	2	1	0	0	0	0	1	0	"{s1:1→1 / s2:14→1 / s3:14→1 / s4:14→3, s1:1→1 / s2:14→1 / s3:14→2 / s4:14→3}"	"{s3:16→1 / s4:16→1, s3:16→1 / s4:16→1}"	"2 f5+su(3)+2(g2+su(2))"
14	1	34	126	1	2	0	0	0	0	1	0	"{s1:14→1 / s2:1→1 / s3:1→1 / s4:1→3, s1:1→1 / s2:14→1 / s3:14→1 / s4:14→5, s1:1→1 / s2:14→1 / s3:14→2 / s4:14→4}"	"{s4:17→1, s4:17→1, s4:16→1}"	"2 f5+su(3)+2(g2+su(2))"
14	1	34	132	2	1	0	0	0	0	1	0	"{s1:1→1 / s2:14→1 / s3:14→1 / s4:14→4, s1:1→1 / s2:14→1 / s3:14→1 / s4:14→5, s1:1→1 / s2:14→1 / s3:14→2 / s4:14→4, s1:1→1 / s2:14→1 / s3:14→3 / s4:14→3}"	"{s3:16→1 / s4:16→1, s3:16→1 / s4:16→1, s3:16→1 / s4:16→1, s3:16→1 / s4:16→1}"	"2 f5+su(3)+2(g2+su(2))"
14	1	35	132	2	1	0	0	0	0	1	0	"{s1:14→1 / s2:1→1 / s3:1→1 / s4:1→3, s1:14→1 / s2:1→1 / s3:1→2 / s4:1→2, s1:1→1 / s2:14→1 / s3:14→2 / s4:14→5, s1:1→1 / s2:14→1 / s3:14→3 / s4:14→4, s1:1→1 / s2:14→1 / s3:14→3 / s4:14→5, s1:1→1 / s2:14→1 / s3:14→4 / s4:14→4, s1:1→1 / s2:14→1 / s3:14→4 / s4:14→5, s1:1→1 / s2:14→1 / s3:14→5 / s4:14→5}"	"{s3:16→1 / s4:16→1, s3:16→1 / s4:16→1, s3:16→1 / s4:16→1, s3:16→1 / s4:16→1, s3:16→1 / s4:16→1, s3:16→1 / s4:16→1, s3:16→1 / s4:16→1, s3:16→1 / s4:16→1}"	"2 f5+su(3)+2(g2+su(2))"
14	1	36	126	1	2	0	0	0	0	1	0	"s1:14→1 / s2:1→1 / s3:1→1 / s4:1→4"	"s4:17→1"	"2 f5+su(3)+2(g2+su(2))"
14	1	36	132	2	1	0	0	0	0	1	0	"s1:14→1 / s2:1→1 / s3:1→2 / s4:1→3"	"s3:16→1 / s4:16→1"	"2 f5+su(3)+2(g2+su(2))"
14	1	37	126	1	2	0	0	0	0	1	0	"s1:14→1 / s2:1→1 / s3:1→1 / s4:1→5"	"s4:17→1"	"2 f5+su(3)+2(g2+su(2))"
14	1	37	132	2	1	0	0	0	0	1	0	"{s1:14→1 / s2:1→1 / s3:1→1 / s4:1→4, s1:14→1 / s2:1→1 / s3:1→2 / s4:1→4}"	"{s3:16→1 / s4:16→1, s3:16→1 / s4:16→1}"	"2 f5+su(3)+2(g2+su(2))"
14	1	38	127	0	2	1	0	0	1	0	0	"s1:1→1 / s2:14→1 / s3:14→1 / s4:14→1"	""	"2 f5+su(3)+2(g2+su(2))"
14	1	38	132	2	1	0	0	0	0	1	0	"s1:14→1 / s2:1→1 / s3:1→1 / s4:1→5"	"s3:16→1 / s4:16→1"	"2 f5+su(3)+2(g2+su(2))"
14	1	38	133	2	1	0	0	0	0	1	0	"s1:1→1 / s2:14→1 / s3:14→1 / s4:14→5"	"s3:16→1 / s4:7→1"	"2 f5+su(3)+2(g2+su(2))"
14	1	42	147	0	3	0	0	0	1	0	0	"s1:1→1 / s2:14→1 / s3:14→1 / s4:14→1"	""	"2 f5+su(3)+2(g2+su(2))"
14	1	48	147	0	3	0	0	0	1	0	0	"s1:14→1 / s2:1→1 / s3:1→1 / s4:1→1"	""	"2 f5+su(3)+2(g2+su(2))"
14	1	87	132	2	1	0	0	0	0	1	0	"s1:14→1 / s2:1→1 / s3:1→1 / s4:1→4, 14→1"	"s3:16→1 / s4:16→1"	"2 f5+su(3)+2(g2+su(2))"
14	1	88	134	1	1	1	0	0	1	0	0	"s1:1→1 / s2:14→1 / s3:14→1 / s4:14→1"	"s4:17→1"	"2 f5+su(3)+2(g2+su(2))"
14	2	18	162	2	1	0	0	1	0	0	0	"{s1:14→1 / s2:1→1 / s3:1→1, 4→1, 14→1 / s4:1→1, 4→1, 14→1, s1:14→1 / s2:1→1 / s3:1→1, 4→1, 14→1 / s4:1→2, 4→1, 14→1, s1:14→1 / s2:1→1 / s3:4→1 / s4:1→2, 4→1, 14→1, s1:1→1 / s2:14→1 / s3:4→1, 14→1 / s4:4→1, 14→1}"	"{s3:16→1 / s4:16→1, s3:16→1 / s4:16→1, s3:16→1 / s4:16→1, s3:16→1 / s4:16→1}"	"e6+f5+2 su(3)+g2+su(2)"
14	2	18	175	0	3	0	1	0	0	0	0	"s1:14→1 / s2:4→1 / s3:1→1 / s4:1→2, 14→1"	""	"e6+f5+2 su(3)+g2+su(2)"
14	2	18	182	1	2	0	1	0	0	0	0	"{s1:14→1 / s2:4→1 / s3:1→1 / s4:1→2, 14→1, s1:14→1 / s2:4→1 / s3:1→1 / s4:1→3, 14→2, s1:14→1 / s2:4→1 / s3:1→2, 14→1 / s4:1→1}"	"{s4:17→1, s4:17→1, s4:17→1}"	"e6+f5+2 su(3)+g2+su(2)"
14	2	19	129	1	2	0	0	0	1	0	0	"s1:14→1 / s2:4→1 / s3:1→1 / s4:1→2, 14→1"	"s4:17→1"	"e6+f5+2 su(3)+g2+su(2)"
14	2	19	135	2	1	0	0	0	1	0	0	"{s1:14→1 / s2:1→1 / s3:4→1 / s4:1→1, 4→1, 14→1, s1:14→1 / s2:1→1 / s3:4→1 / s4:1→2, 4→1, 14→1, s1:14→1 / s2:1→1 / s3:4→1 / s4:1→3, 4→1, 14→1}"	"{s3:16→1 / s4:16→1, s3:16→1 / s4:16→1, s3:16→1 / s4:16→1}"	"e6+f5+2 su(3)+g2+su(2)"
14	2	19	149	0	3	0	0	1	0	0	0	"{s1:14→1 / s2:4→1 / s3:1→1 / s4:1→2, 14→1, s1:14→1 / s2:4→1 / s3:1→1 / s4:1→3, 14→1}"	""	"e6+f5+2 su(3)+g2+su(2)"
14	2	19	156	1	2	0	0	1	0	0	0	"{s1:14→1 / s2:4→1 / s3:1→1 / s4:1→1, 14→1, s1:14→1 / s2:4→1 / s3:1→1 / s4:1→2, 14→1, s1:14→1 / s2:4→1 / s3:1→1 / s4:1→3, 14→1, s1:14→1 / s2:4→1 / s3:1→1 / s4:1→3, 14→2}"	"{s4:17→1, s4:17→1, s4:17→1, s4:17→1}"	"e6+f5+2 su(3)+g2+su(2)"
14	2	19	162	2	1	0	0	1	0	0	0	"{s1:14→1 / s2:1→1 / s3:1→1, 14→1 / s4:1→1, 14→1, s1:14→1 / s2:1→1 / s3:1→1, 14→1 / s4:1→1, 4→1, 14→1, s1:14→1 / s2:1→1 / s3:1→1, 14→1 / s4:1→2, 14→1, s1:14→1 / s2:1→1 / s3:4→1 / s4:1→3, 4→1, 14→1, s1:1→1 / s2:14→1 / s3:4→1, 14→1 / s4:4→1, 14→2, s1:1→1 / s2:14→1 / s3:4→1, 14→2 / s4:4→1, 14→2}"	"{s3:16→1 / s4:16→1, s3:16→1 / s4:16→1, s3:16→1 / s4:16→1, s3:16→1 / s4:16→1, s3:16→1 / s4:16→1, s3:16→1 / s4:16→1}"	"e6+f5+2 su(3)+g2+su(2)"
14	2	20	101	1	2	0	0	0	0	1	0	"{s1:14→1 / s2:4→1 / s3:1→1 / s4:1→2, 14→1, s1:14→1 / s2:4→1 / s3:1→1 / s4:1→3, 14→1}"	"{s4:17→1, s4:17→1}"	"e6+f5+2 su(3)+g2+su(2)"
14	2	20	107	2	1	0	0	0	0	1	0	"{s1:14→1 / s2:1→1 / s3:4→1 / s4:1→1, 4→1, s1:14→1 / s2:1→1 / s3:4→1 / s4:1→1, 4→1, 14→1, s1:14→1 / s2:1→1 / s3:4→1 / s4:1→2, 4→1, 14→1, s1:14→1 / s2:1→1 / s3:4→1 / s4:1→3, 4→1, 14→1, s1:14→1 / s2:1→1 / s3:4→1 / s4:4→1}"	"{s3:16→1 / s4:16→1, s3:16→1 / s4:16→1, s3:16→1 / s4:16→1, s3:16→1 / s4:16→1, s3:16→1 / s4:16→1}"	"e6+f5+2 su(3)+g2+su(2)"
14	2	20	122	0	3	0	0	0	1	0	0	"s1:14→1 / s2:4→1 / s3:1→1 / s4:1→1"	""	"e6+f5+2 su(3)+g2+su(2)"
14	2	20	129	0	2	1	0	1	0	0	0	"s1:14→1 / s2:1→1 / s3:4→1 / s4:1→1, 14→1"	""	"e6+f5+2 su(3)+g2+su(2)"
14	2	20	129	1	2	0	0	0	1	0	0	"{s1:14→1 / s2:1→1 / s3:1→1 / s4:1→1, 4→3, s1:14→1 / s2:1→1 / s3:1→1 / s4:4→1, s1:14→1 / s2:4→1 / s3:1→1 / s4:1→1, 14→1, s1:14→1 / s2:4→1 / s3:1→1 / s4:1→3, 14→1, s1:14→1 / s2:4→1 / s3:1→1 / s4:1→4, 14→1}"	"{s4:17→1, s4:17→1, s4:17→1, s4:17→1, s4:17→1}"	"e6+f5+2 su(3)+g2+su(2)"
14	2	20	135	2	1	0	0	0	1	0	0	"{s1:14→1 / s2:1→1 / s3:1→1, 4→1 / s4:1→1, 4→1, s1:14→1 / s2:1→1 / s3:4→1 / s4:1→1, 4→1, s1:14→1 / s2:1→1 / s3:4→1 / s4:4→1}"	"{s3:16→1 / s4:16→1, s3:16→1 / s4:16→1, s3:16→1 / s4:16→1}"	"e6+f5+2 su(3)+g2+su(2)"
14	2	20	162	2	1	0	0	1	0	0	0	"{s1:14→1 / s2:1→1 / s3:4→1 / s4:4→1, s1:1→1 / s2:14→1 / s3:4→1, 14→2 / s4:4→1, 14→3, s1:1→1 / s2:14→1 / s3:4→1, 14→3 / s4:4→1, 14→3}"	"{s3:16→1 / s4:16→1, s3:16→1 / s4:16→1, s3:16→1 / s4:16→1}"	"e6+f5+2 su(3)+g2+su(2)"
14	2	20	175	0	3	0	1	0	0	0	0	"s1:14→1 / s2:4→1 / s3:1→1 / s4:1→3, 14→1"	""	"e6+f5+2 su(3)+g2+su(2)"
14	2	21	94	0	3	0	0	0	0	1	0	"{s1:14→1 / s2:1→1 / s3:1→1 / s4:1→1, 4→1, s1:14→1 / s2:4→1 / s3:1→1 / s4:1→1}"	""	"e6+f5+2 su(3)+g2+su(2)"
14	2	21	101	1	2	0	0	0	0	1	0	"{s1:14→1 / s2:1→1 / s3:1→1, 4→1 / s4:1→1, s1:14→1 / s2:1→1 / s3:1→1 / s4:1→1, 4→1, s1:14→1 / s2:1→1 / s3:1→1 / s4:1→1, 4→2, s1:14→1 / s2:1→1 / s3:1→1 / s4:1→1, 4→3, s1:14→1 / s2:1→1 / s3:1→1 / s4:4→1, s1:14→1 / s2:4→1 / s3:1→1 / s4:1→1, 14→1, s1:14→1 / s2:4→1 / s3:1→1 / s4:1→4, 14→1}"	"{s4:16→1, s4:17→1, s4:17→1, s4:17→1, s4:17→1, s4:17→1, s4:17→1}"	"e6+f5+2 su(3)+g2+su(2)"
14	2	21	102	0	2	1	0	0	1	0	0	"s1:14→1 / s2:1→1 / s3:4→1 / s4:1→1"	""	"e6+f5+2 su(3)+g2+su(2)"
14	2	21	107	2	1	0	0	0	0	1	0	"{s1:14→1 / s2:1→1 / s3:1→1, 4→1 / s4:1→1, 4→1, s1:14→1 / s2:1→1 / s3:1→1, 4→1 / s4:1→2, 4→1, s1:14→1 / s2:1→1 / s3:1→1 / s4:1→1, 4→1, s1:14→1 / s2:1→1 / s3:4→1 / s4:1→2, 4→1}"	"{s3:16→1 / s4:16→1, s3:16→1 / s4:16→1, s3:16→1 / s4:16→1, s3:16→1 / s4:16→1}"	"e6+f5+2 su(3)+g2+su(2)"
14	2	21	122	0	3	0	0	0	1	0	0	"s1:14→1 / s2:1→1 / s3:1→1 / s4:1→1, 4→1"	""	"e6+f5+2 su(3)+g2+su(2)"
14	2	21	129	1	2	0	0	0	1	0	0	"{s1:14→1 / s2:1→1 / s3:1→1 / s4:1→1, 4→1, s1:14→1 / s2:1→1 / s3:1→1 / s4:1→1, 4→2}"	"{s4:17→1, s4:17→1}"	"e6+f5+2 su(3)+g2+su(2)"
14	2	21	135	2	1	0	0	0	1	0	0	"{s1:14→1 / s2:1→1 / s3:1→1, 4→1 / s4:1→2, 4→1, s1:14→1 / s2:1→1 / s3:4→1 / s4:1→2, 4→1}"	"{s3:16→1 / s4:16→1, s3:16→1 / s4:16→1}"	"e6+f5+2 su(3)+g2+su(2)"
14	2	21	156	1	2	0	0	1	0	0	0	"s1:14→1 / s2:4→1 / s3:1→1 / s4:1→4, 14→1"	"s4:17→1"	"e6+f5+2 su(3)+g2+su(2)"
14	2	21	162	2	1	0	0	1	0	0	0	"{s1:1→1 / s2:14→1 / s3:4→1, 14→3 / s4:4→1, 14→4, s1:1→1 / s2:14→1 / s3:4→1, 14→4 / s4:4→1, 14→4}"	"{s3:16→1 / s4:16→1, s3:16→1 / s4:16→1}"	"e6+f5+2 su(3)+g2+su(2)"
14	2	22	74	0	2	1	0	0	0	1	0	"s1:14→1 / s2:1→1 / s3:4→1 / s4:1→1"	""	"e6+f5+2 su(3)+g2+su(2)"
14	2	22	94	0	3	0	0	0	0	1	0	"s1:14→1 / s2:1→1 / s3:1→1 / s4:1→1"	""	"e6+f5+2 su(3)+g2+su(2)"
14	2	22	107	2	1	0	0	0	0	1	0	"{s1:14→1 / s2:1→1 / s3:1→1 / s4:1→2, 4→1, s1:14→1 / s2:1→1 / s3:1→1 / s4:1→2, 4→2}"	"{s3:16→1 / s4:16→1, s3:16→1 / s4:16→1}"	"e6+f5+2 su(3)+g2+su(2)"
14	2	22	149	0	3	0	0	1	0	0	0	"s1:1→1 / s2:14→1 / s3:14→1 / s4:4→1, 14→2"	""	"e6+f5+2 su(3)+g2+su(2)"
14	2	22	156	1	2	0	0	1	0	0	0	"{s1:14→1 / s2:1→1 / s3:1→1 / s4:4→1, s1:1→1 / s2:14→1 / s3:14→1 / s4:4→1, 14→2}"	"{s4:17→1, s4:17→1}"	"e6+f5+2 su(3)+g2+su(2)"
14	2	23	101	1	2	0	0	0	0	1	0	"s1:14→1 / s2:1→1 / s3:1→1 / s4:1→1"	"s4:17→1"	"e6+f5+2 su(3)+g2+su(2)"
14	2	23	107	2	1	0	0	0	0	1	0	"{s1:14→1 / s2:1→1 / s3:1→1 / s4:1→1, s1:14→1 / s2:1→1 / s3:1→1 / s4:1→2}"	"{s3:16→1 / s4:16→1, s3:16→1 / s4:16→1}"	"e6+f5+2 su(3)+g2+su(2)"
14	2	23	122	0	3	0	0	0	1	0	0	"s1:14→1 / s2:1→1 / s3:1→1 / s4:1→1"	""	"e6+f5+2 su(3)+g2+su(2)"
14	2	23	129	0	2	1	0	1	0	0	0	"s1:14→1 / s2:1→1 / s3:4→1 / s4:1→1"	""	"e6+f5+2 su(3)+g2+su(2)"
14	2	23	129	1	2	0	0	0	1	0	0	"s1:14→1 / s2:1→1 / s3:1→1, 4→1 / s4:1→1"	"s4:16→1"	"e6+f5+2 su(3)+g2+su(2)"
14	2	23	135	2	1	0	0	0	1	0	0	"{s1:14→1 / s2:1→1 / s3:1→1 / s4:1→1, 4→1, s1:14→1 / s2:1→1 / s3:1→1 / s4:1→2, 4→1}"	"{s3:16→1 / s4:16→1, s3:16→1 / s4:16→1}"	"e6+f5+2 su(3)+g2+su(2)"
14	2	23	149	0	3	0	0	1	0	0	0	"{s1:14→1 / s2:4→1 / s3:1→1 / s4:1→1, s1:1→1 / s2:14→1 / s3:14→1 / s4:4→1, 14→3}"	""	"e6+f5+2 su(3)+g2+su(2)"
14	2	23	156	1	2	0	0	1	0	0	0	"{s1:14→1 / s2:1→1 / s3:1→1 / s4:1→1, 4→3, s1:1→1 / s2:14→1 / s3:14→1 / s4:4→1, 14→3, s1:1→1 / s2:14→1 / s3:14→1 / s4:4→2, 14→3}"	"{s4:17→1, s4:17→1, s4:17→1}"	"e6+f5+2 su(3)+g2+su(2)"
14	2	23	162	2	1	0	0	1	0	0	0	"s1:14→1 / s2:1→1 / s3:4→1 / s4:1→1, 4→1"	"s3:16→1 / s4:16→1"	"e6+f5+2 su(3)+g2+su(2)"
14	2	24	-21	0	3	0	0	0	0	0	1	"s1:14→1 / s2:4→1 / s3:1→1 / s4:1→1"	""	"e6+f5+2 su(3)+g2+su(2)"
14	2	24	-14	1	2	0	0	0	0	0	1	"{s1:14→1 / s2:1→1 / s3:1→1, 4→1 / s4:1→1, s1:14→1 / s2:1→1 / s3:1→1 / s4:1→1, 4→1, s1:14→1 / s2:1→1 / s3:1→1 / s4:1→1, 4→2, s1:14→1 / s2:1→1 / s3:1→1 / s4:1→1, 4→3, s1:14→1 / s2:1→1 / s3:1→1 / s4:4→1, s1:14→1 / s2:4→1 / s3:1→1 / s4:1→1}"	"{s4:16→1, s4:17→1, s4:17→1, s4:17→1, s4:17→1, s4:17→1}"	"e6+f5+2 su(3)+g2+su(2)"
14	2	24	-8	2	1	0	0	0	0	0	1	"{s1:14→1 / s2:1→1 / s3:1→1, 4→1 / s4:1→1, 4→1, s1:14→1 / s2:1→1 / s3:1→1, 4→1 / s4:1→2, 4→1, s1:14→1 / s2:1→1 / s3:1→1 / s4:1→1, 4→1, s1:14→1 / s2:1→1 / s3:1→1 / s4:1→2, 4→1, s1:14→1 / s2:1→1 / s3:1→1 / s4:1→2, 4→2, s1:14→1 / s2:1→1 / s3:4→1 / s4:1→1, 4→1, s1:14→1 / s2:1→1 / s3:4→1 / s4:1→2, 4→1, s1:14→1 / s2:1→1 / s3:4→1 / s4:1→3, 4→1, s1:14→1 / s2:1→1 / s3:4→1 / s4:4→1}"	"{s3:16→1 / s4:16→1, s3:16→1 / s4:16→1, s3:16→1 / s4:16→1, s3:16→1 / s4:16→1, s3:16→1 / s4:16→1, s3:16→1 / s4:16→1, s3:16→1 / s4:16→1, s3:16→1 / s4:16→1, s3:16→1 / s4:16→1}"	"e6+f5+2 su(3)+g2+su(2)"
14	2	24	135	2	1	0	0	0	1	0	0	"s1:14→1 / s2:1→1 / s3:1→1 / s4:1→2, 4→2"	"s3:16→1 / s4:16→1"	"e6+f5+2 su(3)+g2+su(2)"
14	2	24	136	1	1	1	0	1	0	0	0	"s1:1→1 / s2:14→1 / s3:14→1 / s4:4→1, 14→1"	"s4:17→1"	"e6+f5+2 su(3)+g2+su(2)"
14	2	24	156	1	2	0	0	1	0	0	0	"s1:14→1 / s2:1→1 / s3:1→1 / s4:1→1, 4→2"	"s4:17→1"	"e6+f5+2 su(3)+g2+su(2)"
14	2	25	-41	0	2	1	0	0	0	0	1	"s1:14→1 / s2:1→1 / s3:4→1 / s4:1→1"	""	"e6+f5+2 su(3)+g2+su(2)"
14	2	25	-21	0	3	0	0	0	0	0	1	"{s1:14→1 / s2:1→1 / s3:1→1 / s4:1→1, s1:14→1 / s2:1→1 / s3:1→1 / s4:1→1, 4→1}"	""	"e6+f5+2 su(3)+g2+su(2)"
14	2	25	-14	1	2	0	0	0	0	0	1	"s1:14→1 / s2:1→1 / s3:1→1 / s4:1→1"	"s4:17→1"	"e6+f5+2 su(3)+g2+su(2)"
14	2	25	-8	2	1	0	0	0	0	0	1	"{s1:14→1 / s2:1→1 / s3:1→1 / s4:1→1, s1:14→1 / s2:1→1 / s3:1→1 / s4:1→2, s1:14→1 / s2:1→1 / s3:4→1 / s4:1→1}"	"{s3:16→1 / s4:16→1, s3:16→1 / s4:16→1, s3:16→1 / s4:16→1}"	"e6+f5+2 su(3)+g2+su(2)"
14	2	25	129	1	2	0	0	0	1	0	0	"s1:14→1 / s2:1→1 / s3:1→1 / s4:1→1"	"s4:17→1"	"e6+f5+2 su(3)+g2+su(2)"
14	2	26	-21	0	3	0	0	0	0	0	1	"s1:14→1 / s2:4→1 / s3:1→1 / s4:1→2"	""	"e6+f5+2 su(3)+g2+su(2)"
14	2	26	-8	2	1	0	0	0	0	0	1	"s1:14→1 / s2:1→1 / s3:1→1, 4→1 / s4:1→2"	"s3:16→1 / s4:16→1"	"e6+f5+2 su(3)+g2+su(2)"
14	2	26	107	2	1	0	0	0	0	1	0	"s1:14→1 / s2:1→1 / s3:4→1 / s4:1→3, 4→1"	"s3:16→1 / s4:16→1"	"e6+f5+2 su(3)+g2+su(2)"
14	2	26	149	0	3	0	0	1	0	0	0	"s1:14→1 / s2:1→1 / s3:1→1 / s4:1→1, 4→1"	""	"e6+f5+2 su(3)+g2+su(2)"
14	2	26	156	1	2	0	0	1	0	0	0	"s1:1→1 / s2:14→1 / s3:14→1 / s4:4→1, 14→4"	"s4:17→1"	"e6+f5+2 su(3)+g2+su(2)"
14	2	26	162	2	1	0	0	1	0	0	0	"s1:14→1 / s2:1→1 / s3:1→1, 4→1 / s4:1→1, 4→1"	"s3:16→1 / s4:16→1"	"e6+f5+2 su(3)+g2+su(2)"
14	2	29	135	2	1	0	0	0	1	0	0	"s1:14→1 / s2:1→1 / s3:1→1 / s4:1→1"	"s3:16→1 / s4:16→1"	"e6+f5+2 su(3)+g2+su(2)"
14	2	31	129	0	2	1	0	1	0	0	0	"s1:1→1 / s2:14→1 / s3:14→1 / s4:4→1, 14→1"	""	"e6+f5+2 su(3)+g2+su(2)"
14	2	31	156	1	2	0	0	1	0	0	0	"s1:14→1 / s2:1→1 / s3:1→1 / s4:1→1, 4→1"	"s4:17→1"	"e6+f5+2 su(3)+g2+su(2)"
14	2	35	135	2	1	0	0	0	1	0	0	"s1:14→1 / s2:1→1 / s3:1→1 / s4:1→2"	"s3:16→1 / s4:16→1"	"e6+f5+2 su(3)+g2+su(2)"
14	2	39	129	0	2	1	0	1	0	0	0	"s1:1→1 / s2:14→1 / s3:14→1 / s4:14→1"	""	"e6+f5+2 su(3)+g2+su(2)"
14	2	40	107	2	1	0	0	0	0	1	0	"s1:14→1 / s2:1→1 / s3:4→1 / s4:1→1"	"s3:16→1 / s4:16→1"	"e6+f5+2 su(3)+g2+su(2)"
14	2	43	149	0	3	0	0	1	0	0	0	"s1:1→1 / s2:14→1 / s3:14→1 / s4:14→1"	""	"e6+f5+2 su(3)+g2+su(2)"
14	2	62	-8	2	1	0	0	0	0	0	1	"s1:14→1 / s2:1→1 / s3:4→1 / s4:1→4, 4→1"	"s3:16→1 / s4:16→1"	"e6+f5+2 su(3)+g2+su(2)"
14	2	62	149	0	3	0	0	1	0	0	0	"s1:14→1 / s2:1→1 / s3:1→1 / s4:1→1"	""	"e6+f5+2 su(3)+g2+su(2)"
14	2	93	136	1	1	1	0	1	0	0	0	"s1:1→1 / s2:14→1 / s3:14→1 / s4:14→1"	"s4:17→1"	"e6+f5+2 su(3)+g2+su(2)"
14	2	99	101	1	2	0	0	0	0	1	0	"s1:14→1 / s2:4→1 / s3:1→1 / s4:1→1"	"s4:17→1"	"e6+f5+2 su(3)+g2+su(2)"
14	2	129	-21	0	3	0	0	0	0	0	1	"s1:14→1 / s2:4→1 / s3:1→1 / s4:1→3"	""	"e6+f5+2 su(3)+g2+su(2)"
14	2	144	-14	1	2	0	0	0	0	0	1	"s1:14→1 / s2:4→1 / s3:1→1 / s4:1→2"	"s4:17→1"	"e6+f5+2 su(3)+g2+su(2)"
14	4	17	182	3	1	0	0	0	0	0	0	"s1:14→1 / s2:5→1 / s4:1→1"	"s2:15→1 / s3:2→1 / s4:15→1"	"e7+f5+su(3)+2(g2+su(2))"
14	4	17	183	3	1	0	0	0	0	0	0	"{s1:14→1 / s2:5→1 / s3:1→1 / s4:1→1, s1:14→1 / s2:5→1 / s4:1→1, s1:1→1, 14→1 / s3:5→1, s1:1→1 / s2:14→1 / s3:5→1 / s4:14→1, s1:1→1 / s2:14→1 / s4:5→1, 14→1, s1:1→1 / s3:5→1, 14→1 / s4:14→1}"	"{s2:15→1 / s3:15→1 / s4:13→1, s2:15→1 / s3:2→1 / s4:13→1, s2:13→1 / s3:15→1 / s4:2→1, s2:15→1 / s3:13→1 / s4:2→1, s2:15→1 / s3:13→1 / s4:2→1, s2:13→1 / s3:15→1 / s4:2→1}"	"e7+f5+su(3)+2(g2+su(2))"
14	4	18	156	2	1	1	0	0	0	0	0	"{s1:1→1 / s2:14→1 / s3:5→1 / s4:14→1, s1:1→1 / s2:14→1 / s3:5→1 / s4:14→1, s1:1→1 / s2:14→1 / s4:5→1, 14→1}"	"{s3:13→1 / s4:2→1, s3:16→1 / s4:2→1, s3:13→1 / s4:2→1}"	"e7+f5+su(3)+2(g2+su(2))"
14	4	18	157	2	1	1	0	0	0	0	0	"{s1:14→1 / s2:1→1 / s3:5→1 / s4:1→1, s1:1→1 / s2:14→1 / s4:1→1, 5→1, 14→1, s1:1→1 / s2:14→1 / s4:5→1}"	"{s3:16→1 / s4:13→1, s3:13→1 / s4:16→1, s3:13→1 / s4:16→1}"	"e7+f5+su(3)+2(g2+su(2))"
14	4	18	169	1	3	0	0	0	0	0	0	"{s1:14→1 / s2:1→1 / s3:1→1, 14→1 / s4:14→1, s1:14→1 / s2:1→1 / s3:1→1, 14→1 / s4:5→1, 14→1}"	"{s4:2→1, s4:2→1}"	"e7+f5+su(3)+2(g2+su(2))"
14	4	18	170	1	3	0	0	0	0	0	0	"{s1:14→1 / s2:1→1 / s3:1→1, 14→1 / s4:1→1, s1:14→1 / s2:1→1 / s3:1→1, 14→1 / s4:1→1, 5→1, s1:14→1 / s2:1→1 / s3:1→1, 14→1 / s4:1→1, 5→1, 14→1, s1:14→1 / s2:1→1 / s3:1→1, 14→1 / s4:1→1, 5→1, 14→1, s1:14→1 / s2:1→1 / s3:1→1, 14→1 / s4:5→1, s1:14→1 / s2:1→1 / s3:1→1, 14→1 / s4:5→1, s1:14→1 / s2:1→1 / s3:1→1, 14→1 / s4:5→1, 14→1}"	"{s4:13→1, s4:13→1, s4:13→1, s4:15→1, s4:15→1, s4:17→1, s4:16→1}"	"e7+f5+su(3)+2(g2+su(2))"
14	4	18	176	2	2	0	0	0	0	0	0	"{s1:14→1 / s2:1→1, 14→1 / s3:1→1 / s4:1→1, s1:14→1 / s2:1→1, 14→1 / s3:1→1 / s4:1→1, 14→1, s1:14→1 / s2:1→1, 14→1 / s3:1→1 / s4:1→1, 14→1, s1:14→1 / s2:1→1, 14→1 / s3:1→1 / s4:1→1, 5→1, 14→1, s1:14→1 / s2:1→1, 14→1 / s3:1→1 / s4:1→1, 5→1, 14→1, s1:14→1 / s2:1→1, 14→1 / s3:5→1, s1:14→1 / s2:1→1, 14→1 / s3:5→1, s1:14→1 / s2:1→1, 14→1 / s3:5→1, s1:14→1 / s2:1→1, 14→1 / s3:5→1, 14→1 / s4:1→1, s1:14→1 / s2:1→1, 14→1 / s3:5→1, 14→1 / s4:1→1, s1:14→1 / s2:1→1, 14→1 / s3:5→1 / s4:1→1, s1:14→1 / s2:1→1, 14→1 / s3:5→1 / s4:1→1, s1:14→1 / s2:1→1, 14→1 / s4:1→1, s1:14→1 / s2:1→1, 14→1 / s4:1→1, s1:14→1 / s2:1→1, 14→1 / s4:1→1, 5→1, 14→1, s1:14→1 / s2:1→1, 14→1 / s4:1→1, 5→1, 14→1, s1:14→1 / s2:1→1, 14→1 / s4:1→1, 5→1, 14→1, s1:14→1 / s2:1→1, 14→1 / s4:1→2, 14→1, s1:14→1 / s2:1→1, 14→1 / s4:1→2, 14→1, s1:14→1 / s2:1→1, 14→1 / s4:1→2, 14→1, s1:14→1 / s2:1→1, 14→1 / s4:1→2, 5→1, 14→1, s1:14→1 / s2:1→1, 14→1 / s4:1→2, 5→1, 14→1, s1:14→1 / s2:1→1, 14→1 / s4:1→2, 5→1, 14→1, s1:14→1 / s2:1→1, 14→1 / s4:1→3, 14→1, s1:14→1 / s2:1→1, 14→1 / s4:1→3, 5→1, 14→1, s1:14→1 / s2:1→1 / s3:14→1 / s4:1→1, 14→1, s1:14→1 / s2:1→1 / s3:14→1 / s4:1→1, 5→1, 14→1, s1:14→1 / s2:1→1 / s3:14→1 / s4:1→1, 5→1, 14→1, s1:14→1 / s2:1→1 / s3:14→1 / s4:1→1, 5→1, 14→2, s1:14→1 / s2:1→1 / s3:14→1 / s4:1→2, 14→2, s1:14→1 / s2:1→1 / s3:14→1 / s4:1→2, 14→2, s1:14→1 / s2:1→1 / s3:14→1 / s4:1→2, 14→3, s1:14→1 / s2:1→1 / s3:14→1 / s4:1→2, 5→1, 14→2, s1:14→1 / s2:1→1 / s3:14→1 / s4:1→2, 5→1, 14→2, s1:14→1 / s2:1→1 / s3:1→1, 14→1 / s4:1→1, 14→2, s1:14→1 / s2:1→1 / s3:1→1, 14→1 / s4:1→1, 14→2, s1:14→1 / s2:1→1 / s3:1→1, 14→1 / s4:1→1, 5→1, 14→1, s1:14→1 / s2:1→1 / s3:1→1, 14→1 / s4:1→1, 5→1, 14→2, s1:14→1 / s2:1→1 / s3:1→1, 14→1 / s4:1→1, 5→1, 14→3, s1:14→1 / s2:1→1 / s3:1→1, 14→1 / s4:1→2, 14→1, s1:14→1 / s2:1→1 / s3:1→1, 14→1 / s4:1→2, 14→2, s1:14→1 / s2:1→1 / s3:1→1, 14→1 / s4:1→2, 14→3, s1:14→1 / s2:1→1 / s3:1→1, 14→1 / s4:1→2, 5→1, 14→2, s1:14→1 / s2:1→1 / s3:1→1, 14→2 / s4:1→2, 14→2, s1:14→1 / s2:1→1 / s3:1→1, 14→2 / s4:1→2, 14→2, s1:14→1 / s2:1→1 / s3:1→1, 14→2 / s4:1→2, 5→1, 14→2, s1:14→1 / s2:1→1 / s3:1→1, 14→2 / s4:1→2, 5→1, 14→2, s1:14→1 / s2:1→1 / s3:1→1, 5→1, 14→1 / s4:1→1, 14→2, s1:14→1 / s2:1→1 / s3:1→1, 5→1, 14→1 / s4:1→1, 14→2, s1:14→1 / s2:1→1 / s3:1→1, 5→1 / s4:1→1, 14→1, s1:14→1 / s2:1→1 / s3:1→1 / s4:1→1, 5→1, 14→1, s1:14→1 / s2:1→1 / s3:1→1 / s4:1→2, 14→2, s1:14→1 / s2:1→1 / s3:1→1 / s4:1→2, 5→1, 14→2, s1:14→1 / s2:1→1 / s3:5→1, 14→1 / s4:14→1, s1:14→1 / s2:1→1 / s3:5→1, 14→1 / s4:1→1, 14→2, s1:14→1 / s2:1→1 / s3:5→1 / s4:14→1, s1:14→1 / s2:1→1 / s3:5→1 / s4:14→1, s1:14→1 / s2:1→1 / s3:5→1 / s4:1→1, 14→1, s1:14→1 / s2:1→2, 14→1 / s3:1→1 / s4:1→1, 5→1, s1:14→1 / s2:1→2, 14→1 / s4:1→1, s1:14→1 / s2:1→2, 14→1 / s4:1→1, 5→1, s1:14→1 / s2:1→2, 14→1 / s4:1→1, 5→1, s1:1→1, 14→1 / s2:1→1, 14→1, s1:1→1, 14→1 / s2:1→1, 14→1 / s4:14→1, s1:1→1, 14→1 / s2:1→1, 14→1 / s4:5→1, 14→1, s1:1→1 / s2:1→1, 14→1 / s4:14→1, s1:1→1 / s2:1→1, 14→1 / s4:5→1, 14→1, s1:1→1 / s2:1→1, 14→2 / s4:14→1, s1:1→1 / s2:1→1, 14→2 / s4:5→1, 14→2}"	"{s3:15→1 / s4:15→1, s3:13→1 / s4:2→1, s3:15→1 / s4:2→1, s3:13→1 / s4:2→1, s3:15→1 / s4:2→1, s3:13→1 / s4:2→1, s3:15→1 / s4:2→1, s3:16→1 / s4:2→1, s3:2→1 / s4:13→1, s3:2→1 / s4:15→1, s3:15→1 / s4:15→1, s3:16→1 / s4:16→1, s3:2→1 / s4:13→1, s3:2→1 / s4:15→1, s3:2→1 / s4:13→1, s3:2→1 / s4:15→1, s3:2→1 / s4:16→1, s3:2→1 / s4:13→1, s3:2→1 / s4:15→1, s3:2→1 / s4:16→1, s3:2→1 / s4:13→1, s3:2→1 / s4:15→1, s3:2→1 / s4:16→1, s3:2→1 / s4:13→1, s3:2→1 / s4:13→1, s3:2→1 / s4:15→1, s3:2→1 / s4:13→1, s3:2→1 / s4:15→1, s3:2→1 / s4:16→1, s3:2→1 / s4:13→1, s3:2→1 / s4:15→1, s3:2→1 / s4:16→1, s3:2→1 / s4:13→1, s3:2→1 / s4:15→1, s3:13→1 / s4:2→1, s3:15→1 / s4:2→1, s3:15→1 / s4:15→1, s3:15→1 / s4:2→1, s3:15→1 / s4:2→1, s3:2→1 / s4:13→1, s3:15→1 / s4:15→1, s3:15→1 / s4:2→1, s3:15→1 / s4:15→1, s3:2→1 / s4:13→1, s3:2→1 / s4:15→1, s3:2→1 / s4:13→1, s3:2→1 / s4:15→1, s3:13→1 / s4:2→1, s3:15→1 / s4:2→1, s3:13→1 / s4:2→1, s3:13→1 / s4:2→1, s3:13→1 / s4:2→1, s3:13→1 / s4:2→1, s3:16→1 / s4:2→1, s3:16→1 / s4:2→1, s3:13→1 / s4:2→1, s3:15→1 / s4:2→1, s3:15→1 / s4:15→1, s3:15→1 / s4:15→1, s3:2→1 / s4:13→1, s3:2→1 / s4:13→1, s3:2→1 / s4:15→1, s3:13→1 / s4:2→1, s3:13→1 / s4:2→1, s3:13→1 / s4:2→1, s3:13→1 / s4:2→1, s3:13→1 / s4:2→1, s3:13→1 / s4:2→1, s3:13→1 / s4:2→1}"	"e7+f5+su(3)+2(g2+su(2))"
14	4	18	177	2	2	0	0	0	0	0	0	"{s1:14→1 / s2:1→1, 14→1 / s3:1→1 / s4:1→1, s1:14→1 / s2:1→1, 14→1 / s3:1→1 / s4:1→1, s1:14→1 / s2:1→1, 14→1 / s3:1→1 / s4:1→1, 5→1, s1:14→1 / s2:1→1, 14→1 / s3:1→1 / s4:1→1, 5→1, s1:14→1 / s2:1→1, 14→1 / s3:5→1 / s4:1→1, s1:14→1 / s2:1→1, 14→1 / s3:5→1 / s4:1→1, s1:14→1 / s2:1→1, 14→1 / s3:5→1 / s4:1→1, s1:14→1 / s2:1→1 / s3:1→1, 14→1 / s4:1→1, s1:14→1 / s2:1→1 / s3:1→1, 14→1 / s4:1→1, 14→1, s1:14→1 / s2:1→1 / s3:1→1, 14→1 / s4:1→1, 5→1, s1:14→1 / s2:1→1 / s3:1→1, 14→1 / s4:1→1, 5→1, 14→1, s1:14→1 / s2:1→1 / s3:1→1, 14→1 / s4:1→1, 5→1, 14→2, s1:14→1 / s2:1→1 / s3:1→1 / s4:1→1, 5→1, 14→1, s1:14→1 / s2:1→1 / s3:1→1 / s4:1→2, 5→1, 14→1, s1:14→1 / s2:1→1 / s3:1→1 / s4:1→3, 14→2, s1:14→1 / s2:1→1 / s3:5→1, 14→1 / s4:1→1, 14→1, s1:14→1 / s2:1→1 / s3:5→1, 14→1 / s4:1→1, 14→1, s1:14→1 / s2:1→2, 14→1 / s3:1→1 / s4:1→1, s1:14→1 / s2:1→2, 14→1 / s3:1→1 / s4:1→1, 5→1, s1:1→1, 14→1 / s2:1→1, 14→1 / s4:5→1, s1:1→1 / s2:1→1, 14→1 / s3:14→1, s1:1→1 / s2:1→1, 14→1 / s4:5→1, s1:1→1 / s2:1→1, 14→1 / s4:5→1, 14→1, s1:1→1 / s2:1→1, 14→2 / s4:5→1, 14→1}"	"{s3:15→1 / s4:13→1, s3:16→1 / s4:13→1, s3:15→1 / s4:13→1, s3:16→1 / s4:13→1, s3:15→1 / s4:13→1, s3:16→1 / s4:13→1, s3:16→1 / s4:15→1, s3:16→1 / s4:13→1, s3:16→1 / s4:15→1, s3:16→1 / s4:13→1, s3:15→1 / s4:13→1, s3:15→1 / s4:16→1, s3:13→1 / s4:16→1, s3:13→1 / s4:15→1, s3:13→1 / s4:15→1, s3:16→1 / s4:13→1, s3:16→1 / s4:15→1, s3:15→1 / s4:13→1, s3:13→1 / s4:15→1, s3:13→1 / s4:16→1, s3:15→1 / s4:13→1, s3:13→1 / s4:16→1, s3:13→1 / s4:15→1, s3:13→1 / s4:15→1}"	"e7+f5+su(3)+2(g2+su(2))"
14	4	18	182	3	1	0	0	0	0	0	0	"{s1:14→1 / s2:14→1 / s3:1→1 / s4:1→1, 5→1, 14→1, s1:14→1 / s2:14→1 / s3:1→1 / s4:1→2, 5→1, 14→2, s1:14→1 / s2:1→1, 5→1 / s3:1→1, 14→1 / s4:1→3, 14→1, s1:14→1 / s2:1→1 / s3:1→1, 14→1 / s4:1→1, 5→1, 14→2, s1:14→1 / s2:1→1 / s3:1→1, 14→1 / s4:1→2, 14→1, s1:14→1 / s2:1→1 / s3:1→1, 14→1 / s4:1→2, 14→2, s1:14→1 / s2:1→1 / s3:1→1, 14→1 / s4:1→2, 5→1, 14→1, s1:14→1 / s2:1→1 / s3:1→1, 14→1 / s4:1→3, 14→2, s1:14→1 / s2:1→1 / s3:1→1, 14→1 / s4:1→3, 5→1, 14→1, s1:14→1 / s2:1→1 / s3:1→1, 5→1, 14→1 / s4:1→1, 14→1, s1:14→1 / s2:1→1 / s3:1→1, 5→1 / s4:1→2, 14→1, s1:14→1 / s2:1→1 / s3:1→1 / s4:1→1, 14→1, s1:14→1 / s2:1→1 / s3:1→2, 14→1 / s4:1→2, 14→2, s1:14→1 / s2:1→1 / s3:1→2, 14→1 / s4:1→3, 14→2, s1:14→1 / s2:1→1 / s3:1→2, 14→1 / s4:1→3, 5→1, 14→1, s1:14→1 / s2:1→1 / s3:1→2, 5→1, 14→1 / s4:1→2, 14→2, s1:14→1 / s2:1→1 / s3:1→2, 5→1, 14→1 / s4:1→3, 14→2, s1:14→1 / s2:5→1 / s3:14→1 / s4:1→1, s1:14→1 / s2:5→1 / s3:1→1, 14→1 / s4:1→1, 14→1, s1:14→1 / s3:1→1, 5→1, 14→1 / s4:1→2, 14→1, s1:14→1 / s3:1→1, 5→1 / s4:1→3, 14→1, s1:14→1 / s3:1→1 / s4:1→2, 14→1, s1:14→1 / s3:1→1 / s4:1→2, 5→1, 14→1, s1:14→1 / s3:1→1 / s4:1→3, 14→2, s1:14→1 / s3:1→2, 14→1 / s4:1→2, 14→1, s1:14→1 / s3:1→2, 14→1 / s4:1→2, 5→1, 14→1, s1:14→1 / s3:1→2, 14→1 / s4:1→3, 14→2, s1:14→1 / s3:1→3, 14→1 / s4:1→3, 5→1, 14→1, s1:1→1, 14→1 / s2:5→1, 14→1 / s4:1→1, 14→1, s1:1→1, 14→1 / s2:5→1, 14→1 / s4:1→1, 14→2, s1:1→1, 14→1 / s2:5→1 / s3:14→1 / s4:1→1, s1:1→1, 14→1 / s2:5→1 / s3:14→1 / s4:1→1, 14→1, s1:1→1, 14→1 / s2:5→1 / s4:1→1, s1:1→1, 14→1 / s2:5→1 / s4:1→1, 14→1, s1:1→1 / s2:14→1 / s3:14→1 / s4:14→1, s1:1→1 / s2:14→1 / s3:14→1 / s4:1→1, 14→1, s1:1→1 / s2:14→1 / s3:14→1 / s4:1→1, 14→2, s1:1→1 / s2:14→1 / s3:14→1 / s4:1→1, 5→1, 14→2, s1:1→1 / s2:14→1 / s3:14→1 / s4:1→1, 5→1, 14→3, s1:1→1 / s2:14→1 / s3:14→1 / s4:5→1, 14→2, s1:1→1 / s2:14→1 / s3:5→1, 14→1 / s4:14→1, s1:1→1 / s2:14→1 / s3:5→1, 14→1 / s4:1→1, 14→2, s1:1→1 / s2:14→1 / s3:5→1, 14→1 / s4:1→1, 14→3, s1:1→1 / s2:5→1, 14→1 / s3:14→1 / s4:1→1, 14→2}"	"{s2:2→1 / s3:15→1 / s4:15→1, s2:2→1 / s3:15→1 / s4:15→1, s2:15→1 / s3:2→1 / s4:15→1, s2:15→1 / s3:15→1 / s4:2→1, s2:15→1 / s3:2→1 / s4:15→1, s2:15→1 / s3:15→1 / s4:2→1, s2:15→1 / s3:2→1 / s4:15→1, s2:15→1 / s3:2→1 / s4:15→1, s2:15→1 / s3:2→1 / s4:15→1, s2:15→1 / s3:15→1 / s4:2→1, s2:15→1 / s3:15→1 / s4:2→1, s2:15→1 / s3:15→1 / s4:2→1, s2:15→1 / s3:15→1 / s4:2→1, s2:15→1 / s3:15→1 / s4:2→1, s2:15→1 / s3:2→1 / s4:15→1, s2:15→1 / s3:15→1 / s4:2→1, s2:15→1 / s3:15→1 / s4:2→1, s2:15→1 / s3:2→1 / s4:15→1, s2:15→1 / s3:15→1 / s4:2→1, s2:2→1 / s3:15→1 / s4:15→1, s2:2→1 / s3:15→1 / s4:15→1, s2:2→1 / s3:15→1 / s4:15→1, s2:2→1 / s3:15→1 / s4:15→1, s2:2→1 / s3:15→1 / s4:15→1, s2:2→1 / s3:15→1 / s4:15→1, s2:2→1 / s3:15→1 / s4:15→1, s2:2→1 / s3:15→1 / s4:15→1, s2:2→1 / s3:15→1 / s4:15→1, s2:15→1 / s3:2→1 / s4:15→1, s2:15→1 / s3:2→1 / s4:15→1, s2:15→1 / s3:2→1 / s4:15→1, s2:15→1 / s3:2→1 / s4:15→1, s2:15→1 / s3:2→1 / s4:15→1, s2:15→1 / s3:2→1 / s4:15→1, s2:15→1 / s3:15→1 / s4:2→1, s2:15→1 / s3:2→1 / s4:15→1, s2:15→1 / s3:2→1 / s4:15→1, s2:15→1 / s3:2→1 / s4:15→1, s2:15→1 / s3:2→1 / s4:15→1, s2:15→1 / s3:15→1 / s4:2→1, s2:15→1 / s3:15→1 / s4:2→1, s2:15→1 / s3:15→1 / s4:2→1, s2:15→1 / s3:15→1 / s4:2→1, s2:15→1 / s3:2→1 / s4:15→1}"	"e7+f5+su(3)+2(g2+su(2))"
14	4	18	183	3	1	0	0	0	0	0	0	"{s1:14→1 / s2:14→1 / s3:1→1 / s4:1→1, 5→1, 14→1, s1:14→1 / s2:14→1 / s3:1→1 / s4:1→2, 14→1, s1:14→1 / s2:1→1 / s3:1→1, 14→1 / s4:1→1, s1:14→1 / s2:1→1 / s3:1→1, 14→1 / s4:1→2, 14→1, s1:14→1 / s2:1→1 / s3:1→1, 14→1 / s4:1→2, 14→1, s1:14→1 / s2:1→1 / s3:1→1, 14→1 / s4:1→2, 5→1, 14→1, s1:14→1 / s2:1→1 / s3:1→1, 14→1 / s4:1→2, 5→1, 14→1, s1:14→1 / s2:1→1 / s3:1→1, 14→1 / s4:1→3, 14→1, s1:14→1 / s2:1→1 / s3:1→1, 14→1 / s4:1→3, 5→1, 14→1, s1:14→1 / s2:1→1 / s3:1→1, 14→1 / s4:1→3, 5→1, 14→1, s1:14→1 / s2:1→1 / s3:1→1, 5→1, 14→1 / s4:1→1, 14→1, s1:14→1 / s2:1→1 / s3:1→1, 5→1 / s4:1→1, 14→1, s1:14→1 / s2:1→1 / s3:1→1, 5→1 / s4:1→2, 14→1, s1:14→1 / s2:1→1 / s3:1→1, 5→1 / s4:1→3, 14→1, s1:14→1 / s2:1→1 / s3:1→1 / s4:1→1, s1:14→1 / s2:1→1 / s3:1→1 / s4:1→1, 14→1, s1:14→1 / s2:1→1 / s3:1→1 / s4:1→1, 5→1, s1:14→1 / s2:1→1 / s3:1→1 / s4:1→1, 5→1, 14→1, s1:14→1 / s2:1→1 / s3:1→1 / s4:1→1, 5→1, 14→1, s1:14→1 / s2:1→1 / s3:1→1 / s4:1→2, 14→1, s1:14→1 / s2:1→1 / s3:1→1 / s4:1→2, 14→2, s1:14→1 / s2:1→1 / s3:1→1 / s4:1→2, 5→1, 14→1, s1:14→1 / s2:1→1 / s3:1→1 / s4:1→2, 5→1, 14→1, s1:14→1 / s2:1→1 / s3:1→1 / s4:1→2, 5→1, 14→2, s1:14→1 / s2:1→1 / s3:1→1 / s4:1→2, 5→1, 14→2, s1:14→1 / s2:1→1 / s3:1→1 / s4:1→3, 14→2, s1:14→1 / s2:1→1 / s3:1→1 / s4:1→3, 14→2, s1:14→1 / s2:1→1 / s3:1→1 / s4:1→3, 5→1, 14→1, s1:14→1 / s2:1→1 / s3:1→1 / s4:1→3, 5→1, 14→1, s1:14→1 / s2:1→1 / s3:1→2, 14→1 / s4:1→2, 14→1, s1:14→1 / s2:1→1 / s3:1→2, 14→1 / s4:1→3, 5→1, 14→1, s1:14→1 / s2:1→1 / s3:1→2, 5→1 / s4:1→2, 14→1, s1:14→1 / s2:5→1 / s3:14→1 / s4:1→1, s1:14→1 / s2:5→1 / s3:1→1, 14→1 / s4:1→1, s1:14→1 / s3:1→1, 5→1, 14→1 / s4:1→2, 14→1, s1:14→1 / s3:1→1 / s4:1→1, s1:14→1 / s3:1→1 / s4:1→1, 5→1, s1:14→1 / s3:1→1 / s4:1→1, 5→1, 14→1, s1:14→1 / s3:1→1 / s4:1→2, 14→1, s1:14→1 / s3:1→1 / s4:1→2, 14→1, s1:14→1 / s3:1→1 / s4:1→2, 5→1, 14→1, s1:14→1 / s3:1→1 / s4:1→2, 5→1, 14→1, s1:14→1 / s3:1→1 / s4:1→2, 5→1, 14→2, s1:14→1 / s3:1→1 / s4:1→3, 14→1, s1:14→1 / s3:1→1 / s4:1→3, 14→2, s1:14→1 / s3:1→1 / s4:1→3, 14→2, s1:14→1 / s3:1→1 / s4:1→3, 5→1, 14→1, s1:14→1 / s3:1→1 / s4:1→3, 5→1, 14→1, s1:14→1 / s3:1→2, 14→1 / s4:1→2, 14→1, s1:14→1 / s3:1→2, 14→1 / s4:1→2, 5→1, 14→1, s1:14→1 / s3:1→2, 14→1 / s4:1→3, 14→1, s1:14→1 / s3:1→2, 14→1 / s4:1→3, 5→1, 14→1, s1:14→1 / s3:1→2, 5→1, 14→1 / s4:1→3, 14→1, s1:1→1, 14→1 / s2:14→1 / s4:14→1, s1:1→1, 14→1 / s2:5→1, 14→1 / s3:14→1 / s4:1→1, s1:1→1, 14→1 / s2:5→1, 14→1 / s4:1→1, 14→1, s1:1→1, 14→1 / s2:5→1 / s3:14→1 / s4:1→1, s1:1→1, 14→1 / s2:5→1 / s4:1→1, s1:1→1, 14→1 / s3:14→1 / s4:1→1, 14→1, s1:1→1, 14→1 / s3:14→1 / s4:1→1, 5→1, 14→1, s1:1→1, 14→1 / s3:5→1, 14→1, s1:1→1, 14→1 / s3:5→1, 14→1 / s4:14→1, s1:1→1, 14→1 / s3:5→1 / s4:14→1, s1:1→1, 14→1 / s3:5→1 / s4:1→1, 14→1, s1:1→1, 14→1 / s3:5→1 / s4:1→1, 14→1, s1:1→1, 14→1 / s4:1→1, 14→1, s1:1→1, 14→1 / s4:1→1, 5→1, 14→1, s1:1→1, 14→1 / s4:1→1, 5→1, 14→2, s1:1→1, 14→1 / s4:1→2, 14→2, s1:1→1, 14→1 / s4:1→2, 14→3, s1:1→1, 14→1 / s4:1→2, 5→1, 14→1, s1:1→1, 14→1 / s4:1→2, 5→1, 14→2, s1:1→1 / s2:14→1 / s3:14→1 / s4:1→1, 14→1, s1:1→1 / s2:14→1 / s3:14→1 / s4:1→1, 14→1, s1:1→1 / s2:14→1 / s3:14→1 / s4:1→1, 5→1, 14→1, s1:1→1 / s2:14→1 / s3:14→1 / s4:1→1, 5→1, 14→2, s1:1→1 / s2:14→1 / s3:14→1 / s4:1→1, 5→1, 14→2, s1:1→1 / s2:14→1 / s3:14→1 / s4:1→2, 14→2, s1:1→1 / s2:14→1 / s3:14→1 / s4:1→2, 14→3, s1:1→1 / s2:14→1 / s3:14→1 / s4:1→2, 5→1, 14→2, s1:1→1 / s2:14→1 / s3:5→1, 14→1 / s4:1→1, 14→1, s1:1→1 / s2:14→1 / s3:5→1, 14→2 / s4:1→1, 14→1, s1:1→1 / s2:14→1 / s4:14→1, s1:1→1 / s2:14→1 / s4:1→1, 14→2, s1:1→1 / s2:14→1 / s4:1→1, 14→2, s1:1→1 / s2:14→1 / s4:1→1, 14→3, s1:1→1 / s2:14→1 / s4:1→1, 5→1, 14→2, s1:1→1 / s2:14→1 / s4:1→1, 5→1, 14→3, s1:1→1 / s2:14→1 / s4:1→1, 5→1, 14→3, s1:1→1 / s2:14→1 / s4:1→2, 14→3, s1:1→1 / s2:14→1 / s4:1→2, 14→3, s1:1→1 / s2:14→1 / s4:5→1, 14→1, s1:1→1 / s2:14→1 / s4:5→1, 14→2, s1:1→1 / s2:5→1, 14→1 / s3:14→1 / s4:1→1, 14→1, s1:1→1 / s3:14→1 / s4:1→1, 14→2, s1:1→1 / s3:14→1 / s4:1→1, 5→1, 14→2, s1:1→1 / s3:14→1 / s4:1→1, 5→1, 14→3, s1:1→1 / s3:14→1 / s4:1→2, 14→3, s1:1→1 / s3:5→1, 14→1 / s4:1→1, 14→2, s1:1→1 / s3:5→1, 14→1 / s4:1→1, 14→3}"	"{s2:2→1 / s3:13→1 / s4:15→1, s2:2→1 / s3:13→1 / s4:15→1, s2:15→1 / s3:15→1 / s4:13→1, s2:13→1 / s3:2→1 / s4:15→1, s2:15→1 / s3:2→1 / s4:13→1, s2:13→1 / s3:2→1 / s4:15→1, s2:15→1 / s3:2→1 / s4:13→1, s2:15→1 / s3:2→1 / s4:13→1, s2:13→1 / s3:2→1 / s4:15→1, s2:15→1 / s3:2→1 / s4:13→1, s2:13→1 / s3:15→1 / s4:2→1, s2:15→1 / s3:13→1 / s4:2→1, s2:13→1 / s3:15→1 / s4:2→1, s2:13→1 / s3:15→1 / s4:15→1, s2:15→1 / s3:15→1 / s4:13→1, s2:15→1 / s3:13→1 / s4:2→1, s2:15→1 / s3:13→1 / s4:15→1, s2:15→1 / s3:13→1 / s4:15→1, s2:15→1 / s3:13→1 / s4:2→1, s2:15→1 / s3:13→1 / s4:15→1, s2:15→1 / s3:13→1 / s4:2→1, s2:15→1 / s3:13→1 / s4:15→1, s2:15→1 / s3:13→1 / s4:2→1, s2:15→1 / s3:13→1 / s4:15→1, s2:15→1 / s3:13→1 / s4:2→1, s2:15→1 / s3:13→1 / s4:15→1, s2:15→1 / s3:13→1 / s4:2→1, s2:15→1 / s3:13→1 / s4:15→1, s2:15→1 / s3:15→1 / s4:13→1, s2:13→1 / s3:15→1 / s4:2→1, s2:13→1 / s3:2→1 / s4:15→1, s2:15→1 / s3:13→1 / s4:2→1, s2:15→1 / s3:2→1 / s4:13→1, s2:15→1 / s3:15→1 / s4:13→1, s2:2→1 / s3:15→1 / s4:13→1, s2:2→1 / s3:15→1 / s4:13→1, s2:2→1 / s3:15→1 / s4:13→1, s2:2→1 / s3:13→1 / s4:15→1, s2:2→1 / s3:13→1 / s4:15→1, s2:2→1 / s3:15→1 / s4:13→1, s2:2→1 / s3:13→1 / s4:15→1, s2:2→1 / s3:15→1 / s4:13→1, s2:2→1 / s3:13→1 / s4:15→1, s2:2→1 / s3:15→1 / s4:13→1, s2:2→1 / s3:13→1 / s4:15→1, s2:2→1 / s3:15→1 / s4:13→1, s2:2→1 / s3:13→1 / s4:15→1, s2:2→1 / s3:15→1 / s4:13→1, s2:2→1 / s3:15→1 / s4:13→1, s2:2→1 / s3:15→1 / s4:13→1, s2:2→1 / s3:15→1 / s4:13→1, s2:2→1 / s3:15→1 / s4:13→1, s2:2→1 / s3:15→1 / s4:13→1, s2:15→1 / s3:13→1 / s4:2→1, s2:15→1 / s3:2→1 / s4:13→1, s2:15→1 / s3:2→1 / s4:13→1, s2:15→1 / s3:2→1 / s4:13→1, s2:15→1 / s3:2→1 / s4:13→1, s2:13→1 / s3:2→1 / s4:15→1, s2:13→1 / s3:2→1 / s4:15→1, s2:13→1 / s3:15→1 / s4:2→1, s2:13→1 / s3:15→1 / s4:2→1, s2:13→1 / s3:15→1 / s4:2→1, s2:13→1 / s3:15→1 / s4:15→1, s2:13→1 / s3:15→1 / s4:2→1, s2:13→1 / s3:2→1 / s4:15→1, s2:13→1 / s3:2→1 / s4:15→1, s2:13→1 / s3:2→1 / s4:15→1, s2:13→1 / s3:2→1 / s4:15→1, s2:13→1 / s3:2→1 / s4:15→1, s2:13→1 / s3:2→1 / s4:15→1, s2:13→1 / s3:2→1 / s4:15→1, s2:15→1 / s3:15→1 / s4:13→1, s2:15→1 / s3:2→1 / s4:13→1, s2:15→1 / s3:2→1 / s4:13→1, s2:15→1 / s3:15→1 / s4:13→1, s2:15→1 / s3:2→1 / s4:13→1, s2:15→1 / s3:2→1 / s4:13→1, s2:15→1 / s3:2→1 / s4:13→1, s2:15→1 / s3:2→1 / s4:13→1, s2:15→1 / s3:15→1 / s4:13→1, s2:15→1 / s3:2→1 / s4:13→1, s2:15→1 / s3:13→1 / s4:2→1, s2:15→1 / s3:13→1 / s4:15→1, s2:15→1 / s3:13→1 / s4:2→1, s2:15→1 / s3:13→1 / s4:2→1, s2:15→1 / s3:13→1 / s4:15→1, s2:15→1 / s3:13→1 / s4:15→1, s2:15→1 / s3:13→1 / s4:2→1, s2:15→1 / s3:13→1 / s4:15→1, s2:15→1 / s3:13→1 / s4:2→1, s2:15→1 / s3:13→1 / s4:15→1, s2:15→1 / s3:13→1 / s4:2→1, s2:15→1 / s3:2→1 / s4:13→1, s2:13→1 / s3:2→1 / s4:15→1, s2:13→1 / s3:2→1 / s4:15→1, s2:13→1 / s3:2→1 / s4:15→1, s2:13→1 / s3:2→1 / s4:15→1, s2:13→1 / s3:15→1 / s4:15→1, s2:13→1 / s3:15→1 / s4:2→1}"	"e7+f5+su(3)+2(g2+su(2))"
14	4	19	132	2	1	0	1	0	0	0	0	"{s1:14→1 / s2:1→1 / s3:5→1, s1:14→1 / s2:1→1 / s4:1→1, s1:14→1 / s2:1→1 / s4:1→1, 5→1, s1:14→1 / s2:1→1 / s4:1→2, 5→1}"	"{s3:16→1 / s4:2→1, s3:2→1 / s4:13→1, s3:2→1 / s4:13→1, s3:2→1 / s4:13→1}"	"e7+f5+su(3)+2(g2+su(2))"
14	4	19	133	2	1	0	1	0	0	0	0	"{s1:14→1 / s2:1→1 / s3:5→1 / s4:1→1, s1:1→1 / s2:14→1 / s4:5→1, s1:1→1 / s2:14→1 / s4:5→1, 14→1}"	"{s3:16→1 / s4:13→1, s3:13→1 / s4:16→1, s3:13→1 / s4:16→1}"	"e7+f5+su(3)+2(g2+su(2))"
14	4	19	136	2	0	2	0	0	0	0	0	"{s1:14→1 / s2:1→1 / s3:5→1 / s4:14→1, s1:14→1 / s2:1→1 / s4:5→1, 14→1}"	"{s3:13→1 / s4:2→1, s3:13→1 / s4:2→1}"	"e7+f5+su(3)+2(g2+su(2))"
14	4	19	149	1	2	1	0	0	0	0	0	"s1:14→1 / s2:1→1 / s3:1→1, 14→1"	"s4:2→1"	"e7+f5+su(3)+2(g2+su(2))"
14	4	19	156	2	1	1	0	0	0	0	0	"{s1:14→1 / s2:1→1 / s3:14→1 / s4:1→1, 14→1, s1:14→1 / s2:1→1 / s3:1→1, 5→1 / s4:1→1, 14→1, s1:14→1 / s2:1→1 / s3:1→1 / s4:1→1, 14→1, s1:14→1 / s2:1→1 / s3:1→1 / s4:1→1, 5→1, 14→1, s1:14→1 / s2:1→1 / s3:1→1 / s4:1→2, 14→1, s1:14→1 / s2:1→1 / s3:1→1 / s4:1→2, 5→1, 14→1, s1:14→1 / s2:1→1 / s3:5→1, s1:14→1 / s2:1→1 / s3:5→1, 14→1 / s4:14→1, s1:14→1 / s2:1→1 / s3:5→1 / s4:14→1, s1:14→1 / s2:1→1 / s4:1→1, s1:14→1 / s2:1→1 / s4:1→1, 14→1, s1:14→1 / s2:1→1 / s4:1→1, 5→1, s1:14→1 / s2:1→1 / s4:1→1, 5→1, 14→1, s1:14→1 / s2:1→1 / s4:1→2, 14→1, s1:14→1 / s2:1→1 / s4:1→2, 14→1, s1:14→1 / s2:1→1 / s4:1→2, 14→2, s1:14→1 / s2:1→1 / s4:1→2, 5→1, s1:14→1 / s2:1→1 / s4:1→2, 5→1, 14→1, s1:14→1 / s2:1→1 / s4:1→2, 5→1, 14→1, s1:14→1 / s2:1→1 / s4:1→2, 5→1, 14→2, s1:14→1 / s2:1→1 / s4:1→3, 14→1, s1:14→1 / s2:1→1 / s4:1→3, 5→1, 14→1, s1:14→1 / s2:1→1 / s4:1→4, 14→1, s1:1→1 / s2:14→1 / s3:5→1, 14→1 / s4:14→2, s1:1→1 / s2:14→1 / s3:5→1, 14→1 / s4:14→2, s1:1→1 / s2:14→1 / s3:5→1, 14→1 / s4:1→1, 14→2, s1:1→1 / s2:14→1 / s3:5→1 / s4:1→1, 14→1, s1:1→1 / s2:14→1 / s4:14→1, s1:1→1 / s2:14→1 / s4:5→1, 14→2, s1:1→1 / s2:14→1 / s4:5→1, 14→3}"	"{s3:2→1 / s4:16→1, s3:13→1 / s4:2→1, s3:13→1 / s4:2→1, s3:13→1 / s4:2→1, s3:13→1 / s4:2→1, s3:13→1 / s4:2→1, s3:16→1 / s4:2→1, s3:16→1 / s4:2→1, s3:13→1 / s4:2→1, s3:2→1 / s4:13→1, s3:2→1 / s4:16→1, s3:2→1 / s4:13→1, s3:2→1 / s4:16→1, s3:2→1 / s4:13→1, s3:2→1 / s4:16→1, s3:2→1 / s4:16→1, s3:2→1 / s4:13→1, s3:2→1 / s4:13→1, s3:2→1 / s4:16→1, s3:2→1 / s4:16→1, s3:2→1 / s4:13→1, s3:2→1 / s4:13→1, s3:2→1 / s4:13→1, s3:13→1 / s4:2→1, s3:16→1 / s4:2→1, s3:16→1 / s4:16→1, s3:16→1 / s4:16→1, s3:13→1 / s4:2→1, s3:13→1 / s4:2→1, s3:13→1 / s4:2→1}"	"e7+f5+su(3)+2(g2+su(2))"
14	4	19	157	2	1	1	0	0	0	0	0	"{s1:14→1 / s2:1→1 / s3:1→1, 14→1 / s4:1→1, s1:14→1 / s2:1→1 / s3:1→1, 14→1 / s4:1→1, 5→1, s1:14→1 / s2:1→1 / s3:1→1 / s4:1→1, 5→1, 14→1, s1:1→1 / s2:14→1 / s4:1→1, 14→1, s1:1→1 / s2:14→1 / s4:1→1, 14→2, s1:1→1 / s2:14→1 / s4:1→1, 5→1, 14→2, s1:1→1 / s2:14→1 / s4:1→1, 5→1, 14→3, s1:1→1 / s2:14→1 / s4:5→1, 14→1}"	"{s3:16→1 / s4:13→1, s3:16→1 / s4:13→1, s3:13→1 / s4:16→1, s3:13→1 / s4:16→1, s3:13→1 / s4:16→1, s3:13→1 / s4:16→1, s3:13→1 / s4:16→1, s3:13→1 / s4:16→1}"	"e7+f5+su(3)+2(g2+su(2))"
14	4	19	169	1	3	0	0	0	0	0	0	"s1:14→1 / s2:1→1, 14→1 / s3:1→1, 14→1"	"s4:2→1"	"e7+f5+su(3)+2(g2+su(2))"
14	4	19	170	1	3	0	0	0	0	0	0	"{s1:14→1 / s2:1→1 / s3:1→1, 14→1 / s4:1→1, 14→1, s1:14→1 / s2:1→1 / s3:1→1, 14→1 / s4:1→1, 14→1}"	"{s4:13→1, s4:15→1}"	"e7+f5+su(3)+2(g2+su(2))"
14	4	19	176	2	2	0	0	0	0	0	0	"{s1:14→1 / s2:1→1, 14→1 / s3:14→1 / s4:1→1, s1:14→1 / s2:1→1, 14→1 / s3:14→1 / s4:1→1, s1:14→1 / s2:1→1, 14→1 / s3:5→1 / s4:14→1, s1:14→1 / s2:1→1, 14→1 / s3:5→1 / s4:1→1, 14→1, s1:14→1 / s2:1→1, 14→1 / s4:14→1, s1:14→1 / s2:1→1, 14→1 / s4:1→1, 14→1, s1:14→1 / s2:1→1, 14→1 / s4:5→1, 14→1, s1:14→1 / s2:1→1 / s3:14→1 / s4:1→1, 14→1, s1:14→1 / s2:1→1 / s3:14→1 / s4:1→1, 14→2, s1:14→1 / s2:1→1 / s3:14→1 / s4:1→1, 5→1, 14→2, s1:14→1 / s2:1→1 / s3:14→1 / s4:1→1, 5→1, 14→2, s1:14→1 / s2:1→1 / s3:14→1 / s4:1→1, 5→1, 14→3, s1:14→1 / s2:1→1 / s3:14→1 / s4:1→2, 14→3, s1:14→1 / s2:1→1 / s3:1→1, 14→1 / s4:1→1, 14→1, s1:14→1 / s2:1→1 / s3:1→1, 14→1 / s4:1→1, 5→1, 14→2, s1:14→1 / s2:1→1 / s3:1→1, 14→1 / s4:1→1, 5→1, 14→3, s1:14→1 / s2:1→1 / s3:1→1, 14→1 / s4:1→2, 14→1, s1:14→1 / s2:1→1 / s3:1→1, 14→1 / s4:1→2, 14→3, s1:14→1 / s2:1→1 / s3:1→1, 14→1 / s4:1→2, 5→1, 14→1, s1:14→1 / s2:1→1 / s3:1→1, 14→1 / s4:1→2, 5→1, 14→1, s1:14→1 / s2:1→1 / s3:1→1, 5→1, 14→1 / s4:1→2, 14→2, s1:14→1 / s2:1→1 / s3:1→1, 5→1, 14→1 / s4:1→2, 14→3, s1:14→1 / s2:1→1 / s3:1→1 / s4:1→1, 14→1, s1:14→1 / s2:1→1 / s3:1→2, 14→1 / s4:1→2, 14→1, s1:14→1 / s2:1→1 / s3:1→2, 14→1 / s4:1→2, 5→1, 14→1, s1:14→1 / s2:1→1 / s3:5→1, 14→1 / s4:1→1, 14→2, s1:14→1 / s2:1→2, 14→1 / s3:1→1 / s4:1→1, s1:14→1 / s2:1→2, 14→1 / s4:1→1, s1:14→1 / s2:1→2, 14→2 / s4:1→1, s1:1→1, 14→1 / s2:1→1, 14→2, s1:1→1 / s2:1→1, 14→2 / s4:14→2}"	"{s3:2→1 / s4:13→1, s3:2→1 / s4:15→1, s3:15→1 / s4:2→1, s3:16→1 / s4:2→1, s3:13→1 / s4:2→1, s3:2→1 / s4:16→1, s3:13→1 / s4:2→1, s3:2→1 / s4:13→1, s3:2→1 / s4:16→1, s3:2→1 / s4:13→1, s3:2→1 / s4:15→1, s3:2→1 / s4:16→1, s3:2→1 / s4:15→1, s3:15→1 / s4:15→1, s3:15→1 / s4:15→1, s3:13→1 / s4:2→1, s3:2→1 / s4:15→1, s3:13→1 / s4:2→1, s3:2→1 / s4:13→1, s3:2→1 / s4:15→1, s3:15→1 / s4:15→1, s3:15→1 / s4:2→1, s3:13→1 / s4:2→1, s3:15→1 / s4:15→1, s3:15→1 / s4:15→1, s3:16→1 / s4:16→1, s3:15→1 / s4:15→1, s3:2→1 / s4:15→1, s3:2→1 / s4:13→1, s3:13→1 / s4:2→1, s3:13→1 / s4:2→1}"	"e7+f5+su(3)+2(g2+su(2))"
14	4	19	177	2	2	0	0	0	0	0	0	"{s1:14→1 / s2:1→1, 14→1 / s4:5→1, s1:14→1 / s2:1→1 / s3:1→1, 14→1 / s4:1→1, 14→1, s1:14→1 / s2:1→1 / s3:1→1, 14→1 / s4:1→1, 14→2, s1:14→1 / s2:1→1 / s3:1→1, 14→1 / s4:1→1, 5→1, 14→2, s1:14→1 / s2:1→1 / s3:1→1, 14→2 / s4:1→1, 14→1, s1:14→1 / s2:1→1 / s3:1→1, 14→2 / s4:1→1, 5→1, 14→2, s1:14→1 / s2:1→1 / s3:1→1 / s4:1→2, 14→1, s1:14→1 / s2:1→1 / s3:1→2, 14→1 / s4:1→2, 14→1, s1:1→1 / s2:1→1, 14→2 / s3:14→1}"	"{s3:13→1 / s4:15→1, s3:15→1 / s4:13→1, s3:15→1 / s4:16→1, s3:13→1 / s4:16→1, s3:16→1 / s4:13→1, s3:16→1 / s4:15→1, s3:13→1 / s4:15→1, s3:15→1 / s4:13→1, s3:15→1 / s4:13→1}"	"e7+f5+su(3)+2(g2+su(2))"
14	4	20	106	2	1	0	0	1	0	0	0	"{s1:14→1 / s2:1→1 / s3:5→1, s1:14→1 / s2:1→1 / s4:1→1, 5→1}"	"{s3:16→1 / s4:2→1, s3:2→1 / s4:16→1}"	"e7+f5+su(3)+2(g2+su(2))"
14	4	20	125	1	2	0	1	0	0	0	0	"s1:14→1 / s2:1→1 / s3:1→1 / s4:5→1"	"s4:2→1"	"e7+f5+su(3)+2(g2+su(2))"
14	4	20	126	1	2	0	1	0	0	0	0	"{s1:14→1 / s2:1→1 / s3:1→1 / s4:1→1, s1:14→1 / s2:1→1 / s3:1→1 / s4:5→1}"	"{s4:13→1, s4:17→1}"	"e7+f5+su(3)+2(g2+su(2))"
14	4	20	132	2	1	0	1	0	0	0	0	"{s1:14→1 / s2:1→1 / s4:1→1, 5→1, s1:14→1 / s2:1→1 / s4:1→2, s1:14→1 / s2:1→1 / s4:1→3, s1:14→1 / s2:1→1 / s4:1→3, 5→1, s1:14→1 / s2:1→1 / s4:1→4, 5→1}"	"{s3:2→1 / s4:16→1, s3:2→1 / s4:13→1, s3:2→1 / s4:13→1, s3:2→1 / s4:13→1, s3:2→1 / s4:13→1}"	"e7+f5+su(3)+2(g2+su(2))"
14	4	20	133	2	1	0	1	0	0	0	0	"s1:1→1 / s2:14→1 / s4:5→1, 14→2"	"s3:13→1 / s4:16→1"	"e7+f5+su(3)+2(g2+su(2))"
14	4	20	136	2	0	2	0	0	0	0	0	"s1:14→1 / s2:1→1 / s4:14→1"	"s3:13→1 / s4:2→1"	"e7+f5+su(3)+2(g2+su(2))"
14	4	20	156	2	1	1	0	0	0	0	0	"{s1:14→1 / s2:1→1 / s4:1→2, s1:14→1 / s2:1→1 / s4:1→3, 5→1, s1:1→1 / s2:14→1 / s4:14→2, s1:1→1 / s2:14→1 / s4:5→1, 14→4}"	"{s3:2→1 / s4:13→1, s3:2→1 / s4:13→1, s3:13→1 / s4:2→1, s3:13→1 / s4:2→1}"	"e7+f5+su(3)+2(g2+su(2))"
14	4	20	157	2	1	1	0	0	0	0	0	"s1:1→1 / s2:14→1 / s4:1→1, 14→3"	"s3:13→1 / s4:16→1"	"e7+f5+su(3)+2(g2+su(2))"
14	4	20	176	2	2	0	0	0	0	0	0	"{s1:14→1 / s2:1→1, 14→1 / s4:1→1, 14→1, s1:14→1 / s2:1→1, 14→1 / s4:1→1, 14→1, s1:14→1 / s2:1→1 / s3:14→1 / s4:1→2, 14→3, s1:14→1 / s2:1→1 / s3:1→1, 14→1 / s4:1→1, 14→3, s1:14→1 / s2:1→1 / s3:1→1, 14→1 / s4:1→1, 14→3}"	"{s3:2→1 / s4:13→1, s3:2→1 / s4:15→1, s3:2→1 / s4:13→1, s3:13→1 / s4:2→1, s3:15→1 / s4:2→1}"	"e7+f5+su(3)+2(g2+su(2))"
14	4	20	177	2	2	0	0	0	0	0	0	"s1:14→1 / s2:1→1 / s3:1→1, 14→1 / s4:1→1, 5→1, 14→3"	"s3:13→1 / s4:16→1"	"e7+f5+su(3)+2(g2+su(2))"
14	4	21	99	1	2	0	0	1	0	0	0	"{s1:14→1 / s2:1→1 / s3:1→1, s1:14→1 / s2:1→1 / s3:1→1 / s4:5→1}"	"{s4:2→1, s4:2→1}"	"e7+f5+su(3)+2(g2+su(2))"
14	4	21	100	1	2	0	0	1	0	0	0	"s1:14→1 / s2:1→1 / s3:1→1 / s4:5→1"	"s4:17→1"	"e7+f5+su(3)+2(g2+su(2))"
14	4	21	106	2	1	0	0	1	0	0	0	"{s1:14→1 / s2:1→1 / s4:1→1, s1:14→1 / s2:1→1 / s4:1→2, 5→1}"	"{s3:2→1 / s4:16→1, s3:2→1 / s4:16→1}"	"e7+f5+su(3)+2(g2+su(2))"
14	4	21	125	1	2	0	1	0	0	0	0	"s1:14→1 / s2:1→1 / s3:1→1"	"s4:2→1"	"e7+f5+su(3)+2(g2+su(2))"
14	4	21	126	1	2	0	1	0	0	0	0	"{s1:14→1 / s2:1→1 / s3:1→1 / s4:1→1, 5→1, s1:1→1 / s2:14→1 / s3:14→1, s1:1→1 / s2:14→1 / s3:14→1 / s4:5→1, 14→1, s1:1→1 / s2:14→1 / s3:14→1 / s4:5→1, 14→1}"	"{s4:13→1, s4:13→1, s4:13→1, s4:17→1}"	"e7+f5+su(3)+2(g2+su(2))"
14	4	21	132	2	1	0	1	0	0	0	0	"{s1:14→1 / s2:1→1 / s4:1→2, 5→1, s1:14→1 / s2:1→1 / s4:1→4, s1:14→1 / s2:1→1 / s4:1→5}"	"{s3:2→1 / s4:16→1, s3:2→1 / s4:13→1, s3:2→1 / s4:13→1}"	"e7+f5+su(3)+2(g2+su(2))"
14	4	21	133	2	1	0	1	0	0	0	0	"{s1:1→1 / s2:14→1 / s4:5→1, 14→3, s1:1→1 / s2:14→1 / s4:5→1, 14→4}"	"{s3:13→1 / s4:16→1, s3:13→1 / s4:16→1}"	"e7+f5+su(3)+2(g2+su(2))"
14	4	21	156	2	1	1	0	0	0	0	0	"{s1:14→1 / s2:1→1 / s4:1→3, s1:14→1 / s2:1→1 / s4:1→4, 5→1, s1:1→1 / s2:14→1 / s4:14→3}"	"{s3:2→1 / s4:13→1, s3:2→1 / s4:13→1, s3:13→1 / s4:2→1}"	"e7+f5+su(3)+2(g2+su(2))"
14	4	22	126	1	2	0	1	0	0	0	0	"s1:1→1 / s2:14→1 / s3:14→1 / s4:14→1"	"s4:13→1"	"e7+f5+su(3)+2(g2+su(2))"
14	4	22	149	1	2	1	0	0	0	0	0	"s1:14→1 / s2:1→1 / s3:1→1 / s4:5→1"	"s4:2→1"	"e7+f5+su(3)+2(g2+su(2))"
14	4	22	150	1	2	1	0	0	0	0	0	"s1:14→1 / s2:1→1 / s3:1→1 / s4:5→1"	"s4:17→1"	"e7+f5+su(3)+2(g2+su(2))"
14	4	22	156	2	1	1	0	0	0	0	0	"{s1:14→1 / s2:1→1 / s3:14→1 / s4:14→1, s1:14→1 / s2:1→1 / s3:14→1 / s4:5→1, 14→1}"	"{s3:16→1 / s4:2→1, s3:16→1 / s4:16→1}"	"e7+f5+su(3)+2(g2+su(2))"
14	4	22	157	2	1	1	0	0	0	0	0	"{s1:1→1 / s2:14→1 / s4:1→1, 14→4, s1:1→1 / s2:14→1 / s4:5→1, 14→2}"	"{s3:13→1 / s4:16→1, s3:13→1 / s4:16→1}"	"e7+f5+su(3)+2(g2+su(2))"
14	4	23	119	0	3	0	1	0	0	0	0	"s1:1→1 / s2:14→1 / s3:14→1 / s4:14→1"	""	"e7+f5+su(3)+2(g2+su(2))"
14	4	23	126	1	2	0	1	0	0	0	0	"s1:1→1 / s2:14→1 / s3:14→1 / s4:5→1"	"s4:13→1"	"e7+f5+su(3)+2(g2+su(2))"
14	4	23	132	2	1	0	1	0	0	0	0	"{s1:14→1 / s2:1→1 / s4:1→1, s1:1→1 / s2:14→1 / s3:14→1 / s4:5→1, 14→2}"	"{s3:2→1 / s4:16→1, s3:16→1 / s4:16→1}"	"e7+f5+su(3)+2(g2+su(2))"
14	4	23	133	2	1	0	1	0	0	0	0	"{s1:1→1 / s2:14→1 / s3:14→1, s1:1→1 / s2:14→1 / s3:14→1 / s4:14→1}"	"{s3:16→1 / s4:13→1, s3:16→1 / s4:13→1}"	"e7+f5+su(3)+2(g2+su(2))"
14	4	23	149	1	2	1	0	0	0	0	0	"{s1:1→1 / s2:14→1 / s3:14→1 / s4:14→2, s1:1→1 / s2:14→1 / s3:14→1 / s4:5→1, 14→2, s1:1→1 / s2:14→1 / s3:14→1 / s4:5→1, 14→3}"	"{s4:2→1, s4:2→1, s4:2→1}"	"e7+f5+su(3)+2(g2+su(2))"
14	4	23	150	1	2	1	0	0	0	0	0	"{s1:1→1 / s2:14→1 / s3:14→1 / s4:5→1, 14→1, s1:1→1 / s2:14→1 / s3:14→1 / s4:5→1, 14→1}"	"{s4:13→1, s4:17→1}"	"e7+f5+su(3)+2(g2+su(2))"
14	4	23	156	2	1	1	0	0	0	0	0	"s1:14→1 / s2:1→1 / s4:1→1, 5→1"	"s3:2→1 / s4:16→1"	"e7+f5+su(3)+2(g2+su(2))"
14	4	24	106	2	1	0	0	1	0	0	0	"s1:14→1 / s2:1→1 / s4:1→2"	"s3:2→1 / s4:16→1"	"e7+f5+su(3)+2(g2+su(2))"
14	4	24	132	2	1	0	1	0	0	0	0	"s1:14→1 / s2:1→1 / s3:1→1 / s4:1→2"	"s3:2→1 / s4:13→1"	"e7+f5+su(3)+2(g2+su(2))"
14	4	24	149	1	2	1	0	0	0	0	0	"{s1:14→1 / s2:1→1 / s3:1→1, s1:1→1 / s2:14→1 / s3:14→1 / s4:14→1, s1:1→1 / s2:14→1 / s3:14→1 / s4:5→1, 14→4}"	"{s4:2→1, s4:2→1, s4:2→1}"	"e7+f5+su(3)+2(g2+su(2))"
14	4	24	150	1	2	1	0	0	0	0	0	"{s1:14→1 / s2:1→1 / s3:1→1 / s4:1→1, s1:1→1 / s2:14→1 / s3:14→1}"	"{s4:13→1, s4:13→1}"	"e7+f5+su(3)+2(g2+su(2))"
14	4	24	156	2	1	1	0	0	0	0	0	"{s1:14→1 / s2:1→1 / s4:14→1, s1:14→1 / s2:1→1 / s4:1→4, s1:1→1 / s2:14→1 / s4:14→4}"	"{s3:13→1 / s4:2→1, s3:2→1 / s4:13→1, s3:13→1 / s4:2→1}"	"e7+f5+su(3)+2(g2+su(2))"
14	4	24	157	2	1	1	0	0	0	0	0	"s1:14→1 / s2:1→1 / s4:5→1, 14→1"	"s3:13→1 / s4:16→1"	"e7+f5+su(3)+2(g2+su(2))"
14	4	25	126	1	2	0	1	0	0	0	0	"s1:1→1 / s2:14→1 / s3:14→1 / s4:14→1"	"s4:17→1"	"e7+f5+su(3)+2(g2+su(2))"
14	4	25	150	1	2	1	0	0	0	0	0	"s1:1→1 / s2:14→1 / s3:14→1 / s4:1→1, 14→1"	"s4:13→1"	"e7+f5+su(3)+2(g2+su(2))"
14	4	25	157	2	1	1	0	0	0	0	0	"s1:14→1 / s2:1→1 / s3:14→1 / s4:5→1"	"s3:16→1 / s4:13→1"	"e7+f5+su(3)+2(g2+su(2))"
14	4	26	126	1	2	0	1	0	0	0	0	"s1:1→1 / s2:14→1 / s3:14→2"	"s4:13→1"	"e7+f5+su(3)+2(g2+su(2))"
14	4	26	149	1	2	1	0	0	0	0	0	"s1:1→1 / s2:14→1 / s3:14→1 / s4:14→3"	"s4:2→1"	"e7+f5+su(3)+2(g2+su(2))"
14	4	26	156	2	1	1	0	0	0	0	0	"s1:1→1 / s2:14→1 / s3:5→1, 14→1 / s4:14→3"	"s3:16→1 / s4:2→1"	"e7+f5+su(3)+2(g2+su(2))"
14	4	28	132	2	1	0	1	0	0	0	0	"s1:1→1 / s2:14→1 / s3:14→1 / s4:14→1"	"s3:16→1 / s4:16→1"	"e7+f5+su(3)+2(g2+su(2))"
14	4	29	132	2	1	0	1	0	0	0	0	"s1:1→1 / s2:14→1 / s3:14→1 / s4:5→1, 14→1"	"s3:16→1 / s4:16→1"	"e7+f5+su(3)+2(g2+su(2))"
14	4	31	157	2	1	1	0	0	0	0	0	"s1:1→1 / s2:14→1 / s4:5→1, 14→3"	"s3:13→1 / s4:16→1"	"e7+f5+su(3)+2(g2+su(2))"
14	4	32	133	2	1	0	1	0	0	0	0	"s1:1→1 / s2:14→1 / s3:14→1 / s4:5→1, 14→1"	"s3:13→1 / s4:16→1"	"e7+f5+su(3)+2(g2+su(2))"
14	4	32	156	2	1	1	0	0	0	0	0	"s1:14→1 / s2:1→1 / s3:14→1 / s4:14→1"	"s3:16→1 / s4:16→1"	"e7+f5+su(3)+2(g2+su(2))"
14	4	33	132	2	1	0	1	0	0	0	0	"s1:1→1 / s2:14→1 / s3:14→1 / s4:14→2"	"s3:16→1 / s4:16→1"	"e7+f5+su(3)+2(g2+su(2))"
14	4	33	149	1	2	1	0	0	0	0	0	"s1:1→1 / s2:14→1 / s3:14→1 / s4:14→4"	"s4:2→1"	"e7+f5+su(3)+2(g2+su(2))"
14	4	33	156	2	1	1	0	0	0	0	0	"s1:1→1 / s2:14→1 / s4:14→5"	"s3:13→1 / s4:2→1"	"e7+f5+su(3)+2(g2+su(2))"
14	4	34	156	2	1	1	0	0	0	0	0	"s1:14→1 / s2:1→1 / s4:1→5"	"s3:2→1 / s4:13→1"	"e7+f5+su(3)+2(g2+su(2))"
14	4	35	150	1	2	1	0	0	0	0	0	"s1:1→1 / s2:14→1 / s3:14→1 / s4:1→1, 14→1"	"s4:17→1"	"e7+f5+su(3)+2(g2+su(2))"
14	4	36	156	2	1	1	0	0	0	0	0	"s1:1→1 / s2:14→1 / s3:14→1 / s4:14→4"	"s3:13→1 / s4:2→1"	"e7+f5+su(3)+2(g2+su(2))"
14	4	38	106	2	1	0	0	1	0	0	0	"{s1:14→1 / s2:1→1 / s3:5→1 / s4:1→1, s1:14→1 / s2:1→1 / s3:5→1 / s4:1→1}"	"{s3:16→1 / s4:16→1, s3:16→1 / s4:2→1}"	"e7+f5+su(3)+2(g2+su(2))"
14	4	39	133	2	1	0	1	0	0	0	0	"s1:14→1 / s2:1→1 / s3:5→1 / s4:1→2"	"s3:16→1 / s4:13→1"	"e7+f5+su(3)+2(g2+su(2))"
14	4	54	133	2	1	0	1	0	0	0	0	"s1:1→1 / s2:14→1 / s3:14→2"	"s3:16→1 / s4:13→1"	"e7+f5+su(3)+2(g2+su(2))"
14	4	57	143	0	3	1	0	0	0	0	0	"s1:1→1 / s2:14→1 / s3:14→1 / s4:14→1"	""	"e7+f5+su(3)+2(g2+su(2))"
14	4	57	150	1	2	1	0	0	0	0	0	"s1:14→1 / s2:1→1 / s3:1→1 / s4:1→1, 5→1"	"s4:13→1"	"e7+f5+su(3)+2(g2+su(2))"
14	4	64	132	2	1	0	1	0	0	0	0	"s1:14→1 / s2:1→1 / s4:1→2"	"s3:2→1 / s4:16→1"	"e7+f5+su(3)+2(g2+su(2))"
14	4	104	133	2	1	0	1	0	0	0	0	"s1:1→1 / s2:14→1 / s3:14→3"	"s3:16→1 / s4:13→1"	"e7+f5+su(3)+2(g2+su(2))"
14	5	17	182	2	2	0	0	0	0	0	0	"s1:14→1 / s2:1→1 / s3:12→1 / s4:6→1"	"s3:16→1 / s4:16→1"	"e7+f5+g2+su(2)+so(7)+2 su(2)"
14	5	17	183	2	2	0	0	0	0	0	0	"{s1:14→1 / s2:1→1, 12→1 / s3:6→1 / s4:1→1, s1:14→1 / s2:1→1 / s3:6→1 / s4:1→1, 12→1}"	"{s3:16→1 / s4:15→1, s3:16→1 / s4:15→1}"	"e7+f5+g2+su(2)+so(7)+2 su(2)"
14	5	18	176	1	3	0	0	0	0	0	0	"{s1:14→1 / s2:1→1 / s3:1→1, 12→1 / s4:1→1, 6→1, s1:14→1 / s2:1→1 / s3:1→1, 12→1 / s4:6→1, s1:14→1 / s2:1→1 / s3:1→1, 12→1 / s4:6→1}"	"{s4:15→1, s4:16→1, s4:17→1}"	"e7+f5+g2+su(2)+so(7)+2 su(2)"
14	5	18	182	2	2	0	0	0	0	0	0	"{s1:14→1 / s2:1→1 / s3:12→1 / s4:1→1, 12→2, s1:14→1 / s2:1→1 / s3:12→1 / s4:1→1, 6→1, 12→2, s1:14→1 / s2:1→1 / s3:12→1 / s4:1→2, 12→3, s1:14→1 / s2:1→1 / s3:1→1, 12→2 / s4:1→1, 6→1, 12→1, s1:14→1 / s2:1→1 / s3:6→1, 12→1 / s4:1→1, 12→3, s1:1→1 / s2:1→1, 14→1 / s3:12→1 / s4:1→1, 6→1, 12→1, s1:1→1 / s2:1→1, 14→1 / s3:12→1 / s4:1→2, 6→1, 12→2, s1:1→1 / s2:1→1, 14→1 / s3:12→1 / s4:6→1}"	"{s3:16→1 / s4:16→1, s3:16→1 / s4:16→1, s3:16→1 / s4:16→1, s3:16→1 / s4:16→1, s3:16→1 / s4:16→1, s3:15→1 / s4:15→1, s3:15→1 / s4:15→1, s3:15→1 / s4:15→1}"	"e7+f5+g2+su(2)+so(7)+2 su(2)"
14	5	18	183	2	2	0	0	0	0	0	0	"{s1:14→1 / s2:1→1, 12→1 / s3:1→1 / s4:1→1, 6→1, s1:14→1 / s2:1→1 / s3:12→1 / s4:1→1, 12→1, s1:14→1 / s2:1→1 / s3:12→1 / s4:1→1, 6→1, 12→1, s1:14→1 / s2:1→1 / s3:12→1 / s4:1→1, 6→1, 12→2, s1:14→1 / s2:1→1 / s3:12→1 / s4:1→2, 12→2, s1:14→1 / s2:1→1 / s3:12→1 / s4:1→2, 12→3, s1:14→1 / s2:1→1 / s3:12→1 / s4:1→2, 6→1, 12→2, s1:14→1 / s2:1→1 / s3:1→1, 12→1 / s4:1→1, 12→2, s1:14→1 / s2:1→1 / s3:1→1, 12→1 / s4:1→1, 6→1, 12→1, s1:14→1 / s2:1→1 / s3:1→1, 12→1 / s4:1→1, 6→1, 12→2, s1:14→1 / s2:1→1 / s3:1→1, 12→1 / s4:1→2, 12→3, s1:14→1 / s2:1→1 / s3:1→1, 12→1 / s4:1→2, 6→1, 12→2, s1:14→1 / s2:1→1 / s3:1→1, 6→1, 12→1 / s4:1→2, 12→2, s1:14→1 / s2:1→1 / s3:6→1, 12→1 / s4:1→1, 12→2, s1:1→1 / s2:1→1, 14→1 / s3:12→1 / s4:1→1, 6→1, 12→1, s1:1→1 / s2:1→1, 14→1 / s3:12→1 / s4:6→1}"	"{s3:15→1 / s4:16→1, s3:16→1 / s4:15→1, s3:16→1 / s4:15→1, s3:16→1 / s4:15→1, s3:16→1 / s4:15→1, s3:16→1 / s4:15→1, s3:16→1 / s4:15→1, s3:15→1 / s4:16→1, s3:15→1 / s4:16→1, s3:15→1 / s4:16→1, s3:15→1 / s4:16→1, s3:15→1 / s4:16→1, s3:16→1 / s4:15→1, s3:16→1 / s4:15→1, s3:15→1 / s4:16→1, s3:15→1 / s4:16→1}"	"e7+f5+g2+su(2)+so(7)+2 su(2)"
14	5	19	132	1	2	0	1	0	0	0	0	"s1:1→1 / s2:14→1 / s3:12→1 / s4:6→1"	"s4:17→1"	"e7+f5+g2+su(2)+so(7)+2 su(2)"
14	5	19	156	1	2	1	0	0	0	0	0	"{s1:1→1 / s2:14→1 / s3:12→1 / s4:6→1, s1:1→1 / s2:14→1 / s3:1→1, 12→1 / s4:1→1, 6→1, s1:1→1 / s2:14→1 / s3:1→1, 12→1 / s4:6→1}"	"{s4:17→1, s4:16→1, s4:17→1}"	"e7+f5+g2+su(2)+so(7)+2 su(2)"
14	5	19	176	1	3	0	0	0	0	0	0	"s1:1→1 / s2:1→1, 14→1 / s3:1→1, 12→1 / s4:6→1"	"s4:15→1"	"e7+f5+g2+su(2)+so(7)+2 su(2)"
14	5	20	106	1	2	0	0	1	0	0	0	"s1:1→1 / s2:14→1 / s3:12→1 / s4:6→1"	"s4:17→1"	"e7+f5+g2+su(2)+so(7)+2 su(2)"
14	5	21	79	1	2	0	0	0	1	0	0	"s1:1→1 / s2:14→1 / s3:12→1 / s4:6→1"	"s4:17→1"	"e7+f5+g2+su(2)+so(7)+2 su(2)"
14	5	22	51	1	2	0	0	0	0	1	0	"s1:1→1 / s2:14→1 / s3:12→1 / s4:6→1"	"s4:17→1"	"e7+f5+g2+su(2)+so(7)+2 su(2)"
14	5	22	156	1	2	1	0	0	0	0	0	"s1:1→1 / s2:14→1 / s3:1→1, 12→1 / s4:1→1"	"s4:16→1"	"e7+f5+g2+su(2)+so(7)+2 su(2)"
14	6	18	180	2	2	0	0	0	0	0	0	"{s1:14→1 / s2:1→1 / s3:6→1 / s4:1→2, 12→1, s1:14→1 / s2:1→1 / s3:6→1 / s4:1→3, 12→1, s1:1→1 / s2:1→1, 14→1 / s3:6→1 / s4:1→2, 12→1}"	"{s3:16→1 / s4:16→1, s3:16→1 / s4:16→1, s3:15→1 / s4:15→1}"	"e7+f5+2(so(7)+2 su(2))"
14	6	18	181	2	2	0	0	0	0	0	0	"{s1:14→1 / s2:1→1 / s3:1→1, 6→1 / s4:1→3, 12→1, s1:14→1 / s2:1→1 / s3:6→1 / s4:1→3, 12→1}"	"{s3:15→1 / s4:16→1, s3:16→1 / s4:15→1}"	"e7+f5+2(so(7)+2 su(2))"
14	20	20	115	0	4	0	0	0	0	0	0	"s3:1→1 / s4:1→1"	"s1:14→1 / s2:6→1"	"e8+g2+su(2)"
14	35	19	120	2	2	0	0	0	0	0	0	""	"s1:14→1 / s2:7→1 / s3:1→1 / s4:1→1"	"e8+su(3)+g2+su(2)"
14	35	20	114	1	3	0	0	0	0	0	0	"s3:2→1"	"s1:14→1 / s2:7→1 / s4:1→1"	"e8+su(3)+g2+su(2)"
14	35	20	120	2	2	0	0	0	0	0	0	"{s4:2→1, s4:2→2}"	"{s1:14→1 / s2:7→1 / s3:1→1 / s4:1→1, s1:14→1 / s2:7→1 / s3:1→1 / s4:1→1}"	"e8+su(3)+g2+su(2)"
14	38	18	183	2	2	0	0	0	0	0	0	"s2:1→1 / s3:11→1 / s4:10→1"	"s1:14→1 / s3:16→1 / s4:16→1"	"e7+f5+2(g2+su(2))"
14	39	18	183	2	2	0	0	0	0	0	0	"s2:1→1 / s3:10→1 / s4:1→1, 12→1"	"s1:14→1 / s3:16→1 / s4:16→1"	"e7+f5+2(g2+su(2))"
14	47	18	183	2	2	0	0	0	0	0	0	"{s2:1→1 / s3:11→1 / s4:1→1, 10→1, s2:1→1 / s3:11→1 / s4:1→2, 10→1}"	"{s1:14→1 / s3:16→1 / s4:16→1, s1:14→1 / s3:16→1 / s4:16→1}"	"e7+f5+2(g2+su(2))"
14	49	19	133	2	2	0	0	0	0	0	0	"s2:1→1 / s3:11→1"	"s1:14→1 / s3:16→1 / s4:4→1"	"e7+2 f5+su(3)+g2+su(2)"
14	54	18	176	1	3	0	0	0	0	0	0	"{s1:14→1 / s2:1→1 / s3:1→1, 12→1 / s4:1→2, 7→1, s1:14→1 / s2:1→1 / s3:1→1, 12→1 / s4:1→2, 7→1, s1:14→1 / s2:1→1 / s3:1→1, 12→1 / s4:1→3, 7→1, s1:14→1 / s2:1→1 / s3:1→1, 12→1 / s4:1→3, 7→1}"	"{s4:16→1, s4:17→1, s4:15→1, s4:17→1}"	"e7+f5+g2+su(2)+so(7)+2 su(2)"
14	54	18	182	2	2	0	0	0	0	0	0	"{s1:14→1 / s2:1→1 / s3:12→1 / s4:1→1, 12→2, s1:14→1 / s2:1→1 / s3:12→1 / s4:1→1, 7→1, 12→1, s1:14→1 / s2:1→1 / s3:12→1 / s4:1→1, 7→1, 12→2, s1:14→1 / s2:1→1 / s3:12→1 / s4:1→2, 12→3, s1:14→1 / s2:1→1 / s3:12→1 / s4:1→2, 7→1, 12→2}"	"{s3:16→1 / s4:16→1, s3:16→1 / s4:16→1, s3:16→1 / s4:16→1, s3:16→1 / s4:16→1, s3:16→1 / s4:16→1}"	"e7+f5+g2+su(2)+so(7)+2 su(2)"
14	54	18	183	2	2	0	0	0	0	0	0	"{s1:14→1 / s2:1→1, 12→1 / s3:1→1 / s4:1→3, 7→1, s1:14→1 / s2:1→1, 12→1 / s3:1→1 / s4:1→4, 7→1, s1:14→1 / s2:1→1 / s3:12→1 / s4:1→1, 12→1, s1:14→1 / s2:1→1 / s3:12→1 / s4:1→2, 12→2, s1:14→1 / s2:1→1 / s3:12→1 / s4:1→2, 12→3, s1:14→1 / s2:1→1 / s3:12→1 / s4:1→2, 7→1, 12→1, s1:14→1 / s2:1→1 / s3:12→1 / s4:1→2, 7→1, 12→2, s1:14→1 / s2:1→1 / s3:1→1, 12→1 / s4:1→1, 12→2, s1:14→1 / s2:1→1 / s3:1→1, 12→1 / s4:1→2, 12→3}"	"{s3:15→1 / s4:16→1, s3:15→1 / s4:16→1, s3:16→1 / s4:15→1, s3:16→1 / s4:15→1, s3:16→1 / s4:15→1, s3:16→1 / s4:15→1, s3:16→1 / s4:15→1, s3:15→1 / s4:16→1, s3:15→1 / s4:16→1}"	"e7+f5+g2+su(2)+so(7)+2 su(2)"
14	54	19	132	1	2	0	1	0	0	0	0	"{s1:1→1 / s2:14→1 / s3:12→1 / s4:1→1, 7→1, s1:1→1 / s2:14→1 / s3:12→1 / s4:7→1}"	"{s4:17→1, s4:17→1}"	"e7+f5+g2+su(2)+so(7)+2 su(2)"
14	54	19	156	1	2	1	0	0	0	0	0	"{s1:1→1 / s2:14→1 / s3:12→1 / s4:1→1, 7→1, s1:1→1 / s2:14→1 / s3:12→1 / s4:7→1}"	"{s4:17→1, s4:17→1}"	"e7+f5+g2+su(2)+so(7)+2 su(2)"
14	54	19	176	1	3	0	0	0	0	0	0	"{s1:14→1 / s2:1→1 / s3:1→1, 12→1 / s4:1→3, 7→1, s1:14→1 / s2:1→1 / s3:1→1, 12→1 / s4:1→4, 7→1}"	"{s4:16→1, s4:15→1}"	"e7+f5+g2+su(2)+so(7)+2 su(2)"
14	54	20	106	1	2	0	0	1	0	0	0	"{s1:1→1 / s2:14→1 / s3:12→1 / s4:1→1, 7→1, s1:1→1 / s2:14→1 / s3:12→1 / s4:7→1}"	"{s4:17→1, s4:17→1}"	"e7+f5+g2+su(2)+so(7)+2 su(2)"
14	54	20	176	1	3	0	0	0	0	0	0	"s1:14→1 / s2:1→1 / s3:1→1, 12→1 / s4:1→4, 7→1"	"s4:17→1"	"e7+f5+g2+su(2)+so(7)+2 su(2)"
14	54	21	79	1	2	0	0	0	1	0	0	"s1:1→1 / s2:14→1 / s3:12→1 / s4:7→1"	"s4:17→1"	"e7+f5+g2+su(2)+so(7)+2 su(2)"
14	54	22	51	1	2	0	0	0	0	1	0	"s1:1→1 / s2:14→1 / s3:12→1 / s4:7→1"	"s4:17→1"	"e7+f5+g2+su(2)+so(7)+2 su(2)"
14	54	22	156	1	2	1	0	0	0	0	0	"s1:1→1 / s2:14→1 / s3:1→1, 12→1 / s4:1→1"	"s4:16→1"	"e7+f5+g2+su(2)+so(7)+2 su(2)"
14	55	18	181	3	1	0	0	0	0	0	0	"{s1:1→1 / s2:1→1 / s3:1→1, 11→1 / s4:1→1, 11→1, s1:1→1 / s2:1→1 / s3:1→1, 11→1 / s4:1→2, 11→2, s1:1→1 / s3:11→1 / s4:1→1, 11→2, s1:1→1 / s3:1→1, 11→1 / s4:1→1, 11→1, s1:1→1 / s3:1→1, 11→1 / s4:1→2, 11→2}"	"{s2:14→1 / s3:15→1 / s4:15→1, s2:14→1 / s3:15→1 / s4:15→1, s2:14→1 / s3:15→1 / s4:15→1, s2:14→1 / s3:15→1 / s4:15→1, s2:14→1 / s3:15→1 / s4:15→1}"	"e7+f5+su(3)+g2+su(2)+so(7)+2 su(2)"
14	55	20	175	2	2	0	0	0	0	0	0	"s1:1→1 / s2:1→1, 11→1 / s3:1→1 / s4:1→1"	"s3:16→1 / s4:14→1"	"e7+f5+su(3)+g2+su(2)+so(7)+2 su(2)"
14	56	17	188	3	1	0	0	0	0	0	0	"{s1:1→1 / s2:14→1 / s3:12→1 / s4:14→1, s1:1→1 / s2:14→1 / s3:12→1 / s4:1→1, 12→1, 14→1, s1:1→1 / s2:14→1 / s3:12→1 / s4:1→1, 12→1, 14→1, s1:1→1 / s2:14→1 / s3:12→1 / s4:1→1, 12→1, 14→2, s1:1→1 / s2:14→1 / s3:12→1 / s4:1→1, 12→2, 14→1}"	"{s2:15→1 / s3:15→1 / s4:2→1, s2:15→1 / s3:15→1 / s4:2→1, s2:15→1 / s3:2→1 / s4:15→1, s2:15→1 / s3:15→1 / s4:2→1, s2:15→1 / s3:2→1 / s4:15→1}"	"e6+2 f5+3 su(3)"
14	56	18	162	2	1	1	0	0	0	0	0	"{s1:1→1 / s2:14→1 / s3:12→1 / s4:1→1, 12→1, s1:1→1 / s2:14→1 / s3:12→1 / s4:1→1, 12→2, s1:1→1 / s2:14→1 / s3:12→2 / s4:1→1, 12→1}"	"{s3:2→1 / s4:16→1, s3:2→1 / s4:16→1, s3:2→1 / s4:16→1}"	"e6+2 f5+3 su(3)"
14	56	18	181	2	2	0	0	0	0	0	0	"{s1:14→1 / s2:1→1 / s3:12→1 / s4:1→1, 12→2, s1:14→1 / s2:1→1 / s3:12→1 / s4:1→2, 12→3}"	"{s3:16→1 / s4:16→1, s3:16→1 / s4:16→1}"	"e6+2 f5+3 su(3)"
14	56	18	182	2	2	0	0	0	0	0	0	"{s1:14→1 / s2:1→1, 12→1 / s4:1→1, s1:14→1 / s2:1→1 / s3:12→1 / s4:12→1, s1:14→1 / s2:1→1 / s3:12→1 / s4:1→1, 12→1, s1:14→1 / s2:1→1 / s3:12→1 / s4:1→1, 12→1, s1:14→1 / s2:1→1 / s3:12→1 / s4:1→1, 12→2, s1:14→1 / s2:1→1 / s3:12→1 / s4:1→1, 12→2, s1:14→1 / s2:1→1 / s3:12→1 / s4:1→1, 12→2, s1:14→1 / s2:1→1 / s3:12→1 / s4:1→1, 12→3, s1:14→1 / s2:1→1 / s3:12→1 / s4:1→2, 12→2, s1:14→1 / s2:1→1 / s3:12→1 / s4:1→2, 12→2, s1:14→1 / s2:1→1 / s3:12→1 / s4:1→2, 12→3, s1:14→1 / s2:1→1 / s3:12→1 / s4:1→2, 12→3, s1:14→1 / s2:1→1 / s3:12→1 / s4:1→2, 12→3, s1:14→1 / s2:1→1 / s3:12→1 / s4:1→2, 12→3, s1:14→1 / s2:1→1 / s3:1→1, 12→1 / s4:1→1, 12→2, s1:14→1 / s2:1→1 / s3:1→1, 12→1 / s4:1→1, 12→2, s1:14→1 / s2:1→1 / s3:1→1, 12→1 / s4:1→1, 12→3, s1:14→1 / s2:1→1 / s3:1→1, 12→1 / s4:1→2, 12→3, s1:14→1 / s2:1→1 / s3:1→1, 12→1 / s4:1→2, 12→3}"	"{s3:2→1 / s4:15→1, s3:16→1 / s4:2→1, s3:16→1 / s4:15→1, s3:2→1 / s4:15→1, s3:16→1 / s4:2→1, s3:2→1 / s4:15→1, s3:2→1 / s4:16→1, s3:16→1 / s4:2→1, s3:16→1 / s4:15→1, s3:2→1 / s4:15→1, s3:16→1 / s4:15→1, s3:16→1 / s4:2→1, s3:2→1 / s4:15→1, s3:2→1 / s4:16→1, s3:15→1 / s4:16→1, s3:15→1 / s4:2→1, s3:15→1 / s4:2→1, s3:15→1 / s4:16→1, s3:15→1 / s4:2→1}"	"e6+2 f5+3 su(3)"
14	56	19	138	2	1	0	1	0	0	0	0	"s1:1→1 / s2:14→1 / s3:12→1 / s4:12→2"	"s3:16→1 / s4:2→1"	"e6+2 f5+3 su(3)"
14	56	20	138	2	1	0	1	0	0	0	0	"s1:1→1 / s2:14→1 / s3:12→1 / s4:12→3"	"s3:16→1 / s4:2→1"	"e6+2 f5+3 su(3)"
14	56	23	162	2	1	1	0	0	0	0	0	"s1:1→1 / s2:14→1 / s3:12→1 / s4:1→1, 12→3"	"s3:2→1 / s4:16→1"	"e6+2 f5+3 su(3)"
14	56	24	162	2	1	1	0	0	0	0	0	"s1:1→1 / s2:14→1 / s3:12→1 / s4:12→3"	"s3:16→1 / s4:2→1"	"e6+2 f5+3 su(3)"
14	58	18	175	2	2	0	0	0	0	0	0	"s1:14→1 / s2:2→1, 14→1 / s3:2→1 / s4:2→1"	"s3:15→1 / s4:13→1"	"e7+f5+su(3)+g2+su(2)+so(7)+2 su(2)"
14	58	18	181	3	1	0	0	0	0	0	0	"{s1:14→1 / s2:2→1 / s3:2→1 / s4:2→2, 14→1, s1:14→1 / s2:2→1 / s3:2→1 / s4:2→3, 14→2}"	"{s2:15→1 / s3:13→1 / s4:15→1, s2:15→1 / s3:13→1 / s4:15→1}"	"e7+f5+su(3)+g2+su(2)+so(7)+2 su(2)"
14	65	20	126	1	2	0	0	0	1	0	0	"s1:1→1 / s2:14→1 / s3:14→1 / s4:5→1, 14→4"	"s4:17→1"	"e6+f5+su(3)+g2+su(2)+so(7)+2 su(2)"
14	65	21	98	1	2	0	0	0	0	1	0	"{s1:14→1 / s2:1→1 / s3:1→1 / s4:1→1, 5→1, s1:14→1 / s2:1→1 / s3:1→1 / s4:1→2, 5→1, s1:14→1 / s2:1→1 / s3:1→1 / s4:1→3, 5→1, s1:14→1 / s2:1→1 / s3:1→1 / s4:1→4, 5→1, s1:1→1 / s2:14→1 / s3:14→1 / s4:5→1, 14→3, s1:1→1 / s2:14→1 / s3:14→1 / s4:5→1, 14→4}"	"{s4:17→1, s4:17→1, s4:17→1, s4:17→1, s4:17→1, s4:17→1}"	"e6+f5+su(3)+g2+su(2)+so(7)+2 su(2)"
14	65	21	126	1	2	0	0	0	1	0	0	"{s1:14→1 / s2:1→1 / s3:1→1 / s4:1→1, 5→1, s1:14→1 / s2:1→1 / s3:1→1 / s4:1→2, 5→1, s1:14→1 / s2:1→1 / s3:1→1 / s4:1→3, 5→1, s1:14→1 / s2:1→1 / s3:1→1 / s4:1→4, 5→1, s1:1→1 / s2:14→1 / s3:14→1 / s4:5→1, 14→3}"	"{s4:17→1, s4:17→1, s4:17→1, s4:17→1, s4:17→1}"	"e6+f5+su(3)+g2+su(2)+so(7)+2 su(2)"
14	65	22	91	0	3	0	0	0	0	1	0	"{s1:14→1 / s2:1→1 / s3:1→1 / s4:1→1, s1:1→1 / s2:14→1 / s3:14→1 / s4:14→1}"	""	"e6+f5+su(3)+g2+su(2)+so(7)+2 su(2)"
14	65	22	104	2	1	0	0	0	0	1	0	"s1:14→1 / s2:1→1 / s3:1→1 / s4:1→4, 5→1"	"s3:16→1 / s4:16→1"	"e6+f5+su(3)+g2+su(2)+so(7)+2 su(2)"
14	65	22	153	1	2	0	0	1	0	0	0	"{s1:14→1 / s2:1→1 / s3:1→1 / s4:1→2, 5→1, s1:14→1 / s2:1→1 / s3:1→1 / s4:1→3, 14→1, s1:1→1 / s2:14→1 / s3:14→1 / s4:1→1, 14→3, s1:1→1 / s2:14→1 / s3:14→1 / s4:5→1, 14→4}"	"{s4:17→1, s4:17→1, s4:17→1, s4:17→1}"	"e6+f5+su(3)+g2+su(2)+so(7)+2 su(2)"
14	65	23	98	1	2	0	0	0	0	1	0	"{s1:14→1 / s2:1→1 / s3:1→1 / s4:1→1, s1:14→1 / s2:1→1 / s3:1→1 / s4:1→2, s1:14→1 / s2:1→1 / s3:1→2 / s4:1→1, s1:1→1 / s2:14→1 / s3:14→1 / s4:14→1, s1:1→1 / s2:14→1 / s3:14→1 / s4:14→2, s1:1→1 / s2:14→1 / s3:14→1 / s4:14→3, s1:1→1 / s2:14→1 / s3:14→2 / s4:14→1}"	"{s4:17→1, s4:17→1, s4:16→1, s4:17→1, s4:17→1, s4:17→1, s4:16→1}"	"e6+f5+su(3)+g2+su(2)+so(7)+2 su(2)"
14	65	23	104	2	1	0	0	0	0	1	0	"{s1:14→1 / s2:1→1 / s3:1→1 / s4:1→1, s1:14→1 / s2:1→1 / s3:1→1 / s4:1→2, s1:14→1 / s2:1→1 / s3:1→1 / s4:1→3, s1:14→1 / s2:1→1 / s3:1→1 / s4:1→4, s1:14→1 / s2:1→1 / s3:1→2 / s4:1→2, s1:14→1 / s2:1→1 / s3:1→2 / s4:1→3, s1:1→1 / s2:14→1 / s3:14→1 / s4:14→1, s1:1→1 / s2:14→1 / s3:14→1 / s4:14→2, s1:1→1 / s2:14→1 / s3:14→1 / s4:14→3, s1:1→1 / s2:14→1 / s3:14→1 / s4:14→4, s1:1→1 / s2:14→1 / s3:14→1 / s4:14→5, s1:1→1 / s2:14→1 / s3:14→2 / s4:14→2, s1:1→1 / s2:14→1 / s3:14→2 / s4:14→3, s1:1→1 / s2:14→1 / s3:14→2 / s4:14→4}"	"{s3:16→1 / s4:16→1, s3:16→1 / s4:16→1, s3:16→1 / s4:16→1, s3:16→1 / s4:16→1, s3:16→1 / s4:16→1, s3:16→1 / s4:16→1, s3:16→1 / s4:16→1, s3:16→1 / s4:16→1, s3:16→1 / s4:16→1, s3:16→1 / s4:16→1, s3:16→1 / s4:16→1, s3:16→1 / s4:16→1, s3:16→1 / s4:16→1, s3:16→1 / s4:16→1}"	"e6+f5+su(3)+g2+su(2)+so(7)+2 su(2)"
14	65	23	119	0	3	0	0	0	1	0	0	"{s1:14→1 / s2:1→1 / s3:1→1 / s4:1→1, s1:1→1 / s2:14→1 / s3:14→1 / s4:14→1}"	""	"e6+f5+su(3)+g2+su(2)+so(7)+2 su(2)"
14	65	23	153	1	2	0	0	1	0	0	0	"{s1:14→1 / s2:1→1 / s3:1→1 / s4:1→3, 5→1, s1:14→1 / s2:1→1 / s3:1→1 / s4:1→4, 14→1, s1:1→1 / s2:14→1 / s3:14→1 / s4:1→1, 14→4}"	"{s4:17→1, s4:17→1, s4:17→1}"	"e6+f5+su(3)+g2+su(2)+so(7)+2 su(2)"
14	65	24	98	1	2	0	0	0	0	1	0	"{s1:14→1 / s2:1→1 / s3:1→1 / s4:1→3, s1:14→1 / s2:1→1 / s3:1→1 / s4:1→4, s1:14→1 / s2:1→1 / s3:1→1 / s4:1→5, s1:1→1 / s2:14→1 / s3:14→1 / s4:14→4, s1:1→1 / s2:14→1 / s3:14→1 / s4:14→5}"	"{s4:17→1, s4:17→1, s4:17→1, s4:17→1, s4:17→1}"	"e6+f5+su(3)+g2+su(2)+so(7)+2 su(2)"
14	65	24	104	2	1	0	0	0	0	1	0	"{s1:14→1 / s2:1→1 / s3:1→1 / s4:1→3, 5→1, s1:14→1 / s2:1→1 / s3:1→1 / s4:1→5, s1:14→1 / s2:1→1 / s3:1→2 / s4:1→4}"	"{s3:16→1 / s4:16→1, s3:16→1 / s4:16→1, s3:16→1 / s4:16→1}"	"e6+f5+su(3)+g2+su(2)+so(7)+2 su(2)"
14	65	25	126	1	2	0	0	0	1	0	0	"{s1:14→1 / s2:1→1 / s3:1→1 / s4:1→1, s1:1→1 / s2:14→1 / s3:14→1 / s4:14→1}"	"{s4:17→1, s4:17→1}"	"e6+f5+su(3)+g2+su(2)+so(7)+2 su(2)"
14	65	25	132	2	1	0	0	0	1	0	0	"s1:14→1 / s2:1→1 / s3:1→1 / s4:1→4, 5→1"	"s3:16→1 / s4:16→1"	"e6+f5+su(3)+g2+su(2)+so(7)+2 su(2)"
14	65	25	153	1	2	0	0	1	0	0	0	"{s1:14→1 / s2:1→1 / s3:1→1 / s4:1→2, 14→1, s1:14→1 / s2:1→1 / s3:1→1 / s4:1→4, 5→1, s1:1→1 / s2:14→1 / s3:14→1 / s4:1→1, 14→2}"	"{s4:17→1, s4:17→1, s4:17→1}"	"e6+f5+su(3)+g2+su(2)+so(7)+2 su(2)"
14	65	28	126	1	2	0	0	0	1	0	0	"{s1:14→1 / s2:1→1 / s3:1→2 / s4:1→1, s1:1→1 / s2:14→1 / s3:14→2 / s4:14→1}"	"{s4:16→1, s4:16→1}"	"e6+f5+su(3)+g2+su(2)+so(7)+2 su(2)"
14	65	28	132	2	1	0	0	0	1	0	0	"{s1:14→1 / s2:1→1 / s3:1→1 / s4:1→1, s1:1→1 / s2:14→1 / s3:14→1 / s4:14→1}"	"{s3:16→1 / s4:16→1, s3:16→1 / s4:16→1}"	"e6+f5+su(3)+g2+su(2)+so(7)+2 su(2)"
14	65	29	153	1	2	0	0	1	0	0	0	"s1:14→1 / s2:1→1 / s3:1→1 / s4:1→1, 5→1"	"s4:17→1"	"e6+f5+su(3)+g2+su(2)+so(7)+2 su(2)"
14	65	30	126	1	2	0	0	0	1	0	0	"{s1:14→1 / s2:1→1 / s3:1→1 / s4:1→2, s1:1→1 / s2:14→1 / s3:14→1 / s4:14→2}"	"{s4:17→1, s4:17→1}"	"e6+f5+su(3)+g2+su(2)+so(7)+2 su(2)"
14	65	31	132	2	1	0	0	0	1	0	0	"s1:1→1 / s2:14→1 / s3:14→1 / s4:14→2"	"s3:16→1 / s4:16→1"	"e6+f5+su(3)+g2+su(2)+so(7)+2 su(2)"
14	65	32	132	2	1	0	0	0	1	0	0	"s1:14→1 / s2:1→1 / s3:1→1 / s4:1→2"	"s3:16→1 / s4:16→1"	"e6+f5+su(3)+g2+su(2)+so(7)+2 su(2)"
14	65	33	126	1	2	0	0	0	1	0	0	"s1:1→1 / s2:14→1 / s3:14→1 / s4:14→3"	"s4:17→1"	"e6+f5+su(3)+g2+su(2)+so(7)+2 su(2)"
14	65	33	132	2	1	0	0	0	1	0	0	"s1:1→1 / s2:14→1 / s3:14→2 / s4:14→2"	"s3:16→1 / s4:16→1"	"e6+f5+su(3)+g2+su(2)+so(7)+2 su(2)"
14	65	33	153	1	2	0	0	1	0	0	0	"s1:14→1 / s2:1→1 / s3:1→1 / s4:1→3, 5→1, 14→1"	"s4:17→1"	"e6+f5+su(3)+g2+su(2)+so(7)+2 su(2)"
14	65	34	126	1	2	0	0	0	1	0	0	"s1:14→1 / s2:1→1 / s3:1→1 / s4:1→3"	"s4:17→1"	"e6+f5+su(3)+g2+su(2)+so(7)+2 su(2)"
14	65	34	132	2	1	0	0	0	1	0	0	"s1:1→1 / s2:14→1 / s3:14→1 / s4:14→3"	"s3:16→1 / s4:16→1"	"e6+f5+su(3)+g2+su(2)+so(7)+2 su(2)"
14	65	35	126	1	2	0	0	0	1	0	0	"s1:1→1 / s2:14→1 / s3:14→1 / s4:14→4"	"s4:17→1"	"e6+f5+su(3)+g2+su(2)+so(7)+2 su(2)"
14	65	35	132	2	1	0	0	0	1	0	0	"{s1:14→1 / s2:1→1 / s3:1→1 / s4:1→3, s1:14→1 / s2:1→1 / s3:1→2 / s4:1→2, s1:1→1 / s2:14→1 / s3:14→1 / s4:14→4, s1:1→1 / s2:14→1 / s3:14→2 / s4:14→3}"	"{s3:16→1 / s4:16→1, s3:16→1 / s4:16→1, s3:16→1 / s4:16→1, s3:16→1 / s4:16→1}"	"e6+f5+su(3)+g2+su(2)+so(7)+2 su(2)"
14	65	36	126	1	2	0	0	0	1	0	0	"{s1:14→1 / s2:1→1 / s3:1→1 / s4:1→4, s1:1→1 / s2:14→1 / s3:14→1 / s4:14→5}"	"{s4:17→1, s4:17→1}"	"e6+f5+su(3)+g2+su(2)+so(7)+2 su(2)"
14	65	36	132	2	1	0	0	0	1	0	0	"{s1:14→1 / s2:1→1 / s3:1→2 / s4:1→3, s1:1→1 / s2:14→1 / s3:14→1 / s4:14→5, s1:1→1 / s2:14→1 / s3:14→2 / s4:14→4}"	"{s3:16→1 / s4:16→1, s3:16→1 / s4:16→1, s3:16→1 / s4:16→1}"	"e6+f5+su(3)+g2+su(2)+so(7)+2 su(2)"
14	65	37	132	2	1	0	0	0	1	0	0	"s1:14→1 / s2:1→1 / s3:1→1 / s4:1→4"	"s3:16→1 / s4:16→1"	"e6+f5+su(3)+g2+su(2)+so(7)+2 su(2)"
14	65	38	126	1	2	0	0	0	1	0	0	"s1:14→1 / s2:1→1 / s3:1→1 / s4:1→5"	"s4:17→1"	"e6+f5+su(3)+g2+su(2)+so(7)+2 su(2)"
14	65	38	132	2	1	0	0	0	1	0	0	"{s1:14→1 / s2:1→1 / s3:1→1 / s4:1→5, s1:14→1 / s2:1→1 / s3:1→2 / s4:1→4}"	"{s3:16→1 / s4:16→1, s3:16→1 / s4:16→1}"	"e6+f5+su(3)+g2+su(2)+so(7)+2 su(2)"
14	65	40	153	1	2	0	0	1	0	0	0	"s1:1→1 / s2:14→1 / s3:14→1 / s4:5→1, 14→3"	"s4:17→1"	"e6+f5+su(3)+g2+su(2)+so(7)+2 su(2)"
14	65	46	146	0	3	0	0	1	0	0	0	"s1:1→1 / s2:14→1 / s3:14→1 / s4:14→1"	""	"e6+f5+su(3)+g2+su(2)+so(7)+2 su(2)"
14	65	50	146	0	3	0	0	1	0	0	0	"s1:14→1 / s2:1→1 / s3:1→1 / s4:1→1"	""	"e6+f5+su(3)+g2+su(2)+so(7)+2 su(2)"
14	66	18	176	1	2	1	0	0	0	0	0	"{s1:1→1 / s2:14→1 / s3:1→1, 14→1 / s4:1→1, 14→1, s1:1→1 / s2:14→1 / s3:1→1, 14→1 / s4:1→1, 14→1}"	"{s4:13→1, s4:16→1}"	"e7'+f5+su(3)+g2+su(2)+so(7)+2 su(2)"
14	66	18	182	2	1	1	0	0	0	0	0	"{s1:14→1 / s2:1→1 / s3:1→1, 14→1 / s4:1→1, 14→1, s1:1→1 / s2:14→1 / s3:1→1, 14→1 / s4:1→1, 14→1, s1:1→1 / s2:14→1 / s3:1→1, 14→1 / s4:1→2, 14→2}"	"{s3:16→1 / s4:16→1, s3:16→1 / s4:16→1, s3:16→1 / s4:16→1}"	"e7'+f5+su(3)+g2+su(2)+so(7)+2 su(2)"
14	66	18	183	2	1	1	0	0	0	0	0	"{s1:14→1 / s2:1→1 / s3:1→1, 14→1 / s4:1→1, s1:1→1 / s2:14→1 / s3:1→1, 14→1 / s4:1→1, 14→1}"	"{s3:16→1 / s4:13→1, s3:16→1 / s4:13→1}"	"e7'+f5+su(3)+g2+su(2)+so(7)+2 su(2)"
14	66	19	159	2	1	0	1	0	0	0	0	"{s1:1→1 / s2:14→1 / s4:1→1, 14→2, s1:1→1 / s2:14→1 / s4:1→2, 14→3}"	"{s3:13→1 / s4:16→1, s3:13→1 / s4:16→1}"	"e7'+f5+su(3)+g2+su(2)+so(7)+2 su(2)"
14	66	19	176	1	2	1	0	0	0	0	0	"s1:1→1 / s2:14→1 / s3:1→1, 14→1 / s4:1→1"	"s4:13→1"	"e7'+f5+su(3)+g2+su(2)+so(7)+2 su(2)"
14	66	20	133	2	1	0	0	1	0	0	0	"{s1:1→1 / s2:14→1 / s4:1→1, 14→1, s1:1→1 / s2:14→1 / s4:1→1, 14→2, s1:1→1 / s2:14→1 / s4:1→1, 14→3, s1:1→1 / s2:14→1 / s4:1→1, 14→4}"	"{s3:13→1 / s4:16→1, s3:13→1 / s4:16→1, s3:13→1 / s4:16→1, s3:13→1 / s4:16→1}"	"e7'+f5+su(3)+g2+su(2)+so(7)+2 su(2)"
14	66	20	159	2	1	0	1	0	0	0	0	"{s1:1→1 / s2:14→1 / s4:1→1, 14→3, s1:1→1 / s2:14→1 / s4:1→1, 14→4}"	"{s3:13→1 / s4:16→1, s3:13→1 / s4:16→1}"	"e7'+f5+su(3)+g2+su(2)+so(7)+2 su(2)"
14	66	21	99	1	2	0	0	0	1	0	0	"s1:1→1 / s2:14→1 / s3:14→1"	"s4:13→1"	"e7'+f5+su(3)+g2+su(2)+so(7)+2 su(2)"
14	66	21	106	2	1	0	0	0	1	0	0	"s1:1→1 / s2:14→1 / s3:14→1"	"s3:16→1 / s4:13→1"	"e7'+f5+su(3)+g2+su(2)+so(7)+2 su(2)"
14	66	21	126	1	2	0	0	1	0	0	0	"{s1:1→1 / s2:14→1 / s3:14→1, s1:1→1 / s2:14→1 / s3:14→1 / s4:1→1, 14→1}"	"{s4:13→1, s4:13→1}"	"e7'+f5+su(3)+g2+su(2)+so(7)+2 su(2)"
14	66	22	71	1	2	0	0	0	0	1	0	"{s1:1→1 / s2:14→1 / s3:14→1, s1:1→1 / s2:14→1 / s3:14→1 / s4:14→1}"	"{s4:13→1, s4:13→1}"	"e7'+f5+su(3)+g2+su(2)+so(7)+2 su(2)"
14	66	22	78	2	1	0	0	0	0	1	0	"{s1:1→1 / s2:14→1 / s3:14→1, s1:1→1 / s2:14→1 / s3:14→1 / s4:14→1}"	"{s3:16→1 / s4:13→1, s3:16→1 / s4:13→1}"	"e7'+f5+su(3)+g2+su(2)+so(7)+2 su(2)"
14	66	22	92	0	3	0	0	0	1	0	0	"s1:1→1 / s2:14→1 / s3:14→1 / s4:14→1"	""	"e7'+f5+su(3)+g2+su(2)+so(7)+2 su(2)"
14	66	22	99	1	2	0	0	0	1	0	0	"s1:1→1 / s2:14→1 / s3:14→1 / s4:14→1"	"s4:13→1"	"e7'+f5+su(3)+g2+su(2)+so(7)+2 su(2)"
14	66	22	106	2	1	0	0	0	1	0	0	"s1:1→1 / s2:14→1 / s3:14→1 / s4:14→1"	"s3:16→1 / s4:13→1"	"e7'+f5+su(3)+g2+su(2)+so(7)+2 su(2)"
14	66	22	126	1	2	0	0	1	0	0	0	"s1:1→1 / s2:14→1 / s3:14→1 / s4:14→1"	"s4:13→1"	"e7'+f5+su(3)+g2+su(2)+so(7)+2 su(2)"
14	66	22	152	1	2	0	1	0	0	0	0	"s1:14→1 / s2:1→1 / s3:1→1 / s4:1→2"	"s4:13→1"	"e7'+f5+su(3)+g2+su(2)+so(7)+2 su(2)"
14	66	23	64	0	3	0	0	0	0	1	0	"s1:1→1 / s2:14→1 / s3:14→1 / s4:14→1"	""	"e7'+f5+su(3)+g2+su(2)+so(7)+2 su(2)"
14	66	23	71	1	2	0	0	0	0	1	0	"{s1:1→1 / s2:14→1 / s3:14→1 / s4:14→1, s1:1→1 / s2:14→1 / s3:14→2}"	"{s4:17→1, s4:13→1}"	"e7'+f5+su(3)+g2+su(2)+so(7)+2 su(2)"
14	66	23	77	2	1	0	0	0	0	1	0	"{s1:1→1 / s2:14→1 / s3:14→1 / s4:14→1, s1:1→1 / s2:14→1 / s3:14→1 / s4:14→2}"	"{s3:16→1 / s4:16→1, s3:16→1 / s4:16→1}"	"e7'+f5+su(3)+g2+su(2)+so(7)+2 su(2)"
14	66	23	78	2	1	0	0	0	0	1	0	"{s1:1→1 / s2:14→1 / s3:14→2, s1:1→1 / s2:14→1 / s3:14→3}"	"{s3:16→1 / s4:13→1, s3:16→1 / s4:13→1}"	"e7'+f5+su(3)+g2+su(2)+so(7)+2 su(2)"
14	66	23	99	1	2	0	0	0	1	0	0	"{s1:1→1 / s2:14→1 / s3:14→1 / s4:14→1, s1:1→1 / s2:14→1 / s3:14→2}"	"{s4:17→1, s4:13→1}"	"e7'+f5+su(3)+g2+su(2)+so(7)+2 su(2)"
14	66	23	105	2	1	0	0	0	1	0	0	"{s1:1→1 / s2:14→1 / s3:14→1 / s4:14→1, s1:1→1 / s2:14→1 / s3:14→1 / s4:14→2}"	"{s3:16→1 / s4:16→1, s3:16→1 / s4:16→1}"	"e7'+f5+su(3)+g2+su(2)+so(7)+2 su(2)"
14	66	23	119	0	3	0	0	1	0	0	0	"{s1:14→1 / s2:1→1 / s3:1→1 / s4:1→1, s1:1→1 / s2:14→1 / s3:14→1 / s4:14→1}"	""	"e7'+f5+su(3)+g2+su(2)+so(7)+2 su(2)"
14	66	23	133	2	1	0	0	1	0	0	0	"{s1:1→1 / s2:14→1 / s3:14→1, s1:1→1 / s2:14→1 / s3:14→1 / s4:14→1}"	"{s3:16→1 / s4:13→1, s3:16→1 / s4:13→1}"	"e7'+f5+su(3)+g2+su(2)+so(7)+2 su(2)"
14	66	23	152	1	2	0	1	0	0	0	0	"s1:14→1 / s2:1→1 / s3:1→1 / s4:1→3"	"s4:13→1"	"e7'+f5+su(3)+g2+su(2)+so(7)+2 su(2)"
14	66	24	78	2	1	0	0	0	0	1	0	"{s1:1→1 / s2:14→1 / s3:14→4, s1:1→1 / s2:14→1 / s3:14→5}"	"{s3:16→1 / s4:13→1, s3:16→1 / s4:13→1}"	"e7'+f5+su(3)+g2+su(2)+so(7)+2 su(2)"
14	66	24	106	2	1	0	0	0	1	0	0	"s1:1→1 / s2:14→1 / s3:14→2"	"s3:16→1 / s4:13→1"	"e7'+f5+su(3)+g2+su(2)+so(7)+2 su(2)"
14	66	24	152	1	2	0	1	0	0	0	0	"s1:1→1 / s2:14→1 / s3:14→1"	"s4:13→1"	"e7'+f5+su(3)+g2+su(2)+so(7)+2 su(2)"
14	66	25	126	1	2	0	0	1	0	0	0	"{s1:14→1 / s2:1→1 / s3:1→1 / s4:1→1, s1:1→1 / s2:14→1 / s3:14→1 / s4:14→1}"	"{s4:17→1, s4:17→1}"	"e7'+f5+su(3)+g2+su(2)+so(7)+2 su(2)"
14	66	26	106	2	1	0	0	0	1	0	0	"s1:1→1 / s2:14→1 / s3:14→3"	"s3:16→1 / s4:13→1"	"e7'+f5+su(3)+g2+su(2)+so(7)+2 su(2)"
14	66	26	126	1	2	0	0	1	0	0	0	"s1:1→1 / s2:14→1 / s3:14→2"	"s4:13→1"	"e7'+f5+su(3)+g2+su(2)+so(7)+2 su(2)"
14	66	26	152	1	2	0	1	0	0	0	0	"s1:14→1 / s2:1→1 / s3:1→1 / s4:1→4"	"s4:13→1"	"e7'+f5+su(3)+g2+su(2)+so(7)+2 su(2)"
14	66	28	106	2	1	0	0	0	1	0	0	"s1:1→1 / s2:14→1 / s3:14→4"	"s3:16→1 / s4:13→1"	"e7'+f5+su(3)+g2+su(2)+so(7)+2 su(2)"
14	66	28	126	1	2	0	0	1	0	0	0	"s1:14→1 / s2:1→1 / s3:1→2 / s4:1→1"	"s4:16→1"	"e7'+f5+su(3)+g2+su(2)+so(7)+2 su(2)"
14	66	28	132	2	1	0	0	1	0	0	0	"{s1:14→1 / s2:1→1 / s3:1→1 / s4:1→1, s1:1→1 / s2:14→1 / s3:14→1 / s4:14→1}"	"{s3:16→1 / s4:16→1, s3:16→1 / s4:16→1}"	"e7'+f5+su(3)+g2+su(2)+so(7)+2 su(2)"
14	66	29	152	1	2	0	1	0	0	0	0	"s1:14→1 / s2:1→1 / s3:1→1 / s4:1→5"	"s4:13→1"	"e7'+f5+su(3)+g2+su(2)+so(7)+2 su(2)"
14	66	30	106	2	1	0	0	0	1	0	0	"s1:1→1 / s2:14→1 / s3:14→5"	"s3:16→1 / s4:13→1"	"e7'+f5+su(3)+g2+su(2)+so(7)+2 su(2)"
14	66	30	126	1	2	0	0	1	0	0	0	"s1:14→1 / s2:1→1 / s3:1→1 / s4:1→2"	"s4:17→1"	"e7'+f5+su(3)+g2+su(2)+so(7)+2 su(2)"
14	66	31	132	2	1	0	0	1	0	0	0	"s1:14→1 / s2:1→1 / s3:1→1 / s4:1→2"	"s3:16→1 / s4:16→1"	"e7'+f5+su(3)+g2+su(2)+so(7)+2 su(2)"
14	66	33	126	1	2	0	0	1	0	0	0	"s1:14→1 / s2:1→1 / s3:1→1 / s4:1→3"	"s4:17→1"	"e7'+f5+su(3)+g2+su(2)+so(7)+2 su(2)"
14	66	33	132	2	1	0	0	1	0	0	0	"{s1:14→1 / s2:1→1 / s3:1→2 / s4:1→2, s1:1→1 / s2:14→1 / s3:14→1 / s4:14→2}"	"{s3:16→1 / s4:16→1, s3:16→1 / s4:16→1}"	"e7'+f5+su(3)+g2+su(2)+so(7)+2 su(2)"
14	66	34	132	2	1	0	0	1	0	0	0	"s1:14→1 / s2:1→1 / s3:1→1 / s4:1→3"	"s3:16→1 / s4:16→1"	"e7'+f5+su(3)+g2+su(2)+so(7)+2 su(2)"
14	66	35	126	1	2	0	0	1	0	0	0	"s1:14→1 / s2:1→1 / s3:1→1 / s4:1→4"	"s4:17→1"	"e7'+f5+su(3)+g2+su(2)+so(7)+2 su(2)"
14	66	35	132	1	1	1	1	0	0	0	0	"s1:14→1 / s2:1→1 / s3:1→1 / s4:1→1"	"s4:13→1"	"e7'+f5+su(3)+g2+su(2)+so(7)+2 su(2)"
14	66	35	132	2	1	0	0	1	0	0	0	"{s1:14→1 / s2:1→1 / s3:1→1 / s4:1→4, s1:14→1 / s2:1→1 / s3:1→2 / s4:1→3}"	"{s3:16→1 / s4:16→1, s3:16→1 / s4:16→1}"	"e7'+f5+su(3)+g2+su(2)+so(7)+2 su(2)"
14	66	36	126	1	2	0	0	1	0	0	0	"s1:14→1 / s2:1→1 / s3:1→1 / s4:1→5"	"s4:17→1"	"e7'+f5+su(3)+g2+su(2)+so(7)+2 su(2)"
14	66	36	132	2	1	0	0	1	0	0	0	"{s1:14→1 / s2:1→1 / s3:1→1 / s4:1→5, s1:14→1 / s2:1→1 / s3:1→2 / s4:1→4}"	"{s3:16→1 / s4:16→1, s3:16→1 / s4:16→1}"	"e7'+f5+su(3)+g2+su(2)+so(7)+2 su(2)"
14	66	47	145	0	3	0	1	0	0	0	0	"s1:14→1 / s2:1→1 / s3:1→1 / s4:1→1"	""	"e7'+f5+su(3)+g2+su(2)+so(7)+2 su(2)"
14	66	53	133	2	1	0	0	1	0	0	0	"s1:1→1 / s2:14→1 / s3:14→2"	"s3:16→1 / s4:13→1"	"e7'+f5+su(3)+g2+su(2)+so(7)+2 su(2)"
14	66	55	145	0	3	0	1	0	0	0	0	"s1:1→1 / s2:14→1 / s3:14→1 / s4:14→1"	""	"e7'+f5+su(3)+g2+su(2)+so(7)+2 su(2)"
14	66	100	126	1	2	0	0	1	0	0	0	"s1:1→1 / s2:14→1 / s3:14→1 / s4:1→1, 14→1"	"s4:17→1"	"e7'+f5+su(3)+g2+su(2)+so(7)+2 su(2)"
14	66	100	133	2	1	0	0	1	0	0	0	"s1:1→1 / s2:14→1 / s3:14→3"	"s3:16→1 / s4:13→1"	"e7'+f5+su(3)+g2+su(2)+so(7)+2 su(2)"
14	71	19	161	2	1	0	0	1	0	0	0	"{s1:14→1 / s2:1→1 / s3:1→1, 14→1 / s4:1→1, 14→1, s1:14→1 / s2:1→1 / s3:1→1, 14→1 / s4:1→2, 14→1}"	"{s3:16→1 / s4:16→1, s3:16→1 / s4:16→1}"	"e6+f5+su(3)+2(g2+su(2))"
14	71	21	100	1	2	0	0	0	0	1	0	"s1:14→1 / s2:1→1 / s3:1→1 / s4:1→1, 5→1"	"s4:17→1"	"e6+f5+su(3)+2(g2+su(2))"
14	71	21	128	1	2	0	0	0	1	0	0	"s1:14→1 / s2:1→1 / s3:1→1 / s4:1→1, 5→1"	"s4:17→1"	"e6+f5+su(3)+2(g2+su(2))"
14	71	22	93	0	3	0	0	0	0	1	0	"s1:14→1 / s2:1→1 / s3:1→1 / s4:1→1"	""	"e6+f5+su(3)+2(g2+su(2))"
14	71	23	100	1	2	0	0	0	0	1	0	"s1:14→1 / s2:1→1 / s3:1→1 / s4:1→1"	"s4:17→1"	"e6+f5+su(3)+2(g2+su(2))"
14	71	23	106	2	1	0	0	0	0	1	0	"{s1:14→1 / s2:1→1 / s3:1→1 / s4:1→1, s1:14→1 / s2:1→1 / s3:1→1 / s4:1→2}"	"{s3:16→1 / s4:16→1, s3:16→1 / s4:16→1}"	"e6+f5+su(3)+2(g2+su(2))"
14	71	23	121	0	3	0	0	0	1	0	0	"s1:14→1 / s2:1→1 / s3:1→1 / s4:1→1"	""	"e6+f5+su(3)+2(g2+su(2))"
14	71	24	-15	1	2	0	0	0	0	0	1	"s1:14→1 / s2:1→1 / s3:1→1 / s4:1→1, 5→1"	"s4:17→1"	"e6+f5+su(3)+2(g2+su(2))"
14	71	24	155	1	2	0	0	1	0	0	0	"s1:14→1 / s2:1→1 / s3:1→1 / s4:1→1, 5→1"	"s4:17→1"	"e6+f5+su(3)+2(g2+su(2))"
14	71	25	-22	0	3	0	0	0	0	0	1	"s1:14→1 / s2:1→1 / s3:1→1 / s4:1→1"	""	"e6+f5+su(3)+2(g2+su(2))"
14	71	25	-15	1	2	0	0	0	0	0	1	"s1:14→1 / s2:1→1 / s3:1→1 / s4:1→1"	"s4:17→1"	"e6+f5+su(3)+2(g2+su(2))"
14	71	25	-9	2	1	0	0	0	0	0	1	"{s1:14→1 / s2:1→1 / s3:1→1 / s4:1→1, s1:14→1 / s2:1→1 / s3:1→1 / s4:1→2}"	"{s3:16→1 / s4:16→1, s3:16→1 / s4:16→1}"	"e6+f5+su(3)+2(g2+su(2))"
14	71	25	128	1	2	0	0	0	1	0	0	"s1:14→1 / s2:1→1 / s3:1→1 / s4:1→1"	"s4:17→1"	"e6+f5+su(3)+2(g2+su(2))"
14	71	29	134	2	1	0	0	0	1	0	0	"s1:14→1 / s2:1→1 / s3:1→1 / s4:1→1"	"s3:16→1 / s4:16→1"	"e6+f5+su(3)+2(g2+su(2))"
14	71	34	134	2	1	0	0	0	1	0	0	"s1:14→1 / s2:1→1 / s3:1→1 / s4:1→2"	"s3:16→1 / s4:16→1"	"e6+f5+su(3)+2(g2+su(2))"
14	71	36	128	0	2	1	0	1	0	0	0	"s1:1→1 / s2:14→1 / s3:14→1 / s4:14→1"	""	"e6+f5+su(3)+2(g2+su(2))"
14	71	38	148	0	3	0	0	1	0	0	0	"s1:1→1 / s2:14→1 / s3:14→1 / s4:14→1"	""	"e6+f5+su(3)+2(g2+su(2))"
14	71	59	148	0	3	0	0	1	0	0	0	"s1:14→1 / s2:1→1 / s3:1→1 / s4:1→1"	""	"e6+f5+su(3)+2(g2+su(2))"
14	72	19	134	2	1	0	0	0	1	0	0	"{s1:14→1 / s2:1→1 / s4:1→1, 4→1, 14→1, s1:14→1 / s2:1→1 / s4:1→2, 14→1, s1:14→1 / s2:1→1 / s4:1→2, 4→1, 14→1}"	"{s3:2→1 / s4:16→1, s3:2→1 / s4:16→1, s3:2→1 / s4:16→1}"	"e6+f5+su(3)+2(g2+su(2))"
14	72	19	161	2	1	0	0	1	0	0	0	"{s1:14→1 / s2:1→1 / s4:1→1, 4→1, 14→1, s1:14→1 / s2:1→1 / s4:1→2, 14→1, s1:14→1 / s2:1→1 / s4:1→2, 4→1, 14→1}"	"{s3:2→1 / s4:16→1, s3:2→1 / s4:16→1, s3:2→1 / s4:16→1}"	"e6+f5+su(3)+2(g2+su(2))"
14	72	20	106	2	1	0	0	0	0	1	0	"{s1:14→1 / s2:1→1 / s3:4→1, s1:14→1 / s2:1→1 / s4:1→1, 4→1, s1:14→1 / s2:1→1 / s4:1→1, 4→1, 14→1, s1:14→1 / s2:1→1 / s4:1→2, 14→1, s1:14→1 / s2:1→1 / s4:1→2, 4→1, 14→1}"	"{s3:16→1 / s4:2→1, s3:2→1 / s4:16→1, s3:2→1 / s4:16→1, s3:2→1 / s4:16→1, s3:2→1 / s4:16→1}"	"e6+f5+su(3)+2(g2+su(2))"
14	72	20	127	1	2	0	0	0	1	0	0	"s1:14→1 / s2:1→1 / s3:1→1 / s4:4→1"	"s4:2→1"	"e6+f5+su(3)+2(g2+su(2))"
14	72	20	128	1	2	0	0	0	1	0	0	"s1:14→1 / s2:1→1 / s3:1→1 / s4:4→1"	"s4:17→1"	"e6+f5+su(3)+2(g2+su(2))"
14	72	20	134	2	1	0	0	0	1	0	0	"{s1:14→1 / s2:1→1 / s3:4→1, s1:14→1 / s2:1→1 / s4:1→1, 4→1, s1:14→1 / s2:1→1 / s4:1→2, 4→1}"	"{s3:16→1 / s4:2→1, s3:2→1 / s4:16→1, s3:2→1 / s4:16→1}"	"e6+f5+su(3)+2(g2+su(2))"
14	72	20	161	2	1	0	0	1	0	0	0	"s1:14→1 / s2:1→1 / s3:4→1"	"s3:16→1 / s4:2→1"	"e6+f5+su(3)+2(g2+su(2))"
14	72	21	99	1	2	0	0	0	0	1	0	"{s1:14→1 / s2:1→1 / s3:1→1, s1:14→1 / s2:1→1 / s3:1→1 / s4:4→1}"	"{s4:2→1, s4:2→1}"	"e6+f5+su(3)+2(g2+su(2))"
14	72	21	100	1	2	0	0	0	0	1	0	"s1:14→1 / s2:1→1 / s3:1→1 / s4:4→1"	"s4:17→1"	"e6+f5+su(3)+2(g2+su(2))"
14	72	21	106	2	1	0	0	0	0	1	0	"{s1:14→1 / s2:1→1 / s3:4→1, 14→1, s1:14→1 / s2:1→1 / s4:1→1, s1:14→1 / s2:1→1 / s4:1→2, 4→1}"	"{s3:16→1 / s4:2→1, s3:2→1 / s4:16→1, s3:2→1 / s4:16→1}"	"e6+f5+su(3)+2(g2+su(2))"
14	72	21	127	1	2	0	0	0	1	0	0	"s1:14→1 / s2:1→1 / s3:1→1"	"s4:2→1"	"e6+f5+su(3)+2(g2+su(2))"
14	72	21	161	2	1	0	0	1	0	0	0	"s1:14→1 / s2:1→1 / s4:1→1, 4→1"	"s3:2→1 / s4:16→1"	"e6+f5+su(3)+2(g2+su(2))"
14	72	22	154	1	2	0	0	1	0	0	0	"s1:14→1 / s2:1→1 / s3:1→1 / s4:4→1"	"s4:2→1"	"e6+f5+su(3)+2(g2+su(2))"
14	72	22	155	1	2	0	0	1	0	0	0	"s1:14→1 / s2:1→1 / s3:1→1 / s4:4→1"	"s4:17→1"	"e6+f5+su(3)+2(g2+su(2))"
14	72	23	134	2	1	0	0	0	1	0	0	"s1:14→1 / s2:1→1 / s4:1→1"	"s3:2→1 / s4:16→1"	"e6+f5+su(3)+2(g2+su(2))"
14	72	23	161	2	1	0	0	1	0	0	0	"s1:14→1 / s2:1→1 / s4:1→2, 4→1"	"s3:2→1 / s4:16→1"	"e6+f5+su(3)+2(g2+su(2))"
14	72	24	-16	1	2	0	0	0	0	0	1	"{s1:14→1 / s2:1→1 / s3:1→1, s1:14→1 / s2:1→1 / s3:1→1 / s4:4→1}"	"{s4:2→1, s4:2→1}"	"e6+f5+su(3)+2(g2+su(2))"
14	72	24	-15	1	2	0	0	0	0	0	1	"s1:14→1 / s2:1→1 / s3:1→1 / s4:4→1"	"s4:17→1"	"e6+f5+su(3)+2(g2+su(2))"
14	72	24	-9	2	1	0	0	0	0	0	1	"{s1:14→1 / s2:1→1 / s3:4→1, s1:14→1 / s2:1→1 / s4:1→1, s1:14→1 / s2:1→1 / s4:1→1, 4→1, s1:14→1 / s2:1→1 / s4:1→2, 4→1}"	"{s3:16→1 / s4:2→1, s3:2→1 / s4:16→1, s3:2→1 / s4:16→1, s3:2→1 / s4:16→1}"	"e6+f5+su(3)+2(g2+su(2))"
14	72	24	106	2	1	0	0	0	0	1	0	"s1:14→1 / s2:1→1 / s4:1→2"	"s3:2→1 / s4:16→1"	"e6+f5+su(3)+2(g2+su(2))"
14	72	24	154	1	2	0	0	1	0	0	0	"s1:14→1 / s2:1→1 / s3:1→1"	"s4:2→1"	"e6+f5+su(3)+2(g2+su(2))"
14	72	25	-9	2	1	0	0	0	0	0	1	"s1:14→1 / s2:1→1 / s4:1→2"	"s3:2→1 / s4:16→1"	"e6+f5+su(3)+2(g2+su(2))"
14	72	64	134	2	1	0	0	0	1	0	0	"s1:14→1 / s2:1→1 / s4:1→2"	"s3:2→1 / s4:16→1"	"e6+f5+su(3)+2(g2+su(2))"
14	72	78	134	2	1	0	0	0	1	0	0	"s1:14→1 / s2:1→1 / s3:4→1, 14→1"	"s3:16→1 / s4:2→1"	"e6+f5+su(3)+2(g2+su(2))"
14	73	19	159	2	1	0	1	0	0	0	0	"s1:14→1 / s2:1→1 / s4:1→2, 14→1"	"s3:2→1 / s4:16→1"	"e7'+f5+3(g2+su(2))"
14	73	19	176	1	2	1	0	0	0	0	0	"s1:14→1 / s2:1→1 / s3:1→1, 14→1 / s4:14→1"	"s4:2→1"	"e7'+f5+3(g2+su(2))"
14	73	20	133	2	1	0	0	1	0	0	0	"{s1:14→1 / s2:1→1 / s4:1→1, 14→1, s1:14→1 / s2:1→1 / s4:1→2, 14→1}"	"{s3:2→1 / s4:16→1, s3:2→1 / s4:16→1}"	"e7'+f5+3(g2+su(2))"
14	73	21	99	1	2	0	0	0	1	0	0	"s1:14→1 / s2:1→1 / s3:1→1"	"s4:2→1"	"e7'+f5+3(g2+su(2))"
14	73	21	106	2	1	0	0	0	1	0	0	"s1:14→1 / s2:1→1 / s4:1→1"	"s3:2→1 / s4:16→1"	"e7'+f5+3(g2+su(2))"
14	73	21	126	1	2	0	0	1	0	0	0	"s1:14→1 / s2:1→1 / s3:1→1"	"s4:2→1"	"e7'+f5+3(g2+su(2))"
14	73	22	71	1	2	0	0	0	0	1	0	"s1:14→1 / s2:1→1 / s3:1→1"	"s4:2→1"	"e7'+f5+3(g2+su(2))"
14	73	22	78	2	1	0	0	0	0	1	0	"s1:14→1 / s2:1→1 / s4:1→1"	"s3:2→1 / s4:16→1"	"e7'+f5+3(g2+su(2))"
14	73	23	78	2	1	0	0	0	0	1	0	"s1:14→1 / s2:1→1 / s4:1→2"	"s3:2→1 / s4:16→1"	"e7'+f5+3(g2+su(2))"
14	73	23	133	2	1	0	0	1	0	0	0	"s1:14→1 / s2:1→1 / s4:1→1"	"s3:2→1 / s4:16→1"	"e7'+f5+3(g2+su(2))"
14	73	24	106	2	1	0	0	0	1	0	0	"s1:14→1 / s2:1→1 / s4:1→2"	"s3:2→1 / s4:16→1"	"e7'+f5+3(g2+su(2))"
14	73	24	152	1	2	0	1	0	0	0	0	"s1:14→1 / s2:1→1 / s3:1→1"	"s4:2→1"	"e7'+f5+3(g2+su(2))"
14	73	43	146	0	3	0	1	0	0	0	0	"s1:1→1 / s2:14→1 / s3:14→1 / s4:14→1"	""	"e7'+f5+3(g2+su(2))"
14	73	61	133	2	1	0	0	1	0	0	0	"s1:14→1 / s2:1→1 / s4:1→2"	"s3:2→1 / s4:16→1"	"e7'+f5+3(g2+su(2))"
14	74	17	183	3	1	0	0	0	0	0	0	"s1:14→1 / s2:1→1 / s3:1→1 / s4:1→2, 6→1, 14→2"	"s2:15→1 / s3:13→1 / s4:2→1"	"e7+f5+su(3)+2(g2+su(2))"
14	74	18	156	2	1	1	0	0	0	0	0	"{s1:14→1 / s2:1→1 / s3:1→1 / s4:1→2, 6→1, 14→1, s1:1→1 / s2:14→1 / s3:6→1, 14→2 / s4:14→1, s1:1→1 / s2:14→1 / s3:6→1, 14→2 / s4:14→1, s1:1→1 / s2:14→1 / s4:6→1, 14→2}"	"{s3:13→1 / s4:2→1, s3:13→1 / s4:2→1, s3:16→1 / s4:2→1, s3:13→1 / s4:2→1}"	"e7+f5+su(3)+2(g2+su(2))"
14	74	18	157	2	1	1	0	0	0	0	0	"s1:1→1 / s2:14→1 / s4:1→1, 6→1, 14→2"	"s3:13→1 / s4:16→1"	"e7+f5+su(3)+2(g2+su(2))"
14	74	18	169	1	3	0	0	0	0	0	0	"s1:14→1 / s2:1→1 / s3:1→1, 14→1 / s4:14→1"	"s4:2→1"	"e7+f5+su(3)+2(g2+su(2))"
14	74	18	170	1	3	0	0	0	0	0	0	"s1:14→1 / s2:1→1 / s3:1→1, 14→1 / s4:1→1"	"s4:13→1"	"e7+f5+su(3)+2(g2+su(2))"
14	74	18	176	2	2	0	0	0	0	0	0	"{s1:14→1 / s2:1→1, 14→1 / s3:1→1 / s4:1→1, s1:14→1 / s2:1→1, 14→1 / s3:1→1 / s4:1→1, 14→1, s1:14→1 / s2:1→1, 14→1 / s3:1→1 / s4:1→1, 14→1, s1:14→1 / s2:1→1, 14→1 / s4:1→1, s1:14→1 / s2:1→1, 14→1 / s4:1→1, s1:14→1 / s2:1→1, 14→1 / s4:1→2, 14→1, s1:14→1 / s2:1→1, 14→1 / s4:1→2, 14→1, s1:14→1 / s2:1→1, 14→1 / s4:1→2, 14→1, s1:14→1 / s2:1→1, 14→1 / s4:1→3, 14→1, s1:14→1 / s2:1→1 / s3:14→1 / s4:1→1, 14→1, s1:14→1 / s2:1→1 / s3:14→1 / s4:1→1, 6→1, 14→2, s1:14→1 / s2:1→1 / s3:14→1 / s4:1→1, 6→1, 14→2, s1:14→1 / s2:1→1 / s3:14→1 / s4:1→1, 6→1, 14→3, s1:14→1 / s2:1→1 / s3:14→1 / s4:1→1, 6→1, 14→3, s1:14→1 / s2:1→1 / s3:14→1 / s4:1→1, 6→1, 14→3, s1:14→1 / s2:1→1 / s3:14→1 / s4:1→2, 14→2, s1:14→1 / s2:1→1 / s3:14→1 / s4:1→2, 14→2, s1:14→1 / s2:1→1 / s3:14→1 / s4:1→2, 14→3, s1:14→1 / s2:1→1 / s3:1→1, 14→1 / s4:1→1, 14→2, s1:14→1 / s2:1→1 / s3:1→1, 14→1 / s4:1→1, 14→2, s1:14→1 / s2:1→1 / s3:1→1, 14→1 / s4:1→2, 14→1, s1:14→1 / s2:1→1 / s3:1→1, 14→1 / s4:1→2, 14→2, s1:14→1 / s2:1→1 / s3:1→1, 14→1 / s4:1→2, 14→3, s1:14→1 / s2:1→1 / s3:1→1, 14→2 / s4:1→2, 14→2, s1:14→1 / s2:1→1 / s3:1→1, 14→2 / s4:1→2, 14→2, s1:14→1 / s2:1→1 / s3:1→1 / s4:1→2, 14→2, s1:14→1 / s2:1→1 / s3:1→1 / s4:1→2, 6→1, 14→2, s1:14→1 / s2:1→1 / s3:6→1, 14→2 / s4:14→1, s1:14→1 / s2:1→2, 14→1 / s4:1→1, s1:1→1, 14→1 / s2:1→1, 14→1, s1:1→1, 14→1 / s2:1→1, 14→1 / s4:14→1, s1:1→1 / s2:1→1, 14→1 / s4:14→1, s1:1→1 / s2:1→1, 14→2 / s4:14→1}"	"{s3:15→1 / s4:15→1, s3:13→1 / s4:2→1, s3:15→1 / s4:2→1, s3:2→1 / s4:13→1, s3:2→1 / s4:15→1, s3:2→1 / s4:13→1, s3:2→1 / s4:15→1, s3:2→1 / s4:16→1, s3:2→1 / s4:13→1, s3:2→1 / s4:15→1, s3:2→1 / s4:13→1, s3:2→1 / s4:15→1, s3:2→1 / s4:13→1, s3:2→1 / s4:15→1, s3:2→1 / s4:16→1, s3:2→1 / s4:13→1, s3:2→1 / s4:15→1, s3:2→1 / s4:16→1, s3:13→1 / s4:2→1, s3:15→1 / s4:2→1, s3:2→1 / s4:13→1, s3:15→1 / s4:15→1, s3:15→1 / s4:2→1, s3:2→1 / s4:13→1, s3:2→1 / s4:15→1, s3:13→1 / s4:2→1, s3:13→1 / s4:2→1, s3:16→1 / s4:2→1, s3:2→1 / s4:13→1, s3:13→1 / s4:2→1, s3:13→1 / s4:2→1, s3:13→1 / s4:2→1, s3:13→1 / s4:2→1}"	"e7+f5+su(3)+2(g2+su(2))"
14	74	18	177	2	2	0	0	0	0	0	0	"{s1:14→1 / s2:1→1, 14→1 / s3:1→1 / s4:1→1, s1:14→1 / s2:1→1, 14→1 / s3:1→1 / s4:1→1, s1:14→1 / s2:1→1 / s3:1→1, 14→1 / s4:1→1, s1:14→1 / s2:1→1 / s3:1→1, 14→1 / s4:1→1, 14→1, s1:14→1 / s2:1→1 / s3:1→1 / s4:1→2, 6→1, 14→1, s1:14→1 / s2:1→1 / s3:1→1 / s4:1→3, 14→2, s1:14→1 / s2:1→2, 14→1 / s3:1→1 / s4:1→1, s1:1→1 / s2:1→1, 14→1 / s3:14→1}"	"{s3:15→1 / s4:13→1, s3:16→1 / s4:13→1, s3:16→1 / s4:13→1, s3:16→1 / s4:15→1, s3:13→1 / s4:15→1, s3:13→1 / s4:15→1, s3:15→1 / s4:13→1, s3:15→1 / s4:13→1}"	"e7+f5+su(3)+2(g2+su(2))"
14	74	18	182	3	1	0	0	0	0	0	0	"{s1:14→1 / s2:1→1 / s3:1→1, 14→1 / s4:1→2, 14→1, s1:14→1 / s2:1→1 / s3:1→1, 14→1 / s4:1→2, 14→2, s1:14→1 / s2:1→1 / s3:1→1, 14→1 / s4:1→3, 14→2, s1:14→1 / s2:1→1 / s3:1→1 / s4:1→1, 14→1, s1:14→1 / s2:1→1 / s3:1→2, 14→1 / s4:1→2, 14→2, s1:14→1 / s2:1→1 / s3:1→2, 14→1 / s4:1→3, 14→2, s1:14→1 / s3:1→1 / s4:1→2, 14→1, s1:14→1 / s3:1→1 / s4:1→2, 6→1, 14→1, s1:14→1 / s3:1→1 / s4:1→3, 14→2, s1:14→1 / s3:1→1 / s4:1→3, 6→1, 14→1, s1:14→1 / s3:1→2, 14→1 / s4:1→2, 14→1, s1:14→1 / s3:1→2, 14→1 / s4:1→3, 14→2, s1:1→1 / s2:14→1 / s3:14→1 / s4:14→1, s1:1→1 / s2:14→1 / s3:14→1 / s4:1→1, 14→1, s1:1→1 / s2:14→1 / s3:14→1 / s4:1→1, 14→2, s1:1→1 / s2:14→1 / s3:14→1 / s4:1→1, 6→1, 14→3}"	"{s2:15→1 / s3:2→1 / s4:15→1, s2:15→1 / s3:15→1 / s4:2→1, s2:15→1 / s3:2→1 / s4:15→1, s2:15→1 / s3:15→1 / s4:2→1, s2:15→1 / s3:15→1 / s4:2→1, s2:15→1 / s3:15→1 / s4:2→1, s2:2→1 / s3:15→1 / s4:15→1, s2:2→1 / s3:15→1 / s4:15→1, s2:2→1 / s3:15→1 / s4:15→1, s2:2→1 / s3:15→1 / s4:15→1, s2:2→1 / s3:15→1 / s4:15→1, s2:2→1 / s3:15→1 / s4:15→1, s2:15→1 / s3:15→1 / s4:2→1, s2:15→1 / s3:2→1 / s4:15→1, s2:15→1 / s3:2→1 / s4:15→1, s2:15→1 / s3:2→1 / s4:15→1}"	"e7+f5+su(3)+2(g2+su(2))"
14	74	18	183	3	1	0	0	0	0	0	0	"{s1:14→1 / s2:14→1 / s3:1→1 / s4:1→2, 14→1, s1:14→1 / s2:1→1 / s3:1→1, 14→1 / s4:1→1, s1:14→1 / s2:1→1 / s3:1→1, 14→1 / s4:1→2, 14→1, s1:14→1 / s2:1→1 / s3:1→1, 14→1 / s4:1→2, 14→1, s1:14→1 / s2:1→1 / s3:1→1, 14→1 / s4:1→3, 14→1, s1:14→1 / s2:1→1 / s3:1→1 / s4:1→1, s1:14→1 / s2:1→1 / s3:1→1 / s4:1→1, 14→1, s1:14→1 / s2:1→1 / s3:1→1 / s4:1→2, 14→1, s1:14→1 / s2:1→1 / s3:1→1 / s4:1→2, 14→2, s1:14→1 / s2:1→1 / s3:1→1 / s4:1→3, 14→2, s1:14→1 / s2:1→1 / s3:1→1 / s4:1→3, 14→2, s1:14→1 / s2:1→1 / s3:1→1 / s4:1→3, 6→1, 14→1, s1:14→1 / s2:1→1 / s3:1→2, 14→1 / s4:1→2, 14→1, s1:14→1 / s3:1→1 / s4:1→1, s1:14→1 / s3:1→1 / s4:1→2, 14→1, s1:14→1 / s3:1→1 / s4:1→2, 14→1, s1:14→1 / s3:1→1 / s4:1→2, 6→1, 14→1, s1:14→1 / s3:1→1 / s4:1→2, 6→1, 14→1, s1:14→1 / s3:1→1 / s4:1→2, 6→1, 14→2, s1:14→1 / s3:1→1 / s4:1→3, 14→1, s1:14→1 / s3:1→1 / s4:1→3, 14→2, s1:14→1 / s3:1→1 / s4:1→3, 14→2, s1:14→1 / s3:1→1 / s4:1→3, 6→1, 14→1, s1:14→1 / s3:1→2, 14→1 / s4:1→2, 14→1, s1:14→1 / s3:1→2, 14→1 / s4:1→3, 14→1, s1:1→1, 14→1 / s2:14→1 / s4:14→1, s1:1→1, 14→1 / s3:14→1 / s4:1→1, 14→1, s1:1→1, 14→1 / s3:6→1, 14→2, s1:1→1, 14→1 / s4:1→1, 14→1, s1:1→1, 14→1 / s4:1→1, 6→1, 14→1, s1:1→1, 14→1 / s4:1→1, 6→1, 14→2, s1:1→1, 14→1 / s4:1→1, 6→1, 14→3, s1:1→1, 14→1 / s4:1→2, 14→2, s1:1→1, 14→1 / s4:1→2, 14→3, s1:1→1, 14→1 / s4:1→2, 6→1, 14→2, s1:1→1 / s2:14→1 / s3:14→1 / s4:1→1, 14→1, s1:1→1 / s2:14→1 / s3:14→1 / s4:1→1, 14→1, s1:1→1 / s2:14→1 / s3:14→1 / s4:1→1, 6→1, 14→3, s1:1→1 / s2:14→1 / s3:14→1 / s4:1→2, 14→2, s1:1→1 / s2:14→1 / s3:14→1 / s4:1→2, 14→3, s1:1→1 / s2:14→1 / s4:14→1, s1:1→1 / s2:14→1 / s4:1→1, 14→2, s1:1→1 / s2:14→1 / s4:1→1, 14→2, s1:1→1 / s2:14→1 / s4:1→1, 14→3, s1:1→1 / s2:14→1 / s4:1→1, 6→1, 14→3, s1:1→1 / s2:14→1 / s4:1→2, 14→3, s1:1→1 / s2:14→1 / s4:1→2, 14→3, s1:1→1 / s2:14→1 / s4:6→1, 14→2, s1:1→1 / s2:14→1 / s4:6→1, 14→3, s1:1→1 / s2:14→1 / s4:6→1, 14→3, s1:1→1 / s2:14→1 / s4:6→1, 14→4, s1:1→1 / s3:14→1 / s4:1→1, 14→2, s1:1→1 / s3:14→1 / s4:1→1, 6→1, 14→2, s1:1→1 / s3:14→1 / s4:1→1, 6→1, 14→3, s1:1→1 / s3:14→1 / s4:1→2, 14→3, s1:1→1 / s3:6→1, 14→2 / s4:14→1}"	"{s2:2→1 / s3:13→1 / s4:15→1, s2:15→1 / s3:15→1 / s4:13→1, s2:13→1 / s3:2→1 / s4:15→1, s2:15→1 / s3:2→1 / s4:13→1, s2:15→1 / s3:2→1 / s4:13→1, s2:15→1 / s3:15→1 / s4:13→1, s2:15→1 / s3:13→1 / s4:2→1, s2:15→1 / s3:13→1 / s4:15→1, s2:15→1 / s3:13→1 / s4:2→1, s2:15→1 / s3:13→1 / s4:15→1, s2:15→1 / s3:13→1 / s4:2→1, s2:15→1 / s3:13→1 / s4:15→1, s2:13→1 / s3:15→1 / s4:2→1, s2:2→1 / s3:15→1 / s4:13→1, s2:2→1 / s3:13→1 / s4:15→1, s2:2→1 / s3:15→1 / s4:13→1, s2:2→1 / s3:13→1 / s4:15→1, s2:2→1 / s3:15→1 / s4:13→1, s2:2→1 / s3:13→1 / s4:15→1, s2:2→1 / s3:15→1 / s4:13→1, s2:2→1 / s3:13→1 / s4:15→1, s2:2→1 / s3:15→1 / s4:13→1, s2:2→1 / s3:15→1 / s4:13→1, s2:2→1 / s3:15→1 / s4:13→1, s2:2→1 / s3:15→1 / s4:13→1, s2:15→1 / s3:13→1 / s4:2→1, s2:13→1 / s3:2→1 / s4:15→1, s2:13→1 / s3:15→1 / s4:2→1, s2:13→1 / s3:2→1 / s4:15→1, s2:13→1 / s3:2→1 / s4:15→1, s2:13→1 / s3:2→1 / s4:15→1, s2:13→1 / s3:2→1 / s4:15→1, s2:13→1 / s3:2→1 / s4:15→1, s2:13→1 / s3:2→1 / s4:15→1, s2:13→1 / s3:2→1 / s4:15→1, s2:15→1 / s3:15→1 / s4:13→1, s2:15→1 / s3:2→1 / s4:13→1, s2:15→1 / s3:2→1 / s4:13→1, s2:15→1 / s3:2→1 / s4:13→1, s2:15→1 / s3:2→1 / s4:13→1, s2:15→1 / s3:13→1 / s4:2→1, s2:15→1 / s3:13→1 / s4:15→1, s2:15→1 / s3:13→1 / s4:2→1, s2:15→1 / s3:13→1 / s4:2→1, s2:15→1 / s3:13→1 / s4:15→1, s2:15→1 / s3:13→1 / s4:15→1, s2:15→1 / s3:13→1 / s4:2→1, s2:15→1 / s3:13→1 / s4:15→1, s2:15→1 / s3:13→1 / s4:15→1, s2:15→1 / s3:13→1 / s4:2→1, s2:15→1 / s3:13→1 / s4:2→1, s2:13→1 / s3:2→1 / s4:15→1, s2:13→1 / s3:2→1 / s4:15→1, s2:13→1 / s3:2→1 / s4:15→1, s2:13→1 / s3:2→1 / s4:15→1, s2:13→1 / s3:15→1 / s4:2→1}"	"e7+f5+su(3)+2(g2+su(2))"
14	74	19	132	2	1	0	1	0	0	0	0	"{s1:14→1 / s2:1→1 / s4:1→1, s1:14→1 / s2:1→1 / s4:1→1, 6→1, s1:14→1 / s2:1→1 / s4:1→1, 6→1, s1:14→1 / s2:1→1 / s4:1→2, 6→1, s1:14→1 / s2:1→1 / s4:1→2, 6→1, s1:14→1 / s2:1→1 / s4:1→3, 6→1, s1:14→1 / s2:1→1 / s4:1→4, 6→1}"	"{s3:2→1 / s4:13→1, s3:2→1 / s4:13→1, s3:2→1 / s4:16→1, s3:2→1 / s4:13→1, s3:2→1 / s4:16→1, s3:2→1 / s4:13→1, s3:2→1 / s4:13→1}"	"e7+f5+su(3)+2(g2+su(2))"
14	74	19	133	2	1	0	1	0	0	0	0	"{s1:1→1 / s2:14→1 / s4:6→1, 14→2, s1:1→1 / s2:14→1 / s4:6→1, 14→3, s1:1→1 / s2:14→1 / s4:6→1, 14→4}"	"{s3:13→1 / s4:16→1, s3:13→1 / s4:16→1, s3:13→1 / s4:16→1}"	"e7+f5+su(3)+2(g2+su(2))"
14	74	19	149	1	2	1	0	0	0	0	0	"s1:14→1 / s2:1→1 / s3:1→1, 14→1"	"s4:2→1"	"e7+f5+su(3)+2(g2+su(2))"
14	74	19	156	2	1	1	0	0	0	0	0	"{s1:14→1 / s2:1→1 / s3:14→1 / s4:1→1, 14→1, s1:14→1 / s2:1→1 / s3:1→1 / s4:1→1, 14→1, s1:14→1 / s2:1→1 / s3:1→1 / s4:1→2, 14→1, s1:14→1 / s2:1→1 / s3:6→1, s1:14→1 / s2:1→1 / s4:1→1, s1:14→1 / s2:1→1 / s4:1→1, 14→1, s1:14→1 / s2:1→1 / s4:1→1, 6→1, s1:14→1 / s2:1→1 / s4:1→1, 6→1, s1:14→1 / s2:1→1 / s4:1→1, 6→1, 14→1, s1:14→1 / s2:1→1 / s4:1→2, 14→1, s1:14→1 / s2:1→1 / s4:1→2, 14→1, s1:14→1 / s2:1→1 / s4:1→2, 14→2, s1:14→1 / s2:1→1 / s4:1→2, 6→1, s1:14→1 / s2:1→1 / s4:1→2, 6→1, s1:14→1 / s2:1→1 / s4:1→2, 6→1, 14→1, s1:14→1 / s2:1→1 / s4:1→2, 6→1, 14→1, s1:14→1 / s2:1→1 / s4:1→2, 6→1, 14→2, s1:14→1 / s2:1→1 / s4:1→3, 14→1, s1:14→1 / s2:1→1 / s4:1→3, 6→1, s1:14→1 / s2:1→1 / s4:1→3, 6→1, 14→1, s1:14→1 / s2:1→1 / s4:1→4, 14→1, s1:14→1 / s2:1→1 / s4:1→4, 6→1, s1:1→1 / s2:14→1 / s3:6→1, 14→3 / s4:14→1, s1:1→1 / s2:14→1 / s3:6→1, 14→3 / s4:14→1, s1:1→1 / s2:14→1 / s4:14→1, s1:1→1 / s2:14→1 / s4:6→1, 14→3, s1:1→1 / s2:14→1 / s4:6→1, 14→4}"	"{s3:2→1 / s4:16→1, s3:13→1 / s4:2→1, s3:13→1 / s4:2→1, s3:16→1 / s4:2→1, s3:2→1 / s4:13→1, s3:2→1 / s4:16→1, s3:2→1 / s4:13→1, s3:2→1 / s4:16→1, s3:2→1 / s4:16→1, s3:2→1 / s4:13→1, s3:2→1 / s4:16→1, s3:2→1 / s4:16→1, s3:2→1 / s4:13→1, s3:2→1 / s4:16→1, s3:2→1 / s4:13→1, s3:2→1 / s4:16→1, s3:2→1 / s4:16→1, s3:2→1 / s4:13→1, s3:2→1 / s4:13→1, s3:2→1 / s4:13→1, s3:2→1 / s4:13→1, s3:2→1 / s4:13→1, s3:13→1 / s4:2→1, s3:16→1 / s4:2→1, s3:13→1 / s4:2→1, s3:13→1 / s4:2→1, s3:13→1 / s4:2→1}"	"e7+f5+su(3)+2(g2+su(2))"
14	74	19	157	2	1	1	0	0	0	0	0	"{s1:14→1 / s2:1→1 / s3:1→1, 14→1 / s4:1→1, s1:1→1 / s2:14→1 / s4:1→1, 14→1, s1:1→1 / s2:14→1 / s4:1→1, 14→2, s1:1→1 / s2:14→1 / s4:1→1, 6→1, 14→3, s1:1→1 / s2:14→1 / s4:6→1, 14→2, s1:1→1 / s2:14→1 / s4:6→1, 14→3, s1:1→1 / s2:14→1 / s4:6→1, 14→4}"	"{s3:16→1 / s4:13→1, s3:13→1 / s4:16→1, s3:13→1 / s4:16→1, s3:13→1 / s4:16→1, s3:13→1 / s4:16→1, s3:13→1 / s4:16→1, s3:13→1 / s4:16→1}"	"e7+f5+su(3)+2(g2+su(2))"
14	74	19	169	1	3	0	0	0	0	0	0	"s1:14→1 / s2:1→1, 14→1 / s3:1→1, 14→1"	"s4:2→1"	"e7+f5+su(3)+2(g2+su(2))"
14	74	19	170	1	3	0	0	0	0	0	0	"{s1:14→1 / s2:1→1 / s3:1→1, 14→1 / s4:1→1, 14→1, s1:14→1 / s2:1→1 / s3:1→1, 14→1 / s4:1→1, 14→1}"	"{s4:13→1, s4:15→1}"	"e7+f5+su(3)+2(g2+su(2))"
14	74	19	176	2	2	0	0	0	0	0	0	"{s1:14→1 / s2:1→1, 14→1 / s3:14→1 / s4:1→1, s1:14→1 / s2:1→1, 14→1 / s3:14→1 / s4:1→1, s1:14→1 / s2:1→1, 14→1 / s4:14→1, s1:14→1 / s2:1→1, 14→1 / s4:1→1, 14→1, s1:14→1 / s2:1→1 / s3:14→1 / s4:1→1, 14→1, s1:14→1 / s2:1→1 / s3:14→1 / s4:1→1, 14→2, s1:14→1 / s2:1→1 / s3:14→1 / s4:1→2, 14→3, s1:14→1 / s2:1→1 / s3:1→1, 14→1 / s4:1→1, 14→1, s1:14→1 / s2:1→1 / s3:1→1, 14→1 / s4:1→2, 14→1, s1:14→1 / s2:1→1 / s3:1→1, 14→1 / s4:1→2, 14→3, s1:14→1 / s2:1→1 / s3:1→1 / s4:1→1, 14→1, s1:14→1 / s2:1→1 / s3:1→2, 14→1 / s4:1→2, 14→1, s1:14→1 / s2:1→2, 14→1 / s3:1→1 / s4:1→1, s1:14→1 / s2:1→2, 14→1 / s4:1→1, s1:14→1 / s2:1→2, 14→2 / s4:1→1, s1:1→1, 14→1 / s2:1→1, 14→2, s1:1→1 / s2:1→1, 14→2 / s4:14→2}"	"{s3:2→1 / s4:13→1, s3:2→1 / s4:15→1, s3:13→1 / s4:2→1, s3:2→1 / s4:16→1, s3:2→1 / s4:13→1, s3:2→1 / s4:16→1, s3:2→1 / s4:15→1, s3:15→1 / s4:15→1, s3:2→1 / s4:15→1, s3:13→1 / s4:2→1, s3:13→1 / s4:2→1, s3:15→1 / s4:15→1, s3:15→1 / s4:15→1, s3:2→1 / s4:15→1, s3:2→1 / s4:13→1, s3:13→1 / s4:2→1, s3:13→1 / s4:2→1}"	"e7+f5+su(3)+2(g2+su(2))"
14	74	19	177	2	2	0	0	0	0	0	0	"{s1:14→1 / s2:1→1 / s3:1→1, 14→1 / s4:1→1, 14→1, s1:14→1 / s2:1→1 / s3:1→1, 14→1 / s4:1→1, 14→2, s1:14→1 / s2:1→1 / s3:1→1, 14→2 / s4:1→1, 14→1, s1:14→1 / s2:1→1 / s3:1→1 / s4:1→2, 14→1, s1:14→1 / s2:1→1 / s3:1→2, 14→1 / s4:1→2, 14→1, s1:1→1 / s2:1→1, 14→2 / s3:14→1}"	"{s3:15→1 / s4:13→1, s3:15→1 / s4:16→1, s3:16→1 / s4:13→1, s3:13→1 / s4:15→1, s3:15→1 / s4:13→1, s3:15→1 / s4:13→1}"	"e7+f5+su(3)+2(g2+su(2))"
14	74	20	106	2	1	0	0	1	0	0	0	"{s1:14→1 / s2:1→1 / s4:1→1, 6→1, s1:14→1 / s2:1→1 / s4:1→2, 6→1}"	"{s3:2→1 / s4:16→1, s3:2→1 / s4:16→1}"	"e7+f5+su(3)+2(g2+su(2))"
14	74	20	126	1	2	0	1	0	0	0	0	"s1:14→1 / s2:1→1 / s3:1→1 / s4:1→1"	"s4:13→1"	"e7+f5+su(3)+2(g2+su(2))"
14	74	20	132	2	1	0	1	0	0	0	0	"{s1:14→1 / s2:1→1 / s3:6→1, s1:14→1 / s2:1→1 / s4:1→2, s1:14→1 / s2:1→1 / s4:1→3}"	"{s3:16→1 / s4:2→1, s3:2→1 / s4:13→1, s3:2→1 / s4:13→1}"	"e7+f5+su(3)+2(g2+su(2))"
14	74	20	133	2	1	0	1	0	0	0	0	"s1:1→1 / s2:14→1 / s4:6→1, 14→1"	"s3:13→1 / s4:16→1"	"e7+f5+su(3)+2(g2+su(2))"
14	74	20	136	2	0	2	0	0	0	0	0	"s1:14→1 / s2:1→1 / s4:14→1"	"s3:13→1 / s4:2→1"	"e7+f5+su(3)+2(g2+su(2))"
14	74	20	156	2	1	1	0	0	0	0	0	"{s1:14→1 / s2:1→1 / s4:1→2, s1:1→1 / s2:14→1 / s4:14→2}"	"{s3:2→1 / s4:13→1, s3:13→1 / s4:2→1}"	"e7+f5+su(3)+2(g2+su(2))"
14	74	20	157	2	1	1	0	0	0	0	0	"s1:1→1 / s2:14→1 / s4:1→1, 14→3"	"s3:13→1 / s4:16→1"	"e7+f5+su(3)+2(g2+su(2))"
14	74	20	176	2	2	0	0	0	0	0	0	"{s1:14→1 / s2:1→1, 14→1 / s4:1→1, 14→1, s1:14→1 / s2:1→1, 14→1 / s4:1→1, 14→1, s1:14→1 / s2:1→1 / s3:14→1 / s4:1→2, 14→3, s1:14→1 / s2:1→1 / s3:1→1, 14→1 / s4:1→1, 14→3, s1:14→1 / s2:1→1 / s3:1→1, 14→1 / s4:1→1, 14→3}"	"{s3:2→1 / s4:13→1, s3:2→1 / s4:15→1, s3:2→1 / s4:13→1, s3:13→1 / s4:2→1, s3:15→1 / s4:2→1}"	"e7+f5+su(3)+2(g2+su(2))"
14	74	20	177	2	2	0	0	0	0	0	0	"s1:14→1 / s2:1→1 / s3:1→1 / s4:1→3, 6→1, 14→1"	"s3:13→1 / s4:15→1"	"e7+f5+su(3)+2(g2+su(2))"
14	74	21	99	1	2	0	0	1	0	0	0	"s1:14→1 / s2:1→1 / s3:1→1"	"s4:2→1"	"e7+f5+su(3)+2(g2+su(2))"
14	74	21	106	2	1	0	0	1	0	0	0	"{s1:14→1 / s2:1→1 / s3:6→1, s1:14→1 / s2:1→1 / s4:1→1}"	"{s3:16→1 / s4:2→1, s3:2→1 / s4:16→1}"	"e7+f5+su(3)+2(g2+su(2))"
14	74	21	125	1	2	0	1	0	0	0	0	"s1:14→1 / s2:1→1 / s3:1→1"	"s4:2→1"	"e7+f5+su(3)+2(g2+su(2))"
14	74	21	126	1	2	0	1	0	0	0	0	"s1:1→1 / s2:14→1 / s3:14→1"	"s4:13→1"	"e7+f5+su(3)+2(g2+su(2))"
14	74	21	132	2	1	0	1	0	0	0	0	"{s1:14→1 / s2:1→1 / s4:1→4, s1:14→1 / s2:1→1 / s4:1→5}"	"{s3:2→1 / s4:13→1, s3:2→1 / s4:13→1}"	"e7+f5+su(3)+2(g2+su(2))"
14	74	21	156	2	1	1	0	0	0	0	0	"{s1:14→1 / s2:1→1 / s4:1→3, s1:1→1 / s2:14→1 / s4:14→3}"	"{s3:2→1 / s4:13→1, s3:13→1 / s4:2→1}"	"e7+f5+su(3)+2(g2+su(2))"
14	74	22	126	1	2	0	1	0	0	0	0	"s1:1→1 / s2:14→1 / s3:14→1 / s4:14→1"	"s4:13→1"	"e7+f5+su(3)+2(g2+su(2))"
14	74	22	156	2	1	1	0	0	0	0	0	"s1:14→1 / s2:1→1 / s3:14→1 / s4:14→1"	"s3:16→1 / s4:2→1"	"e7+f5+su(3)+2(g2+su(2))"
14	74	22	157	2	1	1	0	0	0	0	0	"s1:1→1 / s2:14→1 / s4:1→1, 14→4"	"s3:13→1 / s4:16→1"	"e7+f5+su(3)+2(g2+su(2))"
14	74	23	119	0	3	0	1	0	0	0	0	"s1:1→1 / s2:14→1 / s3:14→1 / s4:14→1"	""	"e7+f5+su(3)+2(g2+su(2))"
14	74	23	132	2	1	0	1	0	0	0	0	"s1:14→1 / s2:1→1 / s4:1→1"	"s3:2→1 / s4:16→1"	"e7+f5+su(3)+2(g2+su(2))"
14	74	23	133	2	1	0	1	0	0	0	0	"{s1:1→1 / s2:14→1 / s3:14→1, s1:1→1 / s2:14→1 / s3:14→1 / s4:14→1}"	"{s3:16→1 / s4:13→1, s3:16→1 / s4:13→1}"	"e7+f5+su(3)+2(g2+su(2))"
14	74	23	149	1	2	1	0	0	0	0	0	"s1:1→1 / s2:14→1 / s3:14→1 / s4:14→2"	"s4:2→1"	"e7+f5+su(3)+2(g2+su(2))"
14	74	24	106	2	1	0	0	1	0	0	0	"s1:14→1 / s2:1→1 / s4:1→2"	"s3:2→1 / s4:16→1"	"e7+f5+su(3)+2(g2+su(2))"
14	74	24	132	2	1	0	1	0	0	0	0	"s1:14→1 / s2:1→1 / s3:1→1 / s4:1→2"	"s3:2→1 / s4:13→1"	"e7+f5+su(3)+2(g2+su(2))"
14	74	24	149	1	2	1	0	0	0	0	0	"{s1:14→1 / s2:1→1 / s3:1→1, s1:1→1 / s2:14→1 / s3:14→1 / s4:14→1, s1:1→1 / s2:14→1 / s3:14→1 / s4:6→1, 14→4}"	"{s4:2→1, s4:2→1, s4:2→1}"	"e7+f5+su(3)+2(g2+su(2))"
14	74	24	150	1	2	1	0	0	0	0	0	"{s1:14→1 / s2:1→1 / s3:1→1 / s4:1→1, s1:1→1 / s2:14→1 / s3:14→1}"	"{s4:13→1, s4:13→1}"	"e7+f5+su(3)+2(g2+su(2))"
14	74	24	156	2	1	1	0	0	0	0	0	"{s1:14→1 / s2:1→1 / s4:14→1, s1:14→1 / s2:1→1 / s4:1→4, s1:1→1 / s2:14→1 / s4:14→4}"	"{s3:13→1 / s4:2→1, s3:2→1 / s4:13→1, s3:13→1 / s4:2→1}"	"e7+f5+su(3)+2(g2+su(2))"
14	74	25	126	1	2	0	1	0	0	0	0	"s1:1→1 / s2:14→1 / s3:14→1 / s4:14→1"	"s4:17→1"	"e7+f5+su(3)+2(g2+su(2))"
14	74	25	150	1	2	1	0	0	0	0	0	"s1:1→1 / s2:14→1 / s3:14→1 / s4:1→1, 14→1"	"s4:13→1"	"e7+f5+su(3)+2(g2+su(2))"
14	74	26	126	1	2	0	1	0	0	0	0	"s1:1→1 / s2:14→1 / s3:14→2"	"s4:13→1"	"e7+f5+su(3)+2(g2+su(2))"
14	74	26	149	1	2	1	0	0	0	0	0	"s1:1→1 / s2:14→1 / s3:14→1 / s4:14→3"	"s4:2→1"	"e7+f5+su(3)+2(g2+su(2))"
14	74	28	132	2	1	0	1	0	0	0	0	"s1:1→1 / s2:14→1 / s3:14→1 / s4:14→1"	"s3:16→1 / s4:16→1"	"e7+f5+su(3)+2(g2+su(2))"
14	74	31	156	2	1	1	0	0	0	0	0	"s1:1→1 / s2:14→1 / s4:14→5"	"s3:13→1 / s4:2→1"	"e7+f5+su(3)+2(g2+su(2))"
14	74	32	132	2	1	0	1	0	0	0	0	"s1:1→1 / s2:14→1 / s3:14→1 / s4:14→2"	"s3:16→1 / s4:16→1"	"e7+f5+su(3)+2(g2+su(2))"
14	74	32	149	1	2	1	0	0	0	0	0	"s1:1→1 / s2:14→1 / s3:14→1 / s4:14→4"	"s4:2→1"	"e7+f5+su(3)+2(g2+su(2))"
14	74	32	156	2	1	1	0	0	0	0	0	"s1:14→1 / s2:1→1 / s3:14→1 / s4:14→1"	"s3:16→1 / s4:16→1"	"e7+f5+su(3)+2(g2+su(2))"
14	74	33	150	1	2	1	0	0	0	0	0	"s1:1→1 / s2:14→1 / s3:14→1 / s4:1→1, 14→1"	"s4:17→1"	"e7+f5+su(3)+2(g2+su(2))"
14	74	33	156	2	1	1	0	0	0	0	0	"s1:14→1 / s2:1→1 / s4:1→5"	"s3:2→1 / s4:13→1"	"e7+f5+su(3)+2(g2+su(2))"
14	74	34	156	2	1	1	0	0	0	0	0	"s1:1→1 / s2:14→1 / s3:14→1 / s4:14→4"	"s3:13→1 / s4:2→1"	"e7+f5+su(3)+2(g2+su(2))"
14	74	37	156	2	1	1	0	0	0	0	0	"s1:1→1 / s2:14→1 / s3:14→1 / s4:14→5"	"s3:13→1 / s4:2→1"	"e7+f5+su(3)+2(g2+su(2))"
14	74	46	133	2	1	0	1	0	0	0	0	"s1:1→1 / s2:14→1 / s3:14→2"	"s3:16→1 / s4:13→1"	"e7+f5+su(3)+2(g2+su(2))"
14	74	51	143	0	3	1	0	0	0	0	0	"s1:1→1 / s2:14→1 / s3:14→1 / s4:14→1"	""	"e7+f5+su(3)+2(g2+su(2))"
14	74	54	132	2	1	0	1	0	0	0	0	"s1:14→1 / s2:1→1 / s4:1→2"	"s3:2→1 / s4:16→1"	"e7+f5+su(3)+2(g2+su(2))"
14	75	18	157	2	1	1	0	0	0	0	0	"s1:14→1 / s2:1→1 / s3:1→1 / s4:1→1, 5→1, 14→1"	"s3:13→1 / s4:16→1"	"e7+f5+su(3)+2(g2+su(2))"
14	75	18	170	1	3	0	0	0	0	0	0	"{s1:14→1 / s2:1→1 / s3:1→1, 14→1 / s4:1→1, s1:14→1 / s2:1→1 / s3:1→1, 14→1 / s4:1→1, 5→1, 14→1, s1:14→1 / s2:1→1 / s3:1→1, 14→1 / s4:5→1, 14→2}"	"{s4:13→1, s4:13→1, s4:16→1}"	"e7+f5+su(3)+2(g2+su(2))"
14	75	18	176	2	2	0	0	0	0	0	0	"{s1:14→1 / s2:1→1, 14→1 / s3:1→1 / s4:1→1, s1:14→1 / s2:1→1 / s3:1→1, 14→1 / s4:1→2, 14→2}"	"{s3:15→1 / s4:15→1, s3:15→1 / s4:15→1}"	"e7+f5+su(3)+2(g2+su(2))"
14	75	18	177	2	2	0	0	0	0	0	0	"{s1:14→1 / s2:1→1, 14→1 / s3:1→1 / s4:1→1, s1:14→1 / s2:1→1, 14→1 / s3:1→1 / s4:1→1, s1:14→1 / s2:1→1 / s3:1→1, 14→1 / s4:1→1, s1:14→1 / s2:1→1 / s3:1→1, 14→1 / s4:1→1, 14→1, s1:14→1 / s2:1→1 / s3:1→1 / s4:1→1, 5→1, 14→1, s1:14→1 / s2:1→1 / s3:1→1 / s4:1→1, 5→1, 14→2, s1:14→1 / s2:1→1 / s3:1→1 / s4:1→2, 5→1, 14→2, s1:14→1 / s2:1→1 / s3:1→1 / s4:1→3, 14→2, s1:14→1 / s2:1→2, 14→1 / s3:1→1 / s4:1→1, s1:1→1 / s2:1→1, 14→1 / s3:14→1, s1:1→1 / s2:1→1, 14→1 / s4:5→1, 14→1, s1:1→1 / s2:1→1, 14→1 / s4:5→1, 14→2, s1:1→1 / s2:1→1, 14→2 / s4:5→1, 14→4}"	"{s3:15→1 / s4:13→1, s3:16→1 / s4:13→1, s3:16→1 / s4:13→1, s3:16→1 / s4:15→1, s3:13→1 / s4:15→1, s3:13→1 / s4:16→1, s3:13→1 / s4:15→1, s3:13→1 / s4:15→1, s3:15→1 / s4:13→1, s3:15→1 / s4:13→1, s3:13→1 / s4:16→1, s3:13→1 / s4:15→1, s3:13→1 / s4:15→1}"	"e7+f5+su(3)+2(g2+su(2))"
14	75	18	183	3	1	0	0	0	0	0	0	"{s1:14→1 / s2:1→1 / s3:1→1, 14→1 / s4:1→1, s1:14→1 / s2:1→1 / s3:1→1 / s4:1→1, s1:14→1 / s2:1→1 / s3:1→1 / s4:1→2, 14→1, s1:14→1 / s2:1→1 / s3:1→1 / s4:1→2, 5→1, 14→1, s1:14→1 / s2:1→1 / s3:1→1 / s4:1→2, 5→1, 14→2, s1:14→1 / s2:1→1 / s3:1→1 / s4:1→3, 14→2, s1:1→1 / s2:14→1 / s3:14→1 / s4:1→1, 14→1, s1:1→1 / s2:14→1 / s4:1→1, 14→2, s1:1→1 / s2:14→1 / s4:1→2, 14→3, s1:1→1 / s2:14→1 / s4:5→1, 14→3, s1:1→1 / s2:14→1 / s4:5→1, 14→4}"	"{s2:15→1 / s3:15→1 / s4:13→1, s2:15→1 / s3:15→1 / s4:13→1, s2:15→1 / s3:13→1 / s4:15→1, s2:15→1 / s3:13→1 / s4:15→1, s2:15→1 / s3:13→1 / s4:15→1, s2:15→1 / s3:13→1 / s4:15→1, s2:15→1 / s3:15→1 / s4:13→1, s2:15→1 / s3:13→1 / s4:15→1, s2:15→1 / s3:13→1 / s4:15→1, s2:15→1 / s3:13→1 / s4:15→1, s2:15→1 / s3:13→1 / s4:15→1}"	"e7+f5+su(3)+2(g2+su(2))"
14	75	19	133	2	1	0	1	0	0	0	0	"{s1:1→1 / s2:14→1 / s4:5→1, 14→2, s1:1→1 / s2:14→1 / s4:5→1, 14→3, s1:1→1 / s2:14→1 / s4:5→1, 14→4}"	"{s3:13→1 / s4:16→1, s3:13→1 / s4:16→1, s3:13→1 / s4:16→1}"	"e7+f5+su(3)+2(g2+su(2))"
14	75	19	157	2	1	1	0	0	0	0	0	"{s1:14→1 / s2:1→1 / s3:1→1, 14→1 / s4:1→1, s1:1→1 / s2:14→1 / s4:1→1, 14→1, s1:1→1 / s2:14→1 / s4:1→1, 14→2, s1:1→1 / s2:14→1 / s4:1→1, 5→1, 14→3, s1:1→1 / s2:14→1 / s4:5→1, 14→2, s1:1→1 / s2:14→1 / s4:5→1, 14→3, s1:1→1 / s2:14→1 / s4:5→1, 14→4}"	"{s3:16→1 / s4:13→1, s3:13→1 / s4:16→1, s3:13→1 / s4:16→1, s3:13→1 / s4:16→1, s3:13→1 / s4:16→1, s3:13→1 / s4:16→1, s3:13→1 / s4:16→1}"	"e7+f5+su(3)+2(g2+su(2))"
14	75	19	170	1	3	0	0	0	0	0	0	"{s1:14→1 / s2:1→1 / s3:1→1, 14→1 / s4:1→1, 14→1, s1:14→1 / s2:1→1 / s3:1→1, 14→1 / s4:1→1, 14→1}"	"{s4:13→1, s4:15→1}"	"e7+f5+su(3)+2(g2+su(2))"
14	75	19	176	2	2	0	0	0	0	0	0	"{s1:14→1 / s2:1→1 / s3:1→1, 14→1 / s4:1→1, 14→1, s1:14→1 / s2:1→1 / s3:1→2, 14→1 / s4:1→2, 14→1, s1:14→1 / s2:1→2, 14→1 / s3:1→1 / s4:1→1}"	"{s3:15→1 / s4:15→1, s3:15→1 / s4:15→1, s3:15→1 / s4:15→1}"	"e7+f5+su(3)+2(g2+su(2))"
14	75	19	177	2	2	0	0	0	0	0	0	"{s1:14→1 / s2:1→1 / s3:1→1, 14→1 / s4:1→1, 14→1, s1:14→1 / s2:1→1 / s3:1→1, 14→1 / s4:1→1, 14→2, s1:14→1 / s2:1→1 / s3:1→1, 14→2 / s4:1→1, 14→1, s1:14→1 / s2:1→1 / s3:1→1 / s4:1→2, 14→1, s1:14→1 / s2:1→1 / s3:1→2, 14→1 / s4:1→2, 14→1, s1:1→1 / s2:1→1, 14→1 / s4:5→1, 14→2, s1:1→1 / s2:1→1, 14→2 / s3:14→1}"	"{s3:15→1 / s4:13→1, s3:15→1 / s4:16→1, s3:16→1 / s4:13→1, s3:13→1 / s4:15→1, s3:15→1 / s4:13→1, s3:13→1 / s4:16→1, s3:15→1 / s4:13→1}"	"e7+f5+su(3)+2(g2+su(2))"
14	75	20	126	1	2	0	1	0	0	0	0	"s1:14→1 / s2:1→1 / s3:1→1 / s4:1→1"	"s4:13→1"	"e7+f5+su(3)+2(g2+su(2))"
14	75	20	157	2	1	1	0	0	0	0	0	"s1:1→1 / s2:14→1 / s4:1→1, 14→3"	"s3:13→1 / s4:16→1"	"e7+f5+su(3)+2(g2+su(2))"
14	75	21	100	1	2	0	0	1	0	0	0	"s1:14→1 / s2:1→1 / s3:1→1 / s4:5→1"	"s4:17→1"	"e7+f5+su(3)+2(g2+su(2))"
14	75	21	126	1	2	0	1	0	0	0	0	"{s1:14→1 / s2:1→1 / s3:1→1 / s4:1→1, 5→1, s1:14→1 / s2:1→1 / s3:1→1 / s4:5→1, s1:1→1 / s2:14→1 / s3:14→1}"	"{s4:13→1, s4:17→1, s4:13→1}"	"e7+f5+su(3)+2(g2+su(2))"
14	75	22	126	1	2	0	1	0	0	0	0	"s1:1→1 / s2:14→1 / s3:14→1 / s4:14→1"	"s4:13→1"	"e7+f5+su(3)+2(g2+su(2))"
14	75	22	157	2	1	1	0	0	0	0	0	"s1:1→1 / s2:14→1 / s4:1→1, 14→4"	"s3:13→1 / s4:16→1"	"e7+f5+su(3)+2(g2+su(2))"
14	75	23	119	0	3	0	1	0	0	0	0	"s1:1→1 / s2:14→1 / s3:14→1 / s4:14→1"	""	"e7+f5+su(3)+2(g2+su(2))"
14	75	23	133	2	1	0	1	0	0	0	0	"{s1:1→1 / s2:14→1 / s3:14→1, s1:1→1 / s2:14→1 / s3:14→1 / s4:14→1}"	"{s3:16→1 / s4:13→1, s3:16→1 / s4:13→1}"	"e7+f5+su(3)+2(g2+su(2))"
14	75	24	150	1	2	1	0	0	0	0	0	"{s1:14→1 / s2:1→1 / s3:1→1 / s4:1→1, s1:1→1 / s2:14→1 / s3:14→1}"	"{s4:13→1, s4:13→1}"	"e7+f5+su(3)+2(g2+su(2))"
14	75	25	126	1	2	0	1	0	0	0	0	"s1:1→1 / s2:14→1 / s3:14→1 / s4:14→1"	"s4:17→1"	"e7+f5+su(3)+2(g2+su(2))"
14	75	25	150	1	2	1	0	0	0	0	0	"{s1:14→1 / s2:1→1 / s3:1→1 / s4:5→1, s1:1→1 / s2:14→1 / s3:14→1 / s4:1→1, 14→1}"	"{s4:17→1, s4:13→1}"	"e7+f5+su(3)+2(g2+su(2))"
14	75	26	126	1	2	0	1	0	0	0	0	"s1:1→1 / s2:14→1 / s3:14→2"	"s4:13→1"	"e7+f5+su(3)+2(g2+su(2))"
14	75	28	132	2	1	0	1	0	0	0	0	"s1:1→1 / s2:14→1 / s3:14→1 / s4:14→1"	"s3:16→1 / s4:16→1"	"e7+f5+su(3)+2(g2+su(2))"
14	75	32	132	2	1	0	1	0	0	0	0	"s1:1→1 / s2:14→1 / s3:14→1 / s4:14→2"	"s3:16→1 / s4:16→1"	"e7+f5+su(3)+2(g2+su(2))"
14	75	32	156	2	1	1	0	0	0	0	0	"s1:14→1 / s2:1→1 / s3:14→1 / s4:14→1"	"s3:16→1 / s4:16→1"	"e7+f5+su(3)+2(g2+su(2))"
14	75	33	150	1	2	1	0	0	0	0	0	"s1:1→1 / s2:14→1 / s3:14→1 / s4:1→1, 14→1"	"s4:17→1"	"e7+f5+su(3)+2(g2+su(2))"
14	75	35	150	1	2	1	0	0	0	0	0	"s1:14→1 / s2:1→1 / s3:1→1 / s4:1→1, 5→1"	"s4:13→1"	"e7+f5+su(3)+2(g2+su(2))"
14	75	47	133	2	1	0	1	0	0	0	0	"s1:1→1 / s2:14→1 / s3:14→2"	"s3:16→1 / s4:13→1"	"e7+f5+su(3)+2(g2+su(2))"
14	75	51	143	0	3	1	0	0	0	0	0	"s1:1→1 / s2:14→1 / s3:14→1 / s4:14→1"	""	"e7+f5+su(3)+2(g2+su(2))"
14	75	83	133	2	1	0	1	0	0	0	0	"s1:1→1 / s2:14→1 / s3:14→3"	"s3:16→1 / s4:13→1"	"e7+f5+su(3)+2(g2+su(2))"
14	75	100	133	2	1	0	1	0	0	0	0	"s1:1→1 / s2:14→1 / s3:14→4"	"s3:16→1 / s4:13→1"	"e7+f5+su(3)+2(g2+su(2))"
14	87	20	127	2	1	0	0	0	1	0	0	"s1:14→1 / s2:2→1"	"s3:1→1 / s4:1→1"	"e6+f5+3 su(3)+g2+su(2)"
14	87	21	99	2	1	0	0	0	0	1	0	"s1:14→1 / s2:2→1"	"s3:1→1 / s4:1→1"	"e6+f5+3 su(3)+g2+su(2)"
14	87	22	154	2	1	0	0	1	0	0	0	"s1:14→1 / s2:2→1"	"s3:1→1 / s4:1→1"	"e6+f5+3 su(3)+g2+su(2)"
14	87	24	-16	2	1	0	0	0	0	0	1	"s1:14→1 / s2:2→1"	"s3:1→1 / s4:1→1"	"e6+f5+3 su(3)+g2+su(2)"
14	88	18	174	3	1	0	0	0	0	0	0	"{s1:14→1 / s2:14→1 / s3:14→1 / s4:2→1, 14→2, s1:14→1 / s2:14→1 / s3:14→1 / s4:2→1, 14→3, s1:14→1 / s2:14→1 / s4:14→1, s1:14→1 / s2:14→1 / s4:2→1, 14→2, s1:14→1 / s2:14→1 / s4:2→1, 14→3, s1:14→1 / s2:2→1, 14→3 / s4:14→1, s1:14→1 / s2:2→1, 14→4 / s3:14→1 / s4:14→1}"	"{s2:3→1 / s3:1→1 / s4:1→1, s2:3→1 / s3:1→1 / s4:1→1, s2:3→1 / s3:1→1 / s4:1→1, s2:3→1 / s3:1→1 / s4:1→1, s2:3→1 / s3:1→1 / s4:1→1, s2:3→1 / s3:1→1 / s4:1→1, s2:3→1 / s3:1→1 / s4:1→1}"	"e7+f5+2 su(3)+2(g2+su(2))"
14	88	18	175	3	1	0	0	0	0	0	0	"{s1:14→1 / s2:14→1 / s3:2→1, 14→1, s1:14→1 / s2:14→1 / s3:2→1, 14→1, s1:14→1 / s2:14→1 / s3:2→1, 14→1 / s4:14→1, s1:14→1 / s2:14→1 / s3:2→1, 14→1 / s4:14→1, s1:14→1 / s2:14→1 / s3:2→1, 14→2, s1:14→1 / s2:14→1 / s3:2→2, 14→2, s1:14→1 / s2:14→1 / s3:2→2, 14→2, s1:14→1 / s2:14→1 / s3:2→2, 14→3, s1:14→1 / s2:14→1 / s3:2→2, 14→3, s1:14→1 / s2:2→1, 14→1 / s3:2→1, 14→1, s1:14→1 / s2:2→1, 14→1 / s4:14→1, s1:14→1 / s2:2→1, 14→1 / s4:14→1, s1:14→1 / s2:2→1, 14→2 / s4:14→1, s1:14→1 / s2:2→2, 14→3 / s4:14→1, s1:14→1 / s2:2→2, 14→3 / s4:14→1}"	"{s2:3→1 / s3:13→1 / s4:1→1, s2:3→1 / s3:15→1 / s4:1→1, s2:3→1 / s3:13→1 / s4:1→1, s2:3→1 / s3:15→1 / s4:1→1, s2:3→1 / s3:15→1 / s4:1→1, s2:3→1 / s3:13→1 / s4:1→1, s2:3→1 / s3:15→1 / s4:1→1, s2:3→1 / s3:13→1 / s4:1→1, s2:3→1 / s3:15→1 / s4:1→1, s2:15→1 / s3:15→1 / s4:1→1, s2:13→1 / s3:1→1 / s4:1→1, s2:15→1 / s3:1→1 / s4:1→1, s2:15→1 / s3:1→1 / s4:1→1, s2:13→1 / s3:1→1 / s4:1→1, s2:15→1 / s3:1→1 / s4:1→1}"	"e7+f5+2 su(3)+2(g2+su(2))"
14	88	18	176	3	1	0	0	0	0	0	0	"s1:14→1 / s2:2→1, 14→1 / s3:2→1, 14→1"	"s2:15→1 / s3:13→1 / s4:1→1"	"e7+f5+2 su(3)+2(g2+su(2))"
14	88	19	131	3	0	0	1	0	0	0	0	"{s1:14→1 / s2:2→1, s1:14→1 / s3:2→1, s1:14→1 / s3:2→2}"	"{s2:13→1 / s3:1→1 / s4:1→1, s2:3→1 / s3:13→1 / s4:1→1, s2:3→1 / s3:13→1 / s4:1→1}"	"e7+f5+2 su(3)+2(g2+su(2))"
14	88	19	154	3	0	1	0	0	0	0	0	"{s1:14→1 / s2:14→1 / s4:14→1, s1:14→1 / s2:2→1, 14→1, s1:14→1 / s2:2→1, 14→2, s1:14→1 / s4:2→1, 14→1}"	"{s2:3→1 / s3:1→1 / s4:1→1, s2:3→1 / s3:1→1 / s4:1→1, s2:3→1 / s3:1→1 / s4:1→1, s2:3→1 / s3:1→1 / s4:1→1}"	"e7+f5+2 su(3)+2(g2+su(2))"
14	88	19	155	3	0	1	0	0	0	0	0	"{s1:14→1 / s2:2→1, s1:14→1 / s2:2→2, s1:14→1 / s2:2→2, 14→1, s1:14→1 / s3:2→1, s1:14→1 / s3:2→2, s1:14→1 / s3:2→2, 14→1}"	"{s2:13→1 / s3:1→1 / s4:1→1, s2:13→1 / s3:1→1 / s4:1→1, s2:13→1 / s3:1→1 / s4:1→1, s2:3→1 / s3:13→1 / s4:1→1, s2:3→1 / s3:13→1 / s4:1→1, s2:3→1 / s3:13→1 / s4:1→1}"	"e7+f5+2 su(3)+2(g2+su(2))"
14	88	19	174	3	1	0	0	0	0	0	0	"{s1:14→1 / s2:14→1 / s3:14→1 / s4:14→1, s1:14→1 / s2:14→1 / s3:14→1 / s4:2→1, 14→4, s1:14→1 / s2:14→2 / s3:14→1 / s4:14→1, s1:14→1 / s2:14→3 / s3:14→1 / s4:14→1, s1:14→1 / s2:2→1, 14→3 / s3:14→1 / s4:14→1, s1:14→1 / s2:2→1, 14→4 / s4:14→1}"	"{s2:3→1 / s3:1→1 / s4:1→1, s2:3→1 / s3:1→1 / s4:1→1, s2:3→1 / s3:1→1 / s4:1→1, s2:3→1 / s3:1→1 / s4:1→1, s2:3→1 / s3:1→1 / s4:1→1, s2:3→1 / s3:1→1 / s4:1→1}"	"e7+f5+2 su(3)+2(g2+su(2))"
14	88	19	175	3	1	0	0	0	0	0	0	"{s1:14→1 / s2:14→1 / s3:2→1, 14→2, s1:14→1 / s2:2→1, 14→1 / s3:14→1 / s4:14→1, s1:14→1 / s2:2→1, 14→2 / s4:14→1, s1:14→1 / s3:14→1 / s4:14→1, s1:14→1 / s3:14→1 / s4:14→1, s1:14→1 / s3:14→1 / s4:2→1, 14→2, s1:14→1 / s3:14→1 / s4:2→1, 14→3, s1:14→1 / s3:14→1 / s4:2→1, 14→3, s1:14→1 / s3:14→1 / s4:2→1, 14→4, s1:14→1 / s3:14→2 / s4:14→1, s1:14→1 / s3:14→3 / s4:14→1, s1:14→1 / s3:2→1, 14→3 / s4:14→1, s1:14→1 / s3:2→1, 14→4 / s4:14→1}"	"{s2:3→1 / s3:13→1 / s4:1→1, s2:13→1 / s3:1→1 / s4:1→1, s2:13→1 / s3:1→1 / s4:1→1, s2:13→1 / s3:1→1 / s4:1→1, s2:13→1 / s3:3→1 / s4:1→1, s2:13→1 / s3:3→1 / s4:1→1, s2:13→1 / s3:1→1 / s4:1→1, s2:13→1 / s3:3→1 / s4:1→1, s2:13→1 / s3:1→1 / s4:1→1, s2:13→1 / s3:3→1 / s4:1→1, s2:13→1 / s3:3→1 / s4:1→1, s2:13→1 / s3:3→1 / s4:1→1, s2:13→1 / s3:3→1 / s4:1→1}"	"e7+f5+2 su(3)+2(g2+su(2))"
14	88	20	104	3	0	0	0	1	0	0	0	"{s1:14→1, s1:14→1 / s2:2→1, s1:14→1 / s4:2→1}"	"{s2:3→1 / s3:1→1 / s4:1→1, s2:3→1 / s3:1→1 / s4:1→1, s2:3→1 / s3:1→1 / s4:1→1}"	"e7+f5+2 su(3)+2(g2+su(2))"
14	88	20	130	3	0	0	1	0	0	0	0	"{s1:14→1, s1:14→1 / s2:2→1, s1:14→1 / s4:2→1}"	"{s2:3→1 / s3:1→1 / s4:1→1, s2:3→1 / s3:1→1 / s4:1→1, s2:3→1 / s3:1→1 / s4:1→1}"	"e7+f5+2 su(3)+2(g2+su(2))"
14	88	20	131	3	0	0	1	0	0	0	0	"s1:14→1 / s2:2→2"	"s2:13→1 / s3:1→1 / s4:1→1"	"e7+f5+2 su(3)+2(g2+su(2))"
14	88	20	154	3	0	1	0	0	0	0	0	"s1:14→1"	"s2:3→1 / s3:1→1 / s4:1→1"	"e7+f5+2 su(3)+2(g2+su(2))"
14	88	20	168	2	2	0	0	0	0	0	0	"s1:14→1 / s2:14→1 / s3:14→1 / s4:14→1"	"s3:1→1 / s4:1→1"	"e7+f5+2 su(3)+2(g2+su(2))"
14	88	20	174	3	1	0	0	0	0	0	0	"{s1:14→1 / s2:14→2 / s3:14→1 / s4:14→2, s1:14→1 / s2:14→2 / s4:14→1, s1:14→1 / s2:14→2 / s4:2→1, 14→4}"	"{s2:3→1 / s3:1→1 / s4:1→1, s2:3→1 / s3:1→1 / s4:1→1, s2:3→1 / s3:1→1 / s4:1→1}"	"e7+f5+2 su(3)+2(g2+su(2))"
14	88	20	175	3	1	0	0	0	0	0	0	"{s1:14→1 / s3:14→1 / s4:14→2, s1:14→1 / s3:14→1 / s4:2→1, 14→4, s1:14→1 / s3:14→2 / s4:14→2, s1:14→1 / s3:14→2 / s4:14→2, s1:14→1 / s3:14→4 / s4:14→1}"	"{s2:13→1 / s3:1→1 / s4:1→1, s2:13→1 / s3:3→1 / s4:1→1, s2:13→1 / s3:1→1 / s4:1→1, s2:13→1 / s3:3→1 / s4:1→1, s2:13→1 / s3:3→1 / s4:1→1}"	"e7+f5+2 su(3)+2(g2+su(2))"
14	88	21	154	3	0	1	0	0	0	0	0	"s1:14→1 / s2:2→1"	"s2:3→1 / s3:1→1 / s4:1→1"	"e7+f5+2 su(3)+2(g2+su(2))"
14	88	21	169	2	2	0	0	0	0	0	0	"s1:14→1 / s2:14→1 / s4:14→1"	"s3:13→1 / s4:1→1"	"e7+f5+2 su(3)+2(g2+su(2))"
14	88	21	174	3	1	0	0	0	0	0	0	"s1:14→1 / s2:14→4 / s3:14→1 / s4:14→1"	"s2:3→1 / s3:1→1 / s4:1→1"	"e7+f5+2 su(3)+2(g2+su(2))"
14	88	21	175	3	1	0	0	0	0	0	0	"{s1:14→1 / s2:2→1, 14→3 / s4:14→1, s1:14→1 / s3:14→1 / s4:14→3, s1:14→1 / s3:14→5 / s4:14→1}"	"{s2:15→1 / s3:1→1 / s4:1→1, s2:13→1 / s3:1→1 / s4:1→1, s2:13→1 / s3:3→1 / s4:1→1}"	"e7+f5+2 su(3)+2(g2+su(2))"
14	88	22	154	3	0	1	0	0	0	0	0	"s1:14→1 / s4:2→1"	"s2:3→1 / s3:1→1 / s4:1→1"	"e7+f5+2 su(3)+2(g2+su(2))"
14	88	24	155	3	0	1	0	0	0	0	0	"s1:14→1 / s4:14→1"	"s2:13→1 / s3:1→1 / s4:1→1"	"e7+f5+2 su(3)+2(g2+su(2))"
14	102	18	154	2	2	0	0	0	0	0	0	"s1:12→1 / s2:2→1 / s3:1→1 / s4:1→1, 4→1, 12→1"	"s3:15→1 / s4:15→1"	"e7+e6+2(so(7)+2 su(2))"
14	102	19	154	2	2	0	0	0	0	0	0	"s1:12→1 / s2:2→1 / s3:4→1, 12→1 / s4:1→1"	"s3:15→1 / s4:15→1"	"e7+e6+2(so(7)+2 su(2))"
14	102	20	154	2	2	0	0	0	0	0	0	"s1:12→1 / s2:2→1 / s3:1→1 / s4:1→1, 12→1"	"s3:15→1 / s4:15→1"	"e7+e6+2(so(7)+2 su(2))"
14	102	34	148	1	3	0	0	0	0	0	0	"s1:12→1 / s2:2→1 / s3:1→1 / s4:4→1, 12→2"	"s4:15→1"	"e7+e6+2(so(7)+2 su(2))"
14	103	18	149	1	3	0	0	0	0	0	0	"s1:14→1 / s2:2→1 / s3:1→1"	"s4:13→1"	"e7+e6+g2+su(2)+so(7)+2 su(2)"
14	103	18	150	1	3	0	0	0	0	0	0	"s1:14→1 / s2:2→1 / s3:1→1 / s4:9→1"	"s4:15→1"	"e7+e6+g2+su(2)+so(7)+2 su(2)"
14	103	18	156	2	2	0	0	0	0	0	0	"{s1:14→1 / s2:2→1 / s3:1→1 / s4:1→1, 4→1, 14→2, s1:14→1 / s2:2→1 / s3:1→1 / s4:1→1, 4→1, 14→2, s1:14→1 / s2:2→1 / s3:1→1 / s4:1→1, 4→1, 9→1, 14→1, s1:14→1 / s2:2→1 / s3:1→1 / s4:1→1, 4→1, 9→1, 14→1, s1:14→1 / s2:2→1 / s3:1→1 / s4:1→1, 4→1, 9→1, 14→1, s1:14→1 / s2:2→1 / s3:1→1 / s4:1→1, 4→1, 9→1, 14→2, s1:14→1 / s2:2→1 / s3:1→1 / s4:1→1, 4→1, 9→1, 14→2, s1:14→1 / s2:2→1 / s3:1→1 / s4:1→1, 4→1, 9→1, 14→2, s1:14→1 / s2:2→1 / s3:1→1 / s4:1→1, 9→1, s1:14→1 / s2:2→1 / s3:1→1 / s4:1→1, 9→1, s1:14→1 / s2:2→1 / s3:4→1, 9→1, 14→1 / s4:1→1, s1:14→1 / s2:2→1 / s3:4→1, 9→1, 14→1 / s4:1→1, s1:14→1 / s2:2→1 / s3:4→1, 9→1, 14→1 / s4:1→1, s1:14→1 / s2:2→1 / s3:9→1 / s4:1→1, s1:14→1 / s2:2→1 / s3:9→1 / s4:1→1, s1:14→1 / s2:2→1 / s3:9→1 / s4:1→1, 4→1, 14→2, s1:14→1 / s2:2→1 / s3:9→1 / s4:1→1, 4→1, 14→2, s1:14→1 / s2:2→1 / s4:1→1, s1:14→1 / s2:2→1 / s4:1→1, 4→1, 9→1, 14→1, s1:14→1 / s2:2→1 / s4:1→1, 9→1}"	"{s3:13→1 / s4:15→1, s3:15→1 / s4:13→1, s3:13→1 / s4:15→1, s3:15→1 / s4:13→1, s3:15→1 / s4:15→1, s3:13→1 / s4:15→1, s3:15→1 / s4:13→1, s3:15→1 / s4:15→1, s3:13→1 / s4:15→1, s3:15→1 / s4:13→1, s3:13→1 / s4:15→1, s3:15→1 / s4:13→1, s3:15→1 / s4:15→1, s3:15→1 / s4:13→1, s3:15→1 / s4:15→1, s3:15→1 / s4:13→1, s3:15→1 / s4:15→1, s3:13→1 / s4:15→1, s3:13→1 / s4:15→1, s3:13→1 / s4:15→1}"	"e7+e6+g2+su(2)+so(7)+2 su(2)"
14	103	18	162	3	1	0	0	0	0	0	0	"{s1:14→1 / s2:2→1 / s3:1→1, 9→1 / s4:1→1, 2→1, s1:14→1 / s2:2→1 / s3:1→1, 9→1 / s4:1→1, 2→1, s1:14→1 / s2:2→1 / s3:1→1, 9→1 / s4:1→1, 4→1, 14→1, s1:14→1 / s2:2→1 / s3:1→1 / s4:1→1, s1:14→1 / s2:2→1 / s3:1→1 / s4:1→1, 2→1, s1:14→1 / s2:2→1 / s3:1→1 / s4:1→1, 2→1, 14→1, s1:14→1 / s2:2→1 / s3:1→1 / s4:1→1, 2→1, 14→1, s1:14→1 / s2:2→1 / s3:1→1 / s4:1→1, 2→1, 4→1, 14→1, s1:14→1 / s2:2→1 / s3:1→1 / s4:1→1, 2→1, 4→1, 14→1, s1:14→1 / s2:2→1 / s3:1→1 / s4:1→1, 2→1, 4→1, 9→1, s1:14→1 / s2:2→1 / s3:1→1 / s4:1→1, 2→1, 4→1, 9→1, 14→1, s1:14→1 / s2:2→1 / s3:1→1 / s4:1→1, 2→1, 4→1, 9→1, 14→1, s1:14→1 / s2:2→1 / s3:1→1 / s4:1→1, 2→1, 9→1, s1:14→1 / s2:2→1 / s3:1→1 / s4:1→1, 2→1, 9→1, s1:14→1 / s2:2→1 / s3:1→1 / s4:1→1, 2→1, 9→1, 14→1, s1:14→1 / s2:2→1 / s3:1→1 / s4:1→1, 2→1, 9→1, 14→1, s1:14→1 / s2:2→1 / s3:1→1 / s4:1→1, 4→1, 14→1, s1:14→1 / s2:2→1 / s3:1→1 / s4:1→1, 4→1, 9→1, 14→1, s1:14→1 / s2:2→1 / s3:1→1 / s4:1→1, 4→1, 9→1, 14→1, s1:14→1 / s2:2→1 / s3:1→1 / s4:1→1, 9→1, s1:14→1 / s2:2→1 / s3:2→1, 4→1, 14→1 / s4:1→1, s1:14→1 / s2:2→1 / s3:2→1, 4→1, 9→1, 14→1 / s4:1→1, s1:14→1 / s2:2→1 / s3:2→1, 9→1 / s4:1→1, s1:14→1 / s2:4→1, 14→1 / s3:2→1 / s4:1→1, s1:14→1 / s2:4→1, 9→1, 14→1 / s3:2→1 / s4:1→1, s1:14→1 / s2:9→1 / s3:2→1 / s4:1→1, s1:14→1 / s2:9→1 / s3:2→1 / s4:1→1, 2→1, 14→1, s1:14→1 / s2:9→1 / s3:2→1 / s4:1→1, 2→1, 14→1, s1:14→1 / s2:9→1 / s3:2→1 / s4:2→1, s1:14→1 / s2:9→1 / s3:4→1, 14→1 / s4:2→1, s1:14→1 / s2:9→1 / s3:4→1, 14→1 / s4:2→1, s1:14→1 / s3:2→1, 9→1 / s4:2→1, 4→1, 14→1, s1:14→1 / s3:2→1 / s4:1→1, s1:14→1 / s3:2→1 / s4:1→1, 4→1, 14→1, s1:14→1 / s3:2→1 / s4:1→1, 4→1, 9→1, 14→1, s1:14→1 / s3:2→1 / s4:1→1, 9→1, s1:14→1 / s3:2→1 / s4:1→2, 2→1, 14→1, s1:14→1 / s3:2→1 / s4:1→2, 2→1, 9→1, 14→1, s1:14→1 / s3:2→1 / s4:2→1, 4→1, 14→1, s1:14→1 / s3:2→1 / s4:2→1, 4→1, 9→1, 14→1, s1:14→1 / s3:2→1 / s4:2→1, 9→1}"	"{s2:13→1 / s3:15→1 / s4:15→1, s2:15→1 / s3:15→1 / s4:13→1, s2:13→1 / s3:15→1 / s4:15→1, s2:15→1 / s3:15→1 / s4:13→1, s2:15→1 / s3:15→1 / s4:13→1, s2:13→1 / s3:15→1 / s4:15→1, s2:15→1 / s3:15→1 / s4:13→1, s2:13→1 / s3:15→1 / s4:15→1, s2:15→1 / s3:15→1 / s4:13→1, s2:15→1 / s3:15→1 / s4:13→1, s2:13→1 / s3:15→1 / s4:15→1, s2:15→1 / s3:15→1 / s4:13→1, s2:13→1 / s3:15→1 / s4:15→1, s2:15→1 / s3:15→1 / s4:13→1, s2:13→1 / s3:15→1 / s4:15→1, s2:15→1 / s3:15→1 / s4:13→1, s2:15→1 / s3:15→1 / s4:13→1, s2:13→1 / s3:15→1 / s4:15→1, s2:15→1 / s3:15→1 / s4:13→1, s2:15→1 / s3:15→1 / s4:13→1, s2:13→1 / s3:15→1 / s4:15→1, s2:13→1 / s3:15→1 / s4:15→1, s2:13→1 / s3:15→1 / s4:15→1, s2:15→1 / s3:15→1 / s4:13→1, s2:15→1 / s3:15→1 / s4:13→1, s2:15→1 / s3:15→1 / s4:13→1, s2:15→1 / s3:13→1 / s4:15→1, s2:15→1 / s3:15→1 / s4:13→1, s2:15→1 / s3:15→1 / s4:13→1, s2:15→1 / s3:13→1 / s4:15→1, s2:15→1 / s3:15→1 / s4:13→1, s2:13→1 / s3:15→1 / s4:15→1, s2:13→1 / s3:15→1 / s4:15→1, s2:13→1 / s3:15→1 / s4:15→1, s2:13→1 / s3:15→1 / s4:15→1, s2:13→1 / s3:15→1 / s4:15→1, s2:13→1 / s3:15→1 / s4:15→1, s2:13→1 / s3:15→1 / s4:15→1, s2:13→1 / s3:15→1 / s4:15→1, s2:13→1 / s3:15→1 / s4:15→1, s2:13→1 / s3:15→1 / s4:15→1}"	"e7+e6+g2+su(2)+so(7)+2 su(2)"
14	103	19	129	1	2	1	0	0	0	0	0	"{s1:14→1 / s2:2→1 / s3:1→1, s1:14→1 / s2:2→1 / s3:1→1 / s4:4→1, 9→1}"	"{s4:13→1, s4:13→1}"	"e7+e6+g2+su(2)+so(7)+2 su(2)"
14	103	19	149	1	3	0	0	0	0	0	0	"{s1:14→1 / s2:2→1 / s3:1→1, 14→1, s1:14→1 / s2:2→1 / s3:1→1, 14→1 / s4:9→1, s1:14→1 / s2:2→1 / s3:1→1 / s4:4→1, 14→1, s1:14→1 / s2:2→1 / s3:1→1 / s4:4→1, 14→2, s1:14→1 / s2:2→1 / s3:1→1 / s4:4→1, 9→1, s1:14→1 / s2:2→1 / s3:1→1 / s4:4→1, 9→1, 14→1, s1:14→1 / s2:2→1 / s3:1→1 / s4:4→1, 9→1, 14→2, s1:14→1 / s2:2→1 / s3:1→1 / s4:4→1, 9→1, 14→3}"	"{s4:13→1, s4:13→1, s4:13→1, s4:13→1, s4:13→1, s4:13→1, s4:13→1, s4:13→1}"	"e7+e6+g2+su(2)+so(7)+2 su(2)"
14	103	19	150	1	3	0	0	0	0	0	0	"{s1:14→1 / s2:2→1 / s3:1→1, 14→1 / s4:9→1, s1:14→1 / s2:2→1 / s3:1→1 / s4:4→1, 14→1, s1:14→1 / s2:2→1 / s3:1→1 / s4:4→1, 14→2, s1:14→1 / s2:2→1 / s3:1→1 / s4:4→1, 9→1, 14→1, s1:14→1 / s2:2→1 / s3:1→1 / s4:4→1, 9→1, 14→2, s1:14→1 / s2:2→1 / s3:1→1 / s4:4→1, 9→1, 14→3}"	"{s4:15→1, s4:15→1, s4:15→1, s4:15→1, s4:15→1, s4:15→1}"	"e7+e6+g2+su(2)+so(7)+2 su(2)"
14	103	19	156	2	2	0	0	0	0	0	0	"{s1:14→1 / s2:2→1 / s3:1→1, 14→1 / s4:1→1, s1:14→1 / s2:2→1 / s3:1→1, 9→1 / s4:1→1, 4→1, 14→1, s1:14→1 / s2:2→1 / s3:1→1 / s4:1→1, s1:14→1 / s2:2→1 / s3:1→1 / s4:1→1, s1:14→1 / s2:2→1 / s3:1→1 / s4:1→1, 14→1, s1:14→1 / s2:2→1 / s3:1→1 / s4:1→1, 14→1, s1:14→1 / s2:2→1 / s3:1→1 / s4:1→1, 4→1, s1:14→1 / s2:2→1 / s3:1→1 / s4:1→1, 4→1, 14→1, s1:14→1 / s2:2→1 / s3:1→1 / s4:1→1, 4→1, 14→1, s1:14→1 / s2:2→1 / s3:1→1 / s4:1→1, 4→1, 14→1, s1:14→1 / s2:2→1 / s3:1→1 / s4:1→1, 4→1, 14→2, s1:14→1 / s2:2→1 / s3:1→1 / s4:1→1, 4→1, 9→1, s1:14→1 / s2:2→1 / s3:1→1 / s4:1→1, 4→1, 9→1, s1:14→1 / s2:2→1 / s3:1→1 / s4:1→1, 9→1, s1:14→1 / s2:2→1 / s3:1→1 / s4:1→1, 9→1, 14→1, s1:14→1 / s2:2→1 / s3:1→1 / s4:1→1, 9→1, 14→1, s1:14→1 / s2:2→1 / s3:1→1 / s4:1→1, 9→1, 14→1, s1:14→1 / s2:2→1 / s3:4→1, 14→1 / s4:1→1, s1:14→1 / s2:2→1 / s3:4→1, 14→1 / s4:1→1, s1:14→1 / s2:2→1 / s3:4→1, 14→1 / s4:1→1, s1:14→1 / s2:2→1 / s3:4→1, 14→2 / s4:1→1, s1:14→1 / s2:2→1 / s3:4→1, 14→2 / s4:1→1, s1:14→1 / s2:2→1 / s3:4→1, 14→2 / s4:1→1, s1:14→1 / s2:2→1 / s3:4→1, 9→1, 14→2 / s4:1→1, s1:14→1 / s2:2→1 / s3:4→1, 9→1, 14→2 / s4:1→1, s1:14→1 / s2:2→1 / s3:4→1, 9→1, 14→2 / s4:1→1, s1:14→1 / s2:2→1 / s3:4→1, 9→1 / s4:1→1, s1:14→1 / s2:2→1 / s3:4→1, 9→1 / s4:1→1, s1:14→1 / s2:2→1 / s3:4→1 / s4:1→1, s1:14→1 / s2:2→1 / s3:9→1 / s4:1→1, 14→1, s1:14→1 / s2:2→1 / s3:9→1 / s4:1→1, 14→1, s1:14→1 / s2:2→1 / s3:9→1 / s4:4→1, 14→2, s1:14→1 / s2:2→1 / s3:9→1 / s4:4→1, 14→2, s1:14→1 / s2:2→1 / s4:1→1, 14→1, s1:14→1 / s2:2→1 / s4:1→1, 4→1, 14→2, s1:14→1 / s2:2→1 / s4:1→1, 4→1, 9→1, 14→2, s1:14→1 / s2:2→1 / s4:1→1, 9→1, 14→1, s1:14→1 / s2:2→1 / s4:1→2, 14→1, s1:14→1 / s2:2→1 / s4:1→2, 14→2, s1:14→1 / s2:2→1 / s4:1→2, 4→1, 14→2, s1:14→1 / s2:2→1 / s4:1→2, 9→1, 14→1, s1:14→1 / s2:2→1 / s4:1→2, 9→1, 14→2, s1:14→1 / s2:2→1 / s4:1→3, 14→2, s1:14→1 / s2:2→1 / s4:4→1, 14→1, s1:14→1 / s2:2→1 / s4:4→1, 14→2, s1:14→1 / s2:2→1 / s4:4→1, 9→1, 14→1, s1:14→1 / s2:2→1 / s4:4→1, 9→1, 14→2, s1:14→1 / s2:2→1 / s4:9→1}"	"{s3:15→1 / s4:13→1, s3:15→1 / s4:15→1, s3:15→1 / s4:13→1, s3:15→1 / s4:15→1, s3:15→1 / s4:13→1, s3:15→1 / s4:15→1, s3:15→1 / s4:13→1, s3:13→1 / s4:15→1, s3:15→1 / s4:13→1, s3:15→1 / s4:15→1, s3:15→1 / s4:15→1, s3:15→1 / s4:13→1, s3:15→1 / s4:15→1, s3:15→1 / s4:15→1, s3:13→1 / s4:15→1, s3:15→1 / s4:13→1, s3:15→1 / s4:15→1, s3:13→1 / s4:15→1, s3:15→1 / s4:13→1, s3:15→1 / s4:15→1, s3:13→1 / s4:15→1, s3:15→1 / s4:13→1, s3:15→1 / s4:15→1, s3:13→1 / s4:15→1, s3:15→1 / s4:13→1, s3:15→1 / s4:15→1, s3:13→1 / s4:15→1, s3:15→1 / s4:15→1, s3:13→1 / s4:15→1, s3:15→1 / s4:13→1, s3:15→1 / s4:15→1, s3:15→1 / s4:13→1, s3:15→1 / s4:15→1, s3:13→1 / s4:15→1, s3:13→1 / s4:15→1, s3:13→1 / s4:15→1, s3:13→1 / s4:15→1, s3:13→1 / s4:15→1, s3:13→1 / s4:15→1, s3:13→1 / s4:15→1, s3:13→1 / s4:15→1, s3:13→1 / s4:15→1, s3:13→1 / s4:15→1, s3:13→1 / s4:15→1, s3:13→1 / s4:15→1, s3:13→1 / s4:15→1, s3:13→1 / s4:15→1, s3:13→1 / s4:15→1}"	"e7+e6+g2+su(2)+so(7)+2 su(2)"
14	103	19	162	3	1	0	0	0	0	0	0	"{s1:14→1 / s2:2→1 / s3:1→1, 14→1 / s4:1→1, s1:14→1 / s2:2→1 / s3:1→1 / s4:1→1, 2→1, 4→1, s1:14→1 / s2:2→1 / s3:2→1, 9→1, 14→1 / s4:1→1, s1:14→1 / s2:9→1 / s3:2→1, 14→1 / s4:2→1, s1:14→1 / s2:9→1 / s3:2→1 / s4:2→1, 14→1, s1:14→1 / s3:2→1 / s4:1→1, 2→1, 14→1, s1:14→1 / s3:2→1 / s4:1→1, 2→1, 9→1, 14→1, s1:14→1 / s3:2→1 / s4:1→2, 14→1, s1:14→1 / s3:2→1 / s4:1→2, 9→1, 14→1, s1:14→1 / s3:2→1 / s4:2→1, 14→1, s1:14→1 / s3:2→1 / s4:2→1, 9→1, 14→1, s1:14→1 / s3:4→1, 14→1 / s4:2→1, s1:14→1 / s3:4→1, 9→1, 14→1 / s4:2→1, s1:14→1 / s3:9→1 / s4:2→1, s1:14→1 / s3:9→1 / s4:2→1, 14→1}"	"{s2:15→1 / s3:15→1 / s4:13→1, s2:15→1 / s3:15→1 / s4:13→1, s2:13→1 / s3:15→1 / s4:15→1, s2:15→1 / s3:15→1 / s4:13→1, s2:15→1 / s3:15→1 / s4:13→1, s2:13→1 / s3:15→1 / s4:15→1, s2:13→1 / s3:15→1 / s4:15→1, s2:13→1 / s3:15→1 / s4:15→1, s2:13→1 / s3:15→1 / s4:15→1, s2:13→1 / s3:15→1 / s4:15→1, s2:13→1 / s3:15→1 / s4:15→1, s2:13→1 / s3:15→1 / s4:15→1, s2:13→1 / s3:15→1 / s4:15→1, s2:13→1 / s3:15→1 / s4:15→1, s2:13→1 / s3:15→1 / s4:15→1}"	"e7+e6+g2+su(2)+so(7)+2 su(2)"
14	103	20	129	1	2	1	0	0	0	0	0	"s1:14→1 / s2:2→1 / s3:1→1 / s4:4→1"	"s4:13→1"	"e7+e6+g2+su(2)+so(7)+2 su(2)"
14	103	20	149	1	3	0	0	0	0	0	0	"s1:14→1 / s2:2→1 / s3:1→1 / s4:4→1"	"s4:13→1"	"e7+e6+g2+su(2)+so(7)+2 su(2)"
14	103	20	150	1	3	0	0	0	0	0	0	"{s1:14→1 / s2:2→1 / s3:1→1 / s4:4→1, s1:14→1 / s2:2→1 / s3:1→1 / s4:4→1, 9→1}"	"{s4:15→1, s4:15→1}"	"e7+e6+g2+su(2)+so(7)+2 su(2)"
14	103	20	156	2	2	0	0	0	0	0	0	"{s1:14→1 / s2:2→1 / s3:1→1 / s4:1→1, 4→1, s1:14→1 / s2:2→1 / s3:4→1 / s4:1→1, s1:14→1 / s2:2→1 / s4:1→1, 9→1, 14→2}"	"{s3:15→1 / s4:15→1, s3:15→1 / s4:15→1, s3:13→1 / s4:15→1}"	"e7+e6+g2+su(2)+so(7)+2 su(2)"
14	103	20	162	3	1	0	0	0	0	0	0	"{s1:14→1 / s3:2→1 / s4:1→1, 14→1, s1:14→1 / s3:2→1 / s4:1→1, 9→1, 14→1}"	"{s2:13→1 / s3:15→1 / s4:15→1, s2:13→1 / s3:15→1 / s4:15→1}"	"e7+e6+g2+su(2)+so(7)+2 su(2)"
14	103	22	149	1	3	0	0	0	0	0	0	"s1:14→1 / s2:14→1 / s3:2→1 / s4:9→1"	"s4:13→1"	"e7+e6+g2+su(2)+so(7)+2 su(2)"
14	103	22	150	1	3	0	0	0	0	0	0	"s1:14→1 / s2:14→1 / s3:2→1 / s4:9→1"	"s4:16→1"	"e7+e6+g2+su(2)+so(7)+2 su(2)"
14	103	22	156	2	2	0	0	0	0	0	0	"s1:14→1 / s2:2→1 / s4:1→1, 14→2"	"s3:13→1 / s4:15→1"	"e7+e6+g2+su(2)+so(7)+2 su(2)"
14	103	23	156	2	2	0	0	0	0	0	0	"s1:14→1 / s2:2→1 / s4:9→1, 14→1"	"s3:13→1 / s4:15→1"	"e7+e6+g2+su(2)+so(7)+2 su(2)"
14	103	24	149	1	3	0	0	0	0	0	0	"s1:14→1 / s2:14→1 / s3:2→1"	"s4:13→1"	"e7+e6+g2+su(2)+so(7)+2 su(2)"
14	103	24	162	3	1	0	0	0	0	0	0	"s1:14→1 / s2:14→1 / s4:9→1"	"s2:15→1 / s3:13→1 / s4:15→1"	"e7+e6+g2+su(2)+so(7)+2 su(2)"
14	105	18	149	0	4	0	0	0	0	0	0	"s1:14→1 / s2:12→1 / s3:3→1"	"s4:1→1"	"2 e6+f5+2 su(3)"
14	105	18	156	1	3	0	0	0	0	0	0	"{s1:14→1 / s2:12→1 / s4:3→1, s1:14→1 / s2:3→1 / s4:2→1, 12→3}"	"{s3:1→1 / s4:16→1, s3:1→1 / s4:15→1}"	"2 e6+f5+2 su(3)"
14	105	18	164	2	2	0	0	0	0	0	0	"s1:14→1 / s2:12→1 / s3:3→1 / s4:3→1"	"s3:15→1 / s4:16→1"	"2 e6+f5+2 su(3)"
14	105	19	156	1	3	0	0	0	0	0	0	"{s1:14→1 / s2:3→1 / s3:12→1 / s4:2→1, s1:14→1 / s2:3→1 / s4:2→1, 12→1, s1:14→1 / s2:3→1 / s4:2→1, 12→2}"	"{s3:1→1 / s4:15→1, s3:1→1 / s4:15→1, s3:1→1 / s4:15→1}"	"2 e6+f5+2 su(3)"
14	105	21	156	1	3	0	0	0	0	0	0	"s1:14→1 / s2:3→1 / s4:2→1"	"s3:1→1 / s4:15→1"	"2 e6+f5+2 su(3)"
14	106	19	149	1	3	0	0	0	0	0	0	"{s1:14→1 / s4:10→1, s1:14→1 / s4:10→1, 14→1}"	"{s2:3→1 / s3:1→1 / s4:15→1, s2:3→1 / s3:1→1 / s4:15→1}"	"e7+e6+su(3)+so(7)+2 su(2)"
14	106	24	150	1	3	0	0	0	0	0	0	"s1:14→1 / s2:14→1 / s4:10→1, 14→1"	"s3:3→1 / s4:16→1"	"e7+e6+su(3)+so(7)+2 su(2)"
14	106	26	150	1	3	0	0	0	0	0	0	"s1:14→1 / s2:14→1 / s4:2→1, 14→1"	"s3:3→1 / s4:16→1"	"e7+e6+su(3)+so(7)+2 su(2)"
14	106	60	143	0	4	0	0	0	0	0	0	"s1:14→1 / s2:14→1 / s3:14→1"	"s4:3→1"	"e7+e6+su(3)+so(7)+2 su(2)"
14	113	17	184	2	1	1	0	0	0	0	0	"{s1:14→1 / s2:1→1 / s3:1→1, 4→1, 14→1 / s4:1→2, 4→1, 10→1, 14→1, s1:1→1 / s2:14→1 / s3:4→1 / s4:1→1, 4→1, 10→1, 14→2}"	"{s3:16→1 / s4:16→1, s3:16→1 / s4:16→1}"	"2 e6+2 su(3)+so(7)+2 su(2)"
14	113	17	191	0	4	0	0	0	0	0	0	"{s1:14→1 / s2:4→1 / s3:1→1, 14→1 / s4:1→2, 14→1, s1:4→1 / s2:1→1, 14→1 / s3:1→1, 14→1 / s4:1→1, 14→1}"	""	"2 e6+2 su(3)+so(7)+2 su(2)"
14	113	18	160	2	1	0	1	0	0	0	0	"{s1:14→1 / s2:1→1 / s3:4→1 / s4:1→1, 4→1, 10→1, s1:14→1 / s2:1→1 / s3:4→1 / s4:1→1, 4→1, 14→1, s1:1→1 / s2:14→1 / s3:4→1, 14→1 / s4:4→1, 10→1, 14→2, s1:1→1 / s2:14→1 / s3:4→1 / s4:4→1, 10→1, 14→1, s1:1→1 / s2:14→1 / s3:4→1 / s4:4→1, 14→1}"	"{s3:16→1 / s4:16→1, s3:16→1 / s4:16→1, s3:16→1 / s4:16→1, s3:16→1 / s4:16→1, s3:16→1 / s4:16→1}"	"2 e6+2 su(3)+so(7)+2 su(2)"
14	113	18	171	0	3	1	0	0	0	0	0	"s1:14→1 / s2:4→1 / s3:1→1 / s4:1→1, 14→1"	""	"2 e6+2 su(3)+so(7)+2 su(2)"
14	113	18	178	1	2	1	0	0	0	0	0	"{s1:14→1 / s2:1→1 / s3:1→1, 14→1 / s4:1→1, 10→1, 14→1, s1:14→1 / s2:1→1 / s3:1→1, 14→1 / s4:1→1, 14→1, s1:14→1 / s2:1→1 / s3:1→1, 14→1 / s4:1→1, 4→1, 14→1, s1:14→1 / s2:1→1 / s3:1→1, 4→1, 14→1 / s4:1→1, 14→1, s1:14→1 / s2:4→1 / s3:1→1 / s4:1→1, 10→1, s1:14→1 / s2:4→1 / s3:1→1 / s4:1→1, 14→1, s1:14→1 / s2:4→1 / s3:1→1 / s4:1→2, 10→1, 14→1, s1:14→1 / s2:4→1 / s3:1→1 / s4:1→2, 14→2, s1:14→1 / s2:4→1 / s3:1→1 / s4:1→3, 10→1, 14→1, s1:14→1 / s2:4→1 / s3:1→1 / s4:1→3, 14→2, s1:1→1, 14→1 / s2:14→1 / s3:1→1 / s4:4→1, s1:1→1, 14→1 / s2:14→1 / s3:4→1 / s4:1→1, s1:1→1 / s2:14→1 / s3:1→1, 14→1 / s4:4→1, s1:1→1 / s2:14→1 / s3:4→1, 14→1 / s4:1→1, 10→1, 14→2, s1:1→1 / s2:14→1 / s3:4→1, 14→1 / s4:1→1, 14→1, s1:1→1 / s2:14→1 / s3:4→1, 14→1 / s4:1→2, 14→3}"	"{s4:16→1, s4:16→1, s4:16→1, s4:16→1, s4:17→1, s4:17→1, s4:17→1, s4:17→1, s4:17→1, s4:17→1, s4:16→1, s4:16→1, s4:16→1, s4:16→1, s4:16→1, s4:16→1}"	"2 e6+2 su(3)+so(7)+2 su(2)"
14	113	18	184	2	1	1	0	0	0	0	0	"{s1:14→1 / s2:1→1 / s3:1→1, 14→1 / s4:1→1, 14→1, s1:14→1 / s2:1→1 / s3:1→1, 14→1 / s4:1→1, 4→1, 14→1, s1:14→1 / s2:1→1 / s3:1→1, 14→1 / s4:1→2, 10→1, 14→1, s1:14→1 / s2:1→1 / s3:1→1, 14→1 / s4:1→2, 14→2, s1:14→1 / s2:1→1 / s3:1→1, 14→1 / s4:1→2, 4→1, 14→2, s1:14→1 / s2:1→1 / s3:1→1, 4→1, 14→1 / s4:1→1, 4→1, 14→1, s1:14→1 / s2:1→1 / s3:1→1, 4→1, 14→1 / s4:1→2, 4→1, 14→2, s1:1→1 / s2:14→1 / s3:1→1, 14→1 / s4:1→1, 14→1, s1:1→1 / s2:14→1 / s3:1→1, 14→1 / s4:1→1, 4→1, 14→1, s1:1→1 / s2:14→1 / s3:1→1, 14→1 / s4:1→1, 4→1, 14→2, s1:1→1 / s2:14→1 / s3:1→1, 14→1 / s4:1→1, 4→2, 14→2, s1:1→1 / s2:14→1 / s3:1→1, 4→1, 14→1 / s4:1→1, 4→1, 14→1, s1:1→1 / s2:14→1 / s3:1→1, 4→1, 14→2 / s4:1→1, 4→1, 14→2, s1:1→1 / s2:14→1 / s3:4→1 / s4:1→1, 4→1, 10→1, 14→1, s1:1→1 / s2:14→1 / s3:4→1 / s4:1→1, 4→1, 14→1, s1:1→1 / s2:14→1 / s3:4→1 / s4:1→2, 4→1, 14→2, s1:1→1 / s2:14→1 / s3:4→1 / s4:4→1, 10→1}"	"{s3:16→1 / s4:16→1, s3:16→1 / s4:16→1, s3:16→1 / s4:16→1, s3:16→1 / s4:16→1, s3:16→1 / s4:16→1, s3:16→1 / s4:16→1, s3:16→1 / s4:16→1, s3:16→1 / s4:16→1, s3:16→1 / s4:16→1, s3:16→1 / s4:16→1, s3:16→1 / s4:16→1, s3:16→1 / s4:16→1, s3:16→1 / s4:16→1, s3:16→1 / s4:16→1, s3:16→1 / s4:16→1, s3:16→1 / s4:16→1, s3:16→1 / s4:16→1}"	"2 e6+2 su(3)+so(7)+2 su(2)"
14	113	19	128	1	2	0	0	1	0	0	0	"{s1:14→1 / s2:4→1 / s3:1→1 / s4:1→2, 10→1, s1:14→1 / s2:4→1 / s3:1→1 / s4:1→2, 10→1, 14→1, s1:14→1 / s2:4→1 / s3:1→1 / s4:1→3, 10→1, s1:14→1 / s2:4→1 / s3:1→1 / s4:1→3, 10→1, 14→1, s1:1→1 / s2:14→1 / s3:4→1, 14→1 / s4:10→1, 14→1, s1:1→1 / s2:14→1 / s3:4→1, 14→1 / s4:10→1, 14→2}"	"{s4:17→1, s4:17→1, s4:17→1, s4:17→1, s4:16→1, s4:16→1}"	"2 e6+2 su(3)+so(7)+2 su(2)"
14	113	19	134	2	1	0	0	1	0	0	0	"{s1:14→1 / s2:1→1 / s3:4→1 / s4:1→1, 4→1, 10→1, s1:14→1 / s2:1→1 / s3:4→1 / s4:1→1, 4→1, 14→1, s1:14→1 / s2:1→1 / s3:4→1 / s4:1→2, 4→1, 10→1, s1:14→1 / s2:1→1 / s3:4→1 / s4:1→2, 4→1, 14→1, s1:14→1 / s2:1→1 / s3:4→1 / s4:1→3, 4→1, 10→1, s1:14→1 / s2:1→1 / s3:4→1 / s4:1→3, 4→1, 14→1, s1:1→1 / s2:14→1 / s3:4→1, 14→1 / s4:4→1, 10→1, 14→2, s1:1→1 / s2:14→1 / s3:4→1, 14→1 / s4:4→1, 10→1, 14→3, s1:1→1 / s2:14→1 / s3:4→1, 14→1 / s4:4→1, 14→1, s1:1→1 / s2:14→1 / s3:4→1, 14→1 / s4:4→1, 14→2, s1:1→1 / s2:14→1 / s3:4→1 / s4:4→1, 10→1, 14→1, s1:1→1 / s2:14→1 / s3:4→1 / s4:4→1, 14→1}"	"{s3:16→1 / s4:16→1, s3:16→1 / s4:16→1, s3:16→1 / s4:16→1, s3:16→1 / s4:16→1, s3:16→1 / s4:16→1, s3:16→1 / s4:16→1, s3:16→1 / s4:16→1, s3:16→1 / s4:16→1, s3:16→1 / s4:16→1, s3:16→1 / s4:16→1, s3:16→1 / s4:16→1, s3:16→1 / s4:16→1}"	"2 e6+2 su(3)+so(7)+2 su(2)"
14	113	19	151	0	2	2	0	0	0	0	0	"s1:14→1 / s2:1→1 / s3:4→1 / s4:1→1, 14→1"	""	"2 e6+2 su(3)+so(7)+2 su(2)"
14	113	19	154	1	2	0	1	0	0	0	0	"{s1:14→1 / s2:4→1 / s3:1→1 / s4:1→1, 10→1, s1:14→1 / s2:4→1 / s3:1→1 / s4:1→1, 10→1, 14→1, s1:14→1 / s2:4→1 / s3:1→1 / s4:1→1, 14→1, s1:14→1 / s2:4→1 / s3:1→1 / s4:1→2, 10→1, s1:14→1 / s2:4→1 / s3:1→1 / s4:1→2, 10→1, 14→1, s1:14→1 / s2:4→1 / s3:1→1 / s4:1→2, 10→1, 14→2, s1:14→1 / s2:4→1 / s3:1→1 / s4:1→2, 14→1, s1:14→1 / s2:4→1 / s3:1→1 / s4:1→2, 14→2, s1:14→1 / s2:4→1 / s3:1→1 / s4:1→3, 10→1, s1:14→1 / s2:4→1 / s3:1→1 / s4:1→3, 10→1, 14→1, s1:14→1 / s2:4→1 / s3:1→1 / s4:1→3, 14→2, s1:14→1 / s2:4→1 / s3:1→1 / s4:1→4, 10→1, s1:1→1 / s2:14→1 / s3:4→1, 14→1 / s4:10→1, 14→1}"	"{s4:17→1, s4:17→1, s4:17→1, s4:17→1, s4:17→1, s4:17→1, s4:17→1, s4:17→1, s4:17→1, s4:17→1, s4:17→1, s4:17→1, s4:16→1}"	"2 e6+2 su(3)+so(7)+2 su(2)"
14	113	19	160	2	1	0	1	0	0	0	0	"{s1:14→1 / s2:1→1 / s3:4→1 / s4:1→2, 4→1, 10→1, s1:14→1 / s2:1→1 / s3:4→1 / s4:1→2, 4→1, 14→1, s1:14→1 / s2:1→1 / s3:4→1 / s4:1→3, 10→1, s1:14→1 / s2:1→1 / s3:4→1 / s4:1→3, 4→1, 10→1, s1:14→1 / s2:1→1 / s3:4→1 / s4:1→3, 4→1, 14→1, s1:1→1 / s2:14→1 / s3:4→1, 14→1 / s4:4→1, 10→1, 14→3, s1:1→1 / s2:14→1 / s3:4→1, 14→1 / s4:4→1, 14→1, s1:1→1 / s2:14→1 / s3:4→1 / s4:4→1, 10→1}"	"{s3:16→1 / s4:16→1, s3:16→1 / s4:16→1, s3:16→1 / s4:16→1, s3:16→1 / s4:16→1, s3:16→1 / s4:16→1, s3:16→1 / s4:16→1, s3:16→1 / s4:16→1, s3:16→1 / s4:16→1}"	"2 e6+2 su(3)+so(7)+2 su(2)"
14	113	19	171	0	3	1	0	0	0	0	0	"s1:14→1 / s2:4→1 / s3:1→1 / s4:1→2, 14→1"	""	"2 e6+2 su(3)+so(7)+2 su(2)"
14	113	19	178	1	2	1	0	0	0	0	0	"{s1:14→1 / s2:1→1 / s3:1→1, 14→1 / s4:1→1, 4→1, 10→1, 14→1, s1:14→1 / s2:4→1 / s3:1→1 / s4:1→2, 10→1, s1:14→1 / s2:4→1 / s3:1→1 / s4:1→2, 14→1, s1:1→1 / s2:14→1 / s3:4→1, 14→1 / s4:1→1, 10→1, 14→3, s1:1→1 / s2:14→1 / s3:4→1, 14→1 / s4:1→1, 14→2}"	"{s4:16→1, s4:17→1, s4:17→1, s4:16→1, s4:16→1}"	"2 e6+2 su(3)+so(7)+2 su(2)"
14	113	20	101	1	2	0	0	0	1	0	0	"{s1:14→1 / s2:4→1 / s3:1→1 / s4:1→1, 10→1, s1:14→1 / s2:4→1 / s3:1→1 / s4:1→2, 10→1, s1:14→1 / s2:4→1 / s3:1→1 / s4:1→3, 10→1, s1:14→1 / s2:4→1 / s3:1→1 / s4:1→4, 10→1}"	"{s4:17→1, s4:17→1, s4:17→1, s4:17→1}"	"2 e6+2 su(3)+so(7)+2 su(2)"
14	113	20	107	2	1	0	0	0	1	0	0	"{s1:14→1 / s2:1→1 / s3:4→1 / s4:1→1, 4→1, s1:14→1 / s2:1→1 / s3:4→1 / s4:1→1, 4→1, 10→1, s1:14→1 / s2:1→1 / s3:4→1 / s4:1→2, 4→1, 10→1, s1:14→1 / s2:1→1 / s3:4→1 / s4:1→3, 4→1, 10→1, s1:14→1 / s2:1→1 / s3:4→1 / s4:4→1}"	"{s3:16→1 / s4:16→1, s3:16→1 / s4:16→1, s3:16→1 / s4:16→1, s3:16→1 / s4:16→1, s3:16→1 / s4:16→1}"	"2 e6+2 su(3)+so(7)+2 su(2)"
14	113	20	121	0	3	0	0	1	0	0	0	"{s1:14→1 / s2:4→1 / s3:1→1 / s4:1→1, s1:1→1 / s2:14→1 / s3:14→1 / s4:4→1, 14→1}"	""	"2 e6+2 su(3)+so(7)+2 su(2)"
14	113	20	128	1	2	0	0	1	0	0	0	"{s1:14→1 / s2:1→1 / s3:1→1 / s4:1→1, 4→3, s1:14→1 / s2:1→1 / s3:1→1 / s4:4→1, s1:14→1 / s2:4→1 / s3:1→1 / s4:1→1, 10→1, s1:14→1 / s2:4→1 / s3:1→1 / s4:1→1, 10→1, 14→1, s1:14→1 / s2:4→1 / s3:1→1 / s4:1→1, 14→1, s1:14→1 / s2:4→1 / s3:1→1 / s4:1→2, 14→1, s1:14→1 / s2:4→1 / s3:1→1 / s4:1→3, 14→1, s1:14→1 / s2:4→1 / s3:1→1 / s4:1→4, 10→1, s1:1→1 / s2:14→1 / s3:14→1 / s4:4→1, 10→1, 14→3, s1:1→1 / s2:14→1 / s3:14→1 / s4:4→1, 14→1}"	"{s4:17→1, s4:17→1, s4:17→1, s4:17→1, s4:17→1, s4:17→1, s4:17→1, s4:17→1, s4:17→1, s4:17→1}"	"2 e6+2 su(3)+so(7)+2 su(2)"
14	113	20	134	2	1	0	0	1	0	0	0	"{s1:14→1 / s2:1→1 / s3:1→1, 4→1 / s4:1→1, 4→1, s1:14→1 / s2:1→1 / s3:4→1 / s4:1→1, 4→1, s1:14→1 / s2:1→1 / s3:4→1 / s4:1→3, 10→1, s1:14→1 / s2:1→1 / s3:4→1 / s4:4→1, s1:1→1 / s2:14→1 / s3:4→1, 14→2 / s4:4→1, 14→2, s1:1→1 / s2:14→1 / s3:4→1, 14→2 / s4:4→1, 14→3, s1:1→1 / s2:14→1 / s3:4→1 / s4:4→1, 10→1}"	"{s3:16→1 / s4:16→1, s3:16→1 / s4:16→1, s3:16→1 / s4:16→1, s3:16→1 / s4:16→1, s3:16→1 / s4:16→1, s3:16→1 / s4:16→1, s3:16→1 / s4:16→1}"	"2 e6+2 su(3)+so(7)+2 su(2)"
14	113	20	154	1	2	0	1	0	0	0	0	"s1:14→1 / s2:4→1 / s3:1→1 / s4:1→3, 14→1"	"s4:17→1"	"2 e6+2 su(3)+so(7)+2 su(2)"
14	113	20	160	2	1	0	1	0	0	0	0	"{s1:14→1 / s2:1→1 / s3:4→1 / s4:4→1, s1:1→1 / s2:14→1 / s3:4→1, 14→1 / s4:4→1, 14→2, s1:1→1 / s2:14→1 / s3:4→1, 14→2 / s4:4→1, 14→2, s1:1→1 / s2:14→1 / s3:4→1 / s4:4→1}"	"{s3:16→1 / s4:16→1, s3:16→1 / s4:16→1, s3:16→1 / s4:16→1, s3:16→1 / s4:16→1}"	"2 e6+2 su(3)+so(7)+2 su(2)"
14	113	21	73	1	2	0	0	0	0	1	0	"{s1:14→1 / s2:4→1 / s3:1→1 / s4:1→1, 10→1, s1:14→1 / s2:4→1 / s3:1→1 / s4:1→2, 10→1, s1:14→1 / s2:4→1 / s3:1→1 / s4:1→3, 10→1, s1:14→1 / s2:4→1 / s3:1→1 / s4:1→4, 10→1}"	"{s4:17→1, s4:17→1, s4:17→1, s4:17→1}"	"2 e6+2 su(3)+so(7)+2 su(2)"
14	113	21	79	2	1	0	0	0	0	1	0	"{s1:14→1 / s2:1→1 / s3:1→1, 4→1 / s4:1→1, 4→1, s1:14→1 / s2:1→1 / s3:1→1, 4→1 / s4:1→2, 4→1, s1:14→1 / s2:1→1 / s3:4→1 / s4:1→1, 4→1, s1:14→1 / s2:1→1 / s3:4→1 / s4:1→1, 4→1, 10→1, s1:14→1 / s2:1→1 / s3:4→1 / s4:1→2, 4→1, s1:14→1 / s2:1→1 / s3:4→1 / s4:1→2, 4→1, 10→1, s1:14→1 / s2:1→1 / s3:4→1 / s4:1→3, 4→1, 10→1, s1:14→1 / s2:1→1 / s3:4→1 / s4:4→1}"	"{s3:16→1 / s4:16→1, s3:16→1 / s4:16→1, s3:16→1 / s4:16→1, s3:16→1 / s4:16→1, s3:16→1 / s4:16→1, s3:16→1 / s4:16→1, s3:16→1 / s4:16→1, s3:16→1 / s4:16→1}"	"2 e6+2 su(3)+so(7)+2 su(2)"
14	113	21	94	0	3	0	0	0	1	0	0	"{s1:14→1 / s2:1→1 / s3:1→1 / s4:1→1, 4→1, s1:14→1 / s2:4→1 / s3:1→1 / s4:1→1}"	""	"2 e6+2 su(3)+so(7)+2 su(2)"
14	113	21	101	0	2	1	0	1	0	0	0	"s1:14→1 / s2:1→1 / s3:4→1 / s4:1→1"	""	"2 e6+2 su(3)+so(7)+2 su(2)"
14	113	21	101	1	2	0	0	0	1	0	0	"{s1:14→1 / s2:1→1 / s3:1→1, 4→1 / s4:1→1, s1:14→1 / s2:1→1 / s3:1→1 / s4:1→1, 4→1, s1:14→1 / s2:1→1 / s3:1→1 / s4:1→1, 4→2, s1:14→1 / s2:1→1 / s3:1→1 / s4:1→1, 4→3, s1:14→1 / s2:1→1 / s3:1→1 / s4:4→1}"	"{s4:16→1, s4:17→1, s4:17→1, s4:17→1, s4:17→1}"	"2 e6+2 su(3)+so(7)+2 su(2)"
14	113	21	107	2	1	0	0	0	1	0	0	"{s1:14→1 / s2:1→1 / s3:1→1, 4→1 / s4:1→1, 4→1, s1:14→1 / s2:1→1 / s3:1→1, 4→1 / s4:1→2, 4→1, s1:14→1 / s2:1→1 / s3:1→1 / s4:1→1, 4→1, s1:14→1 / s2:1→1 / s3:4→1 / s4:1→2, 4→1, s1:14→1 / s2:1→1 / s3:4→1 / s4:1→3, 10→1}"	"{s3:16→1 / s4:16→1, s3:16→1 / s4:16→1, s3:16→1 / s4:16→1, s3:16→1 / s4:16→1, s3:16→1 / s4:16→1}"	"2 e6+2 su(3)+so(7)+2 su(2)"
14	113	21	121	0	3	0	0	1	0	0	0	"s1:14→1 / s2:1→1 / s3:1→1 / s4:1→1, 4→1"	""	"2 e6+2 su(3)+so(7)+2 su(2)"
14	113	21	128	1	2	0	0	1	0	0	0	"{s1:14→1 / s2:1→1 / s3:1→1 / s4:1→1, 4→1, s1:14→1 / s2:1→1 / s3:1→1 / s4:1→1, 4→2, s1:14→1 / s2:4→1 / s3:1→1 / s4:1→4, 14→1, s1:1→1 / s2:14→1 / s3:14→1 / s4:10→1, 14→1, s1:1→1 / s2:14→1 / s3:14→1 / s4:10→1, 14→2, s1:1→1 / s2:14→1 / s3:14→1 / s4:10→1, 14→3, s1:1→1 / s2:14→1 / s3:14→1 / s4:10→1, 14→4, s1:1→1 / s2:14→1 / s3:14→1 / s4:4→1, 10→1, 14→2, s1:1→1 / s2:14→1 / s3:14→1 / s4:4→1, 14→2, s1:1→1 / s2:14→1 / s3:14→1 / s4:4→1, 14→3, s1:1→1 / s2:14→1 / s3:14→1 / s4:4→2, 14→2, s1:1→1 / s2:14→1 / s3:14→1 / s4:4→2, 14→3}"	"{s4:17→1, s4:17→1, s4:17→1, s4:17→1, s4:17→1, s4:17→1, s4:17→1, s4:17→1, s4:17→1, s4:17→1, s4:17→1, s4:17→1}"	"2 e6+2 su(3)+so(7)+2 su(2)"
14	113	21	134	2	1	0	0	1	0	0	0	"{s1:14→1 / s2:1→1 / s3:1→1, 4→1 / s4:1→2, 4→1, s1:14→1 / s2:1→1 / s3:4→1 / s4:1→2, 4→1, s1:1→1 / s2:14→1 / s3:4→1, 14→2 / s4:4→1, 14→4, s1:1→1 / s2:14→1 / s3:4→1 / s4:4→1}"	"{s3:16→1 / s4:16→1, s3:16→1 / s4:16→1, s3:16→1 / s4:16→1, s3:16→1 / s4:16→1}"	"2 e6+2 su(3)+so(7)+2 su(2)"
14	113	22	66	0	3	0	0	0	0	1	0	"{s1:14→1 / s2:1→1 / s3:1→1 / s4:1→1, 4→1, s1:14→1 / s2:4→1 / s3:1→1 / s4:1→1}"	""	"2 e6+2 su(3)+so(7)+2 su(2)"
14	113	22	73	1	2	0	0	0	0	1	0	"{s1:14→1 / s2:1→1 / s3:1→1, 4→1 / s4:1→1, s1:14→1 / s2:1→1 / s3:1→1 / s4:1→1, 4→1, s1:14→1 / s2:1→1 / s3:1→1 / s4:1→1, 4→2, s1:14→1 / s2:1→1 / s3:1→1 / s4:1→1, 4→3, s1:14→1 / s2:1→1 / s3:1→1 / s4:4→1}"	"{s4:16→1, s4:17→1, s4:17→1, s4:17→1, s4:17→1}"	"2 e6+2 su(3)+so(7)+2 su(2)"
14	113	22	74	0	2	1	0	0	1	0	0	"s1:14→1 / s2:1→1 / s3:4→1 / s4:1→1"	""	"2 e6+2 su(3)+so(7)+2 su(2)"
14	113	22	79	2	1	0	0	0	0	1	0	"{s1:14→1 / s2:1→1 / s3:1→1 / s4:1→1, 4→1, s1:14→1 / s2:1→1 / s3:1→1 / s4:1→2, 4→1, s1:14→1 / s2:1→1 / s3:1→1 / s4:1→2, 4→2, s1:14→1 / s2:1→1 / s3:4→1 / s4:1→3, 10→1}"	"{s3:16→1 / s4:16→1, s3:16→1 / s4:16→1, s3:16→1 / s4:16→1, s3:16→1 / s4:16→1}"	"2 e6+2 su(3)+so(7)+2 su(2)"
14	113	22	94	0	3	0	0	0	1	0	0	"s1:14→1 / s2:1→1 / s3:1→1 / s4:1→1"	""	"2 e6+2 su(3)+so(7)+2 su(2)"
14	113	22	107	2	1	0	0	0	1	0	0	"{s1:14→1 / s2:1→1 / s3:1→1 / s4:1→2, 4→1, s1:14→1 / s2:1→1 / s3:1→1 / s4:1→2, 4→2}"	"{s3:16→1 / s4:16→1, s3:16→1 / s4:16→1}"	"2 e6+2 su(3)+so(7)+2 su(2)"
14	113	22	128	1	2	0	0	1	0	0	0	"s1:1→1 / s2:14→1 / s3:14→1 / s4:4→1, 14→4"	"s4:17→1"	"2 e6+2 su(3)+so(7)+2 su(2)"
14	113	22	154	1	2	0	1	0	0	0	0	"{s1:14→1 / s2:1→1 / s3:1→1 / s4:4→1, s1:1→1 / s2:14→1 / s3:14→1 / s4:10→1, 14→2, s1:1→1 / s2:14→1 / s3:14→1 / s4:4→1, 10→1, 14→3, s1:1→1 / s2:14→1 / s3:14→1 / s4:4→1, 14→1, s1:1→1 / s2:14→1 / s3:14→1 / s4:4→2, 14→3}"	"{s4:17→1, s4:17→1, s4:17→1, s4:17→1, s4:17→1}"	"2 e6+2 su(3)+so(7)+2 su(2)"
14	113	22	160	2	1	0	1	0	0	0	0	"s1:1→1 / s2:14→1 / s3:4→1, 14→2 / s4:4→1, 14→3"	"s3:16→1 / s4:16→1"	"2 e6+2 su(3)+so(7)+2 su(2)"
14	113	23	46	0	2	1	0	0	0	1	0	"s1:14→1 / s2:1→1 / s3:4→1 / s4:1→1"	""	"2 e6+2 su(3)+so(7)+2 su(2)"
14	113	23	66	0	3	0	0	0	0	1	0	"s1:14→1 / s2:1→1 / s3:1→1 / s4:1→1"	""	"2 e6+2 su(3)+so(7)+2 su(2)"
14	113	23	73	1	2	0	0	0	0	1	0	"{s1:14→1 / s2:1→1 / s3:1→1 / s4:1→1, s1:14→1 / s2:4→1 / s3:1→1 / s4:1→1}"	"{s4:17→1, s4:17→1}"	"2 e6+2 su(3)+so(7)+2 su(2)"
14	113	23	79	2	1	0	0	0	0	1	0	"{s1:14→1 / s2:1→1 / s3:1→1 / s4:1→1, s1:14→1 / s2:1→1 / s3:1→1 / s4:1→2, s1:14→1 / s2:1→1 / s3:4→1 / s4:1→3, 4→1}"	"{s3:16→1 / s4:16→1, s3:16→1 / s4:16→1, s3:16→1 / s4:16→1}"	"2 e6+2 su(3)+so(7)+2 su(2)"
14	113	23	101	1	2	0	0	0	1	0	0	"s1:14→1 / s2:1→1 / s3:1→1 / s4:1→1"	"s4:17→1"	"2 e6+2 su(3)+so(7)+2 su(2)"
14	113	23	107	2	1	0	0	0	1	0	0	"{s1:14→1 / s2:1→1 / s3:1→1 / s4:1→1, s1:14→1 / s2:1→1 / s3:1→1 / s4:1→2}"	"{s3:16→1 / s4:16→1, s3:16→1 / s4:16→1}"	"2 e6+2 su(3)+so(7)+2 su(2)"
14	113	23	121	0	3	0	0	1	0	0	0	"{s1:14→1 / s2:1→1 / s3:1→1 / s4:1→1, s1:1→1 / s2:14→1 / s3:14→1 / s4:14→1}"	""	"2 e6+2 su(3)+so(7)+2 su(2)"
14	113	23	127	0	2	1	1	0	0	0	0	"s1:14→1 / s2:1→1 / s3:4→1 / s4:1→1"	""	"2 e6+2 su(3)+so(7)+2 su(2)"
14	113	23	128	1	2	0	0	1	0	0	0	"s1:14→1 / s2:1→1 / s3:1→1, 4→1 / s4:1→1"	"s4:16→1"	"2 e6+2 su(3)+so(7)+2 su(2)"
14	113	23	134	2	1	0	0	1	0	0	0	"{s1:14→1 / s2:1→1 / s3:1→1 / s4:1→1, 4→1, s1:14→1 / s2:1→1 / s3:1→1 / s4:1→2, 4→1, s1:14→1 / s2:1→1 / s3:4→1 / s4:1→4, 10→1, s1:1→1 / s2:14→1 / s3:14→1 / s4:4→1, 14→3, s1:1→1 / s2:14→1 / s3:14→1 / s4:4→1, 14→4}"	"{s3:16→1 / s4:16→1, s3:16→1 / s4:16→1, s3:16→1 / s4:16→1, s3:16→1 / s4:16→1, s3:16→1 / s4:16→1}"	"2 e6+2 su(3)+so(7)+2 su(2)"
14	113	23	147	0	3	0	1	0	0	0	0	"s1:14→1 / s2:4→1 / s3:1→1 / s4:1→1"	""	"2 e6+2 su(3)+so(7)+2 su(2)"
14	113	23	154	1	2	0	1	0	0	0	0	"{s1:14→1 / s2:1→1 / s3:1→1 / s4:1→1, 4→3, s1:1→1 / s2:14→1 / s3:14→1 / s4:10→1, 14→3, s1:1→1 / s2:14→1 / s3:14→1 / s4:4→1, 14→2}"	"{s4:17→1, s4:17→1, s4:17→1}"	"2 e6+2 su(3)+so(7)+2 su(2)"
14	113	23	160	2	1	0	1	0	0	0	0	"s1:14→1 / s2:1→1 / s3:4→1 / s4:1→1, 4→1"	"s3:16→1 / s4:16→1"	"2 e6+2 su(3)+so(7)+2 su(2)"
14	113	24	79	2	1	0	0	0	0	1	0	"{s1:14→1 / s2:1→1 / s3:4→1 / s4:1→1, s1:14→1 / s2:1→1 / s3:4→1 / s4:1→4, 10→1}"	"{s3:16→1 / s4:16→1, s3:16→1 / s4:16→1}"	"2 e6+2 su(3)+so(7)+2 su(2)"
14	113	24	107	2	1	0	0	0	1	0	0	"s1:14→1 / s2:1→1 / s3:4→1 / s4:1→4, 10→1"	"s3:16→1 / s4:16→1"	"2 e6+2 su(3)+so(7)+2 su(2)"
14	113	24	134	2	1	0	0	1	0	0	0	"{s1:14→1 / s2:1→1 / s3:1→1 / s4:1→2, 4→2, s1:1→1 / s2:14→1 / s3:4→1, 14→1 / s4:4→1, 14→3}"	"{s3:16→1 / s4:16→1, s3:16→1 / s4:16→1}"	"2 e6+2 su(3)+so(7)+2 su(2)"
14	113	24	147	0	3	0	1	0	0	0	0	"s1:1→1 / s2:14→1 / s3:14→1 / s4:4→1, 14→1"	""	"2 e6+2 su(3)+so(7)+2 su(2)"
14	113	24	154	1	2	0	1	0	0	0	0	"s1:14→1 / s2:1→1 / s3:1→1 / s4:1→1, 4→2"	"s4:17→1"	"2 e6+2 su(3)+so(7)+2 su(2)"
14	113	25	128	1	2	0	0	1	0	0	0	"{s1:14→1 / s2:1→1 / s3:1→1 / s4:1→1, s1:1→1 / s2:14→1 / s3:14→1 / s4:14→1}"	"{s4:17→1, s4:17→1}"	"2 e6+2 su(3)+so(7)+2 su(2)"
14	113	25	134	2	1	0	0	1	0	0	0	"{s1:1→1 / s2:14→1 / s3:14→1 / s4:10→1, 14→4, s1:1→1 / s2:14→1 / s3:14→1 / s4:4→1, 14→2}"	"{s3:16→1 / s4:16→1, s3:16→1 / s4:16→1}"	"2 e6+2 su(3)+so(7)+2 su(2)"
14	113	25	154	1	2	0	1	0	0	0	0	"{s1:1→1 / s2:14→1 / s3:14→1 / s4:10→1, 14→4, s1:1→1 / s2:14→1 / s3:14→1 / s4:4→2, 14→2}"	"{s4:17→1, s4:17→1}"	"2 e6+2 su(3)+so(7)+2 su(2)"
14	113	25	160	2	1	0	1	0	0	0	0	"s1:14→1 / s2:1→1 / s3:4→1 / s4:1→4, 10→1"	"s3:16→1 / s4:16→1"	"2 e6+2 su(3)+so(7)+2 su(2)"
14	113	26	79	2	1	0	0	0	0	1	0	"s1:14→1 / s2:1→1 / s3:4→1 / s4:1→2, 10→1"	"s3:16→1 / s4:16→1"	"2 e6+2 su(3)+so(7)+2 su(2)"
14	113	26	107	2	1	0	0	0	1	0	0	"s1:14→1 / s2:1→1 / s3:4→1 / s4:1→3, 4→1"	"s3:16→1 / s4:16→1"	"2 e6+2 su(3)+so(7)+2 su(2)"
14	113	26	147	0	3	0	1	0	0	0	0	"s1:14→1 / s2:1→1 / s3:1→1 / s4:1→1, 4→1"	""	"2 e6+2 su(3)+so(7)+2 su(2)"
14	113	26	160	2	1	0	1	0	0	0	0	"s1:14→1 / s2:1→1 / s3:1→1, 4→1 / s4:1→1, 4→1"	"s3:16→1 / s4:16→1"	"2 e6+2 su(3)+so(7)+2 su(2)"
14	113	27	154	1	2	0	1	0	0	0	0	"s1:1→1 / s2:14→1 / s3:14→1 / s4:4→1, 14→3"	"s4:17→1"	"2 e6+2 su(3)+so(7)+2 su(2)"
14	113	28	134	2	1	0	0	1	0	0	0	"s1:1→1 / s2:14→1 / s3:14→1 / s4:14→1"	"s3:16→1 / s4:16→1"	"2 e6+2 su(3)+so(7)+2 su(2)"
14	113	29	128	1	2	0	0	1	0	0	0	"s1:1→1 / s2:14→1 / s3:14→2 / s4:14→1"	"s4:16→1"	"2 e6+2 su(3)+so(7)+2 su(2)"
14	113	29	134	2	1	0	0	1	0	0	0	"s1:14→1 / s2:1→1 / s3:1→1 / s4:1→1"	"s3:16→1 / s4:16→1"	"2 e6+2 su(3)+so(7)+2 su(2)"
14	113	29	154	1	2	0	1	0	0	0	0	"{s1:1→1 / s2:14→1 / s3:14→1 / s4:10→1, 14→1, s1:1→1 / s2:14→1 / s3:14→1 / s4:4→1, 10→1, 14→2}"	"{s4:17→1, s4:17→1}"	"2 e6+2 su(3)+so(7)+2 su(2)"
14	113	30	128	1	2	0	0	1	0	0	0	"s1:1→1 / s2:14→1 / s3:14→1 / s4:14→2"	"s4:17→1"	"2 e6+2 su(3)+so(7)+2 su(2)"
14	113	30	154	1	2	0	1	0	0	0	0	"s1:14→1 / s2:1→1 / s3:1→1 / s4:1→1, 4→1"	"s4:17→1"	"2 e6+2 su(3)+so(7)+2 su(2)"
14	113	32	79	2	1	0	0	0	0	1	0	"s1:14→1 / s2:1→1 / s3:1→1, 4→1 / s4:1→2"	"s3:16→1 / s4:16→1"	"2 e6+2 su(3)+so(7)+2 su(2)"
14	113	33	134	2	1	0	0	1	0	0	0	"s1:1→1 / s2:14→1 / s3:14→1 / s4:14→2"	"s3:16→1 / s4:16→1"	"2 e6+2 su(3)+so(7)+2 su(2)"
14	113	34	128	1	2	0	0	1	0	0	0	"s1:1→1 / s2:14→1 / s3:14→1 / s4:14→3"	"s4:17→1"	"2 e6+2 su(3)+so(7)+2 su(2)"
14	113	34	134	2	1	0	0	1	0	0	0	"s1:14→1 / s2:1→1 / s3:1→1 / s4:1→2"	"s3:16→1 / s4:16→1"	"2 e6+2 su(3)+so(7)+2 su(2)"
14	113	35	134	2	1	0	0	1	0	0	0	"s1:1→1 / s2:14→1 / s3:14→2 / s4:14→2"	"s3:16→1 / s4:16→1"	"2 e6+2 su(3)+so(7)+2 su(2)"
14	113	35	154	1	2	0	1	0	0	0	0	"s1:1→1 / s2:14→1 / s3:14→1 / s4:4→1, 14→4"	"s4:17→1"	"2 e6+2 su(3)+so(7)+2 su(2)"
14	113	36	134	2	1	0	0	1	0	0	0	"s1:1→1 / s2:14→1 / s3:14→1 / s4:14→3"	"s3:16→1 / s4:16→1"	"2 e6+2 su(3)+so(7)+2 su(2)"
14	113	37	107	2	1	0	0	0	1	0	0	"s1:14→1 / s2:1→1 / s3:4→1 / s4:1→2, 10→1"	"s3:16→1 / s4:16→1"	"2 e6+2 su(3)+so(7)+2 su(2)"
14	113	37	128	1	2	0	0	1	0	0	0	"s1:1→1 / s2:14→1 / s3:14→1 / s4:14→4"	"s4:17→1"	"2 e6+2 su(3)+so(7)+2 su(2)"
14	113	37	134	2	1	0	0	1	0	0	0	"{s1:1→1 / s2:14→1 / s3:14→1 / s4:14→4, s1:1→1 / s2:14→1 / s3:14→2 / s4:14→3}"	"{s3:16→1 / s4:16→1, s3:16→1 / s4:16→1}"	"2 e6+2 su(3)+so(7)+2 su(2)"
14	113	38	107	2	1	0	0	0	1	0	0	"s1:14→1 / s2:1→1 / s3:4→1 / s4:1→1"	"s3:16→1 / s4:16→1"	"2 e6+2 su(3)+so(7)+2 su(2)"
14	113	38	128	1	2	0	0	1	0	0	0	"s1:1→1 / s2:14→1 / s3:14→1 / s4:14→5"	"s4:17→1"	"2 e6+2 su(3)+so(7)+2 su(2)"
14	113	38	134	2	1	0	0	1	0	0	0	"s1:1→1 / s2:14→1 / s3:14→2 / s4:14→4"	"s3:16→1 / s4:16→1"	"2 e6+2 su(3)+so(7)+2 su(2)"
14	113	39	128	1	2	0	0	1	0	0	0	"s1:1→1 / s2:14→1 / s3:4→1, 14→2 / s4:14→1"	"s4:16→1"	"2 e6+2 su(3)+so(7)+2 su(2)"
14	113	39	134	2	1	0	0	1	0	0	0	"s1:1→1 / s2:14→1 / s3:14→1 / s4:14→5"	"s3:16→1 / s4:16→1"	"2 e6+2 su(3)+so(7)+2 su(2)"
14	113	51	147	0	3	0	1	0	0	0	0	"s1:1→1 / s2:14→1 / s3:14→1 / s4:14→1"	""	"2 e6+2 su(3)+so(7)+2 su(2)"
14	113	61	147	0	3	0	1	0	0	0	0	"s1:14→1 / s2:1→1 / s3:1→1 / s4:1→1"	""	"2 e6+2 su(3)+so(7)+2 su(2)"
14	113	69	66	0	3	0	0	0	0	1	0	"s1:14→1 / s2:4→1 / s3:1→1 / s4:1→2"	""	"2 e6+2 su(3)+so(7)+2 su(2)"
14	113	86	101	1	2	0	0	0	1	0	0	"s1:14→1 / s2:4→1 / s3:1→1 / s4:1→1"	"s4:17→1"	"2 e6+2 su(3)+so(7)+2 su(2)"
14	113	88	128	1	2	0	0	1	0	0	0	"s1:1→1 / s2:14→1 / s3:4→1 / s4:10→1"	"s4:16→1"	"2 e6+2 su(3)+so(7)+2 su(2)"
14	113	98	107	2	1	0	0	0	1	0	0	"s1:14→1 / s2:1→1 / s3:1→1, 4→1 / s4:1→2"	"s3:16→1 / s4:16→1"	"2 e6+2 su(3)+so(7)+2 su(2)"
14	114	19	155	2	2	0	0	0	0	0	0	"{s2:1→1 / s3:5→1, s2:1→1 / s3:5→1 / s4:1→2, 11→1, s2:1→1 / s3:5→1 / s4:1→2, 11→1, s2:1→1 / s3:5→1 / s4:1→2, 13→1, s2:1→1 / s3:5→1 / s4:1→2, 13→1, s2:1→1 / s4:1→1, 11→1, s2:1→1 / s4:1→1, 13→1, s2:1→1 / s4:1→1, 5→1, 11→1, s2:1→1 / s4:1→1, 5→1, 13→1, s2:1→1 / s4:1→2, 11→1, s2:1→1 / s4:1→2, 11→1, 13→1, s2:1→1 / s4:1→2, 13→1, s2:1→1 / s4:1→2, 5→1, 11→1, s2:1→1 / s4:1→2, 5→1, 11→1, 13→1, s2:1→1 / s4:1→2, 5→1, 13→1}"	"{s1:14→1 / s3:16→1 / s4:2→1, s1:14→1 / s3:16→1 / s4:16→1, s1:14→1 / s3:16→1 / s4:2→1, s1:14→1 / s3:16→1 / s4:16→1, s1:14→1 / s3:16→1 / s4:2→1, s1:14→1 / s3:2→1 / s4:16→1, s1:14→1 / s3:2→1 / s4:16→1, s1:14→1 / s3:2→1 / s4:16→1, s1:14→1 / s3:2→1 / s4:16→1, s1:14→1 / s3:2→1 / s4:16→1, s1:14→1 / s3:2→1 / s4:16→1, s1:14→1 / s3:2→1 / s4:16→1, s1:14→1 / s3:2→1 / s4:16→1, s1:14→1 / s3:2→1 / s4:16→1, s1:14→1 / s3:2→1 / s4:16→1}"	"e7+e6+g2+su(2)+so(7)+2 su(2)"
14	114	22	148	1	3	0	0	0	0	0	0	"s2:1→1 / s3:1→1 / s4:5→1"	"s1:14→1 / s4:2→1"	"e7+e6+g2+su(2)+so(7)+2 su(2)"
14	114	22	149	1	3	0	0	0	0	0	0	"s2:1→1 / s3:1→1 / s4:5→1"	"s1:14→1 / s4:17→1"	"e7+e6+g2+su(2)+so(7)+2 su(2)"
14	114	23	155	2	2	0	0	0	0	0	0	"s2:1→1 / s4:1→1, 5→1"	"s1:14→1 / s3:2→1 / s4:16→1"	"e7+e6+g2+su(2)+so(7)+2 su(2)"
14	114	24	148	1	3	0	0	0	0	0	0	"s2:1→1 / s3:1→1"	"s1:14→1 / s4:2→1"	"e7+e6+g2+su(2)+so(7)+2 su(2)"
14	114	24	162	3	1	0	0	0	0	0	0	"s1:1→1 / s2:5→1 / s4:1→1"	"s2:15→1 / s3:2→1 / s4:15→1"	"e7+e6+g2+su(2)+so(7)+2 su(2)"
14	115	18	156	2	2	0	0	0	0	0	0	"{s1:14→1 / s2:12→1 / s4:1→1, s1:14→1 / s2:1→1, 12→1 / s4:1→1, s1:14→1 / s2:1→1 / s3:12→1 / s4:12→1, s1:14→1 / s2:1→1 / s3:12→1 / s4:1→1, 12→1}"	"{s3:4→1 / s4:16→1, s3:4→1 / s4:15→1, s3:16→1 / s4:4→1, s3:4→1 / s4:15→1}"	"e7+f5+so(8)+2(g2+su(2))"
14	115	18	157	2	2	0	0	0	0	0	0	"{s1:14→1 / s2:12→1 / s3:1→1 / s4:1→1, s1:14→1 / s2:1→1 / s3:12→1 / s4:1→1, 3→1, 12→2, s1:14→1 / s2:1→1 / s3:12→1 / s4:3→1, 12→1, s1:14→1 / s2:1→1 / s3:3→1, 12→2 / s4:1→1, 12→1, s1:14→1 / s2:1→1 / s3:3→1, 12→3 / s4:1→1, 12→1}"	"{s3:16→1 / s4:15→1, s3:16→1 / s4:15→1, s3:16→1 / s4:15→1, s3:16→1 / s4:15→1, s3:16→1 / s4:15→1}"	"e7+f5+so(8)+2(g2+su(2))"
14	115	18	162	3	1	0	0	0	0	0	0	"{s1:1→1 / s2:14→1 / s3:12→1 / s4:12→1, 14→1, s1:1→1 / s2:14→1 / s3:12→1 / s4:12→1, 14→2, s1:1→1 / s2:14→1 / s3:12→1 / s4:14→1}"	"{s2:15→1 / s3:15→1 / s4:4→1, s2:15→1 / s3:15→1 / s4:4→1, s2:15→1 / s3:15→1 / s4:4→1}"	"e7+f5+so(8)+2(g2+su(2))"
14	115	19	136	2	1	1	0	0	0	0	0	"s1:1→1 / s2:14→1 / s3:12→1 / s4:12→2"	"s3:16→1 / s4:4→1"	"e7+f5+so(8)+2(g2+su(2))"
14	115	19	149	1	3	0	0	0	0	0	0	"s1:14→1 / s2:1→1 / s3:1→1, 12→1"	"s4:4→1"	"e7+f5+so(8)+2(g2+su(2))"
14	115	19	156	2	2	0	0	0	0	0	0	"{s1:14→1 / s2:1→1 / s3:12→1 / s4:12→1, s1:14→1 / s2:1→1 / s3:12→1 / s4:12→2, s1:14→1 / s2:1→1 / s3:12→1 / s4:12→3, s1:14→1 / s2:1→1 / s3:12→1 / s4:1→1, 12→1, s1:14→1 / s2:1→1 / s3:12→1 / s4:1→1, 12→2, s1:14→1 / s2:1→1 / s3:12→1 / s4:1→1, 12→3, s1:14→1 / s2:1→1 / s3:12→1 / s4:3→1, 12→1, s1:14→1 / s2:1→1 / s3:12→1 / s4:3→1, 12→2, s1:14→1 / s2:1→1 / s3:12→1 / s4:3→1, 12→3, s1:14→1 / s2:1→1 / s3:1→1, 12→1 / s4:1→1, 12→1, s1:14→1 / s2:1→1 / s3:1→1, 12→1 / s4:1→1, 12→2, s1:14→1 / s2:1→1 / s3:1→1, 12→1 / s4:1→1, 12→3, s1:14→1 / s2:1→1 / s3:1→1 / s4:1→1, 12→1, s1:14→1 / s2:1→1 / s4:1→1}"	"{s3:16→1 / s4:16→1, s3:16→1 / s4:4→1, s3:16→1 / s4:4→1, s3:16→1 / s4:4→1, s3:16→1 / s4:4→1, s3:16→1 / s4:4→1, s3:16→1 / s4:16→1, s3:16→1 / s4:16→1, s3:16→1 / s4:16→1, s3:15→1 / s4:4→1, s3:15→1 / s4:4→1, s3:15→1 / s4:4→1, s3:15→1 / s4:4→1, s3:4→1 / s4:15→1}"	"e7+f5+so(8)+2(g2+su(2))"
14	115	19	157	2	2	0	0	0	0	0	0	"{s1:14→1 / s2:1→1 / s3:12→1 / s4:1→1, 12→1, s1:14→1 / s2:1→1 / s3:12→1 / s4:1→1, 12→2, s1:14→1 / s2:1→1 / s3:12→1 / s4:1→1, 3→1, 12→3, s1:14→1 / s2:1→1 / s3:12→1 / s4:3→1, 12→2, s1:14→1 / s2:1→1 / s3:12→1 / s4:3→1, 12→3}"	"{s3:16→1 / s4:15→1, s3:16→1 / s4:15→1, s3:16→1 / s4:15→1, s3:16→1 / s4:15→1, s3:16→1 / s4:15→1}"	"e7+f5+so(8)+2(g2+su(2))"
14	115	19	162	3	1	0	0	0	0	0	0	"s1:1→1 / s2:14→1 / s3:12→1 / s4:12→2, 14→2"	"s2:15→1 / s3:15→1 / s4:4→1"	"e7+f5+so(8)+2(g2+su(2))"
14	115	20	136	2	1	1	0	0	0	0	0	"s1:1→1 / s2:14→1 / s3:12→1 / s4:12→3"	"s3:16→1 / s4:4→1"	"e7+f5+so(8)+2(g2+su(2))"
14	115	20	157	2	2	0	0	0	0	0	0	"s1:14→1 / s2:1→1 / s3:12→1 / s4:1→1, 12→3"	"s3:16→1 / s4:15→1"	"e7+f5+so(8)+2(g2+su(2))"
14	115	20	162	3	1	0	0	0	0	0	0	"s1:1→1 / s2:14→1 / s3:12→1 / s4:12→2, 14→3"	"s2:15→1 / s3:15→1 / s4:4→1"	"e7+f5+so(8)+2(g2+su(2))"
14	115	21	156	2	2	0	0	0	0	0	0	"s1:14→1 / s2:1→1 / s3:1→1 / s4:1→1"	"s3:15→1 / s4:4→1"	"e7+f5+so(8)+2(g2+su(2))"
14	115	22	149	1	3	0	0	0	0	0	0	"s1:14→1 / s2:1→1 / s3:1→1"	"s4:4→1"	"e7+f5+so(8)+2(g2+su(2))"
14	115	23	150	1	3	0	0	0	0	0	0	"s1:14→1 / s2:1→1 / s3:1→1 / s4:3→1"	"s4:15→1"	"e7+f5+so(8)+2(g2+su(2))"
14	115	23	156	2	2	0	0	0	0	0	0	"s1:14→1 / s2:1→1 / s3:12→1 / s4:12→2"	"s3:16→1 / s4:16→1"	"e7+f5+so(8)+2(g2+su(2))"
14	115	24	156	2	2	0	0	0	0	0	0	"s1:14→1 / s2:1→1 / s3:12→1 / s4:12→3"	"s3:15→1 / s4:4→1"	"e7+f5+so(8)+2(g2+su(2))"
14	115	24	157	2	2	0	0	0	0	0	0	"s1:14→1 / s2:1→1 / s3:12→1 / s4:12→1"	"s3:16→1 / s4:15→1"	"e7+f5+so(8)+2(g2+su(2))"
14	115	24	162	3	1	0	0	0	0	0	0	"s1:1→1 / s2:14→1 / s3:12→1 / s4:12→1, 14→3"	"s2:15→1 / s3:15→1 / s4:4→1"	"e7+f5+so(8)+2(g2+su(2))"
14	116	18	156	2	2	0	0	0	0	0	0	"s1:14→1 / s2:1→1 / s3:6→1 / s4:6→1, 14→1"	"s3:15→1 / s4:16→1"	"2 e6+f5+3 su(3)"
14	116	19	149	1	3	0	0	0	0	0	0	"s1:14→1 / s2:6→1, 14→1 / s3:1→1 / s4:14→1"	"s4:17→1"	"2 e6+f5+3 su(3)"
14	116	19	155	2	2	0	0	0	0	0	0	"{s1:14→1 / s2:1→1 / s3:6→1, 14→1 / s4:6→1, 14→1, s1:14→1 / s2:1→1 / s3:6→1 / s4:6→1, s1:14→1 / s2:1→1 / s3:6→1 / s4:6→1, 14→1}"	"{s3:15→1 / s4:15→1, s3:15→1 / s4:15→1, s3:15→1 / s4:15→1}"	"2 e6+f5+3 su(3)"
14	116	19	156	2	2	0	0	0	0	0	0	"{s1:14→1 / s2:1→1 / s3:14→1 / s4:6→1, 14→1, s1:14→1 / s2:1→1 / s3:6→1, 14→1 / s4:6→1, 14→1, s1:14→1 / s2:1→1 / s3:6→1, 14→1 / s4:6→1, 14→2, s1:14→1 / s2:1→1 / s3:6→1 / s4:6→1}"	"{s3:16→1 / s4:15→1, s3:15→1 / s4:16→1, s3:15→1 / s4:16→1, s3:15→1 / s4:16→1}"	"2 e6+f5+3 su(3)"
14	116	20	155	2	2	0	0	0	0	0	0	"s1:14→1 / s2:1→1 / s3:6→1, 14→1 / s4:6→1, 14→2"	"s3:15→1 / s4:15→1"	"2 e6+f5+3 su(3)"
14	116	20	156	2	2	0	0	0	0	0	0	"{s1:14→1 / s2:1→1 / s3:14→1 / s4:6→1, 14→2, s1:14→1 / s2:1→1 / s3:14→1 / s4:6→2, 14→2, s1:14→1 / s2:1→1 / s3:14→1 / s4:6→2, 14→3, s1:14→1 / s2:1→1 / s3:6→1, 14→1 / s4:6→1, 14→3, s1:14→1 / s2:1→1 / s3:6→1, 14→2 / s4:6→1, 14→2}"	"{s3:16→1 / s4:15→1, s3:16→1 / s4:15→1, s3:16→1 / s4:15→1, s3:15→1 / s4:16→1, s3:15→1 / s4:16→1}"	"2 e6+f5+3 su(3)"
14	116	21	156	2	2	0	0	0	0	0	0	"s1:14→1 / s2:1→1 / s3:14→1 / s4:6→1, 14→3"	"s3:16→1 / s4:15→1"	"2 e6+f5+3 su(3)"
14	116	22	142	0	4	0	0	0	0	0	0	"s1:14→1 / s2:14→1 / s3:6→1, 14→1 / s4:1→1"	""	"2 e6+f5+3 su(3)"
14	116	22	149	1	3	0	0	0	0	0	0	"{s1:14→1 / s2:14→1 / s3:1→1 / s4:6→1, 14→1, s1:14→1 / s2:14→1 / s3:1→1 / s4:6→1, 14→2, s1:14→1 / s2:14→1 / s3:1→1 / s4:6→2, 14→3}"	"{s4:15→1, s4:17→1, s4:17→1}"	"2 e6+f5+3 su(3)"
14	116	24	149	1	3	0	0	0	0	0	0	"s1:14→1 / s2:14→1 / s3:1→1 / s4:6→1, 14→3"	"s4:17→1"	"2 e6+f5+3 su(3)"
14	116	25	149	1	3	0	0	0	0	0	0	"s1:14→1 / s2:14→1 / s3:1→1 / s4:14→1"	"s4:17→1"	"2 e6+f5+3 su(3)"
14	116	25	156	2	2	0	0	0	0	0	0	"s1:14→1 / s2:1→1 / s3:14→1 / s4:6→1, 14→4"	"s3:16→1 / s4:15→1"	"2 e6+f5+3 su(3)"
14	116	26	149	1	3	0	0	0	0	0	0	"s1:14→1 / s2:14→1 / s3:1→1 / s4:6→1, 14→4"	"s4:17→1"	"2 e6+f5+3 su(3)"
14	116	29	149	1	3	0	0	0	0	0	0	"s1:14→1 / s2:14→1 / s3:1→1 / s4:6→2, 14→2"	"s4:17→1"	"2 e6+f5+3 su(3)"
14	116	46	149	1	3	0	0	0	0	0	0	"s1:14→1 / s2:14→1 / s3:1→1 / s4:6→1, 14→1"	"s4:17→1"	"2 e6+f5+3 su(3)"
14	116	47	149	1	3	0	0	0	0	0	0	"s1:14→1 / s2:14→1 / s3:1→1 / s4:14→2"	"s4:17→1"	"2 e6+f5+3 su(3)"
14	116	53	142	0	4	0	0	0	0	0	0	"s1:14→1 / s2:14→1 / s3:14→1 / s4:1→1"	""	"2 e6+f5+3 su(3)"
14	118	18	176	1	3	0	0	0	0	0	0	"{s1:14→1 / s2:2→1 / s3:1→1, 14→1 / s4:4→1, 14→2, s1:14→1 / s2:2→1 / s3:1→1, 14→1 / s4:4→1, 14→3}"	"{s4:15→1, s4:15→1}"	"e7'+e6+2(so(7)+2 su(2))"
14	118	18	182	2	2	0	0	0	0	0	0	"{s1:14→1 / s2:2→1 / s3:1→1 / s4:1→1, 4→1, 14→2, s1:14→1 / s2:2→1 / s3:4→1, 14→1 / s4:1→1}"	"{s3:15→1 / s4:15→1, s3:15→1 / s4:15→1}"	"e7'+e6+2(so(7)+2 su(2))"
14	118	19	176	1	3	0	0	0	0	0	0	"s1:14→1 / s2:2→1 / s3:1→1, 14→1 / s4:4→1, 14→4"	"s4:15→1"	"e7'+e6+2(so(7)+2 su(2))"
14	119	18	156	2	2	0	0	0	0	0	0	"{s1:14→1 / s2:2→1 / s3:1→1 / s4:1→1, 4→1, 10→1, 14→1, s1:14→1 / s2:2→1 / s3:1→1 / s4:1→1, 4→1, 10→1, 14→2}"	"{s3:15→1 / s4:15→1, s3:15→1 / s4:15→1}"	"e7+e6+g2+su(2)+so(7)+2 su(2)"
14	119	19	150	1	3	0	0	0	0	0	0	"{s1:14→1 / s2:2→1 / s3:1→1 / s4:4→1, 10→1, s1:14→1 / s2:2→1 / s3:1→1 / s4:4→1, 10→1, 14→1, s1:14→1 / s2:2→1 / s3:1→1 / s4:4→1, 10→1, 14→2, s1:14→1 / s2:2→1 / s3:1→1 / s4:4→1, 10→1, 14→3, s1:14→1 / s2:2→1 / s3:1→1 / s4:4→1, 14→1, s1:14→1 / s2:2→1 / s3:1→1 / s4:4→1, 14→2}"	"{s4:15→1, s4:15→1, s4:15→1, s4:15→1, s4:15→1, s4:15→1}"	"e7+e6+g2+su(2)+so(7)+2 su(2)"
14	119	19	156	2	2	0	0	0	0	0	0	"{s1:14→1 / s2:2→1 / s3:1→1 / s4:1→1, s1:14→1 / s2:2→1 / s3:1→1 / s4:1→1, 10→1, s1:14→1 / s2:2→1 / s3:1→1 / s4:1→1, 14→1, s1:14→1 / s2:2→1 / s3:1→1 / s4:1→1, 4→1, 10→1, s1:14→1 / s2:2→1 / s3:1→1 / s4:1→1, 4→1, 14→1, s1:14→1 / s2:2→1 / s3:1→1 / s4:1→1, 4→1, 14→2, s1:14→1 / s2:2→1 / s3:4→1, 10→1, 14→1 / s4:1→1, s1:14→1 / s2:2→1 / s3:4→1, 10→1 / s4:1→1, s1:14→1 / s2:2→1 / s3:4→1, 14→1 / s4:1→1, s1:14→1 / s2:2→1 / s3:4→1, 14→2 / s4:1→1}"	"{s3:15→1 / s4:15→1, s3:15→1 / s4:15→1, s3:15→1 / s4:15→1, s3:15→1 / s4:15→1, s3:15→1 / s4:15→1, s3:15→1 / s4:15→1, s3:15→1 / s4:15→1, s3:15→1 / s4:15→1, s3:15→1 / s4:15→1, s3:15→1 / s4:15→1}"	"e7+e6+g2+su(2)+so(7)+2 su(2)"
14	119	20	150	1	3	0	0	0	0	0	0	"s1:14→1 / s2:2→1 / s3:1→1 / s4:4→1"	"s4:15→1"	"e7+e6+g2+su(2)+so(7)+2 su(2)"
14	119	20	156	2	2	0	0	0	0	0	0	"{s1:14→1 / s2:2→1 / s3:1→1 / s4:1→1, 4→1, s1:14→1 / s2:2→1 / s3:4→1 / s4:1→1}"	"{s3:15→1 / s4:15→1, s3:15→1 / s4:15→1}"	"e7+e6+g2+su(2)+so(7)+2 su(2)"
14	119	22	156	2	2	0	0	0	0	0	0	"s1:14→1 / s2:2→1 / s3:4→1, 10→1, 14→2 / s4:1→1"	"s3:15→1 / s4:15→1"	"e7+e6+g2+su(2)+so(7)+2 su(2)"
14	119	25	150	1	3	0	0	0	0	0	0	"s1:14→1 / s2:14→1 / s3:2→1 / s4:10→1"	"s4:16→1"	"e7+e6+g2+su(2)+so(7)+2 su(2)"
14	120	18	148	2	2	0	0	0	0	0	0	"s1:2→1 / s2:1→1"	"s3:14→1 / s4:14→1"	"e7+e6+su(3)+g2+su(2)+so(7)+2 su(2)"
14	120	18	154	3	1	0	0	0	0	0	0	"{s1:2→1 / s3:1→1 / s4:1→1, 4→1, 13→1, s1:2→1 / s3:1→1 / s4:1→1, 4→1, 13→1, s1:2→1 / s3:1→1 / s4:1→1, 4→1, 13→1, s1:2→1 / s4:1→3, 4→1, 13→1}"	"{s2:12→1 / s3:14→1 / s4:14→1, s2:14→1 / s3:12→1 / s4:14→1, s2:14→1 / s3:14→1 / s4:12→1, s2:14→1 / s3:14→1 / s4:12→1}"	"e7+e6+su(3)+g2+su(2)+so(7)+2 su(2)"
14	120	19	148	2	2	0	0	0	0	0	0	"{s1:2→1 / s2:1→1 / s4:4→1, s1:2→1 / s2:1→1 / s4:4→1, 13→1, s1:2→1 / s2:1→1 / s4:4→1, 13→1, s1:2→1 / s2:1→1 / s4:4→1, 13→2, s1:2→1 / s2:1→1 / s4:4→1, 13→2}"	"{s3:14→1 / s4:12→1, s3:14→1 / s4:12→1, s3:14→1 / s4:14→1, s3:14→1 / s4:12→1, s3:14→1 / s4:14→1}"	"e7+e6+su(3)+g2+su(2)+so(7)+2 su(2)"
14	120	19	154	3	1	0	0	0	0	0	0	"{s1:2→1 / s3:1→1, 13→1 / s4:1→1, s1:2→1 / s3:1→1 / s4:1→1, s1:2→1 / s3:1→1 / s4:1→1, 13→1, s1:2→1 / s3:1→1 / s4:1→1, 4→1, s1:2→1 / s3:4→1, 13→1 / s4:1→1, s1:2→1 / s3:4→1, 13→1 / s4:1→1, s1:2→1 / s3:4→1, 13→1 / s4:1→1, s1:2→1 / s4:1→1, s1:2→1 / s4:1→1, s1:2→1 / s4:1→1, 13→1, s1:2→1 / s4:1→1, 13→1, s1:2→1 / s4:1→1, 4→1, 13→1, s1:2→1 / s4:1→2, 13→1, s1:2→1 / s4:1→2, 13→1, s1:2→1 / s4:1→2, 4→1, 13→1, s1:2→1 / s4:1→3, 13→1, s1:2→1 / s4:1→4, 13→1, s1:2→1 / s4:4→1, 13→1, s1:2→1 / s4:4→1, 13→1}"	"{s2:14→1 / s3:14→1 / s4:12→1, s2:14→1 / s3:14→1 / s4:12→1, s2:14→1 / s3:14→1 / s4:12→1, s2:14→1 / s3:14→1 / s4:12→1, s2:12→1 / s3:14→1 / s4:14→1, s2:14→1 / s3:12→1 / s4:14→1, s2:14→1 / s3:14→1 / s4:12→1, s2:14→1 / s3:12→1 / s4:14→1, s2:14→1 / s3:14→1 / s4:12→1, s2:14→1 / s3:12→1 / s4:14→1, s2:14→1 / s3:14→1 / s4:12→1, s2:14→1 / s3:14→1 / s4:12→1, s2:14→1 / s3:12→1 / s4:14→1, s2:14→1 / s3:14→1 / s4:12→1, s2:14→1 / s3:14→1 / s4:12→1, s2:14→1 / s3:14→1 / s4:12→1, s2:14→1 / s3:14→1 / s4:12→1, s2:14→1 / s3:12→1 / s4:14→1, s2:14→1 / s3:14→1 / s4:12→1}"	"e7+e6+su(3)+g2+su(2)+so(7)+2 su(2)"
14	120	20	148	2	2	0	0	0	0	0	0	"s1:2→1 / s2:1→1 / s4:4→1"	"s3:14→1 / s4:14→1"	"e7+e6+su(3)+g2+su(2)+so(7)+2 su(2)"
14	120	20	154	3	1	0	0	0	0	0	0	"{s1:2→1, s1:2→1 / s3:1→1 / s4:1→1, 13→1}"	"{s2:14→1 / s3:14→1 / s4:12→1, s2:12→1 / s3:14→1 / s4:14→1}"	"e7+e6+su(3)+g2+su(2)+so(7)+2 su(2)"
14	120	21	154	3	1	0	0	0	0	0	0	"s1:2→1 / s4:13→1"	"s2:14→1 / s3:14→1 / s4:12→1"	"e7+e6+su(3)+g2+su(2)+so(7)+2 su(2)"
14	120	22	154	3	1	0	0	0	0	0	0	"s1:2→1 / s3:13→1"	"s2:14→1 / s3:14→1 / s4:12→1"	"e7+e6+su(3)+g2+su(2)+so(7)+2 su(2)"
14	120	34	148	2	2	0	0	0	0	0	0	"s1:2→1 / s2:1→1 / s4:4→1, 13→2"	"s3:12→1 / s4:14→1"	"e7+e6+su(3)+g2+su(2)+so(7)+2 su(2)"
14	121	19	155	2	2	0	0	0	0	0	0	"{s1:14→1 / s2:2→1 / s3:1→1 / s4:1→1, s1:14→1 / s2:2→1 / s3:1→1 / s4:1→1, 14→1}"	"{s3:15→1 / s4:15→1, s3:15→1 / s4:15→1}"	"2 e6+f5+3 su(3)"
14	121	20	155	2	2	0	0	0	0	0	0	"s1:14→1 / s2:2→1 / s3:1→1, 14→1 / s4:1→1, 14→1"	"s3:15→1 / s4:15→1"	"2 e6+f5+3 su(3)"
14	121	22	142	0	4	0	0	0	0	0	0	"s1:14→1 / s2:14→1 / s3:2→1 / s4:1→1, 14→1"	""	"2 e6+f5+3 su(3)"
14	121	22	155	2	2	0	0	0	0	0	0	"s1:14→1 / s2:2→1 / s3:1→1, 14→1 / s4:1→1, 14→2"	"s3:15→1 / s4:15→1"	"2 e6+f5+3 su(3)"
14	121	23	149	1	3	0	0	0	0	0	0	"s1:14→1 / s2:14→1 / s3:2→1 / s4:1→1, 14→1"	"s4:15→1"	"2 e6+f5+3 su(3)"
14	121	37	149	1	3	0	0	0	0	0	0	"s1:14→1 / s2:14→1 / s3:2→1 / s4:1→2, 14→1"	"s4:15→1"	"2 e6+f5+3 su(3)"
14	121	53	142	0	4	0	0	0	0	0	0	"s1:14→1 / s2:14→1 / s3:14→1 / s4:2→1"	""	"2 e6+f5+3 su(3)"
14	130	18	156	2	2	0	0	0	0	0	0	"s1:14→1 / s4:3→1"	"s2:1→1 / s3:13→1 / s4:15→1"	"2 e7'+g2+su(2)+so(7)+2 su(2)"
14	130	19	156	2	2	0	0	0	0	0	0	"s1:14→1 / s4:3→1, 14→1"	"s2:1→1 / s3:13→1 / s4:15→1"	"2 e7'+g2+su(2)+so(7)+2 su(2)"
14	130	19	163	3	1	0	0	0	0	0	0	"s1:14→1 / s3:3→1 / s4:2→1, 14→1"	"s2:13→1 / s3:15→1 / s4:15→1"	"2 e7'+g2+su(2)+so(7)+2 su(2)"
14	130	22	156	2	2	0	0	0	0	0	0	"s1:14→1 / s4:3→1, 14→2"	"s2:1→1 / s3:13→1 / s4:15→1"	"2 e7'+g2+su(2)+so(7)+2 su(2)"
14	130	24	149	1	3	0	0	0	0	0	0	"s1:14→1 / s2:14→1"	"s3:1→1 / s4:13→1"	"2 e7'+g2+su(2)+so(7)+2 su(2)"
14	133	18	156	2	2	0	0	0	0	0	0	"{s1:14→1 / s3:4→1 / s4:3→1, 10→1, 14→1, s1:14→1 / s3:4→1 / s4:3→1, 10→1, 14→2, s1:14→1 / s3:4→1 / s4:3→1, 10→1, 14→3}"	"{s2:1→1 / s3:15→1 / s4:15→1, s2:1→1 / s3:15→1 / s4:15→1, s2:1→1 / s3:15→1 / s4:15→1}"	"e7+e6+su(3)+so(7)+2 su(2)"
14	133	19	156	2	2	0	0	0	0	0	0	"{s1:14→1 / s3:4→1 / s4:3→1, 14→1, s1:14→1 / s3:4→1 / s4:3→1, 14→2}"	"{s2:1→1 / s3:15→1 / s4:15→1, s2:1→1 / s3:15→1 / s4:15→1}"	"e7+e6+su(3)+so(7)+2 su(2)"
14	133	20	156	2	2	0	0	0	0	0	0	"s1:14→1 / s3:4→1 / s4:3→1, 10→1"	"s2:1→1 / s3:15→1 / s4:15→1"	"e7+e6+su(3)+so(7)+2 su(2)"
14	133	23	150	1	3	0	0	0	0	0	0	"{s1:14→1 / s2:14→1 / s4:10→1, 14→1, s1:14→1 / s2:14→1 / s4:4→1, 14→1}"	"{s3:1→1 / s4:16→1, s3:1→1 / s4:16→1}"	"e7+e6+su(3)+so(7)+2 su(2)"
14	133	57	143	0	4	0	0	0	0	0	0	"s1:14→1 / s2:14→1 / s3:14→1"	"s4:1→1"	"e7+e6+su(3)+so(7)+2 su(2)"
14	136	18	154	3	1	0	0	0	0	0	0	"s1:14→1 / s3:3→1 / s4:3→1, 5→1, 14→1"	"s2:13→1 / s3:15→1 / s4:15→1"	"e7+e6+su(3)+g2+su(2)+so(7)+2 su(2)"
14	136	19	154	3	1	0	0	0	0	0	0	"s1:14→1 / s3:5→1, 14→1 / s4:3→1"	"s2:13→1 / s3:15→1 / s4:15→1"	"e7+e6+su(3)+g2+su(2)+so(7)+2 su(2)"
14	136	20	154	3	1	0	0	0	0	0	0	"s1:14→1 / s3:3→1 / s4:3→1, 14→1"	"s2:13→1 / s3:15→1 / s4:15→1"	"e7+e6+su(3)+g2+su(2)+so(7)+2 su(2)"
14	136	34	148	2	2	0	0	0	0	0	0	"s1:14→1 / s2:3→1 / s4:5→1, 14→2"	"s3:13→1 / s4:15→1"	"e7+e6+su(3)+g2+su(2)+so(7)+2 su(2)"
14	142	20	126	2	1	0	0	1	0	0	0	"s1:1→1 / s2:13→1"	"s3:14→1 / s4:14→1"	"2 e6+3 su(3)+so(7)+2 su(2)"
14	142	21	99	2	1	0	0	0	1	0	0	"s1:1→1 / s2:13→1"	"s3:14→1 / s4:14→1"	"2 e6+3 su(3)+so(7)+2 su(2)"
14	142	22	71	2	1	0	0	0	0	1	0	"s1:1→1 / s2:13→1"	"s3:14→1 / s4:14→1"	"2 e6+3 su(3)+so(7)+2 su(2)"
14	142	22	152	2	1	0	1	0	0	0	0	"s1:1→1 / s2:13→1"	"s3:14→1 / s4:14→1"	"2 e6+3 su(3)+so(7)+2 su(2)"
14	143	18	169	1	3	0	0	0	0	0	0	"s1:14→1 / s2:1→1 / s3:1→1, 14→1 / s4:1→1"	"s4:13→1"	"e7'+e6+su(3)+g2+su(2)+so(7)+2 su(2)"
14	143	18	176	2	2	0	0	0	0	0	0	"{s1:14→1 / s2:1→1 / s3:1→1, 14→1 / s4:1→1, s1:14→1 / s2:1→1 / s3:1→1, 14→1 / s4:1→2, 14→1, s1:14→1 / s2:1→1 / s3:1→1, 14→1 / s4:1→2, 14→2, s1:14→1 / s2:1→1 / s3:1→1, 14→1 / s4:1→3, 14→2, s1:14→1 / s2:1→1 / s3:1→1 / s4:1→1, 5→1, 14→1, s1:14→1 / s2:1→1 / s3:1→1 / s4:1→2, 14→2, s1:14→1 / s2:1→1 / s3:1→1 / s4:1→2, 5→1, 14→1, s1:14→1 / s2:1→1 / s3:1→1 / s4:1→2, 5→1, 14→2, s1:14→1 / s2:1→1 / s3:1→1 / s4:1→3, 14→2, s1:14→1 / s2:1→1 / s3:1→2, 14→2 / s4:1→2, 14→1, s1:1→1 / s2:1→1, 14→1 / s3:14→1, s1:1→1 / s2:1→1, 14→1 / s3:14→1 / s4:14→1, s1:1→1 / s2:1→1, 14→1 / s3:14→1 / s4:1→1, 14→1, s1:1→1 / s2:1→1, 14→1 / s4:1→1, 14→2, s1:1→1 / s2:1→1, 14→1 / s4:1→1, 14→2, s1:1→1 / s2:1→1, 14→1 / s4:1→1, 5→1, 14→1, s1:1→1 / s2:1→1, 14→1 / s4:1→1, 5→1, 14→1, s1:1→1 / s2:1→1, 14→1 / s4:1→1, 5→1, 14→2, s1:1→1 / s2:1→1, 14→1 / s4:1→1, 5→1, 14→2, s1:1→1 / s2:1→1, 14→1 / s4:1→1, 5→1, 14→3}"	"{s3:16→1 / s4:13→1, s3:16→1 / s4:13→1, s3:16→1 / s4:16→1, s3:16→1 / s4:13→1, s3:13→1 / s4:16→1, s3:13→1 / s4:16→1, s3:13→1 / s4:15→1, s3:13→1 / s4:16→1, s3:13→1 / s4:15→1, s3:16→1 / s4:13→1, s3:15→1 / s4:13→1, s3:15→1 / s4:15→1, s3:15→1 / s4:13→1, s3:13→1 / s4:15→1, s3:13→1 / s4:16→1, s3:13→1 / s4:15→1, s3:13→1 / s4:16→1, s3:13→1 / s4:15→1, s3:13→1 / s4:16→1, s3:13→1 / s4:15→1}"	"e7'+e6+su(3)+g2+su(2)+so(7)+2 su(2)"
14	143	18	177	2	2	0	0	0	0	0	0	"s1:14→1 / s2:1→1 / s3:1→1, 14→1 / s4:1→1, 14→1"	"s3:16→1 / s4:15→1"	"e7'+e6+su(3)+g2+su(2)+so(7)+2 su(2)"
14	143	18	182	3	1	0	0	0	0	0	0	"{s1:14→1 / s2:1→1 / s3:1→1, 14→1 / s4:1→1, s1:14→1 / s2:1→1 / s3:1→1 / s4:1→1, s1:14→1 / s2:1→1 / s3:1→1 / s4:1→2, 14→1, s1:14→1 / s2:1→1 / s3:1→1 / s4:1→2, 5→1, 14→1, s1:14→1 / s2:1→1 / s3:1→1 / s4:1→3, 5→1, 14→1, s1:1→1 / s2:14→1 / s3:14→1 / s4:1→1, 14→1, s1:1→1 / s2:14→1 / s3:1→1, 14→1 / s4:1→2, 14→2, s1:1→1 / s2:14→1 / s3:1→1, 14→1 / s4:1→2, 14→3, s1:1→1 / s2:14→1 / s3:1→1, 14→2 / s4:1→1, 14→1, s1:1→1 / s2:14→1 / s3:1→1, 14→2 / s4:1→2, 14→2, s1:1→1 / s2:14→1 / s3:1→1, 14→2 / s4:1→2, 14→3, s1:1→1 / s2:14→1 / s4:1→1, 14→2, s1:1→1 / s2:14→1 / s4:1→1, 5→1, 14→3, s1:1→1 / s2:14→1 / s4:1→2, 14→3, s1:1→1 / s2:14→1 / s4:5→1, 14→2, s1:1→1 / s3:1→1, 14→2 / s4:1→1, 14→2, s1:1→1 / s3:1→1, 14→2 / s4:1→2, 14→3}"	"{s2:15→1 / s3:15→1 / s4:13→1, s2:15→1 / s3:15→1 / s4:13→1, s2:15→1 / s3:13→1 / s4:15→1, s2:15→1 / s3:13→1 / s4:15→1, s2:15→1 / s3:13→1 / s4:15→1, s2:15→1 / s3:15→1 / s4:13→1, s2:15→1 / s3:15→1 / s4:13→1, s2:15→1 / s3:13→1 / s4:15→1, s2:15→1 / s3:15→1 / s4:13→1, s2:15→1 / s3:15→1 / s4:13→1, s2:15→1 / s3:15→1 / s4:13→1, s2:15→1 / s3:13→1 / s4:15→1, s2:15→1 / s3:13→1 / s4:15→1, s2:15→1 / s3:13→1 / s4:15→1, s2:15→1 / s3:13→1 / s4:15→1, s2:13→1 / s3:15→1 / s4:15→1, s2:13→1 / s3:15→1 / s4:15→1}"	"e7'+e6+su(3)+g2+su(2)+so(7)+2 su(2)"
14	143	19	132	2	1	0	1	0	0	0	0	"{s1:1→1 / s2:14→1 / s4:5→1, 14→1, s1:1→1 / s2:14→1 / s4:5→1, 14→2}"	"{s3:13→1 / s4:16→1, s3:13→1 / s4:16→1}"	"e7'+e6+su(3)+g2+su(2)+so(7)+2 su(2)"
14	143	19	149	1	2	1	0	0	0	0	0	"s1:1→1 / s2:14→1 / s3:1→1, 14→1"	"s4:13→1"	"e7'+e6+su(3)+g2+su(2)+so(7)+2 su(2)"
14	143	19	156	2	1	1	0	0	0	0	0	"{s1:1→1 / s2:14→1 / s3:1→1, 14→1 / s4:1→1, s1:1→1 / s2:14→1 / s4:1→1, 14→1, s1:1→1 / s2:14→1 / s4:1→1, 14→2, s1:1→1 / s2:14→1 / s4:1→1, 5→1, 14→2, s1:1→1 / s2:14→1 / s4:1→2, 14→2, s1:1→1 / s2:14→1 / s4:5→1, 14→1, s1:1→1 / s2:14→1 / s4:5→1, 14→2}"	"{s3:16→1 / s4:13→1, s3:13→1 / s4:16→1, s3:13→1 / s4:16→1, s3:13→1 / s4:16→1, s3:13→1 / s4:16→1, s3:13→1 / s4:16→1, s3:13→1 / s4:16→1}"	"e7'+e6+su(3)+g2+su(2)+so(7)+2 su(2)"
14	143	19	169	1	3	0	0	0	0	0	0	"s1:1→1 / s2:1→1, 14→1 / s3:1→1, 14→1"	"s4:13→1"	"e7'+e6+su(3)+g2+su(2)+so(7)+2 su(2)"
14	143	19	170	1	3	0	0	0	0	0	0	"s1:14→1 / s2:1→1 / s3:1→1, 14→1 / s4:1→1, 14→1"	"s4:16→1"	"e7'+e6+su(3)+g2+su(2)+so(7)+2 su(2)"
14	143	19	176	2	2	0	0	0	0	0	0	"{s1:14→1 / s2:1→1 / s3:1→1, 14→1 / s4:1→1, 14→1, s1:14→1 / s2:1→1 / s3:1→1, 14→1 / s4:1→2, 5→1, 14→2, s1:14→1 / s2:1→1 / s3:1→1, 14→2 / s4:1→1, 14→1, s1:14→1 / s2:1→1 / s3:1→1, 14→2 / s4:1→1, 14→2, s1:14→1 / s2:1→1 / s3:1→1 / s4:1→2, 14→1, s1:14→1 / s2:1→1 / s3:1→1 / s4:1→3, 14→2, s1:14→1 / s2:1→1 / s3:1→1 / s4:1→3, 5→1, 14→1, s1:1→1 / s2:1→1, 14→1 / s3:14→1 / s4:1→1, s1:1→1 / s2:1→1, 14→1 / s4:1→1, 14→1, s1:1→1 / s2:1→1, 14→2 / s3:14→1, s1:1→1 / s2:1→1, 14→2 / s3:14→1 / s4:14→1}"	"{s3:16→1 / s4:16→1, s3:16→1 / s4:16→1, s3:16→1 / s4:13→1, s3:16→1 / s4:16→1, s3:13→1 / s4:15→1, s3:13→1 / s4:16→1, s3:13→1 / s4:15→1, s3:15→1 / s4:13→1, s3:13→1 / s4:16→1, s3:15→1 / s4:13→1, s3:15→1 / s4:15→1}"	"e7'+e6+su(3)+g2+su(2)+so(7)+2 su(2)"
14	143	19	177	2	2	0	0	0	0	0	0	"s1:14→1 / s2:1→1 / s3:1→1, 14→1 / s4:1→2, 14→1"	"s3:16→1 / s4:15→1"	"e7'+e6+su(3)+g2+su(2)+so(7)+2 su(2)"
14	143	20	106	2	1	0	0	1	0	0	0	"{s1:1→1 / s2:14→1 / s4:5→1, 14→1, s1:1→1 / s2:14→1 / s4:5→1, 14→2}"	"{s3:13→1 / s4:16→1, s3:13→1 / s4:16→1}"	"e7'+e6+su(3)+g2+su(2)+so(7)+2 su(2)"
14	143	20	176	2	2	0	0	0	0	0	0	"{s1:14→1 / s2:1→1 / s3:1→1, 14→1 / s4:1→3, 14→1, s1:14→1 / s2:1→1 / s3:1→1 / s4:1→2, 5→1, 14→1, s1:1→1 / s2:1→1, 14→1 / s4:1→1, 14→1}"	"{s3:16→1 / s4:13→1, s3:13→1 / s4:16→1, s3:13→1 / s4:15→1}"	"e7'+e6+su(3)+g2+su(2)+so(7)+2 su(2)"
14	143	21	99	1	2	0	0	1	0	0	0	"s1:1→1 / s2:14→1 / s3:14→1"	"s4:13→1"	"e7'+e6+su(3)+g2+su(2)+so(7)+2 su(2)"
14	143	21	106	2	1	0	0	1	0	0	0	"s1:1→1 / s2:14→1 / s3:14→1"	"s3:16→1 / s4:13→1"	"e7'+e6+su(3)+g2+su(2)+so(7)+2 su(2)"
14	143	21	125	1	2	0	1	0	0	0	0	"s1:1→1 / s2:14→1 / s3:14→1"	"s4:13→1"	"e7'+e6+su(3)+g2+su(2)+so(7)+2 su(2)"
14	143	21	126	1	2	0	1	0	0	0	0	"s1:14→1 / s2:1→1 / s3:1→1 / s4:1→1, 5→1"	"s4:17→1"	"e7'+e6+su(3)+g2+su(2)+so(7)+2 su(2)"
14	143	22	149	1	2	1	0	0	0	0	0	"{s1:14→1 / s2:1→1 / s3:1→1 / s4:1→3, 5→1, s1:14→1 / s2:1→1 / s3:1→1 / s4:1→4, 5→1}"	"{s4:13→1, s4:13→1}"	"e7'+e6+su(3)+g2+su(2)+so(7)+2 su(2)"
14	143	22	156	2	1	1	0	0	0	0	0	"s1:1→1 / s2:14→1 / s3:1→1 / s4:1→1"	"s3:16→1 / s4:13→1"	"e7'+e6+su(3)+g2+su(2)+so(7)+2 su(2)"
14	143	23	119	0	3	0	1	0	0	0	0	"s1:14→1 / s2:1→1 / s3:1→1 / s4:1→1"	""	"e7'+e6+su(3)+g2+su(2)+so(7)+2 su(2)"
14	143	23	132	2	1	0	1	0	0	0	0	"s1:1→1 / s2:14→1 / s3:14→1"	"s3:16→1 / s4:13→1"	"e7'+e6+su(3)+g2+su(2)+so(7)+2 su(2)"
14	143	23	149	1	2	1	0	0	0	0	0	"s1:14→1 / s2:1→1 / s3:1→1 / s4:1→2"	"s4:13→1"	"e7'+e6+su(3)+g2+su(2)+so(7)+2 su(2)"
14	143	23	150	1	2	1	0	0	0	0	0	"s1:14→1 / s2:1→1 / s3:1→1 / s4:1→1, 5→1"	"s4:17→1"	"e7'+e6+su(3)+g2+su(2)+so(7)+2 su(2)"
14	143	24	106	2	1	0	0	1	0	0	0	"s1:1→1 / s2:14→1 / s3:14→2"	"s3:16→1 / s4:13→1"	"e7'+e6+su(3)+g2+su(2)+so(7)+2 su(2)"
14	143	24	149	1	2	1	0	0	0	0	0	"{s1:14→1 / s2:1→1 / s3:1→1 / s4:1→1, s1:1→1 / s2:14→1 / s3:14→1}"	"{s4:13→1, s4:13→1}"	"e7'+e6+su(3)+g2+su(2)+so(7)+2 su(2)"
14	143	25	126	1	2	0	1	0	0	0	0	"s1:14→1 / s2:1→1 / s3:1→1 / s4:1→1"	"s4:17→1"	"e7'+e6+su(3)+g2+su(2)+so(7)+2 su(2)"
14	143	26	149	1	2	1	0	0	0	0	0	"s1:14→1 / s2:1→1 / s3:1→1 / s4:1→3"	"s4:13→1"	"e7'+e6+su(3)+g2+su(2)+so(7)+2 su(2)"
14	143	28	132	2	1	0	1	0	0	0	0	"s1:14→1 / s2:1→1 / s3:1→1 / s4:1→1"	"s3:16→1 / s4:16→1"	"e7'+e6+su(3)+g2+su(2)+so(7)+2 su(2)"
14	143	29	149	1	2	1	0	0	0	0	0	"s1:14→1 / s2:1→1 / s3:1→1 / s4:1→2, 5→1"	"s4:13→1"	"e7'+e6+su(3)+g2+su(2)+so(7)+2 su(2)"
14	143	32	149	1	2	1	0	0	0	0	0	"s1:14→1 / s2:1→1 / s3:1→1 / s4:1→4"	"s4:13→1"	"e7'+e6+su(3)+g2+su(2)+so(7)+2 su(2)"
14	143	32	156	2	1	1	0	0	0	0	0	"s1:1→1 / s2:14→1 / s3:1→1 / s4:1→1"	"s3:16→1 / s4:16→1"	"e7'+e6+su(3)+g2+su(2)+so(7)+2 su(2)"
14	143	33	132	2	1	0	1	0	0	0	0	"s1:14→1 / s2:1→1 / s3:1→1 / s4:1→2"	"s3:16→1 / s4:16→1"	"e7'+e6+su(3)+g2+su(2)+so(7)+2 su(2)"
14	143	35	150	1	2	1	0	0	0	0	0	"s1:14→1 / s2:1→1 / s3:1→1 / s4:1→1, 14→1"	"s4:17→1"	"e7'+e6+su(3)+g2+su(2)+so(7)+2 su(2)"
14	143	55	132	2	1	0	1	0	0	0	0	"s1:1→1 / s2:14→1 / s3:14→2"	"s3:16→1 / s4:13→1"	"e7'+e6+su(3)+g2+su(2)+so(7)+2 su(2)"
14	143	55	143	0	3	1	0	0	0	0	0	"s1:14→1 / s2:1→1 / s3:1→1 / s4:1→1"	""	"e7'+e6+su(3)+g2+su(2)+so(7)+2 su(2)"
14	145	52	141	0	4	0	0	0	0	0	0	"s2:1→1 / s3:1→1 / s4:1→1"	"s1:14→1"	"2 e6+f5+3 su(3)"
14	147	19	155	2	2	0	0	0	0	0	0	"s1:14→1 / s2:1→1 / s3:1→1 / s4:1→4, 9→1"	"s3:15→1 / s4:16→1"	"2 e6+f5+2 su(3)+g2+su(2)"
14	147	21	155	2	2	0	0	0	0	0	0	"s1:14→1 / s2:1→1 / s3:1→1 / s4:1→3, 9→1"	"s3:15→1 / s4:16→1"	"2 e6+f5+2 su(3)+g2+su(2)"
14	147	23	148	1	3	0	0	0	0	0	0	"s1:14→1 / s2:1→1 / s3:1→1 / s4:1→4, 9→1"	"s4:15→1"	"2 e6+f5+2 su(3)+g2+su(2)"
14	147	25	148	1	3	0	0	0	0	0	0	"s1:14→1 / s2:1→1 / s3:1→1 / s4:1→1"	"s4:15→1"	"2 e6+f5+2 su(3)+g2+su(2)"
14	147	42	148	1	3	0	0	0	0	0	0	"s1:14→1 / s2:1→1 / s3:1→1 / s4:1→2"	"s4:15→1"	"2 e6+f5+2 su(3)+g2+su(2)"
14	147	46	141	0	4	0	0	0	0	0	0	"s1:14→1 / s2:1→1 / s3:1→1 / s4:1→1"	""	"2 e6+f5+2 su(3)+g2+su(2)"
14	147	61	148	1	3	0	0	0	0	0	0	"s1:14→1 / s2:1→1 / s3:1→1 / s4:1→3, 9→1"	"s4:15→1"	"2 e6+f5+2 su(3)+g2+su(2)"
14	149	18	159	2	1	0	1	0	0	0	0	"s1:14→1 / s2:1→1 / s3:4→1, 14→1"	"s3:16→1 / s4:2→1"	"2 e6+su(3)+g2+su(2)+so(7)+2 su(2)"
14	149	18	183	2	1	1	0	0	0	0	0	"{s1:1→1 / s2:14→1 / s3:4→1, 10→1, 14→2 / s4:14→1, s1:1→1 / s2:14→1 / s3:4→1, 10→1, 14→3 / s4:14→1, s1:1→1 / s2:14→1 / s3:4→1, 14→2 / s4:14→1}"	"{s3:16→1 / s4:2→1, s3:16→1 / s4:2→1, s3:16→1 / s4:2→1}"	"2 e6+su(3)+g2+su(2)+so(7)+2 su(2)"
14	149	19	133	2	1	0	0	1	0	0	0	"{s1:14→1 / s2:1→1 / s3:4→1, 14→1, s1:14→1 / s2:1→1 / s4:1→1, 4→1, 10→1, s1:14→1 / s2:1→1 / s4:1→1, 4→1, 10→1, 14→1, s1:14→1 / s2:1→1 / s4:1→1, 4→1, 14→1, s1:14→1 / s2:1→1 / s4:1→2, 10→1, s1:14→1 / s2:1→1 / s4:1→2, 4→1, 10→1, s1:14→1 / s2:1→1 / s4:1→2, 4→1, 14→1}"	"{s3:16→1 / s4:2→1, s3:2→1 / s4:16→1, s3:2→1 / s4:16→1, s3:2→1 / s4:16→1, s3:2→1 / s4:16→1, s3:2→1 / s4:16→1, s3:2→1 / s4:16→1}"	"2 e6+su(3)+g2+su(2)+so(7)+2 su(2)"
14	149	19	159	2	1	0	1	0	0	0	0	"{s1:14→1 / s2:1→1 / s4:1→1, 4→1, 10→1, s1:14→1 / s2:1→1 / s4:1→1, 4→1, 14→1, s1:14→1 / s2:1→1 / s4:1→2, 10→1, s1:14→1 / s2:1→1 / s4:1→2, 14→1, s1:14→1 / s2:1→1 / s4:1→2, 4→1, 10→1, s1:14→1 / s2:1→1 / s4:1→2, 4→1, 10→1, 14→1, s1:14→1 / s2:1→1 / s4:1→2, 4→1, 14→1, s1:14→1 / s2:1→1 / s4:1→2, 4→1, 14→2}"	"{s3:2→1 / s4:16→1, s3:2→1 / s4:16→1, s3:2→1 / s4:16→1, s3:2→1 / s4:16→1, s3:2→1 / s4:16→1, s3:2→1 / s4:16→1, s3:2→1 / s4:16→1, s3:2→1 / s4:16→1}"	"2 e6+su(3)+g2+su(2)+so(7)+2 su(2)"
14	149	19	176	1	2	1	0	0	0	0	0	"s1:14→1 / s2:1→1 / s3:1→1, 14→1 / s4:14→1"	"s4:2→1"	"2 e6+su(3)+g2+su(2)+so(7)+2 su(2)"
14	149	20	106	2	1	0	0	0	1	0	0	"{s1:14→1 / s2:1→1 / s3:4→1, s1:14→1 / s2:1→1 / s4:1→1, 4→1, s1:14→1 / s2:1→1 / s4:1→1, 4→1, 10→1, s1:14→1 / s2:1→1 / s4:1→2, 10→1}"	"{s3:16→1 / s4:2→1, s3:2→1 / s4:16→1, s3:2→1 / s4:16→1, s3:2→1 / s4:16→1}"	"2 e6+su(3)+g2+su(2)+so(7)+2 su(2)"
14	149	20	126	1	2	0	0	1	0	0	0	"s1:14→1 / s2:1→1 / s3:1→1 / s4:4→1"	"s4:2→1"	"2 e6+su(3)+g2+su(2)+so(7)+2 su(2)"
14	149	20	127	1	2	0	0	1	0	0	0	"s1:14→1 / s2:1→1 / s3:1→1 / s4:4→1"	"s4:17→1"	"2 e6+su(3)+g2+su(2)+so(7)+2 su(2)"
14	149	20	133	2	1	0	0	1	0	0	0	"{s1:14→1 / s2:1→1 / s3:4→1, s1:14→1 / s2:1→1 / s3:4→1, 10→1, s1:14→1 / s2:1→1 / s4:1→1, 10→1, s1:14→1 / s2:1→1 / s4:1→1, 14→1, s1:14→1 / s2:1→1 / s4:1→1, 4→1, s1:14→1 / s2:1→1 / s4:1→2, 14→1, s1:14→1 / s2:1→1 / s4:1→2, 4→1}"	"{s3:16→1 / s4:2→1, s3:16→1 / s4:2→1, s3:2→1 / s4:16→1, s3:2→1 / s4:16→1, s3:2→1 / s4:16→1, s3:2→1 / s4:16→1, s3:2→1 / s4:16→1}"	"2 e6+su(3)+g2+su(2)+so(7)+2 su(2)"
14	149	20	159	2	1	0	1	0	0	0	0	"s1:14→1 / s2:1→1 / s3:4→1"	"s3:16→1 / s4:2→1"	"2 e6+su(3)+g2+su(2)+so(7)+2 su(2)"
14	149	21	78	2	1	0	0	0	0	1	0	"{s1:14→1 / s2:1→1 / s3:4→1, s1:14→1 / s2:1→1 / s4:1→1, 4→1, s1:14→1 / s2:1→1 / s4:1→1, 4→1, 10→1, s1:14→1 / s2:1→1 / s4:1→2, 10→1, s1:14→1 / s2:1→1 / s4:1→2, 4→1}"	"{s3:16→1 / s4:2→1, s3:2→1 / s4:16→1, s3:2→1 / s4:16→1, s3:2→1 / s4:16→1, s3:2→1 / s4:16→1}"	"2 e6+su(3)+g2+su(2)+so(7)+2 su(2)"
14	149	21	99	1	2	0	0	0	1	0	0	"{s1:14→1 / s2:1→1 / s3:1→1, s1:14→1 / s2:1→1 / s3:1→1 / s4:4→1}"	"{s4:2→1, s4:2→1}"	"2 e6+su(3)+g2+su(2)+so(7)+2 su(2)"
14	149	21	100	1	2	0	0	0	1	0	0	"s1:14→1 / s2:1→1 / s3:1→1 / s4:4→1"	"s4:17→1"	"2 e6+su(3)+g2+su(2)+so(7)+2 su(2)"
14	149	21	106	2	1	0	0	0	1	0	0	"{s1:14→1 / s2:1→1 / s3:4→1, 10→1, s1:14→1 / s2:1→1 / s4:1→1, s1:14→1 / s2:1→1 / s4:1→1, 10→1, s1:14→1 / s2:1→1 / s4:1→2, 4→1}"	"{s3:16→1 / s4:2→1, s3:2→1 / s4:16→1, s3:2→1 / s4:16→1, s3:2→1 / s4:16→1}"	"2 e6+su(3)+g2+su(2)+so(7)+2 su(2)"
14	149	21	126	1	2	0	0	1	0	0	0	"s1:14→1 / s2:1→1 / s3:1→1"	"s4:2→1"	"2 e6+su(3)+g2+su(2)+so(7)+2 su(2)"
14	149	21	159	2	1	0	1	0	0	0	0	"s1:14→1 / s2:1→1 / s4:1→1, 4→1"	"s3:2→1 / s4:16→1"	"2 e6+su(3)+g2+su(2)+so(7)+2 su(2)"
14	149	22	71	1	2	0	0	0	0	1	0	"{s1:14→1 / s2:1→1 / s3:1→1, s1:14→1 / s2:1→1 / s3:1→1 / s4:4→1}"	"{s4:2→1, s4:2→1}"	"2 e6+su(3)+g2+su(2)+so(7)+2 su(2)"
14	149	22	72	1	2	0	0	0	0	1	0	"s1:14→1 / s2:1→1 / s3:1→1 / s4:4→1"	"s4:17→1"	"2 e6+su(3)+g2+su(2)+so(7)+2 su(2)"
14	149	22	78	2	1	0	0	0	0	1	0	"{s1:14→1 / s2:1→1 / s3:4→1, 10→1, s1:14→1 / s2:1→1 / s4:1→1, s1:14→1 / s2:1→1 / s4:1→1, 10→1}"	"{s3:16→1 / s4:2→1, s3:2→1 / s4:16→1, s3:2→1 / s4:16→1}"	"2 e6+su(3)+g2+su(2)+so(7)+2 su(2)"
14	149	22	152	1	2	0	1	0	0	0	0	"s1:14→1 / s2:1→1 / s3:1→1 / s4:4→1"	"s4:2→1"	"2 e6+su(3)+g2+su(2)+so(7)+2 su(2)"
14	149	22	153	1	2	0	1	0	0	0	0	"{s1:14→1 / s2:1→1 / s3:1→1 / s4:4→1, s1:1→1 / s2:14→1 / s3:14→1 / s4:10→1, 14→2, s1:1→1 / s2:14→1 / s3:14→1 / s4:4→1, 14→4}"	"{s4:17→1, s4:17→1, s4:17→1}"	"2 e6+su(3)+g2+su(2)+so(7)+2 su(2)"
14	149	23	78	2	1	0	0	0	0	1	0	"s1:14→1 / s2:1→1 / s4:1→2"	"s3:2→1 / s4:16→1"	"2 e6+su(3)+g2+su(2)+so(7)+2 su(2)"
14	149	23	133	2	1	0	0	1	0	0	0	"s1:14→1 / s2:1→1 / s4:1→1"	"s3:2→1 / s4:16→1"	"2 e6+su(3)+g2+su(2)+so(7)+2 su(2)"
14	149	23	153	1	2	0	1	0	0	0	0	"s1:1→1 / s2:14→1 / s3:14→1 / s4:10→1, 14→3"	"s4:17→1"	"2 e6+su(3)+g2+su(2)+so(7)+2 su(2)"
14	149	23	159	2	1	0	1	0	0	0	0	"s1:14→1 / s2:1→1 / s4:1→2, 4→1"	"s3:2→1 / s4:16→1"	"2 e6+su(3)+g2+su(2)+so(7)+2 su(2)"
14	149	24	106	2	1	0	0	0	1	0	0	"s1:14→1 / s2:1→1 / s4:1→2"	"s3:2→1 / s4:16→1"	"2 e6+su(3)+g2+su(2)+so(7)+2 su(2)"
14	149	24	152	1	2	0	1	0	0	0	0	"s1:14→1 / s2:1→1 / s3:1→1"	"s4:2→1"	"2 e6+su(3)+g2+su(2)+so(7)+2 su(2)"
14	149	24	153	1	2	0	1	0	0	0	0	"s1:1→1 / s2:14→1 / s3:14→1 / s4:10→1, 14→4"	"s4:17→1"	"2 e6+su(3)+g2+su(2)+so(7)+2 su(2)"
14	149	28	153	1	2	0	1	0	0	0	0	"s1:1→1 / s2:14→1 / s3:14→1 / s4:10→1, 14→1"	"s4:17→1"	"2 e6+su(3)+g2+su(2)+so(7)+2 su(2)"
14	149	40	133	2	1	0	0	1	0	0	0	"s1:14→1 / s2:1→1 / s4:1→2, 10→1, 14→1"	"s3:2→1 / s4:16→1"	"2 e6+su(3)+g2+su(2)+so(7)+2 su(2)"
14	149	41	153	1	2	0	1	0	0	0	0	"s1:1→1 / s2:14→1 / s3:14→1 / s4:4→1, 14→3"	"s4:17→1"	"2 e6+su(3)+g2+su(2)+so(7)+2 su(2)"
14	149	46	146	0	3	0	1	0	0	0	0	"s1:1→1 / s2:14→1 / s3:14→1 / s4:14→1"	""	"2 e6+su(3)+g2+su(2)+so(7)+2 su(2)"
14	149	59	133	2	1	0	0	1	0	0	0	"s1:14→1 / s2:1→1 / s4:1→2"	"s3:2→1 / s4:16→1"	"2 e6+su(3)+g2+su(2)+so(7)+2 su(2)"
14	150	19	156	2	2	0	0	0	0	0	0	"s2:1→1 / s4:1→2, 12→1"	"s1:14→1 / s3:2→1 / s4:16→1"	"2 e7'+g2+su(2)+so(7)+2 su(2)"
14	150	24	149	1	3	0	0	0	0	0	0	"s2:1→1 / s3:1→1"	"s1:14→1 / s4:2→1"	"2 e7'+g2+su(2)+so(7)+2 su(2)"
14	152	18	184	2	1	1	0	0	0	0	0	"{s1:14→1 / s2:1→1 / s3:3→1, 14→1 / s4:3→1, 14→1, s1:14→1 / s2:1→1 / s3:3→1, 14→2 / s4:3→1, 14→2, s1:1→1 / s2:14→1 / s3:3→1, 14→2 / s4:3→1, 14→2}"	"{s3:16→1 / s4:16→1, s3:16→1 / s4:16→1, s3:16→1 / s4:16→1}"	"e6+f5+so(8)+2 su(3)+g2+su(2)"
14	152	20	107	2	1	0	0	0	1	0	0	"s1:14→1 / s2:1→1 / s3:3→1 / s4:3→1"	"s3:16→1 / s4:16→1"	"e6+f5+so(8)+2 su(3)+g2+su(2)"
14	152	20	134	2	1	0	0	1	0	0	0	"s1:14→1 / s2:1→1 / s3:3→1 / s4:3→1"	"s3:16→1 / s4:16→1"	"e6+f5+so(8)+2 su(3)+g2+su(2)"
14	152	21	79	2	1	0	0	0	0	1	0	"s1:14→1 / s2:1→1 / s3:3→1 / s4:3→1"	"s3:16→1 / s4:16→1"	"e6+f5+so(8)+2 su(3)+g2+su(2)"
14	152	21	94	0	3	0	0	0	1	0	0	"s1:14→1 / s2:3→1 / s3:1→1 / s4:1→1"	""	"e6+f5+so(8)+2 su(3)+g2+su(2)"
14	152	21	121	0	3	0	0	1	0	0	0	"s1:14→1 / s2:3→1 / s3:1→1 / s4:1→1"	""	"e6+f5+so(8)+2 su(3)+g2+su(2)"
14	152	22	66	0	3	0	0	0	0	1	0	"s1:14→1 / s2:3→1 / s3:1→1 / s4:1→1"	""	"e6+f5+so(8)+2 su(3)+g2+su(2)"
14	152	23	147	0	3	0	1	0	0	0	0	"s1:14→1 / s2:3→1 / s3:1→1 / s4:1→1"	""	"e6+f5+so(8)+2 su(3)+g2+su(2)"
14	152	23	160	2	1	0	1	0	0	0	0	"s1:14→1 / s2:1→1 / s3:3→1 / s4:3→1"	"s3:16→1 / s4:16→1"	"e6+f5+so(8)+2 su(3)+g2+su(2)"
14	153	22	148	1	3	0	0	0	0	0	0	"s2:1→1 / s3:1→1"	"s1:14→1 / s4:4→1"	"e7+f5+so(8)+2(g2+su(2))"
14	154	19	154	2	2	0	0	0	0	0	0	"s1:14→1 / s2:1→1 / s4:1→1"	"s3:4→1 / s4:15→1"	"e7+f5+so(8)+g2+su(2)+so(7)+2 su(2)"
14	154	21	154	2	2	0	0	0	0	0	0	"s1:14→1 / s2:1→1 / s3:1→1 / s4:1→1"	"s3:15→1 / s4:4→1"	"e7+f5+so(8)+g2+su(2)+so(7)+2 su(2)"
14	154	22	147	1	3	0	0	0	0	0	0	"s1:14→1 / s2:1→1 / s3:1→1"	"s4:4→1"	"e7+f5+so(8)+g2+su(2)+so(7)+2 su(2)"
14	154	23	148	1	3	0	0	0	0	0	0	"s1:14→1 / s2:1→1 / s3:1→1 / s4:3→1"	"s4:15→1"	"e7+f5+so(8)+g2+su(2)+so(7)+2 su(2)"
14	156	48	141	0	4	0	0	0	0	0	0	"s1:14→1 / s2:14→1 / s3:14→1 / s4:1→1"	""	"2 e6+f5+2 su(3)+g2+su(2)"
14	168	25	149	1	3	0	0	0	0	0	0	"s1:14→1 / s2:14→1 / s4:10→1"	"s3:1→1 / s4:16→1"	"e7+e6+g2+su(2)+so(7)+2 su(2)"
14	169	19	153	3	1	0	0	0	0	0	0	"{s4:2→1, 13→1, s4:2→1, 13→1, s4:2→1, 4→1, 13→1, s4:4→1, 13→1, s4:4→1, 13→1}"	"{s1:1→1 / s2:14→1 / s3:12→1 / s4:14→1, s1:1→1 / s2:14→1 / s3:14→1 / s4:12→1, s1:1→1 / s2:14→1 / s3:14→1 / s4:12→1, s1:1→1 / s2:14→1 / s3:12→1 / s4:14→1, s1:1→1 / s2:14→1 / s3:14→1 / s4:12→1}"	"e7+e6+su(3)+g2+su(2)+so(7)+2 su(2)"
14	169	20	153	3	1	0	0	0	0	0	0	""	"s1:1→1 / s2:14→1 / s3:14→1 / s4:12→1"	"e7+e6+su(3)+g2+su(2)+so(7)+2 su(2)"
14	169	21	153	3	1	0	0	0	0	0	0	"s4:13→1"	"s1:1→1 / s2:14→1 / s3:14→1 / s4:12→1"	"e7+e6+su(3)+g2+su(2)+so(7)+2 su(2)"
14	169	22	153	3	1	0	0	0	0	0	0	"s3:13→1"	"s1:1→1 / s2:14→1 / s3:14→1 / s4:12→1"	"e7+e6+su(3)+g2+su(2)+so(7)+2 su(2)"
14	176	19	153	3	1	0	0	0	0	0	0	"{s1:14→1 / s3:3→1, 14→1, s1:14→1 / s3:3→1, 14→2, s1:14→1 / s3:3→1, 5→1, 14→2, s1:14→1 / s3:5→1, 14→1, s1:14→1 / s3:5→1, 14→2}"	"{s2:13→1 / s3:15→1 / s4:1→1, s2:13→1 / s3:15→1 / s4:1→1, s2:13→1 / s3:15→1 / s4:1→1, s2:13→1 / s3:15→1 / s4:1→1, s2:13→1 / s3:15→1 / s4:1→1}"	"e7+e6+2(g2+su(2))+so(7)+2 su(2)"
14	176	24	146	2	2	0	0	0	0	0	0	"s1:14→1 / s2:14→1"	"s3:13→1 / s4:1→1"	"e7+e6+2(g2+su(2))+so(7)+2 su(2)"
14	187	19	124	0	4	0	0	0	0	0	0	"{s1:14→1 / s2:12→1 / s3:2→1 / s4:1→1, s1:14→1 / s2:12→1 / s3:2→1 / s4:1→1, 7→1, s1:14→1 / s2:12→1 / s3:7→1 / s4:1→1, 2→1, s1:14→1 / s2:7→1 / s3:2→1 / s4:1→1, 12→1}"	""	"3 e6+2 su(3)"
14	187	20	124	0	4	0	0	0	0	0	0	"s1:14→1 / s2:12→1 / s3:7→1 / s4:2→1"	""	"3 e6+2 su(3)"
14	188	19	124	0	4	0	0	0	0	0	0	"s1:13→1 / s2:7→1 / s3:2→1 / s4:1→1"	""	"3 e6+2 su(3)"
14	188	20	123	0	4	0	0	0	0	0	0	"s2:7→1 / s3:2→1 / s4:1→1"	"s1:14→1"	"3 e6+2 su(3)"
14	192	18	159	2	1	1	0	0	0	0	0	"{s1:14→1 / s2:1→1 / s3:1→1, 4→1, 12→1 / s4:1→1, 4→1, 12→1, s1:14→1 / s2:1→1 / s3:4→1 / s4:1→2, 4→1, 12→1, s1:1→1 / s2:14→1 / s3:1→1, 12→1 / s4:1→1, 4→1, 12→1, s1:1→1 / s2:14→1 / s3:1→1, 4→1, 12→1 / s4:1→1, 4→1, 12→1, s1:1→1 / s2:14→1 / s3:4→1 / s4:1→1, 4→1, 12→1, s1:1→1 / s2:14→1 / s3:4→1 / s4:1→2, 4→1, 12→2}"	"{s3:16→1 / s4:16→1, s3:16→1 / s4:16→1, s3:16→1 / s4:16→1, s3:16→1 / s4:16→1, s3:16→1 / s4:16→1, s3:16→1 / s4:16→1}"	"2 e6+so(8)+3 su(3)"
14	192	18	166	0	4	0	0	0	0	0	0	"{s1:14→1 / s2:1→1 / s3:1→1, 14→1 / s4:1→1, 12→1, s1:14→1 / s2:1→1 / s3:1→1, 14→1 / s4:1→1, 4→1, 12→1, s1:14→1 / s2:4→1 / s3:1→1, 14→1 / s4:1→1, 12→1, s1:14→1 / s2:4→1 / s3:1→1, 14→1 / s4:1→2, 12→1, s1:14→1 / s2:4→1 / s3:1→1, 14→1 / s4:1→3, 12→1, s1:14→1 / s2:4→1 / s3:1→1 / s4:1→1, 12→1, s1:14→1 / s2:4→1 / s3:1→1 / s4:1→1, 14→1, s1:14→1 / s2:4→1 / s3:1→1 / s4:1→2, 12→1, s1:14→1 / s2:4→1 / s3:1→1 / s4:1→2, 12→1, 14→1, s1:14→1 / s2:4→1 / s3:1→1 / s4:1→3, 12→1, 14→1, s1:4→1, 14→1 / s2:1→1 / s3:1→1, 14→1 / s4:1→1, 12→1, s1:4→1 / s2:1→1, 14→1 / s3:1→1, 14→1 / s4:1→1, 12→1, s1:4→1 / s2:1→1 / s3:1→1, 14→1 / s4:1→1, 12→1}"	""	"2 e6+so(8)+3 su(3)"
14	192	18	173	1	3	0	0	0	0	0	0	"{s1:14→1 / s2:1→1 / s3:1→1, 14→1 / s4:1→1, 12→1, s1:14→1 / s2:4→1 / s3:1→1 / s4:1→1, 12→1, s1:14→1 / s2:4→1 / s3:1→1 / s4:1→1, 14→1, s1:14→1 / s2:4→1 / s3:1→1 / s4:1→1, 14→1, s1:14→1 / s2:4→1 / s3:1→1 / s4:1→2, 12→1, s1:14→1 / s2:4→1 / s3:1→1 / s4:1→2, 12→1, s1:14→1 / s2:4→1 / s3:1→1 / s4:1→2, 12→1, 14→1, s1:14→1 / s2:4→1 / s3:1→1 / s4:1→2, 12→1, 14→1, s1:14→1 / s2:4→1 / s3:1→1 / s4:1→2, 12→1, 14→2, s1:14→1 / s2:4→1 / s3:1→1 / s4:1→2, 12→2, s1:14→1 / s2:4→1 / s3:1→1 / s4:1→2, 14→2, s1:14→1 / s2:4→1 / s3:1→1 / s4:1→3, 12→1, 14→1, s1:14→1 / s2:4→1 / s3:1→1 / s4:1→3, 12→1, 14→1, s1:14→1 / s2:4→1 / s3:1→1 / s4:1→3, 12→2, s1:14→1 / s2:4→1 / s3:1→1 / s4:1→3, 12→2, s1:14→1 / s2:4→1 / s3:1→2, 12→1 / s4:1→1, s1:14→1 / s2:4→1 / s3:1→3, 12→1 / s4:1→1, s1:14→1 / s2:4→1 / s3:1→4, 12→1 / s4:1→1, s1:4→1 / s2:1→1 / s3:1→1, 12→1, 14→1 / s4:14→1, s1:4→1 / s2:1→1 / s3:1→1, 12→1 / s4:14→1, s1:4→1 / s2:1→1 / s3:1→1, 14→1 / s4:14→1, s1:4→1 / s2:1→1 / s3:1→1, 14→1 / s4:1→1, 12→1, s1:4→1 / s2:1→1 / s3:1→1, 14→1 / s4:1→1, 14→1, s1:4→1 / s2:1→1 / s3:1→1, 14→1 / s4:1→1, 14→2, s1:4→1 / s2:1→1 / s3:1→2, 12→1, 14→1 / s4:14→1}"	"{s4:16→1, s4:17→1, s4:15→1, s4:17→1, s4:15→1, s4:17→1, s4:15→1, s4:17→1, s4:17→1, s4:17→1, s4:17→1, s4:15→1, s4:17→1, s4:15→1, s4:17→1, s4:15→1, s4:15→1, s4:15→1, s4:16→1, s4:16→1, s4:16→1, s4:16→1, s4:17→1, s4:16→1, s4:16→1}"	"2 e6+so(8)+3 su(3)"
14	192	18	179	2	2	0	0	0	0	0	0	"{s1:14→1 / s2:1→1 / s3:1→1, 12→1 / s4:1→1, 12→1, s1:14→1 / s2:1→1 / s3:1→1, 12→1 / s4:1→1, 4→1, 12→1, s1:14→1 / s2:1→1 / s3:1→1, 12→1 / s4:1→2, 12→1, 14→1, s1:14→1 / s2:1→1 / s3:1→1, 12→1 / s4:1→2, 4→1, 12→1, 14→1, s1:14→1 / s2:1→1 / s3:1→1, 14→1 / s4:1→1, 4→1, 14→1, s1:14→1 / s2:1→1 / s3:1→1, 14→1 / s4:1→2, 12→1, s1:14→1 / s2:1→1 / s3:1→1, 4→1, 12→1, 14→1 / s4:1→1, 4→1, 12→1, 14→1, s1:14→1 / s2:1→1 / s3:1→1, 4→1, 12→1 / s4:1→1, 4→1, 12→1, s1:14→1 / s2:1→1 / s3:1→1, 4→1, 12→1 / s4:1→1, 4→1, 12→1, s1:14→1 / s2:1→1 / s3:1→1, 4→1, 12→1 / s4:1→2, 4→1, 12→1, 14→1, s1:14→1 / s2:1→1 / s3:1→1, 4→1, 14→1 / s4:1→1, 4→1, 14→1, s1:14→1 / s2:1→1 / s3:1→1, 4→1, 14→1 / s4:1→2, 4→1, 12→1, s1:14→1 / s2:1→1 / s3:1→2, 12→1 / s4:1→2, 12→1, s1:14→1 / s2:1→1 / s3:1→2, 12→1 / s4:1→2, 4→1, 12→1, s1:14→1 / s2:1→1 / s3:1→2, 4→1, 12→1 / s4:1→2, 4→1, 12→1, s1:14→1 / s2:1→1 / s3:1→3, 12→1 / s4:1→3, 4→1, 12→1, s1:14→1 / s2:1→1 / s3:1→3, 4→1, 12→1 / s4:1→3, 4→1, 12→1, s1:14→1 / s2:1→1 / s3:4→1, 14→1 / s4:1→1, 4→1, 12→1, 14→1, s1:14→1 / s2:1→1 / s3:4→1 / s4:1→1, 4→1, 12→1, s1:14→1 / s2:1→1 / s3:4→1 / s4:1→2, 4→1, 12→1, s1:14→1 / s2:1→1 / s3:4→1 / s4:1→2, 4→1, 12→2, s1:14→1 / s2:1→3, 12→1 / s3:1→1 / s4:1→1, s1:14→1 / s2:4→1 / s3:1→1, 12→1 / s4:1→1, 12→1, s1:14→1 / s2:4→1 / s3:1→1, 12→1 / s4:1→2, 12→1, s1:14→1 / s2:4→1 / s3:1→1 / s4:1→1, s1:14→1 / s2:4→1 / s3:1→1 / s4:1→2, 12→1, s1:14→1 / s2:4→1 / s3:1→1 / s4:1→3, 12→1, s1:14→1 / s2:4→1 / s3:1→1 / s4:1→3, 12→2, s1:14→1 / s2:4→1 / s3:1→1 / s4:1→4, 12→1, s1:14→1 / s2:4→1 / s3:1→2, 12→1 / s4:1→2, 12→1, s1:14→1 / s2:4→1 / s3:1→2, 12→1 / s4:1→3, 12→1, s1:14→1 / s2:4→1 / s3:1→3, 12→1 / s4:1→3, 12→1, s1:14→1 / s2:4→1 / s3:1→3, 12→1 / s4:1→4, 12→1, s1:14→1 / s2:4→1 / s3:1→4, 12→1 / s4:1→4, 12→1, s1:1→1 / s2:1→1, 12→1, 14→1 / s3:14→1 / s4:14→1, s1:1→1 / s2:1→1, 14→1 / s3:14→1 / s4:14→1, s1:1→1 / s2:1→1, 14→1 / s3:14→1 / s4:4→1, 14→1, s1:1→1 / s2:1→1, 14→1 / s3:4→1, 14→1 / s4:4→1, 14→1, s1:1→1 / s2:1→1, 14→1 / s3:4→1 / s4:4→1, s1:1→1 / s2:1→1, 14→1 / s3:4→1 / s4:4→1, 14→1, s1:4→1, 14→1 / s2:1→1 / s3:14→1 / s4:1→1, 12→1, 14→1, s1:4→1, 14→1 / s2:1→1 / s3:1→1, 12→1, 14→1 / s4:1→1, 12→1, 14→1, s1:4→1 / s2:1→1, 14→1 / s3:1→1, 12→1 / s4:1→1, 12→1, s1:4→1 / s2:1→1, 14→1 / s3:1→1, 12→1 / s4:1→2, 12→1, s1:4→1 / s2:1→1, 14→1 / s3:1→1 / s4:1→2, 12→1, s1:4→1 / s2:1→1 / s3:14→1 / s4:1→1, 12→1, s1:4→1 / s2:1→1 / s3:14→1 / s4:1→1, 12→1, 14→1, s1:4→1 / s2:1→1 / s3:14→1 / s4:1→1, 14→1, s1:4→1 / s2:1→1 / s3:14→1 / s4:1→1, 14→2, s1:4→1 / s2:1→1 / s3:14→1 / s4:1→2, 12→1, 14→1, s1:4→1 / s2:1→1 / s3:14→1 / s4:1→2, 12→1, 14→2, s1:4→1 / s2:1→1 / s3:14→1 / s4:1→2, 12→2, s1:4→1 / s2:1→1 / s3:14→1 / s4:1→2, 12→2, 14→1, s1:4→1 / s2:1→1 / s3:14→1 / s4:1→2, 14→2, s1:4→1 / s2:1→1 / s3:14→1 / s4:1→2, 14→3, s1:4→1 / s2:1→1 / s3:1→1, 12→1, 14→1 / s4:1→1, 12→1, 14→1, s1:4→1 / s2:1→1 / s3:1→1, 12→1, 14→1 / s4:1→2, 12→1, 14→2, s1:4→1 / s2:1→1 / s3:1→1, 12→1 / s4:1→1, 12→1, s1:4→1 / s2:1→1 / s3:1→1, 12→1 / s4:1→1, 12→1, 14→1, s1:4→1 / s2:1→1 / s3:1→1, 12→1 / s4:1→2, 12→1, s1:4→1 / s2:1→1 / s3:1→1, 12→1 / s4:1→2, 12→1, 14→1, s1:4→1 / s2:1→1 / s3:1→1, 12→1 / s4:1→2, 12→1, 14→2, s1:4→1 / s2:1→1 / s3:1→1, 14→1 / s4:1→1, 14→2, s1:4→1 / s2:1→1 / s3:1→1, 14→1 / s4:1→2, 12→1, s1:4→1 / s2:1→1 / s3:1→1, 14→1 / s4:1→2, 14→2, s1:4→1 / s2:1→1 / s3:1→1, 14→1 / s4:1→2, 14→3, s1:4→1 / s2:1→1 / s3:1→1, 14→2 / s4:1→1, 14→2, s1:4→1 / s2:1→1 / s3:1→1, 14→2 / s4:1→2, 12→1, 14→2, s1:4→1 / s2:1→1 / s3:1→1, 14→2 / s4:1→2, 14→2, s1:4→1 / s2:1→1 / s3:1→1, 14→2 / s4:1→2, 14→3}"	"{s3:16→1 / s4:16→1, s3:16→1 / s4:16→1, s3:16→1 / s4:16→1, s3:16→1 / s4:16→1, s3:16→1 / s4:16→1, s3:16→1 / s4:16→1, s3:16→1 / s4:16→1, s3:15→1 / s4:15→1, s3:16→1 / s4:16→1, s3:16→1 / s4:16→1, s3:16→1 / s4:16→1, s3:16→1 / s4:16→1, s3:15→1 / s4:15→1, s3:15→1 / s4:15→1, s3:15→1 / s4:15→1, s3:15→1 / s4:15→1, s3:15→1 / s4:15→1, s3:16→1 / s4:16→1, s3:15→1 / s4:15→1, s3:15→1 / s4:15→1, s3:15→1 / s4:15→1, s3:15→1 / s4:15→1, s3:15→1 / s4:15→1, s3:15→1 / s4:15→1, s3:15→1 / s4:15→1, s3:15→1 / s4:15→1, s3:15→1 / s4:15→1, s3:15→1 / s4:15→1, s3:15→1 / s4:15→1, s3:15→1 / s4:15→1, s3:15→1 / s4:15→1, s3:15→1 / s4:15→1, s3:15→1 / s4:15→1, s3:15→1 / s4:15→1, s3:15→1 / s4:15→1, s3:15→1 / s4:15→1, s3:15→1 / s4:15→1, s3:15→1 / s4:15→1, s3:16→1 / s4:16→1, s3:15→1 / s4:15→1, s3:16→1 / s4:16→1, s3:16→1 / s4:16→1, s3:16→1 / s4:16→1, s3:16→1 / s4:16→1, s3:16→1 / s4:16→1, s3:16→1 / s4:16→1, s3:16→1 / s4:16→1, s3:16→1 / s4:16→1, s3:16→1 / s4:16→1, s3:16→1 / s4:16→1, s3:16→1 / s4:16→1, s3:16→1 / s4:16→1, s3:16→1 / s4:16→1, s3:16→1 / s4:16→1, s3:16→1 / s4:16→1, s3:16→1 / s4:16→1, s3:16→1 / s4:16→1, s3:16→1 / s4:16→1, s3:16→1 / s4:16→1, s3:16→1 / s4:16→1, s3:16→1 / s4:16→1, s3:16→1 / s4:16→1, s3:16→1 / s4:16→1, s3:16→1 / s4:16→1, s3:16→1 / s4:16→1, s3:16→1 / s4:16→1, s3:16→1 / s4:16→1, s3:16→1 / s4:16→1, s3:16→1 / s4:16→1, s3:16→1 / s4:16→1}"	"2 e6+so(8)+3 su(3)"
14	192	18	180	2	2	0	0	0	0	0	0	"{s1:14→1 / s2:1→1 / s3:1→1, 12→1 / s4:1→1, 4→1, 12→1, s1:14→1 / s2:1→1 / s3:1→1, 12→1 / s4:1→2, 12→1, s1:14→1 / s2:1→1 / s3:1→1, 12→1 / s4:1→2, 12→1, 14→1, s1:14→1 / s2:1→1 / s3:1→1, 12→1 / s4:1→2, 4→1, 12→1, s1:14→1 / s2:1→1 / s3:1→1, 12→1 / s4:1→2, 4→1, 12→1, 14→1, s1:14→1 / s2:1→1 / s3:1→1, 12→1 / s4:1→3, 12→1, 14→1, s1:14→1 / s2:1→1 / s3:1→1, 14→1 / s4:1→3, 12→1, s1:14→1 / s2:1→1 / s3:1→1, 4→1, 12→1 / s4:1→1, 4→1, 12→1, 14→1, s1:14→1 / s2:1→1 / s3:1→1, 4→1, 12→1 / s4:1→2, 12→1, s1:14→1 / s2:1→1 / s3:1→1, 4→1, 12→1 / s4:1→2, 4→1, 12→1, s1:14→1 / s2:1→1 / s3:1→2, 12→1 / s4:1→2, 12→1, 14→1, s1:14→1 / s2:1→1 / s3:1→2, 12→1 / s4:1→2, 4→1, 12→1, 14→1, s1:14→1 / s2:1→1 / s3:1→2, 4→1, 12→1 / s4:1→2, 4→1, 12→1, 14→1, s1:14→1 / s2:1→1 / s3:4→1 / s4:1→1, 4→1, 12→1, s1:14→1 / s2:1→1 / s3:4→1 / s4:1→1, 4→1, 12→1, 14→1, s1:14→1 / s2:1→1 / s3:4→1 / s4:1→1, 4→1, 14→1, s1:14→1 / s2:1→1 / s3:4→1 / s4:1→2, 4→1, 12→1, 14→1, s1:14→1 / s2:1→1 / s3:4→1 / s4:1→2, 4→1, 12→2, s1:14→1 / s2:1→1 / s3:4→1 / s4:4→1, 14→1, s1:1→1 / s2:1→1, 14→1 / s3:14→1 / s4:4→1, s1:1→1 / s2:1→1, 14→1 / s3:4→1 / s4:4→1, 14→1}"	"{s3:16→1 / s4:15→1, s3:16→1 / s4:15→1, s3:16→1 / s4:15→1, s3:16→1 / s4:15→1, s3:16→1 / s4:15→1, s3:16→1 / s4:15→1, s3:16→1 / s4:15→1, s3:15→1 / s4:16→1, s3:16→1 / s4:15→1, s3:16→1 / s4:15→1, s3:15→1 / s4:16→1, s3:15→1 / s4:16→1, s3:15→1 / s4:16→1, s3:15→1 / s4:16→1, s3:15→1 / s4:16→1, s3:15→1 / s4:16→1, s3:15→1 / s4:16→1, s3:15→1 / s4:16→1, s3:15→1 / s4:16→1, s3:15→1 / s4:16→1, s3:16→1 / s4:15→1}"	"2 e6+so(8)+3 su(3)"
14	192	19	126	0	2	2	0	0	0	0	0	"s1:14→1 / s2:1→1 / s3:4→1 / s4:1→1, 12→1"	""	"2 e6+so(8)+3 su(3)"
14	192	19	135	2	1	0	1	0	0	0	0	"{s1:1→1 / s2:14→1 / s3:4→1, 12→1 / s4:4→1, 12→1, s1:1→1 / s2:14→1 / s3:4→1 / s4:4→1, 12→1}"	"{s3:16→1 / s4:16→1, s3:16→1 / s4:16→1}"	"2 e6+so(8)+3 su(3)"
14	192	19	146	0	3	1	0	0	0	0	0	"{s1:14→1 / s2:4→1 / s3:1→1 / s4:1→1, 12→1, s1:14→1 / s2:4→1 / s3:1→1 / s4:1→2, 12→1, s1:14→1 / s2:4→1 / s3:1→1 / s4:1→3, 12→1, s1:1→1 / s2:14→1 / s3:4→1 / s4:1→1, 12→1, s1:1→1 / s2:14→1 / s3:4→1 / s4:1→1, 12→1, 14→1, s1:1→1 / s2:14→1 / s3:4→1 / s4:1→1, 14→1}"	""	"2 e6+so(8)+3 su(3)"
14	192	19	153	1	2	1	0	0	0	0	0	"{s1:14→1 / s2:4→1 / s3:1→1 / s4:1→1, 12→1, s1:14→1 / s2:4→1 / s3:1→1 / s4:1→2, 12→1, s1:14→1 / s2:4→1 / s3:1→1 / s4:1→2, 12→2, s1:14→1 / s2:4→1 / s3:1→1 / s4:1→3, 12→1, s1:14→1 / s2:4→1 / s3:1→1 / s4:1→3, 12→2, s1:14→1 / s2:4→1 / s3:1→1 / s4:1→4, 12→1, s1:1→1 / s2:14→1 / s3:4→1 / s4:1→1, 12→1, s1:1→1 / s2:14→1 / s3:4→1 / s4:1→1, 14→1, s1:1→1 / s2:14→1 / s3:4→1 / s4:1→2, 12→1, s1:1→1 / s2:14→1 / s3:4→1 / s4:1→2, 12→1, 14→1, s1:1→1 / s2:14→1 / s3:4→1 / s4:1→2, 12→2, s1:1→1 / s2:14→1 / s3:4→1 / s4:1→2, 12→2, 14→1, s1:1→1 / s2:14→1 / s3:4→1 / s4:1→2, 12→3, s1:1→1 / s2:14→1 / s3:4→1 / s4:1→3, 12→1, 14→1, s1:1→1 / s2:14→1 / s3:4→1 / s4:1→3, 12→2}"	"{s4:17→1, s4:17→1, s4:17→1, s4:17→1, s4:17→1, s4:17→1, s4:16→1, s4:16→1, s4:16→1, s4:16→1, s4:16→1, s4:16→1, s4:16→1, s4:16→1, s4:16→1}"	"2 e6+so(8)+3 su(3)"
14	192	19	159	2	1	1	0	0	0	0	0	"{s1:14→1 / s2:1→1 / s3:1→1, 12→1 / s4:1→1, 12→1, s1:14→1 / s2:1→1 / s3:1→1, 12→1 / s4:1→1, 4→1, 12→1, s1:14→1 / s2:1→1 / s3:4→1 / s4:1→3, 4→1, 12→1, s1:1→1 / s2:14→1 / s3:1→1, 12→1 / s4:1→1, 12→1, s1:1→1 / s2:14→1 / s3:4→1, 12→1 / s4:4→1, 12→1, s1:1→1 / s2:14→1 / s3:4→1 / s4:1→1, 4→1, 12→2, s1:1→1 / s2:14→1 / s3:4→1 / s4:1→2, 4→1, 12→1, s1:1→1 / s2:14→1 / s3:4→1 / s4:4→1, s1:1→1 / s2:14→1 / s3:4→1 / s4:4→1, 12→1}"	"{s3:16→1 / s4:16→1, s3:16→1 / s4:16→1, s3:16→1 / s4:16→1, s3:16→1 / s4:16→1, s3:16→1 / s4:16→1, s3:16→1 / s4:16→1, s3:16→1 / s4:16→1, s3:16→1 / s4:16→1, s3:16→1 / s4:16→1}"	"2 e6+so(8)+3 su(3)"
14	192	19	166	0	4	0	0	0	0	0	0	"s1:4→1 / s2:1→1 / s3:1→1, 14→1 / s4:1→1, 14→1"	""	"2 e6+so(8)+3 su(3)"
14	192	19	173	1	3	0	0	0	0	0	0	"{s1:14→1 / s2:1→1 / s3:1→1, 14→1 / s4:1→1, 4→1, 12→1, s1:14→1 / s2:4→1 / s3:1→1 / s4:1→2, 14→1, s1:14→1 / s2:4→1 / s3:1→1 / s4:1→3, 12→1, s1:14→1 / s2:4→1 / s3:1→1 / s4:1→3, 14→2, s1:4→1 / s2:1→1 / s3:1→1, 14→1 / s4:1→1, 12→1, s1:4→1 / s2:1→1 / s3:1→1, 14→1 / s4:1→1, 14→1}"	"{s4:16→1, s4:15→1, s4:15→1, s4:17→1, s4:17→1, s4:16→1}"	"2 e6+so(8)+3 su(3)"
14	192	19	179	2	2	0	0	0	0	0	0	"{s1:14→1 / s2:1→1 / s3:1→1, 12→1, 14→1 / s4:1→1, 12→1, 14→1, s1:14→1 / s2:1→1 / s3:1→1, 12→1, 14→1 / s4:1→1, 4→1, 12→1, 14→1, s1:14→1 / s2:1→1 / s3:1→1, 12→1 / s4:1→1, 12→1, s1:14→1 / s2:1→1 / s3:1→1, 12→1 / s4:1→1, 4→1, 12→1, s1:14→1 / s2:1→1 / s3:1→1, 14→1 / s4:1→1, 14→1, s1:14→1 / s2:1→1 / s3:1→3, 12→1 / s4:1→3, 12→1, s1:14→1 / s2:1→1 / s3:4→1, 12→1 / s4:4→1, 12→1, s1:14→1 / s2:1→1 / s3:4→1, 14→1 / s4:4→1, 14→1, s1:14→1 / s2:1→1 / s3:4→1 / s4:4→1, s1:14→1 / s2:1→3, 4→1, 12→1 / s3:1→1 / s4:1→1, s1:4→1, 14→1 / s2:1→1 / s3:14→1 / s4:14→1, s1:4→1 / s2:1→1, 14→1 / s3:1→1 / s4:1→1, s1:4→1 / s2:1→1 / s3:14→1 / s4:1→2, 12→3, s1:4→1 / s2:1→1 / s3:14→1 / s4:1→3, 12→1, 14→1, s1:4→1 / s2:1→1 / s3:14→1 / s4:1→3, 12→2, s1:4→1 / s2:1→1 / s3:1→1, 14→1 / s4:1→1, 14→1, s1:4→1 / s2:1→1 / s3:1→1, 14→1 / s4:1→2, 12→1, 14→1, s1:4→1 / s2:1→1 / s3:1→1, 14→1 / s4:1→2, 14→1}"	"{s3:16→1 / s4:16→1, s3:16→1 / s4:16→1, s3:15→1 / s4:15→1, s3:15→1 / s4:15→1, s3:16→1 / s4:16→1, s3:15→1 / s4:15→1, s3:16→1 / s4:16→1, s3:16→1 / s4:16→1, s3:15→1 / s4:15→1, s3:15→1 / s4:15→1, s3:16→1 / s4:16→1, s3:16→1 / s4:16→1, s3:16→1 / s4:16→1, s3:16→1 / s4:16→1, s3:16→1 / s4:16→1, s3:16→1 / s4:16→1, s3:16→1 / s4:16→1, s3:16→1 / s4:16→1}"	"2 e6+so(8)+3 su(3)"
14	192	19	180	2	2	0	0	0	0	0	0	"{s1:14→1 / s2:1→1 / s3:1→1, 12→1 / s4:1→1, 12→1, 14→1, s1:14→1 / s2:1→1 / s3:1→1, 12→1 / s4:1→1, 4→1, 12→1, 14→1, s1:14→1 / s2:1→1 / s3:4→1, 12→1 / s4:1→1, 4→1, 12→1, 14→1, s1:14→1 / s2:1→1 / s3:4→1 / s4:4→1, 12→1}"	"{s3:15→1 / s4:16→1, s3:15→1 / s4:16→1, s3:16→1 / s4:15→1, s3:15→1 / s4:16→1}"	"2 e6+so(8)+3 su(3)"
14	192	20	109	2	1	0	0	1	0	0	0	"{s1:1→1 / s2:14→1 / s3:12→1 / s4:12→1, s1:1→1 / s2:14→1 / s3:12→1 / s4:4→1, 12→1, s1:1→1 / s2:14→1 / s3:4→1, 12→1 / s4:4→1, 12→1, s1:1→1 / s2:14→1 / s3:4→1 / s4:4→1, 12→1}"	"{s3:16→1 / s4:16→1, s3:16→1 / s4:16→1, s3:16→1 / s4:16→1, s3:16→1 / s4:16→1}"	"2 e6+so(8)+3 su(3)"
14	192	20	135	2	1	0	1	0	0	0	0	"{s1:1→1 / s2:14→1 / s3:12→1 / s4:12→1, s1:1→1 / s2:14→1 / s3:12→1 / s4:4→1, 12→1, s1:1→1 / s2:14→1 / s3:4→1 / s4:4→1}"	"{s3:16→1 / s4:16→1, s3:16→1 / s4:16→1, s3:16→1 / s4:16→1}"	"2 e6+so(8)+3 su(3)"
14	192	20	153	1	2	1	0	0	0	0	0	"{s1:1→1 / s2:14→1 / s3:4→1 / s4:1→2, 14→1, s1:1→1 / s2:14→1 / s3:4→1 / s4:1→3, 12→1}"	"{s4:16→1, s4:16→1}"	"2 e6+so(8)+3 su(3)"
14	192	20	159	2	1	1	0	0	0	0	0	"{s1:14→1 / s2:1→1 / s3:4→1, 12→1 / s4:4→1, 12→1, s1:14→1 / s2:1→1 / s3:4→1 / s4:4→1}"	"{s3:16→1 / s4:16→1, s3:16→1 / s4:16→1}"	"2 e6+so(8)+3 su(3)"
14	192	20	166	0	4	0	0	0	0	0	0	"{s1:14→1 / s2:4→1 / s3:1→1 / s4:1→3, 12→1, s1:4→1 / s2:1→1 / s3:1→1 / s4:1→1, 14→1}"	""	"2 e6+so(8)+3 su(3)"
14	192	20	173	1	3	0	0	0	0	0	0	"{s1:14→1 / s2:4→1 / s3:1→1 / s4:1→3, 12→1, s1:14→1 / s2:4→1 / s3:1→1 / s4:1→4, 12→1, s1:4→1 / s2:1→1 / s3:1→1, 14→1 / s4:1→1, s1:4→1 / s2:1→1 / s3:1→1 / s4:1→1, 14→1}"	"{s4:17→1, s4:15→1, s4:17→1, s4:16→1}"	"2 e6+so(8)+3 su(3)"
14	192	21	96	0	3	0	0	1	0	0	0	"{s1:1→1 / s2:14→1 / s3:14→1 / s4:12→1, s1:1→1 / s2:14→1 / s3:14→1 / s4:4→1, 12→1}"	""	"2 e6+so(8)+3 su(3)"
14	192	21	109	2	1	0	0	1	0	0	0	"s1:1→1 / s2:14→1 / s3:4→1 / s4:4→1"	"s3:16→1 / s4:16→1"	"2 e6+so(8)+3 su(3)"
14	192	21	122	0	3	0	1	0	0	0	0	"{s1:1→1 / s2:14→1 / s3:14→1 / s4:12→1, s1:1→1 / s2:14→1 / s3:14→1 / s4:4→1, 12→1}"	""	"2 e6+so(8)+3 su(3)"
14	192	21	153	1	2	1	0	0	0	0	0	"s1:1→1 / s2:14→1 / s3:4→1 / s4:1→4, 12→1"	"s4:16→1"	"2 e6+so(8)+3 su(3)"
14	192	21	166	0	4	0	0	0	0	0	0	"s1:14→1 / s2:4→1 / s3:1→1 / s4:1→2, 14→1"	""	"2 e6+so(8)+3 su(3)"
14	192	21	173	1	3	0	0	0	0	0	0	"{s1:14→1 / s2:4→1 / s3:1→1 / s4:1→2, 12→2, s1:4→1 / s2:1→1 / s3:1→2, 12→1 / s4:14→1}"	"{s4:15→1, s4:16→1}"	"2 e6+so(8)+3 su(3)"
14	192	22	153	1	2	1	0	0	0	0	0	"{s1:14→1 / s2:1→1 / s3:1→1 / s4:4→1, s1:1→1 / s2:14→1 / s3:4→1 / s4:1→1}"	"{s4:16→1, s4:16→1}"	"2 e6+so(8)+3 su(3)"
14	192	23	126	0	2	2	0	0	0	0	0	"s1:14→1 / s2:1→1 / s3:4→1 / s4:1→1"	""	"2 e6+so(8)+3 su(3)"
14	192	23	146	0	3	1	0	0	0	0	0	"{s1:14→1 / s2:4→1 / s3:1→1 / s4:1→1, s1:1→1 / s2:14→1 / s3:14→1 / s4:12→1}"	""	"2 e6+so(8)+3 su(3)"
14	192	23	153	1	2	1	0	0	0	0	0	"s1:14→1 / s2:1→1 / s3:1→1 / s4:1→1, 4→3"	"s4:16→1"	"2 e6+so(8)+3 su(3)"
14	192	23	159	2	1	1	0	0	0	0	0	"{s1:14→1 / s2:1→1 / s3:4→1 / s4:1→1, 4→1, s1:1→1 / s2:14→1 / s3:12→1 / s4:12→1}"	"{s3:16→1 / s4:16→1, s3:16→1 / s4:16→1}"	"2 e6+so(8)+3 su(3)"
14	192	24	153	1	2	1	0	0	0	0	0	"s1:14→1 / s2:1→1 / s3:1→1 / s4:1→1, 4→2"	"s4:16→1"	"2 e6+so(8)+3 su(3)"
14	192	26	146	0	3	1	0	0	0	0	0	"s1:14→1 / s2:1→1 / s3:1→1 / s4:1→1, 4→1"	""	"2 e6+so(8)+3 su(3)"
14	192	26	153	1	2	1	0	0	0	0	0	"s1:1→1 / s2:14→1 / s3:4→1 / s4:1→3, 14→1"	"s4:16→1"	"2 e6+so(8)+3 su(3)"
14	192	26	159	2	1	1	0	0	0	0	0	"{s1:14→1 / s2:1→1 / s3:1→1, 4→1 / s4:1→1, 4→1, s1:1→1 / s2:14→1 / s3:1→1, 4→1 / s4:1→1, 4→1, s1:1→1 / s2:14→1 / s3:1→1 / s4:1→1, 4→1}"	"{s3:16→1 / s4:16→1, s3:16→1 / s4:16→1, s3:16→1 / s4:16→1}"	"2 e6+so(8)+3 su(3)"
14	192	26	173	1	3	0	0	0	0	0	0	"s1:4→1 / s2:1→1 / s3:1→1 / s4:1→1"	"s4:16→1"	"2 e6+so(8)+3 su(3)"
14	192	30	146	0	3	1	0	0	0	0	0	"s1:1→1 / s2:14→1 / s3:14→1 / s4:4→1, 12→1"	""	"2 e6+so(8)+3 su(3)"
14	192	30	153	1	2	1	0	0	0	0	0	"s1:14→1 / s2:1→1 / s3:1→1 / s4:1→1, 4→1"	"s4:16→1"	"2 e6+so(8)+3 su(3)"
14	192	56	146	0	3	1	0	0	0	0	0	"s1:14→1 / s2:1→1 / s3:1→1 / s4:1→1"	""	"2 e6+so(8)+3 su(3)"
14	202	17	188	2	1	0	0	0	1	0	0	"s1:14→1 / s2:1→1 / s4:1→2, 14→1"	"s3:3→1 / s4:16→1"	"3 so(8)+2(g2+su(2))"
14	202	18	160	2	1	0	0	0	0	1	0	"{s1:14→1 / s2:1→1 / s4:1→2, 10→1, s1:14→1 / s2:1→1 / s4:1→2, 14→1, s1:14→1 / s2:1→1 / s4:1→3, 10→1, s1:14→1 / s2:1→1 / s4:1→3, 14→1}"	"{s3:3→1 / s4:16→1, s3:3→1 / s4:16→1, s3:3→1 / s4:16→1, s3:3→1 / s4:16→1}"	"3 so(8)+2(g2+su(2))"
14	202	19	160	2	1	0	0	0	0	1	0	"{s1:14→1 / s2:1→1 / s4:1→4, 10→1, s1:14→1 / s2:1→1 / s4:1→4, 14→1}"	"{s3:3→1 / s4:16→1, s3:3→1 / s4:16→1}"	"3 so(8)+2(g2+su(2))"
14	202	22	39	1	2	0	0	0	0	0	1	"s1:14→1 / s2:1→1 / s3:1→1 / s4:1→2, 10→1"	"s4:17→1"	"3 so(8)+2(g2+su(2))"
14	202	22	45	2	1	0	0	0	0	0	1	"{s1:14→1 / s2:1→1 / s4:1→2, 10→1, s1:14→1 / s2:1→1 / s4:1→3, 10→1, s1:14→1 / s2:1→1 / s4:1→4, 10→1}"	"{s3:3→1 / s4:16→1, s3:3→1 / s4:16→1, s3:3→1 / s4:16→1}"	"3 so(8)+2(g2+su(2))"
14	202	22	153	1	2	0	0	0	0	1	0	"{s1:14→1 / s2:1→1 / s3:1→1 / s4:1→4, 14→1, s1:1→1 / s2:14→1 / s3:14→1 / s4:14→3, s1:1→1 / s2:14→1 / s3:14→1 / s4:14→4}"	"{s4:3→1, s4:3→1, s4:3→1}"	"3 so(8)+2(g2+su(2))"
14	202	22	154	1	2	0	0	0	0	1	0	"{s1:14→1 / s2:1→1 / s3:1→1 / s4:1→1, 4→1, s1:14→1 / s2:1→1 / s3:1→1 / s4:1→4, 10→1, s1:14→1 / s2:1→1 / s3:1→1 / s4:1→4, 14→1, s1:1→1 / s2:14→1 / s3:14→1 / s4:10→1, 14→2}"	"{s4:17→1, s4:17→1, s4:17→1, s4:17→1}"	"3 so(8)+2(g2+su(2))"
14	202	23	18	1	1	1	0	0	0	0	1	"s1:14→1 / s2:1→1 / s3:1→1"	"s4:3→1"	"3 so(8)+2(g2+su(2))"
14	202	23	32	0	3	0	0	0	0	0	1	"s1:14→1 / s2:1→1 / s3:1→1 / s4:1→1"	""	"3 so(8)+2(g2+su(2))"
14	202	23	38	1	2	0	0	0	0	0	1	"{s1:14→1 / s2:1→1 / s3:1→1, s1:14→1 / s2:1→1 / s3:1→1 / s4:1→1, s1:14→1 / s2:1→1 / s3:1→1 / s4:1→2, s1:14→1 / s2:1→1 / s3:1→1 / s4:1→3, s1:14→1 / s2:1→1 / s3:1→1 / s4:1→4}"	"{s4:3→1, s4:3→1, s4:3→1, s4:3→1, s4:3→1}"	"3 so(8)+2(g2+su(2))"
14	202	23	39	1	2	0	0	0	0	0	1	"{s1:14→1 / s2:1→1 / s3:1→1 / s4:1→1, s1:14→1 / s2:1→1 / s3:1→1 / s4:1→1, 4→1, s1:14→1 / s2:1→1 / s3:1→1 / s4:1→2, s1:14→1 / s2:1→1 / s3:1→1 / s4:1→2, 4→1, s1:14→1 / s2:1→1 / s3:1→1 / s4:1→3, s1:14→1 / s2:1→1 / s3:1→1 / s4:1→3, 10→1, s1:14→1 / s2:1→1 / s3:1→1 / s4:1→3, 4→1, s1:14→1 / s2:1→1 / s3:1→1 / s4:1→4, s1:14→1 / s2:1→1 / s3:1→1 / s4:1→4, 10→1, s1:14→1 / s2:1→1 / s3:1→1 / s4:1→4, 4→1, s1:14→1 / s2:1→1 / s3:1→1 / s4:1→5, s1:14→1 / s2:1→1 / s3:1→2 / s4:1→1}"	"{s4:17→1, s4:17→1, s4:17→1, s4:17→1, s4:17→1, s4:17→1, s4:17→1, s4:17→1, s4:17→1, s4:17→1, s4:17→1, s4:16→1}"	"3 so(8)+2(g2+su(2))"
14	202	23	45	2	1	0	0	0	0	0	1	"{s1:14→1 / s2:1→1 / s3:1→1 / s4:1→1, s1:14→1 / s2:1→1 / s3:1→1 / s4:1→1, s1:14→1 / s2:1→1 / s3:1→1 / s4:1→2, s1:14→1 / s2:1→1 / s3:1→1 / s4:1→2, s1:14→1 / s2:1→1 / s3:1→1 / s4:1→2, 4→1, s1:14→1 / s2:1→1 / s3:1→1 / s4:1→3, s1:14→1 / s2:1→1 / s3:1→1 / s4:1→3, s1:14→1 / s2:1→1 / s3:1→1 / s4:1→3, 4→1, s1:14→1 / s2:1→1 / s3:1→1 / s4:1→4, s1:14→1 / s2:1→1 / s3:1→1 / s4:1→4, s1:14→1 / s2:1→1 / s3:1→1 / s4:1→4, 4→1, s1:14→1 / s2:1→1 / s3:1→1 / s4:1→5, s1:14→1 / s2:1→1 / s3:1→1 / s4:1→5, s1:14→1 / s2:1→1 / s3:1→2 / s4:1→2, s1:14→1 / s2:1→1 / s3:1→2 / s4:1→2, s1:14→1 / s2:1→1 / s3:1→2 / s4:1→3, s1:14→1 / s2:1→1 / s3:1→2 / s4:1→3, s1:14→1 / s2:1→1 / s3:1→2 / s4:1→4, s1:14→1 / s2:1→1 / s3:1→2 / s4:1→4, s1:14→1 / s2:1→1 / s3:1→2 / s4:1→5, s1:14→1 / s2:1→1 / s3:1→3 / s4:1→4, s1:14→1 / s2:1→1 / s3:1→3 / s4:1→5, s1:14→1 / s2:1→1 / s4:1→1}"	"{s3:16→1 / s4:16→1, s3:16→1 / s4:3→1, s3:16→1 / s4:16→1, s3:16→1 / s4:3→1, s3:16→1 / s4:16→1, s3:16→1 / s4:16→1, s3:16→1 / s4:3→1, s3:16→1 / s4:16→1, s3:16→1 / s4:16→1, s3:16→1 / s4:3→1, s3:16→1 / s4:16→1, s3:16→1 / s4:16→1, s3:16→1 / s4:3→1, s3:16→1 / s4:16→1, s3:16→1 / s4:3→1, s3:16→1 / s4:16→1, s3:16→1 / s4:3→1, s3:16→1 / s4:16→1, s3:16→1 / s4:3→1, s3:16→1 / s4:3→1, s3:16→1 / s4:3→1, s3:16→1 / s4:3→1, s3:3→1 / s4:16→1}"	"3 so(8)+2(g2+su(2))"
14	202	23	133	1	1	1	0	0	0	1	0	"s1:14→1 / s2:1→1 / s3:1→1"	"s4:3→1"	"3 so(8)+2(g2+su(2))"
14	202	23	153	1	2	0	0	0	0	1	0	"{s1:14→1 / s2:1→1 / s3:1→1, s1:1→1 / s2:14→1 / s3:14→1 / s4:14→5}"	"{s4:3→1, s4:3→1}"	"3 so(8)+2(g2+su(2))"
14	202	23	154	1	2	0	0	0	0	1	0	"s1:1→1 / s2:14→1 / s3:14→1 / s4:10→1, 14→3"	"s4:17→1"	"3 so(8)+2(g2+su(2))"
14	202	24	19	1	1	1	0	0	0	0	1	"s1:14→1 / s2:1→1 / s3:1→1 / s4:4→1"	"s4:17→1"	"3 so(8)+2(g2+su(2))"
14	202	24	45	2	1	0	0	0	0	0	1	"{s1:14→1 / s2:1→1 / s3:1→1 / s4:1→2, s1:14→1 / s2:1→1 / s3:1→3 / s4:1→3, s1:14→1 / s2:1→1 / s3:1→4 / s4:1→4, s1:14→1 / s2:1→2 / s3:1→1 / s4:1→1}"	"{s3:3→1 / s4:16→1, s3:16→1 / s4:3→1, s3:16→1 / s4:3→1, s3:16→1 / s4:3→1}"	"3 so(8)+2(g2+su(2))"
14	202	24	134	1	1	1	0	0	0	1	0	"s1:1→1 / s2:14→1 / s3:14→1 / s4:10→1, 14→1"	"s4:17→1"	"3 so(8)+2(g2+su(2))"
14	202	24	154	1	2	0	0	0	0	1	0	"{s1:14→1 / s2:1→1 / s3:1→1 / s4:1→2, 4→1, s1:14→1 / s2:1→1 / s3:1→1 / s4:1→3, 14→1, s1:1→1 / s2:14→1 / s3:14→1 / s4:10→1, 14→4}"	"{s4:17→1, s4:17→1, s4:17→1}"	"3 so(8)+2(g2+su(2))"
14	202	25	45	2	1	0	0	0	0	0	1	"{s1:14→1 / s2:1→1 / s3:1→1 / s4:1→4, 10→1, s1:14→1 / s2:1→1 / s3:1→2 / s4:1→3, s1:14→1 / s2:1→1 / s3:1→2 / s4:1→4, 4→1, s1:14→1 / s2:1→1 / s3:1→3 / s4:1→4}"	"{s3:16→1 / s4:16→1, s3:3→1 / s4:16→1, s3:16→1 / s4:16→1, s3:3→1 / s4:16→1}"	"3 so(8)+2(g2+su(2))"
14	202	25	153	1	2	0	0	0	0	1	0	"s1:14→1 / s2:1→1 / s3:1→1 / s4:1→1"	"s4:3→1"	"3 so(8)+2(g2+su(2))"
14	202	25	154	1	2	0	0	0	0	1	0	"s1:1→1 / s2:14→1 / s3:14→1 / s4:4→1, 14→4"	"s4:17→1"	"3 so(8)+2(g2+su(2))"
14	202	26	133	1	1	1	0	0	0	1	0	"s1:14→1 / s2:1→1 / s3:1→1 / s4:1→1"	"s4:3→1"	"3 so(8)+2(g2+su(2))"
14	202	27	154	1	2	0	0	0	0	1	0	"{s1:14→1 / s2:1→1 / s3:1→1 / s4:1→3, 10→1, s1:14→1 / s2:1→1 / s3:1→1 / s4:1→3, 4→1}"	"{s4:17→1, s4:17→1}"	"3 so(8)+2(g2+su(2))"
14	202	28	38	1	2	0	0	0	0	0	1	"s1:14→1 / s2:1→1 / s3:1→2"	"s4:3→1"	"3 so(8)+2(g2+su(2))"
14	202	33	154	1	2	0	0	0	0	1	0	"s1:14→1 / s2:1→1 / s3:1→1 / s4:1→4, 4→1"	"s4:17→1"	"3 so(8)+2(g2+su(2))"
14	202	34	153	1	2	0	0	0	0	1	0	"s1:14→1 / s2:1→1 / s3:1→1 / s4:1→3, 14→1"	"s4:3→1"	"3 so(8)+2(g2+su(2))"
14	202	39	127	0	2	1	0	0	0	1	0	"s1:1→1 / s2:14→1 / s3:14→1 / s4:14→1"	""	"3 so(8)+2(g2+su(2))"
14	202	39	153	1	2	0	0	0	0	1	0	"s1:14→1 / s2:1→1 / s3:1→1 / s4:1→2"	"s4:3→1"	"3 so(8)+2(g2+su(2))"
14	202	43	147	0	3	0	0	0	0	1	0	"s1:1→1 / s2:14→1 / s3:14→1 / s4:14→1"	""	"3 so(8)+2(g2+su(2))"
14	202	44	45	2	1	0	0	0	0	0	1	"s1:14→1 / s2:1→1 / s3:1→3 / s4:1→5"	"s3:3→1 / s4:16→1"	"3 so(8)+2(g2+su(2))"
14	202	47	147	0	3	0	0	0	0	1	0	"s1:14→1 / s2:1→1 / s3:1→1 / s4:1→1"	""	"3 so(8)+2(g2+su(2))"
14	202	65	45	2	1	0	0	0	0	0	1	"s1:14→1 / s2:1→1 / s3:1→2 / s4:1→4"	"s3:3→1 / s4:16→1"	"3 so(8)+2(g2+su(2))"
14	202	84	134	1	1	1	0	0	0	1	0	"s1:14→1 / s2:1→1 / s3:1→1 / s4:4→1"	"s4:17→1"	"3 so(8)+2(g2+su(2))"
14	202	94	134	1	1	1	0	0	0	1	0	"s1:1→1 / s2:14→1 / s3:14→1 / s4:14→1"	"s4:17→1"	"3 so(8)+2(g2+su(2))"
14	203	17	184	3	1	0	0	0	0	0	0	"{s1:14→1 / s2:1→1 / s3:1→1 / s4:1→1, 3→1, 11→1, s1:1→1 / s2:14→1 / s3:3→1, 14→2 / s4:3→1, 11→1, 14→3}"	"{s2:15→1 / s3:13→1 / s4:15→1, s2:15→1 / s3:13→1 / s4:15→1}"	"2 e6+so(8)+2 su(3)+g2+su(2)"
14	203	18	171	1	3	0	0	0	0	0	0	"s1:14→1 / s2:3→1, 14→1 / s3:1→1 / s4:1→1"	"s4:13→1"	"2 e6+so(8)+2 su(3)+g2+su(2)"
14	203	18	178	2	2	0	0	0	0	0	0	"{s1:14→1 / s2:1→1 / s3:1→1 / s4:1→1, 3→1, 11→1, s1:14→1 / s2:1→1 / s3:1→1 / s4:1→1, 3→1, 14→1, s1:14→1 / s2:1→1 / s3:1→1 / s4:1→1, 3→2, 11→1, 14→1, s1:14→1 / s2:1→1 / s3:1→1 / s4:1→1, 3→2, 14→2, s1:14→1 / s2:1→1 / s3:3→1, 14→1 / s4:1→1, s1:14→1 / s2:1→1 / s3:3→1, 14→1 / s4:1→1, 3→1, 11→1, 14→2, s1:14→1 / s2:1→1 / s3:3→1, 14→1 / s4:1→1, 3→1, 14→1, s1:14→1 / s2:1→1 / s3:3→1, 14→1 / s4:3→1, 11→1, 14→1, s1:14→1 / s2:1→1 / s3:3→1, 14→2 / s4:3→1, 14→1, s1:14→1 / s2:1→1 / s3:3→1, 14→2 / s4:3→1, 14→2, s1:3→1, 14→2 / s2:1→1 / s3:14→1}"	"{s3:13→1 / s4:15→1, s3:13→1 / s4:15→1, s3:13→1 / s4:15→1, s3:13→1 / s4:15→1, s3:16→1 / s4:13→1, s3:13→1 / s4:16→1, s3:16→1 / s4:13→1, s3:13→1 / s4:16→1, s3:16→1 / s4:13→1, s3:16→1 / s4:16→1, s3:16→1 / s4:13→1}"	"2 e6+so(8)+2 su(3)+g2+su(2)"
14	203	18	184	3	1	0	0	0	0	0	0	"{s1:14→1 / s2:1→1 / s3:1→1, 14→1 / s4:1→1, s1:14→1 / s2:1→1 / s3:1→1 / s4:1→1, s1:14→1 / s2:1→1 / s3:1→1 / s4:1→1, 3→1, 14→1, s1:14→1 / s2:1→1 / s3:1→1 / s4:1→2, 11→1, s1:14→1 / s2:1→1 / s3:1→1 / s4:1→2, 11→1, 14→1, s1:14→1 / s2:1→1 / s3:1→1 / s4:1→2, 14→1, s1:14→1 / s2:1→1 / s3:1→1 / s4:1→2, 3→1, 11→1, s1:14→1 / s2:1→1 / s3:1→1 / s4:1→2, 3→1, 11→1, 14→1, s1:14→1 / s2:1→1 / s3:1→1 / s4:1→2, 3→1, 14→1, s1:14→1 / s2:1→1 / s3:1→1 / s4:1→3, 11→1, s1:14→1 / s2:1→1 / s3:1→1 / s4:1→3, 11→1, 14→1, s1:14→1 / s2:1→1 / s3:1→1 / s4:1→3, 3→1, 11→1, s1:14→1 / s2:1→1 / s3:1→1 / s4:1→4, 11→1, s1:14→1 / s2:1→1 / s3:1→1 / s4:1→4, 11→1, s1:1→1 / s2:14→1 / s3:14→1 / s4:3→1, 14→3, s1:1→1 / s2:14→1 / s3:3→1, 14→1 / s4:3→1, 11→1, 14→1, s1:1→1 / s2:14→1 / s3:3→1, 14→2 / s4:3→1, 14→1, s1:1→1 / s2:14→1 / s3:3→1, 14→2 / s4:3→1, 14→2, s1:1→1 / s2:14→1 / s3:3→1, 14→3 / s4:3→1, 14→2, s1:1→1 / s2:14→1 / s4:3→1, 11→1, 14→2, s1:1→1 / s2:14→1 / s4:3→1, 11→1, 14→3, s1:1→1 / s2:14→1 / s4:3→1, 14→3, s1:1→1 / s2:14→1 / s4:3→1, 14→4, s1:1→1 / s3:3→1, 14→2 / s4:3→1, 14→2, s1:1→1 / s3:3→1, 14→2 / s4:3→1, 14→3, s1:1→1 / s3:3→1, 14→3 / s4:3→1, 14→3, s1:1→1 / s3:3→1, 14→3 / s4:3→1, 14→4, s1:1→1 / s3:3→1, 14→4 / s4:3→1, 14→4}"	"{s2:15→1 / s3:15→1 / s4:13→1, s2:15→1 / s3:15→1 / s4:13→1, s2:15→1 / s3:13→1 / s4:15→1, s2:15→1 / s3:13→1 / s4:15→1, s2:15→1 / s3:13→1 / s4:15→1, s2:15→1 / s3:13→1 / s4:15→1, s2:15→1 / s3:13→1 / s4:15→1, s2:15→1 / s3:13→1 / s4:15→1, s2:15→1 / s3:13→1 / s4:15→1, s2:15→1 / s3:13→1 / s4:15→1, s2:15→1 / s3:13→1 / s4:15→1, s2:15→1 / s3:13→1 / s4:15→1, s2:15→1 / s3:13→1 / s4:15→1, s2:15→1 / s3:15→1 / s4:13→1, s2:15→1 / s3:15→1 / s4:13→1, s2:15→1 / s3:13→1 / s4:15→1, s2:15→1 / s3:15→1 / s4:13→1, s2:15→1 / s3:15→1 / s4:13→1, s2:15→1 / s3:15→1 / s4:13→1, s2:15→1 / s3:13→1 / s4:15→1, s2:15→1 / s3:13→1 / s4:15→1, s2:15→1 / s3:13→1 / s4:15→1, s2:15→1 / s3:13→1 / s4:15→1, s2:13→1 / s3:15→1 / s4:15→1, s2:13→1 / s3:15→1 / s4:15→1, s2:13→1 / s3:15→1 / s4:15→1, s2:13→1 / s3:15→1 / s4:15→1, s2:13→1 / s3:15→1 / s4:15→1}"	"2 e6+so(8)+2 su(3)+g2+su(2)"
14	203	19	158	2	1	1	0	0	0	0	0	"{s1:14→1 / s2:1→1 / s3:3→1 / s4:1→1, 3→1, 11→1, s1:1→1 / s2:14→1 / s4:3→1, 11→1, 14→1, s1:1→1 / s2:14→1 / s4:3→1, 11→1, 14→2, s1:1→1 / s2:14→1 / s4:3→1, 14→2}"	"{s3:13→1 / s4:16→1, s3:13→1 / s4:16→1, s3:13→1 / s4:16→1, s3:13→1 / s4:16→1}"	"2 e6+so(8)+2 su(3)+g2+su(2)"
14	203	19	171	1	3	0	0	0	0	0	0	"s1:3→1, 14→1 / s2:1→1 / s3:1→1, 14→1"	"s4:13→1"	"2 e6+so(8)+2 su(3)+g2+su(2)"
14	203	19	178	2	2	0	0	0	0	0	0	"{s1:14→1 / s2:1→1 / s3:3→1, 14→1 / s4:3→1, s1:14→1 / s2:1→1 / s3:3→1, 14→1 / s4:3→1, 14→1, s1:14→1 / s2:1→1 / s3:3→1 / s4:1→1, 3→1, 11→1, s1:14→1 / s2:1→1 / s3:3→1 / s4:1→1, 3→1, 14→1}"	"{s3:16→1 / s4:13→1, s3:16→1 / s4:16→1, s3:13→1 / s4:16→1, s3:13→1 / s4:15→1}"	"2 e6+so(8)+2 su(3)+g2+su(2)"
14	203	19	179	2	2	0	0	0	0	0	0	"s1:14→1 / s2:1→1 / s3:3→1, 14→1 / s4:1→1, 3→1, 14→1"	"s3:16→1 / s4:15→1"	"2 e6+so(8)+2 su(3)+g2+su(2)"
14	203	20	134	2	1	0	1	0	0	0	0	"s1:14→1 / s2:1→1 / s3:3→1 / s4:3→1"	"s3:16→1 / s4:16→1"	"2 e6+so(8)+2 su(3)+g2+su(2)"
14	203	20	158	2	1	1	0	0	0	0	0	"s1:1→1 / s2:14→1 / s4:11→1"	"s3:13→1 / s4:16→1"	"2 e6+so(8)+2 su(3)+g2+su(2)"
14	203	21	121	0	3	0	1	0	0	0	0	"s1:14→1 / s2:3→1 / s3:1→1 / s4:1→1"	""	"2 e6+so(8)+2 su(3)+g2+su(2)"
14	203	21	158	2	1	1	0	0	0	0	0	"s1:1→1 / s2:14→1 / s4:11→1, 14→1"	"s3:13→1 / s4:16→1"	"2 e6+so(8)+2 su(3)+g2+su(2)"
14	203	22	151	1	2	1	0	0	0	0	0	"s1:1→1 / s2:14→1 / s3:14→1 / s4:11→1"	"s4:13→1"	"2 e6+so(8)+2 su(3)+g2+su(2)"
14	203	22	152	1	2	1	0	0	0	0	0	"s1:1→1 / s2:14→1 / s3:14→1 / s4:11→1"	"s4:17→1"	"2 e6+so(8)+2 su(3)+g2+su(2)"
14	203	23	145	0	3	1	0	0	0	0	0	"s1:14→1 / s2:3→1 / s3:1→1 / s4:1→1"	""	"2 e6+so(8)+2 su(3)+g2+su(2)"
14	203	23	151	1	2	1	0	0	0	0	0	"{s1:14→1 / s2:1→1 / s3:1→1 / s4:3→3, s1:14→1 / s2:1→1 / s3:1→1 / s4:3→4}"	"{s4:13→1, s4:13→1}"	"2 e6+so(8)+2 su(3)+g2+su(2)"
14	203	23	158	2	1	1	0	0	0	0	0	"{s1:14→1 / s2:1→1 / s3:3→1 / s4:3→1, s1:1→1 / s2:14→1 / s4:11→1, 14→2}"	"{s3:16→1 / s4:16→1, s3:13→1 / s4:16→1}"	"2 e6+so(8)+2 su(3)+g2+su(2)"
14	203	24	151	1	2	1	0	0	0	0	0	"s1:1→1 / s2:14→1 / s3:14→1"	"s4:13→1"	"2 e6+so(8)+2 su(3)+g2+su(2)"
14	203	28	158	2	1	1	0	0	0	0	0	"s1:14→1 / s2:1→1 / s4:11→1"	"s3:13→1 / s4:16→1"	"2 e6+so(8)+2 su(3)+g2+su(2)"
14	203	29	151	1	2	1	0	0	0	0	0	"s1:14→1 / s2:1→1 / s3:1→1 / s4:3→2"	"s4:13→1"	"2 e6+so(8)+2 su(3)+g2+su(2)"
14	204	18	178	3	1	0	0	0	0	0	0	"{s1:1→1 / s3:3→1, 13→1 / s4:1→1, 3→1, 13→1, s1:1→1 / s3:3→1, 13→1 / s4:3→1, 13→1, s1:1→1 / s3:3→1, 13→1 / s4:3→1, 13→2, s1:1→1 / s3:3→1, 13→2 / s4:3→1, 13→2}"	"{s2:14→1 / s3:15→1 / s4:14→1, s2:14→1 / s3:15→1 / s4:15→1, s2:14→1 / s3:14→1 / s4:15→1, s2:14→1 / s3:15→1 / s4:15→1}"	"2 e6+so(8)+4 su(3)"
14	204	22	151	2	1	1	0	0	0	0	0	"s1:1→1 / s2:13→1"	"s3:14→1 / s4:14→1"	"2 e6+so(8)+4 su(3)"
14	205	18	178	2	2	0	0	0	0	0	0	"{s1:14→1 / s2:1→1, 14→1 / s3:1→1 / s4:1→1, s1:14→1 / s2:1→1, 14→1 / s3:1→1 / s4:1→1, 14→2, s1:14→1 / s2:1→1 / s3:1→1, 14→1 / s4:1→1, 14→3}"	"{s3:15→1 / s4:15→1, s3:15→1 / s4:6→1, s3:15→1 / s4:6→1}"	"e7+2 so(8)+g2+su(2)+so(7)+2 su(2)"
14	205	18	184	3	1	0	0	0	0	0	0	"{s1:14→1 / s2:1→1 / s3:1→1 / s4:1→2, 14→1, s1:1→1 / s2:14→1 / s3:14→1 / s4:14→3}"	"{s2:15→1 / s3:15→1 / s4:6→1, s2:15→1 / s3:15→1 / s4:6→1}"	"e7+2 so(8)+g2+su(2)+so(7)+2 su(2)"
14	205	19	178	2	2	0	0	0	0	0	0	"{s1:14→1 / s2:1→1, 14→1 / s3:1→1 / s4:1→1, 14→1, s1:14→1 / s2:1→1, 14→1 / s3:1→1 / s4:1→1, 5→1, 14→2, s1:14→1 / s2:1→1 / s3:1→1, 14→1 / s4:1→1, 14→1}"	"{s3:15→1 / s4:15→1, s3:15→1 / s4:15→1, s3:15→1 / s4:15→1}"	"e7+2 so(8)+g2+su(2)+so(7)+2 su(2)"
14	205	22	101	1	2	0	0	1	0	0	0	"s1:14→1 / s2:1→1 / s3:1→1"	"s4:6→1"	"e7+2 so(8)+g2+su(2)+so(7)+2 su(2)"
14	205	22	151	1	2	1	0	0	0	0	0	"{s1:14→1 / s2:1→1 / s3:1→1, 14→1 / s4:14→1, s1:1→1 / s2:14→1 / s3:14→1 / s4:14→3, s1:1→1 / s2:14→1 / s3:14→1 / s4:14→4}"	"{s4:6→1, s4:6→1, s4:6→1}"	"e7+2 so(8)+g2+su(2)+so(7)+2 su(2)"
14	205	22	158	2	1	1	0	0	0	0	0	"{s1:14→1 / s2:1→1 / s3:14→1 / s4:1→1, 14→4, s1:14→1 / s2:1→1 / s3:14→1 / s4:5→1, 14→4}"	"{s3:16→1 / s4:6→1, s3:16→1 / s4:16→1}"	"e7+2 so(8)+g2+su(2)+so(7)+2 su(2)"
14	205	23	46	1	2	0	0	0	0	1	0	"s1:14→1 / s2:1→1 / s3:1→1"	"s4:6→1"	"e7+2 so(8)+g2+su(2)+so(7)+2 su(2)"
14	205	23	74	1	2	0	0	0	1	0	0	"s1:14→1 / s2:1→1 / s3:1→1"	"s4:6→1"	"e7+2 so(8)+g2+su(2)+so(7)+2 su(2)"
14	205	23	127	1	2	0	1	0	0	0	0	"s1:14→1 / s2:1→1 / s3:1→1"	"s4:6→1"	"e7+2 so(8)+g2+su(2)+so(7)+2 su(2)"
14	205	23	151	1	2	1	0	0	0	0	0	"s1:1→1 / s2:14→1 / s3:14→1 / s4:14→5"	"s4:6→1"	"e7+2 so(8)+g2+su(2)+so(7)+2 su(2)"
14	205	23	152	1	2	1	0	0	0	0	0	"s1:1→1 / s2:14→1 / s3:14→1 / s4:5→1, 14→4"	"s4:17→1"	"e7+2 so(8)+g2+su(2)+so(7)+2 su(2)"
14	205	23	158	2	1	1	0	0	0	0	0	"{s1:14→1 / s2:1→1 / s3:14→1 / s4:14→2, s1:14→1 / s2:1→1 / s3:14→1 / s4:14→3}"	"{s3:16→1 / s4:6→1, s3:16→1 / s4:6→1}"	"e7+2 so(8)+g2+su(2)+so(7)+2 su(2)"
14	205	24	158	2	1	1	0	0	0	0	0	"s1:14→1 / s2:1→1 / s3:14→1 / s4:1→1, 14→3"	"s3:16→1 / s4:6→1"	"e7+2 so(8)+g2+su(2)+so(7)+2 su(2)"
14	205	26	171	1	3	0	0	0	0	0	0	"s1:14→1 / s2:1→1 / s3:1→1, 14→2 / s4:14→3"	"s4:6→1"	"e7+2 so(8)+g2+su(2)+so(7)+2 su(2)"
14	205	30	158	2	1	1	0	0	0	0	0	"s1:14→1 / s2:1→1 / s3:14→1 / s4:14→1"	"s3:16→1 / s4:16→1"	"e7+2 so(8)+g2+su(2)+so(7)+2 su(2)"
14	205	41	145	0	3	1	0	0	0	0	0	"s1:1→1 / s2:14→1 / s3:14→1 / s4:14→1"	""	"e7+2 so(8)+g2+su(2)+so(7)+2 su(2)"
14	205	48	151	1	2	1	0	0	0	0	0	"s1:1→1 / s2:14→1 / s3:14→1 / s4:14→2"	"s4:6→1"	"e7+2 so(8)+g2+su(2)+so(7)+2 su(2)"
14	205	67	151	1	2	1	0	0	0	0	0	"s1:14→1 / s2:1→1 / s3:1→1"	"s4:6→1"	"e7+2 so(8)+g2+su(2)+so(7)+2 su(2)"
14	218	18	163	1	2	0	0	0	1	0	0	"{s1:14→1 / s2:2→1 / s3:1→1 / s4:1→1, 2→1, 14→1, s1:14→1 / s2:2→1 / s3:1→1 / s4:2→2, 14→1}"	"{s4:17→1, s4:17→1}"	"4 so(8)+g2+su(2)"
14	218	19	135	1	2	0	0	0	0	1	0	"{s1:14→1 / s2:2→1 / s3:1→1 / s4:1→1, 2→1, 10→1, s1:14→1 / s2:2→1 / s3:1→1 / s4:1→1, 2→1, 14→1, s1:14→1 / s2:2→1 / s3:1→1 / s4:1→1, 2→2, 10→1, s1:14→1 / s2:2→1 / s3:1→1 / s4:1→1, 2→2, 10→1, 14→1, s1:14→1 / s2:2→1 / s3:1→1 / s4:1→1, 2→2, 14→1, s1:14→1 / s2:2→1 / s3:1→1 / s4:1→1, 2→3, 10→1, s1:14→1 / s2:2→1 / s3:1→1 / s4:1→1, 2→3, 14→1, s1:14→1 / s2:2→1 / s3:1→1 / s4:2→2, 10→1, s1:14→1 / s2:2→1 / s3:1→1 / s4:2→2, 14→1, s1:14→1 / s2:2→1 / s3:1→1 / s4:2→3, 10→1, s1:14→1 / s2:2→1 / s3:1→1 / s4:2→3, 14→1}"	"{s4:17→1, s4:17→1, s4:17→1, s4:17→1, s4:17→1, s4:17→1, s4:17→1, s4:17→1, s4:17→1, s4:17→1, s4:17→1}"	"4 so(8)+g2+su(2)"
14	218	19	163	1	2	0	0	0	1	0	0	"{s1:14→1 / s2:2→1 / s3:1→1 / s4:1→1, 2→1, 10→1, s1:14→1 / s2:2→1 / s3:1→1 / s4:1→1, 2→2, 10→1, s1:14→1 / s2:2→1 / s3:1→1 / s4:1→1, 2→2, 14→1, s1:14→1 / s2:2→1 / s3:1→1 / s4:1→1, 2→3, 10→1, s1:14→1 / s2:2→1 / s3:1→1 / s4:1→1, 2→3, 14→1, s1:14→1 / s2:2→1 / s3:1→1 / s4:2→2, 10→1, s1:14→1 / s2:2→1 / s3:1→1 / s4:2→3, 10→1, s1:14→1 / s2:2→1 / s3:1→1 / s4:2→3, 14→1, s1:14→1 / s2:2→1 / s3:1→1 / s4:2→4, 10→1, s1:14→1 / s2:2→1 / s3:1→1 / s4:2→4, 14→1}"	"{s4:17→1, s4:17→1, s4:17→1, s4:17→1, s4:17→1, s4:17→1, s4:17→1, s4:17→1, s4:17→1, s4:17→1}"	"4 so(8)+g2+su(2)"
14	218	20	115	1	1	1	0	0	0	1	0	"s1:14→1 / s2:2→1 / s3:1→1 / s4:1→1, 10→1"	"s4:17→1"	"4 so(8)+g2+su(2)"
14	218	20	135	1	2	0	0	0	0	1	0	"{s1:14→1 / s2:2→1 / s3:1→1 / s4:2→4, 10→1, s1:14→1 / s2:2→1 / s3:1→1 / s4:2→4, 14→1}"	"{s4:17→1, s4:17→1}"	"4 so(8)+g2+su(2)"
14	218	20	141	2	1	0	0	0	0	1	0	"{s1:14→1 / s2:2→1 / s3:1→1 / s4:1→4, 10→1, s1:14→1 / s2:2→1 / s3:1→1 / s4:1→4, 14→1}"	"{s3:16→1 / s4:16→1, s3:16→1 / s4:16→1}"	"4 so(8)+g2+su(2)"
14	218	21	128	0	3	0	0	0	0	1	0	"s1:14→1 / s2:2→1 / s3:2→1 / s4:1→1"	""	"4 so(8)+g2+su(2)"
14	218	21	135	1	2	0	0	0	0	1	0	"s1:14→1 / s2:2→1 / s3:1→1 / s4:2→1"	"s4:17→1"	"4 so(8)+g2+su(2)"
14	218	21	141	2	1	0	0	0	0	1	0	"s1:14→1 / s2:2→1 / s3:1→1 / s4:1→1"	"s3:16→1 / s4:16→1"	"4 so(8)+g2+su(2)"
14	218	22	108	0	2	1	0	0	0	1	0	"s1:14→1 / s2:2→1 / s3:1→1 / s4:1→1"	""	"4 so(8)+g2+su(2)"
14	218	22	128	0	3	0	0	0	0	1	0	"s1:14→1 / s2:2→1 / s3:1→1 / s4:1→1, 2→1"	""	"4 so(8)+g2+su(2)"
14	218	22	135	1	2	0	0	0	0	1	0	"{s1:14→1 / s2:2→1 / s3:1→1 / s4:1→1, 2→1, s1:14→1 / s2:2→1 / s3:1→1 / s4:1→1, 2→2}"	"{s4:17→1, s4:17→1}"	"4 so(8)+g2+su(2)"
14	218	22	143	1	1	1	0	0	1	0	0	"s1:14→1 / s2:2→1 / s3:1→1 / s4:1→1, 10→1"	"s4:17→1"	"4 so(8)+g2+su(2)"
14	218	23	13	0	3	0	0	0	0	0	1	"{s1:14→1 / s2:2→1 / s3:1→1 / s4:1→1, 2→1, s1:14→1 / s2:2→1 / s3:2→1 / s4:1→2}"	""	"4 so(8)+g2+su(2)"
14	218	23	20	1	2	0	0	0	0	0	1	"{s1:14→1 / s2:2→1 / s3:1→1 / s4:1→1, s1:14→1 / s2:2→1 / s3:1→1 / s4:1→1, 2→1, s1:14→1 / s2:2→1 / s3:1→1 / s4:1→1, 2→1, 10→1, s1:14→1 / s2:2→1 / s3:1→1 / s4:1→1, 2→2, s1:14→1 / s2:2→1 / s3:1→1 / s4:1→1, 2→2, 10→1, s1:14→1 / s2:2→1 / s3:1→1 / s4:1→1, 2→3, s1:14→1 / s2:2→1 / s3:1→1 / s4:1→1, 2→4, s1:14→1 / s2:2→1 / s3:1→1 / s4:2→1, s1:14→1 / s2:2→1 / s3:1→1 / s4:2→2, s1:14→1 / s2:2→1 / s3:1→1 / s4:2→2, 10→1, s1:14→1 / s2:2→1 / s3:1→1 / s4:2→3, 10→1, s1:14→1 / s2:2→1 / s3:1→1 / s4:2→4, 10→1}"	"{s4:17→1, s4:17→1, s4:17→1, s4:17→1, s4:17→1, s4:17→1, s4:17→1, s4:17→1, s4:17→1, s4:17→1, s4:17→1, s4:17→1}"	"4 so(8)+g2+su(2)"
14	218	23	26	2	1	0	0	0	0	0	1	"{s1:14→1 / s2:2→1 / s3:1→1 / s4:1→1, s1:14→1 / s2:2→1 / s3:1→1 / s4:1→2, s1:14→1 / s2:2→1 / s3:1→1 / s4:1→3, s1:14→1 / s2:2→1 / s3:1→1 / s4:1→3, 10→1, s1:14→1 / s2:2→1 / s3:1→1 / s4:1→4, s1:14→1 / s2:2→1 / s3:1→1 / s4:1→4, 10→1, s1:14→1 / s2:2→1 / s3:1→1 / s4:1→5, s1:14→1 / s2:2→1 / s3:1→2 / s4:1→2, s1:14→1 / s2:2→1 / s3:1→2 / s4:1→3, s1:14→1 / s2:2→1 / s3:1→2 / s4:1→4, s1:14→1 / s2:2→1 / s3:1→2 / s4:1→5, s1:14→1 / s2:2→1 / s3:1→3 / s4:1→3, s1:14→1 / s2:2→1 / s3:1→3 / s4:1→4, s1:14→1 / s2:2→1 / s3:1→3 / s4:1→5, s1:14→1 / s2:2→1 / s3:1→4 / s4:1→4}"	"{s3:16→1 / s4:16→1, s3:16→1 / s4:16→1, s3:16→1 / s4:16→1, s3:16→1 / s4:16→1, s3:16→1 / s4:16→1, s3:16→1 / s4:16→1, s3:16→1 / s4:16→1, s3:16→1 / s4:16→1, s3:16→1 / s4:16→1, s3:16→1 / s4:16→1, s3:16→1 / s4:16→1, s3:16→1 / s4:16→1, s3:16→1 / s4:16→1, s3:16→1 / s4:16→1, s3:16→1 / s4:16→1}"	"4 so(8)+g2+su(2)"
14	218	23	115	1	1	1	0	0	0	1	0	"s1:14→1 / s2:2→1 / s3:1→1 / s4:1→1"	"s4:17→1"	"4 so(8)+g2+su(2)"
14	218	23	128	0	3	0	0	0	0	1	0	"s1:14→1 / s2:2→1 / s3:2→1 / s4:1→2"	""	"4 so(8)+g2+su(2)"
14	218	23	135	1	2	0	0	0	0	1	0	"{s1:14→1 / s2:2→1 / s3:1→1 / s4:1→1, s1:14→1 / s2:2→1 / s3:1→1 / s4:1→1, 2→3}"	"{s4:17→1, s4:17→1}"	"4 so(8)+g2+su(2)"
14	218	24	-7	0	2	1	0	0	0	0	1	"s1:14→1 / s2:2→1 / s3:1→1 / s4:1→1"	""	"4 so(8)+g2+su(2)"
14	218	24	0	1	1	1	0	0	0	0	1	"s1:14→1 / s2:2→1 / s3:1→1 / s4:1→1"	"s4:17→1"	"4 so(8)+g2+su(2)"
14	218	24	13	0	3	0	0	0	0	0	1	"s1:14→1 / s2:2→1 / s3:2→1 / s4:1→1"	""	"4 so(8)+g2+su(2)"
14	218	24	20	1	2	0	0	0	0	0	1	"{s1:14→1 / s2:2→1 / s3:1→1 / s4:2→3, s1:14→1 / s2:2→1 / s3:1→1 / s4:2→4}"	"{s4:17→1, s4:17→1}"	"4 so(8)+g2+su(2)"
14	218	24	141	2	1	0	0	0	0	1	0	"s1:14→1 / s2:2→1 / s3:1→1 / s4:1→2"	"s3:16→1 / s4:16→1"	"4 so(8)+g2+su(2)"
14	218	24	156	0	3	0	0	0	1	0	0	"s1:14→1 / s2:2→1 / s3:2→1 / s4:1→1"	""	"4 so(8)+g2+su(2)"
14	218	25	135	1	2	0	0	0	0	1	0	"{s1:14→1 / s2:2→1 / s3:1→1 / s4:1→1, 2→4, s1:14→1 / s2:2→1 / s3:1→1 / s4:2→2}"	"{s4:17→1, s4:17→1}"	"4 so(8)+g2+su(2)"
14	218	25	136	0	2	1	0	0	1	0	0	"s1:14→1 / s2:2→1 / s3:1→1 / s4:1→1"	""	"4 so(8)+g2+su(2)"
14	218	27	20	1	2	0	0	0	0	0	1	"s1:14→1 / s2:2→1 / s3:1→1 / s4:2→1, 10→1"	"s4:17→1"	"4 so(8)+g2+su(2)"
14	218	28	141	2	1	0	0	0	0	1	0	"s1:14→1 / s2:2→1 / s3:1→2 / s4:1→2"	"s3:16→1 / s4:16→1"	"4 so(8)+g2+su(2)"
14	218	32	141	2	1	0	0	0	0	1	0	"s1:14→1 / s2:2→1 / s3:1→1 / s4:1→3"	"s3:16→1 / s4:16→1"	"4 so(8)+g2+su(2)"
14	218	36	135	1	2	0	0	0	0	1	0	"s1:14→1 / s2:2→1 / s3:1→1 / s4:2→3"	"s4:17→1"	"4 so(8)+g2+su(2)"
14	218	38	141	2	1	0	0	0	0	1	0	"s1:14→1 / s2:2→1 / s3:1→2 / s4:1→3"	"s3:16→1 / s4:16→1"	"4 so(8)+g2+su(2)"
14	218	46	135	1	2	0	0	0	0	1	0	"s1:14→1 / s2:2→1 / s3:1→1 / s4:2→3, 10→1, 14→1"	"s4:17→1"	"4 so(8)+g2+su(2)"
14	218	50	141	2	1	0	0	0	0	1	0	"s1:14→1 / s2:2→1 / s3:1→3 / s4:1→3"	"s3:16→1 / s4:16→1"	"4 so(8)+g2+su(2)"
14	218	59	141	2	1	0	0	0	0	1	0	"s1:14→1 / s2:2→1 / s3:1→1 / s4:1→4"	"s3:16→1 / s4:16→1"	"4 so(8)+g2+su(2)"
14	218	60	141	2	1	0	0	0	0	1	0	"s1:14→1 / s2:2→1 / s3:1→2 / s4:1→4"	"s3:16→1 / s4:16→1"	"4 so(8)+g2+su(2)"
14	218	64	135	1	2	0	0	0	0	1	0	"s1:14→1 / s2:2→1 / s3:1→1 / s4:2→4"	"s4:17→1"	"4 so(8)+g2+su(2)"
14	218	82	141	2	1	0	0	0	0	1	0	"s1:14→1 / s2:2→1 / s3:1→4 / s4:1→4"	"s3:16→1 / s4:16→1"	"4 so(8)+g2+su(2)"
14	218	164	20	1	2	0	0	0	0	0	1	"s1:14→1 / s2:2→1 / s3:1→1 / s4:1→1, 10→1"	"s4:17→1"	"4 so(8)+g2+su(2)"
14	220	18	161	2	1	0	0	0	1	0	0	"s1:14→1 / s2:1→1 / s4:1→2, 11→1"	"s3:2→1 / s4:2→1"	"4 so(8)+su(3)+g2+su(2)"
14	220	19	133	2	1	0	0	0	0	1	0	"{s1:14→1 / s2:1→1 / s4:1→1, 3→1, s1:14→1 / s2:1→1 / s4:1→2, s1:14→1 / s2:1→1 / s4:1→2, 11→1, s1:14→1 / s2:1→1 / s4:1→2, 3→1}"	"{s3:2→1 / s4:12→1, s3:2→1 / s4:12→1, s3:2→1 / s4:2→1, s3:2→1 / s4:12→1}"	"4 so(8)+su(3)+g2+su(2)"
14	220	19	134	2	1	0	0	0	0	1	0	"{s1:14→1 / s2:1→1 / s4:1→1, 3→1, 11→1, s1:14→1 / s2:1→1 / s4:1→2, 3→1, 11→1, s1:14→1 / s2:1→1 / s4:1→3, 11→1, s1:14→1 / s2:1→1 / s4:1→3, 3→1, 11→1, s1:14→1 / s2:1→1 / s4:1→4, 11→1}"	"{s3:2→1 / s4:16→1, s3:2→1 / s4:16→1, s3:2→1 / s4:16→1, s3:2→1 / s4:16→1, s3:2→1 / s4:16→1}"	"4 so(8)+su(3)+g2+su(2)"
14	220	19	161	2	1	0	0	0	1	0	0	"{s1:14→1 / s2:1→1 / s4:1→1, 3→1, s1:14→1 / s2:1→1 / s4:1→2, s1:14→1 / s2:1→1 / s4:1→2, 3→1, s1:14→1 / s2:1→1 / s4:1→3}"	"{s3:2→1 / s4:12→1, s3:2→1 / s4:12→1, s3:2→1 / s4:12→1, s3:2→1 / s4:12→1}"	"4 so(8)+su(3)+g2+su(2)"
14	220	19	162	2	1	0	0	0	1	0	0	"{s1:14→1 / s2:1→1 / s4:1→2, 3→1, 11→1, s1:14→1 / s2:1→1 / s4:1→3, 11→1, s1:14→1 / s2:1→1 / s4:1→3, 3→1, 11→1, s1:14→1 / s2:1→1 / s4:1→4, 11→1}"	"{s3:2→1 / s4:16→1, s3:2→1 / s4:16→1, s3:2→1 / s4:16→1, s3:2→1 / s4:16→1}"	"4 so(8)+su(3)+g2+su(2)"
14	220	20	113	2	0	1	0	0	0	1	0	"s1:14→1 / s2:1→1 / s4:1→1"	"s3:2→1 / s4:12→1"	"4 so(8)+su(3)+g2+su(2)"
14	220	20	126	1	2	0	0	0	0	1	0	"{s1:14→1 / s2:1→1 / s3:1→1 / s4:1→2, s1:14→1 / s2:1→1 / s3:1→1 / s4:1→2, 3→1}"	"{s4:12→1, s4:12→1}"	"4 so(8)+su(3)+g2+su(2)"
14	220	20	133	2	1	0	0	0	0	1	0	"{s1:14→1 / s2:1→1, s1:14→1 / s2:1→1 / s3:3→1 / s4:1→1, 3→1, s1:14→1 / s2:1→1 / s3:3→1 / s4:3→1, s1:14→1 / s2:1→1 / s4:1→3, s1:14→1 / s2:1→1 / s4:1→4, s1:14→1 / s2:1→1 / s4:1→5}"	"{s3:2→1 / s4:2→1, s3:16→1 / s4:16→1, s3:16→1 / s4:16→1, s3:2→1 / s4:12→1, s3:2→1 / s4:12→1, s3:2→1 / s4:12→1}"	"4 so(8)+su(3)+g2+su(2)"
14	220	20	134	2	1	0	0	0	0	1	0	"{s1:14→1 / s2:1→1 / s3:3→1, s1:14→1 / s2:1→1 / s4:1→1, 3→1}"	"{s3:16→1 / s4:2→1, s3:2→1 / s4:16→1}"	"4 so(8)+su(3)+g2+su(2)"
14	220	20	161	2	1	0	0	0	1	0	0	"{s1:14→1 / s2:1→1, s1:14→1 / s2:1→1 / s4:1→4}"	"{s3:2→1 / s4:2→1, s3:2→1 / s4:12→1}"	"4 so(8)+su(3)+g2+su(2)"
14	220	21	113	2	0	1	0	0	0	1	0	"s1:14→1 / s2:1→1"	"s3:2→1 / s4:2→1"	"4 so(8)+su(3)+g2+su(2)"
14	220	21	120	0	3	0	0	0	0	1	0	"s1:14→1 / s2:3→1 / s3:1→1 / s4:1→1"	""	"4 so(8)+su(3)+g2+su(2)"
14	220	21	126	1	2	0	0	0	0	1	0	"{s1:14→1 / s2:1→1 / s3:1→1 / s4:1→1, 3→2, s1:14→1 / s2:1→1 / s3:1→1 / s4:1→3, s1:14→1 / s2:1→1 / s3:1→1 / s4:1→4}"	"{s4:12→1, s4:12→1, s4:12→1}"	"4 so(8)+su(3)+g2+su(2)"
14	220	21	127	1	2	0	0	0	0	1	0	"{s1:14→1 / s2:1→1 / s3:1→1, s1:14→1 / s2:1→1 / s3:1→1 / s4:1→1, 3→1, s1:14→1 / s2:1→1 / s3:1→1 / s4:1→1, 3→1, s1:14→1 / s2:1→1 / s3:1→1 / s4:1→1, 3→2, s1:14→1 / s2:1→1 / s3:1→1 / s4:1→1, 3→3, s1:14→1 / s2:1→1 / s3:1→1 / s4:1→1, 3→4, s1:14→1 / s2:1→1 / s3:1→1 / s4:3→1, s1:14→1 / s2:1→1 / s3:1→1 / s4:3→1, s1:14→1 / s2:1→1 / s3:1→1 / s4:3→2, s1:14→1 / s2:1→1 / s3:1→1 / s4:3→3, s1:14→1 / s2:1→1 / s3:1→1 / s4:3→4}"	"{s4:2→1, s4:17→1, s4:2→1, s4:17→1, s4:17→1, s4:17→1, s4:17→1, s4:2→1, s4:17→1, s4:17→1, s4:17→1}"	"4 so(8)+su(3)+g2+su(2)"
14	220	21	133	2	1	0	0	0	0	1	0	"{s1:14→1 / s2:1→1 / s3:1→1, 3→1 / s4:1→1, 3→1, s1:14→1 / s2:1→1 / s3:1→1, 3→1 / s4:1→2, 3→1, s1:14→1 / s2:1→1 / s3:3→1 / s4:1→2, 3→1, s1:14→1 / s2:1→1 / s4:1→1}"	"{s3:16→1 / s4:16→1, s3:16→1 / s4:16→1, s3:16→1 / s4:16→1, s3:2→1 / s4:2→1}"	"4 so(8)+su(3)+g2+su(2)"
14	220	21	134	2	1	0	0	0	0	1	0	"{s1:14→1 / s2:1→1 / s3:1→1, 3→1 / s4:1→1, s1:14→1 / s2:1→1 / s3:3→1 / s4:1→1, s1:14→1 / s2:1→1 / s4:1→2, 3→1, s1:14→1 / s2:1→1 / s4:1→3, 3→1}"	"{s3:16→1 / s4:2→1, s3:16→1 / s4:2→1, s3:2→1 / s4:16→1, s3:2→1 / s4:16→1}"	"4 so(8)+su(3)+g2+su(2)"
14	220	21	141	2	0	1	0	0	1	0	0	"s1:14→1 / s2:1→1"	"s3:2→1 / s4:2→1"	"4 so(8)+su(3)+g2+su(2)"
14	220	21	161	2	1	0	0	0	1	0	0	"s1:14→1 / s2:1→1 / s4:1→5"	"s3:2→1 / s4:12→1"	"4 so(8)+su(3)+g2+su(2)"
14	220	21	162	2	1	0	0	0	1	0	0	"s1:14→1 / s2:1→1 / s3:3→1"	"s3:16→1 / s4:2→1"	"4 so(8)+su(3)+g2+su(2)"
14	220	22	126	1	2	0	0	0	0	1	0	"s1:14→1 / s2:1→1 / s3:1→1 / s4:1→1, 3→1"	"s4:12→1"	"4 so(8)+su(3)+g2+su(2)"
14	220	22	127	1	2	0	0	0	0	1	0	"s1:14→1 / s2:1→1 / s3:1→1 / s4:1→1"	"s4:2→1"	"4 so(8)+su(3)+g2+su(2)"
14	220	22	133	2	1	0	0	0	0	1	0	"{s1:14→1 / s2:1→1 / s3:1→1 / s4:1→1, s1:14→1 / s2:1→1 / s3:1→1 / s4:1→4}"	"{s3:2→1 / s4:2→1, s3:2→1 / s4:12→1}"	"4 so(8)+su(3)+g2+su(2)"
14	220	22	134	2	1	0	0	0	0	1	0	"s1:14→1 / s2:1→1 / s4:1→4, 3→1"	"s3:2→1 / s4:16→1"	"4 so(8)+su(3)+g2+su(2)"
14	220	22	154	1	2	0	0	0	1	0	0	"s1:14→1 / s2:1→1 / s3:1→1 / s4:1→3"	"s4:12→1"	"4 so(8)+su(3)+g2+su(2)"
14	220	22	161	2	1	0	0	0	1	0	0	"s1:14→1 / s2:1→1 / s3:3→1 / s4:3→1"	"s3:16→1 / s4:16→1"	"4 so(8)+su(3)+g2+su(2)"
14	220	23	120	0	3	0	0	0	0	1	0	"s1:14→1 / s2:1→1 / s3:1→1 / s4:1→1"	""	"4 so(8)+su(3)+g2+su(2)"
14	220	23	127	1	2	0	0	0	0	1	0	"s1:14→1 / s2:1→1 / s3:1→1, 3→1 / s4:1→1"	"s4:16→1"	"4 so(8)+su(3)+g2+su(2)"
14	220	23	133	2	1	0	0	0	0	1	0	"{s1:14→1 / s2:1→1 / s3:1→1 / s4:1→1, 3→1, s1:14→1 / s2:1→1 / s3:1→1 / s4:1→2, s1:14→1 / s2:1→1 / s3:1→1 / s4:1→2, 3→1, s1:14→1 / s2:1→1 / s3:1→1 / s4:1→2, 3→2, s1:14→1 / s2:1→1 / s3:1→1 / s4:1→5, s1:14→1 / s2:1→1 / s4:1→2, s1:14→1 / s2:1→2, s1:14→1 / s2:1→2 / s4:1→1}"	"{s3:16→1 / s4:16→1, s3:2→1 / s4:2→1, s3:16→1 / s4:16→1, s3:16→1 / s4:16→1, s3:16→1 / s4:12→1, s3:2→1 / s4:2→1, s3:2→1 / s4:2→1, s3:2→1 / s4:2→1}"	"4 so(8)+su(3)+g2+su(2)"
14	220	23	134	2	1	0	0	0	0	1	0	"{s1:14→1 / s2:1→1 / s3:1→1 / s4:1→1, s1:14→1 / s2:1→1 / s4:1→1}"	"{s3:16→1 / s4:2→1, s3:2→1 / s4:16→1}"	"4 so(8)+su(3)+g2+su(2)"
14	220	23	148	0	3	0	0	0	1	0	0	"s1:14→1 / s2:3→1 / s3:1→1 / s4:1→1"	""	"4 so(8)+su(3)+g2+su(2)"
14	220	23	154	1	2	0	0	0	1	0	0	"{s1:14→1 / s2:1→1 / s3:1→1 / s4:1→2, s1:14→1 / s2:1→1 / s3:1→1 / s4:1→2, 3→1}"	"{s4:12→1, s4:12→1}"	"4 so(8)+su(3)+g2+su(2)"
14	220	23	155	1	2	0	0	0	1	0	0	"{s1:14→1 / s2:1→1 / s3:1→1 / s4:3→1, s1:14→1 / s2:1→1 / s3:1→1 / s4:3→1, s1:14→1 / s2:1→1 / s3:1→1 / s4:3→2, s1:14→1 / s2:1→1 / s3:1→1 / s4:3→3, s1:14→1 / s2:1→1 / s3:1→1 / s4:3→4}"	"{s4:17→1, s4:2→1, s4:17→1, s4:17→1, s4:17→1}"	"4 so(8)+su(3)+g2+su(2)"
14	220	24	154	1	2	0	0	0	1	0	0	"s1:14→1 / s2:1→1 / s3:1→1 / s4:1→4"	"s4:12→1"	"4 so(8)+su(3)+g2+su(2)"
14	220	24	155	1	2	0	0	0	1	0	0	"{s1:14→1 / s2:1→1 / s3:1→1, s1:14→1 / s2:1→1 / s3:1→1 / s4:1→1, 3→3, s1:14→1 / s2:1→1 / s3:1→1 / s4:1→1, 3→4}"	"{s4:2→1, s4:17→1, s4:17→1}"	"4 so(8)+su(3)+g2+su(2)"
14	220	24	161	2	1	0	0	0	1	0	0	"s1:14→1 / s2:1→1 / s3:3→1 / s4:1→1, 3→1"	"s3:16→1 / s4:16→1"	"4 so(8)+su(3)+g2+su(2)"
14	220	24	162	2	1	0	0	0	1	0	0	"s1:14→1 / s2:1→1 / s4:1→1, 3→1"	"s3:2→1 / s4:16→1"	"4 so(8)+su(3)+g2+su(2)"
14	220	25	127	1	2	0	0	0	0	1	0	"s1:14→1 / s2:1→1 / s3:1→1 / s4:1→1"	"s4:17→1"	"4 so(8)+su(3)+g2+su(2)"
14	220	25	133	2	1	0	0	0	0	1	0	"{s1:14→1 / s2:1→1 / s3:1→1 / s4:1→4, s1:14→1 / s2:1→1 / s4:1→3}"	"{s3:16→1 / s4:12→1, s3:2→1 / s4:2→1}"	"4 so(8)+su(3)+g2+su(2)"
14	220	25	155	1	2	0	0	0	1	0	0	"s1:14→1 / s2:1→1 / s3:1→1 / s4:1→1, 3→2"	"s4:17→1"	"4 so(8)+su(3)+g2+su(2)"
14	220	25	161	2	1	0	0	0	1	0	0	"s1:14→1 / s2:1→1 / s3:1→1, 3→1 / s4:1→1, 3→1"	"s3:16→1 / s4:16→1"	"4 so(8)+su(3)+g2+su(2)"
14	220	26	127	1	2	0	0	0	0	1	0	"s1:14→1 / s2:1→1 / s3:1→2"	"s4:2→1"	"4 so(8)+su(3)+g2+su(2)"
14	220	27	155	1	2	0	0	0	1	0	0	"s1:14→1 / s2:1→1 / s3:1→1 / s4:1→1, 3→1"	"s4:2→1"	"4 so(8)+su(3)+g2+su(2)"
14	220	28	133	2	1	0	0	0	0	1	0	"s1:14→1 / s2:1→1 / s3:1→1 / s4:1→1"	"s3:16→1 / s4:16→1"	"4 so(8)+su(3)+g2+su(2)"
14	220	28	134	2	1	0	0	0	0	1	0	"s1:14→1 / s2:1→1 / s3:1→1 / s4:1→1, 3→1"	"s3:16→1 / s4:2→1"	"4 so(8)+su(3)+g2+su(2)"
14	220	30	133	2	1	0	0	0	0	1	0	"s1:14→1 / s2:1→1 / s4:1→4"	"s3:2→1 / s4:2→1"	"4 so(8)+su(3)+g2+su(2)"
14	220	30	155	1	2	0	0	0	1	0	0	"s1:14→1 / s2:1→1 / s3:1→1 / s4:1→1, 3→1"	"s4:17→1"	"4 so(8)+su(3)+g2+su(2)"
14	220	33	133	2	1	0	0	0	0	1	0	"s1:14→1 / s2:1→1 / s3:1→1 / s4:1→2"	"s3:16→1 / s4:16→1"	"4 so(8)+su(3)+g2+su(2)"
14	220	37	133	2	1	0	0	0	0	1	0	"s1:14→1 / s2:1→1 / s4:1→5"	"s3:2→1 / s4:2→1"	"4 so(8)+su(3)+g2+su(2)"
14	220	39	134	2	1	0	0	0	0	1	0	"s1:14→1 / s2:1→1 / s4:1→2, 11→1"	"s3:2→1 / s4:16→1"	"4 so(8)+su(3)+g2+su(2)"
14	220	50	148	0	3	0	0	0	1	0	0	"s1:14→1 / s2:1→1 / s3:1→1 / s4:1→1"	""	"4 so(8)+su(3)+g2+su(2)"
14	220	52	133	2	1	0	0	0	0	1	0	"s1:14→1 / s2:1→1 / s3:1→1 / s4:1→4, 3→1"	"s3:16→1 / s4:12→1"	"4 so(8)+su(3)+g2+su(2)"
14	220	54	134	2	1	0	0	0	0	1	0	"s1:14→1 / s2:1→1 / s4:1→2"	"s3:2→1 / s4:16→1"	"4 so(8)+su(3)+g2+su(2)"
14	220	72	134	2	1	0	0	0	0	1	0	"s1:14→1 / s2:1→2 / s3:3→1"	"s3:16→1 / s4:2→1"	"4 so(8)+su(3)+g2+su(2)"
14	222	18	169	2	1	0	0	1	0	0	0	"{s1:14→1 / s2:2→1 / s3:1→2, 12→1 / s4:1→2, 12→1, s1:14→1 / s2:2→1 / s3:1→2, 12→1 / s4:1→3, 12→1, s1:14→1 / s2:2→1 / s3:1→3, 12→1 / s4:1→3, 12→1, s1:14→1 / s2:2→1 / s3:1→3, 12→1 / s4:1→4, 12→1, s1:14→1 / s2:2→1 / s3:1→4, 12→1 / s4:1→4, 12→1}"	"{s3:16→1 / s4:16→1, s3:16→1 / s4:16→1, s3:16→1 / s4:16→1, s3:16→1 / s4:16→1, s3:16→1 / s4:16→1}"	"5 so(8)+su(3)"
14	222	19	163	1	2	0	0	1	0	0	0	"{s1:14→1 / s2:2→1 / s3:1→1 / s4:1→2, 2→1, 12→1, s1:14→1 / s2:2→1 / s3:1→1 / s4:1→3, 12→1, s1:14→1 / s2:2→1 / s3:1→1 / s4:1→3, 2→1, 12→1, s1:14→1 / s2:2→1 / s3:1→1 / s4:1→4, 12→1}"	"{s4:16→1, s4:16→1, s4:16→1, s4:16→1}"	"5 so(8)+su(3)"
14	222	24	156	0	3	0	0	1	0	0	0	"s1:14→1 / s2:2→1 / s3:2→1 / s4:1→1"	""	"5 so(8)+su(3)"
14	222	25	136	0	2	1	0	1	0	0	0	"s1:14→1 / s2:2→1 / s3:1→1 / s4:1→1"	""	"5 so(8)+su(3)"
