"TH"	"index"	"Tmin"	"Delta"	"n2"	"n3"	"n4"	"n5"	"n6"	"n7"	"n8"	"n12"	"On -1"	"On -2/-3"	"LST gauge algebra"
12	1	15	189	1	1	1	0	0	0	0	0	"{s1:12→1 / s2:1→1 / s3:3→1, 12→2, s1:12→1 / s2:1→1 / s3:3→2, 12→3}"	"{s3:14→1, s3:14→1}"
12	1	16	165	1	1	0	1	0	0	0	0	"{s1:12→1 / s2:1→1 / s3:3→1, 12→1, s1:12→1 / s2:1→1 / s3:3→1, 12→2, s1:12→1 / s2:1→1 / s3:3→2, 12→1, s1:12→1 / s2:1→1 / s3:3→2, 12→2, s1:12→1 / s2:1→1 / s3:3→2, 12→3, s1:12→1 / s2:1→1 / s3:3→3, 12→2}"	"{s3:14→1, s3:14→1, s3:14→1, s3:14→1, s3:14→1, s3:14→1}"
12	1	17	139	1	1	0	0	1	0	0	0	"{s1:12→1 / s2:1→1 / s3:3→1, 12→1, s1:12→1 / s2:1→1 / s3:3→1, 12→2, s1:12→1 / s2:1→1 / s3:3→2, 12→1, s1:12→1 / s2:1→1 / s3:3→2, 12→2, s1:12→1 / s2:1→1 / s3:3→2, 12→3, s1:12→1 / s2:1→1 / s3:3→3, 12→1, s1:12→1 / s2:1→1 / s3:3→3, 12→2}"	"{s3:14→1, s3:14→1, s3:14→1, s3:14→1, s3:14→1, s3:14→1, s3:14→1}"
12	1	17	165	1	1	0	1	0	0	0	0	"{s1:12→1 / s2:1→1 / s3:3→1, 12→3, s1:12→1 / s2:1→1 / s3:3→3, 12→1}"	"{s3:14→1, s3:14→1}"
12	1	18	112	1	1	0	0	0	1	0	0	"{s1:12→1 / s2:1→1 / s3:3→1, s1:12→1 / s2:1→1 / s3:3→1, 12→1, s1:12→1 / s2:1→1 / s3:3→2, s1:12→1 / s2:1→1 / s3:3→2, 12→1, s1:12→1 / s2:1→1 / s3:3→3, s1:12→1 / s2:1→1 / s3:3→3, 12→1}"	"{s3:14→1, s3:14→1, s3:14→1, s3:14→1, s3:14→1, s3:14→1}"
12	1	18	139	1	1	0	0	1	0	0	0	"{s1:12→1 / s2:1→1 / s3:3→1, s1:12→1 / s2:1→1 / s3:3→1, 12→3, s1:12→1 / s2:1→1 / s3:3→2, s1:12→1 / s2:1→1 / s3:3→3}"	"{s3:14→1, s3:14→1, s3:14→1, s3:14→1}"
12	1	19	84	1	1	0	0	0	0	1	0	"{s1:12→1 / s2:1→1 / s3:3→1, s1:12→1 / s2:1→1 / s3:3→1, 12→1, s1:12→1 / s2:1→1 / s3:3→2, s1:12→1 / s2:1→1 / s3:3→2, 12→1, s1:12→1 / s2:1→1 / s3:3→3, s1:12→1 / s2:1→1 / s3:3→3, 12→1}"	"{s3:14→1, s3:14→1, s3:14→1, s3:14→1, s3:14→1, s3:14→1}"
12	1	19	139	1	1	0	0	1	0	0	0	"s1:12→1 / s2:1→1 / s3:3→1, 12→4"	"s3:14→1"
12	1	19	165	1	1	0	1	0	0	0	0	"s1:12→1 / s2:1→1 / s3:3→1, 12→4"	"s3:14→1"
12	1	20	165	1	1	0	1	0	0	0	0	"s1:12→1 / s2:1→1 / s3:3→1"	"s3:14→1"
12	1	23	-31	1	1	0	0	0	0	0	1	"{s1:12→1 / s2:1→1 / s3:3→1, s1:12→1 / s2:1→1 / s3:3→2, s1:12→1 / s2:1→1 / s3:3→3}"	"{s3:14→1, s3:14→1, s3:14→1}"
12	1	43	84	1	1	0	0	0	0	1	0	"s1:12→1 / s2:1→1 / s3:12→1"	"s3:14→1"
12	1	55	112	1	1	0	0	0	1	0	0	"s1:12→1 / s2:1→1 / s3:12→1"	"s3:14→1"
12	1	84	139	1	1	0	0	1	0	0	0	"s1:12→1 / s2:1→1 / s3:12→1"	"s3:14→1"
12	2	14	209	2	1	0	0	0	0	0	0	"s1:1→1 / s2:12→1 / s3:12→1"	"s2:13→1 / s3:2→1"
12	2	15	182	1	1	1	0	0	0	0	0	"s1:1→1 / s2:12→1 / s3:12→1"	"s3:2→1"
12	2	15	189	2	0	1	0	0	0	0	0	"{s1:12→1 / s2:1→1, 12→1 / s3:1→2, 12→1, s1:12→1 / s2:1→1, 12→1 / s3:1→3, 12→2, s1:12→1 / s2:1→2, 12→1 / s3:1→3, 12→1, s1:12→1 / s3:1→2, 12→1, s1:12→1 / s3:1→3, 12→1, s1:12→1 / s3:1→3, 12→2, s1:1→1, 12→1 / s2:12→1, s1:1→1, 12→1 / s2:12→1 / s3:12→1, s1:1→1, 12→1 / s3:1→1, 12→1, s1:1→1, 12→1 / s3:1→1, 12→2, s1:1→1 / s2:12→1 / s3:12→1, s1:1→1 / s2:12→1 / s3:1→1, 12→3, s1:1→1 / s2:12→1 / s3:1→1, 12→4, s1:1→1 / s2:12→2 / s3:12→2, s1:1→1 / s2:12→2 / s3:1→1, 12→3, s1:1→1 / s2:12→2 / s3:1→1, 12→4}"	"{s2:2→1 / s3:6→1, s2:2→1 / s3:6→1, s2:2→1 / s3:6→1, s2:2→1 / s3:6→1, s2:2→1 / s3:6→1, s2:2→1 / s3:6→1, s2:6→1 / s3:2→1, s2:6→1 / s3:2→1, s2:2→1 / s3:6→1, s2:2→1 / s3:6→1, s2:6→1 / s3:2→1, s2:2→1 / s3:6→1, s2:2→1 / s3:6→1, s2:6→1 / s3:2→1, s2:2→1 / s3:6→1, s2:2→1 / s3:6→1}"
12	2	16	158	1	1	0	1	0	0	0	0	"{s1:12→1 / s2:1→1, s1:12→1 / s2:1→1 / s3:1→1, 12→1, s1:12→1 / s2:1→1 / s3:1→2, 12→1, s1:12→1 / s2:1→1 / s3:1→3, 12→2, s1:1→1 / s2:12→1 / s3:12→1, s1:1→1 / s2:12→1 / s3:12→1}"	"{s3:2→1, s3:2→1, s3:6→1, s3:6→1, s3:2→1, s3:6→1}"
12	2	16	162	1	0	2	0	0	0	0	0	"{s1:12→1 / s2:1→1 / s3:12→1, s1:12→1 / s2:1→1 / s3:1→1, 12→1, s1:12→1 / s2:1→1 / s3:1→1, 12→2, s1:12→1 / s2:1→1 / s3:1→1, 12→2, s1:12→1 / s2:1→1 / s3:1→2, 12→2, s1:12→1 / s2:1→1 / s3:1→2, 12→3}"	"{s3:2→1, s3:6→1, s3:2→1, s3:6→1, s3:6→1, s3:6→1}"
12	2	16	165	2	0	0	1	0	0	0	0	"{s1:12→1 / s3:1→1, s1:12→1 / s3:1→2, 12→1, s1:12→1 / s3:1→3, 12→1, s1:12→1 / s3:1→3, 12→2, s1:12→1 / s3:1→4, 12→1, s1:1→1, 12→1, s1:1→1 / s2:12→1 / s3:12→1, s1:1→1 / s2:12→2 / s3:12→1, s1:1→1 / s2:12→2 / s3:12→2, s1:1→1 / s2:12→3 / s3:12→2, s1:1→1 / s2:12→3 / s3:12→3, s1:1→1 / s2:12→4 / s3:12→3}"	"{s2:2→1 / s3:6→1, s2:2→1 / s3:6→1, s2:2→1 / s3:6→1, s2:2→1 / s3:6→1, s2:2→1 / s3:6→1, s2:6→1 / s3:2→1, s2:6→1 / s3:2→1, s2:6→1 / s3:2→1, s2:6→1 / s3:2→1, s2:6→1 / s3:2→1, s2:6→1 / s3:2→1, s2:6→1 / s3:2→1}"
12	2	16	175	0	2	1	0	0	0	0	0	"{s1:12→1 / s2:1→1 / s3:1→1, 12→1, s1:1→1, 12→1 / s2:12→1 / s3:1→1, s1:1→1 / s2:12→1 / s3:1→1, 12→1}"	""
12	2	16	182	1	1	1	0	0	0	0	0	"{s1:12→1 / s2:1→1, s1:12→1 / s2:1→1, 12→1 / s3:1→1, 12→1, s1:12→1 / s2:1→1, 12→1 / s3:1→1, 12→1, s1:12→1 / s2:1→1 / s3:1→1, 12→1, s1:12→1 / s2:1→1 / s3:1→1, 12→1, s1:12→1 / s2:1→1 / s3:1→1, 12→1, s1:12→1 / s2:1→1 / s3:1→2, 12→1, s1:12→1 / s2:1→1 / s3:1→2, 12→2, s1:12→1 / s2:1→1 / s3:1→2, 12→2, s1:12→1 / s2:1→1 / s3:1→2, 12→2, s1:12→1 / s2:1→1 / s3:1→2, 12→3, s1:12→1 / s2:1→1 / s3:1→3, 12→2, s1:12→1 / s2:1→1 / s3:1→3, 12→2, s1:12→1 / s2:1→1 / s3:1→3, 12→2, s1:12→1 / s2:1→2, 12→1, s1:12→1 / s2:1→2, 12→1 / s3:1→1, 12→1, s1:12→1 / s2:1→2, 12→1 / s3:1→2, 12→1, s1:12→1 / s2:1→2, 12→1 / s3:1→2, 12→1, s1:12→1 / s2:1→2, 12→1 / s3:1→3, 12→1, s1:12→1 / s2:1→3, 12→1, s1:1→1, 12→1 / s2:12→1 / s3:12→1, s1:1→1, 12→1 / s2:12→1 / s3:12→1, s1:1→1, 12→1 / s2:12→1 / s3:1→1, s1:1→1, 12→1 / s2:12→1 / s3:1→1, 12→1, s1:1→1, 12→1 / s2:12→1 / s3:1→1, 12→1, s1:1→1 / s2:12→1 / s3:12→1, s1:1→1 / s2:12→1 / s3:1→1, 12→1, s1:1→1 / s2:12→1 / s3:1→1, 12→2, s1:1→1 / s2:12→1 / s3:1→1, 12→2, s1:1→1 / s2:12→1 / s3:1→1, 12→3, s1:1→1 / s2:12→1 / s3:1→1, 12→3, s1:1→1 / s2:12→1 / s3:1→2, 12→2, s1:1→1 / s2:12→1 / s3:1→2, 12→2, s1:1→1 / s2:12→1 / s3:1→2, 12→3, s1:1→1 / s2:12→1 / s3:1→2, 12→3}"	"{s3:6→1, s3:2→1, s3:6→1, s3:14→1, s3:2→1, s3:6→1, s3:6→1, s3:14→1, s3:2→1, s3:6→1, s3:2→1, s3:14→1, s3:2→1, s3:6→1, s3:2→1, s3:2→1, s3:2→1, s3:6→1, s3:6→1, s3:2→1, s3:2→1, s3:6→1, s3:14→1, s3:2→1, s3:6→1, s3:6→1, s3:14→1, s3:2→1, s3:6→1, s3:2→1, s3:6→1, s3:14→1, s3:6→1, s3:14→1, s3:6→1}"
12	2	17	132	1	1	0	0	1	0	0	0	"{s1:12→1 / s2:1→1, s1:12→1 / s2:1→1 / s3:1→1, s1:12→1 / s2:1→1 / s3:1→1, 12→1, s1:12→1 / s2:1→1 / s3:1→2, 12→1, s1:12→1 / s2:1→1 / s3:1→2, 12→1, s1:12→1 / s2:1→1 / s3:1→3, 12→1, s1:12→1 / s2:1→1 / s3:1→4, 12→1, s1:1→1 / s2:12→1 / s3:12→1, s1:1→1 / s2:12→1 / s3:12→2, s1:1→1 / s2:12→1 / s3:12→3}"	"{s3:2→1, s3:6→1, s3:2→1, s3:2→1, s3:6→1, s3:6→1, s3:6→1, s3:6→1, s3:6→1, s3:6→1}"
12	2	17	138	1	0	1	1	0	0	0	0	"{s1:12→1 / s2:1→1, s1:12→1 / s2:1→1, s1:12→1 / s2:1→1 / s3:12→1, s1:12→1 / s2:1→1 / s3:1→1, 12→1, s1:12→1 / s2:1→1 / s3:1→1, 12→1, s1:12→1 / s2:1→1 / s3:1→1, 12→2, s1:12→1 / s2:1→1 / s3:1→1, 12→2, s1:12→1 / s2:1→1 / s3:1→2, 12→1, s1:12→1 / s2:1→1 / s3:1→2, 12→2, s1:12→1 / s2:1→1 / s3:1→2, 12→3, s1:12→1 / s2:1→1 / s3:1→3, 12→1, s1:12→1 / s2:1→1 / s3:1→3, 12→2, s1:1→1 / s2:12→1 / s3:12→1, s1:1→1 / s2:12→1 / s3:12→1, s1:1→1 / s2:12→1 / s3:12→2}"	"{s3:2→1, s3:6→1, s3:2→1, s3:2→1, s3:6→1, s3:2→1, s3:6→1, s3:6→1, s3:6→1, s3:6→1, s3:6→1, s3:6→1, s3:2→1, s3:6→1, s3:6→1}"
12	2	17	139	2	0	0	0	1	0	0	0	"{s1:12→1 / s2:1→1 / s3:1→2, s1:12→1 / s3:1→1, s1:12→1 / s3:1→2, s1:12→1 / s3:1→2, 12→1, s1:12→1 / s3:1→3, s1:12→1 / s3:1→3, 12→1, s1:12→1 / s3:1→4, s1:12→1 / s3:1→4, 12→1}"	"{s2:2→1 / s3:6→1, s2:2→1 / s3:6→1, s2:2→1 / s3:6→1, s2:2→1 / s3:6→1, s2:2→1 / s3:6→1, s2:2→1 / s3:6→1, s2:2→1 / s3:6→1, s2:2→1 / s3:6→1}"
12	2	17	155	0	1	2	0	0	0	0	0	"s1:12→1 / s2:1→1 / s3:1→1, 12→1"	""
12	2	17	158	1	1	0	1	0	0	0	0	"{s1:12→1 / s2:1→1, s1:12→1 / s2:1→1 / s3:1→1, s1:12→1 / s2:1→1 / s3:1→1, 12→1, s1:12→1 / s2:1→1 / s3:1→1, 12→1, s1:12→1 / s2:1→1 / s3:1→2, 12→1, s1:12→1 / s2:1→1 / s3:1→2, 12→1, s1:12→1 / s2:1→1 / s3:1→2, 12→2, s1:12→1 / s2:1→1 / s3:1→2, 12→2, s1:12→1 / s2:1→1 / s3:1→2, 12→2, s1:12→1 / s2:1→1 / s3:1→2, 12→3, s1:12→1 / s2:1→1 / s3:1→3, 12→1, s1:12→1 / s2:1→1 / s3:1→3, 12→1, s1:12→1 / s2:1→1 / s3:1→3, 12→1, s1:12→1 / s2:1→1 / s3:1→3, 12→2, s1:12→1 / s2:1→1 / s3:1→3, 12→2, s1:12→1 / s2:1→1 / s3:1→4, 12→1, s1:1→1 / s2:12→1 / s3:12→2, s1:1→1 / s2:12→1 / s3:12→2, s1:1→1 / s2:12→1 / s3:12→3}"	"{s3:6→1, s3:6→1, s3:14→1, s3:6→1, s3:14→1, s3:2→1, s3:14→1, s3:2→1, s3:6→1, s3:2→1, s3:14→1, s3:2→1, s3:6→1, s3:14→1, s3:2→1, s3:6→1, s3:2→1, s3:6→1, s3:6→1}"
12	2	17	162	1	0	2	0	0	0	0	0	"{s1:12→1 / s2:1→1, s1:12→1 / s2:1→1 / s3:12→1, s1:12→1 / s2:1→1 / s3:1→1, 12→1, s1:12→1 / s2:1→1 / s3:1→1, 12→3, s1:12→1 / s2:1→1 / s3:1→1, 12→3, s1:12→1 / s2:1→1 / s3:1→2, 12→1, s1:12→1 / s2:1→1 / s3:1→3, 12→2}"	"{s3:6→1, s3:6→1, s3:2→1, s3:2→1, s3:6→1, s3:6→1, s3:6→1}"
12	2	17	165	2	0	0	1	0	0	0	0	"{s1:12→1, s1:12→1 / s3:1→1, 12→1, s1:12→1 / s3:1→2, s1:12→1 / s3:1→2, 12→2, s1:12→1 / s3:1→3, s1:1→1 / s2:12→5 / s3:12→4}"	"{s2:6→1 / s3:2→1, s2:2→1 / s3:6→1, s2:2→1 / s3:6→1, s2:2→1 / s3:6→1, s2:2→1 / s3:6→1, s2:6→1 / s3:2→1}"
12	2	17	175	0	2	1	0	0	0	0	0	"{s1:12→1 / s2:1→1 / s3:1→2, 12→1, s1:1→1 / s2:12→1 / s3:1→1, 12→2}"	""
12	2	18	105	1	1	0	0	0	1	0	0	"{s1:12→1 / s2:1→1, s1:12→1 / s2:1→1 / s3:1→1, s1:12→1 / s2:1→1 / s3:1→2, s1:12→1 / s2:1→1 / s3:1→3}"	"{s3:2→1, s3:6→1, s3:6→1, s3:6→1}"
12	2	18	112	1	0	1	0	1	0	0	0	"{s1:12→1 / s2:1→1, s1:12→1 / s2:1→1, s1:12→1 / s2:1→1 / s3:12→1, s1:12→1 / s2:1→1 / s3:1→1, s1:12→1 / s2:1→1 / s3:1→1, 12→1, s1:12→1 / s2:1→1 / s3:1→1, 12→1, s1:12→1 / s2:1→1 / s3:1→2, s1:12→1 / s2:1→1 / s3:1→2, 12→1, s1:12→1 / s2:1→1 / s3:1→3, 12→1, s1:1→1 / s2:12→1 / s3:12→1, s1:1→1 / s2:12→1 / s3:12→2, s1:1→1 / s2:12→1 / s3:12→3}"	"{s3:2→1, s3:6→1, s3:2→1, s3:6→1, s3:2→1, s3:6→1, s3:6→1, s3:6→1, s3:6→1, s3:6→1, s3:6→1, s3:6→1}"
12	2	18	112	2	0	0	0	0	1	0	0	"{s1:12→1 / s2:1→1 / s3:1→2, s1:12→1 / s2:1→1 / s3:1→3, s1:12→1 / s2:1→1 / s3:1→4, s1:12→1 / s2:1→1 / s3:1→5, s1:12→1 / s3:1→1, s1:12→1 / s3:1→2, s1:12→1 / s3:1→3, s1:12→1 / s3:1→4, s1:12→1 / s3:1→5}"	"{s2:2→1 / s3:6→1, s2:2→1 / s3:6→1, s2:2→1 / s3:6→1, s2:2→1 / s3:6→1, s2:2→1 / s3:6→1, s2:2→1 / s3:6→1, s2:2→1 / s3:6→1, s2:2→1 / s3:6→1, s2:2→1 / s3:6→1}"
12	2	18	114	1	0	0	2	0	0	0	0	"{s1:12→1 / s2:1→1, s1:12→1 / s2:1→1, s1:12→1 / s2:1→1 / s3:12→1, s1:12→1 / s2:1→1 / s3:12→1, s1:12→1 / s2:1→1 / s3:12→2}"	"{s3:2→1, s3:6→1, s3:2→1, s3:6→1, s3:6→1}"
12	2	18	125	0	2	0	0	1	0	0	0	"{s1:12→1 / s2:1→1 / s3:1→1, s1:1→1 / s2:12→1 / s3:12→1}"	""
12	2	18	132	1	1	0	0	1	0	0	0	"{s1:12→1 / s2:1→1, s1:12→1 / s2:1→1 / s3:1→1, 12→1, s1:12→1 / s2:1→1 / s3:1→1, 12→1, s1:12→1 / s2:1→1 / s3:1→2, s1:12→1 / s2:1→1 / s3:1→2, 12→1, s1:12→1 / s2:1→1 / s3:1→3, s1:12→1 / s2:1→1 / s3:1→3, 12→1, s1:12→1 / s2:1→1 / s3:1→3, 12→1, s1:12→1 / s2:1→1 / s3:1→4, s1:12→1 / s2:1→1 / s3:1→4, 12→1, s1:12→1 / s2:1→1 / s3:1→4, 12→1, s1:1→1 / s2:12→1 / s3:12→4, s1:1→1 / s2:12→1 / s3:12→5}"	"{s3:6→1, s3:14→1, s3:6→1, s3:6→1, s3:14→1, s3:6→1, s3:14→1, s3:2→1, s3:6→1, s3:14→1, s3:2→1, s3:6→1, s3:6→1}"
12	2	18	138	1	0	1	1	0	0	0	0	"{s1:12→1 / s2:1→1 / s3:12→1, s1:12→1 / s2:1→1 / s3:1→1, s1:12→1 / s2:1→1 / s3:1→1, 12→3, s1:12→1 / s2:1→1 / s3:1→1, 12→3, s1:12→1 / s2:1→1 / s3:1→4, 12→1, s1:1→1 / s2:12→1, s1:1→1 / s2:12→1 / s3:12→2, s1:1→1 / s2:12→1 / s3:12→3}"	"{s3:6→1, s3:6→1, s3:2→1, s3:6→1, s3:6→1, s3:6→1, s3:2→1, s3:6→1}"
12	2	18	139	2	0	0	0	1	0	0	0	"{s1:12→1, s1:12→1 / s2:1→1 / s3:1→3, s1:12→1 / s2:1→1 / s3:1→4, s1:12→1 / s2:1→1 / s3:1→5, s1:12→1 / s3:1→1, 12→1, s1:12→1 / s3:1→5}"	"{s2:6→1 / s3:2→1, s2:2→1 / s3:6→1, s2:2→1 / s3:6→1, s2:2→1 / s3:6→1, s2:2→1 / s3:6→1, s2:2→1 / s3:6→1}"
12	2	18	158	1	1	0	1	0	0	0	0	"{s1:12→1 / s2:1→1 / s3:12→1, s1:12→1 / s2:1→1 / s3:1→1, 12→2, s1:12→1 / s2:1→1 / s3:1→1, 12→2, s1:12→1 / s2:1→1 / s3:1→2, s1:12→1 / s2:1→1 / s3:1→2, 12→3, s1:12→1 / s2:1→1 / s3:1→2, 12→3, s1:12→1 / s2:1→1 / s3:1→4, 12→1, s1:12→1 / s2:1→1 / s3:1→4, 12→1, s1:1→1 / s2:12→1 / s3:12→3, s1:1→1 / s2:12→1 / s3:12→4}"	"{s3:2→1, s3:2→1, s3:6→1, s3:6→1, s3:14→1, s3:6→1, s3:14→1, s3:2→1, s3:2→1, s3:6→1}"
12	2	18	162	1	0	2	0	0	0	0	0	"{s1:12→1 / s2:1→1 / s3:1→1, 12→4, s1:12→1 / s2:1→1 / s3:1→1, 12→4, s1:12→1 / s2:1→1 / s3:1→3, 12→1}"	"{s3:2→1, s3:6→1, s3:6→1}"
12	2	18	165	2	0	0	1	0	0	0	0	"{s1:1→1, s1:1→1 / s2:12→4 / s3:12→4}"	"{s2:6→1 / s3:2→1, s2:6→1 / s3:2→1}"
12	2	19	77	1	1	0	0	0	0	1	0	"{s1:12→1 / s2:1→1, s1:12→1 / s2:1→1 / s3:1→1, s1:12→1 / s2:1→1 / s3:1→1, s1:12→1 / s2:1→1 / s3:1→2, s1:12→1 / s2:1→1 / s3:1→3, s1:12→1 / s2:1→1 / s3:1→4, s1:12→1 / s2:1→1 / s3:1→5}"	"{s3:2→1, s3:2→1, s3:6→1, s3:6→1, s3:6→1, s3:6→1, s3:6→1}"
12	2	19	84	2	0	0	0	0	0	1	0	"{s1:12→1 / s2:1→1 / s3:1→2, s1:12→1 / s2:1→1 / s3:1→3, s1:12→1 / s2:1→1 / s3:1→4, s1:12→1 / s2:1→1 / s3:1→5, s1:12→1 / s2:1→2 / s3:1→4, s1:12→1 / s2:1→2 / s3:1→5, s1:12→1 / s3:1→1, s1:12→1 / s3:1→2, s1:12→1 / s3:1→3, s1:12→1 / s3:1→4, s1:12→1 / s3:1→5}"	"{s2:2→1 / s3:6→1, s2:2→1 / s3:6→1, s2:2→1 / s3:6→1, s2:2→1 / s3:6→1, s2:2→1 / s3:6→1, s2:2→1 / s3:6→1, s2:2→1 / s3:6→1, s2:2→1 / s3:6→1, s2:2→1 / s3:6→1, s2:2→1 / s3:6→1, s2:2→1 / s3:6→1}"
12	2	19	85	1	0	1	0	0	1	0	0	"{s1:12→1 / s2:1→1, s1:12→1 / s2:1→1, s1:12→1 / s2:1→1 / s3:1→1, s1:12→1 / s2:1→1 / s3:1→2, s1:12→1 / s2:1→1 / s3:1→3}"	"{s3:2→1, s3:6→1, s3:6→1, s3:6→1, s3:6→1}"
12	2	19	88	1	0	0	1	1	0	0	0	"{s1:12→1 / s2:1→1, s1:12→1 / s2:1→1, s1:12→1 / s2:1→1 / s3:12→1, s1:12→1 / s2:1→1 / s3:12→1, s1:1→1 / s2:12→1, s1:1→1 / s2:12→1 / s3:12→1, s1:1→1 / s2:12→1 / s3:12→2}"	"{s3:2→1, s3:6→1, s3:2→1, s3:6→1, s3:6→1, s3:6→1, s3:6→1}"
12	2	19	98	0	2	0	0	0	1	0	0	"s1:12→1 / s2:1→1 / s3:1→1"	""
12	2	19	105	0	1	1	0	1	0	0	0	"{s1:12→1 / s2:1→1 / s3:1→1, s1:1→1 / s2:12→1 / s3:12→1}"	""
12	2	19	105	1	1	0	0	0	1	0	0	"{s1:12→1 / s2:1→1, s1:12→1 / s2:1→1 / s3:1→1, s1:12→1 / s2:1→1 / s3:1→1, s1:12→1 / s2:1→1 / s3:1→2, s1:12→1 / s2:1→1 / s3:1→4, s1:12→1 / s2:1→1 / s3:1→5, s1:12→1 / s2:1→2, s1:12→1 / s2:1→2 / s3:1→4}"	"{s3:6→1, s3:14→1, s3:2→1, s3:2→1, s3:6→1, s3:6→1, s3:2→1, s3:6→1}"
12	2	19	112	1	0	1	0	1	0	0	0	"{s1:12→1 / s2:1→1 / s3:12→1, s1:12→1 / s2:1→1 / s3:1→3, s1:12→1 / s2:1→1 / s3:1→4, s1:1→1 / s2:12→1, s1:1→1 / s2:12→1 / s3:12→4, s1:1→1 / s2:12→1 / s3:12→5}"	"{s3:6→1, s3:6→1, s3:6→1, s3:6→1, s3:6→1, s3:6→1}"
12	2	19	112	2	0	0	0	0	1	0	0	"{s1:12→1, s1:12→1 / s2:1→2 / s3:1→4, s1:12→1 / s2:1→2 / s3:1→5}"	"{s2:6→1 / s3:2→1, s2:2→1 / s3:6→1, s2:2→1 / s3:6→1}"
12	2	19	114	1	0	0	2	0	0	0	0	"{s1:12→1 / s2:1→1 / s3:12→2, s1:12→1 / s2:1→1 / s3:12→3}"	"{s3:2→1, s3:6→1}"
12	2	19	132	1	1	0	0	1	0	0	0	"{s1:12→1 / s2:1→1 / s3:12→1, s1:12→1 / s2:1→1 / s3:1→1, s1:12→1 / s2:1→1 / s3:1→5}"	"{s3:2→1, s3:2→1, s3:6→1}"
12	2	19	138	1	0	1	1	0	0	0	0	"{s1:12→1 / s2:1→1 / s3:1→2, s1:1→1 / s2:12→1 / s3:12→3, s1:1→1 / s2:12→1 / s3:12→4}"	"{s3:6→1, s3:2→1, s3:6→1}"
12	2	19	158	1	1	0	1	0	0	0	0	"{s1:12→1 / s2:1→1 / s3:1→3, s1:1→1 / s2:12→1 / s3:12→4, s1:1→1 / s2:12→1 / s3:12→5}"	"{s3:6→1, s3:2→1, s3:6→1}"
12	2	19	162	1	0	2	0	0	0	0	0	"{s1:12→1 / s2:1→1 / s3:12→2, s1:12→1 / s2:1→1 / s3:12→2}"	"{s3:2→1, s3:6→1}"
12	2	19	165	2	0	0	1	0	0	0	0	"s1:12→1 / s3:1→4"	"s2:2→1 / s3:6→1"
12	2	20	57	1	0	1	0	0	0	1	0	"{s1:12→1 / s2:1→1, s1:12→1 / s2:1→1, s1:12→1 / s2:1→1 / s3:1→1, s1:12→1 / s2:1→1 / s3:1→1, s1:12→1 / s2:1→1 / s3:1→2, s1:12→1 / s2:1→1 / s3:1→3}"	"{s3:2→1, s3:6→1, s3:2→1, s3:6→1, s3:6→1, s3:6→1}"
12	2	20	61	1	0	0	1	0	1	0	0	"{s1:12→1 / s2:1→1, s1:12→1 / s2:1→1}"	"{s3:2→1, s3:6→1}"
12	2	20	62	1	0	0	0	2	0	0	0	"s1:12→1 / s2:1→1"	"s3:6→1"
12	2	20	70	0	2	0	0	0	0	1	0	"s1:12→1 / s2:1→1 / s3:1→1"	""
12	2	20	77	1	1	0	0	0	0	1	0	"{s1:12→1 / s2:1→1, s1:12→1 / s2:1→1 / s3:1→1, s1:12→1 / s2:1→1 / s3:1→2, s1:12→1 / s2:1→1 / s3:1→3, s1:12→1 / s2:1→1 / s3:1→4, s1:12→1 / s2:1→1 / s3:1→5, s1:12→1 / s2:1→2, s1:12→1 / s2:1→2 / s3:1→1, s1:12→1 / s2:1→2 / s3:1→2, s1:12→1 / s2:1→2 / s3:1→2, s1:12→1 / s2:1→2 / s3:1→3, s1:12→1 / s2:1→2 / s3:1→3, s1:12→1 / s2:1→2 / s3:1→4, s1:12→1 / s2:1→2 / s3:1→4, s1:12→1 / s2:1→2 / s3:1→5}"	"{s3:6→1, s3:14→1, s3:2→1, s3:2→1, s3:2→1, s3:2→1, s3:2→1, s3:2→1, s3:2→1, s3:6→1, s3:2→1, s3:6→1, s3:2→1, s3:6→1, s3:6→1}"
12	2	20	78	0	1	1	0	0	1	0	0	"s1:12→1 / s2:1→1 / s3:1→1"	""
12	2	20	84	2	0	0	0	0	0	1	0	"s1:12→1"	"s2:6→1 / s3:2→1"
12	2	20	85	1	0	1	0	0	1	0	0	"s1:12→1 / s2:1→1 / s3:1→1"	"s3:2→1"
12	2	20	105	1	1	0	0	0	1	0	0	"{s1:12→1 / s2:1→1 / s3:1→3, s1:12→1 / s2:1→1 / s3:1→4, s1:12→1 / s2:1→1 / s3:1→5, s1:12→1 / s2:1→2 / s3:1→1, s1:12→1 / s2:1→2 / s3:1→2, s1:12→1 / s2:1→2 / s3:1→3, s1:12→1 / s2:1→2 / s3:1→3, s1:12→1 / s2:1→2 / s3:1→4, s1:12→1 / s2:1→2 / s3:1→5}"	"{s3:2→1, s3:2→1, s3:2→1, s3:2→1, s3:2→1, s3:2→1, s3:6→1, s3:2→1, s3:6→1}"
12	2	20	112	1	0	1	0	1	0	0	0	"s1:12→1 / s2:1→1 / s3:1→1"	"s3:2→1"
12	2	20	114	1	0	0	2	0	0	0	0	"s1:12→1 / s2:1→1 / s3:12→3"	"s3:2→1"
12	2	20	138	1	0	1	1	0	0	0	0	"{s1:12→1 / s2:1→1 / s3:12→2, s1:12→1 / s2:1→1 / s3:12→2, s1:12→1 / s2:1→1 / s3:1→3, s1:1→1 / s2:12→1 / s3:12→4, s1:1→1 / s2:12→1 / s3:12→5}"	"{s3:2→1, s3:6→1, s3:6→1, s3:2→1, s3:6→1}"
12	2	20	139	2	0	0	0	1	0	0	0	"s1:12→1 / s2:1→2 / s3:1→5"	"s2:2→1 / s3:6→1"
12	2	20	151	0	2	0	1	0	0	0	0	"{s1:12→1 / s2:1→1 / s3:1→1, s1:1→1 / s2:12→1 / s3:12→1}"	""
12	2	20	158	1	1	0	1	0	0	0	0	"s1:12→1 / s2:1→1 / s3:1→1, 12→2"	"s3:14→1"
12	2	21	33	1	0	0	1	0	0	1	0	"{s1:12→1 / s2:1→1, s1:12→1 / s2:1→1}"	"{s3:2→1, s3:6→1}"
12	2	21	50	0	1	1	0	0	0	1	0	"s1:12→1 / s2:1→1 / s3:1→1"	""
12	2	21	70	0	2	0	0	0	0	1	0	"{s1:12→1 / s2:1→1 / s3:1→2, s1:12→1 / s2:1→1 / s3:1→3}"	""
12	2	21	77	1	1	0	0	0	0	1	0	"{s1:12→1 / s2:1→1 / s3:1→2, s1:12→1 / s2:1→1 / s3:1→3, s1:12→1 / s2:1→1 / s3:1→4, s1:12→1 / s2:1→1 / s3:1→5, s1:12→1 / s2:1→2 / s3:1→1, s1:12→1 / s2:1→3, s1:12→1 / s2:1→3 / s3:1→1, s1:12→1 / s2:1→4}"	"{s3:14→1, s3:14→1, s3:14→1, s3:14→1, s3:14→1, s3:2→1, s3:2→1, s3:2→1}"
12	2	21	98	0	2	0	0	0	1	0	0	"{s1:12→1 / s2:1→1 / s3:1→2, s1:12→1 / s2:1→1 / s3:1→3}"	""
12	2	21	105	1	1	0	0	0	1	0	0	"{s1:12→1 / s2:1→1 / s3:1→2, s1:12→1 / s2:1→1 / s3:1→3, s1:12→1 / s2:1→1 / s3:1→4, s1:12→1 / s2:1→2 / s3:1→1, s1:12→1 / s2:1→3 / s3:1→1}"	"{s3:14→1, s3:14→1, s3:14→1, s3:14→1, s3:2→1}"
12	2	21	131	0	1	1	1	0	0	0	0	"{s1:12→1 / s2:1→1 / s3:1→1, s1:1→1 / s2:12→1 / s3:12→1}"	""
12	2	21	132	1	1	0	0	1	0	0	0	"{s1:12→1 / s2:1→1 / s3:1→1, s1:12→1 / s2:1→1 / s3:1→2, s1:12→1 / s2:1→2, s1:12→1 / s2:1→2 / s3:1→1, s1:12→1 / s2:1→2 / s3:1→3, s1:12→1 / s2:1→2 / s3:1→4, s1:12→1 / s2:1→2 / s3:1→5, s1:1→1 / s2:12→1 / s3:12→1, s1:1→1 / s2:12→2 / s3:12→5}"	"{s3:14→1, s3:2→1, s3:2→1, s3:2→1, s3:6→1, s3:6→1, s3:6→1, s3:14→1, s3:6→1}"
12	2	21	138	1	0	1	1	0	0	0	0	"s1:1→1 / s2:12→1"	"s3:2→1"
12	2	21	158	1	1	0	1	0	0	0	0	"s1:1→1 / s2:12→1 / s3:12→5"	"s3:2→1"
12	2	21	162	1	0	2	0	0	0	0	0	"s1:12→1 / s2:1→1 / s3:1→4, 12→1"	"s3:6→1"
12	2	22	77	1	1	0	0	0	0	1	0	"s1:12→1 / s2:1→5"	"s3:2→1"
12	2	22	105	1	1	0	0	0	1	0	0	"{s1:12→1 / s2:1→1 / s3:1→5, s1:12→1 / s2:1→2 / s3:1→2, s1:12→1 / s2:1→3}"	"{s3:14→1, s3:6→1, s3:2→1}"
12	2	22	132	1	1	0	0	1	0	0	0	"s1:12→1 / s2:1→2 / s3:1→4, 12→1"	"s3:2→1"
12	2	22	138	1	0	1	1	0	0	0	0	"s1:1→1 / s2:12→1 / s3:12→5"	"s3:2→1"
12	2	22	158	1	1	0	1	0	0	0	0	"s1:12→1 / s2:1→1 / s3:1→4"	"s3:6→1"
12	2	22	162	1	0	2	0	0	0	0	0	"{s1:12→1 / s2:1→1, s1:12→1 / s2:1→1 / s3:1→1}"	"{s3:2→1, s3:6→1}"
12	2	23	125	0	2	0	0	1	0	0	0	"{s1:12→1 / s2:1→1 / s3:1→2, s1:1→1 / s2:12→1 / s3:12→2}"	""
12	2	23	132	1	1	0	0	1	0	0	0	"{s1:12→1 / s2:1→1 / s3:1→3, s1:12→1 / s2:1→2 / s3:1→2}"	"{s3:2→1, s3:2→1}"
12	2	23	138	1	0	1	1	0	0	0	0	"s1:12→1 / s2:1→1 / s3:1→4"	"s3:6→1"
12	2	24	105	1	1	0	0	0	1	0	0	"s1:12→1 / s2:1→4"	"s3:2→1"
12	2	24	132	1	1	0	0	1	0	0	0	"{s1:12→1 / s2:1→1 / s3:1→4, s1:12→1 / s2:1→2 / s3:1→3, s1:1→1 / s2:12→2 / s3:12→4}"	"{s3:2→1, s3:2→1, s3:6→1}"
12	2	26	132	1	1	0	0	1	0	0	0	"{s1:12→1 / s2:1→1 / s3:1→5, s1:12→1 / s2:1→2 / s3:1→4}"	"{s3:2→1, s3:2→1}"
12	2	26	158	1	1	0	1	0	0	0	0	"s1:12→1 / s2:1→1 / s3:1→1, 12→3"	"s3:2→1"
12	2	27	105	1	1	0	0	0	1	0	0	"s1:12→1 / s2:1→5"	"s3:2→1"
12	2	27	125	0	2	0	0	1	0	0	0	"s1:1→1 / s2:12→2 / s3:12→2"	""
12	2	27	132	1	1	0	0	1	0	0	0	"{s1:12→1 / s2:1→2 / s3:1→1, s1:1→1 / s2:12→1 / s3:12→2, s1:1→1 / s2:12→2 / s3:12→1}"	"{s3:14→1, s3:14→1, s3:14→1}"
12	2	28	125	0	2	0	0	1	0	0	0	"s1:1→1 / s2:12→1 / s3:12→3"	""
12	2	28	132	1	1	0	0	1	0	0	0	"s1:12→1 / s2:1→1 / s3:1→2"	"s3:14→1"
12	2	28	158	1	1	0	1	0	0	0	0	"s1:12→1 / s2:1→1 / s3:1→5"	"s3:6→1"
12	2	29	132	1	1	0	0	1	0	0	0	"s1:12→1 / s2:1→3 / s3:1→1"	"s3:2→1"
12	2	30	125	0	2	0	0	1	0	0	0	"s1:12→1 / s2:1→1 / s3:1→3"	""
12	2	30	132	1	1	0	0	1	0	0	0	"s1:12→1 / s2:1→1 / s3:12→1"	"s3:6→1"
12	2	30	138	1	0	1	1	0	0	0	0	"s1:12→1 / s2:1→1 / s3:12→3"	"s3:6→1"
12	2	30	139	2	0	0	0	1	0	0	0	"{s1:12→1 / s2:12→1, s1:12→1 / s2:1→2 / s3:1→4}"	"{s2:6→1 / s3:2→1, s2:2→1 / s3:6→1}"
12	2	32	132	1	1	0	0	1	0	0	0	"{s1:1→1 / s2:12→2 / s3:12→2, s1:1→1 / s2:12→3 / s3:12→1}"	"{s3:14→1, s3:14→1}"
12	2	33	125	0	2	0	0	1	0	0	0	"s1:1→1 / s2:12→1 / s3:12→4"	""
12	2	33	132	1	1	0	0	1	0	0	0	"s1:1→1 / s2:12→1 / s3:12→3"	"s3:14→1"
12	2	35	132	1	1	0	0	1	0	0	0	"{s1:12→1 / s2:1→1 / s3:1→3, s1:1→1 / s2:12→2 / s3:12→3}"	"{s3:14→1, s3:14→1}"
12	2	35	138	1	0	1	1	0	0	0	0	"s1:12→1 / s2:1→1 / s3:1→1"	"s3:2→1"
12	2	36	125	0	2	0	0	1	0	0	0	"s1:1→1 / s2:12→1 / s3:12→5"	""
12	2	36	132	1	1	0	0	1	0	0	0	"s1:1→1 / s2:12→1 / s3:12→4"	"s3:14→1"
12	2	37	132	1	1	0	0	1	0	0	0	"s1:1→1 / s2:12→2 / s3:12→4"	"s3:14→1"
12	2	37	138	1	0	1	1	0	0	0	0	"s1:12→1 / s2:1→1 / s3:12→3"	"s3:2→1"
12	2	38	132	1	1	0	0	1	0	0	0	"s1:1→1 / s2:12→1 / s3:12→5"	"s3:14→1"
12	2	39	132	1	1	0	0	1	0	0	0	"s1:1→1 / s2:12→2 / s3:12→5"	"s3:14→1"
12	2	40	132	1	1	0	0	1	0	0	0	"s1:12→1 / s2:1→1 / s3:1→4"	"s3:14→1"
12	2	43	132	1	1	0	0	1	0	0	0	"s1:12→1 / s2:1→1 / s3:1→5"	"s3:14→1"
12	2	50	132	1	1	0	0	1	0	0	0	"s1:12→1 / s2:1→3"	"s3:2→1"
12	2	53	84	2	0	0	0	0	0	1	0	"s1:12→1 / s2:1→2 / s3:1→3"	"s2:2→1 / s3:6→1"
12	3	15	184	0	1	0	0	2	0	0	0	"s1:12→1 / s2:1→1 / s3:1→1, 12→1"	""
12	3	19	84	0	2	0	0	0	0	0	1	"s1:1→1 / s2:12→1 / s3:12→1"	""
12	3	19	91	1	1	0	0	0	0	0	1	"s1:1→1 / s2:12→1 / s3:12→1"	"s3:14→1"
12	3	20	64	0	1	1	0	0	0	0	1	"s1:1→1 / s2:12→1 / s3:12→1"	""
12	3	21	40	0	1	0	1	0	0	0	1	"s1:1→1 / s2:12→1 / s3:12→1"	""
12	3	21	44	0	0	2	0	0	0	0	1	"s1:1→1 / s2:12→1 / s3:12→1"	""
12	3	21	64	0	1	1	0	0	0	0	1	"s1:1→1 / s2:12→1 / s3:12→2"	""
12	3	21	84	0	2	0	0	0	0	0	1	"{s1:1→1 / s2:12→1 / s3:12→2, s1:1→1 / s2:12→1 / s3:12→3, s1:1→1 / s2:12→2 / s3:12→2}"	""
12	3	21	91	1	1	0	0	0	0	0	1	"{s1:1→1 / s2:12→1 / s3:12→2, s1:1→1 / s2:12→1 / s3:12→3, s1:1→1 / s2:12→1 / s3:12→4, s1:1→1 / s2:12→1 / s3:12→5, s1:1→1 / s2:12→2 / s3:12→1, s1:1→1 / s2:12→2 / s3:12→2, s1:1→1 / s2:12→2 / s3:12→3, s1:1→1 / s2:12→2 / s3:12→4, s1:1→1 / s2:12→2 / s3:12→5, s1:1→1 / s2:12→3 / s3:12→1, s1:1→1 / s2:12→3 / s3:12→2, s1:1→1 / s2:12→3 / s3:12→3, s1:1→1 / s2:12→3 / s3:12→4, s1:1→1 / s2:12→4 / s3:12→1}"	"{s3:14→1, s3:14→1, s3:14→1, s3:14→1, s3:14→1, s3:14→1, s3:14→1, s3:14→1, s3:14→1, s3:14→1, s3:14→1, s3:14→1, s3:14→1, s3:14→1}"
12	3	22	14	0	1	0	0	1	0	0	1	"s1:1→1 / s2:12→1 / s3:12→1"	""
12	3	22	64	0	1	1	0	0	0	0	1	"s1:1→1 / s2:12→1 / s3:12→3"	""
12	3	22	84	0	2	0	0	0	0	0	1	"{s1:1→1 / s2:12→1 / s3:12→4, s1:1→1 / s2:12→1 / s3:12→5, s1:1→1 / s2:12→2 / s3:12→3, s1:1→1 / s2:12→2 / s3:12→4, s1:1→1 / s2:12→3 / s3:12→3}"	""
12	4	15	189	1	1	1	0	0	0	0	0	"{s1:12→1 / s3:2→1, 12→2, s1:12→1 / s3:2→2, 12→3}"	"{s2:1→1 / s3:5→1, s2:1→1 / s3:5→1}"
12	4	16	165	1	1	0	1	0	0	0	0	"{s1:12→1 / s3:2→1, 12→1, s1:12→1 / s3:2→1, 12→2, s1:12→1 / s3:2→2, 12→1, s1:12→1 / s3:2→2, 12→2, s1:12→1 / s3:2→2, 12→3, s1:12→1 / s3:2→3, 12→2}"	"{s2:1→1 / s3:5→1, s2:1→1 / s3:5→1, s2:1→1 / s3:5→1, s2:1→1 / s3:5→1, s2:1→1 / s3:5→1, s2:1→1 / s3:5→1}"
12	4	17	139	1	1	0	0	1	0	0	0	"{s1:12→1, s1:12→1 / s3:2→1, 12→1, s1:12→1 / s3:2→1, 12→2, s1:12→1 / s3:2→2, 12→1, s1:12→1 / s3:2→2, 12→2, s1:12→1 / s3:2→2, 12→3, s1:12→1 / s3:2→3, 12→1, s1:12→1 / s3:2→3, 12→2}"	"{s2:1→1 / s3:5→1, s2:1→1 / s3:5→1, s2:1→1 / s3:5→1, s2:1→1 / s3:5→1, s2:1→1 / s3:5→1, s2:1→1 / s3:5→1, s2:1→1 / s3:5→1, s2:1→1 / s3:5→1}"
12	4	17	140	1	1	0	0	1	0	0	0	"s1:12→1 / s2:2→1"	"s3:5→1"
12	4	17	165	1	1	0	1	0	0	0	0	"{s1:12→1, s1:12→1 / s3:12→1, s1:12→1 / s3:2→1, 12→3, s1:12→1 / s3:2→3, 12→1}"	"{s2:1→1 / s3:5→1, s2:1→1 / s3:5→1, s2:1→1 / s3:5→1, s2:1→1 / s3:5→1}"
12	4	18	112	1	1	0	0	0	1	0	0	"{s1:12→1, s1:12→1 / s3:2→1, s1:12→1 / s3:2→1, 12→1, s1:12→1 / s3:2→2, s1:12→1 / s3:2→2, 12→1, s1:12→1 / s3:2→3}"	"{s2:1→1 / s3:5→1, s2:1→1 / s3:5→1, s2:1→1 / s3:5→1, s2:1→1 / s3:5→1, s2:1→1 / s3:5→1, s2:1→1 / s3:5→1}"
12	4	18	113	1	1	0	0	0	1	0	0	"s1:12→1 / s2:2→1"	"s3:5→1"
12	4	18	139	1	1	0	0	1	0	0	0	"{s1:12→1 / s3:12→1, s1:12→1 / s3:2→1, s1:12→1 / s3:2→1, 12→3, s1:12→1 / s3:2→2, s1:12→1 / s3:2→3}"	"{s2:1→1 / s3:5→1, s2:1→1 / s3:5→1, s2:1→1 / s3:5→1, s2:1→1 / s3:5→1, s2:1→1 / s3:5→1}"
12	4	19	84	1	1	0	0	0	0	1	0	"{s1:12→1, s1:12→1 / s3:2→1, s1:12→1 / s3:2→1, 12→1, s1:12→1 / s3:2→2, s1:12→1 / s3:2→2, 12→1, s1:12→1 / s3:2→3}"	"{s2:1→1 / s3:5→1, s2:1→1 / s3:5→1, s2:1→1 / s3:5→1, s2:1→1 / s3:5→1, s2:1→1 / s3:5→1, s2:1→1 / s3:5→1}"
12	4	19	85	1	1	0	0	0	0	1	0	"s1:12→1 / s2:2→1"	"s3:5→1"
12	4	19	112	1	1	0	0	0	1	0	0	"s1:12→1 / s3:12→1"	"s2:1→1 / s3:5→1"
12	4	19	139	1	1	0	0	1	0	0	0	"s1:12→1 / s3:2→1, 12→4"	"s2:1→1 / s3:5→1"
12	4	19	165	1	1	0	1	0	0	0	0	"s1:12→1 / s3:2→1, 12→4"	"s2:1→1 / s3:5→1"
12	4	20	84	1	1	0	0	0	0	1	0	"s1:12→1 / s3:12→1"	"s2:1→1 / s3:5→1"
12	4	20	165	1	1	0	1	0	0	0	0	"s1:12→1 / s3:2→1"	"s2:1→1 / s3:5→1"
12	4	23	-31	1	1	0	0	0	0	0	1	"{s1:12→1, s1:12→1 / s3:2→1, s1:12→1 / s3:2→2}"	"{s2:1→1 / s3:5→1, s2:1→1 / s3:5→1, s2:1→1 / s3:5→1}"
12	4	23	-30	1	1	0	0	0	0	0	1	"s1:12→1 / s2:2→1"	"s3:5→1"
12	4	25	139	1	1	0	0	1	0	0	0	"s1:12→1 / s3:12→2"	"s2:1→1 / s3:5→1"
12	6	14	214	0	1	2	0	0	0	0	0	"{s1:12→1 / s2:1→1 / s3:1→1, 6→1, 12→1, s1:12→1 / s2:1→1 / s3:6→1}"	""
12	6	15	184	0	2	0	0	1	0	0	0	"s1:1→1 / s2:6→1, 12→1 / s3:1→1, 12→3"	""
12	6	15	190	0	1	1	1	0	0	0	0	"{s1:1→1 / s2:12→1 / s3:1→1, 6→1, 12→1, s1:1→1 / s2:12→1 / s3:6→1}"	""
12	6	15	191	1	1	0	0	1	0	0	0	"{s1:1→1, 12→1 / s2:6→1 / s3:12→1, s1:1→1, 12→1 / s2:6→1 / s3:1→1, 12→1, s1:1→1 / s2:12→1 / s3:1→1, 6→1, 12→2, s1:1→1 / s2:12→1 / s3:1→1, 6→1, 12→3, s1:1→1 / s2:12→1 / s3:1→1, 6→2, 12→2, s1:1→1 / s2:12→1 / s3:6→1, s1:1→1 / s2:6→1, 12→1 / s3:1→1, 12→2, s1:1→1 / s2:6→1, 12→1 / s3:1→1, 12→3, s1:1→1 / s2:6→1, 12→1 / s3:1→1, 12→4}"	"{s3:14→1, s3:14→1, s3:14→1, s3:14→1, s3:14→1, s3:14→1, s3:14→1, s3:14→1, s3:14→1}"
12	6	15	194	0	0	3	0	0	0	0	0	"s1:12→1 / s2:1→1 / s3:1→1, 12→1"	""
12	6	16	157	0	2	0	0	0	1	0	0	"s1:1→1 / s2:12→1 / s3:6→1, 12→1"	""
12	6	16	164	0	1	1	0	1	0	0	0	"{s1:1→1 / s2:12→1 / s3:1→1, 6→1, 12→1, s1:1→1 / s2:12→1 / s3:6→1}"	""
12	6	16	164	1	1	0	0	0	1	0	0	"{s1:1→1 / s2:12→1 / s3:1→1, 12→2, s1:1→1 / s2:12→1 / s3:1→1, 6→1, 12→2, s1:1→1 / s2:12→1 / s3:1→1, 6→1, 12→3, s1:1→1 / s2:12→1 / s3:1→1, 6→2, 12→2, s1:1→1 / s2:12→1 / s3:6→1, s1:1→1 / s2:12→1 / s3:6→1, 12→1, s1:1→1 / s2:12→1 / s3:6→2, 12→1, s1:1→1 / s2:12→1 / s3:6→2, 12→2, s1:1→1 / s2:12→1 / s3:6→3, 12→2, s1:1→1 / s2:6→1, 12→1 / s3:12→1, s1:1→1 / s2:6→1, 12→1 / s3:1→1, 12→2, s1:1→1 / s2:6→1, 12→1 / s3:1→1, 12→3, s1:1→1 / s2:6→1, 12→1 / s3:1→1, 12→4, s1:1→1 / s2:6→1, 12→2 / s3:1→1, 12→3, s1:1→1 / s2:6→1, 12→2 / s3:1→1, 12→4}"	"{s3:14→1, s3:14→1, s3:14→1, s3:14→1, s3:14→1, s3:14→1, s3:14→1, s3:14→1, s3:14→1, s3:14→1, s3:14→1, s3:14→1, s3:14→1, s3:14→1, s3:14→1}"
12	6	16	166	0	1	0	2	0	0	0	0	"{s1:12→1 / s2:1→1 / s3:1→1, 12→1, s1:12→1 / s2:1→1 / s3:6→1}"	""
12	6	16	184	0	2	0	0	1	0	0	0	"{s1:1→1, 12→1 / s2:12→1 / s3:6→1, s1:1→1 / s2:12→1 / s3:1→1, 12→2, s1:1→1 / s2:12→1 / s3:1→1, 12→3, s1:1→1 / s2:12→1 / s3:1→1, 6→1, 12→2, s1:1→1 / s2:12→1 / s3:1→1, 6→1, 12→3, s1:1→1 / s2:12→1 / s3:6→1, 12→1, s1:1→1 / s2:6→1, 12→1 / s3:1→1, 12→2}"	""
12	6	17	129	0	2	0	0	0	0	1	0	"s1:1→1 / s2:12→1 / s3:6→1, 12→1"	""
12	6	17	136	1	1	0	0	0	0	1	0	"{s1:1→1 / s2:12→1 / s3:1→1, 12→2, s1:1→1 / s2:12→1 / s3:1→1, 12→3, s1:1→1 / s2:12→1 / s3:1→1, 6→1, 12→2, s1:1→1 / s2:12→1 / s3:1→1, 6→1, 12→3, s1:1→1 / s2:12→1 / s3:1→1, 6→2, 12→2, s1:1→1 / s2:12→1 / s3:6→1, s1:1→1 / s2:12→1 / s3:6→1, 12→1, s1:1→1 / s2:12→1 / s3:6→1, 12→2, s1:1→1 / s2:12→1 / s3:6→2, 12→1, s1:1→1 / s2:12→1 / s3:6→2, 12→2, s1:1→1 / s2:12→1 / s3:6→2, 12→3, s1:1→1 / s2:12→1 / s3:6→3, 12→2, s1:1→1 / s2:6→1, 12→1 / s3:12→1, s1:1→1 / s2:6→1, 12→1 / s3:1→1, 12→2, s1:1→1 / s2:6→1, 12→1 / s3:1→1, 12→3, s1:1→1 / s2:6→1, 12→1 / s3:1→1, 12→4, s1:1→1 / s2:6→1, 12→2 / s3:12→1, s1:1→1 / s2:6→1, 12→2 / s3:1→1, 12→3, s1:1→1 / s2:6→1, 12→2 / s3:1→1, 12→4}"	"{s3:14→1, s3:14→1, s3:14→1, s3:14→1, s3:14→1, s3:14→1, s3:14→1, s3:14→1, s3:14→1, s3:14→1, s3:14→1, s3:14→1, s3:14→1, s3:14→1, s3:14→1, s3:14→1, s3:14→1, s3:14→1, s3:14→1}"
12	6	17	137	0	1	1	0	0	1	0	0	"{s1:1→1 / s2:12→1 / s3:6→1, s1:1→1 / s2:12→1 / s3:6→1, 12→1}"	""
12	6	17	140	0	1	0	1	1	0	0	0	"{s1:1→1 / s2:12→1 / s3:1→1, 12→1, s1:1→1 / s2:12→1 / s3:6→1}"	""
12	6	17	157	0	2	0	0	0	1	0	0	"s1:1→1 / s2:12→1 / s3:6→1, 12→2"	""
12	6	17	164	0	1	1	0	1	0	0	0	"{s1:1→1 / s2:12→1 / s3:1→1, 12→1, s1:1→1 / s2:12→1 / s3:1→1, 12→2, s1:1→1 / s2:12→1 / s3:1→1, 12→3, s1:1→1 / s2:12→1 / s3:6→1, 12→1}"	""
12	6	17	164	1	1	0	0	0	1	0	0	"{s1:1→1 / s2:12→1 / s3:1→1, 12→1, s1:1→1 / s2:12→1 / s3:1→1, 12→3, s1:1→1 / s2:12→1 / s3:1→1, 12→4, s1:1→1 / s2:12→1 / s3:1→1, 6→1, 12→1, s1:1→1 / s2:12→1 / s3:6→1, 12→2, s1:1→1 / s2:12→1 / s3:6→2, 12→3, s1:1→1 / s2:12→1 / s3:6→3, 12→1, s1:1→1 / s2:6→1, 12→2 / s3:12→1}"	"{s3:14→1, s3:14→1, s3:14→1, s3:14→1, s3:14→1, s3:14→1, s3:14→1, s3:14→1}"
12	6	18	109	0	1	1	0	0	0	1	0	"{s1:1→1 / s2:12→1 / s3:6→1, s1:1→1 / s2:12→1 / s3:6→1, 12→1}"	""
12	6	18	113	0	1	0	1	0	1	0	0	"s1:1→1 / s2:12→1 / s3:6→1"	""
12	6	18	114	0	1	0	0	2	0	0	0	"{s1:12→1 / s2:1→1 / s3:1→1, 12→1, s1:12→1 / s2:1→1 / s3:6→1}"	""
12	6	18	129	0	2	0	0	0	0	1	0	"{s1:1→1 / s2:12→1 / s3:12→1, s1:1→1 / s2:12→1 / s3:6→1, 12→2, s1:1→1 / s2:12→1 / s3:6→1, 12→3}"	""
12	6	18	136	1	1	0	0	0	0	1	0	"{s1:1→1 / s2:12→1 / s3:1→1, 12→1, s1:1→1 / s2:12→1 / s3:1→1, 12→4, s1:1→1 / s2:12→1 / s3:1→1, 6→1, 12→1, s1:1→1 / s2:12→1 / s3:6→1, 12→3, s1:1→1 / s2:12→1 / s3:6→1, 12→4, s1:1→1 / s2:12→1 / s3:6→3, 12→1, s1:1→1 / s2:6→1, 12→3 / s3:12→1, s1:1→1 / s2:6→1, 12→4 / s3:12→1}"	"{s3:14→1, s3:14→1, s3:14→1, s3:14→1, s3:14→1, s3:14→1, s3:14→1, s3:14→1}"
12	6	18	140	0	1	0	1	1	0	0	0	"s1:1→1 / s2:12→1 / s3:6→1, 12→1"	""
12	6	18	164	1	1	0	0	0	1	0	0	"{s1:1→1 / s2:6→1 / s3:1→1, 12→1, s1:1→1 / s2:6→1 / s3:1→1, 12→2}"	"{s3:14→1, s3:14→1}"
12	6	19	85	0	1	0	1	0	0	1	0	"s1:1→1 / s2:12→1 / s3:6→1"	""
12	6	19	87	0	1	0	0	1	1	0	0	"s1:1→1 / s2:12→1 / s3:6→1"	""
12	6	19	109	0	1	1	0	0	0	1	0	"s1:1→1 / s2:12→1 / s3:12→1"	""
12	6	19	114	0	1	0	0	2	0	0	0	"s1:12→1 / s2:1→1 / s3:6→1, 12→1"	""
12	6	19	129	0	2	0	0	0	0	1	0	"s1:1→1 / s2:12→1 / s3:6→1, 12→4"	""
12	6	19	136	1	1	0	0	0	0	1	0	"{s1:1→1 / s2:6→1, 12→3 / s3:1→1, 12→4, s1:1→1 / s2:6→1 / s3:1→1, 12→1, s1:1→1 / s2:6→1 / s3:1→1, 12→2}"	"{s3:14→1, s3:14→1, s3:14→1}"
12	6	19	157	0	2	0	0	0	1	0	0	"s1:1→1 / s2:12→1 / s3:6→1, 12→3"	""
12	6	19	164	1	1	0	0	0	1	0	0	"{s1:1→1 / s2:12→1 / s3:6→1, 12→3, s1:1→1 / s2:6→1, 12→3 / s3:12→1}"	"{s3:14→1, s3:14→1}"
12	6	20	59	0	1	0	0	1	0	1	0	"s1:1→1 / s2:12→1 / s3:6→1"	""
12	6	20	60	0	1	0	0	0	2	0	0	"s1:12→1 / s2:1→1 / s3:6→1"	""
12	6	20	85	0	1	0	1	0	0	1	0	"s1:1→1 / s2:12→1 / s3:12→1"	""
12	6	20	89	0	0	2	0	0	0	1	0	"s1:1→1 / s2:12→1 / s3:12→1"	""
12	6	20	136	1	1	0	0	0	0	1	0	"{s1:1→1 / s2:12→1 / s3:1→1, 6→2, 12→1, s1:1→1 / s2:6→1 / s3:12→1}"	"{s3:14→1, s3:14→1}"
12	6	20	157	0	2	0	0	0	1	0	0	"s1:1→1 / s2:12→1 / s3:12→1"	""
12	6	20	164	1	1	0	0	0	1	0	0	"s1:1→1 / s2:12→1 / s3:1→1, 6→2, 12→1"	"s3:14→1"
12	6	21	4	0	1	0	0	0	0	2	0	"s1:12→1 / s2:1→1 / s3:6→1"	""
12	6	21	14	0	2	0	0	0	0	0	1	"{s1:1→1 / s2:12→1 / s3:12→1, s1:1→1 / s2:12→1 / s3:6→1, 12→1, s1:1→1 / s2:12→1 / s3:6→1, 12→2, s1:1→1 / s2:12→1 / s3:6→1, 12→3}"	""
12	6	21	21	1	1	0	0	0	0	0	1	"{s1:1→1 / s2:12→1 / s3:12→1, s1:1→1 / s2:12→1 / s3:6→1, s1:1→1 / s2:12→1 / s3:6→1, 12→1, s1:1→1 / s2:12→1 / s3:6→1, 12→2, s1:1→1 / s2:12→1 / s3:6→1, 12→3, s1:1→1 / s2:12→1 / s3:6→1, 12→4, s1:1→1 / s2:12→1 / s3:6→2, 12→1, s1:1→1 / s2:12→1 / s3:6→2, 12→2, s1:1→1 / s2:12→1 / s3:6→2, 12→3, s1:1→1 / s2:12→1 / s3:6→3, 12→2, s1:1→1 / s2:12→2 / s3:6→1, 12→2, s1:1→1 / s2:12→2 / s3:6→1, 12→3, s1:1→1 / s2:12→2 / s3:6→1, 12→4, s1:1→1 / s2:6→1, 12→1 / s3:12→1, s1:1→1 / s2:6→1, 12→1 / s3:12→2, s1:1→1 / s2:6→1, 12→2 / s3:12→1, s1:1→1 / s2:6→1, 12→2 / s3:12→2, s1:1→1 / s2:6→1, 12→3 / s3:12→1, s1:1→1 / s2:6→1, 12→3 / s3:12→2, s1:1→1 / s2:6→1, 12→3 / s3:12→3, s1:1→1 / s2:6→1, 12→4 / s3:12→1}"	"{s3:14→1, s3:14→1, s3:14→1, s3:14→1, s3:14→1, s3:14→1, s3:14→1, s3:14→1, s3:14→1, s3:14→1, s3:14→1, s3:14→1, s3:14→1, s3:14→1, s3:14→1, s3:14→1, s3:14→1, s3:14→1, s3:14→1, s3:14→1, s3:14→1}"
12	6	21	32	0	1	0	0	0	1	1	0	"s1:1→1 / s2:12→1 / s3:6→1"	""
12	6	21	59	0	1	0	0	1	0	1	0	"s1:1→1 / s2:12→1 / s3:12→1"	""
12	6	21	117	0	0	2	0	0	1	0	0	"s1:1→1 / s2:12→1 / s3:12→1"	""
12	6	21	129	0	2	0	0	0	0	1	0	"s1:1→1 / s2:12→1 / s3:6→1"	""
12	6	21	136	1	1	0	0	0	0	1	0	"{s1:1→1 / s2:12→1 / s3:12→1, s1:1→1 / s2:12→2 / s3:6→1, 12→3, s1:1→1 / s2:12→2 / s3:6→1, 12→4, s1:1→1 / s2:6→1, 12→3 / s3:12→2}"	"{s3:14→1, s3:14→1, s3:14→1, s3:14→1}"
12	6	21	137	0	1	1	0	0	1	0	0	"s1:1→1 / s2:12→1 / s3:12→1"	""
12	6	22	-6	0	1	1	0	0	0	0	1	"{s1:1→1 / s2:12→1 / s3:12→1, s1:1→1 / s2:12→1 / s3:6→1, s1:1→1 / s2:12→1 / s3:6→1, 12→1}"	""
12	6	22	14	0	2	0	0	0	0	0	1	"{s1:1→1 / s2:12→1 / s3:12→2, s1:1→1 / s2:12→1 / s3:12→3, s1:1→1 / s2:12→1 / s3:12→4, s1:1→1 / s2:12→1 / s3:12→5, s1:1→1 / s2:12→2 / s3:12→2, s1:1→1 / s2:12→2 / s3:12→3, s1:1→1 / s2:12→2 / s3:12→4, s1:1→1 / s2:12→3 / s3:12→3}"	""
12	6	22	21	1	1	0	0	0	0	0	1	"{s1:1→1 / s2:12→1 / s3:12→2, s1:1→1 / s2:12→1 / s3:12→3, s1:1→1 / s2:12→1 / s3:12→4, s1:1→1 / s2:12→1 / s3:12→5, s1:1→1 / s2:12→1 / s3:6→3, 12→1, s1:1→1 / s2:12→2 / s3:12→1, s1:1→1 / s2:12→2 / s3:12→2, s1:1→1 / s2:12→2 / s3:12→3, s1:1→1 / s2:12→2 / s3:12→4, s1:1→1 / s2:12→2 / s3:12→5, s1:1→1 / s2:12→2 / s3:6→1, 12→1, s1:1→1 / s2:12→2 / s3:6→2, 12→3, s1:1→1 / s2:12→3 / s3:12→1, s1:1→1 / s2:12→3 / s3:12→2, s1:1→1 / s2:12→3 / s3:12→3, s1:1→1 / s2:12→3 / s3:12→4, s1:1→1 / s2:12→3 / s3:6→1, 12→4, s1:1→1 / s2:12→4 / s3:12→1}"	"{s3:14→1, s3:14→1, s3:14→1, s3:14→1, s3:14→1, s3:14→1, s3:14→1, s3:14→1, s3:14→1, s3:14→1, s3:14→1, s3:14→1, s3:14→1, s3:14→1, s3:14→1, s3:14→1, s3:14→1, s3:14→1}"
12	6	22	87	0	1	0	0	1	1	0	0	"s1:1→1 / s2:12→1 / s3:12→1"	""
12	6	22	113	0	1	0	1	0	1	0	0	"s1:1→1 / s2:12→1 / s3:12→1"	""
12	6	22	136	1	1	0	0	0	0	1	0	"{s1:1→1 / s2:12→1 / s3:6→4, 12→1, s1:1→1 / s2:12→2 / s3:6→1, 12→2}"	"{s3:14→1, s3:14→1}"
12	6	22	157	0	2	0	0	0	1	0	0	"{s1:1→1 / s2:12→1 / s3:6→1, s1:1→1 / s2:12→1 / s3:6→1, 12→4}"	""
12	6	23	-30	0	1	0	1	0	0	0	1	"{s1:1→1 / s2:12→1 / s3:12→1, s1:1→1 / s2:12→1 / s3:6→1}"	""
12	6	23	-26	0	0	2	0	0	0	0	1	"s1:1→1 / s2:12→1 / s3:12→1"	""
12	6	23	-6	0	1	1	0	0	0	0	1	"{s1:1→1 / s2:12→1 / s3:12→2, s1:1→1 / s2:12→1 / s3:12→3}"	""
12	6	23	21	1	1	0	0	0	0	0	1	"{s1:1→1 / s2:12→3 / s3:6→1, 12→3, s1:1→1 / s2:6→1 / s3:12→1}"	"{s3:14→1, s3:14→1}"
12	6	23	129	0	2	0	0	0	0	1	0	"s1:1→1 / s2:12→1 / s3:12→2"	""
12	6	23	136	1	1	0	0	0	0	1	0	"{s1:1→1 / s2:6→1, 12→1 / s3:1→1, 12→1, s1:1→1 / s2:6→1 / s3:1→1}"	"{s3:14→1, s3:14→1}"
12	6	24	-56	0	1	0	0	1	0	0	1	"{s1:1→1 / s2:12→1 / s3:12→1, s1:1→1 / s2:12→1 / s3:6→1}"	""
12	6	24	14	0	2	0	0	0	0	0	1	"s1:1→1 / s2:12→1 / s3:6→1"	""
12	6	24	109	0	1	1	0	0	0	1	0	"s1:1→1 / s2:12→1 / s3:12→2"	""
12	6	26	21	1	1	0	0	0	0	0	1	"s1:1→1 / s2:12→1 / s3:6→4, 12→1"	"s3:14→1"
12	6	27	21	1	1	0	0	0	0	0	1	"s1:1→1 / s2:6→1, 12→2 / s3:12→3"	"s3:14→1"
12	6	27	129	0	2	0	0	0	0	1	0	"s1:1→1 / s2:12→2 / s3:12→2"	""
12	6	27	136	1	1	0	0	0	0	1	0	"s1:1→1 / s2:12→2 / s3:12→1"	"s3:14→1"
12	6	28	136	1	1	0	0	0	0	1	0	"s1:1→1 / s2:12→1 / s3:12→2"	"s3:14→1"
12	6	29	21	1	1	0	0	0	0	0	1	"s1:1→1 / s2:12→3 / s3:6→1, 12→2"	"s3:14→1"
12	6	29	129	0	2	0	0	0	0	1	0	"{s1:1→1 / s2:12→1 / s3:12→3, s1:1→1 / s2:12→2 / s3:6→1, 12→2}"	""
12	6	29	136	1	1	0	0	0	0	1	0	"s1:1→1 / s2:12→1 / s3:1→1, 6→3, 12→1"	"s3:14→1"
12	6	30	109	0	1	1	0	0	0	1	0	"s1:1→1 / s2:12→1 / s3:12→3"	""
12	6	32	129	0	2	0	0	0	0	1	0	"s1:1→1 / s2:12→2 / s3:12→3"	""
12	6	33	136	1	1	0	0	0	0	1	0	"{s1:1→1 / s2:12→2 / s3:12→2, s1:1→1 / s2:12→3 / s3:12→1}"	"{s3:14→1, s3:14→1}"
12	6	34	129	0	2	0	0	0	0	1	0	"s1:1→1 / s2:12→1 / s3:12→4"	""
12	6	34	136	1	1	0	0	0	0	1	0	"s1:1→1 / s2:12→1 / s3:12→3"	"s3:14→1"
12	6	35	129	0	2	0	0	0	0	1	0	"s1:1→1 / s2:12→3 / s3:12→3"	""
12	6	36	129	0	2	0	0	0	0	1	0	"s1:1→1 / s2:12→2 / s3:12→4"	""
12	6	36	140	0	1	0	1	1	0	0	0	"s1:1→1 / s2:12→1 / s3:1→1, 6→1"	""
12	6	37	136	1	1	0	0	0	0	1	0	"{s1:1→1 / s2:12→2 / s3:12→3, s1:1→1 / s2:12→3 / s3:12→2, s1:1→1 / s2:12→4 / s3:12→1}"	"{s3:14→1, s3:14→1, s3:14→1}"
12	6	38	129	0	2	0	0	0	0	1	0	"s1:1→1 / s2:12→1 / s3:12→5"	""
12	6	38	136	1	1	0	0	0	0	1	0	"s1:1→1 / s2:12→1 / s3:12→4"	"s3:14→1"
12	6	40	136	1	1	0	0	0	0	1	0	"{s1:1→1 / s2:12→2 / s3:12→4, s1:1→1 / s2:12→3 / s3:12→3}"	"{s3:14→1, s3:14→1}"
12	6	41	136	1	1	0	0	0	0	1	0	"s1:1→1 / s2:12→1 / s3:12→5"	"s3:14→1"
12	6	42	136	1	1	0	0	0	0	1	0	"{s1:1→1 / s2:12→2 / s3:12→5, s1:1→1 / s2:12→3 / s3:12→4}"	"{s3:14→1, s3:14→1}"
12	6	47	136	1	1	0	0	0	0	1	0	"s1:1→1 / s2:12→2 / s3:1→1, 12→4"	"s3:14→1"
12	6	68	114	0	1	0	0	2	0	0	0	"s1:12→1 / s2:1→1 / s3:12→1"	""
12	6	69	136	1	1	0	0	0	0	1	0	"s1:1→1 / s2:12→3 / s3:6→1, 12→4"	"s3:14→1"
12	6	74	136	1	1	0	0	0	0	1	0	"s1:1→1 / s2:6→1, 12→2 / s3:12→2"	"s3:14→1"
12	6	122	14	0	2	0	0	0	0	0	1	"s1:1→1 / s2:12→2 / s3:6→1, 12→1"	""
12	7	14	210	1	2	0	0	0	0	0	0	"{s1:12→1 / s2:2→1 / s3:1→1, 12→1, s1:2→1 / s2:1→1, 12→1 / s3:12→1}"	"{s3:14→1, s3:13→1}"
12	7	15	190	1	1	1	0	0	0	0	0	"{s1:12→1 / s2:2→1 / s3:1→1, 12→1, s1:12→1 / s2:2→1 / s3:1→1, 12→1, s1:12→1 / s2:2→1 / s3:1→2, 12→1, s1:12→1 / s2:2→1 / s3:1→2, 12→2, s1:12→1 / s2:2→1 / s3:1→3, 12→2, s1:12→1 / s2:2→1 / s3:1→3, 12→2}"	"{s3:14→1, s3:5→1, s3:14→1, s3:5→1, s3:14→1, s3:5→1}"
12	7	16	159	0	2	0	1	0	0	0	0	"s1:12→1 / s2:2→1 / s3:1→1"	""
12	7	16	166	1	1	0	1	0	0	0	0	"{s1:12→1 / s2:2→1 / s3:1→1, 12→1, s1:12→1 / s2:2→1 / s3:1→1, 12→1, s1:12→1 / s2:2→1 / s3:1→2, 12→1, s1:12→1 / s2:2→1 / s3:1→2, 12→1, s1:12→1 / s2:2→1 / s3:1→2, 12→2, s1:12→1 / s2:2→1 / s3:1→3, 12→1, s1:12→1 / s2:2→1 / s3:1→3, 12→1, s1:12→1 / s2:2→1 / s3:1→3, 12→2, s1:12→1 / s2:2→1 / s3:1→3, 12→2, s1:12→1 / s2:2→1 / s3:1→4, 12→1}"	"{s3:14→1, s3:5→1, s3:14→1, s3:5→1, s3:5→1, s3:14→1, s3:5→1, s3:14→1, s3:5→1, s3:5→1}"
12	7	17	133	0	2	0	0	1	0	0	0	"s1:12→1 / s2:2→1 / s3:1→1"	""
12	7	17	140	1	1	0	0	1	0	0	0	"{s1:12→1 / s2:1→1, 2→1, s1:12→1 / s2:2→1, s1:12→1 / s2:2→1 / s3:1→1, s1:12→1 / s2:2→1 / s3:1→1, s1:12→1 / s2:2→1 / s3:1→1, 12→1, s1:12→1 / s2:2→1 / s3:1→1, 12→1, s1:12→1 / s2:2→1 / s3:1→2, 12→1, s1:12→1 / s2:2→1 / s3:1→2, 12→1, s1:12→1 / s2:2→1 / s3:1→2, 12→2, s1:12→1 / s2:2→1 / s3:1→3, 12→1, s1:12→1 / s2:2→1 / s3:1→3, 12→1, s1:12→1 / s2:2→1 / s3:1→3, 12→2, s1:12→1 / s2:2→1 / s3:1→3, 12→2, s1:12→1 / s2:2→1 / s3:1→4, 12→1, s1:12→1 / s2:2→1 / s3:1→4, 12→1}"	"{s3:5→1, s3:5→1, s3:14→1, s3:5→1, s3:14→1, s3:5→1, s3:14→1, s3:5→1, s3:5→1, s3:14→1, s3:5→1, s3:14→1, s3:5→1, s3:14→1, s3:5→1}"
12	7	17	166	1	1	0	1	0	0	0	0	"{s1:12→1 / s2:2→1, s1:12→1 / s2:2→1 / s3:12→1, s1:12→1 / s2:2→1 / s3:1→1, 12→2, s1:12→1 / s2:2→1 / s3:1→2, 12→2, s1:12→1 / s2:2→1 / s3:1→2, 12→3, s1:12→1 / s2:2→1 / s3:1→4, 12→1}"	"{s3:5→1, s3:5→1, s3:5→1, s3:14→1, s3:5→1, s3:14→1}"
12	7	18	106	0	2	0	0	0	1	0	0	"s1:12→1 / s2:2→1 / s3:1→1"	""
12	7	18	113	1	1	0	0	0	1	0	0	"{s1:12→1 / s2:1→1, 2→1, s1:12→1 / s2:2→1, s1:12→1 / s2:2→1 / s3:1→1, s1:12→1 / s2:2→1 / s3:1→1, s1:12→1 / s2:2→1 / s3:1→1, 12→1, s1:12→1 / s2:2→1 / s3:1→1, 12→1, s1:12→1 / s2:2→1 / s3:1→2, s1:12→1 / s2:2→1 / s3:1→2, 12→1, s1:12→1 / s2:2→1 / s3:1→2, 12→1, s1:12→1 / s2:2→1 / s3:1→3, s1:12→1 / s2:2→1 / s3:1→3, 12→1, s1:12→1 / s2:2→1 / s3:1→3, 12→1, s1:12→1 / s2:2→1 / s3:1→4, s1:12→1 / s2:2→1 / s3:1→4, 12→1, s1:12→1 / s2:2→1 / s3:1→4, 12→1}"	"{s3:5→1, s3:5→1, s3:14→1, s3:5→1, s3:14→1, s3:5→1, s3:5→1, s3:14→1, s3:5→1, s3:5→1, s3:14→1, s3:5→1, s3:5→1, s3:14→1, s3:5→1}"
12	7	18	140	1	1	0	0	1	0	0	0	"{s1:12→1 / s2:2→1 / s3:12→1, s1:12→1 / s2:2→1 / s3:1→1, 12→2, s1:12→1 / s2:2→1 / s3:1→2, s1:12→1 / s2:2→1 / s3:1→2, 12→2, s1:12→1 / s2:2→1 / s3:1→2, 12→3, s1:12→1 / s2:2→1 / s3:1→3}"	"{s3:5→1, s3:5→1, s3:5→1, s3:14→1, s3:5→1, s3:5→1}"
12	7	18	159	0	2	0	1	0	0	0	0	"s1:12→1 / s2:2→1 / s3:1→1, 12→1"	""
12	7	18	166	1	1	0	1	0	0	0	0	"s1:12→1 / s2:2→1 / s3:1→1"	"s3:5→1"
12	7	19	78	0	2	0	0	0	0	1	0	"s1:12→1 / s2:2→1 / s3:1→1"	""
12	7	19	85	1	1	0	0	0	0	1	0	"{s1:12→1 / s2:1→1, 2→1, s1:12→1 / s2:2→1, s1:12→1 / s2:2→1 / s3:1→1, s1:12→1 / s2:2→1 / s3:1→1, s1:12→1 / s2:2→1 / s3:1→1, 12→1, s1:12→1 / s2:2→1 / s3:1→1, 12→1, s1:12→1 / s2:2→1 / s3:1→2, s1:12→1 / s2:2→1 / s3:1→2, s1:12→1 / s2:2→1 / s3:1→2, 12→1, s1:12→1 / s2:2→1 / s3:1→2, 12→1, s1:12→1 / s2:2→1 / s3:1→3, s1:12→1 / s2:2→1 / s3:1→3, 12→1, s1:12→1 / s2:2→1 / s3:1→3, 12→1, s1:12→1 / s2:2→1 / s3:1→4, s1:12→1 / s2:2→1 / s3:1→4, 12→1, s1:12→1 / s2:2→1 / s3:1→4, 12→1, s1:12→1 / s2:2→1 / s3:1→5}"	"{s3:5→1, s3:5→1, s3:14→1, s3:5→1, s3:14→1, s3:5→1, s3:14→1, s3:5→1, s3:14→1, s3:5→1, s3:5→1, s3:14→1, s3:5→1, s3:5→1, s3:14→1, s3:5→1, s3:5→1}"
12	7	19	113	1	1	0	0	0	1	0	0	"{s1:12→1 / s2:2→1 / s3:12→1, s1:12→1 / s2:2→1 / s3:1→2, s1:12→1 / s2:2→1 / s3:1→5}"	"{s3:5→1, s3:14→1, s3:5→1}"
12	7	19	133	0	2	0	0	1	0	0	0	"s1:12→1 / s2:2→1 / s3:1→1, 12→1"	""
12	7	19	140	1	1	0	0	1	0	0	0	"{s1:12→1 / s2:2→1 / s3:1→4, s1:12→1 / s2:2→1 / s3:1→5}"	"{s3:5→1, s3:5→1}"
12	7	20	85	1	1	0	0	0	0	1	0	"{s1:12→1 / s2:2→1 / s3:12→1, s1:12→1 / s2:2→1 / s3:1→3, s1:12→1 / s2:2→1 / s3:1→4, s1:12→1 / s2:2→1 / s3:1→5}"	"{s3:5→1, s3:14→1, s3:14→1, s3:14→1}"
12	7	20	113	1	1	0	0	0	1	0	0	"s1:12→1 / s2:2→1 / s3:1→3"	"s3:14→1"
12	7	21	113	1	1	0	0	0	1	0	0	"s1:12→1 / s2:2→1 / s3:1→4"	"s3:14→1"
12	7	21	140	1	1	0	0	1	0	0	0	"s1:12→1 / s2:2→1 / s3:1→2"	"s3:14→1"
12	7	22	-30	1	1	0	0	0	0	0	1	"s1:12→1 / s2:2→1 / s3:1→1"	"s3:14→1"
12	7	22	113	1	1	0	0	0	1	0	0	"s1:12→1 / s2:2→1 / s3:1→5"	"s3:14→1"
12	7	22	140	1	1	0	0	1	0	0	0	"s1:12→1 / s2:2→1 / s3:1→1, 12→3"	"s3:5→1"
12	7	23	-37	0	2	0	0	0	0	0	1	"s1:12→1 / s2:2→1 / s3:1→1"	""
12	7	23	-30	1	1	0	0	0	0	0	1	"{s1:12→1 / s2:1→1, 2→1, s1:12→1 / s2:2→1, s1:12→1 / s2:2→1 / s3:1→1, s1:12→1 / s2:2→1 / s3:1→2, s1:12→1 / s2:2→1 / s3:1→2, s1:12→1 / s2:2→1 / s3:1→3, s1:12→1 / s2:2→1 / s3:1→3, s1:12→1 / s2:2→1 / s3:1→4, s1:12→1 / s2:2→1 / s3:1→4, s1:12→1 / s2:2→1 / s3:1→5, s1:12→1 / s2:2→1 / s3:1→5}"	"{s3:5→1, s3:5→1, s3:5→1, s3:14→1, s3:5→1, s3:14→1, s3:5→1, s3:14→1, s3:5→1, s3:14→1, s3:5→1}"
12	7	25	140	1	1	0	0	1	0	0	0	"{s1:12→1 / s2:2→1 / s3:12→2, s1:12→1 / s2:2→1 / s3:1→2, 12→3}"	"{s3:5→1, s3:14→1}"
12	7	31	140	1	1	0	0	1	0	0	0	"s1:12→1 / s2:2→1 / s3:1→1, 12→2"	"s3:14→1"
12	7	34	140	1	1	0	0	1	0	0	0	"s1:12→1 / s2:2→1 / s3:1→3"	"s3:14→1"
12	7	47	85	1	1	0	0	0	0	1	0	"s1:12→1 / s2:2→1 / s3:12→1"	"s3:14→1"
12	7	65	113	1	1	0	0	0	1	0	0	"s1:12→1 / s2:2→1 / s3:12→1"	"s3:14→1"
12	7	95	140	1	1	0	0	1	0	0	0	"s1:12→1 / s2:2→1 / s3:1→4"	"s3:14→1"
12	10	15	170	0	3	0	0	0	0	0	0	"s1:12→1 / s2:4→1 / s3:1→1"	""
12	10	15	177	1	2	0	0	0	0	0	0	"{s1:12→1 / s2:1→1 / s3:4→1, s1:12→1 / s2:4→1 / s3:1→1, s1:12→1 / s2:4→1 / s3:1→1, s1:4→1 / s2:1→1, s1:4→1 / s2:1→1, 12→1, s1:4→1 / s2:1→1 / s3:12→1}"	"{s3:13→1, s3:11→1, s3:13→1, s3:11→1, s3:11→1, s3:14→1}"
12	10	15	183	2	1	0	0	0	0	0	0	"{s1:12→1 / s2:4→1 / s3:1→1, s1:1→1 / s2:12→1 / s3:4→1, 12→1}"	"{s2:13→1 / s3:13→1, s2:13→1 / s3:13→1}"
12	10	15	184	2	1	0	0	0	0	0	0	"{s1:12→1 / s2:1→1, 4→1 / s3:1→2, 4→1, 12→1, s1:12→1 / s2:1→1, 4→1 / s3:1→2, 4→1, 12→1, s1:12→1 / s2:1→1 / s3:1→1, s1:12→1 / s2:1→1 / s3:1→1, 4→1, s1:12→1 / s2:1→1 / s3:1→1, 4→1, s1:12→1 / s2:1→1 / s3:1→2, 4→1, 12→1, s1:12→1 / s2:1→1 / s3:1→2, 4→1, 12→1, s1:12→1 / s2:1→1 / s3:1→2, 4→2, 12→1, s1:12→1 / s2:1→1 / s3:1→2, 4→2, 12→1, s1:12→1 / s2:1→2, 4→1, 12→1 / s3:1→2, 4→1, 12→1, s1:12→1 / s2:1→2, 4→1, 12→1 / s3:1→3, 4→1, 12→1, s1:12→1 / s2:4→1 / s3:1→1, s1:12→1 / s2:4→1 / s3:1→3, 4→1, 12→1, s1:1→1, 12→1 / s2:1→1, 4→1, 12→1 / s3:1→1, 4→1, s1:1→1, 12→1 / s2:1→1, 4→1, 12→1 / s3:1→1, 4→1, 12→1, s1:1→1, 12→1 / s2:1→1 / s3:1→1, 4→2, 12→1, s1:1→1, 12→1 / s2:1→1 / s3:1→1, 4→2, 12→2, s1:1→1, 12→1 / s2:4→1, 12→1 / s3:1→1, s1:1→1, 12→1 / s2:4→1, 12→1 / s3:1→1, 4→1, s1:1→1, 12→1 / s2:4→1, 12→1 / s3:1→2, 4→1, 12→1, s1:1→1, 12→1 / s2:4→1 / s3:1→1, s1:1→1, 12→1 / s2:4→1 / s3:1→1, 4→1, 12→1, s1:1→1, 12→1 / s2:4→1 / s3:1→1, 4→1, 12→1, s1:1→1, 12→1 / s2:4→1 / s3:1→2, 4→1, 12→1, s1:1→1, 12→1 / s2:4→1 / s3:1→2, 4→1, 12→2, s1:1→1, 12→1 / s3:1→1, 4→1, 12→1, s1:1→1, 12→1 / s3:1→1, 4→2, 12→1, s1:1→1, 12→1 / s3:4→1, s1:1→1 / s2:12→1, s1:1→1 / s2:12→1 / s3:1→1, 4→1, 12→1, s1:1→1 / s2:12→1 / s3:1→1, 4→2, 12→2, s1:1→1 / s2:12→1 / s3:4→1, s1:1→1 / s2:1→1, 4→1, 12→2 / s3:1→1, 4→1, 12→2, s1:1→1 / s2:1→1, 4→1, 12→3 / s3:1→1, 4→1, 12→1, s1:1→1 / s2:4→1, 12→1 / s3:1→1, 12→1, s1:1→1 / s2:4→1, 12→1 / s3:1→1, 4→1, 12→1, s1:1→1 / s2:4→1, 12→1 / s3:1→1, 4→1, 12→2, s1:1→1 / s2:4→1 / s3:1→1, 4→1, 12→2, s1:1→1 / s2:4→1 / s3:1→1, 4→1, 12→3, s1:1→1 / s3:1→1, 4→1, 12→2, s1:1→1 / s3:4→1, 12→1}"	"{s2:11→1 / s3:13→1, s2:13→1 / s3:11→1, s2:13→1 / s3:11→1, s2:11→1 / s3:13→1, s2:13→1 / s3:11→1, s2:11→1 / s3:13→1, s2:13→1 / s3:11→1, s2:11→1 / s3:13→1, s2:13→1 / s3:11→1, s2:13→1 / s3:11→1, s2:13→1 / s3:11→1, s2:13→1 / s3:11→1, s2:13→1 / s3:11→1, s2:13→1 / s3:11→1, s2:13→1 / s3:11→1, s2:11→1 / s3:13→1, s2:11→1 / s3:13→1, s2:13→1 / s3:11→1, s2:13→1 / s3:11→1, s2:13→1 / s3:11→1, s2:13→1 / s3:11→1, s2:11→1 / s3:13→1, s2:13→1 / s3:11→1, s2:13→1 / s3:11→1, s2:13→1 / s3:11→1, s2:11→1 / s3:13→1, s2:11→1 / s3:13→1, s2:11→1 / s3:13→1, s2:13→1 / s3:11→1, s2:13→1 / s3:11→1, s2:13→1 / s3:11→1, s2:13→1 / s3:11→1, s2:13→1 / s3:11→1, s2:13→1 / s3:11→1, s2:13→1 / s3:11→1, s2:13→1 / s3:11→1, s2:13→1 / s3:11→1, s2:11→1 / s3:13→1, s2:11→1 / s3:13→1, s2:11→1 / s3:13→1, s2:11→1 / s3:13→1}"
12	10	16	150	0	2	1	0	0	0	0	0	"{s1:12→1 / s2:4→1 / s3:1→1, s1:1→1 / s2:12→1 / s3:4→1}"	""
12	10	16	157	1	1	1	0	0	0	0	0	"{s1:12→1 / s2:1→1, 4→1 / s3:1→1, s1:12→1 / s2:1→1, 4→1 / s3:1→3, 12→1, s1:12→1 / s2:1→1 / s3:1→1, s1:12→1 / s2:1→1 / s3:1→1, 4→1, s1:12→1 / s2:1→1 / s3:1→1, 4→1, 12→1, s1:12→1 / s2:1→1 / s3:1→1, 4→2, s1:12→1 / s2:1→1 / s3:1→1, 4→2, 12→1, s1:12→1 / s2:1→1 / s3:1→2, 4→1, 12→1, s1:12→1 / s2:1→1 / s3:1→2, 4→2, 12→1, s1:12→1 / s2:1→1 / s3:4→1, s1:12→1 / s2:4→1 / s3:1→1, s1:12→1 / s2:4→1 / s3:1→2, s1:12→1 / s2:4→1 / s3:1→3, 12→1, s1:12→1 / s2:4→1 / s3:1→4, 12→1, s1:1→1, 12→1 / s2:4→1, s1:1→1, 12→1 / s2:4→1 / s3:1→1, s1:1→1, 12→1 / s2:4→1 / s3:1→1, 12→1, s1:1→1, 12→1 / s2:4→1 / s3:1→2, 12→1, s1:1→1 / s2:12→1, s1:1→1 / s2:12→1 / s3:1→1, 4→1, 12→1, s1:1→1 / s2:12→1 / s3:1→1, 4→1, 12→1, s1:1→1 / s2:12→1 / s3:1→1, 4→2, 12→1, s1:1→1 / s2:12→1 / s3:1→1, 4→2, 12→2, s1:1→1 / s2:12→1 / s3:1→1, 4→2, 12→2, s1:1→1 / s2:12→1 / s3:4→1, s1:1→1 / s2:12→1 / s3:4→1, s1:1→1 / s2:1→1, 4→1, 12→2, s1:1→1 / s2:1→1, 4→1, 12→3, s1:1→1 / s2:4→1, s1:1→1 / s2:4→1, 12→1, s1:1→1 / s2:4→1, 12→1 / s3:1→1, 12→1, s1:1→1 / s2:4→1, 12→1 / s3:1→1, 12→2, s1:1→1 / s2:4→1, 12→1 / s3:1→2, 12→3, s1:1→1 / s2:4→1 / s3:1→1, 12→2}"	"{s3:11→1, s3:11→1, s3:11→1, s3:11→1, s3:14→1, s3:11→1, s3:14→1, s3:11→1, s3:11→1, s3:14→1, s3:11→1, s3:11→1, s3:11→1, s3:11→1, s3:11→1, s3:11→1, s3:11→1, s3:11→1, s3:11→1, s3:11→1, s3:14→1, s3:11→1, s3:11→1, s3:14→1, s3:11→1, s3:14→1, s3:11→1, s3:11→1, s3:11→1, s3:11→1, s3:11→1, s3:11→1, s3:11→1, s3:11→1}"
12	10	16	170	0	3	0	0	0	0	0	0	"{s1:12→1 / s2:1→1, 12→1 / s3:1→1, 4→1, 12→1, s1:12→1 / s2:1→1, 12→1 / s3:1→2, 12→1, s1:12→1 / s2:1→1, 12→1 / s3:1→2, 4→1, 12→1, s1:12→1 / s2:1→1, 4→1, 12→1 / s3:1→2, 12→1, s1:12→1 / s2:1→1 / s3:1→1, 12→1, s1:12→1 / s2:1→1 / s3:1→1, 4→1, 12→1, s1:12→1 / s2:1→1 / s3:1→2, 12→2, s1:12→1 / s2:1→1 / s3:1→2, 4→1, 12→2, s1:12→1 / s2:4→1 / s3:1→1, 12→1, s1:12→1 / s2:4→1 / s3:1→2, 12→1, s1:12→1 / s2:4→1 / s3:1→2, 12→2, s1:12→1 / s2:4→1 / s3:1→3, 12→2, s1:1→1, 12→1 / s2:1→1, 12→1 / s3:1→1, 12→1, s1:1→1, 12→1 / s2:1→1, 12→1 / s3:1→1, 4→1, s1:1→1, 12→1 / s2:1→1, 12→1 / s3:1→1, 4→1, 12→1, s1:1→1 / s2:1→1, 12→1 / s3:1→1, 12→2, s1:1→1 / s2:1→1, 12→1 / s3:1→1, 4→1, 12→1, s1:1→1 / s2:1→1, 12→1 / s3:1→1, 4→1, 12→2, s1:1→1 / s2:1→1, 12→1 / s3:1→1, 4→1, 12→3, s1:1→1 / s2:1→1, 12→2 / s3:1→1, 4→1, 12→1, s1:4→1, 12→1 / s2:1→1, 12→1 / s3:1→1, 12→1, s1:4→1, 12→1 / s2:1→1 / s3:1→1, 12→1, s1:4→1, 12→1 / s2:1→1 / s3:1→1, 12→2, s1:4→1, 12→1 / s2:1→1 / s3:1→2, 12→3, s1:4→1 / s2:1→1, 12→1 / s3:1→1, 12→1, s1:4→1 / s2:1→1, 12→1 / s3:1→1, 12→2, s1:4→1 / s2:1→1, 12→1 / s3:1→2, 12→1, s1:4→1 / s2:1→1, 12→1 / s3:1→2, 12→2, s1:4→1 / s2:1→1, 12→1 / s3:1→2, 12→3, s1:4→1 / s2:1→1, 12→1 / s3:1→3, 12→2, s1:4→1 / s2:1→1, 12→2 / s3:1→2, 12→1, s1:4→1 / s2:1→1 / s3:1→1, 12→1, s1:4→1 / s2:1→1 / s3:1→1, 12→2, s1:4→1 / s2:1→1 / s3:1→2, 12→2, s1:4→1 / s2:1→1 / s3:1→2, 12→3}"	""
12	10	16	177	1	2	0	0	0	0	0	0	"{s1:12→1 / s2:1→1, 12→1 / s3:1→1, s1:12→1 / s2:1→1, 12→1 / s3:1→1, s1:12→1 / s2:1→1, 12→1 / s3:1→1, s1:12→1 / s2:1→1, 12→1 / s3:1→1, 12→1, s1:12→1 / s2:1→1, 12→1 / s3:1→1, 4→1, s1:12→1 / s2:1→1, 12→1 / s3:1→1, 4→1, 12→1, s1:12→1 / s2:1→1, 12→1 / s3:1→1, 4→1, 12→1, s1:12→1 / s2:1→1, 12→1 / s3:1→1, 4→1, 12→1, s1:12→1 / s2:1→1, 12→1 / s3:1→1, 4→2, 12→1, s1:12→1 / s2:1→1, 12→1 / s3:1→1, 4→2, 12→1, s1:12→1 / s2:1→1, 12→1 / s3:1→1, 4→2, 12→1, s1:12→1 / s2:1→1, 12→1 / s3:1→2, 12→1, s1:12→1 / s2:1→1, 12→1 / s3:1→2, 12→1, s1:12→1 / s2:1→1, 12→1 / s3:1→2, 12→1, s1:12→1 / s2:1→1, 12→1 / s3:1→2, 4→1, 12→1, s1:12→1 / s2:1→1, 12→1 / s3:1→2, 4→1, 12→1, s1:12→1 / s2:1→1, 12→1 / s3:1→2, 4→1, 12→1, s1:12→1 / s2:1→1, 12→1 / s3:1→2, 4→2, 12→1, s1:12→1 / s2:1→1, 12→1 / s3:1→2, 4→2, 12→1, s1:12→1 / s2:1→1, 12→1 / s3:1→3, 12→1, s1:12→1 / s2:1→1, 12→1 / s3:1→3, 12→1, s1:12→1 / s2:1→1, 12→1 / s3:1→3, 4→1, 12→1, s1:12→1 / s2:1→1, 12→1 / s3:1→3, 4→1, 12→1, s1:12→1 / s2:1→1, 12→1 / s3:4→1, s1:12→1 / s2:1→1, 12→1 / s3:4→1, s1:12→1 / s2:1→1, 12→1 / s3:4→1, s1:12→1 / s2:1→1, 12→1 / s3:4→1, 12→1, s1:12→1 / s2:1→1, 12→1 / s3:4→2, 12→1, s1:12→1 / s2:1→1, 4→1, 12→1, s1:12→1 / s2:1→1, 4→1, 12→1 / s3:1→1, s1:12→1 / s2:1→1, 4→1, 12→1 / s3:1→1, s1:12→1 / s2:1→1, 4→1, 12→1 / s3:1→1, 12→1, s1:12→1 / s2:1→1, 4→1, 12→1 / s3:1→1, 12→1, s1:12→1 / s2:1→1, 4→1, 12→1 / s3:1→2, 12→1, s1:12→1 / s2:1→1, 4→1, 12→1 / s3:1→2, 12→1, s1:12→1 / s2:1→1, 4→1, 12→1 / s3:1→3, 12→1, s1:12→1 / s2:1→1 / s3:1→1, s1:12→1 / s2:1→1 / s3:1→1, 12→1, s1:12→1 / s2:1→1 / s3:1→1, 12→1, s1:12→1 / s2:1→1 / s3:1→1, 12→1, s1:12→1 / s2:1→1 / s3:1→1, 4→1, s1:12→1 / s2:1→1 / s3:1→1, 4→1, 12→1, s1:12→1 / s2:1→1 / s3:1→1, 4→1, 12→1, s1:12→1 / s2:1→1 / s3:1→1, 4→1, 12→1, s1:12→1 / s2:1→1 / s3:1→1, 4→1, 12→2, s1:12→1 / s2:1→1 / s3:1→1, 4→2, 12→1, s1:12→1 / s2:1→1 / s3:1→1, 4→2, 12→1, s1:12→1 / s2:1→1 / s3:1→1, 4→2, 12→1, s1:12→1 / s2:1→1 / s3:1→1, 4→2, 12→2, s1:12→1 / s2:1→1 / s3:1→1, 4→2, 12→2, s1:12→1 / s2:1→1 / s3:1→1, 4→2, 12→2, s1:12→1 / s2:1→1 / s3:1→1, 4→3, 12→1, s1:12→1 / s2:1→1 / s3:1→1, 4→3, 12→1, s1:12→1 / s2:1→1 / s3:1→2, 12→1, s1:12→1 / s2:1→1 / s3:1→2, 12→2, s1:12→1 / s2:1→1 / s3:1→2, 12→2, s1:12→1 / s2:1→1 / s3:1→2, 12→2, s1:12→1 / s2:1→1 / s3:1→2, 12→3, s1:12→1 / s2:1→1 / s3:1→2, 4→1, 12→1, s1:12→1 / s2:1→1 / s3:1→2, 4→1, 12→1, s1:12→1 / s2:1→1 / s3:1→2, 4→1, 12→2, s1:12→1 / s2:1→1 / s3:1→2, 4→1, 12→2, s1:12→1 / s2:1→1 / s3:1→2, 4→1, 12→2, s1:12→1 / s2:1→1 / s3:1→2, 4→2, 12→1, s1:12→1 / s2:1→1 / s3:1→2, 4→2, 12→1, s1:12→1 / s2:1→1 / s3:1→3, 12→2, s1:12→1 / s2:1→1 / s3:1→3, 12→2, s1:12→1 / s2:1→1 / s3:4→1, s1:12→1 / s2:1→1 / s3:4→1, 12→1, s1:12→1 / s2:1→1 / s3:4→2, 12→1, s1:12→1 / s2:1→2, 12→1 / s3:1→1, s1:12→1 / s2:1→2, 12→1 / s3:1→1, s1:12→1 / s2:1→2, 12→1 / s3:1→1, 12→1, s1:12→1 / s2:1→2, 12→1 / s3:1→1, 12→1, s1:12→1 / s2:1→2, 12→1 / s3:1→1, 4→1, s1:12→1 / s2:1→2, 12→1 / s3:1→1, 4→1, s1:12→1 / s2:1→2, 12→1 / s3:1→1, 4→1, 12→1, s1:12→1 / s2:1→2, 12→1 / s3:1→1, 4→1, 12→1, s1:12→1 / s2:1→2, 12→1 / s3:1→2, 12→1, s1:12→1 / s2:1→2, 12→1 / s3:1→2, 12→1, s1:12→1 / s2:1→2, 12→1 / s3:1→2, 4→1, s1:12→1 / s2:1→2, 12→1 / s3:1→2, 4→1, 12→1, s1:12→1 / s2:1→2, 12→1 / s3:1→2, 4→1, 12→1, s1:12→1 / s2:1→2, 12→1 / s3:1→2, 4→2, 12→1, s1:12→1 / s2:1→2, 12→1 / s3:1→3, 12→1, s1:12→1 / s2:1→2, 12→1 / s3:1→3, 4→1, 12→1, s1:12→1 / s2:1→2, 12→1 / s3:1→3, 4→1, 12→1, s1:12→1 / s2:1→2, 12→1 / s3:4→1, s1:12→1 / s2:1→2, 12→2 / s3:1→1, s1:12→1 / s2:1→2, 12→2 / s3:1→1, s1:12→1 / s2:1→2, 4→1, 12→1 / s3:1→1, s1:12→1 / s2:1→2, 4→1, 12→1 / s3:1→1, s1:12→1 / s2:1→2, 4→1, 12→1 / s3:1→2, s1:12→1 / s2:1→2, 4→1, 12→1 / s3:1→2, 12→1, s1:12→1 / s2:1→2, 4→1, 12→1 / s3:1→2, 12→1, s1:12→1 / s2:1→2, 4→1, 12→1 / s3:1→3, 12→1, s1:12→1 / s2:1→2, 4→1, 12→1 / s3:1→3, 12→1, s1:12→1 / s2:1→2, 4→1, 12→1 / s3:1→4, 12→1, s1:12→1 / s2:1→2, 4→1, 12→2, s1:12→1 / s2:1→2, 4→1, 12→2 / s3:1→1, s1:12→1 / s2:1→2, 4→1, 12→2 / s3:1→1, s1:12→1 / s2:1→3, 12→2 / s3:1→1, s1:12→1 / s2:1→3, 12→2 / s3:1→1, s1:12→1 / s2:4→1, s1:12→1 / s2:4→1 / s3:1→1, 12→1, s1:12→1 / s2:4→1 / s3:1→1, 12→1, s1:12→1 / s2:4→1 / s3:1→2, s1:12→1 / s2:4→1 / s3:1→2, 12→1, s1:12→1 / s2:4→1 / s3:1→2, 12→1, s1:12→1 / s2:4→1 / s3:1→2, 12→2, s1:12→1 / s2:4→1 / s3:1→2, 12→2, s1:12→1 / s2:4→1 / s3:1→3, 12→1, s1:12→1 / s2:4→1 / s3:1→3, 12→1, s1:12→1 / s2:4→1 / s3:1→3, 12→2, s1:12→1 / s2:4→1 / s3:1→3, 12→2, s1:12→1 / s2:4→1 / s3:1→4, 12→1, s1:1→1, 12→1 / s2:1→1, 12→1, s1:1→1, 12→1 / s2:1→1, 12→1 / s3:12→1, s1:1→1, 12→1 / s2:1→1, 12→1 / s3:1→1, s1:1→1, 12→1 / s2:1→1, 12→1 / s3:1→1, s1:1→1, 12→1 / s2:1→1, 12→1 / s3:1→1, 12→1, s1:1→1, 12→1 / s2:1→1, 12→1 / s3:1→1, 12→1, s1:1→1, 12→1 / s2:1→1, 12→1 / s3:1→1, 4→1, s1:1→1, 12→1 / s2:1→1, 12→1 / s3:1→1, 4→1, s1:1→1, 12→1 / s2:1→1, 12→1 / s3:1→1, 4→1, 12→1, s1:1→1, 12→1 / s2:1→1, 12→1 / s3:1→1, 4→1, 12→1, s1:1→1, 12→1 / s2:1→1, 12→1 / s3:1→1, 4→2, 12→1, s1:1→1, 12→1 / s2:1→1, 12→1 / s3:1→2, s1:1→1, 12→1 / s2:1→1, 12→1 / s3:1→2, 12→1, s1:1→1, 12→1 / s2:1→1, 12→1 / s3:1→2, 4→1, s1:1→1, 12→1 / s2:1→1, 12→1 / s3:1→2, 4→1, 12→1, s1:1→1, 12→1 / s2:1→1, 12→1 / s3:1→2, 4→2, 12→1, s1:1→1, 12→1 / s2:1→1, 12→1 / s3:1→3, 12→1, s1:1→1, 12→1 / s2:1→1, 12→1 / s3:1→3, 4→1, 12→1, s1:1→1, 12→1 / s2:1→1, 12→1 / s3:1→4, 12→1, s1:1→1, 12→1 / s2:1→1, 12→1 / s3:4→1, s1:1→1, 12→1 / s2:1→1, 12→1 / s3:4→1, 12→1, s1:1→1, 12→1 / s2:1→1, 12→2, s1:1→1, 12→1 / s2:1→1, 12→2 / s3:1→1, s1:1→1, 12→1 / s2:1→1, 4→1, 12→1, s1:1→1, 12→1 / s2:1→1, 4→1, 12→1 / s3:12→1, s1:1→1, 12→1 / s2:1→1, 4→1, 12→1 / s3:1→1, s1:1→1, 12→1 / s2:1→1, 4→1, 12→1 / s3:1→1, s1:1→1, 12→1 / s2:1→1, 4→1, 12→1 / s3:1→1, 12→1, s1:1→1, 12→1 / s2:1→1, 4→1, 12→1 / s3:1→1, 12→1, s1:1→1, 12→1 / s2:1→1, 4→1, 12→1 / s3:1→2, s1:1→1, 12→1 / s2:1→1, 4→1, 12→1 / s3:1→2, 12→1, s1:1→1, 12→1 / s2:1→1, 4→1, 12→1 / s3:1→3, 12→1, s1:1→1, 12→1 / s2:1→1, 4→1, 12→2, s1:1→1, 12→1 / s2:1→1, 4→1, 12→2 / s3:1→1, s1:1→1, 12→1 / s2:1→1, 4→1 / s3:1→1, s1:1→1, 12→1 / s2:1→1, 4→1 / s3:1→3, 12→1, s1:1→1, 12→1 / s2:1→2, 12→2, s1:1→1, 12→1 / s2:1→2, 4→1, 12→1, s1:1→1, 12→1 / s2:1→2, 4→1, 12→2, s1:1→1, 12→1 / s2:1→3, 12→2, s1:1→1, 12→2 / s2:1→1, 4→1, 12→1, s1:1→1, 12→2 / s2:1→1, 4→1, 12→1 / s3:1→1, s1:1→1, 4→1, 12→1 / s2:1→2, 12→1, s1:1→1, 4→1, 12→1 / s2:1→2, 12→2, s1:1→1, 4→1, 12→1 / s2:1→3, 12→2, s1:1→1 / s2:1→1, 12→1, s1:1→1 / s2:1→1, 12→1 / s3:12→1, s1:1→1 / s2:1→1, 12→1 / s3:12→1, s1:1→1 / s2:1→1, 12→1 / s3:1→1, s1:1→1 / s2:1→1, 12→1 / s3:1→1, 12→1, s1:1→1 / s2:1→1, 12→1 / s3:1→1, 12→1, s1:1→1 / s2:1→1, 12→1 / s3:1→1, 12→2, s1:1→1 / s2:1→1, 12→1 / s3:1→1, 12→2, s1:1→1 / s2:1→1, 12→1 / s3:1→1, 12→2, s1:1→1 / s2:1→1, 12→1 / s3:1→1, 12→3, s1:1→1 / s2:1→1, 12→1 / s3:1→1, 4→1, s1:1→1 / s2:1→1, 12→1 / s3:1→1, 4→1, 12→1, s1:1→1 / s2:1→1, 12→1 / s3:1→1, 4→1, 12→1, s1:1→1 / s2:1→1, 12→1 / s3:1→1, 4→1, 12→1, s1:1→1 / s2:1→1, 12→1 / s3:1→1, 4→1, 12→2, s1:1→1 / s2:1→1, 12→1 / s3:1→1, 4→1, 12→2, s1:1→1 / s2:1→1, 12→1 / s3:1→1, 4→1, 12→2, s1:1→1 / s2:1→1, 12→1 / s3:1→1, 4→1, 12→3, s1:1→1 / s2:1→1, 12→1 / s3:1→1, 4→1, 12→3, s1:1→1 / s2:1→1, 12→1 / s3:1→1, 4→2, s1:1→1 / s2:1→1, 12→1 / s3:1→1, 4→2, 12→1, s1:1→1 / s2:1→1, 12→1 / s3:1→1, 4→2, 12→1, s1:1→1 / s2:1→1, 12→1 / s3:1→1, 4→2, 12→1, s1:1→1 / s2:1→1, 12→1 / s3:1→1, 4→2, 12→2, s1:1→1 / s2:1→1, 12→1 / s3:1→1, 4→2, 12→2, s1:1→1 / s2:1→1, 12→1 / s3:1→1, 4→2, 12→2, s1:1→1 / s2:1→1, 12→1 / s3:1→1, 4→3, 12→1, s1:1→1 / s2:1→1, 12→1 / s3:1→2, 12→1, s1:1→1 / s2:1→1, 12→1 / s3:1→2, 12→2, s1:1→1 / s2:1→1, 12→1 / s3:1→2, 12→3, s1:1→1 / s2:1→1, 12→1 / s3:1→2, 4→1, 12→1, s1:1→1 / s2:1→1, 12→1 / s3:1→2, 4→1, 12→2, s1:1→1 / s2:1→1, 12→1 / s3:1→2, 4→2, 12→1, s1:1→1 / s2:1→1, 12→1 / s3:1→3, 12→2, s1:1→1 / s2:1→1, 12→1 / s3:4→1, s1:1→1 / s2:1→1, 12→1 / s3:4→1, s1:1→1 / s2:1→1, 12→1 / s3:4→1, 12→1, s1:1→1 / s2:1→1, 12→1 / s3:4→1, 12→1, s1:1→1 / s2:1→1, 12→2, s1:1→1 / s2:1→1, 12→2 / s3:12→1, s1:1→1 / s2:1→1, 12→2 / s3:1→1, s1:1→1 / s2:1→1, 12→2 / s3:1→1, 12→1, s1:1→1 / s2:1→1, 12→2 / s3:1→1, 12→1, s1:1→1 / s2:1→1, 12→2 / s3:1→1, 12→1, s1:1→1 / s2:1→1, 12→2 / s3:1→1, 12→2, s1:1→1 / s2:1→1, 12→2 / s3:1→1, 12→2, s1:1→1 / s2:1→1, 12→2 / s3:1→1, 4→1, 12→1, s1:1→1 / s2:1→1, 12→2 / s3:1→1, 4→1, 12→1, s1:1→1 / s2:1→1, 12→2 / s3:1→1, 4→1, 12→2, s1:1→1 / s2:1→1, 12→2 / s3:1→1, 4→1, 12→2, s1:1→1 / s2:1→1, 12→2 / s3:1→1, 4→1, 12→3, s1:1→1 / s2:1→1, 12→2 / s3:1→1, 4→1, 12→3, s1:1→1 / s2:1→1, 12→2 / s3:1→1, 4→2, 12→2, s1:1→1 / s2:1→1, 12→2 / s3:1→2, 12→1, s1:1→1 / s2:1→1, 12→2 / s3:1→2, 12→2, s1:1→1 / s2:1→1, 12→2 / s3:1→2, 12→3, s1:1→1 / s2:1→1, 12→2 / s3:1→2, 4→1, 12→2, s1:1→1 / s2:1→1, 12→2 / s3:1→3, 12→2, s1:1→1 / s2:1→1, 12→2 / s3:4→1, s1:1→1 / s2:1→1, 12→2 / s3:4→1, 12→1, s1:1→1 / s2:1→1, 12→2 / s3:4→1, 12→1, s1:1→1 / s2:1→1, 12→2 / s3:4→1, 12→2, s1:1→1 / s2:1→1, 4→1, 12→1, s1:1→1 / s2:1→1, 4→1, 12→1 / s3:12→1, s1:1→1 / s2:1→1, 4→1, 12→1 / s3:1→1, s1:1→1 / s2:1→1, 4→1, 12→1 / s3:1→1, 12→1, s1:1→1 / s2:1→1, 4→1, 12→1 / s3:1→1, 12→1, s1:1→1 / s2:1→1, 4→1, 12→1 / s3:1→1, 12→2, s1:1→1 / s2:1→1, 4→1, 12→1 / s3:1→2, 12→1, s1:1→1 / s2:1→1, 4→1, 12→1 / s3:1→2, 12→2, s1:1→1 / s2:1→1, 4→1, 12→1 / s3:1→3, 12→2, s1:1→1 / s2:1→1, 4→1, 12→2, s1:1→1 / s2:1→1, 4→1, 12→2 / s3:12→1, s1:1→1 / s2:1→1, 4→1, 12→2 / s3:1→1, s1:1→1 / s2:1→1, 4→1, 12→2 / s3:1→1, 12→1, s1:1→1 / s2:1→1, 4→1, 12→2 / s3:1→1, 12→2, s1:1→1 / s2:1→1, 4→1, 12→2 / s3:1→1, 12→2, s1:1→1 / s2:1→1, 4→1, 12→2 / s3:1→2, 12→2, s1:1→1 / s2:1→1, 4→1, 12→2 / s3:1→2, 12→3, s1:1→1 / s2:1→1, 4→1, 12→3, s1:1→1 / s2:1→1, 4→1, 12→3 / s3:12→1, s1:1→1 / s2:1→1, 4→1, 12→3 / s3:1→1, 12→1, s1:1→1 / s2:1→1, 4→1, 12→3 / s3:1→1, 12→2, s1:1→1 / s2:1→1, 4→1, 12→3 / s3:1→1, 12→3, s1:1→1 / s2:1→2, 12→2 / s3:12→1, s1:1→1 / s2:1→2, 12→3, s1:1→1 / s2:1→2, 12→3 / s3:12→1, s1:1→1 / s2:1→2, 4→1, 12→2, s1:1→1 / s2:1→2, 4→1, 12→2 / s3:12→1, s1:4→1, 12→1 / s2:1→1, s1:4→1, 12→1 / s2:1→1, 12→1, s1:4→1, 12→1 / s2:1→1, 12→1 / s3:12→1, s1:4→1, 12→1 / s2:1→1, 12→1 / s3:1→1, s1:4→1, 12→1 / s2:1→1, 12→1 / s3:1→1, 12→1, s1:4→1, 12→1 / s2:1→1, 12→1 / s3:1→1, 12→1, s1:4→1, 12→1 / s2:1→1, 12→1 / s3:1→2, 12→1, s1:4→1, 12→1 / s2:1→1, 12→2, s1:4→1, 12→1 / s2:1→1 / s3:12→1, s1:4→1, 12→1 / s2:1→1 / s3:1→1, 12→1, s1:4→1, 12→1 / s2:1→1 / s3:1→1, 12→2, s1:4→1, 12→1 / s2:1→1 / s3:1→1, 12→2, s1:4→1, 12→1 / s2:1→1 / s3:1→1, 12→3, s1:4→1, 12→1 / s2:1→1 / s3:1→2, 12→2, s1:4→1, 12→1 / s2:1→1 / s3:1→2, 12→3, s1:4→1, 12→1 / s2:1→1 / s3:1→2, 12→3, s1:4→1, 12→1 / s2:1→2, 12→2, s1:4→1, 12→1 / s2:1→2, 12→2 / s3:1→1, s1:4→1 / s2:1→1, 12→1 / s3:12→1, s1:4→1 / s2:1→1, 12→1 / s3:1→1, s1:4→1 / s2:1→1, 12→1 / s3:1→1, s1:4→1 / s2:1→1, 12→1 / s3:1→1, 12→1, s1:4→1 / s2:1→1, 12→1 / s3:1→1, 12→1, s1:4→1 / s2:1→1, 12→1 / s3:1→1, 12→2, s1:4→1 / s2:1→1, 12→1 / s3:1→1, 12→2, s1:4→1 / s2:1→1, 12→1 / s3:1→2, s1:4→1 / s2:1→1, 12→1 / s3:1→2, 12→1, s1:4→1 / s2:1→1, 12→1 / s3:1→2, 12→1, s1:4→1 / s2:1→1, 12→1 / s3:1→2, 12→2, s1:4→1 / s2:1→1, 12→1 / s3:1→2, 12→2, s1:4→1 / s2:1→1, 12→1 / s3:1→2, 12→3, s1:4→1 / s2:1→1, 12→1 / s3:1→2, 12→3, s1:4→1 / s2:1→1, 12→1 / s3:1→3, 12→1, s1:4→1 / s2:1→1, 12→1 / s3:1→3, 12→1, s1:4→1 / s2:1→1, 12→1 / s3:1→3, 12→2, s1:4→1 / s2:1→1, 12→1 / s3:1→3, 12→2, s1:4→1 / s2:1→1, 12→1 / s3:1→4, 12→1, s1:4→1 / s2:1→1, 12→2, s1:4→1 / s2:1→1, 12→2 / s3:1→1, s1:4→1 / s2:1→1, 12→2 / s3:1→1, s1:4→1 / s2:1→1, 12→2 / s3:1→1, 12→1, s1:4→1 / s2:1→1, 12→2 / s3:1→1, 12→1, s1:4→1 / s2:1→1, 12→2 / s3:1→2, 12→1, s1:4→1 / s2:1→1, 12→2 / s3:1→2, 12→1, s1:4→1 / s2:1→1, 12→2 / s3:1→2, 12→2, s1:4→1 / s2:1→1, 12→2 / s3:1→2, 12→3, s1:4→1 / s2:1→1, 12→2 / s3:1→3, 12→2, s1:4→1 / s2:1→1 / s3:1→1, s1:4→1 / s2:1→1 / s3:1→1, 12→1, s1:4→1 / s2:1→1 / s3:1→1, 12→1, s1:4→1 / s2:1→1 / s3:1→1, 12→2, s1:4→1 / s2:1→1 / s3:1→2, 12→1, s1:4→1 / s2:1→1 / s3:1→2, 12→2, s1:4→1 / s2:1→1 / s3:1→2, 12→2, s1:4→1 / s2:1→1 / s3:1→2, 12→3, s1:4→1 / s2:1→1 / s3:1→2, 12→3, s1:4→1 / s2:1→1 / s3:1→3, 12→2, s1:4→1 / s2:1→2, 12→1, s1:4→1 / s2:1→2, 12→1 / s3:12→1, s1:4→1 / s2:1→2, 12→1 / s3:1→1, s1:4→1 / s2:1→2, 12→1 / s3:1→1, 12→1, s1:4→1 / s2:1→2, 12→1 / s3:1→1, 12→1, s1:4→1 / s2:1→2, 12→1 / s3:1→1, 12→2, s1:4→1 / s2:1→2, 12→1 / s3:1→2, s1:4→1 / s2:1→2, 12→1 / s3:1→2, 12→1, s1:4→1 / s2:1→2, 12→1 / s3:1→2, 12→2, s1:4→1 / s2:1→2, 12→1 / s3:1→3, 12→1, s1:4→1 / s2:1→2, 12→1 / s3:1→3, 12→2, s1:4→1 / s2:1→2, 12→1 / s3:1→4, 12→1, s1:4→1 / s2:1→2, 12→2, s1:4→1 / s2:1→2, 12→2 / s3:12→1, s1:4→1 / s2:1→2, 12→2 / s3:1→1, s1:4→1 / s2:1→2, 12→2 / s3:1→1, s1:4→1 / s2:1→2, 12→2 / s3:1→1, 12→1, s1:4→1 / s2:1→2, 12→2 / s3:1→1, 12→1, s1:4→1 / s2:1→2, 12→2 / s3:1→1, 12→2, s1:4→1 / s2:1→2, 12→2 / s3:1→2, s1:4→1 / s2:1→2, 12→2 / s3:1→2, 12→1, s1:4→1 / s2:1→2, 12→2 / s3:1→2, 12→2, s1:4→1 / s2:1→2, 12→2 / s3:1→2, 12→3, s1:4→1 / s2:1→2, 12→2 / s3:1→3, 12→1, s1:4→1 / s2:1→2, 12→2 / s3:1→3, 12→2, s1:4→1 / s2:1→2, 12→2 / s3:1→4, 12→1, s1:4→1 / s2:1→2, 12→3, s1:4→1 / s2:1→2, 12→3 / s3:1→1, s1:4→1 / s2:1→2, 12→3 / s3:1→1, s1:4→1 / s2:1→2, 12→3 / s3:1→1, 12→1, s1:4→1 / s2:1→2, 12→3 / s3:1→2, 12→1, s1:4→1 / s2:1→3, 12→2, s1:4→1 / s2:1→3, 12→2 / s3:12→1, s1:4→1 / s2:1→3, 12→2 / s3:1→1, s1:4→1 / s2:1→3, 12→2 / s3:1→1, 12→1, s1:4→1 / s2:1→3, 12→2 / s3:1→2, s1:4→1 / s2:1→3, 12→2 / s3:1→2, 12→1, s1:4→1 / s2:1→3, 12→2 / s3:1→2, 12→2, s1:4→1 / s2:1→3, 12→2 / s3:1→3, 12→1, s1:4→1 / s2:1→3, 12→2 / s3:1→3, 12→2, s1:4→1 / s2:1→3, 12→2 / s3:1→4, 12→1}"	"{s3:11→1, s3:13→1, s3:14→1, s3:14→1, s3:11→1, s3:11→1, s3:13→1, s3:14→1, s3:11→1, s3:13→1, s3:14→1, s3:11→1, s3:13→1, s3:14→1, s3:11→1, s3:13→1, s3:14→1, s3:11→1, s3:13→1, s3:11→1, s3:13→1, s3:11→1, s3:13→1, s3:11→1, s3:13→1, s3:14→1, s3:14→1, s3:14→1, s3:11→1, s3:11→1, s3:13→1, s3:11→1, s3:13→1, s3:11→1, s3:13→1, s3:11→1, s3:11→1, s3:11→1, s3:13→1, s3:14→1, s3:11→1, s3:11→1, s3:13→1, s3:14→1, s3:14→1, s3:11→1, s3:13→1, s3:14→1, s3:11→1, s3:13→1, s3:14→1, s3:11→1, s3:13→1, s3:11→1, s3:11→1, s3:13→1, s3:14→1, s3:14→1, s3:11→1, s3:13→1, s3:11→1, s3:13→1, s3:14→1, s3:11→1, s3:13→1, s3:11→1, s3:13→1, s3:11→1, s3:14→1, s3:14→1, s3:11→1, s3:13→1, s3:13→1, s3:14→1, s3:11→1, s3:13→1, s3:13→1, s3:14→1, s3:11→1, s3:13→1, s3:11→1, s3:11→1, s3:13→1, s3:13→1, s3:11→1, s3:11→1, s3:13→1, s3:14→1, s3:11→1, s3:13→1, s3:11→1, s3:13→1, s3:11→1, s3:11→1, s3:13→1, s3:11→1, s3:13→1, s3:11→1, s3:11→1, s3:11→1, s3:13→1, s3:11→1, s3:13→1, s3:11→1, s3:11→1, s3:13→1, s3:11→1, s3:11→1, s3:13→1, s3:11→1, s3:13→1, s3:11→1, s3:13→1, s3:11→1, s3:13→1, s3:11→1, s3:11→1, s3:13→1, s3:11→1, s3:13→1, s3:11→1, s3:13→1, s3:11→1, s3:13→1, s3:11→1, s3:13→1, s3:13→1, s3:11→1, s3:11→1, s3:11→1, s3:11→1, s3:11→1, s3:11→1, s3:11→1, s3:11→1, s3:13→1, s3:13→1, s3:11→1, s3:11→1, s3:11→1, s3:13→1, s3:11→1, s3:13→1, s3:11→1, s3:13→1, s3:11→1, s3:11→1, s3:11→1, s3:11→1, s3:11→1, s3:11→1, s3:11→1, s3:11→1, s3:11→1, s3:11→1, s3:11→1, s3:11→1, s3:11→1, s3:11→1, s3:11→1, s3:11→1, s3:11→1, s3:13→1, s3:14→1, s3:11→1, s3:11→1, s3:14→1, s3:11→1, s3:13→1, s3:14→1, s3:13→1, s3:11→1, s3:11→1, s3:13→1, s3:14→1, s3:11→1, s3:13→1, s3:14→1, s3:13→1, s3:14→1, s3:11→1, s3:11→1, s3:13→1, s3:14→1, s3:11→1, s3:13→1, s3:14→1, s3:14→1, s3:11→1, s3:11→1, s3:11→1, s3:11→1, s3:11→1, s3:11→1, s3:11→1, s3:13→1, s3:14→1, s3:13→1, s3:14→1, s3:11→1, s3:13→1, s3:11→1, s3:11→1, s3:13→1, s3:14→1, s3:11→1, s3:13→1, s3:11→1, s3:14→1, s3:11→1, s3:13→1, s3:11→1, s3:13→1, s3:11→1, s3:11→1, s3:11→1, s3:11→1, s3:11→1, s3:11→1, s3:14→1, s3:13→1, s3:14→1, s3:13→1, s3:11→1, s3:13→1, s3:11→1, s3:11→1, s3:13→1, s3:13→1, s3:11→1, s3:11→1, s3:11→1, s3:11→1, s3:13→1, s3:11→1, s3:11→1, s3:11→1, s3:13→1, s3:11→1, s3:11→1, s3:11→1, s3:13→1, s3:11→1, s3:13→1, s3:13→1, s3:13→1, s3:11→1, s3:13→1, s3:11→1, s3:13→1, s3:11→1, s3:11→1, s3:14→1, s3:11→1, s3:11→1, s3:14→1, s3:11→1, s3:11→1, s3:14→1, s3:11→1, s3:11→1, s3:14→1, s3:14→1, s3:11→1, s3:11→1, s3:14→1, s3:11→1, s3:11→1, s3:14→1, s3:11→1, s3:14→1, s3:11→1, s3:14→1, s3:11→1, s3:14→1, s3:11→1, s3:11→1, s3:14→1, s3:11→1, s3:14→1, s3:11→1, s3:14→1, s3:11→1, s3:14→1, s3:11→1, s3:14→1, s3:11→1, s3:11→1, s3:11→1, s3:14→1, s3:11→1, s3:14→1, s3:11→1, s3:14→1, s3:11→1, s3:11→1, s3:11→1, s3:11→1, s3:11→1, s3:14→1, s3:14→1, s3:11→1, s3:11→1, s3:14→1, s3:11→1, s3:14→1, s3:11→1, s3:11→1, s3:14→1, s3:11→1, s3:11→1, s3:14→1, s3:14→1, s3:11→1, s3:11→1, s3:11→1, s3:11→1, s3:11→1, s3:11→1, s3:11→1, s3:14→1, s3:11→1, s3:14→1, s3:11→1, s3:14→1, s3:11→1, s3:11→1, s3:11→1, s3:11→1, s3:11→1, s3:11→1, s3:11→1, s3:11→1, s3:11→1, s3:11→1, s3:14→1, s3:11→1, s3:11→1, s3:11→1, s3:14→1, s3:11→1, s3:11→1, s3:11→1, s3:11→1, s3:11→1, s3:11→1, s3:11→1, s3:11→1}"
12	10	16	183	2	1	0	0	0	0	0	0	"{s1:12→1 / s2:1→1, 12→1 / s3:1→1, 4→1, 12→1, s1:12→1 / s2:1→1, 12→1 / s3:1→1, 4→1, 12→2, s1:12→1 / s2:1→1, 12→1 / s3:1→1, 4→2, 12→2, s1:12→1 / s2:1→1, 12→1 / s3:1→2, 12→1, s1:12→1 / s2:1→1, 12→1 / s3:1→2, 12→2, s1:12→1 / s2:1→1, 12→1 / s3:1→2, 4→1, 12→2, s1:12→1 / s2:1→1, 12→1 / s3:1→3, 12→2, s1:12→1 / s2:1→1, 4→1, 12→1 / s3:1→1, 4→1, 12→1, s1:12→1 / s2:1→1, 4→1, 12→1 / s3:1→2, 12→1, s1:12→1 / s2:1→1, 4→1, 12→1 / s3:1→2, 4→1, 12→1, s1:12→1 / s2:1→1, 4→1, 12→1 / s3:1→2, 4→1, 12→2, s1:12→1 / s2:1→1, 4→1 / s3:1→2, 4→1, 12→1, s1:12→1 / s2:1→1, 4→1 / s3:1→3, 12→1, s1:12→1 / s2:1→1, 4→1 / s3:1→3, 4→1, 12→1, s1:12→1 / s2:1→1 / s3:1→1, s1:12→1 / s2:1→1 / s3:1→1, 12→1, s1:12→1 / s2:1→1 / s3:1→1, 4→1, s1:12→1 / s2:1→1 / s3:1→1, 4→1, 12→1, s1:12→1 / s2:1→1 / s3:1→1, 4→2, 12→1, s1:12→1 / s2:1→1 / s3:1→2, 12→1, s1:12→1 / s2:1→1 / s3:1→2, 12→2, s1:12→1 / s2:1→1 / s3:1→2, 4→1, 12→1, s1:12→1 / s2:1→1 / s3:1→2, 4→1, 12→2, s1:12→1 / s2:1→1 / s3:1→2, 4→2, 12→1, s1:12→1 / s2:1→1 / s3:1→3, 12→2, s1:12→1 / s2:1→1 / s3:1→3, 4→1, 12→1, s1:12→1 / s2:1→2, 12→1 / s3:1→2, 12→1, s1:12→1 / s2:1→2, 12→1 / s3:1→2, 12→2, s1:12→1 / s2:1→2, 12→1 / s3:1→2, 4→1, 12→1, s1:12→1 / s2:1→2, 12→1 / s3:1→2, 4→1, 12→2, s1:12→1 / s2:1→2, 12→1 / s3:1→3, 12→1, s1:12→1 / s2:1→2, 12→1 / s3:1→3, 12→2, s1:12→1 / s2:1→2, 12→1 / s3:1→3, 4→1, 12→1, s1:12→1 / s2:1→2, 4→1, 12→1 / s3:1→2, 4→1, 12→1, s1:12→1 / s2:1→2, 4→1, 12→1 / s3:1→2, 4→1, 12→2, s1:12→1 / s2:1→2, 4→1, 12→1 / s3:1→3, 12→2, s1:12→1 / s2:1→2, 4→1, 12→1 / s3:1→3, 4→1, 12→1, s1:12→1 / s2:1→3, 12→1 / s3:1→3, 4→1, 12→1, s1:12→1 / s2:1→3, 4→1, 12→1 / s3:1→3, 4→1, 12→1, s1:12→1 / s2:4→1 / s3:1→1, 12→1, s1:12→1 / s2:4→1 / s3:1→1, 4→1, s1:12→1 / s2:4→1 / s3:1→1, 4→1, 12→1, s1:12→1 / s2:4→1 / s3:1→1, 4→1, 12→2, s1:12→1 / s2:4→1 / s3:1→2, 4→1, 12→1, s1:12→1 / s2:4→1 / s3:1→2, 4→1, 12→2, s1:1→1, 12→1 / s2:12→1 / s3:1→1, 12→1, s1:1→1, 12→1 / s2:12→1 / s3:1→1, 12→2, s1:1→1, 12→1 / s2:12→1 / s3:1→1, 4→1, 12→1, s1:1→1, 12→1 / s2:12→1 / s3:1→1, 4→1, 12→2, s1:1→1, 12→1 / s2:12→1 / s3:1→1, 4→2, 12→2, s1:1→1, 12→1 / s2:12→1 / s3:1→2, 12→2, s1:1→1, 12→1 / s2:12→1 / s3:1→2, 4→1, 12→2, s1:1→1, 12→1 / s2:12→1 / s3:4→1, 12→1, s1:1→1, 12→1 / s2:12→1 / s3:4→2, 12→2, s1:1→1, 12→1 / s2:1→1, 12→1 / s3:1→1, 12→1, s1:1→1, 12→1 / s2:1→1, 12→1 / s3:1→1, 12→2, s1:1→1, 12→1 / s2:1→1, 12→1 / s3:1→1, 4→1, 12→1, s1:1→1, 12→1 / s2:1→1, 12→1 / s3:1→1, 4→1, 12→2, s1:1→1, 12→1 / s2:1→1, 12→1 / s3:1→2, 12→1, s1:1→1, 12→1 / s2:1→1, 12→1 / s3:1→2, 12→2, s1:1→1, 12→1 / s2:1→1, 12→1 / s3:1→2, 4→1, 12→1, s1:1→1, 12→1 / s2:1→1, 12→1 / s3:1→2, 4→1, 12→2, s1:1→1, 12→1 / s2:1→1, 4→1, 12→1 / s3:1→1, 4→1, 12→1, s1:1→1, 12→1 / s2:1→1, 4→1, 12→1 / s3:1→1, 4→1, 12→2, s1:1→1, 12→1 / s2:1→1, 4→1, 12→1 / s3:1→2, 12→1, s1:1→1, 12→1 / s2:1→1, 4→1, 12→1 / s3:1→2, 12→2, s1:1→1, 12→1 / s2:1→1, 4→1, 12→1 / s3:1→2, 4→1, 12→1, s1:1→1, 12→1 / s2:1→1, 4→1, 12→1 / s3:1→2, 4→1, 12→2, s1:1→1, 12→1 / s2:1→1, 4→1 / s3:1→1, 4→1, s1:1→1, 12→1 / s2:1→1, 4→1 / s3:1→1, 4→1, 12→1, s1:1→1, 12→1 / s2:1→1, 4→1 / s3:1→2, 12→1, s1:1→1, 12→1 / s2:1→1, 4→1 / s3:1→2, 4→1, 12→1, s1:1→1, 12→1 / s2:1→1 / s3:1→1, 12→1, s1:1→1, 12→1 / s2:1→1 / s3:1→1, 4→1, s1:1→1, 12→1 / s2:1→1 / s3:1→1, 4→1, 12→1, s1:1→1, 12→1 / s2:1→1 / s3:1→2, 12→1, s1:1→1, 12→1 / s2:1→1 / s3:1→2, 12→2, s1:1→1, 12→1 / s2:1→1 / s3:1→2, 4→1, 12→1, s1:1→1, 12→1 / s2:1→1 / s3:1→2, 4→1, 12→2, s1:1→1, 12→1 / s2:1→1 / s3:1→2, 4→2, 12→1, s1:1→1, 12→1 / s2:4→1, 12→1 / s3:1→1, 12→1, s1:1→1, 12→1 / s2:4→1, 12→1 / s3:1→1, 12→2, s1:1→1, 12→1 / s2:4→1, 12→1 / s3:1→1, 4→1, 12→1, s1:1→1, 12→1 / s2:4→1, 12→1 / s3:1→1, 4→1, 12→2, s1:1→1, 12→1 / s2:4→1, 12→1 / s3:1→2, 4→1, 12→2, s1:1→1, 12→1 / s2:4→1, 12→1 / s3:4→1, 12→1, s1:1→1, 12→1 / s2:4→1, 12→1 / s3:4→1, 12→2, s1:1→1, 12→1 / s2:4→1 / s3:1→1, s1:1→1, 12→1 / s2:4→1 / s3:1→1, 12→1, s1:1→1, 12→1 / s2:4→1 / s3:1→1, 4→1, s1:1→1, 12→1 / s2:4→1 / s3:1→1, 4→1, 12→1, s1:1→1, 12→1 / s2:4→1 / s3:1→1, 4→1, 12→2, s1:1→1, 12→1 / s2:4→1 / s3:1→1, 4→1, 12→3, s1:1→1, 12→1 / s2:4→1 / s3:1→2, 4→1, 12→1, s1:1→1, 12→1 / s2:4→1 / s3:1→2, 4→1, 12→2, s1:1→1, 12→1 / s2:4→1 / s3:1→3, 4→1, 12→1, s1:1→1, 12→1 / s2:4→1 / s3:4→1, s1:1→1, 12→1 / s2:4→1 / s3:4→1, 12→1, s1:1→1, 12→1 / s2:4→1 / s3:4→1, 12→2, s1:1→1, 12→2 / s2:4→1 / s3:1→1, s1:1→1 / s2:12→1 / s3:12→1, s1:1→1 / s2:12→1 / s3:1→1, 12→1, s1:1→1 / s2:12→1 / s3:1→1, 12→2, s1:1→1 / s2:12→1 / s3:1→1, 4→1, 12→1, s1:1→1 / s2:12→1 / s3:1→1, 4→1, 12→2, s1:1→1 / s2:12→1 / s3:1→1, 4→1, 12→3, s1:1→1 / s2:12→1 / s3:1→1, 4→2, 12→2, s1:1→1 / s2:12→1 / s3:1→2, 12→2, s1:1→1 / s2:12→1 / s3:1→2, 12→3, s1:1→1 / s2:12→1 / s3:1→2, 4→1, 12→2, s1:1→1 / s2:12→1 / s3:4→2, 12→1, s1:1→1 / s2:12→1 / s3:4→2, 12→2, s1:1→1 / s2:1→1, 12→1 / s3:1→1, 12→2, s1:1→1 / s2:1→1, 12→1 / s3:1→1, 4→1, 12→1, s1:1→1 / s2:1→1, 12→1 / s3:1→1, 4→1, 12→2, s1:1→1 / s2:1→1, 12→1 / s3:1→2, 12→2, s1:1→1 / s2:1→1, 12→1 / s3:1→2, 12→3, s1:1→1 / s2:1→1, 12→1 / s3:1→2, 4→1, 12→2, s1:1→1 / s2:1→1, 12→2 / s3:1→1, 12→2, s1:1→1 / s2:1→1, 12→2 / s3:1→1, 12→3, s1:1→1 / s2:1→1, 12→2 / s3:1→1, 4→1, 12→2, s1:1→1 / s2:1→1, 12→2 / s3:1→1, 4→1, 12→3, s1:1→1 / s2:1→1, 12→2 / s3:1→2, 12→2, s1:1→1 / s2:1→1, 12→2 / s3:1→2, 12→3, s1:1→1 / s2:1→1, 12→3 / s3:1→1, 4→1, 12→3, s1:1→1 / s2:1→1, 4→1, 12→1 / s3:1→1, 4→1, 12→1, s1:1→1 / s2:1→1, 4→1, 12→1 / s3:1→1, 4→1, 12→2, s1:1→1 / s2:1→1, 4→1, 12→1 / s3:1→2, 12→2, s1:1→1 / s2:1→1, 4→1, 12→1 / s3:1→2, 4→1, 12→2, s1:1→1 / s2:1→1, 4→1, 12→2 / s3:1→1, 4→1, 12→2, s1:1→1 / s2:1→1, 4→1, 12→2 / s3:1→1, 4→1, 12→3, s1:1→1 / s2:1→1, 4→1, 12→2 / s3:1→2, 12→3, s1:1→1 / s2:1→1, 4→1, 12→2 / s3:1→2, 4→1, 12→2, s1:1→1 / s2:1→1, 4→1, 12→3 / s3:1→1, 4→1, 12→3, s1:1→1 / s2:4→1, 12→1 / s3:1→1, 12→2, s1:1→1 / s2:4→1, 12→1 / s3:1→1, 4→1, 12→1, s1:1→1 / s2:4→1, 12→1 / s3:1→1, 4→1, 12→2, s1:1→1 / s2:4→1, 12→1 / s3:1→1, 4→1, 12→3, s1:1→1 / s2:4→1, 12→1 / s3:4→1, 12→1, s1:1→1 / s2:4→1, 12→1 / s3:4→1, 12→2, s1:1→1 / s2:4→1, 12→2 / s3:1→1, 12→3, s1:1→1 / s2:4→1 / s3:1→1, 12→1, s1:1→1 / s2:4→1 / s3:1→2, 4→1, 12→2, s1:1→1 / s2:4→1 / s3:4→1, 12→1, s1:1→2, 12→1 / s2:12→1 / s3:4→1}"	"{s2:13→1 / s3:13→1, s2:13→1 / s3:13→1, s2:13→1 / s3:13→1, s2:13→1 / s3:13→1, s2:13→1 / s3:13→1, s2:13→1 / s3:13→1, s2:13→1 / s3:13→1, s2:13→1 / s3:13→1, s2:13→1 / s3:13→1, s2:13→1 / s3:13→1, s2:13→1 / s3:13→1, s2:13→1 / s3:13→1, s2:13→1 / s3:13→1, s2:13→1 / s3:13→1, s2:13→1 / s3:13→1, s2:13→1 / s3:13→1, s2:13→1 / s3:13→1, s2:13→1 / s3:13→1, s2:13→1 / s3:13→1, s2:13→1 / s3:13→1, s2:13→1 / s3:13→1, s2:13→1 / s3:13→1, s2:13→1 / s3:13→1, s2:13→1 / s3:13→1, s2:13→1 / s3:13→1, s2:13→1 / s3:13→1, s2:13→1 / s3:13→1, s2:13→1 / s3:13→1, s2:13→1 / s3:13→1, s2:13→1 / s3:13→1, s2:13→1 / s3:13→1, s2:13→1 / s3:13→1, s2:13→1 / s3:13→1, s2:13→1 / s3:13→1, s2:13→1 / s3:13→1, s2:13→1 / s3:13→1, s2:13→1 / s3:13→1, s2:13→1 / s3:13→1, s2:13→1 / s3:13→1, s2:13→1 / s3:13→1, s2:13→1 / s3:13→1, s2:13→1 / s3:13→1, s2:13→1 / s3:13→1, s2:13→1 / s3:13→1, s2:13→1 / s3:13→1, s2:13→1 / s3:13→1, s2:13→1 / s3:13→1, s2:13→1 / s3:13→1, s2:13→1 / s3:13→1, s2:13→1 / s3:13→1, s2:13→1 / s3:13→1, s2:13→1 / s3:13→1, s2:13→1 / s3:13→1, s2:13→1 / s3:13→1, s2:13→1 / s3:13→1, s2:13→1 / s3:13→1, s2:13→1 / s3:13→1, s2:13→1 / s3:13→1, s2:13→1 / s3:13→1, s2:13→1 / s3:13→1, s2:13→1 / s3:13→1, s2:13→1 / s3:13→1, s2:13→1 / s3:13→1, s2:13→1 / s3:13→1, s2:13→1 / s3:13→1, s2:13→1 / s3:13→1, s2:13→1 / s3:13→1, s2:13→1 / s3:13→1, s2:13→1 / s3:13→1, s2:13→1 / s3:13→1, s2:13→1 / s3:13→1, s2:13→1 / s3:13→1, s2:13→1 / s3:13→1, s2:13→1 / s3:13→1, s2:13→1 / s3:13→1, s2:13→1 / s3:13→1, s2:13→1 / s3:13→1, s2:13→1 / s3:13→1, s2:13→1 / s3:13→1, s2:13→1 / s3:13→1, s2:13→1 / s3:13→1, s2:13→1 / s3:13→1, s2:13→1 / s3:13→1, s2:13→1 / s3:13→1, s2:13→1 / s3:13→1, s2:13→1 / s3:13→1, s2:13→1 / s3:13→1, s2:13→1 / s3:13→1, s2:13→1 / s3:13→1, s2:13→1 / s3:13→1, s2:13→1 / s3:13→1, s2:13→1 / s3:13→1, s2:13→1 / s3:13→1, s2:13→1 / s3:13→1, s2:13→1 / s3:13→1, s2:13→1 / s3:13→1, s2:13→1 / s3:13→1, s2:13→1 / s3:13→1, s2:13→1 / s3:13→1, s2:13→1 / s3:13→1, s2:13→1 / s3:13→1, s2:13→1 / s3:13→1, s2:13→1 / s3:13→1, s2:13→1 / s3:13→1, s2:13→1 / s3:13→1, s2:13→1 / s3:13→1, s2:13→1 / s3:13→1, s2:13→1 / s3:13→1, s2:13→1 / s3:13→1, s2:13→1 / s3:13→1, s2:13→1 / s3:13→1, s2:13→1 / s3:13→1, s2:13→1 / s3:13→1, s2:13→1 / s3:13→1, s2:13→1 / s3:13→1, s2:13→1 / s3:13→1, s2:13→1 / s3:13→1, s2:13→1 / s3:13→1, s2:13→1 / s3:13→1, s2:13→1 / s3:13→1, s2:13→1 / s3:13→1, s2:13→1 / s3:13→1, s2:13→1 / s3:13→1, s2:13→1 / s3:13→1, s2:13→1 / s3:13→1, s2:13→1 / s3:13→1, s2:13→1 / s3:13→1, s2:13→1 / s3:13→1, s2:13→1 / s3:13→1, s2:13→1 / s3:13→1, s2:13→1 / s3:13→1, s2:13→1 / s3:13→1, s2:13→1 / s3:13→1, s2:13→1 / s3:13→1, s2:13→1 / s3:13→1, s2:13→1 / s3:13→1, s2:13→1 / s3:13→1, s2:13→1 / s3:13→1, s2:13→1 / s3:13→1, s2:13→1 / s3:13→1, s2:13→1 / s3:13→1, s2:13→1 / s3:13→1, s2:13→1 / s3:13→1, s2:13→1 / s3:13→1, s2:13→1 / s3:13→1}"
12	10	16	184	2	1	0	0	0	0	0	0	"{s1:12→1 / s2:1→1, 12→1 / s3:1→1, s1:12→1 / s2:1→1, 12→1 / s3:1→1, 12→1, s1:12→1 / s2:1→1, 12→1 / s3:1→1, 4→1, 12→1, s1:12→1 / s2:1→1, 12→1 / s3:1→2, 12→1, s1:12→1 / s2:1→1, 4→1, 12→1 / s3:1→1, 4→1, s1:12→1 / s2:1→1, 4→1, 12→1 / s3:1→1, 4→1, 12→1, s1:12→1 / s2:1→1, 4→1, 12→1 / s3:1→2, 12→1, s1:12→1 / s2:1→1, 4→1, 12→1 / s3:1→2, 4→1, 12→1, s1:12→1 / s2:1→1, 4→1 / s3:1→1, 4→1, s1:12→1 / s2:1→1, 4→1 / s3:1→2, s1:12→1 / s2:1→1, 4→1 / s3:1→2, 4→1, s1:12→1 / s2:1→1, 4→1 / s3:1→3, 4→1, 12→1, s1:12→1 / s2:1→1, 4→1 / s3:1→3, 4→1, 12→1, s1:12→1 / s2:1→1 / s3:1→1, 4→1, 12→1, s1:12→1 / s2:1→1 / s3:1→1, 4→1, 12→1, s1:12→1 / s2:1→1 / s3:1→1, 4→2, s1:12→1 / s2:1→1 / s3:1→1, 4→2, 12→1, s1:12→1 / s2:1→1 / s3:1→1, 4→2, 12→1, s1:12→1 / s2:1→1 / s3:1→2, 12→1, s1:12→1 / s2:1→1 / s3:1→2, 12→1, s1:12→1 / s2:1→1 / s3:1→2, 12→2, s1:12→1 / s2:1→1 / s3:1→2, 4→1, s1:12→1 / s2:1→1 / s3:1→2, 4→1, 12→2, s1:12→1 / s2:1→1 / s3:1→2, 4→1, 12→2, s1:12→1 / s2:1→1 / s3:1→3, 12→1, s1:12→1 / s2:1→1 / s3:1→3, 12→1, s1:12→1 / s2:1→1 / s3:1→3, 12→2, s1:12→1 / s2:1→1 / s3:1→3, 12→2, s1:12→1 / s2:1→1 / s3:1→3, 4→1, 12→1, s1:12→1 / s2:1→1 / s3:1→3, 4→1, 12→1, s1:12→1 / s2:1→2, 12→1 / s3:1→2, 12→1, s1:12→1 / s2:1→2, 12→1 / s3:1→2, 4→1, 12→1, s1:12→1 / s2:1→2, 12→1 / s3:1→2, 4→1, 12→1, s1:12→1 / s2:1→2, 12→1 / s3:1→3, 12→1, s1:12→1 / s2:1→2, 12→1 / s3:1→3, 4→1, 12→1, s1:12→1 / s2:1→2, 4→1, 12→1 / s3:1→3, 12→1, s1:12→1 / s2:1→2, 4→1 / s3:1→3, 4→1, 12→1, s1:12→1 / s2:1→2 / s3:1→3, 4→1, 12→1, s1:12→1 / s2:1→3, 12→1 / s3:1→3, 12→1, s1:12→1 / s2:1→3, 12→1 / s3:1→3, 4→1, 12→1, s1:12→1 / s2:1→3, 12→1 / s3:1→4, 12→1, s1:12→1 / s2:1→3, 4→1, 12→1 / s3:1→3, 4→1, 12→1, s1:12→1 / s2:4→1 / s3:1→1, 4→1, s1:12→1 / s2:4→1 / s3:1→1, 4→1, 12→1, s1:12→1 / s2:4→1 / s3:1→1, 4→1, 12→1, s1:12→1 / s2:4→1 / s3:1→1, 4→1, 12→2, s1:12→1 / s2:4→1 / s3:1→1, 4→1, 12→2, s1:12→1 / s2:4→1 / s3:1→2, 4→1, 12→1, s1:12→1 / s2:4→1 / s3:1→2, 4→1, 12→2, s1:12→1 / s2:4→1 / s3:4→1, s1:12→1 / s3:1→1, 4→1, 12→1, s1:12→1 / s3:1→2, 4→1, 12→2, s1:12→1 / s3:4→1, s1:1→1, 12→1 / s2:12→1, s1:1→1, 12→1 / s2:12→1 / s3:1→1, s1:1→1, 12→1 / s2:12→1 / s3:1→1, 12→1, s1:1→1, 12→1 / s2:12→1 / s3:1→1, 4→1, 12→1, s1:1→1, 12→1 / s2:12→1 / s3:1→2, 12→1, s1:1→1, 12→1 / s2:12→1 / s3:4→1, 12→1, s1:1→1, 12→1 / s2:1→1, 12→1 / s3:1→1, s1:1→1, 12→1 / s2:1→1, 12→1 / s3:1→1, 12→1, s1:1→1, 12→1 / s2:1→1, 12→1 / s3:1→1, 4→1, 12→1, s1:1→1, 12→1 / s2:1→1, 12→1 / s3:1→1, 4→1, 12→1, s1:1→1, 12→1 / s2:1→1, 12→1 / s3:1→2, s1:1→1, 12→1 / s2:1→1, 12→1 / s3:1→2, 12→1, s1:1→1, 12→1 / s2:1→1, 12→1 / s3:1→2, 4→1, 12→1, s1:1→1, 12→1 / s2:1→1, 12→1 / s3:1→3, 12→1, s1:1→1, 12→1 / s2:1→1, 12→1 / s3:1→3, 4→1, 12→1, s1:1→1, 12→1 / s2:1→1, 12→2 / s3:1→1, s1:1→1, 12→1 / s2:1→1, 4→1, 12→1 / s3:1→2, 12→1, s1:1→1, 12→1 / s2:1→1, 4→1, 12→1 / s3:1→2, 4→1, s1:1→1, 12→1 / s2:1→1, 4→1, 12→1 / s3:1→2, 4→1, 12→1, s1:1→1, 12→1 / s2:1→1, 4→1, 12→1 / s3:1→3, 4→1, 12→1, s1:1→1, 12→1 / s2:1→1, 4→1 / s3:1→1, 4→1, s1:1→1, 12→1 / s2:1→1, 4→1 / s3:1→2, s1:1→1, 12→1 / s2:1→1, 4→1 / s3:1→2, 4→1, s1:1→1, 12→1 / s2:1→1, 4→1 / s3:1→2, 4→1, 12→1, s1:1→1, 12→1 / s2:1→1, 4→1 / s3:1→2, 4→1, 12→1, s1:1→1, 12→1 / s2:1→1, 4→1 / s3:1→2, 4→1, 12→2, s1:1→1, 12→1 / s2:1→1, 4→1 / s3:1→3, 4→1, s1:1→1, 12→1 / s2:1→1, 4→1 / s3:1→3, 4→1, 12→1, s1:1→1, 12→1 / s2:1→1, 4→1 / s3:1→3, 4→1, 12→1, s1:1→1, 12→1 / s2:1→1 / s3:1→1, s1:1→1, 12→1 / s2:1→1 / s3:1→1, 4→1, s1:1→1, 12→1 / s2:1→1 / s3:1→1, 4→1, s1:1→1, 12→1 / s2:1→1 / s3:1→1, 4→1, 12→1, s1:1→1, 12→1 / s2:1→1 / s3:1→1, 4→1, 12→2, s1:1→1, 12→1 / s2:1→1 / s3:1→2, 12→1, s1:1→1, 12→1 / s2:1→1 / s3:1→2, 12→1, s1:1→1, 12→1 / s2:1→1 / s3:1→2, 12→2, s1:1→1, 12→1 / s2:1→1 / s3:1→2, 12→3, s1:1→1, 12→1 / s2:1→1 / s3:1→2, 4→1, s1:1→1, 12→1 / s2:1→1 / s3:1→2, 4→1, 12→1, s1:1→1, 12→1 / s2:1→1 / s3:1→2, 4→1, 12→1, s1:1→1, 12→1 / s2:1→1 / s3:1→2, 4→1, 12→2, s1:1→1, 12→1 / s2:1→1 / s3:1→2, 4→2, 12→1, s1:1→1, 12→1 / s2:1→1 / s3:1→3, 12→1, s1:1→1, 12→1 / s2:1→1 / s3:1→3, 12→1, s1:1→1, 12→1 / s2:1→1 / s3:1→3, 12→2, s1:1→1, 12→1 / s2:1→1 / s3:1→3, 12→2, s1:1→1, 12→1 / s2:1→1 / s3:1→3, 4→1, 12→1, s1:1→1, 12→1 / s2:1→1 / s3:1→3, 4→1, 12→1, s1:1→1, 12→1 / s2:1→1 / s3:1→3, 4→2, s1:1→1, 12→1 / s2:1→2, 12→1 / s3:1→2, s1:1→1, 12→1 / s2:1→2, 12→1 / s3:1→2, 12→1, s1:1→1, 12→1 / s2:1→2, 12→1 / s3:1→2, 4→1, 12→1, s1:1→1, 12→1 / s2:1→2, 4→1, 12→1 / s3:1→2, 4→1, s1:1→1, 12→1 / s2:1→2, 4→1, 12→1 / s3:1→2, 4→1, 12→1, s1:1→1, 12→1 / s2:1→2 / s3:1→2, 4→1, 12→1, s1:1→1, 12→1 / s2:4→1, 12→1 / s3:1→1, 12→1, s1:1→1, 12→1 / s2:4→1, 12→1 / s3:1→1, 4→1, 12→1, s1:1→1, 12→1 / s2:4→1, 12→1 / s3:4→1, s1:1→1, 12→1 / s2:4→1, 12→1 / s3:4→1, 12→1, s1:1→1, 12→1 / s2:4→1, 12→2 / s3:4→1, s1:1→1, 12→1 / s2:4→1 / s3:1→1, 4→1, s1:1→1, 12→1 / s2:4→1 / s3:1→1, 4→1, 12→2, s1:1→1, 12→1 / s2:4→1 / s3:1→2, 4→1, s1:1→1, 12→1 / s2:4→1 / s3:1→3, 4→1, 12→1, s1:1→1, 12→1 / s2:4→1 / s3:4→1, s1:1→1, 12→1 / s2:4→1 / s3:4→1, 12→1, s1:1→1, 12→1 / s3:1→1, 12→1, s1:1→1, 12→1 / s3:1→1, 12→2, s1:1→1, 12→1 / s3:1→1, 12→3, s1:1→1, 12→1 / s3:1→1, 4→1, 12→2, s1:1→1, 12→1 / s3:1→1, 4→1, 12→3, s1:1→1, 12→1 / s3:1→1, 4→2, 12→2, s1:1→1, 12→1 / s3:1→2, 12→1, s1:1→1, 12→1 / s3:1→2, 12→2, s1:1→1, 12→1 / s3:1→2, 12→3, s1:1→1, 12→1 / s3:1→2, 4→1, 12→1, s1:1→1, 12→1 / s3:1→2, 4→1, 12→2, s1:1→1, 12→1 / s3:1→2, 4→2, 12→1, s1:1→1, 12→1 / s3:1→3, 12→2, s1:1→1, 12→1 / s3:4→1, 12→1, s1:1→1, 12→1 / s3:4→1, 12→2, s1:1→1, 12→1 / s3:4→2, 12→1, s1:1→1, 12→1 / s3:4→2, 12→2, s1:1→1, 12→1 / s3:4→2, 12→3, s1:1→1, 12→2 / s2:1→1 / s3:1→1, s1:1→1, 12→2 / s2:4→1 / s3:1→1, s1:1→1 / s2:12→1 / s3:1→1, s1:1→1 / s2:12→1 / s3:1→1, 12→1, s1:1→1 / s2:12→1 / s3:1→1, 12→2, s1:1→1 / s2:12→1 / s3:1→1, 4→1, 12→2, s1:1→1 / s2:12→1 / s3:1→1, 4→1, 12→3, s1:1→1 / s2:12→1 / s3:1→1, 4→2, 12→1, s1:1→1 / s2:12→1 / s3:1→2, 12→1, s1:1→1 / s2:12→1 / s3:1→2, 12→2, s1:1→1 / s2:12→1 / s3:1→2, 12→3, s1:1→1 / s2:12→1 / s3:1→2, 4→1, 12→1, s1:1→1 / s2:12→1 / s3:1→2, 4→1, 12→2, s1:1→1 / s2:12→1 / s3:1→3, 12→2, s1:1→1 / s2:1→1, 12→1 / s3:1→1, s1:1→1 / s2:1→1, 12→1 / s3:1→1, 12→1, s1:1→1 / s2:1→1, 12→1 / s3:1→1, 4→1, s1:1→1 / s2:1→1, 12→1 / s3:1→1, 4→1, 12→2, s1:1→1 / s2:1→1, 12→1 / s3:1→1, 4→1, 12→3, s1:1→1 / s2:1→1, 12→1 / s3:1→2, 12→1, s1:1→1 / s2:1→1, 12→1 / s3:1→2, 12→2, s1:1→1 / s2:1→1, 12→1 / s3:1→2, 12→3, s1:1→1 / s2:1→1, 12→1 / s3:1→2, 4→1, 12→1, s1:1→1 / s2:1→1, 12→1 / s3:1→3, 12→2, s1:1→1 / s2:1→1, 12→1 / s3:1→3, 4→1, 12→1, s1:1→1 / s2:1→1, 12→2 / s3:1→1, s1:1→1 / s2:1→1, 12→2 / s3:1→1, 12→1, s1:1→1 / s2:1→1, 12→2 / s3:1→1, 12→2, s1:1→1 / s2:1→1, 12→2 / s3:1→1, 4→1, 12→1, s1:1→1 / s2:1→1, 12→2 / s3:1→1, 4→1, 12→2, s1:1→1 / s2:1→1, 12→2 / s3:1→1, 4→1, 12→3, s1:1→1 / s2:1→1, 12→2 / s3:1→2, 12→1, s1:1→1 / s2:1→1, 12→2 / s3:1→2, 12→2, s1:1→1 / s2:1→1, 12→2 / s3:1→2, 12→3, s1:1→1 / s2:1→1, 12→2 / s3:1→2, 4→1, 12→2, s1:1→1 / s2:1→1, 12→2 / s3:1→3, 12→2, s1:1→1 / s2:1→1, 12→3 / s3:1→1, 12→1, s1:1→1 / s2:1→1, 12→3 / s3:1→1, 12→2, s1:1→1 / s2:1→1, 12→3 / s3:1→1, 4→1, 12→3, s1:1→1 / s2:1→1, 12→3 / s3:1→2, 12→3, s1:1→1 / s2:1→1, 4→1, 12→1 / s3:1→1, 4→1, s1:1→1 / s2:1→1, 4→1, 12→1 / s3:1→1, 4→1, 12→1, s1:1→1 / s2:1→1, 4→1, 12→1 / s3:1→2, 12→1, s1:1→1 / s2:1→1, 4→1, 12→1 / s3:1→2, 4→1, 12→1, s1:1→1 / s2:1→1, 4→1, 12→1 / s3:1→2, 4→1, 12→2, s1:1→1 / s2:1→1, 4→1, 12→1 / s3:1→3, 12→2, s1:1→1 / s2:1→1, 4→1, 12→1 / s3:1→3, 4→1, 12→1, s1:1→1 / s2:1→1, 4→1, 12→2 / s3:1→1, 4→1, 12→1, s1:1→1 / s2:1→1, 4→1, 12→2 / s3:1→2, 12→2, s1:1→1 / s2:1→1, 4→1, 12→2 / s3:1→2, 4→1, 12→1, s1:1→1 / s2:1→1, 4→1, 12→2 / s3:1→2, 4→1, 12→2, s1:1→1 / s2:1→1, 4→1, 12→3 / s3:1→1, 4→1, 12→2, s1:1→1 / s2:1→1, 4→1, 12→3 / s3:1→2, 12→3, s1:1→1 / s2:1→1, 4→1 / s3:1→2, 4→1, 12→2, s1:1→1 / s2:1→1 / s3:1→1, 4→1, 12→1, s1:1→1 / s2:1→1 / s3:1→1, 4→1, 12→2, s1:1→1 / s2:1→1 / s3:1→1, 4→2, 12→1, s1:1→1 / s2:1→1 / s3:1→2, 12→2, s1:1→1 / s2:1→1 / s3:1→2, 12→3, s1:1→1 / s2:1→1 / s3:1→2, 4→1, 12→2, s1:1→1 / s2:1→2, 12→1 / s3:1→2, 4→1, 12→2, s1:1→1 / s2:1→2, 12→2 / s3:1→2, 12→1, s1:1→1 / s2:1→2, 12→3 / s3:1→2, 12→1, s1:1→1 / s2:1→2, 12→3 / s3:1→2, 12→2, s1:1→1 / s2:1→2, 12→3 / s3:1→2, 12→3, s1:1→1 / s2:1→2, 4→1, 12→2 / s3:1→2, 4→1, 12→1, s1:1→1 / s2:4→1, 12→1 / s3:1→1, 4→1, s1:1→1 / s2:4→1, 12→1 / s3:1→1, 4→1, 12→3, s1:1→1 / s2:4→1, 12→1 / s3:1→2, 4→1, 12→2, s1:1→1 / s2:4→1, 12→1 / s3:4→1, s1:1→1 / s2:4→1, 12→2 / s3:1→1, 12→2, s1:1→1 / s2:4→1, 12→2 / s3:4→1, s1:1→1 / s2:4→1 / s3:1→1, s1:1→1 / s2:4→1 / s3:1→2, 4→1, 12→1, s1:1→1 / s2:4→1 / s3:4→1, s1:1→1 / s3:1→1, 12→2, s1:1→1 / s3:1→1, 12→3, s1:1→1 / s3:1→1, 4→1, 12→3, s1:1→1 / s3:1→1, 4→2, 12→2, s1:1→1 / s3:1→2, 12→3, s1:1→1 / s3:4→2, 12→1, s1:1→1 / s3:4→2, 12→2, s1:1→1 / s3:4→3, 12→2, s1:1→2, 12→1 / s2:12→1 / s3:1→1, s1:1→2, 12→1 / s2:12→1 / s3:1→1, 12→1, s1:1→2, 12→1 / s2:4→1 / s3:1→1, s1:1→2, 12→1 / s2:4→1 / s3:1→1, 4→1, s1:1→2, 12→1 / s3:1→1, 4→1, 12→1, s1:1→2, 12→1 / s3:4→1, s1:1→2, 12→2 / s2:4→1 / s3:1→1, s1:1→2, 12→2 / s3:4→1}"	"{s2:13→1 / s3:11→1, s2:13→1 / s3:11→1, s2:13→1 / s3:11→1, s2:13→1 / s3:11→1, s2:13→1 / s3:11→1, s2:13→1 / s3:11→1, s2:13→1 / s3:11→1, s2:13→1 / s3:11→1, s2:13→1 / s3:11→1, s2:13→1 / s3:11→1, s2:13→1 / s3:11→1, s2:11→1 / s3:13→1, s2:13→1 / s3:11→1, s2:11→1 / s3:13→1, s2:13→1 / s3:11→1, s2:13→1 / s3:11→1, s2:11→1 / s3:13→1, s2:13→1 / s3:11→1, s2:11→1 / s3:13→1, s2:13→1 / s3:11→1, s2:11→1 / s3:13→1, s2:13→1 / s3:11→1, s2:11→1 / s3:13→1, s2:13→1 / s3:11→1, s2:11→1 / s3:13→1, s2:13→1 / s3:11→1, s2:11→1 / s3:13→1, s2:13→1 / s3:11→1, s2:11→1 / s3:13→1, s2:13→1 / s3:11→1, s2:13→1 / s3:11→1, s2:11→1 / s3:13→1, s2:13→1 / s3:11→1, s2:13→1 / s3:11→1, s2:13→1 / s3:11→1, s2:13→1 / s3:11→1, s2:11→1 / s3:13→1, s2:11→1 / s3:13→1, s2:13→1 / s3:11→1, s2:11→1 / s3:13→1, s2:13→1 / s3:11→1, s2:13→1 / s3:11→1, s2:13→1 / s3:11→1, s2:11→1 / s3:13→1, s2:13→1 / s3:11→1, s2:11→1 / s3:13→1, s2:13→1 / s3:11→1, s2:13→1 / s3:11→1, s2:13→1 / s3:11→1, s2:13→1 / s3:11→1, s2:11→1 / s3:13→1, s2:11→1 / s3:13→1, s2:11→1 / s3:13→1, s2:13→1 / s3:11→1, s2:13→1 / s3:11→1, s2:13→1 / s3:11→1, s2:13→1 / s3:11→1, s2:13→1 / s3:11→1, s2:13→1 / s3:11→1, s2:13→1 / s3:11→1, s2:13→1 / s3:11→1, s2:11→1 / s3:13→1, s2:13→1 / s3:11→1, s2:13→1 / s3:11→1, s2:13→1 / s3:11→1, s2:13→1 / s3:11→1, s2:13→1 / s3:11→1, s2:13→1 / s3:11→1, s2:13→1 / s3:11→1, s2:13→1 / s3:11→1, s2:13→1 / s3:11→1, s2:13→1 / s3:11→1, s2:13→1 / s3:11→1, s2:13→1 / s3:11→1, s2:13→1 / s3:11→1, s2:13→1 / s3:11→1, s2:11→1 / s3:13→1, s2:13→1 / s3:11→1, s2:11→1 / s3:13→1, s2:13→1 / s3:11→1, s2:11→1 / s3:13→1, s2:13→1 / s3:11→1, s2:13→1 / s3:11→1, s2:11→1 / s3:13→1, s2:13→1 / s3:11→1, s2:11→1 / s3:13→1, s2:11→1 / s3:13→1, s2:11→1 / s3:13→1, s2:13→1 / s3:11→1, s2:11→1 / s3:13→1, s2:11→1 / s3:13→1, s2:13→1 / s3:11→1, s2:11→1 / s3:13→1, s2:13→1 / s3:11→1, s2:11→1 / s3:13→1, s2:11→1 / s3:13→1, s2:11→1 / s3:13→1, s2:13→1 / s3:11→1, s2:11→1 / s3:13→1, s2:13→1 / s3:11→1, s2:11→1 / s3:13→1, s2:13→1 / s3:11→1, s2:13→1 / s3:11→1, s2:13→1 / s3:11→1, s2:13→1 / s3:11→1, s2:11→1 / s3:13→1, s2:13→1 / s3:11→1, s2:13→1 / s3:11→1, s2:11→1 / s3:13→1, s2:13→1 / s3:11→1, s2:13→1 / s3:11→1, s2:13→1 / s3:11→1, s2:13→1 / s3:11→1, s2:13→1 / s3:11→1, s2:13→1 / s3:11→1, s2:13→1 / s3:11→1, s2:13→1 / s3:11→1, s2:13→1 / s3:11→1, s2:13→1 / s3:11→1, s2:13→1 / s3:11→1, s2:11→1 / s3:13→1, s2:11→1 / s3:13→1, s2:11→1 / s3:13→1, s2:11→1 / s3:13→1, s2:11→1 / s3:13→1, s2:11→1 / s3:13→1, s2:11→1 / s3:13→1, s2:11→1 / s3:13→1, s2:11→1 / s3:13→1, s2:11→1 / s3:13→1, s2:11→1 / s3:13→1, s2:11→1 / s3:13→1, s2:11→1 / s3:13→1, s2:11→1 / s3:13→1, s2:11→1 / s3:13→1, s2:11→1 / s3:13→1, s2:11→1 / s3:13→1, s2:11→1 / s3:13→1, s2:13→1 / s3:11→1, s2:13→1 / s3:11→1, s2:13→1 / s3:11→1, s2:13→1 / s3:11→1, s2:13→1 / s3:11→1, s2:13→1 / s3:11→1, s2:13→1 / s3:11→1, s2:13→1 / s3:11→1, s2:13→1 / s3:11→1, s2:13→1 / s3:11→1, s2:13→1 / s3:11→1, s2:13→1 / s3:11→1, s2:13→1 / s3:11→1, s2:13→1 / s3:11→1, s2:13→1 / s3:11→1, s2:13→1 / s3:11→1, s2:13→1 / s3:11→1, s2:11→1 / s3:13→1, s2:11→1 / s3:13→1, s2:13→1 / s3:11→1, s2:13→1 / s3:11→1, s2:11→1 / s3:13→1, s2:13→1 / s3:11→1, s2:13→1 / s3:11→1, s2:13→1 / s3:11→1, s2:13→1 / s3:11→1, s2:13→1 / s3:11→1, s2:13→1 / s3:11→1, s2:13→1 / s3:11→1, s2:13→1 / s3:11→1, s2:11→1 / s3:13→1, s2:13→1 / s3:11→1, s2:13→1 / s3:11→1, s2:13→1 / s3:11→1, s2:13→1 / s3:11→1, s2:13→1 / s3:11→1, s2:13→1 / s3:11→1, s2:13→1 / s3:11→1, s2:13→1 / s3:11→1, s2:13→1 / s3:11→1, s2:13→1 / s3:11→1, s2:13→1 / s3:11→1, s2:13→1 / s3:11→1, s2:13→1 / s3:11→1, s2:13→1 / s3:11→1, s2:13→1 / s3:11→1, s2:13→1 / s3:11→1, s2:13→1 / s3:11→1, s2:13→1 / s3:11→1, s2:13→1 / s3:11→1, s2:13→1 / s3:11→1, s2:13→1 / s3:11→1, s2:13→1 / s3:11→1, s2:11→1 / s3:13→1, s2:11→1 / s3:13→1, s2:11→1 / s3:13→1, s2:11→1 / s3:13→1, s2:11→1 / s3:13→1, s2:11→1 / s3:13→1, s2:11→1 / s3:13→1, s2:11→1 / s3:13→1, s2:13→1 / s3:11→1, s2:13→1 / s3:11→1, s2:13→1 / s3:11→1, s2:13→1 / s3:11→1, s2:13→1 / s3:11→1, s2:13→1 / s3:11→1, s2:13→1 / s3:11→1, s2:13→1 / s3:11→1, s2:13→1 / s3:11→1, s2:13→1 / s3:11→1, s2:13→1 / s3:11→1, s2:13→1 / s3:11→1, s2:13→1 / s3:11→1, s2:13→1 / s3:11→1, s2:11→1 / s3:13→1, s2:11→1 / s3:13→1, s2:11→1 / s3:13→1, s2:11→1 / s3:13→1, s2:11→1 / s3:13→1, s2:11→1 / s3:13→1, s2:11→1 / s3:13→1, s2:11→1 / s3:13→1, s2:13→1 / s3:11→1, s2:13→1 / s3:11→1, s2:13→1 / s3:11→1, s2:13→1 / s3:11→1, s2:11→1 / s3:13→1, s2:11→1 / s3:13→1, s2:13→1 / s3:11→1, s2:11→1 / s3:13→1}"
12	10	17	126	0	2	0	1	0	0	0	0	"{s1:12→1 / s2:4→1 / s3:1→1, s1:1→1 / s2:12→1 / s3:4→1, s1:1→1 / s2:12→1 / s3:4→1, 12→1}"	""
12	10	17	130	0	1	2	0	0	0	0	0	"{s1:12→1 / s2:1→1 / s3:1→1, 4→1, 12→1, s1:12→1 / s2:1→1 / s3:4→1}"	""
12	10	17	133	1	1	0	1	0	0	0	0	"{s1:12→1 / s2:1→1, 4→1 / s3:1→1, s1:12→1 / s2:1→1, 4→1 / s3:1→2, s1:12→1 / s2:1→1, 4→1 / s3:1→3, s1:12→1 / s2:1→1 / s3:1→1, s1:12→1 / s2:1→1 / s3:1→1, 4→1, s1:12→1 / s2:1→1 / s3:1→1, 4→2, s1:12→1 / s2:1→1 / s3:1→1, 4→3, s1:12→1 / s2:1→1 / s3:1→2, 4→1, s1:12→1 / s2:1→1 / s3:1→2, 4→2, s1:12→1 / s2:1→1 / s3:1→2, 4→3, s1:12→1 / s2:1→1 / s3:1→3, 4→2, s1:12→1 / s2:1→1 / s3:4→1, s1:12→1 / s2:4→1 / s3:1→1, s1:12→1 / s2:4→1 / s3:1→2, s1:12→1 / s2:4→1 / s3:1→3, s1:1→1, 12→1 / s2:4→1, s1:1→1 / s2:12→1, s1:1→1 / s2:12→1 / s3:4→1, s1:1→1 / s2:12→1 / s3:4→1, s1:1→1 / s2:12→1 / s3:4→1, 12→1, s1:1→1 / s2:12→1 / s3:4→1, 12→1, s1:1→1 / s2:12→1 / s3:4→2, 12→1, s1:1→1 / s2:12→1 / s3:4→2, 12→1, s1:1→1 / s2:12→1 / s3:4→2, 12→2, s1:1→1 / s2:12→1 / s3:4→2, 12→2, s1:1→1 / s2:12→1 / s3:4→3, 12→1, s1:1→1 / s2:12→1 / s3:4→3, 12→2, s1:1→1 / s2:12→1 / s3:4→3, 12→2, s1:1→1 / s2:4→1, s1:1→1 / s2:4→1, 12→1, s1:1→1 / s2:4→1, 12→1 / s3:12→1, s1:1→1 / s2:4→1, 12→2}"	"{s3:11→1, s3:11→1, s3:11→1, s3:11→1, s3:11→1, s3:11→1, s3:11→1, s3:11→1, s3:11→1, s3:11→1, s3:11→1, s3:14→1, s3:11→1, s3:11→1, s3:11→1, s3:11→1, s3:11→1, s3:11→1, s3:14→1, s3:11→1, s3:14→1, s3:11→1, s3:14→1, s3:11→1, s3:14→1, s3:11→1, s3:11→1, s3:14→1, s3:11→1, s3:11→1, s3:11→1, s3:11→1}"
12	10	17	137	1	0	2	0	0	0	0	0	"{s1:12→1 / s2:1→1, s1:12→1 / s2:1→1 / s3:1→1, s1:12→1 / s2:1→1 / s3:1→1, 12→1, s1:12→1 / s2:1→1 / s3:1→1, 4→1, s1:12→1 / s2:1→1 / s3:1→1, 4→1, 12→1, s1:12→1 / s2:1→1 / s3:1→1, 4→2, s1:12→1 / s2:1→1 / s3:1→1, 4→2, 12→1, s1:12→1 / s2:1→1 / s3:1→1, 4→3, s1:12→1 / s2:1→1 / s3:1→1, 4→3, 12→1, s1:12→1 / s2:1→1 / s3:1→2, 12→1, s1:12→1 / s2:1→1 / s3:1→2, 4→1, 12→1, s1:12→1 / s2:1→1 / s3:1→2, 4→2, 12→1, s1:12→1 / s2:1→1 / s3:1→3, 4→1, 12→1, s1:12→1 / s2:1→1 / s3:4→1, s1:12→1 / s2:1→1 / s3:4→2, s1:12→1 / s2:1→1 / s3:4→2, 12→1, s1:12→1 / s2:1→1 / s3:4→3, 12→1, s1:12→1 / s2:1→1 / s3:4→4, 12→1}"	"{s3:11→1, s3:11→1, s3:11→1, s3:11→1, s3:11→1, s3:11→1, s3:11→1, s3:11→1, s3:11→1, s3:11→1, s3:11→1, s3:11→1, s3:11→1, s3:11→1, s3:11→1, s3:11→1, s3:11→1, s3:11→1}"
12	10	17	150	0	2	1	0	0	0	0	0	"{s1:12→1 / s2:1→1, 4→1 / s3:1→2, 12→1, s1:12→1 / s2:1→1, 4→1 / s3:1→3, 12→1, s1:12→1 / s2:1→1 / s3:1→1, 12→1, s1:12→1 / s2:1→1 / s3:1→1, 4→1, 12→1, s1:12→1 / s2:1→1 / s3:1→2, 12→1, s1:12→1 / s2:1→1 / s3:1→2, 4→1, 12→1, s1:12→1 / s2:1→1 / s3:1→3, 4→1, 12→1, s1:12→1 / s2:4→1 / s3:1→1, 12→1, s1:12→1 / s2:4→1 / s3:1→2, 12→1, s1:12→1 / s2:4→1 / s3:1→3, 12→1, s1:1→1, 12→1 / s2:12→1 / s3:1→1, s1:1→1, 12→1 / s2:12→1 / s3:4→1, s1:1→1, 12→1 / s2:4→1, 12→1 / s3:1→1, s1:1→1, 12→1 / s2:4→1 / s3:1→1, s1:1→1, 12→1 / s2:4→1 / s3:1→1, 12→1, s1:1→1 / s2:12→1 / s3:1→1, 12→1, s1:1→1 / s2:12→1 / s3:1→1, 12→2, s1:1→1 / s2:12→1 / s3:1→1, 4→1, 12→1, s1:1→1 / s2:12→1 / s3:1→1, 4→1, 12→2, s1:1→1 / s2:12→1 / s3:1→1, 4→1, 12→3, s1:1→1 / s2:12→1 / s3:4→1, 12→1, s1:1→1 / s2:4→1, 12→1 / s3:1→1, 12→1, s1:1→1 / s2:4→1, 12→1 / s3:1→1, 12→2, s1:1→1 / s2:4→1, 12→1 / s3:1→1, 12→3, s1:1→1 / s2:4→1 / s3:1→1, 12→1, s1:1→1 / s2:4→1 / s3:1→1, 12→2}"	""
12	10	17	157	1	1	1	0	0	0	0	0	"{s1:12→1 / s2:1→1, 4→1 / s3:1→2, s1:12→1 / s2:1→1, 4→1 / s3:1→3, s1:12→1 / s2:1→1, 4→1 / s3:1→4, 12→1, s1:12→1 / s2:1→1 / s3:1→1, 12→1, s1:12→1 / s2:1→1 / s3:1→1, 12→1, s1:12→1 / s2:1→1 / s3:1→1, 4→1, 12→1, s1:12→1 / s2:1→1 / s3:1→1, 4→1, 12→2, s1:12→1 / s2:1→1 / s3:1→1, 4→2, 12→1, s1:12→1 / s2:1→1 / s3:1→1, 4→2, 12→2, s1:12→1 / s2:1→1 / s3:1→1, 4→3, s1:12→1 / s2:1→1 / s3:1→1, 4→3, 12→1, s1:12→1 / s2:1→1 / s3:1→1, 4→3, 12→1, s1:12→1 / s2:1→1 / s3:1→1, 4→4, s1:12→1 / s2:1→1 / s3:1→2, s1:12→1 / s2:1→1 / s3:1→2, 12→1, s1:12→1 / s2:1→1 / s3:1→2, 12→1, s1:12→1 / s2:1→1 / s3:1→2, 12→2, s1:12→1 / s2:1→1 / s3:1→2, 12→3, s1:12→1 / s2:1→1 / s3:1→2, 4→1, s1:12→1 / s2:1→1 / s3:1→2, 4→1, 12→1, s1:12→1 / s2:1→1 / s3:1→2, 4→1, 12→2, s1:12→1 / s2:1→1 / s3:1→2, 4→2, s1:12→1 / s2:1→1 / s3:1→2, 4→2, 12→1, s1:12→1 / s2:1→1 / s3:1→2, 4→3, s1:12→1 / s2:1→1 / s3:1→3, 12→1, s1:12→1 / s2:1→1 / s3:1→3, 12→2, s1:12→1 / s2:1→1 / s3:1→3, 4→1, 12→1, s1:12→1 / s2:1→1 / s3:1→3, 4→1, 12→1, s1:12→1 / s2:1→1 / s3:1→3, 4→2, s1:12→1 / s2:1→1 / s3:1→4, 12→1, s1:12→1 / s2:1→1 / s3:4→1, s1:12→1 / s2:1→1 / s3:4→1, 12→1, s1:12→1 / s2:1→1 / s3:4→2, 12→1, s1:12→1 / s2:1→1 / s3:4→3, 12→1, s1:12→1 / s2:4→1, s1:12→1 / s2:4→1 / s3:1→1, 12→1, s1:12→1 / s2:4→1 / s3:1→2, 12→1, s1:12→1 / s2:4→1 / s3:1→3, s1:1→1, 12→1 / s2:1→1, s1:1→1, 12→1 / s2:4→1 / s3:1→2, s1:1→1, 12→1 / s2:4→1 / s3:1→3, s1:1→1, 12→1 / s2:4→1 / s3:1→3, 12→1, s1:1→1, 12→1 / s2:4→1 / s3:1→4, 12→1, s1:1→1 / s2:12→1 / s3:1→1, s1:1→1 / s2:12→1 / s3:1→1, 12→1, s1:1→1 / s2:12→1 / s3:1→1, 12→1, s1:1→1 / s2:12→1 / s3:1→1, 12→2, s1:1→1 / s2:12→1 / s3:1→1, 12→2, s1:1→1 / s2:12→1 / s3:1→1, 4→1, s1:1→1 / s2:12→1 / s3:1→1, 4→1, 12→2, s1:1→1 / s2:12→1 / s3:1→1, 4→1, 12→2, s1:1→1 / s2:12→1 / s3:1→1, 4→1, 12→3, s1:1→1 / s2:12→1 / s3:1→1, 4→1, 12→3, s1:1→1 / s2:12→1 / s3:1→1, 4→2, 12→1, s1:1→1 / s2:12→1 / s3:1→1, 4→3, 12→1, s1:1→1 / s2:12→1 / s3:1→1, 4→3, 12→1, s1:1→1 / s2:12→1 / s3:1→2, 12→1, s1:1→1 / s2:12→1 / s3:1→2, 12→2, s1:1→1 / s2:12→1 / s3:1→2, 12→2, s1:1→1 / s2:12→1 / s3:1→2, 12→3, s1:1→1 / s2:12→1 / s3:1→2, 12→3, s1:1→1 / s2:12→1 / s3:1→2, 4→1, 12→1, s1:1→1 / s2:12→1 / s3:1→2, 4→1, 12→1, s1:1→1 / s2:12→1 / s3:1→2, 4→1, 12→2, s1:1→1 / s2:12→1 / s3:1→2, 4→1, 12→2, s1:1→1 / s2:12→1 / s3:1→2, 4→2, 12→1, s1:1→1 / s2:12→1 / s3:1→2, 4→2, 12→1, s1:1→1 / s2:12→1 / s3:1→3, 12→2, s1:1→1 / s2:12→1 / s3:1→3, 12→2, s1:1→1 / s2:12→1 / s3:4→1, 12→1, s1:1→1 / s2:12→1 / s3:4→1, 12→1, s1:1→1 / s2:12→1 / s3:4→2, s1:1→1 / s2:12→1 / s3:4→2, 12→1, s1:1→1 / s2:12→1 / s3:4→2, 12→1, s1:1→1 / s2:12→1 / s3:4→2, 12→2, s1:1→1 / s2:12→1 / s3:4→2, 12→2, s1:1→1 / s2:12→1 / s3:4→3, 12→1, s1:1→1 / s2:12→1 / s3:4→3, 12→1, s1:1→1 / s2:12→1 / s3:4→3, 12→2, s1:1→1 / s2:12→1 / s3:4→3, 12→2, s1:1→1 / s2:12→1 / s3:4→4, 12→1, s1:1→1 / s2:1→1, 12→1, s1:1→1 / s2:1→1, 12→2, s1:1→1 / s2:1→1, 12→3, s1:1→1 / s2:1→1, 4→1, 12→1, s1:1→1 / s2:4→1, 12→1 / s3:1→1, 12→3, s1:1→1 / s2:4→1, 12→1 / s3:1→2, 12→2, s1:1→1 / s2:4→1, 12→2, s1:1→1 / s2:4→1, 12→2 / s3:1→1, 12→2, s1:1→1 / s2:4→1, 12→2 / s3:1→1, 12→3, s1:1→1 / s2:4→1, 12→2 / s3:1→1, 12→4, s1:1→1 / s2:4→1 / s3:1→1, s1:1→1 / s2:4→1 / s3:1→1, 12→1, s1:1→1 / s2:4→1 / s3:1→2, 12→1, s1:1→1 / s2:4→1 / s3:1→2, 12→2, s1:1→1 / s2:4→1 / s3:1→2, 12→3, s1:1→1 / s2:4→1 / s3:1→3, 12→2}"	"{s3:11→1, s3:11→1, s3:11→1, s3:11→1, s3:14→1, s3:11→1, s3:14→1, s3:11→1, s3:14→1, s3:11→1, s3:11→1, s3:14→1, s3:11→1, s3:11→1, s3:11→1, s3:14→1, s3:14→1, s3:14→1, s3:11→1, s3:14→1, s3:14→1, s3:11→1, s3:14→1, s3:11→1, s3:11→1, s3:14→1, s3:11→1, s3:14→1, s3:11→1, s3:11→1, s3:11→1, s3:14→1, s3:14→1, s3:14→1, s3:11→1, s3:11→1, s3:11→1, s3:11→1, s3:11→1, s3:11→1, s3:11→1, s3:11→1, s3:11→1, s3:11→1, s3:11→1, s3:14→1, s3:11→1, s3:14→1, s3:11→1, s3:11→1, s3:14→1, s3:11→1, s3:14→1, s3:14→1, s3:11→1, s3:14→1, s3:11→1, s3:11→1, s3:14→1, s3:11→1, s3:14→1, s3:11→1, s3:14→1, s3:11→1, s3:14→1, s3:11→1, s3:14→1, s3:11→1, s3:14→1, s3:11→1, s3:14→1, s3:11→1, s3:11→1, s3:14→1, s3:11→1, s3:14→1, s3:11→1, s3:14→1, s3:11→1, s3:14→1, s3:11→1, s3:11→1, s3:11→1, s3:11→1, s3:11→1, s3:11→1, s3:11→1, s3:11→1, s3:11→1, s3:11→1, s3:11→1, s3:11→1, s3:11→1, s3:11→1, s3:11→1, s3:11→1, s3:11→1}"
12	10	17	170	0	3	0	0	0	0	0	0	"{s1:12→1 / s2:1→1, 12→1 / s3:1→1, 12→1, s1:12→1 / s2:1→1 / s3:1→1, 4→1, 12→2, s1:12→1 / s2:1→1 / s3:1→2, 12→3, s1:12→1 / s2:1→1 / s3:1→3, 12→2, s1:12→1 / s2:4→1, 12→1 / s3:1→1, 12→1, s1:12→1 / s2:4→1 / s3:1→2, 12→3, s1:1→1 / s2:1→1, 12→1 / s3:1→1, 12→1, s1:4→1 / s2:1→1, 12→1 / s3:1→3, 12→1, s1:4→1 / s2:1→1 / s3:1→2, 12→1, s1:4→1 / s2:1→1 / s3:1→3, 12→2}"	""
12	10	17	177	1	2	0	0	0	0	0	0	"{s1:12→1 / s2:1→1, 12→1, s1:12→1 / s2:1→1, 12→1 / s3:1→1, 12→1, s1:12→1 / s2:1→1, 12→1 / s3:1→1, 12→1, s1:12→1 / s2:1→1, 12→1 / s3:4→1, 12→1, s1:12→1 / s2:1→1, 12→1 / s3:4→1, 12→1, s1:12→1 / s2:1→1, 12→2, s1:12→1 / s2:1→1, 4→1, 12→2, s1:12→1 / s2:1→1, 4→1, 12→2 / s3:1→1, s1:12→1 / s2:1→1 / s3:1→1, 12→2, s1:12→1 / s2:1→1 / s3:1→1, 4→1, 12→2, s1:12→1 / s2:1→1 / s3:1→1, 4→1, 12→2, s1:12→1 / s2:1→1 / s3:1→1, 4→1, 12→3, s1:12→1 / s2:1→1 / s3:1→1, 4→2, s1:12→1 / s2:1→1 / s3:1→1, 4→3, 12→1, s1:12→1 / s2:1→1 / s3:1→2, 12→1, s1:12→1 / s2:1→1 / s3:1→2, 12→3, s1:12→1 / s2:1→1 / s3:1→2, 12→3, s1:12→1 / s2:1→1 / s3:1→3, 12→2, s1:12→1 / s2:1→1 / s3:1→3, 4→1, 12→1, s1:12→1 / s2:1→1 / s3:4→2, s1:12→1 / s2:1→1 / s3:4→3, 12→1, s1:12→1 / s2:1→1 / s3:4→3, 12→2, s1:12→1 / s2:1→2, 12→1 / s3:1→2, s1:12→1 / s2:1→2, 12→1 / s3:1→2, 4→2, 12→1, s1:12→1 / s2:1→2, 12→1 / s3:1→3, 12→1, s1:12→1 / s2:1→2, 12→1 / s3:1→4, 12→1, s1:12→1 / s2:1→2, 12→2, s1:12→1 / s2:1→3, 4→1, 12→1 / s3:1→1, s1:12→1 / s2:1→3, 4→1, 12→1 / s3:1→2, s1:12→1 / s2:1→3, 4→1, 12→1 / s3:1→3, 12→1, s1:12→1 / s2:1→3, 4→1, 12→1 / s3:1→4, 12→1, s1:12→1 / s2:4→1, 12→1, s1:12→1 / s2:4→1, 12→1 / s3:1→1, 12→1, s1:12→1 / s2:4→1, 12→1 / s3:1→1, 12→1, s1:12→1 / s2:4→1 / s3:1→2, 12→3, s1:12→1 / s2:4→1 / s3:1→2, 12→3, s1:1→1, 12→1 / s2:1→1, 4→1 / s3:1→1, s1:1→1, 12→1 / s2:1→1, 4→1 / s3:1→2, s1:1→1, 12→1 / s2:1→1, 4→1 / s3:1→3, s1:1→1, 12→1 / s2:1→1, 4→1 / s3:1→4, 12→1, s1:1→1, 12→1 / s2:1→2, 12→1, s1:1→1 / s2:1→1, 12→1 / s3:1→1, 12→1, s1:1→1 / s2:1→1, 12→1 / s3:1→1, 4→1, s1:1→1 / s2:1→1, 12→1 / s3:1→2, s1:1→1 / s2:1→1, 12→1 / s3:1→2, 4→1, s1:1→1 / s2:1→1, 12→1 / s3:1→2, 4→2, s1:1→1 / s2:1→1, 12→1 / s3:1→3, 12→1, s1:1→1 / s2:1→1, 12→1 / s3:1→3, 4→1, 12→1, s1:1→1 / s2:1→1, 12→1 / s3:1→3, 4→2, s1:1→1 / s2:1→1, 12→1 / s3:1→4, 12→1, s1:1→1 / s2:1→1, 12→2 / s3:1→1, 12→3, s1:1→1 / s2:1→1, 4→1, 12→1 / s3:1→3, 12→1, s1:1→1 / s2:1→1, 4→1, 12→2 / s3:1→1, 12→1, s1:1→1 / s2:1→1, 4→1, 12→2 / s3:1→1, 12→3, s1:1→1 / s2:1→2, 12→2, s1:4→1, 12→1 / s2:1→1, 12→2 / s3:1→1, s1:4→1, 12→2 / s2:1→1, 12→1, s1:4→1 / s2:1→1, 12→1 / s3:1→1, 12→3, s1:4→1 / s2:1→1, 12→1 / s3:1→3, s1:4→1 / s2:1→1, 12→1 / s3:1→4, 12→1, s1:4→1 / s2:1→1, 12→2 / s3:1→1, 12→2, s1:4→1 / s2:1→1 / s3:1→2, s1:4→1 / s2:1→1 / s3:1→2, 12→1, s1:4→1 / s2:1→1 / s3:1→3, 12→1, s1:4→1 / s2:1→1 / s3:1→3, 12→2, s1:4→1 / s2:1→1 / s3:1→4, 12→1, s1:4→1 / s2:1→2, 12→1 / s3:1→1, s1:4→1 / s2:1→2, 12→1 / s3:1→3, s1:4→1 / s2:1→3, 12→1 / s3:1→1, s1:4→1 / s2:1→3, 12→1 / s3:1→2, s1:4→1 / s2:1→3, 12→1 / s3:1→3, s1:4→1 / s2:1→3, 12→1 / s3:1→3, 12→1, s1:4→1 / s2:1→3, 12→1 / s3:1→4, 12→1}"	"{s3:11→1, s3:11→1, s3:13→1, s3:11→1, s3:13→1, s3:11→1, s3:11→1, s3:11→1, s3:14→1, s3:11→1, s3:13→1, s3:14→1, s3:11→1, s3:14→1, s3:13→1, s3:11→1, s3:13→1, s3:14→1, s3:11→1, s3:11→1, s3:14→1, s3:14→1, s3:11→1, s3:11→1, s3:13→1, s3:11→1, s3:11→1, s3:13→1, s3:11→1, s3:13→1, s3:11→1, s3:11→1, s3:11→1, s3:13→1, s3:11→1, s3:13→1, s3:13→1, s3:11→1, s3:11→1, s3:11→1, s3:11→1, s3:13→1, s3:14→1, s3:11→1, s3:11→1, s3:11→1, s3:11→1, s3:11→1, s3:11→1, s3:11→1, s3:13→1, s3:11→1, s3:13→1, s3:13→1, s3:11→1, s3:11→1, s3:11→1, s3:14→1, s3:11→1, s3:14→1, s3:11→1, s3:11→1, s3:14→1, s3:11→1, s3:14→1, s3:11→1, s3:14→1, s3:11→1, s3:11→1, s3:11→1, s3:11→1, s3:11→1, s3:11→1}"
12	10	18	100	0	2	0	0	1	0	0	0	"{s1:12→1 / s2:1→1 / s3:1→1, 4→1, s1:12→1 / s2:4→1 / s3:1→1, s1:1→1 / s2:12→1 / s3:4→1, s1:1→1 / s2:12→1 / s3:4→1, 12→1}"	""
12	10	18	106	0	1	1	1	0	0	0	0	"{s1:12→1 / s2:1→1 / s3:4→1, s1:1→1 / s2:12→1 / s3:4→1, s1:1→1 / s2:12→1 / s3:4→1, 12→1}"	""
12	10	18	107	1	1	0	0	1	0	0	0	"{s1:12→1 / s2:1→1 / s3:1→1, 4→1, s1:12→1 / s2:1→1 / s3:1→1, 4→2, s1:12→1 / s2:1→1 / s3:1→1, 4→3, s1:12→1 / s2:1→1 / s3:1→2, 4→2, s1:12→1 / s2:1→1 / s3:1→2, 4→3, s1:12→1 / s2:1→1 / s3:4→1, s1:1→1 / s2:12→1, s1:1→1 / s2:12→1 / s3:4→1, s1:1→1 / s2:12→1 / s3:4→1, s1:1→1 / s2:12→1 / s3:4→1, 12→1, s1:1→1 / s2:12→1 / s3:4→1, 12→1, s1:1→1 / s2:12→1 / s3:4→1, 12→2, s1:1→1 / s2:12→1 / s3:4→1, 12→2, s1:1→1 / s2:12→1 / s3:4→2, 12→1, s1:1→1 / s2:12→1 / s3:4→2, 12→1, s1:1→1 / s2:12→1 / s3:4→2, 12→2, s1:1→1 / s2:12→1 / s3:4→2, 12→2, s1:1→1 / s2:12→1 / s3:4→2, 12→3, s1:1→1 / s2:12→1 / s3:4→2, 12→3, s1:1→1 / s2:12→1 / s3:4→3, 12→1, s1:1→1 / s2:12→1 / s3:4→3, 12→1, s1:1→1 / s2:12→1 / s3:4→3, 12→2, s1:1→1 / s2:12→1 / s3:4→3, 12→2, s1:1→1 / s2:4→1, s1:1→1 / s2:4→1, 12→1, s1:1→1 / s2:4→1, 12→1 / s3:12→1, s1:1→1 / s2:4→1, 12→2, s1:1→1 / s2:4→1, 12→2 / s3:12→1, s1:1→1 / s2:4→1, 12→3, s1:1→1 / s2:4→1, 12→3 / s3:12→1, s1:1→1 / s2:4→1, 12→4}"	"{s3:14→1, s3:14→1, s3:14→1, s3:14→1, s3:14→1, s3:14→1, s3:11→1, s3:11→1, s3:14→1, s3:11→1, s3:14→1, s3:11→1, s3:14→1, s3:11→1, s3:14→1, s3:11→1, s3:14→1, s3:11→1, s3:14→1, s3:11→1, s3:14→1, s3:11→1, s3:14→1, s3:11→1, s3:11→1, s3:11→1, s3:11→1, s3:11→1, s3:11→1, s3:11→1, s3:11→1}"
12	10	18	113	1	0	1	1	0	0	0	0	"{s1:12→1 / s2:1→1, s1:12→1 / s2:1→1 / s3:1→1, s1:12→1 / s2:1→1 / s3:1→1, 4→1, s1:12→1 / s2:1→1 / s3:1→1, 4→2, s1:12→1 / s2:1→1 / s3:1→1, 4→3, s1:12→1 / s2:1→1 / s3:1→1, 4→4, s1:12→1 / s2:1→1 / s3:1→2, s1:12→1 / s2:1→1 / s3:1→2, 4→1, s1:12→1 / s2:1→1 / s3:1→2, 4→2, s1:12→1 / s2:1→1 / s3:1→2, 4→3, s1:12→1 / s2:1→1 / s3:1→3, 4→1, s1:12→1 / s2:1→1 / s3:1→3, 4→2, s1:12→1 / s2:1→1 / s3:4→1, s1:12→1 / s2:1→1 / s3:4→2, s1:12→1 / s2:1→1 / s3:4→3, s1:12→1 / s2:1→1 / s3:4→4, s1:1→1 / s2:12→1, s1:1→1 / s2:12→1 / s3:4→1, s1:1→1 / s2:12→1 / s3:4→1, 12→1, s1:1→1 / s2:12→1 / s3:4→2, s1:1→1 / s2:12→1 / s3:4→2, 12→1, s1:1→1 / s2:12→1 / s3:4→3, s1:1→1 / s2:12→1 / s3:4→3, 12→1, s1:1→1 / s2:12→1 / s3:4→4, 12→1}"	"{s3:11→1, s3:11→1, s3:11→1, s3:11→1, s3:11→1, s3:11→1, s3:11→1, s3:11→1, s3:11→1, s3:11→1, s3:11→1, s3:11→1, s3:11→1, s3:11→1, s3:11→1, s3:11→1, s3:11→1, s3:11→1, s3:11→1, s3:11→1, s3:11→1, s3:11→1, s3:11→1, s3:11→1}"
12	10	18	126	0	2	0	1	0	0	0	0	"{s1:12→1 / s2:1→1 / s3:1→1, s1:12→1 / s2:1→1 / s3:1→1, 4→1, s1:1→1 / s2:12→1 / s3:12→1, s1:1→1 / s2:12→1 / s3:4→1, 12→2}"	""
12	10	18	130	0	1	2	0	0	0	0	0	"{s1:12→1 / s2:1→1 / s3:1→1, 12→1, s1:12→1 / s2:1→1 / s3:4→1, 12→1}"	""
12	10	18	133	1	1	0	1	0	0	0	0	"{s1:12→1 / s2:1→1, 4→1 / s3:1→4, s1:12→1 / s2:1→1, 4→1 / s3:1→5, s1:12→1 / s2:1→1 / s3:1→1, 4→1, s1:12→1 / s2:1→1 / s3:1→1, 4→2, s1:12→1 / s2:1→1 / s3:1→1, 4→3, s1:12→1 / s2:1→1 / s3:1→1, 4→4, s1:12→1 / s2:1→1 / s3:1→1, 4→4, s1:12→1 / s2:1→1 / s3:1→2, s1:12→1 / s2:1→1 / s3:1→2, 4→2, s1:12→1 / s2:1→1 / s3:1→2, 4→3, s1:12→1 / s2:1→1 / s3:1→3, s1:12→1 / s2:1→1 / s3:1→3, 4→1, s1:12→1 / s2:1→1 / s3:1→3, 4→2, s1:12→1 / s2:1→1 / s3:1→4, 4→1, s1:12→1 / s2:1→1 / s3:4→1, s1:12→1 / s2:1→1 / s3:4→2, s1:12→1 / s2:1→2, 4→1 / s3:1→2, s1:12→1 / s2:1→2, 4→1 / s3:1→3, s1:12→1 / s2:1→2, 4→1 / s3:1→4, s1:12→1 / s2:1→2, 4→1 / s3:1→5, s1:12→1 / s2:4→1, s1:12→1 / s2:4→1 / s3:1→4, s1:1→1 / s2:12→1 / s3:4→1, 12→2, s1:1→1 / s2:12→1 / s3:4→1, 12→2, s1:1→1 / s2:12→1 / s3:4→1, 12→3, s1:1→1 / s2:12→1 / s3:4→2, s1:1→1 / s2:12→1 / s3:4→2, 12→3, s1:1→1 / s2:12→1 / s3:4→2, 12→3, s1:1→1 / s2:12→1 / s3:4→3, 12→1, s1:1→1 / s2:12→1 / s3:4→4, 12→1, s1:1→1 / s2:12→1 / s3:4→4, 12→1, s1:1→1 / s2:4→1, 12→2 / s3:12→1, s1:1→1 / s2:4→1, 12→3, s1:1→1 / s2:4→1, 12→3 / s3:12→1, s1:1→1 / s2:4→1, 12→4}"	"{s3:11→1, s3:11→1, s3:14→1, s3:14→1, s3:14→1, s3:11→1, s3:14→1, s3:11→1, s3:14→1, s3:14→1, s3:11→1, s3:11→1, s3:14→1, s3:11→1, s3:11→1, s3:14→1, s3:11→1, s3:11→1, s3:11→1, s3:11→1, s3:11→1, s3:11→1, s3:11→1, s3:14→1, s3:11→1, s3:11→1, s3:11→1, s3:14→1, s3:14→1, s3:11→1, s3:14→1, s3:11→1, s3:11→1, s3:11→1, s3:11→1}"
12	10	18	137	1	0	2	0	0	0	0	0	"{s1:12→1 / s2:1→1 / s3:1→1, 4→4, s1:12→1 / s2:1→1 / s3:1→2, s1:12→1 / s2:1→1 / s3:1→2, 4→1, s1:12→1 / s2:1→1 / s3:1→2, 4→2, s1:12→1 / s2:1→1 / s3:1→2, 4→3, s1:12→1 / s2:1→1 / s3:1→3, 12→1, s1:12→1 / s2:1→1 / s3:1→3, 4→2, s1:12→1 / s2:1→1 / s3:1→4, 12→1, s1:12→1 / s2:1→1 / s3:4→1, 12→1, s1:12→1 / s2:1→1 / s3:4→3, s1:12→1 / s2:1→1 / s3:4→4}"	"{s3:11→1, s3:11→1, s3:11→1, s3:11→1, s3:11→1, s3:11→1, s3:11→1, s3:11→1, s3:11→1, s3:11→1, s3:11→1}"
12	10	18	150	0	2	1	0	0	0	0	0	"{s1:12→1 / s2:1→1 / s3:1→1, 4→1, s1:12→1 / s2:1→1 / s3:1→3, 12→1, s1:1→1 / s2:12→1 / s3:1→1, 12→3}"	""
12	10	18	157	1	1	1	0	0	0	0	0	"{s1:12→1 / s2:1→1 / s3:1→1, 12→2, s1:12→1 / s2:1→1 / s3:1→1, 4→1, 12→3, s1:12→1 / s2:1→1 / s3:1→3, 12→1, s1:12→1 / s2:1→1 / s3:1→3, 4→1, s1:12→1 / s2:1→1 / s3:4→2, s1:12→1 / s2:1→1 / s3:4→3, 12→2, s1:12→1 / s2:1→1 / s3:4→4, 12→1, s1:1→1, 12→1 / s2:4→1 / s3:1→4, s1:1→1 / s2:12→1 / s3:1→1, 12→3, s1:1→1 / s2:12→1 / s3:1→1, 12→3, s1:1→1 / s2:12→1 / s3:1→1, 4→2, s1:1→1 / s2:12→1 / s3:1→2, 12→1, s1:1→1 / s2:12→1 / s3:1→3, 4→1, 12→1, s1:1→1 / s2:12→1 / s3:4→2, 12→3, s1:1→1 / s2:12→1 / s3:4→2, 12→3, s1:1→1 / s2:12→1 / s3:4→4, 12→1, s1:1→1 / s2:1→1, 12→4, s1:1→1 / s2:4→1, 12→1 / s3:1→1, 12→4, s1:1→1 / s2:4→1 / s3:1→2, s1:1→1 / s2:4→1 / s3:1→3, 12→1, s1:1→1 / s2:4→1 / s3:1→4, 12→1}"	"{s3:14→1, s3:14→1, s3:14→1, s3:11→1, s3:11→1, s3:14→1, s3:14→1, s3:11→1, s3:11→1, s3:14→1, s3:11→1, s3:14→1, s3:11→1, s3:11→1, s3:14→1, s3:14→1, s3:11→1, s3:11→1, s3:11→1, s3:11→1, s3:11→1}"
12	10	18	170	0	3	0	0	0	0	0	0	"{s1:12→1 / s2:12→1 / s3:1→1, 12→1, s1:12→1 / s2:1→1 / s3:1→2, 4→1, 12→1, s1:12→1 / s2:4→1 / s3:1→1, 12→2, s1:1→1 / s2:1→1, 12→1 / s3:1→1, 4→1, s1:1→1 / s2:1→1 / s3:1→1, 12→1, s1:4→1, 12→1 / s2:1→1 / s3:1→1, 12→3, s1:4→1 / s2:1→1 / s3:1→1, s1:4→1 / s2:1→1 / s3:1→3, 12→1}"	""
12	10	18	177	1	2	0	0	0	0	0	0	"{s1:12→1 / s2:12→1 / s3:1→1, 12→1, s1:12→1 / s2:12→1 / s3:1→1, 12→1, s1:12→1 / s2:1→1, 12→1 / s3:12→1, s1:12→1 / s2:1→1, 4→1, 12→2 / s3:1→1, s1:12→1 / s2:1→1 / s3:1→3, 12→1, s1:12→1 / s2:1→3, 12→1 / s3:1→3, 12→1, s1:12→1 / s2:1→3, 12→1 / s3:1→4, 12→1, s1:12→1 / s2:4→1, 12→2, s1:12→1 / s2:4→1 / s3:1→1, 12→2, s1:1→1, 12→1 / s2:1→1, 4→1 / s3:1→2, 12→1, s1:1→1 / s2:1→1, 12→1 / s3:1→1, s1:1→1 / s2:1→1, 12→1 / s3:1→3, 4→1, s1:1→1 / s2:1→1, 12→3 / s3:1→1, 12→3, s1:1→1 / s2:1→1, 12→3 / s3:4→1, 12→2, s1:1→1 / s2:1→1, 4→1 / s3:1→1, s1:1→1 / s2:1→1, 4→1 / s3:1→2, s1:1→1 / s2:1→1, 4→1 / s3:1→3, s1:1→1 / s2:1→1, 4→1 / s3:1→3, 12→1, s1:1→1 / s2:1→1, 4→1 / s3:1→4, 12→1, s1:1→1 / s2:1→1 / s3:1→1, s1:1→1 / s2:1→1 / s3:1→1, 12→1, s1:1→1 / s2:1→1 / s3:1→1, 4→3, s1:1→1 / s2:1→1 / s3:1→2, 4→2, s1:1→1 / s2:1→1 / s3:1→3, 4→1, 12→1, s1:1→1 / s2:1→1 / s3:4→1, s1:4→1, 12→1 / s2:1→1, 12→1 / s3:12→1, s1:4→1 / s2:1→1, 12→2 / s3:1→1, 12→3, s1:4→1 / s2:1→1, 12→3, s1:4→1 / s2:1→1 / s3:1→3, s1:4→1 / s2:1→1 / s3:1→3, 12→1, s1:4→1 / s2:1→2, 12→1 / s3:1→4, s1:4→1 / s2:1→3, 12→1 / s3:1→4}"	"{s3:11→1, s3:13→1, s3:14→1, s3:13→1, s3:11→1, s3:13→1, s3:11→1, s3:11→1, s3:11→1, s3:11→1, s3:14→1, s3:11→1, s3:13→1, s3:13→1, s3:11→1, s3:11→1, s3:11→1, s3:11→1, s3:11→1, s3:11→1, s3:13→1, s3:13→1, s3:11→1, s3:11→1, s3:13→1, s3:11→1, s3:11→1, s3:11→1, s3:11→1, s3:14→1, s3:11→1, s3:11→1}"
12	10	19	63	1	0	0	1	1	0	0	0	"s1:1→1 / s2:12→1 / s3:4→1"	"s3:11→1"
12	10	19	80	0	1	1	0	1	0	0	0	"{s1:12→1 / s2:1→1 / s3:1→1, 4→1, s1:12→1 / s2:1→1 / s3:4→1, s1:1→1 / s2:12→1 / s3:4→1, s1:1→1 / s2:12→1 / s3:4→1, 12→1}"	""
12	10	19	82	0	1	0	2	0	0	0	0	"s1:12→1 / s2:1→1 / s3:4→1"	""
12	10	19	87	1	0	1	0	1	0	0	0	"{s1:1→1 / s2:12→1, s1:1→1 / s2:12→1 / s3:4→1, s1:1→1 / s2:12→1 / s3:4→1, 12→1, s1:1→1 / s2:12→1 / s3:4→2, s1:1→1 / s2:12→1 / s3:4→2, 12→1, s1:1→1 / s2:12→1 / s3:4→3, s1:1→1 / s2:12→1 / s3:4→3, 12→1, s1:1→1 / s2:12→1 / s3:4→4, s1:1→1 / s2:12→1 / s3:4→4, 12→1}"	"{s3:11→1, s3:11→1, s3:11→1, s3:11→1, s3:11→1, s3:11→1, s3:11→1, s3:11→1, s3:11→1}"
12	10	19	89	1	0	0	2	0	0	0	0	"{s1:12→1 / s2:1→1, s1:12→1 / s2:1→1 / s3:4→1, s1:12→1 / s2:1→1 / s3:4→2, s1:12→1 / s2:1→1 / s3:4→3, s1:12→1 / s2:1→1 / s3:4→4}"	"{s3:11→1, s3:11→1, s3:11→1, s3:11→1, s3:11→1}"
12	10	19	100	0	2	0	0	1	0	0	0	"{s1:12→1 / s2:1→1, 4→1 / s3:1→2, s1:12→1 / s2:1→1 / s3:1→1, s1:12→1 / s2:1→1 / s3:1→2, 4→1, s1:12→1 / s2:1→1 / s3:1→3, 4→1, s1:1→1 / s2:12→1 / s3:12→1, s1:1→1 / s2:12→1 / s3:4→1, 12→2, s1:1→1 / s2:12→1 / s3:4→1, 12→3}"	""
12	10	19	106	0	1	1	1	0	0	0	0	"{s1:12→1 / s2:1→1 / s3:1→1, s1:12→1 / s2:1→1 / s3:1→1, 4→1, s1:1→1 / s2:12→1 / s3:12→1}"	""
12	10	19	107	1	1	0	0	1	0	0	0	"{s1:12→1 / s2:1→1 / s3:1→1, s1:12→1 / s2:1→1 / s3:1→1, 4→4, s1:12→1 / s2:1→1 / s3:1→2, 4→1, s1:12→1 / s2:1→1 / s3:1→3, 4→1, s1:12→1 / s2:1→1 / s3:1→3, 4→2, s1:12→1 / s2:1→1 / s3:1→4, 4→1, s1:12→1 / s2:1→1 / s3:4→2, s1:12→1 / s2:1→2 / s3:1→1, 4→1, s1:1→1 / s2:12→1 / s3:12→1, s1:1→1 / s2:12→1 / s3:12→1, s1:1→1 / s2:12→1 / s3:12→2, s1:1→1 / s2:12→1 / s3:4→1, 12→3, s1:1→1 / s2:12→1 / s3:4→1, 12→3, s1:1→1 / s2:12→1 / s3:4→1, 12→4, s1:1→1 / s2:12→1 / s3:4→1, 12→4, s1:1→1 / s2:12→1 / s3:4→2, s1:1→1 / s2:12→1 / s3:4→4, 12→1, s1:1→1 / s2:12→1 / s3:4→4, 12→1, s1:1→1 / s2:12→2, s1:1→1 / s2:12→2 / s3:4→1, 12→3, s1:1→1 / s2:4→1, 12→2 / s3:12→2}"	"{s3:14→1, s3:14→1, s3:14→1, s3:14→1, s3:14→1, s3:14→1, s3:14→1, s3:14→1, s3:11→1, s3:14→1, s3:11→1, s3:11→1, s3:14→1, s3:11→1, s3:14→1, s3:11→1, s3:11→1, s3:14→1, s3:11→1, s3:11→1, s3:11→1}"
12	10	19	113	1	0	1	1	0	0	0	0	"{s1:12→1 / s2:1→1 / s3:1→3, s1:12→1 / s2:1→1 / s3:1→4, s1:12→1 / s2:1→1 / s3:1→4, 4→1, s1:1→1 / s2:12→1 / s3:4→4}"	"{s3:11→1, s3:11→1, s3:11→1, s3:11→1}"
12	10	19	126	0	2	0	1	0	0	0	0	"{s1:12→1 / s2:1→1 / s3:1→2, 4→1, s1:1→1 / s2:12→1 / s3:4→1, 12→3}"	""
12	10	19	130	0	1	2	0	0	0	0	0	"s1:12→1 / s2:1→1 / s3:1→1, 4→1"	""
12	10	19	133	1	1	0	1	0	0	0	0	"{s1:12→1 / s2:1→1 / s3:1→2, 4→1, s1:12→1 / s2:1→1 / s3:1→4, s1:12→1 / s2:1→1 / s3:1→5, s1:12→1 / s2:1→1 / s3:4→2, s1:12→1 / s2:1→3, 4→1 / s3:1→4, s1:1→1 / s2:12→1 / s3:12→1, s1:1→1 / s2:12→1 / s3:4→1, 12→3, s1:1→1 / s2:12→1 / s3:4→1, 12→4, s1:1→1 / s2:12→1 / s3:4→1, 12→4}"	"{s3:14→1, s3:11→1, s3:11→1, s3:11→1, s3:11→1, s3:11→1, s3:14→1, s3:11→1, s3:14→1}"
12	10	19	137	1	0	2	0	0	0	0	0	"s1:12→1 / s2:1→1 / s3:1→3, 4→1"	"s3:11→1"
12	10	19	150	0	2	1	0	0	0	0	0	"{s1:1→1 / s2:12→1 / s3:4→1, 12→2, s1:1→1 / s2:4→1 / s3:1→1}"	""
12	10	19	157	1	1	1	0	0	0	0	0	"{s1:12→1 / s2:1→1, 4→1 / s3:1→4, s1:12→1 / s2:1→1 / s3:1→1, 4→2, s1:12→1 / s2:1→1 / s3:1→3, s1:12→1 / s2:1→1 / s3:1→4, 4→1, s1:12→1 / s2:1→1 / s3:4→3, s1:1→1 / s2:12→1 / s3:1→1, 12→4, s1:1→1 / s2:12→1 / s3:1→3, 12→1, s1:1→1 / s2:12→1 / s3:4→1, 12→2, s1:1→1 / s2:12→1 / s3:4→3, s1:1→1 / s2:4→1, 12→3, s1:1→1 / s2:4→1 / s3:1→3}"	"{s3:11→1, s3:14→1, s3:11→1, s3:11→1, s3:11→1, s3:11→1, s3:11→1, s3:11→1, s3:11→1, s3:11→1, s3:11→1}"
12	10	19	170	0	3	0	0	0	0	0	0	"{s1:12→1 / s2:12→1 / s3:4→1, 12→1, s1:12→1 / s2:1→1 / s3:1→1, 12→2, s1:12→1 / s2:1→1 / s3:1→2, 12→1, s1:1→1 / s2:1→1 / s3:1→1, 4→1, s1:1→1 / s2:1→1 / s3:1→1, 4→1, 12→1, s1:4→1 / s2:1→1, 12→1 / s3:1→1, 12→3}"	""
12	10	20	56	0	1	0	1	1	0	0	0	"{s1:12→1 / s2:1→1 / s3:4→1, s1:1→1 / s2:12→1 / s3:4→1}"	""
12	10	20	63	1	0	0	1	1	0	0	0	"{s1:1→1 / s2:12→1, s1:1→1 / s2:12→1 / s3:4→2, s1:1→1 / s2:12→1 / s3:4→3, s1:1→1 / s2:12→1 / s3:4→4}"	"{s3:11→1, s3:11→1, s3:11→1, s3:11→1}"
12	10	20	80	0	1	1	0	1	0	0	0	"{s1:12→1 / s2:1→1 / s3:1→1, s1:1→1 / s2:12→1 / s3:12→1}"	""
12	10	20	87	1	0	1	0	1	0	0	0	"s1:1→1 / s2:12→1 / s3:12→1"	"s3:11→1"
12	10	20	107	1	1	0	0	1	0	0	0	"{s1:12→1 / s2:1→1 / s3:4→3, s1:1→1 / s2:12→1 / s3:12→3, s1:1→1 / s2:12→1 / s3:12→4, s1:1→1 / s2:12→1 / s3:12→5, s1:1→1 / s2:12→2 / s3:12→1, s1:1→1 / s2:12→2 / s3:12→2, s1:1→1 / s2:12→2 / s3:12→3, s1:1→1 / s2:12→2 / s3:12→4, s1:1→1 / s2:12→2 / s3:4→1, 12→1, s1:1→1 / s2:12→2 / s3:4→1, 12→2, s1:1→1 / s2:12→2 / s3:4→1, 12→4}"	"{s3:14→1, s3:11→1, s3:11→1, s3:11→1, s3:11→1, s3:11→1, s3:11→1, s3:11→1, s3:14→1, s3:11→1, s3:11→1}"
12	10	20	113	1	0	1	1	0	0	0	0	"s1:1→1 / s2:12→1 / s3:12→1"	"s3:11→1"
12	10	20	126	0	2	0	1	0	0	0	0	"s1:12→1 / s2:1→1 / s3:1→3, 4→1"	""
12	10	20	133	1	1	0	1	0	0	0	0	"{s1:12→1 / s2:1→1 / s3:1→3, 4→1, s1:12→1 / s2:1→1 / s3:4→3, s1:1→1 / s2:12→1 / s3:4→3}"	"{s3:14→1, s3:11→1, s3:11→1}"
12	10	20	137	1	0	2	0	0	0	0	0	"{s1:12→1 / s2:1→1 / s3:1→3, s1:12→1 / s2:1→1 / s3:1→4, 4→1}"	"{s3:11→1, s3:11→1}"
12	10	20	150	0	2	1	0	0	0	0	0	"{s1:12→1 / s2:1→1 / s3:1→1, s1:12→1 / s2:4→1 / s3:1→4, 12→1, s1:1→1 / s2:12→1 / s3:12→1}"	""
12	10	20	157	1	1	1	0	0	0	0	0	"{s1:12→1 / s2:1→1 / s3:12→1, s1:12→1 / s2:1→1 / s3:1→1, 4→3, s1:12→1 / s2:1→1 / s3:1→4, 12→1, s1:12→1 / s2:1→1 / s3:4→2, s1:12→1 / s2:1→1 / s3:4→2, 12→2, s1:12→1 / s2:1→1 / s3:4→3, 12→1, s1:12→1 / s2:1→1 / s3:4→4, 12→1, s1:1→1 / s2:12→1 / s3:1→1, s1:1→1 / s2:12→1 / s3:1→1, 12→4, s1:1→1 / s2:12→1 / s3:1→1, 4→3, s1:1→1 / s2:12→1 / s3:1→3, 4→1, 12→1, s1:1→1 / s2:12→1 / s3:4→1, 12→2, s1:1→1 / s2:12→1 / s3:4→2, s1:1→1 / s2:4→1 / s3:1→4}"	"{s3:14→1, s3:14→1, s3:14→1, s3:14→1, s3:14→1, s3:11→1, s3:11→1, s3:14→1, s3:14→1, s3:11→1, s3:14→1, s3:14→1, s3:14→1, s3:11→1}"
12	10	20	170	0	3	0	0	0	0	0	0	"{s1:12→1 / s2:12→1 / s3:12→1, s1:12→1 / s2:12→1 / s3:4→1, s1:12→1 / s2:4→1 / s3:1→3, 12→1, s1:1→1 / s2:1→1 / s3:1→1}"	""
12	10	21	30	0	1	0	0	2	0	0	0	"s1:12→1 / s2:1→1 / s3:4→1"	""
12	10	21	100	0	2	0	0	1	0	0	0	"{s1:12→1 / s2:1→1 / s3:1→2, s1:12→1 / s2:1→1 / s3:1→3, s1:1→1 / s2:12→1 / s3:12→2, s1:1→1 / s2:12→1 / s3:12→3, s1:1→1 / s2:12→2 / s3:4→1, 12→1}"	""
12	10	21	107	1	1	0	0	1	0	0	0	"{s1:12→1 / s2:1→1 / s3:1→2, s1:12→1 / s2:1→1 / s3:1→3, s1:12→1 / s2:1→1 / s3:1→4, s1:12→1 / s2:1→2 / s3:1→1, s1:1→1 / s2:12→1 / s3:12→2, s1:1→1 / s2:12→1 / s3:12→3, s1:1→1 / s2:12→1 / s3:12→4, s1:1→1 / s2:12→1 / s3:4→3, s1:1→1 / s2:12→2 / s3:12→1, s1:1→1 / s2:12→2 / s3:4→2, 12→3, s1:1→1 / s2:12→3 / s3:12→1}"	"{s3:14→1, s3:14→1, s3:14→1, s3:14→1, s3:14→1, s3:14→1, s3:14→1, s3:11→1, s3:14→1, s3:11→1, s3:11→1}"
12	10	21	126	0	2	0	1	0	0	0	0	"s1:12→1 / s2:1→1, 4→1 / s3:1→2"	""
12	10	21	130	0	1	2	0	0	0	0	0	"{s1:12→1 / s2:1→1 / s3:12→1, s1:12→1 / s2:1→1 / s3:1→1}"	""
12	10	21	133	1	1	0	1	0	0	0	0	"{s1:12→1 / s2:1→1, s1:12→1 / s2:1→1 / s3:1→1, s1:12→1 / s2:1→1 / s3:1→4, 4→1, s1:12→1 / s2:1→1 / s3:4→3, s1:12→1 / s2:1→1 / s3:4→4, s1:12→1 / s2:1→2 / s3:1→1, 4→1, s1:12→1 / s2:1→2 / s3:1→3, s1:12→1 / s2:1→2 / s3:1→4, s1:12→1 / s2:1→2 / s3:1→4, 4→1, s1:12→1 / s2:1→2 / s3:1→5, s1:1→1 / s2:12→1 / s3:12→1, s1:1→1 / s2:12→1 / s3:12→2, s1:1→1 / s2:12→1 / s3:4→2, s1:1→1 / s2:12→2, s1:1→1 / s2:12→2 / s3:12→1, s1:1→1 / s2:12→2 / s3:4→1, 12→3, s1:1→1 / s2:12→2 / s3:4→1, 12→4}"	"{s3:11→1, s3:14→1, s3:14→1, s3:14→1, s3:11→1, s3:14→1, s3:11→1, s3:11→1, s3:11→1, s3:11→1, s3:14→1, s3:11→1, s3:14→1, s3:11→1, s3:11→1, s3:11→1, s3:11→1}"
12	10	21	150	0	2	1	0	0	0	0	0	"{s1:12→1 / s2:12→1 / s3:4→1, s1:12→1 / s2:4→1, 12→1 / s3:1→1}"	""
12	10	21	157	1	1	1	0	0	0	0	0	"{s1:12→1 / s2:1→1 / s3:1→1, 4→1, s1:12→1 / s2:1→1 / s3:1→1, 4→4, s1:12→1 / s2:1→1 / s3:1→2, 4→3, s1:12→1 / s2:1→2, 4→1 / s3:1→4, s1:1→1 / s2:12→1 / s3:1→1, 4→1, s1:1→1 / s2:4→1, 12→2 / s3:12→1}"	"{s3:14→1, s3:14→1, s3:14→1, s3:11→1, s3:14→1, s3:11→1}"
12	10	22	107	1	1	0	0	1	0	0	0	"{s1:12→1 / s2:1→1 / s3:1→5, s1:12→1 / s2:1→2 / s3:4→1, s1:1→1 / s2:12→1 / s3:12→5, s1:1→1 / s2:12→1 / s3:4→2, s1:1→1 / s2:12→3}"	"{s3:14→1, s3:14→1, s3:14→1, s3:14→1, s3:11→1}"
12	10	22	133	1	1	0	1	0	0	0	0	"s1:1→1 / s2:12→2 / s3:4→1, 12→2"	"s3:11→1"
12	10	22	157	1	1	1	0	0	0	0	0	"{s1:12→1 / s2:1→1, s1:12→1 / s2:1→1 / s3:1→1, 12→3, s1:12→1 / s2:1→1 / s3:1→4, s1:12→1 / s2:1→1 / s3:4→2, 12→1, s1:12→1 / s2:1→1 / s3:4→4, s1:12→1 / s2:1→2, 4→1 / s3:1→3, s1:1→1 / s2:12→1 / s3:1→3, 12→1}"	"{s3:11→1, s3:14→1, s3:11→1, s3:11→1, s3:11→1, s3:11→1, s3:14→1}"
12	10	23	107	1	1	0	0	1	0	0	0	"s1:12→1 / s2:1→1 / s3:4→4"	"s3:14→1"
12	10	23	126	0	2	0	1	0	0	0	0	"{s1:12→1 / s2:1→1 / s3:1→2, s1:1→1 / s2:12→1 / s3:12→2}"	""
12	10	23	133	1	1	0	1	0	0	0	0	"{s1:1→1 / s2:12→1 / s3:12→3, s1:1→1 / s2:12→2 / s3:12→2}"	"{s3:11→1, s3:11→1}"
12	10	23	137	1	0	2	0	0	0	0	0	"s1:12→1 / s2:1→1 / s3:1→4"	"s3:11→1"
12	10	23	157	1	1	1	0	0	0	0	0	"{s1:12→1 / s2:1→1 / s3:1→2, 4→2, s1:12→1 / s2:1→2, 4→1 / s3:1→5, s1:1→1 / s2:12→1 / s3:1→4, 12→1, s1:1→1 / s2:12→1 / s3:4→1, 12→3}"	"{s3:14→1, s3:11→1, s3:11→1, s3:11→1}"
12	10	24	107	1	1	0	0	1	0	0	0	"s1:1→1 / s2:12→4"	"s3:11→1"
12	10	24	133	1	1	0	1	0	0	0	0	"{s1:1→1 / s2:12→1 / s3:12→4, s1:1→1 / s2:12→2 / s3:12→3, s1:1→1 / s2:12→2 / s3:4→1, 12→1}"	"{s3:11→1, s3:11→1, s3:14→1}"
12	10	24	150	0	2	1	0	0	0	0	0	"s1:1→1 / s2:12→1 / s3:4→1, 12→3"	""
12	10	24	157	1	1	1	0	0	0	0	0	"{s1:1→1 / s2:12→1 / s3:1→2, 4→1, s1:1→1 / s2:4→1, 12→3 / s3:12→1}"	"{s3:11→1, s3:11→1}"
12	10	24	170	0	3	0	0	0	0	0	0	"s1:4→1 / s2:1→1 / s3:1→2"	""
12	10	25	157	1	1	1	0	0	0	0	0	"{s1:1→1 / s2:12→1 / s3:1→1, 4→4, s1:1→1 / s2:12→1 / s3:1→2, 4→2}"	"{s3:11→1, s3:11→1}"
12	10	26	133	1	1	0	1	0	0	0	0	"{s1:1→1 / s2:12→1 / s3:12→5, s1:1→1 / s2:12→2 / s3:12→4}"	"{s3:11→1, s3:11→1}"
12	10	27	107	1	1	0	0	1	0	0	0	"s1:1→1 / s2:12→5"	"s3:11→1"
12	10	27	133	1	1	0	1	0	0	0	0	"{s1:12→1 / s2:1→2 / s3:1→1, s1:12→1 / s2:1→2 / s3:1→3, 4→1, s1:1→1 / s2:12→2 / s3:12→1}"	"{s3:14→1, s3:11→1, s3:14→1}"
12	10	28	107	1	1	0	0	1	0	0	0	"s1:1→1 / s2:12→1 / s3:4→4"	"s3:11→1"
12	10	28	133	1	1	0	1	0	0	0	0	"{s1:1→1 / s2:12→1 / s3:12→2, s1:1→1 / s2:12→1 / s3:4→4}"	"{s3:14→1, s3:11→1}"
12	10	28	150	0	2	1	0	0	0	0	0	"s1:12→1 / s2:1→1 / s3:1→2, 4→1"	""
12	10	29	133	1	1	0	1	0	0	0	0	"{s1:12→1 / s2:1→1 / s3:1→2, s1:12→1 / s2:1→1 / s3:4→4, s1:1→1 / s2:12→3 / s3:12→1}"	"{s3:14→1, s3:14→1, s3:11→1}"
12	10	29	157	1	1	1	0	0	0	0	0	"{s1:12→1 / s2:1→1, 4→1 / s3:1→5, s1:1→1 / s2:12→1 / s3:4→1, 12→3}"	"{s3:11→1, s3:14→1}"
12	10	30	126	0	2	0	1	0	0	0	0	"{s1:12→1 / s2:1→1 / s3:1→3, s1:1→1 / s2:12→1 / s3:12→3}"	""
12	10	30	157	1	1	1	0	0	0	0	0	"{s1:12→1 / s2:1→1 / s3:1→5, s1:1→1 / s2:12→1 / s3:1→1, 4→2, s1:1→1 / s2:12→1 / s3:1→2, 4→3, s1:1→1 / s2:4→1, 12→4}"	"{s3:11→1, s3:14→1, s3:11→1, s3:11→1}"
12	10	32	133	1	1	0	1	0	0	0	0	"s1:12→1 / s2:1→2 / s3:1→2"	"s3:11→1"
12	10	35	137	1	0	2	0	0	0	0	0	"s1:12→1 / s2:1→1 / s3:12→1"	"s3:11→1"
12	10	36	133	1	1	0	1	0	0	0	0	"{s1:12→1 / s2:1→1 / s3:1→3, s1:1→1 / s2:12→1 / s3:12→3}"	"{s3:14→1, s3:14→1}"
12	10	41	133	1	1	0	1	0	0	0	0	"{s1:12→1 / s2:1→1 / s3:1→4, s1:1→1 / s2:12→1 / s3:12→4}"	"{s3:14→1, s3:14→1}"
12	10	42	100	0	2	0	0	1	0	0	0	"s1:12→1 / s2:1→1, 4→1 / s3:1→3"	""
12	10	44	133	1	1	0	1	0	0	0	0	"s1:1→1 / s2:12→1 / s3:12→5"	"s3:14→1"
12	10	45	107	1	1	0	0	1	0	0	0	"s1:1→1 / s2:12→2 / s3:4→1, 12→1"	"s3:11→1"
12	10	45	133	1	1	0	1	0	0	0	0	"s1:12→1 / s2:1→1 / s3:1→5"	"s3:14→1"
12	10	52	133	1	1	0	1	0	0	0	0	"{s1:12→1 / s2:1→2 / s3:4→1, s1:1→1 / s2:12→3}"	"{s3:14→1, s3:11→1}"
12	10	59	133	1	1	0	1	0	0	0	0	"s1:1→1 / s2:12→2 / s3:4→2, 12→3"	"s3:11→1"
12	11	17	134	2	1	0	0	0	0	0	0	"{s1:12→1 / s2:4→1, 5→1, s1:12→1 / s2:5→1, s1:12→1 / s2:5→1 / s3:4→1}"	"{s2:13→1 / s3:1→1, s2:13→1 / s3:1→1, s2:13→1 / s3:1→1}"
12	13	17	134	2	1	0	0	0	0	0	0	"{s1:12→1 / s2:4→1, s1:12→1 / s2:4→1, 6→1, s1:12→1 / s2:4→1 / s3:6→1, s1:12→1 / s2:6→1, s1:12→1 / s2:6→1 / s3:4→1}"	"{s2:13→1 / s3:1→1, s2:13→1 / s3:1→1, s2:13→1 / s3:1→1, s2:13→1 / s3:1→1, s2:13→1 / s3:1→1}"
12	14	15	178	1	2	0	0	0	0	0	0	"s1:12→1 / s2:1→1 / s3:6→1"	"s3:13→1"
12	14	15	184	2	1	0	0	0	0	0	0	"{s1:12→1 / s2:1→1, 12→1 / s3:1→2, 5→1, 6→1, 12→1, s1:12→1 / s2:1→1, 5→1, 6→1, 12→1 / s3:1→1, 12→1, s1:12→1 / s2:1→1, 6→1, 12→1 / s3:1→2, 5→1, 12→1, s1:12→1 / s2:1→1, 6→1 / s3:1→1, 12→1, s1:12→1 / s2:1→1, 6→1 / s3:1→1, 5→1, 12→1, s1:12→1 / s2:1→1, 6→1 / s3:1→2, 5→1, 12→1, s1:12→1 / s2:1→1 / s3:1→1, 5→1, 6→1, 12→1, s1:12→1 / s2:1→1 / s3:1→1, 5→1, 6→1, 12→1, s1:12→1 / s2:1→1 / s3:1→1, 6→1, 12→1, s1:12→1 / s2:1→1 / s3:1→2, 5→1, 6→1, 12→1, s1:12→1 / s2:1→2, 6→1, 12→1 / s3:1→2, 5→1, 12→1, s1:12→1 / s2:1→2, 6→1, 12→1 / s3:1→2, 5→1, 12→2, s1:12→1 / s2:6→1, s1:12→1 / s2:6→1 / s3:1→1, s1:12→1 / s2:6→1 / s3:1→1, 12→1, s1:12→1 / s2:6→1 / s3:1→1, 5→1, s1:12→1 / s2:6→1 / s3:1→1, 5→1, 12→1, s1:12→1 / s2:6→1 / s3:1→2, 5→1, 12→1, s1:12→1 / s2:6→1 / s3:1→2, 5→1, 12→2, s1:12→1 / s3:1→1, s1:12→1 / s3:1→1, 5→1, 6→1, 12→1, s1:12→1 / s3:1→2, 5→1, 6→1, 12→1, s1:12→1 / s3:1→2, 6→1, 12→1, s1:1→1, 12→1 / s2:12→1 / s3:1→1, 5→1, 6→1, 12→1, s1:1→1, 12→1 / s2:12→1 / s3:1→2, 5→1, 6→1, 12→1, s1:1→1, 12→1 / s2:5→1, 6→1, 12→1, s1:1→1, 12→1 / s2:5→1, 6→1, 12→1 / s3:12→1, s1:1→1, 12→1 / s2:6→1, s1:1→1, 12→1 / s2:6→1, 12→1, s1:1→1, 12→1 / s2:6→1, 12→1 / s3:1→1, 5→1, 12→1, s1:1→1, 12→1 / s2:6→1, 12→1 / s3:1→1, 5→1, 12→1, s1:1→1, 12→1 / s2:6→1, 12→1 / s3:1→1, 5→1, 12→2, s1:1→1, 12→1 / s2:6→1, 12→1 / s3:5→1, 12→1, s1:1→1, 12→1 / s2:6→1 / s3:12→1, s1:1→1, 12→1 / s2:6→1 / s3:1→1, 5→1, 12→1, s1:1→1, 12→1 / s2:6→1 / s3:1→1, 5→1, 12→1, s1:1→1, 12→1 / s2:6→1 / s3:1→1, 5→1, 12→2, s1:1→1, 12→1 / s2:6→1 / s3:5→1, s1:1→1, 12→1 / s2:6→1 / s3:5→1, 12→1, s1:1→1, 12→1 / s2:6→1 / s3:5→1, 12→1, s1:1→1, 12→1 / s3:1→1, 5→1, 6→1, 12→1, s1:1→1, 12→1 / s3:1→1, 5→1, 6→1, 12→2, s1:1→1 / s2:12→1 / s3:12→1, s1:1→1 / s2:12→1 / s3:1→1, 5→1, 6→1, 12→2, s1:1→1 / s2:12→1 / s3:1→1, 5→1, 6→1, 12→2, s1:1→1 / s2:12→1 / s3:5→1, 6→1, 12→1, s1:1→1 / s2:12→1 / s3:5→1, 6→1, 12→2, s1:1→1 / s2:12→1 / s3:6→1, 12→1, s1:1→1 / s2:12→1 / s3:6→1, 12→1, s1:1→1 / s2:5→1, 6→1, 12→1 / s3:12→1, s1:1→1 / s2:5→1, 6→1, 12→2 / s3:12→1, s1:1→1 / s2:6→1, 12→1 / s3:12→1, s1:1→1 / s2:6→1, 12→1 / s3:1→1, 5→1, 12→2, s1:1→1 / s2:6→1, 12→1 / s3:1→1, 5→1, 12→2, s1:1→1 / s2:6→1, 12→1 / s3:1→1, 5→1, 12→3, s1:1→1 / s2:6→1, 12→1 / s3:1→1, 5→1, 12→3, s1:1→1 / s2:6→1, 12→1 / s3:5→1, 12→1, s1:1→1 / s2:6→1, 12→1 / s3:5→1, 12→1, s1:1→1 / s2:6→1, 12→1 / s3:5→1, 12→2, s1:1→1 / s2:6→1, 12→2 / s3:1→1, 5→1, 12→3}"	"{s2:2→1 / s3:13→1, s2:13→1 / s3:2→1, s2:2→1 / s3:13→1, s2:13→1 / s3:2→1, s2:13→1 / s3:2→1, s2:13→1 / s3:13→1, s2:13→1 / s3:13→1, s2:13→1 / s3:2→1, s2:13→1 / s3:2→1, s2:13→1 / s3:13→1, s2:13→1 / s3:13→1, s2:13→1 / s3:2→1, s2:13→1 / s3:2→1, s2:13→1 / s3:13→1, s2:13→1 / s3:2→1, s2:13→1 / s3:13→1, s2:13→1 / s3:2→1, s2:13→1 / s3:13→1, s2:13→1 / s3:2→1, s2:2→1 / s3:13→1, s2:2→1 / s3:13→1, s2:2→1 / s3:13→1, s2:2→1 / s3:13→1, s2:2→1 / s3:13→1, s2:2→1 / s3:13→1, s2:13→1 / s3:2→1, s2:13→1 / s3:2→1, s2:13→1 / s3:2→1, s2:13→1 / s3:2→1, s2:13→1 / s3:13→1, s2:2→1 / s3:13→1, s2:13→1 / s3:2→1, s2:13→1 / s3:2→1, s2:13→1 / s3:2→1, s2:13→1 / s3:13→1, s2:13→1 / s3:2→1, s2:13→1 / s3:2→1, s2:13→1 / s3:13→1, s2:13→1 / s3:13→1, s2:13→1 / s3:2→1, s2:2→1 / s3:13→1, s2:2→1 / s3:13→1, s2:13→1 / s3:2→1, s2:13→1 / s3:13→1, s2:2→1 / s3:13→1, s2:13→1 / s3:13→1, s2:13→1 / s3:2→1, s2:13→1 / s3:13→1, s2:13→1 / s3:2→1, s2:13→1 / s3:2→1, s2:13→1 / s3:2→1, s2:13→1 / s3:2→1, s2:13→1 / s3:13→1, s2:2→1 / s3:13→1, s2:13→1 / s3:13→1, s2:13→1 / s3:2→1, s2:13→1 / s3:13→1, s2:13→1 / s3:2→1, s2:13→1 / s3:2→1, s2:2→1 / s3:13→1}"
12	14	16	157	1	1	1	0	0	0	0	0	"{s1:12→1 / s2:1→1, s1:12→1 / s2:1→1 / s3:1→1, 5→1, 6→1, 12→1, s1:12→1 / s2:1→1 / s3:1→1, 5→1, 6→1, 12→2, s1:12→1 / s2:1→1 / s3:1→1, 6→1, 12→1, s1:12→1 / s2:1→1 / s3:5→1, 6→1, 12→1, s1:1→1 / s2:12→1 / s3:12→1, s1:1→1 / s2:12→1 / s3:5→1, 6→1, 12→1, s1:1→1 / s2:12→1 / s3:5→1, 6→1, 12→2, s1:1→1 / s2:12→1 / s3:6→1, 12→1}"	"{s3:2→1, s3:2→1, s3:2→1, s3:2→1, s3:2→1, s3:2→1, s3:2→1, s3:2→1, s3:2→1}"
12	14	16	158	1	1	1	0	0	0	0	0	"{s1:12→1 / s2:1→1 / s3:1→1, 5→1, 6→1, 12→1, s1:12→1 / s2:1→1 / s3:1→1, 6→1, 12→1, s1:12→1 / s2:1→1 / s3:6→1, s1:1→1 / s2:12→1 / s3:1→1, 5→1, 6→1, 12→1, s1:1→1 / s2:12→1 / s3:1→1, 5→1, 6→1, 12→2, s1:1→1 / s2:12→1 / s3:1→1, 6→1, 12→1, s1:1→1 / s2:12→1 / s3:5→1, 6→1, 12→1, s1:1→1 / s2:12→1 / s3:6→1}"	"{s3:14→1, s3:14→1, s3:14→1, s3:14→1, s3:14→1, s3:14→1, s3:14→1, s3:14→1}"
12	14	16	171	0	3	0	0	0	0	0	0	"{s1:12→1 / s2:1→1, 12→1 / s3:1→2, 12→1, s1:12→1 / s2:1→1 / s3:1→1, 12→1, s1:12→1 / s2:1→1 / s3:1→2, 12→2}"	""
12	14	16	177	1	2	0	0	0	0	0	0	"{s1:12→1 / s2:1→1, 12→1, s1:12→1 / s2:1→1, 12→1 / s3:12→1, s1:12→1 / s2:1→1, 12→1 / s3:1→1, 12→1, s1:12→1 / s2:1→1, 12→1 / s3:1→1, 12→2, s1:12→1 / s2:1→1, 12→1 / s3:1→1, 5→1, 6→1, 12→2, s1:12→1 / s2:1→1, 12→1 / s3:1→1, 6→1, 12→1, s1:12→1 / s2:1→1, 12→1 / s3:1→1, 6→1, 12→2, s1:12→1 / s2:1→1, 12→1 / s3:1→1, 6→1, 12→3, s1:12→1 / s2:1→1, 12→1 / s3:1→2, 12→1, s1:12→1 / s2:1→1, 12→1 / s3:1→2, 12→2, s1:12→1 / s2:1→1, 12→1 / s3:1→2, 12→3, s1:12→1 / s2:1→1, 12→1 / s3:1→2, 6→1, 12→2, s1:12→1 / s2:1→1, 12→1 / s3:1→3, 12→2, s1:12→1 / s2:1→1, 12→1 / s3:5→1, 6→1, 12→1, s1:12→1 / s2:1→1, 12→1 / s3:5→1, 6→1, 12→2, s1:12→1 / s2:1→1, 12→1 / s3:6→1, 12→1, s1:12→1 / s2:1→1 / s3:12→1, s1:12→1 / s2:1→1 / s3:1→1, 12→1, s1:12→1 / s2:1→1 / s3:1→1, 12→2, s1:12→1 / s2:1→1 / s3:1→1, 5→1, 6→1, 12→1, s1:12→1 / s2:1→1 / s3:1→1, 5→1, 6→1, 12→2, s1:12→1 / s2:1→1 / s3:1→1, 6→1, 12→1, s1:12→1 / s2:1→1 / s3:1→1, 6→1, 12→2, s1:12→1 / s2:1→1 / s3:1→1, 6→1, 12→3, s1:12→1 / s2:1→1 / s3:1→2, 12→2, s1:12→1 / s2:1→1 / s3:1→2, 12→3, s1:12→1 / s2:1→1 / s3:1→2, 6→1, 12→2, s1:12→1 / s2:1→1 / s3:5→1, 6→1, 12→1, s1:12→1 / s2:1→1 / s3:5→1, 6→1, 12→2, s1:12→1 / s2:1→1 / s3:6→1, 12→1, s1:12→1 / s2:1→2, 12→1, s1:12→1 / s2:1→2, 12→1 / s3:12→1, s1:12→1 / s2:1→2, 12→1 / s3:1→1, 12→1, s1:12→1 / s2:1→2, 12→1 / s3:1→1, 12→2, s1:12→1 / s2:1→2, 12→1 / s3:1→1, 6→1, 12→1, s1:12→1 / s2:1→2, 12→2 / s3:12→1, s1:12→1 / s2:1→2, 12→2 / s3:1→1, 12→1, s1:12→1 / s2:1→2, 12→2 / s3:1→1, 12→2, s1:12→1 / s2:1→2, 12→2 / s3:1→1, 6→1, 12→3, s1:12→1 / s2:1→3, 12→2, s1:12→1 / s2:1→3, 12→2 / s3:12→1, s1:1→1, 12→1 / s2:1→1, 12→1, s1:1→1, 12→1 / s2:1→1, 12→1 / s3:12→1, s1:1→1, 12→1 / s2:1→1, 12→1 / s3:12→2, s1:1→1, 12→1 / s2:1→1, 12→1 / s3:5→1, 6→1, 12→3, s1:1→1, 12→1 / s2:1→1, 12→1 / s3:6→1, 12→1, s1:1→1, 12→1 / s2:1→1, 12→1 / s3:6→1, 12→2, s1:1→1, 12→1 / s2:1→1, 12→1 / s3:6→1, 12→3, s1:1→1, 12→1 / s2:1→1, 12→2 / s3:12→1, s1:1→1, 12→1 / s2:1→1, 12→2 / s3:6→1, 12→3, s1:1→1 / s2:1→1, 12→1 / s3:12→1, s1:1→1 / s2:1→1, 12→1 / s3:5→1, 6→1, 12→1, s1:1→1 / s2:1→1, 12→1 / s3:6→1, 12→1, s1:1→1 / s2:1→1, 12→2 / s3:12→1, s1:1→1 / s2:1→1, 12→2 / s3:5→1, 6→1, 12→3, s1:1→1 / s2:1→1, 12→2 / s3:6→1, 12→2}"	"{s3:2→1, s3:2→1, s3:2→1, s3:2→1, s3:2→1, s3:2→1, s3:2→1, s3:2→1, s3:2→1, s3:2→1, s3:2→1, s3:2→1, s3:2→1, s3:2→1, s3:2→1, s3:2→1, s3:2→1, s3:2→1, s3:2→1, s3:2→1, s3:2→1, s3:2→1, s3:2→1, s3:2→1, s3:2→1, s3:2→1, s3:2→1, s3:2→1, s3:2→1, s3:2→1, s3:2→1, s3:2→1, s3:2→1, s3:2→1, s3:2→1, s3:2→1, s3:2→1, s3:2→1, s3:2→1, s3:2→1, s3:2→1, s3:2→1, s3:2→1, s3:2→1, s3:2→1, s3:2→1, s3:2→1, s3:2→1, s3:2→1, s3:2→1, s3:2→1, s3:2→1, s3:2→1, s3:2→1, s3:2→1, s3:2→1}"
12	14	16	178	1	2	0	0	0	0	0	0	"{s1:12→1 / s2:1→1, 12→1 / s3:1→1, s1:12→1 / s2:1→1, 12→1 / s3:1→1, s1:12→1 / s2:1→1, 12→1 / s3:1→1, 12→1, s1:12→1 / s2:1→1, 12→1 / s3:1→1, 5→1, 6→1, 12→1, s1:12→1 / s2:1→1, 12→1 / s3:1→1, 5→1, 6→1, 12→1, s1:12→1 / s2:1→1, 12→1 / s3:1→1, 5→1, 6→1, 12→2, s1:12→1 / s2:1→1, 12→1 / s3:1→1, 5→1, 6→1, 12→2, s1:12→1 / s2:1→1, 12→1 / s3:1→1, 6→1, 12→1, s1:12→1 / s2:1→1, 12→1 / s3:1→1, 6→1, 12→1, s1:12→1 / s2:1→1, 12→1 / s3:1→1, 6→1, 12→2, s1:12→1 / s2:1→1, 12→1 / s3:1→2, 12→1, s1:12→1 / s2:1→1, 12→1 / s3:1→2, 12→1, s1:12→1 / s2:1→1, 12→1 / s3:1→2, 12→2, s1:12→1 / s2:1→1, 12→1 / s3:1→2, 5→1, 6→1, 12→1, s1:12→1 / s2:1→1, 12→1 / s3:1→2, 5→1, 6→1, 12→1, s1:12→1 / s2:1→1, 12→1 / s3:1→2, 6→1, 12→1, s1:12→1 / s2:1→1, 12→1 / s3:1→2, 6→1, 12→1, s1:12→1 / s2:1→1, 12→1 / s3:1→2, 6→1, 12→2, s1:12→1 / s2:1→1, 12→1 / s3:1→2, 6→1, 12→2, s1:12→1 / s2:1→1, 12→1 / s3:1→3, 12→1, s1:12→1 / s2:1→1, 12→1 / s3:1→3, 12→2, s1:12→1 / s2:1→1, 12→1 / s3:1→3, 12→2, s1:12→1 / s2:1→1, 12→1 / s3:1→3, 6→1, 12→1, s1:12→1 / s2:1→1, 12→1 / s3:5→1, 6→1, 12→1, s1:12→1 / s2:1→1, 12→1 / s3:5→1, 6→1, 12→1, s1:12→1 / s2:1→1, 12→1 / s3:6→1, s1:12→1 / s2:1→1, 12→1 / s3:6→1, s1:12→1 / s2:1→1, 12→1 / s3:6→1, 12→1, s1:12→1 / s2:1→1 / s3:1→1, 12→1, s1:12→1 / s2:1→1 / s3:1→1, 12→1, s1:12→1 / s2:1→1 / s3:1→1, 5→1, 6→1, 12→1, s1:12→1 / s2:1→1 / s3:1→1, 5→1, 6→1, 12→1, s1:12→1 / s2:1→1 / s3:1→1, 5→1, 6→1, 12→2, s1:12→1 / s2:1→1 / s3:1→1, 5→1, 6→1, 12→2, s1:12→1 / s2:1→1 / s3:1→1, 6→1, 12→1, s1:12→1 / s2:1→1 / s3:1→1, 6→1, 12→1, s1:12→1 / s2:1→1 / s3:1→1, 6→1, 12→2, s1:12→1 / s2:1→1 / s3:1→2, 12→2, s1:12→1 / s2:1→1 / s3:1→2, 12→2, s1:12→1 / s2:1→1 / s3:1→2, 12→3, s1:12→1 / s2:1→1 / s3:1→2, 5→1, 6→1, 12→1, s1:12→1 / s2:1→1 / s3:1→2, 6→1, 12→1, s1:12→1 / s2:1→1 / s3:1→2, 6→1, 12→2, s1:12→1 / s2:1→1 / s3:1→2, 6→1, 12→2, s1:12→1 / s2:1→1 / s3:1→3, 12→2, s1:12→1 / s2:1→1 / s3:5→1, 6→1, s1:12→1 / s2:1→1 / s3:5→1, 6→1, 12→1, s1:12→1 / s2:1→1 / s3:6→1, 12→1, s1:12→1 / s2:1→2, 12→1 / s3:1→1, s1:12→1 / s2:1→2, 12→1 / s3:1→1, 12→1, s1:12→1 / s2:1→2, 12→1 / s3:1→1, 6→1, s1:12→1 / s2:1→2, 12→1 / s3:1→1, 6→1, 12→1, s1:12→1 / s2:1→2, 12→1 / s3:1→2, 12→1, s1:12→1 / s2:1→2, 12→1 / s3:1→2, 12→2, s1:12→1 / s2:1→2, 12→1 / s3:1→2, 5→1, 6→1, 12→1, s1:12→1 / s2:1→2, 12→1 / s3:1→2, 6→1, 12→1, s1:12→1 / s2:1→2, 12→1 / s3:1→2, 6→1, 12→2, s1:12→1 / s2:1→2, 12→1 / s3:1→3, 12→2, s1:12→1 / s2:1→2, 12→1 / s3:1→3, 6→1, 12→1, s1:12→1 / s2:1→2, 12→1 / s3:6→1, s1:12→1 / s2:1→2, 12→2 / s3:1→1, s1:12→1 / s2:1→2, 12→2 / s3:1→2, 12→1, s1:12→1 / s2:1→3, 12→2 / s3:1→1, s1:12→1 / s2:1→3, 12→2 / s3:1→1, 12→1, s1:1→1, 12→1 / s2:1→1, 12→1 / s3:12→1, s1:1→1, 12→1 / s2:1→1, 12→1 / s3:6→1, s1:1→1, 12→1 / s2:1→1, 12→1 / s3:6→1, 12→1, s1:1→1, 12→1 / s2:1→1, 12→1 / s3:6→1, 12→2, s1:1→1, 12→1 / s2:1→1, 12→2 / s3:6→1, 12→1, s1:1→1 / s2:1→1, 12→1 / s3:12→1, s1:1→1 / s2:1→1, 12→1 / s3:12→1, s1:1→1 / s2:1→1, 12→1 / s3:6→1, s1:1→1 / s2:1→1, 12→1 / s3:6→1, s1:1→1 / s2:1→1, 12→1 / s3:6→1, 12→1, s1:1→1 / s2:1→1, 12→1 / s3:6→1, 12→1, s1:1→1 / s2:1→1, 12→2 / s3:12→1, s1:1→1 / s2:1→1, 12→2 / s3:6→1, s1:1→1 / s2:1→1, 12→2 / s3:6→1, 12→1, s1:1→1 / s2:1→1, 12→2 / s3:6→1, 12→1, s1:1→1 / s2:1→1, 12→2 / s3:6→1, 12→2}"	"{s3:13→1, s3:14→1, s3:14→1, s3:13→1, s3:14→1, s3:13→1, s3:14→1, s3:13→1, s3:14→1, s3:14→1, s3:13→1, s3:14→1, s3:14→1, s3:13→1, s3:14→1, s3:13→1, s3:14→1, s3:13→1, s3:14→1, s3:13→1, s3:13→1, s3:14→1, s3:13→1, s3:13→1, s3:14→1, s3:13→1, s3:14→1, s3:14→1, s3:13→1, s3:14→1, s3:13→1, s3:14→1, s3:13→1, s3:14→1, s3:13→1, s3:14→1, s3:14→1, s3:13→1, s3:14→1, s3:14→1, s3:13→1, s3:13→1, s3:13→1, s3:14→1, s3:13→1, s3:13→1, s3:14→1, s3:14→1, s3:13→1, s3:13→1, s3:13→1, s3:13→1, s3:13→1, s3:13→1, s3:13→1, s3:13→1, s3:13→1, s3:13→1, s3:13→1, s3:14→1, s3:13→1, s3:13→1, s3:13→1, s3:13→1, s3:14→1, s3:14→1, s3:14→1, s3:14→1, s3:13→1, s3:13→1, s3:14→1, s3:13→1, s3:14→1, s3:13→1, s3:14→1, s3:13→1, s3:14→1, s3:13→1, s3:14→1, s3:13→1}"
12	14	16	184	2	1	0	0	0	0	0	0	"{s1:12→1 / s2:12→1 / s3:1→1, s1:12→1 / s2:12→1 / s3:1→1, 12→1, s1:12→1 / s2:12→1 / s3:1→1, 5→1, 6→1, 12→1, s1:12→1 / s2:12→1 / s3:1→1, 5→1, 6→1, 12→2, s1:12→1 / s2:12→1 / s3:1→1, 6→1, 12→1, s1:12→1 / s2:12→1 / s3:1→1, 6→1, 12→2, s1:12→1 / s2:12→1 / s3:1→2, 12→1, s1:12→1 / s2:12→1 / s3:1→2, 12→2, s1:12→1 / s2:12→1 / s3:1→2, 6→1, 12→2, s1:12→1 / s2:12→1 / s3:1→3, 12→2, s1:12→1 / s2:1→1, 12→1 / s3:1→1, 12→1, s1:12→1 / s2:1→1, 12→1 / s3:1→1, 12→2, s1:12→1 / s2:1→1, 12→1 / s3:1→1, 5→1, 6→1, 12→2, s1:12→1 / s2:1→1, 12→1 / s3:1→1, 6→1, 12→1, s1:12→1 / s2:1→1, 12→1 / s3:1→1, 6→1, 12→2, s1:12→1 / s2:1→1, 12→1 / s3:1→1, 6→1, 12→2, s1:12→1 / s2:1→1, 12→1 / s3:1→1, 6→1, 12→3, s1:12→1 / s2:1→1, 12→1 / s3:1→2, 12→1, s1:12→1 / s2:1→1, 12→1 / s3:1→2, 12→1, s1:12→1 / s2:1→1, 12→1 / s3:1→2, 12→2, s1:12→1 / s2:1→1, 12→1 / s3:1→2, 12→2, s1:12→1 / s2:1→1, 12→1 / s3:1→2, 12→3, s1:12→1 / s2:1→1, 12→1 / s3:1→2, 6→1, 12→1, s1:12→1 / s2:1→1, 12→1 / s3:1→2, 6→1, 12→2, s1:12→1 / s2:1→1, 12→1 / s3:1→2, 6→1, 12→2, s1:12→1 / s2:1→1, 12→1 / s3:1→3, 12→1, s1:12→1 / s2:1→1, 12→1 / s3:1→3, 12→2, s1:12→1 / s2:1→1, 12→1 / s3:1→3, 12→2, s1:12→1 / s2:1→1, 12→1 / s3:1→3, 6→1, 12→1, s1:12→1 / s2:1→1, 12→2 / s3:1→2, 12→1, s1:12→1 / s2:1→1, 12→2 / s3:1→2, 12→2, s1:12→1 / s2:1→1, 12→2 / s3:1→2, 6→1, 12→2, s1:12→1 / s2:1→1, 12→2 / s3:1→3, 12→2, s1:12→1 / s2:1→1, 6→1, 12→1 / s3:1→1, 12→1, s1:12→1 / s2:1→1, 6→1, 12→1 / s3:1→1, 12→2, s1:12→1 / s2:1→1, 6→1, 12→1 / s3:1→1, 5→1, 12→1, s1:12→1 / s2:1→1, 6→1, 12→1 / s3:1→1, 5→1, 12→2, s1:12→1 / s2:1→1, 6→1, 12→1 / s3:1→2, 12→1, s1:12→1 / s2:1→1, 6→1, 12→1 / s3:1→2, 12→2, s1:12→1 / s2:1→1, 6→1, 12→1 / s3:1→2, 5→1, 12→2, s1:12→1 / s2:1→1, 6→1, 12→2 / s3:1→1, 12→2, s1:12→1 / s2:1→1, 6→1, 12→2 / s3:1→1, 5→1, 12→2, s1:12→1 / s2:1→1, 6→1, 12→2 / s3:1→1, 5→1, 12→3, s1:12→1 / s2:1→1, 6→1, 12→2 / s3:1→2, 12→2, s1:12→1 / s2:1→1, 6→1, 12→2 / s3:1→2, 5→1, 12→2, s1:12→1 / s2:1→1, 6→1, 12→3 / s3:1→2, 12→2, s1:12→1 / s2:1→1, 6→1 / s3:1→1, 5→1, s1:12→1 / s2:1→1, 6→1 / s3:1→2, 12→1, s1:12→1 / s2:1→1, 6→1 / s3:1→2, 5→1, 12→1, s1:12→1 / s2:1→1, 6→1 / s3:1→3, 12→1, s1:12→1 / s2:1→1, 6→1 / s3:1→3, 5→1, 12→1, s1:12→1 / s2:1→1 / s3:1→1, s1:12→1 / s2:1→1 / s3:1→1, 12→1, s1:12→1 / s2:1→1 / s3:1→1, 12→1, s1:12→1 / s2:1→1 / s3:1→1, 12→2, s1:12→1 / s2:1→1 / s3:1→1, 5→1, 6→1, s1:12→1 / s2:1→1 / s3:1→1, 5→1, 6→1, 12→2, s1:12→1 / s2:1→1 / s3:1→1, 6→1, s1:12→1 / s2:1→1 / s3:1→1, 6→1, 12→1, s1:12→1 / s2:1→1 / s3:1→1, 6→1, 12→2, s1:12→1 / s2:1→1 / s3:1→2, 12→1, s1:12→1 / s2:1→1 / s3:1→2, 12→1, s1:12→1 / s2:1→1 / s3:1→2, 12→2, s1:12→1 / s2:1→1 / s3:1→2, 12→2, s1:12→1 / s2:1→1 / s3:1→2, 12→3, s1:12→1 / s2:1→1 / s3:1→2, 5→1, 6→1, 12→1, s1:12→1 / s2:1→1 / s3:1→2, 6→1, 12→1, s1:12→1 / s2:1→1 / s3:1→2, 6→1, 12→1, s1:12→1 / s2:1→1 / s3:1→2, 6→1, 12→2, s1:12→1 / s2:1→1 / s3:1→2, 6→1, 12→2, s1:12→1 / s2:1→1 / s3:1→3, 12→2, s1:12→1 / s2:1→1 / s3:1→3, 12→2, s1:12→1 / s2:1→1 / s3:1→3, 6→1, 12→1, s1:12→1 / s2:1→2, 12→1 / s3:1→2, 12→1, s1:12→1 / s2:1→2, 12→1 / s3:1→2, 12→1, s1:12→1 / s2:1→2, 12→1 / s3:1→2, 12→2, s1:12→1 / s2:1→2, 12→1 / s3:1→2, 12→2, s1:12→1 / s2:1→2, 12→1 / s3:1→2, 12→3, s1:12→1 / s2:1→2, 12→1 / s3:1→2, 6→1, 12→1, s1:12→1 / s2:1→2, 12→1 / s3:1→2, 6→1, 12→2, s1:12→1 / s2:1→2, 12→1 / s3:1→2, 6→1, 12→2, s1:12→1 / s2:1→2, 12→1 / s3:1→3, 12→1, s1:12→1 / s2:1→2, 12→1 / s3:1→3, 12→1, s1:12→1 / s2:1→2, 12→1 / s3:1→3, 12→2, s1:12→1 / s2:1→2, 12→1 / s3:1→3, 12→2, s1:12→1 / s2:1→2, 12→1 / s3:1→3, 6→1, 12→1, s1:12→1 / s2:1→2, 12→1 / s3:1→3, 6→1, 12→1, s1:12→1 / s2:1→2, 12→2 / s3:1→2, 12→2, s1:12→1 / s2:1→2, 12→2 / s3:1→2, 12→3, s1:12→1 / s2:1→2, 12→2 / s3:1→2, 6→1, 12→2, s1:12→1 / s2:1→2, 12→2 / s3:1→3, 12→2, s1:12→1 / s2:1→2, 12→2 / s3:1→3, 12→2, s1:12→1 / s2:1→2, 12→3 / s3:1→3, 12→2, s1:12→1 / s2:1→2, 6→1, 12→1 / s3:1→2, 12→2, s1:12→1 / s2:1→2, 6→1, 12→1 / s3:1→3, 12→2, s1:12→1 / s2:1→2, 6→1, 12→1 / s3:1→3, 12→2, s1:12→1 / s2:1→2, 6→1, 12→1 / s3:1→3, 5→1, 12→1, s1:12→1 / s2:1→2, 6→1, 12→2 / s3:1→2, 12→2, s1:12→1 / s2:1→2, 6→1, 12→2 / s3:1→2, 12→3, s1:12→1 / s2:1→2, 6→1, 12→2 / s3:1→2, 5→1, 12→2, s1:12→1 / s2:1→2, 6→1, 12→2 / s3:1→3, 12→2, s1:12→1 / s2:1→3, 12→1 / s3:1→3, 12→2, s1:12→1 / s2:1→3, 12→1 / s3:1→3, 6→1, 12→1, s1:12→1 / s2:1→3, 12→2 / s3:1→3, 12→2, s1:12→1 / s2:1→3, 12→2 / s3:1→3, 12→2, s1:12→1 / s2:1→3, 6→1, 12→1 / s3:1→3, 12→2, s1:12→1 / s2:1→3, 6→1, 12→1 / s3:1→3, 5→1, 12→1, s1:12→1 / s2:5→1, 6→1, s1:12→1 / s2:5→1, 6→1, 12→1 / s3:12→1, s1:12→1 / s2:5→1, 6→1, 12→1 / s3:1→1, s1:12→1 / s2:6→1, 12→1 / s3:1→1, s1:12→1 / s2:6→1, 12→1 / s3:1→1, 5→1, 12→1, s1:12→1 / s2:6→1, 12→2 / s3:1→1, 12→1, s1:12→1 / s2:6→1, 12→2 / s3:1→1, 5→1, 12→2, s1:12→1 / s2:6→1 / s3:12→1, s1:12→1 / s2:6→1 / s3:1→1, 12→1, s1:12→1 / s2:6→1 / s3:1→1, 5→1, 12→1, s1:12→1 / s2:6→1 / s3:1→1, 5→1, 12→2, s1:12→1 / s2:6→1 / s3:1→2, 5→1, 12→2, s1:12→1 / s2:6→1 / s3:5→1, s1:12→1 / s2:6→1 / s3:5→1, 12→1, s1:12→1 / s3:1→1, 6→1, s1:12→1 / s3:1→1, 6→1, 12→1, s1:12→1 / s3:1→2, 12→1, s1:12→1 / s3:1→2, 6→1, 12→2, s1:12→1 / s3:1→3, 12→1, s1:12→1 / s3:1→3, 12→2, s1:12→1 / s3:1→3, 6→1, 12→1, s1:1→1, 12→1 / s2:12→1 / s3:12→1, s1:1→1, 12→1 / s2:12→1 / s3:1→1, s1:1→1, 12→1 / s2:12→1 / s3:1→1, 12→1, s1:1→1, 12→1 / s2:12→1 / s3:1→1, 12→1, s1:1→1, 12→1 / s2:12→1 / s3:1→1, 12→2, s1:1→1, 12→1 / s2:12→1 / s3:1→1, 12→2, s1:1→1, 12→1 / s2:12→1 / s3:1→1, 12→2, s1:1→1, 12→1 / s2:12→1 / s3:1→1, 12→3, s1:1→1, 12→1 / s2:12→1 / s3:1→1, 12→3, s1:1→1, 12→1 / s2:12→1 / s3:1→1, 5→1, 6→1, 12→2, s1:1→1, 12→1 / s2:12→1 / s3:1→1, 5→1, 6→1, 12→2, s1:1→1, 12→1 / s2:12→1 / s3:1→1, 6→1, 12→1, s1:1→1, 12→1 / s2:12→1 / s3:1→1, 6→1, 12→1, s1:1→1, 12→1 / s2:12→1 / s3:1→1, 6→1, 12→2, s1:1→1, 12→1 / s2:12→1 / s3:1→1, 6→1, 12→2, s1:1→1, 12→1 / s2:12→1 / s3:1→1, 6→1, 12→2, s1:1→1, 12→1 / s2:12→1 / s3:1→1, 6→1, 12→3, s1:1→1, 12→1 / s2:12→1 / s3:1→1, 6→1, 12→3, s1:1→1, 12→1 / s2:12→1 / s3:1→1, 6→1, 12→3, s1:1→1, 12→1 / s2:12→1 / s3:1→2, 12→1, s1:1→1, 12→1 / s2:12→1 / s3:1→2, 12→2, s1:1→1, 12→1 / s2:12→1 / s3:1→2, 12→2, s1:1→1, 12→1 / s2:12→1 / s3:1→2, 12→3, s1:1→1, 12→1 / s2:12→1 / s3:1→2, 12→3, s1:1→1, 12→1 / s2:12→1 / s3:1→2, 12→3, s1:1→1, 12→1 / s2:12→1 / s3:1→2, 6→1, 12→1, s1:1→1, 12→1 / s2:12→1 / s3:1→2, 6→1, 12→2, s1:1→1, 12→1 / s2:12→1 / s3:1→2, 6→1, 12→2, s1:1→1, 12→1 / s2:12→1 / s3:5→1, 6→1, 12→2, s1:1→1, 12→1 / s2:12→1 / s3:5→1, 6→1, 12→3, s1:1→1, 12→1 / s2:12→1 / s3:5→1, 6→1, 12→3, s1:1→1, 12→1 / s2:12→1 / s3:6→1, 12→1, s1:1→1, 12→1 / s2:12→1 / s3:6→1, 12→2, s1:1→1, 12→1 / s2:12→1 / s3:6→1, 12→3, s1:1→1, 12→1 / s2:12→2 / s3:1→1, 12→1, s1:1→1, 12→1 / s2:12→2 / s3:1→1, 12→2, s1:1→1, 12→1 / s2:12→2 / s3:1→1, 12→3, s1:1→1, 12→1 / s2:12→2 / s3:1→1, 6→1, 12→2, s1:1→1, 12→1 / s2:12→2 / s3:1→1, 6→1, 12→3, s1:1→1, 12→1 / s2:12→2 / s3:1→2, 12→3, s1:1→1, 12→1 / s2:5→1, 6→1, 12→2 / s3:12→1, s1:1→1, 12→1 / s2:5→1, 6→1, 12→3 / s3:12→1, s1:1→1, 12→1 / s2:5→1, 6→1, 12→3 / s3:12→2, s1:1→1, 12→1 / s2:6→1, 12→1 / s3:12→1, s1:1→1, 12→1 / s2:6→1, 12→1 / s3:12→2, s1:1→1, 12→1 / s2:6→1, 12→1 / s3:1→1, 12→1, s1:1→1, 12→1 / s2:6→1, 12→1 / s3:1→1, 12→2, s1:1→1, 12→1 / s2:6→1, 12→1 / s3:1→1, 12→2, s1:1→1, 12→1 / s2:6→1, 12→1 / s3:1→1, 12→3, s1:1→1, 12→1 / s2:6→1, 12→1 / s3:1→1, 5→1, 12→2, s1:1→1, 12→1 / s2:6→1, 12→1 / s3:1→1, 5→1, 12→3, s1:1→1, 12→1 / s2:6→1, 12→1 / s3:1→1, 5→1, 12→3, s1:1→1, 12→1 / s2:6→1, 12→1 / s3:5→1, 12→1, s1:1→1, 12→1 / s2:6→1, 12→1 / s3:5→1, 12→2, s1:1→1, 12→1 / s2:6→1, 12→1 / s3:5→1, 12→2, s1:1→1, 12→1 / s2:6→1, 12→1 / s3:5→1, 12→3, s1:1→1, 12→1 / s2:6→1, 12→2 / s3:12→1, s1:1→1, 12→1 / s2:6→1, 12→2 / s3:12→2, s1:1→1, 12→1 / s2:6→1, 12→2 / s3:1→1, 12→2, s1:1→1, 12→1 / s2:6→1, 12→2 / s3:1→1, 12→3, s1:1→1, 12→1 / s2:6→1, 12→2 / s3:1→1, 12→4, s1:1→1, 12→1 / s2:6→1, 12→2 / s3:1→1, 5→1, 12→3, s1:1→1, 12→1 / s2:6→1, 12→2 / s3:5→1, 12→2, s1:1→1, 12→1 / s2:6→1, 12→2 / s3:5→1, 12→3, s1:1→1, 12→1 / s2:6→1 / s3:1→1, s1:1→1, 12→1 / s2:6→1 / s3:1→1, 12→1, s1:1→1, 12→1 / s2:6→1 / s3:1→1, 12→1, s1:1→1, 12→1 / s2:6→1 / s3:1→1, 5→1, s1:1→1, 12→1 / s2:6→1 / s3:1→1, 5→1, 12→2, s1:1→1, 12→1 / s2:6→1 / s3:1→2, 5→1, 12→1, s1:1→1, 12→1 / s2:6→1 / s3:1→2, 5→1, 12→1, s1:1→1, 12→1 / s2:6→1 / s3:1→2, 5→1, 12→2, s1:1→1, 12→1 / s2:6→1 / s3:1→2, 5→1, 12→2, s1:1→1, 12→1 / s3:1→1, s1:1→1, 12→1 / s3:1→1, 12→1, s1:1→1, 12→1 / s3:1→1, 12→2, s1:1→1, 12→1 / s3:1→1, 5→1, 6→1, s1:1→1, 12→1 / s3:1→1, 6→1, s1:1→1, 12→1 / s3:1→1, 6→1, 12→1, s1:1→1, 12→1 / s3:1→1, 6→1, 12→2, s1:1→1, 12→1 / s3:1→1, 6→1, 12→3, s1:1→1, 12→1 / s3:1→2, 12→1, s1:1→1, 12→1 / s3:1→2, 12→2, s1:1→1, 12→1 / s3:1→2, 12→3, s1:1→1, 12→1 / s3:1→2, 5→1, 6→1, 12→1, s1:1→1, 12→1 / s3:1→2, 6→1, 12→1, s1:1→1, 12→1 / s3:1→2, 6→1, 12→2, s1:1→1, 12→2 / s2:12→1 / s3:1→1, s1:1→1, 12→2 / s2:12→1 / s3:1→1, 12→1, s1:1→1, 12→2 / s2:12→1 / s3:1→1, 6→1, 12→1, s1:1→1, 12→2 / s2:12→1 / s3:1→2, 12→1, s1:1→1, 12→2 / s2:6→1, 12→1 / s3:12→1, s1:1→1, 12→2 / s2:6→1 / s3:1→1, s1:1→1, 12→2 / s2:6→1 / s3:1→1, 12→1, s1:1→1, 12→2 / s2:6→1 / s3:1→1, 5→1, 12→1, s1:1→1, 12→2 / s2:6→1 / s3:1→1, 5→1, 12→2, s1:1→1 / s2:12→1 / s3:12→1, s1:1→1 / s2:12→1 / s3:1→1, 12→1, s1:1→1 / s2:12→1 / s3:1→1, 12→1, s1:1→1 / s2:12→1 / s3:1→1, 12→2, s1:1→1 / s2:12→1 / s3:1→1, 12→2, s1:1→1 / s2:12→1 / s3:1→1, 12→2, s1:1→1 / s2:12→1 / s3:1→1, 12→3, s1:1→1 / s2:12→1 / s3:1→1, 12→3, s1:1→1 / s2:12→1 / s3:1→1, 5→1, 6→1, 12→1, s1:1→1 / s2:12→1 / s3:1→1, 5→1, 6→1, 12→2, s1:1→1 / s2:12→1 / s3:1→1, 6→1, 12→1, s1:1→1 / s2:12→1 / s3:1→1, 6→1, 12→1, s1:1→1 / s2:12→1 / s3:1→1, 6→1, 12→2, s1:1→1 / s2:12→1 / s3:1→1, 6→1, 12→2, s1:1→1 / s2:12→1 / s3:1→1, 6→1, 12→2, s1:1→1 / s2:12→1 / s3:1→1, 6→1, 12→3, s1:1→1 / s2:12→1 / s3:1→1, 6→1, 12→3, s1:1→1 / s2:12→1 / s3:1→1, 6→1, 12→3, s1:1→1 / s2:12→1 / s3:1→2, 12→2, s1:1→1 / s2:12→1 / s3:1→2, 12→2, s1:1→1 / s2:12→1 / s3:1→2, 12→3, s1:1→1 / s2:12→1 / s3:1→2, 12→3, s1:1→1 / s2:12→1 / s3:1→2, 12→3, s1:1→1 / s2:12→1 / s3:1→2, 6→1, 12→2, s1:1→1 / s2:12→1 / s3:1→2, 6→1, 12→2, s1:1→1 / s2:12→1 / s3:5→1, 6→1, 12→1, s1:1→1 / s2:12→1 / s3:5→1, 6→1, 12→2, s1:1→1 / s2:12→1 / s3:5→1, 6→1, 12→3, s1:1→1 / s2:12→1 / s3:6→1, 12→2, s1:1→1 / s2:6→1, 12→1 / s3:1→1, 12→2, s1:1→1 / s2:6→1, 12→1 / s3:1→1, 12→2, s1:1→1 / s2:6→1, 12→1 / s3:1→1, 12→3, s1:1→1 / s2:6→1, 12→1 / s3:1→1, 5→1, 12→2, s1:1→1 / s2:6→1, 12→2 / s3:1→1, 12→3, s1:1→1 / s2:6→1, 12→2 / s3:1→1, 12→4, s1:1→1 / s2:6→1 / s3:1→1, 12→1, s1:1→1 / s2:6→1 / s3:1→1, 12→1, s1:1→1 / s2:6→1 / s3:1→1, 5→1, 12→1, s1:1→1 / s2:6→1 / s3:1→1, 5→1, 12→1}"	"{s2:2→1 / s3:13→1, s2:2→1 / s3:13→1, s2:2→1 / s3:13→1, s2:2→1 / s3:13→1, s2:2→1 / s3:13→1, s2:2→1 / s3:13→1, s2:2→1 / s3:13→1, s2:2→1 / s3:13→1, s2:2→1 / s3:13→1, s2:2→1 / s3:13→1, s2:13→1 / s3:2→1, s2:13→1 / s3:2→1, s2:13→1 / s3:13→1, s2:13→1 / s3:13→1, s2:13→1 / s3:13→1, s2:13→1 / s3:2→1, s2:13→1 / s3:2→1, s2:13→1 / s3:13→1, s2:2→1 / s3:13→1, s2:13→1 / s3:13→1, s2:13→1 / s3:2→1, s2:13→1 / s3:2→1, s2:2→1 / s3:13→1, s2:13→1 / s3:13→1, s2:2→1 / s3:13→1, s2:2→1 / s3:13→1, s2:13→1 / s3:13→1, s2:2→1 / s3:13→1, s2:2→1 / s3:13→1, s2:2→1 / s3:13→1, s2:2→1 / s3:13→1, s2:2→1 / s3:13→1, s2:2→1 / s3:13→1, s2:13→1 / s3:2→1, s2:13→1 / s3:2→1, s2:13→1 / s3:13→1, s2:13→1 / s3:2→1, s2:13→1 / s3:13→1, s2:13→1 / s3:2→1, s2:13→1 / s3:13→1, s2:13→1 / s3:2→1, s2:13→1 / s3:13→1, s2:13→1 / s3:2→1, s2:13→1 / s3:13→1, s2:2→1 / s3:13→1, s2:2→1 / s3:13→1, s2:13→1 / s3:13→1, s2:13→1 / s3:2→1, s2:13→1 / s3:2→1, s2:13→1 / s3:13→1, s2:13→1 / s3:13→1, s2:13→1 / s3:13→1, s2:13→1 / s3:13→1, s2:13→1 / s3:2→1, s2:13→1 / s3:2→1, s2:13→1 / s3:13→1, s2:13→1 / s3:2→1, s2:13→1 / s3:13→1, s2:13→1 / s3:13→1, s2:13→1 / s3:2→1, s2:13→1 / s3:13→1, s2:13→1 / s3:2→1, s2:13→1 / s3:13→1, s2:13→1 / s3:2→1, s2:13→1 / s3:2→1, s2:13→1 / s3:2→1, s2:13→1 / s3:13→1, s2:13→1 / s3:2→1, s2:13→1 / s3:13→1, s2:13→1 / s3:2→1, s2:13→1 / s3:13→1, s2:13→1 / s3:2→1, s2:13→1 / s3:13→1, s2:13→1 / s3:13→1, s2:13→1 / s3:2→1, s2:13→1 / s3:13→1, s2:13→1 / s3:2→1, s2:13→1 / s3:2→1, s2:13→1 / s3:13→1, s2:13→1 / s3:13→1, s2:13→1 / s3:2→1, s2:13→1 / s3:13→1, s2:2→1 / s3:13→1, s2:13→1 / s3:13→1, s2:13→1 / s3:2→1, s2:13→1 / s3:13→1, s2:2→1 / s3:13→1, s2:13→1 / s3:13→1, s2:13→1 / s3:2→1, s2:13→1 / s3:13→1, s2:13→1 / s3:13→1, s2:2→1 / s3:13→1, s2:2→1 / s3:13→1, s2:13→1 / s3:2→1, s2:13→1 / s3:13→1, s2:13→1 / s3:2→1, s2:2→1 / s3:13→1, s2:13→1 / s3:2→1, s2:13→1 / s3:2→1, s2:13→1 / s3:13→1, s2:13→1 / s3:13→1, s2:13→1 / s3:2→1, s2:13→1 / s3:13→1, s2:13→1 / s3:13→1, s2:13→1 / s3:2→1, s2:13→1 / s3:2→1, s2:13→1 / s3:13→1, s2:13→1 / s3:2→1, s2:13→1 / s3:2→1, s2:2→1 / s3:13→1, s2:2→1 / s3:13→1, s2:2→1 / s3:13→1, s2:2→1 / s3:13→1, s2:2→1 / s3:13→1, s2:13→1 / s3:2→1, s2:13→1 / s3:13→1, s2:13→1 / s3:13→1, s2:13→1 / s3:2→1, s2:13→1 / s3:13→1, s2:13→1 / s3:13→1, s2:13→1 / s3:2→1, s2:2→1 / s3:13→1, s2:2→1 / s3:13→1, s2:2→1 / s3:13→1, s2:2→1 / s3:13→1, s2:2→1 / s3:13→1, s2:2→1 / s3:13→1, s2:2→1 / s3:13→1, s2:13→1 / s3:2→1, s2:2→1 / s3:13→1, s2:13→1 / s3:13→1, s2:2→1 / s3:13→1, s2:13→1 / s3:13→1, s2:13→1 / s3:2→1, s2:2→1 / s3:13→1, s2:13→1 / s3:2→1, s2:2→1 / s3:13→1, s2:13→1 / s3:13→1, s2:2→1 / s3:13→1, s2:13→1 / s3:13→1, s2:2→1 / s3:13→1, s2:13→1 / s3:13→1, s2:13→1 / s3:2→1, s2:2→1 / s3:13→1, s2:13→1 / s3:13→1, s2:13→1 / s3:2→1, s2:2→1 / s3:13→1, s2:2→1 / s3:13→1, s2:13→1 / s3:13→1, s2:2→1 / s3:13→1, s2:13→1 / s3:13→1, s2:13→1 / s3:2→1, s2:2→1 / s3:13→1, s2:2→1 / s3:13→1, s2:13→1 / s3:13→1, s2:2→1 / s3:13→1, s2:13→1 / s3:13→1, s2:13→1 / s3:13→1, s2:13→1 / s3:2→1, s2:13→1 / s3:13→1, s2:13→1 / s3:2→1, s2:13→1 / s3:2→1, s2:2→1 / s3:13→1, s2:2→1 / s3:13→1, s2:2→1 / s3:13→1, s2:2→1 / s3:13→1, s2:2→1 / s3:13→1, s2:2→1 / s3:13→1, s2:13→1 / s3:2→1, s2:13→1 / s3:2→1, s2:13→1 / s3:2→1, s2:13→1 / s3:2→1, s2:13→1 / s3:2→1, s2:13→1 / s3:13→1, s2:13→1 / s3:13→1, s2:13→1 / s3:2→1, s2:13→1 / s3:2→1, s2:13→1 / s3:13→1, s2:13→1 / s3:13→1, s2:13→1 / s3:2→1, s2:13→1 / s3:13→1, s2:13→1 / s3:13→1, s2:13→1 / s3:2→1, s2:13→1 / s3:2→1, s2:13→1 / s3:2→1, s2:13→1 / s3:2→1, s2:13→1 / s3:13→1, s2:13→1 / s3:13→1, s2:13→1 / s3:2→1, s2:13→1 / s3:13→1, s2:13→1 / s3:13→1, s2:13→1 / s3:2→1, s2:13→1 / s3:13→1, s2:13→1 / s3:13→1, s2:13→1 / s3:2→1, s2:13→1 / s3:13→1, s2:13→1 / s3:13→1, s2:13→1 / s3:13→1, s2:13→1 / s3:2→1, s2:13→1 / s3:13→1, s2:13→1 / s3:2→1, s2:2→1 / s3:13→1, s2:2→1 / s3:13→1, s2:2→1 / s3:13→1, s2:2→1 / s3:13→1, s2:2→1 / s3:13→1, s2:2→1 / s3:13→1, s2:2→1 / s3:13→1, s2:2→1 / s3:13→1, s2:2→1 / s3:13→1, s2:2→1 / s3:13→1, s2:2→1 / s3:13→1, s2:2→1 / s3:13→1, s2:2→1 / s3:13→1, s2:2→1 / s3:13→1, s2:2→1 / s3:13→1, s2:2→1 / s3:13→1, s2:2→1 / s3:13→1, s2:2→1 / s3:13→1, s2:13→1 / s3:2→1, s2:13→1 / s3:13→1, s2:13→1 / s3:2→1, s2:13→1 / s3:13→1, s2:13→1 / s3:2→1, s2:13→1 / s3:13→1, s2:13→1 / s3:13→1, s2:2→1 / s3:13→1, s2:13→1 / s3:13→1, s2:13→1 / s3:2→1, s2:2→1 / s3:13→1, s2:13→1 / s3:2→1, s2:2→1 / s3:13→1, s2:2→1 / s3:13→1, s2:13→1 / s3:2→1, s2:13→1 / s3:13→1, s2:2→1 / s3:13→1, s2:13→1 / s3:13→1, s2:13→1 / s3:2→1, s2:2→1 / s3:13→1, s2:13→1 / s3:13→1, s2:13→1 / s3:2→1, s2:2→1 / s3:13→1, s2:13→1 / s3:13→1, s2:2→1 / s3:13→1, s2:13→1 / s3:13→1, s2:13→1 / s3:2→1, s2:2→1 / s3:13→1, s2:13→1 / s3:13→1, s2:2→1 / s3:13→1, s2:13→1 / s3:2→1, s2:13→1 / s3:13→1, s2:13→1 / s3:2→1, s2:13→1 / s3:2→1, s2:13→1 / s3:13→1, s2:13→1 / s3:2→1, s2:13→1 / s3:2→1, s2:13→1 / s3:2→1, s2:13→1 / s3:13→1, s2:13→1 / s3:2→1, s2:13→1 / s3:13→1, s2:13→1 / s3:2→1, s2:13→1 / s3:13→1, s2:13→1 / s3:2→1}"
12	14	17	133	1	1	0	1	0	0	0	0	"{s1:12→1 / s2:1→1, s1:12→1 / s2:1→1 / s3:1→1, 12→1, s1:12→1 / s2:1→1 / s3:1→1, 5→1, 6→1, s1:12→1 / s2:1→1 / s3:1→1, 5→1, 6→1, 12→1, s1:12→1 / s2:1→1 / s3:1→1, 5→1, 6→1, 12→2, s1:12→1 / s2:1→1 / s3:1→1, 6→1, 12→1, s1:12→1 / s2:1→1 / s3:1→2, 5→1, 6→1, 12→1, s1:12→1 / s2:1→1 / s3:1→2, 6→1, 12→1, s1:12→1 / s2:1→1 / s3:1→2, 6→1, 12→2, s1:12→1 / s2:1→1 / s3:5→1, 6→1, s1:12→1 / s2:1→1 / s3:5→1, 6→1, 12→1, s1:12→1 / s2:1→1 / s3:6→1}"	"{s3:2→1, s3:2→1, s3:2→1, s3:2→1, s3:2→1, s3:2→1, s3:2→1, s3:2→1, s3:2→1, s3:2→1, s3:2→1, s3:2→1}"
12	14	17	134	1	1	0	1	0	0	0	0	"{s1:12→1 / s2:1→1 / s3:1→1, 5→1, 6→1, s1:12→1 / s2:1→1 / s3:1→1, 5→1, 6→1, 12→1, s1:12→1 / s2:1→1 / s3:1→1, 6→1, 12→1, s1:12→1 / s2:1→1 / s3:1→2, 5→1, 6→1, 12→1, s1:12→1 / s2:1→1 / s3:1→2, 6→1, 12→1, s1:12→1 / s2:1→1 / s3:1→2, 6→1, 12→2, s1:12→1 / s2:1→1 / s3:5→1, 6→1, s1:12→1 / s2:1→1 / s3:6→1, s1:1→1 / s2:12→1 / s3:5→1, 6→1, 12→1, s1:1→1 / s2:12→1 / s3:5→1, 6→1, 12→2, s1:1→1 / s2:12→1 / s3:6→1, s1:1→1 / s2:12→1 / s3:6→1, 12→1}"	"{s3:14→1, s3:14→1, s3:14→1, s3:14→1, s3:14→1, s3:14→1, s3:14→1, s3:14→1, s3:14→1, s3:14→1, s3:14→1, s3:14→1}"
12	14	17	137	1	0	2	0	0	0	0	0	"{s1:12→1 / s2:1→1, s1:12→1 / s2:1→1 / s3:12→1, s1:12→1 / s2:1→1 / s3:5→1, 6→1, 12→1, s1:12→1 / s2:1→1 / s3:5→1, 6→1, 12→2, s1:12→1 / s2:1→1 / s3:5→1, 6→1, 12→3, s1:12→1 / s2:1→1 / s3:6→1, 12→1, s1:12→1 / s2:1→1 / s3:6→1, 12→2}"	"{s3:2→1, s3:2→1, s3:2→1, s3:2→1, s3:2→1, s3:2→1, s3:2→1}"
12	14	17	151	0	2	1	0	0	0	0	0	"{s1:12→1 / s2:1→1 / s3:1→1, 12→1, s1:12→1 / s2:1→1 / s3:1→2, 12→1}"	""
12	14	17	157	1	1	1	0	0	0	0	0	"{s1:12→1 / s2:1→1, 12→1, s1:12→1 / s2:1→1, 12→1 / s3:12→1, s1:12→1 / s2:1→1, 12→1 / s3:1→1, 12→1, s1:12→1 / s2:1→1, 12→1 / s3:1→1, 6→1, 12→1, s1:12→1 / s2:1→1, 12→1 / s3:1→2, 12→1, s1:12→1 / s2:1→1, 12→1 / s3:5→1, 6→1, 12→1, s1:12→1 / s2:1→1, 12→1 / s3:6→1, 12→1, s1:12→1 / s2:1→1 / s3:12→1, s1:12→1 / s2:1→1 / s3:1→1, 12→1, s1:12→1 / s2:1→1 / s3:1→1, 12→2, s1:12→1 / s2:1→1 / s3:1→1, 6→1, 12→2, s1:12→1 / s2:1→1 / s3:1→1, 6→1, 12→3, s1:12→1 / s2:1→1 / s3:1→2, 12→1, s1:12→1 / s2:1→1 / s3:1→2, 12→2, s1:12→1 / s2:1→1 / s3:1→2, 12→3, s1:12→1 / s2:1→1 / s3:1→2, 5→1, 6→1, 12→1, s1:12→1 / s2:1→1 / s3:1→2, 6→1, 12→1, s1:12→1 / s2:1→1 / s3:1→2, 6→1, 12→2, s1:12→1 / s2:1→1 / s3:1→3, 12→2, s1:12→1 / s2:1→1 / s3:1→3, 6→1, 12→1, s1:12→1 / s2:1→1 / s3:5→1, 6→1, s1:12→1 / s2:1→1 / s3:5→1, 6→1, 12→2, s1:12→1 / s2:1→1 / s3:6→1, s1:12→1 / s2:1→1 / s3:6→1, 12→1, s1:12→1 / s2:1→2, 12→1, s1:12→1 / s2:1→2, 12→1 / s3:12→1, s1:12→1 / s2:1→2, 12→1 / s3:1→1, 12→1, s1:12→1 / s2:1→2, 12→1 / s3:1→1, 6→1, 12→1, s1:12→1 / s2:1→3, 12→1, s1:1→1, 12→1 / s2:12→1, s1:1→1, 12→1 / s2:12→1 / s3:12→1, s1:1→1, 12→1 / s2:12→1 / s3:5→1, 6→1, 12→1, s1:1→1, 12→1 / s2:12→1 / s3:6→1, 12→1, s1:1→1 / s2:12→1 / s3:12→2, s1:1→1 / s2:12→1 / s3:5→1, 6→1, 12→3, s1:1→1 / s2:12→1 / s3:6→1, 12→2, s1:1→1 / s2:12→1 / s3:6→1, 12→3}"	"{s3:2→1, s3:2→1, s3:2→1, s3:2→1, s3:2→1, s3:2→1, s3:2→1, s3:2→1, s3:2→1, s3:2→1, s3:2→1, s3:2→1, s3:2→1, s3:2→1, s3:2→1, s3:2→1, s3:2→1, s3:2→1, s3:2→1, s3:2→1, s3:2→1, s3:2→1, s3:2→1, s3:2→1, s3:2→1, s3:2→1, s3:2→1, s3:2→1, s3:2→1, s3:2→1, s3:2→1, s3:2→1, s3:2→1, s3:2→1, s3:2→1, s3:2→1, s3:2→1}"
12	14	17	158	1	1	1	0	0	0	0	0	"{s1:12→1 / s2:1→1, 12→1 / s3:1→1, s1:12→1 / s2:1→1, 12→1 / s3:6→1, s1:12→1 / s2:1→1 / s3:1→1, 12→1, s1:12→1 / s2:1→1 / s3:1→1, 5→1, 6→1, 12→2, s1:12→1 / s2:1→1 / s3:1→1, 6→1, 12→2, s1:12→1 / s2:1→1 / s3:1→2, 12→1, s1:12→1 / s2:1→1 / s3:1→2, 12→2, s1:12→1 / s2:1→1 / s3:1→2, 12→3, s1:12→1 / s2:1→1 / s3:1→2, 5→1, 6→1, 12→1, s1:12→1 / s2:1→1 / s3:1→2, 6→1, 12→1, s1:12→1 / s2:1→1 / s3:1→2, 6→1, 12→2, s1:12→1 / s2:1→1 / s3:1→3, 12→2, s1:12→1 / s2:1→1 / s3:1→3, 6→1, 12→1, s1:12→1 / s2:1→1 / s3:5→1, 6→1, s1:12→1 / s2:1→1 / s3:5→1, 6→1, 12→1, s1:12→1 / s2:1→1 / s3:6→1, 12→1, s1:12→1 / s2:1→2, 12→1 / s3:6→1, s1:1→1, 12→1 / s2:12→1 / s3:1→1, s1:1→1, 12→1 / s2:12→1 / s3:6→1, s1:1→1 / s2:12→1 / s3:1→1, 12→1, s1:1→1 / s2:12→1 / s3:1→1, 12→2, s1:1→1 / s2:12→1 / s3:1→1, 6→1, 12→2, s1:1→1 / s2:12→1 / s3:1→1, 6→1, 12→3, s1:1→1 / s2:12→1 / s3:5→1, 6→1, s1:1→1 / s2:12→1 / s3:5→1, 6→1, 12→2, s1:1→1 / s2:12→1 / s3:6→1, 12→1}"	"{s3:14→1, s3:14→1, s3:14→1, s3:14→1, s3:14→1, s3:14→1, s3:14→1, s3:14→1, s3:14→1, s3:14→1, s3:14→1, s3:14→1, s3:14→1, s3:14→1, s3:14→1, s3:14→1, s3:14→1, s3:14→1, s3:14→1, s3:14→1, s3:14→1, s3:14→1, s3:14→1, s3:14→1, s3:14→1, s3:14→1}"
12	14	17	171	0	3	0	0	0	0	0	0	"{s1:12→1 / s2:1→1, 12→1 / s3:1→1, 12→1, s1:12→1 / s2:1→1 / s3:1→2, 12→3}"	""
12	14	17	177	1	2	0	0	0	0	0	0	"{s1:12→1 / s2:1→1, 12→1 / s3:12→2, s1:12→1 / s2:1→1, 12→1 / s3:1→1, 12→3, s1:12→1 / s2:1→1, 12→1 / s3:1→1, 12→4, s1:12→1 / s2:1→1, 12→1 / s3:5→1, 6→1, 12→3, s1:12→1 / s2:1→1, 12→1 / s3:6→1, 12→2, s1:12→1 / s2:1→1, 12→1 / s3:6→1, 12→3, s1:12→1 / s2:1→1, 12→2 / s3:12→1, s1:12→1 / s2:1→1, 12→2 / s3:1→1, 12→3, s1:12→1 / s2:1→1, 12→2 / s3:6→1, 12→3, s1:12→1 / s2:1→1 / s3:1→3, 12→2, s1:12→1 / s2:1→2, 12→2, s1:12→1 / s2:1→2, 12→2 / s3:1→1, 12→3, s1:12→1 / s2:1→2, 12→2 / s3:1→1, 6→1, 12→2, s1:12→1 / s2:1→2, 12→3 / s3:12→1, s1:1→1, 12→1 / s2:1→1, 12→2, s1:1→1, 12→1 / s2:1→1, 12→2 / s3:12→2, s1:1→1, 12→1 / s2:1→1, 12→2 / s3:12→3, s1:1→1, 12→1 / s2:1→1, 12→2 / s3:6→1, 12→2, s1:1→1, 12→1 / s2:1→1, 12→3 / s3:12→1, s1:1→1 / s2:1→1, 12→1, s1:1→1 / s2:1→1, 12→2 / s3:12→2}"	"{s3:2→1, s3:2→1, s3:2→1, s3:2→1, s3:2→1, s3:2→1, s3:2→1, s3:2→1, s3:2→1, s3:2→1, s3:2→1, s3:2→1, s3:2→1, s3:2→1, s3:2→1, s3:2→1, s3:2→1, s3:2→1, s3:2→1, s3:2→1, s3:2→1}"
12	14	17	178	1	2	0	0	0	0	0	0	"{s1:12→1 / s2:1→1, 12→1 / s3:1→1, 12→1, s1:12→1 / s2:1→1, 12→1 / s3:1→1, 12→2, s1:12→1 / s2:1→1, 12→1 / s3:1→1, 12→2, s1:12→1 / s2:1→1, 12→1 / s3:1→1, 12→3, s1:12→1 / s2:1→1, 12→1 / s3:1→1, 6→1, 12→2, s1:12→1 / s2:1→1, 12→1 / s3:1→1, 6→1, 12→3, s1:12→1 / s2:1→1, 12→1 / s3:1→1, 6→1, 12→3, s1:12→1 / s2:1→1, 12→1 / s3:1→2, 12→2, s1:12→1 / s2:1→1, 12→1 / s3:1→2, 12→3, s1:12→1 / s2:1→1, 12→1 / s3:1→2, 12→3, s1:12→1 / s2:1→1, 12→1 / s3:5→1, 6→1, 12→2, s1:12→1 / s2:1→1, 12→1 / s3:5→1, 6→1, 12→2, s1:12→1 / s2:1→1, 12→1 / s3:5→1, 6→1, 12→3, s1:12→1 / s2:1→1, 12→1 / s3:6→1, 12→1, s1:12→1 / s2:1→1, 12→1 / s3:6→1, 12→2, s1:12→1 / s2:1→1, 12→2 / s3:1→1, 12→1, s1:12→1 / s2:1→1, 12→2 / s3:6→1, 12→1, s1:12→1 / s2:1→1 / s3:1→1, 12→2, s1:12→1 / s2:1→1 / s3:1→1, 6→1, 12→2, s1:12→1 / s2:1→1 / s3:1→1, 6→1, 12→3, s1:12→1 / s2:1→1 / s3:1→2, 12→1, s1:12→1 / s2:1→1 / s3:1→2, 12→3, s1:12→1 / s2:1→1 / s3:1→3, 12→2, s1:12→1 / s2:1→2, 12→1 / s3:1→3, 12→1, s1:12→1 / s2:1→2, 12→2 / s3:1→1, 12→1, s1:12→1 / s2:1→2, 12→2 / s3:1→1, 6→1, 12→1, s1:1→1, 12→1 / s2:1→1, 12→2 / s3:12→1}"	"{s3:13→1, s3:13→1, s3:14→1, s3:14→1, s3:13→1, s3:13→1, s3:14→1, s3:13→1, s3:13→1, s3:14→1, s3:13→1, s3:14→1, s3:14→1, s3:13→1, s3:14→1, s3:13→1, s3:13→1, s3:14→1, s3:13→1, s3:14→1, s3:13→1, s3:13→1, s3:14→1, s3:13→1, s3:13→1, s3:13→1, s3:13→1}"
12	14	18	107	1	1	0	0	1	0	0	0	"{s1:12→1 / s2:1→1, s1:12→1 / s2:1→1 / s3:1→1, 12→1, s1:12→1 / s2:1→1 / s3:1→1, 5→1, 6→1, s1:12→1 / s2:1→1 / s3:1→1, 5→1, 6→1, 12→1, s1:12→1 / s2:1→1 / s3:1→1, 6→1, s1:12→1 / s2:1→1 / s3:1→1, 6→1, 12→1, s1:12→1 / s2:1→1 / s3:1→2, 12→1, s1:12→1 / s2:1→1 / s3:1→2, 5→1, 6→1, s1:12→1 / s2:1→1 / s3:1→2, 5→1, 6→1, 12→1, s1:12→1 / s2:1→1 / s3:1→2, 6→1, 12→1, s1:12→1 / s2:1→1 / s3:1→3, 5→1, 6→1, s1:12→1 / s2:1→1 / s3:1→3, 6→1, 12→1, s1:12→1 / s2:1→1 / s3:5→1, 6→1, s1:12→1 / s2:1→1 / s3:5→1, 6→1, 12→1, s1:12→1 / s2:1→1 / s3:6→1}"	"{s3:2→1, s3:2→1, s3:2→1, s3:2→1, s3:2→1, s3:2→1, s3:2→1, s3:2→1, s3:2→1, s3:2→1, s3:2→1, s3:2→1, s3:2→1, s3:2→1, s3:2→1}"
12	14	18	108	1	1	0	0	1	0	0	0	"{s1:12→1 / s2:1→1 / s3:1→1, 5→1, 6→1, s1:12→1 / s2:1→1 / s3:1→1, 5→1, 6→1, 12→1, s1:12→1 / s2:1→1 / s3:1→1, 6→1, s1:12→1 / s2:1→1 / s3:1→1, 6→1, 12→1, s1:12→1 / s2:1→1 / s3:1→2, 5→1, 6→1, s1:12→1 / s2:1→1 / s3:1→2, 5→1, 6→1, 12→1, s1:12→1 / s2:1→1 / s3:1→2, 6→1, 12→1, s1:12→1 / s2:1→1 / s3:1→3, 5→1, 6→1, s1:12→1 / s2:1→1 / s3:1→3, 6→1, 12→1, s1:12→1 / s2:1→1 / s3:5→1, 6→1, s1:12→1 / s2:1→1 / s3:6→1}"	"{s3:14→1, s3:14→1, s3:14→1, s3:14→1, s3:14→1, s3:14→1, s3:14→1, s3:14→1, s3:14→1, s3:14→1, s3:14→1}"
12	14	18	113	1	0	1	1	0	0	0	0	"{s1:12→1 / s2:1→1, s1:12→1 / s2:1→1 / s3:12→1, s1:12→1 / s2:1→1 / s3:5→1, 6→1, s1:12→1 / s2:1→1 / s3:5→1, 6→1, 12→1, s1:12→1 / s2:1→1 / s3:5→1, 6→1, 12→2, s1:12→1 / s2:1→1 / s3:5→1, 6→1, 12→3, s1:12→1 / s2:1→1 / s3:6→1, s1:12→1 / s2:1→1 / s3:6→1, 12→1, s1:12→1 / s2:1→1 / s3:6→1, 12→2}"	"{s3:2→1, s3:2→1, s3:2→1, s3:2→1, s3:2→1, s3:2→1, s3:2→1, s3:2→1, s3:2→1}"
12	14	18	127	0	2	0	1	0	0	0	0	"{s1:12→1 / s2:1→1 / s3:1→1, s1:1→1 / s2:12→1 / s3:12→1}"	""
12	14	18	133	1	1	0	1	0	0	0	0	"{s1:12→1 / s2:1→1 / s3:12→1, s1:12→1 / s2:1→1 / s3:1→1, 12→2, s1:12→1 / s2:1→1 / s3:1→1, 6→1, s1:12→1 / s2:1→1 / s3:1→1, 6→1, 12→2, s1:12→1 / s2:1→1 / s3:1→1, 6→1, 12→3, s1:12→1 / s2:1→1 / s3:1→2, 12→1, s1:12→1 / s2:1→1 / s3:1→2, 12→2, s1:12→1 / s2:1→1 / s3:1→2, 12→3, s1:12→1 / s2:1→1 / s3:1→2, 5→1, 6→1, s1:12→1 / s2:1→1 / s3:1→2, 6→1, s1:12→1 / s2:1→1 / s3:1→3, 12→1, s1:12→1 / s2:1→1 / s3:1→3, 12→2, s1:12→1 / s2:1→1 / s3:1→3, 5→1, 6→1, s1:12→1 / s2:1→1 / s3:1→3, 6→1, 12→1, s1:12→1 / s2:1→1 / s3:1→4, 12→1, s1:12→1 / s2:1→1 / s3:5→1, 6→1, 12→2, s1:12→1 / s2:1→1 / s3:6→1, 12→1}"	"{s3:2→1, s3:2→1, s3:2→1, s3:2→1, s3:2→1, s3:2→1, s3:2→1, s3:2→1, s3:2→1, s3:2→1, s3:2→1, s3:2→1, s3:2→1, s3:2→1, s3:2→1, s3:2→1, s3:2→1}"
12	14	18	134	1	1	0	1	0	0	0	0	"{s1:12→1 / s2:1→1 / s3:1→1, 12→1, s1:12→1 / s2:1→1 / s3:1→1, 5→1, 6→1, 12→2, s1:12→1 / s2:1→1 / s3:1→1, 6→1, s1:12→1 / s2:1→1 / s3:1→1, 6→1, 12→2, s1:12→1 / s2:1→1 / s3:1→2, 12→1, s1:12→1 / s2:1→1 / s3:1→2, 12→2, s1:12→1 / s2:1→1 / s3:1→2, 12→3, s1:12→1 / s2:1→1 / s3:1→2, 5→1, 6→1, s1:12→1 / s2:1→1 / s3:1→3, 12→1, s1:12→1 / s2:1→1 / s3:1→3, 12→2, s1:12→1 / s2:1→1 / s3:1→3, 5→1, 6→1, s1:12→1 / s2:1→1 / s3:1→3, 6→1, 12→1, s1:12→1 / s2:1→1 / s3:1→4, 12→1, s1:12→1 / s2:1→1 / s3:5→1, 6→1, 12→1, s1:12→1 / s2:1→1 / s3:6→1, 12→1, s1:1→1 / s2:12→1 / s3:5→1, 6→1, s1:1→1 / s2:12→1 / s3:5→1, 6→1, 12→3, s1:1→1 / s2:12→1 / s3:6→1, 12→2}"	"{s3:14→1, s3:14→1, s3:14→1, s3:14→1, s3:14→1, s3:14→1, s3:14→1, s3:14→1, s3:14→1, s3:14→1, s3:14→1, s3:14→1, s3:14→1, s3:14→1, s3:14→1, s3:14→1, s3:14→1, s3:14→1}"
12	14	18	137	1	0	2	0	0	0	0	0	"{s1:12→1 / s2:1→1 / s3:12→2, s1:12→1 / s2:1→1 / s3:5→1, 6→1, s1:12→1 / s2:1→1 / s3:6→1, s1:12→1 / s2:1→1 / s3:6→1, 12→3}"	"{s3:2→1, s3:2→1, s3:2→1, s3:2→1}"
12	14	18	157	1	1	1	0	0	0	0	0	"{s1:12→1 / s2:1→1, 12→1 / s3:1→1, 5→1, 6→1, 12→1, s1:12→1 / s2:1→1, 12→1 / s3:1→2, 6→1, 12→1, s1:12→1 / s2:1→1 / s3:1→1, 5→1, 6→1, s1:12→1 / s2:1→1 / s3:1→3, 12→1, s1:1→1 / s2:12→1 / s3:6→1, 12→4}"	"{s3:2→1, s3:2→1, s3:2→1, s3:2→1, s3:2→1}"
12	14	18	158	1	1	1	0	0	0	0	0	"{s1:12→1 / s2:1→1 / s3:1→1, 12→2, s1:12→1 / s2:1→1 / s3:1→1, 5→1, 6→1, s1:12→1 / s2:1→1 / s3:1→1, 6→1, 12→3, s1:12→1 / s2:1→1 / s3:1→3, 12→1, s1:1→1 / s2:12→1 / s3:1→1, 12→3, s1:1→1 / s2:12→1 / s3:5→1, 6→1, 12→3}"	"{s3:14→1, s3:14→1, s3:14→1, s3:14→1, s3:14→1, s3:14→1}"
12	14	18	171	0	3	0	0	0	0	0	0	"s1:12→1 / s2:12→1 / s3:1→1, 12→1"	""
12	14	18	177	1	2	0	0	0	0	0	0	"{s1:12→1 / s2:12→1 / s3:12→1, s1:12→1 / s2:12→1 / s3:5→1, 6→1, 12→3, s1:12→1 / s2:12→1 / s3:6→1, 12→2, s1:12→1 / s2:1→1, 12→1 / s3:6→1, 12→4, s1:12→1 / s2:1→1, 12→2 / s3:12→2, s1:12→1 / s2:1→1, 12→2 / s3:12→3, s1:12→1 / s2:1→1, 12→2 / s3:1→1, 12→2, s1:12→1 / s2:1→1, 12→2 / s3:1→1, 6→1, 12→3, s1:12→1 / s2:1→1, 12→2 / s3:1→2, 12→3, s1:12→1 / s2:1→1, 12→2 / s3:5→1, 6→1, 12→3, s1:12→1 / s2:1→1, 12→2 / s3:6→1, 12→2, s1:12→1 / s2:1→1 / s3:1→1, 12→3, s1:12→1 / s2:1→1 / s3:6→1, 12→2, s1:1→1 / s2:1→1, 12→3 / s3:6→1, 12→3, s1:1→1 / s2:1→1 / s3:6→1}"	"{s3:2→1, s3:2→1, s3:2→1, s3:2→1, s3:2→1, s3:2→1, s3:2→1, s3:2→1, s3:2→1, s3:2→1, s3:2→1, s3:2→1, s3:2→1, s3:2→1, s3:2→1}"
12	14	19	80	1	1	0	0	0	1	0	0	"{s1:12→1 / s2:1→1, s1:12→1 / s2:1→1 / s3:1→1, s1:12→1 / s2:1→1 / s3:1→1, 5→1, 6→1, s1:12→1 / s2:1→1 / s3:1→1, 6→1, s1:12→1 / s2:1→1 / s3:1→2, 5→1, 6→1, s1:12→1 / s2:1→1 / s3:1→2, 6→1, s1:12→1 / s2:1→1 / s3:1→3, 5→1, 6→1, s1:12→1 / s2:1→1 / s3:1→3, 6→1, s1:12→1 / s2:1→1 / s3:5→1, 6→1, s1:12→1 / s2:1→1 / s3:6→1}"	"{s3:2→1, s3:2→1, s3:2→1, s3:2→1, s3:2→1, s3:2→1, s3:2→1, s3:2→1, s3:2→1, s3:2→1}"
12	14	19	81	1	1	0	0	0	1	0	0	"{s1:12→1 / s2:1→1 / s3:1→1, 5→1, 6→1, s1:12→1 / s2:1→1 / s3:1→1, 6→1, s1:12→1 / s2:1→1 / s3:1→2, 5→1, 6→1, s1:12→1 / s2:1→1 / s3:1→2, 6→1, s1:12→1 / s2:1→1 / s3:1→3, 5→1, 6→1, s1:12→1 / s2:1→1 / s3:5→1, 6→1, s1:12→1 / s2:1→1 / s3:6→1}"	"{s3:14→1, s3:14→1, s3:14→1, s3:14→1, s3:14→1, s3:14→1, s3:14→1}"
12	14	19	87	1	0	1	0	1	0	0	0	"{s1:12→1 / s2:1→1, s1:12→1 / s2:1→1 / s3:12→1, s1:12→1 / s2:1→1 / s3:5→1, 6→1, s1:12→1 / s2:1→1 / s3:5→1, 6→1, 12→1, s1:12→1 / s2:1→1 / s3:6→1, s1:12→1 / s2:1→1 / s3:6→1, 12→1}"	"{s3:2→1, s3:2→1, s3:2→1, s3:2→1, s3:2→1, s3:2→1}"
12	14	19	101	0	2	0	0	1	0	0	0	"s1:12→1 / s2:1→1 / s3:1→1"	""
12	14	19	107	0	1	1	1	0	0	0	0	"s1:1→1 / s2:12→1 / s3:12→1"	""
12	14	19	107	1	1	0	0	1	0	0	0	"{s1:12→1 / s2:1→1 / s3:12→1, s1:12→1 / s2:1→1 / s3:1→1, s1:12→1 / s2:1→1 / s3:1→2, s1:12→1 / s2:1→1 / s3:1→2, 6→1, s1:12→1 / s2:1→1 / s3:1→3, 12→1, s1:12→1 / s2:1→1 / s3:1→3, 6→1, s1:12→1 / s2:1→1 / s3:1→4, 12→1, s1:12→1 / s2:1→1 / s3:1→4, 6→1, s1:12→1 / s2:1→1 / s3:6→1, 12→1, s1:12→1 / s2:1→2}"	"{s3:2→1, s3:2→1, s3:2→1, s3:2→1, s3:2→1, s3:2→1, s3:2→1, s3:2→1, s3:2→1, s3:2→1}"
12	14	19	108	1	1	0	0	1	0	0	0	"{s1:12→1 / s2:1→1 / s3:1→1, s1:12→1 / s2:1→1 / s3:1→1, 12→1, s1:12→1 / s2:1→1 / s3:1→2, 12→1, s1:12→1 / s2:1→1 / s3:1→2, 6→1, s1:12→1 / s2:1→1 / s3:1→3, 12→1, s1:12→1 / s2:1→1 / s3:1→3, 6→1, s1:12→1 / s2:1→1 / s3:1→4, 12→1, s1:12→1 / s2:1→1 / s3:1→4, 6→1, s1:12→1 / s2:1→1 / s3:5→1, 6→1, 12→1, s1:12→1 / s2:1→1 / s3:6→1, 12→1}"	"{s3:14→1, s3:14→1, s3:14→1, s3:14→1, s3:14→1, s3:14→1, s3:14→1, s3:14→1, s3:14→1, s3:14→1}"
12	14	19	113	1	0	1	1	0	0	0	0	"{s1:12→1 / s2:1→1 / s3:12→2, s1:12→1 / s2:1→1 / s3:6→1, 12→3}"	"{s3:2→1, s3:2→1}"
12	14	19	133	1	1	0	1	0	0	0	0	"{s1:12→1 / s2:1→1 / s3:1→1, s1:12→1 / s2:1→1 / s3:1→3, 6→1}"	"{s3:2→1, s3:2→1}"
12	14	19	134	1	1	0	1	0	0	0	0	"{s1:12→1 / s2:1→1 / s3:1→1, 12→2, s1:12→1 / s2:1→1 / s3:1→1, 6→1, 12→3, s1:12→1 / s2:1→1 / s3:1→2, 6→1, s1:1→1 / s2:12→1 / s3:6→1, 12→3, s1:1→1 / s2:12→1 / s3:6→1, 12→4}"	"{s3:14→1, s3:14→1, s3:14→1, s3:14→1, s3:14→1}"
12	14	19	137	1	0	2	0	0	0	0	0	"s1:12→1 / s2:1→1 / s3:6→1, 12→4"	"s3:2→1"
12	14	19	157	1	1	1	0	0	0	0	0	"{s1:12→1 / s2:12→1 / s3:12→1, s1:12→1 / s2:1→1 / s3:1→1, 12→3, s1:12→1 / s2:1→1 / s3:1→1, 6→1, s1:12→1 / s2:1→1 / s3:1→4, 12→1, s1:12→1 / s2:1→1 / s3:6→1, 12→2, s1:1→1 / s2:12→1 / s3:12→3}"	"{s3:2→1, s3:2→1, s3:2→1, s3:2→1, s3:2→1, s3:2→1}"
12	14	19	158	1	1	1	0	0	0	0	0	"s1:12→1 / s2:1→1 / s3:5→1, 6→1, 12→2"	"s3:14→1"
12	14	19	171	0	3	0	0	0	0	0	0	"{s1:12→1 / s2:1→1 / s3:1→1, 12→2, s1:12→1 / s2:1→1 / s3:1→2, 12→1}"	""
12	14	20	32	1	0	1	0	0	0	1	0	"s1:12→1 / s2:1→1 / s3:5→1, 6→1"	"s3:2→1"
12	14	20	46	0	2	0	0	0	0	1	0	"s1:12→1 / s2:1→1 / s3:1→1"	""
12	14	20	52	1	1	0	0	0	0	1	0	"{s1:12→1 / s2:1→1, s1:12→1 / s2:1→1 / s3:1→1, s1:12→1 / s2:1→1 / s3:1→1, 5→1, 6→1, s1:12→1 / s2:1→1 / s3:1→1, 6→1, s1:12→1 / s2:1→1 / s3:1→2, 5→1, 6→1, s1:12→1 / s2:1→1 / s3:1→2, 6→1, s1:12→1 / s2:1→1 / s3:1→3, 5→1, 6→1, s1:12→1 / s2:1→1 / s3:1→3, 6→1, s1:12→1 / s2:1→1 / s3:1→4, 6→1, s1:12→1 / s2:1→1 / s3:5→1, 6→1, s1:12→1 / s2:1→1 / s3:6→1}"	"{s3:2→1, s3:2→1, s3:2→1, s3:2→1, s3:2→1, s3:2→1, s3:2→1, s3:2→1, s3:2→1, s3:2→1, s3:2→1}"
12	14	20	53	1	1	0	0	0	0	1	0	"{s1:12→1 / s2:1→1 / s3:1→1, 5→1, 6→1, s1:12→1 / s2:1→1 / s3:1→1, 6→1, s1:12→1 / s2:1→1 / s3:1→2, 5→1, 6→1, s1:12→1 / s2:1→1 / s3:1→2, 6→1, s1:12→1 / s2:1→1 / s3:1→3, 5→1, 6→1, s1:12→1 / s2:1→1 / s3:1→3, 6→1, s1:12→1 / s2:1→1 / s3:1→4, 6→1, s1:12→1 / s2:1→1 / s3:5→1, 6→1, s1:12→1 / s2:1→1 / s3:6→1}"	"{s3:14→1, s3:14→1, s3:14→1, s3:14→1, s3:14→1, s3:14→1, s3:14→1, s3:14→1, s3:14→1}"
12	14	20	60	1	0	1	0	0	1	0	0	"{s1:12→1 / s2:1→1, s1:12→1 / s2:1→1 / s3:5→1, 6→1, s1:12→1 / s2:1→1 / s3:6→1}"	"{s3:2→1, s3:2→1, s3:2→1}"
12	14	20	74	0	2	0	0	0	1	0	0	"s1:12→1 / s2:1→1 / s3:1→1"	""
12	14	20	80	1	1	0	0	0	1	0	0	"{s1:12→1 / s2:1→1 / s3:1→2, s1:12→1 / s2:1→1 / s3:1→3, s1:12→1 / s2:1→1 / s3:1→4, s1:12→1 / s2:1→1 / s3:1→4, 6→1, s1:12→1 / s2:1→1 / s3:1→5, s1:12→1 / s2:1→2, s1:12→1 / s2:1→2 / s3:1→1, s1:12→1 / s2:1→2 / s3:1→1, 6→1}"	"{s3:2→1, s3:2→1, s3:2→1, s3:2→1, s3:2→1, s3:2→1, s3:2→1, s3:2→1}"
12	14	20	81	1	1	0	0	0	1	0	0	"{s1:12→1 / s2:1→1 / s3:1→1, s1:12→1 / s2:1→1 / s3:1→3, 6→1, s1:12→1 / s2:1→1 / s3:1→4, 6→1}"	"{s3:14→1, s3:14→1, s3:14→1}"
12	14	20	107	1	1	0	0	1	0	0	0	"{s1:12→1 / s2:1→1 / s3:1→3, s1:12→1 / s2:1→1 / s3:1→4, s1:12→1 / s2:1→1 / s3:1→5, s1:12→1 / s2:1→2 / s3:1→1, s1:12→1 / s2:1→2 / s3:1→1, 6→1}"	"{s3:2→1, s3:2→1, s3:2→1, s3:2→1, s3:2→1}"
12	14	20	133	1	1	0	1	0	0	0	0	"{s1:12→1 / s2:1→1 / s3:1→1, 12→3, s1:12→1 / s2:1→1 / s3:1→4, 6→1, s1:12→1 / s2:1→1 / s3:6→1, 12→2}"	"{s3:2→1, s3:2→1, s3:2→1}"
12	14	20	134	1	1	0	1	0	0	0	0	"{s1:12→1 / s2:1→1 / s3:1→3, 6→1, s1:12→1 / s2:1→1 / s3:5→1, 6→1, 12→2}"	"{s3:14→1, s3:14→1}"
12	14	20	137	1	0	2	0	0	0	0	0	"s1:12→1 / s2:1→1 / s3:12→3"	"s3:2→1"
12	14	20	151	0	2	1	0	0	0	0	0	"{s1:12→1 / s2:1→1 / s3:1→1, s1:1→1 / s2:12→1 / s3:12→1}"	""
12	14	20	157	1	1	1	0	0	0	0	0	"{s1:12→1 / s2:1→1 / s3:1→2, 5→1, 6→1, s1:12→1 / s2:1→1 / s3:5→1, 6→1, 12→3}"	"{s3:2→1, s3:2→1}"
12	14	20	158	1	1	1	0	0	0	0	0	"{s1:12→1 / s2:1→1 / s3:12→1, s1:12→1 / s2:1→1 / s3:1→4, 12→1, s1:1→1 / s2:12→1 / s3:1→1, s1:1→1 / s2:12→1 / s3:1→1, 12→4, s1:1→1 / s2:12→1 / s3:6→1, 12→2}"	"{s3:14→1, s3:14→1, s3:14→1, s3:14→1, s3:14→1}"
12	14	20	171	0	3	0	0	0	0	0	0	"s1:12→1 / s2:12→1 / s3:12→1"	""
12	14	21	32	1	0	1	0	0	0	1	0	"{s1:12→1 / s2:1→1, s1:12→1 / s2:1→1 / s3:6→1}"	"{s3:2→1, s3:2→1}"
12	14	21	46	0	2	0	0	0	0	1	0	"s1:12→1 / s2:1→1 / s3:1→2"	""
12	14	21	52	1	1	0	0	0	0	1	0	"{s1:12→1 / s2:1→1 / s3:1→2, s1:12→1 / s2:1→1 / s3:1→3, s1:12→1 / s2:1→1 / s3:1→4, s1:12→1 / s2:1→1 / s3:1→5, s1:12→1 / s2:1→2, s1:12→1 / s2:1→2 / s3:1→1, s1:12→1 / s2:1→2 / s3:1→1, 6→1, s1:12→1 / s2:1→3}"	"{s3:2→1, s3:2→1, s3:2→1, s3:2→1, s3:2→1, s3:2→1, s3:2→1, s3:2→1}"
12	14	21	53	1	1	0	0	0	0	1	0	"{s1:12→1 / s2:1→1 / s3:1→1, s1:12→1 / s2:1→1 / s3:1→2, s1:12→1 / s2:1→1 / s3:1→3, s1:12→1 / s2:1→1 / s3:1→4, s1:12→1 / s2:1→1 / s3:1→5, s1:12→1 / s2:1→2 / s3:6→1}"	"{s3:14→1, s3:14→1, s3:14→1, s3:14→1, s3:14→1, s3:14→1}"
12	14	21	74	0	2	0	0	0	1	0	0	"s1:12→1 / s2:1→1 / s3:1→2"	""
12	14	21	80	1	1	0	0	0	1	0	0	"s1:12→1 / s2:1→3"	"s3:2→1"
12	14	21	81	1	1	0	0	0	1	0	0	"{s1:12→1 / s2:1→1 / s3:1→2, s1:12→1 / s2:1→1 / s3:1→3, s1:12→1 / s2:1→1 / s3:1→4, s1:12→1 / s2:1→1 / s3:1→5, s1:12→1 / s2:1→2 / s3:6→1}"	"{s3:14→1, s3:14→1, s3:14→1, s3:14→1, s3:14→1}"
12	14	21	101	0	2	0	0	1	0	0	0	"s1:12→1 / s2:1→1 / s3:1→2"	""
12	14	21	108	1	1	0	0	1	0	0	0	"{s1:12→1 / s2:1→1 / s3:1→2, s1:12→1 / s2:1→1 / s3:1→3}"	"{s3:14→1, s3:14→1}"
12	14	21	113	1	0	1	1	0	0	0	0	"s1:12→1 / s2:1→1 / s3:12→3"	"s3:2→1"
12	14	21	131	0	1	2	0	0	0	0	0	"s1:12→1 / s2:1→1 / s3:12→1"	""
12	14	21	133	1	1	0	1	0	0	0	0	"{s1:12→1 / s2:1→1 / s3:1→2, s1:12→1 / s2:1→1 / s3:5→1, 6→1, 12→3, s1:12→1 / s2:1→2, s1:12→1 / s2:1→2 / s3:1→1}"	"{s3:2→1, s3:2→1, s3:2→1, s3:2→1}"
12	14	21	134	1	1	0	1	0	0	0	0	"{s1:12→1 / s2:1→1 / s3:12→1, s1:12→1 / s2:1→1 / s3:1→1, s1:12→1 / s2:1→1 / s3:1→4, 6→1, s1:1→1 / s2:12→1 / s3:12→1, s1:1→1 / s2:12→2 / s3:6→1, 12→2, s1:1→1 / s2:12→2 / s3:6→1, 12→3, s1:1→1 / s2:12→2 / s3:6→1, 12→4}"	"{s3:14→1, s3:14→1, s3:14→1, s3:14→1, s3:14→1, s3:14→1, s3:14→1}"
12	14	21	157	1	1	1	0	0	0	0	0	"s1:12→1 / s2:12→1 / s3:6→1, 12→1"	"s3:2→1"
12	14	21	158	1	1	1	0	0	0	0	0	"{s1:12→1 / s2:12→1 / s3:6→1, s1:12→1 / s2:1→1 / s3:1→1, 6→1, s1:12→1 / s2:1→1 / s3:1→2, 5→1, 6→1, s1:1→1 / s2:12→1 / s3:1→1, 6→1}"	"{s3:14→1, s3:14→1, s3:14→1, s3:14→1}"
12	14	22	107	1	1	0	0	1	0	0	0	"s1:12→1 / s2:1→3"	"s3:2→1"
12	14	22	108	1	1	0	0	1	0	0	0	"{s1:12→1 / s2:1→1 / s3:12→1, s1:12→1 / s2:1→1 / s3:1→4, s1:12→1 / s2:1→1 / s3:1→5, s1:12→1 / s2:1→2 / s3:6→1}"	"{s3:14→1, s3:14→1, s3:14→1, s3:14→1}"
12	14	22	134	1	1	0	1	0	0	0	0	"s1:12→1 / s2:1→1 / s3:1→1, 12→3"	"s3:14→1"
12	14	22	157	1	1	1	0	0	0	0	0	"{s1:1→1 / s2:12→1, s1:1→1 / s2:12→1 / s3:12→4}"	"{s3:2→1, s3:2→1}"
12	14	22	158	1	1	1	0	0	0	0	0	"{s1:12→1 / s2:1→1 / s3:1→1, 12→3, s1:1→1 / s2:12→1 / s3:1→1, 5→1, 6→1}"	"{s3:14→1, s3:14→1}"
12	14	23	127	0	2	0	1	0	0	0	0	"s1:1→1 / s2:12→1 / s3:12→2"	""
12	14	23	133	1	1	0	1	0	0	0	0	"{s1:12→1 / s2:1→1 / s3:1→3, s1:12→1 / s2:1→2 / s3:1→1, 6→1}"	"{s3:2→1, s3:2→1}"
12	14	23	134	1	1	0	1	0	0	0	0	"{s1:1→1 / s2:12→2 / s3:5→1, 6→1, 12→3, s1:1→1 / s2:12→2 / s3:6→1, 12→1}"	"{s3:14→1, s3:14→1}"
12	14	23	137	1	0	2	0	0	0	0	0	"s1:12→1 / s2:1→1 / s3:12→4"	"s3:2→1"
12	14	23	157	1	1	1	0	0	0	0	0	"s1:12→1 / s2:1→1 / s3:1→1, 12→4"	"s3:2→1"
12	14	24	127	0	2	0	1	0	0	0	0	"s1:12→1 / s2:1→1 / s3:1→2"	""
12	14	24	133	1	1	0	1	0	0	0	0	"s1:12→1 / s2:1→1 / s3:1→4"	"s3:2→1"
12	14	24	157	1	1	1	0	0	0	0	0	"s1:12→1 / s2:1→1 / s3:1→3, 5→1, 6→1"	"s3:2→1"
12	14	26	133	1	1	0	1	0	0	0	0	"s1:12→1 / s2:1→1 / s3:1→5"	"s3:2→1"
12	14	27	134	1	1	0	1	0	0	0	0	"s1:1→1 / s2:12→2 / s3:12→1"	"s3:14→1"
12	14	28	127	0	2	0	1	0	0	0	0	"s1:1→1 / s2:12→2 / s3:12→2"	""
12	14	28	133	1	1	0	1	0	0	0	0	"s1:12→1 / s2:1→1 / s3:12→2"	"s3:2→1"
12	14	28	134	1	1	0	1	0	0	0	0	"{s1:12→1 / s2:1→1 / s3:6→1, 12→2, s1:1→1 / s2:12→1 / s3:12→2}"	"{s3:14→1, s3:14→1}"
12	14	28	157	1	1	1	0	0	0	0	0	"s1:12→1 / s2:1→1 / s3:1→2, 6→1"	"s3:2→1"
12	14	28	158	1	1	1	0	0	0	0	0	"s1:1→1 / s2:12→1 / s3:6→1, 12→3"	"s3:14→1"
12	14	29	127	0	2	0	1	0	0	0	0	"s1:1→1 / s2:12→1 / s3:12→3"	""
12	14	29	134	1	1	0	1	0	0	0	0	"s1:12→1 / s2:1→1 / s3:1→2"	"s3:14→1"
12	14	29	157	1	1	1	0	0	0	0	0	"s1:1→1 / s2:12→1 / s3:12→5"	"s3:2→1"
12	14	29	158	1	1	1	0	0	0	0	0	"s1:12→1 / s2:1→1 / s3:1→3, 5→1, 6→1"	"s3:14→1"
12	14	30	133	1	1	0	1	0	0	0	0	"s1:12→1 / s2:1→1 / s3:6→1, 12→3"	"s3:2→1"
12	14	30	134	1	1	0	1	0	0	0	0	"s1:12→1 / s2:1→1 / s3:5→1, 6→1, 12→3"	"s3:14→1"
12	14	30	137	1	0	2	0	0	0	0	0	"s1:12→1 / s2:1→1 / s3:12→5"	"s3:2→1"
12	14	33	134	1	1	0	1	0	0	0	0	"{s1:1→1 / s2:12→2 / s3:12→2, s1:1→1 / s2:12→3 / s3:12→1}"	"{s3:14→1, s3:14→1}"
12	14	35	127	0	2	0	1	0	0	0	0	"s1:1→1 / s2:12→1 / s3:12→4"	""
12	14	35	134	1	1	0	1	0	0	0	0	"s1:1→1 / s2:12→1 / s3:12→3"	"s3:14→1"
12	14	38	134	1	1	0	1	0	0	0	0	"{s1:12→1 / s2:1→1 / s3:1→3, s1:1→1 / s2:12→2 / s3:12→3}"	"{s3:14→1, s3:14→1}"
12	14	39	127	0	2	0	1	0	0	0	0	"s1:1→1 / s2:12→1 / s3:12→5"	""
12	14	39	134	1	1	0	1	0	0	0	0	"s1:1→1 / s2:12→1 / s3:12→4"	"s3:14→1"
12	14	41	134	1	1	0	1	0	0	0	0	"s1:1→1 / s2:12→2 / s3:12→4"	"s3:14→1"
12	14	42	134	1	1	0	1	0	0	0	0	"s1:1→1 / s2:12→1 / s3:12→5"	"s3:14→1"
12	14	43	134	1	1	0	1	0	0	0	0	"s1:1→1 / s2:12→2 / s3:12→5"	"s3:14→1"
12	14	45	134	1	1	0	1	0	0	0	0	"s1:12→1 / s2:1→1 / s3:1→4"	"s3:14→1"
12	14	49	134	1	1	0	1	0	0	0	0	"s1:12→1 / s2:1→1 / s3:1→5"	"s3:14→1"
12	14	61	133	1	1	0	1	0	0	0	0	"s1:12→1 / s2:1→3"	"s3:2→1"
12	14	62	134	1	1	0	1	0	0	0	0	"s1:12→1 / s2:1→2 / s3:6→1"	"s3:14→1"
12	17	17	126	1	2	0	0	0	0	0	0	"s1:12→1"	"s2:4→1 / s3:1→1"
12	17	17	134	2	1	0	0	0	0	0	0	"s1:12→1 / s2:5→1"	"s2:13→1 / s3:1→1"
12	22	15	182	2	1	0	0	0	0	0	0	"{s1:1→1, 10→1 / s2:1→1, 6→1 / s3:1→2, 10→1, s1:1→1, 10→1 / s2:1→1 / s3:1→1, 6→1, 10→1, s1:1→1, 10→1 / s2:6→1 / s3:1→1, s1:1→1, 10→1 / s2:6→1 / s3:1→2, 10→1, s1:1→1 / s2:10→1 / s3:1→1, 6→1, 10→1, s1:1→1 / s2:10→1 / s3:1→2, 6→1, 10→2, s1:1→1 / s2:10→1 / s3:6→1, s1:1→1 / s2:1→1, 10→2 / s3:1→1, 6→1, 10→1, s1:1→1 / s2:1→1, 10→2 / s3:1→2, 6→1, 10→2, s1:1→1 / s2:1→1, 6→1, 10→1 / s3:1→2, 10→3, s1:1→1 / s2:1→1, 6→1, 10→2 / s3:1→2, 10→3, s1:1→1 / s2:1→2, 10→3 / s3:1→2, 6→1, 10→2, s1:1→1 / s2:6→1 / s3:1→1, 10→2, s1:1→1 / s2:6→1 / s3:1→2, 10→3, s1:1→2, 10→1 / s2:10→1 / s3:6→1}"	"{s2:13→1 / s3:13→1, s2:13→1 / s3:13→1, s2:13→1 / s3:13→1, s2:13→1 / s3:13→1, s2:13→1 / s3:13→1, s2:13→1 / s3:13→1, s2:13→1 / s3:13→1, s2:13→1 / s3:13→1, s2:13→1 / s3:13→1, s2:13→1 / s3:13→1, s2:13→1 / s3:13→1, s2:13→1 / s3:13→1, s2:13→1 / s3:13→1, s2:13→1 / s3:13→1, s2:13→1 / s3:13→1}"
12	22	16	156	1	1	1	0	0	0	0	0	"s1:1→1, 10→1 / s2:1→1 / s3:6→1"	"s3:14→1"
12	22	16	169	0	3	0	0	0	0	0	0	"s1:1→1 / s2:1→1, 10→1 / s3:1→1, 10→1"	""
12	22	16	176	1	2	0	0	0	0	0	0	"{s1:1→1 / s2:1→1, 10→1 / s3:10→1, s1:1→1 / s2:1→1, 10→1 / s3:1→1, 10→1, s1:1→1 / s2:1→1, 10→1 / s3:1→1, 10→1, s1:1→1 / s2:1→1, 10→1 / s3:1→1, 10→2, s1:1→1 / s2:1→1, 10→1 / s3:1→1, 10→2, s1:1→1 / s2:1→1, 10→1 / s3:1→1, 6→1, s1:1→1 / s2:1→1, 10→1 / s3:1→1, 6→1, 10→1, s1:1→1 / s2:1→1, 10→1 / s3:1→1, 6→1, 10→1, s1:1→1 / s2:1→1, 10→1 / s3:1→1, 6→1, 10→2, s1:1→1 / s2:1→1, 10→1 / s3:1→1, 6→1, 10→2, s1:1→1 / s2:1→1, 10→1 / s3:1→2, 10→1, s1:1→1 / s2:1→1, 10→1 / s3:1→2, 10→1, s1:1→1 / s2:1→1, 10→1 / s3:1→2, 10→2, s1:1→1 / s2:1→1, 10→1 / s3:1→2, 10→2, s1:1→1 / s2:1→1, 10→1 / s3:1→2, 10→3, s1:1→1 / s2:1→1, 10→1 / s3:1→2, 6→1, 10→1, s1:1→1 / s2:1→1, 10→1 / s3:1→2, 6→1, 10→1, s1:1→1 / s2:1→1, 10→1 / s3:1→2, 6→1, 10→2, s1:1→1 / s2:1→1, 10→1 / s3:1→2, 6→1, 10→2, s1:1→1 / s2:1→1, 10→1 / s3:1→3, 10→2, s1:1→1 / s2:1→1, 10→1 / s3:1→3, 10→2, s1:1→1 / s2:1→1, 10→1 / s3:1→3, 6→1, 10→1, s1:1→1 / s2:1→1, 10→1 / s3:6→1, s1:1→1 / s2:1→1, 10→1 / s3:6→1, s1:1→1 / s2:1→1, 10→2 / s3:10→1, s1:1→1 / s2:1→1, 10→2 / s3:6→1, 10→1, s1:1→1 / s2:1→2, 10→2 / s3:10→1, s1:1→1 / s2:1→2, 10→2 / s3:1→1, 10→1, s1:1→1 / s2:1→2, 10→2 / s3:1→1, 6→1, 10→1, s1:1→1 / s2:1→2, 10→2 / s3:6→1, s1:1→1 / s2:1→3, 10→2 / s3:6→1}"	"{s3:13→1, s3:13→1, s3:14→1, s3:13→1, s3:14→1, s3:14→1, s3:13→1, s3:14→1, s3:13→1, s3:14→1, s3:13→1, s3:14→1, s3:13→1, s3:14→1, s3:13→1, s3:13→1, s3:14→1, s3:13→1, s3:14→1, s3:13→1, s3:14→1, s3:14→1, s3:13→1, s3:14→1, s3:13→1, s3:13→1, s3:13→1, s3:13→1, s3:13→1, s3:13→1, s3:13→1}"
12	22	16	182	2	1	0	0	0	0	0	0	"{s1:1→1, 10→1 / s2:10→1 / s3:6→1, s1:1→1, 10→1 / s2:1→1, 10→1 / s3:1→1, 6→1, s1:1→1, 10→1 / s2:1→1, 6→1 / s3:1→3, 10→1, s1:1→1, 10→1 / s2:1→1 / s3:1→1, s1:1→1, 10→1 / s2:1→1 / s3:1→1, 10→1, s1:1→1, 10→1 / s2:1→1 / s3:1→1, 6→1, s1:1→1, 10→1 / s2:1→1 / s3:1→2, 10→1, s1:1→1, 10→1 / s2:1→1 / s3:1→2, 6→1, 10→1, s1:1→1, 10→1 / s2:1→1 / s3:1→3, 10→1, s1:1→1, 10→1 / s2:1→1 / s3:1→3, 6→1, 10→1, s1:1→1, 10→1 / s2:6→1 / s3:1→1, 10→1, s1:1→1 / s2:10→1 / s3:1→1, 10→2, s1:1→1 / s2:10→1 / s3:1→1, 10→3, s1:1→1 / s2:10→1 / s3:1→1, 6→1, 10→2, s1:1→1 / s2:10→1 / s3:1→1, 6→1, 10→3, s1:1→1 / s2:10→1 / s3:1→2, 10→3, s1:1→1 / s2:1→1, 10→1 / s3:1→1, 10→1, s1:1→1 / s2:1→1, 10→1 / s3:1→1, 10→2, s1:1→1 / s2:1→1, 10→1 / s3:1→1, 6→1, 10→1, s1:1→1 / s2:1→1, 10→1 / s3:1→2, 10→2, s1:1→1 / s2:1→1, 10→1 / s3:1→2, 10→3, s1:1→1 / s2:1→1, 10→1 / s3:1→2, 6→1, 10→1, s1:1→1 / s2:1→1, 10→1 / s3:1→2, 6→1, 10→2, s1:1→1 / s2:1→1, 10→1 / s3:1→3, 10→2, s1:1→1 / s2:1→1, 10→2 / s3:1→1, 10→2, s1:1→1 / s2:1→1, 10→2 / s3:1→1, 10→3, s1:1→1 / s2:1→1, 10→2 / s3:1→1, 6→1, 10→2, s1:1→1 / s2:1→1, 10→2 / s3:1→2, 10→3, s1:1→1 / s2:1→1, 10→3 / s3:1→1, 10→3, s1:1→1 / s2:1→1, 10→3 / s3:1→1, 6→1, 10→3, s1:1→1 / s2:1→1, 6→1, 10→1 / s3:1→2, 10→2, s1:1→1 / s2:1→2, 10→1 / s3:1→3, 6→1, 10→1, s1:1→1 / s2:1→2, 10→2 / s3:1→2, 10→2, s1:1→1 / s2:1→2, 10→2 / s3:1→2, 10→3, s1:1→1 / s2:1→2, 10→2 / s3:1→2, 6→1, 10→2, s1:1→1 / s2:1→2, 10→2 / s3:1→3, 10→2, s1:1→1 / s2:1→2, 10→3 / s3:1→2, 10→3, s1:1→1 / s2:1→2, 6→1, 10→1 / s3:1→3, 10→2, s1:1→1 / s2:6→1, 10→1 / s3:1→1, 10→3, s1:1→1 / s2:6→1 / s3:1→1, 10→1, s1:1→1 / s2:6→1 / s3:1→2, 10→2, s1:1→1 / s2:6→1 / s3:1→3, 10→2, s1:1→2, 10→1 / s2:6→1 / s3:1→1, 10→1}"	"{s2:13→1 / s3:13→1, s2:13→1 / s3:13→1, s2:13→1 / s3:13→1, s2:13→1 / s3:13→1, s2:13→1 / s3:13→1, s2:13→1 / s3:13→1, s2:13→1 / s3:13→1, s2:13→1 / s3:13→1, s2:13→1 / s3:13→1, s2:13→1 / s3:13→1, s2:13→1 / s3:13→1, s2:13→1 / s3:13→1, s2:13→1 / s3:13→1, s2:13→1 / s3:13→1, s2:13→1 / s3:13→1, s2:13→1 / s3:13→1, s2:13→1 / s3:13→1, s2:13→1 / s3:13→1, s2:13→1 / s3:13→1, s2:13→1 / s3:13→1, s2:13→1 / s3:13→1, s2:13→1 / s3:13→1, s2:13→1 / s3:13→1, s2:13→1 / s3:13→1, s2:13→1 / s3:13→1, s2:13→1 / s3:13→1, s2:13→1 / s3:13→1, s2:13→1 / s3:13→1, s2:13→1 / s3:13→1, s2:13→1 / s3:13→1, s2:13→1 / s3:13→1, s2:13→1 / s3:13→1, s2:13→1 / s3:13→1, s2:13→1 / s3:13→1, s2:13→1 / s3:13→1, s2:13→1 / s3:13→1, s2:13→1 / s3:13→1, s2:13→1 / s3:13→1, s2:13→1 / s3:13→1, s2:13→1 / s3:13→1, s2:13→1 / s3:13→1, s2:13→1 / s3:13→1, s2:13→1 / s3:13→1}"
12	22	17	132	1	1	0	1	0	0	0	0	"{s1:1→1 / s2:10→1 / s3:1→1, 10→1, s1:1→1 / s2:10→1 / s3:1→1, 10→2, s1:1→1 / s2:10→1 / s3:1→1, 6→1, 10→1, s1:1→1 / s2:10→1 / s3:1→1, 6→1, 10→2, s1:1→1 / s2:10→1 / s3:1→2, 10→2, s1:1→1 / s2:10→1 / s3:1→2, 6→1, 10→2, s1:1→1 / s2:10→1 / s3:6→1, s1:1→1 / s2:10→1 / s3:6→1, 10→1}"	"{s3:14→1, s3:14→1, s3:14→1, s3:14→1, s3:14→1, s3:14→1, s3:14→1, s3:14→1}"
12	22	17	149	0	2	1	0	0	0	0	0	"s1:1→1 / s2:10→1 / s3:1→1, 10→1"	""
12	22	17	156	1	1	1	0	0	0	0	0	"{s1:1→1 / s2:10→1 / s3:1→1, 10→1, s1:1→1 / s2:10→1 / s3:1→1, 10→2, s1:1→1 / s2:10→1 / s3:1→1, 6→1, 10→1, s1:1→1 / s2:10→1 / s3:1→1, 6→1, 10→2, s1:1→1 / s2:10→1 / s3:1→2, 10→2, s1:1→1 / s2:10→1 / s3:1→2, 6→1, 10→2, s1:1→1 / s2:10→1 / s3:6→1, s1:1→1 / s2:1→1, 10→1 / s3:10→1, s1:1→1 / s2:1→1, 10→1 / s3:6→1}"	"{s3:14→1, s3:14→1, s3:14→1, s3:14→1, s3:14→1, s3:14→1, s3:14→1, s3:14→1, s3:14→1}"
12	22	17	176	1	2	0	0	0	0	0	0	"{s1:1→1 / s2:1→1, 10→1 / s3:1→3, 10→1, s1:1→1 / s2:1→1, 10→1 / s3:1→3, 6→1, 10→1, s1:1→1 / s2:1→2, 10→1 / s3:1→1, 10→1, s1:1→1 / s2:1→2, 10→1 / s3:1→1, 6→1, s1:1→1 / s2:1→2, 10→1 / s3:6→1}"	"{s3:14→1, s3:13→1, s3:13→1, s3:13→1, s3:13→1}"
12	22	18	106	1	1	0	0	1	0	0	0	"{s1:1→1 / s2:10→1 / s3:10→1, s1:1→1 / s2:10→1 / s3:10→2, s1:1→1 / s2:10→1 / s3:1→1, 10→1, s1:1→1 / s2:10→1 / s3:1→1, 10→2, s1:1→1 / s2:10→1 / s3:1→1, 6→1, 10→1, s1:1→1 / s2:10→1 / s3:1→1, 6→1, 10→2, s1:1→1 / s2:10→1 / s3:6→1, s1:1→1 / s2:10→1 / s3:6→1, 10→1, s1:1→1 / s2:10→1 / s3:6→1, 10→2}"	"{s3:14→1, s3:14→1, s3:14→1, s3:14→1, s3:14→1, s3:14→1, s3:14→1, s3:14→1, s3:14→1}"
12	22	18	125	0	2	0	1	0	0	0	0	"s1:1→1 / s2:10→1 / s3:10→1"	""
12	22	18	132	1	1	0	1	0	0	0	0	"{s1:1→1 / s2:10→1 / s3:10→1, s1:1→1 / s2:10→1 / s3:10→2, s1:1→1 / s2:10→1 / s3:6→1, 10→2}"	"{s3:14→1, s3:14→1, s3:14→1}"
12	22	18	156	1	1	1	0	0	0	0	0	"s1:1→1 / s2:10→1 / s3:6→1, 10→1"	"s3:14→1"
12	22	18	176	1	2	0	0	0	0	0	0	"{s1:1→1 / s2:1→1, 10→1 / s3:1→1, s1:1→1 / s2:1→1 / s3:1→2, 10→1, s1:1→1 / s2:1→1 / s3:1→3, 6→1, 10→1, s1:1→1 / s2:1→2, 10→1 / s3:6→1}"	"{s3:14→1, s3:14→1, s3:14→1, s3:14→1}"
12	22	19	72	0	2	0	0	0	1	0	0	"s1:1→1 / s2:10→1 / s3:10→1"	""
12	22	19	79	1	1	0	0	0	1	0	0	"{s1:1→1 / s2:10→1 / s3:10→1, s1:1→1 / s2:10→1 / s3:10→2, s1:1→1 / s2:10→1 / s3:6→1, s1:1→1 / s2:10→1 / s3:6→1, 10→1, s1:1→1 / s2:10→1 / s3:6→1, 10→2}"	"{s3:14→1, s3:14→1, s3:14→1, s3:14→1, s3:14→1}"
12	22	19	99	0	2	0	0	1	0	0	0	"s1:1→1 / s2:10→1 / s3:10→1"	""
12	22	19	149	0	2	1	0	0	0	0	0	"s1:1→1 / s2:10→1 / s3:10→1"	""
12	22	19	156	1	1	1	0	0	0	0	0	"{s1:1→1 / s2:10→1 / s3:10→1, s1:1→1 / s2:10→1 / s3:6→1, 10→2}"	"{s3:14→1, s3:14→1}"
12	22	20	44	0	2	0	0	0	0	1	0	"s1:1→1 / s2:10→1 / s3:10→1"	""
12	22	20	51	1	1	0	0	0	0	1	0	"{s1:1→1 / s2:10→1 / s3:10→1, s1:1→1 / s2:10→1 / s3:10→2, s1:1→1 / s2:10→1 / s3:6→1, s1:1→1 / s2:10→1 / s3:6→1, 10→1, s1:1→1 / s2:10→1 / s3:6→1, 10→2}"	"{s3:14→1, s3:14→1, s3:14→1, s3:14→1, s3:14→1}"
12	22	20	169	0	3	0	0	0	0	0	0	"s1:1→1 / s2:1→1 / s3:1→1"	""
12	22	21	156	1	1	1	0	0	0	0	0	"{s1:1→1 / s2:10→1 / s3:10→2, s1:1→1 / s2:1→1 / s3:6→1}"	"{s3:14→1, s3:14→1}"
12	23	15	184	1	1	1	0	0	0	0	0	"{s1:12→1 / s2:1→1 / s3:1→1, 6→1, 12→1, s1:12→1 / s2:1→1 / s3:6→1}"	"{s3:14→1, s3:14→1}"
12	23	16	160	1	1	0	1	0	0	0	0	"{s1:1→1 / s2:12→1 / s3:1→1, 6→1, 12→1, s1:1→1 / s2:12→1 / s3:1→1, 6→1, 12→2, s1:1→1 / s2:12→1 / s3:6→1}"	"{s3:14→1, s3:14→1, s3:14→1}"
12	23	16	177	0	2	1	0	0	0	0	0	"{s1:12→1 / s2:1→1 / s3:1→1, 12→1, s1:1→1, 12→1 / s2:12→1 / s3:1→1}"	""
12	23	16	184	1	1	1	0	0	0	0	0	"{s1:12→1 / s2:1→1, 12→1 / s3:6→1, s1:12→1 / s2:1→1 / s3:1→1, 12→1, s1:12→1 / s2:1→1 / s3:1→2, 12→2, s1:12→1 / s2:1→1 / s3:1→2, 6→1, 12→1, s1:12→1 / s2:1→1 / s3:1→2, 6→1, 12→2, s1:12→1 / s2:1→1 / s3:1→3, 12→2, s1:12→1 / s2:1→2, 12→1 / s3:1→1, 6→1, s1:12→1 / s2:1→2, 12→1 / s3:6→1, s1:12→1 / s2:1→3, 12→1 / s3:1→1, 6→1, s1:1→1, 12→1 / s2:12→1 / s3:1→1, s1:1→1, 12→1 / s2:12→1 / s3:6→1, s1:1→1, 12→1 / s2:1→1, 12→1 / s3:6→1}"	"{s3:14→1, s3:14→1, s3:14→1, s3:14→1, s3:14→1, s3:14→1, s3:14→1, s3:14→1, s3:14→1, s3:14→1, s3:14→1, s3:14→1}"
12	23	17	134	1	1	0	0	1	0	0	0	"{s1:1→1 / s2:12→1 / s3:1→1, 6→1, 12→1, s1:1→1 / s2:12→1 / s3:1→1, 6→1, 12→2, s1:1→1 / s2:12→1 / s3:1→1, 6→1, 12→3, s1:1→1 / s2:12→1 / s3:6→1, s1:1→1 / s2:12→1 / s3:6→1, 12→1}"	"{s3:14→1, s3:14→1, s3:14→1, s3:14→1, s3:14→1}"
12	23	17	157	0	1	2	0	0	0	0	0	"s1:12→1 / s2:1→1 / s3:1→1, 12→1"	""
12	23	17	160	1	1	0	1	0	0	0	0	"{s1:1→1 / s2:12→1 / s3:1→1, 12→1, s1:1→1 / s2:12→1 / s3:1→1, 12→2, s1:1→1 / s2:12→1 / s3:1→1, 12→3, s1:1→1 / s2:12→1 / s3:1→1, 6→1, 12→3, s1:1→1 / s2:12→1 / s3:1→2, 12→2, s1:1→1 / s2:12→1 / s3:1→2, 12→3, s1:1→1 / s2:12→1 / s3:1→2, 6→1, 12→2, s1:1→1 / s2:12→1 / s3:6→1, 12→1}"	"{s3:14→1, s3:14→1, s3:14→1, s3:14→1, s3:14→1, s3:14→1, s3:14→1, s3:14→1}"
12	23	17	177	0	2	1	0	0	0	0	0	"s1:12→1 / s2:1→1 / s3:1→2, 12→1"	""
12	23	18	107	1	1	0	0	0	1	0	0	"{s1:1→1 / s2:12→1 / s3:6→1, s1:1→1 / s2:12→1 / s3:6→1, 12→1, s1:1→1 / s2:12→1 / s3:6→1, 12→2}"	"{s3:14→1, s3:14→1, s3:14→1}"
12	23	18	127	0	2	0	0	1	0	0	0	"s1:1→1 / s2:12→1 / s3:12→1"	""
12	23	18	134	1	1	0	0	1	0	0	0	"{s1:1→1 / s2:12→1 / s3:1→1, 12→1, s1:1→1 / s2:12→1 / s3:1→1, 12→2, s1:1→1 / s2:12→1 / s3:1→1, 12→3, s1:1→1 / s2:12→1 / s3:1→1, 12→4, s1:1→1 / s2:12→1 / s3:6→1, 12→2}"	"{s3:14→1, s3:14→1, s3:14→1, s3:14→1, s3:14→1}"
12	23	18	160	1	1	0	1	0	0	0	0	"{s1:1→1 / s2:12→1 / s3:1→1, 12→4, s1:1→1 / s2:12→1 / s3:1→2, 6→1, 12→1, s1:1→1 / s2:12→1 / s3:1→3, 12→2}"	"{s3:14→1, s3:14→1, s3:14→1}"
12	23	19	79	1	1	0	0	0	0	1	0	"{s1:1→1 / s2:12→1 / s3:6→1, s1:1→1 / s2:12→1 / s3:6→1, 12→1, s1:1→1 / s2:12→1 / s3:6→1, 12→2, s1:1→1 / s2:12→1 / s3:6→1, 12→3}"	"{s3:14→1, s3:14→1, s3:14→1, s3:14→1}"
12	23	19	100	0	2	0	0	0	1	0	0	"s1:1→1 / s2:12→1 / s3:12→1"	""
12	23	19	107	0	1	1	0	1	0	0	0	"s1:1→1 / s2:12→1 / s3:12→1"	""
12	23	19	107	1	1	0	0	0	1	0	0	"{s1:1→1 / s2:12→1 / s3:12→1, s1:1→1 / s2:12→1 / s3:6→1, 12→3, s1:1→1 / s2:12→1 / s3:6→1, 12→4, s1:1→1 / s2:12→2 / s3:6→1, 12→2}"	"{s3:14→1, s3:14→1, s3:14→1, s3:14→1}"
12	23	19	134	1	1	0	0	1	0	0	0	"{s1:1→1 / s2:12→1 / s3:6→1, 12→3, s1:1→1 / s2:12→1 / s3:6→1, 12→4}"	"{s3:14→1, s3:14→1}"
12	23	20	72	0	2	0	0	0	0	1	0	"s1:1→1 / s2:12→1 / s3:12→1"	""
12	23	20	79	1	1	0	0	0	0	1	0	"{s1:1→1 / s2:12→1 / s3:12→1, s1:1→1 / s2:12→1 / s3:12→2, s1:1→1 / s2:12→1 / s3:6→1, 12→4, s1:1→1 / s2:12→2 / s3:6→1, 12→1, s1:1→1 / s2:12→2 / s3:6→1, 12→2, s1:1→1 / s2:12→2 / s3:6→1, 12→3, s1:1→1 / s2:12→2 / s3:6→1, 12→4}"	"{s3:14→1, s3:14→1, s3:14→1, s3:14→1, s3:14→1, s3:14→1, s3:14→1}"
12	23	20	80	0	1	1	0	0	1	0	0	"s1:1→1 / s2:12→1 / s3:12→1"	""
12	23	20	107	1	1	0	0	0	1	0	0	"{s1:1→1 / s2:12→2 / s3:6→1, 12→1, s1:1→1 / s2:12→2 / s3:6→1, 12→3, s1:1→1 / s2:12→2 / s3:6→1, 12→4}"	"{s3:14→1, s3:14→1, s3:14→1}"
12	23	20	153	0	2	0	1	0	0	0	0	"s1:1→1 / s2:12→1 / s3:12→1"	""
12	23	20	160	1	1	0	1	0	0	0	0	"{s1:1→1 / s2:12→1 / s3:1→2, 12→1, s1:1→1 / s2:12→1 / s3:6→1, 12→2}"	"{s3:14→1, s3:14→1}"
12	23	21	52	0	1	1	0	0	0	1	0	"s1:1→1 / s2:12→1 / s3:12→1"	""
12	23	21	72	0	2	0	0	0	0	1	0	"{s1:1→1 / s2:12→1 / s3:12→2, s1:1→1 / s2:12→1 / s3:12→3, s1:1→1 / s2:12→1 / s3:12→4, s1:1→1 / s2:12→1 / s3:12→5, s1:1→1 / s2:12→2 / s3:12→2}"	""
12	23	21	79	1	1	0	0	0	0	1	0	"{s1:1→1 / s2:12→1 / s3:12→3, s1:1→1 / s2:12→1 / s3:12→4, s1:1→1 / s2:12→1 / s3:12→5, s1:1→1 / s2:12→2 / s3:12→1, s1:1→1 / s2:12→2 / s3:12→2, s1:1→1 / s2:12→2 / s3:12→3, s1:1→1 / s2:12→2 / s3:12→4, s1:1→1 / s2:12→2 / s3:12→5, s1:1→1 / s2:12→3 / s3:12→1}"	"{s3:14→1, s3:14→1, s3:14→1, s3:14→1, s3:14→1, s3:14→1, s3:14→1, s3:14→1, s3:14→1}"
12	23	21	100	0	2	0	0	0	1	0	0	"{s1:1→1 / s2:12→1 / s3:12→2, s1:1→1 / s2:12→1 / s3:12→3, s1:1→1 / s2:12→2 / s3:12→2}"	""
12	23	21	107	1	1	0	0	0	1	0	0	"{s1:1→1 / s2:12→1 / s3:12→2, s1:1→1 / s2:12→1 / s3:12→3, s1:1→1 / s2:12→1 / s3:12→4, s1:1→1 / s2:12→2 / s3:12→1, s1:1→1 / s2:12→2 / s3:12→2, s1:1→1 / s2:12→2 / s3:12→3, s1:1→1 / s2:12→3 / s3:12→1}"	"{s3:14→1, s3:14→1, s3:14→1, s3:14→1, s3:14→1, s3:14→1, s3:14→1}"
12	23	21	133	0	1	1	1	0	0	0	0	"s1:1→1 / s2:12→1 / s3:12→1"	""
12	23	21	134	1	1	0	0	1	0	0	0	"{s1:1→1 / s2:12→1 / s3:12→1, s1:1→1 / s2:12→2 / s3:1→1, 12→4, s1:1→1 / s2:12→2 / s3:6→1, 12→2, s1:1→1 / s2:12→2 / s3:6→1, 12→3, s1:1→1 / s2:12→2 / s3:6→1, 12→4}"	"{s3:14→1, s3:14→1, s3:14→1, s3:14→1, s3:14→1}"
12	23	22	100	0	2	0	0	0	1	0	0	"{s1:1→1 / s2:12→1 / s3:12→4, s1:1→1 / s2:12→1 / s3:12→5}"	""
12	23	22	107	1	1	0	0	0	1	0	0	"{s1:1→1 / s2:12→1 / s3:12→5, s1:1→1 / s2:12→2 / s3:12→4, s1:1→1 / s2:12→2 / s3:12→5}"	"{s3:14→1, s3:14→1, s3:14→1}"
12	23	23	127	0	2	0	0	1	0	0	0	"s1:1→1 / s2:12→1 / s3:12→2"	""
12	23	23	134	1	1	0	0	1	0	0	0	"s1:1→1 / s2:12→2 / s3:6→1, 12→1"	"s3:14→1"
12	23	25	134	1	1	0	0	1	0	0	0	"s1:1→1 / s2:12→2 / s3:1→1, 12→3"	"s3:14→1"
12	23	27	127	0	2	0	0	1	0	0	0	"s1:1→1 / s2:12→2 / s3:12→2"	""
12	23	27	134	1	1	0	0	1	0	0	0	"s1:1→1 / s2:12→2 / s3:12→1"	"s3:14→1"
12	23	28	134	1	1	0	0	1	0	0	0	"s1:1→1 / s2:12→1 / s3:12→2"	"s3:14→1"
12	23	29	127	0	2	0	0	1	0	0	0	"s1:1→1 / s2:12→1 / s3:12→3"	""
12	23	33	134	1	1	0	0	1	0	0	0	"{s1:1→1 / s2:12→2 / s3:12→2, s1:1→1 / s2:12→3 / s3:12→1}"	"{s3:14→1, s3:14→1}"
12	23	34	127	0	2	0	0	1	0	0	0	"s1:1→1 / s2:12→1 / s3:12→4"	""
12	23	34	134	1	1	0	0	1	0	0	0	"s1:1→1 / s2:12→1 / s3:12→3"	"s3:14→1"
12	23	37	134	1	1	0	0	1	0	0	0	"s1:1→1 / s2:12→2 / s3:12→3"	"s3:14→1"
12	23	38	127	0	2	0	0	1	0	0	0	"s1:1→1 / s2:12→1 / s3:12→5"	""
12	23	38	134	1	1	0	0	1	0	0	0	"s1:1→1 / s2:12→1 / s3:1→1, 6→1"	"s3:14→1"
12	23	39	134	1	1	0	0	1	0	0	0	"s1:1→1 / s2:12→1 / s3:12→4"	"s3:14→1"
12	23	41	134	1	1	0	0	1	0	0	0	"{s1:1→1 / s2:12→1 / s3:12→5, s1:1→1 / s2:12→2 / s3:12→4}"	"{s3:14→1, s3:14→1}"
12	23	42	134	1	1	0	0	1	0	0	0	"s1:1→1 / s2:12→2 / s3:12→5"	"s3:14→1"
12	24	15	178	1	2	0	0	0	0	0	0	"s1:12→1 / s2:1→1 / s3:6→1"	"s3:14→1"
12	24	15	184	2	1	0	0	0	0	0	0	"{s1:12→1 / s2:1→1, 6→1 / s3:1→3, 8→1, s1:12→1 / s2:1→1 / s3:1→1, 6→1, s1:12→1 / s2:1→1 / s3:1→3, 6→1, 8→1, s1:1→1, 12→1 / s2:1→1, 6→1 / s3:1→2, 8→1, s1:1→1, 12→1 / s2:1→1, 6→1 / s3:1→3, 8→1, 12→1, s1:1→1, 12→1 / s2:6→1 / s3:1→2, 8→1, s1:1→1, 12→1 / s2:6→1 / s3:1→2, 8→1, 12→1, s1:1→1, 12→1 / s2:6→1 / s3:1→2, 8→1, 12→2, s1:1→1, 12→1 / s2:6→1 / s3:1→3, 8→1, 12→1, s1:1→1 / s2:12→1 / s3:1→2, 8→1, 12→2, s1:1→1 / s2:12→1 / s3:6→1}"	"{s2:13→1 / s3:13→1, s2:13→1 / s3:13→1, s2:13→1 / s3:13→1, s2:13→1 / s3:13→1, s2:13→1 / s3:13→1, s2:13→1 / s3:13→1, s2:13→1 / s3:13→1, s2:13→1 / s3:13→1, s2:13→1 / s3:13→1, s2:13→1 / s3:13→1, s2:13→1 / s3:13→1}"
12	24	16	158	1	1	1	0	0	0	0	0	"{s1:12→1 / s2:1→1 / s3:1→1, 6→1, 12→1, s1:12→1 / s2:1→1 / s3:1→2, 6→1, 8→1, s1:12→1 / s2:1→1 / s3:1→2, 6→1, 8→1, 12→1, s1:12→1 / s2:1→1 / s3:1→2, 8→1, s1:12→1 / s2:1→1 / s3:1→2, 8→1, 12→1, s1:12→1 / s2:1→1 / s3:1→3, 6→1, 8→1, s1:12→1 / s2:1→1 / s3:1→3, 8→1, 12→1, s1:12→1 / s2:1→1 / s3:6→1, s1:1→1 / s2:12→1 / s3:1→1, 6→1, 12→1, s1:1→1 / s2:12→1 / s3:1→1, 6→1, 8→1, s1:1→1 / s2:12→1 / s3:1→1, 6→1, 8→1, 12→1, s1:1→1 / s2:12→1 / s3:1→1, 8→1, s1:1→1 / s2:12→1 / s3:1→1, 8→1, 12→1, s1:1→1 / s2:12→1 / s3:1→2, 6→1, 8→1, 12→1, s1:1→1 / s2:12→1 / s3:1→2, 8→1, 12→1, s1:1→1 / s2:12→1 / s3:1→2, 8→1, 12→2, s1:1→1 / s2:12→1 / s3:6→1}"	"{s3:14→1, s3:14→1, s3:14→1, s3:14→1, s3:14→1, s3:14→1, s3:14→1, s3:14→1, s3:14→1, s3:14→1, s3:14→1, s3:14→1, s3:14→1, s3:14→1, s3:14→1, s3:14→1, s3:14→1}"
12	24	16	171	0	3	0	0	0	0	0	0	"{s1:12→1 / s2:1→1 / s3:1→1, 12→1, s1:12→1 / s2:1→1 / s3:1→2, 12→2, s1:1→1 / s2:1→1, 12→1 / s3:1→1, 12→2}"	""
12	24	16	178	1	2	0	0	0	0	0	0	"{s1:12→1 / s2:1→1, 12→1 / s3:1→1, s1:12→1 / s2:1→1, 12→1 / s3:1→1, s1:12→1 / s2:1→1, 12→1 / s3:1→1, 6→1, s1:12→1 / s2:1→1, 12→1 / s3:1→1, 6→1, s1:12→1 / s2:1→1, 12→1 / s3:1→1, 8→1, s1:12→1 / s2:1→1, 12→1 / s3:1→1, 8→1, s1:12→1 / s2:1→1, 12→1 / s3:1→2, 8→1, s1:12→1 / s2:1→1, 12→1 / s3:1→2, 8→1, s1:12→1 / s2:1→1, 12→1 / s3:6→1, s1:12→1 / s2:1→1, 12→1 / s3:6→1, s1:12→1 / s2:1→1 / s3:1→1, 12→1, s1:12→1 / s2:1→1 / s3:1→1, 12→1, s1:12→1 / s2:1→1 / s3:1→1, 6→1, s1:12→1 / s2:1→1 / s3:1→1, 6→1, 12→1, s1:12→1 / s2:1→1 / s3:1→1, 6→1, 12→1, s1:12→1 / s2:1→1 / s3:1→1, 6→1, 12→2, s1:12→1 / s2:1→1 / s3:1→1, 6→1, 8→1, s1:12→1 / s2:1→1 / s3:1→1, 6→1, 8→1, s1:12→1 / s2:1→1 / s3:1→1, 6→1, 8→1, 12→1, s1:12→1 / s2:1→1 / s3:1→1, 8→1, s1:12→1 / s2:1→1 / s3:1→1, 8→1, s1:12→1 / s2:1→1 / s3:1→1, 8→1, 12→1, s1:12→1 / s2:1→1 / s3:1→2, 12→2, s1:12→1 / s2:1→1 / s3:1→2, 12→2, s1:12→1 / s2:1→1 / s3:1→2, 12→3, s1:12→1 / s2:1→1 / s3:1→2, 6→1, 12→1, s1:12→1 / s2:1→1 / s3:1→2, 6→1, 12→2, s1:12→1 / s2:1→1 / s3:1→2, 6→1, 12→2, s1:12→1 / s2:1→1 / s3:1→2, 6→1, 8→1, s1:12→1 / s2:1→1 / s3:1→2, 6→1, 8→1, s1:12→1 / s2:1→1 / s3:1→2, 6→1, 8→1, 12→1, s1:12→1 / s2:1→1 / s3:1→2, 6→1, 8→1, 12→1, s1:12→1 / s2:1→1 / s3:1→2, 8→1, s1:12→1 / s2:1→1 / s3:1→2, 8→1, s1:12→1 / s2:1→1 / s3:1→2, 8→1, 12→1, s1:12→1 / s2:1→1 / s3:1→2, 8→1, 12→1, s1:12→1 / s2:1→1 / s3:1→2, 8→1, 12→2, s1:12→1 / s2:1→1 / s3:1→2, 8→1, 12→2, s1:12→1 / s2:1→1 / s3:1→3, 12→2, s1:12→1 / s2:1→1 / s3:1→3, 6→1, 8→1, s1:12→1 / s2:1→1 / s3:1→3, 8→1, s1:12→1 / s2:1→1 / s3:1→3, 8→1, 12→1, s1:12→1 / s2:1→1 / s3:1→3, 8→1, 12→1, s1:12→1 / s2:1→2, 12→1 / s3:1→1, s1:12→1 / s2:1→2, 12→1 / s3:1→1, 6→1, s1:12→1 / s2:1→2, 12→1 / s3:1→1, 6→1, s1:12→1 / s2:1→2, 12→1 / s3:1→2, 6→1, s1:12→1 / s2:1→2, 12→1 / s3:1→3, 8→1, s1:12→1 / s2:1→2, 12→1 / s3:1→4, 8→1, s1:12→1 / s2:1→2, 12→1 / s3:1→4, 8→1, s1:12→1 / s2:1→2, 12→1 / s3:6→1, s1:1→1, 12→1 / s2:1→1, 12→1 / s3:1→1, s1:1→1, 12→1 / s2:1→1, 12→1 / s3:1→1, 6→1, s1:1→1, 12→1 / s2:1→1, 12→1 / s3:1→2, 6→1, s1:1→1, 12→1 / s2:1→1, 12→1 / s3:1→3, 8→1, s1:1→1, 12→1 / s2:1→1, 12→1 / s3:1→4, 8→1, s1:1→1, 12→1 / s2:1→1, 12→1 / s3:6→1, s1:1→1, 12→1 / s2:1→2, 12→1 / s3:1→1, 6→1, s1:1→1 / s2:1→1, 12→1 / s3:12→1, s1:1→1 / s2:1→1, 12→1 / s3:12→1, s1:1→1 / s2:1→1, 12→1 / s3:1→1, 12→1, s1:1→1 / s2:1→1, 12→1 / s3:1→1, 12→2, s1:1→1 / s2:1→1, 12→1 / s3:1→1, 12→2, s1:1→1 / s2:1→1, 12→1 / s3:1→1, 12→3, s1:1→1 / s2:1→1, 12→1 / s3:1→1, 6→1, s1:1→1 / s2:1→1, 12→1 / s3:1→1, 6→1, 12→1, s1:1→1 / s2:1→1, 12→1 / s3:1→1, 6→1, 12→1, s1:1→1 / s2:1→1, 12→1 / s3:1→1, 6→1, 12→2, s1:1→1 / s2:1→1, 12→1 / s3:1→1, 6→1, 12→2, s1:1→1 / s2:1→1, 12→1 / s3:1→1, 6→1, 12→3, s1:1→1 / s2:1→1, 12→1 / s3:1→2, 12→2, s1:1→1 / s2:1→1, 12→1 / s3:1→2, 12→3, s1:1→1 / s2:1→1, 12→1 / s3:1→2, 12→3, s1:1→1 / s2:1→1, 12→1 / s3:1→2, 6→1, 12→1, s1:1→1 / s2:1→1, 12→1 / s3:1→2, 6→1, 12→2, s1:1→1 / s2:1→1, 12→1 / s3:1→2, 6→1, 12→2, s1:1→1 / s2:1→1, 12→1 / s3:1→2, 6→1, 8→1, s1:1→1 / s2:1→1, 12→1 / s3:1→2, 6→1, 8→1, s1:1→1 / s2:1→1, 12→1 / s3:1→2, 6→1, 8→1, 12→1, s1:1→1 / s2:1→1, 12→1 / s3:1→2, 6→1, 8→1, 12→1, s1:1→1 / s2:1→1, 12→1 / s3:1→2, 8→1, s1:1→1 / s2:1→1, 12→1 / s3:1→2, 8→1, s1:1→1 / s2:1→1, 12→1 / s3:1→2, 8→1, 12→1, s1:1→1 / s2:1→1, 12→1 / s3:1→2, 8→1, 12→1, s1:1→1 / s2:1→1, 12→1 / s3:1→2, 8→1, 12→2, s1:1→1 / s2:1→1, 12→1 / s3:1→2, 8→1, 12→2, s1:1→1 / s2:1→1, 12→1 / s3:1→3, 6→1, 8→1, s1:1→1 / s2:1→1, 12→1 / s3:1→3, 6→1, 8→1, s1:1→1 / s2:1→1, 12→1 / s3:1→3, 8→1, s1:1→1 / s2:1→1, 12→1 / s3:1→3, 8→1, s1:1→1 / s2:1→1, 12→1 / s3:1→3, 8→1, 12→1, s1:1→1 / s2:1→1, 12→1 / s3:1→3, 8→1, 12→1, s1:1→1 / s2:1→1, 12→1 / s3:6→1, s1:1→1 / s2:1→1, 12→1 / s3:6→1, s1:1→1 / s2:1→1, 12→2 / s3:12→1, s1:1→1 / s2:1→1, 12→2 / s3:1→1, 12→1, s1:1→1 / s2:1→1, 12→2 / s3:1→1, 12→2, s1:1→1 / s2:1→1, 12→2 / s3:1→1, 6→1, 12→1, s1:1→1 / s2:1→1, 12→2 / s3:1→1, 6→1, 12→2, s1:1→1 / s2:1→1, 12→2 / s3:1→1, 6→1, 12→3, s1:1→1 / s2:1→1, 12→2 / s3:1→2, 12→2, s1:1→1 / s2:1→1, 12→2 / s3:1→2, 12→3, s1:1→1 / s2:1→1, 12→2 / s3:1→2, 6→1, 12→2, s1:1→1 / s2:1→1, 12→2 / s3:6→1, s1:1→1 / s2:1→1, 12→2 / s3:6→1, 12→1, s1:1→1 / s2:1→2, 12→2 / s3:12→1, s1:1→1 / s2:1→2, 12→2 / s3:1→1, 12→2, s1:1→1 / s2:1→2, 12→3 / s3:12→1, s1:1→1 / s2:1→2, 12→3 / s3:1→1, 12→1}"	"{s3:13→1, s3:14→1, s3:13→1, s3:14→1, s3:13→1, s3:14→1, s3:13→1, s3:14→1, s3:13→1, s3:14→1, s3:13→1, s3:14→1, s3:13→1, s3:13→1, s3:14→1, s3:14→1, s3:13→1, s3:14→1, s3:14→1, s3:13→1, s3:14→1, s3:14→1, s3:13→1, s3:14→1, s3:14→1, s3:13→1, s3:13→1, s3:14→1, s3:13→1, s3:14→1, s3:13→1, s3:14→1, s3:13→1, s3:14→1, s3:13→1, s3:14→1, s3:13→1, s3:14→1, s3:13→1, s3:13→1, s3:13→1, s3:13→1, s3:14→1, s3:13→1, s3:13→1, s3:14→1, s3:13→1, s3:14→1, s3:13→1, s3:14→1, s3:14→1, s3:14→1, s3:14→1, s3:14→1, s3:14→1, s3:14→1, s3:14→1, s3:13→1, s3:13→1, s3:14→1, s3:14→1, s3:13→1, s3:14→1, s3:13→1, s3:14→1, s3:13→1, s3:14→1, s3:13→1, s3:14→1, s3:13→1, s3:14→1, s3:13→1, s3:14→1, s3:14→1, s3:13→1, s3:14→1, s3:13→1, s3:14→1, s3:13→1, s3:14→1, s3:13→1, s3:14→1, s3:13→1, s3:14→1, s3:13→1, s3:14→1, s3:13→1, s3:14→1, s3:13→1, s3:14→1, s3:13→1, s3:14→1, s3:13→1, s3:14→1, s3:13→1, s3:13→1, s3:13→1, s3:13→1, s3:13→1, s3:13→1, s3:13→1, s3:13→1, s3:13→1, s3:14→1, s3:13→1, s3:13→1, s3:13→1, s3:13→1, s3:13→1}"
12	24	16	184	2	1	0	0	0	0	0	0	"{s1:12→1 / s2:1→1, 6→1 / s3:1→2, 12→1, s1:12→1 / s2:1→1, 6→1 / s3:1→2, 8→1, s1:12→1 / s2:1→1, 6→1 / s3:1→3, 8→1, 12→1, s1:12→1 / s2:1→1, 6→1 / s3:1→4, 8→1, s1:12→1 / s2:1→1 / s3:1→1, s1:12→1 / s2:1→1 / s3:1→1, 12→1, s1:12→1 / s2:1→1 / s3:1→1, 6→1, 12→1, s1:12→1 / s2:1→1 / s3:1→2, 12→1, s1:12→1 / s2:1→1 / s3:1→2, 12→2, s1:12→1 / s2:1→1 / s3:1→2, 6→1, 12→1, s1:12→1 / s2:1→1 / s3:1→2, 6→1, 12→2, s1:12→1 / s2:1→1 / s3:1→2, 6→1, 8→1, s1:12→1 / s2:1→1 / s3:1→2, 8→1, s1:12→1 / s2:1→1 / s3:1→2, 8→1, 12→1, s1:12→1 / s2:1→1 / s3:1→3, 12→2, s1:12→1 / s2:1→1 / s3:1→3, 6→1, 12→1, s1:12→1 / s2:1→1 / s3:1→3, 8→1, s1:12→1 / s2:1→1 / s3:1→3, 8→1, 12→1, s1:12→1 / s2:1→1 / s3:1→4, 8→1, s1:12→1 / s2:1→2, 6→1 / s3:1→3, 12→1, s1:12→1 / s2:6→1 / s3:1→1, 12→1, s1:12→1 / s2:6→1 / s3:1→1, 8→1, s1:12→1 / s2:6→1 / s3:1→2, 8→1, 12→2, s1:1→1, 12→1 / s2:12→1 / s3:6→1, s1:1→1, 12→1 / s2:1→1, 12→1 / s3:1→1, 6→1, s1:1→1, 12→1 / s2:1→1, 6→1 / s3:1→2, 12→1, s1:1→1, 12→1 / s2:1→1, 6→1 / s3:1→3, 8→1, s1:1→1, 12→1 / s2:1→1, 6→1 / s3:1→4, 8→1, s1:1→1, 12→1 / s2:1→1 / s3:1→1, 12→1, s1:1→1, 12→1 / s2:1→1 / s3:1→1, 6→1, s1:1→1, 12→1 / s2:1→1 / s3:1→1, 6→1, 12→1, s1:1→1, 12→1 / s2:1→1 / s3:1→2, 12→1, s1:1→1, 12→1 / s2:1→1 / s3:1→2, 12→2, s1:1→1, 12→1 / s2:1→1 / s3:1→2, 6→1, 12→1, s1:1→1, 12→1 / s2:1→1 / s3:1→2, 6→1, 12→2, s1:1→1, 12→1 / s2:1→1 / s3:1→3, 12→2, s1:1→1, 12→1 / s2:1→1 / s3:1→3, 6→1, 12→1, s1:1→1, 12→1 / s2:1→1 / s3:1→3, 8→1, s1:1→1, 12→1 / s2:1→1 / s3:1→4, 8→1, s1:1→1, 12→1 / s2:1→2, 12→1 / s3:1→2, 6→1, s1:1→1, 12→1 / s2:1→2, 6→1 / s3:1→3, 12→1, s1:1→1, 12→1 / s2:6→1 / s3:1→1, 12→1, s1:1→1, 12→1 / s2:6→1 / s3:1→1, 8→1, s1:1→1, 12→1 / s2:6→1 / s3:1→1, 8→1, 12→1, s1:1→1, 12→1 / s2:6→1 / s3:1→1, 8→1, 12→2, s1:1→1, 12→1 / s2:6→1 / s3:1→3, 8→1, s1:1→1 / s2:12→1 / s3:12→1, s1:1→1 / s2:12→1 / s3:1→1, 12→1, s1:1→1 / s2:12→1 / s3:1→1, 12→2, s1:1→1 / s2:12→1 / s3:1→1, 6→1, 12→1, s1:1→1 / s2:12→1 / s3:1→1, 6→1, 12→2, s1:1→1 / s2:12→1 / s3:1→1, 6→1, 12→3, s1:1→1 / s2:12→1 / s3:1→1, 6→1, 8→1, 12→1, s1:1→1 / s2:12→1 / s3:1→1, 6→1, 8→1, 12→2, s1:1→1 / s2:12→1 / s3:1→1, 8→1, 12→1, s1:1→1 / s2:12→1 / s3:1→1, 8→1, 12→2, s1:1→1 / s2:12→1 / s3:1→1, 8→1, 12→3, s1:1→1 / s2:12→1 / s3:1→2, 12→2, s1:1→1 / s2:12→1 / s3:1→2, 12→3, s1:1→1 / s2:12→1 / s3:1→2, 6→1, 12→2, s1:1→1 / s2:12→1 / s3:1→2, 6→1, 8→1, 12→1, s1:1→1 / s2:12→1 / s3:1→2, 8→1, 12→1, s1:1→1 / s2:12→1 / s3:6→1, 12→1, s1:1→1 / s2:1→1, 12→1 / s3:1→1, 12→2, s1:1→1 / s2:1→1, 12→1 / s3:1→1, 6→1, 12→1, s1:1→1 / s2:1→1, 12→1 / s3:1→2, 12→2, s1:1→1 / s2:1→1, 12→1 / s3:1→2, 12→3, s1:1→1 / s2:1→1, 12→1 / s3:1→2, 6→1, 12→1, s1:1→1 / s2:1→1, 12→1 / s3:1→2, 6→1, 12→2, s1:1→1 / s2:1→1, 12→1 / s3:1→3, 8→1, 12→1, s1:1→1 / s2:1→1, 12→2 / s3:1→1, 12→2, s1:1→1 / s2:1→1, 12→2 / s3:1→1, 12→3, s1:1→1 / s2:1→1, 12→2 / s3:1→1, 6→1, 12→1, s1:1→1 / s2:1→1, 12→2 / s3:1→1, 6→1, 12→2, s1:1→1 / s2:1→1, 12→2 / s3:1→1, 6→1, 12→3, s1:1→1 / s2:1→1, 12→2 / s3:1→2, 12→2, s1:1→1 / s2:1→1, 12→2 / s3:1→2, 12→3, s1:1→1 / s2:1→1, 12→2 / s3:1→2, 6→1, 12→2, s1:1→1 / s2:1→1, 12→3 / s3:1→1, 6→1, 12→3, s1:1→1 / s2:1→1, 6→1, 12→1 / s3:1→2, 8→1, 12→1, s1:1→1 / s2:1→1, 6→1, 12→1 / s3:1→3, 8→1, 12→1, s1:1→1 / s2:1→1, 6→1, 12→2 / s3:1→2, 12→3, s1:1→1 / s2:1→2, 12→2 / s3:1→2, 12→2, s1:1→1 / s2:1→2, 12→2 / s3:1→2, 12→3, s1:1→1 / s2:1→2, 12→2 / s3:1→2, 6→1, 12→1, s1:1→1 / s2:1→2, 12→2 / s3:1→2, 6→1, 12→2, s1:1→1 / s2:1→2, 12→3 / s3:1→2, 12→3, s1:1→1 / s2:1→2, 12→3 / s3:1→2, 6→1, 12→2, s1:1→1 / s2:6→1, 12→1 / s3:1→1, 12→3, s1:1→1 / s2:6→1, 12→1 / s3:1→1, 8→1, 12→2, s1:1→1 / s2:6→1, 12→1 / s3:1→1, 8→1, 12→3, s1:1→1 / s2:6→1 / s3:1→1, 12→1, s1:1→1 / s2:6→1 / s3:1→1, 8→1, s1:1→1 / s2:6→1 / s3:1→1, 8→1, 12→1, s1:1→1 / s2:6→1 / s3:1→2, 8→1, s1:1→1 / s2:6→1 / s3:1→2, 8→1, 12→1, s1:1→1 / s2:6→1 / s3:1→2, 8→1, 12→2, s1:1→1 / s2:6→1 / s3:1→3, 8→1, 12→1, s1:1→2, 12→1 / s2:12→1 / s3:6→1}"	"{s2:13→1 / s3:13→1, s2:13→1 / s3:13→1, s2:13→1 / s3:13→1, s2:13→1 / s3:13→1, s2:13→1 / s3:13→1, s2:13→1 / s3:13→1, s2:13→1 / s3:13→1, s2:13→1 / s3:13→1, s2:13→1 / s3:13→1, s2:13→1 / s3:13→1, s2:13→1 / s3:13→1, s2:13→1 / s3:13→1, s2:13→1 / s3:13→1, s2:13→1 / s3:13→1, s2:13→1 / s3:13→1, s2:13→1 / s3:13→1, s2:13→1 / s3:13→1, s2:13→1 / s3:13→1, s2:13→1 / s3:13→1, s2:13→1 / s3:13→1, s2:13→1 / s3:13→1, s2:13→1 / s3:13→1, s2:13→1 / s3:13→1, s2:13→1 / s3:13→1, s2:13→1 / s3:13→1, s2:13→1 / s3:13→1, s2:13→1 / s3:13→1, s2:13→1 / s3:13→1, s2:13→1 / s3:13→1, s2:13→1 / s3:13→1, s2:13→1 / s3:13→1, s2:13→1 / s3:13→1, s2:13→1 / s3:13→1, s2:13→1 / s3:13→1, s2:13→1 / s3:13→1, s2:13→1 / s3:13→1, s2:13→1 / s3:13→1, s2:13→1 / s3:13→1, s2:13→1 / s3:13→1, s2:13→1 / s3:13→1, s2:13→1 / s3:13→1, s2:13→1 / s3:13→1, s2:13→1 / s3:13→1, s2:13→1 / s3:13→1, s2:13→1 / s3:13→1, s2:13→1 / s3:13→1, s2:13→1 / s3:13→1, s2:13→1 / s3:13→1, s2:13→1 / s3:13→1, s2:13→1 / s3:13→1, s2:13→1 / s3:13→1, s2:13→1 / s3:13→1, s2:13→1 / s3:13→1, s2:13→1 / s3:13→1, s2:13→1 / s3:13→1, s2:13→1 / s3:13→1, s2:13→1 / s3:13→1, s2:13→1 / s3:13→1, s2:13→1 / s3:13→1, s2:13→1 / s3:13→1, s2:13→1 / s3:13→1, s2:13→1 / s3:13→1, s2:13→1 / s3:13→1, s2:13→1 / s3:13→1, s2:13→1 / s3:13→1, s2:13→1 / s3:13→1, s2:13→1 / s3:13→1, s2:13→1 / s3:13→1, s2:13→1 / s3:13→1, s2:13→1 / s3:13→1, s2:13→1 / s3:13→1, s2:13→1 / s3:13→1, s2:13→1 / s3:13→1, s2:13→1 / s3:13→1, s2:13→1 / s3:13→1, s2:13→1 / s3:13→1, s2:13→1 / s3:13→1, s2:13→1 / s3:13→1, s2:13→1 / s3:13→1, s2:13→1 / s3:13→1, s2:13→1 / s3:13→1, s2:13→1 / s3:13→1, s2:13→1 / s3:13→1, s2:13→1 / s3:13→1, s2:13→1 / s3:13→1, s2:13→1 / s3:13→1, s2:13→1 / s3:13→1, s2:13→1 / s3:13→1, s2:13→1 / s3:13→1, s2:13→1 / s3:13→1, s2:13→1 / s3:13→1, s2:13→1 / s3:13→1, s2:13→1 / s3:13→1, s2:13→1 / s3:13→1, s2:13→1 / s3:13→1, s2:13→1 / s3:13→1, s2:13→1 / s3:13→1, s2:13→1 / s3:13→1, s2:13→1 / s3:13→1}"
12	24	17	134	1	1	0	1	0	0	0	0	"{s1:12→1 / s2:1→1 / s3:1→1, 6→1, s1:12→1 / s2:1→1 / s3:1→1, 8→1, s1:12→1 / s2:1→1 / s3:1→2, 6→1, 8→1, s1:12→1 / s2:1→1 / s3:1→2, 8→1, s1:12→1 / s2:1→1 / s3:1→3, 6→1, 8→1, s1:12→1 / s2:1→1 / s3:1→3, 8→1, s1:12→1 / s2:1→1 / s3:1→4, 8→1, s1:12→1 / s2:1→1 / s3:6→1, s1:1→1 / s2:12→1 / s3:1→1, 6→1, 12→1, s1:1→1 / s2:12→1 / s3:1→1, 6→1, 12→2, s1:1→1 / s2:12→1 / s3:1→1, 6→1, 8→1, s1:1→1 / s2:12→1 / s3:1→1, 6→1, 8→1, 12→1, s1:1→1 / s2:12→1 / s3:1→1, 6→1, 8→1, 12→2, s1:1→1 / s2:12→1 / s3:1→1, 8→1, s1:1→1 / s2:12→1 / s3:1→1, 8→1, 12→1, s1:1→1 / s2:12→1 / s3:1→1, 8→1, 12→2, s1:1→1 / s2:12→1 / s3:1→1, 8→1, 12→3, s1:1→1 / s2:12→1 / s3:1→2, 6→1, 12→2, s1:1→1 / s2:12→1 / s3:1→2, 6→1, 8→1, 12→1, s1:1→1 / s2:12→1 / s3:1→2, 8→1, 12→1, s1:1→1 / s2:12→1 / s3:1→2, 8→1, 12→2, s1:1→1 / s2:12→1 / s3:6→1, s1:1→1 / s2:12→1 / s3:6→1, 8→1, s1:1→1 / s2:12→1 / s3:6→1, 8→1, 12→1, s1:1→1 / s2:12→1 / s3:6→1, 8→1, 12→2, s1:1→1 / s2:12→1 / s3:8→1, s1:1→1 / s2:12→1 / s3:8→1, 12→1}"	"{s3:14→1, s3:14→1, s3:14→1, s3:14→1, s3:14→1, s3:14→1, s3:14→1, s3:14→1, s3:14→1, s3:14→1, s3:14→1, s3:14→1, s3:14→1, s3:14→1, s3:14→1, s3:14→1, s3:14→1, s3:14→1, s3:14→1, s3:14→1, s3:14→1, s3:14→1, s3:14→1, s3:14→1, s3:14→1, s3:14→1, s3:14→1}"
12	24	17	151	0	2	1	0	0	0	0	0	"{s1:1→1 / s2:12→1 / s3:1→1, 12→1, s1:1→1 / s2:12→1 / s3:1→1, 12→2}"	""
12	24	17	158	1	1	1	0	0	0	0	0	"{s1:12→1 / s2:1→1 / s3:1→1, 12→1, s1:12→1 / s2:1→1 / s3:1→1, 6→1, s1:12→1 / s2:1→1 / s3:1→1, 6→1, 8→1, s1:12→1 / s2:1→1 / s3:1→1, 6→1, 8→1, 12→1, s1:12→1 / s2:1→1 / s3:1→1, 8→1, s1:12→1 / s2:1→1 / s3:1→1, 8→1, 12→1, s1:12→1 / s2:1→1 / s3:1→2, 12→1, s1:12→1 / s2:1→1 / s3:1→2, 6→1, 12→1, s1:12→1 / s2:1→1 / s3:1→3, 6→1, 12→1, s1:12→1 / s2:1→1 / s3:1→3, 8→1, s1:12→1 / s2:1→1 / s3:1→4, 8→1, s1:1→1, 12→1 / s2:1→1 / s3:12→1, s1:1→1, 12→1 / s2:1→1 / s3:6→1, s1:1→1 / s2:12→1 / s3:1→1, 12→1, s1:1→1 / s2:12→1 / s3:1→1, 12→2, s1:1→1 / s2:12→1 / s3:1→1, 6→1, s1:1→1 / s2:12→1 / s3:1→1, 6→1, 12→2, s1:1→1 / s2:12→1 / s3:1→1, 6→1, 12→3, s1:1→1 / s2:12→1 / s3:1→1, 6→1, 8→1, 12→2, s1:1→1 / s2:12→1 / s3:1→1, 8→1, 12→2, s1:1→1 / s2:12→1 / s3:1→1, 8→1, 12→3, s1:1→1 / s2:12→1 / s3:1→2, 12→2, s1:1→1 / s2:12→1 / s3:1→2, 12→3, s1:1→1 / s2:12→1 / s3:1→2, 6→1, 12→1, s1:1→1 / s2:12→1 / s3:1→2, 6→1, 12→2, s1:1→1 / s2:12→1 / s3:1→2, 6→1, 8→1, s1:1→1 / s2:12→1 / s3:1→2, 8→1, s1:1→1 / s2:12→1 / s3:1→3, 12→2, s1:1→1 / s2:12→1 / s3:1→3, 6→1, 8→1, s1:1→1 / s2:12→1 / s3:1→3, 8→1, s1:1→1 / s2:12→1 / s3:1→3, 8→1, 12→1, s1:1→1 / s2:12→1 / s3:6→1, 8→1, s1:1→1 / s2:12→1 / s3:6→1, 8→1, 12→1, s1:1→1 / s2:12→1 / s3:8→1, s1:1→1 / s2:1→1, 12→1 / s3:12→1, s1:1→1 / s2:1→1, 12→1 / s3:6→1, s1:1→1 / s2:1→1, 12→2 / s3:6→1}"	"{s3:14→1, s3:14→1, s3:14→1, s3:14→1, s3:14→1, s3:14→1, s3:14→1, s3:14→1, s3:14→1, s3:14→1, s3:14→1, s3:14→1, s3:14→1, s3:14→1, s3:14→1, s3:14→1, s3:14→1, s3:14→1, s3:14→1, s3:14→1, s3:14→1, s3:14→1, s3:14→1, s3:14→1, s3:14→1, s3:14→1, s3:14→1, s3:14→1, s3:14→1, s3:14→1, s3:14→1, s3:14→1, s3:14→1, s3:14→1, s3:14→1, s3:14→1, s3:14→1}"
12	24	17	171	0	3	0	0	0	0	0	0	"{s1:12→1 / s2:1→1 / s3:1→3, 12→2, s1:1→1 / s2:1→1, 12→1 / s3:1→1, 12→1}"	""
12	24	17	178	1	2	0	0	0	0	0	0	"{s1:12→1 / s2:1→1 / s3:1→1, 12→2, s1:12→1 / s2:1→1 / s3:1→1, 6→1, 8→1, 12→1, s1:12→1 / s2:1→1 / s3:1→1, 6→1, 8→1, 12→2, s1:12→1 / s2:1→1 / s3:1→1, 8→1, 12→1, s1:12→1 / s2:1→1 / s3:1→1, 8→1, 12→2, s1:12→1 / s2:1→1 / s3:1→2, 12→1, s1:12→1 / s2:1→1 / s3:1→2, 12→3, s1:12→1 / s2:1→1 / s3:1→2, 6→1, 12→1, s1:12→1 / s2:1→1 / s3:1→3, 12→2, s1:12→1 / s2:1→1 / s3:1→3, 6→1, 12→1, s1:12→1 / s2:1→1 / s3:1→3, 6→1, 8→1, s1:1→1, 12→1 / s2:1→2, 12→1 / s3:1→1, s1:1→1 / s2:1→1, 12→1 / s3:1→1, 12→1, s1:1→1 / s2:1→1, 12→1 / s3:1→1, 6→1, s1:1→1 / s2:1→1, 12→1 / s3:1→2, 12→1, s1:1→1 / s2:1→1, 12→1 / s3:1→2, 12→1, s1:1→1 / s2:1→1, 12→1 / s3:1→2, 12→2, s1:1→1 / s2:1→1, 12→1 / s3:1→2, 6→1, s1:1→1 / s2:1→1, 12→1 / s3:1→2, 6→1, 12→1, s1:1→1 / s2:1→1, 12→1 / s3:1→3, 12→1, s1:1→1 / s2:1→1, 12→1 / s3:1→3, 12→2, s1:1→1 / s2:1→1, 12→1 / s3:1→3, 12→2, s1:1→1 / s2:1→1, 12→1 / s3:1→3, 6→1, 12→1, s1:1→1 / s2:1→1, 12→1 / s3:1→3, 6→1, 12→1, s1:1→1 / s2:1→1, 12→1 / s3:1→4, 8→1, s1:1→1 / s2:1→1, 12→1 / s3:1→4, 8→1, s1:1→1 / s2:1→1, 12→2 / s3:1→1, 12→3, s1:1→1 / s2:1→1, 12→2 / s3:1→2, 8→1, 12→2, s1:1→1 / s2:1→2, 12→1 / s3:1→1, 12→1, s1:1→1 / s2:1→2, 12→1 / s3:1→1, 6→1, s1:1→1 / s2:1→2, 12→2 / s3:1→1, 12→1, s1:1→1 / s2:1→2, 12→2 / s3:1→1, 6→1, 12→1}"	"{s3:14→1, s3:13→1, s3:14→1, s3:13→1, s3:14→1, s3:13→1, s3:13→1, s3:14→1, s3:14→1, s3:13→1, s3:14→1, s3:13→1, s3:13→1, s3:13→1, s3:13→1, s3:14→1, s3:13→1, s3:14→1, s3:13→1, s3:14→1, s3:13→1, s3:14→1, s3:13→1, s3:14→1, s3:13→1, s3:14→1, s3:13→1, s3:13→1, s3:13→1, s3:13→1, s3:13→1, s3:13→1}"
12	24	18	108	1	1	0	0	1	0	0	0	"{s1:1→1 / s2:12→1 / s3:1→1, 6→1, 12→1, s1:1→1 / s2:12→1 / s3:1→1, 6→1, 12→2, s1:1→1 / s2:12→1 / s3:1→1, 6→1, 12→3, s1:1→1 / s2:12→1 / s3:1→1, 6→1, 8→1, s1:1→1 / s2:12→1 / s3:1→1, 6→1, 8→1, 12→1, s1:1→1 / s2:12→1 / s3:1→1, 6→1, 8→1, 12→2, s1:1→1 / s2:12→1 / s3:1→1, 8→1, s1:1→1 / s2:12→1 / s3:1→1, 8→1, 12→1, s1:1→1 / s2:12→1 / s3:1→1, 8→1, 12→2, s1:1→1 / s2:12→1 / s3:1→1, 8→1, 12→3, s1:1→1 / s2:12→1 / s3:6→1, s1:1→1 / s2:12→1 / s3:6→1, 12→1, s1:1→1 / s2:12→1 / s3:6→1, 8→1, s1:1→1 / s2:12→1 / s3:6→1, 8→1, 12→1, s1:1→1 / s2:12→1 / s3:6→1, 8→1, 12→2, s1:1→1 / s2:12→1 / s3:6→1, 8→1, 12→3, s1:1→1 / s2:12→1 / s3:8→1, s1:1→1 / s2:12→1 / s3:8→1, 12→1, s1:1→1 / s2:12→1 / s3:8→1, 12→2, s1:1→1 / s2:12→1 / s3:8→1, 12→3, s1:1→1 / s2:12→1 / s3:8→1, 12→4}"	"{s3:14→1, s3:14→1, s3:14→1, s3:14→1, s3:14→1, s3:14→1, s3:14→1, s3:14→1, s3:14→1, s3:14→1, s3:14→1, s3:14→1, s3:14→1, s3:14→1, s3:14→1, s3:14→1, s3:14→1, s3:14→1, s3:14→1, s3:14→1, s3:14→1}"
12	24	18	127	0	2	0	1	0	0	0	0	"{s1:12→1 / s2:1→1 / s3:1→1, s1:1→1 / s2:12→1 / s3:12→1}"	""
12	24	18	134	1	1	0	1	0	0	0	0	"{s1:12→1 / s2:1→1 / s3:1→1, 6→1, 8→1, s1:12→1 / s2:1→1 / s3:1→2, 6→1, s1:1→1 / s2:12→1 / s3:1→1, 12→1, s1:1→1 / s2:12→1 / s3:1→1, 12→2, s1:1→1 / s2:12→1 / s3:1→1, 12→3, s1:1→1 / s2:12→1 / s3:1→1, 12→4, s1:1→1 / s2:12→1 / s3:1→1, 6→1, s1:1→1 / s2:12→1 / s3:1→1, 6→1, 12→3, s1:1→1 / s2:12→1 / s3:1→2, 12→2, s1:1→1 / s2:12→1 / s3:1→2, 12→3, s1:1→1 / s2:12→1 / s3:1→2, 6→1, 12→1, s1:1→1 / s2:12→1 / s3:1→2, 6→1, 8→1, s1:1→1 / s2:12→1 / s3:1→2, 8→1, s1:1→1 / s2:12→1 / s3:1→3, 12→2, s1:1→1 / s2:12→1 / s3:1→3, 6→1, 8→1, s1:1→1 / s2:12→1 / s3:1→3, 8→1, s1:1→1 / s2:12→1 / s3:1→3, 8→1, 12→1, s1:1→1 / s2:12→1 / s3:6→1, 12→1, s1:1→1 / s2:12→1 / s3:6→1, 8→1, 12→3, s1:1→1 / s2:12→1 / s3:8→1, 12→2, s1:1→1 / s2:12→1 / s3:8→1, 12→3, s1:1→1 / s2:12→1 / s3:8→1, 12→4}"	"{s3:14→1, s3:14→1, s3:14→1, s3:14→1, s3:14→1, s3:14→1, s3:14→1, s3:14→1, s3:14→1, s3:14→1, s3:14→1, s3:14→1, s3:14→1, s3:14→1, s3:14→1, s3:14→1, s3:14→1, s3:14→1, s3:14→1, s3:14→1, s3:14→1, s3:14→1}"
12	24	18	158	1	1	1	0	0	0	0	0	"{s1:12→1 / s2:1→1 / s3:1→3, 12→1, s1:1→1 / s2:12→1 / s3:1→1, 12→3, s1:1→1 / s2:12→1 / s3:1→2, 12→1, s1:1→1 / s2:12→1 / s3:1→3, 6→1, 12→1, s1:1→1 / s2:12→1 / s3:6→1, 8→1, 12→2, s1:1→1 / s2:12→1 / s3:8→1, 12→1}"	"{s3:14→1, s3:14→1, s3:14→1, s3:14→1, s3:14→1, s3:14→1}"
12	24	18	171	0	3	0	0	0	0	0	0	"s1:1→1 / s2:1→1 / s3:1→1, 12→1"	""
12	24	19	81	1	1	0	0	0	1	0	0	"{s1:1→1 / s2:12→1 / s3:6→1, s1:1→1 / s2:12→1 / s3:6→1, 12→1, s1:1→1 / s2:12→1 / s3:6→1, 12→2, s1:1→1 / s2:12→1 / s3:6→1, 8→1, s1:1→1 / s2:12→1 / s3:6→1, 8→1, 12→1, s1:1→1 / s2:12→1 / s3:6→1, 8→1, 12→2, s1:1→1 / s2:12→1 / s3:6→1, 8→1, 12→3, s1:1→1 / s2:12→1 / s3:8→1, s1:1→1 / s2:12→1 / s3:8→1, 12→1, s1:1→1 / s2:12→1 / s3:8→1, 12→2, s1:1→1 / s2:12→1 / s3:8→1, 12→3, s1:1→1 / s2:12→1 / s3:8→1, 12→4}"	"{s3:14→1, s3:14→1, s3:14→1, s3:14→1, s3:14→1, s3:14→1, s3:14→1, s3:14→1, s3:14→1, s3:14→1, s3:14→1, s3:14→1}"
12	24	19	101	0	2	0	0	1	0	0	0	"s1:1→1 / s2:12→1 / s3:12→1"	""
12	24	19	107	0	1	1	1	0	0	0	0	"s1:12→1 / s2:1→1 / s3:1→1"	""
12	24	19	108	1	1	0	0	1	0	0	0	"{s1:1→1 / s2:12→1 / s3:12→1, s1:1→1 / s2:12→1 / s3:1→1, 12→1, s1:1→1 / s2:12→1 / s3:1→1, 12→2, s1:1→1 / s2:12→1 / s3:1→1, 12→3, s1:1→1 / s2:12→1 / s3:1→1, 12→4, s1:1→1 / s2:12→1 / s3:1→1, 6→1, s1:1→1 / s2:12→1 / s3:6→1, 12→2, s1:1→1 / s2:12→1 / s3:6→1, 12→3, s1:1→1 / s2:12→1 / s3:6→1, 12→4}"	"{s3:14→1, s3:14→1, s3:14→1, s3:14→1, s3:14→1, s3:14→1, s3:14→1, s3:14→1, s3:14→1}"
12	24	19	134	1	1	0	1	0	0	0	0	"{s1:12→1 / s2:1→1 / s3:1→3, 6→1, s1:12→1 / s2:1→1 / s3:1→4, 6→1, s1:1→1 / s2:12→1 / s3:1→2, 12→1, s1:1→1 / s2:12→1 / s3:1→3, 6→1, 12→1, s1:1→1 / s2:12→1 / s3:6→1, 12→2}"	"{s3:14→1, s3:14→1, s3:14→1, s3:14→1, s3:14→1}"
12	24	19	158	1	1	1	0	0	0	0	0	"{s1:1→1 / s2:12→1 / s3:1→4, 8→1, s1:1→1 / s2:12→1 / s3:6→1, 8→1, 12→3, s1:1→1 / s2:12→1 / s3:8→1, 12→2}"	"{s3:14→1, s3:14→1, s3:14→1}"
12	24	19	171	0	3	0	0	0	0	0	0	"{s1:12→1 / s2:1→1 / s3:1→1, 12→2, s1:12→1 / s2:1→1 / s3:1→2, 12→1}"	""
12	24	20	46	0	2	0	0	0	0	1	0	"s1:1→1 / s2:12→1 / s3:12→1"	""
12	24	20	53	1	1	0	0	0	0	1	0	"{s1:1→1 / s2:12→1 / s3:6→1, s1:1→1 / s2:12→1 / s3:6→1, 12→1, s1:1→1 / s2:12→1 / s3:6→1, 12→2, s1:1→1 / s2:12→1 / s3:6→1, 12→3, s1:1→1 / s2:12→1 / s3:6→1, 12→4, s1:1→1 / s2:12→1 / s3:6→1, 8→1, s1:1→1 / s2:12→1 / s3:6→1, 8→1, 12→1, s1:1→1 / s2:12→1 / s3:6→1, 8→1, 12→2, s1:1→1 / s2:12→1 / s3:6→1, 8→1, 12→3, s1:1→1 / s2:12→1 / s3:8→1, s1:1→1 / s2:12→1 / s3:8→1, 12→1, s1:1→1 / s2:12→1 / s3:8→1, 12→2, s1:1→1 / s2:12→1 / s3:8→1, 12→3, s1:1→1 / s2:12→1 / s3:8→1, 12→4}"	"{s3:14→1, s3:14→1, s3:14→1, s3:14→1, s3:14→1, s3:14→1, s3:14→1, s3:14→1, s3:14→1, s3:14→1, s3:14→1, s3:14→1, s3:14→1, s3:14→1}"
12	24	20	74	0	2	0	0	0	1	0	0	"s1:1→1 / s2:12→1 / s3:12→1"	""
12	24	20	81	1	1	0	0	0	1	0	0	"{s1:1→1 / s2:12→1 / s3:12→1, s1:1→1 / s2:12→1 / s3:6→1, 12→3, s1:1→1 / s2:12→1 / s3:6→1, 12→4}"	"{s3:14→1, s3:14→1, s3:14→1}"
12	24	20	134	1	1	0	1	0	0	0	0	"s1:1→1 / s2:12→1 / s3:6→1, 12→3"	"s3:14→1"
12	24	20	151	0	2	1	0	0	0	0	0	"{s1:12→1 / s2:1→1 / s3:1→1, s1:1→1 / s2:12→1 / s3:12→1}"	""
12	24	20	158	1	1	1	0	0	0	0	0	"{s1:12→1 / s2:1→1 / s3:12→1, s1:12→1 / s2:1→1 / s3:1→2, 6→1, s1:12→1 / s2:1→1 / s3:1→4, 12→1, s1:12→1 / s2:1→1 / s3:8→1, s1:1→1 / s2:12→1 / s3:1→1, s1:1→1 / s2:12→1 / s3:1→1, 12→4}"	"{s3:14→1, s3:14→1, s3:14→1, s3:14→1, s3:14→1, s3:14→1}"
12	24	20	171	0	3	0	0	0	0	0	0	"s1:1→1 / s2:1→1 / s3:1→1"	""
12	24	21	46	0	2	0	0	0	0	1	0	"s1:1→1 / s2:12→1 / s3:12→2"	""
12	24	21	53	1	1	0	0	0	0	1	0	"{s1:1→1 / s2:12→1 / s3:12→1, s1:1→1 / s2:12→1 / s3:12→2, s1:1→1 / s2:12→1 / s3:12→3, s1:1→1 / s2:12→1 / s3:12→4, s1:1→1 / s2:12→1 / s3:12→5, s1:1→1 / s2:12→2 / s3:6→1}"	"{s3:14→1, s3:14→1, s3:14→1, s3:14→1, s3:14→1, s3:14→1}"
12	24	21	74	0	2	0	0	0	1	0	0	"s1:1→1 / s2:12→1 / s3:12→2"	""
12	24	21	81	1	1	0	0	0	1	0	0	"{s1:1→1 / s2:12→1 / s3:12→2, s1:1→1 / s2:12→1 / s3:12→3, s1:1→1 / s2:12→1 / s3:12→4, s1:1→1 / s2:12→1 / s3:12→5, s1:1→1 / s2:12→2 / s3:6→1}"	"{s3:14→1, s3:14→1, s3:14→1, s3:14→1, s3:14→1}"
12	24	21	101	0	2	0	0	1	0	0	0	"s1:1→1 / s2:12→1 / s3:12→2"	""
12	24	21	108	1	1	0	0	1	0	0	0	"{s1:1→1 / s2:12→1 / s3:12→2, s1:1→1 / s2:12→1 / s3:12→3, s1:1→1 / s2:12→1 / s3:12→4}"	"{s3:14→1, s3:14→1, s3:14→1}"
12	24	21	131	0	1	2	0	0	0	0	0	"s1:12→1 / s2:1→1 / s3:1→1"	""
12	24	21	134	1	1	0	1	0	0	0	0	"{s1:12→1 / s2:1→1 / s3:1→1, s1:12→1 / s2:1→1 / s3:8→1, s1:12→1 / s2:1→2 / s3:1→2, 6→1, s1:12→1 / s2:1→2 / s3:1→3, 6→1, s1:12→1 / s2:1→2 / s3:1→4, 6→1, s1:1→1 / s2:12→1 / s3:12→1, s1:1→1 / s2:12→1 / s3:1→1, s1:1→1 / s2:12→1 / s3:6→1, 12→4}"	"{s3:14→1, s3:14→1, s3:14→1, s3:14→1, s3:14→1, s3:14→1, s3:14→1, s3:14→1}"
12	24	21	158	1	1	1	0	0	0	0	0	"{s1:12→1 / s2:1→1 / s3:6→1, 12→1, s1:12→1 / s2:1→1 / s3:6→1, 8→1, s1:1→1 / s2:12→1 / s3:6→1, 12→1, s1:1→1 / s2:12→1 / s3:8→1, 12→3, s1:1→1 / s2:1→1 / s3:6→1}"	"{s3:14→1, s3:14→1, s3:14→1, s3:14→1, s3:14→1}"
12	24	22	108	1	1	0	0	1	0	0	0	"{s1:1→1 / s2:12→1 / s3:12→5, s1:1→1 / s2:12→1 / s3:1→1, s1:1→1 / s2:12→2 / s3:6→1}"	"{s3:14→1, s3:14→1, s3:14→1}"
12	24	22	134	1	1	0	1	0	0	0	0	"{s1:12→1 / s2:1→1 / s3:6→1, 8→1, s1:1→1 / s2:12→1 / s3:1→3, 12→1}"	"{s3:14→1, s3:14→1}"
12	24	22	158	1	1	1	0	0	0	0	0	"s1:1→1 / s2:12→1 / s3:1→3, 12→1"	"s3:14→1"
12	24	23	127	0	2	0	1	0	0	0	0	"s1:12→1 / s2:1→1 / s3:1→2"	""
12	24	23	134	1	1	0	1	0	0	0	0	"s1:12→1 / s2:1→2 / s3:1→1, 6→1"	"s3:14→1"
12	24	24	127	0	2	0	1	0	0	0	0	"s1:1→1 / s2:12→1 / s3:12→2"	""
12	24	24	158	1	1	1	0	0	0	0	0	"s1:1→1 / s2:12→1 / s3:8→1, 12→4"	"s3:14→1"
12	24	26	134	1	1	0	1	0	0	0	0	"s1:12→1 / s2:1→2 / s3:1→1"	"s3:14→1"
12	24	27	127	0	2	0	1	0	0	0	0	"s1:12→1 / s2:1→2 / s3:1→2"	""
12	24	27	134	1	1	0	1	0	0	0	0	"s1:12→1 / s2:1→1 / s3:1→2"	"s3:14→1"
12	24	27	158	1	1	1	0	0	0	0	0	"s1:12→1 / s2:1→1 / s3:1→3, 6→1"	"s3:14→1"
12	24	28	127	0	2	0	1	0	0	0	0	"s1:12→1 / s2:1→1 / s3:1→3"	""
12	24	28	134	1	1	0	1	0	0	0	0	"s1:1→1 / s2:12→1 / s3:1→2, 6→1"	"s3:14→1"
12	24	29	134	1	1	0	1	0	0	0	0	"s1:1→1 / s2:12→1 / s3:12→2"	"s3:14→1"
12	24	31	134	1	1	0	1	0	0	0	0	"s1:12→1 / s2:1→2 / s3:1→2"	"s3:14→1"
12	24	32	134	1	1	0	1	0	0	0	0	"s1:12→1 / s2:1→3 / s3:1→1"	"s3:14→1"
12	24	33	127	0	2	0	1	0	0	0	0	"s1:12→1 / s2:1→1 / s3:1→4"	""
12	24	33	134	1	1	0	1	0	0	0	0	"s1:12→1 / s2:1→1 / s3:1→3"	"s3:14→1"
12	24	35	127	0	2	0	1	0	0	0	0	"s1:12→1 / s2:1→1 / s3:1→5"	""
12	24	35	134	1	1	0	1	0	0	0	0	"s1:12→1 / s2:1→2 / s3:1→3"	"s3:14→1"
12	24	36	134	1	1	0	1	0	0	0	0	"s1:12→1 / s2:1→1 / s3:1→4"	"s3:14→1"
12	24	37	134	1	1	0	1	0	0	0	0	"{s1:12→1 / s2:1→2 / s3:1→4, s1:1→1 / s2:12→1 / s3:12→3}"	"{s3:14→1, s3:14→1}"
12	24	38	134	1	1	0	1	0	0	0	0	"s1:12→1 / s2:1→1 / s3:1→5"	"s3:14→1"
12	24	39	134	1	1	0	1	0	0	0	0	"s1:12→1 / s2:1→2 / s3:1→5"	"s3:14→1"
12	24	43	134	1	1	0	1	0	0	0	0	"s1:1→1 / s2:12→1 / s3:12→4"	"s3:14→1"
12	24	47	134	1	1	0	1	0	0	0	0	"s1:1→1 / s2:12→1 / s3:12→5"	"s3:14→1"
12	24	58	134	1	1	0	1	0	0	0	0	"s1:1→1 / s2:12→2 / s3:6→1"	"s3:14→1"
12	25	15	177	2	1	0	0	0	0	0	0	"s1:1→1 / s3:6→1"	"s2:12→1 / s3:13→1"
12	25	16	156	2	0	1	0	0	0	0	0	"{s1:1→1, s1:1→1 / s2:6→1 / s3:1→1, 11→1, s1:1→1 / s2:6→1 / s3:1→1, 11→1, s1:1→1 / s3:1→1, 6→1, s1:1→1 / s3:1→1, 6→1, 11→1, s1:1→1 / s3:1→1, 6→1, 11→1, s1:1→1 / s3:1→2, 6→1, 11→1, s1:1→1 / s3:1→2, 6→1, 11→1, s1:1→1 / s3:1→2, 6→1, 11→2, s1:1→1 / s3:1→2, 6→1, 11→2}"	"{s2:12→1 / s3:12→1, s2:12→1 / s3:10→1, s2:12→1 / s3:12→1, s2:12→1 / s3:10→1, s2:12→1 / s3:10→1, s2:12→1 / s3:12→1, s2:12→1 / s3:10→1, s2:12→1 / s3:12→1, s2:12→1 / s3:10→1, s2:12→1 / s3:12→1}"
12	25	16	169	1	2	0	0	0	0	0	0	"{s1:1→1 / s2:1→1, 11→1 / s3:1→1, s1:1→1 / s2:1→1, 11→1 / s3:1→1, 6→1, s1:1→1 / s2:1→2, 11→1 / s3:1→1, s1:1→1 / s2:1→2, 11→1 / s3:1→2, s1:1→1 / s2:1→2, 11→1 / s3:1→2, 6→1}"	"{s3:10→1, s3:10→1, s3:10→1, s3:10→1, s3:10→1}"
12	25	16	170	1	2	0	0	0	0	0	0	"{s1:1→1 / s2:1→1, 11→1, s1:1→1 / s2:1→1, 11→1 / s3:1→1, s1:1→1 / s2:1→1, 11→1 / s3:1→1, 11→1, s1:1→1 / s2:1→1, 11→1 / s3:1→1, 6→1, s1:1→1 / s2:1→1, 11→1 / s3:1→1, 6→1, 11→1, s1:1→1 / s2:1→1, 11→1 / s3:1→2, 11→1, s1:1→1 / s2:1→1, 11→1 / s3:1→2, 6→1, 11→1, s1:1→1 / s2:1→1, 11→1 / s3:6→1, s1:1→1 / s2:1→1, 11→1 / s3:6→1, s1:1→1 / s2:1→2, 11→1, s1:1→1 / s2:1→2, 11→1 / s3:1→1, s1:1→1 / s2:1→2, 11→1 / s3:1→1, 11→1, s1:1→1 / s2:1→2, 11→1 / s3:1→1, 6→1, s1:1→1 / s2:1→2, 11→1 / s3:6→1, s1:1→1 / s2:1→3, 11→2 / s3:6→1}"	"{s3:12→1, s3:12→1, s3:13→1, s3:12→1, s3:13→1, s3:13→1, s3:13→1, s3:13→1, s3:14→1, s3:12→1, s3:12→1, s3:13→1, s3:12→1, s3:13→1, s3:13→1}"
12	25	16	176	2	1	0	0	0	0	0	0	"{s1:1→1 / s2:1→1, 11→1 / s3:1→1, s1:1→1 / s2:1→1, 11→1 / s3:1→1, 11→1, s1:1→1 / s2:1→1, 11→1 / s3:1→1, 6→1, s1:1→1 / s2:1→1, 11→1 / s3:1→1, 6→1, 11→1, s1:1→1 / s2:1→1, 11→1 / s3:1→1, 6→1, 11→2, s1:1→1 / s2:1→1, 11→1 / s3:1→2, 11→1, s1:1→1 / s2:1→1, 11→1 / s3:1→2, 11→1, s1:1→1 / s2:1→1, 11→1 / s3:1→2, 11→2, s1:1→1 / s2:1→1, 11→1 / s3:1→2, 6→1, 11→1, s1:1→1 / s2:1→1, 11→1 / s3:1→2, 6→1, 11→1, s1:1→1 / s2:1→1, 11→1 / s3:1→2, 6→1, 11→2, s1:1→1 / s2:1→1, 11→1 / s3:1→3, 11→1, s1:1→1 / s2:1→1, 11→1 / s3:1→3, 11→2, s1:1→1 / s2:1→1, 11→1 / s3:1→3, 11→2, s1:1→1 / s2:1→1, 11→1 / s3:1→3, 6→1, 11→1, s1:1→1 / s2:1→1, 11→2 / s3:1→1, 11→1, s1:1→1 / s2:1→1, 11→2 / s3:1→1, 6→1, 11→1, s1:1→1 / s2:1→1, 11→2 / s3:1→1, 6→1, 11→2, s1:1→1 / s2:1→1, 6→1, 11→1 / s3:1→2, 11→1, s1:1→1 / s2:1→1, 6→1, 11→1 / s3:1→2, 11→2, s1:1→1 / s2:1→1, 6→1, 11→1 / s3:1→3, 11→2, s1:1→1 / s2:1→1, 6→1 / s3:1→2, 11→1, s1:1→1 / s2:1→1, 6→1 / s3:1→2, 11→1, s1:1→1 / s2:1→1, 6→1 / s3:1→3, 11→1, s1:1→1 / s2:1→1, 6→1 / s3:1→3, 11→1, s1:1→1 / s2:1→1 / s3:1→1, s1:1→1 / s2:1→1 / s3:1→1, s1:1→1 / s2:1→1 / s3:1→1, 6→1, s1:1→1 / s2:1→1 / s3:1→1, 6→1, s1:1→1 / s2:1→1 / s3:1→1, 6→1, s1:1→1 / s2:1→1 / s3:1→1, 6→1, 11→1, s1:1→1 / s2:1→1 / s3:1→2, 11→1, s1:1→1 / s2:1→1 / s3:1→2, 11→1, s1:1→1 / s2:1→1 / s3:1→2, 11→1, s1:1→1 / s2:1→1 / s3:1→2, 11→1, s1:1→1 / s2:1→1 / s3:1→2, 11→2, s1:1→1 / s2:1→1 / s3:1→2, 6→1, s1:1→1 / s2:1→1 / s3:1→2, 6→1, 11→1, s1:1→1 / s2:1→1 / s3:1→2, 6→1, 11→1, s1:1→1 / s2:1→1 / s3:1→2, 6→1, 11→1, s1:1→1 / s2:1→1 / s3:1→2, 6→1, 11→2, s1:1→1 / s2:1→1 / s3:1→3, 11→1, s1:1→1 / s2:1→1 / s3:1→3, 11→1, s1:1→1 / s2:1→1 / s3:1→3, 11→1, s1:1→1 / s2:1→1 / s3:1→3, 11→2, s1:1→1 / s2:1→1 / s3:1→3, 11→2, s1:1→1 / s2:1→1 / s3:1→3, 11→2, s1:1→1 / s2:1→1 / s3:1→3, 6→1, 11→1, s1:1→1 / s2:1→1 / s3:1→3, 6→1, 11→1, s1:1→1 / s2:1→1 / s3:1→3, 6→1, 11→1, s1:1→1 / s2:1→1 / s3:1→3, 6→1, 11→1, s1:1→1 / s2:1→1 / s3:1→4, 11→1, s1:1→1 / s2:1→1 / s3:1→4, 11→1, s1:1→1 / s2:1→2, 11→1 / s3:1→2, 11→1, s1:1→1 / s2:1→2, 11→1 / s3:1→2, 6→1, s1:1→1 / s2:1→2, 11→1 / s3:1→2, 6→1, 11→1, s1:1→1 / s2:1→2, 11→1 / s3:1→2, 6→1, 11→2, s1:1→1 / s2:1→2, 11→1 / s3:1→3, 11→1, s1:1→1 / s2:1→2, 11→1 / s3:1→3, 11→2, s1:1→1 / s2:1→2, 11→1 / s3:1→3, 11→2, s1:1→1 / s2:1→2, 11→1 / s3:1→3, 6→1, 11→1, s1:1→1 / s2:1→2, 11→1 / s3:1→4, 11→1, s1:1→1 / s2:1→2, 11→2 / s3:1→2, 11→1, s1:1→1 / s2:1→2, 11→2 / s3:1→2, 11→2, s1:1→1 / s2:1→2, 11→2 / s3:1→2, 6→1, 11→1, s1:1→1 / s2:1→2, 11→2 / s3:1→2, 6→1, 11→2, s1:1→1 / s2:1→2, 11→2 / s3:1→3, 11→2, s1:1→1 / s2:1→2, 6→1, 11→1 / s3:1→3, 11→1, s1:1→1 / s2:1→2, 6→1, 11→1 / s3:1→3, 11→2, s1:1→1 / s2:1→2, 6→1 / s3:1→3, 11→1, s1:1→1 / s2:1→2, 6→1 / s3:1→4, 11→1, s1:1→1 / s2:1→3, 11→2 / s3:1→3, 11→1, s1:1→1 / s2:1→3, 11→2 / s3:1→3, 6→1, 11→1, s1:1→1 / s2:1→3, 6→1, 11→1 / s3:1→4, 11→1, s1:1→1 / s2:6→1 / s3:1→1, s1:1→1 / s2:6→1 / s3:1→1, 11→1, s1:1→1 / s2:6→1 / s3:1→2, 11→1, s1:1→1 / s2:6→1 / s3:1→2, 11→1, s1:1→1 / s2:6→1 / s3:1→2, 11→2, s1:1→1 / s2:6→1 / s3:1→3, 11→1, s1:1→1 / s2:6→1 / s3:1→3, 11→2, s1:1→1 / s2:6→1 / s3:1→3, 11→2, s1:1→1 / s2:6→1 / s3:1→4, 11→1, s1:1→1 / s3:1→1, s1:1→1 / s3:1→1, s1:1→1 / s3:1→1, 6→1, s1:1→1 / s3:1→1, 6→1, s1:1→1 / s3:1→2, 11→1, s1:1→1 / s3:1→2, 11→1, s1:1→1 / s3:1→2, 6→1, s1:1→1 / s3:1→2, 6→1, 11→1, s1:1→1 / s3:1→2, 6→1, 11→1, s1:1→1 / s3:1→2, 6→1, 11→2, s1:1→1 / s3:1→3, 11→1, s1:1→1 / s3:1→3, 11→1, s1:1→1 / s3:1→3, 11→2, s1:1→1 / s3:1→3, 11→2, s1:1→1 / s3:1→3, 6→1, 11→1, s1:1→1 / s3:1→3, 6→1, 11→1, s1:1→1 / s3:1→4, 11→1}"	"{s2:13→1 / s3:10→1, s2:13→1 / s3:13→1, s2:13→1 / s3:10→1, s2:13→1 / s3:13→1, s2:10→1 / s3:13→1, s2:13→1 / s3:10→1, s2:13→1 / s3:13→1, s2:13→1 / s3:13→1, s2:13→1 / s3:10→1, s2:13→1 / s3:13→1, s2:13→1 / s3:13→1, s2:13→1 / s3:10→1, s2:13→1 / s3:10→1, s2:13→1 / s3:13→1, s2:13→1 / s3:10→1, s2:13→1 / s3:10→1, s2:13→1 / s3:10→1, s2:13→1 / s3:13→1, s2:13→1 / s3:10→1, s2:13→1 / s3:13→1, s2:13→1 / s3:10→1, s2:12→1 / s3:10→1, s2:12→1 / s3:12→1, s2:12→1 / s3:10→1, s2:12→1 / s3:12→1, s2:12→1 / s3:10→1, s2:12→1 / s3:12→1, s2:10→1 / s3:12→1, s2:12→1 / s3:10→1, s2:12→1 / s3:12→1, s2:10→1 / s3:13→1, s2:10→1 / s3:12→1, s2:10→1 / s3:13→1, s2:12→1 / s3:10→1, s2:12→1 / s3:12→1, s2:10→1 / s3:13→1, s2:12→1 / s3:10→1, s2:10→1 / s3:12→1, s2:10→1 / s3:13→1, s2:12→1 / s3:12→1, s2:10→1 / s3:13→1, s2:10→1 / s3:12→1, s2:12→1 / s3:10→1, s2:12→1 / s3:12→1, s2:10→1 / s3:12→1, s2:10→1 / s3:13→1, s2:12→1 / s3:12→1, s2:10→1 / s3:12→1, s2:10→1 / s3:13→1, s2:12→1 / s3:10→1, s2:12→1 / s3:12→1, s2:12→1 / s3:10→1, s2:12→1 / s3:12→1, s2:13→1 / s3:13→1, s2:13→1 / s3:10→1, s2:13→1 / s3:13→1, s2:10→1 / s3:13→1, s2:13→1 / s3:10→1, s2:10→1 / s3:13→1, s2:13→1 / s3:13→1, s2:13→1 / s3:13→1, s2:13→1 / s3:10→1, s2:13→1 / s3:10→1, s2:13→1 / s3:13→1, s2:13→1 / s3:10→1, s2:13→1 / s3:13→1, s2:13→1 / s3:13→1, s2:13→1 / s3:10→1, s2:13→1 / s3:13→1, s2:10→1 / s3:12→1, s2:12→1 / s3:12→1, s2:13→1 / s3:10→1, s2:13→1 / s3:10→1, s2:13→1 / s3:10→1, s2:13→1 / s3:10→1, s2:13→1 / s3:13→1, s2:13→1 / s3:10→1, s2:13→1 / s3:13→1, s2:13→1 / s3:13→1, s2:13→1 / s3:10→1, s2:13→1 / s3:10→1, s2:13→1 / s3:13→1, s2:13→1 / s3:10→1, s2:12→1 / s3:10→1, s2:12→1 / s3:12→1, s2:12→1 / s3:10→1, s2:12→1 / s3:12→1, s2:12→1 / s3:10→1, s2:12→1 / s3:12→1, s2:12→1 / s3:10→1, s2:12→1 / s3:10→1, s2:12→1 / s3:12→1, s2:12→1 / s3:12→1, s2:12→1 / s3:10→1, s2:12→1 / s3:12→1, s2:12→1 / s3:10→1, s2:12→1 / s3:12→1, s2:12→1 / s3:10→1, s2:12→1 / s3:12→1, s2:12→1 / s3:10→1}"
12	25	16	177	2	1	0	0	0	0	0	0	"{s1:1→1 / s2:1→1, 11→1 / s3:1→1, 11→1, s1:1→1 / s2:1→1, 11→1 / s3:1→1, 6→1, s1:1→1 / s2:1→1, 11→1 / s3:1→2, 11→1, s1:1→1 / s2:1→1, 11→1 / s3:1→2, 6→1, 11→1, s1:1→1 / s2:1→1, 11→1 / s3:1→3, 11→1, s1:1→1 / s2:1→1, 11→1 / s3:1→3, 6→1, 11→1, s1:1→1 / s2:1→1, 6→1, 11→1 / s3:1→2, 11→1, s1:1→1 / s2:1→1, 6→1 / s3:1→2, 11→1, s1:1→1 / s2:1→1, 6→1 / s3:1→3, 11→2, s1:1→1 / s2:1→1 / s3:1→1, 11→1, s1:1→1 / s2:1→1 / s3:1→2, 11→1, s1:1→1 / s2:1→1 / s3:1→2, 6→1, 11→1, s1:1→1 / s2:1→1 / s3:1→3, 11→2, s1:1→1 / s2:1→1 / s3:1→3, 6→1, 11→1, s1:1→1 / s2:1→2, 11→1 / s3:1→2, 11→1, s1:1→1 / s2:1→2, 11→1 / s3:1→2, 6→1, 11→1, s1:1→1 / s2:1→2, 11→1 / s3:1→3, 11→1, s1:1→1 / s2:1→2, 11→1 / s3:1→3, 6→1, 11→1, s1:1→1 / s2:1→2, 11→1 / s3:1→4, 11→1, s1:1→1 / s2:1→2, 6→1, 11→1 / s3:1→3, 11→1, s1:1→1 / s2:1→3, 11→1 / s3:1→3, 6→1, 11→1, s1:1→1 / s2:6→1 / s3:1→1, s1:1→1 / s2:6→1 / s3:1→2, 11→1, s1:1→1 / s2:6→1 / s3:1→3, 11→1, s1:1→1 / s2:6→1 / s3:1→3, 11→2, s1:1→1 / s3:1→1, 11→1, s1:1→1 / s3:1→1, 6→1, 11→1, s1:1→1 / s3:1→2, 11→1, s1:1→1 / s3:1→2, 11→2, s1:1→1 / s3:1→2, 6→1, 11→1, s1:1→1 / s3:1→2, 6→1, 11→2, s1:1→1 / s3:1→3, 11→2}"	"{s2:13→1 / s3:12→1, s2:13→1 / s3:12→1, s2:13→1 / s3:12→1, s2:13→1 / s3:12→1, s2:13→1 / s3:12→1, s2:13→1 / s3:12→1, s2:13→1 / s3:12→1, s2:12→1 / s3:13→1, s2:12→1 / s3:13→1, s2:12→1 / s3:13→1, s2:12→1 / s3:13→1, s2:12→1 / s3:13→1, s2:12→1 / s3:13→1, s2:12→1 / s3:13→1, s2:13→1 / s3:12→1, s2:12→1 / s3:13→1, s2:13→1 / s3:12→1, s2:13→1 / s3:12→1, s2:13→1 / s3:12→1, s2:13→1 / s3:12→1, s2:12→1 / s3:13→1, s2:13→1 / s3:12→1, s2:13→1 / s3:12→1, s2:13→1 / s3:12→1, s2:13→1 / s3:12→1, s2:12→1 / s3:13→1, s2:12→1 / s3:13→1, s2:12→1 / s3:13→1, s2:12→1 / s3:13→1, s2:12→1 / s3:13→1, s2:12→1 / s3:13→1, s2:12→1 / s3:13→1}"
12	25	17	132	2	0	0	1	0	0	0	0	"{s1:1→1, s1:1→1, s1:1→1 / s2:6→1 / s3:1→1, 11→1, s1:1→1 / s2:6→1 / s3:1→1, 11→1, s1:1→1 / s2:6→1 / s3:1→1, 11→2, s1:1→1 / s2:6→1 / s3:1→1, 11→2, s1:1→1 / s3:1→1, 11→1, s1:1→1 / s3:1→1, 11→1, s1:1→1 / s3:1→1, 11→1, s1:1→1 / s3:1→1, 11→2, s1:1→1 / s3:1→1, 11→2, s1:1→1 / s3:1→1, 11→2, s1:1→1 / s3:1→1, 6→1, s1:1→1 / s3:1→1, 6→1, 11→1, s1:1→1 / s3:1→1, 6→1, 11→1, s1:1→1 / s3:1→1, 6→1, 11→1, s1:1→1 / s3:1→1, 6→1, 11→2, s1:1→1 / s3:1→1, 6→1, 11→2, s1:1→1 / s3:1→1, 6→1, 11→2, s1:1→1 / s3:1→2, 11→1, s1:1→1 / s3:1→2, 11→2, s1:1→1 / s3:1→2, 11→2, s1:1→1 / s3:1→2, 11→2, s1:1→1 / s3:1→2, 6→1, 11→1, s1:1→1 / s3:1→2, 6→1, 11→1, s1:1→1 / s3:1→2, 6→1, 11→2, s1:1→1 / s3:1→2, 6→1, 11→2, s1:1→1 / s3:1→2, 6→1, 11→2, s1:1→1 / s3:1→3, 11→2, s1:1→1 / s3:1→3, 11→2, s1:1→1 / s3:6→1, s1:1→1 / s3:6→1, s1:1→1 / s3:6→1, s1:1→1 / s3:6→1, 11→1, s1:1→1 / s3:6→1, 11→1}"	"{s2:12→1 / s3:10→1, s2:12→1 / s3:12→1, s2:12→1 / s3:10→1, s2:12→1 / s3:12→1, s2:12→1 / s3:10→1, s2:12→1 / s3:12→1, s2:10→1 / s3:12→1, s2:12→1 / s3:10→1, s2:12→1 / s3:12→1, s2:10→1 / s3:12→1, s2:12→1 / s3:10→1, s2:12→1 / s3:12→1, s2:12→1 / s3:10→1, s2:10→1 / s3:12→1, s2:12→1 / s3:10→1, s2:12→1 / s3:12→1, s2:10→1 / s3:12→1, s2:12→1 / s3:10→1, s2:12→1 / s3:12→1, s2:12→1 / s3:10→1, s2:10→1 / s3:12→1, s2:12→1 / s3:10→1, s2:12→1 / s3:12→1, s2:12→1 / s3:10→1, s2:12→1 / s3:12→1, s2:10→1 / s3:12→1, s2:12→1 / s3:10→1, s2:12→1 / s3:12→1, s2:12→1 / s3:10→1, s2:12→1 / s3:12→1, s2:10→1 / s3:12→1, s2:12→1 / s3:10→1, s2:12→1 / s3:12→1, s2:10→1 / s3:12→1, s2:12→1 / s3:10→1}"
12	25	17	149	1	1	1	0	0	0	0	0	"{s1:1→1 / s2:1→1, 11→1, s1:1→1 / s2:1→1, 11→1 / s3:1→1, s1:1→1 / s2:1→1, 11→1 / s3:1→1, 6→1}"	"{s3:10→1, s3:10→1, s3:10→1}"
12	25	17	150	1	1	1	0	0	0	0	0	"{s1:1→1 / s2:1→1, 11→1, s1:1→1 / s2:1→1, 11→1 / s3:1→1, s1:1→1 / s2:1→1, 11→1 / s3:1→1, 6→1, s1:1→1 / s2:1→1, 11→1 / s3:6→1}"	"{s3:12→1, s3:12→1, s3:12→1, s3:14→1}"
12	25	17	156	2	0	1	0	0	0	0	0	"{s1:1→1, s1:1→1 / s2:1→1, 11→1 / s3:1→1, s1:1→1 / s2:1→1, 6→1 / s3:1→2, 11→1, s1:1→1 / s2:1→1, 6→1 / s3:1→2, 11→1, s1:1→1 / s2:1→1, 6→1 / s3:1→3, 11→1, s1:1→1 / s2:1→1, 6→1 / s3:1→3, 11→1, s1:1→1 / s2:1→1 / s3:1→1, s1:1→1 / s2:1→1 / s3:1→1, s1:1→1 / s2:1→1 / s3:1→1, 6→1, s1:1→1 / s2:1→1 / s3:1→1, 6→1, s1:1→1 / s2:1→1 / s3:1→1, 6→1, s1:1→1 / s2:1→1 / s3:1→2, s1:1→1 / s2:1→1 / s3:1→2, 11→1, s1:1→1 / s2:1→1 / s3:1→2, 11→1, s1:1→1 / s2:1→1 / s3:1→2, 11→1, s1:1→1 / s2:1→1 / s3:1→2, 11→2, s1:1→1 / s2:1→1 / s3:1→2, 6→1, s1:1→1 / s2:1→1 / s3:1→2, 6→1, s1:1→1 / s2:1→1 / s3:1→2, 6→1, 11→1, s1:1→1 / s2:1→1 / s3:1→2, 6→1, 11→1, s1:1→1 / s2:1→1 / s3:1→3, 11→1, s1:1→1 / s2:1→1 / s3:1→3, 11→1, s1:1→1 / s2:1→1 / s3:1→3, 11→1, s1:1→1 / s2:1→1 / s3:1→3, 11→2, s1:1→1 / s2:1→1 / s3:1→3, 11→2, s1:1→1 / s2:1→1 / s3:1→3, 11→2, s1:1→1 / s2:1→1 / s3:1→3, 6→1, s1:1→1 / s2:1→1 / s3:1→3, 6→1, 11→1, s1:1→1 / s2:1→1 / s3:1→3, 6→1, 11→1, s1:1→1 / s2:1→1 / s3:1→3, 6→1, 11→1, s1:1→1 / s2:1→1 / s3:1→4, 11→1, s1:1→1 / s2:1→1 / s3:1→4, 11→1, s1:1→1 / s2:1→2 / s3:1→2, 6→1, s1:1→1 / s2:6→1 / s3:1→1, 11→2, s1:1→1 / s2:6→1 / s3:1→1, 11→2, s1:1→1 / s3:1→1, s1:1→1 / s3:1→1, s1:1→1 / s3:1→1, 11→1, s1:1→1 / s3:1→1, 11→1, s1:1→1 / s3:1→1, 11→1, s1:1→1 / s3:1→1, 11→2, s1:1→1 / s3:1→1, 11→2, s1:1→1 / s3:1→1, 11→2, s1:1→1 / s3:1→1, 6→1, s1:1→1 / s3:1→1, 6→1, 11→1, s1:1→1 / s3:1→1, 6→1, 11→2, s1:1→1 / s3:1→1, 6→1, 11→2, s1:1→1 / s3:1→1, 6→1, 11→2, s1:1→1 / s3:1→2, 11→1, s1:1→1 / s3:1→2, 11→1, s1:1→1 / s3:1→2, 11→2, s1:1→1 / s3:1→2, 11→2, s1:1→1 / s3:1→2, 11→2, s1:1→1 / s3:1→2, 6→1, s1:1→1 / s3:1→2, 6→1, 11→2, s1:1→1 / s3:1→3, 11→1, s1:1→1 / s3:1→3, 11→1, s1:1→1 / s3:1→3, 11→2, s1:1→1 / s3:1→3, 11→2, s1:1→1 / s3:1→3, 6→1, 11→1, s1:1→1 / s3:1→3, 6→1, 11→1, s1:1→1 / s3:1→4, 11→1, s1:1→1 / s3:6→1, s1:1→1 / s3:6→1, s1:1→1 / s3:6→1}"	"{s2:12→1 / s3:10→1, s2:12→1 / s3:10→1, s2:12→1 / s3:10→1, s2:12→1 / s3:12→1, s2:12→1 / s3:10→1, s2:12→1 / s3:12→1, s2:12→1 / s3:10→1, s2:12→1 / s3:12→1, s2:10→1 / s3:12→1, s2:12→1 / s3:10→1, s2:12→1 / s3:12→1, s2:12→1 / s3:10→1, s2:10→1 / s3:12→1, s2:12→1 / s3:10→1, s2:12→1 / s3:12→1, s2:10→1 / s3:12→1, s2:12→1 / s3:10→1, s2:12→1 / s3:12→1, s2:10→1 / s3:12→1, s2:12→1 / s3:12→1, s2:10→1 / s3:12→1, s2:12→1 / s3:10→1, s2:12→1 / s3:12→1, s2:10→1 / s3:12→1, s2:12→1 / s3:10→1, s2:12→1 / s3:12→1, s2:12→1 / s3:10→1, s2:10→1 / s3:12→1, s2:12→1 / s3:10→1, s2:12→1 / s3:12→1, s2:12→1 / s3:10→1, s2:12→1 / s3:12→1, s2:10→1 / s3:12→1, s2:12→1 / s3:10→1, s2:12→1 / s3:12→1, s2:12→1 / s3:10→1, s2:12→1 / s3:12→1, s2:10→1 / s3:12→1, s2:12→1 / s3:10→1, s2:12→1 / s3:12→1, s2:10→1 / s3:12→1, s2:12→1 / s3:10→1, s2:12→1 / s3:12→1, s2:12→1 / s3:12→1, s2:10→1 / s3:12→1, s2:10→1 / s3:12→1, s2:12→1 / s3:10→1, s2:12→1 / s3:12→1, s2:12→1 / s3:10→1, s2:12→1 / s3:12→1, s2:10→1 / s3:12→1, s2:12→1 / s3:10→1, s2:12→1 / s3:12→1, s2:12→1 / s3:10→1, s2:10→1 / s3:12→1, s2:12→1 / s3:10→1, s2:12→1 / s3:12→1, s2:12→1 / s3:10→1, s2:12→1 / s3:12→1, s2:12→1 / s3:10→1, s2:12→1 / s3:12→1, s2:12→1 / s3:10→1, s2:10→1 / s3:12→1, s2:12→1 / s3:10→1, s2:12→1 / s3:12→1}"
12	25	17	169	1	2	0	0	0	0	0	0	"s1:1→1 / s2:1→3, 11→1 / s3:1→1"	"s3:10→1"
12	25	17	170	1	2	0	0	0	0	0	0	"{s1:1→1 / s2:1→2, 11→1 / s3:1→2, 6→1, s1:1→1 / s2:1→2, 11→1 / s3:6→1, s1:1→1 / s2:1→3, 11→1 / s3:1→1}"	"{s3:12→1, s3:14→1, s3:12→1}"
12	25	17	176	2	1	0	0	0	0	0	0	"{s1:1→1 / s2:1→1, 11→2 / s3:1→1, 11→2, s1:1→1 / s2:1→1, 6→1 / s3:1→2, s1:1→1 / s2:1→1, 6→1 / s3:1→3, s1:1→1 / s2:1→1, 6→1 / s3:1→4, 11→1, s1:1→1 / s2:1→1, 6→1 / s3:1→4, 11→1, s1:1→1 / s2:1→1 / s3:1→2, s1:1→1 / s2:1→1 / s3:1→2, s1:1→1 / s2:1→1 / s3:1→2, 6→1, s1:1→1 / s2:1→1 / s3:1→3, s1:1→1 / s2:1→1 / s3:1→3, 6→1, s1:1→1 / s2:1→1 / s3:1→3, 6→1, s1:1→1 / s2:1→1 / s3:1→4, 11→1, s1:1→1 / s2:1→1 / s3:1→4, 6→1, s1:1→1 / s2:1→2, 11→1 / s3:1→2, s1:1→1 / s2:1→2, 11→1 / s3:1→3, 11→1, s1:1→1 / s2:1→2 / s3:1→2, 6→1, s1:1→1 / s2:1→2 / s3:1→3, s1:1→1 / s2:1→2 / s3:1→3, 11→1, s1:1→1 / s2:1→2 / s3:1→3, 11→1, s1:1→1 / s2:1→2 / s3:1→3, 6→1, s1:1→1 / s2:1→2 / s3:1→3, 6→1, 11→1, s1:1→1 / s2:1→2 / s3:1→4, 11→1, s1:1→1 / s2:1→2 / s3:1→4, 11→1, s1:1→1 / s2:1→2 / s3:1→4, 6→1, s1:1→1 / s2:1→3, 11→1 / s3:1→3, 6→1, s1:1→1 / s2:1→3, 11→1 / s3:1→4, 11→1, s1:1→1 / s2:1→3 / s3:1→3, 6→1, s1:1→1 / s2:1→3 / s3:1→4, 11→1, s1:1→1 / s2:1→4, 11→1 / s3:1→4, 6→1, s1:1→1 / s2:6→1 / s3:1→2, s1:1→1 / s3:1→1, 11→1, s1:1→1 / s3:1→1, 11→1, s1:1→1 / s3:1→1, 6→1, 11→1, s1:1→1 / s3:1→1, 6→1, 11→1, s1:1→1 / s3:1→2, 11→2, s1:1→1 / s3:1→2, 11→2, s1:1→1 / s3:1→2, 6→1, 11→2, s1:1→1 / s3:1→4, 11→1}"	"{s2:13→1 / s3:13→1, s2:13→1 / s3:10→1, s2:13→1 / s3:10→1, s2:12→1 / s3:10→1, s2:13→1 / s3:13→1, s2:12→1 / s3:10→1, s2:12→1 / s3:12→1, s2:12→1 / s3:12→1, s2:12→1 / s3:10→1, s2:12→1 / s3:10→1, s2:12→1 / s3:12→1, s2:10→1 / s3:12→1, s2:12→1 / s3:10→1, s2:13→1 / s3:10→1, s2:13→1 / s3:13→1, s2:10→1 / s3:12→1, s2:12→1 / s3:10→1, s2:10→1 / s3:12→1, s2:10→1 / s3:13→1, s2:12→1 / s3:12→1, s2:10→1 / s3:13→1, s2:10→1 / s3:12→1, s2:10→1 / s3:13→1, s2:12→1 / s3:10→1, s2:13→1 / s3:10→1, s2:13→1 / s3:10→1, s2:10→1 / s3:12→1, s2:10→1 / s3:13→1, s2:13→1 / s3:10→1, s2:13→1 / s3:10→1, s2:12→1 / s3:10→1, s2:12→1 / s3:12→1, s2:12→1 / s3:10→1, s2:12→1 / s3:12→1, s2:12→1 / s3:10→1, s2:12→1 / s3:12→1, s2:12→1 / s3:10→1, s2:12→1 / s3:12→1}"
12	25	17	177	2	1	0	0	0	0	0	0	"{s1:1→1 / s2:1→1, 6→1 / s3:1→2, s1:1→1 / s2:1→1 / s3:1→1, 6→1, s1:1→1 / s2:1→1 / s3:1→3, 11→1, s1:1→1 / s2:1→1 / s3:1→4, 11→1, s1:1→1 / s2:1→2, 6→1 / s3:1→3, 11→1, s1:1→1 / s2:1→2 / s3:1→4, 11→1, s1:1→1 / s2:1→3, 11→1 / s3:1→4, 11→1, s1:1→1 / s2:1→3, 6→1, 11→1 / s3:1→4, 11→1, s1:1→1 / s2:1→3, 6→1 / s3:1→4, 11→1, s1:1→1 / s3:1→1, 11→2, s1:1→1 / s3:1→1, 6→1, 11→2, s1:1→1 / s3:1→2, 11→3, s1:1→1 / s3:1→3, 6→1, 11→1}"	"{s2:13→1 / s3:12→1, s2:12→1 / s3:13→1, s2:12→1 / s3:13→1, s2:12→1 / s3:13→1, s2:12→1 / s3:13→1, s2:12→1 / s3:13→1, s2:13→1 / s3:12→1, s2:13→1 / s3:12→1, s2:12→1 / s3:13→1, s2:12→1 / s3:13→1, s2:12→1 / s3:13→1, s2:12→1 / s3:13→1, s2:12→1 / s3:13→1}"
12	25	18	99	1	1	0	0	1	0	0	0	"s1:1→1 / s2:11→1 / s3:6→1"	"s3:10→1"
12	25	18	100	1	1	0	0	1	0	0	0	"{s1:1→1 / s2:11→1 / s3:6→1, s1:1→1 / s2:11→1 / s3:6→1}"	"{s3:12→1, s3:14→1}"
12	25	18	106	2	0	0	0	1	0	0	0	"{s1:1→1, s1:1→1, s1:1→1 / s2:11→1, s1:1→1 / s2:11→1 / s3:6→1, s1:1→1 / s2:11→1 / s3:6→1, s1:1→1 / s2:11→2, s1:1→1 / s2:6→1 / s3:1→1, 11→1, s1:1→1 / s2:6→1 / s3:1→1, 11→1, s1:1→1 / s2:6→1 / s3:1→1, 11→2, s1:1→1 / s2:6→1 / s3:1→1, 11→2, s1:1→1 / s3:11→1, s1:1→1 / s3:11→1, s1:1→1 / s3:11→2, s1:1→1 / s3:11→2, s1:1→1 / s3:1→1, 11→1, s1:1→1 / s3:1→1, 11→1, s1:1→1 / s3:1→1, 11→1, s1:1→1 / s3:1→1, 11→2, s1:1→1 / s3:1→1, 11→2, s1:1→1 / s3:1→1, 11→2, s1:1→1 / s3:1→1, 6→1, s1:1→1 / s3:1→1, 6→1, 11→1, s1:1→1 / s3:1→1, 6→1, 11→1, s1:1→1 / s3:1→1, 6→1, 11→1, s1:1→1 / s3:1→1, 6→1, 11→2, s1:1→1 / s3:1→1, 6→1, 11→2, s1:1→1 / s3:1→1, 6→1, 11→2, s1:1→1 / s3:6→1, s1:1→1 / s3:6→1, s1:1→1 / s3:6→1, s1:1→1 / s3:6→1, 11→1, s1:1→1 / s3:6→1, 11→1, s1:1→1 / s3:6→1, 11→1, s1:1→1 / s3:6→1, 11→2, s1:1→1 / s3:6→1, 11→2, s1:1→1 / s3:6→1, 11→2}"	"{s2:12→1 / s3:10→1, s2:12→1 / s3:12→1, s2:12→1 / s3:10→1, s2:10→1 / s3:12→1, s2:12→1 / s3:12→1, s2:12→1 / s3:10→1, s2:12→1 / s3:10→1, s2:12→1 / s3:12→1, s2:12→1 / s3:10→1, s2:12→1 / s3:12→1, s2:12→1 / s3:10→1, s2:12→1 / s3:12→1, s2:12→1 / s3:10→1, s2:12→1 / s3:12→1, s2:10→1 / s3:12→1, s2:12→1 / s3:10→1, s2:12→1 / s3:12→1, s2:10→1 / s3:12→1, s2:12→1 / s3:10→1, s2:12→1 / s3:12→1, s2:12→1 / s3:10→1, s2:10→1 / s3:12→1, s2:12→1 / s3:10→1, s2:12→1 / s3:12→1, s2:10→1 / s3:12→1, s2:12→1 / s3:10→1, s2:12→1 / s3:12→1, s2:10→1 / s3:12→1, s2:12→1 / s3:10→1, s2:12→1 / s3:12→1, s2:10→1 / s3:12→1, s2:12→1 / s3:10→1, s2:12→1 / s3:12→1, s2:10→1 / s3:12→1, s2:12→1 / s3:10→1, s2:12→1 / s3:12→1}"
12	25	18	125	1	1	0	1	0	0	0	0	"{s1:1→1 / s2:11→1, s1:1→1 / s2:11→1 / s3:6→1}"	"{s3:10→1, s3:10→1}"
12	25	18	126	1	1	0	1	0	0	0	0	"{s1:1→1 / s2:11→1, s1:1→1 / s2:11→1 / s3:6→1, s1:1→1 / s2:11→1 / s3:6→1}"	"{s3:12→1, s3:12→1, s3:14→1}"
12	25	18	132	2	0	0	1	0	0	0	0	"{s1:1→1 / s2:11→1, s1:1→1 / s2:11→1 / s3:6→1, s1:1→1 / s2:11→1 / s3:6→1, s1:1→1 / s2:11→2, s1:1→1 / s3:11→1, s1:1→1 / s3:11→1, s1:1→1 / s3:11→2, s1:1→1 / s3:11→2, s1:1→1 / s3:1→1, s1:1→1 / s3:1→1, s1:1→1 / s3:1→1, 6→1, s1:1→1 / s3:1→2, 11→1, s1:1→1 / s3:1→2, 6→1, s1:1→1 / s3:1→3, 11→1, s1:1→1 / s3:1→3, 11→1, s1:1→1 / s3:1→3, 6→1, 11→1, s1:1→1 / s3:1→3, 6→1, 11→1, s1:1→1 / s3:6→1, 11→1, s1:1→1 / s3:6→1, 11→2, s1:1→1 / s3:6→1, 11→2, s1:1→1 / s3:6→1, 11→2}"	"{s2:12→1 / s3:10→1, s2:10→1 / s3:12→1, s2:12→1 / s3:12→1, s2:12→1 / s3:10→1, s2:12→1 / s3:10→1, s2:12→1 / s3:12→1, s2:12→1 / s3:10→1, s2:12→1 / s3:12→1, s2:12→1 / s3:10→1, s2:12→1 / s3:12→1, s2:12→1 / s3:12→1, s2:12→1 / s3:12→1, s2:12→1 / s3:10→1, s2:12→1 / s3:10→1, s2:12→1 / s3:12→1, s2:12→1 / s3:10→1, s2:12→1 / s3:12→1, s2:12→1 / s3:12→1, s2:10→1 / s3:12→1, s2:12→1 / s3:10→1, s2:12→1 / s3:12→1}"
12	25	18	149	1	1	1	0	0	0	0	0	"s1:1→1 / s2:11→1 / s3:6→1"	"s3:10→1"
12	25	18	150	1	1	1	0	0	0	0	0	"{s1:1→1 / s2:11→1 / s3:6→1, s1:1→1 / s2:11→1 / s3:6→1}"	"{s3:12→1, s3:14→1}"
12	25	18	156	2	0	1	0	0	0	0	0	"{s1:1→1 / s2:1→1, 6→1 / s3:1→4, 11→1, s1:1→1 / s2:1→1 / s3:1→2, s1:1→1 / s2:1→1 / s3:1→2, 6→1, 11→1, s1:1→1 / s2:1→1 / s3:1→3, s1:1→1 / s2:1→1 / s3:1→3, 6→1, s1:1→1 / s2:1→1 / s3:1→4, 11→1, s1:1→1 / s2:1→1 / s3:1→4, 6→1, s1:1→1 / s2:1→2 / s3:1→2, s1:1→1 / s3:1→4, 11→1, s1:1→1 / s3:6→1, 11→1, s1:1→1 / s3:6→1, 11→1, s1:1→1 / s3:6→1, 11→1, s1:1→1 / s3:6→1, 11→2}"	"{s2:12→1 / s3:10→1, s2:12→1 / s3:12→1, s2:12→1 / s3:10→1, s2:12→1 / s3:10→1, s2:12→1 / s3:12→1, s2:10→1 / s3:12→1, s2:12→1 / s3:10→1, s2:12→1 / s3:12→1, s2:12→1 / s3:12→1, s2:10→1 / s3:12→1, s2:12→1 / s3:10→1, s2:12→1 / s3:12→1, s2:12→1 / s3:10→1}"
12	25	18	169	1	2	0	0	0	0	0	0	"{s1:1→1 / s2:1→1 / s3:1→2, s1:1→1 / s2:1→1 / s3:1→3, 6→1}"	"{s3:10→1, s3:10→1}"
12	25	18	170	1	2	0	0	0	0	0	0	"{s1:1→1 / s2:1→1 / s3:1→1, s1:1→1 / s2:1→1 / s3:1→2, 6→1, s1:1→1 / s2:1→1 / s3:1→3, 11→1, s1:1→1 / s2:1→1 / s3:1→4, 11→1, s1:1→1 / s2:1→3, 11→1, s1:1→1 / s2:1→3, 11→1 / s3:6→1}"	"{s3:12→1, s3:12→1, s3:14→1, s3:12→1, s3:12→1, s3:13→1}"
12	25	18	176	2	1	0	0	0	0	0	0	"{s1:1→1 / s2:1→1, 6→1 / s3:1→2, s1:1→1 / s2:1→1, 6→1 / s3:1→3, 11→1, s1:1→1 / s2:1→1, 6→1 / s3:1→4, s1:1→1 / s2:1→1 / s3:1→2, 6→1, s1:1→1 / s2:1→1 / s3:1→3, 11→1, s1:1→1 / s2:1→1 / s3:1→4, s1:1→1 / s2:1→1 / s3:1→4, 6→1, s1:1→1 / s2:1→2, 11→1 / s3:1→3, 6→1, 11→1, s1:1→1 / s2:1→2, 6→1, 11→1 / s3:1→4, 11→1, s1:1→1 / s2:1→2, 6→1 / s3:1→3, s1:1→1 / s2:1→2, 6→1 / s3:1→4, s1:1→1 / s2:1→2, 6→1 / s3:1→5, s1:1→1 / s2:1→2 / s3:1→2, s1:1→1 / s2:1→2 / s3:1→2, s1:1→1 / s2:1→2 / s3:1→2, 6→1, s1:1→1 / s2:1→2 / s3:1→3, s1:1→1 / s2:1→2 / s3:1→3, 6→1, s1:1→1 / s2:1→2 / s3:1→3, 6→1, s1:1→1 / s2:1→2 / s3:1→4, s1:1→1 / s2:1→2 / s3:1→4, 11→1, s1:1→1 / s2:1→2 / s3:1→4, 6→1, s1:1→1 / s2:1→2 / s3:1→5, s1:1→1 / s2:1→3, 11→1 / s3:1→3, s1:1→1 / s2:1→3, 6→1 / s3:1→4, s1:1→1 / s2:1→3 / s3:1→3, s1:1→1 / s2:1→3 / s3:1→4, s1:1→1 / s2:1→3 / s3:1→4, 6→1, s1:1→1 / s2:1→3 / s3:1→4, 6→1, s1:1→1 / s2:1→3 / s3:1→5, s1:1→1 / s2:1→4, 6→1 / s3:1→5, s1:1→1 / s2:1→4 / s3:1→4, 6→1, s1:1→1 / s2:6→1 / s3:1→3, 11→1, s1:1→1 / s3:1→2, s1:1→1 / s3:1→2, 6→1}"	"{s2:12→1 / s3:10→1, s2:13→1 / s3:13→1, s2:13→1 / s3:10→1, s2:10→1 / s3:12→1, s2:10→1 / s3:13→1, s2:12→1 / s3:10→1, s2:12→1 / s3:12→1, s2:13→1 / s3:10→1, s2:13→1 / s3:10→1, s2:12→1 / s3:10→1, s2:13→1 / s3:10→1, s2:13→1 / s3:10→1, s2:12→1 / s3:10→1, s2:12→1 / s3:12→1, s2:12→1 / s3:12→1, s2:12→1 / s3:12→1, s2:10→1 / s3:12→1, s2:12→1 / s3:10→1, s2:12→1 / s3:10→1, s2:12→1 / s3:12→1, s2:12→1 / s3:12→1, s2:12→1 / s3:10→1, s2:13→1 / s3:10→1, s2:12→1 / s3:10→1, s2:12→1 / s3:12→1, s2:12→1 / s3:10→1, s2:10→1 / s3:12→1, s2:12→1 / s3:12→1, s2:12→1 / s3:10→1, s2:12→1 / s3:10→1, s2:10→1 / s3:12→1, s2:13→1 / s3:13→1, s2:12→1 / s3:10→1, s2:12→1 / s3:12→1}"
12	25	18	177	2	1	0	0	0	0	0	0	"{s1:1→1 / s2:1→2, 11→1 / s3:1→2, 6→1, s1:1→1 / s2:1→2, 6→1 / s3:1→3, s1:1→1 / s2:1→2, 6→1 / s3:1→4, 11→1, s1:1→1 / s2:1→2 / s3:1→2, 6→1, s1:1→1 / s2:1→2 / s3:1→3, 11→1, s1:1→1 / s2:1→3, 11→1 / s3:1→3, 11→1, s1:1→1 / s3:1→3, 11→1}"	"{s2:13→1 / s3:12→1, s2:13→1 / s3:12→1, s2:12→1 / s3:13→1, s2:12→1 / s3:13→1, s2:12→1 / s3:13→1, s2:13→1 / s3:12→1, s2:12→1 / s3:13→1}"
12	25	19	72	1	1	0	0	0	1	0	0	"{s1:1→1 / s2:11→1, s1:1→1 / s2:11→1 / s3:6→1}"	"{s3:10→1, s3:10→1}"
12	25	19	73	1	1	0	0	0	1	0	0	"{s1:1→1 / s2:11→1, s1:1→1 / s2:11→1 / s3:6→1, s1:1→1 / s2:11→1 / s3:6→1}"	"{s3:12→1, s3:12→1, s3:14→1}"
12	25	19	79	2	0	0	0	0	1	0	0	"{s1:1→1, s1:1→1, s1:1→1 / s2:11→1, s1:1→1 / s2:11→1 / s3:6→1, s1:1→1 / s2:11→1 / s3:6→1, s1:1→1 / s2:11→2, s1:1→1 / s2:11→2 / s3:6→1, s1:1→1 / s2:11→2 / s3:6→1, s1:1→1 / s3:11→1, s1:1→1 / s3:11→1, s1:1→1 / s3:11→2, s1:1→1 / s3:11→2, s1:1→1 / s3:6→1, s1:1→1 / s3:6→1, s1:1→1 / s3:6→1, s1:1→1 / s3:6→1, 11→1, s1:1→1 / s3:6→1, 11→1, s1:1→1 / s3:6→1, 11→1, s1:1→1 / s3:6→1, 11→2, s1:1→1 / s3:6→1, 11→2, s1:1→1 / s3:6→1, 11→2}"	"{s2:12→1 / s3:10→1, s2:12→1 / s3:12→1, s2:12→1 / s3:10→1, s2:10→1 / s3:12→1, s2:12→1 / s3:12→1, s2:12→1 / s3:10→1, s2:10→1 / s3:12→1, s2:12→1 / s3:12→1, s2:12→1 / s3:10→1, s2:12→1 / s3:12→1, s2:12→1 / s3:10→1, s2:12→1 / s3:12→1, s2:10→1 / s3:12→1, s2:12→1 / s3:10→1, s2:12→1 / s3:12→1, s2:10→1 / s3:12→1, s2:12→1 / s3:10→1, s2:12→1 / s3:12→1, s2:10→1 / s3:12→1, s2:12→1 / s3:10→1, s2:12→1 / s3:12→1}"
12	25	19	99	1	1	0	0	1	0	0	0	"s1:1→1 / s2:11→1"	"s3:10→1"
12	25	19	100	1	1	0	0	1	0	0	0	"s1:1→1 / s2:11→1"	"s3:12→1"
12	25	19	106	2	0	0	0	1	0	0	0	"{s1:1→1 / s2:11→2 / s3:6→1, s1:1→1 / s2:11→2 / s3:6→1, s1:1→1 / s3:1→1, s1:1→1 / s3:1→1, s1:1→1 / s3:1→1, 6→1}"	"{s2:10→1 / s3:12→1, s2:12→1 / s3:12→1, s2:12→1 / s3:10→1, s2:12→1 / s3:12→1, s2:12→1 / s3:12→1}"
12	25	19	149	1	1	1	0	0	0	0	0	"s1:1→1 / s2:11→1"	"s3:10→1"
12	25	19	150	1	1	1	0	0	0	0	0	"{s1:1→1 / s2:11→1, s1:1→1 / s2:1→1 / s3:1→1}"	"{s3:12→1, s3:12→1}"
12	25	19	156	2	0	1	0	0	0	0	0	"{s1:1→1 / s2:11→1, s1:1→1 / s2:1→1, 6→1 / s3:1→2, s1:1→1 / s2:1→1 / s3:1→2, 6→1, s1:1→1 / s2:1→1 / s3:1→4, s1:1→1 / s2:1→1 / s3:1→4, 6→1, s1:1→1 / s2:1→2 / s3:1→2, s1:1→1 / s2:1→2 / s3:1→2, 6→1, s1:1→1 / s3:11→1, s1:1→1 / s3:1→2, s1:1→1 / s3:1→2, 6→1, s1:1→1 / s3:6→1, 11→2, s1:1→1 / s3:6→1, 11→2}"	"{s2:12→1 / s3:10→1, s2:12→1 / s3:10→1, s2:10→1 / s3:12→1, s2:12→1 / s3:10→1, s2:12→1 / s3:12→1, s2:12→1 / s3:10→1, s2:12→1 / s3:12→1, s2:12→1 / s3:10→1, s2:12→1 / s3:10→1, s2:12→1 / s3:12→1, s2:10→1 / s3:12→1, s2:12→1 / s3:12→1}"
12	25	19	169	1	2	0	0	0	0	0	0	"{s1:1→1 / s2:1→1 / s3:1→2, 6→1, s1:1→1 / s2:1→1 / s3:1→3, s1:1→1 / s2:1→1 / s3:1→4, s1:1→1 / s2:1→1 / s3:1→4, 11→1, s1:1→1 / s2:1→1 / s3:1→4, 6→1, s1:1→1 / s2:1→1 / s3:1→5}"	"{s3:10→1, s3:10→1, s3:10→1, s3:10→1, s3:10→1, s3:10→1}"
12	25	19	170	1	2	0	0	0	0	0	0	"{s1:1→1 / s2:1→1 / s3:1→1, 6→1, s1:1→1 / s2:1→1 / s3:1→2, s1:1→1 / s2:1→1 / s3:1→2, 11→1, s1:1→1 / s2:1→1 / s3:1→2, 6→1, s1:1→1 / s2:1→1 / s3:1→3, s1:1→1 / s2:1→1 / s3:1→3, 11→1, s1:1→1 / s2:1→1 / s3:1→3, 6→1, s1:1→1 / s2:1→1 / s3:1→3, 6→1, s1:1→1 / s2:1→1 / s3:1→3, 6→1, 11→1, s1:1→1 / s2:1→1 / s3:1→4, s1:1→1 / s2:1→1 / s3:1→4, 11→1, s1:1→1 / s2:1→1 / s3:1→4, 6→1}"	"{s3:14→1, s3:12→1, s3:14→1, s3:14→1, s3:12→1, s3:12→1, s3:12→1, s3:14→1, s3:14→1, s3:12→1, s3:14→1, s3:12→1}"
12	25	20	44	1	1	0	0	0	0	1	0	"{s1:1→1 / s2:11→1, s1:1→1 / s2:11→1 / s3:6→1}"	"{s3:10→1, s3:10→1}"
12	25	20	45	1	1	0	0	0	0	1	0	"{s1:1→1 / s2:11→1, s1:1→1 / s2:11→1 / s3:6→1, s1:1→1 / s2:11→1 / s3:6→1}"	"{s3:12→1, s3:12→1, s3:14→1}"
12	25	20	51	2	0	0	0	0	0	1	0	"{s1:1→1, s1:1→1, s1:1→1 / s2:11→1, s1:1→1 / s2:11→1 / s3:6→1, s1:1→1 / s2:11→1 / s3:6→1, s1:1→1 / s2:11→2, s1:1→1 / s2:11→2 / s3:6→1, s1:1→1 / s2:11→2 / s3:6→1, s1:1→1 / s3:11→1, s1:1→1 / s3:11→1, s1:1→1 / s3:11→2, s1:1→1 / s3:11→2, s1:1→1 / s3:6→1, s1:1→1 / s3:6→1, s1:1→1 / s3:6→1, s1:1→1 / s3:6→1, 11→1, s1:1→1 / s3:6→1, 11→1, s1:1→1 / s3:6→1, 11→1, s1:1→1 / s3:6→1, 11→2, s1:1→1 / s3:6→1, 11→2, s1:1→1 / s3:6→1, 11→2}"	"{s2:12→1 / s3:10→1, s2:12→1 / s3:12→1, s2:12→1 / s3:10→1, s2:10→1 / s3:12→1, s2:12→1 / s3:12→1, s2:12→1 / s3:10→1, s2:10→1 / s3:12→1, s2:12→1 / s3:12→1, s2:12→1 / s3:10→1, s2:12→1 / s3:12→1, s2:12→1 / s3:10→1, s2:12→1 / s3:12→1, s2:10→1 / s3:12→1, s2:12→1 / s3:10→1, s2:12→1 / s3:12→1, s2:10→1 / s3:12→1, s2:12→1 / s3:10→1, s2:12→1 / s3:12→1, s2:10→1 / s3:12→1, s2:12→1 / s3:10→1, s2:12→1 / s3:12→1}"
12	25	20	132	2	0	0	1	0	0	0	0	"{s1:1→1 / s2:11→2 / s3:6→1, s1:1→1 / s2:11→2 / s3:6→1, s1:1→1 / s3:1→2, s1:1→1 / s3:1→2, 6→1}"	"{s2:10→1 / s3:12→1, s2:12→1 / s3:12→1, s2:12→1 / s3:10→1, s2:12→1 / s3:12→1}"
12	25	20	156	2	0	1	0	0	0	0	0	"{s1:1→1 / s2:1→1 / s3:1→3, s1:1→1 / s3:11→1, s1:1→1 / s3:11→2, s1:1→1 / s3:1→3, 6→1}"	"{s2:12→1 / s3:12→1, s2:12→1 / s3:12→1, s2:12→1 / s3:10→1, s2:12→1 / s3:10→1}"
12	25	20	163	0	3	0	0	0	0	0	0	"s1:1→1 / s2:1→1 / s3:1→1"	""
12	25	20	170	1	2	0	0	0	0	0	0	"{s1:1→1 / s2:1→1 / s3:1→1, s1:1→1 / s2:1→1 / s3:1→4, 6→1, s1:1→1 / s2:1→1 / s3:1→5, s1:1→1 / s2:1→3, 11→1 / s3:1→1, 6→1}"	"{s3:14→1, s3:14→1, s3:12→1, s3:12→1}"
12	25	21	132	2	0	0	1	0	0	0	0	"s1:1→1 / s3:1→3, 6→1"	"s2:12→1 / s3:10→1"
12	25	21	149	1	1	1	0	0	0	0	0	"s1:1→1 / s2:1→1 / s3:1→1"	"s3:10→1"
12	25	21	150	1	1	1	0	0	0	0	0	"{s1:1→1 / s2:1→1 / s3:1→1, 6→1, s1:1→1 / s2:1→1 / s3:6→1}"	"{s3:12→1, s3:14→1}"
12	25	21	156	2	0	1	0	0	0	0	0	"{s1:1→1 / s2:11→2, s1:1→1 / s3:11→2}"	"{s2:12→1 / s3:10→1, s2:12→1 / s3:12→1}"
12	25	22	156	2	0	1	0	0	0	0	0	"{s1:1→1 / s2:11→1 / s3:6→1, s1:1→1 / s2:11→1 / s3:6→1, s1:1→1 / s2:1→1 / s3:1→4}"	"{s2:10→1 / s3:12→1, s2:12→1 / s3:12→1, s2:12→1 / s3:12→1}"
12	25	24	156	2	0	1	0	0	0	0	0	"s1:1→1 / s2:1→1, 6→1 / s3:1→4, 11→1"	"s2:12→1 / s3:12→1"
12	25	28	132	2	0	0	1	0	0	0	0	"s1:1→1 / s3:1→2"	"s2:12→1 / s3:12→1"
12	25	30	132	2	0	0	1	0	0	0	0	"{s1:1→1 / s3:1→3, s1:1→1 / s3:1→3, 6→1}"	"{s2:12→1 / s3:10→1, s2:12→1 / s3:12→1}"
12	25	30	156	2	0	1	0	0	0	0	0	"s1:1→1 / s3:1→2"	"s2:12→1 / s3:12→1"
12	25	33	156	2	0	1	0	0	0	0	0	"{s1:1→1 / s3:1→3, s1:1→1 / s3:1→3, 6→1, s1:1→1 / s3:1→4, 6→1}"	"{s2:12→1 / s3:10→1, s2:12→1 / s3:12→1, s2:12→1 / s3:10→1}"
12	26	15	170	0	3	0	0	0	0	0	0	"s1:12→1 / s3:1→1"	"s2:5→1"
12	26	15	176	1	2	0	0	0	0	0	0	"s1:12→1"	"s2:5→1 / s3:2→1"
12	26	15	177	1	2	0	0	0	0	0	0	"{s1:12→1 / s3:1→1, s2:1→1 / s3:12→1}"	"{s2:5→1 / s3:13→1, s1:5→1 / s3:14→1}"
12	26	15	184	2	1	0	0	0	0	0	0	"{s1:12→1 / s2:1→1, 12→1 / s3:1→2, 6→1, 12→1, s1:12→1 / s2:1→1, 12→1 / s3:1→3, 6→1, 12→1, s1:12→1 / s2:1→1, 6→1, 12→1 / s3:1→1, 12→1, s1:12→1 / s2:1→1 / s3:1→1, 6→1, 12→1, s1:12→1 / s2:1→1 / s3:1→1, 6→1, 12→1, s1:12→1 / s2:1→1 / s3:1→2, 6→1, 12→1, s1:12→1 / s2:1→1 / s3:1→2, 6→1, 12→2, s1:12→1 / s3:1→1, s1:12→1 / s3:1→1, 6→1, 12→1, s1:12→1 / s3:1→2, 6→1, 12→1, s1:1→1, 12→1 / s2:12→1 / s3:1→1, 6→1, 12→1, s1:1→1, 12→1 / s2:12→1 / s3:1→2, 6→1, 12→1, s1:1→1, 12→1 / s2:6→1, 12→1, s1:1→1, 12→1 / s2:6→1, 12→1 / s3:12→1, s1:1→1, 12→1 / s3:1→1, 6→1, 12→1, s1:1→1, 12→1 / s3:1→1, 6→1, 12→2, s1:1→1, 12→1 / s3:1→1, 6→1, 12→3, s1:1→1 / s2:12→1 / s3:12→1, s1:1→1 / s2:12→1 / s3:1→1, 6→1, 12→2, s1:1→1 / s2:12→1 / s3:1→1, 6→1, 12→2, s1:1→1 / s2:12→1 / s3:1→1, 6→1, 12→3, s1:1→1 / s2:12→1 / s3:1→1, 6→1, 12→3, s1:1→1 / s2:12→1 / s3:1→1, 6→1, 12→3, s1:1→1 / s2:12→1 / s3:6→1, 12→1, s1:1→1 / s2:12→1 / s3:6→1, 12→2, s1:1→1 / s2:6→1, 12→1 / s3:12→1, s1:1→1 / s2:6→1, 12→2 / s3:12→1}"	"{s2:2→1 / s3:13→1, s2:2→1 / s3:13→1, s2:13→1 / s3:2→1, s2:13→1 / s3:13→1, s2:13→1 / s3:2→1, s2:13→1 / s3:13→1, s2:13→1 / s3:2→1, s2:2→1 / s3:13→1, s2:2→1 / s3:13→1, s2:2→1 / s3:13→1, s2:2→1 / s3:13→1, s2:2→1 / s3:13→1, s2:13→1 / s3:2→1, s2:13→1 / s3:2→1, s2:2→1 / s3:13→1, s2:2→1 / s3:13→1, s2:2→1 / s3:13→1, s2:13→1 / s3:2→1, s2:13→1 / s3:13→1, s2:2→1 / s3:13→1, s2:13→1 / s3:13→1, s2:13→1 / s3:2→1, s2:2→1 / s3:13→1, s2:13→1 / s3:13→1, s2:13→1 / s3:2→1, s2:13→1 / s3:2→1, s2:13→1 / s3:2→1}"
12	26	16	150	0	2	1	0	0	0	0	0	"{s1:12→1 / s3:1→1, s1:1→1 / s2:12→1}"	"{s2:5→1, s3:5→1}"
12	26	16	156	1	1	1	0	0	0	0	0	"{s1:12→1, s1:12→1 / s2:1→1 / s3:1→1, 12→1, s1:12→1 / s3:1→1, 12→1, s1:12→1 / s3:1→2, 12→1, s1:12→1 / s3:1→3, 12→2, s1:1→1, 12→1, s1:1→1, 12→1 / s2:12→1, s1:1→1, 12→1 / s3:12→1, s1:1→1 / s2:12→1 / s3:12→1, s1:1→1 / s2:12→1 / s3:12→2, s1:1→1 / s3:12→2}"	"{s2:5→1 / s3:2→1, s2:5→1 / s3:2→1, s2:5→1 / s3:2→1, s2:5→1 / s3:2→1, s2:5→1 / s3:2→1, s2:5→1 / s3:2→1, s2:5→1 / s3:2→1, s2:5→1 / s3:2→1, s2:5→1 / s3:2→1, s2:5→1 / s3:2→1, s2:5→1 / s3:2→1}"
12	26	16	157	1	1	1	0	0	0	0	0	"{s1:12→1 / s2:1→1, s1:12→1 / s2:1→1 / s3:1→1, 6→1, 12→1, s1:12→1 / s2:1→1 / s3:1→1, 6→1, 12→2, s1:12→1 / s2:1→1 / s3:1→2, 6→1, 12→2, s1:12→1 / s2:1→1 / s3:6→1, 12→1, s1:1→1 / s2:12→1 / s3:12→1, s1:1→1 / s2:12→1 / s3:6→1, 12→1, s1:1→1 / s2:12→1 / s3:6→1, 12→2}"	"{s3:2→1, s3:2→1, s3:2→1, s3:2→1, s3:2→1, s3:2→1, s3:2→1, s3:2→1}"
12	26	16	158	1	1	1	0	0	0	0	0	"{s1:12→1 / s2:1→1 / s3:1→1, 6→1, 12→1, s1:12→1 / s2:1→1 / s3:1→2, 6→1, 12→2, s1:1→1 / s2:12→1 / s3:1→1, 6→1, 12→1, s1:1→1 / s2:12→1 / s3:1→1, 6→1, 12→2, s1:1→1 / s2:12→1 / s3:6→1, 12→1}"	"{s3:14→1, s3:14→1, s3:14→1, s3:14→1, s3:14→1}"
12	26	16	170	0	3	0	0	0	0	0	0	"{s1:12→1 / s2:1→1, 12→1 / s3:1→1, 12→1, s1:12→1 / s2:1→1, 12→1 / s3:1→1, 12→1, s1:12→1 / s2:1→1 / s3:1→1, 12→1, s1:12→1 / s2:1→1 / s3:1→1, 12→1, s1:12→1 / s2:1→1 / s3:1→1, 12→2, s1:12→1 / s2:1→1 / s3:1→2, 12→3, s1:12→1 / s3:1→1, 12→1, s1:12→1 / s3:1→2, 12→1, s1:12→1 / s3:1→2, 12→2, s1:12→1 / s3:1→3, 12→2, s2:1→1, 12→1 / s3:1→1, 12→1, s2:1→1, 12→1 / s3:1→1, 12→2, s2:1→1, 12→1 / s3:1→2, 12→1, s2:1→1, 12→1 / s3:1→2, 12→2, s2:1→1, 12→1 / s3:1→2, 12→3, s2:1→1, 12→2 / s3:1→2, 12→1, s2:1→1, 12→2 / s3:1→2, 12→2, s2:1→1 / s3:1→1, 12→1, s2:1→1 / s3:1→1, 12→2, s2:1→1 / s3:1→2, 12→2, s2:1→1 / s3:1→2, 12→3}"	"{s1:5→1, s3:5→1, s1:5→1, s3:5→1, s1:5→1, s1:5→1, s2:5→1, s2:5→1, s2:5→1, s2:5→1, s1:5→1, s1:5→1, s1:5→1, s1:5→1, s1:5→1, s1:5→1, s1:5→1, s1:5→1, s1:5→1, s1:5→1, s1:5→1}"
12	26	16	171	0	3	0	0	0	0	0	0	"{s1:12→1 / s2:1→1, 12→1 / s3:1→2, 12→1, s1:12→1 / s2:1→1 / s3:1→1, 12→1, s1:12→1 / s2:1→1 / s3:1→2, 12→2}"	""
12	26	16	176	1	2	0	0	0	0	0	0	"{s1:12→1 / s2:1→1, 12→1, s1:12→1 / s2:1→1, 12→1, s1:12→1 / s2:1→1, 12→1 / s3:12→1, s1:12→1 / s2:1→1, 12→1 / s3:12→1, s1:12→1 / s2:1→1, 12→1 / s3:12→2, s1:12→1 / s2:1→1, 12→1 / s3:1→1, 12→1, s1:12→1 / s2:1→1, 12→1 / s3:1→1, 12→1, s1:12→1 / s2:1→1, 12→1 / s3:1→1, 12→2, s1:12→1 / s2:1→1, 12→1 / s3:1→1, 12→2, s1:12→1 / s2:1→1, 12→1 / s3:1→1, 12→3, s1:12→1 / s2:1→1, 12→1 / s3:1→1, 12→4, s1:12→1 / s2:1→1, 12→1 / s3:1→2, 12→2, s1:12→1 / s2:1→1, 12→1 / s3:1→2, 12→2, s1:12→1 / s2:1→1, 12→1 / s3:1→2, 12→3, s1:12→1 / s2:1→1, 12→1 / s3:1→2, 12→3, s1:12→1 / s2:1→1, 12→2 / s3:12→1, s1:12→1 / s2:1→1 / s3:12→1, s1:12→1 / s2:1→1 / s3:1→1, 12→2, s1:12→1 / s2:1→1 / s3:1→1, 12→3, s1:12→1 / s2:1→1 / s3:1→1, 12→4, s1:12→1 / s2:1→1 / s3:1→2, 12→3, s1:12→1 / s2:1→2, 12→2, s1:12→1 / s2:1→2, 12→2 / s3:12→1, s1:12→1 / s2:1→2, 12→2 / s3:1→1, 12→1, s1:12→1 / s2:1→2, 12→3, s1:12→1 / s3:12→1, s1:12→1 / s3:1→1, 12→1, s1:12→1 / s3:1→1, 12→2, s1:12→1 / s3:1→2, 12→1, s1:12→1 / s3:1→2, 12→2, s1:12→1 / s3:1→2, 12→3, s1:12→1 / s3:1→3, 12→2, s2:1→1, 12→1, s2:1→1, 12→1 / s3:12→1, s2:1→1, 12→1 / s3:12→2, s2:1→1, 12→1 / s3:1→1, 12→1, s2:1→1, 12→1 / s3:1→1, 12→2, s2:1→1, 12→1 / s3:1→1, 12→3, s2:1→1, 12→1 / s3:1→1, 12→4, s2:1→1, 12→1 / s3:1→2, 12→1, s2:1→1, 12→1 / s3:1→2, 12→2, s2:1→1, 12→1 / s3:1→2, 12→3, s2:1→1, 12→1 / s3:1→3, 12→2, s2:1→1, 12→2 / s3:12→1, s2:1→1, 12→2 / s3:1→1, 12→1, s2:1→1, 12→2 / s3:1→1, 12→2, s2:1→1, 12→2 / s3:1→1, 12→3, s2:1→1, 12→2 / s3:1→2, 12→2, s2:1→1, 12→2 / s3:1→2, 12→3, s2:1→1 / s3:12→1, s2:1→1 / s3:1→1, 12→1, s2:1→1 / s3:1→1, 12→2, s2:1→1 / s3:1→1, 12→3, s2:1→1 / s3:1→2, 12→2, s2:1→1 / s3:1→2, 12→3, s2:1→2, 12→1, s2:1→2, 12→1 / s3:12→1, s2:1→2, 12→1 / s3:1→1, 12→1, s2:1→2, 12→1 / s3:1→1, 12→2, s2:1→2, 12→2, s2:1→2, 12→2 / s3:12→1, s2:1→2, 12→2 / s3:12→2, s2:1→2, 12→2 / s3:1→1, 12→1, s2:1→2, 12→2 / s3:1→1, 12→2, s2:1→2, 12→2 / s3:1→1, 12→3, s2:1→2, 12→3 / s3:12→1, s2:1→2, 12→3 / s3:12→2, s2:1→2, 12→3 / s3:1→1, 12→2, s2:1→2, 12→3 / s3:1→1, 12→3, s2:1→2, 12→3 / s3:1→1, 12→4, s2:1→3, 12→2, s2:1→3, 12→2 / s3:12→1}"	"{s1:5→1 / s3:2→1, s2:5→1 / s3:2→1, s1:5→1 / s3:2→1, s2:5→1 / s3:2→1, s1:5→1 / s3:2→1, s1:5→1 / s3:2→1, s2:5→1 / s3:2→1, s1:5→1 / s3:2→1, s2:5→1 / s3:2→1, s1:5→1 / s3:2→1, s1:5→1 / s3:2→1, s1:5→1 / s3:2→1, s2:5→1 / s3:2→1, s1:5→1 / s3:2→1, s2:5→1 / s3:2→1, s1:5→1 / s3:2→1, s1:5→1 / s3:2→1, s1:5→1 / s3:2→1, s1:5→1 / s3:2→1, s1:5→1 / s3:2→1, s1:5→1 / s3:2→1, s1:5→1 / s3:2→1, s1:5→1 / s3:2→1, s1:5→1 / s3:2→1, s1:5→1 / s3:2→1, s2:5→1 / s3:2→1, s2:5→1 / s3:2→1, s2:5→1 / s3:2→1, s2:5→1 / s3:2→1, s2:5→1 / s3:2→1, s2:5→1 / s3:2→1, s2:5→1 / s3:2→1, s1:5→1 / s3:2→1, s1:5→1 / s3:2→1, s1:5→1 / s3:2→1, s1:5→1 / s3:2→1, s1:5→1 / s3:2→1, s1:5→1 / s3:2→1, s1:5→1 / s3:2→1, s1:5→1 / s3:2→1, s1:5→1 / s3:2→1, s1:5→1 / s3:2→1, s1:5→1 / s3:2→1, s1:5→1 / s3:2→1, s1:5→1 / s3:2→1, s1:5→1 / s3:2→1, s1:5→1 / s3:2→1, s1:5→1 / s3:2→1, s1:5→1 / s3:2→1, s1:5→1 / s3:2→1, s1:5→1 / s3:2→1, s1:5→1 / s3:2→1, s1:5→1 / s3:2→1, s1:5→1 / s3:2→1, s1:5→1 / s3:2→1, s1:5→1 / s3:2→1, s1:5→1 / s3:2→1, s1:5→1 / s3:2→1, s1:5→1 / s3:2→1, s1:5→1 / s3:2→1, s1:5→1 / s3:2→1, s1:5→1 / s3:2→1, s1:5→1 / s3:2→1, s1:5→1 / s3:2→1, s1:5→1 / s3:2→1, s1:5→1 / s3:2→1, s1:5→1 / s3:2→1, s1:5→1 / s3:2→1, s1:5→1 / s3:2→1, s1:5→1 / s3:2→1, s1:5→1 / s3:2→1, s1:5→1 / s3:2→1}"
12	26	16	177	1	2	0	0	0	0	0	0	"{s1:12→1 / s2:1→1, 12→1, s1:12→1 / s2:1→1, 12→1 / s3:12→1, s1:12→1 / s2:1→1, 12→1 / s3:12→1, s1:12→1 / s2:1→1, 12→1 / s3:1→1, s1:12→1 / s2:1→1, 12→1 / s3:1→1, 12→1, s1:12→1 / s2:1→1, 12→1 / s3:1→1, 12→1, s1:12→1 / s2:1→1, 12→1 / s3:1→1, 12→1, s1:12→1 / s2:1→1, 12→1 / s3:1→1, 12→2, s1:12→1 / s2:1→1, 12→1 / s3:1→1, 6→1, 12→2, s1:12→1 / s2:1→1, 12→1 / s3:1→1, 6→1, 12→3, s1:12→1 / s2:1→1, 12→1 / s3:1→2, 12→1, s1:12→1 / s2:1→1, 12→1 / s3:1→2, 12→1, s1:12→1 / s2:1→1, 12→1 / s3:1→2, 12→2, s1:12→1 / s2:1→1, 12→1 / s3:1→2, 12→3, s1:12→1 / s2:1→1, 12→1 / s3:1→2, 6→1, 12→2, s1:12→1 / s2:1→1, 12→1 / s3:1→3, 12→2, s1:12→1 / s2:1→1, 12→1 / s3:6→1, 12→1, s1:12→1 / s2:1→1, 12→1 / s3:6→1, 12→2, s1:12→1 / s2:1→1 / s3:12→1, s1:12→1 / s2:1→1 / s3:12→1, s1:12→1 / s2:1→1 / s3:1→1, 12→1, s1:12→1 / s2:1→1 / s3:1→1, 12→2, s1:12→1 / s2:1→1 / s3:1→1, 12→2, s1:12→1 / s2:1→1 / s3:1→1, 12→3, s1:12→1 / s2:1→1 / s3:1→1, 6→1, 12→1, s1:12→1 / s2:1→1 / s3:1→1, 6→1, 12→2, s1:12→1 / s2:1→1 / s3:1→1, 6→1, 12→3, s1:12→1 / s2:1→1 / s3:1→2, 12→2, s1:12→1 / s2:1→1 / s3:1→2, 12→3, s1:12→1 / s2:1→1 / s3:1→2, 12→3, s1:12→1 / s2:1→1 / s3:1→2, 6→1, 12→2, s1:12→1 / s2:1→1 / s3:6→1, 12→1, s1:12→1 / s2:1→1 / s3:6→1, 12→2, s1:12→1 / s2:1→2, 12→1, s1:12→1 / s2:1→2, 12→1 / s3:12→1, s1:12→1 / s2:1→2, 12→1 / s3:1→1, 12→1, s1:12→1 / s2:1→2, 12→1 / s3:1→1, 12→2, s1:12→1 / s2:1→2, 12→2 / s3:12→1, s1:12→1 / s2:1→2, 12→2 / s3:1→1, 12→1, s1:12→1 / s2:1→2, 12→2 / s3:1→1, 12→2, s1:12→1 / s2:1→3, 12→2, s1:12→1 / s2:1→3, 12→2 / s3:12→1, s1:12→1 / s3:1→1, 12→1, s1:12→1 / s3:1→2, 12→1, s1:12→1 / s3:1→2, 12→2, s1:12→1 / s3:1→3, 12→1, s1:12→1 / s3:1→3, 12→2, s1:1→1, 12→1 / s2:1→1, 12→1, s1:1→1, 12→1 / s2:1→1, 12→1 / s3:12→1, s1:1→1, 12→1 / s2:1→1, 12→1 / s3:12→2, s1:1→1, 12→1 / s2:1→1, 12→1 / s3:6→1, 12→3, s1:1→1, 12→1 / s2:1→1, 12→2 / s3:12→1, s1:1→1 / s2:1→1, 12→1 / s3:12→1, s1:1→1 / s2:1→1, 12→1 / s3:6→1, 12→1, s1:1→1 / s2:1→1, 12→2 / s3:12→1, s1:1→1 / s2:1→1, 12→2 / s3:6→1, 12→3, s2:1→1, 12→1 / s3:12→1, s2:1→1, 12→1 / s3:1→1, s2:1→1, 12→1 / s3:1→1, 12→1, s2:1→1, 12→1 / s3:1→1, 12→2, s2:1→1, 12→1 / s3:1→2, 12→1, s2:1→1, 12→1 / s3:1→2, 12→2, s2:1→1, 12→1 / s3:1→2, 12→3, s2:1→1, 12→1 / s3:1→3, 12→1, s2:1→1, 12→1 / s3:1→3, 12→2, s2:1→1, 12→2 / s3:1→1, s2:1→1, 12→2 / s3:1→1, 12→1, s2:1→1, 12→2 / s3:1→2, 12→1, s2:1→1, 12→2 / s3:1→2, 12→2, s2:1→1, 12→2 / s3:1→2, 12→3, s2:1→1, 12→2 / s3:1→3, 12→2, s2:1→1 / s3:1→1, 12→1, s2:1→1 / s3:1→1, 12→2, s2:1→1 / s3:1→2, 12→2, s2:1→1 / s3:1→2, 12→3, s2:1→2, 12→1 / s3:12→1, s2:1→2, 12→2 / s3:12→1}"	"{s3:2→1, s1:5→1 / s3:14→1, s3:2→1, s2:5→1 / s3:13→1, s1:5→1 / s3:14→1, s2:5→1 / s3:13→1, s3:2→1, s3:2→1, s3:2→1, s3:2→1, s2:5→1 / s3:13→1, s3:2→1, s3:2→1, s3:2→1, s3:2→1, s3:2→1, s3:2→1, s3:2→1, s1:5→1 / s3:14→1, s3:2→1, s3:2→1, s1:5→1 / s3:14→1, s3:2→1, s1:5→1 / s3:14→1, s3:2→1, s3:2→1, s3:2→1, s3:2→1, s1:5→1 / s3:14→1, s3:2→1, s3:2→1, s3:2→1, s3:2→1, s3:2→1, s3:2→1, s3:2→1, s3:2→1, s3:2→1, s3:2→1, s3:2→1, s3:2→1, s3:2→1, s2:5→1 / s3:13→1, s2:5→1 / s3:13→1, s2:5→1 / s3:13→1, s2:5→1 / s3:13→1, s2:5→1 / s3:13→1, s3:2→1, s3:2→1, s3:2→1, s3:2→1, s3:2→1, s3:2→1, s3:2→1, s3:2→1, s3:2→1, s1:5→1 / s3:14→1, s1:5→1 / s3:14→1, s1:5→1 / s3:14→1, s1:5→1 / s3:14→1, s1:5→1 / s3:14→1, s1:5→1 / s3:14→1, s1:5→1 / s3:14→1, s1:5→1 / s3:14→1, s1:5→1 / s3:14→1, s1:5→1 / s3:14→1, s1:5→1 / s3:14→1, s1:5→1 / s3:14→1, s1:5→1 / s3:14→1, s1:5→1 / s3:14→1, s1:5→1 / s3:14→1, s1:5→1 / s3:14→1, s1:5→1 / s3:14→1, s1:5→1 / s3:14→1, s1:5→1 / s3:14→1, s1:5→1 / s3:14→1, s1:5→1 / s3:14→1}"
12	26	16	178	1	2	0	0	0	0	0	0	"{s1:12→1 / s2:1→1, 12→1 / s3:1→1, s1:12→1 / s2:1→1, 12→1 / s3:1→1, s1:12→1 / s2:1→1, 12→1 / s3:1→1, 12→1, s1:12→1 / s2:1→1, 12→1 / s3:1→1, 6→1, 12→1, s1:12→1 / s2:1→1, 12→1 / s3:1→1, 6→1, 12→1, s1:12→1 / s2:1→1, 12→1 / s3:1→1, 6→1, 12→2, s1:12→1 / s2:1→1, 12→1 / s3:1→1, 6→1, 12→2, s1:12→1 / s2:1→1, 12→1 / s3:1→1, 6→1, 12→3, s1:12→1 / s2:1→1, 12→1 / s3:1→2, 12→1, s1:12→1 / s2:1→1, 12→1 / s3:1→2, 12→1, s1:12→1 / s2:1→1, 12→1 / s3:1→2, 12→2, s1:12→1 / s2:1→1, 12→1 / s3:1→2, 6→1, 12→1, s1:12→1 / s2:1→1, 12→1 / s3:1→2, 6→1, 12→1, s1:12→1 / s2:1→1, 12→1 / s3:1→2, 6→1, 12→2, s1:12→1 / s2:1→1, 12→1 / s3:1→2, 6→1, 12→2, s1:12→1 / s2:1→1, 12→1 / s3:1→3, 12→1, s1:12→1 / s2:1→1, 12→1 / s3:1→3, 12→2, s1:12→1 / s2:1→1, 12→1 / s3:1→3, 12→2, s1:12→1 / s2:1→1, 12→1 / s3:6→1, 12→1, s1:12→1 / s2:1→1, 12→1 / s3:6→1, 12→1, s1:12→1 / s2:1→1 / s3:1→1, 12→1, s1:12→1 / s2:1→1 / s3:1→1, 12→1, s1:12→1 / s2:1→1 / s3:1→1, 6→1, 12→1, s1:12→1 / s2:1→1 / s3:1→1, 6→1, 12→1, s1:12→1 / s2:1→1 / s3:1→1, 6→1, 12→2, s1:12→1 / s2:1→1 / s3:1→1, 6→1, 12→2, s1:12→1 / s2:1→1 / s3:1→1, 6→1, 12→3, s1:12→1 / s2:1→1 / s3:1→2, 12→2, s1:12→1 / s2:1→1 / s3:1→2, 12→2, s1:12→1 / s2:1→1 / s3:1→2, 12→3, s1:12→1 / s2:1→1 / s3:1→2, 6→1, 12→1, s1:12→1 / s2:1→1 / s3:1→2, 6→1, 12→2, s1:12→1 / s2:1→1 / s3:1→2, 6→1, 12→2, s1:12→1 / s2:1→1 / s3:1→3, 12→2, s1:12→1 / s2:1→1 / s3:6→1, s1:12→1 / s2:1→1 / s3:6→1, 12→1, s1:12→1 / s2:1→2, 12→1 / s3:1→1, s1:12→1 / s2:1→2, 12→1 / s3:1→1, 12→1, s1:12→1 / s2:1→2, 12→1 / s3:1→2, 12→1, s1:12→1 / s2:1→2, 12→1 / s3:1→2, 12→2, s1:12→1 / s2:1→2, 12→1 / s3:1→2, 6→1, 12→1, s1:12→1 / s2:1→2, 12→1 / s3:1→3, 12→2, s1:12→1 / s2:1→2, 12→1 / s3:1→3, 6→1, 12→1, s1:12→1 / s2:1→2, 12→2 / s3:1→1, s1:12→1 / s2:1→2, 12→2 / s3:1→2, 12→1, s1:12→1 / s2:1→3, 12→2 / s3:1→1, s1:12→1 / s2:1→3, 12→2 / s3:1→1, 12→1, s1:1→1, 12→1 / s2:1→1, 12→1 / s3:12→1, s1:1→1 / s2:1→1, 12→1 / s3:12→1, s1:1→1 / s2:1→1, 12→1 / s3:12→1, s1:1→1 / s2:1→1, 12→2 / s3:12→1}"	"{s3:13→1, s3:14→1, s3:14→1, s3:13→1, s3:14→1, s3:13→1, s3:14→1, s3:14→1, s3:13→1, s3:14→1, s3:14→1, s3:13→1, s3:14→1, s3:13→1, s3:14→1, s3:13→1, s3:13→1, s3:14→1, s3:13→1, s3:14→1, s3:13→1, s3:14→1, s3:13→1, s3:14→1, s3:13→1, s3:14→1, s3:14→1, s3:13→1, s3:14→1, s3:14→1, s3:13→1, s3:13→1, s3:14→1, s3:13→1, s3:13→1, s3:14→1, s3:13→1, s3:13→1, s3:13→1, s3:13→1, s3:13→1, s3:13→1, s3:13→1, s3:13→1, s3:13→1, s3:13→1, s3:13→1, s3:14→1, s3:13→1, s3:14→1, s3:13→1}"
12	26	16	184	2	1	0	0	0	0	0	0	"{s1:12→1 / s2:12→1 / s3:1→1, s1:12→1 / s2:12→1 / s3:1→1, 12→1, s1:12→1 / s2:12→1 / s3:1→1, 6→1, 12→1, s1:12→1 / s2:12→1 / s3:1→1, 6→1, 12→2, s1:12→1 / s2:12→1 / s3:1→1, 6→1, 12→3, s1:12→1 / s2:12→1 / s3:1→2, 12→1, s1:12→1 / s2:12→1 / s3:1→2, 12→2, s1:12→1 / s2:12→1 / s3:1→2, 6→1, 12→2, s1:12→1 / s2:12→1 / s3:1→3, 12→2, s1:12→1 / s2:1→1, 12→1 / s3:1→1, 12→1, s1:12→1 / s2:1→1, 12→1 / s3:1→1, 12→2, s1:12→1 / s2:1→1, 12→1 / s3:1→1, 6→1, 12→2, s1:12→1 / s2:1→1, 12→1 / s3:1→1, 6→1, 12→3, s1:12→1 / s2:1→1, 12→1 / s3:1→1, 6→1, 12→3, s1:12→1 / s2:1→1, 12→1 / s3:1→2, 12→1, s1:12→1 / s2:1→1, 12→1 / s3:1→2, 12→1, s1:12→1 / s2:1→1, 12→1 / s3:1→2, 12→2, s1:12→1 / s2:1→1, 12→1 / s3:1→2, 12→2, s1:12→1 / s2:1→1, 12→1 / s3:1→2, 12→3, s1:12→1 / s2:1→1, 12→1 / s3:1→2, 6→1, 12→2, s1:12→1 / s2:1→1, 12→1 / s3:1→3, 12→1, s1:12→1 / s2:1→1, 12→1 / s3:1→3, 12→2, s1:12→1 / s2:1→1, 12→1 / s3:1→3, 12→2, s1:12→1 / s2:1→1, 12→2 / s3:1→2, 12→1, s1:12→1 / s2:1→1, 12→2 / s3:1→2, 12→2, s1:12→1 / s2:1→1, 12→2 / s3:1→3, 12→2, s1:12→1 / s2:1→1 / s3:1→1, s1:12→1 / s2:1→1 / s3:1→1, 12→1, s1:12→1 / s2:1→1 / s3:1→1, 12→1, s1:12→1 / s2:1→1 / s3:1→1, 12→2, s1:12→1 / s2:1→1 / s3:1→1, 6→1, s1:12→1 / s2:1→1 / s3:1→1, 6→1, 12→2, s1:12→1 / s2:1→1 / s3:1→2, 12→1, s1:12→1 / s2:1→1 / s3:1→2, 12→1, s1:12→1 / s2:1→1 / s3:1→2, 12→2, s1:12→1 / s2:1→1 / s3:1→2, 12→2, s1:12→1 / s2:1→1 / s3:1→2, 12→3, s1:12→1 / s2:1→1 / s3:1→2, 6→1, 12→1, s1:12→1 / s2:1→1 / s3:1→2, 6→1, 12→2, s1:12→1 / s2:1→1 / s3:1→3, 12→2, s1:12→1 / s2:1→1 / s3:1→3, 12→2, s1:12→1 / s2:1→1 / s3:1→3, 6→1, 12→1, s1:12→1 / s2:1→2, 12→1 / s3:1→2, 12→1, s1:12→1 / s2:1→2, 12→1 / s3:1→2, 12→1, s1:12→1 / s2:1→2, 12→1 / s3:1→2, 12→2, s1:12→1 / s2:1→2, 12→1 / s3:1→2, 12→2, s1:12→1 / s2:1→2, 12→1 / s3:1→2, 12→3, s1:12→1 / s2:1→2, 12→1 / s3:1→3, 12→1, s1:12→1 / s2:1→2, 12→1 / s3:1→3, 12→1, s1:12→1 / s2:1→2, 12→1 / s3:1→3, 12→2, s1:12→1 / s2:1→2, 12→1 / s3:1→3, 12→2, s1:12→1 / s2:1→2, 12→1 / s3:1→3, 6→1, 12→1, s1:12→1 / s2:1→2, 12→2 / s3:1→2, 12→2, s1:12→1 / s2:1→2, 12→2 / s3:1→2, 12→3, s1:12→1 / s2:1→2, 12→2 / s3:1→3, 12→2, s1:12→1 / s2:1→2, 12→2 / s3:1→3, 12→2, s1:12→1 / s2:1→2, 12→3 / s3:1→3, 12→2, s1:12→1 / s2:1→3, 12→1 / s3:1→3, 12→2, s1:12→1 / s2:1→3, 12→2 / s3:1→3, 12→2, s1:12→1 / s2:1→3, 12→2 / s3:1→3, 12→2, s1:12→1 / s2:6→1, s1:12→1 / s2:6→1, 12→1 / s3:12→1, s1:12→1 / s2:6→1, 12→1 / s3:1→1, s1:12→1 / s3:1→2, 12→1, s1:12→1 / s3:1→2, 6→1, 12→2, s1:12→1 / s3:1→3, 12→1, s1:12→1 / s3:1→3, 12→2, s1:12→1 / s3:1→3, 6→1, 12→1, s1:1→1, 12→1 / s2:12→1 / s3:12→1, s1:1→1, 12→1 / s2:12→1 / s3:1→1, s1:1→1, 12→1 / s2:12→1 / s3:1→1, 12→1, s1:1→1, 12→1 / s2:12→1 / s3:1→1, 12→1, s1:1→1, 12→1 / s2:12→1 / s3:1→1, 12→2, s1:1→1, 12→1 / s2:12→1 / s3:1→1, 12→2, s1:1→1, 12→1 / s2:12→1 / s3:1→1, 12→2, s1:1→1, 12→1 / s2:12→1 / s3:1→1, 12→3, s1:1→1, 12→1 / s2:12→1 / s3:1→1, 12→3, s1:1→1, 12→1 / s2:12→1 / s3:1→1, 6→1, 12→2, s1:1→1, 12→1 / s2:12→1 / s3:1→1, 6→1, 12→2, s1:1→1, 12→1 / s2:12→1 / s3:1→1, 6→1, 12→3, s1:1→1, 12→1 / s2:12→1 / s3:1→1, 6→1, 12→3, s1:1→1, 12→1 / s2:12→1 / s3:1→1, 6→1, 12→3, s1:1→1, 12→1 / s2:12→1 / s3:1→2, 12→1, s1:1→1, 12→1 / s2:12→1 / s3:1→2, 12→2, s1:1→1, 12→1 / s2:12→1 / s3:1→2, 12→2, s1:1→1, 12→1 / s2:12→1 / s3:1→2, 12→3, s1:1→1, 12→1 / s2:12→1 / s3:1→2, 12→3, s1:1→1, 12→1 / s2:12→1 / s3:1→2, 12→3, s1:1→1, 12→1 / s2:12→1 / s3:1→2, 6→1, 12→2, s1:1→1, 12→1 / s2:12→1 / s3:6→1, 12→2, s1:1→1, 12→1 / s2:12→1 / s3:6→1, 12→3, s1:1→1, 12→1 / s2:12→1 / s3:6→1, 12→3, s1:1→1, 12→1 / s2:12→1 / s3:6→1, 12→4, s1:1→1, 12→1 / s2:12→2 / s3:1→1, 12→1, s1:1→1, 12→1 / s2:12→2 / s3:1→1, 12→2, s1:1→1, 12→1 / s2:12→2 / s3:1→1, 12→3, s1:1→1, 12→1 / s2:12→2 / s3:1→1, 6→1, 12→3, s1:1→1, 12→1 / s2:12→2 / s3:1→2, 12→3, s1:1→1, 12→1 / s2:6→1, 12→2 / s3:12→1, s1:1→1, 12→1 / s2:6→1, 12→3 / s3:12→1, s1:1→1, 12→1 / s2:6→1, 12→3 / s3:12→2, s1:1→1, 12→1 / s3:1→1, s1:1→1, 12→1 / s3:1→1, 12→1, s1:1→1, 12→1 / s3:1→1, 12→2, s1:1→1, 12→1 / s3:1→1, 6→1, s1:1→1, 12→1 / s3:1→2, 12→1, s1:1→1, 12→1 / s3:1→2, 12→2, s1:1→1, 12→1 / s3:1→2, 12→3, s1:1→1, 12→1 / s3:1→2, 6→1, 12→1, s1:1→1, 12→1 / s3:1→2, 6→1, 12→2, s1:1→1, 12→2 / s2:12→1 / s3:1→1, s1:1→1, 12→2 / s2:12→1 / s3:1→1, 12→1, s1:1→1, 12→2 / s2:12→1 / s3:1→2, 12→1, s1:1→1 / s2:12→1 / s3:12→1, s1:1→1 / s2:12→1 / s3:1→1, 12→1, s1:1→1 / s2:12→1 / s3:1→1, 12→1, s1:1→1 / s2:12→1 / s3:1→1, 12→2, s1:1→1 / s2:12→1 / s3:1→1, 12→2, s1:1→1 / s2:12→1 / s3:1→1, 12→2, s1:1→1 / s2:12→1 / s3:1→1, 12→3, s1:1→1 / s2:12→1 / s3:1→1, 12→3, s1:1→1 / s2:12→1 / s3:1→1, 6→1, 12→1, s1:1→1 / s2:12→1 / s3:1→1, 6→1, 12→2, s1:1→1 / s2:12→1 / s3:1→2, 12→2, s1:1→1 / s2:12→1 / s3:1→2, 12→2, s1:1→1 / s2:12→1 / s3:1→2, 12→3, s1:1→1 / s2:12→1 / s3:1→2, 12→3, s1:1→1 / s2:12→1 / s3:1→2, 12→3, s1:1→1 / s2:12→1 / s3:1→2, 6→1, 12→2, s1:1→1 / s2:12→1 / s3:1→2, 6→1, 12→2, s1:1→1 / s2:12→1 / s3:6→1, 12→1, s1:1→1 / s2:12→1 / s3:6→1, 12→2, s1:1→1 / s2:12→1 / s3:6→1, 12→3}"	"{s2:2→1 / s3:13→1, s2:2→1 / s3:13→1, s2:2→1 / s3:13→1, s2:2→1 / s3:13→1, s2:2→1 / s3:13→1, s2:2→1 / s3:13→1, s2:2→1 / s3:13→1, s2:2→1 / s3:13→1, s2:2→1 / s3:13→1, s2:13→1 / s3:2→1, s2:13→1 / s3:2→1, s2:13→1 / s3:13→1, s2:13→1 / s3:13→1, s2:13→1 / s3:2→1, s2:13→1 / s3:13→1, s2:2→1 / s3:13→1, s2:13→1 / s3:13→1, s2:13→1 / s3:2→1, s2:13→1 / s3:2→1, s2:2→1 / s3:13→1, s2:2→1 / s3:13→1, s2:13→1 / s3:13→1, s2:2→1 / s3:13→1, s2:2→1 / s3:13→1, s2:2→1 / s3:13→1, s2:2→1 / s3:13→1, s2:13→1 / s3:13→1, s2:13→1 / s3:13→1, s2:13→1 / s3:2→1, s2:13→1 / s3:2→1, s2:13→1 / s3:13→1, s2:13→1 / s3:2→1, s2:13→1 / s3:13→1, s2:13→1 / s3:2→1, s2:13→1 / s3:13→1, s2:13→1 / s3:2→1, s2:13→1 / s3:2→1, s2:13→1 / s3:2→1, s2:13→1 / s3:13→1, s2:13→1 / s3:13→1, s2:13→1 / s3:2→1, s2:13→1 / s3:13→1, s2:13→1 / s3:13→1, s2:13→1 / s3:2→1, s2:13→1 / s3:13→1, s2:13→1 / s3:2→1, s2:13→1 / s3:2→1, s2:13→1 / s3:13→1, s2:2→1 / s3:13→1, s2:13→1 / s3:13→1, s2:13→1 / s3:2→1, s2:2→1 / s3:13→1, s2:13→1 / s3:13→1, s2:13→1 / s3:2→1, s2:13→1 / s3:13→1, s2:2→1 / s3:13→1, s2:2→1 / s3:13→1, s2:13→1 / s3:2→1, s2:13→1 / s3:13→1, s2:13→1 / s3:2→1, s2:13→1 / s3:2→1, s2:13→1 / s3:2→1, s2:2→1 / s3:13→1, s2:2→1 / s3:13→1, s2:2→1 / s3:13→1, s2:2→1 / s3:13→1, s2:2→1 / s3:13→1, s2:2→1 / s3:13→1, s2:13→1 / s3:2→1, s2:2→1 / s3:13→1, s2:13→1 / s3:13→1, s2:2→1 / s3:13→1, s2:13→1 / s3:13→1, s2:13→1 / s3:2→1, s2:2→1 / s3:13→1, s2:13→1 / s3:2→1, s2:2→1 / s3:13→1, s2:13→1 / s3:13→1, s2:2→1 / s3:13→1, s2:13→1 / s3:13→1, s2:13→1 / s3:2→1, s2:2→1 / s3:13→1, s2:2→1 / s3:13→1, s2:13→1 / s3:13→1, s2:2→1 / s3:13→1, s2:13→1 / s3:13→1, s2:13→1 / s3:2→1, s2:2→1 / s3:13→1, s2:2→1 / s3:13→1, s2:13→1 / s3:13→1, s2:13→1 / s3:13→1, s2:13→1 / s3:2→1, s2:13→1 / s3:2→1, s2:2→1 / s3:13→1, s2:2→1 / s3:13→1, s2:2→1 / s3:13→1, s2:2→1 / s3:13→1, s2:2→1 / s3:13→1, s2:13→1 / s3:2→1, s2:13→1 / s3:2→1, s2:13→1 / s3:2→1, s2:2→1 / s3:13→1, s2:2→1 / s3:13→1, s2:2→1 / s3:13→1, s2:2→1 / s3:13→1, s2:2→1 / s3:13→1, s2:2→1 / s3:13→1, s2:2→1 / s3:13→1, s2:2→1 / s3:13→1, s2:2→1 / s3:13→1, s2:2→1 / s3:13→1, s2:2→1 / s3:13→1, s2:2→1 / s3:13→1, s2:13→1 / s3:13→1, s2:13→1 / s3:13→1, s2:2→1 / s3:13→1, s2:13→1 / s3:13→1, s2:13→1 / s3:2→1, s2:2→1 / s3:13→1, s2:13→1 / s3:2→1, s2:2→1 / s3:13→1, s2:2→1 / s3:13→1, s2:13→1 / s3:2→1, s2:13→1 / s3:13→1, s2:2→1 / s3:13→1, s2:13→1 / s3:13→1, s2:13→1 / s3:2→1, s2:2→1 / s3:13→1, s2:13→1 / s3:13→1, s2:2→1 / s3:13→1, s2:13→1 / s3:2→1, s2:13→1 / s3:13→1, s2:13→1 / s3:2→1}"
12	26	17	126	0	2	0	1	0	0	0	0	"{s1:12→1 / s3:1→1, s1:1→1 / s2:12→1, s1:1→1 / s2:12→1 / s3:12→1}"	"{s2:5→1, s3:5→1, s3:5→1}"
12	26	17	130	0	1	2	0	0	0	0	0	"s1:12→1 / s2:1→1"	"s3:5→1"
12	26	17	132	1	1	0	1	0	0	0	0	"{s1:12→1, s1:12→1 / s2:1→1, s1:12→1 / s2:1→1 / s3:1→1, 12→1, s1:12→1 / s2:1→1 / s3:1→2, 12→1, s1:12→1 / s3:1→1, s1:12→1 / s3:1→1, 12→1, s1:12→1 / s3:1→2, 12→1, s1:12→1 / s3:1→3, 12→1, s1:12→1 / s3:1→3, 12→2, s1:12→1 / s3:1→4, 12→1}"	"{s2:5→1 / s3:2→1, s2:5→1 / s3:2→1, s2:5→1 / s3:2→1, s2:5→1 / s3:2→1, s2:5→1 / s3:2→1, s2:5→1 / s3:2→1, s2:5→1 / s3:2→1, s2:5→1 / s3:2→1, s2:5→1 / s3:2→1, s2:5→1 / s3:2→1}"
12	26	17	133	1	1	0	1	0	0	0	0	"{s1:12→1 / s2:1→1, s1:12→1 / s2:1→1 / s3:1→1, 12→1, s1:12→1 / s2:1→1 / s3:1→1, 6→1, s1:12→1 / s2:1→1 / s3:1→1, 6→1, 12→1, s1:12→1 / s2:1→1 / s3:1→1, 6→1, 12→2, s1:12→1 / s2:1→1 / s3:1→2, 6→1, 12→1, s1:12→1 / s2:1→1 / s3:1→2, 6→1, 12→2, s1:12→1 / s2:1→1 / s3:1→3, 6→1, 12→1, s1:12→1 / s2:1→1 / s3:6→1, s1:12→1 / s2:1→1 / s3:6→1, 12→1}"	"{s3:2→1, s3:2→1, s3:2→1, s3:2→1, s3:2→1, s3:2→1, s3:2→1, s3:2→1, s3:2→1, s3:2→1}"
12	26	17	134	1	1	0	1	0	0	0	0	"{s1:12→1 / s2:1→1 / s3:1→1, 6→1, s1:12→1 / s2:1→1 / s3:1→1, 6→1, 12→1, s1:12→1 / s2:1→1 / s3:1→2, 6→1, 12→1, s1:12→1 / s2:1→1 / s3:1→2, 6→1, 12→2, s1:12→1 / s2:1→1 / s3:1→3, 6→1, 12→1, s1:12→1 / s2:1→1 / s3:6→1, s1:1→1 / s2:12→1 / s3:6→1, 12→1, s1:1→1 / s2:12→1 / s3:6→1, 12→2}"	"{s3:14→1, s3:14→1, s3:14→1, s3:14→1, s3:14→1, s3:14→1, s3:14→1, s3:14→1}"
12	26	17	137	1	0	2	0	0	0	0	0	"{s1:12→1 / s2:1→1, s1:12→1 / s2:1→1 / s3:12→1, s1:12→1 / s2:1→1 / s3:6→1, 12→1, s1:12→1 / s2:1→1 / s3:6→1, 12→2, s1:12→1 / s2:1→1 / s3:6→1, 12→3}"	"{s3:2→1, s3:2→1, s3:2→1, s3:2→1, s3:2→1}"
12	26	17	150	0	2	1	0	0	0	0	0	"{s1:12→1 / s2:1→1 / s3:1→1, 12→1, s1:12→1 / s3:1→1, 12→1, s1:12→1 / s3:1→2, 12→1, s1:12→1 / s3:1→3, 12→1, s1:1→1, 12→1 / s2:12→1, s1:1→1 / s2:12→1 / s3:12→1}"	"{s3:5→1, s2:5→1, s2:5→1, s2:5→1, s3:5→1, s3:5→1}"
12	26	17	151	0	2	1	0	0	0	0	0	"{s1:12→1 / s2:1→1 / s3:1→1, 12→1, s1:12→1 / s2:1→1 / s3:1→2, 12→1}"	""
12	26	17	156	1	1	1	0	0	0	0	0	"{s1:12→1 / s2:1→1, s1:12→1 / s2:1→1, 12→1, s1:12→1 / s2:1→1 / s3:1→2, 12→1, s1:12→1 / s3:12→1, s1:12→1 / s3:1→1, 12→2, s1:12→1 / s3:1→2, 12→2, s1:12→1 / s3:1→2, 12→3, s1:12→1 / s3:1→3, 12→1, s1:1→1, 12→1 / s3:12→2, s1:1→1 / s2:12→1 / s3:12→3, s1:1→1 / s2:12→2 / s3:12→2, s1:1→1 / s2:12→2 / s3:12→3, s1:1→1 / s3:12→1}"	"{s2:5→1 / s3:2→1, s2:5→1 / s3:2→1, s2:5→1 / s3:2→1, s2:5→1 / s3:2→1, s2:5→1 / s3:2→1, s2:5→1 / s3:2→1, s2:5→1 / s3:2→1, s2:5→1 / s3:2→1, s2:5→1 / s3:2→1, s2:5→1 / s3:2→1, s2:5→1 / s3:2→1, s2:5→1 / s3:2→1, s2:5→1 / s3:2→1}"
12	26	17	157	1	1	1	0	0	0	0	0	"{s1:12→1 / s2:1→1, 12→1, s1:12→1 / s2:1→1, 12→1 / s3:12→1, s1:12→1 / s2:1→1, 12→1 / s3:1→1, 12→1, s1:12→1 / s2:1→1, 12→1 / s3:1→2, 12→1, s1:12→1 / s2:1→1, 12→1 / s3:6→1, 12→1, s1:12→1 / s2:1→1 / s3:12→1, s1:12→1 / s2:1→1 / s3:1→1, 12→1, s1:12→1 / s2:1→1 / s3:1→1, 12→2, s1:12→1 / s2:1→1 / s3:1→1, 6→1, 12→3, s1:12→1 / s2:1→1 / s3:1→2, 12→1, s1:12→1 / s2:1→1 / s3:1→2, 12→2, s1:12→1 / s2:1→1 / s3:1→2, 12→3, s1:12→1 / s2:1→1 / s3:1→2, 6→1, 12→1, s1:12→1 / s2:1→1 / s3:1→3, 12→2, s1:12→1 / s2:1→1 / s3:1→3, 6→1, 12→1, s1:12→1 / s2:1→1 / s3:6→1, s1:12→1 / s2:1→1 / s3:6→1, 12→2, s1:12→1 / s2:1→2, 12→1, s1:12→1 / s2:1→2, 12→1 / s3:12→1, s1:12→1 / s2:1→2, 12→1 / s3:1→1, 12→1, s1:12→1 / s2:1→3, 12→1, s1:1→1, 12→1 / s2:12→1, s1:1→1, 12→1 / s2:12→1 / s3:12→1, s1:1→1, 12→1 / s2:12→1 / s3:6→1, 12→1, s1:1→1 / s2:12→1 / s3:12→2, s1:1→1 / s2:12→1 / s3:6→1, 12→3, s1:1→1 / s2:12→1 / s3:6→1, 12→4}"	"{s3:2→1, s3:2→1, s3:2→1, s3:2→1, s3:2→1, s3:2→1, s3:2→1, s3:2→1, s3:2→1, s3:2→1, s3:2→1, s3:2→1, s3:2→1, s3:2→1, s3:2→1, s3:2→1, s3:2→1, s3:2→1, s3:2→1, s3:2→1, s3:2→1, s3:2→1, s3:2→1, s3:2→1, s3:2→1, s3:2→1, s3:2→1}"
12	26	17	158	1	1	1	0	0	0	0	0	"{s1:12→1 / s2:1→1, 12→1 / s3:1→1, s1:12→1 / s2:1→1 / s3:1→1, 12→1, s1:12→1 / s2:1→1 / s3:1→1, 6→1, 12→2, s1:12→1 / s2:1→1 / s3:1→1, 6→1, 12→3, s1:12→1 / s2:1→1 / s3:1→2, 12→1, s1:12→1 / s2:1→1 / s3:1→2, 12→2, s1:12→1 / s2:1→1 / s3:1→2, 12→3, s1:12→1 / s2:1→1 / s3:1→2, 6→1, 12→1, s1:12→1 / s2:1→1 / s3:1→3, 12→2, s1:12→1 / s2:1→1 / s3:1→3, 6→1, 12→1, s1:12→1 / s2:1→1 / s3:6→1, s1:12→1 / s2:1→1 / s3:6→1, 12→1, s1:1→1, 12→1 / s2:12→1 / s3:1→1, s1:1→1 / s2:12→1 / s3:1→1, 12→1, s1:1→1 / s2:12→1 / s3:1→1, 12→2, s1:1→1 / s2:12→1 / s3:1→1, 6→1, 12→3, s1:1→1 / s2:12→1 / s3:6→1, s1:1→1 / s2:12→1 / s3:6→1, 12→2}"	"{s3:14→1, s3:14→1, s3:14→1, s3:14→1, s3:14→1, s3:14→1, s3:14→1, s3:14→1, s3:14→1, s3:14→1, s3:14→1, s3:14→1, s3:14→1, s3:14→1, s3:14→1, s3:14→1, s3:14→1, s3:14→1}"
12	26	17	170	0	3	0	0	0	0	0	0	"{s1:12→1 / s2:12→1 / s3:1→1, 12→1, s1:12→1 / s2:1→1 / s3:1→1, 12→2, s1:12→1 / s3:1→2, 12→3, s2:1→1, 12→2 / s3:1→1, 12→2, s2:1→1 / s3:1→2, 12→1}"	"{s2:5→1, s3:5→1, s2:5→1, s1:5→1, s1:5→1}"
12	26	17	171	0	3	0	0	0	0	0	0	"{s1:12→1 / s2:1→1, 12→1 / s3:1→1, 12→1, s1:12→1 / s2:1→1 / s3:1→2, 12→3}"	""
12	26	17	176	1	2	0	0	0	0	0	0	"{s1:12→1 / s2:12→1 / s3:12→1, s1:12→1 / s2:12→1 / s3:12→2, s1:12→1 / s2:12→1 / s3:1→1, 12→2, s1:12→1 / s2:12→1 / s3:1→1, 12→3, s1:12→1 / s2:12→1 / s3:1→1, 12→4, s1:12→1 / s2:12→1 / s3:1→2, 12→3, s1:12→1 / s2:1→1, 12→1 / s3:12→3, s1:12→1 / s2:1→1, 12→2, s1:12→1 / s2:1→1 / s3:12→2, s1:12→1 / s3:1→1, 12→3, s2:1→1, s2:1→1, 12→1 / s3:1→3, 12→1, s2:1→1, 12→2 / s3:12→2, s2:1→1, 12→2 / s3:1→1, 12→4, s2:1→1 / s3:1→2, 12→1, s2:1→1 / s3:1→3, 12→2, s2:1→2, 12→1 / s3:1→1, s2:1→3, 12→1}"	"{s2:5→1 / s3:2→1, s2:5→1 / s3:2→1, s2:5→1 / s3:2→1, s2:5→1 / s3:2→1, s2:5→1 / s3:2→1, s2:5→1 / s3:2→1, s1:5→1 / s3:2→1, s1:5→1 / s3:2→1, s1:5→1 / s3:2→1, s2:5→1 / s3:2→1, s1:5→1 / s3:2→1, s1:5→1 / s3:2→1, s1:5→1 / s3:2→1, s1:5→1 / s3:2→1, s1:5→1 / s3:2→1, s1:5→1 / s3:2→1, s1:5→1 / s3:2→1, s1:5→1 / s3:2→1}"
12	26	17	177	1	2	0	0	0	0	0	0	"{s1:12→1 / s2:12→1 / s3:1→1, 12→1, s1:12→1 / s2:1→1, 12→1 / s3:12→2, s1:12→1 / s2:1→1, 12→1 / s3:1→1, 12→3, s1:12→1 / s2:1→1, 12→1 / s3:1→1, 12→4, s1:12→1 / s2:1→1, 12→1 / s3:6→1, 12→3, s1:12→1 / s2:1→1, 12→1 / s3:6→1, 12→4, s1:12→1 / s2:1→1, 12→2 / s3:12→1, s1:12→1 / s2:1→1, 12→2 / s3:1→1, 12→3, s1:12→1 / s2:1→1 / s3:1→3, 12→2, s1:12→1 / s2:1→2, 12→2, s1:12→1 / s2:1→2, 12→2 / s3:1→1, 12→3, s1:12→1 / s2:1→2, 12→3 / s3:12→1, s1:12→1 / s3:1→2, 12→3, s1:1→1, 12→1 / s2:1→1, 12→2, s1:1→1, 12→1 / s2:1→1, 12→2 / s3:12→2, s1:1→1, 12→1 / s2:1→1, 12→2 / s3:12→3, s1:1→1, 12→1 / s2:1→1, 12→3 / s3:12→1, s1:1→1 / s2:1→1, 12→1, s1:1→1 / s2:1→1, 12→2 / s3:12→2, s2:1→1, 12→1 / s3:1→1, 12→3, s2:1→1, 12→1 / s3:1→4, 12→1, s2:1→1, 12→2 / s3:1→1, 12→2, s2:1→1 / s3:1→2, 12→1, s2:1→1 / s3:1→3, 12→2, s2:1→2, 12→3 / s3:12→1}"	"{s2:5→1 / s3:13→1, s3:2→1, s3:2→1, s3:2→1, s3:2→1, s3:2→1, s3:2→1, s3:2→1, s3:2→1, s3:2→1, s3:2→1, s3:2→1, s2:5→1 / s3:13→1, s3:2→1, s3:2→1, s3:2→1, s3:2→1, s3:2→1, s3:2→1, s1:5→1 / s3:14→1, s1:5→1 / s3:14→1, s1:5→1 / s3:14→1, s1:5→1 / s3:14→1, s1:5→1 / s3:14→1, s1:5→1 / s3:14→1}"
12	26	17	178	1	2	0	0	0	0	0	0	"{s1:12→1 / s2:1→1, 12→1 / s3:1→1, 12→1, s1:12→1 / s2:1→1, 12→1 / s3:1→1, 12→2, s1:12→1 / s2:1→1, 12→1 / s3:1→1, 12→2, s1:12→1 / s2:1→1, 12→1 / s3:1→1, 12→3, s1:12→1 / s2:1→1, 12→1 / s3:1→1, 6→1, 12→3, s1:12→1 / s2:1→1, 12→1 / s3:1→2, 12→2, s1:12→1 / s2:1→1, 12→1 / s3:1→2, 12→3, s1:12→1 / s2:1→1, 12→1 / s3:1→2, 12→3, s1:12→1 / s2:1→1, 12→1 / s3:6→1, 12→2, s1:12→1 / s2:1→1, 12→1 / s3:6→1, 12→2, s1:12→1 / s2:1→1, 12→1 / s3:6→1, 12→3, s1:12→1 / s2:1→1, 12→2 / s3:1→1, 12→1, s1:12→1 / s2:1→1 / s3:1→1, 12→2, s1:12→1 / s2:1→1 / s3:1→2, 12→1, s1:12→1 / s2:1→1 / s3:1→2, 12→3, s1:12→1 / s2:1→1 / s3:1→3, 12→2, s1:12→1 / s2:1→2, 12→1 / s3:1→2, 6→1, 12→2, s1:12→1 / s2:1→2, 12→1 / s3:1→3, 12→1, s1:12→1 / s2:1→2, 12→2 / s3:1→1, 12→1, s1:1→1, 12→1 / s2:1→1, 12→2 / s3:12→1}"	"{s3:13→1, s3:13→1, s3:14→1, s3:14→1, s3:13→1, s3:13→1, s3:13→1, s3:14→1, s3:13→1, s3:14→1, s3:14→1, s3:13→1, s3:14→1, s3:13→1, s3:13→1, s3:14→1, s3:13→1, s3:13→1, s3:13→1, s3:13→1}"
12	26	18	100	0	2	0	0	1	0	0	0	"{s1:12→1 / s2:1→1 / s3:1→1, s1:12→1 / s3:1→1}"	"{s3:5→1, s2:5→1}"
12	26	18	106	0	1	1	1	0	0	0	0	"{s1:12→1 / s2:1→1, s1:1→1 / s2:12→1, s1:1→1 / s2:12→1 / s3:12→1}"	"{s3:5→1, s3:5→1, s3:5→1}"
12	26	18	106	1	1	0	0	1	0	0	0	"{s1:12→1, s1:12→1 / s2:1→1, s1:12→1 / s2:1→1 / s3:1→1, s1:12→1 / s2:1→1 / s3:1→1, 12→1, s1:12→1 / s3:1→1, s1:12→1 / s3:1→1, 12→1, s1:12→1 / s3:1→2, 12→1, s1:12→1 / s3:1→3, 12→1, s1:12→1 / s3:1→4, 12→1}"	"{s2:5→1 / s3:2→1, s2:5→1 / s3:2→1, s2:5→1 / s3:2→1, s2:5→1 / s3:2→1, s2:5→1 / s3:2→1, s2:5→1 / s3:2→1, s2:5→1 / s3:2→1, s2:5→1 / s3:2→1, s2:5→1 / s3:2→1}"
12	26	18	107	1	1	0	0	1	0	0	0	"{s1:12→1 / s2:1→1, s1:12→1 / s2:1→1 / s3:1→1, 12→1, s1:12→1 / s2:1→1 / s3:1→1, 6→1, s1:12→1 / s2:1→1 / s3:1→1, 6→1, 12→1, s1:12→1 / s2:1→1 / s3:1→2, 12→1, s1:12→1 / s2:1→1 / s3:1→2, 6→1, s1:12→1 / s2:1→1 / s3:1→2, 6→1, 12→1, s1:12→1 / s2:1→1 / s3:1→3, 6→1, s1:12→1 / s2:1→1 / s3:1→3, 6→1, 12→1, s1:12→1 / s2:1→1 / s3:6→1, s1:12→1 / s2:1→1 / s3:6→1, 12→1}"	"{s3:2→1, s3:2→1, s3:2→1, s3:2→1, s3:2→1, s3:2→1, s3:2→1, s3:2→1, s3:2→1, s3:2→1, s3:2→1}"
12	26	18	108	1	1	0	0	1	0	0	0	"{s1:12→1 / s2:1→1 / s3:1→1, 6→1, s1:12→1 / s2:1→1 / s3:1→1, 6→1, 12→1, s1:12→1 / s2:1→1 / s3:1→2, 6→1, s1:12→1 / s2:1→1 / s3:1→2, 6→1, 12→1, s1:12→1 / s2:1→1 / s3:1→3, 6→1, s1:12→1 / s2:1→1 / s3:1→3, 6→1, 12→1, s1:12→1 / s2:1→1 / s3:6→1}"	"{s3:14→1, s3:14→1, s3:14→1, s3:14→1, s3:14→1, s3:14→1, s3:14→1}"
12	26	18	113	1	0	1	1	0	0	0	0	"{s1:12→1 / s2:1→1, s1:12→1 / s2:1→1 / s3:12→1, s1:12→1 / s2:1→1 / s3:6→1, s1:12→1 / s2:1→1 / s3:6→1, 12→1, s1:12→1 / s2:1→1 / s3:6→1, 12→2, s1:12→1 / s2:1→1 / s3:6→1, 12→3}"	"{s3:2→1, s3:2→1, s3:2→1, s3:2→1, s3:2→1, s3:2→1}"
12	26	18	126	0	2	0	1	0	0	0	0	"{s1:12→1 / s2:1→1 / s3:1→1, s1:1→1 / s2:12→1 / s3:12→2}"	"{s3:5→1, s3:5→1}"
12	26	18	127	0	2	0	1	0	0	0	0	"{s1:12→1 / s2:1→1 / s3:1→1, s1:1→1 / s2:12→1 / s3:12→1}"	""
12	26	18	130	0	1	2	0	0	0	0	0	"s1:12→1 / s2:1→1 / s3:12→1"	"s3:5→1"
12	26	18	132	1	1	0	1	0	0	0	0	"{s1:12→1 / s2:1→1 / s3:1→1, s1:12→1 / s3:12→1, s1:12→1 / s3:1→1, 12→2, s1:12→1 / s3:1→2, 12→2, s1:12→1 / s3:1→2, 12→3}"	"{s2:5→1 / s3:2→1, s2:5→1 / s3:2→1, s2:5→1 / s3:2→1, s2:5→1 / s3:2→1, s2:5→1 / s3:2→1}"
12	26	18	133	1	1	0	1	0	0	0	0	"{s1:12→1 / s2:1→1 / s3:12→1, s1:12→1 / s2:1→1 / s3:1→1, 12→2, s1:12→1 / s2:1→1 / s3:1→1, 6→1, 12→3, s1:12→1 / s2:1→1 / s3:1→2, 12→1, s1:12→1 / s2:1→1 / s3:1→2, 12→2, s1:12→1 / s2:1→1 / s3:1→2, 12→3, s1:12→1 / s2:1→1 / s3:1→2, 6→1, s1:12→1 / s2:1→1 / s3:1→3, 12→1, s1:12→1 / s2:1→1 / s3:1→3, 12→2, s1:12→1 / s2:1→1 / s3:1→3, 6→1, s1:12→1 / s2:1→1 / s3:1→4, 12→1, s1:12→1 / s2:1→1 / s3:1→4, 6→1, s1:12→1 / s2:1→1 / s3:6→1, 12→2}"	"{s3:2→1, s3:2→1, s3:2→1, s3:2→1, s3:2→1, s3:2→1, s3:2→1, s3:2→1, s3:2→1, s3:2→1, s3:2→1, s3:2→1, s3:2→1}"
12	26	18	134	1	1	0	1	0	0	0	0	"{s1:12→1 / s2:1→1 / s3:1→1, 12→1, s1:12→1 / s2:1→1 / s3:1→1, 6→1, 12→2, s1:12→1 / s2:1→1 / s3:1→1, 6→1, 12→3, s1:12→1 / s2:1→1 / s3:1→2, 12→1, s1:12→1 / s2:1→1 / s3:1→2, 12→2, s1:12→1 / s2:1→1 / s3:1→2, 12→3, s1:12→1 / s2:1→1 / s3:1→2, 6→1, s1:12→1 / s2:1→1 / s3:1→3, 12→1, s1:12→1 / s2:1→1 / s3:1→3, 12→2, s1:12→1 / s2:1→1 / s3:1→3, 6→1, s1:12→1 / s2:1→1 / s3:1→4, 12→1, s1:12→1 / s2:1→1 / s3:6→1, 12→1, s1:1→1 / s2:12→1 / s3:6→1, s1:1→1 / s2:12→1 / s3:6→1, 12→3, s1:1→1 / s2:12→1 / s3:6→1, 12→4}"	"{s3:14→1, s3:14→1, s3:14→1, s3:14→1, s3:14→1, s3:14→1, s3:14→1, s3:14→1, s3:14→1, s3:14→1, s3:14→1, s3:14→1, s3:14→1, s3:14→1, s3:14→1}"
12	26	18	137	1	0	2	0	0	0	0	0	"{s1:12→1 / s2:1→1 / s3:12→2, s1:12→1 / s2:1→1 / s3:6→1, s1:12→1 / s2:1→1 / s3:6→1, 12→4}"	"{s3:2→1, s3:2→1, s3:2→1}"
12	26	18	150	0	2	1	0	0	0	0	0	"s1:12→1 / s2:1→1 / s3:1→1"	"s3:5→1"
12	26	18	156	1	1	1	0	0	0	0	0	"{s1:12→1 / s3:1→1, 12→3, s1:12→1 / s3:1→4, 12→1, s1:1→1}"	"{s2:5→1 / s3:2→1, s2:5→1 / s3:2→1, s2:5→1 / s3:2→1}"
12	26	18	157	1	1	1	0	0	0	0	0	"{s1:12→1 / s2:1→1, 12→1 / s3:1→1, 6→1, 12→1, s1:12→1 / s2:1→1 / s3:1→1, 6→1, s1:12→1 / s2:1→1 / s3:1→3, 12→1}"	"{s3:2→1, s3:2→1, s3:2→1}"
12	26	18	158	1	1	1	0	0	0	0	0	"{s1:12→1 / s2:1→1 / s3:1→1, 12→2, s1:12→1 / s2:1→1 / s3:1→1, 6→1, s1:12→1 / s2:1→1 / s3:1→3, 12→1, s1:1→1 / s2:12→1 / s3:1→1, 12→3, s1:1→1 / s2:12→1 / s3:6→1, 12→3}"	"{s3:14→1, s3:14→1, s3:14→1, s3:14→1, s3:14→1}"
12	26	18	170	0	3	0	0	0	0	0	0	"{s1:12→1 / s2:1→1 / s3:1→1, 12→3, s1:12→1 / s3:1→1, 12→2, s2:1→1 / s3:1→1}"	"{s1:5→1, s2:5→1, s1:5→1}"
12	26	18	171	0	3	0	0	0	0	0	0	"s1:12→1 / s2:12→1 / s3:1→1, 12→1"	""
12	26	18	176	1	2	0	0	0	0	0	0	"{s1:12→1 / s2:12→1 / s3:12→3, s1:12→1 / s2:1→1, 12→2, s1:12→1 / s3:12→2, s1:12→1 / s3:1→1, 12→4, s2:1→1, 12→1 / s3:1→1, s2:1→1, 12→1 / s3:1→4, 12→1, s2:1→1, 12→2 / s3:12→3, s2:1→1, 12→3 / s3:12→2, s2:1→1, 12→3 / s3:1→1, 12→4, s2:1→1 / s3:1→3, 12→1, s2:1→1 / s3:1→4, 12→1}"	"{s2:5→1 / s3:2→1, s2:5→1 / s3:2→1, s2:5→1 / s3:2→1, s2:5→1 / s3:2→1, s1:5→1 / s3:2→1, s1:5→1 / s3:2→1, s1:5→1 / s3:2→1, s1:5→1 / s3:2→1, s1:5→1 / s3:2→1, s1:5→1 / s3:2→1, s1:5→1 / s3:2→1}"
12	26	18	177	1	2	0	0	0	0	0	0	"{s1:12→1 / s2:12→1 / s3:12→1, s1:12→1 / s2:12→1 / s3:6→1, 12→3, s1:12→1 / s2:1→1, 12→2 / s3:12→2, s1:12→1 / s2:1→1, 12→2 / s3:12→3, s1:12→1 / s2:1→1, 12→2 / s3:1→1, 12→2, s1:12→1 / s2:1→1, 12→2 / s3:1→2, 12→3, s1:12→1 / s2:1→1, 12→2 / s3:6→1, 12→3, s1:12→1 / s2:1→1 / s3:1→1, 12→3, s2:1→1, 12→2 / s3:1→1, 12→3, s2:1→1 / s3:1→3, 12→1}"	"{s3:2→1, s3:2→1, s3:2→1, s3:2→1, s3:2→1, s3:2→1, s3:2→1, s3:2→1, s1:5→1 / s3:14→1, s1:5→1 / s3:14→1}"
12	26	19	73	0	2	0	0	0	1	0	0	"{s1:12→1 / s2:1→1 / s3:1→1, s1:12→1 / s3:1→1}"	"{s3:5→1, s2:5→1}"
12	26	19	79	1	1	0	0	0	1	0	0	"{s1:12→1, s1:12→1 / s2:1→1, s1:12→1 / s2:1→1 / s3:1→1, s1:12→1 / s3:1→1, s1:12→1 / s3:1→2}"	"{s2:5→1 / s3:2→1, s2:5→1 / s3:2→1, s2:5→1 / s3:2→1, s2:5→1 / s3:2→1, s2:5→1 / s3:2→1}"
12	26	19	80	0	1	1	0	1	0	0	0	"s1:12→1 / s2:1→1"	"s3:5→1"
12	26	19	80	1	1	0	0	0	1	0	0	"{s1:12→1 / s2:1→1, s1:12→1 / s2:1→1 / s3:1→1, s1:12→1 / s2:1→1 / s3:1→1, 6→1, s1:12→1 / s2:1→1 / s3:1→2, 6→1, s1:12→1 / s2:1→1 / s3:1→3, 6→1, s1:12→1 / s2:1→1 / s3:1→4, 6→1, s1:12→1 / s2:1→1 / s3:6→1}"	"{s3:2→1, s3:2→1, s3:2→1, s3:2→1, s3:2→1, s3:2→1, s3:2→1}"
12	26	19	81	1	1	0	0	0	1	0	0	"{s1:12→1 / s2:1→1 / s3:1→1, 6→1, s1:12→1 / s2:1→1 / s3:1→2, 6→1, s1:12→1 / s2:1→1 / s3:1→3, 6→1, s1:12→1 / s2:1→1 / s3:1→4, 6→1, s1:12→1 / s2:1→1 / s3:6→1}"	"{s3:14→1, s3:14→1, s3:14→1, s3:14→1, s3:14→1}"
12	26	19	82	0	1	0	2	0	0	0	0	"s1:12→1 / s2:1→1"	"s3:5→1"
12	26	19	87	1	0	1	0	1	0	0	0	"{s1:12→1 / s2:1→1, s1:12→1 / s2:1→1 / s3:12→1, s1:12→1 / s2:1→1 / s3:6→1, s1:12→1 / s2:1→1 / s3:6→1, 12→1}"	"{s3:2→1, s3:2→1, s3:2→1, s3:2→1}"
12	26	19	101	0	2	0	0	1	0	0	0	"s1:12→1 / s2:1→1 / s3:1→1"	""
12	26	19	106	1	1	0	0	1	0	0	0	"{s1:12→1 / s2:1→1 / s3:1→2, s1:12→1 / s3:12→1}"	"{s2:5→1 / s3:2→1, s2:5→1 / s3:2→1}"
12	26	19	107	0	1	1	1	0	0	0	0	"s1:1→1 / s2:12→1 / s3:12→1"	""
12	26	19	107	1	1	0	0	1	0	0	0	"{s1:12→1 / s2:1→1 / s3:12→1, s1:12→1 / s2:1→1 / s3:1→1, s1:12→1 / s2:1→1 / s3:1→2, s1:12→1 / s2:1→1 / s3:1→3, 12→1, s1:12→1 / s2:1→1 / s3:1→4, 12→1, s1:12→1 / s2:1→1 / s3:1→4, 6→1, s1:12→1 / s2:1→2}"	"{s3:2→1, s3:2→1, s3:2→1, s3:2→1, s3:2→1, s3:2→1, s3:2→1}"
12	26	19	108	1	1	0	0	1	0	0	0	"{s1:12→1 / s2:1→1 / s3:1→1, s1:12→1 / s2:1→1 / s3:1→1, 12→1, s1:12→1 / s2:1→1 / s3:1→2, 12→1, s1:12→1 / s2:1→1 / s3:1→3, 12→1, s1:12→1 / s2:1→1 / s3:1→4, 12→1, s1:12→1 / s2:1→1 / s3:1→4, 6→1, s1:12→1 / s2:1→1 / s3:6→1, 12→1}"	"{s3:14→1, s3:14→1, s3:14→1, s3:14→1, s3:14→1, s3:14→1, s3:14→1}"
12	26	19	113	1	0	1	1	0	0	0	0	"s1:12→1 / s2:1→1 / s3:12→2"	"s3:2→1"
12	26	19	132	1	1	0	1	0	0	0	0	"s1:12→1 / s3:1→1, 12→3"	"s2:5→1 / s3:2→1"
12	26	19	133	1	1	0	1	0	0	0	0	"s1:12→1 / s2:1→1 / s3:1→1"	"s3:2→1"
12	26	19	134	1	1	0	1	0	0	0	0	"{s1:12→1 / s2:1→1 / s3:1→1, 12→2, s1:12→1 / s2:1→1 / s3:1→4, 6→1}"	"{s3:14→1, s3:14→1}"
12	26	19	150	0	2	1	0	0	0	0	0	"s1:1→1 / s2:12→1 / s3:12→2"	"s3:5→1"
12	26	19	156	1	1	1	0	0	0	0	0	"{s1:12→1 / s3:12→2, s1:12→1 / s3:1→1, 12→4, s1:1→1, 12→1 / s3:12→3, s1:1→1 / s2:12→2 / s3:12→4}"	"{s2:5→1 / s3:2→1, s2:5→1 / s3:2→1, s2:5→1 / s3:2→1, s2:5→1 / s3:2→1}"
12	26	19	157	1	1	1	0	0	0	0	0	"{s1:12→1 / s2:12→1 / s3:12→1, s1:12→1 / s2:1→1 / s3:1→1, 12→3, s1:12→1 / s2:1→1 / s3:1→4, 12→1, s1:1→1 / s2:12→1 / s3:12→3}"	"{s3:2→1, s3:2→1, s3:2→1, s3:2→1}"
12	26	19	158	1	1	1	0	0	0	0	0	"s1:12→1 / s2:1→1 / s3:6→1, 12→2"	"s3:14→1"
12	26	19	170	0	3	0	0	0	0	0	0	"{s1:12→1 / s2:12→1 / s3:12→1, s2:1→1, 12→1 / s3:1→1, 12→3}"	"{s3:5→1, s1:5→1}"
12	26	19	171	0	3	0	0	0	0	0	0	"{s1:12→1 / s2:1→1 / s3:1→1, 12→2, s1:12→1 / s2:1→1 / s3:1→2, 12→1}"	""
12	26	20	32	1	0	1	0	0	0	1	0	"s1:12→1 / s2:1→1 / s3:6→1"	"s3:2→1"
12	26	20	45	0	2	0	0	0	0	1	0	"{s1:12→1 / s2:1→1 / s3:1→1, s1:12→1 / s3:1→1}"	"{s3:5→1, s2:5→1}"
12	26	20	46	0	2	0	0	0	0	1	0	"s1:12→1 / s2:1→1 / s3:1→1"	""
12	26	20	51	1	1	0	0	0	0	1	0	"{s1:12→1, s1:12→1 / s2:1→1, s1:12→1 / s2:1→1 / s3:1→1, s1:12→1 / s3:1→1, s1:12→1 / s3:1→2}"	"{s2:5→1 / s3:2→1, s2:5→1 / s3:2→1, s2:5→1 / s3:2→1, s2:5→1 / s3:2→1, s2:5→1 / s3:2→1}"
12	26	20	52	1	1	0	0	0	0	1	0	"{s1:12→1 / s2:1→1, s1:12→1 / s2:1→1 / s3:1→1, s1:12→1 / s2:1→1 / s3:1→1, 6→1, s1:12→1 / s2:1→1 / s3:1→2, 6→1, s1:12→1 / s2:1→1 / s3:1→3, 6→1, s1:12→1 / s2:1→1 / s3:1→4, 6→1, s1:12→1 / s2:1→1 / s3:6→1}"	"{s3:2→1, s3:2→1, s3:2→1, s3:2→1, s3:2→1, s3:2→1, s3:2→1}"
12	26	20	53	0	1	1	0	0	1	0	0	"s1:12→1 / s2:1→1"	"s3:5→1"
12	26	20	53	1	1	0	0	0	0	1	0	"{s1:12→1 / s2:1→1 / s3:1→1, 6→1, s1:12→1 / s2:1→1 / s3:1→2, 6→1, s1:12→1 / s2:1→1 / s3:1→3, 6→1, s1:12→1 / s2:1→1 / s3:1→4, 6→1, s1:12→1 / s2:1→1 / s3:6→1}"	"{s3:14→1, s3:14→1, s3:14→1, s3:14→1, s3:14→1}"
12	26	20	56	0	1	0	1	1	0	0	0	"s1:12→1 / s2:1→1"	"s3:5→1"
12	26	20	60	1	0	1	0	0	1	0	0	"{s1:12→1 / s2:1→1, s1:12→1 / s2:1→1 / s3:6→1}"	"{s3:2→1, s3:2→1}"
12	26	20	74	0	2	0	0	0	1	0	0	"s1:12→1 / s2:1→1 / s3:1→1"	""
12	26	20	80	1	1	0	0	0	1	0	0	"{s1:12→1 / s2:1→1 / s3:1→2, s1:12→1 / s2:1→1 / s3:1→3, s1:12→1 / s2:1→1 / s3:1→4, s1:12→1 / s2:1→1 / s3:1→5, s1:12→1 / s2:1→2, s1:12→1 / s2:1→2 / s3:1→1}"	"{s3:2→1, s3:2→1, s3:2→1, s3:2→1, s3:2→1, s3:2→1}"
12	26	20	81	1	1	0	0	0	1	0	0	"s1:12→1 / s2:1→1 / s3:1→1"	"s3:14→1"
12	26	20	107	1	1	0	0	1	0	0	0	"{s1:12→1 / s2:1→1 / s3:1→3, s1:12→1 / s2:1→1 / s3:1→4, s1:12→1 / s2:1→1 / s3:1→5, s1:12→1 / s2:1→2 / s3:1→1}"	"{s3:2→1, s3:2→1, s3:2→1, s3:2→1}"
12	26	20	132	1	1	0	1	0	0	0	0	"{s1:12→1 / s2:1→1 / s3:1→2, s1:12→1 / s3:12→2}"	"{s2:5→1 / s3:2→1, s2:5→1 / s3:2→1}"
12	26	20	133	1	1	0	1	0	0	0	0	"s1:12→1 / s2:1→1 / s3:1→1, 12→3"	"s3:2→1"
12	26	20	134	1	1	0	1	0	0	0	0	"s1:12→1 / s2:1→1 / s3:6→1, 12→2"	"s3:14→1"
12	26	20	137	1	0	2	0	0	0	0	0	"s1:12→1 / s2:1→1 / s3:12→3"	"s3:2→1"
12	26	20	150	0	2	1	0	0	0	0	0	"s1:12→1 / s3:1→4, 12→1"	"s2:5→1"
12	26	20	151	0	2	1	0	0	0	0	0	"{s1:12→1 / s2:1→1 / s3:1→1, s1:1→1 / s2:12→1 / s3:12→1}"	""
12	26	20	157	1	1	1	0	0	0	0	0	"{s1:12→1 / s2:1→1 / s3:1→2, 6→1, s1:12→1 / s2:1→1 / s3:6→1, 12→3}"	"{s3:2→1, s3:2→1}"
12	26	20	158	1	1	1	0	0	0	0	0	"{s1:12→1 / s2:1→1 / s3:12→1, s1:12→1 / s2:1→1 / s3:1→4, 12→1, s1:1→1 / s2:12→1 / s3:1→1, s1:1→1 / s2:12→1 / s3:1→1, 12→4, s1:1→1 / s2:12→1 / s3:6→1, 12→4}"	"{s3:14→1, s3:14→1, s3:14→1, s3:14→1, s3:14→1}"
12	26	20	170	0	3	0	0	0	0	0	0	"{s1:12→1 / s2:12→1, s1:12→1 / s3:1→3, 12→1}"	"{s3:5→1, s2:5→1}"
12	26	20	171	0	3	0	0	0	0	0	0	"s1:12→1 / s2:12→1 / s3:12→1"	""
12	26	21	25	0	1	1	0	0	0	1	0	"s1:12→1 / s2:1→1"	"s3:5→1"
12	26	21	29	0	1	0	1	0	1	0	0	"s1:12→1 / s2:1→1"	"s3:5→1"
12	26	21	32	1	0	1	0	0	0	1	0	"s1:12→1 / s2:1→1"	"s3:2→1"
12	26	21	45	0	2	0	0	0	0	1	0	"s1:12→1 / s3:1→2"	"s2:5→1"
12	26	21	46	0	2	0	0	0	0	1	0	"s1:12→1 / s2:1→1 / s3:1→2"	""
12	26	21	52	1	1	0	0	0	0	1	0	"{s1:12→1 / s2:1→1 / s3:1→2, s1:12→1 / s2:1→1 / s3:1→3, s1:12→1 / s2:1→1 / s3:1→4, s1:12→1 / s2:1→1 / s3:1→5, s1:12→1 / s2:1→2, s1:12→1 / s2:1→2 / s3:1→1, s1:12→1 / s2:1→3}"	"{s3:2→1, s3:2→1, s3:2→1, s3:2→1, s3:2→1, s3:2→1, s3:2→1}"
12	26	21	53	1	1	0	0	0	0	1	0	"{s1:12→1 / s2:1→1 / s3:1→1, s1:12→1 / s2:1→1 / s3:1→2, s1:12→1 / s2:1→1 / s3:1→3, s1:12→1 / s2:1→1 / s3:1→4, s1:12→1 / s2:1→1 / s3:1→5}"	"{s3:14→1, s3:14→1, s3:14→1, s3:14→1, s3:14→1}"
12	26	21	73	0	2	0	0	0	1	0	0	"s1:12→1 / s3:1→2"	"s2:5→1"
12	26	21	74	0	2	0	0	0	1	0	0	"s1:12→1 / s2:1→1 / s3:1→2"	""
12	26	21	80	1	1	0	0	0	1	0	0	"s1:12→1 / s2:1→3"	"s3:2→1"
12	26	21	81	1	1	0	0	0	1	0	0	"{s1:12→1 / s2:1→1 / s3:1→2, s1:12→1 / s2:1→1 / s3:1→3, s1:12→1 / s2:1→1 / s3:1→4, s1:12→1 / s2:1→1 / s3:1→5}"	"{s3:14→1, s3:14→1, s3:14→1, s3:14→1}"
12	26	21	101	0	2	0	0	1	0	0	0	"s1:12→1 / s2:1→1 / s3:1→2"	""
12	26	21	108	1	1	0	0	1	0	0	0	"{s1:12→1 / s2:1→1 / s3:1→2, s1:12→1 / s2:1→1 / s3:1→3}"	"{s3:14→1, s3:14→1}"
12	26	21	113	1	0	1	1	0	0	0	0	"s1:12→1 / s2:1→1 / s3:12→3"	"s3:2→1"
12	26	21	131	0	1	2	0	0	0	0	0	"s1:12→1 / s2:1→1 / s3:12→1"	""
12	26	21	133	1	1	0	1	0	0	0	0	"{s1:12→1 / s2:1→1 / s3:1→2, s1:12→1 / s2:1→1 / s3:6→1, 12→3, s1:12→1 / s2:1→2, s1:12→1 / s2:1→2 / s3:1→1}"	"{s3:2→1, s3:2→1, s3:2→1, s3:2→1}"
12	26	21	134	1	1	0	1	0	0	0	0	"{s1:12→1 / s2:1→1 / s3:12→1, s1:12→1 / s2:1→1 / s3:1→1, s1:1→1 / s2:12→1 / s3:12→1, s1:1→1 / s2:12→2 / s3:6→1, 12→4}"	"{s3:14→1, s3:14→1, s3:14→1, s3:14→1}"
12	26	21	150	0	2	1	0	0	0	0	0	"{s1:12→1 / s2:12→1, s1:12→1 / s2:12→1 / s3:1→1}"	"{s3:5→1, s2:5→1}"
12	26	21	156	1	1	1	0	0	0	0	0	"s1:12→1 / s2:12→1"	"s2:5→1 / s3:2→1"
12	26	21	158	1	1	1	0	0	0	0	0	"s1:12→1 / s2:1→1 / s3:1→2, 6→1"	"s3:14→1"
12	26	22	1	0	1	0	1	0	0	1	0	"s1:12→1 / s2:1→1"	"s3:5→1"
12	26	22	107	1	1	0	0	1	0	0	0	"s1:12→1 / s2:1→3"	"s3:2→1"
12	26	22	108	1	1	0	0	1	0	0	0	"{s1:12→1 / s2:1→1 / s3:12→1, s1:12→1 / s2:1→1 / s3:1→4, s1:12→1 / s2:1→1 / s3:1→5}"	"{s3:14→1, s3:14→1, s3:14→1}"
12	26	22	134	1	1	0	1	0	0	0	0	"s1:12→1 / s2:1→1 / s3:1→1, 12→3"	"s3:14→1"
12	26	22	156	1	1	1	0	0	0	0	0	"s1:12→1 / s2:1→1 / s3:1→1"	"s2:5→1 / s3:2→1"
12	26	22	157	1	1	1	0	0	0	0	0	"{s1:1→1 / s2:12→1, s1:1→1 / s2:12→1 / s3:12→4}"	"{s3:2→1, s3:2→1}"
12	26	22	158	1	1	1	0	0	0	0	0	"{s1:12→1 / s2:1→1 / s3:1→1, 12→3, s1:1→1 / s2:12→1 / s3:1→1, 6→1}"	"{s3:14→1, s3:14→1}"
12	26	23	127	0	2	0	1	0	0	0	0	"s1:1→1 / s2:12→1 / s3:12→2"	""
12	26	23	133	1	1	0	1	0	0	0	0	"s1:12→1 / s2:1→1 / s3:1→3"	"s3:2→1"
12	26	23	134	1	1	0	1	0	0	0	0	"s1:1→1 / s2:12→2 / s3:6→1, 12→3"	"s3:14→1"
12	26	23	137	1	0	2	0	0	0	0	0	"s1:12→1 / s2:1→1 / s3:12→4"	"s3:2→1"
12	26	23	157	1	1	1	0	0	0	0	0	"s1:12→1 / s2:1→1 / s3:1→1, 12→4"	"s3:2→1"
12	26	24	127	0	2	0	1	0	0	0	0	"s1:12→1 / s2:1→1 / s3:1→2"	""
12	26	24	133	1	1	0	1	0	0	0	0	"s1:12→1 / s2:1→1 / s3:1→4"	"s3:2→1"
12	26	24	156	1	1	1	0	0	0	0	0	"s1:12→1 / s3:12→3"	"s2:5→1 / s3:2→1"
12	26	24	157	1	1	1	0	0	0	0	0	"s1:12→1 / s2:1→1 / s3:1→3, 6→1"	"s3:2→1"
12	26	24	170	0	3	0	0	0	0	0	0	"s2:1→1 / s3:1→2"	"s1:5→1"
12	26	25	132	1	1	0	1	0	0	0	0	"s1:12→1 / s3:12→3"	"s2:5→1 / s3:2→1"
12	26	26	133	1	1	0	1	0	0	0	0	"s1:12→1 / s2:1→1 / s3:1→5"	"s3:2→1"
12	26	27	51	1	1	0	0	0	0	1	0	"s1:12→1 / s3:1→3"	"s2:5→1 / s3:2→1"
12	26	27	127	0	2	0	1	0	0	0	0	"s1:1→1 / s2:12→2 / s3:12→2"	""
12	26	27	134	1	1	0	1	0	0	0	0	"s1:1→1 / s2:12→2 / s3:12→1"	"s3:14→1"
12	26	28	133	1	1	0	1	0	0	0	0	"s1:12→1 / s2:1→1 / s3:12→2"	"s3:2→1"
12	26	28	134	1	1	0	1	0	0	0	0	"s1:1→1 / s2:12→1 / s3:12→2"	"s3:14→1"
12	26	29	127	0	2	0	1	0	0	0	0	"s1:1→1 / s2:12→1 / s3:12→3"	""
12	26	29	134	1	1	0	1	0	0	0	0	"s1:12→1 / s2:1→1 / s3:1→2"	"s3:14→1"
12	26	29	157	1	1	1	0	0	0	0	0	"s1:1→1 / s2:12→1 / s3:12→5"	"s3:2→1"
12	26	29	158	1	1	1	0	0	0	0	0	"s1:12→1 / s2:1→1 / s3:1→3, 6→1"	"s3:14→1"
12	26	30	134	1	1	0	1	0	0	0	0	"s1:12→1 / s2:1→1 / s3:6→1, 12→3"	"s3:14→1"
12	26	30	137	1	0	2	0	0	0	0	0	"s1:12→1 / s2:1→1 / s3:12→5"	"s3:2→1"
12	26	33	134	1	1	0	1	0	0	0	0	"{s1:1→1 / s2:12→2 / s3:12→2, s1:1→1 / s2:12→3 / s3:12→1}"	"{s3:14→1, s3:14→1}"
12	26	34	127	0	2	0	1	0	0	0	0	"s1:1→1 / s2:12→1 / s3:12→4"	""
12	26	34	134	1	1	0	1	0	0	0	0	"s1:1→1 / s2:12→1 / s3:12→3"	"s3:14→1"
12	26	37	134	1	1	0	1	0	0	0	0	"s1:1→1 / s2:12→2 / s3:12→3"	"s3:14→1"
12	26	38	127	0	2	0	1	0	0	0	0	"s1:1→1 / s2:12→1 / s3:12→5"	""
12	26	38	134	1	1	0	1	0	0	0	0	"s1:12→1 / s2:1→1 / s3:1→3"	"s3:14→1"
12	26	39	134	1	1	0	1	0	0	0	0	"s1:1→1 / s2:12→1 / s3:12→4"	"s3:14→1"
12	26	40	134	1	1	0	1	0	0	0	0	"s1:1→1 / s2:12→2 / s3:12→4"	"s3:14→1"
12	26	41	134	1	1	0	1	0	0	0	0	"s1:1→1 / s2:12→1 / s3:12→5"	"s3:14→1"
12	26	42	134	1	1	0	1	0	0	0	0	"s1:1→1 / s2:12→2 / s3:12→5"	"s3:14→1"
12	26	44	134	1	1	0	1	0	0	0	0	"s1:12→1 / s2:1→1 / s3:1→4"	"s3:14→1"
12	26	49	134	1	1	0	1	0	0	0	0	"s1:12→1 / s2:1→1 / s3:1→5"	"s3:14→1"
12	26	51	106	1	1	0	0	1	0	0	0	"s1:12→1 / s3:1→2"	"s2:5→1 / s3:2→1"
12	26	60	133	1	1	0	1	0	0	0	0	"s1:12→1 / s2:1→3"	"s3:2→1"
12	26	95	100	0	2	0	0	1	0	0	0	"s1:12→1 / s3:1→2"	"s2:5→1"
12	27	17	126	0	3	0	0	0	0	0	0	"s1:12→1 / s2:6→1 / s3:1→1"	""
12	27	17	133	1	2	0	0	0	0	0	0	"{s1:12→1 / s2:1→1 / s3:6→1, s1:12→1 / s2:1→1 / s3:6→2, s1:12→1 / s2:1→1 / s3:6→3, s1:12→1 / s2:1→1 / s3:6→4, s1:12→1 / s2:6→1 / s3:1→1}"	"{s3:13→1, s3:13→1, s3:13→1, s3:13→1, s3:13→1}"
12	29	17	129	0	3	0	0	0	0	0	0	"s2:2→1 / s3:1→1"	"s1:12→1"
12	29	17	136	1	2	0	0	0	0	0	0	"{s1:2→1 / s2:1→1 / s3:8→1, 9→1, s1:2→1 / s2:1→1 / s3:9→1, s2:1→1, 2→1 / s3:9→1, s2:2→1 / s3:1→1, s2:2→1 / s3:1→1, 8→1, 9→1, s2:2→1 / s3:1→1, 9→1, s2:2→1 / s3:1→2, 8→1, 9→1, s2:2→1 / s3:1→2, 9→1, s2:2→1 / s3:1→3, 8→1, 9→1, s2:2→1 / s3:8→1, 9→1, s2:2→1 / s3:9→1}"	"{s2:12→1 / s3:13→1, s2:12→1 / s3:13→1, s1:12→1 / s3:14→1, s1:12→1 / s3:14→1, s1:12→1 / s3:14→1, s1:12→1 / s3:14→1, s1:12→1 / s3:14→1, s1:12→1 / s3:14→1, s1:12→1 / s3:14→1, s1:12→1 / s3:14→1, s1:12→1 / s3:14→1}"
12	29	17	137	1	2	0	0	0	0	0	0	"{s1:2→1 / s2:1→1 / s3:11→1, s1:2→1 / s2:1→1 / s3:8→1, 9→1, s1:2→1 / s2:1→1 / s3:8→1, 9→1, 11→1, s1:2→1 / s2:1→1 / s3:9→1, s1:2→1 / s2:1→1 / s3:9→1, 11→1}"	"{s3:14→1, s3:14→1, s3:14→1, s3:14→1, s3:14→1}"
12	29	18	136	1	2	0	0	0	0	0	0	"s2:2→1 / s3:1→3, 9→1"	"s1:12→1 / s3:14→1"
12	29	19	136	1	2	0	0	0	0	0	0	"s2:2→1 / s3:1→4, 9→1"	"s1:12→1 / s3:14→1"
12	29	21	136	1	2	0	0	0	0	0	0	"s2:2→1 / s3:1→2"	"s1:12→1 / s3:14→1"
12	29	34	136	1	2	0	0	0	0	0	0	"s2:2→1 / s3:1→3"	"s1:12→1 / s3:14→1"
12	30	17	129	0	3	0	0	0	0	0	0	"{s2:2→1 / s3:1→1, s2:2→1 / s3:1→1}"	"{s1:11→1, s1:12→1}"
12	30	17	136	1	2	0	0	0	0	0	0	"{s1:2→1 / s2:1→1 / s3:10→1, s1:2→1 / s2:1→1 / s3:8→1, s1:2→1 / s2:1→1 / s3:8→1, s1:2→1 / s2:1→1 / s3:8→1, 10→1, s2:1→1, 2→1 / s3:8→1, s2:2→1 / s3:1→1, s2:2→1 / s3:1→1, 10→1, s2:2→1 / s3:1→1, 8→1, s2:2→1 / s3:1→1, 8→1, 10→1, s2:2→1 / s3:1→2, 10→1, s2:2→1 / s3:1→2, 8→1, s2:2→1 / s3:1→2, 8→1, 10→1, s2:2→1 / s3:1→3, 10→1, s2:2→1 / s3:1→3, 8→1, 10→1, s2:2→1 / s3:1→4, 10→1, s2:2→1 / s3:8→1, s2:2→1 / s3:8→1}"	"{s2:12→1 / s3:13→1, s2:11→1 / s3:13→1, s2:12→1 / s3:13→1, s2:12→1 / s3:13→1, s1:12→1 / s3:14→1, s1:12→1 / s3:14→1, s1:12→1 / s3:14→1, s1:12→1 / s3:14→1, s1:12→1 / s3:14→1, s1:12→1 / s3:14→1, s1:12→1 / s3:14→1, s1:12→1 / s3:14→1, s1:12→1 / s3:14→1, s1:12→1 / s3:14→1, s1:12→1 / s3:14→1, s1:11→1 / s3:14→1, s1:12→1 / s3:14→1}"
12	30	17	137	1	2	0	0	0	0	0	0	"{s1:2→1 / s2:1→1 / s3:10→1, s1:2→1 / s2:1→1 / s3:8→1, s1:2→1 / s2:1→1 / s3:8→1, 10→1}"	"{s3:14→1, s3:14→1, s3:14→1}"
12	30	18	136	1	2	0	0	0	0	0	0	"{s2:2→1 / s3:10→1, s2:2→1 / s3:1→3, 8→1, s2:2→1 / s3:8→1, 10→1}"	"{s1:12→1 / s3:14→1, s1:12→1 / s3:14→1, s1:12→1 / s3:14→1}"
12	30	19	136	1	2	0	0	0	0	0	0	"s2:2→1 / s3:1→4, 8→1"	"s1:12→1 / s3:14→1"
12	30	21	136	1	2	0	0	0	0	0	0	"s2:2→1 / s3:1→2"	"s1:12→1 / s3:14→1"
12	30	33	136	1	2	0	0	0	0	0	0	"s2:2→1 / s3:1→3"	"s1:12→1 / s3:14→1"
12	30	86	136	1	2	0	0	0	0	0	0	"s2:2→1 / s3:1→4"	"s1:12→1 / s3:14→1"
12	31	16	154	2	0	1	0	0	0	0	0	"{s1:1→1, s1:1→1 / s2:1→1 / s3:1→1, s1:1→1 / s2:1→1 / s3:1→2, s1:1→1 / s2:1→1 / s3:1→3, s1:1→1 / s2:1→1 / s3:1→4, s1:1→1 / s2:1→2 / s3:1→2, s1:1→1 / s3:1→1, s1:1→1 / s3:1→2, s1:1→1 / s3:1→3, s1:1→1 / s3:1→4, s1:1→1 / s3:1→5, s1:1→2}"	"{s2:12→1 / s3:6→1, s2:12→1 / s3:6→1, s2:12→1 / s3:6→1, s2:12→1 / s3:6→1, s2:12→1 / s3:6→1, s2:12→1 / s3:6→1, s2:12→1 / s3:6→1, s2:12→1 / s3:6→1, s2:12→1 / s3:6→1, s2:12→1 / s3:6→1, s2:12→1 / s3:6→1, s2:12→1 / s3:6→1}"
12	31	16	162	0	3	0	0	0	0	0	0	"s1:1→1 / s2:1→1 / s3:1→1"	""
12	31	16	168	1	2	0	0	0	0	0	0	"{s1:1→1 / s2:1→1, s1:1→1 / s2:1→1 / s3:1→1, s1:1→1 / s2:1→1 / s3:1→2, s1:1→1 / s2:1→1 / s3:1→3, s1:1→1 / s2:1→1 / s3:1→4, s1:1→1 / s2:1→1 / s3:1→5, s1:1→1 / s2:1→2, s1:1→1 / s2:1→2 / s3:1→1, s1:1→1 / s2:1→2 / s3:1→2, s1:1→1 / s2:1→2 / s3:1→3, s1:1→1 / s2:1→3, s1:1→1 / s2:1→3 / s3:1→1, s1:1→1 / s2:1→4, s1:1→1 / s2:1→5, s1:1→2 / s2:1→2}"	"{s3:12→1, s3:12→1, s3:12→1, s3:12→1, s3:12→1, s3:12→1, s3:12→1, s3:12→1, s3:12→1, s3:12→1, s3:12→1, s3:12→1, s3:12→1, s3:12→1, s3:12→1}"
12	31	16	169	1	2	0	0	0	0	0	0	"{s1:1→1 / s2:1→1 / s3:1→1, s1:1→1 / s2:1→1 / s3:1→2, s1:1→1 / s2:1→1 / s3:1→3, s1:1→1 / s2:1→1 / s3:1→4, s1:1→1 / s2:1→1 / s3:1→5, s1:1→1 / s2:1→2 / s3:1→1}"	"{s3:14→1, s3:14→1, s3:14→1, s3:14→1, s3:14→1, s3:13→1}"
12	31	16	174	2	1	0	0	0	0	0	0	"{s1:1→1, s1:1→1 / s2:1→1 / s3:1→1, s1:1→1 / s2:1→1 / s3:1→2, s1:1→1 / s2:1→1 / s3:1→3, s1:1→1 / s2:1→1 / s3:1→4, s1:1→1 / s2:1→1 / s3:1→5, s1:1→1 / s2:1→2 / s3:1→2, s1:1→1 / s2:1→2 / s3:1→3, s1:1→1 / s2:1→2 / s3:1→4, s1:1→1 / s2:1→2 / s3:1→5, s1:1→1 / s2:1→3 / s3:1→3, s1:1→1 / s2:1→3 / s3:1→4, s1:1→1 / s2:1→3 / s3:1→5, s1:1→1 / s2:1→4 / s3:1→4, s1:1→1 / s2:1→4 / s3:1→5, s1:1→1 / s2:1→5 / s3:1→5, s1:1→1 / s3:1→1, s1:1→1 / s3:1→2, s1:1→1 / s3:1→3, s1:1→1 / s3:1→4, s1:1→1 / s3:1→5, s1:1→2, s1:1→2 / s2:1→1 / s3:1→1, s1:1→2 / s2:1→1 / s3:1→2, s1:1→2 / s2:1→1 / s3:1→3, s1:1→2 / s2:1→1 / s3:1→4, s1:1→2 / s2:1→1 / s3:1→5, s1:1→2 / s2:1→2 / s3:1→2, s1:1→2 / s2:1→2 / s3:1→3, s1:1→2 / s2:1→2 / s3:1→4, s1:1→2 / s2:1→2 / s3:1→5, s1:1→2 / s2:1→3 / s3:1→3, s1:1→2 / s2:1→3 / s3:1→4, s1:1→2 / s3:1→1, s1:1→2 / s3:1→2, s1:1→2 / s3:1→3, s1:1→2 / s3:1→4, s1:1→2 / s3:1→5, s1:1→3, s1:1→3 / s2:1→1 / s3:1→1, s1:1→3 / s2:1→1 / s3:1→2, s1:1→3 / s2:1→1 / s3:1→3, s1:1→3 / s2:1→1 / s3:1→4, s1:1→3 / s2:1→2 / s3:1→2, s1:1→3 / s3:1→1, s1:1→3 / s3:1→2, s1:1→3 / s3:1→3, s1:1→3 / s3:1→4, s1:1→3 / s3:1→5, s1:1→4, s1:1→4 / s2:1→1 / s3:1→1, s1:1→4 / s3:1→1, s1:1→4 / s3:1→2, s1:1→4 / s3:1→3, s1:1→4 / s3:1→4, s1:1→4 / s3:1→5, s1:1→5, s1:1→5 / s2:1→1 / s3:1→1, s1:1→5 / s3:1→1, s1:1→5 / s3:1→2, s1:1→5 / s3:1→3, s1:1→5 / s3:1→4}"	"{s2:12→1 / s3:6→1, s2:12→1 / s3:6→1, s2:12→1 / s3:6→1, s2:12→1 / s3:6→1, s2:12→1 / s3:6→1, s2:12→1 / s3:6→1, s2:12→1 / s3:6→1, s2:12→1 / s3:6→1, s2:12→1 / s3:6→1, s2:12→1 / s3:6→1, s2:12→1 / s3:6→1, s2:12→1 / s3:6→1, s2:12→1 / s3:6→1, s2:12→1 / s3:6→1, s2:12→1 / s3:6→1, s2:12→1 / s3:6→1, s2:12→1 / s3:6→1, s2:12→1 / s3:6→1, s2:12→1 / s3:6→1, s2:12→1 / s3:6→1, s2:12→1 / s3:6→1, s2:12→1 / s3:6→1, s2:12→1 / s3:6→1, s2:12→1 / s3:6→1, s2:12→1 / s3:6→1, s2:12→1 / s3:6→1, s2:12→1 / s3:6→1, s2:12→1 / s3:6→1, s2:12→1 / s3:6→1, s2:12→1 / s3:6→1, s2:12→1 / s3:6→1, s2:12→1 / s3:6→1, s2:12→1 / s3:6→1, s2:12→1 / s3:6→1, s2:12→1 / s3:6→1, s2:12→1 / s3:6→1, s2:12→1 / s3:6→1, s2:12→1 / s3:6→1, s2:12→1 / s3:6→1, s2:12→1 / s3:6→1, s2:12→1 / s3:6→1, s2:12→1 / s3:6→1, s2:12→1 / s3:6→1, s2:12→1 / s3:6→1, s2:12→1 / s3:6→1, s2:12→1 / s3:6→1, s2:12→1 / s3:6→1, s2:12→1 / s3:6→1, s2:12→1 / s3:6→1, s2:12→1 / s3:6→1, s2:12→1 / s3:6→1, s2:12→1 / s3:6→1, s2:12→1 / s3:6→1, s2:12→1 / s3:6→1, s2:12→1 / s3:6→1, s2:12→1 / s3:6→1, s2:12→1 / s3:6→1, s2:12→1 / s3:6→1, s2:12→1 / s3:6→1, s2:12→1 / s3:6→1, s2:12→1 / s3:6→1, s2:12→1 / s3:6→1}"
12	31	16	175	2	1	0	0	0	0	0	0	"{s1:1→1 / s2:1→1 / s3:1→1, s1:1→1 / s2:1→1 / s3:1→1, s1:1→1 / s2:1→1 / s3:1→2, s1:1→1 / s2:1→1 / s3:1→2, s1:1→1 / s2:1→1 / s3:1→2, s1:1→1 / s2:1→1 / s3:1→3, s1:1→1 / s2:1→1 / s3:1→3, s1:1→1 / s2:1→1 / s3:1→3, s1:1→1 / s2:1→1 / s3:1→4, s1:1→1 / s2:1→1 / s3:1→4, s1:1→1 / s2:1→1 / s3:1→4, s1:1→1 / s2:1→1 / s3:1→5, s1:1→1 / s2:1→1 / s3:1→5, s1:1→1 / s2:1→1 / s3:1→5, s1:1→1 / s2:1→2 / s3:1→2, s1:1→1 / s2:1→2 / s3:1→2, s1:1→1 / s2:1→2 / s3:1→3, s1:1→1 / s2:1→2 / s3:1→3, s1:1→1 / s2:1→2 / s3:1→3, s1:1→1 / s2:1→2 / s3:1→4, s1:1→1 / s2:1→2 / s3:1→4, s1:1→1 / s2:1→2 / s3:1→4, s1:1→1 / s2:1→2 / s3:1→5, s1:1→1 / s2:1→2 / s3:1→5, s1:1→1 / s2:1→3 / s3:1→3, s1:1→1 / s2:1→3 / s3:1→4, s1:1→1 / s2:1→3 / s3:1→4, s1:1→1 / s2:1→3 / s3:1→5, s1:1→1 / s2:1→3 / s3:1→5, s1:1→1 / s2:1→4 / s3:1→4, s1:1→1 / s2:1→4 / s3:1→5, s1:1→1 / s2:1→4 / s3:1→5, s1:1→1 / s3:1→1, s1:1→1 / s3:1→2, s1:1→1 / s3:1→3, s1:1→1 / s3:1→4, s1:1→1 / s3:1→5, s1:1→2 / s2:1→1 / s3:1→1, s1:1→2 / s3:1→1, s1:1→2 / s3:1→2, s1:1→2 / s3:1→3, s1:1→2 / s3:1→4, s1:1→2 / s3:1→5, s1:1→3 / s3:1→1}"	"{s2:13→1 / s3:12→1, s2:13→1 / s3:13→1, s2:12→1 / s3:13→1, s2:13→1 / s3:12→1, s2:13→1 / s3:13→1, s2:12→1 / s3:13→1, s2:13→1 / s3:12→1, s2:13→1 / s3:13→1, s2:12→1 / s3:13→1, s2:13→1 / s3:12→1, s2:13→1 / s3:13→1, s2:12→1 / s3:13→1, s2:13→1 / s3:12→1, s2:13→1 / s3:13→1, s2:13→1 / s3:12→1, s2:13→1 / s3:13→1, s2:12→1 / s3:13→1, s2:13→1 / s3:12→1, s2:13→1 / s3:13→1, s2:12→1 / s3:13→1, s2:13→1 / s3:12→1, s2:13→1 / s3:13→1, s2:12→1 / s3:13→1, s2:13→1 / s3:12→1, s2:13→1 / s3:12→1, s2:12→1 / s3:13→1, s2:13→1 / s3:12→1, s2:12→1 / s3:13→1, s2:13→1 / s3:12→1, s2:13→1 / s3:12→1, s2:12→1 / s3:13→1, s2:13→1 / s3:12→1, s2:12→1 / s3:13→1, s2:12→1 / s3:13→1, s2:12→1 / s3:13→1, s2:12→1 / s3:13→1, s2:12→1 / s3:13→1, s2:13→1 / s3:12→1, s2:12→1 / s3:13→1, s2:12→1 / s3:13→1, s2:12→1 / s3:13→1, s2:12→1 / s3:13→1, s2:12→1 / s3:13→1, s2:12→1 / s3:13→1}"
12	31	17	130	2	0	0	1	0	0	0	0	"{s1:1→1, s1:1→1 / s3:1→1, s1:1→1 / s3:1→2, s1:1→1 / s3:1→3}"	"{s2:12→1 / s3:6→1, s2:12→1 / s3:6→1, s2:12→1 / s3:6→1, s2:12→1 / s3:6→1}"
12	31	17	148	1	1	1	0	0	0	0	0	"{s1:1→1 / s2:1→1, s1:1→1 / s2:1→1 / s3:1→1}"	"{s3:12→1, s3:12→1}"
12	31	18	104	2	0	0	0	1	0	0	0	"s1:1→1"	"s2:12→1 / s3:6→1"
12	32	17	134	1	2	0	0	0	0	0	0	"{s2:1→1 / s3:3→1, 8→1, 9→1, s2:1→1 / s3:3→1, 9→1, s2:1→1 / s3:3→2, 8→1, 9→1, s2:1→1 / s3:3→2, 9→1, s2:1→1 / s3:3→3, 8→1, 9→1, s2:1→1 / s3:3→3, 9→1, s2:1→1 / s3:8→1, 9→1, s2:1→1 / s3:9→1}"	"{s1:12→1 / s3:14→1, s1:12→1 / s3:14→1, s1:12→1 / s3:14→1, s1:12→1 / s3:14→1, s1:12→1 / s3:14→1, s1:12→1 / s3:14→1, s1:12→1 / s3:14→1, s1:12→1 / s3:14→1}"
12	32	18	134	1	2	0	0	0	0	0	0	"{s2:1→1 / s3:3→1, s2:1→1 / s3:3→2, s2:1→1 / s3:3→3}"	"{s1:12→1 / s3:14→1, s1:12→1 / s3:14→1, s1:12→1 / s3:14→1}"
12	33	17	134	1	2	0	0	0	0	0	0	"{s2:1→1 / s3:3→1, 10→1, s2:1→1 / s3:3→1, 8→1, s2:1→1 / s3:3→1, 8→1, 10→1, s2:1→1 / s3:3→2, 10→1, s2:1→1 / s3:3→2, 8→1, s2:1→1 / s3:3→2, 8→1, 10→1, s2:1→1 / s3:3→3, 10→1, s2:1→1 / s3:3→3, 8→1, s2:1→1 / s3:3→3, 8→1, 10→1, s2:1→1 / s3:8→1, s2:1→1 / s3:8→1}"	"{s1:12→1 / s3:14→1, s1:12→1 / s3:14→1, s1:12→1 / s3:14→1, s1:12→1 / s3:14→1, s1:12→1 / s3:14→1, s1:12→1 / s3:14→1, s1:12→1 / s3:14→1, s1:12→1 / s3:14→1, s1:12→1 / s3:14→1, s1:11→1 / s3:14→1, s1:12→1 / s3:14→1}"
12	33	18	134	1	2	0	0	0	0	0	0	"{s2:1→1 / s3:10→1, s2:1→1 / s3:3→1, s2:1→1 / s3:3→2, s2:1→1 / s3:3→3, s2:1→1 / s3:8→1, 10→1}"	"{s1:12→1 / s3:14→1, s1:12→1 / s3:14→1, s1:12→1 / s3:14→1, s1:12→1 / s3:14→1, s1:12→1 / s3:14→1}"
12	34	17	127	0	3	0	0	0	0	0	0	"s2:2→1 / s3:1→1"	"s1:12→1, 8→1"
12	34	17	128	0	3	0	0	0	0	0	0	"{s2:2→1 / s3:1→1, s3:1→1, 2→1, s3:2→1}"	"{s1:12→1 / s3:8→1, s1:12→1 / s2:8→1, s1:12→1 / s2:8→1}"
12	34	17	129	0	3	0	0	0	0	0	0	"s2:2→1 / s3:1→1"	"s1:12→1"
12	34	17	136	1	2	0	0	0	0	0	0	"{s1:2→1 / s2:1→1 / s3:9→1, s2:2→1 / s3:1→1, s2:2→1 / s3:1→1, 9→1, s2:2→1 / s3:1→2, 9→1, s2:2→1 / s3:1→3, 9→1, s2:2→1 / s3:9→1}"	"{s2:12→1 / s3:13→1, s1:12→1 / s3:14→1, s1:12→1 / s3:14→1, s1:12→1 / s3:14→1, s1:12→1 / s3:14→1, s1:12→1 / s3:14→1}"
12	34	17	137	1	2	0	0	0	0	0	0	"{s1:2→1 / s2:1→1 / s3:11→1, s1:2→1 / s2:1→1 / s3:9→1, 11→1}"	"{s3:14→1, s3:14→1}"
12	34	18	136	1	2	0	0	0	0	0	0	"s2:2→1 / s3:1→4, 9→1"	"s1:12→1 / s3:14→1"
12	34	21	136	1	2	0	0	0	0	0	0	"s2:2→1 / s3:1→2"	"s1:12→1 / s3:14→1"
12	34	34	136	1	2	0	0	0	0	0	0	"s2:2→1 / s3:1→3"	"s1:12→1 / s3:14→1"
12	34	98	136	1	2	0	0	0	0	0	0	"s2:2→1 / s3:1→4"	"s1:12→1 / s3:14→1"
12	35	17	137	1	2	0	0	0	0	0	0	"{s1:2→1 / s2:1→1 / s3:10→1, 12→1, s1:2→1 / s2:1→1 / s3:12→1, s1:2→1 / s2:1→1 / s3:8→1, s1:2→1 / s2:1→1 / s3:8→1, 10→1, 12→1, s1:2→1 / s2:1→1 / s3:8→1, 12→1, s1:2→1 / s2:1→1 / s3:8→1, 9→1, 10→1, 12→1, s1:2→1 / s2:1→1 / s3:9→1, 10→1, 12→1}"	"{s3:14→1, s3:14→1, s3:14→1, s3:14→1, s3:14→1, s3:14→1, s3:14→1}"
12	36	17	129	0	3	0	0	0	0	0	0	"s2:2→1 / s3:1→1"	"s1:12→1"
12	36	17	136	1	2	0	0	0	0	0	0	"{s1:2→1 / s2:1→1 / s3:8→1, s1:2→1 / s2:1→1 / s3:8→1, 9→1, s1:2→1 / s2:1→1 / s3:9→1, s2:1→1, 2→1 / s3:9→1, s2:2→1 / s3:1→1, s2:2→1 / s3:1→1, 8→1, s2:2→1 / s3:1→1, 8→1, 9→1, s2:2→1 / s3:1→1, 9→1, s2:2→1 / s3:1→2, 8→1, s2:2→1 / s3:1→2, 8→1, 9→1, s2:2→1 / s3:1→2, 9→1, s2:2→1 / s3:1→3, 8→1, s2:2→1 / s3:1→3, 8→1, 9→1, s2:2→1 / s3:1→4, 8→1, s2:2→1 / s3:8→1, s2:2→1 / s3:8→1, 9→1, s2:2→1 / s3:9→1}"	"{s2:12→1 / s3:13→1, s2:12→1 / s3:13→1, s2:12→1 / s3:13→1, s1:12→1 / s3:14→1, s1:12→1 / s3:14→1, s1:12→1 / s3:14→1, s1:12→1 / s3:14→1, s1:12→1 / s3:14→1, s1:12→1 / s3:14→1, s1:12→1 / s3:14→1, s1:12→1 / s3:14→1, s1:12→1 / s3:14→1, s1:12→1 / s3:14→1, s1:12→1 / s3:14→1, s1:12→1 / s3:14→1, s1:12→1 / s3:14→1, s1:12→1 / s3:14→1}"
12	36	17	137	1	2	0	0	0	0	0	0	"{s1:2→1 / s2:1→1 / s3:11→1, s1:2→1 / s2:1→1 / s3:8→1, s1:2→1 / s2:1→1 / s3:8→1, 11→1, s1:2→1 / s2:1→1 / s3:8→1, 9→1, s1:2→1 / s2:1→1 / s3:8→1, 9→1, 11→1, s1:2→1 / s2:1→1 / s3:9→1, s1:2→1 / s2:1→1 / s3:9→1, 11→1}"	"{s3:14→1, s3:14→1, s3:14→1, s3:14→1, s3:14→1, s3:14→1, s3:14→1}"
12	36	18	136	1	2	0	0	0	0	0	0	"s2:2→1 / s3:1→3, 9→1"	"s1:12→1 / s3:14→1"
12	36	19	136	1	2	0	0	0	0	0	0	"s2:2→1 / s3:1→4, 9→1"	"s1:12→1 / s3:14→1"
12	36	21	136	1	2	0	0	0	0	0	0	"s2:2→1 / s3:1→2"	"s1:12→1 / s3:14→1"
12	36	32	136	1	2	0	0	0	0	0	0	"s2:2→1 / s3:1→3"	"s1:12→1 / s3:14→1"
12	37	17	136	1	2	0	0	0	0	0	0	"s2:2→1 / s3:9→1"	"s1:12→1 / s3:14→1"
12	38	17	136	1	2	0	0	0	0	0	0	"s2:2→1 / s3:8→1"	"s1:12→1 / s3:14→1"
12	39	17	136	2	1	0	0	0	0	0	0	"{s1:3→1 / s2:10→1, 12→1, s1:3→1 / s2:10→1, 12→1 / s3:9→1, s1:3→1 / s2:12→1, s1:3→1 / s2:12→1 / s3:10→1, s1:3→1 / s2:12→1 / s3:9→1, 10→1, s1:3→1 / s2:9→1, 10→1, 12→1}"	"{s2:13→1 / s3:1→1, s2:13→1 / s3:1→1, s2:13→1 / s3:1→1, s2:13→1 / s3:1→1, s2:13→1 / s3:1→1, s2:13→1 / s3:1→1}"
12	40	17	128	1	2	0	0	0	0	0	0	"{s2:3→1, s2:3→1 / s3:9→1, s2:3→1 / s3:9→1}"	"{s1:12→1 / s3:1→1, s1:12→1 / s3:14→1, s1:12→1 / s3:1→1}"
12	40	17	136	2	1	0	0	0	0	0	0	"{s1:3→1 / s2:11→1, s1:3→1 / s2:11→1 / s3:9→1, s1:3→1 / s2:9→1, s1:3→1 / s2:9→1, 11→1, s1:3→1 / s2:9→1 / s3:11→1}"	"{s2:13→1 / s3:1→1, s2:13→1 / s3:1→1, s2:13→1 / s3:1→1, s2:13→1 / s3:1→1, s2:13→1 / s3:1→1}"
12	41	15	184	1	2	0	0	0	0	0	0	"{s1:12→1 / s2:1→1 / s3:10→1, s1:12→1 / s2:1→1 / s3:1→1, 9→1, 10→1, s1:1→1 / s2:1→1, 10→1, 12→1 / s3:9→1}"	"{s3:14→1, s3:14→1, s3:13→1}"
12	41	15	190	2	1	0	0	0	0	0	0	"{s1:1→1 / s2:12→1 / s3:10→1, s1:1→1 / s2:12→1 / s3:1→1, 10→1, 12→1, s1:1→1 / s2:12→1 / s3:1→1, 10→2, 12→1, s1:1→1 / s2:12→1 / s3:1→1, 9→1, 10→1, s1:1→1 / s2:12→1 / s3:1→1, 9→1, 10→1, 12→1, s1:1→1 / s2:12→1 / s3:1→1, 9→1, 10→2, s1:1→1 / s2:12→1 / s3:1→1, 9→1, 10→2, 12→1, s1:1→1 / s2:12→1 / s3:1→2, 9→1, 10→1, 12→1, s1:1→1 / s2:1→1, 10→1, 12→1 / s3:1→1, 9→1, 10→1, 12→1, s1:1→1 / s2:1→1, 10→1, 12→1 / s3:1→1, 9→1, 12→1, s1:1→1 / s2:1→1, 9→1, 10→1, 12→1 / s3:1→1, 9→1, 10→1, 12→1}"	"{s2:13→1 / s3:13→1, s2:13→1 / s3:13→1, s2:13→1 / s3:13→1, s2:13→1 / s3:13→1, s2:13→1 / s3:13→1, s2:13→1 / s3:13→1, s2:13→1 / s3:13→1, s2:13→1 / s3:13→1, s2:13→1 / s3:13→1, s2:13→1 / s3:13→1, s2:13→1 / s3:13→1}"
12	41	16	157	0	2	1	0	0	0	0	0	"{s1:1→1 / s2:12→1 / s3:10→1, s1:1→1 / s2:12→1 / s3:1→1, 9→1, 10→1}"	""
12	41	16	177	0	3	0	0	0	0	0	0	"{s1:12→1 / s2:10→1 / s3:1→1, 9→1, s1:12→1 / s2:1→1, 10→1 / s3:1→1, 9→1, s1:12→1 / s2:1→1, 10→1 / s3:1→2, 9→1, s1:12→1 / s2:1→1 / s3:1→1, 10→1, s1:12→1 / s2:1→1 / s3:1→1, 9→1, 10→1, s1:12→1 / s2:1→1 / s3:1→2, 9→1, 10→1, s1:1→1, 12→1 / s2:1→1, 10→1 / s3:1→1, 9→1, s1:1→1 / s2:1→1, 12→1 / s3:1→1, 10→1, s1:1→1 / s2:1→1, 12→1 / s3:1→1, 9→1, 10→1}"	""
12	41	16	184	1	2	0	0	0	0	0	0	"{s1:12→1 / s2:1→1 / s3:1→1, 10→2, s1:12→1 / s2:1→1 / s3:1→1, 10→3, s1:12→1 / s2:1→1 / s3:1→1, 9→1, 10→2, s1:12→1 / s2:1→1 / s3:1→2, 10→3, s1:12→1 / s2:1→1 / s3:1→2, 9→1, 10→2, s1:1→1 / s2:1→1, 12→1 / s3:10→1, s1:1→1 / s2:1→1, 12→1 / s3:1→1, 10→1, s1:1→1 / s2:1→1, 12→1 / s3:1→1, 10→2, s1:1→1 / s2:1→1, 12→1 / s3:1→1, 9→1, 10→1, s1:1→1 / s2:1→1, 12→1 / s3:1→2, 10→2, s1:1→1 / s2:1→1, 12→1 / s3:1→2, 10→3, s1:1→1 / s2:1→1, 12→1 / s3:1→2, 9→1, 10→1, s1:1→1 / s2:1→1, 12→1 / s3:1→2, 9→1, 10→2, s1:1→1 / s2:1→2, 10→1, 12→1 / s3:1→1, 9→1}"	"{s3:14→1, s3:14→1, s3:14→1, s3:14→1, s3:14→1, s3:13→1, s3:13→1, s3:13→1, s3:13→1, s3:13→1, s3:13→1, s3:13→1, s3:13→1, s3:13→1}"
12	41	17	133	0	2	0	1	0	0	0	0	"s1:1→1 / s2:12→1 / s3:10→1"	""
12	41	17	157	0	2	1	0	0	0	0	0	"s1:1→1 / s2:12→1 / s3:1→1, 10→1"	""
12	41	18	107	0	2	0	0	1	0	0	0	"{s1:1→1 / s2:12→1 / s3:10→1, s1:1→1 / s2:12→1 / s3:9→1, 10→1}"	""
12	41	18	133	0	2	0	1	0	0	0	0	"s1:1→1 / s2:12→1 / s3:9→1, 10→1"	""
12	41	18	177	0	3	0	0	0	0	0	0	"{s1:12→1 / s2:10→1 / s3:9→1, s1:12→1 / s2:1→2, 10→1 / s3:1→2, 9→1, s1:1→1 / s2:1→1 / s3:1→1, 12→1}"	""
12	41	19	80	0	2	0	0	0	1	0	0	"{s1:1→1 / s2:12→1 / s3:10→1, s1:1→1 / s2:12→1 / s3:9→1, 10→1}"	""
12	41	20	52	0	2	0	0	0	0	1	0	"{s1:1→1 / s2:12→1 / s3:10→1, s1:1→1 / s2:12→1 / s3:9→1, 10→1}"	""
12	41	23	157	0	2	1	0	0	0	0	0	"s1:1→1 / s2:12→1 / s3:9→1, 10→1"	""
12	42	15	183	1	2	0	0	0	0	0	0	"s2:1→1 / s3:9→1"	"s1:12→1 / s3:14→1"
12	42	15	184	1	2	0	0	0	0	0	0	"{s1:1→1 / s2:1→1, 11→1 / s3:9→1, s1:9→1 / s2:1→1 / s3:1→1, 11→1, s1:9→1 / s2:1→1 / s3:1→2, 11→2}"	"{s3:13→1, s3:14→1, s3:14→1}"
12	42	15	190	2	1	0	0	0	0	0	0	"{s1:1→1 / s2:1→1, 11→1 / s3:1→1, 9→1, 11→1, s1:1→1 / s2:1→1, 11→1 / s3:1→2, 9→2, 11→1, s1:1→1 / s2:1→1, 9→1, 11→1 / s3:1→1, 9→1, 11→1, s1:1→1 / s2:9→1 / s3:1→1, 11→1, s1:1→1 / s2:9→1 / s3:1→1, 9→1, 11→1, s1:1→1 / s2:9→1 / s3:1→2, 11→2, s1:1→1 / s2:9→1 / s3:1→2, 9→1, 11→1, s1:1→1 / s2:9→1 / s3:1→2, 9→1, 11→2}"	"{s2:13→1 / s3:13→1, s2:13→1 / s3:13→1, s2:13→1 / s3:13→1, s2:13→1 / s3:13→1, s2:13→1 / s3:13→1, s2:13→1 / s3:13→1, s2:13→1 / s3:13→1, s2:13→1 / s3:13→1}"
12	42	16	156	0	2	1	0	0	0	0	0	"s1:1→1 / s3:9→1"	"s2:12→1"
12	42	16	157	0	2	1	0	0	0	0	0	"s1:1→1 / s2:9→1 / s3:1→1, 11→1"	""
12	42	16	176	0	3	0	0	0	0	0	0	"{s1:1→1 / s2:1→1 / s3:1→1, 9→1, s1:9→1 / s2:1→1 / s3:1→1, s2:1→1 / s3:1→1, 9→1}"	"{s2:12→1, s3:12→1, s1:12→1}"
12	42	16	177	0	3	0	0	0	0	0	0	"{s1:1→1 / s2:1→1, 11→1 / s3:1→1, 9→1, s1:9→1 / s2:1→1 / s3:1→1, 11→1, s1:9→1 / s2:1→1 / s3:1→2, 11→1}"	""
12	42	16	183	1	2	0	0	0	0	0	0	"{s1:1→1 / s2:1→1 / s3:1→1, 11→1, s1:1→1 / s2:1→1 / s3:1→1, 9→1, s1:1→1 / s2:1→1 / s3:1→1, 9→1, 11→1, s1:1→1 / s2:1→1 / s3:1→1, 9→2, s1:1→1 / s2:1→1 / s3:9→1, s2:1→1 / s3:1→1, 11→1, s2:1→1 / s3:1→1, 9→1, 11→1, s2:1→1 / s3:1→1, 9→2, s2:1→1 / s3:1→1, 9→3, s2:1→1 / s3:1→2, 11→1, s2:1→1 / s3:1→2, 9→1, 11→1, s2:1→1 / s3:1→2, 9→2, 11→1, s2:1→1 / s3:1→2, 9→3, s2:1→1 / s3:1→3, 9→1, 11→1}"	"{s2:12→1 / s3:13→1, s2:12→1 / s3:13→1, s2:12→1 / s3:13→1, s2:12→1 / s3:13→1, s2:12→1 / s3:13→1, s1:12→1 / s3:14→1, s1:12→1 / s3:14→1, s1:12→1 / s3:14→1, s1:12→1 / s3:14→1, s1:12→1 / s3:14→1, s1:12→1 / s3:14→1, s1:12→1 / s3:14→1, s1:12→1 / s3:14→1, s1:12→1 / s3:14→1}"
12	42	16	184	1	2	0	0	0	0	0	0	"{s1:1→1 / s2:1→1, 9→1 / s3:1→1, 11→1, s1:1→1 / s2:1→1, 9→1 / s3:1→2, 11→1, s1:1→1 / s2:1→1, 9→1 / s3:1→3, 11→2, s1:1→1 / s2:1→2, 11→1 / s3:1→1, 9→1, s1:9→1 / s2:1→1 / s3:1→2, 11→3, s1:9→1 / s2:1→1 / s3:1→3, 11→2}"	"{s3:13→1, s3:13→1, s3:13→1, s3:13→1, s3:14→1, s3:14→1}"
12	42	17	132	0	2	0	1	0	0	0	0	"s1:1→1 / s3:9→1"	"s2:12→1"
12	42	17	156	0	2	1	0	0	0	0	0	"{s1:1→1 / s2:9→1 / s3:1→1, s1:1→1 / s3:1→1, 9→1}"	"{s3:12→1, s2:12→1}"
12	42	18	106	0	2	0	0	1	0	0	0	"s1:1→1 / s3:9→1"	"s2:12→1"
12	42	18	107	0	2	0	0	1	0	0	0	"s1:1→1 / s2:11→1 / s3:9→1"	""
12	42	18	133	0	2	0	1	0	0	0	0	"s1:1→1 / s2:11→1 / s3:9→1"	""
12	42	18	176	0	3	0	0	0	0	0	0	"s1:1→1 / s2:1→1 / s3:1→1"	"s3:12→1"
12	42	18	177	0	3	0	0	0	0	0	0	"s1:1→1 / s2:1→1 / s3:1→1, 9→1"	""
12	42	19	79	0	2	0	0	0	1	0	0	"s1:1→1 / s3:9→1"	"s2:12→1"
12	42	19	80	0	2	0	0	0	1	0	0	"s1:1→1 / s2:11→1 / s3:9→1"	""
12	42	20	51	0	2	0	0	0	0	1	0	"s1:1→1 / s3:9→1"	"s2:12→1"
12	42	20	52	0	2	0	0	0	0	1	0	"s1:1→1 / s2:11→1 / s3:9→1"	""
12	42	23	157	0	2	1	0	0	0	0	0	"s1:1→1 / s2:11→1 / s3:9→1"	""
12	43	16	163	2	1	0	0	0	0	0	0	"{s1:1→1 / s2:12→1 / s3:10→1, s1:1→1 / s2:12→1 / s3:1→1, 9→1, 10→1, s1:1→1 / s2:12→1 / s3:9→1, 10→1}"	"{s2:13→1 / s3:13→1, s2:13→1 / s3:13→1, s2:13→1 / s3:13→1}"
12	43	16	164	2	1	0	0	0	0	0	0	"{s1:1→1 / s2:12→1, s1:1→1 / s2:12→1 / s3:10→1, s1:1→1 / s2:12→1 / s3:1→1, 9→1, 10→1, s1:1→1 / s2:12→1 / s3:1→1, 9→1, 10→1, s1:1→1 / s2:12→1 / s3:9→1, 10→1, s1:1→1 / s3:1→1, 9→1, 10→1, 12→1}"	"{s2:13→1 / s3:2→1, s2:13→1 / s3:2→1, s2:13→1 / s3:2→1, s2:2→1 / s3:13→1, s2:13→1 / s3:2→1, s2:2→1 / s3:13→1}"
12	43	17	163	2	1	0	0	0	0	0	0	"{s1:1→1 / s2:12→1 / s3:1→1, 10→1, s1:1→1 / s2:1→1, 12→1 / s3:1→1, 10→1, s1:1→1 / s2:1→1, 12→1 / s3:1→2, 9→1, 10→1}"	"{s2:13→1 / s3:13→1, s2:13→1 / s3:13→1, s2:13→1 / s3:13→1}"
12	43	17	164	2	1	0	0	0	0	0	0	"{s1:1→1 / s2:1→1, 12→1 / s3:1→1, 10→1, s1:1→1 / s3:1→1, 10→1, 12→1, s1:1→1 / s3:1→1, 12→1, s1:1→1 / s3:1→2, 10→1, 12→1, s1:1→1 / s3:1→2, 9→1, 10→1, 12→1}"	"{s2:13→1 / s3:2→1, s2:2→1 / s3:13→1, s2:2→1 / s3:13→1, s2:2→1 / s3:13→1, s2:2→1 / s3:13→1}"
12	43	18	163	2	1	0	0	0	0	0	0	"{s1:1→1 / s2:12→1 / s3:1→2, 9→1, 10→1, s1:1→1 / s2:1→1, 12→1 / s3:1→1, 9→1, 10→1, s1:1→1 / s2:1→1, 12→1 / s3:1→2, 10→1}"	"{s2:13→1 / s3:13→1, s2:13→1 / s3:13→1, s2:13→1 / s3:13→1}"
12	43	18	164	2	1	0	0	0	0	0	0	"{s1:1→1 / s3:1→2, 12→1, s1:1→1 / s3:1→3, 10→1, 12→1, s1:1→1 / s3:1→3, 12→1}"	"{s2:2→1 / s3:13→1, s2:2→1 / s3:13→1, s2:2→1 / s3:13→1}"
12	43	19	157	1	2	0	0	0	0	0	0	"{s1:1→1 / s2:1→1, s1:1→1 / s2:1→1 / s3:12→1, s1:1→1 / s2:1→1 / s3:1→1, 10→1, 12→1, s1:1→1 / s2:1→1 / s3:1→1, 10→1, 12→1, s1:1→1 / s2:1→1 / s3:1→1, 12→1, s1:1→1 / s2:1→1 / s3:1→1, 12→1}"	"{s3:2→1, s3:2→1, s3:14→1, s3:2→1, s3:14→1, s3:2→1}"
12	43	19	163	2	1	0	0	0	0	0	0	"s1:1→1 / s2:1→1 / s3:1→2, 12→1"	"s2:13→1 / s3:13→1"
12	43	19	164	2	1	0	0	0	0	0	0	"{s1:1→1 / s3:1→1, s1:1→1 / s3:1→4, 12→1}"	"{s2:2→1 / s3:13→1, s2:2→1 / s3:13→1}"
12	43	20	150	0	3	0	0	0	0	0	0	"s1:1→1 / s2:1→1 / s3:1→1"	""
12	43	20	157	1	2	0	0	0	0	0	0	"s1:1→1 / s2:1→1 / s3:1→1"	"s3:2→1"
12	43	20	163	2	1	0	0	0	0	0	0	"s1:1→1 / s2:1→1 / s3:1→1, 12→1"	"s2:13→1 / s3:13→1"
12	43	20	164	2	1	0	0	0	0	0	0	"{s1:1→1 / s2:1→1, 12→1 / s3:1→1, s1:1→1 / s2:1→1 / s3:1→1}"	"{s2:13→1 / s3:2→1, s2:13→1 / s3:2→1}"
12	43	21	157	1	2	0	0	0	0	0	0	"{s1:1→1 / s2:1→1 / s3:12→1, s1:1→1 / s2:1→1 / s3:1→1, s1:1→1 / s2:1→2}"	"{s3:14→1, s3:14→1, s3:2→1}"
12	43	21	163	2	1	0	0	0	0	0	0	"{s1:1→1 / s2:1→1 / s3:1→1, s1:1→1 / s2:1→1 / s3:1→2}"	"{s2:13→1 / s3:13→1, s2:13→1 / s3:13→1}"
12	43	22	157	1	2	0	0	0	0	0	0	"s1:1→1 / s2:1→1 / s3:1→1, 9→1, 10→1, 12→1"	"s3:2→1"
12	44	16	156	1	2	0	0	0	0	0	0	"{s2:1→1, s2:1→1 / s3:9→1, s2:1→1 / s3:9→1}"	"{s1:12→1 / s3:2→1, s1:12→1 / s3:14→1, s1:12→1 / s3:2→1}"
12	44	16	163	2	1	0	0	0	0	0	0	"{s1:1→1 / s2:11→1 / s3:9→1, s1:1→1 / s2:9→1 / s3:1→1, 11→1}"	"{s2:13→1 / s3:13→1, s2:13→1 / s3:13→1}"
12	44	16	164	2	1	0	0	0	0	0	0	"{s1:1→1 / s2:9→1, s1:1→1 / s2:9→1 / s3:11→1, s1:1→1 / s2:9→1 / s3:1→1, 11→1, s1:1→1 / s2:9→1 / s3:1→1, 11→1, s1:1→1 / s3:1→1, 9→1, 11→1}"	"{s2:13→1 / s3:2→1, s2:13→1 / s3:2→1, s2:13→1 / s3:2→1, s2:2→1 / s3:13→1, s2:2→1 / s3:13→1}"
12	44	17	136	1	1	1	0	0	0	0	0	"{s1:1→1, s1:1→1 / s3:9→1}"	"{s2:12→1 / s3:2→1, s2:12→1 / s3:2→1}"
12	44	17	156	1	2	0	0	0	0	0	0	"{s1:1→1 / s2:1→1, s1:1→1 / s2:1→1 / s3:9→1, s1:1→1 / s2:1→1 / s3:9→1, s2:1→1 / s3:1→1, 9→1, s2:1→1 / s3:1→1, 9→1}"	"{s2:12→1 / s3:2→1, s2:12→1 / s3:13→1, s2:12→1 / s3:2→1, s1:12→1 / s3:14→1, s1:12→1 / s3:2→1}"
12	44	17	163	2	1	0	0	0	0	0	0	"s1:1→1 / s2:1→1, 9→1 / s3:1→2, 11→1"	"s2:13→1 / s3:13→1"
12	44	17	164	2	1	0	0	0	0	0	0	"{s1:1→1 / s3:1→1, 11→1, s1:1→1 / s3:1→1, 9→1, s1:1→1 / s3:1→2, 11→1, s1:1→1 / s3:1→2, 9→1, 11→1, s1:1→1 / s3:1→3, 9→1, 11→1}"	"{s2:2→1 / s3:13→1, s2:2→1 / s3:13→1, s2:2→1 / s3:13→1, s2:2→1 / s3:13→1, s2:2→1 / s3:13→1}"
12	44	18	112	1	1	0	1	0	0	0	0	"{s1:1→1, s1:1→1 / s3:9→1}"	"{s2:12→1 / s3:2→1, s2:12→1 / s3:2→1}"
12	44	18	136	1	1	1	0	0	0	0	0	"s1:1→1 / s3:1→1, 9→1"	"s2:12→1 / s3:2→1"
12	44	18	163	2	1	0	0	0	0	0	0	"{s1:1→1 / s2:1→1, 11→1 / s3:1→1, 9→1, s1:1→1 / s2:9→1 / s3:1→2, 11→1}"	"{s2:13→1 / s3:13→1, s2:13→1 / s3:13→1}"
12	44	18	164	2	1	0	0	0	0	0	0	"{s1:1→1 / s3:1→2, 9→1, s1:1→1 / s3:1→3, 11→1, s1:1→1 / s3:1→3, 9→1, s1:1→1 / s3:1→4, 11→1}"	"{s2:2→1 / s3:13→1, s2:2→1 / s3:13→1, s2:2→1 / s3:13→1, s2:2→1 / s3:13→1}"
12	44	19	156	1	2	0	0	0	0	0	0	"s2:1→1 / s3:1→2, 9→1"	"s1:12→1 / s3:2→1"
12	44	19	157	1	2	0	0	0	0	0	0	"{s1:1→1 / s2:1→1, s1:1→1 / s2:1→1 / s3:1→1, 11→1, s1:1→1 / s2:1→1 / s3:1→1, 11→1, s1:1→1 / s2:1→1 / s3:1→1, 9→1, s1:1→1 / s2:1→1 / s3:1→1, 9→1, s1:1→1 / s2:1→1 / s3:9→1}"	"{s3:2→1, s3:14→1, s3:2→1, s3:14→1, s3:2→1, s3:2→1}"
12	44	19	163	2	1	0	0	0	0	0	0	"s1:1→1 / s2:1→1 / s3:1→2, 9→1"	"s2:13→1 / s3:13→1"
12	44	19	164	2	1	0	0	0	0	0	0	"{s1:1→1 / s3:1→1, s1:1→1 / s3:1→4, 9→1}"	"{s2:2→1 / s3:13→1, s2:2→1 / s3:13→1}"
12	44	20	149	0	3	0	0	0	0	0	0	"s2:1→1 / s3:1→1"	"s1:12→1"
12	44	20	150	0	3	0	0	0	0	0	0	"s1:1→1 / s2:1→1 / s3:1→1"	""
12	44	20	156	1	2	0	0	0	0	0	0	"s2:1→1 / s3:1→2, 9→1"	"s1:12→1 / s3:14→1"
12	44	20	157	1	2	0	0	0	0	0	0	"s1:1→1 / s2:1→1 / s3:1→1"	"s3:2→1"
12	44	20	163	2	1	0	0	0	0	0	0	"s1:1→1 / s2:1→1 / s3:1→1, 9→1"	"s2:13→1 / s3:13→1"
12	44	20	164	2	1	0	0	0	0	0	0	"{s1:1→1 / s2:1→1, 9→1 / s3:1→1, s1:1→1 / s2:1→1 / s3:1→1}"	"{s2:13→1 / s3:2→1, s2:13→1 / s3:2→1}"
12	44	21	129	0	2	1	0	0	0	0	0	"s1:1→1 / s3:1→1"	"s2:12→1"
12	44	21	157	1	2	0	0	0	0	0	0	"{s1:1→1 / s2:1→1 / s3:1→1, s1:1→1 / s2:1→1 / s3:9→1, s1:1→1 / s2:1→2}"	"{s3:14→1, s3:14→1, s3:2→1}"
12	44	21	163	2	1	0	0	0	0	0	0	"{s1:1→1 / s2:1→1 / s3:1→1, s1:1→1 / s2:1→1 / s3:1→2}"	"{s2:13→1 / s3:13→1, s2:13→1 / s3:13→1}"
12	44	22	157	1	2	0	0	0	0	0	0	"s1:1→1 / s2:1→1 / s3:1→1, 9→1, 11→1"	"s3:2→1"
12	44	23	156	1	2	0	0	0	0	0	0	"s2:1→1 / s3:1→3, 9→1"	"s1:12→1 / s3:2→1"
12	44	28	156	1	2	0	0	0	0	0	0	"s2:1→1 / s3:1→3, 9→1"	"s1:12→1 / s3:14→1"
12	44	33	156	1	2	0	0	0	0	0	0	"s2:1→1 / s3:1→4, 9→1"	"s1:12→1 / s3:2→1"
12	44	34	136	1	1	1	0	0	0	0	0	"s1:1→1 / s3:1→1"	"s2:12→1 / s3:2→1"
12	45	17	126	0	3	0	0	0	0	0	0	"s3:1→1"	"s1:12→1 / s2:8→1"
12	45	17	134	1	2	0	0	0	0	0	0	"{s2:1→1 / s3:3→1, 9→1, s2:1→1 / s3:3→2, 9→1, s2:1→1 / s3:3→3, 9→1, s2:1→1 / s3:9→1}"	"{s1:12→1 / s3:14→1, s1:12→1 / s3:14→1, s1:12→1 / s3:14→1, s1:12→1 / s3:14→1}"
12	45	18	134	1	2	0	0	0	0	0	0	"{s2:1→1 / s3:3→1, s2:1→1 / s3:3→2, s2:1→1 / s3:3→3}"	"{s1:12→1 / s3:14→1, s1:12→1 / s3:14→1, s1:12→1 / s3:14→1}"
12	46	17	127	0	3	0	0	0	0	0	0	""	"s1:12→1 / s2:8→1 / s3:1→1"
12	46	17	128	0	3	0	0	0	0	0	0	"s3:2→1"	"s1:12→1 / s2:8→1"
12	48	17	136	1	2	0	0	0	0	0	0	"s2:2→1 / s3:9→1"	"s1:12→1 / s3:14→1"
12	52	17	136	2	1	0	0	0	0	0	0	"{s1:3→1 / s2:10→1, 12→1, s1:3→1 / s2:12→1, s1:3→1 / s2:12→1 / s3:10→1, s1:3→1 / s2:12→1 / s3:9→1, s1:3→1 / s2:12→1 / s3:9→1, 10→1, s1:3→1 / s2:9→1, s1:3→1 / s2:9→1, 10→1, 12→1, s1:3→1 / s2:9→1, 12→1, s1:3→1 / s2:9→1, 12→1 / s3:10→1, s1:3→1 / s2:9→1 / s3:12→1}"	"{s2:13→1 / s3:1→1, s2:13→1 / s3:1→1, s2:13→1 / s3:1→1, s2:13→1 / s3:1→1, s2:13→1 / s3:1→1, s2:13→1 / s3:1→1, s2:13→1 / s3:1→1, s2:13→1 / s3:1→1, s2:13→1 / s3:1→1, s2:13→1 / s3:1→1}"
12	53	16	162	0	3	0	0	0	0	0	0	"s1:12→1 / s2:12→1 / s3:12→1"	""
12	53	16	169	1	2	0	0	0	0	0	0	"{s1:12→1 / s2:12→1, s1:12→1 / s2:12→1 / s3:12→1, s1:12→1 / s2:12→1 / s3:12→1, s1:12→1 / s2:12→2}"	"{s3:11→1, s3:11→1, s3:13→1, s3:11→1}"
12	53	16	175	2	1	0	0	0	0	0	0	"{s1:12→1 / s2:12→1 / s3:12→1, s1:12→1 / s2:12→1 / s3:12→2}"	"{s2:13→1 / s3:13→1, s2:13→1 / s3:13→1}"
12	53	16	176	2	1	0	0	0	0	0	0	"{s1:12→1 / s2:12→1, s1:12→1 / s2:12→1 / s3:12→1, s1:12→1 / s2:12→2, s1:12→1 / s2:12→3, s1:12→1 / s2:12→4, s1:12→1 / s2:12→5}"	"{s2:13→1 / s3:11→1, s2:13→1 / s3:11→1, s2:13→1 / s3:11→1, s2:13→1 / s3:11→1, s2:13→1 / s3:11→1, s2:13→1 / s3:11→1}"
12	56	15	183	1	2	0	0	0	0	0	0	"{s1:12→1 / s2:1→1 / s3:10→1, s1:1→1 / s2:1→1, 10→1, 12→1 / s3:1→1, 9→1}"	"{s3:14→1, s3:13→1}"
12	56	15	189	2	1	0	0	0	0	0	0	"{s1:1→1 / s2:12→1 / s3:10→1, s1:1→1 / s2:12→1 / s3:1→1, 10→1, 12→1, s1:1→1 / s2:12→1 / s3:1→1, 10→2, 12→1, s1:1→1 / s2:12→1 / s3:1→1, 9→1, s1:1→1 / s2:12→1 / s3:1→1, 9→1, 10→1, s1:1→1 / s2:12→1 / s3:1→2, 9→1, 10→1, s1:1→1 / s2:12→1 / s3:1→2, 9→1, 10→1, 12→1, s1:1→1 / s2:12→1 / s3:1→2, 9→1, 10→2, s1:1→1 / s2:12→1 / s3:1→2, 9→1, 12→1, s1:1→1 / s2:1→1, 10→1, 12→1 / s3:1→2, 9→1, 12→1}"	"{s2:13→1 / s3:13→1, s2:13→1 / s3:13→1, s2:13→1 / s3:13→1, s2:13→1 / s3:13→1, s2:13→1 / s3:13→1, s2:13→1 / s3:13→1, s2:13→1 / s3:13→1, s2:13→1 / s3:13→1, s2:13→1 / s3:13→1, s2:13→1 / s3:13→1}"
12	56	16	156	0	2	1	0	0	0	0	0	"s1:1→1 / s2:12→1 / s3:10→1"	""
12	56	16	176	0	3	0	0	0	0	0	0	"{s1:12→1 / s2:1→1 / s3:1→1, 10→1, s1:1→1 / s2:1→1, 12→1 / s3:1→1, 10→1}"	""
12	56	16	183	1	2	0	0	0	0	0	0	"{s1:12→1 / s2:1→1 / s3:1→1, 10→2, s1:12→1 / s2:1→1 / s3:1→1, 10→3, s1:12→1 / s2:1→1 / s3:1→1, 9→1, s1:12→1 / s2:1→1 / s3:1→1, 9→1, 10→1, s1:12→1 / s2:1→1 / s3:1→2, 10→3, s1:12→1 / s2:1→1 / s3:1→2, 9→1, s1:12→1 / s2:1→1 / s3:1→2, 9→1, 10→1, s1:12→1 / s2:1→1 / s3:1→2, 9→1, 10→2, s1:12→1 / s2:1→1 / s3:1→3, 9→1, s1:12→1 / s2:1→1 / s3:1→3, 9→1, 10→1, s1:1→1 / s2:1→1, 10→1, 12→1 / s3:1→2, 9→1, s1:1→1 / s2:1→1, 12→1 / s3:10→1, s1:1→1 / s2:1→1, 12→1 / s3:1→1, 10→1, s1:1→1 / s2:1→1, 12→1 / s3:1→1, 10→2, s1:1→1 / s2:1→1, 12→1 / s3:1→2, 10→2, s1:1→1 / s2:1→1, 12→1 / s3:1→2, 10→3, s1:1→1 / s2:1→1, 12→1 / s3:1→2, 9→1, s1:1→1 / s2:1→1, 12→1 / s3:1→2, 9→1, 10→1, s1:1→1 / s2:1→1, 12→1 / s3:1→3, 9→1, s1:1→1 / s2:1→1, 12→1 / s3:1→3, 9→1, 10→1, s1:1→1 / s2:1→1, 12→1 / s3:1→4, 9→1}"	"{s3:14→1, s3:14→1, s3:14→1, s3:14→1, s3:14→1, s3:14→1, s3:14→1, s3:14→1, s3:14→1, s3:14→1, s3:13→1, s3:13→1, s3:13→1, s3:13→1, s3:13→1, s3:13→1, s3:13→1, s3:13→1, s3:13→1, s3:13→1, s3:13→1}"
12	56	17	132	0	2	0	1	0	0	0	0	"s1:1→1 / s2:12→1 / s3:10→1"	""
12	56	17	156	0	2	1	0	0	0	0	0	"s1:1→1 / s2:12→1 / s3:1→1, 10→1"	""
12	56	18	106	0	2	0	0	1	0	0	0	"s1:1→1 / s2:12→1 / s3:10→1"	""
12	56	18	176	0	3	0	0	0	0	0	0	"s1:1→1 / s2:1→1 / s3:1→1, 12→1"	""
12	56	19	79	0	2	0	0	0	1	0	0	"s1:1→1 / s2:12→1 / s3:10→1"	""
12	56	20	51	0	2	0	0	0	0	1	0	"s1:1→1 / s2:12→1 / s3:10→1"	""
12	57	15	182	1	2	0	0	0	0	0	0	"{s1:12→1 / s2:1→1, 10→1 / s3:1→1, s1:12→1 / s2:1→1 / s3:10→1, s1:12→1 / s2:1→1 / s3:1→1, 10→1}"	"{s3:13→1, s3:14→1, s3:13→1}"
12	57	15	188	2	1	0	0	0	0	0	0	"{s1:1→1 / s2:12→1 / s3:10→1, s1:1→1 / s2:12→1 / s3:1→1, 10→1, 12→1, s1:1→1 / s2:12→1 / s3:1→1, 10→2, 12→1, s1:1→1 / s2:12→1 / s3:1→1, 5→1, 10→1, 12→1, s1:1→1 / s2:12→1 / s3:1→1, 5→1, 10→1, 12→2, s1:1→1 / s2:12→1 / s3:1→1, 5→1, 10→2, 12→1, s1:1→1 / s2:1→1, 10→1, 12→1 / s3:1→1, 10→1, 12→2, s1:1→1 / s2:1→1, 10→1, 12→2 / s3:1→1, 10→2, 12→1}"	"{s2:13→1 / s3:13→1, s2:13→1 / s3:13→1, s2:13→1 / s3:13→1, s2:13→1 / s3:13→1, s2:13→1 / s3:13→1, s2:13→1 / s3:13→1, s2:13→1 / s3:13→1, s2:13→1 / s3:13→1}"
12	57	16	155	0	2	1	0	0	0	0	0	"s1:1→1 / s2:12→1 / s3:10→1"	""
12	57	16	162	1	1	1	0	0	0	0	0	"{s1:1→1 / s2:12→1 / s3:1→1, 10→1, s1:1→1 / s2:12→1 / s3:1→1, 10→2, s1:1→1 / s2:12→1 / s3:1→1, 5→1, 10→1, s1:1→1 / s2:12→1 / s3:1→1, 5→1, 10→2, s1:1→1 / s2:12→1 / s3:1→1, 5→1, 10→3, s1:1→1 / s2:12→1 / s3:1→2, 10→3, s1:1→1 / s2:12→1 / s3:1→2, 5→1, 10→2}"	"{s3:14→1, s3:14→1, s3:14→1, s3:14→1, s3:14→1, s3:14→1, s3:14→1}"
12	57	16	175	0	3	0	0	0	0	0	0	"{s1:12→1 / s2:1→1 / s3:1→1, 10→1, s1:1→1 / s2:1→1, 12→1 / s3:1→1, 10→1}"	""
12	57	16	182	1	2	0	0	0	0	0	0	"{s1:12→1 / s2:1→1, 10→1 / s3:1→1, 5→1, s1:12→1 / s2:1→1, 10→1 / s3:1→1, 5→1, s1:12→1 / s2:1→1, 10→1 / s3:1→2, 5→1, s1:12→1 / s2:1→1 / s3:1→1, 10→2, s1:12→1 / s2:1→1 / s3:1→1, 10→2, s1:12→1 / s2:1→1 / s3:1→1, 10→3, s1:12→1 / s2:1→1 / s3:1→1, 5→1, s1:12→1 / s2:1→1 / s3:1→1, 5→1, 10→1, s1:12→1 / s2:1→1 / s3:1→1, 5→1, 10→1, s1:12→1 / s2:1→1 / s3:1→1, 5→1, 10→2, s1:12→1 / s2:1→1 / s3:1→1, 5→1, 10→2, s1:12→1 / s2:1→1 / s3:1→1, 5→1, 10→3, s1:12→1 / s2:1→1 / s3:1→2, 10→2, s1:12→1 / s2:1→1 / s3:1→2, 10→3, s1:12→1 / s2:1→1 / s3:1→2, 10→3, s1:12→1 / s2:1→1 / s3:1→2, 5→1, 10→1, s1:12→1 / s2:1→1 / s3:1→2, 5→1, 10→2, s1:12→1 / s2:1→1 / s3:1→2, 5→1, 10→2, s1:12→1 / s2:1→1 / s3:5→1, 10→1, s1:1→1, 12→1 / s2:1→1, 10→1 / s3:1→1, s1:1→1, 12→1 / s2:1→1, 10→1 / s3:1→2, 5→1, s1:1→1 / s2:1→1, 12→1 / s3:10→1, s1:1→1 / s2:1→1, 12→1 / s3:1→1, 10→1, s1:1→1 / s2:1→1, 12→1 / s3:1→1, 10→1, s1:1→1 / s2:1→1, 12→1 / s3:1→1, 10→2, s1:1→1 / s2:1→1, 12→1 / s3:1→1, 10→2, s1:1→1 / s2:1→1, 12→1 / s3:1→1, 5→1, s1:1→1 / s2:1→1, 12→1 / s3:1→1, 5→1, 10→1, s1:1→1 / s2:1→1, 12→1 / s3:1→1, 5→1, 10→1, s1:1→1 / s2:1→1, 12→1 / s3:1→2, 10→2, s1:1→1 / s2:1→1, 12→1 / s3:1→2, 10→2, s1:1→1 / s2:1→1, 12→1 / s3:1→2, 10→3, s1:1→1 / s2:1→1, 12→1 / s3:1→2, 10→3, s1:1→1 / s2:1→1, 12→1 / s3:1→2, 5→1, 10→1, s1:1→1 / s2:1→1, 12→1 / s3:1→2, 5→1, 10→1, s1:1→1 / s2:1→1, 12→1 / s3:1→2, 5→1, 10→2, s1:1→1 / s2:1→1, 12→1 / s3:1→2, 5→1, 10→2, s1:1→1 / s2:1→1, 12→1 / s3:1→3, 5→1, 10→1}"	"{s3:13→1, s3:14→1, s3:13→1, s3:13→1, s3:14→1, s3:14→1, s3:13→1, s3:13→1, s3:14→1, s3:13→1, s3:14→1, s3:14→1, s3:13→1, s3:13→1, s3:14→1, s3:13→1, s3:13→1, s3:14→1, s3:14→1, s3:14→1, s3:14→1, s3:13→1, s3:13→1, s3:14→1, s3:13→1, s3:14→1, s3:14→1, s3:13→1, s3:14→1, s3:13→1, s3:14→1, s3:13→1, s3:14→1, s3:13→1, s3:14→1, s3:13→1, s3:14→1, s3:14→1}"
12	57	17	131	0	2	0	1	0	0	0	0	"s1:1→1 / s2:12→1 / s3:10→1"	""
12	57	17	138	1	1	0	1	0	0	0	0	"{s1:1→1 / s2:12→1 / s3:10→1, s1:1→1 / s2:12→1 / s3:1→1, 10→1, s1:1→1 / s2:12→1 / s3:1→1, 10→2, s1:1→1 / s2:12→1 / s3:1→1, 10→3, s1:1→1 / s2:12→1 / s3:1→1, 10→4, s1:1→1 / s2:12→1 / s3:1→1, 5→1, 10→1, s1:1→1 / s2:12→1 / s3:1→1, 5→1, 10→2, s1:1→1 / s2:12→1 / s3:1→1, 5→1, 10→3, s1:1→1 / s2:12→1 / s3:1→2, 10→3, s1:1→1 / s2:12→1 / s3:1→2, 5→1, 10→2, s1:1→1 / s2:12→1 / s3:5→1, 10→1, s1:1→1 / s2:12→1 / s3:5→1, 10→2, s1:1→1 / s2:12→1 / s3:5→1, 10→3, s1:1→1 / s2:12→1 / s3:5→1, 10→4}"	"{s3:14→1, s3:14→1, s3:14→1, s3:14→1, s3:14→1, s3:14→1, s3:14→1, s3:14→1, s3:14→1, s3:14→1, s3:14→1, s3:14→1, s3:14→1, s3:14→1}"
12	57	17	155	0	2	1	0	0	0	0	0	"s1:1→1 / s2:12→1 / s3:1→1, 10→1"	""
12	57	17	162	1	1	1	0	0	0	0	0	"{s1:1→1 / s2:12→1 / s3:1→1, 10→3, s1:1→1 / s2:12→1 / s3:1→1, 10→4, s1:1→1 / s2:12→1 / s3:1→1, 5→1, s1:1→1 / s2:12→1 / s3:1→2, 10→2, s1:1→1 / s2:12→1 / s3:1→2, 5→1, 10→1, s1:1→1 / s2:12→1 / s3:5→1, s1:1→1 / s2:12→1 / s3:5→1, 10→1, s1:1→1 / s2:12→1 / s3:5→1, 10→2, s1:1→1 / s2:12→1 / s3:5→1, 10→3}"	"{s3:14→1, s3:14→1, s3:14→1, s3:14→1, s3:14→1, s3:14→1, s3:14→1, s3:14→1, s3:14→1}"
12	57	18	105	0	2	0	0	1	0	0	0	"s1:1→1 / s2:12→1 / s3:10→1"	""
12	57	18	112	1	1	0	0	1	0	0	0	"{s1:1→1 / s2:12→1 / s3:10→1, s1:1→1 / s2:12→1 / s3:1→1, 10→1, s1:1→1 / s2:12→1 / s3:1→1, 10→2, s1:1→1 / s2:12→1 / s3:1→1, 10→3, s1:1→1 / s2:12→1 / s3:1→1, 10→4, s1:1→1 / s2:12→1 / s3:1→1, 5→1, 10→1, s1:1→1 / s2:12→1 / s3:1→1, 5→1, 10→2, s1:1→1 / s2:12→1 / s3:1→1, 5→1, 10→3, s1:1→1 / s2:12→1 / s3:5→1, 10→1, s1:1→1 / s2:12→1 / s3:5→1, 10→2, s1:1→1 / s2:12→1 / s3:5→1, 10→3, s1:1→1 / s2:12→1 / s3:5→1, 10→4}"	"{s3:14→1, s3:14→1, s3:14→1, s3:14→1, s3:14→1, s3:14→1, s3:14→1, s3:14→1, s3:14→1, s3:14→1, s3:14→1, s3:14→1}"
12	57	18	138	1	1	0	1	0	0	0	0	"{s1:1→1 / s2:12→1 / s3:1→1, 5→1, s1:1→1 / s2:12→1 / s3:1→2, 10→2, s1:1→1 / s2:12→1 / s3:1→2, 5→1, 10→1, s1:1→1 / s2:12→1 / s3:5→1}"	"{s3:14→1, s3:14→1, s3:14→1, s3:14→1}"
12	57	18	162	1	1	1	0	0	0	0	0	"{s1:1→1 / s2:12→1 / s3:1→3, 10→2, s1:1→1 / s2:12→1 / s3:1→3, 5→1, 10→1, s1:1→1 / s2:12→1 / s3:5→1, 10→4, s1:1→1 / s2:1→1, 12→1 / s3:10→1}"	"{s3:14→1, s3:14→1, s3:14→1, s3:14→1}"
12	57	18	175	0	3	0	0	0	0	0	0	"s1:1→1 / s2:1→1 / s3:1→1, 12→1"	""
12	57	19	78	0	2	0	0	0	1	0	0	"s1:1→1 / s2:12→1 / s3:10→1"	""
12	57	19	85	1	1	0	0	0	1	0	0	"{s1:1→1 / s2:12→1 / s3:10→1, s1:1→1 / s2:12→1 / s3:10→2, s1:1→1 / s2:12→1 / s3:5→1, 10→1, s1:1→1 / s2:12→1 / s3:5→1, 10→2, s1:1→1 / s2:12→1 / s3:5→1, 10→3, s1:1→1 / s2:12→1 / s3:5→1, 10→4}"	"{s3:14→1, s3:14→1, s3:14→1, s3:14→1, s3:14→1, s3:14→1}"
12	57	19	112	1	1	0	0	1	0	0	0	"{s1:1→1 / s2:12→1 / s3:10→2, s1:1→1 / s2:12→1 / s3:1→1, 5→1, s1:1→1 / s2:12→1 / s3:5→1}"	"{s3:14→1, s3:14→1, s3:14→1}"
12	57	19	138	1	1	0	1	0	0	0	0	"{s1:1→1 / s2:12→1 / s3:1→3, 10→2, s1:1→1 / s2:12→1 / s3:1→3, 5→1, 10→1}"	"{s3:14→1, s3:14→1}"
12	57	19	162	1	1	1	0	0	0	0	0	"{s1:1→1 / s2:12→1 / s3:1→2, 10→1, s1:1→1 / s2:12→1 / s3:1→2, 5→1}"	"{s3:14→1, s3:14→1}"
12	57	20	50	0	2	0	0	0	0	1	0	"s1:1→1 / s2:12→1 / s3:10→1"	""
12	57	20	57	1	1	0	0	0	0	1	0	"{s1:1→1 / s2:12→1 / s3:10→1, s1:1→1 / s2:12→1 / s3:10→2, s1:1→1 / s2:12→1 / s3:10→3, s1:1→1 / s2:12→1 / s3:10→4, s1:1→1 / s2:12→1 / s3:5→1, s1:1→1 / s2:12→1 / s3:5→1, 10→1, s1:1→1 / s2:12→1 / s3:5→1, 10→2, s1:1→1 / s2:12→1 / s3:5→1, 10→3, s1:1→1 / s2:12→1 / s3:5→1, 10→4}"	"{s3:14→1, s3:14→1, s3:14→1, s3:14→1, s3:14→1, s3:14→1, s3:14→1, s3:14→1, s3:14→1}"
12	57	20	85	1	1	0	0	0	1	0	0	"{s1:1→1 / s2:12→1 / s3:10→3, s1:1→1 / s2:12→1 / s3:10→4, s1:1→1 / s2:12→1 / s3:10→5, s1:1→1 / s2:12→1 / s3:5→1}"	"{s3:14→1, s3:14→1, s3:14→1, s3:14→1}"
12	57	20	112	1	1	0	0	1	0	0	0	"s1:1→1 / s2:12→1 / s3:10→3"	"s3:14→1"
12	57	20	138	1	1	0	1	0	0	0	0	"{s1:1→1 / s2:12→1 / s3:1→2, 10→1, s1:1→1 / s2:12→1 / s3:1→2, 5→1}"	"{s3:14→1, s3:14→1}"
12	57	20	162	1	1	1	0	0	0	0	0	"s1:1→1 / s2:12→1 / s3:1→1"	"s3:14→1"
12	57	21	57	1	1	0	0	0	0	1	0	"s1:1→1 / s2:12→1 / s3:10→5"	"s3:14→1"
12	57	21	112	1	1	0	0	1	0	0	0	"s1:1→1 / s2:12→1 / s3:10→4"	"s3:14→1"
12	57	21	138	1	1	0	1	0	0	0	0	"{s1:1→1 / s2:12→1 / s3:10→2, s1:1→1 / s2:12→1 / s3:1→1}"	"{s3:14→1, s3:14→1}"
12	57	22	112	1	1	0	0	1	0	0	0	"{s1:1→1 / s2:12→1 / s3:10→5, s1:1→1 / s2:12→1 / s3:1→1}"	"{s3:14→1, s3:14→1}"
12	57	22	162	1	1	1	0	0	0	0	0	"s1:1→1 / s2:12→1 / s3:10→1"	"s3:14→1"
12	57	26	138	1	1	0	1	0	0	0	0	"s1:1→1 / s2:12→1 / s3:1→3, 5→1"	"s3:14→1"
12	57	33	138	1	1	0	1	0	0	0	0	"s1:1→1 / s2:12→1 / s3:10→3"	"s3:14→1"
12	57	39	138	1	1	0	1	0	0	0	0	"s1:1→1 / s2:12→1 / s3:1→3, 10→1"	"s3:14→1"
12	58	16	163	2	1	0	0	0	0	0	0	"{s1:1→1 / s2:12→1 / s3:10→1, s1:1→1 / s2:12→1 / s3:1→1, 9→1, s1:1→1 / s2:12→1 / s3:1→1, 9→1, 10→1, s1:1→1 / s2:12→1 / s3:1→2, 9→1, s1:1→1 / s2:12→1 / s3:1→2, 9→1, 10→1, s1:1→1 / s2:12→1 / s3:1→3, 9→1, 10→1}"	"{s2:13→1 / s3:13→1, s2:13→1 / s3:13→1, s2:13→1 / s3:13→1, s2:13→1 / s3:13→1, s2:13→1 / s3:13→1, s2:13→1 / s3:13→1}"
12	58	16	164	2	1	0	0	0	0	0	0	"{s1:1→1 / s2:12→1, s1:1→1 / s2:12→1 / s3:10→1, s1:1→1 / s2:12→1 / s3:1→1, 9→1, s1:1→1 / s2:12→1 / s3:1→1, 9→1, s1:1→1 / s2:12→1 / s3:1→1, 9→1, 10→1, s1:1→1 / s2:12→1 / s3:1→2, 9→1, s1:1→1 / s2:12→1 / s3:1→2, 9→1, s1:1→1 / s2:12→1 / s3:1→2, 9→1, 10→1, s1:1→1 / s2:12→1 / s3:1→2, 9→1, 10→1, s1:1→1 / s2:12→1 / s3:1→3, 9→1, 10→1, s1:1→1 / s2:12→1 / s3:1→3, 9→1, 10→1, s1:1→1 / s3:1→1, 9→1, s1:1→1 / s3:1→2, 9→1, 10→1, 12→1}"	"{s2:13→1 / s3:2→1, s2:13→1 / s3:2→1, s2:13→1 / s3:2→1, s2:2→1 / s3:13→1, s2:13→1 / s3:2→1, s2:13→1 / s3:2→1, s2:2→1 / s3:13→1, s2:13→1 / s3:2→1, s2:2→1 / s3:13→1, s2:13→1 / s3:2→1, s2:2→1 / s3:13→1, s2:2→1 / s3:13→1, s2:2→1 / s3:13→1}"
12	58	17	163	2	1	0	0	0	0	0	0	"{s1:1→1 / s2:12→1 / s3:1→1, 10→1, s1:1→1 / s2:12→1 / s3:1→3, 9→1, s1:1→1 / s2:1→1, 12→1 / s3:1→1, 10→1}"	"{s2:13→1 / s3:13→1, s2:13→1 / s3:13→1, s2:13→1 / s3:13→1}"
12	58	17	164	2	1	0	0	0	0	0	0	"{s1:1→1 / s2:12→1 / s3:1→3, 9→1, s1:1→1 / s2:12→1 / s3:1→3, 9→1, s1:1→1 / s2:12→1 / s3:9→1, s1:1→1 / s2:1→1, 12→1 / s3:1→1, 10→1, s1:1→1 / s3:1→1, 10→1, 12→1, s1:1→1 / s3:1→1, 12→1, s1:1→1 / s3:1→2, 10→1, 12→1, s1:1→1 / s3:1→2, 9→1, s1:1→1 / s3:1→2, 9→1, 12→1, s1:1→1 / s3:1→3, 9→1, s1:1→1 / s3:1→3, 9→1, 12→1, s1:1→1 / s3:1→4, 9→1}"	"{s2:13→1 / s3:2→1, s2:2→1 / s3:13→1, s2:13→1 / s3:2→1, s2:13→1 / s3:2→1, s2:2→1 / s3:13→1, s2:2→1 / s3:13→1, s2:2→1 / s3:13→1, s2:2→1 / s3:13→1, s2:2→1 / s3:13→1, s2:2→1 / s3:13→1, s2:2→1 / s3:13→1, s2:2→1 / s3:13→1}"
12	58	18	163	2	1	0	0	0	0	0	0	"{s1:1→1 / s2:12→1 / s3:1→4, 9→1, s1:1→1 / s2:1→1, 12→1 / s3:1→2, 10→1}"	"{s2:13→1 / s3:13→1, s2:13→1 / s3:13→1}"
12	58	18	164	2	1	0	0	0	0	0	0	"{s1:1→1 / s2:12→1 / s3:1→4, 9→1, s1:1→1 / s3:1→2, 12→1, s1:1→1 / s3:1→3, 10→1, 12→1, s1:1→1 / s3:1→3, 12→1}"	"{s2:13→1 / s3:2→1, s2:2→1 / s3:13→1, s2:2→1 / s3:13→1, s2:2→1 / s3:13→1}"
12	58	19	157	1	2	0	0	0	0	0	0	"{s1:1→1 / s2:1→1, s1:1→1 / s2:1→1 / s3:12→1, s1:1→1 / s2:1→1 / s3:1→1, 10→1, 12→1, s1:1→1 / s2:1→1 / s3:1→1, 10→1, 12→1, s1:1→1 / s2:1→1 / s3:1→1, 12→1, s1:1→1 / s2:1→1 / s3:1→1, 12→1}"	"{s3:2→1, s3:2→1, s3:14→1, s3:2→1, s3:14→1, s3:2→1}"
12	58	19	163	2	1	0	0	0	0	0	0	"s1:1→1 / s2:1→1 / s3:1→2, 12→1"	"s2:13→1 / s3:13→1"
12	58	19	164	2	1	0	0	0	0	0	0	"{s1:1→1 / s3:1→1, s1:1→1 / s3:1→4, 12→1}"	"{s2:2→1 / s3:13→1, s2:2→1 / s3:13→1}"
12	58	20	150	0	3	0	0	0	0	0	0	"s1:1→1 / s2:1→1 / s3:1→1"	""
12	58	20	157	1	2	0	0	0	0	0	0	"{s1:1→1 / s2:1→1 / s3:1→1, s1:1→1 / s2:1→1 / s3:1→1}"	"{s3:14→1, s3:2→1}"
12	58	20	163	2	1	0	0	0	0	0	0	"s1:1→1 / s2:1→1 / s3:1→1, 12→1"	"s2:13→1 / s3:13→1"
12	58	20	164	2	1	0	0	0	0	0	0	"{s1:1→1 / s2:1→1, 12→1 / s3:1→1, s1:1→1 / s2:1→1 / s3:1→1}"	"{s2:13→1 / s3:2→1, s2:13→1 / s3:2→1}"
12	58	21	157	1	2	0	0	0	0	0	0	"{s1:1→1 / s2:1→1 / s3:12→1, s1:1→1 / s2:1→2}"	"{s3:14→1, s3:2→1}"
12	58	21	163	2	1	0	0	0	0	0	0	"{s1:1→1 / s2:12→1 / s3:9→1, s1:1→1 / s2:1→1 / s3:1→1, s1:1→1 / s2:1→1 / s3:1→2}"	"{s2:13→1 / s3:13→1, s2:13→1 / s3:13→1, s2:13→1 / s3:13→1}"
12	59	16	149	0	3	0	0	0	0	0	0	"s1:12→1 / s2:10→1 / s3:1→1"	""
12	59	16	155	1	2	0	0	0	0	0	0	"{s1:12→1 / s2:10→1, s1:12→1 / s2:1→1, s1:12→1 / s2:1→1, 10→1, s1:12→1 / s2:1→1 / s3:10→1}"	"{s3:2→1, s3:2→1, s3:2→1, s3:2→1}"
12	59	16	156	1	2	0	0	0	0	0	0	"{s1:12→1 / s2:10→1 / s3:1→1, s1:12→1 / s2:1→1, 10→1 / s3:1→1, s1:12→1 / s2:1→1 / s3:10→1, s1:12→1 / s2:1→1 / s3:1→1, 10→1}"	"{s3:14→1, s3:13→1, s3:14→1, s3:13→1}"
12	59	16	162	2	1	0	0	0	0	0	0	"{s1:12→1 / s2:10→1 / s3:1→1, s1:12→1 / s2:10→1 / s3:1→1, 10→1, s1:12→1 / s2:10→1 / s3:1→2, 10→1, s1:12→1 / s2:10→1 / s3:1→2, 10→2, s1:12→1 / s2:10→1 / s3:1→3, 10→2, s1:12→1 / s2:1→1, 10→1 / s3:1→1, 10→1, s1:12→1 / s2:1→1, 10→1 / s3:1→1, 10→2, s1:12→1 / s2:1→1, 10→1 / s3:1→2, 10→1, s1:12→1 / s2:1→1, 10→1 / s3:1→2, 10→2, s1:12→1 / s2:1→1, 10→1 / s3:1→2, 10→2, s1:12→1 / s2:1→1, 10→1 / s3:1→2, 10→3, s1:12→1 / s2:1→1, 10→1 / s3:1→3, 10→2, s1:12→1 / s2:1→1, 10→2 / s3:1→2, 10→1, s1:12→1 / s2:1→1 / s3:1→1, 10→1, s1:12→1 / s2:1→1 / s3:1→1, 10→2, s1:12→1 / s2:1→1 / s3:1→2, 10→2, s1:12→1 / s2:1→1 / s3:1→2, 10→3, s1:12→1 / s2:1→2, 10→1 / s3:1→2, 10→2, s1:12→1 / s2:1→2, 10→1 / s3:1→2, 10→3, s1:12→1 / s3:1→1, s1:12→1 / s3:1→1, 10→1, s1:12→1 / s3:1→2, 10→1, s1:12→1 / s3:1→2, 10→2, s1:12→1 / s3:1→3, 10→2, s1:1→1, 10→1, 12→1 / s3:1→1, s1:1→1, 12→1 / s2:10→1, s1:1→1, 12→1 / s2:10→1 / s3:10→1, s1:1→1, 12→1 / s2:10→1 / s3:1→1, 10→1, s1:1→1, 12→1 / s2:10→1 / s3:1→1, 10→1, s1:1→1, 12→1 / s2:10→1 / s3:1→1, 10→2, s1:1→1, 12→1 / s2:10→1 / s3:1→1, 10→2, s1:1→1, 12→1 / s2:10→1 / s3:1→2, 10→2, s1:1→1, 12→1 / s2:10→1 / s3:1→2, 10→2, s1:1→1, 12→1 / s2:10→1 / s3:1→2, 10→3, s1:1→1, 12→1 / s2:10→1 / s3:1→2, 10→3, s1:1→1, 12→1 / s3:1→1, 10→1, s1:1→1, 12→1 / s3:1→1, 10→2, s1:1→1, 12→1 / s3:1→2, 10→2, s1:1→1, 12→1 / s3:1→2, 10→3, s1:1→1 / s2:10→1, 12→1 / s3:12→1, s1:1→1 / s2:10→1, 12→1 / s3:1→1, 10→1, 12→1, s1:1→1 / s2:10→1, 12→1 / s3:1→1, 10→1, 12→1, s1:1→1 / s2:10→1, 12→1 / s3:1→1, 10→1, 12→2, s1:1→1 / s2:10→1, 12→1 / s3:1→1, 10→1, 12→2, s1:1→1 / s2:10→1, 12→1 / s3:1→1, 10→2, 12→2, s1:1→1 / s2:12→1, s1:1→1 / s2:12→1 / s3:10→1, s1:1→1 / s2:12→1 / s3:10→1, s1:1→1 / s2:12→1 / s3:10→1, 12→1, s1:1→1 / s2:12→1 / s3:12→1, s1:1→1 / s2:12→1 / s3:1→1, 10→1, 12→1, s1:1→1 / s2:12→1 / s3:1→1, 10→1, 12→1, s1:1→1 / s2:12→1 / s3:1→1, 10→1, 12→1, s1:1→1 / s2:12→1 / s3:1→1, 10→1, 12→2, s1:1→1 / s2:12→1 / s3:1→1, 10→1, 12→2, s1:1→1 / s2:12→1 / s3:1→1, 10→2, 12→1, s1:1→1 / s2:12→1 / s3:1→1, 10→2, 12→1, s1:1→1 / s2:12→1 / s3:1→1, 10→2, 12→1, s1:1→1 / s2:12→1 / s3:1→1, 10→2, 12→2, s1:1→1 / s2:12→1 / s3:1→1, 10→2, 12→2, s1:1→1 / s2:12→1 / s3:1→1, 10→3, 12→1, s1:1→1 / s3:1→1, 10→1, 12→2}"	"{s2:2→1 / s3:13→1, s2:2→1 / s3:13→1, s2:2→1 / s3:13→1, s2:2→1 / s3:13→1, s2:2→1 / s3:13→1, s2:13→1 / s3:2→1, s2:13→1 / s3:2→1, s2:2→1 / s3:13→1, s2:13→1 / s3:2→1, s2:2→1 / s3:13→1, s2:13→1 / s3:2→1, s2:2→1 / s3:13→1, s2:2→1 / s3:13→1, s2:13→1 / s3:2→1, s2:13→1 / s3:2→1, s2:13→1 / s3:2→1, s2:13→1 / s3:2→1, s2:13→1 / s3:2→1, s2:13→1 / s3:2→1, s2:2→1 / s3:13→1, s2:2→1 / s3:13→1, s2:2→1 / s3:13→1, s2:2→1 / s3:13→1, s2:2→1 / s3:13→1, s2:2→1 / s3:13→1, s2:13→1 / s3:2→1, s2:13→1 / s3:2→1, s2:13→1 / s3:2→1, s2:2→1 / s3:13→1, s2:13→1 / s3:2→1, s2:2→1 / s3:13→1, s2:13→1 / s3:2→1, s2:2→1 / s3:13→1, s2:13→1 / s3:2→1, s2:2→1 / s3:13→1, s2:2→1 / s3:13→1, s2:2→1 / s3:13→1, s2:2→1 / s3:13→1, s2:2→1 / s3:13→1, s2:13→1 / s3:2→1, s2:13→1 / s3:13→1, s2:2→1 / s3:13→1, s2:13→1 / s3:2→1, s2:2→1 / s3:13→1, s2:2→1 / s3:13→1, s2:13→1 / s3:2→1, s2:13→1 / s3:13→1, s2:13→1 / s3:2→1, s2:13→1 / s3:2→1, s2:13→1 / s3:2→1, s2:13→1 / s3:13→1, s2:13→1 / s3:2→1, s2:2→1 / s3:13→1, s2:13→1 / s3:2→1, s2:2→1 / s3:13→1, s2:13→1 / s3:13→1, s2:13→1 / s3:2→1, s2:2→1 / s3:13→1, s2:13→1 / s3:2→1, s2:2→1 / s3:13→1, s2:13→1 / s3:2→1, s2:2→1 / s3:13→1}"
12	59	17	129	0	2	1	0	0	0	0	0	"s1:1→1 / s2:12→1 / s3:10→1"	""
12	59	17	135	1	1	1	0	0	0	0	0	"{s1:1→1 / s2:12→1, s1:1→1 / s2:12→1 / s3:10→1, s1:1→1 / s2:12→1 / s3:10→2}"	"{s3:2→1, s3:2→1, s3:2→1}"
12	59	17	136	1	1	1	0	0	0	0	0	"{s1:1→1 / s2:12→1 / s3:10→1, s1:1→1 / s2:12→1 / s3:1→1, 10→1, s1:1→1 / s2:12→1 / s3:1→1, 10→2, s1:1→1 / s2:12→1 / s3:1→1, 10→3}"	"{s3:14→1, s3:14→1, s3:14→1, s3:14→1}"
12	59	17	149	0	3	0	0	0	0	0	0	"s1:12→1 / s2:1→1 / s3:1→1, 10→1"	""
12	59	17	155	1	2	0	0	0	0	0	0	"{s1:12→1 / s2:1→1 / s3:10→2, s1:12→1 / s2:1→1 / s3:1→1, 10→1, s1:12→1 / s2:1→1 / s3:1→1, 10→2, s1:12→1 / s2:1→1 / s3:1→1, 10→3, s1:12→1 / s2:1→1 / s3:1→1, 10→4, s1:12→1 / s2:1→1 / s3:1→2, 10→2, s1:12→1 / s2:1→1 / s3:1→2, 10→3, s1:12→1 / s2:1→2, 10→1, s1:1→1, 12→1 / s2:1→1, 10→1, s1:1→1 / s2:1→1, 10→1, 12→1, s1:1→1 / s2:1→1, 12→1, s1:1→1 / s2:1→1, 12→1 / s3:10→1}"	"{s3:2→1, s3:2→1, s3:2→1, s3:2→1, s3:2→1, s3:2→1, s3:2→1, s3:2→1, s3:2→1, s3:2→1, s3:2→1, s3:2→1}"
12	59	17	156	1	2	0	0	0	0	0	0	"{s1:12→1 / s2:1→1, 10→1 / s3:1→1, s1:12→1 / s2:1→1 / s3:1→1, s1:12→1 / s2:1→1 / s3:1→1, 10→1, s1:12→1 / s2:1→1 / s3:1→1, 10→2, s1:12→1 / s2:1→1 / s3:1→1, 10→2, s1:12→1 / s2:1→1 / s3:1→1, 10→3, s1:12→1 / s2:1→1 / s3:1→1, 10→3, s1:12→1 / s2:1→1 / s3:1→2, 10→1, s1:12→1 / s2:1→1 / s3:1→2, 10→2, s1:12→1 / s2:1→1 / s3:1→2, 10→2, s1:12→1 / s2:1→1 / s3:1→2, 10→3, s1:12→1 / s2:1→1 / s3:1→2, 10→3, s1:12→1 / s2:1→1 / s3:1→3, 10→2, s1:12→1 / s2:1→2, 10→1 / s3:1→1, s1:1→1 / s2:1→1, 12→1 / s3:10→1, s1:1→1 / s2:1→1, 12→1 / s3:10→1}"	"{s3:14→1, s3:13→1, s3:14→1, s3:13→1, s3:14→1, s3:13→1, s3:14→1, s3:13→1, s3:13→1, s3:14→1, s3:13→1, s3:14→1, s3:13→1, s3:13→1, s3:13→1, s3:14→1}"
12	59	17	162	2	1	0	0	0	0	0	0	"{s1:12→1 / s2:10→1 / s3:10→1, s1:12→1 / s2:10→1 / s3:1→1, 10→2, s1:12→1 / s2:10→1 / s3:1→1, 10→3, s1:12→1 / s2:10→1 / s3:1→1, 10→3, s1:12→1 / s2:10→1 / s3:1→2, 10→3, s1:12→1 / s2:10→2 / s3:1→1, 10→1, s1:12→1 / s2:1→1, 10→1 / s3:1→1, 10→3, s1:12→1 / s2:1→1, 10→1 / s3:1→2, 10→3, s1:12→1 / s2:1→1, 10→1 / s3:1→3, 10→1, s1:12→1 / s2:1→1 / s3:1→2, 10→1, s1:12→1 / s2:1→1 / s3:1→3, 10→2, s1:12→1 / s2:1→2, 10→1 / s3:1→2, 10→1, s1:12→1 / s2:1→2, 10→1 / s3:1→3, 10→1, s1:12→1 / s2:1→2, 10→1 / s3:1→3, 10→2, s1:12→1 / s2:1→2, 10→1 / s3:1→3, 10→2, s1:12→1 / s2:1→3, 10→1 / s3:1→3, 10→2, s1:12→1 / s3:1→1, 10→2, s1:12→1 / s3:1→2, 10→3, s1:12→1 / s3:1→3, 10→1, s1:1→1, 12→1 / s2:10→1 / s3:1→1, 10→3, s1:1→1, 12→1 / s2:10→1 / s3:1→1, 10→3, s1:1→1, 12→1 / s2:10→1 / s3:1→2, 10→1, s1:1→1, 12→1 / s3:1→1, s1:1→1, 12→1 / s3:1→2, 10→1, s1:1→1 / s2:10→1, 12→1 / s3:10→1, 12→1, s1:1→1 / s2:10→1, 12→1 / s3:10→1, 12→2, s1:1→1 / s2:10→1, 12→1 / s3:12→2, s1:1→1 / s2:10→1, 12→1 / s3:1→1, 10→1, 12→2, s1:1→1 / s2:10→1, 12→1 / s3:1→1, 10→1, 12→3, s1:1→1 / s2:10→1, 12→1 / s3:1→1, 10→1, 12→3, s1:1→1 / s2:10→1, 12→1 / s3:1→1, 10→1, 12→3, s1:1→1 / s2:10→1, 12→1 / s3:1→1, 10→2, 12→2, s1:1→1 / s2:10→1, 12→1 / s3:1→1, 10→2, 12→2, s1:1→1 / s2:10→1, 12→1 / s3:1→1, 12→3, s1:1→1 / s2:12→1 / s3:10→1, 12→1, s1:1→1 / s2:12→1 / s3:10→1, 12→2, s1:1→1 / s2:12→1 / s3:10→2, 12→1, s1:1→1 / s2:12→1 / s3:12→1, s1:1→1 / s2:12→1 / s3:12→2, s1:1→1 / s2:12→1 / s3:1→1, 10→1, s1:1→1 / s2:12→1 / s3:1→1, 10→1, 12→2, s1:1→1 / s2:12→1 / s3:1→1, 10→1, 12→3, s1:1→1 / s2:12→1 / s3:1→1, 10→1, 12→3, s1:1→1 / s2:12→1 / s3:1→1, 10→1, 12→3, s1:1→1 / s2:12→1 / s3:1→1, 10→2, s1:1→1 / s2:12→1 / s3:1→1, 10→2, s1:1→1 / s2:12→1 / s3:1→1, 10→2, 12→2, s1:1→1 / s2:12→1 / s3:1→1, 10→3, 12→1, s1:1→1 / s2:12→1 / s3:1→1, 12→1, s1:1→1 / s2:12→1 / s3:1→1, 12→1, s1:1→1 / s2:12→1 / s3:1→1, 12→1, s1:1→1 / s2:12→1 / s3:1→1, 12→2, s1:1→1 / s2:12→1 / s3:1→1, 12→2, s1:1→1 / s2:12→1 / s3:1→1, 12→2, s1:1→1 / s2:12→1 / s3:1→1, 12→3, s1:1→1 / s2:12→1 / s3:1→1, 12→3, s1:1→1 / s2:12→1 / s3:1→1, 12→3, s1:1→1 / s2:12→1 / s3:1→2, 10→1, 12→1, s1:1→1 / s2:12→1 / s3:1→2, 10→1, 12→1, s1:1→1 / s2:12→1 / s3:1→2, 10→1, 12→1, s1:1→1 / s2:12→1 / s3:1→2, 10→1, 12→2, s1:1→1 / s2:12→1 / s3:1→2, 10→1, 12→2, s1:1→1 / s2:12→1 / s3:1→2, 10→1, 12→2, s1:1→1 / s2:12→1 / s3:1→2, 10→2, 12→1, s1:1→1 / s2:12→1 / s3:1→2, 10→2, 12→1, s1:1→1 / s2:12→1 / s3:1→2, 10→2, 12→1, s1:1→1 / s2:12→1 / s3:1→2, 12→2, s1:1→1 / s2:12→1 / s3:1→2, 12→2, s1:1→1 / s2:12→1 / s3:1→2, 12→2, s1:1→1 / s2:12→1 / s3:1→2, 12→3, s1:1→1 / s2:12→1 / s3:1→2, 12→3, s1:1→1 / s2:12→1 / s3:1→2, 12→3, s1:1→1 / s3:1→1, 10→1, 12→1, s1:1→1 / s3:1→1, 12→1, s1:1→1 / s3:1→1, 12→2, s1:1→1 / s3:1→2, 10→1, 12→1, s1:1→1 / s3:1→2, 10→1, 12→2, s1:1→1 / s3:1→2, 12→2, s1:1→1 / s3:1→2, 12→3}"	"{s2:13→1 / s3:2→1, s2:2→1 / s3:13→1, s2:13→1 / s3:2→1, s2:2→1 / s3:13→1, s2:2→1 / s3:13→1, s2:2→1 / s3:13→1, s2:13→1 / s3:2→1, s2:2→1 / s3:13→1, s2:2→1 / s3:13→1, s2:13→1 / s3:2→1, s2:13→1 / s3:2→1, s2:13→1 / s3:2→1, s2:2→1 / s3:13→1, s2:13→1 / s3:2→1, s2:2→1 / s3:13→1, s2:13→1 / s3:2→1, s2:2→1 / s3:13→1, s2:2→1 / s3:13→1, s2:2→1 / s3:13→1, s2:13→1 / s3:2→1, s2:2→1 / s3:13→1, s2:2→1 / s3:13→1, s2:2→1 / s3:13→1, s2:2→1 / s3:13→1, s2:13→1 / s3:2→1, s2:13→1 / s3:2→1, s2:13→1 / s3:2→1, s2:13→1 / s3:13→1, s2:13→1 / s3:13→1, s2:13→1 / s3:2→1, s2:2→1 / s3:13→1, s2:13→1 / s3:13→1, s2:13→1 / s3:2→1, s2:13→1 / s3:13→1, s2:13→1 / s3:13→1, s2:13→1 / s3:2→1, s2:13→1 / s3:2→1, s2:13→1 / s3:13→1, s2:13→1 / s3:2→1, s2:13→1 / s3:13→1, s2:13→1 / s3:13→1, s2:13→1 / s3:13→1, s2:13→1 / s3:2→1, s2:2→1 / s3:13→1, s2:13→1 / s3:13→1, s2:13→1 / s3:2→1, s2:13→1 / s3:13→1, s2:13→1 / s3:13→1, s2:13→1 / s3:13→1, s2:13→1 / s3:2→1, s2:2→1 / s3:13→1, s2:13→1 / s3:13→1, s2:13→1 / s3:2→1, s2:2→1 / s3:13→1, s2:13→1 / s3:13→1, s2:13→1 / s3:2→1, s2:2→1 / s3:13→1, s2:13→1 / s3:13→1, s2:13→1 / s3:2→1, s2:2→1 / s3:13→1, s2:13→1 / s3:13→1, s2:13→1 / s3:2→1, s2:2→1 / s3:13→1, s2:13→1 / s3:13→1, s2:13→1 / s3:2→1, s2:2→1 / s3:13→1, s2:13→1 / s3:13→1, s2:13→1 / s3:2→1, s2:2→1 / s3:13→1, s2:13→1 / s3:13→1, s2:13→1 / s3:2→1, s2:2→1 / s3:13→1, s2:2→1 / s3:13→1, s2:2→1 / s3:13→1, s2:2→1 / s3:13→1, s2:2→1 / s3:13→1, s2:2→1 / s3:13→1, s2:2→1 / s3:13→1, s2:2→1 / s3:13→1}"
12	59	18	105	0	2	0	1	0	0	0	0	"s1:1→1 / s2:12→1 / s3:10→1"	""
12	59	18	112	1	1	0	1	0	0	0	0	"s1:1→1 / s2:12→1 / s3:10→1"	"s3:14→1"
12	59	18	135	1	1	1	0	0	0	0	0	"{s1:1→1 / s2:12→1 / s3:10→3, s1:1→1 / s2:12→1 / s3:10→4}"	"{s3:2→1, s3:2→1}"
12	59	18	136	1	1	1	0	0	0	0	0	"{s1:1→1 / s2:12→1 / s3:1→1, s1:1→1 / s2:12→1 / s3:1→1, 10→4}"	"{s3:14→1, s3:14→1}"
12	59	18	155	1	2	0	0	0	0	0	0	"s1:12→1 / s2:1→1 / s3:1→3, 10→2"	"s3:2→1"
12	59	18	156	1	2	0	0	0	0	0	0	"{s1:12→1 / s2:1→1 / s3:1→1, 10→4, s1:12→1 / s2:1→1 / s3:1→3, 10→2}"	"{s3:14→1, s3:14→1}"
12	59	18	162	2	1	0	0	0	0	0	0	"{s1:12→1 / s2:10→1 / s3:10→2, s1:12→1 / s2:10→1 / s3:10→3, s1:12→1 / s2:10→1 / s3:1→1, 10→2, s1:1→1, 12→1 / s3:1→2, s1:1→1 / s2:10→1, 12→1 / s3:10→1, 12→1, s1:1→1 / s2:10→1, 12→1 / s3:10→2, 12→2, s1:1→1 / s2:12→1 / s3:10→2, 12→2, s1:1→1 / s2:12→1 / s3:1→2, 10→3, s1:1→1 / s3:1→2, 12→1}"	"{s2:13→1 / s3:2→1, s2:13→1 / s3:2→1, s2:13→1 / s3:2→1, s2:2→1 / s3:13→1, s2:13→1 / s3:13→1, s2:13→1 / s3:2→1, s2:13→1 / s3:2→1, s2:13→1 / s3:13→1, s2:2→1 / s3:13→1}"
12	59	19	112	1	1	0	1	0	0	0	0	"s1:1→1 / s2:12→1 / s3:10→2"	"s3:14→1"
12	59	19	135	1	1	1	0	0	0	0	0	"s1:1→1 / s2:12→1 / s3:10→5"	"s3:2→1"
12	59	19	149	0	3	0	0	0	0	0	0	"s1:12→1 / s2:1→1 / s3:1→2, 10→1"	""
12	59	19	155	1	2	0	0	0	0	0	0	"{s1:12→1 / s2:1→1 / s3:10→3, s1:12→1 / s2:1→1 / s3:1→2, 10→1, s1:12→1 / s2:1→3, 10→1, s1:1→1 / s2:1→1, s1:1→1 / s2:1→1 / s3:12→1}"	"{s3:2→1, s3:2→1, s3:2→1, s3:2→1, s3:2→1}"
12	59	19	156	1	2	0	0	0	0	0	0	"{s1:12→1 / s2:1→1 / s3:1→1, 10→4, s1:12→1 / s2:1→1 / s3:1→3, 10→1, s1:12→1 / s2:1→3, 10→1 / s3:1→1}"	"{s3:13→1, s3:13→1, s3:13→1}"
12	59	19	162	2	1	0	0	0	0	0	0	"{s1:12→1 / s2:1→1 / s3:1→3, 10→1, s1:12→1 / s2:1→2, 10→1 / s3:1→4, 10→1, s1:12→1 / s2:1→3, 10→1 / s3:1→3, 10→1, s1:12→1 / s2:1→3, 10→1 / s3:1→4, 10→1, s1:12→1 / s3:1→1, 10→3, s1:12→1 / s3:1→4, 10→1, s1:1→1 / s2:10→1, 12→1 / s3:10→1, 12→3, s1:1→1 / s2:12→1 / s3:10→1, 12→3, s1:1→1 / s2:12→1 / s3:12→3, s1:1→1 / s2:12→1 / s3:1→2, 12→1, s1:1→1 / s3:1→1}"	"{s2:13→1 / s3:2→1, s2:2→1 / s3:13→1, s2:13→1 / s3:2→1, s2:2→1 / s3:13→1, s2:2→1 / s3:13→1, s2:2→1 / s3:13→1, s2:13→1 / s3:2→1, s2:13→1 / s3:2→1, s2:13→1 / s3:2→1, s2:13→1 / s3:13→1, s2:2→1 / s3:13→1}"
12	59	20	112	1	1	0	1	0	0	0	0	"s1:1→1 / s2:12→1 / s3:10→3"	"s3:14→1"
12	59	20	149	0	3	0	0	0	0	0	0	"s1:12→1 / s2:1→1 / s3:1→1"	""
12	59	20	156	1	2	0	0	0	0	0	0	"{s1:12→1 / s2:1→1 / s3:10→2, s1:12→1 / s2:1→1 / s3:1→2, 10→1, s1:12→1 / s2:1→2, 10→1 / s3:1→2}"	"{s3:14→1, s3:14→1, s3:13→1}"
12	59	20	162	2	1	0	0	0	0	0	0	"{s1:12→1 / s2:1→2, 10→2 / s3:1→3, 10→1, s1:12→1 / s3:1→2, s1:1→1 / s2:10→1, 12→1 / s3:10→2, 12→3, s1:1→1 / s2:12→2 / s3:10→1, 12→1}"	"{s2:2→1 / s3:13→1, s2:2→1 / s3:13→1, s2:13→1 / s3:2→1, s2:13→1 / s3:13→1}"
12	59	21	112	1	1	0	1	0	0	0	0	"s1:1→1 / s2:12→1 / s3:10→4"	"s3:14→1"
12	59	21	136	1	1	1	0	0	0	0	0	"s1:1→1 / s2:12→1 / s3:10→2"	"s3:14→1"
12	59	21	155	1	2	0	0	0	0	0	0	"s1:12→1 / s2:1→2, 10→1 / s3:1→1"	"s3:2→1"
12	59	21	156	1	2	0	0	0	0	0	0	"s1:1→1 / s2:1→1 / s3:12→1"	"s3:14→1"
12	59	21	162	2	1	0	0	0	0	0	0	"{s1:12→1 / s2:1→1, 10→1 / s3:1→3, 10→2, s1:12→1 / s2:1→1 / s3:1→1, s1:12→1 / s2:1→1 / s3:1→1, 10→3, s1:12→1 / s2:1→1 / s3:1→3, 10→1, s1:12→1 / s2:1→2 / s3:1→2, 10→1, s1:12→1 / s2:1→2 / s3:1→3, 10→1, s1:1→1 / s2:10→1, 12→1 / s3:10→1, 12→2, s1:1→1 / s2:12→1 / s3:10→1, 12→2, s1:1→1 / s2:12→1 / s3:10→2, 12→3, s1:1→1 / s2:12→1 / s3:12→2, s1:1→1 / s2:12→1 / s3:1→1, 10→1, s1:1→1 / s2:12→1 / s3:1→1, 10→3, s1:1→1 / s2:12→1 / s3:1→1, 10→3, s1:1→1 / s2:12→1 / s3:1→2, 10→2, s1:1→1 / s2:12→1 / s3:1→2, 10→3, s1:1→1 / s2:12→1 / s3:1→2, 12→1, s1:1→1 / s3:1→2}"	"{s2:13→1 / s3:2→1, s2:13→1 / s3:2→1, s2:13→1 / s3:2→1, s2:2→1 / s3:13→1, s2:13→1 / s3:2→1, s2:13→1 / s3:2→1, s2:13→1 / s3:13→1, s2:13→1 / s3:13→1, s2:13→1 / s3:2→1, s2:13→1 / s3:13→1, s2:13→1 / s3:2→1, s2:13→1 / s3:13→1, s2:13→1 / s3:2→1, s2:13→1 / s3:13→1, s2:13→1 / s3:2→1, s2:13→1 / s3:2→1, s2:2→1 / s3:13→1}"
12	59	22	112	1	1	0	1	0	0	0	0	"s1:1→1 / s2:12→1 / s3:10→5"	"s3:14→1"
12	59	22	156	1	2	0	0	0	0	0	0	"{s1:12→1 / s2:1→1 / s3:10→1, s1:12→1 / s2:1→1 / s3:1→4, 10→1}"	"{s3:13→1, s3:13→1}"
12	59	22	162	2	1	0	0	0	0	0	0	"{s1:12→1 / s2:10→1, s1:12→1 / s2:10→2 / s3:10→1, s1:12→1 / s2:1→1 / s3:1→4, 10→1, s1:1→1 / s2:10→1, 12→1 / s3:12→3, s1:1→1 / s2:10→1, 12→2 / s3:10→2, 12→1}"	"{s2:13→1 / s3:2→1, s2:13→1 / s3:2→1, s2:2→1 / s3:13→1, s2:13→1 / s3:2→1, s2:13→1 / s3:13→1}"
12	59	23	155	1	2	0	0	0	0	0	0	"s1:12→1 / s2:1→1 / s3:1→3, 10→1"	"s3:2→1"
12	59	24	162	2	1	0	0	0	0	0	0	"s1:12→1 / s2:10→3 / s3:1→1, 10→1"	"s2:2→1 / s3:13→1"
12	59	25	162	2	1	0	0	0	0	0	0	"s1:12→1 / s2:1→2 / s3:1→4, 10→1"	"s2:13→1 / s3:2→1"
12	59	29	156	1	2	0	0	0	0	0	0	"{s1:12→1 / s2:1→1 / s3:1→2, s1:12→1 / s2:1→1 / s3:1→3, 10→1}"	"{s3:13→1, s3:14→1}"
12	59	30	155	1	2	0	0	0	0	0	0	"s1:12→1 / s2:1→1 / s3:10→4"	"s3:2→1"
12	59	33	136	1	1	1	0	0	0	0	0	"s1:1→1 / s2:12→1 / s3:10→3"	"s3:14→1"
12	59	34	155	1	2	0	0	0	0	0	0	"s1:12→1 / s2:1→1 / s3:1→4, 10→1"	"s3:2→1"
12	59	38	155	1	2	0	0	0	0	0	0	"s1:12→1 / s2:1→1 / s3:1→1"	"s3:2→1"
12	60	17	126	0	3	0	0	0	0	0	0	"s1:12→1 / s2:10→1 / s3:1→1"	""
12	60	17	133	1	2	0	0	0	0	0	0	"{s1:12→1 / s2:10→1, s1:12→1 / s2:10→1 / s3:1→1, s1:12→1 / s2:10→1 / s3:1→2, s1:12→1 / s2:1→1, s1:12→1 / s2:1→1, 10→1, s1:12→1 / s2:1→1 / s3:10→1, s1:12→1 / s2:1→1 / s3:10→1, s1:12→1 / s2:1→1 / s3:10→2, s1:12→1 / s2:1→1 / s3:10→3}"	"{s3:4→1, s3:4→1, s3:4→1, s3:4→1, s3:4→1, s3:14→1, s3:4→1, s3:4→1, s3:4→1}"
12	60	17	140	2	1	0	0	0	0	0	0	"{s1:1→1 / s2:10→1, 12→1 / s3:10→1, 12→1, s1:1→1 / s2:12→1, s1:1→1 / s2:12→1 / s3:10→1, s1:1→1 / s2:12→1 / s3:10→1, 12→1, s1:1→1 / s2:12→1 / s3:10→2, s1:1→1 / s2:12→1 / s3:10→2, 12→1, s1:1→1 / s2:12→1 / s3:10→3, 12→1, s1:1→1 / s2:12→1 / s3:12→1}"	"{s2:13→1 / s3:4→1, s2:13→1 / s3:4→1, s2:13→1 / s3:4→1, s2:13→1 / s3:4→1, s2:13→1 / s3:4→1, s2:13→1 / s3:4→1, s2:13→1 / s3:4→1, s2:13→1 / s3:4→1}"
12	60	18	133	1	2	0	0	0	0	0	0	"{s1:12→1 / s2:10→1 / s3:1→3, s1:12→1 / s2:1→1 / s3:10→2, s1:12→1 / s2:1→1 / s3:10→4}"	"{s3:4→1, s3:14→1, s3:4→1}"
12	60	18	140	2	1	0	0	0	0	0	0	"s1:1→1 / s2:12→1 / s3:10→4, 12→1"	"s2:13→1 / s3:4→1"
12	60	21	133	1	2	0	0	0	0	0	0	"s1:12→1 / s2:1→1 / s3:10→3"	"s3:14→1"
12	60	28	133	1	2	0	0	0	0	0	0	"s1:12→1 / s2:1→1 / s3:10→4"	"s3:14→1"
12	61	17	137	1	2	0	0	0	0	0	0	"s1:2→1 / s2:1→1 / s3:9→1"	"s3:14→1"
12	62	17	129	0	3	0	0	0	0	0	0	"{s2:2→1 / s3:1→1, s2:2→1 / s3:1→1}"	"{s1:11→1, s1:12→1}"
12	62	17	136	1	2	0	0	0	0	0	0	"{s1:2→1 / s2:1→1 / s3:10→1, s1:2→1 / s2:1→1 / s3:8→1, s1:2→1 / s2:1→1 / s3:8→1, 10→1, s2:2→1 / s3:1→1, s2:2→1 / s3:1→1, 10→1, s2:2→1 / s3:1→1, 8→1, s2:2→1 / s3:1→1, 8→1, 10→1, s2:2→1 / s3:1→2, 10→1, s2:2→1 / s3:1→2, 8→1, s2:2→1 / s3:1→2, 8→1, 10→1, s2:2→1 / s3:1→3, 10→1, s2:2→1 / s3:1→3, 8→1, s2:2→1 / s3:1→3, 8→1, 10→1, s2:2→1 / s3:1→4, 10→1, s2:2→1 / s3:1→4, 8→1, s2:2→1 / s3:8→1, s2:2→1 / s3:8→1, s2:2→1 / s3:8→1, 10→1}"	"{s2:12→1 / s3:13→1, s2:12→1 / s3:13→1, s2:12→1 / s3:13→1, s1:12→1 / s3:14→1, s1:12→1 / s3:14→1, s1:12→1 / s3:14→1, s1:12→1 / s3:14→1, s1:12→1 / s3:14→1, s1:12→1 / s3:14→1, s1:12→1 / s3:14→1, s1:12→1 / s3:14→1, s1:12→1 / s3:14→1, s1:12→1 / s3:14→1, s1:12→1 / s3:14→1, s1:12→1 / s3:14→1, s1:11→1 / s3:14→1, s1:12→1 / s3:14→1, s1:12→1 / s3:14→1}"
12	62	17	137	1	2	0	0	0	0	0	0	"{s1:2→1 / s2:1→1 / s3:10→1, s1:2→1 / s2:1→1 / s3:8→1, s1:2→1 / s2:1→1 / s3:8→1, 10→1}"	"{s3:14→1, s3:14→1, s3:14→1}"
12	62	18	136	1	2	0	0	0	0	0	0	"s2:2→1 / s3:10→1"	"s1:12→1 / s3:14→1"
12	62	21	136	1	2	0	0	0	0	0	0	"{s2:2→1 / s3:1→1, 8→1, s2:2→1 / s3:1→2}"	"{s1:11→1 / s3:14→1, s1:12→1 / s3:14→1}"
12	62	32	136	1	2	0	0	0	0	0	0	"s2:2→1 / s3:1→3"	"s1:12→1 / s3:14→1"
12	62	69	136	1	2	0	0	0	0	0	0	"s2:2→1 / s3:1→4"	"s1:12→1 / s3:14→1"
12	69	17	128	1	2	0	0	0	0	0	0	"{s2:3→1, s2:3→1}"	"{s1:11→1 / s3:1→1, s1:12→1 / s3:1→1}"
12	69	17	136	2	1	0	0	0	0	0	0	"s1:3→1 / s2:10→1"	"s2:13→1 / s3:1→1"
12	69	18	128	1	2	0	0	0	0	0	0	"{s2:3→1 / s3:10→1, s2:3→1 / s3:10→1}"	"{s1:12→1 / s3:14→1, s1:12→1 / s3:1→1}"
12	70	17	128	1	2	0	0	0	0	0	0	"{s2:3→1, s2:3→1 / s3:9→1, s2:3→1 / s3:9→1}"	"{s1:12→1 / s3:1→1, s1:12→1 / s3:14→1, s1:12→1 / s3:1→1}"
12	70	17	136	2	1	0	0	0	0	0	0	"{s1:3→1 / s2:11→1, s1:3→1 / s2:9→1, s1:3→1 / s2:9→1, 11→1}"	"{s2:13→1 / s3:1→1, s2:13→1 / s3:1→1, s2:13→1 / s3:1→1}"
12	73	15	190	2	1	0	0	0	0	0	0	"s1:1→1 / s2:1→1, 10→1 / s3:1→1, 10→1"	"s2:13→1 / s3:13→1"
12	73	16	176	0	3	0	0	0	0	0	0	"{s2:1→1 / s3:1→2, 10→1, s2:1→1 / s3:1→3, 10→1}"	"{s1:12→1, s1:12→1}"
12	73	16	183	1	2	0	0	0	0	0	0	"{s1:1→1 / s2:1→1 / s3:1→1, 10→1, s1:1→1 / s2:1→1 / s3:1→1, 10→1, s2:1→1 / s3:1→1, 10→1, s2:1→1 / s3:1→2, 10→1, s2:1→1 / s3:1→3, 10→1, s2:1→1 / s3:1→3, 10→2}"	"{s2:11→1 / s3:13→1, s2:12→1 / s3:13→1, s1:12→1 / s3:14→1, s1:12→1 / s3:14→1, s1:12→1 / s3:14→1, s1:12→1 / s3:14→1}"
12	73	17	156	0	2	1	0	0	0	0	0	"s1:1→1 / s3:1→1, 10→1"	"s2:12→1"
12	73	17	176	0	3	0	0	0	0	0	0	"s2:1→1 / s3:1→4, 10→1"	"s1:12→1"
12	73	18	176	0	3	0	0	0	0	0	0	"{s1:1→1 / s2:1→1 / s3:1→1, s2:1→1 / s3:1→1, 10→1}"	"{s3:12→1, s1:12→1}"
12	73	19	79	0	2	0	0	0	1	0	0	"s1:1→1 / s3:10→1"	"s2:12→1"
12	73	19	106	0	2	0	0	1	0	0	0	"s1:1→1 / s3:10→1"	"s2:12→1"
12	73	19	132	0	2	0	1	0	0	0	0	"s1:1→1 / s3:10→1"	"s2:12→1"
12	73	20	51	0	2	0	0	0	0	1	0	"s1:1→1 / s3:10→1"	"s2:12→1"
12	74	15	183	1	2	0	0	0	0	0	0	"s1:1→1 / s2:1→1, 11→1 / s3:1→1, 9→1"	"s3:13→1"
12	74	15	189	2	1	0	0	0	0	0	0	"s1:1→1 / s2:1→1, 11→1 / s3:1→3, 9→1, 11→1"	"s2:13→1 / s3:13→1"
12	74	16	182	1	2	0	0	0	0	0	0	"{s1:1→1 / s2:1→1 / s3:1→1, 11→1, s2:1→1 / s3:1→1, 11→1, s2:1→1 / s3:1→1, 9→1, s2:1→1 / s3:1→2, 11→1, s2:1→1 / s3:1→2, 9→1, s2:1→1 / s3:1→2, 9→1, 11→1, s2:1→1 / s3:1→3, 9→1, s2:1→1 / s3:1→3, 9→1, 11→1}"	"{s2:12→1 / s3:13→1, s1:12→1 / s3:14→1, s1:12→1 / s3:14→1, s1:12→1 / s3:14→1, s1:12→1 / s3:14→1, s1:12→1 / s3:14→1, s1:12→1 / s3:14→1, s1:12→1 / s3:14→1}"
12	74	16	183	1	2	0	0	0	0	0	0	"s1:1→1 / s2:1→1, 11→1 / s3:1→2, 9→1"	"s3:13→1"
12	74	18	175	0	3	0	0	0	0	0	0	"s1:1→1 / s2:1→1 / s3:1→1"	"s3:12→1"
12	75	15	189	2	1	0	0	0	0	0	0	"{s1:1→1 / s2:12→1 / s3:1→1, 10→1, s1:1→1 / s2:12→1 / s3:1→2, 10→1, s1:1→1 / s2:12→1 / s3:1→2, 10→1, 12→1, s1:1→1 / s2:12→1 / s3:1→3, 10→1, 12→1, s1:1→1 / s2:12→1 / s3:1→3, 10→2, s1:1→1 / s2:1→2, 10→1, 12→1 / s3:1→2, 10→1, 12→1, s1:1→1 / s2:1→2, 10→1 / s3:1→2, 10→1, s1:1→1 / s2:1→2, 10→1 / s3:1→2, 10→1, 12→1, s1:1→1 / s2:1→2, 10→1 / s3:1→3, 10→1, 12→1}"	"{s2:13→1 / s3:13→1, s2:13→1 / s3:13→1, s2:13→1 / s3:13→1, s2:13→1 / s3:13→1, s2:13→1 / s3:13→1, s2:13→1 / s3:13→1, s2:13→1 / s3:13→1, s2:13→1 / s3:13→1, s2:13→1 / s3:13→1}"
12	75	16	176	0	3	0	0	0	0	0	0	"{s1:12→1 / s2:1→1 / s3:1→2, 10→1, s1:12→1 / s2:1→1 / s3:1→3, 10→1, s1:12→1 / s2:1→1 / s3:1→4, 10→1}"	""
12	75	16	183	1	2	0	0	0	0	0	0	"{s1:12→1 / s2:1→1 / s3:1→1, 10→1, s1:12→1 / s2:1→1 / s3:1→2, 10→1, s1:12→1 / s2:1→1 / s3:1→3, 10→1, s1:12→1 / s2:1→1 / s3:1→3, 10→2, s1:12→1 / s2:1→1 / s3:1→4, 10→1, s1:1→1 / s2:1→1, 12→1 / s3:1→2, 10→1, s1:1→1 / s2:1→1, 12→1 / s3:1→3, 10→1, s1:1→1 / s2:1→1, 12→1 / s3:1→4, 10→1, s1:1→1 / s2:1→2, 10→1 / s3:12→1, s1:1→1 / s2:1→3, 10→1 / s3:12→1}"	"{s3:14→1, s3:14→1, s3:14→1, s3:14→1, s3:14→1, s3:13→1, s3:13→1, s3:13→1, s3:13→1, s3:13→1}"
12	75	17	156	0	2	1	0	0	0	0	0	"s1:1→1 / s2:12→1 / s3:1→1, 10→1"	""
12	75	18	106	0	2	0	0	1	0	0	0	"s1:1→1 / s2:12→1 / s3:10→1"	""
12	75	18	132	0	2	0	1	0	0	0	0	"s1:1→1 / s2:12→1 / s3:10→1"	""
12	75	18	176	0	3	0	0	0	0	0	0	"s1:1→1 / s2:1→1 / s3:1→1, 12→1"	""
12	75	19	79	0	2	0	0	0	1	0	0	"s1:1→1 / s2:12→1 / s3:10→1"	""
12	75	20	51	0	2	0	0	0	0	1	0	"s1:1→1 / s2:12→1 / s3:10→1"	""
12	75	21	156	0	2	1	0	0	0	0	0	"s1:1→1 / s2:12→1 / s3:10→1"	""
12	76	15	188	2	1	0	0	0	0	0	0	"{s1:1→1 / s2:1→1, 11→1 / s3:1→2, 11→2, s1:1→1 / s2:1→1, 11→1 / s3:1→2, 5→1, 11→2}"	"{s2:13→1 / s3:13→1, s2:13→1 / s3:13→1}"
12	76	16	181	1	2	0	0	0	0	0	0	"{s1:1→1 / s2:1→1 / s3:1→1, 11→1, s1:1→1 / s2:1→1 / s3:1→1, 5→1, 11→1, s2:1→1 / s3:1→1, 11→1, s2:1→1 / s3:1→1, 5→1, 11→1, s2:1→1 / s3:1→2, 11→1, s2:1→1 / s3:1→2, 11→2, s2:1→1 / s3:1→2, 5→1, 11→1, s2:1→1 / s3:1→2, 5→1, 11→2, s2:1→1 / s3:1→3, 11→2, s2:1→1 / s3:1→3, 5→1, 11→1}"	"{s2:12→1 / s3:13→1, s2:12→1 / s3:13→1, s1:12→1 / s3:14→1, s1:12→1 / s3:14→1, s1:12→1 / s3:14→1, s1:12→1 / s3:14→1, s1:12→1 / s3:14→1, s1:12→1 / s3:14→1, s1:12→1 / s3:14→1, s1:12→1 / s3:14→1}"
12	76	18	174	0	3	0	0	0	0	0	0	"s1:1→1 / s2:1→1 / s3:1→1"	"s3:12→1"
12	77	16	170	1	2	0	0	0	0	0	0	"{s1:1→1 / s2:1→1, 11→1, s1:1→1 / s2:1→1, 11→1 / s3:1→1, s1:1→1 / s2:1→1, 11→1 / s3:1→1, 11→1, s1:1→1 / s2:1→1, 11→1 / s3:1→1, 7→1, s1:1→1 / s2:1→1, 11→1 / s3:1→1, 7→1, 11→1, s1:1→1 / s2:1→1, 11→1 / s3:1→2, 11→1, s1:1→1 / s2:1→1, 11→1 / s3:1→2, 7→1, s1:1→1 / s2:1→1, 11→1 / s3:1→2, 7→1, s1:1→1 / s2:1→1, 11→1 / s3:1→2, 7→1, 11→1, s1:1→1 / s2:1→1, 11→1 / s3:1→3, 7→1, 11→1, s1:1→1 / s2:1→2, 11→1, s1:1→1 / s2:1→2, 11→1 / s3:1→1, s1:1→1 / s2:1→2, 11→1 / s3:1→1, 11→1}"	"{s3:12→1, s3:12→1, s3:13→1, s3:14→1, s3:13→1, s3:13→1, s3:12→1, s3:14→1, s3:13→1, s3:13→1, s3:12→1, s3:12→1, s3:13→1}"
12	77	16	176	2	1	0	0	0	0	0	0	"{s1:1→1 / s2:1→1, 11→1 / s3:1→1, 11→1, s1:1→1 / s2:1→1, 11→1 / s3:1→2, 11→1, s1:1→1 / s2:1→1, 11→1 / s3:1→2, 11→2, s1:1→1 / s2:1→1, 11→1 / s3:1→2, 7→1, 11→1, s1:1→1 / s2:1→1, 11→1 / s3:1→3, 11→2, s1:1→1 / s2:1→1, 11→1 / s3:1→3, 7→1, 11→1, s1:1→1 / s2:1→1 / s3:1→1, s1:1→1 / s2:1→1 / s3:1→2, 11→1, s1:1→1 / s2:1→1 / s3:1→3, 11→1, s1:1→1 / s2:1→1 / s3:1→3, 11→2, s1:1→1 / s2:1→1 / s3:1→3, 7→1, s1:1→1 / s2:1→1 / s3:1→4, 11→1, s1:1→1 / s2:1→1 / s3:1→4, 7→1, s1:1→1 / s2:1→2, 11→1 / s3:1→2, 11→1, s1:1→1 / s2:1→2, 11→1 / s3:1→3, 11→2, s1:1→1 / s2:1→2, 11→2 / s3:1→2, 11→2, s1:1→1 / s2:1→2, 11→2 / s3:1→3, 11→2, s1:1→1 / s3:1→1, s1:1→1 / s3:1→2, 11→1, s1:1→1 / s3:1→2, 7→1, s1:1→1 / s3:1→2, 7→1, 11→1, s1:1→1 / s3:1→3, 11→1, s1:1→1 / s3:1→3, 11→2, s1:1→1 / s3:1→3, 7→1, s1:1→1 / s3:1→3, 7→1, 11→1, s1:1→1 / s3:1→4, 7→1}"	"{s2:13→1 / s3:13→1, s2:13→1 / s3:13→1, s2:13→1 / s3:13→1, s2:13→1 / s3:13→1, s2:13→1 / s3:13→1, s2:13→1 / s3:13→1, s2:12→1 / s3:12→1, s2:12→1 / s3:12→1, s2:12→1 / s3:12→1, s2:12→1 / s3:12→1, s2:12→1 / s3:12→1, s2:12→1 / s3:12→1, s2:12→1 / s3:12→1, s2:13→1 / s3:13→1, s2:13→1 / s3:13→1, s2:13→1 / s3:13→1, s2:13→1 / s3:13→1, s2:12→1 / s3:12→1, s2:12→1 / s3:12→1, s2:12→1 / s3:12→1, s2:12→1 / s3:12→1, s2:12→1 / s3:12→1, s2:12→1 / s3:12→1, s2:12→1 / s3:12→1, s2:12→1 / s3:12→1, s2:12→1 / s3:12→1}"
12	77	16	177	2	1	0	0	0	0	0	0	"{s1:1→1 / s2:1→1, 11→1 / s3:1→1, 11→1, s1:1→1 / s2:1→1, 11→1 / s3:1→2, 11→1, s1:1→1 / s2:1→1, 11→1 / s3:1→3, 11→1, s1:1→1 / s2:1→1, 11→1 / s3:1→3, 7→1, 11→1, s1:1→1 / s2:1→1 / s3:1→1, 11→1, s1:1→1 / s2:1→1 / s3:1→2, 11→1, s1:1→1 / s2:1→1 / s3:1→2, 7→1, s1:1→1 / s2:1→1 / s3:1→3, 11→2, s1:1→1 / s2:1→1 / s3:1→3, 7→1, s1:1→1 / s2:1→1 / s3:1→3, 7→1, 11→1, s1:1→1 / s2:1→1 / s3:1→4, 7→1, s1:1→1 / s2:1→2, 11→1 / s3:1→2, 11→1, s1:1→1 / s2:1→2, 11→1 / s3:1→3, 11→1, s1:1→1 / s2:1→2, 11→1 / s3:1→4, 11→1, s1:1→1 / s3:1→1, 11→1, s1:1→1 / s3:1→1, 7→1, s1:1→1 / s3:1→2, 11→1, s1:1→1 / s3:1→2, 11→2, s1:1→1 / s3:1→2, 7→1, s1:1→1 / s3:1→2, 7→1, 11→1, s1:1→1 / s3:1→2, 7→1, 11→2, s1:1→1 / s3:1→3, 11→2, s1:1→1 / s3:1→3, 7→1, 11→1}"	"{s2:13→1 / s3:12→1, s2:13→1 / s3:12→1, s2:13→1 / s3:12→1, s2:13→1 / s3:12→1, s2:12→1 / s3:13→1, s2:12→1 / s3:13→1, s2:12→1 / s3:13→1, s2:12→1 / s3:13→1, s2:12→1 / s3:13→1, s2:12→1 / s3:13→1, s2:12→1 / s3:13→1, s2:13→1 / s3:12→1, s2:13→1 / s3:12→1, s2:13→1 / s3:12→1, s2:12→1 / s3:13→1, s2:12→1 / s3:13→1, s2:12→1 / s3:13→1, s2:12→1 / s3:13→1, s2:12→1 / s3:13→1, s2:12→1 / s3:13→1, s2:12→1 / s3:13→1, s2:12→1 / s3:13→1, s2:12→1 / s3:13→1}"
12	77	17	150	1	1	1	0	0	0	0	0	"{s1:1→1 / s2:1→1, 11→1, s1:1→1 / s2:1→1, 11→1 / s3:1→1}"	"{s3:12→1, s3:12→1}"
12	77	17	170	1	2	0	0	0	0	0	0	"s1:1→1 / s2:1→3, 11→1 / s3:1→1"	"s3:12→1"
12	77	17	176	2	1	0	0	0	0	0	0	"{s1:1→1 / s2:1→1, 11→2 / s3:1→1, 11→2, s1:1→1 / s2:1→1 / s3:1→2, s1:1→1 / s2:1→2, 11→1 / s3:1→3, 11→1, s1:1→1 / s3:1→1, 11→1, s1:1→1 / s3:1→1, 7→1, s1:1→1 / s3:1→2, 11→2, s1:1→1 / s3:1→2, 7→1, 11→2, s1:1→1 / s3:1→4, 11→1}"	"{s2:13→1 / s3:13→1, s2:12→1 / s3:12→1, s2:13→1 / s3:13→1, s2:12→1 / s3:12→1, s2:12→1 / s3:12→1, s2:12→1 / s3:12→1, s2:12→1 / s3:12→1, s2:12→1 / s3:12→1}"
12	77	17	177	2	1	0	0	0	0	0	0	"{s1:1→1 / s2:1→1 / s3:1→3, 11→1, s1:1→1 / s2:1→1 / s3:1→4, 11→1, s1:1→1 / s2:1→2 / s3:1→4, 11→1, s1:1→1 / s2:1→3, 11→1 / s3:1→4, 11→1, s1:1→1 / s3:1→1, 11→2, s1:1→1 / s3:1→1, 7→1, 11→1, s1:1→1 / s3:1→2, 11→3, s1:1→1 / s3:1→3, 7→1}"	"{s2:12→1 / s3:13→1, s2:12→1 / s3:13→1, s2:12→1 / s3:13→1, s2:13→1 / s3:12→1, s2:12→1 / s3:13→1, s2:12→1 / s3:13→1, s2:12→1 / s3:13→1, s2:12→1 / s3:13→1}"
12	77	18	126	1	1	0	1	0	0	0	0	"{s1:1→1 / s2:11→1, s1:1→1 / s2:11→1 / s3:7→1, s1:1→1 / s2:11→1 / s3:7→1}"	"{s3:12→1, s3:12→1, s3:14→1}"
12	77	18	170	1	2	0	0	0	0	0	0	"{s1:1→1 / s2:1→1 / s3:1→1, s1:1→1 / s2:1→1 / s3:1→3, 11→1, s1:1→1 / s2:1→1 / s3:1→4, 11→1, s1:1→1 / s2:1→1 / s3:1→4, 7→1, s1:1→1 / s2:1→2, 11→1 / s3:1→3, 7→1, s1:1→1 / s2:1→3, 11→1}"	"{s3:12→1, s3:14→1, s3:12→1, s3:14→1, s3:12→1, s3:12→1}"
12	77	18	176	2	1	0	0	0	0	0	0	"{s1:1→1 / s2:1→2 / s3:1→2, s1:1→1 / s2:1→2 / s3:1→3, s1:1→1 / s2:1→2 / s3:1→4, 11→1, s1:1→1 / s2:1→3 / s3:1→3, s1:1→1 / s2:1→3 / s3:1→4}"	"{s2:12→1 / s3:12→1, s2:12→1 / s3:12→1, s2:12→1 / s3:12→1, s2:12→1 / s3:12→1, s2:12→1 / s3:12→1}"
12	77	18	177	2	1	0	0	0	0	0	0	"{s1:1→1 / s2:1→2 / s3:1→3, 11→1, s1:1→1 / s2:1→3, 11→1 / s3:1→3, 11→1, s1:1→1 / s3:1→3, 11→1}"	"{s2:12→1 / s3:13→1, s2:13→1 / s3:12→1, s2:12→1 / s3:13→1}"
12	77	19	73	1	1	0	0	0	1	0	0	"{s1:1→1 / s2:11→1, s1:1→1 / s2:11→1 / s3:7→1, s1:1→1 / s2:11→1 / s3:7→1}"	"{s3:12→1, s3:12→1, s3:14→1}"
12	77	19	100	1	1	0	0	1	0	0	0	"{s1:1→1 / s2:11→1, s1:1→1 / s2:11→1 / s3:7→1, s1:1→1 / s2:11→1 / s3:7→1}"	"{s3:12→1, s3:12→1, s3:14→1}"
12	77	19	150	1	1	1	0	0	0	0	0	"{s1:1→1 / s2:11→1, s1:1→1 / s2:11→1 / s3:7→1, s1:1→1 / s2:11→1 / s3:7→1, s1:1→1 / s2:1→1 / s3:1→1}"	"{s3:12→1, s3:12→1, s3:14→1, s3:12→1}"
12	77	19	170	1	2	0	0	0	0	0	0	"{s1:1→1 / s2:1→1 / s3:1→2, s1:1→1 / s2:1→1 / s3:1→2, 11→1, s1:1→1 / s2:1→1 / s3:1→3, s1:1→1 / s2:1→1 / s3:1→3, 11→1, s1:1→1 / s2:1→1 / s3:1→3, 7→1, s1:1→1 / s2:1→1 / s3:1→4, s1:1→1 / s2:1→1 / s3:1→4, 11→1, s1:1→1 / s2:1→1 / s3:1→4, 7→1}"	"{s3:12→1, s3:14→1, s3:12→1, s3:12→1, s3:14→1, s3:12→1, s3:14→1, s3:12→1}"
12	77	20	45	1	1	0	0	0	0	1	0	"{s1:1→1 / s2:11→1, s1:1→1 / s2:11→1 / s3:7→1, s1:1→1 / s2:11→1 / s3:7→1}"	"{s3:12→1, s3:12→1, s3:14→1}"
12	77	20	163	0	3	0	0	0	0	0	0	"s1:1→1 / s2:1→1 / s3:1→1"	""
12	77	20	170	1	2	0	0	0	0	0	0	"{s1:1→1 / s2:1→1 / s3:1→1, s1:1→1 / s2:1→1 / s3:1→5}"	"{s3:14→1, s3:12→1}"
12	78	16	154	2	0	1	0	0	0	0	0	"s1:1→1 / s3:1→1"	"s2:11→1 / s3:9→1"
12	78	16	174	2	1	0	0	0	0	0	0	"{s1:1→1 / s2:1→1 / s3:1→1, s1:1→1 / s2:1→1 / s3:1→2, s1:1→1 / s2:1→1 / s3:1→2, 10→1, s1:1→1 / s2:1→1 / s3:1→2, 10→1, s1:1→1 / s2:1→1 / s3:1→3, 10→1, s1:1→1 / s2:1→1 / s3:1→3, 10→1, s1:1→1 / s2:1→1 / s3:1→4, 10→1, s1:1→1 / s2:1→1 / s3:1→4, 10→1, s1:1→1 / s2:1→2 / s3:1→4, 10→1}"	"{s2:11→1 / s3:9→1, s2:11→1 / s3:9→1, s2:11→1 / s3:9→1, s2:9→1 / s3:11→1, s2:11→1 / s3:9→1, s2:9→1 / s3:11→1, s2:11→1 / s3:9→1, s2:9→1 / s3:11→1, s2:9→1 / s3:11→1}"
12	78	16	175	2	1	0	0	0	0	0	0	"{s1:1→1 / s2:1→1, 10→1 / s3:1→1, s1:1→1 / s2:1→1, 10→1 / s3:1→1, 10→1, s1:1→1 / s2:1→1 / s3:1→1, 10→1, s1:1→1 / s2:1→1 / s3:1→2, 10→1, s1:1→1 / s2:1→1 / s3:1→2, 10→1, s1:1→1 / s2:1→1 / s3:1→2, 10→2, s1:1→1 / s2:1→1 / s3:1→3, 10→1, s1:1→1 / s2:1→1 / s3:1→3, 10→2, s1:1→1 / s2:1→1 / s3:1→3, 10→2, s1:1→1 / s2:1→1 / s3:1→4, 10→1, s1:1→1 / s2:1→2, 10→1 / s3:1→2, s1:1→1 / s2:1→2, 10→1 / s3:1→2, 10→1, s1:1→1 / s2:1→2, 10→1 / s3:1→3, 10→1, s1:1→1 / s2:1→2 / s3:1→3, 10→1, s1:1→1 / s2:1→2 / s3:1→4, 10→1, s1:1→1 / s2:1→2 / s3:1→4, 10→1}"	"{s2:13→1 / s3:9→1, s2:13→1 / s3:13→1, s2:11→1 / s3:13→1, s2:11→1 / s3:13→1, s2:9→1 / s3:13→1, s2:9→1 / s3:13→1, s2:11→1 / s3:13→1, s2:11→1 / s3:13→1, s2:9→1 / s3:13→1, s2:11→1 / s3:13→1, s2:13→1 / s3:9→1, s2:13→1 / s3:13→1, s2:13→1 / s3:13→1, s2:9→1 / s3:13→1, s2:11→1 / s3:13→1, s2:9→1 / s3:13→1}"
12	78	17	130	2	0	0	1	0	0	0	0	"{s1:1→1, s1:1→1 / s3:1→1, s1:1→1 / s3:1→1, 10→1, s1:1→1 / s3:1→1, 10→1}"	"{s2:11→1 / s3:9→1, s2:11→1 / s3:9→1, s2:11→1 / s3:9→1, s2:9→1 / s3:11→1}"
12	78	17	154	2	0	1	0	0	0	0	0	"{s1:1→1, s1:1→1 / s2:1→1 / s3:1→1, s1:1→1 / s2:1→1 / s3:1→2, s1:1→1 / s2:1→1 / s3:1→2, 10→1, s1:1→1 / s2:1→1 / s3:1→2, 10→1, s1:1→1 / s2:1→2 / s3:1→2, s1:1→1 / s3:1→1, 10→1, s1:1→1 / s3:1→1, 10→1, s1:1→1 / s3:1→2, 10→1}"	"{s2:11→1 / s3:9→1, s2:11→1 / s3:9→1, s2:11→1 / s3:9→1, s2:11→1 / s3:9→1, s2:9→1 / s3:11→1, s2:11→1 / s3:9→1, s2:11→1 / s3:9→1, s2:9→1 / s3:11→1, s2:11→1 / s3:9→1}"
12	78	17	174	2	1	0	0	0	0	0	0	"{s1:1→1 / s2:1→1 / s3:1→3, s1:1→1 / s2:1→2 / s3:1→2, s1:1→1 / s2:1→2 / s3:1→3, s1:1→1 / s2:1→2 / s3:1→4, s1:1→1 / s2:1→3 / s3:1→3, s1:1→1 / s2:1→3 / s3:1→4, s1:1→1 / s2:1→3 / s3:1→5}"	"{s2:11→1 / s3:9→1, s2:11→1 / s3:9→1, s2:11→1 / s3:9→1, s2:11→1 / s3:9→1, s2:11→1 / s3:9→1, s2:11→1 / s3:9→1, s2:11→1 / s3:9→1}"
12	78	17	175	2	1	0	0	0	0	0	0	"{s1:1→1 / s2:1→2 / s3:1→3, 10→1, s1:1→1 / s2:1→3 / s3:1→4, 10→1}"	"{s2:11→1 / s3:13→1, s2:9→1 / s3:13→1}"
12	78	18	104	2	0	0	0	1	0	0	0	"{s1:1→1, s1:1→1 / s2:10→1, s1:1→1 / s3:10→1, s1:1→1 / s3:1→1}"	"{s2:11→1 / s3:9→1, s2:11→1 / s3:9→1, s2:11→1 / s3:9→1, s2:11→1 / s3:9→1}"
12	78	18	130	2	0	0	1	0	0	0	0	"{s1:1→1 / s2:10→1, s1:1→1 / s3:10→1}"	"{s2:11→1 / s3:9→1, s2:11→1 / s3:9→1}"
12	78	18	154	2	0	1	0	0	0	0	0	"{s1:1→1 / s2:10→1, s1:1→1 / s2:1→1 / s3:1→3, s1:1→1 / s3:10→1}"	"{s2:11→1 / s3:9→1, s2:11→1 / s3:9→1, s2:11→1 / s3:9→1}"
12	78	18	168	1	2	0	0	0	0	0	0	"{s1:1→1 / s2:1→1 / s3:1→2, s1:1→1 / s2:1→1 / s3:1→3}"	"{s3:11→1, s3:9→1}"
12	78	18	174	2	1	0	0	0	0	0	0	"{s1:1→1 / s2:1→2 / s3:1→5, s1:1→1 / s2:1→4 / s3:1→4, s1:1→1 / s2:1→4 / s3:1→5}"	"{s2:11→1 / s3:9→1, s2:11→1 / s3:9→1, s2:11→1 / s3:9→1}"
12	78	19	77	2	0	0	0	0	1	0	0	"s1:1→1"	"s2:11→1 / s3:9→1"
12	78	19	168	1	2	0	0	0	0	0	0	"{s1:1→1 / s2:1→1 / s3:1→2, s1:1→1 / s2:1→1 / s3:1→3, s1:1→1 / s2:1→1 / s3:1→4, s1:1→1 / s2:1→1 / s3:1→4, s1:1→1 / s2:1→1 / s3:1→5, s1:1→1 / s2:1→1 / s3:1→5}"	"{s3:9→1, s3:11→1, s3:11→1, s3:9→1, s3:11→1, s3:9→1}"
12	78	19	169	1	2	0	0	0	0	0	0	"{s1:1→1 / s2:1→1 / s3:1→3, 10→1, s1:1→1 / s2:1→1 / s3:1→4, 10→1}"	"{s3:14→1, s3:14→1}"
12	78	19	174	2	1	0	0	0	0	0	0	"s1:1→1 / s2:1→5 / s3:1→5"	"s2:11→1 / s3:9→1"
12	78	19	175	2	1	0	0	0	0	0	0	"s1:1→1 / s2:1→1 / s3:1→5"	"s2:13→1 / s3:11→1"
12	78	20	49	2	0	0	0	0	0	1	0	"s1:1→1"	"s2:11→1 / s3:9→1"
12	78	20	162	0	3	0	0	0	0	0	0	"s1:1→1 / s2:1→1 / s3:1→1"	""
12	78	20	169	1	2	0	0	0	0	0	0	"s1:1→1 / s2:1→1 / s3:1→1"	"s3:14→1"
12	78	21	148	1	1	1	0	0	0	0	0	"s1:1→1 / s2:1→1 / s3:1→1"	"s3:11→1"
12	79	16	156	1	2	0	0	0	0	0	0	"{s2:1→1, s2:1→1 / s3:1→1, 10→1}"	"{s1:12→1 / s3:2→1, s1:12→1 / s3:2→1}"
12	79	16	164	2	1	0	0	0	0	0	0	"s1:1→1 / s3:1→1, 10→1"	"s2:2→1 / s3:13→1"
12	79	17	136	1	1	1	0	0	0	0	0	"{s1:1→1, s1:1→1 / s3:10→1, s1:1→1 / s3:1→1, 10→1}"	"{s2:12→1 / s3:2→1, s2:12→1 / s3:2→1, s2:12→1 / s3:2→1}"
12	79	17	156	1	2	0	0	0	0	0	0	"{s1:1→1 / s2:1→1, s1:1→1 / s2:1→1, s2:1→1 / s3:10→1, s2:1→1 / s3:1→1, 10→1, s2:1→1 / s3:1→2, 10→1, s2:1→1 / s3:1→2, 10→1, s2:1→1 / s3:1→3, 10→1, s2:1→1 / s3:1→3, 10→1, s2:1→1 / s3:1→4, 10→1, s2:1→1 / s3:1→4, 10→1}"	"{s2:11→1 / s3:2→1, s2:12→1 / s3:2→1, s1:12→1 / s3:2→1, s1:12→1 / s3:14→1, s1:12→1 / s3:14→1, s1:12→1 / s3:2→1, s1:12→1 / s3:14→1, s1:12→1 / s3:2→1, s1:12→1 / s3:14→1, s1:12→1 / s3:2→1}"
12	79	17	164	2	1	0	0	0	0	0	0	"{s1:1→1 / s3:1→2, 10→1, s1:1→1 / s3:1→3, 10→1, s1:1→1 / s3:1→4, 10→1}"	"{s2:2→1 / s3:13→1, s2:2→1 / s3:13→1, s2:2→1 / s3:13→1}"
12	79	18	112	1	1	0	1	0	0	0	0	"{s1:1→1, s1:1→1 / s3:10→1}"	"{s2:12→1 / s3:2→1, s2:12→1 / s3:2→1}"
12	79	19	156	1	2	0	0	0	0	0	0	"s2:1→1 / s3:10→1"	"s1:12→1 / s3:14→1"
12	79	19	157	1	2	0	0	0	0	0	0	"s1:1→1 / s2:1→1"	"s3:2→1"
12	79	19	164	2	1	0	0	0	0	0	0	"s1:1→1 / s3:1→1"	"s2:2→1 / s3:13→1"
12	79	20	149	0	3	0	0	0	0	0	0	"s2:1→1 / s3:1→1"	"s1:12→1"
12	79	20	150	0	3	0	0	0	0	0	0	"s1:1→1 / s2:1→1 / s3:1→1"	""
12	79	20	157	1	2	0	0	0	0	0	0	"s1:1→1 / s2:1→1 / s3:1→1"	"s3:2→1"
12	79	20	164	2	1	0	0	0	0	0	0	"s1:1→1 / s2:1→1 / s3:1→1"	"s2:13→1 / s3:2→1"
12	79	21	129	0	2	1	0	0	0	0	0	"s1:1→1 / s3:1→1"	"s2:12→1"
12	79	21	157	1	2	0	0	0	0	0	0	"{s1:1→1 / s2:1→1 / s3:1→1, s1:1→1 / s2:1→2}"	"{s3:14→1, s3:2→1}"
12	79	21	163	2	1	0	0	0	0	0	0	"{s1:1→1 / s2:1→1 / s3:1→1, s1:1→1 / s2:1→1 / s3:1→2}"	"{s2:13→1 / s3:13→1, s2:13→1 / s3:13→1}"
12	79	22	157	1	2	0	0	0	0	0	0	"s1:1→1 / s2:1→1 / s3:1→1, 10→1"	"s3:2→1"
12	79	33	136	1	1	1	0	0	0	0	0	"s1:1→1 / s3:1→1"	"s2:12→1 / s3:2→1"
12	79	35	156	1	2	0	0	0	0	0	0	"s2:1→1 / s3:1→1"	"s1:12→1 / s3:2→1"
12	80	16	156	1	2	0	0	0	0	0	0	"{s2:1→1, s2:1→1 / s3:1→1, 9→1, s2:1→1 / s3:1→2, 9→1, s2:1→1 / s3:1→2, 9→1}"	"{s1:12→1 / s3:2→1, s1:12→1 / s3:2→1, s1:12→1 / s3:14→1, s1:12→1 / s3:2→1}"
12	80	16	164	2	1	0	0	0	0	0	0	"{s1:1→1 / s3:1→1, 9→1, s1:1→1 / s3:1→2, 9→1, 11→1}"	"{s2:2→1 / s3:13→1, s2:2→1 / s3:13→1}"
12	80	17	136	1	1	1	0	0	0	0	0	"{s1:1→1, s1:1→1 / s3:1→1, 9→1, s1:1→1 / s3:9→1}"	"{s2:12→1 / s3:2→1, s2:12→1 / s3:2→1, s2:12→1 / s3:2→1}"
12	80	17	156	1	2	0	0	0	0	0	0	"{s1:1→1 / s2:1→1, s2:1→1 / s3:1→1, 9→1, s2:1→1 / s3:1→3, 9→1, s2:1→1 / s3:1→3, 9→1, s2:1→1 / s3:1→4, 9→1, s2:1→1 / s3:1→4, 9→1, s2:1→1 / s3:9→1}"	"{s2:12→1 / s3:2→1, s1:12→1 / s3:14→1, s1:12→1 / s3:14→1, s1:12→1 / s3:2→1, s1:12→1 / s3:14→1, s1:12→1 / s3:2→1, s1:12→1 / s3:2→1}"
12	80	17	164	2	1	0	0	0	0	0	0	"{s1:1→1 / s3:1→1, 11→1, s1:1→1 / s3:1→2, 11→1, s1:1→1 / s3:1→2, 9→1, s1:1→1 / s3:1→3, 9→1, s1:1→1 / s3:1→3, 9→1, 11→1, s1:1→1 / s3:1→4, 9→1}"	"{s2:2→1 / s3:13→1, s2:2→1 / s3:13→1, s2:2→1 / s3:13→1, s2:2→1 / s3:13→1, s2:2→1 / s3:13→1, s2:2→1 / s3:13→1}"
12	80	18	112	1	1	0	1	0	0	0	0	"{s1:1→1, s1:1→1 / s3:9→1}"	"{s2:12→1 / s3:2→1, s2:12→1 / s3:2→1}"
12	80	18	156	1	2	0	0	0	0	0	0	"s2:1→1 / s3:9→1"	"s1:12→1 / s3:14→1"
12	80	18	164	2	1	0	0	0	0	0	0	"{s1:1→1 / s3:1→3, 11→1, s1:1→1 / s3:1→4, 11→1}"	"{s2:2→1 / s3:13→1, s2:2→1 / s3:13→1}"
12	80	19	157	1	2	0	0	0	0	0	0	"{s1:1→1 / s2:1→1, s1:1→1 / s2:1→1 / s3:1→1, 11→1, s1:1→1 / s2:1→1 / s3:1→1, 11→1}"	"{s3:2→1, s3:14→1, s3:2→1}"
12	80	19	164	2	1	0	0	0	0	0	0	"s1:1→1 / s3:1→1"	"s2:2→1 / s3:13→1"
12	80	20	149	0	3	0	0	0	0	0	0	"s2:1→1 / s3:1→1"	"s1:12→1"
12	80	20	150	0	3	0	0	0	0	0	0	"s1:1→1 / s2:1→1 / s3:1→1"	""
12	80	20	157	1	2	0	0	0	0	0	0	"{s1:1→1 / s2:1→1 / s3:1→1, s1:1→1 / s2:1→1 / s3:1→1}"	"{s3:14→1, s3:2→1}"
12	80	20	164	2	1	0	0	0	0	0	0	"s1:1→1 / s2:1→1 / s3:1→1"	"s2:13→1 / s3:2→1"
12	80	21	129	0	2	1	0	0	0	0	0	"s1:1→1 / s3:1→1"	"s2:12→1"
12	80	21	157	1	2	0	0	0	0	0	0	"s1:1→1 / s2:1→2"	"s3:2→1"
12	80	21	163	2	1	0	0	0	0	0	0	"{s1:1→1 / s2:1→1 / s3:1→1, s1:1→1 / s2:1→1 / s3:1→2}"	"{s2:13→1 / s3:13→1, s2:13→1 / s3:13→1}"
12	80	33	136	1	1	1	0	0	0	0	0	"s1:1→1 / s3:1→1"	"s2:12→1 / s3:2→1"
12	80	34	156	1	2	0	0	0	0	0	0	"s2:1→1 / s3:1→1"	"s1:12→1 / s3:2→1"
12	81	15	183	2	1	0	0	0	0	0	0	"{s1:12→1 / s2:1→1 / s3:1→1, s1:1→1, 12→1 / s2:1→1 / s3:1→1, 5→1, 12→2, s1:1→1, 12→1 / s3:1→2, 5→1, 12→2, s1:1→1 / s2:12→1, s1:1→1 / s2:1→1, 12→1 / s3:1→1, 5→1, 12→3}"	"{s2:13→1 / s3:11→1, s2:11→1 / s3:13→1, s2:11→1 / s3:13→1, s2:13→1 / s3:11→1, s2:11→1 / s3:13→1}"
12	81	16	156	1	1	1	0	0	0	0	0	"{s1:12→1 / s2:1→1 / s3:1→1, s1:12→1 / s2:1→1 / s3:1→1, 5→1, 12→1, s1:12→1 / s2:1→1 / s3:1→2, 5→1, 12→1, s1:12→1 / s2:1→1 / s3:1→2, 5→1, 12→1, s1:12→1 / s2:1→1 / s3:1→2, 5→1, 12→2, s1:12→1 / s2:1→1 / s3:1→3, 5→1, 12→1, s1:1→1 / s2:12→1, s1:1→1 / s2:12→1 / s3:1→1, 5→1, 12→2, s1:1→1 / s2:12→1 / s3:1→1, 5→1, 12→2, s1:1→1 / s2:12→1 / s3:1→1, 5→1, 12→3, s1:1→1 / s2:12→1 / s3:1→1, 5→1, 12→3}"	"{s3:11→1, s3:14→1, s3:11→1, s3:14→1, s3:14→1, s3:11→1, s3:11→1, s3:11→1, s3:14→1, s3:11→1, s3:14→1}"
12	81	16	169	0	3	0	0	0	0	0	0	"{s1:12→1 / s2:1→1, 12→1 / s3:1→2, 12→1, s1:12→1 / s2:1→1 / s3:1→1, 12→1, s1:12→1 / s2:1→1 / s3:1→2, 12→2, s1:1→1, 12→1 / s2:1→1, 12→1 / s3:1→1, 12→1, s1:1→1 / s2:1→1, 12→1 / s3:1→1, 12→2}"	""
12	81	16	176	1	2	0	0	0	0	0	0	"{s1:12→1 / s2:1→1, 12→1 / s3:1→1, s1:12→1 / s2:1→1, 12→1 / s3:1→1, s1:12→1 / s2:1→1, 12→1 / s3:1→1, s1:12→1 / s2:1→1, 12→1 / s3:1→1, 12→1, s1:12→1 / s2:1→1, 12→1 / s3:1→1, 5→1, 12→1, s1:12→1 / s2:1→1, 12→1 / s3:1→1, 5→1, 12→1, s1:12→1 / s2:1→1, 12→1 / s3:1→1, 5→1, 12→1, s1:12→1 / s2:1→1, 12→1 / s3:1→2, 12→1, s1:12→1 / s2:1→1, 12→1 / s3:1→2, 12→1, s1:12→1 / s2:1→1, 12→1 / s3:1→2, 12→1, s1:12→1 / s2:1→1, 12→1 / s3:1→2, 5→1, 12→1, s1:12→1 / s2:1→1, 12→1 / s3:1→2, 5→1, 12→1, s1:12→1 / s2:1→1, 12→1 / s3:1→3, 12→1, s1:12→1 / s2:1→1, 12→1 / s3:1→3, 12→1, s1:12→1 / s2:1→1, 12→1 / s3:5→1, 12→1, s1:12→1 / s2:1→1 / s3:1→1, s1:12→1 / s2:1→1 / s3:1→1, 12→1, s1:12→1 / s2:1→1 / s3:1→1, 12→1, s1:12→1 / s2:1→1 / s3:1→1, 12→1, s1:12→1 / s2:1→1 / s3:1→1, 5→1, s1:12→1 / s2:1→1 / s3:1→1, 5→1, 12→1, s1:12→1 / s2:1→1 / s3:1→1, 5→1, 12→1, s1:12→1 / s2:1→1 / s3:1→1, 5→1, 12→1, s1:12→1 / s2:1→1 / s3:1→1, 5→1, 12→2, s1:12→1 / s2:1→1 / s3:1→1, 5→1, 12→2, s1:12→1 / s2:1→1 / s3:1→1, 5→1, 12→2, s1:12→1 / s2:1→1 / s3:1→1, 5→1, 12→3, s1:12→1 / s2:1→1 / s3:1→2, 12→1, s1:12→1 / s2:1→1 / s3:1→2, 12→2, s1:12→1 / s2:1→1 / s3:1→2, 12→2, s1:12→1 / s2:1→1 / s3:1→2, 12→2, s1:12→1 / s2:1→1 / s3:1→2, 12→3, s1:12→1 / s2:1→1 / s3:1→2, 5→1, 12→1, s1:12→1 / s2:1→1 / s3:1→2, 5→1, 12→1, s1:12→1 / s2:1→1 / s3:1→2, 5→1, 12→2, s1:12→1 / s2:1→1 / s3:1→2, 5→1, 12→2, s1:12→1 / s2:1→1 / s3:1→2, 5→1, 12→2, s1:12→1 / s2:1→1 / s3:1→3, 12→2, s1:12→1 / s2:1→1 / s3:1→3, 12→2, s1:12→1 / s2:1→1 / s3:1→3, 5→1, 12→1, s1:12→1 / s2:1→1 / s3:5→1, 12→1, s1:12→1 / s2:1→2, 12→1 / s3:1→1, s1:12→1 / s2:1→2, 12→1 / s3:1→1, s1:12→1 / s2:1→2, 12→1 / s3:1→1, 12→1, s1:12→1 / s2:1→2, 12→1 / s3:1→1, 12→1, s1:12→1 / s2:1→2, 12→1 / s3:1→2, 12→1, s1:12→1 / s2:1→2, 12→1 / s3:1→2, 12→1, s1:12→1 / s2:1→2, 12→1 / s3:1→3, 12→1, s1:12→1 / s2:1→2, 12→1 / s3:1→3, 5→1, 12→1, s1:12→1 / s2:1→2, 12→2 / s3:1→1, s1:12→1 / s2:1→2, 12→2 / s3:1→1, s1:12→1 / s2:1→3, 12→2 / s3:1→1, s1:12→1 / s2:1→3, 12→2 / s3:1→1, s1:1→1, 12→1 / s2:1→1, 12→1, s1:1→1, 12→1 / s2:1→1, 12→1 / s3:12→1, s1:1→1, 12→1 / s2:1→1, 12→1 / s3:1→1, s1:1→1, 12→1 / s2:1→1, 12→1 / s3:1→1, s1:1→1, 12→1 / s2:1→1, 12→1 / s3:1→1, 12→1, s1:1→1, 12→1 / s2:1→1, 12→1 / s3:1→1, 12→1, s1:1→1, 12→1 / s2:1→1, 12→1 / s3:1→2, s1:1→1, 12→1 / s2:1→1, 12→1 / s3:1→2, 12→1, s1:1→1, 12→1 / s2:1→1, 12→1 / s3:1→3, 12→1, s1:1→1, 12→1 / s2:1→1, 12→1 / s3:1→3, 5→1, 12→1, s1:1→1, 12→1 / s2:1→1, 12→1 / s3:1→4, 12→1, s1:1→1, 12→1 / s2:1→1, 12→2, s1:1→1, 12→1 / s2:1→1, 12→2 / s3:1→1, s1:1→1, 12→1 / s2:1→2, 12→2, s1:1→1, 12→1 / s2:1→3, 12→2, s1:1→1 / s2:1→1, 12→1, s1:1→1 / s2:1→1, 12→1 / s3:12→1, s1:1→1 / s2:1→1, 12→1 / s3:12→1, s1:1→1 / s2:1→1, 12→1 / s3:1→1, s1:1→1 / s2:1→1, 12→1 / s3:1→1, 12→1, s1:1→1 / s2:1→1, 12→1 / s3:1→1, 12→1, s1:1→1 / s2:1→1, 12→1 / s3:1→1, 12→2, s1:1→1 / s2:1→1, 12→1 / s3:1→1, 12→2, s1:1→1 / s2:1→1, 12→1 / s3:1→1, 12→2, s1:1→1 / s2:1→1, 12→1 / s3:1→1, 12→3, s1:1→1 / s2:1→1, 12→1 / s3:1→1, 5→1, 12→1, s1:1→1 / s2:1→1, 12→1 / s3:1→1, 5→1, 12→1, s1:1→1 / s2:1→1, 12→1 / s3:1→1, 5→1, 12→1, s1:1→1 / s2:1→1, 12→1 / s3:1→1, 5→1, 12→2, s1:1→1 / s2:1→1, 12→1 / s3:1→1, 5→1, 12→2, s1:1→1 / s2:1→1, 12→1 / s3:1→1, 5→1, 12→3, s1:1→1 / s2:1→1, 12→1 / s3:1→1, 5→1, 12→3, s1:1→1 / s2:1→1, 12→1 / s3:1→2, 12→1, s1:1→1 / s2:1→1, 12→1 / s3:1→2, 12→2, s1:1→1 / s2:1→1, 12→1 / s3:1→2, 12→3, s1:1→1 / s2:1→1, 12→1 / s3:1→2, 5→1, s1:1→1 / s2:1→1, 12→1 / s3:1→2, 5→1, 12→1, s1:1→1 / s2:1→1, 12→1 / s3:1→2, 5→1, 12→2, s1:1→1 / s2:1→1, 12→1 / s3:1→3, 12→2, s1:1→1 / s2:1→1, 12→1 / s3:1→3, 5→1, 12→1, s1:1→1 / s2:1→1, 12→2, s1:1→1 / s2:1→1, 12→2 / s3:12→1, s1:1→1 / s2:1→1, 12→2 / s3:1→1, s1:1→1 / s2:1→1, 12→2 / s3:1→1, 12→1, s1:1→1 / s2:1→1, 12→2 / s3:1→1, 12→1, s1:1→1 / s2:1→1, 12→2 / s3:1→1, 12→1, s1:1→1 / s2:1→1, 12→2 / s3:1→1, 12→2, s1:1→1 / s2:1→1, 12→2 / s3:1→1, 12→2, s1:1→1 / s2:1→1, 12→2 / s3:1→2, 12→1, s1:1→1 / s2:1→1, 12→2 / s3:1→2, 12→2, s1:1→1 / s2:1→1, 12→2 / s3:1→2, 12→3, s1:1→1 / s2:1→1, 12→2 / s3:1→3, 12→2, s1:1→1 / s2:1→2, 12→2 / s3:12→1, s1:1→1 / s2:1→2, 12→3, s1:1→1 / s2:1→2, 12→3 / s3:12→1}"	"{s3:11→1, s3:13→1, s3:14→1, s3:14→1, s3:11→1, s3:13→1, s3:14→1, s3:11→1, s3:13→1, s3:14→1, s3:11→1, s3:13→1, s3:11→1, s3:13→1, s3:14→1, s3:11→1, s3:11→1, s3:13→1, s3:14→1, s3:11→1, s3:11→1, s3:13→1, s3:14→1, s3:11→1, s3:13→1, s3:14→1, s3:14→1, s3:11→1, s3:11→1, s3:13→1, s3:14→1, s3:14→1, s3:11→1, s3:13→1, s3:11→1, s3:13→1, s3:14→1, s3:11→1, s3:13→1, s3:11→1, s3:14→1, s3:11→1, s3:13→1, s3:13→1, s3:14→1, s3:11→1, s3:13→1, s3:11→1, s3:13→1, s3:11→1, s3:13→1, s3:11→1, s3:13→1, s3:11→1, s3:14→1, s3:11→1, s3:14→1, s3:11→1, s3:14→1, s3:11→1, s3:11→1, s3:11→1, s3:11→1, s3:11→1, s3:11→1, s3:11→1, s3:11→1, s3:11→1, s3:11→1, s3:13→1, s3:14→1, s3:11→1, s3:11→1, s3:14→1, s3:11→1, s3:13→1, s3:14→1, s3:13→1, s3:11→1, s3:13→1, s3:14→1, s3:13→1, s3:14→1, s3:13→1, s3:14→1, s3:11→1, s3:11→1, s3:11→1, s3:11→1, s3:11→1, s3:11→1, s3:11→1, s3:11→1, s3:11→1, s3:13→1, s3:11→1, s3:11→1, s3:13→1, s3:14→1, s3:11→1, s3:13→1, s3:11→1, s3:11→1, s3:11→1, s3:11→1, s3:13→1, s3:11→1, s3:13→1}"
12	81	16	182	2	1	0	0	0	0	0	0	"{s1:12→1 / s2:1→1, 12→1 / s3:1→2, 12→1, s1:12→1 / s2:1→1, 12→1 / s3:1→2, 12→2, s1:12→1 / s2:1→1, 12→1 / s3:1→3, 12→2, s1:12→1 / s2:1→1 / s3:1→1, s1:12→1 / s2:1→1 / s3:1→1, 12→1, s1:12→1 / s2:1→1 / s3:1→1, 5→1, 12→1, s1:12→1 / s2:1→1 / s3:1→2, 12→1, s1:12→1 / s2:1→1 / s3:1→2, 12→2, s1:12→1 / s2:1→1 / s3:1→2, 5→1, 12→1, s1:12→1 / s2:1→1 / s3:1→2, 5→1, 12→2, s1:12→1 / s2:1→1 / s3:1→3, 12→2, s1:12→1 / s2:1→1 / s3:1→3, 5→1, 12→1, s1:12→1 / s2:1→2, 12→1 / s3:1→2, 12→1, s1:12→1 / s2:1→2, 12→1 / s3:1→2, 12→2, s1:12→1 / s2:1→2, 12→1 / s3:1→3, 12→1, s1:12→1 / s2:1→2, 12→1 / s3:1→3, 12→2, s1:1→1, 12→1 / s2:12→1 / s3:1→1, 12→1, s1:1→1, 12→1 / s2:12→1 / s3:1→1, 12→2, s1:1→1, 12→1 / s2:12→1 / s3:1→2, 12→2, s1:1→1, 12→1 / s2:1→1, 12→1 / s3:1→1, 12→1, s1:1→1, 12→1 / s2:1→1, 12→1 / s3:1→1, 12→2, s1:1→1, 12→1 / s2:1→1, 12→1 / s3:1→2, 12→1, s1:1→1, 12→1 / s2:1→1, 12→1 / s3:1→2, 12→2, s1:1→1, 12→1 / s2:1→1 / s3:1→1, 12→1, s1:1→1, 12→1 / s2:1→1 / s3:1→2, 12→1, s1:1→1, 12→1 / s2:1→1 / s3:1→2, 12→2, s1:1→1 / s2:12→1 / s3:12→1, s1:1→1 / s2:12→1 / s3:1→1, 12→1, s1:1→1 / s2:12→1 / s3:1→1, 12→2, s1:1→1 / s2:12→1 / s3:1→1, 5→1, 12→2, s1:1→1 / s2:12→1 / s3:1→1, 5→1, 12→3, s1:1→1 / s2:12→1 / s3:1→2, 12→2, s1:1→1 / s2:12→1 / s3:1→2, 12→3, s1:1→1 / s2:12→1 / s3:1→2, 5→1, 12→2, s1:1→1 / s2:12→1 / s3:5→1, 12→2, s1:1→1 / s2:12→1 / s3:5→1, 12→3, s1:1→1 / s2:1→1, 12→1 / s3:1→1, 12→2, s1:1→1 / s2:1→1, 12→1 / s3:1→2, 12→2, s1:1→1 / s2:1→1, 12→1 / s3:1→2, 12→3, s1:1→1 / s2:1→1, 12→2 / s3:1→1, 12→2, s1:1→1 / s2:1→1, 12→2 / s3:1→1, 12→3, s1:1→1 / s2:1→1, 12→2 / s3:1→2, 12→2, s1:1→1 / s2:1→1, 12→2 / s3:1→2, 12→3}"	"{s2:13→1 / s3:13→1, s2:13→1 / s3:13→1, s2:13→1 / s3:13→1, s2:13→1 / s3:13→1, s2:13→1 / s3:13→1, s2:13→1 / s3:13→1, s2:13→1 / s3:13→1, s2:13→1 / s3:13→1, s2:13→1 / s3:13→1, s2:13→1 / s3:13→1, s2:13→1 / s3:13→1, s2:13→1 / s3:13→1, s2:13→1 / s3:13→1, s2:13→1 / s3:13→1, s2:13→1 / s3:13→1, s2:13→1 / s3:13→1, s2:13→1 / s3:13→1, s2:13→1 / s3:13→1, s2:13→1 / s3:13→1, s2:13→1 / s3:13→1, s2:13→1 / s3:13→1, s2:13→1 / s3:13→1, s2:13→1 / s3:13→1, s2:13→1 / s3:13→1, s2:13→1 / s3:13→1, s2:13→1 / s3:13→1, s2:13→1 / s3:13→1, s2:13→1 / s3:13→1, s2:13→1 / s3:13→1, s2:13→1 / s3:13→1, s2:13→1 / s3:13→1, s2:13→1 / s3:13→1, s2:13→1 / s3:13→1, s2:13→1 / s3:13→1, s2:13→1 / s3:13→1, s2:13→1 / s3:13→1, s2:13→1 / s3:13→1, s2:13→1 / s3:13→1, s2:13→1 / s3:13→1, s2:13→1 / s3:13→1, s2:13→1 / s3:13→1, s2:13→1 / s3:13→1, s2:13→1 / s3:13→1}"
12	81	16	183	2	1	0	0	0	0	0	0	"{s1:12→1 / s2:1→1, 12→1 / s3:1→1, s1:12→1 / s2:1→1, 12→1 / s3:1→1, 12→1, s1:12→1 / s2:1→1, 12→1 / s3:1→2, 12→1, s1:12→1 / s2:1→1 / s3:1→1, 5→1, 12→1, s1:12→1 / s2:1→1 / s3:1→2, 12→1, s1:12→1 / s2:1→1 / s3:1→2, 12→1, s1:12→1 / s2:1→1 / s3:1→2, 12→2, s1:12→1 / s2:1→1 / s3:1→2, 5→1, s1:12→1 / s2:1→1 / s3:1→2, 5→1, 12→1, s1:12→1 / s2:1→1 / s3:1→2, 5→1, 12→1, s1:12→1 / s2:1→1 / s3:1→2, 5→1, 12→2, s1:12→1 / s2:1→1 / s3:1→2, 5→1, 12→2, s1:12→1 / s2:1→1 / s3:1→3, 12→1, s1:12→1 / s2:1→1 / s3:1→3, 12→1, s1:12→1 / s2:1→1 / s3:1→3, 12→2, s1:12→1 / s2:1→1 / s3:1→3, 12→2, s1:12→1 / s2:1→1 / s3:1→3, 5→1, 12→1, s1:12→1 / s2:1→1 / s3:1→3, 5→1, 12→1, s1:12→1 / s2:1→2, 12→1 / s3:1→2, 12→1, s1:12→1 / s2:1→2, 12→1 / s3:1→3, 12→1, s1:12→1 / s2:1→3, 12→1 / s3:1→3, 12→1, s1:12→1 / s2:1→3, 12→1 / s3:1→4, 12→1, s1:1→1, 12→1 / s2:12→1, s1:1→1, 12→1 / s2:12→1 / s3:1→1, s1:1→1, 12→1 / s2:12→1 / s3:1→1, 12→1, s1:1→1, 12→1 / s2:12→1 / s3:1→2, 12→1, s1:1→1, 12→1 / s2:1→1, 12→1 / s3:1→1, s1:1→1, 12→1 / s2:1→1, 12→1 / s3:1→1, 12→1, s1:1→1, 12→1 / s2:1→1, 12→1 / s3:1→2, s1:1→1, 12→1 / s2:1→1, 12→1 / s3:1→2, 12→1, s1:1→1, 12→1 / s2:1→1, 12→1 / s3:1→3, 12→1, s1:1→1, 12→1 / s2:1→1, 12→2 / s3:1→1, s1:1→1, 12→1 / s2:1→1 / s3:1→1, s1:1→1, 12→1 / s2:1→1 / s3:1→2, 12→1, s1:1→1, 12→1 / s2:1→1 / s3:1→2, 12→1, s1:1→1, 12→1 / s2:1→1 / s3:1→2, 12→2, s1:1→1, 12→1 / s2:1→1 / s3:1→2, 12→3, s1:1→1, 12→1 / s2:1→1 / s3:1→2, 5→1, 12→1, s1:1→1, 12→1 / s2:1→1 / s3:1→2, 5→1, 12→2, s1:1→1, 12→1 / s2:1→1 / s3:1→3, 12→1, s1:1→1, 12→1 / s2:1→1 / s3:1→3, 12→1, s1:1→1, 12→1 / s2:1→1 / s3:1→3, 12→2, s1:1→1, 12→1 / s2:1→1 / s3:1→3, 12→2, s1:1→1, 12→1 / s2:1→1 / s3:1→3, 5→1, 12→1, s1:1→1, 12→1 / s2:1→1 / s3:1→4, 5→1, s1:1→1, 12→1 / s2:1→2, 12→1 / s3:1→2, s1:1→1, 12→1 / s2:1→2, 12→1 / s3:1→2, 12→1, s1:1→1, 12→1 / s3:1→1, 12→1, s1:1→1, 12→1 / s3:1→1, 12→2, s1:1→1, 12→1 / s3:1→1, 12→3, s1:1→1, 12→1 / s3:1→1, 5→1, 12→1, s1:1→1, 12→1 / s3:1→1, 5→1, 12→2, s1:1→1, 12→1 / s3:1→1, 5→1, 12→3, s1:1→1, 12→1 / s3:1→2, 12→1, s1:1→1, 12→1 / s3:1→2, 12→2, s1:1→1, 12→1 / s3:1→2, 12→3, s1:1→1, 12→1 / s3:1→2, 5→1, 12→1, s1:1→1, 12→1 / s3:1→3, 12→2, s1:1→1, 12→1 / s3:1→3, 5→1, 12→1, s1:1→1, 12→1 / s3:5→1, 12→1, s1:1→1, 12→1 / s3:5→1, 12→2, s1:1→1, 12→1 / s3:5→1, 12→3, s1:1→1, 12→1 / s3:5→1, 12→4, s1:1→1, 12→2 / s2:1→1 / s3:1→1, s1:1→1 / s2:12→1 / s3:1→1, s1:1→1 / s2:12→1 / s3:1→1, 12→1, s1:1→1 / s2:12→1 / s3:1→1, 12→2, s1:1→1 / s2:12→1 / s3:1→1, 5→1, 12→1, s1:1→1 / s2:12→1 / s3:1→1, 5→1, 12→2, s1:1→1 / s2:12→1 / s3:1→1, 5→1, 12→3, s1:1→1 / s2:12→1 / s3:1→2, 12→1, s1:1→1 / s2:12→1 / s3:1→2, 12→2, s1:1→1 / s2:12→1 / s3:1→2, 12→3, s1:1→1 / s2:12→1 / s3:1→2, 5→1, 12→2, s1:1→1 / s2:12→1 / s3:1→3, 12→2, s1:1→1 / s2:1→1, 12→1 / s3:1→1, s1:1→1 / s2:1→1, 12→1 / s3:1→1, 12→1, s1:1→1 / s2:1→1, 12→1 / s3:1→2, 12→1, s1:1→1 / s2:1→1, 12→1 / s3:1→2, 12→2, s1:1→1 / s2:1→1, 12→1 / s3:1→2, 12→3, s1:1→1 / s2:1→1, 12→1 / s3:1→3, 12→2, s1:1→1 / s2:1→1, 12→1 / s3:1→3, 5→1, 12→1, s1:1→1 / s2:1→1, 12→2 / s3:1→1, s1:1→1 / s2:1→1, 12→2 / s3:1→1, 12→1, s1:1→1 / s2:1→1, 12→2 / s3:1→1, 12→2, s1:1→1 / s2:1→1, 12→2 / s3:1→2, 12→1, s1:1→1 / s2:1→1, 12→2 / s3:1→2, 12→2, s1:1→1 / s2:1→1, 12→2 / s3:1→2, 12→3, s1:1→1 / s2:1→1, 12→2 / s3:1→3, 12→2, s1:1→1 / s2:1→1, 12→3 / s3:1→1, 12→1, s1:1→1 / s2:1→1, 12→3 / s3:1→1, 12→2, s1:1→1 / s2:1→1, 12→3 / s3:1→2, 12→3, s1:1→1 / s2:1→1 / s3:1→1, 5→1, 12→1, s1:1→1 / s2:1→1 / s3:1→2, 12→2, s1:1→1 / s2:1→1 / s3:1→2, 12→3, s1:1→1 / s2:1→1 / s3:1→2, 5→1, 12→1, s1:1→1 / s2:1→1 / s3:1→2, 5→1, 12→2, s1:1→1 / s2:1→2, 12→2 / s3:1→2, 12→1, s1:1→1 / s2:1→2, 12→3 / s3:1→2, 12→1, s1:1→1 / s2:1→2, 12→3 / s3:1→2, 12→2, s1:1→1 / s2:1→2, 12→3 / s3:1→2, 12→3, s1:1→1 / s3:1→1, 12→2, s1:1→1 / s3:1→1, 12→3, s1:1→1 / s3:1→1, 5→1, 12→1, s1:1→1 / s3:1→1, 5→1, 12→2, s1:1→1 / s3:1→1, 5→1, 12→3, s1:1→1 / s3:1→2, 12→3, s1:1→1 / s3:1→2, 5→1, 12→2, s1:1→1 / s3:5→1, 12→1, s1:1→1 / s3:5→1, 12→2, s1:1→1 / s3:5→1, 12→3, s1:1→2, 12→1 / s2:12→1 / s3:1→1, s1:1→2, 12→1 / s2:12→1 / s3:1→1, 12→1}"	"{s2:13→1 / s3:11→1, s2:13→1 / s3:11→1, s2:13→1 / s3:11→1, s2:11→1 / s3:13→1, s2:11→1 / s3:13→1, s2:13→1 / s3:11→1, s2:11→1 / s3:13→1, s2:13→1 / s3:11→1, s2:11→1 / s3:13→1, s2:13→1 / s3:11→1, s2:11→1 / s3:13→1, s2:13→1 / s3:11→1, s2:11→1 / s3:13→1, s2:13→1 / s3:11→1, s2:11→1 / s3:13→1, s2:13→1 / s3:11→1, s2:11→1 / s3:13→1, s2:13→1 / s3:11→1, s2:13→1 / s3:11→1, s2:13→1 / s3:11→1, s2:13→1 / s3:11→1, s2:13→1 / s3:11→1, s2:13→1 / s3:11→1, s2:13→1 / s3:11→1, s2:13→1 / s3:11→1, s2:13→1 / s3:11→1, s2:13→1 / s3:11→1, s2:13→1 / s3:11→1, s2:13→1 / s3:11→1, s2:13→1 / s3:11→1, s2:13→1 / s3:11→1, s2:13→1 / s3:11→1, s2:13→1 / s3:11→1, s2:11→1 / s3:13→1, s2:13→1 / s3:11→1, s2:11→1 / s3:13→1, s2:11→1 / s3:13→1, s2:11→1 / s3:13→1, s2:11→1 / s3:13→1, s2:11→1 / s3:13→1, s2:13→1 / s3:11→1, s2:11→1 / s3:13→1, s2:13→1 / s3:11→1, s2:11→1 / s3:13→1, s2:13→1 / s3:11→1, s2:13→1 / s3:11→1, s2:13→1 / s3:11→1, s2:11→1 / s3:13→1, s2:11→1 / s3:13→1, s2:11→1 / s3:13→1, s2:11→1 / s3:13→1, s2:11→1 / s3:13→1, s2:11→1 / s3:13→1, s2:11→1 / s3:13→1, s2:11→1 / s3:13→1, s2:11→1 / s3:13→1, s2:11→1 / s3:13→1, s2:11→1 / s3:13→1, s2:11→1 / s3:13→1, s2:11→1 / s3:13→1, s2:11→1 / s3:13→1, s2:11→1 / s3:13→1, s2:11→1 / s3:13→1, s2:13→1 / s3:11→1, s2:13→1 / s3:11→1, s2:13→1 / s3:11→1, s2:13→1 / s3:11→1, s2:13→1 / s3:11→1, s2:13→1 / s3:11→1, s2:13→1 / s3:11→1, s2:13→1 / s3:11→1, s2:13→1 / s3:11→1, s2:13→1 / s3:11→1, s2:13→1 / s3:11→1, s2:13→1 / s3:11→1, s2:13→1 / s3:11→1, s2:13→1 / s3:11→1, s2:13→1 / s3:11→1, s2:13→1 / s3:11→1, s2:11→1 / s3:13→1, s2:13→1 / s3:11→1, s2:13→1 / s3:11→1, s2:13→1 / s3:11→1, s2:13→1 / s3:11→1, s2:13→1 / s3:11→1, s2:13→1 / s3:11→1, s2:13→1 / s3:11→1, s2:13→1 / s3:11→1, s2:13→1 / s3:11→1, s2:13→1 / s3:11→1, s2:13→1 / s3:11→1, s2:13→1 / s3:11→1, s2:11→1 / s3:13→1, s2:11→1 / s3:13→1, s2:11→1 / s3:13→1, s2:11→1 / s3:13→1, s2:11→1 / s3:13→1, s2:13→1 / s3:11→1, s2:13→1 / s3:11→1, s2:13→1 / s3:11→1, s2:13→1 / s3:11→1, s2:11→1 / s3:13→1, s2:11→1 / s3:13→1, s2:11→1 / s3:13→1, s2:11→1 / s3:13→1, s2:11→1 / s3:13→1, s2:11→1 / s3:13→1, s2:11→1 / s3:13→1, s2:11→1 / s3:13→1, s2:11→1 / s3:13→1, s2:11→1 / s3:13→1, s2:13→1 / s3:11→1, s2:13→1 / s3:11→1}"
12	81	17	132	1	1	0	1	0	0	0	0	"{s1:12→1 / s2:1→1 / s3:1→1, s1:12→1 / s2:1→1 / s3:1→1, 5→1, s1:12→1 / s2:1→1 / s3:1→1, 5→1, s1:12→1 / s2:1→1 / s3:1→2, 5→1, s1:12→1 / s2:1→1 / s3:1→2, 5→1, s1:12→1 / s2:1→1 / s3:1→3, 5→1, s1:12→1 / s2:1→1 / s3:1→4, 5→1, s1:1→1 / s2:12→1, s1:1→1 / s2:12→1 / s3:5→1, 12→1, s1:1→1 / s2:12→1 / s3:5→1, 12→1, s1:1→1 / s2:12→1 / s3:5→1, 12→2, s1:1→1 / s2:12→1 / s3:5→1, 12→2, s1:1→1 / s2:12→1 / s3:5→1, 12→3, s1:1→1 / s2:12→1 / s3:5→1, 12→3, s1:1→1 / s2:12→1 / s3:5→1, 12→4, s1:1→1 / s2:12→1 / s3:5→1, 12→4}"	"{s3:11→1, s3:11→1, s3:14→1, s3:11→1, s3:14→1, s3:11→1, s3:11→1, s3:11→1, s3:11→1, s3:14→1, s3:11→1, s3:14→1, s3:11→1, s3:14→1, s3:11→1, s3:14→1}"
12	81	17	136	1	0	2	0	0	0	0	0	"{s1:12→1 / s2:1→1, s1:12→1 / s2:1→1 / s3:1→1, s1:12→1 / s2:1→1 / s3:1→1, 12→1, s1:12→1 / s2:1→1 / s3:1→1, 5→1, s1:12→1 / s2:1→1 / s3:1→1, 5→1, 12→1, s1:12→1 / s2:1→1 / s3:1→2, 12→1, s1:12→1 / s2:1→1 / s3:1→2, 5→1, s1:12→1 / s2:1→1 / s3:1→2, 5→1, 12→1, s1:12→1 / s2:1→1 / s3:1→3, 5→1, 12→1, s1:12→1 / s2:1→1 / s3:5→1, s1:12→1 / s2:1→1 / s3:5→1, 12→1}"	"{s3:11→1, s3:11→1, s3:11→1, s3:11→1, s3:11→1, s3:11→1, s3:11→1, s3:11→1, s3:11→1, s3:11→1, s3:11→1}"
12	81	17	149	0	2	1	0	0	0	0	0	"{s1:12→1 / s2:1→1 / s3:1→1, 12→1, s1:12→1 / s2:1→1 / s3:1→2, 12→1, s1:1→1, 12→1 / s2:12→1 / s3:1→1, s1:1→1 / s2:12→1 / s3:1→1, 12→1, s1:1→1 / s2:12→1 / s3:1→1, 12→2}"	""
12	81	17	156	1	1	1	0	0	0	0	0	"{s1:12→1 / s2:1→1 / s3:1→1, 12→1, s1:12→1 / s2:1→1 / s3:1→1, 12→1, s1:12→1 / s2:1→1 / s3:1→1, 5→1, s1:12→1 / s2:1→1 / s3:1→1, 5→1, s1:12→1 / s2:1→1 / s3:1→1, 5→1, 12→1, s1:12→1 / s2:1→1 / s3:1→1, 5→1, 12→2, s1:12→1 / s2:1→1 / s3:1→1, 5→1, 12→3, s1:12→1 / s2:1→1 / s3:1→2, s1:12→1 / s2:1→1 / s3:1→2, 12→1, s1:12→1 / s2:1→1 / s3:1→2, 12→1, s1:12→1 / s2:1→1 / s3:1→2, 12→2, s1:12→1 / s2:1→1 / s3:1→2, 12→3, s1:12→1 / s2:1→1 / s3:1→2, 5→1, s1:12→1 / s2:1→1 / s3:1→2, 5→1, s1:12→1 / s2:1→1 / s3:1→3, 12→1, s1:12→1 / s2:1→1 / s3:1→3, 12→2, s1:12→1 / s2:1→1 / s3:1→3, 5→1, s1:12→1 / s2:1→1 / s3:1→3, 5→1, 12→1, s1:12→1 / s2:1→1 / s3:1→4, 12→1, s1:12→1 / s2:1→1 / s3:1→4, 5→1, s1:12→1 / s2:1→1 / s3:5→1, s1:12→1 / s2:1→1 / s3:5→1, s1:12→1 / s2:1→1 / s3:5→1, 12→1, s1:1→1, 12→1 / s2:1→1, s1:1→1 / s2:12→1 / s3:1→1, s1:1→1 / s2:12→1 / s3:1→1, 12→1, s1:1→1 / s2:12→1 / s3:1→1, 12→1, s1:1→1 / s2:12→1 / s3:1→1, 12→2, s1:1→1 / s2:12→1 / s3:1→1, 12→2, s1:1→1 / s2:12→1 / s3:1→1, 5→1, s1:1→1 / s2:12→1 / s3:1→1, 5→1, 12→1, s1:1→1 / s2:12→1 / s3:1→1, 5→1, 12→1, s1:1→1 / s2:12→1 / s3:1→2, 12→1, s1:1→1 / s2:12→1 / s3:1→2, 12→2, s1:1→1 / s2:12→1 / s3:1→2, 12→2, s1:1→1 / s2:12→1 / s3:1→2, 12→3, s1:1→1 / s2:12→1 / s3:1→2, 12→3, s1:1→1 / s2:12→1 / s3:1→2, 5→1, 12→1, s1:1→1 / s2:12→1 / s3:1→2, 5→1, 12→1, s1:1→1 / s2:12→1 / s3:1→2, 5→1, 12→2, s1:1→1 / s2:12→1 / s3:1→2, 5→1, 12→2, s1:1→1 / s2:12→1 / s3:1→3, 12→2, s1:1→1 / s2:12→1 / s3:1→3, 12→2, s1:1→1 / s2:12→1 / s3:1→3, 5→1, 12→1, s1:1→1 / s2:12→1 / s3:5→1, s1:1→1 / s2:12→1 / s3:5→1, s1:1→1 / s2:12→1 / s3:5→1, 12→1, s1:1→1 / s2:12→1 / s3:5→1, 12→1, s1:1→1 / s2:12→1 / s3:5→1, 12→2, s1:1→1 / s2:12→1 / s3:5→1, 12→2, s1:1→1 / s2:12→1 / s3:5→1, 12→3, s1:1→1 / s2:12→1 / s3:5→1, 12→3, s1:1→1 / s2:12→1 / s3:5→1, 12→4, s1:1→1 / s2:12→1 / s3:5→1, 12→4, s1:1→1 / s2:1→1, 12→1, s1:1→1 / s2:1→1, 12→2, s1:1→1 / s2:1→1, 12→3}"	"{s3:11→1, s3:14→1, s3:11→1, s3:14→1, s3:11→1, s3:14→1, s3:14→1, s3:11→1, s3:11→1, s3:14→1, s3:14→1, s3:14→1, s3:11→1, s3:14→1, s3:11→1, s3:14→1, s3:11→1, s3:14→1, s3:11→1, s3:11→1, s3:11→1, s3:14→1, s3:14→1, s3:11→1, s3:11→1, s3:11→1, s3:14→1, s3:11→1, s3:14→1, s3:11→1, s3:11→1, s3:14→1, s3:11→1, s3:11→1, s3:14→1, s3:11→1, s3:14→1, s3:11→1, s3:14→1, s3:11→1, s3:14→1, s3:11→1, s3:14→1, s3:11→1, s3:11→1, s3:14→1, s3:11→1, s3:14→1, s3:11→1, s3:14→1, s3:11→1, s3:14→1, s3:11→1, s3:14→1, s3:11→1, s3:11→1, s3:11→1}"
12	81	17	169	0	3	0	0	0	0	0	0	"{s1:12→1 / s2:1→1, 12→1 / s3:1→1, 12→1, s1:12→1 / s2:1→1 / s3:1→2, 12→3, s1:12→1 / s2:1→1 / s3:1→3, 12→2, s1:1→1 / s2:1→1, 12→1 / s3:1→1, 12→1}"	""
12	81	17	176	1	2	0	0	0	0	0	0	"{s1:12→1 / s2:1→1, 12→1, s1:12→1 / s2:1→1, 12→1 / s3:1→1, 12→1, s1:12→1 / s2:1→1, 12→1 / s3:1→1, 12→1, s1:12→1 / s2:1→1, 12→1 / s3:1→2, 5→1, 12→1, s1:12→1 / s2:1→1, 12→1 / s3:1→3, 5→1, 12→1, s1:12→1 / s2:1→1, 12→2, s1:12→1 / s2:1→1 / s3:1→1, 12→2, s1:12→1 / s2:1→1 / s3:1→1, 5→1, s1:12→1 / s2:1→1 / s3:1→1, 5→1, 12→3, s1:12→1 / s2:1→1 / s3:1→1, 5→1, 12→3, s1:12→1 / s2:1→1 / s3:1→2, 12→1, s1:12→1 / s2:1→1 / s3:1→2, 12→3, s1:12→1 / s2:1→1 / s3:1→2, 12→3, s1:12→1 / s2:1→1 / s3:1→2, 5→1, 12→1, s1:12→1 / s2:1→1 / s3:1→3, 12→2, s1:12→1 / s2:1→1 / s3:1→3, 5→1, 12→1, s1:12→1 / s2:1→1 / s3:5→1, s1:12→1 / s2:1→1 / s3:5→1, s1:12→1 / s2:1→1 / s3:5→1, 12→1, s1:12→1 / s2:1→1 / s3:5→1, 12→1, s1:12→1 / s2:1→1 / s3:5→1, 12→2, s1:12→1 / s2:1→2, 12→1 / s3:1→2, s1:12→1 / s2:1→2, 12→1 / s3:1→3, 12→1, s1:12→1 / s2:1→2, 12→1 / s3:1→3, 5→1, 12→1, s1:12→1 / s2:1→2, 12→1 / s3:1→4, 12→1, s1:12→1 / s2:1→2, 12→2, s1:1→1, 12→1 / s2:1→1, 12→1 / s3:1→2, 5→1, 12→1, s1:1→1, 12→1 / s2:1→2, 12→1, s1:1→1 / s2:1→1, 12→1 / s3:1→1, 12→1, s1:1→1 / s2:1→1, 12→1 / s3:1→1, 5→1, s1:1→1 / s2:1→1, 12→1 / s3:1→1, 5→1, 12→2, s1:1→1 / s2:1→1, 12→1 / s3:1→2, s1:1→1 / s2:1→1, 12→1 / s3:1→3, 12→1, s1:1→1 / s2:1→1, 12→1 / s3:1→3, 5→1, s1:1→1 / s2:1→1, 12→1 / s3:1→4, 12→1, s1:1→1 / s2:1→1, 12→1 / s3:1→4, 5→1, s1:1→1 / s2:1→1, 12→2 / s3:1→1, 12→3, s1:1→1 / s2:1→1, 12→2 / s3:1→1, 5→1, 12→3, s1:1→1 / s2:1→1, 12→2 / s3:1→1, 5→1, 12→3, s1:1→1 / s2:1→2, 12→2}"	"{s3:11→1, s3:11→1, s3:13→1, s3:14→1, s3:11→1, s3:11→1, s3:14→1, s3:13→1, s3:11→1, s3:13→1, s3:13→1, s3:11→1, s3:13→1, s3:14→1, s3:14→1, s3:13→1, s3:11→1, s3:13→1, s3:11→1, s3:13→1, s3:14→1, s3:11→1, s3:13→1, s3:11→1, s3:11→1, s3:11→1, s3:11→1, s3:11→1, s3:13→1, s3:14→1, s3:11→1, s3:11→1, s3:11→1, s3:11→1, s3:11→1, s3:11→1, s3:13→1, s3:11→1, s3:13→1, s3:11→1}"
12	81	18	106	1	1	0	0	1	0	0	0	"{s1:12→1 / s2:1→1 / s3:1→1, 5→1, s1:12→1 / s2:1→1 / s3:1→2, 5→1, s1:12→1 / s2:1→1 / s3:1→3, 5→1, s1:12→1 / s2:1→1 / s3:1→4, 5→1, s1:12→1 / s2:1→1 / s3:5→1, s1:1→1 / s2:12→1, s1:1→1 / s2:12→1 / s3:5→1, 12→1, s1:1→1 / s2:12→1 / s3:5→1, 12→1, s1:1→1 / s2:12→1 / s3:5→1, 12→2, s1:1→1 / s2:12→1 / s3:5→1, 12→2, s1:1→1 / s2:12→1 / s3:5→1, 12→3, s1:1→1 / s2:12→1 / s3:5→1, 12→3, s1:1→1 / s2:12→1 / s3:5→1, 12→4, s1:1→1 / s2:12→1 / s3:5→1, 12→4}"	"{s3:14→1, s3:14→1, s3:14→1, s3:14→1, s3:14→1, s3:11→1, s3:11→1, s3:14→1, s3:11→1, s3:14→1, s3:11→1, s3:14→1, s3:11→1, s3:14→1}"
12	81	18	112	1	0	1	1	0	0	0	0	"{s1:12→1 / s2:1→1, s1:12→1 / s2:1→1 / s3:1→1, s1:12→1 / s2:1→1 / s3:1→1, 5→1, s1:12→1 / s2:1→1 / s3:1→2, s1:12→1 / s2:1→1 / s3:1→2, 5→1, s1:12→1 / s2:1→1 / s3:1→3, 5→1, s1:12→1 / s2:1→1 / s3:1→4, 5→1, s1:12→1 / s2:1→1 / s3:5→1, s1:1→1 / s2:12→1, s1:1→1 / s2:12→1 / s3:5→1, s1:1→1 / s2:12→1 / s3:5→1, 12→1}"	"{s3:11→1, s3:11→1, s3:11→1, s3:11→1, s3:11→1, s3:11→1, s3:11→1, s3:11→1, s3:11→1, s3:11→1, s3:11→1}"
12	81	18	125	0	2	0	1	0	0	0	0	"{s1:12→1 / s2:1→1 / s3:1→1, s1:1→1 / s2:12→1 / s3:12→1}"	""
12	81	18	129	0	1	2	0	0	0	0	0	"s1:12→1 / s2:1→1 / s3:1→1, 12→1"	""
12	81	18	132	1	1	0	1	0	0	0	0	"{s1:12→1 / s2:1→1 / s3:1→2, s1:12→1 / s2:1→1 / s3:1→3, s1:12→1 / s2:1→1 / s3:1→3, 5→1, s1:12→1 / s2:1→1 / s3:1→4, 5→1, s1:12→1 / s2:1→1 / s3:5→1, s1:12→1 / s2:1→1 / s3:5→1, s1:1→1 / s2:12→1 / s3:5→1, s1:1→1 / s2:12→1 / s3:5→1}"	"{s3:11→1, s3:11→1, s3:14→1, s3:14→1, s3:11→1, s3:14→1, s3:11→1, s3:14→1}"
12	81	18	136	1	0	2	0	0	0	0	0	"{s1:12→1 / s2:1→1 / s3:1→2, s1:12→1 / s2:1→1 / s3:1→3, 12→1, s1:12→1 / s2:1→1 / s3:1→3, 5→1, s1:12→1 / s2:1→1 / s3:1→4, 12→1, s1:12→1 / s2:1→1 / s3:1→4, 5→1}"	"{s3:11→1, s3:11→1, s3:11→1, s3:11→1, s3:11→1}"
12	81	18	149	0	2	1	0	0	0	0	0	"{s1:12→1 / s2:1→1 / s3:1→3, 12→1, s1:1→1 / s2:12→1 / s3:1→1, 12→3}"	""
12	81	18	156	1	1	1	0	0	0	0	0	"{s1:12→1 / s2:1→1 / s3:1→1, 12→2, s1:12→1 / s2:1→1 / s3:1→3, 12→1, s1:12→1 / s2:1→1 / s3:1→3, 5→1, s1:12→1 / s2:1→1 / s3:5→1, 12→1, s1:12→1 / s2:1→1 / s3:5→1, 12→2, s1:1→1 / s2:12→1 / s3:1→1, 12→3, s1:1→1 / s2:12→1 / s3:1→1, 12→3, s1:1→1 / s2:12→1 / s3:1→1, 5→1, s1:1→1 / s2:12→1 / s3:1→2, 12→1, s1:1→1 / s2:12→1 / s3:1→3, 5→1, 12→1, s1:1→1 / s2:1→1, 12→4}"	"{s3:14→1, s3:14→1, s3:14→1, s3:11→1, s3:14→1, s3:11→1, s3:14→1, s3:14→1, s3:14→1, s3:14→1, s3:11→1}"
12	81	18	169	0	3	0	0	0	0	0	0	"{s1:12→1 / s2:12→1 / s3:1→1, 12→1, s1:1→1 / s2:1→1 / s3:1→1, 12→1}"	""
12	81	18	176	1	2	0	0	0	0	0	0	"{s1:12→1 / s2:12→1 / s3:1→1, 12→1, s1:12→1 / s2:12→1 / s3:1→1, 12→1, s1:12→1 / s2:1→1, 12→1 / s3:12→1, s1:12→1 / s2:1→1 / s3:1→2, 5→1, s1:12→1 / s2:1→1 / s3:1→3, 12→1, s1:12→1 / s2:1→3, 12→1 / s3:1→3, 12→1, s1:12→1 / s2:1→3, 12→1 / s3:1→4, 12→1, s1:1→1 / s2:1→1, 12→1 / s3:1→1, s1:1→1 / s2:1→1, 12→3 / s3:1→1, 12→3, s1:1→1 / s2:1→1 / s3:1→1, s1:1→1 / s2:1→1 / s3:1→1, 12→1, s1:1→1 / s2:1→1 / s3:1→3, 5→1}"	"{s3:11→1, s3:14→1, s3:14→1, s3:11→1, s3:11→1, s3:13→1, s3:11→1, s3:14→1, s3:13→1, s3:11→1, s3:14→1, s3:11→1}"
12	81	19	86	1	0	1	0	1	0	0	0	"{s1:1→1 / s2:12→1, s1:1→1 / s2:12→1 / s3:5→1, s1:1→1 / s2:12→1 / s3:5→1, 12→1}"	"{s3:11→1, s3:11→1, s3:11→1}"
12	81	19	88	1	0	0	2	0	0	0	0	"{s1:12→1 / s2:1→1, s1:12→1 / s2:1→1 / s3:5→1}"	"{s3:11→1, s3:11→1}"
12	81	19	99	0	2	0	0	1	0	0	0	"{s1:12→1 / s2:1→1 / s3:1→1, s1:1→1 / s2:12→1 / s3:12→1}"	""
12	81	19	105	0	1	1	1	0	0	0	0	"{s1:12→1 / s2:1→1 / s3:1→1, s1:1→1 / s2:12→1 / s3:12→1}"	""
12	81	19	106	1	1	0	0	1	0	0	0	"{s1:12→1 / s2:1→1 / s3:1→1, s1:1→1 / s2:12→1 / s3:12→1, s1:1→1 / s2:12→1 / s3:12→1, s1:1→1 / s2:12→1 / s3:12→2, s1:1→1 / s2:12→1 / s3:5→1, s1:1→1 / s2:12→1 / s3:5→1, s1:1→1 / s2:12→2}"	"{s3:14→1, s3:11→1, s3:14→1, s3:11→1, s3:11→1, s3:14→1, s3:11→1}"
12	81	19	112	1	0	1	1	0	0	0	0	"{s1:12→1 / s2:1→1 / s3:1→3, s1:12→1 / s2:1→1 / s3:1→4}"	"{s3:11→1, s3:11→1}"
12	81	19	132	1	1	0	1	0	0	0	0	"{s1:12→1 / s2:1→1 / s3:1→4, s1:12→1 / s2:1→1 / s3:1→5, s1:1→1 / s2:12→1 / s3:12→1}"	"{s3:11→1, s3:11→1, s3:11→1}"
12	81	19	156	1	1	1	0	0	0	0	0	"{s1:12→1 / s2:1→1 / s3:1→3, s1:12→1 / s2:1→1 / s3:1→4, 5→1, s1:1→1 / s2:12→1 / s3:1→1, 12→4, s1:1→1 / s2:12→1 / s3:1→2, 5→1, s1:1→1 / s2:12→1 / s3:1→3, 12→1}"	"{s3:11→1, s3:14→1, s3:11→1, s3:11→1, s3:11→1}"
12	81	19	169	0	3	0	0	0	0	0	0	"{s1:12→1 / s2:1→1 / s3:1→1, 12→2, s1:12→1 / s2:1→1 / s3:1→2, 12→1}"	""
12	81	20	62	1	0	0	1	1	0	0	0	"{s1:1→1 / s2:12→1, s1:1→1 / s2:12→1 / s3:5→1}"	"{s3:11→1, s3:11→1}"
12	81	20	79	0	1	1	0	1	0	0	0	"{s1:12→1 / s2:1→1 / s3:1→1, s1:1→1 / s2:12→1 / s3:12→1}"	""
12	81	20	86	1	0	1	0	1	0	0	0	"s1:1→1 / s2:12→1 / s3:12→1"	"s3:11→1"
12	81	20	106	1	1	0	0	1	0	0	0	"{s1:1→1 / s2:12→1 / s3:12→3, s1:1→1 / s2:12→1 / s3:12→4, s1:1→1 / s2:12→1 / s3:12→5, s1:1→1 / s2:12→2 / s3:12→1, s1:1→1 / s2:12→2 / s3:12→2, s1:1→1 / s2:12→2 / s3:12→3, s1:1→1 / s2:12→2 / s3:12→4}"	"{s3:11→1, s3:11→1, s3:11→1, s3:11→1, s3:11→1, s3:11→1, s3:11→1}"
12	81	20	112	1	0	1	1	0	0	0	0	"s1:1→1 / s2:12→1 / s3:12→1"	"s3:11→1"
12	81	20	136	1	0	2	0	0	0	0	0	"s1:12→1 / s2:1→1 / s3:1→3"	"s3:11→1"
12	81	20	149	0	2	1	0	0	0	0	0	"{s1:12→1 / s2:1→1 / s3:1→1, s1:1→1 / s2:12→1 / s3:12→1}"	""
12	81	20	156	1	1	1	0	0	0	0	0	"{s1:12→1 / s2:1→1 / s3:12→1, s1:12→1 / s2:1→1 / s3:1→4, 12→1, s1:12→1 / s2:1→1 / s3:5→1, 12→3, s1:1→1 / s2:12→1 / s3:1→1, s1:1→1 / s2:12→1 / s3:1→1, 12→4}"	"{s3:14→1, s3:14→1, s3:14→1, s3:14→1, s3:14→1}"
12	81	20	169	0	3	0	0	0	0	0	0	"{s1:12→1 / s2:12→1 / s3:12→1, s1:1→1 / s2:1→1 / s3:1→1}"	""
12	81	21	99	0	2	0	0	1	0	0	0	"{s1:12→1 / s2:1→1 / s3:1→2, s1:12→1 / s2:1→1 / s3:1→3, s1:1→1 / s2:12→1 / s3:12→2, s1:1→1 / s2:12→1 / s3:12→3}"	""
12	81	21	106	1	1	0	0	1	0	0	0	"{s1:12→1 / s2:1→1 / s3:1→2, s1:12→1 / s2:1→1 / s3:1→3, s1:12→1 / s2:1→1 / s3:1→4, s1:12→1 / s2:1→2 / s3:1→1, s1:1→1 / s2:12→1 / s3:12→2, s1:1→1 / s2:12→1 / s3:12→3, s1:1→1 / s2:12→1 / s3:12→4, s1:1→1 / s2:12→2 / s3:12→1, s1:1→1 / s2:12→3 / s3:12→1}"	"{s3:14→1, s3:14→1, s3:14→1, s3:14→1, s3:14→1, s3:14→1, s3:14→1, s3:14→1, s3:11→1}"
12	81	21	129	0	1	2	0	0	0	0	0	"{s1:12→1 / s2:1→1 / s3:12→1, s1:12→1 / s2:1→1 / s3:1→1}"	""
12	81	21	132	1	1	0	1	0	0	0	0	"{s1:12→1 / s2:1→1, s1:12→1 / s2:1→1 / s3:1→1, s1:12→1 / s2:1→2 / s3:1→3, s1:12→1 / s2:1→2 / s3:1→4, s1:12→1 / s2:1→2 / s3:1→5, s1:1→1 / s2:12→1 / s3:12→1, s1:1→1 / s2:12→1 / s3:12→2, s1:1→1 / s2:12→2, s1:1→1 / s2:12→2 / s3:12→1}"	"{s3:11→1, s3:14→1, s3:11→1, s3:11→1, s3:11→1, s3:14→1, s3:11→1, s3:11→1, s3:11→1}"
12	81	22	106	1	1	0	0	1	0	0	0	"{s1:12→1 / s2:1→1 / s3:1→5, s1:1→1 / s2:12→1 / s3:12→5, s1:1→1 / s2:12→3}"	"{s3:14→1, s3:14→1, s3:11→1}"
12	81	22	132	1	1	0	1	0	0	0	0	"s1:1→1 / s2:12→1 / s3:12→3"	"s3:11→1"
12	81	22	156	1	1	1	0	0	0	0	0	"{s1:12→1 / s2:1→1, s1:12→1 / s2:1→1 / s3:1→1, 12→3, s1:12→1 / s2:1→1 / s3:1→4, s1:1→1 / s2:12→1 / s3:1→3, 12→1}"	"{s3:11→1, s3:14→1, s3:11→1, s3:14→1}"
12	81	23	125	0	2	0	1	0	0	0	0	"{s1:12→1 / s2:1→1 / s3:1→2, s1:1→1 / s2:12→1 / s3:12→2}"	""
12	81	23	132	1	1	0	1	0	0	0	0	"s1:1→1 / s2:12→2 / s3:12→2"	"s3:11→1"
12	81	23	136	1	0	2	0	0	0	0	0	"s1:12→1 / s2:1→1 / s3:1→4"	"s3:11→1"
12	81	23	156	1	1	1	0	0	0	0	0	"{s1:1→1 / s2:12→1 / s3:1→2, 5→1, s1:1→1 / s2:12→1 / s3:1→3, 5→1, s1:1→1 / s2:12→1 / s3:1→4, 12→1}"	"{s3:14→1, s3:11→1, s3:11→1}"
12	81	24	106	1	1	0	0	1	0	0	0	"s1:1→1 / s2:12→4"	"s3:11→1"
12	81	24	132	1	1	0	1	0	0	0	0	"{s1:1→1 / s2:12→1 / s3:12→4, s1:1→1 / s2:12→2 / s3:12→3}"	"{s3:11→1, s3:11→1}"
12	81	25	132	1	1	0	1	0	0	0	0	"s1:1→1 / s2:12→1 / s3:12→5"	"s3:11→1"
12	81	26	106	1	1	0	0	1	0	0	0	"s1:1→1 / s2:12→5"	"s3:11→1"
12	81	26	132	1	1	0	1	0	0	0	0	"s1:1→1 / s2:12→2 / s3:12→4"	"s3:11→1"
12	81	27	132	1	1	0	1	0	0	0	0	"{s1:12→1 / s2:1→2 / s3:1→1, s1:1→1 / s2:12→2 / s3:12→1}"	"{s3:14→1, s3:14→1}"
12	81	28	132	1	1	0	1	0	0	0	0	"{s1:12→1 / s2:1→1 / s3:1→2, s1:1→1 / s2:12→1 / s3:12→2, s1:1→1 / s2:12→3 / s3:12→1}"	"{s3:14→1, s3:14→1, s3:11→1}"
12	81	28	156	1	1	1	0	0	0	0	0	"s1:12→1 / s2:1→1 / s3:5→1, 12→4"	"s3:14→1"
12	81	29	125	0	2	0	1	0	0	0	0	"{s1:12→1 / s2:1→1 / s3:1→3, s1:1→1 / s2:12→1 / s3:12→3}"	""
12	81	30	156	1	1	1	0	0	0	0	0	"s1:12→1 / s2:1→1 / s3:1→5"	"s3:11→1"
12	81	31	132	1	1	0	1	0	0	0	0	"s1:12→1 / s2:1→2 / s3:1→2"	"s3:11→1"
12	81	31	156	1	1	1	0	0	0	0	0	"s1:1→1 / s2:12→1 / s3:1→2"	"s3:11→1"
12	81	34	132	1	1	0	1	0	0	0	0	"s1:1→1 / s2:12→1 / s3:12→3"	"s3:14→1"
12	81	34	136	1	0	2	0	0	0	0	0	"s1:12→1 / s2:1→1 / s3:12→1"	"s3:11→1"
12	81	35	132	1	1	0	1	0	0	0	0	"s1:12→1 / s2:1→1 / s3:1→3"	"s3:14→1"
12	81	38	132	1	1	0	1	0	0	0	0	"s1:1→1 / s2:12→1 / s3:12→4"	"s3:14→1"
12	81	39	132	1	1	0	1	0	0	0	0	"s1:12→1 / s2:1→1 / s3:1→4"	"s3:14→1"
12	81	40	132	1	1	0	1	0	0	0	0	"s1:1→1 / s2:12→1 / s3:12→5"	"s3:14→1"
12	81	42	132	1	1	0	1	0	0	0	0	"s1:12→1 / s2:1→1 / s3:1→5"	"s3:14→1"
12	81	46	132	1	1	0	1	0	0	0	0	"s1:1→1 / s2:12→3"	"s3:11→1"
12	82	15	182	2	1	0	0	0	0	0	0	"{s1:12→1 / s3:1→1, s1:12→1 / s3:1→1, s1:1→1, 12→1, s1:1→1 / s2:12→1 / s3:12→1, s1:1→1 / s3:12→1}"	"{s2:2→1 / s3:11→1, s2:2→1 / s3:13→1, s2:11→1 / s3:2→1, s2:13→1 / s3:2→1, s2:11→1 / s3:2→1}"
12	82	15	183	2	1	0	0	0	0	0	0	"{s1:12→1 / s2:1→1 / s3:1→1, s1:1→1 / s2:12→1}"	"{s2:13→1 / s3:11→1, s2:13→1 / s3:11→1}"
12	82	16	155	1	1	1	0	0	0	0	0	"{s1:12→1 / s2:1→1, s1:1→1 / s2:12→1 / s3:12→1}"	"{s3:2→1, s3:2→1}"
12	82	16	156	1	1	1	0	0	0	0	0	"{s1:12→1 / s2:1→1 / s3:1→1, s1:12→1 / s2:1→1 / s3:1→1, 4→1, 12→1, s1:12→1 / s2:1→1 / s3:1→2, 4→1, 12→1, s1:1→1 / s2:12→1, s1:1→1 / s2:12→1 / s3:1→1, 4→1, 12→2, s1:1→1 / s2:12→1 / s3:1→1, 4→1, 12→3, s1:1→1 / s2:12→1 / s3:4→1, 12→1}"	"{s3:11→1, s3:11→1, s3:11→1, s3:11→1, s3:11→1, s3:11→1, s3:11→1}"
12	82	16	162	2	0	1	0	0	0	0	0	"{s1:12→1 / s2:1→1, 12→1 / s3:1→2, s1:12→1 / s2:1→1 / s3:1→1, 12→1, s1:12→1 / s2:1→1 / s3:1→1, 4→1, 12→1, s1:12→1 / s2:1→1 / s3:1→2, 12→1, s1:12→1 / s2:1→1 / s3:1→2, 4→1, 12→1, s1:12→1 / s2:1→2 / s3:1→2, 12→1, s1:12→1 / s2:1→2 / s3:1→3, 4→1, 12→1, s1:12→1 / s3:1→1, s1:12→1 / s3:1→1, 4→1, s1:12→1 / s3:1→1, 4→1, 12→1, s1:12→1 / s3:1→2, s1:12→1 / s3:1→2, 4→1, s1:12→1 / s3:1→2, 4→1, 12→1, s1:12→1 / s3:1→3, 12→1, s1:12→1 / s3:1→3, 4→1, 12→1, s1:12→1 / s3:1→4, 12→1, s1:1→1, 12→1, s1:1→1, 12→1 / s2:4→1, s1:1→1, 12→1 / s2:4→1, 12→1, s1:1→1, 12→1 / s3:12→1, s1:1→1, 12→1 / s3:4→1, 12→1, s1:1→1 / s2:4→1, 12→1 / s3:12→1, s1:1→1 / s2:4→1, 12→2 / s3:12→1, s1:1→1 / s2:4→1, 12→2 / s3:12→2, s1:1→1 / s2:4→1, 12→3 / s3:12→1, s1:1→1 / s2:4→1, 12→3 / s3:12→2, s1:1→1 / s2:4→1, 12→4 / s3:12→1, s1:1→1 / s2:4→1, 12→4 / s3:12→2, s1:1→1 / s3:12→1, s1:1→1 / s3:12→2, s1:1→1 / s3:4→1, 12→3, s1:1→1 / s3:4→1, 12→4}"	"{s2:2→1 / s3:11→1, s2:11→1 / s3:2→1, s2:11→1 / s3:2→1, s2:11→1 / s3:2→1, s2:11→1 / s3:2→1, s2:11→1 / s3:2→1, s2:11→1 / s3:2→1, s2:2→1 / s3:11→1, s2:2→1 / s3:11→1, s2:2→1 / s3:11→1, s2:2→1 / s3:11→1, s2:2→1 / s3:11→1, s2:2→1 / s3:11→1, s2:2→1 / s3:11→1, s2:2→1 / s3:11→1, s2:2→1 / s3:11→1, s2:11→1 / s3:2→1, s2:11→1 / s3:2→1, s2:11→1 / s3:2→1, s2:11→1 / s3:2→1, s2:11→1 / s3:2→1, s2:11→1 / s3:2→1, s2:11→1 / s3:2→1, s2:11→1 / s3:2→1, s2:11→1 / s3:2→1, s2:11→1 / s3:2→1, s2:11→1 / s3:2→1, s2:11→1 / s3:2→1, s2:11→1 / s3:2→1, s2:11→1 / s3:2→1, s2:11→1 / s3:2→1, s2:11→1 / s3:2→1}"
12	82	16	169	0	3	0	0	0	0	0	0	"{s1:12→1 / s2:1→1, 12→1 / s3:1→2, 12→1, s1:12→1 / s2:1→1 / s3:1→1, 12→1, s1:12→1 / s2:1→1 / s3:1→2, 12→2}"	""
12	82	16	175	1	2	0	0	0	0	0	0	"{s1:12→1 / s2:1→1, 12→1, s1:12→1 / s2:1→1, 12→1 / s3:12→1, s1:12→1 / s2:1→1, 12→1 / s3:1→1, 12→1, s1:12→1 / s2:1→1, 12→1 / s3:1→1, 12→2, s1:12→1 / s2:1→1, 12→1 / s3:1→1, 4→1, 12→2, s1:12→1 / s2:1→1, 12→1 / s3:1→1, 4→1, 12→3, s1:12→1 / s2:1→1, 12→1 / s3:1→2, 12→1, s1:12→1 / s2:1→1, 12→1 / s3:1→2, 12→2, s1:12→1 / s2:1→1, 12→1 / s3:1→2, 12→3, s1:12→1 / s2:1→1, 12→1 / s3:1→2, 4→1, 12→2, s1:12→1 / s2:1→1, 12→1 / s3:1→3, 12→2, s1:12→1 / s2:1→1, 12→1 / s3:4→1, 12→2, s1:12→1 / s2:1→1, 12→1 / s3:4→1, 12→3, s1:12→1 / s2:1→1 / s3:12→1, s1:12→1 / s2:1→1 / s3:1→1, 12→1, s1:12→1 / s2:1→1 / s3:1→1, 12→2, s1:12→1 / s2:1→1 / s3:1→1, 4→1, 12→2, s1:12→1 / s2:1→1 / s3:1→1, 4→1, 12→3, s1:12→1 / s2:1→1 / s3:1→2, 12→2, s1:12→1 / s2:1→1 / s3:1→2, 12→3, s1:12→1 / s2:1→1 / s3:4→1, 12→1, s1:12→1 / s2:1→1 / s3:4→1, 12→2, s1:12→1 / s2:1→2, 12→1, s1:12→1 / s2:1→2, 12→1 / s3:12→1, s1:12→1 / s2:1→2, 12→1 / s3:1→1, 12→1, s1:12→1 / s2:1→2, 12→1 / s3:1→1, 12→2, s1:12→1 / s2:1→3, 12→2, s1:1→1, 12→1 / s2:1→1, 12→1, s1:1→1, 12→1 / s2:1→1, 12→1 / s3:12→1, s1:1→1, 12→1 / s2:1→1, 12→1 / s3:12→2, s1:1→1, 12→1 / s2:1→1, 12→1 / s3:4→1, 12→2, s1:1→1, 12→1 / s2:1→1, 12→1 / s3:4→1, 12→3, s1:1→1, 12→1 / s2:1→1, 12→1 / s3:4→1, 12→4, s1:1→1 / s2:1→1, 12→1 / s3:12→1, s1:1→1 / s2:1→1, 12→1 / s3:4→1, 12→1, s1:1→1 / s2:1→1, 12→1 / s3:4→1, 12→2, s1:1→1 / s2:1→1, 12→1 / s3:4→1, 12→3, s1:1→1 / s2:1→1, 12→2 / s3:12→1, s1:1→1 / s2:1→1, 12→2 / s3:4→1, 12→3, s1:1→1 / s2:1→1, 12→2 / s3:4→1, 12→4}"	"{s3:2→1, s3:2→1, s3:2→1, s3:2→1, s3:2→1, s3:2→1, s3:2→1, s3:2→1, s3:2→1, s3:2→1, s3:2→1, s3:2→1, s3:2→1, s3:2→1, s3:2→1, s3:2→1, s3:2→1, s3:2→1, s3:2→1, s3:2→1, s3:2→1, s3:2→1, s3:2→1, s3:2→1, s3:2→1, s3:2→1, s3:2→1, s3:2→1, s3:2→1, s3:2→1, s3:2→1, s3:2→1, s3:2→1, s3:2→1, s3:2→1, s3:2→1, s3:2→1, s3:2→1, s3:2→1, s3:2→1}"
12	82	16	176	1	2	0	0	0	0	0	0	"{s1:12→1 / s2:1→1, 12→1 / s3:1→1, s1:12→1 / s2:1→1, 12→1 / s3:1→1, s1:12→1 / s2:1→1, 12→1 / s3:1→1, s1:12→1 / s2:1→1, 12→1 / s3:1→1, 12→1, s1:12→1 / s2:1→1, 12→1 / s3:1→1, 4→1, 12→1, s1:12→1 / s2:1→1, 12→1 / s3:1→1, 4→1, 12→1, s1:12→1 / s2:1→1, 12→1 / s3:1→1, 4→1, 12→1, s1:12→1 / s2:1→1, 12→1 / s3:1→2, 12→1, s1:12→1 / s2:1→1, 12→1 / s3:1→2, 12→1, s1:12→1 / s2:1→1, 12→1 / s3:1→2, 12→1, s1:12→1 / s2:1→1, 12→1 / s3:1→2, 4→1, 12→1, s1:12→1 / s2:1→1, 12→1 / s3:1→3, 12→1, s1:12→1 / s2:1→1, 12→1 / s3:1→3, 12→1, s1:12→1 / s2:1→1, 12→1 / s3:4→1, 12→1, s1:12→1 / s2:1→1, 12→1 / s3:4→1, 12→1, s1:12→1 / s2:1→1, 12→1 / s3:4→1, 12→1, s1:12→1 / s2:1→1 / s3:1→1, s1:12→1 / s2:1→1 / s3:1→1, 12→1, s1:12→1 / s2:1→1 / s3:1→1, 12→1, s1:12→1 / s2:1→1 / s3:1→1, 12→1, s1:12→1 / s2:1→1 / s3:1→1, 4→1, 12→1, s1:12→1 / s2:1→1 / s3:1→1, 4→1, 12→1, s1:12→1 / s2:1→1 / s3:1→1, 4→1, 12→2, s1:12→1 / s2:1→1 / s3:1→1, 4→1, 12→2, s1:12→1 / s2:1→1 / s3:1→1, 4→1, 12→2, s1:12→1 / s2:1→1 / s3:1→1, 4→1, 12→3, s1:12→1 / s2:1→1 / s3:1→1, 4→1, 12→3, s1:12→1 / s2:1→1 / s3:1→1, 4→1, 12→3, s1:12→1 / s2:1→1 / s3:1→2, 12→1, s1:12→1 / s2:1→1 / s3:1→2, 12→2, s1:12→1 / s2:1→1 / s3:1→2, 12→2, s1:12→1 / s2:1→1 / s3:1→2, 12→2, s1:12→1 / s2:1→1 / s3:1→2, 12→3, s1:12→1 / s2:1→1 / s3:1→2, 4→1, 12→1, s1:12→1 / s2:1→1 / s3:1→2, 4→1, 12→2, s1:12→1 / s2:1→1 / s3:1→2, 4→1, 12→2, s1:12→1 / s2:1→1 / s3:1→2, 4→1, 12→2, s1:12→1 / s2:1→1 / s3:1→3, 12→2, s1:12→1 / s2:1→1 / s3:1→3, 12→2, s1:12→1 / s2:1→1 / s3:4→1, s1:12→1 / s2:1→1 / s3:4→1, 12→1, s1:12→1 / s2:1→1 / s3:4→1, 12→1, s1:12→1 / s2:1→1 / s3:4→1, 12→1, s1:12→1 / s2:1→1 / s3:4→1, 12→2, s1:12→1 / s2:1→2, 12→1 / s3:1→1, s1:12→1 / s2:1→2, 12→1 / s3:1→1, s1:12→1 / s2:1→2, 12→1 / s3:1→1, 12→1, s1:12→1 / s2:1→2, 12→1 / s3:1→2, 12→1, s1:12→1 / s2:1→2, 12→1 / s3:1→2, 12→1, s1:12→1 / s2:1→2, 12→1 / s3:1→2, 4→1, 12→1, s1:12→1 / s2:1→2, 12→1 / s3:1→2, 4→1, 12→1, s1:12→1 / s2:1→2, 12→1 / s3:1→3, 12→1, s1:12→1 / s2:1→2, 12→1 / s3:1→3, 4→1, 12→1, s1:12→1 / s2:1→2, 12→1 / s3:1→3, 4→1, 12→1, s1:12→1 / s2:1→2, 12→2 / s3:1→1, s1:12→1 / s2:1→2, 12→2 / s3:1→1, s1:12→1 / s2:1→3, 12→2 / s3:1→1, s1:12→1 / s2:1→3, 12→2 / s3:1→1, s1:1→1, 12→1 / s2:1→1, 12→1, s1:1→1, 12→1 / s2:1→1, 12→1 / s3:12→1, s1:1→1, 12→1 / s2:1→1, 12→1 / s3:1→1, s1:1→1, 12→1 / s2:1→1, 12→1 / s3:1→1, 12→1, s1:1→1, 12→1 / s2:1→1, 12→1 / s3:1→1, 4→1, 12→1, s1:1→1, 12→1 / s2:1→1, 12→2, s1:1→1, 12→1 / s2:1→1, 12→2 / s3:1→1, s1:1→1, 12→1 / s2:1→2, 12→2, s1:1→1 / s2:1→1, 12→1, s1:1→1 / s2:1→1, 12→1 / s3:12→1, s1:1→1 / s2:1→1, 12→1 / s3:12→1, s1:1→1 / s2:1→1, 12→1 / s3:1→1, s1:1→1 / s2:1→1, 12→1 / s3:1→1, 12→1, s1:1→1 / s2:1→1, 12→1 / s3:1→1, 12→2, s1:1→1 / s2:1→1, 12→1 / s3:1→1, 4→1, 12→1, s1:1→1 / s2:1→1, 12→1 / s3:1→1, 4→1, 12→2, s1:1→1 / s2:1→1, 12→1 / s3:1→1, 4→1, 12→3, s1:1→1 / s2:1→1, 12→1 / s3:4→1, 12→1, s1:1→1 / s2:1→1, 12→1 / s3:4→1, 12→1, s1:1→1 / s2:1→1, 12→1 / s3:4→1, 12→2, s1:1→1 / s2:1→1, 12→1 / s3:4→1, 12→2, s1:1→1 / s2:1→1, 12→2, s1:1→1 / s2:1→1, 12→2 / s3:12→1, s1:1→1 / s2:1→1, 12→2 / s3:1→1, s1:1→1 / s2:1→1, 12→2 / s3:1→1, 12→1, s1:1→1 / s2:1→1, 12→2 / s3:1→1, 12→2, s1:1→1 / s2:1→1, 12→2 / s3:1→1, 4→1, 12→3, s1:1→1 / s2:1→1, 12→2 / s3:4→1, 12→3, s1:1→1 / s2:1→1, 12→2 / s3:4→1, 12→4, s1:1→1 / s2:1→2, 12→3}"	"{s3:11→1, s3:13→1, s3:14→1, s3:14→1, s3:11→1, s3:13→1, s3:14→1, s3:11→1, s3:13→1, s3:14→1, s3:11→1, s3:11→1, s3:13→1, s3:11→1, s3:13→1, s3:14→1, s3:11→1, s3:11→1, s3:13→1, s3:14→1, s3:11→1, s3:13→1, s3:11→1, s3:13→1, s3:14→1, s3:11→1, s3:13→1, s3:14→1, s3:11→1, s3:11→1, s3:13→1, s3:14→1, s3:14→1, s3:11→1, s3:11→1, s3:13→1, s3:14→1, s3:11→1, s3:13→1, s3:11→1, s3:11→1, s3:13→1, s3:14→1, s3:14→1, s3:11→1, s3:13→1, s3:13→1, s3:11→1, s3:13→1, s3:11→1, s3:13→1, s3:11→1, s3:11→1, s3:13→1, s3:11→1, s3:13→1, s3:11→1, s3:13→1, s3:11→1, s3:14→1, s3:11→1, s3:11→1, s3:11→1, s3:11→1, s3:11→1, s3:11→1, s3:11→1, s3:13→1, s3:14→1, s3:11→1, s3:11→1, s3:11→1, s3:11→1, s3:11→1, s3:11→1, s3:13→1, s3:14→1, s3:13→1, s3:14→1, s3:11→1, s3:13→1, s3:11→1, s3:11→1, s3:11→1, s3:11→1, s3:13→1, s3:13→1, s3:11→1}"
12	82	16	182	2	1	0	0	0	0	0	0	"{s1:12→1 / s2:12→1 / s3:1→1, s1:12→1 / s2:12→1 / s3:1→1, s1:12→1 / s2:12→1 / s3:1→1, 12→1, s1:12→1 / s2:12→1 / s3:1→1, 12→1, s1:12→1 / s2:12→1 / s3:1→1, 4→1, 12→1, s1:12→1 / s2:12→1 / s3:1→1, 4→1, 12→2, s1:12→1 / s2:12→1 / s3:1→1, 4→1, 12→2, s1:12→1 / s2:12→1 / s3:1→1, 4→1, 12→3, s1:12→1 / s2:12→1 / s3:1→1, 4→1, 12→3, s1:12→1 / s2:12→1 / s3:1→2, 12→1, s1:12→1 / s2:12→1 / s3:1→2, 12→1, s1:12→1 / s2:12→1 / s3:1→2, 12→2, s1:12→1 / s2:12→1 / s3:1→2, 12→2, s1:12→1 / s2:12→1 / s3:1→2, 4→1, 12→2, s1:12→1 / s2:12→1 / s3:1→2, 4→1, 12→2, s1:12→1 / s2:12→1 / s3:1→3, 12→2, s1:12→1 / s2:12→1 / s3:1→3, 12→2, s1:12→1 / s2:1→1, 12→1 / s3:1→1, 12→1, s1:12→1 / s2:1→1, 12→1 / s3:1→1, 12→2, s1:12→1 / s2:1→1, 12→1 / s3:1→1, 12→2, s1:12→1 / s2:1→1, 12→1 / s3:1→1, 4→1, 12→2, s1:12→1 / s2:1→1, 12→1 / s3:1→2, 12→1, s1:12→1 / s2:1→1, 12→1 / s3:1→2, 12→1, s1:12→1 / s2:1→1, 12→1 / s3:1→2, 12→1, s1:12→1 / s2:1→1, 12→1 / s3:1→2, 12→2, s1:12→1 / s2:1→1, 12→1 / s3:1→2, 12→2, s1:12→1 / s2:1→1, 12→1 / s3:1→2, 12→3, s1:12→1 / s2:1→1, 12→1 / s3:1→2, 12→3, s1:12→1 / s2:1→1, 12→1 / s3:1→2, 4→1, 12→1, s1:12→1 / s2:1→1, 12→1 / s3:1→2, 4→1, 12→1, s1:12→1 / s2:1→1, 12→1 / s3:1→2, 4→1, 12→2, s1:12→1 / s2:1→1, 12→1 / s3:1→2, 4→1, 12→2, s1:12→1 / s2:1→1, 12→1 / s3:1→3, 12→1, s1:12→1 / s2:1→1, 12→1 / s3:1→3, 12→1, s1:12→1 / s2:1→1, 12→1 / s3:1→3, 12→2, s1:12→1 / s2:1→1, 12→1 / s3:1→3, 12→2, s1:12→1 / s2:1→1, 12→1 / s3:1→3, 12→2, s1:12→1 / s2:1→1, 12→1 / s3:1→3, 4→1, 12→1, s1:12→1 / s2:1→1, 12→2 / s3:1→2, 12→1, s1:12→1 / s2:1→1, 12→2 / s3:1→2, 12→1, s1:12→1 / s2:1→1, 12→2 / s3:1→2, 12→2, s1:12→1 / s2:1→1, 12→2 / s3:1→2, 12→2, s1:12→1 / s2:1→1, 12→2 / s3:1→3, 12→2, s1:12→1 / s2:1→1, 12→2 / s3:1→3, 12→2, s1:12→1 / s2:1→1, 4→1, 12→1 / s3:1→1, 12→1, s1:12→1 / s2:1→1, 4→1, 12→1 / s3:1→1, 12→1, s1:12→1 / s2:1→1, 4→1, 12→2 / s3:1→1, 12→1, s1:12→1 / s2:1→1 / s3:1→1, s1:12→1 / s2:1→1 / s3:1→1, 12→1, s1:12→1 / s2:1→1 / s3:1→1, 12→1, s1:12→1 / s2:1→1 / s3:1→1, 12→1, s1:12→1 / s2:1→1 / s3:1→1, 12→2, s1:12→1 / s2:1→1 / s3:1→1, 12→2, s1:12→1 / s2:1→1 / s3:1→1, 4→1, 12→1, s1:12→1 / s2:1→1 / s3:1→1, 4→1, 12→1, s1:12→1 / s2:1→1 / s3:1→1, 4→1, 12→2, s1:12→1 / s2:1→1 / s3:1→1, 4→1, 12→2, s1:12→1 / s2:1→1 / s3:1→1, 4→1, 12→2, s1:12→1 / s2:1→1 / s3:1→1, 4→1, 12→3, s1:12→1 / s2:1→1 / s3:1→1, 4→1, 12→3, s1:12→1 / s2:1→1 / s3:1→2, 12→1, s1:12→1 / s2:1→1 / s3:1→2, 12→1, s1:12→1 / s2:1→1 / s3:1→2, 12→1, s1:12→1 / s2:1→1 / s3:1→2, 12→2, s1:12→1 / s2:1→1 / s3:1→2, 12→2, s1:12→1 / s2:1→1 / s3:1→2, 12→2, s1:12→1 / s2:1→1 / s3:1→2, 12→3, s1:12→1 / s2:1→1 / s3:1→2, 12→3, s1:12→1 / s2:1→1 / s3:1→2, 4→1, 12→1, s1:12→1 / s2:1→1 / s3:1→2, 4→1, 12→2, s1:12→1 / s2:1→1 / s3:1→2, 4→1, 12→2, s1:12→1 / s2:1→1 / s3:1→2, 4→1, 12→2, s1:12→1 / s2:1→1 / s3:1→3, 12→2, s1:12→1 / s2:1→1 / s3:1→3, 12→2, s1:12→1 / s2:1→1 / s3:1→3, 12→2, s1:12→1 / s2:1→1 / s3:1→3, 4→1, 12→1, s1:12→1 / s2:1→2, 12→1 / s3:1→2, 12→1, s1:12→1 / s2:1→2, 12→1 / s3:1→2, 12→1, s1:12→1 / s2:1→2, 12→1 / s3:1→2, 12→2, s1:12→1 / s2:1→2, 12→1 / s3:1→2, 12→2, s1:12→1 / s2:1→2, 12→1 / s3:1→2, 12→2, s1:12→1 / s2:1→2, 12→1 / s3:1→2, 12→3, s1:12→1 / s2:1→2, 12→1 / s3:1→2, 12→3, s1:12→1 / s2:1→2, 12→1 / s3:1→2, 4→1, 12→2, s1:12→1 / s2:1→2, 12→1 / s3:1→3, 12→1, s1:12→1 / s2:1→2, 12→1 / s3:1→3, 12→1, s1:12→1 / s2:1→2, 12→1 / s3:1→3, 12→1, s1:12→1 / s2:1→2, 12→1 / s3:1→3, 12→2, s1:12→1 / s2:1→2, 12→1 / s3:1→3, 12→2, s1:12→1 / s2:1→2, 12→1 / s3:1→3, 12→2, s1:12→1 / s2:1→2, 12→1 / s3:1→3, 4→1, 12→1, s1:12→1 / s2:1→2, 12→1 / s3:1→3, 4→1, 12→1, s1:12→1 / s2:1→2, 12→1 / s3:1→4, 12→1, s1:12→1 / s2:1→2, 12→2 / s3:1→3, 12→1, s1:12→1 / s2:1→2, 12→2 / s3:1→3, 12→2, s1:12→1 / s2:1→2, 12→2 / s3:1→3, 12→2, s1:12→1 / s2:1→3, 12→1 / s3:1→3, 12→2, s1:12→1 / s2:1→3, 12→1 / s3:1→3, 12→2, s1:12→1 / s2:1→3, 12→2 / s3:1→3, 12→2, s1:12→1 / s2:4→1, s1:12→1 / s2:4→1, 12→1, s1:12→1 / s2:4→1, 12→1, s1:12→1 / s2:4→1, 12→1 / s3:12→1, s1:12→1 / s2:4→1, 12→1 / s3:12→1, s1:12→1 / s2:4→1, 12→1 / s3:1→1, s1:12→1 / s2:4→1, 12→2 / s3:12→1, s1:12→1 / s2:4→1, 12→2 / s3:12→1, s1:12→1 / s2:4→1, 12→2 / s3:1→1, 12→1, s1:12→1 / s2:4→1, 12→3 / s3:1→1, 12→1, s1:12→1 / s3:1→1, 4→1, 12→1, s1:12→1 / s3:1→1, 4→1, 12→1, s1:12→1 / s3:1→1, 4→1, 12→2, s1:12→1 / s3:1→1, 4→1, 12→2, s1:12→1 / s3:1→1, 4→1, 12→3, s1:12→1 / s3:1→2, 12→1, s1:12→1 / s3:1→2, 12→1, s1:12→1 / s3:1→2, 4→1, 12→1, s1:12→1 / s3:1→2, 4→1, 12→1, s1:12→1 / s3:1→2, 4→1, 12→2, s1:12→1 / s3:1→2, 4→1, 12→2, s1:12→1 / s3:1→3, 12→1, s1:12→1 / s3:1→3, 12→1, s1:12→1 / s3:1→3, 12→2, s1:12→1 / s3:1→3, 12→2, s1:12→1 / s3:1→3, 4→1, 12→1, s1:12→1 / s3:4→1, 12→2, s1:1→1, 12→1 / s2:12→1 / s3:12→1, s1:1→1, 12→1 / s2:12→1 / s3:1→1, s1:1→1, 12→1 / s2:12→1 / s3:1→1, s1:1→1, 12→1 / s2:12→1 / s3:1→1, 12→1, s1:1→1, 12→1 / s2:12→1 / s3:1→1, 12→1, s1:1→1, 12→1 / s2:12→1 / s3:1→1, 12→1, s1:1→1, 12→1 / s2:12→1 / s3:1→1, 12→2, s1:1→1, 12→1 / s2:12→1 / s3:1→1, 12→2, s1:1→1, 12→1 / s2:12→1 / s3:1→1, 12→2, s1:1→1, 12→1 / s2:12→1 / s3:1→1, 12→2, s1:1→1, 12→1 / s2:12→1 / s3:1→1, 12→3, s1:1→1, 12→1 / s2:12→1 / s3:1→1, 12→3, s1:1→1, 12→1 / s2:12→1 / s3:1→1, 4→1, 12→1, s1:1→1, 12→1 / s2:12→1 / s3:1→1, 4→1, 12→1, s1:1→1, 12→1 / s2:12→1 / s3:1→1, 4→1, 12→2, s1:1→1, 12→1 / s2:12→1 / s3:1→1, 4→1, 12→2, s1:1→1, 12→1 / s2:12→1 / s3:1→1, 4→1, 12→3, s1:1→1, 12→1 / s2:12→1 / s3:1→1, 4→1, 12→3, s1:1→1, 12→1 / s2:12→1 / s3:1→2, 12→1, s1:1→1, 12→1 / s2:12→1 / s3:1→2, 12→1, s1:1→1, 12→1 / s2:12→1 / s3:1→2, 12→2, s1:1→1, 12→1 / s2:12→1 / s3:1→2, 12→2, s1:1→1, 12→1 / s2:12→1 / s3:1→2, 12→2, s1:1→1, 12→1 / s2:12→1 / s3:1→2, 12→3, s1:1→1, 12→1 / s2:12→1 / s3:1→2, 12→3, s1:1→1, 12→1 / s2:12→1 / s3:1→2, 12→3, s1:1→1, 12→1 / s2:12→1 / s3:1→2, 4→1, 12→1, s1:1→1, 12→1 / s2:12→1 / s3:1→2, 4→1, 12→2, s1:1→1, 12→1 / s2:12→1 / s3:1→2, 4→1, 12→2, s1:1→1, 12→1 / s2:12→1 / s3:1→3, 12→1, s1:1→1, 12→1 / s2:12→1 / s3:1→3, 12→2, s1:1→1, 12→1 / s2:12→1 / s3:4→1, 12→2, s1:1→1, 12→1 / s2:12→1 / s3:4→1, 12→3, s1:1→1, 12→1 / s2:12→1 / s3:4→1, 12→4, s1:1→1, 12→1 / s2:12→2 / s3:1→1, 12→1, s1:1→1, 12→1 / s2:12→2 / s3:1→1, 12→1, s1:1→1, 12→1 / s2:12→2 / s3:1→1, 12→2, s1:1→1, 12→1 / s2:12→2 / s3:1→1, 12→2, s1:1→1, 12→1 / s2:12→2 / s3:1→2, 12→2, s1:1→1, 12→1 / s2:1→1, 12→1 / s3:1→1, 12→1, s1:1→1, 12→1 / s2:1→1, 12→1 / s3:1→1, 12→2, s1:1→1, 12→1 / s2:1→1, 12→1 / s3:1→1, 12→3, s1:1→1, 12→1 / s2:1→1, 12→1 / s3:1→1, 12→4, s1:1→1, 12→1 / s2:1→1, 12→1 / s3:1→2, s1:1→1, 12→1 / s2:1→1, 12→1 / s3:1→2, 12→1, s1:1→1, 12→1 / s2:1→1, 12→1 / s3:1→2, 12→2, s1:1→1, 12→1 / s2:1→1, 12→1 / s3:1→2, 12→2, s1:1→1, 12→1 / s2:1→1, 12→1 / s3:1→2, 12→3, s1:1→1, 12→1 / s2:1→1, 12→1 / s3:1→2, 4→1, 12→1, s1:1→1, 12→1 / s2:1→1, 12→1 / s3:1→2, 4→1, 12→2, s1:1→1, 12→1 / s2:1→1, 12→2 / s3:1→1, 12→2, s1:1→1, 12→1 / s2:1→1, 12→2 / s3:1→2, 12→1, s1:1→1, 12→1 / s2:1→1, 12→2 / s3:1→2, 12→2, s1:1→1, 12→1 / s2:1→1 / s3:1→1, 12→1, s1:1→1, 12→1 / s2:1→1 / s3:1→1, 12→2, s1:1→1, 12→1 / s2:1→1 / s3:1→1, 12→3, s1:1→1, 12→1 / s2:1→1 / s3:1→1, 4→1, 12→2, s1:1→1, 12→1 / s2:1→1 / s3:1→1, 4→1, 12→3, s1:1→1, 12→1 / s2:1→1 / s3:1→2, 12→1, s1:1→1, 12→1 / s2:1→1 / s3:1→2, 12→2, s1:1→1, 12→1 / s2:1→1 / s3:1→2, 12→3, s1:1→1, 12→1 / s2:1→1 / s3:1→2, 4→1, 12→2, s1:1→1, 12→1 / s2:4→1, 12→1, s1:1→1, 12→1 / s2:4→1, 12→1, s1:1→1, 12→1 / s2:4→1, 12→1 / s3:12→1, s1:1→1, 12→1 / s2:4→1, 12→1 / s3:12→1, s1:1→1, 12→1 / s2:4→1, 12→2, s1:1→1, 12→1 / s2:4→1, 12→2, s1:1→1, 12→1 / s2:4→1, 12→2 / s3:12→1, s1:1→1, 12→1 / s2:4→1, 12→2 / s3:12→1, s1:1→1, 12→1 / s2:4→1, 12→3, s1:1→1, 12→1 / s2:4→1, 12→3 / s3:12→1, s1:1→1, 12→1 / s2:4→1, 12→3 / s3:12→1, s1:1→1, 12→1 / s2:4→1, 12→4 / s3:12→1, s1:1→1, 12→1 / s2:4→1, 12→4 / s3:12→1, s1:1→1, 12→1 / s3:12→1, s1:1→1, 12→1 / s3:12→2, s1:1→1, 12→1 / s3:1→1, s1:1→1, 12→1 / s3:1→1, s1:1→1, 12→1 / s3:1→1, 12→1, s1:1→1, 12→1 / s3:1→1, 12→1, s1:1→1, 12→1 / s3:1→1, 12→1, s1:1→1, 12→1 / s3:1→1, 12→2, s1:1→1, 12→1 / s3:1→1, 12→2, s1:1→1, 12→1 / s3:1→1, 12→3, s1:1→1, 12→1 / s3:1→1, 12→4, s1:1→1, 12→1 / s3:1→1, 4→1, s1:1→1, 12→1 / s3:1→1, 4→1, 12→1, s1:1→1, 12→1 / s3:1→1, 4→1, 12→1, s1:1→1, 12→1 / s3:1→1, 4→1, 12→2, s1:1→1, 12→1 / s3:1→1, 4→1, 12→2, s1:1→1, 12→1 / s3:1→1, 4→1, 12→2, s1:1→1, 12→1 / s3:1→1, 4→1, 12→3, s1:1→1, 12→1 / s3:1→1, 4→1, 12→3, s1:1→1, 12→1 / s3:1→1, 4→1, 12→3, s1:1→1, 12→1 / s3:1→2, s1:1→1, 12→1 / s3:1→2, 12→1, s1:1→1, 12→1 / s3:1→2, 12→1, s1:1→1, 12→1 / s3:1→2, 12→2, s1:1→1, 12→1 / s3:1→2, 12→2, s1:1→1, 12→1 / s3:1→2, 12→2, s1:1→1, 12→1 / s3:1→2, 12→3, s1:1→1, 12→1 / s3:1→2, 12→3, s1:1→1, 12→1 / s3:1→2, 12→3, s1:1→1, 12→1 / s3:1→2, 4→1, 12→1, s1:1→1, 12→1 / s3:1→2, 4→1, 12→1, s1:1→1, 12→1 / s3:1→2, 4→1, 12→2, s1:1→1, 12→1 / s3:1→2, 4→1, 12→2, s1:1→1, 12→1 / s3:1→2, 4→1, 12→2, s1:1→1, 12→1 / s3:1→3, 12→1, s1:1→1, 12→1 / s3:1→3, 12→2, s1:1→1, 12→1 / s3:1→3, 12→2, s1:1→1, 12→1 / s3:1→3, 4→1, 12→1, s1:1→1, 12→1 / s3:1→4, 12→1, s1:1→1, 12→1 / s3:4→1, 12→2, s1:1→1, 12→1 / s3:4→1, 12→3, s1:1→1, 12→1 / s3:4→1, 12→4, s1:1→1, 12→2 / s2:12→1 / s3:1→1, s1:1→1, 12→2 / s2:12→1 / s3:1→1, s1:1→1, 12→2 / s2:12→1 / s3:1→1, 12→1, s1:1→1, 12→2 / s2:12→1 / s3:1→2, 12→1, s1:1→1, 12→2 / s2:1→1, 12→1 / s3:1→2, 12→1, s1:1→1, 12→2 / s2:1→1 / s3:1→1, 12→1, s1:1→1, 12→2 / s2:1→1 / s3:1→1, 12→2, s1:1→1, 12→2 / s2:1→1 / s3:1→2, 12→2, s1:1→1, 12→2 / s2:1→1 / s3:1→2, 12→3, s1:1→1, 12→2 / s3:12→1, s1:1→1, 12→2 / s3:1→1, 12→2, s1:1→1, 12→2 / s3:1→1, 12→3, s1:1→1, 12→2 / s3:1→2, 12→3, s1:1→1, 12→2 / s3:4→1, 12→4, s1:1→1 / s2:12→1 / s3:12→1, s1:1→1 / s2:12→1 / s3:1→1, s1:1→1 / s2:12→1 / s3:1→1, 12→1, s1:1→1 / s2:12→1 / s3:1→1, 12→1, s1:1→1 / s2:12→1 / s3:1→1, 12→1, s1:1→1 / s2:12→1 / s3:1→1, 12→2, s1:1→1 / s2:12→1 / s3:1→1, 12→2, s1:1→1 / s2:12→1 / s3:1→1, 12→2, s1:1→1 / s2:12→1 / s3:1→1, 12→2, s1:1→1 / s2:12→1 / s3:1→1, 12→3, s1:1→1 / s2:12→1 / s3:1→1, 12→3, s1:1→1 / s2:12→1 / s3:1→1, 4→1, 12→1, s1:1→1 / s2:12→1 / s3:1→1, 4→1, 12→2, s1:1→1 / s2:12→1 / s3:1→1, 4→1, 12→2, s1:1→1 / s2:12→1 / s3:1→1, 4→1, 12→2, s1:1→1 / s2:12→1 / s3:1→1, 4→1, 12→3, s1:1→1 / s2:12→1 / s3:1→1, 4→1, 12→3, s1:1→1 / s2:12→1 / s3:1→1, 4→1, 12→3, s1:1→1 / s2:12→1 / s3:1→1, 4→1, 12→3, s1:1→1 / s2:12→1 / s3:1→2, 12→1, s1:1→1 / s2:12→1 / s3:1→2, 12→2, s1:1→1 / s2:12→1 / s3:1→2, 12→2, s1:1→1 / s2:12→1 / s3:1→2, 12→2, s1:1→1 / s2:12→1 / s3:1→2, 12→3, s1:1→1 / s2:12→1 / s3:1→2, 12→3, s1:1→1 / s2:12→1 / s3:1→2, 12→3, s1:1→1 / s2:12→1 / s3:1→2, 12→3, s1:1→1 / s2:12→1 / s3:1→2, 4→1, 12→2, s1:1→1 / s2:12→1 / s3:1→2, 4→1, 12→2, s1:1→1 / s2:12→1 / s3:1→3, 12→2, s1:1→1 / s2:12→1 / s3:4→1, 12→2, s1:1→1 / s2:12→1 / s3:4→1, 12→2, s1:1→1 / s2:12→1 / s3:4→1, 12→3, s1:1→1 / s2:12→1 / s3:4→1, 12→3, s1:1→1 / s2:12→1 / s3:4→1, 12→4, s1:1→1 / s2:12→1 / s3:4→1, 12→4, s1:1→1 / s2:1→1, 12→1 / s3:1→1, 12→2, s1:1→1 / s2:1→1, 12→1 / s3:1→1, 12→3, s1:1→1 / s2:1→1, 12→1 / s3:1→1, 4→1, 12→3, s1:1→1 / s2:1→1, 12→1 / s3:1→2, 12→1, s1:1→1 / s2:1→1, 12→1 / s3:1→2, 12→3, s1:1→1 / s2:1→1, 12→1 / s3:1→2, 4→1, 12→1, s1:1→1 / s2:1→1, 12→2 / s3:1→1, 12→3, s1:1→1 / s2:1→1, 12→2 / s3:1→1, 12→4, s1:1→1 / s2:1→1, 12→2 / s3:1→2, 12→1, s1:1→1 / s2:1→1, 12→2 / s3:1→2, 12→2, s1:1→1 / s2:1→1, 12→2 / s3:1→2, 12→3, s1:1→1 / s2:1→1, 12→2 / s3:1→2, 4→1, 12→2, s1:1→1 / s2:1→1, 12→3 / s3:1→2, 12→2, s1:1→1 / s2:1→1, 12→3 / s3:1→2, 12→3, s1:1→1 / s2:1→1 / s3:1→1, 12→1, s1:1→1 / s2:1→1 / s3:1→1, 12→2, s1:1→1 / s2:1→1 / s3:1→1, 4→1, 12→2, s1:1→1 / s2:1→1 / s3:1→2, 12→2, s1:1→1 / s2:1→1 / s3:1→2, 12→3, s1:1→1 / s2:1→1 / s3:1→2, 4→1, 12→2, s1:1→1 / s2:4→1, 12→1 / s3:12→1, s1:1→1 / s2:4→1, 12→1 / s3:12→1, s1:1→1 / s2:4→1, 12→2 / s3:12→1, s1:1→1 / s2:4→1, 12→2 / s3:12→1, s1:1→1 / s2:4→1, 12→3 / s3:12→1, s1:1→1 / s2:4→1, 12→4 / s3:12→1, s1:1→1 / s3:1→1, 12→2, s1:1→1 / s3:1→1, 12→3, s1:1→1 / s3:1→1, 4→1, 12→2, s1:1→1 / s3:1→1, 4→1, 12→3, s1:1→1 / s3:1→2, 12→3, s1:1→1 / s3:4→1, 12→2, s1:1→1 / s3:4→1, 12→3, s1:1→1 / s3:4→1, 12→4, s1:1→2, 12→1 / s2:12→1 / s3:1→1, s1:1→2, 12→1 / s2:12→1 / s3:1→1, 12→1, s1:1→2, 12→1 / s3:1→1, s1:1→2, 12→2, s1:1→2, 12→2 / s2:12→1 / s3:1→1, s1:1→2, 12→2 / s2:12→1 / s3:1→1, 12→1, s1:1→2, 12→2 / s3:12→1, s1:1→2, 12→2 / s3:1→1, s1:1→2, 12→2 / s3:1→1, 12→1, s1:1→2, 12→2 / s3:1→1, 12→1, s1:1→2, 12→2 / s3:1→1, 12→2, s1:1→2, 12→2 / s3:1→1, 12→3, s1:1→2, 12→3, s1:1→2, 12→3 / s2:12→1 / s3:1→1, s1:1→2, 12→3 / s3:12→1, s1:1→2, 12→3 / s3:1→1, 12→1, s1:1→3, 12→2}"	"{s2:2→1 / s3:11→1, s2:2→1 / s3:13→1, s2:2→1 / s3:11→1, s2:2→1 / s3:13→1, s2:2→1 / s3:11→1, s2:2→1 / s3:11→1, s2:2→1 / s3:13→1, s2:2→1 / s3:11→1, s2:2→1 / s3:13→1, s2:2→1 / s3:11→1, s2:2→1 / s3:13→1, s2:2→1 / s3:11→1, s2:2→1 / s3:13→1, s2:2→1 / s3:11→1, s2:2→1 / s3:13→1, s2:2→1 / s3:11→1, s2:2→1 / s3:13→1, s2:13→1 / s3:2→1, s2:11→1 / s3:2→1, s2:13→1 / s3:2→1, s2:13→1 / s3:13→1, s2:13→1 / s3:13→1, s2:2→1 / s3:11→1, s2:2→1 / s3:13→1, s2:13→1 / s3:13→1, s2:13→1 / s3:2→1, s2:11→1 / s3:2→1, s2:13→1 / s3:2→1, s2:2→1 / s3:11→1, s2:2→1 / s3:13→1, s2:2→1 / s3:11→1, s2:2→1 / s3:13→1, s2:2→1 / s3:11→1, s2:2→1 / s3:13→1, s2:13→1 / s3:13→1, s2:2→1 / s3:11→1, s2:2→1 / s3:13→1, s2:2→1 / s3:11→1, s2:2→1 / s3:11→1, s2:2→1 / s3:13→1, s2:2→1 / s3:11→1, s2:2→1 / s3:13→1, s2:2→1 / s3:11→1, s2:2→1 / s3:13→1, s2:11→1 / s3:2→1, s2:13→1 / s3:2→1, s2:13→1 / s3:2→1, s2:13→1 / s3:13→1, s2:11→1 / s3:2→1, s2:13→1 / s3:13→1, s2:13→1 / s3:2→1, s2:11→1 / s3:2→1, s2:13→1 / s3:2→1, s2:13→1 / s3:13→1, s2:13→1 / s3:2→1, s2:11→1 / s3:2→1, s2:13→1 / s3:13→1, s2:13→1 / s3:2→1, s2:11→1 / s3:2→1, s2:13→1 / s3:2→1, s2:11→1 / s3:2→1, s2:13→1 / s3:13→1, s2:13→1 / s3:2→1, s2:11→1 / s3:2→1, s2:13→1 / s3:13→1, s2:13→1 / s3:2→1, s2:11→1 / s3:2→1, s2:13→1 / s3:2→1, s2:13→1 / s3:13→1, s2:11→1 / s3:2→1, s2:13→1 / s3:13→1, s2:13→1 / s3:2→1, s2:11→1 / s3:2→1, s2:13→1 / s3:13→1, s2:13→1 / s3:2→1, s2:13→1 / s3:13→1, s2:13→1 / s3:13→1, s2:13→1 / s3:2→1, s2:11→1 / s3:2→1, s2:13→1 / s3:13→1, s2:13→1 / s3:2→1, s2:11→1 / s3:2→1, s2:13→1 / s3:2→1, s2:13→1 / s3:13→1, s2:13→1 / s3:13→1, s2:2→1 / s3:11→1, s2:2→1 / s3:13→1, s2:11→1 / s3:2→1, s2:13→1 / s3:13→1, s2:13→1 / s3:2→1, s2:2→1 / s3:11→1, s2:2→1 / s3:13→1, s2:2→1 / s3:11→1, s2:2→1 / s3:11→1, s2:2→1 / s3:11→1, s2:2→1 / s3:13→1, s2:11→1 / s3:2→1, s2:13→1 / s3:2→1, s2:13→1 / s3:2→1, s2:11→1 / s3:2→1, s2:11→1 / s3:2→1, s2:13→1 / s3:2→1, s2:11→1 / s3:2→1, s2:13→1 / s3:2→1, s2:2→1 / s3:13→1, s2:11→1 / s3:2→1, s2:13→1 / s3:2→1, s2:13→1 / s3:13→1, s2:2→1 / s3:13→1, s2:2→1 / s3:11→1, s2:2→1 / s3:13→1, s2:2→1 / s3:11→1, s2:2→1 / s3:13→1, s2:11→1 / s3:2→1, s2:2→1 / s3:11→1, s2:2→1 / s3:13→1, s2:2→1 / s3:11→1, s2:2→1 / s3:13→1, s2:2→1 / s3:11→1, s2:2→1 / s3:13→1, s2:2→1 / s3:11→1, s2:2→1 / s3:13→1, s2:2→1 / s3:11→1, s2:2→1 / s3:13→1, s2:2→1 / s3:11→1, s2:11→1 / s3:2→1, s2:13→1 / s3:2→1, s2:2→1 / s3:11→1, s2:2→1 / s3:13→1, s2:13→1 / s3:13→1, s2:2→1 / s3:11→1, s2:2→1 / s3:13→1, s2:13→1 / s3:13→1, s2:13→1 / s3:2→1, s2:2→1 / s3:11→1, s2:2→1 / s3:13→1, s2:13→1 / s3:2→1, s2:2→1 / s3:13→1, s2:2→1 / s3:11→1, s2:2→1 / s3:13→1, s2:2→1 / s3:11→1, s2:2→1 / s3:13→1, s2:2→1 / s3:11→1, s2:2→1 / s3:13→1, s2:2→1 / s3:11→1, s2:2→1 / s3:13→1, s2:13→1 / s3:13→1, s2:2→1 / s3:11→1, s2:2→1 / s3:13→1, s2:13→1 / s3:2→1, s2:2→1 / s3:11→1, s2:2→1 / s3:13→1, s2:2→1 / s3:11→1, s2:2→1 / s3:11→1, s2:2→1 / s3:13→1, s2:2→1 / s3:11→1, s2:2→1 / s3:11→1, s2:13→1 / s3:13→1, s2:13→1 / s3:2→1, s2:13→1 / s3:2→1, s2:2→1 / s3:11→1, s2:2→1 / s3:13→1, s2:2→1 / s3:11→1, s2:2→1 / s3:13→1, s2:2→1 / s3:11→1, s2:11→1 / s3:2→1, s2:11→1 / s3:2→1, s2:11→1 / s3:2→1, s2:11→1 / s3:2→1, s2:2→1 / s3:11→1, s2:2→1 / s3:11→1, s2:11→1 / s3:2→1, s2:2→1 / s3:11→1, s2:11→1 / s3:2→1, s2:2→1 / s3:11→1, s2:2→1 / s3:11→1, s2:11→1 / s3:2→1, s2:2→1 / s3:11→1, s2:2→1 / s3:11→1, s2:11→1 / s3:2→1, s2:11→1 / s3:2→1, s2:11→1 / s3:2→1, s2:11→1 / s3:2→1, s2:11→1 / s3:2→1, s2:11→1 / s3:2→1, s2:11→1 / s3:2→1, s2:11→1 / s3:2→1, s2:11→1 / s3:2→1, s2:11→1 / s3:2→1, s2:13→1 / s3:2→1, s2:11→1 / s3:2→1, s2:13→1 / s3:2→1, s2:11→1 / s3:2→1, s2:13→1 / s3:2→1, s2:11→1 / s3:2→1, s2:13→1 / s3:2→1, s2:13→1 / s3:2→1, s2:11→1 / s3:2→1, s2:13→1 / s3:2→1, s2:11→1 / s3:2→1, s2:13→1 / s3:2→1, s2:11→1 / s3:2→1, s2:11→1 / s3:2→1, s2:2→1 / s3:11→1, s2:2→1 / s3:13→1, s2:11→1 / s3:2→1, s2:2→1 / s3:11→1, s2:2→1 / s3:13→1, s2:11→1 / s3:2→1, s2:2→1 / s3:13→1, s2:11→1 / s3:2→1, s2:11→1 / s3:2→1, s2:2→1 / s3:11→1, s2:2→1 / s3:11→1, s2:2→1 / s3:13→1, s2:11→1 / s3:2→1, s2:2→1 / s3:11→1, s2:2→1 / s3:13→1, s2:11→1 / s3:2→1, s2:2→1 / s3:11→1, s2:2→1 / s3:13→1, s2:2→1 / s3:11→1, s2:2→1 / s3:11→1, s2:2→1 / s3:13→1, s2:11→1 / s3:2→1, s2:2→1 / s3:11→1, s2:2→1 / s3:13→1, s2:11→1 / s3:2→1, s2:2→1 / s3:11→1, s2:2→1 / s3:13→1, s2:2→1 / s3:11→1, s2:2→1 / s3:13→1, s2:11→1 / s3:2→1, s2:2→1 / s3:11→1, s2:2→1 / s3:13→1, s2:2→1 / s3:11→1, s2:11→1 / s3:2→1, s2:2→1 / s3:11→1, s2:2→1 / s3:11→1, s2:2→1 / s3:11→1, s2:11→1 / s3:2→1, s2:11→1 / s3:2→1, s2:11→1 / s3:2→1, s2:2→1 / s3:11→1, s2:2→1 / s3:13→1, s2:2→1 / s3:11→1, s2:2→1 / s3:11→1, s2:2→1 / s3:11→1, s2:11→1 / s3:2→1, s2:11→1 / s3:2→1, s2:11→1 / s3:2→1, s2:11→1 / s3:2→1, s2:11→1 / s3:2→1, s2:11→1 / s3:2→1, s2:11→1 / s3:2→1, s2:11→1 / s3:2→1, s2:11→1 / s3:2→1, s2:13→1 / s3:13→1, s2:2→1 / s3:11→1, s2:13→1 / s3:13→1, s2:2→1 / s3:11→1, s2:2→1 / s3:13→1, s2:13→1 / s3:13→1, s2:13→1 / s3:2→1, s2:2→1 / s3:11→1, s2:2→1 / s3:13→1, s2:13→1 / s3:2→1, s2:2→1 / s3:13→1, s2:2→1 / s3:11→1, s2:13→1 / s3:13→1, s2:2→1 / s3:11→1, s2:2→1 / s3:13→1, s2:13→1 / s3:13→1, s2:13→1 / s3:2→1, s2:2→1 / s3:11→1, s2:2→1 / s3:13→1, s2:2→1 / s3:11→1, s2:13→1 / s3:13→1, s2:2→1 / s3:11→1, s2:2→1 / s3:13→1, s2:13→1 / s3:13→1, s2:13→1 / s3:2→1, s2:2→1 / s3:11→1, s2:2→1 / s3:13→1, s2:2→1 / s3:11→1, s2:2→1 / s3:13→1, s2:2→1 / s3:11→1, s2:13→1 / s3:13→1, s2:13→1 / s3:2→1, s2:13→1 / s3:13→1, s2:13→1 / s3:2→1, s2:13→1 / s3:13→1, s2:13→1 / s3:2→1, s2:11→1 / s3:2→1, s2:11→1 / s3:2→1, s2:11→1 / s3:2→1, s2:2→1 / s3:11→1, s2:11→1 / s3:2→1, s2:2→1 / s3:11→1, s2:11→1 / s3:2→1, s2:11→1 / s3:2→1, s2:2→1 / s3:11→1, s2:2→1 / s3:11→1, s2:2→1 / s3:11→1, s2:2→1 / s3:11→1, s2:2→1 / s3:11→1, s2:2→1 / s3:11→1, s2:11→1 / s3:2→1, s2:11→1 / s3:2→1, s2:11→1 / s3:2→1, s2:11→1 / s3:2→1, s2:11→1 / s3:2→1, s2:11→1 / s3:2→1, s2:11→1 / s3:2→1, s2:13→1 / s3:2→1, s2:11→1 / s3:2→1, s2:13→1 / s3:2→1, s2:13→1 / s3:2→1, s2:13→1 / s3:2→1, s2:11→1 / s3:2→1, s2:11→1 / s3:2→1, s2:11→1 / s3:2→1, s2:11→1 / s3:2→1, s2:11→1 / s3:2→1, s2:11→1 / s3:2→1, s2:11→1 / s3:2→1, s2:11→1 / s3:2→1, s2:2→1 / s3:11→1, s2:2→1 / s3:11→1, s2:2→1 / s3:11→1, s2:11→1 / s3:2→1, s2:2→1 / s3:11→1, s2:2→1 / s3:11→1, s2:11→1 / s3:2→1, s2:2→1 / s3:11→1, s2:11→1 / s3:2→1, s2:2→1 / s3:11→1, s2:11→1 / s3:2→1, s2:11→1 / s3:2→1, s2:11→1 / s3:2→1, s2:2→1 / s3:11→1, s2:11→1 / s3:2→1, s2:2→1 / s3:11→1, s2:11→1 / s3:2→1}"
12	82	16	183	2	1	0	0	0	0	0	0	"{s1:12→1 / s2:1→1, 12→1 / s3:1→1, s1:12→1 / s2:1→1, 12→1 / s3:1→1, 12→1, s1:12→1 / s2:1→1, 12→1 / s3:1→2, 12→1, s1:12→1 / s2:1→1 / s3:1→1, 4→1, s1:12→1 / s2:1→1 / s3:1→1, 4→1, 12→1, s1:12→1 / s2:1→1 / s3:1→1, 4→1, 12→1, s1:12→1 / s2:1→1 / s3:1→1, 4→1, 12→2, s1:12→1 / s2:1→1 / s3:1→1, 4→1, 12→2, s1:12→1 / s2:1→1 / s3:1→2, 12→1, s1:12→1 / s2:1→1 / s3:1→2, 12→1, s1:12→1 / s2:1→1 / s3:1→2, 12→2, s1:12→1 / s2:1→1 / s3:1→2, 4→1, 12→1, s1:12→1 / s2:1→1 / s3:1→2, 4→1, 12→1, s1:12→1 / s2:1→1 / s3:1→2, 4→1, 12→2, s1:12→1 / s2:1→1 / s3:1→2, 4→1, 12→2, s1:12→1 / s2:1→1 / s3:1→3, 12→1, s1:12→1 / s2:1→1 / s3:1→3, 12→1, s1:12→1 / s2:1→1 / s3:1→3, 12→2, s1:12→1 / s2:1→1 / s3:1→3, 12→2, s1:12→1 / s2:1→1 / s3:1→3, 4→1, 12→1, s1:12→1 / s2:1→2, 12→1 / s3:1→2, 12→1, s1:12→1 / s2:1→2, 12→1 / s3:1→3, 12→1, s1:12→1 / s2:1→2 / s3:1→3, 4→1, 12→1, s1:12→1 / s2:1→3, 12→1 / s3:1→3, 12→1, s1:12→1 / s2:1→3, 12→1 / s3:1→4, 12→1, s1:12→1 / s3:1→1, 4→1, 12→2, s1:12→1 / s3:4→1, 12→1, s1:1→1, 12→1 / s2:12→1, s1:1→1, 12→1 / s2:12→1 / s3:1→1, s1:1→1, 12→1 / s2:12→1 / s3:1→1, 12→1, s1:1→1, 12→1 / s2:12→1 / s3:1→2, 12→1, s1:1→1, 12→1 / s2:1→1, 12→1 / s3:1→1, s1:1→1, 12→1 / s2:1→1, 12→1 / s3:1→1, 12→1, s1:1→1, 12→1 / s2:1→1, 12→2 / s3:1→1, s1:1→1, 12→1 / s2:1→1 / s3:1→1, s1:1→1, 12→1 / s2:1→1 / s3:1→1, 4→1, 12→1, s1:1→1, 12→1 / s2:1→1 / s3:1→1, 4→1, 12→2, s1:1→1, 12→1 / s2:1→1 / s3:1→1, 4→1, 12→3, s1:1→1, 12→1 / s3:1→1, 12→1, s1:1→1, 12→1 / s3:1→1, 12→2, s1:1→1, 12→1 / s3:1→1, 12→3, s1:1→1, 12→1 / s3:1→1, 4→1, 12→1, s1:1→1, 12→1 / s3:1→1, 4→1, 12→2, s1:1→1, 12→1 / s3:1→1, 4→1, 12→3, s1:1→1, 12→1 / s3:1→2, 12→1, s1:1→1, 12→1 / s3:1→2, 12→2, s1:1→1, 12→1 / s3:1→2, 12→3, s1:1→1, 12→1 / s3:1→2, 4→1, 12→2, s1:1→1, 12→1 / s3:1→3, 12→2, s1:1→1, 12→1 / s3:4→1, 12→1, s1:1→1, 12→1 / s3:4→1, 12→2, s1:1→1, 12→1 / s3:4→1, 12→3, s1:1→1, 12→1 / s3:4→1, 12→4, s1:1→1, 12→2 / s2:1→1 / s3:1→1, s1:1→1 / s2:12→1 / s3:1→1, s1:1→1 / s2:12→1 / s3:1→1, 12→1, s1:1→1 / s2:12→1 / s3:1→1, 12→2, s1:1→1 / s2:12→1 / s3:1→1, 4→1, 12→1, s1:1→1 / s2:12→1 / s3:1→1, 4→1, 12→2, s1:1→1 / s2:12→1 / s3:1→1, 4→1, 12→3, s1:1→1 / s2:12→1 / s3:1→2, 12→1, s1:1→1 / s2:12→1 / s3:1→2, 12→2, s1:1→1 / s2:12→1 / s3:1→2, 12→3, s1:1→1 / s2:12→1 / s3:1→2, 4→1, 12→2, s1:1→1 / s2:12→1 / s3:1→3, 12→2, s1:1→1 / s2:12→1 / s3:4→1, 12→1, s1:1→1 / s2:12→1 / s3:4→1, 12→2, s1:1→1 / s2:12→1 / s3:4→1, 12→3, s1:1→1 / s2:1→1, 12→1 / s3:1→1, s1:1→1 / s2:1→1, 12→1 / s3:1→1, 12→1, s1:1→1 / s2:1→1, 12→1 / s3:1→1, 4→1, 12→3, s1:1→1 / s2:1→1, 12→2 / s3:1→1, s1:1→1 / s2:1→1, 12→2 / s3:1→1, 12→1, s1:1→1 / s2:1→1, 12→2 / s3:1→1, 12→2, s1:1→1 / s2:1→1, 12→3 / s3:1→1, 12→1, s1:1→1 / s2:1→1, 12→3 / s3:1→1, 12→2, s1:1→1 / s2:1→1 / s3:1→1, 4→1, 12→1, s1:1→1 / s2:1→1 / s3:1→1, 4→1, 12→2, s1:1→1 / s3:1→1, 12→2, s1:1→1 / s3:1→1, 12→3, s1:1→1 / s3:1→1, 4→1, 12→2, s1:1→1 / s3:1→1, 4→1, 12→3, s1:1→1 / s3:1→2, 12→3, s1:1→1 / s3:4→1, 12→1, s1:1→1 / s3:4→1, 12→2, s1:1→1 / s3:4→1, 12→3, s1:1→1 / s3:4→1, 12→4}"	"{s2:13→1 / s3:11→1, s2:13→1 / s3:11→1, s2:13→1 / s3:11→1, s2:13→1 / s3:11→1, s2:11→1 / s3:13→1, s2:13→1 / s3:11→1, s2:11→1 / s3:13→1, s2:13→1 / s3:11→1, s2:11→1 / s3:13→1, s2:13→1 / s3:11→1, s2:11→1 / s3:13→1, s2:11→1 / s3:13→1, s2:13→1 / s3:11→1, s2:11→1 / s3:13→1, s2:13→1 / s3:11→1, s2:11→1 / s3:13→1, s2:13→1 / s3:11→1, s2:11→1 / s3:13→1, s2:13→1 / s3:11→1, s2:13→1 / s3:11→1, s2:13→1 / s3:11→1, s2:13→1 / s3:11→1, s2:11→1 / s3:13→1, s2:13→1 / s3:11→1, s2:13→1 / s3:11→1, s2:11→1 / s3:13→1, s2:11→1 / s3:13→1, s2:13→1 / s3:11→1, s2:13→1 / s3:11→1, s2:13→1 / s3:11→1, s2:13→1 / s3:11→1, s2:13→1 / s3:11→1, s2:13→1 / s3:11→1, s2:13→1 / s3:11→1, s2:13→1 / s3:11→1, s2:11→1 / s3:13→1, s2:11→1 / s3:13→1, s2:11→1 / s3:13→1, s2:11→1 / s3:13→1, s2:11→1 / s3:13→1, s2:11→1 / s3:13→1, s2:11→1 / s3:13→1, s2:11→1 / s3:13→1, s2:11→1 / s3:13→1, s2:11→1 / s3:13→1, s2:11→1 / s3:13→1, s2:11→1 / s3:13→1, s2:11→1 / s3:13→1, s2:11→1 / s3:13→1, s2:11→1 / s3:13→1, s2:11→1 / s3:13→1, s2:11→1 / s3:13→1, s2:11→1 / s3:13→1, s2:13→1 / s3:11→1, s2:13→1 / s3:11→1, s2:13→1 / s3:11→1, s2:13→1 / s3:11→1, s2:13→1 / s3:11→1, s2:13→1 / s3:11→1, s2:13→1 / s3:11→1, s2:13→1 / s3:11→1, s2:13→1 / s3:11→1, s2:13→1 / s3:11→1, s2:13→1 / s3:11→1, s2:13→1 / s3:11→1, s2:13→1 / s3:11→1, s2:13→1 / s3:11→1, s2:13→1 / s3:11→1, s2:13→1 / s3:11→1, s2:13→1 / s3:11→1, s2:11→1 / s3:13→1, s2:13→1 / s3:11→1, s2:13→1 / s3:11→1, s2:13→1 / s3:11→1, s2:13→1 / s3:11→1, s2:13→1 / s3:11→1, s2:11→1 / s3:13→1, s2:11→1 / s3:13→1, s2:11→1 / s3:13→1, s2:11→1 / s3:13→1, s2:11→1 / s3:13→1, s2:11→1 / s3:13→1, s2:11→1 / s3:13→1, s2:11→1 / s3:13→1, s2:11→1 / s3:13→1, s2:11→1 / s3:13→1, s2:11→1 / s3:13→1}"
12	82	17	131	1	1	0	1	0	0	0	0	"s1:12→1 / s2:1→1"	"s3:2→1"
12	82	17	132	1	1	0	1	0	0	0	0	"{s1:12→1 / s2:1→1 / s3:1→1, s1:12→1 / s2:1→1 / s3:1→1, 4→1, s1:12→1 / s2:1→1 / s3:1→2, 4→1, s1:12→1 / s2:1→1 / s3:1→3, 4→1, s1:12→1 / s2:1→1 / s3:4→1, s1:1→1 / s2:12→1, s1:1→1 / s2:12→1 / s3:4→1, 12→1, s1:1→1 / s2:12→1 / s3:4→1, 12→1, s1:1→1 / s2:12→1 / s3:4→1, 12→2, s1:1→1 / s2:12→1 / s3:4→1, 12→2, s1:1→1 / s2:12→1 / s3:4→1, 12→3, s1:1→1 / s2:12→1 / s3:4→1, 12→3, s1:1→1 / s2:12→1 / s3:4→1, 12→4, s1:1→1 / s2:12→1 / s3:4→1, 12→4}"	"{s3:11→1, s3:11→1, s3:11→1, s3:11→1, s3:11→1, s3:11→1, s3:11→1, s3:14→1, s3:11→1, s3:14→1, s3:11→1, s3:14→1, s3:11→1, s3:14→1}"
12	82	17	135	1	0	2	0	0	0	0	0	"{s1:12→1 / s2:1→1, s1:12→1 / s2:1→1 / s3:12→1, s1:12→1 / s2:1→1 / s3:4→1, 12→1, s1:12→1 / s2:1→1 / s3:4→1, 12→2, s1:12→1 / s2:1→1 / s3:4→1, 12→3}"	"{s3:2→1, s3:2→1, s3:2→1, s3:2→1, s3:2→1}"
12	82	17	136	1	0	2	0	0	0	0	0	"{s1:12→1 / s2:1→1, s1:12→1 / s2:1→1 / s3:1→1, s1:12→1 / s2:1→1 / s3:1→1, 12→1, s1:12→1 / s2:1→1 / s3:1→1, 4→1, s1:12→1 / s2:1→1 / s3:1→1, 4→1, 12→1, s1:12→1 / s2:1→1 / s3:4→1, s1:12→1 / s2:1→1 / s3:4→1, 12→1}"	"{s3:11→1, s3:11→1, s3:11→1, s3:11→1, s3:11→1, s3:11→1, s3:11→1}"
12	82	17	138	2	0	0	1	0	0	0	0	"{s1:12→1 / s2:1→1 / s3:1→2, s1:12→1 / s2:1→1 / s3:1→3, 4→1, s1:12→1 / s2:4→1, s1:12→1 / s3:1→1, s1:12→1 / s3:1→1, 4→1, s1:12→1 / s3:1→2, s1:12→1 / s3:1→2, 4→1, s1:12→1 / s3:1→3, s1:12→1 / s3:1→3, 4→1, s1:12→1 / s3:1→4, 4→1}"	"{s2:2→1 / s3:11→1, s2:2→1 / s3:11→1, s2:11→1 / s3:2→1, s2:2→1 / s3:11→1, s2:2→1 / s3:11→1, s2:2→1 / s3:11→1, s2:2→1 / s3:11→1, s2:2→1 / s3:11→1, s2:2→1 / s3:11→1, s2:2→1 / s3:11→1}"
12	82	17	149	0	2	1	0	0	0	0	0	"{s1:12→1 / s2:1→1 / s3:1→1, 12→1, s1:12→1 / s2:1→1 / s3:1→2, 12→1}"	""
12	82	17	155	1	1	1	0	0	0	0	0	"{s1:12→1 / s2:1→1, 12→1, s1:12→1 / s2:1→1 / s3:12→1, s1:12→1 / s2:1→1 / s3:1→1, 12→1, s1:12→1 / s2:1→1 / s3:1→1, 12→2, s1:12→1 / s2:1→1 / s3:1→1, 4→1, 12→1, s1:12→1 / s2:1→1 / s3:1→1, 4→1, 12→2, s1:12→1 / s2:1→1 / s3:1→1, 4→1, 12→3, s1:12→1 / s2:1→1 / s3:1→2, 12→1, s1:12→1 / s2:1→1 / s3:1→2, 12→2, s1:12→1 / s2:1→1 / s3:1→2, 12→3, s1:12→1 / s2:1→1 / s3:1→2, 4→1, 12→1, s1:12→1 / s2:1→1 / s3:1→2, 4→1, 12→2, s1:12→1 / s2:1→1 / s3:1→3, 12→2, s1:12→1 / s2:1→1 / s3:1→3, 4→1, 12→1, s1:12→1 / s2:1→1 / s3:4→1, 12→1, s1:12→1 / s2:1→1 / s3:4→1, 12→2, s1:12→1 / s2:1→2, 12→1, s1:12→1 / s2:1→3, 12→1, s1:1→1, 12→1 / s2:12→1, s1:1→1 / s2:12→1 / s3:12→2, s1:1→1 / s2:12→1 / s3:4→1, 12→1, s1:1→1 / s2:12→1 / s3:4→1, 12→2, s1:1→1 / s2:12→1 / s3:4→1, 12→3, s1:1→1 / s2:12→1 / s3:4→1, 12→4}"	"{s3:2→1, s3:2→1, s3:2→1, s3:2→1, s3:2→1, s3:2→1, s3:2→1, s3:2→1, s3:2→1, s3:2→1, s3:2→1, s3:2→1, s3:2→1, s3:2→1, s3:2→1, s3:2→1, s3:2→1, s3:2→1, s3:2→1, s3:2→1, s3:2→1, s3:2→1, s3:2→1, s3:2→1}"
12	82	17	156	1	1	1	0	0	0	0	0	"{s1:12→1 / s2:1→1 / s3:1→1, 12→1, s1:12→1 / s2:1→1 / s3:1→1, 12→1, s1:12→1 / s2:1→1 / s3:1→1, 4→1, s1:12→1 / s2:1→1 / s3:1→1, 4→1, 12→1, s1:12→1 / s2:1→1 / s3:1→1, 4→1, 12→2, s1:12→1 / s2:1→1 / s3:1→1, 4→1, 12→3, s1:12→1 / s2:1→1 / s3:1→2, s1:12→1 / s2:1→1 / s3:1→2, 12→1, s1:12→1 / s2:1→1 / s3:1→2, 12→1, s1:12→1 / s2:1→1 / s3:1→2, 12→2, s1:12→1 / s2:1→1 / s3:1→2, 12→3, s1:12→1 / s2:1→1 / s3:1→2, 4→1, s1:12→1 / s2:1→1 / s3:1→2, 4→1, 12→1, s1:12→1 / s2:1→1 / s3:1→2, 4→1, 12→2, s1:12→1 / s2:1→1 / s3:1→3, 12→1, s1:12→1 / s2:1→1 / s3:1→3, 12→2, s1:12→1 / s2:1→1 / s3:1→3, 4→1, s1:12→1 / s2:1→1 / s3:1→3, 4→1, 12→1, s1:12→1 / s2:1→1 / s3:1→3, 4→1, 12→1, s1:12→1 / s2:1→1 / s3:1→4, 12→1, s1:12→1 / s2:1→1 / s3:4→1, s1:12→1 / s2:1→1 / s3:4→1, 12→1, s1:12→1 / s2:1→1 / s3:4→1, 12→1, s1:12→1 / s2:1→1 / s3:4→1, 12→2, s1:1→1 / s2:12→1 / s3:1→1, s1:1→1 / s2:12→1 / s3:1→1, 12→1, s1:1→1 / s2:12→1 / s3:1→1, 12→1, s1:1→1 / s2:12→1 / s3:1→1, 12→2, s1:1→1 / s2:12→1 / s3:1→1, 12→2, s1:1→1 / s2:12→1 / s3:1→1, 4→1, 12→1, s1:1→1 / s2:12→1 / s3:1→1, 4→1, 12→1, s1:1→1 / s2:12→1 / s3:1→1, 4→1, 12→2, s1:1→1 / s2:12→1 / s3:1→1, 4→1, 12→3, s1:1→1 / s2:12→1 / s3:4→1, s1:1→1 / s2:12→1 / s3:4→1, 12→1, s1:1→1 / s2:12→1 / s3:4→1, 12→2, s1:1→1 / s2:12→1 / s3:4→1, 12→2, s1:1→1 / s2:12→1 / s3:4→1, 12→3, s1:1→1 / s2:12→1 / s3:4→1, 12→3, s1:1→1 / s2:12→1 / s3:4→1, 12→4, s1:1→1 / s2:12→1 / s3:4→1, 12→4}"	"{s3:11→1, s3:14→1, s3:11→1, s3:14→1, s3:14→1, s3:14→1, s3:11→1, s3:11→1, s3:14→1, s3:14→1, s3:14→1, s3:11→1, s3:14→1, s3:14→1, s3:11→1, s3:14→1, s3:11→1, s3:11→1, s3:14→1, s3:11→1, s3:11→1, s3:11→1, s3:14→1, s3:14→1, s3:11→1, s3:11→1, s3:14→1, s3:11→1, s3:14→1, s3:11→1, s3:14→1, s3:14→1, s3:14→1, s3:11→1, s3:14→1, s3:11→1, s3:14→1, s3:11→1, s3:14→1, s3:11→1, s3:14→1}"
12	82	17	162	2	0	1	0	0	0	0	0	"{s1:12→1 / s2:12→1 / s3:1→1, s1:12→1 / s2:1→2 / s3:1→3, 12→1, s1:12→1 / s2:1→3 / s3:1→3, 12→1, s1:12→1 / s2:1→3 / s3:1→4, 12→1, s1:12→1 / s2:4→1, s1:12→1 / s2:4→1, 12→1, s1:12→1 / s3:1→2, 12→1, s1:12→1 / s3:1→3, s1:12→1 / s3:1→3, 4→1, s1:12→1 / s3:1→4, 4→1, s1:1→1 / s3:12→3, s1:1→1 / s3:4→1, 12→2}"	"{s2:2→1 / s3:11→1, s2:11→1 / s3:2→1, s2:11→1 / s3:2→1, s2:11→1 / s3:2→1, s2:11→1 / s3:2→1, s2:11→1 / s3:2→1, s2:2→1 / s3:11→1, s2:2→1 / s3:11→1, s2:2→1 / s3:11→1, s2:2→1 / s3:11→1, s2:11→1 / s3:2→1, s2:11→1 / s3:2→1}"
12	82	17	169	0	3	0	0	0	0	0	0	"{s1:12→1 / s2:1→1, 12→1 / s3:1→1, 12→1, s1:12→1 / s2:1→1 / s3:1→2, 12→3}"	""
12	82	17	175	1	2	0	0	0	0	0	0	"{s1:12→1 / s2:1→1, 12→1 / s3:12→2, s1:12→1 / s2:1→1, 12→1 / s3:1→1, 12→3, s1:12→1 / s2:1→1, 12→1 / s3:1→1, 12→4, s1:12→1 / s2:1→1, 12→1 / s3:4→1, 12→4, s1:12→1 / s2:1→1 / s3:1→2, 4→1, 12→2, s1:12→1 / s2:1→1 / s3:1→3, 12→2, s1:12→1 / s2:1→1 / s3:4→1, 12→3, s1:12→1 / s2:1→2, 12→2, s1:1→1, 12→1 / s2:1→1, 12→2, s1:1→1 / s2:1→1, 12→1, s1:1→1 / s2:1→1, 12→2 / s3:12→2}"	"{s3:2→1, s3:2→1, s3:2→1, s3:2→1, s3:2→1, s3:2→1, s3:2→1, s3:2→1, s3:2→1, s3:2→1, s3:2→1}"
12	82	17	176	1	2	0	0	0	0	0	0	"{s1:12→1 / s2:1→1, 12→1, s1:12→1 / s2:1→1, 12→1 / s3:1→1, 12→1, s1:12→1 / s2:1→1, 12→1 / s3:1→1, 12→1, s1:12→1 / s2:1→1, 12→2, s1:12→1 / s2:1→1 / s3:1→1, 12→2, s1:12→1 / s2:1→1 / s3:1→1, 4→1, 12→1, s1:12→1 / s2:1→1 / s3:1→2, 12→1, s1:12→1 / s2:1→1 / s3:1→2, 12→3, s1:12→1 / s2:1→1 / s3:1→2, 12→3, s1:12→1 / s2:1→1 / s3:1→2, 4→1, 12→1, s1:12→1 / s2:1→1 / s3:1→3, 12→2, s1:12→1 / s2:1→1 / s3:4→1, 12→2, s1:12→1 / s2:1→1 / s3:4→1, 12→3, s1:12→1 / s2:1→2, 12→1 / s3:1→2, s1:12→1 / s2:1→2, 12→1 / s3:1→3, 12→1, s1:12→1 / s2:1→2, 12→1 / s3:1→4, 12→1, s1:12→1 / s2:1→2, 12→2, s1:1→1, 12→1 / s2:1→2, 12→1, s1:1→1 / s2:1→1, 12→1 / s3:1→1, 4→1, s1:1→1 / s2:1→1, 12→2 / s3:1→1, 4→1, 12→2, s1:1→1 / s2:1→2, 12→2}"	"{s3:11→1, s3:11→1, s3:13→1, s3:11→1, s3:14→1, s3:14→1, s3:13→1, s3:11→1, s3:13→1, s3:13→1, s3:14→1, s3:13→1, s3:14→1, s3:11→1, s3:13→1, s3:11→1, s3:11→1, s3:11→1, s3:11→1, s3:11→1, s3:11→1}"
12	82	18	105	1	1	0	0	1	0	0	0	"{s1:12→1 / s2:1→1, s1:12→1 / s2:1→1 / s3:1→1, 4→1, s1:12→1 / s2:1→1 / s3:1→2, 4→1, s1:12→1 / s2:1→1 / s3:4→1}"	"{s3:2→1, s3:2→1, s3:2→1, s3:2→1}"
12	82	18	106	1	1	0	0	1	0	0	0	"{s1:12→1 / s2:1→1 / s3:1→1, 4→1, s1:12→1 / s2:1→1 / s3:1→2, 4→1, s1:12→1 / s2:1→1 / s3:4→1}"	"{s3:14→1, s3:14→1, s3:14→1}"
12	82	18	111	1	0	1	1	0	0	0	0	"{s1:12→1 / s2:1→1, s1:12→1 / s2:1→1 / s3:4→1}"	"{s3:2→1, s3:2→1}"
12	82	18	112	1	0	1	1	0	0	0	0	"{s1:12→1 / s2:1→1, s1:12→1 / s2:1→1 / s3:1→1, s1:12→1 / s2:1→1 / s3:1→1, 4→1, s1:12→1 / s2:1→1 / s3:4→1, s1:1→1 / s2:12→1, s1:1→1 / s2:12→1 / s3:4→1, s1:1→1 / s2:12→1 / s3:4→1, 12→1}"	"{s3:11→1, s3:11→1, s3:11→1, s3:11→1, s3:11→1, s3:11→1, s3:11→1}"
12	82	18	125	0	2	0	1	0	0	0	0	"{s1:12→1 / s2:1→1 / s3:1→1, s1:1→1 / s2:12→1 / s3:12→1}"	""
12	82	18	131	1	1	0	1	0	0	0	0	"{s1:12→1 / s2:1→1 / s3:1→1, 4→1, s1:12→1 / s2:1→1 / s3:1→2, 4→1, s1:12→1 / s2:1→1 / s3:1→3, 4→1, s1:12→1 / s2:1→1 / s3:4→1}"	"{s3:2→1, s3:2→1, s3:2→1, s3:2→1}"
12	82	18	132	1	1	0	1	0	0	0	0	"{s1:12→1 / s2:1→1 / s3:1→1, 4→1, s1:12→1 / s2:1→1 / s3:1→2, s1:12→1 / s2:1→1 / s3:1→2, 4→1, s1:12→1 / s2:1→1 / s3:1→3, s1:12→1 / s2:1→1 / s3:1→3, 4→1, s1:12→1 / s2:1→1 / s3:1→4, 4→1, s1:12→1 / s2:1→1 / s3:4→1, s1:1→1 / s2:12→1 / s3:4→1}"	"{s3:14→1, s3:11→1, s3:14→1, s3:11→1, s3:14→1, s3:11→1, s3:14→1, s3:11→1}"
12	82	18	135	1	0	2	0	0	0	0	0	"{s1:12→1 / s2:1→1 / s3:12→2, s1:12→1 / s2:1→1 / s3:4→1, 12→4}"	"{s3:2→1, s3:2→1}"
12	82	18	138	2	0	0	1	0	0	0	0	"{s1:12→1 / s2:1→1 / s3:1→2, 4→1, s1:12→1 / s2:1→1 / s3:1→3, s1:12→1 / s2:1→1 / s3:1→4, s1:12→1 / s2:1→1 / s3:1→4, 4→1, s1:12→1 / s2:1→1 / s3:1→5, s1:12→1 / s3:1→4, s1:12→1 / s3:1→5}"	"{s2:2→1 / s3:11→1, s2:2→1 / s3:11→1, s2:2→1 / s3:11→1, s2:2→1 / s3:11→1, s2:2→1 / s3:11→1, s2:2→1 / s3:11→1, s2:2→1 / s3:11→1}"
12	82	18	155	1	1	1	0	0	0	0	0	"{s1:12→1 / s2:1→1 / s3:1→3, 12→1, s1:12→1 / s2:1→1 / s3:4→1, s1:12→1 / s2:1→1 / s3:4→1, 12→3}"	"{s3:2→1, s3:2→1, s3:2→1}"
12	82	18	156	1	1	1	0	0	0	0	0	"{s1:12→1 / s2:1→1 / s3:1→1, 12→2, s1:12→1 / s2:1→1 / s3:1→3, 12→1, s1:12→1 / s2:1→1 / s3:1→4, 4→1, s1:12→1 / s2:1→1 / s3:4→1, s1:12→1 / s2:1→1 / s3:4→1, 12→3, s1:1→1 / s2:12→1 / s3:1→1, 12→3, s1:1→1 / s2:12→1 / s3:1→1, 12→3}"	"{s3:14→1, s3:14→1, s3:11→1, s3:14→1, s3:14→1, s3:11→1, s3:14→1}"
12	82	18	162	2	0	1	0	0	0	0	0	"{s1:12→1 / s2:1→2 / s3:1→4, 12→1, s1:12→1 / s3:12→1, s1:12→1 / s3:1→1, 12→1, s1:1→1 / s2:4→1, s1:1→1 / s2:4→1, 12→1, s1:1→1 / s3:4→1, 12→1}"	"{s2:11→1 / s3:2→1, s2:11→1 / s3:2→1, s2:11→1 / s3:2→1, s2:11→1 / s3:2→1, s2:11→1 / s3:2→1, s2:11→1 / s3:2→1}"
12	82	18	169	0	3	0	0	0	0	0	0	"s1:12→1 / s2:12→1 / s3:1→1, 12→1"	""
12	82	18	175	1	2	0	0	0	0	0	0	"{s1:12→1 / s2:12→1 / s3:12→1, s1:12→1 / s2:12→1 / s3:4→1, 12→4, s1:12→1 / s2:1→1 / s3:1→1, 12→3, s1:12→1 / s2:1→1 / s3:1→1, 4→1, 12→1, s1:12→1 / s2:1→1 / s3:4→1, 12→4, s1:1→1 / s2:1→1 / s3:4→1}"	"{s3:2→1, s3:2→1, s3:2→1, s3:2→1, s3:2→1, s3:2→1}"
12	82	18	176	1	2	0	0	0	0	0	0	"{s1:12→1 / s2:12→1 / s3:1→1, 12→1, s1:12→1 / s2:12→1 / s3:1→1, 12→1, s1:12→1 / s2:1→1, 12→1 / s3:12→1, s1:12→1 / s2:1→1 / s3:1→3, 12→1, s1:12→1 / s2:1→1 / s3:1→3, 4→1, 12→1, s1:12→1 / s2:1→1 / s3:4→1, s1:12→1 / s2:1→1 / s3:4→1, 12→2, s1:1→1 / s2:1→1 / s3:1→1, s1:1→1 / s2:1→1 / s3:4→1}"	"{s3:11→1, s3:14→1, s3:14→1, s3:11→1, s3:11→1, s3:13→1, s3:11→1, s3:11→1, s3:14→1}"
12	82	19	85	1	0	1	0	1	0	0	0	"{s1:12→1 / s2:1→1, s1:12→1 / s2:1→1 / s3:4→1}"	"{s3:2→1, s3:2→1}"
12	82	19	88	1	0	0	2	0	0	0	0	"{s1:12→1 / s2:1→1, s1:12→1 / s2:1→1 / s3:4→1}"	"{s3:11→1, s3:11→1}"
12	82	19	99	0	2	0	0	1	0	0	0	"s1:12→1 / s2:1→1 / s3:1→1"	""
12	82	19	105	0	1	1	1	0	0	0	0	"s1:1→1 / s2:12→1 / s3:12→1"	""
12	82	19	105	1	1	0	0	1	0	0	0	"{s1:12→1 / s2:1→1 / s3:1→1, s1:12→1 / s2:1→1 / s3:1→2, s1:12→1 / s2:1→1 / s3:1→3, 4→1, s1:12→1 / s2:1→1 / s3:1→4, 4→1, s1:12→1 / s2:1→2}"	"{s3:2→1, s3:2→1, s3:2→1, s3:2→1, s3:2→1}"
12	82	19	106	1	1	0	0	1	0	0	0	"{s1:12→1 / s2:1→1 / s3:1→1, s1:12→1 / s2:1→1 / s3:1→3, 4→1, s1:12→1 / s2:1→1 / s3:1→4, 4→1}"	"{s3:14→1, s3:14→1, s3:14→1}"
12	82	19	131	1	1	0	1	0	0	0	0	"{s1:12→1 / s2:1→1 / s3:1→1, s1:12→1 / s2:1→1 / s3:1→4, 4→1}"	"{s3:2→1, s3:2→1}"
12	82	19	132	1	1	0	1	0	0	0	0	"{s1:12→1 / s2:1→1 / s3:1→4, s1:12→1 / s2:1→1 / s3:1→4, 4→1, s1:12→1 / s2:1→1 / s3:1→5, s1:1→1 / s2:12→1 / s3:12→1}"	"{s3:11→1, s3:14→1, s3:11→1, s3:11→1}"
12	82	19	135	1	0	2	0	0	0	0	0	"s1:12→1 / s2:1→1 / s3:4→1"	"s3:2→1"
12	82	19	155	1	1	1	0	0	0	0	0	"{s1:12→1 / s2:1→1 / s3:1→1, 12→3, s1:12→1 / s2:1→1 / s3:1→1, 4→1, s1:12→1 / s2:1→1 / s3:1→4, 12→1, s1:12→1 / s2:1→1 / s3:4→1, 12→4, s1:1→1 / s2:12→1 / s3:12→3}"	"{s3:2→1, s3:2→1, s3:2→1, s3:2→1, s3:2→1}"
12	82	19	156	1	1	1	0	0	0	0	0	"{s1:12→1 / s2:1→1 / s3:1→1, 4→1, s1:12→1 / s2:1→1 / s3:1→3, s1:1→1 / s2:12→1 / s3:1→1, 12→4, s1:1→1 / s2:12→1 / s3:4→1}"	"{s3:14→1, s3:11→1, s3:11→1, s3:14→1}"
12	82	19	162	2	0	1	0	0	0	0	0	"{s1:12→1 / s2:1→4 / s3:1→4, 12→1, s1:12→1 / s3:1→1, 12→1, s1:12→1 / s3:1→4, s1:1→1 / s2:4→1 / s3:12→1, s1:1→1 / s3:12→4}"	"{s2:11→1 / s3:2→1, s2:2→1 / s3:11→1, s2:2→1 / s3:11→1, s2:11→1 / s3:2→1, s2:11→1 / s3:2→1}"
12	82	19	169	0	3	0	0	0	0	0	0	"{s1:12→1 / s2:1→1 / s3:1→1, 12→2, s1:12→1 / s2:1→1 / s3:1→2, 12→1}"	""
12	82	19	175	1	2	0	0	0	0	0	0	"{s1:12→1 / s2:12→1 / s3:12→2, s1:12→1 / s2:12→1 / s3:12→3, s1:12→1 / s2:12→1 / s3:12→4, s1:12→1 / s2:12→1 / s3:1→1, 12→2, s1:12→1 / s2:12→1 / s3:1→1, 12→3, s1:12→1 / s2:12→1 / s3:1→1, 12→4, s1:12→1 / s2:12→1 / s3:1→2, 12→3, s1:12→1 / s2:12→1 / s3:4→1, 12→3, s1:12→1 / s2:1→1, 12→1 / s3:12→3, s1:12→1 / s2:1→3, 12→1, s1:1→1 / s2:1→1, s1:1→1 / s2:1→1, 12→3 / s3:12→2}"	"{s3:2→1, s3:2→1, s3:2→1, s3:2→1, s3:2→1, s3:2→1, s3:2→1, s3:2→1, s3:2→1, s3:2→1, s3:2→1, s3:2→1}"
12	82	20	105	1	1	0	0	1	0	0	0	"{s1:12→1 / s2:1→1 / s3:1→3, s1:12→1 / s2:1→1 / s3:1→4, s1:12→1 / s2:1→1 / s3:1→5, s1:12→1 / s2:1→2 / s3:1→1}"	"{s3:2→1, s3:2→1, s3:2→1, s3:2→1}"
12	82	20	112	1	0	1	1	0	0	0	0	"s1:1→1 / s2:12→1 / s3:12→1"	"s3:11→1"
12	82	20	132	1	1	0	1	0	0	0	0	"s1:1→1 / s2:12→1 / s3:4→1"	"s3:14→1"
12	82	20	135	1	0	2	0	0	0	0	0	"s1:12→1 / s2:1→1 / s3:12→3"	"s3:2→1"
12	82	20	138	2	0	0	1	0	0	0	0	"s1:12→1 / s2:1→2 / s3:1→5"	"s2:2→1 / s3:11→1"
12	82	20	149	0	2	1	0	0	0	0	0	"{s1:12→1 / s2:1→1 / s3:1→1, s1:1→1 / s2:12→1 / s3:12→1}"	""
12	82	20	156	1	1	1	0	0	0	0	0	"{s1:12→1 / s2:1→1 / s3:12→1, s1:12→1 / s2:1→1 / s3:1→4, 12→1, s1:1→1 / s2:12→1 / s3:1→1, s1:1→1 / s2:12→1 / s3:1→1, 12→4, s1:1→1 / s2:12→1 / s3:1→1, 4→1}"	"{s3:14→1, s3:14→1, s3:14→1, s3:14→1, s3:11→1}"
12	82	20	162	2	0	1	0	0	0	0	0	"s1:12→1 / s2:1→2, 12→1 / s3:1→3"	"s2:2→1 / s3:11→1"
12	82	20	169	0	3	0	0	0	0	0	0	"s1:12→1 / s2:12→1 / s3:12→1"	""
12	82	21	99	0	2	0	0	1	0	0	0	"s1:12→1 / s2:1→1 / s3:1→2"	""
12	82	21	106	1	1	0	0	1	0	0	0	"{s1:12→1 / s2:1→1 / s3:1→2, s1:12→1 / s2:1→1 / s3:1→3, s1:12→1 / s2:1→1 / s3:1→4}"	"{s3:14→1, s3:14→1, s3:14→1}"
12	82	21	129	0	1	2	0	0	0	0	0	"s1:12→1 / s2:1→1 / s3:12→1"	""
12	82	21	131	1	1	0	1	0	0	0	0	"{s1:12→1 / s2:1→1 / s3:1→2, s1:12→1 / s2:1→2, s1:12→1 / s2:1→2 / s3:1→1}"	"{s3:2→1, s3:2→1, s3:2→1}"
12	82	21	132	1	1	0	1	0	0	0	0	"{s1:12→1 / s2:1→1, s1:12→1 / s2:1→1 / s3:1→1, s1:12→1 / s2:1→2 / s3:1→3, s1:12→1 / s2:1→2 / s3:1→4, s1:1→1 / s2:12→1 / s3:12→1, s1:1→1 / s2:12→1 / s3:12→2, s1:1→1 / s2:12→2, s1:1→1 / s2:12→2 / s3:12→1}"	"{s3:11→1, s3:14→1, s3:11→1, s3:11→1, s3:14→1, s3:11→1, s3:11→1, s3:11→1}"
12	82	21	138	2	0	0	1	0	0	0	0	"s1:12→1"	"s2:11→1 / s3:2→1"
12	82	21	155	1	1	1	0	0	0	0	0	"s1:12→1 / s2:1→1 / s3:1→2, 4→1"	"s3:2→1"
12	82	21	156	1	1	1	0	0	0	0	0	"s1:12→1 / s2:1→1 / s3:1→2, 4→1"	"s3:14→1"
12	82	21	162	2	0	1	0	0	0	0	0	"{s1:12→1 / s2:1→1 / s3:1→3, s1:12→1 / s2:1→1 / s3:1→3, 12→1, s1:1→1 / s2:12→1 / s3:12→3}"	"{s2:2→1 / s3:11→1, s2:11→1 / s3:2→1, s2:11→1 / s3:2→1}"
12	82	22	105	1	1	0	0	1	0	0	0	"s1:12→1 / s2:1→3"	"s3:2→1"
12	82	22	106	1	1	0	0	1	0	0	0	"s1:12→1 / s2:1→1 / s3:1→5"	"s3:14→1"
12	82	22	132	1	1	0	1	0	0	0	0	"s1:1→1 / s2:12→1 / s3:12→3"	"s3:11→1"
12	82	22	138	2	0	0	1	0	0	0	0	"s1:12→1 / s2:1→2 / s3:1→4"	"s2:2→1 / s3:11→1"
12	82	22	155	1	1	1	0	0	0	0	0	"{s1:1→1 / s2:12→1, s1:1→1 / s2:12→1 / s3:12→4}"	"{s3:2→1, s3:2→1}"
12	82	22	156	1	1	1	0	0	0	0	0	"{s1:12→1 / s2:1→1, s1:12→1 / s2:1→1 / s3:1→1, 12→3, s1:12→1 / s2:1→1 / s3:1→4, s1:12→1 / s2:1→1 / s3:4→1, 12→4}"	"{s3:11→1, s3:14→1, s3:11→1, s3:14→1}"
12	82	22	162	2	0	1	0	0	0	0	0	"{s1:12→1, s1:12→1 / s2:1→1 / s3:1→4, s1:12→1 / s2:1→1 / s3:1→4, 4→1, s1:1→1, s1:1→1 / s2:12→1 / s3:12→4}"	"{s2:11→1 / s3:2→1, s2:2→1 / s3:11→1, s2:2→1 / s3:11→1, s2:11→1 / s3:2→1, s2:11→1 / s3:2→1}"
12	82	23	125	0	2	0	1	0	0	0	0	"{s1:12→1 / s2:1→1 / s3:1→2, s1:1→1 / s2:12→1 / s3:12→2}"	""
12	82	23	131	1	1	0	1	0	0	0	0	"s1:12→1 / s2:1→1 / s3:1→3"	"s3:2→1"
12	82	23	132	1	1	0	1	0	0	0	0	"s1:1→1 / s2:12→2 / s3:12→2"	"s3:11→1"
12	82	23	135	1	0	2	0	0	0	0	0	"s1:12→1 / s2:1→1 / s3:12→4"	"s3:2→1"
12	82	23	155	1	1	1	0	0	0	0	0	"s1:12→1 / s2:1→1 / s3:1→1, 12→4"	"s3:2→1"
12	82	24	131	1	1	0	1	0	0	0	0	"s1:12→1 / s2:1→1 / s3:1→4"	"s3:2→1"
12	82	24	132	1	1	0	1	0	0	0	0	"{s1:1→1 / s2:12→1 / s3:12→4, s1:1→1 / s2:12→2 / s3:12→3}"	"{s3:11→1, s3:11→1}"
12	82	24	155	1	1	1	0	0	0	0	0	"s1:12→1 / s2:1→1 / s3:1→3, 4→1"	"s3:2→1"
12	82	25	132	1	1	0	1	0	0	0	0	"{s1:12→1 / s2:1→2 / s3:1→4, 4→1, s1:1→1 / s2:12→1 / s3:12→5}"	"{s3:11→1, s3:11→1}"
12	82	25	162	2	0	1	0	0	0	0	0	"s1:1→1 / s2:12→1 / s3:12→5"	"s2:11→1 / s3:2→1"
12	82	26	131	1	1	0	1	0	0	0	0	"s1:12→1 / s2:1→1 / s3:1→5"	"s3:2→1"
12	82	26	132	1	1	0	1	0	0	0	0	"s1:1→1 / s2:12→2 / s3:12→4"	"s3:11→1"
12	82	27	132	1	1	0	1	0	0	0	0	"s1:1→1 / s2:12→2 / s3:12→1"	"s3:14→1"
12	82	27	156	1	1	1	0	0	0	0	0	"s1:12→1 / s2:1→1 / s3:1→3, 4→1"	"s3:14→1"
12	82	28	132	1	1	0	1	0	0	0	0	"{s1:12→1 / s2:1→1 / s3:1→2, s1:1→1 / s2:12→1 / s3:12→2, s1:1→1 / s2:12→3 / s3:12→1}"	"{s3:14→1, s3:14→1, s3:11→1}"
12	82	29	125	0	2	0	1	0	0	0	0	"s1:1→1 / s2:12→1 / s3:12→3"	""
12	82	29	155	1	1	1	0	0	0	0	0	"s1:1→1 / s2:12→1 / s3:12→5"	"s3:2→1"
12	82	30	156	1	1	1	0	0	0	0	0	"s1:12→1 / s2:1→1 / s3:1→5"	"s3:11→1"
12	82	31	155	1	1	1	0	0	0	0	0	"{s1:12→1 / s2:1→1 / s3:12→2, s1:12→1 / s2:1→1 / s3:1→4, 4→1}"	"{s3:2→1, s3:2→1}"
12	82	32	132	1	1	0	1	0	0	0	0	"s1:12→1 / s2:1→2 / s3:1→2"	"s3:11→1"
12	82	34	132	1	1	0	1	0	0	0	0	"s1:1→1 / s2:12→1 / s3:12→3"	"s3:14→1"
12	82	34	136	1	0	2	0	0	0	0	0	"s1:12→1 / s2:1→1 / s3:12→1"	"s3:11→1"
12	82	36	132	1	1	0	1	0	0	0	0	"s1:12→1 / s2:1→1 / s3:1→3"	"s3:14→1"
12	82	38	132	1	1	0	1	0	0	0	0	"s1:1→1 / s2:12→1 / s3:12→4"	"s3:14→1"
12	82	38	155	1	1	1	0	0	0	0	0	"s1:12→1 / s2:1→1 / s3:1→1"	"s3:2→1"
12	82	41	132	1	1	0	1	0	0	0	0	"{s1:12→1 / s2:1→1 / s3:1→4, s1:1→1 / s2:12→1 / s3:12→5}"	"{s3:14→1, s3:14→1}"
12	82	44	132	1	1	0	1	0	0	0	0	"s1:12→1 / s2:1→1 / s3:1→5"	"s3:14→1"
12	82	47	132	1	1	0	1	0	0	0	0	"s1:1→1 / s2:12→3"	"s3:11→1"
12	82	51	131	1	1	0	1	0	0	0	0	"s1:12→1 / s2:1→3"	"s3:2→1"
12	83	16	154	1	2	0	0	0	0	0	0	"s2:1→1"	"s1:12→1 / s3:2→1"
12	83	16	162	2	1	0	0	0	0	0	0	"{s1:1→1, 11→1 / s3:1→1, s1:1→1 / s2:11→1 / s3:1→1, 11→1, s1:1→1 / s2:11→1 / s3:1→1, 11→1, s1:1→1 / s2:11→1 / s3:1→1, 11→2, s1:1→1 / s2:11→1 / s3:1→2, 11→2, s1:1→1 / s2:11→1 / s3:1→2, 11→2, s1:1→1 / s2:11→1 / s3:1→2, 11→3}"	"{s2:2→1 / s3:13→1, s2:13→1 / s3:13→1, s2:2→1 / s3:13→1, s2:2→1 / s3:13→1, s2:13→1 / s3:13→1, s2:2→1 / s3:13→1, s2:2→1 / s3:13→1}"
12	83	17	134	1	1	1	0	0	0	0	0	"{s1:1→1, s1:1→1 / s3:11→1}"	"{s2:12→1 / s3:2→1, s2:12→1 / s3:2→1}"
12	83	17	154	1	2	0	0	0	0	0	0	"{s2:1→1 / s3:11→1, s2:1→1 / s3:1→1, 11→1, s2:1→1 / s3:1→1, 11→2, s2:1→1 / s3:1→2, 11→1, s2:1→1 / s3:1→2, 11→2, s2:1→1 / s3:1→2, 11→3, s2:1→1 / s3:1→3, 11→1, s2:1→1 / s3:1→3, 11→2}"	"{s1:12→1 / s3:2→1, s1:12→1 / s3:2→1, s1:12→1 / s3:2→1, s1:12→1 / s3:2→1, s1:12→1 / s3:2→1, s1:12→1 / s3:2→1, s1:12→1 / s3:2→1, s1:12→1 / s3:2→1}"
12	83	17	155	1	2	0	0	0	0	0	0	"{s1:1→1 / s2:1→1, 11→1, s2:1→1 / s3:1→1, 11→1, s2:1→1 / s3:1→1, 11→2, s2:1→1 / s3:1→2, 11→1, s2:1→1 / s3:1→2, 11→2, s2:1→1 / s3:1→2, 11→3, s2:1→1 / s3:1→3, 11→2}"	"{s3:2→1, s1:12→1 / s3:14→1, s1:12→1 / s3:14→1, s1:12→1 / s3:14→1, s1:12→1 / s3:14→1, s1:12→1 / s3:14→1, s1:12→1 / s3:14→1}"
12	83	17	162	2	1	0	0	0	0	0	0	"{s1:1→1 / s2:11→1 / s3:11→1, s1:1→1 / s2:11→1 / s3:1→1, 11→2, s1:1→1 / s2:11→1 / s3:1→1, 11→2, s1:1→1 / s2:11→1 / s3:1→1, 11→3, s1:1→1 / s2:11→1 / s3:1→1, 11→3, s1:1→1 / s2:11→1 / s3:1→1, 11→3, s1:1→1 / s2:11→1 / s3:1→2, 11→3, s1:1→1 / s2:11→1 / s3:1→2, 11→3, s1:1→1 / s3:1→1, 11→1, s1:1→1 / s3:1→2, 11→1, s1:1→1 / s3:1→2, 11→2}"	"{s2:13→1 / s3:2→1, s2:13→1 / s3:13→1, s2:13→1 / s3:2→1, s2:13→1 / s3:13→1, s2:13→1 / s3:2→1, s2:2→1 / s3:13→1, s2:13→1 / s3:13→1, s2:13→1 / s3:2→1, s2:2→1 / s3:13→1, s2:2→1 / s3:13→1, s2:2→1 / s3:13→1}"
12	83	18	134	1	1	1	0	0	0	0	0	"{s1:1→1 / s3:11→2, s1:1→1 / s3:11→3}"	"{s2:12→1 / s3:2→1, s2:12→1 / s3:2→1}"
12	83	18	154	1	2	0	0	0	0	0	0	"{s2:1→1 / s3:1→1, 11→3, s2:1→1 / s3:1→4, 11→1}"	"{s1:12→1 / s3:2→1, s1:12→1 / s3:2→1}"
12	83	18	155	1	2	0	0	0	0	0	0	"{s2:1→1 / s3:11→1, s2:1→1 / s3:1→1, 11→3, s2:1→1 / s3:1→3, 11→1, s2:1→1 / s3:1→4, 11→1}"	"{s1:12→1 / s3:14→1, s1:12→1 / s3:14→1, s1:12→1 / s3:14→1, s1:12→1 / s3:14→1}"
12	83	18	162	2	1	0	0	0	0	0	0	"{s1:1→1 / s2:11→1 / s3:11→1, s1:1→1 / s2:11→1 / s3:11→2}"	"{s2:13→1 / s3:13→1, s2:13→1 / s3:2→1}"
12	83	19	155	1	2	0	0	0	0	0	0	"s1:1→1 / s2:1→1"	"s3:2→1"
12	83	19	162	2	1	0	0	0	0	0	0	"s1:1→1 / s3:1→1"	"s2:2→1 / s3:13→1"
12	83	20	148	0	3	0	0	0	0	0	0	"s2:1→1 / s3:1→1"	"s1:12→1"
12	83	20	154	1	2	0	0	0	0	0	0	"s2:1→1 / s3:11→2"	"s1:12→1 / s3:2→1"
12	83	21	162	2	1	0	0	0	0	0	0	"s1:1→1 / s3:1→2"	"s2:2→1 / s3:13→1"
12	83	27	154	1	2	0	0	0	0	0	0	"s2:1→1 / s3:11→3"	"s1:12→1 / s3:2→1"
12	83	37	154	1	2	0	0	0	0	0	0	"s2:1→1 / s3:1→1"	"s1:12→1 / s3:2→1"
12	84	16	153	1	2	0	0	0	0	0	0	"s1:12→1 / s2:1→1"	"s3:2→1"
12	84	16	160	2	1	0	0	0	0	0	0	"{s1:12→1 / s2:1→1 / s3:1→1, 10→1, s1:12→1 / s2:1→1 / s3:1→2, 10→1, s1:12→1 / s2:1→1 / s3:1→3, 10→1, s1:12→1 / s2:1→1 / s3:1→3, 10→2, s1:12→1 / s2:1→1 / s3:1→4, 10→1, s1:12→1 / s3:1→1, s1:12→1 / s3:1→2, 10→1, s1:12→1 / s3:1→3, 10→1, s1:12→1 / s3:1→3, 10→2, s1:12→1 / s3:1→4, 10→1, s1:1→1, 12→1 / s3:1→1, 10→1, s1:1→1, 12→1 / s3:1→2, 10→1, s1:1→1, 12→1 / s3:1→2, 10→2, s1:1→1 / s2:12→1, s1:1→1 / s2:12→1 / s3:12→1, s1:1→1 / s2:12→1 / s3:1→1, 10→1, s1:1→1 / s2:12→1 / s3:1→1, 10→1, s1:1→1 / s2:12→1 / s3:1→1, 10→1, s1:1→1 / s2:12→1 / s3:1→1, 10→1, 12→1, s1:1→1 / s2:12→1 / s3:1→1, 10→1, 12→1, s1:1→1 / s2:12→1 / s3:1→1, 10→1, 12→1, s1:1→1 / s2:12→1 / s3:1→1, 10→1, 12→2, s1:1→1 / s2:12→1 / s3:1→1, 10→1, 12→2, s1:1→1 / s2:12→1 / s3:1→1, 10→1, 12→2, s1:1→1 / s2:12→1 / s3:1→1, 10→1, 12→3, s1:1→1 / s2:12→1 / s3:1→1, 10→1, 12→3, s1:1→1 / s2:12→1 / s3:1→1, 10→2, 12→1, s1:1→1 / s2:12→1 / s3:1→1, 10→2, 12→2, s1:1→1 / s2:12→1 / s3:1→2, 10→1, 12→1, s1:1→1 / s2:12→1 / s3:1→2, 10→1, 12→1, s1:1→1 / s2:12→1 / s3:1→2, 10→1, 12→1, s1:1→1 / s2:12→1 / s3:1→2, 10→1, 12→2, s1:1→1 / s2:12→1 / s3:1→2, 10→1, 12→2, s1:1→1 / s2:12→1 / s3:1→2, 10→1, 12→2, s1:1→1 / s2:12→1 / s3:1→2, 10→2, s1:1→1 / s2:12→1 / s3:1→2, 10→2, s1:1→1 / s2:12→1 / s3:1→2, 10→2, 12→1, s1:1→1 / s2:12→1 / s3:1→2, 10→2, 12→1, s1:1→1 / s2:12→1 / s3:1→2, 10→2, 12→1, s1:1→1 / s3:1→1, 10→1, 12→1, s1:1→1 / s3:1→2, 10→2, 12→1}"	"{s2:13→1 / s3:2→1, s2:13→1 / s3:2→1, s2:13→1 / s3:2→1, s2:13→1 / s3:2→1, s2:13→1 / s3:2→1, s2:2→1 / s3:13→1, s2:2→1 / s3:13→1, s2:2→1 / s3:13→1, s2:2→1 / s3:13→1, s2:2→1 / s3:13→1, s2:2→1 / s3:13→1, s2:2→1 / s3:13→1, s2:2→1 / s3:13→1, s2:13→1 / s3:2→1, s2:13→1 / s3:2→1, s2:13→1 / s3:13→1, s2:13→1 / s3:2→1, s2:2→1 / s3:13→1, s2:13→1 / s3:13→1, s2:13→1 / s3:2→1, s2:2→1 / s3:13→1, s2:13→1 / s3:13→1, s2:13→1 / s3:2→1, s2:2→1 / s3:13→1, s2:13→1 / s3:2→1, s2:2→1 / s3:13→1, s2:13→1 / s3:2→1, s2:13→1 / s3:2→1, s2:13→1 / s3:13→1, s2:13→1 / s3:2→1, s2:2→1 / s3:13→1, s2:13→1 / s3:13→1, s2:13→1 / s3:2→1, s2:2→1 / s3:13→1, s2:13→1 / s3:13→1, s2:13→1 / s3:2→1, s2:13→1 / s3:13→1, s2:13→1 / s3:2→1, s2:2→1 / s3:13→1, s2:2→1 / s3:13→1, s2:2→1 / s3:13→1}"
12	84	17	133	1	1	1	0	0	0	0	0	"{s1:1→1 / s2:12→1, s1:1→1 / s2:12→1 / s3:10→1, s1:1→1 / s2:12→1 / s3:10→2, s1:1→1 / s2:12→1 / s3:10→3}"	"{s3:2→1, s3:2→1, s3:2→1, s3:2→1}"
12	84	17	134	1	1	1	0	0	0	0	0	"{s1:1→1 / s2:12→1 / s3:1→1, 10→1, s1:1→1 / s2:12→1 / s3:1→1, 10→2, s1:1→1 / s2:12→1 / s3:1→1, 10→3}"	"{s3:14→1, s3:14→1, s3:14→1}"
12	84	17	153	1	2	0	0	0	0	0	0	"{s1:12→1 / s2:1→1 / s3:10→1, s1:12→1 / s2:1→1 / s3:1→1, 10→1, s1:12→1 / s2:1→1 / s3:1→1, 10→2, s1:12→1 / s2:1→1 / s3:1→1, 10→3, s1:12→1 / s2:1→1 / s3:1→2, 10→1, s1:12→1 / s2:1→1 / s3:1→2, 10→2, s1:12→1 / s2:1→1 / s3:1→2, 10→3, s1:12→1 / s2:1→1 / s3:1→3, 10→1, s1:12→1 / s2:1→1 / s3:1→3, 10→2, s1:12→1 / s2:1→1 / s3:1→4, 10→1, s1:1→1 / s2:1→1, 12→1}"	"{s3:2→1, s3:2→1, s3:2→1, s3:2→1, s3:2→1, s3:2→1, s3:2→1, s3:2→1, s3:2→1, s3:2→1, s3:2→1}"
12	84	17	154	1	2	0	0	0	0	0	0	"{s1:12→1 / s2:1→1 / s3:10→1, s1:12→1 / s2:1→1 / s3:1→1, s1:12→1 / s2:1→1 / s3:1→1, 10→1, s1:12→1 / s2:1→1 / s3:1→1, 10→1, s1:12→1 / s2:1→1 / s3:1→1, 10→2, s1:12→1 / s2:1→1 / s3:1→1, 10→2, s1:12→1 / s2:1→1 / s3:1→1, 10→3, s1:12→1 / s2:1→1 / s3:1→2, 10→1, s1:12→1 / s2:1→1 / s3:1→2, 10→1, s1:12→1 / s2:1→1 / s3:1→2, 10→2, s1:12→1 / s2:1→1 / s3:1→2, 10→2, s1:12→1 / s2:1→1 / s3:1→2, 10→3, s1:12→1 / s2:1→1 / s3:1→2, 10→3, s1:12→1 / s2:1→1 / s3:1→3, 10→1, s1:12→1 / s2:1→1 / s3:1→3, 10→1, s1:12→1 / s2:1→1 / s3:1→3, 10→2, s1:12→1 / s2:1→1 / s3:1→3, 10→2, s1:12→1 / s2:1→1 / s3:1→4, 10→1, s1:12→1 / s2:1→1 / s3:1→4, 10→1}"	"{s3:14→1, s3:13→1, s3:13→1, s3:14→1, s3:13→1, s3:14→1, s3:14→1, s3:13→1, s3:14→1, s3:13→1, s3:14→1, s3:13→1, s3:14→1, s3:13→1, s3:14→1, s3:13→1, s3:14→1, s3:13→1, s3:14→1}"
12	84	17	160	2	1	0	0	0	0	0	0	"{s1:12→1 / s2:1→1 / s3:1→2, 10→2, s1:12→1 / s3:1→1, 10→1, s1:12→1 / s3:1→2, 10→2, s1:12→1 / s3:1→2, 10→3, s1:1→1, 12→1 / s3:1→1, s1:1→1 / s2:12→1 / s3:10→1, s1:1→1 / s2:12→1 / s3:10→1, s1:1→1 / s2:12→1 / s3:10→1, 12→1, s1:1→1 / s2:12→1 / s3:10→1, 12→1, s1:1→1 / s2:12→1 / s3:10→1, 12→2, s1:1→1 / s2:12→1 / s3:12→1, s1:1→1 / s2:12→1 / s3:12→2, s1:1→1 / s2:12→1 / s3:1→1, 10→1, 12→3, s1:1→1 / s2:12→1 / s3:1→1, 10→2, s1:1→1 / s2:12→1 / s3:1→1, 10→2, s1:1→1 / s2:12→1 / s3:1→1, 10→2, 12→1, s1:1→1 / s2:12→1 / s3:1→1, 10→2, 12→2, s1:1→1 / s2:12→1 / s3:1→1, 10→3, 12→1, s1:1→1 / s2:12→1 / s3:1→1, 10→3, 12→1, s1:1→1 / s2:12→1 / s3:1→1, 12→1, s1:1→1 / s2:12→1 / s3:1→1, 12→1, s1:1→1 / s2:12→1 / s3:1→1, 12→1, s1:1→1 / s2:12→1 / s3:1→1, 12→2, s1:1→1 / s2:12→1 / s3:1→1, 12→2, s1:1→1 / s2:12→1 / s3:1→1, 12→2, s1:1→1 / s2:12→1 / s3:1→1, 12→3, s1:1→1 / s2:12→1 / s3:1→1, 12→3, s1:1→1 / s2:12→1 / s3:1→1, 12→3, s1:1→1 / s2:12→1 / s3:1→2, 10→1, s1:1→1 / s2:12→1 / s3:1→2, 10→1, s1:1→1 / s2:12→1 / s3:1→2, 10→1, s1:1→1 / s2:12→1 / s3:1→2, 10→3, s1:1→1 / s2:12→1 / s3:1→2, 10→3, s1:1→1 / s2:12→1 / s3:1→2, 12→2, s1:1→1 / s2:12→1 / s3:1→2, 12→2, s1:1→1 / s2:12→1 / s3:1→2, 12→2, s1:1→1 / s2:12→1 / s3:1→2, 12→3, s1:1→1 / s2:12→1 / s3:1→2, 12→3, s1:1→1 / s2:12→1 / s3:1→2, 12→3, s1:1→1 / s3:1→1, 10→1, s1:1→1 / s3:1→1, 12→1, s1:1→1 / s3:1→1, 12→2, s1:1→1 / s3:1→2, 10→1, s1:1→1 / s3:1→2, 10→1, 12→1, s1:1→1 / s3:1→2, 10→1, 12→2, s1:1→1 / s3:1→2, 10→2, s1:1→1 / s3:1→2, 12→2, s1:1→1 / s3:1→2, 12→3}"	"{s2:13→1 / s3:2→1, s2:2→1 / s3:13→1, s2:2→1 / s3:13→1, s2:2→1 / s3:13→1, s2:2→1 / s3:13→1, s2:13→1 / s3:13→1, s2:13→1 / s3:2→1, s2:13→1 / s3:13→1, s2:13→1 / s3:2→1, s2:13→1 / s3:2→1, s2:13→1 / s3:13→1, s2:13→1 / s3:2→1, s2:13→1 / s3:13→1, s2:13→1 / s3:13→1, s2:13→1 / s3:2→1, s2:13→1 / s3:13→1, s2:13→1 / s3:13→1, s2:13→1 / s3:13→1, s2:13→1 / s3:2→1, s2:13→1 / s3:13→1, s2:13→1 / s3:2→1, s2:2→1 / s3:13→1, s2:13→1 / s3:13→1, s2:13→1 / s3:2→1, s2:2→1 / s3:13→1, s2:13→1 / s3:13→1, s2:13→1 / s3:2→1, s2:2→1 / s3:13→1, s2:13→1 / s3:13→1, s2:13→1 / s3:2→1, s2:2→1 / s3:13→1, s2:13→1 / s3:13→1, s2:13→1 / s3:2→1, s2:13→1 / s3:13→1, s2:13→1 / s3:2→1, s2:2→1 / s3:13→1, s2:13→1 / s3:13→1, s2:13→1 / s3:2→1, s2:2→1 / s3:13→1, s2:2→1 / s3:13→1, s2:2→1 / s3:13→1, s2:2→1 / s3:13→1, s2:2→1 / s3:13→1, s2:2→1 / s3:13→1, s2:2→1 / s3:13→1, s2:2→1 / s3:13→1, s2:2→1 / s3:13→1, s2:2→1 / s3:13→1}"
12	84	18	110	1	1	0	1	0	0	0	0	"{s1:1→1 / s2:12→1 / s3:10→1, s1:1→1 / s2:12→1 / s3:10→2, s1:1→1 / s2:12→1 / s3:10→3}"	"{s3:14→1, s3:14→1, s3:14→1}"
12	84	18	134	1	1	1	0	0	0	0	0	"{s1:1→1 / s2:12→1 / s3:10→1, s1:1→1 / s2:12→1 / s3:10→2, s1:1→1 / s2:12→1 / s3:10→3, s1:1→1 / s2:12→1 / s3:1→1}"	"{s3:14→1, s3:14→1, s3:14→1, s3:14→1}"
12	84	18	153	1	2	0	0	0	0	0	0	"{s1:12→1 / s2:1→1 / s3:10→2, s1:12→1 / s2:1→1 / s3:10→3}"	"{s3:2→1, s3:2→1}"
12	84	18	154	1	2	0	0	0	0	0	0	"s1:12→1 / s2:1→1 / s3:1→1, 10→3"	"s3:13→1"
12	84	18	160	2	1	0	0	0	0	0	0	"{s1:12→1 / s3:1→1, 10→2, s1:12→1 / s3:1→1, 10→3, s1:1→1, 12→1 / s3:1→2, s1:1→1 / s2:12→1 / s3:10→1, 12→2, s1:1→1 / s2:12→1 / s3:10→1, 12→3, s1:1→1 / s3:1→2, 12→1}"	"{s2:2→1 / s3:13→1, s2:2→1 / s3:13→1, s2:2→1 / s3:13→1, s2:13→1 / s3:13→1, s2:13→1 / s3:2→1, s2:2→1 / s3:13→1}"
12	84	19	153	1	2	0	0	0	0	0	0	"{s1:1→1 / s2:1→1, s1:1→1 / s2:1→1 / s3:12→1}"	"{s3:2→1, s3:2→1}"
12	84	19	154	1	2	0	0	0	0	0	0	"{s1:12→1 / s2:1→1 / s3:10→2, s1:12→1 / s2:1→1 / s3:10→3}"	"{s3:14→1, s3:14→1}"
12	84	19	160	2	1	0	0	0	0	0	0	"{s1:1→1 / s2:12→1 / s3:10→2, 12→2, s1:1→1 / s2:12→1 / s3:10→2, 12→3, s1:1→1 / s2:12→1 / s3:12→3, s1:1→1 / s2:12→1 / s3:1→1, 10→3, s1:1→1 / s2:12→1 / s3:1→2, 12→1, s1:1→1 / s3:1→1}"	"{s2:13→1 / s3:2→1, s2:13→1 / s3:2→1, s2:13→1 / s3:2→1, s2:13→1 / s3:2→1, s2:13→1 / s3:13→1, s2:2→1 / s3:13→1}"
12	84	20	147	0	3	0	0	0	0	0	0	"s1:12→1 / s2:1→1 / s3:1→1"	""
12	84	20	154	1	2	0	0	0	0	0	0	"s1:12→1 / s2:1→1 / s3:10→1"	"s3:13→1"
12	84	20	160	2	1	0	0	0	0	0	0	"{s1:12→1 / s2:10→1, s1:12→1 / s3:1→2, s1:1→1 / s2:12→1 / s3:10→1, 12→3, s1:1→1 / s2:12→1 / s3:1→1, 10→3}"	"{s2:13→1 / s3:2→1, s2:2→1 / s3:13→1, s2:13→1 / s3:13→1, s2:13→1 / s3:13→1}"
12	84	21	154	1	2	0	0	0	0	0	0	"{s1:12→1 / s2:1→1 / s3:10→2, s1:12→1 / s2:1→1 / s3:10→3, s1:1→1 / s2:1→1 / s3:12→1}"	"{s3:13→1, s3:13→1, s3:14→1}"
12	84	21	160	2	1	0	0	0	0	0	0	"{s1:12→1 / s2:10→2, s1:12→1 / s2:1→1 / s3:1→1, s1:1→1 / s2:12→1 / s3:10→2, 12→1, s1:1→1 / s2:12→1 / s3:12→2, s1:1→1 / s2:12→1 / s3:1→2, 12→1, s1:1→1 / s3:1→2}"	"{s2:13→1 / s3:2→1, s2:13→1 / s3:2→1, s2:13→1 / s3:2→1, s2:13→1 / s3:13→1, s2:13→1 / s3:2→1, s2:2→1 / s3:13→1}"
12	84	22	160	2	1	0	0	0	0	0	0	"s1:12→1 / s2:10→3"	"s2:13→1 / s3:2→1"
12	84	27	160	2	1	0	0	0	0	0	0	"s1:12→1 / s2:1→1 / s3:1→2"	"s2:2→1 / s3:13→1"
12	84	29	154	1	2	0	0	0	0	0	0	"s1:12→1 / s2:1→1 / s3:1→2"	"s3:13→1"
12	84	36	153	1	2	0	0	0	0	0	0	"s1:12→1 / s2:1→1 / s3:1→1"	"s3:2→1"
12	86	17	132	1	2	0	0	0	0	0	0	"{s2:1→1, s2:1→1 / s3:11→1}"	"{s1:12→1 / s3:4→1, s1:12→1 / s3:4→1}"
12	86	17	140	2	1	0	0	0	0	0	0	"s1:1→1 / s2:11→1 / s3:11→1"	"s2:13→1 / s3:4→1"
12	86	18	132	1	2	0	0	0	0	0	0	"s2:1→1 / s3:11→1"	"s1:12→1 / s3:14→1"
12	87	17	132	1	2	0	0	0	0	0	0	"{s1:12→1 / s2:1→1, s1:12→1 / s2:1→1 / s3:10→1, s1:12→1 / s2:1→1 / s3:10→1}"	"{s3:4→1, s3:14→1, s3:4→1}"
12	87	17	139	2	1	0	0	0	0	0	0	"{s1:1→1 / s2:12→1, s1:1→1 / s2:12→1 / s3:10→1, s1:1→1 / s2:12→1 / s3:10→1, 12→1, s1:1→1 / s2:12→1 / s3:12→1}"	"{s2:13→1 / s3:4→1, s2:13→1 / s3:4→1, s2:13→1 / s3:4→1, s2:13→1 / s3:4→1}"
12	88	17	139	2	1	0	0	0	0	0	0	"s1:1→1 / s2:11→1 / s3:11→1"	"s2:13→1 / s3:4→1"
12	90	17	132	1	2	0	0	0	0	0	0	"{s1:12→1 / s2:1→1 / s3:6→1, s1:12→1 / s2:1→1 / s3:6→1}"	"{s3:13→1, s3:14→1}"
12	98	16	155	2	0	1	0	0	0	0	0	"s1:12→1"	"s2:1→1 / s3:1→1"
12	98	16	156	2	0	1	0	0	0	0	0	"{s1:12→1 / s2:2→1, s1:12→1 / s2:2→1 / s3:2→1, 12→1, s1:12→1 / s2:2→2, 12→1}"	"{s2:11→1 / s3:1→1, s2:11→1 / s3:1→1, s2:11→1 / s3:1→1}"
12	98	16	162	0	3	0	0	0	0	0	0	"s1:12→1 / s2:2→1, 12→1 / s3:2→1, 12→1"	""
12	98	16	169	1	2	0	0	0	0	0	0	"{s1:12→1 / s2:2→1, 12→1, s1:12→1 / s2:2→1, 12→1 / s3:12→1, s1:12→1 / s2:2→1, 12→1 / s3:2→1, s1:12→1 / s2:2→1, 12→1 / s3:2→1, 12→1, s1:12→1 / s2:2→1, 12→1 / s3:2→1, 12→1, s1:12→1 / s2:2→1, 12→1 / s3:2→1, 12→1, s1:12→1 / s2:2→1, 12→1 / s3:2→1, 12→1, s1:12→1 / s2:2→1, 12→1 / s3:2→1, 12→2, s1:12→1 / s2:2→1, 12→1 / s3:2→1, 12→3, s1:12→1 / s2:2→1, 12→1 / s3:2→2, 12→1, s1:12→1 / s2:2→1, 12→1 / s3:2→2, 12→1, s1:12→1 / s2:2→1, 12→2, s1:12→1 / s2:2→2, 12→2, s1:12→1 / s2:2→2, 12→3, s1:2→1, 12→1 / s2:2→1, 12→2}"	"{s3:1→1, s3:1→1, s3:11→1, s3:11→1, s3:13→1, s3:14→1, s3:1→1, s3:1→1, s3:1→1, s3:11→1, s3:13→1, s3:1→1, s3:1→1, s3:1→1, s3:11→1}"
12	98	16	175	2	1	0	0	0	0	0	0	"{s1:12→1 / s2:12→1 / s3:12→1, s1:12→1 / s2:12→1 / s3:2→1, 12→2, s1:12→1 / s2:12→1 / s3:2→1, 12→3, s1:12→1 / s2:12→1 / s3:2→1, 12→4, s1:12→1 / s2:12→1 / s3:2→2, 12→3, s1:12→1 / s2:2→1, 12→1 / s3:2→1, 12→1, s1:12→1 / s2:2→1, 12→1 / s3:2→1, 12→1, s1:12→1 / s2:2→1, 12→1 / s3:2→1, 12→2, s1:12→1 / s2:2→1, 12→1 / s3:2→2, 12→2, s1:12→1 / s2:2→1, 12→1 / s3:2→2, 12→2, s1:12→1 / s2:2→1, 12→2 / s3:2→1, 12→2, s1:12→1 / s2:2→1, 12→2 / s3:2→1, 12→3, s1:12→1 / s2:2→1, 12→2 / s3:2→2, 12→3, s1:12→1 / s2:2→1, 12→3 / s3:2→1, 12→3, s1:12→1 / s2:2→1, 12→4 / s3:2→1, 12→4, s1:12→1 / s2:2→2, 12→1 / s3:2→3, 12→2, s1:12→1 / s3:12→1, s1:12→1 / s3:2→1, 12→2, s1:12→1 / s3:2→1, 12→3, s1:12→1 / s3:2→2, 12→3, s1:2→1, 12→1 / s2:12→1 / s3:12→1, s1:2→1, 12→1 / s3:12→1, s1:2→1, 12→2, s1:2→1, 12→2 / s2:12→1 / s3:12→1, s1:2→1, 12→2 / s2:12→1 / s3:12→2, s1:2→1, 12→2 / s3:12→1, s1:2→1, 12→3 / s2:12→1 / s3:12→1, s1:2→1, 12→3 / s3:12→1, s1:2→1, 12→3 / s3:12→2, s1:2→1, 12→4 / s3:12→1}"	"{s2:1→1 / s3:1→1, s2:1→1 / s3:1→1, s2:1→1 / s3:1→1, s2:1→1 / s3:1→1, s2:1→1 / s3:1→1, s2:13→1 / s3:13→1, s2:1→1 / s3:1→1, s2:13→1 / s3:13→1, s2:13→1 / s3:13→1, s2:1→1 / s3:1→1, s2:1→1 / s3:1→1, s2:1→1 / s3:1→1, s2:1→1 / s3:1→1, s2:1→1 / s3:1→1, s2:1→1 / s3:1→1, s2:13→1 / s3:13→1, s2:1→1 / s3:1→1, s2:1→1 / s3:1→1, s2:1→1 / s3:1→1, s2:1→1 / s3:1→1, s2:1→1 / s3:1→1, s2:1→1 / s3:1→1, s2:1→1 / s3:1→1, s2:1→1 / s3:1→1, s2:1→1 / s3:1→1, s2:1→1 / s3:1→1, s2:1→1 / s3:1→1, s2:1→1 / s3:1→1, s2:1→1 / s3:1→1, s2:1→1 / s3:1→1}"
12	98	16	176	2	1	0	0	0	0	0	0	"{s1:12→1 / s2:2→1, 12→1, s1:12→1 / s2:2→1, 12→1, s1:12→1 / s2:2→1, 12→1 / s3:12→1, s1:12→1 / s2:2→1, 12→1 / s3:12→1, s1:12→1 / s2:2→1, 12→1 / s3:2→1, 12→1, s1:12→1 / s2:2→1, 12→1 / s3:2→1, 12→1, s1:12→1 / s2:2→1, 12→1 / s3:2→1, 12→2, s1:12→1 / s2:2→1, 12→1 / s3:2→1, 12→2, s1:12→1 / s2:2→1, 12→1 / s3:2→1, 12→3, s1:12→1 / s2:2→1, 12→1 / s3:2→1, 12→3, s1:12→1 / s2:2→1, 12→1 / s3:2→2, 12→2, s1:12→1 / s2:2→1, 12→1 / s3:2→2, 12→3, s1:12→1 / s2:2→1, 12→1 / s3:2→2, 12→3, s1:12→1 / s2:2→1, 12→2, s1:12→1 / s2:2→1, 12→2, s1:12→1 / s2:2→1, 12→2 / s3:12→1, s1:12→1 / s2:2→1, 12→2 / s3:12→1, s1:12→1 / s2:2→1, 12→2 / s3:2→1, 12→2, s1:12→1 / s2:2→1 / s3:2→1, 12→1, s1:12→1 / s2:2→1 / s3:2→2, 12→1, s1:12→1 / s2:2→1 / s3:2→2, 12→2, s1:12→1 / s2:2→1 / s3:2→3, 12→2, s1:12→1 / s2:2→2, 12→1, s1:12→1 / s2:2→2, 12→1 / s3:2→1, 12→1, s1:12→1 / s2:2→2, 12→1 / s3:2→1, 12→1, s1:12→1 / s2:2→2, 12→1 / s3:2→2, 12→1, s1:12→1 / s2:2→2, 12→1 / s3:2→2, 12→2, s1:12→1 / s2:2→2, 12→2, s1:12→1 / s2:2→2, 12→2, s1:12→1 / s2:2→2, 12→2 / s3:12→1, s1:12→1 / s2:2→2, 12→2 / s3:2→1, 12→1, s1:12→1 / s2:2→2, 12→2 / s3:2→1, 12→2, s1:12→1 / s2:2→2, 12→2 / s3:2→1, 12→2, s1:12→1 / s2:2→2, 12→2 / s3:2→2, 12→2, s1:12→1 / s2:2→2, 12→3, s1:12→1 / s2:2→2, 12→3, s1:12→1 / s2:2→2, 12→3 / s3:12→1, s1:12→1 / s2:2→2, 12→3 / s3:12→1, s1:12→1 / s2:2→3, 12→2, s1:12→1 / s2:2→3, 12→2 / s3:2→1, 12→1, s1:12→1 / s2:2→3, 12→2 / s3:2→1, 12→1, s1:2→1, 12→1 / s2:12→1 / s3:12→1, s1:2→1, 12→1 / s2:12→1 / s3:2→1, 12→1, s1:2→1, 12→1 / s2:2→1, s1:2→1, 12→1 / s2:2→1, 12→1, s1:2→1, 12→1 / s2:2→1, 12→1 / s3:12→1, s1:2→1, 12→1 / s2:2→1, 12→2 / s3:12→1, s1:2→1, 12→1 / s3:12→1, s1:2→1, 12→1 / s3:2→1, 12→1, s1:2→1, 12→1 / s3:2→1, 12→2, s1:2→1, 12→1 / s3:2→1, 12→2, s1:2→1, 12→1 / s3:2→1, 12→3, s1:2→1, 12→2, s1:2→1, 12→2 / s2:12→1, s1:2→1, 12→2 / s2:2→1, 12→1, s1:2→1, 12→2 / s2:2→1, 12→1 / s3:12→1, s1:2→1, 12→2 / s2:2→1, 12→2, s1:2→1, 12→2 / s3:12→1, s1:2→1, 12→2 / s3:2→1, 12→2, s1:2→1, 12→2 / s3:2→1, 12→3, s1:2→1, 12→2 / s3:2→1, 12→4, s1:2→1, 12→3, s1:2→1, 12→3 / s3:12→1, s1:2→2, 12→3, s1:2→2, 12→3 / s3:12→1}"	"{s2:11→1 / s3:1→1, s2:13→1 / s3:1→1, s2:11→1 / s3:1→1, s2:13→1 / s3:1→1, s2:13→1 / s3:11→1, s2:13→1 / s3:1→1, s2:11→1 / s3:1→1, s2:13→1 / s3:1→1, s2:11→1 / s3:1→1, s2:13→1 / s3:1→1, s2:13→1 / s3:1→1, s2:11→1 / s3:1→1, s2:13→1 / s3:1→1, s2:11→1 / s3:1→1, s2:13→1 / s3:1→1, s2:11→1 / s3:1→1, s2:13→1 / s3:1→1, s2:13→1 / s3:1→1, s2:11→1 / s3:1→1, s2:11→1 / s3:13→1, s2:11→1 / s3:1→1, s2:11→1 / s3:13→1, s2:11→1 / s3:1→1, s2:11→1 / s3:1→1, s2:13→1 / s3:1→1, s2:13→1 / s3:11→1, s2:11→1 / s3:1→1, s2:11→1 / s3:1→1, s2:13→1 / s3:1→1, s2:11→1 / s3:1→1, s2:13→1 / s3:1→1, s2:11→1 / s3:1→1, s2:13→1 / s3:1→1, s2:13→1 / s3:1→1, s2:11→1 / s3:1→1, s2:13→1 / s3:1→1, s2:11→1 / s3:1→1, s2:13→1 / s3:1→1, s2:11→1 / s3:1→1, s2:11→1 / s3:1→1, s2:13→1 / s3:1→1, s2:13→1 / s3:1→1, s2:13→1 / s3:11→1, s2:11→1 / s3:1→1, s2:11→1 / s3:1→1, s2:11→1 / s3:1→1, s2:11→1 / s3:1→1, s2:11→1 / s3:1→1, s2:11→1 / s3:13→1, s2:11→1 / s3:13→1, s2:11→1 / s3:1→1, s2:11→1 / s3:1→1, s2:11→1 / s3:1→1, s2:13→1 / s3:1→1, s2:11→1 / s3:1→1, s2:11→1 / s3:1→1, s2:11→1 / s3:1→1, s2:11→1 / s3:1→1, s2:11→1 / s3:1→1, s2:11→1 / s3:1→1, s2:11→1 / s3:1→1, s2:11→1 / s3:1→1, s2:11→1 / s3:1→1, s2:11→1 / s3:1→1, s2:11→1 / s3:1→1}"
12	98	17	131	2	0	0	1	0	0	0	0	"s1:12→1"	"s2:1→1 / s3:1→1"
12	98	17	132	2	0	0	1	0	0	0	0	"{s1:12→1 / s2:2→1, s1:12→1 / s2:2→2, s1:12→1 / s2:2→3}"	"{s2:11→1 / s3:1→1, s2:11→1 / s3:1→1, s2:11→1 / s3:1→1}"
12	98	17	149	1	1	1	0	0	0	0	0	"{s1:12→1 / s2:2→1, 12→1, s1:12→1 / s2:2→2, 12→1}"	"{s3:1→1, s3:1→1}"
12	98	17	155	2	0	1	0	0	0	0	0	"{s1:12→1 / s2:12→1 / s3:12→1, s1:12→1 / s2:2→1, 12→1 / s3:2→1, 12→1, s1:12→1 / s2:2→1, 12→1 / s3:2→2, 12→1, s1:12→1 / s3:12→1, s1:12→1 / s3:2→1, 12→1, s1:12→1 / s3:2→1, 12→2, s1:12→1 / s3:2→1, 12→3, s1:12→1 / s3:2→2, 12→1, s1:12→1 / s3:2→2, 12→2, s1:12→1 / s3:2→2, 12→3, s1:12→1 / s3:2→3, 12→1, s1:12→1 / s3:2→3, 12→2, s1:12→1 / s3:2→4, 12→1}"	"{s2:1→1 / s3:1→1, s2:1→1 / s3:1→1, s2:1→1 / s3:1→1, s2:1→1 / s3:1→1, s2:1→1 / s3:1→1, s2:1→1 / s3:1→1, s2:1→1 / s3:1→1, s2:1→1 / s3:1→1, s2:1→1 / s3:1→1, s2:1→1 / s3:1→1, s2:1→1 / s3:1→1, s2:1→1 / s3:1→1, s2:1→1 / s3:1→1}"
12	98	17	156	2	0	1	0	0	0	0	0	"{s1:12→1 / s2:2→1, 12→1, s1:12→1 / s2:2→1 / s3:2→2, 12→1, s1:12→1 / s2:2→2, s1:12→1 / s2:2→2 / s3:2→2, 12→1, s1:12→1 / s2:2→3, s1:12→1 / s2:2→3, 12→1, s1:12→1 / s2:2→4, 12→1}"	"{s2:11→1 / s3:1→1, s2:11→1 / s3:1→1, s2:11→1 / s3:1→1, s2:11→1 / s3:1→1, s2:11→1 / s3:1→1, s2:11→1 / s3:1→1, s2:11→1 / s3:1→1}"
12	98	17	169	1	2	0	0	0	0	0	0	"{s1:12→1 / s2:2→1, 12→2, s1:2→1, 12→1 / s2:2→1, 12→1}"	"{s3:11→1, s3:11→1}"
12	98	17	175	2	1	0	0	0	0	0	0	"{s1:12→1 / s2:12→1 / s3:12→2, s1:12→1 / s2:2→1, 12→3 / s3:2→1, 12→4, s1:12→1 / s2:2→2, 12→1 / s3:2→2, 12→1, s1:12→1 / s3:2→1, 12→1, s1:12→1 / s3:2→1, 12→4, s1:12→1 / s3:2→2, 12→2, s1:2→1, 12→1}"	"{s2:1→1 / s3:1→1, s2:1→1 / s3:1→1, s2:13→1 / s3:13→1, s2:1→1 / s3:1→1, s2:1→1 / s3:1→1, s2:1→1 / s3:1→1, s2:1→1 / s3:1→1}"
12	98	17	176	2	1	0	0	0	0	0	0	"{s1:12→1 / s2:2→1, s1:12→1 / s2:2→1, 12→3 / s3:12→1, s1:12→1 / s2:2→1, 12→3 / s3:12→1, s1:12→1 / s2:2→1, 12→4 / s3:12→1, s1:12→1 / s2:2→1, 12→4 / s3:12→1, s1:12→1 / s2:2→1 / s3:2→3, 12→2, s1:12→1 / s2:2→2, 12→1, s1:12→1 / s2:2→2, 12→1 / s3:2→2, 12→2, s1:12→1 / s2:2→2, 12→1 / s3:2→3, 12→1, s1:12→1 / s2:2→3, 12→2, s1:12→1 / s3:12→1, s1:12→1 / s3:12→2, s1:12→1 / s3:2→1, 12→2, s1:12→1 / s3:2→1, 12→2, s1:12→1 / s3:2→1, 12→3, s1:12→1 / s3:2→1, 12→3, s1:12→1 / s3:2→1, 12→4, s1:12→1 / s3:2→1, 12→4, s1:12→1 / s3:2→2, 12→3, s1:2→1, 12→1, s1:2→1, 12→1 / s2:2→1 / s3:12→1, s1:2→1, 12→1 / s3:2→1, 12→1, s1:2→1, 12→1 / s3:2→1, 12→3, s1:2→1, 12→4, s1:2→2, 12→2}"	"{s2:11→1 / s3:1→1, s2:11→1 / s3:1→1, s2:13→1 / s3:1→1, s2:11→1 / s3:1→1, s2:13→1 / s3:1→1, s2:11→1 / s3:1→1, s2:13→1 / s3:1→1, s2:13→1 / s3:1→1, s2:13→1 / s3:11→1, s2:13→1 / s3:1→1, s2:11→1 / s3:1→1, s2:11→1 / s3:1→1, s2:11→1 / s3:13→1, s2:11→1 / s3:1→1, s2:11→1 / s3:13→1, s2:11→1 / s3:1→1, s2:11→1 / s3:13→1, s2:11→1 / s3:1→1, s2:11→1 / s3:13→1, s2:11→1 / s3:1→1, s2:11→1 / s3:1→1, s2:11→1 / s3:1→1, s2:11→1 / s3:13→1, s2:11→1 / s3:1→1, s2:11→1 / s3:1→1}"
12	98	18	105	2	0	0	0	1	0	0	0	"{s1:12→1, s1:12→1 / s2:2→1 / s3:2→1, s1:12→1 / s2:2→1 / s3:2→2, s1:12→1 / s3:2→1, s1:12→1 / s3:2→2, s1:12→1 / s3:2→3, s1:12→1 / s3:2→4, s1:12→1 / s3:2→5}"	"{s2:1→1 / s3:1→1, s2:1→1 / s3:1→1, s2:1→1 / s3:1→1, s2:1→1 / s3:1→1, s2:1→1 / s3:1→1, s2:1→1 / s3:1→1, s2:1→1 / s3:1→1, s2:1→1 / s3:1→1}"
12	98	18	118	0	2	0	1	0	0	0	0	"s1:12→1 / s2:2→1 / s3:2→1"	""
12	98	18	125	1	1	0	1	0	0	0	0	"{s1:12→1 / s2:2→1, s1:12→1 / s2:2→1 / s3:2→1, s1:12→1 / s2:2→1 / s3:2→1, s1:12→1 / s2:2→1 / s3:2→1, s1:12→1 / s2:2→1 / s3:2→2, s1:12→1 / s2:2→1 / s3:2→3, s1:12→1 / s2:2→1 / s3:2→4, s1:12→1 / s2:2→2}"	"{s3:1→1, s3:11→1, s3:14→1, s3:1→1, s3:11→1, s3:11→1, s3:11→1, s3:1→1}"
12	98	18	131	2	0	0	1	0	0	0	0	"{s1:12→1 / s2:2→1 / s3:2→1, s1:12→1 / s2:2→1 / s3:2→2, s1:12→1 / s3:2→1, s1:12→1 / s3:2→2, s1:12→1 / s3:2→3, s1:12→1 / s3:2→4, s1:12→1 / s3:2→5}"	"{s2:1→1 / s3:1→1, s2:1→1 / s3:1→1, s2:1→1 / s3:1→1, s2:1→1 / s3:1→1, s2:1→1 / s3:1→1, s2:1→1 / s3:1→1, s2:1→1 / s3:1→1}"
12	98	18	132	2	0	0	1	0	0	0	0	"{s1:12→1 / s2:2→2 / s3:2→1, s1:12→1 / s2:2→3 / s3:2→1, s1:12→1 / s2:2→4, s1:12→1 / s2:2→4 / s3:2→1, s1:12→1 / s2:2→5, s1:12→1 / s2:2→5 / s3:2→1}"	"{s2:11→1 / s3:1→1, s2:11→1 / s3:1→1, s2:11→1 / s3:1→1, s2:11→1 / s3:1→1, s2:11→1 / s3:1→1, s2:11→1 / s3:1→1}"
12	98	18	149	1	1	1	0	0	0	0	0	"s1:12→1 / s2:2→1 / s3:2→2"	"s3:11→1"
12	98	18	155	2	0	1	0	0	0	0	0	"s1:12→1 / s3:2→1, 12→4"	"s2:1→1 / s3:1→1"
12	98	18	156	2	0	1	0	0	0	0	0	"{s1:12→1 / s2:2→4, s1:12→1 / s2:2→5, s1:12→1 / s3:12→1}"	"{s2:11→1 / s3:1→1, s2:11→1 / s3:1→1, s2:11→1 / s3:1→1}"
12	98	18	169	1	2	0	0	0	0	0	0	"{s1:12→1 / s2:12→1 / s3:12→1, s1:12→1 / s2:2→1, 12→3}"	"{s3:1→1, s3:1→1}"
12	98	18	175	2	1	0	0	0	0	0	0	"{s1:12→1 / s2:12→2 / s3:12→2, s1:12→1 / s2:12→2 / s3:12→3, s1:12→1 / s2:12→2 / s3:2→1, 12→4, s1:12→1 / s2:12→3 / s3:12→3, s1:12→1 / s3:2→3, 12→2, s1:2→1}"	"{s2:1→1 / s3:1→1, s2:1→1 / s3:1→1, s2:1→1 / s3:1→1, s2:1→1 / s3:1→1, s2:1→1 / s3:1→1, s2:1→1 / s3:1→1}"
12	98	18	176	2	1	0	0	0	0	0	0	"{s1:12→1 / s2:2→1, 12→3, s1:12→1 / s2:2→3, 12→1 / s3:2→1, 12→1, s1:12→1 / s3:12→3, s1:2→1 / s2:2→1}"	"{s2:13→1 / s3:1→1, s2:11→1 / s3:1→1, s2:11→1 / s3:1→1, s2:11→1 / s3:1→1}"
12	98	19	92	0	2	0	0	1	0	0	0	"s1:12→1 / s2:2→1 / s3:2→1"	""
12	98	19	99	1	1	0	0	1	0	0	0	"{s1:12→1 / s2:2→1, s1:12→1 / s2:2→1 / s3:2→1, s1:12→1 / s2:2→1 / s3:2→1, s1:12→1 / s2:2→2}"	"{s3:1→1, s3:14→1, s3:1→1, s3:1→1}"
12	98	19	149	1	1	1	0	0	0	0	0	"{s1:12→1 / s2:2→1, s1:12→1 / s2:2→1 / s3:2→3, s1:12→1 / s2:2→1 / s3:2→3, 12→1, s1:12→1 / s2:2→1 / s3:2→4, s1:12→1 / s2:2→1 / s3:2→4, 12→1}"	"{s3:1→1, s3:11→1, s3:11→1, s3:11→1, s3:11→1}"
12	98	19	169	1	2	0	0	0	0	0	0	"{s1:12→1 / s2:12→1, s1:12→1 / s2:12→1 / s3:12→2, s1:12→1 / s2:12→1 / s3:12→3, s1:12→1 / s2:12→1 / s3:12→4, s1:12→1 / s2:12→1 / s3:2→1, 12→3, s1:12→1 / s2:12→1 / s3:2→1, 12→4}"	"{s3:11→1, s3:1→1, s3:1→1, s3:1→1, s3:1→1, s3:1→1}"
12	98	19	175	2	1	0	0	0	0	0	0	"{s1:12→1 / s2:12→1 / s3:12→3, s1:12→1 / s2:12→2 / s3:12→4, s1:12→1 / s2:12→3 / s3:12→4, s1:12→1 / s2:12→3 / s3:12→5, s1:12→1 / s2:12→4 / s3:12→4, s1:12→1 / s2:2→3, 12→1 / s3:2→3, 12→1}"	"{s2:1→1 / s3:1→1, s2:1→1 / s3:1→1, s2:1→1 / s3:1→1, s2:1→1 / s3:1→1, s2:1→1 / s3:1→1, s2:13→1 / s3:13→1}"
12	98	20	142	0	2	1	0	0	0	0	0	"s1:12→1 / s2:2→1 / s3:2→1"	""
12	98	20	149	1	1	1	0	0	0	0	0	"{s1:12→1 / s2:2→1 / s3:2→1, s1:12→1 / s2:2→1 / s3:2→1, s1:12→1 / s2:2→1 / s3:2→1}"	"{s3:11→1, s3:14→1, s3:1→1}"
12	98	20	155	2	0	1	0	0	0	0	0	"s1:12→1 / s3:2→1"	"s2:1→1 / s3:1→1"
12	98	20	156	2	0	1	0	0	0	0	0	"{s1:12→1 / s2:2→4 / s3:2→1, s1:12→1 / s2:2→5 / s3:2→1}"	"{s2:11→1 / s3:1→1, s2:11→1 / s3:1→1}"
12	98	20	162	0	3	0	0	0	0	0	0	"s1:12→1 / s2:12→1 / s3:12→1"	""
12	98	20	169	1	2	0	0	0	0	0	0	"s1:12→1 / s2:12→1 / s3:12→1"	"s3:11→1"
12	98	21	132	2	0	0	1	0	0	0	0	"s1:12→1"	"s2:11→1 / s3:1→1"
12	98	21	149	1	1	1	0	0	0	0	0	"s1:12→1 / s2:2→2"	"s3:1→1"
12	98	21	155	2	0	1	0	0	0	0	0	"{s1:12→1 / s2:2→1 / s3:2→1, s1:12→1 / s2:2→1 / s3:2→2, s1:12→1 / s3:2→2, s1:12→1 / s3:2→3, s1:12→1 / s3:2→4, s1:12→1 / s3:2→5}"	"{s2:1→1 / s3:1→1, s2:1→1 / s3:1→1, s2:1→1 / s3:1→1, s2:1→1 / s3:1→1, s2:1→1 / s3:1→1, s2:1→1 / s3:1→1}"
12	98	22	156	2	0	1	0	0	0	0	0	"s1:12→1"	"s2:11→1 / s3:1→1"
12	98	23	156	2	0	1	0	0	0	0	0	"s1:12→1 / s2:2→3 / s3:2→1"	"s2:11→1 / s3:1→1"
12	98	30	155	2	0	1	0	0	0	0	0	"s1:12→1 / s3:12→2"	"s2:1→1 / s3:1→1"
12	98	36	149	1	1	1	0	0	0	0	0	"{s1:12→1 / s2:2→1 / s3:2→1, 12→1, s1:12→1 / s2:2→1 / s3:2→1, 12→1}"	"{s3:14→1, s3:1→1}"
12	100	17	132	2	1	0	0	0	0	0	0	"s1:12→1"	"s2:5→1 / s3:1→1"
12	113	16	151	0	3	0	0	0	0	0	0	"{s1:9→1 / s2:4→1 / s3:1→1, s2:4→1 / s3:1→1, s2:4→1 / s3:1→1, 9→1, s2:9→1 / s3:1→1, s2:9→1 / s3:1→1, 4→1}"	"{s3:12→1, s1:12→1, s1:12→1, s1:12→1, s1:12→1}"
12	113	16	152	0	3	0	0	0	0	0	0	"{s1:4→1, 9→1 / s2:1→1 / s3:1→1, 11→1, s1:4→1 / s2:1→1, 11→1 / s3:1→1, 9→1, s1:4→1 / s2:1→1 / s3:1→1, 9→1, 11→1, s1:9→1 / s2:1→1, 11→1 / s3:1→1, 4→1, s1:9→1 / s2:1→1 / s3:1→1, 4→1, 11→1, s1:9→1 / s2:4→1 / s3:1→1, s1:9→1 / s2:4→1 / s3:1→2, 11→1}"	""
12	113	16	158	1	2	0	0	0	0	0	0	"{s2:1→1 / s3:1→1, 4→1, 11→1, s2:1→1 / s3:1→1, 4→1, 9→1, 11→1, s2:1→1 / s3:1→1, 4→1, 9→2, s2:1→1 / s3:1→1, 4→1, 9→2, 11→1, s2:1→1 / s3:1→1, 4→2, 11→1, s2:1→1 / s3:1→1, 4→2, 9→1, 11→1, s2:1→1 / s3:1→1, 4→2, 9→2, s2:1→1 / s3:1→2, 4→1, 9→1, 11→1, s2:1→1 / s3:1→2, 9→2, 11→1, s2:1→1 / s3:4→1, s2:1→1 / s3:4→1, 9→1, s2:1→1 / s3:9→1}"	"{s1:12→1 / s3:14→1, s1:12→1 / s3:14→1, s1:12→1 / s3:14→1, s1:12→1 / s3:14→1, s1:12→1 / s3:14→1, s1:12→1 / s3:14→1, s1:12→1 / s3:14→1, s1:12→1 / s3:14→1, s1:12→1 / s3:14→1, s1:12→1 / s3:14→1, s1:12→1 / s3:14→1, s1:12→1 / s3:14→1}"
12	113	16	159	1	2	0	0	0	0	0	0	"{s1:1→1 / s2:1→1, 11→1 / s3:4→1, s1:1→1 / s2:1→1, 11→1 / s3:9→1, s1:1→1 / s2:1→1, 4→1, 11→1 / s3:9→1, s1:4→1, 9→1 / s2:1→1 / s3:11→1, s1:4→1 / s2:1→1 / s3:11→1, s1:4→1 / s2:1→1 / s3:1→1, 11→1, s1:4→1 / s2:1→1 / s3:1→1, 11→2, s1:4→1 / s2:1→1 / s3:1→1, 9→1, 11→1, s1:4→1 / s2:1→1 / s3:1→1, 9→1, 11→2, s1:4→1 / s2:1→1 / s3:1→1, 9→2, 11→1, s1:4→1 / s2:1→1 / s3:1→1, 9→2, 11→2, s1:4→1 / s2:1→1 / s3:1→1, 9→3, 11→1, s1:4→1 / s2:1→1 / s3:1→2, 11→2, s1:4→1 / s2:1→1 / s3:1→2, 11→3, s1:4→1 / s2:1→1 / s3:1→2, 9→1, 11→2, s1:4→1 / s2:1→1 / s3:1→2, 9→2, 11→1, s1:4→1 / s2:1→1 / s3:9→1, s1:9→1 / s2:1→1 / s3:1→1, 11→1, s1:9→1 / s2:1→1 / s3:1→1, 4→1, 11→1, s1:9→1 / s2:1→1 / s3:1→1, 4→1, 11→2, s1:9→1 / s2:1→1 / s3:1→1, 4→2, 11→1, s1:9→1 / s2:1→1 / s3:1→1, 4→2, 11→2, s1:9→1 / s2:1→1 / s3:1→1, 4→3, 11→1, s1:9→1 / s2:1→1 / s3:1→2, 11→2, s1:9→1 / s2:1→1 / s3:1→2, 4→1, 11→2, s1:9→1 / s2:1→1 / s3:4→1, s1:9→1 / s2:1→1 / s3:4→1, 11→1}"	"{s3:13→1, s3:13→1, s3:13→1, s3:14→1, s3:14→1, s3:14→1, s3:14→1, s3:14→1, s3:14→1, s3:14→1, s3:14→1, s3:14→1, s3:14→1, s3:14→1, s3:14→1, s3:14→1, s3:14→1, s3:14→1, s3:14→1, s3:14→1, s3:14→1, s3:14→1, s3:14→1, s3:14→1, s3:14→1, s3:14→1, s3:14→1}"
12	113	16	165	2	1	0	0	0	0	0	0	"{s1:1→1 / s2:11→1 / s3:1→1, 11→1, s1:1→1 / s2:11→1 / s3:1→1, 9→1, 11→1, s1:1→1 / s2:11→1 / s3:1→1, 9→2, 11→1, s1:1→1 / s2:11→1 / s3:1→1, 9→3, 11→1, s1:1→1 / s2:11→1 / s3:4→2, 11→1, s1:1→1 / s2:11→1 / s3:4→2, 9→1, 11→1, s1:1→1 / s2:11→1 / s3:9→1, s1:1→1 / s2:1→1, 11→1 / s3:1→1, 4→1, 11→1, s1:1→1 / s2:1→1, 11→1 / s3:1→1, 4→1, 9→1, 11→1, s1:1→1 / s2:1→1, 11→1 / s3:1→1, 9→1, 11→1, s1:1→1 / s2:1→1, 11→1 / s3:1→2, 4→1, 9→1, 11→1, s1:1→1 / s2:1→1, 11→1 / s3:1→2, 9→1, 11→1, s1:1→1 / s2:1→1, 11→1 / s3:1→2, 9→2, 11→1, s1:1→1 / s2:1→1, 4→1, 11→1 / s3:1→1, 4→1, 11→1, s1:1→1 / s2:1→1, 4→1, 11→1 / s3:1→1, 4→1, 9→1, 11→1, s1:1→1 / s2:1→1, 4→1, 11→1 / s3:1→2, 4→1, 9→1, 11→1, s1:1→1 / s2:1→1, 4→1, 9→1, 11→1 / s3:1→1, 4→1, 9→1, 11→1, s1:1→1 / s2:1→1, 4→1, 9→1, 11→1 / s3:1→2, 4→1, 9→1, 11→1, s1:1→1 / s2:1→1, 9→1, 11→1 / s3:1→1, 4→1, 11→1, s1:1→1 / s2:1→1, 9→1, 11→1 / s3:1→1, 4→1, 9→1, 11→1, s1:1→1 / s2:1→1, 9→1, 11→1 / s3:1→1, 9→1, 11→1, s1:1→1 / s2:1→1, 9→1, 11→1 / s3:1→2, 4→1, 9→1, 11→1, s1:1→1 / s2:1→1, 9→1, 11→1 / s3:1→2, 9→1, 11→1, s1:1→1 / s2:4→1, 11→1 / s3:1→1, 4→1, 11→1, s1:1→1 / s2:4→1, 11→1 / s3:1→1, 4→1, 9→1, 11→1, s1:1→1 / s2:4→1, 11→1 / s3:1→1, 4→1, 9→2, 11→1, s1:1→1 / s2:4→1, 11→1 / s3:4→1, 11→1, s1:1→1 / s2:4→1, 11→1 / s3:4→1, 9→1, s1:1→1 / s2:4→1, 11→1 / s3:4→1, 9→1, 11→1, s1:1→1 / s2:4→1, 9→1 / s3:1→1, 4→1, 11→1, s1:1→1 / s2:4→1, 9→1 / s3:1→1, 4→1, 9→1, 11→1, s1:1→1 / s2:4→1, 9→1 / s3:1→1, 9→1, 11→1, s1:1→1 / s2:4→1, 9→1 / s3:1→2, 4→1, 9→1, 11→1, s1:1→1 / s2:4→1, 9→1 / s3:4→1, 9→1, 11→1, s1:1→1 / s2:4→1 / s3:1→1, 11→1, s1:1→1 / s2:4→1 / s3:1→1, 4→1, 9→1, 11→1, s1:1→1 / s2:4→1 / s3:1→1, 4→1, 9→3, s1:1→1 / s2:4→1 / s3:1→2, 4→1, 11→2, s1:1→1 / s2:4→1 / s3:1→2, 9→1, 11→1, s1:1→1 / s2:4→1 / s3:4→1, 11→1, s1:1→1 / s2:9→1 / s3:1→1, 11→1, s1:1→1 / s2:9→1 / s3:1→1, 11→2, s1:1→1 / s2:9→1 / s3:1→1, 4→1, 11→1, s1:1→1 / s2:9→1 / s3:1→1, 4→1, 11→2, s1:1→1 / s2:9→1 / s3:1→1, 4→1, 9→1, 11→1, s1:1→1 / s2:9→1 / s3:1→1, 4→1, 9→1, 11→2, s1:1→1 / s2:9→1 / s3:1→1, 4→2, 11→1, s1:1→1 / s2:9→1 / s3:1→1, 4→2, 11→2, s1:1→1 / s2:9→1 / s3:1→1, 4→2, 9→1, 11→1, s1:1→1 / s2:9→1 / s3:1→1, 9→1, 11→1, s1:1→1 / s2:9→1 / s3:1→1, 9→1, 11→2, s1:1→1 / s2:9→1 / s3:1→2, 11→2, s1:1→1 / s2:9→1 / s3:1→2, 11→3, s1:1→1 / s2:9→1 / s3:1→2, 4→1, 11→2, s1:1→1 / s2:9→1 / s3:1→2, 4→1, 9→1, 11→1, s1:1→1 / s2:9→1 / s3:1→2, 9→1, 11→1, s1:1→1 / s2:9→1 / s3:1→2, 9→1, 11→2, s1:1→1 / s2:9→1 / s3:4→1, s1:1→1 / s2:9→1 / s3:4→1, 11→1, s1:1→1 / s2:9→1 / s3:4→1, 9→1, s1:1→1 / s2:9→1 / s3:4→1, 9→1, 11→1, s1:1→1 / s2:9→1 / s3:4→2, 9→1, 11→1}"	"{s2:13→1 / s3:13→1, s2:13→1 / s3:13→1, s2:13→1 / s3:13→1, s2:13→1 / s3:13→1, s2:13→1 / s3:13→1, s2:13→1 / s3:13→1, s2:13→1 / s3:13→1, s2:13→1 / s3:13→1, s2:13→1 / s3:13→1, s2:13→1 / s3:13→1, s2:13→1 / s3:13→1, s2:13→1 / s3:13→1, s2:13→1 / s3:13→1, s2:13→1 / s3:13→1, s2:13→1 / s3:13→1, s2:13→1 / s3:13→1, s2:13→1 / s3:13→1, s2:13→1 / s3:13→1, s2:13→1 / s3:13→1, s2:13→1 / s3:13→1, s2:13→1 / s3:13→1, s2:13→1 / s3:13→1, s2:13→1 / s3:13→1, s2:13→1 / s3:13→1, s2:13→1 / s3:13→1, s2:13→1 / s3:13→1, s2:13→1 / s3:13→1, s2:13→1 / s3:13→1, s2:13→1 / s3:13→1, s2:13→1 / s3:13→1, s2:13→1 / s3:13→1, s2:13→1 / s3:13→1, s2:13→1 / s3:13→1, s2:13→1 / s3:13→1, s2:13→1 / s3:13→1, s2:13→1 / s3:13→1, s2:13→1 / s3:13→1, s2:13→1 / s3:13→1, s2:13→1 / s3:13→1, s2:13→1 / s3:13→1, s2:13→1 / s3:13→1, s2:13→1 / s3:13→1, s2:13→1 / s3:13→1, s2:13→1 / s3:13→1, s2:13→1 / s3:13→1, s2:13→1 / s3:13→1, s2:13→1 / s3:13→1, s2:13→1 / s3:13→1, s2:13→1 / s3:13→1, s2:13→1 / s3:13→1, s2:13→1 / s3:13→1, s2:13→1 / s3:13→1, s2:13→1 / s3:13→1, s2:13→1 / s3:13→1, s2:13→1 / s3:13→1, s2:13→1 / s3:13→1, s2:13→1 / s3:13→1, s2:13→1 / s3:13→1, s2:13→1 / s3:13→1, s2:13→1 / s3:13→1, s2:13→1 / s3:13→1, s2:13→1 / s3:13→1}"
12	113	17	131	0	2	1	0	0	0	0	0	"{s1:1→1 / s3:4→1, s1:1→1 / s3:4→1, 9→1, s1:1→1 / s3:9→1}"	"{s2:12→1, s2:12→1, s2:12→1}"
12	113	17	132	0	2	1	0	0	0	0	0	"{s1:1→1 / s2:11→1 / s3:4→1, s1:1→1 / s2:11→1 / s3:4→1, 9→1, s1:1→1 / s2:4→1, 9→1 / s3:1→1, 11→1, s1:1→1 / s2:4→1 / s3:1→1, 11→1, s1:1→1 / s2:4→1 / s3:1→1, 9→1, 11→1, s1:1→1 / s2:9→1 / s3:1→1, 11→1, s1:1→1 / s2:9→1 / s3:1→1, 4→1, 11→1, s1:1→1 / s2:9→1 / s3:4→1, s1:1→1 / s2:9→1 / s3:4→1, 11→1}"	""
12	113	17	151	0	3	0	0	0	0	0	0	"{s1:4→1 / s2:1→1 / s3:1→1, s1:4→1 / s2:1→1 / s3:1→1, 9→1, s1:4→1 / s2:1→1 / s3:1→2, 9→1, s1:9→1 / s2:1→1 / s3:1→1, s1:9→1 / s2:1→1 / s3:1→1, 4→1, s1:9→1 / s2:4→1 / s3:1→2, s2:1→1, 4→1 / s3:1→2, 9→1, s2:1→1, 9→1 / s3:1→1, 4→1, s2:1→1 / s3:1→1, 4→1, 9→1, s2:1→1 / s3:1→1, 9→1, s2:4→1, 9→1 / s3:1→1, s2:4→1 / s3:1→2, 9→1, s2:9→1 / s3:4→1}"	"{s3:12→1, s2:12→1, s2:12→1, s3:12→1, s2:12→1, s3:12→1, s1:12→1, s1:12→1, s1:12→1, s1:12→1, s1:12→1, s1:12→1, s1:12→1}"
12	113	17	152	0	3	0	0	0	0	0	0	"{s1:1→1, 11→1 / s2:1→1, 9→1 / s3:1→1, 4→1, s1:1→1 / s2:1→1, 11→1 / s3:1→1, 4→1, 9→1, s1:1→1 / s2:1→1, 11→1 / s3:1→1, 9→1, s1:1→1 / s2:1→1, 9→1 / s3:1→1, 4→1, 11→1, s1:4→1 / s2:1→1, 9→1 / s3:1→2, 11→1, s1:4→1 / s2:1→1, 9→1 / s3:1→3, 11→1, s1:4→1 / s2:1→1 / s3:1→1, 11→1, s1:4→1 / s2:1→1 / s3:1→1, 9→1, s1:4→1 / s2:1→1 / s3:1→2, 11→1, s1:4→1 / s2:1→1 / s3:1→2, 9→1, 11→1, s1:4→1 / s2:1→1 / s3:1→3, 9→1, 11→1, s1:9→1 / s2:1→1, 4→1 / s3:1→2, 11→1, s1:9→1 / s2:1→1, 4→1 / s3:1→3, 11→1, s1:9→1 / s2:1→1 / s3:1→1, 11→1, s1:9→1 / s2:1→1 / s3:1→2, 11→1, s1:9→1 / s2:1→1 / s3:1→2, 4→1, 11→1, s1:9→1 / s2:1→1 / s3:1→3, 4→1, 11→1, s1:9→1 / s2:4→1 / s3:1→1, 11→1, s1:9→1 / s2:4→1 / s3:1→3, 11→1}"	""
12	113	17	158	1	2	0	0	0	0	0	0	"{s1:1→1 / s2:1→1 / s3:4→1, s1:1→1 / s2:1→1 / s3:9→1, s2:1→1 / s3:1→1, 11→1, s2:1→1 / s3:1→1, 4→1, 9→1, s2:1→1 / s3:1→1, 4→1, 9→3, s2:1→1 / s3:1→1, 4→2, 9→1, s2:1→1 / s3:1→1, 4→3, 11→1, s2:1→1 / s3:1→1, 4→3, 9→1, s2:1→1 / s3:1→1, 9→1, s2:1→1 / s3:1→1, 9→1, 11→1, s2:1→1 / s3:1→1, 9→2, s2:1→1 / s3:1→1, 9→2, 11→1, s2:1→1 / s3:1→1, 9→3, s2:1→1 / s3:1→1, 9→3, 11→1, s2:1→1 / s3:1→2, 11→1, s2:1→1 / s3:1→2, 4→1, 11→1, s2:1→1 / s3:1→2, 4→1, 9→2, s2:1→1 / s3:1→2, 4→2, 11→1, s2:1→1 / s3:1→2, 4→2, 9→1, s2:1→1 / s3:1→2, 9→1, 11→1, s2:1→1 / s3:1→2, 9→2, s2:1→1 / s3:1→2, 9→3, s2:1→1 / s3:1→3, 4→1, 11→1, s2:1→1 / s3:1→3, 9→1, 11→1, s2:1→1 / s3:4→1, 11→1, s2:1→1 / s3:4→1, 9→1, 11→1, s2:1→1 / s3:4→1, 9→2, s2:1→1 / s3:4→2, 11→1, s2:1→1 / s3:4→2, 9→1, s2:1→1 / s3:4→2, 9→1, 11→1, s2:1→1 / s3:4→2, 9→2, s2:1→1 / s3:4→2, 9→2, 11→1, s2:1→1 / s3:4→3, 11→1, s2:1→1 / s3:4→3, 9→1, 11→1, s2:1→1 / s3:4→3, 9→2}"	"{s2:12→1 / s3:13→1, s2:12→1 / s3:13→1, s1:12→1 / s3:14→1, s1:12→1 / s3:14→1, s1:12→1 / s3:14→1, s1:12→1 / s3:14→1, s1:12→1 / s3:14→1, s1:12→1 / s3:14→1, s1:12→1 / s3:14→1, s1:12→1 / s3:14→1, s1:12→1 / s3:14→1, s1:12→1 / s3:14→1, s1:12→1 / s3:14→1, s1:12→1 / s3:14→1, s1:12→1 / s3:14→1, s1:12→1 / s3:14→1, s1:12→1 / s3:14→1, s1:12→1 / s3:14→1, s1:12→1 / s3:14→1, s1:12→1 / s3:14→1, s1:12→1 / s3:14→1, s1:12→1 / s3:14→1, s1:12→1 / s3:14→1, s1:12→1 / s3:14→1, s1:12→1 / s3:14→1, s1:12→1 / s3:14→1, s1:12→1 / s3:14→1, s1:12→1 / s3:14→1, s1:12→1 / s3:14→1, s1:12→1 / s3:14→1, s1:12→1 / s3:14→1, s1:12→1 / s3:14→1, s1:12→1 / s3:14→1, s1:12→1 / s3:14→1, s1:12→1 / s3:14→1}"
12	113	17	159	1	2	0	0	0	0	0	0	"{s1:1→1 / s2:1→1, 9→1 / s3:1→1, 11→1, s1:1→1 / s2:1→1, 9→1 / s3:1→1, 4→1, 11→1, s1:1→1 / s2:1→1, 9→1 / s3:4→1, s1:1→1 / s2:1→2, 11→1 / s3:4→1, s1:1→1 / s2:1→2, 4→1, 11→1 / s3:9→1, s1:4→1 / s2:1→1 / s3:1→1, 9→1, s1:4→1 / s2:1→1 / s3:1→1, 9→2, s1:4→1 / s2:1→1 / s3:1→1, 9→3, s1:4→1 / s2:1→1 / s3:1→2, 11→1, s1:4→1 / s2:1→1 / s3:1→2, 9→1, 11→1, s1:4→1 / s2:1→1 / s3:1→2, 9→2, s1:4→1 / s2:1→1 / s3:1→2, 9→3, s1:4→1 / s2:1→1 / s3:1→3, 11→1, s1:4→1 / s2:1→1 / s3:1→3, 11→2, s1:4→1 / s2:1→1 / s3:1→3, 9→1, 11→1, s1:9→1 / s2:1→1 / s3:11→1, s1:9→1 / s2:1→1 / s3:1→1, 11→2, s1:9→1 / s2:1→1 / s3:1→1, 11→3, s1:9→1 / s2:1→1 / s3:1→1, 4→1, 11→3, s1:9→1 / s2:1→1 / s3:1→2, 11→1, s1:9→1 / s2:1→1 / s3:1→2, 11→3, s1:9→1 / s2:1→1 / s3:1→2, 4→1, 11→1, s1:9→1 / s2:1→1 / s3:1→2, 4→2, 11→1, s1:9→1 / s2:1→1 / s3:1→3, 11→2, s1:9→1 / s2:1→1 / s3:1→3, 4→1, 11→1, s1:9→1 / s2:1→1 / s3:4→2, 11→1, s1:9→1 / s2:1→1 / s3:4→2, 11→2, s1:9→1 / s2:1→1 / s3:4→3, 11→1, s1:9→1 / s2:1→1 / s3:4→3, 11→2}"	"{s3:13→1, s3:13→1, s3:13→1, s3:13→1, s3:13→1, s3:14→1, s3:14→1, s3:14→1, s3:14→1, s3:14→1, s3:14→1, s3:14→1, s3:14→1, s3:14→1, s3:14→1, s3:14→1, s3:14→1, s3:14→1, s3:14→1, s3:14→1, s3:14→1, s3:14→1, s3:14→1, s3:14→1, s3:14→1, s3:14→1, s3:14→1, s3:14→1, s3:14→1}"
12	113	17	165	2	1	0	0	0	0	0	0	"{s1:1→1 / s2:11→1 / s3:4→1, 11→1, s1:1→1 / s2:11→1 / s3:4→1, 9→1, 11→1, s1:1→1 / s2:11→1 / s3:4→1, 9→2, 11→1, s1:1→1 / s2:1→1, 11→1 / s3:1→1, 11→1, s1:1→1 / s2:1→1, 11→1 / s3:1→2, 11→1, s1:1→1 / s2:1→1, 11→1 / s3:1→2, 4→1, 11→1, s1:1→1 / s2:1→1, 4→1, 11→1 / s3:1→2, 4→1, 11→1, s1:1→1 / s2:1→1, 4→1, 11→1 / s3:1→2, 9→1, 11→1, s1:1→1 / s2:1→1, 4→1, 9→1 / s3:1→1, 4→1, 9→1, s1:1→1 / s2:1→1, 4→1, 9→1 / s3:1→2, 4→1, 11→1, s1:1→1 / s2:1→1, 4→1, 9→1 / s3:1→2, 4→1, 9→1, s1:1→1 / s2:1→1, 4→1, 9→1 / s3:1→2, 4→1, 9→1, 11→1, s1:1→1 / s2:1→1, 9→1 / s3:1→1, 4→1, 9→1, s1:1→1 / s2:1→1, 9→1 / s3:1→1, 9→1, s1:1→1 / s2:1→1, 9→1 / s3:1→2, 11→1, s1:1→1 / s2:1→1, 9→1 / s3:1→2, 4→1, 11→1, s1:1→1 / s2:1→1, 9→1 / s3:1→2, 4→1, 9→1, s1:1→1 / s2:1→1, 9→1 / s3:1→2, 4→1, 9→1, 11→1, s1:1→1 / s2:1→1, 9→1 / s3:1→2, 4→2, 9→1, s1:1→1 / s2:1→1, 9→1 / s3:1→2, 9→1, 11→1, s1:1→1 / s2:4→1, 9→1, 11→1 / s3:4→1, 9→1, 11→1, s1:1→1 / s2:4→1, 9→1 / s3:1→1, 4→1, 9→1, s1:1→1 / s2:4→1, 9→1 / s3:4→1, 9→1, s1:1→1 / s2:4→1 / s3:1→1, 4→1, 11→1, s1:1→1 / s2:4→1 / s3:1→1, 4→1, 9→1, s1:1→1 / s2:4→1 / s3:1→1, 4→1, 9→2, s1:1→1 / s2:4→1 / s3:1→1, 9→1, s1:1→1 / s2:4→1 / s3:1→2, 11→1, s1:1→1 / s2:4→1 / s3:1→2, 4→1, 11→1, s1:1→1 / s2:4→1 / s3:1→2, 4→1, 9→1, s1:1→1 / s2:4→1 / s3:1→2, 4→1, 9→1, 11→1, s1:1→1 / s2:4→1 / s3:1→2, 4→1, 9→2, s1:1→1 / s2:4→1 / s3:1→3, 4→1, 11→1, s1:1→1 / s2:4→1 / s3:1→3, 9→1, 11→1, s1:1→1 / s2:4→1 / s3:4→1, 9→1, s1:1→1 / s2:9→1, 11→1 / s3:4→1, 9→1, 11→1, s1:1→1 / s2:9→1 / s3:1→1, 4→1, 9→1, s1:1→1 / s2:9→1 / s3:1→1, 4→2, 9→1, s1:1→1 / s2:9→1 / s3:1→1, 9→1, s1:1→1 / s2:9→1 / s3:1→2, 4→1, 11→1, s1:1→1 / s2:9→1 / s3:1→2, 4→2, 11→1, s1:1→1 / s2:9→1 / s3:1→3, 11→2, s1:1→1 / s2:9→1 / s3:1→3, 9→1, 11→1, s1:1→1 / s2:9→1 / s3:4→2, 9→1, s1:1→1 / s2:9→1 / s3:4→3, 9→1, 11→1, s1:1→1 / s2:9→1 / s3:9→1, s1:1→1 / s2:9→1 / s3:9→1, 11→1}"	"{s2:13→1 / s3:13→1, s2:13→1 / s3:13→1, s2:13→1 / s3:13→1, s2:13→1 / s3:13→1, s2:13→1 / s3:13→1, s2:13→1 / s3:13→1, s2:13→1 / s3:13→1, s2:13→1 / s3:13→1, s2:13→1 / s3:13→1, s2:13→1 / s3:13→1, s2:13→1 / s3:13→1, s2:13→1 / s3:13→1, s2:13→1 / s3:13→1, s2:13→1 / s3:13→1, s2:13→1 / s3:13→1, s2:13→1 / s3:13→1, s2:13→1 / s3:13→1, s2:13→1 / s3:13→1, s2:13→1 / s3:13→1, s2:13→1 / s3:13→1, s2:13→1 / s3:13→1, s2:13→1 / s3:13→1, s2:13→1 / s3:13→1, s2:13→1 / s3:13→1, s2:13→1 / s3:13→1, s2:13→1 / s3:13→1, s2:13→1 / s3:13→1, s2:13→1 / s3:13→1, s2:13→1 / s3:13→1, s2:13→1 / s3:13→1, s2:13→1 / s3:13→1, s2:13→1 / s3:13→1, s2:13→1 / s3:13→1, s2:13→1 / s3:13→1, s2:13→1 / s3:13→1, s2:13→1 / s3:13→1, s2:13→1 / s3:13→1, s2:13→1 / s3:13→1, s2:13→1 / s3:13→1, s2:13→1 / s3:13→1, s2:13→1 / s3:13→1, s2:13→1 / s3:13→1, s2:13→1 / s3:13→1, s2:13→1 / s3:13→1, s2:13→1 / s3:13→1, s2:13→1 / s3:13→1, s2:13→1 / s3:13→1}"
12	113	18	107	0	2	0	1	0	0	0	0	"{s1:1→1 / s3:4→1, s1:1→1 / s3:4→1, 9→1, s1:1→1 / s3:9→1}"	"{s2:12→1, s2:12→1, s2:12→1}"
12	113	18	108	0	2	0	1	0	0	0	0	"{s1:1→1 / s2:11→1 / s3:4→1, s1:1→1 / s2:11→1 / s3:4→1, 9→1, s1:1→1 / s2:11→1 / s3:9→1, s1:1→1 / s2:9→1, 11→1 / s3:4→1, s1:1→1 / s2:9→1 / s3:4→1, s1:1→1 / s2:9→1 / s3:4→1, 11→1}"	""
12	113	18	131	0	2	1	0	0	0	0	0	"{s1:1→1 / s3:1→1, 4→1, 9→1, s1:1→1 / s3:1→1, 9→1}"	"{s2:12→1, s2:12→1}"
12	113	18	132	0	2	1	0	0	0	0	0	"{s1:1→1 / s2:11→1 / s3:9→1, s1:1→1 / s2:4→1 / s3:1→1, 9→1}"	""
12	113	18	151	0	3	0	0	0	0	0	0	"{s2:1→1 / s3:1→1, 4→1, s2:1→1 / s3:1→2, 4→1, 9→1}"	"{s1:12→1, s1:12→1}"
12	113	18	152	0	3	0	0	0	0	0	0	"{s1:11→1 / s2:9→1 / s3:4→1, s1:1→1 / s2:1→1, 9→1 / s3:1→1, 4→1, s1:1→1 / s2:1→1 / s3:1→1, 4→1, 9→1, s1:4→1 / s2:1→1 / s3:1→1, s1:4→1 / s2:1→1 / s3:1→2, 9→1, s1:4→1 / s2:1→1 / s3:1→3, 11→1, s1:9→1 / s2:1→1 / s3:1→1, 4→1, s1:9→1 / s2:1→1 / s3:1→3, 11→1, s1:9→1 / s2:4→1, 11→1 / s3:1→1, s1:9→1 / s2:4→1 / s3:1→4, 11→1}"	""
12	113	18	158	1	2	0	0	0	0	0	0	"{s2:1→1 / s3:11→1, s2:1→1 / s3:1→1, 9→4, s2:1→1 / s3:1→2, 4→1, 9→1, s2:1→1 / s3:1→3, 11→1, s2:1→1 / s3:1→3, 9→2, s2:1→1 / s3:1→4, 11→1, s2:1→1 / s3:4→1, 9→2, 11→1, s2:1→1 / s3:4→2, 9→3, s2:1→1 / s3:4→3, 9→1, s2:1→1 / s3:4→4, 11→1}"	"{s1:12→1 / s3:14→1, s1:12→1 / s3:14→1, s1:12→1 / s3:14→1, s1:12→1 / s3:14→1, s1:12→1 / s3:14→1, s1:12→1 / s3:14→1, s1:12→1 / s3:14→1, s1:12→1 / s3:14→1, s1:12→1 / s3:14→1, s1:12→1 / s3:14→1}"
12	113	18	159	1	2	0	0	0	0	0	0	"{s1:1→1 / s2:1→1, 4→1 / s3:1→1, 9→1, s1:1→1 / s2:1→1, 9→1 / s3:1→1, 4→1, s1:1→1 / s2:1→1, 9→1 / s3:1→1, 4→2, 11→1, s1:1→1 / s2:1→1 / s3:1→1, 4→1, 9→1, s1:1→1 / s2:1→1 / s3:1→1, 4→3, s1:1→1 / s2:1→1 / s3:4→1, s1:1→1 / s2:1→2, 11→1 / s3:9→1, s1:4→1 / s2:1→1 / s3:1→1, 11→3, s1:4→1 / s2:1→1 / s3:1→1, 9→1, 11→3, s1:4→1 / s2:1→1 / s3:1→2, 9→1, s1:4→1 / s2:1→1 / s3:1→3, 9→2, s1:4→1 / s2:1→1 / s3:1→4, 11→1, s1:9→1 / s2:1→1 / s3:1→1, 11→4, s1:9→1 / s2:1→1 / s3:1→3, 11→1, s1:9→1 / s2:1→1 / s3:4→1, 11→2, s1:9→1 / s2:1→1 / s3:4→4, 11→1}"	"{s3:13→1, s3:13→1, s3:13→1, s3:13→1, s3:13→1, s3:13→1, s3:13→1, s3:14→1, s3:14→1, s3:14→1, s3:14→1, s3:14→1, s3:14→1, s3:14→1, s3:14→1, s3:14→1}"
12	113	18	165	2	1	0	0	0	0	0	0	"{s1:1→1 / s2:11→1 / s3:11→1, s1:1→1 / s2:11→1 / s3:9→1, 11→1, s1:1→1 / s2:1→1, 11→1 / s3:1→1, 9→1, s1:1→1 / s2:1→1, 4→1, 11→1 / s3:1→1, 4→1, 9→1, s1:1→1 / s2:1→1, 4→1 / s3:1→1, 4→1, s1:1→1 / s2:1→1, 4→1 / s3:1→1, 4→1, 9→1, s1:1→1 / s2:1→1, 4→1 / s3:1→2, 4→1, 9→1, s1:1→1 / s2:1→1, 4→1 / s3:1→2, 9→1, s1:1→1 / s2:1→1, 9→1 / s3:1→1, 4→1, s1:1→1 / s2:1→1, 9→1 / s3:1→2, 9→1, s1:1→1 / s2:4→1 / s3:1→1, 4→1, s1:1→1 / s2:4→1 / s3:1→3, 4→1, 9→1, s1:1→1 / s2:4→1 / s3:4→1, s1:1→1 / s2:9→1 / s3:1→1, 4→3, 9→1, s1:1→1 / s2:9→1 / s3:1→1, 9→1, 11→3, s1:1→1 / s2:9→1 / s3:1→2, 11→1, s1:1→1 / s2:9→1 / s3:1→2, 4→1, 9→1, s1:1→1 / s2:9→1 / s3:1→2, 4→2, 9→1}"	"{s2:13→1 / s3:13→1, s2:13→1 / s3:13→1, s2:13→1 / s3:13→1, s2:13→1 / s3:13→1, s2:13→1 / s3:13→1, s2:13→1 / s3:13→1, s2:13→1 / s3:13→1, s2:13→1 / s3:13→1, s2:13→1 / s3:13→1, s2:13→1 / s3:13→1, s2:13→1 / s3:13→1, s2:13→1 / s3:13→1, s2:13→1 / s3:13→1, s2:13→1 / s3:13→1, s2:13→1 / s3:13→1, s2:13→1 / s3:13→1, s2:13→1 / s3:13→1, s2:13→1 / s3:13→1}"
12	113	19	81	0	2	0	0	1	0	0	0	"{s1:1→1 / s3:4→1, s1:1→1 / s3:4→1, 9→1, s1:1→1 / s3:9→1}"	"{s2:12→1, s2:12→1, s2:12→1}"
12	113	19	82	0	2	0	0	1	0	0	0	"{s1:1→1 / s2:11→1 / s3:4→1, s1:1→1 / s2:11→1 / s3:4→1, 9→1, s1:1→1 / s2:11→1 / s3:9→1, s1:1→1 / s2:9→1, 11→1 / s3:4→1, s1:1→1 / s2:9→1 / s3:4→1, s1:1→1 / s2:9→1 / s3:4→1, 11→1}"	""
12	113	19	131	0	2	1	0	0	0	0	0	"s1:1→1 / s3:1→1, 4→1"	"s2:12→1"
12	113	19	132	0	2	1	0	0	0	0	0	"{s1:1→1 / s2:4→1 / s3:1→1, s1:1→1 / s2:9→1 / s3:1→1, 4→1}"	""
12	113	19	151	0	3	0	0	0	0	0	0	"{s2:1→1, 4→1 / s3:1→3, 9→1, s2:1→1 / s3:1→2, 9→1, s2:1→1 / s3:1→3, 4→1, 9→1}"	"{s1:12→1, s1:12→1, s1:12→1}"
12	113	19	152	0	3	0	0	0	0	0	0	"{s1:1→1 / s2:1→1 / s3:1→1, 11→1, s1:1→1 / s2:1→1 / s3:1→1, 4→1, s1:1→1 / s2:1→1 / s3:1→1, 9→1, s1:4→1 / s2:1→1 / s3:1→3, 9→1}"	""
12	113	19	158	1	2	0	0	0	0	0	0	"{s2:1→1 / s3:1→1, 4→2, s2:1→1 / s3:4→1, 9→3, s2:1→1 / s3:9→1, 11→1}"	"{s1:12→1 / s3:14→1, s1:12→1 / s3:14→1, s1:12→1 / s3:14→1}"
12	113	19	159	1	2	0	0	0	0	0	0	"{s1:1→1 / s2:1→1, 4→1 / s3:1→1, s1:1→1 / s2:1→1 / s3:1→1, 11→1, s1:1→1 / s2:1→1 / s3:1→1, 4→1, s1:1→1 / s2:1→1 / s3:1→1, 4→1, 11→1, s1:1→1 / s2:1→1 / s3:1→1, 4→2, s1:1→1 / s2:1→1 / s3:1→1, 4→2, 9→1, s1:1→1 / s2:1→1 / s3:1→1, 9→1, s1:1→1 / s2:1→1 / s3:1→1, 9→2, s1:4→1 / s2:1→1 / s3:1→3, 9→1, s1:9→1 / s2:1→1 / s3:1→1, 4→2, s1:9→1 / s2:1→1 / s3:4→2, 11→3}"	"{s3:13→1, s3:13→1, s3:13→1, s3:13→1, s3:13→1, s3:13→1, s3:13→1, s3:13→1, s3:14→1, s3:14→1, s3:14→1}"
12	113	19	165	2	1	0	0	0	0	0	0	"{s1:1→1 / s2:1→1, 4→1 / s3:1→2, 4→1, s1:1→1 / s2:1→1 / s3:1→1, 4→1, s1:1→1 / s2:1→1 / s3:1→2, 9→1, s1:1→1 / s2:4→1 / s3:1→2, 4→1, s1:1→1 / s2:9→1, 11→1 / s3:9→1, 11→1, s1:1→1 / s2:9→1 / s3:1→2, 9→1}"	"{s2:13→1 / s3:13→1, s2:13→1 / s3:13→1, s2:13→1 / s3:13→1, s2:13→1 / s3:13→1, s2:13→1 / s3:13→1, s2:13→1 / s3:13→1}"
12	113	20	151	0	3	0	0	0	0	0	0	"s2:1→1 / s3:1→1"	"s1:12→1"
12	113	20	152	0	3	0	0	0	0	0	0	"{s1:1→1 / s2:1→1 / s3:1→1, s1:1→1 / s2:1→1 / s3:1→1, 4→1, 11→1, s1:9→1 / s2:1→1 / s3:1→1}"	""
12	113	20	158	1	2	0	0	0	0	0	0	"{s2:1→1 / s3:1→1, 4→3, s2:1→1 / s3:1→2, 9→1, s2:1→1 / s3:1→3, 4→1, 9→1, s2:1→1 / s3:4→1, 9→3, 11→1, s2:1→1 / s3:4→2, s2:1→1 / s3:4→4, 9→1, s2:1→1 / s3:9→2}"	"{s1:12→1 / s3:14→1, s1:12→1 / s3:14→1, s1:12→1 / s3:14→1, s1:12→1 / s3:14→1, s1:12→1 / s3:14→1, s1:12→1 / s3:14→1, s1:12→1 / s3:14→1}"
12	113	20	159	1	2	0	0	0	0	0	0	"{s1:1→1 / s2:1→1, 9→1 / s3:1→1, s1:1→1 / s2:1→1 / s3:1→1, 4→1, 9→2, s1:1→1 / s2:1→2, 9→1 / s3:4→1, s1:4→1 / s2:1→1 / s3:1→4, 9→1, s1:9→1 / s2:1→1 / s3:1→1, 4→3, s1:9→1 / s2:1→1 / s3:1→4, 11→1, s1:9→1 / s2:1→1 / s3:4→2}"	"{s3:13→1, s3:13→1, s3:13→1, s3:14→1, s3:14→1, s3:14→1, s3:14→1}"
12	113	20	165	2	1	0	0	0	0	0	0	"{s1:1→1 / s2:1→1, 4→1 / s3:1→2, 4→1, 11→1, s1:1→1 / s2:1→1 / s3:1→1, 9→1, s1:1→1 / s2:1→1 / s3:1→2, 4→1, s1:1→1 / s2:1→1 / s3:1→2, 4→1, 9→1, s1:1→1 / s2:1→1 / s3:1→2, 4→2}"	"{s2:13→1 / s3:13→1, s2:13→1 / s3:13→1, s2:13→1 / s3:13→1, s2:13→1 / s3:13→1, s2:13→1 / s3:13→1}"
12	113	21	131	0	2	1	0	0	0	0	0	"s1:1→1 / s3:1→1"	"s2:12→1"
12	113	21	132	0	2	1	0	0	0	0	0	"s1:1→1 / s2:9→1 / s3:1→1"	""
12	113	21	158	1	2	0	0	0	0	0	0	"{s2:1→1 / s3:1→1, 4→1, s2:1→1 / s3:1→1, 4→4, s2:1→1 / s3:1→2, 4→3}"	"{s1:12→1 / s3:14→1, s1:12→1 / s3:14→1, s1:12→1 / s3:14→1}"
12	113	21	159	1	2	0	0	0	0	0	0	"{s1:1→1 / s2:1→1 / s3:1→1, s1:1→1 / s2:1→1 / s3:1→1, 4→3, 9→1, s1:1→1 / s2:1→1 / s3:9→1, s1:4→1 / s2:1→1 / s3:1→1, s1:4→1 / s2:1→1 / s3:1→1, 9→4, s1:4→1 / s2:1→2 / s3:1→1, 9→1, s1:9→1 / s2:1→1 / s3:1→1, 4→1, s1:9→1 / s2:1→1 / s3:1→1, 4→4, s1:9→1 / s2:1→1 / s3:1→2, 4→3}"	"{s3:13→1, s3:13→1, s3:13→1, s3:14→1, s3:14→1, s3:14→1, s3:14→1, s3:14→1, s3:14→1}"
12	113	22	151	0	3	0	0	0	0	0	0	"s1:4→1 / s2:1→1 / s3:1→2"	"s2:12→1"
12	113	22	152	0	3	0	0	0	0	0	0	"s1:4→1 / s2:1→1, 9→1 / s3:1→2"	""
12	113	22	159	1	2	0	0	0	0	0	0	"{s1:1→1 / s2:1→1 / s3:1→1, 4→2, 11→1, s1:9→1 / s2:1→1 / s3:4→1, 11→3}"	"{s3:13→1, s3:14→1}"
12	113	23	152	0	3	0	0	0	0	0	0	"s1:11→1 / s2:9→1 / s3:1→1"	""
12	113	23	158	1	2	0	0	0	0	0	0	"{s2:1→1 / s3:1→2, 4→2, s2:1→1 / s3:9→2, 11→1}"	"{s1:12→1 / s3:14→1, s1:12→1 / s3:14→1}"
12	113	23	159	1	2	0	0	0	0	0	0	"s1:9→1 / s2:1→1 / s3:1→2, 4→2"	"s3:14→1"
12	113	24	151	0	3	0	0	0	0	0	0	"s2:1→1 / s3:1→3, 9→1"	"s1:12→1"
12	113	24	152	0	3	0	0	0	0	0	0	"s1:4→1 / s2:1→1 / s3:1→2"	""
12	113	24	165	2	1	0	0	0	0	0	0	"s1:1→1 / s2:1→1, 4→1 / s3:1→2"	"s2:13→1 / s3:13→1"
12	113	28	151	0	3	0	0	0	0	0	0	"s2:1→1 / s3:1→2, 4→1"	"s1:12→1"
12	113	28	152	0	3	0	0	0	0	0	0	"s1:9→1 / s2:1→1 / s3:1→2, 4→1"	""
12	113	28	159	1	2	0	0	0	0	0	0	"s1:4→1 / s2:1→2 / s3:1→1"	"s3:14→1"
12	113	29	158	1	2	0	0	0	0	0	0	"s2:1→1 / s3:1→3, 9→1"	"s1:12→1 / s3:14→1"
12	113	31	152	0	3	0	0	0	0	0	0	"s1:4→1 / s2:1→1 / s3:1→3"	""
12	113	35	132	0	2	1	0	0	0	0	0	"s1:1→1 / s2:9→1, 11→1 / s3:4→1"	""
12	114	16	151	1	2	0	0	0	0	0	0	"s1:12→1 / s2:1→1 / s3:10→1"	"s3:14→1"
12	114	16	157	2	1	0	0	0	0	0	0	"{s1:1→1 / s2:10→1, 12→1 / s3:1→1, 10→1, 12→1, s1:1→1 / s2:12→1 / s3:10→1, s1:1→1 / s2:12→1 / s3:1→1, 10→1, s1:1→1 / s2:12→1 / s3:1→1, 10→1, 12→1, s1:1→1 / s2:12→1 / s3:1→1, 10→2, s1:1→1 / s2:12→1 / s3:1→1, 10→2, 12→1, s1:1→1 / s2:12→1 / s3:1→1, 10→3, 12→1, s1:1→1 / s2:12→1 / s3:1→1, 12→1, s1:1→1 / s2:12→1 / s3:1→2, 10→1, 12→1, s1:1→1 / s2:12→1 / s3:1→2, 10→2, s1:1→1 / s2:12→1 / s3:1→2, 10→2, 12→1, s1:1→1 / s2:12→1 / s3:1→2, 10→3, s1:1→1 / s2:12→1 / s3:1→3, 10→1, 12→1, s1:1→1 / s2:1→1, 10→1, 12→1 / s3:1→1, 10→1, 12→1, s1:1→1 / s2:1→1, 10→1, 12→1 / s3:1→2, 10→1, 12→1, s1:1→1 / s2:1→1, 12→1 / s3:1→1, 10→1, s1:1→1 / s2:1→1, 12→1 / s3:1→1, 10→1, 12→1, s1:1→1 / s2:1→1, 12→1 / s3:1→2, 10→1, 12→1, s1:1→1 / s2:1→1, 12→1 / s3:1→2, 10→2, s1:1→1 / s2:1→1, 12→1 / s3:1→2, 10→2, 12→1}"	"{s2:13→1 / s3:13→1, s2:13→1 / s3:13→1, s2:13→1 / s3:13→1, s2:13→1 / s3:13→1, s2:13→1 / s3:13→1, s2:13→1 / s3:13→1, s2:13→1 / s3:13→1, s2:13→1 / s3:13→1, s2:13→1 / s3:13→1, s2:13→1 / s3:13→1, s2:13→1 / s3:13→1, s2:13→1 / s3:13→1, s2:13→1 / s3:13→1, s2:13→1 / s3:13→1, s2:13→1 / s3:13→1, s2:13→1 / s3:13→1, s2:13→1 / s3:13→1, s2:13→1 / s3:13→1, s2:13→1 / s3:13→1, s2:13→1 / s3:13→1}"
12	114	17	124	0	2	1	0	0	0	0	0	"{s1:1→1 / s2:12→1 / s3:10→1, s1:1→1 / s2:12→1 / s3:1→1, 10→1}"	""
12	114	17	144	0	3	0	0	0	0	0	0	"{s1:12→1 / s2:10→1 / s3:1→1, s1:12→1 / s2:10→1 / s3:1→2, s1:12→1 / s2:10→1 / s3:1→3, s1:12→1 / s2:10→1 / s3:1→4, s1:12→1 / s2:10→1 / s3:1→5, s1:12→1 / s2:1→1, 10→1 / s3:1→2, s1:12→1 / s2:1→1, 10→1 / s3:1→3, s1:12→1 / s2:1→1 / s3:1→1, s1:12→1 / s2:1→1 / s3:1→1, 10→1, s1:12→1 / s2:1→1 / s3:1→2, s1:12→1 / s2:1→1 / s3:1→2, 10→1, s1:12→1 / s2:1→1 / s3:1→3, s1:12→1 / s2:1→1 / s3:1→3, 10→1, s1:1→1 / s2:1→1, 12→1 / s3:1→1, 10→1, s1:1→1 / s2:1→1 / s3:1→1, s1:1→1 / s2:1→1 / s3:1→1, 10→1, 12→1, s1:1→1 / s2:1→1 / s3:1→1, 12→1}"	""
12	114	17	151	1	2	0	0	0	0	0	0	"{s1:12→1 / s2:1→1 / s3:1→1, s1:12→1 / s2:1→1 / s3:1→1, 10→1, s1:12→1 / s2:1→1 / s3:1→1, 10→2, s1:12→1 / s2:1→1 / s3:1→1, 10→3, s1:12→1 / s2:1→1 / s3:1→2, s1:12→1 / s2:1→1 / s3:1→2, 10→1, s1:12→1 / s2:1→1 / s3:1→2, 10→2, s1:12→1 / s2:1→1 / s3:1→2, 10→3, s1:12→1 / s2:1→1 / s3:1→3, s1:12→1 / s2:1→1 / s3:1→3, 10→1, s1:12→1 / s2:1→1 / s3:1→3, 10→2, s1:12→1 / s2:1→1 / s3:1→4, s1:12→1 / s2:1→1 / s3:1→4, 10→1, s1:12→1 / s2:1→1 / s3:1→5, s1:12→1 / s2:1→2 / s3:10→1, s1:12→1 / s2:1→2 / s3:1→1, s1:12→1 / s2:1→2 / s3:1→1, 10→1, s1:1→1 / s2:1→1, 12→1 / s3:10→1, s1:1→1 / s2:1→1, 12→1 / s3:1→1, s1:1→1 / s2:1→1, 12→1 / s3:1→1, 10→1, s1:1→1 / s2:1→1, 12→1 / s3:1→1, 10→2, s1:1→1 / s2:1→1 / s3:12→1, s1:1→1 / s2:1→1 / s3:1→1, s1:1→1 / s2:1→1 / s3:1→1, 10→1, 12→1, s1:1→1 / s2:1→1 / s3:1→1, 12→1, s1:1→1 / s2:1→1 / s3:1→1, 12→2, s1:1→1 / s2:1→2, 12→1 / s3:10→1}"	"{s3:14→1, s3:14→1, s3:14→1, s3:14→1, s3:14→1, s3:14→1, s3:14→1, s3:14→1, s3:14→1, s3:14→1, s3:14→1, s3:14→1, s3:14→1, s3:14→1, s3:14→1, s3:14→1, s3:14→1, s3:13→1, s3:13→1, s3:13→1, s3:13→1, s3:13→1, s3:13→1, s3:13→1, s3:13→1, s3:13→1, s3:13→1}"
12	114	17	157	2	1	0	0	0	0	0	0	"{s1:1→1 / s2:12→1 / s3:10→1, 12→1, s1:1→1 / s2:12→1 / s3:12→1, s1:1→1 / s2:12→1 / s3:1→1, s1:1→1 / s2:12→1 / s3:1→2, 10→1, s1:1→1 / s2:12→1 / s3:1→2, 12→1, s1:1→1 / s2:12→1 / s3:1→3, 10→1, s1:1→1 / s2:12→1 / s3:1→3, 10→2, s1:1→1 / s2:12→1 / s3:1→3, 12→1, s1:1→1 / s2:12→1 / s3:1→4, 12→1, s1:1→1 / s2:1→1, 10→1, 12→1 / s3:1→2, 12→1, s1:1→1 / s2:1→1, 12→1 / s3:1→1, 12→1, s1:1→1 / s2:1→1, 12→1 / s3:1→2, s1:1→1 / s2:1→1, 12→1 / s3:1→2, 10→1, s1:1→1 / s2:1→1, 12→1 / s3:1→2, 12→1, s1:1→1 / s2:1→1 / s3:1→1, s1:1→1 / s2:1→1 / s3:1→1, 12→1, s1:1→1 / s2:1→1 / s3:1→2, s1:1→1 / s2:1→1 / s3:1→2, 10→1, 12→1, s1:1→1 / s2:1→1 / s3:1→2, 12→1, s1:1→1 / s2:1→1 / s3:1→2, 12→2, s1:1→2 / s2:12→1 / s3:10→1}"	"{s2:13→1 / s3:13→1, s2:13→1 / s3:13→1, s2:13→1 / s3:13→1, s2:13→1 / s3:13→1, s2:13→1 / s3:13→1, s2:13→1 / s3:13→1, s2:13→1 / s3:13→1, s2:13→1 / s3:13→1, s2:13→1 / s3:13→1, s2:13→1 / s3:13→1, s2:13→1 / s3:13→1, s2:13→1 / s3:13→1, s2:13→1 / s3:13→1, s2:13→1 / s3:13→1, s2:13→1 / s3:13→1, s2:13→1 / s3:13→1, s2:13→1 / s3:13→1, s2:13→1 / s3:13→1, s2:13→1 / s3:13→1, s2:13→1 / s3:13→1, s2:13→1 / s3:13→1}"
12	114	18	100	0	2	0	1	0	0	0	0	"s1:1→1 / s2:12→1 / s3:10→1"	""
12	114	18	124	0	2	1	0	0	0	0	0	"s1:1→1 / s2:12→1 / s3:1→1"	""
12	114	18	151	1	2	0	0	0	0	0	0	"s1:12→1 / s2:1→1 / s3:1→1, 10→4"	"s3:14→1"
12	114	18	157	2	1	0	0	0	0	0	0	"{s1:1→1 / s2:12→1 / s3:1→4, 10→1, s1:1→1 / s2:1→1 / s3:1→1, 10→1, 12→1}"	"{s2:13→1 / s3:13→1, s2:13→1 / s3:13→1}"
12	114	19	74	0	2	0	0	1	0	0	0	"s1:1→1 / s2:12→1 / s3:10→1"	""
12	114	21	157	2	1	0	0	0	0	0	0	"s1:1→1 / s2:12→1 / s3:1→2"	"s2:13→1 / s3:13→1"
12	114	22	151	1	2	0	0	0	0	0	0	"s1:1→1 / s2:1→2 / s3:12→1"	"s3:13→1"
12	115	17	129	0	3	0	0	0	0	0	0	"s2:2→1 / s3:1→1"	"s1:12→1"
12	116	16	157	2	1	0	0	0	0	0	0	"{s1:1→1 / s2:11→1 / s3:1→1, 11→1, s1:1→1 / s2:1→1, 11→1 / s3:1→1, 11→1, s1:1→1 / s2:1→1, 11→1 / s3:1→2, 11→1}"	"{s2:13→1 / s3:13→1, s2:13→1 / s3:13→1, s2:13→1 / s3:13→1}"
12	116	17	143	0	3	0	0	0	0	0	0	"{s2:1→1 / s3:1→1, s2:1→1 / s3:1→2, s2:1→1 / s3:1→3}"	"{s1:12→1, s1:12→1, s1:12→1}"
12	116	17	144	0	3	0	0	0	0	0	0	"{s1:1→1 / s2:1→1 / s3:1→1, s1:1→1 / s2:1→1 / s3:1→1, 11→1}"	""
12	116	17	150	1	2	0	0	0	0	0	0	"{s2:1→1 / s3:1→1, s2:1→1 / s3:1→1, 11→1, s2:1→1 / s3:1→2, s2:1→1 / s3:1→2, 11→1, s2:1→1 / s3:1→3, s2:1→1 / s3:1→3, 11→1, s2:1→1 / s3:1→4, s2:1→1 / s3:1→4, 11→1, s2:1→1 / s3:1→5, s2:1→2 / s3:1→1}"	"{s1:12→1 / s3:14→1, s1:12→1 / s3:14→1, s1:12→1 / s3:14→1, s1:12→1 / s3:14→1, s1:12→1 / s3:14→1, s1:12→1 / s3:14→1, s1:12→1 / s3:14→1, s1:12→1 / s3:14→1, s1:12→1 / s3:14→1, s1:12→1 / s3:14→1}"
12	116	17	151	1	2	0	0	0	0	0	0	"{s1:1→1 / s2:1→1 / s3:1→1, s1:1→1 / s2:1→1 / s3:1→1, 11→1}"	"{s3:13→1, s3:13→1}"
12	116	17	157	2	1	0	0	0	0	0	0	"{s1:1→1 / s2:1→1 / s3:1→1, s1:1→1 / s2:1→1 / s3:1→2, s1:1→1 / s2:1→1 / s3:1→2, 11→1}"	"{s2:13→1 / s3:13→1, s2:13→1 / s3:13→1, s2:13→1 / s3:13→1}"
12	116	18	123	0	2	1	0	0	0	0	0	"s1:1→1 / s3:1→1"	"s2:12→1"
12	116	18	157	2	1	0	0	0	0	0	0	"s1:1→1 / s2:1→1 / s3:1→1, 11→1"	"s2:13→1 / s3:13→1"
12	116	22	150	1	2	0	0	0	0	0	0	"s2:1→1 / s3:11→1"	"s1:12→1 / s3:14→1"
12	118	16	157	2	1	0	0	0	0	0	0	"s1:12→1 / s2:4→1, 12→1 / s3:4→1, 12→1"	"s2:13→1 / s3:13→1"
12	118	17	150	1	2	0	0	0	0	0	0	"{s1:12→1 / s3:4→1, s1:12→1 / s3:4→1, 12→1, s1:12→1 / s3:4→1, 12→2}"	"{s2:3→1 / s3:13→1, s2:3→1 / s3:13→1, s2:3→1 / s3:13→1}"
12	118	17	157	2	1	0	0	0	0	0	0	"{s1:12→1 / s2:4→1, 12→1 / s3:4→1, 12→2, s1:12→1 / s2:4→1 / s3:4→1}"	"{s2:13→1 / s3:13→1, s2:13→1 / s3:13→1}"
12	118	20	144	0	3	0	0	0	0	0	0	"s1:12→1 / s2:12→1 / s3:12→1"	""
12	118	20	151	1	2	0	0	0	0	0	0	"s1:12→1 / s2:12→1 / s3:12→1"	"s3:13→1"
12	118	21	157	2	1	0	0	0	0	0	0	"{s1:12→1 / s2:12→1 / s3:12→1, s1:12→1 / s2:12→1 / s3:12→2}"	"{s2:13→1 / s3:13→1, s2:13→1 / s3:13→1}"
12	118	22	151	1	2	0	0	0	0	0	0	"s1:12→1 / s2:12→1 / s3:4→1, 12→1"	"s3:13→1"
12	121	16	151	0	3	0	0	0	0	0	0	"s2:4→1 / s3:1→1"	"s1:12→1"
12	121	16	152	0	3	0	0	0	0	0	0	"s1:4→1 / s2:1→1 / s3:1→1, 10→1"	""
12	121	16	158	1	2	0	0	0	0	0	0	"{s1:1→1 / s2:1→1 / s3:4→1, s2:1→1 / s3:1→1, 4→1, 10→1, s2:1→1 / s3:1→1, 4→2, 10→1, s2:1→1 / s3:1→1, 4→3, 10→1, s2:1→1 / s3:1→2, 4→1, 10→1, s2:1→1 / s3:1→2, 4→1, 10→2, s2:1→1 / s3:1→2, 4→2, 10→1, s2:1→1 / s3:4→1}"	"{s2:11→1 / s3:13→1, s1:12→1 / s3:14→1, s1:12→1 / s3:14→1, s1:12→1 / s3:14→1, s1:12→1 / s3:14→1, s1:12→1 / s3:14→1, s1:12→1 / s3:14→1, s1:12→1 / s3:14→1}"
12	121	16	159	1	2	0	0	0	0	0	0	"{s1:4→1 / s2:1→1 / s3:1→1, 10→1, s1:4→1 / s2:1→1 / s3:1→1, 10→2, s1:4→1 / s2:1→1 / s3:1→2, 10→2, s1:4→1 / s2:1→1 / s3:1→2, 10→3, s1:4→1 / s2:1→1 / s3:1→3, 10→2}"	"{s3:14→1, s3:14→1, s3:14→1, s3:14→1, s3:14→1}"
12	121	16	165	2	1	0	0	0	0	0	0	"{s1:1→1 / s2:1→1, 10→1 / s3:1→1, 10→1, s1:1→1 / s2:1→1, 10→1 / s3:1→1, 4→1, 10→1, s1:1→1 / s2:1→1, 10→1 / s3:1→2, 10→1, s1:1→1 / s2:1→1, 10→1 / s3:1→2, 4→1, 10→1, s1:1→1 / s2:1→1, 4→1, 10→1 / s3:1→1, 4→1, 10→1, s1:1→1 / s2:1→1, 4→1, 10→1 / s3:1→2, 4→1, 10→1, s1:1→1 / s2:4→1 / s3:1→1, 4→1, 10→1, s1:1→1 / s2:4→1 / s3:1→2, 10→1}"	"{s2:13→1 / s3:13→1, s2:13→1 / s3:13→1, s2:13→1 / s3:13→1, s2:13→1 / s3:13→1, s2:13→1 / s3:13→1, s2:13→1 / s3:13→1, s2:13→1 / s3:13→1, s2:13→1 / s3:13→1}"
12	121	17	131	0	2	1	0	0	0	0	0	"{s1:1→1 / s3:1→1, 10→1, s1:1→1 / s3:1→1, 4→1, 10→1, s1:1→1 / s3:4→1, s1:1→1 / s3:4→1}"	"{s2:12→1, s2:12→1, s2:11→1, s2:12→1}"
12	121	17	132	0	2	1	0	0	0	0	0	"s1:1→1 / s2:4→1 / s3:1→1, 10→1"	""
12	121	17	151	0	3	0	0	0	0	0	0	"{s1:4→1 / s2:1→1 / s3:1→1, s1:4→1 / s2:1→1 / s3:1→1, s1:4→1 / s2:1→1 / s3:1→1, 10→1, s1:4→1 / s2:1→1 / s3:1→2, 10→1, s2:1→1, 4→1 / s3:1→3, 10→1, s2:1→1 / s3:1→1, 10→1, s2:1→1 / s3:1→1, 4→1, 10→1, s2:1→1 / s3:1→2, 10→1, s2:1→1 / s3:1→2, 4→1, 10→1, s2:1→1 / s3:1→3, 10→1, s2:1→1 / s3:1→3, 4→1, 10→1, s2:4→1 / s3:1→1, 10→1, s2:4→1 / s3:1→2, 10→1, s2:4→1 / s3:1→3, 10→1, s2:4→1 / s3:1→4, 10→1}"	"{s3:11→1, s3:12→1, s2:12→1, s2:12→1, s1:12→1, s1:12→1, s1:12→1, s1:12→1, s1:12→1, s1:12→1, s1:12→1, s1:12→1, s1:12→1, s1:12→1, s1:12→1}"
12	121	17	152	0	3	0	0	0	0	0	0	"{s1:4→1 / s2:1→1 / s3:1→2, 10→1, s1:4→1 / s2:1→1 / s3:1→3, 10→1}"	""
12	121	17	158	1	2	0	0	0	0	0	0	"{s1:1→1 / s2:1→1 / s3:4→1, s2:1→1 / s3:1→1, 10→1, s2:1→1 / s3:1→1, 10→2, s2:1→1 / s3:1→1, 4→1, 10→2, s2:1→1 / s3:1→1, 4→2, 10→2, s2:1→1 / s3:1→2, 10→1, s2:1→1 / s3:1→2, 10→2, s2:1→1 / s3:1→2, 10→3, s2:1→1 / s3:1→3, 10→1, s2:1→1 / s3:1→3, 10→2, s2:1→1 / s3:1→3, 4→1, 10→1, s2:1→1 / s3:1→4, 10→1, s2:1→1 / s3:4→1, 10→1, s2:1→1 / s3:4→2, 10→1, s2:1→1 / s3:4→3, 10→1, s2:1→1 / s3:4→4, 10→1}"	"{s2:12→1 / s3:13→1, s1:12→1 / s3:14→1, s1:12→1 / s3:14→1, s1:12→1 / s3:14→1, s1:12→1 / s3:14→1, s1:12→1 / s3:14→1, s1:12→1 / s3:14→1, s1:12→1 / s3:14→1, s1:12→1 / s3:14→1, s1:12→1 / s3:14→1, s1:12→1 / s3:14→1, s1:12→1 / s3:14→1, s1:12→1 / s3:14→1, s1:12→1 / s3:14→1, s1:12→1 / s3:14→1, s1:12→1 / s3:14→1}"
12	121	17	159	1	2	0	0	0	0	0	0	"{s1:4→1 / s2:1→1 / s3:1→2, 10→1, s1:4→1 / s2:1→1 / s3:1→3, 10→1, s1:4→1 / s2:1→1 / s3:1→4, 10→1}"	"{s3:14→1, s3:14→1, s3:14→1}"
12	121	17	165	2	1	0	0	0	0	0	0	"{s1:1→1 / s2:10→1 / s3:4→1, 10→1, s1:1→1 / s2:4→1, 10→1 / s3:4→1, 10→1, s1:1→1 / s2:4→1 / s3:1→2, 4→1, 10→1, s1:1→1 / s2:4→1 / s3:1→3, 10→1, s1:1→1 / s2:4→1 / s3:1→3, 4→1, 10→1}"	"{s2:13→1 / s3:13→1, s2:13→1 / s3:13→1, s2:13→1 / s3:13→1, s2:13→1 / s3:13→1, s2:13→1 / s3:13→1}"
12	121	18	107	0	2	0	1	0	0	0	0	"{s1:1→1 / s3:4→1, s1:1→1 / s3:4→1, s1:1→1 / s3:4→1, 10→1}"	"{s2:11→1, s2:12→1, s2:12→1}"
12	121	18	108	0	2	0	1	0	0	0	0	"s1:1→1 / s2:10→1 / s3:4→1"	""
12	121	18	131	0	2	1	0	0	0	0	0	"s1:1→1 / s3:4→1, 10→1"	"s2:12→1"
12	121	18	151	0	3	0	0	0	0	0	0	"s2:1→1 / s3:1→1, 4→1"	"s1:12→1"
12	121	18	152	0	3	0	0	0	0	0	0	"s1:4→1 / s2:1→1 / s3:1→1"	""
12	121	18	158	1	2	0	0	0	0	0	0	"{s2:1→1 / s3:1→1, 4→1, 10→3, s2:1→1 / s3:4→3, 10→2}"	"{s1:12→1 / s3:14→1, s1:12→1 / s3:14→1}"
12	121	18	159	1	2	0	0	0	0	0	0	"{s1:1→1 / s2:1→1 / s3:1→1, 4→3, s1:1→1 / s2:1→1 / s3:4→1}"	"{s3:14→1, s3:14→1}"
12	121	18	165	2	1	0	0	0	0	0	0	"{s1:1→1 / s2:1→1, 4→1 / s3:1→1, 4→1, s1:1→1 / s2:4→1 / s3:1→1, 4→1, s1:1→1 / s2:4→1 / s3:4→1}"	"{s2:13→1 / s3:13→1, s2:13→1 / s3:13→1, s2:13→1 / s3:13→1}"
12	121	19	81	0	2	0	0	1	0	0	0	"{s1:1→1 / s3:10→1, s1:1→1 / s3:4→1, s1:1→1 / s3:4→1, s1:1→1 / s3:4→1, 10→1}"	"{s2:12→1, s2:11→1, s2:12→1, s2:12→1}"
12	121	19	82	0	2	0	0	1	0	0	0	"s1:1→1 / s2:10→1 / s3:4→1"	""
12	121	19	107	0	2	0	1	0	0	0	0	"s1:1→1 / s3:10→1"	"s2:12→1"
12	121	19	131	0	2	1	0	0	0	0	0	"{s1:1→1 / s3:10→1, s1:1→1 / s3:1→1, 4→1}"	"{s2:12→1, s2:12→1}"
12	121	19	132	0	2	1	0	0	0	0	0	"s1:1→1 / s2:4→1 / s3:1→1"	""
12	121	19	151	0	3	0	0	0	0	0	0	"s2:10→1 / s3:4→1"	"s1:12→1"
12	121	19	152	0	3	0	0	0	0	0	0	"s1:1→1 / s2:1→1 / s3:1→1, 4→1"	""
12	121	19	158	1	2	0	0	0	0	0	0	"{s2:1→1 / s3:10→1, s2:1→1 / s3:1→1, 10→3, s2:1→1 / s3:1→1, 4→2, s2:1→1 / s3:4→2, 10→2}"	"{s1:12→1 / s3:14→1, s1:12→1 / s3:14→1, s1:12→1 / s3:14→1, s1:12→1 / s3:14→1}"
12	121	19	159	1	2	0	0	0	0	0	0	"{s1:1→1 / s2:1→1, 4→1 / s3:1→1, s1:1→1 / s2:1→1 / s3:1→1, 4→1, s1:1→1 / s2:1→1 / s3:1→1, 4→2}"	"{s3:13→1, s3:14→1, s3:14→1}"
12	121	19	165	2	1	0	0	0	0	0	0	"{s1:1→1 / s2:10→1 / s3:10→1, s1:1→1 / s2:1→1, 4→1 / s3:1→2, 4→1, s1:1→1 / s2:1→1 / s3:1→1, 4→1, s1:1→1 / s2:4→1 / s3:1→2, 4→1}"	"{s2:13→1 / s3:13→1, s2:13→1 / s3:13→1, s2:13→1 / s3:13→1, s2:13→1 / s3:13→1}"
12	121	20	151	0	3	0	0	0	0	0	0	"{s2:1→1 / s3:1→1, s2:4→1, 10→1 / s3:1→1}"	"{s1:12→1, s1:12→1}"
12	121	20	152	0	3	0	0	0	0	0	0	"s1:1→1 / s2:1→1 / s3:1→1"	""
12	121	20	158	1	2	0	0	0	0	0	0	"{s2:1→1 / s3:1→1, 4→3, s2:1→1 / s3:4→2}"	"{s1:12→1 / s3:14→1, s1:12→1 / s3:14→1}"
12	121	20	165	2	1	0	0	0	0	0	0	"{s1:1→1 / s2:1→1 / s3:1→2, 4→1, s1:1→1 / s2:1→1 / s3:1→2, 4→2}"	"{s2:13→1 / s3:13→1, s2:13→1 / s3:13→1}"
12	121	21	131	0	2	1	0	0	0	0	0	"s1:1→1 / s3:1→1"	"s2:12→1"
12	121	21	158	1	2	0	0	0	0	0	0	"{s2:1→1 / s3:1→1, 10→4, s2:1→1 / s3:1→1, 4→1, s2:1→1 / s3:1→1, 4→4, s2:1→1 / s3:1→2, 4→3, s2:1→1 / s3:4→1, 10→2, s2:1→1 / s3:4→2, 10→3}"	"{s1:12→1 / s3:14→1, s1:12→1 / s3:14→1, s1:12→1 / s3:14→1, s1:12→1 / s3:14→1, s1:12→1 / s3:14→1, s1:12→1 / s3:14→1}"
12	121	21	159	1	2	0	0	0	0	0	0	"{s1:1→1 / s2:1→1 / s3:1→1, s1:4→1 / s2:1→1 / s3:1→1}"	"{s3:14→1, s3:14→1}"
12	121	22	151	0	3	0	0	0	0	0	0	"s1:4→1 / s2:1→1 / s3:1→2"	"s2:12→1"
12	121	22	158	1	2	0	0	0	0	0	0	"s2:1→1 / s3:4→1, 10→1"	"s1:11→1 / s3:14→1"
12	121	23	158	1	2	0	0	0	0	0	0	"{s2:1→1 / s3:1→2, 4→2, s2:1→1 / s3:4→2, 10→1}"	"{s1:12→1 / s3:14→1, s1:11→1 / s3:14→1}"
12	121	24	152	0	3	0	0	0	0	0	0	"s1:4→1 / s2:1→1 / s3:1→2"	""
12	121	24	165	2	1	0	0	0	0	0	0	"s1:1→1 / s2:1→1, 4→1 / s3:1→2"	"s2:13→1 / s3:13→1"
12	121	26	158	1	2	0	0	0	0	0	0	"s2:1→1 / s3:10→1"	"s1:11→1 / s3:14→1"
12	121	27	151	0	3	0	0	0	0	0	0	"s2:1→1 / s3:1→2, 4→1"	"s1:12→1"
12	121	28	159	1	2	0	0	0	0	0	0	"s1:4→1 / s2:1→2 / s3:1→1"	"s3:14→1"
12	121	29	158	1	2	0	0	0	0	0	0	"s2:1→1 / s3:4→1, 10→3"	"s1:12→1 / s3:14→1"
12	121	30	152	0	3	0	0	0	0	0	0	"s1:4→1 / s2:1→1 / s3:1→3"	""
12	121	34	132	0	2	1	0	0	0	0	0	"s1:1→1 / s2:10→1 / s3:4→1"	""
12	122	16	151	1	2	0	0	0	0	0	0	"s1:12→1 / s2:1→1"	"s3:2→1"
12	122	16	152	1	2	0	0	0	0	0	0	"{s1:12→1 / s2:1→1 / s3:5→1, s1:12→1 / s2:1→1 / s3:5→1}"	"{s3:13→1, s3:14→1}"
12	122	16	157	2	1	0	0	0	0	0	0	"{s1:12→1 / s2:1→1, 12→1 / s3:1→2, s1:12→1 / s2:1→1, 12→1 / s3:1→2, 5→1, 12→1, s1:12→1 / s2:1→1, 12→1 / s3:1→3, 5→1, 12→1, s1:12→1 / s2:1→1, 5→1, 12→1 / s3:1→2, 12→1, s1:12→1 / s2:1→1, 5→1, 12→1 / s3:1→3, 12→1, s1:12→1 / s2:1→1 / s3:1→1, 12→1, s1:12→1 / s2:1→1 / s3:1→1, 5→1, 12→1, s1:12→1 / s2:1→1 / s3:1→2, 5→1, 12→1, s1:12→1 / s2:1→2, 5→1, 12→1 / s3:1→3, 12→1, s1:12→1 / s2:1→2 / s3:1→2, 5→1, 12→1, s1:12→1 / s2:5→1 / s3:1→1, s1:12→1 / s2:5→1 / s3:1→2, s1:12→1 / s3:1→1, s1:12→1 / s3:1→1, 5→1, s1:12→1 / s3:1→2, 12→1, s1:12→1 / s3:1→2, 5→1, s1:12→1 / s3:1→2, 5→1, 12→1, s1:12→1 / s3:1→3, 12→1, s1:12→1 / s3:1→3, 5→1, 12→1, s1:1→1, s1:1→1, 12→1, s1:1→1, 12→1 / s2:12→1 / s3:1→1, s1:1→1, 12→1 / s2:12→1 / s3:1→1, 5→1, 12→1, s1:1→1, 12→1 / s2:12→1 / s3:1→2, 5→1, 12→1, s1:1→1, 12→1 / s2:12→1 / s3:1→3, 5→1, 12→1, s1:1→1, 12→1 / s2:1→1, 12→1 / s3:1→1, 5→1, 12→1, s1:1→1, 12→1 / s2:1→1, 5→1, 12→1 / s3:1→2, 12→1, s1:1→1, 12→1 / s2:1→1 / s3:1→1, 5→1, 12→1, s1:1→1, 12→1 / s2:5→1, 12→1 / s3:1→1, s1:1→1, 12→1 / s2:5→1, 12→1 / s3:1→1, 12→1, s1:1→1, 12→1 / s2:5→1 / s3:1→1, s1:1→1, 12→1 / s3:12→1, s1:1→1, 12→1 / s3:1→1, s1:1→1, 12→1 / s3:1→1, 12→1, s1:1→1, 12→1 / s3:1→1, 5→1, s1:1→1, 12→1 / s3:1→1, 5→1, 12→1, s1:1→1, 12→1 / s3:1→1, 5→1, 12→2, s1:1→1, 12→1 / s3:1→2, 5→1, 12→1, s1:1→1, 12→1 / s3:1→2, 5→1, 12→2, s1:1→1, 12→1 / s3:5→1, s1:1→1, 12→1 / s3:5→1, 12→1, s1:1→1 / s2:12→1 / s3:1→1, 12→1, s1:1→1 / s2:12→1 / s3:1→1, 12→2, s1:1→1 / s2:12→1 / s3:1→1, 5→1, 12→1, s1:1→1 / s2:12→1 / s3:1→1, 5→1, 12→2, s1:1→1 / s2:12→1 / s3:1→1, 5→1, 12→3, s1:1→1 / s2:12→1 / s3:1→2, 5→1, 12→2, s1:1→1 / s2:1→1, 12→1 / s3:1→1, 5→1, 12→2, s1:1→1 / s2:1→1, 12→1 / s3:1→1, 5→1, 12→3, s1:1→1 / s2:1→1, 12→2 / s3:1→1, 5→1, 12→3, s1:1→1 / s2:1→1, 5→1, 12→2 / s3:1→2, 12→2, s1:1→1 / s2:1→1, 5→1, 12→2 / s3:1→2, 12→3, s1:1→1 / s2:1→1, 5→1, 12→3 / s3:1→2, 12→3, s1:1→1 / s2:5→1, 12→1 / s3:1→1, 12→1, s1:1→1 / s2:5→1, 12→1 / s3:1→1, 12→2, s1:1→1 / s2:5→1, 12→2 / s3:1→1, 12→2, s1:1→1 / s3:12→1, s1:1→1 / s3:1→1, 12→2, s1:1→1 / s3:1→1, 5→1, 12→2, s1:1→1 / s3:5→1, 12→1, s1:1→1 / s3:5→1, 12→2}"	"{s2:2→1 / s3:9→1, s2:2→1 / s3:9→1, s2:2→1 / s3:9→1, s2:2→1 / s3:9→1, s2:2→1 / s3:9→1, s2:9→1 / s3:2→1, s2:9→1 / s3:2→1, s2:9→1 / s3:2→1, s2:2→1 / s3:9→1, s2:9→1 / s3:2→1, s2:2→1 / s3:9→1, s2:2→1 / s3:9→1, s2:2→1 / s3:9→1, s2:2→1 / s3:9→1, s2:2→1 / s3:9→1, s2:2→1 / s3:9→1, s2:2→1 / s3:9→1, s2:2→1 / s3:9→1, s2:2→1 / s3:9→1, s2:9→1 / s3:2→1, s2:9→1 / s3:2→1, s2:2→1 / s3:9→1, s2:2→1 / s3:9→1, s2:2→1 / s3:9→1, s2:2→1 / s3:9→1, s2:9→1 / s3:2→1, s2:2→1 / s3:9→1, s2:9→1 / s3:2→1, s2:2→1 / s3:9→1, s2:2→1 / s3:9→1, s2:2→1 / s3:9→1, s2:9→1 / s3:2→1, s2:2→1 / s3:9→1, s2:2→1 / s3:9→1, s2:2→1 / s3:9→1, s2:2→1 / s3:9→1, s2:2→1 / s3:9→1, s2:2→1 / s3:9→1, s2:2→1 / s3:9→1, s2:9→1 / s3:2→1, s2:9→1 / s3:2→1, s2:2→1 / s3:9→1, s2:2→1 / s3:9→1, s2:2→1 / s3:9→1, s2:2→1 / s3:9→1, s2:2→1 / s3:9→1, s2:2→1 / s3:9→1, s2:9→1 / s3:2→1, s2:9→1 / s3:2→1, s2:9→1 / s3:2→1, s2:2→1 / s3:9→1, s2:2→1 / s3:9→1, s2:2→1 / s3:9→1, s2:2→1 / s3:9→1, s2:2→1 / s3:9→1, s2:2→1 / s3:9→1, s2:9→1 / s3:2→1, s2:2→1 / s3:9→1, s2:2→1 / s3:9→1, s2:9→1 / s3:2→1, s2:9→1 / s3:2→1}"
12	122	16	158	2	1	0	0	0	0	0	0	"{s1:12→1 / s2:1→1, 12→1 / s3:1→2, 10→1, s1:12→1 / s2:1→1, 12→1 / s3:1→3, 10→1, s1:12→1 / s2:1→1, 5→1 / s3:1→1, 12→1, s1:12→1 / s2:1→1, 5→1 / s3:1→2, s1:12→1 / s2:1→1, 5→1 / s3:1→2, 10→1, s1:12→1 / s2:1→1, 5→1 / s3:1→2, 10→1, s1:12→1 / s2:1→1, 5→1 / s3:1→2, 12→1, s1:12→1 / s2:1→1, 5→1 / s3:1→3, 10→1, s1:12→1 / s2:1→1, 5→1 / s3:1→3, 10→1, 12→1, s1:12→1 / s2:1→1, 5→1 / s3:1→3, 12→1, s1:12→1 / s2:1→1 / s3:1→1, s1:12→1 / s2:1→1 / s3:1→1, 10→1, s1:12→1 / s2:1→1 / s3:1→1, 5→1, s1:12→1 / s2:1→1 / s3:1→1, 5→1, s1:12→1 / s2:1→1 / s3:1→1, 5→1, s1:12→1 / s2:1→1 / s3:1→1, 5→1, 10→1, s1:12→1 / s2:1→1 / s3:1→1, 5→1, 12→1, s1:12→1 / s2:1→1 / s3:1→2, 10→1, s1:12→1 / s2:1→1 / s3:1→2, 10→1, s1:12→1 / s2:1→1 / s3:1→2, 10→1, 12→1, s1:12→1 / s2:1→1 / s3:1→2, 12→1, s1:12→1 / s2:1→1 / s3:1→2, 5→1, s1:12→1 / s2:1→1 / s3:1→2, 5→1, 10→1, s1:12→1 / s2:1→1 / s3:1→2, 5→1, 10→1, s1:12→1 / s2:1→1 / s3:1→2, 5→1, 10→1, 12→1, s1:12→1 / s2:1→1 / s3:1→2, 5→1, 12→1, s1:12→1 / s2:1→1 / s3:1→2, 5→1, 12→1, s1:12→1 / s2:1→1 / s3:1→3, 10→1, 12→1, s1:12→1 / s2:1→1 / s3:1→3, 5→1, 10→1, s1:12→1 / s2:1→1 / s3:1→3, 5→1, 10→1, s1:12→1 / s2:1→1 / s3:1→3, 5→1, 12→1, s1:12→1 / s2:1→2 / s3:1→3, 5→1, 12→1, s1:12→1 / s2:5→1, s1:12→1 / s2:5→1 / s3:1→1, s1:12→1 / s2:5→1 / s3:1→1, s1:12→1 / s2:5→1 / s3:1→1, s1:12→1 / s2:5→1 / s3:1→1, 10→1, s1:12→1 / s2:5→1 / s3:1→1, 12→1, s1:12→1 / s2:5→1 / s3:1→2, 10→1, s1:12→1 / s2:5→1 / s3:1→2, 10→1, 12→1, s1:12→1 / s2:5→1 / s3:1→2, 12→1, s1:12→1 / s3:1→1, s1:12→1 / s3:1→1, 5→1, s1:12→1 / s3:1→2, 10→1, s1:12→1 / s3:1→2, 5→1, 10→1, s1:12→1 / s3:1→2, 5→1, 10→1, 12→1, s1:12→1 / s3:1→2, 5→1, 12→1, s1:12→1 / s3:1→3, 10→1, s1:12→1 / s3:1→3, 10→1, 12→1, s1:12→1 / s3:1→3, 5→1, 10→1, s1:1→1, 12→1 / s2:12→1 / s3:1→1, 10→1, s1:1→1, 12→1 / s2:12→1 / s3:1→1, 5→1, s1:1→1, 12→1 / s2:12→1 / s3:1→2, 10→1, s1:1→1, 12→1 / s2:1→1 / s3:1→1, 5→1, s1:1→1, 12→1 / s2:1→1 / s3:1→1, 5→1, 12→1, s1:1→1, 12→1 / s2:5→1, s1:1→1, 12→1 / s2:5→1, 12→1, s1:1→1, 12→1 / s2:5→1 / s3:12→1, s1:1→1, 12→1 / s2:5→1 / s3:1→1, s1:1→1, 12→1 / s2:5→1 / s3:1→1, 10→1, s1:1→1, 12→1 / s2:5→1 / s3:1→1, 10→1, s1:1→1, 12→1 / s2:5→1 / s3:1→1, 10→1, 12→1, s1:1→1, 12→1 / s2:5→1 / s3:1→1, 12→1, s1:1→1, 12→1 / s2:5→1 / s3:1→2, 10→1, s1:1→1, 12→1 / s2:5→1 / s3:1→2, 10→1, 12→1, s1:1→1, 12→1 / s2:5→1 / s3:1→2, 12→1, s1:1→1, 12→1 / s3:1→1, 10→1, s1:1→1, 12→1 / s3:1→1, 10→1, 12→1, s1:1→1, 12→1 / s3:1→1, 5→1, 10→1, s1:1→1, 12→1 / s3:1→1, 5→1, 10→1, 12→1, s1:1→1, 12→1 / s3:1→1, 5→1, 12→1, s1:1→1, 12→1 / s3:1→2, 10→1, 12→1, s1:1→1, 12→1 / s3:1→2, 5→1, 10→1, s1:1→1, 12→1 / s3:1→2, 5→1, 10→1, 12→1, s1:1→1, 12→1 / s3:5→1, s1:1→1, 12→1 / s3:5→1, 12→1, s1:1→1 / s2:12→1, s1:1→1 / s2:12→1, s1:1→1 / s2:12→1 / s3:12→1, s1:1→1 / s2:12→1 / s3:1→1, 10→1, 12→1, s1:1→1 / s2:12→1 / s3:1→1, 10→1, 12→1, s1:1→1 / s2:12→1 / s3:1→1, 10→1, 12→1, s1:1→1 / s2:12→1 / s3:1→1, 10→1, 12→2, s1:1→1 / s2:12→1 / s3:1→1, 10→1, 12→2, s1:1→1 / s2:12→1 / s3:1→1, 12→1, s1:1→1 / s2:12→1 / s3:1→1, 5→1, 10→1, 12→1, s1:1→1 / s2:12→1 / s3:1→1, 5→1, 10→1, 12→1, s1:1→1 / s2:12→1 / s3:1→1, 5→1, 10→1, 12→1, s1:1→1 / s2:12→1 / s3:1→1, 5→1, 10→1, 12→2, s1:1→1 / s2:12→1 / s3:1→1, 5→1, 10→1, 12→2, s1:1→1 / s2:12→1 / s3:1→1, 5→1, 10→1, 12→2, s1:1→1 / s2:12→1 / s3:1→1, 5→1, 12→1, s1:1→1 / s2:12→1 / s3:1→1, 5→1, 12→2, s1:1→1 / s2:12→1 / s3:1→1, 5→1, 12→2, s1:1→1 / s2:12→1 / s3:1→1, 5→1, 12→2, s1:1→1 / s2:12→1 / s3:1→2, 10→1, 12→2, s1:1→1 / s2:12→1 / s3:1→2, 10→1, 12→2, s1:1→1 / s2:12→1 / s3:1→2, 5→1, 10→1, 12→1, s1:1→1 / s2:12→1 / s3:1→2, 5→1, 10→1, 12→1, s1:1→1 / s2:12→1 / s3:1→2, 5→1, 12→2, s1:1→1 / s2:12→1 / s3:5→1, s1:1→1 / s2:12→1 / s3:5→1, 10→1, 12→1, s1:1→1 / s2:12→1 / s3:5→1, 12→1, s1:1→1 / s2:12→1 / s3:5→1, 12→1, s1:1→1 / s2:1→1, 12→1 / s3:1→1, 5→1, 12→2, s1:1→1 / s2:1→1, 12→2 / s3:1→1, 5→1, 12→2, s1:1→1 / s2:1→1, 12→2 / s3:1→1, 5→1, 12→3, s1:1→1 / s2:5→1, 12→1, s1:1→1 / s2:5→1, 12→1 / s3:12→1, s1:1→1 / s2:5→1, 12→1 / s3:1→1, 10→1, 12→1, s1:1→1 / s2:5→1, 12→1 / s3:1→1, 10→1, 12→2, s1:1→1 / s2:5→1, 12→1 / s3:1→1, 10→1, 12→2, s1:1→1 / s2:5→1, 12→1 / s3:1→1, 10→1, 12→3, s1:1→1 / s2:5→1, 12→1 / s3:1→1, 12→1, s1:1→1 / s2:5→1, 12→1 / s3:1→1, 12→2, s1:1→1 / s2:5→1, 12→1 / s3:1→2, 12→3, s1:1→1 / s2:5→1 / s3:12→1, s1:1→1 / s2:5→1 / s3:1→1, 10→1, 12→1, s1:1→1 / s2:5→1 / s3:1→1, 10→1, 12→1, s1:1→1 / s2:5→1 / s3:1→1, 12→1, s1:1→1 / s2:5→1 / s3:1→2, 10→1, 12→2, s1:1→1 / s2:5→1 / s3:1→2, 10→1, 12→2, s1:1→1 / s2:5→1 / s3:1→2, 12→2, s1:1→1 / s3:1→1, 10→1, 12→2, s1:1→1 / s3:1→1, 5→1, 10→1, 12→2, s1:1→1 / s3:1→1, 5→1, 12→3, s1:1→1 / s3:5→1, s1:1→1 / s3:5→1, 12→1}"	"{s2:2→1 / s3:13→1, s2:2→1 / s3:13→1, s2:13→1 / s3:2→1, s2:13→1 / s3:9→1, s2:13→1 / s3:13→1, s2:13→1 / s3:2→1, s2:13→1 / s3:9→1, s2:13→1 / s3:13→1, s2:13→1 / s3:2→1, s2:13→1 / s3:9→1, s2:13→1 / s3:9→1, s2:13→1 / s3:2→1, s2:13→1 / s3:13→1, s2:13→1 / s3:9→1, s2:9→1 / s3:13→1, s2:13→1 / s3:2→1, s2:13→1 / s3:2→1, s2:13→1 / s3:13→1, s2:13→1 / s3:2→1, s2:13→1 / s3:2→1, s2:13→1 / s3:9→1, s2:13→1 / s3:9→1, s2:13→1 / s3:13→1, s2:13→1 / s3:2→1, s2:13→1 / s3:2→1, s2:13→1 / s3:9→1, s2:9→1 / s3:13→1, s2:13→1 / s3:2→1, s2:13→1 / s3:13→1, s2:13→1 / s3:2→1, s2:13→1 / s3:9→1, s2:9→1 / s3:13→1, s2:13→1 / s3:2→1, s2:13→1 / s3:13→1, s2:13→1 / s3:9→1, s2:2→1 / s3:13→1, s2:13→1 / s3:2→1, s2:13→1 / s3:2→1, s2:13→1 / s3:13→1, s2:13→1 / s3:2→1, s2:13→1 / s3:9→1, s2:2→1 / s3:13→1, s2:2→1 / s3:13→1, s2:2→1 / s3:13→1, s2:2→1 / s3:13→1, s2:2→1 / s3:13→1, s2:2→1 / s3:13→1, s2:2→1 / s3:13→1, s2:2→1 / s3:13→1, s2:2→1 / s3:13→1, s2:2→1 / s3:13→1, s2:2→1 / s3:13→1, s2:2→1 / s3:13→1, s2:9→1 / s3:13→1, s2:9→1 / s3:13→1, s2:13→1 / s3:2→1, s2:13→1 / s3:2→1, s2:13→1 / s3:2→1, s2:13→1 / s3:9→1, s2:13→1 / s3:13→1, s2:13→1 / s3:2→1, s2:13→1 / s3:2→1, s2:13→1 / s3:9→1, s2:13→1 / s3:13→1, s2:13→1 / s3:2→1, s2:13→1 / s3:9→1, s2:2→1 / s3:13→1, s2:2→1 / s3:13→1, s2:2→1 / s3:13→1, s2:2→1 / s3:13→1, s2:2→1 / s3:13→1, s2:2→1 / s3:13→1, s2:2→1 / s3:13→1, s2:2→1 / s3:13→1, s2:9→1 / s3:13→1, s2:9→1 / s3:13→1, s2:13→1 / s3:2→1, s2:13→1 / s3:9→1, s2:13→1 / s3:2→1, s2:13→1 / s3:13→1, s2:13→1 / s3:2→1, s2:2→1 / s3:13→1, s2:13→1 / s3:2→1, s2:2→1 / s3:13→1, s2:13→1 / s3:9→1, s2:13→1 / s3:13→1, s2:13→1 / s3:2→1, s2:2→1 / s3:13→1, s2:13→1 / s3:13→1, s2:13→1 / s3:2→1, s2:2→1 / s3:13→1, s2:13→1 / s3:9→1, s2:13→1 / s3:2→1, s2:13→1 / s3:9→1, s2:2→1 / s3:13→1, s2:13→1 / s3:2→1, s2:2→1 / s3:13→1, s2:13→1 / s3:13→1, s2:2→1 / s3:13→1, s2:13→1 / s3:9→1, s2:13→1 / s3:13→1, s2:13→1 / s3:2→1, s2:13→1 / s3:13→1, s2:13→1 / s3:2→1, s2:9→1 / s3:13→1, s2:9→1 / s3:13→1, s2:9→1 / s3:13→1, s2:13→1 / s3:2→1, s2:13→1 / s3:2→1, s2:13→1 / s3:13→1, s2:13→1 / s3:13→1, s2:13→1 / s3:2→1, s2:13→1 / s3:2→1, s2:13→1 / s3:9→1, s2:13→1 / s3:9→1, s2:13→1 / s3:9→1, s2:13→1 / s3:2→1, s2:13→1 / s3:13→1, s2:13→1 / s3:2→1, s2:13→1 / s3:9→1, s2:13→1 / s3:13→1, s2:13→1 / s3:2→1, s2:13→1 / s3:9→1, s2:2→1 / s3:13→1, s2:2→1 / s3:13→1, s2:2→1 / s3:13→1, s2:9→1 / s3:13→1, s2:9→1 / s3:13→1}"
12	122	17	131	1	1	1	0	0	0	0	0	"{s1:12→1 / s2:1→1, s1:12→1 / s2:1→1 / s3:1→1, s1:12→1 / s2:1→1 / s3:1→1, 10→1, s1:12→1 / s2:1→1 / s3:1→1, 5→1, s1:12→1 / s2:1→1 / s3:1→1, 5→1, 10→1, s1:12→1 / s2:1→1 / s3:1→2, 10→1, s1:12→1 / s2:1→1 / s3:1→2, 5→1, s1:12→1 / s2:1→1 / s3:1→2, 5→1, 10→1, s1:12→1 / s2:1→1 / s3:1→3, 5→1, 10→1, s1:12→1 / s2:1→1 / s3:5→1, s1:1→1 / s2:12→1, s1:1→1 / s2:12→1, s1:1→1 / s2:12→1 / s3:10→1, s1:1→1 / s2:12→1 / s3:10→1, 12→1, s1:1→1 / s2:12→1 / s3:12→1, s1:1→1 / s2:12→1 / s3:1→1, 12→1, s1:1→1 / s2:12→1 / s3:1→1, 5→1, s1:1→1 / s2:12→1 / s3:1→1, 5→1, 12→1, s1:1→1 / s2:12→1 / s3:1→1, 5→1, 12→2, s1:1→1 / s2:12→1 / s3:1→1, 5→1, 12→3, s1:1→1 / s2:12→1 / s3:5→1, s1:1→1 / s2:12→1 / s3:5→1, 10→1, s1:1→1 / s2:12→1 / s3:5→1, 10→1, 12→1, s1:1→1 / s2:12→1 / s3:5→1, 10→1, 12→2, s1:1→1 / s2:12→1 / s3:5→1, 12→1, s1:1→1 / s2:12→1 / s3:5→1, 12→1}"	"{s3:2→1, s3:9→1, s3:2→1, s3:9→1, s3:2→1, s3:2→1, s3:9→1, s3:2→1, s3:2→1, s3:2→1, s3:2→1, s3:9→1, s3:2→1, s3:2→1, s3:2→1, s3:9→1, s3:9→1, s3:9→1, s3:9→1, s3:9→1, s3:9→1, s3:2→1, s3:2→1, s3:2→1, s3:2→1, s3:9→1}"
12	122	17	132	1	1	1	0	0	0	0	0	"{s1:12→1 / s2:1→1 / s3:1→1, 10→1, s1:12→1 / s2:1→1 / s3:1→1, 5→1, 10→1, s1:12→1 / s2:1→1 / s3:1→2, 10→1, s1:12→1 / s2:1→1 / s3:1→2, 5→1, 10→1, s1:12→1 / s2:1→1 / s3:1→3, 5→1, 10→1, s1:12→1 / s2:1→1 / s3:5→1, s1:1→1 / s2:12→1 / s3:1→1, 10→1, s1:1→1 / s2:12→1 / s3:1→1, 10→1, 12→1, s1:1→1 / s2:12→1 / s3:1→1, 5→1, 10→1, s1:1→1 / s2:12→1 / s3:1→1, 5→1, 10→1, 12→1, s1:1→1 / s2:12→1 / s3:1→1, 5→1, 12→1, s1:1→1 / s2:12→1 / s3:5→1, s1:1→1 / s2:12→1 / s3:5→1, 10→1}"	"{s3:14→1, s3:14→1, s3:14→1, s3:14→1, s3:14→1, s3:14→1, s3:14→1, s3:14→1, s3:14→1, s3:14→1, s3:14→1, s3:14→1, s3:14→1}"
12	122	17	137	2	0	1	0	0	0	0	0	"{s1:12→1 / s2:1→1, 5→1 / s3:1→2, s1:12→1 / s2:1→1, 5→1 / s3:1→3, s1:12→1 / s2:1→1 / s3:1→2, s1:12→1 / s2:1→1 / s3:1→3, 5→1, s1:12→1 / s2:1→2, 5→1 / s3:1→4, s1:12→1 / s2:5→1 / s3:1→1, s1:12→1 / s2:5→1 / s3:1→2, s1:12→1 / s3:1→1, s1:12→1 / s3:1→1, 5→1, s1:12→1 / s3:1→2, s1:12→1 / s3:1→2, 5→1, s1:12→1 / s3:1→3, s1:12→1 / s3:1→3, 5→1, s1:12→1 / s3:1→4, s1:12→1 / s3:1→4, 5→1, s1:1→1, s1:1→1, 12→1, s1:1→1, 12→1 / s2:5→1, s1:1→1, 12→1 / s3:5→1, s1:1→1 / s2:12→1 / s3:12→1, s1:1→1 / s2:12→1 / s3:12→2, s1:1→1 / s2:12→1 / s3:5→1, 12→2, s1:1→1 / s2:12→1 / s3:5→1, 12→3, s1:1→1 / s2:12→2 / s3:12→2, s1:1→1 / s2:12→2 / s3:5→1, 12→4, s1:1→1 / s2:5→1, s1:1→1 / s2:5→1, 12→1 / s3:12→1, s1:1→1 / s2:5→1, 12→2 / s3:12→1, s1:1→1 / s2:5→1, 12→2 / s3:12→2, s1:1→1 / s2:5→1, 12→3 / s3:12→2, s1:1→1 / s3:12→1, s1:1→1 / s3:5→1, 12→1, s1:1→1 / s3:5→1, 12→2}"	"{s2:2→1 / s3:9→1, s2:2→1 / s3:9→1, s2:2→1 / s3:9→1, s2:2→1 / s3:9→1, s2:2→1 / s3:9→1, s2:2→1 / s3:9→1, s2:2→1 / s3:9→1, s2:2→1 / s3:9→1, s2:2→1 / s3:9→1, s2:2→1 / s3:9→1, s2:2→1 / s3:9→1, s2:2→1 / s3:9→1, s2:2→1 / s3:9→1, s2:2→1 / s3:9→1, s2:2→1 / s3:9→1, s2:9→1 / s3:2→1, s2:9→1 / s3:2→1, s2:9→1 / s3:2→1, s2:9→1 / s3:2→1, s2:9→1 / s3:2→1, s2:9→1 / s3:2→1, s2:9→1 / s3:2→1, s2:9→1 / s3:2→1, s2:9→1 / s3:2→1, s2:9→1 / s3:2→1, s2:9→1 / s3:2→1, s2:9→1 / s3:2→1, s2:9→1 / s3:2→1, s2:9→1 / s3:2→1, s2:9→1 / s3:2→1, s2:9→1 / s3:2→1, s2:9→1 / s3:2→1, s2:9→1 / s3:2→1}"
12	122	17	145	0	3	0	0	0	0	0	0	"s1:12→1 / s2:1→1 / s3:1→1, 12→1"	""
12	122	17	151	1	2	0	0	0	0	0	0	"{s1:12→1 / s2:1→1, s1:12→1 / s2:1→1, 12→1, s1:12→1 / s2:1→1, 12→1, s1:12→1 / s2:1→1, 12→1 / s3:10→1, s1:12→1 / s2:1→1, 12→1 / s3:1→1, s1:12→1 / s2:1→1, 12→1 / s3:1→1, 10→1, s1:12→1 / s2:1→1, 12→1 / s3:1→1, 5→1, s1:12→1 / s2:1→1, 12→1 / s3:1→1, 5→1, 10→1, s1:12→1 / s2:1→1, 12→1 / s3:1→2, s1:12→1 / s2:1→1, 12→1 / s3:1→2, 10→1, s1:12→1 / s2:1→1, 12→1 / s3:1→2, 5→1, 10→1, s1:12→1 / s2:1→1 / s3:10→1, s1:12→1 / s2:1→1 / s3:10→1, 12→1, s1:12→1 / s2:1→1 / s3:12→1, s1:12→1 / s2:1→1 / s3:1→1, s1:12→1 / s2:1→1 / s3:1→1, 10→1, s1:12→1 / s2:1→1 / s3:1→1, 10→1, 12→1, s1:12→1 / s2:1→1 / s3:1→1, 10→1, 12→2, s1:12→1 / s2:1→1 / s3:1→1, 10→1, 12→3, s1:12→1 / s2:1→1 / s3:1→1, 12→1, s1:12→1 / s2:1→1 / s3:1→1, 12→1, s1:12→1 / s2:1→1 / s3:1→1, 12→2, s1:12→1 / s2:1→1 / s3:1→1, 12→2, s1:12→1 / s2:1→1 / s3:1→1, 5→1, s1:12→1 / s2:1→1 / s3:1→1, 5→1, 10→1, s1:12→1 / s2:1→1 / s3:1→1, 5→1, 10→1, 12→1, s1:12→1 / s2:1→1 / s3:1→1, 5→1, 10→1, 12→2, s1:12→1 / s2:1→1 / s3:1→1, 5→1, 12→1, s1:12→1 / s2:1→1 / s3:1→1, 5→1, 12→1, s1:12→1 / s2:1→1 / s3:1→1, 5→1, 12→2, s1:12→1 / s2:1→1 / s3:1→1, 5→1, 12→2, s1:12→1 / s2:1→1 / s3:1→1, 5→1, 12→3, s1:12→1 / s2:1→1 / s3:1→1, 5→1, 12→3, s1:12→1 / s2:1→1 / s3:1→2, 10→1, s1:12→1 / s2:1→1 / s3:1→2, 10→1, 12→1, s1:12→1 / s2:1→1 / s3:1→2, 10→1, 12→2, s1:12→1 / s2:1→1 / s3:1→2, 12→1, s1:12→1 / s2:1→1 / s3:1→2, 12→2, s1:12→1 / s2:1→1 / s3:1→2, 12→2, s1:12→1 / s2:1→1 / s3:1→2, 12→3, s1:12→1 / s2:1→1 / s3:1→2, 12→3, s1:12→1 / s2:1→1 / s3:1→2, 5→1, s1:12→1 / s2:1→1 / s3:1→2, 5→1, 10→1, s1:12→1 / s2:1→1 / s3:1→2, 5→1, 10→1, 12→1, s1:12→1 / s2:1→1 / s3:1→2, 5→1, 12→1, s1:12→1 / s2:1→1 / s3:1→2, 5→1, 12→1, s1:12→1 / s2:1→1 / s3:1→2, 5→1, 12→2, s1:12→1 / s2:1→1 / s3:1→2, 5→1, 12→2, s1:12→1 / s2:1→1 / s3:1→3, 10→1, 12→1, s1:12→1 / s2:1→1 / s3:1→3, 12→1, s1:12→1 / s2:1→1 / s3:1→3, 12→2, s1:12→1 / s2:1→1 / s3:1→3, 12→2, s1:12→1 / s2:1→1 / s3:1→3, 5→1, 10→1, s1:12→1 / s2:1→1 / s3:1→3, 5→1, 12→1, s1:12→1 / s2:1→1 / s3:5→1, s1:12→1 / s2:1→1 / s3:5→1, s1:12→1 / s2:1→1 / s3:5→1, 10→1, s1:12→1 / s2:1→1 / s3:5→1, 10→1, 12→1, s1:12→1 / s2:1→1 / s3:5→1, 12→1, s1:12→1 / s2:1→2, 12→1, s1:12→1 / s2:1→2, 12→1 / s3:1→1, s1:12→1 / s2:1→2, 12→1 / s3:1→2, s1:12→1 / s2:1→2, 12→1 / s3:1→3, s1:12→1 / s2:1→2, 12→1 / s3:1→3, 5→1, s1:1→1, 12→1 / s2:1→1, 12→1, s1:1→1, 12→1 / s2:1→1, 12→1 / s3:1→1, s1:1→1 / s2:1→1, 12→1, s1:1→1 / s2:1→1, 12→1 / s3:12→1, s1:1→1 / s2:1→1, 12→1 / s3:12→2, s1:1→1 / s2:1→1, 12→1 / s3:1→1, s1:1→1 / s2:1→1, 12→1 / s3:1→1, 12→1, s1:1→1 / s2:1→1, 12→1 / s3:1→1, 12→2, s1:1→1 / s2:1→1, 12→1 / s3:1→1, 12→3, s1:1→1 / s2:1→1, 12→1 / s3:1→1, 5→1, s1:1→1 / s2:1→1, 12→1 / s3:1→1, 5→1, 12→1, s1:1→1 / s2:1→1, 12→1 / s3:1→1, 5→1, 12→2, s1:1→1 / s2:1→1, 12→1 / s3:1→1, 5→1, 12→3, s1:1→1 / s2:1→1, 12→1 / s3:5→1, s1:1→1 / s2:1→1, 12→1 / s3:5→1, 12→1, s1:1→1 / s2:1→1, 12→1 / s3:5→1, 12→2, s1:1→1 / s2:1→1, 12→2}"	"{s3:9→1, s3:2→1, s3:9→1, s3:2→1, s3:9→1, s3:2→1, s3:9→1, s3:2→1, s3:9→1, s3:2→1, s3:2→1, s3:2→1, s3:2→1, s3:2→1, s3:9→1, s3:2→1, s3:2→1, s3:2→1, s3:2→1, s3:2→1, s3:9→1, s3:2→1, s3:9→1, s3:9→1, s3:2→1, s3:2→1, s3:2→1, s3:2→1, s3:9→1, s3:2→1, s3:9→1, s3:2→1, s3:9→1, s3:2→1, s3:2→1, s3:2→1, s3:9→1, s3:2→1, s3:9→1, s3:2→1, s3:9→1, s3:9→1, s3:2→1, s3:2→1, s3:2→1, s3:9→1, s3:2→1, s3:9→1, s3:2→1, s3:9→1, s3:2→1, s3:9→1, s3:2→1, s3:9→1, s3:2→1, s3:9→1, s3:2→1, s3:2→1, s3:2→1, s3:2→1, s3:9→1, s3:9→1, s3:9→1, s3:9→1, s3:2→1, s3:9→1, s3:2→1, s3:2→1, s3:2→1, s3:9→1, s3:9→1, s3:9→1, s3:9→1, s3:9→1, s3:9→1, s3:9→1, s3:9→1, s3:2→1, s3:2→1, s3:2→1, s3:2→1}"
12	122	17	152	1	2	0	0	0	0	0	0	"{s1:12→1 / s2:1→1 / s3:10→1, s1:12→1 / s2:1→1 / s3:12→1, s1:12→1 / s2:1→1 / s3:1→1, s1:12→1 / s2:1→1 / s3:1→1, 10→1, s1:12→1 / s2:1→1 / s3:1→1, 10→1, s1:12→1 / s2:1→1 / s3:1→1, 10→1, 12→1, s1:12→1 / s2:1→1 / s3:1→1, 10→1, 12→1, s1:12→1 / s2:1→1 / s3:1→1, 10→1, 12→2, s1:12→1 / s2:1→1 / s3:1→1, 12→1, s1:12→1 / s2:1→1 / s3:1→1, 12→1, s1:12→1 / s2:1→1 / s3:1→1, 12→2, s1:12→1 / s2:1→1 / s3:1→1, 5→1, s1:12→1 / s2:1→1 / s3:1→1, 5→1, 10→1, s1:12→1 / s2:1→1 / s3:1→1, 5→1, 10→1, s1:12→1 / s2:1→1 / s3:1→1, 5→1, 10→1, 12→1, s1:12→1 / s2:1→1 / s3:1→1, 5→1, 10→1, 12→1, s1:12→1 / s2:1→1 / s3:1→1, 5→1, 10→1, 12→2, s1:12→1 / s2:1→1 / s3:1→1, 5→1, 12→1, s1:12→1 / s2:1→1 / s3:1→1, 5→1, 12→1, s1:12→1 / s2:1→1 / s3:1→1, 5→1, 12→2, s1:12→1 / s2:1→1 / s3:1→1, 5→1, 12→3, s1:12→1 / s2:1→1 / s3:1→2, 10→1, s1:12→1 / s2:1→1 / s3:1→2, 10→1, s1:12→1 / s2:1→1 / s3:1→2, 10→1, 12→1, s1:12→1 / s2:1→1 / s3:1→2, 10→1, 12→1, s1:12→1 / s2:1→1 / s3:1→2, 10→1, 12→2, s1:12→1 / s2:1→1 / s3:1→2, 12→1, s1:12→1 / s2:1→1 / s3:1→2, 12→2, s1:12→1 / s2:1→1 / s3:1→2, 12→3, s1:12→1 / s2:1→1 / s3:1→2, 5→1, 10→1, s1:12→1 / s2:1→1 / s3:1→2, 5→1, 10→1, s1:12→1 / s2:1→1 / s3:1→2, 5→1, 10→1, 12→1, s1:12→1 / s2:1→1 / s3:1→2, 5→1, 10→1, 12→1, s1:12→1 / s2:1→1 / s3:1→2, 5→1, 12→1, s1:12→1 / s2:1→1 / s3:1→2, 5→1, 12→1, s1:12→1 / s2:1→1 / s3:1→2, 5→1, 12→2, s1:12→1 / s2:1→1 / s3:1→3, 10→1, s1:12→1 / s2:1→1 / s3:1→3, 10→1, 12→1, s1:12→1 / s2:1→1 / s3:1→3, 10→1, 12→1, s1:12→1 / s2:1→1 / s3:1→3, 5→1, 10→1, s1:12→1 / s2:1→1 / s3:1→3, 5→1, 10→1, s1:12→1 / s2:1→1 / s3:1→3, 5→1, 12→1, s1:12→1 / s2:1→1 / s3:5→1, 10→1, s1:12→1 / s2:1→1 / s3:5→1, 10→1, 12→1, s1:12→1 / s2:1→1 / s3:5→1, 12→1, s1:1→1 / s2:1→1, 12→1 / s3:12→1, s1:1→1 / s2:1→1, 12→1 / s3:12→1, s1:1→1 / s2:1→1, 12→1 / s3:5→1, s1:1→1 / s2:1→1, 12→1 / s3:5→1, s1:1→1 / s2:1→1, 12→1 / s3:5→1, 12→1, s1:1→1 / s2:1→1, 12→1 / s3:5→1, 12→1}"	"{s3:14→1, s3:14→1, s3:13→1, s3:13→1, s3:14→1, s3:13→1, s3:14→1, s3:14→1, s3:13→1, s3:14→1, s3:14→1, s3:13→1, s3:13→1, s3:14→1, s3:13→1, s3:14→1, s3:14→1, s3:13→1, s3:14→1, s3:14→1, s3:14→1, s3:13→1, s3:14→1, s3:13→1, s3:14→1, s3:14→1, s3:13→1, s3:14→1, s3:14→1, s3:13→1, s3:14→1, s3:13→1, s3:14→1, s3:13→1, s3:14→1, s3:14→1, s3:13→1, s3:13→1, s3:14→1, s3:13→1, s3:14→1, s3:13→1, s3:14→1, s3:14→1, s3:14→1, s3:13→1, s3:14→1, s3:13→1, s3:14→1, s3:13→1, s3:14→1}"
12	122	17	157	2	1	0	0	0	0	0	0	"{s1:12→1, s1:12→1 / s2:12→1 / s3:1→1, 12→1, s1:12→1 / s2:12→1 / s3:1→1, 5→1, 12→1, s1:12→1 / s2:12→1 / s3:1→2, 12→1, s1:12→1 / s2:12→1 / s3:1→2, 5→1, 12→1, s1:12→1 / s2:1→1, 12→1 / s3:1→1, 12→1, s1:12→1 / s2:1→1, 12→1 / s3:1→2, 12→1, s1:12→1 / s2:1→1, 12→1 / s3:1→3, 12→1, s1:12→1 / s2:1→1, 12→1 / s3:1→4, 12→1, s1:12→1 / s2:1→1, 5→1 / s3:1→3, s1:12→1 / s2:1→2, 12→1 / s3:1→3, 12→1, s1:12→1 / s2:1→2, 12→1 / s3:1→4, 12→1, s1:12→1 / s2:1→2, 5→1, 12→1 / s3:1→4, 12→1, s1:12→1 / s2:1→2 / s3:1→2, 12→1, s1:12→1 / s2:1→2 / s3:1→3, 5→1, 12→1, s1:12→1 / s2:1→3, 5→1, 12→1 / s3:1→4, 12→1, s1:12→1 / s2:1→3 / s3:1→3, 12→1, s1:12→1 / s2:5→1, s1:12→1 / s2:5→1, 12→1 / s3:12→1, s1:12→1 / s2:5→1, 12→1 / s3:1→1, 12→1, s1:12→1 / s3:12→1, s1:12→1 / s3:1→1, 12→1, s1:12→1 / s3:1→1, 5→1, 12→1, s1:12→1 / s3:1→1, 5→1, 12→2, s1:12→1 / s3:1→2, s1:12→1 / s3:1→2, 12→2, s1:12→1 / s3:1→2, 12→3, s1:12→1 / s3:1→2, 5→1, 12→2, s1:12→1 / s3:1→3, s1:12→1 / s3:1→3, 12→2, s1:12→1 / s3:1→3, 5→1, s1:12→1 / s3:1→4, 12→1, s1:12→1 / s3:1→4, 5→1, s1:12→1 / s3:5→1, 12→1, s1:1→1, 12→1 / s2:12→1 / s3:12→1, s1:1→1, 12→1 / s2:12→1 / s3:1→1, 12→1, s1:1→1, 12→1 / s2:12→1 / s3:1→2, 12→1, s1:1→1, 12→1 / s2:12→1 / s3:1→3, 12→1, s1:1→1, 12→1 / s2:1→1, 12→1 / s3:1→1, 12→1, s1:1→1, 12→1 / s2:1→1, 12→1 / s3:1→2, s1:1→1, 12→1 / s2:1→1, 12→1 / s3:1→2, 12→1, s1:1→1, 12→1 / s2:1→1, 12→1 / s3:1→2, 5→1, 12→1, s1:1→1, 12→1 / s2:1→1, 5→1 / s3:1→2, s1:1→1, 12→1 / s2:1→1 / s3:1→1, 12→1, s1:1→1, 12→1 / s2:1→1 / s3:1→2, s1:1→1, 12→1 / s2:1→1 / s3:1→2, 5→1, 12→1, s1:1→1, 12→1 / s3:1→1, 12→2, s1:1→1, 12→1 / s3:1→1, 12→3, s1:1→1, 12→1 / s3:1→1, 5→1, 12→3, s1:1→1, 12→1 / s3:1→2, s1:1→1, 12→1 / s3:1→2, 12→1, s1:1→1, 12→1 / s3:1→2, 12→2, s1:1→1, 12→1 / s3:1→2, 12→3, s1:1→1, 12→1 / s3:1→2, 5→1, s1:1→1, 12→1 / s3:1→3, s1:1→1, 12→1 / s3:1→3, 12→1, s1:1→1, 12→1 / s3:1→3, 12→2, s1:1→1, 12→1 / s3:1→3, 5→1, s1:1→1, 12→1 / s3:1→3, 5→1, 12→1, s1:1→1, 12→1 / s3:1→4, s1:1→1, 12→1 / s3:1→4, 12→1, s1:1→1, 12→1 / s3:1→4, 5→1, s1:1→1 / s2:12→1 / s3:12→2, s1:1→1 / s2:12→1 / s3:1→1, s1:1→1 / s2:12→1 / s3:1→1, 12→3, s1:1→1 / s2:12→1 / s3:1→1, 5→1, s1:1→1 / s2:12→1 / s3:1→2, 12→1, s1:1→1 / s2:12→1 / s3:1→2, 12→2, s1:1→1 / s2:12→1 / s3:1→2, 12→3, s1:1→1 / s2:12→1 / s3:1→2, 5→1, 12→1, s1:1→1 / s2:12→1 / s3:1→3, 12→2, s1:1→1 / s2:12→1 / s3:1→3, 5→1, 12→1, s1:1→1 / s2:12→1 / s3:5→1, 12→3, s1:1→1 / s2:12→2 / s3:1→1, 12→2, s1:1→1 / s2:12→2 / s3:1→1, 12→3, s1:1→1 / s2:12→2 / s3:1→1, 12→4, s1:1→1 / s2:12→2 / s3:1→1, 5→1, 12→3, s1:1→1 / s2:1→1, 12→1 / s3:1→1, 12→2, s1:1→1 / s2:1→1, 12→1 / s3:1→2, s1:1→1 / s2:1→1, 12→1 / s3:1→2, 12→1, s1:1→1 / s2:1→1, 12→1 / s3:1→2, 12→2, s1:1→1 / s2:1→1, 12→1 / s3:1→2, 5→1, s1:1→1 / s2:1→1, 12→1 / s3:1→2, 5→1, 12→1, s1:1→1 / s2:1→1, 12→2 / s3:1→1, 12→3, s1:1→1 / s2:1→1, 12→2 / s3:1→2, 12→1, s1:1→1 / s2:1→1, 12→2 / s3:1→2, 12→2, s1:1→1 / s2:1→1, 12→2 / s3:1→2, 12→3, s1:1→1 / s2:1→1, 12→2 / s3:1→2, 5→1, 12→2, s1:1→1 / s2:1→1, 12→3 / s3:1→1, 12→3, s1:1→1 / s2:1→1, 12→3 / s3:1→1, 12→4, s1:1→1 / s2:1→1, 12→3 / s3:1→2, 12→3, s1:1→1 / s2:1→1, 5→1, 12→1 / s3:1→2, 12→1, s1:1→1 / s2:1→1 / s3:1→1, 12→1, s1:1→1 / s2:1→1 / s3:1→1, 5→1, 12→1, s1:1→1 / s2:1→1 / s3:1→2, 5→1, 12→2, s1:1→1 / s2:5→1, 12→2 / s3:1→1, 12→3, s1:1→1 / s2:5→1, 12→3 / s3:1→1, 12→4, s1:1→1 / s2:5→1 / s3:1→1, s1:1→1 / s3:1→1, s1:1→1 / s3:1→1, 12→1, s1:1→1 / s3:1→1, 5→1, s1:1→1 / s3:1→1, 5→1, 12→1, s1:1→1 / s3:1→2, 12→1, s1:1→1 / s3:1→2, 12→2, s1:1→1 / s3:1→2, 12→3, s1:1→1 / s3:1→2, 5→1, s1:1→1 / s3:1→2, 5→1, 12→1, s1:1→1 / s3:1→2, 5→1, 12→2, s1:1→1 / s3:1→3, 12→1, s1:1→1 / s3:1→3, 12→2, s1:1→1 / s3:1→3, 5→1, 12→1, s1:1→2, 12→1 / s2:12→1 / s3:1→1, s1:1→2, 12→1 / s3:1→1}"	"{s2:9→1 / s3:2→1, s2:2→1 / s3:9→1, s2:2→1 / s3:9→1, s2:2→1 / s3:9→1, s2:2→1 / s3:9→1, s2:9→1 / s3:2→1, s2:2→1 / s3:9→1, s2:2→1 / s3:9→1, s2:2→1 / s3:9→1, s2:2→1 / s3:9→1, s2:2→1 / s3:9→1, s2:2→1 / s3:9→1, s2:2→1 / s3:9→1, s2:9→1 / s3:2→1, s2:9→1 / s3:2→1, s2:2→1 / s3:9→1, s2:9→1 / s3:2→1, s2:9→1 / s3:2→1, s2:9→1 / s3:2→1, s2:2→1 / s3:9→1, s2:9→1 / s3:2→1, s2:2→1 / s3:9→1, s2:2→1 / s3:9→1, s2:2→1 / s3:9→1, s2:2→1 / s3:9→1, s2:2→1 / s3:9→1, s2:2→1 / s3:9→1, s2:2→1 / s3:9→1, s2:2→1 / s3:9→1, s2:2→1 / s3:9→1, s2:2→1 / s3:9→1, s2:2→1 / s3:9→1, s2:2→1 / s3:9→1, s2:9→1 / s3:2→1, s2:9→1 / s3:2→1, s2:2→1 / s3:9→1, s2:2→1 / s3:9→1, s2:2→1 / s3:9→1, s2:9→1 / s3:2→1, s2:2→1 / s3:9→1, s2:2→1 / s3:9→1, s2:2→1 / s3:9→1, s2:2→1 / s3:9→1, s2:9→1 / s3:2→1, s2:2→1 / s3:9→1, s2:9→1 / s3:2→1, s2:2→1 / s3:9→1, s2:2→1 / s3:9→1, s2:2→1 / s3:9→1, s2:2→1 / s3:9→1, s2:2→1 / s3:9→1, s2:2→1 / s3:9→1, s2:2→1 / s3:9→1, s2:2→1 / s3:9→1, s2:2→1 / s3:9→1, s2:2→1 / s3:9→1, s2:2→1 / s3:9→1, s2:2→1 / s3:9→1, s2:2→1 / s3:9→1, s2:2→1 / s3:9→1, s2:2→1 / s3:9→1, s2:2→1 / s3:9→1, s2:9→1 / s3:2→1, s2:2→1 / s3:9→1, s2:2→1 / s3:9→1, s2:2→1 / s3:9→1, s2:2→1 / s3:9→1, s2:2→1 / s3:9→1, s2:2→1 / s3:9→1, s2:2→1 / s3:9→1, s2:2→1 / s3:9→1, s2:2→1 / s3:9→1, s2:9→1 / s3:2→1, s2:2→1 / s3:9→1, s2:2→1 / s3:9→1, s2:2→1 / s3:9→1, s2:2→1 / s3:9→1, s2:9→1 / s3:2→1, s2:2→1 / s3:9→1, s2:2→1 / s3:9→1, s2:2→1 / s3:9→1, s2:2→1 / s3:9→1, s2:2→1 / s3:9→1, s2:9→1 / s3:2→1, s2:2→1 / s3:9→1, s2:2→1 / s3:9→1, s2:2→1 / s3:9→1, s2:2→1 / s3:9→1, s2:9→1 / s3:2→1, s2:9→1 / s3:2→1, s2:2→1 / s3:9→1, s2:2→1 / s3:9→1, s2:9→1 / s3:2→1, s2:9→1 / s3:2→1, s2:9→1 / s3:2→1, s2:2→1 / s3:9→1, s2:2→1 / s3:9→1, s2:2→1 / s3:9→1, s2:2→1 / s3:9→1, s2:2→1 / s3:9→1, s2:2→1 / s3:9→1, s2:2→1 / s3:9→1, s2:2→1 / s3:9→1, s2:2→1 / s3:9→1, s2:2→1 / s3:9→1, s2:2→1 / s3:9→1, s2:2→1 / s3:9→1, s2:2→1 / s3:9→1, s2:2→1 / s3:9→1, s2:2→1 / s3:9→1, s2:2→1 / s3:9→1, s2:2→1 / s3:9→1, s2:2→1 / s3:9→1}"
12	122	17	158	2	1	0	0	0	0	0	0	"{s1:12→1 / s2:12→1 / s3:1→1, s1:12→1 / s2:12→1 / s3:1→1, 10→1, s1:12→1 / s2:1→1, 5→1 / s3:1→2, 12→1, s1:12→1 / s2:1→1, 5→1 / s3:1→3, 10→1, s1:12→1 / s2:1→1, 5→1 / s3:1→4, 10→1, s1:12→1 / s2:1→1, 5→1 / s3:1→4, 12→1, s1:12→1 / s2:1→1 / s3:1→1, s1:12→1 / s2:1→1 / s3:1→1, 10→1, s1:12→1 / s2:1→1 / s3:1→1, 10→1, 12→1, s1:12→1 / s2:1→1 / s3:1→1, 12→1, s1:12→1 / s2:1→1 / s3:1→1, 12→1, s1:12→1 / s2:1→1 / s3:1→1, 5→1, s1:12→1 / s2:1→1 / s3:1→1, 5→1, 10→1, s1:12→1 / s2:1→1 / s3:1→1, 5→1, 10→1, 12→1, s1:12→1 / s2:1→1 / s3:1→1, 5→1, 12→1, s1:12→1 / s2:1→1 / s3:1→2, s1:12→1 / s2:1→1 / s3:1→2, 12→1, s1:12→1 / s2:1→1 / s3:1→2, 5→1, s1:12→1 / s2:1→1 / s3:1→2, 5→1, 12→1, s1:12→1 / s2:1→1 / s3:1→3, s1:12→1 / s2:1→1 / s3:1→3, 10→1, s1:12→1 / s2:1→1 / s3:1→3, 10→1, s1:12→1 / s2:1→1 / s3:1→3, 12→1, s1:12→1 / s2:1→1 / s3:1→3, 5→1, s1:12→1 / s2:1→1 / s3:1→3, 5→1, 12→1, s1:12→1 / s2:1→1 / s3:1→4, 10→1, s1:12→1 / s2:1→1 / s3:1→4, 10→1, s1:12→1 / s2:1→1 / s3:1→4, 12→1, s1:12→1 / s2:1→1 / s3:1→4, 5→1, s1:12→1 / s2:1→2, 12→1 / s3:1→4, 10→1, s1:12→1 / s2:1→2, 5→1 / s3:1→2, 12→1, s1:12→1 / s2:1→2, 5→1 / s3:1→3, s1:12→1 / s2:1→2, 5→1 / s3:1→3, 12→1, s1:12→1 / s2:1→2, 5→1 / s3:1→4, 10→1, s1:12→1 / s2:1→2 / s3:1→2, 5→1, s1:12→1 / s2:5→1, 12→1 / s3:1→1, s1:12→1 / s2:5→1 / s3:10→1, s1:12→1 / s2:5→1 / s3:10→1, 12→1, s1:12→1 / s2:5→1 / s3:12→1, s1:12→1 / s2:5→1 / s3:1→1, 10→1, s1:12→1 / s2:5→1 / s3:1→1, 10→1, 12→1, s1:12→1 / s2:5→1 / s3:1→1, 12→1, s1:12→1 / s3:1→1, 10→1, s1:12→1 / s3:1→1, 10→1, 12→1, s1:12→1 / s3:1→1, 12→1, s1:12→1 / s3:1→1, 5→1, 10→1, s1:12→1 / s3:1→1, 5→1, 10→1, 12→1, s1:12→1 / s3:1→1, 5→1, 12→1, s1:12→1 / s3:1→2, 10→1, 12→1, s1:12→1 / s3:1→2, 12→1, s1:12→1 / s3:1→2, 5→1, s1:12→1 / s3:1→3, 12→1, s1:12→1 / s3:1→3, 5→1, 12→1, s1:12→1 / s3:1→4, 10→1, s1:12→1 / s3:5→1, s1:1→1, 12→1 / s2:12→1, s1:1→1, 12→1 / s2:12→1 / s3:1→1, s1:1→1, 12→1 / s2:1→1 / s3:1→1, s1:1→1, 12→1 / s2:5→1 / s3:1→1, s1:1→1, 12→1 / s2:5→1 / s3:1→1, 12→1, s1:1→1, 12→1 / s2:5→1 / s3:1→2, s1:1→1, 12→1 / s2:5→1 / s3:1→2, 10→1, s1:1→1, 12→1 / s2:5→1 / s3:1→3, 12→1, s1:1→1, 12→1 / s3:1→1, s1:1→1, 12→1 / s3:1→1, 12→1, s1:1→1, 12→1 / s3:1→1, 5→1, s1:1→1, 12→1 / s3:1→2, 10→1, s1:1→1, 12→1 / s3:1→2, 12→1, s1:1→1, 12→1 / s3:1→2, 5→1, s1:1→1, 12→1 / s3:1→2, 5→1, 12→1, s1:1→1 / s2:12→1 / s3:10→1, s1:1→1 / s2:12→1 / s3:10→1, s1:1→1 / s2:12→1 / s3:10→1, 12→1, s1:1→1 / s2:12→1 / s3:10→1, 12→1, s1:1→1 / s2:12→1 / s3:10→1, 12→2, s1:1→1 / s2:12→1 / s3:12→1, s1:1→1 / s2:12→1 / s3:12→1, s1:1→1 / s2:12→1 / s3:12→2, s1:1→1 / s2:12→1 / s3:1→1, s1:1→1 / s2:12→1 / s3:1→1, 10→1, s1:1→1 / s2:12→1 / s3:1→1, 10→1, s1:1→1 / s2:12→1 / s3:1→1, 10→1, s1:1→1 / s2:12→1 / s3:1→1, 10→1, 12→2, s1:1→1 / s2:12→1 / s3:1→1, 10→1, 12→3, s1:1→1 / s2:12→1 / s3:1→1, 10→1, 12→3, s1:1→1 / s2:12→1 / s3:1→1, 10→1, 12→3, s1:1→1 / s2:12→1 / s3:1→1, 12→1, s1:1→1 / s2:12→1 / s3:1→1, 12→1, s1:1→1 / s2:12→1 / s3:1→1, 12→1, s1:1→1 / s2:12→1 / s3:1→1, 12→2, s1:1→1 / s2:12→1 / s3:1→1, 12→2, s1:1→1 / s2:12→1 / s3:1→1, 12→2, s1:1→1 / s2:12→1 / s3:1→1, 12→2, s1:1→1 / s2:12→1 / s3:1→1, 12→3, s1:1→1 / s2:12→1 / s3:1→1, 12→3, s1:1→1 / s2:12→1 / s3:1→1, 12→3, s1:1→1 / s2:12→1 / s3:1→1, 12→3, s1:1→1 / s2:12→1 / s3:1→1, 12→4, s1:1→1 / s2:12→1 / s3:1→1, 12→4, s1:1→1 / s2:12→1 / s3:1→1, 5→1, s1:1→1 / s2:12→1 / s3:1→1, 5→1, 10→1, s1:1→1 / s2:12→1 / s3:1→1, 5→1, 10→1, s1:1→1 / s2:12→1 / s3:1→1, 5→1, 10→1, s1:1→1 / s2:12→1 / s3:1→1, 5→1, 12→1, s1:1→1 / s2:12→1 / s3:1→1, 5→1, 12→1, s1:1→1 / s2:12→1 / s3:1→1, 5→1, 12→1, s1:1→1 / s2:12→1 / s3:1→1, 5→1, 12→2, s1:1→1 / s2:12→1 / s3:1→1, 5→1, 12→3, s1:1→1 / s2:12→1 / s3:1→1, 5→1, 12→3, s1:1→1 / s2:12→1 / s3:1→1, 5→1, 12→3, s1:1→1 / s2:12→1 / s3:1→1, 5→1, 12→3, s1:1→1 / s2:12→1 / s3:1→2, 10→1, 12→1, s1:1→1 / s2:12→1 / s3:1→2, 10→1, 12→1, s1:1→1 / s2:12→1 / s3:1→2, 10→1, 12→1, s1:1→1 / s2:12→1 / s3:1→2, 10→1, 12→2, s1:1→1 / s2:12→1 / s3:1→2, 12→1, s1:1→1 / s2:12→1 / s3:1→2, 12→2, s1:1→1 / s2:12→1 / s3:1→2, 12→2, s1:1→1 / s2:12→1 / s3:1→2, 12→2, s1:1→1 / s2:12→1 / s3:1→2, 12→2, s1:1→1 / s2:12→1 / s3:1→2, 12→3, s1:1→1 / s2:12→1 / s3:1→2, 12→3, s1:1→1 / s2:12→1 / s3:1→2, 12→3, s1:1→1 / s2:12→1 / s3:1→2, 12→3, s1:1→1 / s2:12→1 / s3:1→2, 5→1, 10→1, s1:1→1 / s2:12→1 / s3:1→2, 5→1, 10→1, 12→1, s1:1→1 / s2:12→1 / s3:1→2, 5→1, 12→1, s1:1→1 / s2:12→1 / s3:1→2, 5→1, 12→2, s1:1→1 / s2:12→1 / s3:1→2, 5→1, 12→2, s1:1→1 / s2:12→1 / s3:1→2, 5→1, 12→2, s1:1→1 / s2:12→1 / s3:1→3, 12→2, s1:1→1 / s2:12→1 / s3:1→3, 5→1, 12→1, s1:1→1 / s2:12→1 / s3:5→1, 10→1, s1:1→1 / s2:12→1 / s3:5→1, 10→1, s1:1→1 / s2:12→1 / s3:5→1, 10→1, 12→1, s1:1→1 / s2:12→1 / s3:5→1, 10→1, 12→2, s1:1→1 / s2:12→1 / s3:5→1, 10→1, 12→2, s1:1→1 / s2:12→1 / s3:5→1, 10→1, 12→3, s1:1→1 / s2:12→1 / s3:5→1, 12→1, s1:1→1 / s2:12→1 / s3:5→1, 12→2, s1:1→1 / s2:12→1 / s3:5→1, 12→2, s1:1→1 / s2:12→1 / s3:5→1, 12→2, s1:1→1 / s2:12→1 / s3:5→1, 12→3, s1:1→1 / s2:12→2 / s3:1→1, 10→1, 12→3, s1:1→1 / s2:12→2 / s3:1→1, 12→2, s1:1→1 / s2:12→2 / s3:1→1, 12→3, s1:1→1 / s2:12→2 / s3:1→1, 5→1, 12→3, s1:1→1 / s2:1→1, 12→1 / s3:1→1, s1:1→1 / s2:1→1, 12→2 / s3:1→1, 12→1, s1:1→1 / s2:1→1, 12→2 / s3:1→1, 12→2, s1:1→1 / s2:1→1, 12→3 / s3:1→1, 12→3, s1:1→1 / s2:1→1 / s3:1→1, 5→1, 12→1, s1:1→1 / s2:5→1, s1:1→1 / s2:5→1, 12→1 / s3:12→2, s1:1→1 / s2:5→1, 12→1 / s3:1→1, 10→1, 12→3, s1:1→1 / s2:5→1, 12→1 / s3:1→1, 12→2, s1:1→1 / s2:5→1, 12→1 / s3:1→1, 12→2, s1:1→1 / s2:5→1, 12→1 / s3:1→1, 12→3, s1:1→1 / s2:5→1, 12→1 / s3:1→1, 12→3, s1:1→1 / s2:5→1, 12→1 / s3:1→1, 12→3, s1:1→1 / s2:5→1, 12→1 / s3:1→2, 10→1, 12→2, s1:1→1 / s2:5→1, 12→1 / s3:1→2, 12→2, s1:1→1 / s2:5→1, 12→2 / s3:12→1, s1:1→1 / s2:5→1, 12→2 / s3:12→2, s1:1→1 / s2:5→1, 12→2 / s3:1→1, 12→3, s1:1→1 / s2:5→1, 12→2 / s3:1→1, 12→3, s1:1→1 / s2:5→1, 12→2 / s3:1→1, 12→4, s1:1→1 / s2:5→1, 12→2 / s3:1→1, 12→4, s1:1→1 / s2:5→1 / s3:1→1, s1:1→1 / s2:5→1 / s3:1→1, 10→1, s1:1→1 / s2:5→1 / s3:1→1, 10→1, s1:1→1 / s2:5→1 / s3:1→1, 12→1, s1:1→1 / s2:5→1 / s3:1→1, 12→1, s1:1→1 / s2:5→1 / s3:1→2, s1:1→1 / s2:5→1 / s3:1→2, 10→1, s1:1→1 / s2:5→1 / s3:1→2, 10→1, s1:1→1 / s2:5→1 / s3:1→2, 10→1, 12→1, s1:1→1 / s2:5→1 / s3:1→2, 10→1, 12→1, s1:1→1 / s2:5→1 / s3:1→2, 12→1, s1:1→1 / s2:5→1 / s3:1→3, 12→1, s1:1→1 / s2:5→1 / s3:1→3, 12→2, s1:1→1 / s3:1→1, 10→1, s1:1→1 / s3:1→1, 10→1, 12→1, s1:1→1 / s3:1→1, 12→1, s1:1→1 / s3:1→1, 12→2, s1:1→1 / s3:1→1, 5→1, 10→1, s1:1→1 / s3:1→1, 5→1, 10→1, 12→1, s1:1→1 / s3:1→1, 5→1, 12→1, s1:1→1 / s3:1→1, 5→1, 12→2, s1:1→1 / s3:1→2, 10→1, s1:1→1 / s3:1→2, 10→1, 12→1, s1:1→1 / s3:1→2, 10→1, 12→2, s1:1→1 / s3:1→2, 12→2, s1:1→1 / s3:1→2, 12→3, s1:1→1 / s3:1→2, 5→1, 10→1, s1:1→1 / s3:1→2, 5→1, 10→1, 12→1, s1:1→1 / s3:1→2, 5→1, 12→1, s1:1→1 / s3:1→2, 5→1, 12→2}"	"{s2:2→1 / s3:13→1, s2:2→1 / s3:13→1, s2:13→1 / s3:2→1, s2:13→1 / s3:2→1, s2:13→1 / s3:13→1, s2:13→1 / s3:9→1, s2:13→1 / s3:13→1, s2:13→1 / s3:13→1, s2:13→1 / s3:2→1, s2:13→1 / s3:2→1, s2:13→1 / s3:9→1, s2:13→1 / s3:2→1, s2:13→1 / s3:13→1, s2:13→1 / s3:2→1, s2:13→1 / s3:9→1, s2:13→1 / s3:9→1, s2:13→1 / s3:2→1, s2:13→1 / s3:13→1, s2:13→1 / s3:2→1, s2:13→1 / s3:9→1, s2:13→1 / s3:13→1, s2:13→1 / s3:2→1, s2:13→1 / s3:9→1, s2:13→1 / s3:9→1, s2:13→1 / s3:2→1, s2:13→1 / s3:13→1, s2:13→1 / s3:2→1, s2:13→1 / s3:9→1, s2:13→1 / s3:9→1, s2:2→1 / s3:13→1, s2:13→1 / s3:2→1, s2:13→1 / s3:9→1, s2:13→1 / s3:2→1, s2:13→1 / s3:2→1, s2:9→1 / s3:13→1, s2:2→1 / s3:13→1, s2:13→1 / s3:2→1, s2:13→1 / s3:2→1, s2:13→1 / s3:2→1, s2:13→1 / s3:13→1, s2:13→1 / s3:2→1, s2:13→1 / s3:9→1, s2:2→1 / s3:13→1, s2:2→1 / s3:13→1, s2:2→1 / s3:13→1, s2:2→1 / s3:13→1, s2:2→1 / s3:13→1, s2:2→1 / s3:13→1, s2:2→1 / s3:13→1, s2:2→1 / s3:13→1, s2:2→1 / s3:13→1, s2:2→1 / s3:13→1, s2:2→1 / s3:13→1, s2:2→1 / s3:13→1, s2:9→1 / s3:13→1, s2:13→1 / s3:2→1, s2:2→1 / s3:13→1, s2:13→1 / s3:9→1, s2:13→1 / s3:13→1, s2:13→1 / s3:2→1, s2:13→1 / s3:9→1, s2:13→1 / s3:2→1, s2:13→1 / s3:9→1, s2:2→1 / s3:13→1, s2:2→1 / s3:13→1, s2:2→1 / s3:13→1, s2:2→1 / s3:13→1, s2:2→1 / s3:13→1, s2:2→1 / s3:13→1, s2:2→1 / s3:13→1, s2:13→1 / s3:13→1, s2:13→1 / s3:2→1, s2:13→1 / s3:13→1, s2:13→1 / s3:2→1, s2:13→1 / s3:2→1, s2:13→1 / s3:13→1, s2:13→1 / s3:9→1, s2:13→1 / s3:2→1, s2:13→1 / s3:9→1, s2:13→1 / s3:13→1, s2:13→1 / s3:2→1, s2:2→1 / s3:13→1, s2:13→1 / s3:13→1, s2:13→1 / s3:13→1, s2:13→1 / s3:2→1, s2:2→1 / s3:13→1, s2:13→1 / s3:13→1, s2:13→1 / s3:2→1, s2:2→1 / s3:13→1, s2:13→1 / s3:13→1, s2:13→1 / s3:2→1, s2:13→1 / s3:9→1, s2:2→1 / s3:13→1, s2:13→1 / s3:13→1, s2:13→1 / s3:2→1, s2:13→1 / s3:9→1, s2:2→1 / s3:13→1, s2:13→1 / s3:2→1, s2:13→1 / s3:9→1, s2:13→1 / s3:9→1, s2:13→1 / s3:13→1, s2:13→1 / s3:2→1, s2:2→1 / s3:13→1, s2:13→1 / s3:13→1, s2:13→1 / s3:2→1, s2:2→1 / s3:13→1, s2:13→1 / s3:13→1, s2:13→1 / s3:13→1, s2:13→1 / s3:2→1, s2:13→1 / s3:9→1, s2:2→1 / s3:13→1, s2:13→1 / s3:13→1, s2:13→1 / s3:2→1, s2:2→1 / s3:13→1, s2:13→1 / s3:13→1, s2:13→1 / s3:9→1, s2:13→1 / s3:13→1, s2:13→1 / s3:2→1, s2:13→1 / s3:9→1, s2:2→1 / s3:13→1, s2:13→1 / s3:13→1, s2:13→1 / s3:2→1, s2:13→1 / s3:9→1, s2:2→1 / s3:13→1, s2:13→1 / s3:13→1, s2:13→1 / s3:2→1, s2:13→1 / s3:9→1, s2:13→1 / s3:13→1, s2:13→1 / s3:2→1, s2:2→1 / s3:13→1, s2:13→1 / s3:9→1, s2:13→1 / s3:9→1, s2:13→1 / s3:13→1, s2:13→1 / s3:2→1, s2:13→1 / s3:13→1, s2:13→1 / s3:13→1, s2:13→1 / s3:2→1, s2:13→1 / s3:2→1, s2:13→1 / s3:9→1, s2:13→1 / s3:13→1, s2:13→1 / s3:2→1, s2:9→1 / s3:13→1, s2:13→1 / s3:2→1, s2:2→1 / s3:13→1, s2:2→1 / s3:13→1, s2:2→1 / s3:13→1, s2:2→1 / s3:13→1, s2:13→1 / s3:9→1, s2:13→1 / s3:9→1, s2:13→1 / s3:9→1, s2:13→1 / s3:9→1, s2:9→1 / s3:13→1, s2:13→1 / s3:2→1, s2:13→1 / s3:2→1, s2:13→1 / s3:13→1, s2:13→1 / s3:13→1, s2:13→1 / s3:2→1, s2:13→1 / s3:13→1, s2:13→1 / s3:2→1, s2:13→1 / s3:9→1, s2:13→1 / s3:13→1, s2:13→1 / s3:9→1, s2:13→1 / s3:2→1, s2:13→1 / s3:2→1, s2:13→1 / s3:13→1, s2:13→1 / s3:9→1, s2:13→1 / s3:2→1, s2:13→1 / s3:9→1, s2:13→1 / s3:9→1, s2:13→1 / s3:13→1, s2:13→1 / s3:2→1, s2:13→1 / s3:13→1, s2:13→1 / s3:2→1, s2:13→1 / s3:9→1, s2:13→1 / s3:13→1, s2:13→1 / s3:2→1, s2:13→1 / s3:13→1, s2:13→1 / s3:2→1, s2:13→1 / s3:9→1, s2:13→1 / s3:9→1, s2:13→1 / s3:9→1, s2:2→1 / s3:13→1, s2:2→1 / s3:13→1, s2:2→1 / s3:13→1, s2:2→1 / s3:13→1, s2:2→1 / s3:13→1, s2:2→1 / s3:13→1, s2:2→1 / s3:13→1, s2:2→1 / s3:13→1, s2:2→1 / s3:13→1, s2:2→1 / s3:13→1, s2:2→1 / s3:13→1, s2:2→1 / s3:13→1, s2:2→1 / s3:13→1, s2:2→1 / s3:13→1, s2:2→1 / s3:13→1, s2:2→1 / s3:13→1, s2:2→1 / s3:13→1}"
12	122	18	107	1	1	0	1	0	0	0	0	"{s1:1→1 / s2:12→1, s1:1→1 / s2:12→1 / s3:12→1, s1:1→1 / s2:12→1 / s3:5→1, s1:1→1 / s2:12→1 / s3:5→1, 12→1, s1:1→1 / s2:12→1 / s3:5→1, 12→2, s1:1→1 / s2:12→1 / s3:5→1, 12→3}"	"{s3:9→1, s3:9→1, s3:9→1, s3:9→1, s3:9→1, s3:9→1}"
12	122	18	108	1	1	0	1	0	0	0	0	"{s1:1→1 / s2:12→1 / s3:10→1, s1:1→1 / s2:12→1 / s3:10→1, 12→1, s1:1→1 / s2:12→1 / s3:5→1, s1:1→1 / s2:12→1 / s3:5→1, 10→1, s1:1→1 / s2:12→1 / s3:5→1, 10→1, 12→1, s1:1→1 / s2:12→1 / s3:5→1, 12→1}"	"{s3:14→1, s3:14→1, s3:14→1, s3:14→1, s3:14→1, s3:14→1}"
12	122	18	111	1	0	2	0	0	0	0	0	"{s1:12→1 / s2:1→1, s1:12→1 / s2:1→1, s1:12→1 / s2:1→1 / s3:10→1, s1:12→1 / s2:1→1 / s3:1→1, s1:12→1 / s2:1→1 / s3:1→1, 5→1, s1:12→1 / s2:1→1 / s3:5→1, s1:12→1 / s2:1→1 / s3:5→1, s1:12→1 / s2:1→1 / s3:5→1, 10→1}"	"{s3:2→1, s3:9→1, s3:2→1, s3:9→1, s3:9→1, s3:2→1, s3:9→1, s3:2→1}"
12	122	18	125	0	2	1	0	0	0	0	0	"{s1:12→1 / s2:1→1 / s3:1→1, s1:1→1 / s2:12→1 / s3:12→1}"	""
12	122	18	131	1	1	1	0	0	0	0	0	"{s1:12→1 / s2:1→1, s1:12→1 / s2:1→1 / s3:10→1, s1:12→1 / s2:1→1 / s3:1→1, 5→1, s1:12→1 / s2:1→1 / s3:1→2, s1:12→1 / s2:1→1 / s3:1→2, 5→1, s1:12→1 / s2:1→1 / s3:1→3, s1:12→1 / s2:1→1 / s3:1→3, 10→1, s1:12→1 / s2:1→1 / s3:1→3, 5→1, s1:12→1 / s2:1→1 / s3:1→4, s1:12→1 / s2:1→1 / s3:1→4, 10→1, s1:12→1 / s2:1→1 / s3:1→4, 5→1, s1:12→1 / s2:1→1 / s3:5→1, s1:12→1 / s2:1→1 / s3:5→1, 10→1, s1:1→1 / s2:12→1 / s3:10→1, 12→2, s1:1→1 / s2:12→1 / s3:10→1, 12→3, s1:1→1 / s2:12→1 / s3:10→1, 12→4, s1:1→1 / s2:12→1 / s3:12→1, s1:1→1 / s2:12→1 / s3:12→2, s1:1→1 / s2:12→1 / s3:12→2, s1:1→1 / s2:12→1 / s3:1→1, s1:1→1 / s2:12→1 / s3:1→1, 12→2, s1:1→1 / s2:12→1 / s3:1→1, 12→3, s1:1→1 / s2:12→1 / s3:1→1, 12→4, s1:1→1 / s2:12→1 / s3:5→1, s1:1→1 / s2:12→1 / s3:5→1, 10→1, 12→3, s1:1→1 / s2:12→1 / s3:5→1, 12→2, s1:1→1 / s2:12→1 / s3:5→1, 12→2, s1:1→1 / s2:12→1 / s3:5→1, 12→3, s1:1→1 / s2:12→1 / s3:5→1, 12→3, s1:1→1 / s2:12→1 / s3:5→1, 12→4, s1:1→1 / s2:12→1 / s3:5→1, 12→4}"	"{s3:9→1, s3:2→1, s3:2→1, s3:9→1, s3:2→1, s3:9→1, s3:2→1, s3:9→1, s3:9→1, s3:2→1, s3:9→1, s3:9→1, s3:2→1, s3:2→1, s3:2→1, s3:2→1, s3:9→1, s3:2→1, s3:9→1, s3:9→1, s3:9→1, s3:9→1, s3:9→1, s3:2→1, s3:2→1, s3:2→1, s3:9→1, s3:2→1, s3:9→1, s3:2→1, s3:9→1}"
12	122	18	132	1	1	1	0	0	0	0	0	"{s1:12→1 / s2:1→1 / s3:10→1, s1:12→1 / s2:1→1 / s3:1→1, 5→1, s1:12→1 / s2:1→1 / s3:1→3, 10→1, s1:12→1 / s2:1→1 / s3:1→4, 10→1, s1:12→1 / s2:1→1 / s3:5→1, 10→1, s1:1→1 / s2:12→1 / s3:10→1, s1:1→1 / s2:12→1 / s3:10→1, 12→1, s1:1→1 / s2:12→1 / s3:1→1, s1:1→1 / s2:12→1 / s3:1→1, 12→1, s1:1→1 / s2:12→1 / s3:1→1, 5→1, s1:1→1 / s2:12→1 / s3:5→1, 10→1, 12→1, s1:1→1 / s2:12→1 / s3:5→1, 12→1}"	"{s3:14→1, s3:14→1, s3:14→1, s3:14→1, s3:14→1, s3:14→1, s3:14→1, s3:14→1, s3:14→1, s3:14→1, s3:14→1, s3:14→1}"
12	122	18	137	2	0	1	0	0	0	0	0	"{s1:12→1, s1:12→1 / s2:1→1 / s3:1→3, s1:12→1 / s2:1→1 / s3:1→4, s1:12→1 / s2:1→1 / s3:1→4, 5→1, s1:12→1 / s2:1→1 / s3:1→5, s1:12→1 / s2:1→2, 5→1 / s3:1→5, s1:12→1 / s2:1→3, 5→1 / s3:1→5, s1:12→1 / s2:5→1, s1:12→1 / s3:1→5, s1:1→1 / s2:12→2 / s3:12→3, s1:1→1 / s2:12→3 / s3:12→3, s1:1→1 / s2:12→3 / s3:12→4, s1:1→1 / s2:5→1, 12→4 / s3:12→2, s1:1→1 / s2:5→1, 12→4 / s3:12→3}"	"{s2:9→1 / s3:2→1, s2:2→1 / s3:9→1, s2:2→1 / s3:9→1, s2:2→1 / s3:9→1, s2:2→1 / s3:9→1, s2:2→1 / s3:9→1, s2:2→1 / s3:9→1, s2:9→1 / s3:2→1, s2:2→1 / s3:9→1, s2:9→1 / s3:2→1, s2:9→1 / s3:2→1, s2:9→1 / s3:2→1, s2:9→1 / s3:2→1, s2:9→1 / s3:2→1}"
12	122	18	145	0	3	0	0	0	0	0	0	"s1:12→1 / s2:1→1 / s3:1→2, 12→1"	""
12	122	18	151	1	2	0	0	0	0	0	0	"{s1:12→1 / s2:12→1, s1:12→1 / s2:1→1 / s3:10→1, 12→2, s1:12→1 / s2:1→1 / s3:1→1, 12→3, s1:12→1 / s2:1→1 / s3:1→1, 12→3, s1:12→1 / s2:1→1 / s3:1→1, 12→4, s1:12→1 / s2:1→1 / s3:1→2, s1:12→1 / s2:1→1 / s3:1→2, 12→1, s1:12→1 / s2:1→1 / s3:1→3, 10→1, s1:12→1 / s2:1→1 / s3:1→3, 5→1, s1:12→1 / s2:1→1 / s3:1→3, 5→1, 12→1, s1:12→1 / s2:1→1 / s3:1→4, 10→1, s1:12→1 / s2:1→1 / s3:1→4, 12→1, s1:12→1 / s2:1→1 / s3:5→1, 10→1, 12→2, s1:12→1 / s2:1→1 / s3:5→1, 10→1, 12→3, s1:12→1 / s2:1→1 / s3:5→1, 12→1, s1:12→1 / s2:1→1 / s3:5→1, 12→2, s1:12→1 / s2:1→3, 12→1, s1:1→1 / s2:1→1 / s3:1→1, s1:1→1 / s2:1→1 / s3:5→1}"	"{s3:9→1, s3:2→1, s3:2→1, s3:9→1, s3:2→1, s3:9→1, s3:2→1, s3:2→1, s3:9→1, s3:2→1, s3:2→1, s3:9→1, s3:2→1, s3:2→1, s3:9→1, s3:2→1, s3:2→1, s3:9→1, s3:2→1}"
12	122	18	152	1	2	0	0	0	0	0	0	"{s1:12→1 / s2:1→1 / s3:10→1, 12→1, s1:12→1 / s2:1→1 / s3:1→1, 10→1, 12→3, s1:12→1 / s2:1→1 / s3:1→1, 12→3, s1:12→1 / s2:1→1 / s3:1→2, 12→1, s1:12→1 / s2:1→1 / s3:1→3, 10→1, s1:12→1 / s2:1→1 / s3:1→3, 12→1, s1:12→1 / s2:1→1 / s3:1→3, 12→2, s1:12→1 / s2:1→1 / s3:1→3, 5→1, 12→1, s1:12→1 / s2:1→1 / s3:1→4, 10→1, s1:12→1 / s2:1→1 / s3:5→1, 10→1, s1:12→1 / s2:1→1 / s3:5→1, 10→1, 12→2, s1:1→1 / s2:1→1 / s3:5→1}"	"{s3:14→1, s3:14→1, s3:14→1, s3:14→1, s3:14→1, s3:13→1, s3:14→1, s3:14→1, s3:13→1, s3:13→1, s3:14→1, s3:14→1}"
12	122	18	157	2	1	0	0	0	0	0	0	"{s1:12→1 / s2:12→1 / s3:12→1, s1:12→1 / s2:5→1, 12→1, s1:12→1 / s3:1→1, 12→2, s1:12→1 / s3:1→1, 5→1, 12→3, s1:1→1, 12→1 / s2:1→1 / s3:1→2, 5→1, s1:1→1, 12→1 / s3:1→5, s1:1→1 / s2:12→1 / s3:1→1, 12→4, s1:1→1 / s2:12→1 / s3:1→3, 12→1, s1:1→1 / s2:12→2 / s3:1→2, 12→3, s1:1→1 / s2:1→1, 5→1 / s3:1→2, s1:1→1 / s3:1→2, s1:1→1 / s3:1→3, s1:1→1 / s3:1→3, 5→1, s1:1→1 / s3:1→4, s1:1→1 / s3:1→4, 12→1, s1:1→1 / s3:1→4, 5→1}"	"{s2:9→1 / s3:2→1, s2:9→1 / s3:2→1, s2:2→1 / s3:9→1, s2:2→1 / s3:9→1, s2:2→1 / s3:9→1, s2:2→1 / s3:9→1, s2:2→1 / s3:9→1, s2:2→1 / s3:9→1, s2:2→1 / s3:9→1, s2:2→1 / s3:9→1, s2:2→1 / s3:9→1, s2:2→1 / s3:9→1, s2:2→1 / s3:9→1, s2:2→1 / s3:9→1, s2:2→1 / s3:9→1, s2:2→1 / s3:9→1}"
12	122	18	158	2	1	0	0	0	0	0	0	"{s1:12→1 / s2:10→1 / s3:5→1, s1:12→1 / s2:12→1 / s3:5→1, s1:12→1 / s2:1→1 / s3:1→3, 12→1, s1:12→1 / s2:5→1, 10→1, s1:12→1 / s3:1→4, 12→1, s1:1→1, 12→1 / s3:1→2, s1:1→1 / s2:12→1 / s3:10→1, 12→2, s1:1→1 / s2:12→1 / s3:10→1, 12→3, s1:1→1 / s2:12→1 / s3:1→1, 12→4, s1:1→1 / s2:12→1 / s3:1→1, 12→4, s1:1→1 / s2:12→1 / s3:1→2, 10→1, s1:1→1 / s2:12→1 / s3:1→2, 5→1, 12→1, s1:1→1 / s2:12→1 / s3:1→3, 12→1, s1:1→1 / s2:12→1 / s3:5→1, 10→1, 12→3, s1:1→1 / s2:12→1 / s3:5→1, 12→2, s1:1→1 / s2:12→2 / s3:1→1, 12→4, s1:1→1 / s2:1→1, 12→4 / s3:1→1, 12→4, s1:1→1 / s2:5→1, 12→2 / s3:1→1, 12→4, s1:1→1 / s3:1→1, 5→1, s1:1→1 / s3:1→2, 12→1}"	"{s2:13→1 / s3:13→1, s2:9→1 / s3:13→1, s2:13→1 / s3:2→1, s2:13→1 / s3:2→1, s2:2→1 / s3:13→1, s2:2→1 / s3:13→1, s2:13→1 / s3:13→1, s2:13→1 / s3:2→1, s2:13→1 / s3:13→1, s2:2→1 / s3:13→1, s2:13→1 / s3:13→1, s2:13→1 / s3:13→1, s2:13→1 / s3:9→1, s2:13→1 / s3:13→1, s2:13→1 / s3:9→1, s2:2→1 / s3:13→1, s2:13→1 / s3:9→1, s2:13→1 / s3:13→1, s2:2→1 / s3:13→1, s2:2→1 / s3:13→1}"
12	122	19	87	1	0	1	1	0	0	0	0	"{s1:1→1 / s2:12→1, s1:1→1 / s2:12→1 / s3:5→1}"	"{s3:9→1, s3:9→1}"
12	122	19	101	0	2	0	1	0	0	0	0	"s1:1→1 / s2:12→1 / s3:12→1"	""
12	122	19	107	1	1	0	1	0	0	0	0	"{s1:1→1 / s2:12→1 / s3:12→2, s1:1→1 / s2:12→1 / s3:12→3, s1:1→1 / s2:12→1 / s3:12→4, s1:1→1 / s2:12→1 / s3:5→1, 12→4}"	"{s3:9→1, s3:9→1, s3:9→1, s3:9→1}"
12	122	19	108	1	1	0	1	0	0	0	0	"s1:1→1 / s2:12→1 / s3:12→1"	"s3:14→1"
12	122	19	131	1	1	1	0	0	0	0	0	"{s1:12→1 / s2:1→1 / s3:1→1, s1:12→1 / s2:1→1 / s3:1→3, 5→1, s1:12→1 / s2:1→1 / s3:1→5, s1:1→1 / s2:12→1 / s3:12→3, s1:1→1 / s2:12→1 / s3:12→3, s1:1→1 / s2:12→1 / s3:12→4}"	"{s3:2→1, s3:2→1, s3:9→1, s3:2→1, s3:9→1, s3:2→1}"
12	122	19	132	1	1	1	0	0	0	0	0	"s1:12→1 / s2:1→1 / s3:1→2, 5→1"	"s3:14→1"
12	122	19	137	2	0	1	0	0	0	0	0	"s1:1→1 / s2:12→4 / s3:12→4"	"s2:9→1 / s3:2→1"
12	122	19	151	1	2	0	0	0	0	0	0	"{s1:12→1 / s2:12→1 / s3:10→1, s1:12→1 / s2:1→1 / s3:12→1, s1:12→1 / s2:1→1 / s3:12→2, s1:12→1 / s2:1→1 / s3:1→1, 12→4, s1:12→1 / s2:1→1 / s3:1→1, 5→1, s1:12→1 / s2:1→1 / s3:1→3, s1:12→1 / s2:1→1 / s3:1→3, 12→1, s1:12→1 / s2:1→1 / s3:1→4, 5→1, s1:12→1 / s2:1→1 / s3:5→1, 12→3, s1:1→1 / s2:1→1, s1:1→1 / s2:1→1 / s3:12→1, s1:1→1 / s2:1→1 / s3:1→1, 5→1}"	"{s3:2→1, s3:9→1, s3:2→1, s3:9→1, s3:2→1, s3:9→1, s3:2→1, s3:9→1, s3:2→1, s3:2→1, s3:2→1, s3:9→1}"
12	122	19	152	1	2	0	0	0	0	0	0	"{s1:12→1 / s2:1→1 / s3:10→1, s1:12→1 / s2:1→1 / s3:1→2, 5→1, s1:12→1 / s2:1→1 / s3:1→4, 10→1, s1:12→1 / s2:1→1 / s3:5→1, 10→1, 12→1, s1:12→1 / s2:1→1 / s3:5→1, 12→2}"	"{s3:13→1, s3:13→1, s3:14→1, s3:13→1, s3:14→1}"
12	122	19	157	2	1	0	0	0	0	0	0	"{s1:12→1 / s2:12→1, s1:12→1 / s2:1→4 / s3:1→4, 12→1, s1:12→1 / s3:1→1, 12→3, s1:12→1 / s3:1→4, s1:1→1 / s2:1→1 / s3:1→2, s1:1→1 / s3:1→5}"	"{s2:9→1 / s3:2→1, s2:9→1 / s3:2→1, s2:2→1 / s3:9→1, s2:2→1 / s3:9→1, s2:2→1 / s3:9→1, s2:2→1 / s3:9→1}"
12	122	19	158	2	1	0	0	0	0	0	0	"{s1:12→1 / s2:10→1, s1:12→1 / s2:1→1 / s3:1→3, 5→1, s1:12→1 / s2:1→1 / s3:1→4, s1:12→1 / s2:1→1 / s3:1→4, 12→1, s1:12→1 / s2:1→3, 5→1 / s3:1→4, s1:12→1 / s2:1→3, 5→1 / s3:1→4, 12→1, s1:12→1 / s2:5→1, 10→1, 12→1, s1:12→1 / s3:1→3, 5→1, s1:1→1 / s2:12→1 / s3:10→1, 12→4, s1:1→1 / s2:12→1 / s3:12→3, s1:1→1 / s2:12→1 / s3:1→2, 10→1, s1:1→1 / s2:12→1 / s3:1→2, 12→1, s1:1→1 / s2:12→1 / s3:1→2, 5→1, 10→1, s1:1→1 / s2:12→1 / s3:1→2, 5→1, 12→1, s1:1→1 / s2:12→1 / s3:5→1, 12→3, s1:1→1 / s2:12→1 / s3:5→1, 12→4, s1:1→1 / s2:1→1, 12→3 / s3:1→1, 12→2, s1:1→1 / s2:5→1 / s3:1→3, s1:1→1 / s2:5→1 / s3:1→4, 12→1, s1:1→1 / s3:1→1, s1:1→1 / s3:1→2, 5→1}"	"{s2:13→1 / s3:2→1, s2:13→1 / s3:13→1, s2:13→1 / s3:9→1, s2:13→1 / s3:2→1, s2:13→1 / s3:9→1, s2:13→1 / s3:2→1, s2:13→1 / s3:2→1, s2:2→1 / s3:13→1, s2:13→1 / s3:2→1, s2:13→1 / s3:2→1, s2:13→1 / s3:2→1, s2:13→1 / s3:13→1, s2:13→1 / s3:2→1, s2:13→1 / s3:2→1, s2:13→1 / s3:13→1, s2:13→1 / s3:2→1, s2:13→1 / s3:9→1, s2:13→1 / s3:9→1, s2:13→1 / s3:9→1, s2:2→1 / s3:13→1, s2:2→1 / s3:13→1}"
12	122	20	131	1	1	1	0	0	0	0	0	"{s1:12→1 / s2:1→1 / s3:1→4, 5→1, s1:1→1 / s2:12→1 / s3:12→4}"	"{s3:2→1, s3:9→1}"
12	122	20	132	1	1	1	0	0	0	0	0	"s1:12→1 / s2:1→1 / s3:1→3, 5→1"	"s3:14→1"
12	122	20	137	2	0	1	0	0	0	0	0	"s1:12→1 / s2:1→2 / s3:1→5"	"s2:2→1 / s3:9→1"
12	122	20	145	0	3	0	0	0	0	0	0	"{s1:12→1 / s2:12→1 / s3:1→1, s1:12→1 / s2:1→1 / s3:1→1}"	""
12	122	20	151	1	2	0	0	0	0	0	0	"{s1:12→1 / s2:12→1, s1:12→1 / s2:12→1 / s3:5→1, s1:12→1 / s2:1→1 / s3:10→1, 12→3, s1:12→1 / s2:1→1 / s3:5→1, 12→2, s1:12→1 / s2:1→2, 12→1 / s3:1→2, 5→1, s1:1→1 / s2:1→1 / s3:1→1, 12→1}"	"{s3:2→1, s3:9→1, s3:2→1, s3:9→1, s3:9→1, s3:9→1}"
12	122	20	152	1	2	0	0	0	0	0	0	"{s1:12→1 / s2:1→1 / s3:10→1, 12→2, s1:12→1 / s2:1→1 / s3:1→1, 12→4, s1:12→1 / s2:1→1 / s3:1→3, 12→1, s1:12→1 / s2:1→1 / s3:1→4, 12→1, s1:12→1 / s2:1→1 / s3:5→1, 10→1, 12→3}"	"{s3:14→1, s3:14→1, s3:14→1, s3:13→1, s3:14→1}"
12	122	20	157	2	1	0	0	0	0	0	0	"s1:12→1 / s2:5→1, 12→2"	"s2:9→1 / s3:2→1"
12	122	20	158	2	1	0	0	0	0	0	0	"{s1:12→1 / s2:1→2, 5→1 / s3:1→4, s1:12→1 / s2:1→2 / s3:1→2, 5→1, s1:12→1 / s2:1→2 / s3:1→3, 12→1, s1:12→1 / s3:1→2, s1:1→1 / s2:12→1 / s3:10→1, 12→3, s1:1→1 / s2:12→2 / s3:10→1, 12→4, s1:1→1 / s2:12→2 / s3:12→2, s1:1→1 / s2:12→2 / s3:1→1, 12→4, s1:1→1 / s2:12→2 / s3:1→1, 12→4, s1:1→1 / s2:12→2 / s3:5→1, 12→2, s1:1→1 / s2:12→3 / s3:1→1, 12→4, s1:1→1 / s2:1→1, 12→1 / s3:1→1, 12→1, s1:1→1 / s2:5→1, 12→2 / s3:12→3, s1:1→1 / s2:5→1, 12→3 / s3:12→2, s1:1→1 / s2:5→1, 12→3 / s3:12→3}"	"{s2:13→1 / s3:9→1, s2:13→1 / s3:13→1, s2:13→1 / s3:2→1, s2:2→1 / s3:13→1, s2:13→1 / s3:13→1, s2:13→1 / s3:2→1, s2:13→1 / s3:2→1, s2:13→1 / s3:13→1, s2:13→1 / s3:9→1, s2:13→1 / s3:13→1, s2:2→1 / s3:13→1, s2:13→1 / s3:9→1, s2:13→1 / s3:2→1, s2:13→1 / s3:2→1, s2:13→1 / s3:2→1}"
12	122	21	131	1	1	1	0	0	0	0	0	"{s1:12→1 / s2:1→1 / s3:1→2, s1:12→1 / s2:1→2, s1:12→1 / s2:1→2 / s3:1→1, s1:12→1 / s2:1→2 / s3:1→3, s1:12→1 / s2:1→2 / s3:1→4}"	"{s3:2→1, s3:2→1, s3:2→1, s3:9→1, s3:9→1}"
12	122	21	132	1	1	1	0	0	0	0	0	"{s1:12→1 / s2:1→1 / s3:1→1, s1:12→1 / s2:1→1 / s3:1→4, 5→1, s1:1→1 / s2:12→1 / s3:12→1}"	"{s3:14→1, s3:14→1, s3:14→1}"
12	122	21	137	2	0	1	0	0	0	0	0	"{s1:1→1 / s2:12→3 / s3:12→5, s1:1→1 / s2:12→4 / s3:12→3}"	"{s2:9→1 / s3:2→1, s2:9→1 / s3:2→1}"
12	122	21	151	1	2	0	0	0	0	0	0	"s1:12→1 / s2:12→1 / s3:5→1, 10→1"	"s3:2→1"
12	122	21	152	1	2	0	0	0	0	0	0	"{s1:12→1 / s2:1→1 / s3:1→1, 5→1, s1:12→1 / s2:1→1 / s3:5→1, 12→1, s1:1→1 / s2:1→1 / s3:12→1}"	"{s3:14→1, s3:13→1, s3:14→1}"
12	122	21	157	2	1	0	0	0	0	0	0	"{s1:12→1 / s2:1→1 / s3:1→3, s1:12→1 / s2:1→1 / s3:1→4, 5→1, s1:12→1 / s2:1→3, 12→1 / s3:1→4, 12→1, s1:12→1 / s2:1→3 / s3:1→3, 5→1, 12→1, s1:12→1 / s3:1→1, 12→4, s1:1→1, 12→1 / s2:1→1 / s3:1→1, s1:1→1 / s2:12→3 / s3:1→1, 12→4, s1:1→1 / s2:1→1 / s3:1→2, 5→1, 12→1, s1:1→1 / s2:5→1, 12→3 / s3:1→1, 12→3, s1:1→2, 12→1 / s2:12→1 / s3:1→1, 12→1}"	"{s2:2→1 / s3:9→1, s2:2→1 / s3:9→1, s2:2→1 / s3:9→1, s2:9→1 / s3:2→1, s2:2→1 / s3:9→1, s2:9→1 / s3:2→1, s2:2→1 / s3:9→1, s2:9→1 / s3:2→1, s2:2→1 / s3:9→1, s2:2→1 / s3:9→1}"
12	122	21	158	2	1	0	0	0	0	0	0	"{s1:12→1 / s2:1→1 / s3:1→1, s1:12→1 / s2:1→1 / s3:1→2, s1:12→1 / s2:1→1 / s3:1→2, 5→1, s1:12→1 / s2:1→1 / s3:1→4, 12→1, s1:12→1 / s2:1→2, 5→1 / s3:1→4, 12→1, s1:12→1 / s2:1→2 / s3:1→3, s1:12→1 / s2:1→2 / s3:1→4, s1:12→1 / s2:1→2 / s3:1→4, 12→1, s1:12→1 / s2:1→2 / s3:1→4, 5→1, s1:12→1 / s2:5→1, 12→1, s1:1→1 / s2:12→1 / s3:12→2, s1:1→1 / s2:12→1 / s3:1→2, 12→1, s1:1→1 / s2:12→1 / s3:1→2, 5→1, 10→1, s1:1→1 / s2:12→1 / s3:5→1, 12→3, s1:1→1 / s2:12→2 / s3:10→1, 12→2, s1:1→1 / s2:12→2 / s3:10→1, 12→3, s1:1→1 / s2:12→2 / s3:10→1, 12→3, s1:1→1 / s2:12→2 / s3:1→1, 12→3, s1:1→1 / s2:12→2 / s3:5→1, 10→1, 12→3, s1:1→1 / s2:12→2 / s3:5→1, 12→3, s1:1→1 / s2:12→2 / s3:5→1, 12→3, s1:1→1 / s2:12→2 / s3:5→1, 12→4, s1:1→1 / s2:5→1, 12→1 / s3:1→1, 12→4, s1:1→1 / s3:1→2}"	"{s2:13→1 / s3:2→1, s2:13→1 / s3:13→1, s2:2→1 / s3:13→1, s2:2→1 / s3:13→1, s2:13→1 / s3:2→1, s2:13→1 / s3:9→1, s2:13→1 / s3:9→1, s2:13→1 / s3:2→1, s2:13→1 / s3:9→1, s2:13→1 / s3:2→1, s2:13→1 / s3:13→1, s2:13→1 / s3:2→1, s2:2→1 / s3:13→1, s2:13→1 / s3:9→1, s2:13→1 / s3:13→1, s2:13→1 / s3:13→1, s2:13→1 / s3:2→1, s2:13→1 / s3:13→1, s2:13→1 / s3:13→1, s2:13→1 / s3:2→1, s2:13→1 / s3:9→1, s2:13→1 / s3:2→1, s2:13→1 / s3:2→1, s2:2→1 / s3:13→1}"
12	122	22	131	1	1	1	0	0	0	0	0	"{s1:12→1 / s2:1→2 / s3:1→1, 5→1, s1:12→1 / s2:1→2 / s3:1→4, 5→1}"	"{s3:2→1, s3:9→1}"
12	122	22	137	2	0	1	0	0	0	0	0	"s1:1→1 / s2:12→2 / s3:12→4"	"s2:9→1 / s3:2→1"
12	122	22	151	1	2	0	0	0	0	0	0	"{s1:12→1 / s2:1→1 / s3:10→1, 12→4, s1:12→1 / s2:1→1 / s3:1→4, s1:12→1 / s2:1→1 / s3:1→4, 12→1, s1:12→1 / s2:1→1 / s3:5→1, 12→4}"	"{s3:2→1, s3:9→1, s3:2→1, s3:2→1}"
12	122	22	157	2	1	0	0	0	0	0	0	"{s1:12→1 / s2:1→1 / s3:1→4, s1:12→1 / s2:1→2, 5→1 / s3:1→5, s1:12→1 / s3:1→5, s1:1→1 / s2:12→2 / s3:12→3}"	"{s2:2→1 / s3:9→1, s2:2→1 / s3:9→1, s2:2→1 / s3:9→1, s2:9→1 / s3:2→1}"
12	122	22	158	2	1	0	0	0	0	0	0	"{s1:12→1 / s2:1→1, 5→1 / s3:1→2, s1:12→1 / s2:1→2 / s3:1→2, 5→1, s1:12→1 / s2:1→2 / s3:1→3, 5→1, s1:12→1 / s2:1→3, 5→1 / s3:1→5, s1:1→1 / s2:12→1 / s3:1→2, 5→1, 12→1, s1:1→1 / s2:12→2 / s3:12→1, s1:1→1 / s2:12→2 / s3:12→2, s1:1→1 / s2:12→2 / s3:12→3, s1:1→1 / s2:12→2 / s3:1→1, 12→4, s1:1→1 / s2:12→2 / s3:5→1, 12→3, s1:1→1 / s2:12→2 / s3:5→1, 12→3, s1:1→1 / s2:5→1 / s3:1→1, s1:1→1 / s2:5→1 / s3:1→1, s1:1→1 / s2:5→1 / s3:1→2, 12→1, s1:1→1 / s2:5→1 / s3:1→2, 12→1}"	"{s2:2→1 / s3:13→1, s2:13→1 / s3:2→1, s2:13→1 / s3:13→1, s2:13→1 / s3:9→1, s2:2→1 / s3:13→1, s2:13→1 / s3:9→1, s2:13→1 / s3:9→1, s2:13→1 / s3:2→1, s2:13→1 / s3:2→1, s2:13→1 / s3:13→1, s2:9→1 / s3:13→1, s2:13→1 / s3:13→1, s2:13→1 / s3:2→1, s2:13→1 / s3:13→1, s2:13→1 / s3:2→1}"
12	122	23	125	0	2	1	0	0	0	0	0	"s1:12→1 / s2:1→1 / s3:1→2"	""
12	122	23	131	1	1	1	0	0	0	0	0	"s1:12→1 / s2:1→1 / s3:1→3"	"s3:2→1"
12	122	23	152	1	2	0	0	0	0	0	0	"{s1:12→1 / s2:1→1 / s3:10→1, 12→1, s1:12→1 / s2:1→1 / s3:10→1, 12→3}"	"{s3:13→1, s3:14→1}"
12	122	23	158	2	1	0	0	0	0	0	0	"{s1:12→1 / s2:10→1, 12→1, s1:12→1 / s2:1→1 / s3:1→5, s1:12→1 / s2:1→2 / s3:1→5, s1:1→1 / s2:12→1 / s3:1→4, 12→1}"	"{s2:13→1 / s3:2→1, s2:13→1 / s3:9→1, s2:13→1 / s3:9→1, s2:13→1 / s3:9→1}"
12	122	24	131	1	1	1	0	0	0	0	0	"s1:12→1 / s2:1→1 / s3:1→4"	"s3:2→1"
12	122	24	151	1	2	0	0	0	0	0	0	"{s1:12→1 / s2:1→1 / s3:12→3, s1:12→1 / s2:1→1 / s3:5→1, 12→3}"	"{s3:2→1, s3:9→1}"
12	122	24	152	1	2	0	0	0	0	0	0	"{s1:12→1 / s2:1→1 / s3:1→3, 5→1, s1:12→1 / s2:1→1 / s3:5→1, 12→3}"	"{s3:13→1, s3:14→1}"
12	122	24	157	2	1	0	0	0	0	0	0	"{s1:12→1 / s2:1→1 / s3:1→3, 5→1, s1:12→1 / s2:5→1, 12→3}"	"{s2:2→1 / s3:9→1, s2:9→1 / s3:2→1}"
12	122	24	158	2	1	0	0	0	0	0	0	"{s1:12→1 / s2:1→1 / s3:1→2, 5→1, s1:12→1 / s2:1→1 / s3:1→3, 5→1, s1:1→1 / s2:12→1 / s3:12→2, s1:1→1 / s2:12→2 / s3:10→1, 12→4}"	"{s2:13→1 / s3:2→1, s2:2→1 / s3:13→1, s2:13→1 / s3:9→1, s2:13→1 / s3:13→1}"
12	122	25	152	1	2	0	0	0	0	0	0	"s1:12→1 / s2:1→1 / s3:1→4, 12→1"	"s3:14→1"
12	122	25	158	2	1	0	0	0	0	0	0	"s1:1→1 / s2:12→2 / s3:5→1, 12→4"	"s2:13→1 / s3:9→1"
12	122	26	131	1	1	1	0	0	0	0	0	"s1:12→1 / s2:1→1 / s3:1→5"	"s3:2→1"
12	122	26	137	2	0	1	0	0	0	0	0	"s1:1→1 / s2:12→3 / s3:12→2"	"s2:9→1 / s3:2→1"
12	122	26	157	2	1	0	0	0	0	0	0	"s1:12→1 / s2:1→1 / s3:1→5"	"s2:2→1 / s3:9→1"
12	122	27	151	1	2	0	0	0	0	0	0	"s1:12→1 / s2:1→1 / s3:1→2, 5→1"	"s3:2→1"
12	122	27	157	2	1	0	0	0	0	0	0	"s1:1→1, 12→1 / s3:1→1, 12→4"	"s2:2→1 / s3:9→1"
12	122	27	158	2	1	0	0	0	0	0	0	"{s1:12→1 / s2:1→2 / s3:1→2, s1:12→1 / s2:1→2 / s3:1→2, 12→1, s1:12→1 / s2:1→2 / s3:1→3, 5→1, 12→1, s1:1→1 / s2:12→2 / s3:1→1, 12→3}"	"{s2:13→1 / s3:13→1, s2:13→1 / s3:2→1, s2:13→1 / s3:2→1, s2:13→1 / s3:9→1}"
12	122	28	132	1	1	1	0	0	0	0	0	"s1:12→1 / s2:1→1 / s3:1→2"	"s3:14→1"
12	122	28	151	1	2	0	0	0	0	0	0	"{s1:12→1 / s2:1→1 / s3:12→2, s1:12→1 / s2:1→1 / s3:1→5}"	"{s3:9→1, s3:9→1}"
12	122	28	157	2	1	0	0	0	0	0	0	"s1:12→1 / s2:12→2"	"s2:9→1 / s3:2→1"
12	122	28	158	2	1	0	0	0	0	0	0	"{s1:12→1 / s2:1→1 / s3:1→2, s1:1→1 / s2:12→1 / s3:10→1, 12→4, s1:1→1 / s2:12→2 / s3:12→2}"	"{s2:2→1 / s3:13→1, s2:13→1 / s3:13→1, s2:13→1 / s3:13→1}"
12	122	29	152	1	2	0	0	0	0	0	0	"s1:12→1 / s2:1→1 / s3:1→2"	"s3:13→1"
12	122	29	158	2	1	0	0	0	0	0	0	"{s1:12→1 / s2:1→2 / s3:1→4, 5→1, s1:12→1 / s3:1→4, 5→1, s1:1→1 / s2:12→2 / s3:12→4, s1:1→1 / s2:12→2 / s3:5→1, 12→4, s1:1→1 / s2:5→1, 12→4 / s3:12→4}"	"{s2:13→1 / s3:13→1, s2:2→1 / s3:13→1, s2:13→1 / s3:2→1, s2:13→1 / s3:13→1, s2:13→1 / s3:2→1}"
12	122	30	152	1	2	0	0	0	0	0	0	"s1:12→1 / s2:1→1 / s3:12→2"	"s3:14→1"
12	122	31	137	2	0	1	0	0	0	0	0	"s1:12→1 / s2:1→2 / s3:1→4"	"s2:2→1 / s3:9→1"
12	122	32	152	1	2	0	0	0	0	0	0	"s1:12→1 / s2:1→1 / s3:10→1, 12→4"	"s3:14→1"
12	122	34	151	1	2	0	0	0	0	0	0	"s1:1→1 / s2:1→1 / s3:1→1, 5→1, 12→1"	"s3:9→1"
12	122	35	132	1	1	1	0	0	0	0	0	"s1:12→1 / s2:1→1 / s3:1→3"	"s3:14→1"
12	122	35	151	1	2	0	0	0	0	0	0	"s1:12→1 / s2:1→1 / s3:5→1, 12→4"	"s3:9→1"
12	122	39	151	1	2	0	0	0	0	0	0	"s1:12→1 / s2:1→1 / s3:1→1"	"s3:2→1"
12	122	40	132	1	1	1	0	0	0	0	0	"s1:12→1 / s2:1→1 / s3:1→4"	"s3:14→1"
12	122	43	132	1	1	1	0	0	0	0	0	"s1:12→1 / s2:1→1 / s3:1→5"	"s3:14→1"
12	122	44	152	1	2	0	0	0	0	0	0	"s1:12→1 / s2:1→1 / s3:1→4, 5→1"	"s3:13→1"
12	122	48	151	1	2	0	0	0	0	0	0	"s1:12→1 / s2:1→1 / s3:12→4"	"s3:2→1"
12	122	48	152	1	2	0	0	0	0	0	0	"s1:12→1 / s2:1→1 / s3:5→1, 12→4"	"s3:14→1"
12	122	50	131	1	1	1	0	0	0	0	0	"s1:12→1 / s2:1→3"	"s3:2→1"
12	122	50	132	1	1	1	0	0	0	0	0	"s1:12→1 / s2:1→2 / s3:5→1"	"s3:14→1"
12	122	54	137	2	0	1	0	0	0	0	0	"{s1:12→1 / s2:1→2, 5→1 / s3:1→3, s1:1→1 / s2:12→1 / s3:5→1, 12→4}"	"{s2:2→1 / s3:9→1, s2:9→1 / s3:2→1}"
12	122	56	131	1	1	1	0	0	0	0	0	"s1:12→1 / s2:1→2 / s3:1→3, 5→1"	"s3:9→1"
12	122	58	137	2	0	1	0	0	0	0	0	"s1:12→1 / s2:1→1 / s3:1→2, 5→1"	"s2:2→1 / s3:9→1"
12	122	61	152	1	2	0	0	0	0	0	0	"s1:12→1 / s2:1→1 / s3:1→2, 5→1"	"s3:14→1"
12	122	63	151	1	2	0	0	0	0	0	0	"s1:12→1 / s2:1→1, 12→1 / s3:1→3, 10→1"	"s3:2→1"
12	123	16	156	2	1	0	0	0	0	0	0	"{s1:1→1 / s2:5→1 / s3:1→1, 11→1, s1:1→1 / s2:5→1 / s3:1→1, 11→1}"	"{s2:13→1 / s3:13→1, s2:13→1 / s3:2→1}"
12	123	17	149	1	2	0	0	0	0	0	0	"{s1:1→1 / s2:1→1, 11→1, s1:1→1 / s2:1→1, 11→1 / s3:11→1, s1:1→1 / s2:1→1, 11→1 / s3:5→1, 11→1}"	"{s3:2→1, s3:2→1, s3:2→1}"
12	123	17	150	1	2	0	0	0	0	0	0	"{s1:1→1 / s2:1→1, 11→1 / s3:11→1, s1:1→1 / s2:1→1, 11→1 / s3:5→1, s1:1→1 / s2:1→1, 11→1 / s3:5→1, 11→1}"	"{s3:13→1, s3:14→1, s3:13→1}"
12	123	17	156	2	1	0	0	0	0	0	0	"{s1:1→1, 11→1 / s2:5→1, s1:1→1, 11→1 / s3:1→1, s1:1→1 / s2:11→1 / s3:11→1, s1:1→1 / s2:11→1 / s3:11→1, s1:1→1 / s2:11→1 / s3:11→2, s1:1→1 / s2:11→1 / s3:1→1, 11→1, s1:1→1 / s2:11→1 / s3:1→1, 11→2, s1:1→1 / s2:11→1 / s3:1→1, 11→2, s1:1→1 / s2:11→1 / s3:1→1, 11→2, s1:1→1 / s2:11→1 / s3:1→1, 11→3, s1:1→1 / s2:11→1 / s3:1→1, 11→3, s1:1→1 / s2:11→1 / s3:1→1, 11→3, s1:1→1 / s2:11→1 / s3:1→1, 11→4, s1:1→1 / s2:11→1 / s3:1→1, 11→4, s1:1→1 / s2:11→1 / s3:1→1, 5→1, 11→2, s1:1→1 / s2:11→1 / s3:1→1, 5→1, 11→2, s1:1→1 / s2:11→1 / s3:1→1, 5→1, 11→3, s1:1→1 / s2:11→1 / s3:1→1, 5→1, 11→3, s1:1→1 / s2:11→1 / s3:1→1, 5→1, 11→3, s1:1→1 / s2:11→1 / s3:1→2, 11→2, s1:1→1 / s2:11→1 / s3:1→2, 11→3, s1:1→1 / s2:11→1 / s3:1→2, 11→3, s1:1→1 / s2:11→1 / s3:1→2, 11→3, s1:1→1 / s2:11→1 / s3:5→1, 11→1, s1:1→1 / s2:11→1 / s3:5→1, 11→1, s1:1→1 / s2:11→1 / s3:5→1, 11→2, s1:1→1 / s2:11→1 / s3:5→1, 11→2, s1:1→1 / s2:11→1 / s3:5→1, 11→3, s1:1→1 / s2:5→1, s1:1→1 / s2:5→1, 11→1 / s3:11→1, s1:1→1 / s2:5→1, 11→1 / s3:1→1, 11→2, s1:1→1 / s2:5→1, 11→1 / s3:1→1, 11→2, s1:1→1 / s2:5→1, 11→1 / s3:1→1, 11→3, s1:1→1 / s2:5→1, 11→1 / s3:1→1, 11→3, s1:1→1 / s2:5→1, 11→2 / s3:11→2, s1:1→1 / s2:5→1 / s3:1→2, 11→1, s1:1→1 / s2:5→1 / s3:1→2, 11→1, s1:1→1 / s3:1→1, 11→1, s1:1→1 / s3:1→1, 5→1, 11→1, s1:1→1 / s3:1→2, 11→1, s1:1→1 / s3:1→2, 11→2, s1:1→1 / s3:1→2, 5→1, 11→1, s1:1→1 / s3:1→2, 5→1, 11→2}"	"{s2:13→1 / s3:2→1, s2:2→1 / s3:13→1, s2:13→1 / s3:13→1, s2:13→1 / s3:2→1, s2:13→1 / s3:2→1, s2:2→1 / s3:13→1, s2:13→1 / s3:13→1, s2:13→1 / s3:2→1, s2:2→1 / s3:13→1, s2:13→1 / s3:13→1, s2:13→1 / s3:2→1, s2:2→1 / s3:13→1, s2:13→1 / s3:13→1, s2:13→1 / s3:2→1, s2:13→1 / s3:13→1, s2:2→1 / s3:13→1, s2:13→1 / s3:13→1, s2:13→1 / s3:2→1, s2:2→1 / s3:13→1, s2:2→1 / s3:13→1, s2:13→1 / s3:13→1, s2:13→1 / s3:2→1, s2:2→1 / s3:13→1, s2:13→1 / s3:13→1, s2:13→1 / s3:2→1, s2:13→1 / s3:13→1, s2:13→1 / s3:2→1, s2:13→1 / s3:2→1, s2:13→1 / s3:2→1, s2:13→1 / s3:2→1, s2:13→1 / s3:13→1, s2:13→1 / s3:2→1, s2:13→1 / s3:13→1, s2:13→1 / s3:2→1, s2:13→1 / s3:2→1, s2:13→1 / s3:13→1, s2:13→1 / s3:2→1, s2:2→1 / s3:13→1, s2:2→1 / s3:13→1, s2:2→1 / s3:13→1, s2:2→1 / s3:13→1, s2:2→1 / s3:13→1, s2:2→1 / s3:13→1}"
12	123	18	106	1	1	0	1	0	0	0	0	"s1:1→1 / s2:11→1 / s3:5→1"	"s3:14→1"
12	123	18	129	1	1	1	0	0	0	0	0	"{s1:1→1 / s2:11→1 / s3:11→1, s1:1→1 / s2:11→1 / s3:5→1, 11→1}"	"{s3:2→1, s3:2→1}"
12	123	18	130	1	1	1	0	0	0	0	0	"s1:1→1 / s2:11→1 / s3:5→1"	"s3:14→1"
12	123	18	149	1	2	0	0	0	0	0	0	"s1:1→1 / s2:1→1 / s3:5→1"	"s3:2→1"
12	123	18	150	1	2	0	0	0	0	0	0	"s1:1→1 / s2:1→1 / s3:5→1"	"s3:14→1"
12	123	18	156	2	1	0	0	0	0	0	0	"{s1:1→1 / s2:11→1 / s3:11→2, s1:1→1 / s2:11→1 / s3:11→3, s1:1→1 / s2:11→1 / s3:1→1, 11→4, s1:1→1 / s2:11→1 / s3:1→1, 5→1, 11→2, s1:1→1 / s2:11→1 / s3:5→1, 11→3, s1:1→1 / s2:11→1 / s3:5→1, 11→4, s1:1→1 / s2:11→2 / s3:11→2, s1:1→1 / s2:5→1, 11→1 / s3:1→1, 11→4, s1:1→1 / s3:1→1, 5→1}"	"{s2:13→1 / s3:13→1, s2:13→1 / s3:2→1, s2:2→1 / s3:13→1, s2:13→1 / s3:2→1, s2:13→1 / s3:13→1, s2:13→1 / s3:2→1, s2:13→1 / s3:13→1, s2:13→1 / s3:2→1, s2:2→1 / s3:13→1}"
12	123	19	149	1	2	0	0	0	0	0	0	"s1:1→1 / s2:1→1"	"s3:2→1"
12	123	19	150	1	2	0	0	0	0	0	0	"s1:11→1 / s2:1→1 / s3:11→1"	"s3:14→1"
12	123	19	156	2	1	0	0	0	0	0	0	"{s1:1→1 / s2:11→1 / s3:11→4, s1:1→1 / s2:11→1 / s3:5→1, 11→4, s1:1→1 / s2:11→2 / s3:11→2, s1:1→1 / s2:11→2 / s3:5→1, 11→2, s1:1→1 / s2:5→1, 11→1 / s3:11→2, s1:1→1 / s2:5→1, 11→2 / s3:11→1, s1:1→1 / s3:1→1, s1:1→1 / s3:1→2, 5→1}"	"{s2:13→1 / s3:2→1, s2:13→1 / s3:13→1, s2:13→1 / s3:2→1, s2:13→1 / s3:13→1, s2:13→1 / s3:2→1, s2:13→1 / s3:2→1, s2:2→1 / s3:13→1, s2:2→1 / s3:13→1}"
12	123	20	156	2	1	0	0	0	0	0	0	"s1:1→1 / s2:11→1 / s3:11→3"	"s2:13→1 / s3:13→1"
12	123	21	149	1	2	0	0	0	0	0	0	"s1:11→1 / s2:1→1 / s3:11→1"	"s3:2→1"
12	123	21	150	1	2	0	0	0	0	0	0	"{s1:11→1 / s2:1→1 / s3:5→1, s1:11→1 / s2:1→1 / s3:5→1, 11→1}"	"{s3:13→1, s3:14→1}"
12	123	21	156	2	1	0	0	0	0	0	0	"{s1:11→1 / s2:5→1, s1:1→1 / s3:1→2}"	"{s2:13→1 / s3:2→1, s2:2→1 / s3:13→1}"
12	123	22	156	2	1	0	0	0	0	0	0	"{s1:1→1 / s2:11→1 / s3:11→4, s1:1→1 / s2:5→1 / s3:1→1, s1:1→1 / s2:5→1 / s3:1→1}"	"{s2:13→1 / s3:13→1, s2:13→1 / s3:13→1, s2:13→1 / s3:2→1}"
12	123	24	156	2	1	0	0	0	0	0	0	"s1:1→1 / s2:5→1, 11→1 / s3:1→1, 11→4"	"s2:13→1 / s3:13→1"
12	124	16	150	0	3	0	0	0	0	0	0	"s1:12→1 / s2:10→1 / s3:1→1"	""
12	124	16	157	1	2	0	0	0	0	0	0	"{s1:12→1 / s2:10→1 / s3:1→1, s1:12→1 / s2:1→1, 10→1 / s3:1→1, s1:12→1 / s2:1→1 / s3:10→1, s1:12→1 / s2:1→1 / s3:1→1, 10→1, s1:12→1 / s2:1→1 / s3:1→1, 3→1, 10→2, s1:12→1 / s2:1→1 / s3:1→1, 3→1, 10→3, s1:12→1 / s2:1→1 / s3:1→1, 3→1, 10→3, s1:12→1 / s2:1→1 / s3:3→1, 10→1, s1:12→1 / s2:1→1 / s3:3→1, 10→2, s1:12→1 / s2:1→1 / s3:3→1, 10→2, s1:12→1 / s2:1→1 / s3:3→1, 10→3, s1:12→1 / s2:1→1 / s3:3→2, 10→3}"	"{s3:13→1, s3:13→1, s3:14→1, s3:13→1, s3:13→1, s3:13→1, s3:14→1, s3:13→1, s3:13→1, s3:14→1, s3:14→1, s3:13→1}"
12	124	16	163	2	1	0	0	0	0	0	0	"{s1:1→1 / s2:10→1, 12→1 / s3:3→1, 10→1, 12→3, s1:1→1 / s2:10→1, 12→1 / s3:3→1, 10→2, 12→2, s1:1→1 / s2:12→1 / s3:10→1, s1:1→1 / s2:12→1 / s3:3→1, 10→1, 12→1, s1:1→1 / s2:12→1 / s3:3→1, 10→1, 12→2, s1:1→1 / s2:12→1 / s3:3→1, 10→1, 12→3, s1:1→1 / s2:12→1 / s3:3→1, 10→2, 12→1, s1:1→1 / s2:12→1 / s3:3→1, 10→2, 12→2, s1:1→1 / s2:12→1 / s3:3→1, 10→3, 12→1, s1:1→1 / s2:12→1 / s3:3→1, 12→2, s1:1→1 / s2:12→1 / s3:3→2, 10→1, 12→2, s1:1→1 / s2:3→1, 10→1, 12→1 / s3:3→1, 10→1, 12→1, s1:1→1 / s2:3→1, 10→1, 12→1 / s3:3→1, 10→1, 12→2, s1:1→1 / s2:3→1, 10→1, 12→1 / s3:3→1, 10→2, 12→2, s1:1→1 / s2:3→1, 10→1, 12→2 / s3:3→1, 10→2, 12→1, s1:1→1 / s2:3→1, 12→2 / s3:3→1, 10→1, 12→1}"	"{s2:13→1 / s3:13→1, s2:13→1 / s3:13→1, s2:13→1 / s3:13→1, s2:13→1 / s3:13→1, s2:13→1 / s3:13→1, s2:13→1 / s3:13→1, s2:13→1 / s3:13→1, s2:13→1 / s3:13→1, s2:13→1 / s3:13→1, s2:13→1 / s3:13→1, s2:13→1 / s3:13→1, s2:13→1 / s3:13→1, s2:13→1 / s3:13→1, s2:13→1 / s3:13→1, s2:13→1 / s3:13→1, s2:13→1 / s3:13→1}"
12	124	17	130	0	2	1	0	0	0	0	0	"s1:1→1 / s2:12→1 / s3:10→1"	""
12	124	17	137	1	1	1	0	0	0	0	0	"{s1:1→1 / s2:12→1 / s3:10→1, s1:1→1 / s2:12→1 / s3:3→1, 10→1, s1:1→1 / s2:12→1 / s3:3→1, 10→2, s1:1→1 / s2:12→1 / s3:3→1, 10→3, s1:1→1 / s2:12→1 / s3:3→1, 10→4, s1:1→1 / s2:12→1 / s3:3→2, 10→2, s1:1→1 / s2:12→1 / s3:3→2, 10→3}"	"{s3:14→1, s3:14→1, s3:14→1, s3:14→1, s3:14→1, s3:14→1, s3:14→1}"
12	124	17	150	0	3	0	0	0	0	0	0	"{s1:12→1 / s2:1→1 / s3:1→1, 10→1, s1:12→1 / s2:1→1 / s3:1→1, 3→1, 10→1, s1:12→1 / s2:3→1, 10→1 / s3:1→1, s1:3→1, 12→1 / s2:1→1 / s3:1→1, 10→1}"	""
12	124	17	157	1	2	0	0	0	0	0	0	"{s1:12→1 / s2:1→1, 10→1 / s3:1→1, s1:12→1 / s2:1→1, 3→1, 10→1 / s3:1→1, s1:12→1 / s2:1→1 / s3:1→1, s1:12→1 / s2:1→1 / s3:1→1, 10→1, s1:12→1 / s2:1→1 / s3:1→1, 10→2, s1:12→1 / s2:1→1 / s3:1→1, 10→2, s1:12→1 / s2:1→1 / s3:1→1, 10→3, s1:12→1 / s2:1→1 / s3:1→1, 10→3, s1:12→1 / s2:1→1 / s3:1→1, 3→1, 10→1, s1:12→1 / s2:1→1 / s3:1→1, 3→1, 10→1, s1:12→1 / s2:1→1 / s3:1→1, 3→1, 10→2, s1:12→1 / s2:1→1 / s3:1→1, 3→2, 10→1, s1:12→1 / s2:1→1 / s3:1→1, 3→2, 10→2, s1:12→1 / s2:1→1 / s3:1→1, 3→2, 10→2, s1:12→1 / s2:1→1 / s3:1→2, 10→1, s1:12→1 / s2:1→1 / s3:1→2, 10→2, s1:12→1 / s2:1→1 / s3:1→2, 10→3, s1:12→1 / s2:1→1 / s3:1→2, 3→1, 10→1, s1:12→1 / s2:1→1 / s3:1→2, 3→1, 10→2, s1:12→1 / s2:1→1 / s3:1→3, 10→2, s1:12→1 / s2:1→1 / s3:3→1, s1:12→1 / s2:1→1 / s3:3→1, 10→1, s1:12→1 / s2:1→1 / s3:3→1, 10→3, s1:12→1 / s2:1→1 / s3:3→1, 10→4, s1:12→1 / s2:1→1 / s3:3→1, 10→4, s1:12→1 / s2:1→1 / s3:3→2, 10→1, s1:12→1 / s2:1→1 / s3:3→2, 10→1, s1:12→1 / s2:1→1 / s3:3→2, 10→2, s1:12→1 / s2:1→1 / s3:3→2, 10→2, s1:12→1 / s2:1→1 / s3:3→2, 10→3, s1:12→1 / s2:1→1 / s3:3→3, 10→1, s1:12→1 / s2:1→1 / s3:3→3, 10→2, s1:12→1 / s2:1→1 / s3:3→3, 10→2, s1:12→1 / s2:3→1, 10→1 / s3:1→1}"	"{s3:14→1, s3:13→1, s3:13→1, s3:14→1, s3:13→1, s3:14→1, s3:13→1, s3:14→1, s3:13→1, s3:14→1, s3:14→1, s3:13→1, s3:13→1, s3:14→1, s3:13→1, s3:13→1, s3:13→1, s3:13→1, s3:13→1, s3:13→1, s3:13→1, s3:14→1, s3:13→1, s3:13→1, s3:14→1, s3:13→1, s3:14→1, s3:13→1, s3:14→1, s3:14→1, s3:13→1, s3:13→1, s3:14→1, s3:13→1}"
12	124	17	163	2	1	0	0	0	0	0	0	"{s1:1→1 / s2:12→1 / s3:10→1, 12→1, s1:1→1 / s2:12→1 / s3:12→1, s1:1→1 / s2:12→1 / s3:3→1, 10→2, s1:1→1 / s2:12→1 / s3:3→1, 10→3, s1:1→1 / s2:12→1 / s3:3→1, 12→1, s1:1→1 / s2:12→1 / s3:3→1, 12→3, s1:1→1 / s2:12→1 / s3:3→2, 10→1, 12→1, s1:1→1 / s2:12→1 / s3:3→2, 10→2, 12→1, s1:1→1 / s2:12→1 / s3:3→2, 12→2, s1:1→1 / s2:12→1 / s3:3→2, 12→3, s1:1→1 / s2:3→1, 12→1 / s3:3→1, 10→1, s1:1→1 / s2:3→1, 12→1 / s3:3→1, 10→1, 12→1, s1:1→1 / s2:3→1, 12→1 / s3:3→1, 12→1, s1:1→1 / s2:3→1, 12→1 / s3:3→1, 12→2}"	"{s2:13→1 / s3:13→1, s2:13→1 / s3:13→1, s2:13→1 / s3:13→1, s2:13→1 / s3:13→1, s2:13→1 / s3:13→1, s2:13→1 / s3:13→1, s2:13→1 / s3:13→1, s2:13→1 / s3:13→1, s2:13→1 / s3:13→1, s2:13→1 / s3:13→1, s2:13→1 / s3:13→1, s2:13→1 / s3:13→1, s2:13→1 / s3:13→1, s2:13→1 / s3:13→1}"
12	124	18	130	0	2	1	0	0	0	0	0	"s1:1→1 / s2:12→1 / s3:3→1, 10→1"	""
12	124	18	137	1	1	1	0	0	0	0	0	"{s1:1→1 / s2:12→1 / s3:3→1, s1:1→1 / s2:12→1 / s3:3→2, 10→1, s1:1→1 / s2:12→1 / s3:3→3, 10→1, s1:1→1 / s2:12→1 / s3:3→3, 10→2, s1:1→1 / s2:12→1 / s3:3→4, 10→1}"	"{s3:14→1, s3:14→1, s3:14→1, s3:14→1, s3:14→1}"
12	124	18	157	1	2	0	0	0	0	0	0	"{s1:12→1 / s2:1→1 / s3:1→1, 10→4, s1:12→1 / s2:1→1 / s3:1→1, 3→1, s1:12→1 / s2:1→1 / s3:1→1, 3→2, 10→1, s1:12→1 / s2:1→1 / s3:1→1, 3→3, 10→1, s1:12→1 / s2:1→1 / s3:1→1, 3→3, 10→1, s1:12→1 / s2:1→1 / s3:1→2, 3→2, 10→1, s1:12→1 / s2:1→1 / s3:1→3, 3→1, 10→1, s1:12→1 / s2:1→1 / s3:3→2, s1:12→1 / s2:1→1 / s3:3→3, 10→1, s1:12→1 / s2:1→1 / s3:3→4, 10→1, s1:12→1 / s2:1→1 / s3:3→4, 10→1}"	"{s3:14→1, s3:13→1, s3:14→1, s3:13→1, s3:14→1, s3:13→1, s3:13→1, s3:13→1, s3:14→1, s3:13→1, s3:14→1}"
12	124	18	163	2	1	0	0	0	0	0	0	"{s1:1→1 / s2:10→1, 12→1 / s3:10→1, 12→1, s1:1→1 / s2:3→1 / s3:3→1, s1:1→1 / s2:3→1 / s3:3→1, 12→1}"	"{s2:13→1 / s3:13→1, s2:13→1 / s3:13→1, s2:13→1 / s3:13→1}"
12	124	19	137	1	1	1	0	0	0	0	0	"s1:1→1 / s2:12→1 / s3:3→2"	"s3:14→1"
12	124	19	150	0	3	0	0	0	0	0	0	"{s1:12→1 / s2:3→1 / s3:1→1, s1:3→1, 12→1 / s2:1→1 / s3:1→1, s1:3→1 / s2:1→1 / s3:1→1}"	""
12	124	19	157	1	2	0	0	0	0	0	0	"{s1:12→1 / s2:1→1 / s3:1→1, 10→4, s1:12→1 / s2:1→1 / s3:1→1, 3→2, s1:12→1 / s2:1→1 / s3:1→1, 3→3, s1:12→1 / s2:1→1 / s3:1→1, 3→4, s1:12→1 / s2:1→1 / s3:1→2, 3→2, s1:12→1 / s2:1→1 / s3:1→3, 10→1, s1:12→1 / s2:1→1 / s3:3→1, s1:12→1 / s2:1→1 / s3:3→3, s1:12→1 / s2:1→1 / s3:3→4}"	"{s3:13→1, s3:13→1, s3:13→1, s3:13→1, s3:13→1, s3:13→1, s3:14→1, s3:13→1, s3:13→1}"
12	124	20	130	0	2	1	0	0	0	0	0	"s1:1→1 / s2:12→1 / s3:3→1"	""
12	124	20	137	1	1	1	0	0	0	0	0	"{s1:1→1 / s2:12→1 / s3:3→3, s1:1→1 / s2:12→1 / s3:3→4}"	"{s3:14→1, s3:14→1}"
12	124	20	150	0	3	0	0	0	0	0	0	"s1:12→1 / s2:1→1 / s3:1→1"	""
12	124	20	157	1	2	0	0	0	0	0	0	"{s1:12→1 / s2:1→1 / s3:10→2, s1:12→1 / s2:1→1 / s3:1→2, 3→1, s1:12→1 / s2:1→1 / s3:1→2, 3→3, s1:12→1 / s2:1→1 / s3:3→2}"	"{s3:14→1, s3:13→1, s3:13→1, s3:14→1}"
12	124	20	163	2	1	0	0	0	0	0	0	"s1:1→1 / s2:12→2 / s3:10→1, 12→1"	"s2:13→1 / s3:13→1"
12	124	21	137	1	1	1	0	0	0	0	0	"s1:1→1 / s2:12→1 / s3:10→2"	"s3:14→1"
12	124	21	150	0	3	0	0	0	0	0	0	"s1:12→1 / s2:1→1 / s3:1→1, 3→1"	""
12	124	21	157	1	2	0	0	0	0	0	0	"{s1:12→1 / s2:1→1, 3→1 / s3:1→1, s1:12→1 / s2:1→1 / s3:1→1, 3→2, s1:12→1 / s2:1→1 / s3:1→1, 3→3, s1:12→1 / s2:1→1 / s3:1→1, 3→4, s1:12→1 / s2:1→1 / s3:1→3, 3→2, s1:12→1 / s2:1→1 / s3:3→3, s1:12→1 / s2:1→1 / s3:3→4, s1:12→1 / s2:3→1 / s3:1→1}"	"{s3:13→1, s3:14→1, s3:14→1, s3:14→1, s3:13→1, s3:14→1, s3:14→1, s3:13→1}"
12	124	21	163	2	1	0	0	0	0	0	0	"{s1:1→1 / s2:10→1, 12→1 / s3:10→1, 12→2, s1:1→1 / s2:12→1 / s3:10→1, 12→2, s1:1→1 / s2:12→1 / s3:12→2, s1:1→1 / s2:12→1 / s3:3→1, 10→1, s1:1→1 / s2:12→1 / s3:3→3, 12→2}"	"{s2:13→1 / s3:13→1, s2:13→1 / s3:13→1, s2:13→1 / s3:13→1, s2:13→1 / s3:13→1, s2:13→1 / s3:13→1}"
12	124	22	157	1	2	0	0	0	0	0	0	"{s1:12→1 / s2:1→1 / s3:10→1, s1:12→1 / s2:1→1 / s3:1→4, 10→1}"	"{s3:13→1, s3:13→1}"
12	124	22	163	2	1	0	0	0	0	0	0	"s1:1→1 / s2:10→1, 12→2 / s3:10→2, 12→1"	"s2:13→1 / s3:13→1"
12	124	23	150	0	3	0	0	0	0	0	0	"s1:3→1 / s2:1→1 / s3:1→1, 12→1"	""
12	124	23	157	1	2	0	0	0	0	0	0	"{s1:12→1 / s2:1→1 / s3:1→1, 3→1, s1:12→1 / s2:1→1 / s3:1→3, 3→1}"	"{s3:14→1, s3:13→1}"
12	124	30	157	1	2	0	0	0	0	0	0	"s1:12→1 / s2:1→1 / s3:1→2"	"s3:13→1"
12	124	33	137	1	1	1	0	0	0	0	0	"s1:1→1 / s2:12→1 / s3:10→3"	"s3:14→1"
12	125	16	156	2	1	0	0	0	0	0	0	"{s1:10→1 / s2:1→1 / s3:1→1, s1:10→1 / s2:1→1 / s3:1→2, 10→1, s1:10→1 / s2:1→1 / s3:1→2, 3→1, 10→1, s1:10→1 / s3:1→1, s1:1→1, 10→1 / s3:1→1, s1:1→1 / s2:10→1 / s3:10→1, s1:1→1 / s2:10→1 / s3:1→1, 10→2, s1:1→1 / s2:10→1 / s3:1→1, 10→2, s1:1→1 / s2:10→1 / s3:1→1, 10→3, s1:1→1 / s2:10→1 / s3:3→1, 10→2, s1:1→1 / s2:10→1 / s3:3→1, 10→3, s1:1→1 / s2:10→2 / s3:1→1, 10→3}"	"{s2:13→1 / s3:13→1, s2:13→1 / s3:4→1, s2:13→1 / s3:13→1, s2:4→1 / s3:13→1, s2:4→1 / s3:13→1, s2:13→1 / s3:4→1, s2:13→1 / s3:4→1, s2:4→1 / s3:13→1, s2:13→1 / s3:4→1, s2:13→1 / s3:13→1, s2:13→1 / s3:13→1, s2:4→1 / s3:13→1}"
12	125	17	129	1	1	1	0	0	0	0	0	"{s1:10→1 / s2:1→1, s1:1→1 / s2:10→1 / s3:10→1, s1:1→1 / s2:10→1 / s3:10→2, s1:1→1 / s2:10→1 / s3:10→3}"	"{s3:4→1, s3:4→1, s3:4→1, s3:4→1}"
12	125	17	130	1	1	1	0	0	0	0	0	"{s1:1→1 / s2:10→1 / s3:3→1, 10→1, s1:1→1 / s2:10→1 / s3:3→1, 10→2}"	"{s3:14→1, s3:14→1}"
12	125	17	143	0	3	0	0	0	0	0	0	"s1:10→1 / s2:1→1 / s3:1→1, 10→1"	""
12	125	17	149	1	2	0	0	0	0	0	0	"{s1:10→1 / s2:1→1 / s3:10→1, s1:10→1 / s2:1→1 / s3:10→2, s1:10→1 / s2:1→1 / s3:1→1, 10→1, s1:10→1 / s2:1→1 / s3:1→1, 10→2, s1:10→1 / s2:1→1 / s3:1→1, 10→3, s1:10→1 / s2:1→1 / s3:1→1, 10→4, s1:10→1 / s2:1→1 / s3:1→2, 10→2, s1:10→1 / s2:1→1 / s3:1→2, 10→3, s1:10→1 / s2:1→1 / s3:1→3, 10→2, s1:1→1 / s2:1→1, 10→1, s1:1→1 / s2:1→1, 10→1 / s3:10→1, s1:1→1 / s2:1→1, 10→1 / s3:10→2, s1:1→1 / s2:1→1, 10→2 / s3:10→1}"	"{s3:4→1, s3:4→1, s3:4→1, s3:4→1, s3:4→1, s3:4→1, s3:4→1, s3:4→1, s3:4→1, s3:4→1, s3:4→1, s3:4→1, s3:4→1}"
12	125	17	150	1	2	0	0	0	0	0	0	"{s1:10→1 / s2:1→1 / s3:10→1, s1:10→1 / s2:1→1 / s3:1→1, 10→1, s1:10→1 / s2:1→1 / s3:1→1, 10→1, s1:10→1 / s2:1→1 / s3:1→1, 10→2, s1:10→1 / s2:1→1 / s3:1→1, 10→2, s1:10→1 / s2:1→1 / s3:1→1, 10→3, s1:10→1 / s2:1→1 / s3:1→1, 10→4, s1:10→1 / s2:1→1 / s3:1→1, 3→1, 10→1, s1:10→1 / s2:1→1 / s3:1→1, 3→1, 10→2, s1:10→1 / s2:1→1 / s3:1→1, 3→1, 10→2, s1:10→1 / s2:1→1 / s3:1→1, 3→1, 10→3, s1:10→1 / s2:1→1 / s3:1→2, 10→1, s1:10→1 / s2:1→1 / s3:1→2, 10→2, s1:10→1 / s2:1→1 / s3:1→2, 3→1, 10→2, s1:10→1 / s2:1→1 / s3:1→3, 10→2, s1:10→1 / s2:1→1 / s3:3→1, 10→1, s1:10→1 / s2:1→1 / s3:3→1, 10→1, s1:10→1 / s2:1→1 / s3:3→1, 10→2, s1:10→1 / s2:1→1 / s3:3→1, 10→2, s1:10→1 / s2:1→1 / s3:3→1, 10→3, s1:10→1 / s2:1→1 / s3:3→1, 10→4}"	"{s3:14→1, s3:13→1, s3:14→1, s3:13→1, s3:14→1, s3:14→1, s3:14→1, s3:13→1, s3:13→1, s3:14→1, s3:14→1, s3:13→1, s3:13→1, s3:13→1, s3:13→1, s3:13→1, s3:14→1, s3:13→1, s3:14→1, s3:14→1, s3:14→1}"
12	125	17	156	2	1	0	0	0	0	0	0	"{s1:10→1 / s2:1→1 / s3:1→1, 10→1, s1:10→1 / s2:1→1 / s3:1→1, 10→1, s1:10→1 / s2:1→1 / s3:1→1, 10→2, s1:10→1 / s2:1→1 / s3:1→1, 3→1, 10→1, s1:10→1 / s2:1→1 / s3:1→2, 10→1, s1:10→1 / s2:1→1 / s3:1→2, 10→2, s1:10→1 / s2:1→1 / s3:1→3, 10→2, s1:10→1 / s2:3→1, 10→1 / s3:1→1, s1:1→1 / s2:10→1 / s3:10→1, s1:1→1 / s2:10→1 / s3:10→2, s1:1→1 / s2:10→1 / s3:10→2, s1:1→1 / s2:10→1 / s3:10→3, s1:1→1 / s2:10→1 / s3:10→4, s1:1→1 / s2:10→1 / s3:10→5, s1:1→1 / s2:10→1 / s3:1→1, 10→1, s1:1→1 / s2:10→1 / s3:1→1, 10→4, s1:1→1 / s2:10→1 / s3:3→1, 10→1, s1:1→1 / s2:10→1 / s3:3→1, 10→4, s1:1→1 / s2:10→2 / s3:10→2, s1:1→1 / s2:10→2 / s3:10→2, s1:1→1 / s2:10→2 / s3:10→3, s1:1→1 / s2:10→2 / s3:10→4, s1:1→1 / s2:10→2 / s3:10→5}"	"{s2:13→1 / s3:13→1, s2:13→1 / s3:4→1, s2:13→1 / s3:4→1, s2:13→1 / s3:13→1, s2:13→1 / s3:13→1, s2:13→1 / s3:4→1, s2:13→1 / s3:4→1, s2:13→1 / s3:13→1, s2:13→1 / s3:13→1, s2:13→1 / s3:13→1, s2:13→1 / s3:4→1, s2:13→1 / s3:4→1, s2:13→1 / s3:4→1, s2:13→1 / s3:4→1, s2:13→1 / s3:4→1, s2:13→1 / s3:4→1, s2:13→1 / s3:13→1, s2:13→1 / s3:13→1, s2:13→1 / s3:13→1, s2:13→1 / s3:4→1, s2:13→1 / s3:4→1, s2:13→1 / s3:4→1, s2:13→1 / s3:4→1}"
12	125	18	109	1	0	2	0	0	0	0	0	"s1:10→1 / s2:1→1"	"s3:4→1"
12	125	18	123	0	2	1	0	0	0	0	0	"s1:1→1 / s2:10→1 / s3:10→1"	""
12	125	18	129	1	1	1	0	0	0	0	0	"{s1:1→1 / s2:10→1 / s3:10→4, s1:1→1 / s2:10→1 / s3:10→5}"	"{s3:4→1, s3:4→1}"
12	125	18	130	1	1	1	0	0	0	0	0	"{s1:1→1 / s2:10→1 / s3:10→1, s1:1→1 / s2:10→1 / s3:10→2}"	"{s3:14→1, s3:14→1}"
12	125	18	149	1	2	0	0	0	0	0	0	"{s1:10→1 / s2:1→1 / s3:10→3, s1:10→1 / s2:1→1 / s3:10→4, s1:10→1 / s2:1→1 / s3:10→5, s1:1→1 / s2:1→1}"	"{s3:4→1, s3:4→1, s3:4→1, s3:4→1}"
12	125	18	150	1	2	0	0	0	0	0	0	"s1:10→1 / s2:1→1 / s3:10→2"	"s3:14→1"
12	125	18	156	2	1	0	0	0	0	0	0	"{s1:10→1 / s2:10→1 / s3:1→1, s1:1→1 / s2:10→1 / s3:10→3, s1:1→1 / s2:10→2 / s3:10→3, s1:1→1 / s2:10→2 / s3:10→4, s1:1→1 / s2:10→2 / s3:1→1, 10→4, s1:1→1 / s2:10→2 / s3:3→1, 10→4, s1:1→1 / s2:10→3 / s3:10→3, s1:1→1 / s2:10→3 / s3:10→4, s1:1→1 / s2:10→3 / s3:10→4, s1:1→1 / s2:10→3 / s3:10→5, s1:1→1 / s2:10→4 / s3:10→4}"	"{s2:4→1 / s3:13→1, s2:13→1 / s3:13→1, s2:13→1 / s3:13→1, s2:13→1 / s3:13→1, s2:13→1 / s3:4→1, s2:13→1 / s3:13→1, s2:13→1 / s3:13→1, s2:13→1 / s3:13→1, s2:13→1 / s3:4→1, s2:13→1 / s3:4→1, s2:13→1 / s3:13→1}"
12	125	19	143	0	3	0	0	0	0	0	0	"s1:10→1 / s2:10→1 / s3:1→1"	""
12	125	19	150	1	2	0	0	0	0	0	0	"{s1:10→1 / s2:1→1 / s3:10→1, s1:10→1 / s2:1→1 / s3:10→3, s1:10→1 / s2:1→1 / s3:10→4, s1:10→1 / s2:1→1 / s3:10→5}"	"{s3:13→1, s3:14→1, s3:14→1, s3:14→1}"
12	125	19	156	2	1	0	0	0	0	0	0	"{s1:1→1 / s2:10→1 / s3:10→4, s1:1→1 / s2:10→2 / s3:10→5, s1:1→1 / s2:10→3 / s3:10→5, s1:1→1 / s2:10→4 / s3:10→5, s1:1→1 / s2:10→5 / s3:10→5}"	"{s2:13→1 / s3:13→1, s2:13→1 / s3:13→1, s2:13→1 / s3:13→1, s2:13→1 / s3:13→1, s2:13→1 / s3:13→1}"
12	125	20	150	1	2	0	0	0	0	0	0	"s1:10→2 / s2:1→1 / s3:10→1"	"s3:14→1"
12	125	20	156	2	1	0	0	0	0	0	0	"s1:1→1 / s2:10→1 / s3:10→5"	"s2:13→1 / s3:13→1"
12	125	21	150	1	2	0	0	0	0	0	0	"s1:10→1 / s2:1→1 / s3:10→2"	"s3:13→1"
12	125	23	156	2	1	0	0	0	0	0	0	"s1:1→1 / s2:10→4 / s3:10→5"	"s2:13→1 / s3:4→1"
12	126	16	149	0	3	0	0	0	0	0	0	"s1:12→1 / s2:2→1 / s3:1→1"	""
12	126	16	156	1	2	0	0	0	0	0	0	"{s1:12→1 / s2:1→1, 2→1, 12→1 / s3:4→1, 12→1, s1:12→1 / s2:2→1 / s3:1→1, s1:12→1 / s2:2→1 / s3:1→1, 4→1, 12→2, s1:12→1 / s2:2→1 / s3:1→1, 4→1, 8→1, 12→2, s1:12→1 / s2:2→1 / s3:1→2, 4→1, 12→2, s1:12→1 / s2:2→1 / s3:1→2, 8→1, 12→1, s1:12→1 / s2:2→1 / s3:1→2, 8→1, 12→2}"	"{s3:13→1, s3:13→1, s3:13→1, s3:13→1, s3:13→1, s3:13→1, s3:13→1}"
12	126	16	162	2	1	0	0	0	0	0	0	"{s1:12→1 / s2:1→1, 2→1, 12→1 / s3:1→1, 2→1, 4→1, 12→2, s1:12→1 / s2:1→1, 2→1, 12→1 / s3:1→1, 2→1, 8→1, 12→2, s1:12→1 / s2:1→1, 2→1 / s3:1→1, 2→1, 12→1, s1:12→1 / s2:1→1, 2→1 / s3:1→1, 2→1, 4→1, 12→1, s1:12→1 / s2:1→1, 2→1 / s3:1→1, 2→1, 8→1, s1:12→1 / s2:2→1, 4→1, 12→2 / s3:1→1, 2→1, 12→1, s1:12→1 / s2:2→1 / s3:1→1, s1:12→1 / s2:2→1 / s3:1→1, 2→1, 12→1, s1:12→1 / s2:2→1 / s3:1→1, 2→1, 4→1, 12→1, s1:12→1 / s2:2→1 / s3:1→1, 2→1, 4→1, 12→2, s1:12→1 / s2:2→1 / s3:1→1, 2→1, 4→1, 8→1, 12→1, s1:12→1 / s2:2→1 / s3:1→1, 2→1, 8→1, s1:12→1 / s2:2→1 / s3:1→1, 2→1, 8→1, 12→1, s1:12→1 / s2:2→1 / s3:1→1, 2→1, 8→1, 12→2, s1:12→1 / s2:2→1 / s3:1→1, 4→1, 12→1, s1:12→1 / s2:2→1 / s3:1→1, 4→1, 12→2, s1:12→1 / s2:2→1 / s3:1→1, 4→1, 8→1, 12→1, s1:12→1 / s2:2→1 / s3:1→1, 4→1, 8→1, 12→2, s1:12→1 / s2:2→1 / s3:1→2, 2→1, 12→1, s1:12→1 / s2:2→1 / s3:1→2, 2→1, 4→1, 12→1, s1:12→1 / s2:2→1 / s3:1→2, 2→1, 8→1, 12→1, s1:12→1 / s2:2→1 / s3:1→2, 4→1, 12→1, s1:12→1 / s2:2→1 / s3:1→2, 4→1, 12→2, s1:12→1 / s2:2→1 / s3:1→2, 4→1, 8→1, 12→1, s1:12→1 / s2:2→1 / s3:1→2, 8→1, 12→1, s1:12→1 / s2:2→1 / s3:1→3, 8→1, 12→1, s1:12→1 / s2:2→1 / s3:2→1, 4→1, 12→1, s1:12→1 / s2:2→1 / s3:2→1, 4→1, 12→2, s1:12→1 / s2:2→1 / s3:2→1, 4→1, 8→1, 12→1, s1:12→1 / s2:2→1 / s3:2→1, 4→1, 8→1, 12→2, s1:12→1 / s2:2→1 / s3:2→1, 8→1, 12→1, s1:12→1 / s2:4→1, 12→1 / s3:2→1}"	"{s2:13→1 / s3:13→1, s2:13→1 / s3:13→1, s2:13→1 / s3:13→1, s2:13→1 / s3:13→1, s2:13→1 / s3:13→1, s2:13→1 / s3:13→1, s2:13→1 / s3:13→1, s2:13→1 / s3:13→1, s2:13→1 / s3:13→1, s2:13→1 / s3:13→1, s2:13→1 / s3:13→1, s2:13→1 / s3:13→1, s2:13→1 / s3:13→1, s2:13→1 / s3:13→1, s2:13→1 / s3:13→1, s2:13→1 / s3:13→1, s2:13→1 / s3:13→1, s2:13→1 / s3:13→1, s2:13→1 / s3:13→1, s2:13→1 / s3:13→1, s2:13→1 / s3:13→1, s2:13→1 / s3:13→1, s2:13→1 / s3:13→1, s2:13→1 / s3:13→1, s2:13→1 / s3:13→1, s2:13→1 / s3:13→1, s2:13→1 / s3:13→1, s2:13→1 / s3:13→1, s2:13→1 / s3:13→1, s2:13→1 / s3:13→1, s2:13→1 / s3:13→1, s2:13→1 / s3:13→1}"
12	126	17	129	0	2	1	0	0	0	0	0	"s1:12→1 / s2:2→1 / s3:1→1"	""
12	126	17	149	0	3	0	0	0	0	0	0	"{s1:12→1 / s2:2→1, 12→1 / s3:1→1, 12→1, s1:12→1 / s2:2→1 / s3:1→1, 12→1}"	""
12	126	17	156	1	2	0	0	0	0	0	0	"{s1:12→1 / s2:2→1, 12→1 / s3:1→1, s1:12→1 / s2:2→1, 12→1 / s3:1→1, 12→1, s1:12→1 / s2:2→1, 12→1 / s3:1→1, 8→1, 12→1, s1:12→1 / s2:2→1, 12→1 / s3:1→2, 12→1, s1:12→1 / s2:2→1, 12→1 / s3:4→1, 12→1, s1:12→1 / s2:2→1, 12→1 / s3:8→1, 12→1, s1:12→1 / s2:2→1 / s3:1→1, 12→1, s1:12→1 / s2:2→1 / s3:1→1, 4→1, 12→1, s1:12→1 / s2:2→1 / s3:1→1, 4→1, 12→3, s1:12→1 / s2:2→1 / s3:1→1, 4→1, 8→1, s1:12→1 / s2:2→1 / s3:1→1, 4→1, 8→1, 12→1, s1:12→1 / s2:2→1 / s3:1→1, 8→1, s1:12→1 / s2:2→1 / s3:1→1, 8→1, 12→1, s1:12→1 / s2:2→1 / s3:1→1, 8→1, 12→2, s1:12→1 / s2:2→1 / s3:1→1, 8→1, 12→3, s1:12→1 / s2:2→1 / s3:1→2, 12→1, s1:12→1 / s2:2→1 / s3:1→2, 12→2, s1:12→1 / s2:2→1 / s3:1→2, 4→1, 12→1, s1:12→1 / s2:2→1 / s3:1→2, 4→1, 8→1, s1:12→1 / s2:2→1 / s3:1→2, 4→1, 8→1, 12→1, s1:12→1 / s2:2→1 / s3:1→2, 8→1, s1:12→1 / s2:2→1 / s3:1→3, 12→1, s1:12→1 / s2:2→1 / s3:1→3, 12→2, s1:12→1 / s2:2→1 / s3:1→3, 4→1, 12→1, s1:12→1 / s2:2→1 / s3:1→3, 4→1, 8→1, s1:12→1 / s2:2→1 / s3:1→3, 8→1, s1:12→1 / s2:2→1 / s3:1→3, 8→1, 12→1, s1:12→1 / s2:2→1 / s3:4→1, s1:12→1 / s2:2→1 / s3:4→1, 12→1, s1:12→1 / s2:2→1 / s3:4→1, 12→2, s1:12→1 / s2:2→1 / s3:4→1, 12→3, s1:12→1 / s2:2→1 / s3:4→1, 12→4, s1:12→1 / s2:2→1 / s3:4→1, 8→1, s1:12→1 / s2:2→1 / s3:4→1, 8→1, 12→1, s1:12→1 / s2:2→1 / s3:4→1, 8→1, 12→2, s1:12→1 / s2:2→1 / s3:4→1, 8→1, 12→3, s1:12→1 / s2:2→1 / s3:8→1, s1:12→1 / s2:2→1 / s3:8→1, 12→1, s1:12→1 / s2:2→1 / s3:8→1, 12→2}"	"{s3:13→1, s3:13→1, s3:13→1, s3:13→1, s3:13→1, s3:13→1, s3:13→1, s3:13→1, s3:13→1, s3:13→1, s3:13→1, s3:13→1, s3:13→1, s3:13→1, s3:13→1, s3:13→1, s3:13→1, s3:13→1, s3:13→1, s3:13→1, s3:13→1, s3:13→1, s3:13→1, s3:13→1, s3:13→1, s3:13→1, s3:13→1, s3:13→1, s3:13→1, s3:13→1, s3:13→1, s3:13→1, s3:13→1, s3:13→1, s3:13→1, s3:13→1, s3:13→1, s3:13→1, s3:13→1}"
12	126	17	162	2	1	0	0	0	0	0	0	"{s1:12→1 / s2:1→1, 2→1, 12→1 / s3:1→1, 2→1, 12→1, s1:12→1 / s2:1→1, 2→1, 12→1 / s3:1→1, 2→1, 12→2, s1:12→1 / s2:1→1, 2→1 / s3:1→1, 2→1, 4→1, s1:12→1 / s2:2→1, 12→1 / s3:1→1, 12→1, s1:12→1 / s2:2→1, 12→1 / s3:1→1, 2→1, 12→1, s1:12→1 / s2:2→1, 12→1 / s3:1→1, 2→1, 12→2, s1:12→1 / s2:2→1, 12→1 / s3:1→2, 12→2, s1:12→1 / s2:2→1, 12→1 / s3:1→2, 2→1, 12→2, s1:12→1 / s2:2→1, 12→1 / s3:2→1, 12→1, s1:12→1 / s2:2→1, 12→1 / s3:2→1, 8→1, 12→2, s1:12→1 / s2:2→1, 4→1 / s3:1→1, 2→1, s1:12→1 / s2:2→1 / s3:1→1, 12→1, s1:12→1 / s2:2→1 / s3:1→1, 2→1, s1:12→1 / s2:2→1 / s3:1→1, 2→1, 12→2, s1:12→1 / s2:2→1 / s3:1→1, 2→1, 4→1, 8→1, s1:12→1 / s2:2→1 / s3:1→1, 4→1, 12→3, s1:12→1 / s2:2→1 / s3:1→1, 8→1, s1:12→1 / s2:2→1 / s3:1→1, 8→1, 12→1, s1:12→1 / s2:2→1 / s3:1→1, 8→1, 12→2, s1:12→1 / s2:2→1 / s3:1→2, 12→1, s1:12→1 / s2:2→1 / s3:1→2, 2→1, 12→2, s1:12→1 / s2:2→1 / s3:1→2, 2→1, 4→1, 8→1, s1:12→1 / s2:2→1 / s3:1→2, 2→1, 8→1, s1:12→1 / s2:2→1 / s3:1→2, 8→1, 12→2, s1:12→1 / s2:2→1 / s3:1→3, 2→1, 12→1, s1:12→1 / s2:2→1 / s3:1→3, 4→1, 12→1, s1:12→1 / s2:2→1 / s3:2→1, s1:12→1 / s2:2→1 / s3:2→1, 12→1, s1:12→1 / s2:2→1 / s3:2→1, 4→1, s1:12→1 / s2:2→1 / s3:2→1, 4→1, 12→3, s1:12→1 / s2:2→1 / s3:2→1, 4→1, 8→1, s1:12→1 / s2:2→1 / s3:2→1, 8→1, s1:12→1 / s2:2→1 / s3:2→1, 8→1, 12→2, s1:12→1 / s2:2→1 / s3:2→1, 8→1, 12→3, s1:12→1 / s2:4→1, 12→2 / s3:2→1, s1:12→1 / s2:4→1, 8→1, 12→1 / s3:2→1, s1:12→1 / s2:4→1, 8→1, 12→2 / s3:2→1, s1:12→1 / s2:4→1, 8→1, 12→3 / s3:2→1, s1:12→1 / s2:4→1 / s3:2→1}"	"{s2:13→1 / s3:13→1, s2:13→1 / s3:13→1, s2:13→1 / s3:13→1, s2:13→1 / s3:13→1, s2:13→1 / s3:13→1, s2:13→1 / s3:13→1, s2:13→1 / s3:13→1, s2:13→1 / s3:13→1, s2:13→1 / s3:13→1, s2:13→1 / s3:13→1, s2:13→1 / s3:13→1, s2:13→1 / s3:13→1, s2:13→1 / s3:13→1, s2:13→1 / s3:13→1, s2:13→1 / s3:13→1, s2:13→1 / s3:13→1, s2:13→1 / s3:13→1, s2:13→1 / s3:13→1, s2:13→1 / s3:13→1, s2:13→1 / s3:13→1, s2:13→1 / s3:13→1, s2:13→1 / s3:13→1, s2:13→1 / s3:13→1, s2:13→1 / s3:13→1, s2:13→1 / s3:13→1, s2:13→1 / s3:13→1, s2:13→1 / s3:13→1, s2:13→1 / s3:13→1, s2:13→1 / s3:13→1, s2:13→1 / s3:13→1, s2:13→1 / s3:13→1, s2:13→1 / s3:13→1, s2:13→1 / s3:13→1, s2:13→1 / s3:13→1, s2:13→1 / s3:13→1, s2:13→1 / s3:13→1, s2:13→1 / s3:13→1, s2:13→1 / s3:13→1, s2:13→1 / s3:13→1}"
12	126	18	105	0	2	0	1	0	0	0	0	"s1:12→1 / s2:2→1 / s3:1→1"	""
12	126	18	129	0	2	1	0	0	0	0	0	"s1:12→1 / s2:2→1 / s3:1→1, 12→1"	""
12	126	18	156	1	2	0	0	0	0	0	0	"{s1:12→1 / s2:2→1 / s3:1→1, 4→1, s1:12→1 / s2:2→1 / s3:1→2, 12→3, s1:12→1 / s2:2→1 / s3:1→2, 4→1, s1:12→1 / s2:2→1 / s3:1→4, 12→1, s1:12→1 / s2:2→1 / s3:1→4, 8→1, s1:12→1 / s2:2→1 / s3:8→1, 12→3}"	"{s3:13→1, s3:13→1, s3:13→1, s3:13→1, s3:13→1, s3:13→1}"
12	126	18	162	2	1	0	0	0	0	0	0	"{s1:12→1 / s2:1→1, 2→1 / s3:1→1, 2→1, s1:12→1 / s2:2→1, 12→1 / s3:1→1, 12→2, s1:12→1 / s2:2→1, 12→1 / s3:2→1, 12→2, s1:12→1 / s2:2→1 / s3:1→1, 2→1, 4→1, s1:12→1 / s2:2→1 / s3:1→3, 12→2, s1:12→1 / s2:2→1 / s3:1→3, 2→1, 8→1, s1:12→1 / s2:4→1, 12→3 / s3:2→1, s1:12→1 / s2:8→1, 12→1 / s3:2→1}"	"{s2:13→1 / s3:13→1, s2:13→1 / s3:13→1, s2:13→1 / s3:13→1, s2:13→1 / s3:13→1, s2:13→1 / s3:13→1, s2:13→1 / s3:13→1, s2:13→1 / s3:13→1, s2:13→1 / s3:13→1}"
12	126	19	79	0	2	0	0	1	0	0	0	"s1:12→1 / s2:2→1 / s3:1→1"	""
12	126	19	149	0	3	0	0	0	0	0	0	"{s1:12→1 / s2:12→1 / s3:1→1, 2→1, 12→1, s1:12→1 / s2:12→1 / s3:2→1, 12→1, s1:12→1 / s2:2→1 / s3:1→1, 12→2}"	""
12	126	19	156	1	2	0	0	0	0	0	0	"{s1:12→1 / s2:12→1 / s3:1→1, 2→1, 12→1, s1:12→1 / s2:12→1 / s3:2→1, 12→1, s1:12→1 / s2:12→1 / s3:2→2, 12→1, s1:12→1 / s2:12→1 / s3:8→1, 12→1, s1:12→1 / s2:2→1 / s3:8→1, 12→4}"	"{s3:14→1, s3:14→1, s3:14→1, s3:14→1, s3:13→1}"
12	126	19	162	2	1	0	0	0	0	0	0	"{s1:12→1 / s2:12→1 / s3:2→1, 12→2, s1:12→1 / s2:2→1 / s3:1→1, 2→1, 12→3, s1:12→1 / s2:2→1 / s3:2→1, 12→2}"	"{s2:13→1 / s3:13→1, s2:13→1 / s3:13→1, s2:13→1 / s3:13→1}"
12	126	20	149	0	3	0	0	0	0	0	0	"{s1:12→1 / s2:12→1 / s3:12→1, s1:12→1 / s2:12→1 / s3:2→1}"	""
12	126	20	156	1	2	0	0	0	0	0	0	"{s1:12→1 / s2:2→1, 12→1 / s3:12→1, s1:12→1 / s2:2→1 / s3:1→1, 12→2, s1:12→1 / s2:2→1 / s3:1→2, s1:12→1 / s2:2→1 / s3:1→3, 4→1}"	"{s3:13→1, s3:13→1, s3:13→1, s3:13→1}"
12	126	20	162	2	1	0	0	0	0	0	0	"{s1:12→1 / s2:12→1 / s3:2→1, 12→1, s1:12→1 / s2:2→1 / s3:1→1, 8→1, 12→3, s1:12→1 / s2:4→1, 12→2 / s3:2→1, 12→1}"	"{s2:13→1 / s3:13→1, s2:13→1 / s3:13→1, s2:13→1 / s3:13→1}"
12	126	21	129	0	2	1	0	0	0	0	0	"s1:12→1 / s2:12→1 / s3:2→1"	""
12	126	21	156	1	2	0	0	0	0	0	0	"{s1:12→1 / s2:12→1 / s3:12→1, s1:12→1 / s2:12→1 / s3:2→1, s1:12→1 / s2:12→1 / s3:2→1, 8→1, 12→1}"	"{s3:14→1, s3:14→1, s3:14→1}"
12	126	21	162	2	1	0	0	0	0	0	0	"{s1:12→1 / s2:12→1 / s3:12→1, s1:12→1 / s2:12→1 / s3:12→2, s1:12→1 / s2:2→1 / s3:1→1, 4→1, s1:12→1 / s2:2→1 / s3:1→1, 4→1, 8→1, s1:12→1 / s2:2→1 / s3:1→2, 12→2, s1:12→1 / s2:2→1 / s3:1→2, 8→1, s1:12→1 / s2:2→1 / s3:1→3, 12→1, s1:12→1 / s2:4→1, 8→1 / s3:2→1, s1:12→1 / s2:8→1 / s3:2→1}"	"{s2:13→1 / s3:13→1, s2:13→1 / s3:13→1, s2:13→1 / s3:13→1, s2:13→1 / s3:13→1, s2:13→1 / s3:13→1, s2:13→1 / s3:13→1, s2:13→1 / s3:13→1, s2:13→1 / s3:13→1, s2:13→1 / s3:13→1}"
12	126	22	162	2	1	0	0	0	0	0	0	"s1:12→1 / s2:2→1, 12→1 / s3:2→1, 4→1, 12→2"	"s2:13→1 / s3:13→1"
12	126	23	156	1	2	0	0	0	0	0	0	"s1:12→1 / s2:2→1 / s3:1→4, 4→1"	"s3:13→1"
12	126	24	149	0	3	0	0	0	0	0	0	"s1:12→1 / s2:2→1 / s3:1→1, 12→3"	""
12	126	28	156	1	2	0	0	0	0	0	0	"s1:12→1 / s2:2→1 / s3:1→1, 12→3"	"s3:13→1"
12	127	17	129	0	3	0	0	0	0	0	0	"{s2:2→1 / s3:1→1, s2:2→1 / s3:1→1}"	"{s1:11→1, s1:12→1}"
12	130	16	150	0	3	0	0	0	0	0	0	"s1:12→1 / s2:3→1"	"s3:1→1"
12	130	16	156	1	2	0	0	0	0	0	0	"{s1:12→1, s1:12→1 / s3:2→1, 3→1, 12→1, s1:12→1 / s3:2→1, 3→1, 9→1, 12→1, s1:12→1 / s3:2→1, 3→2, 12→2, s1:12→1 / s3:2→1, 3→2, 9→1, 12→1, s1:12→1 / s3:3→1, s1:3→1, s1:3→1, 12→1, s1:3→1, 12→1 / s3:2→1, 12→1, s1:3→1, 12→1 / s3:2→1, 12→2, s1:3→1, 12→1 / s3:2→1, 9→1, 12→1, s1:3→1, 12→1 / s3:2→1, 9→1, 12→2, s1:3→1, 12→1 / s3:2→1, 9→1, 12→3, s1:3→1 / s2:12→1, s1:3→1 / s2:12→1 / s3:2→1, 12→1, s1:3→1 / s2:12→1 / s3:2→1, 12→2, s1:3→1 / s2:12→1 / s3:2→1, 9→1, s1:3→1 / s2:12→1 / s3:2→1, 9→1, 12→1, s1:3→1 / s2:12→1 / s3:2→1, 9→1, 12→2, s1:3→1 / s3:2→1, 12→3, s1:3→1 / s3:2→1, 9→1, 12→3}"	"{s2:1→1 / s3:11→1, s2:1→1 / s3:11→1, s2:1→1 / s3:11→1, s2:1→1 / s3:11→1, s2:1→1 / s3:11→1, s2:1→1 / s3:11→1, s2:1→1 / s3:11→1, s2:1→1 / s3:11→1, s2:1→1 / s3:11→1, s2:1→1 / s3:11→1, s2:1→1 / s3:11→1, s2:1→1 / s3:11→1, s2:1→1 / s3:11→1, s2:1→1 / s3:11→1, s2:1→1 / s3:11→1, s2:1→1 / s3:11→1, s2:1→1 / s3:11→1, s2:1→1 / s3:11→1, s2:1→1 / s3:11→1, s2:1→1 / s3:11→1, s2:1→1 / s3:11→1}"
12	130	16	157	1	2	0	0	0	0	0	0	"{s1:12→1 / s2:2→1, 12→1 / s3:3→1, s1:12→1 / s2:2→1, 3→1, 12→1, s1:12→1 / s2:3→1, s1:12→1 / s2:3→1 / s3:2→1, s1:12→1 / s2:3→1 / s3:2→1, 12→1, s1:12→1 / s2:3→1 / s3:2→1, 9→1, s1:12→1 / s2:3→1 / s3:2→2, 12→1, s1:12→1 / s2:3→1 / s3:2→2, 12→2, s1:12→1 / s2:3→1 / s3:2→2, 9→1, s1:12→1 / s2:3→1 / s3:2→2, 9→1, 12→1, s1:12→1 / s2:3→1 / s3:2→2, 9→1, 12→2, s1:12→1 / s2:3→1 / s3:2→3, 12→2, s1:12→1 / s2:3→1 / s3:2→3, 9→1, 12→1, s1:12→1 / s3:2→1, 3→1, 9→1, 12→1, s1:12→1 / s3:2→1, 3→1, 9→1, 12→2, s1:12→1 / s3:2→1, 3→2, 12→2, s1:12→1 / s3:2→1, 3→2, 9→1, 12→1, s1:12→1 / s3:3→1, s1:12→1 / s3:3→3, 9→1, 12→1, s1:3→1, 12→1 / s2:2→1, 12→1, s1:3→1 / s2:2→1, 12→1, s1:3→1 / s2:2→1, 12→2}"	"{s3:11→1, s3:11→1, s3:11→1, s3:11→1, s3:11→1, s3:11→1, s3:11→1, s3:11→1, s3:11→1, s3:11→1, s3:11→1, s3:11→1, s3:11→1, s2:1→1 / s3:13→1, s2:1→1 / s3:13→1, s2:1→1 / s3:13→1, s2:1→1 / s3:13→1, s2:1→1 / s3:13→1, s2:1→1 / s3:13→1, s3:11→1, s3:11→1, s3:11→1}"
12	130	16	158	1	2	0	0	0	0	0	0	"{s1:12→1 / s2:2→1, 12→1 / s3:3→1, s1:12→1 / s2:3→1 / s3:2→1, 12→1, s1:12→1 / s2:3→1 / s3:2→1, 9→1, s1:12→1 / s2:3→1 / s3:2→1, 9→1, 12→1, s1:12→1 / s2:3→1 / s3:2→2, 12→2, s1:12→1 / s2:3→1 / s3:2→2, 9→1, 12→1, s1:12→1 / s2:3→1 / s3:2→2, 9→1, 12→2, s1:12→1 / s2:3→1 / s3:2→3, 9→1, 12→1}"	"{s3:13→1, s3:13→1, s3:13→1, s3:13→1, s3:13→1, s3:13→1, s3:13→1, s3:13→1}"
12	130	16	164	2	1	0	0	0	0	0	0	"{s1:12→1 / s2:2→1, 12→1 / s3:2→1, s1:12→1 / s2:2→1, 3→1, 12→1 / s3:2→1, 3→1, s1:12→1 / s2:2→1 / s3:2→1, 12→1, s1:12→1 / s2:2→1 / s3:2→1, 3→1, 12→1, s1:12→1 / s2:2→1 / s3:2→1, 3→1, 12→1, s1:12→1 / s2:2→1 / s3:2→1, 3→1, 9→1, s1:12→1 / s2:2→1 / s3:2→1, 3→2, 12→1, s1:12→1 / s2:2→1 / s3:2→1, 3→2, 12→1, s1:12→1 / s2:2→1 / s3:2→1, 3→2, 9→1, s1:12→1 / s2:2→1 / s3:2→1, 3→3, 12→1, s1:12→1 / s2:2→1 / s3:2→1, 9→1, s1:12→1 / s2:3→1 / s3:2→1, s1:12→1 / s2:3→1 / s3:2→1, s1:12→1 / s2:3→1 / s3:2→1, 12→1, s1:12→1 / s2:3→1 / s3:2→1, 12→1, s1:12→1 / s2:3→1 / s3:2→1, 12→1, s1:12→1 / s2:3→1 / s3:2→1, 3→1, s1:12→1 / s2:3→1 / s3:2→1, 3→1, 12→1, s1:12→1 / s2:3→1 / s3:2→1, 3→1, 12→1, s1:12→1 / s2:3→1 / s3:2→1, 3→1, 12→1, s1:12→1 / s2:3→1 / s3:2→1, 3→1, 12→2, s1:12→1 / s2:3→1 / s3:2→1, 3→1, 12→2, s1:12→1 / s2:3→1 / s3:2→1, 3→1, 12→2, s1:12→1 / s2:3→1 / s3:2→1, 3→1, 9→1, s1:12→1 / s2:3→1 / s3:2→1, 3→1, 9→1, s1:12→1 / s2:3→1 / s3:2→1, 3→1, 9→1, s1:12→1 / s2:3→1 / s3:2→1, 3→1, 9→1, 12→1, s1:12→1 / s2:3→1 / s3:2→1, 3→1, 9→1, 12→1, s1:12→1 / s2:3→1 / s3:2→1, 3→1, 9→1, 12→1, s1:12→1 / s2:3→1 / s3:2→1, 3→1, 9→1, 12→2, s1:12→1 / s2:3→1 / s3:2→1, 3→1, 9→1, 12→2, s1:12→1 / s2:3→1 / s3:2→1, 9→1, s1:12→1 / s2:3→1 / s3:2→1, 9→1, s1:12→1 / s2:3→1 / s3:2→1, 9→1, 12→1, s1:12→1 / s2:3→1 / s3:2→2, 12→1, s1:12→1 / s2:3→1 / s3:2→2, 12→1, s1:12→1 / s2:3→1 / s3:2→2, 12→2, s1:12→1 / s2:3→1 / s3:2→2, 12→2, s1:12→1 / s2:3→1 / s3:2→2, 3→1, 12→1, s1:12→1 / s2:3→1 / s3:2→2, 3→1, 12→1, s1:12→1 / s2:3→1 / s3:2→2, 3→1, 12→2, s1:12→1 / s2:3→1 / s3:2→2, 3→1, 12→2, s1:12→1 / s2:3→1 / s3:2→2, 3→1, 12→2, s1:12→1 / s2:3→1 / s3:2→2, 3→1, 9→1, s1:12→1 / s2:3→1 / s3:2→2, 3→1, 9→1, s1:12→1 / s2:3→1 / s3:2→2, 3→1, 9→1, 12→1, s1:12→1 / s2:3→1 / s3:2→2, 3→1, 9→1, 12→1, s1:12→1 / s2:3→1 / s3:2→2, 3→1, 9→1, 12→1, s1:12→1 / s2:3→1 / s3:2→2, 9→1, s1:12→1 / s2:3→1 / s3:2→2, 9→1, 12→1, s1:12→1 / s2:3→1 / s3:2→2, 9→1, 12→1, s1:12→1 / s2:3→1 / s3:2→2, 9→1, 12→1, s1:12→1 / s2:3→1 / s3:2→2, 9→1, 12→2, s1:12→1 / s2:3→1 / s3:2→2, 9→1, 12→2, s1:12→1 / s2:3→1 / s3:2→3, 12→2, s1:12→1 / s2:3→1 / s3:2→3, 12→2, s1:12→1 / s2:3→1 / s3:2→3, 9→1, 12→1, s1:12→1 / s2:3→1 / s3:2→3, 9→1, 12→1, s1:12→1 / s2:3→1 / s3:3→1, s1:12→1 / s3:2→1, 3→1, 12→1, s1:12→1 / s3:2→1, 3→1, 9→1, s1:12→1 / s3:2→2, 3→1, 12→2, s1:12→1 / s3:2→2, 3→1, 9→1, 12→1, s1:12→1 / s3:3→1}"	"{s2:13→1 / s3:11→1, s2:13→1 / s3:11→1, s2:13→1 / s3:13→1, s2:11→1 / s3:13→1, s2:13→1 / s3:13→1, s2:11→1 / s3:13→1, s2:11→1 / s3:13→1, s2:13→1 / s3:13→1, s2:11→1 / s3:13→1, s2:13→1 / s3:13→1, s2:11→1 / s3:13→1, s2:13→1 / s3:11→1, s2:13→1 / s3:13→1, s2:11→1 / s3:13→1, s2:13→1 / s3:11→1, s2:13→1 / s3:13→1, s2:13→1 / s3:11→1, s2:11→1 / s3:13→1, s2:13→1 / s3:11→1, s2:13→1 / s3:13→1, s2:11→1 / s3:13→1, s2:13→1 / s3:11→1, s2:13→1 / s3:13→1, s2:11→1 / s3:13→1, s2:13→1 / s3:11→1, s2:13→1 / s3:13→1, s2:11→1 / s3:13→1, s2:13→1 / s3:11→1, s2:13→1 / s3:13→1, s2:11→1 / s3:13→1, s2:13→1 / s3:13→1, s2:11→1 / s3:13→1, s2:13→1 / s3:13→1, s2:11→1 / s3:13→1, s2:13→1 / s3:11→1, s2:13→1 / s3:13→1, s2:13→1 / s3:11→1, s2:13→1 / s3:13→1, s2:13→1 / s3:11→1, s2:13→1 / s3:13→1, s2:11→1 / s3:13→1, s2:13→1 / s3:11→1, s2:13→1 / s3:13→1, s2:13→1 / s3:11→1, s2:13→1 / s3:13→1, s2:11→1 / s3:13→1, s2:13→1 / s3:11→1, s2:13→1 / s3:13→1, s2:13→1 / s3:13→1, s2:11→1 / s3:13→1, s2:13→1 / s3:11→1, s2:13→1 / s3:13→1, s2:11→1 / s3:13→1, s2:13→1 / s3:13→1, s2:13→1 / s3:11→1, s2:13→1 / s3:13→1, s2:13→1 / s3:11→1, s2:13→1 / s3:13→1, s2:13→1 / s3:11→1, s2:11→1 / s3:13→1, s2:11→1 / s3:13→1, s2:11→1 / s3:13→1, s2:11→1 / s3:13→1, s2:11→1 / s3:13→1}"
12	130	17	130	0	2	1	0	0	0	0	0	"s1:12→1 / s2:3→1"	"s3:1→1"
12	130	17	136	1	1	1	0	0	0	0	0	"{s1:12→1, s1:12→1 / s3:2→1, s1:12→1 / s3:2→1, 3→1, s1:12→1 / s3:2→1, 3→1, 9→1, s1:12→1 / s3:2→1, 3→2, s1:12→1 / s3:2→1, 3→2, 9→1, s1:12→1 / s3:2→1, 3→3, s1:12→1 / s3:2→1, 3→3, 9→1, s1:12→1 / s3:2→1, 9→1, s1:12→1 / s3:3→1, s1:12→1 / s3:3→2, s1:12→1 / s3:3→2, 9→1, s1:12→1 / s3:3→3, 9→1, s1:12→1 / s3:3→4, 9→1}"	"{s2:1→1 / s3:11→1, s2:1→1 / s3:11→1, s2:1→1 / s3:11→1, s2:1→1 / s3:11→1, s2:1→1 / s3:11→1, s2:1→1 / s3:11→1, s2:1→1 / s3:11→1, s2:1→1 / s3:11→1, s2:1→1 / s3:11→1, s2:1→1 / s3:11→1, s2:1→1 / s3:11→1, s2:1→1 / s3:11→1, s2:1→1 / s3:11→1, s2:1→1 / s3:11→1}"
12	130	17	137	1	1	1	0	0	0	0	0	"{s1:12→1 / s2:3→1, s1:12→1 / s2:3→1 / s3:2→1, s1:12→1 / s2:3→1 / s3:2→1, 9→1, s1:12→1 / s2:3→1 / s3:2→2, s1:12→1 / s2:3→1 / s3:2→2, 9→1, s1:12→1 / s2:3→1 / s3:2→3, s1:12→1 / s2:3→1 / s3:2→3, 9→1, s1:12→1 / s2:3→1 / s3:2→4, 9→1}"	"{s3:11→1, s3:11→1, s3:11→1, s3:11→1, s3:11→1, s3:11→1, s3:11→1, s3:11→1}"
12	130	17	150	0	3	0	0	0	0	0	0	"{s1:12→1 / s2:3→1, 12→1, s1:12→1 / s2:3→1 / s3:12→1}"	"{s3:1→1, s3:1→1}"
12	130	17	151	0	3	0	0	0	0	0	0	"{s1:12→1 / s2:3→1 / s3:2→1, 12→1, s1:12→1 / s2:3→1 / s3:2→1, 12→2}"	""
12	130	17	156	1	2	0	0	0	0	0	0	"{s1:12→1 / s3:2→1, s1:12→1 / s3:2→1, 12→1, s1:12→1 / s3:2→1, 12→2, s1:12→1 / s3:2→1, 12→3, s1:12→1 / s3:2→1, 3→1, s1:12→1 / s3:2→1, 3→1, 12→2, s1:12→1 / s3:2→1, 3→1, 12→3, s1:12→1 / s3:2→1, 3→1, 9→1, s1:12→1 / s3:2→1, 3→1, 9→1, 12→2, s1:12→1 / s3:2→1, 3→2, 12→1, s1:12→1 / s3:2→1, 3→2, 9→1, s1:12→1 / s3:2→1, 3→3, 12→1, s1:12→1 / s3:2→1, 3→3, 9→1, s1:12→1 / s3:2→1, 9→1, s1:12→1 / s3:2→1, 9→1, 12→1, s1:12→1 / s3:2→1, 9→1, 12→2, s1:12→1 / s3:2→1, 9→1, 12→3, s1:12→1 / s3:3→1, 12→1, s1:12→1 / s3:3→1, 9→1, s1:12→1 / s3:3→1, 9→1, 12→1, s1:12→1 / s3:3→2, s1:12→1 / s3:3→2, 12→1, s1:12→1 / s3:3→2, 12→2, s1:12→1 / s3:3→2, 9→1, s1:12→1 / s3:3→2, 9→1, 12→1, s1:12→1 / s3:3→2, 9→1, 12→2, s1:12→1 / s3:3→3, 12→1, s1:12→1 / s3:3→3, 12→2, s1:12→1 / s3:3→3, 9→1, s1:12→1 / s3:3→3, 9→1, 12→1, s1:12→1 / s3:3→4, 12→1, s1:12→1 / s3:3→4, 9→1, s1:3→1, 12→1 / s3:2→1, s1:3→1, 12→1 / s3:2→1, 12→3, s1:3→1, 12→1 / s3:2→1, 12→4, s1:3→1, 12→1 / s3:2→1, 9→1, s1:3→1, 12→2, s1:3→1 / s2:12→1 / s3:2→1, s1:3→1 / s3:2→1, s1:3→1 / s3:2→1, 12→1, s1:3→1 / s3:2→1, 12→2, s1:3→1 / s3:2→1, 9→1, s1:3→1 / s3:2→1, 9→1, 12→1, s1:3→1 / s3:2→1, 9→1, 12→2}"	"{s2:1→1 / s3:11→1, s2:1→1 / s3:11→1, s2:1→1 / s3:11→1, s2:1→1 / s3:11→1, s2:1→1 / s3:11→1, s2:1→1 / s3:11→1, s2:1→1 / s3:11→1, s2:1→1 / s3:11→1, s2:1→1 / s3:11→1, s2:1→1 / s3:11→1, s2:1→1 / s3:11→1, s2:1→1 / s3:11→1, s2:1→1 / s3:11→1, s2:1→1 / s3:11→1, s2:1→1 / s3:11→1, s2:1→1 / s3:11→1, s2:1→1 / s3:11→1, s2:1→1 / s3:11→1, s2:1→1 / s3:11→1, s2:1→1 / s3:11→1, s2:1→1 / s3:11→1, s2:1→1 / s3:11→1, s2:1→1 / s3:11→1, s2:1→1 / s3:11→1, s2:1→1 / s3:11→1, s2:1→1 / s3:11→1, s2:1→1 / s3:11→1, s2:1→1 / s3:11→1, s2:1→1 / s3:11→1, s2:1→1 / s3:11→1, s2:1→1 / s3:11→1, s2:1→1 / s3:11→1, s2:1→1 / s3:11→1, s2:1→1 / s3:11→1, s2:1→1 / s3:11→1, s2:1→1 / s3:11→1, s2:1→1 / s3:11→1, s2:1→1 / s3:11→1, s2:1→1 / s3:11→1, s2:1→1 / s3:11→1, s2:1→1 / s3:11→1, s2:1→1 / s3:11→1, s2:1→1 / s3:11→1, s2:1→1 / s3:11→1}"
12	130	17	157	1	2	0	0	0	0	0	0	"{s1:12→1 / s2:2→1, 12→1, s1:12→1 / s2:3→1, 12→1, s1:12→1 / s2:3→1 / s3:2→1, 12→2, s1:12→1 / s2:3→1 / s3:2→1, 9→1, 12→1, s1:12→1 / s2:3→1 / s3:2→1, 9→1, 12→2, s1:12→1 / s2:3→1 / s3:2→1, 9→1, 12→3, s1:12→1 / s2:3→1 / s3:2→2, 12→3, s1:12→1 / s2:3→1 / s3:2→3, 12→1, s1:12→1 / s2:3→1 / s3:2→3, 9→1, s1:12→1 / s2:3→1 / s3:2→4, 12→1, s1:12→1 / s2:3→1 / s3:2→4, 9→1, s1:12→1 / s3:2→1, 12→1, s1:12→1 / s3:2→1, 12→2, s1:12→1 / s3:2→1, 3→1, 12→1, s1:12→1 / s3:2→1, 3→1, 12→2, s1:12→1 / s3:2→1, 3→1, 12→3, s1:12→1 / s3:2→1, 3→1, 9→1, s1:12→1 / s3:2→1, 3→2, 12→1, s1:12→1 / s3:2→1, 3→2, 9→1, s1:12→1 / s3:2→1, 3→3, 12→1, s1:12→1 / s3:2→1, 3→3, 9→1, s1:12→1 / s3:2→1, 9→1, s1:12→1 / s3:2→1, 9→1, 12→1, s1:12→1 / s3:2→1, 9→1, 12→2, s1:12→1 / s3:2→1, 9→1, 12→3, s1:12→1 / s3:3→1, 12→1, s1:12→1 / s3:3→1, 9→1, s1:12→1 / s3:3→1, 9→1, 12→1, s1:12→1 / s3:3→2, 12→1, s1:12→1 / s3:3→2, 12→2, s1:12→1 / s3:3→2, 9→1, s1:12→1 / s3:3→2, 9→1, 12→1, s1:12→1 / s3:3→2, 9→1, 12→2, s1:12→1 / s3:3→3, 12→1, s1:12→1 / s3:3→3, 12→2, s1:12→1 / s3:3→3, 9→1, s1:12→1 / s3:3→4, 9→1, s1:3→1 / s2:2→1, 12→3}"	"{s3:11→1, s3:11→1, s3:11→1, s3:11→1, s3:11→1, s3:11→1, s3:11→1, s3:11→1, s3:11→1, s3:11→1, s3:11→1, s2:1→1 / s3:13→1, s2:1→1 / s3:13→1, s2:1→1 / s3:13→1, s2:1→1 / s3:13→1, s2:1→1 / s3:13→1, s2:1→1 / s3:13→1, s2:1→1 / s3:13→1, s2:1→1 / s3:13→1, s2:1→1 / s3:13→1, s2:1→1 / s3:13→1, s2:1→1 / s3:13→1, s2:1→1 / s3:13→1, s2:1→1 / s3:13→1, s2:1→1 / s3:13→1, s2:1→1 / s3:13→1, s2:1→1 / s3:13→1, s2:1→1 / s3:13→1, s2:1→1 / s3:13→1, s2:1→1 / s3:13→1, s2:1→1 / s3:13→1, s2:1→1 / s3:13→1, s2:1→1 / s3:13→1, s2:1→1 / s3:13→1, s2:1→1 / s3:13→1, s2:1→1 / s3:13→1, s2:1→1 / s3:13→1, s3:11→1}"
12	130	17	158	1	2	0	0	0	0	0	0	"{s1:12→1 / s2:3→1 / s3:2→1, s1:12→1 / s2:3→1 / s3:2→1, 12→2, s1:12→1 / s2:3→1 / s3:2→1, 9→1, 12→2, s1:12→1 / s2:3→1 / s3:2→1, 9→1, 12→3, s1:12→1 / s2:3→1 / s3:2→2, 12→1, s1:12→1 / s2:3→1 / s3:2→2, 12→3, s1:12→1 / s2:3→1 / s3:2→2, 9→1, s1:12→1 / s2:3→1 / s3:2→3, 12→1, s1:12→1 / s2:3→1 / s3:2→3, 12→2, s1:12→1 / s2:3→1 / s3:2→3, 9→1}"	"{s3:13→1, s3:13→1, s3:13→1, s3:13→1, s3:13→1, s3:13→1, s3:13→1, s3:13→1, s3:13→1, s3:13→1}"
12	130	17	164	2	1	0	0	0	0	0	0	"{s1:12→1 / s2:2→1, 3→1 / s3:2→1, 3→1, s1:12→1 / s2:2→1 / s3:2→1, s1:12→1 / s2:2→1 / s3:2→1, 3→1, s1:12→1 / s2:2→1 / s3:2→1, 3→2, s1:12→1 / s2:3→1, 12→1 / s3:3→1, s1:12→1 / s2:3→1 / s3:2→1, 3→1, s1:12→1 / s2:3→1 / s3:2→1, 3→1, 9→1, 12→2, s1:12→1 / s2:3→1 / s3:2→1, 9→1, s1:12→1 / s2:3→1 / s3:2→1, 9→1, 12→1, s1:12→1 / s2:3→1 / s3:2→2, 9→1, s1:12→1 / s2:3→1 / s3:2→2, 9→1, 12→2, s1:12→1 / s2:3→1 / s3:2→3, 3→1, 12→1, s1:12→1 / s2:3→1 / s3:2→3, 3→1, 9→1, s1:12→1 / s2:3→1 / s3:2→3, 3→1, 9→1, s1:12→1 / s2:3→1 / s3:3→1, s1:12→1 / s2:3→1 / s3:3→1, 12→1, s1:12→1 / s2:3→1 / s3:3→1, 12→1, s1:12→1 / s2:3→1 / s3:3→1, 9→1, s1:12→1 / s2:3→1 / s3:3→1, 9→1, s1:12→1 / s2:3→1 / s3:3→1, 9→1, s1:12→1 / s2:3→1 / s3:3→1, 9→1, 12→1, s1:12→1 / s2:3→1 / s3:3→1, 9→1, 12→1, s1:12→1 / s3:2→1, 12→1, s1:12→1 / s3:2→1, 12→2, s1:12→1 / s3:2→1, 3→1, 12→2, s1:12→1 / s3:2→1, 3→1, 9→1, 12→1, s1:12→1 / s3:2→1, 3→1, 9→1, 12→2, s1:12→1 / s3:2→1, 3→2, 12→2, s1:12→1 / s3:2→1, 3→2, 9→1, 12→1, s1:12→1 / s3:2→1, 9→1, s1:12→1 / s3:2→1, 9→1, 12→1, s1:12→1 / s3:2→1, 9→1, 12→2, s1:12→1 / s3:2→2, 12→2, s1:12→1 / s3:2→2, 9→1, 12→1, s1:12→1 / s3:2→2, 9→1, 12→2, s1:12→1 / s3:3→1, 12→1, s1:12→1 / s3:3→1, 9→1, s1:12→1 / s3:3→1, 9→1, 12→1, s1:12→1 / s3:3→1, 9→1, 12→2, s1:12→1 / s3:3→2, 12→1, s1:12→1 / s3:3→2, 12→2, s1:12→1 / s3:3→2, 9→1, s1:12→1 / s3:3→2, 9→1, 12→1, s1:12→1 / s3:3→2, 9→1, 12→2, s1:12→1 / s3:3→3, 12→2, s1:12→1 / s3:3→3, 9→1, 12→1}"	"{s2:13→1 / s3:11→1, s2:13→1 / s3:11→1, s2:13→1 / s3:11→1, s2:13→1 / s3:11→1, s2:13→1 / s3:11→1, s2:13→1 / s3:13→1, s2:13→1 / s3:11→1, s2:13→1 / s3:11→1, s2:13→1 / s3:13→1, s2:13→1 / s3:11→1, s2:13→1 / s3:11→1, s2:13→1 / s3:11→1, s2:13→1 / s3:11→1, s2:13→1 / s3:13→1, s2:13→1 / s3:13→1, s2:13→1 / s3:11→1, s2:13→1 / s3:13→1, s2:11→1 / s3:13→1, s2:13→1 / s3:11→1, s2:13→1 / s3:13→1, s2:11→1 / s3:13→1, s2:13→1 / s3:13→1, s2:11→1 / s3:13→1, s2:11→1 / s3:13→1, s2:11→1 / s3:13→1, s2:11→1 / s3:13→1, s2:11→1 / s3:13→1, s2:11→1 / s3:13→1, s2:11→1 / s3:13→1, s2:11→1 / s3:13→1, s2:11→1 / s3:13→1, s2:11→1 / s3:13→1, s2:11→1 / s3:13→1, s2:11→1 / s3:13→1, s2:11→1 / s3:13→1, s2:11→1 / s3:13→1, s2:11→1 / s3:13→1, s2:11→1 / s3:13→1, s2:11→1 / s3:13→1, s2:11→1 / s3:13→1, s2:11→1 / s3:13→1, s2:11→1 / s3:13→1, s2:11→1 / s3:13→1, s2:11→1 / s3:13→1, s2:11→1 / s3:13→1, s2:11→1 / s3:13→1}"
12	130	18	106	0	2	0	1	0	0	0	0	"s1:12→1 / s2:3→1"	"s3:1→1"
12	130	18	107	0	2	0	1	0	0	0	0	"s1:12→1 / s2:3→1 / s3:2→1"	""
12	130	18	131	0	2	1	0	0	0	0	0	"s1:12→1 / s2:3→1 / s3:2→1"	""
12	130	18	136	1	1	1	0	0	0	0	0	"{s1:12→1 / s3:2→1, 3→4, s1:12→1 / s3:3→1, 9→1, s1:12→1 / s3:3→3, s1:12→1 / s3:3→4}"	"{s2:1→1 / s3:11→1, s2:1→1 / s3:11→1, s2:1→1 / s3:11→1, s2:1→1 / s3:11→1}"
12	130	18	137	1	1	1	0	0	0	0	0	"s1:12→1 / s2:3→1 / s3:2→4"	"s3:11→1"
12	130	18	156	1	2	0	0	0	0	0	0	"{s1:12→1 / s3:2→1, 12→4, s1:12→1 / s3:2→1, 3→2, s1:12→1 / s3:3→1, 9→1, 12→2, s1:12→1 / s3:3→1, 9→1, 12→3, s1:12→1 / s3:3→2, 12→3, s1:12→1 / s3:9→1}"	"{s2:1→1 / s3:11→1, s2:1→1 / s3:11→1, s2:1→1 / s3:11→1, s2:1→1 / s3:11→1, s2:1→1 / s3:11→1, s2:1→1 / s3:11→1}"
12	130	18	157	1	2	0	0	0	0	0	0	"{s1:12→1 / s2:12→1 / s3:9→1, s1:12→1 / s2:3→1 / s3:2→1, 12→3, s1:12→1 / s2:3→1 / s3:2→2, s1:12→1 / s2:3→1 / s3:9→1, s1:12→1 / s3:2→1, s1:12→1 / s3:2→1, 12→3, s1:12→1 / s3:2→1, 12→4, s1:12→1 / s3:3→1, 9→1, 12→2, s1:12→1 / s3:3→1, 9→1, 12→3, s1:12→1 / s3:3→2, 12→3, s1:12→1 / s3:3→4, 12→1, s1:12→1 / s3:9→1}"	"{s3:11→1, s3:11→1, s3:11→1, s3:11→1, s2:1→1 / s3:13→1, s2:1→1 / s3:13→1, s2:1→1 / s3:13→1, s2:1→1 / s3:13→1, s2:1→1 / s3:13→1, s2:1→1 / s3:13→1, s2:1→1 / s3:13→1, s2:1→1 / s3:13→1}"
12	130	18	158	1	2	0	0	0	0	0	0	"{s1:12→1 / s2:12→1 / s3:9→1, s1:12→1 / s2:3→1 / s3:2→1, 12→3, s1:12→1 / s2:3→1 / s3:2→4, 12→1, s1:12→1 / s2:3→1 / s3:2→4, 9→1, s1:12→1 / s2:3→1 / s3:9→1}"	"{s3:14→1, s3:13→1, s3:13→1, s3:13→1, s3:13→1}"
12	130	18	164	2	1	0	0	0	0	0	0	"{s1:12→1 / s2:2→1 / s3:2→1, s1:12→1 / s2:2→1 / s3:2→1, 3→1, s1:12→1 / s2:3→1 / s3:2→1, 12→2, s1:12→1 / s2:3→1 / s3:2→1, 9→1, 12→1, s1:12→1 / s2:3→1 / s3:2→1, 9→1, 12→2, s1:12→1 / s2:3→1 / s3:2→1, 9→1, 12→2, s1:12→1 / s2:3→1 / s3:2→3, 3→1, 12→1, s1:12→1 / s2:3→1 / s3:3→1, 9→1, 12→1, s1:12→1 / s3:3→1, 12→2, s1:12→1 / s3:9→1, s1:12→1 / s3:9→1, 12→1, s1:12→1 / s3:9→1, 12→2}"	"{s2:13→1 / s3:13→1, s2:13→1 / s3:13→1, s2:13→1 / s3:13→1, s2:13→1 / s3:11→1, s2:11→1 / s3:13→1, s2:13→1 / s3:13→1, s2:13→1 / s3:13→1, s2:13→1 / s3:11→1, s2:11→1 / s3:13→1, s2:11→1 / s3:13→1, s2:11→1 / s3:13→1, s2:11→1 / s3:13→1}"
12	130	19	136	1	1	1	0	0	0	0	0	"s1:12→1 / s3:9→1"	"s2:1→1 / s3:11→1"
12	130	19	137	1	1	1	0	0	0	0	0	"s1:12→1 / s2:3→1 / s3:9→1"	"s3:11→1"
12	130	19	150	0	3	0	0	0	0	0	0	"s1:12→1 / s2:3→1, 12→2"	"s3:1→1"
12	130	19	156	1	2	0	0	0	0	0	0	"{s1:12→1 / s3:3→1, 12→2, s1:12→1 / s3:3→3, s1:12→1 / s3:9→1, 12→1, s1:3→1, 12→3}"	"{s2:1→1 / s3:11→1, s2:1→1 / s3:11→1, s2:1→1 / s3:11→1, s2:1→1 / s3:11→1}"
12	130	19	157	1	2	0	0	0	0	0	0	"{s1:12→1 / s2:12→1, s1:12→1 / s2:12→1 / s3:3→1, s1:12→1 / s2:3→1 / s3:2→1, 12→4, s1:12→1 / s2:3→1 / s3:9→1, 12→1, s1:12→1 / s3:2→1, 3→1, s1:12→1 / s3:9→1, 12→1}"	"{s3:11→1, s3:11→1, s3:11→1, s3:11→1, s2:1→1 / s3:13→1, s2:1→1 / s3:13→1}"
12	130	19	158	1	2	0	0	0	0	0	0	"s1:12→1 / s2:3→1 / s3:9→1, 12→1"	"s3:13→1"
12	130	19	164	2	1	0	0	0	0	0	0	"{s1:12→1 / s2:12→1, s1:12→1 / s2:2→1, 3→1 / s3:2→1, 3→1, s1:12→1 / s2:3→1 / s3:3→1, 12→2, s1:12→1 / s2:3→1 / s3:3→1, 9→1, 12→2, s1:12→1 / s2:3→1 / s3:3→1, 9→1, 12→2}"	"{s2:13→1 / s3:11→1, s2:13→1 / s3:13→1, s2:13→1 / s3:13→1, s2:11→1 / s3:13→1, s2:13→1 / s3:13→1}"
12	130	20	150	0	3	0	0	0	0	0	0	"s1:12→1 / s2:12→1"	"s3:1→1"
12	130	20	151	0	3	0	0	0	0	0	0	"s1:12→1 / s2:12→1 / s3:3→1"	""
12	130	20	156	1	2	0	0	0	0	0	0	"s1:12→1 / s3:2→1, 3→3"	"s2:1→1 / s3:11→1"
12	130	20	157	1	2	0	0	0	0	0	0	"{s1:12→1 / s3:3→1, 12→2, s1:12→1 / s3:3→2}"	"{s2:1→1 / s3:13→1, s2:1→1 / s3:13→1}"
12	130	20	158	1	2	0	0	0	0	0	0	"s1:12→1 / s2:3→1 / s3:2→1, 12→4"	"s3:13→1"
12	130	21	156	1	2	0	0	0	0	0	0	"{s1:12→1 / s3:9→1, 12→2, s1:3→1, 12→2 / s3:12→1}"	"{s2:1→1 / s3:11→1, s2:1→1 / s3:11→1}"
12	130	21	157	1	2	0	0	0	0	0	0	"{s1:12→1 / s2:12→1 / s3:3→1, 9→1, s1:12→1 / s2:3→1 / s3:9→1, 12→2, s1:12→1 / s3:9→1, 12→2}"	"{s3:11→1, s3:11→1, s2:1→1 / s3:13→1}"
12	130	21	158	1	2	0	0	0	0	0	0	"{s1:12→1 / s2:12→1 / s3:3→1, s1:12→1 / s2:3→1 / s3:9→1, 12→2}"	"{s3:14→1, s3:13→1}"
12	130	22	157	1	2	0	0	0	0	0	0	"s1:12→1 / s2:3→1 / s3:2→3"	"s3:11→1"
12	130	23	151	0	3	0	0	0	0	0	0	"s1:12→1 / s2:3→1 / s3:2→1"	""
12	130	23	156	1	2	0	0	0	0	0	0	"{s1:12→1 / s3:2→1, 3→4, s1:12→1 / s3:3→1, 12→3}"	"{s2:1→1 / s3:11→1, s2:1→1 / s3:11→1}"
12	130	23	157	1	2	0	0	0	0	0	0	"{s1:12→1 / s3:2→1, 3→2, s1:3→1 / s2:2→1}"	"{s2:1→1 / s3:13→1, s3:11→1}"
12	130	23	158	1	2	0	0	0	0	0	0	"s1:12→1 / s2:12→1 / s3:3→1, 9→1"	"s3:14→1"
12	130	24	156	1	2	0	0	0	0	0	0	"s1:12→1 / s3:9→1, 12→3"	"s2:1→1 / s3:11→1"
12	130	24	157	1	2	0	0	0	0	0	0	"s1:12→1 / s2:3→1 / s3:9→1, 12→3"	"s3:11→1"
12	130	24	164	2	1	0	0	0	0	0	0	"s1:12→1 / s2:3→1 / s3:3→1, 9→1, 12→2"	"s2:13→1 / s3:11→1"
12	130	27	157	1	2	0	0	0	0	0	0	"s1:12→1 / s3:9→1, 12→3"	"s2:1→1 / s3:13→1"
12	130	27	158	1	2	0	0	0	0	0	0	"s1:12→1 / s2:3→1 / s3:9→1, 12→3"	"s3:13→1"
12	130	29	157	1	2	0	0	0	0	0	0	"s1:12→1 / s3:3→1, 12→3"	"s2:1→1 / s3:13→1"
12	130	31	156	1	2	0	0	0	0	0	0	"{s1:12→1 / s3:3→4, s1:12→1 / s3:9→1, 12→4}"	"{s2:1→1 / s3:11→1, s2:1→1 / s3:11→1}"
12	130	32	157	1	2	0	0	0	0	0	0	"s1:12→1 / s2:3→1 / s3:9→1, 12→4"	"s3:11→1"
12	130	34	156	1	2	0	0	0	0	0	0	"s1:12→1 / s3:3→1, 12→4"	"s2:1→1 / s3:11→1"
12	131	16	150	1	2	0	0	0	0	0	0	"s1:3→1"	"s2:1→1 / s3:12→1"
12	131	16	156	2	1	0	0	0	0	0	0	"{s2:3→1 / s3:2→1, 11→1, s2:3→1 / s3:2→1, 3→1, 11→1, s2:3→1 / s3:2→1, 3→1, 11→2, s3:2→1, 3→1, 11→1, s3:2→1, 3→2, 11→1, s3:2→1, 3→2, 11→2, s3:2→1, 3→3, 11→1, s3:3→1}"	"{s1:1→1 / s2:12→1 / s3:12→1, s1:1→1 / s2:12→1 / s3:12→1, s1:1→1 / s2:12→1 / s3:12→1, s1:1→1 / s2:12→1 / s3:12→1, s1:1→1 / s2:12→1 / s3:12→1, s1:1→1 / s2:12→1 / s3:12→1, s1:1→1 / s2:12→1 / s3:12→1, s1:1→1 / s2:12→1 / s3:12→1, s1:1→1 / s2:12→1 / s3:12→1}"
12	131	16	157	2	1	0	0	0	0	0	0	"{s1:2→1, 11→1 / s3:3→1, s1:3→1, s1:3→1 / s2:2→1, 11→1 / s3:2→1, 11→1, s1:3→1 / s3:2→1, s1:3→1 / s3:2→1, 11→1, s1:3→1 / s3:2→2, 11→1, s1:3→1 / s3:2→2, 11→2, s1:3→1 / s3:2→3, 11→1, s1:3→1 / s3:2→3, 11→2}"	"{s2:12→1 / s3:12→1, s2:12→1 / s3:12→1, s2:12→1 / s3:12→1, s2:12→1 / s3:12→1, s2:12→1 / s3:12→1, s2:12→1 / s3:12→1, s2:12→1 / s3:12→1, s2:12→1 / s3:12→1, s2:12→1 / s3:12→1}"
12	131	17	150	1	2	0	0	0	0	0	0	"{s1:3→1, 11→1, s1:3→1, 11→1 / s3:2→1, 11→1, s1:3→1 / s2:11→1, s1:3→1 / s3:2→1, s1:3→1 / s3:2→1, 11→1, s1:3→1 / s3:2→1, 11→2}"	"{s2:1→1 / s3:12→1, s2:1→1 / s3:12→1, s2:1→1 / s3:12→1, s2:1→1 / s3:12→1, s2:1→1 / s3:12→1, s2:1→1 / s3:12→1}"
12	131	17	151	1	2	0	0	0	0	0	0	"{s1:3→1 / s2:2→1, 11→1, s1:3→1 / s2:2→1, 11→2}"	"{s3:12→1, s3:12→1}"
12	131	17	156	2	1	0	0	0	0	0	0	"{s2:3→1, 11→1 / s3:2→1, 11→2, s2:3→1, 11→1 / s3:2→1, 3→1, 11→2, s2:3→1, 11→1 / s3:3→1, 11→1, s2:3→1, 11→1 / s3:3→1, 11→2, s2:3→1 / s3:2→1, s2:3→1 / s3:2→1, 11→2, s2:3→1 / s3:2→1, 3→1, s2:3→1 / s3:2→1, 3→1, 11→3, s2:3→1 / s3:3→1, s2:3→1 / s3:3→1, 11→1, s3:2→1, s3:2→1, 11→1, s3:2→1, 11→2, s3:2→1, 11→3, s3:2→1, 11→4, s3:2→1, 3→1, s3:2→1, 3→1, 11→2, s3:2→1, 3→1, 11→3, s3:3→1, 11→1, s3:3→2, s3:3→2, 11→1, s3:3→2, 11→2, s3:3→2, 11→3, s3:3→3, 11→1, s3:3→3, 11→2, s3:3→4, 11→1}"	"{s1:1→1 / s2:12→1 / s3:12→1, s1:1→1 / s2:12→1 / s3:12→1, s1:1→1 / s2:12→1 / s3:12→1, s1:1→1 / s2:12→1 / s3:12→1, s1:1→1 / s2:12→1 / s3:12→1, s1:1→1 / s2:12→1 / s3:12→1, s1:1→1 / s2:12→1 / s3:12→1, s1:1→1 / s2:12→1 / s3:12→1, s1:1→1 / s2:12→1 / s3:12→1, s1:1→1 / s2:12→1 / s3:12→1, s1:1→1 / s2:12→1 / s3:12→1, s1:1→1 / s2:12→1 / s3:12→1, s1:1→1 / s2:12→1 / s3:12→1, s1:1→1 / s2:12→1 / s3:12→1, s1:1→1 / s2:12→1 / s3:12→1, s1:1→1 / s2:12→1 / s3:12→1, s1:1→1 / s2:12→1 / s3:12→1, s1:1→1 / s2:12→1 / s3:12→1, s1:1→1 / s2:12→1 / s3:12→1, s1:1→1 / s2:12→1 / s3:12→1, s1:1→1 / s2:12→1 / s3:12→1, s1:1→1 / s2:12→1 / s3:12→1, s1:1→1 / s2:12→1 / s3:12→1, s1:1→1 / s2:12→1 / s3:12→1, s1:1→1 / s2:12→1 / s3:12→1, s1:1→1 / s2:12→1 / s3:12→1}"
12	131	17	157	2	1	0	0	0	0	0	0	"{s1:2→1, 11→1, s1:2→1, 3→1, 11→1, s1:3→1, 11→1, s1:3→1 / s2:2→1, 11→1 / s3:2→1, 11→2, s1:3→1 / s2:2→1 / s3:2→1, s1:3→1 / s3:2→1, 11→2, s1:3→1 / s3:2→1, 11→3, s1:3→1 / s3:2→1, 11→4, s1:3→1 / s3:2→2, 11→3, s1:3→1 / s3:2→4, 11→1}"	"{s2:12→1 / s3:12→1, s2:12→1 / s3:12→1, s2:12→1 / s3:12→1, s2:12→1 / s3:12→1, s2:12→1 / s3:12→1, s2:12→1 / s3:12→1, s2:12→1 / s3:12→1, s2:12→1 / s3:12→1, s2:12→1 / s3:12→1, s2:12→1 / s3:12→1}"
12	131	18	143	0	3	0	0	0	0	0	0	"s1:11→1 / s2:3→1, 11→1"	"s3:1→1"
12	131	18	150	1	2	0	0	0	0	0	0	"{s1:11→1 / s3:3→1, 11→1, s1:11→1 / s3:3→1, 11→1, s1:3→1, 11→2}"	"{s2:1→1 / s3:12→1, s2:1→1 / s3:13→1, s2:1→1 / s3:12→1}"
12	131	18	156	2	1	0	0	0	0	0	0	"{s3:2→1, 3→2, s3:3→1, 11→2, s3:3→1, 11→3, s3:3→1, 11→4}"	"{s1:1→1 / s2:12→1 / s3:12→1, s1:1→1 / s2:12→1 / s3:12→1, s1:1→1 / s2:12→1 / s3:12→1, s1:1→1 / s2:12→1 / s3:12→1}"
12	131	18	157	2	1	0	0	0	0	0	0	"{s1:11→1, s1:3→1 / s3:2→2}"	"{s2:12→1 / s3:12→1, s2:12→1 / s3:12→1}"
12	131	19	150	1	2	0	0	0	0	0	0	"s1:11→1"	"s2:1→1 / s3:12→1"
12	131	19	151	1	2	0	0	0	0	0	0	"s1:11→1 / s2:3→1"	"s3:12→1"
12	131	19	156	2	1	0	0	0	0	0	0	"s3:3→3"	"s1:1→1 / s2:12→1 / s3:12→1"
12	131	20	143	0	3	0	0	0	0	0	0	"s1:11→1 / s2:11→1"	"s3:1→1"
12	131	20	144	0	3	0	0	0	0	0	0	"s1:11→1 / s2:11→1 / s3:3→1"	""
12	131	20	150	1	2	0	0	0	0	0	0	"{s1:11→1 / s3:11→1, s1:11→1 / s3:11→1}"	"{s2:1→1 / s3:12→1, s2:1→1 / s3:13→1}"
12	131	20	151	1	2	0	0	0	0	0	0	"{s1:11→1 / s2:3→1 / s3:11→1, s1:11→1 / s2:3→1 / s3:11→1}"	"{s3:12→1, s3:13→1}"
12	131	20	156	2	1	0	0	0	0	0	0	"{s2:11→1 / s3:3→1, 11→2, s3:11→1, s3:2→1, 3→3}"	"{s1:1→1 / s2:12→1 / s3:12→1, s1:1→1 / s2:12→1 / s3:12→1, s1:1→1 / s2:12→1 / s3:12→1}"
12	131	20	157	2	1	0	0	0	0	0	0	"s1:3→1 / s3:11→1"	"s2:12→1 / s3:12→1"
12	131	21	150	1	2	0	0	0	0	0	0	"s1:11→2"	"s2:1→1 / s3:12→1"
12	131	21	151	1	2	0	0	0	0	0	0	"s1:11→2 / s2:3→1"	"s3:12→1"
12	131	21	156	2	1	0	0	0	0	0	0	"{s2:11→1 / s3:11→1, s2:11→1 / s3:11→2, s3:11→2, s3:11→3, s3:11→4, s3:11→5}"	"{s1:1→1 / s2:12→1 / s3:12→1, s1:1→1 / s2:12→1 / s3:12→1, s1:1→1 / s2:12→1 / s3:12→1, s1:1→1 / s2:12→1 / s3:12→1, s1:1→1 / s2:12→1 / s3:12→1, s1:1→1 / s2:12→1 / s3:12→1}"
12	131	21	157	2	1	0	0	0	0	0	0	"{s1:3→1 / s2:11→1 / s3:11→1, s1:3→1 / s2:11→1 / s3:11→2, s1:3→1 / s3:11→2, s1:3→1 / s3:11→3, s1:3→1 / s3:11→4, s1:3→1 / s3:11→5}"	"{s2:12→1 / s3:12→1, s2:12→1 / s3:12→1, s2:12→1 / s3:12→1, s2:12→1 / s3:12→1, s2:12→1 / s3:12→1, s2:12→1 / s3:12→1}"
12	131	22	151	1	2	0	0	0	0	0	0	"{s1:11→1 / s2:3→1 / s3:2→1, 11→1, s1:11→1 / s2:3→1 / s3:2→1, 11→1}"	"{s3:12→1, s3:13→1}"
12	131	22	157	2	1	0	0	0	0	0	0	"{s1:11→1 / s3:3→1, s1:3→1 / s3:2→3}"	"{s2:12→1 / s3:12→1, s2:12→1 / s3:12→1}"
12	131	23	151	1	2	0	0	0	0	0	0	"s1:3→1 / s2:2→1"	"s3:12→1"
12	131	23	156	2	1	0	0	0	0	0	0	"s3:2→1, 3→4"	"s1:1→1 / s2:12→1 / s3:12→1"
12	131	30	156	2	1	0	0	0	0	0	0	"s3:3→4"	"s1:1→1 / s2:12→1 / s3:12→1"
12	131	38	150	1	2	0	0	0	0	0	0	"{s1:11→1 / s3:3→2, 11→1, s1:11→1 / s3:3→2, 11→1}"	"{s2:1→1 / s3:12→1, s2:1→1 / s3:13→1}"
12	135	16	156	2	1	0	0	0	0	0	0	"{s1:12→1 / s2:3→1, 12→1 / s3:4→1, 12→1, s1:12→1 / s2:3→1, 4→1, 12→1 / s3:4→1, 12→1, s1:12→1 / s2:3→1, 4→1, 12→2, s1:12→1 / s2:3→1, 4→1, 12→2 / s3:4→1, 12→1, s1:12→1 / s2:3→1, 4→1, 12→3 / s3:4→1, 12→1, s1:12→1 / s2:3→1, 4→2, 12→2, s1:12→1 / s2:4→1, s1:12→1 / s2:4→1 / s3:3→1, 12→1, s1:12→1 / s2:4→1 / s3:3→1, 4→1, 12→1, s1:12→1 / s2:4→1 / s3:3→1, 4→1, 12→2, s1:12→1 / s2:4→1 / s3:3→1, 4→1, 12→2, s1:12→1 / s2:4→1 / s3:3→1, 4→1, 12→3, s1:12→1 / s2:4→1 / s3:4→1, 12→1, s1:12→1 / s2:4→2, 12→1, s1:12→1 / s2:4→3, 12→2}"	"{s2:13→1 / s3:1→1, s2:13→1 / s3:1→1, s2:13→1 / s3:1→1, s2:13→1 / s3:1→1, s2:13→1 / s3:1→1, s2:13→1 / s3:1→1, s2:13→1 / s3:1→1, s2:13→1 / s3:13→1, s2:13→1 / s3:13→1, s2:13→1 / s3:13→1, s2:13→1 / s3:1→1, s2:13→1 / s3:1→1, s2:13→1 / s3:1→1, s2:13→1 / s3:1→1, s2:13→1 / s3:1→1}"
12	135	17	129	1	1	1	0	0	0	0	0	"{s1:12→1 / s2:4→1, s1:12→1 / s2:4→1 / s3:3→1, 12→1, s1:12→1 / s2:4→1 / s3:3→1, 12→2}"	"{s3:1→1, s3:1→1, s3:1→1}"
12	135	17	149	1	2	0	0	0	0	0	0	"{s1:12→1 / s2:4→1, s1:12→1 / s2:4→1, 12→1, s1:12→1 / s2:4→1, 12→1 / s3:12→1, s1:12→1 / s2:4→1, 12→1 / s3:3→1, 12→2, s1:12→1 / s2:4→1, 12→1 / s3:3→1, 12→3, s1:12→1 / s2:4→1, 12→1 / s3:3→1, 12→4, s1:12→1 / s2:4→1 / s3:3→1, 12→1, s1:12→1 / s2:4→1 / s3:3→1, 12→2, s1:12→1 / s2:4→1 / s3:3→1, 12→3}"	"{s3:1→1, s3:1→1, s3:1→1, s3:1→1, s3:1→1, s3:1→1, s3:1→1, s3:1→1, s3:1→1}"
12	135	17	150	1	2	0	0	0	0	0	0	"{s1:12→1 / s2:4→1, 12→1 / s3:3→1, 12→1, s1:12→1 / s2:4→1 / s3:3→1, s1:12→1 / s2:4→1 / s3:3→1, 12→1, s1:12→1 / s2:4→1 / s3:3→1, 12→2}"	"{s3:13→1, s3:13→1, s3:13→1, s3:13→1}"
12	135	17	156	2	1	0	0	0	0	0	0	"{s1:12→1 / s2:3→1, s1:12→1 / s2:3→1, 12→1, s1:12→1 / s2:3→1, 12→2, s1:12→1 / s2:3→1, 12→2 / s3:12→1, s1:12→1 / s2:3→1, 12→2 / s3:4→1, 12→1, s1:12→1 / s2:3→1, 12→2 / s3:4→1, 12→2, s1:12→1 / s2:3→1, 12→3, s1:12→1 / s2:3→1, 12→3 / s3:12→1, s1:12→1 / s2:3→1, 12→4, s1:12→1 / s2:3→1, 12→4 / s3:12→1, s1:12→1 / s2:3→1, 4→1, s1:12→1 / s2:3→1, 4→1, 12→1, s1:12→1 / s2:3→1, 4→1, 12→2 / s3:12→1, s1:12→1 / s2:3→1, 4→1, 12→3, s1:12→1 / s2:3→1, 4→1, 12→3 / s3:12→1, s1:12→1 / s2:3→1, 4→2, s1:12→1 / s2:3→1, 4→2, 12→1, s1:12→1 / s2:3→1, 4→3, 12→1, s1:12→1 / s2:3→1 / s3:4→1, s1:12→1 / s2:4→1, 12→1, s1:12→1 / s2:4→1, 12→1 / s3:12→1, s1:12→1 / s2:4→1, 12→1 / s3:3→1, 12→2, s1:12→1 / s2:4→1, 12→1 / s3:3→1, 12→3, s1:12→1 / s2:4→1, 12→1 / s3:3→1, 12→4, s1:12→1 / s2:4→1, 12→1 / s3:3→1, 4→1, 12→2, s1:12→1 / s2:4→1, 12→1 / s3:3→1, 4→1, 12→3, s1:12→1 / s2:4→1, 12→1 / s3:4→1, 12→1, s1:12→1 / s2:4→1, 12→1 / s3:4→1, 12→1, s1:12→1 / s2:4→1, 12→1 / s3:4→1, 12→2, s1:12→1 / s2:4→1, 12→1 / s3:4→1, 12→2, s1:12→1 / s2:4→1, 12→1 / s3:4→1, 12→3, s1:12→1 / s2:4→1, 12→2 / s3:12→1, s1:12→1 / s2:4→1, 12→2 / s3:4→1, 12→2, s1:12→1 / s2:4→1 / s3:3→1, s1:12→1 / s2:4→1 / s3:3→1, 12→1, s1:12→1 / s2:4→1 / s3:3→1, 12→2, s1:12→1 / s2:4→1 / s3:3→1, 12→2, s1:12→1 / s2:4→1 / s3:3→1, 4→1, s1:12→1 / s2:4→1 / s3:3→1, 4→1, 12→1, s1:12→1 / s2:4→1 / s3:3→1, 4→1, 12→3, s1:12→1 / s2:4→1 / s3:4→1, s1:12→1 / s2:4→1 / s3:4→1, s1:12→1 / s2:4→1 / s3:4→1, 12→1, s1:12→1 / s2:4→1 / s3:4→1, 12→2, s1:12→1 / s2:4→2, s1:12→1 / s2:4→2, 12→2, s1:12→1 / s2:4→2, 12→2 / s3:12→1, s1:12→1 / s2:4→2, 12→3, s1:12→1 / s2:4→2, 12→3 / s3:12→1, s1:12→1 / s2:4→3, 12→1, s1:12→1 / s2:4→4, 12→1}"	"{s2:13→1 / s3:1→1, s2:13→1 / s3:1→1, s2:13→1 / s3:1→1, s2:13→1 / s3:1→1, s2:13→1 / s3:1→1, s2:13→1 / s3:1→1, s2:13→1 / s3:1→1, s2:13→1 / s3:1→1, s2:13→1 / s3:1→1, s2:13→1 / s3:1→1, s2:13→1 / s3:1→1, s2:13→1 / s3:1→1, s2:13→1 / s3:1→1, s2:13→1 / s3:1→1, s2:13→1 / s3:1→1, s2:13→1 / s3:1→1, s2:13→1 / s3:1→1, s2:13→1 / s3:1→1, s2:13→1 / s3:1→1, s2:13→1 / s3:1→1, s2:13→1 / s3:1→1, s2:13→1 / s3:13→1, s2:13→1 / s3:1→1, s2:13→1 / s3:1→1, s2:13→1 / s3:13→1, s2:13→1 / s3:1→1, s2:13→1 / s3:13→1, s2:13→1 / s3:1→1, s2:13→1 / s3:13→1, s2:13→1 / s3:1→1, s2:13→1 / s3:1→1, s2:13→1 / s3:1→1, s2:13→1 / s3:1→1, s2:13→1 / s3:13→1, s2:13→1 / s3:1→1, s2:13→1 / s3:13→1, s2:13→1 / s3:1→1, s2:13→1 / s3:13→1, s2:13→1 / s3:1→1, s2:13→1 / s3:13→1, s2:13→1 / s3:13→1, s2:13→1 / s3:1→1, s2:13→1 / s3:13→1, s2:13→1 / s3:1→1, s2:13→1 / s3:1→1, s2:13→1 / s3:1→1, s2:13→1 / s3:1→1, s2:13→1 / s3:1→1, s2:13→1 / s3:1→1, s2:13→1 / s3:1→1, s2:13→1 / s3:1→1}"
12	135	18	105	1	1	0	1	0	0	0	0	"{s1:12→1 / s2:4→1, s1:12→1 / s2:4→1 / s3:3→1}"	"{s3:1→1, s3:1→1}"
12	135	18	129	1	1	1	0	0	0	0	0	"{s1:12→1 / s2:4→1, 12→1, s1:12→1 / s2:4→1 / s3:3→1, s1:12→1 / s2:4→1 / s3:3→1, 12→3}"	"{s3:1→1, s3:1→1, s3:1→1}"
12	135	18	143	0	3	0	0	0	0	0	0	"s1:12→1 / s2:12→1 / s3:4→1, 12→1"	""
12	135	18	149	1	2	0	0	0	0	0	0	"{s1:12→1 / s2:12→1 / s3:3→1, 12→4, s1:12→1 / s2:12→1 / s3:4→1, 12→2, s1:12→1 / s2:4→1, 12→2}"	"{s3:1→1, s3:1→1, s3:1→1}"
12	135	18	150	1	2	0	0	0	0	0	0	"s1:12→1 / s2:12→1 / s3:4→1, 12→1"	"s3:14→1"
12	135	18	156	2	1	0	0	0	0	0	0	"{s1:12→1 / s2:3→1, 4→1 / s3:4→1, s1:12→1 / s2:3→1, 4→3, s1:12→1 / s2:3→1, 4→4, s1:12→1 / s2:4→1, 12→1 / s3:4→1, 12→4, s1:12→1 / s2:4→1, 12→2, s1:12→1 / s2:4→1, 12→2 / s3:12→2, s1:12→1 / s2:4→1, 12→3 / s3:12→1, s1:12→1 / s2:4→1, 12→4 / s3:12→1, s1:12→1 / s2:4→3, s1:12→1 / s2:4→4}"	"{s2:13→1 / s3:1→1, s2:13→1 / s3:1→1, s2:13→1 / s3:1→1, s2:13→1 / s3:1→1, s2:13→1 / s3:1→1, s2:13→1 / s3:1→1, s2:13→1 / s3:1→1, s2:13→1 / s3:1→1, s2:13→1 / s3:1→1, s2:13→1 / s3:1→1}"
12	135	19	79	1	1	0	0	1	0	0	0	"{s1:12→1 / s2:4→1, s1:12→1 / s2:4→1 / s3:3→1}"	"{s3:1→1, s3:1→1}"
12	135	19	149	1	2	0	0	0	0	0	0	"{s1:12→1 / s2:12→1 / s3:12→1, s1:12→1 / s2:12→1 / s3:12→2, s1:12→1 / s2:12→1 / s3:3→1, 12→3, s1:12→1 / s2:12→1 / s3:4→1, 12→3, s1:12→1 / s2:12→1 / s3:4→1, 12→4, s1:12→1 / s2:12→1 / s3:4→2, 12→3, s1:12→1 / s2:4→1, 12→3, s1:12→1 / s2:4→1 / s3:3→1}"	"{s3:1→1, s3:1→1, s3:1→1, s3:1→1, s3:1→1, s3:1→1, s3:1→1, s3:1→1}"
12	135	19	156	2	1	0	0	0	0	0	0	"s1:12→1 / s2:12→1 / s3:12→2"	"s2:13→1 / s3:1→1"
12	135	20	143	0	3	0	0	0	0	0	0	"s1:12→1 / s2:12→1 / s3:12→1"	""
12	135	20	149	1	2	0	0	0	0	0	0	"{s1:12→1 / s2:12→1, s1:12→1 / s2:12→1 / s3:12→3, s1:12→1 / s2:12→1 / s3:12→4, s1:12→1 / s2:12→1 / s3:3→1, 4→1, 12→3, s1:12→1 / s2:12→1 / s3:4→1, 12→1, s1:12→1 / s2:12→1 / s3:4→2, 12→2}"	"{s3:1→1, s3:1→1, s3:1→1, s3:1→1, s3:1→1, s3:1→1}"
12	135	20	150	1	2	0	0	0	0	0	0	"s1:12→1 / s2:12→1 / s3:12→1"	"s3:14→1"
12	135	20	156	2	1	0	0	0	0	0	0	"{s1:12→1 / s2:12→1 / s3:12→1, s1:12→1 / s2:12→1 / s3:12→3, s1:12→1 / s2:12→1 / s3:12→4, s1:12→1 / s2:12→1 / s3:12→5, s1:12→1 / s2:12→1 / s3:4→1, 12→2, s1:12→1 / s2:12→1 / s3:4→1, 12→4, s1:12→1 / s2:4→1, 12→3}"	"{s2:13→1 / s3:1→1, s2:13→1 / s3:1→1, s2:13→1 / s3:1→1, s2:13→1 / s3:1→1, s2:13→1 / s3:13→1, s2:13→1 / s3:1→1, s2:13→1 / s3:1→1}"
12	135	21	129	1	1	1	0	0	0	0	0	"s1:12→1 / s2:12→1"	"s3:1→1"
12	135	21	149	1	2	0	0	0	0	0	0	"s1:12→1 / s2:4→1, 12→1 / s3:12→2"	"s3:1→1"
12	135	21	156	2	1	0	0	0	0	0	0	"{s1:12→1 / s2:12→1 / s3:12→1, s1:12→1 / s2:12→1 / s3:12→2, s1:12→1 / s2:3→1, 12→1 / s3:12→1}"	"{s2:13→1 / s3:13→1, s2:13→1 / s3:13→1, s2:13→1 / s3:1→1}"
12	135	22	149	1	2	0	0	0	0	0	0	"s1:12→1 / s2:12→1 / s3:3→1, 12→2"	"s3:1→1"
12	135	23	156	2	1	0	0	0	0	0	0	"{s1:12→1 / s2:12→1 / s3:4→1, 12→3, s1:12→1 / s2:12→2 / s3:12→2, s1:12→1 / s2:4→1, 12→4}"	"{s2:13→1 / s3:1→1, s2:13→1 / s3:1→1, s2:13→1 / s3:1→1}"
12	135	38	150	1	2	0	0	0	0	0	0	"s1:12→1 / s2:12→1 / s3:4→2, 12→1"	"s3:14→1"
12	135	93	129	1	1	1	0	0	0	0	0	"s1:12→1 / s2:4→1 / s3:12→1"	"s3:1→1"
12	138	14	212	1	1	0	1	0	0	0	0	"s1:1→1 / s2:12→1 / s3:12→1"	"s3:3→1"
12	138	15	186	1	1	0	0	1	0	0	0	"{s1:12→1 / s2:1→1, s1:12→1 / s2:1→1 / s3:1→2, 12→1, s1:12→1 / s2:1→1 / s3:1→3, 8→1, 12→1, s1:12→1 / s2:1→3, 12→1, s1:1→1 / s2:12→1 / s3:12→1, s1:1→1 / s2:12→1 / s3:1→1, 12→3}"	"{s3:3→1, s3:3→1, s3:3→1, s3:3→1, s3:3→1, s3:3→1}"
12	138	15	187	1	1	0	0	1	0	0	0	"{s1:12→1 / s2:1→1 / s3:1→2, 4→1, 12→1, s1:12→1 / s2:1→1 / s3:1→3, 8→1, 12→1, s1:1→1 / s2:12→1 / s3:1→1, 8→1, 12→2, s1:1→1 / s2:12→1 / s3:4→1, 12→2}"	"{s3:14→1, s3:14→1, s3:14→1, s3:14→1}"
12	138	15	192	1	0	1	1	0	0	0	0	"{s1:12→1 / s2:1→1 / s3:1→1, 12→1, s1:12→1 / s2:1→1 / s3:1→1, 8→1, 12→1, s1:12→1 / s2:1→1 / s3:1→2, 12→2, s1:12→1 / s2:1→1 / s3:1→2, 8→1, 12→1, s1:12→1 / s2:1→1 / s3:1→2, 8→1, 12→2, s1:1→1 / s2:12→1 / s3:12→1, s1:1→1 / s2:12→1 / s3:1→1, 12→2, s1:1→1 / s2:12→1 / s3:1→1, 8→1, 12→2, s1:1→1 / s2:12→1 / s3:1→2, 12→3}"	"{s3:3→1, s3:3→1, s3:3→1, s3:3→1, s3:3→1, s3:3→1, s3:3→1, s3:3→1, s3:3→1}"
12	138	16	159	1	1	0	0	0	1	0	0	"{s1:12→1 / s2:1→1, s1:12→1 / s2:1→1 / s3:1→2, 12→1, s1:12→1 / s2:1→1 / s3:1→2, 8→1, s1:12→1 / s2:1→1 / s3:1→3, 12→1, s1:12→1 / s2:1→1 / s3:1→3, 8→1, 12→1, s1:1→1 / s2:12→1 / s3:12→1, s1:1→1 / s2:12→1 / s3:12→2, s1:1→1 / s2:12→1 / s3:8→1, 12→2, s1:1→1 / s2:12→1 / s3:8→1, 12→3}"	"{s3:3→1, s3:3→1, s3:3→1, s3:3→1, s3:3→1, s3:3→1, s3:3→1, s3:3→1, s3:3→1}"
12	138	16	160	1	1	0	0	0	1	0	0	"{s1:12→1 / s2:1→1 / s3:1→2, 12→1, s1:12→1 / s2:1→1 / s3:1→2, 4→1, 12→1, s1:12→1 / s2:1→1 / s3:1→2, 4→1, 8→1, s1:12→1 / s2:1→1 / s3:1→2, 8→1, s1:12→1 / s2:1→1 / s3:1→3, 4→1, 12→1, s1:12→1 / s2:1→1 / s3:1→3, 8→1, 12→1, s1:1→1 / s2:12→1 / s3:4→1, 12→2, s1:1→1 / s2:12→1 / s3:4→1, 12→3, s1:1→1 / s2:12→1 / s3:4→1, 8→1, 12→3}"	"{s3:14→1, s3:14→1, s3:14→1, s3:14→1, s3:14→1, s3:14→1, s3:14→1, s3:14→1, s3:14→1}"
12	138	16	166	1	0	1	0	1	0	0	0	"{s1:12→1 / s2:1→1, s1:12→1 / s2:1→1 / s3:1→1, 12→1, s1:12→1 / s2:1→1 / s3:1→1, 8→1, s1:12→1 / s2:1→1 / s3:1→1, 8→1, 12→1, s1:12→1 / s2:1→1 / s3:1→2, 12→1, s1:12→1 / s2:1→1 / s3:1→2, 12→2, s1:12→1 / s2:1→1 / s3:1→2, 8→1, 12→1, s1:12→1 / s2:1→1 / s3:1→3, 12→2, s1:1→1 / s2:12→1 / s3:12→1, s1:1→1 / s2:12→1 / s3:1→1, 12→2, s1:1→1 / s2:12→1 / s3:1→1, 12→3, s1:1→1 / s2:12→1 / s3:1→1, 8→1, 12→2, s1:1→1 / s2:12→1 / s3:8→1, 12→1, s1:1→1 / s2:12→1 / s3:8→1, 12→2}"	"{s3:3→1, s3:3→1, s3:3→1, s3:3→1, s3:3→1, s3:3→1, s3:3→1, s3:3→1, s3:3→1, s3:3→1, s3:3→1, s3:3→1, s3:3→1, s3:3→1}"
12	138	16	168	1	0	0	2	0	0	0	0	"{s1:12→1 / s2:1→1 / s3:12→1, s1:12→1 / s2:1→1 / s3:1→1, 12→1, s1:12→1 / s2:1→1 / s3:1→1, 12→2, s1:12→1 / s2:1→1 / s3:1→1, 8→1, 12→1, s1:12→1 / s2:1→1 / s3:1→2, 12→2, s1:12→1 / s2:1→1 / s3:1→2, 12→3}"	"{s3:3→1, s3:3→1, s3:3→1, s3:3→1, s3:3→1, s3:3→1}"
12	138	16	180	0	2	0	0	1	0	0	0	"{s1:12→1 / s2:1→1 / s3:1→2, 12→1, s1:12→1 / s2:1→1 / s3:1→3, 12→1}"	""
12	138	17	131	1	1	0	0	0	0	1	0	"{s1:12→1 / s2:1→1, s1:12→1 / s2:1→1 / s3:1→2, 12→1, s1:12→1 / s2:1→1 / s3:1→2, 8→1, s1:12→1 / s2:1→1 / s3:1→3, 12→1, s1:12→1 / s2:1→1 / s3:1→3, 8→1, s1:12→1 / s2:1→1 / s3:1→3, 8→1, 12→1, s1:12→1 / s2:1→1 / s3:1→4, 12→1, s1:12→1 / s2:1→1 / s3:1→4, 8→1, s1:1→1 / s2:12→1 / s3:12→1, s1:1→1 / s2:12→1 / s3:12→2, s1:1→1 / s2:12→1 / s3:12→3, s1:1→1 / s2:12→1 / s3:8→1, 12→2, s1:1→1 / s2:12→1 / s3:8→1, 12→3, s1:1→1 / s2:12→1 / s3:8→1, 12→4}"	"{s3:3→1, s3:3→1, s3:3→1, s3:3→1, s3:3→1, s3:3→1, s3:3→1, s3:3→1, s3:3→1, s3:3→1, s3:3→1, s3:3→1, s3:3→1, s3:3→1}"
12	138	17	132	1	1	0	0	0	0	1	0	"{s1:12→1 / s2:1→1 / s3:1→2, 12→1, s1:12→1 / s2:1→1 / s3:1→2, 4→1, 12→1, s1:12→1 / s2:1→1 / s3:1→2, 4→1, 8→1, s1:12→1 / s2:1→1 / s3:1→2, 8→1, s1:12→1 / s2:1→1 / s3:1→3, 12→1, s1:12→1 / s2:1→1 / s3:1→3, 4→1, 12→1, s1:12→1 / s2:1→1 / s3:1→3, 4→1, 8→1, s1:12→1 / s2:1→1 / s3:1→3, 8→1, s1:12→1 / s2:1→1 / s3:1→3, 8→1, 12→1, s1:1→1 / s2:12→1 / s3:4→1, 12→2, s1:1→1 / s2:12→1 / s3:4→1, 12→3, s1:1→1 / s2:12→1 / s3:4→1, 12→4, s1:1→1 / s2:12→1 / s3:4→1, 8→1, 12→3, s1:1→1 / s2:12→1 / s3:8→1, 12→1, s1:1→1 / s2:12→1 / s3:8→1, 12→2}"	"{s3:14→1, s3:14→1, s3:14→1, s3:14→1, s3:14→1, s3:14→1, s3:14→1, s3:14→1, s3:14→1, s3:14→1, s3:14→1, s3:14→1, s3:14→1, s3:14→1, s3:14→1}"
12	138	17	139	1	0	1	0	0	1	0	0	"{s1:12→1 / s2:1→1, s1:12→1 / s2:1→1 / s3:1→1, 12→1, s1:12→1 / s2:1→1 / s3:1→1, 8→1, s1:12→1 / s2:1→1 / s3:1→2, 12→1, s1:12→1 / s2:1→1 / s3:1→2, 8→1, s1:12→1 / s2:1→1 / s3:1→3, 12→1, s1:1→1 / s2:12→1 / s3:12→1, s1:1→1 / s2:12→1 / s3:12→2, s1:1→1 / s2:12→1 / s3:8→1, 12→1, s1:1→1 / s2:12→1 / s3:8→1, 12→2}"	"{s3:3→1, s3:3→1, s3:3→1, s3:3→1, s3:3→1, s3:3→1, s3:3→1, s3:3→1, s3:3→1, s3:3→1}"
12	138	17	142	1	0	0	1	1	0	0	0	"{s1:12→1 / s2:1→1, s1:12→1 / s2:1→1 / s3:12→1, s1:12→1 / s2:1→1 / s3:1→1, 12→1, s1:12→1 / s2:1→1 / s3:1→1, 12→2, s1:12→1 / s2:1→1 / s3:1→1, 8→1, s1:12→1 / s2:1→1 / s3:1→2, 12→1, s1:12→1 / s2:1→1 / s3:8→1, s1:1→1 / s2:12→1 / s3:12→1, s1:1→1 / s2:12→1 / s3:1→1, 12→1, s1:1→1 / s2:12→1 / s3:1→1, 12→2, s1:1→1 / s2:12→1 / s3:1→1, 12→3, s1:1→1 / s2:12→1 / s3:8→1, 12→1}"	"{s3:3→1, s3:3→1, s3:3→1, s3:3→1, s3:3→1, s3:3→1, s3:3→1, s3:3→1, s3:3→1, s3:3→1, s3:3→1, s3:3→1}"
12	138	17	159	1	1	0	0	0	1	0	0	"{s1:12→1 / s2:1→1 / s3:1→1, 12→1, s1:12→1 / s2:1→1 / s3:1→1, 8→1, s1:12→1 / s2:1→1 / s3:1→2, 8→1, 12→1, s1:12→1 / s2:1→1 / s3:1→3, 8→1, s1:12→1 / s2:1→1 / s3:1→4, 12→1, s1:12→1 / s2:1→1 / s3:1→4, 8→1, s1:1→1 / s2:12→1 / s3:12→3, s1:1→1 / s2:12→1 / s3:8→1, 12→4}"	"{s3:3→1, s3:3→1, s3:3→1, s3:3→1, s3:3→1, s3:3→1, s3:3→1, s3:3→1}"
12	138	17	160	0	1	1	0	1	0	0	0	"s1:12→1 / s2:1→1 / s3:1→1, 12→1"	""
12	138	17	160	1	1	0	0	0	1	0	0	"{s1:12→1 / s2:1→1 / s3:1→1, 12→1, s1:12→1 / s2:1→1 / s3:1→1, 4→1, s1:12→1 / s2:1→1 / s3:1→1, 4→1, 12→1, s1:12→1 / s2:1→1 / s3:1→1, 4→1, 8→1, s1:12→1 / s2:1→1 / s3:1→1, 8→1, s1:12→1 / s2:1→1 / s3:1→2, 4→1, 8→1, 12→1, s1:12→1 / s2:1→1 / s3:1→2, 8→1, 12→1, s1:12→1 / s2:1→1 / s3:1→3, 12→1, s1:12→1 / s2:1→1 / s3:1→3, 4→1, 8→1, s1:12→1 / s2:1→1 / s3:1→3, 8→1, s1:12→1 / s2:1→1 / s3:1→4, 12→1, s1:12→1 / s2:1→1 / s3:1→4, 8→1, s1:12→1 / s2:1→1 / s3:4→1, s1:1→1 / s2:12→1 / s3:4→1, 12→1, s1:1→1 / s2:12→1 / s3:4→1, 12→4, s1:1→1 / s2:12→1 / s3:4→1, 8→1, 12→2, s1:1→1 / s2:12→1 / s3:8→1, 12→1, s1:1→1 / s2:12→1 / s3:8→1, 12→2}"	"{s3:14→1, s3:14→1, s3:14→1, s3:14→1, s3:14→1, s3:14→1, s3:14→1, s3:14→1, s3:14→1, s3:14→1, s3:14→1, s3:14→1, s3:14→1, s3:14→1, s3:14→1, s3:14→1, s3:14→1, s3:14→1}"
12	138	17	166	1	0	1	0	1	0	0	0	"{s1:12→1 / s2:1→1 / s3:1→1, 12→2, s1:12→1 / s2:1→1 / s3:1→2, 12→3, s1:12→1 / s2:1→1 / s3:1→2, 8→1, s1:12→1 / s2:1→1 / s3:1→3, 12→1, s1:12→1 / s2:1→1 / s3:8→1, s1:1→1 / s2:12→1 / s3:12→2, s1:1→1 / s2:12→1 / s3:1→1, 12→4, s1:1→1 / s2:12→1 / s3:1→1, 8→1, 12→1, s1:1→1 / s2:12→1 / s3:8→1, 12→3}"	"{s3:3→1, s3:3→1, s3:3→1, s3:3→1, s3:3→1, s3:3→1, s3:3→1, s3:3→1, s3:3→1}"
12	138	17	168	1	0	0	2	0	0	0	0	"{s1:12→1 / s2:1→1 / s3:1→1, 12→3, s1:12→1 / s2:1→1 / s3:1→3, 12→2, s1:12→1 / s2:1→1 / s3:8→1, s1:12→1 / s2:1→1 / s3:8→1, 12→1}"	"{s3:3→1, s3:3→1, s3:3→1, s3:3→1}"
12	138	18	111	1	0	1	0	0	0	1	0	"{s1:12→1 / s2:1→1, s1:12→1 / s2:1→1 / s3:1→1, 12→1, s1:12→1 / s2:1→1 / s3:1→1, 8→1, s1:12→1 / s2:1→1 / s3:1→2, 12→1, s1:12→1 / s2:1→1 / s3:1→2, 8→1, s1:12→1 / s2:1→1 / s3:1→3, 12→1, s1:12→1 / s2:1→1 / s3:1→4, 12→1, s1:1→1 / s2:12→1 / s3:12→1, s1:1→1 / s2:12→1 / s3:12→2, s1:1→1 / s2:12→1 / s3:12→3, s1:1→1 / s2:12→1 / s3:8→1, 12→1, s1:1→1 / s2:12→1 / s3:8→1, 12→2}"	"{s3:3→1, s3:3→1, s3:3→1, s3:3→1, s3:3→1, s3:3→1, s3:3→1, s3:3→1, s3:3→1, s3:3→1, s3:3→1, s3:3→1}"
12	138	18	115	1	0	0	1	0	1	0	0	"{s1:12→1 / s2:1→1, s1:12→1 / s2:1→1 / s3:12→1, s1:12→1 / s2:1→1 / s3:8→1, s1:1→1 / s2:12→1 / s3:12→1, s1:1→1 / s2:12→1 / s3:12→2}"	"{s3:3→1, s3:3→1, s3:3→1, s3:3→1, s3:3→1}"
12	138	18	116	1	0	0	0	2	0	0	0	"{s1:12→1 / s2:1→1, s1:12→1 / s2:1→1 / s3:12→1, s1:12→1 / s2:1→1 / s3:1→1, 12→1, s1:12→1 / s2:1→1 / s3:8→1}"	"{s3:3→1, s3:3→1, s3:3→1, s3:3→1}"
12	138	18	125	0	2	0	0	0	0	1	0	"{s1:12→1 / s2:1→1 / s3:1→1, s1:1→1 / s2:12→1 / s3:12→1}"	""
12	138	18	131	1	1	0	0	0	0	1	0	"{s1:12→1 / s2:1→1 / s3:1→1, s1:12→1 / s2:1→1 / s3:1→1, 12→1, s1:12→1 / s2:1→1 / s3:1→1, 8→1, s1:12→1 / s2:1→1 / s3:1→2, 8→1, 12→1, s1:1→1 / s2:12→1 / s3:12→4, s1:1→1 / s2:12→1 / s3:12→5}"	"{s3:3→1, s3:3→1, s3:3→1, s3:3→1, s3:3→1, s3:3→1}"
12	138	18	132	1	1	0	0	0	0	1	0	"{s1:12→1 / s2:1→1 / s3:1→1, 12→1, s1:12→1 / s2:1→1 / s3:1→1, 4→1, s1:12→1 / s2:1→1 / s3:1→1, 4→1, 12→1, s1:12→1 / s2:1→1 / s3:1→1, 4→1, 8→1, s1:12→1 / s2:1→1 / s3:1→1, 8→1, s1:12→1 / s2:1→1 / s3:1→2, 4→1, s1:12→1 / s2:1→1 / s3:1→2, 4→1, 8→1, 12→1, s1:12→1 / s2:1→1 / s3:1→2, 8→1, 12→1, s1:12→1 / s2:1→1 / s3:1→3, 4→1, s1:12→1 / s2:1→1 / s3:1→4, 12→1, s1:12→1 / s2:1→1 / s3:1→4, 8→1, s1:12→1 / s2:1→1 / s3:4→1, s1:1→1 / s2:12→1 / s3:4→1, 12→1, s1:1→1 / s2:12→1 / s3:4→1, 8→1, 12→2, s1:1→1 / s2:12→1 / s3:8→1, 12→3, s1:1→1 / s2:12→1 / s3:8→1, 12→4}"	"{s3:14→1, s3:14→1, s3:14→1, s3:14→1, s3:14→1, s3:14→1, s3:14→1, s3:14→1, s3:14→1, s3:14→1, s3:14→1, s3:14→1, s3:14→1, s3:14→1, s3:14→1, s3:14→1}"
12	138	18	139	1	0	1	0	0	1	0	0	"{s1:12→1 / s2:1→1 / s3:1→4, 12→1, s1:12→1 / s2:1→1 / s3:8→1, s1:1→1 / s2:12→1 / s3:12→3}"	"{s3:3→1, s3:3→1, s3:3→1}"
12	138	18	142	1	0	0	1	1	0	0	0	"{s1:12→1 / s2:1→1 / s3:1→1, 12→3, s1:12→1 / s2:1→1 / s3:1→3, 12→1, s1:12→1 / s2:1→1 / s3:8→1, 12→1, s1:1→1 / s2:12→1 / s3:12→2, s1:1→1 / s2:12→1 / s3:8→1}"	"{s3:3→1, s3:3→1, s3:3→1, s3:3→1, s3:3→1}"
12	138	18	159	1	1	0	0	0	1	0	0	"{s1:12→1 / s2:1→1 / s3:1→1, s1:1→1 / s2:12→1 / s3:12→4, s1:1→1 / s2:12→1 / s3:8→1, 12→1}"	"{s3:3→1, s3:3→1, s3:3→1}"
12	138	18	160	1	1	0	0	0	1	0	0	"{s1:12→1 / s2:1→1 / s3:1→1, 4→1, 8→1, 12→1, s1:12→1 / s2:1→1 / s3:1→2, 4→1, s1:1→1 / s2:12→1 / s3:4→1, 8→1, 12→1, s1:1→1 / s2:12→1 / s3:8→1, s1:1→1 / s2:12→1 / s3:8→1, 12→3, s1:1→1 / s2:12→1 / s3:8→1, 12→4}"	"{s3:14→1, s3:14→1, s3:14→1, s3:14→1, s3:14→1, s3:14→1}"
12	138	18	166	1	0	1	0	1	0	0	0	"{s1:12→1 / s2:1→1 / s3:1→1, 8→1, 12→2, s1:12→1 / s2:1→1 / s3:1→3, 8→1, s1:1→1 / s2:12→1 / s3:1→1, 12→1, s1:1→1 / s2:12→1 / s3:8→1, 12→4}"	"{s3:3→1, s3:3→1, s3:3→1, s3:3→1}"
12	138	18	168	1	0	0	2	0	0	0	0	"{s1:12→1 / s2:1→1 / s3:1→1, 8→1, s1:12→1 / s2:1→1 / s3:1→2, 12→1, s1:12→1 / s2:1→1 / s3:8→1, 12→2}"	"{s3:3→1, s3:3→1, s3:3→1}"
12	138	19	87	1	0	0	1	0	0	1	0	"{s1:12→1 / s2:1→1, s1:12→1 / s2:1→1 / s3:12→1, s1:12→1 / s2:1→1 / s3:8→1, s1:1→1 / s2:12→1 / s3:12→1, s1:1→1 / s2:12→1 / s3:12→2, s1:1→1 / s2:12→1 / s3:12→3}"	"{s3:3→1, s3:3→1, s3:3→1, s3:3→1, s3:3→1, s3:3→1}"
12	138	19	89	1	0	0	0	1	1	0	0	"{s1:12→1 / s2:1→1, s1:12→1 / s2:1→1 / s3:12→1, s1:1→1 / s2:12→1, s1:1→1 / s2:12→1 / s3:12→1}"	"{s3:3→1, s3:3→1, s3:3→1, s3:3→1}"
12	138	19	105	0	1	1	0	0	0	1	0	"{s1:12→1 / s2:1→1 / s3:1→1, s1:1→1 / s2:12→1 / s3:12→1}"	""
12	138	19	111	1	0	1	0	0	0	1	0	"{s1:12→1 / s2:1→1 / s3:1→1, s1:12→1 / s2:1→1 / s3:8→1, s1:1→1 / s2:12→1 / s3:12→4, s1:1→1 / s2:12→1 / s3:12→5}"	"{s3:3→1, s3:3→1, s3:3→1, s3:3→1}"
12	138	19	115	1	0	0	1	0	1	0	0	"{s1:1→1 / s2:12→1 / s3:12→3, s1:1→1 / s2:12→1 / s3:8→1}"	"{s3:3→1, s3:3→1}"
12	138	19	116	1	0	0	0	2	0	0	0	"s1:12→1 / s2:1→1 / s3:12→2"	"s3:3→1"
12	138	19	131	1	1	0	0	0	0	1	0	"{s1:12→1 / s2:1→1 / s3:1→2, s1:1→1 / s2:12→1 / s3:8→1, 12→1}"	"{s3:3→1, s3:3→1}"
12	138	19	132	1	1	0	0	0	0	1	0	"{s1:12→1 / s2:1→1 / s3:1→1, 4→1, 8→1, 12→1, s1:12→1 / s2:1→1 / s3:1→4, 4→1, s1:1→1 / s2:12→1 / s3:4→1, 8→1, 12→1, s1:1→1 / s2:12→1 / s3:8→1}"	"{s3:14→1, s3:14→1, s3:14→1, s3:14→1}"
12	138	19	139	1	0	1	0	0	1	0	0	"{s1:12→1 / s2:1→1 / s3:1→1, s1:1→1 / s2:12→1 / s3:12→4}"	"{s3:3→1, s3:3→1}"
12	138	19	142	1	0	0	1	1	0	0	0	"s1:1→1 / s2:12→1 / s3:1→1, 8→1"	"s3:3→1"
12	138	19	159	1	1	0	0	0	1	0	0	"s1:1→1 / s2:12→1 / s3:12→5"	"s3:3→1"
12	138	19	166	1	0	1	0	1	0	0	0	"s1:12→1 / s2:1→1 / s3:1→4, 12→1"	"s3:3→1"
12	138	20	61	1	0	0	0	1	0	1	0	"{s1:12→1 / s2:1→1, s1:12→1 / s2:1→1 / s3:12→1, s1:1→1 / s2:12→1, s1:1→1 / s2:12→1 / s3:12→1}"	"{s3:3→1, s3:3→1, s3:3→1, s3:3→1}"
12	138	20	62	1	0	0	0	0	2	0	0	"s1:12→1 / s2:1→1"	"s3:3→1"
12	138	20	81	0	1	0	1	0	0	1	0	"s1:1→1 / s2:12→1 / s3:12→1"	""
12	138	20	85	0	0	2	0	0	0	1	0	"s1:1→1 / s2:12→1 / s3:12→1"	""
12	138	20	87	1	0	0	1	0	0	1	0	"{s1:12→1 / s2:1→1 / s3:1→1, s1:1→1 / s2:12→1 / s3:8→1}"	"{s3:3→1, s3:3→1}"
12	138	20	111	1	0	1	0	0	0	1	0	"s1:12→1 / s2:1→1 / s3:1→2"	"s3:3→1"
12	138	20	115	1	0	0	1	0	1	0	0	"s1:12→1 / s2:1→1 / s3:1→1"	"s3:3→1"
12	138	20	131	1	1	0	0	0	0	1	0	"s1:12→1 / s2:1→1 / s3:1→3"	"s3:3→1"
12	138	20	139	1	0	1	0	0	1	0	0	"s1:1→1 / s2:12→1 / s3:12→5"	"s3:3→1"
12	138	20	153	0	2	0	0	0	1	0	0	"{s1:12→1 / s2:1→1 / s3:1→1, s1:1→1 / s2:12→1 / s3:12→1}"	""
12	138	20	160	1	1	0	0	0	1	0	0	"{s1:12→1 / s2:1→1 / s3:1→3, 4→1, s1:12→1 / s2:1→1 / s3:4→1, 8→1}"	"{s3:14→1, s3:14→1}"
12	138	20	168	1	0	0	2	0	0	0	0	"s1:12→1 / s2:1→1 / s3:1→1, 12→4"	"s3:3→1"
12	138	21	10	0	2	0	0	0	0	0	1	"s1:12→1 / s2:1→1 / s3:1→1"	""
12	138	21	16	1	1	0	0	0	0	0	1	"{s1:12→1 / s2:1→1, s1:12→1 / s2:1→1 / s3:1→1, s1:12→1 / s2:1→1 / s3:1→2, s1:12→1 / s2:1→1 / s3:1→2, 8→1, s1:12→1 / s2:1→1 / s3:1→3, s1:12→1 / s2:1→1 / s3:1→3, 8→1, s1:12→1 / s2:1→1 / s3:1→4, s1:12→1 / s2:1→1 / s3:1→4, 8→1, s1:12→1 / s2:1→2, s1:12→1 / s2:1→2 / s3:1→1, s1:12→1 / s2:1→2 / s3:1→2}"	"{s3:3→1, s3:3→1, s3:3→1, s3:3→1, s3:3→1, s3:3→1, s3:3→1, s3:3→1, s3:3→1, s3:3→1, s3:3→1}"
12	138	21	17	1	1	0	0	0	0	0	1	"{s1:12→1 / s2:1→1 / s3:1→1, s1:12→1 / s2:1→1 / s3:1→1, 4→1, s1:12→1 / s2:1→1 / s3:1→2, 4→1, s1:12→1 / s2:1→1 / s3:1→2, 4→1, 8→1, s1:12→1 / s2:1→1 / s3:1→2, 8→1, s1:12→1 / s2:1→1 / s3:1→3, 4→1, s1:12→1 / s2:1→1 / s3:1→3, 4→1, 8→1, s1:12→1 / s2:1→1 / s3:1→3, 8→1, s1:12→1 / s2:1→1 / s3:1→4, 4→1, s1:12→1 / s2:1→1 / s3:1→4, 8→1, s1:12→1 / s2:1→2 / s3:1→2, 4→1, s1:12→1 / s2:1→2 / s3:1→3, 4→1, s1:12→1 / s2:1→2 / s3:1→4, 4→1, s1:12→1 / s2:1→2 / s3:1→4, 8→1}"	"{s3:14→1, s3:14→1, s3:14→1, s3:14→1, s3:14→1, s3:14→1, s3:14→1, s3:14→1, s3:14→1, s3:14→1, s3:14→1, s3:14→1, s3:14→1, s3:14→1}"
12	138	21	34	1	0	0	0	0	1	1	0	"{s1:12→1 / s2:1→1, s1:1→1 / s2:12→1}"	"{s3:3→1, s3:3→1}"
12	138	21	55	0	1	0	0	1	0	1	0	"s1:1→1 / s2:12→1 / s3:12→1"	""
12	138	21	61	1	0	0	0	1	0	1	0	"s1:12→1 / s2:1→1 / s3:1→1"	"s3:3→1"
12	138	21	87	1	0	0	1	0	0	1	0	"s1:12→1 / s2:1→1 / s3:1→2"	"s3:3→1"
12	138	21	89	1	0	0	0	1	1	0	0	"s1:12→1 / s2:1→1 / s3:1→1"	"s3:3→1"
12	138	21	109	0	1	0	1	0	1	0	0	"s1:1→1 / s2:12→1 / s3:12→1"	""
12	138	21	111	1	0	1	0	0	0	1	0	"s1:12→1 / s2:1→1 / s3:1→3"	"s3:3→1"
12	138	21	113	0	0	2	0	0	1	0	0	"s1:1→1 / s2:12→1 / s3:12→1"	""
12	138	21	131	1	1	0	0	0	0	1	0	"{s1:12→1 / s2:1→1 / s3:1→1, 8→1, 12→1, s1:12→1 / s2:1→1 / s3:1→4, s1:12→1 / s2:1→2 / s3:1→1, s1:12→1 / s2:1→2 / s3:1→2, s1:1→1 / s2:12→2 / s3:12→5}"	"{s3:3→1, s3:3→1, s3:3→1, s3:3→1, s3:3→1}"
12	138	21	132	1	1	0	0	0	0	1	0	"{s1:12→1 / s2:1→1 / s3:1→1, s1:12→1 / s2:1→1 / s3:4→1, 8→1, s1:12→1 / s2:1→2 / s3:1→3, 4→1, s1:12→1 / s2:1→2 / s3:1→4, 4→1, s1:1→1 / s2:12→1 / s3:12→1, s1:1→1 / s2:12→2 / s3:8→1, 12→4}"	"{s3:14→1, s3:14→1, s3:14→1, s3:14→1, s3:14→1, s3:14→1}"
12	138	21	133	0	1	1	0	0	1	0	0	"{s1:12→1 / s2:1→1 / s3:1→1, s1:1→1 / s2:12→1 / s3:12→1}"	""
12	138	21	139	1	0	1	0	0	1	0	0	"s1:12→1 / s2:1→1 / s3:12→1"	"s3:3→1"
12	138	21	142	1	0	0	1	1	0	0	0	"{s1:1→1 / s2:12→1, s1:1→1 / s2:12→1 / s3:12→3}"	"{s3:3→1, s3:3→1}"
12	138	22	-28	1	0	0	1	0	0	0	1	"s1:12→1 / s2:1→1"	"s3:3→1"
12	138	22	-10	0	1	1	0	0	0	0	1	"s1:12→1 / s2:1→1 / s3:1→1"	""
12	138	22	-4	1	0	1	0	0	0	0	1	"{s1:12→1 / s2:1→1, s1:12→1 / s2:1→1 / s3:1→1, s1:12→1 / s2:1→1 / s3:1→2, s1:12→1 / s2:1→1 / s3:1→3, s1:12→1 / s2:1→1 / s3:1→4}"	"{s3:3→1, s3:3→1, s3:3→1, s3:3→1, s3:3→1}"
12	138	22	6	1	0	0	0	0	0	2	0	"s1:12→1 / s2:1→1"	"s3:3→1"
12	138	22	10	0	2	0	0	0	0	0	1	"{s1:12→1 / s2:1→1 / s3:1→2, s1:12→1 / s2:1→1 / s3:1→3, s1:12→1 / s2:1→1 / s3:1→4, s1:12→1 / s2:1→1 / s3:1→5, s1:12→1 / s2:1→2 / s3:1→2}"	""
12	138	22	16	1	1	0	0	0	0	0	1	"{s1:12→1 / s2:1→1 / s3:1→1, 8→1, s1:12→1 / s2:1→1 / s3:1→5, s1:12→1 / s2:1→2 / s3:1→3, s1:12→1 / s2:1→2 / s3:1→4, s1:12→1 / s2:1→2 / s3:1→5, s1:12→1 / s2:1→3 / s3:1→1, s1:12→1 / s2:1→3 / s3:1→2, s1:12→1 / s2:1→3 / s3:1→3, s1:12→1 / s2:1→3 / s3:1→4}"	"{s3:3→1, s3:3→1, s3:3→1, s3:3→1, s3:3→1, s3:3→1, s3:3→1, s3:3→1, s3:3→1}"
12	138	22	17	1	1	0	0	0	0	0	1	"{s1:12→1 / s2:1→1 / s3:1→1, 4→1, 8→1, s1:12→1 / s2:1→1 / s3:1→1, 8→1, s1:12→1 / s2:1→1 / s3:1→2, s1:12→1 / s2:1→1 / s3:1→3, s1:12→1 / s2:1→1 / s3:1→4, s1:12→1 / s2:1→1 / s3:1→5, s1:12→1 / s2:1→1 / s3:4→1, s1:12→1 / s2:1→2 / s3:1→1, s1:12→1 / s2:1→2 / s3:1→1, 4→1, s1:12→1 / s2:1→2 / s3:1→2, s1:12→1 / s2:1→2 / s3:1→3, s1:12→1 / s2:1→2 / s3:1→3, 8→1, s1:12→1 / s2:1→2 / s3:1→4, s1:12→1 / s2:1→2 / s3:1→5, s1:12→1 / s2:1→3 / s3:1→1}"	"{s3:14→1, s3:14→1, s3:14→1, s3:14→1, s3:14→1, s3:14→1, s3:14→1, s3:14→1, s3:14→1, s3:14→1, s3:14→1, s3:14→1, s3:14→1, s3:14→1, s3:14→1}"
12	138	22	83	0	1	0	0	1	1	0	0	"s1:1→1 / s2:12→1 / s3:12→1"	""
12	138	22	87	1	0	0	1	0	0	1	0	"{s1:12→1 / s2:1→1 / s3:1→3, s1:1→1 / s2:12→1}"	"{s3:3→1, s3:3→1}"
12	138	22	111	1	0	1	0	0	0	1	0	"{s1:12→1 / s2:1→1 / s3:12→1, s1:12→1 / s2:1→1 / s3:1→4, s1:12→1 / s2:1→1 / s3:1→5}"	"{s3:3→1, s3:3→1, s3:3→1}"
12	138	22	115	1	0	0	1	0	1	0	0	"s1:1→1 / s2:12→1"	"s3:3→1"
12	138	22	116	1	0	0	0	2	0	0	0	"s1:12→1 / s2:1→1 / s3:12→3"	"s3:3→1"
12	138	22	131	1	1	0	0	0	0	1	0	"{s1:12→1 / s2:1→1 / s3:1→5, s1:12→1 / s2:1→2 / s3:1→3, s1:12→1 / s2:1→2 / s3:1→4, s1:1→1 / s2:12→2 / s3:12→4}"	"{s3:3→1, s3:3→1, s3:3→1, s3:3→1}"
12	138	22	132	1	1	0	0	0	0	1	0	"s1:12→1 / s2:1→2 / s3:1→2, 4→1"	"s3:14→1"
12	138	22	139	1	0	1	0	0	1	0	0	"s1:1→1 / s2:12→1 / s3:8→1"	"s3:3→1"
12	138	22	159	1	1	0	0	0	1	0	0	"s1:12→1 / s2:1→1 / s3:1→1, 8→1, 12→1"	"s3:3→1"
12	138	23	-54	1	0	0	0	1	0	0	1	"s1:12→1 / s2:1→1"	"s3:3→1"
12	138	23	-4	1	0	1	0	0	0	0	1	"s1:12→1 / s2:1→1 / s3:8→1"	"s3:3→1"
12	138	23	111	1	0	1	0	0	0	1	0	"s1:1→1 / s2:12→1 / s3:8→1"	"s3:3→1"
12	138	23	125	0	2	0	0	0	0	1	0	"{s1:12→1 / s2:1→1 / s3:1→2, s1:1→1 / s2:12→1 / s3:12→2}"	""
12	138	23	131	1	1	0	0	0	0	1	0	"s1:12→1 / s2:1→2 / s3:1→5"	"s3:3→1"
12	138	23	132	1	1	0	0	0	0	1	0	"s1:12→1 / s2:1→1 / s3:1→1, 8→1, 12→1"	"s3:14→1"
12	138	24	17	1	1	0	0	0	0	0	1	"s1:12→1 / s2:1→1 / s3:4→1, 8→1"	"s3:14→1"
12	138	24	105	0	1	1	0	0	0	1	0	"s1:1→1 / s2:12→1 / s3:12→2"	""
12	138	24	132	1	1	0	0	0	0	1	0	"s1:12→1 / s2:1→1 / s3:4→1, 12→1"	"s3:14→1"
12	138	24	160	1	1	0	0	0	1	0	0	"s1:12→1 / s2:1→1 / s3:1→4, 4→1"	"s3:14→1"
12	138	25	111	1	0	1	0	0	0	1	0	"s1:12→1 / s2:1→1 / s3:8→1, 12→1"	"s3:3→1"
12	138	25	139	1	0	1	0	0	1	0	0	"s1:12→1 / s2:1→1 / s3:8→1, 12→1"	"s3:3→1"
12	138	25	160	1	1	0	0	0	1	0	0	"s1:12→1 / s2:1→1 / s3:1→1, 8→1, 12→1"	"s3:14→1"
12	138	26	132	1	1	0	0	0	0	1	0	"s1:1→1 / s2:12→2 / s3:12→1"	"s3:14→1"
12	138	27	16	1	1	0	0	0	0	0	1	"s1:12→1 / s2:1→4 / s3:1→1"	"s3:3→1"
12	138	27	125	0	2	0	0	0	0	1	0	"{s1:12→1 / s2:1→2 / s3:1→2, s1:1→1 / s2:12→2 / s3:12→2}"	""
12	138	27	131	1	1	0	0	0	0	1	0	"{s1:12→1 / s2:1→3 / s3:1→4, s1:12→1 / s2:1→3 / s3:1→5}"	"{s3:3→1, s3:3→1}"
12	138	27	132	1	1	0	0	0	0	1	0	"{s1:12→1 / s2:1→2 / s3:1→1, s1:1→1 / s2:12→1 / s3:12→2}"	"{s3:14→1, s3:14→1}"
12	138	27	139	1	0	1	0	0	1	0	0	"s1:12→1 / s2:1→1 / s3:1→2"	"s3:3→1"
12	138	27	159	1	1	0	0	0	1	0	0	"s1:12→1 / s2:1→1 / s3:1→2"	"s3:3→1"
12	138	28	115	1	0	0	1	0	1	0	0	"s1:12→1 / s2:1→1 / s3:1→2"	"s3:3→1"
12	138	28	125	0	2	0	0	0	0	1	0	"s1:1→1 / s2:12→1 / s3:12→3"	""
12	138	28	132	1	1	0	0	0	0	1	0	"s1:12→1 / s2:1→1 / s3:1→2"	"s3:14→1"
12	138	29	105	0	1	1	0	0	0	1	0	"s1:1→1 / s2:12→1 / s3:12→3"	""
12	138	29	125	0	2	0	0	0	0	1	0	"s1:12→1 / s2:1→1 / s3:1→3"	""
12	138	29	131	1	1	0	0	0	0	1	0	"s1:12→1 / s2:1→3 / s3:1→3"	"s3:3→1"
12	138	29	132	1	1	0	0	0	0	1	0	"s1:1→1 / s2:12→2 / s3:8→1, 12→3"	"s3:14→1"
12	138	31	125	0	2	0	0	0	0	1	0	"s1:1→1 / s2:12→2 / s3:12→3"	""
12	138	31	132	1	1	0	0	0	0	1	0	"s1:1→1 / s2:12→2 / s3:12→2"	"s3:14→1"
12	138	31	142	1	0	0	1	1	0	0	0	"s1:12→1 / s2:1→1 / s3:12→2"	"s3:3→1"
12	138	32	132	1	1	0	0	0	0	1	0	"s1:1→1 / s2:12→3 / s3:12→1"	"s3:14→1"
12	138	33	125	0	2	0	0	0	0	1	0	"s1:1→1 / s2:12→1 / s3:12→4"	""
12	138	33	132	1	1	0	0	0	0	1	0	"{s1:12→1 / s2:1→2 / s3:1→2, s1:12→1 / s2:1→3 / s3:1→1, s1:1→1 / s2:12→1 / s3:12→3}"	"{s3:14→1, s3:14→1, s3:14→1}"
12	138	34	125	0	2	0	0	0	0	1	0	"{s1:12→1 / s2:1→1 / s3:1→4, s1:1→1 / s2:12→2 / s3:12→4, s1:1→1 / s2:12→3 / s3:12→3}"	""
12	138	34	132	1	1	0	0	0	0	1	0	"s1:12→1 / s2:1→1 / s3:1→3"	"s3:14→1"
12	138	35	132	1	1	0	0	0	0	1	0	"{s1:1→1 / s2:12→2 / s3:12→3, s1:1→1 / s2:12→3 / s3:12→2, s1:1→1 / s2:12→4 / s3:12→1}"	"{s3:14→1, s3:14→1, s3:14→1}"
12	138	36	125	0	2	0	0	0	0	1	0	"s1:1→1 / s2:12→1 / s3:12→5"	""
12	138	36	132	1	1	0	0	0	0	1	0	"s1:1→1 / s2:12→1 / s3:12→4"	"s3:14→1"
12	138	37	125	0	2	0	0	0	0	1	0	"s1:12→1 / s2:1→1 / s3:1→5"	""
12	138	37	132	1	1	0	0	0	0	1	0	"{s1:12→1 / s2:1→2 / s3:1→3, s1:1→1 / s2:12→2 / s3:12→4, s1:1→1 / s2:12→3 / s3:12→3}"	"{s3:14→1, s3:14→1, s3:14→1}"
12	138	38	132	1	1	0	0	0	0	1	0	"{s1:12→1 / s2:1→1 / s3:1→4, s1:1→1 / s2:12→1 / s3:12→5}"	"{s3:14→1, s3:14→1}"
12	138	39	132	1	1	0	0	0	0	1	0	"{s1:1→1 / s2:12→2 / s3:12→5, s1:1→1 / s2:12→3 / s3:12→4}"	"{s3:14→1, s3:14→1}"
12	138	40	131	1	1	0	0	0	0	1	0	"s1:12→1 / s2:1→4 / s3:1→5"	"s3:3→1"
12	138	40	132	1	1	0	0	0	0	1	0	"s1:12→1 / s2:1→2 / s3:1→4"	"s3:14→1"
12	138	41	116	1	0	0	0	2	0	0	0	"s1:12→1 / s2:1→1 / s3:12→4"	"s3:3→1"
12	138	41	132	1	1	0	0	0	0	1	0	"s1:12→1 / s2:1→1 / s3:1→5"	"s3:14→1"
12	138	42	132	1	1	0	0	0	0	1	0	"s1:12→1 / s2:1→2 / s3:1→5"	"s3:14→1"
12	138	45	142	1	0	0	1	1	0	0	0	"s1:1→1 / s2:12→1 / s3:12→4"	"s3:3→1"
12	138	46	111	1	0	1	0	0	0	1	0	"s1:12→1 / s2:1→2"	"s3:3→1"
12	138	46	131	1	1	0	0	0	0	1	0	"s1:12→1 / s2:1→3 / s3:1→2"	"s3:3→1"
12	138	47	132	1	1	0	0	0	0	1	0	"s1:12→1 / s2:1→2 / s3:1→4, 12→1"	"s3:14→1"
12	138	56	131	1	1	0	0	0	0	1	0	"s1:12→1 / s2:1→4 / s3:1→4"	"s3:3→1"
12	138	60	140	0	0	2	0	1	0	0	0	"s1:1→1 / s2:12→1 / s3:12→1"	""
12	138	61	110	0	1	0	0	2	0	0	0	"s1:12→1 / s2:1→1 / s3:12→1"	""
12	138	63	115	1	0	0	1	0	1	0	0	"s1:12→1 / s2:1→1 / s3:1→3"	"s3:3→1"
12	138	64	16	1	1	0	0	0	0	0	1	"s1:12→1 / s2:1→1 / s3:8→1"	"s3:3→1"
12	138	64	139	1	0	1	0	0	1	0	0	"s1:12→1 / s2:1→1 / s3:1→3"	"s3:3→1"
12	138	76	132	1	1	0	0	0	0	1	0	"s1:12→1 / s2:1→2 / s3:1→4, 8→1"	"s3:14→1"
12	138	102	131	1	1	0	0	0	0	1	0	"s1:1→1 / s2:12→2 / s3:12→3"	"s3:3→1"
12	138	149	16	1	1	0	0	0	0	0	1	"s1:12→1 / s2:1→5 / s3:1→1"	"s3:3→1"
12	139	16	155	1	2	0	0	0	0	0	0	"s2:1→1 / s3:1→2, 5→1, 9→1, 11→1"	"s1:12→1 / s3:14→1"
12	139	16	156	1	2	0	0	0	0	0	0	"s1:1→1 / s2:1→1, 11→1 / s3:1→1, 9→1"	"s3:13→1"
12	139	16	162	2	1	0	0	0	0	0	0	"{s1:1→1 / s2:11→1 / s3:1→1, 11→1, s1:1→1 / s2:11→1 / s3:1→1, 9→1, 11→1, s1:1→1 / s2:11→1 / s3:5→1, 11→1, s1:1→1 / s2:1→1, 11→1 / s3:1→2, 5→1, 11→1, s1:1→1 / s2:1→1, 11→1 / s3:1→2, 9→1, 11→1}"	"{s2:13→1 / s3:13→1, s2:13→1 / s3:13→1, s2:13→1 / s3:13→1, s2:13→1 / s3:13→1, s2:13→1 / s3:13→1}"
12	139	17	155	1	2	0	0	0	0	0	0	"{s2:1→1 / s3:1→1, 11→1, s2:1→1 / s3:1→1, 5→1, s2:1→1 / s3:1→1, 5→1, 11→1, s2:1→1 / s3:1→1, 5→1, 9→1, s2:1→1 / s3:1→1, 5→1, 9→1, 11→1, s2:1→1 / s3:1→1, 9→1, s2:1→1 / s3:1→1, 9→1, 11→1, s2:1→1 / s3:1→2, 11→1, s2:1→1 / s3:1→2, 5→1, s2:1→1 / s3:1→2, 5→1, 11→1, s2:1→1 / s3:1→2, 5→1, 9→1, s2:1→1 / s3:1→2, 9→1, s2:1→1 / s3:1→2, 9→1, 11→1, s2:1→1 / s3:1→3, 5→1, 11→1, s2:1→1 / s3:1→3, 5→1, 9→1, s2:1→1 / s3:1→3, 9→1, s2:1→1 / s3:1→3, 9→1, 11→1, s2:1→1 / s3:1→4, 9→1, s2:1→1 / s3:5→1, s2:1→1 / s3:5→1, 11→1, s2:1→1 / s3:5→1, 9→1, s2:1→1 / s3:5→1, 9→1, 11→1, s2:1→1 / s3:9→1}"	"{s1:12→1 / s3:14→1, s1:12→1 / s3:14→1, s1:12→1 / s3:14→1, s1:12→1 / s3:14→1, s1:12→1 / s3:14→1, s1:12→1 / s3:14→1, s1:12→1 / s3:14→1, s1:12→1 / s3:14→1, s1:12→1 / s3:14→1, s1:12→1 / s3:14→1, s1:12→1 / s3:14→1, s1:12→1 / s3:14→1, s1:12→1 / s3:14→1, s1:12→1 / s3:14→1, s1:12→1 / s3:14→1, s1:12→1 / s3:14→1, s1:12→1 / s3:14→1, s1:12→1 / s3:14→1, s1:12→1 / s3:14→1, s1:12→1 / s3:14→1, s1:12→1 / s3:14→1, s1:12→1 / s3:14→1, s1:12→1 / s3:14→1}"
12	139	17	162	2	1	0	0	0	0	0	0	"{s1:1→1 / s2:11→1 / s3:9→1, 11→1, s1:1→1 / s2:1→1, 11→1 / s3:1→1, 11→1, s1:1→1 / s2:1→1, 11→1 / s3:1→2, 11→1}"	"{s2:13→1 / s3:13→1, s2:13→1 / s3:13→1, s2:13→1 / s3:13→1}"
12	139	18	155	1	2	0	0	0	0	0	0	"{s2:1→1 / s3:11→1, s2:1→1 / s3:1→3, 11→1, s2:1→1 / s3:1→3, 5→1, s2:1→1 / s3:1→4, 11→1}"	"{s1:12→1 / s3:14→1, s1:12→1 / s3:14→1, s1:12→1 / s3:14→1, s1:12→1 / s3:14→1}"
12	139	18	162	2	1	0	0	0	0	0	0	"s1:1→1 / s2:11→1 / s3:11→1"	"s2:13→1 / s3:13→1"
12	139	19	149	0	3	0	0	0	0	0	0	"s1:1→1 / s2:1→1 / s3:1→1, 11→1"	""
12	139	19	155	1	2	0	0	0	0	0	0	"{s2:1→1 / s3:1→4, 5→1, s2:1→1 / s3:9→1, 11→1}"	"{s1:12→1 / s3:14→1, s1:12→1 / s3:14→1}"
12	139	19	156	1	2	0	0	0	0	0	0	"{s1:1→1 / s2:1→1 / s3:1→1, 11→1, s1:1→1 / s2:1→1 / s3:1→1, 5→1}"	"{s3:14→1, s3:14→1}"
12	139	20	148	0	3	0	0	0	0	0	0	"s2:1→1 / s3:1→1"	"s1:12→1"
12	139	20	149	0	3	0	0	0	0	0	0	"s1:1→1 / s2:1→1 / s3:1→1"	""
12	139	21	128	0	2	1	0	0	0	0	0	"s1:1→1 / s3:1→1"	"s2:12→1"
12	139	21	156	1	2	0	0	0	0	0	0	"s1:1→1 / s2:1→1 / s3:1→1"	"s3:14→1"
12	139	21	162	2	1	0	0	0	0	0	0	"{s1:1→1 / s2:1→1 / s3:1→1, s1:1→1 / s2:1→1 / s3:1→2}"	"{s2:13→1 / s3:13→1, s2:13→1 / s3:13→1}"
12	140	16	156	2	1	0	0	0	0	0	0	"s1:1→1 / s2:1→1, 11→1 / s3:1→1"	"s2:13→1 / s3:10→1"
12	140	17	155	2	1	0	0	0	0	0	0	"{s1:1→1 / s2:11→1 / s3:11→1, s1:1→1 / s2:1→1, 11→1 / s3:1→1, 11→1, s1:1→1 / s2:1→1, 11→1 / s3:1→2, 11→1}"	"{s2:13→1 / s3:13→1, s2:13→1 / s3:13→1, s2:13→1 / s3:13→1}"
12	140	17	156	2	1	0	0	0	0	0	0	"{s1:1→1 / s2:1→1 / s3:1→2, 11→1, s1:1→1 / s2:1→2, 11→1 / s3:1→2}"	"{s2:10→1 / s3:13→1, s2:13→1 / s3:10→1}"
12	140	18	149	1	2	0	0	0	0	0	0	"s1:1→1 / s2:1→1 / s3:1→2"	"s3:10→1"
12	140	18	156	2	1	0	0	0	0	0	0	"s1:1→1 / s2:11→1"	"s2:13→1 / s3:10→1"
12	140	19	149	1	2	0	0	0	0	0	0	"{s1:1→1 / s2:1→1 / s3:1→3, s1:1→1 / s2:1→1 / s3:1→3, 11→1, s1:1→1 / s2:1→1 / s3:1→4, s1:1→1 / s2:1→1 / s3:1→4, 11→1}"	"{s3:10→1, s3:10→1, s3:10→1, s3:10→1}"
12	140	20	142	0	3	0	0	0	0	0	0	"s1:1→1 / s2:1→1 / s3:1→1"	""
12	140	20	149	1	2	0	0	0	0	0	0	"{s1:1→1 / s2:1→1 / s3:1→1, s1:1→1 / s2:1→1 / s3:1→1}"	"{s3:10→1, s3:13→1}"
12	140	20	156	2	1	0	0	0	0	0	0	"{s1:1→1 / s2:1→1 / s3:1→4, s1:1→1 / s2:1→1 / s3:1→5}"	"{s2:13→1 / s3:10→1, s2:13→1 / s3:10→1}"
12	140	21	155	2	1	0	0	0	0	0	0	"{s1:1→1 / s2:1→1 / s3:1→1, s1:1→1 / s2:1→1 / s3:1→2}"	"{s2:13→1 / s3:13→1, s2:13→1 / s3:13→1}"
12	140	23	156	2	1	0	0	0	0	0	0	"s1:1→1 / s2:1→1 / s3:1→3"	"s2:13→1 / s3:10→1"
12	140	36	149	1	2	0	0	0	0	0	0	"s1:1→1 / s2:1→1 / s3:1→1, 11→1"	"s3:13→1"
12	141	16	156	2	1	0	0	0	0	0	0	"{s1:1→1 / s2:1→1, 9→1 / s3:1→1, 9→1, s1:1→1 / s2:1→1, 9→1 / s3:1→2, 9→1}"	"{s2:13→1 / s3:13→1, s2:13→1 / s3:13→1}"
12	141	17	156	2	1	0	0	0	0	0	0	"s1:1→1 / s2:9→1 / s3:9→1"	"s2:13→1 / s3:13→1"
12	141	20	143	0	3	0	0	0	0	0	0	"s1:1→1 / s2:1→1 / s3:1→1"	""
12	141	20	150	1	2	0	0	0	0	0	0	"s1:1→1 / s2:1→1 / s3:1→1"	"s3:14→1"
12	141	20	156	2	1	0	0	0	0	0	0	"s1:1→1 / s2:1→1 / s3:1→1"	"s2:13→1 / s3:13→1"
12	141	21	156	2	1	0	0	0	0	0	0	"s1:1→1 / s2:1→1 / s3:1→2"	"s2:13→1 / s3:13→1"
12	142	16	156	1	2	0	0	0	0	0	0	"{s2:1→1, s2:1→1 / s3:1→1, 10→1, s2:1→1 / s3:1→1, 4→1, 10→1, s2:1→1 / s3:1→2, 4→1, 10→2, s2:1→1 / s3:1→3, 10→2, s2:1→3, 10→1}"	"{s1:12→1 / s3:2→1, s1:12→1 / s3:2→1, s1:12→1 / s3:2→1, s1:12→1 / s3:2→1, s1:12→1 / s3:2→1, s1:12→1 / s3:2→1}"
12	142	16	157	1	2	0	0	0	0	0	0	"{s1:1→1 / s2:1→1, 10→1, s2:1→1 / s3:1→1, 4→1, 10→1, s2:1→1 / s3:1→2, 4→1, 10→1, s2:1→1 / s3:1→2, 4→1, 10→2}"	"{s3:2→1, s1:12→1 / s3:14→1, s1:12→1 / s3:14→1, s1:12→1 / s3:14→1}"
12	142	16	164	2	1	0	0	0	0	0	0	"{s1:1→1 / s2:10→1 / s3:1→1, 10→1, s1:1→1 / s2:4→1, 10→1, s1:1→1 / s3:1→1, 10→1}"	"{s2:2→1 / s3:13→1, s2:13→1 / s3:2→1, s2:2→1 / s3:13→1}"
12	142	17	136	1	1	1	0	0	0	0	0	"{s1:1→1, s1:1→1 / s3:10→1, s1:1→1 / s3:4→1, 10→1, s1:1→1 / s3:4→1, 10→2, s1:1→1 / s3:4→1, 10→3, s1:1→1 / s3:4→1, 10→4}"	"{s2:12→1 / s3:2→1, s2:12→1 / s3:2→1, s2:12→1 / s3:2→1, s2:12→1 / s3:2→1, s2:12→1 / s3:2→1, s2:12→1 / s3:2→1}"
12	142	17	150	0	3	0	0	0	0	0	0	"{s2:1→1 / s3:1→1, 10→1, s2:1→1 / s3:1→2, 10→1}"	"{s1:12→1, s1:12→1}"
12	142	17	156	1	2	0	0	0	0	0	0	"{s2:1→1, 10→1, s2:1→1 / s3:10→1, s2:1→1 / s3:1→1, 10→2, s2:1→1 / s3:1→1, 4→1, 10→2, s2:1→1 / s3:1→1, 4→1, 10→3, s2:1→1 / s3:1→2, 10→1, s2:1→1 / s3:1→2, 10→2, s2:1→1 / s3:1→2, 10→3, s2:1→1 / s3:1→2, 4→1, 10→1, s2:1→1 / s3:1→3, 10→1, s2:1→1 / s3:1→3, 4→1, 10→1, s2:1→1 / s3:1→4, 10→1, s2:1→1 / s3:4→1, 10→1, s2:1→1 / s3:4→1, 10→2, s2:1→2, 10→1}"	"{s1:12→1 / s3:2→1, s1:12→1 / s3:2→1, s1:12→1 / s3:2→1, s1:12→1 / s3:2→1, s1:12→1 / s3:2→1, s1:12→1 / s3:2→1, s1:12→1 / s3:2→1, s1:12→1 / s3:2→1, s1:12→1 / s3:2→1, s1:12→1 / s3:2→1, s1:12→1 / s3:2→1, s1:12→1 / s3:2→1, s1:12→1 / s3:2→1, s1:12→1 / s3:2→1, s1:12→1 / s3:2→1}"
12	142	17	157	1	2	0	0	0	0	0	0	"{s2:1→1 / s3:1→1, 10→1, s2:1→1 / s3:1→1, 10→2, s2:1→1 / s3:1→1, 4→1, 10→2, s2:1→1 / s3:1→1, 4→1, 10→3, s2:1→1 / s3:1→2, 10→1, s2:1→1 / s3:1→2, 10→2, s2:1→1 / s3:1→2, 10→3, s2:1→1 / s3:1→3, 10→1, s2:1→1 / s3:1→3, 10→2, s2:1→1 / s3:1→3, 4→1, 10→1, s2:1→1 / s3:1→4, 10→1, s2:1→1 / s3:4→1, 10→1, s2:1→1 / s3:4→1, 10→2}"	"{s1:12→1 / s3:14→1, s1:12→1 / s3:14→1, s1:12→1 / s3:14→1, s1:12→1 / s3:14→1, s1:12→1 / s3:14→1, s1:12→1 / s3:14→1, s1:12→1 / s3:14→1, s1:12→1 / s3:14→1, s1:12→1 / s3:14→1, s1:12→1 / s3:14→1, s1:12→1 / s3:14→1, s1:12→1 / s3:14→1, s1:12→1 / s3:14→1}"
12	142	17	164	2	1	0	0	0	0	0	0	"{s1:1→1 / s2:10→1 / s3:10→1, s1:1→1 / s3:1→1, 4→1, 10→1, s1:1→1 / s3:1→1, 4→1, 10→2, s1:1→1 / s3:1→2, 10→1, s1:1→1 / s3:1→2, 4→1, 10→1, s1:1→1 / s3:1→2, 4→1, 10→2}"	"{s2:13→1 / s3:2→1, s2:2→1 / s3:13→1, s2:2→1 / s3:13→1, s2:2→1 / s3:13→1, s2:2→1 / s3:13→1, s2:2→1 / s3:13→1}"
12	142	18	136	1	1	1	0	0	0	0	0	"{s1:1→1 / s3:10→1, s1:1→1 / s3:10→2, s1:1→1 / s3:10→3, s1:1→1 / s3:10→4}"	"{s2:11→1 / s3:2→1, s2:12→1 / s3:2→1, s2:12→1 / s3:2→1, s2:12→1 / s3:2→1}"
12	142	18	156	1	2	0	0	0	0	0	0	"{s2:1→1 / s3:1→1, 10→3, s2:1→1 / s3:4→1, s2:1→1 / s3:4→1, 10→3, s2:1→1 / s3:4→1, 10→4}"	"{s1:12→1 / s3:2→1, s1:12→1 / s3:2→1, s1:12→1 / s3:2→1, s1:12→1 / s3:2→1}"
12	142	18	157	1	2	0	0	0	0	0	0	"{s1:1→1 / s2:1→1 / s3:4→1, s2:1→1 / s3:4→1, s2:1→1 / s3:4→1, 10→3}"	"{s3:2→1, s1:12→1 / s3:14→1, s1:12→1 / s3:14→1}"
12	142	18	158	1	2	0	0	0	0	0	0	"s1:1→1 / s2:1→1 / s3:4→1"	"s3:14→1"
12	142	18	164	2	1	0	0	0	0	0	0	"{s1:1→1 / s2:4→1, s1:1→1 / s3:1→1, 4→1, s1:1→1 / s3:1→2, 4→1}"	"{s2:13→1 / s3:2→1, s2:2→1 / s3:13→1, s2:2→1 / s3:13→1}"
12	142	19	106	0	2	0	1	0	0	0	0	"s1:1→1 / s3:10→1"	"s2:12→1"
12	142	19	130	0	2	1	0	0	0	0	0	"s1:1→1 / s3:10→1"	"s2:12→1"
12	142	19	136	1	1	1	0	0	0	0	0	"s1:1→1 / s3:4→1"	"s2:12→1 / s3:2→1"
12	142	19	156	1	2	0	0	0	0	0	0	"{s2:1→1 / s3:1→1, 10→4, s2:1→1 / s3:1→1, 4→1}"	"{s1:12→1 / s3:2→1, s1:12→1 / s3:2→1}"
12	142	19	157	1	2	0	0	0	0	0	0	"{s1:1→1 / s2:1→1, s2:1→1 / s3:10→1, s2:1→1 / s3:1→1, 10→3, s2:1→1 / s3:1→1, 4→1, s2:1→1 / s3:4→1, 10→4}"	"{s3:2→1, s1:12→1 / s3:14→1, s1:12→1 / s3:14→1, s1:12→1 / s3:14→1, s1:12→1 / s3:14→1}"
12	142	19	164	2	1	0	0	0	0	0	0	"{s1:1→1 / s2:10→1 / s3:10→1, s1:1→1 / s3:1→1}"	"{s2:13→1 / s3:13→1, s2:2→1 / s3:13→1}"
12	142	20	150	0	3	0	0	0	0	0	0	"s2:1→1 / s3:1→1"	"s1:12→1"
12	142	21	156	1	2	0	0	0	0	0	0	"{s2:1→1 / s3:10→1, s2:1→1 / s3:10→2, s2:1→1 / s3:1→2, 4→1}"	"{s1:11→1 / s3:2→1, s1:12→1 / s3:2→1, s1:12→1 / s3:2→1}"
12	142	21	157	1	2	0	0	0	0	0	0	"{s2:1→1 / s3:1→1, 10→4, s2:1→1 / s3:1→2, 4→1}"	"{s1:12→1 / s3:14→1, s1:12→1 / s3:14→1}"
12	142	24	156	1	2	0	0	0	0	0	0	"s2:1→1 / s3:1→3, 4→1"	"s1:12→1 / s3:2→1"
12	142	26	157	1	2	0	0	0	0	0	0	"{s2:1→1 / s3:10→1, s2:1→1 / s3:1→3, 4→1}"	"{s1:11→1 / s3:14→1, s1:12→1 / s3:14→1}"
12	142	29	156	1	2	0	0	0	0	0	0	"s2:1→1 / s3:10→3"	"s1:12→1 / s3:2→1"
12	142	30	156	1	2	0	0	0	0	0	0	"s2:1→1 / s3:1→4, 4→1"	"s1:12→1 / s3:2→1"
12	143	16	156	1	2	0	0	0	0	0	0	"{s2:1→1 / s3:1→1, 3→1, 11→2, s2:1→1 / s3:1→1, 3→2, 11→2, s2:1→1 / s3:3→1, 11→1, s2:1→1 / s3:3→2, 11→2}"	"{s1:12→1 / s3:14→1, s1:12→1 / s3:14→1, s1:12→1 / s3:14→1, s1:12→1 / s3:14→1}"
12	143	16	163	2	1	0	0	0	0	0	0	"{s1:1→1 / s2:11→1 / s3:3→1, 11→2, s1:1→1 / s2:3→1, 11→1 / s3:3→1, 11→1, s1:1→1 / s2:3→1, 11→1 / s3:3→1, 11→2}"	"{s2:13→1 / s3:13→1, s2:13→1 / s3:13→1, s2:13→1 / s3:13→1}"
12	143	17	156	1	2	0	0	0	0	0	0	"{s2:1→1 / s3:1→1, 11→1, s2:1→1 / s3:1→1, 11→2, s2:1→1 / s3:1→1, 3→1, 11→1, s2:1→1 / s3:1→1, 3→1, 11→3, s2:1→1 / s3:1→1, 3→2, 11→1, s2:1→1 / s3:1→1, 3→3, 11→1, s2:1→1 / s3:3→1, 11→2, s2:1→1 / s3:3→1, 11→3, s2:1→1 / s3:3→2, 11→1, s2:1→1 / s3:3→2, 11→3, s2:1→1 / s3:3→3, 11→1, s2:1→1 / s3:3→3, 11→2, s2:1→1 / s3:3→4, 11→1}"	"{s1:12→1 / s3:14→1, s1:12→1 / s3:14→1, s1:12→1 / s3:14→1, s1:12→1 / s3:14→1, s1:12→1 / s3:14→1, s1:12→1 / s3:14→1, s1:12→1 / s3:14→1, s1:12→1 / s3:14→1, s1:12→1 / s3:14→1, s1:12→1 / s3:14→1, s1:12→1 / s3:14→1, s1:12→1 / s3:14→1, s1:12→1 / s3:14→1}"
12	143	17	163	2	1	0	0	0	0	0	0	"s1:1→1 / s2:11→1 / s3:3→1, 11→3"	"s2:13→1 / s3:13→1"
12	143	18	156	1	2	0	0	0	0	0	0	"{s2:1→1 / s3:11→1, s2:1→1 / s3:1→1, 11→3}"	"{s1:12→1 / s3:14→1, s1:12→1 / s3:14→1}"
12	143	18	163	2	1	0	0	0	0	0	0	"{s1:1→1 / s2:11→1 / s3:11→1, s1:1→1 / s2:3→1 / s3:3→1}"	"{s2:13→1 / s3:13→1, s2:13→1 / s3:13→1}"
12	143	19	149	0	3	0	0	0	0	0	0	"s2:3→1 / s3:1→1"	"s1:12→1"
12	143	19	150	0	3	0	0	0	0	0	0	"s1:3→1 / s2:1→1 / s3:1→1"	""
12	143	19	156	1	2	0	0	0	0	0	0	"s2:1→1 / s3:3→1"	"s1:12→1 / s3:14→1"
12	143	20	129	0	2	1	0	0	0	0	0	"s1:1→1 / s3:3→1"	"s2:12→1"
12	143	20	149	0	3	0	0	0	0	0	0	"s2:1→1 / s3:1→1"	"s1:12→1"
12	143	20	156	1	2	0	0	0	0	0	0	"s2:1→1 / s3:3→2"	"s1:12→1 / s3:14→1"
12	143	21	149	0	3	0	0	0	0	0	0	"s2:1→1 / s3:1→1, 3→1"	"s1:12→1"
12	143	21	156	1	2	0	0	0	0	0	0	"{s2:1→1 / s3:1→1, 3→2, s2:1→1 / s3:1→1, 3→3, s2:1→1 / s3:1→1, 3→4, s2:1→1 / s3:3→3, s2:1→1 / s3:3→4}"	"{s1:12→1 / s3:14→1, s1:12→1 / s3:14→1, s1:12→1 / s3:14→1, s1:12→1 / s3:14→1, s1:12→1 / s3:14→1}"
12	143	23	156	1	2	0	0	0	0	0	0	"s2:1→1 / s3:1→1, 3→1"	"s1:12→1 / s3:14→1"
12	144	15	184	2	1	0	0	0	0	0	0	"{s1:12→1 / s2:1→1 / s3:1→1, 12→1, s1:1→1 / s2:12→1 / s3:12→1}"	"{s2:13→1 / s3:4→1, s2:13→1 / s3:4→1}"
12	144	16	157	1	1	1	0	0	0	0	0	"{s1:12→1 / s2:1→1 / s3:1→1, 12→1, s1:1→1 / s2:12→1 / s3:12→1}"	"{s3:4→1, s3:4→1}"
12	144	16	158	1	1	1	0	0	0	0	0	"{s1:12→1 / s2:1→1 / s3:1→1, 3→1, 12→2, s1:12→1 / s2:1→1 / s3:3→1, 12→1, s1:1→1 / s2:12→1 / s3:3→1, 12→2}"	"{s3:14→1, s3:14→1, s3:14→1}"
12	144	16	171	0	3	0	0	0	0	0	0	"s1:12→1 / s2:1→1 / s3:1→1, 12→1"	""
12	144	16	177	1	2	0	0	0	0	0	0	"{s1:12→1 / s2:1→1, 12→1 / s3:12→1, s1:12→1 / s2:1→1, 12→1 / s3:1→1, 12→1, s1:12→1 / s2:1→1, 12→1 / s3:1→1, 12→2, s1:12→1 / s2:1→1, 12→1 / s3:1→1, 12→3, s1:12→1 / s2:1→1, 12→1 / s3:1→2, 12→2, s1:12→1 / s2:1→1, 12→1 / s3:1→2, 12→3, s1:12→1 / s2:1→1, 12→1 / s3:1→3, 12→2, s1:12→1 / s2:1→1 / s3:12→1, s1:12→1 / s2:1→1 / s3:1→1, 12→1, s1:12→1 / s2:1→1 / s3:1→1, 12→2, s1:12→1 / s2:1→1 / s3:1→1, 12→3, s1:12→1 / s2:1→1 / s3:1→2, 12→2, s1:12→1 / s2:1→1 / s3:1→2, 12→3, s1:1→1, 12→1 / s2:1→1, 12→1 / s3:12→1, s1:1→1, 12→1 / s2:1→1, 12→1 / s3:12→2, s1:1→1, 12→1 / s2:1→1, 12→1 / s3:12→3, s1:1→1, 12→1 / s2:1→1, 12→2 / s3:12→3, s1:1→1 / s2:1→1, 12→1 / s3:12→1, s1:1→1 / s2:1→1, 12→2 / s3:12→2}"	"{s3:4→1, s3:4→1, s3:4→1, s3:4→1, s3:4→1, s3:4→1, s3:4→1, s3:4→1, s3:4→1, s3:4→1, s3:4→1, s3:4→1, s3:4→1, s3:4→1, s3:4→1, s3:4→1, s3:4→1, s3:4→1, s3:4→1}"
12	144	16	178	1	2	0	0	0	0	0	0	"{s1:12→1 / s2:1→1, 12→1 / s3:1→1, s1:12→1 / s2:1→1, 12→1 / s3:1→1, s1:12→1 / s2:1→1, 12→1 / s3:1→1, 12→1, s1:12→1 / s2:1→1, 12→1 / s3:1→1, 3→1, 12→1, s1:12→1 / s2:1→1, 12→1 / s3:1→1, 3→1, 12→2, s1:12→1 / s2:1→1, 12→1 / s3:1→1, 3→1, 12→2, s1:12→1 / s2:1→1, 12→1 / s3:1→1, 3→1, 12→3, s1:12→1 / s2:1→1, 12→1 / s3:1→1, 3→1, 12→3, s1:12→1 / s2:1→1, 12→1 / s3:1→2, 12→1, s1:12→1 / s2:1→1, 12→1 / s3:1→2, 3→1, 12→2, s1:12→1 / s2:1→1, 12→1 / s3:1→3, 12→1, s1:12→1 / s2:1→1, 12→1 / s3:1→3, 12→2, s1:12→1 / s2:1→1, 12→1 / s3:3→1, 12→1, s1:12→1 / s2:1→1, 12→1 / s3:3→1, 12→1, s1:12→1 / s2:1→1, 12→1 / s3:3→1, 12→2, s1:12→1 / s2:1→1, 12→1 / s3:3→1, 12→2, s1:12→1 / s2:1→1, 12→1 / s3:3→1, 12→3, s1:12→1 / s2:1→1 / s3:1→1, 12→1, s1:12→1 / s2:1→1 / s3:1→1, 12→1, s1:12→1 / s2:1→1 / s3:1→1, 3→1, 12→1, s1:12→1 / s2:1→1 / s3:1→1, 3→1, 12→2, s1:12→1 / s2:1→1 / s3:1→1, 3→1, 12→2, s1:12→1 / s2:1→1 / s3:1→1, 3→1, 12→3, s1:12→1 / s2:1→1 / s3:1→1, 3→1, 12→3, s1:12→1 / s2:1→1 / s3:1→2, 12→2, s1:12→1 / s2:1→1 / s3:1→2, 3→1, 12→2, s1:12→1 / s2:1→1 / s3:1→3, 12→2, s1:12→1 / s2:1→1 / s3:3→1, 12→1, s1:12→1 / s2:1→1 / s3:3→1, 12→1, s1:12→1 / s2:1→1 / s3:3→1, 12→2, s1:12→1 / s2:1→1 / s3:3→1, 12→2, s1:12→1 / s2:1→1 / s3:3→1, 12→3}"	"{s3:13→1, s3:14→1, s3:14→1, s3:13→1, s3:13→1, s3:14→1, s3:13→1, s3:14→1, s3:13→1, s3:13→1, s3:13→1, s3:13→1, s3:13→1, s3:14→1, s3:13→1, s3:14→1, s3:14→1, s3:13→1, s3:14→1, s3:13→1, s3:13→1, s3:14→1, s3:13→1, s3:14→1, s3:13→1, s3:13→1, s3:13→1, s3:13→1, s3:14→1, s3:13→1, s3:14→1, s3:14→1}"
12	144	16	184	2	1	0	0	0	0	0	0	"{s1:12→1 / s2:12→1 / s3:1→1, s1:12→1 / s2:12→2 / s3:1→1, 12→1, s1:12→1 / s2:1→1, 12→1 / s3:1→1, 12→2, s1:12→1 / s2:1→1, 12→1 / s3:1→1, 12→3, s1:12→1 / s2:1→1, 12→1 / s3:1→1, 3→1, 12→3, s1:12→1 / s2:1→1, 12→1 / s3:1→2, 12→1, s1:12→1 / s2:1→1, 12→1 / s3:1→2, 12→2, s1:12→1 / s2:1→1, 12→1 / s3:1→2, 12→3, s1:12→1 / s2:1→1, 12→1 / s3:1→3, 12→2, s1:12→1 / s2:1→1, 12→3 / s3:1→2, 12→2, s1:12→1 / s2:1→1 / s3:1→1, s1:12→1 / s2:1→1 / s3:1→1, 12→1, s1:12→1 / s2:1→1 / s3:1→1, 12→2, s1:12→1 / s2:1→1 / s3:1→1, 3→1, 12→1, s1:12→1 / s2:1→1 / s3:1→1, 3→1, 12→2, s1:12→1 / s2:1→1 / s3:1→1, 3→1, 12→3, s1:12→1 / s2:1→1 / s3:1→2, 12→1, s1:12→1 / s2:1→1 / s3:1→2, 12→1, s1:12→1 / s2:1→1 / s3:1→2, 12→2, s1:12→1 / s2:1→1 / s3:1→2, 12→2, s1:12→1 / s2:1→1 / s3:1→2, 12→3, s1:12→1 / s2:1→1 / s3:1→2, 3→1, 12→1, s1:12→1 / s2:1→1 / s3:1→2, 3→1, 12→2, s1:12→1 / s2:1→1 / s3:1→3, 12→2, s1:12→1 / s2:1→1 / s3:1→3, 12→2, s1:12→1 / s2:1→2, 12→1 / s3:1→2, 12→1, s1:12→1 / s2:1→2, 12→1 / s3:1→2, 12→2, s1:12→1 / s2:1→2, 12→1 / s3:1→2, 12→2, s1:12→1 / s2:1→2, 12→1 / s3:1→2, 12→3, s1:12→1 / s2:1→2, 12→1 / s3:1→2, 3→1, 12→2, s1:12→1 / s2:1→2, 12→1 / s3:1→3, 12→1, s1:12→1 / s2:1→2, 12→1 / s3:1→3, 12→2, s1:12→1 / s2:1→2, 12→1 / s3:1→3, 12→2, s1:12→1 / s2:1→2, 12→2 / s3:1→2, 12→2, s1:12→1 / s2:1→2, 12→2 / s3:1→3, 12→2, s1:12→1 / s2:1→3, 12→2 / s3:1→3, 12→2, s1:12→1 / s2:3→1, 12→1 / s3:1→1, s1:12→1 / s2:3→1, 12→2 / s3:1→1, 12→1, s1:1→1, 12→1 / s2:12→1 / s3:12→2, s1:1→1, 12→1 / s2:12→1 / s3:12→3, s1:1→1, 12→1 / s2:12→1 / s3:1→1, 12→2, s1:1→1, 12→1 / s2:12→1 / s3:1→1, 12→3, s1:1→1, 12→1 / s2:12→1 / s3:1→1, 12→4, s1:1→1, 12→1 / s2:12→1 / s3:3→1, 12→2, s1:1→1, 12→1 / s2:12→1 / s3:3→1, 12→3, s1:1→1, 12→1 / s2:12→1 / s3:3→1, 12→4, s1:1→1 / s2:12→1 / s3:12→1, s1:1→1 / s2:12→1 / s3:12→2, s1:1→1 / s2:12→1 / s3:1→1, 12→2, s1:1→1 / s2:12→1 / s3:1→1, 12→3, s1:1→1 / s2:12→1 / s3:1→1, 12→4, s1:1→1 / s2:12→1 / s3:3→1, 12→2, s1:1→1 / s2:12→1 / s3:3→1, 12→3, s1:1→1 / s2:12→1 / s3:3→1, 12→4}"	"{s2:4→1 / s3:13→1, s2:4→1 / s3:13→1, s2:13→1 / s3:4→1, s2:13→1 / s3:4→1, s2:13→1 / s3:13→1, s2:13→1 / s3:13→1, s2:13→1 / s3:13→1, s2:13→1 / s3:4→1, s2:13→1 / s3:13→1, s2:4→1 / s3:13→1, s2:13→1 / s3:13→1, s2:13→1 / s3:13→1, s2:13→1 / s3:4→1, s2:13→1 / s3:13→1, s2:13→1 / s3:13→1, s2:13→1 / s3:13→1, s2:13→1 / s3:13→1, s2:13→1 / s3:4→1, s2:13→1 / s3:13→1, s2:13→1 / s3:4→1, s2:13→1 / s3:4→1, s2:13→1 / s3:13→1, s2:13→1 / s3:13→1, s2:13→1 / s3:13→1, s2:13→1 / s3:4→1, s2:13→1 / s3:13→1, s2:13→1 / s3:13→1, s2:13→1 / s3:4→1, s2:13→1 / s3:4→1, s2:13→1 / s3:13→1, s2:13→1 / s3:13→1, s2:13→1 / s3:13→1, s2:13→1 / s3:4→1, s2:13→1 / s3:13→1, s2:13→1 / s3:13→1, s2:13→1 / s3:13→1, s2:13→1 / s3:13→1, s2:13→1 / s3:13→1, s2:13→1 / s3:4→1, s2:13→1 / s3:4→1, s2:13→1 / s3:4→1, s2:13→1 / s3:4→1, s2:13→1 / s3:4→1, s2:13→1 / s3:13→1, s2:13→1 / s3:13→1, s2:13→1 / s3:13→1, s2:13→1 / s3:13→1, s2:13→1 / s3:4→1, s2:13→1 / s3:4→1, s2:13→1 / s3:4→1, s2:13→1 / s3:4→1, s2:13→1 / s3:13→1, s2:13→1 / s3:13→1, s2:13→1 / s3:13→1}"
12	144	17	133	1	1	0	1	0	0	0	0	"{s1:12→1 / s2:1→1, s1:12→1 / s2:1→1 / s3:1→1, 12→1, s1:12→1 / s2:1→1 / s3:1→2, 12→1, s1:12→1 / s2:1→1 / s3:1→2, 12→2, s1:12→1 / s2:1→1 / s3:1→3, 12→2}"	"{s3:4→1, s3:4→1, s3:4→1, s3:4→1, s3:4→1}"
12	144	17	134	1	1	0	1	0	0	0	0	"{s1:12→1 / s2:1→1 / s3:1→1, 3→1, 12→1, s1:12→1 / s2:1→1 / s3:1→1, 3→1, 12→2, s1:12→1 / s2:1→1 / s3:3→1, 12→1}"	"{s3:14→1, s3:14→1, s3:14→1}"
12	144	17	137	1	0	2	0	0	0	0	0	"{s1:12→1 / s2:1→1 / s3:12→1, s1:12→1 / s2:1→1 / s3:12→2}"	"{s3:4→1, s3:4→1}"
12	144	17	151	0	2	1	0	0	0	0	0	"s1:12→1 / s2:1→1 / s3:1→1, 12→1"	""
12	144	17	157	1	1	1	0	0	0	0	0	"{s1:12→1 / s2:1→1, s1:12→1 / s2:1→1, 12→1 / s3:12→1, s1:12→1 / s2:1→1, 12→1 / s3:1→1, 12→1, s1:12→1 / s2:1→1 / s3:12→1, s1:12→1 / s2:1→1 / s3:1→1, 12→2, s1:12→1 / s2:1→1 / s3:1→1, 12→3, s1:12→1 / s2:1→1 / s3:1→2, 12→1, s1:12→1 / s2:1→1 / s3:1→2, 12→2, s1:12→1 / s2:1→1 / s3:1→2, 12→3, s1:12→1 / s2:1→1 / s3:1→3, 12→1, s1:12→1 / s2:1→1 / s3:1→3, 12→2, s1:1→1, 12→1 / s2:12→1 / s3:12→1, s1:1→1 / s2:12→1 / s3:12→2, s1:1→1 / s2:12→1 / s3:12→3}"	"{s3:4→1, s3:4→1, s3:4→1, s3:4→1, s3:4→1, s3:4→1, s3:4→1, s3:4→1, s3:4→1, s3:4→1, s3:4→1, s3:4→1, s3:4→1, s3:4→1}"
12	144	17	158	1	1	1	0	0	0	0	0	"{s1:12→1 / s2:1→1, 12→1 / s3:1→1, s1:12→1 / s2:1→1 / s3:1→1, 12→1, s1:12→1 / s2:1→1 / s3:1→1, 3→1, 12→1, s1:12→1 / s2:1→1 / s3:1→1, 3→1, 12→3, s1:12→1 / s2:1→1 / s3:3→1, 12→2, s1:12→1 / s2:1→1 / s3:3→1, 12→3, s1:1→1 / s2:12→1 / s3:3→1, 12→1, s1:1→1 / s2:12→1 / s3:3→1, 12→3, s1:1→1 / s2:12→1 / s3:3→1, 12→4}"	"{s3:14→1, s3:14→1, s3:14→1, s3:14→1, s3:14→1, s3:14→1, s3:14→1, s3:14→1, s3:14→1}"
12	144	17	171	0	3	0	0	0	0	0	0	"s1:12→1 / s2:1→1, 12→1 / s3:1→1, 12→1"	""
12	144	17	177	1	2	0	0	0	0	0	0	"{s1:12→1 / s2:1→1, 12→1 / s3:12→2, s1:12→1 / s2:1→1, 12→1 / s3:12→3, s1:12→1 / s2:1→1, 12→1 / s3:1→1, 12→4, s1:12→1 / s2:1→1, 12→2 / s3:12→3, s1:12→1 / s2:1→1 / s3:1→3, 12→2, s1:1→1, 12→1 / s2:1→1, 12→2 / s3:12→2}"	"{s3:4→1, s3:4→1, s3:4→1, s3:4→1, s3:4→1, s3:4→1}"
12	144	17	178	1	2	0	0	0	0	0	0	"{s1:12→1 / s2:1→1, 12→1 / s3:1→1, 12→1, s1:12→1 / s2:1→1, 12→1 / s3:1→1, 12→2, s1:12→1 / s2:1→1, 12→1 / s3:1→1, 12→2, s1:12→1 / s2:1→1, 12→1 / s3:1→1, 12→3, s1:12→1 / s2:1→1, 12→1 / s3:1→2, 12→2, s1:12→1 / s2:1→1, 12→1 / s3:1→2, 12→3, s1:12→1 / s2:1→1, 12→1 / s3:3→1, 12→3, s1:12→1 / s2:1→1, 12→1 / s3:3→1, 12→4, s1:12→1 / s2:1→1, 12→1 / s3:3→1, 12→4, s1:12→1 / s2:1→1, 12→2 / s3:1→1, 12→1, s1:12→1 / s2:1→1 / s3:1→1, 12→2, s1:12→1 / s2:1→1 / s3:1→2, 12→1, s1:12→1 / s2:1→1 / s3:1→2, 12→3}"	"{s3:13→1, s3:13→1, s3:14→1, s3:14→1, s3:13→1, s3:13→1, s3:13→1, s3:13→1, s3:14→1, s3:13→1, s3:14→1, s3:13→1, s3:13→1}"
12	144	18	107	1	1	0	0	1	0	0	0	"{s1:12→1 / s2:1→1, s1:12→1 / s2:1→1 / s3:1→1, s1:12→1 / s2:1→1 / s3:1→1, 12→1, s1:12→1 / s2:1→1 / s3:1→2, 12→1, s1:12→1 / s2:1→1 / s3:1→3, 12→1, s1:12→1 / s2:1→1 / s3:1→4, 12→1}"	"{s3:4→1, s3:4→1, s3:4→1, s3:4→1, s3:4→1, s3:4→1}"
12	144	18	108	1	1	0	0	1	0	0	0	"{s1:12→1 / s2:1→1 / s3:1→1, 3→1, s1:12→1 / s2:1→1 / s3:1→1, 3→1, 12→1, s1:12→1 / s2:1→1 / s3:3→1, s1:12→1 / s2:1→1 / s3:3→1, 12→1}"	"{s3:14→1, s3:14→1, s3:14→1, s3:14→1}"
12	144	18	113	1	0	1	1	0	0	0	0	"{s1:12→1 / s2:1→1, s1:12→1 / s2:1→1 / s3:12→1, s1:12→1 / s2:1→1 / s3:12→2}"	"{s3:4→1, s3:4→1, s3:4→1}"
12	144	18	127	0	2	0	1	0	0	0	0	"s1:12→1 / s2:1→1 / s3:1→1"	""
12	144	18	133	1	1	0	1	0	0	0	0	"{s1:12→1 / s2:1→1 / s3:12→1, s1:12→1 / s2:1→1 / s3:1→1, s1:12→1 / s2:1→1 / s3:1→1, 12→2, s1:12→1 / s2:1→1 / s3:1→1, 12→3, s1:12→1 / s2:1→1 / s3:1→2, s1:12→1 / s2:1→1 / s3:1→2, 12→3, s1:12→1 / s2:1→1 / s3:1→3, 12→1, s1:12→1 / s2:1→1 / s3:1→4, 12→1}"	"{s3:4→1, s3:4→1, s3:4→1, s3:4→1, s3:4→1, s3:4→1, s3:4→1, s3:4→1}"
12	144	18	134	1	1	0	1	0	0	0	0	"{s1:12→1 / s2:1→1 / s3:1→1, 12→1, s1:12→1 / s2:1→1 / s3:1→1, 3→1, s1:12→1 / s2:1→1 / s3:1→1, 3→1, 12→3, s1:12→1 / s2:1→1 / s3:3→1, s1:12→1 / s2:1→1 / s3:3→1, 12→2, s1:12→1 / s2:1→1 / s3:3→1, 12→3}"	"{s3:14→1, s3:14→1, s3:14→1, s3:14→1, s3:14→1, s3:14→1}"
12	144	18	137	1	0	2	0	0	0	0	0	"{s1:12→1 / s2:1→1, s1:12→1 / s2:1→1 / s3:12→3}"	"{s3:4→1, s3:4→1}"
12	144	18	157	1	1	1	0	0	0	0	0	"{s1:12→1 / s2:1→1, 12→1 / s3:1→2, 12→1, s1:12→1 / s2:1→1 / s3:1→4, 12→1, s1:1→1 / s2:12→1 / s3:12→4}"	"{s3:4→1, s3:4→1, s3:4→1}"
12	144	18	158	1	1	1	0	0	0	0	0	"s1:12→1 / s2:1→1 / s3:1→1, 12→2"	"s3:14→1"
12	144	18	171	0	3	0	0	0	0	0	0	"s1:12→1 / s2:12→1 / s3:1→1, 12→1"	""
12	144	18	177	1	2	0	0	0	0	0	0	"{s1:12→1 / s2:12→1 / s3:12→2, s1:12→1 / s2:12→1 / s3:1→1, 12→4, s1:12→1 / s2:1→1, 12→1 / s3:12→4, s1:12→1 / s2:1→1, 12→2 / s3:12→2, s1:12→1 / s2:1→1, 12→2 / s3:1→1, 12→3, s1:12→1 / s2:1→1 / s3:12→2, s1:12→1 / s2:1→1 / s3:1→1, 12→4, s1:1→1 / s2:1→1, s1:1→1 / s2:1→1, 12→3 / s3:12→3}"	"{s3:4→1, s3:4→1, s3:4→1, s3:4→1, s3:4→1, s3:4→1, s3:4→1, s3:4→1, s3:4→1}"
12	144	19	80	1	1	0	0	0	1	0	0	"{s1:12→1 / s2:1→1, s1:12→1 / s2:1→1 / s3:1→1, s1:12→1 / s2:1→1 / s3:1→2, s1:12→1 / s2:1→1 / s3:1→3}"	"{s3:4→1, s3:4→1, s3:4→1, s3:4→1}"
12	144	19	81	1	1	0	0	0	1	0	0	"{s1:12→1 / s2:1→1 / s3:1→1, 3→1, s1:12→1 / s2:1→1 / s3:3→1}"	"{s3:14→1, s3:14→1}"
12	144	19	87	1	0	1	0	1	0	0	0	"{s1:12→1 / s2:1→1, s1:12→1 / s2:1→1 / s3:12→1}"	"{s3:4→1, s3:4→1}"
12	144	19	101	0	2	0	0	1	0	0	0	"s1:12→1 / s2:1→1 / s3:1→1"	""
12	144	19	107	1	1	0	0	1	0	0	0	"{s1:12→1 / s2:1→1 / s3:12→1, s1:12→1 / s2:1→1 / s3:1→2, s1:12→1 / s2:1→1 / s3:1→3, s1:12→1 / s2:1→1 / s3:1→4}"	"{s3:4→1, s3:4→1, s3:4→1, s3:4→1}"
12	144	19	108	1	1	0	0	1	0	0	0	"{s1:12→1 / s2:1→1 / s3:1→1, s1:12→1 / s2:1→1 / s3:1→1, 12→1}"	"{s3:14→1, s3:14→1}"
12	144	19	113	1	0	1	1	0	0	0	0	"s1:12→1 / s2:1→1 / s3:12→3"	"s3:4→1"
12	144	19	133	1	1	0	1	0	0	0	0	"s1:12→1 / s2:1→1 / s3:1→3"	"s3:4→1"
12	144	19	134	1	1	0	1	0	0	0	0	"s1:12→1 / s2:1→1 / s3:1→1, 12→2"	"s3:14→1"
12	144	19	137	1	0	2	0	0	0	0	0	"s1:12→1 / s2:1→1 / s3:12→4"	"s3:4→1"
12	144	19	157	1	1	1	0	0	0	0	0	"{s1:12→1 / s2:1→1 / s3:12→2, s1:12→1 / s2:1→1 / s3:1→1, s1:12→1 / s2:1→1 / s3:1→1, 12→4, s1:1→1 / s2:12→1 / s3:12→5}"	"{s3:4→1, s3:4→1, s3:4→1, s3:4→1}"
12	144	19	158	1	1	1	0	0	0	0	0	"{s1:12→1 / s2:1→1 / s3:3→1, s1:12→1 / s2:1→1 / s3:3→1, 12→4}"	"{s3:14→1, s3:14→1}"
12	144	19	171	0	3	0	0	0	0	0	0	"s1:12→1 / s2:1→1 / s3:1→1, 12→2"	""
12	144	20	46	0	2	0	0	0	0	1	0	"s1:12→1 / s2:1→1 / s3:1→1"	""
12	144	20	52	1	1	0	0	0	0	1	0	"{s1:12→1 / s2:1→1, s1:12→1 / s2:1→1 / s3:1→1, s1:12→1 / s2:1→1 / s3:1→2, s1:12→1 / s2:1→1 / s3:1→3, s1:12→1 / s2:1→1 / s3:1→4}"	"{s3:4→1, s3:4→1, s3:4→1, s3:4→1, s3:4→1}"
12	144	20	53	1	1	0	0	0	0	1	0	"{s1:12→1 / s2:1→1 / s3:1→1, 3→1, s1:12→1 / s2:1→1 / s3:3→1}"	"{s3:14→1, s3:14→1}"
12	144	20	60	1	0	1	0	0	1	0	0	"s1:12→1 / s2:1→1"	"s3:4→1"
12	144	20	74	0	2	0	0	0	1	0	0	"s1:12→1 / s2:1→1 / s3:1→1"	""
12	144	20	80	1	1	0	0	0	1	0	0	"s1:12→1 / s2:1→1 / s3:1→4"	"s3:4→1"
12	144	20	81	1	1	0	0	0	1	0	0	"s1:12→1 / s2:1→1 / s3:1→1"	"s3:14→1"
12	144	20	133	1	1	0	1	0	0	0	0	"{s1:12→1 / s2:1→1 / s3:12→2, s1:12→1 / s2:1→1 / s3:1→4}"	"{s3:4→1, s3:4→1}"
12	144	20	137	1	0	2	0	0	0	0	0	"s1:12→1 / s2:1→1 / s3:12→5"	"s3:4→1"
12	144	20	151	0	2	1	0	0	0	0	0	"{s1:12→1 / s2:1→1 / s3:1→1, s1:1→1 / s2:12→1 / s3:12→1}"	""
12	144	20	158	1	1	1	0	0	0	0	0	"s1:12→1 / s2:1→1 / s3:12→1"	"s3:14→1"
12	144	20	171	0	3	0	0	0	0	0	0	"s1:12→1 / s2:12→1 / s3:12→1"	""
12	144	21	32	1	0	1	0	0	0	1	0	"s1:12→1 / s2:1→1"	"s3:4→1"
12	144	21	53	1	1	0	0	0	0	1	0	"s1:12→1 / s2:1→1 / s3:1→1"	"s3:14→1"
12	144	21	131	0	1	2	0	0	0	0	0	"s1:12→1 / s2:1→1 / s3:12→1"	""
12	144	21	134	1	1	0	1	0	0	0	0	"{s1:12→1 / s2:1→1 / s3:12→1, s1:12→1 / s2:1→1 / s3:1→1}"	"{s3:14→1, s3:14→1}"
12	144	21	157	1	1	1	0	0	0	0	0	"s1:12→1 / s2:12→1 / s3:12→1"	"s3:4→1"
12	144	22	108	1	1	0	0	1	0	0	0	"s1:12→1 / s2:1→1 / s3:12→1"	"s3:14→1"
12	144	22	134	1	1	0	1	0	0	0	0	"s1:12→1 / s2:1→1 / s3:1→1, 12→3"	"s3:14→1"
12	144	22	158	1	1	1	0	0	0	0	0	"s1:12→1 / s2:1→1 / s3:1→1, 12→3"	"s3:14→1"
12	144	23	158	1	1	1	0	0	0	0	0	"s1:12→1 / s2:1→1 / s3:1→1, 3→1"	"s3:14→1"
12	144	28	157	1	1	1	0	0	0	0	0	"s1:12→1 / s2:1→1 / s3:1→2"	"s3:4→1"
12	144	30	133	1	1	0	1	0	0	0	0	"s1:12→1 / s2:1→1 / s3:12→3"	"s3:4→1"
12	145	16	158	2	1	0	0	0	0	0	0	"{s1:12→1 / s2:1→1, 12→1 / s3:1→3, 8→1, 12→1, s1:12→1 / s2:1→1 / s3:1→1, 12→1, s1:12→1 / s2:1→1 / s3:1→1, 3→1, 12→1, s1:12→1 / s2:1→1 / s3:1→1, 3→1, 8→1, s1:12→1 / s2:1→1 / s3:1→1, 3→1, 8→1, 12→1, s1:12→1 / s2:1→1 / s3:1→2, 3→1, 8→1, s1:12→1 / s2:1→1 / s3:1→2, 3→1, 8→1, 12→1, s1:12→1 / s2:1→1 / s3:1→2, 8→1, s1:12→1 / s2:1→1 / s3:1→2, 8→1, s1:12→1 / s2:1→1 / s3:1→2, 8→1, 12→1, s1:12→1 / s2:1→1 / s3:1→2, 8→1, 12→1, s1:12→1 / s2:1→1 / s3:1→2, 8→1, 12→2, s1:12→1 / s2:1→1 / s3:1→3, 3→1, 8→1, s1:12→1 / s2:1→1 / s3:1→3, 8→1, 12→1, s1:12→1 / s2:1→1 / s3:1→3, 8→1, 12→1, s1:12→1 / s3:1→1, s1:12→1 / s3:1→2, 8→1, s1:12→1 / s3:1→3, 8→1, s1:1→1, 12→1 / s2:12→1 / s3:1→1, 8→1, 12→1, s1:1→1, 12→1 / s3:1→1, 8→1, s1:1→1 / s2:12→1 / s3:12→1, s1:1→1 / s2:12→1 / s3:1→1, 12→2, s1:1→1 / s2:12→1 / s3:1→1, 8→1, 12→2, s1:1→1 / s2:12→1 / s3:1→1, 8→1, 12→2, s1:1→1 / s2:12→1 / s3:1→1, 8→1, 12→3, s1:1→1 / s2:12→1 / s3:1→1, 8→1, 12→3, s1:1→1 / s2:12→1 / s3:3→1, 12→2, s1:1→1 / s2:12→1 / s3:3→1, 8→1, 12→2, s1:1→1 / s2:12→1 / s3:3→1, 8→1, 12→3, s1:1→1 / s2:12→1 / s3:8→1, 12→2}"	"{s2:4→1 / s3:13→1, s2:13→1 / s3:4→1, s2:13→1 / s3:13→1, s2:13→1 / s3:13→1, s2:13→1 / s3:13→1, s2:13→1 / s3:13→1, s2:13→1 / s3:13→1, s2:13→1 / s3:13→1, s2:13→1 / s3:4→1, s2:13→1 / s3:13→1, s2:13→1 / s3:4→1, s2:13→1 / s3:4→1, s2:13→1 / s3:13→1, s2:13→1 / s3:13→1, s2:13→1 / s3:4→1, s2:4→1 / s3:13→1, s2:4→1 / s3:13→1, s2:4→1 / s3:13→1, s2:4→1 / s3:13→1, s2:4→1 / s3:13→1, s2:13→1 / s3:4→1, s2:13→1 / s3:4→1, s2:13→1 / s3:4→1, s2:4→1 / s3:13→1, s2:13→1 / s3:4→1, s2:4→1 / s3:13→1, s2:13→1 / s3:13→1, s2:13→1 / s3:13→1, s2:13→1 / s3:13→1, s2:13→1 / s3:4→1}"
12	145	17	131	1	1	1	0	0	0	0	0	"{s1:12→1 / s2:1→1, s1:12→1 / s2:1→1 / s3:1→1, 12→1, s1:12→1 / s2:1→1 / s3:1→1, 8→1, s1:12→1 / s2:1→1 / s3:1→1, 8→1, 12→1, s1:12→1 / s2:1→1 / s3:1→2, 8→1, s1:12→1 / s2:1→1 / s3:1→2, 8→1, 12→1, s1:12→1 / s2:1→1 / s3:1→3, 8→1, s1:12→1 / s2:1→1 / s3:1→3, 8→1, 12→1, s1:12→1 / s2:1→1 / s3:1→4, 8→1, s1:12→1 / s2:1→1 / s3:8→1, s1:1→1 / s2:12→1 / s3:12→1, s1:1→1 / s2:12→1 / s3:8→1, s1:1→1 / s2:12→1 / s3:8→1, 12→1, s1:1→1 / s2:12→1 / s3:8→1, 12→2, s1:1→1 / s2:12→1 / s3:8→1, 12→3, s1:1→1 / s2:12→1 / s3:8→1, 12→4}"	"{s3:4→1, s3:4→1, s3:4→1, s3:4→1, s3:4→1, s3:4→1, s3:4→1, s3:4→1, s3:4→1, s3:4→1, s3:4→1, s3:4→1, s3:4→1, s3:4→1, s3:4→1, s3:4→1}"
12	145	17	132	1	1	1	0	0	0	0	0	"{s1:12→1 / s2:1→1 / s3:1→1, 3→1, 12→1, s1:12→1 / s2:1→1 / s3:1→1, 3→1, 8→1, s1:12→1 / s2:1→1 / s3:1→1, 3→1, 8→1, 12→1, s1:12→1 / s2:1→1 / s3:1→1, 8→1, s1:12→1 / s2:1→1 / s3:1→1, 8→1, 12→1, s1:12→1 / s2:1→1 / s3:3→1, 12→1, s1:12→1 / s2:1→1 / s3:3→1, 8→1, s1:12→1 / s2:1→1 / s3:3→1, 8→1, 12→1, s1:1→1 / s2:12→1 / s3:3→1, 12→1, s1:1→1 / s2:12→1 / s3:3→1, 12→2, s1:1→1 / s2:12→1 / s3:3→1, 8→1, s1:1→1 / s2:12→1 / s3:3→1, 8→1, 12→1, s1:1→1 / s2:12→1 / s3:3→1, 8→1, 12→2, s1:1→1 / s2:12→1 / s3:3→1, 8→1, 12→3, s1:1→1 / s2:12→1 / s3:8→1, s1:1→1 / s2:12→1 / s3:8→1, 12→1}"	"{s3:14→1, s3:14→1, s3:14→1, s3:14→1, s3:14→1, s3:14→1, s3:14→1, s3:14→1, s3:14→1, s3:14→1, s3:14→1, s3:14→1, s3:14→1, s3:14→1, s3:14→1, s3:14→1}"
12	145	17	145	0	3	0	0	0	0	0	0	"s1:12→1 / s2:1→1 / s3:1→1, 12→1"	""
12	145	17	151	1	2	0	0	0	0	0	0	"{s1:12→1 / s2:1→1, s1:12→1 / s2:1→1, 12→1 / s3:12→1, s1:12→1 / s2:1→1, 12→1 / s3:1→1, 12→1, s1:12→1 / s2:1→1, 12→1 / s3:1→1, 8→1, 12→1, s1:12→1 / s2:1→1, 12→1 / s3:1→2, 12→1, s1:12→1 / s2:1→1, 12→1 / s3:1→2, 8→1, 12→1, s1:12→1 / s2:1→1, 12→1 / s3:1→3, 12→1, s1:12→1 / s2:1→1, 12→1 / s3:1→3, 8→1, 12→1, s1:12→1 / s2:1→1, 12→1 / s3:8→1, 12→1, s1:12→1 / s2:1→1 / s3:12→1, s1:12→1 / s2:1→1 / s3:1→1, 12→1, s1:12→1 / s2:1→1 / s3:1→1, 12→2, s1:12→1 / s2:1→1 / s3:1→1, 12→3, s1:12→1 / s2:1→1 / s3:1→1, 8→1, s1:12→1 / s2:1→1 / s3:1→1, 8→1, 12→1, s1:12→1 / s2:1→1 / s3:1→1, 8→1, 12→2, s1:12→1 / s2:1→1 / s3:1→1, 8→1, 12→3, s1:12→1 / s2:1→1 / s3:1→2, 12→1, s1:12→1 / s2:1→1 / s3:1→2, 12→2, s1:12→1 / s2:1→1 / s3:1→2, 12→3, s1:12→1 / s2:1→1 / s3:1→2, 8→1, s1:12→1 / s2:1→1 / s3:1→2, 8→1, 12→1, s1:12→1 / s2:1→1 / s3:1→2, 8→1, 12→2, s1:12→1 / s2:1→1 / s3:1→3, 12→2, s1:12→1 / s2:1→1 / s3:1→3, 8→1, s1:12→1 / s2:1→1 / s3:1→3, 8→1, 12→1, s1:12→1 / s2:1→1 / s3:8→1, s1:12→1 / s2:1→1 / s3:8→1, 12→1, s1:12→1 / s2:1→1 / s3:8→1, 12→2, s1:12→1 / s2:1→1 / s3:8→1, 12→3, s1:1→1, 12→1 / s2:1→1, 12→1 / s3:12→1, s1:1→1 / s2:1→1, 12→1, s1:1→1 / s2:1→1, 12→1 / s3:12→1, s1:1→1 / s2:1→1, 12→1 / s3:12→2, s1:1→1 / s2:1→1, 12→2 / s3:12→1, s1:1→1 / s2:1→1, 12→2 / s3:12→2, s1:1→1 / s2:1→1, 12→2 / s3:12→3}"	"{s3:4→1, s3:4→1, s3:4→1, s3:4→1, s3:4→1, s3:4→1, s3:4→1, s3:4→1, s3:4→1, s3:4→1, s3:4→1, s3:4→1, s3:4→1, s3:4→1, s3:4→1, s3:4→1, s3:4→1, s3:4→1, s3:4→1, s3:4→1, s3:4→1, s3:4→1, s3:4→1, s3:4→1, s3:4→1, s3:4→1, s3:4→1, s3:4→1, s3:4→1, s3:4→1, s3:4→1, s3:4→1, s3:4→1, s3:4→1, s3:4→1, s3:4→1, s3:4→1}"
12	145	17	152	1	2	0	0	0	0	0	0	"{s1:12→1 / s2:1→1, 12→1 / s3:1→1, s1:12→1 / s2:1→1, 12→1 / s3:1→1, s1:12→1 / s2:1→1, 12→1 / s3:1→1, 8→1, s1:12→1 / s2:1→1, 12→1 / s3:1→1, 8→1, s1:12→1 / s2:1→1, 12→1 / s3:1→2, 8→1, s1:12→1 / s2:1→1 / s3:12→1, s1:12→1 / s2:1→1 / s3:1→1, s1:12→1 / s2:1→1 / s3:1→1, 12→1, s1:12→1 / s2:1→1 / s3:1→1, 12→1, s1:12→1 / s2:1→1 / s3:1→1, 12→2, s1:12→1 / s2:1→1 / s3:1→1, 3→1, 12→1, s1:12→1 / s2:1→1 / s3:1→1, 3→1, 12→1, s1:12→1 / s2:1→1 / s3:1→1, 3→1, 12→2, s1:12→1 / s2:1→1 / s3:1→1, 3→1, 12→2, s1:12→1 / s2:1→1 / s3:1→1, 3→1, 12→3, s1:12→1 / s2:1→1 / s3:1→1, 3→1, 12→3, s1:12→1 / s2:1→1 / s3:1→1, 3→1, 8→1, s1:12→1 / s2:1→1 / s3:1→1, 3→1, 8→1, s1:12→1 / s2:1→1 / s3:1→1, 3→1, 8→1, 12→1, s1:12→1 / s2:1→1 / s3:1→1, 3→1, 8→1, 12→1, s1:12→1 / s2:1→1 / s3:1→1, 3→1, 8→1, 12→2, s1:12→1 / s2:1→1 / s3:1→1, 3→1, 8→1, 12→2, s1:12→1 / s2:1→1 / s3:1→1, 8→1, s1:12→1 / s2:1→1 / s3:1→1, 8→1, s1:12→1 / s2:1→1 / s3:1→1, 8→1, 12→1, s1:12→1 / s2:1→1 / s3:1→1, 8→1, 12→1, s1:12→1 / s2:1→1 / s3:1→1, 8→1, 12→2, s1:12→1 / s2:1→1 / s3:1→1, 8→1, 12→2, s1:12→1 / s2:1→1 / s3:1→1, 8→1, 12→3, s1:12→1 / s2:1→1 / s3:1→1, 8→1, 12→3, s1:12→1 / s2:1→1 / s3:1→2, 12→1, s1:12→1 / s2:1→1 / s3:1→2, 12→2, s1:12→1 / s2:1→1 / s3:1→2, 3→1, 12→1, s1:12→1 / s2:1→1 / s3:1→2, 3→1, 12→2, s1:12→1 / s2:1→1 / s3:1→2, 3→1, 8→1, s1:12→1 / s2:1→1 / s3:1→2, 3→1, 8→1, 12→1, s1:12→1 / s2:1→1 / s3:1→2, 8→1, s1:12→1 / s2:1→1 / s3:1→2, 8→1, 12→1, s1:12→1 / s2:1→1 / s3:1→2, 8→1, 12→2, s1:12→1 / s2:1→1 / s3:1→3, 12→2, s1:12→1 / s2:1→1 / s3:1→3, 3→1, 8→1, s1:12→1 / s2:1→1 / s3:1→3, 8→1, s1:12→1 / s2:1→1 / s3:1→3, 8→1, 12→1, s1:12→1 / s2:1→1 / s3:3→1, s1:12→1 / s2:1→1 / s3:3→1, 12→1, s1:12→1 / s2:1→1 / s3:3→1, 12→1, s1:12→1 / s2:1→1 / s3:3→1, 12→2, s1:12→1 / s2:1→1 / s3:3→1, 12→2, s1:12→1 / s2:1→1 / s3:3→1, 12→3, s1:12→1 / s2:1→1 / s3:3→1, 8→1, s1:12→1 / s2:1→1 / s3:3→1, 8→1, s1:12→1 / s2:1→1 / s3:3→1, 8→1, 12→1, s1:12→1 / s2:1→1 / s3:3→1, 8→1, 12→1, s1:12→1 / s2:1→1 / s3:3→1, 8→1, 12→2, s1:12→1 / s2:1→1 / s3:3→1, 8→1, 12→2, s1:12→1 / s2:1→1 / s3:3→1, 8→1, 12→3, s1:12→1 / s2:1→1 / s3:3→1, 8→1, 12→3, s1:12→1 / s2:1→1 / s3:8→1, s1:12→1 / s2:1→1 / s3:8→1, s1:12→1 / s2:1→1 / s3:8→1, 12→1}"	"{s3:13→1, s3:14→1, s3:13→1, s3:14→1, s3:13→1, s3:14→1, s3:13→1, s3:13→1, s3:14→1, s3:14→1, s3:13→1, s3:14→1, s3:13→1, s3:14→1, s3:13→1, s3:14→1, s3:13→1, s3:14→1, s3:13→1, s3:14→1, s3:13→1, s3:14→1, s3:13→1, s3:14→1, s3:13→1, s3:14→1, s3:13→1, s3:14→1, s3:13→1, s3:14→1, s3:13→1, s3:13→1, s3:13→1, s3:13→1, s3:13→1, s3:13→1, s3:13→1, s3:13→1, s3:13→1, s3:13→1, s3:13→1, s3:13→1, s3:13→1, s3:13→1, s3:13→1, s3:14→1, s3:13→1, s3:14→1, s3:14→1, s3:13→1, s3:14→1, s3:13→1, s3:14→1, s3:13→1, s3:14→1, s3:13→1, s3:14→1, s3:13→1, s3:14→1, s3:14→1}"
12	145	17	158	2	1	0	0	0	0	0	0	"{s1:12→1 / s2:12→1 / s3:1→1, s1:12→1 / s2:12→1 / s3:1→1, 12→1, s1:12→1 / s2:12→1 / s3:1→1, 8→1, 12→1, s1:12→1 / s2:1→1, 12→1 / s3:1→2, 12→1, s1:12→1 / s2:1→1 / s3:1→1, s1:12→1 / s2:1→1 / s3:1→1, s1:12→1 / s2:1→1 / s3:1→1, 12→1, s1:12→1 / s2:1→1 / s3:1→1, 12→2, s1:12→1 / s2:1→1 / s3:1→1, 3→1, s1:12→1 / s2:1→1 / s3:1→1, 3→1, 12→2, s1:12→1 / s2:1→1 / s3:1→1, 3→1, 8→1, 12→2, s1:12→1 / s2:1→1 / s3:1→1, 8→1, s1:12→1 / s2:1→1 / s3:1→1, 8→1, s1:12→1 / s2:1→1 / s3:1→1, 8→1, 12→1, s1:12→1 / s2:1→1 / s3:1→1, 8→1, 12→1, s1:12→1 / s2:1→1 / s3:1→1, 8→1, 12→2, s1:12→1 / s2:1→1 / s3:1→2, 12→1, s1:12→1 / s2:1→1 / s3:1→2, 12→1, s1:12→1 / s2:1→1 / s3:1→2, 12→2, s1:12→1 / s2:1→1 / s3:1→2, 12→2, s1:12→1 / s2:1→1 / s3:1→2, 12→3, s1:12→1 / s2:1→1 / s3:1→2, 3→1, 12→1, s1:12→1 / s2:1→1 / s3:1→2, 3→1, 12→2, s1:12→1 / s2:1→1 / s3:1→2, 8→1, 12→2, s1:12→1 / s2:1→1 / s3:1→3, 12→1, s1:12→1 / s2:1→1 / s3:1→3, 12→1, s1:12→1 / s2:1→1 / s3:1→3, 12→2, s1:12→1 / s2:1→1 / s3:1→3, 12→2, s1:12→1 / s2:1→1 / s3:1→3, 3→1, 12→1, s1:12→1 / s2:1→1 / s3:1→3, 8→1, s1:12→1 / s2:1→1 / s3:1→3, 8→1, s1:12→1 / s2:1→1 / s3:1→4, 12→1, s1:12→1 / s2:1→1 / s3:1→4, 8→1, s1:12→1 / s2:1→1 / s3:1→4, 8→1, s1:12→1 / s2:1→2, 12→1 / s3:1→2, 12→1, s1:12→1 / s2:1→3, 12→1 / s3:1→3, 12→1, s1:12→1 / s2:3→1, 12→1 / s3:1→1, s1:12→1 / s2:3→1, 8→1, 12→1 / s3:1→1, s1:12→1 / s2:3→1 / s3:1→1, s1:1→1, 12→1 / s2:12→1 / s3:12→1, s1:1→1 / s2:12→1 / s3:12→1, s1:1→1 / s2:12→1 / s3:12→2, s1:1→1 / s2:12→1 / s3:12→3, s1:1→1 / s2:12→1 / s3:1→1, 12→1, s1:1→1 / s2:12→1 / s3:1→1, 12→3, s1:1→1 / s2:12→1 / s3:1→1, 12→4, s1:1→1 / s2:12→1 / s3:1→1, 8→1, 12→1, s1:1→1 / s2:12→1 / s3:3→1, 12→1, s1:1→1 / s2:12→1 / s3:3→1, 12→3, s1:1→1 / s2:12→1 / s3:3→1, 12→4, s1:1→1 / s2:12→1 / s3:3→1, 8→1, 12→1, s1:1→1 / s2:12→1 / s3:8→1, 12→1, s1:1→1 / s2:12→1 / s3:8→1, 12→1, s1:1→1 / s2:12→1 / s3:8→1, 12→2, s1:1→1 / s2:12→1 / s3:8→1, 12→3, s1:1→1 / s2:12→1 / s3:8→1, 12→3, s1:1→1 / s2:12→1 / s3:8→1, 12→4, s1:1→1 / s3:1→1, 8→1}"	"{s2:4→1 / s3:13→1, s2:4→1 / s3:13→1, s2:4→1 / s3:13→1, s2:4→1 / s3:13→1, s2:13→1 / s3:13→1, s2:13→1 / s3:4→1, s2:13→1 / s3:13→1, s2:13→1 / s3:4→1, s2:13→1 / s3:13→1, s2:13→1 / s3:13→1, s2:13→1 / s3:13→1, s2:13→1 / s3:13→1, s2:13→1 / s3:4→1, s2:13→1 / s3:13→1, s2:13→1 / s3:4→1, s2:13→1 / s3:4→1, s2:13→1 / s3:13→1, s2:13→1 / s3:4→1, s2:13→1 / s3:13→1, s2:13→1 / s3:4→1, s2:13→1 / s3:4→1, s2:13→1 / s3:13→1, s2:13→1 / s3:13→1, s2:13→1 / s3:13→1, s2:13→1 / s3:13→1, s2:13→1 / s3:4→1, s2:13→1 / s3:13→1, s2:13→1 / s3:4→1, s2:13→1 / s3:13→1, s2:13→1 / s3:13→1, s2:13→1 / s3:4→1, s2:13→1 / s3:4→1, s2:13→1 / s3:13→1, s2:13→1 / s3:4→1, s2:13→1 / s3:4→1, s2:13→1 / s3:4→1, s2:13→1 / s3:13→1, s2:13→1 / s3:13→1, s2:13→1 / s3:13→1, s2:13→1 / s3:4→1, s2:13→1 / s3:13→1, s2:13→1 / s3:4→1, s2:13→1 / s3:4→1, s2:13→1 / s3:4→1, s2:13→1 / s3:4→1, s2:13→1 / s3:4→1, s2:13→1 / s3:4→1, s2:13→1 / s3:13→1, s2:13→1 / s3:13→1, s2:13→1 / s3:13→1, s2:13→1 / s3:13→1, s2:13→1 / s3:13→1, s2:13→1 / s3:4→1, s2:13→1 / s3:13→1, s2:13→1 / s3:13→1, s2:13→1 / s3:4→1, s2:13→1 / s3:4→1, s2:4→1 / s3:13→1}"
12	145	18	107	1	1	0	1	0	0	0	0	"{s1:12→1 / s2:1→1, s1:12→1 / s2:1→1 / s3:1→1, s1:12→1 / s2:1→1 / s3:1→1, 8→1, s1:12→1 / s2:1→1 / s3:1→2, 8→1, s1:12→1 / s2:1→1 / s3:1→3, 8→1, s1:12→1 / s2:1→1 / s3:1→4, 8→1, s1:12→1 / s2:1→1 / s3:8→1}"	"{s3:4→1, s3:4→1, s3:4→1, s3:4→1, s3:4→1, s3:4→1, s3:4→1}"
12	145	18	108	1	1	0	1	0	0	0	0	"{s1:12→1 / s2:1→1 / s3:1→1, 3→1, s1:12→1 / s2:1→1 / s3:1→1, 3→1, 8→1, s1:12→1 / s2:1→1 / s3:1→1, 8→1, s1:12→1 / s2:1→1 / s3:3→1, s1:12→1 / s2:1→1 / s3:3→1, 8→1, s1:12→1 / s2:1→1 / s3:8→1}"	"{s3:14→1, s3:14→1, s3:14→1, s3:14→1, s3:14→1, s3:14→1}"
12	145	18	111	1	0	2	0	0	0	0	0	"{s1:12→1 / s2:1→1, s1:12→1 / s2:1→1 / s3:12→1, s1:12→1 / s2:1→1 / s3:8→1, s1:12→1 / s2:1→1 / s3:8→1, 12→1}"	"{s3:4→1, s3:4→1, s3:4→1, s3:4→1}"
12	145	18	125	0	2	1	0	0	0	0	0	"{s1:12→1 / s2:1→1 / s3:1→1, s1:1→1 / s2:12→1 / s3:12→1}"	""
12	145	18	131	1	1	1	0	0	0	0	0	"{s1:12→1 / s2:1→1 / s3:12→1, s1:12→1 / s2:1→1 / s3:1→1, s1:12→1 / s2:1→1 / s3:1→2, s1:12→1 / s2:1→1 / s3:1→2, 12→1, s1:12→1 / s2:1→1 / s3:1→3, 12→1, s1:12→1 / s2:1→1 / s3:1→4, 12→1, s1:12→1 / s2:1→1 / s3:8→1, 12→1, s1:1→1 / s2:12→1, s1:1→1 / s2:12→1 / s3:12→2, s1:1→1 / s2:12→1 / s3:12→3, s1:1→1 / s2:12→1 / s3:12→4}"	"{s3:4→1, s3:4→1, s3:4→1, s3:4→1, s3:4→1, s3:4→1, s3:4→1, s3:4→1, s3:4→1, s3:4→1, s3:4→1}"
12	145	18	132	1	1	1	0	0	0	0	0	"{s1:12→1 / s2:1→1 / s3:12→1, s1:12→1 / s2:1→1 / s3:1→1, 12→1, s1:12→1 / s2:1→1 / s3:1→1, 3→1, s1:12→1 / s2:1→1 / s3:3→1, s1:12→1 / s2:1→1 / s3:8→1, s1:12→1 / s2:1→1 / s3:8→1, 12→1, s1:1→1 / s2:12→1 / s3:3→1, s1:1→1 / s2:12→1 / s3:3→1, 12→3, s1:1→1 / s2:12→1 / s3:3→1, 12→4, s1:1→1 / s2:12→1 / s3:8→1, 12→2, s1:1→1 / s2:12→1 / s3:8→1, 12→3, s1:1→1 / s2:12→1 / s3:8→1, 12→4}"	"{s3:14→1, s3:14→1, s3:14→1, s3:14→1, s3:14→1, s3:14→1, s3:14→1, s3:14→1, s3:14→1, s3:14→1, s3:14→1, s3:14→1}"
12	145	18	145	0	3	0	0	0	0	0	0	"s1:12→1 / s2:1→1 / s3:1→1, 12→2"	""
12	145	18	151	1	2	0	0	0	0	0	0	"{s1:12→1 / s2:12→1 / s3:12→1, s1:12→1 / s2:1→1 / s3:12→2, s1:12→1 / s2:1→1 / s3:1→1, 12→4, s1:12→1 / s2:1→1 / s3:1→3, 12→1, s1:12→1 / s2:1→1 / s3:1→4, 8→1, s1:12→1 / s2:1→1 / s3:8→1, 12→4, s1:1→1 / s2:1→1}"	"{s3:4→1, s3:4→1, s3:4→1, s3:4→1, s3:4→1, s3:4→1, s3:4→1}"
12	145	18	152	1	2	0	0	0	0	0	0	"{s1:12→1 / s2:1→1 / s3:1→1, 12→2, s1:12→1 / s2:1→1 / s3:1→1, 12→3, s1:12→1 / s2:1→1 / s3:1→1, 3→1, s1:12→1 / s2:1→1 / s3:1→2, 12→3, s1:12→1 / s2:1→1 / s3:1→3, 12→1, s1:12→1 / s2:1→1 / s3:1→3, 3→1, 12→1, s1:12→1 / s2:1→1 / s3:1→4, 8→1, s1:12→1 / s2:1→1 / s3:3→1, 12→3, s1:12→1 / s2:1→1 / s3:3→1, 12→4, s1:12→1 / s2:1→1 / s3:8→1, 12→1, s1:12→1 / s2:1→1 / s3:8→1, 12→2, s1:12→1 / s2:1→1 / s3:8→1, 12→3}"	"{s3:13→1, s3:14→1, s3:13→1, s3:13→1, s3:13→1, s3:13→1, s3:13→1, s3:13→1, s3:14→1, s3:13→1, s3:14→1, s3:14→1}"
12	145	18	158	2	1	0	0	0	0	0	0	"{s1:12→1 / s2:1→1 / s3:1→1, 12→3, s1:12→1 / s2:1→1 / s3:1→1, 8→1, 12→2, s1:12→1 / s2:1→1 / s3:1→1, 8→1, 12→3, s1:12→1 / s2:1→1 / s3:1→2, 3→1, s1:12→1 / s2:1→1 / s3:1→4, 12→1, s1:12→1 / s2:1→4, 12→1 / s3:1→4, 12→1, s1:12→1 / s2:3→1, 12→2 / s3:1→1, s1:12→1 / s2:3→1, 8→1 / s3:1→1, s1:1→1 / s2:12→1 / s3:8→1, 12→4}"	"{s2:13→1 / s3:4→1, s2:13→1 / s3:13→1, s2:13→1 / s3:4→1, s2:13→1 / s3:13→1, s2:13→1 / s3:13→1, s2:13→1 / s3:4→1, s2:13→1 / s3:13→1, s2:13→1 / s3:13→1, s2:13→1 / s3:13→1}"
12	145	19	87	1	0	1	1	0	0	0	0	"{s1:12→1 / s2:1→1, s1:12→1 / s2:1→1 / s3:8→1}"	"{s3:4→1, s3:4→1}"
12	145	19	101	0	2	0	1	0	0	0	0	"s1:12→1 / s2:1→1 / s3:1→1"	""
12	145	19	107	1	1	0	1	0	0	0	0	"{s1:12→1 / s2:1→1 / s3:1→2, s1:12→1 / s2:1→1 / s3:1→3, s1:12→1 / s2:1→1 / s3:1→4}"	"{s3:4→1, s3:4→1, s3:4→1}"
12	145	19	108	1	1	0	1	0	0	0	0	"s1:12→1 / s2:1→1 / s3:1→1"	"s3:14→1"
12	145	19	131	1	1	1	0	0	0	0	0	"{s1:12→1 / s2:1→1 / s3:1→3, s1:1→1 / s2:12→1 / s3:12→5}"	"{s3:4→1, s3:4→1}"
12	145	19	151	1	2	0	0	0	0	0	0	"{s1:12→1 / s2:12→1 / s3:8→1, 12→1, s1:12→1 / s2:1→1 / s3:12→3, s1:12→1 / s2:1→1 / s3:1→1, s1:12→1 / s2:1→1 / s3:1→4, 12→1}"	"{s3:4→1, s3:4→1, s3:4→1, s3:4→1}"
12	145	19	152	1	2	0	0	0	0	0	0	"{s1:12→1 / s2:12→1 / s3:8→1, s1:12→1 / s2:1→1 / s3:3→1, s1:12→1 / s2:1→1 / s3:3→1, 12→4, s1:12→1 / s2:1→1 / s3:8→1, 12→2}"	"{s3:14→1, s3:14→1, s3:13→1, s3:13→1}"
12	145	19	158	2	1	0	0	0	0	0	0	"{s1:12→1 / s2:1→1 / s3:1→1, 12→2, s1:12→1 / s2:1→2, 12→1 / s3:1→3, 12→1, s1:12→1 / s2:3→1, 8→1, 12→2 / s3:1→1, s1:1→1 / s2:12→1 / s3:12→4}"	"{s2:13→1 / s3:13→1, s2:4→1 / s3:13→1, s2:13→1 / s3:13→1, s2:13→1 / s3:4→1}"
12	145	20	131	1	1	1	0	0	0	0	0	"s1:12→1 / s2:1→1 / s3:1→4"	"s3:4→1"
12	145	20	145	0	3	0	0	0	0	0	0	"{s1:12→1 / s2:12→1 / s3:1→1, s1:12→1 / s2:1→1 / s3:1→1}"	""
12	145	20	151	1	2	0	0	0	0	0	0	"s1:12→1 / s2:12→1 / s3:1→1, 12→1"	"s3:4→1"
12	145	20	152	1	2	0	0	0	0	0	0	"{s1:12→1 / s2:1→1 / s3:1→1, 12→3, s1:12→1 / s2:1→1 / s3:1→1, 12→4, s1:12→1 / s2:1→1 / s3:1→2, 3→1, s1:12→1 / s2:1→1 / s3:1→4, 12→1, s1:12→1 / s2:1→1 / s3:8→1, 12→4}"	"{s3:13→1, s3:14→1, s3:13→1, s3:13→1, s3:14→1}"
12	145	20	158	2	1	0	0	0	0	0	0	"{s1:12→1 / s2:1→1, 12→1 / s3:1→1, 12→1, s1:12→1 / s2:1→1 / s3:1→3, 3→1, s1:12→1 / s2:1→2 / s3:1→4, 12→1, s1:12→1 / s2:1→2 / s3:1→4, 12→1, s1:1→1 / s2:12→2 / s3:12→3}"	"{s2:13→1 / s3:4→1, s2:13→1 / s3:13→1, s2:13→1 / s3:13→1, s2:13→1 / s3:4→1, s2:13→1 / s3:4→1}"
12	145	21	131	1	1	1	0	0	0	0	0	"{s1:1→1 / s2:12→2 / s3:12→3, s1:1→1 / s2:12→2 / s3:12→4}"	"{s3:4→1, s3:4→1}"
12	145	21	132	1	1	1	0	0	0	0	0	"{s1:12→1 / s2:1→1 / s3:1→1, s1:1→1 / s2:12→1 / s3:12→1}"	"{s3:14→1, s3:14→1}"
12	145	21	152	1	2	0	0	0	0	0	0	"{s1:12→1 / s2:12→1 / s3:1→1, s1:12→1 / s2:1→1, 12→1 / s3:1→3, 8→1, s1:12→1 / s2:1→1 / s3:8→1, 12→3}"	"{s3:14→1, s3:13→1, s3:13→1}"
12	145	21	158	2	1	0	0	0	0	0	0	"{s1:12→1 / s2:1→1 / s3:1→2, s1:12→1 / s2:1→2 / s3:1→2, 3→1, s1:12→1 / s2:1→2 / s3:1→3, 12→1, s1:12→1 / s2:1→2 / s3:1→3, 3→1, s1:1→1 / s2:12→1 / s3:12→2, s1:1→1 / s2:12→1 / s3:8→1, s1:1→1 / s2:12→2 / s3:12→4, s1:1→1 / s2:12→2 / s3:8→1, 12→4}"	"{s2:13→1 / s3:13→1, s2:13→1 / s3:13→1, s2:13→1 / s3:13→1, s2:13→1 / s3:13→1, s2:13→1 / s3:13→1, s2:13→1 / s3:13→1, s2:13→1 / s3:4→1, s2:13→1 / s3:13→1}"
12	145	22	151	1	2	0	0	0	0	0	0	"{s1:12→1 / s2:12→1 / s3:1→1, 8→1, 12→1, s1:12→1 / s2:1→1 / s3:12→4}"	"{s3:4→1, s3:4→1}"
12	145	22	158	2	1	0	0	0	0	0	0	"{s1:12→1 / s2:1→1 / s3:1→2, s1:12→1 / s2:1→2 / s3:1→2}"	"{s2:4→1 / s3:13→1, s2:13→1 / s3:4→1}"
12	145	23	125	0	2	1	0	0	0	0	0	"s1:1→1 / s2:12→1 / s3:12→2"	""
12	145	23	152	1	2	0	0	0	0	0	0	"{s1:12→1 / s2:1→1 / s3:1→1, 3→1, s1:12→1 / s2:1→1 / s3:1→3, 3→1}"	"{s3:14→1, s3:13→1}"
12	145	23	158	2	1	0	0	0	0	0	0	"{s1:12→1 / s2:1→1 / s3:1→1, 12→4, s1:1→1 / s2:12→1 / s3:12→5, s1:1→1 / s2:12→2 / s3:12→5}"	"{s2:13→1 / s3:4→1, s2:13→1 / s3:4→1, s2:13→1 / s3:4→1}"
12	145	24	152	1	2	0	0	0	0	0	0	"s1:12→1 / s2:1→1 / s3:8→1, 12→4"	"s3:13→1"
12	145	24	158	2	1	0	0	0	0	0	0	"{s1:12→1 / s2:1→1 / s3:1→2, s1:12→1 / s2:1→2 / s3:1→4, 3→1}"	"{s2:13→1 / s3:4→1, s2:13→1 / s3:13→1}"
12	145	25	152	1	2	0	0	0	0	0	0	"s1:12→1 / s2:1→1 / s3:1→1, 12→4"	"s3:13→1"
12	145	27	158	2	1	0	0	0	0	0	0	"{s1:12→1 / s2:1→1 / s3:1→4, 3→1, s1:12→1 / s2:1→2 / s3:1→2, s1:12→1 / s2:1→2 / s3:1→3, 12→1, s1:1→1 / s2:12→2 / s3:12→2}"	"{s2:13→1 / s3:13→1, s2:13→1 / s3:13→1, s2:13→1 / s3:4→1, s2:13→1 / s3:13→1}"
12	145	28	132	1	1	1	0	0	0	0	0	"s1:1→1 / s2:12→1 / s3:12→2"	"s3:14→1"
12	145	28	151	1	2	0	0	0	0	0	0	"{s1:12→1 / s2:1→1 / s3:12→5, s1:12→1 / s2:1→1 / s3:1→2}"	"{s3:4→1, s3:4→1}"
12	145	29	152	1	2	0	0	0	0	0	0	"s1:12→1 / s2:1→1 / s3:12→2"	"s3:14→1"
12	145	30	152	1	2	0	0	0	0	0	0	"s1:12→1 / s2:1→1 / s3:1→2"	"s3:13→1"
12	145	31	152	1	2	0	0	0	0	0	0	"s1:12→1 / s2:1→1 / s3:1→4, 3→1"	"s3:13→1"
12	145	35	132	1	1	1	0	0	0	0	0	"s1:1→1 / s2:12→1 / s3:12→3"	"s3:14→1"
12	145	39	132	1	1	1	0	0	0	0	0	"s1:1→1 / s2:12→1 / s3:12→4"	"s3:14→1"
12	145	42	132	1	1	1	0	0	0	0	0	"s1:1→1 / s2:12→1 / s3:12→5"	"s3:14→1"
12	146	16	150	2	1	0	0	0	0	0	0	"s1:1→1"	"s2:12→1 / s3:12→1"
12	146	16	156	3	0	0	0	0	0	0	0	"{s1:1→1 / s2:1→1 / s3:1→1, 11→1, s1:1→1 / s2:1→1 / s3:1→1, 11→1, s1:1→1 / s2:1→1 / s3:1→1, 3→1, s1:1→1 / s2:1→1 / s3:1→1, 3→1, 11→1, s1:1→1 / s2:1→1 / s3:1→2, 11→1, s1:1→1 / s2:1→1 / s3:1→2, 11→2, s1:1→1 / s2:1→1 / s3:1→2, 11→2, s1:1→1 / s2:1→1 / s3:1→2, 3→1, 11→1, s1:1→1 / s2:1→1 / s3:1→2, 3→1, 11→1, s1:1→1 / s2:1→1 / s3:1→3, 11→1, s1:1→1 / s2:1→1 / s3:1→3, 11→2, s1:1→1 / s2:1→1 / s3:1→3, 3→1, 11→1, s2:1→1 / s3:1→1, s2:1→1 / s3:1→1, s2:1→1 / s3:1→1, s2:1→1 / s3:1→1, s2:1→1 / s3:1→1, 11→1, s2:1→1 / s3:1→1, 11→1, s2:1→1 / s3:1→1, 3→1, s2:1→1 / s3:1→1, 3→1, 11→1, s2:1→1 / s3:1→1, 3→1, 11→1, s2:1→1 / s3:1→2, 11→1, s2:1→1 / s3:1→2, 11→1, s2:1→1 / s3:1→2, 11→1, s2:1→1 / s3:1→2, 3→1, 11→1, s2:1→1 / s3:1→2, 3→1, 11→1, s2:1→1 / s3:1→2, 3→1, 11→1, s2:1→1 / s3:1→3, 11→1, s2:1→1 / s3:1→3, 11→1, s2:1→1 / s3:1→3, 11→2, s2:1→1 / s3:1→3, 11→2, s2:1→1 / s3:1→3, 3→1, 11→1, s2:1→1 / s3:1→3, 3→1, 11→1, s2:1→2 / s3:1→2, 11→1, s2:1→2 / s3:1→3, 3→1, 11→1, s3:1→1, s3:1→1, s3:1→1, s3:1→1, 3→1, s3:1→2, s3:1→2, s3:1→3, 11→1}"	"{s1:12→1 / s2:12→1 / s3:4→1, s1:12→1 / s2:10→1 / s3:4→1, s1:12→1 / s2:12→1 / s3:4→1, s1:12→1 / s2:12→1 / s3:10→1, s1:12→1 / s2:10→1 / s3:12→1, s1:12→1 / s2:10→1 / s3:4→1, s1:12→1 / s2:10→1 / s3:4→1, s1:12→1 / s2:12→1 / s3:4→1, s1:12→1 / s2:10→1 / s3:12→1, s1:12→1 / s2:12→1 / s3:10→1, s1:12→1 / s2:10→1 / s3:4→1, s1:12→1 / s2:10→1 / s3:4→1, s1:12→1 / s2:10→1 / s3:12→1, s1:10→1 / s2:12→1 / s3:12→1, s1:12→1 / s2:12→1 / s3:10→1, s1:4→1 / s2:12→1 / s3:10→1, s1:4→1 / s2:12→1 / s3:12→1, s1:12→1 / s2:10→1 / s3:4→1, s1:12→1 / s2:12→1 / s3:4→1, s1:12→1 / s2:12→1 / s3:10→1, s1:12→1 / s2:10→1 / s3:12→1, s1:12→1 / s2:12→1 / s3:10→1, s1:10→1 / s2:12→1 / s3:4→1, s1:12→1 / s2:10→1 / s3:4→1, s1:12→1 / s2:12→1 / s3:4→1, s1:10→1 / s2:12→1 / s3:12→1, s1:12→1 / s2:10→1 / s3:12→1, s1:12→1 / s2:12→1 / s3:10→1, s1:12→1 / s2:10→1 / s3:4→1, s1:12→1 / s2:12→1 / s3:4→1, s1:12→1 / s2:10→1 / s3:4→1, s1:12→1 / s2:12→1 / s3:4→1, s1:12→1 / s2:10→1 / s3:12→1, s1:12→1 / s2:12→1 / s3:10→1, s1:12→1 / s2:10→1 / s3:4→1, s1:12→1 / s2:10→1 / s3:12→1, s1:10→1 / s2:4→1 / s3:12→1, s1:12→1 / s2:4→1 / s3:10→1, s1:12→1 / s2:4→1 / s3:12→1, s1:12→1 / s2:12→1 / s3:10→1, s1:12→1 / s2:12→1 / s3:10→1, s1:12→1 / s2:4→1 / s3:10→1, s1:12→1 / s2:12→1 / s3:4→1}"
12	146	17	129	2	0	1	0	0	0	0	0	"{s1:1→1 / s3:11→1, s1:1→1 / s3:11→2, s1:1→1 / s3:11→3}"	"{s2:10→1 / s3:4→1, s2:10→1 / s3:4→1, s2:10→1 / s3:4→1}"
12	146	17	130	2	0	1	0	0	0	0	0	"{s1:1→1, s1:1→1, s1:1→1 / s3:11→1, s1:1→1 / s3:11→2, s1:1→1 / s3:11→3, s1:1→1 / s3:3→1, 11→1, s1:1→1 / s3:3→1, 11→1, s1:1→1 / s3:3→1, 11→1, s1:1→1 / s3:3→1, 11→2, s1:1→1 / s3:3→1, 11→2, s1:1→1 / s3:3→1, 11→2}"	"{s2:12→1 / s3:10→1, s2:12→1 / s3:12→1, s2:12→1 / s3:4→1, s2:12→1 / s3:4→1, s2:12→1 / s3:4→1, s2:10→1 / s3:12→1, s2:12→1 / s3:10→1, s2:12→1 / s3:12→1, s2:10→1 / s3:12→1, s2:12→1 / s3:10→1, s2:12→1 / s3:12→1}"
12	146	17	143	1	2	0	0	0	0	0	0	"{s1:1→1 / s2:1→1, 11→1, s1:1→1 / s2:1→1, 11→1 / s3:11→1}"	"{s3:10→1, s3:4→1}"
12	146	17	144	1	2	0	0	0	0	0	0	"s1:1→1 / s2:1→1, 11→1"	"s3:12→1"
12	146	17	149	2	1	0	0	0	0	0	0	"{s1:1→1 / s2:11→1 / s3:1→1, 11→1, s1:1→1 / s2:1→1, 11→1 / s3:1→1, 11→2, s1:1→1 / s2:1→1 / s3:1→1, 11→1, s1:1→1 / s2:1→1 / s3:1→1, 11→2, s1:1→1 / s3:11→1, s1:1→1 / s3:11→2, s1:1→1 / s3:1→1, s1:1→1 / s3:1→1, 11→1, s1:1→1 / s3:1→1, 11→2, s1:1→1 / s3:1→1, 11→3, s1:1→1 / s3:1→1, 11→4, s1:1→1 / s3:1→2, 11→2, s1:1→1 / s3:1→2, 11→3, s1:1→1 / s3:1→3, 11→2}"	"{s2:4→1 / s3:10→1, s2:10→1 / s3:4→1, s2:10→1 / s3:4→1, s2:10→1 / s3:4→1, s2:10→1 / s3:4→1, s2:10→1 / s3:4→1, s2:4→1 / s3:10→1, s2:10→1 / s3:4→1, s2:10→1 / s3:4→1, s2:10→1 / s3:4→1, s2:10→1 / s3:4→1, s2:10→1 / s3:4→1, s2:10→1 / s3:4→1, s2:10→1 / s3:4→1}"
12	146	17	150	2	1	0	0	0	0	0	0	"{s1:1→1, s1:1→1, s1:1→1 / s2:11→1, s1:1→1 / s2:11→1 / s3:11→1, s1:1→1 / s2:11→1 / s3:11→1, s1:1→1 / s2:11→1 / s3:11→2, s1:1→1 / s2:11→1 / s3:11→3, s1:1→1 / s2:11→1 / s3:1→1, 11→1, s1:1→1 / s2:11→1 / s3:1→1, 11→1, s1:1→1 / s2:11→1 / s3:1→1, 11→2, s1:1→1 / s2:11→1 / s3:1→1, 11→2, s1:1→1 / s2:11→1 / s3:1→1, 11→2, s1:1→1 / s2:11→1 / s3:1→1, 11→3, s1:1→1 / s2:11→1 / s3:1→1, 11→4, s1:1→1 / s2:11→1 / s3:1→1, 3→1, 11→2, s1:1→1 / s2:11→1 / s3:3→1, 11→1, s1:1→1 / s2:11→1 / s3:3→1, 11→2, s1:1→1 / s2:11→1 / s3:3→1, 11→2, s1:1→1 / s2:11→1 / s3:3→1, 11→3, s1:1→1 / s2:11→1 / s3:3→1, 11→4, s1:1→1 / s2:1→1, 11→1 / s3:1→1, s1:1→1 / s2:1→1 / s3:1→1, s1:1→1 / s2:1→1 / s3:1→1, s1:1→1 / s2:1→1 / s3:1→1, 11→1, s1:1→1 / s2:1→1 / s3:1→1, 11→1, s1:1→1 / s2:1→1 / s3:1→1, 3→1, s1:1→1 / s2:1→1 / s3:1→1, 3→1, s1:1→1 / s2:1→1 / s3:1→1, 3→1, 11→1, s1:1→1 / s2:1→1 / s3:1→1, 3→1, 11→1, s1:1→1 / s2:1→1 / s3:1→1, 3→1, 11→1, s1:1→1 / s2:1→1 / s3:1→1, 3→1, 11→2, s1:1→1 / s2:3→1, 11→1 / s3:1→1, s1:1→1 / s2:3→1, 11→2 / s3:1→1, 11→1, s1:1→1 / s2:3→1 / s3:1→1, s1:1→1 / s3:11→1, s1:1→1 / s3:11→2, s1:1→1 / s3:1→1, s1:1→1 / s3:1→1, s1:1→1 / s3:1→1, s1:1→1 / s3:1→1, 11→1, s1:1→1 / s3:1→1, 11→1, s1:1→1 / s3:1→1, 11→1, s1:1→1 / s3:1→1, 11→1, s1:1→1 / s3:1→1, 11→1, s1:1→1 / s3:1→1, 11→2, s1:1→1 / s3:1→1, 11→2, s1:1→1 / s3:1→1, 11→2, s1:1→1 / s3:1→1, 11→2, s1:1→1 / s3:1→1, 11→2, s1:1→1 / s3:1→1, 11→3, s1:1→1 / s3:1→1, 11→3, s1:1→1 / s3:1→1, 11→4, s1:1→1 / s3:1→1, 11→4, s1:1→1 / s3:1→1, 3→1, s1:1→1 / s3:1→1, 3→1, s1:1→1 / s3:1→1, 3→1, 11→1, s1:1→1 / s3:1→1, 3→1, 11→1, s1:1→1 / s3:1→1, 3→1, 11→1, s1:1→1 / s3:1→1, 3→1, 11→2, s1:1→1 / s3:1→1, 3→1, 11→2, s1:1→1 / s3:1→1, 3→1, 11→2, s1:1→1 / s3:1→1, 3→1, 11→2, s1:1→1 / s3:1→1, 3→1, 11→3, s1:1→1 / s3:1→2, 11→1, s1:1→1 / s3:1→2, 11→1, s1:1→1 / s3:1→2, 11→1, s1:1→1 / s3:1→2, 11→1, s1:1→1 / s3:1→2, 11→2, s1:1→1 / s3:1→2, 11→2, s1:1→1 / s3:1→2, 11→2, s1:1→1 / s3:1→2, 11→2, s1:1→1 / s3:1→2, 11→3, s1:1→1 / s3:1→2, 3→1, 11→1, s1:1→1 / s3:1→2, 3→1, 11→1, s1:1→1 / s3:1→2, 3→1, 11→2, s1:1→1 / s3:1→2, 3→1, 11→2, s1:1→1 / s3:1→2, 3→1, 11→2, s1:1→1 / s3:1→3, 11→1, s1:1→1 / s3:1→3, 11→1, s1:1→1 / s3:1→3, 11→1, s1:1→1 / s3:1→3, 11→2, s1:1→1 / s3:1→3, 11→2, s1:1→1 / s3:1→3, 11→2, s1:1→1 / s3:1→3, 11→2, s1:1→1 / s3:1→3, 3→1, 11→1, s1:1→1 / s3:1→3, 3→1, 11→1, s1:1→1 / s3:1→4, 11→1, s1:1→1 / s3:1→4, 11→1, s1:1→1 / s3:3→1, s1:1→1 / s3:3→1, s1:1→1 / s3:3→1, 11→1, s1:1→1 / s3:3→1, 11→1, s1:1→1 / s3:3→1, 11→1, s1:1→1 / s3:3→1, 11→1, s1:1→1 / s3:3→1, 11→2, s1:1→1 / s3:3→1, 11→2, s1:1→1 / s3:3→1, 11→2, s1:1→1 / s3:3→1, 11→2, s1:1→1 / s3:3→1, 11→3, s1:1→1 / s3:3→1, 11→4}"	"{s2:12→1 / s3:10→1, s2:12→1 / s3:4→1, s2:13→1 / s3:10→1, s2:13→1 / s3:13→1, s2:13→1 / s3:4→1, s2:13→1 / s3:4→1, s2:13→1 / s3:4→1, s2:13→1 / s3:10→1, s2:4→1 / s3:12→1, s2:13→1 / s3:10→1, s2:13→1 / s3:4→1, s2:4→1 / s3:13→1, s2:13→1 / s3:4→1, s2:13→1 / s3:4→1, s2:13→1 / s3:10→1, s2:13→1 / s3:10→1, s2:13→1 / s3:10→1, s2:13→1 / s3:13→1, s2:13→1 / s3:13→1, s2:13→1 / s3:13→1, s2:12→1 / s3:10→1, s2:12→1 / s3:10→1, s2:12→1 / s3:12→1, s2:12→1 / s3:12→1, s2:12→1 / s3:4→1, s2:12→1 / s3:10→1, s2:12→1 / s3:12→1, s2:10→1 / s3:12→1, s2:12→1 / s3:10→1, s2:12→1 / s3:12→1, s2:10→1 / s3:12→1, s2:13→1 / s3:10→1, s2:13→1 / s3:10→1, s2:12→1 / s3:12→1, s2:12→1 / s3:4→1, s2:12→1 / s3:4→1, s2:12→1 / s3:10→1, s2:12→1 / s3:12→1, s2:4→1 / s3:12→1, s2:10→1 / s3:12→1, s2:10→1 / s3:13→1, s2:12→1 / s3:10→1, s2:12→1 / s3:12→1, s2:12→1 / s3:4→1, s2:10→1 / s3:12→1, s2:10→1 / s3:13→1, s2:12→1 / s3:10→1, s2:12→1 / s3:12→1, s2:12→1 / s3:4→1, s2:10→1 / s3:13→1, s2:12→1 / s3:4→1, s2:10→1 / s3:13→1, s2:12→1 / s3:4→1, s2:12→1 / s3:10→1, s2:12→1 / s3:12→1, s2:10→1 / s3:12→1, s2:12→1 / s3:10→1, s2:12→1 / s3:12→1, s2:10→1 / s3:12→1, s2:10→1 / s3:13→1, s2:12→1 / s3:10→1, s2:12→1 / s3:12→1, s2:10→1 / s3:13→1, s2:10→1 / s3:12→1, s2:12→1 / s3:10→1, s2:12→1 / s3:12→1, s2:12→1 / s3:4→1, s2:10→1 / s3:12→1, s2:12→1 / s3:10→1, s2:12→1 / s3:12→1, s2:12→1 / s3:4→1, s2:12→1 / s3:4→1, s2:12→1 / s3:10→1, s2:12→1 / s3:12→1, s2:10→1 / s3:12→1, s2:12→1 / s3:10→1, s2:12→1 / s3:12→1, s2:12→1 / s3:10→1, s2:12→1 / s3:12→1, s2:12→1 / s3:4→1, s2:10→1 / s3:12→1, s2:12→1 / s3:10→1, s2:12→1 / s3:12→1, s2:12→1 / s3:4→1, s2:12→1 / s3:10→1, s2:12→1 / s3:12→1, s2:12→1 / s3:10→1, s2:12→1 / s3:12→1, s2:12→1 / s3:10→1, s2:12→1 / s3:12→1, s2:10→1 / s3:12→1, s2:10→1 / s3:13→1, s2:12→1 / s3:10→1, s2:12→1 / s3:12→1, s2:10→1 / s3:12→1, s2:10→1 / s3:13→1, s2:12→1 / s3:10→1, s2:12→1 / s3:12→1, s2:10→1 / s3:13→1, s2:10→1 / s3:13→1}"
12	146	17	151	2	1	0	0	0	0	0	0	"{s1:1→1 / s2:11→1 / s3:1→1, 11→1, s1:1→1 / s2:11→1 / s3:3→1, 11→1, s1:1→1 / s2:3→1, 11→1 / s3:1→1, s1:1→1 / s3:11→1, s1:1→1 / s3:1→1, 11→1, s1:1→1 / s3:1→1, 11→2, s1:1→1 / s3:1→1, 11→3, s1:1→1 / s3:1→1, 3→1, 11→1, s1:1→1 / s3:1→1, 3→1, 11→2, s1:1→1 / s3:1→1, 3→1, 11→3, s1:1→1 / s3:3→1, 11→1, s1:1→1 / s3:3→1, 11→2, s1:1→1 / s3:3→1, 11→3, s1:1→1 / s3:3→1, 11→4}"	"{s2:13→1 / s3:12→1, s2:13→1 / s3:12→1, s2:13→1 / s3:12→1, s2:12→1 / s3:13→1, s2:12→1 / s3:13→1, s2:12→1 / s3:13→1, s2:12→1 / s3:13→1, s2:12→1 / s3:13→1, s2:12→1 / s3:13→1, s2:12→1 / s3:13→1, s2:12→1 / s3:13→1, s2:12→1 / s3:13→1, s2:12→1 / s3:13→1, s2:12→1 / s3:13→1}"
12	146	17	156	3	0	0	0	0	0	0	0	"{s1:1→1 / s2:1→1, 11→1 / s3:1→1, s1:1→1 / s2:1→1 / s3:1→1, s1:1→1 / s2:1→1 / s3:1→1, s1:1→1 / s2:1→1 / s3:1→1, 11→2, s1:1→1 / s2:1→1 / s3:1→2, s1:1→1 / s2:1→1 / s3:1→2, s1:1→1 / s2:1→1 / s3:1→2, s1:1→1 / s2:1→1 / s3:1→2, s1:1→1 / s2:1→1 / s3:1→2, 11→1, s1:1→1 / s2:1→1 / s3:1→2, 11→1, s1:1→1 / s2:1→1 / s3:1→2, 11→1, s1:1→1 / s2:1→1 / s3:1→2, 3→1, s1:1→1 / s2:1→1 / s3:1→3, s1:1→1 / s2:1→1 / s3:1→3, s1:1→1 / s2:1→1 / s3:1→3, 11→1, s1:1→1 / s2:1→1 / s3:1→3, 11→1, s1:1→1 / s2:1→1 / s3:1→3, 11→1, s1:1→1 / s2:1→1 / s3:1→3, 11→2, s1:1→1 / s2:1→1 / s3:1→3, 3→1, s1:1→1 / s2:1→1 / s3:1→3, 3→1, 11→1, s1:1→1 / s2:1→1 / s3:1→4, s1:1→1 / s2:1→1 / s3:1→4, 11→1, s1:1→1 / s2:1→1 / s3:1→4, 11→1, s1:1→1 / s2:1→1 / s3:1→4, 11→1, s1:1→1 / s2:1→1 / s3:1→4, 11→1, s1:1→1 / s2:1→1 / s3:1→4, 3→1, s1:1→1 / s2:1→2, 11→1 / s3:1→2, s1:1→1 / s2:1→2 / s3:1→2, s1:1→1 / s2:1→2 / s3:1→2, s1:1→1 / s2:1→2 / s3:1→2, 11→1, s2:11→1 / s3:1→1, s2:11→1 / s3:1→1, s2:1→1, 11→1 / s3:1→1, s2:1→1 / s3:1→1, 11→1, s2:1→1 / s3:1→1, 11→1, s2:1→1 / s3:1→1, 11→1, s2:1→1 / s3:1→1, 11→2, s2:1→1 / s3:1→1, 11→2, s2:1→1 / s3:1→1, 11→2, s2:1→1 / s3:1→1, 3→1, 11→1, s2:1→1 / s3:1→2, s2:1→1 / s3:1→2, s2:1→1 / s3:1→2, s2:1→1 / s3:1→2, 11→1, s2:1→1 / s3:1→2, 11→1, s2:1→1 / s3:1→2, 11→1, s2:1→1 / s3:1→2, 11→2, s2:1→1 / s3:1→2, 11→2, s2:1→1 / s3:1→2, 11→2, s2:1→1 / s3:1→2, 3→1, s2:1→1 / s3:1→3, s2:1→1 / s3:1→3, s2:1→1 / s3:1→3, 11→1, s2:1→1 / s3:1→3, 11→1, s2:1→1 / s3:1→3, 11→2, s2:1→1 / s3:1→3, 3→1, s2:1→1 / s3:1→4, 11→1, s2:1→1 / s3:1→4, 11→1, s2:1→1 / s3:1→4, 11→1, s2:1→1 / s3:1→4, 11→1, s2:1→2 / s3:1→2, s2:1→2 / s3:1→2, 3→1, s2:1→2 / s3:1→3, s2:1→2 / s3:1→3, 11→1, s2:1→2 / s3:1→3, 11→1, s2:1→2 / s3:1→3, 11→1, s2:1→2 / s3:1→3, 3→1, s2:1→2 / s3:1→4, 11→1, s2:1→2 / s3:1→4, 11→1, s2:1→2 / s3:1→4, 11→1, s2:1→2 / s3:1→4, 11→1, s2:1→2 / s3:1→4, 3→1, s2:3→1, 11→1 / s3:1→1, s2:3→1, 11→1 / s3:1→1, s2:3→1, 11→1 / s3:1→1, s2:3→1 / s3:1→1, s3:11→1, s3:11→1, s3:11→2, s3:11→2, s3:1→1, s3:1→1, s3:1→1, 11→1, s3:1→1, 11→1, s3:1→1, 11→1, s3:1→1, 11→1, s3:1→1, 11→2, s3:1→1, 11→2, s3:1→1, 3→1, 11→1, s3:1→1, 3→1, 11→1, s3:1→2, 11→1, s3:1→2, 11→1, s3:1→2, 11→1, s3:1→2, 11→2, s3:1→2, 11→2, s3:1→2, 3→1, 11→1, s3:1→3, 11→1, s3:1→3, 11→2, s3:1→3, 11→2, s3:1→3, 3→1, 11→1, s3:1→4, 11→1, s3:3→1, s3:3→1, 11→1, s3:3→1, 11→1}"	"{s1:12→1 / s2:12→1 / s3:10→1, s1:12→1 / s2:12→1 / s3:10→1, s1:12→1 / s2:12→1 / s3:10→1, s1:12→1 / s2:12→1 / s3:4→1, s1:12→1 / s2:10→1 / s3:4→1, s1:12→1 / s2:10→1 / s3:12→1, s1:12→1 / s2:12→1 / s3:10→1, s1:12→1 / s2:4→1 / s3:10→1, s1:12→1 / s2:4→1 / s3:12→1, s1:12→1 / s2:10→1 / s3:12→1, s1:12→1 / s2:12→1 / s3:10→1, s1:12→1 / s2:12→1 / s3:4→1, s1:12→1 / s2:12→1 / s3:10→1, s1:12→1 / s2:12→1 / s3:10→1, s1:12→1 / s2:4→1 / s3:10→1, s1:12→1 / s2:10→1 / s3:12→1, s1:12→1 / s2:12→1 / s3:10→1, s1:12→1 / s2:12→1 / s3:4→1, s1:12→1 / s2:12→1 / s3:4→1, s1:12→1 / s2:12→1 / s3:10→1, s1:12→1 / s2:12→1 / s3:10→1, s1:12→1 / s2:12→1 / s3:10→1, s1:12→1 / s2:10→1 / s3:12→1, s1:12→1 / s2:10→1 / s3:4→1, s1:12→1 / s2:12→1 / s3:10→1, s1:12→1 / s2:12→1 / s3:4→1, s1:12→1 / s2:12→1 / s3:10→1, s1:12→1 / s2:12→1 / s3:10→1, s1:12→1 / s2:12→1 / s3:10→1, s1:4→1 / s2:12→1 / s3:10→1, s1:12→1 / s2:10→1 / s3:4→1, s1:12→1 / s2:4→1 / s3:10→1, s1:12→1 / s2:4→1 / s3:12→1, s1:12→1 / s2:12→1 / s3:10→1, s1:10→1 / s2:12→1 / s3:12→1, s1:10→1 / s2:12→1 / s3:4→1, s1:12→1 / s2:12→1 / s3:10→1, s1:10→1 / s2:12→1 / s3:4→1, s1:12→1 / s2:10→1 / s3:4→1, s1:12→1 / s2:12→1 / s3:4→1, s1:10→1 / s2:12→1 / s3:12→1, s1:12→1 / s2:10→1 / s3:12→1, s1:12→1 / s2:12→1 / s3:10→1, s1:12→1 / s2:4→1 / s3:12→1, s1:10→1 / s2:12→1 / s3:12→1, s1:12→1 / s2:10→1 / s3:12→1, s1:12→1 / s2:12→1 / s3:10→1, s1:10→1 / s2:12→1 / s3:4→1, s1:12→1 / s2:10→1 / s3:4→1, s1:12→1 / s2:12→1 / s3:4→1, s1:12→1 / s2:12→1 / s3:10→1, s1:12→1 / s2:12→1 / s3:10→1, s1:12→1 / s2:4→1 / s3:10→1, s1:12→1 / s2:10→1 / s3:12→1, s1:12→1 / s2:12→1 / s3:10→1, s1:10→1 / s2:12→1 / s3:4→1, s1:12→1 / s2:12→1 / s3:10→1, s1:12→1 / s2:10→1 / s3:12→1, s1:12→1 / s2:10→1 / s3:4→1, s1:12→1 / s2:12→1 / s3:10→1, s1:12→1 / s2:12→1 / s3:4→1, s1:12→1 / s2:12→1 / s3:10→1, s1:12→1 / s2:12→1 / s3:10→1, s1:12→1 / s2:12→1 / s3:10→1, s1:12→1 / s2:10→1 / s3:12→1, s1:12→1 / s2:10→1 / s3:4→1, s1:12→1 / s2:12→1 / s3:4→1, s1:12→1 / s2:12→1 / s3:10→1, s1:12→1 / s2:10→1 / s3:12→1, s1:12→1 / s2:10→1 / s3:4→1, s1:12→1 / s2:12→1 / s3:10→1, s1:12→1 / s2:12→1 / s3:4→1, s1:12→1 / s2:12→1 / s3:10→1, s1:10→1 / s2:12→1 / s3:12→1, s1:12→1 / s2:10→1 / s3:12→1, s1:12→1 / s2:12→1 / s3:10→1, s1:12→1 / s2:10→1 / s3:12→1, s1:12→1 / s2:10→1 / s3:4→1, s1:12→1 / s2:12→1 / s3:4→1, s1:12→1 / s2:10→1 / s3:4→1, s1:12→1 / s2:12→1 / s3:4→1, s1:12→1 / s2:10→1 / s3:12→1, s1:12→1 / s2:12→1 / s3:10→1, s1:12→1 / s2:10→1 / s3:12→1, s1:12→1 / s2:10→1 / s3:4→1, s1:12→1 / s2:12→1 / s3:10→1, s1:12→1 / s2:12→1 / s3:4→1, s1:12→1 / s2:10→1 / s3:4→1, s1:12→1 / s2:12→1 / s3:4→1, s1:12→1 / s2:10→1 / s3:12→1, s1:12→1 / s2:12→1 / s3:10→1, s1:12→1 / s2:10→1 / s3:12→1, s1:12→1 / s2:12→1 / s3:10→1, s1:12→1 / s2:12→1 / s3:4→1, s1:12→1 / s2:10→1 / s3:4→1, s1:12→1 / s2:12→1 / s3:4→1, s1:12→1 / s2:12→1 / s3:10→1, s1:12→1 / s2:12→1 / s3:10→1, s1:12→1 / s2:10→1 / s3:4→1, s1:12→1 / s2:12→1 / s3:4→1, s1:12→1 / s2:12→1 / s3:10→1, s1:12→1 / s2:12→1 / s3:10→1, s1:12→1 / s2:12→1 / s3:10→1, s1:12→1 / s2:10→1 / s3:12→1, s1:12→1 / s2:12→1 / s3:10→1}"
12	146	18	123	1	1	1	0	0	0	0	0	"{s1:1→1 / s2:11→1, s1:1→1 / s2:11→1 / s3:11→1}"	"{s3:10→1, s3:4→1}"
12	146	18	124	1	1	1	0	0	0	0	0	"s1:1→1 / s2:11→1"	"s3:12→1"
12	146	18	129	2	0	1	0	0	0	0	0	"{s1:1→1 / s2:11→1 / s3:11→2, s1:1→1 / s3:11→4, s1:1→1 / s3:11→5}"	"{s2:10→1 / s3:4→1, s2:10→1 / s3:4→1, s2:10→1 / s3:4→1}"
12	146	18	130	2	0	1	0	0	0	0	0	"{s1:1→1, s1:1→1 / s2:11→1, s1:1→1 / s2:11→2, s1:1→1 / s3:11→1, s1:1→1 / s3:11→1, s1:1→1 / s3:11→2, s1:1→1 / s3:11→2, s1:1→1 / s3:11→4, s1:1→1 / s3:11→5, s1:1→1 / s3:3→1, s1:1→1 / s3:3→1}"	"{s2:12→1 / s3:4→1, s2:12→1 / s3:10→1, s2:12→1 / s3:10→1, s2:12→1 / s3:10→1, s2:12→1 / s3:12→1, s2:12→1 / s3:10→1, s2:12→1 / s3:12→1, s2:12→1 / s3:4→1, s2:12→1 / s3:4→1, s2:12→1 / s3:10→1, s2:12→1 / s3:12→1}"
12	146	18	143	1	2	0	0	0	0	0	0	"s1:1→1 / s2:1→1"	"s3:4→1"
12	146	18	149	2	1	0	0	0	0	0	0	"{s1:1→1 / s3:11→3, s1:1→1 / s3:11→4, s1:1→1 / s3:11→5}"	"{s2:10→1 / s3:4→1, s2:10→1 / s3:4→1, s2:10→1 / s3:4→1}"
12	146	18	150	2	1	0	0	0	0	0	0	"{s1:1→1 / s2:11→1 / s3:11→2, s1:1→1 / s2:11→1 / s3:11→4, s1:1→1 / s2:11→1 / s3:11→5, s1:1→1 / s2:11→2, s1:1→1 / s2:11→2 / s3:11→2, s1:1→1 / s2:1→1 / s3:1→1, s1:1→1 / s3:11→3, s1:1→1 / s3:11→4, s1:1→1 / s3:11→5, s1:1→1 / s3:1→2, s1:1→1 / s3:1→2, 3→1, s1:1→1 / s3:1→2, 3→1, s1:1→1 / s3:1→3, 3→1, s1:1→1 / s3:1→4, 11→1}"	"{s2:13→1 / s3:13→1, s2:13→1 / s3:4→1, s2:13→1 / s3:4→1, s2:13→1 / s3:10→1, s2:13→1 / s3:13→1, s2:12→1 / s3:4→1, s2:12→1 / s3:4→1, s2:12→1 / s3:4→1, s2:12→1 / s3:4→1, s2:12→1 / s3:10→1, s2:12→1 / s3:10→1, s2:12→1 / s3:12→1, s2:12→1 / s3:10→1, s2:12→1 / s3:4→1}"
12	146	18	151	2	1	0	0	0	0	0	0	"{s1:1→1 / s3:11→2, s1:1→1 / s3:1→1, 11→4}"	"{s2:12→1 / s3:13→1, s2:12→1 / s3:13→1}"
12	146	18	156	3	0	0	0	0	0	0	0	"{s1:1→1 / s2:1→2 / s3:1→2, s2:11→1, s2:11→1 / s3:1→1, s2:1→3 / s3:1→4, 11→1, s3:11→1}"	"{s1:12→1 / s2:12→1 / s3:4→1, s1:12→1 / s2:12→1 / s3:10→1, s1:10→1 / s2:4→1 / s3:12→1, s1:12→1 / s2:10→1 / s3:4→1, s1:12→1 / s2:12→1 / s3:10→1}"
12	146	19	143	1	2	0	0	0	0	0	0	"{s1:11→1 / s2:1→1, s1:11→1 / s2:1→1 / s3:11→1}"	"{s3:10→1, s3:4→1}"
12	146	19	144	1	2	0	0	0	0	0	0	"{s1:11→1 / s2:1→1, s1:11→1 / s2:1→1 / s3:11→1, s1:1→1 / s2:1→1 / s3:3→1}"	"{s3:12→1, s3:14→1, s3:12→1}"
12	146	19	150	2	1	0	0	0	0	0	0	"{s1:1→1 / s2:11→1, s1:1→1 / s2:11→1 / s3:11→1, s1:1→1 / s2:11→1 / s3:11→3, s1:1→1 / s2:11→2 / s3:11→1, s1:1→1 / s2:11→3, s1:1→1 / s2:11→4, s1:1→1 / s2:11→5, s1:1→1 / s3:11→1, s1:1→1 / s3:1→1, s1:1→1 / s3:1→2, s1:1→1 / s3:1→3, s1:1→1 / s3:1→4, 3→1}"	"{s2:12→1 / s3:10→1, s2:13→1 / s3:10→1, s2:13→1 / s3:13→1, s2:13→1 / s3:10→1, s2:13→1 / s3:10→1, s2:13→1 / s3:10→1, s2:13→1 / s3:10→1, s2:12→1 / s3:10→1, s2:12→1 / s3:4→1, s2:12→1 / s3:12→1, s2:12→1 / s3:10→1, s2:12→1 / s3:10→1}"
12	146	19	151	2	1	0	0	0	0	0	0	"{s1:1→1 / s3:11→3, s1:1→1 / s3:11→4, s1:1→1 / s3:11→5, s1:1→1 / s3:3→1}"	"{s2:12→1 / s3:13→1, s2:12→1 / s3:13→1, s2:12→1 / s3:13→1, s2:12→1 / s3:13→1}"
12	146	19	156	3	0	0	0	0	0	0	0	"s2:1→2 / s3:1→4"	"s1:12→1 / s2:12→1 / s3:10→1"
12	146	20	144	1	2	0	0	0	0	0	0	"s1:1→1 / s2:1→1"	"s3:12→1"
12	146	20	150	2	1	0	0	0	0	0	0	"{s1:1→1 / s2:11→1 / s3:11→4, s1:1→1 / s3:11→1, s1:1→1 / s3:11→2, s1:1→1 / s3:1→3, 3→1}"	"{s2:13→1 / s3:13→1, s2:12→1 / s3:12→1, s2:12→1 / s3:10→1, s2:12→1 / s3:12→1}"
12	146	20	151	2	1	0	0	0	0	0	0	"s1:1→1 / s2:11→1 / s3:11→1"	"s2:13→1 / s3:12→1"
12	146	20	156	3	0	0	0	0	0	0	0	"{s2:1→3 / s3:1→3, s2:1→3 / s3:1→4}"	"{s1:12→1 / s2:12→1 / s3:10→1, s1:12→1 / s2:12→1 / s3:10→1}"
12	146	21	143	1	2	0	0	0	0	0	0	"s1:1→1 / s2:1→1 / s3:3→1"	"s3:10→1"
12	146	21	150	2	1	0	0	0	0	0	0	"{s1:1→1 / s2:11→1 / s3:11→5, s1:1→1 / s2:11→2, s1:1→1 / s3:11→2}"	"{s2:13→1 / s3:13→1, s2:12→1 / s3:10→1, s2:12→1 / s3:12→1}"
12	146	22	150	2	1	0	0	0	0	0	0	"{s1:1→1 / s2:11→1 / s3:11→2, s1:1→1 / s3:1→4, s1:1→1 / s3:1→4, 3→1}"	"{s2:13→1 / s3:10→1, s2:12→1 / s3:10→1, s2:12→1 / s3:12→1}"
12	146	22	156	3	0	0	0	0	0	0	0	"{s2:1→2 / s3:1→3, s2:1→2 / s3:1→5, s2:1→3 / s3:1→5}"	"{s1:12→1 / s2:4→1 / s3:12→1, s1:12→1 / s2:4→1 / s3:10→1, s1:12→1 / s2:12→1 / s3:10→1}"
12	146	23	150	2	1	0	0	0	0	0	0	"{s1:1→1 / s2:11→2 / s3:11→2, s1:1→1 / s2:1→1 / s3:1→1, 3→1}"	"{s2:13→1 / s3:4→1, s2:10→1 / s3:12→1}"
12	146	23	151	2	1	0	0	0	0	0	0	"s1:1→1 / s3:1→1, 3→1"	"s2:12→1 / s3:13→1"
12	146	24	150	2	1	0	0	0	0	0	0	"s1:1→1 / s3:1→3"	"s2:12→1 / s3:12→1"
12	146	27	150	2	1	0	0	0	0	0	0	"s1:1→1 / s3:1→2"	"s2:12→1 / s3:4→1"
12	146	28	156	3	0	0	0	0	0	0	0	"s1:1→1 / s2:1→2 / s3:1→2"	"s1:4→1 / s2:12→1 / s3:12→1"
12	146	33	156	3	0	0	0	0	0	0	0	"s2:1→2 / s3:1→5"	"s1:12→1 / s2:12→1 / s3:10→1"
12	146	44	150	2	1	0	0	0	0	0	0	"s1:1→1 / s3:1→4"	"s2:12→1 / s3:12→1"
12	146	61	149	2	1	0	0	0	0	0	0	"s1:1→1 / s2:11→1 / s3:11→2"	"s2:10→1 / s3:4→1"
12	147	16	151	1	2	0	0	0	0	0	0	"s1:12→1 / s2:1→1"	"s3:11→1"
12	147	16	158	2	1	0	0	0	0	0	0	"{s1:12→1 / s2:1→1 / s3:1→1, s1:12→1 / s2:1→1 / s3:1→1, 3→1, 12→1, s1:12→1 / s2:1→1 / s3:1→1, 3→1, 12→1, s1:12→1 / s2:1→1 / s3:1→1, 3→1, 12→1, s1:12→1 / s2:1→1 / s3:1→1, 3→1, 7→1, 12→1, s1:12→1 / s2:1→1 / s3:1→1, 3→1, 7→1, 12→1, s1:12→1 / s2:1→1 / s3:1→1, 3→1, 7→1, 12→1, s1:12→1 / s2:1→1 / s3:1→1, 3→1, 7→1, 12→2, s1:12→1 / s2:1→1 / s3:1→1, 3→1, 7→1, 12→2, s1:12→1 / s2:1→1 / s3:1→1, 3→1, 7→1, 12→2, s1:12→1 / s2:1→1 / s3:1→1, 7→1, 12→1, s1:12→1 / s2:1→1 / s3:1→1, 7→1, 12→1, s1:12→1 / s2:1→1 / s3:1→2, 3→1, 12→1, s1:12→1 / s2:1→1 / s3:1→2, 3→1, 12→1, s1:12→1 / s2:1→1 / s3:1→2, 3→1, 12→2, s1:12→1 / s2:1→1 / s3:1→2, 3→1, 12→2, s1:12→1 / s2:1→1 / s3:1→2, 3→1, 7→1, 12→1, s1:12→1 / s2:1→1 / s3:1→2, 3→1, 7→1, 12→1, s1:12→1 / s2:1→1 / s3:1→2, 3→1, 7→1, 12→1, s1:12→1 / s2:1→1 / s3:1→2, 7→1, s1:12→1 / s2:1→1 / s3:1→2, 7→1, 12→1, s1:12→1 / s2:1→1 / s3:1→2, 7→1, 12→1, s1:12→1 / s2:1→1 / s3:1→2, 7→1, 12→1, s1:12→1 / s2:1→1 / s3:1→2, 7→1, 12→2, s1:12→1 / s2:1→1 / s3:1→2, 7→1, 12→2, s1:12→1 / s2:1→1 / s3:1→2, 7→1, 12→2, s1:12→1 / s2:1→1 / s3:1→3, 7→1, 12→1, s1:12→1 / s2:1→1 / s3:1→3, 7→1, 12→1, s1:12→1 / s2:1→1 / s3:1→3, 7→1, 12→1, s1:12→1 / s3:1→1, s1:12→1 / s3:1→2, 3→1, 12→1, s1:12→1 / s3:1→2, 3→1, 7→1, 12→1, s1:12→1 / s3:1→3, 7→1, 12→1, s1:1→1, 12→1 / s2:3→1, 12→1 / s3:1→1, s1:1→1, 12→1 / s2:3→1, 12→2 / s3:1→1, s1:1→1, 12→1 / s3:1→1, 3→1, 12→1, s1:1→1, 12→1 / s3:1→1, 3→1, 12→2, s1:1→1, 12→1 / s3:1→1, 3→1, 7→1, 12→1, s1:1→1, 12→1 / s3:1→1, 3→1, 7→1, 12→2, s1:1→1, 12→1 / s3:1→1, 7→1, 12→1, s1:1→1, 12→1 / s3:1→1, 7→1, 12→2, s1:1→1, 12→1 / s3:3→1, 12→1, s1:1→1, 12→1 / s3:3→1, 7→1, 12→1, s1:1→1, 12→1 / s3:3→1, 7→1, 12→2, s1:1→1, 12→1 / s3:7→1, 12→1, s1:1→1, 12→1 / s3:7→1, 12→2, s1:1→1 / s2:12→1, s1:1→1 / s2:12→1 / s3:1→1, 3→1, 12→2, s1:1→1 / s2:12→1 / s3:1→1, 3→1, 12→3, s1:1→1 / s2:12→1 / s3:1→1, 3→1, 7→1, 12→2, s1:1→1 / s2:12→1 / s3:1→1, 7→1, 12→2, s1:1→1 / s2:12→1 / s3:1→1, 7→1, 12→3, s1:1→1 / s2:12→1 / s3:3→1, 12→1, s1:1→1 / s2:12→1 / s3:3→1, 12→2, s1:1→1 / s2:12→1 / s3:3→1, 12→2, s1:1→1 / s2:12→1 / s3:3→1, 7→1, 12→2, s1:1→1 / s2:12→1 / s3:3→1, 7→1, 12→3, s1:1→1 / s2:12→1 / s3:3→1, 7→1, 12→3, s1:1→1 / s2:12→1 / s3:7→1, 12→2, s1:1→1 / s2:12→1 / s3:7→1, 12→2, s1:1→1 / s2:12→1 / s3:7→1, 12→3, s1:1→1 / s2:3→1, 12→2 / s3:1→1, 12→1, s1:1→1 / s2:3→1, 12→3 / s3:1→1, 12→1, s1:1→1 / s3:1→1, 3→1, 12→3, s1:1→1 / s3:1→1, 7→1, 12→2, s1:1→1 / s3:1→1, 7→1, 12→3, s1:1→1 / s3:3→1, 12→2, s1:1→1 / s3:3→1, 12→3, s1:1→1 / s3:3→1, 7→1, 12→2, s1:1→1 / s3:3→1, 7→1, 12→3, s1:1→1 / s3:7→1, 12→2, s1:1→1 / s3:7→1, 12→3}"	"{s2:13→1 / s3:11→1, s2:11→1 / s3:13→1, s2:13→1 / s3:11→1, s2:13→1 / s3:13→1, s2:11→1 / s3:13→1, s2:13→1 / s3:11→1, s2:13→1 / s3:13→1, s2:11→1 / s3:13→1, s2:13→1 / s3:11→1, s2:13→1 / s3:13→1, s2:11→1 / s3:13→1, s2:13→1 / s3:13→1, s2:11→1 / s3:13→1, s2:13→1 / s3:11→1, s2:11→1 / s3:13→1, s2:13→1 / s3:11→1, s2:11→1 / s3:13→1, s2:13→1 / s3:11→1, s2:13→1 / s3:13→1, s2:13→1 / s3:11→1, s2:11→1 / s3:13→1, s2:13→1 / s3:11→1, s2:13→1 / s3:13→1, s2:11→1 / s3:13→1, s2:13→1 / s3:11→1, s2:13→1 / s3:13→1, s2:11→1 / s3:13→1, s2:13→1 / s3:11→1, s2:13→1 / s3:13→1, s2:11→1 / s3:13→1, s2:11→1 / s3:13→1, s2:11→1 / s3:13→1, s2:11→1 / s3:13→1, s2:13→1 / s3:11→1, s2:13→1 / s3:11→1, s2:11→1 / s3:13→1, s2:11→1 / s3:13→1, s2:11→1 / s3:13→1, s2:11→1 / s3:13→1, s2:11→1 / s3:13→1, s2:11→1 / s3:13→1, s2:11→1 / s3:13→1, s2:11→1 / s3:13→1, s2:11→1 / s3:13→1, s2:11→1 / s3:13→1, s2:11→1 / s3:13→1, s2:13→1 / s3:11→1, s2:13→1 / s3:11→1, s2:13→1 / s3:11→1, s2:13→1 / s3:11→1, s2:13→1 / s3:11→1, s2:13→1 / s3:11→1, s2:13→1 / s3:11→1, s2:13→1 / s3:11→1, s2:13→1 / s3:13→1, s2:13→1 / s3:11→1, s2:13→1 / s3:11→1, s2:13→1 / s3:13→1, s2:13→1 / s3:11→1, s2:13→1 / s3:13→1, s2:13→1 / s3:13→1, s2:13→1 / s3:11→1, s2:13→1 / s3:11→1, s2:11→1 / s3:13→1, s2:11→1 / s3:13→1, s2:11→1 / s3:13→1, s2:11→1 / s3:13→1, s2:11→1 / s3:13→1, s2:11→1 / s3:13→1, s2:11→1 / s3:13→1, s2:11→1 / s3:13→1, s2:11→1 / s3:13→1}"
12	147	17	131	1	1	1	0	0	0	0	0	"{s1:12→1 / s2:1→1, s1:12→1 / s2:1→1 / s3:1→1, s1:12→1 / s2:1→1 / s3:1→1, 3→1, s1:12→1 / s2:1→1 / s3:1→1, 3→1, 7→1, s1:12→1 / s2:1→1 / s3:1→1, 7→1, s1:12→1 / s2:1→1 / s3:1→2, 3→1, 7→1, s1:12→1 / s2:1→1 / s3:1→2, 7→1, s1:12→1 / s2:1→1 / s3:1→3, 3→1, 7→1, s1:12→1 / s2:1→1 / s3:1→3, 7→1, s1:12→1 / s2:1→1 / s3:1→4, 7→1, s1:12→1 / s2:1→1 / s3:3→1, s1:12→1 / s2:1→1 / s3:3→1, 7→1, s1:12→1 / s2:1→1 / s3:7→1, s1:1→1 / s2:12→1, s1:1→1 / s2:12→1 / s3:3→1, 12→1, s1:1→1 / s2:12→1 / s3:3→1, 12→2, s1:1→1 / s2:12→1 / s3:3→1, 7→1, 12→1, s1:1→1 / s2:12→1 / s3:3→1, 7→1, 12→2, s1:1→1 / s2:12→1 / s3:3→1, 7→1, 12→3, s1:1→1 / s2:12→1 / s3:7→1, s1:1→1 / s2:12→1 / s3:7→1, 12→1, s1:1→1 / s2:12→1 / s3:7→1, 12→2, s1:1→1 / s2:12→1 / s3:7→1, 12→3, s1:1→1 / s2:12→1 / s3:7→1, 12→4}"	"{s3:11→1, s3:11→1, s3:11→1, s3:11→1, s3:11→1, s3:11→1, s3:11→1, s3:11→1, s3:11→1, s3:11→1, s3:11→1, s3:11→1, s3:11→1, s3:11→1, s3:11→1, s3:11→1, s3:11→1, s3:11→1, s3:11→1, s3:11→1, s3:11→1, s3:11→1, s3:11→1, s3:11→1}"
12	147	17	132	1	1	1	0	0	0	0	0	"{s1:12→1 / s2:1→1 / s3:1→1, 3→1, 12→1, s1:12→1 / s2:1→1 / s3:1→1, 3→1, 7→1, s1:12→1 / s2:1→1 / s3:1→1, 3→1, 7→1, 12→1, s1:12→1 / s2:1→1 / s3:1→1, 7→1, s1:12→1 / s2:1→1 / s3:1→1, 7→1, 12→1, s1:12→1 / s2:1→1 / s3:3→1, 12→1, s1:12→1 / s2:1→1 / s3:3→1, 7→1, s1:12→1 / s2:1→1 / s3:3→1, 7→1, 12→1, s1:12→1 / s2:1→1 / s3:7→1, s1:12→1 / s2:1→1 / s3:7→1, 12→1, s1:1→1 / s2:12→1 / s3:3→1, 12→1, s1:1→1 / s2:12→1 / s3:3→1, 12→2, s1:1→1 / s2:12→1 / s3:3→1, 7→1, 12→1, s1:1→1 / s2:12→1 / s3:3→1, 7→1, 12→2, s1:1→1 / s2:12→1 / s3:3→1, 7→1, 12→3, s1:1→1 / s2:12→1 / s3:7→1, 12→1, s1:1→1 / s2:12→1 / s3:7→1, 12→2, s1:1→1 / s2:12→1 / s3:7→1, 12→3}"	"{s3:14→1, s3:14→1, s3:14→1, s3:14→1, s3:14→1, s3:14→1, s3:14→1, s3:14→1, s3:14→1, s3:14→1, s3:14→1, s3:14→1, s3:14→1, s3:14→1, s3:14→1, s3:14→1, s3:14→1, s3:14→1}"
12	147	17	145	0	3	0	0	0	0	0	0	"s1:12→1 / s2:1→1 / s3:1→1, 12→1"	""
12	147	17	151	1	2	0	0	0	0	0	0	"{s1:12→1 / s2:1→1, 12→1, s1:12→1 / s2:1→1, 12→1 / s3:1→1, s1:12→1 / s2:1→1, 12→1 / s3:1→2, s1:12→1 / s2:1→1 / s3:1→1, s1:12→1 / s2:1→1 / s3:1→1, 12→1, s1:12→1 / s2:1→1 / s3:1→1, 3→1, s1:12→1 / s2:1→1 / s3:1→1, 3→1, 12→1, s1:12→1 / s2:1→1 / s3:1→1, 3→1, 12→2, s1:12→1 / s2:1→1 / s3:1→1, 3→1, 12→3, s1:12→1 / s2:1→1 / s3:1→1, 3→1, 7→1, s1:12→1 / s2:1→1 / s3:1→1, 3→1, 7→1, 12→1, s1:12→1 / s2:1→1 / s3:1→1, 3→1, 7→1, 12→2, s1:12→1 / s2:1→1 / s3:1→1, 7→1, s1:12→1 / s2:1→1 / s3:1→1, 7→1, 12→1, s1:12→1 / s2:1→1 / s3:1→1, 7→1, 12→2, s1:12→1 / s2:1→1 / s3:1→1, 7→1, 12→3, s1:12→1 / s2:1→1 / s3:1→2, 12→1, s1:12→1 / s2:1→1 / s3:1→2, 12→2, s1:12→1 / s2:1→1 / s3:1→2, 12→3, s1:12→1 / s2:1→1 / s3:1→2, 3→1, 12→1, s1:12→1 / s2:1→1 / s3:1→2, 3→1, 12→2, s1:12→1 / s2:1→1 / s3:1→2, 3→1, 7→1, s1:12→1 / s2:1→1 / s3:1→2, 3→1, 7→1, 12→1, s1:12→1 / s2:1→1 / s3:1→2, 7→1, s1:12→1 / s2:1→1 / s3:1→2, 7→1, 12→1, s1:12→1 / s2:1→1 / s3:1→2, 7→1, 12→2, s1:12→1 / s2:1→1 / s3:1→3, 12→2, s1:12→1 / s2:1→1 / s3:1→3, 3→1, 12→1, s1:12→1 / s2:1→1 / s3:1→3, 3→1, 7→1, s1:12→1 / s2:1→1 / s3:1→3, 7→1, s1:12→1 / s2:1→1 / s3:1→3, 7→1, 12→1, s1:12→1 / s2:1→1 / s3:3→1, s1:12→1 / s2:1→1 / s3:3→1, 12→1, s1:12→1 / s2:1→1 / s3:3→1, 12→2, s1:12→1 / s2:1→1 / s3:3→1, 7→1, s1:12→1 / s2:1→1 / s3:3→1, 7→1, 12→1, s1:12→1 / s2:1→1 / s3:3→1, 7→1, 12→2, s1:12→1 / s2:1→1 / s3:3→1, 7→1, 12→3, s1:12→1 / s2:1→1 / s3:7→1, s1:12→1 / s2:1→1 / s3:7→1, 12→1, s1:12→1 / s2:1→1 / s3:7→1, 12→2, s1:12→1 / s2:1→1 / s3:7→1, 12→3, s1:12→1 / s2:1→2, 12→1, s1:1→1, 12→1 / s2:1→1, 12→1, s1:1→1 / s2:1→1, 12→1, s1:1→1 / s2:1→1, 12→1 / s3:3→1, s1:1→1 / s2:1→1, 12→1 / s3:3→1, 12→1, s1:1→1 / s2:1→1, 12→1 / s3:3→1, 12→2, s1:1→1 / s2:1→1, 12→2}"	"{s3:11→1, s3:11→1, s3:11→1, s3:11→1, s3:11→1, s3:11→1, s3:11→1, s3:11→1, s3:11→1, s3:11→1, s3:11→1, s3:11→1, s3:11→1, s3:11→1, s3:11→1, s3:11→1, s3:11→1, s3:11→1, s3:11→1, s3:11→1, s3:11→1, s3:11→1, s3:11→1, s3:11→1, s3:11→1, s3:11→1, s3:11→1, s3:11→1, s3:11→1, s3:11→1, s3:11→1, s3:11→1, s3:11→1, s3:11→1, s3:11→1, s3:11→1, s3:11→1, s3:11→1, s3:11→1, s3:11→1, s3:11→1, s3:11→1, s3:11→1, s3:11→1, s3:11→1, s3:11→1, s3:11→1, s3:11→1, s3:11→1}"
12	147	17	152	1	2	0	0	0	0	0	0	"{s1:12→1 / s2:1→1, 12→1 / s3:1→1, s1:12→1 / s2:1→1, 12→1 / s3:1→1, s1:12→1 / s2:1→1 / s3:12→1, s1:12→1 / s2:1→1 / s3:1→1, s1:12→1 / s2:1→1 / s3:1→1, 12→1, s1:12→1 / s2:1→1 / s3:1→1, 12→1, s1:12→1 / s2:1→1 / s3:1→1, 12→2, s1:12→1 / s2:1→1 / s3:1→1, 3→1, 12→1, s1:12→1 / s2:1→1 / s3:1→1, 3→1, 12→1, s1:12→1 / s2:1→1 / s3:1→1, 3→1, 12→2, s1:12→1 / s2:1→1 / s3:1→1, 3→1, 12→2, s1:12→1 / s2:1→1 / s3:1→1, 3→1, 12→3, s1:12→1 / s2:1→1 / s3:1→1, 3→1, 12→3, s1:12→1 / s2:1→1 / s3:1→1, 3→1, 7→1, s1:12→1 / s2:1→1 / s3:1→1, 3→1, 7→1, 12→1, s1:12→1 / s2:1→1 / s3:1→1, 3→1, 7→1, 12→1, s1:12→1 / s2:1→1 / s3:1→1, 3→1, 7→1, 12→2, s1:12→1 / s2:1→1 / s3:1→1, 3→1, 7→1, 12→2, s1:12→1 / s2:1→1 / s3:1→1, 7→1, s1:12→1 / s2:1→1 / s3:1→1, 7→1, s1:12→1 / s2:1→1 / s3:1→1, 7→1, 12→1, s1:12→1 / s2:1→1 / s3:1→1, 7→1, 12→1, s1:12→1 / s2:1→1 / s3:1→1, 7→1, 12→2, s1:12→1 / s2:1→1 / s3:1→1, 7→1, 12→2, s1:12→1 / s2:1→1 / s3:1→1, 7→1, 12→3, s1:12→1 / s2:1→1 / s3:1→1, 7→1, 12→3, s1:12→1 / s2:1→1 / s3:1→2, 12→1, s1:12→1 / s2:1→1 / s3:1→2, 12→2, s1:12→1 / s2:1→1 / s3:1→2, 3→1, 12→1, s1:12→1 / s2:1→1 / s3:1→2, 3→1, 12→2, s1:12→1 / s2:1→1 / s3:1→2, 3→1, 7→1, s1:12→1 / s2:1→1 / s3:1→2, 3→1, 7→1, 12→1, s1:12→1 / s2:1→1 / s3:1→2, 7→1, s1:12→1 / s2:1→1 / s3:1→2, 7→1, 12→1, s1:12→1 / s2:1→1 / s3:1→2, 7→1, 12→2, s1:12→1 / s2:1→1 / s3:1→3, 12→2, s1:12→1 / s2:1→1 / s3:1→3, 7→1, 12→1, s1:12→1 / s2:1→1 / s3:3→1, s1:12→1 / s2:1→1 / s3:3→1, 12→1, s1:12→1 / s2:1→1 / s3:3→1, 12→1, s1:12→1 / s2:1→1 / s3:3→1, 12→2, s1:12→1 / s2:1→1 / s3:3→1, 12→2, s1:12→1 / s2:1→1 / s3:3→1, 12→3, s1:12→1 / s2:1→1 / s3:3→1, 7→1, s1:12→1 / s2:1→1 / s3:3→1, 7→1, s1:12→1 / s2:1→1 / s3:3→1, 7→1, 12→1, s1:12→1 / s2:1→1 / s3:3→1, 7→1, 12→1, s1:12→1 / s2:1→1 / s3:3→1, 7→1, 12→2, s1:12→1 / s2:1→1 / s3:3→1, 7→1, 12→2, s1:12→1 / s2:1→1 / s3:3→1, 7→1, 12→3, s1:12→1 / s2:1→1 / s3:3→1, 7→1, 12→3, s1:12→1 / s2:1→1 / s3:7→1, s1:12→1 / s2:1→1 / s3:7→1, s1:12→1 / s2:1→1 / s3:7→1, 12→1, s1:12→1 / s2:1→1 / s3:7→1, 12→1, s1:12→1 / s2:1→1 / s3:7→1, 12→2, s1:12→1 / s2:1→1 / s3:7→1, 12→2, s1:12→1 / s2:1→1 / s3:7→1, 12→3, s1:12→1 / s2:1→1 / s3:7→1, 12→3, s1:12→1 / s2:1→1 / s3:7→1, 12→4}"	"{s3:13→1, s3:14→1, s3:14→1, s3:13→1, s3:13→1, s3:14→1, s3:14→1, s3:13→1, s3:14→1, s3:13→1, s3:14→1, s3:13→1, s3:14→1, s3:13→1, s3:13→1, s3:14→1, s3:13→1, s3:14→1, s3:13→1, s3:14→1, s3:13→1, s3:14→1, s3:13→1, s3:14→1, s3:13→1, s3:14→1, s3:13→1, s3:13→1, s3:13→1, s3:13→1, s3:13→1, s3:13→1, s3:13→1, s3:13→1, s3:13→1, s3:13→1, s3:13→1, s3:13→1, s3:13→1, s3:14→1, s3:13→1, s3:14→1, s3:14→1, s3:13→1, s3:14→1, s3:13→1, s3:14→1, s3:13→1, s3:14→1, s3:13→1, s3:14→1, s3:13→1, s3:14→1, s3:13→1, s3:14→1, s3:13→1, s3:14→1, s3:13→1, s3:14→1, s3:14→1}"
12	147	17	158	2	1	0	0	0	0	0	0	"{s1:12→1 / s2:1→1, 12→1 / s3:1→1, s1:12→1 / s2:1→1 / s3:1→1, s1:12→1 / s2:1→1 / s3:1→1, 12→1, s1:12→1 / s2:1→1 / s3:1→1, 12→1, s1:12→1 / s2:1→1 / s3:1→1, 3→1, s1:12→1 / s2:1→1 / s3:1→1, 3→1, s1:12→1 / s2:1→1 / s3:1→1, 3→1, 12→2, s1:12→1 / s2:1→1 / s3:1→1, 3→1, 12→2, s1:12→1 / s2:1→1 / s3:1→1, 3→1, 12→2, s1:12→1 / s2:1→1 / s3:1→1, 3→1, 7→1, s1:12→1 / s2:1→1 / s3:1→1, 3→1, 7→1, s1:12→1 / s2:1→1 / s3:1→1, 7→1, s1:12→1 / s2:1→1 / s3:1→1, 7→1, s1:12→1 / s2:1→1 / s3:1→1, 7→1, 12→1, s1:12→1 / s2:1→1 / s3:1→1, 7→1, 12→2, s1:12→1 / s2:1→1 / s3:1→1, 7→1, 12→2, s1:12→1 / s2:1→1 / s3:1→1, 7→1, 12→2, s1:12→1 / s2:1→1 / s3:1→2, s1:12→1 / s2:1→1 / s3:1→2, 12→1, s1:12→1 / s2:1→1 / s3:1→2, 12→1, s1:12→1 / s2:1→1 / s3:1→2, 12→1, s1:12→1 / s2:1→1 / s3:1→2, 12→2, s1:12→1 / s2:1→1 / s3:1→2, 12→2, s1:12→1 / s2:1→1 / s3:1→2, 12→2, s1:12→1 / s2:1→1 / s3:1→2, 3→1, s1:12→1 / s2:1→1 / s3:1→2, 3→1, 12→1, s1:12→1 / s2:1→1 / s3:1→2, 3→1, 12→2, s1:12→1 / s2:1→1 / s3:1→2, 3→1, 7→1, s1:12→1 / s2:1→1 / s3:1→2, 3→1, 7→1, s1:12→1 / s2:1→1 / s3:1→2, 7→1, s1:12→1 / s2:1→1 / s3:1→2, 7→1, s1:12→1 / s2:1→1 / s3:1→3, 12→1, s1:12→1 / s2:1→1 / s3:1→3, 12→1, s1:12→1 / s2:1→1 / s3:1→3, 12→1, s1:12→1 / s2:1→1 / s3:1→3, 12→2, s1:12→1 / s2:1→1 / s3:1→3, 12→2, s1:12→1 / s2:1→1 / s3:1→3, 12→2, s1:12→1 / s2:1→1 / s3:1→3, 3→1, 12→1, s1:12→1 / s2:1→1 / s3:1→3, 3→1, 12→1, s1:12→1 / s2:1→1 / s3:1→3, 3→1, 12→1, s1:12→1 / s2:1→1 / s3:1→3, 3→1, 7→1, s1:12→1 / s2:1→1 / s3:1→3, 3→1, 7→1, s1:12→1 / s2:1→1 / s3:1→3, 7→1, s1:12→1 / s2:1→1 / s3:1→3, 7→1, s1:12→1 / s2:1→1 / s3:1→3, 7→1, s1:12→1 / s2:1→1 / s3:1→4, 12→1, s1:12→1 / s2:1→1 / s3:1→4, 7→1, s1:12→1 / s2:1→1 / s3:1→4, 7→1, s1:12→1 / s2:1→2, 12→1 / s3:1→2, s1:12→1 / s2:1→2 / s3:1→3, 12→1, s1:12→1 / s2:1→2 / s3:1→3, 3→1, 12→1, s1:12→1 / s2:1→2 / s3:1→4, 7→1, s1:12→1 / s2:3→1, 12→1 / s3:1→1, s1:12→1 / s2:3→1, 12→1 / s3:1→1, s1:12→1 / s2:3→1, 12→1 / s3:1→1, s1:12→1 / s2:3→1, 7→1, 12→1 / s3:1→1, s1:12→1 / s2:3→1, 7→1, 12→2 / s3:1→1, s1:12→1 / s2:3→1 / s3:1→1, s1:12→1 / s2:3→1 / s3:1→1, s1:12→1 / s3:1→1, 12→1, s1:12→1 / s3:1→1, 3→1, 12→1, s1:12→1 / s3:1→1, 3→1, 12→2, s1:12→1 / s3:1→1, 3→1, 7→1, 12→1, s1:12→1 / s3:1→1, 3→1, 7→1, 12→2, s1:12→1 / s3:1→1, 7→1, 12→1, s1:12→1 / s3:1→1, 7→1, 12→2, s1:12→1 / s3:1→2, 12→1, s1:12→1 / s3:1→2, 12→2, s1:12→1 / s3:1→2, 3→1, 12→2, s1:12→1 / s3:1→2, 7→1, 12→1, s1:12→1 / s3:1→2, 7→1, 12→2, s1:12→1 / s3:1→3, 12→2, s1:12→1 / s3:3→1, 12→1, s1:12→1 / s3:3→1, 12→2, s1:12→1 / s3:3→1, 7→1, 12→1, s1:12→1 / s3:3→1, 7→1, 12→2, s1:12→1 / s3:7→1, s1:12→1 / s3:7→1, 12→1, s1:12→1 / s3:7→1, 12→2, s1:1→1, 12→1 / s2:12→1, s1:1→1, 12→1 / s2:12→1 / s3:1→1, s1:1→1, 12→1 / s3:1→1, s1:1→1, 12→1 / s3:1→1, 12→1, s1:1→1, 12→1 / s3:1→1, 12→2, s1:1→1, 12→1 / s3:1→1, 7→1, s1:1→1, 12→1 / s3:3→1, 12→2, s1:1→1 / s2:12→1 / s3:12→1, s1:1→1 / s2:12→1 / s3:1→1, s1:1→1 / s2:12→1 / s3:1→1, 12→1, s1:1→1 / s2:12→1 / s3:1→1, 12→2, s1:1→1 / s2:12→1 / s3:1→1, 3→1, 12→1, s1:1→1 / s2:12→1 / s3:1→1, 7→1, 12→1, s1:1→1 / s2:12→1 / s3:3→1, 12→1, s1:1→1 / s2:12→1 / s3:3→1, 12→3, s1:1→1 / s2:12→1 / s3:3→1, 12→3, s1:1→1 / s2:12→1 / s3:3→1, 12→4, s1:1→1 / s2:12→1 / s3:3→1, 12→4, s1:1→1 / s2:12→1 / s3:3→1, 7→1, 12→2, s1:1→1 / s2:12→1 / s3:7→1, 12→1, s1:1→1 / s2:12→1 / s3:7→1, 12→1, s1:1→1 / s2:12→1 / s3:7→1, 12→3, s1:1→1 / s2:12→1 / s3:7→1, 12→4, s1:1→1 / s2:12→1 / s3:7→1, 12→4, s1:1→1 / s2:3→1, 12→1 / s3:1→1, s1:1→1 / s2:3→1, 12→4 / s3:1→1, 12→2, s1:1→1 / s3:1→1, 12→1, s1:1→1 / s3:1→1, 12→2, s1:1→1 / s3:1→1, 12→3, s1:1→1 / s3:1→1, 3→1, 12→1, s1:1→1 / s3:1→1, 3→1, 12→2, s1:1→1 / s3:1→1, 3→1, 7→1, 12→1, s1:1→1 / s3:1→1, 3→1, 7→1, 12→2, s1:1→1 / s3:1→1, 7→1, s1:1→1 / s3:1→1, 7→1, 12→1, s1:1→1 / s3:3→1, 12→1, s1:1→1 / s3:3→1, 12→4, s1:1→1 / s3:3→1, 7→1, s1:1→1 / s3:3→1, 7→1, 12→1, s1:1→1 / s3:7→1, s1:1→1 / s3:7→1, 12→1, s1:1→1 / s3:7→1, 12→4}"	"{s2:13→1 / s3:11→1, s2:13→1 / s3:13→1, s2:13→1 / s3:11→1, s2:13→1 / s3:13→1, s2:13→1 / s3:11→1, s2:13→1 / s3:13→1, s2:11→1 / s3:13→1, s2:13→1 / s3:11→1, s2:13→1 / s3:13→1, s2:13→1 / s3:11→1, s2:13→1 / s3:13→1, s2:13→1 / s3:11→1, s2:13→1 / s3:13→1, s2:13→1 / s3:11→1, s2:11→1 / s3:13→1, s2:13→1 / s3:11→1, s2:13→1 / s3:13→1, s2:13→1 / s3:11→1, s2:11→1 / s3:13→1, s2:13→1 / s3:11→1, s2:13→1 / s3:13→1, s2:11→1 / s3:13→1, s2:13→1 / s3:11→1, s2:13→1 / s3:13→1, s2:13→1 / s3:11→1, s2:13→1 / s3:13→1, s2:13→1 / s3:13→1, s2:13→1 / s3:11→1, s2:13→1 / s3:13→1, s2:11→1 / s3:13→1, s2:13→1 / s3:13→1, s2:11→1 / s3:13→1, s2:13→1 / s3:11→1, s2:13→1 / s3:13→1, s2:11→1 / s3:13→1, s2:13→1 / s3:11→1, s2:13→1 / s3:13→1, s2:11→1 / s3:13→1, s2:13→1 / s3:11→1, s2:13→1 / s3:13→1, s2:13→1 / s3:11→1, s2:13→1 / s3:13→1, s2:11→1 / s3:13→1, s2:13→1 / s3:11→1, s2:13→1 / s3:13→1, s2:13→1 / s3:11→1, s2:13→1 / s3:11→1, s2:13→1 / s3:13→1, s2:13→1 / s3:11→1, s2:11→1 / s3:13→1, s2:11→1 / s3:13→1, s2:11→1 / s3:13→1, s2:11→1 / s3:13→1, s2:13→1 / s3:11→1, s2:13→1 / s3:13→1, s2:13→1 / s3:13→1, s2:13→1 / s3:13→1, s2:11→1 / s3:13→1, s2:13→1 / s3:13→1, s2:11→1 / s3:13→1, s2:11→1 / s3:13→1, s2:11→1 / s3:13→1, s2:11→1 / s3:13→1, s2:11→1 / s3:13→1, s2:11→1 / s3:13→1, s2:11→1 / s3:13→1, s2:11→1 / s3:13→1, s2:11→1 / s3:13→1, s2:11→1 / s3:13→1, s2:11→1 / s3:13→1, s2:11→1 / s3:13→1, s2:11→1 / s3:13→1, s2:11→1 / s3:13→1, s2:11→1 / s3:13→1, s2:11→1 / s3:13→1, s2:11→1 / s3:13→1, s2:11→1 / s3:13→1, s2:11→1 / s3:13→1, s2:11→1 / s3:13→1, s2:13→1 / s3:11→1, s2:13→1 / s3:11→1, s2:11→1 / s3:13→1, s2:11→1 / s3:13→1, s2:11→1 / s3:13→1, s2:11→1 / s3:13→1, s2:11→1 / s3:13→1, s2:13→1 / s3:13→1, s2:13→1 / s3:11→1, s2:13→1 / s3:11→1, s2:13→1 / s3:11→1, s2:13→1 / s3:11→1, s2:13→1 / s3:11→1, s2:13→1 / s3:13→1, s2:13→1 / s3:11→1, s2:13→1 / s3:13→1, s2:13→1 / s3:11→1, s2:13→1 / s3:13→1, s2:13→1 / s3:13→1, s2:13→1 / s3:11→1, s2:13→1 / s3:13→1, s2:13→1 / s3:11→1, s2:13→1 / s3:11→1, s2:13→1 / s3:13→1, s2:13→1 / s3:11→1, s2:13→1 / s3:11→1, s2:11→1 / s3:13→1, s2:11→1 / s3:13→1, s2:11→1 / s3:13→1, s2:11→1 / s3:13→1, s2:11→1 / s3:13→1, s2:11→1 / s3:13→1, s2:11→1 / s3:13→1, s2:11→1 / s3:13→1, s2:11→1 / s3:13→1, s2:11→1 / s3:13→1, s2:11→1 / s3:13→1, s2:11→1 / s3:13→1, s2:11→1 / s3:13→1, s2:11→1 / s3:13→1, s2:11→1 / s3:13→1, s2:11→1 / s3:13→1}"
12	147	18	108	1	1	0	1	0	0	0	0	"{s1:12→1 / s2:1→1 / s3:1→1, 3→1, s1:12→1 / s2:1→1 / s3:1→1, 3→1, 7→1, s1:12→1 / s2:1→1 / s3:1→1, 7→1, s1:12→1 / s2:1→1 / s3:3→1, s1:12→1 / s2:1→1 / s3:3→1, 7→1, s1:12→1 / s2:1→1 / s3:7→1}"	"{s3:14→1, s3:14→1, s3:14→1, s3:14→1, s3:14→1, s3:14→1}"
12	147	18	111	1	0	2	0	0	0	0	0	"{s1:12→1 / s2:1→1, s1:12→1 / s2:1→1 / s3:3→1, s1:12→1 / s2:1→1 / s3:3→1, 7→1, s1:12→1 / s2:1→1 / s3:7→1}"	"{s3:11→1, s3:11→1, s3:11→1, s3:11→1}"
12	147	18	125	0	2	1	0	0	0	0	0	"{s1:12→1 / s2:1→1 / s3:1→1, s1:1→1 / s2:12→1 / s3:12→1}"	""
12	147	18	131	1	1	1	0	0	0	0	0	"{s1:12→1 / s2:1→1 / s3:1→2, s1:12→1 / s2:1→1 / s3:1→2, 3→1, s1:12→1 / s2:1→1 / s3:1→3, 3→1, s1:12→1 / s2:1→1 / s3:1→4, 3→1, s1:1→1 / s2:12→1 / s3:3→1, s1:1→1 / s2:12→1 / s3:3→1, 12→3, s1:1→1 / s2:12→1 / s3:3→1, 12→4, s1:1→1 / s2:12→1 / s3:3→1, 7→1}"	"{s3:11→1, s3:11→1, s3:11→1, s3:11→1, s3:11→1, s3:11→1, s3:11→1, s3:11→1}"
12	147	18	132	1	1	1	0	0	0	0	0	"{s1:12→1 / s2:1→1 / s3:12→1, s1:12→1 / s2:1→1 / s3:1→1, 12→1, s1:12→1 / s2:1→1 / s3:1→1, 3→1, s1:12→1 / s2:1→1 / s3:3→1, s1:1→1 / s2:12→1 / s3:3→1, s1:1→1 / s2:12→1 / s3:3→1, 12→3, s1:1→1 / s2:12→1 / s3:3→1, 12→4, s1:1→1 / s2:12→1 / s3:3→1, 7→1, s1:1→1 / s2:12→1 / s3:7→1, s1:1→1 / s2:12→1 / s3:7→1, 12→4}"	"{s3:14→1, s3:14→1, s3:14→1, s3:14→1, s3:14→1, s3:14→1, s3:14→1, s3:14→1, s3:14→1, s3:14→1}"
12	147	18	145	0	3	0	0	0	0	0	0	"s1:12→1 / s2:1→1 / s3:1→1, 12→2"	""
12	147	18	151	1	2	0	0	0	0	0	0	"{s1:12→1 / s2:1→1 / s3:1→1, 12→2, s1:12→1 / s2:1→1 / s3:1→2, 3→1, s1:12→1 / s2:1→1 / s3:1→3, 12→1, s1:12→1 / s2:1→1 / s3:1→4, 12→1, s1:12→1 / s2:1→1 / s3:1→4, 7→1, s1:12→1 / s2:1→1 / s3:3→1, 12→3, s1:12→1 / s2:1→1 / s3:3→1, 12→4, s1:12→1 / s2:1→1 / s3:7→1, 12→4, s1:1→1 / s2:1→1, 12→3}"	"{s3:11→1, s3:11→1, s3:11→1, s3:11→1, s3:11→1, s3:11→1, s3:11→1, s3:11→1, s3:11→1}"
12	147	18	152	1	2	0	0	0	0	0	0	"{s1:12→1 / s2:1→1 / s3:1→1, 12→2, s1:12→1 / s2:1→1 / s3:1→1, 12→3, s1:12→1 / s2:1→1 / s3:1→1, 3→1, s1:12→1 / s2:1→1 / s3:1→1, 3→1, 7→1, s1:12→1 / s2:1→1 / s3:1→2, 12→3, s1:12→1 / s2:1→1 / s3:1→3, 12→1, s1:12→1 / s2:1→1 / s3:1→3, 3→1, 12→1, s1:12→1 / s2:1→1 / s3:1→3, 3→1, 7→1, s1:12→1 / s2:1→1 / s3:1→3, 7→1, s1:12→1 / s2:1→1 / s3:3→1, 12→3, s1:12→1 / s2:1→1 / s3:3→1, 12→4, s1:12→1 / s2:1→1 / s3:7→1, 12→4}"	"{s3:13→1, s3:14→1, s3:13→1, s3:14→1, s3:13→1, s3:13→1, s3:13→1, s3:13→1, s3:13→1, s3:13→1, s3:14→1, s3:13→1}"
12	147	18	158	2	1	0	0	0	0	0	0	"{s1:12→1 / s2:1→1 / s3:1→2, 3→1, s1:12→1 / s2:1→1 / s3:1→3, 3→1, s1:12→1 / s2:1→1 / s3:1→4, 12→1, s1:12→1 / s2:1→1 / s3:1→4, 12→1, s1:12→1 / s2:1→2 / s3:1→4, 12→1, s1:12→1 / s2:3→1, 12→2 / s3:1→1, s1:12→1 / s2:3→1, 7→1, 12→1 / s3:1→1, s1:12→1 / s2:3→1, 7→1, 12→2 / s3:1→1, s1:12→1 / s2:3→1, 7→1, 12→2 / s3:1→1, s1:12→1 / s3:1→1, 12→2, s1:1→1, 12→1 / s2:12→2, s1:1→1 / s2:12→1 / s3:1→1, 12→3, s1:1→1 / s2:12→1 / s3:1→1, 3→1, 7→1, 12→1, s1:1→1 / s2:12→1 / s3:3→1, 7→1, 12→1, s1:1→1 / s3:1→1, 12→4, s1:1→1 / s3:1→1, 3→1, 7→1}"	"{s2:13→1 / s3:13→1, s2:13→1 / s3:11→1, s2:11→1 / s3:13→1, s2:13→1 / s3:13→1, s2:11→1 / s3:13→1, s2:13→1 / s3:13→1, s2:11→1 / s3:13→1, s2:11→1 / s3:13→1, s2:13→1 / s3:11→1, s2:11→1 / s3:13→1, s2:13→1 / s3:11→1, s2:13→1 / s3:11→1, s2:13→1 / s3:11→1, s2:13→1 / s3:11→1, s2:11→1 / s3:13→1, s2:11→1 / s3:13→1}"
12	147	19	101	0	2	0	1	0	0	0	0	"s1:12→1 / s2:1→1 / s3:1→1"	""
12	147	19	108	1	1	0	1	0	0	0	0	"s1:12→1 / s2:1→1 / s3:1→1"	"s3:14→1"
12	147	19	131	1	1	1	0	0	0	0	0	"{s1:12→1 / s2:1→1 / s3:1→3, s1:12→1 / s2:1→1 / s3:1→4, s1:1→1 / s2:12→1 / s3:12→1}"	"{s3:11→1, s3:11→1, s3:11→1}"
12	147	19	151	1	2	0	0	0	0	0	0	"{s1:12→1 / s2:12→1, s1:12→1 / s2:12→1 / s3:1→1, s1:12→1 / s2:1→1 / s3:1→1, 12→3, s1:12→1 / s2:1→1 / s3:1→2, s1:1→1 / s2:1→1 / s3:3→1}"	"{s3:11→1, s3:11→1, s3:11→1, s3:11→1, s3:11→1}"
12	147	19	152	1	2	0	0	0	0	0	0	"{s1:12→1 / s2:1→1 / s3:1→4, 7→1, s1:12→1 / s2:1→1 / s3:3→1, s1:12→1 / s2:1→1 / s3:3→1, 12→4}"	"{s3:13→1, s3:14→1, s3:13→1}"
12	147	19	158	2	1	0	0	0	0	0	0	"{s1:12→1 / s2:12→1, s1:12→1 / s2:1→1 / s3:1→1, 12→2, s1:12→1 / s2:1→1 / s3:1→3, s1:12→1 / s2:1→1 / s3:1→4, 3→1, s1:12→1 / s2:3→1, 12→2 / s3:1→1, s1:1→1 / s2:12→1 / s3:1→1, 12→4, s1:1→1 / s3:3→1}"	"{s2:13→1 / s3:11→1, s2:13→1 / s3:13→1, s2:13→1 / s3:11→1, s2:13→1 / s3:11→1, s2:11→1 / s3:13→1, s2:13→1 / s3:11→1, s2:11→1 / s3:13→1}"
12	147	20	145	0	3	0	0	0	0	0	0	"{s1:12→1 / s2:12→1 / s3:1→1, s1:12→1 / s2:1→1 / s3:1→1}"	""
12	147	20	151	1	2	0	0	0	0	0	0	"{s1:12→1 / s2:1→1 / s3:1→3, 3→1, s1:1→1 / s2:1→1}"	"{s3:11→1, s3:11→1}"
12	147	20	152	1	2	0	0	0	0	0	0	"{s1:12→1 / s2:1→1 / s3:1→1, 12→3, s1:12→1 / s2:1→1 / s3:1→1, 12→4, s1:12→1 / s2:1→1 / s3:1→2, 3→1, s1:12→1 / s2:1→1 / s3:1→4, 12→1}"	"{s3:13→1, s3:14→1, s3:13→1, s3:13→1}"
12	147	20	158	2	1	0	0	0	0	0	0	"{s1:12→1 / s2:1→1 / s3:1→3, 3→1, s1:12→1 / s2:1→2 / s3:1→2, s1:12→1 / s2:1→2 / s3:1→4, 12→1, s1:12→1 / s2:1→2 / s3:1→4, 3→1, s1:12→1 / s2:1→3 / s3:1→4, 12→1, s1:1→1 / s2:12→2, s1:1→1 / s2:12→2 / s3:1→1, 12→3}"	"{s2:13→1 / s3:13→1, s2:13→1 / s3:11→1, s2:13→1 / s3:13→1, s2:13→1 / s3:11→1, s2:11→1 / s3:13→1, s2:13→1 / s3:11→1, s2:13→1 / s3:11→1}"
12	147	21	131	1	1	1	0	0	0	0	0	"{s1:1→1 / s2:12→1 / s3:12→2, s1:1→1 / s2:12→2, s1:1→1 / s2:12→2 / s3:12→1}"	"{s3:11→1, s3:11→1, s3:11→1}"
12	147	21	132	1	1	1	0	0	0	0	0	"{s1:12→1 / s2:1→1 / s3:1→1, s1:1→1 / s2:12→1 / s3:12→1}"	"{s3:14→1, s3:14→1}"
12	147	21	152	1	2	0	0	0	0	0	0	"s1:12→1 / s2:12→1 / s3:1→1"	"s3:14→1"
12	147	21	158	2	1	0	0	0	0	0	0	"{s1:12→1 / s2:12→2, s1:12→1 / s2:1→1 / s3:1→1, 12→2, s1:12→1 / s2:1→1 / s3:1→2, s1:12→1 / s2:1→2 / s3:1→2, 3→1, s1:12→1 / s2:1→2 / s3:1→3, 12→1, s1:12→1 / s2:1→2 / s3:1→3, 3→1, s1:12→1 / s2:1→2 / s3:1→3, 3→1, s1:12→1 / s2:7→1, 12→1 / s3:1→1, s1:1→1 / s2:12→1 / s3:12→1, s1:1→1 / s2:12→1 / s3:12→2, s1:1→1 / s2:12→1 / s3:1→1, 12→4, s1:1→1 / s2:12→1 / s3:3→1, 7→1, 12→1, s1:1→1 / s2:12→2 / s3:1→1, 12→4}"	"{s2:13→1 / s3:11→1, s2:13→1 / s3:11→1, s2:13→1 / s3:13→1, s2:13→1 / s3:13→1, s2:13→1 / s3:13→1, s2:13→1 / s3:11→1, s2:13→1 / s3:13→1, s2:13→1 / s3:13→1, s2:13→1 / s3:11→1, s2:13→1 / s3:13→1, s2:11→1 / s3:13→1, s2:13→1 / s3:13→1, s2:13→1 / s3:11→1}"
12	147	22	131	1	1	1	0	0	0	0	0	"s1:1→1 / s2:12→1 / s3:12→3"	"s3:11→1"
12	147	22	151	1	2	0	0	0	0	0	0	"{s1:12→1 / s2:1→1 / s3:1→1, 12→4, s1:12→1 / s2:1→1 / s3:1→4, 3→1}"	"{s3:11→1, s3:11→1}"
12	147	22	158	2	1	0	0	0	0	0	0	"{s1:12→1 / s2:1→2 / s3:1→3, s1:12→1 / s2:1→2 / s3:1→4, 12→1}"	"{s2:13→1 / s3:11→1, s2:13→1 / s3:11→1}"
12	147	23	125	0	2	1	0	0	0	0	0	"s1:1→1 / s2:12→1 / s3:12→2"	""
12	147	23	152	1	2	0	0	0	0	0	0	"{s1:12→1 / s2:1→1 / s3:1→1, 3→1, s1:12→1 / s2:1→1 / s3:1→3, 3→1}"	"{s3:14→1, s3:13→1}"
12	147	23	158	2	1	0	0	0	0	0	0	"s1:1→1 / s3:1→1, 3→1"	"s2:11→1 / s3:13→1"
12	147	24	131	1	1	1	0	0	0	0	0	"s1:1→1 / s2:12→1 / s3:12→4"	"s3:11→1"
12	147	24	151	1	2	0	0	0	0	0	0	"s1:12→1 / s2:1→1 / s3:1→3"	"s3:11→1"
12	147	24	158	2	1	0	0	0	0	0	0	"s1:12→1 / s2:1→2 / s3:1→4, 3→1"	"s2:13→1 / s3:13→1"
12	147	25	131	1	1	1	0	0	0	0	0	"s1:1→1 / s2:12→1 / s3:12→5"	"s3:11→1"
12	147	25	152	1	2	0	0	0	0	0	0	"s1:12→1 / s2:1→1 / s3:1→1, 12→4"	"s3:13→1"
12	147	26	158	2	1	0	0	0	0	0	0	"s1:1→1 / s2:12→2 / s3:1→1, 12→2"	"s2:13→1 / s3:11→1"
12	147	27	158	2	1	0	0	0	0	0	0	"{s1:12→1 / s2:1→2 / s3:1→2, s1:1→1 / s2:12→2 / s3:12→1, s1:1→1 / s2:12→2 / s3:12→2}"	"{s2:13→1 / s3:13→1, s2:13→1 / s3:11→1, s2:13→1 / s3:13→1}"
12	147	28	132	1	1	1	0	0	0	0	0	"s1:1→1 / s2:12→1 / s3:12→2"	"s3:14→1"
12	147	28	158	2	1	0	0	0	0	0	0	"s1:12→1 / s2:1→1 / s3:1→4, 3→1"	"s2:13→1 / s3:13→1"
12	147	29	152	1	2	0	0	0	0	0	0	"s1:12→1 / s2:1→1 / s3:12→2"	"s3:14→1"
12	147	29	158	2	1	0	0	0	0	0	0	"s1:12→1 / s2:1→2 / s3:1→4"	"s2:13→1 / s3:11→1"
12	147	30	152	1	2	0	0	0	0	0	0	"s1:12→1 / s2:1→1 / s3:1→2"	"s3:13→1"
12	147	31	152	1	2	0	0	0	0	0	0	"s1:12→1 / s2:1→1 / s3:1→4, 3→1"	"s3:13→1"
12	147	33	132	1	1	1	0	0	0	0	0	"s1:1→1 / s2:12→1 / s3:12→3"	"s3:14→1"
12	147	37	132	1	1	1	0	0	0	0	0	"s1:1→1 / s2:12→1 / s3:12→4"	"s3:14→1"
12	147	37	151	1	2	0	0	0	0	0	0	"s1:12→1 / s2:1→1 / s3:12→1"	"s3:11→1"
12	147	39	132	1	1	1	0	0	0	0	0	"s1:1→1 / s2:12→1 / s3:12→5"	"s3:14→1"
12	147	44	131	1	1	1	0	0	0	0	0	"s1:1→1 / s2:12→3"	"s3:11→1"
12	147	46	151	1	2	0	0	0	0	0	0	"s1:12→1 / s2:1→1 / s3:1→4"	"s3:11→1"
12	147	52	151	1	2	0	0	0	0	0	0	"s1:1→1 / s2:1→1, 12→1 / s3:3→1, 7→1, 12→3"	"s3:11→1"
12	151	16	156	2	1	0	0	0	0	0	0	"{s2:2→1, 10→1 / s3:2→1, 10→1, s2:2→1, 10→1 / s3:2→2, 10→1, s3:2→1, 10→1, s3:2→2, 10→2, s3:2→3, 10→2}"	"{s1:12→1 / s2:1→1 / s3:1→1, s1:12→1 / s2:1→1 / s3:1→1, s1:12→1 / s2:1→1 / s3:1→1, s1:12→1 / s2:1→1 / s3:1→1, s1:12→1 / s2:1→1 / s3:1→1, s1:12→1 / s2:1→1 / s3:1→1}"
12	151	17	150	1	2	0	0	0	0	0	0	"{s2:2→1, 10→1, s2:2→2, 10→1}"	"{s1:12→1 / s3:1→1, s1:12→1 / s3:1→1}"
12	151	17	156	2	1	0	0	0	0	0	0	"{s2:10→1 / s3:10→1, s3:10→1, s3:2→1, 10→2, s3:2→1, 10→3, s3:2→2, 10→1, s3:2→2, 10→3, s3:2→3, 10→1, s3:2→4, 10→1}"	"{s1:12→1 / s2:1→1 / s3:1→1, s1:12→1 / s2:1→1 / s3:1→1, s1:12→1 / s2:1→1 / s3:1→1, s1:12→1 / s2:1→1 / s3:1→1, s1:12→1 / s2:1→1 / s3:1→1, s1:12→1 / s2:1→1 / s3:1→1, s1:12→1 / s2:1→1 / s3:1→1, s1:12→1 / s2:1→1 / s3:1→1}"
12	151	17	157	2	1	0	0	0	0	0	0	"s1:2→1, 10→1"	"s2:1→1 / s3:1→1"
12	151	18	156	2	1	0	0	0	0	0	0	"s3:2→1, 10→4"	"s1:12→1 / s2:1→1 / s3:1→1"
12	151	18	157	2	1	0	0	0	0	0	0	"s1:2→1"	"s2:1→1 / s3:1→1"
12	151	19	150	1	2	0	0	0	0	0	0	"s2:2→1"	"s1:12→1 / s3:1→1"
12	151	20	143	0	3	0	0	0	0	0	0	"s2:2→1 / s3:2→1"	"s1:12→1"
12	151	20	150	1	2	0	0	0	0	0	0	"{s2:2→1 / s3:2→1, s2:2→1 / s3:2→1}"	"{s1:12→1 / s3:14→1, s1:12→1 / s3:1→1}"
12	151	20	156	2	1	0	0	0	0	0	0	"{s2:2→1 / s3:2→1, s3:2→1}"	"{s1:12→1 / s2:1→1 / s3:1→1, s1:12→1 / s2:1→1 / s3:1→1}"
12	151	21	150	1	2	0	0	0	0	0	0	"s2:2→2"	"s1:12→1 / s3:1→1"
12	151	21	156	2	1	0	0	0	0	0	0	"{s2:2→1 / s3:2→2, s3:10→1, s3:10→2, s3:2→2, s3:2→3, s3:2→4, s3:2→5}"	"{s1:12→1 / s2:1→1 / s3:1→1, s1:11→1 / s2:1→1 / s3:1→1, s1:12→1 / s2:1→1 / s3:1→1, s1:12→1 / s2:1→1 / s3:1→1, s1:12→1 / s2:1→1 / s3:1→1, s1:12→1 / s2:1→1 / s3:1→1, s1:12→1 / s2:1→1 / s3:1→1}"
12	151	29	156	2	1	0	0	0	0	0	0	"s3:10→3"	"s1:12→1 / s2:1→1 / s3:1→1"
12	152	16	150	2	1	0	0	0	0	0	0	"{s1:12→1, s1:12→1}"	"{s2:11→1 / s3:1→1, s2:1→1 / s3:1→1}"
12	152	16	156	3	0	0	0	0	0	0	0	"{s1:12→1 / s2:12→1 / s3:12→1, s1:12→1 / s2:2→1, 12→1, s1:12→1 / s2:2→1, 12→1 / s3:12→1, s1:12→1 / s2:2→1, 12→2, s1:12→1 / s3:12→1, s1:12→2, s1:12→2 / s2:2→1, 12→1 / s3:12→1, s1:12→2 / s2:2→1, 12→2, s1:12→2 / s2:2→1, 12→2 / s3:12→1, s1:12→2 / s3:12→1, s1:4→1, 12→1 / s3:12→1, s1:4→1, 12→2 / s2:12→1 / s3:12→1, s1:4→1, 12→2 / s3:12→1, s1:4→1, 12→3, s1:4→1, 12→3 / s3:12→1, s1:4→1, 12→4 / s3:12→1, s2:12→1, s2:12→1 / s3:12→1, s2:12→1 / s3:2→1, 12→2, s2:12→1 / s3:4→1, 12→2, s2:12→1 / s3:4→1, 12→3, s2:12→2, s2:12→2 / s3:2→1, 12→3, s2:2→1, 12→2, s2:2→1, 12→2 / s3:12→1, s2:2→1, 12→3, s2:2→1, 12→3 / s3:12→1, s2:2→1, 12→4, s3:12→1, s3:4→1, 12→2, s3:4→1, 12→3, s3:4→1, 12→4}"	"{s1:11→1 / s2:1→1 / s3:1→1, s1:5→1 / s2:1→1 / s3:1→1, s1:5→1 / s2:11→1 / s3:1→1, s1:5→1 / s2:11→1 / s3:1→1, s1:5→1 / s2:11→1 / s3:1→1, s1:5→1 / s2:1→1 / s3:1→1, s1:5→1 / s2:1→1 / s3:1→1, s1:5→1 / s2:11→1 / s3:1→1, s1:5→1 / s2:11→1 / s3:1→1, s1:5→1 / s2:11→1 / s3:1→1, s1:5→1 / s2:1→1 / s3:1→1, s1:11→1 / s2:1→1 / s3:1→1, s1:11→1 / s2:1→1 / s3:1→1, s1:11→1 / s2:1→1 / s3:1→1, s1:11→1 / s2:1→1 / s3:1→1, s1:11→1 / s2:1→1 / s3:1→1, s1:11→1 / s2:1→1 / s3:1→1, s1:11→1 / s2:5→1 / s3:1→1, s1:11→1 / s2:5→1 / s3:1→1, s1:11→1 / s2:5→1 / s3:1→1, s1:11→1 / s2:1→1 / s3:1→1, s1:11→1 / s2:1→1 / s3:1→1, s1:11→1 / s2:5→1 / s3:1→1, s1:11→1 / s2:5→1 / s3:1→1, s1:11→1 / s2:5→1 / s3:1→1, s1:11→1 / s2:5→1 / s3:1→1, s1:11→1 / s2:5→1 / s3:1→1, s1:11→1 / s2:5→1 / s3:1→1, s1:11→1 / s2:5→1 / s3:1→1, s1:11→1 / s2:1→1 / s3:1→1, s1:11→1 / s2:1→1 / s3:1→1, s1:11→1 / s2:1→1 / s3:1→1, s1:11→1 / s2:1→1 / s3:1→1}"
12	152	17	129	2	0	1	0	0	0	0	0	"{s1:12→1, s1:12→1 / s2:2→1 / s3:2→1, s1:12→1 / s3:2→1}"	"{s2:11→1 / s3:5→1, s2:11→1 / s3:5→1, s2:5→1 / s3:11→1}"
12	152	17	130	2	0	1	0	0	0	0	0	"{s1:12→1, s1:12→1, s1:12→1, s1:12→1 / s2:12→1, s1:12→1 / s2:2→1, s1:12→1 / s2:2→1, s1:12→1 / s2:2→1, 12→1, s1:12→1 / s2:2→1, 4→1, s1:12→1 / s2:4→1, s1:12→1 / s3:4→1, s1:12→1 / s3:4→1, 12→1}"	"{s2:11→1 / s3:1→1, s2:1→1 / s3:1→1, s2:5→1 / s3:1→1, s2:5→1 / s3:1→1, s2:11→1 / s3:1→1, s2:5→1 / s3:1→1, s2:5→1 / s3:1→1, s2:11→1 / s3:1→1, s2:11→1 / s3:1→1, s2:1→1 / s3:1→1, s2:1→1 / s3:1→1}"
12	152	17	143	1	2	0	0	0	0	0	0	"{s1:12→1 / s2:2→1, 12→1, s1:12→1 / s2:2→1, 12→1 / s3:12→1}"	"{s3:11→1, s3:5→1}"
12	152	17	149	2	1	0	0	0	0	0	0	"{s1:12→1 / s2:12→1 / s3:2→1, 12→1, s1:12→1 / s2:2→1, 12→1 / s3:2→1, 12→2, s1:12→1 / s2:2→1 / s3:2→1, 12→1, s1:12→1 / s2:2→1 / s3:2→1, 12→2, s1:12→1 / s3:12→1, s1:12→1 / s3:12→2, s1:12→1 / s3:2→1, s1:12→1 / s3:2→1, 12→1, s1:12→1 / s3:2→1, 12→2, s1:12→1 / s3:2→1, 12→3, s1:12→1 / s3:2→1, 12→4, s1:12→1 / s3:2→2, 12→2, s1:12→1 / s3:2→2, 12→3, s1:12→1 / s3:2→3, 12→2, s1:2→1, 12→1, s1:2→1, 12→1 / s3:12→1, s1:2→1, 12→1 / s3:12→2, s1:2→1, 12→2 / s3:12→1}"	"{s2:5→1 / s3:11→1, s2:11→1 / s3:5→1, s2:11→1 / s3:5→1, s2:11→1 / s3:5→1, s2:11→1 / s3:5→1, s2:11→1 / s3:5→1, s2:5→1 / s3:11→1, s2:11→1 / s3:5→1, s2:11→1 / s3:5→1, s2:11→1 / s3:5→1, s2:11→1 / s3:5→1, s2:11→1 / s3:5→1, s2:11→1 / s3:5→1, s2:11→1 / s3:5→1, s2:11→1 / s3:5→1, s2:11→1 / s3:5→1, s2:11→1 / s3:5→1, s2:11→1 / s3:5→1}"
12	152	17	150	2	1	0	0	0	0	0	0	"{s1:12→1, s1:12→1 / s2:12→1, s1:12→1 / s2:12→1 / s3:12→1, s1:12→1 / s2:12→1 / s3:12→1, s1:12→1 / s2:12→1 / s3:2→1, 12→1, s1:12→1 / s2:12→1 / s3:2→1, 12→2, s1:12→1 / s2:12→1 / s3:4→1, 12→2, s1:12→1 / s2:12→1 / s3:4→1, 12→3, s1:12→1 / s2:12→1 / s3:4→1, 12→4, s1:12→1 / s2:12→2, s1:12→1 / s2:12→2 / s3:12→1, s1:12→1 / s2:12→3 / s3:12→1, s1:12→1 / s2:2→1, s1:12→1 / s2:2→1, 12→1, s1:12→1 / s2:2→1, 12→1, s1:12→1 / s2:2→1, 12→1 / s3:12→1, s1:12→1 / s2:2→1, 12→1 / s3:2→1, s1:12→1 / s2:2→1, 12→1 / s3:4→1, 12→2, s1:12→1 / s2:2→1, 12→2, s1:12→1 / s2:2→1, 12→2, s1:12→1 / s2:2→1, 12→2 / s3:12→1, s1:12→1 / s2:2→1, 12→2 / s3:12→1, s1:12→1 / s2:2→1, 12→3, s1:12→1 / s2:2→1, 12→3 / s3:12→1, s1:12→1 / s2:2→1, 12→4, s1:12→1 / s2:2→1, 12→4 / s3:12→1, s1:12→1 / s2:2→1, 4→1, s1:12→1 / s2:2→1, 4→1, 12→1, s1:12→1 / s2:2→1, 4→1, 12→2, s1:12→1 / s2:2→1, 4→1, 12→2 / s3:12→1, s1:12→1 / s2:2→1, 4→1, 12→3, s1:12→1 / s2:2→1 / s3:2→1, s1:12→1 / s2:2→1 / s3:2→1, s1:12→1 / s2:2→1 / s3:2→1, 12→1, s1:12→1 / s2:2→1 / s3:2→1, 12→1, s1:12→1 / s2:2→1 / s3:2→1, 4→1, s1:12→1 / s2:2→1 / s3:2→1, 4→1, s1:12→1 / s2:2→1 / s3:2→1, 4→1, 12→1, s1:12→1 / s2:2→1 / s3:2→1, 4→1, 12→1, s1:12→1 / s2:2→1 / s3:2→1, 4→1, 12→1, s1:12→1 / s2:2→1 / s3:2→1, 4→1, 12→2, s1:12→1 / s2:2→1 / s3:4→1, 12→1, s1:12→1 / s2:4→1, s1:12→1 / s2:4→1, 12→1, s1:12→1 / s2:4→1, 12→1 / s3:12→1, s1:12→1 / s2:4→1, 12→2, s1:12→1 / s2:4→1, 12→2 / s3:12→1, s1:12→1 / s2:4→1, 12→3, s1:12→1 / s2:4→1, 12→4, s1:12→1 / s2:4→1 / s3:2→1, s1:12→1 / s3:12→1, s1:12→1 / s3:12→1, s1:12→1 / s3:2→1, s1:12→1 / s3:2→1, 12→1, s1:12→1 / s3:2→1, 12→1, s1:12→1 / s3:2→1, 12→2, s1:12→1 / s3:2→1, 12→2, s1:12→1 / s3:2→1, 12→3, s1:12→1 / s3:2→1, 12→4, s1:12→1 / s3:2→1, 4→1, 12→1, s1:12→1 / s3:2→1, 4→1, 12→2, s1:12→1 / s3:2→1, 4→1, 12→2, s1:12→1 / s3:2→1, 4→1, 12→3, s1:12→1 / s3:2→2, 12→1, s1:12→1 / s3:2→2, 12→2, s1:12→1 / s3:2→2, 4→1, 12→2, s1:12→1 / s3:2→3, 12→2, s1:12→1 / s3:4→1, 12→1, s1:12→1 / s3:4→1, 12→1, s1:12→1 / s3:4→1, 12→1, s1:12→1 / s3:4→1, 12→2, s1:12→1 / s3:4→1, 12→2, s1:12→1 / s3:4→1, 12→2, s1:12→1 / s3:4→1, 12→3, s1:12→1 / s3:4→1, 12→3, s1:12→1 / s3:4→1, 12→4, s1:12→1 / s3:4→1, 12→4}"	"{s2:5→1 / s3:1→1, s2:5→1 / s3:1→1, s2:1→1 / s3:1→1, s2:5→1 / s3:1→1, s2:5→1 / s3:13→1, s2:5→1 / s3:1→1, s2:1→1 / s3:1→1, s2:1→1 / s3:1→1, s2:1→1 / s3:1→1, s2:5→1 / s3:1→1, s2:5→1 / s3:1→1, s2:5→1 / s3:1→1, s2:11→1 / s3:1→1, s2:11→1 / s3:1→1, s2:5→1 / s3:1→1, s2:11→1 / s3:1→1, s2:13→1 / s3:11→1, s2:11→1 / s3:1→1, s2:11→1 / s3:1→1, s2:5→1 / s3:1→1, s2:11→1 / s3:1→1, s2:5→1 / s3:1→1, s2:5→1 / s3:1→1, s2:5→1 / s3:1→1, s2:5→1 / s3:1→1, s2:5→1 / s3:1→1, s2:11→1 / s3:1→1, s2:11→1 / s3:1→1, s2:11→1 / s3:1→1, s2:11→1 / s3:1→1, s2:11→1 / s3:1→1, s2:13→1 / s3:11→1, s2:13→1 / s3:13→1, s2:13→1 / s3:13→1, s2:13→1 / s3:5→1, s2:13→1 / s3:11→1, s2:13→1 / s3:13→1, s2:11→1 / s3:13→1, s2:13→1 / s3:11→1, s2:13→1 / s3:13→1, s2:11→1 / s3:13→1, s2:11→1 / s3:1→1, s2:11→1 / s3:1→1, s2:11→1 / s3:1→1, s2:11→1 / s3:1→1, s2:11→1 / s3:1→1, s2:11→1 / s3:1→1, s2:11→1 / s3:1→1, s2:11→1 / s3:1→1, s2:13→1 / s3:13→1, s2:11→1 / s3:1→1, s2:1→1 / s3:1→1, s2:5→1 / s3:13→1, s2:11→1 / s3:13→1, s2:11→1 / s3:1→1, s2:11→1 / s3:13→1, s2:11→1 / s3:1→1, s2:11→1 / s3:1→1, s2:11→1 / s3:1→1, s2:11→1 / s3:13→1, s2:11→1 / s3:13→1, s2:11→1 / s3:1→1, s2:11→1 / s3:1→1, s2:11→1 / s3:13→1, s2:11→1 / s3:13→1, s2:11→1 / s3:13→1, s2:11→1 / s3:13→1, s2:11→1 / s3:13→1, s2:11→1 / s3:1→1, s2:1→1 / s3:1→1, s2:11→1 / s3:13→1, s2:11→1 / s3:1→1, s2:1→1 / s3:1→1, s2:11→1 / s3:1→1, s2:1→1 / s3:1→1, s2:11→1 / s3:1→1, s2:1→1 / s3:1→1}"
12	152	17	151	2	1	0	0	0	0	0	0	"{s1:12→1 / s2:2→1, s1:12→1 / s2:2→1, 12→1, s1:12→1 / s2:2→1, 12→1 / s3:12→1, s1:12→1 / s2:2→1, 12→2, s1:12→1 / s2:2→1, 4→1, s1:12→1 / s2:2→1, 4→1, 12→1, s1:12→1 / s2:2→1, 4→1, 12→2, s1:12→1 / s2:2→1, 4→1, 12→3, s1:12→1 / s2:2→1 / s3:4→1, 12→1, s1:12→1 / s2:4→1, s1:12→1 / s2:4→1, 12→1, s1:12→1 / s2:4→1, 12→1 / s3:12→1, s1:12→1 / s2:4→1, 12→2, s1:12→1 / s2:4→1, 12→3, s1:12→1 / s2:4→1, 12→4}"	"{s2:13→1 / s3:1→1, s2:13→1 / s3:1→1, s2:13→1 / s3:1→1, s2:13→1 / s3:1→1, s2:13→1 / s3:1→1, s2:13→1 / s3:1→1, s2:13→1 / s3:1→1, s2:13→1 / s3:1→1, s2:13→1 / s3:1→1, s2:13→1 / s3:1→1, s2:13→1 / s3:1→1, s2:13→1 / s3:1→1, s2:13→1 / s3:1→1, s2:13→1 / s3:1→1, s2:13→1 / s3:1→1}"
12	152	17	156	3	0	0	0	0	0	0	0	"{s1:12→1, s1:12→1 / s2:12→1 / s3:12→1, s1:12→1 / s2:12→3 / s3:12→1, s1:12→2 / s2:12→1 / s3:12→1, s1:12→2 / s2:2→1, 12→2 / s3:12→2, s1:12→2 / s2:2→1, 12→3, s1:12→2 / s2:2→1, 12→3 / s3:12→1, s1:12→2 / s3:12→2, s1:12→3 / s2:12→1 / s3:12→1, s1:12→3 / s2:12→1 / s3:12→2, s1:12→3 / s2:2→1, 12→3, s1:12→3 / s2:2→1, 12→4, s1:12→3 / s3:12→1, s1:12→3 / s3:12→2, s1:12→4 / s2:12→1 / s3:12→1, s1:12→4 / s2:12→1 / s3:12→2, s1:12→4 / s2:12→2 / s3:12→2, s1:12→4 / s3:12→2, s1:12→5 / s2:12→1 / s3:12→1, s1:12→5 / s2:12→1 / s3:12→2, s1:12→5 / s2:12→2 / s3:12→2, s1:4→1, s1:4→1, 12→1, s1:4→1, 12→2, s1:4→1, 12→3 / s2:12→1 / s3:12→1, s1:4→1, 12→4 / s2:12→1 / s3:12→1, s1:4→1, 12→4 / s3:12→2, s2:12→1 / s3:12→1, s2:12→1 / s3:12→2, s2:12→1 / s3:4→1, 12→1, s2:12→1 / s3:4→1, 12→4, s2:12→2 / s3:12→1, s2:12→2 / s3:12→2, s2:12→2 / s3:12→2, s2:12→3, s2:12→3 / s3:12→1, s2:12→3 / s3:12→2, s2:12→4, s2:12→4 / s3:12→1, s2:12→4 / s3:12→2, s2:12→5 / s3:12→1, s2:12→5 / s3:12→2, s2:2→1, s2:2→1, 12→1, s2:2→1, 12→1 / s3:12→1, s2:2→1, 12→4 / s3:12→1, s3:12→2, s3:4→1, 12→1}"	"{s1:11→1 / s2:5→1 / s3:1→1, s1:5→1 / s2:1→1 / s3:1→1, s1:5→1 / s2:1→1 / s3:1→1, s1:11→1 / s2:1→1 / s3:1→1, s1:11→1 / s2:5→1 / s3:1→1, s1:5→1 / s2:1→1 / s3:1→1, s1:5→1 / s2:11→1 / s3:1→1, s1:5→1 / s2:11→1 / s3:1→1, s1:5→1 / s2:11→1 / s3:1→1, s1:5→1 / s2:1→1 / s3:1→1, s1:5→1 / s2:1→1 / s3:1→1, s1:5→1 / s2:1→1 / s3:1→1, s1:5→1 / s2:11→1 / s3:1→1, s1:5→1 / s2:11→1 / s3:1→1, s1:5→1 / s2:1→1 / s3:1→1, s1:5→1 / s2:1→1 / s3:1→1, s1:5→1 / s2:1→1 / s3:1→1, s1:5→1 / s2:1→1 / s3:1→1, s1:5→1 / s2:1→1 / s3:1→1, s1:5→1 / s2:1→1 / s3:1→1, s1:5→1 / s2:1→1 / s3:1→1, s1:5→1 / s2:1→1 / s3:1→1, s1:5→1 / s2:1→1 / s3:1→1, s1:11→1 / s2:1→1 / s3:1→1, s1:11→1 / s2:1→1 / s3:1→1, s1:11→1 / s2:1→1 / s3:1→1, s1:11→1 / s2:1→1 / s3:1→1, s1:11→1 / s2:1→1 / s3:1→1, s1:11→1 / s2:1→1 / s3:1→1, s1:11→1 / s2:1→1 / s3:1→1, s1:11→1 / s2:1→1 / s3:1→1, s1:11→1 / s2:1→1 / s3:1→1, s1:11→1 / s2:1→1 / s3:1→1, s1:11→1 / s2:5→1 / s3:1→1, s1:11→1 / s2:1→1 / s3:1→1, s1:11→1 / s2:5→1 / s3:1→1, s1:11→1 / s2:5→1 / s3:1→1, s1:11→1 / s2:5→1 / s3:1→1, s1:11→1 / s2:5→1 / s3:1→1, s1:11→1 / s2:5→1 / s3:1→1, s1:11→1 / s2:5→1 / s3:1→1, s1:11→1 / s2:5→1 / s3:1→1, s1:11→1 / s2:5→1 / s3:1→1, s1:11→1 / s2:5→1 / s3:1→1, s1:5→1 / s2:11→1 / s3:1→1, s1:11→1 / s2:5→1 / s3:1→1, s1:11→1 / s2:5→1 / s3:1→1, s1:11→1 / s2:5→1 / s3:1→1, s1:11→1 / s2:1→1 / s3:1→1, s1:11→1 / s2:1→1 / s3:1→1}"
12	152	18	99	1	1	0	1	0	0	0	0	"s1:12→1 / s2:2→1"	"s3:5→1"
12	152	18	106	2	0	0	1	0	0	0	0	"{s1:12→1, s1:12→1, s1:12→1 / s2:2→1, s1:12→1 / s3:4→1}"	"{s2:1→1 / s3:1→1, s2:5→1 / s3:1→1, s2:5→1 / s3:1→1, s2:1→1 / s3:1→1}"
12	152	18	123	1	1	1	0	0	0	0	0	"{s1:12→1 / s2:2→1, s1:12→1 / s2:2→1 / s3:4→1}"	"{s3:5→1, s3:11→1}"
12	152	18	130	2	0	1	0	0	0	0	0	"s1:12→1 / s3:12→1"	"s2:1→1 / s3:1→1"
12	152	18	143	1	2	0	0	0	0	0	0	"s1:12→1 / s2:2→1"	"s3:5→1"
12	152	18	149	2	1	0	0	0	0	0	0	"{s1:12→1 / s3:12→3, s1:12→1 / s3:12→4, s1:12→1 / s3:12→5, s1:2→1}"	"{s2:11→1 / s3:5→1, s2:11→1 / s3:5→1, s2:11→1 / s3:5→1, s2:11→1 / s3:5→1}"
12	152	18	150	2	1	0	0	0	0	0	0	"{s1:12→1 / s2:12→1 / s3:12→2, s1:12→1 / s2:12→2 / s3:12→2, s1:12→1 / s2:12→3, s1:12→1 / s2:12→4 / s3:12→1, s1:12→1 / s2:12→5 / s3:12→1, s1:12→1 / s2:2→1, s1:12→1 / s2:2→1, 12→3, s1:12→1 / s2:2→1, 12→4, s1:12→1 / s2:2→1 / s3:2→1, s1:12→1 / s3:12→2, s1:12→1 / s3:4→1}"	"{s2:1→1 / s3:1→1, s2:1→1 / s3:1→1, s2:5→1 / s3:1→1, s2:5→1 / s3:1→1, s2:5→1 / s3:1→1, s2:5→1 / s3:1→1, s2:11→1 / s3:1→1, s2:11→1 / s3:1→1, s2:13→1 / s3:5→1, s2:11→1 / s3:1→1, s2:1→1 / s3:1→1}"
12	152	18	151	2	1	0	0	0	0	0	0	"s1:12→1 / s2:2→1, 12→3"	"s2:13→1 / s3:1→1"
12	152	18	156	3	0	0	0	0	0	0	0	"{s1:12→1 / s2:12→1 / s3:12→2, s1:12→1 / s2:12→1 / s3:12→3, s1:12→1 / s2:12→2 / s3:12→1, s1:12→1 / s2:12→2 / s3:12→2, s1:12→1 / s2:12→2 / s3:12→3, s1:12→1 / s2:12→2 / s3:12→4, s1:12→1 / s2:12→3 / s3:12→2, s1:12→1 / s2:12→4 / s3:12→1, s1:12→1 / s2:12→4 / s3:12→2, s1:12→1 / s2:12→5 / s3:12→1, s1:12→2 / s2:12→1 / s3:12→2, s1:12→3 / s2:12→2 / s3:12→2, s1:12→4 / s2:12→1 / s3:12→3, s1:12→4 / s2:2→1, 12→4, s1:12→4 / s3:12→1, s1:12→5 / s2:12→1 / s3:12→3, s1:12→5 / s3:12→2, s1:4→1, 12→4 / s2:12→1 / s3:12→2, s2:12→1 / s3:12→3, s2:12→2 / s3:12→3, s2:12→2 / s3:12→4, s2:12→2 / s3:4→1, 12→4, s2:12→3 / s3:12→3, s2:12→3 / s3:12→4, s2:12→4 / s3:12→3, s2:12→4 / s3:12→4, s2:12→5, s2:12→5 / s3:12→3, s2:2→1, s2:2→1, 12→4 / s3:12→2, s3:4→1}"	"{s1:11→1 / s2:1→1 / s3:1→1, s1:11→1 / s2:1→1 / s3:1→1, s1:11→1 / s2:5→1 / s3:1→1, s1:11→1 / s2:1→1 / s3:1→1, s1:11→1 / s2:1→1 / s3:1→1, s1:11→1 / s2:1→1 / s3:1→1, s1:11→1 / s2:5→1 / s3:1→1, s1:11→1 / s2:5→1 / s3:1→1, s1:11→1 / s2:5→1 / s3:1→1, s1:11→1 / s2:5→1 / s3:1→1, s1:5→1 / s2:1→1 / s3:1→1, s1:5→1 / s2:1→1 / s3:1→1, s1:5→1 / s2:1→1 / s3:1→1, s1:5→1 / s2:11→1 / s3:1→1, s1:5→1 / s2:1→1 / s3:1→1, s1:5→1 / s2:1→1 / s3:1→1, s1:5→1 / s2:1→1 / s3:1→1, s1:11→1 / s2:1→1 / s3:1→1, s1:11→1 / s2:1→1 / s3:1→1, s1:11→1 / s2:1→1 / s3:1→1, s1:11→1 / s2:1→1 / s3:1→1, s1:11→1 / s2:1→1 / s3:1→1, s1:11→1 / s2:1→1 / s3:1→1, s1:11→1 / s2:1→1 / s3:1→1, s1:11→1 / s2:5→1 / s3:1→1, s1:11→1 / s2:1→1 / s3:1→1, s1:11→1 / s2:5→1 / s3:1→1, s1:11→1 / s2:5→1 / s3:1→1, s1:11→1 / s2:5→1 / s3:1→1, s1:11→1 / s2:5→1 / s3:1→1, s1:11→1 / s2:1→1 / s3:1→1}"
12	152	19	143	1	2	0	0	0	0	0	0	"{s1:12→1 / s2:12→1, s1:12→1 / s2:12→1 / s3:12→1}"	"{s3:11→1, s3:5→1}"
12	152	19	144	1	2	0	0	0	0	0	0	"{s1:12→1 / s2:12→1 / s3:12→1, s1:12→1 / s2:2→1 / s3:4→1}"	"{s3:1→1, s3:13→1}"
12	152	19	150	2	1	0	0	0	0	0	0	"{s1:12→1 / s2:12→1, s1:12→1 / s2:12→1 / s3:12→1, s1:12→1 / s2:12→1 / s3:12→2, s1:12→1 / s2:12→1 / s3:12→3, s1:12→1 / s2:12→4, s1:12→1 / s3:12→2, s1:12→1 / s3:12→3, s1:12→1 / s3:12→4, s1:12→1 / s3:12→5}"	"{s2:13→1 / s3:11→1, s2:11→1 / s3:1→1, s2:11→1 / s3:1→1, s2:1→1 / s3:1→1, s2:5→1 / s3:1→1, s2:1→1 / s3:1→1, s2:11→1 / s3:1→1, s2:11→1 / s3:1→1, s2:11→1 / s3:1→1}"
12	152	19	151	2	1	0	0	0	0	0	0	"s1:12→1 / s2:2→1, 12→4"	"s2:13→1 / s3:1→1"
12	152	19	156	3	0	0	0	0	0	0	0	"{s1:12→1 / s2:12→1 / s3:12→4, s1:12→2 / s2:12→2 / s3:12→2, s1:12→5 / s3:12→3, s2:12→1 / s3:12→4, s2:12→2 / s3:12→5, s2:12→3 / s3:12→5, s2:12→4 / s3:12→5, s2:12→5 / s3:12→5, s3:12→3}"	"{s1:11→1 / s2:1→1 / s3:1→1, s1:11→1 / s2:1→1 / s3:1→1, s1:5→1 / s2:1→1 / s3:1→1, s1:11→1 / s2:1→1 / s3:1→1, s1:11→1 / s2:1→1 / s3:1→1, s1:11→1 / s2:1→1 / s3:1→1, s1:11→1 / s2:1→1 / s3:1→1, s1:11→1 / s2:1→1 / s3:1→1, s1:11→1 / s2:1→1 / s3:1→1}"
12	152	20	144	1	2	0	0	0	0	0	0	"s1:12→1 / s2:12→1"	"s3:1→1"
12	152	20	150	2	1	0	0	0	0	0	0	"{s1:12→1 / s2:12→1 / s3:12→4, s1:12→2 / s2:12→1 / s3:12→1, s1:12→2 / s3:12→1}"	"{s2:1→1 / s3:1→1, s2:1→1 / s3:1→1, s2:11→1 / s3:1→1}"
12	152	20	151	2	1	0	0	0	0	0	0	"s1:12→1 / s2:12→1 / s3:12→1"	"s2:13→1 / s3:1→1"
12	152	20	156	3	0	0	0	0	0	0	0	"{s1:12→1 / s2:12→1 / s3:12→5, s1:12→2 / s2:12→1 / s3:12→3, s2:12→1 / s3:12→5}"	"{s1:11→1 / s2:1→1 / s3:1→1, s1:11→1 / s2:1→1 / s3:1→1, s1:11→1 / s2:1→1 / s3:1→1}"
12	152	21	143	1	2	0	0	0	0	0	0	"s1:12→1 / s2:2→1 / s3:4→1"	"s3:11→1"
12	152	21	150	2	1	0	0	0	0	0	0	"{s1:12→1 / s2:12→1 / s3:12→5, s1:12→1 / s2:12→2, s1:12→1 / s2:12→5}"	"{s2:1→1 / s3:1→1, s2:13→1 / s3:11→1, s2:5→1 / s3:1→1}"
12	152	21	156	3	0	0	0	0	0	0	0	"{s1:12→1 / s2:12→4, s1:12→1 / s3:12→2, s1:12→2 / s2:12→1 / s3:12→4, s1:12→4 / s3:12→3}"	"{s1:11→1 / s2:5→1 / s3:1→1, s1:11→1 / s2:1→1 / s3:1→1, s1:11→1 / s2:1→1 / s3:1→1, s1:5→1 / s2:1→1 / s3:1→1}"
12	152	22	150	2	1	0	0	0	0	0	0	"s1:12→1 / s2:12→2 / s3:12→1"	"s2:11→1 / s3:1→1"
12	152	22	156	3	0	0	0	0	0	0	0	"{s1:12→1 / s2:12→5, s1:12→2 / s2:12→1 / s3:12→2}"	"{s1:11→1 / s2:5→1 / s3:1→1, s1:11→1 / s2:1→1 / s3:1→1}"
12	152	23	150	2	1	0	0	0	0	0	0	"{s1:12→1 / s2:12→2 / s3:12→2, s1:12→1 / s2:2→1 / s3:2→1, 4→1}"	"{s2:5→1 / s3:1→1, s2:11→1 / s3:13→1}"
12	152	23	156	3	0	0	0	0	0	0	0	"{s1:12→1 / s3:12→3, s1:12→5 / s2:12→1 / s3:12→4, s2:12→5 / s3:12→4}"	"{s1:11→1 / s2:1→1 / s3:1→1, s1:5→1 / s2:1→1 / s3:1→1, s1:11→1 / s2:5→1 / s3:1→1}"
12	152	24	150	2	1	0	0	0	0	0	0	"s1:12→1 / s3:12→3"	"s2:1→1 / s3:1→1"
12	152	24	156	3	0	0	0	0	0	0	0	"s1:12→1 / s2:12→3"	"s1:11→1 / s2:5→1 / s3:1→1"
12	152	28	156	3	0	0	0	0	0	0	0	"s3:12→4"	"s1:11→1 / s2:1→1 / s3:1→1"
12	152	31	156	3	0	0	0	0	0	0	0	"s1:12→1 / s3:12→4"	"s1:11→1 / s2:1→1 / s3:1→1"
12	152	35	150	2	1	0	0	0	0	0	0	"s1:12→1 / s2:12→1"	"s2:11→1 / s3:1→1"
12	152	39	150	2	1	0	0	0	0	0	0	"s1:12→1 / s3:12→4"	"s2:1→1 / s3:1→1"
12	152	61	149	2	1	0	0	0	0	0	0	"s1:12→1 / s2:12→1 / s3:12→2"	"s2:11→1 / s3:5→1"
12	154	16	176	1	2	0	0	0	0	0	0	"{s1:12→1 / s2:2→1, 12→1 / s3:2→1, 12→1, s1:12→1 / s2:2→1, 12→2 / s3:2→1, 12→1}"	"{s3:13→1, s3:13→1}"
12	154	16	182	2	1	0	0	0	0	0	0	"{s1:12→1 / s2:2→1, 12→1 / s3:2→1, 12→1, s1:12→1 / s2:2→1, 12→1 / s3:2→2, 12→2, s1:12→1 / s2:2→1, 12→1 / s3:2→2, 12→3, s1:12→1 / s2:2→1, 12→2 / s3:2→1, 12→2, s1:12→1 / s2:2→1, 12→2 / s3:2→1, 12→3, s1:12→1 / s2:2→1, 12→2 / s3:2→2, 12→3, s1:12→1 / s2:2→2, 12→2 / s3:2→2, 12→2}"	"{s2:13→1 / s3:13→1, s2:13→1 / s3:13→1, s2:13→1 / s3:13→1, s2:13→1 / s3:13→1, s2:13→1 / s3:13→1, s2:13→1 / s3:13→1, s2:13→1 / s3:13→1}"
12	154	18	176	1	2	0	0	0	0	0	0	"s1:12→1 / s2:12→1 / s3:2→1, 12→4"	"s3:14→1"
12	154	20	169	0	3	0	0	0	0	0	0	"s1:12→1 / s2:12→1 / s3:12→1"	""
12	155	17	150	1	2	0	0	0	0	0	0	"s1:12→1 / s2:2→1, 12→1 / s3:2→1"	"s3:13→1"
12	155	17	156	2	1	0	0	0	0	0	0	"{s1:12→1 / s2:2→1 / s3:2→1, s1:12→1 / s2:2→1 / s3:2→2, 12→1, s1:12→1 / s2:2→1 / s3:2→2, 8→1, s1:12→1 / s2:2→1 / s3:2→3, 12→1, s1:12→1 / s2:2→1 / s3:2→3, 12→2, s1:12→1 / s2:2→1 / s3:2→3, 8→1, s1:12→1 / s2:2→1 / s3:2→4, 12→1, s1:12→1 / s2:2→1 / s3:2→4, 8→1}"	"{s2:13→1 / s3:13→1, s2:13→1 / s3:13→1, s2:13→1 / s3:13→1, s2:13→1 / s3:13→1, s2:13→1 / s3:13→1, s2:13→1 / s3:13→1, s2:13→1 / s3:13→1, s2:13→1 / s3:13→1}"
12	155	18	156	2	1	0	0	0	0	0	0	"{s1:12→1 / s2:2→1 / s3:2→2, s1:12→1 / s2:2→1 / s3:2→3, 8→1, 12→1, s1:12→1 / s2:2→2 / s3:2→2}"	"{s2:13→1 / s3:13→1, s2:13→1 / s3:13→1, s2:13→1 / s3:13→1}"
12	155	19	150	1	2	0	0	0	0	0	0	"{s1:12→1 / s2:12→1 / s3:8→1, s1:12→1 / s2:2→1 / s3:2→1}"	"{s3:14→1, s3:13→1}"
12	155	20	156	2	1	0	0	0	0	0	0	"s1:12→1 / s2:2→1 / s3:2→3"	"s2:13→1 / s3:13→1"
12	155	22	156	2	1	0	0	0	0	0	0	"s1:12→1 / s2:2→1 / s3:2→4"	"s2:13→1 / s3:13→1"
12	156	21	148	2	1	0	0	0	0	0	0	"s1:2→1 / s3:2→1"	"s2:12→1 / s3:12→1"
12	161	17	124	0	3	0	0	0	0	0	0	"{s1:7→1, 11→1 / s2:2→1 / s3:1→1, s1:7→1 / s2:2→1 / s3:1→1, s1:7→1 / s2:2→1 / s3:1→1, 11→1}"	""
12	161	18	124	0	3	0	0	0	0	0	0	"{s1:11→1 / s2:2→1 / s3:1→1, s1:11→1 / s2:7→1 / s3:2→1}"	""
12	163	13	238	1	2	0	0	0	0	0	0	"s1:2→1 / s2:1→1, 12→1 / s3:12→1"	"s3:13→1"
12	163	13	244	2	1	0	0	0	0	0	0	"{s1:12→1 / s2:2→1 / s3:1→1, 2→1, 12→1, s1:2→1, 12→1 / s2:1→1 / s3:1→2, 8→1, 12→2}"	"{s2:13→1 / s3:13→1, s2:13→1 / s3:13→1}"
12	163	14	211	0	2	1	0	0	0	0	0	"s1:2→1 / s2:12→1 / s3:1→1, 12→1"	""
12	163	15	187	0	2	0	1	0	0	0	0	"s1:12→1 / s2:2→1 / s3:1→1, 2→1, 12→1"	""
12	163	15	191	0	1	2	0	0	0	0	0	"{s1:12→1 / s2:2→1 / s3:1→1, 12→1, s1:12→1 / s2:2→1 / s3:1→3, 12→2, s1:2→1 / s2:1→1, 12→1 / s3:12→1}"	""
12	163	15	194	1	1	0	1	0	0	0	0	"{s1:12→1 / s2:2→1 / s3:1→1, 2→1, 12→1, s1:12→1 / s2:2→1 / s3:1→1, 2→1, 8→1, 12→1, s1:12→1 / s2:2→1 / s3:1→2, 12→1, s1:12→1 / s2:2→1 / s3:1→2, 2→1, 12→2, s1:12→1 / s2:2→1 / s3:1→2, 2→1, 8→1, 12→1, s1:12→1 / s2:2→1 / s3:1→2, 8→1, 12→1, s1:12→1 / s2:2→1 / s3:1→3, 12→1, s1:12→1 / s2:2→1 / s3:1→3, 8→1, 12→1}"	"{s3:14→1, s3:14→1, s3:14→1, s3:14→1, s3:14→1, s3:14→1, s3:14→1, s3:14→1}"
12	163	16	161	0	2	0	0	1	0	0	0	"{s1:12→1 / s2:2→1 / s3:1→1, s1:12→1 / s2:2→1 / s3:1→1, 2→1, 12→1, s1:12→1 / s2:2→1 / s3:1→2, 2→1, 12→1, s1:12→1 / s2:2→1 / s3:1→3, 12→1, s1:12→1 / s2:2→1 / s3:1→3, 2→1, 12→1}"	""
12	163	16	167	0	1	1	1	0	0	0	0	"{s1:12→1 / s2:2→1 / s3:1→1, 12→1, s1:12→1 / s2:2→1 / s3:1→2, 12→1, s1:12→1 / s2:2→1 / s3:1→3, 12→1}"	""
12	163	16	168	1	1	0	0	1	0	0	0	"{s1:12→1 / s2:2→1 / s3:1→1, 2→1, 12→1, s1:12→1 / s2:2→1 / s3:1→1, 2→1, 8→1, s1:12→1 / s2:2→1 / s3:1→1, 2→1, 8→1, 12→1, s1:12→1 / s2:2→1 / s3:1→1, 8→1, s1:12→1 / s2:2→1 / s3:1→2, 12→1, s1:12→1 / s2:2→1 / s3:1→2, 2→1, 12→1, s1:12→1 / s2:2→1 / s3:1→2, 2→1, 12→2, s1:12→1 / s2:2→1 / s3:1→2, 2→1, 8→1, s1:12→1 / s2:2→1 / s3:1→2, 2→1, 8→1, 12→1, s1:12→1 / s2:2→1 / s3:1→2, 8→1, s1:12→1 / s2:2→1 / s3:1→2, 8→1, 12→1, s1:12→1 / s2:2→1 / s3:1→3, 12→1, s1:12→1 / s2:2→1 / s3:1→3, 2→1, 12→1, s1:12→1 / s2:2→1 / s3:1→3, 8→1, s1:12→1 / s2:2→1 / s3:1→3, 8→1, 12→1, s1:12→1 / s2:2→1 / s3:1→4, 12→1}"	"{s3:14→1, s3:14→1, s3:14→1, s3:14→1, s3:14→1, s3:14→1, s3:14→1, s3:14→1, s3:14→1, s3:14→1, s3:14→1, s3:14→1, s3:14→1, s3:14→1, s3:14→1, s3:14→1}"
12	163	16	171	0	0	3	0	0	0	0	0	"s1:12→1 / s2:2→1 / s3:1→1, 12→1"	""
12	163	17	134	0	2	0	0	0	1	0	0	"s1:12→1 / s2:2→1 / s3:1→1"	""
12	163	17	141	0	1	1	0	1	0	0	0	"{s1:12→1 / s2:2→1 / s3:1→1, s1:12→1 / s2:2→1 / s3:1→1, 12→1, s1:12→1 / s2:2→1 / s3:1→2, 12→1, s1:12→1 / s2:2→1 / s3:1→3, 12→1}"	""
12	163	17	141	1	1	0	0	0	1	0	0	"{s1:12→1 / s2:2→1 / s3:1→1, s1:12→1 / s2:2→1 / s3:1→1, 2→1, 12→1, s1:12→1 / s2:2→1 / s3:1→1, 2→1, 8→1, s1:12→1 / s2:2→1 / s3:1→1, 2→1, 8→1, 12→1, s1:12→1 / s2:2→1 / s3:1→1, 8→1, s1:12→1 / s2:2→1 / s3:1→2, 12→1, s1:12→1 / s2:2→1 / s3:1→2, 2→1, 12→1, s1:12→1 / s2:2→1 / s3:1→2, 2→1, 8→1, s1:12→1 / s2:2→1 / s3:1→2, 2→1, 8→1, 12→1, s1:12→1 / s2:2→1 / s3:1→2, 8→1, s1:12→1 / s2:2→1 / s3:1→2, 8→1, 12→1, s1:12→1 / s2:2→1 / s3:1→3, 12→1, s1:12→1 / s2:2→1 / s3:1→3, 2→1, 12→1, s1:12→1 / s2:2→1 / s3:1→3, 2→1, 8→1, s1:12→1 / s2:2→1 / s3:1→3, 8→1, s1:12→1 / s2:2→1 / s3:1→3, 8→1, 12→1, s1:12→1 / s2:2→1 / s3:1→4, 12→1, s1:12→1 / s2:2→1 / s3:1→4, 8→1, s1:12→1 / s2:2→1 / s3:2→1, 8→1}"	"{s3:14→1, s3:14→1, s3:14→1, s3:14→1, s3:14→1, s3:14→1, s3:14→1, s3:14→1, s3:14→1, s3:14→1, s3:14→1, s3:14→1, s3:14→1, s3:14→1, s3:14→1, s3:14→1, s3:14→1, s3:14→1, s3:14→1}"
12	163	17	161	0	2	0	0	1	0	0	0	"s1:12→1 / s2:2→1 / s3:1→2, 12→1"	""
12	163	17	168	1	1	0	0	1	0	0	0	"{s1:12→1 / s2:2→1 / s3:1→1, 12→1, s1:12→1 / s2:2→1 / s3:1→1, 2→1, 12→2, s1:12→1 / s2:2→1 / s3:1→3, 12→2, s1:12→1 / s2:2→1 / s3:1→3, 2→1, 8→1, s1:12→1 / s2:2→1 / s3:1→4, 8→1, s1:12→1 / s2:2→1 / s3:2→1, 12→1, s1:12→1 / s2:2→1 / s3:2→1, 8→1, s1:12→1 / s2:2→1 / s3:2→1, 8→1, 12→1}"	"{s3:14→1, s3:14→1, s3:14→1, s3:14→1, s3:14→1, s3:14→1, s3:14→1, s3:14→1}"
12	163	18	106	0	2	0	0	0	0	1	0	"s1:12→1 / s2:2→1 / s3:1→1"	""
12	163	18	113	1	1	0	0	0	0	1	0	"{s1:12→1 / s2:1→1, 2→1 / s3:1→1, 2→1, 8→1, s1:12→1 / s2:2→1 / s3:1→1, s1:12→1 / s2:2→1 / s3:1→1, 2→1, 12→1, s1:12→1 / s2:2→1 / s3:1→1, 2→1, 8→1, s1:12→1 / s2:2→1 / s3:1→1, 2→1, 8→1, 12→1, s1:12→1 / s2:2→1 / s3:1→1, 8→1, s1:12→1 / s2:2→1 / s3:1→2, 12→1, s1:12→1 / s2:2→1 / s3:1→2, 2→1, 12→1, s1:12→1 / s2:2→1 / s3:1→2, 2→1, 8→1, s1:12→1 / s2:2→1 / s3:1→2, 2→1, 8→1, 12→1, s1:12→1 / s2:2→1 / s3:1→2, 8→1, s1:12→1 / s2:2→1 / s3:1→2, 8→1, 12→1, s1:12→1 / s2:2→1 / s3:1→3, 12→1, s1:12→1 / s2:2→1 / s3:1→3, 2→1, 12→1, s1:12→1 / s2:2→1 / s3:1→3, 2→1, 8→1, s1:12→1 / s2:2→1 / s3:1→3, 8→1, s1:12→1 / s2:2→1 / s3:1→3, 8→1, 12→1, s1:12→1 / s2:2→1 / s3:1→4, 12→1, s1:12→1 / s2:2→1 / s3:1→4, 8→1, s1:12→1 / s2:2→1 / s3:2→1, 8→1}"	"{s3:14→1, s3:14→1, s3:14→1, s3:14→1, s3:14→1, s3:14→1, s3:14→1, s3:14→1, s3:14→1, s3:14→1, s3:14→1, s3:14→1, s3:14→1, s3:14→1, s3:14→1, s3:14→1, s3:14→1, s3:14→1, s3:14→1, s3:14→1}"
12	163	18	114	0	1	1	0	0	1	0	0	"s1:12→1 / s2:2→1 / s3:1→1"	""
12	163	18	121	0	0	2	0	1	0	0	0	"s1:12→1 / s2:2→1 / s3:1→1"	""
12	163	18	134	0	2	0	0	0	1	0	0	"s1:12→1 / s2:2→1 / s3:2→1"	""
12	163	18	141	1	1	0	0	0	1	0	0	"{s1:12→1 / s2:1→1, 2→1 / s3:1→1, 2→1, 8→1, s1:12→1 / s2:2→1 / s3:1→1, 12→1, s1:12→1 / s2:2→1 / s3:2→1, 12→1, s1:12→1 / s2:2→1 / s3:2→1, 8→1, 12→1}"	"{s3:14→1, s3:14→1, s3:14→1, s3:14→1}"
12	163	18	161	0	2	0	0	1	0	0	0	"s1:12→1 / s2:2→1 / s3:2→1, 12→1"	""
12	163	18	168	1	1	0	0	1	0	0	0	"{s1:12→1 / s2:2→1 / s3:1→1, 2→1, 8→1, 12→2, s1:12→1 / s2:2→1 / s3:1→1, 8→1, 12→1, s1:12→1 / s2:2→1 / s3:8→1}"	"{s3:14→1, s3:14→1, s3:14→1}"
12	163	19	86	0	1	1	0	0	0	1	0	"s1:12→1 / s2:2→1 / s3:1→1"	""
12	163	19	94	0	0	2	0	0	1	0	0	"s1:12→1 / s2:2→1 / s3:1→1"	""
12	163	19	106	0	2	0	0	0	0	1	0	"{s1:12→1 / s2:1→1, 2→1 / s3:1→1, 2→1, s1:12→1 / s2:2→1 / s3:1→1, 2→1, s1:12→1 / s2:2→1 / s3:1→2, s1:12→1 / s2:2→1 / s3:1→2, 2→1, s1:12→1 / s2:2→1 / s3:1→3, 2→1, s1:12→1 / s2:2→1 / s3:2→1}"	""
12	163	19	113	1	1	0	0	0	0	1	0	"{s1:12→1 / s2:1→1, 2→1 / s3:1→1, 2→1, s1:12→1 / s2:1→1, 2→1 / s3:2→1, s1:12→1 / s2:2→1 / s3:1→1, 12→1, s1:12→1 / s2:2→1 / s3:1→1, 2→1, s1:12→1 / s2:2→1 / s3:1→2, s1:12→1 / s2:2→1 / s3:1→2, 2→1, s1:12→1 / s2:2→1 / s3:1→3, 2→1, s1:12→1 / s2:2→1 / s3:1→4, 2→1, s1:12→1 / s2:2→1 / s3:2→1, s1:12→1 / s2:2→1 / s3:2→1, 12→1, s1:12→1 / s2:2→1 / s3:2→1, 8→1, 12→1}"	"{s3:14→1, s3:14→1, s3:14→1, s3:14→1, s3:14→1, s3:14→1, s3:14→1, s3:14→1, s3:14→1, s3:14→1, s3:14→1}"
12	163	19	134	0	2	0	0	0	1	0	0	"s1:12→1 / s2:2→1 / s3:1→1, 2→1"	""
12	163	19	141	1	1	0	0	0	1	0	0	"{s1:12→1 / s2:1→1, 2→1 / s3:2→1, s1:12→1 / s2:2→1 / s3:1→1, 2→1, s1:12→1 / s2:2→1 / s3:1→1, 8→1, 12→1, s1:12→1 / s2:2→1 / s3:8→1}"	"{s3:14→1, s3:14→1, s3:14→1, s3:14→1}"
12	163	19	168	1	1	0	0	1	0	0	0	"s1:12→1 / s2:2→1 / s3:1→2, 8→1, 12→2"	"s3:14→1"
12	163	20	66	0	0	2	0	0	0	1	0	"s1:12→1 / s2:2→1 / s3:1→1"	""
12	163	20	86	0	1	1	0	0	0	1	0	"s1:12→1 / s2:2→1 / s3:1→2"	""
12	163	20	113	1	1	0	0	0	0	1	0	"{s1:12→1 / s2:2→1 / s3:1→1, 8→1, 12→1, s1:12→1 / s2:2→1 / s3:1→3, s1:12→1 / s2:2→1 / s3:8→1}"	"{s3:14→1, s3:14→1, s3:14→1}"
12	163	20	134	0	2	0	0	0	1	0	0	"{s1:12→1 / s2:1→1, 2→1 / s3:1→1, 2→1, s1:12→1 / s2:2→1 / s3:1→2, 2→1}"	""
12	163	20	141	1	1	0	0	0	1	0	0	"{s1:12→1 / s2:1→1, 2→1 / s3:1→1, 2→1, s1:12→1 / s2:2→1 / s3:1→2, 2→1}"	"{s3:14→1, s3:14→1}"
12	163	20	147	0	0	2	1	0	0	0	0	"s1:12→1 / s2:2→1 / s3:1→1"	""
12	163	20	161	0	2	0	0	1	0	0	0	"s1:12→1 / s2:2→1 / s3:2→1"	""
12	163	20	168	1	1	0	0	1	0	0	0	"s1:12→1 / s2:2→1 / s3:1→2, 12→2"	"s3:14→1"
12	163	21	86	0	1	1	0	0	0	1	0	"s1:12→1 / s2:2→1 / s3:1→3"	""
12	163	21	113	1	1	0	0	0	0	1	0	"s1:12→1 / s2:2→1 / s3:1→4"	"s3:14→1"
12	163	21	114	0	1	1	0	0	1	0	0	"s1:12→1 / s2:2→1 / s3:1→2"	""
12	163	21	134	0	2	0	0	0	1	0	0	"{s1:12→1 / s2:2→1 / s3:1→2, s1:12→1 / s2:2→1 / s3:1→3, 2→1}"	""
12	163	21	141	1	1	0	0	0	1	0	0	"{s1:12→1 / s2:2→1 / s3:1→2, s1:12→1 / s2:2→1 / s3:1→3, 2→1, s1:12→1 / s2:2→1 / s3:2→1}"	"{s3:14→1, s3:14→1, s3:14→1}"
12	163	22	-29	0	1	1	0	0	0	0	1	"s1:12→1 / s2:2→1 / s3:1→1"	""
12	163	22	-9	0	2	0	0	0	0	0	1	"{s1:12→1 / s2:1→1, 2→1 / s3:1→1, 2→1, s1:12→1 / s2:2→1 / s3:1→1, s1:12→1 / s2:2→1 / s3:1→1, 2→1, s1:12→1 / s2:2→1 / s3:1→2, s1:12→1 / s2:2→1 / s3:1→2, 2→1, s1:12→1 / s2:2→1 / s3:1→3, 2→1, s1:12→1 / s2:2→1 / s3:2→1}"	""
12	163	22	-2	1	1	0	0	0	0	0	1	"{s1:12→1 / s2:1→1, 2→1 / s3:1→1, 2→1, s1:12→1 / s2:1→1, 2→1 / s3:1→1, 2→1, 8→1, s1:12→1 / s2:1→1, 2→1 / s3:2→1, s1:12→1 / s2:2→1 / s3:1→1, s1:12→1 / s2:2→1 / s3:1→1, 2→1, s1:12→1 / s2:2→1 / s3:1→1, 2→1, 8→1, s1:12→1 / s2:2→1 / s3:1→1, 8→1, s1:12→1 / s2:2→1 / s3:1→2, s1:12→1 / s2:2→1 / s3:1→2, 2→1, s1:12→1 / s2:2→1 / s3:1→2, 2→1, 8→1, s1:12→1 / s2:2→1 / s3:1→2, 8→1, s1:12→1 / s2:2→1 / s3:1→3, s1:12→1 / s2:2→1 / s3:1→3, 2→1, s1:12→1 / s2:2→1 / s3:1→3, 2→1, 8→1, s1:12→1 / s2:2→1 / s3:1→3, 8→1, s1:12→1 / s2:2→1 / s3:1→4, s1:12→1 / s2:2→1 / s3:1→4, 2→1, s1:12→1 / s2:2→1 / s3:1→4, 8→1, s1:12→1 / s2:2→1 / s3:1→5, s1:12→1 / s2:2→1 / s3:2→1, s1:12→1 / s2:2→1 / s3:2→1, 8→1}"	"{s3:14→1, s3:14→1, s3:14→1, s3:14→1, s3:14→1, s3:14→1, s3:14→1, s3:14→1, s3:14→1, s3:14→1, s3:14→1, s3:14→1, s3:14→1, s3:14→1, s3:14→1, s3:14→1, s3:14→1, s3:14→1, s3:14→1, s3:14→1, s3:14→1}"
12	163	22	106	0	2	0	0	0	0	1	0	"s1:12→1 / s2:2→1 / s3:1→3"	""
12	163	22	113	1	1	0	0	0	0	1	0	"s1:12→1 / s2:2→1 / s3:1→5"	"s3:14→1"
12	163	22	141	1	1	0	0	0	1	0	0	"s1:12→1 / s2:2→1 / s3:1→4, 2→1"	"s3:14→1"
12	163	22	161	0	2	0	0	1	0	0	0	"s1:12→1 / s2:2→1 / s3:1→1, 12→1"	""
12	163	23	-49	0	0	2	0	0	0	0	1	"s1:12→1 / s2:2→1 / s3:1→1"	""
12	163	23	-29	0	1	1	0	0	0	0	1	"{s1:12→1 / s2:2→1 / s3:1→2, s1:12→1 / s2:2→1 / s3:1→3}"	""
12	163	23	-9	0	2	0	0	0	0	0	1	"s1:12→1 / s2:2→1 / s3:1→3"	""
12	163	24	-2	1	1	0	0	0	0	0	1	"s1:12→1 / s2:2→1 / s3:8→1"	"s3:14→1"
12	163	32	114	0	1	1	0	0	1	0	0	"s1:12→1 / s2:2→1 / s3:1→3"	""
12	163	32	141	1	1	0	0	0	1	0	0	"s1:12→1 / s2:2→1 / s3:1→3"	"s3:14→1"
12	163	55	134	0	2	0	0	0	1	0	0	"s1:12→1 / s2:2→1 / s3:1→3"	""
12	164	17	129	1	2	0	0	0	0	0	0	"{s1:2→1 / s2:1→1, s1:2→1 / s2:1→1 / s3:8→1}"	"{s3:10→1, s3:10→1}"
12	165	17	139	2	1	0	0	0	0	0	0	"{s1:12→1 / s2:2→1 / s3:1→1, s1:12→1 / s2:2→1 / s3:1→1, 4→1, s1:12→1 / s2:2→1 / s3:1→1, 4→1, 8→1, s1:12→1 / s2:2→1 / s3:1→1, 8→1, s1:12→1 / s2:4→1, 8→1 / s3:2→1, s1:12→1 / s2:4→1 / s3:2→1, s1:12→1 / s2:8→1 / s3:2→1}"	"{s2:13→1 / s3:13→1, s2:13→1 / s3:13→1, s2:13→1 / s3:13→1, s2:13→1 / s3:13→1, s2:13→1 / s3:13→1, s2:13→1 / s3:13→1, s2:13→1 / s3:13→1}"
12	167	18	123	0	3	0	0	0	0	0	0	"s1:11→1 / s2:7→1"	"s3:1→1"
12	168	17	131	1	2	0	0	0	0	0	0	"{s1:12→1, s1:12→1 / s3:12→1, s1:12→1 / s3:3→1, s1:12→1 / s3:3→1, 12→1, s1:12→1 / s3:3→1, 12→2}"	"{s2:1→1 / s3:7→1, s2:1→1 / s3:7→1, s2:1→1 / s3:7→1, s2:1→1 / s3:7→1, s2:1→1 / s3:7→1}"
12	168	17	132	1	2	0	0	0	0	0	0	"{s1:12→1 / s3:3→1, s1:12→1 / s3:3→1, 8→1, s1:12→1 / s3:3→1, 8→1, 12→1, s1:12→1 / s3:8→1, s1:12→1 / s3:8→1, 12→1}"	"{s2:1→1 / s3:13→1, s2:1→1 / s3:13→1, s2:1→1 / s3:13→1, s2:1→1 / s3:13→1, s2:1→1 / s3:13→1}"
12	168	17	139	2	1	0	0	0	0	0	0	"{s1:12→1 / s2:12→1 / s3:3→1, s1:12→1 / s2:3→1 / s3:2→1, s1:12→1 / s2:3→1 / s3:2→1, s1:12→1 / s2:3→1 / s3:2→1, 12→1, s1:12→1 / s2:3→1 / s3:2→1, 8→1, s1:12→1 / s2:8→1 / s3:3→1, s1:12→1 / s3:3→1}"	"{s2:7→1 / s3:13→1, s2:13→1 / s3:13→1, s2:13→1 / s3:7→1, s2:13→1 / s3:7→1, s2:13→1 / s3:13→1, s2:13→1 / s3:13→1, s2:7→1 / s3:13→1}"
12	168	18	111	1	1	1	0	0	0	0	0	"{s1:12→1, s1:12→1 / s3:3→1}"	"{s2:1→1 / s3:7→1, s2:1→1 / s3:7→1}"
12	168	18	125	0	3	0	0	0	0	0	0	"s1:12→1 / s2:12→1"	"s3:1→1"
12	168	18	131	1	2	0	0	0	0	0	0	"{s1:12→1 / s3:12→2, s1:12→1 / s3:12→3, s1:12→1 / s3:12→4, s1:12→1 / s3:3→1, 12→3, s1:12→1 / s3:3→1, 12→4}"	"{s2:1→1 / s3:7→1, s2:1→1 / s3:7→1, s2:1→1 / s3:7→1, s2:1→1 / s3:7→1, s2:1→1 / s3:7→1}"
12	168	18	132	1	2	0	0	0	0	0	0	"s1:12→1 / s3:3→1, 12→1"	"s2:1→1 / s3:13→1"
12	168	20	132	1	2	0	0	0	0	0	0	"s1:12→1 / s2:12→1"	"s3:7→1"
12	168	21	132	1	2	0	0	0	0	0	0	"s1:12→1 / s3:12→1"	"s2:1→1 / s3:13→1"
12	171	15	186	0	2	0	1	0	0	0	0	"s1:1→1 / s3:1→1, 11→1"	"s2:12→1"
12	171	16	160	0	2	0	0	1	0	0	0	"s1:1→1 / s3:1→1, 11→1"	"s2:12→1"
12	171	18	113	1	1	0	0	0	0	1	0	"s1:1→1 / s2:11→1 / s3:5→1, 11→1"	"s3:14→1"
12	171	18	141	1	1	0	0	0	1	0	0	"s1:1→1 / s2:11→1 / s3:5→1, 11→1"	"s3:14→1"
12	171	19	105	0	2	0	0	0	0	1	0	"s1:1→1 / s3:11→1"	"s2:12→1"
12	171	19	106	0	2	0	0	0	0	1	0	"s1:1→1 / s2:11→1 / s3:11→1"	""
12	171	19	113	1	1	0	0	0	0	1	0	"s1:1→1 / s2:11→1 / s3:11→1"	"s3:14→1"
12	171	19	133	0	2	0	0	0	1	0	0	"s1:1→1 / s3:11→1"	"s2:12→1"
12	171	20	134	0	2	0	0	0	1	0	0	"s1:1→1 / s2:11→1 / s3:11→1"	""
12	171	20	141	1	1	0	0	0	1	0	0	"s1:1→1 / s2:11→1 / s3:11→1"	"s3:14→1"
12	171	22	-10	0	2	0	0	0	0	0	1	"s1:1→1 / s3:11→1"	"s2:12→1"
12	171	22	-9	0	2	0	0	0	0	0	1	"s1:1→1 / s2:11→1 / s3:11→1"	""
12	171	22	-2	1	1	0	0	0	0	0	1	"{s1:1→1 / s2:11→1 / s3:11→1, s1:1→1 / s2:11→1 / s3:5→1, 11→1}"	"{s3:14→1, s3:14→1}"
12	172	13	236	2	1	0	0	0	0	0	0	"{s1:1→1, 12→1, s1:1→1 / s3:12→1}"	"{s2:10→1 / s3:2→1, s2:10→1 / s3:2→1}"
12	172	13	237	2	1	0	0	0	0	0	0	"s1:1→1 / s2:12→1 / s3:12→1"	"s2:13→1 / s3:2→1"
12	172	14	210	1	1	1	0	0	0	0	0	"s1:1→1 / s2:12→1 / s3:12→1"	"s3:2→1"
12	172	15	185	1	1	0	1	0	0	0	0	"{s1:12→1 / s2:1→1 / s3:1→1, s1:12→1 / s2:1→1 / s3:1→2, 3→1, 12→1, s1:1→1 / s2:12→1, s1:1→1 / s2:12→1 / s3:3→1, 12→2, s1:1→1 / s2:3→1, 12→3, s1:1→1 / s2:3→1, 12→4}"	"{s3:10→1, s3:10→1, s3:10→1, s3:10→1, s3:10→1, s3:10→1}"
12	172	15	186	1	1	0	1	0	0	0	0	"{s1:12→1 / s2:1→1 / s3:1→1, 12→1, s1:12→1 / s2:1→1 / s3:1→1, 3→2, 9→1, 12→1, s1:12→1 / s2:1→1 / s3:1→2, 3→1, 12→2, s1:12→1 / s2:1→1 / s3:1→2, 3→1, 12→2, s1:12→1 / s2:1→1 / s3:1→2, 3→1, 9→1, 12→1, s1:12→1 / s2:1→1 / s3:1→2, 3→1, 9→1, 12→1, s1:1→1 / s2:12→1 / s3:12→1, s1:1→1 / s2:12→1 / s3:3→1, 12→2, s1:1→1 / s2:12→1 / s3:3→1, 9→1, 12→2, s1:1→1 / s2:12→1 / s3:3→1, 9→1, 12→3}"	"{s3:2→1, s3:14→1, s3:14→1, s3:2→1, s3:14→1, s3:2→1, s3:2→1, s3:14→1, s3:14→1, s3:2→1}"
12	172	15	189	1	0	2	0	0	0	0	0	"{s1:12→1 / s2:1→1 / s3:1→1, 3→1, 12→2, s1:12→1 / s2:1→1 / s3:1→2, 3→1, 12→2, s1:12→1 / s2:1→1 / s3:3→1, 12→1, s1:12→1 / s2:1→1 / s3:3→2, 12→2}"	"{s3:10→1, s3:10→1, s3:10→1, s3:10→1}"
12	172	15	190	1	0	2	0	0	0	0	0	"{s1:12→1 / s2:1→1 / s3:12→1, s1:12→1 / s2:1→1 / s3:1→1, 12→2, s1:12→1 / s2:1→1 / s3:1→1, 3→1, 12→3, s1:12→1 / s2:1→1 / s3:1→1, 3→1, 9→1, 12→2, s1:12→1 / s2:1→1 / s3:1→1, 9→1, 12→1, s1:12→1 / s2:1→1 / s3:3→1, 12→2, s1:12→1 / s2:1→1 / s3:3→1, 9→1, 12→1, s1:12→1 / s2:1→1 / s3:3→1, 9→1, 12→2}"	"{s3:2→1, s3:2→1, s3:2→1, s3:2→1, s3:2→1, s3:2→1, s3:2→1, s3:2→1}"
12	172	15	192	2	0	0	1	0	0	0	0	"{s1:12→1 / s2:1→1 / s3:1→1, 12→1, s1:12→1 / s2:1→1 / s3:1→1, 3→1, 12→1, s1:12→1 / s2:1→1 / s3:1→2, 12→1, s1:12→1 / s2:1→1 / s3:1→2, 3→1, 12→2, s1:12→1 / s2:1→1 / s3:1→3, 12→2, s1:12→1 / s2:1→2 / s3:1→2, 12→1, s1:12→1 / s2:1→2 / s3:1→2, 3→1, 12→1, s1:12→1 / s2:1→2 / s3:1→3, 12→1, s1:12→1 / s3:1→1, s1:12→1 / s3:1→1, 12→1, s1:12→1 / s3:1→1, 9→1, s1:12→1 / s3:1→2, s1:12→1 / s3:1→2, 12→1, s1:12→1 / s3:1→2, 3→1, 12→1, s1:12→1 / s3:1→2, 9→1, s1:12→1 / s3:1→3, 12→1, s1:12→1 / s3:1→3, 12→2, s1:12→1 / s3:1→3, 3→1, 12→1, s1:12→1 / s3:1→3, 9→1, 12→1, s1:12→1 / s3:1→4, 12→1, s1:1→1, 12→1, s1:1→1, 12→1 / s3:12→1, s1:1→1, 12→1 / s3:12→2, s1:1→1 / s2:3→1, 12→2 / s3:12→2, s1:1→1 / s2:3→1, 12→3 / s3:12→2, s1:1→1 / s2:3→1, 12→4 / s3:12→2, s1:1→1 / s3:12→1, s1:1→1 / s3:12→2, s1:1→1 / s3:12→3, s1:1→1 / s3:3→1, 12→4}"	"{s2:10→1 / s3:2→1, s2:10→1 / s3:2→1, s2:10→1 / s3:2→1, s2:10→1 / s3:2→1, s2:10→1 / s3:2→1, s2:10→1 / s3:2→1, s2:10→1 / s3:2→1, s2:10→1 / s3:2→1, s2:2→1 / s3:10→1, s2:2→1 / s3:2→1, s2:2→1 / s3:2→1, s2:2→1 / s3:10→1, s2:2→1 / s3:2→1, s2:2→1 / s3:10→1, s2:2→1 / s3:2→1, s2:2→1 / s3:10→1, s2:2→1 / s3:2→1, s2:2→1 / s3:10→1, s2:2→1 / s3:2→1, s2:2→1 / s3:10→1, s2:10→1 / s3:2→1, s2:10→1 / s3:2→1, s2:10→1 / s3:2→1, s2:10→1 / s3:2→1, s2:10→1 / s3:2→1, s2:10→1 / s3:2→1, s2:10→1 / s3:2→1, s2:10→1 / s3:2→1, s2:10→1 / s3:2→1, s2:10→1 / s3:2→1}"
12	172	16	159	1	1	0	0	1	0	0	0	"{s1:12→1 / s2:1→1 / s3:1→1, s1:12→1 / s2:1→1 / s3:1→1, 3→1, s1:12→1 / s2:1→1 / s3:1→1, 3→2, 12→1, s1:12→1 / s2:1→1 / s3:1→1, 3→3, 12→1, s1:12→1 / s2:1→1 / s3:1→2, 3→1, 12→1, s1:12→1 / s2:1→1 / s3:1→2, 3→2, 12→1, s1:12→1 / s2:1→1 / s3:1→3, 12→1, s1:12→1 / s2:1→1 / s3:1→3, 3→1, 12→1, s1:1→1 / s2:12→1, s1:1→1 / s2:12→1 / s3:3→1, 12→2, s1:1→1 / s2:12→1 / s3:3→1, 12→3, s1:1→1 / s2:12→1 / s3:3→1, 12→4, s1:1→1 / s2:3→1, 12→3, s1:1→1 / s2:3→1, 12→4}"	"{s3:10→1, s3:10→1, s3:10→1, s3:10→1, s3:10→1, s3:10→1, s3:10→1, s3:10→1, s3:10→1, s3:10→1, s3:10→1, s3:10→1, s3:10→1, s3:10→1}"
12	172	16	160	1	1	0	0	1	0	0	0	"{s1:12→1 / s2:1→1, s1:12→1 / s2:1→1 / s3:1→1, 12→1, s1:12→1 / s2:1→1 / s3:1→1, 3→1, 12→1, s1:12→1 / s2:1→1 / s3:1→1, 3→1, 12→1, s1:12→1 / s2:1→1 / s3:1→1, 3→1, 9→1, s1:12→1 / s2:1→1 / s3:1→1, 3→1, 9→1, s1:12→1 / s2:1→1 / s3:1→1, 3→2, 12→1, s1:12→1 / s2:1→1 / s3:1→1, 3→2, 9→1, s1:12→1 / s2:1→1 / s3:1→1, 3→2, 9→1, 12→1, s1:12→1 / s2:1→1 / s3:1→1, 9→1, s1:12→1 / s2:1→1 / s3:1→2, 12→1, s1:12→1 / s2:1→1 / s3:1→2, 3→1, 12→1, s1:12→1 / s2:1→1 / s3:1→2, 3→1, 9→1, s1:12→1 / s2:1→1 / s3:1→2, 3→1, 9→1, s1:12→1 / s2:1→1 / s3:1→2, 3→1, 9→1, 12→1, s1:12→1 / s2:1→1 / s3:1→2, 3→1, 9→1, 12→1, s1:12→1 / s2:1→1 / s3:1→2, 9→1, s1:12→1 / s2:1→1 / s3:1→2, 9→1, s1:12→1 / s2:1→1 / s3:1→3, 9→1, 12→1, s1:12→1 / s2:1→1 / s3:1→3, 9→1, 12→1, s1:1→1 / s2:12→1 / s3:3→1, 12→2, s1:1→1 / s2:12→1 / s3:3→1, 12→3, s1:1→1 / s2:12→1 / s3:3→1, 9→1, 12→2, s1:1→1 / s2:12→1 / s3:3→1, 9→1, 12→3}"	"{s3:2→1, s3:2→1, s3:14→1, s3:2→1, s3:14→1, s3:2→1, s3:14→1, s3:14→1, s3:14→1, s3:2→1, s3:2→1, s3:14→1, s3:14→1, s3:2→1, s3:14→1, s3:2→1, s3:14→1, s3:2→1, s3:14→1, s3:2→1, s3:14→1, s3:14→1, s3:14→1, s3:14→1}"
12	172	16	165	1	0	1	1	0	0	0	0	"{s1:12→1 / s2:1→1 / s3:1→1, s1:12→1 / s2:1→1 / s3:1→1, 3→1, 12→1, s1:12→1 / s2:1→1 / s3:1→1, 3→1, 12→2, s1:12→1 / s2:1→1 / s3:1→1, 3→2, 12→1, s1:12→1 / s2:1→1 / s3:1→1, 3→2, 12→2, s1:12→1 / s2:1→1 / s3:1→2, 12→1, s1:12→1 / s2:1→1 / s3:1→2, 3→1, 12→1, s1:12→1 / s2:1→1 / s3:1→2, 3→1, 12→2, s1:12→1 / s2:1→1 / s3:1→3, 12→2, s1:12→1 / s2:1→1 / s3:3→1, s1:12→1 / s2:1→1 / s3:3→1, 12→1, s1:12→1 / s2:1→1 / s3:3→2, 12→1, s1:12→1 / s2:1→1 / s3:3→2, 12→2, s1:12→1 / s2:1→1 / s3:3→3, 12→1, s1:12→1 / s2:1→1 / s3:3→3, 12→2, s1:1→1 / s2:12→1, s1:1→1 / s2:12→1 / s3:3→1, 12→1, s1:1→1 / s2:12→1 / s3:3→1, 12→2, s1:1→1 / s2:12→1 / s3:3→2, 12→2, s1:1→1 / s2:12→1 / s3:3→2, 12→3}"	"{s3:10→1, s3:10→1, s3:10→1, s3:10→1, s3:10→1, s3:10→1, s3:10→1, s3:10→1, s3:10→1, s3:10→1, s3:10→1, s3:10→1, s3:10→1, s3:10→1, s3:10→1, s3:10→1, s3:10→1, s3:10→1, s3:10→1, s3:10→1}"
12	172	16	166	1	0	1	1	0	0	0	0	"{s1:12→1 / s2:1→1 / s3:12→1, s1:12→1 / s2:1→1 / s3:1→1, 12→1, s1:12→1 / s2:1→1 / s3:1→1, 12→2, s1:12→1 / s2:1→1 / s3:1→1, 3→1, 12→2, s1:12→1 / s2:1→1 / s3:1→1, 3→1, 12→3, s1:12→1 / s2:1→1 / s3:1→1, 9→1, s1:12→1 / s2:1→1 / s3:1→1, 9→1, 12→1, s1:12→1 / s2:1→1 / s3:3→1, 12→1, s1:12→1 / s2:1→1 / s3:3→1, 12→2, s1:12→1 / s2:1→1 / s3:3→1, 9→1, s1:12→1 / s2:1→1 / s3:3→1, 9→1, 12→1, s1:12→1 / s2:1→1 / s3:3→1, 9→1, 12→2, s1:12→1 / s2:1→1 / s3:9→1, s1:1→1 / s2:12→1 / s3:12→1, s1:1→1 / s2:12→1 / s3:3→1, 12→2, s1:1→1 / s2:12→1 / s3:3→1, 12→3, s1:1→1 / s2:12→1 / s3:3→1, 12→4, s1:1→1 / s2:12→1 / s3:3→1, 9→1, 12→1, s1:1→1 / s2:12→1 / s3:3→1, 9→1, 12→2, s1:1→1 / s2:12→1 / s3:3→1, 9→1, 12→3, s1:1→1 / s2:12→1 / s3:9→1, 12→1}"	"{s3:2→1, s3:2→1, s3:2→1, s3:2→1, s3:2→1, s3:2→1, s3:2→1, s3:2→1, s3:2→1, s3:2→1, s3:2→1, s3:2→1, s3:2→1, s3:2→1, s3:2→1, s3:2→1, s3:2→1, s3:2→1, s3:2→1, s3:2→1, s3:2→1}"
12	172	16	166	2	0	0	0	1	0	0	0	"{s1:12→1, s1:12→1 / s2:1→1 / s3:1→1, 12→1, s1:12→1 / s2:1→1 / s3:1→1, 3→1, 12→1, s1:12→1 / s2:1→1 / s3:1→2, 12→1, s1:12→1 / s2:1→2 / s3:1→2, 12→1, s1:12→1 / s2:1→2 / s3:1→2, 3→1, 12→1, s1:12→1 / s2:1→2 / s3:1→3, 12→1, s1:12→1 / s2:1→2 / s3:1→3, 3→1, 12→1, s1:12→1 / s2:1→2 / s3:1→4, 12→1, s1:12→1 / s2:1→3 / s3:1→3, 12→1, s1:12→1 / s2:1→3 / s3:1→4, 12→1, s1:12→1 / s3:1→1, s1:12→1 / s3:1→1, 12→1, s1:12→1 / s3:1→1, 3→1, s1:12→1 / s3:1→1, 9→1, s1:12→1 / s3:1→2, s1:12→1 / s3:1→2, 12→1, s1:12→1 / s3:1→2, 3→1, s1:12→1 / s3:1→2, 3→1, 12→1, s1:12→1 / s3:1→2, 9→1, s1:12→1 / s3:1→3, s1:12→1 / s3:1→3, 12→1, s1:12→1 / s3:1→3, 12→1, s1:12→1 / s3:1→3, 3→1, s1:12→1 / s3:1→3, 3→1, 12→1, s1:12→1 / s3:1→3, 9→1, s1:12→1 / s3:1→3, 9→1, 12→1, s1:12→1 / s3:1→4, 12→1, s1:12→1 / s3:1→4, 12→1, s1:12→1 / s3:1→4, 9→1}"	"{s2:2→1 / s3:2→1, s2:10→1 / s3:2→1, s2:10→1 / s3:2→1, s2:10→1 / s3:2→1, s2:10→1 / s3:2→1, s2:10→1 / s3:2→1, s2:10→1 / s3:2→1, s2:10→1 / s3:2→1, s2:10→1 / s3:2→1, s2:10→1 / s3:2→1, s2:10→1 / s3:2→1, s2:2→1 / s3:10→1, s2:2→1 / s3:2→1, s2:2→1 / s3:10→1, s2:2→1 / s3:2→1, s2:2→1 / s3:10→1, s2:2→1 / s3:2→1, s2:2→1 / s3:10→1, s2:2→1 / s3:10→1, s2:2→1 / s3:2→1, s2:2→1 / s3:10→1, s2:2→1 / s3:10→1, s2:2→1 / s3:2→1, s2:2→1 / s3:10→1, s2:2→1 / s3:10→1, s2:2→1 / s3:2→1, s2:2→1 / s3:2→1, s2:2→1 / s3:10→1, s2:2→1 / s3:2→1, s2:2→1 / s3:2→1}"
12	172	16	179	0	2	0	1	0	0	0	0	"{s1:1→1 / s2:12→1 / s3:3→1, 12→2, s1:1→1 / s2:12→1 / s3:3→1, 12→3}"	""
12	172	16	183	0	1	2	0	0	0	0	0	"{s1:12→1 / s2:1→1 / s3:1→1, 12→1, s1:12→1 / s2:1→1 / s3:3→1, 12→1}"	""
12	172	16	185	1	1	0	1	0	0	0	0	"{s1:12→1 / s2:1→1 / s3:1→1, 3→1, s1:12→1 / s2:1→1 / s3:1→1, 3→1, 12→1, s1:12→1 / s2:1→1 / s3:1→1, 3→2, 12→1, s1:12→1 / s2:1→1 / s3:1→1, 3→2, 12→2, s1:12→1 / s2:1→1 / s3:1→1, 3→3, 12→1, s1:12→1 / s2:1→1 / s3:1→2, 12→1, s1:12→1 / s2:1→1 / s3:1→2, 3→1, 12→2, s1:12→1 / s2:1→1 / s3:1→2, 3→2, 12→1, s1:12→1 / s2:1→1 / s3:1→3, 12→1, s1:12→1 / s2:1→1 / s3:1→3, 12→2, s1:12→1 / s2:1→1 / s3:1→3, 3→1, 12→1, s1:12→1 / s2:1→1 / s3:1→4, 12→1, s1:12→1 / s2:1→1 / s3:3→1, s1:12→1 / s2:1→1 / s3:3→2, 12→1, s1:12→1 / s2:1→1 / s3:3→3, 12→1, s1:12→1 / s2:1→1 / s3:3→3, 12→2, s1:12→1 / s2:1→1 / s3:3→4, 12→1, s1:1→1 / s2:12→1 / s3:3→1, 12→1, s1:1→1 / s2:12→1 / s3:3→1, 12→3, s1:1→1 / s2:12→1 / s3:3→2, 12→3, s1:1→1 / s2:3→1, 12→2}"	"{s3:10→1, s3:10→1, s3:10→1, s3:10→1, s3:10→1, s3:10→1, s3:10→1, s3:10→1, s3:10→1, s3:10→1, s3:10→1, s3:10→1, s3:10→1, s3:10→1, s3:10→1, s3:10→1, s3:10→1, s3:10→1, s3:10→1, s3:10→1, s3:10→1}"
12	172	17	132	1	1	0	0	0	1	0	0	"{s1:12→1 / s2:1→1 / s3:1→1, s1:12→1 / s2:1→1 / s3:1→1, 3→1, s1:12→1 / s2:1→1 / s3:1→1, 3→2, s1:12→1 / s2:1→1 / s3:1→2, s1:12→1 / s2:1→1 / s3:1→2, 3→1, s1:12→1 / s2:1→1 / s3:1→2, 3→2}"	"{s3:10→1, s3:10→1, s3:10→1, s3:10→1, s3:10→1, s3:10→1}"
12	172	17	133	1	1	0	0	0	1	0	0	"{s1:12→1 / s2:1→1, s1:12→1 / s2:1→1 / s3:1→1, 3→1, 9→1, s1:12→1 / s2:1→1 / s3:1→1, 3→1, 9→1, s1:12→1 / s2:1→1 / s3:1→1, 3→2, 9→1, s1:12→1 / s2:1→1 / s3:1→1, 3→3, 9→1, s1:12→1 / s2:1→1 / s3:1→1, 9→1, s1:12→1 / s2:1→1 / s3:1→2, 3→1, 9→1, s1:12→1 / s2:1→1 / s3:1→2, 3→1, 9→1, s1:12→1 / s2:1→1 / s3:1→2, 3→2, 9→1, s1:12→1 / s2:1→1 / s3:1→2, 9→1, s1:12→1 / s2:1→1 / s3:1→2, 9→1, s1:12→1 / s2:1→1 / s3:1→3, 3→1, 9→1, s1:12→1 / s2:1→1 / s3:1→3, 3→1, 9→1, s1:12→1 / s2:1→1 / s3:1→3, 9→1, s1:12→1 / s2:1→1 / s3:1→3, 9→1, s1:12→1 / s2:1→1 / s3:1→4, 9→1, s1:12→1 / s2:1→1 / s3:3→2, 9→1, s1:12→1 / s2:1→1 / s3:3→3, 9→1}"	"{s3:2→1, s3:14→1, s3:2→1, s3:14→1, s3:14→1, s3:2→1, s3:14→1, s3:2→1, s3:14→1, s3:14→1, s3:2→1, s3:14→1, s3:2→1, s3:14→1, s3:2→1, s3:2→1, s3:14→1, s3:14→1}"
12	172	17	139	1	0	1	0	1	0	0	0	"{s1:12→1 / s2:1→1 / s3:1→1, s1:12→1 / s2:1→1 / s3:1→1, 3→1, s1:12→1 / s2:1→1 / s3:1→1, 3→1, 12→1, s1:12→1 / s2:1→1 / s3:1→1, 3→2, 12→1, s1:12→1 / s2:1→1 / s3:1→2, 12→1, s1:12→1 / s2:1→1 / s3:1→2, 3→1, 12→1, s1:12→1 / s2:1→1 / s3:1→3, 12→1, s1:12→1 / s2:1→1 / s3:1→4, 12→1, s1:12→1 / s2:1→1 / s3:3→1, s1:12→1 / s2:1→1 / s3:3→1, 12→1, s1:12→1 / s2:1→1 / s3:3→2, s1:12→1 / s2:1→1 / s3:3→2, 12→1, s1:12→1 / s2:1→1 / s3:3→3, 12→1, s1:12→1 / s2:1→1 / s3:3→4, 12→1, s1:1→1 / s2:12→1, s1:1→1 / s2:12→1 / s3:3→1, 12→1, s1:1→1 / s2:12→1 / s3:3→1, 12→2, s1:1→1 / s2:12→1 / s3:3→1, 12→3, s1:1→1 / s2:12→1 / s3:3→1, 12→4, s1:1→1 / s2:12→1 / s3:3→2, 12→2, s1:1→1 / s2:12→1 / s3:3→2, 12→3}"	"{s3:10→1, s3:10→1, s3:10→1, s3:10→1, s3:10→1, s3:10→1, s3:10→1, s3:10→1, s3:10→1, s3:10→1, s3:10→1, s3:10→1, s3:10→1, s3:10→1, s3:10→1, s3:10→1, s3:10→1, s3:10→1, s3:10→1, s3:10→1, s3:10→1}"
12	172	17	139	2	0	0	0	0	1	0	0	"{s1:12→1, s1:12→1 / s2:1→1 / s3:1→3, s1:12→1 / s2:1→1 / s3:1→3, 3→1, s1:12→1 / s3:1→1, s1:12→1 / s3:1→1, 3→1, s1:12→1 / s3:1→1, 9→1, s1:12→1 / s3:1→2, s1:12→1 / s3:1→2, 3→1, s1:12→1 / s3:1→2, 9→1, s1:12→1 / s3:1→3, s1:12→1 / s3:1→3, 3→1, s1:12→1 / s3:1→3, 9→1, s1:12→1 / s3:1→4, s1:12→1 / s3:1→4, 3→1, s1:12→1 / s3:1→4, 9→1}"	"{s2:2→1 / s3:2→1, s2:2→1 / s3:10→1, s2:2→1 / s3:10→1, s2:2→1 / s3:10→1, s2:2→1 / s3:10→1, s2:2→1 / s3:2→1, s2:2→1 / s3:10→1, s2:2→1 / s3:10→1, s2:2→1 / s3:2→1, s2:2→1 / s3:10→1, s2:2→1 / s3:10→1, s2:2→1 / s3:2→1, s2:2→1 / s3:10→1, s2:2→1 / s3:10→1, s2:2→1 / s3:2→1}"
12	172	17	140	1	0	1	0	1	0	0	0	"{s1:12→1 / s2:1→1, s1:12→1 / s2:1→1 / s3:12→1, s1:12→1 / s2:1→1 / s3:1→1, 12→1, s1:12→1 / s2:1→1 / s3:1→1, 3→1, 12→1, s1:12→1 / s2:1→1 / s3:1→1, 3→1, 9→1, s1:12→1 / s2:1→1 / s3:1→1, 9→1, s1:12→1 / s2:1→1 / s3:1→1, 9→1, 12→1, s1:12→1 / s2:1→1 / s3:3→1, 12→1, s1:12→1 / s2:1→1 / s3:3→1, 9→1, s1:12→1 / s2:1→1 / s3:3→1, 9→1, 12→1, s1:12→1 / s2:1→1 / s3:9→1}"	"{s3:2→1, s3:2→1, s3:2→1, s3:2→1, s3:2→1, s3:2→1, s3:2→1, s3:2→1, s3:2→1, s3:2→1, s3:2→1}"
12	172	17	141	1	0	0	2	0	0	0	0	"{s1:12→1 / s2:1→1, s1:12→1 / s2:1→1 / s3:3→1, s1:12→1 / s2:1→1 / s3:3→1, 12→1, s1:12→1 / s2:1→1 / s3:3→1, 12→2, s1:12→1 / s2:1→1 / s3:3→2, 12→1, s1:12→1 / s2:1→1 / s3:3→2, 12→2, s1:12→1 / s2:1→1 / s3:3→3, 12→1}"	"{s3:10→1, s3:10→1, s3:10→1, s3:10→1, s3:10→1, s3:10→1, s3:10→1}"
12	172	17	142	1	0	0	2	0	0	0	0	"{s1:12→1 / s2:1→1 / s3:12→1, s1:12→1 / s2:1→1 / s3:3→1, 12→1, s1:12→1 / s2:1→1 / s3:3→1, 12→2, s1:12→1 / s2:1→1 / s3:3→1, 12→3, s1:12→1 / s2:1→1 / s3:3→1, 9→1, s1:12→1 / s2:1→1 / s3:9→1, s1:12→1 / s2:1→1 / s3:9→1, 12→1}"	"{s3:2→1, s3:2→1, s3:2→1, s3:2→1, s3:2→1, s3:2→1, s3:2→1}"
12	172	17	153	0	2	0	0	1	0	0	0	"{s1:1→1 / s2:12→1 / s3:3→1, 12→2, s1:1→1 / s2:12→1 / s3:3→1, 12→3, s1:1→1 / s2:12→1 / s3:3→1, 12→4}"	""
12	172	17	159	0	1	1	1	0	0	0	0	"s1:1→1 / s2:12→1 / s3:3→1, 12→1"	""
12	172	17	159	1	1	0	0	1	0	0	0	"{s1:12→1 / s2:1→1 / s3:1→1, 3→1, 12→1, s1:12→1 / s2:1→1 / s3:1→1, 3→2, s1:12→1 / s2:1→1 / s3:1→1, 3→3, s1:12→1 / s2:1→1 / s3:1→1, 3→4, s1:12→1 / s2:1→1 / s3:1→2, s1:12→1 / s2:1→1 / s3:1→2, 12→1, s1:12→1 / s2:1→1 / s3:1→2, 3→1, s1:12→1 / s2:1→1 / s3:1→2, 3→2, s1:12→1 / s2:1→1 / s3:1→2, 3→3, s1:12→1 / s2:1→1 / s3:1→3, 3→1, s1:12→1 / s2:1→1 / s3:1→3, 3→2, s1:12→1 / s2:1→1 / s3:1→4, 12→1, s1:12→1 / s2:1→1 / s3:3→1, s1:12→1 / s2:1→1 / s3:3→2, s1:12→1 / s2:1→1 / s3:3→2, 12→1, s1:12→1 / s2:1→1 / s3:3→3, s1:12→1 / s2:1→1 / s3:3→3, 12→1, s1:12→1 / s2:1→1 / s3:3→4, s1:12→1 / s2:1→1 / s3:3→4, 12→1, s1:1→1 / s2:12→1 / s3:3→1, 12→1, s1:1→1 / s2:12→1 / s3:3→2, 12→3, s1:1→1 / s2:3→1, 12→2}"	"{s3:10→1, s3:10→1, s3:10→1, s3:10→1, s3:10→1, s3:10→1, s3:10→1, s3:10→1, s3:10→1, s3:10→1, s3:10→1, s3:10→1, s3:10→1, s3:10→1, s3:10→1, s3:10→1, s3:10→1, s3:10→1, s3:10→1, s3:10→1, s3:10→1, s3:10→1}"
12	172	17	160	1	1	0	0	1	0	0	0	"{s1:12→1 / s2:1→1 / s3:1→1, 12→1, s1:12→1 / s2:1→1 / s3:1→1, 3→1, 9→1, 12→1, s1:12→1 / s2:1→1 / s3:1→1, 3→1, 9→1, 12→1, s1:12→1 / s2:1→1 / s3:1→1, 3→3, 12→1, s1:12→1 / s2:1→1 / s3:1→1, 3→3, 9→1, s1:12→1 / s2:1→1 / s3:1→1, 9→1, s1:12→1 / s2:1→1 / s3:1→2, 12→1, s1:12→1 / s2:1→1 / s3:1→2, 3→1, 12→1, s1:12→1 / s2:1→1 / s3:1→2, 3→2, 12→1, s1:12→1 / s2:1→1 / s3:1→2, 3→2, 9→1, s1:12→1 / s2:1→1 / s3:1→2, 9→1, 12→1, s1:12→1 / s2:1→1 / s3:1→2, 9→1, 12→1, s1:12→1 / s2:1→1 / s3:1→3, 12→1, s1:12→1 / s2:1→1 / s3:1→3, 12→1, s1:12→1 / s2:1→1 / s3:1→3, 3→1, 12→1, s1:12→1 / s2:1→1 / s3:1→3, 3→1, 12→1, s1:12→1 / s2:1→1 / s3:1→3, 3→1, 9→1, s1:12→1 / s2:1→1 / s3:1→3, 3→1, 9→1, s1:12→1 / s2:1→1 / s3:1→3, 9→1, s1:12→1 / s2:1→1 / s3:1→3, 9→1, s1:12→1 / s2:1→1 / s3:1→4, 12→1, s1:12→1 / s2:1→1 / s3:1→4, 9→1, s1:12→1 / s2:1→1 / s3:1→4, 9→1, s1:12→1 / s2:1→1 / s3:3→1, 12→1, s1:12→1 / s2:1→1 / s3:3→1, 12→1, s1:12→1 / s2:1→1 / s3:3→1, 9→1, s1:12→1 / s2:1→1 / s3:3→1, 9→1, s1:12→1 / s2:1→1 / s3:3→2, 12→1, s1:12→1 / s2:1→1 / s3:3→2, 9→1, s1:12→1 / s2:1→1 / s3:3→2, 9→1, 12→1, s1:12→1 / s2:1→1 / s3:3→3, 12→1, s1:12→1 / s2:1→1 / s3:3→3, 9→1, s1:12→1 / s2:1→1 / s3:3→3, 9→1, 12→1, s1:12→1 / s2:1→1 / s3:3→4, 12→1, s1:12→1 / s2:1→1 / s3:3→4, 9→1, s1:1→1 / s2:12→1 / s3:3→1, 12→1, s1:1→1 / s2:12→1 / s3:3→1, 12→4, s1:1→1 / s2:12→1 / s3:3→1, 9→1, 12→1, s1:1→1 / s2:12→1 / s3:3→2, 12→3, s1:1→1 / s2:12→1 / s3:3→2, 9→1, 12→2, s1:1→1 / s2:12→1 / s3:9→1, s1:1→1 / s2:12→1 / s3:9→1, 12→1}"	"{s3:14→1, s3:14→1, s3:2→1, s3:14→1, s3:14→1, s3:14→1, s3:14→1, s3:2→1, s3:14→1, s3:14→1, s3:14→1, s3:2→1, s3:14→1, s3:2→1, s3:14→1, s3:2→1, s3:14→1, s3:2→1, s3:14→1, s3:2→1, s3:2→1, s3:14→1, s3:2→1, s3:14→1, s3:2→1, s3:14→1, s3:2→1, s3:14→1, s3:14→1, s3:14→1, s3:14→1, s3:14→1, s3:14→1, s3:14→1, s3:14→1, s3:14→1, s3:14→1, s3:14→1, s3:14→1, s3:14→1, s3:14→1, s3:14→1}"
12	172	17	165	1	0	1	1	0	0	0	0	"{s1:12→1 / s2:1→1 / s3:1→1, 12→1, s1:12→1 / s2:1→1 / s3:1→1, 3→1, s1:12→1 / s2:1→1 / s3:1→1, 3→1, 12→3, s1:12→1 / s2:1→1 / s3:1→1, 3→3, 12→1, s1:12→1 / s2:1→1 / s3:1→2, 12→2, s1:12→1 / s2:1→1 / s3:1→2, 3→2, 12→1, s1:12→1 / s2:1→1 / s3:1→3, 12→1, s1:12→1 / s2:1→1 / s3:1→3, 3→1, 12→1, s1:12→1 / s2:1→1 / s3:1→4, 12→1, s1:12→1 / s2:1→1 / s3:3→2, 12→3, s1:12→1 / s2:1→1 / s3:3→4, 12→1, s1:1→1 / s2:12→1 / s3:3→1, 12→3, s1:1→1 / s2:12→1 / s3:3→2, 12→1, s1:1→1 / s2:12→1 / s3:3→3, 12→2}"	"{s3:10→1, s3:10→1, s3:10→1, s3:10→1, s3:10→1, s3:10→1, s3:10→1, s3:10→1, s3:10→1, s3:10→1, s3:10→1, s3:10→1, s3:10→1, s3:10→1}"
12	172	17	166	1	0	1	1	0	0	0	0	"{s1:12→1 / s2:1→1 / s3:1→1, 3→1, 12→1, s1:12→1 / s2:1→1 / s3:1→1, 3→1, 9→1, s1:12→1 / s2:1→1 / s3:1→1, 9→1, 12→2, s1:12→1 / s2:1→1 / s3:3→1, 12→3, s1:12→1 / s2:1→1 / s3:3→1, 9→1, 12→3, s1:1→1 / s2:12→1 / s3:12→2, s1:1→1 / s2:12→1 / s3:9→1, s1:1→1 / s2:12→1 / s3:9→1, 12→2}"	"{s3:2→1, s3:2→1, s3:2→1, s3:2→1, s3:2→1, s3:2→1, s3:2→1, s3:2→1}"
12	172	17	166	2	0	0	0	1	0	0	0	"{s1:12→1 / s2:3→1, s1:12→1 / s3:1→1, 3→1, 12→1, s1:12→1 / s3:1→2, 9→1, 12→1, s1:12→1 / s3:1→4, s1:12→1 / s3:1→4, 3→1}"	"{s2:10→1 / s3:2→1, s2:2→1 / s3:10→1, s2:2→1 / s3:2→1, s2:2→1 / s3:10→1, s2:2→1 / s3:10→1}"
12	172	17	179	0	2	0	1	0	0	0	0	"s1:1→1 / s2:12→1 / s3:3→1, 12→4"	""
12	172	18	104	1	1	0	0	0	0	1	0	"{s1:12→1 / s2:1→1 / s3:1→1, s1:12→1 / s2:1→1 / s3:1→1, 3→1, s1:12→1 / s2:1→1 / s3:1→1, 3→2, s1:12→1 / s2:1→1 / s3:1→1, 3→3, s1:12→1 / s2:1→1 / s3:1→1, 3→4, s1:12→1 / s2:1→1 / s3:1→2, s1:12→1 / s2:1→1 / s3:1→2, 3→1, s1:12→1 / s2:1→1 / s3:1→2, 3→2, s1:12→1 / s2:1→1 / s3:1→2, 3→3, s1:12→1 / s2:1→1 / s3:1→3, s1:12→1 / s2:1→1 / s3:1→3, 3→1, s1:12→1 / s2:1→1 / s3:1→3, 3→2, s1:12→1 / s2:1→1 / s3:1→4, 3→1, s1:12→1 / s2:1→1 / s3:3→2}"	"{s3:10→1, s3:10→1, s3:10→1, s3:10→1, s3:10→1, s3:10→1, s3:10→1, s3:10→1, s3:10→1, s3:10→1, s3:10→1, s3:10→1, s3:10→1, s3:10→1}"
12	172	18	105	1	1	0	0	0	0	1	0	"{s1:12→1 / s2:1→1, s1:12→1 / s2:1→1 / s3:1→1, 3→1, 9→1, s1:12→1 / s2:1→1 / s3:1→1, 3→1, 9→1, s1:12→1 / s2:1→1 / s3:1→1, 3→2, 9→1, s1:12→1 / s2:1→1 / s3:1→1, 3→3, 9→1, s1:12→1 / s2:1→1 / s3:1→1, 9→1, s1:12→1 / s2:1→1 / s3:1→2, 3→1, 9→1, s1:12→1 / s2:1→1 / s3:1→2, 3→1, 9→1, s1:12→1 / s2:1→1 / s3:1→2, 3→2, 9→1, s1:12→1 / s2:1→1 / s3:1→2, 9→1, s1:12→1 / s2:1→1 / s3:1→2, 9→1, s1:12→1 / s2:1→1 / s3:1→3, 3→1, 9→1, s1:12→1 / s2:1→1 / s3:1→3, 3→1, 9→1, s1:12→1 / s2:1→1 / s3:1→3, 9→1, s1:12→1 / s2:1→1 / s3:1→3, 9→1, s1:12→1 / s2:1→1 / s3:1→4, 9→1, s1:12→1 / s2:1→1 / s3:1→4, 9→1, s1:12→1 / s2:1→1 / s3:3→1, s1:12→1 / s2:1→1 / s3:3→2, 9→1, s1:12→1 / s2:1→1 / s3:3→3, 9→1, s1:12→1 / s2:1→1 / s3:3→4, 9→1}"	"{s3:2→1, s3:14→1, s3:2→1, s3:14→1, s3:14→1, s3:2→1, s3:14→1, s3:2→1, s3:14→1, s3:14→1, s3:2→1, s3:14→1, s3:2→1, s3:14→1, s3:2→1, s3:14→1, s3:2→1, s3:14→1, s3:14→1, s3:14→1, s3:14→1}"
12	172	18	111	2	0	0	0	0	0	1	0	"{s1:12→1, s1:12→1 / s2:1→1 / s3:1→2, s1:12→1 / s2:1→1 / s3:1→2, 3→1, s1:12→1 / s2:1→1 / s3:1→3, s1:12→1 / s2:1→1 / s3:1→3, 3→1, s1:12→1 / s2:1→1 / s3:1→4, s1:12→1 / s2:1→1 / s3:1→4, 3→1, s1:12→1 / s2:1→1 / s3:1→4, 9→1, s1:12→1 / s2:1→1 / s3:1→5, s1:12→1 / s3:1→1, s1:12→1 / s3:1→1, s1:12→1 / s3:1→1, 3→1, s1:12→1 / s3:1→1, 9→1, s1:12→1 / s3:1→2, s1:12→1 / s3:1→2, 3→1, s1:12→1 / s3:1→2, 9→1, s1:12→1 / s3:1→3, s1:12→1 / s3:1→3, 3→1, s1:12→1 / s3:1→3, 9→1, s1:12→1 / s3:1→4, s1:12→1 / s3:1→4, 3→1, s1:12→1 / s3:1→4, 9→1, s1:12→1 / s3:1→5}"	"{s2:2→1 / s3:2→1, s2:2→1 / s3:10→1, s2:2→1 / s3:10→1, s2:2→1 / s3:10→1, s2:2→1 / s3:10→1, s2:2→1 / s3:10→1, s2:2→1 / s3:10→1, s2:2→1 / s3:2→1, s2:2→1 / s3:10→1, s2:2→1 / s3:10→1, s2:2→1 / s3:2→1, s2:2→1 / s3:10→1, s2:2→1 / s3:2→1, s2:2→1 / s3:10→1, s2:2→1 / s3:10→1, s2:2→1 / s3:2→1, s2:2→1 / s3:10→1, s2:2→1 / s3:10→1, s2:2→1 / s3:2→1, s2:2→1 / s3:10→1, s2:2→1 / s3:10→1, s2:2→1 / s3:2→1, s2:2→1 / s3:10→1}"
12	172	18	112	1	0	1	0	0	1	0	0	"{s1:12→1 / s2:1→1 / s3:1→1, s1:12→1 / s2:1→1 / s3:1→1, 3→1, s1:12→1 / s2:1→1 / s3:1→1, 3→2, s1:12→1 / s2:1→1 / s3:1→2, s1:12→1 / s2:1→1 / s3:1→2, 3→1, s1:12→1 / s2:1→1 / s3:3→1, s1:12→1 / s2:1→1 / s3:3→2, s1:12→1 / s2:1→1 / s3:3→3, s1:12→1 / s2:1→1 / s3:3→4}"	"{s3:10→1, s3:10→1, s3:10→1, s3:10→1, s3:10→1, s3:10→1, s3:10→1, s3:10→1, s3:10→1}"
12	172	18	113	1	0	1	0	0	1	0	0	"{s1:12→1 / s2:1→1, s1:12→1 / s2:1→1 / s3:1→1, 9→1, s1:12→1 / s2:1→1 / s3:3→1, 9→1, s1:12→1 / s2:1→1 / s3:9→1}"	"{s3:2→1, s3:2→1, s3:2→1, s3:2→1}"
12	172	18	115	1	0	0	1	1	0	0	0	"{s1:12→1 / s2:1→1, s1:12→1 / s2:1→1 / s3:3→1, s1:12→1 / s2:1→1 / s3:3→1, 12→1, s1:12→1 / s2:1→1 / s3:3→2, s1:1→1 / s2:12→1, s1:1→1 / s2:12→1 / s3:3→1, s1:1→1 / s2:12→1 / s3:3→1, 12→1}"	"{s3:10→1, s3:10→1, s3:10→1, s3:10→1, s3:10→1, s3:10→1, s3:10→1}"
12	172	18	116	1	0	0	1	1	0	0	0	"{s1:12→1 / s2:1→1, s1:12→1 / s2:1→1 / s3:12→1, s1:12→1 / s2:1→1 / s3:3→1, 12→1, s1:12→1 / s2:1→1 / s3:9→1, s1:12→1 / s2:1→1 / s3:9→1, 12→1}"	"{s3:2→1, s3:2→1, s3:2→1, s3:2→1, s3:2→1}"
12	172	18	126	0	2	0	0	0	1	0	0	"{s1:12→1 / s2:1→1 / s3:1→1, s1:12→1 / s2:1→1 / s3:1→1, 3→1, s1:12→1 / s2:3→1 / s3:1→1}"	""
12	172	18	132	1	1	0	0	0	1	0	0	"{s1:12→1 / s2:1→1 / s3:1→1, 3→3, s1:12→1 / s2:1→1 / s3:1→1, 3→4, s1:12→1 / s2:1→1 / s3:1→2, 3→3, s1:12→1 / s2:1→1 / s3:1→3, s1:12→1 / s2:1→1 / s3:1→3, 3→1, s1:12→1 / s2:1→1 / s3:1→3, 3→2, s1:12→1 / s2:1→1 / s3:1→4, s1:12→1 / s2:1→1 / s3:1→4, 3→1, s1:12→1 / s2:1→1 / s3:1→5, s1:12→1 / s2:1→1 / s3:3→1, s1:12→1 / s2:1→1 / s3:3→2, s1:12→1 / s2:1→1 / s3:3→3, s1:12→1 / s2:1→1 / s3:3→4}"	"{s3:10→1, s3:10→1, s3:10→1, s3:10→1, s3:10→1, s3:10→1, s3:10→1, s3:10→1, s3:10→1, s3:10→1, s3:10→1, s3:10→1, s3:10→1}"
12	172	18	133	0	1	1	0	1	0	0	0	"s1:1→1 / s2:12→1 / s3:3→1, 12→1"	""
12	172	18	133	1	1	0	0	0	1	0	0	"{s1:12→1 / s2:1→1 / s3:1→1, 3→1, s1:12→1 / s2:1→1 / s3:1→1, 3→1, s1:12→1 / s2:1→1 / s3:1→1, 3→2, s1:12→1 / s2:1→1 / s3:1→1, 3→3, s1:12→1 / s2:1→1 / s3:1→1, 3→4, s1:12→1 / s2:1→1 / s3:1→1, 9→1, s1:12→1 / s2:1→1 / s3:1→2, 3→2, s1:12→1 / s2:1→1 / s3:1→2, 3→3, s1:12→1 / s2:1→1 / s3:1→4, 9→1, s1:12→1 / s2:1→1 / s3:3→1, s1:12→1 / s2:1→1 / s3:3→1, s1:12→1 / s2:1→1 / s3:3→1, 9→1, s1:12→1 / s2:1→1 / s3:3→1, 9→1, s1:12→1 / s2:1→1 / s3:3→2, s1:12→1 / s2:1→1 / s3:3→3, s1:12→1 / s2:1→1 / s3:3→4, s1:12→1 / s2:1→1 / s3:3→4, 9→1}"	"{s3:14→1, s3:2→1, s3:14→1, s3:14→1, s3:14→1, s3:14→1, s3:14→1, s3:14→1, s3:14→1, s3:14→1, s3:2→1, s3:14→1, s3:2→1, s3:14→1, s3:14→1, s3:14→1, s3:14→1}"
12	172	18	139	1	0	1	0	1	0	0	0	"{s1:12→1 / s2:1→1 / s3:1→1, 12→1, s1:12→1 / s2:1→1 / s3:1→1, 3→2, s1:12→1 / s2:1→1 / s3:1→1, 3→3, s1:12→1 / s2:1→1 / s3:1→1, 3→4, s1:12→1 / s2:1→1 / s3:1→2, s1:12→1 / s2:1→1 / s3:1→2, 3→1, s1:12→1 / s2:1→1 / s3:1→2, 3→2, s1:12→1 / s2:1→1 / s3:1→2, 3→3, s1:12→1 / s2:1→1 / s3:1→3, 3→1, s1:12→1 / s2:1→1 / s3:1→3, 3→2, s1:12→1 / s2:1→1 / s3:3→3, s1:12→1 / s2:1→1 / s3:3→4, s1:1→1 / s2:12→1 / s3:3→2, 12→1, s1:1→1 / s2:12→1 / s3:3→3, 12→2}"	"{s3:10→1, s3:10→1, s3:10→1, s3:10→1, s3:10→1, s3:10→1, s3:10→1, s3:10→1, s3:10→1, s3:10→1, s3:10→1, s3:10→1, s3:10→1, s3:10→1}"
12	172	18	139	2	0	0	0	0	1	0	0	"{s1:12→1 / s2:1→1 / s3:1→4, s1:12→1 / s2:1→1 / s3:1→4, 3→1, s1:12→1 / s2:1→1 / s3:1→4, 9→1, s1:12→1 / s2:1→1 / s3:1→5, s1:12→1 / s2:3→1, s1:12→1 / s3:1→1, s1:12→1 / s3:1→5}"	"{s2:2→1 / s3:10→1, s2:2→1 / s3:10→1, s2:2→1 / s3:2→1, s2:2→1 / s3:10→1, s2:10→1 / s3:2→1, s2:2→1 / s3:2→1, s2:2→1 / s3:10→1}"
12	172	18	141	1	0	0	2	0	0	0	0	"{s1:12→1 / s2:1→1 / s3:3→1, 12→3, s1:12→1 / s2:1→1 / s3:3→4, 12→1}"	"{s3:10→1, s3:10→1}"
12	172	18	142	1	0	0	2	0	0	0	0	"{s1:12→1 / s2:1→1 / s3:12→2, s1:12→1 / s2:1→1 / s3:9→1, 12→2}"	"{s3:2→1, s3:2→1}"
12	172	18	153	0	2	0	0	1	0	0	0	"s1:12→1 / s2:3→1 / s3:1→1"	""
12	172	18	159	1	1	0	0	1	0	0	0	"{s1:12→1 / s2:1→1 / s3:1→3, s1:12→1 / s2:1→1 / s3:1→4, 3→1, s1:1→1 / s2:12→1 / s3:12→1, s1:1→1 / s2:12→1 / s3:3→2, 12→2}"	"{s3:10→1, s3:10→1, s3:10→1, s3:10→1}"
12	172	18	160	1	1	0	0	1	0	0	0	"{s1:12→1 / s2:1→1 / s3:1→1, 9→1, 12→1, s1:12→1 / s2:1→1 / s3:1→4, 12→1, s1:12→1 / s2:1→1 / s3:3→1, s1:12→1 / s2:1→1 / s3:3→1, 9→1, 12→1, s1:1→1 / s2:12→1 / s3:9→1, 12→2}"	"{s3:2→1, s3:14→1, s3:14→1, s3:2→1, s3:14→1}"
12	172	18	165	1	0	1	1	0	0	0	0	"{s1:12→1 / s2:1→1 / s3:1→2, 12→3, s1:12→1 / s2:1→1 / s3:3→1, 12→2, s1:12→1 / s2:1→1 / s3:3→2, s1:1→1 / s2:12→1 / s3:3→1, 12→4}"	"{s3:10→1, s3:10→1, s3:10→1, s3:10→1}"
12	172	18	166	1	0	1	1	0	0	0	0	"{s1:12→1 / s2:1→1 / s3:1→1, 12→3, s1:12→1 / s2:1→1 / s3:1→1, 9→1, 12→3, s1:12→1 / s2:1→1 / s3:9→1, 12→1, s1:1→1 / s2:12→1 / s3:3→1, 12→1, s1:1→1 / s2:12→1 / s3:9→1, 12→3}"	"{s3:2→1, s3:2→1, s3:2→1, s3:2→1, s3:2→1}"
12	172	18	166	2	0	0	0	1	0	0	0	"{s1:12→1 / s3:12→1, s1:12→1 / s3:1→2, 12→1, s1:12→1 / s3:1→5}"	"{s2:10→1 / s3:2→1, s2:2→1 / s3:10→1, s2:2→1 / s3:10→1}"
12	172	19	78	0	1	1	0	0	0	1	0	"s1:12→1 / s2:1→1 / s3:3→1"	""
12	172	19	84	1	0	1	0	0	0	1	0	"{s1:12→1 / s2:1→1 / s3:1→1, s1:12→1 / s2:1→1 / s3:1→1, 3→1, s1:12→1 / s2:1→1 / s3:1→1, 3→2, s1:12→1 / s2:1→1 / s3:1→2, s1:12→1 / s2:1→1 / s3:1→2, 3→1, s1:12→1 / s2:1→1 / s3:1→3, s1:12→1 / s2:1→1 / s3:1→4, s1:12→1 / s2:1→1 / s3:3→1, s1:12→1 / s2:1→1 / s3:3→2, s1:12→1 / s2:1→1 / s3:3→3, s1:12→1 / s2:1→1 / s3:3→4}"	"{s3:10→1, s3:10→1, s3:10→1, s3:10→1, s3:10→1, s3:10→1, s3:10→1, s3:10→1, s3:10→1, s3:10→1, s3:10→1}"
12	172	19	85	1	0	1	0	0	0	1	0	"{s1:12→1 / s2:1→1, s1:12→1 / s2:1→1 / s3:1→1, 3→1, s1:12→1 / s2:1→1 / s3:1→1, 9→1, s1:12→1 / s2:1→1 / s3:3→1, s1:12→1 / s2:1→1 / s3:3→1, 9→1, s1:12→1 / s2:1→1 / s3:9→1}"	"{s3:2→1, s3:2→1, s3:2→1, s3:2→1, s3:2→1, s3:2→1}"
12	172	19	88	1	0	0	1	0	1	0	0	"{s1:12→1 / s2:1→1, s1:12→1 / s2:1→1 / s3:3→1}"	"{s3:10→1, s3:10→1}"
12	172	19	89	1	0	0	0	2	0	0	0	"{s1:12→1 / s2:1→1, s1:12→1 / s2:1→1 / s3:3→1, s1:12→1 / s2:1→1 / s3:3→2}"	"{s3:10→1, s3:10→1, s3:10→1}"
12	172	19	89	1	0	0	1	0	1	0	0	"{s1:12→1 / s2:1→1, s1:12→1 / s2:1→1 / s3:9→1}"	"{s3:2→1, s3:2→1}"
12	172	19	98	0	2	0	0	0	0	1	0	"{s1:12→1 / s2:1→1, 3→1 / s3:1→2, s1:12→1 / s2:1→1 / s3:1→1, s1:12→1 / s2:1→1 / s3:1→1, 3→1, s1:12→1 / s2:1→1 / s3:1→2, 3→1, s1:12→1 / s2:3→1 / s3:1→1}"	""
12	172	19	104	1	1	0	0	0	0	1	0	"{s1:12→1 / s2:1→1 / s3:1→4, s1:12→1 / s2:1→1 / s3:1→5, s1:12→1 / s2:1→1 / s3:3→1, s1:12→1 / s2:1→1 / s3:3→3, s1:12→1 / s2:1→1 / s3:3→4, s1:12→1 / s2:1→2 / s3:1→4}"	"{s3:10→1, s3:10→1, s3:10→1, s3:10→1, s3:10→1, s3:10→1}"
12	172	19	105	1	1	0	0	0	0	1	0	"{s1:12→1 / s2:1→1 / s3:1→1, s1:12→1 / s2:1→1 / s3:1→1, s1:12→1 / s2:1→1 / s3:1→1, 3→1, s1:12→1 / s2:1→1 / s3:1→1, 3→1, s1:12→1 / s2:1→1 / s3:1→1, 3→2, s1:12→1 / s2:1→1 / s3:1→1, 3→3, s1:12→1 / s2:1→1 / s3:1→1, 3→4, s1:12→1 / s2:1→1 / s3:1→1, 9→1, s1:12→1 / s2:1→1 / s3:1→2, s1:12→1 / s2:1→1 / s3:1→2, 3→1, s1:12→1 / s2:1→1 / s3:1→2, 3→1, s1:12→1 / s2:1→1 / s3:1→2, 3→2, s1:12→1 / s2:1→1 / s3:1→2, 3→3, s1:12→1 / s2:1→1 / s3:1→3, 3→1, s1:12→1 / s2:1→1 / s3:1→3, 3→1, s1:12→1 / s2:1→1 / s3:1→3, 3→2, s1:12→1 / s2:1→1 / s3:1→4, 3→1, s1:12→1 / s2:1→1 / s3:1→4, 3→1, s1:12→1 / s2:1→1 / s3:3→1, s1:12→1 / s2:1→1 / s3:3→1, 9→1, s1:12→1 / s2:1→1 / s3:3→1, 9→1, s1:12→1 / s2:1→1 / s3:3→2, s1:12→1 / s2:1→1 / s3:3→3, s1:12→1 / s2:1→1 / s3:3→4, s1:12→1 / s2:1→2, s1:12→1 / s2:1→2 / s3:1→1, 3→1, s1:12→1 / s2:1→2 / s3:1→2, 3→1}"	"{s3:14→1, s3:2→1, s3:14→1, s3:2→1, s3:14→1, s3:14→1, s3:14→1, s3:14→1, s3:2→1, s3:14→1, s3:2→1, s3:14→1, s3:14→1, s3:14→1, s3:2→1, s3:14→1, s3:14→1, s3:2→1, s3:2→1, s3:14→1, s3:2→1, s3:14→1, s3:14→1, s3:14→1, s3:2→1, s3:14→1, s3:2→1}"
12	172	19	106	0	1	1	0	0	1	0	0	"{s1:12→1 / s2:1→1 / s3:1→1, s1:12→1 / s2:1→1 / s3:3→1}"	""
12	172	19	111	2	0	0	0	0	0	1	0	"{s1:12→1 / s2:1→1 / s3:1→1, s1:12→1 / s2:1→1 / s3:1→2, s1:12→1 / s2:1→1 / s3:1→3, s1:12→1 / s2:1→2 / s3:1→2, s1:12→1 / s2:1→2 / s3:1→3, s1:12→1 / s2:1→2 / s3:1→5, s1:12→1 / s2:1→3 / s3:1→3, s1:12→1 / s2:3→1, s1:12→1 / s3:1→2, s1:12→1 / s3:1→3}"	"{s2:2→1 / s3:2→1, s2:2→1 / s3:2→1, s2:2→1 / s3:2→1, s2:2→1 / s3:2→1, s2:2→1 / s3:2→1, s2:2→1 / s3:10→1, s2:2→1 / s3:2→1, s2:10→1 / s3:2→1, s2:2→1 / s3:2→1, s2:2→1 / s3:2→1}"
12	172	19	112	1	0	1	0	0	1	0	0	"{s1:12→1 / s2:1→1 / s3:1→3, s1:12→1 / s2:1→1 / s3:1→4}"	"{s3:10→1, s3:10→1}"
12	172	19	113	1	0	1	0	0	1	0	0	"{s1:12→1 / s2:1→1 / s3:1→1, 3→1, s1:12→1 / s2:1→1 / s3:3→1}"	"{s3:2→1, s3:2→1}"
12	172	19	115	1	0	0	1	1	0	0	0	"{s1:12→1 / s2:1→1 / s3:3→3, s1:12→1 / s2:1→1 / s3:3→4}"	"{s3:10→1, s3:10→1}"
12	172	19	126	0	2	0	0	0	1	0	0	"s1:12→1 / s2:1→1 / s3:1→2, 3→1"	""
12	172	19	133	0	1	1	0	1	0	0	0	"s1:12→1 / s2:1→1 / s3:3→1"	""
12	172	19	133	1	1	0	0	0	1	0	0	"{s1:12→1 / s2:1→1 / s3:1→1, s1:12→1 / s2:1→1 / s3:1→2, 3→1, s1:12→1 / s2:1→1 / s3:1→2, 3→1, s1:12→1 / s2:1→1 / s3:1→3, 3→1, s1:12→1 / s2:1→1 / s3:1→3, 3→1, s1:12→1 / s2:1→1 / s3:1→3, 3→2, s1:12→1 / s2:1→1 / s3:1→4, 3→1}"	"{s3:2→1, s3:14→1, s3:2→1, s3:14→1, s3:2→1, s3:14→1, s3:2→1}"
12	172	19	139	1	0	1	0	1	0	0	0	"{s1:12→1 / s2:1→1 / s3:1→3, s1:12→1 / s2:1→1 / s3:1→4, 3→1, s1:1→1 / s2:12→1 / s3:12→1}"	"{s3:10→1, s3:10→1, s3:10→1}"
12	172	19	139	2	0	0	0	0	1	0	0	"{s1:12→1 / s2:1→1 / s3:1→1, s1:12→1 / s3:1→2}"	"{s2:2→1 / s3:2→1, s2:2→1 / s3:2→1}"
12	172	19	140	1	0	1	0	1	0	0	0	"s1:12→1 / s2:1→1 / s3:9→1, 12→1"	"s3:2→1"
12	172	19	141	1	0	0	2	0	0	0	0	"s1:12→1 / s2:1→1 / s3:3→2"	"s3:10→1"
12	172	19	142	1	0	0	2	0	0	0	0	"s1:12→1 / s2:1→1 / s3:9→1, 12→3"	"s3:2→1"
12	172	19	159	1	1	0	0	1	0	0	0	"{s1:12→1 / s2:1→1 / s3:1→4, s1:1→1 / s2:3→1, 12→1}"	"{s3:10→1, s3:10→1}"
12	172	19	160	1	1	0	0	1	0	0	0	"{s1:12→1 / s2:1→1 / s3:3→1, s1:12→1 / s2:1→1 / s3:9→1, s1:1→1 / s2:12→1 / s3:3→2, 12→2}"	"{s3:2→1, s3:2→1, s3:14→1}"
12	172	19	165	1	0	1	1	0	0	0	0	"{s1:12→1 / s2:1→1 / s3:1→1, 3→2, s1:12→1 / s2:1→1 / s3:1→2, s1:1→1 / s2:12→1 / s3:3→1}"	"{s3:10→1, s3:10→1, s3:10→1}"
12	172	19	166	2	0	0	0	1	0	0	0	"s1:12→1 / s3:9→1"	"s2:2→1 / s3:2→1"
12	172	20	54	0	1	0	1	0	0	1	0	"s1:12→1 / s2:1→1 / s3:3→1"	""
12	172	20	60	1	0	0	1	0	0	1	0	"{s1:12→1 / s2:1→1, s1:12→1 / s2:1→1 / s3:3→1}"	"{s3:10→1, s3:10→1}"
12	172	20	61	1	0	0	1	0	0	1	0	"{s1:12→1 / s2:1→1, s1:12→1 / s2:1→1 / s3:3→1, s1:12→1 / s2:1→1 / s3:9→1}"	"{s3:2→1, s3:2→1, s3:2→1}"
12	172	20	62	1	0	0	0	1	1	0	0	"s1:12→1 / s2:1→1"	"s3:10→1"
12	172	20	78	0	1	1	0	0	0	1	0	"s1:12→1 / s2:1→1 / s3:1→1"	""
12	172	20	82	0	1	0	1	0	1	0	0	"s1:12→1 / s2:1→1 / s3:3→1"	""
12	172	20	85	1	0	1	0	0	0	1	0	"s1:12→1 / s2:1→1 / s3:1→1"	"s3:2→1"
12	172	20	89	1	0	0	1	0	1	0	0	"s1:12→1 / s2:1→1 / s3:3→1"	"s3:2→1"
12	172	20	104	1	1	0	0	0	0	1	0	"{s1:12→1 / s2:1→2 / s3:1→3, s1:12→1 / s2:1→2 / s3:1→4, 3→1, s1:12→1 / s2:1→2 / s3:1→5}"	"{s3:10→1, s3:10→1, s3:10→1}"
12	172	20	105	1	1	0	0	0	0	1	0	"{s1:12→1 / s2:1→1 / s3:1→3, s1:12→1 / s2:1→1 / s3:1→4, s1:12→1 / s2:1→1 / s3:1→5, s1:12→1 / s2:1→2 / s3:1→1, s1:12→1 / s2:1→2 / s3:1→1, 3→1, s1:12→1 / s2:1→2 / s3:1→2, s1:12→1 / s2:1→2 / s3:1→3, s1:12→1 / s2:1→2 / s3:1→3, 3→1, s1:12→1 / s2:1→2 / s3:1→4, s1:12→1 / s2:1→2 / s3:1→4, 3→1}"	"{s3:2→1, s3:2→1, s3:2→1, s3:2→1, s3:2→1, s3:2→1, s3:2→1, s3:2→1, s3:2→1, s3:2→1}"
12	172	20	109	0	1	0	1	1	0	0	0	"s1:12→1 / s2:1→1 / s3:3→1"	""
12	172	20	111	2	0	0	0	0	0	1	0	"{s1:12→1 / s2:1→1 / s3:1→4, s1:12→1 / s2:1→1 / s3:1→5, s1:12→1 / s2:1→2 / s3:1→4, s1:12→1 / s2:1→2 / s3:1→5, s1:12→1 / s2:1→3 / s3:1→4, s1:12→1 / s2:1→3 / s3:1→5, s1:12→1 / s2:1→4 / s3:1→4, s1:12→1 / s2:1→4 / s3:1→5, s1:12→1 / s2:1→5 / s3:1→5, s1:12→1 / s3:1→4, s1:12→1 / s3:1→5}"	"{s2:2→1 / s3:2→1, s2:2→1 / s3:2→1, s2:2→1 / s3:2→1, s2:2→1 / s3:2→1, s2:2→1 / s3:2→1, s2:2→1 / s3:2→1, s2:2→1 / s3:2→1, s2:2→1 / s3:2→1, s2:2→1 / s3:2→1, s2:2→1 / s3:2→1, s2:2→1 / s3:2→1}"
12	172	20	113	1	0	1	0	0	1	0	0	"s1:12→1 / s2:1→1 / s3:1→1"	"s3:2→1"
12	172	20	115	1	0	0	1	1	0	0	0	"{s1:1→1 / s2:12→1 / s3:12→1, s1:1→1 / s2:12→1 / s3:3→2}"	"{s3:10→1, s3:10→1}"
12	172	20	133	1	1	0	0	0	1	0	0	"{s1:12→1 / s2:1→1 / s3:1→4, 3→1, s1:12→1 / s2:1→1 / s3:9→1}"	"{s3:14→1, s3:2→1}"
12	172	20	139	1	0	1	0	1	0	0	0	"{s1:12→1 / s2:1→1 / s3:1→4, s1:1→1 / s2:12→1 / s3:3→1}"	"{s3:10→1, s3:10→1}"
12	172	20	139	2	0	0	0	0	1	0	0	"{s1:12→1 / s2:1→1 / s3:1→2, s1:12→1 / s2:1→1 / s3:1→2, 3→1, s1:12→1 / s2:1→2 / s3:1→2, s1:12→1 / s3:9→1}"	"{s2:2→1 / s3:2→1, s2:2→1 / s3:10→1, s2:2→1 / s3:2→1, s2:2→1 / s3:2→1}"
12	172	20	140	1	0	1	0	1	0	0	0	"s1:12→1 / s2:1→1 / s3:3→1"	"s3:2→1"
12	172	20	153	0	2	0	0	1	0	0	0	"{s1:12→1 / s2:1→1 / s3:1→1, s1:12→1 / s2:1→1 / s3:1→1, 3→1, s1:1→1 / s2:12→1 / s3:12→1, s1:1→1 / s2:12→1 / s3:3→1, 12→1}"	""
12	172	20	160	1	1	0	0	1	0	0	0	"{s1:12→1 / s2:1→1 / s3:1→1, 3→3, s1:12→1 / s2:1→1 / s3:1→1, 3→4, s1:12→1 / s2:1→1 / s3:1→1, 9→1, 12→1, s1:12→1 / s2:1→1 / s3:3→1, 9→1, 12→1, s1:12→1 / s2:1→1 / s3:3→2, s1:12→1 / s2:1→1 / s3:3→3, s1:12→1 / s2:1→1 / s3:3→4, s1:1→1 / s2:12→1 / s3:9→1, 12→3}"	"{s3:14→1, s3:14→1, s3:14→1, s3:14→1, s3:14→1, s3:14→1, s3:14→1, s3:14→1}"
12	172	20	165	1	0	1	1	0	0	0	0	"{s1:12→1 / s2:1→1 / s3:3→3, s1:1→1 / s2:12→1 / s3:3→3, 12→1}"	"{s3:10→1, s3:10→1}"
12	172	20	166	1	0	1	1	0	0	0	0	"s1:1→1 / s2:12→1 / s3:9→1, 12→4"	"s3:2→1"
12	172	20	166	2	0	0	0	1	0	0	0	"s1:12→1 / s3:1→1, 9→1, 12→1"	"s2:2→1 / s3:2→1"
12	172	21	34	1	0	0	0	1	0	1	0	"s1:12→1 / s2:1→1"	"s3:10→1"
12	172	21	83	0	1	0	0	2	0	0	0	"s1:12→1 / s2:1→1 / s3:3→1"	""
12	172	21	89	1	0	0	0	2	0	0	0	"s1:12→1 / s2:1→1 / s3:12→1"	"s3:10→1"
12	172	21	98	0	2	0	0	0	0	1	0	"{s1:12→1 / s2:1→1 / s3:1→2, s1:12→1 / s2:1→1 / s3:1→3}"	""
12	172	21	104	1	1	0	0	0	0	1	0	"s1:12→1 / s2:1→2 / s3:1→3, 3→1"	"s3:10→1"
12	172	21	105	1	1	0	0	0	0	1	0	"{s1:12→1 / s2:1→1 / s3:1→2, s1:12→1 / s2:1→1 / s3:1→3, s1:12→1 / s2:1→1 / s3:1→4, s1:12→1 / s2:1→1 / s3:9→1, s1:12→1 / s2:1→2 / s3:1→1, s1:12→1 / s2:1→3 / s3:1→1}"	"{s3:14→1, s3:14→1, s3:14→1, s3:2→1, s3:14→1, s3:2→1}"
12	172	21	111	2	0	0	0	0	0	1	0	"s1:12→1 / s3:9→1"	"s2:2→1 / s3:2→1"
12	172	21	116	1	0	0	1	1	0	0	0	"s1:12→1 / s2:1→1 / s3:3→1"	"s3:2→1"
12	172	21	126	0	2	0	0	0	1	0	0	"s1:12→1 / s2:1→1, 3→1 / s3:1→2"	""
12	172	21	132	1	1	0	0	0	1	0	0	"{s1:12→1 / s2:1→2 / s3:1→4, s1:12→1 / s2:1→2 / s3:1→5}"	"{s3:10→1, s3:10→1}"
12	172	21	133	0	1	1	0	1	0	0	0	"{s1:12→1 / s2:1→1 / s3:1→1, s1:12→1 / s2:1→1 / s3:1→1, 3→1, s1:1→1 / s2:12→1 / s3:12→1}"	""
12	172	21	133	1	1	0	0	0	1	0	0	"{s1:12→1 / s2:1→1 / s3:1→1, s1:12→1 / s2:1→1 / s3:1→2, s1:12→1 / s2:1→2, s1:12→1 / s2:1→2 / s3:1→1, s1:12→1 / s2:1→2 / s3:1→1, 3→1, s1:12→1 / s2:1→2 / s3:1→2, 3→1, s1:12→1 / s2:1→2 / s3:1→3, 3→1, s1:12→1 / s2:1→2 / s3:1→4, 3→1}"	"{s3:14→1, s3:2→1, s3:2→1, s3:2→1, s3:14→1, s3:2→1, s3:2→1, s3:2→1}"
12	172	21	139	1	0	1	0	1	0	0	0	"{s1:12→1 / s2:1→1, s1:1→1 / s2:12→1 / s3:3→3, 12→1}"	"{s3:10→1, s3:10→1}"
12	172	21	139	2	0	0	0	0	1	0	0	"{s1:12→1 / s2:1→1 / s3:1→3, s1:12→1 / s2:1→2 / s3:1→3}"	"{s2:2→1 / s3:2→1, s2:2→1 / s3:2→1}"
12	172	21	141	1	0	0	2	0	0	0	0	"s1:12→1 / s2:1→1 / s3:3→3"	"s3:10→1"
12	172	21	142	1	0	0	2	0	0	0	0	"{s1:12→1 / s2:1→1, s1:12→1 / s2:1→1 / s3:12→3}"	"{s3:2→1, s3:2→1}"
12	172	21	159	1	1	0	0	1	0	0	0	"s1:12→1 / s2:1→1 / s3:1→5"	"s3:10→1"
12	172	21	160	1	1	0	0	1	0	0	0	"{s1:12→1 / s2:1→1 / s3:1→1, 3→1, s1:12→1 / s2:1→1 / s3:1→1, 3→2, s1:12→1 / s2:1→1 / s3:1→2, 3→3}"	"{s3:2→1, s3:14→1, s3:14→1}"
12	172	22	84	1	0	1	0	0	0	1	0	"s1:12→1 / s2:1→1"	"s3:10→1"
12	172	22	105	1	1	0	0	0	0	1	0	"{s1:12→1 / s2:1→1 / s3:1→5, s1:12→1 / s2:1→2 / s3:3→1, s1:12→1 / s2:1→3}"	"{s3:14→1, s3:14→1, s3:2→1}"
12	172	22	112	1	0	1	0	0	1	0	0	"s1:12→1 / s2:1→1"	"s3:10→1"
12	172	22	115	1	0	0	1	1	0	0	0	"s1:1→1 / s2:12→1 / s3:3→3"	"s3:10→1"
12	172	22	133	1	1	0	0	0	1	0	0	"s1:12→1 / s2:1→1 / s3:1→3"	"s3:2→1"
12	172	22	139	2	0	0	0	0	1	0	0	"{s1:12→1 / s2:1→3 / s3:1→3, s1:12→1 / s3:1→3}"	"{s2:2→1 / s3:2→1, s2:2→1 / s3:2→1}"
12	172	22	140	1	0	1	0	1	0	0	0	"s1:12→1 / s2:1→1 / s3:1→1, 3→1"	"s3:2→1"
12	172	22	160	1	1	0	0	1	0	0	0	"{s1:12→1 / s2:1→1 / s3:12→1, s1:12→1 / s2:1→1 / s3:1→1, 3→1}"	"{s3:2→1, s3:14→1}"
12	172	23	126	0	2	0	0	0	1	0	0	"s1:12→1 / s2:1→1 / s3:1→2"	""
12	172	23	132	1	1	0	0	0	1	0	0	"s1:12→1 / s2:1→2 / s3:1→4, 3→1"	"s3:10→1"
12	172	23	133	1	1	0	0	0	1	0	0	"{s1:12→1 / s2:1→2 / s3:1→1, 3→1, s1:12→1 / s2:1→2 / s3:1→2}"	"{s3:2→1, s3:2→1}"
12	172	23	139	2	0	0	0	0	1	0	0	"{s1:12→1 / s2:1→1 / s3:1→4, s1:12→1 / s2:1→2 / s3:1→4, s1:12→1 / s2:1→3 / s3:1→4}"	"{s2:2→1 / s3:2→1, s2:2→1 / s3:2→1, s2:2→1 / s3:2→1}"
12	172	23	159	1	1	0	0	1	0	0	0	"s1:12→1 / s2:1→1 / s3:3→1, 12→1"	"s3:10→1"
12	172	23	160	1	1	0	0	1	0	0	0	"s1:12→1 / s2:1→1 / s3:1→2, 3→2"	"s3:14→1"
12	172	24	105	1	1	0	0	0	0	1	0	"{s1:12→1 / s2:1→2 / s3:1→4, 9→1, s1:12→1 / s2:1→4}"	"{s3:2→1, s3:2→1}"
12	172	24	132	1	1	0	0	0	1	0	0	"s1:12→1 / s2:1→2 / s3:1→3"	"s3:10→1"
12	172	24	133	1	1	0	0	0	1	0	0	"{s1:12→1 / s2:1→1 / s3:1→4, s1:12→1 / s2:1→2 / s3:1→3}"	"{s3:2→1, s3:2→1}"
12	172	24	139	2	0	0	0	0	1	0	0	"{s1:12→1 / s2:1→3 / s3:1→5, s1:12→1 / s2:1→4 / s3:1→4}"	"{s2:2→1 / s3:2→1, s2:2→1 / s3:2→1}"
12	172	24	141	1	0	0	2	0	0	0	0	"s1:12→1 / s2:1→1 / s3:3→4"	"s3:10→1"
12	172	24	160	1	1	0	0	1	0	0	0	"s1:1→1 / s2:12→1 / s3:9→1, 12→4"	"s3:14→1"
12	172	24	165	1	0	1	1	0	0	0	0	"s1:12→1 / s2:1→1 / s3:3→4"	"s3:10→1"
12	172	25	115	1	0	0	1	1	0	0	0	"s1:1→1 / s2:12→1 / s3:3→4"	"s3:10→1"
12	172	25	139	2	0	0	0	0	1	0	0	"{s1:12→1 / s2:1→2 / s3:1→5, s1:12→1 / s2:1→4 / s3:1→5, s1:12→1 / s2:1→5 / s3:1→5}"	"{s2:2→1 / s3:2→1, s2:2→1 / s3:2→1, s2:2→1 / s3:2→1}"
12	172	26	133	1	1	0	0	0	1	0	0	"{s1:12→1 / s2:1→1 / s3:1→5, s1:12→1 / s2:1→2 / s3:1→4}"	"{s3:2→1, s3:2→1}"
12	172	26	159	1	1	0	0	1	0	0	0	"s1:1→1 / s2:12→1 / s3:12→2"	"s3:10→1"
12	172	26	160	1	1	0	0	1	0	0	0	"s1:1→1 / s2:12→1 / s3:3→2, 9→1, 12→1"	"s3:14→1"
12	172	27	105	1	1	0	0	0	0	1	0	"s1:12→1 / s2:1→5"	"s3:2→1"
12	172	27	133	1	1	0	0	0	1	0	0	"s1:12→1 / s2:1→2 / s3:1→1"	"s3:14→1"
12	172	27	139	1	0	1	0	1	0	0	0	"s1:1→1 / s2:12→1 / s3:12→2"	"s3:10→1"
12	172	27	139	2	0	0	0	0	1	0	0	"{s1:12→1 / s2:1→1 / s3:1→5, s1:12→1 / s3:1→4}"	"{s2:2→1 / s3:2→1, s2:2→1 / s3:2→1}"
12	172	27	153	0	2	0	0	1	0	0	0	"s1:12→1 / s2:1→1 / s3:1→2, 3→1"	""
12	172	27	160	1	1	0	0	1	0	0	0	"{s1:12→1 / s2:1→1 / s3:1→2, 3→1, s1:12→1 / s2:1→1 / s3:1→3, 3→2}"	"{s3:2→1, s3:14→1}"
12	172	28	115	1	0	0	1	1	0	0	0	"s1:1→1 / s2:12→1 / s3:12→2"	"s3:10→1"
12	172	28	133	1	1	0	0	0	1	0	0	"{s1:12→1 / s2:1→1 / s3:1→2, s1:12→1 / s2:1→3 / s3:1→1}"	"{s3:14→1, s3:2→1}"
12	172	28	159	1	1	0	0	1	0	0	0	"s1:12→1 / s2:1→1 / s3:1→1, 12→1"	"s3:10→1"
12	172	29	126	0	2	0	0	0	1	0	0	"s1:12→1 / s2:1→1 / s3:1→3"	""
12	172	33	140	1	0	1	0	1	0	0	0	"s1:12→1 / s2:1→1 / s3:1→1"	"s3:2→1"
12	172	35	109	0	1	0	1	1	0	0	0	"s1:1→1 / s2:12→1 / s3:3→1"	""
12	172	35	133	1	1	0	0	0	1	0	0	"s1:12→1 / s2:1→1 / s3:1→3"	"s3:14→1"
12	172	36	135	0	1	0	2	0	0	0	0	"s1:12→1 / s2:1→1 / s3:3→1"	""
12	172	37	139	2	0	0	0	0	1	0	0	"s1:12→1 / s3:1→5"	"s2:2→1 / s3:2→1"
12	172	40	133	1	1	0	0	0	1	0	0	"s1:12→1 / s2:1→1 / s3:1→4"	"s3:14→1"
12	172	40	139	2	0	0	0	0	1	0	0	"s1:12→1 / s2:1→2 / s3:1→5"	"s2:2→1 / s3:10→1"
12	172	41	105	1	1	0	0	0	0	1	0	"s1:12→1 / s2:1→2 / s3:1→1, 3→2"	"s3:14→1"
12	172	43	133	1	1	0	0	0	1	0	0	"s1:12→1 / s2:1→1 / s3:1→5"	"s3:14→1"
12	172	49	133	1	1	0	0	0	1	0	0	"s1:12→1 / s2:1→3"	"s3:2→1"
12	172	51	139	1	0	1	0	1	0	0	0	"s1:1→1 / s2:12→1 / s3:3→4, 12→1"	"s3:10→1"
12	172	52	153	0	2	0	0	1	0	0	0	"s1:12→1 / s2:1→1 / s3:1→3, 3→1"	""
12	172	55	111	2	0	0	0	0	0	1	0	"s1:12→1 / s2:1→2 / s3:1→4"	"s2:2→1 / s3:10→1"
12	172	59	115	1	0	0	1	1	0	0	0	"s1:1→1 / s2:12→1 / s3:12→3"	"s3:10→1"
12	172	60	139	1	0	1	0	1	0	0	0	"s1:1→1 / s2:12→1 / s3:12→3"	"s3:10→1"
12	172	87	104	1	1	0	0	0	0	1	0	"s1:12→1 / s2:1→2 / s3:1→2"	"s3:10→1"
12	172	95	133	1	1	0	0	0	1	0	0	"s1:12→1 / s2:1→2 / s3:3→1"	"s3:14→1"
12	173	17	131	1	2	0	0	0	0	0	0	"{s2:1→1, s2:1→1, s2:1→1 / s3:10→1, s2:1→1 / s3:1→1, s2:1→1 / s3:1→1, 10→1, s2:1→1 / s3:1→2, 10→1, s2:1→1 / s3:1→3, 10→1, s2:1→1 / s3:1→4, 10→1}"	"{s1:11→1 / s3:6→1, s1:12→1 / s3:6→1, s1:12→1 / s3:6→1, s1:12→1 / s3:6→1, s1:12→1 / s3:6→1, s1:12→1 / s3:6→1, s1:12→1 / s3:6→1, s1:12→1 / s3:6→1}"
12	173	17	132	1	2	0	0	0	0	0	0	"{s2:1→1 / s3:1→1, 10→1, s2:1→1 / s3:1→1, 5→1, s2:1→1 / s3:1→1, 5→1, 10→1, s2:1→1 / s3:5→1, s2:1→1 / s3:5→1, 10→1}"	"{s1:12→1 / s3:14→1, s1:12→1 / s3:14→1, s1:12→1 / s3:14→1, s1:12→1 / s3:14→1, s1:12→1 / s3:14→1}"
12	173	18	111	1	1	1	0	0	0	0	0	"{s1:1→1, s1:1→1, s1:1→1 / s3:10→1}"	"{s2:11→1 / s3:6→1, s2:12→1 / s3:6→1, s2:12→1 / s3:6→1}"
12	173	18	125	0	3	0	0	0	0	0	0	"s2:1→1 / s3:1→1"	"s1:12→1"
12	173	18	131	1	2	0	0	0	0	0	0	"{s2:1→1 / s3:1→2, s2:1→1 / s3:1→3, s2:1→1 / s3:1→4}"	"{s1:12→1 / s3:6→1, s1:12→1 / s3:6→1, s1:12→1 / s3:6→1}"
12	173	18	132	1	2	0	0	0	0	0	0	"s2:1→1 / s3:10→1"	"s1:12→1 / s3:14→1"
12	173	20	132	1	2	0	0	0	0	0	0	"s1:1→1 / s2:1→1"	"s3:6→1"
12	173	21	132	1	2	0	0	0	0	0	0	"s2:1→1 / s3:1→1"	"s1:12→1 / s3:14→1"
12	174	17	132	1	2	0	0	0	0	0	0	"{s2:1→1 / s3:1→1, 5→1, s2:1→1 / s3:1→1, 5→1, 9→1, s2:1→1 / s3:1→1, 9→1, s2:1→1 / s3:5→1, s2:1→1 / s3:5→1, 9→1, s2:1→1 / s3:9→1}"	"{s1:12→1 / s3:14→1, s1:12→1 / s3:14→1, s1:12→1 / s3:14→1, s1:12→1 / s3:14→1, s1:12→1 / s3:14→1, s1:12→1 / s3:14→1}"
12	174	18	125	0	3	0	0	0	0	0	0	"s2:1→1 / s3:1→1"	"s1:12→1"
12	174	21	132	1	2	0	0	0	0	0	0	"s2:1→1 / s3:1→1"	"s1:12→1 / s3:14→1"
12	182	17	130	2	1	0	0	0	0	0	0	"{s2:2→1, s3:6→1}"	"{s1:12→1 / s2:1→1 / s3:1→1, s1:12→1 / s2:7→1 / s3:1→1, s1:12→1 / s2:7→1 / s3:1→1, s1:12→1 / s2:1→1 / s3:1→1}"
12	182	17	137	3	0	0	0	0	0	0	0	"s1:11→1"	"{s1:7→1 / s2:1→1 / s3:1→1, s1:7→1 / s2:1→1 / s3:1→1}"
12	182	18	123	1	2	0	0	0	0	0	0	"s2:2→1"	"s1:12→1 / s3:7→1"
12	186	14	211	1	2	0	0	0	0	0	0	"{s1:12→1 / s2:2→1 / s3:1→1, s1:12→1 / s2:2→1 / s3:1→1, 12→1, s1:2→1 / s2:1→1, 12→1, s1:2→1 / s2:1→1, 12→1 / s3:12→1}"	"{s3:11→1, s3:14→1, s3:11→1, s3:13→1}"
12	186	15	184	0	2	1	0	0	0	0	0	"{s1:2→1 / s2:12→1 / s3:1→1, 12→1, s1:2→1 / s2:12→1 / s3:1→2, 10→1, 12→1, s1:2→1 / s2:1→1, 12→1 / s3:1→1, 10→1, 12→1}"	""
12	186	15	191	1	1	1	0	0	0	0	0	"{s1:12→1 / s2:2→1 / s3:1→1, s1:12→1 / s2:2→1 / s3:1→1, 12→1, s1:12→1 / s2:2→1 / s3:1→1, 2→1, 10→1, s1:12→1 / s2:2→1 / s3:1→1, 2→2, 10→1, s1:12→1 / s2:2→1 / s3:1→1, 2→2, 12→1, s1:12→1 / s2:2→1 / s3:1→2, s1:12→1 / s2:2→1 / s3:1→2, 10→1, s1:12→1 / s2:2→1 / s3:1→2, 12→1, s1:12→1 / s2:2→1 / s3:1→2, 2→1, 10→1, s1:12→1 / s2:2→1 / s3:1→2, 2→1, 10→1, 12→1, s1:12→1 / s2:2→1 / s3:1→2, 2→1, 10→2, s1:12→1 / s2:2→1 / s3:1→2, 2→1, 12→1, s1:12→1 / s2:2→1 / s3:1→2, 2→1, 12→2, s1:12→1 / s2:2→1 / s3:1→2, 2→2, 10→1, s1:12→1 / s2:2→1 / s3:1→3, 10→1, s1:12→1 / s2:2→1 / s3:1→3, 10→1, 12→1, s1:12→1 / s2:2→1 / s3:1→3, 12→1, s1:12→1 / s2:2→1 / s3:1→3, 12→2, s1:12→1 / s2:2→1 / s3:1→3, 2→1, 10→1, s1:12→1 / s2:2→1 / s3:1→3, 2→1, 12→1, s1:12→1 / s2:2→1 / s3:1→4, 10→1, s1:12→1 / s2:2→1 / s3:1→4, 12→1, s1:12→1 / s2:2→1 / s3:2→1, s1:2→1, 12→1 / s2:1→1, s1:2→1, 12→1 / s2:1→1 / s3:12→1, s1:2→1, 12→1 / s2:1→1 / s3:1→1, s1:2→1, 12→1 / s2:1→1 / s3:1→1, 10→1, s1:2→1, 12→1 / s2:1→1 / s3:1→1, 10→1, s1:2→1, 12→1 / s2:1→1 / s3:1→1, 10→1, 12→1, s1:2→1, 12→1 / s2:1→1 / s3:1→1, 10→1, 12→2, s1:2→1, 12→1 / s2:1→1 / s3:1→1, 12→1, s1:2→1, 12→1 / s2:1→1 / s3:1→1, 12→2, s1:2→1, 12→1 / s2:1→1 / s3:1→2, 10→1, s1:2→1, 12→1 / s2:1→1 / s3:1→2, 10→1, 12→1, s1:2→1, 12→1 / s2:1→1 / s3:1→2, 12→1, s1:2→1 / s2:12→1 / s3:1→1, s1:2→1 / s2:12→1 / s3:1→1, 10→1, s1:2→1 / s2:12→1 / s3:1→1, 12→1, s1:2→1 / s2:12→1 / s3:1→2, 10→1, s1:2→1 / s2:12→1 / s3:1→2, 10→1, 12→1, s1:2→1 / s2:12→1 / s3:1→2, 10→1, 12→1, s1:2→1 / s2:12→1 / s3:1→2, 10→2, s1:2→1 / s2:12→1 / s3:1→2, 12→1, s1:2→1 / s2:12→1 / s3:1→2, 12→2, s1:2→1 / s2:12→1 / s3:1→2, 12→2, s1:2→1 / s2:12→1 / s3:1→3, 10→1, 12→1, s1:2→1 / s2:12→1 / s3:1→3, 10→1, 12→1, s1:2→1 / s2:12→1 / s3:1→3, 12→2, s1:2→1 / s2:12→1 / s3:1→3, 12→2, s1:2→1 / s2:1→1, 12→1, s1:2→1 / s2:1→1, 12→1 / s3:12→1, s1:2→1 / s2:1→1, 12→1 / s3:1→1, 10→1, s1:2→1 / s2:1→1, 12→1 / s3:1→1, 10→1, s1:2→1 / s2:1→1, 12→1 / s3:1→1, 10→1, 12→1, s1:2→1 / s2:1→1, 12→1 / s3:1→1, 10→1, 12→2, s1:2→1 / s2:1→1, 12→1 / s3:1→1, 12→1, s1:2→1 / s2:1→1, 12→1 / s3:1→1, 12→2, s1:2→1 / s2:1→1, 12→1 / s3:1→1, 12→2, s1:2→1 / s2:1→1, 12→1 / s3:1→2, 10→1, 12→1, s1:2→1 / s2:1→1, 12→1 / s3:1→2, 10→1, 12→2, s1:2→1 / s2:1→1, 12→1 / s3:1→2, 12→2, s1:2→1 / s2:1→1, 12→1 / s3:1→2, 12→3, s1:2→1 / s2:1→1, 12→1 / s3:1→3, 10→1, 12→1, s1:2→1 / s2:1→1, 12→2, s1:2→1 / s2:1→1, 12→2 / s3:1→1, s1:2→1 / s2:1→1, 12→2 / s3:1→1, 10→1, s1:2→1 / s2:1→1, 12→2 / s3:1→1, 10→1, 12→1, s1:2→1 / s2:1→1, 12→2 / s3:1→1, 10→1, 12→1, s1:2→1 / s2:1→1, 12→2 / s3:1→1, 12→1, s1:2→1 / s2:1→1, 12→2 / s3:1→1, 12→1, s1:2→1 / s2:1→1, 12→2 / s3:1→2, 10→1, 12→1, s1:2→1 / s2:1→1, 12→2 / s3:1→2, 10→1, 12→2, s1:2→1 / s2:1→1, 12→2 / s3:1→2, 12→1, s1:2→1 / s2:1→1, 12→2 / s3:1→2, 12→2, s1:2→1 / s2:1→1, 12→2 / s3:1→2, 12→3, s1:2→1 / s2:1→1, 12→2 / s3:1→3, 12→2, s1:2→1 / s2:1→2, 12→3}"	"{s3:11→1, s3:14→1, s3:14→1, s3:11→1, s3:11→1, s3:11→1, s3:14→1, s3:14→1, s3:11→1, s3:14→1, s3:14→1, s3:11→1, s3:14→1, s3:11→1, s3:11→1, s3:14→1, s3:11→1, s3:14→1, s3:11→1, s3:11→1, s3:11→1, s3:11→1, s3:11→1, s3:11→1, s3:14→1, s3:11→1, s3:11→1, s3:14→1, s3:14→1, s3:14→1, s3:11→1, s3:14→1, s3:11→1, s3:11→1, s3:11→1, s3:11→1, s3:14→1, s3:14→1, s3:11→1, s3:11→1, s3:14→1, s3:14→1, s3:11→1, s3:11→1, s3:14→1, s3:11→1, s3:14→1, s3:11→1, s3:14→1, s3:11→1, s3:14→1, s3:11→1, s3:14→1, s3:14→1, s3:14→1, s3:11→1, s3:11→1, s3:14→1, s3:11→1, s3:11→1, s3:11→1, s3:11→1, s3:11→1, s3:11→1, s3:11→1, s3:14→1, s3:11→1, s3:14→1, s3:11→1, s3:14→1, s3:11→1, s3:11→1, s3:11→1, s3:11→1, s3:11→1, s3:11→1, s3:11→1}"
12	186	16	160	0	2	0	1	0	0	0	0	"{s1:12→1 / s2:2→1 / s3:1→1, s1:12→1 / s2:2→1 / s3:1→1, 2→1, 10→1, s1:12→1 / s2:2→1 / s3:1→2, 2→1, 10→1, s1:12→1 / s2:2→1 / s3:1→3, 10→1}"	""
12	186	16	164	0	1	2	0	0	0	0	0	"{s1:12→1 / s2:2→1 / s3:1→1, 10→1, s1:12→1 / s2:2→1 / s3:1→1, 12→1, s1:12→1 / s2:2→1 / s3:1→2, 10→1, s1:12→1 / s2:2→1 / s3:1→2, 12→1, s1:2→1 / s2:1→1, 12→1 / s3:12→1}"	""
12	186	16	167	1	1	0	1	0	0	0	0	"{s1:12→1 / s2:2→1 / s3:1→1, s1:12→1 / s2:2→1 / s3:1→1, 2→1, s1:12→1 / s2:2→1 / s3:1→1, 2→1, 10→1, s1:12→1 / s2:2→1 / s3:1→1, 2→2, 10→1, s1:12→1 / s2:2→1 / s3:1→1, 2→3, 10→1, s1:12→1 / s2:2→1 / s3:1→2, s1:12→1 / s2:2→1 / s3:1→2, 10→1, s1:12→1 / s2:2→1 / s3:1→2, 2→1, s1:12→1 / s2:2→1 / s3:1→2, 2→1, 10→1, s1:12→1 / s2:2→1 / s3:1→2, 2→1, 10→1, s1:12→1 / s2:2→1 / s3:1→2, 2→1, 10→2, s1:12→1 / s2:2→1 / s3:1→2, 2→2, 10→1, s1:12→1 / s2:2→1 / s3:1→3, s1:12→1 / s2:2→1 / s3:1→3, 10→1, s1:12→1 / s2:2→1 / s3:1→3, 10→1, s1:12→1 / s2:2→1 / s3:1→3, 2→1, 10→1, s1:12→1 / s2:2→1 / s3:1→3, 2→1, 10→1, s1:12→1 / s2:2→1 / s3:1→4, 10→1, s1:12→1 / s2:2→1 / s3:1→4, 10→1, s1:12→1 / s2:2→1 / s3:2→1, s1:12→1 / s2:2→1 / s3:2→3, 10→1}"	"{s3:11→1, s3:11→1, s3:14→1, s3:11→1, s3:11→1, s3:11→1, s3:14→1, s3:11→1, s3:11→1, s3:14→1, s3:14→1, s3:11→1, s3:11→1, s3:11→1, s3:14→1, s3:11→1, s3:14→1, s3:11→1, s3:14→1, s3:11→1, s3:11→1}"
12	186	16	171	1	0	2	0	0	0	0	0	"{s1:12→1 / s2:2→1 / s3:1→1, s1:12→1 / s2:2→1 / s3:1→2, s1:12→1 / s2:2→1 / s3:1→2, 10→1, s1:12→1 / s2:2→1 / s3:1→2, 10→1, 12→1, s1:12→1 / s2:2→1 / s3:1→2, 12→1, s1:12→1 / s2:2→1 / s3:1→3, 10→1, s1:12→1 / s2:2→1 / s3:1→3, 10→1, 12→1, s1:12→1 / s2:2→1 / s3:1→3, 12→1, s1:12→1 / s2:2→1 / s3:1→4, 10→1, s1:12→1 / s2:2→1 / s3:1→4, 12→1, s1:2→1 / s2:1→1, 12→1}"	"{s3:11→1, s3:11→1, s3:11→1, s3:11→1, s3:11→1, s3:11→1, s3:11→1, s3:11→1, s3:11→1, s3:11→1, s3:11→1}"
12	186	16	184	0	2	1	0	0	0	0	0	"{s1:12→1 / s2:2→1, 12→1 / s3:1→1, 10→1, s1:12→1 / s2:2→1, 12→1 / s3:1→1, 2→1, 10→1, s1:12→1 / s2:2→1, 12→1 / s3:2→1, 10→1, s1:12→1 / s2:2→1 / s3:1→1, 2→1, 10→1, s1:12→1 / s2:2→1 / s3:1→1, 2→1, 10→1, 12→1, s1:12→1 / s2:2→1 / s3:1→1, 2→1, 12→1, s1:12→1 / s2:2→1 / s3:1→2, 10→1, s1:12→1 / s2:2→1 / s3:1→2, 12→1, s1:12→1 / s2:2→1 / s3:1→2, 2→1, 10→1, s1:12→1 / s2:2→1 / s3:1→2, 2→1, 12→1, s1:12→1 / s2:2→1 / s3:1→3, 10→1, s1:12→1 / s2:2→1 / s3:1→3, 10→1, 12→1, s1:12→1 / s2:2→1 / s3:1→3, 12→1, s1:12→1 / s2:2→1 / s3:1→3, 2→1, 10→1, s1:12→1 / s2:2→1 / s3:2→1, 10→1, s1:12→1 / s2:2→1 / s3:2→1, 12→1, s1:2→1, 12→1 / s2:12→1 / s3:1→1, 10→1, s1:2→1, 12→1 / s2:1→1 / s3:1→1, 10→1, s1:2→1, 12→1 / s2:1→1 / s3:1→1, 12→1, s1:2→1 / s2:12→1 / s3:1→1, 10→1, s1:2→1 / s2:12→1 / s3:1→1, 10→1, 12→1, s1:2→1 / s2:12→1 / s3:1→2, 10→1, 12→2, s1:2→1 / s2:12→1 / s3:1→2, 12→2, s1:2→1 / s2:12→1 / s3:1→2, 12→3, s1:2→1 / s2:12→1 / s3:1→3, 10→1, 12→1, s1:2→1 / s2:12→1 / s3:1→3, 12→2, s1:2→1 / s2:1→1, 12→1 / s3:1→1, 10→1, s1:2→1 / s2:1→1, 12→1 / s3:1→1, 12→1, s1:2→1 / s2:1→1, 12→1 / s3:1→1, 12→2}"	""
12	186	17	134	0	2	0	0	1	0	0	0	"{s1:12→1 / s2:2→1 / s3:1→1, s1:12→1 / s2:2→1 / s3:1→1, 2→1, 10→1, s1:12→1 / s2:2→1 / s3:1→3, 10→1}"	""
12	186	17	140	0	1	1	1	0	0	0	0	"{s1:12→1 / s2:2→1 / s3:1→1, s1:12→1 / s2:2→1 / s3:1→1, 10→1, s1:12→1 / s2:2→1 / s3:1→2, 10→1}"	""
12	186	17	141	1	1	0	0	1	0	0	0	"{s1:12→1 / s2:2→1 / s3:1→1, s1:12→1 / s2:2→1 / s3:1→1, 2→1, 10→1, s1:12→1 / s2:2→1 / s3:1→2, 10→1, s1:12→1 / s2:2→1 / s3:1→2, 2→1, 10→1, s1:12→1 / s2:2→1 / s3:1→2, 2→1, 10→2, s1:12→1 / s2:2→1 / s3:1→3, 10→1, s1:12→1 / s2:2→1 / s3:1→3, 2→1, 10→1, s1:12→1 / s2:2→1 / s3:1→4, 10→1}"	"{s3:14→1, s3:14→1, s3:14→1, s3:14→1, s3:14→1, s3:14→1, s3:14→1, s3:14→1}"
12	186	17	147	1	0	1	1	0	0	0	0	"{s1:12→1 / s2:2→1 / s3:1→1, s1:12→1 / s2:2→1 / s3:1→2, s1:12→1 / s2:2→1 / s3:1→2, 10→1, s1:12→1 / s2:2→1 / s3:1→3, s1:12→1 / s2:2→1 / s3:1→3, 10→1, s1:12→1 / s2:2→1 / s3:1→4, 10→1}"	"{s3:11→1, s3:11→1, s3:11→1, s3:11→1, s3:11→1, s3:11→1}"
12	186	17	160	0	2	0	1	0	0	0	0	"{s1:12→1 / s2:2→1 / s3:1→2, 10→1, s1:12→1 / s2:2→1 / s3:2→1, 10→1}"	""
12	186	17	164	0	1	2	0	0	0	0	0	"{s1:12→1 / s2:2→1 / s3:1→1, 10→1, 12→1, s1:12→1 / s2:2→1 / s3:1→3, 10→1, s1:12→1 / s2:2→1 / s3:1→3, 12→1}"	""
12	186	17	167	1	1	0	1	0	0	0	0	"{s1:12→1 / s2:2→1 / s3:1→1, 10→1, s1:12→1 / s2:2→1 / s3:1→1, 2→1, 10→1, s1:12→1 / s2:2→1 / s3:1→1, 2→1, 10→2, s1:12→1 / s2:2→1 / s3:1→1, 2→2, s1:12→1 / s2:2→1 / s3:1→1, 2→3, s1:12→1 / s2:2→1 / s3:1→2, 2→2, s1:12→1 / s2:2→1 / s3:1→3, 10→2, s1:12→1 / s2:2→1 / s3:1→3, 2→1, s1:12→1 / s2:2→1 / s3:1→3, 2→2, s1:12→1 / s2:2→1 / s3:1→4, s1:12→1 / s2:2→1 / s3:1→4, 2→1, s1:12→1 / s2:2→1 / s3:2→1, 10→1, s1:12→1 / s2:2→1 / s3:2→2, s1:12→1 / s2:2→1 / s3:2→2, 10→1, s1:12→1 / s2:2→1 / s3:2→4, 10→1}"	"{s3:14→1, s3:11→1, s3:14→1, s3:11→1, s3:11→1, s3:11→1, s3:14→1, s3:11→1, s3:11→1, s3:11→1, s3:11→1, s3:14→1, s3:11→1, s3:11→1, s3:11→1}"
12	186	17	171	1	0	2	0	0	0	0	0	"{s1:12→1 / s2:2→1 / s3:1→1, 10→1, s1:12→1 / s2:2→1 / s3:1→1, 12→1}"	"{s3:11→1, s3:11→1}"
12	186	18	114	0	1	1	0	1	0	0	0	"{s1:12→1 / s2:2→1 / s3:1→1, s1:12→1 / s2:2→1 / s3:1→1, 10→1}"	""
12	186	18	120	0	0	2	1	0	0	0	0	"s1:12→1 / s2:2→1 / s3:1→1"	""
12	186	18	134	0	2	0	0	1	0	0	0	"{s1:12→1 / s2:2→1 / s3:1→2, 10→1, s1:12→1 / s2:2→1 / s3:2→1, s1:12→1 / s2:2→1 / s3:2→1, 10→1}"	""
12	186	18	141	1	1	0	0	1	0	0	0	"{s1:12→1 / s2:2→1 / s3:1→1, 10→1, s1:12→1 / s2:2→1 / s3:1→1, 2→1, 10→2, s1:12→1 / s2:2→1 / s3:1→3, 10→2, s1:12→1 / s2:2→1 / s3:2→1, 10→1}"	"{s3:14→1, s3:14→1, s3:14→1, s3:14→1}"
12	186	18	147	1	0	1	1	0	0	0	0	"{s1:12→1 / s2:2→1 / s3:1→1, 10→1, s1:12→1 / s2:2→1 / s3:1→4}"	"{s3:11→1, s3:11→1}"
12	186	18	167	1	1	0	1	0	0	0	0	"{s1:12→1 / s2:2→1 / s3:1→2, 10→1, s1:12→1 / s2:2→1 / s3:1→2, 10→2, s1:12→1 / s2:2→1 / s3:1→2, 2→3, s1:12→1 / s2:2→1 / s3:1→5, s1:12→1 / s2:2→1 / s3:2→3}"	"{s3:11→1, s3:14→1, s3:11→1, s3:11→1, s3:11→1}"
12	186	18	171	1	0	2	0	0	0	0	0	"s1:12→1 / s2:2→1 / s3:1→1, 10→1, 12→1"	"s3:11→1"
12	186	19	94	0	0	2	0	1	0	0	0	"s1:12→1 / s2:2→1 / s3:1→1"	""
12	186	19	134	0	2	0	0	1	0	0	0	"s1:12→1 / s2:2→1 / s3:1→1, 2→1"	""
12	186	19	141	1	1	0	0	1	0	0	0	"{s1:12→1 / s2:1→1, 2→1 / s3:2→1, s1:12→1 / s2:2→1 / s3:1→1, 2→1, s1:12→1 / s2:2→1 / s3:1→2, 10→2}"	"{s3:14→1, s3:14→1, s3:14→1}"
12	186	19	147	1	0	1	1	0	0	0	0	"s1:12→1 / s2:2→1 / s3:1→5"	"s3:11→1"
12	186	19	160	0	2	0	1	0	0	0	0	"s1:12→1 / s2:2→1 / s3:1→1, 10→1"	""
12	186	19	167	1	1	0	1	0	0	0	0	"{s1:12→1 / s2:2→1 / s3:1→1, 2→4, s1:12→1 / s2:2→1 / s3:2→4}"	"{s3:11→1, s3:11→1}"
12	186	19	171	1	0	2	0	0	0	0	0	"s1:12→1 / s2:2→1 / s3:1→3"	"s3:11→1"
12	186	20	134	0	2	0	0	1	0	0	0	"{s1:12→1 / s2:1→1, 2→1 / s3:1→1, 2→1, s1:12→1 / s2:2→1 / s3:1→1, 10→1, s1:12→1 / s2:2→1 / s3:1→2, 2→1}"	""
12	186	20	141	1	1	0	0	1	0	0	0	"{s1:12→1 / s2:1→1, 2→1 / s3:1→1, 2→1, s1:12→1 / s2:2→1 / s3:1→2, 2→1}"	"{s3:14→1, s3:14→1}"
12	186	20	144	0	0	3	0	0	0	0	0	"s1:12→1 / s2:2→1 / s3:1→1"	""
12	186	20	160	0	2	0	1	0	0	0	0	"s1:12→1 / s2:2→1 / s3:2→1"	""
12	186	20	167	1	1	0	1	0	0	0	0	"s1:12→1 / s2:2→1 / s3:1→1, 2→1, 10→3"	"s3:14→1"
12	186	21	114	0	1	1	0	1	0	0	0	"s1:12→1 / s2:2→1 / s3:1→2"	""
12	186	21	134	0	2	0	0	1	0	0	0	"{s1:12→1 / s2:2→1 / s3:1→2, s1:12→1 / s2:2→1 / s3:1→3, 2→1}"	""
12	186	21	141	1	1	0	0	1	0	0	0	"{s1:12→1 / s2:2→1 / s3:1→1, 2→1, 10→3, s1:12→1 / s2:2→1 / s3:1→2, s1:12→1 / s2:2→1 / s3:1→3, 2→1, s1:12→1 / s2:2→1 / s3:2→1, s1:12→1 / s2:2→1 / s3:2→1, 10→2}"	"{s3:14→1, s3:14→1, s3:14→1, s3:14→1, s3:14→1}"
12	186	21	147	1	0	1	1	0	0	0	0	"s1:12→1 / s2:2→1"	"s3:11→1"
12	186	22	141	1	1	0	0	1	0	0	0	"s1:12→1 / s2:2→1 / s3:1→4, 2→1"	"s3:14→1"
12	186	28	141	1	1	0	0	1	0	0	0	"s1:12→1 / s2:2→1 / s3:1→2, 10→3"	"s3:14→1"
12	186	32	114	0	1	1	0	1	0	0	0	"s1:12→1 / s2:2→1 / s3:1→3"	""
12	186	32	141	1	1	0	0	1	0	0	0	"s1:12→1 / s2:2→1 / s3:1→3"	"s3:14→1"
12	186	35	114	0	1	1	0	1	0	0	0	"s1:12→1 / s2:2→1 / s3:10→1"	""
12	186	36	140	0	1	1	1	0	0	0	0	"s1:12→1 / s2:2→1 / s3:10→1"	""
12	186	41	141	1	1	0	0	1	0	0	0	"s1:12→1 / s2:2→1 / s3:1→1, 10→2"	"s3:14→1"
12	186	52	134	0	2	0	0	1	0	0	0	"s1:12→1 / s2:2→1 / s3:1→3"	""
12	187	15	190	1	1	1	0	0	0	0	0	"{s1:1→1 / s3:1→1, 3→1, 11→2, s1:1→1 / s3:1→1, 3→1, 11→3, s1:1→1 / s3:3→1, 11→2}"	"{s2:12→1 / s3:2→1, s2:12→1 / s3:2→1, s2:12→1 / s3:2→1}"
12	187	16	159	0	2	0	1	0	0	0	0	"s1:1→1 / s3:3→1, 11→1"	"s2:12→1"
12	187	16	166	1	1	0	1	0	0	0	0	"{s1:1→1 / s3:11→1, s1:1→1 / s3:3→1, 11→2, s1:1→1 / s3:3→1, 11→3, s1:1→1 / s3:3→1, 11→4}"	"{s2:12→1 / s3:2→1, s2:12→1 / s3:2→1, s2:12→1 / s3:2→1, s2:12→1 / s3:2→1}"
12	187	16	183	0	2	1	0	0	0	0	0	"{s1:1→1 / s3:1→1, 11→1, s1:1→1 / s3:1→1, 3→1, 11→1, s1:1→1 / s3:3→1, 11→1}"	"{s2:12→1, s2:12→1, s2:12→1}"
12	187	16	184	0	2	1	0	0	0	0	0	"s1:1→1 / s2:3→1, 11→1 / s3:1→1, 11→1"	""
12	187	17	133	0	2	0	0	1	0	0	0	"s1:1→1 / s3:3→1, 11→1"	"s2:12→1"
12	187	17	166	1	1	0	1	0	0	0	0	"{s1:1→1 / s3:11→2, s1:1→1 / s3:3→1, 11→1}"	"{s2:12→1 / s3:2→1, s2:12→1 / s3:2→1}"
12	187	18	166	1	1	0	1	0	0	0	0	"s1:1→1 / s3:11→3"	"s2:12→1 / s3:2→1"
12	187	19	133	0	2	0	0	1	0	0	0	"s1:1→1 / s3:11→1"	"s2:12→1"
12	187	20	134	0	2	0	0	1	0	0	0	"s1:1→1 / s2:11→1 / s3:11→1"	""
12	187	20	141	1	1	0	0	1	0	0	0	"s1:1→1 / s2:11→1 / s3:11→1"	"s3:14→1"
12	187	20	166	1	1	0	1	0	0	0	0	"s1:1→1 / s3:11→4"	"s2:12→1 / s3:2→1"
12	188	17	139	2	1	0	0	0	0	0	0	"{s1:1→1 / s2:12→1, s1:1→1 / s2:12→1 / s3:1→1, s1:1→1 / s2:12→1 / s3:7→1}"	"{s2:13→1 / s3:8→1, s2:13→1 / s3:8→1, s2:13→1 / s3:13→1}"
12	191	17	139	2	1	0	0	0	0	0	0	"s1:1→1 / s2:9→1 / s3:9→1"	"s2:13→1 / s3:13→1"
