"T"	"index"	"Tmin"	"Delta"	"n2"	"n3"	"n4"	"n5"	"n6"	"n7"	"n8"	"n12"	"On -1"	"On -2/-3"
39	1	39	177	0	0	0	1	0	0	0	0	"s1:1→1"	""
39	1	39	201	0	0	1	0	0	0	0	0	"s1:39→1"	""
39	1	39	213	0	2	0	0	0	0	0	0	"s1:39→1 / s2:1→1"	""
39	1	39	221	0	1	0	0	0	0	0	0	"s1:39→1"	""
39	1	40	193	0	1	1	0	0	0	0	0	"s1:39→1 / s2:1→1"	""
39	1	40	220	1	1	0	0	0	0	0	0	"s1:39→1 / s2:1→1"	"s2:40→1"
39	1	40	221	0	1	0	0	0	0	0	0	"s1:1→1, 39→1"	""
39	1	41	169	0	1	0	1	0	0	0	0	"s1:1→1 / s2:39→1"	""
39	1	41	173	0	0	2	0	0	0	0	0	"s1:39→1 / s2:1→1"	""
39	1	41	201	0	0	1	0	0	0	0	0	"s1:1→1, 39→1"	""
39	1	42	149	0	0	1	1	0	0	0	0	"s1:1→1 / s2:39→1"	""
39	1	42	177	0	0	0	1	0	0	0	0	"s1:1→1, 39→1"	""
39	1	42	205	0	3	0	0	0	0	0	0	"{s1:39→1 / s2:1→1 / s3:1→1, 39→1, s1:39→1 / s2:1→1 / s3:1→2, 39→2}"	""
39	1	42	212	1	2	0	0	0	0	0	0	"s1:39→1 / s2:1→1, 39→1 / s3:1→1"	"s3:40→1"
39	1	42	213	0	2	0	0	0	0	0	0	"{s1:1→1, 39→1 / s2:1→1, 39→1, s1:1→1, 39→1 / s2:1→1, 39→2, s1:1→1, 39→1 / s2:1→2, 39→2, s1:1→1, 39→2 / s2:1→2, 39→1, s1:39→1 / s2:1→1, 39→1, s1:39→1 / s2:1→2, 39→1, s1:39→1 / s2:1→2, 39→2, s1:39→1 / s2:1→3, 39→2}"	""
39	1	42	218	2	1	0	0	0	0	0	0	"{s1:39→1 / s2:1→1 / s3:1→2, 39→1, s1:39→1 / s2:1→1 / s3:1→3, 39→2}"	"{s2:40→1 / s3:40→1, s2:40→1 / s3:40→1}"
39	1	42	220	1	1	0	0	0	0	0	0	"{s1:1→1, 39→1 / s2:1→1, 39→1, s1:1→1, 39→1 / s2:1→1, 39→2, s1:1→1, 39→1 / s2:1→1, 39→3, s1:1→1, 39→1 / s2:1→2, 39→2, s1:1→1, 39→1 / s2:1→2, 39→3, s1:1→1, 39→1 / s2:39→1, s1:1→1, 39→2 / s2:1→1, s1:39→1 / s2:1→1, 39→1, s1:39→1 / s2:1→2, 39→1, s1:39→1 / s2:1→2, 39→2, s1:39→1 / s2:1→3, 39→1, s1:39→1 / s2:1→3, 39→2}"	"{s2:40→1, s2:40→1, s2:40→1, s2:40→1, s2:40→1, s2:40→1, s2:40→1, s2:40→1, s2:40→1, s2:40→1, s2:40→1, s2:40→1}"
39	1	42	221	0	1	0	0	0	0	0	0	"{s1:1→1, 39→2, s1:1→2, 39→2, s1:1→2, 39→3}"	""
39	1	43	125	0	0	0	2	0	0	0	0	"s1:39→1 / s2:1→1"	""
39	1	43	192	1	1	1	0	0	0	0	0	"{s1:39→1 / s2:1→1 / s3:1→1, 39→1, s1:39→1 / s2:1→1 / s3:1→2, 39→1}"	"{s3:41→1, s3:41→1}"
39	1	43	212	1	2	0	0	0	0	0	0	"{s1:39→1 / s2:1→1 / s3:1→2, 39→2, s1:39→1 / s2:1→2, 39→1 / s3:1→1}"	"{s3:41→1, s3:40→1}"
39	1	43	213	0	2	0	0	0	0	0	0	"s1:39→1 / s2:1→1, 39→2"	""
39	1	43	218	2	1	0	0	0	0	0	0	"{s1:39→1 / s2:1→1 / s3:1→1, 39→1, s1:39→1 / s2:1→1 / s3:1→2, 39→2, s1:39→1 / s2:1→1 / s3:1→3, 39→1}"	"{s2:40→1 / s3:40→1, s2:40→1 / s3:40→1, s2:40→1 / s3:40→1}"
39	1	43	220	1	1	0	0	0	0	0	0	"{s1:1→1, 39→1 / s2:1→1, 39→4, s1:39→1 / s2:1→1, 39→2, s1:39→1 / s2:1→2, 39→3}"	"{s2:40→1, s2:40→1, s2:40→1}"
39	1	43	221	0	1	0	0	0	0	0	0	"{s1:1→1, 39→3, s1:1→1, 39→4}"	""
39	1	44	218	2	1	0	0	0	0	0	0	"s1:39→1 / s2:1→1 / s3:1→1"	"s2:40→1 / s3:40→1"
39	1	44	220	1	1	0	0	0	0	0	0	"{s1:39→1 / s2:1→1, 39→3, s1:39→1 / s2:1→1, 39→4}"	"{s2:40→1, s2:40→1}"
39	1	45	161	0	2	0	1	0	0	0	0	"s1:1→1 / s2:39→1 / s3:39→1"	""
39	1	45	192	1	1	1	0	0	0	0	0	"s1:39→1 / s2:1→1 / s3:1→3, 39→1"	"s3:41→1"
39	1	45	212	1	2	0	0	0	0	0	0	"s1:39→1 / s2:1→1 / s3:1→2, 39→3"	"s3:41→1"
39	1	45	213	0	2	0	0	0	0	0	0	"s1:39→1 / s2:39→1"	""
39	1	45	220	1	1	0	0	0	0	0	0	"{s1:1→1, 39→1 / s2:39→2, s1:39→1 / s2:39→1}"	"{s2:40→1, s2:40→1}"
39	1	45	221	0	1	0	0	0	0	0	0	"s1:39→2"	""
39	1	46	168	1	1	0	1	0	0	0	0	"s1:1→1 / s2:39→1 / s3:39→1"	"s3:41→1"
39	1	46	169	0	1	0	1	0	0	0	0	"s1:1→1 / s2:39→2"	""
39	1	46	212	1	2	0	0	0	0	0	0	"s1:39→1 / s2:1→1 / s3:1→1, 39→1"	"s3:41→1"
39	1	46	213	0	2	0	0	0	0	0	0	"s1:39→1 / s2:39→2"	""
39	1	46	220	1	1	0	0	0	0	0	0	"{s1:39→1 / s2:39→2, s1:39→1 / s2:39→3, s1:39→1 / s2:39→4, s1:39→1 / s2:39→5}"	"{s2:40→1, s2:40→1, s2:40→1, s2:40→1}"
39	1	46	221	0	1	0	0	0	0	0	0	"{s1:39→3, s1:39→4, s1:39→5}"	""
39	1	47	192	1	1	1	0	0	0	0	0	"s1:39→1 / s2:1→1 / s3:1→4, 39→1"	"s3:41→1"
39	1	48	161	0	2	0	1	0	0	0	0	"s1:1→1 / s2:39→1 / s3:39→2"	""
39	1	48	168	1	1	0	1	0	0	0	0	"{s1:1→1 / s2:39→1 / s3:39→2, s1:1→1 / s2:39→1 / s3:39→3, s1:1→1 / s2:39→1 / s3:39→4}"	"{s3:41→1, s3:41→1, s3:41→1}"
39	1	48	169	0	1	0	1	0	0	0	0	"{s1:1→1 / s2:39→3, s1:1→1 / s2:39→4, s1:1→1 / s2:39→5}"	""
39	1	49	168	1	1	0	1	0	0	0	0	"s1:1→1 / s2:39→1 / s3:39→5"	"s3:41→1"
39	1	54	213	0	2	0	0	0	0	0	0	"{s1:39→1 / s2:1→3, 39→1, s1:39→2 / s2:1→1, 39→1}"	""
39	1	57	212	1	2	0	0	0	0	0	0	"s1:39→1 / s2:1→3, 39→1 / s3:1→1"	"s3:40→1"
39	1	59	185	0	2	1	0	0	0	0	0	"s1:39→1 / s2:1→1 / s3:1→1"	""
39	1	63	220	1	1	0	0	0	0	0	0	"s1:1→1, 39→1 / s2:39→3"	"s2:40→1"
39	1	64	212	1	2	0	0	0	0	0	0	"s1:39→1 / s2:1→1 / s3:1→1, 39→2"	"s3:41→1"
39	1	67	220	1	1	0	0	0	0	0	0	"s1:39→1 / s2:1→4, 39→1"	"s2:40→1"
39	1	69	218	2	1	0	0	0	0	0	0	"s1:39→1 / s2:1→1 / s3:1→4, 39→1"	"s2:40→1 / s3:40→1"
39	1	83	193	0	1	1	0	0	0	0	0	"s1:39→1 / s2:1→2"	""
39	1	84	192	1	1	1	0	0	0	0	0	"s1:39→1 / s2:1→1 / s3:1→1"	"s3:41→1"
39	1	87	185	0	2	1	0	0	0	0	0	"s1:39→1 / s2:1→1 / s3:1→2"	""
39	1	87	212	1	2	0	0	0	0	0	0	"s1:39→1 / s2:1→1 / s3:1→3, 39→2"	"s3:41→1"
39	1	92	192	1	1	1	0	0	0	0	0	"s1:39→1 / s2:1→1 / s3:1→2"	"s3:41→1"
39	1	92	193	0	1	1	0	0	0	0	0	"s1:39→1 / s2:1→3"	""
39	1	94	193	0	1	1	0	0	0	0	0	"s1:39→1 / s2:1→4"	""
39	1	95	192	1	1	1	0	0	0	0	0	"{s1:39→1 / s2:1→1 / s3:1→3, s1:39→1 / s2:1→1 / s3:1→4}"	"{s3:41→1, s3:41→1}"
39	1	95	193	0	1	1	0	0	0	0	0	"s1:39→1 / s2:1→5"	""
39	1	96	192	1	1	1	0	0	0	0	0	"s1:39→1 / s2:1→1 / s3:1→5"	"s3:41→1"
39	1	104	220	1	1	0	0	0	0	0	0	"s1:1→1, 39→1 / s2:39→4"	"s2:40→1"
39	1	113	192	1	1	1	0	0	0	0	0	"s1:39→1 / s2:1→1 / s3:39→1"	"s3:41→1"
39	1	117	205	0	3	0	0	0	0	0	0	"s1:39→1 / s2:1→1 / s3:1→1, 39→2"	""
39	1	135	213	0	2	0	0	0	0	0	0	"s1:39→1 / s2:1→4, 39→1"	""
39	1	138	220	1	1	0	0	0	0	0	0	"s1:1→1, 39→1 / s2:39→5"	"s2:40→1"
39	1	143	212	1	2	0	0	0	0	0	0	"s1:39→1 / s2:1→1 / s3:1→1, 39→3"	"s3:41→1"
39	1	148	212	1	2	0	0	0	0	0	0	"s1:39→1 / s2:1→1 / s3:1→2, 39→1"	"s3:41→1"
39	1	172	212	1	2	0	0	0	0	0	0	"s1:39→1 / s2:1→1 / s3:39→1"	"s3:41→1"
39	1	173	210	2	2	0	0	0	0	0	0	"s1:39→1 / s2:1→1 / s3:39→1 / s4:1→1, 39→3"	"s3:41→1 / s4:41→1"
39	1	181	210	2	2	0	0	0	0	0	0	"s1:39→1 / s2:1→1 / s3:39→1 / s4:39→1"	"s3:41→1 / s4:41→1"
39	1	187	210	2	2	0	0	0	0	0	0	"s1:39→1 / s2:1→1 / s3:39→1 / s4:1→1, 39→4"	"s3:41→1 / s4:41→1"
39	1	187	212	1	2	0	0	0	0	0	0	"s1:39→1 / s2:1→1 / s3:1→1, 39→4"	"s3:41→1"
39	2	39	177	0	1	0	0	0	0	0	0	""	"s1:1→1"
39	2	39	178	0	1	0	0	0	0	0	0	"s1:39→1"	""
39	2	41	169	0	2	0	0	0	0	0	0	"s1:39→1"	"s2:1→1"
39	2	42	177	0	1	0	0	0	0	0	0	"s1:39→1"	"s1:1→1"
39	2	43	161	0	3	0	0	0	0	0	0	"s1:39→1 / s2:37→1"	"s3:1→1"
39	2	43	169	0	2	0	0	0	0	0	0	"s1:39→1 / s2:37→1"	"s2:1→1"
39	2	43	170	0	2	0	0	0	0	0	0	"s1:39→1 / s2:37→1"	""
39	2	43	177	0	1	0	0	0	0	0	0	"s1:37→1, 39→1"	"s1:1→1"
39	2	44	168	1	2	0	0	0	0	0	0	"s1:39→1 / s3:37→1"	"s2:1→1 / s3:40→1"
39	2	44	169	0	2	0	0	0	0	0	0	"s1:37→1, 39→1"	"s2:1→1"
39	2	44	177	1	1	0	0	0	0	0	0	"{s1:39→1 / s2:37→1, s1:39→1 / s2:37→2}"	"{s2:40→1, s2:40→1}"
39	2	44	178	0	1	0	0	0	0	0	0	"s1:37→1, 39→1"	""
39	2	45	168	1	2	0	0	0	0	0	0	"s1:39→1 / s3:37→2"	"s2:1→1 / s3:40→1"
39	2	45	177	1	1	0	0	0	0	0	0	"{s1:39→1 / s2:37→3, s1:39→1 / s2:37→4, s1:39→1 / s2:37→5}"	"{s2:40→1, s2:40→1, s2:40→1}"
39	2	46	168	1	2	0	0	0	0	0	0	"s1:39→1 / s3:37→3"	"s2:1→1 / s3:40→1"
39	2	47	168	1	2	0	0	0	0	0	0	"{s1:39→1 / s3:37→4, s1:39→1 / s3:37→5}"	"{s2:1→1 / s3:40→1, s2:1→1 / s3:40→1}"
39	3	39	44	0	0	0	0	0	0	0	1	"s1:1→1"	""
39	3	39	159	0	0	0	0	0	0	1	0	"s1:1→1"	""
39	3	39	187	0	0	0	0	0	1	0	0	"s1:1→1"	""
39	3	39	214	0	0	0	0	1	0	0	0	"s1:1→1"	""
39	3	39	231	0	1	0	1	0	0	0	0	"s1:1→1"	"s2:39→1"
39	3	39	240	0	0	0	1	0	0	0	0	"s1:1→1"	""
39	3	39	264	0	0	1	0	0	0	0	0	"s1:1→1"	""
39	3	40	205	0	1	0	0	1	0	0	0	"s1:1→1"	"s2:39→1"
39	3	41	178	0	1	0	0	0	1	0	0	"s1:1→1"	"s2:39→1"
39	3	41	255	0	1	1	0	0	0	0	0	"s1:1→1 / s2:1→1"	"s2:39→1"
39	3	42	150	0	1	0	0	0	0	1	0	"s1:1→1"	"s2:39→1"
39	3	42	231	0	1	0	1	0	0	0	0	"s1:1→1 / s2:1→1"	"s2:39→1"
39	3	44	256	0	1	1	0	0	0	0	0	"{s1:1→1 / s2:1→1, s1:1→1 / s2:1→2}"	""
39	3	44	264	0	0	1	0	0	0	0	0	"s1:1→2"	""
39	3	44	267	0	3	0	0	0	0	0	0	"s1:1→1 / s2:1→1 / s3:1→1"	"s3:39→1"
39	3	44	267	1	3	0	0	0	0	0	0	"s1:1→1 / s2:1→1 / s3:1→1 / s4:1→1"	"s4:42→1"
39	3	44	268	0	3	0	0	0	0	0	0	"{s1:1→1 / s2:1→1 / s3:1→1, s1:1→1 / s2:1→1 / s3:1→2, s1:1→1 / s2:1→1 / s3:1→3}"	""
39	3	44	273	2	2	0	0	0	0	0	0	"{s1:1→1 / s2:1→1 / s3:1→1 / s4:1→1, s1:1→1 / s2:1→1 / s3:1→1 / s4:1→2}"	"{s3:41→1 / s4:41→1, s3:41→1 / s4:41→1}"
39	3	45	232	0	1	0	1	0	0	0	0	"s1:1→1 / s2:1→1"	""
39	3	45	236	0	0	2	0	0	0	0	0	"s1:1→1 / s2:1→1"	""
39	3	45	248	0	2	1	0	0	0	0	0	"s1:1→1 / s2:1→1 / s3:1→1"	""
39	3	45	255	1	1	1	0	0	0	0	0	"{s1:1→1 / s2:1→1 / s3:1→1, s1:1→1 / s2:1→1 / s3:1→1, 36→1}"	"{s3:41→1, s3:41→1}"
39	3	45	256	0	1	1	0	0	0	0	0	"s1:1→1 / s2:1→3"	""
39	3	45	260	0	4	0	0	0	0	0	0	"s1:1→1 / s2:1→1 / s3:1→1 / s4:1→1"	""
39	3	46	35	0	1	0	0	0	0	0	1	"s1:1→1"	"s2:39→1"
39	3	46	206	0	1	0	0	1	0	0	0	"s1:1→1 / s2:1→1"	""
39	3	47	273	2	2	0	0	0	0	0	0	"s1:1→1 / s2:1→1 / s3:1→1 / s4:1→2, 36→1"	"s3:41→1 / s4:41→1"
39	3	50	273	2	2	0	0	0	0	0	0	"s1:1→1 / s2:1→1 / s3:1→1, 36→1 / s4:1→2, 38→1"	"s3:41→1 / s4:41→1"
39	3	57	267	1	3	0	0	0	0	0	0	"s1:1→1 / s2:1→1 / s3:1→1 / s4:1→1, 36→1"	"s4:42→1"
39	3	73	267	0	3	0	0	0	0	0	0	"s1:1→1 / s2:1→1 / s3:1→2"	"s2:39→1"
39	3	90	273	2	2	0	0	0	0	0	0	"s1:1→1 / s2:1→1 / s3:1→1 / s4:1→1, 36→1"	"s3:41→1 / s4:41→1"
39	3	99	255	0	1	1	0	0	0	0	0	"s1:1→1"	"s2:39→1"
39	3	142	197	0	2	0	0	1	0	0	0	"s1:1→1 / s3:1→1"	"s2:39→1"
39	3	142	223	0	2	0	1	0	0	0	0	"s1:1→1 / s3:1→1"	"s2:39→1"
39	3	142	227	0	1	2	0	0	0	0	0	"s1:1→1 / s2:1→1"	"s3:39→1"
39	3	144	247	0	2	1	0	0	0	0	0	"s1:1→1 / s3:1→1"	"s2:39→1"
39	3	145	267	0	3	0	0	0	0	0	0	"s2:1→1 / s3:1→1"	"s1:39→1"
39	3	146	266	1	3	0	0	0	0	0	0	"s2:1→1 / s3:1→1 / s4:1→4, 36→1"	"s1:39→1 / s4:42→1"
39	3	148	239	0	3	1	0	0	0	0	0	"s1:1→1 / s3:1→1 / s4:1→1"	"s2:39→1"
39	3	148	255	0	1	1	0	0	0	0	0	"s1:1→2"	"s2:39→1"
39	3	148	259	0	4	0	0	0	0	0	0	"s2:1→1 / s3:1→1 / s4:1→1"	"s1:39→1"
39	3	149	251	0	5	0	0	0	0	0	0	"s2:1→1 / s3:1→1 / s4:1→1 / s5:1→1"	"s1:39→1"
39	3	150	246	1	2	1	0	0	0	0	0	"s1:1→1 / s3:1→1 / s4:1→1"	"s2:39→1 / s4:42→1"
39	3	150	247	0	2	1	0	0	0	0	0	"s1:1→1 / s3:1→2"	"s2:39→1"
39	3	150	258	1	4	0	0	0	0	0	0	"s2:1→1 / s3:1→1 / s4:1→1 / s5:1→1"	"s1:39→1 / s5:43→1"
39	3	150	259	0	4	0	0	0	0	0	0	"s2:1→1 / s3:1→1 / s4:1→2"	"s1:39→1"
39	3	150	266	1	3	0	0	0	0	0	0	"{s2:1→1 / s3:1→1 / s4:1→1, s2:1→1 / s3:1→1 / s4:1→3, 36→1}"	"{s1:39→1 / s4:42→1, s1:39→1 / s4:42→1}"
39	3	150	267	0	3	0	0	0	0	0	0	"s2:1→1 / s3:1→2"	"s1:39→1"
39	3	151	247	0	2	1	0	0	0	0	0	"s1:1→1 / s3:1→3"	"s2:39→1"
39	3	151	259	0	4	0	0	0	0	0	0	"s2:1→1 / s3:1→1 / s4:1→3"	"s1:39→1"
39	3	151	264	2	3	0	0	0	0	0	0	"s2:1→1 / s3:1→1 / s4:1→1 / s5:1→1"	"s1:39→1 / s4:42→1 / s5:42→1"
39	3	151	265	2	3	0	0	0	0	0	0	"s2:1→1 / s3:1→1 / s4:1→1 / s5:1→1"	"s1:39→1 / s4:42→1 / s5:41→1"
39	3	151	266	1	3	0	0	0	0	0	0	"{s2:1→1 / s3:1→1 / s4:1→2, s2:1→1 / s3:1→2 / s4:1→1, s2:1→1 / s3:1→2 / s4:1→1, s2:1→1 / s3:1→2 / s4:1→2, s2:1→1 / s3:1→3 / s4:1→1}"	"{s1:39→1 / s4:42→1, s1:39→1 / s4:41→1, s1:39→1 / s4:42→1, s1:39→1 / s4:41→1, s1:39→1 / s4:41→1}"
39	3	151	267	0	3	0	0	0	0	0	0	"{s2:1→1 / s3:1→3, s2:1→2 / s3:1→2, s2:1→2 / s3:1→3}"	"{s1:39→1, s1:39→1, s1:39→1}"
39	3	151	272	2	2	0	0	0	0	0	0	"{s2:1→1 / s3:1→1 / s4:1→1, s2:1→1 / s3:1→1 / s4:1→2, s2:1→2 / s3:1→1 / s4:1→1}"	"{s1:39→1 / s3:41→1 / s4:41→1, s1:39→1 / s3:41→1 / s4:41→1, s1:39→1 / s3:41→1 / s4:41→1}"
39	3	152	264	2	3	0	0	0	0	0	0	"s2:1→1 / s3:1→1 / s4:1→1 / s5:1→2"	"s1:39→1 / s4:42→1 / s5:42→1"
39	3	152	266	1	3	0	0	0	0	0	0	"{s2:1→1 / s3:1→1 / s4:1→3, s2:1→1 / s3:1→1 / s4:1→4, s2:1→1 / s3:1→1 / s4:1→5, s2:1→1 / s3:1→2 / s4:1→3, s2:1→1 / s3:1→2 / s4:1→4}"	"{s1:39→1 / s4:42→1, s1:39→1 / s4:42→1, s1:39→1 / s4:42→1, s1:39→1 / s4:41→1, s1:39→1 / s4:41→1}"
39	3	152	267	0	3	0	0	0	0	0	0	"{s2:1→1 / s3:1→4, s2:1→1 / s3:1→5, s2:1→2 / s3:1→4, s2:1→3 / s3:1→3}"	"{s1:39→1, s1:39→1, s1:39→1, s1:39→1}"
39	3	152	272	2	2	0	0	0	0	0	0	"{s2:1→1 / s3:1→1 / s4:1→3, s2:1→1 / s3:1→1 / s4:1→4, s2:1→1 / s3:1→1 / s4:1→5, s2:1→1 / s3:1→2 / s4:1→2, s2:1→1 / s3:1→2 / s4:1→3, s2:1→1 / s3:1→2 / s4:1→4, s2:1→1 / s3:1→2 / s4:1→5, s2:1→1 / s3:1→3 / s4:1→3, s2:1→1 / s3:1→3 / s4:1→4, s2:1→1 / s3:1→3 / s4:1→5, s2:1→1 / s3:1→4 / s4:1→4, s2:1→1 / s3:1→4 / s4:1→5, s2:1→1 / s3:1→5 / s4:1→5}"	"{s1:39→1 / s3:41→1 / s4:41→1, s1:39→1 / s3:41→1 / s4:41→1, s1:39→1 / s3:41→1 / s4:41→1, s1:39→1 / s3:41→1 / s4:41→1, s1:39→1 / s3:41→1 / s4:41→1, s1:39→1 / s3:41→1 / s4:41→1, s1:39→1 / s3:41→1 / s4:41→1, s1:39→1 / s3:41→1 / s4:41→1, s1:39→1 / s3:41→1 / s4:41→1, s1:39→1 / s3:41→1 / s4:41→1, s1:39→1 / s3:41→1 / s4:41→1, s1:39→1 / s3:41→1 / s4:41→1, s1:39→1 / s3:41→1 / s4:41→1}"
39	3	164	266	1	3	0	0	0	0	0	0	"s2:1→1 / s3:1→1 / s4:1→2, 36→1"	"s1:39→1 / s4:42→1"
39	3	165	272	2	2	0	0	0	0	0	0	"s2:1→1 / s3:1→1 / s4:1→4, 36→1"	"s1:39→1 / s3:41→1 / s4:41→1"
39	3	176	266	1	3	0	0	0	0	0	0	"s2:1→1 / s3:1→2 / s4:1→4, 36→1"	"s1:39→1 / s4:41→1"
39	3	180	272	2	2	0	0	0	0	0	0	"s2:1→1 / s3:1→1 / s4:1→3, 36→1"	"s1:39→1 / s3:41→1 / s4:41→1"
39	4	39	169	0	0	0	1	0	0	0	0	"s1:1→1"	""
39	4	39	193	0	0	1	0	0	0	0	0	"s1:1→1"	""
39	4	39	212	1	1	0	0	0	0	0	0	"s1:1→1"	"s2:39→1"
39	4	39	213	0	1	0	0	0	0	0	0	"s1:1→1"	""
39	4	39	220	1	0	0	0	0	0	0	0	""	"s1:39→1"
39	4	40	192	1	0	1	0	0	0	0	0	"s1:1→1"	"s2:39→1"
39	4	40	220	1	0	0	0	0	0	0	0	"s1:1→1"	"s1:39→1"
39	4	41	168	1	0	0	1	0	0	0	0	"s1:1→1"	"s2:39→1"
39	4	41	218	2	0	0	0	0	0	0	0	"{s1:1→1 / s2:1→1, s2:1→1}"	"{s1:39→1 / s2:39→1, s1:39→1 / s2:39→1}"
39	4	41	220	1	0	0	0	0	0	0	0	"s1:1→3, 38→1"	"s1:39→1"
39	4	42	192	1	0	1	0	0	0	0	0	"s1:1→1 / s2:1→1, 38→1"	"s2:39→1"
39	4	42	205	0	2	0	0	0	0	0	0	"{s1:1→1 / s2:1→1, 38→1, s1:1→1 / s2:1→2, 38→1, s1:1→1 / s2:1→2, 38→2}"	""
39	4	42	210	2	1	0	0	0	0	0	0	"{s1:1→1 / s2:1→1 / s3:1→2, 38→1, s1:1→1 / s2:1→1 / s3:1→3, 38→1, s1:1→1 / s2:1→1 / s3:1→4, 38→1, s1:1→1 / s3:1→2, 38→1}"	"{s2:39→1 / s3:39→1, s2:39→1 / s3:39→1, s2:39→1 / s3:39→1, s2:39→1 / s3:39→1}"
39	4	42	211	2	1	0	0	0	0	0	0	"s1:1→1 / s3:1→3, 38→2"	"s2:39→1 / s3:40→1"
39	4	42	212	1	1	0	0	0	0	0	0	"{s1:1→1, 38→1 / s2:1→1, s1:1→1 / s2:1→1, s1:1→1 / s2:1→1, 38→1, s1:1→1 / s2:1→2, 38→1, s1:1→1 / s2:1→2, 38→1, s1:1→1 / s2:1→2, 38→2, s1:1→1 / s2:1→3, 38→1, s1:1→1 / s2:1→3, 38→2, s1:1→1 / s2:1→3, 38→2, s1:1→1 / s2:1→4, 38→1, s1:1→2, 38→1, s1:1→2, 38→1 / s2:1→1, s1:1→3, 38→1, s1:1→3, 38→1 / s2:1→1, s1:1→4, 38→1}"	"{s2:39→1, s2:39→1, s2:40→1, s2:39→1, s2:40→1, s2:40→1, s2:39→1, s2:39→1, s2:40→1, s2:39→1, s2:39→1, s2:39→1, s2:39→1, s2:39→1, s2:39→1}"
39	4	42	213	0	1	0	0	0	0	0	0	"{s1:1→1, 38→1, s1:1→2, 38→1, s1:1→2, 38→2, s1:1→3, 38→1, s1:1→3, 38→2, s1:1→4, 38→1}"	""
39	4	42	218	2	0	0	0	0	0	0	0	"{s1:1→1 / s2:1→2, s1:1→1 / s2:1→2, 38→1, s1:1→1 / s2:1→3, 38→1, s1:1→1 / s2:1→3, 38→2, s1:1→1 / s2:1→4, 38→1, s1:1→2 / s2:1→2, s1:1→2 / s2:1→4, 38→1, s2:1→2, 38→1, s2:1→3, 38→1, s2:1→3, 38→2, s2:1→4, 38→1}"	"{s1:39→1 / s2:39→1, s1:39→1 / s2:39→1, s1:39→1 / s2:39→1, s1:39→1 / s2:39→1, s1:39→1 / s2:39→1, s1:39→1 / s2:39→1, s1:39→1 / s2:39→1, s1:39→1 / s2:39→1, s1:39→1 / s2:39→1, s1:39→1 / s2:39→1, s1:39→1 / s2:39→1}"
39	4	42	220	1	0	0	0	0	0	0	0	"{s1:1→1, 38→1, s1:1→2, s1:1→2, 38→1, s1:1→2, 38→2, s1:1→3, 38→2, s1:1→4, 38→1}"	"{s1:39→1, s1:39→1, s1:39→1, s1:39→1, s1:39→1, s1:39→1}"
39	4	43	166	2	0	0	1	0	0	0	0	"s1:1→1"	"s2:39→1 / s3:39→1"
39	4	43	190	2	0	1	0	0	0	0	0	"s1:1→1 / s3:1→1, 38→1"	"s2:39→1 / s3:39→1"
39	4	43	192	1	0	1	0	0	0	0	0	"{s1:1→1 / s2:1→1, s1:1→1 / s2:1→1, 38→2}"	"{s2:39→1, s2:39→1}"
39	4	43	204	1	2	0	0	0	0	0	0	"s1:1→1 / s2:1→2, 38→1"	"s3:39→1"
39	4	43	210	2	1	0	0	0	0	0	0	"{s1:1→1 / s2:1→1 / s3:1→1, s1:1→1 / s2:1→1 / s3:1→2, s1:1→1 / s2:1→2 / s3:1→2, s1:1→1 / s3:1→3, 38→1}"	"{s2:39→1 / s3:39→1, s2:39→1 / s3:39→1, s2:39→1 / s3:39→1, s2:39→1 / s3:39→1}"
39	4	43	211	2	1	0	0	0	0	0	0	"{s1:1→1 / s2:1→1 / s3:1→1, 38→1, s1:1→1 / s3:1→1, 38→1}"	"{s2:39→1 / s3:40→1, s2:39→1 / s3:40→1}"
39	4	43	212	1	1	0	0	0	0	0	0	"{s1:1→1, 38→1, s1:1→1 / s2:1→2, s1:1→1 / s2:1→2, 38→2, s1:1→1 / s2:1→3, 38→1, s1:1→1 / s2:1→4, 38→1}"	"{s2:39→1, s2:39→1, s2:39→1, s2:40→1, s2:40→1}"
39	4	43	213	0	1	0	0	0	0	0	0	"s1:1→1, 38→2"	""
39	4	43	218	2	0	0	0	0	0	0	0	"{s1:1→1 / s2:1→1, 38→1, s1:1→1 / s2:1→2, 38→2, s1:1→1 / s2:1→3, s1:1→2 / s2:1→3, s1:1→2 / s2:1→4, s1:1→3 / s2:1→3, s1:1→3 / s2:1→4, s1:1→4 / s2:1→4, s2:1→1, 38→1, s2:1→1, 38→2, s2:1→2, 38→2}"	"{s1:39→1 / s2:39→1, s1:39→1 / s2:39→1, s1:39→1 / s2:39→1, s1:39→1 / s2:39→1, s1:39→1 / s2:39→1, s1:39→1 / s2:39→1, s1:39→1 / s2:39→1, s1:39→1 / s2:39→1, s1:39→1 / s2:39→1, s1:39→1 / s2:39→1, s1:39→1 / s2:39→1, s1:39→1 / s2:39→1}"
39	4	43	220	1	0	0	0	0	0	0	0	"{s1:1→1, 38→2, s1:1→1, 38→3, s1:1→1, 38→4, s1:1→2, 38→3, s1:1→3, s1:1→4}"	"{s1:39→1, s1:39→1, s1:39→1, s1:39→1, s1:39→1, s1:39→1}"
39	4	44	161	0	1	0	1	0	0	0	0	"s1:1→1 / s2:38→1"	""
39	4	44	166	2	0	0	1	0	0	0	0	"{s1:1→1 / s3:38→1, s1:1→1 / s3:38→2}"	"{s2:39→1 / s3:39→1, s2:39→1 / s3:39→1}"
39	4	44	168	1	0	0	1	0	0	0	0	"{s1:1→1 / s2:38→1, s1:1→1 / s2:38→2, s1:1→1 / s2:38→3, s1:1→1 / s2:38→4, s1:1→1 / s2:38→5}"	"{s2:39→1, s2:39→1, s2:39→1, s2:39→1, s2:39→1}"
39	4	44	190	2	0	1	0	0	0	0	0	"{s1:1→1 / s3:1→1, s1:1→1 / s3:1→1, 38→2}"	"{s2:39→1 / s3:39→1, s2:39→1 / s3:39→1}"
39	4	44	192	1	0	1	0	0	0	0	0	"s1:1→1 / s2:1→1, 38→3"	"s2:39→1"
39	4	44	210	2	1	0	0	0	0	0	0	"s1:1→1 / s3:1→3, 38→2"	"s2:39→1 / s3:39→1"
39	4	44	212	1	1	0	0	0	0	0	0	"{s1:1→1 / s2:1→1, 38→1, s1:1→1 / s2:1→2, 38→3, s1:1→1 / s2:1→3, s1:1→1 / s2:1→4, s1:1→1 / s2:1→5}"	"{s2:39→1, s2:40→1, s2:39→1, s2:39→1, s2:39→1}"
39	4	44	213	0	1	0	0	0	0	0	0	"{s1:38→1, s1:38→2}"	""
39	4	44	218	2	0	0	0	0	0	0	0	"{s1:1→2 / s2:1→5, s1:1→3 / s2:1→5, s1:1→4 / s2:1→5, s1:1→5 / s2:1→5, s2:1→2, s2:38→1, s2:38→2}"	"{s1:39→1 / s2:39→1, s1:39→1 / s2:39→1, s1:39→1 / s2:39→1, s1:39→1 / s2:39→1, s1:39→1 / s2:39→1, s1:39→1 / s2:39→1, s1:39→1 / s2:39→1}"
39	4	44	220	1	0	0	0	0	0	0	0	"{s1:1→5, s1:38→1, s1:38→2, s1:38→3, s1:38→4, s1:38→5}"	"{s1:39→1, s1:39→1, s1:39→1, s1:39→1, s1:39→1, s1:39→1}"
39	4	45	160	1	1	0	1	0	0	0	0	"s1:1→1 / s2:38→1"	"s3:39→1"
39	4	45	161	0	1	0	1	0	0	0	0	"s1:1→1 / s2:38→2"	""
39	4	45	190	2	0	1	0	0	0	0	0	"s1:1→1"	"s2:39→1 / s3:39→1"
39	4	45	192	1	0	1	0	0	0	0	0	"s1:1→1 / s2:1→1, 38→4"	"s2:39→1"
39	4	45	204	1	2	0	0	0	0	0	0	"s1:1→1 / s2:1→1 / s3:1→1"	"s3:39→1"
39	4	45	205	0	2	0	0	0	0	0	0	"s1:1→1 / s2:1→1"	""
39	4	45	210	2	1	0	0	0	0	0	0	"s1:1→1 / s2:1→1 / s3:1→3"	"s2:39→1 / s3:39→1"
39	4	45	212	1	1	0	0	0	0	0	0	"{s1:1→1, 38→1 / s2:1→1, s1:1→1 / s2:1→1, s1:1→1 / s2:1→2, s1:1→2 / s2:1→3, s1:1→2 / s2:1→4, s1:38→1}"	"{s2:40→1, s2:40→1, s2:40→1, s2:39→1, s2:39→1, s2:39→1}"
39	4	45	213	0	1	0	0	0	0	0	0	"{s1:1→2, s1:1→3}"	""
39	4	45	218	2	0	0	0	0	0	0	0	"s1:1→1 / s2:1→4"	"s1:39→1 / s2:39→1"
39	4	46	205	0	2	0	0	0	0	0	0	"s1:1→1 / s2:1→2"	""
39	4	46	211	2	1	0	0	0	0	0	0	"s1:1→1 / s3:1→2, 38→1"	"s2:39→1 / s3:40→1"
39	4	46	212	1	1	0	0	0	0	0	0	"{s1:1→1 / s2:1→3, s1:1→1 / s2:1→4, s1:1→1 / s2:1→5, s1:1→2 / s2:1→2}"	"{s2:40→1, s2:40→1, s2:40→1, s2:39→1}"
39	4	46	213	0	1	0	0	0	0	0	0	"{s1:1→4, s1:1→5}"	""
39	4	47	210	2	1	0	0	0	0	0	0	"s1:1→1 / s2:1→1 / s3:1→4"	"s2:39→1 / s3:39→1"
39	4	47	211	2	1	0	0	0	0	0	0	"s1:1→1 / s3:1→2, 38→2"	"s2:39→1 / s3:40→1"
39	4	48	210	2	1	0	0	0	0	0	0	"s1:1→1 / s3:1→1"	"s2:39→1 / s3:39→1"
39	4	49	212	1	1	0	0	0	0	0	0	"s1:1→1 / s2:1→1, 38→2"	"s2:40→1"
39	4	49	218	2	0	0	0	0	0	0	0	"s1:1→1 / s2:1→5"	"s1:39→1 / s2:39→1"
39	4	52	212	1	1	0	0	0	0	0	0	"s1:1→2 / s2:1→1"	"s2:39→1"
39	4	53	185	0	1	1	0	0	0	0	0	"s1:1→1 / s2:38→1"	""
39	4	53	210	2	1	0	0	0	0	0	0	"s1:1→1 / s2:1→1 / s3:1→5"	"s2:39→1 / s3:39→1"
39	4	54	211	2	1	0	0	0	0	0	0	"s1:1→1 / s2:1→1 / s3:1→1"	"s2:40→1 / s3:39→1"
39	4	55	184	1	1	1	0	0	0	0	0	"s1:1→1 / s2:38→1"	"s3:39→1"
39	4	57	218	2	0	0	0	0	0	0	0	"s1:1→2 / s2:1→3, 38→1"	"s1:39→1 / s2:39→1"
39	4	60	192	1	0	1	0	0	0	0	0	"s1:1→1 / s2:38→1"	"s2:39→1"
39	4	61	185	0	1	1	0	0	0	0	0	"s1:1→1 / s2:38→2"	""
39	4	61	190	2	0	1	0	0	0	0	0	"s1:1→1 / s3:38→1"	"s2:39→1 / s3:39→1"
39	4	62	192	1	0	1	0	0	0	0	0	"s1:1→1 / s2:38→2"	"s2:39→1"
39	4	62	204	1	2	0	0	0	0	0	0	"s1:1→1 / s2:1→1, 38→1"	"s3:39→1"
39	4	63	190	2	0	1	0	0	0	0	0	"s1:1→1 / s3:38→2"	"s2:39→1 / s3:39→1"
39	4	63	192	1	0	1	0	0	0	0	0	"{s1:1→1 / s2:38→3, s1:1→1 / s2:38→4, s1:1→1 / s2:38→5}"	"{s2:39→1, s2:39→1, s2:39→1}"
39	4	70	212	1	1	0	0	0	0	0	0	"s1:1→1 / s2:1→2, 38→3"	"s2:39→1"
39	4	71	210	2	1	0	0	0	0	0	0	"s1:1→1 / s3:1→4, 38→1"	"s2:39→1 / s3:39→1"
39	4	72	212	1	1	0	0	0	0	0	0	"s1:1→2, 38→1 / s2:1→2"	"s2:39→1"
39	4	96	211	2	1	0	0	0	0	0	0	"s1:1→1 / s3:1→3, 38→1"	"s2:39→1 / s3:40→1"
39	4	99	210	2	1	0	0	0	0	0	0	"s1:1→1 / s3:1→2, 38→2"	"s2:39→1 / s3:39→1"
39	4	105	205	0	2	0	0	0	0	0	0	"s1:1→1 / s2:1→1, 38→2"	""
39	4	111	211	2	1	0	0	0	0	0	0	"s1:1→1 / s3:1→2, 38→3"	"s2:39→1 / s3:40→1"
39	4	123	210	2	1	0	0	0	0	0	0	"s1:1→1 / s3:1→1, 38→1"	"s2:39→1 / s3:39→1"
39	4	128	218	2	0	0	0	0	0	0	0	"s2:1→3"	"s1:39→1 / s2:39→1"
39	4	131	212	1	1	0	0	0	0	0	0	"s1:1→3 / s2:1→1"	"s2:39→1"
39	4	134	211	2	1	0	0	0	0	0	0	"s1:1→1 / s3:1→4, 38→1"	"s2:39→1 / s3:40→1"
39	4	135	211	2	1	0	0	0	0	0	0	"s1:1→1 / s3:1→1, 38→2"	"s2:39→1 / s3:40→1"
39	4	138	212	1	1	0	0	0	0	0	0	"s1:1→1 / s2:1→1, 38→3"	"s2:40→1"
39	4	143	212	1	1	0	0	0	0	0	0	"s1:1→1 / s2:1→1, 38→2"	"s2:39→1"
39	4	148	210	2	1	0	0	0	0	0	0	"s1:1→1 / s3:1→2"	"s2:39→1 / s3:39→1"
39	4	151	210	2	1	0	0	0	0	0	0	"s1:1→2 / s2:1→1 / s3:1→1"	"s2:39→1 / s3:39→1"
39	4	167	210	2	1	0	0	0	0	0	0	"s1:1→1 / s2:38→1 / s3:1→1, 38→3"	"s2:40→1 / s3:40→1"
39	4	167	212	1	1	0	0	0	0	0	0	"s1:1→1 / s2:38→1"	"s2:40→1"
39	4	173	218	2	0	0	0	0	0	0	0	"s2:1→4"	"s1:39→1 / s2:39→1"
39	4	180	210	2	1	0	0	0	0	0	0	"s1:1→1 / s2:38→1 / s3:38→1"	"s2:40→1 / s3:40→1"
39	4	186	210	2	1	0	0	0	0	0	0	"s1:1→1 / s2:38→1 / s3:1→1, 38→4"	"s2:40→1 / s3:40→1"
39	4	186	212	1	1	0	0	0	0	0	0	"s1:1→1 / s2:1→1, 38→4"	"s2:40→1"
39	4	187	210	2	1	0	0	0	0	0	0	"s1:1→1 / s3:1→3"	"s2:39→1 / s3:39→1"
39	4	189	211	2	1	0	0	0	0	0	0	"s1:1→1 / s3:1→1, 38→3"	"s2:39→1 / s3:40→1"
39	5	39	177	0	1	0	0	0	0	0	0	""	"{s1:1→1, s1:39→1}"
39	5	41	168	0	2	0	0	0	0	0	0	""	"s1:39→1 / s2:1→1"
39	5	43	177	0	1	0	0	0	0	0	0	"s1:38→1"	"s1:1→1"
39	5	44	169	0	2	0	0	0	0	0	0	"s1:38→1"	"s2:1→1"
39	5	44	178	0	1	0	0	0	0	0	0	"s1:38→1"	""
39	6	39	178	0	1	0	0	0	0	0	0	"s1:39→1"	""
39	6	43	170	0	2	0	0	0	0	0	0	"s1:39→1 / s2:37→1"	""
39	6	44	177	1	1	0	0	0	0	0	0	"{s1:39→1 / s2:37→1, s1:39→1 / s2:37→2}"	"{s2:40→1, s2:40→1}"
39	6	44	178	0	1	0	0	0	0	0	0	"s1:37→1, 39→1"	""
39	6	45	177	1	1	0	0	0	0	0	0	"{s1:39→1 / s2:37→3, s1:39→1 / s2:37→4, s1:39→1 / s2:37→5}"	"{s2:40→1, s2:40→1, s2:40→1}"
39	7	39	125	0	0	0	1	0	0	0	0	"s1:39→1"	""
39	7	39	149	0	0	1	0	0	0	0	0	"s1:39→1"	""
39	7	39	169	0	1	0	0	0	0	0	0	"s1:39→1"	""
39	7	44	161	0	2	0	0	0	0	0	0	"s1:39→1 / s2:39→1"	""
39	7	44	168	1	1	0	0	0	0	0	0	"{s1:39→1 / s2:39→1, s1:39→1 / s2:39→2, s1:39→1 / s2:39→3, s1:39→1 / s2:39→4, s1:39→1 / s2:39→5}"	"{s2:40→1, s2:40→1, s2:40→1, s2:40→1, s2:40→1}"
39	7	44	169	0	1	0	0	0	0	0	0	"{s1:39→2, s1:39→3, s1:39→4, s1:39→5}"	""
39	7	45	161	0	2	0	0	0	0	0	0	"s1:39→1 / s2:39→2"	""
39	8	39	168	0	0	0	1	0	0	0	0	"s1:1→1"	""
39	8	39	192	0	0	1	0	0	0	0	0	"s1:1→1"	""
39	8	39	212	0	1	0	0	0	0	0	0	"s1:1→1"	""
39	8	41	218	1	0	0	0	0	0	0	0	"{s1:1→1, s1:1→2, s1:1→4, 37→1}"	"{s1:38→1, s1:38→1, s1:38→1}"
39	8	42	204	0	2	0	0	0	0	0	0	"s1:1→1 / s2:1→2, 37→1"	""
39	8	42	210	1	1	0	0	0	0	0	0	"{s1:1→1 / s2:1→1, s1:1→1 / s2:1→2, s1:1→1 / s2:1→2, 37→1, s1:1→1 / s2:1→3, 37→1, s1:1→1 / s2:1→4, 37→1}"	"{s2:38→1, s2:38→1, s2:38→1, s2:38→1, s2:38→1}"
39	8	42	211	1	1	0	0	0	0	0	0	"{s1:1→1 / s2:1→1, 37→1, s1:1→1 / s2:1→2, 37→1, s1:1→1 / s2:1→3, 37→1, s1:1→1 / s2:1→3, 37→2, s1:1→1 / s2:1→4, 37→1}"	"{s2:40→1, s2:40→1, s2:40→1, s2:40→1, s2:40→1}"
39	8	42	212	0	1	0	0	0	0	0	0	"{s1:1→2, 37→1, s1:1→3, 37→1, s1:1→4, 37→1}"	""
39	8	42	218	1	0	0	0	0	0	0	0	"{s1:1→2, 37→1, s1:1→3, s1:1→3, 37→1, s1:1→3, 37→2, s1:1→4}"	"{s1:38→1, s1:38→1, s1:38→1, s1:38→1, s1:38→1}"
39	8	43	166	1	0	0	1	0	0	0	0	"s1:1→1"	"s2:38→1"
39	8	43	190	1	0	1	0	0	0	0	0	"{s1:1→1 / s2:1→1, s1:1→1 / s2:1→1, 37→1}"	"{s2:38→1, s2:38→1}"
39	8	43	210	1	1	0	0	0	0	0	0	"{s1:1→1 / s2:1→3, s1:1→1 / s2:1→3, 37→2, s1:1→1 / s2:1→4}"	"{s2:38→1, s2:38→1, s2:38→1}"
39	8	43	211	1	1	0	0	0	0	0	0	"s1:1→1 / s2:1→2, 37→2"	"s2:40→1"
39	8	43	212	0	1	0	0	0	0	0	0	"s1:1→1, 37→1"	""
39	8	43	218	1	0	0	0	0	0	0	0	"{s1:1→1, 37→1, s1:1→1, 37→2, s1:1→2, 37→2, s1:1→5}"	"{s1:38→1, s1:38→1, s1:38→1, s1:38→1, s1:38→1}"
39	8	44	160	0	1	0	1	0	0	0	0	"s1:1→1 / s2:37→1"	""
39	8	44	166	1	0	0	1	0	0	0	0	"{s1:1→1 / s2:37→1, s1:1→1 / s2:37→2}"	"{s2:38→1, s2:38→1}"
39	8	44	190	1	0	1	0	0	0	0	0	"s1:1→1 / s2:1→1, 37→2"	"s2:38→1"
39	8	44	210	1	1	0	0	0	0	0	0	"s1:1→1 / s2:1→5"	"s2:38→1"
39	8	44	212	0	1	0	0	0	0	0	0	"s1:37→1"	""
39	8	44	218	1	0	0	0	0	0	0	0	"{s1:37→1, s1:37→2}"	"{s1:38→1, s1:38→1}"
39	8	45	190	1	0	1	0	0	0	0	0	"s1:1→1"	"s2:38→1"
39	8	45	204	0	2	0	0	0	0	0	0	"{s1:1→1 / s2:1→1, s1:1→1 / s2:1→1, 37→1}"	""
39	8	45	210	1	1	0	0	0	0	0	0	"s1:1→2 / s2:1→4"	"s2:38→1"
39	8	45	211	1	1	0	0	0	0	0	0	"{s1:1→1 / s2:1→1, s1:1→1 / s2:1→2, s1:1→1 / s2:1→3, s1:1→1 / s2:1→4, s1:1→1 / s2:1→5}"	"{s2:40→1, s2:40→1, s2:40→1, s2:40→1, s2:40→1}"
39	8	45	212	0	1	0	0	0	0	0	0	"{s1:1→2, s1:1→3, s1:1→4, s1:1→5}"	""
39	8	46	204	0	2	0	0	0	0	0	0	"s1:1→1 / s2:1→2"	""
39	8	47	210	1	1	0	0	0	0	0	0	"s1:1→2 / s2:1→3"	"s2:38→1"
39	8	51	184	0	1	1	0	0	0	0	0	"s1:1→1 / s2:37→1"	""
39	8	53	190	1	0	1	0	0	0	0	0	"{s1:1→1 / s2:37→1, s1:1→1 / s2:37→2}"	"{s2:38→1, s2:38→1}"
39	8	73	210	1	1	0	0	0	0	0	0	"s1:1→1 / s2:1→2, 37→2"	"s2:38→1"
39	8	89	211	1	1	0	0	0	0	0	0	"s1:1→1 / s2:1→2, 37→3"	"s2:40→1"
39	8	104	210	1	1	0	0	0	0	0	0	"s1:1→1 / s2:1→1, 37→1"	"s2:38→1"
39	8	120	210	1	1	0	0	0	0	0	0	"s1:1→2 / s2:1→2"	"s2:38→1"
39	8	120	211	1	1	0	0	0	0	0	0	"s1:1→1 / s2:1→1, 37→2"	"s2:40→1"
39	8	143	202	1	2	0	0	0	0	0	0	"s1:1→1 / s2:1→1 / s3:1→1"	"s3:38→1"
39	8	186	211	1	1	0	0	0	0	0	0	"s1:1→1 / s2:1→1, 37→3"	"s2:40→1"
39	8	193	210	1	1	0	0	0	0	0	0	"s1:1→1 / s2:1→1, 37→2"	"s2:38→1"
39	9	39	125	0	0	0	1	0	0	0	0	"s1:39→1"	""
39	9	39	149	0	0	1	0	0	0	0	0	"s1:39→1"	""
39	9	39	169	0	1	0	0	0	0	0	0	"{s1:1→1, s1:39→1}"	""
39	9	40	117	0	1	0	1	0	0	0	0	"s1:39→1 / s2:1→1"	""
39	9	40	141	0	1	1	0	0	0	0	0	"s1:39→1 / s2:1→1"	""
39	9	40	161	0	2	0	0	0	0	0	0	"s1:39→1 / s2:1→1"	""
39	9	42	168	1	1	0	0	0	0	0	0	"{s1:1→1 / s2:39→1, s1:39→1 / s2:1→1}"	"{s2:40→1, s2:40→1}"
39	9	42	169	0	1	0	0	0	0	0	0	"s1:1→1, 39→1"	""
39	9	43	168	1	1	0	0	0	0	0	0	"{s1:1→1, 39→1 / s2:39→1, s1:39→1 / s2:1→2, 39→1, s1:39→1 / s2:1→3, 39→2}"	"{s2:40→1, s2:40→1, s2:40→1}"
39	9	43	169	0	1	0	0	0	0	0	0	"s1:1→1, 39→2"	""
39	9	44	160	1	2	0	0	0	0	0	0	"{s1:39→1 / s2:1→1 / s3:39→1, s1:39→1 / s2:1→1 / s3:39→2, s1:39→1 / s2:1→1 / s3:39→3}"	"{s3:41→1, s3:41→1, s3:41→1}"
39	9	44	161	0	2	0	0	0	0	0	0	"{s1:39→1 / s2:1→1, 39→1, s1:39→1 / s2:1→1, 39→2, s1:39→2 / s2:1→1, 39→1}"	""
39	9	44	166	2	1	0	0	0	0	0	0	"{s1:39→1 / s2:1→1 / s3:1→1, s1:39→1 / s2:1→1 / s3:1→1, 39→1, s1:39→1 / s2:1→1 / s3:1→1, 39→2, s1:39→1 / s2:1→1 / s3:1→2, 39→1, s1:39→1 / s2:1→1 / s3:1→2, 39→2, s1:39→1 / s2:1→1 / s3:1→3, 39→1, s1:39→1 / s2:1→1 / s3:1→3, 39→2}"	"{s2:40→1 / s3:40→1, s2:40→1 / s3:40→1, s2:40→1 / s3:40→1, s2:40→1 / s3:40→1, s2:40→1 / s3:40→1, s2:40→1 / s3:40→1, s2:40→1 / s3:40→1}"
39	9	44	168	1	1	0	0	0	0	0	0	"{s1:1→1, 39→1 / s2:39→2, s1:1→1, 39→1 / s2:39→3, s1:1→1, 39→1 / s2:39→4, s1:1→1, 39→1 / s2:39→5, s1:1→1 / s2:39→2, s1:1→1 / s2:39→3, s1:1→1 / s2:39→4, s1:1→1 / s2:39→5, s1:39→1 / s2:1→1, 39→1, s1:39→1 / s2:1→1, 39→2, s1:39→1 / s2:1→1, 39→3, s1:39→1 / s2:1→1, 39→4, s1:39→1 / s2:1→2, 39→2, s1:39→1 / s2:1→2, 39→3, s1:39→1 / s2:1→3, 39→1, s1:39→1 / s2:1→4, 39→1, s1:39→1 / s2:39→1, s1:39→1 / s2:39→5}"	"{s2:40→1, s2:40→1, s2:40→1, s2:40→1, s2:40→1, s2:40→1, s2:40→1, s2:40→1, s2:40→1, s2:40→1, s2:40→1, s2:40→1, s2:40→1, s2:40→1, s2:40→1, s2:40→1, s2:40→1, s2:40→1}"
39	9	44	169	0	1	0	0	0	0	0	0	"{s1:1→1, 39→3, s1:1→1, 39→4, s1:39→2, s1:39→3, s1:39→4, s1:39→5}"	""
39	9	45	140	1	1	1	0	0	0	0	0	"s1:39→1 / s2:1→1 / s3:39→1"	"s3:41→1"
39	9	45	152	1	3	0	0	0	0	0	0	"s1:39→1 / s2:39→1 / s3:1→1 / s4:39→1"	"s4:42→1"
39	9	45	153	0	3	0	0	0	0	0	0	"{s1:39→1 / s2:39→1 / s3:1→1, s1:39→1 / s2:39→2 / s3:1→1}"	""
39	9	45	159	2	2	0	0	0	0	0	0	"s1:39→1 / s2:1→1 / s3:39→1 / s4:39→1"	"s3:41→1 / s4:40→1"
39	9	45	160	1	2	0	0	0	0	0	0	"{s1:39→1 / s2:1→1 / s3:39→1, s1:39→1 / s2:1→1 / s3:39→2, s1:39→1 / s2:1→1 / s3:39→3, s1:39→1 / s2:1→1 / s3:39→4, s1:39→1 / s2:1→1 / s3:39→4, s1:39→1 / s2:1→1 / s3:39→5, s1:39→1 / s2:1→1 / s3:39→5, s1:39→2 / s2:1→1 / s3:39→1, s1:39→2 / s2:1→1 / s3:39→2, s1:39→2 / s2:1→1 / s3:39→3, s1:39→2 / s2:1→1 / s3:39→4, s1:39→3 / s2:1→1 / s3:39→1}"	"{s3:40→1, s3:40→1, s3:40→1, s3:40→1, s3:41→1, s3:40→1, s3:41→1, s3:41→1, s3:41→1, s3:41→1, s3:41→1, s3:41→1}"
39	9	45	161	0	2	0	0	0	0	0	0	"{s1:39→1 / s2:39→1, s1:39→1 / s2:39→2, s1:39→2 / s2:1→1, s1:39→3 / s2:1→1, s1:39→4 / s2:1→1, s1:39→5 / s2:1→1}"	""
39	9	45	166	2	1	0	0	0	0	0	0	"s1:39→1 / s2:1→1 / s3:1→2"	"s2:40→1 / s3:40→1"
39	9	45	168	1	1	0	0	0	0	0	0	"{s1:39→1 / s2:1→2, s1:39→1 / s2:39→2, s1:39→1 / s2:39→3, s1:39→1 / s2:39→4}"	"{s2:40→1, s2:40→1, s2:40→1, s2:40→1}"
39	9	46	160	1	2	0	0	0	0	0	0	"s1:39→1 / s2:39→1 / s3:1→1"	"s3:41→1"
39	9	46	166	2	1	0	0	0	0	0	0	"s1:39→1 / s2:1→1 / s3:1→3"	"s2:40→1 / s3:40→1"
39	9	46	168	1	1	0	0	0	0	0	0	"s1:39→1 / s2:1→3"	"s2:40→1"
39	9	47	168	1	1	0	0	0	0	0	0	"{s1:39→1 / s2:1→4, s1:39→2 / s2:1→1}"	"{s2:40→1, s2:40→1}"
39	9	48	168	1	1	0	0	0	0	0	0	"s1:39→1 / s2:1→5"	"s2:40→1"
39	9	53	166	2	1	0	0	0	0	0	0	"s1:39→1 / s2:39→1 / s3:1→1"	"s2:40→1 / s3:40→1"
39	9	133	166	2	1	0	0	0	0	0	0	"s1:39→1 / s2:39→2 / s3:1→1"	"s2:40→1 / s3:40→1"
39	10	39	178	0	1	0	0	0	0	0	0	"s1:2→1"	""
39	10	43	170	0	2	0	0	0	0	0	0	"s1:2→1 / s2:1→1"	""
39	10	44	177	1	1	0	0	0	0	0	0	"{s1:2→1 / s2:1→1, s1:2→1 / s2:1→2}"	"{s2:40→1, s2:40→1}"
39	10	44	178	0	1	0	0	0	0	0	0	"s1:1→1, 2→1"	""
39	10	45	177	1	1	0	0	0	0	0	0	"{s1:2→1 / s2:1→3, s1:2→1 / s2:1→4, s1:2→1 / s2:1→5}"	"{s2:40→1, s2:40→1, s2:40→1}"
39	11	39	44	0	0	0	0	0	0	0	1	"s1:39→1"	""
39	11	39	159	0	0	0	0	0	0	1	0	"s1:39→1"	""
39	11	39	187	0	0	0	0	0	1	0	0	"s1:39→1"	""
39	11	39	214	0	0	0	0	1	0	0	0	"s1:39→1"	""
39	11	39	240	0	0	0	1	0	0	0	0	"s1:39→1"	""
39	11	39	264	0	0	1	0	0	0	0	0	"s1:39→1"	""
39	11	44	255	1	1	1	0	0	0	0	0	"s1:39→1 / s2:39→1 / s3:39→1"	"s3:41→1"
39	11	44	256	0	1	1	0	0	0	0	0	"{s1:39→1 / s2:39→1, s1:39→1 / s2:39→2, s1:39→1 / s2:39→3}"	""
39	11	44	260	0	4	0	0	0	0	0	0	"s1:39→1 / s2:39→1 / s3:39→1 / s4:39→1"	""
39	11	44	264	0	0	1	0	0	0	0	0	"s1:39→2"	""
39	11	44	267	1	3	0	0	0	0	0	0	"s1:39→1 / s2:39→1 / s3:39→1 / s4:39→1"	"s4:42→1"
39	11	44	268	0	3	0	0	0	0	0	0	"{s1:39→1 / s2:39→1 / s3:39→1, s1:39→1 / s2:39→1 / s3:39→2, s1:39→1 / s2:39→1 / s3:39→3}"	""
39	11	44	273	2	2	0	0	0	0	0	0	"{s1:39→1 / s2:39→1 / s3:2→1, 39→1 / s4:1→1, 39→1, s1:39→1 / s2:39→1 / s3:39→1 / s4:39→1, s1:39→1 / s2:39→1 / s3:39→1 / s4:39→2}"	"{s3:41→1 / s4:41→1, s3:41→1 / s4:41→1, s3:41→1 / s4:41→1}"
39	11	45	232	0	1	0	1	0	0	0	0	"s1:39→1 / s2:39→1"	""
39	11	45	236	0	0	2	0	0	0	0	0	"s1:39→1 / s2:39→1"	""
39	11	45	248	0	2	1	0	0	0	0	0	"s1:39→1 / s2:39→1 / s3:39→1"	""
39	11	45	255	1	1	1	0	0	0	0	0	"s1:39→1 / s2:39→1 / s3:2→1, 39→1"	"s3:41→1"
39	11	46	206	0	1	0	0	1	0	0	0	"s1:39→1 / s2:39→1"	""
39	11	47	273	2	2	0	0	0	0	0	0	"{s1:39→1 / s2:39→1 / s3:2→1, 39→1 / s4:1→1, 39→2, s1:39→1 / s2:39→1 / s3:39→1 / s4:2→1, 39→2}"	"{s3:41→1 / s4:41→1, s3:41→1 / s4:41→1}"
39	11	55	267	1	3	0	0	0	0	0	0	"s1:39→1 / s2:39→1 / s3:39→1 / s4:2→1, 39→1"	"s4:42→1"
39	11	82	273	2	2	0	0	0	0	0	0	"s1:39→1 / s2:39→1 / s3:39→1 / s4:2→1, 39→1"	"s3:41→1 / s4:41→1"
39	12	39	177	0	1	0	0	0	0	0	0	""	"s1:39→1"
39	12	44	178	0	1	0	0	0	0	0	0	"s1:38→1"	""
39	13	39	211	2	0	0	0	0	0	0	0	""	"s1:39→1 / s2:1→1"
39	13	39	212	1	0	0	0	0	0	0	0	""	"s1:39→1"
39	13	42	203	2	1	0	0	0	0	0	0	"s1:2→1, 38→1"	"s2:39→1 / s3:1→1"
39	13	42	204	1	1	0	0	0	0	0	0	"s1:2→1, 38→1"	"s2:39→1"
39	13	42	205	0	1	0	0	0	0	0	0	"{s1:2→1, 38→1, s1:2→1, 38→2, s1:2→2, 38→2}"	""
39	13	42	210	2	0	0	0	0	0	0	0	"{s1:2→1 / s2:2→1, s1:2→1 / s2:2→2, 38→1, s1:2→1 / s2:2→3, 38→1, s1:2→1 / s2:2→4, 38→1, s2:2→1, 38→1, s2:2→1, 38→2, s2:2→2, 38→1, s2:2→2, 38→2, s2:2→3, 38→2}"	"{s1:39→1 / s2:39→1, s1:39→1 / s2:39→1, s1:39→1 / s2:39→1, s1:39→1 / s2:39→1, s1:39→1 / s2:39→1, s1:39→1 / s2:39→1, s1:39→1 / s2:39→1, s1:39→1 / s2:39→1, s1:39→1 / s2:39→1}"
39	13	42	211	2	0	0	0	0	0	0	0	"{s1:2→1, 38→1 / s2:2→1, 38→1, s1:2→1 / s2:2→1, 38→1, s2:2→1, 38→1, s2:2→1, 38→2, s2:2→1, 38→3, s2:2→2, 38→2, s2:2→2, 38→3, s2:2→3, 38→2}"	"{s1:39→1 / s2:1→1, s1:39→1 / s2:1→1, s1:39→1 / s2:1→1, s1:39→1 / s2:1→1, s1:39→1 / s2:1→1, s1:39→1 / s2:1→1, s1:39→1 / s2:1→1, s1:39→1 / s2:1→1}"
39	13	42	212	1	0	0	0	0	0	0	0	"{s1:2→1, s1:2→1, 38→1, s1:2→1, 38→2, s1:2→1, 38→3, s1:2→2, 38→1, s1:2→2, 38→2, s1:2→2, 38→3, s1:2→3, 38→1, s1:2→3, 38→2, s1:2→4, 38→1}"	"{s1:39→1, s1:39→1, s1:39→1, s1:39→1, s1:39→1, s1:39→1, s1:39→1, s1:39→1, s1:39→1, s1:39→1}"
39	13	43	204	1	1	0	0	0	0	0	0	"s1:2→1, 38→2"	"s2:1→1"
39	13	43	210	2	0	0	0	0	0	0	0	"{s1:2→1 / s2:2→2, s1:2→2 / s2:2→2, s2:2→3, 38→1}"	"{s1:39→1 / s2:39→1, s1:39→1 / s2:39→1, s1:39→1 / s2:39→1, s1:39→1 / s2:39→1}"
39	13	43	211	2	0	0	0	0	0	0	0	"{s2:2→1, 38→4, s2:38→1, s2:38→2}"	"{s1:39→1 / s2:1→1, s1:39→1 / s2:1→1, s1:39→1 / s2:1→1}"
39	13	43	212	1	0	0	0	0	0	0	0	"{s1:2→1, 38→4, s1:2→2, s1:2→3}"	"{s1:39→1, s1:39→1, s1:39→1}"
39	13	44	204	1	1	0	0	0	0	0	0	"s1:38→1"	"s2:39→1"
39	13	44	205	0	1	0	0	0	0	0	0	"{s1:38→1, s1:38→2}"	""
39	13	44	210	2	0	0	0	0	0	0	0	"{s1:2→1 / s2:2→3, s1:2→1 / s2:2→3, 38→2, s2:2→1, s2:38→1, s2:38→2}"	"{s1:39→1 / s2:39→1, s1:39→1 / s2:39→1, s1:39→1 / s2:39→1, s1:39→1 / s2:39→1, s1:39→1 / s2:39→1}"
39	13	44	211	2	0	0	0	0	0	0	0	"{s2:2→2, 38→1, s2:38→3, s2:38→4, s2:38→5}"	"{s1:39→1 / s2:1→1, s1:39→1 / s2:1→1, s1:39→1 / s2:1→1, s1:39→1 / s2:1→1}"
39	13	44	212	1	0	0	0	0	0	0	0	"{s1:2→4, s1:2→5, s1:38→1, s1:38→2, s1:38→3, s1:38→4, s1:38→5}"	"{s1:39→1, s1:39→1, s1:39→1, s1:39→1, s1:39→1, s1:39→1, s1:39→1}"
39	13	45	204	1	1	0	0	0	0	0	0	"s1:38→1 / s2:38→1"	"s2:1→1"
39	13	46	210	2	0	0	0	0	0	0	0	"s1:2→1 / s2:2→4"	"s1:39→1 / s2:39→1"
39	13	49	210	2	0	0	0	0	0	0	0	"s1:2→1 / s2:2→5"	"s1:39→1 / s2:39→1"
39	13	52	211	2	0	0	0	0	0	0	0	"s1:38→1 / s2:38→1"	"s1:39→1 / s2:1→1"
39	13	57	210	2	0	0	0	0	0	0	0	"s2:2→4, 38→1"	"s1:39→1 / s2:39→1"
39	13	87	211	2	0	0	0	0	0	0	0	"s2:2→3, 38→1"	"s1:39→1 / s2:1→1"
39	13	91	204	1	1	0	0	0	0	0	0	"s1:2→1, 38→1 / s2:2→1"	"s2:39→1"
39	13	132	211	2	0	0	0	0	0	0	0	"s2:2→4, 38→1"	"s1:39→1 / s2:1→1"
39	13	147	210	2	0	0	0	0	0	0	0	"s2:2→2"	"s1:39→1 / s2:39→1"
39	13	186	210	2	0	0	0	0	0	0	0	"s2:2→3"	"s1:39→1 / s2:39→1"
39	14	39	168	1	0	0	0	0	0	0	0	""	"s1:39→1"
39	14	43	166	2	0	0	0	0	0	0	0	""	"s1:39→1 / s2:39→1"
39	14	44	160	1	1	0	0	0	0	0	0	"s1:38→1"	"s2:39→1"
39	14	44	161	0	1	0	0	0	0	0	0	"{s1:38→1, s1:38→2}"	""
39	14	44	166	2	0	0	0	0	0	0	0	"{s2:38→1, s2:38→2}"	"{s1:39→1 / s2:39→1, s1:39→1 / s2:39→1}"
39	14	44	168	1	0	0	0	0	0	0	0	"{s1:38→1, s1:38→2, s1:38→3, s1:38→4, s1:38→5}"	"{s1:39→1, s1:39→1, s1:39→1, s1:39→1, s1:39→1}"
39	15	39	44	0	0	0	0	0	0	0	1	"s1:1→1"	""
39	15	39	159	0	0	0	0	0	0	1	0	"s1:1→1"	""
39	15	39	187	0	0	0	0	0	1	0	0	"s1:1→1"	""
39	15	39	214	0	0	0	0	1	0	0	0	"s1:1→1"	""
39	15	39	231	0	1	0	1	0	0	0	0	"s1:1→1"	"s2:39→1"
39	15	39	240	0	0	0	1	0	0	0	0	"s1:1→1"	""
39	15	39	264	0	0	1	0	0	0	0	0	"s1:1→1"	""
39	15	40	205	0	1	0	0	1	0	0	0	"s1:1→1"	"s2:39→1"
39	15	40	255	0	1	1	0	0	0	0	0	"s1:1→1 / s2:1→1"	"s2:38→1"
39	15	41	178	0	1	0	0	0	1	0	0	"s1:1→1"	"s2:39→1"
39	15	41	231	0	1	0	1	0	0	0	0	"s1:1→1 / s2:1→1"	"s2:38→1"
39	15	41	255	0	1	1	0	0	0	0	0	"s1:1→1 / s2:1→1"	"s2:39→1"
39	15	42	150	0	1	0	0	0	0	1	0	"s1:1→1"	"s2:39→1"
39	15	42	231	0	1	0	1	0	0	0	0	"s1:1→1 / s2:1→1"	"s2:39→1"
39	15	44	150	0	1	0	0	0	0	1	0	"s1:1→1"	"s2:38→1"
39	15	44	255	1	1	1	0	0	0	0	0	"s1:1→1 / s2:1→1 / s3:1→1"	"s3:41→1"
39	15	44	256	0	1	1	0	0	0	0	0	"{s1:1→1 / s2:1→1, s1:1→1 / s2:1→2, s1:1→1 / s2:1→3}"	""
39	15	44	260	0	4	0	0	0	0	0	0	"s1:1→1 / s2:1→1 / s3:1→1 / s4:1→1"	""
39	15	44	264	0	0	1	0	0	0	0	0	"s1:1→2"	""
39	15	44	267	0	3	0	0	0	0	0	0	"s1:1→1 / s2:1→1 / s3:1→1"	"s3:39→1"
39	15	44	267	1	3	0	0	0	0	0	0	"s1:1→1 / s2:1→1 / s3:1→1 / s4:1→1"	"s4:42→1"
39	15	44	268	0	3	0	0	0	0	0	0	"{s1:1→1 / s2:1→1 / s3:1→1, s1:1→1 / s2:1→1 / s3:1→2, s1:1→1 / s2:1→1 / s3:1→3}"	""
39	15	44	273	2	2	0	0	0	0	0	0	"{s1:1→1 / s2:1→1 / s3:1→1 / s4:1→1, s1:1→1 / s2:1→1 / s3:1→1 / s4:1→2}"	"{s3:41→1 / s4:41→1, s3:41→1 / s4:41→1}"
39	15	45	178	0	1	0	0	0	1	0	0	"s1:1→1"	"s2:38→1"
39	15	45	232	0	1	0	1	0	0	0	0	"s1:1→1 / s2:1→1"	""
39	15	45	236	0	0	2	0	0	0	0	0	"s1:1→1 / s2:1→1"	""
39	15	45	248	0	2	1	0	0	0	0	0	"s1:1→1 / s2:1→1 / s3:1→1"	""
39	15	46	35	0	1	0	0	0	0	0	1	"s1:1→1"	"s2:39→1"
39	15	46	206	0	1	0	0	1	0	0	0	"s1:1→1 / s2:1→1"	""
39	15	48	35	0	1	0	0	0	0	0	1	"s1:1→1"	"s2:38→1"
39	15	70	267	0	3	0	0	0	0	0	0	"s1:1→1 / s2:1→1 / s3:1→2"	"s2:39→1"
39	15	93	255	0	1	1	0	0	0	0	0	"s1:1→1"	"s2:39→1"
39	15	134	197	0	2	0	0	1	0	0	0	"s1:1→1 / s3:1→1"	"s2:39→1"
39	15	134	227	0	1	2	0	0	0	0	0	"s1:1→1 / s2:1→1"	"s3:39→1"
39	15	135	223	0	2	0	1	0	0	0	0	"s1:1→1 / s3:1→1"	"s2:39→1"
39	15	136	247	0	2	1	0	0	0	0	0	"s1:1→1 / s3:1→1"	"s2:39→1"
39	15	137	267	0	3	0	0	0	0	0	0	"s2:1→1 / s3:1→1"	"s1:39→1"
39	15	140	205	0	1	0	0	1	0	0	0	"s1:1→1"	"s2:38→1"
39	15	140	239	0	3	1	0	0	0	0	0	"s1:1→1 / s3:1→1 / s4:1→1"	"s2:39→1"
39	15	140	255	0	1	1	0	0	0	0	0	"s1:1→2"	"s2:39→1"
39	15	140	259	0	4	0	0	0	0	0	0	"s2:1→1 / s3:1→1 / s4:1→1"	"s1:39→1"
39	15	141	251	0	5	0	0	0	0	0	0	"s2:1→1 / s3:1→1 / s4:1→1 / s5:1→1"	"s1:39→1"
39	15	142	246	1	2	1	0	0	0	0	0	"s1:1→1 / s3:1→1 / s4:1→1"	"s2:39→1 / s4:42→1"
39	15	142	247	0	2	1	0	0	0	0	0	"s1:1→1 / s3:1→2"	"s2:39→1"
39	15	142	258	1	4	0	0	0	0	0	0	"s2:1→1 / s3:1→1 / s4:1→1 / s5:1→1"	"s1:39→1 / s5:43→1"
39	15	142	259	0	4	0	0	0	0	0	0	"s2:1→1 / s3:1→1 / s4:1→2"	"s1:39→1"
39	15	142	266	1	3	0	0	0	0	0	0	"s2:1→1 / s3:1→1 / s4:1→1"	"s1:39→1 / s4:42→1"
39	15	142	267	0	3	0	0	0	0	0	0	"s2:1→1 / s3:1→2"	"s1:39→1"
39	15	143	247	0	2	1	0	0	0	0	0	"s1:1→1 / s3:1→3"	"s2:39→1"
39	15	143	259	0	4	0	0	0	0	0	0	"s2:1→1 / s3:1→1 / s4:1→3"	"s1:39→1"
39	15	143	264	2	3	0	0	0	0	0	0	"s2:1→1 / s3:1→1 / s4:1→1 / s5:1→1"	"s1:39→1 / s4:42→1 / s5:42→1"
39	15	143	265	2	3	0	0	0	0	0	0	"s2:1→1 / s3:1→1 / s4:1→1 / s5:1→1"	"s1:39→1 / s4:42→1 / s5:41→1"
39	15	143	266	1	3	0	0	0	0	0	0	"{s2:1→1 / s3:1→1 / s4:1→2, s2:1→1 / s3:1→2 / s4:1→1, s2:1→1 / s3:1→2 / s4:1→1, s2:1→1 / s3:1→2 / s4:1→2, s2:1→1 / s3:1→3 / s4:1→1}"	"{s1:39→1 / s4:42→1, s1:39→1 / s4:41→1, s1:39→1 / s4:42→1, s1:39→1 / s4:41→1, s1:39→1 / s4:41→1}"
39	15	143	267	0	3	0	0	0	0	0	0	"{s2:1→1 / s3:1→3, s2:1→2 / s3:1→2, s2:1→2 / s3:1→3}"	"{s1:39→1, s1:39→1, s1:39→1}"
39	15	143	272	2	2	0	0	0	0	0	0	"s2:1→1 / s3:1→1 / s4:1→1"	"s1:39→1 / s3:41→1 / s4:41→1"
39	15	144	264	2	3	0	0	0	0	0	0	"s2:1→1 / s3:1→1 / s4:1→1 / s5:1→2"	"s1:39→1 / s4:42→1 / s5:42→1"
39	15	144	266	1	3	0	0	0	0	0	0	"{s2:1→1 / s3:1→1 / s4:1→3, s2:1→1 / s3:1→1 / s4:1→4, s2:1→1 / s3:1→1 / s4:1→5, s2:1→1 / s3:1→2 / s4:1→3, s2:1→1 / s3:1→2 / s4:1→4}"	"{s1:39→1 / s4:42→1, s1:39→1 / s4:42→1, s1:39→1 / s4:42→1, s1:39→1 / s4:41→1, s1:39→1 / s4:41→1}"
39	15	144	267	0	3	0	0	0	0	0	0	"{s2:1→1 / s3:1→4, s2:1→1 / s3:1→5, s2:1→2 / s3:1→4, s2:1→3 / s3:1→3}"	"{s1:39→1, s1:39→1, s1:39→1, s1:39→1}"
39	15	144	272	2	2	0	0	0	0	0	0	"{s2:1→1 / s3:1→1 / s4:1→2, s2:1→1 / s3:1→1 / s4:1→3, s2:1→1 / s3:1→1 / s4:1→4, s2:1→1 / s3:1→1 / s4:1→5, s2:1→1 / s3:1→2 / s4:1→2, s2:1→1 / s3:1→2 / s4:1→3, s2:1→1 / s3:1→2 / s4:1→4, s2:1→1 / s3:1→2 / s4:1→5, s2:1→1 / s3:1→3 / s4:1→3, s2:1→1 / s3:1→3 / s4:1→4, s2:1→1 / s3:1→3 / s4:1→5, s2:1→1 / s3:1→4 / s4:1→4, s2:1→1 / s3:1→4 / s4:1→5, s2:1→1 / s3:1→5 / s4:1→5, s2:1→2 / s3:1→1 / s4:1→1}"	"{s1:39→1 / s3:41→1 / s4:41→1, s1:39→1 / s3:41→1 / s4:41→1, s1:39→1 / s3:41→1 / s4:41→1, s1:39→1 / s3:41→1 / s4:41→1, s1:39→1 / s3:41→1 / s4:41→1, s1:39→1 / s3:41→1 / s4:41→1, s1:39→1 / s3:41→1 / s4:41→1, s1:39→1 / s3:41→1 / s4:41→1, s1:39→1 / s3:41→1 / s4:41→1, s1:39→1 / s3:41→1 / s4:41→1, s1:39→1 / s3:41→1 / s4:41→1, s1:39→1 / s3:41→1 / s4:41→1, s1:39→1 / s3:41→1 / s4:41→1, s1:39→1 / s3:41→1 / s4:41→1, s1:39→1 / s3:41→1 / s4:41→1}"
39	16	39	44	0	0	0	0	0	0	0	1	"s1:1→1"	""
39	16	39	159	0	0	0	0	0	0	1	0	"s1:1→1"	""
39	16	39	187	0	0	0	0	0	1	0	0	"s1:1→1"	""
39	16	39	214	0	0	0	0	1	0	0	0	"s1:1→1"	""
39	16	39	231	0	1	0	1	0	0	0	0	"s1:1→1"	"s2:39→1"
39	16	39	240	0	0	0	1	0	0	0	0	"s1:1→1"	""
39	16	39	264	0	0	1	0	0	0	0	0	"s1:1→1"	""
39	16	40	205	0	1	0	0	1	0	0	0	"s1:1→1"	"s2:39→1"
39	16	41	178	0	1	0	0	0	1	0	0	"s1:1→1"	"s2:39→1"
39	16	41	255	0	1	1	0	0	0	0	0	"s1:1→1 / s2:1→1"	"s2:39→1"
39	16	42	150	0	1	0	0	0	0	1	0	"s1:1→1"	"s2:39→1"
39	16	42	231	0	1	0	1	0	0	0	0	"s1:1→1 / s2:1→1"	"s2:39→1"
39	16	44	255	1	1	1	0	0	0	0	0	"s1:1→1 / s2:1→1 / s3:1→1"	"s3:41→1"
39	16	44	256	0	1	1	0	0	0	0	0	"{s1:1→1 / s2:1→1, s1:1→1 / s2:1→2, s1:1→1 / s2:1→3}"	""
39	16	44	260	0	4	0	0	0	0	0	0	"s1:1→1 / s2:1→1 / s3:1→1 / s4:1→1"	""
39	16	44	264	0	0	1	0	0	0	0	0	"s1:1→2"	""
39	16	44	267	0	3	0	0	0	0	0	0	"s1:1→1 / s2:1→1 / s3:1→1"	"s3:39→1"
39	16	44	267	1	3	0	0	0	0	0	0	"s1:1→1 / s2:1→1 / s3:1→1 / s4:1→1"	"s4:42→1"
39	16	44	268	0	3	0	0	0	0	0	0	"{s1:1→1 / s2:1→1 / s3:1→1, s1:1→1 / s2:1→1 / s3:1→2, s1:1→1 / s2:1→1 / s3:1→3}"	""
39	16	44	273	2	2	0	0	0	0	0	0	"{s1:1→1 / s2:1→1 / s3:1→1 / s4:1→1, s1:1→1 / s2:1→1 / s3:1→1 / s4:1→2}"	"{s3:41→1 / s4:41→1, s3:41→1 / s4:41→1}"
39	16	45	232	0	1	0	1	0	0	0	0	"s1:1→1 / s2:1→1"	""
39	16	45	236	0	0	2	0	0	0	0	0	"s1:1→1 / s2:1→1"	""
39	16	45	248	0	2	1	0	0	0	0	0	"s1:1→1 / s2:1→1 / s3:1→1"	""
39	16	46	35	0	1	0	0	0	0	0	1	"s1:1→1"	"s2:39→1"
39	16	46	206	0	1	0	0	1	0	0	0	"s1:1→1 / s2:1→1"	""
39	16	66	267	0	3	0	0	0	0	0	0	"s1:1→1 / s2:1→1 / s3:1→2"	"s2:39→1"
39	16	84	255	0	1	1	0	0	0	0	0	"s1:1→1"	"s2:39→1"
39	16	123	197	0	2	0	0	1	0	0	0	"s1:1→1 / s3:1→1"	"s2:39→1"
39	16	123	227	0	1	2	0	0	0	0	0	"s1:1→1 / s2:1→1"	"s3:39→1"
39	16	124	223	0	2	0	1	0	0	0	0	"s1:1→1 / s3:1→1"	"s2:39→1"
39	16	125	247	0	2	1	0	0	0	0	0	"s1:1→1 / s3:1→1"	"s2:39→1"
39	16	126	267	0	3	0	0	0	0	0	0	"s2:1→1 / s3:1→1"	"s1:39→1"
39	16	129	239	0	3	1	0	0	0	0	0	"s1:1→1 / s3:1→1 / s4:1→1"	"s2:39→1"
39	16	129	255	0	1	1	0	0	0	0	0	"s1:1→2"	"s2:39→1"
39	16	129	259	0	4	0	0	0	0	0	0	"s2:1→1 / s3:1→1 / s4:1→1"	"s1:39→1"
39	16	130	251	0	5	0	0	0	0	0	0	"s2:1→1 / s3:1→1 / s4:1→1 / s5:1→1"	"s1:39→1"
39	16	131	246	1	2	1	0	0	0	0	0	"s1:1→1 / s3:1→1 / s4:1→1"	"s2:39→1 / s4:42→1"
39	16	131	247	0	2	1	0	0	0	0	0	"s1:1→1 / s3:1→2"	"s2:39→1"
39	16	131	258	1	4	0	0	0	0	0	0	"s2:1→1 / s3:1→1 / s4:1→1 / s5:1→1"	"s1:39→1 / s5:43→1"
39	16	131	259	0	4	0	0	0	0	0	0	"s2:1→1 / s3:1→1 / s4:1→2"	"s1:39→1"
39	16	131	266	1	3	0	0	0	0	0	0	"s2:1→1 / s3:1→1 / s4:1→1"	"s1:39→1 / s4:42→1"
39	16	131	267	0	3	0	0	0	0	0	0	"s2:1→1 / s3:1→2"	"s1:39→1"
39	16	132	247	0	2	1	0	0	0	0	0	"s1:1→1 / s3:1→3"	"s2:39→1"
39	16	132	259	0	4	0	0	0	0	0	0	"s2:1→1 / s3:1→1 / s4:1→3"	"s1:39→1"
39	16	132	264	2	3	0	0	0	0	0	0	"{s2:1→1 / s3:1→1 / s4:1→1 / s5:1→1, s2:1→1 / s3:1→1 / s4:1→1 / s5:1→2}"	"{s1:39→1 / s4:42→1 / s5:42→1, s1:39→1 / s4:42→1 / s5:42→1}"
39	16	132	265	2	3	0	0	0	0	0	0	"s2:1→1 / s3:1→1 / s4:1→1 / s5:1→1"	"s1:39→1 / s4:42→1 / s5:41→1"
39	16	132	266	1	3	0	0	0	0	0	0	"{s2:1→1 / s3:1→1 / s4:1→2, s2:1→1 / s3:1→1 / s4:1→3, s2:1→1 / s3:1→2 / s4:1→1, s2:1→1 / s3:1→2 / s4:1→1, s2:1→1 / s3:1→2 / s4:1→2, s2:1→1 / s3:1→3 / s4:1→1}"	"{s1:39→1 / s4:42→1, s1:39→1 / s4:42→1, s1:39→1 / s4:41→1, s1:39→1 / s4:42→1, s1:39→1 / s4:41→1, s1:39→1 / s4:41→1}"
39	16	132	267	0	3	0	0	0	0	0	0	"{s2:1→1 / s3:1→3, s2:1→1 / s3:1→4, s2:1→2 / s3:1→2, s2:1→2 / s3:1→3, s2:1→2 / s3:1→4, s2:1→3 / s3:1→3}"	"{s1:39→1, s1:39→1, s1:39→1, s1:39→1, s1:39→1, s1:39→1}"
39	16	132	272	2	2	0	0	0	0	0	0	"{s2:1→1 / s3:1→1 / s4:1→1, s2:1→1 / s3:1→1 / s4:1→2, s2:1→2 / s3:1→1 / s4:1→1}"	"{s1:39→1 / s3:41→1 / s4:41→1, s1:39→1 / s3:41→1 / s4:41→1, s1:39→1 / s3:41→1 / s4:41→1}"
39	16	133	266	1	3	0	0	0	0	0	0	"{s2:1→1 / s3:1→1 / s4:1→4, s2:1→1 / s3:1→1 / s4:1→5, s2:1→1 / s3:1→2 / s4:1→3, s2:1→1 / s3:1→2 / s4:1→4}"	"{s1:39→1 / s4:42→1, s1:39→1 / s4:42→1, s1:39→1 / s4:41→1, s1:39→1 / s4:41→1}"
39	16	133	267	0	3	0	0	0	0	0	0	"s2:1→1 / s3:1→5"	"s1:39→1"
39	16	133	272	2	2	0	0	0	0	0	0	"{s2:1→1 / s3:1→1 / s4:1→3, s2:1→1 / s3:1→1 / s4:1→4, s2:1→1 / s3:1→1 / s4:1→5, s2:1→1 / s3:1→2 / s4:1→2, s2:1→1 / s3:1→2 / s4:1→3, s2:1→1 / s3:1→2 / s4:1→4, s2:1→1 / s3:1→2 / s4:1→5, s2:1→1 / s3:1→3 / s4:1→3, s2:1→1 / s3:1→3 / s4:1→4, s2:1→1 / s3:1→3 / s4:1→5, s2:1→1 / s3:1→4 / s4:1→4, s2:1→1 / s3:1→4 / s4:1→5, s2:1→1 / s3:1→5 / s4:1→5}"	"{s1:39→1 / s3:41→1 / s4:41→1, s1:39→1 / s3:41→1 / s4:41→1, s1:39→1 / s3:41→1 / s4:41→1, s1:39→1 / s3:41→1 / s4:41→1, s1:39→1 / s3:41→1 / s4:41→1, s1:39→1 / s3:41→1 / s4:41→1, s1:39→1 / s3:41→1 / s4:41→1, s1:39→1 / s3:41→1 / s4:41→1, s1:39→1 / s3:41→1 / s4:41→1, s1:39→1 / s3:41→1 / s4:41→1, s1:39→1 / s3:41→1 / s4:41→1, s1:39→1 / s3:41→1 / s4:41→1, s1:39→1 / s3:41→1 / s4:41→1}"
39	17	39	150	0	0	0	0	0	0	1	0	"s1:1→1"	""
39	17	39	178	0	0	0	0	0	1	0	0	"s1:1→1"	""
39	17	39	205	0	0	0	0	1	0	0	0	"s1:1→1"	""
39	17	39	223	0	1	0	1	0	0	0	0	"{s1:1→1 / s2:39→1, s1:39→1 / s2:1→1}"	""
39	17	39	227	0	0	2	0	0	0	0	0	"s1:39→1 / s2:1→1"	""
39	17	39	229	1	0	0	1	0	0	0	0	"s1:1→1"	"s2:38→1"
39	17	39	231	0	0	0	1	0	0	0	0	"{s1:1→1, s1:39→1}"	""
39	17	39	255	0	0	1	0	0	0	0	0	"{s1:1→1, s1:1→1, 39→1, s1:39→1}"	""
39	17	39	273	1	1	0	0	0	0	0	0	"s1:1→1 / s2:1→1, 39→1"	"s2:38→1"
39	17	40	197	0	1	0	0	1	0	0	0	"s1:1→1 / s2:39→1"	""
39	17	40	203	0	0	1	1	0	0	0	0	"{s1:1→1 / s2:39→1, s1:39→1 / s2:1→1}"	""
39	17	40	203	1	0	0	0	1	0	0	0	"s1:1→1"	"s2:38→1"
39	17	40	231	0	0	0	1	0	0	0	0	"s1:1→1, 39→1"	""
39	17	40	253	1	0	1	0	0	0	0	0	"{s1:1→1, 39→1, s1:1→1 / s2:1→1, 39→1, s1:1→1 / s2:1→2, 39→3, s1:39→1 / s2:1→2}"	"{s2:38→1, s2:38→1, s2:38→1, s2:38→1}"
39	17	40	267	0	2	0	0	0	0	0	0	"{s1:1→1, 39→1 / s2:1→1, 39→2, s1:1→1, 39→1 / s2:1→2, 39→1, s1:1→1, 39→1 / s2:1→3, 39→2, s1:1→2, 39→1 / s2:1→2, 39→2, s1:39→1 / s2:1→3, 39→2}"	""
39	17	40	273	1	1	0	0	0	0	0	0	"{s1:1→1, 39→1 / s2:1→2, s1:1→1, 39→1 / s2:1→4, 39→1, s1:1→1, 39→2 / s2:1→1, 39→1, s1:1→1 / s2:1→2, 39→1, s1:1→1 / s2:1→3, 39→2, s1:1→2, 39→1 / s2:1→1, s1:1→2, 39→1 / s2:1→2, 39→1, s1:1→2, 39→1 / s2:1→3, 39→1, s1:1→2, 39→1 / s2:1→3, 39→2, s1:1→2, 39→1 / s2:1→4, 39→1, s1:1→2, 39→3, s1:1→2, 39→3 / s2:1→1, s1:1→3, 39→2 / s2:1→1, s1:1→3, 39→2 / s2:1→2, s1:1→3, 39→2 / s2:1→2, 39→1, s1:1→3, 39→2 / s2:1→3, 39→1, s1:1→3, 39→2 / s2:1→4, 39→1, s1:39→1 / s2:1→3, 39→1}"	"{s2:38→1, s2:38→1, s2:38→1, s2:38→1, s2:38→1, s2:38→1, s2:38→1, s2:38→1, s2:38→1, s2:38→1, s2:38→1, s2:38→1, s2:38→1, s2:38→1, s2:38→1, s2:38→1, s2:38→1, s2:38→1}"
39	17	41	170	0	1	0	0	0	1	0	0	"s1:1→1 / s2:39→1"	""
39	17	41	176	1	0	0	0	0	1	0	0	"s1:1→1"	"s2:38→1"
39	17	41	177	0	0	1	0	1	0	0	0	"s1:1→1 / s2:39→1"	""
39	17	41	179	0	0	0	2	0	0	0	0	"s1:39→1 / s2:1→1"	""
39	17	41	221	1	1	0	1	0	0	0	0	"s1:1→1 / s2:39→1 / s3:1→1, 39→1"	"s3:38→1"
39	17	41	229	1	0	0	1	0	0	0	0	"{s1:1→1 / s2:1→1, 39→1, s1:1→1 / s2:1→1, 39→2, s1:1→1 / s2:1→1, 39→3, s1:1→1 / s2:1→2, 39→3}"	"{s2:38→1, s2:38→1, s2:38→1, s2:38→1}"
39	17	41	245	1	1	1	0	0	0	0	0	"s1:1→1, 39→1 / s2:1→1 / s3:1→1"	"s3:38→1"
39	17	41	247	0	1	1	0	0	0	0	0	"{s1:1→1, 39→1 / s2:1→1, s1:1→1 / s2:1→1, 39→2}"	""
39	17	41	253	1	0	1	0	0	0	0	0	"{s1:1→1, 39→1 / s2:1→1, s1:1→1, 39→1 / s2:1→2, s1:1→1, 39→1 / s2:1→3, s1:1→1 / s2:1→2, 39→1, s1:1→1 / s2:1→2, 39→2, s1:1→1 / s2:1→3, 39→2, s1:39→1 / s2:1→1}"	"{s2:38→1, s2:38→1, s2:38→1, s2:38→1, s2:38→1, s2:38→1, s2:38→1}"
39	17	41	255	0	0	1	0	0	0	0	0	"s1:1→2, 39→1"	""
39	17	41	259	0	3	0	0	0	0	0	0	"s1:1→1 / s2:1→1, 39→1 / s3:1→1, 39→1"	""
39	17	41	265	1	2	0	0	0	0	0	0	"{s1:1→1, 39→1 / s2:1→2, 39→1 / s3:1→2, s1:1→1 / s2:1→1, 39→1 / s3:1→2, 39→2, s1:1→1 / s2:1→1, 39→1 / s3:1→3, 39→1, s1:1→1 / s2:1→3, 39→2 / s3:1→1}"	"{s3:38→1, s3:38→1, s3:38→1, s3:38→1}"
39	17	41	266	1	2	0	0	0	0	0	0	"{s1:1→1, 39→1 / s2:1→1, 39→1 / s3:1→1, s1:1→1, 39→1 / s2:1→2, 39→1 / s3:1→1, s1:1→1 / s2:1→1, 39→1 / s3:1→1, 39→1, s1:1→1 / s2:1→1, 39→1 / s3:1→1, 39→2, s1:1→1 / s2:1→1, 39→1 / s3:1→2, 39→1, s1:1→1 / s2:1→1, 39→1 / s3:1→2, 39→2, s1:1→1 / s2:1→1, 39→1 / s3:1→2, 39→3, s1:1→1 / s2:1→1, 39→1 / s3:1→3, 39→2, s1:1→1 / s2:1→1, 39→1 / s3:1→3, 39→2, s1:1→1 / s2:1→2, 39→2 / s3:1→1, 39→1}"	"{s3:41→1, s3:40→1, s3:40→1, s3:40→1, s3:41→1, s3:40→1, s3:41→1, s3:40→1, s3:41→1, s3:40→1}"
39	17	41	267	0	2	0	0	0	0	0	0	"{s1:1→1, 39→1 / s2:1→1, 39→1, s1:1→1, 39→1 / s2:1→2, 39→2, s1:1→1, 39→1 / s2:1→3, 39→1, s1:1→1 / s2:1→1, 39→1, s1:1→1 / s2:1→2, 39→2, s1:1→1 / s2:1→2, 39→3, s1:1→1 / s2:1→3, 39→2, s1:1→2, 39→1 / s2:1→2, 39→1, s1:39→1 / s2:1→1, 39→1, s1:39→1 / s2:1→2, 39→2}"	""
39	17	41	272	2	1	0	0	0	0	0	0	"{s1:1→1, 39→1 / s2:1→1, 39→2 / s3:1→1, s1:1→1, 39→1 / s2:1→1 / s3:1→1, s1:1→1, 39→1 / s2:1→1 / s3:1→1, 39→1, s1:1→1, 39→1 / s2:1→1 / s3:1→2, s1:1→1, 39→1 / s2:1→1 / s3:1→2, 39→1, s1:1→1, 39→1 / s2:1→1 / s3:1→2, 39→1, s1:1→1, 39→1 / s2:1→1 / s3:1→2, 39→2, s1:1→1, 39→1 / s2:1→1 / s3:1→3, 39→1, s1:1→1, 39→1 / s2:1→1 / s3:1→3, 39→1, s1:1→1, 39→1 / s2:1→1 / s3:1→3, 39→1, s1:1→1, 39→1 / s2:1→1 / s3:1→3, 39→2, s1:1→1, 39→1 / s2:1→1 / s3:1→4, 39→1, s1:1→1, 39→1 / s2:1→2 / s3:1→3, 39→1, s1:1→1, 39→1 / s3:1→1, 39→1, s1:1→1, 39→1 / s3:1→2, 39→2, s1:1→1 / s2:1→1, 39→1 / s3:1→1, s1:1→1 / s2:1→1, 39→1 / s3:1→1, 39→1, s1:1→1 / s2:1→1, 39→1 / s3:1→2, 39→1, s1:1→1 / s2:1→1, 39→1 / s3:1→2, 39→2, s1:1→1 / s2:1→1, 39→1 / s3:1→3, 39→1, s1:1→1 / s2:1→1, 39→1 / s3:1→3, 39→2, s1:1→1 / s2:1→1, 39→1 / s3:1→3, 39→2, s1:1→1 / s2:1→1, 39→2 / s3:1→1, 39→1, s1:1→1 / s2:1→1 / s3:1→2, 39→2, s1:1→1 / s2:1→1 / s3:1→3, 39→2, s1:1→1 / s2:1→2, 39→2 / s3:1→2, 39→1, s1:1→1 / s2:1→2, 39→2 / s3:1→2, 39→2, s1:1→1 / s2:1→2, 39→2 / s3:1→3, 39→2, s1:1→1 / s2:1→3, 39→2 / s3:1→3, 39→1, s1:39→1 / s2:1→1 / s3:1→2, 39→1}"	"{s2:40→1 / s3:38→1, s2:40→1 / s3:38→1, s2:40→1 / s3:40→1, s2:40→1 / s3:38→1, s2:40→1 / s3:38→1, s2:40→1 / s3:40→1, s2:40→1 / s3:40→1, s2:38→1 / s3:40→1, s2:40→1 / s3:38→1, s2:40→1 / s3:40→1, s2:40→1 / s3:40→1, s2:40→1 / s3:38→1, s2:38→1 / s3:40→1, s2:38→1 / s3:40→1, s2:38→1 / s3:40→1, s2:40→1 / s3:38→1, s2:40→1 / s3:40→1, s2:40→1 / s3:38→1, s2:40→1 / s3:40→1, s2:40→1 / s3:38→1, s2:40→1 / s3:38→1, s2:40→1 / s3:40→1, s2:40→1 / s3:38→1, s2:38→1 / s3:40→1, s2:38→1 / s3:40→1, s2:40→1 / s3:38→1, s2:40→1 / s3:40→1, s2:40→1 / s3:38→1, s2:40→1 / s3:38→1, s2:38→1 / s3:40→1}"
39	17	41	273	1	1	0	0	0	0	0	0	"{s1:1→1, 39→1, s1:1→1, 39→1 / s2:1→1, s1:1→1, 39→1 / s2:1→1, 39→1, s1:1→1, 39→1 / s2:1→1, 39→2, s1:1→1, 39→1 / s2:1→2, 39→1, s1:1→1, 39→1 / s2:1→2, 39→2, s1:1→1, 39→1 / s2:1→2, 39→3, s1:1→1, 39→1 / s2:1→3, 39→1, s1:1→1, 39→1 / s2:1→3, 39→2, s1:1→1, 39→2, s1:1→1, 39→2 / s2:1→1, s1:1→1, 39→2 / s2:1→2, 39→1, s1:1→1 / s2:1→1, s1:1→1 / s2:1→2, 39→2, s1:1→1 / s2:1→3, 39→1, s1:1→2, 39→1 / s2:1→2, s1:1→2, 39→1 / s2:1→3, s1:1→2, 39→2, s1:1→2, 39→2 / s2:1→1, s1:1→2, 39→2 / s2:1→1, 39→1, s1:1→2, 39→2 / s2:1→2, 39→1, s1:1→2, 39→2 / s2:1→3, 39→1, s1:1→3, 39→1 / s2:1→2, s1:1→3, 39→1 / s2:1→3, s1:1→3, 39→1 / s2:1→4, 39→1, s1:39→1 / s2:1→1, s1:39→1 / s2:1→1, 39→1, s1:39→1 / s2:1→2, 39→1, s1:39→1 / s2:1→2, 39→2, s1:39→1 / s2:1→3, 39→2}"	"{s2:38→1, s2:38→1, s2:38→1, s2:38→1, s2:38→1, s2:38→1, s2:38→1, s2:38→1, s2:38→1, s2:38→1, s2:38→1, s2:38→1, s2:38→1, s2:38→1, s2:38→1, s2:38→1, s2:38→1, s2:38→1, s2:38→1, s2:38→1, s2:38→1, s2:38→1, s2:38→1, s2:38→1, s2:38→1, s2:38→1, s2:38→1, s2:38→1, s2:38→1, s2:38→1}"
39	17	42	142	0	1	0	0	0	0	1	0	"s1:1→1 / s2:39→1"	""
39	17	42	148	1	0	0	0	0	0	1	0	"s1:1→1"	"s2:38→1"
39	17	42	150	0	0	1	0	0	1	0	0	"s1:1→1 / s2:39→1"	""
39	17	42	153	0	0	0	1	1	0	0	0	"s1:1→1 / s2:39→1"	""
39	17	42	195	1	1	0	0	1	0	0	0	"{s1:1→1 / s2:39→1 / s3:1→1, 39→1, s1:1→1 / s2:39→1 / s3:1→1, 39→2}"	"{s3:38→1, s3:38→1}"
39	17	42	196	1	1	0	0	1	0	0	0	"s1:1→1 / s2:39→1 / s3:1→1, 39→2"	"s3:41→1"
39	17	42	203	1	0	0	0	1	0	0	0	"{s1:1→1 / s2:1→1, 39→1, s1:1→1 / s2:1→1, 39→2, s1:1→1 / s2:1→1, 39→3, s1:1→1 / s2:1→1, 39→4}"	"{s2:38→1, s2:38→1, s2:38→1, s2:38→1}"
39	17	42	221	1	1	0	1	0	0	0	0	"s1:1→1 / s2:39→1 / s3:1→2, 39→3"	"s3:38→1"
39	17	42	222	1	1	0	1	0	0	0	0	"s1:1→1 / s2:39→1 / s3:1→2, 39→3"	"s3:41→1"
39	17	42	225	1	0	2	0	0	0	0	0	"s1:39→1 / s2:1→1 / s3:1→1"	"s3:38→1"
39	17	42	229	1	0	0	1	0	0	0	0	"{s1:1→1 / s2:1→2, 39→1, s1:1→1 / s2:1→2, 39→2, s1:1→1 / s2:1→3, 39→2}"	"{s2:38→1, s2:38→1, s2:38→1}"
39	17	42	245	1	1	1	0	0	0	0	0	"{s1:1→1 / s2:1→1, 39→1 / s3:1→1, s1:1→1 / s2:1→1, 39→1 / s3:1→1, 39→1, s1:1→1 / s2:1→1, 39→2 / s3:1→1, 39→1}"	"{s3:38→1, s3:38→1, s3:38→1}"
39	17	42	247	0	1	1	0	0	0	0	0	"s1:1→1 / s2:1→1, 39→1"	""
39	17	42	253	1	0	1	0	0	0	0	0	"{s1:1→1, 39→1 / s2:1→4, s1:1→1 / s2:1→1, s1:1→1 / s2:1→1, 39→2, s1:1→1 / s2:1→3, 39→1}"	"{s2:38→1, s2:38→1, s2:38→1, s2:38→1}"
39	17	42	265	1	2	0	0	0	0	0	0	"{s1:1→1, 39→1 / s2:1→1, 39→1, s1:1→1, 39→1 / s2:1→1, 39→1 / s3:1→1, s1:1→1, 39→1 / s2:1→1, 39→1 / s3:1→2, s1:1→1, 39→1 / s2:1→2, 39→1 / s3:1→1, s1:1→1, 39→1 / s2:1→2, 39→1 / s3:1→3, s1:1→1, 39→1 / s2:1→3, 39→1 / s3:1→1, s1:1→1 / s2:1→1, 39→1 / s3:1→1, s1:1→1 / s2:1→1, 39→1 / s3:1→2, s1:1→1 / s2:1→1, 39→1 / s3:1→2, 39→1, s1:1→1 / s2:1→1, 39→1 / s3:1→3, 39→2, s1:1→1 / s2:1→1, 39→1 / s3:1→4, 39→1, s1:1→1 / s2:1→2, 39→1 / s3:1→1, s1:1→1 / s2:1→2, 39→1 / s3:1→2, s1:1→1 / s2:1→2, 39→1 / s3:1→3, s1:1→1 / s2:1→2, 39→1 / s3:1→3, 39→1, s1:1→1 / s2:1→2, 39→2 / s3:1→1, s1:1→1 / s2:1→2, 39→2 / s3:1→2, 39→1, s1:39→1 / s2:1→1, 39→1 / s3:1→1}"	"{s3:38→1, s3:38→1, s3:38→1, s3:38→1, s3:38→1, s3:38→1, s3:38→1, s3:38→1, s3:38→1, s3:38→1, s3:38→1, s3:38→1, s3:38→1, s3:38→1, s3:38→1, s3:38→1, s3:38→1, s3:38→1}"
39	17	42	266	1	2	0	0	0	0	0	0	"{s1:1→1 / s2:1→1, 39→1 / s3:1→1, 39→1, s1:1→1 / s2:1→1, 39→1 / s3:1→2, 39→1, s1:1→1 / s2:1→1, 39→1 / s3:1→2, 39→2, s1:1→1 / s2:1→1, 39→1 / s3:1→2, 39→3, s1:1→1 / s2:1→1, 39→1 / s3:1→3, 39→1, s1:1→1 / s2:1→2, 39→1 / s3:1→1, 39→1}"	"{s3:41→1, s3:40→1, s3:41→1, s3:40→1, s3:41→1, s3:40→1}"
39	17	42	267	0	2	0	0	0	0	0	0	"{s1:1→1 / s2:1→2, 39→1, s1:1→1 / s2:1→3, 39→1, s1:39→1 / s2:1→1, 39→2}"	""
39	17	42	270	3	1	0	0	0	0	0	0	"{s1:1→1, 39→1 / s2:1→1 / s3:1→1, 39→1 / s4:1→1, s1:1→1, 39→1 / s2:1→1 / s3:1→1 / s4:1→2, s1:1→1, 39→1 / s2:1→1 / s3:1→1 / s4:1→2, 39→1, s1:1→1 / s2:1→1, 39→1 / s3:1→1, 39→1 / s4:1→2, 39→1, s1:1→1 / s2:1→1, 39→2 / s3:1→1, 39→2 / s4:1→1, 39→1}"	"{s2:40→1 / s3:40→1 / s4:38→1, s2:40→1 / s3:40→1 / s4:38→1, s2:40→1 / s3:38→1 / s4:40→1, s2:40→1 / s3:40→1 / s4:38→1, s2:40→1 / s3:40→1 / s4:38→1}"
39	17	42	272	2	1	0	0	0	0	0	0	"{s1:1→1, 39→1 / s2:1→1, 39→1 / s3:1→1, s1:1→1, 39→1 / s2:1→1 / s3:1→1, s1:1→1, 39→1 / s2:1→1 / s3:1→2, 39→1, s1:1→1, 39→1 / s2:1→1 / s3:1→2, 39→2, s1:1→1, 39→1 / s2:1→1 / s3:1→3, s1:1→1, 39→1 / s2:1→1 / s3:1→3, 39→2, s1:1→1, 39→1 / s2:1→1 / s3:1→3, 39→2, s1:1→1, 39→1 / s2:1→1 / s3:1→4, 39→1, s1:1→1, 39→1 / s2:1→2, 39→1 / s3:1→2, s1:1→1, 39→1 / s2:1→2 / s3:1→3, 39→2, s1:1→1, 39→1 / s2:1→2 / s3:1→4, 39→1, s1:1→1, 39→1 / s2:1→3, 39→1 / s3:1→3, s1:1→1, 39→1 / s2:1→3 / s3:1→4, 39→1, s1:1→1, 39→1 / s3:1→1, 39→2, s1:1→1 / s2:1→1, 39→1 / s3:1→2, s1:1→1 / s2:1→1, 39→1 / s3:1→2, 39→1, s1:1→1 / s2:1→1, 39→1 / s3:1→4, 39→1, s1:1→1 / s2:1→1, 39→2 / s3:1→1, 39→2, s1:1→1 / s2:1→1, 39→2 / s3:1→2, 39→2, s1:1→1 / s2:1→1, 39→2 / s3:1→2, 39→3, s1:1→1 / s2:1→2, 39→1 / s3:1→2, s1:1→1 / s2:1→2, 39→1 / s3:1→2, 39→1, s1:1→1 / s2:1→2, 39→1 / s3:1→3, 39→1, s1:1→1 / s2:1→2, 39→1 / s3:1→3, 39→1, s1:1→1 / s2:1→2, 39→1 / s3:1→3, 39→2, s1:1→1 / s2:1→2, 39→1 / s3:1→4, 39→1, s1:1→1 / s2:1→2, 39→2 / s3:1→3, 39→2, s1:1→1 / s2:1→2, 39→3 / s3:1→2, 39→2, s1:1→1 / s2:1→2, 39→3 / s3:1→2, 39→3, s1:1→1 / s2:1→2 / s3:1→3, 39→1, s1:1→1 / s2:1→2 / s3:1→3, 39→2, s1:1→1 / s2:1→3, 39→1 / s3:1→3, s1:1→1 / s2:1→3, 39→2 / s3:1→4, 39→1, s1:1→2, 39→1 / s2:1→1, 39→1 / s3:1→1, s1:39→1 / s2:1→1 / s3:1→2, 39→2, s1:39→1 / s2:1→1 / s3:1→3, 39→2}"	"{s2:40→1 / s3:38→1, s2:40→1 / s3:40→1, s2:38→1 / s3:40→1, s2:38→1 / s3:40→1, s2:40→1 / s3:38→1, s2:38→1 / s3:40→1, s2:40→1 / s3:38→1, s2:40→1 / s3:40→1, s2:40→1 / s3:38→1, s2:38→1 / s3:40→1, s2:38→1 / s3:40→1, s2:40→1 / s3:38→1, s2:38→1 / s3:40→1, s2:38→1 / s3:40→1, s2:40→1 / s3:38→1, s2:40→1 / s3:40→1, s2:40→1 / s3:38→1, s2:40→1 / s3:40→1, s2:40→1 / s3:38→1, s2:40→1 / s3:40→1, s2:40→1 / s3:38→1, s2:40→1 / s3:40→1, s2:40→1 / s3:38→1, s2:40→1 / s3:40→1, s2:40→1 / s3:40→1, s2:40→1 / s3:38→1, s2:40→1 / s3:40→1, s2:40→1 / s3:38→1, s2:40→1 / s3:40→1, s2:38→1 / s3:40→1, s2:38→1 / s3:40→1, s2:40→1 / s3:38→1, s2:40→1 / s3:38→1, s2:40→1 / s3:38→1, s2:38→1 / s3:40→1, s2:38→1 / s3:40→1}"
39	17	42	273	1	1	0	0	0	0	0	0	"{s1:1→1, 39→1 / s2:1→3, s1:1→1, 39→3, s1:1→1 / s2:1→2, s1:1→1 / s2:1→3, s1:1→1 / s2:1→4, 39→1, s1:1→2, 39→1 / s2:1→4, s1:1→3, 39→1 / s2:1→1, s1:1→3, 39→1 / s2:1→3, 39→1, s1:1→3, 39→1 / s2:1→4, s1:1→3, 39→1 / s2:1→5, s1:1→4, 39→1 / s2:1→2, s1:1→4, 39→1 / s2:1→3, s1:1→4, 39→1 / s2:1→4, s1:1→4, 39→1 / s2:1→5, s1:39→1 / s2:1→1, 39→2, s1:39→1 / s2:1→2, 39→3}"	"{s2:38→1, s2:38→1, s2:38→1, s2:38→1, s2:38→1, s2:38→1, s2:38→1, s2:38→1, s2:38→1, s2:38→1, s2:38→1, s2:38→1, s2:38→1, s2:38→1, s2:38→1, s2:38→1}"
39	17	43	122	0	0	1	0	0	0	1	0	"s1:1→1 / s2:39→1"	""
39	17	43	126	0	0	0	1	0	1	0	0	"s1:1→1 / s2:39→1"	""
39	17	43	168	1	1	0	0	0	1	0	0	"s1:1→1 / s2:39→1"	"s3:38→1"
39	17	43	195	1	1	0	0	1	0	0	0	"s1:1→1 / s2:39→1 / s3:1→1, 39→3"	"s3:38→1"
39	17	43	196	1	1	0	0	1	0	0	0	"{s1:1→1 / s2:39→1 / s3:1→1, 39→1, s1:1→1 / s2:39→1 / s3:1→1, 39→3}"	"{s3:41→1, s3:41→1}"
39	17	43	201	1	0	1	1	0	0	0	0	"s1:1→1 / s2:39→1 / s3:1→1"	"s3:38→1"
39	17	43	229	1	0	0	1	0	0	0	0	"{s1:1→1 / s2:1→1, s1:1→1 / s2:1→3, 39→1}"	"{s2:38→1, s2:38→1}"
39	17	43	253	1	0	1	0	0	0	0	0	"{s1:1→1, 39→1 / s2:1→5, s1:1→1 / s2:1→2, s1:1→1 / s2:1→3, s1:1→1 / s2:1→4, 39→1}"	"{s2:38→1, s2:38→1, s2:38→1, s2:38→1}"
39	17	43	257	1	3	0	0	0	0	0	0	"s1:1→1 / s2:1→1, 39→1 / s3:1→1, 39→1 / s4:1→1"	"s4:38→1"
39	17	43	264	2	2	0	0	0	0	0	0	"{s1:1→1 / s2:1→1, 39→1 / s3:1→1, 39→1 / s4:1→1, s1:1→1 / s2:1→1, 39→1 / s3:1→1, 39→1 / s4:1→1}"	"{s3:40→1 / s4:38→1, s3:41→1 / s4:38→1}"
39	17	43	265	1	2	0	0	0	0	0	0	"s1:1→1 / s2:1→2, 39→2 / s3:1→3, 39→1"	"s3:38→1"
39	17	43	266	1	2	0	0	0	0	0	0	"s1:1→1 / s2:1→1, 39→1 / s3:1→1"	"s3:41→1"
39	17	43	267	0	2	0	0	0	0	0	0	"{s1:1→1, 39→1 / s2:1→4, 39→1, s1:1→1 / s2:1→4, 39→1}"	""
39	17	43	270	3	1	0	0	0	0	0	0	"{s1:1→1 / s2:1→1, 39→1 / s3:1→1, 39→1 / s4:1→1, s1:1→1 / s2:1→1, 39→1 / s3:1→1 / s4:1→2, 39→1, s1:1→1 / s2:1→1, 39→1 / s3:1→1 / s4:1→2, 39→2, s1:1→1 / s2:1→1, 39→2 / s3:1→1, 39→2 / s4:1→2, 39→2}"	"{s2:40→1 / s3:40→1 / s4:38→1, s2:40→1 / s3:38→1 / s4:40→1, s2:40→1 / s3:38→1 / s4:40→1, s2:40→1 / s3:40→1 / s4:38→1}"
39	17	43	272	2	1	0	0	0	0	0	0	"{s1:1→1, 39→1 / s2:39→1, s1:1→1 / s2:1→1 / s3:1→2, 39→1, s1:1→1 / s2:1→2, 39→1 / s3:1→3, s1:1→1 / s2:1→2, 39→2 / s3:1→3, 39→1, s1:1→1 / s2:1→3, 39→1 / s3:1→4, s1:1→1 / s2:1→3 / s3:1→4, 39→1, s1:1→1 / s2:1→4, 39→1 / s3:1→4, s1:1→1 / s2:1→4, 39→1 / s3:1→5, s1:1→2, 39→1 / s2:1→1 / s3:1→1, s1:39→1 / s2:1→1, 39→1 / s3:1→1, s1:39→1 / s3:1→1, 39→2}"	"{s2:40→1 / s3:38→1, s2:38→1 / s3:40→1, s2:40→1 / s3:38→1, s2:40→1 / s3:38→1, s2:40→1 / s3:38→1, s2:38→1 / s3:40→1, s2:40→1 / s3:38→1, s2:40→1 / s3:38→1, s2:40→1 / s3:38→1, s2:40→1 / s3:38→1, s2:38→1 / s3:40→1}"
39	17	43	273	1	1	0	0	0	0	0	0	"{s1:1→1, 39→1 / s2:1→1, 39→3, s1:1→1 / s2:1→4, s1:1→1 / s2:1→5, s1:39→1, s1:39→1 / s2:1→1, 39→3, s1:39→1 / s2:1→1, 39→4}"	"{s2:38→1, s2:38→1, s2:38→1, s2:38→1, s2:38→1, s2:38→1}"
39	17	44	98	0	0	0	1	0	0	1	0	"s1:1→1 / s2:39→1"	""
39	17	44	140	1	1	0	0	0	0	1	0	"s1:1→1 / s2:39→1"	"s3:38→1"
39	17	44	148	1	0	0	0	0	0	1	0	"s1:1→1 / s2:39→1"	"s2:38→1"
39	17	44	148	1	0	1	0	0	1	0	0	"s1:1→1 / s2:39→1"	"s3:38→1"
39	17	44	175	1	0	1	0	1	0	0	0	"s1:1→1 / s2:39→1 / s3:1→1"	"s3:38→1"
39	17	44	176	1	0	0	0	0	1	0	0	"s1:1→1 / s2:39→1"	"s2:38→1"
39	17	44	195	1	1	0	0	1	0	0	0	"{s1:1→1 / s2:39→1, s1:1→1 / s2:39→1 / s3:1→1, 39→4}"	"{s3:38→1, s3:38→1}"
39	17	44	196	1	1	0	0	1	0	0	0	"s1:1→1 / s2:39→1 / s3:1→1, 39→4"	"s3:41→1"
39	17	44	203	1	0	0	0	1	0	0	0	"s1:1→1 / s2:1→1"	"s2:38→1"
39	17	44	221	1	1	0	1	0	0	0	0	"s1:1→1 / s2:39→1 / s3:1→2, 39→2"	"s3:38→1"
39	17	44	222	1	1	0	1	0	0	0	0	"s1:1→1 / s2:39→1 / s3:1→1, 39→1"	"s3:41→1"
39	17	44	229	1	0	0	1	0	0	0	0	"{s1:1→1 / s2:1→2, s1:1→1 / s2:1→3}"	"{s2:38→1, s2:38→1}"
39	17	44	253	1	0	1	0	0	0	0	0	"{s1:1→1 / s2:1→4, s1:1→1 / s2:1→5, s1:39→1}"	"{s2:38→1, s2:38→1, s2:38→1}"
39	17	44	265	1	2	0	0	0	0	0	0	"{s1:1→1 / s2:1→1 / s3:1→2, s1:1→1 / s2:1→1 / s3:1→3, s1:1→1 / s2:1→1 / s3:1→4, s1:1→1 / s2:1→1 / s3:1→4, 39→1, s1:1→1 / s2:1→1 / s3:1→5}"	"{s3:38→1, s3:38→1, s3:38→1, s3:38→1, s3:38→1}"
39	17	44	266	1	2	0	0	0	0	0	0	"{s1:1→1 / s2:1→1, 39→1 / s3:1→3, 39→1, s1:1→1 / s2:1→1, 39→1 / s3:1→4, 39→1, s1:1→1 / s2:1→1 / s3:1→2, 39→1, s1:1→1 / s2:1→1 / s3:1→3, 39→1, s1:1→1 / s2:1→1 / s3:1→4, 39→1}"	"{s3:40→1, s3:41→1, s3:41→1, s3:41→1, s3:41→1}"
39	17	44	267	0	2	0	0	0	0	0	0	"{s1:1→1 / s2:1→1, s1:39→1 / s2:1→2, 39→1}"	""
39	17	44	272	2	1	0	0	0	0	0	0	"{s1:1→1 / s2:1→1 / s3:1→1, s1:1→1 / s2:1→1 / s3:1→2, s1:1→1 / s2:1→1 / s3:1→3, s1:1→1 / s2:1→1 / s3:1→3, s1:1→1 / s2:1→1 / s3:1→3, 39→1, s1:1→1 / s2:1→1 / s3:1→4, s1:1→1 / s2:1→1 / s3:1→4, s1:1→1 / s2:1→1 / s3:1→4, 39→1, s1:1→1 / s2:1→1 / s3:1→5, s1:1→1 / s2:1→1 / s3:1→5, s1:1→1 / s2:1→2, 39→1 / s3:1→4, 39→1, s1:1→1 / s2:1→2 / s3:1→2, s1:1→1 / s2:1→2 / s3:1→3, s1:1→1 / s2:1→2 / s3:1→4, s1:1→1 / s2:1→2 / s3:1→4, 39→1, s1:1→1 / s2:1→3, 39→1 / s3:1→4, 39→1}"	"{s2:40→1 / s3:40→1, s2:40→1 / s3:40→1, s2:40→1 / s3:38→1, s2:40→1 / s3:40→1, s2:40→1 / s3:40→1, s2:40→1 / s3:38→1, s2:40→1 / s3:40→1, s2:40→1 / s3:40→1, s2:40→1 / s3:38→1, s2:40→1 / s3:40→1, s2:40→1 / s3:40→1, s2:40→1 / s3:40→1, s2:40→1 / s3:40→1, s2:40→1 / s3:40→1, s2:38→1 / s3:40→1, s2:40→1 / s3:38→1}"
39	17	44	273	1	1	0	0	0	0	0	0	"{s1:1→2, 39→1 / s2:1→5, s1:1→2 / s2:1→3, s1:1→2 / s2:1→4, s1:1→2 / s2:1→5, s1:1→4, 39→1 / s2:1→4, 39→1}"	"{s2:38→1, s2:38→1, s2:38→1, s2:38→1, s2:38→1}"
39	17	45	120	1	0	1	0	0	0	1	0	"s1:1→1 / s2:39→1"	"s3:38→1"
39	17	45	132	1	2	0	0	0	0	1	0	"s1:1→1 / s2:39→1 / s3:39→1"	"s4:38→1"
39	17	45	134	0	2	0	0	0	0	1	0	"s1:1→1 / s2:39→1 / s3:39→1"	""
39	17	45	139	2	1	0	0	0	0	1	0	"s1:1→1 / s2:39→1 / s3:39→1"	"s3:41→1 / s4:38→1"
39	17	45	140	1	1	0	0	0	0	1	0	"{s1:1→1 / s2:39→1 / s3:39→1, s1:1→1 / s2:39→1 / s3:39→2, s1:1→1 / s2:39→1 / s3:39→3, s1:1→1 / s2:39→1 / s3:39→4, s1:1→1 / s2:39→1 / s3:39→5, s1:1→1 / s2:39→2, s1:1→1 / s2:39→2 / s3:39→1}"	"{s3:38→1, s3:38→1, s3:38→1, s3:38→1, s3:38→1, s3:38→1, s3:38→1}"
39	17	45	141	1	1	0	0	0	0	1	0	"{s1:1→1 / s2:39→1 / s3:39→1, s1:1→1 / s2:39→1 / s3:39→2}"	"{s3:41→1, s3:41→1}"
39	17	45	142	0	1	0	0	0	0	1	0	"{s1:1→1 / s2:39→2, s1:1→1 / s2:39→3}"	""
39	17	45	148	1	0	0	0	0	0	1	0	"{s1:1→1 / s2:39→2, s1:1→1 / s2:39→3, s1:1→1 / s2:39→4, s1:1→1 / s2:39→5}"	"{s2:38→1, s2:38→1, s2:38→1, s2:38→1}"
39	17	45	160	1	2	0	0	0	1	0	0	"s1:1→1 / s2:39→1 / s3:39→1"	"s4:38→1"
39	17	45	162	0	2	0	0	0	1	0	0	"s1:1→1 / s2:39→1 / s3:39→1"	""
39	17	45	168	1	1	0	0	0	1	0	0	"s1:1→1 / s2:39→1 / s3:39→1"	"s3:38→1"
39	17	45	175	1	0	1	0	1	0	0	0	"s1:1→1 / s2:39→1"	"s3:38→1"
39	17	45	176	1	0	0	0	0	1	0	0	"s1:1→1 / s2:39→2"	"s2:38→1"
39	17	45	247	0	1	1	0	0	0	0	0	"s1:1→1 / s2:1→1"	""
39	17	45	255	0	0	1	0	0	0	0	0	"s1:1→2"	""
39	17	45	259	0	3	0	0	0	0	0	0	"s1:1→1 / s2:1→1 / s3:1→1"	""
39	17	45	265	1	2	0	0	0	0	0	0	"{s1:1→1 / s2:1→1, 39→1 / s3:1→3, s1:1→1 / s2:1→1 / s3:1→3, 39→1, s1:1→1 / s2:1→2, 39→1 / s3:1→2, 39→1, s1:1→1 / s2:1→3, 39→1 / s3:1→1, s1:39→1 / s2:39→1}"	"{s3:38→1, s3:38→1, s3:38→1, s3:38→1, s3:38→1}"
39	17	45	266	1	2	0	0	0	0	0	0	"{s1:1→1 / s2:1→1 / s3:1→1, s1:1→1 / s2:1→1 / s3:1→2, s1:1→1 / s2:1→1 / s3:1→3, s1:1→1 / s2:1→1 / s3:1→3, 39→2, s1:1→1 / s2:1→1 / s3:1→4, s1:1→1 / s2:1→1 / s3:1→5, s1:1→1 / s2:1→2 / s3:1→1}"	"{s3:41→1, s3:41→1, s3:41→1, s3:41→1, s3:41→1, s3:41→1, s3:40→1}"
39	17	45	267	0	2	0	0	0	0	0	0	"{s1:1→1 / s2:1→2, s1:1→1 / s2:1→3, s1:1→1 / s2:1→4, s1:1→1 / s2:1→5, s1:1→2 / s2:1→2, s1:39→1 / s2:39→1}"	""
39	17	45	272	2	1	0	0	0	0	0	0	"{s1:1→1 / s2:1→2, 39→1 / s3:1→3, 39→2, s1:1→1 / s2:1→3, 39→1 / s3:1→5, s1:39→1 / s2:39→1}"	"{s2:38→1 / s3:40→1, s2:40→1 / s3:38→1, s2:40→1 / s3:38→1}"
39	17	45	273	1	1	0	0	0	0	0	0	"{s1:39→1 / s2:39→1, s1:39→1 / s2:39→2, s1:39→1 / s2:39→3, s1:39→1 / s2:39→4, s1:39→1 / s2:39→5, s1:39→2, s1:39→2 / s2:39→1}"	"{s2:38→1, s2:38→1, s2:38→1, s2:38→1, s2:38→1, s2:38→1, s2:38→1}"
39	17	46	134	0	2	0	0	0	0	1	0	"s1:1→1 / s2:39→1 / s3:39→2"	""
39	17	46	139	2	1	0	0	0	0	1	0	"s1:1→1 / s2:39→1 / s3:39→2"	"s3:41→1 / s4:38→1"
39	17	46	140	1	1	0	0	0	0	1	0	"s1:1→1 / s2:39→3"	"s3:38→1"
39	17	46	141	1	1	0	0	0	0	1	0	"{s1:1→1 / s2:39→1 / s3:39→3, s1:1→1 / s2:39→1 / s3:39→4, s1:1→1 / s2:39→1 / s3:39→5}"	"{s3:41→1, s3:41→1, s3:41→1}"
39	17	46	142	0	1	0	0	0	0	1	0	"{s1:1→1 / s2:39→4, s1:1→1 / s2:39→5}"	""
39	17	46	167	2	1	0	0	0	1	0	0	"s1:1→1 / s2:39→1 / s3:39→1"	"s3:41→1 / s4:38→1"
39	17	46	168	1	1	0	0	0	1	0	0	"{s1:1→1 / s2:39→1 / s3:39→2, s1:1→1 / s2:39→1 / s3:39→3, s1:1→1 / s2:39→1 / s3:39→4, s1:1→1 / s2:39→2, s1:1→1 / s2:39→2 / s3:39→1}"	"{s3:38→1, s3:38→1, s3:38→1, s3:38→1, s3:38→1}"
39	17	46	169	1	1	0	0	0	1	0	0	"s1:1→1 / s2:39→1 / s3:39→1"	"s3:41→1"
39	17	46	170	0	1	0	0	0	1	0	0	"s1:1→1 / s2:39→2"	""
39	17	46	176	1	0	0	0	0	1	0	0	"{s1:1→1 / s2:39→3, s1:1→1 / s2:39→4, s1:1→1 / s2:39→5}"	"{s2:38→1, s2:38→1, s2:38→1}"
39	17	46	222	1	1	0	1	0	0	0	0	"s1:1→1 / s2:39→1 / s3:1→1, 39→2"	"s3:41→1"
39	17	46	229	1	0	0	1	0	0	0	0	"s1:1→1 / s2:1→1, 39→4"	"s2:38→1"
39	17	46	259	0	3	0	0	0	0	0	0	"s1:1→1 / s2:1→1 / s3:1→1, 39→1"	""
39	17	46	265	1	2	0	0	0	0	0	0	"{s1:1→1 / s2:1→1 / s3:1→1, s1:1→1 / s2:1→2 / s3:1→3}"	"{s3:38→1, s3:38→1}"
39	17	46	266	1	2	0	0	0	0	0	0	"{s1:1→1 / s2:1→1 / s3:1→1, 39→1, s1:1→1 / s2:1→2, 39→1 / s3:1→1}"	"{s3:41→1, s3:40→1}"
39	17	46	267	0	2	0	0	0	0	0	0	"{s1:1→2 / s2:1→2, 39→1, s1:39→1 / s2:39→2}"	""
39	17	46	272	2	1	0	0	0	0	0	0	"{s1:1→1 / s2:1→1, 39→1 / s3:1→3, 39→1, s1:1→1 / s2:1→1 / s3:1→2, s1:1→1 / s2:1→1 / s3:1→2, 39→1, s1:1→1 / s2:1→2, 39→1 / s3:1→4, s1:1→1 / s2:1→2 / s3:1→5, s1:39→1 / s2:39→2, s1:39→1 / s3:1→1, 39→1}"	"{s2:40→1 / s3:40→1, s2:40→1 / s3:38→1, s2:40→1 / s3:40→1, s2:40→1 / s3:38→1, s2:40→1 / s3:38→1, s2:40→1 / s3:38→1, s2:38→1 / s3:40→1}"
39	17	46	273	1	1	0	0	0	0	0	0	"{s1:1→2 / s2:1→2, s1:1→3 / s2:1→5, s1:39→3}"	"{s2:38→1, s2:38→1, s2:38→1}"
39	17	47	162	0	2	0	0	0	1	0	0	"s1:1→1 / s2:39→1 / s3:39→2"	""
39	17	47	168	1	1	0	0	0	1	0	0	"s1:1→1 / s2:39→1 / s3:39→5"	"s3:38→1"
39	17	47	169	1	1	0	0	0	1	0	0	"{s1:1→1 / s2:39→1 / s3:39→2, s1:1→1 / s2:39→1 / s3:39→3, s1:1→1 / s2:39→1 / s3:39→4}"	"{s3:41→1, s3:41→1, s3:41→1}"
39	17	47	170	0	1	0	0	0	1	0	0	"{s1:1→1 / s2:39→3, s1:1→1 / s2:39→4, s1:1→1 / s2:39→5}"	""
39	17	47	245	1	1	1	0	0	0	0	0	"s1:1→1 / s2:1→1 / s3:1→1"	"s3:38→1"
39	17	47	265	1	2	0	0	0	0	0	0	"s1:39→1 / s2:1→1, 39→1"	"s3:38→1"
39	17	47	272	2	1	0	0	0	0	0	0	"{s1:1→1 / s2:1→2 / s3:1→4, s1:1→1 / s2:1→2 / s3:1→4, 39→1}"	"{s2:40→1 / s3:38→1, s2:40→1 / s3:40→1}"
39	17	47	273	1	1	0	0	0	0	0	0	"s1:1→3 / s2:1→4"	"s2:38→1"
39	17	48	167	2	1	0	0	0	1	0	0	"s1:1→1 / s2:39→1 / s3:39→2"	"s3:41→1 / s4:38→1"
39	17	48	168	1	1	0	0	0	1	0	0	"s1:1→1 / s2:39→3"	"s3:38→1"
39	17	48	169	1	1	0	0	0	1	0	0	"s1:1→1 / s2:39→1 / s3:39→5"	"s3:41→1"
39	17	48	264	2	2	0	0	0	0	0	0	"s1:1→1 / s2:1→1 / s3:1→1, 39→1 / s4:1→1"	"s3:41→1 / s4:38→1"
39	17	48	270	3	1	0	0	0	0	0	0	"s1:1→1 / s2:1→1, 39→1 / s3:1→1, 39→1 / s4:1→2"	"s2:40→1 / s3:40→1 / s4:38→1"
39	17	48	272	2	1	0	0	0	0	0	0	"s1:1→1, 39→1 / s2:1→1 / s3:1→4"	"s2:40→1 / s3:38→1"
39	17	48	273	1	1	0	0	0	0	0	0	"{s1:1→1, 39→1 / s2:1→4, s1:1→4, 39→1 / s2:1→1, s1:1→4 / s2:1→5}"	"{s2:38→1, s2:38→1, s2:38→1}"
39	17	49	264	2	2	0	0	0	0	0	0	"s1:1→1 / s2:1→1, 39→1 / s3:1→1 / s4:1→1"	"s3:41→1 / s4:38→1"
39	17	49	266	1	2	0	0	0	0	0	0	"s1:1→1 / s2:1→1, 39→1 / s3:1→4, 39→1"	"s3:40→1"
39	17	49	272	2	1	0	0	0	0	0	0	"s1:1→1 / s2:1→1 / s3:1→3, 39→1"	"s2:38→1 / s3:40→1"
39	17	50	272	2	1	0	0	0	0	0	0	"s1:1→1 / s2:1→3 / s3:1→5"	"s2:40→1 / s3:38→1"
39	17	50	273	1	1	0	0	0	0	0	0	"s1:1→3 / s2:1→3"	"s2:38→1"
39	17	51	257	1	3	0	0	0	0	0	0	"s1:1→1 / s2:1→1 / s3:1→1, 39→1 / s4:1→1"	"s4:38→1"
39	17	51	265	1	2	0	0	0	0	0	0	"s1:1→1 / s2:1→2 / s3:1→2"	"s3:38→1"
39	17	52	195	0	1	1	1	0	0	0	0	"s1:39→1 / s2:1→1 / s3:1→1"	""
39	17	52	215	0	2	0	1	0	0	0	0	"s1:39→1 / s2:1→1 / s3:1→1"	""
39	17	52	272	2	1	0	0	0	0	0	0	"s1:1→1, 39→1 / s2:1→2 / s3:1→3"	"s2:40→1 / s3:38→1"
39	17	53	189	0	2	0	0	1	0	0	0	"s1:1→1 / s2:39→1 / s3:39→1"	""
39	17	53	272	2	1	0	0	0	0	0	0	"{s1:1→1, 39→1 / s2:1→1 / s3:1→2, s1:1→1, 39→1 / s2:1→2 / s3:1→4, 39→1, s1:1→1 / s2:1→2 / s3:1→3, s1:1→1 / s2:1→2 / s3:1→3, 39→1}"	"{s2:40→1 / s3:40→1, s2:40→1 / s3:40→1, s2:40→1 / s3:38→1, s2:40→1 / s3:40→1}"
39	17	53	273	1	1	0	0	0	0	0	0	"{s1:1→2 / s2:1→4, 39→1, s1:1→4 / s2:1→4}"	"{s2:38→1, s2:38→1}"
39	17	54	221	1	1	0	1	0	0	0	0	"s1:1→1 / s2:39→1 / s3:1→1, 39→2"	"s3:38→1"
39	17	55	187	1	2	0	0	1	0	0	0	"s1:1→1 / s2:39→1 / s3:39→1"	"s4:38→1"
39	17	55	270	3	1	0	0	0	0	0	0	"s1:1→1, 39→1 / s2:1→1 / s3:1→1 / s4:1→1"	"s2:40→1 / s3:40→1 / s4:38→1"
39	17	55	272	2	1	0	0	0	0	0	0	"s1:1→1 / s2:1→1 / s3:1→4, 39→1"	"s2:40→1 / s3:38→1"
39	17	56	203	1	0	0	0	1	0	0	0	"s1:1→1 / s2:39→1"	"s2:38→1"
39	17	56	253	1	0	1	0	0	0	0	0	"s1:39→1 / s2:1→3"	"s2:38→1"
39	17	57	201	1	0	1	1	0	0	0	0	"s1:1→1 / s2:39→1 / s3:1→2"	"s3:38→1"
39	17	57	265	1	2	0	0	0	0	0	0	"s1:39→1 / s2:1→2, 39→1 / s3:1→1"	"s3:38→1"
39	17	57	272	2	1	0	0	0	0	0	0	"s1:1→1, 39→1 / s2:1→2 / s3:1→4"	"s2:40→1 / s3:38→1"
39	17	57	273	1	1	0	0	0	0	0	0	"s1:1→1, 39→1 / s2:1→1, 39→4"	"s2:38→1"
39	17	58	203	0	0	1	1	0	0	0	0	"s1:39→1 / s2:1→2"	""
39	17	58	207	0	3	0	1	0	0	0	0	"s1:39→1 / s2:1→1 / s3:1→1 / s4:1→1"	""
39	17	58	265	1	2	0	0	0	0	0	0	"s1:1→1 / s2:1→1, 39→1 / s3:1→4"	"s3:38→1"
39	17	59	223	0	1	0	1	0	0	0	0	"s1:39→1 / s2:1→2"	""
39	17	59	272	2	1	0	0	0	0	0	0	"s1:1→1 / s2:1→3 / s3:1→4"	"s2:40→1 / s3:38→1"
39	17	59	273	1	1	0	0	0	0	0	0	"s1:1→1, 39→2 / s2:39→1"	"s2:38→1"
39	17	60	222	1	1	0	1	0	0	0	0	"s1:39→1 / s2:1→1 / s3:1→1"	"s3:41→1"
39	17	60	265	1	2	0	0	0	0	0	0	"s1:1→1 / s2:1→2, 39→1 / s3:1→3, 39→2"	"s3:38→1"
39	17	61	195	1	1	0	0	1	0	0	0	"s1:1→1 / s2:39→1 / s3:39→1"	"s3:38→1"
39	17	61	214	1	2	0	1	0	0	0	0	"s1:39→1 / s2:1→1 / s3:1→1 / s4:1→1"	"s4:42→1"
39	17	61	215	0	2	0	1	0	0	0	0	"s1:39→1 / s2:1→1 / s3:1→2"	""
39	17	63	214	1	2	0	1	0	0	0	0	"s1:39→1 / s2:1→1 / s3:1→2 / s4:1→1"	"s4:41→1"
39	17	63	215	0	2	0	1	0	0	0	0	"{s1:39→1 / s2:1→1 / s3:1→3, s1:39→1 / s2:1→2 / s3:1→2}"	""
39	17	63	220	2	1	0	1	0	0	0	0	"s1:39→1 / s2:1→1 / s3:1→1 / s4:1→1"	"s3:41→1 / s4:41→1"
39	17	63	222	1	1	0	1	0	0	0	0	"{s1:39→1 / s2:1→1 / s3:1→2, s1:39→1 / s2:1→2 / s3:1→1}"	"{s3:41→1, s3:41→1}"
39	17	63	223	0	1	0	1	0	0	0	0	"s1:39→1 / s2:1→3"	""
39	17	64	214	1	2	0	1	0	0	0	0	"{s1:39→1 / s2:1→1 / s3:1→1 / s4:1→2, s1:39→1 / s2:1→1 / s3:1→1 / s4:1→3}"	"{s4:42→1, s4:42→1}"
39	17	64	215	0	2	0	1	0	0	0	0	"s1:39→1 / s2:1→1 / s3:1→4"	""
39	17	64	220	2	1	0	1	0	0	0	0	"{s1:39→1 / s2:1→1 / s3:1→1 / s4:1→2, s1:39→1 / s2:1→1 / s3:1→2 / s4:1→2}"	"{s3:41→1 / s4:41→1, s3:41→1 / s4:41→1}"
39	17	64	222	1	1	0	1	0	0	0	0	"{s1:39→1 / s2:1→1 / s3:1→3, s1:39→1 / s2:1→2 / s3:1→2, s1:39→1 / s2:1→2 / s3:1→3, s1:39→1 / s2:1→3 / s3:1→1}"	"{s3:41→1, s3:41→1, s3:41→1, s3:41→1}"
39	17	64	223	0	1	0	1	0	0	0	0	"{s1:39→1 / s2:1→4, s1:39→1 / s2:1→5}"	""
39	17	64	272	2	1	0	0	0	0	0	0	"s1:1→1 / s2:1→4 / s3:1→5"	"s2:40→1 / s3:38→1"
39	17	65	214	1	2	0	1	0	0	0	0	"{s1:39→1 / s2:1→1 / s3:1→1 / s4:1→4, s1:39→1 / s2:1→1 / s3:1→1 / s4:1→5}"	"{s4:42→1, s4:42→1}"
39	17	65	215	0	2	0	1	0	0	0	0	"s1:39→1 / s2:1→1 / s3:1→5"	""
39	17	65	220	2	1	0	1	0	0	0	0	"{s1:39→1 / s2:1→1 / s3:1→1 / s4:1→3, s1:39→1 / s2:1→1 / s3:1→1 / s4:1→4, s1:39→1 / s2:1→1 / s3:1→1 / s4:1→5, s1:39→1 / s2:1→1 / s3:1→2 / s4:1→3, s1:39→1 / s2:1→1 / s3:1→2 / s4:1→4}"	"{s3:41→1 / s4:41→1, s3:41→1 / s4:41→1, s3:41→1 / s4:41→1, s3:41→1 / s4:41→1, s3:41→1 / s4:41→1}"
39	17	65	222	1	1	0	1	0	0	0	0	"{s1:39→1 / s2:1→1 / s3:1→4, s1:39→1 / s2:1→1 / s3:1→5, s1:39→1 / s2:1→2 / s3:1→4, s1:39→1 / s2:1→2 / s3:1→5}"	"{s3:41→1, s3:41→1, s3:41→1, s3:41→1}"
39	17	66	272	2	1	0	0	0	0	0	0	"s1:1→1 / s2:1→2, 39→1 / s3:1→5"	"s2:40→1 / s3:38→1"
39	17	68	203	1	0	0	0	1	0	0	0	"s1:1→1 / s2:39→2"	"s2:38→1"
39	17	68	225	1	0	2	0	0	0	0	0	"s1:39→1 / s2:1→1 / s3:1→2"	"s3:38→1"
39	17	69	197	0	1	0	0	1	0	0	0	"s1:1→1 / s2:39→2"	""
39	17	69	266	1	2	0	0	0	0	0	0	"s1:1→1 / s2:1→1, 39→1 / s3:1→2"	"s3:41→1"
39	17	69	273	1	1	0	0	0	0	0	0	"s1:1→5 / s2:1→4"	"s2:38→1"
39	17	70	194	2	1	0	0	1	0	0	0	"s1:1→1 / s2:39→1 / s3:39→1"	"s3:41→1 / s4:38→1"
39	17	70	195	1	1	0	0	1	0	0	0	"{s1:1→1 / s2:39→1 / s3:39→2, s1:1→1 / s2:39→2, s1:1→1 / s2:39→2 / s3:39→1}"	"{s3:38→1, s3:38→1, s3:38→1}"
39	17	70	196	1	1	0	0	1	0	0	0	"s1:1→1 / s2:39→1 / s3:39→1"	"s3:41→1"
39	17	70	257	1	3	0	0	0	0	0	0	"s1:1→1 / s2:1→1 / s3:1→1 / s4:1→1"	"s4:38→1"
39	17	72	203	1	0	0	0	1	0	0	0	"s1:1→1 / s2:39→3"	"s2:38→1"
39	17	72	222	1	1	0	1	0	0	0	0	"s1:1→1 / s2:39→1 / s3:1→2, 39→2"	"s3:41→1"
39	17	72	272	2	1	0	0	0	0	0	0	"s1:1→1 / s2:1→1, 39→1 / s3:1→3"	"s2:40→1 / s3:38→1"
39	17	72	273	1	1	0	0	0	0	0	0	"s1:1→4 / s2:1→3"	"s2:38→1"
39	17	73	189	0	2	0	0	1	0	0	0	"s1:1→1 / s2:39→1 / s3:39→2"	""
39	17	73	195	1	1	0	0	1	0	0	0	"s1:1→1 / s2:39→1 / s3:39→3"	"s3:38→1"
39	17	73	273	1	1	0	0	0	0	0	0	"s1:1→1, 39→1 / s2:1→5"	"s2:38→1"
39	17	74	203	1	0	0	0	1	0	0	0	"s1:1→1 / s2:39→4"	"s2:38→1"
39	17	74	272	2	1	0	0	0	0	0	0	"s1:1→1, 39→1 / s2:1→2 / s3:1→2"	"s2:40→1 / s3:40→1"
39	17	75	195	1	1	0	0	1	0	0	0	"s1:1→1 / s2:39→1 / s3:39→4"	"s3:38→1"
39	17	75	272	2	1	0	0	0	0	0	0	"{s1:1→1, 39→1 / s2:1→2 / s3:1→2, s1:1→1 / s2:1→1 / s3:1→4, 39→1}"	"{s2:40→1 / s3:38→1, s2:38→1 / s3:40→1}"
39	17	76	195	1	1	0	0	1	0	0	0	"s1:1→1 / s2:39→1 / s3:39→5"	"s3:38→1"
39	17	76	203	1	0	0	0	1	0	0	0	"s1:1→1 / s2:39→5"	"s2:38→1"
39	17	77	196	1	1	0	0	1	0	0	0	"s1:1→1 / s2:39→1 / s3:39→2"	"s3:41→1"
39	17	77	197	0	1	0	0	1	0	0	0	"s1:1→1 / s2:39→3"	""
39	17	77	272	2	1	0	0	0	0	0	0	"s1:1→1, 39→1 / s2:1→2 / s3:1→5"	"s2:40→1 / s3:38→1"
39	17	79	196	1	1	0	0	1	0	0	0	"s1:1→1 / s2:39→1 / s3:39→3"	"s3:41→1"
39	17	79	197	0	1	0	0	1	0	0	0	"s1:1→1 / s2:39→4"	""
39	17	80	196	1	1	0	0	1	0	0	0	"{s1:1→1 / s2:39→1 / s3:39→4, s1:1→1 / s2:39→1 / s3:39→5}"	"{s3:41→1, s3:41→1}"
39	17	80	197	0	1	0	0	1	0	0	0	"s1:1→1 / s2:39→5"	""
39	17	80	270	3	1	0	0	0	0	0	0	"s1:1→1 / s2:1→1 / s3:1→1 / s4:1→2"	"s2:40→1 / s3:40→1 / s4:38→1"
39	17	80	273	1	1	0	0	0	0	0	0	"s1:1→3 / s2:1→2"	"s2:38→1"
39	17	81	195	1	1	0	0	1	0	0	0	"s1:1→1 / s2:39→3"	"s3:38→1"
39	17	82	194	2	1	0	0	1	0	0	0	"s1:1→1 / s2:39→1 / s3:39→2"	"s3:41→1 / s4:38→1"
39	17	82	253	1	0	1	0	0	0	0	0	"s1:39→1 / s2:1→4"	"s2:38→1"
39	17	82	272	2	1	0	0	0	0	0	0	"{s1:1→1, 39→1 / s2:1→1 / s3:1→5, s1:1→1, 39→1 / s2:1→2 / s3:1→3, 39→1}"	"{s2:40→1 / s3:38→1, s2:40→1 / s3:40→1}"
39	17	84	201	1	0	1	1	0	0	0	0	"s1:1→1 / s2:39→1 / s3:1→3"	"s3:38→1"
39	17	85	222	1	1	0	1	0	0	0	0	"s1:1→1 / s2:39→1 / s3:1→1, 39→3"	"s3:41→1"
39	17	85	272	2	1	0	0	0	0	0	0	"s1:1→1 / s2:1→1, 39→1 / s3:1→4, 39→1"	"s2:40→1 / s3:40→1"
39	17	89	266	1	2	0	0	0	0	0	0	"s1:1→1 / s2:1→2, 39→2 / s3:1→1, 39→2"	"s3:40→1"
39	17	90	225	1	0	2	0	0	0	0	0	"s1:39→1 / s2:1→1 / s3:1→3"	"s3:38→1"
39	17	90	265	1	2	0	0	0	0	0	0	"s1:1→1 / s2:1→1, 39→1 / s3:1→5"	"s3:38→1"
39	17	91	247	0	1	1	0	0	0	0	0	"s1:39→1 / s2:1→1"	""
39	17	91	272	2	1	0	0	0	0	0	0	"s1:1→1 / s2:1→1, 39→1 / s3:1→2, 39→3"	"s2:38→1 / s3:40→1"
39	17	92	245	1	1	1	0	0	0	0	0	"s1:39→1 / s2:1→1 / s3:1→2"	"s3:38→1"
39	17	92	246	1	1	1	0	0	0	0	0	"s1:39→1 / s2:1→1 / s3:1→2, 39→1"	"s3:41→1"
39	17	93	221	1	1	0	1	0	0	0	0	"s1:1→1 / s2:39→1 / s3:1→1, 39→3"	"s3:38→1"
39	17	94	266	1	2	0	0	0	0	0	0	"s1:1→1 / s2:1→1 / s3:1→2, 39→2"	"s3:41→1"
39	17	94	272	2	1	0	0	0	0	0	0	"{s1:1→1, 39→1 / s2:1→1 / s3:1→4, 39→1, s1:1→1 / s2:1→4 / s3:1→4}"	"{s2:38→1 / s3:40→1, s2:40→1 / s3:38→1}"
39	17	95	272	2	1	0	0	0	0	0	0	"s1:1→1 / s2:1→3 / s3:1→3"	"s2:40→1 / s3:38→1"
39	17	96	246	1	1	1	0	0	0	0	0	"s1:39→1 / s2:1→1 / s3:1→3, 39→1"	"s3:41→1"
39	17	96	253	1	0	1	0	0	0	0	0	"s1:39→1 / s2:1→5"	"s2:38→1"
39	17	99	272	2	1	0	0	0	0	0	0	"s1:1→1 / s2:1→2 / s3:1→2"	"s2:40→1 / s3:38→1"
39	17	100	245	1	1	1	0	0	0	0	0	"s1:39→1 / s2:1→1 / s3:1→3"	"s3:38→1"
39	17	102	225	1	0	2	0	0	0	0	0	"s1:39→1 / s2:1→1 / s3:1→4"	"s3:38→1"
39	17	102	246	1	1	1	0	0	0	0	0	"s1:39→1 / s2:1→1 / s3:1→4, 39→1"	"s3:41→1"
39	17	102	265	1	2	0	0	0	0	0	0	"s1:1→1 / s2:1→1 / s3:1→2, 39→1"	"s3:38→1"
39	17	106	270	3	1	0	0	0	0	0	0	"s1:1→1 / s2:1→1 / s3:1→1, 39→1 / s4:1→2"	"s2:40→1 / s3:40→1 / s4:38→1"
39	17	106	272	2	1	0	0	0	0	0	0	"s1:1→1 / s2:1→1 / s3:1→1, 39→1"	"s2:40→1 / s3:40→1"
39	17	107	245	1	1	1	0	0	0	0	0	"s1:39→1 / s2:1→1 / s3:1→4"	"s3:38→1"
39	17	107	267	0	2	0	0	0	0	0	0	"s1:1→1, 39→1 / s2:1→2"	""
39	17	108	265	1	2	0	0	0	0	0	0	"s1:1→1, 39→1 / s2:1→2 / s3:1→3"	"s3:38→1"
39	17	108	266	1	2	0	0	0	0	0	0	"s1:1→1, 39→1 / s2:1→2 / s3:1→1"	"s3:40→1"
39	17	108	273	1	1	0	0	0	0	0	0	"s1:1→2 / s2:1→1"	"s2:38→1"
39	17	109	225	1	0	2	0	0	0	0	0	"s1:39→1 / s2:1→1 / s3:1→5"	"s3:38→1"
39	17	109	272	2	1	0	0	0	0	0	0	"s1:1→1, 39→1 / s2:1→4, 39→1 / s3:1→4"	"s2:40→1 / s3:38→1"
39	17	112	245	1	1	1	0	0	0	0	0	"s1:39→1 / s2:1→1 / s3:1→5"	"s3:38→1"
39	17	112	247	0	1	1	0	0	0	0	0	"s1:1→1 / s2:1→1, 39→3"	""
39	17	114	222	1	1	0	1	0	0	0	0	"s1:1→1 / s2:39→1 / s3:1→1, 39→4"	"s3:41→1"
39	17	115	266	1	2	0	0	0	0	0	0	"s1:1→1 / s2:1→1, 39→1 / s3:1→1"	"s3:40→1"
39	17	115	272	2	1	0	0	0	0	0	0	"s1:1→1 / s2:1→4, 39→1 / s3:1→4, 39→1"	"s2:40→1 / s3:38→1"
39	17	116	272	2	1	0	0	0	0	0	0	"{s1:1→1, 39→1 / s2:1→3 / s3:1→5, s1:1→1 / s2:1→1 / s3:1→1}"	"{s2:40→1 / s3:38→1, s2:40→1 / s3:38→1}"
39	17	117	272	2	1	0	0	0	0	0	0	"s1:1→1 / s2:1→2 / s3:1→2, 39→1"	"s2:40→1 / s3:40→1"
39	17	117	273	1	1	0	0	0	0	0	0	"s1:1→5 / s2:1→3"	"s2:38→1"
39	17	118	221	1	1	0	1	0	0	0	0	"s1:1→1 / s2:39→1 / s3:1→1, 39→4"	"s3:38→1"
39	17	118	272	2	1	0	0	0	0	0	0	"s1:1→1, 39→1 / s2:1→2 / s3:1→3"	"s2:40→1 / s3:40→1"
39	17	121	270	3	1	0	0	0	0	0	0	"s1:1→1 / s2:1→1 / s3:1→1 / s4:1→2, 39→1"	"s2:40→1 / s3:38→1 / s4:40→1"
39	17	122	272	2	1	0	0	0	0	0	0	"s1:1→1, 39→1 / s2:1→1 / s3:1→3"	"s2:40→1 / s3:40→1"
39	17	124	195	1	1	0	0	1	0	0	0	"s1:1→1 / s2:39→1 / s3:1→1"	"s3:38→1"
39	17	124	219	0	1	2	0	0	0	0	0	"s1:39→1 / s2:1→1 / s3:1→1"	""
39	17	124	272	2	1	0	0	0	0	0	0	"s1:1→1, 39→1 / s2:1→3 / s3:1→4"	"s2:40→1 / s3:38→1"
39	17	126	239	0	2	1	0	0	0	0	0	"s1:39→1 / s2:1→1 / s3:1→1"	""
39	17	128	237	1	2	1	0	0	0	0	0	"s1:39→1 / s2:1→1 / s3:1→1 / s4:1→5"	"s4:38→1"
39	17	128	272	2	1	0	0	0	0	0	0	"s1:1→1 / s2:1→2, 39→1 / s3:1→2, 39→2"	"s2:40→1 / s3:40→1"
39	17	129	272	2	1	0	0	0	0	0	0	"s1:39→1 / s2:1→1 / s3:1→2, 39→1"	"s2:40→1 / s3:40→1"
39	17	130	272	2	1	0	0	0	0	0	0	"s1:39→1 / s2:1→1 / s3:1→3, 39→1"	"s2:40→1 / s3:38→1"
39	17	131	227	0	0	2	0	0	0	0	0	"s1:39→1 / s2:1→2"	""
39	17	131	266	1	2	0	0	0	0	0	0	"s1:1→1 / s2:1→1, 39→1 / s3:1→3"	"s3:41→1"
39	17	131	273	1	1	0	0	0	0	0	0	"s1:1→3, 39→2"	"s2:38→1"
39	17	132	231	0	3	1	0	0	0	0	0	"s1:39→1 / s2:1→1 / s3:1→1 / s4:1→1"	""
39	17	132	237	1	2	1	0	0	0	0	0	"s1:39→1 / s2:1→1 / s3:1→1 / s4:1→4"	"s4:38→1"
39	17	132	265	1	2	0	0	0	0	0	0	"s1:1→1, 39→1 / s2:1→2 / s3:1→2"	"s3:38→1"
39	17	133	246	1	1	1	0	0	0	0	0	"s1:39→1 / s2:1→1 / s3:1→1"	"s3:41→1"
39	17	133	247	0	1	1	0	0	0	0	0	"s1:39→1 / s2:1→2"	""
39	17	134	238	1	2	1	0	0	0	0	0	"s1:39→1 / s2:1→1 / s3:1→1 / s4:1→1"	"s4:42→1"
39	17	134	239	0	2	1	0	0	0	0	0	"s1:39→1 / s2:1→1 / s3:1→2"	""
39	17	134	273	1	1	0	0	0	0	0	0	"s1:1→4, 39→1 / s2:1→3, 39→1"	"s2:38→1"
39	17	135	245	1	1	1	0	0	0	0	0	"s1:39→1 / s2:1→1 / s3:1→1"	"s3:38→1"
39	17	136	238	1	2	1	0	0	0	0	0	"{s1:39→1 / s2:1→1 / s3:1→1 / s4:1→2, s1:39→1 / s2:1→1 / s3:1→2 / s4:1→1}"	"{s4:42→1, s4:41→1}"
39	17	136	239	0	2	1	0	0	0	0	0	"{s1:39→1 / s2:1→1 / s3:1→3, s1:39→1 / s2:1→2 / s3:1→2}"	""
39	17	136	244	2	1	1	0	0	0	0	0	"s1:39→1 / s2:1→1 / s3:1→1 / s4:1→1"	"s3:41→1 / s4:41→1"
39	17	136	246	1	1	1	0	0	0	0	0	"{s1:39→1 / s2:1→1 / s3:1→2, s1:39→1 / s2:1→2 / s3:1→1}"	"{s3:41→1, s3:41→1}"
39	17	136	247	0	1	1	0	0	0	0	0	"s1:39→1 / s2:1→3"	""
39	17	137	238	1	2	1	0	0	0	0	0	"{s1:39→1 / s2:1→1 / s3:1→1 / s4:1→3, s1:39→1 / s2:1→1 / s3:1→1 / s4:1→4, s1:39→1 / s2:1→1 / s3:1→1 / s4:1→5}"	"{s4:42→1, s4:42→1, s4:42→1}"
39	17	137	239	0	2	1	0	0	0	0	0	"{s1:39→1 / s2:1→1 / s3:1→4, s1:39→1 / s2:1→1 / s3:1→5}"	""
39	17	137	244	2	1	1	0	0	0	0	0	"{s1:39→1 / s2:1→1 / s3:1→1 / s4:1→2, s1:39→1 / s2:1→1 / s3:1→1 / s4:1→3, s1:39→1 / s2:1→1 / s3:1→1 / s4:1→4, s1:39→1 / s2:1→1 / s3:1→1 / s4:1→5, s1:39→1 / s2:1→1 / s3:1→2 / s4:1→2, s1:39→1 / s2:1→1 / s3:1→2 / s4:1→3, s1:39→1 / s2:1→1 / s3:1→2 / s4:1→4}"	"{s3:41→1 / s4:41→1, s3:41→1 / s4:41→1, s3:41→1 / s4:41→1, s3:41→1 / s4:41→1, s3:41→1 / s4:41→1, s3:41→1 / s4:41→1, s3:41→1 / s4:41→1}"
39	17	137	246	1	1	1	0	0	0	0	0	"{s1:39→1 / s2:1→1 / s3:1→3, s1:39→1 / s2:1→1 / s3:1→4, s1:39→1 / s2:1→1 / s3:1→5, s1:39→1 / s2:1→2 / s3:1→2, s1:39→1 / s2:1→2 / s3:1→3, s1:39→1 / s2:1→2 / s3:1→4, s1:39→1 / s2:1→2 / s3:1→5, s1:39→1 / s2:1→3 / s3:1→1}"	"{s3:41→1, s3:41→1, s3:41→1, s3:41→1, s3:41→1, s3:41→1, s3:41→1, s3:41→1}"
39	17	137	247	0	1	1	0	0	0	0	0	"{s1:39→1 / s2:1→4, s1:39→1 / s2:1→5}"	""
39	17	137	270	3	1	0	0	0	0	0	0	"s1:1→1 / s2:1→1, 39→2 / s3:1→1, 39→1 / s4:1→2, 39→3"	"s2:40→1 / s3:38→1 / s4:40→1"
39	17	138	272	2	1	0	0	0	0	0	0	"s1:1→1 / s2:1→3, 39→1 / s3:1→3, 39→1"	"s2:40→1 / s3:38→1"
39	17	140	272	2	1	0	0	0	0	0	0	"s1:39→1 / s2:1→1 / s3:1→1"	"s2:40→1 / s3:38→1"
39	17	141	266	1	2	0	0	0	0	0	0	"s1:39→1 / s2:1→2, 39→1 / s3:1→1"	"s3:40→1"
39	17	141	272	2	1	0	0	0	0	0	0	"s1:1→1 / s2:1→4 / s3:1→5"	"s2:38→1 / s3:40→1"
39	17	142	238	1	2	1	0	0	0	0	0	"s1:39→1 / s2:1→1 / s3:1→1 / s4:1→4, 39→1"	"s4:42→1"
39	17	145	237	1	2	1	0	0	0	0	0	"s1:39→1 / s2:1→1 / s3:1→1 / s4:1→3"	"s4:38→1"
39	17	146	270	3	1	0	0	0	0	0	0	"s1:39→1 / s2:1→1 / s3:1→1 / s4:1→2, 39→1"	"s2:40→1 / s3:38→1 / s4:40→1"
39	17	146	273	1	1	0	0	0	0	0	0	"s1:39→1 / s2:1→4, 39→1"	"s2:38→1"
39	17	150	246	1	1	1	0	0	0	0	0	"s1:39→1 / s2:1→1 / s3:1→1, 39→1"	"s3:41→1"
39	17	150	265	1	2	0	0	0	0	0	0	"s1:1→1 / s2:1→2 / s3:1→1"	"s3:38→1"
39	17	152	221	1	1	0	1	0	0	0	0	"s1:1→1 / s2:39→1 / s3:1→3, 39→2"	"s3:38→1"
39	17	153	273	1	1	0	0	0	0	0	0	"s1:1→4 / s2:1→2"	"s2:38→1"
39	17	154	272	2	1	0	0	0	0	0	0	"s1:1→1, 39→1 / s3:1→3, 39→2"	"s2:38→1 / s3:40→1"
39	17	156	264	2	2	0	0	0	0	0	0	"s1:1→1 / s2:1→1 / s3:1→1 / s4:1→1"	"s3:41→1 / s4:38→1"
39	17	157	201	1	0	1	1	0	0	0	0	"s1:1→1 / s2:39→1"	"s3:38→1"
39	17	158	272	2	1	0	0	0	0	0	0	"s1:1→1 / s2:1→3 / s3:1→4"	"s2:38→1 / s3:40→1"
39	17	159	245	1	1	1	0	0	0	0	0	"s1:39→1 / s2:1→2 / s3:1→5"	"s3:38→1"
39	17	161	272	2	1	0	0	0	0	0	0	"s1:39→1 / s2:1→1 / s3:1→3, 39→2"	"s2:40→1 / s3:40→1"
39	17	162	244	2	1	1	0	0	0	0	0	"s1:39→1 / s2:1→1 / s3:1→1 / s4:1→5"	"s3:41→1 / s4:38→1"
39	17	165	272	2	1	0	0	0	0	0	0	"s1:39→1 / s2:1→1 / s3:1→3, 39→1"	"s2:40→1 / s3:40→1"
39	17	168	221	1	1	0	1	0	0	0	0	"s1:1→1 / s2:39→1 / s3:1→2, 39→1"	"s3:38→1"
39	17	169	238	1	2	1	0	0	0	0	0	"s1:39→1 / s2:1→1 / s3:1→1 / s4:1→3, 39→1"	"s4:42→1"
39	17	170	221	1	1	0	1	0	0	0	0	"s1:1→1 / s2:39→1"	"s3:38→1"
39	17	170	265	1	2	0	0	0	0	0	0	"s1:1→1 / s2:1→1, 39→1 / s3:1→1, 39→1"	"s3:38→1"
39	17	170	272	2	1	0	0	0	0	0	0	"s1:39→1 / s2:1→1 / s3:1→4, 39→1"	"s2:40→1 / s3:38→1"
39	17	172	272	2	1	0	0	0	0	0	0	"s1:1→1, 39→1 / s2:1→2 / s3:1→4"	"s2:40→1 / s3:40→1"
39	17	177	272	2	1	0	0	0	0	0	0	"s1:1→1, 39→1 / s2:1→3 / s3:1→3"	"s2:40→1 / s3:38→1"
39	17	180	266	1	2	0	0	0	0	0	0	"s1:1→1 / s2:1→1, 39→1 / s3:1→4"	"s3:41→1"
39	17	182	245	1	1	1	0	0	0	0	0	"s1:39→1 / s2:1→2 / s3:1→4"	"s3:38→1"
39	17	187	244	2	1	1	0	0	0	0	0	"s1:39→1 / s2:1→1 / s3:1→1 / s4:1→4"	"s3:41→1 / s4:38→1"
39	17	190	266	1	2	0	0	0	0	0	0	"s1:1→1 / s2:1→1, 39→2 / s3:1→1, 39→2"	"s3:40→1"
39	17	190	267	0	2	0	0	0	0	0	0	"s1:1→1 / s2:1→1, 39→2"	""
39	17	191	215	0	2	0	1	0	0	0	0	"s1:1→1 / s2:39→1 / s3:39→1"	""
39	17	191	253	1	0	1	0	0	0	0	0	"s1:1→2, 39→1"	"s2:38→1"
39	17	192	272	2	1	0	0	0	0	0	0	"s1:1→1 / s2:1→2 / s3:1→3"	"s2:38→1 / s3:40→1"
39	17	193	213	1	2	0	1	0	0	0	0	"s1:1→1 / s2:39→1 / s3:39→1"	"s4:38→1"
39	17	193	222	1	1	0	1	0	0	0	0	"s1:1→1 / s2:39→1 / s3:1→3, 39→2"	"s3:41→1"
39	18	39	149	0	0	0	0	0	0	1	0	"s1:39→1"	""
39	18	39	177	0	0	0	0	0	1	0	0	"s1:39→1"	""
39	18	39	204	0	0	0	0	1	0	0	0	"{s1:1→1, s1:39→1}"	""
39	18	39	222	0	1	0	1	0	0	0	0	"{s1:1→1 / s2:39→1, s1:39→1 / s2:1→1}"	""
39	18	39	226	0	0	2	0	0	0	0	0	"s1:39→1 / s2:1→1"	""
39	18	39	229	1	0	0	1	0	0	0	0	"s1:39→1"	"s2:2→1"
39	18	39	230	0	0	0	1	0	0	0	0	"{s1:1→1, s1:39→1}"	""
39	18	39	254	0	0	1	0	0	0	0	0	"{s1:1→1, s1:1→1, 39→1, s1:39→1}"	""
39	18	39	273	1	1	0	0	0	0	0	0	"s1:39→1 / s2:1→1, 39→1"	"s2:2→1"
39	18	40	196	0	1	0	0	1	0	0	0	"{s1:1→1 / s2:39→1, s1:39→1 / s2:1→1}"	""
39	18	40	202	0	0	1	1	0	0	0	0	"{s1:1→1 / s2:39→1, s1:39→1 / s2:1→1}"	""
39	18	40	203	1	0	0	0	1	0	0	0	"s1:39→1"	"s2:2→1"
39	18	40	230	0	0	0	1	0	0	0	0	"s1:1→1, 39→1"	""
39	18	40	253	1	0	1	0	0	0	0	0	"{s1:1→1, 39→1, s1:1→1, 39→1 / s2:1→1, 39→1, s1:1→1, 39→1 / s2:1→1, 39→2, s1:1→1, 39→1 / s2:1→1, 39→3, s1:1→1 / s2:1→1, 39→4, s1:1→1 / s2:39→2, s1:39→1 / s2:1→1, 39→1, s1:39→1 / s2:1→3, 39→2}"	"{s2:2→1, s2:2→1, s2:2→1, s2:2→1, s2:2→1, s2:2→1, s2:2→1, s2:2→1}"
39	18	40	266	0	2	0	0	0	0	0	0	"{s1:1→1, 39→1 / s2:1→1, 39→2, s1:1→1, 39→1 / s2:1→2, 39→1, s1:1→1, 39→1 / s2:1→2, 39→3, s1:1→1, 39→1 / s2:1→3, 39→2, s1:1→1, 39→2 / s2:1→2, 39→2}"	""
39	18	40	273	1	1	0	0	0	0	0	0	"{s1:1→1, 39→1 / s2:1→1, 39→4, s1:1→1, 39→1 / s2:39→1, s1:1→1, 39→1 / s2:39→2, s1:1→1, 39→2 / s2:1→1, 39→1, s1:1→1, 39→2 / s2:1→1, 39→2, s1:1→1, 39→2 / s2:1→1, 39→3, s1:1→1, 39→2 / s2:1→2, 39→2, s1:1→1, 39→2 / s2:1→2, 39→3, s1:1→1, 39→2 / s2:1→2, 39→3, s1:1→1, 39→2 / s2:39→1, s1:1→1 / s2:1→1, 39→3, s1:1→2, 39→1 / s2:1→1, 39→1, s1:1→2, 39→1 / s2:1→1, 39→1, s1:1→2, 39→1 / s2:1→2, 39→2, s1:1→2, 39→1 / s2:1→3, 39→2, s1:1→2, 39→2 / s2:1→1, s1:1→2, 39→2 / s2:39→1, s1:1→2, 39→3 / s2:1→1, 39→4, s1:1→2, 39→3 / s2:1→2, 39→3, s1:1→2, 39→3 / s2:39→2, s1:1→3, 39→2, s1:1→3, 39→2 / s2:1→1, 39→2, s1:1→3, 39→2 / s2:39→1, s1:39→1 / s2:1→2, 39→3}"	"{s2:2→1, s2:40→1, s2:2→1, s2:40→1, s2:2→1, s2:2→1, s2:40→1, s2:2→1, s2:40→1, s2:2→1, s2:2→1, s2:2→1, s2:40→1, s2:2→1, s2:2→1, s2:40→1, s2:40→1, s2:2→1, s2:2→1, s2:2→1, s2:2→1, s2:2→1, s2:2→1, s2:2→1}"
39	18	41	169	0	1	0	0	0	1	0	0	"s1:39→1 / s2:1→1"	""
39	18	41	176	0	0	1	0	1	0	0	0	"{s1:1→1 / s2:39→1, s1:39→1 / s2:1→1}"	""
39	18	41	176	1	0	0	0	0	1	0	0	"s1:39→1"	"s2:2→1"
39	18	41	178	0	0	0	2	0	0	0	0	"s1:39→1 / s2:1→1"	""
39	18	41	204	0	0	0	0	1	0	0	0	"s1:1→1, 39→1"	""
39	18	41	221	1	1	0	1	0	0	0	0	"s1:39→1 / s2:1→1 / s3:1→1, 39→1"	"s3:2→1"
39	18	41	229	1	0	0	1	0	0	0	0	"{s1:1→1, 39→1, s1:1→1, 39→1 / s2:39→1, s1:1→1, 39→1 / s2:39→2, s1:1→1 / s2:39→2, s1:1→1 / s2:39→3, s1:39→1 / s2:1→1, 39→1, s1:39→1 / s2:1→2, 39→1, s1:39→1 / s2:1→3, 39→1, s1:39→1 / s2:1→3, 39→2}"	"{s2:2→1, s2:2→1, s2:2→1, s2:2→1, s2:2→1, s2:2→1, s2:2→1, s2:2→1, s2:2→1}"
39	18	41	245	1	1	1	0	0	0	0	0	"s1:1→1, 39→1 / s2:39→1 / s3:39→1"	"s3:2→1"
39	18	41	246	0	1	1	0	0	0	0	0	"{s1:1→1, 39→1 / s2:1→1, s1:1→1, 39→1 / s2:1→1, 39→1, s1:1→1, 39→1 / s2:39→1, s1:1→1 / s2:1→1, 39→2, s1:39→1 / s2:1→2, 39→1}"	""
39	18	41	253	1	0	1	0	0	0	0	0	"{s1:1→1, 39→1 / s2:1→1, 39→4, s1:1→1, 39→1 / s2:39→1, s1:1→1, 39→1 / s2:39→2, s1:1→1, 39→1 / s2:39→3, s1:1→1 / s2:1→1, 39→2, s1:1→1 / s2:1→1, 39→3, s1:1→1 / s2:39→1, s1:39→1 / s2:1→2, 39→1, s1:39→1 / s2:1→2, 39→2, s1:39→1 / s2:1→2, 39→3}"	"{s2:2→1, s2:2→1, s2:2→1, s2:2→1, s2:2→1, s2:2→1, s2:2→1, s2:2→1, s2:2→1, s2:2→1}"
39	18	41	254	0	0	1	0	0	0	0	0	"s1:1→1, 39→2"	""
39	18	41	265	1	2	0	0	0	0	0	0	"{s1:1→1, 39→1 / s2:1→1, 39→1 / s3:1→1, 39→3, s1:1→1, 39→1 / s2:1→1, 39→2 / s3:39→1, s1:1→1, 39→1 / s2:1→2, 39→2 / s3:39→1, s1:1→1 / s2:1→1, 39→1 / s3:1→1, 39→1, s1:1→1 / s2:1→1, 39→1 / s3:1→1, 39→2, s1:39→1 / s2:1→1, 39→1 / s3:1→1, 39→1, s1:39→1 / s2:1→1, 39→1 / s3:1→1, 39→2, s1:39→1 / s2:1→1, 39→1 / s3:1→1, 39→3, s1:39→1 / s2:1→1, 39→1 / s3:1→2, 39→1, s1:39→1 / s2:1→1, 39→1 / s3:1→2, 39→3, s1:39→1 / s2:1→1, 39→1 / s3:1→2, 39→3, s1:39→1 / s2:1→1, 39→1 / s3:1→3, 39→2, s1:39→1 / s2:1→2, 39→2 / s3:1→1, 39→1, s1:39→1 / s2:1→2, 39→3 / s3:39→1, s1:39→1 / s2:1→3, 39→2 / s3:1→1, 39→1}"	"{s3:41→1, s3:40→1, s3:40→1, s3:2→1, s3:40→1, s3:40→1, s3:41→1, s3:2→1, s3:40→1, s3:40→1, s3:41→1, s3:41→1, s3:40→1, s3:2→1, s3:2→1}"
39	18	41	266	0	2	0	0	0	0	0	0	"{s1:1→1, 39→1 / s2:1→1, 39→1, s1:1→1, 39→1 / s2:1→1, 39→3, s1:1→1, 39→1 / s2:1→2, 39→2, s1:1→1, 39→2 / s2:1→1, 39→2, s1:1→1 / s2:1→1, 39→1, s1:1→1 / s2:1→2, 39→2, s1:1→1 / s2:1→2, 39→3, s1:1→1 / s2:1→3, 39→2, s1:39→1 / s2:1→1, 39→1, s1:39→1 / s2:1→2, 39→2, s1:39→1 / s2:1→2, 39→3, s1:39→1 / s2:1→3, 39→2}"	""
39	18	41	271	2	1	0	0	0	0	0	0	"{s1:1→1, 39→1 / s2:1→1, 39→2 / s3:1→1, 39→3, s1:1→1, 39→1 / s2:1→1 / s3:1→2, 39→1, s1:1→1, 39→1 / s2:39→1 / s3:1→1, 39→1, s1:1→1, 39→1 / s2:39→1 / s3:1→1, 39→2, s1:1→1, 39→1 / s2:39→1 / s3:1→1, 39→3, s1:1→1, 39→1 / s2:39→1 / s3:1→2, 39→2, s1:1→1, 39→1 / s2:39→1 / s3:1→2, 39→3, s1:1→1 / s2:1→1, 39→1 / s3:1→1, 39→1, s1:39→1 / s2:1→1, 39→1 / s3:1→1, 39→1, s1:39→1 / s2:1→1, 39→1 / s3:1→2, 39→2, s1:39→1 / s2:1→1, 39→1 / s3:1→2, 39→3}"	"{s2:40→1 / s3:40→1, s2:40→1 / s3:40→1, s2:40→1 / s3:40→1, s2:40→1 / s3:40→1, s2:40→1 / s3:40→1, s2:40→1 / s3:40→1, s2:40→1 / s3:40→1, s2:40→1 / s3:40→1, s2:40→1 / s3:40→1, s2:40→1 / s3:40→1, s2:40→1 / s3:40→1}"
39	18	41	272	2	1	0	0	0	0	0	0	"{s1:1→1, 39→1 / s2:1→1, 39→3 / s3:1→1, 39→3, s1:1→1, 39→1 / s2:1→1, 39→3 / s3:1→1, 39→4, s1:1→1, 39→1 / s2:39→1 / s3:1→1, 39→2, s1:1→1, 39→1 / s2:39→1 / s3:1→1, 39→3, s1:1→1, 39→1 / s2:39→1 / s3:1→1, 39→3, s1:1→1, 39→1 / s2:39→1 / s3:1→1, 39→4, s1:1→1, 39→1 / s2:39→1 / s3:1→2, 39→1, s1:1→1, 39→1 / s2:39→1 / s3:39→1, s1:1→1, 39→1 / s2:39→1 / s3:39→2, s1:1→1, 39→1 / s2:39→2 / s3:1→1, 39→3, s1:1→1, 39→1 / s3:1→2, 39→2, s1:1→1, 39→1 / s3:1→3, 39→1, s1:1→1 / s2:1→1, 39→1 / s3:1→1, 39→1, s1:1→1 / s2:1→1, 39→2 / s3:1→1, 39→2, s1:39→1 / s2:1→1, 39→1 / s3:1→1, 39→2, s1:39→1 / s2:1→1, 39→1 / s3:1→1, 39→3, s1:39→1 / s2:1→1, 39→1 / s3:1→2, 39→1, s1:39→1 / s2:1→1, 39→1 / s3:1→2, 39→3, s1:39→1 / s2:1→1, 39→3 / s3:1→2, 39→3, s1:39→1 / s2:39→1 / s3:1→1, 39→1, s1:39→1 / s2:39→1 / s3:1→2, 39→3}"	"{s2:40→1 / s3:2→1, s2:40→1 / s3:2→1, s2:40→1 / s3:2→1, s2:2→1 / s3:40→1, s2:40→1 / s3:2→1, s2:40→1 / s3:2→1, s2:2→1 / s3:40→1, s2:40→1 / s3:2→1, s2:40→1 / s3:2→1, s2:2→1 / s3:40→1, s2:2→1 / s3:40→1, s2:2→1 / s3:40→1, s2:40→1 / s3:2→1, s2:40→1 / s3:2→1, s2:40→1 / s3:2→1, s2:40→1 / s3:2→1, s2:2→1 / s3:40→1, s2:40→1 / s3:2→1, s2:2→1 / s3:40→1, s2:2→1 / s3:40→1, s2:2→1 / s3:40→1}"
39	18	41	273	1	1	0	0	0	0	0	0	"{s1:1→1, 39→1, s1:1→1, 39→1 / s2:1→1, s1:1→1, 39→1 / s2:1→1, 39→1, s1:1→1, 39→1 / s2:1→1, 39→1, s1:1→1, 39→1 / s2:1→1, 39→2, s1:1→1, 39→1 / s2:1→1, 39→2, s1:1→1, 39→1 / s2:1→1, 39→3, s1:1→1, 39→1 / s2:1→1, 39→3, s1:1→1, 39→1 / s2:1→2, 39→1, s1:1→1, 39→1 / s2:1→2, 39→1, s1:1→1, 39→1 / s2:1→2, 39→2, s1:1→1, 39→1 / s2:1→2, 39→2, s1:1→1, 39→1 / s2:1→2, 39→3, s1:1→1, 39→1 / s2:1→2, 39→3, s1:1→1, 39→1 / s2:1→3, 39→1, s1:1→1, 39→1 / s2:1→3, 39→2, s1:1→1, 39→1 / s2:1→3, 39→2, s1:1→1, 39→1 / s2:39→1, s1:1→1, 39→2 / s2:1→1, 39→2, s1:1→1, 39→2 / s2:1→1, 39→3, s1:1→1, 39→2 / s2:1→1, 39→4, s1:1→1, 39→2 / s2:1→1, 39→4, s1:1→1, 39→2 / s2:39→1, s1:1→1, 39→2 / s2:39→2, s1:1→1, 39→2 / s2:39→3, s1:1→1, 39→3 / s2:1→1, 39→4, s1:1→1, 39→3 / s2:39→2, s1:1→1, 39→3 / s2:39→3, s1:1→1 / s2:1→1, 39→1, s1:1→1 / s2:1→1, 39→1, s1:1→1 / s2:1→1, 39→2, s1:1→1 / s2:1→1, 39→2, s1:1→1 / s2:1→2, 39→2, s1:1→1 / s2:1→2, 39→2, s1:1→1 / s2:1→2, 39→3, s1:1→1 / s2:1→2, 39→3, s1:1→1 / s2:1→3, 39→2, s1:1→1 / s2:39→1, s1:1→2, 39→1, s1:1→2, 39→1 / s2:1→1, 39→2, s1:1→2, 39→1 / s2:1→2, 39→1, s1:1→2, 39→1 / s2:1→2, 39→3, s1:1→2, 39→1 / s2:1→3, 39→1, s1:1→2, 39→1 / s2:39→1, s1:1→2, 39→2, s1:1→2, 39→2 / s2:1→1, 39→1, s1:1→2, 39→2 / s2:1→1, 39→1, s1:1→2, 39→2 / s2:1→1, 39→2, s1:1→2, 39→2 / s2:1→1, 39→2, s1:1→2, 39→2 / s2:1→1, 39→3, s1:1→2, 39→2 / s2:1→2, 39→2, s1:1→2, 39→2 / s2:1→2, 39→3, s1:1→2, 39→2 / s2:1→3, 39→2, s1:1→2, 39→2 / s2:39→1, s1:1→2, 39→3 / s2:1→1, 39→1, s1:1→2, 39→3 / s2:1→1, 39→2, s1:1→2, 39→3 / s2:1→1, 39→3, s1:1→2, 39→3 / s2:39→1, s1:1→2, 39→3 / s2:39→1, s1:1→3, 39→2 / s2:1→1, 39→1, s1:39→1 / s2:1→1, 39→1, s1:39→1 / s2:1→1, 39→2, s1:39→1 / s2:1→1, 39→3, s1:39→1 / s2:1→2, 39→1, s1:39→1 / s2:1→2, 39→2, s1:39→1 / s2:1→2, 39→2, s1:39→1 / s2:1→2, 39→3, s1:39→1 / s2:1→3, 39→2, s1:39→1 / s2:39→1}"	"{s2:2→1, s2:40→1, s2:2→1, s2:40→1, s2:2→1, s2:40→1, s2:2→1, s2:40→1, s2:2→1, s2:40→1, s2:2→1, s2:40→1, s2:2→1, s2:40→1, s2:40→1, s2:2→1, s2:40→1, s2:2→1, s2:40→1, s2:40→1, s2:2→1, s2:40→1, s2:40→1, s2:2→1, s2:2→1, s2:2→1, s2:2→1, s2:2→1, s2:2→1, s2:40→1, s2:2→1, s2:40→1, s2:2→1, s2:40→1, s2:2→1, s2:40→1, s2:40→1, s2:2→1, s2:2→1, s2:2→1, s2:2→1, s2:2→1, s2:2→1, s2:2→1, s2:2→1, s2:2→1, s2:40→1, s2:2→1, s2:40→1, s2:2→1, s2:2→1, s2:2→1, s2:2→1, s2:2→1, s2:40→1, s2:2→1, s2:2→1, s2:2→1, s2:40→1, s2:2→1, s2:40→1, s2:2→1, s2:2→1, s2:40→1, s2:2→1, s2:40→1, s2:40→1, s2:40→1, s2:2→1}"
39	18	42	141	0	1	0	0	0	0	1	0	"s1:39→1 / s2:1→1"	""
39	18	42	148	1	0	0	0	0	0	1	0	"s1:39→1"	"s2:2→1"
39	18	42	149	0	0	1	0	0	1	0	0	"s1:39→1 / s2:1→1"	""
39	18	42	152	0	0	0	1	1	0	0	0	"{s1:1→1 / s2:39→1, s1:39→1 / s2:1→1}"	""
39	18	42	195	1	1	0	0	1	0	0	0	"{s1:39→1 / s2:1→1 / s3:1→1, 39→1, s1:39→1 / s2:1→1 / s3:1→2, 39→1, s1:39→1 / s2:1→1 / s3:1→2, 39→1}"	"{s3:2→1, s3:2→1, s3:41→1}"
39	18	42	201	1	0	1	1	0	0	0	0	"{s1:1→1 / s2:39→1 / s3:39→1, s1:39→1 / s2:1→1 / s3:1→1, 39→1}"	"{s3:2→1, s3:2→1}"
39	18	42	203	1	0	0	0	1	0	0	0	"{s1:39→1 / s2:1→1, 39→1, s1:39→1 / s2:1→2, 39→1, s1:39→1 / s2:1→3, 39→1, s1:39→1 / s2:1→4, 39→1}"	"{s2:2→1, s2:2→1, s2:2→1, s2:2→1}"
39	18	42	218	0	1	2	0	0	0	0	0	"s1:39→1 / s2:1→1 / s3:1→1, 39→1"	""
39	18	42	221	1	1	0	1	0	0	0	0	"{s1:1→1 / s2:39→1 / s3:39→2, s1:39→1 / s2:1→1 / s3:1→2, 39→1, s1:39→1 / s2:1→1 / s3:1→3, 39→2, s1:39→1 / s2:1→1 / s3:1→3, 39→2}"	"{s3:2→1, s3:41→1, s3:2→1, s3:41→1}"
39	18	42	225	1	0	2	0	0	0	0	0	"s1:39→1 / s2:1→1 / s3:1→1, 39→2"	"s3:2→1"
39	18	42	229	1	0	0	1	0	0	0	0	"{s1:1→1, 39→1 / s2:39→3, s1:1→1 / s2:39→1, s1:1→1 / s2:39→4, s1:39→1 / s2:1→2, 39→2, s1:39→1 / s2:1→2, 39→3}"	"{s2:2→1, s2:2→1, s2:2→1, s2:2→1, s2:2→1}"
39	18	42	245	1	1	1	0	0	0	0	0	"{s1:39→1 / s2:1→1, 39→1 / s3:1→1, 39→1, s1:39→1 / s2:1→1, 39→1 / s3:39→1, s1:39→1 / s2:1→2, 39→1 / s3:1→1, 39→1}"	"{s3:2→1, s3:2→1, s3:2→1}"
39	18	42	246	0	1	1	0	0	0	0	0	"{s1:1→1 / s2:1→1, 39→1, s1:39→1 / s2:1→1, 39→1}"	""
39	18	42	253	1	0	1	0	0	0	0	0	"{s1:1→1, 39→1 / s2:39→4, s1:1→1 / s2:1→1, 39→1, s1:39→1 / s2:1→1, 39→2, s1:39→1 / s2:1→1, 39→3, s1:39→1 / s2:39→1}"	"{s2:2→1, s2:2→1, s2:2→1, s2:2→1, s2:2→1}"
39	18	42	258	0	3	0	0	0	0	0	0	"{s1:1→1, 39→1 / s2:1→1, 39→1 / s3:1→1, 39→1, s1:1→1 / s2:1→1, 39→1 / s3:1→1, 39→1, s1:39→1 / s2:1→1, 39→1 / s3:1→1, 39→1}"	""
39	18	42	265	1	2	0	0	0	0	0	0	"{s1:1→1, 39→1 / s2:1→1, 39→1, s1:1→1, 39→1 / s2:1→1, 39→1 / s3:1→1, s1:1→1, 39→1 / s2:1→1, 39→1 / s3:1→1, 39→1, s1:1→1, 39→1 / s2:1→1, 39→1 / s3:1→1, 39→1, s1:1→1, 39→1 / s2:1→1, 39→1 / s3:1→1, 39→2, s1:1→1, 39→1 / s2:1→1, 39→1 / s3:1→1, 39→2, s1:1→1, 39→1 / s2:1→1, 39→1 / s3:1→1, 39→3, s1:1→1, 39→1 / s2:1→1, 39→1 / s3:1→1, 39→4, s1:1→1, 39→1 / s2:1→1, 39→1 / s3:39→1, s1:1→1, 39→1 / s2:1→1, 39→1 / s3:39→1, s1:1→1, 39→1 / s2:1→1, 39→1 / s3:39→2, s1:1→1, 39→1 / s2:1→1, 39→2 / s3:1→1, 39→1, s1:1→1, 39→1 / s2:1→1, 39→2 / s3:1→1, 39→2, s1:1→1, 39→1 / s2:1→1, 39→2 / s3:1→1, 39→3, s1:1→1, 39→1 / s2:1→1, 39→2 / s3:39→1, s1:1→1, 39→1 / s2:1→1, 39→2 / s3:39→2, s1:1→1, 39→1 / s2:1→2, 39→1, s1:1→1, 39→1 / s2:1→2, 39→1 / s3:39→1, s1:1→1, 39→1 / s2:1→2, 39→2, s1:1→1, 39→1 / s2:1→2, 39→2 / s3:39→1, s1:1→1, 39→1 / s2:1→2, 39→3 / s3:39→1, s1:1→1 / s2:1→1, 39→1 / s3:1→1, 39→1, s1:1→1 / s2:1→1, 39→1 / s3:1→1, 39→1, s1:1→1 / s2:1→1, 39→1 / s3:1→1, 39→2, s1:1→1 / s2:1→1, 39→1 / s3:39→1, s1:1→1 / s2:1→2, 39→2 / s3:39→1, s1:1→1 / s2:1→2, 39→3 / s3:39→1, s1:39→1 / s2:1→1, 39→1 / s3:1→1, 39→1, s1:39→1 / s2:1→1, 39→1 / s3:1→1, 39→2, s1:39→1 / s2:1→1, 39→1 / s3:1→1, 39→2, s1:39→1 / s2:1→1, 39→1 / s3:1→1, 39→4, s1:39→1 / s2:1→1, 39→1 / s3:1→2, 39→2, s1:39→1 / s2:1→1, 39→1 / s3:1→2, 39→2, s1:39→1 / s2:1→1, 39→1 / s3:1→2, 39→2, s1:39→1 / s2:1→1, 39→1 / s3:1→2, 39→3, s1:39→1 / s2:1→1, 39→1 / s3:1→3, 39→2, s1:39→1 / s2:1→1, 39→1 / s3:39→1, s1:39→1 / s2:1→1, 39→1 / s3:39→2, s1:39→1 / s2:1→1, 39→2 / s3:1→1, 39→1, s1:39→1 / s2:1→1, 39→2 / s3:1→1, 39→3, s1:39→1 / s2:1→1, 39→2 / s3:39→1, s1:39→1 / s2:1→1, 39→2 / s3:39→2, s1:39→1 / s2:1→2, 39→2 / s3:1→1, 39→2, s1:39→1 / s2:1→2, 39→2 / s3:1→2, 39→3, s1:39→1 / s2:1→2, 39→2 / s3:39→1, s1:39→1 / s2:1→3, 39→2 / s3:1→2, 39→1}"	"{s3:2→1, s3:41→1, s3:2→1, s3:41→1, s3:2→1, s3:41→1, s3:2→1, s3:2→1, s3:2→1, s3:41→1, s3:2→1, s3:40→1, s3:2→1, s3:2→1, s3:2→1, s3:2→1, s3:2→1, s3:2→1, s3:2→1, s3:2→1, s3:2→1, s3:40→1, s3:41→1, s3:2→1, s3:2→1, s3:2→1, s3:2→1, s3:41→1, s3:2→1, s3:40→1, s3:2→1, s3:2→1, s3:40→1, s3:41→1, s3:2→1, s3:40→1, s3:2→1, s3:2→1, s3:40→1, s3:2→1, s3:2→1, s3:2→1, s3:2→1, s3:2→1, s3:2→1, s3:40→1}"
39	18	42	266	0	2	0	0	0	0	0	0	"{s1:1→1, 39→1 / s2:1→3, 39→1, s1:1→1 / s2:1→2, 39→1, s1:39→1 / s2:1→1, 39→2}"	""
39	18	42	270	3	1	0	0	0	0	0	0	"{s1:1→1, 39→1 / s2:39→1 / s3:39→1 / s4:1→1, 39→2, s1:1→1, 39→1 / s2:39→1 / s3:39→1 / s4:1→2, 39→2, s1:1→1, 39→1 / s2:39→1 / s3:39→1 / s4:39→2, s1:39→1 / s2:1→1, 39→1 / s3:1→2, 39→1 / s4:1→2, 39→1}"	"{s2:40→1 / s3:2→1 / s4:40→1, s2:40→1 / s3:2→1 / s4:40→1, s2:40→1 / s3:40→1 / s4:2→1, s2:2→1 / s3:40→1 / s4:40→1}"
39	18	42	271	2	1	0	0	0	0	0	0	"{s1:1→1, 39→1 / s2:1→1, 39→1 / s3:1→1, 39→1, s1:1→1, 39→1 / s2:1→1, 39→1 / s3:1→1, 39→2, s1:1→1, 39→1 / s2:1→1, 39→1 / s3:1→2, 39→1, s1:1→1, 39→1 / s2:1→1, 39→1 / s3:1→2, 39→2, s1:1→1, 39→1 / s2:1→1, 39→1 / s3:1→2, 39→3, s1:1→1, 39→1 / s2:1→1, 39→2 / s3:1→1, 39→2, s1:1→1, 39→1 / s2:1→1, 39→2 / s3:1→2, 39→2, s1:1→1, 39→1 / s2:1→1, 39→2 / s3:1→2, 39→3, s1:1→1, 39→1 / s2:1→1 / s3:1→1, 39→1, s1:1→1, 39→1 / s2:1→1 / s3:1→2, 39→2, s1:1→1, 39→1 / s2:39→1 / s3:1→1, 39→4, s1:1→1, 39→1 / s2:39→1 / s3:39→1, s1:1→1 / s2:1→1, 39→1 / s3:1→2, 39→2, s1:1→1 / s2:1→1, 39→2 / s3:1→1, 39→2, s1:1→1 / s2:1→1, 39→2 / s3:1→2, 39→3, s1:39→1 / s2:1→1, 39→1 / s3:1→1, 39→2, s1:39→1 / s2:1→1, 39→2 / s3:1→1, 39→2, s1:39→1 / s2:1→1, 39→2 / s3:1→2, 39→3, s1:39→1 / s2:1→2, 39→1 / s3:1→2, 39→1, s1:39→1 / s2:1→2, 39→1 / s3:1→3, 39→2, s1:39→1 / s2:1→2, 39→2 / s3:1→2, 39→2, s1:39→1 / s2:1→3, 39→2 / s3:1→3, 39→2}"	"{s2:40→1 / s3:40→1, s2:40→1 / s3:40→1, s2:40→1 / s3:40→1, s2:40→1 / s3:40→1, s2:40→1 / s3:40→1, s2:40→1 / s3:40→1, s2:40→1 / s3:40→1, s2:40→1 / s3:40→1, s2:40→1 / s3:40→1, s2:40→1 / s3:40→1, s2:40→1 / s3:40→1, s2:40→1 / s3:40→1, s2:40→1 / s3:40→1, s2:40→1 / s3:40→1, s2:40→1 / s3:40→1, s2:40→1 / s3:40→1, s2:40→1 / s3:40→1, s2:40→1 / s3:40→1, s2:40→1 / s3:40→1, s2:40→1 / s3:40→1, s2:40→1 / s3:40→1, s2:40→1 / s3:40→1}"
39	18	42	272	2	1	0	0	0	0	0	0	"{s1:1→1, 39→1 / s2:1→1, 39→1 / s3:1→1, 39→1, s1:1→1, 39→1 / s2:1→1, 39→1 / s3:1→1, 39→2, s1:1→1, 39→1 / s2:1→1, 39→1 / s3:1→1, 39→3, s1:1→1, 39→1 / s2:1→1, 39→2 / s3:1→1, 39→2, s1:1→1, 39→1 / s2:1→1, 39→2 / s3:1→1, 39→3, s1:1→1, 39→1 / s2:1→1, 39→2 / s3:1→1, 39→4, s1:1→1, 39→1 / s2:1→1 / s3:1→1, 39→1, s1:1→1, 39→1 / s2:39→1 / s3:1→1, 39→1, s1:1→1, 39→1 / s2:39→1 / s3:1→1, 39→2, s1:1→1, 39→1 / s2:39→1 / s3:1→2, 39→2, s1:1→1, 39→1 / s2:39→1 / s3:1→2, 39→3, s1:1→1, 39→1 / s2:39→1 / s3:1→3, 39→2, s1:1→1, 39→1 / s2:39→2 / s3:1→1, 39→2, s1:1→1, 39→1 / s2:39→2 / s3:1→1, 39→4, s1:1→1, 39→1 / s2:39→2 / s3:1→2, 39→3, s1:1→1, 39→1 / s2:39→3 / s3:1→1, 39→4, s1:1→1, 39→1 / s3:1→1, s1:1→1, 39→1 / s3:1→1, 39→1, s1:1→1, 39→1 / s3:1→2, 39→1, s1:1→1, 39→1 / s3:1→3, 39→2, s1:1→1, 39→2 / s2:39→1 / s3:1→1, 39→1, s1:1→1 / s2:39→1 / s3:1→1, 39→1, s1:1→1 / s2:39→1 / s3:1→1, 39→2, s1:1→1 / s2:39→1 / s3:1→2, 39→2, s1:1→1 / s2:39→1 / s3:1→2, 39→3, s1:1→2, 39→2 / s2:39→1 / s3:39→1, s1:39→1 / s2:1→1, 39→2 / s3:1→1, 39→4, s1:39→1 / s2:1→1, 39→2 / s3:1→2, 39→2, s1:39→1 / s2:1→2, 39→1 / s3:1→2, 39→2, s1:39→1 / s2:1→2, 39→2 / s3:1→2, 39→3, s1:39→1 / s2:1→2, 39→2 / s3:1→3, 39→2, s1:39→1 / s2:39→1 / s3:1→2, 39→2, s1:39→1 / s2:39→2 / s3:1→1, 39→2}"	"{s2:40→1 / s3:2→1, s2:40→1 / s3:2→1, s2:40→1 / s3:2→1, s2:40→1 / s3:2→1, s2:40→1 / s3:2→1, s2:40→1 / s3:2→1, s2:40→1 / s3:2→1, s2:2→1 / s3:40→1, s2:2→1 / s3:40→1, s2:2→1 / s3:40→1, s2:2→1 / s3:40→1, s2:2→1 / s3:40→1, s2:2→1 / s3:40→1, s2:2→1 / s3:40→1, s2:2→1 / s3:40→1, s2:2→1 / s3:40→1, s2:2→1 / s3:40→1, s2:2→1 / s3:40→1, s2:2→1 / s3:40→1, s2:2→1 / s3:40→1, s2:2→1 / s3:40→1, s2:2→1 / s3:40→1, s2:2→1 / s3:40→1, s2:2→1 / s3:40→1, s2:2→1 / s3:40→1, s2:40→1 / s3:2→1, s2:40→1 / s3:2→1, s2:2→1 / s3:40→1, s2:40→1 / s3:2→1, s2:40→1 / s3:2→1, s2:2→1 / s3:40→1, s2:2→1 / s3:40→1, s2:2→1 / s3:40→1}"
39	18	42	273	1	1	0	0	0	0	0	0	"{s1:1→1, 39→1 / s2:1→1, 39→4, s1:1→1, 39→1 / s2:1→3, 39→1, s1:1→1, 39→1 / s2:1→4, 39→1, s1:1→1, 39→1 / s2:39→3, s1:1→1, 39→2 / s2:39→4, s1:1→1, 39→3 / s2:1→1, 39→1, s1:1→1, 39→3 / s2:1→1, 39→3, s1:1→1, 39→3 / s2:39→1, s1:1→1, 39→3 / s2:39→1, s1:1→1, 39→3 / s2:39→4, s1:1→1, 39→4 / s2:39→2, s1:1→1, 39→4 / s2:39→3, s1:1→1, 39→4 / s2:39→4, s1:1→1, 39→4 / s2:39→5, s1:1→1 / s2:1→2, 39→1, s1:1→1 / s2:1→2, 39→1, s1:1→1 / s2:1→3, 39→2, s1:1→2, 39→1 / s2:1→1, s1:1→2, 39→1 / s2:1→4, 39→1, s1:1→3, 39→1, s1:1→3, 39→1 / s2:1→1, 39→1, s1:1→4, 39→1, s1:39→1 / s2:1→1, 39→2, s1:39→1 / s2:1→1, 39→4, s1:39→1 / s2:39→2}"	"{s2:40→1, s2:2→1, s2:40→1, s2:2→1, s2:2→1, s2:40→1, s2:2→1, s2:2→1, s2:40→1, s2:2→1, s2:2→1, s2:2→1, s2:2→1, s2:2→1, s2:2→1, s2:40→1, s2:2→1, s2:40→1, s2:2→1, s2:2→1, s2:2→1, s2:2→1, s2:40→1, s2:2→1, s2:2→1}"
39	18	43	121	0	0	1	0	0	0	1	0	"s1:39→1 / s2:1→1"	""
39	18	43	125	0	0	0	1	0	1	0	0	"s1:39→1 / s2:1→1"	""
39	18	43	126	0	0	0	0	2	0	0	0	"s1:39→1 / s2:1→1"	""
39	18	43	168	1	1	0	0	0	1	0	0	"s1:39→1 / s2:1→1"	"s3:2→1"
39	18	43	175	1	0	1	0	1	0	0	0	"s1:39→1 / s2:1→1 / s3:1→1, 39→1"	"s3:2→1"
39	18	43	176	1	0	0	0	0	1	0	0	"s1:39→1 / s2:1→1"	"s2:2→1"
39	18	43	177	1	0	0	2	0	0	0	0	"s1:39→1 / s2:1→1 / s3:39→1"	"s3:2→1"
39	18	43	194	2	1	0	0	1	0	0	0	"s1:39→1 / s2:1→1 / s4:1→3, 39→1"	"s3:2→1 / s4:41→1"
39	18	43	195	1	1	0	0	1	0	0	0	"{s1:39→1 / s2:1→1, s1:39→1 / s2:1→1 / s3:1→1, 39→1, s1:39→1 / s2:1→1 / s3:1→3, 39→1, s1:39→1 / s2:1→1 / s3:1→3, 39→1, s1:39→1 / s2:1→1 / s3:1→4, 39→1, s1:39→1 / s2:1→1 / s3:1→4, 39→1}"	"{s3:2→1, s3:41→1, s3:2→1, s3:41→1, s3:2→1, s3:41→1}"
39	18	43	201	1	0	1	1	0	0	0	0	"{s1:1→1 / s2:39→1 / s3:39→2, s1:39→1 / s2:1→1 / s3:1→1, 39→2, s1:39→1 / s2:1→1 / s3:39→1}"	"{s3:2→1, s3:2→1, s3:2→1}"
39	18	43	221	1	1	0	1	0	0	0	0	"{s1:1→1 / s2:39→1 / s3:39→1, s1:39→1 / s2:1→1 / s3:1→2, 39→1}"	"{s3:2→1, s3:2→1}"
39	18	43	225	1	0	2	0	0	0	0	0	"s1:39→1 / s2:1→1 / s3:39→1"	"s3:2→1"
39	18	43	229	1	0	0	1	0	0	0	0	"{s1:39→1 / s2:1→1, 39→2, s1:39→1 / s2:1→1, 39→3, s1:39→1 / s2:1→4, 39→1, s1:39→1 / s2:39→1}"	"{s2:2→1, s2:2→1, s2:2→1, s2:2→1}"
39	18	43	253	1	0	1	0	0	0	0	0	"{s1:39→1 / s2:1→1, 39→4, s1:39→1 / s2:39→2}"	"{s2:2→1, s2:2→1}"
39	18	43	257	1	3	0	0	0	0	0	0	"s1:39→1 / s2:1→1, 39→1 / s3:1→1, 39→1 / s4:39→1"	"s4:2→1"
39	18	43	264	2	2	0	0	0	0	0	0	"{s1:1→1, 39→1 / s2:1→1, 39→1 / s3:39→1 / s4:39→1, s1:39→1 / s2:1→1, 39→1 / s3:39→1 / s4:1→1, 39→1, s1:39→1 / s2:1→1, 39→1 / s3:39→1 / s4:1→1, 39→1}"	"{s3:41→1 / s4:2→1, s3:2→1 / s4:40→1, s3:2→1 / s4:41→1}"
39	18	43	265	1	2	0	0	0	0	0	0	"{s1:1→1, 39→1 / s2:1→1, 39→2 / s3:39→3, s1:1→1, 39→1 / s2:1→1, 39→3 / s3:39→1, s1:1→1 / s2:1→2, 39→1, s1:39→1 / s2:1→1, 39→1 / s3:1→1, 39→3, s1:39→1 / s2:1→1, 39→2 / s3:39→3}"	"{s3:2→1, s3:2→1, s3:2→1, s3:41→1, s3:2→1}"
39	18	43	266	0	2	0	0	0	0	0	0	"{s1:1→1 / s2:1→3, 39→1, s1:39→1 / s2:1→1, 39→3, s1:39→1 / s2:1→1, 39→4}"	""
39	18	43	270	3	1	0	0	0	0	0	0	"{s1:1→1, 39→1 / s2:39→1 / s3:39→1 / s4:1→1, 39→1, s1:39→1 / s2:1→1, 39→1 / s3:1→1, 39→1 / s4:1→1, 39→2, s1:39→1 / s2:1→2, 39→1 / s3:1→2, 39→1 / s4:1→2, 39→2, s1:39→1 / s2:39→1 / s3:1→1, 39→1 / s4:1→1, 39→1, s1:39→1 / s2:39→1 / s3:1→1, 39→1 / s4:1→2, 39→2}"	"{s2:40→1 / s3:2→1 / s4:40→1, s2:40→1 / s3:40→1 / s4:2→1, s2:40→1 / s3:40→1 / s4:2→1, s2:2→1 / s3:40→1 / s4:40→1, s2:2→1 / s3:40→1 / s4:40→1}"
39	18	43	271	2	1	0	0	0	0	0	0	"{s1:1→1, 39→1 / s2:1→1 / s3:1→1, s1:1→1 / s2:1→1, 39→1 / s3:1→2, 39→1, s1:39→1 / s2:1→1, 39→2 / s3:1→1, 39→3, s1:39→1 / s2:1→2, 39→2 / s3:1→2, 39→3}"	"{s2:40→1 / s3:40→1, s2:40→1 / s3:40→1, s2:40→1 / s3:40→1, s2:40→1 / s3:40→1}"
39	18	43	272	2	1	0	0	0	0	0	0	"{s1:1→1, 39→1 / s2:39→1 / s3:39→3, s1:1→1, 39→1 / s2:39→3 / s3:1→1, 39→3, s1:1→1, 39→1 / s3:1→4, 39→1, s1:1→1, 39→2 / s2:39→1 / s3:39→1, s1:1→1 / s2:1→1, 39→1 / s3:1→1, 39→2, s1:1→1 / s3:1→2, 39→1, s1:1→1 / s3:1→3, 39→1, s1:1→1 / s3:1→4, 39→1, s1:39→1 / s2:1→1, 39→1 / s3:1→1, 39→4, s1:39→1 / s2:1→1, 39→2 / s3:1→1, 39→3, s1:39→1 / s2:1→1, 39→4 / s3:1→2, 39→3, s1:39→1 / s2:39→1 / s3:1→1, 39→2, s1:39→1 / s2:39→2 / s3:1→1, 39→1, s1:39→1 / s2:39→2 / s3:1→1, 39→3, s1:39→1 / s2:39→2 / s3:1→2, 39→3, s1:39→1 / s2:39→3 / s3:1→1, 39→2, s1:39→1 / s2:39→3 / s3:1→1, 39→3, s1:39→1 / s2:39→3 / s3:1→1, 39→4, s1:39→1 / s2:39→4 / s3:1→1, 39→3, s1:39→1 / s2:39→4 / s3:1→1, 39→4}"	"{s2:40→1 / s3:2→1, s2:2→1 / s3:40→1, s2:2→1 / s3:40→1, s2:40→1 / s3:2→1, s2:40→1 / s3:2→1, s2:2→1 / s3:40→1, s2:2→1 / s3:40→1, s2:2→1 / s3:40→1, s2:40→1 / s3:2→1, s2:40→1 / s3:2→1, s2:2→1 / s3:40→1, s2:2→1 / s3:40→1, s2:2→1 / s3:40→1, s2:2→1 / s3:40→1, s2:2→1 / s3:40→1, s2:2→1 / s3:40→1, s2:2→1 / s3:40→1, s2:2→1 / s3:40→1, s2:2→1 / s3:40→1, s2:2→1 / s3:40→1}"
39	18	43	273	1	1	0	0	0	0	0	0	"{s1:1→1, s1:1→1, 39→3 / s2:39→5, s1:1→1 / s2:1→3, 39→1, s1:1→1 / s2:1→3, 39→1, s1:1→1 / s2:1→4, 39→1, s1:1→1 / s2:1→4, 39→1, s1:39→1 / s2:1→1, 39→3, s1:39→1 / s2:1→1, 39→4, s1:39→1 / s2:39→3, s1:39→1 / s2:39→4, s1:39→1 / s2:39→5}"	"{s2:2→1, s2:2→1, s2:2→1, s2:40→1, s2:2→1, s2:40→1, s2:40→1, s2:40→1, s2:2→1, s2:2→1, s2:2→1}"
39	18	44	97	0	0	0	1	0	0	1	0	"s1:39→1 / s2:1→1"	""
39	18	44	99	0	0	0	0	1	1	0	0	"s1:39→1 / s2:1→1"	""
39	18	44	140	1	1	0	0	0	0	1	0	"s1:39→1 / s2:1→1"	"s3:2→1"
39	18	44	148	1	0	0	0	0	0	1	0	"{s1:39→1 / s2:1→1, s1:39→1 / s2:1→2, s1:39→1 / s2:1→3}"	"{s2:2→1, s2:2→1, s2:2→1}"
39	18	44	148	1	0	1	0	0	1	0	0	"s1:39→1 / s2:1→1"	"s3:2→1"
39	18	44	151	1	0	0	1	1	0	0	0	"s1:39→1 / s2:1→1 / s3:39→1"	"s3:2→1"
39	18	44	161	0	2	0	0	0	1	0	0	"s1:39→1 / s2:1→1 / s3:1→1"	""
39	18	44	168	1	1	0	0	0	1	0	0	"s1:39→1 / s2:1→1 / s3:1→1"	"s3:2→1"
39	18	44	175	1	0	1	0	1	0	0	0	"{s1:39→1 / s2:1→1, s1:39→1 / s2:1→1 / s3:39→1}"	"{s3:2→1, s3:2→1}"
39	18	44	176	1	0	0	0	0	1	0	0	"{s1:39→1 / s2:1→2, s1:39→1 / s2:1→3}"	"{s2:2→1, s2:2→1}"
39	18	44	177	1	0	0	2	0	0	0	0	"s1:39→1 / s2:1→1 / s3:39→2"	"s3:2→1"
39	18	44	194	2	1	0	0	1	0	0	0	"s1:39→1 / s2:1→1 / s4:1→4, 39→1"	"s3:2→1 / s4:41→1"
39	18	44	203	1	0	0	0	1	0	0	0	"s1:39→1 / s2:39→1"	"s2:2→1"
39	18	44	221	1	1	0	1	0	0	0	0	"{s1:39→1 / s2:1→1 / s3:1→1, 39→1, s1:39→1 / s2:1→1 / s3:1→2, 39→2}"	"{s3:41→1, s3:2→1}"
39	18	44	229	1	0	0	1	0	0	0	0	"{s1:39→1 / s2:39→2, s1:39→1 / s2:39→3}"	"{s2:2→1, s2:2→1}"
39	18	44	246	0	1	1	0	0	0	0	0	"s1:1→1 / s2:1→1, 39→3"	""
39	18	44	253	1	0	1	0	0	0	0	0	"{s1:1→1, s1:1→1, 39→1 / s2:39→5, s1:39→1 / s2:39→3, s1:39→1 / s2:39→4, s1:39→1 / s2:39→5}"	"{s2:2→1, s2:2→1, s2:2→1, s2:2→1, s2:2→1}"
39	18	44	265	1	2	0	0	0	0	0	0	"{s1:39→1 / s2:1→1, 39→1 / s3:39→1, s1:39→1 / s2:1→2, 39→2 / s3:1→1, 39→3, s1:39→1 / s2:39→1 / s3:1→1, 39→2, s1:39→1 / s2:39→1 / s3:1→1, 39→3, s1:39→1 / s2:39→1 / s3:1→1, 39→4, s1:39→1 / s2:39→1 / s3:1→1, 39→4, s1:39→1 / s2:39→1 / s3:39→2, s1:39→1 / s2:39→1 / s3:39→3, s1:39→1 / s2:39→1 / s3:39→4, s1:39→1 / s2:39→1 / s3:39→5}"	"{s3:41→1, s3:2→1, s3:41→1, s3:41→1, s3:2→1, s3:41→1, s3:2→1, s3:2→1, s3:2→1, s3:2→1}"
39	18	44	266	0	2	0	0	0	0	0	0	"{s1:1→1, 39→1 / s2:1→1, 39→4, s1:1→1 / s2:1→1, s1:39→1 / s2:39→1}"	""
39	18	44	270	3	1	0	0	0	0	0	0	"s1:39→1 / s2:39→1 / s3:1→1, 39→1 / s4:1→1, 39→2"	"s2:2→1 / s3:40→1 / s4:40→1"
39	18	44	271	2	1	0	0	0	0	0	0	"s1:39→1 / s2:1→1, 39→2 / s3:1→1, 39→4"	"s2:40→1 / s3:40→1"
39	18	44	272	2	1	0	0	0	0	0	0	"{s1:1→1, 39→1 / s2:39→1 / s3:1→2, 39→3, s1:1→1 / s3:1→3, 39→2, s1:39→1 / s2:1→1, 39→3 / s3:1→2, 39→2, s1:39→1 / s2:39→1 / s3:39→5, s1:39→1 / s2:39→5 / s3:1→1, 39→4}"	"{s2:40→1 / s3:2→1, s2:2→1 / s3:40→1, s2:2→1 / s3:40→1, s2:40→1 / s3:2→1, s2:2→1 / s3:40→1}"
39	18	44	273	1	1	0	0	0	0	0	0	"{s1:1→1, 39→2 / s2:39→2, s1:1→1, 39→2 / s2:39→5, s1:1→1 / s2:1→1, s1:1→3, 39→1 / s2:1→1, s1:39→1 / s2:39→1, s1:39→2 / s2:39→5}"	"{s2:40→1, s2:2→1, s2:2→1, s2:2→1, s2:40→1, s2:2→1}"
39	18	45	71	0	0	0	0	1	0	1	0	"s1:39→1 / s2:1→1"	""
39	18	45	120	1	0	1	0	0	0	1	0	"{s1:39→1 / s2:1→1, s1:39→1 / s2:1→1 / s3:1→1}"	"{s3:2→1, s3:2→1}"
39	18	45	124	1	0	0	1	0	1	0	0	"s1:39→1 / s2:1→1"	"s3:2→1"
39	18	45	132	1	2	0	0	0	0	1	0	"{s1:39→1 / s2:1→1 / s3:1→1, s1:39→1 / s2:1→1 / s3:1→1 / s4:1→1, s1:39→1 / s2:1→1 / s3:1→1 / s4:1→1, s1:39→1 / s2:1→1 / s3:1→2}"	"{s4:2→1, s4:2→1, s4:42→1, s4:2→1}"
39	18	45	133	0	2	0	0	0	0	1	0	"{s1:39→1 / s2:1→1 / s3:1→1, s1:39→1 / s2:1→1 / s3:1→2, s1:39→1 / s2:1→1 / s3:1→3}"	""
39	18	45	138	2	1	0	0	0	0	1	0	"{s1:39→1 / s2:1→1 / s3:1→1 / s4:1→1, s1:39→1 / s2:1→1 / s3:1→1 / s4:1→2}"	"{s3:41→1 / s4:41→1, s3:41→1 / s4:41→1}"
39	18	45	139	2	1	0	0	0	0	1	0	"{s1:39→1 / s2:1→1 / s3:1→1 / s4:1→1, s1:39→1 / s2:1→1 / s4:1→1, s1:39→1 / s2:1→1 / s4:1→2, s1:39→1 / s2:1→1 / s4:1→3, s1:39→1 / s2:1→1 / s4:1→4, s1:39→1 / s2:1→1 / s4:1→5}"	"{s3:41→1 / s4:2→1, s3:2→1 / s4:41→1, s3:2→1 / s4:41→1, s3:2→1 / s4:41→1, s3:2→1 / s4:41→1, s3:2→1 / s4:41→1}"
39	18	45	140	1	1	0	0	0	0	1	0	"{s1:39→1 / s2:1→1 / s3:1→1, s1:39→1 / s2:1→1 / s3:1→1, s1:39→1 / s2:1→1 / s3:1→2, s1:39→1 / s2:1→1 / s3:1→2, s1:39→1 / s2:1→1 / s3:1→3, s1:39→1 / s2:1→1 / s3:1→3, s1:39→1 / s2:1→1 / s3:1→4, s1:39→1 / s2:1→1 / s3:1→4, s1:39→1 / s2:1→1 / s3:1→5, s1:39→1 / s2:1→1 / s3:1→5, s1:39→1 / s2:1→2, s1:39→1 / s2:1→2 / s3:1→1, s1:39→1 / s2:1→2 / s3:1→1, s1:39→1 / s2:1→2 / s3:1→2, s1:39→1 / s2:1→2 / s3:1→3, s1:39→1 / s2:1→2 / s3:1→4, s1:39→1 / s2:1→3, s1:39→1 / s2:1→3 / s3:1→1, s1:39→1 / s2:1→4, s1:39→1 / s2:1→5}"	"{s3:2→1, s3:41→1, s3:2→1, s3:41→1, s3:2→1, s3:41→1, s3:2→1, s3:41→1, s3:2→1, s3:41→1, s3:2→1, s3:2→1, s3:41→1, s3:2→1, s3:2→1, s3:2→1, s3:2→1, s3:2→1, s3:2→1, s3:2→1}"
39	18	45	141	0	1	0	0	0	0	1	0	"{s1:39→1 / s2:1→2, s1:39→1 / s2:1→3, s1:39→1 / s2:1→4, s1:39→1 / s2:1→5}"	""
39	18	45	141	0	1	1	0	0	1	0	0	"s1:39→1 / s2:1→1 / s3:1→1"	""
39	18	45	148	1	0	0	0	0	0	1	0	"{s1:39→1 / s2:1→4, s1:39→1 / s2:1→5}"	"{s2:2→1, s2:2→1}"
39	18	45	148	1	0	1	0	0	1	0	0	"s1:39→1 / s2:1→1 / s3:1→1"	"s3:2→1"
39	18	45	151	1	0	0	1	1	0	0	0	"s1:39→1 / s2:1→1"	"s3:2→1"
39	18	45	160	1	2	0	0	0	1	0	0	"{s1:39→1 / s2:1→1 / s3:1→1, s1:39→1 / s2:1→1 / s3:1→1 / s4:1→1}"	"{s4:2→1, s4:2→1}"
39	18	45	167	2	1	0	0	0	1	0	0	"{s1:39→1 / s2:1→1 / s3:1→1 / s4:1→1, s1:39→1 / s2:1→1 / s4:1→1}"	"{s3:41→1 / s4:2→1, s3:2→1 / s4:41→1}"
39	18	45	168	1	1	0	0	0	1	0	0	"{s1:39→1 / s2:1→1 / s3:1→1, s1:39→1 / s2:1→1 / s3:1→2, s1:39→1 / s2:1→1 / s3:1→2, s1:39→1 / s2:1→1 / s3:1→3, s1:39→1 / s2:1→1 / s3:1→4, s1:39→1 / s2:1→1 / s3:1→5, s1:39→1 / s2:1→2, s1:39→1 / s2:1→2 / s3:1→1, s1:39→1 / s2:1→2 / s3:1→1, s1:39→1 / s2:1→2 / s3:1→2, s1:39→1 / s2:1→2 / s3:1→3, s1:39→1 / s2:1→2 / s3:1→4, s1:39→1 / s2:1→3 / s3:1→1}"	"{s3:41→1, s3:2→1, s3:41→1, s3:2→1, s3:2→1, s3:2→1, s3:2→1, s3:2→1, s3:41→1, s3:2→1, s3:2→1, s3:2→1, s3:2→1}"
39	18	45	169	0	1	0	0	0	1	0	0	"{s1:39→1 / s2:1→2, s1:39→1 / s2:1→3}"	""
39	18	45	176	1	0	0	0	0	1	0	0	"{s1:39→1 / s2:1→4, s1:39→1 / s2:1→5}"	"{s2:2→1, s2:2→1}"
39	18	45	188	0	2	0	0	1	0	0	0	"s1:1→1 / s2:39→1 / s3:39→1"	""
39	18	45	221	1	1	0	1	0	0	0	0	"s1:1→1 / s2:39→1 / s3:39→3"	"s3:2→1"
39	18	45	229	1	0	0	1	0	0	0	0	"s1:1→1"	"s2:2→1"
39	18	45	246	0	1	1	0	0	0	0	0	"{s1:1→1 / s2:1→1, s1:39→1 / s2:39→1}"	""
39	18	45	253	1	0	1	0	0	0	0	0	"s1:1→1 / s2:1→1"	"s2:2→1"
39	18	45	254	0	0	1	0	0	0	0	0	"s1:39→2"	""
39	18	45	258	0	3	0	0	0	0	0	0	"s1:39→1 / s2:39→1 / s3:39→1"	""
39	18	45	265	1	2	0	0	0	0	0	0	"{s1:1→1 / s2:1→1, s1:1→1 / s2:1→1, 39→1 / s3:1→1, s1:1→1 / s2:1→1 / s3:1→1, s1:1→1 / s2:1→1 / s3:1→1, s1:1→1 / s2:1→2, s1:39→1 / s2:1→1, 39→1 / s3:1→1, 39→3, s1:39→1 / s2:1→1, 39→1 / s3:1→1, 39→4, s1:39→1 / s2:39→1 / s3:39→1, s1:39→1 / s2:39→1 / s3:39→2, s1:39→1 / s2:39→1 / s3:39→3, s1:39→1 / s2:39→1 / s3:39→4, s1:39→1 / s2:39→1 / s3:39→5, s1:39→1 / s2:39→2 / s3:39→1}"	"{s3:2→1, s3:41→1, s3:2→1, s3:41→1, s3:2→1, s3:40→1, s3:41→1, s3:41→1, s3:41→1, s3:41→1, s3:41→1, s3:41→1, s3:40→1}"
39	18	45	266	0	2	0	0	0	0	0	0	"{s1:1→1 / s2:1→2, s1:1→1 / s2:1→3, s1:39→1 / s2:39→2, s1:39→1 / s2:39→3, s1:39→1 / s2:39→4, s1:39→1 / s2:39→5, s1:39→2 / s2:39→2}"	""
39	18	45	271	2	1	0	0	0	0	0	0	"{s1:1→1 / s2:1→1 / s3:1→1, s1:1→1 / s2:1→1 / s3:1→2, s1:39→1 / s2:39→1 / s3:1→1, 39→3, s1:39→1 / s2:39→1 / s3:1→1, 39→4, s1:39→1 / s2:39→1 / s3:39→1, s1:39→1 / s2:39→1 / s3:39→2, s1:39→1 / s2:39→1 / s3:39→3, s1:39→1 / s2:39→1 / s3:39→4, s1:39→1 / s2:39→1 / s3:39→5, s1:39→1 / s2:39→2 / s3:39→2, s1:39→1 / s2:39→2 / s3:39→3, s1:39→1 / s2:39→2 / s3:39→4}"	"{s2:40→1 / s3:40→1, s2:40→1 / s3:40→1, s2:40→1 / s3:40→1, s2:40→1 / s3:40→1, s2:40→1 / s3:40→1, s2:40→1 / s3:40→1, s2:40→1 / s3:40→1, s2:40→1 / s3:40→1, s2:40→1 / s3:40→1, s2:40→1 / s3:40→1, s2:40→1 / s3:40→1, s2:40→1 / s3:40→1}"
39	18	45	272	2	1	0	0	0	0	0	0	"{s1:1→1 / s2:1→1 / s3:1→1, s1:1→1 / s3:1→1, s1:1→1 / s3:1→2, s1:1→1 / s3:1→3, s1:1→1 / s3:1→4, s1:1→1 / s3:1→5, s1:39→1 / s2:1→1, 39→3 / s3:1→1, 39→4, s1:39→1 / s2:39→1 / s3:39→3, s1:39→1 / s2:39→1 / s3:39→4, s1:39→1 / s2:39→2 / s3:1→1, 39→4, s1:39→1 / s2:39→5 / s3:1→1, 39→3}"	"{s2:40→1 / s3:2→1, s2:2→1 / s3:40→1, s2:2→1 / s3:40→1, s2:2→1 / s3:40→1, s2:2→1 / s3:40→1, s2:2→1 / s3:40→1, s2:40→1 / s3:2→1, s2:40→1 / s3:2→1, s2:40→1 / s3:2→1, s2:2→1 / s3:40→1, s2:2→1 / s3:40→1}"
39	18	45	273	1	1	0	0	0	0	0	0	"{s1:1→1, 39→4 / s2:1→1, 39→4, s1:1→1 / s2:1→1, s1:1→1 / s2:1→2, s1:1→1 / s2:1→2, s1:1→1 / s2:1→3, s1:1→1 / s2:1→3, s1:1→1 / s2:1→4, s1:1→1 / s2:1→4, s1:1→1 / s2:1→5, s1:1→1 / s2:1→5, s1:1→2, s1:1→2 / s2:1→1, s1:1→2 / s2:1→1, s1:1→2 / s2:1→2, s1:1→2 / s2:1→3, s1:1→2 / s2:1→4, s1:1→2 / s2:1→4, 39→1, s1:1→3, s1:1→3 / s2:1→1, s1:1→4, s1:1→5, s1:39→1 / s2:39→2, s1:39→1 / s2:39→3, s1:39→1 / s2:39→4, s1:39→1 / s2:39→5, s1:39→2 / s2:1→1, 39→3, s1:39→2 / s2:1→1, 39→4, s1:39→2 / s2:39→1, s1:39→2 / s2:39→2, s1:39→2 / s2:39→3, s1:39→2 / s2:39→3, s1:39→2 / s2:39→4, s1:39→2 / s2:39→4, s1:39→2 / s2:39→5, s1:39→3 / s2:39→1}"	"{s2:2→1, s2:40→1, s2:2→1, s2:40→1, s2:2→1, s2:40→1, s2:2→1, s2:40→1, s2:2→1, s2:40→1, s2:2→1, s2:2→1, s2:40→1, s2:2→1, s2:2→1, s2:2→1, s2:2→1, s2:2→1, s2:2→1, s2:2→1, s2:2→1, s2:40→1, s2:40→1, s2:40→1, s2:40→1, s2:40→1, s2:40→1, s2:40→1, s2:40→1, s2:2→1, s2:40→1, s2:2→1, s2:40→1, s2:40→1, s2:40→1}"
39	18	46	96	1	0	0	1	0	0	1	0	"s1:39→1 / s2:1→1"	"s3:2→1"
39	18	46	113	0	1	1	0	0	0	1	0	"s1:39→1 / s2:1→1 / s3:1→1"	""
39	18	46	125	0	3	0	0	0	0	1	0	"s1:39→1 / s2:1→1 / s3:1→1 / s4:1→1"	""
39	18	46	153	0	3	0	0	0	1	0	0	"s1:39→1 / s2:1→1 / s3:1→1 / s4:1→1"	""
39	18	46	160	1	2	0	0	0	1	0	0	"{s1:39→1 / s2:1→1 / s3:1→1 / s4:1→1, s1:39→1 / s2:1→1 / s3:1→2}"	"{s4:42→1, s4:2→1}"
39	18	46	161	0	2	0	0	0	1	0	0	"{s1:39→1 / s2:1→1 / s3:1→2, s1:39→1 / s2:1→1 / s3:1→3}"	""
39	18	46	166	2	1	0	0	0	1	0	0	"{s1:39→1 / s2:1→1 / s3:1→1 / s4:1→1, s1:39→1 / s2:1→1 / s3:1→1 / s4:1→2}"	"{s3:41→1 / s4:41→1, s3:41→1 / s4:41→1}"
39	18	46	167	2	1	0	0	0	1	0	0	"{s1:39→1 / s2:1→1 / s4:1→2, s1:39→1 / s2:1→1 / s4:1→3, s1:39→1 / s2:1→1 / s4:1→4, s1:39→1 / s2:1→1 / s4:1→5}"	"{s3:2→1 / s4:41→1, s3:2→1 / s4:41→1, s3:2→1 / s4:41→1, s3:2→1 / s4:41→1}"
39	18	46	168	0	1	1	0	1	0	0	0	"s1:1→1 / s2:39→1 / s3:39→1"	""
39	18	46	168	1	1	0	0	0	1	0	0	"{s1:39→1 / s2:1→1 / s3:1→3, s1:39→1 / s2:1→1 / s3:1→4, s1:39→1 / s2:1→1 / s3:1→5, s1:39→1 / s2:1→3, s1:39→1 / s2:1→4, s1:39→1 / s2:1→5}"	"{s3:41→1, s3:41→1, s3:41→1, s3:2→1, s3:2→1, s3:2→1}"
39	18	46	169	0	1	0	0	0	1	0	0	"{s1:39→1 / s2:1→4, s1:39→1 / s2:1→5}"	""
39	18	46	177	1	0	0	2	0	0	0	0	"s1:39→1 / s2:1→1 / s3:39→3"	"s3:2→1"
39	18	46	188	0	2	0	0	1	0	0	0	"s1:39→1 / s2:1→1 / s3:1→1"	""
39	18	46	201	1	0	1	1	0	0	0	0	"{s1:1→1 / s2:39→1 / s3:39→3, s1:39→1 / s2:1→1 / s3:1→1, 39→3}"	"{s3:2→1, s3:2→1}"
39	18	46	203	1	0	0	0	1	0	0	0	"s1:39→1 / s2:1→1"	"s2:2→1"
39	18	46	229	1	0	0	1	0	0	0	0	"s1:1→1 / s2:39→5"	"s2:2→1"
39	18	46	258	0	3	0	0	0	0	0	0	"s1:1→1 / s2:1→1 / s3:1→1"	""
39	18	46	265	1	2	0	0	0	0	0	0	"{s1:1→1 / s2:1→1 / s3:1→1, 39→1, s1:39→1 / s2:1→1, 39→2 / s3:1→1, 39→2, s1:39→1 / s2:39→1 / s3:1→1, 39→3, s1:39→1 / s2:39→1 / s3:1→2, 39→3}"	"{s3:2→1, s3:2→1, s3:2→1, s3:41→1}"
39	18	46	272	2	1	0	0	0	0	0	0	"s1:1→1 / s3:1→1, 39→1"	"s2:2→1 / s3:40→1"
39	18	46	273	1	1	0	0	0	0	0	0	"{s1:1→2 / s2:1→3, 39→1, s1:39→3 / s2:39→5}"	"{s2:2→1, s2:2→1}"
39	18	47	168	0	1	1	0	1	0	0	0	"s1:39→1 / s2:1→1 / s3:1→1"	""
39	18	47	176	0	0	1	0	1	0	0	0	"s1:1→1 / s2:39→2"	""
39	18	47	180	0	3	0	0	1	0	0	0	"s1:1→1 / s2:39→1 / s3:39→1 / s4:39→1"	""
39	18	47	187	1	2	0	0	1	0	0	0	"s1:39→1 / s2:1→1 / s3:1→1"	"s4:2→1"
39	18	47	195	1	1	0	0	1	0	0	0	"s1:1→1 / s2:39→1 / s3:39→1"	"s3:41→1"
39	18	47	196	0	1	0	0	1	0	0	0	"s1:1→1 / s2:39→2"	""
39	18	47	245	1	1	1	0	0	0	0	0	"s1:39→1 / s2:1→2, 39→1 / s3:1→2, 39→1"	"s3:2→1"
39	18	47	265	1	2	0	0	0	0	0	0	"{s1:1→1 / s2:1→1, 39→1, s1:39→1 / s2:1→1, 39→1 / s3:39→3, s1:39→1 / s2:1→1, 39→3 / s3:39→1, s1:39→1 / s2:39→1 / s3:1→1, 39→1, s1:39→1 / s2:39→2 / s3:39→3}"	"{s3:2→1, s3:2→1, s3:2→1, s3:41→1, s3:2→1}"
39	18	47	271	2	1	0	0	0	0	0	0	"s1:39→1 / s2:39→1 / s3:1→1, 39→2"	"s2:40→1 / s3:40→1"
39	18	47	272	2	1	0	0	0	0	0	0	"{s1:39→1 / s2:39→2 / s3:39→5, s1:39→1 / s2:39→4 / s3:1→1, 39→2}"	"{s2:40→1 / s3:2→1, s2:2→1 / s3:40→1}"
39	18	47	273	1	1	0	0	0	0	0	0	"s1:39→2 / s2:1→1, 39→2"	"s2:40→1"
39	18	48	187	1	2	0	0	1	0	0	0	"s1:1→1 / s2:39→1 / s3:39→1 / s4:39→1"	"s4:42→1"
39	18	48	188	0	2	0	0	1	0	0	0	"s1:1→1 / s2:39→1 / s3:39→2"	""
39	18	48	195	1	1	0	0	1	0	0	0	"s1:39→1 / s2:1→1 / s3:1→1"	"s3:2→1"
39	18	48	245	1	1	1	0	0	0	0	0	"s1:39→1 / s2:39→1 / s3:39→1"	"s3:2→1"
39	18	48	258	0	3	0	0	0	0	0	0	"s1:39→1 / s2:39→1 / s3:1→1, 39→1"	""
39	18	48	265	1	2	0	0	0	0	0	0	"{s1:1→1 / s2:1→1 / s3:1→1, 39→1, s1:39→1 / s2:1→1, 39→2 / s3:39→1, s1:39→1 / s2:39→1 / s3:39→1}"	"{s3:41→1, s3:40→1, s3:2→1}"
39	18	48	266	0	2	0	0	0	0	0	0	"s1:39→2 / s2:1→1, 39→2"	""
39	18	48	271	2	1	0	0	0	0	0	0	"{s1:1→1 / s2:1→1 / s3:1→2, 39→1, s1:39→1 / s2:1→1, 39→1 / s3:1→1, 39→3}"	"{s2:40→1 / s3:40→1, s2:40→1 / s3:40→1}"
39	18	48	272	2	1	0	0	0	0	0	0	"{s1:1→1, 39→1 / s2:1→1, 39→4 / s3:1→1, 39→4, s1:39→1 / s2:39→1 / s3:39→2}"	"{s2:40→1 / s3:2→1, s2:40→1 / s3:2→1}"
39	18	48	273	1	1	0	0	0	0	0	0	"{s1:39→2 / s2:39→2, s1:39→3 / s2:39→4}"	"{s2:2→1, s2:2→1}"
39	18	49	175	1	0	1	0	1	0	0	0	"s1:39→1 / s2:1→1 / s3:1→1"	"s3:2→1"
39	18	49	187	1	2	0	0	1	0	0	0	"{s1:1→1 / s2:39→1 / s3:39→1 / s4:39→2, s1:1→1 / s2:39→1 / s3:39→2 / s4:39→1}"	"{s4:42→1, s4:41→1}"
39	18	49	188	0	2	0	0	1	0	0	0	"{s1:1→1 / s2:39→1 / s3:39→3, s1:1→1 / s2:39→2 / s3:39→2}"	""
39	18	49	193	2	1	0	0	1	0	0	0	"{s1:1→1 / s2:39→1 / s3:39→1 / s4:39→1, s1:1→1 / s2:39→1 / s3:39→1 / s4:39→2, s1:1→1 / s2:39→1 / s3:39→1 / s4:39→3, s1:1→1 / s2:39→1 / s3:39→2 / s4:39→2}"	"{s3:41→1 / s4:41→1, s3:41→1 / s4:41→1, s3:41→1 / s4:41→1, s3:41→1 / s4:41→1}"
39	18	49	195	1	1	0	0	1	0	0	0	"{s1:1→1 / s2:39→1 / s3:39→2, s1:1→1 / s2:39→1 / s3:39→3, s1:1→1 / s2:39→1 / s3:39→4, s1:1→1 / s2:39→1 / s3:39→5, s1:1→1 / s2:39→2 / s3:39→1, s1:1→1 / s2:39→2 / s3:39→2, s1:1→1 / s2:39→2 / s3:39→3, s1:1→1 / s2:39→2 / s3:39→4, s1:1→1 / s2:39→3 / s3:39→1}"	"{s3:41→1, s3:41→1, s3:41→1, s3:41→1, s3:41→1, s3:41→1, s3:41→1, s3:41→1, s3:41→1}"
39	18	49	196	0	1	0	0	1	0	0	0	"{s1:1→1 / s2:39→3, s1:1→1 / s2:39→4, s1:1→1 / s2:39→5}"	""
39	18	49	271	2	1	0	0	0	0	0	0	"s1:39→1 / s2:39→2 / s3:1→1, 39→4"	"s2:40→1 / s3:40→1"
39	18	49	272	2	1	0	0	0	0	0	0	"s1:39→1 / s2:39→2 / s3:39→4"	"s2:40→1 / s3:2→1"
39	18	49	273	1	1	0	0	0	0	0	0	"s1:1→2 / s2:1→2, 39→1"	"s2:2→1"
39	18	50	187	1	2	0	0	1	0	0	0	"{s1:1→1 / s2:39→1 / s3:39→1 / s4:39→3, s1:1→1 / s2:39→1 / s3:39→1 / s4:39→4, s1:1→1 / s2:39→1 / s3:39→1 / s4:39→5}"	"{s4:42→1, s4:42→1, s4:42→1}"
39	18	50	188	0	2	0	0	1	0	0	0	"{s1:1→1 / s2:39→1 / s3:39→4, s1:1→1 / s2:39→1 / s3:39→5}"	""
39	18	50	193	2	1	0	0	1	0	0	0	"{s1:1→1 / s2:39→1 / s3:39→1 / s4:39→4, s1:1→1 / s2:39→1 / s3:39→1 / s4:39→5, s1:1→1 / s2:39→1 / s3:39→2 / s4:39→3, s1:1→1 / s2:39→1 / s3:39→2 / s4:39→4}"	"{s3:41→1 / s4:41→1, s3:41→1 / s4:41→1, s3:41→1 / s4:41→1, s3:41→1 / s4:41→1}"
39	18	50	195	1	1	0	0	1	0	0	0	"s1:1→1 / s2:39→2 / s3:39→5"	"s3:41→1"
39	18	50	201	1	0	1	1	0	0	0	0	"s1:1→1 / s2:39→1 / s3:39→4"	"s3:2→1"
39	18	50	203	1	0	0	0	1	0	0	0	"s1:39→1 / s2:1→2"	"s2:2→1"
39	18	50	221	1	1	0	1	0	0	0	0	"s1:39→1 / s2:1→1 / s3:1→3, 39→1"	"s3:41→1"
39	18	50	258	0	3	0	0	0	0	0	0	"s1:1→1 / s2:1→1 / s3:1→1, 39→1"	""
39	18	50	264	2	2	0	0	0	0	0	0	"s1:39→1 / s2:39→1 / s3:39→1 / s4:1→1, 39→1"	"s3:2→1 / s4:41→1"
39	18	50	270	3	1	0	0	0	0	0	0	"s1:39→1 / s2:39→2 / s3:1→1, 39→1 / s4:1→1, 39→1"	"s2:2→1 / s3:40→1 / s4:40→1"
39	18	50	272	2	1	0	0	0	0	0	0	"s1:39→1 / s2:1→1, 39→2 / s3:1→2, 39→3"	"s2:2→1 / s3:40→1"
39	18	50	273	1	1	0	0	0	0	0	0	"{s1:1→1, 39→1 / s2:1→4, 39→1, s1:39→4 / s2:39→5}"	"{s2:2→1, s2:2→1}"
39	18	51	180	0	3	0	0	1	0	0	0	"s1:39→1 / s2:1→1 / s3:1→1 / s4:1→1"	""
39	18	51	187	1	2	0	0	1	0	0	0	"s1:39→1 / s2:1→1 / s3:1→1 / s4:1→1"	"s4:2→1"
39	18	51	195	1	1	0	0	1	0	0	0	"{s1:39→1 / s2:1→1 / s3:1→1, s1:39→1 / s2:1→1 / s3:1→2, s1:39→1 / s2:1→2}"	"{s3:41→1, s3:2→1, s3:2→1}"
39	18	51	196	0	1	0	0	1	0	0	0	"s1:39→1 / s2:1→2"	""
39	18	52	194	2	1	0	0	1	0	0	0	"{s1:39→1 / s2:1→1 / s3:1→1 / s4:1→1, s1:39→1 / s2:1→1 / s4:1→1}"	"{s3:41→1 / s4:2→1, s3:2→1 / s4:41→1}"
39	18	52	195	1	1	0	0	1	0	0	0	"s1:39→1 / s2:1→2 / s3:1→1"	"s3:2→1"
39	18	52	203	1	0	0	0	1	0	0	0	"s1:39→1 / s2:1→3"	"s2:2→1"
39	18	52	221	1	1	0	1	0	0	0	0	"s1:1→1 / s2:39→1 / s3:39→4"	"s3:2→1"
39	18	52	246	0	1	1	0	0	0	0	0	"s1:1→1, 39→2 / s2:1→1"	""
39	18	53	195	1	1	0	0	1	0	0	0	"{s1:39→1 / s2:1→1 / s3:1→3, s1:39→1 / s2:1→2 / s3:1→2}"	"{s3:2→1, s3:2→1}"
39	18	53	203	1	0	0	0	1	0	0	0	"s1:39→1 / s2:1→4"	"s2:2→1"
39	18	53	221	1	1	0	1	0	0	0	0	"s1:39→1 / s2:1→1 / s3:1→3, 39→1"	"s3:2→1"
39	18	53	272	2	1	0	0	0	0	0	0	"{s1:1→1, 39→1 / s2:39→1 / s3:39→4, s1:39→1 / s2:39→3 / s3:39→5}"	"{s2:40→1 / s3:2→1, s2:40→1 / s3:2→1}"
39	18	53	273	1	1	0	0	0	0	0	0	"{s1:1→1, 39→1 / s2:39→4, s1:1→1, 39→4 / s2:39→1}"	"{s2:2→1, s2:2→1}"
39	18	54	187	1	2	0	0	1	0	0	0	"{s1:39→1 / s2:1→1 / s3:1→1 / s4:1→1, s1:39→1 / s2:1→1 / s3:1→2}"	"{s4:42→1, s4:2→1}"
39	18	54	188	0	2	0	0	1	0	0	0	"s1:39→1 / s2:1→1 / s3:1→2"	""
39	18	54	195	1	1	0	0	1	0	0	0	"{s1:39→1 / s2:1→1 / s3:1→4, s1:39→1 / s2:1→2 / s3:1→3}"	"{s3:2→1, s3:2→1}"
39	18	54	203	1	0	0	0	1	0	0	0	"s1:39→1 / s2:1→5"	"s2:2→1"
39	18	54	265	1	2	0	0	0	0	0	0	"s1:39→1 / s2:39→2 / s3:39→2"	"s3:2→1"
39	18	54	272	2	1	0	0	0	0	0	0	"s1:1→1 / s2:1→1, 39→2 / s3:1→1, 39→3"	"s2:40→1 / s3:2→1"
39	18	54	273	1	1	0	0	0	0	0	0	"{s1:1→2, 39→1 / s2:1→1, s1:39→3 / s2:39→3}"	"{s2:2→1, s2:2→1}"
39	18	55	193	2	1	0	0	1	0	0	0	"s1:39→1 / s2:1→1 / s3:1→1 / s4:1→1"	"s3:41→1 / s4:41→1"
39	18	55	195	1	1	0	0	1	0	0	0	"{s1:39→1 / s2:1→1 / s3:1→5, s1:39→1 / s2:1→2 / s3:1→1, s1:39→1 / s2:1→2 / s3:1→4}"	"{s3:2→1, s3:41→1, s3:2→1}"
39	18	55	196	0	1	0	0	1	0	0	0	"s1:39→1 / s2:1→3"	""
39	18	55	272	2	1	0	0	0	0	0	0	"s1:39→1 / s2:39→1 / s3:1→1, 39→3"	"s2:2→1 / s3:40→1"
39	18	56	188	0	2	0	0	1	0	0	0	"s1:39→1 / s2:1→1 / s3:1→3"	""
39	18	56	195	1	1	0	0	1	0	0	0	"{s1:39→1 / s2:1→1 / s3:1→2, s1:39→1 / s2:1→3 / s3:1→1}"	"{s3:41→1, s3:2→1}"
39	18	56	201	1	0	1	1	0	0	0	0	"s1:1→1 / s2:39→1 / s3:39→5"	"s3:2→1"
39	18	56	265	1	2	0	0	0	0	0	0	"s1:39→1 / s2:1→1, 39→1 / s3:1→1, 39→4"	"s3:40→1"
39	18	57	193	2	1	0	0	1	0	0	0	"s1:39→1 / s2:1→1 / s3:1→1 / s4:1→2"	"s3:41→1 / s4:41→1"
39	18	57	195	1	1	0	0	1	0	0	0	"{s1:39→1 / s2:1→1 / s3:1→3, s1:39→1 / s2:1→1 / s3:1→4, s1:39→1 / s2:1→1 / s3:1→5}"	"{s3:41→1, s3:41→1, s3:41→1}"
39	18	57	196	0	1	0	0	1	0	0	0	"{s1:39→1 / s2:1→4, s1:39→1 / s2:1→5}"	""
39	18	57	246	0	1	1	0	0	0	0	0	"s1:39→1 / s2:1→3, 39→1"	""
39	18	57	271	2	1	0	0	0	0	0	0	"s1:39→1 / s2:39→2 / s3:1→1, 39→3"	"s2:40→1 / s3:40→1"
39	18	58	194	2	1	0	0	1	0	0	0	"s1:39→1 / s2:1→1 / s4:1→2"	"s3:2→1 / s4:41→1"
39	18	58	195	1	1	0	0	1	0	0	0	"s1:39→1 / s2:1→3"	"s3:2→1"
39	18	58	221	1	1	0	1	0	0	0	0	"s1:1→1 / s2:39→1 / s3:39→5"	"s3:2→1"
39	18	58	257	1	3	0	0	0	0	0	0	"s1:39→1 / s2:39→1 / s3:1→1, 39→1 / s4:39→1"	"s4:2→1"
39	18	58	272	2	1	0	0	0	0	0	0	"s1:39→1 / s2:39→2 / s3:39→3"	"s2:40→1 / s3:2→1"
39	18	58	273	1	1	0	0	0	0	0	0	"s1:39→4 / s2:39→4"	"s2:2→1"
39	18	59	264	2	2	0	0	0	0	0	0	"s1:39→1 / s2:1→1, 39→1 / s3:39→1 / s4:39→1"	"s3:41→1 / s4:2→1"
39	18	59	273	1	1	0	0	0	0	0	0	"{s1:1→1, 39→2 / s2:39→3, s1:39→2 / s2:1→1, 39→4}"	"{s2:40→1, s2:2→1}"
39	18	61	194	2	1	0	0	1	0	0	0	"s1:39→1 / s2:1→1 / s4:1→3"	"s3:2→1 / s4:41→1"
39	18	61	195	1	1	0	0	1	0	0	0	"s1:39→1 / s2:1→4"	"s3:2→1"
39	18	62	194	2	1	0	0	1	0	0	0	"s1:39→1 / s2:1→1 / s4:1→4"	"s3:2→1 / s4:41→1"
39	18	62	195	1	1	0	0	1	0	0	0	"s1:39→1 / s2:1→5"	"s3:2→1"
39	18	63	194	2	1	0	0	1	0	0	0	"s1:39→1 / s2:1→1 / s4:1→5"	"s3:2→1 / s4:41→1"
39	18	64	221	1	1	0	1	0	0	0	0	"s1:39→1 / s2:1→1 / s3:1→4, 39→1"	"s3:41→1"
39	18	64	265	1	2	0	0	0	0	0	0	"s1:39→1 / s2:1→2, 39→2 / s3:1→2, 39→2"	"s3:2→1"
39	18	64	272	2	1	0	0	0	0	0	0	"{s1:1→1, 39→1 / s2:39→2 / s3:39→3, s1:39→1 / s2:39→1 / s3:1→1, 39→4}"	"{s2:40→1 / s3:2→1, s2:40→1 / s3:2→1}"
39	18	64	273	1	1	0	0	0	0	0	0	"s1:1→1, 39→1 / s2:39→2"	"s2:40→1"
39	18	65	221	1	1	0	1	0	0	0	0	"s1:39→1 / s2:1→1 / s3:1→4, 39→1"	"s3:2→1"
39	18	67	271	2	1	0	0	0	0	0	0	"s1:1→1, 39→1 / s2:39→1 / s3:39→2"	"s2:40→1 / s3:40→1"
39	18	68	271	2	1	0	0	0	0	0	0	"s1:1→1, 39→1 / s2:39→2 / s3:1→1, 39→4"	"s2:40→1 / s3:40→1"
39	18	70	272	2	1	0	0	0	0	0	0	"s1:39→1 / s2:39→3 / s3:39→4"	"s2:40→1 / s3:2→1"
39	18	71	194	0	1	1	1	0	0	0	0	"s1:1→1 / s2:39→1 / s3:39→1"	""
39	18	71	225	1	0	2	0	0	0	0	0	"s1:39→1 / s2:1→1 / s3:1→1, 39→3"	"s3:2→1"
39	18	74	213	1	2	0	1	0	0	0	0	"s1:1→1 / s2:39→1 / s3:39→1 / s4:39→5"	"s4:2→1"
39	18	74	214	0	2	0	1	0	0	0	0	"s1:1→1 / s2:39→1 / s3:39→1"	""
39	18	77	213	1	2	0	1	0	0	0	0	"s1:1→1 / s2:39→1 / s3:39→1 / s4:39→4"	"s4:2→1"
39	18	77	265	1	2	0	0	0	0	0	0	"s1:39→1 / s2:1→1, 39→1 / s3:39→4"	"s3:2→1"
39	18	77	272	2	1	0	0	0	0	0	0	"s1:1→1, 39→1 / s2:39→2 / s3:39→4"	"s2:40→1 / s3:2→1"
39	18	78	177	1	0	0	2	0	0	0	0	"s1:39→1 / s2:1→1"	"s3:2→1"
39	18	80	272	2	1	0	0	0	0	0	0	"s1:39→1 / s2:39→4 / s3:39→5"	"s2:40→1 / s3:2→1"
39	18	83	202	0	0	1	1	0	0	0	0	"s1:1→1 / s2:39→2"	""
39	18	83	206	0	3	0	1	0	0	0	0	"s1:1→1 / s2:39→1 / s3:39→1 / s4:39→1"	""
39	18	84	201	1	0	1	1	0	0	0	0	"s1:39→1 / s2:1→1"	"s3:2→1"
39	18	84	272	2	1	0	0	0	0	0	0	"s1:39→1 / s2:39→5 / s3:1→1, 39→2"	"s2:2→1 / s3:40→1"
39	18	85	222	0	1	0	1	0	0	0	0	"s1:1→1 / s2:39→2"	""
39	18	85	265	1	2	0	0	0	0	0	0	"s1:39→1 / s2:1→1, 39→2 / s3:1→2, 39→3"	"s3:2→1"
39	18	85	273	1	1	0	0	0	0	0	0	"s1:1→1, 39→1 / s2:1→2"	"s2:40→1"
39	18	86	221	1	1	0	1	0	0	0	0	"s1:1→1 / s2:39→1 / s3:39→1"	"s3:41→1"
39	18	87	213	1	2	0	1	0	0	0	0	"s1:1→1 / s2:39→1 / s3:39→1 / s4:39→1"	"s4:42→1"
39	18	87	214	0	2	0	1	0	0	0	0	"s1:1→1 / s2:39→1 / s3:39→2"	""
39	18	87	270	3	1	0	0	0	0	0	0	"s1:1→1, 39→1 / s2:39→1 / s3:39→1 / s4:39→1"	"s2:40→1 / s3:40→1 / s4:2→1"
39	18	88	213	1	2	0	1	0	0	0	0	"s1:1→1 / s2:39→1 / s3:39→1 / s4:39→3"	"s4:2→1"
39	18	88	221	1	1	0	1	0	0	0	0	"s1:39→1 / s2:1→1 / s3:1→2, 39→2"	"s3:41→1"
39	18	88	266	0	2	0	0	0	0	0	0	"s1:1→1 / s2:1→1, 39→2"	""
39	18	89	271	2	1	0	0	0	0	0	0	"{s1:1→1, 39→1 / s2:1→1, 39→2 / s3:1→1, 39→4, s1:1→1, 39→1 / s2:1→1 / s3:1→2}"	"{s2:40→1 / s3:40→1, s2:40→1 / s3:40→1}"
39	18	90	213	1	2	0	1	0	0	0	0	"{s1:1→1 / s2:39→1 / s3:39→1 / s4:39→2, s1:1→1 / s2:39→1 / s3:39→2 / s4:39→1}"	"{s4:42→1, s4:41→1}"
39	18	90	214	0	2	0	1	0	0	0	0	"{s1:1→1 / s2:39→1 / s3:39→3, s1:1→1 / s2:39→2 / s3:39→2}"	""
39	18	90	219	2	1	0	1	0	0	0	0	"s1:1→1 / s2:39→1 / s3:39→1 / s4:39→1"	"s3:41→1 / s4:41→1"
39	18	90	221	1	1	0	1	0	0	0	0	"{s1:1→1 / s2:39→1 / s3:39→2, s1:1→1 / s2:39→2 / s3:39→1}"	"{s3:41→1, s3:41→1}"
39	18	90	222	0	1	0	1	0	0	0	0	"s1:1→1 / s2:39→3"	""
39	18	90	273	1	1	0	0	0	0	0	0	"s1:39→5 / s2:39→4"	"s2:2→1"
39	18	91	213	1	2	0	1	0	0	0	0	"s1:1→1 / s2:39→1 / s3:39→1 / s4:39→3"	"s4:42→1"
39	18	91	214	0	2	0	1	0	0	0	0	"s1:1→1 / s2:39→1 / s3:39→4"	""
39	18	91	219	2	1	0	1	0	0	0	0	"{s1:1→1 / s2:39→1 / s3:39→1 / s4:39→2, s1:1→1 / s2:39→1 / s3:39→2 / s4:39→2}"	"{s3:41→1 / s4:41→1, s3:41→1 / s4:41→1}"
39	18	91	221	1	1	0	1	0	0	0	0	"{s1:1→1 / s2:39→1 / s3:39→3, s1:1→1 / s2:39→2 / s3:39→2, s1:1→1 / s2:39→3 / s3:39→1, s1:39→1 / s2:1→1}"	"{s3:41→1, s3:41→1, s3:41→1, s3:2→1}"
39	18	91	222	0	1	0	1	0	0	0	0	"{s1:1→1 / s2:39→4, s1:1→1 / s2:39→5}"	""
39	18	91	265	1	2	0	0	0	0	0	0	"s1:1→1 / s2:1→1, 39→2 / s3:1→1, 39→2"	"s3:40→1"
39	18	92	213	1	2	0	1	0	0	0	0	"{s1:1→1 / s2:39→1 / s3:39→1 / s4:39→4, s1:1→1 / s2:39→1 / s3:39→1 / s4:39→5}"	"{s4:42→1, s4:42→1}"
39	18	92	214	0	2	0	1	0	0	0	0	"s1:1→1 / s2:39→1 / s3:39→5"	""
39	18	92	219	2	1	0	1	0	0	0	0	"{s1:1→1 / s2:39→1 / s3:39→1 / s4:39→3, s1:1→1 / s2:39→1 / s3:39→1 / s4:39→4, s1:1→1 / s2:39→1 / s3:39→1 / s4:39→5, s1:1→1 / s2:39→1 / s3:39→2 / s4:39→3, s1:1→1 / s2:39→1 / s3:39→2 / s4:39→4}"	"{s3:41→1 / s4:41→1, s3:41→1 / s4:41→1, s3:41→1 / s4:41→1, s3:41→1 / s4:41→1, s3:41→1 / s4:41→1}"
39	18	92	221	1	1	0	1	0	0	0	0	"{s1:1→1 / s2:39→1 / s3:39→4, s1:1→1 / s2:39→1 / s3:39→5, s1:1→1 / s2:39→2 / s3:39→3, s1:1→1 / s2:39→2 / s3:39→4, s1:1→1 / s2:39→2 / s3:39→5}"	"{s3:41→1, s3:41→1, s3:41→1, s3:41→1, s3:41→1}"
39	18	95	253	1	0	1	0	0	0	0	0	"s1:1→1 / s2:39→3"	"s2:2→1"
39	18	96	201	1	0	1	1	0	0	0	0	"s1:39→1 / s2:1→1 / s3:39→2"	"s3:2→1"
39	18	98	273	1	1	0	0	0	0	0	0	"s1:39→4 / s2:39→3"	"s2:2→1"
39	18	100	246	0	1	1	0	0	0	0	0	"s1:1→1 / s2:1→1, 39→4"	""
39	18	100	265	1	2	0	0	0	0	0	0	"s1:1→1 / s2:1→1, 39→2 / s3:1→1, 39→3"	"s3:2→1"
39	18	101	257	1	3	0	0	0	0	0	0	"s1:39→1 / s2:39→1 / s3:39→1 / s4:39→1"	"s4:2→1"
39	18	103	194	0	1	1	1	0	0	0	0	"s1:39→1 / s2:1→1 / s3:1→1"	""
39	18	103	220	2	1	0	1	0	0	0	0	"s1:39→1 / s2:1→1 / s4:1→4, 39→1"	"s3:2→1 / s4:41→1"
39	18	103	265	1	2	0	0	0	0	0	0	"s1:39→1 / s2:1→1, 39→1 / s3:39→2"	"s3:41→1"
39	18	104	272	2	1	0	0	0	0	0	0	"s1:39→1 / s2:39→3 / s3:1→1, 39→1"	"s2:2→1 / s3:40→1"
39	18	106	273	1	1	0	0	0	0	0	0	"s1:39→2 / s2:1→1, 39→1"	"s2:40→1"
39	18	107	214	0	2	0	1	0	0	0	0	"s1:39→1 / s2:1→1 / s3:1→1"	""
39	18	109	221	1	1	0	1	0	0	0	0	"s1:1→1 / s2:39→2 / s3:39→5"	"s3:2→1"
39	18	110	195	1	1	0	0	1	0	0	0	"s1:39→1 / s2:1→2 / s3:1→4, 39→1"	"s3:2→1"
39	18	110	213	1	2	0	1	0	0	0	0	"s1:39→1 / s2:1→1 / s3:1→1"	"s4:2→1"
39	18	110	225	1	0	2	0	0	0	0	0	"s1:39→1 / s2:1→1 / s3:1→1, 39→4"	"s3:2→1"
39	18	110	265	1	2	0	0	0	0	0	0	"s1:39→1 / s2:1→2, 39→2 / s3:1→2, 39→1"	"s3:40→1"
39	18	111	273	1	1	0	0	0	0	0	0	"s1:1→1, 39→2 / s2:39→4"	"s2:40→1"
39	18	112	220	2	1	0	1	0	0	0	0	"s1:1→1 / s2:39→1 / s3:39→1 / s4:39→5"	"s3:41→1 / s4:2→1"
39	18	112	229	1	0	0	1	0	0	0	0	"s1:39→1 / s2:1→1"	"s2:2→1"
39	18	112	271	2	1	0	0	0	0	0	0	"s1:1→1, 39→1 / s2:39→2 / s3:39→2"	"s2:40→1 / s3:40→1"
39	18	112	273	1	1	0	0	0	0	0	0	"s1:1→1, 39→1 / s2:39→5"	"s2:2→1"
39	18	115	201	1	0	1	1	0	0	0	0	"s1:39→1 / s2:1→1 / s3:1→1"	"s3:2→1"
39	18	115	221	1	1	0	1	0	0	0	0	"s1:39→1 / s2:1→1 / s3:1→1"	"s3:2→1"
39	18	115	272	2	1	0	0	0	0	0	0	"s1:39→1 / s2:39→1 / s3:1→1, 39→4"	"s2:2→1 / s3:40→1"
39	18	117	206	0	3	0	1	0	0	0	0	"s1:39→1 / s2:1→1 / s3:1→1 / s4:1→1"	""
39	18	117	225	1	0	2	0	0	0	0	0	"s1:39→1 / s2:1→1 / s3:1→1, 39→1"	"s3:2→1"
39	18	117	270	3	1	0	0	0	0	0	0	"s1:39→1 / s2:39→1 / s3:39→1 / s4:39→2"	"s2:40→1 / s3:40→1 / s4:2→1"
39	18	117	273	1	1	0	0	0	0	0	0	"s1:39→3 / s2:39→2"	"s2:2→1"
39	18	118	213	1	2	0	1	0	0	0	0	"s1:39→1 / s2:1→1 / s3:1→1 / s4:1→1"	"s4:2→1"
39	18	118	273	1	1	0	0	0	0	0	0	"s1:1→1, 39→2 / s2:1→3, 39→2"	"s2:40→1"
39	18	119	265	1	2	0	0	0	0	0	0	"s1:1→1 / s2:1→1, 39→2 / s3:39→1"	"s3:2→1"
39	18	120	222	0	1	0	1	0	0	0	0	"s1:39→1 / s2:1→2"	""
39	18	120	229	1	0	0	1	0	0	0	0	"s1:39→1 / s2:1→2"	"s2:2→1"
39	18	120	272	2	1	0	0	0	0	0	0	"s1:1→1, 39→1 / s2:39→2 / s3:39→5"	"s2:40→1 / s3:2→1"
39	18	121	220	2	1	0	1	0	0	0	0	"{s1:39→1 / s2:1→1 / s3:1→1 / s4:1→1, s1:39→1 / s2:1→1 / s4:1→1}"	"{s3:41→1 / s4:2→1, s3:2→1 / s4:41→1}"
39	18	121	221	1	1	0	1	0	0	0	0	"{s1:39→1 / s2:1→1 / s3:1→1, s1:39→1 / s2:1→1 / s3:1→2, s1:39→1 / s2:1→2, s1:39→1 / s2:1→2 / s3:1→1}"	"{s3:41→1, s3:2→1, s3:2→1, s3:2→1}"
39	18	121	253	1	0	1	0	0	0	0	0	"s1:1→1, 39→1 / s2:1→1"	"s2:2→1"
39	18	122	214	0	2	0	1	0	0	0	0	"s1:39→1 / s2:1→1 / s3:1→2"	""
39	18	122	229	1	0	0	1	0	0	0	0	"s1:39→1 / s2:1→3"	"s2:2→1"
39	18	123	213	1	2	0	1	0	0	0	0	"{s1:39→1 / s2:1→1 / s3:1→1 / s4:1→1, s1:39→1 / s2:1→1 / s3:1→2}"	"{s4:42→1, s4:2→1}"
39	18	123	221	1	1	0	1	0	0	0	0	"{s1:39→1 / s2:1→1 / s3:1→3, s1:39→1 / s2:1→2 / s3:1→2}"	"{s3:2→1, s3:2→1}"
39	18	124	221	1	1	0	1	0	0	0	0	"{s1:39→1 / s2:1→1 / s3:1→4, s1:39→1 / s2:1→2 / s3:1→3}"	"{s3:2→1, s3:2→1}"
39	18	124	229	1	0	0	1	0	0	0	0	"s1:39→1 / s2:1→4"	"s2:2→1"
39	18	125	214	0	2	0	1	0	0	0	0	"s1:39→1 / s2:1→1 / s3:1→3"	""
39	18	125	219	2	1	0	1	0	0	0	0	"s1:39→1 / s2:1→1 / s3:1→1 / s4:1→1"	"s3:41→1 / s4:41→1"
39	18	125	221	1	1	0	1	0	0	0	0	"{s1:39→1 / s2:1→1 / s3:1→5, s1:39→1 / s2:1→2 / s3:1→1, s1:39→1 / s2:1→2 / s3:1→4}"	"{s3:2→1, s3:41→1, s3:2→1}"
39	18	125	222	0	1	0	1	0	0	0	0	"s1:39→1 / s2:1→3"	""
39	18	125	225	1	0	2	0	0	0	0	0	"s1:39→1 / s2:1→1 / s3:39→2"	"s3:2→1"
39	18	125	229	1	0	0	1	0	0	0	0	"s1:39→1 / s2:1→5"	"s2:2→1"
39	18	126	221	1	1	0	1	0	0	0	0	"{s1:39→1 / s2:1→1 / s3:1→2, s1:39→1 / s2:1→3 / s3:1→1}"	"{s3:41→1, s3:2→1}"
39	18	126	222	0	1	0	1	0	0	0	0	"s1:39→1 / s2:1→4"	""
39	18	127	194	2	1	0	0	1	0	0	0	"s1:39→1 / s2:1→1 / s4:1→2, 39→1"	"s3:2→1 / s4:41→1"
39	18	127	219	2	1	0	1	0	0	0	0	"s1:39→1 / s2:1→1 / s3:1→1 / s4:1→2"	"s3:41→1 / s4:41→1"
39	18	127	221	1	1	0	1	0	0	0	0	"{s1:39→1 / s2:1→1 / s3:1→3, s1:39→1 / s2:1→1 / s3:1→4, s1:39→1 / s2:1→1 / s3:1→5}"	"{s3:41→1, s3:41→1, s3:41→1}"
39	18	127	222	0	1	0	1	0	0	0	0	"s1:39→1 / s2:1→5"	""
39	18	127	272	2	1	0	0	0	0	0	0	"s1:1→1, 39→1 / s2:39→2 / s3:39→2"	"s2:40→1 / s3:2→1"
39	18	128	221	1	1	0	1	0	0	0	0	"s1:39→1 / s2:1→3"	"s3:2→1"
39	18	129	220	2	1	0	1	0	0	0	0	"s1:39→1 / s2:1→1 / s4:1→2"	"s3:2→1 / s4:41→1"
39	18	130	272	2	1	0	0	0	0	0	0	"s1:1→1, 39→1 / s2:39→1 / s3:39→5"	"s2:40→1 / s3:2→1"
39	18	131	220	2	1	0	1	0	0	0	0	"s1:39→1 / s2:1→1 / s4:1→3"	"s3:2→1 / s4:41→1"
39	18	131	221	1	1	0	1	0	0	0	0	"s1:39→1 / s2:1→4"	"s3:2→1"
39	18	132	220	2	1	0	1	0	0	0	0	"s1:39→1 / s2:1→1 / s4:1→4"	"s3:2→1 / s4:41→1"
39	18	132	221	1	1	0	1	0	0	0	0	"s1:39→1 / s2:1→5"	"s3:2→1"
39	18	133	220	2	1	0	1	0	0	0	0	"s1:39→1 / s2:1→1 / s4:1→5"	"s3:2→1 / s4:41→1"
39	18	135	221	1	1	0	1	0	0	0	0	"s1:1→1 / s2:39→2 / s3:39→4"	"s3:2→1"
39	18	137	271	2	1	0	0	0	0	0	0	"s1:39→1 / s2:1→1, 39→1 / s3:1→1, 39→4"	"s2:40→1 / s3:40→1"
39	18	137	272	2	1	0	0	0	0	0	0	"s1:1→1, 39→1 / s3:1→2"	"s2:2→1 / s3:40→1"
39	18	140	253	1	0	1	0	0	0	0	0	"s1:39→1 / s2:1→3, 39→1"	"s2:2→1"
39	18	140	272	2	1	0	0	0	0	0	0	"s1:39→1 / s2:1→1, 39→1 / s3:1→3, 39→2"	"s2:2→1 / s3:40→1"
39	18	141	220	2	1	0	1	0	0	0	0	"s1:1→1 / s2:39→1 / s3:39→1 / s4:39→4"	"s3:41→1 / s4:2→1"
39	18	141	253	1	0	1	0	0	0	0	0	"s1:1→1 / s2:39→4"	"s2:2→1"
39	18	142	272	2	1	0	0	0	0	0	0	"s1:39→1 / s2:39→4 / s3:39→4"	"s2:40→1 / s3:2→1"
39	18	143	271	2	1	0	0	0	0	0	0	"s1:1→1, 39→1 / s2:39→2 / s3:1→1, 39→3"	"s2:40→1 / s3:40→1"
39	18	145	258	0	3	0	0	0	0	0	0	"s1:1→1 / s2:1→1, 39→2 / s3:1→1, 39→2"	""
39	18	145	265	1	2	0	0	0	0	0	0	"s1:39→1 / s2:1→1, 39→1 / s3:39→5"	"s3:2→1"
39	18	146	266	0	2	0	0	0	0	0	0	"s1:39→1 / s2:1→2, 39→1"	""
39	18	147	272	2	1	0	0	0	0	0	0	"s1:39→1 / s2:39→3 / s3:39→3"	"s2:40→1 / s3:2→1"
39	18	148	201	1	0	1	1	0	0	0	0	"s1:39→1 / s2:1→1 / s3:39→3"	"s3:2→1"
39	18	148	265	1	2	0	0	0	0	0	0	"s1:39→1 / s2:1→2, 39→1 / s3:1→2, 39→1"	"s3:40→1"
39	18	150	213	1	2	0	1	0	0	0	0	"s1:1→1 / s2:39→1 / s3:39→1 / s4:39→2"	"s4:2→1"
39	18	156	220	2	1	0	1	0	0	0	0	"s1:39→1 / s2:1→1 / s4:1→3, 39→1"	"s3:2→1 / s4:41→1"
39	18	159	272	2	1	0	0	0	0	0	0	"s1:39→1 / s2:39→2 / s3:39→2"	"s2:40→1 / s3:2→1"
39	18	161	225	1	0	2	0	0	0	0	0	"s1:39→1 / s2:1→1 / s3:39→3"	"s3:2→1"
39	18	161	273	1	1	0	0	0	0	0	0	"s1:1→2 / s2:1→1, 39→1"	"s2:40→1"
39	18	162	265	1	2	0	0	0	0	0	0	"s1:39→1 / s2:39→1 / s3:1→2, 39→2"	"s3:41→1"
39	18	164	265	1	2	0	0	0	0	0	0	"s1:39→1 / s2:1→2, 39→1 / s3:1→1, 39→1"	"s3:2→1"
39	18	165	253	1	0	1	0	0	0	0	0	"s1:1→1 / s2:39→5"	"s2:2→1"
39	18	166	246	0	1	1	0	0	0	0	0	"s1:39→1 / s2:1→4, 39→1"	""
39	18	166	273	1	1	0	0	0	0	0	0	"s1:1→2, 39→2 / s2:1→1, 39→3"	"s2:40→1"
39	18	172	265	1	2	0	0	0	0	0	0	"s1:1→1 / s2:1→1, 39→2 / s3:1→1, 39→2"	"s3:41→1"
39	18	174	272	2	1	0	0	0	0	0	0	"s1:1→1, 39→1 / s2:39→1 / s3:1→1, 39→4"	"s2:2→1 / s3:40→1"
39	18	175	245	1	1	1	0	0	0	0	0	"s1:1→1, 39→1 / s2:39→1 / s3:1→1, 39→1"	"s3:2→1"
39	18	177	273	1	1	0	0	0	0	0	0	"s1:1→1, 39→2 / s2:39→5"	"s2:40→1"
39	18	179	225	1	0	2	0	0	0	0	0	"s1:39→1 / s2:1→1 / s3:39→4"	"s3:2→1"
39	18	179	238	0	2	1	0	0	0	0	0	"s1:1→1 / s2:39→1 / s3:1→1, 39→3"	""
39	18	179	245	1	1	1	0	0	0	0	0	"s1:1→1 / s2:39→1 / s3:39→2"	"s3:2→1"
39	18	179	246	0	1	1	0	0	0	0	0	"s1:1→1 / s2:39→1"	""
39	18	180	245	1	1	1	0	0	0	0	0	"s1:1→1 / s2:39→1 / s3:1→1, 39→3"	"s3:41→1"
39	18	183	243	2	1	1	0	0	0	0	0	"s1:1→1 / s2:39→1 / s3:1→1, 39→2 / s4:1→1, 39→2"	"s3:41→1 / s4:41→1"
39	18	183	245	1	1	1	0	0	0	0	0	"s1:1→1 / s2:39→1 / s3:1→1, 39→2"	"s3:41→1"
39	18	184	238	0	2	1	0	0	0	0	0	"s1:1→1 / s2:39→1 / s3:1→1, 39→4"	""
39	18	184	245	1	1	1	0	0	0	0	0	"{s1:1→1 / s2:39→1 / s3:1→1, 39→4, s1:1→1 / s2:39→1 / s3:39→3}"	"{s3:2→1, s3:2→1}"
39	18	186	245	1	1	1	0	0	0	0	0	"s1:1→1 / s2:39→1 / s3:1→1, 39→4"	"s3:41→1"
39	18	188	270	3	1	0	0	0	0	0	0	"s1:39→1 / s2:1→1, 39→1 / s3:1→2, 39→1 / s4:1→3, 39→2"	"s2:2→1 / s3:40→1 / s4:40→1"
39	18	189	225	1	0	2	0	0	0	0	0	"s1:39→1 / s2:1→1 / s3:39→5"	"s3:2→1"
39	18	191	245	1	1	1	0	0	0	0	0	"s1:1→1 / s2:39→1 / s3:39→4"	"s3:2→1"
39	18	191	265	1	2	0	0	0	0	0	0	"{s1:39→2 / s2:1→1, 39→1 / s3:39→1, s1:39→2 / s2:1→1, 39→1 / s3:39→3}"	"{s3:41→1, s3:2→1}"
39	18	191	266	0	2	0	0	0	0	0	0	"s1:39→2 / s2:1→1, 39→1"	""
39	18	191	273	1	1	0	0	0	0	0	0	"s1:39→5 / s2:39→3"	"s2:2→1"
39	18	192	265	1	2	0	0	0	0	0	0	"{s1:1→1 / s2:1→1, 39→2 / s3:1→1, 39→1, s1:39→1 / s2:39→1 / s3:1→1, 39→2}"	"{s3:41→1, s3:2→1}"
39	18	192	270	3	1	0	0	0	0	0	0	"s1:39→1 / s2:39→1 / s3:39→2 / s4:1→1, 39→1"	"s2:40→1 / s3:2→1 / s4:40→1"
39	18	192	271	2	1	0	0	0	0	0	0	"s1:39→1 / s2:39→1 / s3:1→1, 39→1"	"s2:40→1 / s3:40→1"
39	18	193	244	2	1	1	0	0	0	0	0	"s1:1→1 / s2:39→1 / s3:39→3 / s4:1→1, 39→4"	"s3:2→1 / s4:41→1"
39	19	39	177	0	1	0	0	0	0	0	0	""	"s1:1→1"
39	19	44	178	0	1	0	0	0	0	0	0	"s1:2→1"	""
39	20	39	211	1	0	0	0	0	0	0	0	""	"s1:1→1"
39	20	42	203	1	1	0	0	0	0	0	0	"s1:2→1, 37→1"	"s2:1→1"
39	20	42	204	0	1	0	0	0	0	0	0	"{s1:2→1, 37→1, s1:2→2, 37→1}"	""
39	20	42	209	2	0	0	0	0	0	0	0	"{s1:2→1, s1:2→1, 37→1, s1:2→1 / s2:2→1, 37→1, s1:2→2, 37→1, s1:2→2, 37→2, s1:2→3, 37→1, s1:2→3, 37→2, s1:2→4, 37→1, s2:2→1, 37→1, s2:2→2, 37→1, s2:2→2, 37→2, s2:2→2, 37→3}"	"{s1:38→1 / s2:1→1, s1:38→1 / s2:1→1, s1:38→1 / s2:1→1, s1:38→1 / s2:1→1, s1:38→1 / s2:1→1, s1:38→1 / s2:1→1, s1:38→1 / s2:1→1, s1:38→1 / s2:1→1, s1:1→1 / s2:1→1, s1:1→1 / s2:1→1, s1:1→1 / s2:1→1, s1:1→1 / s2:1→1}"
39	20	42	210	1	0	0	0	0	0	0	0	"{s1:2→1, s1:2→1, 37→1, s1:2→1, 37→2, s1:2→2, s1:2→2, 37→1, s1:2→2, 37→2, s1:2→3, 37→1, s1:2→3, 37→2, s1:2→4, 37→1}"	"{s1:38→1, s1:38→1, s1:38→1, s1:38→1, s1:38→1, s1:38→1, s1:38→1, s1:38→1, s1:38→1}"
39	20	42	211	1	0	0	0	0	0	0	0	"{s1:2→1, 37→1, s1:2→1, 37→2, s1:2→1, 37→3, s1:2→2, 37→1, s1:2→2, 37→2, s1:2→2, 37→3, s1:2→3, 37→1, s1:2→3, 37→2, s1:2→4, 37→1}"	"{s1:1→1, s1:1→1, s1:1→1, s1:1→1, s1:1→1, s1:1→1, s1:1→1, s1:1→1, s1:1→1}"
39	20	43	209	2	0	0	0	0	0	0	0	"{s1:2→2, s1:2→3, s1:2→4, s1:2→5, s1:37→1 / s2:37→1, s2:2→1, 37→2, s2:2→1, 37→2, s2:37→1}"	"{s1:1→1 / s2:1→1, s1:38→1 / s2:1→1, s1:38→1 / s2:1→1, s1:38→1 / s2:1→1, s1:38→1 / s2:1→1, s1:1→1 / s2:1→1, s1:1→1 / s2:1→1, s1:38→1 / s2:1→1, s1:38→1 / s2:1→1}"
39	20	43	210	1	0	0	0	0	0	0	0	"{s1:2→3, s1:2→4, s1:2→5}"	"{s1:38→1, s1:38→1, s1:38→1, s1:38→1}"
39	20	43	211	1	0	0	0	0	0	0	0	"{s1:2→1, 37→4, s1:37→1, s1:37→2, s1:37→3, s1:37→4}"	"{s1:1→1, s1:1→1, s1:1→1, s1:1→1, s1:1→1}"
39	20	44	203	1	1	0	0	0	0	0	0	"s1:2→1"	"s2:1→1"
39	20	44	204	0	1	0	0	0	0	0	0	"{s1:2→1, s1:2→2, s1:37→1}"	""
39	20	44	209	2	0	0	0	0	0	0	0	"{s2:2→1, s2:2→2, s2:37→2}"	"{s1:1→1 / s2:1→1, s1:1→1 / s2:1→1, s1:38→1 / s2:1→1}"
39	20	44	210	1	0	0	0	0	0	0	0	"{s1:37→1, s1:37→2}"	"{s1:38→1, s1:38→1}"
39	20	44	211	1	0	0	0	0	0	0	0	"{s1:2→1, s1:2→2, s1:2→3, s1:2→4, s1:2→5, s1:37→5}"	"{s1:1→1, s1:1→1, s1:1→1, s1:1→1, s1:1→1, s1:1→1}"
39	20	67	209	2	0	0	0	0	0	0	0	"s2:2→1, 37→3"	"s1:1→1 / s2:1→1"
39	20	87	209	2	0	0	0	0	0	0	0	"{s1:2→1, 37→2, s2:37→1}"	"{s1:38→1 / s2:1→1, s1:1→1 / s2:1→1}"
39	20	109	202	1	1	0	0	0	0	0	0	"s1:2→1 / s2:2→1"	"s2:38→1"
39	20	117	209	2	0	0	0	0	0	0	0	"s2:2→1, 37→4"	"s1:1→1 / s2:1→1"
39	20	174	209	2	0	0	0	0	0	0	0	"s2:37→2"	"s1:1→1 / s2:1→1"
39	21	39	180	0	0	0	1	0	0	0	0	"s1:1→1"	""
39	21	39	204	0	0	1	0	0	0	0	0	"s1:1→1"	""
39	21	39	216	0	2	0	0	0	0	0	0	"s1:39→1 / s2:1→1"	""
39	21	39	222	1	1	0	0	0	0	0	0	"s1:39→1"	"s2:2→1"
39	21	39	224	0	1	0	0	0	0	0	0	"{s1:1→1, s1:39→1}"	""
39	21	39	230	1	0	0	0	0	0	0	0	""	"s1:2→1"
39	21	40	196	0	1	1	0	0	0	0	0	"s1:1→1 / s2:39→1"	""
39	21	40	223	1	1	0	0	0	0	0	0	"{s1:1→1 / s2:39→1, s1:39→1 / s2:1→1}"	"{s2:40→1, s2:40→1}"
39	21	40	224	0	1	0	0	0	0	0	0	"s1:1→1, 39→1"	""
39	21	40	230	1	0	0	0	0	0	0	0	"s1:39→1"	"s1:2→1"
39	21	41	172	0	1	0	1	0	0	0	0	"s1:1→1 / s2:39→1"	""
39	21	41	221	2	1	0	0	0	0	0	0	"{s1:1→1 / s2:39→1 / s3:1→3, 39→2, s1:1→1 / s2:39→1 / s3:39→1}"	"{s2:2→1 / s3:36→1, s2:40→1 / s3:2→1}"
39	21	41	222	1	1	0	0	0	0	0	0	"{s1:1→1, 39→1, s1:1→1 / s2:39→1}"	"{s2:2→1, s2:2→1}"
39	21	41	222	2	1	0	0	0	0	0	0	"{s1:1→1 / s2:39→1 / s3:1→1, s1:1→1 / s2:39→1 / s3:1→3, 39→2, s1:39→1 / s2:1→1 / s3:1→2, s1:39→1 / s2:1→1 / s3:1→3}"	"{s2:40→1 / s3:36→1, s2:40→1 / s3:36→1, s2:40→1 / s3:36→1, s2:40→1 / s3:36→1}"
39	21	41	223	1	1	0	0	0	0	0	0	"{s1:1→1, 39→1 / s2:1→1, s1:1→1, 39→1 / s2:1→2, s1:1→1, 39→1 / s2:1→3, s1:1→1 / s2:1→1, s1:1→1 / s2:1→2, 39→1, s1:1→1 / s2:1→2, 39→2, s1:1→1 / s2:1→3, 39→2, s1:39→1 / s2:1→2, s1:39→1 / s2:1→3}"	"{s2:36→1, s2:36→1, s2:36→1, s2:36→1, s2:36→1, s2:36→1, s2:36→1, s2:36→1, s2:36→1}"
39	21	41	229	2	0	0	0	0	0	0	0	"{s1:1→1, 39→1 / s2:1→3, s1:1→1, 39→1 / s2:1→4, 39→1, s1:39→1 / s2:1→2, s1:39→1 / s2:1→2, 39→1, s1:39→1 / s2:1→2, 39→2, s1:39→1 / s2:1→3, 39→1, s1:39→1 / s2:1→3, 39→2, s1:39→1 / s2:1→4, 39→1, s2:1→2, s2:1→2, 39→1, s2:1→3, s2:1→3, 39→1, s2:1→3, 39→2, s2:1→4, 39→1}"	"{s1:2→1 / s2:36→1, s1:2→1 / s2:36→1, s1:2→1 / s2:36→1, s1:2→1 / s2:36→1, s1:2→1 / s2:36→1, s1:2→1 / s2:36→1, s1:2→1 / s2:36→1, s1:2→1 / s2:36→1, s1:2→1 / s2:36→1, s1:2→1 / s2:36→1, s1:2→1 / s2:36→1, s1:2→1 / s2:36→1, s1:2→1 / s2:36→1, s1:2→1 / s2:36→1}"
39	21	41	230	1	0	0	0	0	0	0	0	"{s1:1→1, 39→1, s1:1→1, 39→2, s1:1→2, 39→2, s1:1→2, 39→3}"	"{s1:2→1, s1:2→1, s1:2→1, s1:2→1}"
39	21	41	231	1	0	0	0	0	0	0	0	"{s1:1→1, s1:1→2, s1:1→2, 39→1, s1:1→2, 39→2, s1:1→3, s1:1→3, 39→1, s1:1→3, 39→2, s1:1→4, 39→1}"	"{s1:36→1, s1:36→1, s1:36→1, s1:36→1, s1:36→1, s1:36→1, s1:36→1, s1:36→1}"
39	21	42	195	1	1	1	0	0	0	0	0	"s1:1→1 / s2:39→1 / s3:1→1"	"s3:36→1"
39	21	42	202	1	0	1	0	0	0	0	0	"{s1:1→1 / s2:39→1, s1:1→1 / s2:39→2}"	"{s2:2→1, s2:2→1}"
39	21	42	203	1	0	1	0	0	0	0	0	"{s1:1→1 / s2:1→1, s1:1→1 / s2:1→1, 39→1, s1:1→1 / s2:1→1, 39→2, s1:1→1 / s2:1→1, 39→3}"	"{s2:36→1, s2:36→1, s2:36→1, s2:36→1}"
39	21	42	215	1	2	0	0	0	0	0	0	"s1:39→1 / s2:1→1 / s3:1→2"	"s3:36→1"
39	21	42	216	0	2	0	0	0	0	0	0	"s1:1→1 / s2:1→1, 39→1"	""
39	21	42	221	2	1	0	0	0	0	0	0	"{s1:1→1, 39→1 / s3:1→1, s1:1→1, 39→1 / s3:1→2, s1:1→1, 39→1 / s3:1→3, s1:1→1, 39→1 / s3:1→4, s1:1→1, 39→1 / s3:1→5, s1:1→1 / s2:39→1 / s3:1→1, 39→1, s1:1→1 / s2:39→1 / s3:1→1, 39→2, s1:1→1 / s2:39→1 / s3:1→1, 39→2, s1:1→1 / s2:39→1 / s3:1→1, 39→2, s1:1→1 / s2:39→1 / s3:1→1, 39→3, s1:1→1 / s2:39→1 / s3:1→2, s1:1→1 / s2:39→1 / s3:1→2, 39→1, s1:1→1 / s2:39→1 / s3:1→2, 39→2, s1:1→1 / s2:39→1 / s3:1→2, 39→2, s1:1→1 / s2:39→1 / s3:1→2, 39→3, s1:1→1 / s2:39→1 / s3:1→2, 39→3, s1:1→1 / s2:39→1 / s3:1→2, 39→3, s1:1→1 / s2:39→1 / s3:1→3, 39→1, s1:39→1 / s3:1→2, s1:39→1 / s3:1→3}"	"{s2:2→1 / s3:40→1, s2:2→1 / s3:36→1, s2:2→1 / s3:36→1, s2:2→1 / s3:36→1, s2:2→1 / s3:36→1, s2:2→1 / s3:40→1, s2:2→1 / s3:40→1, s2:40→1 / s3:2→1, s2:40→1 / s3:40→1, s2:40→1 / s3:2→1, s2:2→1 / s3:36→1, s2:2→1 / s3:36→1, s2:2→1 / s3:36→1, s2:2→1 / s3:40→1, s2:2→1 / s3:40→1, s2:40→1 / s3:2→1, s2:40→1 / s3:40→1, s2:2→1 / s3:36→1, s2:2→1 / s3:36→1, s2:2→1 / s3:36→1}"
39	21	42	222	1	1	0	0	0	0	0	0	"{s1:1→1 / s2:1→1, 39→1, s1:1→1 / s2:1→1, 39→2, s1:1→1 / s2:1→1, 39→3, s1:1→1 / s2:1→2, 39→2, s1:1→1 / s2:1→2, 39→3, s1:1→2, 39→1}"	"{s2:2→1, s2:2→1, s2:2→1, s2:2→1, s2:2→1, s2:2→1}"
39	21	42	222	2	1	0	0	0	0	0	0	"{s1:1→1 / s2:39→1 / s3:1→2, 39→1, s1:1→1 / s2:39→1 / s3:1→2, 39→2, s1:1→1 / s2:39→1 / s3:1→2, 39→3, s1:39→1 / s2:1→1 / s3:1→4}"	"{s2:40→1 / s3:36→1, s2:40→1 / s3:36→1, s2:40→1 / s3:36→1, s2:40→1 / s3:36→1}"
39	21	42	223	1	1	0	0	0	0	0	0	"{s1:1→1, 39→1 / s2:1→1, s1:1→1, 39→1 / s2:1→4, s1:1→1, 39→1 / s2:1→5, s1:1→1 / s2:1→1, 39→1, s1:1→1 / s2:1→1, 39→2, s1:1→1 / s2:1→2, s1:1→1 / s2:1→2, 39→2, s1:1→1 / s2:1→2, 39→3, s1:1→1 / s2:1→2, 39→3, s1:1→1 / s2:1→3, s1:1→1 / s2:1→3, 39→1, s1:1→1 / s2:1→4, 39→1, s1:1→2, 39→1 / s2:1→3, s1:1→2, 39→1 / s2:1→4, s1:39→1 / s2:1→1, s1:39→1 / s2:1→4}"	"{s2:40→1, s2:36→1, s2:36→1, s2:40→1, s2:40→1, s2:36→1, s2:40→1, s2:36→1, s2:40→1, s2:36→1, s2:36→1, s2:36→1, s2:36→1, s2:36→1, s2:36→1, s2:36→1}"
39	21	42	224	0	1	0	0	0	0	0	0	"s1:1→2, 39→1"	""
39	21	42	229	2	0	0	0	0	0	0	0	"{s1:1→1, 39→1 / s2:1→3, 39→1, s1:1→1, 39→1 / s2:1→4, s1:1→2, 39→1 / s2:1→5, s1:39→1 / s2:1→1, 39→1, s1:39→1 / s2:1→2, 39→3, s2:1→4, s2:1→5}"	"{s1:2→1 / s2:36→1, s1:2→1 / s2:36→1, s1:2→1 / s2:36→1, s1:2→1 / s2:36→1, s1:2→1 / s2:36→1, s1:2→1 / s2:36→1, s1:2→1 / s2:36→1}"
39	21	42	230	1	0	0	0	0	0	0	0	"{s1:1→1, 39→3, s1:1→1, 39→4, s1:1→2, 39→1, s1:1→3, 39→2, s1:39→2}"	"{s1:2→1, s1:2→1, s1:2→1, s1:2→1, s1:2→1}"
39	21	42	231	1	0	0	0	0	0	0	0	"{s1:1→1, 39→1, s1:1→1, 39→2, s1:1→1, 39→3, s1:1→2, 39→3, s1:1→4, s1:1→5}"	"{s1:36→1, s1:36→1, s1:36→1, s1:36→1, s1:36→1, s1:36→1}"
39	21	43	202	1	0	1	0	0	0	0	0	"s1:1→1 / s2:39→3"	"s2:2→1"
39	21	43	203	1	0	1	0	0	0	0	0	"s1:1→1 / s2:1→1, 39→4"	"s2:36→1"
39	21	43	214	1	2	0	0	0	0	0	0	"s1:1→1 / s2:1→1, 39→1"	"s3:2→1"
39	21	43	216	0	2	0	0	0	0	0	0	"s1:1→1 / s2:1→2, 39→1"	""
39	21	43	221	2	1	0	0	0	0	0	0	"{s1:1→1 / s2:39→1 / s3:1→1, 39→1, s1:1→1 / s2:39→1 / s3:1→2, 39→2, s1:1→1 / s3:1→1, 39→1, s1:1→1 / s3:1→2, 39→1, s1:1→1 / s3:1→2, 39→2, s1:1→1 / s3:1→3, s1:1→1 / s3:1→4, s1:1→1 / s3:1→4, 39→1, s1:1→1 / s3:1→5}"	"{s2:40→1 / s3:40→1, s2:40→1 / s3:40→1, s2:2→1 / s3:40→1, s2:2→1 / s3:40→1, s2:2→1 / s3:40→1, s2:2→1 / s3:36→1, s2:2→1 / s3:36→1, s2:2→1 / s3:36→1, s2:2→1 / s3:36→1}"
39	21	43	222	1	1	0	0	0	0	0	0	"{s1:1→1, s1:1→1 / s2:1→1, 39→4, s1:1→1 / s2:1→2, 39→1, s1:1→1 / s2:1→3, 39→1, s1:1→1 / s2:1→3, 39→2, s1:1→3, 39→1}"	"{s2:2→1, s2:2→1, s2:2→1, s2:2→1, s2:2→1, s2:2→1}"
39	21	43	222	2	1	0	0	0	0	0	0	"{s1:1→1 / s2:39→1 / s3:1→1, 39→1, s1:1→1 / s2:39→1 / s3:1→3, 39→1}"	"{s2:40→1 / s3:36→1, s2:40→1 / s3:36→1}"
39	21	43	223	1	1	0	0	0	0	0	0	"{s1:1→1 / s2:1→1, 39→1, s1:1→1 / s2:1→1, 39→3, s1:1→1 / s2:1→2, 39→1, s1:1→1 / s2:1→3, 39→2, s1:1→1 / s2:1→4, s1:1→1 / s2:1→5}"	"{s2:36→1, s2:40→1, s2:40→1, s2:40→1, s2:36→1, s2:36→1}"
39	21	43	224	0	1	0	0	0	0	0	0	"{s1:1→3, 39→1, s1:1→4, 39→1}"	""
39	21	43	229	2	0	0	0	0	0	0	0	"{s1:1→1, 39→1 / s2:1→5, s1:39→1 / s2:1→1, 39→2, s2:1→2, 39→2}"	"{s1:2→1 / s2:36→1, s1:2→1 / s2:36→1, s1:2→1 / s2:36→1}"
39	21	43	230	1	0	0	0	0	0	0	0	"{s1:1→3, 39→1, s1:1→4, 39→1, s1:39→3, s1:39→4}"	"{s1:2→1, s1:2→1, s1:2→1, s1:2→1}"
39	21	43	231	1	0	0	0	0	0	0	0	"s1:1→1, 39→4"	"s1:36→1"
39	21	44	171	1	1	0	1	0	0	0	0	"s1:1→1 / s2:39→1"	"s3:36→1"
39	21	44	179	1	0	0	1	0	0	0	0	"{s1:1→1, s1:1→1 / s2:39→1, s1:1→1 / s2:39→2}"	"{s2:36→1, s2:36→1, s2:36→1}"
39	21	44	202	1	0	1	0	0	0	0	0	"s1:1→1"	"s2:2→1"
39	21	44	216	0	2	0	0	0	0	0	0	"s1:1→1 / s2:1→1"	""
39	21	44	221	2	1	0	0	0	0	0	0	"{s1:1→1 / s2:39→1 / s3:1→1, 39→3, s1:1→1 / s2:39→1 / s3:1→4, 39→1}"	"{s2:40→1 / s3:40→1, s2:2→1 / s3:36→1}"
39	21	44	222	1	1	0	0	0	0	0	0	"{s1:1→1 / s2:1→1, s1:1→1 / s2:1→4, 39→1, s1:1→2, 39→1 / s2:1→1}"	"{s2:2→1, s2:2→1, s2:2→1}"
39	21	44	222	2	1	0	0	0	0	0	0	"s1:39→1 / s2:1→1 / s3:1→5"	"s2:40→1 / s3:36→1"
39	21	44	223	1	1	0	0	0	0	0	0	"{s1:1→1, 39→1 / s2:1→2, s1:1→1 / s2:1→3, 39→1, s1:1→1 / s2:1→4, 39→1, s1:39→1, s1:39→1 / s2:1→5}"	"{s2:40→1, s2:40→1, s2:40→1, s2:36→1, s2:36→1}"
39	21	44	229	2	0	0	0	0	0	0	0	"s2:1→1"	"s1:2→1 / s2:36→1"
39	21	44	230	1	0	0	0	0	0	0	0	"{s1:1→1, s1:1→2, s1:1→3, s1:39→5}"	"{s1:2→1, s1:2→1, s1:2→1, s1:2→1}"
39	21	44	231	1	0	0	0	0	0	0	0	"{s1:39→1, s1:39→2, s1:39→3, s1:39→4, s1:39→5}"	"{s1:36→1, s1:36→1, s1:36→1, s1:36→1, s1:36→1, s1:36→1}"
39	21	45	179	1	0	0	1	0	0	0	0	"{s1:1→1 / s2:39→3, s1:1→1 / s2:39→4, s1:1→1 / s2:39→5}"	"{s2:36→1, s2:36→1, s2:36→1}"
39	21	45	214	1	2	0	0	0	0	0	0	"s1:1→1 / s2:1→1"	"s3:2→1"
39	21	45	216	0	2	0	0	0	0	0	0	"s1:1→1 / s2:1→2"	""
39	21	45	221	2	1	0	0	0	0	0	0	"{s1:1→1, 39→1 / s3:1→2, s1:1→1 / s2:39→1 / s3:39→1, s1:1→1 / s3:1→1, s1:1→1 / s3:1→2, s1:39→1 / s3:1→4}"	"{s2:2→1 / s3:40→1, s2:40→1 / s3:40→1, s2:2→1 / s3:40→1, s2:2→1 / s3:40→1, s2:2→1 / s3:36→1}"
39	21	45	222	1	1	0	0	0	0	0	0	"{s1:1→1 / s2:1→2, s1:1→1 / s2:1→3, s1:1→1 / s2:1→4, s1:1→1 / s2:1→5, s1:1→1 / s2:39→2, s1:1→2, s1:1→2 / s2:1→1, s1:1→3}"	"{s2:2→1, s2:2→1, s2:2→1, s2:2→1, s2:2→1, s2:2→1, s2:2→1, s2:2→1}"
39	21	45	223	1	1	0	0	0	0	0	0	"{s1:1→1 / s2:1→1, s1:1→1 / s2:1→2, s1:1→1 / s2:1→3, s1:1→1 / s2:1→4, s1:1→1 / s2:1→5}"	"{s2:40→1, s2:40→1, s2:40→1, s2:40→1, s2:40→1}"
39	21	45	224	0	1	0	0	0	0	0	0	"{s1:1→2, s1:1→3, s1:1→4, s1:1→5}"	""
39	21	45	229	2	0	0	0	0	0	0	0	"s1:39→1 / s2:1→1, 39→3"	"s1:2→1 / s2:36→1"
39	21	45	230	1	0	0	0	0	0	0	0	"{s1:1→4, s1:1→5}"	"{s1:2→1, s1:2→1}"
39	21	46	202	1	0	1	0	0	0	0	0	"s1:1→1 / s2:39→4"	"s2:2→1"
39	21	46	221	2	1	0	0	0	0	0	0	"{s1:1→1 / s2:39→1 / s3:1→2, 39→2, s1:1→1 / s3:1→3, 39→1}"	"{s2:40→1 / s3:2→1, s2:2→1 / s3:36→1}"
39	21	47	222	1	1	0	0	0	0	0	0	"s1:1→1, 39→1 / s2:1→1"	"s2:2→1"
39	21	47	229	2	0	0	0	0	0	0	0	"s1:39→1 / s2:1→1"	"s1:2→1 / s2:36→1"
39	21	48	229	2	0	0	0	0	0	0	0	"s1:1→1 / s2:1→5"	"s1:2→1 / s2:36→1"
39	21	49	216	0	2	0	0	0	0	0	0	"s1:1→1, 39→1 / s2:1→2"	""
39	21	49	221	2	1	0	0	0	0	0	0	"s1:1→1 / s2:39→1 / s3:39→2"	"s2:40→1 / s3:2→1"
39	21	50	215	1	2	0	0	0	0	0	0	"s1:39→1 / s2:1→1 / s3:1→3"	"s3:36→1"
39	21	50	220	3	1	0	0	0	0	0	0	"s1:39→1 / s3:1→1 / s4:1→4"	"s2:2→1 / s3:40→1 / s4:36→1"
39	21	50	221	2	1	0	0	0	0	0	0	"{s1:1→1 / s3:1→2, s1:39→1 / s3:1→1}"	"{s2:2→1 / s3:36→1, s2:2→1 / s3:40→1}"
39	21	51	221	2	1	0	0	0	0	0	0	"s1:1→1 / s2:39→1 / s3:1→1, 39→3"	"s2:2→1 / s3:40→1"
39	21	51	222	2	1	0	0	0	0	0	0	"s1:1→1 / s2:39→1 / s3:1→2"	"s2:40→1 / s3:36→1"
39	21	51	223	1	1	0	0	0	0	0	0	"s1:1→1, 39→1 / s2:1→3"	"s2:40→1"
39	21	53	202	1	0	1	0	0	0	0	0	"s1:1→1 / s2:39→5"	"s2:2→1"
39	21	54	222	1	1	0	0	0	0	0	0	"s1:1→2 / s2:1→1, 39→1"	"s2:2→1"
39	21	57	223	1	1	0	0	0	0	0	0	"s1:1→2 / s2:1→4"	"s2:36→1"
39	21	60	220	3	1	0	0	0	0	0	0	"s1:39→1 / s3:1→1 / s4:1→5"	"s2:2→1 / s3:40→1 / s4:36→1"
39	21	60	221	2	1	0	0	0	0	0	0	"s1:39→1 / s3:1→5"	"s2:2→1 / s3:36→1"
39	21	61	195	1	1	1	0	0	0	0	0	"s1:1→1 / s2:39→1 / s3:1→1"	"s3:41→1"
39	21	63	215	1	2	0	0	0	0	0	0	"s1:39→1 / s2:1→1 / s3:1→1"	"s3:36→1"
39	21	66	203	1	0	1	0	0	0	0	0	"s1:1→1"	"s2:36→1"
39	21	66	223	1	1	0	0	0	0	0	0	"s1:1→1, 39→1 / s2:1→4"	"s2:40→1"
39	21	68	195	1	1	1	0	0	0	0	0	"s1:1→1 / s2:39→1"	"s3:36→1"
39	21	72	215	1	2	0	0	0	0	0	0	"s1:39→1 / s2:1→1 / s3:1→4"	"s3:36→1"
39	21	74	220	3	1	0	0	0	0	0	0	"s1:39→1 / s3:1→1 / s4:1→3"	"s2:2→1 / s3:40→1 / s4:36→1"
39	21	77	203	1	0	1	0	0	0	0	0	"s1:1→1 / s2:39→1"	"s2:36→1"
39	21	81	214	2	2	0	0	0	0	0	0	"s1:39→1 / s2:1→1 / s3:1→1 / s4:1→4"	"s3:40→1 / s4:36→1"
39	21	81	215	1	2	0	0	0	0	0	0	"s1:39→1 / s2:1→1 / s3:1→1"	"s3:40→1"
39	21	81	223	1	1	0	0	0	0	0	0	"s1:1→1, 39→1 / s2:1→5"	"s2:40→1"
39	21	86	203	1	0	1	0	0	0	0	0	"s1:1→1 / s2:39→2"	"s2:36→1"
39	21	86	222	1	1	0	0	0	0	0	0	"s1:1→1, 39→1 / s2:1→2"	"s2:2→1"
39	21	88	214	2	2	0	0	0	0	0	0	"s1:39→1 / s2:1→1 / s3:1→1 / s4:1→5"	"s3:40→1 / s4:36→1"
39	21	88	215	1	2	0	0	0	0	0	0	"s1:39→1 / s2:1→1 / s3:1→5"	"s3:36→1"
39	21	89	223	1	1	0	0	0	0	0	0	"s1:1→1 / s2:1→1, 39→4"	"s2:40→1"
39	21	92	203	1	0	1	0	0	0	0	0	"s1:1→1 / s2:39→3"	"s2:36→1"
39	21	96	203	1	0	1	0	0	0	0	0	"s1:1→1 / s2:39→4"	"s2:36→1"
39	21	97	221	2	1	0	0	0	0	0	0	"s1:1→1 / s2:39→1 / s3:1→1, 39→1"	"s2:40→1 / s3:2→1"
39	21	98	223	1	1	0	0	0	0	0	0	"s1:39→1 / s2:1→2"	"s2:40→1"
39	21	99	203	1	0	1	0	0	0	0	0	"s1:1→1 / s2:39→5"	"s2:36→1"
39	21	105	221	2	1	0	0	0	0	0	0	"s1:39→1 / s3:1→2"	"s2:2→1 / s3:40→1"
39	21	108	214	2	2	0	0	0	0	0	0	"s1:39→1 / s2:1→1 / s3:1→1 / s4:1→3"	"s3:40→1 / s4:36→1"
39	21	111	194	1	1	1	0	0	0	0	0	"s1:1→1 / s2:39→1"	"s3:2→1"
39	21	112	222	1	1	0	0	0	0	0	0	"s1:1→1, 39→1 / s2:1→3"	"s2:2→1"
39	21	115	229	2	0	0	0	0	0	0	0	"s2:1→2, 39→3"	"s1:2→1 / s2:36→1"
39	21	117	223	1	1	0	0	0	0	0	0	"s1:1→1 / s2:1→1, 39→2"	"s2:36→1"
39	21	120	215	1	2	0	0	0	0	0	0	"s1:39→1 / s2:1→1 / s3:1→2"	"s3:40→1"
39	21	121	214	1	2	0	0	0	0	0	0	"s1:39→1 / s2:1→1"	"s3:2→1"
39	21	123	222	2	1	0	0	0	0	0	0	"s1:1→1 / s2:39→1 / s3:1→1, 39→2"	"s2:40→1 / s3:36→1"
39	21	124	221	2	1	0	0	0	0	0	0	"s1:1→1 / s2:39→1 / s3:1→2, 39→3"	"s2:2→1 / s3:36→1"
39	21	124	223	1	1	0	0	0	0	0	0	"s1:39→1 / s2:1→3"	"s2:40→1"
39	21	125	213	2	2	0	0	0	0	0	0	"{s1:39→1 / s2:1→1 / s4:1→1, s1:39→1 / s2:1→1 / s4:1→2}"	"{s3:2→1 / s4:40→1, s3:2→1 / s4:40→1}"
39	21	125	221	2	1	0	0	0	0	0	0	"s1:39→1 / s3:1→3"	"s2:2→1 / s3:40→1"
39	21	125	222	1	1	0	0	0	0	0	0	"s1:1→1, 39→1 / s2:1→4"	"s2:2→1"
39	21	128	213	2	2	0	0	0	0	0	0	"s1:39→1 / s2:1→1 / s4:1→5"	"s3:2→1 / s4:36→1"
39	21	133	213	2	2	0	0	0	0	0	0	"s1:39→1 / s2:1→1 / s4:1→3"	"s3:2→1 / s4:40→1"
39	21	133	215	1	2	0	0	0	0	0	0	"s1:39→1 / s2:1→1 / s3:1→3"	"s3:40→1"
39	21	133	222	1	1	0	0	0	0	0	0	"s1:1→1, 39→1 / s2:1→5"	"s2:2→1"
39	21	133	222	2	1	0	0	0	0	0	0	"s1:1→1 / s2:39→1 / s3:1→4, 39→1"	"s2:40→1 / s3:36→1"
39	21	134	221	2	1	0	0	0	0	0	0	"s1:39→1 / s3:1→4"	"s2:2→1 / s3:40→1"
39	21	134	223	1	1	0	0	0	0	0	0	"s1:39→1 / s2:1→4"	"s2:40→1"
39	21	138	208	0	3	0	0	0	0	0	0	"s1:39→1 / s2:1→1 / s3:1→1"	""
39	21	139	213	2	2	0	0	0	0	0	0	"s1:39→1 / s2:1→1 / s4:1→4"	"s3:2→1 / s4:40→1"
39	21	139	215	1	2	0	0	0	0	0	0	"s1:39→1 / s2:1→1 / s3:1→4"	"s3:40→1"
39	21	140	206	1	3	0	0	0	0	0	0	"s1:39→1 / s2:1→1 / s3:1→1"	"s4:2→1"
39	21	140	221	2	1	0	0	0	0	0	0	"s1:39→1 / s3:1→5"	"s2:2→1 / s3:40→1"
39	21	140	223	1	1	0	0	0	0	0	0	"s1:39→1 / s2:1→5"	"s2:40→1"
39	21	142	215	1	2	0	0	0	0	0	0	"s1:39→1 / s2:1→1 / s3:1→5"	"s3:40→1"
39	21	142	221	2	1	0	0	0	0	0	0	"s1:39→1 / s2:1→1 / s3:1→4"	"s2:2→1 / s3:40→1"
39	21	142	222	1	1	0	0	0	0	0	0	"s1:39→1 / s2:1→1"	"s2:2→1"
39	21	143	213	2	2	0	0	0	0	0	0	"s1:39→1 / s2:1→1 / s4:1→5"	"s3:2→1 / s4:40→1"
39	21	143	221	2	1	0	0	0	0	0	0	"s1:39→1 / s2:1→1 / s3:1→5"	"s2:2→1 / s3:40→1"
39	21	145	214	1	2	0	0	0	0	0	0	"s1:39→1 / s2:1→1 / s3:1→1"	"s3:2→1"
39	21	145	221	2	1	0	0	0	0	0	0	"s1:39→1 / s2:1→1 / s3:1→3"	"s2:2→1 / s3:40→1"
39	21	145	223	1	1	0	0	0	0	0	0	"s1:1→2, 39→1 / s2:1→2"	"s2:36→1"
39	21	148	207	1	3	0	0	0	0	0	0	"s1:39→1 / s2:1→1 / s3:1→1 / s4:1→1"	"s4:40→1"
39	21	149	222	1	1	0	0	0	0	0	0	"s1:39→1 / s2:1→2"	"s2:2→1"
39	21	150	213	2	2	0	0	0	0	0	0	"s1:39→1 / s2:1→1 / s4:1→4"	"s3:2→1 / s4:36→1"
39	21	150	214	1	2	0	0	0	0	0	0	"{s1:39→1 / s2:1→1 / s3:1→2, s1:39→1 / s2:1→2}"	"{s3:2→1, s3:2→1}"
39	21	150	215	1	2	0	0	0	0	0	0	"{s1:39→1 / s2:1→1 / s3:1→1, s1:39→1 / s2:1→2 / s3:1→4}"	"{s3:41→1, s3:40→1}"
39	21	150	216	0	2	0	0	0	0	0	0	"s1:39→1 / s2:1→2"	""
39	21	151	213	2	2	0	0	0	0	0	0	"s1:39→1 / s2:1→1 / s4:1→1"	"s3:2→1 / s4:41→1"
39	21	151	214	1	2	0	0	0	0	0	0	"s1:39→1 / s2:1→2 / s3:1→1"	"s3:2→1"
39	21	151	229	2	0	0	0	0	0	0	0	"s2:1→1, 39→1"	"s1:2→1 / s2:36→1"
39	21	152	208	0	3	0	0	0	0	0	0	"s1:39→1 / s2:1→1 / s3:1→2"	""
39	21	152	214	1	2	0	0	0	0	0	0	"s1:39→1 / s2:1→1 / s3:1→3"	"s3:2→1"
39	21	152	222	1	1	0	0	0	0	0	0	"s1:39→1 / s2:1→3"	"s2:2→1"
39	21	152	222	2	1	0	0	0	0	0	0	"s1:39→1 / s2:1→2 / s3:1→5"	"s2:40→1 / s3:36→1"
39	21	152	229	2	0	0	0	0	0	0	0	"s1:1→1 / s2:1→4"	"s1:2→1 / s2:36→1"
39	21	153	214	1	2	0	0	0	0	0	0	"{s1:1→1 / s2:1→1 / s3:39→1, s1:39→1 / s2:1→1 / s3:1→4}"	"{s3:2→1, s3:2→1}"
39	21	153	215	1	2	0	0	0	0	0	0	"s1:39→1 / s2:1→2 / s3:1→3"	"s3:40→1"
39	21	153	222	1	1	0	0	0	0	0	0	"s1:39→1 / s2:1→4"	"s2:2→1"
39	21	154	214	1	2	0	0	0	0	0	0	"s1:39→1 / s2:1→1 / s3:1→5"	"s3:2→1"
39	21	154	215	1	2	0	0	0	0	0	0	"s1:39→1 / s2:1→1 / s3:1→2"	"s3:41→1"
39	21	154	216	0	2	0	0	0	0	0	0	"s1:39→1 / s2:1→3"	""
39	21	154	222	1	1	0	0	0	0	0	0	"s1:39→1 / s2:1→5"	"s2:2→1"
39	21	155	215	1	2	0	0	0	0	0	0	"s1:39→1 / s2:1→1 / s3:1→3"	"s3:41→1"
39	21	155	216	0	2	0	0	0	0	0	0	"s1:39→1 / s2:1→4"	""
39	21	155	221	2	1	0	0	0	0	0	0	"s1:39→1 / s2:1→2 / s3:1→5"	"s2:2→1 / s3:40→1"
39	21	156	214	1	2	0	0	0	0	0	0	"s1:39→1 / s2:1→3"	"s3:2→1"
39	21	156	215	1	2	0	0	0	0	0	0	"{s1:39→1 / s2:1→1 / s3:1→4, s1:39→1 / s2:1→1 / s3:1→5}"	"{s3:41→1, s3:41→1}"
39	21	156	216	0	2	0	0	0	0	0	0	"s1:39→1 / s2:1→5"	""
39	21	157	213	2	2	0	0	0	0	0	0	"s1:39→1 / s2:1→1 / s4:1→2"	"s3:2→1 / s4:41→1"
39	21	158	221	2	1	0	0	0	0	0	0	"s1:39→1 / s2:1→1 / s3:1→2"	"s2:2→1 / s3:40→1"
39	21	159	221	2	1	0	0	0	0	0	0	"s1:39→1 / s3:1→1"	"s2:2→1 / s3:36→1"
39	21	162	221	2	1	0	0	0	0	0	0	"s1:39→1 / s2:1→2 / s3:1→4"	"s2:2→1 / s3:40→1"
39	21	163	215	1	2	0	0	0	0	0	0	"s1:39→1 / s2:1→2 / s3:1→2"	"s3:40→1"
39	21	168	213	2	2	0	0	0	0	0	0	"s1:39→1 / s2:1→1 / s3:1→1 / s4:1→2"	"s3:2→1 / s4:40→1"
39	21	170	221	2	1	0	0	0	0	0	0	"s1:1→1 / s2:39→1 / s3:1→2, 39→1"	"s2:2→1 / s3:40→1"
39	21	171	221	2	1	0	0	0	0	0	0	"s1:39→1 / s2:1→3 / s3:1→5"	"s2:2→1 / s3:40→1"
39	21	176	221	2	1	0	0	0	0	0	0	"s1:39→1 / s2:1→2 / s3:1→3"	"s2:2→1 / s3:40→1"
39	21	184	221	2	1	0	0	0	0	0	0	"s1:39→1 / s2:1→3 / s3:1→4"	"s2:2→1 / s3:40→1"
39	21	188	221	2	1	0	0	0	0	0	0	"s1:39→1 / s2:1→4 / s3:1→5"	"s2:2→1 / s3:40→1"
39	21	192	220	3	1	0	0	0	0	0	0	"s1:39→1 / s3:1→2 / s4:1→5"	"s2:2→1 / s3:40→1 / s4:36→1"
39	22	39	179	0	0	0	1	0	0	0	0	"s1:1→1"	""
39	22	39	203	0	0	1	0	0	0	0	0	"s1:1→1"	""
39	22	39	223	0	1	0	0	0	0	0	0	"s1:1→1"	""
39	22	39	229	1	0	0	0	0	0	0	0	""	"s1:2→1"
39	22	41	221	1	1	0	0	0	0	0	0	"{s1:1→1 / s2:1→1, 38→1, s1:1→1 / s2:1→2, 38→1, s1:1→1 / s2:1→3, 38→2}"	"{s2:2→1, s2:2→1, s2:2→1}"
39	22	41	222	1	1	0	0	0	0	0	0	"s1:1→1 / s2:1→2, 38→1"	"s2:40→1"
39	22	41	229	1	0	0	0	0	0	0	0	"{s1:1→1, 38→1, s1:1→2, 38→1, s1:1→3, 38→1, s1:1→3, 38→2, s1:1→4, 38→1}"	"{s1:2→1, s1:2→1, s1:2→1, s1:2→1, s1:2→1}"
39	22	42	201	1	0	1	0	0	0	0	0	"s1:1→1 / s2:38→1"	"s2:2→1"
39	22	42	221	1	1	0	0	0	0	0	0	"{s1:1→1 / s2:1→3, 38→1, s1:1→1 / s2:1→4, 38→1}"	"{s2:2→1, s2:2→1}"
39	22	42	222	1	1	0	0	0	0	0	0	"{s1:1→1 / s2:1→3, 38→1, s1:1→1 / s2:1→3, 38→2, s1:1→1 / s2:1→4, 38→1}"	"{s2:40→1, s2:40→1, s2:40→1}"
39	22	42	229	1	0	0	0	0	0	0	0	"{s1:1→1, 38→2, s1:1→2, 38→2, s1:1→2, 38→3, s1:38→1}"	"{s1:2→1, s1:2→1, s1:2→1, s1:2→1}"
39	22	43	221	1	1	0	0	0	0	0	0	"{s1:1→1, s1:1→1 / s2:1→2, 38→2}"	"{s2:2→1, s2:2→1}"
39	22	43	222	1	1	0	0	0	0	0	0	"s1:1→1 / s2:1→1, 38→1"	"s2:40→1"
39	22	43	229	1	0	0	0	0	0	0	0	"{s1:1→1, s1:1→1, 38→3, s1:38→2, s1:38→3}"	"{s1:2→1, s1:2→1, s1:2→1, s1:2→1}"
39	22	44	201	1	0	1	0	0	0	0	0	"s1:1→1"	"s2:2→1"
39	22	44	215	0	2	0	0	0	0	0	0	"s1:1→1 / s2:1→1"	""
39	22	44	221	1	1	0	0	0	0	0	0	"s1:1→1 / s2:1→1"	"s2:2→1"
39	22	44	229	1	0	0	0	0	0	0	0	"{s1:1→2, s1:1→3, s1:1→4, s1:1→5}"	"{s1:2→1, s1:2→1, s1:2→1, s1:2→1}"
39	22	45	213	1	2	0	0	0	0	0	0	"s1:1→1 / s2:1→1"	"s3:2→1"
39	22	45	215	0	2	0	0	0	0	0	0	"s1:1→1 / s2:1→2"	""
39	22	45	220	2	1	0	0	0	0	0	0	"{s1:1→1 / s3:1→1, s1:1→1 / s3:1→2}"	"{s2:2→1 / s3:40→1, s2:2→1 / s3:40→1}"
39	22	45	221	1	1	0	0	0	0	0	0	"{s1:1→1 / s2:1→2, s1:1→1 / s2:1→3, s1:1→1 / s2:1→4, s1:1→1 / s2:1→5, s1:1→2, s1:1→2 / s2:1→1, s1:1→3}"	"{s2:2→1, s2:2→1, s2:2→1, s2:2→1, s2:2→1, s2:2→1, s2:2→1}"
39	22	45	222	1	1	0	0	0	0	0	0	"{s1:1→1 / s2:1→1, s1:1→1 / s2:1→2, s1:1→1 / s2:1→3, s1:1→1 / s2:1→4, s1:1→1 / s2:1→5}"	"{s2:40→1, s2:40→1, s2:40→1, s2:40→1, s2:40→1}"
39	22	45	223	0	1	0	0	0	0	0	0	"{s1:1→2, s1:1→3, s1:1→4, s1:1→5}"	""
39	22	46	201	1	0	1	0	0	0	0	0	"s1:1→1 / s2:38→2"	"s2:2→1"
39	22	53	201	1	0	1	0	0	0	0	0	"s1:1→1 / s2:38→3"	"s2:2→1"
39	22	58	222	1	1	0	0	0	0	0	0	"s1:1→1 / s2:1→2, 38→2"	"s2:40→1"
39	22	147	221	1	1	0	0	0	0	0	0	"s1:1→1 / s2:1→2, 38→3"	"s2:2→1"
39	22	163	221	1	1	0	0	0	0	0	0	"s1:1→1 / s2:1→1, 38→2"	"s2:2→1"
39	22	191	222	1	1	0	0	0	0	0	0	"s1:1→1 / s2:1→2, 38→3"	"s2:40→1"
39	23	42	203	0	1	0	0	0	0	0	0	"s1:3→1, 37→1"	""
39	23	42	209	1	0	0	0	0	0	0	0	"{s1:3→1, s1:3→1, 37→1, s1:3→1, 37→2, s1:3→2, 37→1, s1:3→2, 37→2, s1:3→3, 37→1, s1:3→3, 37→2, s1:3→4, 37→1}"	"{s1:38→1, s1:38→1, s1:38→1, s1:38→1, s1:38→1, s1:38→1, s1:38→1, s1:38→1}"
39	23	43	207	2	0	0	0	0	0	0	0	"{s2:37→1, s2:37→2}"	"{s1:38→1 / s2:2→1, s1:38→1 / s2:2→1}"
39	23	43	209	1	0	0	0	0	0	0	0	"{s1:3→2, s1:3→3, s1:3→4, s1:3→5}"	"{s1:38→1, s1:38→1, s1:38→1, s1:38→1, s1:38→1}"
39	23	44	203	0	1	0	0	0	0	0	0	"s1:37→1"	""
39	23	44	209	1	0	0	0	0	0	0	0	"{s1:37→1, s1:37→2}"	"{s1:38→1, s1:38→1}"
39	23	95	207	2	0	0	0	0	0	0	0	"s2:3→1, 37→2"	"s1:38→1 / s2:2→1"
39	24	39	98	0	0	0	0	0	0	1	0	"s1:39→1"	""
39	24	39	126	0	0	0	0	0	1	0	0	"s1:39→1"	""
39	24	39	153	0	0	0	0	1	0	0	0	"s1:39→1"	""
39	24	39	179	0	0	0	1	0	0	0	0	"s1:39→1"	""
39	24	39	203	0	0	1	0	0	0	0	0	"s1:39→1"	""
39	24	39	223	0	1	0	0	0	0	0	0	"s1:39→1"	""
39	24	43	203	0	0	1	0	0	0	0	0	"s1:39→2"	""
39	24	43	207	0	3	0	0	0	0	0	0	"s1:39→1 / s2:39→1 / s3:39→1"	""
39	24	43	214	1	2	0	0	0	0	0	0	"{s1:39→1 / s2:39→1 / s3:39→1, s1:39→1 / s2:39→1 / s3:39→2, s1:39→1 / s2:39→1 / s3:39→3, s1:39→1 / s2:39→1 / s3:39→4, s1:39→1 / s2:39→1 / s3:39→5, s1:39→1 / s2:39→2 / s3:39→1}"	"{s3:41→1, s3:41→1, s3:41→1, s3:41→1, s3:41→1, s3:40→1}"
39	24	43	215	0	2	0	0	0	0	0	0	"{s1:39→1 / s2:39→1, s1:39→1 / s2:39→2, s1:39→1 / s2:39→3, s1:39→1 / s2:39→4, s1:39→1 / s2:39→5, s1:39→2 / s2:39→2}"	""
39	24	43	220	2	1	0	0	0	0	0	0	"{s1:39→1 / s2:39→1 / s3:39→1, s1:39→1 / s2:39→1 / s3:39→2, s1:39→1 / s2:39→1 / s3:39→3, s1:39→1 / s2:39→1 / s3:39→4, s1:39→1 / s2:39→1 / s3:39→5, s1:39→1 / s2:39→2 / s3:39→2, s1:39→1 / s2:39→2 / s3:39→3, s1:39→1 / s2:39→2 / s3:39→4}"	"{s2:40→1 / s3:40→1, s2:40→1 / s3:40→1, s2:40→1 / s3:40→1, s2:40→1 / s3:40→1, s2:40→1 / s3:40→1, s2:40→1 / s3:40→1, s2:40→1 / s3:40→1, s2:40→1 / s3:40→1}"
39	24	43	222	1	1	0	0	0	0	0	0	"{s1:39→1 / s2:39→1, s1:39→1 / s2:39→2, s1:39→1 / s2:39→3, s1:39→1 / s2:39→4, s1:39→1 / s2:39→5, s1:39→2 / s2:39→1, s1:39→2 / s2:39→2, s1:39→2 / s2:39→3, s1:39→2 / s2:39→4, s1:39→2 / s2:39→5, s1:39→3 / s2:39→1}"	"{s2:40→1, s2:40→1, s2:40→1, s2:40→1, s2:40→1, s2:40→1, s2:40→1, s2:40→1, s2:40→1, s2:40→1, s2:40→1}"
39	24	43	223	0	1	0	0	0	0	0	0	"{s1:39→2, s1:39→3, s1:39→4, s1:39→5}"	""
39	24	44	195	0	1	1	0	0	0	0	0	"s1:39→1 / s2:39→1"	""
39	25	39	182	0	0	1	0	0	0	0	0	"s1:39→1"	""
39	25	39	201	0	1	0	0	0	0	0	0	""	"s1:4→1"
39	25	39	202	0	1	0	0	0	0	0	0	"s1:39→1"	""
39	25	40	193	0	2	0	0	0	0	0	0	"s1:39→1"	"s2:4→1"
39	25	41	173	0	1	1	0	0	0	0	0	"s1:39→1"	"s2:4→1"
39	25	41	201	0	1	0	0	0	0	0	0	"s1:39→1"	"s1:4→1"
39	25	42	192	0	2	0	0	0	0	0	0	"s2:39→1"	"s1:4→1 / s2:1→1"
39	25	43	164	0	2	1	0	0	0	0	0	"s1:39→1"	"s2:4→1 / s3:1→1"
39	25	43	192	0	2	0	0	0	0	0	0	""	"s1:4→1 / s2:1→1"
39	25	44	201	1	1	0	0	0	0	0	0	"{s1:39→1 / s2:37→1, s1:39→1 / s2:37→1, 39→1}"	"{s2:40→1, s2:40→1}"
39	25	45	194	0	2	0	0	0	0	0	0	"s1:39→1 / s2:39→1"	""
39	25	45	201	1	1	0	0	0	0	0	0	"s1:39→1 / s2:39→1"	"s2:40→1"
39	25	45	202	0	1	0	0	0	0	0	0	"s1:39→2"	""
39	25	46	202	0	1	0	0	0	0	0	0	"s1:39→3"	""
39	25	49	184	0	3	0	0	0	0	0	0	"s1:39→1"	"s2:4→1 / s3:1→1"
39	25	62	185	0	3	0	0	0	0	0	0	"s1:39→1 / s2:39→1"	"s3:4→1"
39	25	63	192	1	2	0	0	0	0	0	0	"s1:39→1 / s3:37→1"	"s2:4→1 / s3:40→1"
39	25	71	192	1	2	0	0	0	0	0	0	"s1:39→1 / s3:37→1, 39→1"	"s2:4→1 / s3:40→1"
39	25	87	193	0	2	0	0	0	0	0	0	"s1:39→2"	"s2:4→1"
39	25	88	192	1	2	0	0	0	0	0	0	"s1:39→1 / s3:39→1"	"s2:4→1 / s3:40→1"
39	25	96	193	0	2	0	0	0	0	0	0	"s1:39→3"	"s2:4→1"
39	26	39	206	0	1	0	0	0	0	0	0	""	"s1:39→1"
39	26	39	207	0	1	0	0	0	0	0	0	"s1:2→1"	""
39	26	40	198	0	2	0	0	0	0	0	0	"s2:2→1"	"s1:39→1"
39	26	43	199	0	2	0	0	0	0	0	0	"s1:2→1 / s2:1→1"	""
39	26	44	207	0	1	0	0	0	0	0	0	"s1:1→1, 2→1"	""
39	26	46	190	0	3	0	0	0	0	0	0	"s2:2→1 / s3:1→1"	"s1:39→1"
39	26	91	198	0	2	0	0	0	0	0	0	"s2:1→1, 2→1"	"s1:39→1"
39	27	39	193	0	1	0	0	0	0	0	0	""	"s1:4→1"
39	27	39	201	1	0	0	0	0	0	0	0	""	"s1:39→1"
39	27	40	192	1	1	0	0	0	0	0	0	""	"s1:4→1 / s2:39→1"
39	27	43	184	0	2	0	0	0	0	0	0	""	"s1:4→1 / s2:1→1"
39	27	44	194	0	1	0	0	0	0	0	0	"s1:38→1"	""
39	27	44	201	1	0	0	0	0	0	0	0	"{s1:36→1, s1:36→1, 38→1, s1:38→1}"	"{s1:39→1, s1:39→1, s1:39→1}"
39	27	45	190	2	1	0	0	0	0	0	0	""	"s1:4→1 / s2:39→1 / s3:39→1"
39	27	47	183	1	2	0	0	0	0	0	0	""	"s1:4→1 / s2:1→1 / s3:39→1"
39	27	54	185	0	2	0	0	0	0	0	0	"s1:38→1"	"s2:4→1"
39	27	54	190	2	1	0	0	0	0	0	0	"s3:36→1"	"s1:4→1 / s2:39→1 / s3:39→1"
39	27	54	192	1	1	0	0	0	0	0	0	"s2:36→1"	"s1:4→1 / s2:39→1"
39	27	56	192	1	1	0	0	0	0	0	0	"s2:36→1, 38→1"	"s1:4→1 / s2:39→1"
39	27	62	192	1	1	0	0	0	0	0	0	"s2:38→1"	"s1:4→1 / s2:39→1"
39	28	39	182	0	0	1	0	0	0	0	0	"s1:39→1"	""
39	28	39	202	0	1	0	0	0	0	0	0	"s1:39→1"	""
39	28	44	201	1	1	0	0	0	0	0	0	"{s1:39→1 / s2:37→1, s1:39→1 / s2:37→1, 39→1}"	"{s2:40→1, s2:40→1}"
39	28	45	194	0	2	0	0	0	0	0	0	"s1:39→1 / s2:39→1"	""
39	28	45	201	1	1	0	0	0	0	0	0	"s1:39→1 / s2:39→1"	"s2:40→1"
39	28	45	202	0	1	0	0	0	0	0	0	"s1:39→2"	""
39	28	46	202	0	1	0	0	0	0	0	0	"s1:39→3"	""
39	29	39	149	0	0	0	1	0	0	0	0	"s1:1→1"	""
39	29	39	173	0	0	1	0	0	0	0	0	"{s1:1→1, s1:39→1}"	""
39	29	39	193	0	1	0	0	0	0	0	0	"{s1:1→1, s1:39→1}"	""
39	29	40	185	0	2	0	0	0	0	0	0	"s1:39→1 / s2:1→1"	""
39	29	41	145	0	0	2	0	0	0	0	0	"s1:39→1 / s2:1→1"	""
39	29	41	165	0	1	1	0	0	0	0	0	"{s1:1→1 / s2:39→1, s1:39→1 / s2:1→1}"	""
39	29	41	192	1	1	0	0	0	0	0	0	"{s1:1→1 / s2:39→1, s1:39→1 / s2:1→1}"	"{s2:40→1, s2:40→1}"
39	29	41	193	0	1	0	0	0	0	0	0	"s1:1→1, 39→1"	""
39	29	42	121	0	0	1	1	0	0	0	0	"s1:1→1 / s2:39→1"	""
39	29	42	141	0	1	0	1	0	0	0	0	"s1:1→1 / s2:39→1"	""
39	29	42	173	0	0	1	0	0	0	0	0	"s1:1→1, 39→1"	""
39	29	42	190	2	1	0	0	0	0	0	0	"{s1:1→1 / s2:39→1 / s3:1→2, 37→1, 39→2, s1:39→1 / s2:1→1 / s3:1→3, 37→1}"	"{s2:40→1 / s3:40→1, s2:40→1 / s3:40→1}"
39	29	42	192	1	1	0	0	0	0	0	0	"{s1:1→1, 39→1 / s2:1→1, 37→1, s1:1→1, 39→1 / s2:1→2, 37→1, s1:1→1, 39→1 / s2:1→2, 37→1, 39→1, s1:1→1, 39→1 / s2:1→3, 37→1, s1:1→1, 39→1 / s2:1→3, 37→1, 39→1, s1:1→1 / s2:1→1, 37→1, 39→1, s1:1→1 / s2:1→2, 37→1, 39→2, s1:39→1 / s2:1→3, 37→1, s1:39→1 / s2:1→4, 37→1}"	"{s2:40→1, s2:40→1, s2:40→1, s2:40→1, s2:40→1, s2:40→1, s2:40→1, s2:40→1, s2:40→1}"
39	29	43	164	1	1	1	0	0	0	0	0	"{s1:1→1 / s2:39→1 / s3:1→1, 37→1, s1:1→1 / s2:39→1 / s3:1→1, 37→1, 39→1, s1:39→1 / s2:1→1 / s3:1→2, 37→1, s1:39→1 / s2:1→1 / s3:1→3, 37→1}"	"{s3:41→1, s3:41→1, s3:41→1, s3:41→1}"
39	29	43	177	0	3	0	0	0	0	0	0	"s1:39→1 / s2:1→1 / s3:1→1, 39→1"	""
39	29	43	184	1	2	0	0	0	0	0	0	"{s1:1→1 / s2:1→1, 39→1 / s3:39→1, s1:1→1 / s2:1→1, 39→1 / s3:39→1, s1:39→1 / s2:1→1 / s3:1→1, 37→1, s1:39→1 / s2:1→1 / s3:1→1, 37→1, s1:39→1 / s2:1→1 / s3:1→1, 37→1, 39→1, s1:39→1 / s2:1→1 / s3:1→1, 39→1, s1:39→1 / s2:1→1 / s3:1→1, 39→1, s1:39→1 / s2:1→1 / s3:1→1, 39→2, s1:39→1 / s2:1→1 / s3:1→2, 37→1, s1:39→1 / s2:1→1 / s3:1→2, 37→1, s1:39→1 / s2:1→1 / s3:1→2, 37→1, 39→1, s1:39→1 / s2:1→1 / s3:1→2, 37→1, 39→1, s1:39→1 / s2:1→1 / s3:1→2, 37→1, 39→2, s1:39→1 / s2:1→1 / s3:1→2, 39→1, s1:39→1 / s2:1→1 / s3:1→2, 39→2, s1:39→1 / s2:1→1 / s3:1→2, 39→3, s1:39→1 / s2:1→1 / s3:1→3, 37→1, s1:39→1 / s2:1→1 / s3:1→3, 37→1, 39→1, s1:39→1 / s2:1→1 / s3:1→3, 37→1, 39→1}"	"{s3:40→1, s3:41→1, s3:40→1, s3:41→1, s3:41→1, s3:40→1, s3:41→1, s3:41→1, s3:40→1, s3:41→1, s3:40→1, s3:41→1, s3:41→1, s3:40→1, s3:41→1, s3:41→1, s3:40→1, s3:40→1, s3:41→1}"
39	29	43	185	0	2	0	0	0	0	0	0	"{s1:1→1, 39→1 / s2:1→1, 39→1, s1:1→1, 39→1 / s2:1→2, 39→1, s1:1→1 / s2:1→1, 39→1, s1:1→1 / s2:1→1, 39→2, s1:1→1 / s2:1→2, 39→2, s1:1→1 / s2:1→2, 39→3, s1:39→1 / s2:1→1, 39→1, s1:39→1 / s2:1→2, 39→1}"	""
39	29	43	190	2	1	0	0	0	0	0	0	"{s1:1→1 / s2:39→1 / s3:1→1, 37→1, s1:1→1 / s2:39→1 / s3:1→1, 37→1, 39→1, s1:1→1 / s2:39→1 / s3:1→1, 37→1, 39→2, s1:1→1 / s2:39→1 / s3:1→1, 37→1, 39→3, s1:1→1 / s2:39→1 / s3:1→1, 39→1, s1:1→1 / s2:39→1 / s3:1→1, 39→2, s1:1→1 / s2:39→1 / s3:1→1, 39→3, s1:1→1 / s2:39→1 / s3:1→2, 37→1, 39→1, s1:1→1 / s2:39→1 / s3:1→2, 39→2, s1:1→1 / s2:39→1 / s3:1→2, 39→3, s1:1→1 / s2:39→1 / s3:39→1, s1:39→1 / s2:1→1 / s3:1→1, s1:39→1 / s2:1→1 / s3:1→2, 37→1, s1:39→1 / s2:1→1 / s3:1→4, 37→1}"	"{s2:40→1 / s3:40→1, s2:40→1 / s3:40→1, s2:40→1 / s3:40→1, s2:40→1 / s3:40→1, s2:40→1 / s3:40→1, s2:40→1 / s3:40→1, s2:40→1 / s3:40→1, s2:40→1 / s3:40→1, s2:40→1 / s3:40→1, s2:40→1 / s3:40→1, s2:40→1 / s3:40→1, s2:40→1 / s3:40→1, s2:40→1 / s3:40→1, s2:40→1 / s3:40→1}"
39	29	43	192	1	1	0	0	0	0	0	0	"{s1:1→1, 39→1 / s2:1→1, s1:1→1, 39→1 / s2:1→1, 37→1, 39→1, s1:1→1, 39→1 / s2:1→1, 39→1, s1:1→1, 39→1 / s2:1→2, 39→1, s1:1→1, 39→1 / s2:1→3, 39→1, s1:1→1, 39→1 / s2:1→4, 37→1, s1:1→1, 39→1 / s2:1→4, 39→1, s1:1→1, 39→1 / s2:39→1, s1:1→1 / s2:1→1, 37→1, s1:1→1 / s2:1→1, 37→1, 39→2, s1:1→1 / s2:1→1, 37→1, 39→3, s1:1→1 / s2:1→1, 39→1, s1:1→1 / s2:1→1, 39→2, s1:1→1 / s2:1→1, 39→3, s1:1→1 / s2:1→2, 37→1, s1:1→1 / s2:1→2, 37→1, 39→1, s1:1→1 / s2:1→2, 39→2, s1:1→1 / s2:1→2, 39→3, s1:1→1 / s2:1→3, 37→1, s1:1→1 / s2:1→3, 37→1, 39→1, s1:1→1 / s2:1→3, 39→2, s1:1→2, 39→1 / s2:39→1, s1:39→1 / s2:1→1, 37→1, s1:39→1 / s2:1→1, 37→1, 39→1, s1:39→1 / s2:1→1, 39→1, s1:39→1 / s2:1→2, 37→1, s1:39→1 / s2:1→2, 37→1, 39→1, s1:39→1 / s2:1→2, 39→1, s1:39→1 / s2:1→3, 37→1, 39→1, s1:39→1 / s2:1→3, 39→1, s1:39→1 / s2:1→4, 39→1}"	"{s2:40→1, s2:40→1, s2:40→1, s2:40→1, s2:40→1, s2:40→1, s2:40→1, s2:40→1, s2:40→1, s2:40→1, s2:40→1, s2:40→1, s2:40→1, s2:40→1, s2:40→1, s2:40→1, s2:40→1, s2:40→1, s2:40→1, s2:40→1, s2:40→1, s2:40→1, s2:40→1, s2:40→1, s2:40→1, s2:40→1, s2:40→1, s2:40→1, s2:40→1, s2:40→1, s2:40→1}"
39	29	43	193	0	1	0	0	0	0	0	0	"{s1:1→1, 39→2, s1:1→1, 39→3, s1:1→2, 39→1, s1:1→2, 39→2, s1:1→2, 39→3, s1:1→3, 39→1, s1:1→3, 39→2}"	""
39	29	44	140	1	1	0	1	0	0	0	0	"{s1:1→1 / s2:39→1 / s3:37→1, s1:1→1 / s2:39→1 / s3:37→1, 39→1}"	"{s3:41→1, s3:41→1}"
39	29	44	164	1	1	1	0	0	0	0	0	"{s1:1→1 / s2:39→1 / s3:1→1, 39→1, s1:1→1 / s2:39→1 / s3:37→1, s1:39→1 / s2:1→1 / s3:1→1, 37→1, s1:39→1 / s2:1→1 / s3:1→4, 37→1}"	"{s3:41→1, s3:41→1, s3:41→1, s3:41→1}"
39	29	44	177	0	3	0	0	0	0	0	0	"s1:39→1 / s2:1→1 / s3:1→2, 39→1"	""
39	29	44	184	1	2	0	0	0	0	0	0	"{s1:39→1 / s2:1→1 / s3:1→1, 37→1, 39→1, s1:39→1 / s2:1→1 / s3:1→1, 37→1, 39→2, s1:39→1 / s2:1→1 / s3:1→3, 37→1, s1:39→1 / s2:1→1 / s3:1→3, 39→2, s1:39→1 / s2:1→1 / s3:1→4, 37→1}"	"{s3:40→1, s3:41→1, s3:41→1, s3:41→1, s3:40→1}"
39	29	44	185	0	2	0	0	0	0	0	0	"{s1:1→1 / s2:1→1, 39→3, s1:1→1 / s2:1→2, 39→1, s1:39→1 / s2:1→3, 39→1}"	""
39	29	44	190	2	1	0	0	0	0	0	0	"s1:1→1 / s2:39→1 / s3:1→1, 39→4"	"s2:40→1 / s3:40→1"
39	29	44	192	1	1	0	0	0	0	0	0	"{s1:1→1, 39→1 / s2:1→2, s1:1→1 / s2:1→1, 39→4, s1:1→1 / s2:1→2, 39→1, s1:1→1 / s2:1→3, 39→1, s1:1→1 / s2:1→4, 37→1, s1:1→1 / s2:1→4, 39→1, s1:39→1 / s2:37→1, s1:39→1 / s2:37→1, 39→1}"	"{s2:40→1, s2:40→1, s2:40→1, s2:40→1, s2:40→1, s2:40→1, s2:40→1, s2:40→1}"
39	29	44	193	0	1	0	0	0	0	0	0	"s1:1→4, 39→1"	""
39	29	45	133	0	2	0	1	0	0	0	0	"s1:1→1 / s2:39→1 / s3:39→1"	""
39	29	45	140	1	1	0	1	0	0	0	0	"s1:1→1 / s2:39→1 / s3:39→1"	"s3:41→1"
39	29	45	141	0	1	0	1	0	0	0	0	"{s1:1→1 / s2:39→2, s1:1→1 / s2:39→3}"	""
39	29	45	157	0	2	1	0	0	0	0	0	"{s1:1→1 / s2:39→1 / s3:39→1, s1:39→1 / s2:1→1 / s3:1→1}"	""
39	29	45	164	1	1	1	0	0	0	0	0	"s1:1→1 / s2:39→1 / s3:37→1, 39→1"	"s3:41→1"
39	29	45	182	2	2	0	0	0	0	0	0	"{s1:39→1 / s2:1→1 / s3:1→1 / s4:1→3, 37→1, s1:39→1 / s2:1→1 / s3:1→1 / s4:1→4, 37→1}"	"{s3:40→1 / s4:40→1, s3:40→1 / s4:40→1}"
39	29	45	184	1	2	0	0	0	0	0	0	"{s1:39→1 / s2:1→1 / s3:1→1, s1:39→1 / s2:1→1 / s3:1→1, 39→3, s1:39→1 / s2:1→1 / s3:1→2, 39→1, s1:39→1 / s2:1→1 / s3:1→3, 39→1, s1:39→1 / s2:1→1 / s3:1→4, 37→1, s1:39→1 / s2:1→1 / s3:39→1}"	"{s3:40→1, s3:41→1, s3:41→1, s3:40→1, s3:41→1, s3:41→1}"
39	29	45	185	0	2	0	0	0	0	0	0	"{s1:1→1 / s2:1→1, s1:1→1 / s2:1→2, s1:39→1 / s2:39→1}"	""
39	29	45	190	2	1	0	0	0	0	0	0	"s1:1→1 / s2:39→1 / s3:1→2, 37→1"	"s2:40→1 / s3:40→1"
39	29	45	192	1	1	0	0	0	0	0	0	"{s1:1→1, 39→1 / s2:37→1, 39→1, s1:1→1 / s2:1→1, s1:1→1 / s2:1→2, s1:1→1 / s2:1→3, s1:1→1 / s2:1→4, s1:1→1 / s2:1→5, s1:1→1 / s2:37→1, s1:39→1 / s2:39→1}"	"{s2:40→1, s2:40→1, s2:40→1, s2:40→1, s2:40→1, s2:40→1, s2:40→1, s2:40→1}"
39	29	45	193	0	1	0	0	0	0	0	0	"{s1:1→2, s1:1→3, s1:1→4, s1:1→5, s1:39→2, s1:39→3}"	""
39	29	46	164	1	1	1	0	0	0	0	0	"{s1:1→1 / s2:39→1 / s3:1→1, s1:1→1 / s2:39→1 / s3:39→1, s1:39→1 / s2:1→1 / s3:1→1}"	"{s3:41→1, s3:41→1, s3:41→1}"
39	29	46	165	0	1	1	0	0	0	0	0	"{s1:1→1 / s2:39→2, s1:39→1 / s2:1→2}"	""
39	29	46	182	2	2	0	0	0	0	0	0	"{s1:39→1 / s2:1→1 / s3:1→1 / s4:1→1, s1:39→1 / s2:1→1 / s3:39→1 / s4:1→1, 37→1, 39→1}"	"{s3:40→1 / s4:40→1, s3:41→1 / s4:41→1}"
39	29	46	183	2	2	0	0	0	0	0	0	"s1:39→1 / s2:1→1 / s3:1→1 / s4:1→1, 39→1"	"s3:40→1 / s4:41→1"
39	29	46	184	1	2	0	0	0	0	0	0	"s1:39→1 / s2:1→1 / s3:1→1, 37→1, 39→3"	"s3:41→1"
39	29	46	185	0	2	0	0	0	0	0	0	"{s1:1→1, 39→1 / s2:1→2, s1:39→1 / s2:1→4, 39→1}"	""
39	29	46	192	1	1	0	0	0	0	0	0	"{s1:1→1, 39→1 / s2:1→3, s1:1→1, 39→1 / s2:37→1}"	"{s2:40→1, s2:40→1}"
39	29	47	157	0	2	1	0	0	0	0	0	"s1:39→1 / s2:1→1 / s3:1→2"	""
39	29	47	164	1	1	1	0	0	0	0	0	"{s1:39→1 / s2:1→1 / s3:1→2, s1:39→1 / s2:1→1 / s3:1→3, s1:39→1 / s2:1→1 / s3:1→4, s1:39→1 / s2:1→1 / s3:1→5}"	"{s3:41→1, s3:41→1, s3:41→1, s3:41→1}"
39	29	47	165	0	1	1	0	0	0	0	0	"{s1:1→1 / s2:39→3, s1:39→1 / s2:1→3, s1:39→1 / s2:1→4, s1:39→1 / s2:1→5}"	""
39	29	47	182	2	2	0	0	0	0	0	0	"s1:39→1 / s2:1→1 / s3:39→1 / s4:39→1"	"s3:41→1 / s4:41→1"
39	29	47	184	1	2	0	0	0	0	0	0	"{s1:39→1 / s2:1→1 / s3:1→4, 39→1, s1:39→1 / s2:1→1 / s3:37→1}"	"{s3:40→1, s3:41→1}"
39	29	47	190	2	1	0	0	0	0	0	0	"s1:39→1 / s2:1→1 / s3:1→1, 37→1"	"s2:40→1 / s3:40→1"
39	29	48	164	1	1	1	0	0	0	0	0	"s1:39→1 / s2:1→1 / s3:37→1"	"s3:41→1"
39	29	48	184	1	2	0	0	0	0	0	0	"{s1:39→1 / s2:1→1 / s3:1→1, 39→4, s1:39→1 / s2:1→1 / s3:1→3, 39→1}"	"{s3:41→1, s3:41→1}"
39	29	48	192	1	1	0	0	0	0	0	0	"{s1:1→1, 39→1 / s2:1→4, s1:1→1 / s2:37→1, 39→1}"	"{s2:40→1, s2:40→1}"
39	29	49	182	2	2	0	0	0	0	0	0	"s1:39→1 / s2:1→1 / s3:39→1 / s4:37→1"	"s3:41→1 / s4:41→1"
39	29	49	190	2	1	0	0	0	0	0	0	"{s1:1→1 / s2:39→1 / s3:37→1, s1:39→1 / s2:1→1 / s3:1→2}"	"{s2:40→1 / s3:40→1, s2:40→1 / s3:40→1}"
39	29	49	192	1	1	0	0	0	0	0	0	"s1:39→1 / s2:1→2"	"s2:40→1"
39	29	51	190	2	1	0	0	0	0	0	0	"s1:1→1 / s2:39→1 / s3:39→2"	"s2:40→1 / s3:40→1"
39	29	51	192	1	1	0	0	0	0	0	0	"s1:1→1 / s2:39→2"	"s2:40→1"
39	29	52	192	1	1	0	0	0	0	0	0	"s1:1→1, 39→1 / s2:1→5"	"s2:40→1"
39	29	54	190	2	1	0	0	0	0	0	0	"s1:39→1 / s2:1→2 / s3:1→2"	"s2:40→1 / s3:40→1"
39	29	55	184	1	2	0	0	0	0	0	0	"s1:39→1 / s2:1→1 / s3:1→4, 39→1"	"s3:41→1"
39	29	56	184	1	2	0	0	0	0	0	0	"s1:39→1 / s2:1→1 / s3:37→1, 39→1"	"s3:41→1"
39	29	56	190	2	1	0	0	0	0	0	0	"s1:1→1 / s2:39→2 / s3:1→1, 39→4"	"s2:40→1 / s3:40→1"
39	29	57	190	2	1	0	0	0	0	0	0	"s1:1→1 / s2:39→2 / s3:39→2"	"s2:40→1 / s3:40→1"
39	29	58	192	1	1	0	0	0	0	0	0	"s1:1→1 / s2:37→1, 39→2"	"s2:40→1"
39	29	59	190	2	1	0	0	0	0	0	0	"s1:1→1 / s2:39→2 / s3:37→1, 39→2"	"s2:40→1 / s3:40→1"
39	29	60	190	2	1	0	0	0	0	0	0	"s1:1→1 / s2:39→1 / s3:37→1, 39→1"	"s2:40→1 / s3:40→1"
39	29	63	184	1	2	0	0	0	0	0	0	"s1:39→1 / s2:1→1 / s3:1→2"	"s3:40→1"
39	29	66	182	2	2	0	0	0	0	0	0	"s1:39→1 / s2:1→1 / s3:1→2 / s4:1→2"	"s3:40→1 / s4:40→1"
39	29	68	182	2	2	0	0	0	0	0	0	"s1:39→1 / s2:1→1 / s3:1→1 / s4:1→2"	"s3:40→1 / s4:40→1"
39	29	68	184	1	2	0	0	0	0	0	0	"s1:39→1 / s2:1→1 / s3:39→2"	"s3:41→1"
39	29	69	192	1	1	0	0	0	0	0	0	"s1:39→1 / s2:1→3"	"s2:40→1"
39	29	70	184	1	2	0	0	0	0	0	0	"s1:39→1 / s2:1→1 / s3:37→1, 39→2"	"s3:41→1"
39	29	70	190	2	1	0	0	0	0	0	0	"s1:39→1 / s2:1→2 / s3:1→3"	"s2:40→1 / s3:40→1"
39	29	70	192	1	1	0	0	0	0	0	0	"s1:1→1 / s2:37→1, 39→3"	"s2:40→1"
39	29	72	182	2	2	0	0	0	0	0	0	"s1:39→1 / s2:1→1 / s3:39→1 / s4:37→1, 39→1"	"s3:41→1 / s4:41→1"
39	29	72	190	2	1	0	0	0	0	0	0	"s1:39→1 / s2:1→3 / s3:1→3"	"s2:40→1 / s3:40→1"
39	29	75	177	0	3	0	0	0	0	0	0	"s1:39→1 / s2:1→1 / s3:1→1"	""
39	29	75	192	1	1	0	0	0	0	0	0	"s1:1→1 / s2:39→3"	"s2:40→1"
39	29	76	176	1	3	0	0	0	0	0	0	"s1:39→1 / s2:1→1 / s3:1→1 / s4:1→1"	"s4:40→1"
39	29	76	190	2	1	0	0	0	0	0	0	"s1:1→1 / s2:39→2 / s3:39→3"	"s2:40→1 / s3:40→1"
39	29	78	184	1	2	0	0	0	0	0	0	"s1:39→1 / s2:1→1 / s3:1→3"	"s3:40→1"
39	29	79	190	2	1	0	0	0	0	0	0	"s1:1→1 / s2:39→3 / s3:39→3"	"s2:40→1 / s3:40→1"
39	29	79	192	1	1	0	0	0	0	0	0	"s1:1→1 / s2:37→1, 39→4"	"s2:40→1"
39	29	80	184	1	2	0	0	0	0	0	0	"s1:39→1 / s2:1→1 / s3:37→1, 39→3"	"s3:41→1"
39	29	80	190	2	1	0	0	0	0	0	0	"{s1:1→1 / s2:39→1 / s3:1→2, 39→1, s1:1→1 / s2:39→3 / s3:37→1, 39→4}"	"{s2:40→1 / s3:40→1, s2:40→1 / s3:40→1}"
39	29	81	190	2	1	0	0	0	0	0	0	"s1:39→1 / s2:1→3 / s3:1→4"	"s2:40→1 / s3:40→1"
39	29	81	192	1	1	0	0	0	0	0	0	"s1:39→1 / s2:1→4"	"s2:40→1"
39	29	82	190	2	1	0	0	0	0	0	0	"{s1:1→1 / s2:39→2 / s3:37→1, 39→3, s1:39→1 / s2:1→4 / s3:1→4}"	"{s2:40→1 / s3:40→1, s2:40→1 / s3:40→1}"
39	29	83	177	0	3	0	0	0	0	0	0	"s1:39→1 / s2:39→1 / s3:1→1"	""
39	29	83	190	2	1	0	0	0	0	0	0	"s1:1→1 / s2:39→3 / s3:37→1, 39→3"	"s2:40→1 / s3:40→1"
39	29	85	184	1	2	0	0	0	0	0	0	"{s1:39→1 / s2:1→1 / s3:1→4, s1:39→1 / s2:1→1 / s3:37→1, s1:39→1 / s2:1→1 / s3:39→3}"	"{s3:40→1, s3:40→1, s3:41→1}"
39	29	86	184	1	2	0	0	0	0	0	0	"s1:39→1 / s2:1→1 / s3:37→1, 39→4"	"s3:41→1"
39	29	87	190	2	1	0	0	0	0	0	0	"s1:39→1 / s2:1→4 / s3:1→5"	"s2:40→1 / s3:40→1"
39	29	87	192	1	1	0	0	0	0	0	0	"s1:39→1 / s2:1→5"	"s2:40→1"
39	29	88	190	2	1	0	0	0	0	0	0	"s1:39→1 / s2:1→5 / s3:1→5"	"s2:40→1 / s3:40→1"
39	29	88	192	1	1	0	0	0	0	0	0	"s1:1→1 / s2:39→4"	"s2:40→1"
39	29	89	190	2	1	0	0	0	0	0	0	"s1:1→1 / s2:39→3 / s3:39→4"	"s2:40→1 / s3:40→1"
39	29	90	184	1	2	0	0	0	0	0	0	"s1:39→1 / s2:1→1 / s3:1→5"	"s3:40→1"
39	29	90	190	2	1	0	0	0	0	0	0	"{s1:1→1 / s2:39→4 / s3:39→4, s1:39→1 / s2:1→2 / s3:1→4}"	"{s2:40→1 / s3:40→1, s2:40→1 / s3:40→1}"
39	29	91	190	2	1	0	0	0	0	0	0	"s1:39→1 / s2:1→1 / s3:1→3"	"s2:40→1 / s3:40→1"
39	29	92	190	2	1	0	0	0	0	0	0	"s1:39→1 / s2:1→3 / s3:1→5"	"s2:40→1 / s3:40→1"
39	29	93	184	1	2	0	0	0	0	0	0	"s1:39→1 / s2:1→1 / s3:37→1, 39→1"	"s3:40→1"
39	29	94	184	1	2	0	0	0	0	0	0	"s1:39→1 / s2:1→1 / s3:39→4"	"s3:41→1"
39	29	95	192	1	1	0	0	0	0	0	0	"s1:1→1 / s2:39→5"	"s2:40→1"
39	29	97	184	1	2	0	0	0	0	0	0	"s1:39→1 / s2:1→2 / s3:1→4"	"s3:40→1"
39	29	97	185	0	2	0	0	0	0	0	0	"s1:39→1 / s2:1→2"	""
39	29	98	184	1	2	0	0	0	0	0	0	"{s1:39→1 / s2:1→1 / s3:1→1, s1:39→1 / s2:1→2 / s3:1→3}"	"{s3:41→1, s3:40→1}"
39	29	100	177	0	3	0	0	0	0	0	0	"s1:39→1 / s2:1→1 / s3:1→2"	""
39	29	100	190	2	1	0	0	0	0	0	0	"s1:1→1 / s2:39→2 / s3:39→4"	"s2:40→1 / s3:40→1"
39	29	102	190	2	1	0	0	0	0	0	0	"{s1:1→1 / s2:39→1 / s3:37→1, 39→2, s1:1→1 / s2:39→1 / s3:39→3, s1:1→1 / s2:39→3 / s3:39→5}"	"{s2:40→1 / s3:40→1, s2:40→1 / s3:40→1, s2:40→1 / s3:40→1}"
39	29	103	185	0	2	0	0	0	0	0	0	"s1:39→1 / s2:1→3"	""
39	29	104	184	1	2	0	0	0	0	0	0	"s1:39→1 / s2:1→1 / s3:1→2"	"s3:41→1"
39	29	105	184	1	2	0	0	0	0	0	0	"s1:39→1 / s2:1→1 / s3:1→3"	"s3:41→1"
39	29	105	185	0	2	0	0	0	0	0	0	"{s1:39→1 / s2:1→4, s1:39→1 / s2:1→5}"	""
39	29	105	190	2	1	0	0	0	0	0	0	"s1:1→1 / s2:39→2 / s3:37→1, 39→4"	"s2:40→1 / s3:40→1"
39	29	106	184	1	2	0	0	0	0	0	0	"{s1:39→1 / s2:1→1 / s3:1→4, s1:39→1 / s2:1→1 / s3:1→5, s1:39→1 / s2:1→2 / s3:1→2}"	"{s3:41→1, s3:41→1, s3:40→1}"
39	29	107	182	2	2	0	0	0	0	0	0	"s1:39→1 / s2:1→1 / s3:1→1 / s4:1→3"	"s3:40→1 / s4:40→1"
39	29	107	185	0	2	0	0	0	0	0	0	"s1:39→2 / s2:1→1"	""
39	29	107	190	2	1	0	0	0	0	0	0	"s1:1→1 / s2:39→2 / s3:1→1, 37→1, 39→3"	"s2:40→1 / s3:40→1"
39	29	108	184	1	2	0	0	0	0	0	0	"s1:39→1 / s2:1→1 / s3:39→1"	"s3:40→1"
39	29	109	190	2	1	0	0	0	0	0	0	"s1:39→1 / s2:1→2 / s3:1→5"	"s2:40→1 / s3:40→1"
39	29	114	185	0	2	0	0	0	0	0	0	"s1:39→3 / s2:1→1"	""
39	29	122	190	2	1	0	0	0	0	0	0	"s1:1→1 / s2:39→2 / s3:39→5"	"s2:40→1 / s3:40→1"
39	29	126	190	2	1	0	0	0	0	0	0	"s1:39→1 / s2:1→1 / s3:1→4"	"s2:40→1 / s3:40→1"
39	29	131	176	1	3	0	0	0	0	0	0	"s1:39→1 / s2:39→1 / s3:1→1 / s4:37→1"	"s4:42→1"
39	29	137	182	2	2	0	0	0	0	0	0	"s1:39→1 / s2:1→1 / s3:1→1 / s4:1→4"	"s3:40→1 / s4:40→1"
39	29	138	190	2	1	0	0	0	0	0	0	"s1:1→1 / s2:39→1 / s3:37→1, 39→3"	"s2:40→1 / s3:40→1"
39	29	144	190	2	1	0	0	0	0	0	0	"s1:1→1 / s2:39→1 / s3:39→4"	"s2:40→1 / s3:40→1"
39	29	151	184	1	2	0	0	0	0	0	0	"s1:39→1 / s2:1→2 / s3:1→1"	"s3:40→1"
39	29	151	190	2	1	0	0	0	0	0	0	"s1:39→1 / s2:1→1 / s3:1→5"	"s2:40→1 / s3:40→1"
39	29	155	183	2	2	0	0	0	0	0	0	"s1:39→1 / s2:1→1 / s3:1→1 / s4:1→1"	"s3:41→1 / s4:40→1"
39	29	159	182	2	2	0	0	0	0	0	0	"s1:39→1 / s2:1→1 / s3:1→1 / s4:1→5"	"s3:40→1 / s4:40→1"
39	29	162	190	2	1	0	0	0	0	0	0	"s1:1→1 / s2:39→2 / s3:1→1, 39→3"	"s2:40→1 / s3:40→1"
39	29	165	190	2	1	0	0	0	0	0	0	"s1:1→1 / s2:39→1 / s3:37→1, 39→4"	"s2:40→1 / s3:40→1"
39	29	176	190	2	1	0	0	0	0	0	0	"s1:1→1 / s2:39→1 / s3:39→5"	"s2:40→1 / s3:40→1"
39	31	39	207	0	1	0	0	0	0	0	0	"s1:39→1"	""
39	31	43	199	0	2	0	0	0	0	0	0	"s1:39→1 / s2:37→1"	""
39	31	44	207	0	1	0	0	0	0	0	0	"s1:37→1, 39→1"	""
39	34	39	201	1	0	0	0	0	0	0	0	""	"s1:39→1"
39	34	43	199	2	0	0	0	0	0	0	0	""	"s1:39→1 / s2:39→1"
39	34	44	194	0	1	0	0	0	0	0	0	"s1:38→1"	""
39	34	44	199	2	0	0	0	0	0	0	0	"s2:36→1"	"s1:39→1 / s2:39→1"
39	34	44	201	1	0	0	0	0	0	0	0	"{s1:36→1, s1:36→1, 38→1, s1:38→1}"	"{s1:39→1, s1:39→1, s1:39→1}"
39	35	39	182	0	0	1	0	0	0	0	0	"s1:39→1"	""
39	35	39	202	0	1	0	0	0	0	0	0	"s1:39→1"	""
39	35	44	201	1	1	0	0	0	0	0	0	"{s1:39→1 / s2:37→1, s1:39→1 / s2:37→1, 39→1}"	"{s2:40→1, s2:40→1}"
39	35	45	194	0	2	0	0	0	0	0	0	"s1:39→1 / s2:39→1"	""
39	35	45	201	1	1	0	0	0	0	0	0	"s1:39→1 / s2:39→1"	"s2:40→1"
39	35	45	202	0	1	0	0	0	0	0	0	"{s1:39→2, s1:39→3}"	""
39	37	39	182	0	0	1	0	0	0	0	0	"s1:1→1"	""
39	37	39	202	0	1	0	0	0	0	0	0	"s1:1→1"	""
39	37	44	201	1	1	0	0	0	0	0	0	"{s1:1→1 / s2:1→1, 3→1, s1:1→1 / s2:3→1}"	"{s2:40→1, s2:40→1}"
39	37	45	194	0	2	0	0	0	0	0	0	"s1:1→1 / s2:1→1"	""
39	37	45	201	1	1	0	0	0	0	0	0	"s1:1→1 / s2:1→1"	"s2:40→1"
39	37	45	202	0	1	0	0	0	0	0	0	"{s1:1→2, s1:1→3}"	""
39	38	39	149	0	1	0	0	0	0	0	0	"s1:1→1"	""
39	38	43	148	1	1	0	0	0	0	0	0	"s1:1→1 / s2:39→1"	"s2:40→1"
39	39	39	177	0	1	0	0	0	0	0	0	"s1:39→1"	""
39	39	42	176	1	1	0	0	0	0	0	0	"s1:39→1 / s2:1→1"	"s2:40→1"
39	39	43	168	1	2	0	0	0	0	0	0	"s1:39→1 / s2:37→1 / s3:1→1"	"s3:41→1"
39	39	43	169	0	2	0	0	0	0	0	0	"s1:39→1 / s2:37→1"	""
39	39	43	176	1	1	0	0	0	0	0	0	"{s1:39→1 / s2:1→1, 37→1, s1:39→1 / s2:1→1, 37→2, s1:39→1 / s2:1→1, 37→3}"	"{s2:40→1, s2:40→1, s2:40→1}"
39	39	44	176	1	1	0	0	0	0	0	0	"{s1:37→1, 39→1 / s2:1→1, s1:39→1 / s2:1→1, 37→4, s1:39→1 / s2:37→1, s1:39→1 / s2:37→2, s1:39→1 / s2:37→3, s1:39→1 / s2:37→4, s1:39→1 / s2:37→5}"	"{s2:40→1, s2:40→1, s2:40→1, s2:40→1, s2:40→1, s2:40→1, s2:40→1}"
39	39	44	177	0	1	0	0	0	0	0	0	"s1:37→1, 39→1"	""
39	41	39	150	0	1	0	0	0	0	0	0	""	"s1:39→1"
39	43	39	206	0	1	0	0	0	0	0	0	""	"s1:39→1"
39	43	39	207	0	1	0	0	0	0	0	0	"s1:2→1"	""
39	43	40	198	0	2	0	0	0	0	0	0	"s2:2→1"	"s1:39→1"
39	43	43	199	0	2	0	0	0	0	0	0	"s1:2→1 / s2:1→1"	""
39	43	44	206	0	1	0	0	0	0	0	0	""	"s1:38→1"
39	43	44	207	0	1	0	0	0	0	0	0	"s1:1→1, 2→1"	""
39	43	46	190	0	3	0	0	0	0	0	0	"s2:2→1 / s3:1→1"	"s1:39→1"
39	43	86	198	0	2	0	0	0	0	0	0	"s2:1→1, 2→1"	"s1:39→1"
39	43	108	198	0	2	0	0	0	0	0	0	"s2:2→1"	"s1:38→1"
39	44	39	206	0	1	0	0	0	0	0	0	""	"s1:39→1"
39	44	39	207	0	1	0	0	0	0	0	0	"s1:2→1"	""
39	44	40	198	0	2	0	0	0	0	0	0	"s2:2→1"	"s1:39→1"
39	44	43	199	0	2	0	0	0	0	0	0	"s1:2→1 / s2:1→1"	""
39	44	44	207	0	1	0	0	0	0	0	0	"s1:1→1, 2→1"	""
39	44	46	190	0	3	0	0	0	0	0	0	"s2:2→1 / s3:1→1"	"s1:39→1"
39	44	78	198	0	2	0	0	0	0	0	0	"s2:1→1, 2→1"	"s1:39→1"
39	45	39	157	0	0	0	0	1	0	0	0	"s1:39→1"	""
39	45	39	183	0	0	0	1	0	0	0	0	"s1:39→1"	""
39	45	39	207	0	0	1	0	0	0	0	0	"s1:39→1"	""
39	45	39	227	0	1	0	0	0	0	0	0	"s1:39→1"	""
39	45	40	226	1	1	0	0	0	0	0	0	"s1:39→1 / s2:2→1"	"s2:40→1"
39	45	41	224	2	1	0	0	0	0	0	0	"s1:39→1 / s2:2→1 / s3:1→1"	"s2:40→1 / s3:40→1"
39	45	41	226	1	1	0	0	0	0	0	0	"s1:39→1 / s2:1→1, 2→1, 39→1"	"s2:40→1"
39	45	42	224	2	1	0	0	0	0	0	0	"s1:39→1 / s2:2→1, 39→1 / s3:1→1, 39→1"	"s2:40→1 / s3:40→1"
39	45	42	226	1	1	0	0	0	0	0	0	"{s1:39→1 / s2:1→1, 2→1, 39→2, s1:39→1 / s2:2→1, 39→1}"	"{s2:40→1, s2:40→1}"
39	45	43	224	2	1	0	0	0	0	0	0	"s1:39→1 / s2:2→1, 39→1 / s3:1→1, 39→2"	"s2:40→1 / s3:40→1"
39	45	43	226	1	1	0	0	0	0	0	0	"{s1:39→1 / s2:1→1, 2→1, 39→3, s1:39→1 / s2:2→1, 39→2}"	"{s2:40→1, s2:40→1}"
39	45	44	219	0	2	0	0	0	0	0	0	"s1:39→1 / s2:39→1"	""
39	45	44	226	1	1	0	0	0	0	0	0	"{s1:39→1 / s2:2→1, 39→3, s1:39→1 / s2:2→1, 39→4}"	"{s2:40→1, s2:40→1}"
39	45	45	199	0	1	1	0	0	0	0	0	"s1:39→1 / s2:39→1"	""
39	45	45	218	1	2	0	0	0	0	0	0	"{s1:39→1 / s2:39→1 / s3:2→1, 39→1, s1:39→1 / s2:39→1 / s3:39→1}"	"{s3:41→1, s3:41→1}"
39	45	45	219	0	2	0	0	0	0	0	0	"{s1:39→1 / s2:39→2, s1:39→1 / s2:39→3}"	""
39	45	45	224	2	1	0	0	0	0	0	0	"{s1:39→1 / s2:39→1 / s3:2→1, 39→2, s1:39→1 / s2:39→1 / s3:39→1, s1:39→1 / s2:39→1 / s3:39→2}"	"{s2:40→1 / s3:40→1, s2:40→1 / s3:40→1, s2:40→1 / s3:40→1}"
39	45	45	226	1	1	0	0	0	0	0	0	"{s1:39→1 / s2:39→1, s1:39→1 / s2:39→2, s1:39→1 / s2:39→3, s1:39→1 / s2:39→4, s1:39→1 / s2:39→5, s1:39→2 / s2:39→1}"	"{s2:40→1, s2:40→1, s2:40→1, s2:40→1, s2:40→1, s2:40→1}"
39	45	45	227	0	1	0	0	0	0	0	0	"{s1:39→2, s1:39→3, s1:39→4, s1:39→5}"	""
39	45	46	211	0	3	0	0	0	0	0	0	"s1:39→1 / s2:39→1 / s3:39→1"	""
39	45	47	226	1	1	0	0	0	0	0	0	"s1:39→2 / s2:2→1, 39→1"	"s2:40→1"
39	45	48	224	2	1	0	0	0	0	0	0	"s1:39→1 / s2:39→1 / s3:2→1, 39→1"	"s2:40→1 / s3:40→1"
39	45	131	224	2	1	0	0	0	0	0	0	"s1:39→1 / s2:2→1 / s3:1→1, 39→1"	"s2:40→1 / s3:40→1"
39	45	178	224	2	1	0	0	0	0	0	0	"s1:39→1 / s2:39→1 / s3:1→1, 2→1, 39→2"	"s2:40→1 / s3:40→1"
39	45	184	224	2	1	0	0	0	0	0	0	"s1:39→1 / s2:39→2 / s3:2→1, 39→1"	"s2:40→1 / s3:40→1"
39	46	39	206	0	1	0	0	0	0	0	0	""	"s1:39→1"
39	48	39	206	0	1	0	0	0	0	0	0	""	"s1:39→1"
39	48	44	207	0	1	0	0	0	0	0	0	"s1:38→1"	""
39	49	39	206	0	1	0	0	0	0	0	0	"s1:39→1"	""
39	50	44	206	0	1	0	0	0	0	0	0	"s1:38→1"	""
39	51	39	150	0	1	0	0	0	0	0	0	""	"s1:1→1"
39	52	39	206	0	1	0	0	0	0	0	0	""	"{s1:1→1, s1:39→1}"
39	52	40	197	0	2	0	0	0	0	0	0	""	"s1:39→1 / s2:1→1"
39	52	41	204	0	1	0	0	0	0	0	0	""	"s1:39→1, 1→1"
39	52	44	207	0	1	0	0	0	0	0	0	"s1:38→1"	""
39	52	91	198	0	2	0	0	0	0	0	0	"s1:38→1"	"s2:1→1"
39	53	39	205	0	1	0	0	0	0	0	0	""	"s1:1→1"
39	53	39	206	0	1	0	0	0	0	0	0	"s1:39→1"	""
39	53	40	197	0	2	0	0	0	0	0	0	"s1:39→1"	"s2:1→1"
39	54	39	205	0	1	0	0	0	0	0	0	""	"s1:1→1"
39	54	44	206	0	1	0	0	0	0	0	0	"s1:38→1"	""
39	54	91	197	0	2	0	0	0	0	0	0	"s1:38→1"	"s2:1→1"
39	55	39	201	1	0	0	0	0	0	0	0	""	"s1:39→1"
39	55	44	194	0	1	0	0	0	0	0	0	"s1:38→1"	""
39	55	44	201	1	0	0	0	0	0	0	0	"{s1:36→1, s1:36→1, 38→1, s1:38→1}"	"{s1:39→1, s1:39→1, s1:39→1}"
39	56	39	165	0	0	1	0	0	0	0	0	"s1:39→1"	""
39	56	39	185	0	1	0	0	0	0	0	0	"s1:39→1"	""
39	56	39	192	1	0	0	0	0	0	0	0	""	"s1:1→1"
39	56	40	184	1	1	0	0	0	0	0	0	"s1:39→1"	"s2:1→1"
39	56	41	164	1	0	1	0	0	0	0	0	"s1:39→1"	"s2:1→1"
39	56	41	192	1	0	0	0	0	0	0	0	"s1:39→1"	"s1:1→1"
39	56	42	192	1	0	0	0	0	0	0	0	"{s1:2→1, 37→1, 39→1, s1:2→1, 37→1, 39→2, s1:2→1, 37→1, 39→3, s1:2→1, 39→2, s1:2→1, 39→3, s1:2→1, 39→4, s1:2→2, 37→1, 39→2}"	"{s1:1→1, s1:1→1, s1:1→1, s1:1→1, s1:1→1, s1:1→1, s1:1→1}"
39	56	43	164	1	0	1	0	0	0	0	0	"{s1:39→1 / s2:2→1, 37→1, s1:39→1 / s2:2→2, 37→1, s1:39→1 / s2:2→3, 37→1, s1:39→1 / s2:2→4, 37→1}"	"{s2:1→1, s2:1→1, s2:1→1, s2:1→1}"
39	56	43	176	1	2	0	0	0	0	0	0	"s1:39→1 / s2:2→1, 39→1"	"s3:1→1"
39	56	43	177	0	2	0	0	0	0	0	0	"s1:39→1 / s2:2→1, 39→1"	""
39	56	43	182	2	1	0	0	0	0	0	0	"{s1:39→1 / s2:39→1 / s3:2→1, 37→1, 39→1, s1:39→1 / s2:39→1 / s3:37→1, s1:39→1 / s2:39→1 / s3:39→1, s1:39→1 / s3:2→1, 37→1, s1:39→1 / s3:2→1, 37→1, 39→1, s1:39→1 / s3:2→1, 37→1, 39→2, s1:39→1 / s3:2→1, 37→1, 39→3, s1:39→1 / s3:2→1, 39→2, s1:39→1 / s3:2→1, 39→3, s1:39→1 / s3:2→2, 37→1, 39→1, s1:39→1 / s3:2→2, 37→1, 39→2, s1:39→1 / s3:2→2, 39→2, s1:39→1 / s3:2→2, 39→3, s1:39→1 / s3:39→1}"	"{s2:1→1 / s3:1→1, s2:1→1 / s3:1→1, s2:1→1 / s3:1→1, s2:1→1 / s3:1→1, s2:1→1 / s3:1→1, s2:1→1 / s3:1→1, s2:1→1 / s3:1→1, s2:1→1 / s3:1→1, s2:1→1 / s3:1→1, s2:1→1 / s3:1→1, s2:1→1 / s3:1→1, s2:1→1 / s3:1→1, s2:1→1 / s3:1→1, s2:1→1 / s3:1→1}"
39	56	43	183	2	1	0	0	0	0	0	0	"{s1:39→1 / s2:2→1, 37→1, s1:39→1 / s2:2→1, 37→1, 39→1, s1:39→1 / s2:2→1, 39→1, s1:39→1 / s2:2→2, 37→1, s1:39→1 / s2:2→2, 37→1, 39→1, s1:39→1 / s2:2→3, 37→1, 39→1}"	"{s2:40→1 / s3:1→1, s2:40→1 / s3:1→1, s2:40→1 / s3:1→1, s2:40→1 / s3:1→1, s2:40→1 / s3:1→1, s2:40→1 / s3:1→1}"
39	56	43	184	1	1	0	0	0	0	0	0	"{s1:2→1, 39→1, s1:2→1, 39→1 / s2:39→1, s1:2→1, 39→1 / s2:39→1, s1:2→1, 39→2, s1:2→1, 39→3, s1:39→1 / s2:2→1, 37→1, s1:39→1 / s2:2→1, 37→1, s1:39→1 / s2:2→1, 37→1, 39→1, s1:39→1 / s2:2→1, 37→1, 39→1, s1:39→1 / s2:2→1, 37→1, 39→2, s1:39→1 / s2:2→1, 37→1, 39→3, s1:39→1 / s2:2→1, 39→1, s1:39→1 / s2:2→1, 39→1, s1:39→1 / s2:2→1, 39→2, s1:39→1 / s2:2→1, 39→3, s1:39→1 / s2:2→1, 39→4, s1:39→1 / s2:2→2, 37→1, s1:39→1 / s2:2→2, 37→1, s1:39→1 / s2:2→2, 37→1, 39→1, s1:39→1 / s2:2→2, 37→1, 39→1, s1:39→1 / s2:2→2, 37→1, 39→2, s1:39→1 / s2:2→2, 39→1, s1:39→1 / s2:2→2, 39→2, s1:39→1 / s2:2→2, 39→3, s1:39→1 / s2:2→3, 37→1, s1:39→1 / s2:2→3, 37→1, 39→1, s1:39→1 / s2:2→3, 37→1, 39→1, s1:39→1 / s2:2→3, 39→2, s1:39→1 / s2:37→1, s1:39→1 / s2:39→1}"	"{s2:1→1, s2:1→1, s2:40→1, s2:1→1, s2:1→1, s2:1→1, s2:40→1, s2:1→1, s2:40→1, s2:1→1, s2:1→1, s2:1→1, s2:40→1, s2:1→1, s2:1→1, s2:1→1, s2:1→1, s2:40→1, s2:1→1, s2:40→1, s2:1→1, s2:40→1, s2:1→1, s2:1→1, s2:40→1, s2:1→1, s2:40→1, s2:1→1, s2:1→1, s2:1→1}"
39	56	43	185	0	1	0	0	0	0	0	0	"{s1:2→1, 39→1, s1:2→1, 39→2, s1:2→1, 39→3, s1:2→2, 39→2, s1:2→2, 39→3}"	""
39	56	43	192	1	0	0	0	0	0	0	0	"{s1:2→1, 37→1, s1:2→1, 39→1, s1:2→2, 37→1, s1:2→2, 37→1, 39→1, s1:2→2, 39→1, s1:2→2, 39→2, s1:2→2, 39→3, s1:2→3, 37→1, s1:2→3, 37→1, 39→1, s1:2→3, 39→2, s1:2→4, 37→1, s1:37→1, s1:37→1, 39→1, s1:37→1, 39→2, s1:37→1, 39→3, s1:37→1, 39→4, s1:39→2, s1:39→3}"	"{s1:1→1, s1:1→1, s1:1→1, s1:1→1, s1:1→1, s1:1→1, s1:1→1, s1:1→1, s1:1→1, s1:1→1, s1:1→1, s1:1→1, s1:1→1, s1:1→1, s1:1→1, s1:1→1, s1:1→1, s1:1→1}"
39	56	44	157	0	1	1	0	0	0	0	0	"s1:39→1 / s2:2→1"	""
39	56	44	164	1	0	1	0	0	0	0	0	"{s1:39→1 / s2:2→1, s1:39→1 / s2:2→2, s1:39→1 / s2:2→3, s1:39→1 / s2:2→4, s1:39→1 / s2:2→5, s1:39→1 / s2:37→1}"	"{s2:1→1, s2:1→1, s2:1→1, s2:1→1, s2:1→1, s2:1→1}"
39	56	44	177	0	2	0	0	0	0	0	0	"s1:39→1 / s2:2→2, 39→1"	""
39	56	44	182	2	1	0	0	0	0	0	0	"{s1:39→1 / s2:39→1 / s3:37→1, 39→1, s1:39→1 / s3:2→1, 39→1, s1:39→1 / s3:2→1, 39→4, s1:39→1 / s3:2→2, 37→1, s1:39→1 / s3:37→1}"	"{s2:1→1 / s3:1→1, s2:1→1 / s3:1→1, s2:1→1 / s3:1→1, s2:1→1 / s3:1→1, s2:1→1 / s3:1→1}"
39	56	44	183	2	1	0	0	0	0	0	0	"{s1:39→1 / s2:2→2, 39→1, s1:39→1 / s2:2→3, 37→1}"	"{s2:40→1 / s3:1→1, s2:40→1 / s3:1→1}"
39	56	44	184	1	1	0	0	0	0	0	0	"{s1:39→1 / s2:2→2, 39→1, s1:39→1 / s2:2→3, 37→1, s1:39→1 / s2:2→3, 39→1, s1:39→1 / s2:2→4, 37→1, s1:39→1 / s2:37→1, s1:39→1 / s2:37→1, 39→1, s1:39→1 / s2:37→1, 39→1, s1:39→1 / s2:37→1, 39→2, s1:39→1 / s2:37→1, 39→3, s1:39→1 / s2:37→1, 39→4, s1:39→1 / s2:39→2, s1:39→1 / s2:39→3, s1:39→1 / s2:39→4}"	"{s2:1→1, s2:1→1, s2:40→1, s2:40→1, s2:40→1, s2:1→1, s2:40→1, s2:1→1, s2:1→1, s2:1→1, s2:1→1, s2:1→1, s2:1→1}"
39	56	44	185	0	1	0	0	0	0	0	0	"{s1:2→1, s1:2→2, s1:2→2, 39→1}"	""
39	56	44	192	1	0	0	0	0	0	0	0	"{s1:2→1, s1:2→2, s1:2→3, s1:2→3, 39→1, s1:2→4, s1:2→4, 39→1, s1:2→5, s1:39→4, s1:39→5}"	"{s1:1→1, s1:1→1, s1:1→1, s1:1→1, s1:1→1, s1:1→1, s1:1→1, s1:1→1, s1:1→1}"
39	56	45	156	1	1	1	0	0	0	0	0	"s1:39→1 / s2:2→1"	"s3:1→1"
39	56	45	157	0	1	1	0	0	0	0	0	"s1:39→1 / s2:2→2"	""
39	56	45	177	0	2	0	0	0	0	0	0	"s1:39→1 / s2:39→1"	""
39	56	45	182	2	1	0	0	0	0	0	0	"{s1:39→1 / s2:2→1 / s3:2→3, 37→1, s1:39→1 / s2:2→1 / s3:2→4, 37→1}"	"{s2:40→1 / s3:40→1, s2:40→1 / s3:40→1}"
39	56	45	183	2	1	0	0	0	0	0	0	"{s1:39→1 / s2:2→1, 37→1 / s3:39→1, s1:39→1 / s2:2→3, 39→1, s1:39→1 / s2:2→4, 37→1}"	"{s2:40→1 / s3:1→1, s2:40→1 / s3:1→1, s2:40→1 / s3:1→1}"
39	56	45	184	1	1	0	0	0	0	0	0	"{s1:2→1, s1:39→1 / s2:2→1, s1:39→1 / s2:2→4, 37→1, s1:39→1 / s2:39→1}"	"{s2:1→1, s2:40→1, s2:1→1, s2:40→1}"
39	56	45	185	0	1	0	0	0	0	0	0	"{s1:39→2, s1:39→3}"	""
39	56	46	176	1	2	0	0	0	0	0	0	"s1:39→1 / s2:39→1 / s3:37→1"	"s3:1→1"
39	56	46	182	2	1	0	0	0	0	0	0	"{s1:39→1 / s2:2→1 / s3:2→1, s1:39→1 / s3:2→2, 39→1, s1:39→1 / s3:37→1, 39→1}"	"{s2:40→1 / s3:40→1, s2:1→1 / s3:1→1, s2:1→1 / s3:1→1}"
39	56	46	183	2	1	0	0	0	0	0	0	"{s1:39→1 / s2:2→1, s1:39→1 / s2:2→1 / s3:2→1, 39→1}"	"{s2:40→1 / s3:1→1, s2:40→1 / s3:1→1}"
39	56	46	184	1	1	0	0	0	0	0	0	"{s1:39→1 / s2:2→3, 39→1, s1:39→1 / s2:2→4, 39→1}"	"{s2:1→1, s2:40→1}"
39	56	47	181	3	1	0	0	0	0	0	0	"s1:39→1 / s2:2→1 / s3:2→1"	"s2:40→1 / s3:40→1 / s4:1→1"
39	56	47	182	2	1	0	0	0	0	0	0	"s1:39→1 / s3:39→2"	"s2:1→1 / s3:1→1"
39	56	47	183	2	1	0	0	0	0	0	0	"s1:39→1 / s2:2→4, 39→1"	"s2:40→1 / s3:1→1"
39	56	48	181	3	1	0	0	0	0	0	0	"s1:39→1 / s2:2→2, 39→1"	"s2:40→1 / s3:1→1 / s4:1→1"
39	56	48	182	2	1	0	0	0	0	0	0	"s1:39→1"	"s2:1→1 / s3:1→1"
39	56	49	184	1	1	0	0	0	0	0	0	"s1:39→1 / s2:2→4, 39→1"	"s2:1→1"
39	56	50	182	2	1	0	0	0	0	0	0	"s1:39→1 / s3:37→1, 39→2"	"s2:1→1 / s3:1→1"
39	56	51	181	3	1	0	0	0	0	0	0	"s1:39→1 / s2:2→1"	"s2:40→1 / s3:1→1 / s4:1→1"
39	56	53	184	1	1	0	0	0	0	0	0	"s1:39→1 / s2:2→2"	"s2:40→1"
39	56	54	182	2	1	0	0	0	0	0	0	"s1:39→1 / s2:2→2 / s3:2→2"	"s2:40→1 / s3:40→1"
39	56	55	182	2	1	0	0	0	0	0	0	"s1:39→1 / s3:39→3"	"s2:1→1 / s3:1→1"
39	56	55	183	2	1	0	0	0	0	0	0	"s1:39→1 / s2:2→2"	"s2:40→1 / s3:1→1"
39	56	57	181	3	1	0	0	0	0	0	0	"s1:39→1 / s2:2→2, 37→1"	"s2:40→1 / s3:1→1 / s4:1→1"
39	56	57	182	2	1	0	0	0	0	0	0	"{s1:39→1 / s2:2→1 / s3:2→2, s1:39→1 / s3:37→1, 39→3}"	"{s2:40→1 / s3:40→1, s2:1→1 / s3:1→1}"
39	56	59	181	3	1	0	0	0	0	0	0	"s1:39→1 / s2:2→2"	"s2:40→1 / s3:1→1 / s4:1→1"
39	56	61	184	1	1	0	0	0	0	0	0	"s1:39→1 / s2:2→3"	"s2:40→1"
39	56	63	183	2	1	0	0	0	0	0	0	"s1:39→1 / s2:2→3"	"s2:40→1 / s3:1→1"
39	56	64	182	2	1	0	0	0	0	0	0	"s1:39→1 / s3:37→1, 39→4"	"s2:1→1 / s3:1→1"
39	56	65	177	0	2	0	0	0	0	0	0	"s1:39→1 / s2:2→1"	""
39	56	66	182	2	1	0	0	0	0	0	0	"s1:39→1 / s3:39→4"	"s2:1→1 / s3:1→1"
39	56	66	184	1	1	0	0	0	0	0	0	"s1:39→1 / s2:2→4"	"s2:40→1"
39	56	67	183	2	1	0	0	0	0	0	0	"s1:39→1 / s2:2→4"	"s2:40→1 / s3:1→1"
39	56	69	176	1	2	0	0	0	0	0	0	"s1:39→1 / s2:2→1"	"s3:1→1"
39	56	69	184	1	1	0	0	0	0	0	0	"s1:39→1 / s2:2→5"	"s2:40→1"
39	56	70	176	1	2	0	0	0	0	0	0	"s1:39→1 / s2:2→1 / s3:2→1"	"s3:40→1"
39	56	70	183	2	1	0	0	0	0	0	0	"s1:39→1 / s2:2→5"	"s2:40→1 / s3:1→1"
39	56	76	176	1	2	0	0	0	0	0	0	"s1:39→1 / s2:39→1"	"s3:1→1"
39	56	76	184	1	1	0	0	0	0	0	0	"s1:39→1 / s2:2→1"	"s2:1→1"
39	56	77	182	2	1	0	0	0	0	0	0	"s1:39→1 / s3:2→1"	"s2:1→1 / s3:1→1"
39	56	78	177	0	2	0	0	0	0	0	0	"s1:39→1 / s2:2→2"	""
39	56	78	183	2	1	0	0	0	0	0	0	"s1:39→1 / s2:37→1"	"s2:40→1 / s3:1→1"
39	56	79	184	1	1	0	0	0	0	0	0	"s1:39→1 / s2:2→2"	"s2:1→1"
39	56	80	182	2	1	0	0	0	0	0	0	"s1:39→1 / s3:2→2"	"s2:1→1 / s3:1→1"
39	56	80	184	1	1	0	0	0	0	0	0	"{s1:39→1 / s2:2→3, s1:39→1 / s2:2→4, s1:39→1 / s2:2→5}"	"{s2:1→1, s2:1→1, s2:1→1}"
39	56	82	181	3	1	0	0	0	0	0	0	"s1:39→1 / s2:2→1, 37→1 / s4:39→1"	"s2:40→1 / s3:1→1 / s4:1→1"
39	56	85	183	2	1	0	0	0	0	0	0	"s1:39→1 / s2:37→1, 39→1"	"s2:40→1 / s3:1→1"
39	56	93	182	2	1	0	0	0	0	0	0	"s1:39→1 / s2:2→1 / s3:2→3"	"s2:40→1 / s3:40→1"
39	56	98	183	2	1	0	0	0	0	0	0	"s1:39→1 / s2:39→1"	"s2:40→1 / s3:1→1"
39	56	98	184	1	1	0	0	0	0	0	0	"s1:39→2"	"s2:1→1"
39	56	104	184	1	1	0	0	0	0	0	0	"s1:39→3"	"s2:1→1"
39	56	122	182	2	1	0	0	0	0	0	0	"s1:39→1 / s2:2→1 / s3:2→4"	"s2:40→1 / s3:40→1"
39	56	145	182	2	1	0	0	0	0	0	0	"s1:39→1 / s2:2→1 / s3:2→5"	"s2:40→1 / s3:40→1"
39	56	146	183	2	1	0	0	0	0	0	0	"s1:39→1 / s2:2→1 / s3:2→1"	"s2:40→1 / s3:1→1"
39	57	39	148	1	0	0	0	0	0	0	0	""	"s1:1→1"
39	58	39	148	1	0	0	0	0	0	0	0	""	"s1:1→1"
39	59	39	178	0	0	0	0	0	0	0	1	"s1:1→1"	""
39	59	39	241	0	0	0	1	0	0	1	0	"s1:1→1 / s2:39→1"	""
39	59	39	243	0	0	0	0	1	1	0	0	"s1:1→1 / s2:39→1"	""
39	59	40	215	0	0	0	0	1	0	1	0	"s1:1→1 / s2:39→1"	""
39	59	40	216	0	0	0	0	0	2	0	0	"s1:39→1 / s2:1→1"	""
39	59	41	170	0	1	0	0	0	0	0	1	"s1:1→1 / s2:39→1"	""
39	59	41	188	0	0	0	0	0	1	1	0	"s1:1→1 / s2:39→1"	""
39	59	42	150	0	0	1	0	0	0	0	1	"s1:1→1 / s2:39→1"	""
39	59	42	160	0	0	0	0	0	0	2	0	"s1:39→1 / s2:1→1"	""
39	59	42	178	0	0	0	0	0	0	0	1	"s1:1→1, 39→1"	""
39	59	43	126	0	0	0	1	0	0	0	1	"s1:1→1 / s2:39→1"	""
39	59	44	100	0	0	0	0	1	0	0	1	"s1:1→1 / s2:39→1"	""
39	59	44	161	1	2	0	0	0	0	0	1	"s1:1→1 / s2:39→1 / s3:39→1 / s4:39→1"	"s4:42→1"
39	59	44	162	0	2	0	0	0	0	0	1	"{s1:1→1 / s2:39→1 / s3:39→1, s1:1→1 / s2:39→1 / s3:39→2, s1:1→1 / s2:39→1 / s3:39→5, s1:1→1 / s2:39→2 / s3:39→4, s1:1→1 / s2:39→3 / s3:39→3}"	""
39	59	44	167	2	1	0	0	0	0	0	1	"{s1:1→1 / s2:39→1 / s3:39→1 / s4:39→1, s1:1→1 / s2:39→1 / s3:39→1 / s4:39→2, s1:1→1 / s2:39→1 / s3:39→1 / s4:39→3, s1:1→1 / s2:39→1 / s3:39→1 / s4:39→4, s1:1→1 / s2:39→1 / s3:39→1 / s4:39→5, s1:1→1 / s2:39→1 / s3:39→2 / s4:39→2, s1:1→1 / s2:39→1 / s3:39→2 / s4:39→3, s1:1→1 / s2:39→1 / s3:39→2 / s4:39→4, s1:1→1 / s2:39→1 / s3:39→2 / s4:39→5, s1:1→1 / s2:39→1 / s3:39→3 / s4:39→3, s1:1→1 / s2:39→1 / s3:39→3 / s4:39→4, s1:1→1 / s2:39→1 / s3:39→3 / s4:39→5, s1:1→1 / s2:39→1 / s3:39→4 / s4:39→4, s1:1→1 / s2:39→1 / s3:39→4 / s4:39→5, s1:1→1 / s2:39→1 / s3:39→5 / s4:39→5, s1:1→1 / s2:39→2 / s3:39→1 / s4:39→1}"	"{s3:41→1 / s4:41→1, s3:41→1 / s4:41→1, s3:41→1 / s4:41→1, s3:41→1 / s4:41→1, s3:41→1 / s4:41→1, s3:41→1 / s4:41→1, s3:41→1 / s4:41→1, s3:41→1 / s4:41→1, s3:41→1 / s4:41→1, s3:41→1 / s4:41→1, s3:41→1 / s4:41→1, s3:41→1 / s4:41→1, s3:41→1 / s4:41→1, s3:41→1 / s4:41→1, s3:41→1 / s4:41→1, s3:41→1 / s4:41→1}"
39	59	44	169	1	1	0	0	0	0	0	1	"{s1:1→1 / s2:39→1 / s3:39→1, s1:1→1 / s2:39→1 / s3:39→2, s1:1→1 / s2:39→1 / s3:39→3, s1:1→1 / s2:39→1 / s3:39→4, s1:1→1 / s2:39→1 / s3:39→5, s1:1→1 / s2:39→2 / s3:39→1, s1:1→1 / s2:39→2 / s3:39→2, s1:1→1 / s2:39→2 / s3:39→3, s1:1→1 / s2:39→2 / s3:39→4, s1:1→1 / s2:39→2 / s3:39→5, s1:1→1 / s2:39→3 / s3:39→1, s1:1→1 / s2:39→3 / s3:39→2, s1:1→1 / s2:39→3 / s3:39→3, s1:1→1 / s2:39→3 / s3:39→4, s1:1→1 / s2:39→4 / s3:39→1}"	"{s3:41→1, s3:41→1, s3:41→1, s3:41→1, s3:41→1, s3:41→1, s3:41→1, s3:41→1, s3:41→1, s3:41→1, s3:41→1, s3:41→1, s3:41→1, s3:41→1, s3:41→1}"
39	59	44	170	0	1	0	0	0	0	0	1	"{s1:1→1 / s2:39→2, s1:1→1 / s2:39→3, s1:1→1 / s2:39→4, s1:1→1 / s2:39→5}"	""
39	59	45	73	0	0	0	0	0	1	0	1	"s1:1→1 / s2:39→1"	""
39	59	45	134	0	2	1	0	0	0	0	1	"s1:1→1 / s2:39→1 / s3:39→1 / s4:39→1"	""
39	59	45	141	1	1	1	0	0	0	0	1	"s1:1→1 / s2:39→1 / s3:39→1 / s4:39→1"	"s4:42→1"
39	59	45	142	0	1	1	0	0	0	0	1	"{s1:1→1 / s2:39→1 / s3:39→1, s1:1→1 / s2:39→1 / s3:39→2, s1:1→1 / s2:39→1 / s3:39→3}"	""
39	59	45	146	0	4	0	0	0	0	0	1	"s1:1→1 / s2:39→1 / s3:39→1 / s4:39→1 / s5:39→1"	""
39	59	45	150	0	0	1	0	0	0	0	1	"s1:1→1 / s2:39→2"	""
39	59	45	153	1	3	0	0	0	0	0	1	"s1:1→1 / s2:39→1 / s3:39→1 / s4:39→1 / s5:39→1"	"s5:43→1"
39	59	45	154	0	3	0	0	0	0	0	1	"{s1:1→1 / s2:39→1 / s3:39→1 / s4:39→1, s1:1→1 / s2:39→1 / s3:39→1 / s4:39→2, s1:1→1 / s2:39→1 / s3:39→1 / s4:39→3}"	""
39	59	45	159	2	2	0	0	0	0	0	1	"{s1:1→1 / s2:39→1 / s3:39→1 / s4:39→1 / s5:39→1, s1:1→1 / s2:39→1 / s3:39→1 / s4:39→1 / s5:39→2}"	"{s4:42→1 / s5:42→1, s4:42→1 / s5:42→1}"
39	59	45	160	2	2	0	0	0	0	0	1	"s1:1→1 / s2:39→1 / s3:39→1 / s4:39→1 / s5:39→1"	"s4:42→1 / s5:41→1"
39	59	45	161	1	2	0	0	0	0	0	1	"{s1:1→1 / s2:39→1 / s3:39→1 / s4:39→2, s1:1→1 / s2:39→1 / s3:39→1 / s4:39→3, s1:1→1 / s2:39→1 / s3:39→1 / s4:39→4, s1:1→1 / s2:39→1 / s3:39→1 / s4:39→5, s1:1→1 / s2:39→1 / s3:39→2 / s4:39→1, s1:1→1 / s2:39→1 / s3:39→2 / s4:39→1, s1:1→1 / s2:39→1 / s3:39→2 / s4:39→2, s1:1→1 / s2:39→1 / s3:39→2 / s4:39→3, s1:1→1 / s2:39→1 / s3:39→2 / s4:39→4, s1:1→1 / s2:39→1 / s3:39→3 / s4:39→1}"	"{s4:42→1, s4:42→1, s4:42→1, s4:42→1, s4:41→1, s4:42→1, s4:41→1, s4:41→1, s4:41→1, s4:41→1}"
39	59	45	162	0	2	0	0	0	0	0	1	"{s1:1→1 / s2:39→1 / s3:39→3, s1:1→1 / s2:39→1 / s3:39→4, s1:1→1 / s2:39→2 / s3:39→2, s1:1→1 / s2:39→2 / s3:39→3}"	""
39	59	46	45	0	0	0	0	0	0	1	1	"s1:1→1 / s2:39→1"	""
39	59	46	118	0	1	0	1	0	0	0	1	"s1:1→1 / s2:39→1 / s3:39→1"	""
39	59	46	122	0	0	2	0	0	0	0	1	"s1:1→1 / s2:39→1 / s3:39→1"	""
39	59	47	92	0	1	0	0	1	0	0	1	"s1:1→1 / s2:39→1 / s3:39→1"	""
39	59	50	-70	0	0	0	0	0	0	0	2	"s1:39→1 / s2:1→1"	""
39	59	61	265	0	0	1	0	0	0	1	0	"s1:1→1 / s2:39→1"	""
39	59	107	207	0	1	0	0	1	0	1	0	"s1:1→1 / s2:39→1 / s3:39→1"	""
39	59	107	237	0	0	2	0	0	0	1	0	"s1:1→1 / s2:39→1 / s3:39→1"	""
39	59	108	233	0	1	0	1	0	0	1	0	"s1:1→1 / s2:39→1 / s3:39→1"	""
39	59	110	257	0	1	1	0	0	0	1	0	"s1:1→1 / s2:39→1 / s3:39→1"	""
39	59	114	269	0	0	0	1	0	1	0	0	"s1:1→1 / s2:39→1"	""
39	59	116	249	0	2	1	0	0	0	1	0	"s1:1→1 / s2:39→1 / s3:39→1 / s4:39→1"	""
39	59	116	265	0	0	1	0	0	0	1	0	"s1:1→1 / s2:39→2"	""
39	59	116	269	0	3	0	0	0	0	1	0	"s1:1→1 / s2:39→1 / s3:39→1 / s4:39→1"	""
39	59	118	261	0	4	0	0	0	0	1	0	"s1:1→1 / s2:39→1 / s3:39→1 / s4:39→1 / s5:39→1"	""
39	59	119	256	1	1	1	0	0	0	1	0	"s1:1→1 / s2:39→1 / s3:39→1 / s4:39→1"	"s4:42→1"
39	59	119	257	0	1	1	0	0	0	1	0	"s1:1→1 / s2:39→1 / s3:39→2"	""
39	59	120	268	1	3	0	0	0	0	1	0	"s1:1→1 / s2:39→1 / s3:39→1 / s4:39→1 / s5:39→1"	"s5:43→1"
39	59	120	269	0	3	0	0	0	0	1	0	"s1:1→1 / s2:39→1 / s3:39→1 / s4:39→2"	""
39	59	121	257	0	1	1	0	0	0	1	0	"s1:1→1 / s2:39→1 / s3:39→3"	""
39	59	121	269	0	3	0	0	0	0	1	0	"s1:1→1 / s2:39→1 / s3:39→1 / s4:39→3"	""
39	59	180	262	0	1	0	0	2	0	0	0	"s1:39→1 / s2:1→1 / s3:1→1, 39→1"	""
39	59	180	270	0	0	0	0	2	0	0	0	"s1:39→1 / s2:1→1"	""
39	60	39	121	0	0	0	0	0	0	1	0	"s1:1→1"	""
39	60	39	149	0	0	0	0	0	1	0	0	"s1:1→1"	""
39	60	39	176	0	0	0	0	1	0	0	0	"s1:1→1"	""
39	60	39	202	0	0	0	1	0	0	0	0	"s1:1→1"	""
39	60	39	226	0	0	1	0	0	0	0	0	"s1:1→1"	""
39	60	39	246	0	1	0	0	0	0	0	0	"s1:1→1"	""
39	60	40	246	0	1	0	0	0	0	0	0	"s1:1→3, 38→1"	""
39	60	40	253	1	0	0	0	0	0	0	0	"{s1:1→2, s1:1→3, s1:1→4, 38→1}"	"{s1:37→1, s1:37→1, s1:37→1}"
39	60	41	225	1	0	1	0	0	0	0	0	"{s1:1→1 / s2:1→1, s1:1→1 / s2:1→2, 38→1, s1:1→1 / s2:1→3, 38→1}"	"{s2:37→1, s2:37→1, s2:37→1}"
39	60	41	238	0	2	0	0	0	0	0	0	"{s1:1→1 / s2:1→2, 38→1, s1:1→1 / s2:1→3, 38→1, s1:1→1 / s2:1→4, 38→1}"	""
39	60	41	244	2	1	0	0	0	0	0	0	"{s1:1→1 / s2:1→2 / s3:1→3, 38→1, s1:1→1 / s2:1→3 / s3:1→4, 38→1}"	"{s2:37→1 / s3:40→1, s2:37→1 / s3:40→1}"
39	60	41	245	1	1	0	0	0	0	0	0	"{s1:1→1 / s2:1→2, s1:1→1 / s2:1→2, 38→1, s1:1→1 / s2:1→3, s1:1→1 / s2:1→3, 38→1, s1:1→1 / s2:1→3, 38→1, s1:1→1 / s2:1→3, 38→2, s1:1→1 / s2:1→4, 38→1, s1:1→1 / s2:1→4, 38→1}"	"{s2:37→1, s2:40→1, s2:37→1, s2:37→1, s2:40→1, s2:40→1, s2:37→1, s2:40→1}"
39	60	41	246	0	1	0	0	0	0	0	0	"{s1:1→2, 38→1, s1:1→4, 38→1}"	""
39	60	41	253	1	0	0	0	0	0	0	0	"{s1:1→1, s1:1→2, 38→1, s1:1→3, 38→1, s1:1→4, s1:1→5}"	"{s1:37→1, s1:37→1, s1:37→1, s1:37→1, s1:37→1}"
39	60	42	201	1	0	0	1	0	0	0	0	"{s1:1→1 / s2:1→1, s1:1→1 / s2:1→1, 38→1, s1:1→1 / s2:1→2, 38→1, s1:1→1 / s2:1→3, 38→1}"	"{s2:37→1, s2:37→1, s2:37→1, s2:37→1}"
39	60	42	218	0	1	1	0	0	0	0	0	"s1:1→1 / s2:1→1, 38→1"	""
39	60	42	225	1	0	1	0	0	0	0	0	"{s1:1→1 / s2:1→2, s1:1→1 / s2:1→3, s1:1→1 / s2:1→4, 38→1}"	"{s2:37→1, s2:37→1, s2:37→1}"
39	60	42	243	2	1	0	0	0	0	0	0	"s1:1→1 / s2:1→2, 38→1 / s3:1→2, 38→1"	"s2:40→1 / s3:40→1"
39	60	42	244	2	1	0	0	0	0	0	0	"{s1:1→1 / s2:1→2, 38→1 / s3:1→2, s1:1→1 / s2:1→3, 38→1 / s3:1→3}"	"{s2:40→1 / s3:37→1, s2:40→1 / s3:37→1}"
39	60	42	245	1	1	0	0	0	0	0	0	"{s1:1→1 / s2:1→4, s1:1→1 / s2:1→5}"	"{s2:37→1, s2:37→1}"
39	60	42	246	0	1	0	0	0	0	0	0	"s1:1→1, 38→1"	""
39	60	42	253	1	0	0	0	0	0	0	0	"s1:1→1, 38→1"	"s1:37→1"
39	60	43	175	1	0	0	0	1	0	0	0	"{s1:1→1 / s2:1→1, s1:1→1 / s2:1→1, 38→1}"	"{s2:37→1, s2:37→1}"
39	60	43	201	1	0	0	1	0	0	0	0	"{s1:1→1 / s2:1→2, s1:1→1 / s2:1→3}"	"{s2:37→1, s2:37→1}"
39	60	43	225	1	0	1	0	0	0	0	0	"{s1:1→1 / s2:1→4, s1:1→1 / s2:1→5}"	"{s2:37→1, s2:37→1}"
39	60	43	244	2	1	0	0	0	0	0	0	"s1:1→1 / s2:1→4, 38→1 / s3:1→4"	"s2:40→1 / s3:37→1"
39	60	43	245	1	1	0	0	0	0	0	0	"s1:1→1 / s2:1→1"	"s2:37→1"
39	60	44	141	0	1	0	0	0	1	0	0	"s1:1→1 / s2:38→1"	""
39	60	44	148	1	0	0	0	0	1	0	0	"{s1:1→1, s1:1→1 / s2:38→1}"	"{s2:37→1, s2:37→1}"
39	60	44	168	0	1	0	0	1	0	0	0	"s1:1→1 / s2:38→1"	""
39	60	44	175	1	0	0	0	1	0	0	0	"{s1:1→1, s1:1→1 / s2:38→1}"	"{s2:37→1, s2:37→1}"
39	60	44	237	1	2	0	0	0	0	0	0	"{s1:1→1 / s2:1→1 / s3:1→4, s1:1→1 / s2:1→1 / s3:1→5}"	"{s3:37→1, s3:37→1}"
39	60	44	238	0	2	0	0	0	0	0	0	"s1:1→1 / s2:1→1"	""
39	60	44	243	2	1	0	0	0	0	0	0	"{s1:1→1 / s2:1→1 / s3:1→1, s1:1→1 / s2:1→1 / s3:1→2, s1:1→1 / s2:1→1 / s3:1→3, s1:1→1 / s2:1→1 / s3:1→4, s1:1→1 / s2:1→1 / s3:1→5, s1:1→1 / s2:1→2 / s3:1→2, s1:1→1 / s2:1→2 / s3:1→3, s1:1→1 / s2:1→2 / s3:1→4}"	"{s2:40→1 / s3:40→1, s2:40→1 / s3:40→1, s2:40→1 / s3:40→1, s2:40→1 / s3:40→1, s2:40→1 / s3:40→1, s2:40→1 / s3:40→1, s2:40→1 / s3:40→1, s2:40→1 / s3:40→1}"
39	60	44	245	1	1	0	0	0	0	0	0	"{s1:1→1 / s2:1→1, s1:1→1 / s2:1→2, s1:1→1 / s2:1→3, s1:1→1 / s2:1→4, s1:1→1 / s2:1→5, s1:1→2 / s2:1→1, s1:1→2 / s2:1→2, s1:1→2 / s2:1→3, s1:1→2 / s2:1→4, s1:1→2 / s2:1→5, s1:1→3 / s2:1→1}"	"{s2:40→1, s2:40→1, s2:40→1, s2:40→1, s2:40→1, s2:40→1, s2:40→1, s2:40→1, s2:40→1, s2:40→1, s2:40→1}"
39	60	44	246	0	1	0	0	0	0	0	0	"{s1:1→2, s1:1→3, s1:1→4, s1:1→5, s1:38→1}"	""
39	60	44	253	1	0	0	0	0	0	0	0	"s1:38→1"	"{s1:37→1, s1:37→1}"
39	60	45	113	0	1	0	0	0	0	1	0	"s1:1→1 / s2:38→1"	""
39	60	45	120	1	0	0	0	0	0	1	0	"{s1:1→1, s1:1→1 / s2:38→1}"	"{s2:37→1, s2:37→1}"
39	60	45	218	0	1	1	0	0	0	0	0	"s1:1→1 / s2:1→1"	""
39	60	45	226	0	0	1	0	0	0	0	0	"s1:1→2"	""
39	60	45	230	0	3	0	0	0	0	0	0	"s1:1→1 / s2:1→1 / s3:1→1"	""
39	60	45	237	1	2	0	0	0	0	0	0	"{s1:1→1 / s2:1→1 / s3:1→1, s1:1→1 / s2:1→1 / s3:1→2, s1:1→1 / s2:1→1 / s3:1→3, s1:1→1 / s2:1→1 / s3:1→4, s1:1→1 / s2:1→1 / s3:1→5, s1:1→1 / s2:1→2 / s3:1→1}"	"{s3:41→1, s3:41→1, s3:41→1, s3:41→1, s3:41→1, s3:40→1}"
39	60	45	238	0	2	0	0	0	0	0	0	"{s1:1→1 / s2:1→2, s1:1→1 / s2:1→3, s1:1→1 / s2:1→4, s1:1→1 / s2:1→5, s1:1→2 / s2:1→2}"	""
39	60	46	237	1	2	0	0	0	0	0	0	"{s1:1→1 / s2:1→1 / s3:1→3, s1:1→1 / s2:1→1 / s3:1→4, 38→1}"	"{s3:37→1, s3:41→1}"
39	60	49	245	1	1	0	0	0	0	0	0	"s1:1→2 / s2:1→5"	"s2:37→1"
39	60	50	244	2	1	0	0	0	0	0	0	"s1:1→1 / s2:1→1 / s3:1→5"	"s2:40→1 / s3:37→1"
39	60	64	201	1	0	0	1	0	0	0	0	"s1:1→1"	"s2:37→1"
39	60	69	237	1	2	0	0	0	0	0	0	"s1:1→1 / s2:1→1 / s3:1→3, 38→1"	"s3:41→1"
39	60	72	194	0	1	0	1	0	0	0	0	"s1:1→1 / s2:38→1"	""
39	60	76	201	1	0	0	1	0	0	0	0	"s1:1→1 / s2:38→1"	"s2:37→1"
39	60	81	245	1	1	0	0	0	0	0	0	"s1:1→2 / s2:1→4"	"s2:37→1"
39	60	88	245	1	1	0	0	0	0	0	0	"s1:1→1 / s2:1→1, 38→1"	"s2:40→1"
39	60	89	243	2	1	0	0	0	0	0	0	"s1:1→1 / s2:1→2, 38→1 / s3:1→3, 38→1"	"s2:40→1 / s3:40→1"
39	60	89	244	2	1	0	0	0	0	0	0	"s1:1→1 / s2:1→1, 38→1 / s3:1→1"	"s2:40→1 / s3:37→1"
39	60	93	244	2	1	0	0	0	0	0	0	"s1:1→1 / s2:1→1 / s3:1→4"	"s2:40→1 / s3:37→1"
39	60	104	225	1	0	1	0	0	0	0	0	"s1:1→1 / s2:1→1, 38→1"	"s2:37→1"
39	60	109	243	2	1	0	0	0	0	0	0	"s1:1→1 / s2:1→1, 38→1 / s3:1→1, 38→1"	"s2:40→1 / s3:40→1"
39	60	150	244	2	1	0	0	0	0	0	0	"s1:1→1 / s2:1→2 / s3:1→4, 38→1"	"s2:37→1 / s3:40→1"
39	60	164	237	1	2	0	0	0	0	0	0	"s1:1→1 / s2:1→1 / s3:1→2"	"s3:37→1"
39	61	39	126	0	0	0	0	1	0	0	0	"s1:1→1"	""
39	61	39	152	0	0	0	1	0	0	0	0	"s1:1→1"	""
39	61	39	176	0	0	1	0	0	0	0	0	"s1:1→1"	""
39	61	39	196	0	1	0	0	0	0	0	0	"s1:1→1"	""
39	61	39	203	1	0	0	0	0	0	0	0	""	"s1:2→1"
39	61	42	195	1	1	0	0	0	0	0	0	"{s1:1→1 / s2:1→1, 38→1, s1:1→1 / s2:1→2, 38→1, s1:1→1 / s2:1→2, 38→1, s1:1→1 / s2:1→3, 38→1, s1:1→1 / s2:1→3, 38→1, s1:1→1 / s2:1→4, 38→1, s1:1→1 / s2:1→4, 38→1}"	"{s2:2→1, s2:2→1, s2:40→1, s2:2→1, s2:40→1, s2:2→1, s2:40→1}"
39	61	42	203	1	0	0	0	0	0	0	0	"{s1:1→1, 38→1, s1:1→2, 38→1, s1:1→3, 38→1, s1:1→4, 38→1}"	"{s1:2→1, s1:2→1, s1:2→1, s1:2→1}"
39	61	43	175	1	0	1	0	0	0	0	0	"{s1:1→1 / s2:1→1, 38→1, s1:1→1 / s2:38→1}"	"{s2:2→1, s2:2→1}"
39	61	43	194	2	1	0	0	0	0	0	0	"{s1:1→1 / s3:1→3, 38→1, s1:1→1 / s3:1→4, 38→1}"	"{s2:2→1 / s3:40→1, s2:2→1 / s3:40→1}"
39	61	43	195	1	1	0	0	0	0	0	0	"{s1:1→1, s1:1→1 / s2:1→1, s1:1→1 / s2:1→1, 38→1}"	"{s2:2→1, s2:2→1, s2:40→1}"
39	61	43	196	0	1	0	0	0	0	0	0	"s1:1→2"	""
39	61	43	203	1	0	0	0	0	0	0	0	"{s1:1→1, s1:1→2, s1:1→3, s1:1→4, s1:1→5, s1:38→1}"	"{s1:2→1, s1:2→1, s1:2→1, s1:2→1, s1:2→1, s1:2→1}"
39	61	44	151	1	0	0	1	0	0	0	0	"s1:1→1 / s2:38→1"	"s2:2→1"
39	61	44	168	0	1	1	0	0	0	0	0	"s1:1→1 / s2:1→1"	""
39	61	44	175	1	0	1	0	0	0	0	0	"{s1:1→1, s1:1→1 / s2:1→1}"	"{s2:2→1, s2:2→1}"
39	61	44	180	0	3	0	0	0	0	0	0	"s1:1→1 / s2:1→1 / s3:1→1"	""
39	61	44	187	1	2	0	0	0	0	0	0	"{s1:1→1 / s2:1→1, s1:1→1 / s2:1→1 / s3:1→1, s1:1→1 / s2:1→1 / s3:1→1, s1:1→1 / s2:1→2}"	"{s3:2→1, s3:2→1, s3:41→1, s3:2→1}"
39	61	44	188	0	2	0	0	0	0	0	0	"{s1:1→1 / s2:1→1, s1:1→1 / s2:1→2, s1:1→1 / s2:1→3}"	""
39	61	44	193	2	1	0	0	0	0	0	0	"{s1:1→1 / s2:1→1 / s3:1→1, s1:1→1 / s2:1→1 / s3:1→2}"	"{s2:40→1 / s3:40→1, s2:40→1 / s3:40→1}"
39	61	44	194	2	1	0	0	0	0	0	0	"{s1:1→1 / s2:1→1 / s3:1→1, s1:1→1 / s3:1→1, s1:1→1 / s3:1→2, s1:1→1 / s3:1→3, s1:1→1 / s3:1→4, s1:1→1 / s3:1→5}"	"{s2:40→1 / s3:2→1, s2:2→1 / s3:40→1, s2:2→1 / s3:40→1, s2:2→1 / s3:40→1, s2:2→1 / s3:40→1, s2:2→1 / s3:40→1}"
39	61	44	195	1	1	0	0	0	0	0	0	"{s1:1→1 / s2:1→1, s1:1→1 / s2:1→2, s1:1→1 / s2:1→2, s1:1→1 / s2:1→3, s1:1→1 / s2:1→3, s1:1→1 / s2:1→4, s1:1→1 / s2:1→4, s1:1→1 / s2:1→5, s1:1→1 / s2:1→5, s1:1→2, s1:1→2 / s2:1→1, s1:1→2 / s2:1→1, s1:1→2 / s2:1→2, s1:1→2 / s2:1→3, s1:1→2 / s2:1→4, s1:1→3, s1:1→3 / s2:1→1, s1:1→4, s1:1→5}"	"{s2:40→1, s2:2→1, s2:40→1, s2:2→1, s2:40→1, s2:2→1, s2:40→1, s2:2→1, s2:40→1, s2:2→1, s2:2→1, s2:40→1, s2:2→1, s2:2→1, s2:2→1, s2:2→1, s2:2→1, s2:2→1, s2:2→1}"
39	61	44	196	0	1	0	0	0	0	0	0	"{s1:1→3, s1:1→4, s1:1→5}"	""
39	61	45	151	1	0	0	1	0	0	0	0	"s1:1→1"	"s2:2→1"
39	61	70	195	1	1	0	0	0	0	0	0	"s1:1→1 / s2:38→1"	"s2:2→1"
39	61	85	195	1	1	0	0	0	0	0	0	"s1:1→2 / s2:1→4, 38→1"	"s2:2→1"
39	61	118	194	2	1	0	0	0	0	0	0	"s1:1→1 / s3:1→2, 38→1"	"s2:2→1 / s3:40→1"
39	62	39	177	0	0	0	0	1	0	0	0	"s1:1→1"	""
39	62	39	203	0	0	0	1	0	0	0	0	"s1:1→1"	""
39	62	39	219	0	1	1	0	0	0	0	0	"s1:39→1 / s2:1→1"	""
39	62	39	227	0	0	1	0	0	0	0	0	"s1:39→1"	""
39	62	39	246	1	1	0	0	0	0	0	0	"s1:39→1 / s2:1→1"	"s2:40→1"
39	62	39	247	0	1	0	0	0	0	0	0	"{s1:1→1, 39→1, s1:39→1}"	""
39	62	40	195	0	1	0	1	0	0	0	0	"s1:1→1 / s2:39→1"	""
39	62	40	199	0	0	2	0	0	0	0	0	"s1:39→1 / s2:1→1"	""
39	62	40	227	0	0	1	0	0	0	0	0	"s1:1→1, 39→1"	""
39	62	41	169	0	1	0	0	1	0	0	0	"s1:1→1 / s2:39→1"	""
39	62	41	175	0	0	1	1	0	0	0	0	"s1:1→1 / s2:39→1"	""
39	62	41	203	0	0	0	1	0	0	0	0	"s1:1→1, 39→1"	""
39	62	41	231	0	3	0	0	0	0	0	0	"{s1:1→1, 39→1 / s2:1→1, 39→1 / s3:1→1, 39→1, s1:39→1 / s2:1→1, 39→1 / s3:1→2, 39→1}"	""
39	62	41	238	1	2	0	0	0	0	0	0	"{s1:1→1, 39→1 / s2:1→1, 39→1 / s3:39→1, s1:39→1 / s2:1→1, 39→1 / s3:1→2, 39→1, s1:39→1 / s2:1→2, 39→1 / s3:1→1, 39→1, s1:39→1 / s2:1→2, 39→1 / s3:1→2, 39→1, s1:39→1 / s2:1→3, 39→2 / s3:1→1}"	"{s3:41→1, s3:40→1, s3:41→1, s3:40→1, s3:40→1}"
39	62	41	239	0	2	0	0	0	0	0	0	"{s1:1→1, 39→1 / s2:1→1, 39→1, s1:1→1, 39→1 / s2:1→1, 39→2, s1:1→1, 39→1 / s2:1→2, 39→2, s1:1→1, 39→1 / s2:1→2, 39→3, s1:39→1 / s2:1→1, 39→1, s1:39→1 / s2:1→2, 39→1, s1:39→1 / s2:1→2, 39→2, s1:39→1 / s2:1→3, 39→2}"	""
39	62	41	244	2	1	0	0	0	0	0	0	"{s1:1→1, 39→1 / s2:39→1 / s3:1→1, 39→1, s1:1→1, 39→1 / s2:39→1 / s3:1→2, 39→2, s1:39→1 / s2:1→1 / s3:1→2, 39→1, s1:39→1 / s2:1→1 / s3:1→3, 39→2}"	"{s2:40→1 / s3:40→1, s2:40→1 / s3:40→1, s2:40→1 / s3:40→1, s2:40→1 / s3:40→1}"
39	62	41	246	1	1	0	0	0	0	0	0	"{s1:1→1, 39→1 / s2:1→1, 39→1, s1:1→1, 39→1 / s2:1→1, 39→2, s1:1→1, 39→1 / s2:1→1, 39→3, s1:1→1, 39→1 / s2:1→2, 39→2, s1:1→1, 39→1 / s2:1→2, 39→3, s1:1→1, 39→1 / s2:39→1, s1:1→1, 39→2 / s2:1→1, 39→1, s1:1→2, 39→2 / s2:1→1, 39→1, s1:1→2, 39→2 / s2:39→1, s1:39→1 / s2:1→2, 39→1, s1:39→1 / s2:1→2, 39→2, s1:39→1 / s2:1→3, 39→2}"	"{s2:40→1, s2:40→1, s2:40→1, s2:40→1, s2:40→1, s2:40→1, s2:40→1, s2:40→1, s2:40→1, s2:40→1, s2:40→1, s2:40→1}"
39	62	41	247	0	1	0	0	0	0	0	0	"{s1:1→1, 39→2, s1:1→2, 39→2, s1:1→2, 39→3}"	""
39	62	42	149	0	0	1	0	1	0	0	0	"s1:1→1 / s2:39→1"	""
39	62	42	151	0	0	0	2	0	0	0	0	"s1:39→1 / s2:1→1"	""
39	62	42	177	0	0	0	0	1	0	0	0	"s1:1→1, 39→1"	""
39	62	42	216	2	1	1	0	0	0	0	0	"s1:39→1 / s2:1→1 / s3:1→1, 39→1 / s4:1→1, 39→1"	"s3:41→1 / s4:41→1"
39	62	42	218	1	1	1	0	0	0	0	0	"{s1:39→1 / s2:1→1 / s3:1→1, 39→1, s1:39→1 / s2:1→1 / s3:1→2, 39→2, s1:39→1 / s2:1→1 / s3:1→3, 39→2}"	"{s3:41→1, s3:41→1, s3:41→1}"
39	62	42	219	0	1	1	0	0	0	0	0	"{s1:1→1, 39→1 / s2:1→1, 39→1, s1:1→1, 39→1 / s2:39→1, s1:39→1 / s2:1→1, 39→1, s1:39→1 / s2:1→2, 39→1, s1:39→1 / s2:1→3, 39→1}"	""
39	62	42	231	0	3	0	0	0	0	0	0	"s1:39→1 / s2:1→1, 39→1 / s3:1→1, 39→1"	""
39	62	42	238	1	2	0	0	0	0	0	0	"{s1:1→1, 39→1 / s2:1→1, 39→1 / s3:1→1, 39→1, s1:39→1 / s2:1→1, 39→1 / s3:1→1, 39→1, s1:39→1 / s2:1→1, 39→1 / s3:1→1, 39→1, s1:39→1 / s2:1→1, 39→1 / s3:1→2, 39→1}"	"{s3:41→1, s3:40→1, s3:41→1, s3:41→1}"
39	62	42	239	0	2	0	0	0	0	0	0	"{s1:1→1, 39→1 / s2:1→1, 39→3, s1:39→1 / s2:1→2, 39→3}"	""
39	62	42	244	2	1	0	0	0	0	0	0	"{s1:1→1, 39→1 / s2:1→1, 39→1 / s3:1→1, 39→1, s1:1→1, 39→1 / s2:1→1, 39→1 / s3:1→1, 39→2, s1:1→1, 39→1 / s2:1→1, 39→1 / s3:1→2, 39→2, s1:1→1, 39→1 / s2:39→1 / s3:1→1, 39→2, s1:39→1 / s2:1→1, 39→1 / s3:1→1, 39→1, s1:39→1 / s2:1→1, 39→1 / s3:1→2, 39→2, s1:39→1 / s2:1→2, 39→1 / s3:1→2, 39→1, s1:39→1 / s2:1→2, 39→1 / s3:1→3, 39→2}"	"{s2:40→1 / s3:40→1, s2:40→1 / s3:40→1, s2:40→1 / s3:40→1, s2:40→1 / s3:40→1, s2:40→1 / s3:40→1, s2:40→1 / s3:40→1, s2:40→1 / s3:40→1, s2:40→1 / s3:40→1}"
39	62	42	246	1	1	0	0	0	0	0	0	"{s1:1→1, 39→1 / s2:1→1, 39→4, s1:1→1, 39→2 / s2:39→1, s1:39→1 / s2:1→1, 39→1, s1:39→1 / s2:1→2, 39→3}"	"{s2:40→1, s2:40→1, s2:40→1, s2:40→1}"
39	62	42	247	0	1	0	0	0	0	0	0	"s1:1→1, 39→3"	""
39	62	43	125	0	0	0	1	1	0	0	0	"s1:1→1 / s2:39→1"	""
39	62	43	191	0	1	2	0	0	0	0	0	"s1:39→1 / s2:1→1 / s3:1→1, 39→1"	""
39	62	43	239	0	2	0	0	0	0	0	0	"{s1:39→1 / s2:1→1, 39→2, s1:39→1 / s2:1→1, 39→3}"	""
39	62	43	244	2	1	0	0	0	0	0	0	"{s1:1→1, 39→1 / s2:39→1 / s3:39→1, s1:39→1 / s2:1→1, 39→1 / s3:1→1, 39→2, s1:39→1 / s2:1→1, 39→1 / s3:1→3, 39→2}"	"{s2:40→1 / s3:40→1, s2:40→1 / s3:40→1, s2:40→1 / s3:40→1}"
39	62	43	246	1	1	0	0	0	0	0	0	"{s1:1→2, 39→3 / s2:1→1, s1:39→1 / s2:1→1, 39→2, s1:39→1 / s2:1→1, 39→3}"	"{s2:40→1, s2:40→1, s2:40→1}"
39	62	43	247	0	1	0	0	0	0	0	0	"s1:1→1, 39→4"	""
39	62	44	99	0	0	0	0	2	0	0	0	"s1:39→1 / s2:1→1"	""
39	62	44	161	0	2	0	0	1	0	0	0	"s1:1→1 / s2:39→1 / s3:39→1"	""
39	62	44	211	0	2	1	0	0	0	0	0	"s1:39→1 / s2:1→1 / s3:1→2, 39→1"	""
39	62	44	238	1	2	0	0	0	0	0	0	"s1:39→1 / s2:1→1, 39→1 / s3:39→1"	"s3:41→1"
39	62	44	239	0	2	0	0	0	0	0	0	"s1:39→1 / s2:39→1"	""
39	62	44	246	1	1	0	0	0	0	0	0	"{s1:1→1, 39→2 / s2:1→2, 39→1, s1:39→1 / s2:1→1, 39→4}"	"{s2:40→1, s2:40→1}"
39	62	45	141	0	1	1	0	1	0	0	0	"s1:1→1 / s2:39→1 / s3:39→1"	""
39	62	45	168	1	1	0	0	1	0	0	0	"s1:1→1 / s2:39→1 / s3:39→1"	"s3:41→1"
39	62	45	169	0	1	0	0	1	0	0	0	"s1:1→1 / s2:39→2"	""
39	62	45	219	0	1	1	0	0	0	0	0	"s1:39→1 / s2:39→1"	""
39	62	45	238	1	2	0	0	0	0	0	0	"s1:39→1 / s2:39→1 / s3:39→1"	"s3:41→1"
39	62	45	239	0	2	0	0	0	0	0	0	"{s1:39→1 / s2:39→2, s1:39→1 / s2:39→3}"	""
39	62	45	244	2	1	0	0	0	0	0	0	"{s1:39→1 / s2:39→1 / s3:39→1, s1:39→1 / s2:39→1 / s3:39→2}"	"{s2:40→1 / s3:40→1, s2:40→1 / s3:40→1}"
39	62	45	246	1	1	0	0	0	0	0	0	"{s1:39→1 / s2:39→1, s1:39→1 / s2:39→2, s1:39→1 / s2:39→3, s1:39→1 / s2:39→4, s1:39→1 / s2:39→5, s1:39→2 / s2:39→1}"	"{s2:40→1, s2:40→1, s2:40→1, s2:40→1, s2:40→1, s2:40→1}"
39	62	45	247	0	1	0	0	0	0	0	0	"{s1:39→2, s1:39→3, s1:39→4, s1:39→5}"	""
39	62	46	153	0	3	0	0	1	0	0	0	"s1:1→1 / s2:39→1 / s3:39→1 / s4:39→1"	""
39	62	46	160	1	2	0	0	1	0	0	0	"s1:1→1 / s2:39→1 / s3:39→1 / s4:39→1"	"s4:42→1"
39	62	46	161	0	2	0	0	1	0	0	0	"{s1:1→1 / s2:39→1 / s3:39→2, s1:1→1 / s2:39→1 / s3:39→3}"	""
39	62	46	166	2	1	0	0	1	0	0	0	"{s1:1→1 / s2:39→1 / s3:39→1 / s4:39→1, s1:1→1 / s2:39→1 / s3:39→1 / s4:39→2}"	"{s3:41→1 / s4:41→1, s3:41→1 / s4:41→1}"
39	62	46	168	1	1	0	0	1	0	0	0	"{s1:1→1 / s2:39→1 / s3:39→2, s1:1→1 / s2:39→1 / s3:39→3, s1:1→1 / s2:39→1 / s3:39→4, s1:1→1 / s2:39→1 / s3:39→5, s1:1→1 / s2:39→2 / s3:39→1}"	"{s3:41→1, s3:41→1, s3:41→1, s3:41→1, s3:41→1}"
39	62	46	169	0	1	0	0	1	0	0	0	"{s1:1→1 / s2:39→3, s1:1→1 / s2:39→4, s1:1→1 / s2:39→5}"	""
39	62	46	211	0	2	1	0	0	0	0	0	"s1:39→1 / s2:1→1 / s3:1→1, 39→1"	""
39	62	46	219	0	1	1	0	0	0	0	0	"s1:39→1 / s2:1→4, 39→1"	""
39	62	46	231	0	3	0	0	0	0	0	0	"{s1:39→1 / s2:39→1 / s3:1→1, 39→1, s1:39→1 / s2:39→1 / s3:39→1}"	""
39	62	46	238	1	2	0	0	0	0	0	0	"s1:39→1 / s2:39→1 / s3:1→1, 39→1"	"s3:41→1"
39	62	46	244	2	1	0	0	0	0	0	0	"s1:39→1 / s2:39→1 / s3:1→1, 39→2"	"s2:40→1 / s3:40→1"
39	62	48	167	0	1	1	1	0	0	0	0	"s1:1→1 / s2:39→1 / s3:39→1"	""
39	62	48	187	0	2	0	1	0	0	0	0	"s1:1→1 / s2:39→1 / s3:39→1"	""
39	62	48	246	1	1	0	0	0	0	0	0	"s1:1→1, 39→1 / s2:39→2"	"s2:40→1"
39	62	49	218	1	1	1	0	0	0	0	0	"s1:39→1 / s2:1→1 / s3:1→2, 39→1"	"s3:41→1"
39	62	49	244	2	1	0	0	0	0	0	0	"s1:1→1, 39→1 / s2:39→1 / s3:39→2"	"s2:40→1 / s3:40→1"
39	62	53	179	0	3	0	1	0	0	0	0	"s1:1→1 / s2:39→1 / s3:39→1 / s4:39→1"	""
39	62	54	194	1	1	0	1	0	0	0	0	"s1:1→1 / s2:39→1 / s3:39→1"	"s3:41→1"
39	62	54	195	0	1	0	1	0	0	0	0	"s1:1→1 / s2:39→2"	""
39	62	54	238	1	2	0	0	0	0	0	0	"s1:39→1 / s2:1→1, 39→1 / s3:1→1"	"s3:40→1"
39	62	57	186	1	2	0	1	0	0	0	0	"s1:1→1 / s2:39→1 / s3:39→1 / s4:39→1"	"s4:42→1"
39	62	57	187	0	2	0	1	0	0	0	0	"s1:1→1 / s2:39→1 / s3:39→2"	""
39	62	59	192	2	1	0	1	0	0	0	0	"s1:1→1 / s2:39→1 / s3:39→1 / s4:39→1"	"s3:41→1 / s4:41→1"
39	62	59	194	1	1	0	1	0	0	0	0	"{s1:1→1 / s2:39→1 / s3:39→2, s1:1→1 / s2:39→2 / s3:39→1}"	"{s3:41→1, s3:41→1}"
39	62	59	195	0	1	0	1	0	0	0	0	"s1:1→1 / s2:39→3"	""
39	62	60	187	0	2	0	1	0	0	0	0	"s1:1→1 / s2:39→1 / s3:39→3"	""
39	62	60	192	2	1	0	1	0	0	0	0	"s1:1→1 / s2:39→1 / s3:39→1 / s4:39→2"	"s3:41→1 / s4:41→1"
39	62	60	194	1	1	0	1	0	0	0	0	"s1:1→1 / s2:39→1 / s3:39→3"	"s3:41→1"
39	62	60	195	0	1	0	1	0	0	0	0	"s1:1→1 / s2:39→4"	""
39	62	60	246	1	1	0	0	0	0	0	0	"s1:39→2 / s2:1→1, 39→1"	"s2:40→1"
39	62	61	194	1	1	0	1	0	0	0	0	"{s1:1→1 / s2:39→1 / s3:39→4, s1:1→1 / s2:39→1 / s3:39→5}"	"{s3:41→1, s3:41→1}"
39	62	61	195	0	1	0	1	0	0	0	0	"s1:1→1 / s2:39→5"	""
39	62	65	211	0	2	1	0	0	0	0	0	"s1:39→1 / s2:1→1 / s3:1→3, 39→1"	""
39	62	65	238	1	2	0	0	0	0	0	0	"s1:39→1 / s2:1→2, 39→1 / s3:1→1"	"s3:40→1"
39	62	73	218	1	1	1	0	0	0	0	0	"s1:39→1 / s2:1→1 / s3:1→3, 39→1"	"s3:41→1"
39	62	73	246	1	1	0	0	0	0	0	0	"s1:39→1 / s2:1→3, 39→1"	"s2:40→1"
39	62	74	238	1	2	0	0	0	0	0	0	"s1:39→1 / s2:1→2, 39→1 / s3:1→3, 39→1"	"s3:40→1"
39	62	82	244	2	1	0	0	0	0	0	0	"s1:39→1 / s2:39→1 / s3:1→1, 39→1"	"s2:40→1 / s3:40→1"
39	62	84	246	1	1	0	0	0	0	0	0	"s1:1→1, 39→2 / s2:1→1"	"s2:40→1"
39	62	85	244	2	1	0	0	0	0	0	0	"s1:39→1 / s2:1→3, 39→1 / s3:1→3, 39→1"	"s2:40→1 / s3:40→1"
39	62	89	218	1	1	1	0	0	0	0	0	"s1:39→1 / s2:1→1 / s3:1→4, 39→1"	"s3:41→1"
39	62	89	244	2	1	0	0	0	0	0	0	"s1:39→1 / s2:1→1, 39→1 / s3:1→2, 39→1"	"s2:40→1 / s3:40→1"
39	62	90	238	1	2	0	0	0	0	0	0	"s1:39→1 / s2:1→2, 39→2 / s3:1→1"	"s3:40→1"
39	62	94	239	0	2	0	0	0	0	0	0	"s1:39→2 / s2:1→1, 39→1"	""
39	62	104	238	1	2	0	0	0	0	0	0	"s1:39→1 / s2:1→1, 39→1 / s3:39→1"	"s3:40→1"
39	62	114	246	1	1	0	0	0	0	0	0	"s1:1→1, 39→1 / s2:39→3"	"s2:40→1"
39	62	119	244	2	1	0	0	0	0	0	0	"s1:39→1 / s2:1→1 / s3:1→3, 39→1"	"s2:40→1 / s3:40→1"
39	62	124	191	0	1	2	0	0	0	0	0	"s1:39→1 / s2:1→1 / s3:39→1"	""
39	62	129	211	0	2	1	0	0	0	0	0	"s1:39→1 / s2:1→1 / s3:1→1"	""
39	62	139	203	0	3	1	0	0	0	0	0	"s1:39→1 / s2:1→1 / s3:1→1 / s4:1→1"	""
39	62	142	218	1	1	1	0	0	0	0	0	"{s1:39→1 / s2:1→1 / s3:1→1, s1:39→1 / s2:1→1 / s3:1→2, 39→3}"	"{s3:41→1, s3:41→1}"
39	62	142	219	0	1	1	0	0	0	0	0	"s1:39→1 / s2:1→2"	""
39	62	143	211	0	2	1	0	0	0	0	0	"s1:39→1 / s2:1→1 / s3:1→2"	""
39	62	144	210	1	2	1	0	0	0	0	0	"s1:39→1 / s2:1→1 / s3:1→1 / s4:1→1"	"s4:42→1"
39	62	146	211	0	2	1	0	0	0	0	0	"s1:39→1 / s2:1→1 / s3:1→3"	""
39	62	146	216	2	1	1	0	0	0	0	0	"s1:39→1 / s2:1→1 / s3:1→1 / s4:1→1"	"s3:41→1 / s4:41→1"
39	62	146	218	1	1	1	0	0	0	0	0	"{s1:39→1 / s2:1→1 / s3:1→2, s1:39→1 / s2:1→2 / s3:1→1}"	"{s3:41→1, s3:41→1}"
39	62	146	219	0	1	1	0	0	0	0	0	"s1:39→1 / s2:1→3"	""
39	62	147	216	2	1	1	0	0	0	0	0	"s1:39→1 / s2:1→1 / s3:1→1 / s4:1→2"	"s3:41→1 / s4:41→1"
39	62	147	218	1	1	1	0	0	0	0	0	"s1:39→1 / s2:1→1 / s3:1→3"	"s3:41→1"
39	62	147	219	0	1	1	0	0	0	0	0	"s1:39→1 / s2:1→4"	""
39	62	148	218	1	1	1	0	0	0	0	0	"{s1:39→1 / s2:1→1 / s3:1→4, s1:39→1 / s2:1→1 / s3:1→5}"	"{s3:41→1, s3:41→1}"
39	62	148	219	0	1	1	0	0	0	0	0	"s1:39→1 / s2:1→5"	""
39	62	167	244	2	1	0	0	0	0	0	0	"s1:39→1 / s2:1→1 / s3:1→1"	"s2:40→1 / s3:40→1"
39	62	177	236	2	2	0	0	0	0	0	0	"s1:39→1 / s2:1→2, 39→1 / s3:1→1 / s4:1→1"	"s3:40→1 / s4:40→1"
39	62	178	244	2	1	0	0	0	0	0	0	"s1:39→1 / s2:1→1 / s3:1→2, 39→2"	"s2:40→1 / s3:40→1"
39	62	187	246	1	1	0	0	0	0	0	0	"s1:1→1, 39→1 / s2:39→4"	"s2:40→1"
39	62	193	244	2	1	0	0	0	0	0	0	"s1:39→1 / s2:1→2, 39→1 / s3:1→2, 39→2"	"s2:40→1 / s3:40→1"
39	63	39	205	0	1	0	0	0	0	0	0	""	"s1:39→1"
39	63	39	206	0	1	0	0	0	0	0	0	"s1:1→1"	""
39	63	40	197	0	2	0	0	0	0	0	0	"s2:1→1"	"s1:39→1"
39	63	44	205	0	1	0	0	0	0	0	0	""	"s1:38→1"
39	63	95	197	0	2	0	0	0	0	0	0	"s2:1→1"	"s1:38→1"
39	64	39	205	0	1	0	0	0	0	0	0	""	"s1:39→1"
39	64	39	206	0	1	0	0	0	0	0	0	"s1:1→1"	""
39	64	40	197	0	2	0	0	0	0	0	0	"s2:1→1"	"s1:39→1"
39	65	39	14	0	0	0	0	0	0	0	1	"s1:39→1"	""
39	65	39	129	0	0	0	0	0	0	1	0	"s1:39→1"	""
39	65	39	157	0	0	0	0	0	1	0	0	"s1:39→1"	""
39	65	39	184	0	0	0	0	1	0	0	0	"s1:39→1"	""
39	65	39	210	0	0	0	1	0	0	0	0	"s1:39→1"	""
39	65	39	226	0	1	1	0	0	0	0	0	"s1:39→1 / s2:1→1"	""
39	65	39	234	0	0	1	0	0	0	0	0	"s1:39→1"	""
39	65	39	253	1	1	0	0	0	0	0	0	"s1:39→1 / s2:1→1"	"s2:40→1"
39	65	39	254	0	1	0	0	0	0	0	0	"{s1:1→1, s1:1→1, 39→1, s1:39→1}"	""
39	65	40	6	0	1	0	0	0	0	0	1	"s1:39→1 / s2:1→1"	""
39	65	40	121	0	1	0	0	0	0	1	0	"s1:39→1 / s2:1→1"	""
39	65	40	149	0	1	0	0	0	1	0	0	"s1:39→1 / s2:1→1"	""
39	65	40	176	0	1	0	0	1	0	0	0	"s1:39→1 / s2:1→1"	""
39	65	40	202	0	1	0	1	0	0	0	0	"s1:39→1 / s2:1→1"	""
39	65	40	246	0	2	0	0	0	0	0	0	"s1:39→1 / s2:1→1"	""
39	65	41	246	0	2	0	0	0	0	0	0	"{s1:39→1 / s2:1→1, 39→1, s1:39→1 / s2:1→1, 39→2}"	""
39	65	41	251	2	1	0	0	0	0	0	0	"{s1:39→1 / s2:1→1, 39→1 / s3:1→1, 39→1, s1:39→1 / s2:1→1, 39→1 / s3:1→1, 39→2, s1:39→1 / s2:1→1, 39→1 / s3:1→1, 39→3, s1:39→1 / s2:1→1, 39→2 / s3:1→1, 39→2, s1:39→1 / s2:1→1, 39→2 / s3:1→1, 39→3, s1:39→1 / s2:1→1, 39→3 / s3:1→1, 39→3, s1:39→1 / s2:1→1, 39→3 / s3:1→1, 39→4, s1:39→1 / s2:1→1, 39→4 / s3:1→1, 39→4, s1:39→1 / s2:1→1 / s3:1→1, 39→1}"	"{s2:40→1 / s3:40→1, s2:40→1 / s3:40→1, s2:40→1 / s3:40→1, s2:40→1 / s3:40→1, s2:40→1 / s3:40→1, s2:40→1 / s3:40→1, s2:40→1 / s3:40→1, s2:40→1 / s3:40→1, s2:40→1 / s3:40→1}"
39	65	41	253	1	1	0	0	0	0	0	0	"{s1:39→1 / s2:1→1, 39→1, s1:39→1 / s2:1→1, 39→2, s1:39→1 / s2:1→1, 39→3, s1:39→1 / s2:1→1, 39→4, s1:39→1 / s2:1→2, 39→1, s1:39→1 / s2:1→2, 39→2, s1:39→1 / s2:1→2, 39→3, s1:39→1 / s2:1→3, 39→2}"	"{s2:40→1, s2:40→1, s2:40→1, s2:40→1, s2:40→1, s2:40→1, s2:40→1, s2:40→1}"
39	65	41	254	0	1	0	0	0	0	0	0	"{s1:1→1, 39→2, s1:1→1, 39→3, s1:1→1, 39→4}"	""
39	65	42	226	0	1	1	0	0	0	0	0	"{s1:39→1 / s2:1→1, 39→1, s1:39→1 / s2:1→1, 39→2, s1:39→1 / s2:1→1, 39→3}"	""
39	65	42	238	0	3	0	0	0	0	0	0	"{s1:39→1 / s2:39→1 / s3:1→1, 39→1, s1:39→1 / s2:39→1 / s3:1→1, 39→2, s1:39→1 / s2:39→1 / s3:1→1, 39→3, s1:39→1 / s2:39→1 / s3:39→3}"	""
39	65	42	243	2	2	0	0	0	0	0	0	"{s1:39→1 / s2:39→1 / s3:1→1, 39→1 / s4:1→1, 39→1, s1:39→1 / s2:39→1 / s3:1→1, 39→1 / s4:1→1, 39→2, s1:39→1 / s2:39→1 / s3:39→1 / s4:39→1, s1:39→1 / s2:39→1 / s3:39→1 / s4:39→2}"	"{s3:41→1 / s4:41→1, s3:41→1 / s4:41→1, s3:41→1 / s4:41→1, s3:41→1 / s4:41→1}"
39	65	42	244	2	2	0	0	0	0	0	0	"{s1:39→1 / s2:39→1 / s3:1→1, 39→1 / s4:1→1, 39→1, s1:39→1 / s2:39→1 / s3:39→1 / s4:39→1}"	"{s3:41→1 / s4:40→1, s3:41→1 / s4:40→1}"
39	65	42	245	1	2	0	0	0	0	0	0	"{s1:39→1 / s2:1→1, 39→1 / s3:39→1, s1:39→1 / s2:1→1, 39→2 / s3:39→1, s1:39→1 / s2:1→1, 39→2 / s3:39→2, s1:39→1 / s2:1→1, 39→3 / s3:39→1, s1:39→1 / s2:39→1 / s3:1→1, 39→1, s1:39→1 / s2:39→1 / s3:1→1, 39→2, s1:39→1 / s2:39→1 / s3:1→1, 39→3, s1:39→1 / s2:39→1 / s3:1→1, 39→4, s1:39→1 / s2:39→1 / s3:1→2, 39→2, s1:39→1 / s2:39→1 / s3:1→2, 39→3, s1:39→1 / s2:39→1 / s3:39→1, s1:39→1 / s2:39→1 / s3:39→2, s1:39→1 / s2:39→1 / s3:39→3, s1:39→1 / s2:39→1 / s3:39→4, s1:39→1 / s2:39→1 / s3:39→5, s1:39→1 / s2:39→2 / s3:1→1, 39→4, s1:39→1 / s2:39→2 / s3:39→1, s1:39→1 / s2:39→2 / s3:39→1, s1:39→1 / s2:39→2 / s3:39→2, s1:39→1 / s2:39→2 / s3:39→3, s1:39→1 / s2:39→2 / s3:39→4, s1:39→1 / s2:39→3 / s3:39→1}"	"{s3:40→1, s3:40→1, s3:40→1, s3:40→1, s3:41→1, s3:41→1, s3:41→1, s3:41→1, s3:41→1, s3:41→1, s3:41→1, s3:41→1, s3:41→1, s3:41→1, s3:41→1, s3:40→1, s3:40→1, s3:41→1, s3:40→1, s3:40→1, s3:40→1, s3:40→1}"
39	65	42	246	0	2	0	0	0	0	0	0	"{s1:39→1 / s2:1→1, 39→3, s1:39→1 / s2:1→1, 39→4, s1:39→1 / s2:39→1, s1:39→1 / s2:39→2, s1:39→1 / s2:39→3, s1:39→1 / s2:39→4, s1:39→1 / s2:39→5, s1:39→2 / s2:1→1, 39→1, s1:39→2 / s2:1→1, 39→2, s1:39→2 / s2:1→1, 39→3, s1:39→2 / s2:1→1, 39→4, s1:39→2 / s2:39→2, s1:39→2 / s2:39→3, s1:39→2 / s2:39→4, s1:39→3 / s2:1→1, 39→2, s1:39→3 / s2:1→1, 39→3, s1:39→3 / s2:39→3}"	""
39	65	42	251	2	1	0	0	0	0	0	0	"{s1:39→1 / s2:1→1, 39→1 / s3:1→1, 39→4, s1:39→1 / s2:1→1, 39→2 / s3:1→1, 39→4, s1:39→1 / s2:39→1 / s3:1→1, 39→1, s1:39→1 / s2:39→1 / s3:1→1, 39→2, s1:39→1 / s2:39→1 / s3:1→1, 39→3, s1:39→1 / s2:39→1 / s3:1→1, 39→4, s1:39→1 / s2:39→1 / s3:39→1, s1:39→1 / s2:39→1 / s3:39→2, s1:39→1 / s2:39→1 / s3:39→3, s1:39→1 / s2:39→1 / s3:39→4, s1:39→1 / s2:39→1 / s3:39→5, s1:39→1 / s2:39→2 / s3:1→1, 39→3, s1:39→1 / s2:39→2 / s3:1→1, 39→4, s1:39→1 / s2:39→2 / s3:39→2, s1:39→1 / s2:39→2 / s3:39→3, s1:39→1 / s2:39→2 / s3:39→4, s1:39→1 / s2:39→2 / s3:39→5, s1:39→1 / s2:39→3 / s3:39→3, s1:39→1 / s2:39→3 / s3:39→4, s1:39→1 / s2:39→3 / s3:39→5, s1:39→1 / s2:39→4 / s3:39→4, s1:39→1 / s2:39→4 / s3:39→5, s1:39→1 / s2:39→5 / s3:39→5, s1:39→2 / s2:39→1 / s3:39→1}"	"{s2:40→1 / s3:40→1, s2:40→1 / s3:40→1, s2:40→1 / s3:40→1, s2:40→1 / s3:40→1, s2:40→1 / s3:40→1, s2:40→1 / s3:40→1, s2:40→1 / s3:40→1, s2:40→1 / s3:40→1, s2:40→1 / s3:40→1, s2:40→1 / s3:40→1, s2:40→1 / s3:40→1, s2:40→1 / s3:40→1, s2:40→1 / s3:40→1, s2:40→1 / s3:40→1, s2:40→1 / s3:40→1, s2:40→1 / s3:40→1, s2:40→1 / s3:40→1, s2:40→1 / s3:40→1, s2:40→1 / s3:40→1, s2:40→1 / s3:40→1, s2:40→1 / s3:40→1, s2:40→1 / s3:40→1, s2:40→1 / s3:40→1, s2:40→1 / s3:40→1}"
39	65	42	253	1	1	0	0	0	0	0	0	"{s1:39→1 / s2:39→1, s1:39→1 / s2:39→2, s1:39→1 / s2:39→3, s1:39→1 / s2:39→4, s1:39→1 / s2:39→5, s1:39→2 / s2:1→1, 39→1, s1:39→2 / s2:1→1, 39→2, s1:39→2 / s2:1→1, 39→3, s1:39→2 / s2:1→1, 39→4, s1:39→2 / s2:39→1, s1:39→2 / s2:39→2, s1:39→2 / s2:39→3, s1:39→2 / s2:39→4, s1:39→2 / s2:39→5, s1:39→3 / s2:1→1, 39→3, s1:39→3 / s2:1→1, 39→4, s1:39→3 / s2:39→1, s1:39→3 / s2:39→2, s1:39→3 / s2:39→3, s1:39→3 / s2:39→4, s1:39→4 / s2:39→1}"	"{s2:40→1, s2:40→1, s2:40→1, s2:40→1, s2:40→1, s2:40→1, s2:40→1, s2:40→1, s2:40→1, s2:40→1, s2:40→1, s2:40→1, s2:40→1, s2:40→1, s2:40→1, s2:40→1, s2:40→1, s2:40→1, s2:40→1, s2:40→1, s2:40→1}"
39	65	42	254	0	1	0	0	0	0	0	0	"{s1:39→2, s1:39→3, s1:39→4, s1:39→5}"	""
39	65	43	202	0	1	0	1	0	0	0	0	"s1:39→1 / s2:1→1, 39→1"	""
39	65	43	218	0	2	1	0	0	0	0	0	"{s1:39→1 / s2:39→1 / s3:1→1, 39→1, s1:39→1 / s2:39→1 / s3:39→1}"	""
39	65	43	225	1	1	1	0	0	0	0	0	"{s1:39→1 / s2:39→1 / s3:1→1, 39→1, s1:39→1 / s2:39→1 / s3:39→1}"	"{s3:41→1, s3:41→1}"
39	65	43	226	0	1	1	0	0	0	0	0	"{s1:39→1 / s2:39→1, s1:39→1 / s2:39→2, s1:39→1 / s2:39→3}"	""
39	65	43	230	0	4	0	0	0	0	0	0	"{s1:39→1 / s2:39→1 / s3:39→1 / s4:1→1, 39→1, s1:39→1 / s2:39→1 / s3:39→1 / s4:39→1}"	""
39	65	43	234	0	0	1	0	0	0	0	0	"s1:39→2"	""
39	65	43	237	1	3	0	0	0	0	0	0	"{s1:39→1 / s2:39→1 / s3:1→1, 39→1 / s4:39→1, s1:39→1 / s2:39→1 / s3:39→1 / s4:39→1}"	"{s4:41→1, s4:42→1}"
39	65	43	238	0	3	0	0	0	0	0	0	"{s1:39→1 / s2:39→1 / s3:1→1, s1:39→1 / s2:39→1 / s3:39→1, s1:39→1 / s2:39→1 / s3:39→2, s1:39→1 / s2:39→2 / s3:1→1, 39→1, s1:39→1 / s2:39→3 / s3:1→1, 39→1}"	""
39	65	43	243	2	2	0	0	0	0	0	0	"{s1:39→1 / s2:1→1, 39→1 / s3:39→1 / s4:39→1, s1:39→1 / s2:1→1, 39→1 / s3:39→1 / s4:39→2, s1:39→1 / s2:39→1 / s3:39→1 / s4:1→1, 39→2}"	"{s3:40→1 / s4:40→1, s3:40→1 / s4:40→1, s3:41→1 / s4:41→1}"
39	65	43	245	1	2	0	0	0	0	0	0	"{s1:39→1 / s2:1→1, 39→1 / s3:39→2, s1:39→1 / s2:1→1, 39→1 / s3:39→3, s1:39→1 / s2:1→1, 39→1 / s3:39→4, s1:39→1 / s2:1→1, 39→2 / s3:39→3, s1:39→1 / s2:1→1, 39→2 / s3:39→4, s1:39→1 / s2:1→1 / s3:39→1, s1:39→1 / s2:39→2 / s3:1→1, 39→2, s1:39→1 / s2:39→2 / s3:1→1, 39→3, s1:39→2 / s2:1→1, 39→1 / s3:39→1}"	"{s3:40→1, s3:40→1, s3:40→1, s3:40→1, s3:40→1, s3:40→1, s3:40→1, s3:40→1, s3:40→1}"
39	65	43	246	0	2	0	0	0	0	0	0	"{s1:39→2 / s2:1→1, s1:39→3 / s2:1→1, 39→1, s1:39→4 / s2:1→1, 39→1, s1:39→4 / s2:1→1, 39→2, s1:39→5 / s2:1→1, 39→1}"	""
39	65	43	251	2	1	0	0	0	0	0	0	"{s1:39→1 / s2:39→1 / s3:1→2, 39→3, s1:39→1 / s2:39→2 / s3:1→1, 39→2, s1:39→1 / s2:39→3 / s3:1→1, 39→3, s1:39→1 / s2:39→3 / s3:1→1, 39→4, s1:39→1 / s2:39→4 / s3:1→1, 39→4, s1:39→2 / s2:1→1, 39→1 / s3:1→1, 39→1}"	"{s2:40→1 / s3:40→1, s2:40→1 / s3:40→1, s2:40→1 / s3:40→1, s2:40→1 / s3:40→1, s2:40→1 / s3:40→1, s2:40→1 / s3:40→1}"
39	65	43	253	1	1	0	0	0	0	0	0	"{s1:39→2 / s2:1→2, 39→3, s1:39→3 / s2:1→1, 39→2}"	"{s2:40→1, s2:40→1}"
39	65	44	176	0	1	0	0	1	0	0	0	"s1:39→1 / s2:1→1, 39→1"	""
39	65	44	202	0	1	0	1	0	0	0	0	"s1:39→1 / s2:39→1"	""
39	65	44	206	0	0	2	0	0	0	0	0	"s1:39→1 / s2:39→1"	""
39	65	44	217	1	2	1	0	0	0	0	0	"s1:39→1 / s2:39→1 / s3:1→1 / s4:39→1"	"s4:41→1"
39	65	44	218	0	2	1	0	0	0	0	0	"{s1:39→1 / s2:39→1 / s3:1→1, s1:39→1 / s2:39→2 / s3:1→1, s1:39→1 / s2:39→3 / s3:1→1}"	""
39	65	44	222	0	5	0	0	0	0	0	0	"s1:39→1 / s2:39→1 / s3:39→1 / s4:39→1 / s5:1→1"	""
39	65	44	226	0	1	1	0	0	0	0	0	"s1:39→2 / s2:1→1"	""
39	65	44	229	1	4	0	0	0	0	0	0	"s1:39→1 / s2:39→1 / s3:39→1 / s4:1→1 / s5:39→1"	"s5:42→1"
39	65	44	230	0	4	0	0	0	0	0	0	"{s1:39→1 / s2:39→1 / s3:39→1 / s4:1→1, s1:39→1 / s2:39→1 / s3:39→2 / s4:1→1, s1:39→1 / s2:39→1 / s3:39→3 / s4:1→1}"	""
39	65	44	235	2	3	0	0	0	0	0	0	"{s1:39→1 / s2:39→1 / s3:1→1 / s4:39→1 / s5:39→1, s1:39→1 / s2:39→1 / s3:1→1 / s4:39→1 / s5:39→2}"	"{s4:41→1 / s5:41→1, s4:41→1 / s5:41→1}"
39	65	44	236	2	3	0	0	0	0	0	0	"s1:39→1 / s2:39→1 / s3:1→1 / s4:39→1 / s5:39→1"	"s4:41→1 / s5:40→1"
39	65	44	237	1	3	0	0	0	0	0	0	"{s1:39→1 / s2:39→1 / s3:1→1 / s4:39→1, s1:39→1 / s2:39→1 / s3:1→1 / s4:39→2, s1:39→1 / s2:39→1 / s3:1→1 / s4:39→3, s1:39→1 / s2:39→1 / s3:1→1 / s4:39→4, s1:39→1 / s2:39→1 / s3:1→1 / s4:39→5, s1:39→1 / s2:39→1 / s3:39→1 / s4:1→1, 39→1, s1:39→1 / s2:39→2 / s3:1→1 / s4:39→1, s1:39→1 / s2:39→2 / s3:1→1 / s4:39→1, s1:39→1 / s2:39→2 / s3:1→1 / s4:39→2, s1:39→1 / s2:39→2 / s3:1→1 / s4:39→3, s1:39→1 / s2:39→2 / s3:1→1 / s4:39→4, s1:39→1 / s2:39→3 / s3:1→1 / s4:39→1}"	"{s4:41→1, s4:41→1, s4:41→1, s4:41→1, s4:41→1, s4:42→1, s4:40→1, s4:41→1, s4:40→1, s4:40→1, s4:40→1, s4:40→1}"
39	65	44	238	0	3	0	0	0	0	0	0	"{s1:39→1 / s2:39→2 / s3:1→1, s1:39→1 / s2:39→3 / s3:1→1, s1:39→1 / s2:39→4 / s3:1→1, s1:39→1 / s2:39→5 / s3:1→1, s1:39→2 / s2:39→2 / s3:1→1, s1:39→2 / s2:39→3 / s3:1→1, s1:39→2 / s2:39→4 / s3:1→1, s1:39→3 / s2:39→3 / s3:1→1}"	""
39	65	44	243	2	2	0	0	0	0	0	0	"{s1:39→1 / s2:1→1 / s3:39→1 / s4:39→1, s1:39→1 / s2:1→1 / s3:39→1 / s4:39→2, s1:39→1 / s2:1→1 / s3:39→1 / s4:39→3, s1:39→1 / s2:1→1 / s3:39→1 / s4:39→4, s1:39→1 / s2:1→1 / s3:39→1 / s4:39→5, s1:39→1 / s2:1→1 / s3:39→2 / s4:39→2, s1:39→1 / s2:1→1 / s3:39→2 / s4:39→3, s1:39→1 / s2:1→1 / s3:39→2 / s4:39→4, s1:39→1 / s2:1→1 / s3:39→2 / s4:39→5, s1:39→1 / s2:1→1 / s3:39→3 / s4:39→3, s1:39→1 / s2:1→1 / s3:39→3 / s4:39→4, s1:39→1 / s2:1→1 / s3:39→3 / s4:39→5, s1:39→1 / s2:1→1 / s3:39→4 / s4:39→4, s1:39→1 / s2:1→1 / s3:39→4 / s4:39→5, s1:39→1 / s2:1→1 / s3:39→5 / s4:39→5, s1:39→1 / s2:39→1 / s3:39→1 / s4:1→1, 39→1, s1:39→2 / s2:1→1 / s3:39→1 / s4:39→1}"	"{s3:40→1 / s4:40→1, s3:40→1 / s4:40→1, s3:40→1 / s4:40→1, s3:40→1 / s4:40→1, s3:40→1 / s4:40→1, s3:40→1 / s4:40→1, s3:40→1 / s4:40→1, s3:40→1 / s4:40→1, s3:40→1 / s4:40→1, s3:40→1 / s4:40→1, s3:40→1 / s4:40→1, s3:40→1 / s4:40→1, s3:40→1 / s4:40→1, s3:40→1 / s4:40→1, s3:40→1 / s4:40→1, s3:41→1 / s4:41→1, s3:40→1 / s4:40→1}"
39	65	44	245	1	2	0	0	0	0	0	0	"{s1:39→1 / s2:1→1, 39→1 / s3:39→5, s1:39→1 / s2:1→1 / s3:39→2, s1:39→1 / s2:1→1 / s3:39→3, s1:39→1 / s2:1→1 / s3:39→4, s1:39→1 / s2:1→1 / s3:39→5, s1:39→1 / s2:39→2 / s3:1→1, 39→1, s1:39→2 / s2:1→1 / s3:39→1, s1:39→2 / s2:1→1 / s3:39→2, s1:39→2 / s2:1→1 / s3:39→3, s1:39→2 / s2:1→1 / s3:39→4, s1:39→2 / s2:1→1 / s3:39→5, s1:39→3 / s2:1→1 / s3:39→1, s1:39→3 / s2:1→1 / s3:39→2, s1:39→3 / s2:1→1 / s3:39→3, s1:39→3 / s2:1→1 / s3:39→4, s1:39→4 / s2:1→1 / s3:39→1}"	"{s3:40→1, s3:40→1, s3:40→1, s3:40→1, s3:40→1, s3:41→1, s3:40→1, s3:40→1, s3:40→1, s3:40→1, s3:40→1, s3:40→1, s3:40→1, s3:40→1, s3:40→1, s3:40→1}"
39	65	44	246	0	2	0	0	0	0	0	0	"{s1:39→3 / s2:1→1, s1:39→4 / s2:1→1, s1:39→5 / s2:1→1}"	""
39	65	45	176	0	1	0	0	1	0	0	0	"s1:39→1 / s2:39→1"	""
39	65	45	194	0	2	0	1	0	0	0	0	"s1:39→1 / s2:39→1 / s3:1→1"	""
39	65	45	198	0	1	2	0	0	0	0	0	"s1:39→1 / s2:39→1 / s3:1→1"	""
39	65	45	210	0	3	1	0	0	0	0	0	"s1:39→1 / s2:39→1 / s3:39→1 / s4:1→1"	""
39	65	45	244	2	2	0	0	0	0	0	0	"s1:39→1 / s2:39→1 / s3:39→1 / s4:1→1, 39→1"	"s3:41→1 / s4:40→1"
39	65	45	245	1	2	0	0	0	0	0	0	"s1:39→1 / s2:39→2 / s3:1→1, 39→1"	"s3:40→1"
39	65	45	251	2	1	0	0	0	0	0	0	"{s1:39→1 / s2:1→1 / s3:1→1, 39→2, s1:39→1 / s2:39→4 / s3:1→1, 39→3, s1:39→1 / s2:39→5 / s3:1→1, 39→4, s1:39→2 / s2:39→1 / s3:1→1, 39→1}"	"{s2:40→1 / s3:40→1, s2:40→1 / s3:40→1, s2:40→1 / s3:40→1, s2:40→1 / s3:40→1}"
39	65	45	253	1	1	0	0	0	0	0	0	"s1:39→3 / s2:1→1, 39→1"	"s2:40→1"
39	65	46	168	0	2	0	0	1	0	0	0	"s1:39→1 / s2:39→1 / s3:1→1"	""
39	65	46	251	2	1	0	0	0	0	0	0	"s1:39→1 / s2:39→3 / s3:1→1, 39→2"	"s2:40→1 / s3:40→1"
39	65	48	251	2	1	0	0	0	0	0	0	"s1:39→1 / s2:39→2 / s3:1→1, 39→1"	"s2:40→1 / s3:40→1"
39	65	48	253	1	1	0	0	0	0	0	0	"s1:39→4 / s2:1→1, 39→1"	"s2:40→1"
39	65	49	251	2	1	0	0	0	0	0	0	"s1:39→1 / s2:39→5 / s3:1→1, 39→3"	"s2:40→1 / s3:40→1"
39	65	52	243	2	2	0	0	0	0	0	0	"s1:39→1 / s2:39→1 / s3:39→2 / s4:1→1, 39→1"	"s3:41→1 / s4:41→1"
39	65	53	245	1	2	0	0	0	0	0	0	"s1:39→1 / s2:39→2 / s3:1→2, 39→3"	"s3:40→1"
39	65	53	251	2	1	0	0	0	0	0	0	"s1:39→1 / s2:39→4 / s3:1→1, 39→2"	"s2:40→1 / s3:40→1"
39	65	65	245	1	2	0	0	0	0	0	0	"s1:39→1 / s2:39→3 / s3:1→1, 39→1"	"s3:40→1"
39	65	66	251	2	1	0	0	0	0	0	0	"s1:39→1 / s2:39→5 / s3:1→1, 39→2"	"s2:40→1 / s3:40→1"
39	65	67	251	2	1	0	0	0	0	0	0	"s1:39→1 / s2:1→1 / s3:1→1, 39→3"	"s2:40→1 / s3:40→1"
39	65	70	251	2	1	0	0	0	0	0	0	"s1:39→1 / s2:39→3 / s3:1→1, 39→1"	"s2:40→1 / s3:40→1"
39	65	71	253	1	1	0	0	0	0	0	0	"s1:39→2 / s2:1→2, 39→2"	"s2:40→1"
39	65	72	201	1	1	0	1	0	0	0	0	"s1:39→1 / s2:39→1 / s3:1→1"	"s3:41→1"
39	65	75	251	2	1	0	0	0	0	0	0	"s1:39→2 / s2:1→1 / s3:1→1, 39→3"	"s2:40→1 / s3:40→1"
39	65	75	253	1	1	0	0	0	0	0	0	"s1:39→2 / s2:1→1"	"s2:40→1"
39	65	79	251	2	1	0	0	0	0	0	0	"s1:39→2 / s2:1→1 / s3:1→1, 39→4"	"s2:40→1 / s3:40→1"
39	65	81	225	1	1	1	0	0	0	0	0	"s1:39→1 / s2:39→1 / s3:1→1"	"s3:41→1"
39	65	83	251	2	1	0	0	0	0	0	0	"s1:39→2 / s2:1→1 / s3:1→1, 39→2"	"s2:40→1 / s3:40→1"
39	65	87	251	2	1	0	0	0	0	0	0	"s1:39→1 / s2:1→1 / s3:1→1, 39→4"	"s2:40→1 / s3:40→1"
39	65	88	253	1	1	0	0	0	0	0	0	"s1:39→3 / s2:1→1"	"s2:40→1"
39	65	93	251	2	1	0	0	0	0	0	0	"s1:39→1 / s2:39→4 / s3:1→1, 39→1"	"s2:40→1 / s3:40→1"
39	65	93	253	1	1	0	0	0	0	0	0	"s1:39→4 / s2:1→1"	"s2:40→1"
39	65	94	245	1	2	0	0	0	0	0	0	"s1:39→1 / s2:39→2 / s3:1→1"	"s3:41→1"
39	65	95	245	1	2	0	0	0	0	0	0	"s1:39→1 / s2:39→1 / s3:1→1"	"s3:41→1"
39	65	96	244	2	2	0	0	0	0	0	0	"s1:39→1 / s2:39→1 / s3:1→1 / s4:1→1, 39→2"	"s3:41→1 / s4:40→1"
39	65	96	245	1	2	0	0	0	0	0	0	"s1:39→1 / s2:39→3 / s3:1→1"	"s3:41→1"
39	65	96	253	1	1	0	0	0	0	0	0	"s1:39→5 / s2:1→1"	"s2:40→1"
39	65	97	243	2	2	0	0	0	0	0	0	"s1:39→1 / s2:39→1 / s3:1→1 / s4:1→1, 39→2"	"s3:41→1 / s4:41→1"
39	65	99	243	2	2	0	0	0	0	0	0	"s1:39→1 / s2:39→1 / s3:1→1 / s4:1→1, 39→3"	"s3:41→1 / s4:41→1"
39	65	99	251	2	1	0	0	0	0	0	0	"s1:39→2 / s2:39→1 / s3:1→1"	"s2:40→1 / s3:40→1"
39	65	104	244	2	2	0	0	0	0	0	0	"s1:39→1 / s2:39→1 / s3:1→1 / s4:1→1, 39→3"	"s3:41→1 / s4:40→1"
39	65	105	251	2	1	0	0	0	0	0	0	"s1:39→1 / s2:39→1 / s3:1→1"	"s2:40→1 / s3:40→1"
39	65	108	243	2	2	0	0	0	0	0	0	"s1:39→1 / s2:39→1 / s3:1→1 / s4:1→1, 39→4"	"s3:41→1 / s4:41→1"
39	65	110	251	2	1	0	0	0	0	0	0	"s1:39→1 / s2:39→1 / s3:1→2, 39→2"	"s2:40→1 / s3:40→1"
39	65	111	251	2	1	0	0	0	0	0	0	"s1:39→1 / s2:39→5 / s3:1→1, 39→1"	"s2:40→1 / s3:40→1"
39	65	115	253	1	1	0	0	0	0	0	0	"s1:39→3 / s2:1→2, 39→3"	"s2:40→1"
39	65	116	244	2	2	0	0	0	0	0	0	"s1:39→1 / s2:39→1 / s3:1→1 / s4:1→1, 39→4"	"s3:41→1 / s4:40→1"
39	65	124	251	2	1	0	0	0	0	0	0	"s1:39→2 / s2:39→2 / s3:1→1"	"s2:40→1 / s3:40→1"
39	65	127	243	2	2	0	0	0	0	0	0	"s1:39→1 / s2:39→1 / s3:39→1 / s4:1→1"	"s3:41→1 / s4:41→1"
39	65	129	245	1	2	0	0	0	0	0	0	"s1:39→2 / s2:39→2 / s3:1→1"	"s3:41→1"
39	65	135	237	1	3	0	0	0	0	0	0	"s1:39→1 / s2:39→1 / s3:39→1 / s4:1→1"	"s4:42→1"
39	65	135	244	2	2	0	0	0	0	0	0	"s1:39→1 / s2:39→1 / s3:1→1 / s4:1→1, 39→1"	"s3:41→1 / s4:40→1"
39	65	144	251	2	1	0	0	0	0	0	0	"s1:39→2 / s2:39→3 / s3:1→1"	"s2:40→1 / s3:40→1"
39	65	149	251	2	1	0	0	0	0	0	0	"s1:39→1 / s2:39→2 / s3:1→1"	"s2:40→1 / s3:40→1"
39	65	153	253	1	1	0	0	0	0	0	0	"s1:39→1 / s2:1→3, 39→1"	"s2:40→1"
39	65	157	243	2	2	0	0	0	0	0	0	"s1:39→1 / s2:39→1 / s3:39→2 / s4:1→1"	"s3:41→1 / s4:41→1"
39	65	158	251	2	1	0	0	0	0	0	0	"s1:39→2 / s2:39→4 / s3:1→1"	"s2:40→1 / s3:40→1"
39	65	170	243	2	2	0	0	0	0	0	0	"s1:39→1 / s2:39→2 / s3:39→1 / s4:1→1"	"s3:40→1 / s4:40→1"
39	65	170	245	1	2	0	0	0	0	0	0	"s1:39→1 / s2:39→2 / s3:1→1"	"s3:40→1"
39	65	171	251	2	1	0	0	0	0	0	0	"s1:39→1 / s2:39→3 / s3:1→1"	"s2:40→1 / s3:40→1"
39	65	172	244	2	2	0	0	0	0	0	0	"s1:39→1 / s2:39→1 / s3:39→1 / s4:1→1"	"s3:41→1 / s4:40→1"
39	65	175	243	2	2	0	0	0	0	0	0	"s1:39→1 / s2:39→1 / s3:39→3 / s4:1→1"	"s3:41→1 / s4:41→1"
39	65	179	237	1	3	0	0	0	0	0	0	"s1:39→1 / s2:39→1 / s3:39→2 / s4:1→1"	"s4:41→1"
39	65	184	251	2	1	0	0	0	0	0	0	"s1:39→1 / s2:39→4 / s3:1→1"	"s2:40→1 / s3:40→1"
39	65	186	243	2	2	0	0	0	0	0	0	"s1:39→1 / s2:39→1 / s3:39→4 / s4:1→1"	"s3:41→1 / s4:41→1"
39	65	192	251	2	1	0	0	0	0	0	0	"s1:39→1 / s2:39→5 / s3:1→1"	"s2:40→1 / s3:40→1"
39	66	39	157	0	0	0	0	1	0	0	0	"s1:39→1"	""
39	66	39	183	0	0	0	1	0	0	0	0	"s1:39→1"	""
39	66	39	207	0	0	1	0	0	0	0	0	"s1:39→1"	""
39	66	39	227	0	1	0	0	0	0	0	0	"s1:39→1"	""
39	66	40	226	1	1	0	0	0	0	0	0	"s1:39→1 / s2:1→1"	"s2:40→1"
39	66	41	224	2	1	0	0	0	0	0	0	"s1:39→1 / s2:3→1, 39→3 / s3:1→1"	"s2:40→1 / s3:40→1"
39	66	41	226	1	1	0	0	0	0	0	0	"{s1:39→1 / s2:1→1, 3→1, 39→2, s1:39→1 / s2:1→1, 3→1, 39→3, s1:39→1 / s2:3→1, 39→2, s1:39→1 / s2:3→1, 39→3}"	"{s2:40→1, s2:40→1, s2:40→1, s2:40→1}"
39	66	42	224	2	1	0	0	0	0	0	0	"s1:39→1 / s2:3→1, 39→2 / s3:1→1"	"s2:40→1 / s3:40→1"
39	66	42	226	1	1	0	0	0	0	0	0	"{s1:39→1 / s2:1→1, 39→1, s1:39→1 / s2:3→1, 39→4}"	"{s2:40→1, s2:40→1}"
39	66	43	224	2	1	0	0	0	0	0	0	"s1:39→1 / s2:3→1, 39→4 / s3:1→1"	"s2:40→1 / s3:40→1"
39	66	43	226	1	1	0	0	0	0	0	0	"{s1:39→1 / s2:1→1, 39→2, s1:39→1 / s2:1→1, 39→3}"	"{s2:40→1, s2:40→1}"
39	66	44	218	1	2	0	0	0	0	0	0	"s1:39→1 / s2:39→1 / s3:1→1, 39→1"	"s3:41→1"
39	66	44	219	0	2	0	0	0	0	0	0	"s1:39→1 / s2:39→1"	""
39	66	44	226	1	1	0	0	0	0	0	0	"s1:39→1 / s2:1→1, 39→4"	"s2:40→1"
39	66	45	199	0	1	1	0	0	0	0	0	"s1:39→1 / s2:39→1"	""
39	66	45	211	0	3	0	0	0	0	0	0	"s1:39→1 / s2:39→1 / s3:39→1"	""
39	66	45	218	1	2	0	0	0	0	0	0	"s1:39→1 / s2:39→1 / s3:39→1"	"s3:41→1"
39	66	45	219	0	2	0	0	0	0	0	0	"{s1:39→1 / s2:39→2, s1:39→1 / s2:39→3}"	""
39	66	45	224	2	1	0	0	0	0	0	0	"{s1:39→1 / s2:39→1 / s3:1→1, 39→2, s1:39→1 / s2:39→1 / s3:39→1, s1:39→1 / s2:39→1 / s3:39→2}"	"{s2:40→1 / s3:40→1, s2:40→1 / s3:40→1, s2:40→1 / s3:40→1}"
39	66	45	226	1	1	0	0	0	0	0	0	"{s1:39→1 / s2:39→1, s1:39→1 / s2:39→2, s1:39→1 / s2:39→3, s1:39→1 / s2:39→4, s1:39→1 / s2:39→5, s1:39→2 / s2:39→1}"	"{s2:40→1, s2:40→1, s2:40→1, s2:40→1, s2:40→1, s2:40→1}"
39	66	45	227	0	1	0	0	0	0	0	0	"{s1:39→2, s1:39→3, s1:39→4, s1:39→5}"	""
39	66	47	226	1	1	0	0	0	0	0	0	"s1:39→2 / s2:1→1, 39→1"	"s2:40→1"
39	66	48	224	2	1	0	0	0	0	0	0	"s1:39→1 / s2:39→1 / s3:1→1, 39→1"	"s2:40→1 / s3:40→1"
39	66	85	226	1	1	0	0	0	0	0	0	"s1:39→1 / s2:3→1, 39→1"	"s2:40→1"
39	66	129	224	2	1	0	0	0	0	0	0	"s1:39→1 / s2:3→1, 39→1 / s3:1→1"	"s2:40→1 / s3:40→1"
39	66	155	224	2	1	0	0	0	0	0	0	"s1:39→1 / s2:39→2 / s3:1→1, 39→1"	"s2:40→1 / s3:40→1"
39	66	161	226	1	1	0	0	0	0	0	0	"s1:39→1 / s2:1→1, 3→1, 39→1"	"s2:40→1"
39	67	39	206	0	1	0	0	0	0	0	0	""	"s1:39→1"
39	69	39	176	0	1	0	0	0	0	0	0	""	"s1:39→1"
39	69	44	176	1	1	0	0	0	0	0	0	"s1:38→1 / s2:1→1"	"s2:40→1"
39	69	44	177	0	1	0	0	0	0	0	0	"s1:38→1"	""
39	70	39	157	0	0	0	0	1	0	0	0	"s1:39→1"	""
39	70	39	183	0	0	0	1	0	0	0	0	"s1:39→1"	""
39	70	39	207	0	0	1	0	0	0	0	0	"s1:39→1"	""
39	70	39	218	0	2	0	0	0	0	0	0	"s1:39→1"	"s2:1→1"
39	70	39	226	0	1	0	0	0	0	0	0	""	"s1:1→1"
39	70	39	227	0	1	0	0	0	0	0	0	"s1:39→1"	""
39	70	40	198	0	1	1	0	0	0	0	0	"s1:39→1"	"s2:1→1"
39	70	40	226	0	1	0	0	0	0	0	0	"s1:39→1"	"s1:1→1"
39	70	41	174	0	1	0	1	0	0	0	0	"s1:39→1"	"s2:1→1"
39	70	41	226	1	1	0	0	0	0	0	0	"s1:39→1 / s2:2→1, 39→1"	"s2:40→1"
39	70	42	148	0	1	0	0	1	0	0	0	"s1:39→1"	"s2:1→1"
39	70	42	218	0	2	0	0	0	0	0	0	"s1:39→1 / s2:39→1"	"s2:1→1"
39	70	42	226	0	1	0	0	0	0	0	0	"s1:39→2"	"s1:1→1"
39	70	42	226	1	1	0	0	0	0	0	0	"s1:39→1 / s2:2→1, 39→2"	"s2:40→1"
39	70	43	226	0	1	0	0	0	0	0	0	"s1:39→3"	"s1:1→1"
39	70	43	226	1	1	0	0	0	0	0	0	"{s1:39→1 / s2:2→1, 39→3, s1:39→1 / s2:2→1, 39→4}"	"{s2:40→1, s2:40→1}"
39	70	44	219	0	2	0	0	0	0	0	0	"s1:39→1 / s2:39→1"	""
39	70	45	199	0	1	1	0	0	0	0	0	"s1:39→1 / s2:39→1"	""
39	70	45	218	1	2	0	0	0	0	0	0	"s1:39→1 / s2:39→1 / s3:39→1"	"s3:41→1"
39	70	45	219	0	2	0	0	0	0	0	0	"{s1:39→1 / s2:39→2, s1:39→1 / s2:39→3}"	""
39	70	45	224	2	1	0	0	0	0	0	0	"{s1:39→1 / s2:39→1 / s3:39→1, s1:39→1 / s2:39→1 / s3:39→2}"	"{s2:40→1 / s3:40→1, s2:40→1 / s3:40→1}"
39	70	45	226	1	1	0	0	0	0	0	0	"{s1:39→1 / s2:39→1, s1:39→1 / s2:39→2, s1:39→1 / s2:39→3, s1:39→1 / s2:39→4, s1:39→1 / s2:39→5, s1:39→2 / s2:39→1}"	"{s2:40→1, s2:40→1, s2:40→1, s2:40→1, s2:40→1, s2:40→1}"
39	70	45	227	0	1	0	0	0	0	0	0	"{s1:39→2, s1:39→3, s1:39→4, s1:39→5}"	""
39	70	46	211	0	3	0	0	0	0	0	0	"s1:39→1 / s2:39→1 / s3:39→1"	""
39	70	48	218	0	2	0	0	0	0	0	0	"s1:39→2 / s2:39→1"	"s2:1→1"
39	70	113	190	0	2	1	0	0	0	0	0	"s1:39→1 / s2:39→1"	"s3:1→1"
39	70	117	210	0	3	0	0	0	0	0	0	"s1:39→1 / s2:39→1"	"s3:1→1"
39	70	126	202	0	4	0	0	0	0	0	0	"s1:39→1 / s2:39→1 / s3:39→1"	"s4:1→1"
39	70	129	217	1	2	0	0	0	0	0	0	"s1:39→1 / s3:39→1"	"s2:1→1 / s3:40→1"
39	70	129	218	0	2	0	0	0	0	0	0	"s1:39→2"	"s2:1→1"
39	70	131	209	1	3	0	0	0	0	0	0	"s1:39→1 / s2:39→1 / s4:39→1"	"s3:1→1 / s4:41→1"
39	70	131	210	0	3	0	0	0	0	0	0	"s1:39→1 / s2:39→2"	"s3:1→1"
39	70	133	215	2	2	0	0	0	0	0	0	"s1:39→1 / s3:39→1 / s4:39→1"	"s2:1→1 / s3:40→1 / s4:40→1"
39	70	133	217	1	2	0	0	0	0	0	0	"s1:39→2 / s3:39→1"	"s2:1→1 / s3:40→1"
39	70	133	218	0	2	0	0	0	0	0	0	"s1:39→3"	"s2:1→1"
39	70	134	210	0	3	0	0	0	0	0	0	"s1:39→1 / s2:39→3"	"s3:1→1"
39	70	134	215	2	2	0	0	0	0	0	0	"s1:39→1 / s3:39→1 / s4:39→2"	"s2:1→1 / s3:40→1 / s4:40→1"
39	70	134	217	1	2	0	0	0	0	0	0	"s1:39→1 / s3:39→2"	"s2:1→1 / s3:40→1"
39	70	134	218	0	2	0	0	0	0	0	0	"s1:39→4"	"s2:1→1"
39	70	135	217	1	2	0	0	0	0	0	0	"{s1:39→1 / s3:39→3, s1:39→1 / s3:39→4, s1:39→1 / s3:39→5}"	"{s2:1→1 / s3:40→1, s2:1→1 / s3:40→1, s2:1→1 / s3:40→1}"
39	70	135	218	0	2	0	0	0	0	0	0	"s1:39→5"	"s2:1→1"
39	70	171	224	2	1	0	0	0	0	0	0	"s1:39→1 / s2:39→1 / s3:2→1, 39→2"	"s2:40→1 / s3:40→1"
39	71	39	206	0	1	0	0	0	0	0	0	""	"s1:39→1"
39	71	40	197	0	2	0	0	0	0	0	0	""	"s1:39→1 / s2:1→1"
39	71	41	204	0	1	0	0	0	0	0	0	""	"s1:39→1, 1→1"
39	72	39	206	0	1	0	0	0	0	0	0	""	"{s1:1→1, s1:39→1}"
39	72	40	197	0	2	0	0	0	0	0	0	""	"s1:39→1 / s2:1→1"
39	72	41	204	0	1	0	0	0	0	0	0	""	"s1:39→1, 1→1"
39	72	44	207	0	1	0	0	0	0	0	0	"s1:38→1"	""
39	72	78	198	0	2	0	0	0	0	0	0	"s1:38→1"	"s2:1→1"
39	73	39	205	0	1	0	0	0	0	0	0	""	"s1:1→1"
39	73	44	206	0	1	0	0	0	0	0	0	"s1:38→1"	""
39	73	78	197	0	2	0	0	0	0	0	0	"s1:38→1"	"s2:1→1"
39	74	39	206	0	1	0	0	0	0	0	0	""	"{s1:1→1, s1:39→1}"
39	74	40	197	0	2	0	0	0	0	0	0	""	"s1:39→1 / s2:1→1"
39	74	44	206	0	1	0	0	0	0	0	0	""	"s1:2→1"
39	74	44	207	0	1	0	0	0	0	0	0	"s1:38→1"	""
39	74	85	198	0	2	0	0	0	0	0	0	"s1:38→1"	"s2:1→1"
39	74	104	197	0	2	0	0	0	0	0	0	""	"s1:39→1 / s2:2→1"
39	75	39	205	0	1	0	0	0	0	0	0	""	"s1:1→1"
39	75	44	205	0	1	0	0	0	0	0	0	""	"s1:2→1"
39	75	44	206	0	1	0	0	0	0	0	0	"s1:38→1"	""
39	75	86	197	0	2	0	0	0	0	0	0	"s1:38→1"	"s2:1→1"
39	76	39	201	1	0	0	0	0	0	0	0	""	"s1:1→1"
39	76	44	194	0	1	0	0	0	0	0	0	"s1:2→1"	""
39	76	44	201	1	0	0	0	0	0	0	0	"{s1:2→1, s1:2→1, 4→1, s1:4→1}"	"{s1:1→1, s1:1→1, s1:1→1}"
39	78	39	104	0	0	0	0	0	0	0	1	"s1:39→1"	""
39	78	39	219	0	0	0	0	0	0	1	0	"s1:39→1"	""
39	78	39	238	0	1	0	0	0	1	0	0	"s1:39→1"	"s2:3→1"
39	78	39	247	0	0	0	0	0	1	0	0	"s1:39→1"	""
39	78	40	210	0	1	0	0	0	0	1	0	"s1:39→1"	"s2:3→1"
39	78	44	95	0	1	0	0	0	0	0	1	"s1:39→1"	"s2:3→1"
39	78	44	201	0	2	0	0	0	0	1	0	"s1:39→1"	"s2:3→1 / s3:1→1"
39	78	46	86	0	2	0	0	0	0	0	1	"s1:39→1"	"s2:3→1 / s3:1→1"
39	78	46	93	0	1	0	0	0	0	0	1	"s1:39→1"	"s2:3→1, 1→1"
39	78	46	266	0	1	0	0	1	0	0	0	"s1:39→1 / s2:39→1"	""
39	78	58	208	0	1	0	0	0	0	1	0	"s1:39→1"	"s2:3→1, 1→1"
39	78	119	229	0	2	0	0	0	1	0	0	"s1:39→1"	"s2:3→1 / s3:1→1"
39	78	157	236	0	1	0	0	0	1	0	0	"s1:39→1"	"s2:3→1, 1→1"
39	78	181	265	0	1	0	0	1	0	0	0	"s1:39→1"	"s2:3→1"
39	79	39	208	0	0	0	0	0	0	1	0	"s1:1→1"	""
39	79	39	236	0	0	0	0	0	1	0	0	"s1:1→1"	""
39	79	39	263	0	0	0	0	1	0	0	0	"s1:1→1"	""
39	79	43	200	0	1	0	0	0	0	1	0	"s1:1→1 / s2:37→1"	""
39	79	44	180	0	0	1	0	0	0	1	0	"s1:1→1 / s2:37→1"	""
39	79	45	192	0	2	0	0	0	0	1	0	"s1:1→1 / s2:37→1 / s3:37→1"	""
39	79	45	199	1	1	0	0	0	0	1	0	"s1:1→1 / s2:37→1 / s3:37→1"	"s3:41→1"
39	79	45	200	0	1	0	0	0	0	1	0	"s1:1→1 / s2:37→2"	""
39	79	46	199	1	1	0	0	0	0	1	0	"s1:1→1 / s2:37→1 / s3:37→2"	"s3:41→1"
39	79	46	200	0	1	0	0	0	0	1	0	"s1:1→1 / s2:37→3"	""
39	79	60	208	0	0	1	0	0	1	0	0	"s1:1→1 / s2:37→1"	""
39	79	67	228	0	1	0	0	0	1	0	0	"s1:1→1 / s2:37→1"	""
39	79	81	220	0	2	0	0	0	1	0	0	"s1:1→1 / s2:37→1 / s3:37→1"	""
39	79	85	228	0	1	0	0	0	1	0	0	"s1:1→1 / s2:37→2"	""
39	79	86	227	1	1	0	0	0	1	0	0	"s1:1→1 / s2:37→1 / s3:37→1"	"s3:41→1"
39	79	88	227	1	1	0	0	0	1	0	0	"s1:1→1 / s2:37→1 / s3:37→2"	"s3:41→1"
39	79	88	228	0	1	0	0	0	1	0	0	"s1:1→1 / s2:37→3"	""
39	79	167	235	0	0	1	0	1	0	0	0	"s1:1→1 / s2:37→1"	""
39	79	175	255	0	1	0	0	1	0	0	0	"s1:1→1 / s2:37→1"	""
39	79	185	247	0	2	0	0	1	0	0	0	"s1:1→1 / s2:37→1 / s3:37→1"	""
39	79	188	254	1	1	0	0	1	0	0	0	"s1:1→1 / s2:37→1 / s3:37→1"	"s3:41→1"
39	79	188	255	0	1	0	0	1	0	0	0	"s1:1→1 / s2:37→2"	""
39	79	190	254	1	1	0	0	1	0	0	0	"s1:1→1 / s2:37→1 / s3:37→2"	"s3:41→1"
39	79	190	255	0	1	0	0	1	0	0	0	"s1:1→1 / s2:37→3"	""
39	80	39	209	0	0	0	0	0	0	1	0	"s1:1→1"	""
39	80	39	229	0	1	0	0	0	1	0	0	"s1:1→1 / s2:39→1"	""
39	80	39	236	0	0	1	0	1	0	0	0	"{s1:1→1 / s2:39→1, s1:39→1 / s2:1→1}"	""
39	80	39	236	1	0	0	0	0	1	0	0	"s1:1→1"	"s2:38→1"
39	80	39	237	0	0	0	0	0	1	0	0	"s1:1→1"	""
39	80	39	238	0	0	0	2	0	0	0	0	"s1:39→1 / s2:1→1"	""
39	80	39	264	0	0	0	0	1	0	0	0	"{s1:1→1, s1:1→1, 39→1, s1:39→1}"	""
39	80	40	201	0	1	0	0	0	0	1	0	"s1:1→1 / s2:39→1"	""
39	80	40	208	1	0	0	0	0	0	1	0	"s1:1→1"	"s2:38→1"
39	80	40	209	0	0	1	0	0	1	0	0	"s1:1→1 / s2:39→1"	""
39	80	40	212	0	0	0	1	1	0	0	0	"{s1:1→1 / s2:39→1, s1:39→1 / s2:1→1}"	""
39	80	40	263	1	0	0	0	1	0	0	0	"{s1:1→1 / s2:1→1, 39→3, s1:1→1 / s2:6→1, 39→1}"	"{s2:38→1, s2:38→1}"
39	80	41	181	0	0	1	0	0	0	1	0	"s1:1→1 / s2:39→1"	""
39	80	41	185	0	0	0	1	0	1	0	0	"s1:1→1 / s2:39→1"	""
39	80	41	186	0	0	0	0	2	0	0	0	"s1:39→1 / s2:1→1"	""
39	80	41	228	1	1	0	0	0	1	0	0	"{s1:1→1 / s2:39→1 / s3:6→1, 39→1, s1:1→1 / s2:39→1 / s3:6→1, 39→1}"	"{s3:38→1, s3:41→1}"
39	80	41	235	1	0	1	0	1	0	0	0	"{s1:1→1 / s2:39→1 / s3:1→1, 39→1, s1:1→1 / s2:39→1 / s3:6→1}"	"{s3:38→1, s3:38→1}"
39	80	41	236	1	0	0	0	0	1	0	0	"{s1:1→1 / s2:6→1, 39→1, s1:1→1 / s2:6→1, 39→2, s1:1→1 / s2:6→1, 39→3}"	"{s2:38→1, s2:38→1, s2:38→1}"
39	80	41	237	1	0	0	2	0	0	0	0	"s1:39→1 / s2:1→1 / s3:1→1"	"s3:38→1"
39	80	41	263	1	0	0	0	1	0	0	0	"{s1:1→1 / s2:1→1, 39→1, s1:1→1 / s2:1→1, 39→2, s1:1→1 / s2:1→1, 6→1, 39→1, s1:1→1 / s2:1→1, 6→1, 39→2, s1:1→1 / s2:1→1, 6→1, 39→3, s1:1→1 / s2:6→1}"	"{s2:38→1, s2:38→1, s2:38→1, s2:38→1, s2:38→1, s2:38→1}"
39	80	42	157	0	0	0	1	0	0	1	0	"s1:1→1 / s2:39→1"	""
39	80	42	159	0	0	0	0	1	1	0	0	"s1:1→1 / s2:39→1"	""
39	80	42	184	1	0	0	1	0	1	0	0	"s1:1→1 / s2:39→1 / s3:6→1"	"s3:38→1"
39	80	42	200	1	1	0	0	0	0	1	0	"{s1:1→1 / s2:39→1 / s3:6→1, 39→1, s1:1→1 / s2:39→1 / s3:6→1, 39→1, s1:1→1 / s2:39→1 / s3:6→1, 39→2, s1:1→1 / s2:39→1 / s3:6→1, 39→2}"	"{s3:38→1, s3:41→1, s3:38→1, s3:41→1}"
39	80	42	208	1	0	0	0	0	0	1	0	"{s1:1→1 / s2:6→1, 39→1, s1:1→1 / s2:6→1, 39→2, s1:1→1 / s2:6→1, 39→3, s1:1→1 / s2:6→1, 39→4}"	"{s2:38→1, s2:38→1, s2:38→1, s2:38→1}"
39	80	42	208	1	0	1	0	0	1	0	0	"{s1:1→1 / s2:39→1 / s3:6→1, s1:1→1 / s2:39→1 / s3:6→1, 39→1}"	"{s3:38→1, s3:38→1}"
39	80	42	211	1	0	0	1	1	0	0	0	"{s1:1→1 / s2:39→1 / s3:1→1, s1:1→1 / s2:39→1 / s3:6→1}"	"{s3:38→1, s3:38→1}"
39	80	42	228	1	1	0	0	0	1	0	0	"s1:1→1 / s2:39→1 / s3:6→1, 39→2"	"s3:41→1"
39	80	42	235	1	0	1	0	1	0	0	0	"s1:1→1 / s2:39→1 / s3:1→1, 6→1, 39→1"	"s3:38→1"
39	80	42	236	1	0	0	0	0	1	0	0	"s1:1→1 / s2:6→1"	"s2:38→1"
39	80	42	263	1	0	0	0	1	0	0	0	"s1:1→1 / s2:1→1"	"s2:38→1"
39	80	43	131	0	0	0	0	1	0	1	0	"s1:1→1 / s2:39→1"	""
39	80	43	156	1	0	0	1	0	0	1	0	"s1:1→1 / s2:39→1 / s3:6→1"	"s3:38→1"
39	80	43	180	1	0	1	0	0	0	1	0	"{s1:1→1 / s2:39→1 / s3:6→1, s1:1→1 / s2:39→1 / s3:6→1, 39→1}"	"{s3:38→1, s3:38→1}"
39	80	43	199	2	1	0	0	0	0	1	0	"{s1:1→1 / s2:39→1 / s4:6→1, 39→2, s1:1→1 / s2:39→1 / s4:6→1, 39→3, s1:1→1 / s2:39→1 / s4:6→1, 39→4}"	"{s3:38→1 / s4:41→1, s3:38→1 / s4:41→1, s3:38→1 / s4:41→1}"
39	80	43	200	1	1	0	0	0	0	1	0	"{s1:1→1 / s2:39→1, s1:1→1 / s2:39→1 / s3:6→1, 39→3, s1:1→1 / s2:39→1 / s3:6→1, 39→3, s1:1→1 / s2:39→1 / s3:6→1, 39→4, s1:1→1 / s2:39→1 / s3:6→1, 39→4}"	"{s3:38→1, s3:38→1, s3:41→1, s3:38→1, s3:41→1}"
39	80	43	208	1	0	0	0	0	0	1	0	"s1:1→1 / s2:6→1"	"s2:38→1"
39	80	43	228	1	1	0	0	0	1	0	0	"s1:1→1 / s2:39→1 / s3:6→1, 39→2"	"s3:38→1"
39	80	43	236	1	0	0	0	0	1	0	0	"s1:1→1 / s2:6→1, 39→4"	"s2:38→1"
39	80	43	263	1	0	0	0	1	0	0	0	"s1:1→1 / s2:1→1, 6→1"	"s2:38→1"
39	80	44	180	1	0	1	0	0	0	1	0	"s1:1→1 / s2:39→1"	"s3:38→1"
39	80	44	208	1	0	0	0	0	0	1	0	"s1:1→1 / s2:39→1"	"s2:38→1"
39	80	44	211	1	0	0	1	1	0	0	0	"s1:1→1 / s2:39→1 / s3:1→1, 6→1"	"s3:38→1"
39	80	45	156	1	0	0	1	0	0	1	0	"s1:1→1 / s2:39→1"	"s3:38→1"
39	80	45	193	0	2	0	0	0	0	1	0	"s1:1→1 / s2:39→1 / s3:39→1"	""
39	80	46	173	0	1	1	0	0	0	1	0	"s1:1→1 / s2:39→1 / s3:39→1"	""
39	80	46	192	1	2	0	0	0	0	1	0	"s1:1→1 / s2:39→1 / s3:39→1"	"s4:38→1"
39	80	46	200	1	1	0	0	0	0	1	0	"{s1:1→1 / s2:39→1 / s3:39→1, s1:1→1 / s2:39→1 / s3:6→1}"	"{s3:38→1, s3:38→1}"
39	80	46	228	1	1	0	0	0	1	0	0	"{s1:1→1 / s2:39→1 / s3:6→1, 39→3, s1:1→1 / s2:39→1 / s3:6→1, 39→3}"	"{s3:38→1, s3:41→1}"
39	80	47	180	1	0	1	0	0	0	1	0	"s1:1→1 / s2:39→1 / s3:39→1"	"s3:38→1"
39	80	47	208	1	0	0	0	0	0	1	0	"s1:1→1 / s2:39→2"	"s2:38→1"
39	80	47	263	1	0	0	0	1	0	0	0	"s1:1→1 / s2:1→1, 39→4"	"s2:38→1"
39	80	48	185	0	3	0	0	0	0	1	0	"s1:1→1 / s2:39→1 / s3:39→1 / s4:39→1"	""
39	80	48	192	1	2	0	0	0	0	1	0	"s1:1→1 / s2:39→1 / s3:39→1 / s4:39→1"	"s4:38→1"
39	80	48	199	2	1	0	0	0	0	1	0	"{s1:1→1 / s2:39→1 / s3:39→1, s1:1→1 / s2:39→1 / s3:39→1 / s4:39→1}"	"{s3:41→1 / s4:38→1, s3:41→1 / s4:38→1}"
39	80	48	200	1	1	0	0	0	0	1	0	"{s1:1→1 / s2:39→1 / s3:39→1, s1:1→1 / s2:39→1 / s3:39→2, s1:1→1 / s2:39→2, s1:1→1 / s2:39→2 / s3:39→1}"	"{s3:41→1, s3:38→1, s3:38→1, s3:38→1}"
39	80	48	201	0	1	0	0	0	0	1	0	"s1:1→1 / s2:39→2"	""
39	80	48	208	1	0	0	0	0	0	1	0	"s1:1→1 / s2:39→3"	"s2:38→1"
39	80	49	200	1	1	0	0	0	0	1	0	"{s1:1→1 / s2:39→1 / s3:39→3, s1:1→1 / s2:39→2 / s3:39→2}"	"{s3:38→1, s3:38→1}"
39	80	49	208	1	0	0	0	0	0	1	0	"s1:1→1 / s2:39→4"	"s2:38→1"
39	80	50	184	1	0	0	1	0	1	0	0	"s1:1→1 / s2:39→1"	"s3:38→1"
39	80	50	192	1	2	0	0	0	0	1	0	"{s1:1→1 / s2:39→1 / s3:39→1 / s4:39→1, s1:1→1 / s2:39→1 / s3:39→2}"	"{s4:42→1, s4:38→1}"
39	80	50	193	0	2	0	0	0	0	1	0	"s1:1→1 / s2:39→1 / s3:39→2"	""
39	80	50	200	1	1	0	0	0	0	1	0	"{s1:1→1 / s2:39→1 / s3:39→4, s1:1→1 / s2:39→1 / s3:39→5, s1:1→1 / s2:39→2 / s3:39→3}"	"{s3:38→1, s3:38→1, s3:38→1}"
39	80	50	208	1	0	0	0	0	0	1	0	"s1:1→1 / s2:39→5"	"s2:38→1"
39	80	51	198	2	1	0	0	0	0	1	0	"s1:1→1 / s2:39→1 / s3:39→1 / s4:39→1"	"s3:41→1 / s4:41→1"
39	80	51	200	1	1	0	0	0	0	1	0	"{s1:1→1 / s2:39→1 / s3:39→2, s1:1→1 / s2:39→2 / s3:39→1, s1:1→1 / s2:39→2 / s3:39→4, s1:1→1 / s2:39→3 / s3:39→1}"	"{s3:41→1, s3:41→1, s3:38→1, s3:38→1}"
39	80	51	201	0	1	0	0	0	0	1	0	"s1:1→1 / s2:39→3"	""
39	80	51	208	1	0	1	0	0	1	0	0	"s1:1→1 / s2:39→1"	"s3:38→1"
39	80	52	193	0	2	0	0	0	0	1	0	"s1:1→1 / s2:39→1 / s3:39→3"	""
39	80	52	198	2	1	0	0	0	0	1	0	"s1:1→1 / s2:39→1 / s3:39→1 / s4:39→2"	"s3:41→1 / s4:41→1"
39	80	52	200	1	1	0	0	0	0	1	0	"s1:1→1 / s2:39→1 / s3:39→3"	"s3:41→1"
39	80	52	201	0	1	0	0	0	0	1	0	"s1:1→1 / s2:39→4"	""
39	80	52	228	1	1	0	0	0	1	0	0	"{s1:1→1 / s2:39→1 / s3:6→1, 39→4, s1:1→1 / s2:39→1 / s3:6→1, 39→4}"	"{s3:38→1, s3:41→1}"
39	80	52	237	1	0	0	2	0	0	0	0	"s1:39→1 / s2:1→1 / s3:1→1, 6→1"	"s3:38→1"
39	80	53	200	1	1	0	0	0	0	1	0	"{s1:1→1 / s2:39→1 / s3:39→4, s1:1→1 / s2:39→1 / s3:39→5, s1:1→1 / s2:39→3}"	"{s3:41→1, s3:41→1, s3:38→1}"
39	80	53	201	0	1	0	0	0	0	1	0	"s1:1→1 / s2:39→5"	""
39	80	54	199	2	1	0	0	0	0	1	0	"s1:1→1 / s2:39→1 / s3:39→2"	"s3:41→1 / s4:38→1"
39	80	54	227	2	1	0	0	0	1	0	0	"s1:1→1 / s2:39→1 / s4:6→1, 39→3"	"s3:38→1 / s4:41→1"
39	80	54	228	1	1	0	0	0	1	0	0	"s1:1→1 / s2:39→1"	"s3:38→1"
39	80	54	263	1	0	0	0	1	0	0	0	"s1:1→1 / s2:6→1, 39→2"	"s2:38→1"
39	80	55	200	1	1	0	0	0	0	1	0	"s1:1→1 / s2:39→2 / s3:6→1, 39→4"	"s3:38→1"
39	80	55	227	2	1	0	0	0	1	0	0	"s1:1→1 / s2:39→1 / s4:6→1, 39→4"	"s3:38→1 / s4:41→1"
39	80	56	199	2	1	0	0	0	0	1	0	"s1:1→1 / s2:39→1 / s3:39→3"	"s3:41→1 / s4:38→1"
39	80	56	200	1	1	0	0	0	0	1	0	"s1:1→1 / s2:39→4"	"s3:38→1"
39	80	57	200	1	1	0	0	0	0	1	0	"s1:1→1 / s2:39→5"	"s3:38→1"
39	80	58	199	2	1	0	0	0	0	1	0	"{s1:1→1 / s2:39→1 / s3:39→4, s1:1→1 / s2:39→1 / s3:39→5}"	"{s3:41→1 / s4:38→1, s3:41→1 / s4:38→1}"
39	80	63	235	1	0	1	0	1	0	0	0	"s1:1→1 / s2:39→1 / s3:6→1, 39→1"	"s3:38→1"
39	80	64	201	0	1	1	0	0	1	0	0	"s1:1→1 / s2:39→1 / s3:39→1"	""
39	80	66	256	0	1	0	0	1	0	0	0	"s1:39→1 / s2:1→1"	""
39	80	67	221	0	2	0	0	0	1	0	0	"s1:1→1 / s2:39→1 / s3:39→1"	""
39	80	69	220	1	2	0	0	0	1	0	0	"s1:1→1 / s2:39→1 / s3:39→1"	"s4:38→1"
39	80	70	227	2	1	0	0	0	1	0	0	"s1:1→1 / s2:39→1 / s4:6→1, 39→2"	"s3:38→1 / s4:41→1"
39	80	71	236	1	0	0	0	0	1	0	0	"s1:1→1 / s2:39→1"	"s2:38→1"
39	80	73	200	1	1	0	0	0	0	1	0	"s1:1→1 / s2:39→2 / s3:6→1, 39→3"	"s3:38→1"
39	80	74	208	1	0	1	0	0	1	0	0	"s1:1→1 / s2:39→1 / s3:39→1"	"s3:38→1"
39	80	75	228	1	1	0	0	0	1	0	0	"s1:1→1 / s2:39→1 / s3:39→1"	"s3:38→1"
39	80	77	213	0	3	0	0	0	1	0	0	"s1:1→1 / s2:39→1 / s3:39→1 / s4:39→1"	""
39	80	77	228	1	1	0	0	0	1	0	0	"s1:1→1 / s2:39→1 / s3:6→1"	"s3:38→1"
39	80	78	220	1	2	0	0	0	1	0	0	"s1:1→1 / s2:39→1 / s3:39→1 / s4:39→1"	"s4:38→1"
39	80	79	236	1	0	0	0	0	1	0	0	"s1:1→1 / s2:39→2"	"s2:38→1"
39	80	80	229	0	1	0	0	0	1	0	0	"s1:1→1 / s2:39→2"	""
39	80	80	255	1	1	0	0	1	0	0	0	"s1:39→1 / s2:1→1 / s3:6→1"	"s3:41→1"
39	80	81	227	2	1	0	0	0	1	0	0	"{s1:1→1 / s2:39→1 / s3:39→1, s1:1→1 / s2:39→1 / s3:39→1 / s4:39→1}"	"{s3:41→1 / s4:38→1, s3:41→1 / s4:38→1}"
39	80	81	228	1	1	0	0	0	1	0	0	"{s1:1→1 / s2:39→1 / s3:39→1, s1:1→1 / s2:39→1 / s3:39→2, s1:1→1 / s2:39→2, s1:1→1 / s2:39→2 / s3:39→1}"	"{s3:41→1, s3:38→1, s3:38→1, s3:38→1}"
39	80	82	236	1	0	0	0	0	1	0	0	"s1:1→1 / s2:39→3"	"s2:38→1"
39	80	83	220	1	2	0	0	0	1	0	0	"s1:1→1 / s2:39→1 / s3:39→1 / s4:39→1"	"s4:42→1"
39	80	83	221	0	2	0	0	0	1	0	0	"s1:1→1 / s2:39→1 / s3:39→2"	""
39	80	83	228	1	1	0	0	0	1	0	0	"{s1:1→1 / s2:39→1 / s3:39→3, s1:1→1 / s2:39→2 / s3:39→2}"	"{s3:38→1, s3:38→1}"
39	80	83	237	1	0	0	2	0	0	0	0	"s1:39→1 / s2:1→1 / s3:6→1"	"s3:38→1"
39	80	84	192	1	2	0	0	0	0	1	0	"s1:1→1 / s2:39→1 / s3:39→1 / s4:6→1, 39→1"	"s4:38→1"
39	80	84	220	1	2	0	0	0	1	0	0	"s1:1→1 / s2:39→1 / s3:39→2"	"s4:38→1"
39	80	84	228	1	1	0	0	0	1	0	0	"{s1:1→1 / s2:39→1 / s3:39→4, s1:1→1 / s2:39→2 / s3:39→3}"	"{s3:38→1, s3:38→1}"
39	80	84	236	1	0	0	0	0	1	0	0	"s1:1→1 / s2:39→4"	"s2:38→1"
39	80	85	228	1	1	0	0	0	1	0	0	"{s1:1→1 / s2:39→1 / s3:39→5, s1:1→1 / s2:39→2 / s3:39→4}"	"{s3:38→1, s3:38→1}"
39	80	85	236	1	0	0	0	0	1	0	0	"s1:1→1 / s2:39→5"	"s2:38→1"
39	80	86	221	0	2	0	0	0	1	0	0	"s1:1→1 / s2:39→1 / s3:39→3"	""
39	80	86	226	2	1	0	0	0	1	0	0	"s1:1→1 / s2:39→1 / s3:39→1 / s4:39→1"	"s3:41→1 / s4:41→1"
39	80	86	228	1	1	0	0	0	1	0	0	"{s1:1→1 / s2:39→1 / s3:39→2, s1:1→1 / s2:39→2 / s3:39→1, s1:1→1 / s2:39→3 / s3:39→1}"	"{s3:41→1, s3:41→1, s3:38→1}"
39	80	86	229	0	1	0	0	0	1	0	0	"s1:1→1 / s2:39→3"	""
39	80	87	226	2	1	0	0	0	1	0	0	"s1:1→1 / s2:39→1 / s3:39→1 / s4:39→2"	"s3:41→1 / s4:41→1"
39	80	87	229	0	1	0	0	0	1	0	0	"s1:1→1 / s2:39→4"	""
39	80	88	228	1	1	0	0	0	1	0	0	"{s1:1→1 / s2:39→1 / s3:39→3, s1:1→1 / s2:39→1 / s3:39→4}"	"{s3:41→1, s3:41→1}"
39	80	88	229	0	1	0	0	0	1	0	0	"s1:1→1 / s2:39→5"	""
39	80	89	228	1	1	0	0	0	1	0	0	"{s1:1→1 / s2:39→1 / s3:39→5, s1:1→1 / s2:39→3}"	"{s3:41→1, s3:38→1}"
39	80	90	227	2	1	0	0	0	1	0	0	"s1:1→1 / s2:39→1 / s3:39→2"	"s3:41→1 / s4:38→1"
39	80	90	263	1	0	0	0	1	0	0	0	"s1:1→1 / s2:6→1, 39→3"	"s2:38→1"
39	80	92	228	1	1	0	0	0	1	0	0	"s1:1→1 / s2:39→4"	"s3:38→1"
39	80	93	227	2	1	0	0	0	1	0	0	"s1:1→1 / s2:39→1 / s3:39→3"	"s3:41→1 / s4:38→1"
39	80	93	255	1	1	0	0	1	0	0	0	"{s1:1→1 / s2:39→1 / s3:1→1, 39→2, s1:1→1 / s2:39→1 / s3:6→1, 39→1}"	"{s3:38→1, s3:41→1}"
39	80	93	256	0	1	0	0	1	0	0	0	"s1:1→1 / s2:39→1"	""
39	80	93	263	1	0	0	0	1	0	0	0	"s1:1→1"	"s2:38→1"
39	80	94	228	1	1	0	0	0	1	0	0	"s1:1→1 / s2:39→5"	"s3:38→1"
39	80	94	255	1	1	0	0	1	0	0	0	"{s1:1→1 / s2:39→1 / s3:1→1, 39→3, s1:1→1 / s2:39→1 / s3:6→1, 39→1}"	"{s3:41→1, s3:38→1}"
39	80	95	227	2	1	0	0	0	1	0	0	"{s1:1→1 / s2:39→1 / s3:39→4, s1:1→1 / s2:39→1 / s3:39→5}"	"{s3:41→1 / s4:38→1, s3:41→1 / s4:38→1}"
39	80	95	255	1	1	0	0	1	0	0	0	"s1:1→1 / s2:39→1 / s3:1→1, 6→1, 39→3"	"s3:38→1"
39	80	97	255	1	1	0	0	1	0	0	0	"{s1:1→1 / s2:39→1 / s3:1→1, 39→2, s1:1→1 / s2:39→1 / s3:1→1, 39→3}"	"{s3:41→1, s3:38→1}"
39	80	98	228	1	1	0	0	0	1	0	0	"s1:1→1 / s2:39→2 / s3:6→1, 39→4"	"s3:38→1"
39	80	100	255	1	1	0	0	1	0	0	0	"s1:39→1 / s2:1→1 / s3:1→1, 6→1"	"s3:41→1"
39	80	101	255	1	1	0	0	1	0	0	0	"s1:1→1 / s2:39→1 / s3:1→1, 6→1, 39→3"	"s3:41→1"
39	80	102	255	1	1	0	0	1	0	0	0	"s1:1→1 / s2:39→1 / s3:1→1, 39→4"	"s3:41→1"
39	80	104	228	0	1	1	0	1	0	0	0	"s1:39→1 / s2:1→1 / s3:1→1"	""
39	80	104	255	1	1	0	0	1	0	0	0	"{s1:1→1 / s2:39→1 / s3:1→1, 39→4, s1:1→1 / s2:39→1 / s3:6→1, 39→2}"	"{s3:38→1, s3:41→1}"
39	80	107	237	1	0	0	2	0	0	0	0	"s1:39→1 / s2:1→1 / s3:1→2"	"s3:38→1"
39	80	107	247	1	2	0	0	1	0	0	0	"s1:39→1 / s2:1→1 / s3:1→1 / s4:1→1, 6→1"	"s4:42→1"
39	80	107	248	0	2	0	0	1	0	0	0	"s1:39→1 / s2:1→1 / s3:1→1"	""
39	80	107	255	1	1	0	0	1	0	0	0	"s1:1→1 / s2:39→1 / s3:6→1, 39→2"	"s3:38→1"
39	80	108	255	1	1	0	0	1	0	0	0	"s1:39→1 / s2:1→1 / s3:1→2, 6→1"	"s3:41→1"
39	80	108	263	1	0	0	0	1	0	0	0	"s1:1→1 / s2:6→1, 39→4"	"s2:38→1"
39	80	110	247	1	2	0	0	1	0	0	0	"s1:39→1 / s2:1→1 / s3:1→1 / s4:1→2, 6→1"	"s4:42→1"
39	80	111	255	1	1	0	0	1	0	0	0	"s1:39→1 / s2:1→1 / s3:1→3, 6→1"	"s3:41→1"
39	80	113	227	1	1	1	0	1	0	0	0	"s1:39→1 / s2:1→1 / s3:1→1 / s4:6→1"	"s4:42→1"
39	80	113	236	0	0	1	0	1	0	0	0	"s1:39→1 / s2:1→2"	""
39	80	113	240	0	3	0	0	1	0	0	0	"s1:39→1 / s2:1→1 / s3:1→1 / s4:1→1"	""
39	80	113	247	1	2	0	0	1	0	0	0	"s1:39→1 / s2:1→1 / s3:1→1 / s4:1→3, 6→1"	"s4:42→1"
39	80	113	255	1	1	0	0	1	0	0	0	"s1:39→1 / s2:1→1 / s3:1→4, 6→1"	"s3:41→1"
39	80	114	247	1	2	0	0	1	0	0	0	"s1:39→1 / s2:1→1 / s3:1→1 / s4:1→4, 6→1"	"s4:42→1"
39	80	116	237	1	0	0	2	0	0	0	0	"s1:39→1 / s2:1→1 / s3:1→2, 6→1"	"s3:38→1"
39	80	116	253	2	1	0	0	1	0	0	0	"{s1:39→1 / s2:1→1 / s3:1→1 / s4:1→2, 6→1, s1:39→1 / s2:1→1 / s3:1→1 / s4:1→3, 6→1}"	"{s3:41→1 / s4:41→1, s3:41→1 / s4:41→1}"
39	80	116	255	1	1	0	0	1	0	0	0	"{s1:39→1 / s2:1→1 / s3:1→1, s1:39→1 / s2:1→2 / s3:1→2, 6→1, s1:39→1 / s2:1→2 / s3:1→3, 6→1, s1:39→1 / s2:1→2 / s3:1→4, 6→1}"	"{s3:41→1, s3:41→1, s3:41→1, s3:41→1}"
39	80	116	256	0	1	0	0	1	0	0	0	"s1:39→1 / s2:1→2"	""
39	80	117	248	0	2	0	0	1	0	0	0	"s1:39→1 / s2:1→1 / s3:1→2"	""
39	80	117	253	2	1	0	0	1	0	0	0	"s1:39→1 / s2:1→1 / s3:1→1 / s4:1→4, 6→1"	"s3:41→1 / s4:41→1"
39	80	117	255	1	1	0	0	1	0	0	0	"s1:1→1 / s2:39→1 / s3:6→1, 39→3"	"s3:41→1"
39	80	118	247	1	2	0	0	1	0	0	0	"s1:39→1 / s2:1→1 / s3:1→1 / s4:1→1"	"s4:42→1"
39	80	118	255	1	1	0	0	1	0	0	0	"s1:1→1 / s2:39→1 / s3:6→1, 39→3"	"s3:38→1"
39	80	119	247	1	2	0	0	1	0	0	0	"s1:39→1 / s2:1→1 / s3:1→2 / s4:1→1"	"s4:41→1"
39	80	119	248	0	2	0	0	1	0	0	0	"s1:39→1 / s2:1→2 / s3:1→2"	""
39	80	119	255	1	1	0	0	1	0	0	0	"s1:39→1 / s2:1→2 / s3:1→1, 6→1"	"s3:41→1"
39	80	120	228	1	1	0	0	0	1	0	0	"s1:1→1 / s2:39→2 / s3:6→1, 39→3"	"s3:38→1"
39	80	120	247	1	2	0	0	1	0	0	0	"s1:39→1 / s2:1→1 / s3:1→1 / s4:1→2"	"s4:42→1"
39	80	120	248	0	2	0	0	1	0	0	0	"s1:39→1 / s2:1→1 / s3:1→3"	""
39	80	120	253	2	1	0	0	1	0	0	0	"s1:39→1 / s2:1→1 / s3:1→1 / s4:1→1"	"s3:41→1 / s4:41→1"
39	80	120	255	1	1	0	0	1	0	0	0	"{s1:39→1 / s2:1→1 / s3:1→2, s1:39→1 / s2:1→2 / s3:1→1}"	"{s3:41→1, s3:41→1}"
39	80	120	256	0	1	0	0	1	0	0	0	"s1:39→1 / s2:1→3"	""
39	80	121	247	1	2	0	0	1	0	0	0	"{s1:39→1 / s2:1→1 / s3:1→1 / s4:1→3, s1:39→1 / s2:1→1 / s3:1→1 / s4:1→4}"	"{s4:42→1, s4:42→1}"
39	80	121	248	0	2	0	0	1	0	0	0	"{s1:39→1 / s2:1→1 / s3:1→4, s1:39→1 / s2:1→1 / s3:1→5}"	""
39	80	121	253	2	1	0	0	1	0	0	0	"{s1:39→1 / s2:1→1 / s3:1→1 / s4:1→1, 6→1, s1:39→1 / s2:1→1 / s3:1→1 / s4:1→2, s1:39→1 / s2:1→1 / s3:1→1 / s4:1→3, s1:39→1 / s2:1→1 / s3:1→2 / s4:1→2}"	"{s3:41→1 / s4:41→1, s3:41→1 / s4:41→1, s3:41→1 / s4:41→1, s3:41→1 / s4:41→1}"
39	80	121	255	1	1	0	0	1	0	0	0	"{s1:39→1 / s2:1→1 / s3:1→3, s1:39→1 / s2:1→1 / s3:1→4, s1:39→1 / s2:1→2 / s3:1→2, s1:39→1 / s2:1→2 / s3:1→3, s1:39→1 / s2:1→3 / s3:1→1}"	"{s3:41→1, s3:41→1, s3:41→1, s3:41→1, s3:41→1}"
39	80	121	256	0	1	0	0	1	0	0	0	"{s1:39→1 / s2:1→4, s1:39→1 / s2:1→5}"	""
39	80	122	247	1	2	0	0	1	0	0	0	"s1:39→1 / s2:1→1 / s3:1→1 / s4:1→5"	"s4:42→1"
39	80	122	253	2	1	0	0	1	0	0	0	"{s1:39→1 / s2:1→1 / s3:1→1 / s4:1→4, s1:39→1 / s2:1→1 / s3:1→1 / s4:1→5, s1:39→1 / s2:1→1 / s3:1→2 / s4:1→3, s1:39→1 / s2:1→1 / s3:1→2 / s4:1→4, s1:39→1 / s2:1→1 / s3:1→2 / s4:1→4, 6→1}"	"{s3:41→1 / s4:41→1, s3:41→1 / s4:41→1, s3:41→1 / s4:41→1, s3:41→1 / s4:41→1, s3:41→1 / s4:41→1}"
39	80	122	255	1	1	0	0	1	0	0	0	"{s1:39→1 / s2:1→1 / s3:1→5, s1:39→1 / s2:1→2 / s3:1→4, s1:39→1 / s2:1→2 / s3:1→5}"	"{s3:41→1, s3:41→1, s3:41→1}"
39	80	123	211	1	0	0	1	1	0	0	0	"s1:1→1 / s2:39→1"	"s3:38→1"
39	80	125	198	2	1	0	0	0	0	1	0	"s1:1→1 / s2:39→1 / s3:39→1 / s4:6→1, 39→2"	"s3:41→1 / s4:41→1"
39	80	125	253	2	1	0	0	1	0	0	0	"s1:39→1 / s2:1→1 / s3:1→2 / s4:1→3, 6→1"	"s3:41→1 / s4:41→1"
39	80	125	255	1	1	0	0	1	0	0	0	"{s1:1→1 / s2:39→1 / s3:1→1, 6→1, 39→2, s1:1→1 / s2:39→1 / s3:6→1, 39→4, s1:1→1 / s2:39→1 / s3:6→1, 39→4}"	"{s3:38→1, s3:38→1, s3:41→1}"
39	80	127	235	1	0	1	0	1	0	0	0	"s1:1→1 / s2:39→1"	"s3:38→1"
39	80	128	200	1	1	0	0	0	0	1	0	"s1:1→1 / s2:39→2 / s3:6→1, 39→2"	"s3:38→1"
39	80	129	262	0	0	1	1	0	0	0	0	"s1:39→1 / s2:1→1"	""
39	80	130	247	1	2	0	0	1	0	0	0	"s1:39→1 / s2:1→1 / s3:1→1 / s4:6→1"	"s4:42→1"
39	80	130	261	1	0	1	1	0	0	0	0	"s1:39→1 / s2:1→1 / s3:1→1, 6→1"	"s3:38→1"
39	80	132	254	2	1	0	0	1	0	0	0	"s1:1→1 / s2:39→1 / s4:6→1, 39→4"	"s3:38→1 / s4:41→1"
39	80	132	255	1	1	0	0	1	0	0	0	"s1:1→1 / s2:39→1"	"s3:38→1"
39	80	133	235	1	0	1	0	1	0	0	0	"s1:1→1 / s2:39→1 / s3:1→1"	"s3:38→1"
39	80	133	247	1	2	0	0	1	0	0	0	"s1:39→1 / s2:1→1 / s3:1→2 / s4:1→1, 6→1"	"s4:41→1"
39	80	133	253	2	1	0	0	1	0	0	0	"s1:39→1 / s2:1→1 / s3:1→2 / s4:1→2, 6→1"	"s3:41→1 / s4:41→1"
39	80	135	192	1	2	0	0	0	0	1	0	"s1:1→1 / s2:39→1 / s3:39→1 / s4:6→1, 39→1"	"s4:42→1"
39	80	135	254	2	1	0	0	1	0	0	0	"s1:1→1 / s2:39→1 / s4:6→1, 39→3"	"s3:38→1 / s4:41→1"
39	80	137	220	1	2	0	0	0	1	0	0	"s1:1→1 / s2:39→1 / s3:39→1 / s4:6→1, 39→1"	"s4:38→1"
39	80	139	228	0	1	1	0	1	0	0	0	"s1:1→1 / s2:39→1 / s3:39→1"	""
39	80	139	255	1	1	0	0	1	0	0	0	"s1:1→1 / s2:39→1 / s3:1→1, 39→1"	"s3:38→1"
39	80	139	261	1	0	1	1	0	0	0	0	"s1:39→1 / s2:1→1 / s3:1→2"	"s3:38→1"
39	80	141	255	1	1	0	0	1	0	0	0	"s1:39→1 / s2:1→3 / s3:1→1, 6→1"	"s3:41→1"
39	80	142	248	0	2	0	0	1	0	0	0	"s1:1→1 / s2:39→1 / s3:39→1"	""
39	80	143	261	1	0	1	1	0	0	0	0	"s1:39→1 / s2:1→1 / s3:1→2, 6→1"	"s3:38→1"
39	80	144	247	1	2	0	0	1	0	0	0	"s1:1→1 / s2:39→1 / s3:39→1"	"s4:38→1"
39	80	146	237	1	0	0	2	0	0	0	0	"s1:39→1 / s2:1→1 / s3:1→3"	"s3:38→1"
39	80	146	263	1	0	0	0	1	0	0	0	"s1:1→1 / s2:39→1"	"s2:38→1"
39	80	147	237	1	0	0	2	0	0	0	0	"s1:39→1 / s2:1→1 / s3:1→3, 6→1"	"s3:38→1"
39	80	147	261	1	0	1	1	0	0	0	0	"s1:39→1 / s2:1→1 / s3:1→1"	"s3:38→1"
39	80	148	235	1	0	1	0	1	0	0	0	"s1:1→1 / s2:39→1 / s3:39→1"	"s3:38→1"
39	80	149	255	1	1	0	0	1	0	0	0	"s1:1→1 / s2:39→1 / s3:39→1"	"s3:38→1"
39	80	150	240	0	3	0	0	1	0	0	0	"s1:1→1 / s2:39→1 / s3:39→1 / s4:39→1"	""
39	80	151	247	1	2	0	0	1	0	0	0	"s1:1→1 / s2:39→1 / s3:39→1 / s4:39→1"	"s4:38→1"
39	80	152	263	1	0	0	0	1	0	0	0	"s1:1→1 / s2:39→2"	"s2:38→1"
39	80	153	254	2	1	0	0	1	0	0	0	"{s1:1→1 / s2:39→1 / s3:39→1, s1:1→1 / s2:39→1 / s3:39→1 / s4:39→1}"	"{s3:41→1 / s4:38→1, s3:41→1 / s4:38→1}"
39	80	153	255	1	1	0	0	1	0	0	0	"{s1:1→1 / s2:39→1 / s3:39→1, s1:1→1 / s2:39→1 / s3:39→2, s1:1→1 / s2:39→2, s1:1→1 / s2:39→2 / s3:39→1}"	"{s3:41→1, s3:38→1, s3:38→1, s3:38→1}"
39	80	153	256	0	1	0	0	1	0	0	0	"s1:1→1 / s2:39→2"	""
39	80	154	247	1	2	0	0	1	0	0	0	"s1:1→1 / s2:39→1 / s3:39→1 / s4:39→1"	"s4:42→1"
39	80	154	248	0	2	0	0	1	0	0	0	"s1:1→1 / s2:39→1 / s3:39→2"	""
39	80	154	263	1	0	0	0	1	0	0	0	"s1:1→1 / s2:39→3"	"s2:38→1"
39	80	155	247	1	2	0	0	1	0	0	0	"s1:1→1 / s2:39→1 / s3:39→2"	"s4:38→1"
39	80	155	255	1	1	0	0	1	0	0	0	"{s1:1→1 / s2:39→1 / s3:39→3, s1:1→1 / s2:39→2 / s3:39→2}"	"{s3:38→1, s3:38→1}"
39	80	156	199	2	1	0	0	0	0	1	0	"s1:1→1 / s2:39→1 / s4:6→1, 39→1"	"s3:38→1 / s4:41→1"
39	80	156	255	1	1	0	0	1	0	0	0	"{s1:1→1 / s2:39→1 / s3:39→4, s1:1→1 / s2:39→1 / s3:39→5, s1:1→1 / s2:39→2 / s3:39→3, s1:1→1 / s2:39→2 / s3:39→4}"	"{s3:38→1, s3:38→1, s3:38→1, s3:38→1}"
39	80	156	263	1	0	0	0	1	0	0	0	"{s1:1→1 / s2:39→4, s1:1→1 / s2:39→5}"	"{s2:38→1, s2:38→1}"
39	80	157	248	0	2	0	0	1	0	0	0	"s1:1→1 / s2:39→1 / s3:39→3"	""
39	80	157	253	2	1	0	0	1	0	0	0	"s1:1→1 / s2:39→1 / s3:39→1 / s4:39→1"	"s3:41→1 / s4:41→1"
39	80	157	255	1	1	0	0	1	0	0	0	"{s1:1→1 / s2:39→1 / s3:39→2, s1:1→1 / s2:39→2 / s3:39→1, s1:1→1 / s2:39→3 / s3:39→1}"	"{s3:41→1, s3:41→1, s3:38→1}"
39	80	157	256	0	1	0	0	1	0	0	0	"s1:1→1 / s2:39→3"	""
39	80	158	253	2	1	0	0	1	0	0	0	"s1:1→1 / s2:39→1 / s3:39→1 / s4:39→2"	"s3:41→1 / s4:41→1"
39	80	158	255	1	1	0	0	1	0	0	0	"s1:1→1 / s2:39→1 / s3:39→3"	"s3:41→1"
39	80	158	256	0	1	0	0	1	0	0	0	"{s1:1→1 / s2:39→4, s1:1→1 / s2:39→5}"	""
39	80	159	254	2	1	0	0	1	0	0	0	"s1:1→1 / s2:39→1 / s4:6→1, 39→2"	"s3:38→1 / s4:41→1"
39	80	159	255	1	1	0	0	1	0	0	0	"{s1:1→1 / s2:39→1 / s3:39→4, s1:1→1 / s2:39→1 / s3:39→5, s1:1→1 / s2:39→3}"	"{s3:41→1, s3:41→1, s3:38→1}"
39	80	160	254	2	1	0	0	1	0	0	0	"s1:1→1 / s2:39→1 / s3:39→2"	"s3:41→1 / s4:38→1"
39	80	160	261	1	0	1	1	0	0	0	0	"{s1:39→1 / s2:1→1 / s3:1→3, s1:39→1 / s2:1→1 / s3:1→3, 6→1}"	"{s3:38→1, s3:38→1}"
39	80	161	253	2	1	0	0	1	0	0	0	"s1:39→1 / s2:1→1 / s3:1→2, 6→1 / s4:1→3"	"s3:41→1 / s4:41→1"
39	80	162	254	2	1	0	0	1	0	0	0	"s1:1→1 / s2:39→1 / s3:39→3"	"s3:41→1 / s4:38→1"
39	80	162	255	1	1	0	0	1	0	0	0	"{s1:1→1 / s2:39→1 / s3:1→1, 6→1, 39→2, s1:1→1 / s2:39→4}"	"{s3:41→1, s3:38→1}"
39	80	163	255	1	1	0	0	1	0	0	0	"s1:1→1 / s2:39→5"	"s3:38→1"
39	80	164	254	2	1	0	0	1	0	0	0	"{s1:1→1 / s2:39→1 / s3:39→4, s1:1→1 / s2:39→1 / s3:39→5}"	"{s3:41→1 / s4:38→1, s3:41→1 / s4:38→1}"
39	80	167	253	2	1	0	0	1	0	0	0	"s1:39→1 / s2:1→1 / s3:1→1, 6→1 / s4:1→2"	"s3:41→1 / s4:41→1"
39	80	167	255	1	1	0	0	1	0	0	0	"s1:1→1 / s2:39→1 / s3:6→1"	"s3:38→1"
39	80	172	261	1	0	1	1	0	0	0	0	"s1:39→1 / s2:1→1 / s3:1→4, 6→1"	"s3:38→1"
39	80	172	262	0	0	1	1	0	0	0	0	"s1:1→1 / s2:39→1"	""
39	80	173	261	1	0	1	1	0	0	0	0	"s1:39→1 / s2:1→1 / s3:1→4"	"s3:38→1"
39	80	176	255	1	1	0	0	1	0	0	0	"s1:1→1 / s2:39→2 / s3:6→1, 39→4"	"s3:38→1"
39	80	176	261	1	0	1	1	0	0	0	0	"{s1:1→1 / s2:39→1 / s3:1→1, 39→1, s1:1→1 / s2:39→1 / s3:1→1, 6→1, 39→1, s1:1→1 / s2:39→1 / s3:6→1}"	"{s3:38→1, s3:38→1, s3:38→1}"
39	80	177	254	2	1	0	0	1	0	0	0	"s1:1→1 / s2:39→1 / s4:1→1, 39→4"	"s3:38→1 / s4:41→1"
39	80	178	226	2	1	0	0	0	1	0	0	"s1:1→1 / s2:39→1 / s3:39→1 / s4:6→1, 39→2"	"s3:41→1 / s4:41→1"
39	80	178	228	1	1	0	0	0	1	0	0	"s1:1→1 / s2:39→2 / s3:6→1, 39→2"	"s3:38→1"
39	80	178	255	1	1	0	0	1	0	0	0	"s1:39→1 / s2:1→2 / s3:6→1"	"s3:41→1"
39	80	182	261	1	0	1	1	0	0	0	0	"s1:39→1 / s2:1→1 / s3:1→5"	"s3:38→1"
39	80	192	220	1	2	0	0	0	1	0	0	"s1:1→1 / s2:39→1 / s3:39→1 / s4:6→1, 39→1"	"s4:42→1"
39	81	39	210	0	0	0	0	0	0	1	0	"s1:39→1"	""
39	81	39	230	0	1	0	0	0	1	0	0	"s1:39→1 / s2:1→1"	""
39	81	39	236	1	0	0	0	0	1	0	0	"s1:39→1"	"s2:2→1"
39	81	39	237	0	0	1	0	1	0	0	0	"s1:39→1 / s2:1→1"	""
39	81	39	238	0	0	0	0	0	1	0	0	"s1:39→1"	""
39	81	39	239	0	0	0	2	0	0	0	0	"s1:39→1 / s2:1→1"	""
39	81	39	265	0	0	0	0	1	0	0	0	"s1:39→1"	""
39	81	40	202	0	1	0	0	0	0	1	0	"s1:39→1 / s2:1→1"	""
39	81	40	208	1	0	0	0	0	0	1	0	"s1:39→1"	"s2:2→1"
39	81	40	210	0	0	1	0	0	1	0	0	"s1:39→1 / s2:1→1"	""
39	81	40	213	0	0	0	1	1	0	0	0	"s1:39→1 / s2:1→1"	""
39	81	40	263	1	0	0	0	1	0	0	0	"{s1:39→1 / s2:1→3, 39→1, s1:39→1 / s2:1→3, 5→1, 39→1}"	"{s2:2→1, s2:2→1}"
39	81	41	182	0	0	1	0	0	0	1	0	"s1:39→1 / s2:1→1"	""
39	81	41	186	0	0	0	1	0	1	0	0	"s1:39→1 / s2:1→1"	""
39	81	41	235	1	0	1	0	1	0	0	0	"s1:39→1 / s2:1→1 / s3:5→1, 39→1"	"s3:2→1"
39	81	41	263	1	0	0	0	1	0	0	0	"{s1:39→1 / s2:1→1, 39→1, s1:39→1 / s2:1→1, 5→1, 39→1, s1:39→1 / s2:1→2, 39→1, s1:39→1 / s2:1→2, 5→1, 39→1, s1:39→1 / s2:5→1, 39→1}"	"{s2:2→1, s2:2→1, s2:2→1, s2:2→1, s2:2→1}"
39	81	42	158	0	0	0	1	0	0	1	0	"s1:39→1 / s2:1→1"	""
39	81	42	263	1	0	0	0	1	0	0	0	"s1:39→1 / s2:39→1"	"s2:2→1"
39	81	43	200	1	1	0	0	0	0	1	0	"s1:39→1 / s2:1→1"	"s3:2→1"
39	81	43	201	1	1	0	0	0	0	1	0	"s1:39→1 / s2:1→1 / s3:5→1"	"s3:41→1"
39	81	43	208	1	0	0	0	0	0	1	0	"s1:39→1 / s2:5→1"	"s2:2→1"
39	81	44	180	1	0	1	0	0	0	1	0	"s1:39→1 / s2:1→1"	"s3:2→1"
39	81	44	199	2	1	0	0	0	0	1	0	"s1:39→1 / s2:1→1 / s3:5→1"	"s3:41→1 / s4:2→1"
39	81	44	200	1	1	0	0	0	0	1	0	"s1:39→1 / s2:1→1 / s3:5→1"	"s3:2→1"
39	81	44	208	1	0	0	0	0	0	1	0	"s1:39→1 / s2:1→1, 5→1"	"s2:2→1"
39	81	45	180	1	0	1	0	0	0	1	0	"s1:39→1 / s2:1→1 / s3:5→1"	"s3:2→1"
39	81	45	200	1	1	0	0	0	0	1	0	"s1:39→1 / s2:1→1 / s3:1→1, 5→1"	"s3:2→1"
39	81	46	192	1	2	0	0	0	0	1	0	"s1:39→1 / s2:1→1 / s3:1→1 / s4:5→1"	"s4:2→1"
39	81	46	193	1	2	0	0	0	0	1	0	"s1:39→1 / s2:1→1 / s3:1→1 / s4:5→1"	"s4:42→1"
39	81	46	194	0	2	0	0	0	0	1	0	"s1:39→1 / s2:1→1 / s3:1→1"	""
39	81	46	199	2	1	0	0	0	0	1	0	"s1:39→1 / s2:1→1 / s4:1→1, 5→1"	"s3:2→1 / s4:41→1"
39	81	46	201	1	1	0	0	0	0	1	0	"s1:39→1 / s2:1→1 / s3:1→1, 5→1"	"s3:41→1"
39	81	46	208	1	0	0	0	0	0	1	0	"{s1:39→1 / s2:1→1, s1:39→1 / s2:1→2, 5→1}"	"{s2:2→1, s2:2→1}"
39	81	47	192	1	2	0	0	0	0	1	0	"s1:39→1 / s2:1→1 / s3:1→1"	"s4:2→1"
39	81	47	200	1	1	0	0	0	0	1	0	"s1:39→1 / s2:1→1 / s3:1→2, 5→1"	"s3:2→1"
39	81	47	208	1	0	0	0	0	0	1	0	"s1:39→1 / s2:1→3, 5→1"	"s2:2→1"
39	81	48	200	1	1	0	0	0	0	1	0	"s1:39→1 / s2:1→1 / s3:1→1"	"s3:2→1"
39	81	49	199	2	1	0	0	0	0	1	0	"s1:39→1 / s2:1→1 / s4:1→2, 5→1"	"s3:2→1 / s4:41→1"
39	81	49	200	1	1	0	0	0	0	1	0	"s1:39→1 / s2:1→1 / s3:1→3, 5→1"	"s3:2→1"
39	81	49	201	1	1	0	0	0	0	1	0	"s1:39→1 / s2:1→1 / s3:1→2, 5→1"	"s3:41→1"
39	81	49	208	1	0	0	0	0	0	1	0	"s1:39→1 / s2:1→4, 5→1"	"s2:2→1"
39	81	51	200	1	1	0	0	0	0	1	0	"s1:39→1 / s2:1→1 / s3:1→4, 5→1"	"s3:2→1"
39	81	51	201	1	1	0	0	0	0	1	0	"s1:39→1 / s2:1→1 / s3:1→3, 5→1"	"s3:41→1"
39	81	51	208	1	0	0	0	0	0	1	0	"s1:39→1 / s2:1→2"	"s2:2→1"
39	81	52	200	1	1	0	0	0	0	1	0	"{s1:39→1 / s2:1→1 / s3:1→2, s1:39→1 / s2:1→2}"	"{s3:2→1, s3:2→1}"
39	81	52	201	1	1	0	0	0	0	1	0	"s1:39→1 / s2:1→1 / s3:1→1"	"s3:41→1"
39	81	52	202	0	1	0	0	0	0	1	0	"s1:39→1 / s2:1→2"	""
39	81	53	199	2	1	0	0	0	0	1	0	"s1:39→1 / s2:1→1 / s4:1→1"	"s3:2→1 / s4:41→1"
39	81	53	200	1	1	0	0	0	0	1	0	"s1:39→1 / s2:1→2 / s3:1→1"	"s3:2→1"
39	81	53	201	1	1	0	0	0	0	1	0	"s1:39→1 / s2:1→1 / s3:1→4, 5→1"	"s3:41→1"
39	81	54	200	1	1	0	0	0	0	1	0	"s1:39→1 / s2:1→2 / s3:1→1, 5→1"	"s3:2→1"
39	81	54	208	1	0	0	0	0	0	1	0	"s1:39→1 / s2:1→3"	"s2:2→1"
39	81	55	194	0	2	0	0	0	0	1	0	"s1:39→1 / s2:1→1 / s3:1→2"	""
39	81	55	200	1	1	0	0	0	0	1	0	"s1:39→1 / s2:1→1 / s3:1→3"	"s3:2→1"
39	81	55	208	1	0	0	0	0	0	1	0	"s1:39→1 / s2:1→4"	"s2:2→1"
39	81	56	200	1	1	0	0	0	0	1	0	"s1:39→1 / s2:1→1 / s3:1→4"	"s3:2→1"
39	81	56	208	1	0	0	0	0	0	1	0	"s1:39→1 / s2:1→5"	"s2:2→1"
39	81	57	200	1	1	0	0	0	0	1	0	"s1:39→1 / s2:1→1 / s3:1→5"	"s3:2→1"
39	81	57	202	0	1	0	0	0	0	1	0	"s1:39→1 / s2:1→3"	""
39	81	58	201	1	1	0	0	0	0	1	0	"s1:39→1 / s2:1→1 / s3:1→2"	"s3:41→1"
39	81	59	202	0	1	0	0	0	0	1	0	"s1:39→1 / s2:1→4"	""
39	81	60	201	1	1	0	0	0	0	1	0	"{s1:39→1 / s2:1→1 / s3:1→3, s1:39→1 / s2:1→1 / s3:1→4, s1:39→1 / s2:1→1 / s3:1→5}"	"{s3:41→1, s3:41→1, s3:41→1}"
39	81	60	202	0	1	0	0	0	0	1	0	"s1:39→1 / s2:1→5"	""
39	81	61	200	1	1	0	0	0	0	1	0	"s1:39→1 / s2:1→3"	"s3:2→1"
39	81	61	201	1	1	0	0	0	0	1	0	"s1:39→1 / s2:1→2 / s3:5→1"	"s3:41→1"
39	81	61	208	1	0	1	0	0	1	0	0	"s1:39→1 / s2:1→1"	"s3:2→1"
39	81	61	263	1	0	0	0	1	0	0	0	"s1:39→1 / s2:1→4, 39→1"	"s2:2→1"
39	81	62	199	2	1	0	0	0	0	1	0	"s1:39→1 / s2:1→1 / s4:1→2"	"s3:2→1 / s4:41→1"
39	81	67	228	1	1	0	0	0	1	0	0	"s1:39→1 / s2:1→1"	"s3:2→1"
39	81	67	229	1	1	0	0	0	1	0	0	"s1:39→1 / s2:1→1 / s3:5→1"	"s3:41→1"
39	81	68	236	1	0	0	0	0	1	0	0	"s1:39→1 / s2:5→1"	"s2:2→1"
39	81	70	197	3	1	0	0	0	0	1	0	"s1:39→1 / s2:1→1 / s3:5→1 / s5:1→1"	"s3:41→1 / s4:2→1 / s5:41→1"
39	81	70	199	2	1	0	0	0	0	1	0	"{s1:39→1 / s2:1→1 / s3:5→1 / s4:1→1, s1:39→1 / s2:1→1 / s3:5→1 / s4:1→1}"	"{s3:41→1 / s4:2→1, s3:41→1 / s4:41→1}"
39	81	71	208	1	0	1	0	0	1	0	0	"s1:39→1 / s2:1→1 / s3:5→1"	"s3:2→1"
39	81	72	228	1	1	0	0	0	1	0	0	"s1:39→1 / s2:1→1 / s3:5→1"	"s3:2→1"
39	81	73	227	2	1	0	0	0	1	0	0	"s1:39→1 / s2:1→1 / s3:5→1"	"s3:41→1 / s4:2→1"
39	81	82	236	1	0	0	0	0	1	0	0	"s1:39→1 / s2:1→1, 5→1"	"s2:2→1"
39	81	84	220	1	2	0	0	0	1	0	0	"s1:39→1 / s2:1→1 / s3:1→1 / s4:5→1"	"s4:2→1"
39	81	84	221	1	2	0	0	0	1	0	0	"s1:39→1 / s2:1→1 / s3:1→1 / s4:5→1"	"s4:42→1"
39	81	84	222	0	2	0	0	0	1	0	0	"s1:39→1 / s2:1→1 / s3:1→1"	""
39	81	85	228	1	1	0	0	0	1	0	0	"s1:39→1 / s2:1→1 / s3:1→1, 5→1"	"s3:2→1"
39	81	87	220	1	2	0	0	0	1	0	0	"s1:39→1 / s2:1→1 / s3:1→1"	"s4:2→1"
39	81	88	227	2	1	0	0	0	1	0	0	"s1:39→1 / s2:1→1 / s4:1→1, 5→1"	"s3:2→1 / s4:41→1"
39	81	88	229	1	1	0	0	0	1	0	0	"s1:39→1 / s2:1→1 / s3:1→1, 5→1"	"s3:41→1"
39	81	90	236	1	0	0	0	0	1	0	0	"{s1:39→1 / s2:1→1, s1:39→1 / s2:1→2, 5→1}"	"{s2:2→1, s2:2→1}"
39	81	92	228	1	1	0	0	0	1	0	0	"s1:39→1 / s2:1→1 / s3:1→2, 5→1"	"s3:2→1"
39	81	94	228	1	1	0	0	0	1	0	0	"s1:39→1 / s2:1→1 / s3:1→1"	"s3:2→1"
39	81	94	236	1	0	0	0	0	1	0	0	"s1:39→1 / s2:1→3, 5→1"	"s2:2→1"
39	81	95	229	1	1	0	0	0	1	0	0	"s1:39→1 / s2:1→1 / s3:1→2, 5→1"	"s3:41→1"
39	81	96	227	2	1	0	0	0	1	0	0	"s1:39→1 / s2:1→1 / s4:1→2, 5→1"	"s3:2→1 / s4:41→1"
39	81	96	228	1	1	0	0	0	1	0	0	"s1:39→1 / s2:1→1 / s3:1→3, 5→1"	"s3:2→1"
39	81	96	263	0	0	1	1	0	0	0	0	"s1:1→1 / s2:39→1"	""
39	81	97	236	1	0	0	0	0	1	0	0	"s1:39→1 / s2:1→4, 5→1"	"s2:2→1"
39	81	98	228	1	1	0	0	0	1	0	0	"s1:39→1 / s2:1→1 / s3:1→4, 5→1"	"s3:2→1"
39	81	99	229	1	1	0	0	0	1	0	0	"s1:39→1 / s2:1→1 / s3:1→3, 5→1"	"s3:41→1"
39	81	99	236	1	0	0	0	0	1	0	0	"s1:39→1 / s2:1→2"	"s2:2→1"
39	81	100	228	1	1	0	0	0	1	0	0	"{s1:39→1 / s2:1→1 / s3:1→2, s1:39→1 / s2:1→2}"	"{s3:2→1, s3:2→1}"
39	81	100	229	1	1	0	0	0	1	0	0	"s1:39→1 / s2:1→1 / s3:1→1"	"s3:41→1"
39	81	100	230	0	1	0	0	0	1	0	0	"s1:39→1 / s2:1→2"	""
39	81	101	227	2	1	0	0	0	1	0	0	"s1:39→1 / s2:1→1 / s4:1→1"	"s3:2→1 / s4:41→1"
39	81	101	228	1	1	0	0	0	1	0	0	"s1:39→1 / s2:1→2 / s3:1→1"	"s3:2→1"
39	81	101	229	1	1	0	0	0	1	0	0	"s1:39→1 / s2:1→1 / s3:1→4, 5→1"	"s3:41→1"
39	81	103	222	0	2	0	0	0	1	0	0	"s1:39→1 / s2:1→1 / s3:1→2"	""
39	81	103	228	1	1	0	0	0	1	0	0	"{s1:39→1 / s2:1→1 / s3:1→3, s1:39→1 / s2:1→2 / s3:1→1, 5→1}"	"{s3:2→1, s3:2→1}"
39	81	103	236	1	0	0	0	0	1	0	0	"s1:39→1 / s2:1→3"	"s2:2→1"
39	81	104	236	1	0	0	0	0	1	0	0	"s1:39→1 / s2:1→4"	"s2:2→1"
39	81	105	228	1	1	0	0	0	1	0	0	"s1:39→1 / s2:1→1 / s3:1→4"	"s3:2→1"
39	81	106	228	1	1	0	0	0	1	0	0	"s1:39→1 / s2:1→1 / s3:1→5"	"s3:2→1"
39	81	106	230	0	1	0	0	0	1	0	0	"s1:39→1 / s2:1→3"	""
39	81	106	236	1	0	0	0	0	1	0	0	"s1:39→1 / s2:1→5"	"s2:2→1"
39	81	107	229	1	1	0	0	0	1	0	0	"s1:39→1 / s2:1→1 / s3:1→2"	"s3:41→1"
39	81	108	229	1	1	0	0	0	1	0	0	"s1:39→1 / s2:1→1 / s3:1→3"	"s3:41→1"
39	81	108	230	0	1	0	0	0	1	0	0	"s1:39→1 / s2:1→4"	""
39	81	108	235	1	0	1	0	1	0	0	0	"s1:39→1 / s2:1→1 / s3:39→1"	"s3:2→1"
39	81	109	229	1	1	0	0	0	1	0	0	"{s1:39→1 / s2:1→1 / s3:1→4, s1:39→1 / s2:1→1 / s3:1→5}"	"{s3:41→1, s3:41→1}"
39	81	109	230	0	1	0	0	0	1	0	0	"s1:39→1 / s2:1→5"	""
39	81	110	228	1	1	0	0	0	1	0	0	"s1:39→1 / s2:1→3"	"s3:2→1"
39	81	110	229	1	1	0	0	0	1	0	0	"s1:39→1 / s2:1→2 / s3:5→1"	"s3:41→1"
39	81	111	227	2	1	0	0	0	1	0	0	"s1:39→1 / s2:1→1 / s4:1→2"	"s3:2→1 / s4:41→1"
39	81	119	225	3	1	0	0	0	1	0	0	"s1:39→1 / s2:1→1 / s3:5→1 / s5:1→1"	"s3:41→1 / s4:2→1 / s5:41→1"
39	81	119	227	2	1	0	0	0	1	0	0	"{s1:39→1 / s2:1→1 / s3:5→1 / s4:1→1, s1:39→1 / s2:1→1 / s3:5→1 / s4:1→1}"	"{s3:41→1 / s4:2→1, s3:41→1 / s4:41→1}"
39	81	124	255	1	1	0	0	1	0	0	0	"{s1:39→1 / s2:1→1 / s3:1→2, 39→1, s1:39→1 / s2:1→1 / s3:1→2, 5→1, 39→1}"	"{s3:2→1, s3:2→1}"
39	81	124	256	1	1	0	0	1	0	0	0	"s1:39→1 / s2:1→1 / s3:1→2, 5→1, 39→1"	"s3:41→1"
39	81	124	257	0	1	0	0	1	0	0	0	"s1:39→1 / s2:1→1"	""
39	81	124	263	1	0	0	0	1	0	0	0	"s1:39→1"	"s2:2→1"
39	81	126	256	1	1	0	0	1	0	0	0	"s1:39→1 / s2:1→1 / s3:1→3, 39→1"	"s3:41→1"
39	81	128	256	1	1	0	0	1	0	0	0	"s1:39→1 / s2:1→1 / s3:1→2, 39→1"	"s3:41→1"
39	81	129	255	1	1	0	0	1	0	0	0	"s1:39→1 / s2:1→1 / s3:1→3, 39→1"	"s3:2→1"
39	81	129	256	1	1	0	0	1	0	0	0	"s1:39→1 / s2:1→1 / s3:1→3, 5→1, 39→1"	"s3:41→1"
39	81	132	255	1	1	0	0	1	0	0	0	"s1:39→1 / s2:1→1 / s3:1→3, 5→1, 39→1"	"s3:2→1"
39	81	136	256	1	1	0	0	1	0	0	0	"s1:39→1 / s2:1→1 / s3:1→4, 39→1"	"s3:41→1"
39	81	137	255	1	1	0	0	1	0	0	0	"s1:39→1 / s2:1→1 / s3:1→1, 5→1, 39→1"	"s3:2→1"
39	81	139	255	1	1	0	0	1	0	0	0	"s1:39→1 / s2:1→1 / s3:1→4, 39→1"	"s3:2→1"
39	81	158	255	0	1	1	1	0	0	0	0	"s1:1→1 / s2:39→1 / s3:39→1"	""
39	81	165	263	0	0	1	1	0	0	0	0	"s1:1→1 / s2:39→2"	""
39	81	165	267	0	3	0	1	0	0	0	0	"s1:1→1 / s2:39→1 / s3:39→1 / s4:39→1"	""
39	81	166	256	1	1	0	0	1	0	0	0	"s1:39→1 / s2:1→1 / s3:1→1, 5→1, 39→1"	"s3:41→1"
39	81	169	235	1	0	1	0	1	0	0	0	"s1:39→1 / s2:1→1"	"s3:2→1"
39	81	171	255	1	1	0	0	1	0	0	0	"s1:39→1 / s2:1→1 / s3:1→1, 39→1"	"s3:2→1"
39	81	174	263	0	0	1	1	0	0	0	0	"s1:39→1 / s2:1→1"	""
39	81	175	255	1	1	0	0	1	0	0	0	"s1:39→1 / s2:1→1"	"s3:2→1"
39	81	175	256	1	1	0	0	1	0	0	0	"s1:39→1 / s2:1→1 / s3:5→1"	"s3:41→1"
39	81	176	263	1	0	0	0	1	0	0	0	"s1:39→1 / s2:5→1"	"s2:2→1"
39	81	177	261	1	0	1	1	0	0	0	0	"s1:39→1 / s2:1→1 / s3:5→1, 39→1"	"s3:2→1"
39	81	178	235	1	0	1	0	1	0	0	0	"s1:39→1 / s2:1→1 / s3:5→1"	"s3:2→1"
39	81	179	254	2	1	0	0	1	0	0	0	"s1:39→1 / s2:1→1 / s3:5→1"	"s3:41→1 / s4:2→1"
39	81	179	255	1	1	0	0	1	0	0	0	"s1:39→1 / s2:1→1 / s3:5→1"	"s3:2→1"
39	81	186	263	1	0	0	0	1	0	0	0	"s1:39→1 / s2:1→1, 5→1"	"s2:2→1"
39	81	187	247	1	2	0	0	1	0	0	0	"s1:39→1 / s2:1→1 / s3:1→1 / s4:5→1"	"s4:2→1"
39	81	187	248	1	2	0	0	1	0	0	0	"s1:39→1 / s2:1→1 / s3:1→1 / s4:5→1"	"s4:42→1"
39	81	187	249	0	2	0	0	1	0	0	0	"s1:39→1 / s2:1→1 / s3:1→1"	""
39	81	188	255	1	1	0	0	1	0	0	0	"s1:39→1 / s2:1→1 / s3:1→1, 5→1"	"s3:2→1"
39	81	189	247	1	2	0	0	1	0	0	0	"s1:39→1 / s2:1→1 / s3:1→1"	"s4:2→1"
39	81	190	254	2	1	0	0	1	0	0	0	"s1:39→1 / s2:1→1 / s4:1→1, 5→1"	"s3:2→1 / s4:41→1"
39	81	190	256	1	1	0	0	1	0	0	0	"s1:39→1 / s2:1→1 / s3:1→1, 5→1"	"s3:41→1"
39	81	191	263	1	0	0	0	1	0	0	0	"{s1:39→1 / s2:1→1, s1:39→1 / s2:1→2, 5→1}"	"{s2:2→1, s2:2→1}"
39	81	192	261	1	0	1	1	0	0	0	0	"s1:39→1 / s2:1→1 / s3:39→1"	"s3:2→1"
39	81	193	255	1	1	0	0	1	0	0	0	"s1:39→1 / s2:1→1 / s3:1→2, 5→1"	"s3:2→1"
39	82	39	121	0	0	0	1	0	0	0	0	"s1:1→1"	""
39	82	39	145	0	0	1	0	0	0	0	0	"s1:1→1"	""
39	82	39	165	0	1	0	0	0	0	0	0	"s1:1→1"	""
39	82	43	164	1	1	0	0	0	0	0	0	"{s1:1→1 / s2:1→1, 36→1, s1:1→1 / s2:1→2, 36→1, s1:1→1 / s2:1→3, 36→1, s1:1→1 / s2:1→4, 36→1}"	"{s2:40→1, s2:40→1, s2:40→1, s2:40→1}"
39	82	44	157	0	2	0	0	0	0	0	0	"s1:1→1 / s2:1→1"	""
39	82	44	164	1	1	0	0	0	0	0	0	"{s1:1→1 / s2:1→1, s1:1→1 / s2:1→2, s1:1→1 / s2:1→3, s1:1→1 / s2:1→4, s1:1→1 / s2:1→5, s1:1→1 / s2:36→1}"	"{s2:40→1, s2:40→1, s2:40→1, s2:40→1, s2:40→1, s2:40→1}"
39	82	44	165	0	1	0	0	0	0	0	0	"{s1:1→2, s1:1→3, s1:1→4, s1:1→5}"	""
39	82	45	157	0	2	0	0	0	0	0	0	"s1:1→1 / s2:1→2"	""
39	85	39	153	0	0	1	0	0	0	0	0	"s1:39→1"	""
39	85	39	173	0	1	0	0	0	0	0	0	"s1:39→1"	""
39	85	42	172	1	1	0	0	0	0	0	0	"s1:39→1 / s2:2→1"	"s2:40→1"
39	85	43	170	2	1	0	0	0	0	0	0	"s1:39→1 / s2:2→1 / s3:1→1"	"s2:40→1 / s3:40→1"
39	85	43	172	1	1	0	0	0	0	0	0	"{s1:39→1 / s2:1→1, 2→1, s1:39→1 / s2:1→1, 2→1, 37→1, s1:39→1 / s2:1→1, 2→1, 37→1, 39→1, s1:39→1 / s2:1→1, 2→1, 39→1, s1:39→1 / s2:2→1, 37→1}"	"{s2:40→1, s2:40→1, s2:40→1, s2:40→1, s2:40→1}"
39	85	44	170	2	1	0	0	0	0	0	0	"s1:39→1 / s2:2→1 / s3:1→1, 37→1"	"s2:40→1 / s3:40→1"
39	85	44	172	1	1	0	0	0	0	0	0	"{s1:39→1 / s2:2→1, 37→1, 39→1, s1:39→1 / s2:2→1, 39→1, s1:39→1 / s2:37→1, s1:39→1 / s2:37→1, 39→1, s1:39→1 / s2:39→1}"	"{s2:40→1, s2:40→1, s2:40→1, s2:40→1, s2:40→1}"
39	85	44	173	0	1	0	0	0	0	0	0	"s1:39→2"	""
39	85	45	165	0	2	0	0	0	0	0	0	"s1:39→1 / s2:39→1"	""
39	85	45	173	0	1	0	0	0	0	0	0	"s1:39→3"	""
39	85	103	170	2	1	0	0	0	0	0	0	"s1:39→1 / s2:37→1 / s3:2→1"	"s2:40→1 / s3:40→1"
39	86	39	104	0	0	0	0	0	0	0	1	"s1:39→1"	""
39	86	39	219	0	0	0	0	0	0	1	0	"s1:39→1"	""
39	86	39	238	0	1	0	0	0	1	0	0	"s1:39→1"	"s2:1→1"
39	86	39	247	0	0	0	0	0	1	0	0	"s1:39→1"	""
39	86	40	210	0	1	0	0	0	0	1	0	"s1:39→1"	"s2:1→1"
39	86	44	95	0	1	0	0	0	0	0	1	"s1:39→1"	"s2:1→1"
39	86	46	95	0	1	0	0	0	0	0	1	"s1:39→1"	"s2:2→1"
39	86	46	266	0	1	0	0	1	0	0	0	"s1:39→1 / s2:39→1"	""
39	86	58	210	0	1	0	0	0	0	1	0	"s1:39→1"	"s2:2→1"
39	86	157	238	0	1	0	0	0	1	0	0	"s1:39→1"	"s2:2→1"
39	86	169	265	0	1	0	0	1	0	0	0	"s1:39→1"	"s2:1→1"
39	87	39	104	0	0	0	0	0	0	0	1	"s1:1→1"	""
39	87	39	219	0	0	0	0	0	0	1	0	"s1:1→1"	""
39	87	39	247	0	0	0	0	0	1	0	0	"s1:1→1"	""
39	87	46	266	0	1	0	0	1	0	0	0	"s1:1→1 / s2:1→1"	""
39	88	39	228	0	1	0	0	0	0	1	0	"{s1:1→1 / s2:39→1, s1:39→1 / s2:1→1}"	""
39	88	39	236	0	0	0	0	0	0	1	0	"{s1:1→1, s1:39→1}"	""
39	88	39	236	0	0	1	0	0	1	0	0	"{s1:1→1 / s2:39→1, s1:39→1 / s2:1→1}"	""
39	88	39	239	0	0	0	1	1	0	0	0	"{s1:1→1 / s2:39→1, s1:39→1 / s2:1→1}"	""
39	88	39	264	0	0	0	0	0	1	0	0	"{s1:1→1, s1:1→1, 39→1, s1:39→1}"	""
39	88	40	208	0	0	1	0	0	0	1	0	"{s1:1→1 / s2:39→1, s1:39→1 / s2:1→1}"	""
39	88	40	212	0	0	0	1	0	1	0	0	"{s1:1→1 / s2:39→1, s1:39→1 / s2:1→1}"	""
39	88	40	213	0	0	0	0	2	0	0	0	"s1:39→1 / s2:1→1"	""
39	88	40	236	0	0	0	0	0	0	1	0	"s1:1→1, 39→1"	""
39	88	41	184	0	0	0	1	0	0	1	0	"{s1:1→1 / s2:39→1, s1:39→1 / s2:1→1}"	""
39	88	41	186	0	0	0	0	1	1	0	0	"{s1:1→1 / s2:39→1, s1:39→1 / s2:1→1}"	""
39	88	42	158	0	0	0	0	1	0	1	0	"{s1:1→1 / s2:39→1, s1:39→1 / s2:1→1}"	""
39	88	42	159	0	0	0	0	0	2	0	0	"s1:39→1 / s2:1→1"	""
39	88	43	131	0	0	0	0	0	1	1	0	"{s1:1→1 / s2:39→1, s1:39→1 / s2:1→1}"	""
39	88	44	103	0	0	0	0	0	0	2	0	"s1:39→1 / s2:1→1"	""
39	88	48	200	0	1	1	0	0	0	1	0	"s1:1→1 / s2:39→1 / s3:39→1"	""
39	88	48	220	0	2	0	0	0	0	1	0	"s1:1→1 / s2:39→1 / s3:39→1"	""
39	88	49	256	0	1	0	0	0	1	0	0	"s1:1→1 / s2:39→1"	""
39	88	52	200	0	1	1	0	0	0	1	0	"s1:39→1 / s2:1→1 / s3:1→1"	""
39	88	53	208	0	0	1	0	0	0	1	0	"s1:1→1 / s2:39→2"	""
39	88	53	212	0	3	0	0	0	0	1	0	"s1:1→1 / s2:39→1 / s3:39→1 / s4:39→1"	""
39	88	53	220	0	2	0	0	0	0	1	0	"s1:39→1 / s2:1→1 / s3:1→1"	""
39	88	54	227	1	1	0	0	0	0	1	0	"s1:1→1 / s2:39→1 / s3:39→1"	"s3:41→1"
39	88	54	228	0	1	0	0	0	0	1	0	"s1:1→1 / s2:39→2"	""
39	88	56	219	1	2	0	0	0	0	1	0	"s1:1→1 / s2:39→1 / s3:39→1 / s4:39→1"	"s4:42→1"
39	88	56	220	0	2	0	0	0	0	1	0	"s1:1→1 / s2:39→1 / s3:39→2"	""
39	88	58	219	1	2	0	0	0	0	1	0	"s1:1→1 / s2:39→1 / s3:39→2 / s4:39→1"	"s4:41→1"
39	88	58	220	0	2	0	0	0	0	1	0	"{s1:1→1 / s2:39→1 / s3:39→3, s1:1→1 / s2:39→2 / s3:39→2}"	""
39	88	58	225	2	1	0	0	0	0	1	0	"s1:1→1 / s2:39→1 / s3:39→1 / s4:39→1"	"s3:41→1 / s4:41→1"
39	88	58	227	1	1	0	0	0	0	1	0	"{s1:1→1 / s2:39→1 / s3:39→2, s1:1→1 / s2:39→2 / s3:39→1}"	"{s3:41→1, s3:41→1}"
39	88	58	228	0	1	0	0	0	0	1	0	"s1:1→1 / s2:39→3"	""
39	88	59	219	1	2	0	0	0	0	1	0	"{s1:1→1 / s2:39→1 / s3:39→1 / s4:39→2, s1:1→1 / s2:39→1 / s3:39→1 / s4:39→3}"	"{s4:42→1, s4:42→1}"
39	88	59	220	0	2	0	0	0	0	1	0	"s1:1→1 / s2:39→1 / s3:39→4"	""
39	88	59	225	2	1	0	0	0	0	1	0	"{s1:1→1 / s2:39→1 / s3:39→1 / s4:39→2, s1:1→1 / s2:39→1 / s3:39→2 / s4:39→2}"	"{s3:41→1 / s4:41→1, s3:41→1 / s4:41→1}"
39	88	59	227	1	1	0	0	0	0	1	0	"{s1:1→1 / s2:39→1 / s3:39→3, s1:1→1 / s2:39→2 / s3:39→2, s1:1→1 / s2:39→3 / s3:39→1}"	"{s3:41→1, s3:41→1, s3:41→1}"
39	88	59	228	0	1	0	0	0	0	1	0	"{s1:1→1 / s2:39→4, s1:1→1 / s2:39→5}"	""
39	88	60	219	1	2	0	0	0	0	1	0	"{s1:1→1 / s2:39→1 / s3:39→1 / s4:39→4, s1:1→1 / s2:39→1 / s3:39→1 / s4:39→5}"	"{s4:42→1, s4:42→1}"
39	88	60	220	0	2	0	0	0	0	1	0	"s1:1→1 / s2:39→1 / s3:39→5"	""
39	88	60	225	2	1	0	0	0	0	1	0	"{s1:1→1 / s2:39→1 / s3:39→1 / s4:39→3, s1:1→1 / s2:39→1 / s3:39→1 / s4:39→4, s1:1→1 / s2:39→1 / s3:39→1 / s4:39→5, s1:1→1 / s2:39→1 / s3:39→2 / s4:39→3, s1:1→1 / s2:39→1 / s3:39→2 / s4:39→4}"	"{s3:41→1 / s4:41→1, s3:41→1 / s4:41→1, s3:41→1 / s4:41→1, s3:41→1 / s4:41→1, s3:41→1 / s4:41→1}"
39	88	60	227	1	1	0	0	0	0	1	0	"{s1:1→1 / s2:39→1 / s3:39→4, s1:1→1 / s2:39→1 / s3:39→5, s1:1→1 / s2:39→2 / s3:39→3, s1:1→1 / s2:39→2 / s3:39→4, s1:1→1 / s2:39→2 / s3:39→5}"	"{s3:41→1, s3:41→1, s3:41→1, s3:41→1, s3:41→1}"
39	88	61	208	0	0	1	0	0	0	1	0	"s1:39→1 / s2:1→2"	""
39	88	61	212	0	3	0	0	0	0	1	0	"s1:39→1 / s2:1→1 / s3:1→1 / s4:1→1"	""
39	88	63	227	1	1	0	0	0	0	1	0	"s1:39→1 / s2:1→1 / s3:1→1"	"s3:41→1"
39	88	63	228	0	1	0	0	0	0	1	0	"s1:39→1 / s2:1→2"	""
39	88	64	256	0	1	0	0	0	1	0	0	"s1:39→1 / s2:1→1"	""
39	88	65	219	1	2	0	0	0	0	1	0	"s1:39→1 / s2:1→1 / s3:1→1 / s4:1→1"	"s4:42→1"
39	88	65	220	0	2	0	0	0	0	1	0	"s1:39→1 / s2:1→1 / s3:1→2"	""
39	88	67	219	1	2	0	0	0	0	1	0	"s1:39→1 / s2:1→1 / s3:1→2 / s4:1→1"	"s4:41→1"
39	88	67	220	0	2	0	0	0	0	1	0	"s1:39→1 / s2:1→2 / s3:1→2"	""
39	88	67	225	2	1	0	0	0	0	1	0	"s1:39→1 / s2:1→1 / s3:1→1 / s4:1→1"	"s3:41→1 / s4:41→1"
39	88	67	227	1	1	0	0	0	0	1	0	"s1:39→1 / s2:1→2 / s3:1→1"	"s3:41→1"
39	88	67	228	0	1	0	0	0	0	1	0	"s1:39→1 / s2:1→3"	""
39	88	68	219	1	2	0	0	0	0	1	0	"s1:39→1 / s2:1→1 / s3:1→1 / s4:1→2"	"s4:42→1"
39	88	68	220	0	2	0	0	0	0	1	0	"s1:39→1 / s2:1→1 / s3:1→3"	""
39	88	68	227	1	1	0	0	0	0	1	0	"s1:39→1 / s2:1→1 / s3:1→2"	"s3:41→1"
39	88	69	219	1	2	0	0	0	0	1	0	"s1:39→1 / s2:1→1 / s3:1→1 / s4:1→3"	"s4:42→1"
39	88	69	220	0	2	0	0	0	0	1	0	"s1:39→1 / s2:1→1 / s3:1→4"	""
39	88	69	225	2	1	0	0	0	0	1	0	"{s1:39→1 / s2:1→1 / s3:1→1 / s4:1→2, s1:39→1 / s2:1→1 / s3:1→2 / s4:1→2}"	"{s3:41→1 / s4:41→1, s3:41→1 / s4:41→1}"
39	88	69	227	1	1	0	0	0	0	1	0	"{s1:39→1 / s2:1→1 / s3:1→3, s1:39→1 / s2:1→2 / s3:1→2, s1:39→1 / s2:1→2 / s3:1→3, s1:39→1 / s2:1→3 / s3:1→1}"	"{s3:41→1, s3:41→1, s3:41→1, s3:41→1}"
39	88	69	228	0	1	0	0	0	0	1	0	"{s1:39→1 / s2:1→4, s1:39→1 / s2:1→5}"	""
39	88	70	219	1	2	0	0	0	0	1	0	"{s1:39→1 / s2:1→1 / s3:1→1 / s4:1→4, s1:39→1 / s2:1→1 / s3:1→1 / s4:1→5}"	"{s4:42→1, s4:42→1}"
39	88	70	220	0	2	0	0	0	0	1	0	"s1:39→1 / s2:1→1 / s3:1→5"	""
39	88	70	225	2	1	0	0	0	0	1	0	"{s1:39→1 / s2:1→1 / s3:1→1 / s4:1→3, s1:39→1 / s2:1→1 / s3:1→1 / s4:1→4, s1:39→1 / s2:1→1 / s3:1→1 / s4:1→5, s1:39→1 / s2:1→1 / s3:1→2 / s4:1→3, s1:39→1 / s2:1→1 / s3:1→2 / s4:1→4}"	"{s3:41→1 / s4:41→1, s3:41→1 / s4:41→1, s3:41→1 / s4:41→1, s3:41→1 / s4:41→1, s3:41→1 / s4:41→1}"
39	88	70	227	1	1	0	0	0	0	1	0	"{s1:39→1 / s2:1→1 / s3:1→4, s1:39→1 / s2:1→1 / s3:1→5, s1:39→1 / s2:1→2 / s3:1→4, s1:39→1 / s2:1→2 / s3:1→5}"	"{s3:41→1, s3:41→1, s3:41→1, s3:41→1}"
39	88	81	228	0	1	1	0	0	1	0	0	"s1:1→1 / s2:39→1 / s3:39→1"	""
39	88	84	248	0	2	0	0	0	1	0	0	"s1:1→1 / s2:39→1 / s3:39→1"	""
39	88	90	236	0	0	1	0	0	1	0	0	"s1:1→1 / s2:39→2"	""
39	88	90	240	0	3	0	0	0	1	0	0	"s1:1→1 / s2:39→1 / s3:39→1 / s4:39→1"	""
39	88	92	255	1	1	0	0	0	1	0	0	"s1:1→1 / s2:39→1 / s3:39→1"	"s3:41→1"
39	88	92	256	0	1	0	0	0	1	0	0	"s1:1→1 / s2:39→2"	""
39	88	93	248	0	2	0	0	0	1	0	0	"s1:1→1 / s2:39→1 / s3:39→2"	""
39	88	93	263	0	0	1	0	1	0	0	0	"s1:1→1 / s2:39→1"	""
39	88	94	247	1	2	0	0	0	1	0	0	"s1:1→1 / s2:39→1 / s3:39→1 / s4:39→1"	"s4:42→1"
39	88	95	247	1	2	0	0	0	1	0	0	"s1:1→1 / s2:39→1 / s3:39→2 / s4:39→1"	"s4:41→1"
39	88	95	248	0	2	0	0	0	1	0	0	"s1:1→1 / s2:39→2 / s3:39→2"	""
39	88	95	253	2	1	0	0	0	1	0	0	"s1:1→1 / s2:39→1 / s3:39→1 / s4:39→1"	"s3:41→1 / s4:41→1"
39	88	95	255	1	1	0	0	0	1	0	0	"s1:1→1 / s2:39→2 / s3:39→1"	"s3:41→1"
39	88	95	256	0	1	0	0	0	1	0	0	"s1:1→1 / s2:39→3"	""
39	88	96	247	1	2	0	0	0	1	0	0	"s1:1→1 / s2:39→1 / s3:39→1 / s4:39→2"	"s4:42→1"
39	88	96	248	0	2	0	0	0	1	0	0	"s1:1→1 / s2:39→1 / s3:39→3"	""
39	88	96	255	1	1	0	0	0	1	0	0	"s1:1→1 / s2:39→1 / s3:39→2"	"s3:41→1"
39	88	97	247	1	2	0	0	0	1	0	0	"{s1:1→1 / s2:39→1 / s3:39→1 / s4:39→3, s1:1→1 / s2:39→1 / s3:39→1 / s4:39→4, s1:1→1 / s2:39→1 / s3:39→1 / s4:39→5}"	"{s4:42→1, s4:42→1, s4:42→1}"
39	88	97	248	0	2	0	0	0	1	0	0	"{s1:1→1 / s2:39→1 / s3:39→4, s1:1→1 / s2:39→1 / s3:39→5}"	""
39	88	97	253	2	1	0	0	0	1	0	0	"{s1:1→1 / s2:39→1 / s3:39→1 / s4:39→2, s1:1→1 / s2:39→1 / s3:39→1 / s4:39→3, s1:1→1 / s2:39→1 / s3:39→1 / s4:39→4, s1:1→1 / s2:39→1 / s3:39→1 / s4:39→5, s1:1→1 / s2:39→1 / s3:39→2 / s4:39→2, s1:1→1 / s2:39→1 / s3:39→2 / s4:39→3, s1:1→1 / s2:39→1 / s3:39→2 / s4:39→4}"	"{s3:41→1 / s4:41→1, s3:41→1 / s4:41→1, s3:41→1 / s4:41→1, s3:41→1 / s4:41→1, s3:41→1 / s4:41→1, s3:41→1 / s4:41→1, s3:41→1 / s4:41→1}"
39	88	97	255	1	1	0	0	0	1	0	0	"{s1:1→1 / s2:39→1 / s3:39→3, s1:1→1 / s2:39→1 / s3:39→4, s1:1→1 / s2:39→1 / s3:39→5, s1:1→1 / s2:39→2 / s3:39→2, s1:1→1 / s2:39→2 / s3:39→3, s1:1→1 / s2:39→2 / s3:39→4, s1:1→1 / s2:39→2 / s3:39→5, s1:1→1 / s2:39→3 / s3:39→1}"	"{s3:41→1, s3:41→1, s3:41→1, s3:41→1, s3:41→1, s3:41→1, s3:41→1, s3:41→1}"
39	88	97	256	0	1	0	0	0	1	0	0	"{s1:1→1 / s2:39→4, s1:1→1 / s2:39→5}"	""
39	88	100	228	0	1	1	0	0	1	0	0	"s1:39→1 / s2:1→1 / s3:1→1"	""
39	88	103	248	0	2	0	0	0	1	0	0	"s1:39→1 / s2:1→1 / s3:1→1"	""
39	88	110	236	0	0	1	0	0	1	0	0	"s1:39→1 / s2:1→2"	""
39	88	110	240	0	3	0	0	0	1	0	0	"s1:39→1 / s2:1→1 / s3:1→1 / s4:1→1"	""
39	88	112	256	0	1	0	0	0	1	0	0	"s1:39→1 / s2:1→2"	""
39	88	113	255	1	1	0	0	0	1	0	0	"s1:39→1 / s2:1→1 / s3:1→1"	"s3:41→1"
39	88	114	247	1	2	0	0	0	1	0	0	"s1:39→1 / s2:1→1 / s3:1→1 / s4:1→1"	"s4:42→1"
39	88	114	248	0	2	0	0	0	1	0	0	"s1:39→1 / s2:1→1 / s3:1→2"	""
39	88	116	247	1	2	0	0	0	1	0	0	"s1:39→1 / s2:1→1 / s3:1→2 / s4:1→1"	"s4:41→1"
39	88	116	248	0	2	0	0	0	1	0	0	"{s1:39→1 / s2:1→1 / s3:1→3, s1:39→1 / s2:1→2 / s3:1→2}"	""
39	88	116	253	2	1	0	0	0	1	0	0	"s1:39→1 / s2:1→1 / s3:1→1 / s4:1→1"	"s3:41→1 / s4:41→1"
39	88	116	255	1	1	0	0	0	1	0	0	"s1:39→1 / s2:1→2 / s3:1→1"	"s3:41→1"
39	88	116	256	0	1	0	0	0	1	0	0	"s1:39→1 / s2:1→3"	""
39	88	117	247	1	2	0	0	0	1	0	0	"s1:39→1 / s2:1→1 / s3:1→1 / s4:1→2"	"s4:42→1"
39	88	117	248	0	2	0	0	0	1	0	0	"s1:39→1 / s2:1→1 / s3:1→4"	""
39	88	117	253	2	1	0	0	0	1	0	0	"s1:39→1 / s2:1→1 / s3:1→1 / s4:1→2"	"s3:41→1 / s4:41→1"
39	88	117	255	1	1	0	0	0	1	0	0	"{s1:39→1 / s2:1→1 / s3:1→2, s1:39→1 / s2:1→2 / s3:1→2, s1:39→1 / s2:1→3 / s3:1→1}"	"{s3:41→1, s3:41→1, s3:41→1}"
39	88	117	256	0	1	0	0	0	1	0	0	"s1:39→1 / s2:1→4"	""
39	88	118	247	1	2	0	0	0	1	0	0	"{s1:39→1 / s2:1→1 / s3:1→1 / s4:1→3, s1:39→1 / s2:1→1 / s3:1→1 / s4:1→4, s1:39→1 / s2:1→1 / s3:1→1 / s4:1→5}"	"{s4:42→1, s4:42→1, s4:42→1}"
39	88	118	248	0	2	0	0	0	1	0	0	"s1:39→1 / s2:1→1 / s3:1→5"	""
39	88	118	253	2	1	0	0	0	1	0	0	"{s1:39→1 / s2:1→1 / s3:1→1 / s4:1→3, s1:39→1 / s2:1→1 / s3:1→1 / s4:1→4, s1:39→1 / s2:1→1 / s3:1→1 / s4:1→5, s1:39→1 / s2:1→1 / s3:1→2 / s4:1→2, s1:39→1 / s2:1→1 / s3:1→2 / s4:1→3, s1:39→1 / s2:1→1 / s3:1→2 / s4:1→4}"	"{s3:41→1 / s4:41→1, s3:41→1 / s4:41→1, s3:41→1 / s4:41→1, s3:41→1 / s4:41→1, s3:41→1 / s4:41→1, s3:41→1 / s4:41→1}"
39	88	118	255	1	1	0	0	0	1	0	0	"{s1:39→1 / s2:1→1 / s3:1→3, s1:39→1 / s2:1→1 / s3:1→4, s1:39→1 / s2:1→1 / s3:1→5, s1:39→1 / s2:1→2 / s3:1→3, s1:39→1 / s2:1→2 / s3:1→4, s1:39→1 / s2:1→2 / s3:1→5}"	"{s3:41→1, s3:41→1, s3:41→1, s3:41→1, s3:41→1, s3:41→1}"
39	88	118	256	0	1	0	0	0	1	0	0	"s1:39→1 / s2:1→5"	""
39	88	122	263	0	0	1	0	1	0	0	0	"s1:39→1 / s2:1→1"	""
39	88	154	255	0	1	1	0	1	0	0	0	"s1:1→1 / s2:39→1 / s3:39→1"	""
39	88	161	263	0	0	1	0	1	0	0	0	"s1:1→1 / s2:39→2"	""
39	88	161	267	0	3	0	0	1	0	0	0	"s1:1→1 / s2:39→1 / s3:39→1 / s4:39→1"	""
39	88	167	265	0	0	0	2	0	0	0	0	"s1:39→1 / s2:1→1"	""
39	89	39	123	0	0	0	0	0	0	0	1	"s1:39→1"	""
39	89	39	230	0	1	0	0	0	0	1	0	"s1:39→1 / s2:1→1"	""
39	89	39	236	1	0	0	0	0	0	1	0	"s1:39→1"	"s2:2→1"
39	89	39	238	0	0	0	0	0	0	1	0	"s1:39→1"	""
39	89	39	238	0	0	1	0	0	1	0	0	"s1:39→1 / s2:1→1"	""
39	89	39	241	0	0	0	1	1	0	0	0	"s1:39→1 / s2:1→1"	""
39	89	39	266	0	0	0	0	0	1	0	0	"s1:39→1"	""
39	89	40	210	0	0	1	0	0	0	1	0	"s1:39→1 / s2:1→1"	""
39	89	40	214	0	0	0	1	0	1	0	0	"s1:39→1 / s2:1→1"	""
39	89	40	264	1	0	0	0	0	1	0	0	"s1:39→1 / s2:1→3, 39→1"	"s2:2→1"
39	89	41	186	0	0	0	1	0	0	1	0	"s1:39→1 / s2:1→1"	""
39	89	41	228	1	1	0	0	0	0	1	0	"s1:39→1 / s2:1→1 / s3:1→2, 39→1"	"s3:2→1"
39	89	41	236	1	0	0	0	0	0	1	0	"{s1:39→1 / s2:1→2, 39→1, s1:39→1 / s2:1→3, 39→1, s1:39→1 / s2:1→4, 39→1}"	"{s2:2→1, s2:2→1, s2:2→1}"
39	89	41	264	1	0	0	0	0	1	0	0	"{s1:39→1 / s2:1→1, 39→1, s1:39→1 / s2:1→2, 39→1, s1:39→1 / s2:1→4, 39→1}"	"{s2:2→1, s2:2→1, s2:2→1}"
39	89	42	228	1	1	0	0	0	0	1	0	"s1:39→1 / s2:1→1 / s3:1→3, 39→1"	"s3:2→1"
39	89	42	229	1	1	0	0	0	0	1	0	"{s1:39→1 / s2:1→1 / s3:1→2, 39→1, s1:39→1 / s2:1→1 / s3:1→3, 39→1}"	"{s3:41→1, s3:41→1}"
39	89	42	236	1	0	0	0	0	0	1	0	"s1:39→1 / s2:1→1, 39→1"	"s2:2→1"
39	89	42	264	1	0	0	0	0	1	0	0	"s1:39→1 / s2:39→1"	"s2:2→1"
39	89	43	115	0	1	0	0	0	0	0	1	"s1:39→1 / s2:1→1"	""
39	89	43	121	1	0	0	0	0	0	0	1	"s1:39→1"	"s2:2→1"
39	89	43	228	1	1	0	0	0	0	1	0	"s1:39→1 / s2:1→1 / s3:1→4, 39→1"	"s3:2→1"
39	89	43	229	1	1	0	0	0	0	1	0	"s1:39→1 / s2:1→1 / s3:1→4, 39→1"	"s3:41→1"
39	89	43	236	1	0	0	0	0	0	1	0	"s1:39→1 / s2:39→1"	"s2:2→1"
39	89	44	95	0	0	1	0	0	0	0	1	"s1:39→1 / s2:1→1"	""
39	89	45	71	0	0	0	1	0	0	0	1	"s1:39→1 / s2:1→1"	""
39	89	45	113	1	1	0	0	0	0	0	1	"{s1:39→1 / s2:1→1, s1:39→1 / s2:1→1 / s3:1→1}"	"{s3:2→1, s3:2→1}"
39	89	45	121	1	0	0	0	0	0	0	1	"{s1:39→1 / s2:1→1, s1:39→1 / s2:1→2, s1:39→1 / s2:1→3, s1:39→1 / s2:1→4, s1:39→1 / s2:1→5}"	"{s2:2→1, s2:2→1, s2:2→1, s2:2→1, s2:2→1}"
39	89	46	93	1	0	1	0	0	0	0	1	"s1:39→1 / s2:1→1"	"s3:2→1"
39	89	46	105	1	2	0	0	0	0	0	1	"s1:39→1 / s2:1→1 / s3:1→1"	"s4:2→1"
39	89	46	107	0	2	0	0	0	0	0	1	"{s1:39→1 / s2:1→1 / s3:1→1, s1:39→1 / s2:1→1 / s3:1→2}"	""
39	89	46	112	2	1	0	0	0	0	0	1	"{s1:39→1 / s2:1→1 / s4:1→1, s1:39→1 / s2:1→1 / s4:1→2}"	"{s3:2→1 / s4:41→1, s3:2→1 / s4:41→1}"
39	89	46	113	1	1	0	0	0	0	0	1	"{s1:39→1 / s2:1→1 / s3:1→2, s1:39→1 / s2:1→1 / s3:1→3, s1:39→1 / s2:1→1 / s3:1→4, s1:39→1 / s2:1→1 / s3:1→5, s1:39→1 / s2:1→2, s1:39→1 / s2:1→2 / s3:1→1, s1:39→1 / s2:1→3}"	"{s3:2→1, s3:2→1, s3:2→1, s3:2→1, s3:2→1, s3:2→1, s3:2→1}"
39	89	46	114	1	1	0	0	0	0	0	1	"{s1:39→1 / s2:1→1 / s3:1→1, s1:39→1 / s2:1→1 / s3:1→2, s1:39→1 / s2:1→1 / s3:1→3, s1:39→1 / s2:1→1 / s3:1→4, s1:39→1 / s2:1→1 / s3:1→5}"	"{s3:41→1, s3:41→1, s3:41→1, s3:41→1, s3:41→1}"
39	89	46	115	0	1	0	0	0	0	0	1	"{s1:39→1 / s2:1→2, s1:39→1 / s2:1→3, s1:39→1 / s2:1→4, s1:39→1 / s2:1→5}"	""
39	89	59	208	1	0	1	0	0	0	1	0	"s1:39→1 / s2:1→1"	"s3:2→1"
39	89	65	228	1	1	0	0	0	0	1	0	"s1:39→1 / s2:1→1"	"s3:2→1"
39	89	67	228	1	1	0	0	0	0	1	0	"s1:39→1 / s2:1→1 / s3:1→1, 39→1"	"s3:2→1"
39	89	81	222	0	2	0	0	0	0	1	0	"s1:39→1 / s2:1→1 / s3:1→1"	""
39	89	84	220	1	2	0	0	0	0	1	0	"s1:39→1 / s2:1→1 / s3:1→1"	"s4:2→1"
39	89	86	236	1	0	0	0	0	0	1	0	"s1:39→1 / s2:1→1"	"s2:2→1"
39	89	90	228	1	1	0	0	0	0	1	0	"s1:39→1 / s2:1→1 / s3:1→1"	"s3:2→1"
39	89	95	236	1	0	0	0	0	0	1	0	"s1:39→1 / s2:1→2"	"s2:2→1"
39	89	95	267	0	0	0	2	0	0	0	0	"s1:39→1 / s2:1→1"	""
39	89	96	230	0	1	0	0	0	0	1	0	"s1:39→1 / s2:1→2"	""
39	89	97	227	2	1	0	0	0	0	1	0	"s1:39→1 / s2:1→1 / s4:1→1"	"s3:2→1 / s4:41→1"
39	89	97	228	1	1	0	0	0	0	1	0	"{s1:39→1 / s2:1→1 / s3:1→2, s1:39→1 / s2:1→2, s1:39→1 / s2:1→2 / s3:1→1}"	"{s3:2→1, s3:2→1, s3:2→1}"
39	89	97	229	1	1	0	0	0	0	1	0	"s1:39→1 / s2:1→1 / s3:1→1"	"s3:41→1"
39	89	99	222	0	2	0	0	0	0	1	0	"s1:39→1 / s2:1→1 / s3:1→2"	""
39	89	99	228	1	1	0	0	0	0	1	0	"s1:39→1 / s2:1→1 / s3:1→3"	"s3:2→1"
39	89	99	236	1	0	0	0	0	0	1	0	"s1:39→1 / s2:1→3"	"s2:2→1"
39	89	100	208	1	0	1	0	0	0	1	0	"s1:39→1 / s2:1→1 / s3:39→1"	"s3:2→1"
39	89	100	236	1	0	0	0	0	0	1	0	"s1:39→1 / s2:1→4"	"s2:2→1"
39	89	101	228	1	1	0	0	0	0	1	0	"s1:39→1 / s2:1→1 / s3:1→4"	"s3:2→1"
39	89	102	228	1	1	0	0	0	0	1	0	"s1:39→1 / s2:1→1 / s3:1→5"	"s3:2→1"
39	89	102	230	0	1	0	0	0	0	1	0	"s1:39→1 / s2:1→3"	""
39	89	102	236	1	0	0	0	0	0	1	0	"s1:39→1 / s2:1→5"	"s2:2→1"
39	89	103	229	1	1	0	0	0	0	1	0	"s1:39→1 / s2:1→1 / s3:1→2"	"s3:41→1"
39	89	104	229	1	1	0	0	0	0	1	0	"s1:39→1 / s2:1→1 / s3:1→3"	"s3:41→1"
39	89	104	230	0	1	0	0	0	0	1	0	"s1:39→1 / s2:1→4"	""
39	89	105	229	1	1	0	0	0	0	1	0	"{s1:39→1 / s2:1→1 / s3:1→4, s1:39→1 / s2:1→1 / s3:1→5}"	"{s3:41→1, s3:41→1}"
39	89	105	230	0	1	0	0	0	0	1	0	"s1:39→1 / s2:1→5"	""
39	89	106	228	1	1	0	0	0	0	1	0	"s1:39→1 / s2:1→3"	"s3:2→1"
39	89	107	227	2	1	0	0	0	0	1	0	"s1:39→1 / s2:1→1 / s4:1→2"	"s3:2→1 / s4:41→1"
39	89	115	257	1	1	0	0	0	1	0	0	"s1:39→1 / s2:1→1 / s3:1→3, 39→1"	"s3:41→1"
39	89	115	258	0	1	0	0	0	1	0	0	"s1:39→1 / s2:1→1"	""
39	89	116	264	1	0	0	0	0	1	0	0	"s1:39→1"	"s2:2→1"
39	89	117	256	1	1	0	0	0	1	0	0	"s1:39→1 / s2:1→1 / s3:1→3, 39→1"	"s3:2→1"
39	89	120	256	1	1	0	0	0	1	0	0	"s1:39→1 / s2:1→1 / s3:1→2, 39→1"	"s3:2→1"
39	89	122	257	1	1	0	0	0	1	0	0	"s1:39→1 / s2:1→1 / s3:1→4, 39→1"	"s3:41→1"
39	89	124	256	1	1	0	0	0	1	0	0	"s1:39→1 / s2:1→1 / s3:1→4, 39→1"	"s3:2→1"
39	89	133	257	1	1	0	0	0	1	0	0	"s1:39→1 / s2:1→1 / s3:1→2, 39→1"	"s3:41→1"
39	89	145	236	1	0	1	0	0	1	0	0	"s1:39→1 / s2:1→1 / s3:39→1"	"s3:2→1"
39	89	158	236	1	0	1	0	0	1	0	0	"s1:39→1 / s2:1→1"	"s3:2→1"
39	89	164	256	1	1	0	0	0	1	0	0	"s1:39→1 / s2:1→1"	"s3:2→1"
39	89	165	265	0	0	1	0	1	0	0	0	"s1:39→1 / s2:1→1"	""
39	89	166	233	0	1	0	1	1	0	0	0	"s1:39→1 / s2:1→1 / s3:39→1"	""
39	89	166	263	0	0	2	1	0	0	0	0	"s1:1→1 / s2:39→1 / s3:39→1"	""
39	89	167	259	0	1	0	2	0	0	0	0	"s1:39→1 / s2:1→1 / s3:39→1"	""
39	89	176	250	0	2	0	0	0	1	0	0	"s1:39→1 / s2:1→1 / s3:1→1"	""
39	89	178	248	1	2	0	0	0	1	0	0	"s1:39→1 / s2:1→1 / s3:1→1"	"s4:2→1"
39	89	180	229	1	1	0	0	0	0	1	0	"s1:39→1 / s2:1→1 / s3:1→1, 39→1"	"s3:41→1"
39	89	180	264	1	0	0	0	0	1	0	0	"s1:39→1 / s2:1→1"	"s2:2→1"
39	89	182	256	1	1	0	0	0	1	0	0	"s1:39→1 / s2:1→1 / s3:1→1"	"s3:2→1"
39	89	186	264	1	0	0	0	0	1	0	0	"s1:39→1 / s2:1→2"	"s2:2→1"
39	89	187	255	2	1	0	0	0	1	0	0	"s1:39→1 / s2:1→1 / s4:1→1"	"s3:2→1 / s4:41→1"
39	89	187	256	1	1	0	0	0	1	0	0	"{s1:39→1 / s2:1→1 / s3:1→2, s1:39→1 / s2:1→2, s1:39→1 / s2:1→2 / s3:1→1}"	"{s3:2→1, s3:2→1, s3:2→1}"
39	89	187	257	1	1	0	0	0	1	0	0	"s1:39→1 / s2:1→1 / s3:1→1"	"s3:41→1"
39	89	187	258	0	1	0	0	0	1	0	0	"s1:39→1 / s2:1→2"	""
39	89	188	250	0	2	0	0	0	1	0	0	"s1:39→1 / s2:1→1 / s3:1→2"	""
39	89	188	264	1	0	0	0	0	1	0	0	"s1:39→1 / s2:1→3"	"s2:2→1"
39	89	189	256	1	1	0	0	0	1	0	0	"s1:39→1 / s2:1→1 / s3:1→3"	"s3:2→1"
39	89	190	256	1	1	0	0	0	1	0	0	"{s1:39→1 / s2:1→1 / s3:1→4, s1:39→1 / s2:1→1 / s3:1→5}"	"{s3:2→1, s3:2→1}"
39	89	190	264	1	0	0	0	0	1	0	0	"{s1:39→1 / s2:1→4, s1:39→1 / s2:1→5}"	"{s2:2→1, s2:2→1}"
39	89	191	257	1	1	0	0	0	1	0	0	"s1:39→1 / s2:1→1 / s3:1→2"	"s3:41→1"
39	89	191	258	0	1	0	0	0	1	0	0	"s1:39→1 / s2:1→3"	""
39	89	192	257	1	1	0	0	0	1	0	0	"s1:39→1 / s2:1→1 / s3:1→3"	"s3:41→1"
39	89	192	258	0	1	0	0	0	1	0	0	"{s1:39→1 / s2:1→4, s1:39→1 / s2:1→5}"	""
39	89	193	256	1	1	0	0	0	1	0	0	"s1:39→1 / s2:1→3"	"s3:2→1"
39	89	193	257	1	1	0	0	0	1	0	0	"{s1:39→1 / s2:1→1 / s3:1→4, s1:39→1 / s2:1→1 / s3:1→5}"	"{s3:41→1, s3:41→1}"
39	90	39	210	0	0	0	0	0	0	1	0	"s1:39→1"	""
39	90	39	230	0	1	0	0	0	1	0	0	"s1:39→1 / s2:1→1"	""
39	90	39	237	0	0	1	0	1	0	0	0	"s1:39→1 / s2:1→1"	""
39	90	39	238	0	0	0	0	0	1	0	0	"s1:39→1"	""
39	90	39	239	0	0	0	2	0	0	0	0	"s1:39→1 / s2:1→1"	""
39	90	39	265	0	0	0	0	1	0	0	0	"s1:39→1"	""
39	90	40	202	0	1	0	0	0	0	1	0	"s1:39→1 / s2:1→1"	""
39	90	40	210	0	0	1	0	0	1	0	0	"s1:39→1 / s2:1→1"	""
39	90	40	213	0	0	0	1	1	0	0	0	"s1:39→1 / s2:1→1"	""
39	90	41	182	0	0	1	0	0	0	1	0	"s1:39→1 / s2:1→1"	""
39	90	41	186	0	0	0	1	0	1	0	0	"s1:39→1 / s2:1→1"	""
39	90	42	158	0	0	0	1	0	0	1	0	"s1:39→1 / s2:1→1"	""
39	90	44	201	1	1	0	0	0	0	1	0	"{s1:39→1 / s2:1→1 / s3:1→1, 5→1, s1:39→1 / s2:1→1 / s3:5→1}"	"{s3:41→1, s3:41→1}"
39	90	45	201	1	1	0	0	0	0	1	0	"s1:39→1 / s2:1→1 / s3:1→2, 5→1"	"s3:41→1"
39	90	46	194	0	2	0	0	0	0	1	0	"s1:39→1 / s2:1→1 / s3:1→1"	""
39	90	46	201	1	1	0	0	0	0	1	0	"s1:39→1 / s2:1→1 / s3:1→3, 5→1"	"s3:41→1"
39	90	47	193	1	2	0	0	0	0	1	0	"s1:39→1 / s2:1→1 / s3:1→1 / s4:5→1"	"s4:42→1"
39	90	47	201	1	1	0	0	0	0	1	0	"s1:39→1 / s2:1→1 / s3:1→4, 5→1"	"s3:41→1"
39	90	52	201	1	1	0	0	0	0	1	0	"s1:39→1 / s2:1→1 / s3:1→1"	"s3:41→1"
39	90	52	202	0	1	0	0	0	0	1	0	"s1:39→1 / s2:1→2"	""
39	90	55	194	0	2	0	0	0	0	1	0	"s1:39→1 / s2:1→1 / s3:1→2"	""
39	90	57	202	0	1	0	0	0	0	1	0	"s1:39→1 / s2:1→3"	""
39	90	58	201	1	1	0	0	0	0	1	0	"s1:39→1 / s2:1→1 / s3:1→2"	"s3:41→1"
39	90	59	201	1	1	0	0	0	0	1	0	"s1:39→1 / s2:1→1 / s3:1→3"	"s3:41→1"
39	90	59	202	0	1	0	0	0	0	1	0	"s1:39→1 / s2:1→4"	""
39	90	60	201	1	1	0	0	0	0	1	0	"{s1:39→1 / s2:1→1 / s3:1→4, s1:39→1 / s2:1→1 / s3:1→5}"	"{s3:41→1, s3:41→1}"
39	90	60	202	0	1	0	0	0	0	1	0	"s1:39→1 / s2:1→5"	""
39	90	75	229	1	1	0	0	0	1	0	0	"s1:39→1 / s2:1→1 / s3:5→1"	"s3:41→1"
39	90	80	229	1	1	0	0	0	1	0	0	"s1:39→1 / s2:1→1 / s3:1→1, 5→1"	"s3:41→1"
39	90	81	263	0	0	1	1	0	0	0	0	"s1:1→1 / s2:39→1"	""
39	90	84	222	0	2	0	0	0	1	0	0	"s1:39→1 / s2:1→1 / s3:1→1"	""
39	90	85	229	1	1	0	0	0	1	0	0	"s1:39→1 / s2:1→1 / s3:1→2, 5→1"	"s3:41→1"
39	90	88	221	1	2	0	0	0	1	0	0	"s1:39→1 / s2:1→1 / s3:1→1 / s4:5→1"	"s4:42→1"
39	90	88	229	1	1	0	0	0	1	0	0	"s1:39→1 / s2:1→1 / s3:1→3, 5→1"	"s3:41→1"
39	90	91	229	1	1	0	0	0	1	0	0	"s1:39→1 / s2:1→1 / s3:1→4, 5→1"	"s3:41→1"
39	90	100	229	1	1	0	0	0	1	0	0	"s1:39→1 / s2:1→1 / s3:1→1"	"s3:41→1"
39	90	100	230	0	1	0	0	0	1	0	0	"s1:39→1 / s2:1→2"	""
39	90	102	222	0	2	0	0	0	1	0	0	"s1:39→1 / s2:1→1 / s3:1→2"	""
39	90	106	229	1	1	0	0	0	1	0	0	"s1:39→1 / s2:1→1 / s3:1→2"	"s3:41→1"
39	90	106	230	0	1	0	0	0	1	0	0	"s1:39→1 / s2:1→3"	""
39	90	108	229	1	1	0	0	0	1	0	0	"s1:39→1 / s2:1→1 / s3:1→3"	"s3:41→1"
39	90	108	230	0	1	0	0	0	1	0	0	"{s1:39→1 / s2:1→4, s1:39→1 / s2:1→5}"	""
39	90	109	229	1	1	0	0	0	1	0	0	"{s1:39→1 / s2:1→1 / s3:1→4, s1:39→1 / s2:1→1 / s3:1→5}"	"{s3:41→1, s3:41→1}"
39	90	121	257	0	1	0	0	1	0	0	0	"s1:39→1 / s2:1→1"	""
39	90	122	256	1	1	0	0	1	0	0	0	"s1:39→1 / s2:1→1 / s3:1→1, 5→1, 39→1"	"s3:41→1"
39	90	124	256	1	1	0	0	1	0	0	0	"s1:39→1 / s2:1→1 / s3:1→2, 39→1"	"s3:41→1"
39	90	125	256	1	1	0	0	1	0	0	0	"s1:39→1 / s2:1→1 / s3:1→3, 39→1"	"s3:41→1"
39	90	129	256	1	1	0	0	1	0	0	0	"s1:39→1 / s2:1→1 / s3:1→2, 5→1, 39→1"	"s3:41→1"
39	90	130	256	1	1	0	0	1	0	0	0	"s1:39→1 / s2:1→1 / s3:5→1, 39→1"	"s3:41→1"
39	90	136	256	1	1	0	0	1	0	0	0	"s1:39→1 / s2:1→1 / s3:1→4, 39→1"	"s3:41→1"
39	90	137	255	0	1	1	1	0	0	0	0	"s1:1→1 / s2:39→1 / s3:39→1"	""
39	90	138	256	1	1	0	0	1	0	0	0	"s1:39→1 / s2:1→1 / s3:1→3, 5→1, 39→1"	"s3:41→1"
39	90	143	263	0	0	1	1	0	0	0	0	"s1:1→1 / s2:39→2"	""
39	90	143	267	0	3	0	1	0	0	0	0	"s1:1→1 / s2:39→1 / s3:39→1 / s4:39→1"	""
39	90	148	263	0	0	1	1	0	0	0	0	"s1:39→1 / s2:1→1"	""
39	90	181	256	1	1	0	0	1	0	0	0	"s1:39→1 / s2:1→1 / s3:5→1"	"s3:41→1"
39	90	185	256	1	1	0	0	1	0	0	0	"s1:39→1 / s2:1→1 / s3:1→1, 5→1"	"s3:41→1"
39	90	187	249	0	2	0	0	1	0	0	0	"s1:39→1 / s2:1→1 / s3:1→1"	""
39	90	188	256	1	1	0	0	1	0	0	0	"s1:39→1 / s2:1→1 / s3:1→2, 5→1"	"s3:41→1"
39	90	189	248	1	2	0	0	1	0	0	0	"s1:39→1 / s2:1→1 / s3:1→1 / s4:5→1"	"s4:42→1"
39	90	190	256	1	1	0	0	1	0	0	0	"s1:39→1 / s2:1→1 / s3:1→3, 5→1"	"s3:41→1"
39	90	192	256	1	1	0	0	1	0	0	0	"s1:39→1 / s2:1→1 / s3:1→4, 5→1"	"s3:41→1"
39	91	39	153	0	0	1	0	0	0	0	0	"s1:1→1"	""
39	91	39	172	0	1	0	0	0	0	0	0	""	"s1:39→1"
39	91	39	173	0	1	0	0	0	0	0	0	"s1:1→1"	""
39	91	40	144	0	1	1	0	0	0	0	0	"s1:1→1"	"s2:39→1"
39	91	40	164	0	2	0	0	0	0	0	0	"s2:1→1"	"s1:39→1"
39	91	42	172	0	1	0	0	0	0	0	0	"s1:1→1"	"s1:39→1"
39	91	43	172	1	1	0	0	0	0	0	0	"{s1:1→1 / s2:1→1, 38→1, s1:1→1 / s2:1→1, 3→1, 38→1, s1:1→1 / s2:38→1, s1:1→1 / s2:3→1, 38→1}"	"{s2:40→1, s2:40→1, s2:40→1, s2:40→1}"
39	91	44	163	1	2	0	0	0	0	0	0	"{s2:1→1 / s3:1→1, 3→1, s2:1→1 / s3:3→1}"	"{s1:39→1 / s3:41→1, s1:39→1 / s3:41→1}"
39	91	44	172	1	1	0	0	0	0	0	0	"{s1:1→1 / s2:1→1, s1:1→1 / s2:1→1, 3→1, s1:1→1 / s2:3→1}"	"{s2:40→1, s2:40→1, s2:40→1}"
39	91	44	173	0	1	0	0	0	0	0	0	"s1:1→2"	""
39	91	45	156	0	3	0	0	0	0	0	0	"s2:1→1 / s3:1→1"	"s1:39→1"
39	91	45	163	1	2	0	0	0	0	0	0	"s2:1→1 / s3:1→1"	"s1:39→1 / s3:41→1"
39	91	45	164	0	2	0	0	0	0	0	0	"{s2:1→2, s2:1→3}"	"{s1:39→1, s1:39→1}"
39	91	45	165	0	2	0	0	0	0	0	0	"s1:1→1 / s2:1→1"	""
39	91	45	173	0	1	0	0	0	0	0	0	"s1:1→3"	""
39	96	39	202	0	0	0	0	0	0	1	0	"s1:39→1"	""
39	96	39	229	1	0	0	0	0	1	0	0	"s1:39→1"	"s2:1→1"
39	96	39	230	0	0	0	0	0	1	0	0	"s1:39→1"	""
39	96	39	257	0	0	0	0	1	0	0	0	"s1:39→1"	""
39	96	40	201	1	0	0	0	0	0	1	0	"s1:39→1"	"s2:1→1"
39	96	40	255	1	0	0	0	1	0	0	0	"s1:39→1 / s2:2→1, 39→1"	"s2:3→1"
39	96	41	255	1	0	0	0	1	0	0	0	"s1:39→1 / s2:39→1"	"s2:3→1"
39	96	41	256	1	0	0	0	1	0	0	0	"s1:39→1 / s2:2→1, 39→1"	"s2:1→1"
39	96	42	256	1	0	0	0	1	0	0	0	"s1:39→1 / s2:39→1"	"s2:1→1"
39	96	43	199	2	0	0	0	0	0	1	0	"s1:39→1"	"s2:1→1 / s3:1→1"
39	96	43	200	1	0	0	0	0	0	1	0	"s1:39→1"	"s2:3→1"
39	96	44	199	2	0	0	0	0	0	1	0	"s1:39→1"	"s2:3→1 / s3:1→1"
39	96	45	192	1	1	0	0	0	0	1	0	"s1:39→1 / s2:2→1"	"s3:3→1"
39	96	45	193	1	1	0	0	0	0	1	0	"s1:39→1 / s2:2→1"	"s3:1→1"
39	96	45	194	0	1	0	0	0	0	1	0	"s1:39→1 / s2:2→1"	""
39	96	45	199	2	0	0	0	0	0	1	0	"{s1:39→1 / s2:2→1, s1:39→1 / s2:2→2, s1:39→1 / s3:2→1}"	"{s2:3→1 / s3:1→1, s2:3→1 / s3:1→1, s2:3→1 / s3:1→1}"
39	96	45	200	1	0	0	0	0	0	1	0	"{s1:39→1 / s2:2→1, s1:39→1 / s2:2→2}"	"{s2:3→1, s2:3→1}"
39	96	45	201	1	0	0	0	0	0	1	0	"s1:39→1 / s2:2→1"	"s2:1→1"
39	96	46	194	0	1	0	0	0	0	1	0	"s1:39→1 / s2:2→2"	""
39	96	46	199	2	0	0	0	0	0	1	0	"{s1:39→1 / s3:2→1, s1:39→1 / s3:2→2, s1:39→1 / s3:2→2}"	"{s2:1→1 / s3:1→1, s2:1→1 / s3:1→1, s2:3→1 / s3:1→1}"
39	96	46	200	1	0	0	0	0	0	1	0	"{s1:39→1 / s2:2→3, s1:39→1 / s2:2→4, s1:39→1 / s2:2→5}"	"{s2:3→1, s2:3→1, s2:3→1}"
39	96	46	201	1	0	0	0	0	0	1	0	"{s1:39→1 / s2:2→2, s1:39→1 / s2:2→3, s1:39→1 / s2:2→4, s1:39→1 / s2:2→5}"	"{s2:1→1, s2:1→1, s2:1→1, s2:1→1}"
39	96	65	256	1	0	0	0	1	0	0	0	"s1:39→1 / s2:2→2, 39→1"	"s2:1→1"
39	96	67	227	2	0	0	0	0	1	0	0	"s1:39→1"	"s2:1→1 / s3:1→1"
39	96	67	228	1	0	0	0	0	1	0	0	"s1:39→1"	"s2:3→1"
39	96	72	227	2	0	0	0	0	1	0	0	"s1:39→1"	"s2:3→1 / s3:1→1"
39	96	79	222	0	1	0	0	0	1	0	0	"s1:39→1 / s2:2→1"	""
39	96	80	255	1	0	0	0	1	0	0	0	"s1:39→1 / s2:2→2, 39→1"	"s2:3→1"
39	96	81	220	1	1	0	0	0	1	0	0	"s1:39→1 / s2:2→1"	"s3:3→1"
39	96	81	221	1	1	0	0	0	1	0	0	"s1:39→1 / s2:2→1"	"s3:1→1"
39	96	83	228	1	0	0	0	0	1	0	0	"s1:39→1 / s2:2→1"	"s2:3→1"
39	96	84	227	2	0	0	0	0	1	0	0	"s1:39→1 / s2:2→1"	"s2:3→1 / s3:1→1"
39	96	85	228	1	0	0	0	0	1	0	0	"s1:39→1 / s2:2→2"	"s2:3→1"
39	96	85	229	1	0	0	0	0	1	0	0	"s1:39→1 / s2:2→1"	"s2:1→1"
39	96	86	222	0	1	0	0	0	1	0	0	"s1:39→1 / s2:2→2"	""
39	96	86	227	2	0	0	0	0	1	0	0	"{s1:39→1 / s2:2→2, s1:39→1 / s3:2→1, s1:39→1 / s3:2→1}"	"{s2:3→1 / s3:1→1, s2:1→1 / s3:1→1, s2:3→1 / s3:1→1}"
39	96	86	228	1	0	0	0	0	1	0	0	"s1:39→1 / s2:2→3"	"s2:3→1"
39	96	87	227	2	0	0	0	0	1	0	0	"s1:39→1 / s3:2→2"	"s2:1→1 / s3:1→1"
39	96	87	228	1	0	0	0	0	1	0	0	"{s1:39→1 / s2:2→4, s1:39→1 / s2:2→5}"	"{s2:3→1, s2:3→1}"
39	96	87	229	1	0	0	0	0	1	0	0	"s1:39→1 / s2:2→2"	"s2:1→1"
39	96	88	227	2	0	0	0	0	1	0	0	"s1:39→1 / s3:2→2"	"s2:3→1 / s3:1→1"
39	96	88	229	1	0	0	0	0	1	0	0	"{s1:39→1 / s2:2→3, s1:39→1 / s2:2→4, s1:39→1 / s2:2→5}"	"{s2:1→1, s2:1→1, s2:1→1}"
39	96	110	256	1	0	0	0	1	0	0	0	"s1:39→1 / s2:2→3, 39→1"	"s2:1→1"
39	96	116	255	1	0	0	0	1	0	0	0	"s1:39→1 / s2:2→3, 39→1"	"s2:3→1"
39	96	120	254	2	0	0	0	1	0	0	0	"s1:39→1 / s2:2→1, 39→1"	"s2:3→1 / s3:1→1"
39	96	120	256	1	0	0	0	1	0	0	0	"s1:39→1"	"s2:1→1"
39	96	121	254	2	0	0	0	1	0	0	0	"s1:39→1 / s3:2→1, 39→1"	"s2:1→1 / s3:1→1"
39	96	129	254	2	0	0	0	1	0	0	0	"s1:39→1 / s3:2→2, 39→1"	"s2:1→1 / s3:1→1"
39	96	132	254	2	0	0	0	1	0	0	0	"s1:39→1 / s2:2→2, 39→1"	"s2:3→1 / s3:1→1"
39	96	132	256	1	0	0	0	1	0	0	0	"s1:39→1 / s2:2→4, 39→1"	"s2:1→1"
39	96	135	255	1	0	0	0	1	0	0	0	"s1:39→1 / s2:2→4, 39→1"	"s2:3→1"
39	96	175	254	2	0	0	0	1	0	0	0	"s1:39→1"	"s2:1→1 / s3:1→1"
39	96	175	255	1	0	0	0	1	0	0	0	"s1:39→1"	"s2:3→1"
39	96	179	254	2	0	0	0	1	0	0	0	"s1:39→1"	"s2:3→1 / s3:1→1"
39	96	184	249	0	1	0	0	1	0	0	0	"s1:39→1 / s2:2→1"	""
39	96	185	247	1	1	0	0	1	0	0	0	"s1:39→1 / s2:2→1"	"s3:3→1"
39	96	185	248	1	1	0	0	1	0	0	0	"s1:39→1 / s2:2→1"	"s3:1→1"
39	96	187	254	2	0	0	0	1	0	0	0	"s1:39→1 / s2:2→1"	"s2:3→1 / s3:1→1"
39	96	187	255	1	0	0	0	1	0	0	0	"s1:39→1 / s2:2→1"	"s2:3→1"
39	96	188	254	2	0	0	0	1	0	0	0	"{s1:39→1 / s2:2→2, s1:39→1 / s3:2→1}"	"{s2:3→1 / s3:1→1, s2:3→1 / s3:1→1}"
39	96	188	255	1	0	0	0	1	0	0	0	"s1:39→1 / s2:2→2"	"s2:3→1"
39	96	188	256	1	0	0	0	1	0	0	0	"s1:39→1 / s2:2→1"	"s2:1→1"
39	96	189	249	0	1	0	0	1	0	0	0	"s1:39→1 / s2:2→2"	""
39	96	189	254	2	0	0	0	1	0	0	0	"s1:39→1 / s3:2→1"	"s2:1→1 / s3:1→1"
39	96	189	255	1	0	0	0	1	0	0	0	"{s1:39→1 / s2:2→3, s1:39→1 / s2:2→4, s1:39→1 / s2:2→5}"	"{s2:3→1, s2:3→1, s2:3→1}"
39	96	190	254	2	0	0	0	1	0	0	0	"{s1:39→1 / s3:2→2, s1:39→1 / s3:2→2}"	"{s2:1→1 / s3:1→1, s2:3→1 / s3:1→1}"
39	96	190	256	1	0	0	0	1	0	0	0	"{s1:39→1 / s2:2→2, s1:39→1 / s2:2→3, s1:39→1 / s2:2→4, s1:39→1 / s2:2→5}"	"{s2:1→1, s2:1→1, s2:1→1, s2:1→1}"
39	98	39	269	0	1	0	0	0	0	0	0	""	"{s1:39→1, s1:3→1}"
39	98	43	260	0	2	0	0	0	0	0	0	""	"s1:3→1 / s2:1→1"
39	98	44	267	0	1	0	0	0	0	0	0	""	"s1:3→1, 1→1"
39	98	44	269	0	1	0	0	0	0	0	0	""	"s1:38→1"
39	98	170	260	0	2	0	0	0	0	0	0	""	"s1:39→1 / s2:3→1"
39	99	39	267	0	1	0	0	0	0	0	0	""	"s1:39→1, 3→1"
39	99	39	269	0	1	0	0	0	0	0	0	""	"s1:39→1"
39	99	40	258	0	2	0	0	0	0	0	0	""	"s1:39→1 / s2:35→1, 3→1"
39	99	41	256	0	2	0	0	0	0	0	0	""	"s1:39→1, 3→1 / s2:35→1, 1→1"
39	99	43	260	0	2	0	0	0	0	0	0	""	"s1:39→1 / s2:35→1"
39	99	44	267	0	1	0	0	0	0	0	0	""	"s1:39→1, 35→1"
39	99	182	249	0	3	0	0	0	0	0	0	""	"s1:39→1 / s2:3→1 / s3:35→1, 1→1"
39	99	182	260	0	2	0	0	0	0	0	0	""	"s1:39→1 / s2:3→1"
39	100	39	269	0	1	0	0	0	0	0	0	""	"s1:39→1"
39	100	44	269	0	1	0	0	0	0	0	0	""	"s1:38→1"
39	100	160	260	0	2	0	0	0	0	0	0	""	"s1:39→1 / s2:1→1"
39	101	39	236	0	1	0	1	0	0	0	0	"s1:1→1"	"s2:39→1"
39	101	39	245	0	0	0	1	0	0	0	0	"s1:1→1"	""
39	101	39	269	0	0	1	0	0	0	0	0	"s1:1→1"	""
39	101	41	267	1	0	1	0	0	0	0	0	"{s1:1→1 / s2:36→1, s1:1→1 / s2:38→1, s1:1→1 / s2:5→1, 36→1, s1:1→1 / s2:5→1, 36→1, 38→1, s1:1→1 / s2:5→1, 38→1}"	"{s2:2→1, s2:2→1, s2:2→1, s2:2→1, s2:2→1}"
39	101	44	267	1	0	1	0	0	0	0	0	"{s1:1→1, s1:1→1 / s2:5→1}"	"{s2:2→1, s2:2→1}"
39	101	88	267	1	0	1	0	0	0	0	0	"s1:1→1 / s2:36→1, 38→1"	"s2:2→1"
39	101	170	260	0	1	1	0	0	0	0	0	"s1:1→1"	"s2:39→1"
39	102	39	189	0	0	0	0	0	0	1	0	"s1:39→1"	""
39	102	39	217	0	0	0	0	0	1	0	0	"s1:39→1"	""
39	102	39	236	0	1	0	0	1	0	0	0	"s1:39→1 / s2:2→1"	""
39	102	39	244	0	0	0	0	1	0	0	0	"s1:39→1"	""
39	102	39	270	0	0	0	1	0	0	0	0	"s1:39→1"	""
39	102	40	209	0	1	0	0	0	1	0	0	"s1:39→1 / s2:2→1"	""
39	102	41	181	0	1	0	0	0	0	1	0	"s1:39→1 / s2:2→1"	""
39	102	43	173	0	2	0	0	0	0	1	0	"s1:39→1 / s2:2→1 / s3:1→1"	""
39	102	44	181	0	1	0	0	0	0	1	0	"s1:39→1 / s2:1→1, 2→1"	""
39	102	44	201	0	2	0	0	0	1	0	0	"s1:39→1 / s2:2→1 / s3:1→1"	""
39	102	51	209	0	1	0	0	0	1	0	0	"s1:39→1 / s2:1→1, 2→1"	""
39	102	95	228	0	2	0	0	1	0	0	0	"s1:39→1 / s2:2→1 / s3:1→1"	""
39	102	126	236	0	1	0	0	1	0	0	0	"s1:39→1 / s2:1→1, 2→1"	""
39	102	168	262	0	1	0	1	0	0	0	0	"s1:39→1 / s2:2→1"	""
39	103	44	267	0	0	1	0	0	0	0	0	"s1:37→1"	""
39	104	39	236	0	1	0	1	0	0	0	0	"s1:39→1"	"s2:3→1"
39	104	39	245	0	0	0	1	0	0	0	0	"s1:39→1"	""
39	104	39	269	0	0	1	0	0	0	0	0	"s1:39→1"	""
39	104	41	267	1	0	1	0	0	0	0	0	"s1:39→1 / s2:4→1"	"s2:38→1"
39	104	44	267	1	0	1	0	0	0	0	0	"s1:39→1"	"s2:38→1"
39	104	99	227	0	2	0	1	0	0	0	0	"s1:39→1"	"s2:3→1 / s3:1→1"
39	104	132	234	0	1	0	1	0	0	0	0	"s1:39→1"	"s2:3→1, 1→1"
39	104	162	267	1	0	1	0	0	0	0	0	"s1:39→1 / s2:2→1, 4→1"	"s2:38→1"
39	104	166	260	0	1	1	0	0	0	0	0	"s1:39→1"	"s2:3→1"
39	104	173	258	1	1	1	0	0	0	0	0	"s1:39→1 / s3:2→1"	"s2:3→1 / s3:38→1"
39	105	39	269	0	1	0	0	0	0	0	0	""	"s1:3→1"
39	105	43	260	0	2	0	0	0	0	0	0	""	"s1:3→1 / s2:1→1"
39	105	44	267	0	1	0	0	0	0	0	0	""	"s1:3→1, 1→1"
39	106	39	189	0	0	0	0	0	0	1	0	"s1:1→1"	""
39	106	39	217	0	0	0	0	0	1	0	0	"s1:1→1"	""
39	106	39	235	0	1	0	0	1	0	0	0	"s1:1→1"	"s2:39→1"
39	106	39	244	0	0	0	0	1	0	0	0	"s1:1→1"	""
39	106	39	270	0	0	0	1	0	0	0	0	"s1:1→1"	""
39	106	40	208	0	1	0	0	0	1	0	0	"s1:1→1"	"s2:39→1"
39	106	41	180	0	1	0	0	0	0	1	0	"s1:1→1"	"s2:39→1"
39	106	44	181	0	1	0	0	0	0	1	0	"s1:1→1 / s2:38→1"	""
39	106	51	209	0	1	0	0	0	1	0	0	"s1:1→1 / s2:38→1"	""
39	106	126	236	0	1	0	0	1	0	0	0	"s1:1→1 / s2:38→1"	""
39	106	162	261	0	1	0	1	0	0	0	0	"s1:1→1"	"s2:39→1"
39	107	39	236	0	0	0	0	1	0	0	0	"s1:1→1"	""
39	107	39	262	0	0	0	1	0	0	0	0	"s1:1→1"	""
39	107	55	208	0	0	1	0	1	0	0	0	"s1:1→1 / s2:37→1"	""
39	107	60	228	0	1	0	0	1	0	0	0	"s1:1→1 / s2:37→1"	""
39	107	72	220	0	2	0	0	1	0	0	0	"s1:1→1 / s2:37→1 / s3:37→1"	""
39	107	77	227	1	1	0	0	1	0	0	0	"s1:1→1 / s2:37→1 / s3:37→1"	"s3:41→1"
39	107	77	228	0	1	0	0	1	0	0	0	"s1:1→1 / s2:37→2"	""
39	107	79	227	1	1	0	0	1	0	0	0	"s1:1→1 / s2:37→1 / s3:37→2"	"s3:41→1"
39	107	79	228	0	1	0	0	1	0	0	0	"s1:1→1 / s2:37→3"	""
39	107	148	234	0	0	1	1	0	0	0	0	"s1:1→1 / s2:37→1"	""
39	107	155	254	0	1	0	1	0	0	0	0	"s1:1→1 / s2:37→1"	""
39	107	164	246	0	2	0	1	0	0	0	0	"s1:1→1 / s2:37→1 / s3:37→1"	""
39	107	168	253	1	1	0	1	0	0	0	0	"s1:1→1 / s2:37→1 / s3:37→1"	"s3:41→1"
39	107	168	254	0	1	0	1	0	0	0	0	"s1:1→1 / s2:37→2"	""
39	107	169	253	1	1	0	1	0	0	0	0	"s1:1→1 / s2:37→1 / s3:37→2"	"s3:41→1"
39	107	169	254	0	1	0	1	0	0	0	0	"s1:1→1 / s2:37→3"	""
39	108	39	230	0	1	0	0	1	0	0	0	"s1:39→1 / s2:1→1"	""
39	108	39	236	0	0	1	1	0	0	0	0	"{s1:1→1 / s2:39→1, s1:39→1 / s2:1→1}"	""
39	108	39	236	1	0	0	0	1	0	0	0	"s1:39→1"	"s2:2→1"
39	108	39	238	0	0	0	0	1	0	0	0	"s1:39→1"	""
39	108	39	264	0	0	0	1	0	0	0	0	"{s1:1→1, s1:1→1, 39→1, s1:39→1}"	""
39	108	40	210	0	0	1	0	1	0	0	0	"s1:39→1 / s2:1→1"	""
39	108	40	212	0	0	0	2	0	0	0	0	"s1:39→1 / s2:1→1"	""
39	108	40	262	1	0	0	1	0	0	0	0	"s1:39→1 / s2:1→3, 35→1"	"s2:2→1"
39	108	41	186	0	0	0	1	1	0	0	0	"s1:39→1 / s2:1→1"	""
39	108	41	228	1	1	0	0	1	0	0	0	"{s1:39→1 / s2:1→1 / s3:1→3, 5→1, 35→1, s1:39→1 / s2:1→1 / s3:1→4, 35→1}"	"{s3:2→1, s3:2→1}"
39	108	41	229	1	1	0	0	1	0	0	0	"s1:39→1 / s2:1→1 / s3:1→4, 35→1"	"s3:41→1"
39	108	41	236	1	0	0	0	1	0	0	0	"{s1:39→1 / s2:1→3, 35→1, s1:39→1 / s2:1→3, 5→1, 35→1, s1:39→1 / s2:1→4, 35→1}"	"{s2:2→1, s2:2→1, s2:2→1}"
39	108	41	262	1	0	0	1	0	0	0	0	"{s1:39→1 / s2:1→1, 5→1, 35→1, s1:39→1 / s2:1→2, 35→1, s1:39→1 / s2:1→2, 5→1, 35→1, s1:39→1 / s2:1→3, 5→1, 35→1, s1:39→1 / s2:1→4, 35→1}"	"{s2:2→1, s2:2→1, s2:2→1, s2:2→1, s2:2→1}"
39	108	42	228	1	1	0	0	1	0	0	0	"s1:39→1 / s2:1→1 / s3:1→3, 35→1"	"s3:2→1"
39	108	42	229	1	1	0	0	1	0	0	0	"s1:39→1 / s2:1→1 / s3:1→3, 5→1, 35→1"	"s3:41→1"
39	108	42	236	1	0	0	0	1	0	0	0	"{s1:39→1 / s2:1→1, 5→1, 35→1, s1:39→1 / s2:1→2, 35→1, s1:39→1 / s2:1→2, 5→1, 35→1}"	"{s2:2→1, s2:2→1, s2:2→1}"
39	108	42	262	1	0	0	1	0	0	0	0	"{s1:39→1 / s2:1→1, 35→1, s1:39→1 / s2:5→1, 35→1}"	"{s2:2→1, s2:2→1}"
39	108	43	236	1	0	0	0	1	0	0	0	"{s1:39→1 / s2:1→1, 35→1, s1:39→1 / s2:5→1, 35→1}"	"{s2:2→1, s2:2→1}"
39	108	43	262	1	0	0	1	0	0	0	0	"s1:39→1 / s2:35→1"	"s2:2→1"
39	108	44	236	1	0	0	0	1	0	0	0	"s1:39→1 / s2:35→1"	"s2:2→1"
39	108	45	229	1	1	0	0	1	0	0	0	"s1:39→1 / s2:1→1 / s3:1→3, 35→1"	"s3:41→1"
39	108	50	228	1	1	0	0	1	0	0	0	"s1:39→1 / s2:1→1 / s3:1→2, 5→1, 35→1"	"s3:2→1"
39	108	56	208	1	0	1	0	1	0	0	0	"s1:39→1 / s2:1→1"	"s3:2→1"
39	108	60	228	1	1	0	0	1	0	0	0	"s1:39→1 / s2:1→1"	"s3:2→1"
39	108	60	229	1	1	0	0	1	0	0	0	"s1:39→1 / s2:1→1 / s3:5→1"	"s3:41→1"
39	108	61	236	1	0	0	0	1	0	0	0	"s1:39→1 / s2:5→1"	"s2:2→1"
39	108	63	208	1	0	1	0	1	0	0	0	"s1:39→1 / s2:1→1 / s3:5→1, 35→1"	"s3:2→1"
39	108	64	208	1	0	1	0	1	0	0	0	"s1:39→1 / s2:1→1 / s3:5→1"	"s3:2→1"
39	108	65	227	2	1	0	0	1	0	0	0	"s1:39→1 / s2:1→1 / s3:5→1"	"s3:41→1 / s4:2→1"
39	108	65	228	1	1	0	0	1	0	0	0	"s1:39→1 / s2:1→1 / s3:5→1"	"s3:2→1"
39	108	73	236	1	0	0	0	1	0	0	0	"s1:39→1 / s2:1→1, 5→1"	"s2:2→1"
39	108	76	220	1	2	0	0	1	0	0	0	"s1:39→1 / s2:1→1 / s3:1→1 / s4:5→1"	"s4:2→1"
39	108	76	221	1	2	0	0	1	0	0	0	"s1:39→1 / s2:1→1 / s3:1→1 / s4:5→1"	"s4:42→1"
39	108	76	222	0	2	0	0	1	0	0	0	"s1:39→1 / s2:1→1 / s3:1→1"	""
39	108	77	228	1	1	0	0	1	0	0	0	"s1:39→1 / s2:1→1 / s3:1→1, 5→1"	"s3:2→1"
39	108	78	220	1	2	0	0	1	0	0	0	"s1:39→1 / s2:1→1 / s3:1→1"	"s4:2→1"
39	108	78	229	1	1	0	0	1	0	0	0	"s1:39→1 / s2:1→1 / s3:1→2, 5→1, 35→1"	"s3:41→1"
39	108	79	227	2	1	0	0	1	0	0	0	"s1:39→1 / s2:1→1 / s4:1→1, 5→1"	"s3:2→1 / s4:41→1"
39	108	79	229	1	1	0	0	1	0	0	0	"s1:39→1 / s2:1→1 / s3:1→1, 5→1"	"s3:41→1"
39	108	80	236	1	0	0	0	1	0	0	0	"{s1:39→1 / s2:1→1, s1:39→1 / s2:1→2, 5→1}"	"{s2:2→1, s2:2→1}"
39	108	82	228	1	1	0	0	1	0	0	0	"s1:39→1 / s2:1→1 / s3:1→2, 5→1"	"s3:2→1"
39	108	83	228	1	1	0	0	1	0	0	0	"s1:39→1 / s2:1→1 / s3:1→2, 35→1"	"s3:2→1"
39	108	84	228	1	1	0	0	1	0	0	0	"s1:39→1 / s2:1→1 / s3:1→1"	"s3:2→1"
39	108	84	236	1	0	0	0	1	0	0	0	"s1:39→1 / s2:1→3, 5→1"	"s2:2→1"
39	108	85	229	1	1	0	0	1	0	0	0	"s1:39→1 / s2:1→1 / s3:1→2, 5→1"	"s3:41→1"
39	108	86	227	2	1	0	0	1	0	0	0	"s1:39→1 / s2:1→1 / s4:1→2, 5→1"	"s3:2→1 / s4:41→1"
39	108	86	228	1	1	0	0	1	0	0	0	"s1:39→1 / s2:1→1 / s3:1→3, 5→1"	"s3:2→1"
39	108	87	236	1	0	0	0	1	0	0	0	"s1:39→1 / s2:1→4, 5→1"	"s2:2→1"
39	108	88	228	1	1	0	0	1	0	0	0	"s1:39→1 / s2:1→1 / s3:1→4, 5→1"	"s3:2→1"
39	108	89	229	1	1	0	0	1	0	0	0	"s1:39→1 / s2:1→1 / s3:1→3, 5→1"	"s3:41→1"
39	108	89	236	1	0	0	0	1	0	0	0	"s1:39→1 / s2:1→2"	"s2:2→1"
39	108	90	228	1	1	0	0	1	0	0	0	"{s1:39→1 / s2:1→1 / s3:1→2, s1:39→1 / s2:1→2}"	"{s3:2→1, s3:2→1}"
39	108	90	229	1	1	0	0	1	0	0	0	"s1:39→1 / s2:1→1 / s3:1→1"	"s3:41→1"
39	108	90	230	0	1	0	0	1	0	0	0	"s1:39→1 / s2:1→2"	""
39	108	91	227	2	1	0	0	1	0	0	0	"s1:39→1 / s2:1→1 / s4:1→1"	"s3:2→1 / s4:41→1"
39	108	91	228	1	1	0	0	1	0	0	0	"s1:39→1 / s2:1→2 / s3:1→1"	"s3:2→1"
39	108	91	229	1	1	0	0	1	0	0	0	"s1:39→1 / s2:1→1 / s3:1→4, 5→1"	"s3:41→1"
39	108	92	222	0	2	0	0	1	0	0	0	"s1:39→1 / s2:1→1 / s3:1→2"	""
39	108	92	236	1	0	0	0	1	0	0	0	"s1:39→1 / s2:1→3"	"s2:2→1"
39	108	93	228	1	1	0	0	1	0	0	0	"{s1:39→1 / s2:1→1 / s3:1→3, s1:39→1 / s2:1→2 / s3:1→1, 5→1}"	"{s3:2→1, s3:2→1}"
39	108	94	228	1	1	0	0	1	0	0	0	"s1:39→1 / s2:1→1 / s3:1→4"	"s3:2→1"
39	108	94	236	1	0	0	0	1	0	0	0	"s1:39→1 / s2:1→4"	"s2:2→1"
39	108	95	228	1	1	0	0	1	0	0	0	"s1:39→1 / s2:1→1 / s3:1→5"	"s3:2→1"
39	108	95	236	1	0	0	0	1	0	0	0	"s1:39→1 / s2:1→5"	"s2:2→1"
39	108	96	229	1	1	0	0	1	0	0	0	"s1:39→1 / s2:1→1 / s3:1→2"	"s3:41→1"
39	108	96	230	0	1	0	0	1	0	0	0	"s1:39→1 / s2:1→3"	""
39	108	96	234	1	0	1	1	0	0	0	0	"s1:39→1 / s2:1→1 / s3:5→1, 35→1"	"s3:2→1"
39	108	96	255	1	1	0	1	0	0	0	0	"{s1:1→1 / s2:39→1 / s3:5→1, 35→1, s1:1→1 / s2:39→1 / s3:5→1, 39→1}"	"{s3:41→1, s3:41→1}"
39	108	96	256	0	1	0	1	0	0	0	0	"s1:1→1 / s2:39→1"	""
39	108	97	230	0	1	0	0	1	0	0	0	"s1:39→1 / s2:1→4"	""
39	108	98	229	1	1	0	0	1	0	0	0	"{s1:39→1 / s2:1→1 / s3:1→3, s1:39→1 / s2:1→1 / s3:1→4}"	"{s3:41→1, s3:41→1}"
39	108	98	230	0	1	0	0	1	0	0	0	"s1:39→1 / s2:1→5"	""
39	108	99	228	1	1	0	0	1	0	0	0	"s1:39→1 / s2:1→3"	"s3:2→1"
39	108	99	229	1	1	0	0	1	0	0	0	"{s1:39→1 / s2:1→1 / s3:1→5, s1:39→1 / s2:1→2 / s3:5→1}"	"{s3:41→1, s3:41→1}"
39	108	100	227	2	1	0	0	1	0	0	0	"s1:39→1 / s2:1→1 / s4:1→2"	"s3:2→1 / s4:41→1"
39	108	103	255	1	1	0	1	0	0	0	0	"s1:1→1 / s2:39→1 / s3:5→1, 35→1, 39→1"	"s3:41→1"
39	108	107	225	3	1	0	0	1	0	0	0	"s1:39→1 / s2:1→1 / s3:5→1 / s5:1→1"	"s3:41→1 / s4:2→1 / s5:41→1"
39	108	107	227	2	1	0	0	1	0	0	0	"{s1:39→1 / s2:1→1 / s3:5→1 / s4:1→1, s1:39→1 / s2:1→1 / s3:5→1 / s4:1→1}"	"{s3:41→1 / s4:2→1, s3:41→1 / s4:41→1}"
39	108	108	255	1	1	0	1	0	0	0	0	"s1:1→1 / s2:39→1 / s3:5→1, 39→2"	"s3:41→1"
39	108	109	256	0	1	0	1	0	0	0	0	"s1:39→1 / s2:1→1"	""
39	108	109	262	1	0	0	1	0	0	0	0	"s1:39→1"	"s2:2→1"
39	108	110	254	1	1	0	1	0	0	0	0	"s1:39→1 / s2:1→1 / s3:1→4, 35→1"	"s3:2→1"
39	108	112	255	1	1	0	1	0	0	0	0	"s1:1→1 / s2:39→1 / s3:5→1, 35→1, 39→2"	"s3:41→1"
39	108	113	255	1	1	0	1	0	0	0	0	"s1:39→1 / s2:1→1 / s3:1→4, 35→1"	"s3:41→1"
39	108	116	254	1	1	0	1	0	0	0	0	"s1:39→1 / s2:1→1 / s3:1→3, 5→1, 35→1"	"s3:2→1"
39	108	119	255	1	1	0	1	0	0	0	0	"s1:1→1 / s2:39→1 / s3:5→1, 35→1, 39→3"	"s3:41→1"
39	108	121	255	1	1	0	1	0	0	0	0	"s1:1→1 / s2:39→1 / s3:5→1, 39→3"	"s3:41→1"
39	108	123	255	1	1	0	1	0	0	0	0	"s1:39→1 / s2:1→1 / s3:1→3, 5→1, 35→1"	"s3:41→1"
39	108	124	254	1	1	0	1	0	0	0	0	"s1:39→1 / s2:1→1 / s3:1→3, 35→1"	"s3:2→1"
39	108	129	255	1	1	0	1	0	0	0	0	"s1:1→1 / s2:39→1 / s3:5→1, 39→4"	"s3:41→1"
39	108	130	255	1	1	0	1	0	0	0	0	"s1:1→1 / s2:39→1 / s3:35→1"	"s3:41→1"
39	108	135	229	1	1	0	0	1	0	0	0	"s1:39→1 / s2:1→1 / s3:1→2, 35→1"	"s3:41→1"
39	108	136	255	1	1	0	1	0	0	0	0	"s1:1→1 / s2:39→1 / s3:35→1, 39→1"	"s3:41→1"
39	108	137	255	1	1	0	1	0	0	0	0	"s1:39→1 / s2:1→1 / s3:1→3, 35→1"	"s3:41→1"
39	108	141	255	1	1	0	1	0	0	0	0	"s1:1→1 / s2:39→1 / s3:35→1, 39→2"	"s3:41→1"
39	108	144	228	0	1	1	1	0	0	0	0	"s1:1→1 / s2:39→1 / s3:39→1"	""
39	108	144	255	1	1	0	1	0	0	0	0	"s1:1→1 / s2:39→1 / s3:35→1, 39→3"	"s3:41→1"
39	108	147	248	0	2	0	1	0	0	0	0	"s1:1→1 / s2:39→1 / s3:39→1"	""
39	108	147	254	1	1	0	1	0	0	0	0	"s1:39→1 / s2:1→1 / s3:1→2, 5→1, 35→1"	"s3:2→1"
39	108	147	255	1	1	0	1	0	0	0	0	"s1:1→1 / s2:39→1 / s3:35→1, 39→4"	"s3:41→1"
39	108	149	247	1	2	0	1	0	0	0	0	"s1:1→1 / s2:39→1 / s3:39→1 / s4:35→1, 39→1"	"s4:42→1"
39	108	150	234	1	0	1	1	0	0	0	0	"s1:39→1 / s2:1→1"	"s3:2→1"
39	108	155	240	0	3	0	1	0	0	0	0	"s1:1→1 / s2:39→1 / s3:39→1 / s4:39→1"	""
39	108	155	254	1	1	0	1	0	0	0	0	"s1:39→1 / s2:1→1"	"s3:2→1"
39	108	156	255	1	1	0	1	0	0	0	0	"s1:39→1 / s2:1→1 / s3:5→1"	"s3:41→1"
39	108	156	262	1	0	0	1	0	0	0	0	"s1:39→1 / s2:5→1"	"s2:2→1"
39	108	157	256	0	1	0	1	0	0	0	0	"s1:1→1 / s2:39→2"	""
39	108	158	234	1	0	1	1	0	0	0	0	"s1:39→1 / s2:1→1 / s3:5→1"	"s3:2→1"
39	108	158	255	1	1	0	1	0	0	0	0	"s1:1→1 / s2:39→1 / s3:39→1"	"s3:41→1"
39	108	159	247	1	2	0	1	0	0	0	0	"s1:1→1 / s2:39→1 / s3:39→1 / s4:39→1"	"s4:42→1"
39	108	159	248	0	2	0	1	0	0	0	0	"s1:1→1 / s2:39→1 / s3:39→2"	""
39	108	159	253	2	1	0	1	0	0	0	0	"s1:39→1 / s2:1→1 / s3:5→1"	"s3:41→1 / s4:2→1"
39	108	159	254	1	1	0	1	0	0	0	0	"s1:39→1 / s2:1→1 / s3:5→1"	"s3:2→1"
39	108	161	253	2	1	0	1	0	0	0	0	"s1:1→1 / s2:39→1 / s3:39→1 / s4:39→1"	"s3:41→1 / s4:41→1"
39	108	161	255	1	1	0	1	0	0	0	0	"s1:1→1 / s2:39→2 / s3:39→1"	"s3:41→1"
39	108	161	256	0	1	0	1	0	0	0	0	"s1:1→1 / s2:39→3"	""
39	108	162	248	0	2	0	1	0	0	0	0	"s1:1→1 / s2:39→1 / s3:39→3"	""
39	108	162	255	1	1	0	1	0	0	0	0	"s1:1→1 / s2:39→1 / s3:39→2"	"s3:41→1"
39	108	162	256	0	1	0	1	0	0	0	0	"s1:1→1 / s2:39→4"	""
39	108	163	253	2	1	0	1	0	0	0	0	"s1:1→1 / s2:39→1 / s3:39→1 / s4:39→2"	"s3:41→1 / s4:41→1"
39	108	163	255	1	1	0	1	0	0	0	0	"{s1:1→1 / s2:39→1 / s3:39→3, s1:1→1 / s2:39→1 / s3:39→4, s1:1→1 / s2:39→1 / s3:39→5}"	"{s3:41→1, s3:41→1, s3:41→1}"
39	108	163	256	0	1	0	1	0	0	0	0	"s1:1→1 / s2:39→5"	""
39	108	164	228	1	1	0	0	1	0	0	0	"s1:39→1 / s2:1→1 / s3:1→1, 5→1, 35→1"	"s3:2→1"
39	108	165	208	1	0	1	0	1	0	0	0	"s1:39→1 / s2:1→1 / s3:35→1"	"s3:2→1"
39	108	165	262	1	0	0	1	0	0	0	0	"s1:39→1 / s2:1→1, 5→1"	"s2:2→1"
39	108	166	260	0	0	2	0	0	0	0	0	"s1:39→1 / s2:1→1"	""
39	108	167	246	1	2	0	1	0	0	0	0	"s1:39→1 / s2:1→1 / s3:1→1 / s4:5→1"	"s4:2→1"
39	108	167	247	1	2	0	1	0	0	0	0	"s1:39→1 / s2:1→1 / s3:1→1 / s4:5→1"	"s4:42→1"
39	108	167	248	0	2	0	1	0	0	0	0	"s1:39→1 / s2:1→1 / s3:1→1"	""
39	108	168	246	1	2	0	1	0	0	0	0	"s1:39→1 / s2:1→1 / s3:1→1"	"s4:2→1"
39	108	168	254	1	1	0	1	0	0	0	0	"s1:39→1 / s2:1→1 / s3:1→1, 5→1"	"s3:2→1"
39	108	169	253	2	1	0	1	0	0	0	0	"s1:39→1 / s2:1→1 / s4:1→1, 5→1"	"s3:2→1 / s4:41→1"
39	108	169	255	1	1	0	1	0	0	0	0	"s1:39→1 / s2:1→1 / s3:1→1, 5→1"	"s3:41→1"
39	108	170	262	1	0	0	1	0	0	0	0	"{s1:39→1 / s2:1→1, s1:39→1 / s2:1→2, 5→1}"	"{s2:2→1, s2:2→1}"
39	108	172	254	1	1	0	1	0	0	0	0	"s1:39→1 / s2:1→1 / s3:1→2, 5→1"	"s3:2→1"
39	108	172	258	1	0	2	0	0	0	0	0	"s1:39→1 / s2:1→1 / s3:39→1"	"s3:2→1"
39	108	173	254	1	1	0	1	0	0	0	0	"s1:39→1 / s2:1→1 / s3:1→1"	"s3:2→1"
39	108	173	255	1	1	0	1	0	0	0	0	"s1:39→1 / s2:1→1 / s3:1→2, 5→1, 35→1"	"s3:41→1"
39	108	173	262	1	0	0	1	0	0	0	0	"s1:39→1 / s2:1→3, 5→1"	"s2:2→1"
39	108	174	253	2	1	0	1	0	0	0	0	"s1:39→1 / s2:1→1 / s4:1→2, 5→1"	"s3:2→1 / s4:41→1"
39	108	174	254	1	1	0	1	0	0	0	0	"s1:39→1 / s2:1→1 / s3:1→3, 5→1"	"s3:2→1"
39	108	174	255	1	1	0	1	0	0	0	0	"s1:39→1 / s2:1→1 / s3:1→2, 5→1"	"s3:41→1"
39	108	174	258	1	0	2	0	0	0	0	0	"s1:39→1 / s2:1→1 / s3:5→1, 35→1"	"s3:2→1"
39	108	175	262	1	0	0	1	0	0	0	0	"s1:39→1 / s2:1→4, 5→1"	"s2:2→1"
39	108	176	254	1	1	0	1	0	0	0	0	"s1:39→1 / s2:1→1 / s3:1→4, 5→1"	"s3:2→1"
39	108	176	255	1	1	0	1	0	0	0	0	"s1:39→1 / s2:1→1 / s3:1→3, 5→1"	"s3:41→1"
39	108	177	254	1	1	0	1	0	0	0	0	"{s1:39→1 / s2:1→1 / s3:1→2, s1:39→1 / s2:1→1 / s3:1→2, 35→1, s1:39→1 / s2:1→2}"	"{s3:2→1, s3:2→1, s3:2→1}"
39	108	177	255	1	1	0	1	0	0	0	0	"s1:39→1 / s2:1→1 / s3:1→1"	"s3:41→1"
39	108	177	256	0	1	0	1	0	0	0	0	"s1:39→1 / s2:1→2"	""
39	108	177	262	1	0	0	1	0	0	0	0	"s1:39→1 / s2:1→2"	"s2:2→1"
39	108	178	253	2	1	0	1	0	0	0	0	"s1:39→1 / s2:1→1 / s4:1→1"	"s3:2→1 / s4:41→1"
39	108	178	254	1	1	0	1	0	0	0	0	"s1:39→1 / s2:1→2 / s3:1→1"	"s3:2→1"
39	108	178	255	1	1	0	1	0	0	0	0	"s1:39→1 / s2:1→1 / s3:1→4, 5→1"	"s3:41→1"
39	108	178	258	1	0	2	0	0	0	0	0	"s1:39→1 / s2:1→1 / s3:5→1, 39→1"	"s3:2→1"
39	108	179	248	0	2	0	1	0	0	0	0	"s1:39→1 / s2:1→1 / s3:1→2"	""
39	108	179	254	1	1	0	1	0	0	0	0	"{s1:39→1 / s2:1→1 / s3:1→3, s1:39→1 / s2:1→2 / s3:1→1, 5→1}"	"{s3:2→1, s3:2→1}"
39	108	179	262	1	0	0	1	0	0	0	0	"s1:39→1 / s2:1→3"	"s2:2→1"
39	108	180	234	1	0	1	1	0	0	0	0	"s1:39→1 / s2:1→1 / s3:35→1"	"s3:2→1"
39	108	180	254	1	1	0	1	0	0	0	0	"s1:39→1 / s2:1→1 / s3:1→4"	"s3:2→1"
39	108	180	262	1	0	0	1	0	0	0	0	"s1:39→1 / s2:1→4"	"s2:2→1"
39	108	181	254	1	1	0	1	0	0	0	0	"s1:39→1 / s2:1→1 / s3:1→5"	"s3:2→1"
39	108	181	256	0	1	0	1	0	0	0	0	"s1:39→1 / s2:1→3"	""
39	108	181	262	1	0	0	1	0	0	0	0	"s1:39→1 / s2:1→5"	"s2:2→1"
39	108	182	255	1	1	0	1	0	0	0	0	"s1:39→1 / s2:1→1 / s3:1→2"	"s3:41→1"
39	108	182	256	0	1	0	1	0	0	0	0	"s1:39→1 / s2:1→4"	""
39	108	183	255	1	1	0	1	0	0	0	0	"{s1:39→1 / s2:1→1 / s3:1→3, s1:39→1 / s2:1→1 / s3:1→4, s1:39→1 / s2:1→1 / s3:1→5}"	"{s3:41→1, s3:41→1, s3:41→1}"
39	108	183	256	0	1	0	1	0	0	0	0	"s1:39→1 / s2:1→5"	""
39	108	184	253	2	1	0	1	0	0	0	0	"s1:39→1 / s2:1→1 / s4:1→2"	"s3:2→1 / s4:41→1"
39	108	184	254	1	1	0	1	0	0	0	0	"s1:39→1 / s2:1→3"	"s3:2→1"
39	108	184	255	1	1	0	1	0	0	0	0	"s1:39→1 / s2:1→2 / s3:5→1"	"s3:41→1"
39	108	185	258	1	0	2	0	0	0	0	0	"s1:39→1 / s2:1→1 / s3:5→1, 39→2"	"s3:2→1"
39	108	189	251	3	1	0	1	0	0	0	0	"s1:39→1 / s2:1→1 / s3:5→1 / s5:1→1"	"s3:41→1 / s4:2→1 / s5:41→1"
39	108	189	253	2	1	0	1	0	0	0	0	"{s1:39→1 / s2:1→1 / s3:5→1 / s4:1→1, s1:39→1 / s2:1→1 / s3:5→1 / s4:1→1}"	"{s3:41→1 / s4:2→1, s3:41→1 / s4:41→1}"
39	109	39	236	0	1	0	1	0	0	0	0	"s1:1→1"	"s2:39→1"
39	109	39	245	0	0	0	1	0	0	0	0	"s1:1→1"	""
39	109	39	269	0	0	1	0	0	0	0	0	"s1:1→1"	""
39	109	41	267	1	0	1	0	0	0	0	0	"s1:1→1 / s2:5→1, 37→1"	"s2:2→1"
39	109	44	267	1	0	1	0	0	0	0	0	"{s1:1→1, s1:1→1 / s2:5→1}"	"{s2:2→1, s2:2→1}"
39	109	86	267	1	0	1	0	0	0	0	0	"s1:1→1 / s2:37→1"	"s2:2→1"
39	109	131	236	0	1	0	1	0	0	0	0	"s1:1→1"	"s2:38→1"
39	109	157	260	0	1	1	0	0	0	0	0	"s1:1→1"	"s2:39→1"
39	109	168	258	1	1	1	0	0	0	0	0	"s1:1→1 / s3:5→1, 37→1"	"s2:39→1 / s3:2→1"
39	110	39	151	0	1	0	0	0	0	0	0	"s1:39→1"	""
39	111	39	190	0	0	0	0	0	0	1	0	"s1:39→1"	""
39	111	39	218	0	0	0	0	0	1	0	0	"s1:39→1"	""
39	111	39	236	0	1	0	0	1	0	0	0	"s1:39→1"	"s2:1→1"
39	111	39	245	0	0	0	0	1	0	0	0	"s1:39→1"	""
39	111	39	271	0	0	0	1	0	0	0	0	"s1:39→1"	""
39	111	40	209	0	1	0	0	0	1	0	0	"s1:39→1"	"s2:1→1"
39	111	41	181	0	1	0	0	0	0	1	0	"s1:39→1"	"s2:1→1"
39	111	163	262	0	1	0	1	0	0	0	0	"s1:39→1"	"s2:1→1"
39	112	39	236	0	1	0	1	0	0	0	0	"s1:39→1"	"s2:1→1"
39	112	39	245	0	0	0	1	0	0	0	0	"s1:39→1"	""
39	112	39	269	0	0	1	0	0	0	0	0	"s1:39→1"	""
39	112	146	260	0	1	1	0	0	0	0	0	"s1:39→1"	"s2:1→1"
39	114	44	267	0	0	1	0	0	0	0	0	"s1:37→1"	""
39	115	39	236	0	1	0	1	0	0	0	0	"s1:39→1"	"s2:1→1"
39	115	39	245	0	0	0	1	0	0	0	0	"s1:39→1"	""
39	115	39	269	0	0	1	0	0	0	0	0	"s1:39→1"	""
39	115	41	267	1	0	1	0	0	0	0	0	"s1:39→1 / s2:4→1"	"s2:38→1"
39	115	44	267	1	0	1	0	0	0	0	0	"s1:39→1"	"s2:38→1"
39	115	87	267	1	0	1	0	0	0	0	0	"s1:39→1 / s2:3→1"	"s2:38→1"
39	115	132	236	0	1	0	1	0	0	0	0	"s1:39→1"	"s2:2→1"
39	115	157	260	0	1	1	0	0	0	0	0	"s1:39→1"	"s2:1→1"
39	115	161	267	1	0	1	0	0	0	0	0	"s1:39→1 / s2:3→1, 4→1"	"s2:38→1"
39	115	175	258	1	1	1	0	0	0	0	0	"s1:39→1 / s3:4→1"	"s2:1→1 / s3:38→1"
39	116	39	269	0	1	0	0	0	0	0	0	""	"s1:1→1"
39	116	44	269	0	1	0	0	0	0	0	0	""	"s1:2→1"
39	117	39	229	0	1	0	0	0	0	0	1	"s1:1→1 / s2:39→1"	""
39	117	39	237	0	0	0	0	0	0	0	1	"s1:1→1"	""
39	117	39	247	0	0	0	0	0	1	1	0	"s1:1→1 / s2:39→1"	""
39	117	40	209	0	0	1	0	0	0	0	1	"s1:1→1 / s2:39→1"	""
39	117	40	219	0	0	0	0	0	0	2	0	"s1:39→1 / s2:1→1"	""
39	117	40	237	0	0	0	0	0	0	0	1	"s1:1→1, 39→1"	""
39	117	41	185	0	0	0	1	0	0	0	1	"s1:1→1 / s2:39→1"	""
39	117	42	159	0	0	0	0	1	0	0	1	"s1:1→1 / s2:39→1"	""
39	117	43	132	0	0	0	0	0	1	0	1	"s1:1→1 / s2:39→1"	""
39	117	44	104	0	0	0	0	0	0	1	1	"s1:1→1 / s2:39→1"	""
39	117	44	221	0	2	0	0	0	0	0	1	"s1:1→1 / s2:39→1 / s3:39→1"	""
39	117	45	201	0	1	1	0	0	0	0	1	"s1:1→1 / s2:39→1 / s3:39→1"	""
39	117	46	151	0	1	0	0	1	0	0	1	"s1:1→1 / s2:39→1 / s3:39→1"	""
39	117	46	177	0	1	0	1	0	0	0	1	"s1:1→1 / s2:39→1 / s3:39→1"	""
39	117	46	181	0	0	2	0	0	0	0	1	"s1:1→1 / s2:39→1 / s3:39→1"	""
39	117	46	209	0	0	1	0	0	0	0	1	"s1:1→1 / s2:39→2"	""
39	117	46	213	0	3	0	0	0	0	0	1	"s1:1→1 / s2:39→1 / s3:39→1 / s4:39→1"	""
39	117	46	228	1	1	0	0	0	0	0	1	"s1:1→1 / s2:39→1 / s3:39→1"	"s3:41→1"
39	117	46	229	0	1	0	0	0	0	0	1	"s1:1→1 / s2:39→2"	""
39	117	47	193	0	2	1	0	0	0	0	1	"s1:1→1 / s2:39→1 / s3:39→1 / s4:39→1"	""
39	117	47	220	1	2	0	0	0	0	0	1	"s1:1→1 / s2:39→1 / s3:39→1 / s4:39→1"	"s4:42→1"
39	117	47	221	0	2	0	0	0	0	0	1	"s1:1→1 / s2:39→1 / s3:39→2"	""
39	117	48	-11	0	0	0	0	0	0	0	2	"s1:39→1 / s2:1→1"	""
39	117	48	200	1	1	1	0	0	0	0	1	"s1:1→1 / s2:39→1 / s3:39→1 / s4:39→1"	"s4:42→1"
39	117	48	201	0	1	1	0	0	0	0	1	"s1:1→1 / s2:39→1 / s3:39→2"	""
39	117	48	205	0	4	0	0	0	0	0	1	"s1:1→1 / s2:39→1 / s3:39→1 / s4:39→1 / s5:39→1"	""
39	117	48	212	1	3	0	0	0	0	0	1	"s1:1→1 / s2:39→1 / s3:39→1 / s4:39→1 / s5:39→1"	"s5:43→1"
39	117	48	213	0	3	0	0	0	0	0	1	"s1:1→1 / s2:39→1 / s3:39→1 / s4:39→2"	""
39	117	48	219	2	2	0	0	0	0	0	1	"s1:1→1 / s2:39→1 / s3:39→1 / s4:39→1 / s5:39→1"	"s4:42→1 / s5:41→1"
39	117	48	220	1	2	0	0	0	0	0	1	"{s1:1→1 / s2:39→1 / s3:39→1 / s4:39→2, s1:1→1 / s2:39→1 / s3:39→2 / s4:39→1, s1:1→1 / s2:39→1 / s3:39→2 / s4:39→1}"	"{s4:42→1, s4:41→1, s4:42→1}"
39	117	48	221	0	2	0	0	0	0	0	1	"{s1:1→1 / s2:39→1 / s3:39→3, s1:1→1 / s2:39→2 / s3:39→2}"	""
39	117	48	226	2	1	0	0	0	0	0	1	"s1:1→1 / s2:39→1 / s3:39→1 / s4:39→1"	"s3:41→1 / s4:41→1"
39	117	48	228	1	1	0	0	0	0	0	1	"{s1:1→1 / s2:39→1 / s3:39→2, s1:1→1 / s2:39→2 / s3:39→1}"	"{s3:41→1, s3:41→1}"
39	117	48	229	0	1	0	0	0	0	0	1	"s1:1→1 / s2:39→3"	""
39	117	49	201	0	1	1	0	0	0	0	1	"s1:1→1 / s2:39→1 / s3:39→3"	""
39	117	49	213	0	3	0	0	0	0	0	1	"s1:1→1 / s2:39→1 / s3:39→1 / s4:39→3"	""
39	117	49	218	2	2	0	0	0	0	0	1	"{s1:1→1 / s2:39→1 / s3:39→1 / s4:39→1 / s5:39→1, s1:1→1 / s2:39→1 / s3:39→1 / s4:39→1 / s5:39→2}"	"{s4:42→1 / s5:42→1, s4:42→1 / s5:42→1}"
39	117	49	220	1	2	0	0	0	0	0	1	"{s1:1→1 / s2:39→1 / s3:39→1 / s4:39→3, s1:1→1 / s2:39→1 / s3:39→1 / s4:39→4, s1:1→1 / s2:39→1 / s3:39→1 / s4:39→5, s1:1→1 / s2:39→1 / s3:39→2 / s4:39→2, s1:1→1 / s2:39→1 / s3:39→2 / s4:39→3, s1:1→1 / s2:39→1 / s3:39→2 / s4:39→4, s1:1→1 / s2:39→1 / s3:39→3 / s4:39→1}"	"{s4:42→1, s4:42→1, s4:42→1, s4:41→1, s4:41→1, s4:41→1, s4:41→1}"
39	117	49	221	0	2	0	0	0	0	0	1	"{s1:1→1 / s2:39→1 / s3:39→4, s1:1→1 / s2:39→1 / s3:39→5, s1:1→1 / s2:39→2 / s3:39→3, s1:1→1 / s2:39→2 / s3:39→4, s1:1→1 / s2:39→3 / s3:39→3}"	""
39	117	49	226	2	1	0	0	0	0	0	1	"{s1:1→1 / s2:39→1 / s3:39→1 / s4:39→2, s1:1→1 / s2:39→1 / s3:39→1 / s4:39→3, s1:1→1 / s2:39→1 / s3:39→1 / s4:39→4, s1:1→1 / s2:39→1 / s3:39→1 / s4:39→5, s1:1→1 / s2:39→1 / s3:39→2 / s4:39→2, s1:1→1 / s2:39→1 / s3:39→2 / s4:39→3, s1:1→1 / s2:39→1 / s3:39→2 / s4:39→4, s1:1→1 / s2:39→1 / s3:39→2 / s4:39→5, s1:1→1 / s2:39→1 / s3:39→3 / s4:39→3, s1:1→1 / s2:39→1 / s3:39→3 / s4:39→4, s1:1→1 / s2:39→1 / s3:39→3 / s4:39→5, s1:1→1 / s2:39→1 / s3:39→4 / s4:39→4, s1:1→1 / s2:39→1 / s3:39→4 / s4:39→5, s1:1→1 / s2:39→1 / s3:39→5 / s4:39→5, s1:1→1 / s2:39→2 / s3:39→1 / s4:39→1}"	"{s3:41→1 / s4:41→1, s3:41→1 / s4:41→1, s3:41→1 / s4:41→1, s3:41→1 / s4:41→1, s3:41→1 / s4:41→1, s3:41→1 / s4:41→1, s3:41→1 / s4:41→1, s3:41→1 / s4:41→1, s3:41→1 / s4:41→1, s3:41→1 / s4:41→1, s3:41→1 / s4:41→1, s3:41→1 / s4:41→1, s3:41→1 / s4:41→1, s3:41→1 / s4:41→1, s3:41→1 / s4:41→1}"
39	117	49	228	1	1	0	0	0	0	0	1	"{s1:1→1 / s2:39→1 / s3:39→3, s1:1→1 / s2:39→1 / s3:39→4, s1:1→1 / s2:39→1 / s3:39→5, s1:1→1 / s2:39→2 / s3:39→2, s1:1→1 / s2:39→2 / s3:39→3, s1:1→1 / s2:39→2 / s3:39→4, s1:1→1 / s2:39→2 / s3:39→5, s1:1→1 / s2:39→3 / s3:39→1, s1:1→1 / s2:39→3 / s3:39→2, s1:1→1 / s2:39→3 / s3:39→3, s1:1→1 / s2:39→3 / s3:39→4, s1:1→1 / s2:39→4 / s3:39→1}"	"{s3:41→1, s3:41→1, s3:41→1, s3:41→1, s3:41→1, s3:41→1, s3:41→1, s3:41→1, s3:41→1, s3:41→1, s3:41→1, s3:41→1}"
39	117	49	229	0	1	0	0	0	0	0	1	"{s1:1→1 / s2:39→4, s1:1→1 / s2:39→5}"	""
39	118	39	190	0	0	0	0	0	0	1	0	"s1:1→1"	""
39	118	39	218	0	0	0	0	0	1	0	0	"s1:1→1"	""
39	118	39	236	0	1	0	0	1	0	0	0	"s1:1→1"	"s2:39→1"
39	118	39	245	0	0	0	0	1	0	0	0	"s1:1→1"	""
39	118	39	271	0	0	0	1	0	0	0	0	"s1:1→1"	""
39	118	40	209	0	1	0	0	0	1	0	0	"s1:1→1"	"s2:39→1"
39	118	41	181	0	1	0	0	0	0	1	0	"s1:1→1"	"s2:39→1"
39	118	44	181	0	1	0	0	0	0	1	0	"s1:1→1"	"s2:38→1"
39	118	51	209	0	1	0	0	0	1	0	0	"s1:1→1"	"s2:38→1"
39	118	127	236	0	1	0	0	1	0	0	0	"s1:1→1"	"s2:38→1"
39	118	151	262	0	1	0	1	0	0	0	0	"s1:1→1"	"s2:39→1"
39	119	39	236	0	0	0	0	1	0	0	0	"s1:1→1"	""
39	119	39	262	0	0	0	1	0	0	0	0	"s1:1→1"	""
39	119	41	261	1	0	0	1	0	0	0	0	"s1:1→1 / s2:38→1"	"s2:2→1"
39	119	44	261	1	0	0	1	0	0	0	0	"s1:1→1"	"s2:2→1"
39	119	88	228	0	1	0	0	1	0	0	0	"s1:1→1 / s2:38→1"	""
39	119	133	261	1	0	0	1	0	0	0	0	"s1:1→1 / s2:38→2"	"s2:2→1"
39	119	160	261	1	0	0	1	0	0	0	0	"s1:1→1 / s2:38→3"	"s2:2→1"
39	119	172	261	1	0	0	1	0	0	0	0	"s1:1→1 / s2:38→4"	"s2:2→1"
39	119	178	261	1	0	0	1	0	0	0	0	"s1:1→1 / s2:38→5"	"s2:2→1"
39	120	39	209	0	0	0	0	0	0	1	0	"s1:39→1"	""
39	120	39	229	0	1	0	0	0	1	0	0	"s1:39→1 / s2:1→1"	""
39	120	39	236	0	0	1	0	1	0	0	0	"{s1:1→1 / s2:39→1, s1:39→1 / s2:1→1}"	""
39	120	39	237	0	0	0	0	0	1	0	0	"s1:39→1"	""
39	120	39	238	0	0	0	2	0	0	0	0	"s1:39→1 / s2:1→1"	""
39	120	39	264	0	0	0	0	1	0	0	0	"{s1:1→1, s1:1→1, 39→1, s1:39→1}"	""
39	120	40	201	0	1	0	0	0	0	1	0	"s1:39→1 / s2:1→1"	""
39	120	40	209	0	0	1	0	0	1	0	0	"s1:39→1 / s2:1→1"	""
39	120	40	212	0	0	0	1	1	0	0	0	"{s1:1→1 / s2:39→1, s1:39→1 / s2:1→1}"	""
39	120	41	181	0	0	1	0	0	0	1	0	"s1:39→1 / s2:1→1"	""
39	120	41	185	0	0	0	1	0	1	0	0	"s1:39→1 / s2:1→1"	""
39	120	41	186	0	0	0	0	2	0	0	0	"s1:39→1 / s2:1→1"	""
39	120	42	157	0	0	0	1	0	0	1	0	"s1:39→1 / s2:1→1"	""
39	120	42	159	0	0	0	0	1	1	0	0	"s1:39→1 / s2:1→1"	""
39	120	43	131	0	0	0	0	1	0	1	0	"s1:39→1 / s2:1→1"	""
39	120	43	200	1	1	0	0	0	0	1	0	"{s1:39→1 / s2:1→1 / s3:1→1, 5→1, s1:39→1 / s2:1→1 / s3:1→2, 5→1, s1:39→1 / s2:1→1 / s3:5→1}"	"{s3:41→1, s3:41→1, s3:41→1}"
39	120	44	200	1	1	0	0	0	0	1	0	"{s1:39→1 / s2:1→1 / s3:1→3, 5→1, s1:39→1 / s2:1→1 / s3:1→4, 5→1}"	"{s3:41→1, s3:41→1}"
39	120	45	192	1	2	0	0	0	0	1	0	"s1:39→1 / s2:1→1 / s3:1→1 / s4:1→1, 5→1"	"s4:42→1"
39	120	45	193	0	2	0	0	0	0	1	0	"s1:39→1 / s2:1→1 / s3:1→1"	""
39	120	46	173	0	1	1	0	0	0	1	0	"s1:39→1 / s2:1→1 / s3:1→1"	""
39	120	48	185	0	3	0	0	0	0	1	0	"s1:39→1 / s2:1→1 / s3:1→1 / s4:1→1"	""
39	120	48	200	1	1	0	0	0	0	1	0	"s1:39→1 / s2:1→1 / s3:1→1"	"s3:41→1"
39	120	48	201	0	1	0	0	0	0	1	0	"s1:39→1 / s2:1→2"	""
39	120	49	228	1	1	0	0	0	1	0	0	"s1:39→1 / s2:1→1 / s3:5→1"	"s3:41→1"
39	120	50	192	1	2	0	0	0	0	1	0	"s1:39→1 / s2:1→1 / s3:1→1 / s4:1→1"	"s4:42→1"
39	120	50	193	0	2	0	0	0	0	1	0	"s1:39→1 / s2:1→1 / s3:1→2"	""
39	120	51	198	2	1	0	0	0	0	1	0	"s1:39→1 / s2:1→1 / s3:1→1 / s4:1→1"	"s3:41→1 / s4:41→1"
39	120	51	200	1	1	0	0	0	0	1	0	"{s1:39→1 / s2:1→1 / s3:1→2, s1:39→1 / s2:1→2 / s3:1→1}"	"{s3:41→1, s3:41→1}"
39	120	51	201	0	1	0	0	0	0	1	0	"s1:39→1 / s2:1→3"	""
39	120	52	193	0	2	0	0	0	0	1	0	"s1:39→1 / s2:1→1 / s3:1→3"	""
39	120	52	198	2	1	0	0	0	0	1	0	"s1:39→1 / s2:1→1 / s3:1→1 / s4:1→2"	"s3:41→1 / s4:41→1"
39	120	52	200	1	1	0	0	0	0	1	0	"s1:39→1 / s2:1→1 / s3:1→3"	"s3:41→1"
39	120	52	201	0	1	0	0	0	0	1	0	"s1:39→1 / s2:1→4"	""
39	120	53	200	1	1	0	0	0	0	1	0	"{s1:39→1 / s2:1→1 / s3:1→4, s1:39→1 / s2:1→1 / s3:1→5}"	"{s3:41→1, s3:41→1}"
39	120	53	201	0	1	0	0	0	0	1	0	"s1:39→1 / s2:1→5"	""
39	120	54	228	1	1	0	0	0	1	0	0	"s1:39→1 / s2:1→1 / s3:1→1, 5→1"	"s3:41→1"
39	120	56	256	0	1	0	0	1	0	0	0	"s1:1→1 / s2:39→1"	""
39	120	59	228	1	1	0	0	0	1	0	0	"s1:39→1 / s2:1→1 / s3:1→2, 5→1"	"s3:41→1"
39	120	63	228	1	1	0	0	0	1	0	0	"s1:39→1 / s2:1→1 / s3:1→3, 5→1"	"s3:41→1"
39	120	64	201	0	1	1	0	0	1	0	0	"s1:39→1 / s2:1→1 / s3:1→1"	""
39	120	66	228	1	1	0	0	0	1	0	0	"s1:39→1 / s2:1→1 / s3:1→4, 5→1"	"s3:41→1"
39	120	68	221	0	2	0	0	0	1	0	0	"s1:39→1 / s2:1→1 / s3:1→1"	""
39	120	70	220	1	2	0	0	0	1	0	0	"s1:39→1 / s2:1→1 / s3:1→1 / s4:1→1, 5→1"	"s4:42→1"
39	120	78	213	0	3	0	0	0	1	0	0	"s1:39→1 / s2:1→1 / s3:1→1 / s4:1→1"	""
39	120	80	229	0	1	0	0	0	1	0	0	"s1:39→1 / s2:1→2"	""
39	120	81	228	1	1	0	0	0	1	0	0	"s1:39→1 / s2:1→1 / s3:1→1"	"s3:41→1"
39	120	81	255	1	1	0	0	1	0	0	0	"s1:1→1 / s2:39→1 / s3:5→1, 39→4"	"s3:41→1"
39	120	83	220	1	2	0	0	0	1	0	0	"s1:39→1 / s2:1→1 / s3:1→1 / s4:1→1"	"s4:42→1"
39	120	83	221	0	2	0	0	0	1	0	0	"s1:39→1 / s2:1→1 / s3:1→2"	""
39	120	86	221	0	2	0	0	0	1	0	0	"s1:39→1 / s2:1→1 / s3:1→3"	""
39	120	86	226	2	1	0	0	0	1	0	0	"s1:39→1 / s2:1→1 / s3:1→1 / s4:1→1"	"s3:41→1 / s4:41→1"
39	120	86	228	1	1	0	0	0	1	0	0	"{s1:39→1 / s2:1→1 / s3:1→2, s1:39→1 / s2:1→2 / s3:1→1}"	"{s3:41→1, s3:41→1}"
39	120	86	229	0	1	0	0	0	1	0	0	"s1:39→1 / s2:1→3"	""
39	120	87	229	0	1	0	0	0	1	0	0	"s1:39→1 / s2:1→4"	""
39	120	88	226	2	1	0	0	0	1	0	0	"s1:39→1 / s2:1→1 / s3:1→1 / s4:1→2"	"s3:41→1 / s4:41→1"
39	120	88	228	1	1	0	0	0	1	0	0	"{s1:39→1 / s2:1→1 / s3:1→3, s1:39→1 / s2:1→1 / s3:1→4}"	"{s3:41→1, s3:41→1}"
39	120	88	229	0	1	0	0	0	1	0	0	"s1:39→1 / s2:1→5"	""
39	120	89	228	1	1	0	0	0	1	0	0	"s1:39→1 / s2:1→1 / s3:1→5"	"s3:41→1"
39	120	90	228	0	1	1	0	1	0	0	0	"s1:1→1 / s2:39→1 / s3:39→1"	""
39	120	93	248	0	2	0	0	1	0	0	0	"s1:1→1 / s2:39→1 / s3:39→1"	""
39	120	93	256	0	1	0	0	1	0	0	0	"s1:39→1 / s2:1→1"	""
39	120	94	255	1	1	0	0	1	0	0	0	"s1:39→1 / s2:1→1 / s3:1→2, 5→1, 39→1"	"s3:41→1"
39	120	95	255	1	1	0	0	1	0	0	0	"{s1:39→1 / s2:1→1 / s3:1→1, 5→1, 39→1, s1:39→1 / s2:1→1 / s3:1→3, 39→1}"	"{s3:41→1, s3:41→1}"
39	120	97	255	1	1	0	0	1	0	0	0	"s1:39→1 / s2:1→1 / s3:1→2, 39→1"	"s3:41→1"
39	120	99	236	0	0	1	0	1	0	0	0	"s1:1→1 / s2:39→2"	""
39	120	99	240	0	3	0	0	1	0	0	0	"s1:1→1 / s2:39→1 / s3:39→1 / s4:39→1"	""
39	120	100	255	1	1	0	0	1	0	0	0	"s1:39→1 / s2:1→1 / s3:1→3, 5→1, 39→1"	"s3:41→1"
39	120	101	256	0	1	0	0	1	0	0	0	"s1:1→1 / s2:39→2"	""
39	120	102	255	1	1	0	0	1	0	0	0	"s1:1→1 / s2:39→1 / s3:39→1"	"s3:41→1"
39	120	103	247	1	2	0	0	1	0	0	0	"s1:1→1 / s2:39→1 / s3:39→1 / s4:39→1"	"s4:42→1"
39	120	103	248	0	2	0	0	1	0	0	0	"s1:1→1 / s2:39→1 / s3:39→2"	""
39	120	103	255	1	1	0	0	1	0	0	0	"s1:39→1 / s2:1→1 / s3:1→4, 39→1"	"s3:41→1"
39	120	105	247	1	2	0	0	1	0	0	0	"s1:1→1 / s2:39→1 / s3:39→2 / s4:39→1"	"s4:41→1"
39	120	105	248	0	2	0	0	1	0	0	0	"{s1:1→1 / s2:39→1 / s3:39→3, s1:1→1 / s2:39→2 / s3:39→2}"	""
39	120	105	253	2	1	0	0	1	0	0	0	"s1:1→1 / s2:39→1 / s3:39→1 / s4:39→1"	"s3:41→1 / s4:41→1"
39	120	105	255	1	1	0	0	1	0	0	0	"{s1:1→1 / s2:39→1 / s3:39→2, s1:1→1 / s2:39→2 / s3:39→1}"	"{s3:41→1, s3:41→1}"
39	120	105	256	0	1	0	0	1	0	0	0	"s1:1→1 / s2:39→3"	""
39	120	106	247	1	2	0	0	1	0	0	0	"{s1:1→1 / s2:39→1 / s3:39→1 / s4:39→2, s1:1→1 / s2:39→1 / s3:39→1 / s4:39→3}"	"{s4:42→1, s4:42→1}"
39	120	106	248	0	2	0	0	1	0	0	0	"s1:1→1 / s2:39→1 / s3:39→4"	""
39	120	106	253	2	1	0	0	1	0	0	0	"{s1:1→1 / s2:39→1 / s3:39→1 / s4:39→2, s1:1→1 / s2:39→1 / s3:39→2 / s4:39→2}"	"{s3:41→1 / s4:41→1, s3:41→1 / s4:41→1}"
39	120	106	255	1	1	0	0	1	0	0	0	"{s1:1→1 / s2:39→1 / s3:39→3, s1:1→1 / s2:39→2 / s3:39→2, s1:1→1 / s2:39→3 / s3:39→1}"	"{s3:41→1, s3:41→1, s3:41→1}"
39	120	106	256	0	1	0	0	1	0	0	0	"{s1:1→1 / s2:39→4, s1:1→1 / s2:39→5}"	""
39	120	107	247	1	2	0	0	1	0	0	0	"{s1:1→1 / s2:39→1 / s3:39→1 / s4:39→4, s1:1→1 / s2:39→1 / s3:39→1 / s4:39→5}"	"{s4:42→1, s4:42→1}"
39	120	107	248	0	2	0	0	1	0	0	0	"s1:1→1 / s2:39→1 / s3:39→5"	""
39	120	107	253	2	1	0	0	1	0	0	0	"{s1:1→1 / s2:39→1 / s3:39→1 / s4:39→3, s1:1→1 / s2:39→1 / s3:39→1 / s4:39→4, s1:1→1 / s2:39→1 / s3:39→1 / s4:39→5, s1:1→1 / s2:39→1 / s3:39→2 / s4:39→3, s1:1→1 / s2:39→1 / s3:39→2 / s4:39→4}"	"{s3:41→1 / s4:41→1, s3:41→1 / s4:41→1, s3:41→1 / s4:41→1, s3:41→1 / s4:41→1, s3:41→1 / s4:41→1}"
39	120	107	255	1	1	0	0	1	0	0	0	"{s1:1→1 / s2:39→1 / s3:39→4, s1:1→1 / s2:39→1 / s3:39→5, s1:1→1 / s2:39→2 / s3:39→3, s1:1→1 / s2:39→2 / s3:39→4, s1:1→1 / s2:39→2 / s3:39→5}"	"{s3:41→1, s3:41→1, s3:41→1, s3:41→1, s3:41→1}"
39	120	108	262	0	0	1	1	0	0	0	0	"s1:1→1 / s2:39→1"	""
39	120	126	255	1	1	0	0	1	0	0	0	"s1:39→1 / s2:1→1 / s3:5→1"	"s3:41→1"
39	120	132	255	1	1	0	0	1	0	0	0	"s1:39→1 / s2:1→1 / s3:1→1, 5→1"	"s3:41→1"
39	120	137	255	1	1	0	0	1	0	0	0	"{s1:1→1 / s2:39→1 / s3:5→1, 39→3, s1:39→1 / s2:1→1 / s3:1→2, 5→1}"	"{s3:41→1, s3:41→1}"
39	120	140	228	0	1	1	0	1	0	0	0	"s1:39→1 / s2:1→1 / s3:1→1"	""
39	120	140	255	1	1	0	0	1	0	0	0	"s1:39→1 / s2:1→1 / s3:1→3, 5→1"	"s3:41→1"
39	120	143	255	1	1	0	0	1	0	0	0	"{s1:39→1 / s2:1→1 / s3:1→4, 5→1, s1:39→1 / s2:1→1 / s3:5→1, 39→1}"	"{s3:41→1, s3:41→1}"
39	120	144	248	0	2	0	0	1	0	0	0	"s1:39→1 / s2:1→1 / s3:1→1"	""
39	120	145	247	1	2	0	0	1	0	0	0	"s1:39→1 / s2:1→1 / s3:1→1 / s4:1→1, 5→1"	"s4:42→1"
39	120	151	240	0	3	0	0	1	0	0	0	"s1:39→1 / s2:1→1 / s3:1→1 / s4:1→1"	""
39	120	153	256	0	1	0	0	1	0	0	0	"s1:39→1 / s2:1→2"	""
39	120	154	255	1	1	0	0	1	0	0	0	"s1:39→1 / s2:1→1 / s3:1→1"	"s3:41→1"
39	120	155	247	1	2	0	0	1	0	0	0	"s1:39→1 / s2:1→1 / s3:1→1 / s4:1→1"	"s4:42→1"
39	120	155	248	0	2	0	0	1	0	0	0	"s1:39→1 / s2:1→1 / s3:1→2"	""
39	120	157	253	2	1	0	0	1	0	0	0	"s1:39→1 / s2:1→1 / s3:1→1 / s4:1→1"	"s3:41→1 / s4:41→1"
39	120	157	255	1	1	0	0	1	0	0	0	"s1:39→1 / s2:1→2 / s3:1→1"	"s3:41→1"
39	120	157	256	0	1	0	0	1	0	0	0	"s1:39→1 / s2:1→3"	""
39	120	158	248	0	2	0	0	1	0	0	0	"s1:39→1 / s2:1→1 / s3:1→3"	""
39	120	158	255	1	1	0	0	1	0	0	0	"s1:39→1 / s2:1→1 / s3:1→2"	"s3:41→1"
39	120	158	256	0	1	0	0	1	0	0	0	"s1:39→1 / s2:1→4"	""
39	120	159	253	2	1	0	0	1	0	0	0	"s1:39→1 / s2:1→1 / s3:1→1 / s4:1→2"	"s3:41→1 / s4:41→1"
39	120	159	255	1	1	0	0	1	0	0	0	"{s1:39→1 / s2:1→1 / s3:1→3, s1:39→1 / s2:1→1 / s3:1→4, s1:39→1 / s2:1→1 / s3:1→5}"	"{s3:41→1, s3:41→1, s3:41→1}"
39	120	159	256	0	1	0	0	1	0	0	0	"s1:39→1 / s2:1→5"	""
39	120	160	262	0	0	1	1	0	0	0	0	"s1:39→1 / s2:1→1"	""
39	120	177	254	0	1	1	1	0	0	0	0	"s1:1→1 / s2:39→1 / s3:39→1"	""
39	120	181	198	2	1	0	0	0	0	1	0	"s1:39→1 / s2:1→1 / s3:1→1 / s4:1→2, 5→1"	"s3:41→1 / s4:41→1"
39	120	184	262	0	0	1	1	0	0	0	0	"s1:1→1 / s2:39→2"	""
39	120	184	266	0	3	0	1	0	0	0	0	"s1:1→1 / s2:39→1 / s3:39→1 / s4:39→1"	""
39	120	186	273	1	2	0	1	0	0	0	0	"s1:1→1 / s2:39→1 / s3:39→1 / s4:39→1"	"s4:42→1"
39	120	188	273	1	2	0	1	0	0	0	0	"{s1:1→1 / s2:39→1 / s3:39→1 / s4:39→2, s1:1→1 / s2:39→1 / s3:39→2 / s4:39→1}"	"{s4:42→1, s4:41→1}"
39	120	189	273	1	2	0	1	0	0	0	0	"{s1:1→1 / s2:39→1 / s3:39→1 / s4:39→3, s1:1→1 / s2:39→1 / s3:39→1 / s4:39→4, s1:1→1 / s2:39→1 / s3:39→1 / s4:39→5}"	"{s4:42→1, s4:42→1, s4:42→1}"
39	121	39	230	0	1	0	0	1	0	0	0	"s1:1→1 / s2:39→1"	""
39	121	39	236	0	0	1	1	0	0	0	0	"{s1:1→1 / s2:39→1, s1:39→1 / s2:1→1}"	""
39	121	39	238	0	0	0	0	1	0	0	0	"s1:1→1"	""
39	121	39	264	0	0	0	1	0	0	0	0	"{s1:1→1, s1:1→1, 39→1, s1:39→1}"	""
39	121	40	210	0	0	1	0	1	0	0	0	"s1:1→1 / s2:39→1"	""
39	121	40	212	0	0	0	2	0	0	0	0	"s1:39→1 / s2:1→1"	""
39	121	41	186	0	0	0	1	1	0	0	0	"s1:1→1 / s2:39→1"	""
39	121	41	229	1	1	0	0	1	0	0	0	"{s1:1→1 / s2:39→1 / s3:5→1, 35→1, 39→2, s1:1→1 / s2:39→1 / s3:5→1, 35→1, 39→3, s1:1→1 / s2:39→1 / s3:5→1, 39→4}"	"{s3:41→1, s3:41→1, s3:41→1}"
39	121	44	229	1	1	0	0	1	0	0	0	"s1:1→1 / s2:39→1 / s3:5→1, 39→3"	"s3:41→1"
39	121	45	229	1	1	0	0	1	0	0	0	"s1:1→1 / s2:39→1 / s3:5→1, 35→1, 39→1"	"s3:41→1"
39	121	67	229	1	1	0	0	1	0	0	0	"s1:1→1 / s2:39→1 / s3:35→1"	"s3:41→1"
39	121	72	229	1	1	0	0	1	0	0	0	"s1:1→1 / s2:39→1 / s3:35→1, 39→1"	"s3:41→1"
39	121	76	222	0	2	0	0	1	0	0	0	"s1:1→1 / s2:39→1 / s3:39→1"	""
39	121	76	229	1	1	0	0	1	0	0	0	"s1:1→1 / s2:39→1 / s3:35→1, 39→2"	"s3:41→1"
39	121	79	221	1	2	0	0	1	0	0	0	"s1:1→1 / s2:39→1 / s3:39→1 / s4:35→1"	"s4:42→1"
39	121	79	229	1	1	0	0	1	0	0	0	"s1:1→1 / s2:39→1 / s3:35→1, 39→3"	"s3:41→1"
39	121	81	229	1	1	0	0	1	0	0	0	"s1:1→1 / s2:39→1 / s3:35→1, 39→4"	"s3:41→1"
39	121	81	256	0	1	0	1	0	0	0	0	"s1:39→1 / s2:1→1"	""
39	121	89	255	1	1	0	1	0	0	0	0	"s1:39→1 / s2:1→1 / s3:1→3, 5→1, 35→1"	"s3:41→1"
39	121	90	229	1	1	0	0	1	0	0	0	"s1:1→1 / s2:39→1 / s3:39→1"	"s3:41→1"
39	121	90	230	0	1	0	0	1	0	0	0	"s1:1→1 / s2:39→2"	""
39	121	92	222	0	2	0	0	1	0	0	0	"s1:1→1 / s2:39→1 / s3:39→2"	""
39	121	94	255	1	1	0	1	0	0	0	0	"s1:39→1 / s2:1→1 / s3:1→4, 35→1"	"s3:41→1"
39	121	95	230	0	1	0	0	1	0	0	0	"s1:1→1 / s2:39→3"	""
39	121	96	229	1	1	0	0	1	0	0	0	"s1:1→1 / s2:39→1 / s3:39→2"	"s3:41→1"
39	121	97	229	1	1	0	0	1	0	0	0	"s1:1→1 / s2:39→1 / s3:39→3"	"s3:41→1"
39	121	97	230	0	1	0	0	1	0	0	0	"s1:1→1 / s2:39→4"	""
39	121	98	229	1	1	0	0	1	0	0	0	"{s1:1→1 / s2:39→1 / s3:39→4, s1:1→1 / s2:39→1 / s3:39→5}"	"{s3:41→1, s3:41→1}"
39	121	98	230	0	1	0	0	1	0	0	0	"s1:1→1 / s2:39→5"	""
39	121	107	255	1	1	0	1	0	0	0	0	"s1:1→1 / s2:39→1 / s3:5→1, 35→1, 39→3"	"s3:41→1"
39	121	107	256	0	1	0	1	0	0	0	0	"s1:1→1 / s2:39→1"	""
39	121	110	255	1	1	0	1	0	0	0	0	"s1:1→1 / s2:39→1 / s3:5→1, 39→4"	"s3:41→1"
39	121	111	255	1	1	0	1	0	0	0	0	"{s1:1→1 / s2:39→1 / s3:5→1, 35→1, 39→2, s1:39→1 / s2:1→1 / s3:1→2, 5→1, 35→1, s1:39→1 / s2:1→1 / s3:5→1}"	"{s3:41→1, s3:41→1, s3:41→1}"
39	121	116	255	1	1	0	1	0	0	0	0	"s1:39→1 / s2:1→1 / s3:1→1, 5→1"	"s3:41→1"
39	121	121	255	1	1	0	1	0	0	0	0	"s1:39→1 / s2:1→1 / s3:1→2, 5→1"	"s3:41→1"
39	121	122	229	1	1	0	0	1	0	0	0	"s1:1→1 / s2:39→1 / s3:5→1, 39→2"	"s3:41→1"
39	121	124	228	0	1	1	1	0	0	0	0	"s1:39→1 / s2:1→1 / s3:1→1"	""
39	121	124	255	1	1	0	1	0	0	0	0	"s1:39→1 / s2:1→1 / s3:1→3, 5→1"	"s3:41→1"
39	121	126	255	1	1	0	1	0	0	0	0	"s1:39→1 / s2:1→1 / s3:1→4, 5→1"	"s3:41→1"
39	121	127	248	0	2	0	1	0	0	0	0	"s1:39→1 / s2:1→1 / s3:1→1"	""
39	121	128	247	1	2	0	1	0	0	0	0	"s1:39→1 / s2:1→1 / s3:1→1 / s4:1→1, 5→1"	"s4:42→1"
39	121	130	255	1	1	0	1	0	0	0	0	"s1:1→1 / s2:39→1 / s3:5→1, 39→3"	"s3:41→1"
39	121	132	229	1	1	0	0	1	0	0	0	"s1:1→1 / s2:39→1 / s3:5→1, 35→1"	"s3:41→1"
39	121	133	255	1	1	0	1	0	0	0	0	"s1:39→1 / s2:1→1 / s3:1→3, 35→1"	"s3:41→1"
39	121	134	240	0	3	0	1	0	0	0	0	"s1:39→1 / s2:1→1 / s3:1→1 / s4:1→1"	""
39	121	134	255	1	1	0	1	0	0	0	0	"s1:1→1 / s2:39→1 / s3:5→1, 35→1, 39→1"	"s3:41→1"
39	121	136	255	1	1	0	1	0	0	0	0	"s1:39→1 / s2:1→1 / s3:1→1"	"s3:41→1"
39	121	136	256	0	1	0	1	0	0	0	0	"s1:39→1 / s2:1→2"	""
39	121	138	247	1	2	0	1	0	0	0	0	"s1:39→1 / s2:1→1 / s3:1→1 / s4:1→1"	"s4:42→1"
39	121	138	248	0	2	0	1	0	0	0	0	"s1:39→1 / s2:1→1 / s3:1→2"	""
39	121	140	248	0	2	0	1	0	0	0	0	"s1:39→1 / s2:1→1 / s3:1→3"	""
39	121	140	253	2	1	0	1	0	0	0	0	"s1:39→1 / s2:1→1 / s3:1→1 / s4:1→1"	"s3:41→1 / s4:41→1"
39	121	140	255	1	1	0	1	0	0	0	0	"{s1:39→1 / s2:1→1 / s3:1→2, s1:39→1 / s2:1→2 / s3:1→1}"	"{s3:41→1, s3:41→1}"
39	121	140	256	0	1	0	1	0	0	0	0	"s1:39→1 / s2:1→3"	""
39	121	141	253	2	1	0	1	0	0	0	0	"s1:39→1 / s2:1→1 / s3:1→1 / s4:1→2"	"s3:41→1 / s4:41→1"
39	121	141	255	1	1	0	1	0	0	0	0	"s1:39→1 / s2:1→1 / s3:1→3"	"s3:41→1"
39	121	141	256	0	1	0	1	0	0	0	0	"{s1:39→1 / s2:1→4, s1:39→1 / s2:1→5}"	""
39	121	142	255	1	1	0	1	0	0	0	0	"{s1:39→1 / s2:1→1 / s3:1→4, s1:39→1 / s2:1→1 / s3:1→5}"	"{s3:41→1, s3:41→1}"
39	121	143	260	0	0	2	0	0	0	0	0	"s1:39→1 / s2:1→1"	""
39	121	161	255	1	1	0	1	0	0	0	0	"s1:1→1 / s2:39→1 / s3:35→1"	"s3:41→1"
39	121	164	255	1	1	0	1	0	0	0	0	"s1:1→1 / s2:39→1 / s3:35→1, 39→1"	"s3:41→1"
39	121	167	248	0	2	0	1	0	0	0	0	"s1:1→1 / s2:39→1 / s3:39→1"	""
39	121	167	255	1	1	0	1	0	0	0	0	"s1:1→1 / s2:39→1 / s3:35→1, 39→2"	"s3:41→1"
39	121	169	247	1	2	0	1	0	0	0	0	"s1:1→1 / s2:39→1 / s3:39→1 / s4:35→1"	"s4:42→1"
39	121	169	255	1	1	0	1	0	0	0	0	"s1:1→1 / s2:39→1 / s3:35→1, 39→3"	"s3:41→1"
39	121	171	255	1	1	0	1	0	0	0	0	"s1:1→1 / s2:39→1 / s3:35→1, 39→4"	"s3:41→1"
39	121	177	255	1	1	0	1	0	0	0	0	"s1:1→1 / s2:39→1 / s3:39→1"	"s3:41→1"
39	121	177	256	0	1	0	1	0	0	0	0	"s1:1→1 / s2:39→2"	""
39	121	178	248	0	2	0	1	0	0	0	0	"s1:1→1 / s2:39→1 / s3:39→2"	""
39	121	178	255	1	1	0	1	0	0	0	0	"s1:39→1 / s2:1→1 / s3:1→1, 5→1, 35→1"	"s3:41→1"
39	121	181	255	1	1	0	1	0	0	0	0	"s1:1→1 / s2:39→1 / s3:39→2"	"s3:41→1"
39	121	181	256	0	1	0	1	0	0	0	0	"s1:1→1 / s2:39→3"	""
39	121	182	255	1	1	0	1	0	0	0	0	"s1:1→1 / s2:39→1 / s3:39→3"	"s3:41→1"
39	121	182	256	0	1	0	1	0	0	0	0	"{s1:1→1 / s2:39→4, s1:1→1 / s2:39→5}"	""
39	121	183	255	1	1	0	1	0	0	0	0	"{s1:1→1 / s2:39→1 / s3:39→4, s1:1→1 / s2:39→1 / s3:39→5}"	"{s3:41→1, s3:41→1}"
39	122	39	229	1	0	0	0	1	0	0	0	"s1:1→1"	"s2:39→1"
39	122	39	230	0	0	0	0	1	0	0	0	"s1:1→1"	""
39	122	39	256	0	0	0	1	0	0	0	0	"s1:1→1"	""
39	122	40	255	1	0	0	1	0	0	0	0	"s1:1→1 / s2:5→1, 38→3"	"s2:39→1"
39	122	40	272	0	1	1	0	0	0	0	0	"s1:1→1 / s2:1→1, 38→1"	""
39	122	41	227	2	0	0	0	1	0	0	0	"{s1:1→1 / s3:5→1, 38→2, s1:1→1 / s3:5→1, 38→2}"	"{s2:39→1 / s3:37→1, s2:39→1 / s3:39→1}"
39	122	41	228	1	0	0	0	1	0	0	0	"{s1:1→1 / s2:5→1, 38→2, s1:1→1 / s2:5→1, 38→3, s1:1→1 / s2:5→1, 38→4}"	"{s2:37→1, s2:37→1, s2:37→1}"
39	122	41	229	1	0	0	0	1	0	0	0	"{s1:1→1 / s2:5→1, 38→2, s1:1→1 / s2:5→1, 38→3, s1:1→1 / s2:5→1, 38→4}"	"{s2:39→1, s2:39→1, s2:39→1}"
39	122	41	254	1	0	0	1	0	0	0	0	"{s1:1→1 / s2:5→1, 38→1, s1:1→1 / s2:5→1, 38→2, s1:1→1 / s2:5→1, 38→3}"	"{s2:37→1, s2:37→1, s2:37→1}"
39	122	41	255	1	0	0	1	0	0	0	0	"{s1:1→1 / s2:5→1, 38→1, s1:1→1 / s2:5→1, 38→2}"	"{s2:39→1, s2:39→1}"
39	122	42	228	1	0	0	0	1	0	0	0	"s1:1→1 / s2:5→1, 38→1"	"s2:37→1"
39	122	42	229	1	0	0	0	1	0	0	0	"s1:1→1 / s2:5→1, 38→1"	"s2:39→1"
39	122	42	254	1	0	0	1	0	0	0	0	"s1:1→1 / s2:5→1"	"s2:37→1"
39	122	43	228	1	0	0	0	1	0	0	0	"s1:1→1 / s2:5→1"	"s2:37→1"
39	122	43	255	1	0	0	1	0	0	0	0	"s1:1→1 / s2:5→1"	"s2:39→1"
39	122	44	229	1	0	0	0	1	0	0	0	"s1:1→1 / s2:5→1"	"s2:39→1"
39	122	45	272	0	1	1	0	0	0	0	0	"s1:1→1 / s2:1→1"	""
39	122	52	255	1	0	0	1	0	0	0	0	"s1:1→1 / s2:5→1, 38→4"	"s2:39→1"
39	122	60	227	2	0	0	0	1	0	0	0	"s1:1→1"	"s2:39→1 / s3:39→1"
39	122	60	228	1	0	0	0	1	0	0	0	"s1:1→1"	"s2:37→1"
39	122	61	227	2	0	0	0	1	0	0	0	"s1:1→1 / s3:5→1, 38→1"	"s2:39→1 / s3:37→1"
39	122	61	254	1	0	0	1	0	0	0	0	"s1:1→1 / s2:5→1, 38→4"	"s2:37→1"
39	122	65	227	2	0	0	0	1	0	0	0	"s1:1→1"	"s2:39→1 / s3:37→1"
39	122	71	222	0	1	0	0	1	0	0	0	"s1:1→1 / s2:38→1"	""
39	122	72	220	1	1	0	0	1	0	0	0	"s1:1→1 / s2:38→1"	"s3:37→1"
39	122	73	221	1	1	0	0	1	0	0	0	"s1:1→1 / s2:38→1"	"s3:39→1"
39	122	75	227	2	0	0	0	1	0	0	0	"s1:1→1 / s3:38→1"	"s2:39→1 / s3:37→1"
39	122	75	228	1	0	0	0	1	0	0	0	"s1:1→1 / s2:38→1"	"s2:37→1"
39	122	77	222	0	1	0	0	1	0	0	0	"s1:1→1 / s2:38→2"	""
39	122	77	227	2	0	0	0	1	0	0	0	"{s1:1→1 / s2:38→1, s1:1→1 / s3:38→1, s1:1→1 / s3:38→2}"	"{s2:39→1 / s3:37→1, s2:39→1 / s3:39→1, s2:39→1 / s3:37→1}"
39	122	77	228	1	0	0	0	1	0	0	0	"{s1:1→1 / s2:38→2, s1:1→1 / s2:38→3}"	"{s2:37→1, s2:37→1}"
39	122	77	229	1	0	0	0	1	0	0	0	"s1:1→1 / s2:38→1"	"s2:39→1"
39	122	78	227	2	0	0	0	1	0	0	0	"s1:1→1 / s3:38→2"	"s2:39→1 / s3:39→1"
39	122	78	228	1	0	0	0	1	0	0	0	"{s1:1→1 / s2:38→4, s1:1→1 / s2:38→5}"	"{s2:37→1, s2:37→1}"
39	122	78	229	1	0	0	0	1	0	0	0	"{s1:1→1 / s2:38→2, s1:1→1 / s2:38→3}"	"{s2:39→1, s2:39→1}"
39	122	79	227	2	0	0	0	1	0	0	0	"s1:1→1 / s2:38→2"	"s2:39→1 / s3:37→1"
39	122	79	229	1	0	0	0	1	0	0	0	"{s1:1→1 / s2:38→4, s1:1→1 / s2:38→5}"	"{s2:39→1, s2:39→1}"
39	122	95	227	2	0	0	0	1	0	0	0	"s1:1→1 / s3:5→1, 38→1"	"s2:39→1 / s3:39→1"
39	122	106	255	1	0	0	1	0	0	0	0	"s1:1→1"	"s2:39→1"
39	122	107	253	2	0	0	1	0	0	0	0	"s1:1→1 / s3:5→1, 38→2"	"s2:39→1 / s3:37→1"
39	122	110	253	2	0	0	1	0	0	0	0	"s1:1→1 / s3:5→1, 38→2"	"s2:39→1 / s3:39→1"
39	122	149	253	2	0	0	1	0	0	0	0	"s1:1→1 / s3:5→1, 38→1"	"s2:39→1 / s3:37→1"
39	122	155	253	2	0	0	1	0	0	0	0	"s1:1→1"	"s2:39→1 / s3:39→1"
39	122	155	254	1	0	0	1	0	0	0	0	"s1:1→1"	"s2:37→1"
39	122	159	253	2	0	0	1	0	0	0	0	"s1:1→1"	"s2:39→1 / s3:37→1"
39	122	163	248	0	1	0	1	0	0	0	0	"s1:1→1 / s2:38→1"	""
39	122	164	246	1	1	0	1	0	0	0	0	"s1:1→1 / s2:38→1"	"s3:37→1"
39	122	165	247	1	1	0	1	0	0	0	0	"s1:1→1 / s2:38→1"	"s3:39→1"
39	122	166	253	2	0	0	1	0	0	0	0	"s1:1→1 / s3:38→1"	"s2:39→1 / s3:37→1"
39	122	166	254	1	0	0	1	0	0	0	0	"s1:1→1 / s2:38→1"	"s2:37→1"
39	122	168	248	0	1	0	1	0	0	0	0	"s1:1→1 / s2:38→2"	""
39	122	168	253	2	0	0	1	0	0	0	0	"{s1:1→1 / s2:38→1, s1:1→1 / s3:38→1, s1:1→1 / s3:38→2}"	"{s2:39→1 / s3:37→1, s2:39→1 / s3:39→1, s2:39→1 / s3:37→1}"
39	122	168	254	1	0	0	1	0	0	0	0	"{s1:1→1 / s2:38→2, s1:1→1 / s2:38→3, s1:1→1 / s2:38→4}"	"{s2:37→1, s2:37→1, s2:37→1}"
39	122	168	255	1	0	0	1	0	0	0	0	"s1:1→1 / s2:38→1"	"s2:39→1"
39	122	169	253	2	0	0	1	0	0	0	0	"{s1:1→1 / s2:38→2, s1:1→1 / s3:38→2}"	"{s2:39→1 / s3:37→1, s2:39→1 / s3:39→1}"
39	122	169	254	1	0	0	1	0	0	0	0	"s1:1→1 / s2:38→5"	"s2:37→1"
39	122	169	255	1	0	0	1	0	0	0	0	"{s1:1→1 / s2:38→2, s1:1→1 / s2:38→3, s1:1→1 / s2:38→4, s1:1→1 / s2:38→5}"	"{s2:39→1, s2:39→1, s2:39→1, s2:39→1}"
39	122	176	253	2	0	0	1	0	0	0	0	"s1:1→1 / s3:5→1, 38→1"	"s2:39→1 / s3:39→1"
39	123	39	236	0	0	1	1	0	0	0	0	"s1:1→1 / s2:39→1"	""
39	123	39	264	0	0	0	1	0	0	0	0	"{s1:1→1, s1:1→1, 39→1}"	""
39	123	40	212	0	0	0	2	0	0	0	0	"s1:39→1 / s2:1→1"	""
39	123	96	256	0	1	0	1	0	0	0	0	"s1:1→1 / s2:39→1"	""
39	123	96	262	1	0	0	1	0	0	0	0	"s1:1→1"	"s2:38→1"
39	123	133	234	1	0	1	1	0	0	0	0	"s1:1→1 / s2:39→1"	"s3:38→1"
39	123	138	254	1	1	0	1	0	0	0	0	"s1:1→1 / s2:39→1"	"s3:38→1"
39	123	149	248	0	2	0	1	0	0	0	0	"s1:1→1 / s2:39→1 / s3:39→1"	""
39	123	151	246	1	2	0	1	0	0	0	0	"s1:1→1 / s2:39→1 / s3:39→1"	"s4:38→1"
39	123	152	262	1	0	0	1	0	0	0	0	"s1:1→1 / s2:39→1"	"s2:38→1"
39	123	153	260	0	0	2	0	0	0	0	0	"s1:39→1 / s2:1→1"	""
39	123	155	254	1	1	0	1	0	0	0	0	"s1:1→1 / s2:39→1 / s3:39→1"	"s3:38→1"
39	123	158	262	1	0	0	1	0	0	0	0	"s1:1→1 / s2:39→2"	"s2:38→1"
39	123	159	253	2	1	0	1	0	0	0	0	"s1:1→1 / s2:39→1 / s3:39→1"	"s3:41→1 / s4:38→1"
39	123	159	254	1	1	0	1	0	0	0	0	"{s1:1→1 / s2:39→1 / s3:39→2, s1:1→1 / s2:39→2, s1:1→1 / s2:39→2 / s3:39→1}"	"{s3:38→1, s3:38→1, s3:38→1}"
39	123	159	255	1	1	0	1	0	0	0	0	"s1:1→1 / s2:39→1 / s3:39→1"	"s3:41→1"
39	123	159	256	0	1	0	1	0	0	0	0	"s1:1→1 / s2:39→2"	""
39	123	160	248	0	2	0	1	0	0	0	0	"s1:1→1 / s2:39→1 / s3:39→2"	""
39	123	160	262	1	0	0	1	0	0	0	0	"s1:1→1 / s2:39→3"	"s2:38→1"
39	123	161	254	1	1	0	1	0	0	0	0	"s1:1→1 / s2:39→1 / s3:39→3"	"s3:38→1"
39	123	162	254	1	1	0	1	0	0	0	0	"{s1:1→1 / s2:39→1 / s3:39→4, s1:1→1 / s2:39→1 / s3:39→5}"	"{s3:38→1, s3:38→1}"
39	123	162	262	1	0	0	1	0	0	0	0	"{s1:1→1 / s2:39→4, s1:1→1 / s2:39→5}"	"{s2:38→1, s2:38→1}"
39	123	163	255	1	1	0	1	0	0	0	0	"s1:1→1 / s2:39→1 / s3:39→2"	"s3:41→1"
39	123	163	256	0	1	0	1	0	0	0	0	"s1:1→1 / s2:39→3"	""
39	123	164	255	1	1	0	1	0	0	0	0	"{s1:1→1 / s2:39→1 / s3:39→3, s1:1→1 / s2:39→1 / s3:39→4}"	"{s3:41→1, s3:41→1}"
39	123	164	256	0	1	0	1	0	0	0	0	"{s1:1→1 / s2:39→4, s1:1→1 / s2:39→5}"	""
39	123	164	258	1	0	2	0	0	0	0	0	"s1:39→1 / s2:1→1 / s3:1→1"	"s3:38→1"
39	123	165	254	1	1	0	1	0	0	0	0	"s1:1→1 / s2:39→3"	"s3:38→1"
39	123	165	255	1	1	0	1	0	0	0	0	"s1:1→1 / s2:39→1 / s3:39→5"	"s3:41→1"
39	123	166	253	2	1	0	1	0	0	0	0	"s1:1→1 / s2:39→1 / s3:39→2"	"s3:41→1 / s4:38→1"
39	124	39	245	0	0	0	1	0	0	0	0	"s1:1→1"	""
39	124	39	269	0	0	1	0	0	0	0	0	"s1:1→1"	""
39	124	44	267	1	0	1	0	0	0	0	0	"s1:1→1"	"s2:2→1"
39	124	157	267	1	0	1	0	0	0	0	0	"s1:1→1 / s2:36→1"	"s2:2→1"
39	125	39	236	0	1	0	1	0	0	0	0	"s1:1→1"	"s2:39→1"
39	125	39	245	0	0	0	1	0	0	0	0	"s1:1→1"	""
39	125	39	269	0	0	1	0	0	0	0	0	"s1:1→1"	""
39	125	111	236	0	1	0	1	0	0	0	0	"s1:1→1"	"s2:38→1"
39	125	137	260	0	1	1	0	0	0	0	0	"s1:1→1"	"s2:39→1"
39	126	39	230	0	1	0	0	1	0	0	0	"s1:39→1 / s2:1→1"	""
39	126	39	236	0	0	1	1	0	0	0	0	"s1:39→1 / s2:1→1"	""
39	126	39	238	0	0	0	0	1	0	0	0	"s1:39→1"	""
39	126	39	264	0	0	0	1	0	0	0	0	"s1:39→1"	""
39	126	40	210	0	0	1	0	1	0	0	0	"s1:39→1 / s2:1→1"	""
39	126	41	263	1	0	0	1	0	0	0	0	"{s1:39→1 / s2:1→1, s1:39→1 / s2:1→1, 3→1, s1:39→1 / s2:1→2, s1:39→1 / s2:3→1}"	"{s2:38→1, s2:38→1, s2:38→1, s2:38→1}"
39	126	45	263	1	0	0	1	0	0	0	0	"s1:39→1"	"s2:38→1"
39	126	47	263	1	0	0	1	0	0	0	0	"s1:39→1 / s2:1→3"	"s2:38→1"
39	126	61	235	1	0	1	1	0	0	0	0	"s1:39→1 / s2:1→1 / s3:3→1"	"s3:38→1"
39	126	70	236	1	0	0	0	1	0	0	0	"s1:39→1"	"s2:4→1"
39	126	74	208	1	0	1	0	1	0	0	0	"s1:39→1 / s2:1→1"	"s3:4→1"
39	126	75	228	1	1	0	0	1	0	0	0	"s1:39→1 / s2:1→1"	"s3:4→1"
39	126	85	236	1	0	0	0	1	0	0	0	"s1:39→1 / s2:1→1"	"s2:4→1"
39	126	85	263	1	0	0	1	0	0	0	0	"s1:39→1 / s2:1→2, 3→1"	"s2:38→1"
39	126	87	220	1	2	0	0	1	0	0	0	"s1:39→1 / s2:1→1 / s3:1→1"	"s4:4→1"
39	126	87	222	0	2	0	0	1	0	0	0	"s1:39→1 / s2:1→1 / s3:1→1"	""
39	126	88	228	1	1	0	0	1	0	0	0	"s1:39→1 / s2:1→1 / s3:1→1"	"s3:4→1"
39	126	88	229	1	1	0	0	1	0	0	0	"s1:39→1 / s2:1→1 / s3:3→1"	"s3:41→1"
39	126	93	229	1	1	0	0	1	0	0	0	"s1:39→1 / s2:1→1 / s3:1→1, 3→1"	"s3:41→1"
39	126	93	236	1	0	0	0	1	0	0	0	"s1:39→1 / s2:1→2"	"s2:4→1"
39	126	95	228	1	1	0	0	1	0	0	0	"s1:39→1 / s2:1→1 / s3:1→2"	"s3:4→1"
39	126	97	236	1	0	0	0	1	0	0	0	"s1:39→1 / s2:1→3"	"s2:4→1"
39	126	99	228	1	1	0	0	1	0	0	0	"s1:39→1 / s2:1→1 / s3:1→3"	"s3:4→1"
39	126	100	236	1	0	0	0	1	0	0	0	"s1:39→1 / s2:1→4"	"s2:4→1"
39	126	101	228	1	1	0	0	1	0	0	0	"s1:39→1 / s2:1→1 / s3:1→4"	"s3:4→1"
39	126	102	236	1	0	0	0	1	0	0	0	"s1:39→1 / s2:1→5"	"s2:4→1"
39	126	103	229	1	1	0	0	1	0	0	0	"s1:39→1 / s2:1→1 / s3:1→1"	"s3:41→1"
39	126	103	230	0	1	0	0	1	0	0	0	"s1:39→1 / s2:1→2"	""
39	126	103	263	1	0	0	1	0	0	0	0	"s1:39→1 / s2:1→4"	"s2:38→1"
39	126	109	230	0	1	0	0	1	0	0	0	"s1:39→1 / s2:1→3"	""
39	126	116	263	1	0	0	1	0	0	0	0	"s1:39→1 / s2:1→3, 3→1"	"s2:38→1"
39	126	125	256	0	1	0	1	0	0	0	0	"s1:39→1 / s2:1→1"	""
39	126	126	255	1	1	0	1	0	0	0	0	"s1:39→1 / s2:1→1 / s3:3→1"	"s3:38→1"
39	126	127	255	1	1	0	1	0	0	0	0	"s1:39→1 / s2:1→1 / s3:1→2"	"s3:38→1"
39	126	133	263	1	0	0	1	0	0	0	0	"s1:39→1 / s2:1→5"	"s2:38→1"
39	126	135	255	1	1	0	1	0	0	0	0	"s1:39→1 / s2:1→1 / s3:1→1, 3→1"	"s3:38→1"
39	126	136	260	0	0	2	0	0	0	0	0	"s1:39→1 / s2:1→1"	""
39	126	136	263	1	0	0	1	0	0	0	0	"s1:39→1 / s2:1→4, 3→1"	"s2:38→1"
39	126	142	258	1	0	2	0	0	0	0	0	"s1:39→1 / s2:1→1 / s3:39→2"	"s3:4→1"
39	126	143	255	1	1	0	1	0	0	0	0	"s1:39→1 / s2:1→1 / s3:1→3"	"s3:38→1"
39	126	149	255	1	1	0	1	0	0	0	0	"s1:39→1 / s2:1→1 / s3:1→2, 3→1"	"s3:38→1"
39	126	155	259	1	0	2	0	0	0	0	0	"s1:39→1 / s2:1→1 / s3:3→1, 39→1"	"s3:38→1"
39	126	158	255	1	1	0	1	0	0	0	0	"s1:39→1 / s2:1→1 / s3:1→4"	"s3:38→1"
39	126	160	255	1	1	0	1	0	0	0	0	"s1:39→1 / s2:1→1 / s3:1→3, 3→1"	"s3:38→1"
39	126	165	258	1	0	2	0	0	0	0	0	"{s1:39→1 / s2:1→1 / s3:39→1, s1:39→1 / s2:1→1 / s3:39→3}"	"{s3:4→1, s3:4→1}"
39	126	167	255	1	1	0	1	0	0	0	0	"s1:39→1 / s2:1→1 / s3:1→4, 3→1"	"s3:38→1"
39	126	172	255	1	1	0	1	0	0	0	0	"s1:39→1 / s2:1→1 / s3:1→1"	"s3:38→1"
39	126	182	258	1	0	2	0	0	0	0	0	"s1:39→1 / s2:1→1 / s3:39→4"	"s3:4→1"
39	126	185	262	1	0	0	1	0	0	0	0	"s1:39→1"	"s2:4→1"
39	126	188	234	1	0	1	1	0	0	0	0	"s1:39→1 / s2:1→1"	"s3:4→1"
39	126	189	254	1	1	0	1	0	0	0	0	"s1:39→1 / s2:1→1"	"s3:4→1"
39	127	39	151	0	1	0	0	0	0	0	0	"s1:1→1"	""
39	134	64	267	0	1	0	0	0	0	1	0	"s1:1→1 / s2:39→1"	""
39	134	102	259	0	2	0	0	0	0	1	0	"s1:1→1 / s2:39→1 / s3:37→1"	""
39	134	118	267	0	1	0	0	0	0	1	0	"s1:1→1 / s2:37→1, 39→1"	""
39	134	119	266	1	1	0	0	0	0	1	0	"s1:1→1 / s2:39→1 / s3:37→1"	"s3:41→1"
39	134	129	266	1	1	0	0	0	0	1	0	"s1:1→1 / s2:39→1 / s3:37→2"	"s3:41→1"
39	134	133	266	1	1	0	0	0	0	1	0	"s1:1→1 / s2:39→1 / s3:37→3"	"s3:41→1"
39	134	135	266	1	1	0	0	0	0	1	0	"s1:1→1 / s2:39→1 / s3:37→4"	"s3:41→1"
39	134	137	266	1	1	0	0	0	0	1	0	"s1:1→1 / s2:39→1 / s3:37→5"	"s3:41→1"
39	136	39	268	0	0	1	0	0	0	0	0	"s1:39→1"	""
39	136	40	266	1	0	1	0	0	0	0	0	"{s1:39→1 / s2:1→1, 2→1, s1:39→1 / s2:1→2, 2→2, s1:39→1 / s2:2→2}"	"{s2:36→1, s2:36→1, s2:36→1}"
39	136	41	266	1	0	1	0	0	0	0	0	"{s1:39→1 / s2:1→1, 2→2, s1:39→1 / s2:1→1, 2→3, s1:39→1 / s2:2→1, s1:39→1 / s2:2→1, 4→1, s1:39→1 / s2:2→3, s1:39→1 / s2:4→1}"	"{s2:36→1, s2:36→1, s2:36→1, s2:36→1, s2:36→1, s2:36→1}"
39	136	44	266	1	0	1	0	0	0	0	0	"s1:39→1"	"s2:36→1"
39	136	57	266	1	0	1	0	0	0	0	0	"s1:39→1 / s2:2→4"	"s2:36→1"
39	136	77	266	1	0	1	0	0	0	0	0	"s1:39→1 / s2:1→1, 2→1, 4→1"	"s2:36→1"
39	136	81	266	1	0	1	0	0	0	0	0	"s1:39→1 / s2:2→2, 4→1"	"s2:36→1"
39	136	83	266	1	0	1	0	0	0	0	0	"s1:39→1 / s2:1→2, 2→3"	"s2:36→1"
39	136	92	266	1	0	1	0	0	0	0	0	"s1:39→1 / s2:1→1, 2→4"	"s2:36→1"
39	136	109	266	1	0	1	0	0	0	0	0	"s1:39→1 / s2:1→1, 2→2, 4→1"	"s2:36→1"
39	136	114	266	1	0	1	0	0	0	0	0	"s1:39→1 / s2:2→3, 4→1"	"s2:36→1"
39	136	131	266	1	0	1	0	0	0	0	0	"s1:39→1 / s2:1→2, 2→2, 4→1"	"s2:36→1"
39	136	133	266	1	0	1	0	0	0	0	0	"s1:39→1 / s2:1→1, 2→3, 4→1"	"s2:36→1"
39	136	134	258	1	1	1	0	0	0	0	0	"s1:39→1 / s2:2→1 / s3:1→3"	"s3:36→1"
39	136	134	260	0	1	1	0	0	0	0	0	"s1:39→1 / s2:2→1"	""
39	136	136	258	1	1	1	0	0	0	0	0	"s1:39→1 / s2:2→1 / s3:4→1"	"s3:36→1"
39	136	138	266	1	0	1	0	0	0	0	0	"s1:39→1 / s2:2→4, 4→1"	"s2:36→1"
39	136	141	258	1	1	1	0	0	0	0	0	"s1:39→1 / s2:2→1 / s3:1→4"	"s3:36→1"
39	136	144	258	1	1	1	0	0	0	0	0	"s1:39→1 / s2:2→1 / s3:1→1, 4→1"	"s3:36→1"
39	136	154	258	1	1	1	0	0	0	0	0	"s1:39→1 / s2:2→1 / s3:1→2, 4→1"	"s3:36→1"
39	136	158	258	1	1	1	0	0	0	0	0	"s1:39→1 / s2:2→1 / s3:1→2"	"s3:36→1"
39	136	164	258	1	1	1	0	0	0	0	0	"s1:39→1 / s2:2→1 / s3:1→3, 4→1"	"s3:36→1"
39	136	171	258	1	1	1	0	0	0	0	0	"s1:39→1 / s2:2→1 / s3:1→4, 4→1"	"s3:36→1"
39	140	41	197	0	0	0	0	0	0	0	2	"s1:39→1 / s2:1→1"	""
39	141	63	266	0	1	0	0	0	0	1	0	"s1:1→1"	"s2:39→1"
39	141	118	267	0	1	0	0	0	0	1	0	"s1:1→1 / s2:38→1"	""
39	142	39	209	0	0	0	0	0	0	0	1	"s1:39→1"	""
39	142	39	246	0	0	0	0	1	0	1	0	"{s1:1→1 / s2:39→1, s1:39→1 / s2:1→1}"	""
39	142	39	247	0	0	0	0	0	2	0	0	"s1:39→1 / s2:1→1"	""
39	142	40	201	0	1	0	0	0	0	0	1	"s1:39→1 / s2:1→1"	""
39	142	40	219	0	0	0	0	0	1	1	0	"{s1:1→1 / s2:39→1, s1:39→1 / s2:1→1}"	""
39	142	41	181	0	0	1	0	0	0	0	1	"s1:39→1 / s2:1→1"	""
39	142	41	191	0	0	0	0	0	0	2	0	"s1:39→1 / s2:1→1"	""
39	142	42	157	0	0	0	1	0	0	0	1	"s1:39→1 / s2:1→1"	""
39	142	43	131	0	0	0	0	1	0	0	1	"s1:39→1 / s2:1→1"	""
39	142	43	200	1	1	0	0	0	0	0	1	"{s1:39→1 / s2:1→1 / s3:1→1, 5→1, s1:39→1 / s2:1→1 / s3:1→2, 5→1, s1:39→1 / s2:1→1 / s3:1→3, 5→1, s1:39→1 / s2:1→1 / s3:1→4, 5→1, s1:39→1 / s2:1→1 / s3:5→1}"	"{s3:41→1, s3:41→1, s3:41→1, s3:41→1, s3:41→1}"
39	142	44	104	0	0	0	0	0	1	0	1	"s1:39→1 / s2:1→1"	""
39	142	44	192	1	2	0	0	0	0	0	1	"{s1:39→1 / s2:1→1 / s3:1→1 / s4:1→1, 5→1, s1:39→1 / s2:1→1 / s3:1→1 / s4:1→2, 5→1, s1:39→1 / s2:1→1 / s3:1→1 / s4:1→3, 5→1, s1:39→1 / s2:1→1 / s3:1→1 / s4:1→4, 5→1}"	"{s4:42→1, s4:42→1, s4:42→1, s4:42→1}"
39	142	44	193	0	2	0	0	0	0	0	1	"s1:39→1 / s2:1→1 / s3:1→1"	""
39	142	45	76	0	0	0	0	0	0	1	1	"s1:39→1 / s2:1→1"	""
39	142	45	173	0	1	1	0	0	0	0	1	"s1:39→1 / s2:1→1 / s3:1→1"	""
39	142	45	198	2	1	0	0	0	0	0	1	"s1:39→1 / s2:1→1 / s3:1→1 / s4:1→4, 5→1"	"s3:41→1 / s4:41→1"
39	142	45	200	1	1	0	0	0	0	0	1	"{s1:39→1 / s2:1→1 / s3:1→1, s1:39→1 / s2:1→2 / s3:1→4, 5→1}"	"{s3:41→1, s3:41→1}"
39	142	45	201	0	1	0	0	0	0	0	1	"s1:39→1 / s2:1→2"	""
39	142	46	181	0	0	1	0	0	0	0	1	"s1:39→1 / s2:1→2"	""
39	142	46	185	0	3	0	0	0	0	0	1	"s1:39→1 / s2:1→1 / s3:1→1 / s4:1→1"	""
39	142	46	192	1	2	0	0	0	0	0	1	"{s1:39→1 / s2:1→1 / s3:1→1 / s4:1→1, s1:39→1 / s2:1→1 / s3:1→1 / s4:1→2, s1:39→1 / s2:1→1 / s3:1→2 / s4:1→1}"	"{s4:42→1, s4:42→1, s4:41→1}"
39	142	46	193	0	2	0	0	0	0	0	1	"{s1:39→1 / s2:1→1 / s3:1→2, s1:39→1 / s2:1→1 / s3:1→3, s1:39→1 / s2:1→2 / s3:1→2}"	""
39	142	46	198	2	1	0	0	0	0	0	1	"{s1:39→1 / s2:1→1 / s3:1→1 / s4:1→1, s1:39→1 / s2:1→1 / s3:1→1 / s4:1→2}"	"{s3:41→1 / s4:41→1, s3:41→1 / s4:41→1}"
39	142	46	200	1	1	0	0	0	0	0	1	"{s1:39→1 / s2:1→1 / s3:1→2, s1:39→1 / s2:1→1 / s3:1→3, s1:39→1 / s2:1→1 / s3:1→4, s1:39→1 / s2:1→1 / s3:1→5, s1:39→1 / s2:1→2 / s3:1→1, s1:39→1 / s2:1→2 / s3:1→2, s1:39→1 / s2:1→2 / s3:1→3, s1:39→1 / s2:1→2 / s3:1→3, 5→1, s1:39→1 / s2:1→3 / s3:1→1}"	"{s3:41→1, s3:41→1, s3:41→1, s3:41→1, s3:41→1, s3:41→1, s3:41→1, s3:41→1, s3:41→1}"
39	142	46	201	0	1	0	0	0	0	0	1	"{s1:39→1 / s2:1→3, s1:39→1 / s2:1→4, s1:39→1 / s2:1→5}"	""
39	142	47	192	1	2	0	0	0	0	0	1	"{s1:39→1 / s2:1→1 / s3:1→1 / s4:1→3, s1:39→1 / s2:1→1 / s3:1→1 / s4:1→4, s1:39→1 / s2:1→1 / s3:1→1 / s4:1→5}"	"{s4:42→1, s4:42→1, s4:42→1}"
39	142	47	193	0	2	0	0	0	0	0	1	"{s1:39→1 / s2:1→1 / s3:1→4, s1:39→1 / s2:1→1 / s3:1→5}"	""
39	142	47	198	2	1	0	0	0	0	0	1	"{s1:39→1 / s2:1→1 / s3:1→1 / s4:1→3, s1:39→1 / s2:1→1 / s3:1→1 / s4:1→3, 5→1, s1:39→1 / s2:1→1 / s3:1→1 / s4:1→4, s1:39→1 / s2:1→1 / s3:1→1 / s4:1→5, s1:39→1 / s2:1→1 / s3:1→2 / s4:1→2, s1:39→1 / s2:1→1 / s3:1→2 / s4:1→3, s1:39→1 / s2:1→1 / s3:1→2 / s4:1→4}"	"{s3:41→1 / s4:41→1, s3:41→1 / s4:41→1, s3:41→1 / s4:41→1, s3:41→1 / s4:41→1, s3:41→1 / s4:41→1, s3:41→1 / s4:41→1, s3:41→1 / s4:41→1}"
39	142	47	200	1	1	0	0	0	0	0	1	"{s1:39→1 / s2:1→2 / s3:1→4, s1:39→1 / s2:1→2 / s3:1→5}"	"{s3:41→1, s3:41→1}"
39	142	54	272	0	0	0	1	0	0	1	0	"s1:1→1 / s2:39→1"	""
39	142	70	200	1	1	0	0	0	0	0	1	"s1:39→1 / s2:1→2 / s3:1→2, 5→1"	"s3:41→1"
39	142	90	272	0	0	0	1	0	0	1	0	"s1:39→1 / s2:1→1"	""
39	142	96	198	2	1	0	0	0	0	0	1	"s1:39→1 / s2:1→1 / s3:1→1 / s4:1→2, 5→1"	"s3:41→1 / s4:41→1"
39	142	118	238	0	1	0	0	1	0	1	0	"s1:1→1 / s2:39→1 / s3:39→1"	""
39	142	118	268	0	0	2	0	0	0	1	0	"s1:1→1 / s2:39→1 / s3:39→1"	""
39	142	119	264	0	1	0	1	0	0	1	0	"s1:1→1 / s2:39→1 / s3:39→1"	""
39	142	184	266	0	1	0	0	1	1	0	0	"s1:1→1 / s2:39→1 / s3:39→1"	""
39	143	39	244	0	0	0	1	0	0	1	0	"s1:1→1 / s2:39→1"	""
39	143	39	246	0	0	0	0	1	1	0	0	"s1:1→1 / s2:39→1"	""
39	143	40	218	0	0	0	0	1	0	1	0	"s1:1→1 / s2:39→1"	""
39	143	40	219	0	0	0	0	0	2	0	0	"s1:39→1 / s2:1→1"	""
39	143	41	191	0	0	0	0	0	1	1	0	"s1:1→1 / s2:39→1"	""
39	143	42	163	0	0	0	0	0	0	2	0	"s1:39→1 / s2:1→1"	""
39	143	55	268	0	0	1	0	0	0	1	0	"s1:1→1 / s2:39→1"	""
39	143	81	272	0	0	0	1	0	1	0	0	"s1:1→1 / s2:39→1"	""
39	143	100	273	0	0	0	0	2	0	0	0	"s1:39→1 / s2:1→1"	""
39	143	110	260	0	1	1	0	0	0	1	0	"s1:1→1 / s2:39→1 / s3:39→1"	""
39	143	118	268	0	0	1	0	0	0	1	0	"s1:1→1 / s2:39→2"	""
39	143	118	272	0	3	0	0	0	0	1	0	"s1:1→1 / s2:39→1 / s3:39→1 / s4:39→1"	""
39	145	39	245	0	0	0	0	2	0	0	0	"s1:39→1 / s2:1→1"	""
39	145	92	271	0	0	0	1	1	0	0	0	"s1:1→1 / s2:39→1"	""
39	147	39	184	0	0	0	0	0	0	0	1	"s1:39→1"	""
39	147	41	176	0	1	0	0	0	0	0	1	"s1:39→1 / s2:1→1"	""
39	147	42	156	0	0	1	0	0	0	0	1	"s1:39→1 / s2:1→1"	""
39	147	44	160	0	3	0	0	0	0	0	1	"s1:39→1 / s2:3→1 / s3:1→1 / s4:1→1"	""
39	147	44	168	0	2	0	0	0	0	0	1	"{s1:39→1 / s2:1→1 / s3:1→1, s1:39→1 / s2:1→1 / s3:1→1, 3→1, s1:39→1 / s2:3→1 / s3:1→1}"	""
39	147	44	173	2	1	0	0	0	0	0	1	"s1:39→1 / s2:1→1 / s3:3→1 / s4:3→1"	"s3:41→1 / s4:41→1"
39	147	44	175	1	1	0	0	0	0	0	1	"{s1:39→1 / s2:1→1 / s3:1→1, 3→1, s1:39→1 / s2:1→1 / s3:1→1, 3→2, s1:39→1 / s2:1→1 / s3:1→1, 3→3, s1:39→1 / s2:1→1 / s3:1→1, 3→4, s1:39→1 / s2:1→1 / s3:3→1, s1:39→1 / s2:1→1 / s3:3→2, s1:39→1 / s2:1→1 / s3:3→3, s1:39→1 / s2:1→1 / s3:3→4}"	"{s3:41→1, s3:41→1, s3:41→1, s3:41→1, s3:41→1, s3:41→1, s3:41→1, s3:41→1}"
39	147	44	176	0	1	0	0	0	0	0	1	"{s1:39→1 / s2:1→1, 3→1, s1:39→1 / s2:1→2, 3→1, s1:39→1 / s2:1→3, 3→1, s1:39→1 / s2:3→1}"	""
39	147	45	148	0	1	1	0	0	0	0	1	"s1:39→1 / s2:1→1 / s3:3→1"	""
39	147	45	175	1	1	0	0	0	0	0	1	"s1:39→1 / s2:1→1 / s3:1→1"	"s3:41→1"
39	147	45	176	0	1	0	0	0	0	0	1	"{s1:39→1 / s2:1→2, s1:39→1 / s2:1→3}"	""
39	147	87	271	0	0	1	0	0	0	1	0	"s1:39→1 / s2:1→1"	""
39	147	184	263	0	1	1	0	0	0	1	0	"s1:39→1 / s2:1→1 / s3:3→1"	""
39	148	39	243	0	0	1	0	0	0	1	0	"s1:39→1 / s2:1→1"	""
39	148	39	271	0	0	0	0	0	0	1	0	"s1:39→1"	""
39	148	54	262	1	1	0	0	0	0	1	0	"s1:39→1 / s2:1→1 / s3:1→1, 3→3, 35→1"	"s3:41→1"
39	148	54	263	0	1	0	0	0	0	1	0	"s1:39→1 / s2:1→1"	""
39	148	55	262	1	1	0	0	0	0	1	0	"s1:39→1 / s2:1→1 / s3:3→4, 35→1"	"s3:41→1"
39	148	57	262	1	1	0	0	0	0	1	0	"s1:39→1 / s2:1→1 / s3:3→3, 35→1"	"s3:41→1"
39	148	63	262	1	1	0	0	0	0	1	0	"s1:39→1 / s2:1→1 / s3:1→1, 3→2, 35→1"	"s3:41→1"
39	148	79	271	0	0	1	0	0	1	0	0	"s1:39→1 / s2:1→1"	""
39	148	87	262	1	1	0	0	0	0	1	0	"s1:39→1 / s2:1→1 / s3:3→2, 35→1"	"s3:41→1"
39	148	95	263	0	1	0	0	0	0	1	0	"s1:39→1 / s2:3→1"	""
39	148	96	235	0	1	1	0	0	0	1	0	"s1:39→1 / s2:1→1 / s3:3→1"	""
39	148	96	255	0	2	0	0	0	0	1	0	"s1:39→1 / s2:3→1 / s3:1→1"	""
39	148	98	255	0	2	0	0	0	0	1	0	"s1:39→1 / s2:1→1 / s3:1→1"	""
39	148	99	247	0	3	0	0	0	0	1	0	"s1:39→1 / s2:3→1 / s3:1→1 / s4:1→1"	""
39	148	99	262	1	1	0	0	0	0	1	0	"s1:39→1 / s2:1→1 / s3:3→1"	"s3:41→1"
39	148	99	263	0	1	0	0	0	0	1	0	"s1:39→1 / s2:1→1, 3→1"	""
39	148	100	262	1	1	0	0	0	0	1	0	"s1:39→1 / s2:1→1 / s3:3→2"	"s3:41→1"
39	148	101	255	0	2	0	0	0	0	1	0	"s1:39→1 / s2:1→1 / s3:1→1, 3→1"	""
39	148	101	260	2	1	0	0	0	0	1	0	"s1:39→1 / s2:1→1 / s3:3→1 / s4:3→1"	"s3:41→1 / s4:41→1"
39	148	101	262	1	1	0	0	0	0	1	0	"{s1:39→1 / s2:1→1 / s3:1→1, 3→3, s1:39→1 / s2:1→1 / s3:1→1, 3→4, s1:39→1 / s2:1→1 / s3:3→3, s1:39→1 / s2:1→1 / s3:3→4}"	"{s3:41→1, s3:41→1, s3:41→1, s3:41→1}"
39	148	102	262	1	1	0	0	0	0	1	0	"{s1:39→1 / s2:1→1 / s3:1→1, 3→1, s1:39→1 / s2:1→1 / s3:1→1, 3→2}"	"{s3:41→1, s3:41→1}"
39	148	102	263	0	1	0	0	0	0	1	0	"s1:39→1 / s2:1→2, 3→1"	""
39	148	105	263	0	1	0	0	0	0	1	0	"s1:39→1 / s2:1→3, 3→1"	""
39	148	109	263	0	1	0	0	0	0	1	0	"s1:39→1 / s2:1→2"	""
39	148	110	262	1	1	0	0	0	0	1	0	"s1:39→1 / s2:1→1 / s3:1→1"	"s3:41→1"
39	148	114	263	0	1	0	0	0	0	1	0	"s1:39→1 / s2:1→3"	""
39	148	129	262	1	1	0	0	0	0	1	0	"s1:39→1 / s2:1→1 / s3:1→1, 3→1, 35→1"	"s3:41→1"
39	148	167	263	0	1	1	0	0	1	0	0	"s1:39→1 / s2:1→1 / s3:3→1"	""
39	150	39	268	0	0	1	0	0	0	0	0	"s1:1→1"	""
39	150	40	266	1	0	1	0	0	0	0	0	"{s1:1→1 / s2:38→1, s1:1→1 / s2:38→2}"	"{s2:4→1, s2:4→1}"
39	150	41	266	1	0	1	0	0	0	0	0	"s1:1→1 / s2:36→1"	"s2:4→1"
39	150	44	266	1	0	1	0	0	0	0	0	"s1:1→1"	"s2:4→1"
39	150	76	266	1	0	1	0	0	0	0	0	"s1:1→1 / s2:36→1, 38→1"	"s2:4→1"
39	150	117	266	1	0	1	0	0	0	0	0	"s1:1→1 / s2:38→3"	"s2:4→1"
39	150	131	259	0	1	1	0	0	0	0	0	"s1:1→1"	"s2:39→1"
39	150	131	266	1	0	1	0	0	0	0	0	"s1:1→1 / s2:36→1, 38→2"	"s2:4→1"
39	150	133	257	1	1	1	0	0	0	0	0	"s1:1→1 / s3:36→1"	"s2:39→1 / s3:4→1"
39	150	135	257	1	1	1	0	0	0	0	0	"s1:1→1 / s3:38→1"	"s2:39→1 / s3:4→1"
39	150	156	266	1	0	1	0	0	0	0	0	"s1:1→1 / s2:38→4"	"s2:4→1"
39	150	157	257	1	1	1	0	0	0	0	0	"s1:1→1 / s3:36→1, 38→1"	"s2:39→1 / s3:4→1"
39	150	159	266	1	0	1	0	0	0	0	0	"s1:1→1 / s2:36→1, 38→3"	"s2:4→1"
39	150	177	266	1	0	1	0	0	0	0	0	"s1:1→1 / s2:36→1, 38→4"	"s2:4→1"
