"T"	"index"	"Tmin"	"Delta"	"n2"	"n3"	"n4"	"n5"	"n6"	"n7"	"n8"	"n12"	"OnMinus1"	"OnIsland"
47	1	48	206	0	0	0	0	0	0	1	0	"""s1:1→1, 47→0"""	""""""
47	1	50	206	0	0	0	0	0	0	1	0	"""s1:1→1, 47→1"""	""""""
47	1	54	73	0	0	0	0	0	0	2	0	"""s1:1→0, 47→1 / s2:1→1"""	""""""
47	1	48	234	0	0	0	0	0	1	0	0	"""s1:1→1, 47→0"""	""""""
47	1	48	234	0	0	0	0	0	1	0	0	"""s1:1→1, 47→1"""	""""""
47	1	53	101	0	0	0	0	0	1	1	0	"""s1:1→1, 47→0 / s2:47→1"""	""""""
47	1	51	129	0	0	0	0	0	2	0	0	"""s1:1→0, 47→1 / s2:1→1"""	""""""
47	1	48	261	0	0	0	0	1	0	0	0	"""s1:1→1, 47→0"""	""""""
47	1	48	261	0	0	0	0	1	0	0	0	"""s1:1→1, 47→1"""	""""""
47	1	52	128	0	0	0	0	1	0	1	0	"""s1:1→1, 47→0 / s2:47→1"""	""""""
47	1	51	128	0	0	0	0	1	0	1	0	"""s1:1→0, 47→1 / s2:1→1"""	""""""
47	1	51	156	0	0	0	0	1	1	0	0	"""s1:1→1, 47→0 / s2:47→1"""	""""""
47	1	50	183	0	0	0	0	2	0	0	0	"""s1:1→0, 47→1 / s2:1→1"""	""""""
47	1	51	154	0	0	0	1	0	0	1	0	"""s1:1→1, 47→0 / s2:47→1"""	""""""
47	1	50	154	0	0	0	1	0	0	1	0	"""s1:1→0, 47→1 / s2:1→1"""	""""""
47	1	49	182	0	0	0	1	0	1	0	0	"""s1:1→1, 47→0 / s2:47→1"""	""""""
47	1	49	209	0	0	0	1	1	0	0	0	"""s1:1→1, 47→0 / s2:47→1"""	""""""
47	1	51	235	0	0	0	2	0	0	0	0	"""s1:1→0, 47→1 / s2:1→1"""	""""""
47	1	50	178	0	0	1	0	0	0	1	0	"""s1:1→1, 47→0 / s2:47→1"""	""""""
47	1	49	206	0	0	1	0	0	1	0	0	"""s1:1→1, 47→0 / s2:47→1"""	""""""
47	1	51	233	0	0	1	0	1	0	0	0	"""s1:1→1, 47→0 / s2:47→1"""	""""""
47	1	50	233	0	0	1	0	1	0	0	0	"""s1:1→0, 47→1 / s2:1→1"""	""""""
47	1	49	198	0	1	0	0	0	0	1	0	"""s1:1→1, 47→0 / s2:47→1"""	""""""
47	1	51	226	0	1	0	0	0	1	0	0	"""s1:1→1, 47→0 / s2:47→1"""	""""""
47	1	52	226	0	1	0	0	0	1	0	0	"""s1:1→0, 47→1 / s2:1→1"""	""""""
47	2	48	92	0	0	0	0	0	0	0	1	"""s1:47→1"""	""""""
47	2	48	207	0	0	0	0	0	0	1	0	"""s1:47→1"""	""""""
47	2	48	235	0	0	0	0	0	1	0	0	"""s1:47→1"""	""""""
47	2	48	262	0	0	0	0	1	0	0	0	"""s1:1→1, 47→0"""	""""""
47	2	48	262	0	0	0	0	1	0	0	0	"""s1:1→0, 47→1"""	""""""
47	2	48	262	0	0	0	0	1	0	0	0	"""s1:1→1, 47→1"""	""""""
47	2	56	14	0	0	0	0	1	0	0	1	"""s1:47→1 / s2:1→1"""	""""""
47	2	51	129	0	0	0	0	1	0	1	0	"""s1:47→1 / s2:1→1"""	""""""
47	2	50	157	0	0	0	0	1	1	0	0	"""s1:47→1 / s2:1→1"""	""""""
47	2	50	184	0	0	0	0	2	0	0	0	"""s1:1→0, 47→1 / s2:1→1"""	""""""
47	2	55	40	0	0	0	1	0	0	0	1	"""s1:47→1 / s2:1→1"""	""""""
47	2	51	155	0	0	0	1	0	0	1	0	"""s1:47→1 / s2:1→1"""	""""""
47	2	49	183	0	0	0	1	0	1	0	0	"""s1:47→1 / s2:1→1"""	""""""
47	2	49	210	0	0	0	1	1	0	0	0	"""s1:1→1, 47→0 / s2:47→1"""	""""""
47	2	49	210	0	0	0	1	1	0	0	0	"""s1:1→0, 47→1 / s2:1→1"""	""""""
47	2	49	236	0	0	0	2	0	0	0	0	"""s1:1→0, 47→1 / s2:1→1"""	""""""
47	2	54	64	0	0	1	0	0	0	0	1	"""s1:47→1 / s2:1→1"""	""""""
47	2	50	179	0	0	1	0	0	0	1	0	"""s1:47→1 / s2:1→1"""	""""""
47	2	49	207	0	0	1	0	0	1	0	0	"""s1:47→1 / s2:1→1"""	""""""
47	2	49	234	0	0	1	0	1	0	0	0	"""s1:1→1, 47→0 / s2:47→1"""	""""""
47	2	49	234	0	0	1	0	1	0	0	0	"""s1:1→0, 47→1 / s2:1→1"""	""""""
47	2	53	84	0	1	0	0	0	0	0	1	"""s1:47→1 / s2:1→1"""	""""""
47	2	55	84	0	1	0	0	0	0	0	1	"""s1:47→1 / s2:1→2"""	""""""
47	2	56	84	0	1	0	0	0	0	0	1	"""s1:47→1 / s2:1→3"""	""""""
47	2	56	84	0	1	0	0	0	0	0	1	"""s1:47→1 / s2:1→4"""	""""""
47	2	56	84	0	1	0	0	0	0	0	1	"""s1:47→1 / s2:1→5"""	""""""
47	2	49	199	0	1	0	0	0	0	1	0	"""s1:47→1 / s2:1→1"""	""""""
47	2	49	227	0	1	0	0	0	1	0	0	"""s1:47→1 / s2:1→1"""	""""""
47	2	56	254	0	1	0	0	1	0	0	0	"""s1:1→0, 47→1 / s2:1→0, 47→1"""	""""""
47	2	50	254	0	1	0	0	1	0	0	0	"""s1:1→0, 47→1 / s2:1→1, 47→1"""	""""""
47	2	50	254	0	1	0	0	1	0	0	0	"""s1:1→1, 47→1 / s2:47→1"""	""""""
47	2	49	254	0	1	0	0	1	0	0	0	"""s1:1→0, 47→1 / s2:1→2, 47→1"""	""""""
47	2	49	254	0	1	0	0	1	0	0	0	"""s1:1→0, 47→1 / s2:1→3, 47→1"""	""""""
47	2	56	56	0	1	1	0	0	0	0	1	"""s1:47→1 / s2:1→1 / s3:1→1"""	""""""
47	2	55	76	0	2	0	0	0	0	0	1	"""s1:47→1 / s2:1→1 / s3:1→1"""	""""""
47	2	56	76	0	2	0	0	0	0	0	1	"""s1:47→1 / s2:1→1 / s3:1→2"""	""""""
47	2	56	76	0	2	0	0	0	0	0	1	"""s1:47→1 / s2:1→1 / s3:1→3"""	""""""
47	2	56	68	0	3	0	0	0	0	0	1	"""s1:47→1 / s2:1→1 / s3:1→1 / s4:1→1"""	""""""
47	2	52	91	1	0	0	0	0	0	0	1	"""s1:47→1 / s2:1→0"""	"""s2:2→1"""
47	2	54	91	1	0	0	0	0	0	0	1	"""s1:47→1 / s2:1→1"""	"""s2:2→1"""
47	2	54	91	1	0	0	0	0	0	0	1	"""s1:47→1 / s2:1→2"""	"""s2:2→1"""
47	2	55	91	1	0	0	0	0	0	0	1	"""s1:47→1 / s2:1→3"""	"""s2:2→1"""
47	2	55	91	1	0	0	0	0	0	0	1	"""s1:47→1 / s2:1→4"""	"""s2:2→1"""
47	2	55	91	1	0	0	0	0	0	0	1	"""s1:47→1 / s2:1→5"""	"""s2:2→1"""
47	2	49	206	1	0	0	0	0	0	1	0	"""s1:47→1 / s2:1→0, 47→0"""	"""s2:2→1"""
47	2	52	206	1	0	0	0	0	0	1	0	"""s1:47→1 / s2:1→0, 47→1"""	"""s2:2→1"""
47	2	51	206	1	0	0	0	0	0	1	0	"""s1:47→1 / s2:1→1, 47→1"""	"""s2:2→1"""
47	2	50	206	1	0	0	0	0	0	1	0	"""s1:47→1 / s2:1→2, 47→1"""	"""s2:2→1"""
47	2	50	206	1	0	0	0	0	0	1	0	"""s1:47→1 / s2:1→3, 47→1"""	"""s2:2→1"""
47	2	50	206	1	0	0	0	0	0	1	0	"""s1:47→1 / s2:1→4, 47→1"""	"""s2:2→1"""
47	2	50	234	1	0	0	0	0	1	0	0	"""s1:47→1 / s2:1→0, 47→0"""	"""s2:2→1"""
47	2	50	234	1	0	0	0	0	1	0	0	"""s1:47→1 / s2:1→1, 47→1"""	"""s2:2→1"""
47	2	51	234	1	0	0	0	0	1	0	0	"""s1:47→1 / s2:1→0, 47→1"""	"""s2:2→1"""
47	2	49	234	1	0	0	0	0	1	0	0	"""s1:47→1 / s2:1→2, 47→1"""	"""s2:2→1"""
47	2	49	234	1	0	0	0	0	1	0	0	"""s1:47→1 / s2:1→3, 47→1"""	"""s2:2→1"""
47	2	49	234	1	0	0	0	0	1	0	0	"""s1:47→1 / s2:1→4, 47→1"""	"""s2:2→1"""
47	2	50	261	1	0	0	0	1	0	0	0	"""s1:1→0, 47→1 / s2:1→0, 47→1"""	"""s2:2→1"""
47	2	50	261	1	0	0	0	1	0	0	0	"""s1:1→0, 47→1 / s2:1→1, 47→2"""	"""s2:2→1"""
47	2	50	261	1	0	0	0	1	0	0	0	"""s1:1→0, 47→1 / s2:1→2, 47→3"""	"""s2:2→1"""
47	2	52	261	1	0	0	0	1	0	0	0	"""s1:1→0, 47→1 / s2:1→0, 47→2"""	"""s2:2→1"""
47	2	52	261	1	0	0	0	1	0	0	0	"""s1:1→0, 47→1 / s2:1→1, 47→4"""	"""s2:2→1"""
47	2	49	261	1	0	0	0	1	0	0	0	"""s1:1→0, 47→1 / s2:1→1, 47→1"""	"""s2:2→1"""
47	2	49	261	1	0	0	0	1	0	0	0	"""s1:1→0, 47→1 / s2:1→2, 47→1"""	"""s2:2→1"""
47	2	49	261	1	0	0	0	1	0	0	0	"""s1:1→0, 47→1 / s2:1→2, 47→2"""	"""s2:2→1"""
47	2	49	261	1	0	0	0	1	0	0	0	"""s1:1→0, 47→1 / s2:1→3, 47→2"""	"""s2:2→1"""
47	2	53	261	1	0	0	0	1	0	0	0	"""s1:1→0, 47→1 / s2:1→0, 47→3"""	"""s2:2→1"""
47	2	54	261	1	0	0	0	1	0	0	0	"""s1:1→0, 47→1 / s2:1→0, 47→4"""	"""s2:2→1"""
47	2	51	261	1	0	0	0	1	0	0	0	"""s1:1→0, 47→1 / s2:1→1, 47→3"""	"""s2:2→1"""
47	2	56	39	1	0	0	1	0	0	0	1	"""s1:47→1 / s2:1→1 / s3:∅"""	"""s3:2→1"""
47	2	56	154	1	0	0	1	0	0	1	0	"""s1:47→1 / s2:1→1 / s3:47→0"""	"""s3:2→1"""
47	2	52	154	1	0	0	1	0	0	1	0	"""s1:47→1 / s2:1→1 / s3:47→1"""	"""s3:2→1"""
47	2	51	182	1	0	0	1	0	1	0	0	"""s1:47→1 / s2:1→1 / s3:47→1"""	"""s3:2→1"""
47	2	50	209	1	0	0	1	1	0	0	0	"""s1:1→0, 47→1 / s2:1→1 / s3:47→1"""	"""s3:2→1"""
47	2	55	63	1	0	1	0	0	0	0	1	"""s1:47→1 / s2:1→1 / s3:1→0"""	"""s3:2→1"""
47	2	55	63	1	0	1	0	0	0	0	1	"""s1:47→1 / s2:1→1 / s3:1→1"""	"""s3:2→1"""
47	2	57	178	1	0	1	0	0	0	1	0	"""s1:47→1 / s2:1→1 / s3:1→0, 47→0"""	"""s3:2→1"""
47	2	81	178	1	0	1	0	0	0	1	0	"""s1:47→1 / s2:1→1 / s3:1→0, 47→1"""	"""s3:2→1"""
47	2	51	178	1	0	1	0	0	0	1	0	"""s1:47→1 / s2:1→1 / s3:1→1, 47→1"""	"""s3:2→1"""
47	2	50	206	1	0	1	0	0	1	0	0	"""s1:47→1 / s2:1→1 / s3:1→1, 47→1"""	"""s3:2→1"""
47	2	55	83	1	1	0	0	0	0	0	1	"""s1:47→1 / s2:1→1 / s3:1→1"""	"""s3:49→1"""
47	2	55	83	1	1	0	0	0	0	0	1	"""s1:47→1 / s2:1→1 / s3:1→2"""	"""s3:2→1"""
47	2	55	83	1	1	0	0	0	0	0	1	"""s1:47→1 / s2:1→1 / s3:1→3"""	"""s3:2→1"""
47	2	55	83	1	1	0	0	0	0	0	1	"""s1:47→1 / s2:1→1 / s3:1→4"""	"""s3:2→1"""
47	2	55	83	1	1	0	0	0	0	0	1	"""s1:47→1 / s2:1→1 / s3:1→5"""	"""s3:2→1"""
47	2	55	83	1	1	0	0	0	0	0	1	"""s1:47→1 / s2:1→2 / s3:1→0"""	"""s3:2→1"""
47	2	55	83	1	1	0	0	0	0	0	1	"""s1:47→1 / s2:1→2 / s3:1→1"""	"""s3:2→1"""
47	2	55	83	1	1	0	0	0	0	0	1	"""s1:47→1 / s2:1→2 / s3:1→2"""	"""s3:2→1"""
47	2	55	83	1	1	0	0	0	0	0	1	"""s1:47→1 / s2:1→2 / s3:1→3"""	"""s3:2→1"""
47	2	55	83	1	1	0	0	0	0	0	1	"""s1:47→1 / s2:1→2 / s3:1→4"""	"""s3:2→1"""
47	2	56	83	1	1	0	0	0	0	0	1	"""s1:47→1 / s2:1→1 / s3:1→2"""	"""s3:49→1"""
47	2	56	83	1	1	0	0	0	0	0	1	"""s1:47→1 / s2:1→1 / s3:1→3"""	"""s3:49→1"""
47	2	56	83	1	1	0	0	0	0	0	1	"""s1:47→1 / s2:1→1 / s3:1→4"""	"""s3:49→1"""
47	2	56	83	1	1	0	0	0	0	0	1	"""s1:47→1 / s2:1→1 / s3:1→5"""	"""s3:49→1"""
47	2	56	83	1	1	0	0	0	0	0	1	"""s1:47→1 / s2:1→2 / s3:1→1"""	"""s3:49→1"""
47	2	56	83	1	1	0	0	0	0	0	1	"""s1:47→1 / s2:1→3 / s3:1→0"""	"""s3:2→1"""
47	2	56	83	1	1	0	0	0	0	0	1	"""s1:47→1 / s2:1→3 / s3:1→1"""	"""s3:2→1"""
47	2	54	83	1	1	0	0	0	0	0	1	"""s1:47→1 / s2:1→1 / s3:1→0"""	"""s3:2→1"""
47	2	54	83	1	1	0	0	0	0	0	1	"""s1:47→1 / s2:1→1 / s3:1→1"""	"""s3:2→1"""
47	2	57	83	1	1	0	0	0	0	0	1	"""s1:47→1 / s2:1→4 / s3:1→0"""	"""s3:2→1"""
47	2	57	83	1	1	0	0	0	0	0	1	"""s1:47→1 / s2:1→5 / s3:1→0"""	"""s3:2→1"""
47	2	50	198	1	1	0	0	0	0	1	0	"""s1:47→1 / s2:1→1 / s3:1→2, 47→1"""	"""s3:49→1"""
47	2	50	198	1	1	0	0	0	0	1	0	"""s1:47→1 / s2:1→1 / s3:1→2, 47→1"""	"""s3:2→1"""
47	2	51	198	1	1	0	0	0	0	1	0	"""s1:47→1 / s2:1→1 / s3:1→3, 47→1"""	"""s3:49→1"""
47	2	51	198	1	1	0	0	0	0	1	0	"""s1:47→1 / s2:1→1 / s3:1→4, 47→1"""	"""s3:49→1"""
47	2	51	198	1	1	0	0	0	0	1	0	"""s1:47→1 / s2:1→1 / s3:1→3, 47→1"""	"""s3:2→1"""
47	2	52	198	1	1	0	0	0	0	1	0	"""s1:47→1 / s2:1→1 / s3:1→1, 47→1"""	"""s3:2→1"""
47	2	52	198	1	1	0	0	0	0	1	0	"""s1:47→1 / s2:1→1 / s3:1→4, 47→1"""	"""s3:2→1"""
47	2	50	226	1	1	0	0	0	1	0	0	"""s1:47→1 / s2:1→1 / s3:1→2, 47→1"""	"""s3:49→1"""
47	2	56	75	1	2	0	0	0	0	0	1	"""s1:47→1 / s2:1→1 / s3:1→1 / s4:1→1"""	"""s4:50→1"""
47	2	56	75	1	2	0	0	0	0	0	1	"""s1:47→1 / s2:1→1 / s3:1→2 / s4:∅"""	"""s4:2→1"""
47	2	55	75	1	2	0	0	0	0	0	1	"""s1:47→1 / s2:1→1 / s3:1→1 / s4:1→0"""	"""s4:2→1"""
47	2	55	75	1	2	0	0	0	0	0	1	"""s1:47→1 / s2:1→1 / s3:1→1 / s4:1→1"""	"""s4:2→1"""
47	2	56	81	2	1	0	0	0	0	0	1	"""s1:47→1 / s2:1→1 / s3:1→1 / s4:1→1"""	"""s3:49→1 / s4:49→1"""
47	2	56	81	2	1	0	0	0	0	0	1	"""s1:47→1 / s2:1→1 / s3:1→1 / s4:1→2"""	"""s3:49→1 / s4:49→1"""
47	2	55	82	2	1	0	0	0	0	0	1	"""s1:47→1 / s2:1→1 / s3:1→1 / s4:1→1"""	"""s3:49→1 / s4:2→1"""
47	2	55	82	2	1	0	0	0	0	0	1	"""s1:47→1 / s2:1→1 / s3:1→0 / s4:1→1"""	"""s3:2→1 / s4:49→1"""
47	2	56	82	2	1	0	0	0	0	0	1	"""s1:47→1 / s2:1→1 / s3:1→0 / s4:1→2"""	"""s3:2→1 / s4:49→1"""
47	2	57	82	2	1	0	0	0	0	0	1	"""s1:47→1 / s2:1→1 / s3:1→0 / s4:1→3"""	"""s3:2→1 / s4:49→1"""
47	2	57	82	2	1	0	0	0	0	0	1	"""s1:47→1 / s2:1→1 / s3:1→0 / s4:1→4"""	"""s3:2→1 / s4:49→1"""
47	2	57	82	2	1	0	0	0	0	0	1	"""s1:47→1 / s2:1→1 / s3:1→0 / s4:1→5"""	"""s3:2→1 / s4:49→1"""
47	3	48	91	0	0	0	0	0	0	0	1	"""s1:47→1"""	""""""
47	3	48	206	0	0	0	0	0	0	1	0	"""s1:1→1, 47→0"""	""""""
47	3	48	206	0	0	0	0	0	0	1	0	"""s1:1→0, 47→1"""	""""""
47	3	49	206	0	0	0	0	0	0	1	0	"""s1:1→1, 47→1"""	""""""
47	3	58	-42	0	0	0	0	0	0	1	1	"""s1:47→1 / s2:1→1"""	""""""
47	3	53	73	0	0	0	0	0	0	2	0	"""s1:1→0, 47→1 / s2:1→1"""	""""""
47	3	48	234	0	0	0	0	0	1	0	0	"""s1:1→1, 47→0"""	""""""
47	3	48	234	0	0	0	0	0	1	0	0	"""s1:1→0, 47→1"""	""""""
47	3	48	234	0	0	0	0	0	1	0	0	"""s1:1→1, 47→1"""	""""""
47	3	57	-14	0	0	0	0	0	1	0	1	"""s1:47→1 / s2:1→1"""	""""""
47	3	53	101	0	0	0	0	0	1	1	0	"""s1:1→1, 47→0 / s2:47→1"""	""""""
47	3	52	101	0	0	0	0	0	1	1	0	"""s1:1→0, 47→1 / s2:1→1"""	""""""
47	3	51	129	0	0	0	0	0	2	0	0	"""s1:1→0, 47→1 / s2:1→1"""	""""""
47	3	48	261	0	0	0	0	1	0	0	0	"""s1:1→1, 47→0"""	""""""
47	3	48	261	0	0	0	0	1	0	0	0	"""s1:1→0, 47→1"""	""""""
47	3	48	261	0	0	0	0	1	0	0	0	"""s1:1→1, 47→1"""	""""""
47	3	56	13	0	0	0	0	1	0	0	1	"""s1:47→1 / s2:1→1"""	""""""
47	3	51	128	0	0	0	0	1	0	1	0	"""s1:1→1, 47→0 / s2:47→1"""	""""""
47	3	52	128	0	0	0	0	1	0	1	0	"""s1:1→0, 47→1 / s2:1→1"""	""""""
47	3	50	156	0	0	0	0	1	1	0	0	"""s1:1→1, 47→0 / s2:47→1"""	""""""
47	3	51	156	0	0	0	0	1	1	0	0	"""s1:1→0, 47→1 / s2:1→1"""	""""""
47	3	50	183	0	0	0	0	2	0	0	0	"""s1:1→0, 47→1 / s2:1→1"""	""""""
47	3	54	39	0	0	0	1	0	0	0	1	"""s1:47→1 / s2:1→1"""	""""""
47	3	51	154	0	0	0	1	0	0	1	0	"""s1:1→1, 47→0 / s2:47→1"""	""""""
47	3	51	154	0	0	0	1	0	0	1	0	"""s1:1→0, 47→1 / s2:1→1"""	""""""
47	3	50	182	0	0	0	1	0	1	0	0	"""s1:1→1, 47→0 / s2:47→1"""	""""""
47	3	49	182	0	0	0	1	0	1	0	0	"""s1:1→0, 47→1 / s2:1→1"""	""""""
47	3	49	209	0	0	0	1	1	0	0	0	"""s1:1→1, 47→0 / s2:47→1"""	""""""
47	3	49	209	0	0	0	1	1	0	0	0	"""s1:1→0, 47→1 / s2:1→1"""	""""""
47	3	54	235	0	0	0	2	0	0	0	0	"""s1:1→0, 47→1 / s2:1→1"""	""""""
47	3	53	63	0	0	1	0	0	0	0	1	"""s1:47→1 / s2:1→1"""	""""""
47	3	56	63	0	0	1	0	0	0	0	1	"""s1:47→1 / s2:1→2"""	""""""
47	3	50	178	0	0	1	0	0	0	1	0	"""s1:1→1, 47→0 / s2:47→1"""	""""""
47	3	50	178	0	0	1	0	0	0	1	0	"""s1:1→0, 47→1 / s2:1→1"""	""""""
47	3	49	206	0	0	1	0	0	1	0	0	"""s1:1→1, 47→0 / s2:47→1"""	""""""
47	3	49	206	0	0	1	0	0	1	0	0	"""s1:1→0, 47→1 / s2:1→1"""	""""""
47	3	49	233	0	0	1	0	1	0	0	0	"""s1:1→1, 47→0 / s2:47→1"""	""""""
47	3	49	233	0	0	1	0	1	0	0	0	"""s1:1→0, 47→1 / s2:1→1"""	""""""
47	3	52	83	0	1	0	0	0	0	0	1	"""s1:47→1 / s2:1→1"""	""""""
47	3	55	83	0	1	0	0	0	0	0	1	"""s1:47→1 / s2:1→2"""	""""""
47	3	56	83	0	1	0	0	0	0	0	1	"""s1:47→1 / s2:1→3"""	""""""
47	3	56	83	0	1	0	0	0	0	0	1	"""s1:47→1 / s2:1→4"""	""""""
47	3	56	83	0	1	0	0	0	0	0	1	"""s1:47→1 / s2:1→5"""	""""""
47	3	49	198	0	1	0	0	0	0	1	0	"""s1:1→1, 47→0 / s2:47→1"""	""""""
47	3	49	198	0	1	0	0	0	0	1	0	"""s1:1→0, 47→1 / s2:1→1"""	""""""
47	3	53	226	0	1	0	0	0	1	0	0	"""s1:1→1, 47→0 / s2:47→1"""	""""""
47	3	50	226	0	1	0	0	0	1	0	0	"""s1:1→0, 47→1 / s2:1→1"""	""""""
47	3	56	253	0	1	0	0	1	0	0	0	"""s1:1→0, 47→1 / s2:1→0, 47→1"""	""""""
47	3	50	253	0	1	0	0	1	0	0	0	"""s1:1→0, 47→1 / s2:1→1, 47→1"""	""""""
47	3	49	253	0	1	0	0	1	0	0	0	"""s1:1→0, 47→1 / s2:1→2, 47→1"""	""""""
47	3	49	253	0	1	0	0	1	0	0	0	"""s1:1→0, 47→1 / s2:1→3, 47→1"""	""""""
47	3	49	253	0	1	0	0	1	0	0	0	"""s1:1→1, 47→1 / s2:47→1"""	""""""
47	3	56	55	0	1	1	0	0	0	0	1	"""s1:47→1 / s2:1→1 / s3:1→1"""	""""""
47	3	55	75	0	2	0	0	0	0	0	1	"""s1:47→1 / s2:1→1 / s3:1→1"""	""""""
47	3	56	75	0	2	0	0	0	0	0	1	"""s1:47→1 / s2:1→1 / s3:1→2"""	""""""
47	3	56	75	0	2	0	0	0	0	0	1	"""s1:47→1 / s2:1→1 / s3:1→3"""	""""""
47	3	56	75	0	2	0	0	0	0	0	1	"""s1:47→1 / s2:1→1 / s3:1→4"""	""""""
47	3	56	75	0	2	0	0	0	0	0	1	"""s1:47→1 / s2:1→1 / s3:1→5"""	""""""
47	3	56	75	0	2	0	0	0	0	0	1	"""s1:47→1 / s2:1→2 / s3:1→2"""	""""""
47	3	56	67	0	3	0	0	0	0	0	1	"""s1:47→1 / s2:1→1 / s3:1→1 / s4:1→1"""	""""""
47	3	55	82	1	1	0	0	0	0	0	1	"""s1:47→1 / s2:1→1 / s3:1→1"""	"""s3:49→1"""
47	3	56	82	1	1	0	0	0	0	0	1	"""s1:47→1 / s2:1→1 / s3:1→2"""	"""s3:49→1"""
47	3	56	82	1	1	0	0	0	0	0	1	"""s1:47→1 / s2:1→1 / s3:1→3"""	"""s3:49→1"""
47	3	56	82	1	1	0	0	0	0	0	1	"""s1:47→1 / s2:1→1 / s3:1→4"""	"""s3:49→1"""
47	3	56	82	1	1	0	0	0	0	0	1	"""s1:47→1 / s2:1→1 / s3:1→5"""	"""s3:49→1"""
47	3	56	82	1	1	0	0	0	0	0	1	"""s1:47→1 / s2:1→2 / s3:1→1"""	"""s3:49→1"""
47	3	56	82	1	1	0	0	0	0	0	1	"""s1:47→1 / s2:1→2 / s3:1→2"""	"""s3:49→1"""
47	3	56	82	1	1	0	0	0	0	0	1	"""s1:47→1 / s2:1→2 / s3:1→3"""	"""s3:49→1"""
47	3	56	82	1	1	0	0	0	0	0	1	"""s1:47→1 / s2:1→2 / s3:1→4"""	"""s3:49→1"""
47	3	56	82	1	1	0	0	0	0	0	1	"""s1:47→1 / s2:1→2 / s3:1→5"""	"""s3:49→1"""
47	3	56	82	1	1	0	0	0	0	0	1	"""s1:47→1 / s2:1→3 / s3:1→1"""	"""s3:49→1"""
47	3	50	197	1	1	0	0	0	0	1	0	"""s1:1→0, 47→1 / s2:1→1 / s3:1→2, 47→1"""	"""s3:49→1"""
47	3	51	197	1	1	0	0	0	0	1	0	"""s1:1→0, 47→1 / s2:1→1 / s3:1→3, 47→1"""	"""s3:49→1"""
47	3	51	197	1	1	0	0	0	0	1	0	"""s1:1→0, 47→1 / s2:1→1 / s3:1→4, 47→1"""	"""s3:49→1"""
47	3	51	225	1	1	0	0	0	1	0	0	"""s1:1→0, 47→1 / s2:1→1 / s3:1→2, 47→1"""	"""s3:49→1"""
47	3	56	74	1	2	0	0	0	0	0	1	"""s1:47→1 / s2:1→1 / s3:1→1 / s4:1→1"""	"""s4:50→1"""
47	3	56	74	1	2	0	0	0	0	0	1	"""s1:47→1 / s2:1→1 / s3:1→1 / s4:1→2"""	"""s4:50→1"""
47	3	56	74	1	2	0	0	0	0	0	1	"""s1:47→1 / s2:1→1 / s3:1→1 / s4:1→3"""	"""s4:50→1"""
47	3	56	74	1	2	0	0	0	0	0	1	"""s1:47→1 / s2:1→1 / s3:1→1 / s4:1→4"""	"""s4:50→1"""
47	3	56	74	1	2	0	0	0	0	0	1	"""s1:47→1 / s2:1→1 / s3:1→1 / s4:1→5"""	"""s4:50→1"""
47	3	56	74	1	2	0	0	0	0	0	1	"""s1:47→1 / s2:1→1 / s3:1→2 / s4:1→1"""	"""s4:49→1"""
47	3	56	80	2	1	0	0	0	0	0	1	"""s1:47→1 / s2:1→1 / s3:1→1 / s4:1→1"""	"""s3:49→1 / s4:49→1"""
47	3	56	80	2	1	0	0	0	0	0	1	"""s1:47→1 / s2:1→1 / s3:1→1 / s4:1→2"""	"""s3:49→1 / s4:49→1"""
47	3	56	80	2	1	0	0	0	0	0	1	"""s1:47→1 / s2:1→1 / s3:1→1 / s4:1→3"""	"""s3:49→1 / s4:49→1"""
47	3	56	80	2	1	0	0	0	0	0	1	"""s1:47→1 / s2:1→1 / s3:1→1 / s4:1→4"""	"""s3:49→1 / s4:49→1"""
47	3	56	80	2	1	0	0	0	0	0	1	"""s1:47→1 / s2:1→1 / s3:1→1 / s4:1→5"""	"""s3:49→1 / s4:49→1"""
47	3	56	80	2	1	0	0	0	0	0	1	"""s1:47→1 / s2:1→1 / s3:1→2 / s4:1→2"""	"""s3:49→1 / s4:49→1"""
47	3	56	80	2	1	0	0	0	0	0	1	"""s1:47→1 / s2:1→1 / s3:1→2 / s4:1→3"""	"""s3:49→1 / s4:49→1"""
47	3	56	80	2	1	0	0	0	0	0	1	"""s1:47→1 / s2:1→1 / s3:1→2 / s4:1→4"""	"""s3:49→1 / s4:49→1"""
47	4	48	155	0	0	0	0	0	0	1	0	"""s1:1→1"""	""""""
47	4	48	183	0	0	0	0	0	1	0	0	"""s1:1→1"""	""""""
47	4	48	210	0	0	0	0	1	0	0	0	"""s1:1→1"""	""""""
47	4	48	236	0	0	0	1	0	0	0	0	"""s1:1→1"""	""""""
47	4	48	260	0	0	1	0	0	0	0	0	"""s1:1→1"""	""""""
47	4	56	260	0	0	1	0	0	0	0	0	"""s1:1→2"""	""""""
47	4	51	147	0	1	0	0	0	0	1	0	"""s1:1→1 / s2:47→1"""	""""""
47	4	50	175	0	1	0	0	0	1	0	0	"""s1:1→1 / s2:47→1"""	""""""
47	4	49	202	0	1	0	0	1	0	0	0	"""s1:1→1 / s2:47→1"""	""""""
47	4	49	228	0	1	0	1	0	0	0	0	"""s1:1→1 / s2:47→1"""	""""""
47	4	54	252	0	1	1	0	0	0	0	0	"""s1:1→1 / s2:1→1, 47→0"""	""""""
47	4	50	252	0	1	1	0	0	0	0	0	"""s1:1→1 / s2:1→1, 47→1"""	""""""
47	4	53	272	0	2	0	0	0	0	0	0	"""s1:1→1, 47→0 / s2:1→1, 47→0"""	""""""
47	4	49	272	0	2	0	0	0	0	0	0	"""s1:1→1, 47→0 / s2:1→1, 47→1"""	""""""
47	4	56	272	0	2	0	0	0	0	0	0	"""s1:1→1, 47→0 / s2:1→2, 47→0"""	""""""
47	4	56	272	0	2	0	0	0	0	0	0	"""s1:1→1, 47→0 / s2:1→3, 47→0"""	""""""
47	4	56	272	0	2	0	0	0	0	0	0	"""s1:1→1, 47→0 / s2:1→4, 47→0"""	""""""
47	4	56	272	0	2	0	0	0	0	0	0	"""s1:1→1, 47→0 / s2:1→5, 47→0"""	""""""
47	4	56	272	0	2	0	0	0	0	0	0	"""s1:1→2, 47→0 / s2:1→2, 47→0"""	""""""
47	4	50	272	0	2	0	0	0	0	0	0	"""s1:1→1, 47→0 / s2:1→2, 47→1"""	""""""
47	4	51	272	0	2	0	0	0	0	0	0	"""s1:1→1, 47→0 / s2:1→3, 47→1"""	""""""
47	4	52	272	0	2	0	0	0	0	0	0	"""s1:1→1, 47→0 / s2:1→4, 47→1"""	""""""
47	4	64	272	0	2	0	0	0	0	0	0	"""s1:1→2, 47→0 / s2:1→2, 47→1"""	""""""
47	4	56	264	0	3	0	0	0	0	0	0	"""s1:1→1, 47→0 / s2:1→1, 47→0 / s3:1→1, 47→0"""	""""""
47	4	63	264	0	3	0	0	0	0	0	0	"""s1:1→1, 47→0 / s2:1→1, 47→0 / s3:1→1, 47→1"""	""""""
47	4	52	154	1	0	0	0	0	0	1	0	"""s1:1→1 / s2:47→0"""	"""s2:44→1"""
47	4	52	154	1	0	0	0	0	0	1	0	"""s1:1→1 / s2:47→1"""	"""s2:44→1"""
47	4	52	154	1	0	0	0	0	0	1	0	"""s1:1→1 / s2:47→2"""	"""s2:44→1"""
47	4	53	154	1	0	0	0	0	0	1	0	"""s1:1→1 / s2:47→3"""	"""s2:44→1"""
47	4	53	154	1	0	0	0	0	0	1	0	"""s1:1→1 / s2:47→4"""	"""s2:44→1"""
47	4	54	154	1	0	0	0	0	0	1	0	"""s1:1→1 / s2:47→5"""	"""s2:44→1"""
47	4	53	182	1	0	0	0	0	1	0	0	"""s1:1→1 / s2:47→0"""	"""s2:44→1"""
47	4	54	182	1	0	0	0	0	1	0	0	"""s1:1→1 / s2:47→1"""	"""s2:44→1"""
47	4	57	182	1	0	0	0	0	1	0	0	"""s1:1→1 / s2:47→2"""	"""s2:44→1"""
47	4	80	182	1	0	0	0	0	1	0	0	"""s1:1→1 / s2:47→3"""	"""s2:44→1"""
47	4	50	209	1	0	0	0	1	0	0	0	"""s1:1→1 / s2:1→1, 47→0"""	"""s2:44→1"""
47	4	50	209	1	0	0	0	1	0	0	0	"""s1:1→1 / s2:1→1, 47→1"""	"""s2:44→1"""
47	4	50	209	1	0	0	0	1	0	0	0	"""s1:1→1 / s2:1→1, 47→2"""	"""s2:44→1"""
47	4	50	209	1	0	0	0	1	0	0	0	"""s1:1→1 / s2:1→1, 47→3"""	"""s2:44→1"""
47	4	50	209	1	0	0	0	1	0	0	0	"""s1:1→1 / s2:1→1, 47→4"""	"""s2:44→1"""
47	4	49	235	1	0	0	1	0	0	0	0	"""s1:1→1 / s2:1→1, 47→0"""	"""s2:44→1"""
47	4	49	235	1	0	0	1	0	0	0	0	"""s1:1→1 / s2:1→1, 47→1"""	"""s2:44→1"""
47	4	49	235	1	0	0	1	0	0	0	0	"""s1:1→1 / s2:1→1, 47→2"""	"""s2:44→1"""
47	4	49	235	1	0	0	1	0	0	0	0	"""s1:1→1 / s2:1→2, 47→1"""	"""s2:44→1"""
47	4	49	235	1	0	0	1	0	0	0	0	"""s1:1→1 / s2:1→2, 47→2"""	"""s2:44→1"""
47	4	49	235	1	0	0	1	0	0	0	0	"""s1:1→1 / s2:1→2, 47→3"""	"""s2:44→1"""
47	4	50	235	1	0	0	1	0	0	0	0	"""s1:1→1 / s2:1→2, 47→0"""	"""s2:44→1"""
47	4	50	235	1	0	0	1	0	0	0	0	"""s1:1→1 / s2:1→3, 47→1"""	"""s2:44→1"""
47	4	50	235	1	0	0	1	0	0	0	0	"""s1:1→1 / s2:1→3, 47→2"""	"""s2:44→1"""
47	4	51	235	1	0	0	1	0	0	0	0	"""s1:1→1 / s2:1→3, 47→0"""	"""s2:44→1"""
47	4	49	259	1	0	1	0	0	0	0	0	"""s1:1→1 / s2:1→1, 47→0"""	"""s2:44→1"""
47	4	49	259	1	0	1	0	0	0	0	0	"""s1:1→1 / s2:1→2, 47→0"""	"""s2:44→1"""
47	4	49	259	1	0	1	0	0	0	0	0	"""s1:1→1 / s2:1→2, 47→1"""	"""s2:44→1"""
47	4	49	259	1	0	1	0	0	0	0	0	"""s1:1→1 / s2:1→2, 47→2"""	"""s2:44→1"""
47	4	49	259	1	0	1	0	0	0	0	0	"""s1:1→1 / s2:1→3, 47→1"""	"""s2:44→1"""
47	4	49	259	1	0	1	0	0	0	0	0	"""s1:1→1 / s2:1→2, 47→3"""	"""s2:44→1"""
47	4	49	259	1	0	1	0	0	0	0	0	"""s1:1→1 / s2:1→3, 47→2"""	"""s2:44→1"""
47	4	50	259	1	0	1	0	0	0	0	0	"""s1:1→1 / s2:1→3, 47→0"""	"""s2:44→1"""
47	4	50	259	1	0	1	0	0	0	0	0	"""s1:1→1 / s2:1→4, 47→0"""	"""s2:44→1"""
47	4	50	259	1	0	1	0	0	0	0	0	"""s1:1→1 / s2:1→4, 47→1"""	"""s2:44→1"""
47	4	51	259	1	0	1	0	0	0	0	0	"""s1:1→1 / s2:1→5, 47→0"""	"""s2:44→1"""
47	4	52	146	1	1	0	0	0	0	1	0	"""s1:1→1 / s2:47→1 / s3:∅"""	"""s3:44→1"""
47	4	53	174	1	1	0	0	0	1	0	0	"""s1:1→1 / s2:47→1 / s3:∅"""	"""s3:44→1"""
47	4	50	201	1	1	0	0	1	0	0	0	"""s1:1→1 / s2:47→1 / s3:1→1"""	"""s3:44→1"""
47	4	50	227	1	1	0	1	0	0	0	0	"""s1:1→1 / s2:47→1 / s3:1→1"""	"""s3:44→1"""
47	4	56	271	1	2	0	0	0	0	0	0	"""s1:1→1, 47→0 / s2:1→1, 47→0 / s3:1→1, 47→0"""	"""s3:49→1"""
47	4	56	271	1	2	0	0	0	0	0	0	"""s1:1→1, 47→0 / s2:1→1, 47→0 / s3:1→2, 47→0"""	"""s3:49→1"""
47	4	56	271	1	2	0	0	0	0	0	0	"""s1:1→1, 47→0 / s2:1→1, 47→0 / s3:1→3, 47→0"""	"""s3:49→1"""
47	4	56	271	1	2	0	0	0	0	0	0	"""s1:1→1, 47→0 / s2:1→1, 47→0 / s3:1→4, 47→0"""	"""s3:49→1"""
47	4	56	271	1	2	0	0	0	0	0	0	"""s1:1→1, 47→0 / s2:1→1, 47→0 / s3:1→3, 47→2"""	"""s3:49→1"""
47	4	56	271	1	2	0	0	0	0	0	0	"""s1:1→1, 47→0 / s2:1→1, 47→0 / s3:1→5, 47→0"""	"""s3:49→1"""
47	4	56	271	1	2	0	0	0	0	0	0	"""s1:1→1, 47→0 / s2:1→2, 47→0 / s3:1→1, 47→0"""	"""s3:48→1"""
47	4	58	271	1	2	0	0	0	0	0	0	"""s1:1→1, 47→0 / s2:1→1, 47→0 / s3:1→1, 47→1"""	"""s3:49→1"""
47	4	58	271	1	2	0	0	0	0	0	0	"""s1:1→1, 47→0 / s2:1→1, 47→0 / s3:1→4, 47→0"""	"""s3:44→1"""
47	4	54	271	1	2	0	0	0	0	0	0	"""s1:1→1, 47→0 / s2:1→1, 47→0 / s3:1→2, 47→1"""	"""s3:49→1"""
47	4	54	271	1	2	0	0	0	0	0	0	"""s1:1→1, 47→0 / s2:1→1, 47→0 / s3:1→3, 47→1"""	"""s3:49→1"""
47	4	54	271	1	2	0	0	0	0	0	0	"""s1:1→1, 47→0 / s2:1→1, 47→0 / s3:1→4, 47→1"""	"""s3:49→1"""
47	4	54	271	1	2	0	0	0	0	0	0	"""s1:1→1, 47→0 / s2:1→1, 47→0 / s3:1→5, 47→0"""	"""s3:44→1"""
47	4	54	271	1	2	0	0	0	0	0	0	"""s1:1→1, 47→0 / s2:1→1, 47→1 / s3:1→1"""	"""s3:49→1"""
47	4	50	271	1	2	0	0	0	0	0	0	"""s1:1→1, 47→0 / s2:1→1, 47→1 / s3:1→2"""	"""s3:44→1"""
47	4	50	271	1	2	0	0	0	0	0	0	"""s1:1→1, 47→0 / s2:1→1, 47→1 / s3:1→3"""	"""s3:44→1"""
47	4	50	271	1	2	0	0	0	0	0	0	"""s1:1→1, 47→0 / s2:1→1, 47→1 / s3:1→4"""	"""s3:44→1"""
47	4	50	271	1	2	0	0	0	0	0	0	"""s1:1→1, 47→0 / s2:1→1, 47→1 / s3:1→5"""	"""s3:44→1"""
47	4	66	271	1	2	0	0	0	0	0	0	"""s1:1→1, 47→0 / s2:1→2, 47→1 / s3:1→1"""	"""s3:48→1"""
47	5	48	154	0	0	0	0	0	0	1	0	"""s1:1→1"""	""""""
47	5	48	182	0	0	0	0	0	1	0	0	"""s1:1→1"""	""""""
47	5	48	209	0	0	0	0	1	0	0	0	"""s1:1→1"""	""""""
47	5	48	235	0	0	0	1	0	0	0	0	"""s1:1→1"""	""""""
47	5	48	259	0	0	1	0	0	0	0	0	"""s1:1→1"""	""""""
47	5	55	259	0	0	1	0	0	0	0	0	"""s1:1→2"""	""""""
47	5	55	251	0	1	1	0	0	0	0	0	"""s1:1→1 / s2:1→1"""	""""""
47	5	53	271	0	2	0	0	0	0	0	0	"""s1:1→1 / s2:1→1"""	""""""
47	5	56	271	0	2	0	0	0	0	0	0	"""s1:1→1 / s2:1→2"""	""""""
47	5	56	271	0	2	0	0	0	0	0	0	"""s1:1→1 / s2:1→3"""	""""""
47	5	56	271	0	2	0	0	0	0	0	0	"""s1:1→1 / s2:1→4"""	""""""
47	5	56	271	0	2	0	0	0	0	0	0	"""s1:1→1 / s2:1→5"""	""""""
47	5	56	271	0	2	0	0	0	0	0	0	"""s1:1→2 / s2:1→2"""	""""""
47	5	55	263	0	3	0	0	0	0	0	0	"""s1:1→1 / s2:1→1 / s3:1→1"""	""""""
47	5	56	270	1	2	0	0	0	0	0	0	"""s1:1→1 / s2:1→1 / s3:1→1, 46→0"""	"""s3:49→1"""
47	5	56	270	1	2	0	0	0	0	0	0	"""s1:1→1 / s2:1→1 / s3:1→2, 46→0"""	"""s3:49→1"""
47	5	56	270	1	2	0	0	0	0	0	0	"""s1:1→1 / s2:1→1 / s3:1→3, 46→0"""	"""s3:49→1"""
47	5	56	270	1	2	0	0	0	0	0	0	"""s1:1→1 / s2:1→1 / s3:1→4, 46→0"""	"""s3:49→1"""
47	5	56	270	1	2	0	0	0	0	0	0	"""s1:1→1 / s2:1→1 / s3:1→5, 46→0"""	"""s3:49→1"""
47	5	56	270	1	2	0	0	0	0	0	0	"""s1:1→1 / s2:1→2 / s3:1→1, 46→0"""	"""s3:48→1"""
47	6	48	229	0	1	0	0	0	0	0	0	"""s1:1→0, 47→1"""	""""""
47	6	49	229	0	1	0	0	0	0	0	0	"""s1:1→1, 47→1"""	""""""
47	6	51	221	0	2	0	0	0	0	0	0	"""s1:1→0, 47→1 / s2:1→1"""	""""""
47	6	52	236	1	0	0	0	0	0	0	0	"""s1:1→0, 47→0"""	"""s1:44→1"""
47	6	52	236	1	0	0	0	0	0	0	0	"""s1:1→0, 47→1"""	"""s1:44→1"""
47	6	52	236	1	0	0	0	0	0	0	0	"""s1:1→0, 47→2"""	"""s1:44→1"""
47	6	50	236	1	0	0	0	0	0	0	0	"""s1:1→1, 47→0"""	"""s1:44→1"""
47	6	50	236	1	0	0	0	0	0	0	0	"""s1:1→1, 47→1"""	"""s1:44→1"""
47	6	50	236	1	0	0	0	0	0	0	0	"""s1:1→1, 47→2"""	"""s1:44→1"""
47	6	50	236	1	0	0	0	0	0	0	0	"""s1:1→4, 47→0"""	"""s1:44→1"""
47	6	50	236	1	0	0	0	0	0	0	0	"""s1:1→2, 47→3"""	"""s1:44→1"""
47	6	50	236	1	0	0	0	0	0	0	0	"""s1:1→5, 47→0"""	"""s1:44→1"""
47	6	49	236	1	0	0	0	0	0	0	0	"""s1:1→2, 47→0"""	"""s1:44→1"""
47	6	49	236	1	0	0	0	0	0	0	0	"""s1:1→2, 47→1"""	"""s1:44→1"""
47	6	49	236	1	0	0	0	0	0	0	0	"""s1:1→3, 47→0"""	"""s1:44→1"""
47	6	49	236	1	0	0	0	0	0	0	0	"""s1:1→2, 47→2"""	"""s1:44→1"""
47	6	49	236	1	0	0	0	0	0	0	0	"""s1:1→3, 47→1"""	"""s1:44→1"""
47	6	49	236	1	0	0	0	0	0	0	0	"""s1:1→3, 47→2"""	"""s1:44→1"""
47	6	49	236	1	0	0	0	0	0	0	0	"""s1:1→4, 47→1"""	"""s1:44→1"""
47	6	53	236	1	0	0	0	0	0	0	0	"""s1:1→0, 47→3"""	"""s1:44→1"""
47	6	53	236	1	0	0	0	0	0	0	0	"""s1:1→0, 47→4"""	"""s1:44→1"""
47	6	53	236	1	0	0	0	0	0	0	0	"""s1:1→0, 47→5"""	"""s1:44→1"""
47	6	51	236	1	0	0	0	0	0	0	0	"""s1:1→1, 47→3"""	"""s1:44→1"""
47	6	51	236	1	0	0	0	0	0	0	0	"""s1:1→1, 47→4"""	"""s1:44→1"""
47	6	49	228	1	1	0	0	0	0	0	0	"""s1:1→0, 47→1 / s2:1→1"""	"""s2:48→1"""
47	6	49	228	1	1	0	0	0	0	0	0	"""s1:1→0, 47→1 / s2:1→2"""	"""s2:44→1"""
47	6	49	228	1	1	0	0	0	0	0	0	"""s1:1→0, 47→1 / s2:1→3"""	"""s2:44→1"""
47	6	52	228	1	1	0	0	0	0	0	0	"""s1:1→0, 47→1 / s2:1→0"""	"""s2:44→1"""
47	6	50	228	1	1	0	0	0	0	0	0	"""s1:1→0, 47→1 / s2:1→1"""	"""s2:44→1"""
47	6	50	228	1	1	0	0	0	0	0	0	"""s1:1→0, 47→1 / s2:1→4"""	"""s2:44→1"""
47	6	50	227	2	1	0	0	0	0	0	0	"""s1:1→0, 47→1 / s2:1→1 / s3:1→2"""	"""s2:48→1 / s3:44→1"""
47	6	50	227	2	1	0	0	0	0	0	0	"""s1:1→0, 47→1 / s2:1→1 / s3:1→3"""	"""s2:48→1 / s3:44→1"""
47	7	48	228	0	1	0	0	0	0	0	0	"""s1:1→1"""	""""""
47	7	52	235	1	0	0	0	0	0	0	0	"""s1:1→0, 46→0"""	"""s1:4→1"""
47	7	52	235	1	0	0	0	0	0	0	0	"""s1:1→1, 46→0"""	"""s1:4→1"""
47	7	52	235	1	0	0	0	0	0	0	0	"""s1:1→2, 46→0"""	"""s1:4→1"""
47	7	49	235	1	0	0	0	0	0	0	0	"""s1:1→0, 46→1"""	"""s1:4→1"""
47	7	49	235	1	0	0	0	0	0	0	0	"""s1:1→1, 46→1"""	"""s1:4→1"""
47	7	49	235	1	0	0	0	0	0	0	0	"""s1:1→1, 46→2"""	"""s1:4→1"""
47	7	49	235	1	0	0	0	0	0	0	0	"""s1:1→2, 46→1"""	"""s1:4→1"""
47	7	49	235	1	0	0	0	0	0	0	0	"""s1:1→2, 46→2"""	"""s1:4→1"""
47	7	49	235	1	0	0	0	0	0	0	0	"""s1:1→3, 46→1"""	"""s1:4→1"""
47	7	49	235	1	0	0	0	0	0	0	0	"""s1:1→3, 46→2"""	"""s1:4→1"""
47	7	49	235	1	0	0	0	0	0	0	0	"""s1:1→4, 46→1"""	"""s1:4→1"""
47	7	50	235	1	0	0	0	0	0	0	0	"""s1:1→0, 46→2"""	"""s1:4→1"""
47	7	50	235	1	0	0	0	0	0	0	0	"""s1:1→0, 46→3"""	"""s1:4→1"""
47	7	50	235	1	0	0	0	0	0	0	0	"""s1:1→1, 46→3"""	"""s1:4→1"""
47	7	50	235	1	0	0	0	0	0	0	0	"""s1:1→2, 46→3"""	"""s1:4→1"""
47	7	53	235	1	0	0	0	0	0	0	0	"""s1:1→3, 46→0"""	"""s1:4→1"""
47	7	53	235	1	0	0	0	0	0	0	0	"""s1:1→4, 46→0"""	"""s1:4→1"""
47	7	53	235	1	0	0	0	0	0	0	0	"""s1:1→5, 46→0"""	"""s1:4→1"""
47	7	52	227	1	1	0	0	0	0	0	0	"""s1:1→1 / s2:46→0"""	"""s2:4→1"""
47	7	49	227	1	1	0	0	0	0	0	0	"""s1:1→1 / s2:46→1"""	"""s2:4→1"""
47	10	48	152	0	1	0	0	0	0	0	0	"""s1:∅"""	"""s1:47→1"""
47	11	48	152	0	1	0	0	0	0	0	0	"""s1:∅"""	"""s1:1→1"""
47	12	48	152	0	1	0	0	0	0	0	0	"""s1:∅"""	"""s1:47→1"""
47	12	48	152	0	1	0	0	0	0	0	0	"""s1:∅"""	"""s1:1→1"""
47	12	51	143	0	2	0	0	0	0	0	0	"""s1:∅ / s2:∅"""	"""s1:47→1 / s2:1→1"""
47	13	48	143	0	1	0	0	0	0	0	0	"""s1:∅"""	"""s1:47→1"""
47	16	51	227	0	1	0	0	0	0	0	0	"""s1:44→1"""	""""""
47	16	48	234	1	0	0	0	0	0	0	0	"""s1:1→0, 2→0, 44→0"""	"""s1:47→1"""
47	16	52	234	1	0	0	0	0	0	0	0	"""s1:1→0, 2→0, 44→1"""	"""s1:47→1"""
47	16	52	234	1	0	0	0	0	0	0	0	"""s1:1→0, 2→0, 44→2"""	"""s1:47→1"""
47	16	52	234	1	0	0	0	0	0	0	0	"""s1:1→0, 2→0, 44→3"""	"""s1:47→1"""
47	16	52	234	1	0	0	0	0	0	0	0	"""s1:1→0, 2→0, 44→4"""	"""s1:47→1"""
47	16	52	234	1	0	0	0	0	0	0	0	"""s1:1→0, 2→0, 44→5"""	"""s1:47→1"""
47	16	49	234	1	0	0	0	0	0	0	0	"""s1:1→0, 2→1, 44→0"""	"""s1:47→1"""
47	16	49	234	1	0	0	0	0	0	0	0	"""s1:1→0, 2→1, 44→1"""	"""s1:47→1"""
47	16	49	234	1	0	0	0	0	0	0	0	"""s1:1→1, 2→1, 44→0"""	"""s1:47→1"""
47	16	49	234	1	0	0	0	0	0	0	0	"""s1:1→1, 2→1, 44→1"""	"""s1:47→1"""
47	16	49	234	1	0	0	0	0	0	0	0	"""s1:1→1, 2→1, 44→2"""	"""s1:47→1"""
47	16	50	234	1	0	0	0	0	0	0	0	"""s1:1→0, 2→1, 44→2"""	"""s1:47→1"""
47	16	50	234	1	0	0	0	0	0	0	0	"""s1:1→1, 2→1, 44→3"""	"""s1:47→1"""
47	16	51	234	1	0	0	0	0	0	0	0	"""s1:1→0, 2→1, 44→3"""	"""s1:47→1"""
47	16	51	234	1	0	0	0	0	0	0	0	"""s1:1→0, 2→1, 44→4"""	"""s1:47→1"""
47	16	52	226	1	1	0	0	0	0	0	0	"""s1:44→1 / s2:1→0, 2→0"""	"""s2:47→1"""
47	17	48	235	0	1	0	0	0	0	0	0	"""s1:45→0, 47→1"""	""""""
47	17	53	235	0	1	0	0	0	0	0	0	"""s1:45→1, 47→1"""	""""""
47	17	51	227	0	2	0	0	0	0	0	0	"""s1:45→0, 47→1 / s2:45→1"""	""""""
47	17	52	234	1	1	0	0	0	0	0	0	"""s1:45→0, 47→1 / s2:1→0, 2→0, 45→1"""	"""s2:48→1"""
47	17	52	234	1	1	0	0	0	0	0	0	"""s1:45→0, 47→1 / s2:1→0, 2→1, 45→4"""	"""s2:48→1"""
47	17	49	234	1	1	0	0	0	0	0	0	"""s1:45→0, 47→1 / s2:1→0, 2→1, 45→0"""	"""s2:48→1"""
47	17	49	234	1	1	0	0	0	0	0	0	"""s1:45→0, 47→1 / s2:1→0, 2→1, 45→1"""	"""s2:48→1"""
47	17	49	234	1	1	0	0	0	0	0	0	"""s1:45→0, 47→1 / s2:1→1, 2→1, 45→1"""	"""s2:48→1"""
47	17	49	234	1	1	0	0	0	0	0	0	"""s1:45→0, 47→1 / s2:1→1, 2→1, 45→2"""	"""s2:48→1"""
47	17	54	234	1	1	0	0	0	0	0	0	"""s1:45→0, 47→1 / s2:1→0, 2→0, 45→2"""	"""s2:48→1"""
47	17	50	234	1	1	0	0	0	0	0	0	"""s1:45→0, 47→1 / s2:1→1, 2→0, 45→1"""	"""s2:48→1"""
47	17	50	234	1	1	0	0	0	0	0	0	"""s1:45→0, 47→1 / s2:1→0, 2→1, 45→2"""	"""s2:48→1"""
47	17	50	234	1	1	0	0	0	0	0	0	"""s1:45→0, 47→1 / s2:1→1, 2→1, 45→3"""	"""s2:48→1"""
47	17	55	234	1	1	0	0	0	0	0	0	"""s1:45→0, 47→1 / s2:1→0, 2→0, 45→3"""	"""s2:48→1"""
47	17	55	234	1	1	0	0	0	0	0	0	"""s1:45→0, 47→1 / s2:1→0, 2→0, 45→4"""	"""s2:48→1"""
47	17	55	234	1	1	0	0	0	0	0	0	"""s1:45→0, 47→1 / s2:1→0, 2→0, 45→5"""	"""s2:48→1"""
47	17	51	234	1	1	0	0	0	0	0	0	"""s1:45→0, 47→1 / s2:1→0, 2→1, 45→3"""	"""s2:48→1"""
47	17	53	234	1	1	0	0	0	0	0	0	"""s1:45→1, 47→0 / s2:1→0, 2→0, 47→1"""	"""s2:48→1"""
47	19	48	152	0	1	0	0	0	0	0	0	"""s1:∅"""	"""s1:1→1"""
47	20	48	132	0	0	0	0	0	0	1	0	"""s1:47→1"""	""""""
47	20	48	160	0	0	0	0	0	1	0	0	"""s1:47→1"""	""""""
47	20	48	187	0	0	0	0	1	0	0	0	"""s1:47→1"""	""""""
47	20	48	213	0	0	0	1	0	0	0	0	"""s1:47→1"""	""""""
47	20	48	237	0	0	1	0	0	0	0	0	"""s1:47→1"""	""""""
47	20	56	237	0	0	1	0	0	0	0	0	"""s1:47→2"""	""""""
47	20	48	257	0	1	0	0	0	0	0	0	"""s1:47→1"""	""""""
47	20	55	257	0	1	0	0	0	0	0	0	"""s1:47→2"""	""""""
47	20	56	257	0	1	0	0	0	0	0	0	"""s1:47→3"""	""""""
47	20	56	257	0	1	0	0	0	0	0	0	"""s1:47→4"""	""""""
47	20	56	257	0	1	0	0	0	0	0	0	"""s1:47→5"""	""""""
47	20	48	256	0	1	0	0	0	0	0	0	"""s1:47→0"""	"""s1:4→1"""
47	20	48	256	0	1	0	0	0	0	0	0	"""s1:47→1"""	"""s1:4→1"""
47	20	49	256	0	1	0	0	0	0	0	0	"""s1:47→2"""	"""s1:4→1"""
47	20	51	256	0	1	0	0	0	0	0	0	"""s1:47→3"""	"""s1:4→1"""
47	20	51	256	0	1	0	0	0	0	0	0	"""s1:47→4"""	"""s1:4→1"""
47	20	52	123	0	1	0	0	0	0	1	0	"""s1:47→1 / s2:∅"""	"""s2:4→1"""
47	20	51	123	0	1	0	0	0	0	1	0	"""s1:47→1 / s2:∅"""	"""s2:1→1"""
47	20	51	151	0	1	0	0	0	1	0	0	"""s1:47→1 / s2:∅"""	"""s2:4→1"""
47	20	49	178	0	1	0	0	1	0	0	0	"""s1:47→1 / s2:∅"""	"""s2:4→1"""
47	20	50	178	0	1	0	0	1	0	0	0	"""s1:47→1 / s2:∅"""	"""s2:1→1"""
47	20	49	204	0	1	0	1	0	0	0	0	"""s1:47→1 / s2:∅"""	"""s2:4→1"""
47	20	55	229	0	1	1	0	0	0	0	0	"""s1:47→1 / s2:47→1"""	""""""
47	20	51	228	0	1	1	0	0	0	0	0	"""s1:47→1 / s2:47→0"""	"""s2:4→1"""
47	20	51	228	0	1	1	0	0	0	0	0	"""s1:47→1 / s2:47→1"""	"""s2:1→1"""
47	20	50	228	0	1	1	0	0	0	0	0	"""s1:47→1 / s2:47→1"""	"""s2:4→1"""
47	20	50	228	0	1	1	0	0	0	0	0	"""s1:47→1 / s2:47→0"""	"""s2:1→1"""
47	20	53	249	0	2	0	0	0	0	0	0	"""s1:47→1 / s2:47→1"""	""""""
47	20	56	249	0	2	0	0	0	0	0	0	"""s1:47→1 / s2:47→2"""	""""""
47	20	56	249	0	2	0	0	0	0	0	0	"""s1:47→1 / s2:47→3"""	""""""
47	20	56	249	0	2	0	0	0	0	0	0	"""s1:47→1 / s2:47→4"""	""""""
47	20	56	249	0	2	0	0	0	0	0	0	"""s1:47→1 / s2:47→5"""	""""""
47	20	56	249	0	2	0	0	0	0	0	0	"""s1:47→2 / s2:47→2"""	""""""
47	20	49	248	0	2	0	0	0	0	0	0	"""s1:47→1 / s2:47→1"""	"""s2:4→1"""
47	20	51	248	0	2	0	0	0	0	0	0	"""s1:47→1 / s2:47→2"""	"""s2:4→1"""
47	20	50	248	0	2	0	0	0	0	0	0	"""s1:47→1 / s2:47→1"""	"""s2:1→1"""
47	20	52	247	0	2	0	0	0	0	0	0	"""s1:47→0 / s2:47→0"""	"""s1:4→1 / s2:1→1"""
47	20	49	247	0	2	0	0	0	0	0	0	"""s1:47→0 / s2:47→1"""	"""s1:4→1 / s2:1→1"""
47	20	49	247	0	2	0	0	0	0	0	0	"""s1:47→1 / s2:47→1"""	"""s1:4→1 / s2:1→1"""
47	20	53	114	0	2	0	0	0	0	1	0	"""s1:47→1 / s2:∅ / s3:∅"""	"""s2:4→1 / s3:1→1"""
47	20	52	142	0	2	0	0	0	1	0	0	"""s1:47→1 / s2:∅ / s3:∅"""	"""s2:4→1 / s3:1→1"""
47	20	51	169	0	2	0	0	1	0	0	0	"""s1:47→1 / s2:∅ / s3:∅"""	"""s2:4→1 / s3:1→1"""
47	20	55	241	0	3	0	0	0	0	0	0	"""s1:47→1 / s2:47→1 / s3:47→1"""	""""""
47	20	55	240	0	3	0	0	0	0	0	0	"""s1:47→1 / s2:47→1 / s3:47→1"""	"""s3:4→1"""
47	20	56	240	0	3	0	0	0	0	0	0	"""s1:47→1 / s2:47→1 / s3:47→1"""	"""s3:1→1"""
47	20	55	256	1	1	0	0	0	0	0	0	"""s1:47→1 / s2:47→1"""	"""s2:48→1"""
47	20	55	256	1	1	0	0	0	0	0	0	"""s1:47→1 / s2:47→2"""	"""s2:48→1"""
47	20	56	256	1	1	0	0	0	0	0	0	"""s1:47→1 / s2:47→3"""	"""s2:48→1"""
47	20	56	256	1	1	0	0	0	0	0	0	"""s1:47→1 / s2:47→4"""	"""s2:48→1"""
47	20	56	256	1	1	0	0	0	0	0	0	"""s1:47→1 / s2:47→5"""	"""s2:48→1"""
47	20	56	256	1	1	0	0	0	0	0	0	"""s1:47→2 / s2:47→1"""	"""s2:48→1"""
47	20	56	256	1	1	0	0	0	0	0	0	"""s1:47→2 / s2:47→2"""	"""s2:48→1"""
47	20	56	256	1	1	0	0	0	0	0	0	"""s1:47→2 / s2:47→3"""	"""s2:48→1"""
47	20	56	256	1	1	0	0	0	0	0	0	"""s1:47→2 / s2:47→4"""	"""s2:48→1"""
47	20	56	256	1	1	0	0	0	0	0	0	"""s1:47→2 / s2:47→5"""	"""s2:48→1"""
47	20	56	256	1	1	0	0	0	0	0	0	"""s1:47→3 / s2:47→1"""	"""s2:48→1"""
47	20	56	248	1	2	0	0	0	0	0	0	"""s1:47→1 / s2:47→1 / s3:47→1"""	"""s3:49→1"""
47	20	56	248	1	2	0	0	0	0	0	0	"""s1:47→1 / s2:47→1 / s3:47→2"""	"""s3:49→1"""
47	20	56	248	1	2	0	0	0	0	0	0	"""s1:47→1 / s2:47→1 / s3:47→3"""	"""s3:49→1"""
47	20	56	248	1	2	0	0	0	0	0	0	"""s1:47→1 / s2:47→1 / s3:47→4"""	"""s3:49→1"""
47	20	56	248	1	2	0	0	0	0	0	0	"""s1:47→1 / s2:47→1 / s3:47→5"""	"""s3:49→1"""
47	20	56	248	1	2	0	0	0	0	0	0	"""s1:47→1 / s2:47→2 / s3:47→1"""	"""s3:48→1"""
47	20	56	254	2	1	0	0	0	0	0	0	"""s1:47→1 / s2:47→1 / s3:47→1"""	"""s2:48→1 / s3:48→1"""
47	20	56	254	2	1	0	0	0	0	0	0	"""s1:47→1 / s2:47→1 / s3:47→2"""	"""s2:48→1 / s3:48→1"""
47	20	56	254	2	1	0	0	0	0	0	0	"""s1:47→1 / s2:47→1 / s3:47→3"""	"""s2:48→1 / s3:48→1"""
47	20	56	254	2	1	0	0	0	0	0	0	"""s1:47→1 / s2:47→1 / s3:47→4"""	"""s2:48→1 / s3:48→1"""
47	20	56	254	2	1	0	0	0	0	0	0	"""s1:47→1 / s2:47→1 / s3:47→5"""	"""s2:48→1 / s3:48→1"""
47	20	56	254	2	1	0	0	0	0	0	0	"""s1:47→1 / s2:47→2 / s3:47→2"""	"""s2:48→1 / s3:48→1"""
47	20	56	254	2	1	0	0	0	0	0	0	"""s1:47→1 / s2:47→2 / s3:47→3"""	"""s2:48→1 / s3:48→1"""
47	20	56	254	2	1	0	0	0	0	0	0	"""s1:47→1 / s2:47→2 / s3:47→4"""	"""s2:48→1 / s3:48→1"""
47	21	48	143	0	1	0	0	0	0	0	0	"""s1:∅"""	"""s1:47→1"""
47	22	48	177	0	0	0	0	1	0	0	0	"""s1:1→1"""	""""""
47	22	48	203	0	0	0	1	0	0	0	0	"""s1:1→1"""	""""""
47	22	48	227	0	0	1	0	0	0	0	0	"""s1:1→1"""	""""""
47	22	52	247	0	1	0	0	0	0	0	0	"""s1:1→0, 44→1"""	""""""
47	22	48	247	0	1	0	0	0	0	0	0	"""s1:1→1, 44→0"""	""""""
47	22	48	247	0	1	0	0	0	0	0	0	"""s1:1→1, 44→1"""	""""""
47	22	55	247	0	1	0	0	0	0	0	0	"""s1:1→2, 44→0"""	""""""
47	22	55	247	0	1	0	0	0	0	0	0	"""s1:1→3, 44→0"""	""""""
47	22	49	247	0	1	0	0	0	0	0	0	"""s1:1→2, 44→1"""	""""""
47	22	49	247	0	1	0	0	0	0	0	0	"""s1:1→3, 44→1"""	""""""
47	22	56	247	0	1	0	0	0	0	0	0	"""s1:1→4, 44→0"""	""""""
47	22	56	247	0	1	0	0	0	0	0	0	"""s1:1→5, 44→0"""	""""""
47	22	50	247	0	1	0	0	0	0	0	0	"""s1:1→4, 44→1"""	""""""
47	22	51	169	0	1	0	0	1	0	0	0	"""s1:1→1 / s2:44→1"""	""""""
47	22	55	219	0	1	1	0	0	0	0	0	"""s1:1→1 / s2:1→1, 44→0"""	""""""
47	22	50	219	0	1	1	0	0	0	0	0	"""s1:1→1 / s2:1→1, 44→1"""	""""""
47	22	54	239	0	2	0	0	0	0	0	0	"""s1:1→1, 44→0 / s2:1→1, 44→0"""	""""""
47	22	49	239	0	2	0	0	0	0	0	0	"""s1:1→1, 44→0 / s2:1→1, 44→1"""	""""""
47	22	56	239	0	2	0	0	0	0	0	0	"""s1:1→1, 44→0 / s2:1→2, 44→0"""	""""""
47	22	56	239	0	2	0	0	0	0	0	0	"""s1:1→1, 44→0 / s2:1→3, 44→0"""	""""""
47	22	50	239	0	2	0	0	0	0	0	0	"""s1:1→1, 44→0 / s2:1→2, 44→1"""	""""""
47	22	51	239	0	2	0	0	0	0	0	0	"""s1:1→1, 44→0 / s2:1→3, 44→1"""	""""""
47	22	55	231	0	3	0	0	0	0	0	0	"""s1:1→1, 44→0 / s2:1→1, 44→0 / s3:1→1, 44→0"""	""""""
47	22	48	254	1	0	0	0	0	0	0	0	"""s1:1→0, 44→0"""	"""s1:47→1"""
47	22	48	254	1	0	0	0	0	0	0	0	"""s1:1→1, 44→0"""	"""s1:47→1"""
47	22	48	254	1	0	0	0	0	0	0	0	"""s1:1→2, 44→1"""	"""s1:47→1"""
47	22	48	254	1	0	0	0	0	0	0	0	"""s1:1→3, 44→1"""	"""s1:47→1"""
47	22	48	254	1	0	0	0	0	0	0	0	"""s1:1→3, 44→2"""	"""s1:47→1"""
47	22	52	254	1	0	0	0	0	0	0	0	"""s1:1→0, 44→1"""	"""s1:47→1"""
47	22	52	254	1	0	0	0	0	0	0	0	"""s1:1→0, 44→2"""	"""s1:47→1"""
47	22	52	254	1	0	0	0	0	0	0	0	"""s1:1→0, 44→3"""	"""s1:47→1"""
47	22	52	254	1	0	0	0	0	0	0	0	"""s1:1→0, 44→4"""	"""s1:47→1"""
47	22	52	254	1	0	0	0	0	0	0	0	"""s1:1→0, 44→5"""	"""s1:47→1"""
47	22	52	254	1	0	0	0	0	0	0	0	"""s1:1→5, 44→0"""	"""s1:47→1"""
47	22	49	254	1	0	0	0	0	0	0	0	"""s1:1→1, 44→1"""	"""s1:47→1"""
47	22	49	254	1	0	0	0	0	0	0	0	"""s1:1→2, 44→0"""	"""s1:47→1"""
47	22	49	254	1	0	0	0	0	0	0	0	"""s1:1→2, 44→2"""	"""s1:47→1"""
47	22	49	254	1	0	0	0	0	0	0	0	"""s1:1→2, 44→3"""	"""s1:47→1"""
47	22	49	254	1	0	0	0	0	0	0	0	"""s1:1→4, 44→1"""	"""s1:47→1"""
47	22	50	254	1	0	0	0	0	0	0	0	"""s1:1→1, 44→2"""	"""s1:47→1"""
47	22	50	254	1	0	0	0	0	0	0	0	"""s1:1→3, 44→0"""	"""s1:47→1"""
47	22	50	254	1	0	0	0	0	0	0	0	"""s1:1→1, 44→3"""	"""s1:47→1"""
47	22	51	254	1	0	0	0	0	0	0	0	"""s1:1→4, 44→0"""	"""s1:47→1"""
47	22	51	254	1	0	0	0	0	0	0	0	"""s1:1→1, 44→4"""	"""s1:47→1"""
47	22	50	176	1	0	0	0	1	0	0	0	"""s1:1→1 / s2:44→0"""	"""s2:47→1"""
47	22	52	176	1	0	0	0	1	0	0	0	"""s1:1→1 / s2:44→1"""	"""s2:47→1"""
47	22	54	176	1	0	0	0	1	0	0	0	"""s1:1→1 / s2:44→2"""	"""s2:47→1"""
47	22	55	176	1	0	0	0	1	0	0	0	"""s1:1→1 / s2:44→3"""	"""s2:47→1"""
47	22	55	176	1	0	0	0	1	0	0	0	"""s1:1→1 / s2:44→4"""	"""s2:47→1"""
47	22	55	176	1	0	0	0	1	0	0	0	"""s1:1→1 / s2:44→5"""	"""s2:47→1"""
47	22	49	202	1	0	0	1	0	0	0	0	"""s1:1→1 / s2:44→0"""	"""s2:47→1"""
47	22	49	226	1	0	1	0	0	0	0	0	"""s1:1→1 / s2:1→0, 44→0"""	"""s2:47→1"""
47	22	49	226	1	0	1	0	0	0	0	0	"""s1:1→1 / s2:1→1, 44→1"""	"""s2:47→1"""
47	22	49	226	1	0	1	0	0	0	0	0	"""s1:1→1 / s2:1→2, 44→2"""	"""s2:47→1"""
47	22	49	226	1	0	1	0	0	0	0	0	"""s1:1→1 / s2:1→2, 44→3"""	"""s2:47→1"""
47	22	50	226	1	0	1	0	0	0	0	0	"""s1:1→1 / s2:1→1, 44→0"""	"""s2:47→1"""
47	22	50	226	1	0	1	0	0	0	0	0	"""s1:1→1 / s2:1→2, 44→1"""	"""s2:47→1"""
47	22	50	226	1	0	1	0	0	0	0	0	"""s1:1→1 / s2:1→3, 44→2"""	"""s2:47→1"""
47	22	52	226	1	0	1	0	0	0	0	0	"""s1:1→1 / s2:1→2, 44→0"""	"""s2:47→1"""
47	22	52	226	1	0	1	0	0	0	0	0	"""s1:1→1 / s2:1→1, 44→2"""	"""s2:47→1"""
47	22	53	226	1	0	1	0	0	0	0	0	"""s1:1→1 / s2:1→3, 44→0"""	"""s2:47→1"""
47	22	51	226	1	0	1	0	0	0	0	0	"""s1:1→1 / s2:1→3, 44→1"""	"""s2:47→1"""
47	22	51	226	1	0	1	0	0	0	0	0	"""s1:1→1 / s2:1→4, 44→1"""	"""s2:47→1"""
47	22	54	226	1	0	1	0	0	0	0	0	"""s1:1→1 / s2:1→4, 44→0"""	"""s2:47→1"""
47	22	52	246	1	1	0	0	0	0	0	0	"""s1:1→0, 44→1 / s2:1→0"""	"""s2:47→1"""
47	22	52	246	1	1	0	0	0	0	0	0	"""s1:1→1, 44→0 / s2:1→3, 44→0"""	"""s2:47→1"""
47	22	52	246	1	1	0	0	0	0	0	0	"""s1:1→3, 44→1 / s2:1→3"""	"""s2:47→1"""
47	22	54	246	1	1	0	0	0	0	0	0	"""s1:1→1, 44→0 / s2:1→1, 44→0"""	"""s2:48→1"""
47	22	49	246	1	1	0	0	0	0	0	0	"""s1:1→1, 44→0 / s2:1→1, 44→1"""	"""s2:48→1"""
47	22	49	246	1	1	0	0	0	0	0	0	"""s1:1→1, 44→0 / s2:1→2, 44→2"""	"""s2:48→1"""
47	22	49	246	1	1	0	0	0	0	0	0	"""s1:1→1, 44→0 / s2:1→3, 44→2"""	"""s2:48→1"""
47	22	49	246	1	1	0	0	0	0	0	0	"""s1:1→1, 44→0 / s2:1→1, 44→0"""	"""s2:47→1"""
47	22	49	246	1	1	0	0	0	0	0	0	"""s1:1→1, 44→0 / s2:1→2, 44→1"""	"""s2:47→1"""
47	22	49	246	1	1	0	0	0	0	0	0	"""s1:1→1, 44→0 / s2:1→2, 44→2"""	"""s2:47→1"""
47	22	49	246	1	1	0	0	0	0	0	0	"""s1:1→1, 44→0 / s2:1→3, 44→2"""	"""s2:47→1"""
47	22	49	246	1	1	0	0	0	0	0	0	"""s1:1→1, 44→1 / s2:1→1"""	"""s2:48→1"""
47	22	49	246	1	1	0	0	0	0	0	0	"""s1:1→1, 44→1 / s2:1→0"""	"""s2:47→1"""
47	22	49	246	1	1	0	0	0	0	0	0	"""s1:1→1, 44→1 / s2:1→1"""	"""s2:47→1"""
47	22	49	246	1	1	0	0	0	0	0	0	"""s1:1→2, 44→1 / s2:1→1"""	"""s2:48→1"""
47	22	49	246	1	1	0	0	0	0	0	0	"""s1:1→2, 44→1 / s2:1→0"""	"""s2:47→1"""
47	22	49	246	1	1	0	0	0	0	0	0	"""s1:1→2, 44→1 / s2:1→1"""	"""s2:47→1"""
47	22	49	246	1	1	0	0	0	0	0	0	"""s1:1→2, 44→1 / s2:1→2"""	"""s2:47→1"""
47	22	49	246	1	1	0	0	0	0	0	0	"""s1:1→3, 44→1 / s2:1→1"""	"""s2:47→1"""
47	22	49	246	1	1	0	0	0	0	0	0	"""s1:1→3, 44→1 / s2:1→2"""	"""s2:47→1"""
47	22	55	246	1	1	0	0	0	0	0	0	"""s1:1→1, 44→0 / s2:1→2, 44→0"""	"""s2:48→1"""
47	22	55	246	1	1	0	0	0	0	0	0	"""s1:1→2, 44→0 / s2:1→3, 44→0"""	"""s2:47→1"""
47	22	55	246	1	1	0	0	0	0	0	0	"""s1:1→2, 44→0 / s2:1→4, 44→0"""	"""s2:47→1"""
47	22	55	246	1	1	0	0	0	0	0	0	"""s1:1→2, 44→0 / s2:1→5, 44→0"""	"""s2:47→1"""
47	22	50	246	1	1	0	0	0	0	0	0	"""s1:1→1, 44→0 / s2:1→2, 44→1"""	"""s2:48→1"""
47	22	50	246	1	1	0	0	0	0	0	0	"""s1:1→1, 44→0 / s2:1→3, 44→1"""	"""s2:47→1"""
47	22	50	246	1	1	0	0	0	0	0	0	"""s1:1→1, 44→0 / s2:1→4, 44→1"""	"""s2:47→1"""
47	22	50	246	1	1	0	0	0	0	0	0	"""s1:1→4, 44→1 / s2:1→1"""	"""s2:47→1"""
47	22	56	246	1	1	0	0	0	0	0	0	"""s1:1→1, 44→0 / s2:1→3, 44→0"""	"""s2:48→1"""
47	22	56	246	1	1	0	0	0	0	0	0	"""s1:1→1, 44→0 / s2:1→4, 44→0"""	"""s2:48→1"""
47	22	56	246	1	1	0	0	0	0	0	0	"""s1:1→1, 44→0 / s2:1→5, 44→0"""	"""s2:48→1"""
47	22	56	246	1	1	0	0	0	0	0	0	"""s1:1→2, 44→0 / s2:1→1, 44→0"""	"""s2:48→1"""
47	22	51	246	1	1	0	0	0	0	0	0	"""s1:1→1, 44→0 / s2:1→3, 44→1"""	"""s2:48→1"""
47	22	51	246	1	1	0	0	0	0	0	0	"""s1:1→1, 44→0 / s2:1→2, 44→3"""	"""s2:48→1"""
47	22	51	246	1	1	0	0	0	0	0	0	"""s1:1→1, 44→0 / s2:1→4, 44→1"""	"""s2:48→1"""
47	22	51	246	1	1	0	0	0	0	0	0	"""s1:1→1, 44→0 / s2:1→2, 44→0"""	"""s2:47→1"""
47	22	53	246	1	1	0	0	0	0	0	0	"""s1:1→1, 44→0 / s2:1→4, 44→0"""	"""s2:47→1"""
47	22	53	246	1	1	0	0	0	0	0	0	"""s1:1→1, 44→0 / s2:1→5, 44→0"""	"""s2:47→1"""
47	22	58	246	1	1	0	0	0	0	0	0	"""s1:1→2, 44→0 / s2:1→2, 44→0"""	"""s2:47→1"""
47	22	72	246	1	1	0	0	0	0	0	0	"""s1:1→3, 44→0 / s2:1→3, 44→0"""	"""s2:47→1"""
47	22	60	246	1	1	0	0	0	0	0	0	"""s1:1→3, 44→0 / s2:1→4, 44→0"""	"""s2:47→1"""
47	22	52	168	1	1	0	0	1	0	0	0	"""s1:1→1 / s2:44→1 / s3:∅"""	"""s3:47→1"""
47	22	56	238	1	2	0	0	0	0	0	0	"""s1:1→1, 44→0 / s2:1→1, 44→0 / s3:1→1, 44→0"""	"""s3:49→1"""
47	22	55	238	1	2	0	0	0	0	0	0	"""s1:1→1, 44→0 / s2:1→1, 44→0 / s3:1→1, 44→0"""	"""s3:47→1"""
47	22	55	238	1	2	0	0	0	0	0	0	"""s1:1→1, 44→0 / s2:1→1, 44→0 / s3:1→4, 44→1"""	"""s3:47→1"""
47	22	54	238	1	2	0	0	0	0	0	0	"""s1:1→1, 44→0 / s2:1→1, 44→0 / s3:1→2, 44→0"""	"""s3:47→1"""
47	22	54	238	1	2	0	0	0	0	0	0	"""s1:1→1, 44→0 / s2:1→1, 44→0 / s3:1→3, 44→0"""	"""s3:47→1"""
47	22	54	238	1	2	0	0	0	0	0	0	"""s1:1→1, 44→0 / s2:1→1, 44→0 / s3:1→4, 44→0"""	"""s3:47→1"""
47	22	63	238	1	2	0	0	0	0	0	0	"""s1:1→1, 44→0 / s2:1→1, 44→0 / s3:1→3, 44→1"""	"""s3:47→1"""
47	22	50	238	1	2	0	0	0	0	0	0	"""s1:1→1, 44→0 / s2:1→1, 44→1 / s3:1→1"""	"""s3:47→1"""
47	22	56	244	2	1	0	0	0	0	0	0	"""s1:1→1, 44→0 / s2:1→1, 44→0 / s3:1→1, 44→0"""	"""s2:48→1 / s3:48→1"""
47	22	56	244	2	1	0	0	0	0	0	0	"""s1:1→1, 44→0 / s2:1→1, 44→0 / s3:1→2, 44→0"""	"""s2:48→1 / s3:48→1"""
47	22	58	245	2	1	0	0	0	0	0	0	"""s1:1→1, 44→0 / s2:1→1, 44→0 / s3:1→2, 44→0"""	"""s2:48→1 / s3:47→1"""
47	22	55	245	2	1	0	0	0	0	0	0	"""s1:1→1, 44→0 / s2:1→1, 44→0 / s3:1→3, 44→0"""	"""s2:48→1 / s3:47→1"""
47	22	55	245	2	1	0	0	0	0	0	0	"""s1:1→1, 44→0 / s2:1→1, 44→0 / s3:1→4, 44→0"""	"""s2:48→1 / s3:47→1"""
47	22	55	245	2	1	0	0	0	0	0	0	"""s1:1→1, 44→0 / s2:1→1, 44→0 / s3:1→5, 44→0"""	"""s2:48→1 / s3:47→1"""
47	22	55	245	2	1	0	0	0	0	0	0	"""s1:1→1, 44→0 / s2:1→2, 44→0 / s3:1→2, 44→1"""	"""s2:47→1 / s3:48→1"""
47	22	50	244	2	1	0	0	0	0	0	0	"""s1:1→1, 44→0 / s2:1→1, 44→1 / s3:1→1, 44→1"""	"""s2:48→1 / s3:48→1"""
47	22	50	244	2	1	0	0	0	0	0	0	"""s1:1→1, 44→0 / s2:1→1, 44→1 / s3:1→2, 44→2"""	"""s2:48→1 / s3:48→1"""
47	22	52	244	2	1	0	0	0	0	0	0	"""s1:1→1, 44→0 / s2:1→1, 44→1 / s3:1→2, 44→1"""	"""s2:48→1 / s3:48→1"""
47	22	50	245	2	1	0	0	0	0	0	0	"""s1:1→1, 44→0 / s2:1→1, 44→1 / s3:1→2, 44→1"""	"""s2:48→1 / s3:47→1"""
47	22	50	245	2	1	0	0	0	0	0	0	"""s1:1→1, 44→0 / s2:1→1, 44→1 / s3:1→3, 44→2"""	"""s2:48→1 / s3:47→1"""
47	22	50	245	2	1	0	0	0	0	0	0	"""s1:1→1, 44→0 / s2:1→1, 44→0 / s3:1→1, 44→1"""	"""s2:47→1 / s3:48→1"""
47	22	50	245	2	1	0	0	0	0	0	0	"""s1:1→1, 44→0 / s2:1→1, 44→0 / s3:1→2, 44→1"""	"""s2:47→1 / s3:48→1"""
47	22	50	245	2	1	0	0	0	0	0	0	"""s1:1→1, 44→0 / s2:1→1, 44→0 / s3:1→3, 44→2"""	"""s2:47→1 / s3:48→1"""
47	22	50	245	2	1	0	0	0	0	0	0	"""s1:1→1, 44→0 / s2:1→2, 44→1 / s3:1→2, 44→2"""	"""s2:47→1 / s3:48→1"""
47	22	50	245	2	1	0	0	0	0	0	0	"""s1:1→1, 44→1 / s2:1→1 / s3:1→1"""	"""s2:48→1 / s3:47→1"""
47	22	51	245	2	1	0	0	0	0	0	0	"""s1:1→1, 44→0 / s2:1→1, 44→1 / s3:1→3, 44→1"""	"""s2:48→1 / s3:47→1"""
47	22	51	245	2	1	0	0	0	0	0	0	"""s1:1→1, 44→0 / s2:1→1, 44→0 / s3:1→3, 44→1"""	"""s2:47→1 / s3:48→1"""
47	22	53	245	2	1	0	0	0	0	0	0	"""s1:1→1, 44→0 / s2:1→1, 44→0 / s3:1→4, 44→1"""	"""s2:47→1 / s3:48→1"""
47	23	48	206	0	0	0	1	0	0	0	0	"""s1:1→1, 47→0"""	""""""
47	23	48	206	0	0	0	1	0	0	0	0	"""s1:1→0, 47→1"""	""""""
47	23	49	206	0	0	0	1	0	0	0	0	"""s1:1→1, 47→1"""	""""""
47	23	50	154	0	0	0	2	0	0	0	0	"""s1:1→0, 47→1 / s2:1→1"""	""""""
47	23	48	230	0	0	1	0	0	0	0	0	"""s1:1→0, 47→1"""	""""""
47	23	48	230	0	0	1	0	0	0	0	0	"""s1:1→1, 47→0"""	""""""
47	23	48	230	0	0	1	0	0	0	0	0	"""s1:1→1, 47→1"""	""""""
47	23	49	178	0	0	1	1	0	0	0	0	"""s1:1→1, 47→0 / s2:47→1"""	""""""
47	23	50	178	0	0	1	1	0	0	0	0	"""s1:1→0, 47→1 / s2:1→1"""	""""""
47	23	49	202	0	0	2	0	0	0	0	0	"""s1:1→0, 47→1 / s2:1→1"""	""""""
47	23	48	250	0	1	0	0	0	0	0	0	"""s1:1→0, 47→1"""	""""""
47	23	48	250	0	1	0	0	0	0	0	0	"""s1:1→1, 47→0"""	""""""
47	23	48	250	0	1	0	0	0	0	0	0	"""s1:1→1, 47→1"""	""""""
47	23	55	250	0	1	0	0	0	0	0	0	"""s1:1→0, 47→2"""	""""""
47	23	55	250	0	1	0	0	0	0	0	0	"""s1:1→2, 47→0"""	""""""
47	23	55	250	0	1	0	0	0	0	0	0	"""s1:1→0, 47→3"""	""""""
47	23	49	250	0	1	0	0	0	0	0	0	"""s1:1→1, 47→2"""	""""""
47	23	49	250	0	1	0	0	0	0	0	0	"""s1:1→2, 47→1"""	""""""
47	23	49	250	0	1	0	0	0	0	0	0	"""s1:1→2, 47→2"""	""""""
47	23	49	250	0	1	0	0	0	0	0	0	"""s1:1→2, 47→3"""	""""""
47	23	49	250	0	1	0	0	0	0	0	0	"""s1:1→3, 47→2"""	""""""
47	23	56	250	0	1	0	0	0	0	0	0	"""s1:1→3, 47→0"""	""""""
47	23	56	250	0	1	0	0	0	0	0	0	"""s1:1→0, 47→4"""	""""""
47	23	56	250	0	1	0	0	0	0	0	0	"""s1:1→4, 47→0"""	""""""
47	23	56	250	0	1	0	0	0	0	0	0	"""s1:1→0, 47→5"""	""""""
47	23	56	250	0	1	0	0	0	0	0	0	"""s1:1→5, 47→0"""	""""""
47	23	50	250	0	1	0	0	0	0	0	0	"""s1:1→1, 47→3"""	""""""
47	23	51	250	0	1	0	0	0	0	0	0	"""s1:1→3, 47→1"""	""""""
47	23	51	250	0	1	0	0	0	0	0	0	"""s1:1→1, 47→4"""	""""""
47	23	51	250	0	1	0	0	0	0	0	0	"""s1:1→4, 47→1"""	""""""
47	23	49	198	0	1	0	1	0	0	0	0	"""s1:1→1, 47→0 / s2:47→1"""	""""""
47	23	49	198	0	1	0	1	0	0	0	0	"""s1:1→0, 47→1 / s2:1→1"""	""""""
47	23	50	222	0	1	1	0	0	0	0	0	"""s1:1→0, 47→1 / s2:1→1"""	""""""
47	23	51	222	0	1	1	0	0	0	0	0	"""s1:1→1, 47→0 / s2:47→1"""	""""""
47	23	53	242	0	2	0	0	0	0	0	0	"""s1:1→0, 47→1 / s2:1→0, 47→1"""	""""""
47	23	53	242	0	2	0	0	0	0	0	0	"""s1:1→1, 47→0 / s2:1→1, 47→0"""	""""""
47	23	56	242	0	2	0	0	0	0	0	0	"""s1:1→0, 47→1 / s2:1→0, 47→2"""	""""""
47	23	56	242	0	2	0	0	0	0	0	0	"""s1:1→1, 47→0 / s2:1→2, 47→0"""	""""""
47	23	49	242	0	2	0	0	0	0	0	0	"""s1:1→0, 47→1 / s2:1→1, 47→1"""	""""""
47	23	49	242	0	2	0	0	0	0	0	0	"""s1:1→0, 47→1 / s2:1→2, 47→1"""	""""""
47	23	49	242	0	2	0	0	0	0	0	0	"""s1:1→0, 47→1 / s2:1→3, 47→2"""	""""""
47	23	49	242	0	2	0	0	0	0	0	0	"""s1:1→1, 47→0 / s2:1→1, 47→1"""	""""""
47	23	49	242	0	2	0	0	0	0	0	0	"""s1:1→1, 47→0 / s2:1→2, 47→3"""	""""""
47	23	49	242	0	2	0	0	0	0	0	0	"""s1:1→1, 47→1 / s2:1→1, 47→1"""	""""""
47	23	49	242	0	2	0	0	0	0	0	0	"""s1:1→1, 47→1 / s2:1→1, 47→2"""	""""""
47	23	49	242	0	2	0	0	0	0	0	0	"""s1:1→1, 47→1 / s2:1→2, 47→1"""	""""""
47	23	49	242	0	2	0	0	0	0	0	0	"""s1:1→1, 47→1 / s2:1→2, 47→2"""	""""""
47	23	51	242	0	2	0	0	0	0	0	0	"""s1:1→0, 47→1 / s2:1→1, 47→2"""	""""""
47	23	51	242	0	2	0	0	0	0	0	0	"""s1:1→1, 47→0 / s2:1→2, 47→1"""	""""""
47	23	50	242	0	2	0	0	0	0	0	0	"""s1:1→0, 47→1 / s2:1→2, 47→2"""	""""""
47	23	50	242	0	2	0	0	0	0	0	0	"""s1:1→1, 47→0 / s2:1→1, 47→2"""	""""""
47	23	50	242	0	2	0	0	0	0	0	0	"""s1:1→1, 47→0 / s2:1→2, 47→2"""	""""""
47	23	48	256	1	0	0	0	0	0	0	0	"""s1:1→0, 47→0"""	"""s1:46→1"""
47	23	48	256	1	0	0	0	0	0	0	0	"""s1:1→1, 47→0"""	"""s1:46→1"""
47	23	48	256	1	0	0	0	0	0	0	0	"""s1:1→1, 47→1"""	"""s1:46→1"""
47	23	48	256	1	0	0	0	0	0	0	0	"""s1:1→2, 47→1"""	"""s1:46→1"""
47	23	48	256	1	0	0	0	0	0	0	0	"""s1:1→2, 47→2"""	"""s1:46→1"""
47	23	48	256	1	0	0	0	0	0	0	0	"""s1:1→3, 47→2"""	"""s1:46→1"""
47	23	53	256	1	0	0	0	0	0	0	0	"""s1:1→0, 47→1"""	"""s1:46→1"""
47	23	54	256	1	0	0	0	0	0	0	0	"""s1:1→0, 47→2"""	"""s1:46→1"""
47	23	54	256	1	0	0	0	0	0	0	0	"""s1:1→0, 47→3"""	"""s1:46→1"""
47	23	49	256	1	0	0	0	0	0	0	0	"""s1:1→2, 47→0"""	"""s1:46→1"""
47	23	49	256	1	0	0	0	0	0	0	0	"""s1:1→1, 47→2"""	"""s1:46→1"""
47	23	49	256	1	0	0	0	0	0	0	0	"""s1:1→3, 47→1"""	"""s1:46→1"""
47	23	49	256	1	0	0	0	0	0	0	0	"""s1:1→2, 47→3"""	"""s1:46→1"""
47	23	49	256	1	0	0	0	0	0	0	0	"""s1:1→4, 47→1"""	"""s1:46→1"""
47	23	51	256	1	0	0	0	0	0	0	0	"""s1:1→3, 47→0"""	"""s1:46→1"""
47	23	51	256	1	0	0	0	0	0	0	0	"""s1:1→4, 47→0"""	"""s1:46→1"""
47	23	51	256	1	0	0	0	0	0	0	0	"""s1:1→1, 47→4"""	"""s1:46→1"""
47	23	55	256	1	0	0	0	0	0	0	0	"""s1:1→0, 47→4"""	"""s1:46→1"""
47	23	55	256	1	0	0	0	0	0	0	0	"""s1:1→0, 47→5"""	"""s1:46→1"""
47	23	50	256	1	0	0	0	0	0	0	0	"""s1:1→1, 47→3"""	"""s1:46→1"""
47	23	52	256	1	0	0	0	0	0	0	0	"""s1:1→5, 47→0"""	"""s1:46→1"""
47	23	49	204	1	0	0	1	0	0	0	0	"""s1:1→1, 47→0 / s2:47→0"""	"""s2:46→1"""
47	23	52	228	1	0	1	0	0	0	0	0	"""s1:1→0, 47→1 / s2:1→0, 47→0"""	"""s2:46→1"""
47	23	49	228	1	0	1	0	0	0	0	0	"""s1:1→0, 47→1 / s2:1→1, 47→0"""	"""s2:46→1"""
47	23	49	228	1	0	1	0	0	0	0	0	"""s1:1→0, 47→1 / s2:1→2, 47→0"""	"""s2:46→1"""
47	23	49	228	1	0	1	0	0	0	0	0	"""s1:1→1, 47→0 / s2:1→0, 47→0"""	"""s2:46→1"""
47	23	49	228	1	0	1	0	0	0	0	0	"""s1:1→1, 47→0 / s2:1→1, 47→1"""	"""s2:46→1"""
47	23	49	228	1	0	1	0	0	0	0	0	"""s1:1→1, 47→0 / s2:1→1, 47→2"""	"""s2:46→1"""
47	23	49	228	1	0	1	0	0	0	0	0	"""s1:1→1, 47→1 / s2:1→0, 47→0"""	"""s2:46→1"""
47	23	49	228	1	0	1	0	0	0	0	0	"""s1:1→1, 47→1 / s2:1→1, 47→0"""	"""s2:46→1"""
47	23	50	228	1	0	1	0	0	0	0	0	"""s1:1→1, 47→0 / s2:1→1, 47→0"""	"""s2:46→1"""
47	23	57	176	1	0	1	1	0	0	0	0	"""s1:1→1, 47→0 / s2:47→1 / s3:47→0"""	"""s3:46→1"""
47	23	50	200	1	0	2	0	0	0	0	0	"""s1:1→0, 47→1 / s2:1→1 / s3:1→1, 47→0"""	"""s3:46→1"""
47	23	51	248	1	1	0	0	0	0	0	0	"""s1:1→0, 47→1 / s2:1→0, 47→0"""	"""s2:46→1"""
47	23	51	248	1	1	0	0	0	0	0	0	"""s1:1→0, 47→1 / s2:1→1, 47→2"""	"""s2:46→1"""
47	23	51	248	1	1	0	0	0	0	0	0	"""s1:1→1, 47→0 / s2:1→2, 47→0"""	"""s2:46→1"""
47	23	51	248	1	1	0	0	0	0	0	0	"""s1:1→1, 47→0 / s2:1→4, 47→1"""	"""s2:46→1"""
47	23	51	248	1	1	0	0	0	0	0	0	"""s1:1→1, 47→1 / s2:1→1, 47→3"""	"""s2:46→1"""
47	23	51	248	1	1	0	0	0	0	0	0	"""s1:1→2, 47→1 / s2:1→3, 47→0"""	"""s2:46→1"""
47	23	51	248	1	1	0	0	0	0	0	0	"""s1:1→1, 47→3 / s2:1→0, 47→0"""	"""s2:46→1"""
47	23	51	248	1	1	0	0	0	0	0	0	"""s1:1→3, 47→1 / s2:1→1, 47→0"""	"""s2:46→1"""
47	23	54	248	1	1	0	0	0	0	0	0	"""s1:1→0, 47→1 / s2:1→0, 47→1"""	"""s2:46→1"""
47	23	54	248	1	1	0	0	0	0	0	0	"""s1:1→0, 47→2 / s2:1→0, 47→0"""	"""s2:46→1"""
47	23	49	248	1	1	0	0	0	0	0	0	"""s1:1→0, 47→1 / s2:1→1, 47→0"""	"""s2:46→1"""
47	23	49	248	1	1	0	0	0	0	0	0	"""s1:1→0, 47→1 / s2:1→2, 47→1"""	"""s2:46→1"""
47	23	49	248	1	1	0	0	0	0	0	0	"""s1:1→0, 47→1 / s2:1→3, 47→1"""	"""s2:46→1"""
47	23	49	248	1	1	0	0	0	0	0	0	"""s1:1→0, 47→1 / s2:1→3, 47→2"""	"""s2:46→1"""
47	23	49	248	1	1	0	0	0	0	0	0	"""s1:1→1, 47→0 / s2:1→1, 47→0"""	"""s2:46→1"""
47	23	49	248	1	1	0	0	0	0	0	0	"""s1:1→1, 47→0 / s2:1→1, 47→1"""	"""s2:46→1"""
47	23	49	248	1	1	0	0	0	0	0	0	"""s1:1→1, 47→0 / s2:1→2, 47→1"""	"""s2:46→1"""
47	23	49	248	1	1	0	0	0	0	0	0	"""s1:1→1, 47→0 / s2:1→2, 47→2"""	"""s2:46→1"""
47	23	49	248	1	1	0	0	0	0	0	0	"""s1:1→1, 47→0 / s2:1→2, 47→3"""	"""s2:46→1"""
47	23	49	248	1	1	0	0	0	0	0	0	"""s1:1→1, 47→0 / s2:1→3, 47→2"""	"""s2:46→1"""
47	23	49	248	1	1	0	0	0	0	0	0	"""s1:1→1, 47→1 / s2:1→0, 47→0"""	"""s2:46→1"""
47	23	49	248	1	1	0	0	0	0	0	0	"""s1:1→1, 47→1 / s2:1→1, 47→0"""	"""s2:46→1"""
47	23	49	248	1	1	0	0	0	0	0	0	"""s1:1→1, 47→1 / s2:1→1, 47→1"""	"""s2:46→1"""
47	23	49	248	1	1	0	0	0	0	0	0	"""s1:1→1, 47→1 / s2:1→2, 47→0"""	"""s2:46→1"""
47	23	49	248	1	1	0	0	0	0	0	0	"""s1:1→1, 47→1 / s2:1→1, 47→2"""	"""s2:46→1"""
47	23	49	248	1	1	0	0	0	0	0	0	"""s1:1→1, 47→1 / s2:1→2, 47→1"""	"""s2:46→1"""
47	23	49	248	1	1	0	0	0	0	0	0	"""s1:1→1, 47→1 / s2:1→2, 47→2"""	"""s2:46→1"""
47	23	49	248	1	1	0	0	0	0	0	0	"""s1:1→1, 47→1 / s2:1→3, 47→1"""	"""s2:46→1"""
47	23	49	248	1	1	0	0	0	0	0	0	"""s1:1→1, 47→1 / s2:1→2, 47→3"""	"""s2:46→1"""
47	23	49	248	1	1	0	0	0	0	0	0	"""s1:1→1, 47→1 / s2:1→3, 47→2"""	"""s2:46→1"""
47	23	49	248	1	1	0	0	0	0	0	0	"""s1:1→1, 47→1 / s2:1→4, 47→1"""	"""s2:46→1"""
47	23	49	248	1	1	0	0	0	0	0	0	"""s1:1→1, 47→2 / s2:1→1, 47→1"""	"""s2:46→1"""
47	23	49	248	1	1	0	0	0	0	0	0	"""s1:1→1, 47→2 / s2:1→2, 47→1"""	"""s2:46→1"""
47	23	49	248	1	1	0	0	0	0	0	0	"""s1:1→2, 47→1 / s2:1→1, 47→0"""	"""s2:46→1"""
47	23	49	248	1	1	0	0	0	0	0	0	"""s1:1→2, 47→1 / s2:1→2, 47→1"""	"""s2:46→1"""
47	23	49	248	1	1	0	0	0	0	0	0	"""s1:1→2, 47→1 / s2:1→3, 47→1"""	"""s2:46→1"""
47	23	49	248	1	1	0	0	0	0	0	0	"""s1:1→2, 47→1 / s2:1→3, 47→2"""	"""s2:46→1"""
47	23	49	248	1	1	0	0	0	0	0	0	"""s1:1→2, 47→2 / s2:1→0, 47→0"""	"""s2:46→1"""
47	23	49	248	1	1	0	0	0	0	0	0	"""s1:1→2, 47→2 / s2:1→1, 47→0"""	"""s2:46→1"""
47	23	49	248	1	1	0	0	0	0	0	0	"""s1:1→2, 47→2 / s2:1→1, 47→1"""	"""s2:46→1"""
47	23	49	248	1	1	0	0	0	0	0	0	"""s1:1→2, 47→2 / s2:1→2, 47→1"""	"""s2:46→1"""
47	23	49	248	1	1	0	0	0	0	0	0	"""s1:1→2, 47→2 / s2:1→3, 47→1"""	"""s2:46→1"""
47	23	49	248	1	1	0	0	0	0	0	0	"""s1:1→2, 47→3 / s2:1→0, 47→0"""	"""s2:46→1"""
47	23	49	248	1	1	0	0	0	0	0	0	"""s1:1→2, 47→3 / s2:1→1, 47→0"""	"""s2:46→1"""
47	23	49	248	1	1	0	0	0	0	0	0	"""s1:1→3, 47→2 / s2:1→1, 47→0"""	"""s2:46→1"""
47	23	55	248	1	1	0	0	0	0	0	0	"""s1:1→0, 47→1 / s2:1→0, 47→2"""	"""s2:46→1"""
47	23	55	248	1	1	0	0	0	0	0	0	"""s1:1→0, 47→1 / s2:1→0, 47→3"""	"""s2:46→1"""
47	23	55	248	1	1	0	0	0	0	0	0	"""s1:1→0, 47→1 / s2:1→0, 47→4"""	"""s2:46→1"""
47	23	55	248	1	1	0	0	0	0	0	0	"""s1:1→0, 47→1 / s2:1→0, 47→5"""	"""s2:46→1"""
47	23	55	248	1	1	0	0	0	0	0	0	"""s1:1→0, 47→2 / s2:1→0, 47→1"""	"""s2:46→1"""
47	23	55	248	1	1	0	0	0	0	0	0	"""s1:1→2, 47→0 / s2:1→3, 47→0"""	"""s2:46→1"""
47	23	55	248	1	1	0	0	0	0	0	0	"""s1:1→2, 47→0 / s2:1→4, 47→0"""	"""s2:46→1"""
47	23	50	248	1	1	0	0	0	0	0	0	"""s1:1→0, 47→1 / s2:1→1, 47→1"""	"""s2:46→1"""
47	23	50	248	1	1	0	0	0	0	0	0	"""s1:1→0, 47→1 / s2:1→2, 47→2"""	"""s2:46→1"""
47	23	50	248	1	1	0	0	0	0	0	0	"""s1:1→0, 47→1 / s2:1→2, 47→3"""	"""s2:46→1"""
47	23	50	248	1	1	0	0	0	0	0	0	"""s1:1→1, 47→0 / s2:1→3, 47→1"""	"""s2:46→1"""
47	23	50	248	1	1	0	0	0	0	0	0	"""s1:1→1, 47→2 / s2:1→0, 47→0"""	"""s2:46→1"""
47	23	50	248	1	1	0	0	0	0	0	0	"""s1:1→1, 47→2 / s2:1→1, 47→0"""	"""s2:46→1"""
47	23	50	248	1	1	0	0	0	0	0	0	"""s1:1→2, 47→1 / s2:1→2, 47→0"""	"""s2:46→1"""
47	23	50	248	1	1	0	0	0	0	0	0	"""s1:1→2, 47→1 / s2:1→4, 47→1"""	"""s2:46→1"""
47	23	52	248	1	1	0	0	0	0	0	0	"""s1:1→0, 47→1 / s2:1→1, 47→3"""	"""s2:46→1"""
47	23	52	248	1	1	0	0	0	0	0	0	"""s1:1→0, 47→1 / s2:1→1, 47→4"""	"""s2:46→1"""
47	23	52	248	1	1	0	0	0	0	0	0	"""s1:1→1, 47→0 / s2:1→3, 47→0"""	"""s2:46→1"""
47	23	52	248	1	1	0	0	0	0	0	0	"""s1:1→1, 47→1 / s2:1→3, 47→0"""	"""s2:46→1"""
47	23	52	248	1	1	0	0	0	0	0	0	"""s1:1→2, 47→1 / s2:1→4, 47→0"""	"""s2:46→1"""
47	23	54	249	1	1	0	0	0	0	0	0	"""s1:1→0, 47→1 / s2:1→0, 47→1"""	"""s2:48→1"""
47	23	50	249	1	1	0	0	0	0	0	0	"""s1:1→0, 47→1 / s2:1→1, 47→0"""	"""s2:48→1"""
47	23	50	249	1	1	0	0	0	0	0	0	"""s1:1→0, 47→1 / s2:1→1, 47→1"""	"""s2:48→1"""
47	23	50	249	1	1	0	0	0	0	0	0	"""s1:1→0, 47→1 / s2:1→2, 47→2"""	"""s2:48→1"""
47	23	50	249	1	1	0	0	0	0	0	0	"""s1:1→0, 47→1 / s2:1→2, 47→3"""	"""s2:48→1"""
47	23	50	249	1	1	0	0	0	0	0	0	"""s1:1→1, 47→0 / s2:1→1, 47→1"""	"""s2:48→1"""
47	23	50	249	1	1	0	0	0	0	0	0	"""s1:1→1, 47→0 / s2:1→2, 47→2"""	"""s2:48→1"""
47	23	50	249	1	1	0	0	0	0	0	0	"""s1:1→1, 47→0 / s2:1→3, 47→2"""	"""s2:48→1"""
47	23	50	249	1	1	0	0	0	0	0	0	"""s1:1→1, 47→1 / s2:1→1, 47→0"""	"""s2:48→1"""
47	23	50	249	1	1	0	0	0	0	0	0	"""s1:1→1, 47→1 / s2:1→1, 47→3"""	"""s2:48→1"""
47	23	50	249	1	1	0	0	0	0	0	0	"""s1:1→1, 47→1 / s2:1→3, 47→1"""	"""s2:48→1"""
47	23	55	249	1	1	0	0	0	0	0	0	"""s1:1→0, 47→1 / s2:1→0, 47→2"""	"""s2:48→1"""
47	23	55	249	1	1	0	0	0	0	0	0	"""s1:1→1, 47→0 / s2:1→1, 47→0"""	"""s2:48→1"""
47	23	55	249	1	1	0	0	0	0	0	0	"""s1:1→1, 47→0 / s2:1→2, 47→0"""	"""s2:48→1"""
47	23	56	249	1	1	0	0	0	0	0	0	"""s1:1→0, 47→1 / s2:1→0, 47→3"""	"""s2:48→1"""
47	23	56	249	1	1	0	0	0	0	0	0	"""s1:1→0, 47→1 / s2:1→0, 47→4"""	"""s2:48→1"""
47	23	56	249	1	1	0	0	0	0	0	0	"""s1:1→0, 47→1 / s2:1→0, 47→5"""	"""s2:48→1"""
47	23	56	249	1	1	0	0	0	0	0	0	"""s1:1→1, 47→0 / s2:1→3, 47→0"""	"""s2:48→1"""
47	23	56	249	1	1	0	0	0	0	0	0	"""s1:1→1, 47→0 / s2:1→4, 47→0"""	"""s2:48→1"""
47	23	56	249	1	1	0	0	0	0	0	0	"""s1:1→1, 47→0 / s2:1→5, 47→0"""	"""s2:48→1"""
47	23	51	249	1	1	0	0	0	0	0	0	"""s1:1→0, 47→1 / s2:1→1, 47→2"""	"""s2:48→1"""
47	23	51	249	1	1	0	0	0	0	0	0	"""s1:1→1, 47→0 / s2:1→2, 47→1"""	"""s2:48→1"""
47	23	51	249	1	1	0	0	0	0	0	0	"""s1:1→1, 47→1 / s2:1→1, 47→4"""	"""s2:48→1"""
47	23	51	249	1	1	0	0	0	0	0	0	"""s1:1→1, 47→1 / s2:1→4, 47→1"""	"""s2:48→1"""
47	23	49	249	1	1	0	0	0	0	0	0	"""s1:1→0, 47→1 / s2:1→2, 47→1"""	"""s2:48→1"""
47	23	49	249	1	1	0	0	0	0	0	0	"""s1:1→0, 47→1 / s2:1→3, 47→2"""	"""s2:48→1"""
47	23	49	249	1	1	0	0	0	0	0	0	"""s1:1→1, 47→0 / s2:1→0, 47→1"""	"""s2:48→1"""
47	23	49	249	1	1	0	0	0	0	0	0	"""s1:1→1, 47→0 / s2:1→1, 47→2"""	"""s2:48→1"""
47	23	49	249	1	1	0	0	0	0	0	0	"""s1:1→1, 47→0 / s2:1→2, 47→3"""	"""s2:48→1"""
47	23	49	249	1	1	0	0	0	0	0	0	"""s1:1→1, 47→1 / s2:1→0, 47→1"""	"""s2:48→1"""
47	23	49	249	1	1	0	0	0	0	0	0	"""s1:1→1, 47→1 / s2:1→1, 47→1"""	"""s2:48→1"""
47	23	49	249	1	1	0	0	0	0	0	0	"""s1:1→1, 47→1 / s2:1→1, 47→2"""	"""s2:48→1"""
47	23	49	249	1	1	0	0	0	0	0	0	"""s1:1→1, 47→1 / s2:1→2, 47→1"""	"""s2:48→1"""
47	23	49	249	1	1	0	0	0	0	0	0	"""s1:1→1, 47→1 / s2:1→2, 47→2"""	"""s2:48→1"""
47	23	49	249	1	1	0	0	0	0	0	0	"""s1:1→1, 47→1 / s2:1→2, 47→3"""	"""s2:48→1"""
47	23	49	249	1	1	0	0	0	0	0	0	"""s1:1→1, 47→1 / s2:1→3, 47→2"""	"""s2:48→1"""
47	23	52	249	1	1	0	0	0	0	0	0	"""s1:1→0, 47→1 / s2:1→1, 47→3"""	"""s2:48→1"""
47	23	52	249	1	1	0	0	0	0	0	0	"""s1:1→1, 47→0 / s2:1→3, 47→1"""	"""s2:48→1"""
47	23	53	249	1	1	0	0	0	0	0	0	"""s1:1→0, 47→1 / s2:1→1, 47→4"""	"""s2:48→1"""
47	23	53	249	1	1	0	0	0	0	0	0	"""s1:1→1, 47→0 / s2:1→4, 47→1"""	"""s2:48→1"""
47	23	53	248	1	1	0	0	0	0	0	0	"""s1:1→1, 47→0 / s2:1→4, 47→0"""	"""s2:46→1"""
47	23	53	248	1	1	0	0	0	0	0	0	"""s1:1→1, 47→0 / s2:1→5, 47→0"""	"""s2:46→1"""
47	23	72	248	1	1	0	0	0	0	0	0	"""s1:1→1, 47→1 / s2:1→4, 47→0"""	"""s2:46→1"""
47	23	56	248	1	1	0	0	0	0	0	0	"""s1:1→1, 47→1 / s2:1→1, 47→4"""	"""s2:46→1"""
47	23	56	248	1	1	0	0	0	0	0	0	"""s1:1→0, 47→3 / s2:1→0, 47→0"""	"""s2:46→1"""
47	23	56	248	1	1	0	0	0	0	0	0	"""s1:1→1, 47→2 / s2:1→0, 47→1"""	"""s2:46→1"""
47	23	58	248	1	1	0	0	0	0	0	0	"""s1:1→2, 47→0 / s2:1→2, 47→0"""	"""s2:46→1"""
47	23	67	248	1	1	0	0	0	0	0	0	"""s1:1→2, 47→0 / s2:1→4, 47→1"""	"""s2:46→1"""
47	23	50	220	1	1	1	0	0	0	0	0	"""s1:1→0, 47→1 / s2:1→1 / s3:1→1, 47→0"""	"""s3:46→1"""
47	23	50	221	1	1	1	0	0	0	0	0	"""s1:1→0, 47→1 / s2:1→1 / s3:1→1, 47→1"""	"""s3:49→1"""
47	23	50	221	1	1	1	0	0	0	0	0	"""s1:1→1, 47→0 / s2:47→1 / s3:1→1, 47→1"""	"""s3:49→1"""
47	23	54	240	1	2	0	0	0	0	0	0	"""s1:1→0, 47→1 / s2:1→0, 47→1 / s3:1→0, 47→0"""	"""s3:46→1"""
47	23	52	240	1	2	0	0	0	0	0	0	"""s1:1→0, 47→1 / s2:1→1, 47→1 / s3:1→0, 47→0"""	"""s3:46→1"""
47	23	50	240	1	2	0	0	0	0	0	0	"""s1:1→0, 47→1 / s2:1→1, 47→1 / s3:1→1, 47→0"""	"""s3:46→1"""
47	23	50	240	1	2	0	0	0	0	0	0	"""s1:1→0, 47→1 / s2:1→2, 47→1 / s3:1→1, 47→0"""	"""s3:46→1"""
47	23	50	240	1	2	0	0	0	0	0	0	"""s1:1→1, 47→0 / s2:1→1, 47→1 / s3:1→1, 47→0"""	"""s3:46→1"""
47	23	50	240	1	2	0	0	0	0	0	0	"""s1:1→1, 47→0 / s2:1→1, 47→1 / s3:1→1, 47→1"""	"""s3:46→1"""
47	23	50	240	1	2	0	0	0	0	0	0	"""s1:1→1, 47→0 / s2:1→1, 47→2 / s3:1→1, 47→1"""	"""s3:46→1"""
47	23	50	240	1	2	0	0	0	0	0	0	"""s1:1→1, 47→1 / s2:1→1, 47→1 / s3:1→0, 47→0"""	"""s3:46→1"""
47	23	50	240	1	2	0	0	0	0	0	0	"""s1:1→1, 47→1 / s2:1→1, 47→1 / s3:1→1, 47→0"""	"""s3:46→1"""
47	23	55	240	1	2	0	0	0	0	0	0	"""s1:1→1, 47→0 / s2:1→1, 47→0 / s3:1→1, 47→0"""	"""s3:46→1"""
47	23	52	247	2	1	0	0	0	0	0	0	"""s1:1→0, 47→1 / s2:1→0, 47→0 / s3:1→1, 47→1"""	"""s2:46→1 / s3:48→1"""
47	23	52	247	2	1	0	0	0	0	0	0	"""s1:1→0, 47→1 / s2:1→0, 47→0 / s3:1→1, 47→2"""	"""s2:46→1 / s3:48→1"""
47	23	50	247	2	1	0	0	0	0	0	0	"""s1:1→0, 47→1 / s2:1→1, 47→0 / s3:1→2, 47→1"""	"""s2:46→1 / s3:48→1"""
47	23	50	247	2	1	0	0	0	0	0	0	"""s1:1→0, 47→1 / s2:1→1, 47→0 / s3:1→2, 47→2"""	"""s2:46→1 / s3:48→1"""
47	23	50	247	2	1	0	0	0	0	0	0	"""s1:1→0, 47→1 / s2:1→1, 47→0 / s3:1→3, 47→2"""	"""s2:46→1 / s3:48→1"""
47	23	50	247	2	1	0	0	0	0	0	0	"""s1:1→0, 47→1 / s2:1→1, 47→0 / s3:1→3, 47→2"""	"""s2:48→1 / s3:48→1"""
47	23	50	247	2	1	0	0	0	0	0	0	"""s1:1→0, 47→1 / s2:1→1, 47→1 / s3:1→1, 47→0"""	"""s2:48→1 / s3:46→1"""
47	23	50	247	2	1	0	0	0	0	0	0	"""s1:1→1, 47→0 / s2:1→0, 47→1 / s3:1→2, 47→2"""	"""s2:48→1 / s3:46→1"""
47	23	50	247	2	1	0	0	0	0	0	0	"""s1:1→1, 47→0 / s2:1→1, 47→1 / s3:1→1, 47→0"""	"""s2:48→1 / s3:46→1"""
47	23	50	247	2	1	0	0	0	0	0	0	"""s1:1→1, 47→0 / s2:1→1, 47→2 / s3:1→1, 47→1"""	"""s2:48→1 / s3:46→1"""
47	23	50	247	2	1	0	0	0	0	0	0	"""s1:1→1, 47→1 / s2:1→0, 47→0 / s3:1→1, 47→1"""	"""s2:46→1 / s3:48→1"""
47	23	50	247	2	1	0	0	0	0	0	0	"""s1:1→1, 47→1 / s2:1→0, 47→0 / s3:1→1, 47→2"""	"""s2:46→1 / s3:48→1"""
47	23	50	247	2	1	0	0	0	0	0	0	"""s1:1→1, 47→1 / s2:1→0, 47→0 / s3:1→2, 47→2"""	"""s2:46→1 / s3:48→1"""
47	23	50	247	2	1	0	0	0	0	0	0	"""s1:1→1, 47→1 / s2:1→0, 47→1 / s3:1→0, 47→0"""	"""s2:48→1 / s3:46→1"""
47	23	50	247	2	1	0	0	0	0	0	0	"""s1:1→1, 47→1 / s2:1→1, 47→0 / s3:1→1, 47→0"""	"""s2:48→1 / s3:46→1"""
47	23	50	247	2	1	0	0	0	0	0	0	"""s1:1→1, 47→1 / s2:1→1, 47→1 / s3:1→1, 47→0"""	"""s2:48→1 / s3:46→1"""
47	23	50	247	2	1	0	0	0	0	0	0	"""s1:1→1, 47→1 / s2:1→1, 47→2 / s3:1→1"""	"""s2:48→1 / s3:46→1"""
47	23	54	247	2	1	0	0	0	0	0	0	"""s1:1→0, 47→1 / s2:1→0, 47→1 / s3:1→0, 47→0"""	"""s2:48→1 / s3:46→1"""
47	23	53	247	2	1	0	0	0	0	0	0	"""s1:1→0, 47→1 / s2:1→1, 47→0 / s3:1→1, 47→0"""	"""s2:48→1 / s3:46→1"""
47	23	56	247	2	1	0	0	0	0	0	0	"""s1:1→0, 47→1 / s2:1→0, 47→2 / s3:1→0"""	"""s2:48→1 / s3:46→1"""
47	23	55	247	2	1	0	0	0	0	0	0	"""s1:1→1, 47→0 / s2:1→0, 47→1 / s3:1→2, 47→3"""	"""s2:48→1 / s3:48→1"""
47	24	51	227	0	1	0	0	0	0	0	0	"""s1:44→1"""	""""""
47	24	48	234	1	0	0	0	0	0	0	0	"""s1:1→0, 3→0, 44→0"""	"""s1:47→1"""
47	24	52	234	1	0	0	0	0	0	0	0	"""s1:1→0, 3→0, 44→1"""	"""s1:47→1"""
47	24	52	234	1	0	0	0	0	0	0	0	"""s1:1→0, 3→0, 44→2"""	"""s1:47→1"""
47	24	52	234	1	0	0	0	0	0	0	0	"""s1:1→0, 3→0, 44→3"""	"""s1:47→1"""
47	24	52	234	1	0	0	0	0	0	0	0	"""s1:1→0, 3→0, 44→4"""	"""s1:47→1"""
47	24	52	234	1	0	0	0	0	0	0	0	"""s1:1→0, 3→0, 44→5"""	"""s1:47→1"""
47	24	51	234	1	0	0	0	0	0	0	0	"""s1:1→0, 3→1, 44→0"""	"""s1:47→1"""
47	24	51	234	1	0	0	0	0	0	0	0	"""s1:1→1, 3→1, 44→0"""	"""s1:47→1"""
47	24	51	234	1	0	0	0	0	0	0	0	"""s1:1→1, 3→0, 44→3"""	"""s1:47→1"""
47	24	51	234	1	0	0	0	0	0	0	0	"""s1:1→1, 3→0, 44→4"""	"""s1:47→1"""
47	24	49	234	1	0	0	0	0	0	0	0	"""s1:1→1, 3→0, 44→0"""	"""s1:47→1"""
47	24	49	234	1	0	0	0	0	0	0	0	"""s1:1→0, 3→1, 44→1"""	"""s1:47→1"""
47	24	49	234	1	0	0	0	0	0	0	0	"""s1:1→0, 3→1, 44→2"""	"""s1:47→1"""
47	24	49	234	1	0	0	0	0	0	0	0	"""s1:1→1, 3→1, 44→1"""	"""s1:47→1"""
47	24	49	234	1	0	0	0	0	0	0	0	"""s1:1→0, 3→1, 44→3"""	"""s1:47→1"""
47	24	49	234	1	0	0	0	0	0	0	0	"""s1:1→1, 3→1, 44→2"""	"""s1:47→1"""
47	24	49	234	1	0	0	0	0	0	0	0	"""s1:1→0, 3→1, 44→4"""	"""s1:47→1"""
47	24	49	234	1	0	0	0	0	0	0	0	"""s1:1→1, 3→1, 44→3"""	"""s1:47→1"""
47	24	50	234	1	0	0	0	0	0	0	0	"""s1:1→1, 3→0, 44→1"""	"""s1:47→1"""
47	24	50	234	1	0	0	0	0	0	0	0	"""s1:1→1, 3→0, 44→2"""	"""s1:47→1"""
47	24	52	226	1	1	0	0	0	0	0	0	"""s1:44→1 / s2:1→0, 3→0"""	"""s2:47→1"""
47	25	48	185	0	0	0	0	1	0	0	0	"""s1:47→1"""	""""""
47	25	48	211	0	0	0	1	0	0	0	0	"""s1:47→1"""	""""""
47	25	48	235	0	0	1	0	0	0	0	0	"""s1:47→1"""	""""""
47	25	48	255	0	1	0	0	0	0	0	0	"""s1:1→0, 2→0, 47→1"""	""""""
47	25	48	255	0	1	0	0	0	0	0	0	"""s1:1→0, 2→1, 47→0"""	""""""
47	25	48	255	0	1	0	0	0	0	0	0	"""s1:1→0, 2→1, 47→1"""	""""""
47	25	48	255	0	1	0	0	0	0	0	0	"""s1:1→1, 2→1, 47→1"""	""""""
47	25	48	255	0	1	0	0	0	0	0	0	"""s1:1→1, 2→1, 47→2"""	""""""
47	25	55	255	0	1	0	0	0	0	0	0	"""s1:1→0, 2→0, 47→2"""	""""""
47	25	55	255	0	1	0	0	0	0	0	0	"""s1:1→0, 2→0, 47→3"""	""""""
47	25	53	255	0	1	0	0	0	0	0	0	"""s1:1→1, 2→1, 47→0"""	""""""
47	25	49	255	0	1	0	0	0	0	0	0	"""s1:1→0, 2→1, 47→2"""	""""""
47	25	49	255	0	1	0	0	0	0	0	0	"""s1:1→1, 2→1, 47→3"""	""""""
47	25	56	255	0	1	0	0	0	0	0	0	"""s1:1→0, 2→0, 47→4"""	""""""
47	25	56	255	0	1	0	0	0	0	0	0	"""s1:1→0, 2→0, 47→5"""	""""""
47	25	51	255	0	1	0	0	0	0	0	0	"""s1:1→0, 2→1, 47→3"""	""""""
47	25	51	255	0	1	0	0	0	0	0	0	"""s1:1→0, 2→1, 47→4"""	""""""
47	25	49	177	0	1	0	0	1	0	0	0	"""s1:47→1 / s2:1→0, 2→1"""	""""""
47	25	56	177	0	1	0	0	1	0	0	0	"""s1:47→1 / s2:1→1, 2→1"""	""""""
47	25	49	203	0	1	0	1	0	0	0	0	"""s1:47→1 / s2:1→0, 2→1"""	""""""
47	25	55	227	0	1	1	0	0	0	0	0	"""s1:47→1 / s2:1→0, 2→0, 47→1"""	""""""
47	25	49	227	0	1	1	0	0	0	0	0	"""s1:47→1 / s2:1→0, 2→1, 47→0"""	""""""
47	25	49	227	0	1	1	0	0	0	0	0	"""s1:47→1 / s2:1→1, 2→1, 47→1"""	""""""
47	25	51	227	0	1	1	0	0	0	0	0	"""s1:47→1 / s2:1→0, 2→1, 47→1"""	""""""
47	25	50	227	0	1	1	0	0	0	0	0	"""s1:47→1 / s2:1→1, 2→0, 47→1"""	""""""
47	25	54	247	0	2	0	0	0	0	0	0	"""s1:1→0, 2→0, 47→1 / s2:1→0, 2→0, 47→1"""	""""""
47	25	56	247	0	2	0	0	0	0	0	0	"""s1:1→0, 2→0, 47→1 / s2:1→0, 2→0, 47→2"""	""""""
47	25	56	247	0	2	0	0	0	0	0	0	"""s1:1→0, 2→0, 47→1 / s2:1→0, 2→0, 47→3"""	""""""
47	25	50	247	0	2	0	0	0	0	0	0	"""s1:1→0, 2→0, 47→1 / s2:1→0, 2→1, 47→1"""	""""""
47	25	50	247	0	2	0	0	0	0	0	0	"""s1:1→0, 2→0, 47→1 / s2:1→1, 2→1, 47→3"""	""""""
47	25	51	247	0	2	0	0	0	0	0	0	"""s1:1→0, 2→0, 47→1 / s2:1→0, 2→1, 47→2"""	""""""
47	25	51	247	0	2	0	0	0	0	0	0	"""s1:1→0, 2→1, 47→1 / s2:1→1, 47→3"""	""""""
47	25	49	247	0	2	0	0	0	0	0	0	"""s1:1→0, 2→0, 47→1 / s2:1→1, 2→1, 47→1"""	""""""
47	25	49	247	0	2	0	0	0	0	0	0	"""s1:1→0, 2→0, 47→1 / s2:1→1, 2→1, 47→2"""	""""""
47	25	49	247	0	2	0	0	0	0	0	0	"""s1:1→0, 2→1, 47→0 / s2:1→1, 47→1"""	""""""
47	25	49	247	0	2	0	0	0	0	0	0	"""s1:1→0, 2→1, 47→1 / s2:1→1, 47→1"""	""""""
47	25	49	247	0	2	0	0	0	0	0	0	"""s1:1→0, 2→1, 47→1 / s2:1→1, 47→2"""	""""""
47	25	52	247	0	2	0	0	0	0	0	0	"""s1:1→0, 2→0, 47→1 / s2:1→0, 2→1, 47→3"""	""""""
47	25	52	247	0	2	0	0	0	0	0	0	"""s1:1→0, 2→1, 47→0 / s2:1→1, 47→0"""	""""""
47	25	51	169	0	2	0	0	1	0	0	0	"""s1:47→1 / s2:1→0, 2→1 / s3:1→1"""	""""""
47	25	56	239	0	3	0	0	0	0	0	0	"""s1:1→0, 2→0, 47→1 / s2:1→0, 2→0, 47→1 / s3:1→0, 2→0, 47→1"""	""""""
47	25	56	239	0	3	0	0	0	0	0	0	"""s1:1→0, 2→0, 47→1 / s2:1→0, 2→0, 47→1 / s3:1→1, 2→0, 47→1"""	""""""
47	25	55	239	0	3	0	0	0	0	0	0	"""s1:1→0, 2→0, 47→1 / s2:1→0, 2→0, 47→1 / s3:1→0, 2→1, 47→1"""	""""""
47	25	50	239	0	3	0	0	0	0	0	0	"""s1:1→0, 2→0, 47→1 / s2:1→0, 2→1, 47→1 / s3:1→1, 47→1"""	""""""
47	25	54	254	1	1	0	0	0	0	0	0	"""s1:1→0, 2→0, 47→1 / s2:1→0, 2→0, 47→1"""	"""s2:48→1"""
47	25	54	254	1	1	0	0	0	0	0	0	"""s1:1→0, 2→1, 47→0 / s2:1→2, 47→0"""	"""s2:48→1"""
47	25	50	254	1	1	0	0	0	0	0	0	"""s1:1→0, 2→0, 47→1 / s2:1→0, 2→1, 47→0"""	"""s2:48→1"""
47	25	50	254	1	1	0	0	0	0	0	0	"""s1:1→0, 2→0, 47→1 / s2:1→0, 2→1, 47→1"""	"""s2:48→1"""
47	25	50	254	1	1	0	0	0	0	0	0	"""s1:1→0, 2→0, 47→1 / s2:1→0, 2→2, 47→2"""	"""s2:48→1"""
47	25	50	254	1	1	0	0	0	0	0	0	"""s1:1→0, 2→0, 47→1 / s2:1→1, 2→1, 47→2"""	"""s2:48→1"""
47	25	50	254	1	1	0	0	0	0	0	0	"""s1:1→0, 2→0, 47→1 / s2:1→0, 2→2, 47→3"""	"""s2:48→1"""
47	25	50	254	1	1	0	0	0	0	0	0	"""s1:1→0, 2→0, 47→1 / s2:1→1, 2→1, 47→3"""	"""s2:48→1"""
47	25	50	254	1	1	0	0	0	0	0	0	"""s1:1→0, 2→1, 47→0 / s2:1→2, 47→1"""	"""s2:48→1"""
47	25	50	254	1	1	0	0	0	0	0	0	"""s1:1→0, 2→1, 47→0 / s2:1→3, 47→1"""	"""s2:48→1"""
47	25	50	254	1	1	0	0	0	0	0	0	"""s1:1→0, 2→1, 47→1 / s2:1→0, 47→1"""	"""s2:48→1"""
47	25	50	254	1	1	0	0	0	0	0	0	"""s1:1→0, 2→1, 47→1 / s2:1→1, 47→3"""	"""s2:48→1"""
47	25	49	254	1	1	0	0	0	0	0	0	"""s1:1→0, 2→0, 47→1 / s2:1→1, 2→0, 47→0"""	"""s2:48→1"""
47	25	49	254	1	1	0	0	0	0	0	0	"""s1:1→0, 2→0, 47→1 / s2:1→0, 2→2, 47→1"""	"""s2:48→1"""
47	25	49	254	1	1	0	0	0	0	0	0	"""s1:1→0, 2→0, 47→1 / s2:1→1, 2→1, 47→1"""	"""s2:48→1"""
47	25	49	254	1	1	0	0	0	0	0	0	"""s1:1→0, 2→0, 47→1 / s2:1→0, 2→3, 47→2"""	"""s2:48→1"""
47	25	49	254	1	1	0	0	0	0	0	0	"""s1:1→0, 2→0, 47→1 / s2:1→1, 2→2, 47→2"""	"""s2:48→1"""
47	25	49	254	1	1	0	0	0	0	0	0	"""s1:1→0, 2→1, 47→0 / s2:1→0, 47→1"""	"""s2:48→1"""
47	25	49	254	1	1	0	0	0	0	0	0	"""s1:1→0, 2→1, 47→0 / s2:1→1, 47→1"""	"""s2:48→1"""
47	25	49	254	1	1	0	0	0	0	0	0	"""s1:1→0, 2→1, 47→0 / s2:1→1, 47→2"""	"""s2:48→1"""
47	25	49	254	1	1	0	0	0	0	0	0	"""s1:1→0, 2→1, 47→0 / s2:1→2, 47→2"""	"""s2:48→1"""
47	25	49	254	1	1	0	0	0	0	0	0	"""s1:1→0, 2→1, 47→0 / s2:1→2, 47→3"""	"""s2:48→1"""
47	25	49	254	1	1	0	0	0	0	0	0	"""s1:1→0, 2→1, 47→0 / s2:1→3, 47→2"""	"""s2:48→1"""
47	25	49	254	1	1	0	0	0	0	0	0	"""s1:1→0, 2→1, 47→1 / s2:1→1, 47→0"""	"""s2:48→1"""
47	25	49	254	1	1	0	0	0	0	0	0	"""s1:1→0, 2→1, 47→1 / s2:1→1, 47→1"""	"""s2:48→1"""
47	25	49	254	1	1	0	0	0	0	0	0	"""s1:1→0, 2→1, 47→1 / s2:1→1, 47→2"""	"""s2:48→1"""
47	25	49	254	1	1	0	0	0	0	0	0	"""s1:1→0, 2→1, 47→1 / s2:1→2, 47→1"""	"""s2:48→1"""
47	25	49	254	1	1	0	0	0	0	0	0	"""s1:1→0, 2→1, 47→1 / s2:1→2, 47→2"""	"""s2:48→1"""
47	25	49	254	1	1	0	0	0	0	0	0	"""s1:1→0, 2→1, 47→1 / s2:1→2, 47→3"""	"""s2:48→1"""
47	25	49	254	1	1	0	0	0	0	0	0	"""s1:1→0, 2→1, 47→1 / s2:1→3, 47→2"""	"""s2:48→1"""
47	25	49	254	1	1	0	0	0	0	0	0	"""s1:1→0, 2→1, 47→2 / s2:1→1, 47→1"""	"""s2:48→1"""
47	25	49	254	1	1	0	0	0	0	0	0	"""s1:1→1, 2→1, 47→1 / s2:47→1"""	"""s2:48→1"""
47	25	49	254	1	1	0	0	0	0	0	0	"""s1:1→1, 2→1, 47→2 / s2:47→1"""	"""s2:48→1"""
47	25	55	254	1	1	0	0	0	0	0	0	"""s1:1→0, 2→0, 47→1 / s2:1→0, 2→0, 47→2"""	"""s2:48→1"""
47	25	55	254	1	1	0	0	0	0	0	0	"""s1:1→0, 2→1, 47→0 / s2:1→3, 47→0"""	"""s2:48→1"""
47	25	55	254	1	1	0	0	0	0	0	0	"""s1:1→0, 2→1, 47→0 / s2:1→4, 47→0"""	"""s2:48→1"""
47	25	55	254	1	1	0	0	0	0	0	0	"""s1:1→0, 2→1, 47→0 / s2:1→5, 47→0"""	"""s2:48→1"""
47	25	56	254	1	1	0	0	0	0	0	0	"""s1:1→0, 2→0, 47→1 / s2:1→0, 2→0, 47→3"""	"""s2:48→1"""
47	25	56	254	1	1	0	0	0	0	0	0	"""s1:1→0, 2→0, 47→1 / s2:1→0, 2→0, 47→4"""	"""s2:48→1"""
47	25	56	254	1	1	0	0	0	0	0	0	"""s1:1→0, 2→0, 47→1 / s2:1→0, 2→0, 47→5"""	"""s2:48→1"""
47	25	56	254	1	1	0	0	0	0	0	0	"""s1:1→0, 2→0, 47→2 / s2:1→0, 2→0, 47→1"""	"""s2:48→1"""
47	25	51	254	1	1	0	0	0	0	0	0	"""s1:1→0, 2→0, 47→1 / s2:1→0, 2→1, 47→2"""	"""s2:48→1"""
47	25	51	254	1	1	0	0	0	0	0	0	"""s1:1→0, 2→1, 47→0 / s2:1→4, 47→1"""	"""s2:48→1"""
47	25	51	254	1	1	0	0	0	0	0	0	"""s1:1→1, 2→0, 47→0 / s2:2→0, 47→1"""	"""s2:48→1"""
47	25	51	254	1	1	0	0	0	0	0	0	"""s1:1→0, 2→1, 47→2 / s2:1→0, 47→1"""	"""s2:48→1"""
47	25	52	254	1	1	0	0	0	0	0	0	"""s1:1→0, 2→0, 47→1 / s2:1→0, 2→1, 47→3"""	"""s2:48→1"""
47	25	52	254	1	1	0	0	0	0	0	0	"""s1:1→0, 2→0, 47→1 / s2:1→0, 2→1, 47→4"""	"""s2:48→1"""
47	25	53	254	1	1	0	0	0	0	0	0	"""s1:1→0, 2→1, 47→0 / s2:1→1, 47→0"""	"""s2:48→1"""
47	25	53	254	1	1	0	0	0	0	0	0	"""s1:1→0, 2→1, 47→1 / s2:1→1, 47→4"""	"""s2:48→1"""
47	25	57	176	1	1	0	0	1	0	0	0	"""s1:47→1 / s2:1→0, 2→1 / s3:1→1"""	"""s3:49→1"""
47	25	58	176	1	1	0	0	1	0	0	0	"""s1:47→1 / s2:1→1, 2→0 / s3:2→1"""	"""s3:49→1"""
47	25	56	246	1	2	0	0	0	0	0	0	"""s1:1→0, 2→0, 47→1 / s2:1→0, 2→0, 47→1 / s3:1→0, 2→0, 47→1"""	"""s3:49→1"""
47	25	55	246	1	2	0	0	0	0	0	0	"""s1:1→0, 2→0, 47→1 / s2:1→0, 2→0, 47→1 / s3:1→0, 2→1, 47→1"""	"""s3:49→1"""
47	25	53	246	1	2	0	0	0	0	0	0	"""s1:1→0, 2→0, 47→1 / s2:1→0, 2→1, 47→1 / s3:1→0, 47→1"""	"""s3:49→1"""
47	25	50	246	1	2	0	0	0	0	0	0	"""s1:1→0, 2→0, 47→1 / s2:1→0, 2→1, 47→1 / s3:1→1, 47→1"""	"""s3:49→1"""
47	25	50	246	1	2	0	0	0	0	0	0	"""s1:1→0, 2→0, 47→1 / s2:1→0, 2→1, 47→1 / s3:1→1, 47→1"""	"""s3:48→1"""
47	25	50	246	1	2	0	0	0	0	0	0	"""s1:1→0, 2→1, 47→0 / s2:1→1, 47→1 / s3:47→1"""	"""s3:48→1"""
47	25	50	246	1	2	0	0	0	0	0	0	"""s1:1→0, 2→1, 47→1 / s2:1→1, 47→1 / s3:47→1"""	"""s3:49→1"""
47	25	51	246	1	2	0	0	0	0	0	0	"""s1:1→0, 2→1, 47→1 / s2:1→1, 47→0 / s3:47→1"""	"""s3:49→1"""
47	25	56	252	2	1	0	0	0	0	0	0	"""s1:1→0, 2→0, 47→1 / s2:1→0, 2→0, 47→1 / s3:1→0, 2→0, 47→1"""	"""s2:48→1 / s3:48→1"""
47	25	56	252	2	1	0	0	0	0	0	0	"""s1:1→0, 2→0, 47→1 / s2:1→0, 2→0, 47→1 / s3:1→0, 2→0, 47→2"""	"""s2:48→1 / s3:48→1"""
47	25	57	252	2	1	0	0	0	0	0	0	"""s1:1→0, 2→0, 47→1 / s2:1→0, 2→0, 47→1 / s3:1→0, 2→1, 47→2"""	"""s2:48→1 / s3:48→1"""
47	25	50	252	2	1	0	0	0	0	0	0	"""s1:1→0, 2→0, 47→1 / s2:1→0, 2→1, 47→0 / s3:1→1, 2→1, 47→1"""	"""s2:48→1 / s3:48→1"""
47	25	50	252	2	1	0	0	0	0	0	0	"""s1:1→0, 2→0, 47→1 / s2:1→0, 2→1, 47→0 / s3:1→0, 2→3, 47→2"""	"""s2:48→1 / s3:48→1"""
47	25	50	252	2	1	0	0	0	0	0	0	"""s1:1→0, 2→0, 47→1 / s2:1→0, 2→1, 47→1 / s3:1→0, 2→1, 47→1"""	"""s2:48→1 / s3:48→1"""
47	25	50	252	2	1	0	0	0	0	0	0	"""s1:1→0, 2→0, 47→1 / s2:1→0, 2→1, 47→1 / s3:1→1, 2→0, 47→1"""	"""s2:48→1 / s3:48→1"""
47	25	50	252	2	1	0	0	0	0	0	0	"""s1:1→0, 2→0, 47→1 / s2:1→0, 2→1, 47→1 / s3:1→0, 2→2, 47→2"""	"""s2:48→1 / s3:48→1"""
47	25	50	252	2	1	0	0	0	0	0	0	"""s1:1→0, 2→0, 47→1 / s2:1→0, 2→1, 47→1 / s3:1→1, 2→1, 47→2"""	"""s2:48→1 / s3:48→1"""
47	25	50	252	2	1	0	0	0	0	0	0	"""s1:1→0, 2→0, 47→1 / s2:1→0, 2→1, 47→1 / s3:1→2, 2→0, 47→2"""	"""s2:48→1 / s3:48→1"""
47	25	50	252	2	1	0	0	0	0	0	0	"""s1:1→0, 2→0, 47→1 / s2:1→0, 2→2, 47→1 / s3:1→1, 2→1, 47→1"""	"""s2:48→1 / s3:48→1"""
47	25	50	252	2	1	0	0	0	0	0	0	"""s1:1→0, 2→0, 47→1 / s2:1→1, 2→1, 47→1 / s3:1→1, 2→1, 47→1"""	"""s2:48→1 / s3:48→1"""
47	25	50	252	2	1	0	0	0	0	0	0	"""s1:1→0, 2→0, 47→1 / s2:1→1, 2→1, 47→1 / s3:1→1, 2→2, 47→2"""	"""s2:48→1 / s3:48→1"""
47	25	50	252	2	1	0	0	0	0	0	0	"""s1:1→0, 2→0, 47→1 / s2:1→1, 2→1, 47→1 / s3:1→3, 2→0, 47→2"""	"""s2:48→1 / s3:48→1"""
47	25	51	252	2	1	0	0	0	0	0	0	"""s1:1→0, 2→0, 47→1 / s2:1→1, 2→0, 47→0 / s3:1→1, 2→1, 47→1"""	"""s2:48→1 / s3:48→1"""
47	25	51	252	2	1	0	0	0	0	0	0	"""s1:1→0, 2→0, 47→1 / s2:1→0, 2→1, 47→1 / s3:1→0, 2→1, 47→2"""	"""s2:48→1 / s3:48→1"""
47	25	51	252	2	1	0	0	0	0	0	0	"""s1:1→0, 2→0, 47→1 / s2:1→0, 2→1, 47→1 / s3:1→1, 2→2, 47→2"""	"""s2:48→1 / s3:48→1"""
47	25	53	252	2	1	0	0	0	0	0	0	"""s1:1→0, 2→0, 47→1 / s2:1→0, 2→1, 47→1 / s3:1→1, 2→0, 47→2"""	"""s2:48→1 / s3:48→1"""
47	25	52	252	2	1	0	0	0	0	0	0	"""s1:1→0, 2→0, 47→1 / s2:1→0, 2→1, 47→1 / s3:1→0, 2→3, 47→2"""	"""s2:48→1 / s3:48→1"""
47	26	49	234	0	1	0	0	0	0	0	0	"""s1:1→0, 2→1"""	"""s1:47→1"""
47	26	49	234	0	1	0	0	0	0	0	0	"""s1:1→1, 2→1"""	"""s1:47→1"""
47	26	48	235	0	1	0	0	0	0	0	0	"""s1:1→0, 2→1"""	""""""
47	26	53	235	0	1	0	0	0	0	0	0	"""s1:1→1, 2→1"""	""""""
47	26	48	234	0	1	0	0	0	0	0	0	"""s1:1→0, 2→0"""	"""s1:47→1"""
47	26	48	234	0	1	0	0	0	0	0	0	"""s1:1→1, 2→0"""	"""s1:47→1"""
47	26	52	227	0	2	0	0	0	0	0	0	"""s1:1→0, 2→1 / s2:1→1"""	""""""
47	26	49	226	0	2	0	0	0	0	0	0	"""s1:1→0, 2→1 / s2:1→1"""	"""s2:47→1"""
47	26	49	226	0	2	0	0	0	0	0	0	"""s1:1→0, 2→0 / s2:1→0, 2→1"""	"""s1:47→1"""
47	26	51	226	0	2	0	0	0	0	0	0	"""s1:1→0, 2→0 / s2:1→1, 2→0"""	"""s1:47→1"""
47	26	52	234	1	1	0	0	0	0	0	0	"""s1:1→0, 2→1 / s2:1→1, 46→0"""	"""s2:48→1"""
47	26	49	234	1	1	0	0	0	0	0	0	"""s1:1→0, 2→1 / s2:1→1, 46→1"""	"""s2:48→1"""
47	26	49	234	1	1	0	0	0	0	0	0	"""s1:1→0, 2→1 / s2:1→2, 46→1"""	"""s2:48→1"""
47	26	54	234	1	1	0	0	0	0	0	0	"""s1:1→0, 2→1 / s2:1→2, 46→0"""	"""s2:48→1"""
47	26	55	234	1	1	0	0	0	0	0	0	"""s1:1→0, 2→1 / s2:1→3, 46→0"""	"""s2:48→1"""
47	26	55	234	1	1	0	0	0	0	0	0	"""s1:1→0, 2→1 / s2:1→4, 46→0"""	"""s2:48→1"""
47	26	55	234	1	1	0	0	0	0	0	0	"""s1:1→0, 2→1 / s2:1→5, 46→0"""	"""s2:48→1"""
47	26	50	234	1	1	0	0	0	0	0	0	"""s1:1→0, 2→1 / s2:1→3, 46→1"""	"""s2:48→1"""
47	26	50	234	1	1	0	0	0	0	0	0	"""s1:1→0, 2→1 / s2:1→4, 46→1"""	"""s2:48→1"""
47	27	48	235	0	1	0	0	0	0	0	0	"""s1:1→0, 2→1"""	""""""
47	27	53	235	0	1	0	0	0	0	0	0	"""s1:1→1, 2→1"""	""""""
47	27	52	227	0	2	0	0	0	0	0	0	"""s1:1→0, 2→1 / s2:1→1"""	""""""
47	27	49	234	1	1	0	0	0	0	0	0	"""s1:1→0, 2→1 / s2:1→0, 45→0, 47→1"""	"""s2:48→1"""
47	27	49	234	1	1	0	0	0	0	0	0	"""s1:1→0, 2→1 / s2:1→1, 45→0, 47→1"""	"""s2:48→1"""
47	27	49	234	1	1	0	0	0	0	0	0	"""s1:1→0, 2→1 / s2:1→3, 45→1, 47→0"""	"""s2:48→1"""
47	27	49	234	1	1	0	0	0	0	0	0	"""s1:1→0, 2→1 / s2:1→3, 45→1, 47→1"""	"""s2:48→1"""
47	27	49	234	1	1	0	0	0	0	0	0	"""s1:1→0, 2→1 / s2:1→4, 45→1, 47→0"""	"""s2:48→1"""
47	27	52	234	1	1	0	0	0	0	0	0	"""s1:1→0, 2→1 / s2:1→1, 45→0, 47→0"""	"""s2:48→1"""
47	27	52	234	1	1	0	0	0	0	0	0	"""s1:1→0, 2→1 / s2:1→4, 45→0, 47→1"""	"""s2:48→1"""
47	27	52	234	1	1	0	0	0	0	0	0	"""s1:1→1, 2→0 / s2:2→2, 45→1, 47→0"""	"""s2:48→1"""
47	27	54	234	1	1	0	0	0	0	0	0	"""s1:1→0, 2→1 / s2:1→2, 45→0, 47→0"""	"""s2:48→1"""
47	27	50	234	1	1	0	0	0	0	0	0	"""s1:1→0, 2→1 / s2:1→2, 45→0, 47→1"""	"""s2:48→1"""
47	27	51	234	1	1	0	0	0	0	0	0	"""s1:1→0, 2→1 / s2:1→2, 45→1, 47→0"""	"""s2:48→1"""
47	27	51	234	1	1	0	0	0	0	0	0	"""s1:1→0, 2→1 / s2:1→3, 45→0, 47→1"""	"""s2:48→1"""
47	27	55	234	1	1	0	0	0	0	0	0	"""s1:1→0, 2→1 / s2:1→3, 45→0, 47→0"""	"""s2:48→1"""
47	27	55	234	1	1	0	0	0	0	0	0	"""s1:1→0, 2→1 / s2:1→4, 45→0, 47→0"""	"""s2:48→1"""
47	27	55	234	1	1	0	0	0	0	0	0	"""s1:1→0, 2→1 / s2:1→5, 45→0, 47→0"""	"""s2:48→1"""
47	28	48	185	0	0	0	0	1	0	0	0	"""s1:47→1"""	""""""
47	28	48	211	0	0	0	1	0	0	0	0	"""s1:47→1"""	""""""
47	28	48	235	0	0	1	0	0	0	0	0	"""s1:47→1"""	""""""
47	28	48	255	0	1	0	0	0	0	0	0	"""s1:1→0, 2→0, 47→1"""	""""""
47	28	48	255	0	1	0	0	0	0	0	0	"""s1:1→0, 2→1, 47→0"""	""""""
47	28	48	255	0	1	0	0	0	0	0	0	"""s1:1→0, 2→1, 47→1"""	""""""
47	28	48	255	0	1	0	0	0	0	0	0	"""s1:1→1, 2→1, 47→1"""	""""""
47	28	48	255	0	1	0	0	0	0	0	0	"""s1:1→1, 2→1, 47→2"""	""""""
47	28	55	255	0	1	0	0	0	0	0	0	"""s1:1→0, 2→0, 47→2"""	""""""
47	28	55	255	0	1	0	0	0	0	0	0	"""s1:1→0, 2→0, 47→3"""	""""""
47	28	53	255	0	1	0	0	0	0	0	0	"""s1:1→1, 2→1, 47→0"""	""""""
47	28	49	255	0	1	0	0	0	0	0	0	"""s1:1→0, 2→1, 47→2"""	""""""
47	28	49	255	0	1	0	0	0	0	0	0	"""s1:1→1, 2→1, 47→3"""	""""""
47	28	56	255	0	1	0	0	0	0	0	0	"""s1:1→0, 2→0, 47→4"""	""""""
47	28	56	255	0	1	0	0	0	0	0	0	"""s1:1→0, 2→0, 47→5"""	""""""
47	28	51	255	0	1	0	0	0	0	0	0	"""s1:1→0, 2→1, 47→3"""	""""""
47	28	51	255	0	1	0	0	0	0	0	0	"""s1:1→0, 2→1, 47→4"""	""""""
47	28	50	177	0	1	0	0	1	0	0	0	"""s1:47→1 / s2:1→0, 2→1"""	""""""
47	28	57	177	0	1	0	0	1	0	0	0	"""s1:47→1 / s2:1→1, 2→1"""	""""""
47	28	49	203	0	1	0	1	0	0	0	0	"""s1:47→1 / s2:1→0, 2→1"""	""""""
47	28	55	227	0	1	1	0	0	0	0	0	"""s1:47→1 / s2:1→0, 2→0, 47→1"""	""""""
47	28	49	227	0	1	1	0	0	0	0	0	"""s1:47→1 / s2:1→0, 2→1, 47→0"""	""""""
47	28	49	227	0	1	1	0	0	0	0	0	"""s1:47→1 / s2:1→1, 2→1, 47→1"""	""""""
47	28	50	227	0	1	1	0	0	0	0	0	"""s1:47→1 / s2:1→0, 2→1, 47→1"""	""""""
47	28	51	227	0	1	1	0	0	0	0	0	"""s1:47→1 / s2:1→1, 2→0, 47→1"""	""""""
47	28	53	247	0	2	0	0	0	0	0	0	"""s1:1→0, 2→0, 47→1 / s2:1→0, 2→0, 47→1"""	""""""
47	28	56	247	0	2	0	0	0	0	0	0	"""s1:1→0, 2→0, 47→1 / s2:1→0, 2→0, 47→2"""	""""""
47	28	56	247	0	2	0	0	0	0	0	0	"""s1:1→0, 2→0, 47→1 / s2:1→0, 2→0, 47→3"""	""""""
47	28	50	247	0	2	0	0	0	0	0	0	"""s1:1→0, 2→0, 47→1 / s2:1→0, 2→1, 47→1"""	""""""
47	28	50	247	0	2	0	0	0	0	0	0	"""s1:1→0, 2→0, 47→1 / s2:1→1, 2→1, 47→3"""	""""""
47	28	49	247	0	2	0	0	0	0	0	0	"""s1:1→0, 2→0, 47→1 / s2:1→1, 2→0, 47→1"""	""""""
47	28	49	247	0	2	0	0	0	0	0	0	"""s1:1→0, 2→0, 47→1 / s2:1→1, 2→1, 47→1"""	""""""
47	28	49	247	0	2	0	0	0	0	0	0	"""s1:1→0, 2→0, 47→1 / s2:1→1, 2→1, 47→2"""	""""""
47	28	49	247	0	2	0	0	0	0	0	0	"""s1:1→0, 2→1, 47→0 / s2:1→1, 47→1"""	""""""
47	28	49	247	0	2	0	0	0	0	0	0	"""s1:1→0, 2→1, 47→1 / s2:1→1, 47→1"""	""""""
47	28	49	247	0	2	0	0	0	0	0	0	"""s1:1→0, 2→1, 47→1 / s2:1→1, 47→2"""	""""""
47	28	51	247	0	2	0	0	0	0	0	0	"""s1:1→0, 2→0, 47→1 / s2:1→0, 2→1, 47→2"""	""""""
47	28	52	247	0	2	0	0	0	0	0	0	"""s1:1→0, 2→0, 47→1 / s2:1→0, 2→1, 47→3"""	""""""
47	28	52	247	0	2	0	0	0	0	0	0	"""s1:1→0, 2→1, 47→0 / s2:1→1, 47→0"""	""""""
47	28	52	247	0	2	0	0	0	0	0	0	"""s1:1→0, 2→1, 47→1 / s2:1→1, 47→3"""	""""""
47	28	52	169	0	2	0	0	1	0	0	0	"""s1:47→1 / s2:1→0, 2→1 / s3:1→1"""	""""""
47	28	55	239	0	3	0	0	0	0	0	0	"""s1:1→0, 2→0, 47→1 / s2:1→0, 2→0, 47→1 / s3:1→0, 2→0, 47→1"""	""""""
47	28	55	239	0	3	0	0	0	0	0	0	"""s1:1→0, 2→0, 47→1 / s2:1→0, 2→0, 47→1 / s3:1→1, 2→0, 47→1"""	""""""
47	28	56	239	0	3	0	0	0	0	0	0	"""s1:1→0, 2→0, 47→1 / s2:1→0, 2→0, 47→1 / s3:1→0, 2→1, 47→1"""	""""""
47	28	50	239	0	3	0	0	0	0	0	0	"""s1:1→0, 2→0, 47→1 / s2:1→0, 2→1, 47→1 / s3:1→1, 47→1"""	""""""
47	28	48	262	1	0	0	0	0	0	0	0	"""s1:1→0, 2→0, 47→0"""	"""s1:46→1"""
47	28	48	262	1	0	0	0	0	0	0	0	"""s1:1→0, 2→1, 47→0"""	"""s1:46→1"""
47	28	48	262	1	0	0	0	0	0	0	0	"""s1:1→0, 2→1, 47→1"""	"""s1:46→1"""
47	28	48	262	1	0	0	0	0	0	0	0	"""s1:1→1, 2→1, 47→0"""	"""s1:46→1"""
47	28	48	262	1	0	0	0	0	0	0	0	"""s1:1→0, 2→2, 47→1"""	"""s1:46→1"""
47	28	48	262	1	0	0	0	0	0	0	0	"""s1:1→1, 2→1, 47→1"""	"""s1:46→1"""
47	28	48	262	1	0	0	0	0	0	0	0	"""s1:1→0, 2→2, 47→2"""	"""s1:46→1"""
47	28	48	262	1	0	0	0	0	0	0	0	"""s1:1→1, 2→1, 47→2"""	"""s1:46→1"""
47	28	48	262	1	0	0	0	0	0	0	0	"""s1:1→1, 2→2, 47→1"""	"""s1:46→1"""
47	28	48	262	1	0	0	0	0	0	0	0	"""s1:1→0, 2→3, 47→2"""	"""s1:46→1"""
47	28	48	262	1	0	0	0	0	0	0	0	"""s1:1→1, 2→2, 47→2"""	"""s1:46→1"""
47	28	48	262	1	0	0	0	0	0	0	0	"""s1:1→2, 2→2, 47→1"""	"""s1:46→1"""
47	28	52	262	1	0	0	0	0	0	0	0	"""s1:1→0, 2→0, 47→1"""	"""s1:46→1"""
47	28	54	262	1	0	0	0	0	0	0	0	"""s1:1→0, 2→0, 47→2"""	"""s1:46→1"""
47	28	54	262	1	0	0	0	0	0	0	0	"""s1:1→0, 2→0, 47→3"""	"""s1:46→1"""
47	28	49	262	1	0	0	0	0	0	0	0	"""s1:1→0, 2→2, 47→0"""	"""s1:46→1"""
47	28	49	262	1	0	0	0	0	0	0	0	"""s1:1→1, 2→0, 47→2"""	"""s1:46→1"""
47	28	49	262	1	0	0	0	0	0	0	0	"""s1:1→1, 2→2, 47→0"""	"""s1:46→1"""
47	28	49	262	1	0	0	0	0	0	0	0	"""s1:1→0, 2→3, 47→1"""	"""s1:46→1"""
47	28	49	262	1	0	0	0	0	0	0	0	"""s1:1→0, 2→2, 47→3"""	"""s1:46→1"""
47	28	49	262	1	0	0	0	0	0	0	0	"""s1:1→0, 2→4, 47→1"""	"""s1:46→1"""
47	28	49	262	1	0	0	0	0	0	0	0	"""s1:1→1, 2→1, 47→3"""	"""s1:46→1"""
47	28	49	262	1	0	0	0	0	0	0	0	"""s1:1→1, 2→3, 47→1"""	"""s1:46→1"""
47	28	50	262	1	0	0	0	0	0	0	0	"""s1:1→0, 2→1, 47→2"""	"""s1:46→1"""
47	28	50	262	1	0	0	0	0	0	0	0	"""s1:1→0, 2→1, 47→3"""	"""s1:46→1"""
47	28	50	262	1	0	0	0	0	0	0	0	"""s1:1→1, 2→3, 47→0"""	"""s1:46→1"""
47	28	50	262	1	0	0	0	0	0	0	0	"""s1:1→2, 2→2, 47→0"""	"""s1:46→1"""
47	28	51	262	1	0	0	0	0	0	0	0	"""s1:1→0, 2→3, 47→0"""	"""s1:46→1"""
47	28	51	262	1	0	0	0	0	0	0	0	"""s1:1→0, 2→4, 47→0"""	"""s1:46→1"""
47	28	51	262	1	0	0	0	0	0	0	0	"""s1:1→0, 2→1, 47→4"""	"""s1:46→1"""
47	28	51	262	1	0	0	0	0	0	0	0	"""s1:1→1, 2→4, 47→0"""	"""s1:46→1"""
47	28	51	262	1	0	0	0	0	0	0	0	"""s1:1→2, 2→3, 47→0"""	"""s1:46→1"""
47	28	55	262	1	0	0	0	0	0	0	0	"""s1:1→0, 2→0, 47→4"""	"""s1:46→1"""
47	28	55	262	1	0	0	0	0	0	0	0	"""s1:1→0, 2→0, 47→5"""	"""s1:46→1"""
47	28	54	210	1	0	0	1	0	0	0	0	"""s1:47→1 / s2:1→0, 2→0"""	"""s2:46→1"""
47	28	54	210	1	0	0	1	0	0	0	0	"""s1:47→1 / s2:1→0, 2→4"""	"""s2:46→1"""
47	28	51	210	1	0	0	1	0	0	0	0	"""s1:47→1 / s2:1→0, 2→1"""	"""s2:46→1"""
47	28	51	210	1	0	0	1	0	0	0	0	"""s1:47→1 / s2:1→1, 2→3"""	"""s2:46→1"""
47	28	50	210	1	0	0	1	0	0	0	0	"""s1:47→1 / s2:1→0, 2→2"""	"""s2:46→1"""
47	28	50	210	1	0	0	1	0	0	0	0	"""s1:47→1 / s2:1→1, 2→1"""	"""s2:46→1"""
47	28	50	210	1	0	0	1	0	0	0	0	"""s1:47→1 / s2:1→0, 2→3"""	"""s2:46→1"""
47	28	50	210	1	0	0	1	0	0	0	0	"""s1:47→1 / s2:1→1, 2→2"""	"""s2:46→1"""
47	28	50	210	1	0	0	1	0	0	0	0	"""s1:47→1 / s2:1→2, 2→2"""	"""s2:46→1"""
47	28	53	210	1	0	0	1	0	0	0	0	"""s1:47→1 / s2:1→4, 2→0"""	"""s2:46→1"""
47	28	57	210	1	0	0	1	0	0	0	0	"""s1:47→1 / s2:1→1, 2→4"""	"""s2:46→1"""
47	28	52	210	1	0	0	1	0	0	0	0	"""s1:47→1 / s2:1→2, 2→3"""	"""s2:46→1"""
47	28	52	234	1	0	1	0	0	0	0	0	"""s1:47→1 / s2:1→0, 2→0, 47→0"""	"""s2:46→1"""
47	28	55	234	1	0	1	0	0	0	0	0	"""s1:47→1 / s2:1→0, 2→0, 47→1"""	"""s2:46→1"""
47	28	49	234	1	0	1	0	0	0	0	0	"""s1:47→1 / s2:1→0, 2→1, 47→0"""	"""s2:46→1"""
47	28	49	234	1	0	1	0	0	0	0	0	"""s1:47→1 / s2:1→0, 2→2, 47→0"""	"""s2:46→1"""
47	28	49	234	1	0	1	0	0	0	0	0	"""s1:47→1 / s2:1→1, 2→1, 47→0"""	"""s2:46→1"""
47	28	49	234	1	0	1	0	0	0	0	0	"""s1:47→1 / s2:1→0, 2→3, 47→1"""	"""s2:46→1"""
47	28	49	234	1	0	1	0	0	0	0	0	"""s1:47→1 / s2:1→1, 2→2, 47→1"""	"""s2:46→1"""
47	28	49	234	1	0	1	0	0	0	0	0	"""s1:47→1 / s2:1→0, 2→4, 47→1"""	"""s2:46→1"""
47	28	49	234	1	0	1	0	0	0	0	0	"""s1:47→1 / s2:1→1, 2→3, 47→1"""	"""s2:46→1"""
47	28	49	234	1	0	1	0	0	0	0	0	"""s1:47→1 / s2:1→2, 2→2, 47→1"""	"""s2:46→1"""
47	28	50	234	1	0	1	0	0	0	0	0	"""s1:47→1 / s2:1→1, 2→0, 47→0"""	"""s2:46→1"""
47	28	50	234	1	0	1	0	0	0	0	0	"""s1:47→1 / s2:1→0, 2→2, 47→1"""	"""s2:46→1"""
47	28	50	234	1	0	1	0	0	0	0	0	"""s1:47→1 / s2:1→1, 2→1, 47→1"""	"""s2:46→1"""
47	28	50	234	1	0	1	0	0	0	0	0	"""s1:47→1 / s2:1→3, 2→0, 47→1"""	"""s2:46→1"""
47	28	51	234	1	0	1	0	0	0	0	0	"""s1:47→1 / s2:1→0, 2→1, 47→1"""	"""s2:46→1"""
47	28	54	254	1	1	0	0	0	0	0	0	"""s1:1→0, 2→0, 47→1 / s2:1→0, 2→0, 47→1"""	"""s2:48→1"""
47	28	54	254	1	1	0	0	0	0	0	0	"""s1:1→0, 2→0, 47→1 / s2:1→0, 2→0, 47→1"""	"""s2:46→1"""
47	28	51	254	1	1	0	0	0	0	0	0	"""s1:1→0, 2→0, 47→1 / s2:1→0, 2→1, 47→0"""	"""s2:48→1"""
47	28	51	254	1	1	0	0	0	0	0	0	"""s1:1→0, 2→0, 47→1 / s2:1→0, 2→1, 47→2"""	"""s2:48→1"""
47	28	51	254	1	1	0	0	0	0	0	0	"""s1:1→0, 2→0, 47→1 / s2:1→0, 2→1, 47→2"""	"""s2:46→1"""
47	28	51	254	1	1	0	0	0	0	0	0	"""s1:1→0, 2→1, 47→0 / s2:1→3, 47→0"""	"""s2:46→1"""
47	28	51	254	1	1	0	0	0	0	0	0	"""s1:1→0, 2→1, 47→0 / s2:1→4, 47→0"""	"""s2:46→1"""
47	28	51	254	1	1	0	0	0	0	0	0	"""s1:1→0, 2→1, 47→3 / s2:1→0, 47→0"""	"""s2:46→1"""
47	28	51	254	1	1	0	0	0	0	0	0	"""s1:1→0, 2→1, 47→4 / s2:1→0, 47→0"""	"""s2:46→1"""
47	28	56	254	1	1	0	0	0	0	0	0	"""s1:1→0, 2→0, 47→1 / s2:1→0, 2→0, 47→2"""	"""s2:48→1"""
47	28	56	254	1	1	0	0	0	0	0	0	"""s1:1→0, 2→0, 47→1 / s2:1→0, 2→0, 47→3"""	"""s2:48→1"""
47	28	56	254	1	1	0	0	0	0	0	0	"""s1:1→0, 2→0, 47→1 / s2:1→0, 2→0, 47→4"""	"""s2:48→1"""
47	28	56	254	1	1	0	0	0	0	0	0	"""s1:1→0, 2→0, 47→1 / s2:1→0, 2→0, 47→5"""	"""s2:48→1"""
47	28	56	254	1	1	0	0	0	0	0	0	"""s1:1→0, 2→0, 47→2 / s2:1→0, 2→0, 47→1"""	"""s2:48→1"""
47	28	56	254	1	1	0	0	0	0	0	0	"""s1:1→1, 2→0, 47→1 / s2:2→1, 47→3"""	"""s2:46→1"""
47	28	56	254	1	1	0	0	0	0	0	0	"""s1:1→0, 2→0, 47→3 / s2:1→0, 2→0, 47→0"""	"""s2:46→1"""
47	28	56	254	1	1	0	0	0	0	0	0	"""s1:1→0, 2→0, 47→3 / s2:1→0, 2→0, 47→1"""	"""s2:46→1"""
47	28	56	254	1	1	0	0	0	0	0	0	"""s1:1→0, 2→1, 47→2 / s2:1→0, 47→1"""	"""s2:46→1"""
47	28	56	254	1	1	0	0	0	0	0	0	"""s1:1→0, 2→0, 47→4 / s2:1→0, 2→0, 47→0"""	"""s2:46→1"""
47	28	50	254	1	1	0	0	0	0	0	0	"""s1:1→0, 2→0, 47→1 / s2:1→0, 2→1, 47→1"""	"""s2:48→1"""
47	28	50	254	1	1	0	0	0	0	0	0	"""s1:1→0, 2→0, 47→1 / s2:1→0, 2→2, 47→2"""	"""s2:48→1"""
47	28	50	254	1	1	0	0	0	0	0	0	"""s1:1→0, 2→0, 47→1 / s2:1→0, 2→2, 47→3"""	"""s2:48→1"""
47	28	50	254	1	1	0	0	0	0	0	0	"""s1:1→0, 2→0, 47→1 / s2:1→1, 2→1, 47→3"""	"""s2:48→1"""
47	28	50	254	1	1	0	0	0	0	0	0	"""s1:1→0, 2→0, 47→1 / s2:1→0, 2→1, 47→1"""	"""s2:46→1"""
47	28	50	254	1	1	0	0	0	0	0	0	"""s1:1→0, 2→0, 47→1 / s2:1→0, 2→2, 47→2"""	"""s2:46→1"""
47	28	50	254	1	1	0	0	0	0	0	0	"""s1:1→0, 2→0, 47→1 / s2:1→1, 2→1, 47→2"""	"""s2:46→1"""
47	28	50	254	1	1	0	0	0	0	0	0	"""s1:1→0, 2→0, 47→1 / s2:1→0, 2→2, 47→3"""	"""s2:46→1"""
47	28	50	254	1	1	0	0	0	0	0	0	"""s1:1→0, 2→0, 47→1 / s2:1→1, 2→1, 47→3"""	"""s2:46→1"""
47	28	50	254	1	1	0	0	0	0	0	0	"""s1:1→0, 2→1, 47→0 / s2:1→2, 47→0"""	"""s2:46→1"""
47	28	50	254	1	1	0	0	0	0	0	0	"""s1:1→0, 2→1, 47→0 / s2:1→4, 47→1"""	"""s2:46→1"""
47	28	50	254	1	1	0	0	0	0	0	0	"""s1:1→0, 2→1, 47→1 / s2:1→1, 47→2"""	"""s2:46→1"""
47	28	50	254	1	1	0	0	0	0	0	0	"""s1:1→1, 2→0, 47→1 / s2:2→3, 47→1"""	"""s2:46→1"""
47	28	50	254	1	1	0	0	0	0	0	0	"""s1:1→0, 2→1, 47→2 / s2:1→0, 47→0"""	"""s2:46→1"""
47	28	50	254	1	1	0	0	0	0	0	0	"""s1:1→0, 2→1, 47→2 / s2:1→1, 47→2"""	"""s2:46→1"""
47	28	50	254	1	1	0	0	0	0	0	0	"""s1:1→0, 2→1, 47→2 / s2:1→1, 47→3"""	"""s2:46→1"""
47	28	50	254	1	1	0	0	0	0	0	0	"""s1:1→0, 2→1, 47→2 / s2:1→2, 47→2"""	"""s2:46→1"""
47	28	49	254	1	1	0	0	0	0	0	0	"""s1:1→0, 2→0, 47→1 / s2:1→0, 2→2, 47→1"""	"""s2:48→1"""
47	28	49	254	1	1	0	0	0	0	0	0	"""s1:1→0, 2→0, 47→1 / s2:1→1, 2→1, 47→1"""	"""s2:48→1"""
47	28	49	254	1	1	0	0	0	0	0	0	"""s1:1→0, 2→0, 47→1 / s2:1→1, 2→1, 47→2"""	"""s2:48→1"""
47	28	49	254	1	1	0	0	0	0	0	0	"""s1:1→0, 2→0, 47→1 / s2:1→0, 2→3, 47→2"""	"""s2:48→1"""
47	28	49	254	1	1	0	0	0	0	0	0	"""s1:1→0, 2→0, 47→1 / s2:1→1, 2→2, 47→2"""	"""s2:48→1"""
47	28	49	254	1	1	0	0	0	0	0	0	"""s1:1→0, 2→0, 47→1 / s2:1→0, 2→1, 47→0"""	"""s2:46→1"""
47	28	49	254	1	1	0	0	0	0	0	0	"""s1:1→0, 2→0, 47→1 / s2:1→0, 2→2, 47→1"""	"""s2:46→1"""
47	28	49	254	1	1	0	0	0	0	0	0	"""s1:1→0, 2→0, 47→1 / s2:1→1, 2→1, 47→1"""	"""s2:46→1"""
47	28	49	254	1	1	0	0	0	0	0	0	"""s1:1→0, 2→0, 47→1 / s2:1→0, 2→3, 47→1"""	"""s2:46→1"""
47	28	49	254	1	1	0	0	0	0	0	0	"""s1:1→0, 2→0, 47→1 / s2:1→1, 2→2, 47→1"""	"""s2:46→1"""
47	28	49	254	1	1	0	0	0	0	0	0	"""s1:1→0, 2→0, 47→1 / s2:1→0, 2→3, 47→2"""	"""s2:46→1"""
47	28	49	254	1	1	0	0	0	0	0	0	"""s1:1→0, 2→0, 47→1 / s2:1→1, 2→2, 47→2"""	"""s2:46→1"""
47	28	49	254	1	1	0	0	0	0	0	0	"""s1:1→0, 2→1, 47→0 / s2:1→1, 47→0"""	"""s2:46→1"""
47	28	49	254	1	1	0	0	0	0	0	0	"""s1:1→0, 2→1, 47→0 / s2:1→2, 47→1"""	"""s2:46→1"""
47	28	49	254	1	1	0	0	0	0	0	0	"""s1:1→0, 2→1, 47→0 / s2:1→3, 47→1"""	"""s2:46→1"""
47	28	49	254	1	1	0	0	0	0	0	0	"""s1:1→0, 2→1, 47→0 / s2:1→3, 47→2"""	"""s2:46→1"""
47	28	49	254	1	1	0	0	0	0	0	0	"""s1:1→0, 2→1, 47→1 / s2:1→0, 47→0"""	"""s2:46→1"""
47	28	49	254	1	1	0	0	0	0	0	0	"""s1:1→0, 2→1, 47→1 / s2:1→1, 47→0"""	"""s2:46→1"""
47	28	49	254	1	1	0	0	0	0	0	0	"""s1:1→0, 2→1, 47→1 / s2:1→1, 47→1"""	"""s2:46→1"""
47	28	49	254	1	1	0	0	0	0	0	0	"""s1:1→0, 2→1, 47→1 / s2:1→2, 47→1"""	"""s2:46→1"""
47	28	49	254	1	1	0	0	0	0	0	0	"""s1:1→0, 2→1, 47→1 / s2:1→2, 47→2"""	"""s2:46→1"""
47	28	49	254	1	1	0	0	0	0	0	0	"""s1:1→0, 2→1, 47→1 / s2:1→3, 47→1"""	"""s2:46→1"""
47	28	49	254	1	1	0	0	0	0	0	0	"""s1:1→0, 2→1, 47→1 / s2:1→2, 47→3"""	"""s2:46→1"""
47	28	49	254	1	1	0	0	0	0	0	0	"""s1:1→0, 2→1, 47→1 / s2:1→3, 47→2"""	"""s2:46→1"""
47	28	49	254	1	1	0	0	0	0	0	0	"""s1:1→0, 2→1, 47→2 / s2:1→1, 47→1"""	"""s2:46→1"""
47	28	49	254	1	1	0	0	0	0	0	0	"""s1:1→0, 2→1, 47→2 / s2:1→2, 47→3"""	"""s2:46→1"""
47	28	49	254	1	1	0	0	0	0	0	0	"""s1:1→1, 2→1, 47→2 / s2:47→0"""	"""s2:46→1"""
47	28	49	254	1	1	0	0	0	0	0	0	"""s1:1→1, 2→1, 47→3 / s2:47→0"""	"""s2:46→1"""
47	28	52	254	1	1	0	0	0	0	0	0	"""s1:1→0, 2→0, 47→1 / s2:1→0, 2→1, 47→3"""	"""s2:48→1"""
47	28	52	254	1	1	0	0	0	0	0	0	"""s1:1→0, 2→0, 47→1 / s2:1→1, 2→0, 47→4"""	"""s2:48→1"""
47	28	52	254	1	1	0	0	0	0	0	0	"""s1:1→0, 2→0, 47→1 / s2:1→0, 2→0, 47→0"""	"""s2:46→1"""
47	28	52	254	1	1	0	0	0	0	0	0	"""s1:1→0, 2→0, 47→1 / s2:1→0, 2→1, 47→3"""	"""s2:46→1"""
47	28	52	254	1	1	0	0	0	0	0	0	"""s1:1→0, 2→0, 47→1 / s2:1→0, 2→1, 47→4"""	"""s2:46→1"""
47	28	52	254	1	1	0	0	0	0	0	0	"""s1:1→0, 2→1, 47→2 / s2:1→1, 47→4"""	"""s2:46→1"""
47	28	53	254	1	1	0	0	0	0	0	0	"""s1:1→0, 2→0, 47→1 / s2:1→0, 2→1, 47→4"""	"""s2:48→1"""
47	28	53	254	1	1	0	0	0	0	0	0	"""s1:1→0, 2→1, 47→3 / s2:1→0, 47→1"""	"""s2:46→1"""
47	28	55	254	1	1	0	0	0	0	0	0	"""s1:1→0, 2→0, 47→1 / s2:1→0, 2→0, 47→2"""	"""s2:46→1"""
47	28	55	254	1	1	0	0	0	0	0	0	"""s1:1→0, 2→0, 47→1 / s2:1→0, 2→0, 47→3"""	"""s2:46→1"""
47	28	55	254	1	1	0	0	0	0	0	0	"""s1:1→0, 2→0, 47→1 / s2:1→0, 2→0, 47→4"""	"""s2:46→1"""
47	28	55	254	1	1	0	0	0	0	0	0	"""s1:1→0, 2→0, 47→1 / s2:1→0, 2→0, 47→5"""	"""s2:46→1"""
47	28	55	254	1	1	0	0	0	0	0	0	"""s1:1→0, 2→0, 47→2 / s2:1→0, 2→0, 47→0"""	"""s2:46→1"""
47	28	55	254	1	1	0	0	0	0	0	0	"""s1:1→0, 2→0, 47→2 / s2:1→0, 2→0, 47→1"""	"""s2:46→1"""
47	28	55	254	1	1	0	0	0	0	0	0	"""s1:1→0, 2→0, 47→2 / s2:1→0, 2→0, 47→2"""	"""s2:46→1"""
47	28	55	254	1	1	0	0	0	0	0	0	"""s1:1→0, 2→0, 47→2 / s2:1→0, 2→0, 47→3"""	"""s2:46→1"""
47	28	55	254	1	1	0	0	0	0	0	0	"""s1:1→0, 2→0, 47→2 / s2:1→0, 2→0, 47→4"""	"""s2:46→1"""
47	28	55	254	1	1	0	0	0	0	0	0	"""s1:1→0, 2→0, 47→2 / s2:1→0, 2→1, 47→3"""	"""s2:46→1"""
47	28	55	254	1	1	0	0	0	0	0	0	"""s1:1→0, 2→0, 47→2 / s2:1→0, 2→1, 47→4"""	"""s2:46→1"""
47	28	55	254	1	1	0	0	0	0	0	0	"""s1:1→0, 2→1, 47→1 / s2:1→1, 47→3"""	"""s2:46→1"""
47	28	58	254	1	1	0	0	0	0	0	0	"""s1:1→0, 2→0, 47→2 / s2:1→0, 2→1, 47→2"""	"""s2:46→1"""
47	28	60	254	1	1	0	0	0	0	0	0	"""s1:1→0, 2→1, 47→3 / s2:1→1, 47→1"""	"""s2:46→1"""
47	28	57	254	1	1	0	0	0	0	0	0	"""s1:1→0, 2→0, 47→5 / s2:1→0, 2→0, 47→0"""	"""s2:46→1"""
47	28	51	202	1	1	0	1	0	0	0	0	"""s1:47→1 / s2:1→0, 2→1 / s3:1→1"""	"""s3:46→1"""
47	28	51	202	1	1	0	1	0	0	0	0	"""s1:47→1 / s2:1→0, 2→1 / s3:1→3"""	"""s3:46→1"""
47	28	50	202	1	1	0	1	0	0	0	0	"""s1:47→1 / s2:1→0, 2→1 / s3:1→2"""	"""s3:46→1"""
47	28	54	202	1	1	0	1	0	0	0	0	"""s1:47→1 / s2:1→0, 2→1 / s3:1→4"""	"""s3:46→1"""
47	28	52	202	1	1	0	1	0	0	0	0	"""s1:47→1 / s2:1→1, 2→0 / s3:2→1"""	"""s3:46→1"""
47	28	55	202	1	1	0	1	0	0	0	0	"""s1:47→1 / s2:1→1, 2→0 / s3:2→4"""	"""s3:46→1"""
47	28	56	246	1	2	0	0	0	0	0	0	"""s1:1→0, 2→0, 47→1 / s2:1→0, 2→0, 47→1 / s3:1→0, 2→0, 47→1"""	"""s3:49→1"""
47	28	56	246	1	2	0	0	0	0	0	0	"""s1:1→0, 2→0, 47→1 / s2:1→0, 2→0, 47→2 / s3:1→0, 2→0"""	"""s3:46→1"""
47	28	55	246	1	2	0	0	0	0	0	0	"""s1:1→0, 2→0, 47→1 / s2:1→0, 2→0, 47→1 / s3:1→0, 2→1, 47→1"""	"""s3:49→1"""
47	28	55	246	1	2	0	0	0	0	0	0	"""s1:1→0, 2→0, 47→1 / s2:1→0, 2→0, 47→1 / s3:1→0, 2→0, 47→1"""	"""s3:46→1"""
47	28	54	246	1	2	0	0	0	0	0	0	"""s1:1→0, 2→0, 47→1 / s2:1→0, 2→0, 47→1 / s3:1→0, 2→0, 47→0"""	"""s3:46→1"""
47	28	54	246	1	2	0	0	0	0	0	0	"""s1:1→0, 2→0, 47→1 / s2:1→0, 2→0, 47→1 / s3:1→0, 2→1, 47→1"""	"""s3:46→1"""
47	28	50	246	1	2	0	0	0	0	0	0	"""s1:1→0, 2→0, 47→1 / s2:1→0, 2→1, 47→1 / s3:1→1, 47→1"""	"""s3:48→1"""
47	28	50	246	1	2	0	0	0	0	0	0	"""s1:1→0, 2→0, 47→1 / s2:1→0, 2→1, 47→1 / s3:1→1, 47→0"""	"""s3:46→1"""
47	28	50	246	1	2	0	0	0	0	0	0	"""s1:1→0, 2→0, 47→1 / s2:1→0, 2→1, 47→1 / s3:1→1, 47→1"""	"""s3:46→1"""
47	28	50	246	1	2	0	0	0	0	0	0	"""s1:1→0, 2→0, 47→1 / s2:1→0, 2→1, 47→1 / s3:1→2, 47→1"""	"""s3:46→1"""
47	28	50	246	1	2	0	0	0	0	0	0	"""s1:1→0, 2→1, 47→1 / s2:1→1, 47→1 / s3:47→0"""	"""s3:46→1"""
47	28	50	246	1	2	0	0	0	0	0	0	"""s1:1→0, 2→1, 47→1 / s2:1→1, 47→2 / s3:∅"""	"""s3:46→1"""
47	28	52	246	1	2	0	0	0	0	0	0	"""s1:1→0, 2→0, 47→1 / s2:1→0, 2→1, 47→1 / s3:1→0, 47→0"""	"""s3:46→1"""
47	28	52	246	1	2	0	0	0	0	0	0	"""s1:1→0, 2→0, 47→1 / s2:1→0, 2→1, 47→2 / s3:1→0"""	"""s3:46→1"""
47	28	56	252	2	1	0	0	0	0	0	0	"""s1:1→0, 2→0, 47→1 / s2:1→0, 2→0, 47→1 / s3:1→0, 2→0, 47→1"""	"""s2:48→1 / s3:48→1"""
47	28	56	252	2	1	0	0	0	0	0	0	"""s1:1→0, 2→0, 47→1 / s2:1→0, 2→0, 47→1 / s3:1→0, 2→0, 47→2"""	"""s2:48→1 / s3:48→1"""
47	28	57	252	2	1	0	0	0	0	0	0	"""s1:1→0, 2→0, 47→1 / s2:1→0, 2→0, 47→1 / s3:1→0, 2→1, 47→2"""	"""s2:48→1 / s3:48→1"""
47	28	54	253	2	1	0	0	0	0	0	0	"""s1:1→0, 2→0, 47→1 / s2:1→0, 2→0, 47→1 / s3:1→0, 2→0, 47→0"""	"""s2:48→1 / s3:46→1"""
47	28	55	253	2	1	0	0	0	0	0	0	"""s1:1→0, 2→0, 47→1 / s2:1→0, 2→0, 47→1 / s3:1→0, 2→0, 47→1"""	"""s2:48→1 / s3:46→1"""
47	28	52	252	2	1	0	0	0	0	0	0	"""s1:1→0, 2→0, 47→1 / s2:1→0, 2→1, 47→0 / s3:1→1, 2→1, 47→1"""	"""s2:48→1 / s3:48→1"""
47	28	50	253	2	1	0	0	0	0	0	0	"""s1:1→0, 2→0, 47→1 / s2:1→0, 2→1, 47→0 / s3:1→0, 2→1, 47→0"""	"""s2:48→1 / s3:46→1"""
47	28	50	253	2	1	0	0	0	0	0	0	"""s1:1→0, 2→0, 47→1 / s2:1→0, 2→1, 47→0 / s3:1→2, 2→1, 47→1"""	"""s2:48→1 / s3:46→1"""
47	28	50	253	2	1	0	0	0	0	0	0	"""s1:1→0, 2→0, 47→1 / s2:1→0, 2→1, 47→1 / s3:1→0, 2→1, 47→0"""	"""s2:48→1 / s3:46→1"""
47	28	50	253	2	1	0	0	0	0	0	0	"""s1:1→0, 2→0, 47→1 / s2:1→0, 2→1, 47→1 / s3:1→0, 2→1, 47→1"""	"""s2:48→1 / s3:46→1"""
47	28	50	253	2	1	0	0	0	0	0	0	"""s1:1→0, 2→0, 47→1 / s2:1→0, 2→1, 47→1 / s3:1→1, 2→0, 47→1"""	"""s2:48→1 / s3:46→1"""
47	28	50	253	2	1	0	0	0	0	0	0	"""s1:1→0, 2→0, 47→1 / s2:1→1, 2→1, 47→1 / s3:1→1, 2→1, 47→1"""	"""s2:48→1 / s3:46→1"""
47	28	50	253	2	1	0	0	0	0	0	0	"""s1:1→0, 2→0, 47→1 / s2:1→0, 2→1, 47→0 / s3:1→1, 2→1, 47→1"""	"""s2:46→1 / s3:48→1"""
47	28	50	253	2	1	0	0	0	0	0	0	"""s1:1→0, 2→0, 47→1 / s2:1→0, 2→1, 47→0 / s3:1→2, 2→1, 47→2"""	"""s2:46→1 / s3:48→1"""
47	28	50	252	2	1	0	0	0	0	0	0	"""s1:1→0, 2→0, 47→1 / s2:1→1, 2→0, 47→0 / s3:1→1, 2→1, 47→1"""	"""s2:48→1 / s3:48→1"""
47	28	50	252	2	1	0	0	0	0	0	0	"""s1:1→0, 2→0, 47→1 / s2:1→0, 2→1, 47→1 / s3:1→0, 2→1, 47→1"""	"""s2:48→1 / s3:48→1"""
47	28	50	252	2	1	0	0	0	0	0	0	"""s1:1→0, 2→0, 47→1 / s2:1→0, 2→1, 47→1 / s3:1→1, 2→0, 47→1"""	"""s2:48→1 / s3:48→1"""
47	28	50	252	2	1	0	0	0	0	0	0	"""s1:1→0, 2→0, 47→1 / s2:1→0, 2→1, 47→1 / s3:1→1, 2→1, 47→2"""	"""s2:48→1 / s3:48→1"""
47	28	50	252	2	1	0	0	0	0	0	0	"""s1:1→0, 2→0, 47→1 / s2:1→0, 2→1, 47→1 / s3:1→2, 2→0, 47→2"""	"""s2:48→1 / s3:48→1"""
47	28	50	252	2	1	0	0	0	0	0	0	"""s1:1→0, 2→0, 47→1 / s2:1→1, 2→1, 47→1 / s3:1→1, 2→1, 47→1"""	"""s2:48→1 / s3:48→1"""
47	28	53	253	2	1	0	0	0	0	0	0	"""s1:1→0, 2→0, 47→1 / s2:1→1, 2→0, 47→0 / s3:1→1, 2→2, 47→1"""	"""s2:48→1 / s3:46→1"""
47	28	53	253	2	1	0	0	0	0	0	0	"""s1:1→0, 2→0, 47→1 / s2:1→0, 2→0, 47→0 / s3:1→0, 2→1, 47→4"""	"""s2:46→1 / s3:48→1"""
47	28	56	253	2	1	0	0	0	0	0	0	"""s1:1→0, 2→0, 47→1 / s2:1→0, 2→0, 47→2 / s3:1→0, 2→0, 47→0"""	"""s2:48→1 / s3:46→1"""
47	28	56	253	2	1	0	0	0	0	0	0	"""s1:1→0, 2→0, 47→1 / s2:1→0, 2→0, 47→3 / s3:1→0, 2→0, 47→0"""	"""s2:48→1 / s3:46→1"""
47	28	51	252	2	1	0	0	0	0	0	0	"""s1:1→0, 2→0, 47→1 / s2:1→0, 2→1, 47→1 / s3:1→0, 2→1, 47→2"""	"""s2:48→1 / s3:48→1"""
47	28	53	252	2	1	0	0	0	0	0	0	"""s1:1→0, 2→0, 47→1 / s2:1→0, 2→1, 47→1 / s3:1→1, 2→0, 47→2"""	"""s2:48→1 / s3:48→1"""
47	28	51	253	2	1	0	0	0	0	0	0	"""s1:1→0, 2→0, 47→1 / s2:1→0, 2→1, 47→1 / s3:1→1, 2→1, 47→1"""	"""s2:48→1 / s3:46→1"""
47	28	57	253	2	1	0	0	0	0	0	0	"""s1:1→0, 2→0, 47→1 / s2:1→0, 2→0, 47→4 / s3:1→0, 2→0, 47→0"""	"""s2:48→1 / s3:46→1"""
47	28	57	253	2	1	0	0	0	0	0	0	"""s1:1→0, 2→0, 47→1 / s2:1→0, 2→0, 47→5 / s3:1→0, 2→0, 47→0"""	"""s2:48→1 / s3:46→1"""
47	28	57	253	2	1	0	0	0	0	0	0	"""s1:1→0, 2→0, 47→1 / s2:1→0, 2→0, 47→0 / s3:1→1, 2→1, 47→2"""	"""s2:46→1 / s3:48→1"""
47	28	52	253	2	1	0	0	0	0	0	0	"""s1:1→0, 2→0, 47→1 / s2:1→0, 2→0, 47→0 / s3:1→0, 2→1, 47→1"""	"""s2:46→1 / s3:48→1"""
47	28	52	253	2	1	0	0	0	0	0	0	"""s1:1→0, 2→0, 47→1 / s2:1→0, 2→0, 47→0 / s3:1→0, 2→1, 47→2"""	"""s2:46→1 / s3:48→1"""
47	28	52	253	2	1	0	0	0	0	0	0	"""s1:1→0, 2→0, 47→1 / s2:1→0, 2→0, 47→0 / s3:1→0, 2→1, 47→3"""	"""s2:46→1 / s3:48→1"""
47	28	52	253	2	1	0	0	0	0	0	0	"""s1:1→0, 2→0, 47→1 / s2:1→0, 2→0, 47→0 / s3:1→0, 2→2, 47→3"""	"""s2:46→1 / s3:48→1"""
47	28	52	253	2	1	0	0	0	0	0	0	"""s1:1→0, 2→0, 47→1 / s2:1→0, 2→0, 47→0 / s3:1→1, 2→1, 47→3"""	"""s2:46→1 / s3:48→1"""
47	28	52	253	2	1	0	0	0	0	0	0	"""s1:1→0, 2→0, 47→1 / s2:1→0, 2→1, 47→0 / s3:1→1, 2→1, 47→2"""	"""s2:46→1 / s3:48→1"""
47	29	53	235	0	1	0	0	0	0	0	0	"""s1:46→1"""	""""""
47	29	48	234	0	1	0	0	0	0	0	0	"""s1:46→0"""	"""s1:47→1"""
47	30	51	227	0	1	0	0	0	0	0	0	"""s1:44→1"""	""""""
47	30	48	226	0	1	0	0	0	0	0	0	"""s1:44→0"""	"""s1:1→1"""
47	30	49	226	0	1	0	0	0	0	0	0	"""s1:44→1"""	"""s1:1→1"""
47	30	48	234	1	0	0	0	0	0	0	0	"""s1:2→0, 44→0"""	"""s1:47→1"""
47	30	52	234	1	0	0	0	0	0	0	0	"""s1:2→0, 44→1"""	"""s1:47→1"""
47	30	52	234	1	0	0	0	0	0	0	0	"""s1:2→0, 44→2"""	"""s1:47→1"""
47	30	52	234	1	0	0	0	0	0	0	0	"""s1:2→0, 44→3"""	"""s1:47→1"""
47	30	52	234	1	0	0	0	0	0	0	0	"""s1:2→0, 44→4"""	"""s1:47→1"""
47	30	52	234	1	0	0	0	0	0	0	0	"""s1:2→0, 44→5"""	"""s1:47→1"""
47	30	49	234	1	0	0	0	0	0	0	0	"""s1:2→1, 44→0"""	"""s1:47→1"""
47	30	49	234	1	0	0	0	0	0	0	0	"""s1:2→1, 44→1"""	"""s1:47→1"""
47	30	49	234	1	0	0	0	0	0	0	0	"""s1:2→1, 44→2"""	"""s1:47→1"""
47	30	50	234	1	0	0	0	0	0	0	0	"""s1:2→1, 44→3"""	"""s1:47→1"""
47	30	50	234	1	0	0	0	0	0	0	0	"""s1:2→1, 44→4"""	"""s1:47→1"""
47	30	52	226	1	1	0	0	0	0	0	0	"""s1:44→1 / s2:2→0"""	"""s2:47→1"""
47	30	50	225	1	1	0	0	0	0	0	0	"""s1:44→0 / s2:44→0"""	"""s1:1→1 / s2:47→1"""
47	30	50	225	1	1	0	0	0	0	0	0	"""s1:44→1 / s2:∅"""	"""s1:1→1 / s2:47→1"""
47	31	48	152	0	1	0	0	0	0	0	0	"""s1:∅"""	"""s1:1→1"""
47	33	48	132	0	0	0	0	0	0	1	0	"""s1:47→1"""	""""""
47	33	48	160	0	0	0	0	0	1	0	0	"""s1:47→1"""	""""""
47	33	48	187	0	0	0	0	1	0	0	0	"""s1:47→1"""	""""""
47	33	48	213	0	0	0	1	0	0	0	0	"""s1:47→1"""	""""""
47	33	48	237	0	0	1	0	0	0	0	0	"""s1:47→1"""	""""""
47	33	56	237	0	0	1	0	0	0	0	0	"""s1:47→2"""	""""""
47	33	48	257	0	1	0	0	0	0	0	0	"""s1:47→1"""	""""""
47	33	55	257	0	1	0	0	0	0	0	0	"""s1:47→2"""	""""""
47	33	55	257	0	1	0	0	0	0	0	0	"""s1:47→3"""	""""""
47	33	56	257	0	1	0	0	0	0	0	0	"""s1:47→4"""	""""""
47	33	56	257	0	1	0	0	0	0	0	0	"""s1:47→5"""	""""""
47	33	55	229	0	1	1	0	0	0	0	0	"""s1:47→1 / s2:47→1"""	""""""
47	33	54	249	0	2	0	0	0	0	0	0	"""s1:47→1 / s2:47→1"""	""""""
47	33	56	249	0	2	0	0	0	0	0	0	"""s1:47→1 / s2:47→2"""	""""""
47	33	56	249	0	2	0	0	0	0	0	0	"""s1:47→1 / s2:47→3"""	""""""
47	33	56	249	0	2	0	0	0	0	0	0	"""s1:47→1 / s2:47→4"""	""""""
47	33	56	249	0	2	0	0	0	0	0	0	"""s1:47→1 / s2:47→5"""	""""""
47	33	56	249	0	2	0	0	0	0	0	0	"""s1:47→2 / s2:47→2"""	""""""
47	33	56	241	0	3	0	0	0	0	0	0	"""s1:47→1 / s2:47→1 / s3:47→1"""	""""""
47	33	55	256	1	1	0	0	0	0	0	0	"""s1:47→1 / s2:47→1"""	"""s2:48→1"""
47	33	56	256	1	1	0	0	0	0	0	0	"""s1:47→1 / s2:47→2"""	"""s2:48→1"""
47	33	56	256	1	1	0	0	0	0	0	0	"""s1:47→1 / s2:47→3"""	"""s2:48→1"""
47	33	56	256	1	1	0	0	0	0	0	0	"""s1:47→1 / s2:47→4"""	"""s2:48→1"""
47	33	56	256	1	1	0	0	0	0	0	0	"""s1:47→1 / s2:47→5"""	"""s2:48→1"""
47	33	56	256	1	1	0	0	0	0	0	0	"""s1:47→2 / s2:47→1"""	"""s2:48→1"""
47	33	56	256	1	1	0	0	0	0	0	0	"""s1:47→2 / s2:47→2"""	"""s2:48→1"""
47	33	56	256	1	1	0	0	0	0	0	0	"""s1:47→2 / s2:47→3"""	"""s2:48→1"""
47	33	56	256	1	1	0	0	0	0	0	0	"""s1:47→2 / s2:47→4"""	"""s2:48→1"""
47	33	56	256	1	1	0	0	0	0	0	0	"""s1:47→2 / s2:47→5"""	"""s2:48→1"""
47	33	56	256	1	1	0	0	0	0	0	0	"""s1:47→3 / s2:47→1"""	"""s2:48→1"""
47	33	56	248	1	2	0	0	0	0	0	0	"""s1:47→1 / s2:47→1 / s3:47→1"""	"""s3:49→1"""
47	33	56	248	1	2	0	0	0	0	0	0	"""s1:47→1 / s2:47→1 / s3:47→2"""	"""s3:49→1"""
47	33	56	248	1	2	0	0	0	0	0	0	"""s1:47→1 / s2:47→1 / s3:47→3"""	"""s3:49→1"""
47	33	56	248	1	2	0	0	0	0	0	0	"""s1:47→1 / s2:47→1 / s3:47→4"""	"""s3:49→1"""
47	33	56	248	1	2	0	0	0	0	0	0	"""s1:47→1 / s2:47→1 / s3:47→5"""	"""s3:49→1"""
47	33	56	248	1	2	0	0	0	0	0	0	"""s1:47→1 / s2:47→2 / s3:47→1"""	"""s3:48→1"""
47	33	56	254	2	1	0	0	0	0	0	0	"""s1:47→1 / s2:47→1 / s3:47→1"""	"""s2:48→1 / s3:48→1"""
47	33	56	254	2	1	0	0	0	0	0	0	"""s1:47→1 / s2:47→1 / s3:47→2"""	"""s2:48→1 / s3:48→1"""
47	33	56	254	2	1	0	0	0	0	0	0	"""s1:47→1 / s2:47→1 / s3:47→3"""	"""s2:48→1 / s3:48→1"""
47	33	56	254	2	1	0	0	0	0	0	0	"""s1:47→1 / s2:47→1 / s3:47→4"""	"""s2:48→1 / s3:48→1"""
47	33	56	254	2	1	0	0	0	0	0	0	"""s1:47→1 / s2:47→1 / s3:47→5"""	"""s2:48→1 / s3:48→1"""
47	33	56	254	2	1	0	0	0	0	0	0	"""s1:47→1 / s2:47→2 / s3:47→2"""	"""s2:48→1 / s3:48→1"""
47	33	56	254	2	1	0	0	0	0	0	0	"""s1:47→1 / s2:47→2 / s3:47→3"""	"""s2:48→1 / s3:48→1"""
47	33	56	254	2	1	0	0	0	0	0	0	"""s1:47→1 / s2:47→2 / s3:47→4"""	"""s2:48→1 / s3:48→1"""
47	35	48	14	0	0	0	0	0	0	0	1	"""s1:1→1"""	""""""
47	35	48	129	0	0	0	0	0	0	1	0	"""s1:1→1"""	""""""
47	35	48	157	0	0	0	0	0	1	0	0	"""s1:1→1"""	""""""
47	35	48	184	0	0	0	0	1	0	0	0	"""s1:1→1"""	""""""
47	35	48	210	0	0	0	1	0	0	0	0	"""s1:1→1"""	""""""
47	35	48	234	0	0	1	0	0	0	0	0	"""s1:1→1"""	""""""
47	35	56	234	0	0	1	0	0	0	0	0	"""s1:1→2"""	""""""
47	35	55	206	0	0	2	0	0	0	0	0	"""s1:1→1 / s2:1→1"""	""""""
47	35	48	254	0	1	0	0	0	0	0	0	"""s1:1→1"""	""""""
47	35	55	254	0	1	0	0	0	0	0	0	"""s1:1→2"""	""""""
47	35	56	254	0	1	0	0	0	0	0	0	"""s1:1→3"""	""""""
47	35	56	254	0	1	0	0	0	0	0	0	"""s1:1→4"""	""""""
47	35	56	254	0	1	0	0	0	0	0	0	"""s1:1→5"""	""""""
47	35	56	176	0	1	0	0	1	0	0	0	"""s1:1→1 / s2:1→1"""	""""""
47	35	56	202	0	1	0	1	0	0	0	0	"""s1:1→1 / s2:1→1"""	""""""
47	35	55	226	0	1	1	0	0	0	0	0	"""s1:1→1 / s2:1→1"""	""""""
47	35	56	226	0	1	1	0	0	0	0	0	"""s1:1→1 / s2:1→2"""	""""""
47	35	57	226	0	1	1	0	0	0	0	0	"""s1:1→1 / s2:1→3"""	""""""
47	35	54	246	0	2	0	0	0	0	0	0	"""s1:1→1 / s2:1→1"""	""""""
47	35	56	246	0	2	0	0	0	0	0	0	"""s1:1→1 / s2:1→2"""	""""""
47	35	56	246	0	2	0	0	0	0	0	0	"""s1:1→1 / s2:1→3"""	""""""
47	35	56	246	0	2	0	0	0	0	0	0	"""s1:1→1 / s2:1→4"""	""""""
47	35	56	246	0	2	0	0	0	0	0	0	"""s1:1→1 / s2:1→5"""	""""""
47	35	56	246	0	2	0	0	0	0	0	0	"""s1:1→2 / s2:1→2"""	""""""
47	35	56	246	0	2	0	0	0	0	0	0	"""s1:1→2 / s2:1→3"""	""""""
47	35	56	246	0	2	0	0	0	0	0	0	"""s1:1→2 / s2:1→4"""	""""""
47	35	56	246	0	2	0	0	0	0	0	0	"""s1:1→3 / s2:1→3"""	""""""
47	35	56	218	0	2	1	0	0	0	0	0	"""s1:1→1 / s2:1→1 / s3:1→1"""	""""""
47	35	55	238	0	3	0	0	0	0	0	0	"""s1:1→1 / s2:1→1 / s3:1→1"""	""""""
47	35	56	238	0	3	0	0	0	0	0	0	"""s1:1→1 / s2:1→1 / s3:1→2"""	""""""
47	35	56	238	0	3	0	0	0	0	0	0	"""s1:1→1 / s2:1→1 / s3:1→3"""	""""""
47	35	56	230	0	4	0	0	0	0	0	0	"""s1:1→1 / s2:1→1 / s3:1→1 / s4:1→1"""	""""""
47	35	55	253	1	1	0	0	0	0	0	0	"""s1:1→1 / s2:1→1"""	"""s2:48→1"""
47	35	56	253	1	1	0	0	0	0	0	0	"""s1:1→1 / s2:1→2"""	"""s2:48→1"""
47	35	56	253	1	1	0	0	0	0	0	0	"""s1:1→1 / s2:1→3"""	"""s2:48→1"""
47	35	56	253	1	1	0	0	0	0	0	0	"""s1:1→1 / s2:1→4"""	"""s2:48→1"""
47	35	56	253	1	1	0	0	0	0	0	0	"""s1:1→1 / s2:1→5"""	"""s2:48→1"""
47	35	56	253	1	1	0	0	0	0	0	0	"""s1:1→2 / s2:1→1"""	"""s2:48→1"""
47	35	56	253	1	1	0	0	0	0	0	0	"""s1:1→2 / s2:1→2"""	"""s2:48→1"""
47	35	56	253	1	1	0	0	0	0	0	0	"""s1:1→2 / s2:1→3"""	"""s2:48→1"""
47	35	56	253	1	1	0	0	0	0	0	0	"""s1:1→2 / s2:1→4"""	"""s2:48→1"""
47	35	56	253	1	1	0	0	0	0	0	0	"""s1:1→2 / s2:1→5"""	"""s2:48→1"""
47	35	56	253	1	1	0	0	0	0	0	0	"""s1:1→3 / s2:1→1"""	"""s2:48→1"""
47	35	56	253	1	1	0	0	0	0	0	0	"""s1:1→3 / s2:1→2"""	"""s2:48→1"""
47	35	56	253	1	1	0	0	0	0	0	0	"""s1:1→3 / s2:1→3"""	"""s2:48→1"""
47	35	56	253	1	1	0	0	0	0	0	0	"""s1:1→3 / s2:1→4"""	"""s2:48→1"""
47	35	56	253	1	1	0	0	0	0	0	0	"""s1:1→4 / s2:1→1"""	"""s2:48→1"""
47	35	56	225	1	1	1	0	0	0	0	0	"""s1:1→1 / s2:1→1 / s3:1→1"""	"""s3:49→1"""
47	35	56	245	1	2	0	0	0	0	0	0	"""s1:1→1 / s2:1→1 / s3:1→1"""	"""s3:49→1"""
47	35	56	245	1	2	0	0	0	0	0	0	"""s1:1→1 / s2:1→1 / s3:1→2"""	"""s3:49→1"""
47	35	56	245	1	2	0	0	0	0	0	0	"""s1:1→1 / s2:1→1 / s3:1→3"""	"""s3:49→1"""
47	35	56	245	1	2	0	0	0	0	0	0	"""s1:1→1 / s2:1→1 / s3:1→4"""	"""s3:49→1"""
47	35	56	245	1	2	0	0	0	0	0	0	"""s1:1→1 / s2:1→1 / s3:1→5"""	"""s3:49→1"""
47	35	56	245	1	2	0	0	0	0	0	0	"""s1:1→1 / s2:1→2 / s3:1→1"""	"""s3:49→1"""
47	35	56	245	1	2	0	0	0	0	0	0	"""s1:1→1 / s2:1→2 / s3:1→1"""	"""s3:48→1"""
47	35	56	245	1	2	0	0	0	0	0	0	"""s1:1→1 / s2:1→2 / s3:1→2"""	"""s3:48→1"""
47	35	56	245	1	2	0	0	0	0	0	0	"""s1:1→1 / s2:1→2 / s3:1→3"""	"""s3:48→1"""
47	35	56	245	1	2	0	0	0	0	0	0	"""s1:1→1 / s2:1→2 / s3:1→4"""	"""s3:48→1"""
47	35	56	245	1	2	0	0	0	0	0	0	"""s1:1→1 / s2:1→3 / s3:1→1"""	"""s3:48→1"""
47	35	56	237	1	3	0	0	0	0	0	0	"""s1:1→1 / s2:1→1 / s3:1→1 / s4:1→1"""	"""s4:50→1"""
47	35	56	251	2	1	0	0	0	0	0	0	"""s1:1→1 / s2:1→1 / s3:1→1"""	"""s2:48→1 / s3:48→1"""
47	35	56	251	2	1	0	0	0	0	0	0	"""s1:1→1 / s2:1→1 / s3:1→2"""	"""s2:48→1 / s3:48→1"""
47	35	56	251	2	1	0	0	0	0	0	0	"""s1:1→1 / s2:1→1 / s3:1→3"""	"""s2:48→1 / s3:48→1"""
47	35	56	251	2	1	0	0	0	0	0	0	"""s1:1→1 / s2:1→1 / s3:1→4"""	"""s2:48→1 / s3:48→1"""
47	35	56	251	2	1	0	0	0	0	0	0	"""s1:1→1 / s2:1→1 / s3:1→5"""	"""s2:48→1 / s3:48→1"""
47	35	56	251	2	1	0	0	0	0	0	0	"""s1:1→1 / s2:1→2 / s3:1→2"""	"""s2:48→1 / s3:48→1"""
47	35	56	251	2	1	0	0	0	0	0	0	"""s1:1→1 / s2:1→2 / s3:1→3"""	"""s2:48→1 / s3:48→1"""
47	35	56	251	2	1	0	0	0	0	0	0	"""s1:1→1 / s2:1→2 / s3:1→4"""	"""s2:48→1 / s3:48→1"""
47	35	56	251	2	1	0	0	0	0	0	0	"""s1:1→1 / s2:1→2 / s3:1→5"""	"""s2:48→1 / s3:48→1"""
47	35	56	251	2	1	0	0	0	0	0	0	"""s1:1→1 / s2:1→3 / s3:1→3"""	"""s2:48→1 / s3:48→1"""
47	35	56	251	2	1	0	0	0	0	0	0	"""s1:1→1 / s2:1→3 / s3:1→4"""	"""s2:48→1 / s3:48→1"""
47	35	56	251	2	1	0	0	0	0	0	0	"""s1:1→1 / s2:1→3 / s3:1→5"""	"""s2:48→1 / s3:48→1"""
47	35	56	251	2	1	0	0	0	0	0	0	"""s1:1→1 / s2:1→4 / s3:1→4"""	"""s2:48→1 / s3:48→1"""
47	35	56	251	2	1	0	0	0	0	0	0	"""s1:1→1 / s2:1→4 / s3:1→5"""	"""s2:48→1 / s3:48→1"""
47	35	56	251	2	1	0	0	0	0	0	0	"""s1:1→1 / s2:1→5 / s3:1→5"""	"""s2:48→1 / s3:48→1"""
47	35	56	251	2	1	0	0	0	0	0	0	"""s1:1→2 / s2:1→1 / s3:1→1"""	"""s2:48→1 / s3:48→1"""
47	35	56	243	2	2	0	0	0	0	0	0	"""s1:1→1 / s2:1→1 / s3:1→1 / s4:1→1"""	"""s3:49→1 / s4:49→1"""
47	35	56	243	2	2	0	0	0	0	0	0	"""s1:1→1 / s2:1→1 / s3:1→1 / s4:1→2"""	"""s3:49→1 / s4:49→1"""
47	35	56	244	2	2	0	0	0	0	0	0	"""s1:1→1 / s2:1→1 / s3:1→1 / s4:1→1"""	"""s3:49→1 / s4:48→1"""
47	36	48	64	0	0	0	0	0	0	0	1	"""s1:1→1"""	""""""
47	36	48	179	0	0	0	0	0	0	1	0	"""s1:1→1"""	""""""
47	36	48	207	0	0	0	0	0	1	0	0	"""s1:1→1"""	""""""
47	36	48	234	0	0	0	0	1	0	0	0	"""s1:1→1"""	""""""
47	36	48	260	0	0	0	1	0	0	0	0	"""s1:1→1"""	""""""
47	36	56	256	0	0	2	0	0	0	0	0	"""s1:1→1 / s2:1→1"""	""""""
47	36	55	56	0	1	0	0	0	0	0	1	"""s1:1→1 / s2:46→1"""	""""""
47	36	55	171	0	1	0	0	0	0	1	0	"""s1:1→1 / s2:46→1"""	""""""
47	36	56	226	0	1	0	0	1	0	0	0	"""s1:1→1 / s2:1→1, 46→0"""	""""""
47	36	49	226	0	1	0	0	1	0	0	0	"""s1:1→1 / s2:1→1, 46→1"""	""""""
47	36	56	252	0	1	0	1	0	0	0	0	"""s1:1→1 / s2:1→1, 46→0"""	""""""
47	36	49	252	0	1	0	1	0	0	0	0	"""s1:1→1 / s2:1→1, 46→1"""	""""""
47	36	56	268	0	2	1	0	0	0	0	0	"""s1:1→1 / s2:1→1, 46→0 / s3:1→1, 46→0"""	""""""
47	36	55	63	1	0	0	0	0	0	0	1	"""s1:1→1 / s2:46→0"""	"""s2:45→1"""
47	36	55	63	1	0	0	0	0	0	0	1	"""s1:1→1 / s2:46→1"""	"""s2:45→1"""
47	36	52	178	1	0	0	0	0	0	1	0	"""s1:1→1 / s2:1→0, 46→0"""	"""s2:45→1"""
47	36	55	178	1	0	0	0	0	0	1	0	"""s1:1→1 / s2:1→0, 46→1"""	"""s2:45→1"""
47	36	51	178	1	0	0	0	0	0	1	0	"""s1:1→1 / s2:1→1, 46→0"""	"""s2:45→1"""
47	36	51	178	1	0	0	0	0	0	1	0	"""s1:1→1 / s2:1→1, 46→1"""	"""s2:45→1"""
47	36	50	206	1	0	0	0	0	1	0	0	"""s1:1→1 / s2:1→1, 46→0"""	"""s2:45→1"""
47	36	50	206	1	0	0	0	0	1	0	0	"""s1:1→1 / s2:1→1, 46→1"""	"""s2:45→1"""
47	36	49	233	1	0	0	0	1	0	0	0	"""s1:1→1 / s2:1→1, 46→0"""	"""s2:45→1"""
47	36	49	233	1	0	0	0	1	0	0	0	"""s1:1→1 / s2:1→2, 46→1"""	"""s2:45→1"""
47	36	49	233	1	0	0	0	1	0	0	0	"""s1:1→1 / s2:1→3, 46→1"""	"""s2:45→1"""
47	36	50	233	1	0	0	0	1	0	0	0	"""s1:1→1 / s2:1→1, 46→1"""	"""s2:45→1"""
47	36	50	233	1	0	0	0	1	0	0	0	"""s1:1→1 / s2:1→2, 46→0"""	"""s2:45→1"""
47	36	50	233	1	0	0	0	1	0	0	0	"""s1:1→1 / s2:1→4, 46→1"""	"""s2:45→1"""
47	36	51	233	1	0	0	0	1	0	0	0	"""s1:1→1 / s2:1→3, 46→0"""	"""s2:45→1"""
47	36	52	233	1	0	0	0	1	0	0	0	"""s1:1→1 / s2:1→4, 46→0"""	"""s2:45→1"""
47	36	49	259	1	0	0	1	0	0	0	0	"""s1:1→1 / s2:1→1, 46→0"""	"""s2:45→1"""
47	36	49	259	1	0	0	1	0	0	0	0	"""s1:1→1 / s2:1→2, 46→0"""	"""s2:45→1"""
47	36	49	259	1	0	0	1	0	0	0	0	"""s1:1→1 / s2:1→2, 46→1"""	"""s2:45→1"""
47	36	49	259	1	0	0	1	0	0	0	0	"""s1:1→1 / s2:1→3, 46→1"""	"""s2:45→1"""
47	36	49	259	1	0	0	1	0	0	0	0	"""s1:1→1 / s2:1→4, 46→1"""	"""s2:45→1"""
47	36	50	259	1	0	0	1	0	0	0	0	"""s1:1→1 / s2:1→3, 46→0"""	"""s2:45→1"""
47	36	51	259	1	0	0	1	0	0	0	0	"""s1:1→1 / s2:1→4, 46→0"""	"""s2:45→1"""
47	36	51	259	1	0	0	1	0	0	0	0	"""s1:1→1 / s2:1→5, 46→0"""	"""s2:45→1"""
47	37	48	101	0	0	0	0	0	0	1	0	"""s1:1→1"""	""""""
47	37	48	129	0	0	0	0	0	1	0	0	"""s1:1→1"""	""""""
47	37	48	156	0	0	0	0	1	0	0	0	"""s1:1→1"""	""""""
47	37	48	182	0	0	0	1	0	0	0	0	"""s1:1→1"""	""""""
47	37	48	206	0	0	1	0	0	0	0	0	"""s1:1→1"""	""""""
47	37	55	206	0	0	1	0	0	0	0	0	"""s1:1→2"""	""""""
47	37	48	226	0	1	0	0	0	0	0	0	"""s1:1→1"""	""""""
47	37	55	226	0	1	0	0	0	0	0	0	"""s1:1→2"""	""""""
47	37	56	226	0	1	0	0	0	0	0	0	"""s1:1→3"""	""""""
47	37	56	226	0	1	0	0	0	0	0	0	"""s1:1→4"""	""""""
47	37	56	226	0	1	0	0	0	0	0	0	"""s1:1→5"""	""""""
47	37	55	198	0	1	1	0	0	0	0	0	"""s1:1→1 / s2:1→1"""	""""""
47	37	54	218	0	2	0	0	0	0	0	0	"""s1:1→1 / s2:1→1"""	""""""
47	37	56	218	0	2	0	0	0	0	0	0	"""s1:1→1 / s2:1→2"""	""""""
47	37	56	218	0	2	0	0	0	0	0	0	"""s1:1→1 / s2:1→3"""	""""""
47	37	56	218	0	2	0	0	0	0	0	0	"""s1:1→1 / s2:1→4"""	""""""
47	37	56	218	0	2	0	0	0	0	0	0	"""s1:1→1 / s2:1→5"""	""""""
47	37	56	218	0	2	0	0	0	0	0	0	"""s1:1→2 / s2:1→2"""	""""""
47	37	55	210	0	3	0	0	0	0	0	0	"""s1:1→1 / s2:1→1 / s3:1→1"""	""""""
47	37	55	225	1	1	0	0	0	0	0	0	"""s1:1→1 / s2:1→1"""	"""s2:48→1"""
47	37	55	225	1	1	0	0	0	0	0	0	"""s1:1→1 / s2:1→2"""	"""s2:48→1"""
47	37	56	225	1	1	0	0	0	0	0	0	"""s1:1→1 / s2:1→3"""	"""s2:48→1"""
47	37	56	225	1	1	0	0	0	0	0	0	"""s1:1→1 / s2:1→4"""	"""s2:48→1"""
47	37	56	225	1	1	0	0	0	0	0	0	"""s1:1→1 / s2:1→5"""	"""s2:48→1"""
47	37	56	225	1	1	0	0	0	0	0	0	"""s1:1→2 / s2:1→1"""	"""s2:48→1"""
47	37	56	225	1	1	0	0	0	0	0	0	"""s1:1→2 / s2:1→2"""	"""s2:48→1"""
47	37	56	225	1	1	0	0	0	0	0	0	"""s1:1→2 / s2:1→3"""	"""s2:48→1"""
47	37	56	225	1	1	0	0	0	0	0	0	"""s1:1→2 / s2:1→4"""	"""s2:48→1"""
47	37	56	225	1	1	0	0	0	0	0	0	"""s1:1→2 / s2:1→5"""	"""s2:48→1"""
47	37	56	225	1	1	0	0	0	0	0	0	"""s1:1→3 / s2:1→1"""	"""s2:48→1"""
47	37	56	217	1	2	0	0	0	0	0	0	"""s1:1→1 / s2:1→1 / s3:1→1"""	"""s3:49→1"""
47	37	56	217	1	2	0	0	0	0	0	0	"""s1:1→1 / s2:1→1 / s3:1→2"""	"""s3:49→1"""
47	37	56	217	1	2	0	0	0	0	0	0	"""s1:1→1 / s2:1→1 / s3:1→3"""	"""s3:49→1"""
47	37	56	217	1	2	0	0	0	0	0	0	"""s1:1→1 / s2:1→1 / s3:1→4"""	"""s3:49→1"""
47	37	56	217	1	2	0	0	0	0	0	0	"""s1:1→1 / s2:1→1 / s3:1→5"""	"""s3:49→1"""
47	37	56	217	1	2	0	0	0	0	0	0	"""s1:1→1 / s2:1→2 / s3:1→1"""	"""s3:48→1"""
47	37	56	223	2	1	0	0	0	0	0	0	"""s1:1→1 / s2:1→1 / s3:1→1"""	"""s2:48→1 / s3:48→1"""
47	37	56	223	2	1	0	0	0	0	0	0	"""s1:1→1 / s2:1→1 / s3:1→2"""	"""s2:48→1 / s3:48→1"""
47	37	56	223	2	1	0	0	0	0	0	0	"""s1:1→1 / s2:1→1 / s3:1→3"""	"""s2:48→1 / s3:48→1"""
47	37	56	223	2	1	0	0	0	0	0	0	"""s1:1→1 / s2:1→1 / s3:1→4"""	"""s2:48→1 / s3:48→1"""
47	37	56	223	2	1	0	0	0	0	0	0	"""s1:1→1 / s2:1→1 / s3:1→5"""	"""s2:48→1 / s3:48→1"""
47	37	56	223	2	1	0	0	0	0	0	0	"""s1:1→1 / s2:1→2 / s3:1→2"""	"""s2:48→1 / s3:48→1"""
47	37	56	223	2	1	0	0	0	0	0	0	"""s1:1→1 / s2:1→2 / s3:1→3"""	"""s2:48→1 / s3:48→1"""
47	37	56	223	2	1	0	0	0	0	0	0	"""s1:1→1 / s2:1→2 / s3:1→4"""	"""s2:48→1 / s3:48→1"""
47	38	48	129	0	0	0	0	1	0	0	0	"""s1:1→1"""	""""""
47	38	48	155	0	0	0	1	0	0	0	0	"""s1:1→1"""	""""""
47	38	48	179	0	0	1	0	0	0	0	0	"""s1:1→1"""	""""""
47	38	48	199	0	1	0	0	0	0	0	0	"""s1:1→1"""	""""""
47	38	55	199	0	1	0	0	0	0	0	0	"""s1:1→2"""	""""""
47	38	56	199	0	1	0	0	0	0	0	0	"""s1:1→3"""	""""""
47	38	56	199	0	1	0	0	0	0	0	0	"""s1:1→4"""	""""""
47	38	56	199	0	1	0	0	0	0	0	0	"""s1:1→5"""	""""""
47	38	55	171	0	1	1	0	0	0	0	0	"""s1:1→1 / s2:1→1"""	""""""
47	38	54	191	0	2	0	0	0	0	0	0	"""s1:1→1 / s2:1→1"""	""""""
47	38	56	191	0	2	0	0	0	0	0	0	"""s1:1→1 / s2:1→2"""	""""""
47	38	56	191	0	2	0	0	0	0	0	0	"""s1:1→1 / s2:1→3"""	""""""
47	38	55	183	0	3	0	0	0	0	0	0	"""s1:1→1 / s2:1→1 / s3:1→1"""	""""""
47	38	48	206	1	0	0	0	0	0	0	0	"""s1:1→0, 46→0"""	"""s1:2→1"""
47	38	51	206	1	0	0	0	0	0	0	0	"""s1:1→0, 46→1"""	"""s1:2→1"""
47	38	53	206	1	0	0	0	0	0	0	0	"""s1:1→1, 46→0"""	"""s1:2→1"""
47	38	50	206	1	0	0	0	0	0	0	0	"""s1:1→1, 46→1"""	"""s1:2→1"""
47	38	50	206	1	0	0	0	0	0	0	0	"""s1:1→2, 46→1"""	"""s1:2→1"""
47	38	50	206	1	0	0	0	0	0	0	0	"""s1:1→3, 46→1"""	"""s1:2→1"""
47	38	50	206	1	0	0	0	0	0	0	0	"""s1:1→4, 46→1"""	"""s1:2→1"""
47	38	54	206	1	0	0	0	0	0	0	0	"""s1:1→2, 46→0"""	"""s1:2→1"""
47	38	54	206	1	0	0	0	0	0	0	0	"""s1:1→3, 46→0"""	"""s1:2→1"""
47	38	55	206	1	0	0	0	0	0	0	0	"""s1:1→4, 46→0"""	"""s1:2→1"""
47	38	55	206	1	0	0	0	0	0	0	0	"""s1:1→5, 46→0"""	"""s1:2→1"""
47	38	53	154	1	0	0	1	0	0	0	0	"""s1:1→1 / s2:46→0"""	"""s2:2→1"""
47	38	52	154	1	0	0	1	0	0	0	0	"""s1:1→1 / s2:46→1"""	"""s2:2→1"""
47	38	52	178	1	0	1	0	0	0	0	0	"""s1:1→1 / s2:1→0, 46→0"""	"""s2:2→1"""
47	38	51	178	1	0	1	0	0	0	0	0	"""s1:1→1 / s2:1→0, 46→1"""	"""s2:2→1"""
47	38	51	178	1	0	1	0	0	0	0	0	"""s1:1→1 / s2:1→1, 46→1"""	"""s2:2→1"""
47	38	55	178	1	0	1	0	0	0	0	0	"""s1:1→1 / s2:1→1, 46→0"""	"""s2:2→1"""
47	38	55	198	1	1	0	0	0	0	0	0	"""s1:1→1 / s2:1→1, 46→0"""	"""s2:48→1"""
47	38	55	198	1	1	0	0	0	0	0	0	"""s1:1→1 / s2:1→2, 46→0"""	"""s2:48→1"""
47	38	55	198	1	1	0	0	0	0	0	0	"""s1:1→1 / s2:1→2, 46→0"""	"""s2:2→1"""
47	38	55	198	1	1	0	0	0	0	0	0	"""s1:1→1 / s2:1→3, 46→0"""	"""s2:2→1"""
47	38	55	198	1	1	0	0	0	0	0	0	"""s1:1→1 / s2:1→4, 46→0"""	"""s2:2→1"""
47	38	55	198	1	1	0	0	0	0	0	0	"""s1:1→1 / s2:1→5, 46→0"""	"""s2:2→1"""
47	38	55	198	1	1	0	0	0	0	0	0	"""s1:1→2 / s2:1→0, 46→0"""	"""s2:2→1"""
47	38	55	198	1	1	0	0	0	0	0	0	"""s1:1→2 / s2:1→1, 46→0"""	"""s2:2→1"""
47	38	55	198	1	1	0	0	0	0	0	0	"""s1:1→2 / s2:1→2, 46→0"""	"""s2:2→1"""
47	38	55	198	1	1	0	0	0	0	0	0	"""s1:1→2 / s2:1→3, 46→0"""	"""s2:2→1"""
47	38	55	198	1	1	0	0	0	0	0	0	"""s1:1→2 / s2:1→4, 46→0"""	"""s2:2→1"""
47	38	53	198	1	1	0	0	0	0	0	0	"""s1:1→1 / s2:1→1, 46→1"""	"""s2:48→1"""
47	38	50	198	1	1	0	0	0	0	0	0	"""s1:1→1 / s2:1→2, 46→1"""	"""s2:48→1"""
47	38	50	198	1	1	0	0	0	0	0	0	"""s1:1→1 / s2:1→3, 46→1"""	"""s2:48→1"""
47	38	50	198	1	1	0	0	0	0	0	0	"""s1:1→1 / s2:1→4, 46→1"""	"""s2:48→1"""
47	38	50	198	1	1	0	0	0	0	0	0	"""s1:1→1 / s2:1→2, 46→1"""	"""s2:2→1"""
47	38	50	198	1	1	0	0	0	0	0	0	"""s1:1→1 / s2:1→3, 46→1"""	"""s2:2→1"""
47	38	50	198	1	1	0	0	0	0	0	0	"""s1:1→1 / s2:1→4, 46→1"""	"""s2:2→1"""
47	38	56	198	1	1	0	0	0	0	0	0	"""s1:1→1 / s2:1→3, 46→0"""	"""s2:48→1"""
47	38	56	198	1	1	0	0	0	0	0	0	"""s1:1→1 / s2:1→4, 46→0"""	"""s2:48→1"""
47	38	56	198	1	1	0	0	0	0	0	0	"""s1:1→1 / s2:1→5, 46→0"""	"""s2:48→1"""
47	38	56	198	1	1	0	0	0	0	0	0	"""s1:1→2 / s2:1→1, 46→0"""	"""s2:48→1"""
47	38	56	198	1	1	0	0	0	0	0	0	"""s1:1→3 / s2:1→0, 46→0"""	"""s2:2→1"""
47	38	56	198	1	1	0	0	0	0	0	0	"""s1:1→3 / s2:1→1, 46→0"""	"""s2:2→1"""
47	38	56	198	1	1	0	0	0	0	0	0	"""s1:1→4 / s2:1→0, 46→0"""	"""s2:2→1"""
47	38	51	198	1	1	0	0	0	0	0	0	"""s1:1→1 / s2:1→0, 46→0"""	"""s2:2→1"""
47	38	51	198	1	1	0	0	0	0	0	0	"""s1:1→1 / s2:1→1, 46→1"""	"""s2:2→1"""
47	38	54	198	1	1	0	0	0	0	0	0	"""s1:1→1 / s2:1→1, 46→0"""	"""s2:2→1"""
47	38	57	198	1	1	0	0	0	0	0	0	"""s1:1→5 / s2:1→0, 46→0"""	"""s2:2→1"""
47	38	56	190	1	2	0	0	0	0	0	0	"""s1:1→1 / s2:1→1 / s3:1→1, 46→0"""	"""s3:49→1"""
47	38	56	190	1	2	0	0	0	0	0	0	"""s1:1→1 / s2:1→2 / s3:46→0"""	"""s3:2→1"""
47	38	54	190	1	2	0	0	0	0	0	0	"""s1:1→1 / s2:1→1 / s3:1→0, 46→0"""	"""s3:2→1"""
47	38	55	190	1	2	0	0	0	0	0	0	"""s1:1→1 / s2:1→1 / s3:1→1, 46→0"""	"""s3:2→1"""
47	38	56	196	2	1	0	0	0	0	0	0	"""s1:1→1 / s2:1→1, 46→0 / s3:1→1, 46→0"""	"""s2:48→1 / s3:48→1"""
47	38	56	196	2	1	0	0	0	0	0	0	"""s1:1→1 / s2:1→1, 46→0 / s3:1→2, 46→0"""	"""s2:48→1 / s3:48→1"""
47	38	55	197	2	1	0	0	0	0	0	0	"""s1:1→1 / s2:1→1, 46→0 / s3:1→1, 46→0"""	"""s2:48→1 / s3:2→1"""
47	38	54	197	2	1	0	0	0	0	0	0	"""s1:1→1 / s2:1→0, 46→0 / s3:1→1, 46→0"""	"""s2:2→1 / s3:48→1"""
47	38	56	197	2	1	0	0	0	0	0	0	"""s1:1→1 / s2:1→0, 46→0 / s3:1→2, 46→0"""	"""s2:2→1 / s3:48→1"""
47	38	56	197	2	1	0	0	0	0	0	0	"""s1:1→1 / s2:1→0, 46→0 / s3:1→3, 46→0"""	"""s2:2→1 / s3:48→1"""
47	38	57	197	2	1	0	0	0	0	0	0	"""s1:1→1 / s2:1→0, 46→0 / s3:1→4, 46→0"""	"""s2:2→1 / s3:48→1"""
47	38	57	197	2	1	0	0	0	0	0	0	"""s1:1→1 / s2:1→0, 46→0 / s3:1→5, 46→0"""	"""s2:2→1 / s3:48→1"""
47	39	48	185	0	0	0	0	1	0	0	0	"""s1:1→1"""	""""""
47	39	48	211	0	0	0	1	0	0	0	0	"""s1:1→1"""	""""""
47	39	48	235	0	0	1	0	0	0	0	0	"""s1:1→1"""	""""""
47	39	49	254	0	1	0	0	0	0	0	0	"""s1:1→2, 46→0"""	"""s1:47→1"""
47	39	51	254	0	1	0	0	0	0	0	0	"""s1:1→3, 46→0"""	"""s1:47→1"""
47	39	52	255	0	1	0	0	0	0	0	0	"""s1:1→0, 46→1"""	""""""
47	39	48	255	0	1	0	0	0	0	0	0	"""s1:1→1, 46→0"""	""""""
47	39	48	255	0	1	0	0	0	0	0	0	"""s1:1→1, 46→1"""	""""""
47	39	48	255	0	1	0	0	0	0	0	0	"""s1:1→2, 46→1"""	""""""
47	39	55	255	0	1	0	0	0	0	0	0	"""s1:1→2, 46→0"""	""""""
47	39	56	255	0	1	0	0	0	0	0	0	"""s1:1→3, 46→0"""	""""""
47	39	56	255	0	1	0	0	0	0	0	0	"""s1:1→4, 46→0"""	""""""
47	39	56	255	0	1	0	0	0	0	0	0	"""s1:1→5, 46→0"""	""""""
47	39	49	255	0	1	0	0	0	0	0	0	"""s1:1→3, 46→1"""	""""""
47	39	49	255	0	1	0	0	0	0	0	0	"""s1:1→4, 46→1"""	""""""
47	39	48	254	0	1	0	0	0	0	0	0	"""s1:1→0, 46→0"""	"""s1:47→1"""
47	39	48	254	0	1	0	0	0	0	0	0	"""s1:1→1, 46→0"""	"""s1:47→1"""
47	39	56	177	0	1	0	0	1	0	0	0	"""s1:1→1 / s2:46→1"""	""""""
47	39	49	176	0	1	0	0	1	0	0	0	"""s1:1→1 / s2:46→0"""	"""s2:47→1"""
47	39	49	202	0	1	0	1	0	0	0	0	"""s1:1→1 / s2:46→0"""	"""s2:47→1"""
47	39	54	227	0	1	1	0	0	0	0	0	"""s1:1→1 / s2:1→1, 46→0"""	""""""
47	39	49	227	0	1	1	0	0	0	0	0	"""s1:1→1 / s2:1→1, 46→1"""	""""""
47	39	53	226	0	1	1	0	0	0	0	0	"""s1:1→1 / s2:1→0, 46→0"""	"""s2:47→1"""
47	39	54	247	0	2	0	0	0	0	0	0	"""s1:1→1, 46→0 / s2:1→1, 46→0"""	""""""
47	39	49	247	0	2	0	0	0	0	0	0	"""s1:1→1, 46→0 / s2:1→1, 46→1"""	""""""
47	39	49	247	0	2	0	0	0	0	0	0	"""s1:1→1, 46→0 / s2:1→2, 46→1"""	""""""
47	39	56	247	0	2	0	0	0	0	0	0	"""s1:1→1, 46→0 / s2:1→2, 46→0"""	""""""
47	39	56	247	0	2	0	0	0	0	0	0	"""s1:1→1, 46→0 / s2:1→3, 46→0"""	""""""
47	39	50	247	0	2	0	0	0	0	0	0	"""s1:1→1, 46→0 / s2:1→3, 46→1"""	""""""
47	39	49	246	0	2	0	0	0	0	0	0	"""s1:1→1, 46→0 / s2:1→1, 46→0"""	"""s2:47→1"""
47	39	56	239	0	3	0	0	0	0	0	0	"""s1:1→1, 46→0 / s2:1→1, 46→0 / s3:1→1, 46→0"""	""""""
47	39	48	262	1	0	0	0	0	0	0	0	"""s1:1→0, 46→0"""	"""s1:2→1"""
47	39	48	262	1	0	0	0	0	0	0	0	"""s1:1→0, 46→1"""	"""s1:2→1"""
47	39	48	262	1	0	0	0	0	0	0	0	"""s1:1→1, 46→1"""	"""s1:2→1"""
47	39	48	262	1	0	0	0	0	0	0	0	"""s1:1→2, 46→1"""	"""s1:2→1"""
47	39	48	262	1	0	0	0	0	0	0	0	"""s1:1→2, 46→2"""	"""s1:2→1"""
47	39	48	262	1	0	0	0	0	0	0	0	"""s1:1→2, 46→3"""	"""s1:2→1"""
47	39	48	262	1	0	0	0	0	0	0	0	"""s1:1→3, 46→2"""	"""s1:2→1"""
47	39	52	262	1	0	0	0	0	0	0	0	"""s1:1→1, 46→0"""	"""s1:2→1"""
47	39	50	262	1	0	0	0	0	0	0	0	"""s1:1→0, 46→2"""	"""s1:2→1"""
47	39	50	262	1	0	0	0	0	0	0	0	"""s1:1→1, 46→4"""	"""s1:2→1"""
47	39	54	262	1	0	0	0	0	0	0	0	"""s1:1→2, 46→0"""	"""s1:2→1"""
47	39	54	262	1	0	0	0	0	0	0	0	"""s1:1→3, 46→0"""	"""s1:2→1"""
47	39	51	262	1	0	0	0	0	0	0	0	"""s1:1→0, 46→3"""	"""s1:2→1"""
47	39	51	262	1	0	0	0	0	0	0	0	"""s1:1→0, 46→4"""	"""s1:2→1"""
47	39	49	262	1	0	0	0	0	0	0	0	"""s1:1→1, 46→2"""	"""s1:2→1"""
47	39	49	262	1	0	0	0	0	0	0	0	"""s1:1→1, 46→3"""	"""s1:2→1"""
47	39	49	262	1	0	0	0	0	0	0	0	"""s1:1→3, 46→1"""	"""s1:2→1"""
47	39	49	262	1	0	0	0	0	0	0	0	"""s1:1→4, 46→1"""	"""s1:2→1"""
47	39	55	262	1	0	0	0	0	0	0	0	"""s1:1→4, 46→0"""	"""s1:2→1"""
47	39	55	262	1	0	0	0	0	0	0	0	"""s1:1→5, 46→0"""	"""s1:2→1"""
47	39	54	210	1	0	0	1	0	0	0	0	"""s1:1→1 / s2:46→0"""	"""s2:2→1"""
47	39	50	210	1	0	0	1	0	0	0	0	"""s1:1→1 / s2:46→1"""	"""s2:2→1"""
47	39	50	210	1	0	0	1	0	0	0	0	"""s1:1→1 / s2:46→2"""	"""s2:2→1"""
47	39	53	234	1	0	1	0	0	0	0	0	"""s1:1→1 / s2:1→0, 46→0"""	"""s2:2→1"""
47	39	49	234	1	0	1	0	0	0	0	0	"""s1:1→1 / s2:1→0, 46→1"""	"""s2:2→1"""
47	39	49	234	1	0	1	0	0	0	0	0	"""s1:1→1 / s2:1→1, 46→2"""	"""s2:2→1"""
47	39	55	234	1	0	1	0	0	0	0	0	"""s1:1→1 / s2:1→1, 46→0"""	"""s2:2→1"""
47	39	50	234	1	0	1	0	0	0	0	0	"""s1:1→1 / s2:1→1, 46→1"""	"""s2:2→1"""
47	39	50	234	1	0	1	0	0	0	0	0	"""s1:1→1 / s2:1→1, 46→3"""	"""s2:2→1"""
47	39	50	253	1	1	0	0	0	0	0	0	"""s1:1→0, 46→0 / s2:1→0, 46→1"""	"""s1:47→1 / s2:2→1"""
47	39	50	253	1	1	0	0	0	0	0	0	"""s1:1→2, 46→0 / s2:1→0, 46→0"""	"""s1:47→1 / s2:2→1"""
47	39	54	254	1	1	0	0	0	0	0	0	"""s1:1→1, 46→0 / s2:1→1, 46→0"""	"""s2:48→1"""
47	39	54	254	1	1	0	0	0	0	0	0	"""s1:1→1, 46→0 / s2:1→1, 46→0"""	"""s2:2→1"""
47	39	54	254	1	1	0	0	0	0	0	0	"""s1:1→1, 46→0 / s2:1→2, 46→0"""	"""s2:2→1"""
47	39	49	254	1	1	0	0	0	0	0	0	"""s1:1→1, 46→0 / s2:1→1, 46→1"""	"""s2:48→1"""
47	39	49	254	1	1	0	0	0	0	0	0	"""s1:1→1, 46→0 / s2:1→2, 46→2"""	"""s2:48→1"""
47	39	49	254	1	1	0	0	0	0	0	0	"""s1:1→1, 46→0 / s2:1→3, 46→2"""	"""s2:48→1"""
47	39	49	254	1	1	0	0	0	0	0	0	"""s1:1→1, 46→0 / s2:1→1, 46→1"""	"""s2:2→1"""
47	39	49	254	1	1	0	0	0	0	0	0	"""s1:1→1, 46→0 / s2:1→2, 46→2"""	"""s2:2→1"""
47	39	49	254	1	1	0	0	0	0	0	0	"""s1:1→1, 46→0 / s2:1→3, 46→2"""	"""s2:2→1"""
47	39	49	254	1	1	0	0	0	0	0	0	"""s1:1→2, 46→1 / s2:1→0"""	"""s2:2→1"""
47	39	49	254	1	1	0	0	0	0	0	0	"""s1:1→3, 46→1 / s2:1→0"""	"""s2:2→1"""
47	39	56	254	1	1	0	0	0	0	0	0	"""s1:1→1, 46→0 / s2:1→2, 46→0"""	"""s2:48→1"""
47	39	56	254	1	1	0	0	0	0	0	0	"""s1:1→1, 46→0 / s2:1→3, 46→0"""	"""s2:48→1"""
47	39	56	254	1	1	0	0	0	0	0	0	"""s1:1→1, 46→0 / s2:1→4, 46→0"""	"""s2:48→1"""
47	39	56	254	1	1	0	0	0	0	0	0	"""s1:1→1, 46→0 / s2:1→5, 46→0"""	"""s2:48→1"""
47	39	56	254	1	1	0	0	0	0	0	0	"""s1:1→2, 46→0 / s2:1→1, 46→0"""	"""s2:48→1"""
47	39	56	254	1	1	0	0	0	0	0	0	"""s1:1→3, 46→0 / s2:1→0, 46→0"""	"""s2:2→1"""
47	39	56	254	1	1	0	0	0	0	0	0	"""s1:1→3, 46→0 / s2:1→1, 46→0"""	"""s2:2→1"""
47	39	56	254	1	1	0	0	0	0	0	0	"""s1:1→4, 46→0 / s2:1→0, 46→0"""	"""s2:2→1"""
47	39	50	254	1	1	0	0	0	0	0	0	"""s1:1→1, 46→0 / s2:1→2, 46→1"""	"""s2:48→1"""
47	39	50	254	1	1	0	0	0	0	0	0	"""s1:1→1, 46→0 / s2:1→3, 46→1"""	"""s2:48→1"""
47	39	50	254	1	1	0	0	0	0	0	0	"""s1:1→1, 46→0 / s2:1→2, 46→1"""	"""s2:2→1"""
47	39	50	254	1	1	0	0	0	0	0	0	"""s1:1→1, 46→0 / s2:1→3, 46→1"""	"""s2:2→1"""
47	39	50	254	1	1	0	0	0	0	0	0	"""s1:1→4, 46→1 / s2:1→0"""	"""s2:2→1"""
47	39	51	254	1	1	0	0	0	0	0	0	"""s1:1→1, 46→0 / s2:1→4, 46→1"""	"""s2:48→1"""
47	39	51	254	1	1	0	0	0	0	0	0	"""s1:1→1, 46→0 / s2:1→0, 46→0"""	"""s2:2→1"""
47	39	51	254	1	1	0	0	0	0	0	0	"""s1:1→1, 46→0 / s2:1→4, 46→1"""	"""s2:2→1"""
47	39	55	254	1	1	0	0	0	0	0	0	"""s1:1→1, 46→0 / s2:1→3, 46→0"""	"""s2:2→1"""
47	39	55	254	1	1	0	0	0	0	0	0	"""s1:1→1, 46→0 / s2:1→4, 46→0"""	"""s2:2→1"""
47	39	55	254	1	1	0	0	0	0	0	0	"""s1:1→1, 46→0 / s2:1→5, 46→0"""	"""s2:2→1"""
47	39	55	254	1	1	0	0	0	0	0	0	"""s1:1→2, 46→0 / s2:1→0, 46→0"""	"""s2:2→1"""
47	39	55	254	1	1	0	0	0	0	0	0	"""s1:1→2, 46→0 / s2:1→1, 46→0"""	"""s2:2→1"""
47	39	55	254	1	1	0	0	0	0	0	0	"""s1:1→2, 46→0 / s2:1→2, 46→0"""	"""s2:2→1"""
47	39	55	254	1	1	0	0	0	0	0	0	"""s1:1→2, 46→0 / s2:1→3, 46→0"""	"""s2:2→1"""
47	39	55	254	1	1	0	0	0	0	0	0	"""s1:1→2, 46→0 / s2:1→4, 46→0"""	"""s2:2→1"""
47	39	63	254	1	1	0	0	0	0	0	0	"""s1:1→2, 46→0 / s2:1→4, 46→1"""	"""s2:2→1"""
47	39	57	254	1	1	0	0	0	0	0	0	"""s1:1→5, 46→0 / s2:1→0, 46→0"""	"""s2:2→1"""
47	39	49	253	1	1	0	0	0	0	0	0	"""s1:1→0, 46→0 / s2:1→1, 46→1"""	"""s1:47→1 / s2:2→1"""
47	39	49	253	1	1	0	0	0	0	0	0	"""s1:1→0, 46→0 / s2:1→2, 46→1"""	"""s1:47→1 / s2:2→1"""
47	39	49	253	1	1	0	0	0	0	0	0	"""s1:1→1, 46→0 / s2:1→0, 46→0"""	"""s1:47→1 / s2:2→1"""
47	39	49	253	1	1	0	0	0	0	0	0	"""s1:1→1, 46→0 / s2:1→0, 46→1"""	"""s1:47→1 / s2:2→1"""
47	39	49	253	1	1	0	0	0	0	0	0	"""s1:1→1, 46→0 / s2:1→1, 46→1"""	"""s1:47→1 / s2:2→1"""
47	39	49	253	1	1	0	0	0	0	0	0	"""s1:1→1, 46→0 / s2:1→2, 46→1"""	"""s1:47→1 / s2:2→1"""
47	39	49	253	1	1	0	0	0	0	0	0	"""s1:1→1, 46→0 / s2:1→3, 46→1"""	"""s1:47→1 / s2:2→1"""
47	39	49	253	1	1	0	0	0	0	0	0	"""s1:1→1, 46→0 / s2:1→4, 46→1"""	"""s1:47→1 / s2:2→1"""
47	39	50	201	1	1	0	1	0	0	0	0	"""s1:1→1 / s2:46→0 / s3:46→1"""	"""s2:47→1 / s3:2→1"""
47	39	56	246	1	2	0	0	0	0	0	0	"""s1:1→1, 46→0 / s2:1→1, 46→0 / s3:1→1, 46→0"""	"""s3:49→1"""
47	39	56	246	1	2	0	0	0	0	0	0	"""s1:1→1, 46→0 / s2:1→2, 46→0 / s3:46→0"""	"""s3:2→1"""
47	39	54	246	1	2	0	0	0	0	0	0	"""s1:1→1, 46→0 / s2:1→1, 46→0 / s3:1→0, 46→0"""	"""s3:2→1"""
47	39	55	246	1	2	0	0	0	0	0	0	"""s1:1→1, 46→0 / s2:1→1, 46→0 / s3:1→1, 46→0"""	"""s3:2→1"""
47	39	52	245	1	2	0	0	0	0	0	0	"""s1:1→1, 46→0 / s2:1→1, 46→0 / s3:1→0, 46→0"""	"""s2:47→1 / s3:2→1"""
47	39	56	252	2	1	0	0	0	0	0	0	"""s1:1→1, 46→0 / s2:1→1, 46→0 / s3:1→1, 46→0"""	"""s2:48→1 / s3:48→1"""
47	39	56	252	2	1	0	0	0	0	0	0	"""s1:1→1, 46→0 / s2:1→1, 46→0 / s3:1→2, 46→0"""	"""s2:48→1 / s3:48→1"""
47	39	55	253	2	1	0	0	0	0	0	0	"""s1:1→1, 46→0 / s2:1→1, 46→0 / s3:1→1, 46→0"""	"""s2:48→1 / s3:2→1"""
47	39	55	253	2	1	0	0	0	0	0	0	"""s1:1→1, 46→0 / s2:1→0, 46→0 / s3:1→1, 46→0"""	"""s2:2→1 / s3:48→1"""
47	39	50	252	2	1	0	0	0	0	0	0	"""s1:1→1, 46→0 / s2:1→1, 46→1 / s3:1→1, 46→1"""	"""s2:48→1 / s3:48→1"""
47	39	50	253	2	1	0	0	0	0	0	0	"""s1:1→1, 46→0 / s2:1→1, 46→1 / s3:1→1, 46→1"""	"""s2:48→1 / s3:2→1"""
47	39	56	253	2	1	0	0	0	0	0	0	"""s1:1→1, 46→0 / s2:1→0, 46→0 / s3:1→2, 46→0"""	"""s2:2→1 / s3:48→1"""
47	39	56	253	2	1	0	0	0	0	0	0	"""s1:1→1, 46→0 / s2:1→0, 46→0 / s3:1→3, 46→0"""	"""s2:2→1 / s3:48→1"""
47	39	57	253	2	1	0	0	0	0	0	0	"""s1:1→1, 46→0 / s2:1→0, 46→0 / s3:1→2, 46→1"""	"""s2:2→1 / s3:48→1"""
47	39	57	253	2	1	0	0	0	0	0	0	"""s1:1→1, 46→0 / s2:1→0, 46→0 / s3:1→4, 46→0"""	"""s2:2→1 / s3:48→1"""
47	39	57	253	2	1	0	0	0	0	0	0	"""s1:1→1, 46→0 / s2:1→0, 46→0 / s3:1→5, 46→0"""	"""s2:2→1 / s3:48→1"""
47	39	52	253	2	1	0	0	0	0	0	0	"""s1:1→1, 46→0 / s2:1→0, 46→0 / s3:1→3, 46→1"""	"""s2:2→1 / s3:48→1"""
47	39	52	253	2	1	0	0	0	0	0	0	"""s1:1→1, 46→0 / s2:1→0, 46→0 / s3:1→4, 46→1"""	"""s2:2→1 / s3:48→1"""
47	40	48	184	0	0	0	0	1	0	0	0	"""s1:1→1"""	""""""
47	40	48	210	0	0	0	1	0	0	0	0	"""s1:1→1"""	""""""
47	40	48	234	0	0	1	0	0	0	0	0	"""s1:1→1"""	""""""
47	40	48	254	0	1	0	0	0	0	0	0	"""s1:1→0, 47→1"""	""""""
47	40	48	254	0	1	0	0	0	0	0	0	"""s1:1→1, 47→0"""	""""""
47	40	48	254	0	1	0	0	0	0	0	0	"""s1:1→1, 47→1"""	""""""
47	40	55	254	0	1	0	0	0	0	0	0	"""s1:1→2, 47→0"""	""""""
47	40	49	254	0	1	0	0	0	0	0	0	"""s1:1→2, 47→1"""	""""""
47	40	56	254	0	1	0	0	0	0	0	0	"""s1:1→3, 47→0"""	""""""
47	40	56	254	0	1	0	0	0	0	0	0	"""s1:1→4, 47→0"""	""""""
47	40	56	254	0	1	0	0	0	0	0	0	"""s1:1→5, 47→0"""	""""""
47	40	51	254	0	1	0	0	0	0	0	0	"""s1:1→3, 47→1"""	""""""
47	40	51	254	0	1	0	0	0	0	0	0	"""s1:1→4, 47→1"""	""""""
47	40	49	176	0	1	0	0	1	0	0	0	"""s1:1→1 / s2:47→1"""	""""""
47	40	49	202	0	1	0	1	0	0	0	0	"""s1:1→1 / s2:47→1"""	""""""
47	40	49	226	0	1	1	0	0	0	0	0	"""s1:1→1 / s2:1→0, 47→1"""	""""""
47	40	55	226	0	1	1	0	0	0	0	0	"""s1:1→1 / s2:1→1, 47→0"""	""""""
47	40	51	226	0	1	1	0	0	0	0	0	"""s1:1→1 / s2:1→1, 47→1"""	""""""
47	40	53	246	0	2	0	0	0	0	0	0	"""s1:1→1, 47→0 / s2:1→1, 47→0"""	""""""
47	40	50	246	0	2	0	0	0	0	0	0	"""s1:1→1, 47→0 / s2:1→1, 47→1"""	""""""
47	40	56	246	0	2	0	0	0	0	0	0	"""s1:1→1, 47→0 / s2:1→2, 47→0"""	""""""
47	40	56	246	0	2	0	0	0	0	0	0	"""s1:1→1, 47→0 / s2:1→3, 47→0"""	""""""
47	40	51	246	0	2	0	0	0	0	0	0	"""s1:1→1, 47→0 / s2:1→2, 47→1"""	""""""
47	40	52	246	0	2	0	0	0	0	0	0	"""s1:1→1, 47→0 / s2:1→3, 47→1"""	""""""
47	40	55	238	0	3	0	0	0	0	0	0	"""s1:1→1, 47→0 / s2:1→1, 47→0 / s3:1→1, 47→0"""	""""""
47	40	56	238	0	3	0	0	0	0	0	0	"""s1:1→1, 47→0 / s2:1→1, 47→0 / s3:1→1, 47→1"""	""""""
47	40	48	261	1	0	0	0	0	0	0	0	"""s1:1→0, 45→0, 47→0"""	"""s1:2→1"""
47	40	48	261	1	0	0	0	0	0	0	0	"""s1:1→0, 45→0, 47→1"""	"""s1:2→1"""
47	40	48	261	1	0	0	0	0	0	0	0	"""s1:1→1, 45→0, 47→1"""	"""s1:2→1"""
47	40	48	261	1	0	0	0	0	0	0	0	"""s1:1→1, 45→0, 47→2"""	"""s1:2→1"""
47	40	48	261	1	0	0	0	0	0	0	0	"""s1:1→2, 45→1, 47→0"""	"""s1:2→1"""
47	40	48	261	1	0	0	0	0	0	0	0	"""s1:1→2, 45→0, 47→2"""	"""s1:2→1"""
47	40	48	261	1	0	0	0	0	0	0	0	"""s1:1→2, 45→1, 47→1"""	"""s1:2→1"""
47	40	48	261	1	0	0	0	0	0	0	0	"""s1:1→3, 45→1, 47→0"""	"""s1:2→1"""
47	40	48	261	1	0	0	0	0	0	0	0	"""s1:1→2, 45→0, 47→3"""	"""s1:2→1"""
47	40	48	261	1	0	0	0	0	0	0	0	"""s1:1→2, 45→1, 47→2"""	"""s1:2→1"""
47	40	48	261	1	0	0	0	0	0	0	0	"""s1:1→3, 45→1, 47→1"""	"""s1:2→1"""
47	40	48	261	1	0	0	0	0	0	0	0	"""s1:1→4, 45→1, 47→0"""	"""s1:2→1"""
47	40	50	261	1	0	0	0	0	0	0	0	"""s1:1→0, 45→1, 47→0"""	"""s1:2→1"""
47	40	50	261	1	0	0	0	0	0	0	0	"""s1:1→0, 45→1, 47→1"""	"""s1:2→1"""
47	40	50	261	1	0	0	0	0	0	0	0	"""s1:1→0, 45→1, 47→2"""	"""s1:2→1"""
47	40	50	261	1	0	0	0	0	0	0	0	"""s1:1→3, 45→0, 47→1"""	"""s1:2→1"""
47	40	53	261	1	0	0	0	0	0	0	0	"""s1:1→1, 45→0, 47→0"""	"""s1:2→1"""
47	40	49	261	1	0	0	0	0	0	0	0	"""s1:1→0, 45→0, 47→2"""	"""s1:2→1"""
47	40	49	261	1	0	0	0	0	0	0	0	"""s1:1→1, 45→1, 47→0"""	"""s1:2→1"""
47	40	49	261	1	0	0	0	0	0	0	0	"""s1:1→1, 45→1, 47→1"""	"""s1:2→1"""
47	40	49	261	1	0	0	0	0	0	0	0	"""s1:1→2, 45→0, 47→1"""	"""s1:2→1"""
47	40	49	261	1	0	0	0	0	0	0	0	"""s1:1→1, 45→0, 47→3"""	"""s1:2→1"""
47	40	49	261	1	0	0	0	0	0	0	0	"""s1:1→1, 45→1, 47→2"""	"""s1:2→1"""
47	40	49	261	1	0	0	0	0	0	0	0	"""s1:1→1, 45→0, 47→4"""	"""s1:2→1"""
47	40	49	261	1	0	0	0	0	0	0	0	"""s1:1→1, 45→1, 47→3"""	"""s1:2→1"""
47	40	49	261	1	0	0	0	0	0	0	0	"""s1:1→3, 45→0, 47→2"""	"""s1:2→1"""
47	40	54	261	1	0	0	0	0	0	0	0	"""s1:1→2, 45→0, 47→0"""	"""s1:2→1"""
47	40	54	261	1	0	0	0	0	0	0	0	"""s1:1→3, 45→0, 47→0"""	"""s1:2→1"""
47	40	51	261	1	0	0	0	0	0	0	0	"""s1:1→0, 45→0, 47→3"""	"""s1:2→1"""
47	40	51	261	1	0	0	0	0	0	0	0	"""s1:1→0, 45→0, 47→4"""	"""s1:2→1"""
47	40	51	261	1	0	0	0	0	0	0	0	"""s1:1→0, 45→1, 47→3"""	"""s1:2→1"""
47	40	51	261	1	0	0	0	0	0	0	0	"""s1:1→0, 45→1, 47→4"""	"""s1:2→1"""
47	40	51	261	1	0	0	0	0	0	0	0	"""s1:1→4, 45→0, 47→1"""	"""s1:2→1"""
47	40	55	261	1	0	0	0	0	0	0	0	"""s1:1→4, 45→0, 47→0"""	"""s1:2→1"""
47	40	55	261	1	0	0	0	0	0	0	0	"""s1:1→5, 45→0, 47→0"""	"""s1:2→1"""
47	40	54	209	1	0	0	1	0	0	0	0	"""s1:1→1 / s2:45→0, 47→0"""	"""s2:2→1"""
47	40	54	209	1	0	0	1	0	0	0	0	"""s1:1→1 / s2:45→0, 47→4"""	"""s2:2→1"""
47	40	51	209	1	0	0	1	0	0	0	0	"""s1:1→1 / s2:45→0, 47→1"""	"""s2:2→1"""
47	40	51	209	1	0	0	1	0	0	0	0	"""s1:1→1 / s2:45→1, 47→2"""	"""s2:2→1"""
47	40	50	209	1	0	0	1	0	0	0	0	"""s1:1→1 / s2:45→1, 47→0"""	"""s2:2→1"""
47	40	50	209	1	0	0	1	0	0	0	0	"""s1:1→1 / s2:45→0, 47→2"""	"""s2:2→1"""
47	40	50	209	1	0	0	1	0	0	0	0	"""s1:1→1 / s2:45→1, 47→1"""	"""s2:2→1"""
47	40	50	209	1	0	0	1	0	0	0	0	"""s1:1→1 / s2:45→0, 47→3"""	"""s2:2→1"""
47	40	55	209	1	0	0	1	0	0	0	0	"""s1:1→1 / s2:45→1, 47→3"""	"""s2:2→1"""
47	40	53	233	1	0	1	0	0	0	0	0	"""s1:1→1 / s2:1→0, 45→0, 47→0"""	"""s2:2→1"""
47	40	50	233	1	0	1	0	0	0	0	0	"""s1:1→1 / s2:1→0, 45→0, 47→1"""	"""s2:2→1"""
47	40	50	233	1	0	1	0	0	0	0	0	"""s1:1→1 / s2:1→1, 45→0, 47→2"""	"""s2:2→1"""
47	40	50	233	1	0	1	0	0	0	0	0	"""s1:1→1 / s2:1→1, 45→0, 47→3"""	"""s2:2→1"""
47	40	55	233	1	0	1	0	0	0	0	0	"""s1:1→1 / s2:1→1, 45→0, 47→0"""	"""s2:2→1"""
47	40	49	233	1	0	1	0	0	0	0	0	"""s1:1→1 / s2:1→0, 45→0, 47→2"""	"""s2:2→1"""
47	40	49	233	1	0	1	0	0	0	0	0	"""s1:1→1 / s2:1→1, 45→1, 47→0"""	"""s2:2→1"""
47	40	49	233	1	0	1	0	0	0	0	0	"""s1:1→1 / s2:1→1, 45→1, 47→1"""	"""s2:2→1"""
47	40	49	233	1	0	1	0	0	0	0	0	"""s1:1→1 / s2:1→1, 45→1, 47→2"""	"""s2:2→1"""
47	40	49	233	1	0	1	0	0	0	0	0	"""s1:1→1 / s2:1→1, 45→0, 47→4"""	"""s2:2→1"""
47	40	51	233	1	0	1	0	0	0	0	0	"""s1:1→1 / s2:1→1, 45→0, 47→1"""	"""s2:2→1"""
47	40	56	233	1	0	1	0	0	0	0	0	"""s1:1→1 / s2:1→1, 45→1, 47→3"""	"""s2:2→1"""
47	40	51	253	1	1	0	0	0	0	0	0	"""s1:1→0, 47→1 / s2:1→0, 45→1"""	"""s2:2→1"""
47	40	51	253	1	1	0	0	0	0	0	0	"""s1:1→1, 47→0 / s2:1→2, 45→0, 47→1"""	"""s2:48→1"""
47	40	51	253	1	1	0	0	0	0	0	0	"""s1:1→1, 47→0 / s2:1→0, 45→0, 47→0"""	"""s2:2→1"""
47	40	51	253	1	1	0	0	0	0	0	0	"""s1:1→1, 47→0 / s2:1→2, 45→0, 47→1"""	"""s2:2→1"""
47	40	51	253	1	1	0	0	0	0	0	0	"""s1:1→3, 47→1 / s2:1→0, 45→0"""	"""s2:2→1"""
47	40	51	253	1	1	0	0	0	0	0	0	"""s1:1→4, 47→1 / s2:1→0, 45→0"""	"""s2:2→1"""
47	40	50	253	1	1	0	0	0	0	0	0	"""s1:1→0, 47→1 / s2:1→1, 45→1"""	"""s2:2→1"""
47	40	50	253	1	1	0	0	0	0	0	0	"""s1:1→1, 47→0 / s2:1→1, 45→0, 47→1"""	"""s2:48→1"""
47	40	50	253	1	1	0	0	0	0	0	0	"""s1:1→1, 47→0 / s2:1→2, 45→0, 47→2"""	"""s2:48→1"""
47	40	50	253	1	1	0	0	0	0	0	0	"""s1:1→1, 47→0 / s2:1→3, 45→0, 47→2"""	"""s2:48→1"""
47	40	50	253	1	1	0	0	0	0	0	0	"""s1:1→1, 47→0 / s2:1→1, 45→0, 47→1"""	"""s2:2→1"""
47	40	50	253	1	1	0	0	0	0	0	0	"""s1:1→1, 47→0 / s2:1→2, 45→0, 47→2"""	"""s2:2→1"""
47	40	50	253	1	1	0	0	0	0	0	0	"""s1:1→1, 47→0 / s2:1→3, 45→0, 47→2"""	"""s2:2→1"""
47	40	50	253	1	1	0	0	0	0	0	0	"""s1:1→2, 47→1 / s2:1→0, 45→0"""	"""s2:2→1"""
47	40	49	253	1	1	0	0	0	0	0	0	"""s1:1→0, 47→1 / s2:1→2, 45→1"""	"""s2:2→1"""
47	40	49	253	1	1	0	0	0	0	0	0	"""s1:1→0, 47→1 / s2:1→3, 45→1"""	"""s2:2→1"""
47	40	49	253	1	1	0	0	0	0	0	0	"""s1:1→0, 47→1 / s2:1→4, 45→1"""	"""s2:2→1"""
47	40	49	253	1	1	0	0	0	0	0	0	"""s1:1→1, 47→0 / s2:1→0, 45→0, 47→1"""	"""s2:48→1"""
47	40	49	253	1	1	0	0	0	0	0	0	"""s1:1→1, 47→0 / s2:1→1, 45→0, 47→2"""	"""s2:48→1"""
47	40	49	253	1	1	0	0	0	0	0	0	"""s1:1→1, 47→0 / s2:1→2, 45→1, 47→0"""	"""s2:48→1"""
47	40	49	253	1	1	0	0	0	0	0	0	"""s1:1→1, 47→0 / s2:1→3, 45→1, 47→0"""	"""s2:48→1"""
47	40	49	253	1	1	0	0	0	0	0	0	"""s1:1→1, 47→0 / s2:1→2, 45→0, 47→3"""	"""s2:48→1"""
47	40	49	253	1	1	0	0	0	0	0	0	"""s1:1→1, 47→0 / s2:1→3, 45→1, 47→1"""	"""s2:48→1"""
47	40	49	253	1	1	0	0	0	0	0	0	"""s1:1→1, 47→0 / s2:1→4, 45→1, 47→0"""	"""s2:48→1"""
47	40	49	253	1	1	0	0	0	0	0	0	"""s1:1→1, 47→0 / s2:1→0, 45→0, 47→1"""	"""s2:2→1"""
47	40	49	253	1	1	0	0	0	0	0	0	"""s1:1→1, 47→0 / s2:1→1, 45→0, 47→2"""	"""s2:2→1"""
47	40	49	253	1	1	0	0	0	0	0	0	"""s1:1→1, 47→0 / s2:1→2, 45→1, 47→0"""	"""s2:2→1"""
47	40	49	253	1	1	0	0	0	0	0	0	"""s1:1→1, 47→0 / s2:1→1, 45→0, 47→3"""	"""s2:2→1"""
47	40	49	253	1	1	0	0	0	0	0	0	"""s1:1→1, 47→0 / s2:1→2, 45→1, 47→1"""	"""s2:2→1"""
47	40	49	253	1	1	0	0	0	0	0	0	"""s1:1→1, 47→0 / s2:1→3, 45→1, 47→0"""	"""s2:2→1"""
47	40	49	253	1	1	0	0	0	0	0	0	"""s1:1→1, 47→0 / s2:1→2, 45→0, 47→3"""	"""s2:2→1"""
47	40	49	253	1	1	0	0	0	0	0	0	"""s1:1→1, 47→0 / s2:1→3, 45→1, 47→1"""	"""s2:2→1"""
47	40	49	253	1	1	0	0	0	0	0	0	"""s1:1→1, 47→0 / s2:1→4, 45→1, 47→0"""	"""s2:2→1"""
47	40	49	253	1	1	0	0	0	0	0	0	"""s1:1→1, 47→1 / s2:1→0, 45→0"""	"""s2:2→1"""
47	40	49	253	1	1	0	0	0	0	0	0	"""s1:1→1, 47→1 / s2:1→1, 45→1"""	"""s2:2→1"""
47	40	49	253	1	1	0	0	0	0	0	0	"""s1:1→1, 47→1 / s2:1→2, 45→1"""	"""s2:2→1"""
47	40	49	253	1	1	0	0	0	0	0	0	"""s1:1→1, 47→1 / s2:1→3, 45→1"""	"""s2:2→1"""
47	40	49	253	1	1	0	0	0	0	0	0	"""s1:1→1, 47→1 / s2:1→4, 45→1"""	"""s2:2→1"""
47	40	55	253	1	1	0	0	0	0	0	0	"""s1:1→1, 47→0 / s2:1→1, 45→0, 47→0"""	"""s2:48→1"""
47	40	55	253	1	1	0	0	0	0	0	0	"""s1:1→1, 47→0 / s2:1→2, 45→0, 47→0"""	"""s2:2→1"""
47	40	55	253	1	1	0	0	0	0	0	0	"""s1:1→1, 47→0 / s2:1→3, 45→0, 47→0"""	"""s2:2→1"""
47	40	55	253	1	1	0	0	0	0	0	0	"""s1:1→1, 47→0 / s2:1→4, 45→0, 47→0"""	"""s2:2→1"""
47	40	55	253	1	1	0	0	0	0	0	0	"""s1:1→1, 47→0 / s2:1→5, 45→0, 47→0"""	"""s2:2→1"""
47	40	55	253	1	1	0	0	0	0	0	0	"""s1:1→2, 47→0 / s2:1→0, 45→0, 47→0"""	"""s2:2→1"""
47	40	55	253	1	1	0	0	0	0	0	0	"""s1:1→2, 47→0 / s2:1→1, 45→0, 47→0"""	"""s2:2→1"""
47	40	55	253	1	1	0	0	0	0	0	0	"""s1:1→2, 47→0 / s2:1→2, 45→0, 47→0"""	"""s2:2→1"""
47	40	55	253	1	1	0	0	0	0	0	0	"""s1:1→2, 47→0 / s2:1→3, 45→0, 47→0"""	"""s2:2→1"""
47	40	55	253	1	1	0	0	0	0	0	0	"""s1:1→2, 47→0 / s2:1→3, 45→0, 47→1"""	"""s2:2→1"""
47	40	55	253	1	1	0	0	0	0	0	0	"""s1:1→2, 47→0 / s2:1→4, 45→0, 47→0"""	"""s2:2→1"""
47	40	55	253	1	1	0	0	0	0	0	0	"""s1:1→2, 47→0 / s2:1→4, 45→0, 47→1"""	"""s2:2→1"""
47	40	55	253	1	1	0	0	0	0	0	0	"""s1:1→2, 47→1 / s2:1→4, 45→1"""	"""s2:2→1"""
47	40	56	253	1	1	0	0	0	0	0	0	"""s1:1→1, 47→0 / s2:1→2, 45→0, 47→0"""	"""s2:48→1"""
47	40	56	253	1	1	0	0	0	0	0	0	"""s1:1→1, 47→0 / s2:1→3, 45→0, 47→0"""	"""s2:48→1"""
47	40	56	253	1	1	0	0	0	0	0	0	"""s1:1→1, 47→0 / s2:1→4, 45→0, 47→0"""	"""s2:48→1"""
47	40	56	253	1	1	0	0	0	0	0	0	"""s1:1→1, 47→0 / s2:1→5, 45→0, 47→0"""	"""s2:48→1"""
47	40	56	253	1	1	0	0	0	0	0	0	"""s1:1→2, 47→0 / s2:1→1, 45→0, 47→0"""	"""s2:48→1"""
47	40	56	253	1	1	0	0	0	0	0	0	"""s1:1→2, 47→1 / s2:1→1, 45→0"""	"""s2:2→1"""
47	40	56	253	1	1	0	0	0	0	0	0	"""s1:1→3, 47→0 / s2:1→0, 45→0, 47→0"""	"""s2:2→1"""
47	40	56	253	1	1	0	0	0	0	0	0	"""s1:1→3, 47→0 / s2:1→1, 45→0, 47→0"""	"""s2:2→1"""
47	40	56	253	1	1	0	0	0	0	0	0	"""s1:1→4, 47→0 / s2:1→0, 45→0, 47→0"""	"""s2:2→1"""
47	40	52	253	1	1	0	0	0	0	0	0	"""s1:1→1, 47→0 / s2:1→3, 45→0, 47→1"""	"""s2:48→1"""
47	40	52	253	1	1	0	0	0	0	0	0	"""s1:1→1, 47→0 / s2:1→4, 45→0, 47→1"""	"""s2:48→1"""
47	40	52	253	1	1	0	0	0	0	0	0	"""s1:1→1, 47→0 / s2:1→3, 45→0, 47→1"""	"""s2:2→1"""
47	40	52	253	1	1	0	0	0	0	0	0	"""s1:1→1, 47→0 / s2:1→4, 45→0, 47→1"""	"""s2:2→1"""
47	40	54	253	1	1	0	0	0	0	0	0	"""s1:1→1, 47→0 / s2:1→1, 45→0, 47→0"""	"""s2:2→1"""
47	40	59	253	1	1	0	0	0	0	0	0	"""s1:1→2, 47→0 / s2:1→2, 45→0, 47→1"""	"""s2:2→1"""
47	40	53	253	1	1	0	0	0	0	0	0	"""s1:1→3, 47→1 / s2:1→1, 45→0"""	"""s2:2→1"""
47	40	57	253	1	1	0	0	0	0	0	0	"""s1:1→5, 47→0 / s2:1→0, 45→0, 47→0"""	"""s2:2→1"""
47	40	51	201	1	1	0	1	0	0	0	0	"""s1:1→1 / s2:47→1 / s3:45→1"""	"""s3:2→1"""
47	40	56	245	1	2	0	0	0	0	0	0	"""s1:1→1, 47→0 / s2:1→1, 47→0 / s3:1→1, 45→0, 47→0"""	"""s3:49→1"""
47	40	56	245	1	2	0	0	0	0	0	0	"""s1:1→1, 47→0 / s2:1→2, 47→0 / s3:45→0, 47→0"""	"""s3:2→1"""
47	40	55	245	1	2	0	0	0	0	0	0	"""s1:1→1, 47→0 / s2:1→1, 47→0 / s3:1→1, 45→0, 47→1"""	"""s3:49→1"""
47	40	55	245	1	2	0	0	0	0	0	0	"""s1:1→1, 47→0 / s2:1→1, 47→0 / s3:1→1, 45→0, 47→0"""	"""s3:2→1"""
47	40	54	245	1	2	0	0	0	0	0	0	"""s1:1→1, 47→0 / s2:1→1, 47→0 / s3:1→0, 45→0, 47→0"""	"""s3:2→1"""
47	40	54	245	1	2	0	0	0	0	0	0	"""s1:1→1, 47→0 / s2:1→1, 47→0 / s3:1→1, 45→0, 47→1"""	"""s3:2→1"""
47	40	52	245	1	2	0	0	0	0	0	0	"""s1:1→1, 47→0 / s2:1→1, 47→1 / s3:1→0, 45→0"""	"""s3:2→1"""
47	40	52	245	1	2	0	0	0	0	0	0	"""s1:1→1, 47→0 / s2:1→2, 47→1 / s3:45→0"""	"""s3:2→1"""
47	40	51	251	2	1	0	0	0	0	0	0	"""s1:1→1, 47→0 / s2:1→0, 45→0, 47→1 / s3:1→2, 45→1, 47→0"""	"""s2:48→1 / s3:48→1"""
47	40	51	251	2	1	0	0	0	0	0	0	"""s1:1→1, 47→0 / s2:1→1, 45→0, 47→1 / s3:1→2, 45→0, 47→1"""	"""s2:48→1 / s3:48→1"""
47	40	50	252	2	1	0	0	0	0	0	0	"""s1:1→1, 47→0 / s2:1→0, 45→0, 47→1 / s3:1→0, 45→0, 47→1"""	"""s2:48→1 / s3:2→1"""
47	40	50	252	2	1	0	0	0	0	0	0	"""s1:1→1, 47→0 / s2:1→1, 45→0, 47→1 / s3:1→1, 45→0, 47→1"""	"""s2:48→1 / s3:2→1"""
47	40	50	252	2	1	0	0	0	0	0	0	"""s1:1→1, 47→0 / s2:1→0, 45→0, 47→1 / s3:1→3, 45→1, 47→0"""	"""s2:2→1 / s3:48→1"""
47	40	50	252	2	1	0	0	0	0	0	0	"""s1:1→1, 47→0 / s2:1→0, 45→0, 47→1 / s3:1→3, 45→1, 47→1"""	"""s2:2→1 / s3:48→1"""
47	40	56	251	2	1	0	0	0	0	0	0	"""s1:1→1, 47→0 / s2:1→1, 45→0, 47→0 / s3:1→1, 45→0, 47→0"""	"""s2:48→1 / s3:48→1"""
47	40	56	251	2	1	0	0	0	0	0	0	"""s1:1→1, 47→0 / s2:1→1, 45→0, 47→0 / s3:1→2, 45→0, 47→0"""	"""s2:48→1 / s3:48→1"""
47	40	57	251	2	1	0	0	0	0	0	0	"""s1:1→1, 47→0 / s2:1→1, 45→0, 47→0 / s3:1→2, 45→0, 47→1"""	"""s2:48→1 / s3:48→1"""
47	40	55	252	2	1	0	0	0	0	0	0	"""s1:1→1, 47→0 / s2:1→1, 45→0, 47→0 / s3:1→1, 45→0, 47→0"""	"""s2:48→1 / s3:2→1"""
47	40	50	251	2	1	0	0	0	0	0	0	"""s1:1→1, 47→0 / s2:1→1, 45→0, 47→1 / s3:1→1, 45→0, 47→1"""	"""s2:48→1 / s3:48→1"""
47	40	54	252	2	1	0	0	0	0	0	0	"""s1:1→1, 47→0 / s2:1→0, 45→0, 47→0 / s3:1→1, 45→0, 47→0"""	"""s2:2→1 / s3:48→1"""
47	40	52	252	2	1	0	0	0	0	0	0	"""s1:1→1, 47→0 / s2:1→0, 45→0, 47→0 / s3:1→1, 45→0, 47→1"""	"""s2:2→1 / s3:48→1"""
47	40	52	252	2	1	0	0	0	0	0	0	"""s1:1→1, 47→0 / s2:1→0, 45→0, 47→0 / s3:1→2, 45→0, 47→1"""	"""s2:2→1 / s3:48→1"""
47	40	52	252	2	1	0	0	0	0	0	0	"""s1:1→1, 47→0 / s2:1→0, 45→0, 47→0 / s3:1→3, 45→0, 47→1"""	"""s2:2→1 / s3:48→1"""
47	40	52	252	2	1	0	0	0	0	0	0	"""s1:1→1, 47→0 / s2:1→0, 45→0, 47→0 / s3:1→3, 45→0, 47→2"""	"""s2:2→1 / s3:48→1"""
47	40	56	252	2	1	0	0	0	0	0	0	"""s1:1→1, 47→0 / s2:1→0, 45→0, 47→0 / s3:1→2, 45→0, 47→0"""	"""s2:2→1 / s3:48→1"""
47	40	56	252	2	1	0	0	0	0	0	0	"""s1:1→1, 47→0 / s2:1→0, 45→0, 47→0 / s3:1→3, 45→0, 47→0"""	"""s2:2→1 / s3:48→1"""
47	40	57	252	2	1	0	0	0	0	0	0	"""s1:1→1, 47→0 / s2:1→0, 45→0, 47→0 / s3:1→4, 45→0, 47→0"""	"""s2:2→1 / s3:48→1"""
47	40	57	252	2	1	0	0	0	0	0	0	"""s1:1→1, 47→0 / s2:1→0, 45→0, 47→0 / s3:1→5, 45→0, 47→0"""	"""s2:2→1 / s3:48→1"""
47	40	53	252	2	1	0	0	0	0	0	0	"""s1:1→1, 47→0 / s2:1→0, 45→0, 47→0 / s3:1→4, 45→0, 47→1"""	"""s2:2→1 / s3:48→1"""
47	40	51	252	2	1	0	0	0	0	0	0	"""s1:1→1, 47→0 / s2:1→0, 45→0, 47→1 / s3:1→1, 45→0, 47→1"""	"""s2:2→1 / s3:48→1"""
47	41	48	184	0	0	0	0	1	0	0	0	"""s1:1→1"""	""""""
47	41	48	210	0	0	0	1	0	0	0	0	"""s1:1→1"""	""""""
47	41	48	234	0	0	1	0	0	0	0	0	"""s1:1→1"""	""""""
47	41	53	254	0	1	0	0	0	0	0	0	"""s1:1→0, 46→1"""	""""""
47	41	48	254	0	1	0	0	0	0	0	0	"""s1:1→1, 46→0"""	""""""
47	41	48	254	0	1	0	0	0	0	0	0	"""s1:1→3, 46→1"""	""""""
47	41	48	254	0	1	0	0	0	0	0	0	"""s1:1→4, 46→1"""	""""""
47	41	50	254	0	1	0	0	0	0	0	0	"""s1:1→1, 46→1"""	""""""
47	41	55	254	0	1	0	0	0	0	0	0	"""s1:1→2, 46→0"""	""""""
47	41	55	254	0	1	0	0	0	0	0	0	"""s1:1→3, 46→0"""	""""""
47	41	49	254	0	1	0	0	0	0	0	0	"""s1:1→2, 46→1"""	""""""
47	41	56	254	0	1	0	0	0	0	0	0	"""s1:1→4, 46→0"""	""""""
47	41	56	254	0	1	0	0	0	0	0	0	"""s1:1→5, 46→0"""	""""""
47	41	56	176	0	1	0	0	1	0	0	0	"""s1:1→1 / s2:46→1"""	""""""
47	41	54	226	0	1	1	0	0	0	0	0	"""s1:1→1 / s2:1→1, 46→0"""	""""""
47	41	53	246	0	2	0	0	0	0	0	0	"""s1:1→1, 46→0 / s2:1→1, 46→0"""	""""""
47	41	56	246	0	2	0	0	0	0	0	0	"""s1:1→1, 46→0 / s2:1→2, 46→0"""	""""""
47	41	56	246	0	2	0	0	0	0	0	0	"""s1:1→1, 46→0 / s2:1→3, 46→0"""	""""""
47	41	49	246	0	2	0	0	0	0	0	0	"""s1:1→1, 46→0 / s2:1→3, 46→1"""	""""""
47	41	55	238	0	3	0	0	0	0	0	0	"""s1:1→1, 46→0 / s2:1→1, 46→0 / s3:1→1, 46→0"""	""""""
47	41	48	261	1	0	0	0	0	0	0	0	"""s1:1→0, 46→0"""	"""s1:2→1"""
47	41	48	261	1	0	0	0	0	0	0	0	"""s1:1→2, 46→1"""	"""s1:2→1"""
47	41	48	261	1	0	0	0	0	0	0	0	"""s1:1→3, 46→1"""	"""s1:2→1"""
47	41	48	261	1	0	0	0	0	0	0	0	"""s1:1→4, 46→1"""	"""s1:2→1"""
47	41	50	261	1	0	0	0	0	0	0	0	"""s1:1→0, 46→1"""	"""s1:2→1"""
47	41	50	261	1	0	0	0	0	0	0	0	"""s1:1→1, 46→2"""	"""s1:2→1"""
47	41	50	261	1	0	0	0	0	0	0	0	"""s1:1→2, 46→3"""	"""s1:2→1"""
47	41	53	261	1	0	0	0	0	0	0	0	"""s1:1→1, 46→0"""	"""s1:2→1"""
47	41	51	261	1	0	0	0	0	0	0	0	"""s1:1→0, 46→2"""	"""s1:2→1"""
47	41	51	261	1	0	0	0	0	0	0	0	"""s1:1→0, 46→3"""	"""s1:2→1"""
47	41	51	261	1	0	0	0	0	0	0	0	"""s1:1→1, 46→3"""	"""s1:2→1"""
47	41	51	261	1	0	0	0	0	0	0	0	"""s1:1→1, 46→4"""	"""s1:2→1"""
47	41	49	261	1	0	0	0	0	0	0	0	"""s1:1→1, 46→1"""	"""s1:2→1"""
47	41	49	261	1	0	0	0	0	0	0	0	"""s1:1→2, 46→2"""	"""s1:2→1"""
47	41	49	261	1	0	0	0	0	0	0	0	"""s1:1→3, 46→2"""	"""s1:2→1"""
47	41	54	261	1	0	0	0	0	0	0	0	"""s1:1→2, 46→0"""	"""s1:2→1"""
47	41	54	261	1	0	0	0	0	0	0	0	"""s1:1→3, 46→0"""	"""s1:2→1"""
47	41	52	261	1	0	0	0	0	0	0	0	"""s1:1→0, 46→4"""	"""s1:2→1"""
47	41	55	261	1	0	0	0	0	0	0	0	"""s1:1→4, 46→0"""	"""s1:2→1"""
47	41	55	261	1	0	0	0	0	0	0	0	"""s1:1→5, 46→0"""	"""s1:2→1"""
47	41	53	209	1	0	0	1	0	0	0	0	"""s1:1→1 / s2:46→0"""	"""s2:2→1"""
47	41	50	209	1	0	0	1	0	0	0	0	"""s1:1→1 / s2:46→1"""	"""s2:2→1"""
47	41	53	233	1	0	1	0	0	0	0	0	"""s1:1→1 / s2:1→0, 46→0"""	"""s2:2→1"""
47	41	55	233	1	0	1	0	0	0	0	0	"""s1:1→1 / s2:1→1, 46→0"""	"""s2:2→1"""
47	41	49	233	1	0	1	0	0	0	0	0	"""s1:1→1 / s2:1→1, 46→1"""	"""s2:2→1"""
47	41	54	253	1	1	0	0	0	0	0	0	"""s1:1→1, 46→0 / s2:1→1, 46→0"""	"""s2:48→1"""
47	41	54	253	1	1	0	0	0	0	0	0	"""s1:1→1, 46→0 / s2:1→1, 46→0"""	"""s2:2→1"""
47	41	54	253	1	1	0	0	0	0	0	0	"""s1:1→1, 46→0 / s2:1→2, 46→0"""	"""s2:2→1"""
47	41	54	253	1	1	0	0	0	0	0	0	"""s1:1→2, 46→0 / s2:1→0, 46→0"""	"""s2:2→1"""
47	41	55	253	1	1	0	0	0	0	0	0	"""s1:1→1, 46→0 / s2:1→2, 46→0"""	"""s2:48→1"""
47	41	55	253	1	1	0	0	0	0	0	0	"""s1:1→1, 46→0 / s2:1→3, 46→0"""	"""s2:2→1"""
47	41	55	253	1	1	0	0	0	0	0	0	"""s1:1→1, 46→0 / s2:1→4, 46→0"""	"""s2:2→1"""
47	41	55	253	1	1	0	0	0	0	0	0	"""s1:1→1, 46→0 / s2:1→5, 46→0"""	"""s2:2→1"""
47	41	55	253	1	1	0	0	0	0	0	0	"""s1:1→2, 46→0 / s2:1→1, 46→0"""	"""s2:2→1"""
47	41	55	253	1	1	0	0	0	0	0	0	"""s1:1→2, 46→0 / s2:1→2, 46→0"""	"""s2:2→1"""
47	41	55	253	1	1	0	0	0	0	0	0	"""s1:1→2, 46→0 / s2:1→3, 46→0"""	"""s2:2→1"""
47	41	55	253	1	1	0	0	0	0	0	0	"""s1:1→2, 46→0 / s2:1→4, 46→0"""	"""s2:2→1"""
47	41	56	253	1	1	0	0	0	0	0	0	"""s1:1→1, 46→0 / s2:1→3, 46→0"""	"""s2:48→1"""
47	41	56	253	1	1	0	0	0	0	0	0	"""s1:1→1, 46→0 / s2:1→4, 46→0"""	"""s2:48→1"""
47	41	56	253	1	1	0	0	0	0	0	0	"""s1:1→1, 46→0 / s2:1→5, 46→0"""	"""s2:48→1"""
47	41	56	253	1	1	0	0	0	0	0	0	"""s1:1→2, 46→0 / s2:1→1, 46→0"""	"""s2:48→1"""
47	41	56	253	1	1	0	0	0	0	0	0	"""s1:1→3, 46→0 / s2:1→0, 46→0"""	"""s2:2→1"""
47	41	56	253	1	1	0	0	0	0	0	0	"""s1:1→3, 46→0 / s2:1→1, 46→0"""	"""s2:2→1"""
47	41	56	253	1	1	0	0	0	0	0	0	"""s1:1→4, 46→0 / s2:1→0, 46→0"""	"""s2:2→1"""
47	41	49	253	1	1	0	0	0	0	0	0	"""s1:1→1, 46→0 / s2:1→3, 46→1"""	"""s2:48→1"""
47	41	49	253	1	1	0	0	0	0	0	0	"""s1:1→1, 46→0 / s2:1→4, 46→1"""	"""s2:48→1"""
47	41	49	253	1	1	0	0	0	0	0	0	"""s1:1→1, 46→0 / s2:1→2, 46→1"""	"""s2:2→1"""
47	41	49	253	1	1	0	0	0	0	0	0	"""s1:1→1, 46→0 / s2:1→3, 46→1"""	"""s2:2→1"""
47	41	49	253	1	1	0	0	0	0	0	0	"""s1:1→1, 46→0 / s2:1→4, 46→1"""	"""s2:2→1"""
47	41	49	253	1	1	0	0	0	0	0	0	"""s1:1→4, 46→1 / s2:1→0"""	"""s2:2→1"""
47	41	51	253	1	1	0	0	0	0	0	0	"""s1:1→1, 46→0 / s2:1→0, 46→0"""	"""s2:2→1"""
47	41	57	253	1	1	0	0	0	0	0	0	"""s1:1→5, 46→0 / s2:1→0, 46→0"""	"""s2:2→1"""
47	41	56	245	1	2	0	0	0	0	0	0	"""s1:1→1, 46→0 / s2:1→1, 46→0 / s3:1→1, 46→0"""	"""s3:49→1"""
47	41	56	245	1	2	0	0	0	0	0	0	"""s1:1→1, 46→0 / s2:1→2, 46→0 / s3:46→0"""	"""s3:2→1"""
47	41	54	245	1	2	0	0	0	0	0	0	"""s1:1→1, 46→0 / s2:1→1, 46→0 / s3:1→0, 46→0"""	"""s3:2→1"""
47	41	55	245	1	2	0	0	0	0	0	0	"""s1:1→1, 46→0 / s2:1→1, 46→0 / s3:1→1, 46→0"""	"""s3:2→1"""
47	41	56	251	2	1	0	0	0	0	0	0	"""s1:1→1, 46→0 / s2:1→1, 46→0 / s3:1→1, 46→0"""	"""s2:48→1 / s3:48→1"""
47	41	56	251	2	1	0	0	0	0	0	0	"""s1:1→1, 46→0 / s2:1→1, 46→0 / s3:1→2, 46→0"""	"""s2:48→1 / s3:48→1"""
47	41	55	252	2	1	0	0	0	0	0	0	"""s1:1→1, 46→0 / s2:1→1, 46→0 / s3:1→1, 46→0"""	"""s2:48→1 / s3:2→1"""
47	41	55	252	2	1	0	0	0	0	0	0	"""s1:1→1, 46→0 / s2:1→0, 46→0 / s3:1→1, 46→0"""	"""s2:2→1 / s3:48→1"""
47	41	56	252	2	1	0	0	0	0	0	0	"""s1:1→1, 46→0 / s2:1→0, 46→0 / s3:1→2, 46→0"""	"""s2:2→1 / s3:48→1"""
47	41	56	252	2	1	0	0	0	0	0	0	"""s1:1→1, 46→0 / s2:1→0, 46→0 / s3:1→3, 46→0"""	"""s2:2→1 / s3:48→1"""
47	41	57	252	2	1	0	0	0	0	0	0	"""s1:1→1, 46→0 / s2:1→0, 46→0 / s3:1→4, 46→0"""	"""s2:2→1 / s3:48→1"""
47	41	57	252	2	1	0	0	0	0	0	0	"""s1:1→1, 46→0 / s2:1→0, 46→0 / s3:1→5, 46→0"""	"""s2:2→1 / s3:48→1"""
47	42	48	129	0	0	0	0	1	0	0	0	"""s1:47→1"""	""""""
47	42	48	155	0	0	0	1	0	0	0	0	"""s1:47→1"""	""""""
47	42	48	179	0	0	1	0	0	0	0	0	"""s1:47→1"""	""""""
47	42	48	199	0	1	0	0	0	0	0	0	"""s1:47→1"""	""""""
47	42	55	199	0	1	0	0	0	0	0	0	"""s1:47→2"""	""""""
47	42	55	199	0	1	0	0	0	0	0	0	"""s1:47→3"""	""""""
47	42	56	199	0	1	0	0	0	0	0	0	"""s1:47→4"""	""""""
47	42	56	199	0	1	0	0	0	0	0	0	"""s1:47→5"""	""""""
47	42	54	171	0	1	1	0	0	0	0	0	"""s1:47→1 / s2:47→1"""	""""""
47	42	54	191	0	2	0	0	0	0	0	0	"""s1:47→1 / s2:47→1"""	""""""
47	42	56	191	0	2	0	0	0	0	0	0	"""s1:47→1 / s2:47→2"""	""""""
47	42	56	191	0	2	0	0	0	0	0	0	"""s1:47→1 / s2:47→3"""	""""""
47	42	56	183	0	3	0	0	0	0	0	0	"""s1:47→1 / s2:47→1 / s3:47→1"""	""""""
47	42	48	206	1	0	0	0	0	0	0	0	"""s1:1→0, 47→0"""	"""s1:46→1"""
47	42	52	206	1	0	0	0	0	0	0	0	"""s1:1→0, 47→1"""	"""s1:46→1"""
47	42	52	206	1	0	0	0	0	0	0	0	"""s1:1→1, 47→3"""	"""s1:46→1"""
47	42	52	206	1	0	0	0	0	0	0	0	"""s1:1→1, 47→4"""	"""s1:46→1"""
47	42	50	206	1	0	0	0	0	0	0	0	"""s1:1→1, 47→0"""	"""s1:46→1"""
47	42	50	206	1	0	0	0	0	0	0	0	"""s1:1→1, 47→1"""	"""s1:46→1"""
47	42	54	206	1	0	0	0	0	0	0	0	"""s1:1→0, 47→2"""	"""s1:46→1"""
47	42	54	206	1	0	0	0	0	0	0	0	"""s1:1→0, 47→3"""	"""s1:46→1"""
47	42	51	206	1	0	0	0	0	0	0	0	"""s1:1→1, 47→2"""	"""s1:46→1"""
47	42	55	206	1	0	0	0	0	0	0	0	"""s1:1→0, 47→4"""	"""s1:46→1"""
47	42	55	206	1	0	0	0	0	0	0	0	"""s1:1→0, 47→5"""	"""s1:46→1"""
47	42	54	154	1	0	0	1	0	0	0	0	"""s1:47→1 / s2:1→0"""	"""s2:46→1"""
47	42	52	154	1	0	0	1	0	0	0	0	"""s1:47→1 / s2:1→1"""	"""s2:46→1"""
47	42	53	178	1	0	1	0	0	0	0	0	"""s1:47→1 / s2:1→0, 47→0"""	"""s2:46→1"""
47	42	55	178	1	0	1	0	0	0	0	0	"""s1:47→1 / s2:1→0, 47→1"""	"""s2:46→1"""
47	42	51	178	1	0	1	0	0	0	0	0	"""s1:47→1 / s2:1→1, 47→0"""	"""s2:46→1"""
47	42	52	178	1	0	1	0	0	0	0	0	"""s1:47→1 / s2:1→1, 47→1"""	"""s2:46→1"""
47	42	54	198	1	1	0	0	0	0	0	0	"""s1:47→1 / s2:1→0, 47→1"""	"""s2:48→1"""
47	42	54	198	1	1	0	0	0	0	0	0	"""s1:47→1 / s2:1→0, 47→1"""	"""s2:46→1"""
47	42	54	198	1	1	0	0	0	0	0	0	"""s1:47→1 / s2:1→0, 47→2"""	"""s2:46→1"""
47	42	54	198	1	1	0	0	0	0	0	0	"""s1:47→2 / s2:1→0, 47→0"""	"""s2:46→1"""
47	42	54	198	1	1	0	0	0	0	0	0	"""s1:47→2 / s2:1→1, 47→4"""	"""s2:46→1"""
47	42	50	198	1	1	0	0	0	0	0	0	"""s1:47→1 / s2:1→1, 47→0"""	"""s2:48→1"""
47	42	50	198	1	1	0	0	0	0	0	0	"""s1:47→1 / s2:1→1, 47→0"""	"""s2:46→1"""
47	42	56	198	1	1	0	0	0	0	0	0	"""s1:47→1 / s2:1→0, 47→2"""	"""s2:48→1"""
47	42	56	198	1	1	0	0	0	0	0	0	"""s1:47→1 / s2:1→0, 47→3"""	"""s2:48→1"""
47	42	56	198	1	1	0	0	0	0	0	0	"""s1:47→1 / s2:1→0, 47→4"""	"""s2:48→1"""
47	42	56	198	1	1	0	0	0	0	0	0	"""s1:47→1 / s2:1→0, 47→5"""	"""s2:48→1"""
47	42	56	198	1	1	0	0	0	0	0	0	"""s1:47→2 / s2:1→0, 47→1"""	"""s2:48→1"""
47	42	56	198	1	1	0	0	0	0	0	0	"""s1:47→2 / s2:1→1, 47→1"""	"""s2:48→1"""
47	42	56	198	1	1	0	0	0	0	0	0	"""s1:47→3 / s2:1→0, 47→0"""	"""s2:46→1"""
47	42	56	198	1	1	0	0	0	0	0	0	"""s1:47→3 / s2:1→0, 47→1"""	"""s2:46→1"""
47	42	56	198	1	1	0	0	0	0	0	0	"""s1:47→4 / s2:1→0, 47→0"""	"""s2:46→1"""
47	42	51	198	1	1	0	0	0	0	0	0	"""s1:47→1 / s2:1→1, 47→1"""	"""s2:48→1"""
47	42	51	198	1	1	0	0	0	0	0	0	"""s1:47→1 / s2:1→1, 47→1"""	"""s2:46→1"""
47	42	52	198	1	1	0	0	0	0	0	0	"""s1:47→1 / s2:1→1, 47→2"""	"""s2:48→1"""
47	42	52	198	1	1	0	0	0	0	0	0	"""s1:47→1 / s2:1→0, 47→0"""	"""s2:46→1"""
47	42	52	198	1	1	0	0	0	0	0	0	"""s1:47→1 / s2:1→1, 47→2"""	"""s2:46→1"""
47	42	53	198	1	1	0	0	0	0	0	0	"""s1:47→1 / s2:1→1, 47→3"""	"""s2:48→1"""
47	42	53	198	1	1	0	0	0	0	0	0	"""s1:47→1 / s2:1→1, 47→4"""	"""s2:48→1"""
47	42	53	198	1	1	0	0	0	0	0	0	"""s1:47→1 / s2:1→1, 47→3"""	"""s2:46→1"""
47	42	53	198	1	1	0	0	0	0	0	0	"""s1:47→1 / s2:1→1, 47→4"""	"""s2:46→1"""
47	42	55	198	1	1	0	0	0	0	0	0	"""s1:47→1 / s2:1→0, 47→3"""	"""s2:46→1"""
47	42	55	198	1	1	0	0	0	0	0	0	"""s1:47→1 / s2:1→0, 47→4"""	"""s2:46→1"""
47	42	55	198	1	1	0	0	0	0	0	0	"""s1:47→1 / s2:1→0, 47→5"""	"""s2:46→1"""
47	42	55	198	1	1	0	0	0	0	0	0	"""s1:47→2 / s2:1→0, 47→1"""	"""s2:46→1"""
47	42	55	198	1	1	0	0	0	0	0	0	"""s1:47→2 / s2:1→0, 47→2"""	"""s2:46→1"""
47	42	55	198	1	1	0	0	0	0	0	0	"""s1:47→2 / s2:1→0, 47→3"""	"""s2:46→1"""
47	42	55	198	1	1	0	0	0	0	0	0	"""s1:47→2 / s2:1→1, 47→2"""	"""s2:46→1"""
47	42	55	198	1	1	0	0	0	0	0	0	"""s1:47→2 / s2:1→0, 47→4"""	"""s2:46→1"""
47	42	55	198	1	1	0	0	0	0	0	0	"""s1:47→2 / s2:1→1, 47→3"""	"""s2:46→1"""
47	42	66	198	1	1	0	0	0	0	0	0	"""s1:47→2 / s2:1→1, 47→1"""	"""s2:46→1"""
47	42	57	198	1	1	0	0	0	0	0	0	"""s1:47→5 / s2:1→0, 47→0"""	"""s2:46→1"""
47	42	56	190	1	2	0	0	0	0	0	0	"""s1:47→1 / s2:47→1 / s3:1→0, 47→1"""	"""s3:49→1"""
47	42	56	190	1	2	0	0	0	0	0	0	"""s1:47→1 / s2:47→2 / s3:1→0"""	"""s3:46→1"""
47	42	53	190	1	2	0	0	0	0	0	0	"""s1:47→1 / s2:47→1 / s3:1→1, 47→1"""	"""s3:49→1"""
47	42	53	190	1	2	0	0	0	0	0	0	"""s1:47→1 / s2:47→1 / s3:1→1, 47→1"""	"""s3:46→1"""
47	42	54	190	1	2	0	0	0	0	0	0	"""s1:47→1 / s2:47→1 / s3:1→0, 47→0"""	"""s3:46→1"""
47	42	55	190	1	2	0	0	0	0	0	0	"""s1:47→1 / s2:47→1 / s3:1→0, 47→1"""	"""s3:46→1"""
47	42	56	196	2	1	0	0	0	0	0	0	"""s1:47→1 / s2:1→0, 47→1 / s3:1→0, 47→1"""	"""s2:48→1 / s3:48→1"""
47	42	56	196	2	1	0	0	0	0	0	0	"""s1:47→1 / s2:1→0, 47→1 / s3:1→0, 47→2"""	"""s2:48→1 / s3:48→1"""
47	42	57	196	2	1	0	0	0	0	0	0	"""s1:47→1 / s2:1→0, 47→1 / s3:1→1, 47→1"""	"""s2:48→1 / s3:48→1"""
47	42	55	196	2	1	0	0	0	0	0	0	"""s1:47→1 / s2:1→0, 47→1 / s3:1→1, 47→2"""	"""s2:48→1 / s3:48→1"""
47	42	55	197	2	1	0	0	0	0	0	0	"""s1:47→1 / s2:1→0, 47→1 / s3:1→0, 47→0"""	"""s2:48→1 / s3:46→1"""
47	42	55	197	2	1	0	0	0	0	0	0	"""s1:47→1 / s2:1→0, 47→1 / s3:1→0, 47→1"""	"""s2:48→1 / s3:46→1"""
47	42	76	197	2	1	0	0	0	0	0	0	"""s1:47→1 / s2:1→0, 47→1 / s3:1→1, 47→1"""	"""s2:48→1 / s3:46→1"""
47	42	56	197	2	1	0	0	0	0	0	0	"""s1:47→1 / s2:1→0, 47→2 / s3:1→0, 47→0"""	"""s2:48→1 / s3:46→1"""
47	42	56	197	2	1	0	0	0	0	0	0	"""s1:47→1 / s2:1→0, 47→3 / s3:1→0, 47→0"""	"""s2:48→1 / s3:46→1"""
47	42	57	197	2	1	0	0	0	0	0	0	"""s1:47→1 / s2:1→0, 47→4 / s3:1→0, 47→0"""	"""s2:48→1 / s3:46→1"""
47	42	57	197	2	1	0	0	0	0	0	0	"""s1:47→1 / s2:1→0, 47→5 / s3:1→0, 47→0"""	"""s2:48→1 / s3:46→1"""
47	42	52	197	2	1	0	0	0	0	0	0	"""s1:47→1 / s2:1→0, 47→0 / s3:1→1, 47→1"""	"""s2:46→1 / s3:48→1"""
47	42	52	197	2	1	0	0	0	0	0	0	"""s1:47→1 / s2:1→0, 47→0 / s3:1→1, 47→2"""	"""s2:46→1 / s3:48→1"""
47	42	53	197	2	1	0	0	0	0	0	0	"""s1:47→1 / s2:1→0, 47→0 / s3:1→1, 47→3"""	"""s2:46→1 / s3:48→1"""
47	42	53	197	2	1	0	0	0	0	0	0	"""s1:47→1 / s2:1→0, 47→0 / s3:1→1, 47→4"""	"""s2:46→1 / s3:48→1"""
47	43	48	232	1	0	0	0	0	0	0	0	"""s1:1→0, 2→0, 45→0"""	"""s1:47→1"""
47	43	48	232	1	0	0	0	0	0	0	0	"""s1:1→0, 2→1, 45→0"""	"""s1:47→1"""
47	43	52	232	1	0	0	0	0	0	0	0	"""s1:1→0, 2→0, 45→1"""	"""s1:47→1"""
47	43	52	232	1	0	0	0	0	0	0	0	"""s1:1→0, 2→0, 45→2"""	"""s1:47→1"""
47	43	52	232	1	0	0	0	0	0	0	0	"""s1:1→0, 2→0, 45→3"""	"""s1:47→1"""
47	43	52	232	1	0	0	0	0	0	0	0	"""s1:1→0, 2→1, 45→3"""	"""s1:47→1"""
47	43	49	232	1	0	0	0	0	0	0	0	"""s1:1→1, 2→0, 45→0"""	"""s1:47→1"""
47	43	49	232	1	0	0	0	0	0	0	0	"""s1:1→1, 2→1, 45→0"""	"""s1:47→1"""
47	43	51	232	1	0	0	0	0	0	0	0	"""s1:1→0, 2→1, 45→1"""	"""s1:47→1"""
47	43	51	232	1	0	0	0	0	0	0	0	"""s1:1→0, 2→1, 45→2"""	"""s1:47→1"""
47	43	51	232	1	0	0	0	0	0	0	0	"""s1:1→1, 2→1, 45→3"""	"""s1:47→1"""
47	43	50	232	1	0	0	0	0	0	0	0	"""s1:1→1, 2→1, 45→1"""	"""s1:47→1"""
47	43	50	232	1	0	0	0	0	0	0	0	"""s1:1→1, 2→1, 45→2"""	"""s1:47→1"""
47	44	48	185	0	0	0	0	1	0	0	0	"""s1:47→1"""	""""""
47	44	48	211	0	0	0	1	0	0	0	0	"""s1:47→1"""	""""""
47	44	48	235	0	0	1	0	0	0	0	0	"""s1:47→1"""	""""""
47	44	49	254	0	1	0	0	0	0	0	0	"""s1:2→0, 47→2"""	"""s1:1→1"""
47	44	50	254	0	1	0	0	0	0	0	0	"""s1:2→0, 47→3"""	"""s1:1→1"""
47	44	48	255	0	1	0	0	0	0	0	0	"""s1:2→0, 47→1"""	""""""
47	44	48	255	0	1	0	0	0	0	0	0	"""s1:2→1, 47→1"""	""""""
47	44	48	255	0	1	0	0	0	0	0	0	"""s1:2→1, 47→2"""	""""""
47	44	53	255	0	1	0	0	0	0	0	0	"""s1:2→1, 47→0"""	""""""
47	44	55	255	0	1	0	0	0	0	0	0	"""s1:2→0, 47→2"""	""""""
47	44	55	255	0	1	0	0	0	0	0	0	"""s1:2→0, 47→3"""	""""""
47	44	56	255	0	1	0	0	0	0	0	0	"""s1:2→0, 47→4"""	""""""
47	44	56	255	0	1	0	0	0	0	0	0	"""s1:2→0, 47→5"""	""""""
47	44	49	255	0	1	0	0	0	0	0	0	"""s1:2→1, 47→3"""	""""""
47	44	49	255	0	1	0	0	0	0	0	0	"""s1:2→1, 47→4"""	""""""
47	44	48	254	0	1	0	0	0	0	0	0	"""s1:2→0, 47→0"""	"""s1:1→1"""
47	44	48	254	0	1	0	0	0	0	0	0	"""s1:2→0, 47→1"""	"""s1:1→1"""
47	44	57	177	0	1	0	0	1	0	0	0	"""s1:47→1 / s2:2→1"""	""""""
47	44	49	176	0	1	0	0	1	0	0	0	"""s1:47→1 / s2:2→0"""	"""s2:1→1"""
47	44	49	202	0	1	0	1	0	0	0	0	"""s1:47→1 / s2:2→0"""	"""s2:1→1"""
47	44	55	227	0	1	1	0	0	0	0	0	"""s1:47→1 / s2:2→0, 47→1"""	""""""
47	44	49	227	0	1	1	0	0	0	0	0	"""s1:47→1 / s2:2→1, 47→1"""	""""""
47	44	54	226	0	1	1	0	0	0	0	0	"""s1:47→1 / s2:2→0, 47→0"""	"""s2:1→1"""
47	44	53	247	0	2	0	0	0	0	0	0	"""s1:2→0, 47→1 / s2:2→0, 47→1"""	""""""
47	44	56	247	0	2	0	0	0	0	0	0	"""s1:2→0, 47→1 / s2:2→0, 47→2"""	""""""
47	44	56	247	0	2	0	0	0	0	0	0	"""s1:2→0, 47→1 / s2:2→0, 47→3"""	""""""
47	44	49	247	0	2	0	0	0	0	0	0	"""s1:2→0, 47→1 / s2:2→1, 47→1"""	""""""
47	44	49	247	0	2	0	0	0	0	0	0	"""s1:2→0, 47→1 / s2:2→1, 47→2"""	""""""
47	44	50	247	0	2	0	0	0	0	0	0	"""s1:2→0, 47→1 / s2:2→1, 47→3"""	""""""
47	44	49	246	0	2	0	0	0	0	0	0	"""s1:2→0, 47→1 / s2:2→0, 47→1"""	"""s2:1→1"""
47	44	56	239	0	3	0	0	0	0	0	0	"""s1:2→0, 47→1 / s2:2→0, 47→1 / s3:2→0, 47→1"""	""""""
47	44	54	254	1	1	0	0	0	0	0	0	"""s1:2→0, 47→1 / s2:2→0, 47→1"""	"""s2:48→1"""
47	44	55	254	1	1	0	0	0	0	0	0	"""s1:2→0, 47→1 / s2:2→0, 47→2"""	"""s2:48→1"""
47	44	49	254	1	1	0	0	0	0	0	0	"""s1:2→0, 47→1 / s2:2→1, 47→1"""	"""s2:48→1"""
47	44	49	254	1	1	0	0	0	0	0	0	"""s1:2→0, 47→1 / s2:2→1, 47→2"""	"""s2:48→1"""
47	44	49	254	1	1	0	0	0	0	0	0	"""s1:2→0, 47→1 / s2:2→2, 47→2"""	"""s2:48→1"""
47	44	49	254	1	1	0	0	0	0	0	0	"""s1:2→0, 47→1 / s2:2→2, 47→3"""	"""s2:48→1"""
47	44	49	254	1	1	0	0	0	0	0	0	"""s1:2→1, 47→1 / s2:47→1"""	"""s2:48→1"""
47	44	49	254	1	1	0	0	0	0	0	0	"""s1:2→1, 47→2 / s2:47→1"""	"""s2:48→1"""
47	44	56	254	1	1	0	0	0	0	0	0	"""s1:2→0, 47→1 / s2:2→0, 47→3"""	"""s2:48→1"""
47	44	56	254	1	1	0	0	0	0	0	0	"""s1:2→0, 47→1 / s2:2→0, 47→4"""	"""s2:48→1"""
47	44	56	254	1	1	0	0	0	0	0	0	"""s1:2→0, 47→1 / s2:2→0, 47→5"""	"""s2:48→1"""
47	44	56	254	1	1	0	0	0	0	0	0	"""s1:2→0, 47→2 / s2:2→0, 47→1"""	"""s2:48→1"""
47	44	50	254	1	1	0	0	0	0	0	0	"""s1:2→0, 47→1 / s2:2→1, 47→3"""	"""s2:48→1"""
47	44	51	254	1	1	0	0	0	0	0	0	"""s1:2→0, 47→1 / s2:2→1, 47→4"""	"""s2:48→1"""
47	44	56	246	1	2	0	0	0	0	0	0	"""s1:2→0, 47→1 / s2:2→0, 47→1 / s3:2→0, 47→1"""	"""s3:49→1"""
47	44	56	252	2	1	0	0	0	0	0	0	"""s1:2→0, 47→1 / s2:2→0, 47→1 / s3:2→0, 47→1"""	"""s2:48→1 / s3:48→1"""
47	44	56	252	2	1	0	0	0	0	0	0	"""s1:2→0, 47→1 / s2:2→0, 47→1 / s3:2→0, 47→2"""	"""s2:48→1 / s3:48→1"""
47	44	50	252	2	1	0	0	0	0	0	0	"""s1:2→0, 47→1 / s2:2→1, 47→1 / s3:2→1, 47→1"""	"""s2:48→1 / s3:48→1"""
47	44	50	252	2	1	0	0	0	0	0	0	"""s1:2→0, 47→1 / s2:2→1, 47→1 / s3:2→2, 47→2"""	"""s2:48→1 / s3:48→1"""
47	45	52	235	0	1	0	0	0	0	0	0	"""s1:2→1"""	""""""
47	45	48	234	0	1	0	0	0	0	0	0	"""s1:2→0"""	"""s1:47→1"""
47	45	48	234	0	1	0	0	0	0	0	0	"""s1:2→0"""	"""s1:1→1"""
47	45	49	234	0	1	0	0	0	0	0	0	"""s1:2→1"""	"""s1:47→1"""
47	45	49	232	0	1	0	0	0	0	0	0	"""s1:2→0"""	"""s1:47→1, 1→1"""
47	45	52	225	0	2	0	0	0	0	0	0	"""s1:2→0 / s2:2→0"""	"""s1:47→1 / s2:1→1"""
47	46	53	235	0	1	0	0	0	0	0	0	"""s1:2→1"""	""""""
47	46	48	234	0	1	0	0	0	0	0	0	"""s1:2→0"""	"""s1:1→1"""
47	48	48	132	0	0	0	0	0	0	1	0	"""s1:47→1"""	""""""
47	48	48	160	0	0	0	0	0	1	0	0	"""s1:47→1"""	""""""
47	48	48	187	0	0	0	0	1	0	0	0	"""s1:47→1"""	""""""
47	48	48	213	0	0	0	1	0	0	0	0	"""s1:47→1"""	""""""
47	48	48	237	0	0	1	0	0	0	0	0	"""s1:47→1"""	""""""
47	48	56	237	0	0	1	0	0	0	0	0	"""s1:47→2"""	""""""
47	48	48	257	0	1	0	0	0	0	0	0	"""s1:47→1"""	""""""
47	48	54	257	0	1	0	0	0	0	0	0	"""s1:47→2"""	""""""
47	48	56	257	0	1	0	0	0	0	0	0	"""s1:47→3"""	""""""
47	48	56	257	0	1	0	0	0	0	0	0	"""s1:47→4"""	""""""
47	48	56	257	0	1	0	0	0	0	0	0	"""s1:47→5"""	""""""
47	48	54	229	0	1	1	0	0	0	0	0	"""s1:47→1 / s2:47→1"""	""""""
47	48	54	249	0	2	0	0	0	0	0	0	"""s1:47→1 / s2:47→1"""	""""""
47	48	56	249	0	2	0	0	0	0	0	0	"""s1:47→1 / s2:47→2"""	""""""
47	48	56	249	0	2	0	0	0	0	0	0	"""s1:47→1 / s2:47→3"""	""""""
47	48	56	249	0	2	0	0	0	0	0	0	"""s1:47→1 / s2:47→4"""	""""""
47	48	56	249	0	2	0	0	0	0	0	0	"""s1:47→1 / s2:47→5"""	""""""
47	48	56	249	0	2	0	0	0	0	0	0	"""s1:47→2 / s2:47→2"""	""""""
47	48	56	241	0	3	0	0	0	0	0	0	"""s1:47→1 / s2:47→1 / s3:47→1"""	""""""
47	48	55	256	1	1	0	0	0	0	0	0	"""s1:47→1 / s2:47→1"""	"""s2:48→1"""
47	48	55	256	1	1	0	0	0	0	0	0	"""s1:47→1 / s2:47→2"""	"""s2:48→1"""
47	48	56	256	1	1	0	0	0	0	0	0	"""s1:47→1 / s2:47→3"""	"""s2:48→1"""
47	48	56	256	1	1	0	0	0	0	0	0	"""s1:47→1 / s2:47→4"""	"""s2:48→1"""
47	48	56	256	1	1	0	0	0	0	0	0	"""s1:47→1 / s2:47→5"""	"""s2:48→1"""
47	48	56	256	1	1	0	0	0	0	0	0	"""s1:47→2 / s2:47→1"""	"""s2:48→1"""
47	48	56	256	1	1	0	0	0	0	0	0	"""s1:47→2 / s2:47→2"""	"""s2:48→1"""
47	48	56	256	1	1	0	0	0	0	0	0	"""s1:47→2 / s2:47→3"""	"""s2:48→1"""
47	48	56	256	1	1	0	0	0	0	0	0	"""s1:47→2 / s2:47→4"""	"""s2:48→1"""
47	48	56	256	1	1	0	0	0	0	0	0	"""s1:47→2 / s2:47→5"""	"""s2:48→1"""
47	48	56	256	1	1	0	0	0	0	0	0	"""s1:47→3 / s2:47→1"""	"""s2:48→1"""
47	48	56	248	1	2	0	0	0	0	0	0	"""s1:47→1 / s2:47→1 / s3:47→1"""	"""s3:49→1"""
47	48	56	248	1	2	0	0	0	0	0	0	"""s1:47→1 / s2:47→1 / s3:47→2"""	"""s3:49→1"""
47	48	56	248	1	2	0	0	0	0	0	0	"""s1:47→1 / s2:47→1 / s3:47→3"""	"""s3:49→1"""
47	48	56	248	1	2	0	0	0	0	0	0	"""s1:47→1 / s2:47→1 / s3:47→4"""	"""s3:49→1"""
47	48	56	248	1	2	0	0	0	0	0	0	"""s1:47→1 / s2:47→1 / s3:47→5"""	"""s3:49→1"""
47	48	56	248	1	2	0	0	0	0	0	0	"""s1:47→1 / s2:47→2 / s3:47→1"""	"""s3:48→1"""
47	48	56	254	2	1	0	0	0	0	0	0	"""s1:47→1 / s2:47→1 / s3:47→1"""	"""s2:48→1 / s3:48→1"""
47	48	56	254	2	1	0	0	0	0	0	0	"""s1:47→1 / s2:47→1 / s3:47→2"""	"""s2:48→1 / s3:48→1"""
47	48	56	254	2	1	0	0	0	0	0	0	"""s1:47→1 / s2:47→1 / s3:47→3"""	"""s2:48→1 / s3:48→1"""
47	48	56	254	2	1	0	0	0	0	0	0	"""s1:47→1 / s2:47→1 / s3:47→4"""	"""s2:48→1 / s3:48→1"""
47	48	56	254	2	1	0	0	0	0	0	0	"""s1:47→1 / s2:47→1 / s3:47→5"""	"""s2:48→1 / s3:48→1"""
47	48	56	254	2	1	0	0	0	0	0	0	"""s1:47→1 / s2:47→2 / s3:47→2"""	"""s2:48→1 / s3:48→1"""
47	48	56	254	2	1	0	0	0	0	0	0	"""s1:47→1 / s2:47→2 / s3:47→3"""	"""s2:48→1 / s3:48→1"""
47	48	56	254	2	1	0	0	0	0	0	0	"""s1:47→1 / s2:47→2 / s3:47→4"""	"""s2:48→1 / s3:48→1"""
47	49	48	198	0	0	0	1	0	0	0	0	"""s1:47→1"""	""""""
47	49	48	222	0	0	1	0	0	0	0	0	"""s1:47→1"""	""""""
47	49	48	242	0	1	0	0	0	0	0	0	"""s1:2→0, 47→1"""	""""""
47	49	53	242	0	1	0	0	0	0	0	0	"""s1:2→1, 47→0"""	""""""
47	49	53	242	0	1	0	0	0	0	0	0	"""s1:2→2, 47→0"""	""""""
47	49	54	242	0	1	0	0	0	0	0	0	"""s1:2→0, 47→2"""	""""""
47	49	49	242	0	1	0	0	0	0	0	0	"""s1:2→1, 47→1"""	""""""
47	49	49	242	0	1	0	0	0	0	0	0	"""s1:2→1, 47→2"""	""""""
47	49	49	242	0	1	0	0	0	0	0	0	"""s1:2→1, 47→3"""	""""""
47	49	49	242	0	1	0	0	0	0	0	0	"""s1:2→1, 47→4"""	""""""
47	49	49	242	0	1	0	0	0	0	0	0	"""s1:2→2, 47→3"""	""""""
47	49	55	242	0	1	0	0	0	0	0	0	"""s1:2→0, 47→3"""	""""""
47	49	51	242	0	1	0	0	0	0	0	0	"""s1:2→2, 47→1"""	""""""
47	49	56	242	0	1	0	0	0	0	0	0	"""s1:2→0, 47→4"""	""""""
47	49	56	242	0	1	0	0	0	0	0	0	"""s1:2→0, 47→5"""	""""""
47	49	50	242	0	1	0	0	0	0	0	0	"""s1:2→2, 47→2"""	""""""
47	49	53	234	0	2	0	0	0	0	0	0	"""s1:2→0, 47→1 / s2:2→0, 47→1"""	""""""
47	49	56	234	0	2	0	0	0	0	0	0	"""s1:2→0, 47→1 / s2:2→0, 47→2"""	""""""
47	49	49	234	0	2	0	0	0	0	0	0	"""s1:2→0, 47→1 / s2:2→1, 47→2"""	""""""
47	49	48	248	1	0	0	0	0	0	0	0	"""s1:2→0, 47→0"""	"""s1:46→1"""
47	49	48	248	1	0	0	0	0	0	0	0	"""s1:2→1, 47→1"""	"""s1:46→1"""
47	49	48	248	1	0	0	0	0	0	0	0	"""s1:2→1, 47→2"""	"""s1:46→1"""
47	49	48	248	1	0	0	0	0	0	0	0	"""s1:2→2, 47→3"""	"""s1:46→1"""
47	49	52	248	1	0	0	0	0	0	0	0	"""s1:2→0, 47→1"""	"""s1:46→1"""
47	49	52	248	1	0	0	0	0	0	0	0	"""s1:2→4, 47→0"""	"""s1:46→1"""
47	49	52	248	1	0	0	0	0	0	0	0	"""s1:2→5, 47→0"""	"""s1:46→1"""
47	49	50	248	1	0	0	0	0	0	0	0	"""s1:2→1, 47→0"""	"""s1:46→1"""
47	49	50	248	1	0	0	0	0	0	0	0	"""s1:2→3, 47→1"""	"""s1:46→1"""
47	49	54	248	1	0	0	0	0	0	0	0	"""s1:2→0, 47→2"""	"""s1:46→1"""
47	49	54	248	1	0	0	0	0	0	0	0	"""s1:2→0, 47→3"""	"""s1:46→1"""
47	49	51	248	1	0	0	0	0	0	0	0	"""s1:2→2, 47→0"""	"""s1:46→1"""
47	49	51	248	1	0	0	0	0	0	0	0	"""s1:2→3, 47→0"""	"""s1:46→1"""
47	49	51	248	1	0	0	0	0	0	0	0	"""s1:2→4, 47→1"""	"""s1:46→1"""
47	49	49	248	1	0	0	0	0	0	0	0	"""s1:2→2, 47→1"""	"""s1:46→1"""
47	49	49	248	1	0	0	0	0	0	0	0	"""s1:2→1, 47→3"""	"""s1:46→1"""
47	49	49	248	1	0	0	0	0	0	0	0	"""s1:2→2, 47→2"""	"""s1:46→1"""
47	49	49	248	1	0	0	0	0	0	0	0	"""s1:2→1, 47→4"""	"""s1:46→1"""
47	49	49	248	1	0	0	0	0	0	0	0	"""s1:2→3, 47→2"""	"""s1:46→1"""
47	49	55	248	1	0	0	0	0	0	0	0	"""s1:2→0, 47→4"""	"""s1:46→1"""
47	49	55	248	1	0	0	0	0	0	0	0	"""s1:2→0, 47→5"""	"""s1:46→1"""
47	49	48	249	1	0	0	0	0	0	0	0	"""s1:2→0, 47→0"""	"""s1:1→1"""
47	49	48	249	1	0	0	0	0	0	0	0	"""s1:2→0, 47→1"""	"""s1:1→1"""
47	49	48	249	1	0	0	0	0	0	0	0	"""s1:2→1, 47→3"""	"""s1:1→1"""
47	49	53	249	1	0	0	0	0	0	0	0	"""s1:2→1, 47→0"""	"""s1:1→1"""
47	49	53	249	1	0	0	0	0	0	0	0	"""s1:2→2, 47→0"""	"""s1:1→1"""
47	49	53	249	1	0	0	0	0	0	0	0	"""s1:2→3, 47→0"""	"""s1:1→1"""
47	49	53	249	1	0	0	0	0	0	0	0	"""s1:2→4, 47→0"""	"""s1:1→1"""
47	49	53	249	1	0	0	0	0	0	0	0	"""s1:2→5, 47→0"""	"""s1:1→1"""
47	49	49	249	1	0	0	0	0	0	0	0	"""s1:2→0, 47→2"""	"""s1:1→1"""
47	49	49	249	1	0	0	0	0	0	0	0	"""s1:2→1, 47→2"""	"""s1:1→1"""
47	49	49	249	1	0	0	0	0	0	0	0	"""s1:2→1, 47→4"""	"""s1:1→1"""
47	49	49	249	1	0	0	0	0	0	0	0	"""s1:2→2, 47→3"""	"""s1:1→1"""
47	49	50	249	1	0	0	0	0	0	0	0	"""s1:2→1, 47→1"""	"""s1:1→1"""
47	49	50	249	1	0	0	0	0	0	0	0	"""s1:2→0, 47→3"""	"""s1:1→1"""
47	49	50	249	1	0	0	0	0	0	0	0	"""s1:2→2, 47→2"""	"""s1:1→1"""
47	49	50	249	1	0	0	0	0	0	0	0	"""s1:2→3, 47→2"""	"""s1:1→1"""
47	49	51	249	1	0	0	0	0	0	0	0	"""s1:2→2, 47→1"""	"""s1:1→1"""
47	49	51	249	1	0	0	0	0	0	0	0	"""s1:2→0, 47→4"""	"""s1:1→1"""
47	49	51	249	1	0	0	0	0	0	0	0	"""s1:2→3, 47→1"""	"""s1:1→1"""
47	49	52	249	1	0	0	0	0	0	0	0	"""s1:2→0, 47→5"""	"""s1:1→1"""
47	49	52	249	1	0	0	0	0	0	0	0	"""s1:2→4, 47→1"""	"""s1:1→1"""
47	49	49	197	1	0	0	1	0	0	0	0	"""s1:47→1 / s2:2→0"""	"""s2:1→1"""
47	49	53	220	1	0	1	0	0	0	0	0	"""s1:47→1 / s2:2→0, 47→0"""	"""s2:46→1"""
47	49	50	220	1	0	1	0	0	0	0	0	"""s1:47→1 / s2:2→1, 47→0"""	"""s2:46→1"""
47	49	50	221	1	0	1	0	0	0	0	0	"""s1:47→1 / s2:2→0, 47→0"""	"""s2:1→1"""
47	49	50	221	1	0	1	0	0	0	0	0	"""s1:47→1 / s2:2→0, 47→1"""	"""s2:1→1"""
47	49	50	221	1	0	1	0	0	0	0	0	"""s1:47→1 / s2:2→1, 47→1"""	"""s2:1→1"""
47	49	52	240	1	1	0	0	0	0	0	0	"""s1:2→0, 47→1 / s2:2→0, 47→0"""	"""s2:46→1"""
47	49	54	240	1	1	0	0	0	0	0	0	"""s1:2→0, 47→1 / s2:2→0, 47→1"""	"""s2:46→1"""
47	49	54	240	1	1	0	0	0	0	0	0	"""s1:2→0, 47→2 / s2:2→0, 47→0"""	"""s2:46→1"""
47	49	55	240	1	1	0	0	0	0	0	0	"""s1:2→0, 47→1 / s2:2→0, 47→2"""	"""s2:46→1"""
47	49	55	240	1	1	0	0	0	0	0	0	"""s1:2→0, 47→1 / s2:2→0, 47→3"""	"""s2:46→1"""
47	49	55	240	1	1	0	0	0	0	0	0	"""s1:2→0, 47→1 / s2:2→0, 47→4"""	"""s2:46→1"""
47	49	55	240	1	1	0	0	0	0	0	0	"""s1:2→0, 47→1 / s2:2→0, 47→5"""	"""s2:46→1"""
47	49	55	240	1	1	0	0	0	0	0	0	"""s1:2→0, 47→2 / s2:2→0, 47→1"""	"""s2:46→1"""
47	49	49	240	1	1	0	0	0	0	0	0	"""s1:2→0, 47→1 / s2:2→1, 47→1"""	"""s2:46→1"""
47	49	49	240	1	1	0	0	0	0	0	0	"""s1:2→0, 47→1 / s2:2→1, 47→2"""	"""s2:46→1"""
47	49	49	240	1	1	0	0	0	0	0	0	"""s1:2→0, 47→1 / s2:2→2, 47→2"""	"""s2:46→1"""
47	49	49	240	1	1	0	0	0	0	0	0	"""s1:2→0, 47→1 / s2:2→2, 47→3"""	"""s2:46→1"""
47	49	49	240	1	1	0	0	0	0	0	0	"""s1:2→1, 47→2 / s2:2→0, 47→0"""	"""s2:46→1"""
47	49	49	240	1	1	0	0	0	0	0	0	"""s1:2→1, 47→2 / s2:2→1, 47→1"""	"""s2:46→1"""
47	49	49	240	1	1	0	0	0	0	0	0	"""s1:2→1, 47→3 / s2:2→0, 47→0"""	"""s2:46→1"""
47	49	50	240	1	1	0	0	0	0	0	0	"""s1:2→0, 47→1 / s2:2→1, 47→3"""	"""s2:46→1"""
47	49	50	240	1	1	0	0	0	0	0	0	"""s1:2→0, 47→1 / s2:2→1, 47→4"""	"""s2:46→1"""
47	49	50	240	1	1	0	0	0	0	0	0	"""s1:2→1, 47→1 / s2:2→1, 47→0"""	"""s2:46→1"""
47	49	50	240	1	1	0	0	0	0	0	0	"""s1:2→1, 47→1 / s2:2→1, 47→1"""	"""s2:46→1"""
47	49	55	241	1	1	0	0	0	0	0	0	"""s1:2→0, 47→1 / s2:2→0, 47→1"""	"""s2:48→1"""
47	49	55	241	1	1	0	0	0	0	0	0	"""s1:2→0, 47→2 / s2:2→0, 47→3"""	"""s2:1→1"""
47	49	55	241	1	1	0	0	0	0	0	0	"""s1:2→0, 47→2 / s2:2→0, 47→4"""	"""s2:1→1"""
47	49	56	241	1	1	0	0	0	0	0	0	"""s1:2→0, 47→1 / s2:2→0, 47→2"""	"""s2:48→1"""
47	49	56	241	1	1	0	0	0	0	0	0	"""s1:2→0, 47→1 / s2:2→0, 47→3"""	"""s2:48→1"""
47	49	56	241	1	1	0	0	0	0	0	0	"""s1:2→0, 47→1 / s2:2→0, 47→4"""	"""s2:48→1"""
47	49	56	241	1	1	0	0	0	0	0	0	"""s1:2→0, 47→1 / s2:2→0, 47→5"""	"""s2:48→1"""
47	49	49	241	1	1	0	0	0	0	0	0	"""s1:2→0, 47→1 / s2:2→1, 47→1"""	"""s2:48→1"""
47	49	49	241	1	1	0	0	0	0	0	0	"""s1:2→0, 47→1 / s2:2→1, 47→2"""	"""s2:48→1"""
47	49	49	241	1	1	0	0	0	0	0	0	"""s1:2→0, 47→1 / s2:2→2, 47→3"""	"""s2:48→1"""
47	49	49	241	1	1	0	0	0	0	0	0	"""s1:2→0, 47→1 / s2:2→0, 47→1"""	"""s2:1→1"""
47	49	49	241	1	1	0	0	0	0	0	0	"""s1:2→0, 47→1 / s2:2→1, 47→2"""	"""s2:1→1"""
47	49	49	241	1	1	0	0	0	0	0	0	"""s1:2→0, 47→1 / s2:2→1, 47→3"""	"""s2:1→1"""
47	49	49	241	1	1	0	0	0	0	0	0	"""s1:2→0, 47→1 / s2:2→2, 47→3"""	"""s2:1→1"""
47	49	49	241	1	1	0	0	0	0	0	0	"""s1:2→1, 47→2 / s2:2→0, 47→0"""	"""s2:1→1"""
47	49	49	241	1	1	0	0	0	0	0	0	"""s1:2→1, 47→2 / s2:2→0, 47→1"""	"""s2:1→1"""
47	49	49	241	1	1	0	0	0	0	0	0	"""s1:2→1, 47→3 / s2:2→0, 47→0"""	"""s2:1→1"""
47	49	49	241	1	1	0	0	0	0	0	0	"""s1:2→1, 47→3 / s2:2→0, 47→1"""	"""s2:1→1"""
47	49	50	241	1	1	0	0	0	0	0	0	"""s1:2→0, 47→1 / s2:2→1, 47→3"""	"""s2:48→1"""
47	49	50	241	1	1	0	0	0	0	0	0	"""s1:2→0, 47→1 / s2:2→2, 47→2"""	"""s2:48→1"""
47	49	50	241	1	1	0	0	0	0	0	0	"""s1:2→0, 47→1 / s2:2→1, 47→4"""	"""s2:48→1"""
47	49	50	241	1	1	0	0	0	0	0	0	"""s1:2→0, 47→1 / s2:2→1, 47→4"""	"""s2:1→1"""
47	49	50	241	1	1	0	0	0	0	0	0	"""s1:2→1, 47→1 / s2:2→0, 47→0"""	"""s2:1→1"""
47	49	50	241	1	1	0	0	0	0	0	0	"""s1:2→1, 47→1 / s2:2→0, 47→1"""	"""s2:1→1"""
47	49	51	241	1	1	0	0	0	0	0	0	"""s1:2→0, 47→1 / s2:2→0, 47→2"""	"""s2:1→1"""
47	49	52	241	1	1	0	0	0	0	0	0	"""s1:2→0, 47→1 / s2:2→0, 47→3"""	"""s2:1→1"""
47	49	53	241	1	1	0	0	0	0	0	0	"""s1:2→0, 47→1 / s2:2→0, 47→4"""	"""s2:1→1"""
47	49	53	241	1	1	0	0	0	0	0	0	"""s1:2→0, 47→1 / s2:2→0, 47→5"""	"""s2:1→1"""
47	49	53	241	1	1	0	0	0	0	0	0	"""s1:2→1, 47→0 / s2:2→0, 47→0"""	"""s2:1→1"""
47	49	56	240	1	1	0	0	0	0	0	0	"""s1:2→1, 47→0 / s2:2→1, 47→0"""	"""s2:46→1"""
47	49	56	240	1	1	0	0	0	0	0	0	"""s1:2→0, 47→3 / s2:2→0, 47→0"""	"""s2:46→1"""
47	49	58	241	1	1	0	0	0	0	0	0	"""s1:2→0, 47→2 / s2:2→0, 47→2"""	"""s2:1→1"""
47	49	54	232	1	2	0	0	0	0	0	0	"""s1:2→0, 47→1 / s2:2→0, 47→1 / s3:2→0, 47→0"""	"""s3:46→1"""
47	49	56	233	1	2	0	0	0	0	0	0	"""s1:2→0, 47→1 / s2:2→0, 47→1 / s3:2→0, 47→1"""	"""s3:1→1"""
47	49	49	247	2	0	0	0	0	0	0	0	"""s1:2→0, 47→0 / s2:2→0, 47→1"""	"""s1:46→1 / s2:1→1"""
47	49	49	247	2	0	0	0	0	0	0	0	"""s1:2→0, 47→0 / s2:2→1, 47→3"""	"""s1:46→1 / s2:1→1"""
47	49	49	247	2	0	0	0	0	0	0	0	"""s1:2→0, 47→0 / s2:2→1, 47→4"""	"""s1:46→1 / s2:1→1"""
47	49	49	247	2	0	0	0	0	0	0	0	"""s1:2→1, 47→1 / s2:2→0, 47→0"""	"""s1:46→1 / s2:1→1"""
47	49	49	247	2	0	0	0	0	0	0	0	"""s1:2→1, 47→1 / s2:2→0, 47→1"""	"""s1:46→1 / s2:1→1"""
47	49	49	247	2	0	0	0	0	0	0	0	"""s1:2→1, 47→1 / s2:2→1, 47→2"""	"""s1:46→1 / s2:1→1"""
47	49	49	247	2	0	0	0	0	0	0	0	"""s1:2→1, 47→1 / s2:2→1, 47→3"""	"""s1:46→1 / s2:1→1"""
47	49	49	247	2	0	0	0	0	0	0	0	"""s1:2→1, 47→2 / s2:2→0, 47→0"""	"""s1:46→1 / s2:1→1"""
47	49	49	247	2	0	0	0	0	0	0	0	"""s1:2→1, 47→2 / s2:2→0, 47→1"""	"""s1:46→1 / s2:1→1"""
47	49	49	247	2	0	0	0	0	0	0	0	"""s1:2→1, 47→2 / s2:2→1, 47→3"""	"""s1:46→1 / s2:1→1"""
47	49	49	247	2	0	0	0	0	0	0	0	"""s1:2→1, 47→2 / s2:2→1, 47→4"""	"""s1:46→1 / s2:1→1"""
47	49	49	247	2	0	0	0	0	0	0	0	"""s1:2→1, 47→3 / s2:2→0, 47→1"""	"""s1:46→1 / s2:1→1"""
47	49	49	247	2	0	0	0	0	0	0	0	"""s1:2→1, 47→3 / s2:2→0, 47→2"""	"""s1:46→1 / s2:1→1"""
47	49	49	247	2	0	0	0	0	0	0	0	"""s1:2→1, 47→3 / s2:2→1, 47→4"""	"""s1:46→1 / s2:1→1"""
47	49	49	247	2	0	0	0	0	0	0	0	"""s1:2→2, 47→2 / s2:2→0, 47→0"""	"""s1:46→1 / s2:1→1"""
47	49	49	247	2	0	0	0	0	0	0	0	"""s1:2→2, 47→2 / s2:2→0, 47→1"""	"""s1:46→1 / s2:1→1"""
47	49	49	247	2	0	0	0	0	0	0	0	"""s1:2→1, 47→4 / s2:2→0, 47→1"""	"""s1:46→1 / s2:1→1"""
47	49	49	247	2	0	0	0	0	0	0	0	"""s1:2→1, 47→4 / s2:2→0, 47→2"""	"""s1:46→1 / s2:1→1"""
47	49	49	247	2	0	0	0	0	0	0	0	"""s1:2→2, 47→3 / s2:2→0, 47→0"""	"""s1:46→1 / s2:1→1"""
47	49	49	247	2	0	0	0	0	0	0	0	"""s1:2→2, 47→3 / s2:2→0, 47→1"""	"""s1:46→1 / s2:1→1"""
47	49	49	247	2	0	0	0	0	0	0	0	"""s1:2→0, 47→0 / s2:2→0, 47→1"""	"""s1:1→1 / s2:1→1"""
47	49	49	247	2	0	0	0	0	0	0	0	"""s1:2→0, 47→0 / s2:2→1, 47→2"""	"""s1:1→1 / s2:1→1"""
47	49	49	247	2	0	0	0	0	0	0	0	"""s1:2→0, 47→0 / s2:2→1, 47→3"""	"""s1:1→1 / s2:1→1"""
47	49	49	247	2	0	0	0	0	0	0	0	"""s1:2→0, 47→0 / s2:2→1, 47→4"""	"""s1:1→1 / s2:1→1"""
47	49	49	247	2	0	0	0	0	0	0	0	"""s1:2→0, 47→1 / s2:2→0, 47→1"""	"""s1:1→1 / s2:1→1"""
47	49	49	247	2	0	0	0	0	0	0	0	"""s1:2→0, 47→1 / s2:2→0, 47→2"""	"""s1:1→1 / s2:1→1"""
47	49	49	247	2	0	0	0	0	0	0	0	"""s1:2→0, 47→1 / s2:2→1, 47→2"""	"""s1:1→1 / s2:1→1"""
47	49	49	247	2	0	0	0	0	0	0	0	"""s1:2→0, 47→1 / s2:2→1, 47→3"""	"""s1:1→1 / s2:1→1"""
47	49	49	247	2	0	0	0	0	0	0	0	"""s1:2→0, 47→1 / s2:2→1, 47→4"""	"""s1:1→1 / s2:1→1"""
47	49	49	247	2	0	0	0	0	0	0	0	"""s1:2→0, 47→1 / s2:2→2, 47→3"""	"""s1:1→1 / s2:1→1"""
47	49	49	247	2	0	0	0	0	0	0	0	"""s1:2→0, 47→2 / s2:2→1, 47→4"""	"""s1:1→1 / s2:1→1"""
47	49	50	247	2	0	0	0	0	0	0	0	"""s1:2→0, 47→0 / s2:2→0, 47→2"""	"""s1:46→1 / s2:1→1"""
47	49	50	247	2	0	0	0	0	0	0	0	"""s1:2→1, 47→0 / s2:2→0, 47→0"""	"""s1:46→1 / s2:1→1"""
47	49	50	247	2	0	0	0	0	0	0	0	"""s1:2→1, 47→0 / s2:2→1, 47→1"""	"""s1:46→1 / s2:1→1"""
47	49	50	247	2	0	0	0	0	0	0	0	"""s1:2→2, 47→1 / s2:2→0, 47→0"""	"""s1:46→1 / s2:1→1"""
47	49	50	247	2	0	0	0	0	0	0	0	"""s1:2→3, 47→2 / s2:2→0, 47→0"""	"""s1:46→1 / s2:1→1"""
47	49	50	247	2	0	0	0	0	0	0	0	"""s1:2→0, 47→0 / s2:2→1, 47→1"""	"""s1:1→1 / s2:1→1"""
47	49	50	247	2	0	0	0	0	0	0	0	"""s1:2→0, 47→0 / s2:2→2, 47→2"""	"""s1:1→1 / s2:1→1"""
47	49	50	247	2	0	0	0	0	0	0	0	"""s1:2→0, 47→0 / s2:2→2, 47→3"""	"""s1:1→1 / s2:1→1"""
47	49	50	247	2	0	0	0	0	0	0	0	"""s1:2→0, 47→2 / s2:2→0, 47→2"""	"""s1:1→1 / s2:1→1"""
47	49	50	247	2	0	0	0	0	0	0	0	"""s1:2→0, 47→2 / s2:2→0, 47→3"""	"""s1:1→1 / s2:1→1"""
47	49	51	247	2	0	0	0	0	0	0	0	"""s1:2→0, 47→0 / s2:2→0, 47→3"""	"""s1:46→1 / s2:1→1"""
47	49	51	247	2	0	0	0	0	0	0	0	"""s1:2→0, 47→0 / s2:2→0, 47→4"""	"""s1:46→1 / s2:1→1"""
47	49	51	247	2	0	0	0	0	0	0	0	"""s1:2→1, 47→0 / s2:2→1, 47→2"""	"""s1:46→1 / s2:1→1"""
47	49	51	247	2	0	0	0	0	0	0	0	"""s1:2→2, 47→0 / s2:2→0, 47→0"""	"""s1:46→1 / s2:1→1"""
47	49	51	247	2	0	0	0	0	0	0	0	"""s1:2→3, 47→1 / s2:2→0, 47→0"""	"""s1:46→1 / s2:1→1"""
47	49	51	247	2	0	0	0	0	0	0	0	"""s1:2→4, 47→1 / s2:2→0, 47→0"""	"""s1:46→1 / s2:1→1"""
47	49	51	247	2	0	0	0	0	0	0	0	"""s1:2→0, 47→0 / s2:2→0, 47→0"""	"""s1:1→1 / s2:1→1"""
47	49	51	247	2	0	0	0	0	0	0	0	"""s1:2→0, 47→0 / s2:2→2, 47→1"""	"""s1:1→1 / s2:1→1"""
47	49	51	247	2	0	0	0	0	0	0	0	"""s1:2→0, 47→3 / s2:2→0, 47→3"""	"""s1:1→1 / s2:1→1"""
47	49	51	247	2	0	0	0	0	0	0	0	"""s1:2→0, 47→3 / s2:2→0, 47→4"""	"""s1:1→1 / s2:1→1"""
47	49	51	247	2	0	0	0	0	0	0	0	"""s1:2→0, 47→4 / s2:2→0, 47→4"""	"""s1:1→1 / s2:1→1"""
47	49	52	247	2	0	0	0	0	0	0	0	"""s1:2→0, 47→0 / s2:2→0, 47→5"""	"""s1:46→1 / s2:1→1"""
47	49	52	247	2	0	0	0	0	0	0	0	"""s1:2→3, 47→0 / s2:2→0, 47→0"""	"""s1:46→1 / s2:1→1"""
47	49	52	247	2	0	0	0	0	0	0	0	"""s1:2→4, 47→0 / s2:2→0, 47→0"""	"""s1:46→1 / s2:1→1"""
47	49	52	247	2	0	0	0	0	0	0	0	"""s1:2→5, 47→0 / s2:2→0, 47→0"""	"""s1:46→1 / s2:1→1"""
47	49	52	247	2	0	0	0	0	0	0	0	"""s1:2→0, 47→1 / s2:2→0, 47→3"""	"""s1:1→1 / s2:1→1"""
47	49	52	247	2	0	0	0	0	0	0	0	"""s1:2→0, 47→2 / s2:2→0, 47→4"""	"""s1:1→1 / s2:1→1"""
47	49	52	247	2	0	0	0	0	0	0	0	"""s1:2→0, 47→3 / s2:2→0, 47→5"""	"""s1:1→1 / s2:1→1"""
47	49	52	247	2	0	0	0	0	0	0	0	"""s1:2→0, 47→4 / s2:2→0, 47→5"""	"""s1:1→1 / s2:1→1"""
47	49	52	247	2	0	0	0	0	0	0	0	"""s1:2→0, 47→5 / s2:2→0, 47→5"""	"""s1:1→1 / s2:1→1"""
47	49	56	247	2	0	0	0	0	0	0	0	"""s1:2→0, 47→1 / s2:2→0, 47→2"""	"""s1:46→1 / s2:1→1"""
47	49	56	247	2	0	0	0	0	0	0	0	"""s1:2→3, 47→2 / s2:2→0, 47→1"""	"""s1:46→1 / s2:1→1"""
47	49	56	247	2	0	0	0	0	0	0	0	"""s1:2→0, 47→1 / s2:2→1, 47→1"""	"""s1:1→1 / s2:1→1"""
47	49	56	247	2	0	0	0	0	0	0	0	"""s1:2→0, 47→1 / s2:2→2, 47→2"""	"""s1:1→1 / s2:1→1"""
47	49	53	247	2	0	0	0	0	0	0	0	"""s1:2→0, 47→1 / s2:2→0, 47→3"""	"""s1:46→1 / s2:1→1"""
47	49	53	247	2	0	0	0	0	0	0	0	"""s1:2→0, 47→1 / s2:2→0, 47→4"""	"""s1:46→1 / s2:1→1"""
47	49	53	247	2	0	0	0	0	0	0	0	"""s1:2→0, 47→1 / s2:2→0, 47→5"""	"""s1:46→1 / s2:1→1"""
47	49	53	247	2	0	0	0	0	0	0	0	"""s1:2→0, 47→0 / s2:2→1, 47→0"""	"""s1:1→1 / s2:1→1"""
47	49	53	247	2	0	0	0	0	0	0	0	"""s1:2→0, 47→0 / s2:2→2, 47→0"""	"""s1:1→1 / s2:1→1"""
47	49	76	247	2	0	0	0	0	0	0	0	"""s1:2→0, 47→2 / s2:2→0, 47→3"""	"""s1:46→1 / s2:1→1"""
47	49	57	247	2	0	0	0	0	0	0	0	"""s1:2→0, 47→2 / s2:2→0, 47→4"""	"""s1:46→1 / s2:1→1"""
47	49	55	247	2	0	0	0	0	0	0	0	"""s1:2→0, 47→2 / s2:2→0, 47→5"""	"""s1:46→1 / s2:1→1"""
47	49	55	247	2	0	0	0	0	0	0	0	"""s1:2→0, 47→2 / s2:2→0, 47→5"""	"""s1:1→1 / s2:1→1"""
47	49	63	247	2	0	0	0	0	0	0	0	"""s1:2→0, 47→3 / s2:2→0, 47→5"""	"""s1:46→1 / s2:1→1"""
47	49	64	247	2	0	0	0	0	0	0	0	"""s1:2→2, 47→1 / s2:2→0, 47→1"""	"""s1:46→1 / s2:1→1"""
47	49	72	247	2	0	0	0	0	0	0	0	"""s1:2→0, 47→1 / s2:2→0, 47→4"""	"""s1:1→1 / s2:1→1"""
47	49	52	239	2	1	0	0	0	0	0	0	"""s1:2→0, 47→1 / s2:2→0, 47→0 / s3:2→0, 47→1"""	"""s2:46→1 / s3:1→1"""
47	49	52	239	2	1	0	0	0	0	0	0	"""s1:2→0, 47→1 / s2:2→0, 47→0 / s3:2→0, 47→2"""	"""s2:46→1 / s3:1→1"""
47	49	52	239	2	1	0	0	0	0	0	0	"""s1:2→0, 47→1 / s2:2→0, 47→0 / s3:2→0, 47→3"""	"""s2:46→1 / s3:1→1"""
47	49	53	239	2	1	0	0	0	0	0	0	"""s1:2→0, 47→1 / s2:2→0, 47→0 / s3:2→0, 47→4"""	"""s2:46→1 / s3:1→1"""
47	49	53	239	2	1	0	0	0	0	0	0	"""s1:2→0, 47→1 / s2:2→0, 47→0 / s3:2→0, 47→5"""	"""s2:46→1 / s3:1→1"""
47	49	60	239	2	1	0	0	0	0	0	0	"""s1:2→0, 47→1 / s2:2→0, 47→0 / s3:2→1, 47→4"""	"""s2:46→1 / s3:1→1"""
47	49	64	239	2	1	0	0	0	0	0	0	"""s1:2→0, 47→1 / s2:2→0, 47→1 / s3:2→0, 47→2"""	"""s2:46→1 / s3:1→1"""
47	49	50	239	2	1	0	0	0	0	0	0	"""s1:2→0, 47→1 / s2:2→1, 47→1 / s3:2→0, 47→1"""	"""s2:46→1 / s3:1→1"""
47	49	50	239	2	1	0	0	0	0	0	0	"""s1:2→0, 47→1 / s2:2→1, 47→1 / s3:2→1, 47→2"""	"""s2:46→1 / s3:1→1"""
47	49	50	239	2	1	0	0	0	0	0	0	"""s1:2→0, 47→1 / s2:2→1, 47→2 / s3:2→0, 47→1"""	"""s2:46→1 / s3:1→1"""
47	49	50	239	2	1	0	0	0	0	0	0	"""s1:2→0, 47→1 / s2:2→0, 47→1 / s3:2→0, 47→1"""	"""s2:1→1 / s3:1→1"""
47	49	50	239	2	1	0	0	0	0	0	0	"""s1:2→0, 47→1 / s2:2→0, 47→1 / s3:2→1, 47→3"""	"""s2:1→1 / s3:1→1"""
47	49	50	239	2	1	0	0	0	0	0	0	"""s1:2→0, 47→1 / s2:2→0, 47→1 / s3:2→1, 47→4"""	"""s2:1→1 / s3:1→1"""
47	49	50	239	2	1	0	0	0	0	0	0	"""s1:2→1, 47→2 / s2:2→0, 47→0 / s3:2→0, 47→1"""	"""s2:46→1 / s3:1→1"""
47	49	54	239	2	1	0	0	0	0	0	0	"""s1:2→0, 47→1 / s2:2→0, 47→1 / s3:2→0, 47→0"""	"""s2:48→1 / s3:46→1"""
47	49	56	239	2	1	0	0	0	0	0	0	"""s1:2→0, 47→1 / s2:2→0, 47→2 / s3:2→0"""	"""s2:48→1 / s3:46→1"""
47	49	51	239	2	1	0	0	0	0	0	0	"""s1:2→0, 47→1 / s2:2→0, 47→1 / s3:2→0, 47→2"""	"""s2:1→1 / s3:1→1"""
47	49	51	239	2	1	0	0	0	0	0	0	"""s1:2→0, 47→1 / s2:2→0, 47→2 / s3:2→0, 47→2"""	"""s2:1→1 / s3:1→1"""
47	49	57	239	2	1	0	0	0	0	0	0	"""s1:2→0, 47→1 / s2:2→0, 47→1 / s3:2→0, 47→3"""	"""s2:1→1 / s3:1→1"""
47	49	53	237	3	1	0	0	0	0	0	0	"""s1:2→0, 47→1 / s2:2→0, 47→0 / s3:2→0, 47→1 / s4:2→0, 47→1"""	"""s2:46→1 / s3:1→1 / s4:1→1"""
47	49	53	237	3	1	0	0	0	0	0	0	"""s1:2→0, 47→1 / s2:2→0, 47→0 / s3:2→0, 47→1 / s4:2→0, 47→2"""	"""s2:46→1 / s3:1→1 / s4:1→1"""
47	50	52	154	1	0	0	0	0	0	0	0	"""s1:∅"""	"""s1:3→1"""
47	51	48	132	0	0	0	0	0	0	1	0	"""s1:1→1"""	""""""
47	51	48	160	0	0	0	0	0	1	0	0	"""s1:1→1"""	""""""
47	51	48	187	0	0	0	0	1	0	0	0	"""s1:1→1"""	""""""
47	51	48	213	0	0	0	1	0	0	0	0	"""s1:1→1"""	""""""
47	51	48	237	0	0	1	0	0	0	0	0	"""s1:1→1"""	""""""
47	51	55	237	0	0	1	0	0	0	0	0	"""s1:1→2"""	""""""
47	51	48	257	0	1	0	0	0	0	0	0	"""s1:1→1"""	""""""
47	51	55	257	0	1	0	0	0	0	0	0	"""s1:1→2"""	""""""
47	51	56	257	0	1	0	0	0	0	0	0	"""s1:1→3"""	""""""
47	51	56	257	0	1	0	0	0	0	0	0	"""s1:1→4"""	""""""
47	51	56	257	0	1	0	0	0	0	0	0	"""s1:1→5"""	""""""
47	51	55	229	0	1	1	0	0	0	0	0	"""s1:1→1 / s2:1→1"""	""""""
47	51	54	249	0	2	0	0	0	0	0	0	"""s1:1→1 / s2:1→1"""	""""""
47	51	56	249	0	2	0	0	0	0	0	0	"""s1:1→1 / s2:1→2"""	""""""
47	51	56	249	0	2	0	0	0	0	0	0	"""s1:1→1 / s2:1→3"""	""""""
47	51	56	249	0	2	0	0	0	0	0	0	"""s1:1→1 / s2:1→4"""	""""""
47	51	56	249	0	2	0	0	0	0	0	0	"""s1:1→1 / s2:1→5"""	""""""
47	51	56	249	0	2	0	0	0	0	0	0	"""s1:1→2 / s2:1→2"""	""""""
47	51	55	241	0	3	0	0	0	0	0	0	"""s1:1→1 / s2:1→1 / s3:1→1"""	""""""
47	51	54	256	1	1	0	0	0	0	0	0	"""s1:1→1 / s2:1→1"""	"""s2:48→1"""
47	51	56	256	1	1	0	0	0	0	0	0	"""s1:1→1 / s2:1→2"""	"""s2:48→1"""
47	51	56	256	1	1	0	0	0	0	0	0	"""s1:1→1 / s2:1→3"""	"""s2:48→1"""
47	51	56	256	1	1	0	0	0	0	0	0	"""s1:1→1 / s2:1→4"""	"""s2:48→1"""
47	51	56	256	1	1	0	0	0	0	0	0	"""s1:1→1 / s2:1→5"""	"""s2:48→1"""
47	51	56	256	1	1	0	0	0	0	0	0	"""s1:1→2 / s2:1→1"""	"""s2:48→1"""
47	51	56	256	1	1	0	0	0	0	0	0	"""s1:1→2 / s2:1→2"""	"""s2:48→1"""
47	51	56	256	1	1	0	0	0	0	0	0	"""s1:1→2 / s2:1→3"""	"""s2:48→1"""
47	51	56	256	1	1	0	0	0	0	0	0	"""s1:1→2 / s2:1→4"""	"""s2:48→1"""
47	51	56	256	1	1	0	0	0	0	0	0	"""s1:1→2 / s2:1→5"""	"""s2:48→1"""
47	51	56	256	1	1	0	0	0	0	0	0	"""s1:1→3 / s2:1→1"""	"""s2:48→1"""
47	51	56	248	1	2	0	0	0	0	0	0	"""s1:1→1 / s2:1→1 / s3:1→1"""	"""s3:49→1"""
47	51	56	248	1	2	0	0	0	0	0	0	"""s1:1→1 / s2:1→1 / s3:1→2"""	"""s3:49→1"""
47	51	56	248	1	2	0	0	0	0	0	0	"""s1:1→1 / s2:1→1 / s3:1→3"""	"""s3:49→1"""
47	51	56	248	1	2	0	0	0	0	0	0	"""s1:1→1 / s2:1→1 / s3:1→4"""	"""s3:49→1"""
47	51	56	248	1	2	0	0	0	0	0	0	"""s1:1→1 / s2:1→1 / s3:1→5"""	"""s3:49→1"""
47	51	56	248	1	2	0	0	0	0	0	0	"""s1:1→1 / s2:1→2 / s3:1→1"""	"""s3:48→1"""
47	51	56	254	2	1	0	0	0	0	0	0	"""s1:1→1 / s2:1→1 / s3:1→1"""	"""s2:48→1 / s3:48→1"""
47	51	56	254	2	1	0	0	0	0	0	0	"""s1:1→1 / s2:1→1 / s3:1→2"""	"""s2:48→1 / s3:48→1"""
47	51	56	254	2	1	0	0	0	0	0	0	"""s1:1→1 / s2:1→1 / s3:1→3"""	"""s2:48→1 / s3:48→1"""
47	51	56	254	2	1	0	0	0	0	0	0	"""s1:1→1 / s2:1→1 / s3:1→4"""	"""s2:48→1 / s3:48→1"""
47	51	56	254	2	1	0	0	0	0	0	0	"""s1:1→1 / s2:1→1 / s3:1→5"""	"""s2:48→1 / s3:48→1"""
47	51	56	254	2	1	0	0	0	0	0	0	"""s1:1→1 / s2:1→2 / s3:1→2"""	"""s2:48→1 / s3:48→1"""
47	51	56	254	2	1	0	0	0	0	0	0	"""s1:1→1 / s2:1→2 / s3:1→3"""	"""s2:48→1 / s3:48→1"""
47	51	56	254	2	1	0	0	0	0	0	0	"""s1:1→1 / s2:1→2 / s3:1→4"""	"""s2:48→1 / s3:48→1"""
47	52	48	176	0	0	0	0	1	0	0	0	"""s1:1→1"""	""""""
47	52	48	202	0	0	0	1	0	0	0	0	"""s1:1→1"""	""""""
47	52	48	226	0	0	1	0	0	0	0	0	"""s1:1→1"""	""""""
47	52	48	246	0	1	0	0	0	0	0	0	"""s1:1→1"""	""""""
47	52	55	246	0	1	0	0	0	0	0	0	"""s1:1→2"""	""""""
47	52	55	246	0	1	0	0	0	0	0	0	"""s1:1→3"""	""""""
47	52	56	246	0	1	0	0	0	0	0	0	"""s1:1→4"""	""""""
47	52	56	246	0	1	0	0	0	0	0	0	"""s1:1→5"""	""""""
47	52	55	218	0	1	1	0	0	0	0	0	"""s1:1→1 / s2:1→1"""	""""""
47	52	53	238	0	2	0	0	0	0	0	0	"""s1:1→1 / s2:1→1"""	""""""
47	52	56	238	0	2	0	0	0	0	0	0	"""s1:1→1 / s2:1→2"""	""""""
47	52	56	238	0	2	0	0	0	0	0	0	"""s1:1→1 / s2:1→3"""	""""""
47	52	55	230	0	3	0	0	0	0	0	0	"""s1:1→1 / s2:1→1 / s3:1→1"""	""""""
47	52	48	252	1	0	0	0	0	0	0	0	"""s1:1→0, 45→0"""	"""s1:47→1"""
47	52	48	252	1	0	0	0	0	0	0	0	"""s1:1→1, 45→0"""	"""s1:47→1"""
47	52	48	252	1	0	0	0	0	0	0	0	"""s1:1→3, 45→1"""	"""s1:47→1"""
47	52	48	252	1	0	0	0	0	0	0	0	"""s1:1→4, 45→1"""	"""s1:47→1"""
47	52	52	252	1	0	0	0	0	0	0	0	"""s1:1→0, 45→1"""	"""s1:47→1"""
47	52	52	252	1	0	0	0	0	0	0	0	"""s1:1→0, 45→2"""	"""s1:47→1"""
47	52	52	252	1	0	0	0	0	0	0	0	"""s1:1→0, 45→3"""	"""s1:47→1"""
47	52	52	252	1	0	0	0	0	0	0	0	"""s1:1→5, 45→0"""	"""s1:47→1"""
47	52	50	252	1	0	0	0	0	0	0	0	"""s1:1→1, 45→1"""	"""s1:47→1"""
47	52	50	252	1	0	0	0	0	0	0	0	"""s1:1→2, 45→2"""	"""s1:47→1"""
47	52	49	252	1	0	0	0	0	0	0	0	"""s1:1→2, 45→0"""	"""s1:47→1"""
47	52	49	252	1	0	0	0	0	0	0	0	"""s1:1→2, 45→1"""	"""s1:47→1"""
47	52	49	252	1	0	0	0	0	0	0	0	"""s1:1→3, 45→2"""	"""s1:47→1"""
47	52	51	252	1	0	0	0	0	0	0	0	"""s1:1→1, 45→2"""	"""s1:47→1"""
47	52	51	252	1	0	0	0	0	0	0	0	"""s1:1→3, 45→0"""	"""s1:47→1"""
47	52	51	252	1	0	0	0	0	0	0	0	"""s1:1→1, 45→3"""	"""s1:47→1"""
47	52	51	252	1	0	0	0	0	0	0	0	"""s1:1→4, 45→0"""	"""s1:47→1"""
47	52	51	252	1	0	0	0	0	0	0	0	"""s1:1→2, 45→3"""	"""s1:47→1"""
47	52	50	174	1	0	0	0	1	0	0	0	"""s1:1→1 / s2:45→0"""	"""s2:47→1"""
47	52	54	174	1	0	0	0	1	0	0	0	"""s1:1→1 / s2:45→1"""	"""s2:47→1"""
47	52	54	174	1	0	0	0	1	0	0	0	"""s1:1→1 / s2:45→2"""	"""s2:47→1"""
47	52	54	174	1	0	0	0	1	0	0	0	"""s1:1→1 / s2:45→3"""	"""s2:47→1"""
47	52	49	200	1	0	0	1	0	0	0	0	"""s1:1→1 / s2:45→0"""	"""s2:47→1"""
47	52	52	224	1	0	1	0	0	0	0	0	"""s1:1→1 / s2:1→0, 45→0"""	"""s2:47→1"""
47	52	52	224	1	0	1	0	0	0	0	0	"""s1:1→1 / s2:1→2, 45→0"""	"""s2:47→1"""
47	52	51	224	1	0	1	0	0	0	0	0	"""s1:1→1 / s2:1→1, 45→0"""	"""s2:47→1"""
47	52	49	224	1	0	1	0	0	0	0	0	"""s1:1→1 / s2:1→2, 45→1"""	"""s2:47→1"""
47	52	49	224	1	0	1	0	0	0	0	0	"""s1:1→1 / s2:1→3, 45→2"""	"""s2:47→1"""
47	52	53	224	1	0	1	0	0	0	0	0	"""s1:1→1 / s2:1→3, 45→0"""	"""s2:47→1"""
47	52	50	224	1	0	1	0	0	0	0	0	"""s1:1→1 / s2:1→3, 45→1"""	"""s2:47→1"""
47	52	50	224	1	0	1	0	0	0	0	0	"""s1:1→1 / s2:1→4, 45→1"""	"""s2:47→1"""
47	52	54	224	1	0	1	0	0	0	0	0	"""s1:1→1 / s2:1→4, 45→0"""	"""s2:47→1"""
47	52	50	244	1	1	0	0	0	0	0	0	"""s1:1→1 / s2:1→1, 45→0"""	"""s2:47→1"""
47	52	51	244	1	1	0	0	0	0	0	0	"""s1:1→1 / s2:1→2, 45→0"""	"""s2:47→1"""
47	52	52	244	1	1	0	0	0	0	0	0	"""s1:1→1 / s2:1→3, 45→0"""	"""s2:47→1"""
47	52	49	244	1	1	0	0	0	0	0	0	"""s1:1→1 / s2:1→3, 45→1"""	"""s2:47→1"""
47	52	49	244	1	1	0	0	0	0	0	0	"""s1:1→1 / s2:1→4, 45→1"""	"""s2:47→1"""
47	52	53	244	1	1	0	0	0	0	0	0	"""s1:1→1 / s2:1→4, 45→0"""	"""s2:47→1"""
47	52	53	244	1	1	0	0	0	0	0	0	"""s1:1→1 / s2:1→5, 45→0"""	"""s2:47→1"""
47	52	54	245	1	1	0	0	0	0	0	0	"""s1:1→1 / s2:1→1, 45→0"""	"""s2:48→1"""
47	52	55	245	1	1	0	0	0	0	0	0	"""s1:1→1 / s2:1→2, 45→0"""	"""s2:48→1"""
47	52	49	245	1	1	0	0	0	0	0	0	"""s1:1→1 / s2:1→2, 45→1"""	"""s2:48→1"""
47	52	49	245	1	1	0	0	0	0	0	0	"""s1:1→1 / s2:1→3, 45→1"""	"""s2:48→1"""
47	52	49	245	1	1	0	0	0	0	0	0	"""s1:1→1 / s2:1→4, 45→1"""	"""s2:48→1"""
47	52	56	245	1	1	0	0	0	0	0	0	"""s1:1→1 / s2:1→3, 45→0"""	"""s2:48→1"""
47	52	56	245	1	1	0	0	0	0	0	0	"""s1:1→1 / s2:1→4, 45→0"""	"""s2:48→1"""
47	52	56	245	1	1	0	0	0	0	0	0	"""s1:1→1 / s2:1→5, 45→0"""	"""s2:48→1"""
47	52	56	245	1	1	0	0	0	0	0	0	"""s1:1→2 / s2:1→1, 45→0"""	"""s2:48→1"""
47	52	58	244	1	1	0	0	0	0	0	0	"""s1:1→2 / s2:1→2, 45→0"""	"""s2:47→1"""
47	52	55	244	1	1	0	0	0	0	0	0	"""s1:1→2 / s2:1→3, 45→0"""	"""s2:47→1"""
47	52	55	244	1	1	0	0	0	0	0	0	"""s1:1→2 / s2:1→4, 45→0"""	"""s2:47→1"""
47	52	55	244	1	1	0	0	0	0	0	0	"""s1:1→2 / s2:1→5, 45→0"""	"""s2:47→1"""
47	52	72	244	1	1	0	0	0	0	0	0	"""s1:1→3 / s2:1→3, 45→0"""	"""s2:47→1"""
47	52	60	244	1	1	0	0	0	0	0	0	"""s1:1→3 / s2:1→4, 45→0"""	"""s2:47→1"""
47	52	55	236	1	2	0	0	0	0	0	0	"""s1:1→1 / s2:1→1 / s3:1→1, 45→0"""	"""s3:47→1"""
47	52	53	236	1	2	0	0	0	0	0	0	"""s1:1→1 / s2:1→1 / s3:1→2, 45→0"""	"""s3:47→1"""
47	52	54	236	1	2	0	0	0	0	0	0	"""s1:1→1 / s2:1→1 / s3:1→3, 45→0"""	"""s3:47→1"""
47	52	54	236	1	2	0	0	0	0	0	0	"""s1:1→1 / s2:1→1 / s3:1→4, 45→0"""	"""s3:47→1"""
47	52	56	237	1	2	0	0	0	0	0	0	"""s1:1→1 / s2:1→1 / s3:1→1, 45→0"""	"""s3:49→1"""
47	52	50	243	2	1	0	0	0	0	0	0	"""s1:1→1 / s2:1→1, 45→0 / s3:1→3, 45→1"""	"""s2:47→1 / s3:48→1"""
47	52	50	243	2	1	0	0	0	0	0	0	"""s1:1→1 / s2:1→1, 45→0 / s3:1→4, 45→1"""	"""s2:47→1 / s3:48→1"""
47	52	56	243	2	1	0	0	0	0	0	0	"""s1:1→1 / s2:1→1, 45→0 / s3:1→1, 45→0"""	"""s2:48→1 / s3:48→1"""
47	52	56	243	2	1	0	0	0	0	0	0	"""s1:1→1 / s2:1→1, 45→0 / s3:1→2, 45→0"""	"""s2:48→1 / s3:48→1"""
47	52	58	243	2	1	0	0	0	0	0	0	"""s1:1→1 / s2:1→1, 45→0 / s3:1→2, 45→0"""	"""s2:48→1 / s3:47→1"""
47	52	55	243	2	1	0	0	0	0	0	0	"""s1:1→1 / s2:1→1, 45→0 / s3:1→3, 45→0"""	"""s2:48→1 / s3:47→1"""
47	52	55	243	2	1	0	0	0	0	0	0	"""s1:1→1 / s2:1→1, 45→0 / s3:1→4, 45→0"""	"""s2:48→1 / s3:47→1"""
47	52	54	243	2	1	0	0	0	0	0	0	"""s1:1→1 / s2:1→1, 45→0 / s3:1→5, 45→0"""	"""s2:48→1 / s3:47→1"""
47	53	48	197	0	0	0	1	0	0	0	0	"""s1:1→1"""	""""""
47	53	48	221	0	0	1	0	0	0	0	0	"""s1:1→1"""	""""""
47	53	53	241	0	1	0	0	0	0	0	0	"""s1:1→0, 45→1"""	""""""
47	53	48	241	0	1	0	0	0	0	0	0	"""s1:1→1, 45→0"""	""""""
47	53	50	241	0	1	0	0	0	0	0	0	"""s1:1→1, 45→1"""	""""""
47	53	54	241	0	1	0	0	0	0	0	0	"""s1:1→2, 45→0"""	""""""
47	53	49	241	0	1	0	0	0	0	0	0	"""s1:1→2, 45→1"""	""""""
47	53	49	241	0	1	0	0	0	0	0	0	"""s1:1→3, 45→1"""	""""""
47	53	49	241	0	1	0	0	0	0	0	0	"""s1:1→4, 45→1"""	""""""
47	53	55	241	0	1	0	0	0	0	0	0	"""s1:1→3, 45→0"""	""""""
47	53	56	241	0	1	0	0	0	0	0	0	"""s1:1→4, 45→0"""	""""""
47	53	56	241	0	1	0	0	0	0	0	0	"""s1:1→5, 45→0"""	""""""
47	53	53	233	0	2	0	0	0	0	0	0	"""s1:1→1, 45→0 / s2:1→1, 45→0"""	""""""
47	53	56	233	0	2	0	0	0	0	0	0	"""s1:1→1, 45→0 / s2:1→2, 45→0"""	""""""
47	53	49	233	0	2	0	0	0	0	0	0	"""s1:1→1, 45→0 / s2:1→2, 45→1"""	""""""
47	53	52	247	1	0	0	0	0	0	0	0	"""s1:1→0, 45→0"""	"""s1:46→1"""
47	53	52	247	1	0	0	0	0	0	0	0	"""s1:1→0, 45→1"""	"""s1:46→1"""
47	53	52	247	1	0	0	0	0	0	0	0	"""s1:1→0, 45→2"""	"""s1:46→1"""
47	53	52	247	1	0	0	0	0	0	0	0	"""s1:1→1, 45→0"""	"""s1:2→1"""
47	53	52	247	1	0	0	0	0	0	0	0	"""s1:1→0, 45→4"""	"""s1:2→1"""
47	53	52	247	1	0	0	0	0	0	0	0	"""s1:1→0, 45→5"""	"""s1:2→1"""
47	53	48	247	1	0	0	0	0	0	0	0	"""s1:1→1, 45→0"""	"""s1:46→1"""
47	53	48	247	1	0	0	0	0	0	0	0	"""s1:1→0, 45→0"""	"""s1:2→1"""
47	53	48	247	1	0	0	0	0	0	0	0	"""s1:1→3, 45→1"""	"""s1:2→1"""
47	53	48	247	1	0	0	0	0	0	0	0	"""s1:1→4, 45→1"""	"""s1:2→1"""
47	53	50	247	1	0	0	0	0	0	0	0	"""s1:1→1, 45→1"""	"""s1:46→1"""
47	53	50	247	1	0	0	0	0	0	0	0	"""s1:1→2, 45→2"""	"""s1:46→1"""
47	53	50	247	1	0	0	0	0	0	0	0	"""s1:1→4, 45→0"""	"""s1:46→1"""
47	53	50	247	1	0	0	0	0	0	0	0	"""s1:1→3, 45→2"""	"""s1:46→1"""
47	53	50	247	1	0	0	0	0	0	0	0	"""s1:1→5, 45→0"""	"""s1:46→1"""
47	53	50	247	1	0	0	0	0	0	0	0	"""s1:1→0, 45→1"""	"""s1:2→1"""
47	53	50	247	1	0	0	0	0	0	0	0	"""s1:1→1, 45→2"""	"""s1:2→1"""
47	53	50	247	1	0	0	0	0	0	0	0	"""s1:1→2, 45→3"""	"""s1:2→1"""
47	53	49	247	1	0	0	0	0	0	0	0	"""s1:1→2, 45→0"""	"""s1:46→1"""
47	53	49	247	1	0	0	0	0	0	0	0	"""s1:1→2, 45→1"""	"""s1:46→1"""
47	53	49	247	1	0	0	0	0	0	0	0	"""s1:1→3, 45→0"""	"""s1:46→1"""
47	53	49	247	1	0	0	0	0	0	0	0	"""s1:1→3, 45→1"""	"""s1:46→1"""
47	53	49	247	1	0	0	0	0	0	0	0	"""s1:1→4, 45→1"""	"""s1:46→1"""
47	53	49	247	1	0	0	0	0	0	0	0	"""s1:1→1, 45→1"""	"""s1:2→1"""
47	53	49	247	1	0	0	0	0	0	0	0	"""s1:1→2, 45→1"""	"""s1:2→1"""
47	53	49	247	1	0	0	0	0	0	0	0	"""s1:1→2, 45→2"""	"""s1:2→1"""
47	53	49	247	1	0	0	0	0	0	0	0	"""s1:1→3, 45→2"""	"""s1:2→1"""
47	53	51	247	1	0	0	0	0	0	0	0	"""s1:1→1, 45→2"""	"""s1:46→1"""
47	53	51	247	1	0	0	0	0	0	0	0	"""s1:1→0, 45→2"""	"""s1:2→1"""
47	53	51	247	1	0	0	0	0	0	0	0	"""s1:1→0, 45→3"""	"""s1:2→1"""
47	53	51	247	1	0	0	0	0	0	0	0	"""s1:1→1, 45→3"""	"""s1:2→1"""
47	53	51	247	1	0	0	0	0	0	0	0	"""s1:1→1, 45→4"""	"""s1:2→1"""
47	53	54	247	1	0	0	0	0	0	0	0	"""s1:1→2, 45→0"""	"""s1:2→1"""
47	53	54	247	1	0	0	0	0	0	0	0	"""s1:1→3, 45→0"""	"""s1:2→1"""
47	53	55	247	1	0	0	0	0	0	0	0	"""s1:1→4, 45→0"""	"""s1:2→1"""
47	53	55	247	1	0	0	0	0	0	0	0	"""s1:1→5, 45→0"""	"""s1:2→1"""
47	53	50	219	1	0	1	0	0	0	0	0	"""s1:1→1 / s2:1→1, 45→0"""	"""s2:46→1"""
47	53	53	219	1	0	1	0	0	0	0	0	"""s1:1→1 / s2:1→0, 45→0"""	"""s2:2→1"""
47	53	49	239	1	1	0	0	0	0	0	0	"""s1:1→1, 45→0 / s2:1→1, 45→0"""	"""s2:46→1"""
47	53	49	239	1	1	0	0	0	0	0	0	"""s1:1→1, 45→0 / s2:1→3, 45→1"""	"""s2:46→1"""
47	53	49	239	1	1	0	0	0	0	0	0	"""s1:1→1, 45→0 / s2:1→4, 45→1"""	"""s2:46→1"""
47	53	49	239	1	1	0	0	0	0	0	0	"""s1:1→1, 45→0 / s2:1→2, 45→1"""	"""s2:2→1"""
47	53	49	239	1	1	0	0	0	0	0	0	"""s1:1→1, 45→0 / s2:1→3, 45→1"""	"""s2:2→1"""
47	53	49	239	1	1	0	0	0	0	0	0	"""s1:1→1, 45→0 / s2:1→3, 45→2"""	"""s2:2→1"""
47	53	49	239	1	1	0	0	0	0	0	0	"""s1:1→3, 45→1 / s2:1→0"""	"""s2:2→1"""
47	53	50	239	1	1	0	0	0	0	0	0	"""s1:1→1, 45→0 / s2:1→2, 45→0"""	"""s2:46→1"""
47	53	50	239	1	1	0	0	0	0	0	0	"""s1:1→1, 45→0 / s2:1→1, 45→1"""	"""s2:2→1"""
47	53	50	239	1	1	0	0	0	0	0	0	"""s1:1→1, 45→0 / s2:1→4, 45→1"""	"""s2:2→1"""
47	53	51	239	1	1	0	0	0	0	0	0	"""s1:1→1, 45→0 / s2:1→3, 45→0"""	"""s2:46→1"""
47	53	51	239	1	1	0	0	0	0	0	0	"""s1:1→1, 45→0 / s2:1→4, 45→0"""	"""s2:46→1"""
47	53	52	239	1	1	0	0	0	0	0	0	"""s1:1→1, 45→0 / s2:1→5, 45→0"""	"""s2:46→1"""
47	53	52	239	1	1	0	0	0	0	0	0	"""s1:1→1, 45→0 / s2:1→0, 45→0"""	"""s2:2→1"""
47	53	54	239	1	1	0	0	0	0	0	0	"""s1:1→1, 45→0 / s2:1→1, 45→0"""	"""s2:2→1"""
47	53	54	239	1	1	0	0	0	0	0	0	"""s1:1→1, 45→0 / s2:1→2, 45→0"""	"""s2:2→1"""
47	53	54	239	1	1	0	0	0	0	0	0	"""s1:1→2, 45→0 / s2:1→0, 45→0"""	"""s2:2→1"""
47	53	55	239	1	1	0	0	0	0	0	0	"""s1:1→1, 45→0 / s2:1→3, 45→0"""	"""s2:2→1"""
47	53	55	239	1	1	0	0	0	0	0	0	"""s1:1→1, 45→0 / s2:1→4, 45→0"""	"""s2:2→1"""
47	53	55	239	1	1	0	0	0	0	0	0	"""s1:1→1, 45→0 / s2:1→5, 45→0"""	"""s2:2→1"""
47	53	55	239	1	1	0	0	0	0	0	0	"""s1:1→2, 45→0 / s2:1→1, 45→0"""	"""s2:2→1"""
47	53	55	240	1	1	0	0	0	0	0	0	"""s1:1→1, 45→0 / s2:1→1, 45→0"""	"""s2:48→1"""
47	53	56	240	1	1	0	0	0	0	0	0	"""s1:1→1, 45→0 / s2:1→2, 45→0"""	"""s2:48→1"""
47	53	56	240	1	1	0	0	0	0	0	0	"""s1:1→1, 45→0 / s2:1→3, 45→0"""	"""s2:48→1"""
47	53	56	240	1	1	0	0	0	0	0	0	"""s1:1→1, 45→0 / s2:1→4, 45→0"""	"""s2:48→1"""
47	53	56	240	1	1	0	0	0	0	0	0	"""s1:1→1, 45→0 / s2:1→5, 45→0"""	"""s2:48→1"""
47	53	49	240	1	1	0	0	0	0	0	0	"""s1:1→1, 45→0 / s2:1→2, 45→1"""	"""s2:48→1"""
47	53	49	240	1	1	0	0	0	0	0	0	"""s1:1→1, 45→0 / s2:1→3, 45→1"""	"""s2:48→1"""
47	53	50	240	1	1	0	0	0	0	0	0	"""s1:1→1, 45→0 / s2:1→4, 45→1"""	"""s2:48→1"""
47	53	60	239	1	1	0	0	0	0	0	0	"""s1:1→2, 45→0 / s2:1→4, 45→0"""	"""s2:46→1"""
47	53	56	239	1	1	0	0	0	0	0	0	"""s1:1→3, 45→0 / s2:1→0, 45→0"""	"""s2:2→1"""
47	53	54	231	1	2	0	0	0	0	0	0	"""s1:1→1, 45→0 / s2:1→1, 45→0 / s3:1→0, 45→0"""	"""s3:2→1"""
47	53	51	245	2	0	0	0	0	0	0	0	"""s1:1→0, 45→0 / s2:1→0, 45→1"""	"""s1:46→1 / s2:2→1"""
47	53	52	245	2	0	0	0	0	0	0	0	"""s1:1→0, 45→0 / s2:1→0, 45→2"""	"""s1:46→1 / s2:2→1"""
47	53	52	245	2	0	0	0	0	0	0	0	"""s1:1→0, 45→0 / s2:1→1, 45→2"""	"""s1:46→1 / s2:2→1"""
47	53	52	245	2	0	0	0	0	0	0	0	"""s1:1→0, 45→0 / s2:1→2, 45→2"""	"""s1:46→1 / s2:2→1"""
47	53	57	245	2	0	0	0	0	0	0	0	"""s1:1→0, 45→0 / s2:1→1, 45→1"""	"""s1:46→1 / s2:2→1"""
47	53	133	245	2	0	0	0	0	0	0	0	"""s1:1→0, 45→0 / s2:1→3, 45→2"""	"""s1:46→1 / s2:2→1"""
47	53	49	245	2	0	0	0	0	0	0	0	"""s1:1→1, 45→0 / s2:1→1, 45→1"""	"""s1:46→1 / s2:2→1"""
47	53	49	245	2	0	0	0	0	0	0	0	"""s1:1→1, 45→0 / s2:1→2, 45→1"""	"""s1:46→1 / s2:2→1"""
47	53	49	245	2	0	0	0	0	0	0	0	"""s1:1→1, 45→0 / s2:1→2, 45→2"""	"""s1:46→1 / s2:2→1"""
47	53	49	245	2	0	0	0	0	0	0	0	"""s1:1→1, 45→0 / s2:1→3, 45→1"""	"""s1:46→1 / s2:2→1"""
47	53	49	245	2	0	0	0	0	0	0	0	"""s1:1→1, 45→0 / s2:1→3, 45→2"""	"""s1:46→1 / s2:2→1"""
47	53	49	245	2	0	0	0	0	0	0	0	"""s1:1→1, 45→0 / s2:1→4, 45→1"""	"""s1:46→1 / s2:2→1"""
47	53	49	245	2	0	0	0	0	0	0	0	"""s1:1→2, 45→0 / s2:1→3, 45→1"""	"""s1:46→1 / s2:2→1"""
47	53	49	245	2	0	0	0	0	0	0	0	"""s1:1→2, 45→0 / s2:1→4, 45→1"""	"""s1:46→1 / s2:2→1"""
47	53	49	245	2	0	0	0	0	0	0	0	"""s1:1→0, 45→0 / s2:1→1, 45→0"""	"""s1:2→1 / s2:46→1"""
47	53	49	245	2	0	0	0	0	0	0	0	"""s1:1→0, 45→0 / s2:1→2, 45→0"""	"""s1:2→1 / s2:46→1"""
47	53	49	245	2	0	0	0	0	0	0	0	"""s1:1→0, 45→0 / s2:1→3, 45→0"""	"""s1:2→1 / s2:46→1"""
47	53	49	245	2	0	0	0	0	0	0	0	"""s1:1→0, 45→0 / s2:1→4, 45→1"""	"""s1:2→1 / s2:46→1"""
47	53	73	245	2	0	0	0	0	0	0	0	"""s1:1→1, 45→0 / s2:1→1, 45→2"""	"""s1:46→1 / s2:2→1"""
47	53	50	245	2	0	0	0	0	0	0	0	"""s1:1→2, 45→0 / s2:1→2, 45→1"""	"""s1:46→1 / s2:2→1"""
47	53	50	245	2	0	0	0	0	0	0	0	"""s1:1→0, 45→0 / s2:1→4, 45→0"""	"""s1:2→1 / s2:46→1"""
47	53	50	245	2	0	0	0	0	0	0	0	"""s1:1→0, 45→0 / s2:1→5, 45→0"""	"""s1:2→1 / s2:46→1"""
47	53	68	245	2	0	0	0	0	0	0	0	"""s1:1→1, 45→0 / s2:1→4, 45→0"""	"""s1:2→1 / s2:46→1"""
47	53	54	245	2	0	0	0	0	0	0	0	"""s1:1→1, 45→0 / s2:1→5, 45→0"""	"""s1:2→1 / s2:46→1"""
47	53	50	237	2	1	0	0	0	0	0	0	"""s1:1→1, 45→0 / s2:1→1, 45→0 / s3:1→2, 45→1"""	"""s2:46→1 / s3:2→1"""
47	53	53	237	2	1	0	0	0	0	0	0	"""s1:1→1, 45→0 / s2:1→0, 45→0 / s3:1→2, 45→0"""	"""s2:2→1 / s3:46→1"""
47	53	51	237	2	1	0	0	0	0	0	0	"""s1:1→1, 45→0 / s2:1→0, 45→0 / s3:1→3, 45→0"""	"""s2:2→1 / s3:46→1"""
47	53	52	237	2	1	0	0	0	0	0	0	"""s1:1→1, 45→0 / s2:1→0, 45→0 / s3:1→4, 45→0"""	"""s2:2→1 / s3:46→1"""
47	53	52	237	2	1	0	0	0	0	0	0	"""s1:1→1, 45→0 / s2:1→0, 45→0 / s3:1→5, 45→0"""	"""s2:2→1 / s3:46→1"""
47	53	55	238	2	1	0	0	0	0	0	0	"""s1:1→1, 45→0 / s2:1→0, 45→0 / s3:1→1, 45→0"""	"""s2:2→1 / s3:48→1"""
47	53	56	238	2	1	0	0	0	0	0	0	"""s1:1→1, 45→0 / s2:1→0, 45→0 / s3:1→2, 45→0"""	"""s2:2→1 / s3:48→1"""
47	54	48	232	1	0	0	0	0	0	0	0	"""s1:1→0, 3→0, 45→0"""	"""s1:47→1"""
47	54	48	232	1	0	0	0	0	0	0	0	"""s1:1→1, 3→0, 45→0"""	"""s1:47→1"""
47	54	52	232	1	0	0	0	0	0	0	0	"""s1:1→0, 3→0, 45→1"""	"""s1:47→1"""
47	54	52	232	1	0	0	0	0	0	0	0	"""s1:1→0, 3→0, 45→2"""	"""s1:47→1"""
47	54	52	232	1	0	0	0	0	0	0	0	"""s1:1→0, 3→0, 45→3"""	"""s1:47→1"""
47	54	52	232	1	0	0	0	0	0	0	0	"""s1:1→1, 3→0, 45→3"""	"""s1:47→1"""
47	54	51	232	1	0	0	0	0	0	0	0	"""s1:1→0, 3→1, 45→0"""	"""s1:47→1"""
47	54	51	232	1	0	0	0	0	0	0	0	"""s1:1→1, 3→0, 45→1"""	"""s1:47→1"""
47	54	51	232	1	0	0	0	0	0	0	0	"""s1:1→1, 3→1, 45→0"""	"""s1:47→1"""
47	54	51	232	1	0	0	0	0	0	0	0	"""s1:1→1, 3→0, 45→2"""	"""s1:47→1"""
47	54	49	232	1	0	0	0	0	0	0	0	"""s1:1→0, 3→1, 45→1"""	"""s1:47→1"""
47	54	49	232	1	0	0	0	0	0	0	0	"""s1:1→0, 3→1, 45→2"""	"""s1:47→1"""
47	54	49	232	1	0	0	0	0	0	0	0	"""s1:1→1, 3→1, 45→1"""	"""s1:47→1"""
47	54	49	232	1	0	0	0	0	0	0	0	"""s1:1→1, 3→1, 45→2"""	"""s1:47→1"""
47	54	49	232	1	0	0	0	0	0	0	0	"""s1:1→1, 3→1, 45→3"""	"""s1:47→1"""
47	54	50	232	1	0	0	0	0	0	0	0	"""s1:1→0, 3→1, 45→3"""	"""s1:47→1"""
47	55	48	225	0	1	0	0	0	0	0	0	"""s1:∅"""	"""s1:1→1"""
47	55	48	232	1	0	0	0	0	0	0	0	"""s1:2→0, 45→0"""	"""s1:47→1"""
47	55	52	232	1	0	0	0	0	0	0	0	"""s1:2→0, 45→1"""	"""s1:47→1"""
47	55	52	232	1	0	0	0	0	0	0	0	"""s1:2→0, 45→2"""	"""s1:47→1"""
47	55	52	232	1	0	0	0	0	0	0	0	"""s1:2→0, 45→3"""	"""s1:47→1"""
47	55	49	232	1	0	0	0	0	0	0	0	"""s1:2→1, 45→0"""	"""s1:47→1"""
47	55	50	232	1	0	0	0	0	0	0	0	"""s1:2→1, 45→1"""	"""s1:47→1"""
47	55	50	232	1	0	0	0	0	0	0	0	"""s1:2→1, 45→2"""	"""s1:47→1"""
47	55	51	232	1	0	0	0	0	0	0	0	"""s1:2→1, 45→3"""	"""s1:47→1"""
47	55	49	223	1	1	0	0	0	0	0	0	"""s1:∅ / s2:45→0"""	"""s1:1→1 / s2:47→1"""
47	56	48	211	0	0	1	0	0	0	0	0	"""s1:47→1"""	""""""
47	56	48	231	0	1	0	0	0	0	0	0	"""s1:47→1"""	""""""
47	56	54	231	0	1	0	0	0	0	0	0	"""s1:47→2"""	""""""
47	56	55	231	0	1	0	0	0	0	0	0	"""s1:47→3"""	""""""
47	56	54	223	0	2	0	0	0	0	0	0	"""s1:47→1 / s2:47→1"""	""""""
47	56	54	230	1	1	0	0	0	0	0	0	"""s1:47→1 / s2:1→0, 2→0, 4→0, 45→0, 47→1"""	"""s2:48→1"""
47	56	53	230	1	1	0	0	0	0	0	0	"""s1:47→1 / s2:1→0, 2→0, 4→0, 45→1, 47→0"""	"""s2:48→1"""
47	56	53	230	1	1	0	0	0	0	0	0	"""s1:47→1 / s2:1→0, 2→0, 4→0, 45→1, 47→1"""	"""s2:48→1"""
47	56	49	230	1	1	0	0	0	0	0	0	"""s1:47→1 / s2:1→0, 2→1, 4→0, 45→0, 47→0"""	"""s2:48→1"""
47	56	49	230	1	1	0	0	0	0	0	0	"""s1:47→1 / s2:1→0, 2→0, 4→1, 45→1, 47→0"""	"""s2:48→1"""
47	56	49	230	1	1	0	0	0	0	0	0	"""s1:47→1 / s2:1→0, 2→0, 4→1, 45→1, 47→1"""	"""s2:48→1"""
47	56	49	230	1	1	0	0	0	0	0	0	"""s1:47→1 / s2:1→1, 2→1, 4→0, 45→0, 47→1"""	"""s2:48→1"""
47	56	49	230	1	1	0	0	0	0	0	0	"""s1:47→1 / s2:1→0, 2→1, 4→1, 45→1, 47→1"""	"""s2:48→1"""
47	56	49	230	1	1	0	0	0	0	0	0	"""s1:47→1 / s2:1→1, 2→1, 4→1, 45→1, 47→1"""	"""s2:48→1"""
47	56	51	230	1	1	0	0	0	0	0	0	"""s1:47→1 / s2:1→0, 2→1, 4→0, 45→0, 47→1"""	"""s2:48→1"""
47	56	51	230	1	1	0	0	0	0	0	0	"""s1:47→1 / s2:1→0, 2→1, 4→0, 45→1, 47→0"""	"""s2:48→1"""
47	56	51	230	1	1	0	0	0	0	0	0	"""s1:47→1 / s2:1→0, 2→1, 4→0, 45→1, 47→1"""	"""s2:48→1"""
47	56	50	230	1	1	0	0	0	0	0	0	"""s1:47→1 / s2:1→1, 2→0, 4→0, 45→0, 47→1"""	"""s2:48→1"""
47	56	50	230	1	1	0	0	0	0	0	0	"""s1:47→1 / s2:1→0, 2→1, 4→1, 45→1, 47→0"""	"""s2:48→1"""
47	56	50	230	1	1	0	0	0	0	0	0	"""s1:47→1 / s2:1→1, 2→1, 4→0, 45→1, 47→0"""	"""s2:48→1"""
47	56	50	230	1	1	0	0	0	0	0	0	"""s1:47→1 / s2:1→1, 2→1, 4→0, 45→1, 47→1"""	"""s2:48→1"""
47	56	50	228	2	1	0	0	0	0	0	0	"""s1:47→1 / s2:1→0, 2→1, 4→0, 45→0, 47→0 / s3:1→1, 4→0, 45→0, 47→0"""	"""s2:48→1 / s3:48→1"""
47	56	50	228	2	1	0	0	0	0	0	0	"""s1:47→1 / s2:1→0, 2→1, 4→0, 45→0, 47→0 / s3:1→1, 4→1, 45→1, 47→0"""	"""s2:48→1 / s3:48→1"""
47	56	50	228	2	1	0	0	0	0	0	0	"""s1:47→1 / s2:1→0, 2→0, 4→1, 45→1, 47→0 / s3:1→0, 2→1, 47→0"""	"""s2:48→1 / s3:48→1"""
47	57	48	211	0	0	1	0	0	0	0	0	"""s1:47→1"""	""""""
47	57	49	230	0	1	0	0	0	0	0	0	"""s1:47→1"""	"""s1:1→1"""
47	57	48	231	0	1	0	0	0	0	0	0	"""s1:47→1"""	""""""
47	57	55	231	0	1	0	0	0	0	0	0	"""s1:47→2"""	""""""
47	57	55	231	0	1	0	0	0	0	0	0	"""s1:47→3"""	""""""
47	57	48	230	0	1	0	0	0	0	0	0	"""s1:47→0"""	"""s1:1→1"""
47	57	49	202	0	1	1	0	0	0	0	0	"""s1:47→1 / s2:∅"""	"""s2:1→1"""
47	57	53	223	0	2	0	0	0	0	0	0	"""s1:47→1 / s2:47→1"""	""""""
47	57	51	222	0	2	0	0	0	0	0	0	"""s1:47→1 / s2:47→0"""	"""s2:1→1"""
47	57	54	230	1	1	0	0	0	0	0	0	"""s1:47→1 / s2:2→0, 3→0, 45→0, 47→1"""	"""s2:48→1"""
47	57	53	230	1	1	0	0	0	0	0	0	"""s1:47→1 / s2:2→0, 3→0, 45→1, 47→0"""	"""s2:48→1"""
47	57	53	230	1	1	0	0	0	0	0	0	"""s1:47→1 / s2:2→0, 3→0, 45→1, 47→1"""	"""s2:48→1"""
47	57	49	230	1	1	0	0	0	0	0	0	"""s1:47→1 / s2:2→0, 3→1, 45→0, 47→0"""	"""s2:48→1"""
47	57	49	230	1	1	0	0	0	0	0	0	"""s1:47→1 / s2:2→1, 3→0, 45→0, 47→1"""	"""s2:48→1"""
47	57	49	230	1	1	0	0	0	0	0	0	"""s1:47→1 / s2:2→1, 3→1, 45→0, 47→1"""	"""s2:48→1"""
47	57	49	230	1	1	0	0	0	0	0	0	"""s1:47→1 / s2:2→1, 3→1, 45→1, 47→0"""	"""s2:48→1"""
47	57	50	230	1	1	0	0	0	0	0	0	"""s1:47→1 / s2:2→0, 3→1, 45→0, 47→1"""	"""s2:48→1"""
47	57	50	230	1	1	0	0	0	0	0	0	"""s1:47→1 / s2:2→1, 3→0, 45→1, 47→0"""	"""s2:48→1"""
47	57	50	230	1	1	0	0	0	0	0	0	"""s1:47→1 / s2:2→1, 3→0, 45→1, 47→1"""	"""s2:48→1"""
47	57	50	230	1	1	0	0	0	0	0	0	"""s1:47→1 / s2:2→1, 3→1, 45→1, 47→1"""	"""s2:48→1"""
47	57	51	230	1	1	0	0	0	0	0	0	"""s1:47→1 / s2:2→0, 3→1, 45→1, 47→0"""	"""s2:48→1"""
47	57	51	230	1	1	0	0	0	0	0	0	"""s1:47→1 / s2:2→0, 3→1, 45→1, 47→1"""	"""s2:48→1"""
47	58	48	151	0	1	0	0	0	0	0	0	"""s1:∅"""	"""s1:1→1"""
47	59	48	211	0	0	1	0	0	0	0	0	"""s1:1→1"""	""""""
47	59	53	230	0	1	0	0	0	0	0	0	"""s1:1→0"""	"""s1:46→1"""
47	59	49	230	0	1	0	0	0	0	0	0	"""s1:1→1"""	"""s1:46→1"""
47	59	49	230	0	1	0	0	0	0	0	0	"""s1:1→1"""	"""s1:47→1"""
47	59	48	231	0	1	0	0	0	0	0	0	"""s1:1→1"""	""""""
47	59	55	231	0	1	0	0	0	0	0	0	"""s1:1→2"""	""""""
47	59	55	231	0	1	0	0	0	0	0	0	"""s1:1→3"""	""""""
47	59	48	230	0	1	0	0	0	0	0	0	"""s1:1→0"""	"""s1:47→1"""
47	59	49	202	0	1	1	0	0	0	0	0	"""s1:1→1 / s2:∅"""	"""s2:47→1"""
47	59	54	223	0	2	0	0	0	0	0	0	"""s1:1→1 / s2:1→1"""	""""""
47	59	52	222	0	2	0	0	0	0	0	0	"""s1:1→0 / s2:1→1"""	"""s1:47→1"""
47	59	53	230	1	1	0	0	0	0	0	0	"""s1:1→1 / s2:1→0, 3→1, 45→0"""	"""s2:48→1"""
47	59	53	230	1	1	0	0	0	0	0	0	"""s1:1→1 / s2:1→1, 3→1, 45→0"""	"""s2:48→1"""
47	59	54	230	1	1	0	0	0	0	0	0	"""s1:1→1 / s2:1→1, 3→0, 45→0"""	"""s2:48→1"""
47	59	49	230	1	1	0	0	0	0	0	0	"""s1:1→1 / s2:1→0, 3→1, 45→1"""	"""s2:48→1"""
47	59	49	230	1	1	0	0	0	0	0	0	"""s1:1→1 / s2:1→1, 3→0, 45→1"""	"""s2:48→1"""
47	59	50	230	1	1	0	0	0	0	0	0	"""s1:1→1 / s2:1→1, 3→1, 45→1"""	"""s2:48→1"""
47	60	48	211	0	0	1	0	0	0	0	0	"""s1:1→1"""	""""""
47	60	49	230	0	1	0	0	0	0	0	0	"""s1:1→1"""	"""s1:47→1"""
47	60	48	231	0	1	0	0	0	0	0	0	"""s1:1→1"""	""""""
47	60	54	231	0	1	0	0	0	0	0	0	"""s1:1→2"""	""""""
47	60	56	231	0	1	0	0	0	0	0	0	"""s1:1→3"""	""""""
47	60	48	230	0	1	0	0	0	0	0	0	"""s1:1→0"""	"""s1:47→1"""
47	60	49	202	0	1	1	0	0	0	0	0	"""s1:1→1 / s2:∅"""	"""s2:47→1"""
47	60	54	223	0	2	0	0	0	0	0	0	"""s1:1→1 / s2:1→1"""	""""""
47	60	49	222	0	2	0	0	0	0	0	0	"""s1:1→0 / s2:1→1"""	"""s1:47→1"""
47	60	53	230	1	1	0	0	0	0	0	0	"""s1:1→1 / s2:1→0, 3→1, 44→0, 46→0"""	"""s2:48→1"""
47	60	53	230	1	1	0	0	0	0	0	0	"""s1:1→1 / s2:1→1, 3→1, 44→0, 46→0"""	"""s2:48→1"""
47	60	54	230	1	1	0	0	0	0	0	0	"""s1:1→1 / s2:1→1, 3→0, 44→0, 46→0"""	"""s2:48→1"""
47	60	50	230	1	1	0	0	0	0	0	0	"""s1:1→1 / s2:1→0, 3→1, 44→0, 46→1"""	"""s2:48→1"""
47	60	50	230	1	1	0	0	0	0	0	0	"""s1:1→1 / s2:1→1, 3→1, 44→0, 46→1"""	"""s2:48→1"""
47	60	49	230	1	1	0	0	0	0	0	0	"""s1:1→1 / s2:1→0, 3→1, 44→1, 46→0"""	"""s2:48→1"""
47	60	49	230	1	1	0	0	0	0	0	0	"""s1:1→1 / s2:1→1, 3→0, 44→0, 46→1"""	"""s2:48→1"""
47	60	49	230	1	1	0	0	0	0	0	0	"""s1:1→1 / s2:1→1, 3→1, 44→1, 46→0"""	"""s2:48→1"""
47	60	49	230	1	1	0	0	0	0	0	0	"""s1:1→1 / s2:1→1, 3→1, 44→1, 46→1"""	"""s2:48→1"""
47	61	48	177	0	1	0	0	0	0	0	0	"""s1:1→0, 2→1"""	""""""
47	61	52	177	0	1	0	0	0	0	0	0	"""s1:1→1, 2→1"""	""""""
47	61	52	169	0	2	0	0	0	0	0	0	"""s1:1→0, 2→1 / s2:1→1"""	""""""
47	61	52	176	1	1	0	0	0	0	0	0	"""s1:1→0, 2→1 / s2:1→1"""	"""s2:48→1"""
47	61	54	176	1	1	0	0	0	0	0	0	"""s1:1→0, 2→1 / s2:1→2"""	"""s2:48→1"""
47	61	55	176	1	1	0	0	0	0	0	0	"""s1:1→0, 2→1 / s2:1→3"""	"""s2:48→1"""
47	61	55	176	1	1	0	0	0	0	0	0	"""s1:1→0, 2→1 / s2:1→4"""	"""s2:48→1"""
47	61	55	176	1	1	0	0	0	0	0	0	"""s1:1→0, 2→1 / s2:1→5"""	"""s2:48→1"""
47	62	53	227	0	1	0	0	0	0	0	0	"""s1:1→0, 2→0, 46→1"""	""""""
47	62	53	227	0	1	0	0	0	0	0	0	"""s1:1→1, 2→1, 46→0"""	""""""
47	62	48	227	0	1	0	0	0	0	0	0	"""s1:1→0, 2→1, 46→0"""	""""""
47	62	50	227	0	1	0	0	0	0	0	0	"""s1:1→0, 2→1, 46→1"""	""""""
47	62	49	227	0	1	0	0	0	0	0	0	"""s1:1→1, 2→1, 46→1"""	""""""
47	62	52	219	0	2	0	0	0	0	0	0	"""s1:1→0, 2→1, 46→0 / s2:1→1, 46→0"""	""""""
47	62	52	234	1	0	0	0	0	0	0	0	"""s1:1→0, 2→0, 46→0"""	"""s1:45→1"""
47	62	52	234	1	0	0	0	0	0	0	0	"""s1:1→0, 2→0, 46→1"""	"""s1:45→1"""
47	62	49	234	1	0	0	0	0	0	0	0	"""s1:1→0, 2→1, 46→0"""	"""s1:45→1"""
47	62	49	234	1	0	0	0	0	0	0	0	"""s1:1→0, 2→2, 46→0"""	"""s1:45→1"""
47	62	49	234	1	0	0	0	0	0	0	0	"""s1:1→1, 2→1, 46→0"""	"""s1:45→1"""
47	62	49	234	1	0	0	0	0	0	0	0	"""s1:1→0, 2→3, 46→0"""	"""s1:45→1"""
47	62	49	234	1	0	0	0	0	0	0	0	"""s1:1→1, 2→2, 46→0"""	"""s1:45→1"""
47	62	49	234	1	0	0	0	0	0	0	0	"""s1:1→0, 2→3, 46→1"""	"""s1:45→1"""
47	62	49	234	1	0	0	0	0	0	0	0	"""s1:1→1, 2→2, 46→1"""	"""s1:45→1"""
47	62	49	234	1	0	0	0	0	0	0	0	"""s1:1→1, 2→3, 46→0"""	"""s1:45→1"""
47	62	49	234	1	0	0	0	0	0	0	0	"""s1:1→2, 2→2, 46→0"""	"""s1:45→1"""
47	62	49	234	1	0	0	0	0	0	0	0	"""s1:1→0, 2→4, 46→1"""	"""s1:45→1"""
47	62	49	234	1	0	0	0	0	0	0	0	"""s1:1→1, 2→3, 46→1"""	"""s1:45→1"""
47	62	49	234	1	0	0	0	0	0	0	0	"""s1:1→2, 2→2, 46→1"""	"""s1:45→1"""
47	62	49	234	1	0	0	0	0	0	0	0	"""s1:1→2, 2→3, 46→0"""	"""s1:45→1"""
47	62	50	234	1	0	0	0	0	0	0	0	"""s1:1→1, 2→0, 46→0"""	"""s1:45→1"""
47	62	50	234	1	0	0	0	0	0	0	0	"""s1:1→0, 2→2, 46→1"""	"""s1:45→1"""
47	62	50	234	1	0	0	0	0	0	0	0	"""s1:1→1, 2→1, 46→1"""	"""s1:45→1"""
47	62	50	234	1	0	0	0	0	0	0	0	"""s1:1→0, 2→4, 46→0"""	"""s1:45→1"""
47	62	50	234	1	0	0	0	0	0	0	0	"""s1:1→1, 2→4, 46→0"""	"""s1:45→1"""
47	62	51	234	1	0	0	0	0	0	0	0	"""s1:1→0, 2→1, 46→1"""	"""s1:45→1"""
47	62	49	226	1	1	0	0	0	0	0	0	"""s1:1→0, 2→1, 46→0 / s2:1→2, 46→0"""	"""s2:45→1"""
47	62	49	226	1	1	0	0	0	0	0	0	"""s1:1→0, 2→1, 46→0 / s2:1→3, 46→0"""	"""s2:45→1"""
47	62	49	226	1	1	0	0	0	0	0	0	"""s1:1→0, 2→1, 46→0 / s2:1→4, 46→1"""	"""s2:45→1"""
47	62	50	226	1	1	0	0	0	0	0	0	"""s1:1→0, 2→1, 46→0 / s2:1→3, 46→1"""	"""s2:45→1"""
47	62	50	226	1	1	0	0	0	0	0	0	"""s1:1→0, 2→1, 46→0 / s2:1→4, 46→0"""	"""s2:45→1"""
47	62	50	226	1	1	0	0	0	0	0	0	"""s1:1→1, 2→0, 46→0 / s2:2→3, 46→0"""	"""s2:45→1"""
47	63	53	223	0	1	0	0	0	0	0	0	"""s1:46→1"""	""""""
47	63	48	230	1	0	0	0	0	0	0	0	"""s1:1→0, 2→0, 4→0, 44→0, 46→0"""	"""s1:47→1"""
47	63	48	230	1	0	0	0	0	0	0	0	"""s1:1→0, 2→1, 4→0, 44→0, 46→0"""	"""s1:47→1"""
47	63	53	230	1	0	0	0	0	0	0	0	"""s1:1→0, 2→0, 4→0, 44→0, 46→1"""	"""s1:47→1"""
47	63	52	230	1	0	0	0	0	0	0	0	"""s1:1→0, 2→0, 4→0, 44→1, 46→0"""	"""s1:47→1"""
47	63	52	230	1	0	0	0	0	0	0	0	"""s1:1→0, 2→0, 4→0, 44→1, 46→1"""	"""s1:47→1"""
47	63	51	230	1	0	0	0	0	0	0	0	"""s1:1→0, 2→0, 4→1, 44→0, 46→0"""	"""s1:47→1"""
47	63	51	230	1	0	0	0	0	0	0	0	"""s1:1→0, 2→1, 4→0, 44→1, 46→0"""	"""s1:47→1"""
47	63	51	230	1	0	0	0	0	0	0	0	"""s1:1→0, 2→1, 4→1, 44→0, 46→0"""	"""s1:47→1"""
47	63	51	230	1	0	0	0	0	0	0	0	"""s1:1→0, 2→1, 4→0, 44→1, 46→1"""	"""s1:47→1"""
47	63	51	230	1	0	0	0	0	0	0	0	"""s1:1→1, 2→1, 4→1, 44→0, 46→0"""	"""s1:47→1"""
47	63	49	230	1	0	0	0	0	0	0	0	"""s1:1→1, 2→0, 4→0, 44→0, 46→0"""	"""s1:47→1"""
47	63	49	230	1	0	0	0	0	0	0	0	"""s1:1→0, 2→0, 4→1, 44→0, 46→1"""	"""s1:47→1"""
47	63	49	230	1	0	0	0	0	0	0	0	"""s1:1→0, 2→0, 4→1, 44→1, 46→0"""	"""s1:47→1"""
47	63	49	230	1	0	0	0	0	0	0	0	"""s1:1→1, 2→1, 4→0, 44→0, 46→0"""	"""s1:47→1"""
47	63	49	230	1	0	0	0	0	0	0	0	"""s1:1→0, 2→0, 4→1, 44→1, 46→1"""	"""s1:47→1"""
47	63	49	230	1	0	0	0	0	0	0	0	"""s1:1→0, 2→1, 4→1, 44→0, 46→1"""	"""s1:47→1"""
47	63	49	230	1	0	0	0	0	0	0	0	"""s1:1→0, 2→1, 4→1, 44→1, 46→0"""	"""s1:47→1"""
47	63	49	230	1	0	0	0	0	0	0	0	"""s1:1→1, 2→1, 4→0, 44→0, 46→1"""	"""s1:47→1"""
47	63	49	230	1	0	0	0	0	0	0	0	"""s1:1→0, 2→1, 4→1, 44→1, 46→1"""	"""s1:47→1"""
47	63	49	230	1	0	0	0	0	0	0	0	"""s1:1→1, 2→1, 4→1, 44→0, 46→1"""	"""s1:47→1"""
47	63	49	230	1	0	0	0	0	0	0	0	"""s1:1→1, 2→1, 4→1, 44→1, 46→0"""	"""s1:47→1"""
47	63	49	230	1	0	0	0	0	0	0	0	"""s1:1→1, 2→1, 4→1, 44→1, 46→1"""	"""s1:47→1"""
47	63	50	230	1	0	0	0	0	0	0	0	"""s1:1→0, 2→1, 4→0, 44→0, 46→1"""	"""s1:47→1"""
47	63	50	230	1	0	0	0	0	0	0	0	"""s1:1→1, 2→1, 4→0, 44→1, 46→0"""	"""s1:47→1"""
47	63	50	230	1	0	0	0	0	0	0	0	"""s1:1→1, 2→1, 4→0, 44→1, 46→1"""	"""s1:47→1"""
47	64	53	223	0	1	0	0	0	0	0	0	"""s1:46→1"""	""""""
47	64	48	222	0	1	0	0	0	0	0	0	"""s1:46→0"""	"""s1:1→1"""
47	64	48	230	1	0	0	0	0	0	0	0	"""s1:2→0, 3→0, 44→0, 46→0"""	"""s1:47→1"""
47	64	48	230	1	0	0	0	0	0	0	0	"""s1:2→0, 3→1, 44→0, 46→0"""	"""s1:47→1"""
47	64	53	230	1	0	0	0	0	0	0	0	"""s1:2→0, 3→0, 44→0, 46→1"""	"""s1:47→1"""
47	64	52	230	1	0	0	0	0	0	0	0	"""s1:2→0, 3→0, 44→1, 46→0"""	"""s1:47→1"""
47	64	52	230	1	0	0	0	0	0	0	0	"""s1:2→0, 3→0, 44→1, 46→1"""	"""s1:47→1"""
47	64	49	230	1	0	0	0	0	0	0	0	"""s1:2→1, 3→0, 44→0, 46→0"""	"""s1:47→1"""
47	64	49	230	1	0	0	0	0	0	0	0	"""s1:2→1, 3→0, 44→0, 46→1"""	"""s1:47→1"""
47	64	49	230	1	0	0	0	0	0	0	0	"""s1:2→1, 3→1, 44→0, 46→1"""	"""s1:47→1"""
47	64	49	230	1	0	0	0	0	0	0	0	"""s1:2→1, 3→1, 44→1, 46→0"""	"""s1:47→1"""
47	64	50	230	1	0	0	0	0	0	0	0	"""s1:2→0, 3→1, 44→0, 46→1"""	"""s1:47→1"""
47	64	50	230	1	0	0	0	0	0	0	0	"""s1:2→1, 3→0, 44→1, 46→0"""	"""s1:47→1"""
47	64	50	230	1	0	0	0	0	0	0	0	"""s1:2→1, 3→1, 44→0, 46→0"""	"""s1:47→1"""
47	64	50	230	1	0	0	0	0	0	0	0	"""s1:2→1, 3→0, 44→1, 46→1"""	"""s1:47→1"""
47	64	50	230	1	0	0	0	0	0	0	0	"""s1:2→1, 3→1, 44→1, 46→1"""	"""s1:47→1"""
47	64	51	230	1	0	0	0	0	0	0	0	"""s1:2→0, 3→1, 44→1, 46→0"""	"""s1:47→1"""
47	64	51	230	1	0	0	0	0	0	0	0	"""s1:2→0, 3→1, 44→1, 46→1"""	"""s1:47→1"""
47	64	51	221	1	1	0	0	0	0	0	0	"""s1:46→0 / s2:3→0, 44→0, 46→0"""	"""s1:1→1 / s2:47→1"""
47	64	49	221	1	1	0	0	0	0	0	0	"""s1:46→0 / s2:3→1, 44→0, 46→0"""	"""s1:1→1 / s2:47→1"""
47	64	51	228	2	0	0	0	0	0	0	0	"""s1:2→0, 3→0, 44→0, 46→0 / s2:2→0, 3→0, 44→0, 46→0"""	"""s1:47→1 / s2:47→1"""
47	64	51	228	2	0	0	0	0	0	0	0	"""s1:2→0, 3→0, 44→0, 46→0 / s2:2→0, 3→1, 44→1, 46→0"""	"""s1:47→1 / s2:47→1"""
47	64	52	228	2	0	0	0	0	0	0	0	"""s1:2→0, 3→0, 44→0, 46→0 / s2:2→0, 3→0, 44→1, 46→0"""	"""s1:47→1 / s2:47→1"""
47	64	49	228	2	0	0	0	0	0	0	0	"""s1:2→0, 3→0, 44→0, 46→0 / s2:2→0, 3→1, 44→0, 46→0"""	"""s1:47→1 / s2:47→1"""
47	64	49	228	2	0	0	0	0	0	0	0	"""s1:2→0, 3→0, 44→0, 46→0 / s2:2→1, 3→0, 44→0, 46→0"""	"""s1:47→1 / s2:47→1"""
47	64	49	228	2	0	0	0	0	0	0	0	"""s1:2→0, 3→1, 44→0, 46→0 / s2:2→1, 44→0, 46→0"""	"""s1:47→1 / s2:47→1"""
47	64	50	228	2	0	0	0	0	0	0	0	"""s1:2→0, 3→0, 44→0, 46→0 / s2:2→1, 3→0, 44→1, 46→0"""	"""s1:47→1 / s2:47→1"""
47	64	50	228	2	0	0	0	0	0	0	0	"""s1:2→0, 3→0, 44→0, 46→0 / s2:2→1, 3→1, 44→1, 46→0"""	"""s1:47→1 / s2:47→1"""
47	64	50	219	2	1	0	0	0	0	0	0	"""s1:46→0 / s2:3→0, 44→0, 46→0 / s3:3→1, 44→0, 46→0"""	"""s1:1→1 / s2:47→1 / s3:47→1"""
47	66	53	226	0	1	0	0	0	0	0	0	"""s1:1→0, 46→1"""	""""""
47	66	48	226	0	1	0	0	0	0	0	0	"""s1:1→1, 46→0"""	""""""
47	66	50	226	0	1	0	0	0	0	0	0	"""s1:1→1, 46→1"""	""""""
47	66	52	233	1	0	0	0	0	0	0	0	"""s1:1→0, 3→0, 46→0"""	"""s1:45→1"""
47	66	52	233	1	0	0	0	0	0	0	0	"""s1:1→0, 3→0, 46→1"""	"""s1:45→1"""
47	66	49	233	1	0	0	0	0	0	0	0	"""s1:1→0, 3→1, 46→0"""	"""s1:45→1"""
47	66	49	233	1	0	0	0	0	0	0	0	"""s1:1→0, 3→1, 46→1"""	"""s1:45→1"""
47	66	49	233	1	0	0	0	0	0	0	0	"""s1:1→1, 3→1, 46→0"""	"""s1:45→1"""
47	66	49	233	1	0	0	0	0	0	0	0	"""s1:1→2, 3→0, 46→0"""	"""s1:45→1"""
47	66	49	233	1	0	0	0	0	0	0	0	"""s1:1→1, 3→1, 46→1"""	"""s1:45→1"""
47	66	49	233	1	0	0	0	0	0	0	0	"""s1:1→2, 3→1, 46→0"""	"""s1:45→1"""
47	66	49	233	1	0	0	0	0	0	0	0	"""s1:1→3, 3→0, 46→0"""	"""s1:45→1"""
47	66	49	233	1	0	0	0	0	0	0	0	"""s1:1→2, 3→1, 46→1"""	"""s1:45→1"""
47	66	49	233	1	0	0	0	0	0	0	0	"""s1:1→3, 3→0, 46→1"""	"""s1:45→1"""
47	66	49	233	1	0	0	0	0	0	0	0	"""s1:1→3, 3→1, 46→1"""	"""s1:45→1"""
47	66	49	233	1	0	0	0	0	0	0	0	"""s1:1→4, 3→0, 46→1"""	"""s1:45→1"""
47	66	50	233	1	0	0	0	0	0	0	0	"""s1:1→1, 3→0, 46→0"""	"""s1:45→1"""
47	66	50	233	1	0	0	0	0	0	0	0	"""s1:1→2, 3→0, 46→1"""	"""s1:45→1"""
47	66	50	233	1	0	0	0	0	0	0	0	"""s1:1→3, 3→1, 46→0"""	"""s1:45→1"""
47	66	50	233	1	0	0	0	0	0	0	0	"""s1:1→4, 3→0, 46→0"""	"""s1:45→1"""
47	66	50	233	1	0	0	0	0	0	0	0	"""s1:1→4, 3→1, 46→0"""	"""s1:45→1"""
47	66	51	233	1	0	0	0	0	0	0	0	"""s1:1→1, 3→0, 46→1"""	"""s1:45→1"""
47	66	50	225	1	1	0	0	0	0	0	0	"""s1:1→1, 46→0 / s2:3→1, 46→0"""	"""s2:45→1"""
47	66	49	225	1	1	0	0	0	0	0	0	"""s1:1→1, 46→0 / s2:3→1, 46→1"""	"""s2:45→1"""
47	67	53	177	0	1	0	0	0	0	0	0	"""s1:2→1"""	""""""
47	67	48	176	0	1	0	0	0	0	0	0	"""s1:2→0"""	"""s1:1→1"""
47	68	53	227	0	1	0	0	0	0	0	0	"""s1:2→0, 46→1"""	""""""
47	68	53	227	0	1	0	0	0	0	0	0	"""s1:2→1, 46→0"""	""""""
47	68	49	227	0	1	0	0	0	0	0	0	"""s1:2→1, 46→1"""	""""""
47	68	48	226	0	1	0	0	0	0	0	0	"""s1:2→0, 46→0"""	"""s1:1→1"""
47	68	52	234	1	0	0	0	0	0	0	0	"""s1:2→0, 46→0"""	"""s1:45→1"""
47	68	52	234	1	0	0	0	0	0	0	0	"""s1:2→0, 46→1"""	"""s1:45→1"""
47	68	49	234	1	0	0	0	0	0	0	0	"""s1:2→1, 46→0"""	"""s1:45→1"""
47	68	49	234	1	0	0	0	0	0	0	0	"""s1:2→2, 46→0"""	"""s1:45→1"""
47	68	49	234	1	0	0	0	0	0	0	0	"""s1:2→2, 46→1"""	"""s1:45→1"""
47	68	49	234	1	0	0	0	0	0	0	0	"""s1:2→3, 46→0"""	"""s1:45→1"""
47	68	49	234	1	0	0	0	0	0	0	0	"""s1:2→3, 46→1"""	"""s1:45→1"""
47	68	49	234	1	0	0	0	0	0	0	0	"""s1:2→4, 46→1"""	"""s1:45→1"""
47	68	50	234	1	0	0	0	0	0	0	0	"""s1:2→1, 46→1"""	"""s1:45→1"""
47	68	50	234	1	0	0	0	0	0	0	0	"""s1:2→4, 46→0"""	"""s1:45→1"""
47	68	49	225	1	1	0	0	0	0	0	0	"""s1:2→0, 46→0 / s2:2→1, 46→0"""	"""s1:1→1 / s2:45→1"""
47	69	53	223	0	1	0	0	0	0	0	0	"""s1:46→1"""	""""""
47	69	48	222	0	1	0	0	0	0	0	0	"""s1:46→0"""	"""s1:1→1"""
47	69	48	230	1	0	0	0	0	0	0	0	"""s1:2→0, 4→0, 44→0, 46→0"""	"""s1:47→1"""
47	69	53	230	1	0	0	0	0	0	0	0	"""s1:2→0, 4→0, 44→0, 46→1"""	"""s1:47→1"""
47	69	52	230	1	0	0	0	0	0	0	0	"""s1:2→0, 4→0, 44→1, 46→0"""	"""s1:47→1"""
47	69	52	230	1	0	0	0	0	0	0	0	"""s1:2→0, 4→0, 44→1, 46→1"""	"""s1:47→1"""
47	69	51	230	1	0	0	0	0	0	0	0	"""s1:2→0, 4→1, 44→0, 46→0"""	"""s1:47→1"""
47	69	51	230	1	0	0	0	0	0	0	0	"""s1:2→1, 4→1, 44→0, 46→0"""	"""s1:47→1"""
47	69	49	230	1	0	0	0	0	0	0	0	"""s1:2→1, 4→0, 44→0, 46→0"""	"""s1:47→1"""
47	69	49	230	1	0	0	0	0	0	0	0	"""s1:2→0, 4→1, 44→0, 46→1"""	"""s1:47→1"""
47	69	49	230	1	0	0	0	0	0	0	0	"""s1:2→0, 4→1, 44→1, 46→0"""	"""s1:47→1"""
47	69	49	230	1	0	0	0	0	0	0	0	"""s1:2→1, 4→0, 44→0, 46→1"""	"""s1:47→1"""
47	69	49	230	1	0	0	0	0	0	0	0	"""s1:2→0, 4→1, 44→1, 46→1"""	"""s1:47→1"""
47	69	49	230	1	0	0	0	0	0	0	0	"""s1:2→1, 4→1, 44→0, 46→1"""	"""s1:47→1"""
47	69	49	230	1	0	0	0	0	0	0	0	"""s1:2→1, 4→1, 44→1, 46→0"""	"""s1:47→1"""
47	69	49	230	1	0	0	0	0	0	0	0	"""s1:2→1, 4→1, 44→1, 46→1"""	"""s1:47→1"""
47	69	50	230	1	0	0	0	0	0	0	0	"""s1:2→1, 4→0, 44→1, 46→0"""	"""s1:47→1"""
47	69	50	230	1	0	0	0	0	0	0	0	"""s1:2→1, 4→0, 44→1, 46→1"""	"""s1:47→1"""
47	69	50	221	1	1	0	0	0	0	0	0	"""s1:46→0 / s2:4→0, 44→0, 46→0"""	"""s1:1→1 / s2:47→1"""
47	69	50	221	1	1	0	0	0	0	0	0	"""s1:46→0 / s2:4→1, 44→0, 46→1"""	"""s1:1→1 / s2:47→1"""
47	69	51	221	1	1	0	0	0	0	0	0	"""s1:46→0 / s2:4→1, 44→0, 46→0"""	"""s1:1→1 / s2:47→1"""
47	69	49	221	1	1	0	0	0	0	0	0	"""s1:46→0 / s2:4→1, 44→1, 46→0"""	"""s1:1→1 / s2:47→1"""
47	69	49	221	1	1	0	0	0	0	0	0	"""s1:46→0 / s2:4→1, 44→1, 46→1"""	"""s1:1→1 / s2:47→1"""
47	69	52	228	2	0	0	0	0	0	0	0	"""s1:2→0, 4→0, 44→0, 46→0 / s2:2→0, 4→0, 44→0, 46→0"""	"""s1:47→1 / s2:47→1"""
47	69	52	228	2	0	0	0	0	0	0	0	"""s1:2→0, 4→0, 44→0, 46→0 / s2:2→0, 4→0, 44→1, 46→0"""	"""s1:47→1 / s2:47→1"""
47	69	49	228	2	0	0	0	0	0	0	0	"""s1:2→0, 4→0, 44→0, 46→0 / s2:2→1, 4→0, 44→0, 46→0"""	"""s1:47→1 / s2:47→1"""
47	69	49	228	2	0	0	0	0	0	0	0	"""s1:2→0, 4→0, 44→0, 46→0 / s2:2→0, 4→1, 44→1, 46→0"""	"""s1:47→1 / s2:47→1"""
47	69	49	228	2	0	0	0	0	0	0	0	"""s1:2→0, 4→0, 44→0, 46→0 / s2:2→1, 4→1, 44→1, 46→0"""	"""s1:47→1 / s2:47→1"""
47	69	50	228	2	0	0	0	0	0	0	0	"""s1:2→0, 4→0, 44→0, 46→0 / s2:2→1, 4→0, 44→1, 46→0"""	"""s1:47→1 / s2:47→1"""
47	70	53	223	0	1	0	0	0	0	0	0	"""s1:46→1"""	""""""
47	70	48	222	0	1	0	0	0	0	0	0	"""s1:46→0"""	"""s1:1→1"""
47	70	52	222	0	1	0	0	0	0	0	0	"""s1:46→0"""	"""s1:2→1"""
47	70	48	230	1	0	0	0	0	0	0	0	"""s1:3→0, 44→0, 46→0"""	"""s1:47→1"""
47	70	53	230	1	0	0	0	0	0	0	0	"""s1:3→0, 44→0, 46→1"""	"""s1:47→1"""
47	70	52	230	1	0	0	0	0	0	0	0	"""s1:3→0, 44→1, 46→0"""	"""s1:47→1"""
47	70	52	230	1	0	0	0	0	0	0	0	"""s1:3→0, 44→1, 46→1"""	"""s1:47→1"""
47	70	50	230	1	0	0	0	0	0	0	0	"""s1:3→1, 44→0, 46→0"""	"""s1:47→1"""
47	70	50	230	1	0	0	0	0	0	0	0	"""s1:3→1, 44→1, 46→1"""	"""s1:47→1"""
47	70	49	230	1	0	0	0	0	0	0	0	"""s1:3→1, 44→0, 46→1"""	"""s1:47→1"""
47	70	49	230	1	0	0	0	0	0	0	0	"""s1:3→1, 44→1, 46→0"""	"""s1:47→1"""
47	70	49	221	1	1	0	0	0	0	0	0	"""s1:46→0 / s2:3→0, 44→0, 46→0"""	"""s1:1→1 / s2:47→1"""
47	70	49	221	1	1	0	0	0	0	0	0	"""s1:46→0 / s2:3→1, 44→0, 46→1"""	"""s1:1→1 / s2:47→1"""
47	70	49	221	1	1	0	0	0	0	0	0	"""s1:46→0 / s2:3→1, 44→1, 46→0"""	"""s1:1→1 / s2:47→1"""
47	70	51	221	1	1	0	0	0	0	0	0	"""s1:46→0 / s2:3→1, 44→0, 46→0"""	"""s1:1→1 / s2:47→1"""
47	70	50	221	1	1	0	0	0	0	0	0	"""s1:46→0 / s2:3→1, 44→1, 46→1"""	"""s1:1→1 / s2:47→1"""
47	72	52	226	0	1	0	0	0	0	0	0	"""s1:2→0, 46→1"""	""""""
47	72	53	226	0	1	0	0	0	0	0	0	"""s1:2→1, 46→0"""	""""""
47	72	49	226	0	1	0	0	0	0	0	0	"""s1:2→1, 46→1"""	""""""
47	72	52	233	1	0	0	0	0	0	0	0	"""s1:2→0, 46→0"""	"""s1:3→1"""
47	72	52	233	1	0	0	0	0	0	0	0	"""s1:2→1, 46→0"""	"""s1:3→1"""
47	72	49	233	1	0	0	0	0	0	0	0	"""s1:2→0, 46→1"""	"""s1:3→1"""
47	72	49	233	1	0	0	0	0	0	0	0	"""s1:2→1, 46→1"""	"""s1:3→1"""
47	72	49	233	1	0	0	0	0	0	0	0	"""s1:2→1, 46→2"""	"""s1:3→1"""
47	72	49	233	1	0	0	0	0	0	0	0	"""s1:2→1, 46→3"""	"""s1:3→1"""
47	72	50	233	1	0	0	0	0	0	0	0	"""s1:2→0, 46→2"""	"""s1:3→1"""
47	72	50	233	1	0	0	0	0	0	0	0	"""s1:2→1, 46→4"""	"""s1:3→1"""
47	72	51	233	1	0	0	0	0	0	0	0	"""s1:2→0, 46→3"""	"""s1:3→1"""
47	72	51	233	1	0	0	0	0	0	0	0	"""s1:2→0, 46→4"""	"""s1:3→1"""
47	73	48	246	0	0	0	0	0	0	1	0	"""s1:1→1"""	""""""
47	73	49	238	0	1	0	0	0	0	1	0	"""s1:1→1 / s2:45→0, 47→1"""	""""""
47	73	50	238	0	1	0	0	0	0	1	0	"""s1:1→1 / s2:45→1, 47→0"""	""""""
47	74	48	181	0	0	0	0	0	0	0	1	"""s1:47→1"""	""""""
47	74	54	48	0	0	0	0	0	0	1	1	"""s1:47→1 / s2:1→1"""	""""""
47	74	50	163	0	0	0	0	0	0	2	0	"""s1:1→0, 47→1 / s2:1→1"""	""""""
47	74	54	76	0	0	0	0	0	1	0	1	"""s1:47→1 / s2:1→1"""	""""""
47	74	49	191	0	0	0	0	0	1	1	0	"""s1:1→1, 47→0 / s2:47→1"""	""""""
47	74	50	191	0	0	0	0	0	1	1	0	"""s1:1→0, 47→1 / s2:1→1"""	""""""
47	74	49	219	0	0	0	0	0	2	0	0	"""s1:1→0, 47→1 / s2:1→1"""	""""""
47	74	52	103	0	0	0	0	1	0	0	1	"""s1:47→1 / s2:1→1"""	""""""
47	74	49	218	0	0	0	0	1	0	1	0	"""s1:1→1, 47→0 / s2:47→1"""	""""""
47	74	49	218	0	0	0	0	1	0	1	0	"""s1:1→0, 47→1 / s2:1→1"""	""""""
47	74	49	246	0	0	0	0	1	1	0	0	"""s1:1→1, 47→0 / s2:47→1"""	""""""
47	74	49	246	0	0	0	0	1	1	0	0	"""s1:1→0, 47→1 / s2:1→1"""	""""""
47	74	51	129	0	0	0	1	0	0	0	1	"""s1:47→1 / s2:1→1"""	""""""
47	74	50	244	0	0	0	1	0	0	1	0	"""s1:1→1, 47→0 / s2:47→1"""	""""""
47	74	50	244	0	0	0	1	0	0	1	0	"""s1:1→0, 47→1 / s2:1→1"""	""""""
47	74	51	153	0	0	1	0	0	0	0	1	"""s1:47→1 / s2:1→1"""	""""""
47	74	49	173	0	1	0	0	0	0	0	1	"""s1:47→1 / s2:1→1"""	""""""
47	74	56	145	0	1	1	0	0	0	0	1	"""s1:47→1 / s2:1→1 / s3:1→1"""	""""""
47	74	55	165	0	2	0	0	0	0	0	1	"""s1:47→1 / s2:1→1 / s3:1→1"""	""""""
47	74	51	172	1	1	0	0	0	0	0	1	"""s1:47→1 / s2:1→1 / s3:1→0, 6→1"""	"""s3:49→1"""
47	74	52	172	1	1	0	0	0	0	0	1	"""s1:47→1 / s2:1→1 / s3:1→1, 6→1"""	"""s3:49→1"""
47	74	55	172	1	1	0	0	0	0	0	1	"""s1:47→1 / s2:1→1 / s3:1→2, 6→1"""	"""s3:49→1"""
47	74	65	172	1	1	0	0	0	0	0	1	"""s1:47→1 / s2:1→1 / s3:1→3, 6→1"""	"""s3:49→1"""
47	74	56	164	1	2	0	0	0	0	0	1	"""s1:47→1 / s2:1→1 / s3:1→1 / s4:1→1, 6→1"""	"""s4:50→1"""
47	74	63	164	1	2	0	0	0	0	0	1	"""s1:47→1 / s2:1→1 / s3:1→1 / s4:1→2, 6→1"""	"""s4:50→1"""
47	74	163	164	1	2	0	0	0	0	0	1	"""s1:47→1 / s2:1→1 / s3:1→1 / s4:1→3, 6→1"""	"""s4:50→1"""
47	74	164	164	1	2	0	0	0	0	0	1	"""s1:47→1 / s2:1→1 / s3:1→1 / s4:1→3, 6→1"""	"""s4:49→1"""
47	75	48	211	0	0	1	0	0	0	0	0	"""s1:47→1"""	""""""
47	75	48	231	0	1	0	0	0	0	0	0	"""s1:47→1"""	""""""
47	75	55	231	0	1	0	0	0	0	0	0	"""s1:47→2"""	""""""
47	75	56	231	0	1	0	0	0	0	0	0	"""s1:47→3"""	""""""
47	75	54	223	0	2	0	0	0	0	0	0	"""s1:47→1 / s2:47→1"""	""""""
47	75	55	230	1	1	0	0	0	0	0	0	"""s1:47→1 / s2:1→0, 2→0, 43→0, 47→1"""	"""s2:48→1"""
47	75	52	230	1	1	0	0	0	0	0	0	"""s1:47→1 / s2:1→0, 2→0, 43→1, 47→0"""	"""s2:48→1"""
47	75	52	230	1	1	0	0	0	0	0	0	"""s1:47→1 / s2:1→0, 2→0, 43→1, 47→1"""	"""s2:48→1"""
47	75	49	230	1	1	0	0	0	0	0	0	"""s1:47→1 / s2:1→0, 2→1, 43→0, 47→0"""	"""s2:48→1"""
47	75	49	230	1	1	0	0	0	0	0	0	"""s1:47→1 / s2:1→1, 2→1, 43→0, 47→1"""	"""s2:48→1"""
47	75	51	230	1	1	0	0	0	0	0	0	"""s1:47→1 / s2:1→0, 2→1, 43→0, 47→1"""	"""s2:48→1"""
47	75	51	230	1	1	0	0	0	0	0	0	"""s1:47→1 / s2:1→0, 2→1, 43→1, 47→0"""	"""s2:48→1"""
47	75	51	230	1	1	0	0	0	0	0	0	"""s1:47→1 / s2:1→0, 2→1, 43→1, 47→1"""	"""s2:48→1"""
47	75	50	230	1	1	0	0	0	0	0	0	"""s1:47→1 / s2:1→1, 2→0, 43→0, 47→1"""	"""s2:48→1"""
47	75	50	230	1	1	0	0	0	0	0	0	"""s1:47→1 / s2:1→1, 2→1, 43→1, 47→0"""	"""s2:48→1"""
47	75	50	230	1	1	0	0	0	0	0	0	"""s1:47→1 / s2:1→1, 2→1, 43→1, 47→1"""	"""s2:48→1"""
47	75	50	228	2	1	0	0	0	0	0	0	"""s1:47→1 / s2:1→0, 2→1, 43→0, 47→0 / s3:1→1, 43→0, 47→0"""	"""s2:48→1 / s3:48→1"""
47	76	48	246	0	0	0	0	0	0	1	0	"""s1:1→1"""	""""""
47	76	51	237	0	1	0	0	0	0	1	0	"""s1:1→1 / s2:46→0"""	"""s2:47→1"""
47	77	48	244	0	0	0	0	0	0	1	0	"""s1:1→1"""	""""""
47	77	48	272	0	0	0	0	0	1	0	0	"""s1:1→1"""	""""""
47	77	50	236	0	1	0	0	0	0	1	0	"""s1:1→1 / s2:47→1"""	""""""
47	78	49	216	0	0	0	0	2	0	0	0	"""s1:1→0, 47→1 / s2:1→1"""	""""""
47	78	50	242	0	0	0	1	1	0	0	0	"""s1:1→1, 47→0 / s2:47→1"""	""""""
47	78	49	242	0	0	0	1	1	0	0	0	"""s1:1→0, 47→1 / s2:1→1"""	""""""
47	79	48	181	0	0	0	0	1	0	0	0	"""s1:47→1"""	""""""
47	79	48	207	0	0	0	1	0	0	0	0	"""s1:47→1"""	""""""
47	79	48	231	0	0	1	0	0	0	0	0	"""s1:1→0, 47→1"""	""""""
47	79	48	231	0	0	1	0	0	0	0	0	"""s1:1→1, 47→0"""	""""""
47	79	48	231	0	0	1	0	0	0	0	0	"""s1:1→1, 47→1"""	""""""
47	79	50	153	0	0	1	0	1	0	0	0	"""s1:47→1 / s2:1→1"""	""""""
47	79	50	179	0	0	1	1	0	0	0	0	"""s1:47→1 / s2:1→1"""	""""""
47	79	49	203	0	0	2	0	0	0	0	0	"""s1:1→0, 47→1 / s2:1→1"""	""""""
47	79	48	251	0	1	0	0	0	0	0	0	"""s1:1→0, 47→1"""	""""""
47	79	48	251	0	1	0	0	0	0	0	0	"""s1:1→1, 47→0"""	""""""
47	79	48	251	0	1	0	0	0	0	0	0	"""s1:1→1, 47→1"""	""""""
47	79	54	251	0	1	0	0	0	0	0	0	"""s1:1→0, 47→2"""	""""""
47	79	55	251	0	1	0	0	0	0	0	0	"""s1:1→2, 47→0"""	""""""
47	79	55	251	0	1	0	0	0	0	0	0	"""s1:1→0, 47→3"""	""""""
47	79	49	251	0	1	0	0	0	0	0	0	"""s1:1→1, 47→2"""	""""""
47	79	49	251	0	1	0	0	0	0	0	0	"""s1:1→2, 47→1"""	""""""
47	79	49	251	0	1	0	0	0	0	0	0	"""s1:1→2, 47→2"""	""""""
47	79	49	251	0	1	0	0	0	0	0	0	"""s1:1→2, 47→3"""	""""""
47	79	49	251	0	1	0	0	0	0	0	0	"""s1:1→3, 47→2"""	""""""
47	79	56	251	0	1	0	0	0	0	0	0	"""s1:1→3, 47→0"""	""""""
47	79	56	251	0	1	0	0	0	0	0	0	"""s1:1→0, 47→4"""	""""""
47	79	56	251	0	1	0	0	0	0	0	0	"""s1:1→0, 47→5"""	""""""
47	79	51	251	0	1	0	0	0	0	0	0	"""s1:1→1, 47→3"""	""""""
47	79	51	251	0	1	0	0	0	0	0	0	"""s1:1→1, 47→4"""	""""""
47	79	50	251	0	1	0	0	0	0	0	0	"""s1:1→3, 47→1"""	""""""
47	79	50	173	0	1	0	0	1	0	0	0	"""s1:47→1 / s2:1→1"""	""""""
47	79	49	199	0	1	0	1	0	0	0	0	"""s1:47→1 / s2:1→1"""	""""""
47	79	54	223	0	1	1	0	0	0	0	0	"""s1:1→0, 47→1 / s2:1→0, 47→1"""	""""""
47	79	49	223	0	1	1	0	0	0	0	0	"""s1:1→0, 47→1 / s2:1→1, 47→0"""	""""""
47	79	49	223	0	1	1	0	0	0	0	0	"""s1:1→1, 47→0 / s2:47→1"""	""""""
47	79	50	223	0	1	1	0	0	0	0	0	"""s1:1→0, 47→1 / s2:1→1, 47→1"""	""""""
47	79	50	223	0	1	1	0	0	0	0	0	"""s1:1→0, 47→1 / s2:1→2, 47→1"""	""""""
47	79	50	223	0	1	1	0	0	0	0	0	"""s1:1→1, 47→1 / s2:47→1"""	""""""
47	79	51	223	0	1	1	0	0	0	0	0	"""s1:1→0, 47→1 / s2:1→3, 47→1"""	""""""
47	79	53	243	0	2	0	0	0	0	0	0	"""s1:1→0, 47→1 / s2:1→0, 47→1"""	""""""
47	79	56	243	0	2	0	0	0	0	0	0	"""s1:1→0, 47→1 / s2:1→0, 47→2"""	""""""
47	79	56	243	0	2	0	0	0	0	0	0	"""s1:1→0, 47→1 / s2:1→0, 47→3"""	""""""
47	79	49	243	0	2	0	0	0	0	0	0	"""s1:1→0, 47→1 / s2:1→1, 47→1"""	""""""
47	79	49	243	0	2	0	0	0	0	0	0	"""s1:1→0, 47→1 / s2:1→3, 47→2"""	""""""
47	79	49	243	0	2	0	0	0	0	0	0	"""s1:1→1, 47→0 / s2:1→1, 47→2"""	""""""
47	79	49	243	0	2	0	0	0	0	0	0	"""s1:1→1, 47→1 / s2:1→1, 47→1"""	""""""
47	79	51	243	0	2	0	0	0	0	0	0	"""s1:1→0, 47→1 / s2:1→1, 47→2"""	""""""
47	79	51	243	0	2	0	0	0	0	0	0	"""s1:1→1, 47→1 / s2:1→1, 47→3"""	""""""
47	79	50	243	0	2	0	0	0	0	0	0	"""s1:1→0, 47→1 / s2:1→2, 47→1"""	""""""
47	79	50	243	0	2	0	0	0	0	0	0	"""s1:1→0, 47→1 / s2:1→2, 47→2"""	""""""
47	79	50	243	0	2	0	0	0	0	0	0	"""s1:1→0, 47→1 / s2:1→2, 47→3"""	""""""
47	79	50	243	0	2	0	0	0	0	0	0	"""s1:1→1, 47→0 / s2:1→1, 47→1"""	""""""
47	79	50	243	0	2	0	0	0	0	0	0	"""s1:1→1, 47→1 / s2:1→1, 47→2"""	""""""
47	79	52	243	0	2	0	0	0	0	0	0	"""s1:1→0, 47→1 / s2:1→1, 47→3"""	""""""
47	79	54	243	0	2	0	0	0	0	0	0	"""s1:1→1, 47→0 / s2:1→1, 47→0"""	""""""
47	79	55	165	0	2	0	0	1	0	0	0	"""s1:47→1 / s2:1→1 / s3:1→1"""	""""""
47	79	55	235	0	3	0	0	0	0	0	0	"""s1:1→0, 47→1 / s2:1→0, 47→1 / s3:1→0, 47→1"""	""""""
47	79	55	235	0	3	0	0	0	0	0	0	"""s1:1→0, 47→1 / s2:1→0, 47→1 / s3:1→1, 47→1"""	""""""
47	79	50	235	0	3	0	0	0	0	0	0	"""s1:1→0, 47→1 / s2:1→1, 47→1 / s3:1→1, 47→1"""	""""""
47	79	54	250	1	1	0	0	0	0	0	0	"""s1:1→0, 47→1 / s2:1→0, 5→0, 47→1"""	"""s2:48→1"""
47	79	54	250	1	1	0	0	0	0	0	0	"""s1:1→1, 47→0 / s2:1→1, 5→0, 47→0"""	"""s2:48→1"""
47	79	49	250	1	1	0	0	0	0	0	0	"""s1:1→0, 47→1 / s2:1→1, 5→0, 47→0"""	"""s2:48→1"""
47	79	49	250	1	1	0	0	0	0	0	0	"""s1:1→0, 47→1 / s2:1→0, 5→1, 47→2"""	"""s2:48→1"""
47	79	49	250	1	1	0	0	0	0	0	0	"""s1:1→0, 47→1 / s2:1→2, 5→0, 47→1"""	"""s2:48→1"""
47	79	49	250	1	1	0	0	0	0	0	0	"""s1:1→0, 47→1 / s2:1→0, 5→1, 47→3"""	"""s2:48→1"""
47	79	49	250	1	1	0	0	0	0	0	0	"""s1:1→0, 47→1 / s2:1→1, 5→1, 47→2"""	"""s2:48→1"""
47	79	49	250	1	1	0	0	0	0	0	0	"""s1:1→0, 47→1 / s2:1→0, 5→1, 47→4"""	"""s2:48→1"""
47	79	49	250	1	1	0	0	0	0	0	0	"""s1:1→0, 47→1 / s2:1→1, 5→1, 47→3"""	"""s2:48→1"""
47	79	49	250	1	1	0	0	0	0	0	0	"""s1:1→0, 47→1 / s2:1→3, 5→0, 47→2"""	"""s2:48→1"""
47	79	49	250	1	1	0	0	0	0	0	0	"""s1:1→1, 47→0 / s2:1→0, 5→0, 47→1"""	"""s2:48→1"""
47	79	49	250	1	1	0	0	0	0	0	0	"""s1:1→1, 47→0 / s2:1→0, 5→1, 47→2"""	"""s2:48→1"""
47	79	49	250	1	1	0	0	0	0	0	0	"""s1:1→1, 47→0 / s2:1→1, 5→0, 47→2"""	"""s2:48→1"""
47	79	49	250	1	1	0	0	0	0	0	0	"""s1:1→1, 47→0 / s2:1→0, 5→1, 47→3"""	"""s2:48→1"""
47	79	49	250	1	1	0	0	0	0	0	0	"""s1:1→1, 47→0 / s2:1→0, 5→1, 47→4"""	"""s2:48→1"""
47	79	49	250	1	1	0	0	0	0	0	0	"""s1:1→1, 47→0 / s2:1→1, 5→1, 47→3"""	"""s2:48→1"""
47	79	49	250	1	1	0	0	0	0	0	0	"""s1:1→1, 47→1 / s2:1→0, 5→0, 47→1"""	"""s2:48→1"""
47	79	49	250	1	1	0	0	0	0	0	0	"""s1:1→1, 47→1 / s2:1→1, 5→0, 47→0"""	"""s2:48→1"""
47	79	49	250	1	1	0	0	0	0	0	0	"""s1:1→1, 47→1 / s2:1→1, 5→0, 47→1"""	"""s2:48→1"""
47	79	49	250	1	1	0	0	0	0	0	0	"""s1:1→1, 47→1 / s2:1→0, 5→1, 47→2"""	"""s2:48→1"""
47	79	49	250	1	1	0	0	0	0	0	0	"""s1:1→1, 47→1 / s2:1→1, 5→0, 47→2"""	"""s2:48→1"""
47	79	49	250	1	1	0	0	0	0	0	0	"""s1:1→1, 47→1 / s2:1→0, 5→1, 47→3"""	"""s2:48→1"""
47	79	49	250	1	1	0	0	0	0	0	0	"""s1:1→1, 47→1 / s2:1→1, 5→1, 47→2"""	"""s2:48→1"""
47	79	49	250	1	1	0	0	0	0	0	0	"""s1:1→1, 47→1 / s2:1→0, 5→1, 47→4"""	"""s2:48→1"""
47	79	49	250	1	1	0	0	0	0	0	0	"""s1:1→1, 47→1 / s2:1→1, 5→1, 47→3"""	"""s2:48→1"""
47	79	49	250	1	1	0	0	0	0	0	0	"""s1:1→1, 47→2 / s2:1→1, 5→0, 47→1"""	"""s2:48→1"""
47	79	55	250	1	1	0	0	0	0	0	0	"""s1:1→0, 47→1 / s2:1→0, 5→0, 47→2"""	"""s2:48→1"""
47	79	50	250	1	1	0	0	0	0	0	0	"""s1:1→0, 47→1 / s2:1→1, 5→0, 47→1"""	"""s2:48→1"""
47	79	50	250	1	1	0	0	0	0	0	0	"""s1:1→0, 47→1 / s2:1→2, 5→0, 47→2"""	"""s2:48→1"""
47	79	50	250	1	1	0	0	0	0	0	0	"""s1:1→0, 47→1 / s2:1→2, 5→0, 47→3"""	"""s2:48→1"""
47	79	50	250	1	1	0	0	0	0	0	0	"""s1:1→1, 47→0 / s2:1→0, 5→1, 47→1"""	"""s2:48→1"""
47	79	50	250	1	1	0	0	0	0	0	0	"""s1:1→1, 47→0 / s2:1→1, 5→0, 47→1"""	"""s2:48→1"""
47	79	50	250	1	1	0	0	0	0	0	0	"""s1:1→1, 47→0 / s2:1→1, 5→1, 47→2"""	"""s2:48→1"""
47	79	50	250	1	1	0	0	0	0	0	0	"""s1:1→1, 47→1 / s2:1→1, 5→0, 47→3"""	"""s2:48→1"""
47	79	56	250	1	1	0	0	0	0	0	0	"""s1:1→0, 47→1 / s2:1→0, 5→0, 47→3"""	"""s2:48→1"""
47	79	56	250	1	1	0	0	0	0	0	0	"""s1:1→0, 47→1 / s2:1→0, 5→0, 47→4"""	"""s2:48→1"""
47	79	56	250	1	1	0	0	0	0	0	0	"""s1:1→0, 47→1 / s2:1→0, 5→0, 47→5"""	"""s2:48→1"""
47	79	56	250	1	1	0	0	0	0	0	0	"""s1:1→0, 47→2 / s2:1→0, 5→0, 47→1"""	"""s2:48→1"""
47	79	56	250	1	1	0	0	0	0	0	0	"""s1:1→1, 47→1 / s2:1→1, 5→1, 47→1"""	"""s2:48→1"""
47	79	51	250	1	1	0	0	0	0	0	0	"""s1:1→0, 47→1 / s2:1→1, 5→0, 47→2"""	"""s2:48→1"""
47	79	51	250	1	1	0	0	0	0	0	0	"""s1:1→1, 47→0 / s2:1→1, 5→1, 47→1"""	"""s2:48→1"""
47	79	51	250	1	1	0	0	0	0	0	0	"""s1:1→1, 47→1 / s2:1→1, 5→0, 47→4"""	"""s2:48→1"""
47	79	51	250	1	1	0	0	0	0	0	0	"""s1:1→1, 47→2 / s2:1→0, 5→0, 47→1"""	"""s2:48→1"""
47	79	52	250	1	1	0	0	0	0	0	0	"""s1:1→0, 47→1 / s2:1→1, 5→0, 47→3"""	"""s2:48→1"""
47	79	52	250	1	1	0	0	0	0	0	0	"""s1:1→0, 47→1 / s2:1→1, 5→0, 47→4"""	"""s2:48→1"""
47	79	52	250	1	1	0	0	0	0	0	0	"""s1:1→1, 47→0 / s2:1→0, 5→1, 47→0"""	"""s2:48→1"""
47	79	52	250	1	1	0	0	0	0	0	0	"""s1:1→1, 47→0 / s2:1→1, 5→1, 47→0"""	"""s2:48→1"""
47	79	53	172	1	1	0	0	1	0	0	0	"""s1:47→1 / s2:1→1 / s3:1→0, 5→1"""	"""s3:49→1"""
47	79	53	172	1	1	0	0	1	0	0	0	"""s1:47→1 / s2:1→1 / s3:1→1, 5→1"""	"""s3:49→1"""
47	79	50	222	1	1	1	0	0	0	0	0	"""s1:1→0, 47→1 / s2:1→1, 47→0 / s3:1→1, 5→0, 47→1"""	"""s3:49→1"""
47	79	50	222	1	1	1	0	0	0	0	0	"""s1:1→0, 47→1 / s2:1→1, 47→0 / s3:1→0, 5→1, 47→2"""	"""s3:49→1"""
47	79	56	242	1	2	0	0	0	0	0	0	"""s1:1→0, 47→1 / s2:1→0, 47→1 / s3:1→0, 5→0, 47→1"""	"""s3:49→1"""
47	79	55	242	1	2	0	0	0	0	0	0	"""s1:1→0, 47→1 / s2:1→0, 47→1 / s3:1→1, 5→0, 47→1"""	"""s3:49→1"""
47	79	53	242	1	2	0	0	0	0	0	0	"""s1:1→0, 47→1 / s2:1→1, 47→1 / s3:1→0, 5→0, 47→1"""	"""s3:49→1"""
47	79	50	242	1	2	0	0	0	0	0	0	"""s1:1→0, 47→1 / s2:1→1, 47→1 / s3:1→1, 5→0, 47→1"""	"""s3:49→1"""
47	79	50	242	1	2	0	0	0	0	0	0	"""s1:1→0, 47→1 / s2:1→1, 47→1 / s3:1→1, 5→0, 47→1"""	"""s3:48→1"""
47	79	50	242	1	2	0	0	0	0	0	0	"""s1:1→0, 47→1 / s2:1→1, 47→1 / s3:1→2, 5→0, 47→1"""	"""s3:48→1"""
47	79	56	248	2	1	0	0	0	0	0	0	"""s1:1→0, 47→1 / s2:1→0, 5→0, 47→1 / s3:1→0, 5→0, 47→1"""	"""s2:48→1 / s3:48→1"""
47	79	56	248	2	1	0	0	0	0	0	0	"""s1:1→0, 47→1 / s2:1→0, 5→0, 47→1 / s3:1→0, 5→0, 47→2"""	"""s2:48→1 / s3:48→1"""
47	79	57	248	2	1	0	0	0	0	0	0	"""s1:1→0, 47→1 / s2:1→0, 5→0, 47→1 / s3:1→1, 5→0, 47→2"""	"""s2:48→1 / s3:48→1"""
47	79	50	248	2	1	0	0	0	0	0	0	"""s1:1→0, 47→1 / s2:1→1, 5→0, 47→0 / s3:1→3, 5→0, 47→2"""	"""s2:48→1 / s3:48→1"""
47	79	50	248	2	1	0	0	0	0	0	0	"""s1:1→0, 47→1 / s2:1→1, 5→0, 47→1 / s3:1→1, 5→0, 47→1"""	"""s2:48→1 / s3:48→1"""
47	79	50	248	2	1	0	0	0	0	0	0	"""s1:1→0, 47→1 / s2:1→1, 5→0, 47→1 / s3:1→2, 5→0, 47→2"""	"""s2:48→1 / s3:48→1"""
47	79	50	248	2	1	0	0	0	0	0	0	"""s1:1→0, 47→1 / s2:1→2, 5→0, 47→1 / s3:1→2, 5→0, 47→1"""	"""s2:48→1 / s3:48→1"""
47	79	50	248	2	1	0	0	0	0	0	0	"""s1:1→0, 47→1 / s2:1→2, 5→0, 47→1 / s3:1→3, 5→0, 47→2"""	"""s2:48→1 / s3:48→1"""
47	79	51	248	2	1	0	0	0	0	0	0	"""s1:1→0, 47→1 / s2:1→1, 5→0, 47→1 / s3:1→1, 5→0, 47→2"""	"""s2:48→1 / s3:48→1"""
47	79	52	248	2	1	0	0	0	0	0	0	"""s1:1→0, 47→1 / s2:1→1, 5→0, 47→1 / s3:1→3, 5→0, 47→2"""	"""s2:48→1 / s3:48→1"""
47	79	52	248	2	1	0	0	0	0	0	0	"""s1:1→1, 47→1 / s2:1→0, 5→0, 47→1 / s3:1→0, 5→0, 47→1"""	"""s2:48→1 / s3:48→1"""
47	80	48	211	0	0	1	0	0	0	0	0	"""s1:1→1"""	""""""
47	80	48	231	0	1	0	0	0	0	0	0	"""s1:1→1"""	""""""
47	80	55	231	0	1	0	0	0	0	0	0	"""s1:1→2"""	""""""
47	80	56	231	0	1	0	0	0	0	0	0	"""s1:1→3"""	""""""
47	80	48	230	0	1	0	0	0	0	0	0	"""s1:1→0"""	"""s1:47→1"""
47	80	48	230	0	1	0	0	0	0	0	0	"""s1:1→1"""	"""s1:47→1"""
47	80	49	202	0	1	1	0	0	0	0	0	"""s1:1→1 / s2:∅"""	"""s2:47→1"""
47	80	53	223	0	2	0	0	0	0	0	0	"""s1:1→1 / s2:1→1"""	""""""
47	80	52	222	0	2	0	0	0	0	0	0	"""s1:1→0 / s2:1→1"""	"""s1:47→1"""
47	80	52	230	1	1	0	0	0	0	0	0	"""s1:1→1 / s2:1→0, 5→1, 46→0"""	"""s2:48→1"""
47	80	52	230	1	1	0	0	0	0	0	0	"""s1:1→1 / s2:1→1, 5→1, 46→0"""	"""s2:48→1"""
47	80	54	230	1	1	0	0	0	0	0	0	"""s1:1→1 / s2:1→1, 5→0, 46→0"""	"""s2:48→1"""
47	80	50	230	1	1	0	0	0	0	0	0	"""s1:1→1 / s2:1→0, 5→1, 46→1"""	"""s2:48→1"""
47	80	50	230	1	1	0	0	0	0	0	0	"""s1:1→1 / s2:1→1, 5→1, 46→1"""	"""s2:48→1"""
47	80	49	230	1	1	0	0	0	0	0	0	"""s1:1→1 / s2:1→1, 5→0, 46→1"""	"""s2:48→1"""
47	81	48	211	0	0	1	0	0	0	0	0	"""s1:47→1"""	""""""
47	81	48	231	0	1	0	0	0	0	0	0	"""s1:47→1"""	""""""
47	81	55	231	0	1	0	0	0	0	0	0	"""s1:47→2"""	""""""
47	81	55	231	0	1	0	0	0	0	0	0	"""s1:47→3"""	""""""
47	81	53	223	0	2	0	0	0	0	0	0	"""s1:47→1 / s2:47→1"""	""""""
47	81	54	230	1	1	0	0	0	0	0	0	"""s1:47→1 / s2:1→0, 3→0, 43→0, 47→1"""	"""s2:48→1"""
47	81	52	230	1	1	0	0	0	0	0	0	"""s1:47→1 / s2:1→0, 3→0, 43→1, 47→0"""	"""s2:48→1"""
47	81	52	230	1	1	0	0	0	0	0	0	"""s1:47→1 / s2:1→0, 3→0, 43→1, 47→1"""	"""s2:48→1"""
47	81	49	230	1	1	0	0	0	0	0	0	"""s1:47→1 / s2:1→1, 3→0, 43→0, 47→0"""	"""s2:48→1"""
47	81	49	230	1	1	0	0	0	0	0	0	"""s1:47→1 / s2:1→0, 3→1, 43→1, 47→0"""	"""s2:48→1"""
47	81	49	230	1	1	0	0	0	0	0	0	"""s1:47→1 / s2:1→0, 3→1, 43→1, 47→1"""	"""s2:48→1"""
47	81	49	230	1	1	0	0	0	0	0	0	"""s1:47→1 / s2:1→1, 3→1, 43→1, 47→0"""	"""s2:48→1"""
47	81	49	230	1	1	0	0	0	0	0	0	"""s1:47→1 / s2:1→1, 3→1, 43→1, 47→1"""	"""s2:48→1"""
47	81	51	230	1	1	0	0	0	0	0	0	"""s1:47→1 / s2:1→1, 3→0, 43→0, 47→1"""	"""s2:48→1"""
47	81	51	230	1	1	0	0	0	0	0	0	"""s1:47→1 / s2:1→1, 3→0, 43→1, 47→0"""	"""s2:48→1"""
47	81	51	230	1	1	0	0	0	0	0	0	"""s1:47→1 / s2:1→1, 3→0, 43→1, 47→1"""	"""s2:48→1"""
47	81	50	228	2	1	0	0	0	0	0	0	"""s1:47→1 / s2:1→0, 3→1, 43→1, 47→0 / s3:1→1, 47→0"""	"""s2:48→1 / s3:48→1"""
47	82	48	222	0	0	0	0	0	0	1	0	"""s1:1→1"""	""""""
47	82	48	250	0	0	0	0	0	1	0	0	"""s1:1→1"""	""""""
47	82	49	213	0	1	0	0	0	0	1	0	"""s1:1→1 / s2:∅"""	"""s2:47→1"""
47	82	49	241	0	1	0	0	0	1	0	0	"""s1:1→1 / s2:∅"""	"""s2:47→1"""
47	83	48	222	0	0	0	0	0	0	1	0	"""s1:47→1"""	""""""
47	83	48	250	0	0	0	0	0	1	0	0	"""s1:47→1"""	""""""
47	83	49	213	0	1	0	0	0	0	1	0	"""s1:47→1 / s2:∅"""	"""s2:3→1"""
47	83	49	241	0	1	0	0	0	1	0	0	"""s1:47→1 / s2:∅"""	"""s2:3→1"""
47	83	50	241	0	1	0	0	0	1	0	0	"""s1:47→1 / s2:∅"""	"""s2:1→1"""
47	86	49	244	0	0	0	2	0	0	0	0	"""s1:1→0, 47→1 / s2:1→1"""	""""""
47	93	48	241	0	0	0	0	0	0	1	0	"""s1:1→1"""	""""""
47	93	48	269	0	0	0	0	0	1	0	0	"""s1:1→1"""	""""""
47	93	49	189	0	0	0	1	0	0	1	0	"""s1:1→1 / s2:47→1"""	""""""
47	93	49	217	0	0	0	1	0	1	0	0	"""s1:1→1 / s2:47→1"""	""""""
47	93	50	244	0	0	0	1	1	0	0	0	"""s1:1→1 / s2:47→1"""	""""""
47	93	49	213	0	0	1	0	0	0	1	0	"""s1:1→1 / s2:47→1"""	""""""
47	93	49	241	0	0	1	0	0	1	0	0	"""s1:1→1 / s2:47→1"""	""""""
47	93	49	233	0	1	0	0	0	0	1	0	"""s1:1→1 / s2:47→1"""	""""""
47	93	49	239	1	0	0	0	0	0	1	0	"""s1:1→1 / s2:6→0, 47→0"""	"""s2:46→1"""
47	93	49	239	1	0	0	0	0	0	1	0	"""s1:1→1 / s2:6→1, 47→1"""	"""s2:46→1"""
47	93	49	239	1	0	0	0	0	0	1	0	"""s1:1→1 / s2:6→1, 47→2"""	"""s2:46→1"""
47	93	49	239	1	0	0	0	0	0	1	0	"""s1:1→1 / s2:6→1, 47→3"""	"""s2:46→1"""
47	93	50	239	1	0	0	0	0	0	1	0	"""s1:1→1 / s2:6→1, 47→0"""	"""s2:46→1"""
47	93	49	267	1	0	0	0	0	1	0	0	"""s1:1→1 / s2:6→1, 47→0"""	"""s2:46→1"""
47	93	49	267	1	0	0	0	0	1	0	0	"""s1:1→1 / s2:6→1, 47→1"""	"""s2:46→1"""
47	93	50	211	1	0	1	0	0	0	1	0	"""s1:1→1 / s2:47→1 / s3:6→1, 47→0"""	"""s3:46→1"""
47	93	51	231	1	1	0	0	0	0	1	0	"""s1:1→1 / s2:47→1 / s3:6→1, 47→1"""	"""s3:46→1"""
47	94	48	222	0	0	0	0	0	0	1	0	"""s1:1→1"""	""""""
47	94	48	250	0	0	0	0	0	1	0	0	"""s1:1→1"""	""""""
47	97	51	244	0	0	0	2	0	0	0	0	"""s1:1→0, 47→1 / s2:1→1"""	""""""
47	110	55	49	0	0	0	0	0	0	0	2	"""s1:1→0, 47→1 / s2:1→1"""	""""""
47	110	51	164	0	0	0	0	0	0	1	1	"""s1:1→1, 47→0 / s2:47→1"""	""""""
47	110	50	192	0	0	0	0	0	1	0	1	"""s1:1→1, 47→0 / s2:47→1"""	""""""
47	110	49	219	0	0	0	0	1	0	0	1	"""s1:1→1, 47→0 / s2:47→1"""	""""""
47	110	52	245	0	0	0	1	0	0	0	1	"""s1:1→1, 47→0 / s2:47→1"""	""""""
47	111	48	153	0	0	0	0	0	0	0	1	"""s1:1→1"""	""""""
47	111	48	268	0	0	0	0	0	0	1	0	"""s1:1→1"""	""""""
47	111	53	145	0	1	0	0	0	0	0	1	"""s1:1→1 / s2:46→1"""	""""""
47	113	48	269	0	0	0	0	0	0	0	1	"""s1:47→1"""	""""""
47	113	51	136	0	0	0	0	0	0	1	1	"""s1:47→1 / s2:1→1"""	""""""
47	113	50	251	0	0	0	0	0	0	2	0	"""s1:1→0, 47→1 / s2:1→1"""	""""""
47	113	50	164	0	0	0	0	0	1	0	1	"""s1:47→1 / s2:1→1"""	""""""
47	113	50	191	0	0	0	0	1	0	0	1	"""s1:47→1 / s2:1→1"""	""""""
47	113	49	217	0	0	0	1	0	0	0	1	"""s1:47→1 / s2:1→1"""	""""""
47	113	49	241	0	0	1	0	0	0	0	1	"""s1:47→1 / s2:1→1"""	""""""
47	114	49	223	0	0	0	0	0	0	2	0	"""s1:1→0, 47→1 / s2:1→1"""	""""""
47	114	49	251	0	0	0	0	0	1	1	0	"""s1:1→1, 47→0 / s2:47→1"""	""""""
47	115	48	233	0	0	0	0	0	0	1	0	"""s1:1→1"""	""""""
47	115	48	261	0	0	0	0	0	1	0	0	"""s1:1→1"""	""""""
47	115	50	232	1	0	0	0	0	0	1	0	"""s1:1→1 / s2:46→0"""	"""s2:47→1"""
47	119	48	272	0	0	0	0	1	0	0	0	"""s1:1→1"""	""""""
47	121	49	244	0	0	0	2	0	0	0	0	"""s1:1→0, 47→1 / s2:1→1"""	""""""
47	123	48	244	0	0	0	0	0	0	0	1	"""s1:47→1"""	""""""
47	123	49	216	0	0	1	0	0	0	0	1	"""s1:47→1 / s2:1→1"""	""""""
47	123	49	236	0	1	0	0	0	0	0	1	"""s1:47→1 / s2:1→1, 3→0"""	""""""
47	125	48	155	0	0	0	0	0	0	0	1	"""s1:47→1"""	""""""
47	125	48	270	0	0	0	0	0	0	1	0	"""s1:47→1"""	""""""
47	125	51	127	0	0	1	0	0	0	0	1	"""s1:47→1 / s2:1→1"""	""""""
47	125	49	242	0	0	1	0	0	0	1	0	"""s1:47→1 / s2:1→1"""	""""""
47	125	50	147	0	1	0	0	0	0	0	1	"""s1:47→1 / s2:1→1"""	""""""
47	125	56	147	0	1	0	0	0	0	0	1	"""s1:47→1 / s2:1→2"""	""""""
47	125	64	147	0	1	0	0	0	0	0	1	"""s1:47→1 / s2:1→3"""	""""""
47	125	54	139	0	2	0	0	0	0	0	1	"""s1:47→1 / s2:1→1 / s3:1→1"""	""""""
47	125	52	153	1	0	0	0	0	0	0	1	"""s1:47→1 / s2:1→0, 3→0"""	"""s2:4→1"""
47	125	52	153	1	0	0	0	0	0	0	1	"""s1:47→1 / s2:1→1, 3→0"""	"""s2:4→1"""
47	125	53	153	1	0	0	0	0	0	0	1	"""s1:47→1 / s2:1→2, 3→0"""	"""s2:4→1"""
47	125	53	153	1	0	0	0	0	0	0	1	"""s1:47→1 / s2:1→3, 3→0"""	"""s2:4→1"""
47	125	54	153	1	0	0	0	0	0	0	1	"""s1:47→1 / s2:1→4, 3→0"""	"""s2:4→1"""
47	125	54	153	1	0	0	0	0	0	0	1	"""s1:47→1 / s2:1→5, 3→0"""	"""s2:4→1"""
47	125	49	268	1	0	0	0	0	0	1	0	"""s1:47→1 / s2:1→0, 3→0, 47→1"""	"""s2:4→1"""
47	125	49	268	1	0	0	0	0	0	1	0	"""s1:47→1 / s2:1→1, 3→0, 47→1"""	"""s2:4→1"""
47	125	49	268	1	0	0	0	0	0	1	0	"""s1:47→1 / s2:1→2, 3→0, 47→1"""	"""s2:4→1"""
47	125	49	268	1	0	0	0	0	0	1	0	"""s1:47→1 / s2:1→3, 3→0, 47→1"""	"""s2:4→1"""
47	125	53	125	1	0	1	0	0	0	0	1	"""s1:47→1 / s2:1→1 / s3:3→0"""	"""s3:4→1"""
47	125	52	145	1	1	0	0	0	0	0	1	"""s1:47→1 / s2:1→1 / s3:1→0, 3→0"""	"""s3:4→1"""
47	125	53	145	1	1	0	0	0	0	0	1	"""s1:47→1 / s2:1→1 / s3:1→1, 3→0"""	"""s3:4→1"""
47	125	53	145	1	1	0	0	0	0	0	1	"""s1:47→1 / s2:1→1 / s3:1→2, 3→0"""	"""s3:4→1"""
47	125	54	145	1	1	0	0	0	0	0	1	"""s1:47→1 / s2:1→1 / s3:1→3, 3→0"""	"""s3:4→1"""
47	125	55	145	1	1	0	0	0	0	0	1	"""s1:47→1 / s2:1→1 / s3:1→4, 3→0"""	"""s3:4→1"""
47	125	53	146	1	1	0	0	0	0	0	1	"""s1:47→1 / s2:1→1 / s3:1→0, 3→1"""	"""s3:49→1"""
47	125	53	146	1	1	0	0	0	0	0	1	"""s1:47→1 / s2:1→1 / s3:1→1, 3→1"""	"""s3:49→1"""
47	125	56	146	1	1	0	0	0	0	0	1	"""s1:47→1 / s2:1→1 / s3:1→1, 3→0"""	"""s3:49→1"""
47	125	53	137	1	2	0	0	0	0	0	1	"""s1:47→1 / s2:1→1 / s3:1→1 / s4:3→0"""	"""s4:4→1"""
47	129	48	131	0	0	0	1	0	0	0	0	"""s1:47→1"""	""""""
47	129	48	155	0	0	1	0	0	0	0	0	"""s1:47→1"""	""""""
47	129	48	175	0	1	0	0	0	0	0	0	"""s1:47→1"""	""""""
47	129	54	175	0	1	0	0	0	0	0	0	"""s1:47→2"""	""""""
47	129	56	175	0	1	0	0	0	0	0	0	"""s1:47→3"""	""""""
47	129	56	175	0	1	0	0	0	0	0	0	"""s1:47→4"""	""""""
47	129	56	175	0	1	0	0	0	0	0	0	"""s1:47→5"""	""""""
47	129	54	167	0	2	0	0	0	0	0	0	"""s1:47→1 / s2:47→1"""	""""""
47	129	56	167	0	2	0	0	0	0	0	0	"""s1:47→1 / s2:47→2"""	""""""
47	129	48	181	1	0	0	0	0	0	0	0	"""s1:47→0"""	"""s1:46→1"""
47	129	52	181	1	0	0	0	0	0	0	0	"""s1:47→1"""	"""s1:46→1"""
47	129	54	181	1	0	0	0	0	0	0	0	"""s1:47→2"""	"""s1:46→1"""
47	129	54	181	1	0	0	0	0	0	0	0	"""s1:47→3"""	"""s1:46→1"""
47	129	55	181	1	0	0	0	0	0	0	0	"""s1:47→4"""	"""s1:46→1"""
47	129	55	181	1	0	0	0	0	0	0	0	"""s1:47→5"""	"""s1:46→1"""
47	129	52	153	1	0	1	0	0	0	0	0	"""s1:47→1 / s2:47→0"""	"""s2:46→1"""
47	129	51	173	1	1	0	0	0	0	0	0	"""s1:47→1 / s2:47→0"""	"""s2:46→1"""
47	129	54	173	1	1	0	0	0	0	0	0	"""s1:47→1 / s2:47→1"""	"""s2:46→1"""
47	129	54	173	1	1	0	0	0	0	0	0	"""s1:47→2 / s2:47→0"""	"""s2:46→1"""
47	129	55	173	1	1	0	0	0	0	0	0	"""s1:47→1 / s2:47→2"""	"""s2:46→1"""
47	129	55	173	1	1	0	0	0	0	0	0	"""s1:47→1 / s2:47→3"""	"""s2:46→1"""
47	129	55	173	1	1	0	0	0	0	0	0	"""s1:47→1 / s2:47→4"""	"""s2:46→1"""
47	129	55	173	1	1	0	0	0	0	0	0	"""s1:47→1 / s2:47→5"""	"""s2:46→1"""
47	129	55	173	1	1	0	0	0	0	0	0	"""s1:47→2 / s2:47→1"""	"""s2:46→1"""
47	129	55	174	1	1	0	0	0	0	0	0	"""s1:47→1 / s2:47→1"""	"""s2:48→1"""
47	129	55	174	1	1	0	0	0	0	0	0	"""s1:47→1 / s2:47→2"""	"""s2:48→1"""
47	129	56	174	1	1	0	0	0	0	0	0	"""s1:47→1 / s2:47→3"""	"""s2:48→1"""
47	129	56	174	1	1	0	0	0	0	0	0	"""s1:47→1 / s2:47→4"""	"""s2:48→1"""
47	129	56	174	1	1	0	0	0	0	0	0	"""s1:47→1 / s2:47→5"""	"""s2:48→1"""
47	129	56	173	1	1	0	0	0	0	0	0	"""s1:47→3 / s2:47→0"""	"""s2:46→1"""
47	129	54	165	1	2	0	0	0	0	0	0	"""s1:47→1 / s2:47→1 / s3:47→0"""	"""s3:46→1"""
47	129	54	172	2	1	0	0	0	0	0	0	"""s1:47→1 / s2:47→1 / s3:47→0"""	"""s2:48→1 / s3:46→1"""
47	129	56	172	2	1	0	0	0	0	0	0	"""s1:47→1 / s2:47→2 / s3:∅"""	"""s2:48→1 / s3:46→1"""
47	135	52	153	1	0	0	0	0	0	0	0	"""s1:2→0"""	"""s1:3→1"""
