"TH"	"index"	"Tmin"	"Delta"	"n2"	"n3"	"n4"	"n5"	"n6"	"n7"	"n8"	"n12"
13	1	16	194	2	0	0	1	0	0	0	0
13	1	16	195	1	0	0	1	0	0	0	0
13	1	16	218	2	0	1	0	0	0	0	0
13	1	16	219	1	0	1	0	0	0	0	0
13	1	16	231	1	2	0	0	0	0	0	0
13	1	16	238	2	1	0	0	0	0	0	0
13	1	16	239	1	1	0	0	0	0	0	0
13	1	16	246	2	0	0	0	0	0	0	0
13	1	16	247	1	0	0	0	0	0	0	0
13	1	17	168	2	0	0	0	1	0	0	0
13	1	17	169	1	0	0	0	1	0	0	0
13	1	17	188	0	1	0	1	0	0	0	0
13	1	17	194	2	0	0	1	0	0	0	0
13	1	17	195	1	0	0	1	0	0	0	0
13	1	17	211	1	1	1	0	0	0	0	0
13	1	17	219	1	0	1	0	0	0	0	0
13	1	17	230	2	2	0	0	0	0	0	0
13	1	17	231	1	2	0	0	0	0	0	0
13	1	17	232	0	2	0	0	0	0	0	0
13	1	17	237	2	1	0	0	0	0	0	0
13	1	17	237	3	1	0	0	0	0	0	0
13	1	17	238	2	1	0	0	0	0	0	0
13	1	17	239	1	1	0	0	0	0	0	0
13	1	17	240	0	1	0	0	0	0	0	0
13	1	17	246	2	0	0	0	0	0	0	0
13	1	17	247	1	0	0	0	0	0	0	0
13	1	18	134	1	1	0	0	0	1	0	0
13	1	18	141	2	0	0	0	0	1	0	0
13	1	18	142	1	0	0	0	0	1	0	0
13	1	18	161	1	1	0	0	1	0	0	0
13	1	18	162	0	1	0	0	1	0	0	0
13	1	18	187	1	1	0	1	0	0	0	0
13	1	18	195	1	0	0	1	0	0	0	0
13	1	18	211	1	1	1	0	0	0	0	0
13	1	18	218	2	0	1	0	0	0	0	0
13	1	18	219	1	0	1	0	0	0	0	0
13	1	18	223	1	3	0	0	0	0	0	0
13	1	18	231	1	2	0	0	0	0	0	0
13	1	18	236	3	1	0	0	0	0	0	0
13	1	18	237	2	1	0	0	0	0	0	0
13	1	18	237	3	1	0	0	0	0	0	0
13	1	18	238	2	1	0	0	0	0	0	0
13	1	18	239	1	1	0	0	0	0	0	0
13	1	18	246	2	0	0	0	0	0	0	0
13	1	18	247	1	0	0	0	0	0	0	0
13	1	19	106	1	1	0	0	0	0	1	0
13	1	19	113	2	0	0	0	0	0	1	0
13	1	19	114	1	0	0	0	0	0	1	0
13	1	19	133	2	1	0	0	0	1	0	0
13	1	19	134	1	1	0	0	0	1	0	0
13	1	19	141	1	0	1	0	1	0	0	0
13	1	19	141	2	0	0	0	0	1	0	0
13	1	19	142	1	0	0	0	0	1	0	0
13	1	19	160	2	1	0	0	1	0	0	0
13	1	19	161	1	1	0	0	1	0	0	0
13	1	19	167	1	0	1	1	0	0	0	0
13	1	19	169	1	0	0	0	1	0	0	0
13	1	19	187	1	1	0	1	0	0	0	0
13	1	19	194	2	0	0	1	0	0	0	0
13	1	19	195	1	0	0	1	0	0	0	0
13	1	19	218	2	0	1	0	0	0	0	0
13	1	19	219	1	0	1	0	0	0	0	0
13	1	19	230	2	2	0	0	0	0	0	0
13	1	19	231	1	2	0	0	0	0	0	0
13	1	19	232	0	2	0	0	0	0	0	0
13	1	19	237	2	1	0	0	0	0	0	0
13	1	19	237	3	1	0	0	0	0	0	0
13	1	19	238	2	1	0	0	0	0	0	0
13	1	19	239	1	1	0	0	0	0	0	0
13	1	19	246	2	0	0	0	0	0	0	0
13	1	19	247	1	0	0	0	0	0	0	0
13	1	20	105	2	1	0	0	0	0	1	0
13	1	20	106	1	1	0	0	0	0	1	0
13	1	20	113	2	0	0	0	0	0	1	0
13	1	20	134	1	1	0	0	0	1	0	0
13	1	20	168	2	0	0	0	1	0	0	0
13	1	20	169	1	0	0	0	1	0	0	0
13	1	20	195	1	0	0	1	0	0	0	0
13	1	20	211	1	1	1	0	0	0	0	0
13	1	20	219	1	0	1	0	0	0	0	0
13	1	20	230	2	2	0	0	0	0	0	0
13	1	20	231	1	2	0	0	0	0	0	0
13	1	20	232	0	2	0	0	0	0	0	0
13	1	20	237	2	1	0	0	0	0	0	0
13	1	20	238	2	1	0	0	0	0	0	0
13	1	20	239	1	1	0	0	0	0	0	0
13	1	20	246	2	0	0	0	0	0	0	0
13	1	20	247	1	0	0	0	0	0	0	0
13	1	21	106	1	1	0	0	0	0	1	0
13	1	21	114	1	0	0	0	0	0	1	0
13	1	21	141	2	0	0	0	0	1	0	0
13	1	21	153	1	2	0	0	1	0	0	0
13	1	21	169	1	0	0	0	1	0	0	0
13	1	21	195	1	0	0	1	0	0	0	0
13	1	21	211	1	1	1	0	0	0	0	0
13	1	21	218	2	0	1	0	0	0	0	0
13	1	21	219	1	0	1	0	0	0	0	0
13	1	21	223	1	3	0	0	0	0	0	0
13	1	21	231	1	2	0	0	0	0	0	0
13	1	21	237	3	1	0	0	0	0	0	0
13	1	21	238	2	1	0	0	0	0	0	0
13	1	21	239	1	1	0	0	0	0	0	0
13	1	21	247	1	0	0	0	0	0	0	0
13	1	22	106	1	1	0	0	0	0	1	0
13	1	22	107	0	1	0	0	0	0	1	0
13	1	22	133	2	1	0	0	0	1	0	0
13	1	22	134	1	1	0	0	0	1	0	0
13	1	22	153	1	2	0	0	1	0	0	0
13	1	22	167	1	0	1	1	0	0	0	0
13	1	22	168	2	0	0	0	1	0	0	0
13	1	22	169	1	0	0	0	1	0	0	0
13	1	22	223	1	3	0	0	0	0	0	0
13	1	22	230	2	2	0	0	0	0	0	0
13	1	22	231	1	2	0	0	0	0	0	0
13	1	22	232	0	2	0	0	0	0	0	0
13	1	22	236	3	1	0	0	0	0	0	0
13	1	22	237	2	1	0	0	0	0	0	0
13	1	22	238	2	1	0	0	0	0	0	0
13	1	22	239	1	1	0	0	0	0	0	0
13	1	22	240	0	1	0	0	0	0	0	0
13	1	22	246	2	0	0	0	0	0	0	0
13	1	23	-9	1	1	0	0	0	0	0	1
13	1	23	-2	2	0	0	0	0	0	0	1
13	1	23	-1	1	0	0	0	0	0	0	1
13	1	23	106	1	1	0	0	0	0	1	0
13	1	23	143	1	0	0	2	0	0	0	0
13	1	23	160	2	1	0	0	1	0	0	0
13	1	23	161	1	1	0	0	1	0	0	0
13	1	23	168	2	0	0	0	1	0	0	0
13	1	23	187	1	1	0	1	0	0	0	0
13	1	23	230	2	2	0	0	0	0	0	0
13	1	23	236	3	1	0	0	0	0	0	0
13	1	23	238	2	1	0	0	0	0	0	0
13	1	23	239	1	1	0	0	0	0	0	0
13	1	23	246	2	0	0	0	0	0	0	0
13	1	24	-10	2	1	0	0	0	0	0	1
13	1	24	-9	1	1	0	0	0	0	0	1
13	1	24	-8	0	1	0	0	0	0	0	1
13	1	24	141	1	0	1	0	1	0	0	0
13	1	24	142	1	0	0	0	0	1	0	0
13	1	24	230	2	2	0	0	0	0	0	0
13	1	24	231	1	2	0	0	0	0	0	0
13	1	24	237	3	1	0	0	0	0	0	0
13	1	24	238	2	1	0	0	0	0	0	0
13	1	25	106	1	1	0	0	0	0	1	0
13	1	25	134	1	1	0	0	0	1	0	0
13	1	25	142	1	0	0	0	0	1	0	0
13	1	25	223	1	3	0	0	0	0	0	0
13	1	25	237	3	1	0	0	0	0	0	0
13	1	25	238	2	1	0	0	0	0	0	0
13	1	25	239	1	1	0	0	0	0	0	0
13	1	25	246	2	0	0	0	0	0	0	0
13	1	26	134	1	1	0	0	0	1	0	0
13	1	26	167	1	0	1	1	0	0	0	0
13	1	26	168	2	0	0	0	1	0	0	0
13	1	26	191	1	0	2	0	0	0	0	0
13	1	26	218	2	0	1	0	0	0	0	0
13	1	26	236	3	1	0	0	0	0	0	0
13	1	26	237	3	1	0	0	0	0	0	0
13	1	26	238	2	1	0	0	0	0	0	0
13	1	27	106	1	1	0	0	0	0	1	0
13	1	27	134	1	1	0	0	0	1	0	0
13	1	27	237	2	1	0	0	0	0	0	0
13	1	27	238	2	1	0	0	0	0	0	0
13	1	28	105	2	1	0	0	0	0	1	0
13	1	28	161	1	1	0	0	1	0	0	0
13	1	28	231	1	2	0	0	0	0	0	0
13	1	28	237	3	1	0	0	0	0	0	0
13	1	28	238	2	1	0	0	0	0	0	0
13	1	29	230	2	2	0	0	0	0	0	0
13	1	29	231	1	2	0	0	0	0	0	0
13	1	30	141	2	0	0	0	0	1	0	0
13	1	30	160	2	1	0	0	1	0	0	0
13	1	30	231	1	2	0	0	0	0	0	0
13	1	31	105	2	1	0	0	0	0	1	0
13	1	31	239	1	1	0	0	0	0	0	0
13	1	32	134	1	1	0	0	0	1	0	0
13	1	32	153	1	2	0	0	1	0	0	0
13	1	32	239	1	1	0	0	0	0	0	0
13	1	33	223	1	3	0	0	0	0	0	0
13	1	33	236	3	1	0	0	0	0	0	0
13	1	34	135	0	1	0	0	0	1	0	0
13	1	34	236	3	1	0	0	0	0	0	0
13	1	34	238	2	1	0	0	0	0	0	0
13	1	34	239	1	1	0	0	0	0	0	0
13	1	36	143	1	0	0	2	0	0	0	0
13	1	36	238	2	1	0	0	0	0	0	0
13	1	38	117	1	0	0	1	1	0	0	0
13	1	38	135	0	1	0	0	0	1	0	0
13	1	38	231	1	2	0	0	0	0	0	0
13	1	38	236	3	1	0	0	0	0	0	0
13	1	39	134	1	1	0	0	0	1	0	0
13	1	40	143	1	0	0	2	0	0	0	0
13	1	40	236	3	1	0	0	0	0	0	0
13	1	40	238	2	1	0	0	0	0	0	0
13	1	41	167	1	0	1	1	0	0	0	0
13	1	41	191	1	0	2	0	0	0	0	0
13	1	42	134	1	1	0	0	0	1	0	0
13	1	43	246	2	0	0	0	0	0	0	0
13	1	44	211	1	1	1	0	0	0	0	0
13	1	44	218	2	0	1	0	0	0	0	0
13	1	47	167	1	0	1	1	0	0	0	0
13	1	49	186	2	1	0	1	0	0	0	0
13	1	49	231	1	2	0	0	0	0	0	0
13	1	50	238	2	1	0	0	0	0	0	0
13	1	51	187	1	1	0	1	0	0	0	0
13	1	51	237	2	1	0	0	0	0	0	0
13	1	51	239	1	1	0	0	0	0	0	0
13	1	56	195	1	0	0	1	0	0	0	0
13	1	58	187	1	1	0	1	0	0	0	0
13	1	59	187	1	1	0	1	0	0	0	0
13	1	59	236	3	1	0	0	0	0	0	0
13	1	63	238	2	1	0	0	0	0	0	0
13	1	66	230	2	2	0	0	0	0	0	0
13	1	66	237	2	1	0	0	0	0	0	0
13	1	67	187	1	1	0	1	0	0	0	0
13	1	67	236	3	1	0	0	0	0	0	0
13	1	67	238	2	1	0	0	0	0	0	0
13	1	67	239	1	1	0	0	0	0	0	0
13	1	69	238	2	1	0	0	0	0	0	0
13	1	69	239	1	1	0	0	0	0	0	0
13	1	74	239	1	1	0	0	0	0	0	0
13	1	81	238	2	1	0	0	0	0	0	0
13	1	90	211	1	1	1	0	0	0	0	0
13	1	97	218	2	0	1	0	0	0	0	0
13	1	97	230	2	2	0	0	0	0	0	0
13	1	104	238	2	1	0	0	0	0	0	0
13	1	104	239	1	1	0	0	0	0	0	0
13	1	104	246	2	0	0	0	0	0	0	0
13	1	106	143	1	0	0	2	0	0	0	0
13	1	116	167	1	0	1	1	0	0	0	0
13	1	116	231	1	2	0	0	0	0	0	0
13	1	117	134	1	1	0	0	0	1	0	0
13	1	117	238	2	1	0	0	0	0	0	0
13	1	118	238	2	1	0	0	0	0	0	0
13	1	119	230	2	2	0	0	0	0	0	0
13	1	120	238	2	1	0	0	0	0	0	0
13	1	121	231	1	2	0	0	0	0	0	0
13	1	122	238	2	1	0	0	0	0	0	0
13	1	125	237	2	1	0	0	0	0	0	0
13	1	125	238	2	1	0	0	0	0	0	0
13	1	129	186	2	1	0	1	0	0	0	0
13	1	130	238	2	1	0	0	0	0	0	0
13	1	135	187	1	1	0	1	0	0	0	0
13	1	142	238	2	1	0	0	0	0	0	0
13	1	144	236	3	1	0	0	0	0	0	0
13	1	144	238	2	1	0	0	0	0	0	0
13	1	154	161	1	1	0	0	1	0	0	0
13	1	154	162	0	1	0	0	1	0	0	0
13	1	156	154	0	2	0	0	1	0	0	0
13	1	157	134	1	1	0	0	0	1	0	0
13	1	158	161	1	1	0	0	1	0	0	0
13	1	160	154	0	2	0	0	1	0	0	0
13	1	161	159	1	1	1	1	0	0	0	0
13	1	163	162	0	1	0	0	1	0	0	0
13	1	164	154	0	2	0	0	1	0	0	0
13	1	164	161	1	1	0	0	1	0	0	0
13	1	167	153	1	2	0	0	1	0	0	0
13	1	167	160	2	1	0	0	1	0	0	0
13	1	167	161	1	1	0	0	1	0	0	0
13	1	168	153	1	2	0	0	1	0	0	0
13	1	169	159	2	1	0	0	1	0	0	0
13	1	169	161	1	1	0	0	1	0	0	0
13	1	171	153	1	2	0	0	1	0	0	0
13	1	171	159	2	1	0	0	1	0	0	0
13	1	171	161	1	1	0	0	1	0	0	0
13	1	172	159	2	1	0	0	1	0	0	0
13	1	172	161	1	1	0	0	1	0	0	0
13	1	173	159	2	1	0	0	1	0	0	0
13	1	173	223	1	3	0	0	0	0	0	0
13	1	174	159	2	1	0	0	1	0	0	0
13	1	175	159	2	1	0	0	1	0	0	0
13	1	176	133	2	1	0	0	0	1	0	0
13	1	178	179	1	2	0	1	0	0	0	0
13	1	179	160	2	1	0	0	1	0	0	0
13	1	179	211	1	1	1	0	0	0	0	0
13	1	183	230	2	2	0	0	0	0	0	0
13	1	186	231	1	2	0	0	0	0	0	0
13	1	188	179	1	2	0	1	0	0	0	0
13	1	190	179	1	2	0	1	0	0	0	0
13	2	16	194	1	0	0	1	0	0	0	0
13	2	16	218	1	0	1	0	0	0	0	0
13	2	16	237	2	1	0	0	0	0	0	0
13	2	16	238	1	1	0	0	0	0	0	0
13	2	16	246	1	0	0	0	0	0	0	0
13	2	17	160	1	1	0	0	1	0	0	0
13	2	17	168	1	0	0	0	1	0	0	0
13	2	17	186	1	1	0	1	0	0	0	0
13	2	17	237	2	1	0	0	0	0	0	0
13	2	17	238	1	1	0	0	0	0	0	0
13	2	17	239	0	1	0	0	0	0	0	0
13	2	17	246	1	0	0	0	0	0	0	0
13	2	18	141	1	0	0	0	0	1	0	0
13	2	18	166	1	0	1	1	0	0	0	0
13	2	18	168	1	0	0	0	1	0	0	0
13	2	18	218	1	0	1	0	0	0	0	0
13	2	18	230	1	2	0	0	0	0	0	0
13	2	18	236	2	1	0	0	0	0	0	0
13	2	18	238	1	1	0	0	0	0	0	0
13	2	18	246	1	0	0	0	0	0	0	0
13	2	19	105	1	1	0	0	0	0	1	0
13	2	19	113	1	0	0	0	0	0	1	0
13	2	19	133	1	1	0	0	0	1	0	0
13	2	19	160	1	1	0	0	1	0	0	0
13	2	19	218	1	0	1	0	0	0	0	0
13	2	19	230	1	2	0	0	0	0	0	0
13	2	19	231	0	2	0	0	0	0	0	0
13	2	19	238	1	1	0	0	0	0	0	0
13	2	20	104	2	1	0	0	0	0	1	0
13	2	20	105	1	1	0	0	0	0	1	0
13	2	20	140	1	0	1	0	1	0	0	0
13	2	20	160	1	1	0	0	1	0	0	0
13	2	20	218	1	0	1	0	0	0	0	0
13	2	20	230	1	2	0	0	0	0	0	0
13	2	20	236	2	1	0	0	0	0	0	0
13	2	20	237	2	1	0	0	0	0	0	0
13	2	20	238	1	1	0	0	0	0	0	0
13	2	21	104	2	1	0	0	0	0	1	0
13	2	21	105	1	1	0	0	0	0	1	0
13	2	21	140	1	0	1	0	1	0	0	0
13	2	21	230	1	2	0	0	0	0	0	0
13	2	21	236	2	1	0	0	0	0	0	0
13	2	21	237	2	1	0	0	0	0	0	0
13	2	21	238	1	1	0	0	0	0	0	0
13	2	22	105	1	1	0	0	0	0	1	0
13	2	22	106	0	1	0	0	0	0	1	0
13	2	22	132	2	1	0	0	0	1	0	0
13	2	22	133	1	1	0	0	0	1	0	0
13	2	22	152	1	2	0	0	1	0	0	0
13	2	22	230	1	2	0	0	0	0	0	0
13	2	22	231	0	2	0	0	0	0	0	0
13	2	22	236	2	1	0	0	0	0	0	0
13	2	22	237	2	1	0	0	0	0	0	0
13	2	22	238	1	1	0	0	0	0	0	0
13	2	22	239	0	1	0	0	0	0	0	0
13	2	23	97	1	2	0	0	0	0	1	0
13	2	23	98	0	2	0	0	0	0	1	0
13	2	23	103	2	1	0	0	0	0	1	0
13	2	23	152	1	2	0	0	1	0	0	0
13	2	23	218	1	0	1	0	0	0	0	0
13	2	24	133	1	1	0	0	0	1	0	0
13	2	25	152	1	2	0	0	1	0	0	0
13	2	27	132	2	1	0	0	0	1	0	0
13	2	27	236	2	1	0	0	0	0	0	0
13	2	28	238	1	1	0	0	0	0	0	0
13	2	32	134	0	1	0	0	0	1	0	0
13	2	33	126	0	2	0	0	0	1	0	0
13	2	35	134	0	1	0	0	0	1	0	0
13	2	36	125	1	2	0	0	0	1	0	0
13	2	36	126	0	2	0	0	0	1	0	0
13	2	36	133	1	1	0	0	0	1	0	0
13	2	36	238	1	1	0	0	0	0	0	0
13	2	37	131	2	1	0	0	0	1	0	0
13	2	37	133	1	1	0	0	0	1	0	0
13	2	38	125	1	2	0	0	0	1	0	0
13	2	38	131	2	1	0	0	0	1	0	0
13	2	38	133	1	1	0	0	0	1	0	0
13	2	38	237	2	1	0	0	0	0	0	0
13	2	39	131	2	1	0	0	0	1	0	0
13	2	40	194	1	0	0	1	0	0	0	0
13	2	40	238	1	1	0	0	0	0	0	0
13	2	41	230	1	2	0	0	0	0	0	0
13	2	45	186	1	1	0	1	0	0	0	0
13	2	45	237	2	1	0	0	0	0	0	0
13	2	61	218	1	0	1	0	0	0	0	0
13	2	66	236	2	1	0	0	0	0	0	0
13	2	70	238	1	1	0	0	0	0	0	0
13	2	80	238	1	1	0	0	0	0	0	0
13	2	86	236	2	1	0	0	0	0	0	0
13	2	122	238	1	1	0	0	0	0	0	0
13	2	131	160	1	1	0	0	1	0	0	0
13	2	146	166	1	0	1	1	0	0	0	0
13	2	151	159	2	1	0	0	1	0	0	0
13	2	173	194	1	0	0	1	0	0	0	0
13	2	183	186	1	1	0	1	0	0	0	0
13	3	17	213	1	1	0	0	0	0	0	0
13	3	18	185	1	1	1	0	0	0	0	0
13	3	18	205	1	2	0	0	0	0	0	0
13	3	18	206	0	2	0	0	0	0	0	0
13	3	18	211	2	1	0	0	0	0	0	0
13	3	18	213	1	1	0	0	0	0	0	0
13	3	18	214	0	1	0	0	0	0	0	0
13	3	19	135	1	1	0	0	1	0	0	0
13	3	19	136	0	1	0	0	1	0	0	0
13	3	19	161	1	1	0	1	0	0	0	0
13	3	19	205	1	2	0	0	0	0	0	0
13	3	19	206	0	2	0	0	0	0	0	0
13	3	19	211	2	1	0	0	0	0	0	0
13	3	19	213	1	1	0	0	0	0	0	0
13	3	19	214	0	1	0	0	0	0	0	0
13	3	20	80	1	1	0	0	0	0	1	0
13	3	20	81	0	1	0	0	0	0	1	0
13	3	20	108	1	1	0	0	0	1	0	0
13	3	20	109	0	1	0	0	0	1	0	0
13	3	20	127	1	2	0	0	1	0	0	0
13	3	20	128	0	2	0	0	1	0	0	0
13	3	20	133	2	1	0	0	1	0	0	0
13	3	20	135	1	1	0	0	1	0	0	0
13	3	20	162	0	1	0	1	0	0	0	0
13	3	20	186	0	1	1	0	0	0	0	0
13	3	20	205	1	2	0	0	0	0	0	0
13	3	20	206	0	2	0	0	0	0	0	0
13	3	20	211	2	1	0	0	0	0	0	0
13	3	20	213	1	1	0	0	0	0	0	0
13	3	20	214	0	1	0	0	0	0	0	0
13	3	21	80	1	1	0	0	0	0	1	0
13	3	21	127	1	2	0	0	1	0	0	0
13	3	21	136	0	1	0	0	1	0	0	0
13	3	21	185	1	1	1	0	0	0	0	0
13	3	22	80	1	1	0	0	0	0	1	0
13	3	22	81	0	1	0	0	0	0	1	0
13	3	22	108	1	1	0	0	0	1	0	0
13	3	22	109	0	1	0	0	0	1	0	0
13	3	22	133	2	1	0	0	1	0	0	0
13	3	22	135	1	1	0	0	1	0	0	0
13	3	22	161	1	1	0	1	0	0	0	0
13	3	22	205	1	2	0	0	0	0	0	0
13	3	22	206	0	2	0	0	0	0	0	0
13	3	22	211	2	1	0	0	0	0	0	0
13	3	22	213	1	1	0	0	0	0	0	0
13	3	22	214	0	1	0	0	0	0	0	0
13	3	23	80	1	1	0	0	0	0	1	0
13	3	23	108	1	1	0	0	0	1	0	0
13	3	23	135	1	1	0	0	1	0	0	0
13	3	23	154	0	2	0	1	0	0	0	0
13	3	23	205	1	2	0	0	0	0	0	0
13	3	23	211	2	1	0	0	0	0	0	0
13	3	23	213	1	1	0	0	0	0	0	0
13	3	24	108	1	1	0	0	0	1	0	0
13	3	24	161	1	1	0	1	0	0	0	0
13	3	24	211	2	1	0	0	0	0	0	0
13	3	27	205	1	2	0	0	0	0	0	0
13	3	29	211	2	1	0	0	0	0	0	0
13	3	30	135	1	1	0	0	1	0	0	0
13	3	30	205	1	2	0	0	0	0	0	0
13	3	30	211	2	1	0	0	0	0	0	0
13	3	32	136	0	1	0	0	1	0	0	0
13	3	33	128	0	2	0	0	1	0	0	0
13	3	34	136	0	1	0	0	1	0	0	0
13	3	35	136	0	1	0	0	1	0	0	0
13	3	35	153	1	2	0	1	0	0	0	0
13	3	36	128	0	2	0	0	1	0	0	0
13	3	36	135	1	1	0	0	1	0	0	0
13	3	37	127	1	2	0	0	1	0	0	0
13	3	37	206	0	2	0	0	0	0	0	0
13	3	38	133	2	1	0	0	1	0	0	0
13	3	38	135	1	1	0	0	1	0	0	0
13	3	39	127	1	2	0	0	1	0	0	0
13	3	39	133	2	1	0	0	1	0	0	0
13	3	39	135	1	1	0	0	1	0	0	0
13	3	39	136	0	1	0	0	1	0	0	0
13	3	41	135	1	1	0	0	1	0	0	0
13	3	43	206	0	2	0	0	0	0	0	0
13	3	44	135	1	1	0	0	1	0	0	0
13	3	44	211	2	1	0	0	0	0	0	0
13	3	47	205	1	2	0	0	0	0	0	0
13	3	52	205	1	2	0	0	0	0	0	0
13	3	67	153	1	2	0	1	0	0	0	0
13	3	101	178	0	2	1	0	0	0	0	0
13	3	104	178	0	2	1	0	0	0	0	0
13	3	109	161	1	1	0	1	0	0	0	0
13	3	117	159	2	1	0	1	0	0	0	0
13	3	122	159	2	1	0	1	0	0	0	0
13	3	142	133	2	1	0	0	1	0	0	0
13	3	156	162	0	1	0	1	0	0	0	0
13	3	163	185	1	1	1	0	0	0	0	0
13	3	164	213	1	1	0	0	0	0	0	0
13	3	167	183	2	1	1	0	0	0	0	0
13	3	168	206	0	2	0	0	0	0	0	0
13	4	18	136	1	1	1	0	0	0	0	0
13	4	18	144	1	0	1	0	0	0	0	0
13	4	18	156	1	2	0	0	0	0	0	0
13	4	18	164	1	1	0	0	0	0	0	0
13	4	18	172	1	0	0	0	0	0	0	0
13	4	19	113	1	1	0	1	0	0	0	0
13	4	19	136	1	1	1	0	0	0	0	0
13	4	19	137	1	1	1	0	0	0	0	0
13	4	19	144	1	0	1	0	0	0	0	0
13	4	19	157	1	2	0	0	0	0	0	0
13	4	19	164	1	1	0	0	0	0	0	0
13	4	19	165	1	1	0	0	0	0	0	0
13	4	19	166	0	1	0	0	0	0	0	0
13	4	19	172	1	0	0	0	0	0	0	0
13	4	20	136	1	1	1	0	0	0	0	0
13	4	20	137	1	1	1	0	0	0	0	0
13	4	20	144	1	0	1	0	0	0	0	0
13	4	20	156	1	2	0	0	0	0	0	0
13	4	20	157	1	2	0	0	0	0	0	0
13	4	20	163	2	1	0	0	0	0	0	0
13	4	20	164	1	1	0	0	0	0	0	0
13	4	20	165	1	1	0	0	0	0	0	0
13	4	20	172	1	0	0	0	0	0	0	0
13	4	21	164	1	1	0	0	0	0	0	0
13	4	21	165	1	1	0	0	0	0	0	0
13	4	21	172	1	0	0	0	0	0	0	0
13	4	22	113	1	1	0	1	0	0	0	0
13	4	22	165	1	1	0	0	0	0	0	0
13	4	22	166	0	1	0	0	0	0	0	0
13	4	23	113	1	1	0	1	0	0	0	0
13	4	23	155	2	2	0	0	0	0	0	0
13	4	23	157	1	2	0	0	0	0	0	0
13	4	23	163	2	1	0	0	0	0	0	0
13	4	24	164	1	1	0	0	0	0	0	0
13	4	25	164	1	1	0	0	0	0	0	0
13	4	26	163	2	1	0	0	0	0	0	0
13	4	28	158	0	2	0	0	0	0	0	0
13	4	28	163	2	1	0	0	0	0	0	0
13	4	28	164	1	1	0	0	0	0	0	0
13	4	28	165	1	1	0	0	0	0	0	0
13	4	29	163	2	1	0	0	0	0	0	0
13	4	30	163	2	1	0	0	0	0	0	0
13	4	31	156	1	2	0	0	0	0	0	0
13	4	31	157	1	2	0	0	0	0	0	0
13	4	34	163	2	1	0	0	0	0	0	0
13	4	35	156	1	2	0	0	0	0	0	0
13	4	44	157	1	2	0	0	0	0	0	0
13	4	45	165	1	1	0	0	0	0	0	0
13	4	50	163	2	1	0	0	0	0	0	0
13	4	57	155	2	2	0	0	0	0	0	0
13	4	76	157	1	2	0	0	0	0	0	0
13	4	80	164	1	1	0	0	0	0	0	0
13	4	82	137	1	1	1	0	0	0	0	0
13	4	89	164	1	1	0	0	0	0	0	0
13	4	124	163	2	1	0	0	0	0	0	0
13	4	128	164	1	1	0	0	0	0	0	0
13	4	132	137	1	1	1	0	0	0	0	0
13	4	133	163	2	1	0	0	0	0	0	0
13	4	140	163	2	1	0	0	0	0	0	0
13	4	168	156	1	2	0	0	0	0	0	0
13	4	172	156	1	2	0	0	0	0	0	0
13	4	172	164	1	1	0	0	0	0	0	0
13	4	180	163	2	1	0	0	0	0	0	0
13	5	17	161	2	1	0	0	0	0	0	0
13	5	17	162	1	1	0	0	0	0	0	0
13	5	17	163	1	1	0	0	0	0	0	0
13	5	17	170	1	0	0	0	0	0	0	0
13	5	18	142	1	0	1	0	0	0	0	0
13	5	18	153	2	2	0	0	0	0	0	0
13	5	18	154	1	2	0	0	0	0	0	0
13	5	18	154	2	2	0	0	0	0	0	0
13	5	18	155	1	2	0	0	0	0	0	0
13	5	18	162	1	1	0	0	0	0	0	0
13	5	18	163	1	1	0	0	0	0	0	0
13	5	18	170	1	0	0	0	0	0	0	0
13	5	19	142	1	0	1	0	0	0	0	0
13	5	19	163	1	1	0	0	0	0	0	0
13	5	19	164	0	1	0	0	0	0	0	0
13	5	19	170	1	0	0	0	0	0	0	0
13	5	20	142	1	0	1	0	0	0	0	0
13	5	20	162	1	1	0	0	0	0	0	0
13	5	20	163	1	1	0	0	0	0	0	0
13	5	20	170	1	0	0	0	0	0	0	0
13	5	21	162	1	1	0	0	0	0	0	0
13	5	21	170	1	0	0	0	0	0	0	0
13	5	22	163	1	1	0	0	0	0	0	0
13	5	22	164	0	1	0	0	0	0	0	0
13	5	23	163	1	1	0	0	0	0	0	0
13	5	27	163	1	1	0	0	0	0	0	0
13	5	28	162	1	1	0	0	0	0	0	0
13	5	28	163	1	1	0	0	0	0	0	0
13	5	29	161	2	1	0	0	0	0	0	0
13	5	32	161	2	1	0	0	0	0	0	0
13	5	41	155	1	2	0	0	0	0	0	0
13	5	42	163	1	1	0	0	0	0	0	0
13	5	50	153	2	2	0	0	0	0	0	0
13	5	67	162	1	1	0	0	0	0	0	0
13	5	86	162	1	1	0	0	0	0	0	0
13	5	97	162	1	1	0	0	0	0	0	0
13	5	100	161	2	1	0	0	0	0	0	0
13	5	124	154	1	2	0	0	0	0	0	0
13	5	129	162	1	1	0	0	0	0	0	0
13	5	130	161	2	1	0	0	0	0	0	0
13	5	174	155	1	2	0	0	0	0	0	0
13	5	175	163	1	1	0	0	0	0	0	0
13	5	179	161	2	1	0	0	0	0	0	0
13	5	187	161	2	1	0	0	0	0	0	0
13	5	189	161	2	1	0	0	0	0	0	0
13	6	18	144	1	0	1	0	0	0	0	0
13	6	18	163	1	1	0	0	0	0	0	0
13	6	18	164	1	1	0	0	0	0	0	0
13	6	18	166	0	1	0	0	0	0	0	0
13	6	18	172	1	0	0	0	0	0	0	0
13	6	19	144	1	0	1	0	0	0	0	0
13	6	19	155	1	2	0	0	0	0	0	0
13	6	19	156	1	2	0	0	0	0	0	0
13	6	19	164	1	1	0	0	0	0	0	0
13	6	19	165	1	1	0	0	0	0	0	0
13	6	19	172	1	0	0	0	0	0	0	0
13	6	20	164	1	1	0	0	0	0	0	0
13	6	20	165	1	1	0	0	0	0	0	0
13	6	20	172	1	0	0	0	0	0	0	0
13	6	21	164	1	1	0	0	0	0	0	0
13	6	21	172	1	0	0	0	0	0	0	0
13	6	22	164	1	1	0	0	0	0	0	0
13	6	22	165	1	1	0	0	0	0	0	0
13	6	22	166	0	1	0	0	0	0	0	0
13	6	40	164	1	1	0	0	0	0	0	0
13	6	40	165	1	1	0	0	0	0	0	0
13	6	110	164	1	1	0	0	0	0	0	0
13	6	111	163	1	1	0	0	0	0	0	0
13	6	143	155	1	2	0	0	0	0	0	0
13	7	17	211	2	1	0	0	0	0	0	0
13	7	17	213	1	1	0	0	0	0	0	0
13	7	18	211	2	1	0	0	0	0	0	0
13	7	18	214	0	1	0	0	0	0	0	0
13	7	19	135	1	1	0	0	1	0	0	0
13	7	19	161	1	1	0	1	0	0	0	0
13	7	19	205	1	2	0	0	0	0	0	0
13	7	19	206	0	2	0	0	0	0	0	0
13	7	19	211	2	1	0	0	0	0	0	0
13	7	19	213	1	1	0	0	0	0	0	0
13	7	20	108	1	1	0	0	0	1	0	0
13	7	20	127	1	2	0	0	1	0	0	0
13	7	20	135	1	1	0	0	1	0	0	0
13	7	20	186	0	1	1	0	0	0	0	0
13	7	20	205	1	2	0	0	0	0	0	0
13	7	20	211	2	1	0	0	0	0	0	0
13	7	20	213	1	1	0	0	0	0	0	0
13	7	21	72	1	2	0	0	0	0	1	0
13	7	21	78	2	1	0	0	0	0	1	0
13	7	21	80	1	1	0	0	0	0	1	0
13	7	21	100	1	2	0	0	0	1	0	0
13	7	21	106	2	1	0	0	0	1	0	0
13	7	21	108	1	1	0	0	0	1	0	0
13	7	21	127	1	2	0	0	1	0	0	0
13	7	21	205	1	2	0	0	0	0	0	0
13	7	21	211	2	1	0	0	0	0	0	0
13	7	21	213	1	1	0	0	0	0	0	0
13	7	22	72	1	2	0	0	0	0	1	0
13	7	22	73	0	2	0	0	0	0	1	0
13	7	22	78	2	1	0	0	0	0	1	0
13	7	22	80	1	1	0	0	0	0	1	0
13	7	22	81	0	1	0	0	0	0	1	0
13	7	22	108	1	1	0	0	0	1	0	0
13	7	22	109	0	1	0	0	0	1	0	0
13	7	22	133	2	1	0	0	1	0	0	0
13	7	22	135	1	1	0	0	1	0	0	0
13	7	22	205	1	2	0	0	0	0	0	0
13	7	22	206	0	2	0	0	0	0	0	0
13	7	22	211	2	1	0	0	0	0	0	0
13	7	22	213	1	1	0	0	0	0	0	0
13	7	22	214	0	1	0	0	0	0	0	0
13	7	23	100	1	2	0	0	0	1	0	0
13	7	23	101	0	2	0	0	0	1	0	0
13	7	23	106	2	1	0	0	0	1	0	0
13	7	23	108	1	1	0	0	0	1	0	0
13	7	23	205	1	2	0	0	0	0	0	0
13	7	23	211	2	1	0	0	0	0	0	0
13	7	24	153	1	2	0	1	0	0	0	0
13	7	24	211	2	1	0	0	0	0	0	0
13	7	28	133	2	1	0	0	1	0	0	0
13	7	28	205	1	2	0	0	0	0	0	0
13	7	33	136	0	1	0	0	1	0	0	0
13	7	35	128	0	2	0	0	1	0	0	0
13	7	37	136	0	1	0	0	1	0	0	0
13	7	38	128	0	2	0	0	1	0	0	0
13	7	39	135	1	1	0	0	1	0	0	0
13	7	40	127	1	2	0	0	1	0	0	0
13	7	41	133	2	1	0	0	1	0	0	0
13	7	41	135	1	1	0	0	1	0	0	0
13	7	41	211	2	1	0	0	0	0	0	0
13	7	42	127	1	2	0	0	1	0	0	0
13	7	42	133	2	1	0	0	1	0	0	0
13	7	42	135	1	1	0	0	1	0	0	0
13	7	43	133	2	1	0	0	1	0	0	0
13	7	43	135	1	1	0	0	1	0	0	0
13	7	45	211	2	1	0	0	0	0	0	0
13	7	47	133	2	1	0	0	1	0	0	0
13	7	61	161	1	1	0	1	0	0	0	0
13	7	96	153	1	2	0	1	0	0	0	0
13	7	152	178	0	2	1	0	0	0	0	0
13	7	180	161	1	1	0	1	0	0	0	0
13	7	185	159	2	1	0	1	0	0	0	0
13	11	17	213	0	1	0	0	0	0	0	0
13	11	17	213	1	1	0	0	0	0	0	0
13	11	18	211	2	1	0	0	0	0	0	0
13	11	18	213	1	1	0	0	0	0	0	0
13	11	18	214	0	1	0	0	0	0	0	0
13	11	19	108	1	1	0	0	0	1	0	0
13	11	19	135	0	1	0	0	1	0	0	0
13	11	19	135	1	1	0	0	1	0	0	0
13	11	19	161	1	1	0	1	0	0	0	0
13	11	19	205	1	2	0	0	0	0	0	0
13	11	19	206	0	2	0	0	0	0	0	0
13	11	19	211	2	1	0	0	0	0	0	0
13	11	19	213	0	1	0	0	0	0	0	0
13	11	19	213	1	1	0	0	0	0	0	0
13	11	20	80	1	1	0	0	0	0	1	0
13	11	20	100	1	2	0	0	0	1	0	0
13	11	20	108	1	1	0	0	0	1	0	0
13	11	20	127	1	2	0	0	1	0	0	0
13	11	20	161	1	1	0	1	0	0	0	0
13	11	20	186	0	1	1	0	0	0	0	0
13	11	20	205	1	2	0	0	0	0	0	0
13	11	20	211	2	1	0	0	0	0	0	0
13	11	20	213	1	1	0	0	0	0	0	0
13	11	21	72	1	2	0	0	0	0	1	0
13	11	21	78	2	1	0	0	0	0	1	0
13	11	21	80	1	1	0	0	0	0	1	0
13	11	21	106	2	1	0	0	0	1	0	0
13	11	21	211	2	1	0	0	0	0	0	0
13	11	21	213	1	1	0	0	0	0	0	0
13	11	22	72	1	2	0	0	0	0	1	0
13	11	22	73	0	2	0	0	0	0	1	0
13	11	22	78	2	1	0	0	0	0	1	0
13	11	22	80	1	1	0	0	0	0	1	0
13	11	22	81	0	1	0	0	0	0	1	0
13	11	22	108	1	1	0	0	0	1	0	0
13	11	22	109	0	1	0	0	0	1	0	0
13	11	22	133	2	1	0	0	1	0	0	0
13	11	22	135	1	1	0	0	1	0	0	0
13	11	22	205	1	2	0	0	0	0	0	0
13	11	22	206	0	2	0	0	0	0	0	0
13	11	22	211	2	1	0	0	0	0	0	0
13	11	22	213	1	1	0	0	0	0	0	0
13	11	22	214	0	1	0	0	0	0	0	0
13	11	23	100	1	2	0	0	0	1	0	0
13	11	23	101	0	2	0	0	0	1	0	0
13	11	23	106	2	1	0	0	0	1	0	0
13	11	23	108	1	1	0	0	0	1	0	0
13	11	23	205	1	2	0	0	0	0	0	0
13	11	23	211	2	1	0	0	0	0	0	0
13	11	23	213	1	1	0	0	0	0	0	0
13	11	24	153	1	2	0	1	0	0	0	0
13	11	24	211	2	1	0	0	0	0	0	0
13	11	25	211	2	1	0	0	0	0	0	0
13	11	26	153	1	2	0	1	0	0	0	0
13	11	27	161	0	1	0	1	0	0	0	0
13	11	28	205	0	2	0	0	0	0	0	0
13	11	28	205	1	2	0	0	0	0	0	0
13	11	29	205	1	2	0	0	0	0	0	0
13	11	32	204	1	2	0	0	0	0	0	0
13	11	33	136	0	1	0	0	1	0	0	0
13	11	35	128	0	2	0	0	1	0	0	0
13	11	37	136	0	1	0	0	1	0	0	0
13	11	38	128	0	2	0	0	1	0	0	0
13	11	38	135	1	1	0	0	1	0	0	0
13	11	39	127	1	2	0	0	1	0	0	0
13	11	40	133	2	1	0	0	1	0	0	0
13	11	40	135	1	1	0	0	1	0	0	0
13	11	41	127	1	2	0	0	1	0	0	0
13	11	41	133	2	1	0	0	1	0	0	0
13	11	41	135	1	1	0	0	1	0	0	0
13	11	42	133	2	1	0	0	1	0	0	0
13	11	42	135	1	1	0	0	1	0	0	0
13	11	45	211	2	1	0	0	0	0	0	0
13	11	49	197	0	3	0	0	0	0	0	0
13	11	58	211	2	1	0	0	0	0	0	0
13	11	87	204	1	2	0	0	0	0	0	0
13	11	127	196	1	3	0	0	0	0	0	0
13	11	144	178	0	2	1	0	0	0	0	0
13	11	157	204	1	2	0	0	0	0	0	0
13	11	161	161	1	1	0	1	0	0	0	0
13	11	182	202	2	2	0	0	0	0	0	0
13	11	188	159	2	1	0	1	0	0	0	0
13	27	18	174	1	0	0	0	0	0	0	0
13	27	19	165	1	1	0	0	0	0	0	0
13	27	19	165	2	1	0	0	0	0	0	0
13	27	19	166	1	1	0	0	0	0	0	0
13	27	19	174	1	0	0	0	0	0	0	0
13	27	20	165	2	1	0	0	0	0	0	0
13	27	20	166	1	1	0	0	0	0	0	0
13	27	20	174	1	0	0	0	0	0	0	0
13	27	21	166	1	1	0	0	0	0	0	0
13	27	21	174	1	0	0	0	0	0	0	0
13	27	22	165	2	1	0	0	0	0	0	0
13	27	22	166	1	1	0	0	0	0	0	0
13	27	22	167	0	1	0	0	0	0	0	0
13	27	23	165	2	1	0	0	0	0	0	0
13	27	24	165	1	1	0	0	0	0	0	0
13	27	33	157	1	2	0	0	0	0	0	0
13	27	64	157	1	2	0	0	0	0	0	0
13	27	68	165	1	1	0	0	0	0	0	0
13	27	101	156	2	2	0	0	0	0	0	0
13	27	133	165	1	1	0	0	0	0	0	0
13	27	171	157	1	2	0	0	0	0	0	0
13	28	17	165	1	1	0	0	0	0	0	0
13	28	17	174	1	0	0	0	0	0	0	0
13	28	18	156	2	2	0	0	0	0	0	0
13	28	18	157	1	2	0	0	0	0	0	0
13	28	18	165	2	1	0	0	0	0	0	0
13	28	18	166	1	1	0	0	0	0	0	0
13	28	19	165	1	1	0	0	0	0	0	0
13	28	19	174	1	0	0	0	0	0	0	0
13	28	20	165	2	1	0	0	0	0	0	0
13	28	20	166	1	1	0	0	0	0	0	0
13	28	20	174	1	0	0	0	0	0	0	0
13	28	21	166	1	1	0	0	0	0	0	0
13	28	21	174	1	0	0	0	0	0	0	0
13	28	22	165	2	1	0	0	0	0	0	0
13	28	22	166	1	1	0	0	0	0	0	0
13	28	22	167	0	1	0	0	0	0	0	0
13	28	23	165	2	1	0	0	0	0	0	0
13	28	24	165	1	1	0	0	0	0	0	0
13	28	32	157	1	2	0	0	0	0	0	0
13	28	57	157	1	2	0	0	0	0	0	0
13	28	60	165	1	1	0	0	0	0	0	0
13	28	63	164	2	1	0	0	0	0	0	0
13	28	84	156	2	2	0	0	0	0	0	0
13	28	109	165	1	1	0	0	0	0	0	0
13	28	137	157	1	2	0	0	0	0	0	0
13	34	18	214	0	2	0	0	0	0	0	0
13	34	18	222	0	1	0	0	0	0	0	0
13	34	19	214	0	2	0	0	0	0	0	0
13	34	19	219	2	1	0	0	0	0	0	0
13	34	19	221	1	1	0	0	0	0	0	0
13	34	20	213	1	2	0	0	0	0	0	0
13	34	20	214	0	2	0	0	0	0	0	0
13	34	20	219	2	1	0	0	0	0	0	0
13	34	20	221	1	1	0	0	0	0	0	0
13	34	22	213	1	2	0	0	0	0	0	0
13	34	22	214	0	2	0	0	0	0	0	0
13	34	22	219	2	1	0	0	0	0	0	0
13	34	22	221	1	1	0	0	0	0	0	0
13	34	22	222	0	1	0	0	0	0	0	0
13	34	23	221	1	1	0	0	0	0	0	0
13	34	24	219	2	1	0	0	0	0	0	0
13	34	41	219	2	1	0	0	0	0	0	0
13	34	45	219	2	1	0	0	0	0	0	0
13	34	61	213	1	2	0	0	0	0	0	0
13	35	16	214	0	2	0	0	0	0	0	0
13	35	16	222	0	1	0	0	0	0	0	0
13	35	17	221	1	1	0	0	0	0	0	0
13	35	18	212	1	2	0	0	0	0	0	0
13	35	18	213	1	2	0	0	0	0	0	0
13	35	18	214	0	2	0	0	0	0	0	0
13	35	18	219	2	1	0	0	0	0	0	0
13	35	18	221	0	1	0	0	0	0	0	0
13	35	18	222	0	1	0	0	0	0	0	0
13	35	19	213	1	2	0	0	0	0	0	0
13	35	19	214	0	2	0	0	0	0	0	0
13	35	19	219	2	1	0	0	0	0	0	0
13	35	19	221	1	1	0	0	0	0	0	0
13	35	20	213	1	2	0	0	0	0	0	0
13	35	20	214	0	2	0	0	0	0	0	0
13	35	20	219	2	1	0	0	0	0	0	0
13	35	20	221	1	1	0	0	0	0	0	0
13	35	22	213	0	2	0	0	0	0	0	0
13	35	22	213	1	2	0	0	0	0	0	0
13	35	22	214	0	2	0	0	0	0	0	0
13	35	22	219	2	1	0	0	0	0	0	0
13	35	22	221	1	1	0	0	0	0	0	0
13	35	22	222	0	1	0	0	0	0	0	0
13	35	23	214	0	2	0	0	0	0	0	0
13	35	23	219	2	1	0	0	0	0	0	0
13	35	23	221	1	1	0	0	0	0	0	0
13	35	24	219	2	1	0	0	0	0	0	0
13	35	32	219	2	1	0	0	0	0	0	0
13	35	36	213	1	2	0	0	0	0	0	0
13	35	41	219	2	1	0	0	0	0	0	0
13	35	44	219	2	1	0	0	0	0	0	0
13	35	57	212	1	2	0	0	0	0	0	0
13	35	63	219	2	1	0	0	0	0	0	0
13	35	187	214	0	2	0	0	0	0	0	0
13	36	19	193	1	1	0	0	0	0	0	0
13	36	20	185	1	2	0	0	0	0	0	0
13	36	20	191	2	1	0	0	0	0	0	0
13	36	20	193	1	1	0	0	0	0	0	0
13	36	21	191	2	1	0	0	0	0	0	0
13	36	22	185	1	2	0	0	0	0	0	0
13	36	22	186	0	2	0	0	0	0	0	0
13	36	22	191	2	1	0	0	0	0	0	0
13	36	22	193	1	1	0	0	0	0	0	0
13	36	22	194	0	1	0	0	0	0	0	0
13	36	23	191	2	1	0	0	0	0	0	0
13	37	18	191	2	1	0	0	0	0	0	0
13	37	18	193	1	1	0	0	0	0	0	0
13	37	19	191	2	1	0	0	0	0	0	0
13	37	19	193	0	1	0	0	0	0	0	0
13	37	19	193	1	1	0	0	0	0	0	0
13	37	20	185	1	2	0	0	0	0	0	0
13	37	20	191	2	1	0	0	0	0	0	0
13	37	20	193	1	1	0	0	0	0	0	0
13	37	21	191	2	1	0	0	0	0	0	0
13	37	21	193	1	1	0	0	0	0	0	0
13	37	22	185	1	2	0	0	0	0	0	0
13	37	22	186	0	2	0	0	0	0	0	0
13	37	22	191	2	1	0	0	0	0	0	0
13	37	22	193	1	1	0	0	0	0	0	0
13	37	22	194	0	1	0	0	0	0	0	0
13	37	23	191	2	1	0	0	0	0	0	0
13	38	18	165	1	1	0	0	0	0	0	0
13	38	18	174	1	0	0	0	0	0	0	0
13	38	19	165	2	1	0	0	0	0	0	0
13	38	19	166	1	1	0	0	0	0	0	0
13	38	20	157	1	2	0	0	0	0	0	0
13	38	20	174	1	0	0	0	0	0	0	0
13	38	21	156	2	2	0	0	0	0	0	0
13	38	21	166	1	1	0	0	0	0	0	0
13	38	21	174	1	0	0	0	0	0	0	0
13	38	22	165	2	1	0	0	0	0	0	0
13	38	22	166	1	1	0	0	0	0	0	0
13	38	22	167	0	1	0	0	0	0	0	0
13	38	23	165	2	1	0	0	0	0	0	0
13	38	65	165	1	1	0	0	0	0	0	0
13	38	125	165	1	1	0	0	0	0	0	0
13	39	17	174	1	0	0	0	0	0	0	0
13	39	18	165	2	1	0	0	0	0	0	0
13	39	18	166	1	1	0	0	0	0	0	0
13	39	19	164	2	1	0	0	0	0	0	0
13	39	19	165	2	1	0	0	0	0	0	0
13	39	19	174	1	0	0	0	0	0	0	0
13	39	20	165	2	1	0	0	0	0	0	0
13	39	20	166	1	1	0	0	0	0	0	0
13	39	20	174	1	0	0	0	0	0	0	0
13	39	21	166	1	1	0	0	0	0	0	0
13	39	21	174	1	0	0	0	0	0	0	0
13	39	22	165	2	1	0	0	0	0	0	0
13	39	22	166	1	1	0	0	0	0	0	0
13	39	22	167	0	1	0	0	0	0	0	0
13	39	23	165	2	1	0	0	0	0	0	0
13	39	164	166	1	1	0	0	0	0	0	0
13	40	17	165	1	1	0	0	0	0	0	0
13	40	17	174	1	0	0	0	0	0	0	0
13	40	18	156	2	2	0	0	0	0	0	0
13	40	18	157	1	2	0	0	0	0	0	0
13	40	18	165	2	1	0	0	0	0	0	0
13	40	18	166	1	1	0	0	0	0	0	0
13	40	18	174	1	0	0	0	0	0	0	0
13	40	19	164	2	1	0	0	0	0	0	0
13	40	19	165	1	1	0	0	0	0	0	0
13	40	19	165	2	1	0	0	0	0	0	0
13	40	19	166	1	1	0	0	0	0	0	0
13	40	19	174	1	0	0	0	0	0	0	0
13	40	20	165	2	1	0	0	0	0	0	0
13	40	20	166	1	1	0	0	0	0	0	0
13	40	20	174	1	0	0	0	0	0	0	0
13	40	21	166	1	1	0	0	0	0	0	0
13	40	21	174	1	0	0	0	0	0	0	0
13	40	22	165	2	1	0	0	0	0	0	0
13	40	22	166	1	1	0	0	0	0	0	0
13	40	22	167	0	1	0	0	0	0	0	0
13	40	23	165	2	1	0	0	0	0	0	0
13	40	24	165	1	1	0	0	0	0	0	0
13	40	32	157	1	2	0	0	0	0	0	0
13	40	52	157	1	2	0	0	0	0	0	0
13	40	55	165	1	1	0	0	0	0	0	0
13	40	75	156	2	2	0	0	0	0	0	0
13	40	96	165	1	1	0	0	0	0	0	0
13	40	120	157	1	2	0	0	0	0	0	0
13	40	158	166	1	1	0	0	0	0	0	0
13	41	19	170	1	1	0	0	0	0	0	0
13	41	20	162	1	2	0	0	0	0	0	0
13	41	20	170	1	1	0	0	0	0	0	0
13	41	21	170	1	1	0	0	0	0	0	0
13	41	28	162	1	2	0	0	0	0	0	0
13	45	18	163	1	1	0	0	0	0	0	0
13	45	19	155	1	2	0	0	0	0	0	0
13	45	19	163	1	1	0	0	0	0	0	0
13	45	20	155	1	2	0	0	0	0	0	0
13	45	20	163	1	1	0	0	0	0	0	0
13	45	21	163	1	1	0	0	0	0	0	0
13	46	16	197	1	2	0	0	0	0	0	0
13	46	16	198	0	2	0	0	0	0	0	0
13	46	16	203	2	1	0	0	0	0	0	0
13	46	16	205	1	1	0	0	0	0	0	0
13	46	16	206	0	1	0	0	0	0	0	0
13	47	16	220	1	1	0	0	0	0	0	0
13	47	17	212	1	2	0	0	0	0	0	0
13	47	17	218	2	1	0	0	0	0	0	0
13	47	18	213	0	2	0	0	0	0	0	0
13	47	18	221	0	1	0	0	0	0	0	0
13	47	19	213	0	2	0	0	0	0	0	0
13	47	19	218	2	1	0	0	0	0	0	0
13	47	19	220	1	1	0	0	0	0	0	0
13	47	20	212	1	2	0	0	0	0	0	0
13	47	20	213	0	2	0	0	0	0	0	0
13	47	20	218	2	1	0	0	0	0	0	0
13	47	20	220	1	1	0	0	0	0	0	0
13	47	21	212	1	2	0	0	0	0	0	0
13	47	22	212	1	2	0	0	0	0	0	0
13	47	22	213	0	2	0	0	0	0	0	0
13	47	22	218	2	1	0	0	0	0	0	0
13	47	22	220	1	1	0	0	0	0	0	0
13	47	22	221	0	1	0	0	0	0	0	0
13	47	23	220	1	1	0	0	0	0	0	0
13	47	24	218	2	1	0	0	0	0	0	0
13	47	39	218	2	1	0	0	0	0	0	0
13	47	42	218	2	1	0	0	0	0	0	0
13	47	51	212	1	2	0	0	0	0	0	0
13	47	191	212	1	2	0	0	0	0	0	0
13	48	17	191	2	1	0	0	0	0	0	0
13	48	17	193	1	1	0	0	0	0	0	0
13	48	19	193	1	1	0	0	0	0	0	0
13	48	20	185	1	2	0	0	0	0	0	0
13	48	20	191	2	1	0	0	0	0	0	0
13	48	20	193	1	1	0	0	0	0	0	0
13	48	21	191	2	1	0	0	0	0	0	0
13	48	22	185	1	2	0	0	0	0	0	0
13	48	22	186	0	2	0	0	0	0	0	0
13	48	22	191	2	1	0	0	0	0	0	0
13	48	22	193	1	1	0	0	0	0	0	0
13	48	22	194	0	1	0	0	0	0	0	0
13	49	18	139	1	1	0	1	0	0	0	0
13	49	18	163	1	1	1	0	0	0	0	0
13	49	18	191	1	1	0	0	0	0	0	0
13	49	19	113	1	1	0	0	1	0	0	0
13	49	19	184	0	2	0	0	0	0	0	0
13	49	19	191	1	1	0	0	0	0	0	0
13	49	19	192	0	1	0	0	0	0	0	0
13	49	20	183	1	2	0	0	0	0	0	0
13	49	20	184	0	2	0	0	0	0	0	0
13	49	20	189	2	1	0	0	0	0	0	0
13	49	20	191	1	1	0	0	0	0	0	0
13	49	21	58	1	1	0	0	0	0	1	0
13	49	21	86	1	1	0	0	0	1	0	0
13	49	21	183	1	2	0	0	0	0	0	0
13	49	21	189	2	1	0	0	0	0	0	0
13	49	21	191	1	1	0	0	0	0	0	0
13	49	22	58	1	1	0	0	0	0	1	0
13	49	22	113	1	1	0	0	1	0	0	0
13	49	22	183	1	2	0	0	0	0	0	0
13	49	22	184	0	2	0	0	0	0	0	0
13	49	22	189	2	1	0	0	0	0	0	0
13	49	22	191	1	1	0	0	0	0	0	0
13	49	22	192	0	1	0	0	0	0	0	0
13	49	23	113	1	1	0	0	1	0	0	0
13	49	23	189	2	1	0	0	0	0	0	0
13	49	24	183	1	2	0	0	0	0	0	0
13	49	24	189	2	1	0	0	0	0	0	0
13	49	30	191	1	1	0	0	0	0	0	0
13	49	68	191	1	1	0	0	0	0	0	0
13	49	77	139	1	1	0	1	0	0	0	0
13	49	94	191	1	1	0	0	0	0	0	0
13	49	122	139	1	1	0	1	0	0	0	0
13	49	164	191	1	1	0	0	0	0	0	0
13	49	189	183	1	2	0	0	0	0	0	0
13	50	17	157	1	2	0	0	0	0	0	0
13	50	17	165	1	1	0	0	0	0	0	0
13	50	18	136	1	1	1	0	0	0	0	0
13	50	18	137	1	1	1	0	0	0	0	0
13	50	18	144	1	0	1	0	0	0	0	0
13	50	18	155	2	2	0	0	0	0	0	0
13	50	18	156	1	2	0	0	0	0	0	0
13	50	18	157	1	2	0	0	0	0	0	0
13	50	18	163	2	1	0	0	0	0	0	0
13	50	18	164	1	1	0	0	0	0	0	0
13	50	18	165	1	1	0	0	0	0	0	0
13	50	18	172	1	0	0	0	0	0	0	0
13	50	19	113	1	1	0	1	0	0	0	0
13	50	19	136	1	1	1	0	0	0	0	0
13	50	19	137	1	1	1	0	0	0	0	0
13	50	19	144	1	0	1	0	0	0	0	0
13	50	19	155	2	2	0	0	0	0	0	0
13	50	19	156	1	2	0	0	0	0	0	0
13	50	19	157	1	2	0	0	0	0	0	0
13	50	19	163	2	1	0	0	0	0	0	0
13	50	19	164	1	1	0	0	0	0	0	0
13	50	19	165	1	1	0	0	0	0	0	0
13	50	19	166	0	1	0	0	0	0	0	0
13	50	19	172	1	0	0	0	0	0	0	0
13	50	20	136	1	1	1	0	0	0	0	0
13	50	20	144	1	0	1	0	0	0	0	0
13	50	20	157	1	2	0	0	0	0	0	0
13	50	20	163	2	1	0	0	0	0	0	0
13	50	20	164	1	1	0	0	0	0	0	0
13	50	20	165	1	1	0	0	0	0	0	0
13	50	20	172	1	0	0	0	0	0	0	0
13	50	21	164	1	1	0	0	0	0	0	0
13	50	21	165	1	1	0	0	0	0	0	0
13	50	21	172	1	0	0	0	0	0	0	0
13	50	22	113	1	1	0	1	0	0	0	0
13	50	22	165	1	1	0	0	0	0	0	0
13	50	22	166	0	1	0	0	0	0	0	0
13	50	23	155	2	2	0	0	0	0	0	0
13	50	23	157	1	2	0	0	0	0	0	0
13	50	23	163	2	1	0	0	0	0	0	0
13	50	24	164	1	1	0	0	0	0	0	0
13	50	25	163	2	1	0	0	0	0	0	0
13	50	27	158	0	2	0	0	0	0	0	0
13	50	27	163	2	1	0	0	0	0	0	0
13	50	28	163	2	1	0	0	0	0	0	0
13	50	28	164	1	1	0	0	0	0	0	0
13	50	28	165	1	1	0	0	0	0	0	0
13	50	31	156	1	2	0	0	0	0	0	0
13	50	33	156	1	2	0	0	0	0	0	0
13	50	42	165	1	1	0	0	0	0	0	0
13	50	64	157	1	2	0	0	0	0	0	0
13	50	67	137	1	1	1	0	0	0	0	0
13	50	68	164	1	1	0	0	0	0	0	0
13	50	77	164	1	1	0	0	0	0	0	0
13	50	102	137	1	1	1	0	0	0	0	0
13	50	108	163	2	1	0	0	0	0	0	0
13	50	133	164	1	1	0	0	0	0	0	0
13	50	135	156	1	2	0	0	0	0	0	0
13	50	180	165	1	1	0	0	0	0	0	0
13	50	183	157	1	2	0	0	0	0	0	0
13	50	183	163	2	1	0	0	0	0	0	0
13	50	191	165	1	1	0	0	0	0	0	0
13	51	18	135	2	0	1	0	0	0	0	0
13	51	18	136	1	0	1	0	0	0	0	0
13	51	18	137	1	0	1	0	0	0	0	0
13	51	18	155	2	1	0	0	0	0	0	0
13	51	18	156	1	1	0	0	0	0	0	0
13	51	18	156	2	1	0	0	0	0	0	0
13	51	18	157	1	1	0	0	0	0	0	0
13	51	18	158	0	1	0	0	0	0	0	0
13	51	18	163	2	0	0	0	0	0	0	0
13	51	18	164	1	0	0	0	0	0	0	0
13	51	18	165	1	0	0	0	0	0	0	0
13	51	19	113	1	0	0	1	0	0	0	0
13	51	19	155	2	1	0	0	0	0	0	0
13	51	19	156	1	1	0	0	0	0	0	0
13	51	19	156	2	1	0	0	0	0	0	0
13	51	19	157	1	1	0	0	0	0	0	0
13	51	19	163	2	0	0	0	0	0	0	0
13	51	19	165	1	0	0	0	0	0	0	0
13	51	20	155	2	1	0	0	0	0	0	0
13	51	20	156	2	1	0	0	0	0	0	0
13	51	20	157	1	1	0	0	0	0	0	0
13	51	20	163	2	0	0	0	0	0	0	0
13	51	20	164	1	0	0	0	0	0	0	0
13	51	20	165	1	0	0	0	0	0	0	0
13	51	21	156	1	1	0	0	0	0	0	0
13	51	21	157	1	1	0	0	0	0	0	0
13	51	21	163	2	0	0	0	0	0	0	0
13	51	21	164	1	0	0	0	0	0	0	0
13	51	22	155	2	1	0	0	0	0	0	0
13	51	22	157	1	1	0	0	0	0	0	0
13	51	22	158	0	1	0	0	0	0	0	0
13	51	22	163	2	0	0	0	0	0	0	0
13	51	23	163	2	0	0	0	0	0	0	0
13	51	24	156	2	1	0	0	0	0	0	0
13	51	24	163	2	0	0	0	0	0	0	0
13	51	25	163	2	0	0	0	0	0	0	0
13	51	32	163	2	0	0	0	0	0	0	0
13	51	59	163	2	0	0	0	0	0	0	0
13	51	105	163	2	0	0	0	0	0	0	0
13	52	18	137	1	1	1	0	0	0	0	0
13	52	18	157	1	2	0	0	0	0	0	0
13	52	18	165	1	1	0	0	0	0	0	0
13	52	19	113	1	1	0	1	0	0	0	0
13	52	19	137	1	1	1	0	0	0	0	0
13	52	19	157	1	2	0	0	0	0	0	0
13	52	19	165	1	1	0	0	0	0	0	0
13	52	19	166	0	1	0	0	0	0	0	0
13	52	20	157	1	2	0	0	0	0	0	0
13	52	20	165	1	1	0	0	0	0	0	0
13	52	21	157	1	2	0	0	0	0	0	0
13	52	21	165	1	1	0	0	0	0	0	0
13	52	22	113	1	1	0	1	0	0	0	0
13	52	22	165	1	1	0	0	0	0	0	0
13	52	22	166	0	1	0	0	0	0	0	0
13	52	23	157	1	2	0	0	0	0	0	0
13	52	25	157	1	2	0	0	0	0	0	0
13	52	28	158	0	2	0	0	0	0	0	0
13	52	28	165	1	1	0	0	0	0	0	0
13	52	44	165	1	1	0	0	0	0	0	0
13	52	67	137	1	1	1	0	0	0	0	0
13	52	71	157	1	2	0	0	0	0	0	0
13	52	103	137	1	1	1	0	0	0	0	0
13	52	180	165	1	1	0	0	0	0	0	0
13	53	18	150	1	0	0	0	0	0	0	0
13	53	19	150	1	0	0	0	0	0	0	0
13	54	18	161	1	2	0	0	0	0	0	0
13	54	18	170	1	1	0	0	0	0	0	0
13	54	21	170	1	1	0	0	0	0	0	0
13	57	17	161	1	1	0	0	0	0	0	0
13	57	18	153	1	2	0	0	0	0	0	0
13	57	19	161	1	1	0	0	0	0	0	0
13	57	20	153	1	2	0	0	0	0	0	0
13	57	20	161	1	1	0	0	0	0	0	0
13	58	17	163	2	0	0	0	0	0	0	0
13	58	17	164	1	0	0	0	0	0	0	0
13	58	18	153	3	1	0	0	0	0	0	0
13	58	18	155	2	1	0	0	0	0	0	0
13	58	18	156	1	1	0	0	0	0	0	0
13	58	18	156	2	1	0	0	0	0	0	0
13	58	18	157	1	1	0	0	0	0	0	0
13	58	18	163	2	0	0	0	0	0	0	0
13	58	18	164	1	0	0	0	0	0	0	0
13	58	18	165	1	0	0	0	0	0	0	0
13	58	19	155	2	1	0	0	0	0	0	0
13	58	19	156	1	1	0	0	0	0	0	0
13	58	19	156	2	1	0	0	0	0	0	0
13	58	19	157	1	1	0	0	0	0	0	0
13	58	19	163	2	0	0	0	0	0	0	0
13	58	19	164	1	0	0	0	0	0	0	0
13	58	19	165	1	0	0	0	0	0	0	0
13	58	20	155	2	1	0	0	0	0	0	0
13	58	20	156	2	1	0	0	0	0	0	0
13	58	20	157	1	1	0	0	0	0	0	0
13	58	20	163	2	0	0	0	0	0	0	0
13	58	20	165	1	0	0	0	0	0	0	0
13	58	21	156	1	1	0	0	0	0	0	0
13	58	21	157	1	1	0	0	0	0	0	0
13	58	22	157	1	1	0	0	0	0	0	0
13	58	23	155	2	1	0	0	0	0	0	0
13	58	23	163	2	0	0	0	0	0	0	0
13	58	24	163	2	0	0	0	0	0	0	0
13	58	28	163	2	0	0	0	0	0	0	0
13	58	30	155	2	1	0	0	0	0	0	0
13	58	69	163	2	0	0	0	0	0	0	0
13	58	117	155	2	1	0	0	0	0	0	0
13	60	15	213	0	2	0	0	0	0	0	0
13	60	16	213	0	2	0	0	0	0	0	0
13	60	16	221	0	1	0	0	0	0	0	0
13	60	17	212	1	2	0	0	0	0	0	0
13	60	17	214	0	2	0	0	0	0	0	0
13	60	17	219	2	1	0	0	0	0	0	0
13	60	17	221	0	1	0	0	0	0	0	0
13	60	17	221	1	1	0	0	0	0	0	0
13	60	18	221	0	1	0	0	0	0	0	0
13	60	20	213	1	2	0	0	0	0	0	0
13	60	22	213	1	2	0	0	0	0	0	0
13	60	22	214	0	2	0	0	0	0	0	0
13	60	22	219	2	1	0	0	0	0	0	0
13	60	22	221	1	1	0	0	0	0	0	0
13	60	22	222	0	1	0	0	0	0	0	0
13	60	122	221	1	1	0	0	0	0	0	0
13	60	150	205	0	3	0	0	0	0	0	0
13	60	183	212	1	2	0	0	0	0	0	0
13	60	184	210	2	2	0	0	0	0	0	0
13	61	16	220	1	1	0	0	0	0	0	0
13	61	16	221	0	1	0	0	0	0	0	0
13	61	17	211	1	2	0	0	0	0	0	0
13	61	17	212	1	2	0	0	0	0	0	0
13	61	17	220	1	1	0	0	0	0	0	0
13	61	18	211	1	2	0	0	0	0	0	0
13	61	18	213	0	2	0	0	0	0	0	0
13	61	18	218	2	1	0	0	0	0	0	0
13	61	18	220	0	1	0	0	0	0	0	0
13	61	19	212	1	2	0	0	0	0	0	0
13	61	20	212	1	2	0	0	0	0	0	0
13	61	22	212	1	2	0	0	0	0	0	0
13	61	22	213	0	2	0	0	0	0	0	0
13	61	22	218	2	1	0	0	0	0	0	0
13	61	22	220	1	1	0	0	0	0	0	0
13	61	22	221	0	1	0	0	0	0	0	0
13	61	23	213	0	2	0	0	0	0	0	0
13	61	23	218	2	1	0	0	0	0	0	0
13	61	35	212	1	2	0	0	0	0	0	0
13	61	54	218	2	1	0	0	0	0	0	0
13	61	166	211	1	2	0	0	0	0	0	0
13	62	15	213	0	2	0	0	0	0	0	0
13	62	16	212	1	2	0	0	0	0	0	0
13	62	16	213	0	2	0	0	0	0	0	0
13	62	16	218	2	1	0	0	0	0	0	0
13	62	16	220	1	1	0	0	0	0	0	0
13	62	17	218	2	1	0	0	0	0	0	0
13	62	18	221	0	1	0	0	0	0	0	0
13	62	19	213	0	2	0	0	0	0	0	0
13	62	19	218	2	1	0	0	0	0	0	0
13	62	19	220	1	1	0	0	0	0	0	0
13	62	20	212	1	2	0	0	0	0	0	0
13	62	20	213	0	2	0	0	0	0	0	0
13	62	20	218	2	1	0	0	0	0	0	0
13	62	20	220	1	1	0	0	0	0	0	0
13	62	21	221	0	1	0	0	0	0	0	0
13	62	22	212	1	2	0	0	0	0	0	0
13	62	22	213	0	2	0	0	0	0	0	0
13	62	22	218	2	1	0	0	0	0	0	0
13	62	22	220	1	1	0	0	0	0	0	0
13	62	22	221	0	1	0	0	0	0	0	0
13	62	23	220	1	1	0	0	0	0	0	0
13	62	24	218	2	1	0	0	0	0	0	0
13	62	25	212	1	2	0	0	0	0	0	0
13	62	29	213	0	2	0	0	0	0	0	0
13	62	36	218	2	1	0	0	0	0	0	0
13	62	40	218	2	1	0	0	0	0	0	0
13	62	44	205	0	3	0	0	0	0	0	0
13	62	62	210	2	2	0	0	0	0	0	0
13	62	62	212	1	2	0	0	0	0	0	0
13	62	153	218	2	1	0	0	0	0	0	0
13	62	187	213	0	2	0	0	0	0	0	0
13	63	17	193	0	1	0	0	0	0	0	0
13	63	17	193	1	1	0	0	0	0	0	0
13	63	18	184	1	2	0	0	0	0	0	0
13	63	19	185	1	2	0	0	0	0	0	0
13	63	19	193	0	1	0	0	0	0	0	0
13	63	22	185	1	2	0	0	0	0	0	0
13	63	22	186	0	2	0	0	0	0	0	0
13	63	22	191	2	1	0	0	0	0	0	0
13	63	22	193	1	1	0	0	0	0	0	0
13	63	22	194	0	1	0	0	0	0	0	0
13	63	27	193	1	1	0	0	0	0	0	0
13	63	31	191	2	1	0	0	0	0	0	0
13	64	17	184	1	2	0	0	0	0	0	0
13	64	17	193	1	1	0	0	0	0	0	0
13	64	18	193	1	1	0	0	0	0	0	0
13	64	19	193	0	1	0	0	0	0	0	0
13	64	20	185	1	2	0	0	0	0	0	0
13	64	21	191	2	1	0	0	0	0	0	0
13	64	21	193	1	1	0	0	0	0	0	0
13	64	22	185	1	2	0	0	0	0	0	0
13	64	22	186	0	2	0	0	0	0	0	0
13	64	22	191	2	1	0	0	0	0	0	0
13	64	22	193	1	1	0	0	0	0	0	0
13	64	22	194	0	1	0	0	0	0	0	0
13	65	16	191	1	0	1	0	0	0	0	0
13	65	16	203	1	2	0	0	0	0	0	0
13	65	16	210	2	1	0	0	0	0	0	0
13	65	16	211	1	1	0	0	0	0	0	0
13	65	16	219	1	0	0	0	0	0	0	0
13	65	17	167	1	0	0	1	0	0	0	0
13	65	17	191	1	0	1	0	0	0	0	0
13	65	17	210	2	1	0	0	0	0	0	0
13	65	17	211	1	1	0	0	0	0	0	0
13	65	17	219	1	0	0	0	0	0	0	0
13	65	18	133	1	1	0	0	1	0	0	0
13	65	18	141	1	0	0	0	1	0	0	0
13	65	18	158	2	1	0	1	0	0	0	0
13	65	18	159	1	1	0	1	0	0	0	0
13	65	18	167	1	0	0	1	0	0	0	0
13	65	18	183	1	1	1	0	0	0	0	0
13	65	18	191	1	0	1	0	0	0	0	0
13	65	18	203	1	2	0	0	0	0	0	0
13	65	18	209	2	1	0	0	0	0	0	0
13	65	18	210	2	1	0	0	0	0	0	0
13	65	18	211	1	1	0	0	0	0	0	0
13	65	18	212	0	1	0	0	0	0	0	0
13	65	18	219	1	0	0	0	0	0	0	0
13	65	19	105	2	1	0	0	0	1	0	0
13	65	19	106	1	1	0	0	0	1	0	0
13	65	19	114	1	0	0	0	0	1	0	0
13	65	19	132	2	1	0	0	1	0	0	0
13	65	19	133	1	1	0	0	1	0	0	0
13	65	19	139	1	0	1	1	0	0	0	0
13	65	19	158	2	1	0	1	0	0	0	0
13	65	19	159	1	1	0	1	0	0	0	0
13	65	19	163	1	0	2	0	0	0	0	0
13	65	19	167	1	0	0	1	0	0	0	0
13	65	19	191	1	0	1	0	0	0	0	0
13	65	19	203	1	2	0	0	0	0	0	0
13	65	19	204	0	2	0	0	0	0	0	0
13	65	19	209	2	1	0	0	0	0	0	0
13	65	19	210	2	1	0	0	0	0	0	0
13	65	19	211	1	1	0	0	0	0	0	0
13	65	20	77	2	1	0	0	0	0	1	0
13	65	20	78	1	1	0	0	0	0	1	0
13	65	20	86	1	0	0	0	0	0	1	0
13	65	20	125	1	2	0	0	1	0	0	0
13	65	20	159	1	1	0	1	0	0	0	0
13	65	20	184	0	1	1	0	0	0	0	0
13	65	20	191	1	0	1	0	0	0	0	0
13	65	20	203	1	2	0	0	0	0	0	0
13	65	20	209	2	1	0	0	0	0	0	0
13	65	20	210	2	1	0	0	0	0	0	0
13	65	20	211	1	1	0	0	0	0	0	0
13	65	20	219	1	0	0	0	0	0	0	0
13	65	21	78	1	1	0	0	0	0	1	0
13	65	21	86	1	0	0	0	0	0	1	0
13	65	21	106	1	1	0	0	0	1	0	0
13	65	21	114	1	0	0	0	0	1	0	0
13	65	21	139	1	0	1	1	0	0	0	0
13	65	21	151	1	2	0	1	0	0	0	0
13	65	21	163	1	0	2	0	0	0	0	0
13	65	21	183	1	1	1	0	0	0	0	0
13	65	21	209	2	1	0	0	0	0	0	0
13	65	21	210	2	1	0	0	0	0	0	0
13	65	21	211	1	1	0	0	0	0	0	0
13	65	21	219	1	0	0	0	0	0	0	0
13	65	22	78	1	1	0	0	0	0	1	0
13	65	22	79	0	1	0	0	0	0	1	0
13	65	22	106	1	1	0	0	0	1	0	0
13	65	22	107	0	1	0	0	0	1	0	0
13	65	22	159	1	1	0	1	0	0	0	0
13	65	22	203	1	2	0	0	0	0	0	0
13	65	22	204	0	2	0	0	0	0	0	0
13	65	22	209	2	1	0	0	0	0	0	0
13	65	22	210	2	1	0	0	0	0	0	0
13	65	22	211	1	1	0	0	0	0	0	0
13	65	22	212	0	1	0	0	0	0	0	0
13	65	23	77	2	1	0	0	0	0	1	0
13	65	23	78	1	1	0	0	0	0	1	0
13	65	23	133	1	1	0	0	1	0	0	0
13	65	23	139	1	0	1	1	0	0	0	0
13	65	23	191	1	0	1	0	0	0	0	0
13	65	23	203	1	2	0	0	0	0	0	0
13	65	23	209	2	1	0	0	0	0	0	0
13	65	23	210	2	1	0	0	0	0	0	0
13	65	23	211	1	1	0	0	0	0	0	0
13	65	24	131	2	1	0	0	1	0	0	0
13	65	24	141	1	0	0	0	1	0	0	0
13	65	24	151	1	2	0	1	0	0	0	0
13	65	24	209	2	1	0	0	0	0	0	0
13	65	24	210	2	1	0	0	0	0	0	0
13	65	25	106	1	1	0	0	0	1	0	0
13	65	25	133	1	1	0	0	1	0	0	0
13	65	25	141	1	0	0	0	1	0	0	0
13	65	25	151	1	2	0	1	0	0	0	0
13	65	26	133	1	1	0	0	1	0	0	0
13	65	26	211	1	1	0	0	0	0	0	0
13	65	27	106	1	1	0	0	0	1	0	0
13	65	27	203	1	2	0	0	0	0	0	0
13	65	28	105	2	1	0	0	0	1	0	0
13	65	29	151	1	2	0	1	0	0	0	0
13	65	29	209	2	1	0	0	0	0	0	0
13	65	29	210	2	1	0	0	0	0	0	0
13	65	29	211	1	1	0	0	0	0	0	0
13	65	30	105	2	1	0	0	0	1	0	0
13	65	30	203	1	2	0	0	0	0	0	0
13	65	30	210	2	1	0	0	0	0	0	0
13	65	32	134	0	1	0	0	1	0	0	0
13	65	32	211	1	1	0	0	0	0	0	0
13	65	33	126	0	2	0	0	1	0	0	0
13	65	33	134	0	1	0	0	1	0	0	0
13	65	35	126	0	2	0	0	1	0	0	0
13	65	35	134	0	1	0	0	1	0	0	0
13	65	35	210	2	1	0	0	0	0	0	0
13	65	36	125	1	2	0	0	1	0	0	0
13	65	36	133	1	1	0	0	1	0	0	0
13	65	37	131	2	1	0	0	1	0	0	0
13	65	37	133	1	1	0	0	1	0	0	0
13	65	37	134	0	1	0	0	1	0	0	0
13	65	38	125	1	2	0	0	1	0	0	0
13	65	38	131	2	1	0	0	1	0	0	0
13	65	38	133	1	1	0	0	1	0	0	0
13	65	40	210	2	1	0	0	0	0	0	0
13	65	41	133	1	1	0	0	1	0	0	0
13	65	43	209	2	1	0	0	0	0	0	0
13	65	46	210	2	1	0	0	0	0	0	0
13	65	49	210	2	1	0	0	0	0	0	0
13	65	51	210	2	1	0	0	0	0	0	0
13	65	54	106	1	1	0	0	0	1	0	0
13	65	69	211	1	1	0	0	0	0	0	0
13	65	71	210	2	1	0	0	0	0	0	0
13	65	76	210	2	1	0	0	0	0	0	0
13	65	82	211	1	1	0	0	0	0	0	0
13	65	84	208	3	1	0	0	0	0	0	0
13	65	92	211	1	1	0	0	0	0	0	0
13	65	93	211	1	1	0	0	0	0	0	0
13	65	95	210	2	1	0	0	0	0	0	0
13	65	96	191	1	0	1	0	0	0	0	0
13	65	99	210	2	1	0	0	0	0	0	0
13	65	101	176	0	2	1	0	0	0	0	0
13	65	104	133	1	1	0	0	1	0	0	0
13	65	106	159	1	1	0	1	0	0	0	0
13	65	119	158	2	1	0	1	0	0	0	0
13	65	131	183	1	1	1	0	0	0	0	0
13	65	135	159	1	1	0	1	0	0	0	0
13	65	137	183	1	1	1	0	0	0	0	0
13	65	138	133	1	1	0	0	1	0	0	0
13	65	154	210	2	1	0	0	0	0	0	0
13	65	155	132	2	1	0	0	1	0	0	0
13	65	155	203	1	2	0	0	0	0	0	0
13	65	155	211	1	1	0	0	0	0	0	0
13	65	156	158	2	1	0	1	0	0	0	0
13	65	157	183	1	1	1	0	0	0	0	0
13	65	159	159	1	1	0	1	0	0	0	0
13	65	170	132	2	1	0	0	1	0	0	0
13	65	170	182	2	1	1	0	0	0	0	0
13	65	192	157	2	1	0	1	0	0	0	0
13	66	17	192	0	1	0	0	0	0	0	0
13	66	18	184	0	2	0	0	0	0	0	0
13	66	18	191	1	1	0	0	0	0	0	0
13	66	19	191	0	1	0	0	0	0	0	0
13	66	20	183	1	2	0	0	0	0	0	0
13	66	21	189	2	1	0	0	0	0	0	0
13	66	21	191	1	1	0	0	0	0	0	0
13	66	22	183	1	2	0	0	0	0	0	0
13	66	22	184	0	2	0	0	0	0	0	0
13	66	22	189	2	1	0	0	0	0	0	0
13	66	22	191	1	1	0	0	0	0	0	0
13	66	22	192	0	1	0	0	0	0	0	0
13	66	33	182	1	2	0	0	0	0	0	0
13	67	16	189	1	1	0	0	0	0	0	0
13	67	17	181	1	2	0	0	0	0	0	0
13	67	17	187	2	1	0	0	0	0	0	0
13	67	17	189	1	1	0	0	0	0	0	0
13	67	18	161	1	1	1	0	0	0	0	0
13	67	18	181	1	2	0	0	0	0	0	0
13	67	19	181	1	2	0	0	0	0	0	0
13	67	19	182	0	2	0	0	0	0	0	0
13	67	19	189	1	1	0	0	0	0	0	0
13	67	19	190	0	1	0	0	0	0	0	0
13	67	20	181	1	2	0	0	0	0	0	0
13	67	20	187	2	1	0	0	0	0	0	0
13	67	20	189	1	1	0	0	0	0	0	0
13	67	22	180	2	2	0	0	0	0	0	0
13	67	22	181	1	2	0	0	0	0	0	0
13	67	22	182	0	2	0	0	0	0	0	0
13	67	22	187	2	1	0	0	0	0	0	0
13	67	22	189	1	1	0	0	0	0	0	0
13	67	22	190	0	1	0	0	0	0	0	0
13	67	24	187	2	1	0	0	0	0	0	0
13	67	30	189	1	1	0	0	0	0	0	0
13	67	59	189	1	1	0	0	0	0	0	0
13	67	99	189	1	1	0	0	0	0	0	0
13	67	125	189	1	1	0	0	0	0	0	0
13	67	144	181	1	2	0	0	0	0	0	0
13	68	17	174	1	0	0	0	0	0	0	0
13	68	18	165	2	1	0	0	0	0	0	0
13	68	18	166	1	1	0	0	0	0	0	0
13	68	20	174	1	0	0	0	0	0	0	0
13	68	21	166	1	1	0	0	0	0	0	0
13	68	21	174	1	0	0	0	0	0	0	0
13	68	22	165	2	1	0	0	0	0	0	0
13	68	22	166	1	1	0	0	0	0	0	0
13	68	22	167	0	1	0	0	0	0	0	0
13	68	23	165	2	1	0	0	0	0	0	0
13	68	43	166	1	1	0	0	0	0	0	0
13	69	17	165	1	1	0	0	0	0	0	0
13	69	17	174	1	0	0	0	0	0	0	0
13	69	18	156	2	2	0	0	0	0	0	0
13	69	18	157	1	2	0	0	0	0	0	0
13	69	18	165	2	1	0	0	0	0	0	0
13	69	18	166	1	1	0	0	0	0	0	0
13	69	20	174	1	0	0	0	0	0	0	0
13	69	21	166	1	1	0	0	0	0	0	0
13	69	21	174	1	0	0	0	0	0	0	0
13	69	22	165	2	1	0	0	0	0	0	0
13	69	22	166	1	1	0	0	0	0	0	0
13	69	22	167	0	1	0	0	0	0	0	0
13	69	51	165	1	1	0	0	0	0	0	0
13	69	84	165	1	1	0	0	0	0	0	0
13	69	143	166	1	1	0	0	0	0	0	0
13	69	171	165	1	1	0	0	0	0	0	0
13	69	175	157	1	2	0	0	0	0	0	0
13	69	185	157	1	2	0	0	0	0	0	0
13	69	186	165	1	1	0	0	0	0	0	0
13	69	189	157	1	2	0	0	0	0	0	0
13	70	16	210	2	1	0	0	0	0	0	0
13	70	16	212	1	1	0	0	0	0	0	0
13	70	17	160	1	1	0	1	0	0	0	0
13	70	17	204	1	2	0	0	0	0	0	0
13	70	17	212	1	1	0	0	0	0	0	0
13	70	18	134	1	1	0	0	1	0	0	0
13	70	18	184	1	1	1	0	0	0	0	0
13	70	18	204	1	2	0	0	0	0	0	0
13	70	18	210	2	1	0	0	0	0	0	0
13	70	18	213	0	1	0	0	0	0	0	0
13	70	19	107	1	1	0	0	0	1	0	0
13	70	19	126	1	2	0	0	1	0	0	0
13	70	19	134	1	1	0	0	1	0	0	0
13	70	19	160	1	1	0	1	0	0	0	0
13	70	19	204	1	2	0	0	0	0	0	0
13	70	19	205	0	2	0	0	0	0	0	0
13	70	19	210	2	1	0	0	0	0	0	0
13	70	19	212	1	1	0	0	0	0	0	0
13	70	20	79	1	1	0	0	0	0	1	0
13	70	20	160	1	1	0	1	0	0	0	0
13	70	20	185	0	1	1	0	0	0	0	0
13	70	20	204	1	2	0	0	0	0	0	0
13	70	20	210	2	1	0	0	0	0	0	0
13	70	20	212	1	1	0	0	0	0	0	0
13	70	22	79	1	1	0	0	0	0	1	0
13	70	22	80	0	1	0	0	0	0	1	0
13	70	22	107	1	1	0	0	0	1	0	0
13	70	22	108	0	1	0	0	0	1	0	0
13	70	22	152	1	2	0	1	0	0	0	0
13	70	22	204	1	2	0	0	0	0	0	0
13	70	22	205	0	2	0	0	0	0	0	0
13	70	22	210	2	1	0	0	0	0	0	0
13	70	22	212	1	1	0	0	0	0	0	0
13	70	22	213	0	1	0	0	0	0	0	0
13	70	23	204	1	2	0	0	0	0	0	0
13	70	23	210	2	1	0	0	0	0	0	0
13	70	24	210	2	1	0	0	0	0	0	0
13	70	26	204	1	2	0	0	0	0	0	0
13	70	30	135	0	1	0	0	1	0	0	0
13	70	31	127	0	2	0	0	1	0	0	0
13	70	33	134	1	1	0	0	1	0	0	0
13	70	33	135	0	1	0	0	1	0	0	0
13	70	34	126	1	2	0	0	1	0	0	0
13	70	34	127	0	2	0	0	1	0	0	0
13	70	34	134	1	1	0	0	1	0	0	0
13	70	35	126	1	2	0	0	1	0	0	0
13	70	35	132	2	1	0	0	1	0	0	0
13	70	35	134	1	1	0	0	1	0	0	0
13	70	36	132	2	1	0	0	1	0	0	0
13	70	37	135	0	1	0	0	1	0	0	0
13	70	39	134	1	1	0	0	1	0	0	0
13	70	41	134	1	1	0	0	1	0	0	0
13	70	42	210	2	1	0	0	0	0	0	0
13	70	80	177	0	2	1	0	0	0	0	0
13	70	109	212	1	1	0	0	0	0	0	0
13	70	120	184	1	1	1	0	0	0	0	0
13	70	125	212	1	1	0	0	0	0	0	0
13	70	179	161	0	1	0	1	0	0	0	0
13	70	181	153	0	2	0	1	0	0	0	0
13	70	189	161	0	1	0	1	0	0	0	0
13	70	190	153	0	2	0	1	0	0	0	0
13	70	193	160	1	1	0	1	0	0	0	0
13	71	17	170	1	0	0	0	0	0	0	0
13	71	18	142	1	0	1	0	0	0	0	0
13	71	18	161	2	1	0	0	0	0	0	0
13	71	18	162	1	1	0	0	0	0	0	0
13	71	18	170	1	0	0	0	0	0	0	0
13	71	19	118	1	0	0	1	0	0	0	0
13	71	19	142	1	0	1	0	0	0	0	0
13	71	19	153	2	2	0	0	0	0	0	0
13	71	19	154	1	2	0	0	0	0	0	0
13	71	19	161	2	1	0	0	0	0	0	0
13	71	19	162	1	1	0	0	0	0	0	0
13	71	19	163	0	1	0	0	0	0	0	0
13	71	19	170	1	0	0	0	0	0	0	0
13	71	20	92	1	0	0	0	1	0	0	0
13	71	20	134	1	1	1	0	0	0	0	0
13	71	20	153	2	2	0	0	0	0	0	0
13	71	20	154	1	2	0	0	0	0	0	0
13	71	20	162	1	1	0	0	0	0	0	0
13	71	21	161	2	1	0	0	0	0	0	0
13	71	21	162	1	1	0	0	0	0	0	0
13	71	22	162	1	1	0	0	0	0	0	0
13	71	22	163	0	1	0	0	0	0	0	0
13	71	23	146	1	3	0	0	0	0	0	0
13	71	26	162	1	1	0	0	0	0	0	0
13	71	27	162	1	1	0	0	0	0	0	0
13	71	28	161	2	1	0	0	0	0	0	0
13	71	32	161	2	1	0	0	0	0	0	0
13	71	37	162	1	1	0	0	0	0	0	0
13	71	45	153	2	2	0	0	0	0	0	0
13	71	110	162	1	1	0	0	0	0	0	0
13	71	120	134	1	1	1	0	0	0	0	0
13	71	122	154	1	2	0	0	0	0	0	0
13	71	134	146	1	3	0	0	0	0	0	0
13	71	140	162	1	1	0	0	0	0	0	0
13	71	141	162	1	1	0	0	0	0	0	0
13	71	146	154	1	2	0	0	0	0	0	0
13	71	149	154	1	2	0	0	0	0	0	0
13	71	153	154	1	2	0	0	0	0	0	0
13	71	155	153	2	2	0	0	0	0	0	0
13	71	168	154	1	2	0	0	0	0	0	0
13	71	169	153	2	2	0	0	0	0	0	0
13	71	182	153	2	2	0	0	0	0	0	0
13	72	18	161	1	1	0	0	0	0	0	0
13	72	22	161	1	1	0	0	0	0	0	0
13	72	22	162	0	1	0	0	0	0	0	0
13	73	16	191	1	0	1	0	0	0	0	0
13	73	16	203	1	2	0	0	0	0	0	0
13	73	16	204	1	2	0	0	0	0	0	0
13	73	16	210	2	1	0	0	0	0	0	0
13	73	16	211	1	1	0	0	0	0	0	0
13	73	16	212	1	1	0	0	0	0	0	0
13	73	16	219	1	0	0	0	0	0	0	0
13	73	17	183	1	1	1	0	0	0	0	0
13	73	17	203	1	2	0	0	0	0	0	0
13	73	17	204	1	2	0	0	0	0	0	0
13	73	17	210	2	1	0	0	0	0	0	0
13	73	17	211	1	1	0	0	0	0	0	0
13	73	17	212	1	1	0	0	0	0	0	0
13	73	18	141	1	0	0	0	1	0	0	0
13	73	18	160	1	1	0	1	0	0	0	0
13	73	18	163	1	0	2	0	0	0	0	0
13	73	18	167	1	0	0	1	0	0	0	0
13	73	18	184	1	1	1	0	0	0	0	0
13	73	18	191	1	0	1	0	0	0	0	0
13	73	18	203	1	2	0	0	0	0	0	0
13	73	18	204	1	2	0	0	0	0	0	0
13	73	18	210	2	1	0	0	0	0	0	0
13	73	18	211	1	1	0	0	0	0	0	0
13	73	18	213	0	1	0	0	0	0	0	0
13	73	18	219	1	0	0	0	0	0	0	0
13	73	19	114	1	0	0	0	0	1	0	0
13	73	19	133	1	1	0	0	1	0	0	0
13	73	19	134	1	1	0	0	1	0	0	0
13	73	19	141	1	0	0	0	1	0	0	0
13	73	19	159	1	1	0	1	0	0	0	0
13	73	19	160	1	1	0	1	0	0	0	0
13	73	19	182	2	1	1	0	0	0	0	0
13	73	19	191	1	0	1	0	0	0	0	0
13	73	19	203	1	2	0	0	0	0	0	0
13	73	19	204	1	2	0	0	0	0	0	0
13	73	19	205	0	2	0	0	0	0	0	0
13	73	19	210	2	1	0	0	0	0	0	0
13	73	19	211	1	1	0	0	0	0	0	0
13	73	19	212	1	1	0	0	0	0	0	0
13	73	19	219	1	0	0	0	0	0	0	0
13	73	20	78	1	1	0	0	0	0	1	0
13	73	20	79	1	1	0	0	0	0	1	0
13	73	20	86	1	0	0	0	0	0	1	0
13	73	20	106	1	1	0	0	0	1	0	0
13	73	20	107	1	1	0	0	0	1	0	0
13	73	20	133	1	1	0	0	1	0	0	0
13	73	20	134	1	1	0	0	1	0	0	0
13	73	20	185	0	1	1	0	0	0	0	0
13	73	20	191	1	0	1	0	0	0	0	0
13	73	20	203	1	2	0	0	0	0	0	0
13	73	20	204	1	2	0	0	0	0	0	0
13	73	20	210	2	1	0	0	0	0	0	0
13	73	20	211	1	1	0	0	0	0	0	0
13	73	20	212	1	1	0	0	0	0	0	0
13	73	20	219	1	0	0	0	0	0	0	0
13	73	21	78	1	1	0	0	0	0	1	0
13	73	21	86	1	0	0	0	0	0	1	0
13	73	21	106	1	1	0	0	0	1	0	0
13	73	21	114	1	0	0	0	0	1	0	0
13	73	21	210	2	1	0	0	0	0	0	0
13	73	21	211	1	1	0	0	0	0	0	0
13	73	21	219	1	0	0	0	0	0	0	0
13	73	22	79	1	1	0	0	0	0	1	0
13	73	22	80	0	1	0	0	0	0	1	0
13	73	22	107	1	1	0	0	0	1	0	0
13	73	22	108	0	1	0	0	0	1	0	0
13	73	22	152	1	2	0	1	0	0	0	0
13	73	22	204	1	2	0	0	0	0	0	0
13	73	22	205	0	2	0	0	0	0	0	0
13	73	22	210	2	1	0	0	0	0	0	0
13	73	22	211	1	1	0	0	0	0	0	0
13	73	22	212	1	1	0	0	0	0	0	0
13	73	22	213	0	1	0	0	0	0	0	0
13	73	23	107	1	1	0	0	0	1	0	0
13	73	23	191	1	0	1	0	0	0	0	0
13	73	23	204	1	2	0	0	0	0	0	0
13	73	23	210	2	1	0	0	0	0	0	0
13	73	23	211	1	1	0	0	0	0	0	0
13	73	24	141	1	0	0	0	1	0	0	0
13	73	24	210	2	1	0	0	0	0	0	0
13	73	25	133	1	1	0	0	1	0	0	0
13	73	25	141	1	0	0	0	1	0	0	0
13	73	25	167	1	0	0	1	0	0	0	0
13	73	26	211	1	1	0	0	0	0	0	0
13	73	27	133	1	1	0	0	1	0	0	0
13	73	27	212	1	1	0	0	0	0	0	0
13	73	29	203	1	2	0	0	0	0	0	0
13	73	29	210	2	1	0	0	0	0	0	0
13	73	31	159	1	1	0	1	0	0	0	0
13	73	31	210	2	1	0	0	0	0	0	0
13	73	32	211	1	1	0	0	0	0	0	0
13	73	34	135	0	1	0	0	1	0	0	0
13	73	38	135	0	1	0	0	1	0	0	0
13	73	39	210	2	1	0	0	0	0	0	0
13	73	40	134	1	1	0	0	1	0	0	0
13	73	41	160	1	1	0	1	0	0	0	0
13	73	42	210	2	1	0	0	0	0	0	0
13	73	43	134	1	1	0	0	1	0	0	0
13	73	44	210	2	1	0	0	0	0	0	0
13	73	45	210	2	1	0	0	0	0	0	0
13	73	46	210	2	1	0	0	0	0	0	0
13	73	48	210	2	1	0	0	0	0	0	0
13	73	62	211	1	1	0	0	0	0	0	0
13	73	64	210	2	1	0	0	0	0	0	0
13	73	67	208	3	1	0	0	0	0	0	0
13	73	70	210	2	1	0	0	0	0	0	0
13	73	72	211	1	1	0	0	0	0	0	0
13	73	79	191	1	0	1	0	0	0	0	0
13	73	83	210	2	1	0	0	0	0	0	0
13	73	83	211	1	1	0	0	0	0	0	0
13	73	85	211	1	1	0	0	0	0	0	0
13	73	86	210	2	1	0	0	0	0	0	0
13	73	87	210	2	1	0	0	0	0	0	0
13	73	99	183	1	1	1	0	0	0	0	0
13	73	105	210	2	1	0	0	0	0	0	0
13	73	124	184	1	1	1	0	0	0	0	0
13	73	125	210	2	1	0	0	0	0	0	0
13	73	128	203	1	2	0	0	0	0	0	0
13	73	130	212	1	1	0	0	0	0	0	0
13	73	148	210	2	1	0	0	0	0	0	0
13	73	168	163	1	0	2	0	0	0	0	0
13	73	171	208	3	1	0	0	0	0	0	0
13	73	190	161	0	1	0	1	0	0	0	0
13	73	192	153	0	2	0	1	0	0	0	0
13	74	17	163	2	0	1	0	0	0	0	0
13	74	17	165	1	0	1	0	0	0	0	0
13	74	17	183	2	1	0	0	0	0	0	0
13	74	17	184	1	1	0	0	0	0	0	0
13	74	17	184	2	1	0	0	0	0	0	0
13	74	17	185	1	1	0	0	0	0	0	0
13	74	17	191	2	0	0	0	0	0	0	0
13	74	17	192	1	0	0	0	0	0	0	0
13	74	17	193	1	0	0	0	0	0	0	0
13	74	18	155	2	1	1	0	0	0	0	0
13	74	18	157	1	1	1	0	0	0	0	0
13	74	18	163	2	0	1	0	0	0	0	0
13	74	18	164	1	0	1	0	0	0	0	0
13	74	18	165	1	0	1	0	0	0	0	0
13	74	18	176	1	2	0	0	0	0	0	0
13	74	18	177	1	2	0	0	0	0	0	0
13	74	18	181	3	1	0	0	0	0	0	0
13	74	18	182	3	1	0	0	0	0	0	0
13	74	18	183	2	1	0	0	0	0	0	0
13	74	18	184	1	1	0	0	0	0	0	0
13	74	18	184	2	1	0	0	0	0	0	0
13	74	18	185	1	1	0	0	0	0	0	0
13	74	18	191	2	0	0	0	0	0	0	0
13	74	18	192	1	0	0	0	0	0	0	0
13	74	18	193	1	0	0	0	0	0	0	0
13	74	19	139	2	0	0	1	0	0	0	0
13	74	19	141	1	0	0	1	0	0	0	0
13	74	19	158	0	1	1	0	0	0	0	0
13	74	19	163	2	0	1	0	0	0	0	0
13	74	19	164	1	0	1	0	0	0	0	0
13	74	19	180	4	1	0	0	0	0	0	0
13	74	19	183	2	1	0	0	0	0	0	0
13	74	19	184	1	1	0	0	0	0	0	0
13	74	19	184	2	1	0	0	0	0	0	0
13	74	19	185	1	1	0	0	0	0	0	0
13	74	19	186	0	1	0	0	0	0	0	0
13	74	19	191	2	0	0	0	0	0	0	0
13	74	19	192	1	0	0	0	0	0	0	0
13	74	19	193	1	0	0	0	0	0	0	0
13	74	20	131	2	1	0	1	0	0	0	0
13	74	20	133	1	1	0	1	0	0	0	0
13	74	20	156	1	1	1	0	0	0	0	0
13	74	20	157	1	1	1	0	0	0	0	0
13	74	20	163	2	0	1	0	0	0	0	0
13	74	20	164	1	0	1	0	0	0	0	0
13	74	20	165	1	0	1	0	0	0	0	0
13	74	20	176	1	2	0	0	0	0	0	0
13	74	20	183	2	1	0	0	0	0	0	0
13	74	20	184	1	1	0	0	0	0	0	0
13	74	20	184	2	1	0	0	0	0	0	0
13	74	20	185	1	1	0	0	0	0	0	0
13	74	20	191	2	0	0	0	0	0	0	0
13	74	20	192	1	0	0	0	0	0	0	0
13	74	20	193	1	0	0	0	0	0	0	0
13	74	21	106	1	1	0	0	1	0	0	0
13	74	21	114	1	0	0	0	1	0	0	0
13	74	21	139	2	0	0	1	0	0	0	0
13	74	21	156	2	1	1	0	0	0	0	0
13	74	21	157	1	1	1	0	0	0	0	0
13	74	21	181	3	1	0	0	0	0	0	0
13	74	21	182	3	1	0	0	0	0	0	0
13	74	21	183	2	1	0	0	0	0	0	0
13	74	21	184	1	1	0	0	0	0	0	0
13	74	21	184	2	1	0	0	0	0	0	0
13	74	21	185	1	1	0	0	0	0	0	0
13	74	21	191	2	0	0	0	0	0	0	0
13	74	21	192	1	0	0	0	0	0	0	0
13	74	21	193	1	0	0	0	0	0	0	0
13	74	22	107	1	1	0	0	1	0	0	0
13	74	22	108	0	1	0	0	1	0	0	0
13	74	22	133	1	1	0	1	0	0	0	0
13	74	22	176	1	2	0	0	0	0	0	0
13	74	22	180	4	1	0	0	0	0	0	0
13	74	22	181	3	1	0	0	0	0	0	0
13	74	22	182	3	1	0	0	0	0	0	0
13	74	22	183	2	1	0	0	0	0	0	0
13	74	22	184	1	1	0	0	0	0	0	0
13	74	22	184	2	1	0	0	0	0	0	0
13	74	22	185	1	1	0	0	0	0	0	0
13	74	22	186	0	1	0	0	0	0	0	0
13	74	22	191	2	0	0	0	0	0	0	0
13	74	23	139	2	0	0	1	0	0	0	0
13	74	23	155	2	1	1	0	0	0	0	0
13	74	23	156	1	1	1	0	0	0	0	0
13	74	23	157	1	1	1	0	0	0	0	0
13	74	23	163	2	0	1	0	0	0	0	0
13	74	23	164	1	0	1	0	0	0	0	0
13	74	23	165	1	0	1	0	0	0	0	0
13	74	23	183	2	1	0	0	0	0	0	0
13	74	23	184	2	1	0	0	0	0	0	0
13	74	24	136	1	0	2	0	0	0	0	0
13	74	24	140	1	0	0	1	0	0	0	0
13	74	24	141	1	0	0	1	0	0	0	0
13	74	24	156	1	1	1	0	0	0	0	0
13	74	24	163	2	0	1	0	0	0	0	0
13	74	24	177	1	2	0	0	0	0	0	0
13	74	24	183	2	1	0	0	0	0	0	0
13	74	24	184	1	1	0	0	0	0	0	0
13	74	24	184	2	1	0	0	0	0	0	0
13	74	24	185	1	1	0	0	0	0	0	0
13	74	25	132	1	1	0	1	0	0	0	0
13	74	25	133	1	1	0	1	0	0	0	0
13	74	25	140	1	0	0	1	0	0	0	0
13	74	25	141	1	0	0	1	0	0	0	0
13	74	25	176	1	2	0	0	0	0	0	0
13	74	25	183	2	1	0	0	0	0	0	0
13	74	25	191	2	0	0	0	0	0	0	0
13	74	26	132	1	1	0	1	0	0	0	0
13	74	26	133	1	1	0	1	0	0	0	0
13	74	26	163	2	0	1	0	0	0	0	0
13	74	26	177	1	2	0	0	0	0	0	0
13	74	26	191	2	0	0	0	0	0	0	0
13	74	27	183	2	1	0	0	0	0	0	0
13	74	30	156	1	1	1	0	0	0	0	0
13	74	30	157	1	1	1	0	0	0	0	0
13	74	30	181	3	1	0	0	0	0	0	0
13	74	32	134	0	1	0	1	0	0	0	0
13	74	32	148	1	2	1	0	0	0	0	0
13	74	32	155	2	1	1	0	0	0	0	0
13	74	32	175	2	2	0	0	0	0	0	0
13	74	33	134	0	1	0	1	0	0	0	0
13	74	33	176	2	2	0	0	0	0	0	0
13	74	33	184	2	1	0	0	0	0	0	0
13	74	34	155	2	1	1	0	0	0	0	0
13	74	35	134	0	1	0	1	0	0	0	0
13	74	35	155	2	1	1	0	0	0	0	0
13	74	35	181	3	1	0	0	0	0	0	0
13	74	36	191	2	0	0	0	0	0	0	0
13	74	37	133	1	1	0	1	0	0	0	0
13	74	37	134	0	1	0	1	0	0	0	0
13	74	37	191	2	0	0	0	0	0	0	0
13	74	38	133	1	1	0	1	0	0	0	0
13	74	39	133	1	1	0	1	0	0	0	0
13	74	39	155	2	1	1	0	0	0	0	0
13	74	40	191	2	0	0	0	0	0	0	0
13	74	41	133	1	1	0	1	0	0	0	0
13	74	42	191	2	0	0	0	0	0	0	0
13	74	56	173	3	2	0	0	0	0	0	0
13	74	71	157	1	1	1	0	0	0	0	0
13	74	77	183	2	1	0	0	0	0	0	0
13	74	86	175	2	2	0	0	0	0	0	0
13	74	88	183	2	1	0	0	0	0	0	0
13	74	89	133	1	1	0	1	0	0	0	0
13	74	96	182	3	1	0	0	0	0	0	0
13	74	102	178	0	2	0	0	0	0	0	0
13	74	107	177	1	2	0	0	0	0	0	0
13	74	115	177	1	2	0	0	0	0	0	0
13	74	116	133	1	1	0	1	0	0	0	0
13	74	123	175	2	2	0	0	0	0	0	0
13	74	127	183	2	1	0	0	0	0	0	0
13	74	129	156	1	1	1	0	0	0	0	0
13	74	130	132	2	1	0	1	0	0	0	0
13	74	130	156	1	1	1	0	0	0	0	0
13	74	139	155	2	1	1	0	0	0	0	0
13	74	139	174	3	2	0	0	0	0	0	0
13	74	142	132	2	1	0	1	0	0	0	0
13	74	142	177	1	2	0	0	0	0	0	0
13	74	143	175	2	2	0	0	0	0	0	0
13	74	145	175	2	2	0	0	0	0	0	0
13	74	145	178	0	2	0	0	0	0	0	0
13	74	146	155	2	1	1	0	0	0	0	0
13	74	157	191	2	0	0	0	0	0	0	0
13	74	179	185	1	1	0	0	0	0	0	0
13	74	182	157	1	1	1	0	0	0	0	0
13	74	184	183	2	1	0	0	0	0	0	0
13	74	185	183	2	1	0	0	0	0	0	0
13	75	18	144	1	0	1	0	0	0	0	0
13	75	18	163	1	1	0	0	0	0	0	0
13	75	18	164	1	1	0	0	0	0	0	0
13	75	18	165	1	1	0	0	0	0	0	0
13	75	18	166	0	1	0	0	0	0	0	0
13	75	18	172	1	0	0	0	0	0	0	0
13	75	19	144	1	0	1	0	0	0	0	0
13	75	19	155	1	2	0	0	0	0	0	0
13	75	19	156	1	2	0	0	0	0	0	0
13	75	19	164	1	1	0	0	0	0	0	0
13	75	19	165	1	1	0	0	0	0	0	0
13	75	19	172	1	0	0	0	0	0	0	0
13	75	20	172	1	0	0	0	0	0	0	0
13	75	21	164	1	1	0	0	0	0	0	0
13	75	21	172	1	0	0	0	0	0	0	0
13	75	22	165	1	1	0	0	0	0	0	0
13	75	22	166	0	1	0	0	0	0	0	0
13	75	38	164	1	1	0	0	0	0	0	0
13	75	92	164	1	1	0	0	0	0	0	0
13	76	17	161	2	0	0	0	0	0	0	0
13	76	17	163	1	0	0	0	0	0	0	0
13	76	18	153	2	1	0	0	0	0	0	0
13	76	18	154	2	1	0	0	0	0	0	0
13	76	18	155	1	1	0	0	0	0	0	0
13	76	18	156	1	1	0	0	0	0	0	0
13	76	18	161	2	0	0	0	0	0	0	0
13	76	19	161	2	0	0	0	0	0	0	0
13	76	19	163	1	0	0	0	0	0	0	0
13	76	20	153	2	1	0	0	0	0	0	0
13	76	20	155	1	1	0	0	0	0	0	0
13	76	20	161	2	0	0	0	0	0	0	0
13	76	20	163	1	0	0	0	0	0	0	0
13	76	21	155	1	1	0	0	0	0	0	0
13	76	21	161	2	0	0	0	0	0	0	0
13	76	21	163	1	0	0	0	0	0	0	0
13	76	22	156	1	1	0	0	0	0	0	0
13	76	22	157	0	1	0	0	0	0	0	0
13	76	22	161	2	0	0	0	0	0	0	0
13	76	24	161	2	0	0	0	0	0	0	0
13	76	25	161	2	0	0	0	0	0	0	0
13	76	31	161	2	0	0	0	0	0	0	0
13	76	53	161	2	0	0	0	0	0	0	0
13	76	87	161	2	0	0	0	0	0	0	0
13	76	180	161	2	0	0	0	0	0	0	0
13	76	184	153	2	1	0	0	0	0	0	0
13	77	17	161	2	0	0	0	0	0	0	0
13	77	17	162	1	0	0	0	0	0	0	0
13	77	17	163	1	0	0	0	0	0	0	0
13	77	18	153	2	1	0	0	0	0	0	0
13	77	18	154	1	1	0	0	0	0	0	0
13	77	18	154	2	1	0	0	0	0	0	0
13	77	18	155	1	1	0	0	0	0	0	0
13	77	19	161	2	0	0	0	0	0	0	0
13	77	19	163	1	0	0	0	0	0	0	0
13	77	20	153	2	1	0	0	0	0	0	0
13	77	20	155	1	1	0	0	0	0	0	0
13	77	20	161	2	0	0	0	0	0	0	0
13	77	20	162	1	0	0	0	0	0	0	0
13	77	20	163	1	0	0	0	0	0	0	0
13	77	21	154	1	1	0	0	0	0	0	0
13	77	21	155	1	1	0	0	0	0	0	0
13	77	21	161	2	0	0	0	0	0	0	0
13	77	21	162	1	0	0	0	0	0	0	0
13	77	22	155	1	1	0	0	0	0	0	0
13	77	22	156	0	1	0	0	0	0	0	0
13	77	22	161	2	0	0	0	0	0	0	0
13	77	24	161	2	0	0	0	0	0	0	0
13	77	25	161	2	0	0	0	0	0	0	0
13	77	31	161	2	0	0	0	0	0	0	0
13	77	49	161	2	0	0	0	0	0	0	0
13	77	78	161	2	0	0	0	0	0	0	0
13	77	159	161	2	0	0	0	0	0	0	0
13	77	162	153	2	1	0	0	0	0	0	0
13	77	171	161	2	0	0	0	0	0	0	0
13	77	174	153	2	1	0	0	0	0	0	0
13	78	18	165	1	1	0	0	0	0	0	0
13	78	18	166	0	1	0	0	0	0	0	0
13	78	19	156	1	2	0	0	0	0	0	0
13	78	19	165	1	1	0	0	0	0	0	0
13	78	22	165	1	1	0	0	0	0	0	0
13	78	22	166	0	1	0	0	0	0	0	0
13	78	25	156	1	2	0	0	0	0	0	0
13	79	17	163	1	1	0	0	0	0	0	0
13	79	18	155	1	2	0	0	0	0	0	0
13	79	18	163	1	1	0	0	0	0	0	0
13	79	19	163	1	1	0	0	0	0	0	0
13	79	19	164	0	1	0	0	0	0	0	0
13	79	20	163	1	1	0	0	0	0	0	0
13	79	21	155	1	2	0	0	0	0	0	0
13	79	22	163	1	1	0	0	0	0	0	0
13	79	22	164	0	1	0	0	0	0	0	0
13	79	23	163	1	1	0	0	0	0	0	0
13	79	25	155	1	2	0	0	0	0	0	0
13	79	27	163	1	1	0	0	0	0	0	0
13	79	41	163	1	1	0	0	0	0	0	0
13	79	162	163	1	1	0	0	0	0	0	0
13	79	181	155	1	2	0	0	0	0	0	0
13	80	18	150	1	0	0	0	0	0	0	0
13	80	19	141	1	1	0	0	0	0	0	0
13	80	19	150	1	0	0	0	0	0	0	0
13	81	18	150	1	0	0	0	0	0	0	0
13	81	19	150	1	0	0	0	0	0	0	0
13	82	23	141	1	1	0	0	0	0	0	0
13	82	24	141	1	1	0	0	0	0	0	0
13	93	16	203	2	1	0	0	0	0	0	0
13	93	16	205	1	1	0	0	0	0	0	0
13	93	16	206	0	1	0	0	0	0	0	0
13	93	16	213	1	0	0	0	0	0	0	0
13	93	17	185	1	0	1	0	0	0	0	0
13	93	17	198	0	2	0	0	0	0	0	0
13	93	17	202	3	1	0	0	0	0	0	0
13	93	17	203	2	1	0	0	0	0	0	0
13	93	17	204	2	1	0	0	0	0	0	0
13	93	17	205	1	1	0	0	0	0	0	0
13	93	18	135	1	0	0	0	1	0	0	0
13	93	18	161	1	0	0	1	0	0	0	0
13	93	18	204	2	1	0	0	0	0	0	0
13	93	18	213	1	0	0	0	0	0	0	0
13	93	19	108	1	0	0	0	0	1	0	0
13	93	19	135	1	0	0	0	1	0	0	0
13	93	19	197	1	2	0	0	0	0	0	0
13	93	19	203	2	1	0	0	0	0	0	0
13	93	19	205	1	1	0	0	0	0	0	0
13	93	19	213	1	0	0	0	0	0	0	0
13	93	20	80	1	0	0	0	0	0	1	0
13	93	20	185	1	0	1	0	0	0	0	0
13	93	20	195	2	2	0	0	0	0	0	0
13	93	20	197	1	2	0	0	0	0	0	0
13	93	20	203	2	1	0	0	0	0	0	0
13	93	20	204	2	1	0	0	0	0	0	0
13	93	20	205	1	1	0	0	0	0	0	0
13	93	21	203	2	1	0	0	0	0	0	0
13	93	21	205	1	1	0	0	0	0	0	0
13	93	22	161	1	0	0	1	0	0	0	0
13	93	22	197	1	2	0	0	0	0	0	0
13	93	22	198	0	2	0	0	0	0	0	0
13	93	22	203	2	1	0	0	0	0	0	0
13	93	22	205	1	1	0	0	0	0	0	0
13	93	22	206	0	1	0	0	0	0	0	0
13	93	23	203	2	1	0	0	0	0	0	0
13	93	23	204	2	1	0	0	0	0	0	0
13	93	23	205	1	1	0	0	0	0	0	0
13	93	24	204	2	1	0	0	0	0	0	0
13	93	26	205	1	1	0	0	0	0	0	0
13	93	27	203	2	1	0	0	0	0	0	0
13	93	29	203	2	1	0	0	0	0	0	0
13	93	29	204	2	1	0	0	0	0	0	0
13	93	31	205	1	1	0	0	0	0	0	0
13	93	34	203	2	1	0	0	0	0	0	0
13	93	34	205	1	1	0	0	0	0	0	0
13	93	43	204	2	1	0	0	0	0	0	0
13	93	43	205	1	1	0	0	0	0	0	0
13	93	50	195	2	2	0	0	0	0	0	0
13	93	52	203	2	1	0	0	0	0	0	0
13	93	56	204	2	1	0	0	0	0	0	0
13	93	64	204	2	1	0	0	0	0	0	0
13	93	72	185	1	0	1	0	0	0	0	0
13	93	75	205	1	1	0	0	0	0	0	0
13	93	76	205	1	1	0	0	0	0	0	0
13	93	109	203	2	1	0	0	0	0	0	0
13	93	185	204	2	1	0	0	0	0	0	0
13	93	188	203	2	1	0	0	0	0	0	0
13	94	17	163	2	0	0	0	0	0	0	0
13	94	17	164	1	0	0	0	0	0	0	0
13	94	17	165	1	0	0	0	0	0	0	0
13	94	18	155	1	1	0	0	0	0	0	0
13	94	18	156	1	1	0	0	0	0	0	0
13	94	18	164	1	0	0	0	0	0	0	0
13	94	18	165	1	0	0	0	0	0	0	0
13	94	19	164	1	0	0	0	0	0	0	0
13	94	19	165	1	0	0	0	0	0	0	0
13	94	21	155	1	1	0	0	0	0	0	0
13	94	21	163	2	0	0	0	0	0	0	0
13	94	22	156	1	1	0	0	0	0	0	0
13	94	26	163	2	0	0	0	0	0	0	0
13	94	37	163	2	0	0	0	0	0	0	0
13	94	78	163	2	0	0	0	0	0	0	0
13	95	17	161	2	0	0	0	0	0	0	0
13	95	17	162	1	0	0	0	0	0	0	0
13	95	18	153	2	1	0	0	0	0	0	0
13	95	18	154	1	1	0	0	0	0	0	0
13	95	18	154	2	1	0	0	0	0	0	0
13	95	18	155	1	1	0	0	0	0	0	0
13	95	18	161	2	0	0	0	0	0	0	0
13	95	18	162	1	0	0	0	0	0	0	0
13	95	18	163	1	0	0	0	0	0	0	0
13	95	19	162	1	0	0	0	0	0	0	0
13	95	19	163	1	0	0	0	0	0	0	0
13	95	20	153	2	1	0	0	0	0	0	0
13	95	20	154	2	1	0	0	0	0	0	0
13	95	20	155	1	1	0	0	0	0	0	0
13	95	20	161	2	0	0	0	0	0	0	0
13	95	20	163	1	0	0	0	0	0	0	0
13	95	21	154	1	1	0	0	0	0	0	0
13	95	22	155	1	1	0	0	0	0	0	0
13	95	22	161	2	0	0	0	0	0	0	0
13	95	28	161	2	0	0	0	0	0	0	0
13	95	67	161	2	0	0	0	0	0	0	0
13	107	16	181	0	1	0	0	0	0	0	0
13	107	17	172	1	2	0	0	0	0	0	0
13	107	17	173	0	2	0	0	0	0	0	0
13	107	17	178	2	1	0	0	0	0	0	0
13	107	17	180	1	1	0	0	0	0	0	0
13	107	17	181	0	1	0	0	0	0	0	0
13	107	18	180	1	1	0	0	0	0	0	0
13	108	18	180	1	2	0	0	0	0	0	0
13	108	18	188	1	1	0	0	0	0	0	0
13	108	19	111	0	1	0	0	1	0	0	0
13	108	19	136	1	1	0	1	0	0	0	0
13	108	19	137	0	1	0	1	0	0	0	0
13	108	19	160	1	1	1	0	0	0	0	0
13	108	19	161	0	1	1	0	0	0	0	0
13	108	19	181	0	2	0	0	0	0	0	0
13	108	19	188	1	1	0	0	0	0	0	0
13	108	19	189	0	1	0	0	0	0	0	0
13	108	20	103	0	2	0	0	1	0	0	0
13	108	20	110	1	1	0	0	1	0	0	0
13	108	20	111	0	1	0	0	1	0	0	0
13	108	20	136	1	1	0	1	0	0	0	0
13	108	20	180	1	2	0	0	0	0	0	0
13	108	20	181	0	2	0	0	0	0	0	0
13	108	20	188	1	1	0	0	0	0	0	0
13	108	20	189	0	1	0	0	0	0	0	0
13	108	21	137	0	1	0	1	0	0	0	0
13	108	21	152	1	2	1	0	0	0	0	0
13	108	21	153	0	2	1	0	0	0	0	0
13	108	21	160	1	1	1	0	0	0	0	0
13	108	21	180	1	2	0	0	0	0	0	0
13	108	21	186	2	1	0	0	0	0	0	0
13	108	22	102	1	2	0	0	1	0	0	0
13	108	22	110	1	1	0	0	1	0	0	0
13	108	22	111	0	1	0	0	1	0	0	0
13	108	22	128	1	2	0	1	0	0	0	0
13	108	22	136	1	1	0	1	0	0	0	0
13	108	22	160	1	1	1	0	0	0	0	0
13	108	22	180	1	2	0	0	0	0	0	0
13	108	22	186	2	1	0	0	0	0	0	0
13	108	22	188	1	1	0	0	0	0	0	0
13	108	22	189	0	1	0	0	0	0	0	0
13	108	23	110	1	1	0	0	1	0	0	0
13	108	23	178	2	2	0	0	0	0	0	0
13	108	23	186	2	1	0	0	0	0	0	0
13	108	23	188	1	1	0	0	0	0	0	0
13	108	24	110	1	1	0	0	1	0	0	0
13	108	24	152	1	2	1	0	0	0	0	0
13	108	24	178	2	2	0	0	0	0	0	0
13	108	24	180	1	2	0	0	0	0	0	0
13	108	28	161	0	1	1	0	0	0	0	0
13	108	28	178	2	2	0	0	0	0	0	0
13	108	28	181	0	2	0	0	0	0	0	0
13	108	29	110	1	1	0	0	1	0	0	0
13	108	29	136	1	1	0	1	0	0	0	0
13	108	29	186	2	1	0	0	0	0	0	0
13	108	29	188	1	1	0	0	0	0	0	0
13	108	30	136	1	1	0	1	0	0	0	0
13	108	31	188	1	1	0	0	0	0	0	0
13	108	32	160	1	1	1	0	0	0	0	0
13	108	35	137	0	1	0	1	0	0	0	0
13	108	37	181	0	2	0	0	0	0	0	0
13	108	39	137	0	1	0	1	0	0	0	0
13	108	42	136	1	1	0	1	0	0	0	0
13	108	43	181	0	2	0	0	0	0	0	0
13	108	45	136	1	1	0	1	0	0	0	0
13	108	47	180	1	2	0	0	0	0	0	0
13	108	52	180	1	2	0	0	0	0	0	0
13	108	58	102	1	2	0	0	1	0	0	0
13	108	68	172	1	3	0	0	0	0	0	0
13	108	68	178	2	2	0	0	0	0	0	0
13	108	68	180	1	2	0	0	0	0	0	0
13	108	74	160	1	1	1	0	0	0	0	0
13	108	90	180	1	2	0	0	0	0	0	0
13	108	92	129	0	2	0	1	0	0	0	0
13	108	97	160	1	1	1	0	0	0	0	0
13	108	97	180	1	2	0	0	0	0	0	0
13	108	109	180	1	2	0	0	0	0	0	0
13	108	133	178	2	2	0	0	0	0	0	0
13	108	143	172	1	3	0	0	0	0	0	0
13	108	164	181	0	2	0	0	0	0	0	0
13	108	174	180	1	2	0	0	0	0	0	0
13	108	180	161	0	1	1	0	0	0	0	0
13	108	191	178	2	2	0	0	0	0	0	0
13	109	17	153	0	1	1	0	0	0	0	0
13	109	17	172	1	2	0	0	0	0	0	0
13	109	17	173	0	2	0	0	0	0	0	0
13	109	17	178	2	1	0	0	0	0	0	0
13	109	17	180	1	1	0	0	0	0	0	0
13	109	17	181	0	1	0	0	0	0	0	0
13	109	18	128	1	1	0	1	0	0	0	0
13	109	18	129	0	1	0	1	0	0	0	0
13	109	18	152	1	1	1	0	0	0	0	0
13	109	18	153	0	1	1	0	0	0	0	0
13	109	18	170	2	2	0	0	0	0	0	0
13	109	18	171	2	2	0	0	0	0	0	0
13	109	18	172	1	2	0	0	0	0	0	0
13	109	18	180	1	1	0	0	0	0	0	0
13	109	18	181	0	1	0	0	0	0	0	0
13	109	19	102	1	1	0	0	1	0	0	0
13	109	19	103	0	1	0	0	1	0	0	0
13	109	19	170	2	2	0	0	0	0	0	0
13	109	19	178	2	1	0	0	0	0	0	0
13	109	19	180	1	1	0	0	0	0	0	0
13	109	20	164	1	3	0	0	0	0	0	0
13	109	20	170	2	2	0	0	0	0	0	0
13	109	20	172	1	2	0	0	0	0	0	0
13	109	20	178	2	1	0	0	0	0	0	0
13	109	20	180	1	1	0	0	0	0	0	0
13	109	21	152	1	1	1	0	0	0	0	0
13	109	21	170	2	2	0	0	0	0	0	0
13	109	21	172	1	2	0	0	0	0	0	0
13	109	22	164	1	3	0	0	0	0	0	0
13	109	22	170	2	2	0	0	0	0	0	0
13	109	22	171	2	2	0	0	0	0	0	0
13	109	22	172	1	2	0	0	0	0	0	0
13	109	22	178	2	1	0	0	0	0	0	0
13	109	22	180	1	1	0	0	0	0	0	0
13	109	22	181	0	1	0	0	0	0	0	0
13	109	23	171	2	2	0	0	0	0	0	0
13	109	23	172	1	2	0	0	0	0	0	0
13	109	24	178	2	1	0	0	0	0	0	0
13	109	26	170	2	2	0	0	0	0	0	0
13	109	31	172	1	2	0	0	0	0	0	0
13	109	35	173	0	2	0	0	0	0	0	0
13	109	38	170	2	2	0	0	0	0	0	0
13	109	41	173	0	2	0	0	0	0	0	0
13	109	43	172	1	2	0	0	0	0	0	0
13	109	47	172	1	2	0	0	0	0	0	0
13	109	178	178	2	1	0	0	0	0	0	0
13	110	18	128	1	3	0	0	0	0	0	0
13	110	18	136	1	2	0	0	0	0	0	0
13	110	18	144	1	1	0	0	0	0	0	0
13	110	19	136	1	2	0	0	0	0	0	0
13	110	19	144	1	1	0	0	0	0	0	0
13	110	21	144	1	1	0	0	0	0	0	0
13	110	23	144	1	1	0	0	0	0	0	0
13	110	28	136	1	2	0	0	0	0	0	0
13	115	16	186	1	0	0	0	0	0	0	0
13	115	17	178	1	1	0	0	0	0	0	0
13	115	17	179	1	1	0	0	0	0	0	0
13	115	17	180	0	1	0	0	0	0	0	0
13	116	17	180	1	0	0	0	0	0	0	0
13	118	18	144	1	0	0	0	0	0	0	0
13	118	19	135	1	1	0	0	0	0	0	0
13	118	20	144	1	0	0	0	0	0	0	0
13	119	17	166	1	0	1	0	0	0	0	0
13	119	17	185	2	1	0	0	0	0	0	0
13	119	17	186	1	1	0	0	0	0	0	0
13	119	17	187	1	1	0	0	0	0	0	0
13	119	17	194	1	0	0	0	0	0	0	0
13	119	18	142	1	0	0	1	0	0	0	0
13	119	18	157	2	1	1	0	0	0	0	0
13	119	18	158	1	1	1	0	0	0	0	0
13	119	18	159	1	1	1	0	0	0	0	0
13	119	18	166	1	0	1	0	0	0	0	0
13	119	18	178	1	2	0	0	0	0	0	0
13	119	18	179	1	2	0	0	0	0	0	0
13	119	18	183	3	1	0	0	0	0	0	0
13	119	18	185	2	1	0	0	0	0	0	0
13	119	18	186	1	1	0	0	0	0	0	0
13	119	18	187	1	1	0	0	0	0	0	0
13	119	18	194	1	0	0	0	0	0	0	0
13	119	19	108	1	1	0	0	1	0	0	0
13	119	19	116	1	0	0	0	1	0	0	0
13	119	19	134	1	1	0	1	0	0	0	0
13	119	19	138	1	0	2	0	0	0	0	0
13	119	19	142	1	0	0	1	0	0	0	0
13	119	19	157	2	1	1	0	0	0	0	0
13	119	19	158	1	1	1	0	0	0	0	0
13	119	19	166	1	0	1	0	0	0	0	0
13	119	19	178	1	2	0	0	0	0	0	0
13	119	19	179	1	2	0	0	0	0	0	0
13	119	19	180	0	2	0	0	0	0	0	0
13	119	19	185	2	1	0	0	0	0	0	0
13	119	19	186	1	1	0	0	0	0	0	0
13	119	19	187	1	1	0	0	0	0	0	0
13	119	19	188	0	1	0	0	0	0	0	0
13	119	19	194	1	0	0	0	0	0	0	0
13	119	20	81	1	1	0	0	0	1	0	0
13	119	20	89	1	0	0	0	0	1	0	0
13	119	20	108	1	1	0	0	1	0	0	0
13	119	20	116	1	0	0	0	1	0	0	0
13	119	20	138	1	0	2	0	0	0	0	0
13	119	20	142	1	0	0	1	0	0	0	0
13	119	20	158	1	1	1	0	0	0	0	0
13	119	20	159	1	1	1	0	0	0	0	0
13	119	20	166	1	0	1	0	0	0	0	0
13	119	20	178	1	2	0	0	0	0	0	0
13	119	20	179	1	2	0	0	0	0	0	0
13	119	20	185	2	1	0	0	0	0	0	0
13	119	20	186	1	1	0	0	0	0	0	0
13	119	20	187	1	1	0	0	0	0	0	0
13	119	20	194	1	0	0	0	0	0	0	0
13	119	21	53	1	1	0	0	0	0	1	0
13	119	21	61	1	0	0	0	0	0	1	0
13	119	21	81	1	1	0	0	0	1	0	0
13	119	21	134	1	1	0	1	0	0	0	0
13	119	21	138	1	0	2	0	0	0	0	0
13	119	21	150	1	2	1	0	0	0	0	0
13	119	21	151	1	2	1	0	0	0	0	0
13	119	21	157	2	1	1	0	0	0	0	0
13	119	21	178	1	2	0	0	0	0	0	0
13	119	21	179	1	2	0	0	0	0	0	0
13	119	21	185	2	1	0	0	0	0	0	0
13	119	21	186	1	1	0	0	0	0	0	0
13	119	21	187	1	1	0	0	0	0	0	0
13	119	22	157	2	1	1	0	0	0	0	0
13	119	22	179	1	2	0	0	0	0	0	0
13	119	22	180	0	2	0	0	0	0	0	0
13	119	22	185	2	1	0	0	0	0	0	0
13	119	22	187	1	1	0	0	0	0	0	0
13	119	22	188	0	1	0	0	0	0	0	0
13	119	23	150	1	2	1	0	0	0	0	0
13	119	23	177	2	2	0	0	0	0	0	0
13	119	23	185	2	1	0	0	0	0	0	0
13	119	23	186	1	1	0	0	0	0	0	0
13	119	24	185	2	1	0	0	0	0	0	0
13	119	25	150	1	2	1	0	0	0	0	0
13	119	25	166	1	0	1	0	0	0	0	0
13	119	26	186	1	1	0	0	0	0	0	0
13	119	27	177	2	2	0	0	0	0	0	0
13	119	28	185	2	1	0	0	0	0	0	0
13	119	28	186	1	1	0	0	0	0	0	0
13	119	29	179	1	2	0	0	0	0	0	0
13	119	30	187	1	1	0	0	0	0	0	0
13	119	33	177	2	2	0	0	0	0	0	0
13	119	33	178	2	2	0	0	0	0	0	0
13	119	34	157	2	1	1	0	0	0	0	0
13	119	34	158	1	1	1	0	0	0	0	0
13	119	36	158	1	1	1	0	0	0	0	0
13	119	37	185	2	1	0	0	0	0	0	0
13	119	43	186	1	1	0	0	0	0	0	0
13	119	48	159	1	1	1	0	0	0	0	0
13	119	48	176	3	2	0	0	0	0	0	0
13	119	51	185	2	1	0	0	0	0	0	0
13	119	52	186	1	1	0	0	0	0	0	0
13	119	55	178	1	2	0	0	0	0	0	0
13	119	56	177	2	2	0	0	0	0	0	0
13	119	58	185	2	1	0	0	0	0	0	0
13	119	59	159	1	1	1	0	0	0	0	0
13	119	59	175	3	2	0	0	0	0	0	0
13	119	62	157	2	1	1	0	0	0	0	0
13	119	68	151	1	2	1	0	0	0	0	0
13	119	69	187	1	1	0	0	0	0	0	0
13	119	71	186	1	1	0	0	0	0	0	0
13	119	76	183	3	1	0	0	0	0	0	0
13	119	78	178	1	2	0	0	0	0	0	0
13	119	78	180	0	2	0	0	0	0	0	0
13	119	99	157	2	1	1	0	0	0	0	0
13	119	102	179	1	2	0	0	0	0	0	0
13	119	108	179	1	2	0	0	0	0	0	0
13	119	113	185	2	1	0	0	0	0	0	0
13	119	116	159	1	1	1	0	0	0	0	0
13	119	118	183	3	1	0	0	0	0	0	0
13	119	119	157	2	1	1	0	0	0	0	0
13	119	124	185	2	1	0	0	0	0	0	0
13	119	124	186	1	1	0	0	0	0	0	0
13	119	128	157	2	1	1	0	0	0	0	0
13	119	130	158	1	1	1	0	0	0	0	0
13	119	148	185	2	1	0	0	0	0	0	0
13	119	150	157	2	1	1	0	0	0	0	0
13	119	164	178	2	2	0	0	0	0	0	0
13	119	165	166	1	0	1	0	0	0	0	0
13	119	166	185	2	1	0	0	0	0	0	0
13	119	166	187	1	1	0	0	0	0	0	0
13	119	177	158	1	1	1	0	0	0	0	0
13	119	183	185	2	1	0	0	0	0	0	0
13	119	187	185	2	1	0	0	0	0	0	0
13	119	188	178	1	2	0	0	0	0	0	0
13	119	192	179	1	2	0	0	0	0	0	0
13	119	193	185	2	1	0	0	0	0	0	0
13	120	17	178	0	2	0	0	0	0	0	0
13	120	17	185	1	1	0	0	0	0	0	0
13	120	17	186	0	1	0	0	0	0	0	0
13	120	19	177	1	2	0	0	0	0	0	0
13	120	19	183	2	1	0	0	0	0	0	0
13	120	20	185	1	1	0	0	0	0	0	0
13	120	21	177	1	2	0	0	0	0	0	0
13	120	21	183	2	1	0	0	0	0	0	0
13	120	21	185	1	1	0	0	0	0	0	0
13	120	22	177	1	2	0	0	0	0	0	0
13	120	22	178	0	2	0	0	0	0	0	0
13	120	22	183	2	1	0	0	0	0	0	0
13	120	22	185	1	1	0	0	0	0	0	0
13	120	22	186	0	1	0	0	0	0	0	0
13	120	100	185	1	1	0	0	0	0	0	0
13	121	17	158	1	1	1	0	0	0	0	0
13	121	17	166	1	0	1	0	0	0	0	0
13	121	17	170	1	3	0	0	0	0	0	0
13	121	17	171	1	3	0	0	0	0	0	0
13	121	17	175	3	2	0	0	0	0	0	0
13	121	17	177	2	2	0	0	0	0	0	0
13	121	17	178	1	2	0	0	0	0	0	0
13	121	17	179	1	2	0	0	0	0	0	0
13	121	17	183	3	1	0	0	0	0	0	0
13	121	17	185	2	1	0	0	0	0	0	0
13	121	17	186	1	1	0	0	0	0	0	0
13	121	17	187	1	1	0	0	0	0	0	0
13	121	17	194	1	0	0	0	0	0	0	0
13	121	18	135	1	1	0	1	0	0	0	0
13	121	18	138	1	0	2	0	0	0	0	0
13	121	18	150	1	2	1	0	0	0	0	0
13	121	18	151	1	2	1	0	0	0	0	0
13	121	18	158	1	1	1	0	0	0	0	0
13	121	18	159	1	1	1	0	0	0	0	0
13	121	18	166	1	0	1	0	0	0	0	0
13	121	18	170	1	3	0	0	0	0	0	0
13	121	18	175	3	2	0	0	0	0	0	0
13	121	18	177	2	2	0	0	0	0	0	0
13	121	18	178	1	2	0	0	0	0	0	0
13	121	18	179	1	2	0	0	0	0	0	0
13	121	18	183	3	1	0	0	0	0	0	0
13	121	18	185	2	1	0	0	0	0	0	0
13	121	18	186	1	1	0	0	0	0	0	0
13	121	18	187	1	1	0	0	0	0	0	0
13	121	18	194	1	0	0	0	0	0	0	0
13	121	19	108	1	1	0	0	1	0	0	0
13	121	19	110	0	1	0	0	1	0	0	0
13	121	19	114	1	0	1	1	0	0	0	0
13	121	19	116	1	0	0	0	1	0	0	0
13	121	19	127	1	2	0	1	0	0	0	0
13	121	19	130	1	1	2	0	0	0	0	0
13	121	19	134	1	1	0	1	0	0	0	0
13	121	19	135	1	1	0	1	0	0	0	0
13	121	19	136	0	1	0	1	0	0	0	0
13	121	19	138	1	0	2	0	0	0	0	0
13	121	19	142	1	0	0	1	0	0	0	0
13	121	19	158	1	1	1	0	0	0	0	0
13	121	19	159	1	1	1	0	0	0	0	0
13	121	19	160	0	1	1	0	0	0	0	0
13	121	19	166	1	0	1	0	0	0	0	0
13	121	19	170	1	3	0	0	0	0	0	0
13	121	19	175	3	2	0	0	0	0	0	0
13	121	19	178	1	2	0	0	0	0	0	0
13	121	19	179	1	2	0	0	0	0	0	0
13	121	19	180	0	2	0	0	0	0	0	0
13	121	19	185	2	1	0	0	0	0	0	0
13	121	19	186	1	1	0	0	0	0	0	0
13	121	19	187	1	1	0	0	0	0	0	0
13	121	19	188	0	1	0	0	0	0	0	0
13	121	19	194	1	0	0	0	0	0	0	0
13	121	20	88	1	0	1	0	1	0	0	0
13	121	20	108	1	1	0	0	1	0	0	0
13	121	20	109	1	1	0	0	1	0	0	0
13	121	20	114	1	0	1	1	0	0	0	0
13	121	20	116	1	0	0	0	1	0	0	0
13	121	20	134	1	1	0	1	0	0	0	0
13	121	20	135	1	1	0	1	0	0	0	0
13	121	20	142	1	0	0	1	0	0	0	0
13	121	20	150	1	2	1	0	0	0	0	0
13	121	20	158	1	1	1	0	0	0	0	0
13	121	20	166	1	0	1	0	0	0	0	0
13	121	20	170	1	3	0	0	0	0	0	0
13	121	20	178	1	2	0	0	0	0	0	0
13	121	20	179	1	2	0	0	0	0	0	0
13	121	20	185	2	1	0	0	0	0	0	0
13	121	20	186	1	1	0	0	0	0	0	0
13	121	20	187	1	1	0	0	0	0	0	0
13	121	20	188	0	1	0	0	0	0	0	0
13	121	21	108	1	1	0	0	1	0	0	0
13	121	21	116	1	0	0	0	1	0	0	0
13	121	21	136	0	1	0	1	0	0	0	0
13	121	21	138	1	0	2	0	0	0	0	0
13	121	21	158	1	1	1	0	0	0	0	0
13	121	21	159	1	1	1	0	0	0	0	0
13	121	21	178	1	2	0	0	0	0	0	0
13	121	21	179	1	2	0	0	0	0	0	0
13	121	21	183	3	1	0	0	0	0	0	0
13	121	21	185	2	1	0	0	0	0	0	0
13	121	21	186	1	1	0	0	0	0	0	0
13	121	21	194	1	0	0	0	0	0	0	0
13	121	22	109	1	1	0	0	1	0	0	0
13	121	22	110	0	1	0	0	1	0	0	0
13	121	22	133	2	1	0	1	0	0	0	0
13	121	22	135	1	1	0	1	0	0	0	0
13	121	22	142	1	3	1	0	0	0	0	0
13	121	22	150	1	2	1	0	0	0	0	0
13	121	22	157	2	1	1	0	0	0	0	0
13	121	22	158	1	1	1	0	0	0	0	0
13	121	22	159	1	1	1	0	0	0	0	0
13	121	22	170	1	3	0	0	0	0	0	0
13	121	22	177	2	2	0	0	0	0	0	0
13	121	22	178	1	2	0	0	0	0	0	0
13	121	22	179	1	2	0	0	0	0	0	0
13	121	22	183	3	1	0	0	0	0	0	0
13	121	22	185	2	1	0	0	0	0	0	0
13	121	22	186	1	1	0	0	0	0	0	0
13	121	22	187	1	1	0	0	0	0	0	0
13	121	22	188	0	1	0	0	0	0	0	0
13	121	23	109	1	1	0	0	1	0	0	0
13	121	23	150	1	2	1	0	0	0	0	0
13	121	23	151	1	2	1	0	0	0	0	0
13	121	23	157	2	1	1	0	0	0	0	0
13	121	23	158	1	1	1	0	0	0	0	0
13	121	23	159	1	1	1	0	0	0	0	0
13	121	23	166	1	0	1	0	0	0	0	0
13	121	23	177	2	2	0	0	0	0	0	0
13	121	23	178	1	2	0	0	0	0	0	0
13	121	23	179	1	2	0	0	0	0	0	0
13	121	23	183	3	1	0	0	0	0	0	0
13	121	23	185	2	1	0	0	0	0	0	0
13	121	23	187	1	1	0	0	0	0	0	0
13	121	24	138	1	0	2	0	0	0	0	0
13	121	24	142	1	0	0	1	0	0	0	0
13	121	24	157	2	1	1	0	0	0	0	0
13	121	24	158	1	1	1	0	0	0	0	0
13	121	24	166	1	0	1	0	0	0	0	0
13	121	24	177	2	2	0	0	0	0	0	0
13	121	24	178	1	2	0	0	0	0	0	0
13	121	24	179	1	2	0	0	0	0	0	0
13	121	24	185	2	1	0	0	0	0	0	0
13	121	24	186	1	1	0	0	0	0	0	0
13	121	25	134	1	1	0	1	0	0	0	0
13	121	25	150	1	2	1	0	0	0	0	0
13	121	25	157	2	1	1	0	0	0	0	0
13	121	25	166	1	0	1	0	0	0	0	0
13	121	25	169	2	3	0	0	0	0	0	0
13	121	25	171	1	3	0	0	0	0	0	0
13	121	25	178	1	2	0	0	0	0	0	0
13	121	25	185	2	1	0	0	0	0	0	0
13	121	25	186	1	1	0	0	0	0	0	0
13	121	26	142	1	0	0	1	0	0	0	0
13	121	26	158	1	1	1	0	0	0	0	0
13	121	26	178	1	2	0	0	0	0	0	0
13	121	27	134	1	1	0	1	0	0	0	0
13	121	28	150	1	2	1	0	0	0	0	0
13	121	28	160	0	1	1	0	0	0	0	0
13	121	28	177	2	2	0	0	0	0	0	0
13	121	28	180	0	2	0	0	0	0	0	0
13	121	29	108	1	1	0	0	1	0	0	0
13	121	29	134	1	1	0	1	0	0	0	0
13	121	29	158	1	1	1	0	0	0	0	0
13	121	29	185	2	1	0	0	0	0	0	0
13	121	29	186	1	1	0	0	0	0	0	0
13	121	30	135	1	1	0	1	0	0	0	0
13	121	30	158	1	1	1	0	0	0	0	0
13	121	30	187	1	1	0	0	0	0	0	0
13	121	31	178	1	2	0	0	0	0	0	0
13	121	31	183	3	1	0	0	0	0	0	0
13	121	31	185	2	1	0	0	0	0	0	0
13	121	32	158	1	1	1	0	0	0	0	0
13	121	32	177	2	2	0	0	0	0	0	0
13	121	32	178	1	2	0	0	0	0	0	0
13	121	33	136	0	1	0	1	0	0	0	0
13	121	33	150	1	2	1	0	0	0	0	0
13	121	34	136	0	1	0	1	0	0	0	0
13	121	34	158	1	1	1	0	0	0	0	0
13	121	35	178	1	2	0	0	0	0	0	0
13	121	35	183	3	1	0	0	0	0	0	0
13	121	36	180	0	2	0	0	0	0	0	0
13	121	37	136	0	1	0	1	0	0	0	0
13	121	37	186	1	1	0	0	0	0	0	0
13	121	39	135	1	1	0	1	0	0	0	0
13	121	39	136	0	1	0	1	0	0	0	0
13	121	39	170	1	3	0	0	0	0	0	0
13	121	41	135	1	1	0	1	0	0	0	0
13	121	42	135	1	1	0	1	0	0	0	0
13	121	42	180	0	2	0	0	0	0	0	0
13	121	43	159	1	1	1	0	0	0	0	0
13	121	44	135	1	1	0	1	0	0	0	0
13	121	45	179	1	2	0	0	0	0	0	0
13	121	46	169	2	3	0	0	0	0	0	0
13	121	50	179	1	2	0	0	0	0	0	0
13	121	56	170	1	3	0	0	0	0	0	0
13	121	58	177	2	2	0	0	0	0	0	0
13	121	58	179	1	2	0	0	0	0	0	0
13	121	59	177	2	2	0	0	0	0	0	0
13	121	61	177	2	2	0	0	0	0	0	0
13	121	62	175	3	2	0	0	0	0	0	0
13	121	62	177	2	2	0	0	0	0	0	0
13	121	71	179	1	2	0	0	0	0	0	0
13	121	73	159	1	1	1	0	0	0	0	0
13	121	81	159	1	1	1	0	0	0	0	0
13	121	83	178	1	2	0	0	0	0	0	0
13	121	84	186	1	1	0	0	0	0	0	0
13	121	86	179	1	2	0	0	0	0	0	0
13	121	93	179	1	2	0	0	0	0	0	0
13	121	94	108	1	1	0	0	1	0	0	0
13	121	95	177	2	2	0	0	0	0	0	0
13	121	104	177	2	2	0	0	0	0	0	0
13	121	116	177	2	2	0	0	0	0	0	0
13	121	119	175	3	2	0	0	0	0	0	0
13	121	123	169	2	3	0	0	0	0	0	0
13	121	124	180	0	2	0	0	0	0	0	0
13	121	131	179	1	2	0	0	0	0	0	0
13	121	134	178	1	2	0	0	0	0	0	0
13	121	136	160	0	1	1	0	0	0	0	0
13	121	162	180	0	2	0	0	0	0	0	0
13	121	163	158	1	1	1	0	0	0	0	0
13	121	164	158	1	1	1	0	0	0	0	0
13	121	169	179	1	2	0	0	0	0	0	0
13	121	171	178	2	2	0	0	0	0	0	0
13	121	174	179	1	2	0	0	0	0	0	0
13	121	175	157	2	1	1	0	0	0	0	0
13	121	176	149	2	2	1	0	0	0	0	0
13	121	176	177	2	2	0	0	0	0	0	0
13	121	176	179	1	2	0	0	0	0	0	0
13	121	179	177	2	2	0	0	0	0	0	0
13	121	184	157	2	1	1	0	0	0	0	0
13	121	184	185	2	1	0	0	0	0	0	0
13	121	187	186	1	1	0	0	0	0	0	0
13	122	17	170	2	2	0	0	0	0	0	0
13	122	17	172	1	2	0	0	0	0	0	0
13	122	17	173	0	2	0	0	0	0	0	0
13	122	17	178	2	1	0	0	0	0	0	0
13	122	17	180	1	1	0	0	0	0	0	0
13	122	17	181	0	1	0	0	0	0	0	0
13	122	17	188	1	0	0	0	0	0	0	0
13	122	18	136	1	0	0	1	0	0	0	0
13	122	18	152	1	1	1	0	0	0	0	0
13	122	18	160	1	0	1	0	0	0	0	0
13	122	18	170	2	2	0	0	0	0	0	0
13	122	18	171	2	2	0	0	0	0	0	0
13	122	18	172	1	2	0	0	0	0	0	0
13	122	18	178	2	1	0	0	0	0	0	0
13	122	18	179	2	1	0	0	0	0	0	0
13	122	18	180	1	1	0	0	0	0	0	0
13	122	18	188	1	0	0	0	0	0	0	0
13	122	19	110	1	0	0	0	1	0	0	0
13	122	19	136	1	0	0	1	0	0	0	0
13	122	19	150	2	1	1	0	0	0	0	0
13	122	19	160	1	0	1	0	0	0	0	0
13	122	19	170	2	2	0	0	0	0	0	0
13	122	19	178	2	1	0	0	0	0	0	0
13	122	19	179	2	1	0	0	0	0	0	0
13	122	19	180	1	1	0	0	0	0	0	0
13	122	19	188	1	0	0	0	0	0	0	0
13	122	20	110	1	0	0	0	1	0	0	0
13	122	20	136	1	0	0	1	0	0	0	0
13	122	20	160	1	0	1	0	0	0	0	0
13	122	20	164	1	3	0	0	0	0	0	0
13	122	20	170	2	2	0	0	0	0	0	0
13	122	20	172	1	2	0	0	0	0	0	0
13	122	20	177	3	1	0	0	0	0	0	0
13	122	20	178	2	1	0	0	0	0	0	0
13	122	20	180	1	1	0	0	0	0	0	0
13	122	20	181	0	1	0	0	0	0	0	0
13	122	21	152	1	1	1	0	0	0	0	0
13	122	21	170	2	2	0	0	0	0	0	0
13	122	21	172	1	2	0	0	0	0	0	0
13	122	21	178	2	1	0	0	0	0	0	0
13	122	21	179	2	1	0	0	0	0	0	0
13	122	21	180	1	1	0	0	0	0	0	0
13	122	22	160	1	0	1	0	0	0	0	0
13	122	22	164	1	3	0	0	0	0	0	0
13	122	22	170	2	2	0	0	0	0	0	0
13	122	22	171	2	2	0	0	0	0	0	0
13	122	22	172	1	2	0	0	0	0	0	0
13	122	22	178	2	1	0	0	0	0	0	0
13	122	22	179	2	1	0	0	0	0	0	0
13	122	22	180	1	1	0	0	0	0	0	0
13	122	22	181	0	1	0	0	0	0	0	0
13	122	23	171	2	2	0	0	0	0	0	0
13	122	23	172	1	2	0	0	0	0	0	0
13	122	23	180	1	1	0	0	0	0	0	0
13	122	24	178	2	1	0	0	0	0	0	0
13	122	24	180	1	1	0	0	0	0	0	0
13	122	25	178	2	1	0	0	0	0	0	0
13	122	26	170	2	2	0	0	0	0	0	0
13	122	26	172	1	2	0	0	0	0	0	0
13	122	28	178	2	1	0	0	0	0	0	0
13	122	29	178	2	1	0	0	0	0	0	0
13	122	29	180	1	1	0	0	0	0	0	0
13	122	30	179	2	1	0	0	0	0	0	0
13	122	31	172	1	2	0	0	0	0	0	0
13	122	35	173	0	2	0	0	0	0	0	0
13	122	38	170	2	2	0	0	0	0	0	0
13	122	39	180	1	1	0	0	0	0	0	0
13	122	40	178	2	1	0	0	0	0	0	0
13	122	41	173	0	2	0	0	0	0	0	0
13	122	41	178	2	1	0	0	0	0	0	0
13	122	43	172	1	2	0	0	0	0	0	0
13	122	44	172	1	2	0	0	0	0	0	0
13	122	45	178	2	1	0	0	0	0	0	0
13	122	47	172	1	2	0	0	0	0	0	0
13	122	76	178	2	1	0	0	0	0	0	0
13	122	86	171	2	2	0	0	0	0	0	0
13	122	116	179	2	1	0	0	0	0	0	0
13	122	118	177	3	1	0	0	0	0	0	0
13	122	178	178	2	1	0	0	0	0	0	0
13	123	18	135	1	2	0	0	0	0	0	0
13	123	18	144	1	1	0	0	0	0	0	0
13	123	20	144	1	1	0	0	0	0	0	0
13	124	18	144	1	0	0	0	0	0	0	0
13	124	19	144	1	0	0	0	0	0	0	0
13	125	17	156	1	2	0	0	0	0	0	0
13	125	17	164	1	1	0	0	0	0	0	0
13	125	17	172	1	0	0	0	0	0	0	0
13	125	18	136	1	1	1	0	0	0	0	0
13	125	18	144	1	0	1	0	0	0	0	0
13	125	18	156	1	2	0	0	0	0	0	0
13	125	18	157	1	2	0	0	0	0	0	0
13	125	18	164	1	1	0	0	0	0	0	0
13	125	18	165	1	1	0	0	0	0	0	0
13	125	18	172	1	0	0	0	0	0	0	0
13	125	19	136	1	1	1	0	0	0	0	0
13	125	19	144	1	0	1	0	0	0	0	0
13	125	19	157	1	2	0	0	0	0	0	0
13	125	19	164	1	1	0	0	0	0	0	0
13	125	19	165	1	1	0	0	0	0	0	0
13	125	19	166	0	1	0	0	0	0	0	0
13	125	19	172	1	0	0	0	0	0	0	0
13	125	20	156	1	2	0	0	0	0	0	0
13	125	20	164	1	1	0	0	0	0	0	0
13	125	20	165	1	1	0	0	0	0	0	0
13	125	20	172	1	0	0	0	0	0	0	0
13	125	21	164	1	1	0	0	0	0	0	0
13	125	21	172	1	0	0	0	0	0	0	0
13	125	22	165	1	1	0	0	0	0	0	0
13	125	22	166	0	1	0	0	0	0	0	0
13	125	24	157	1	2	0	0	0	0	0	0
13	125	24	164	1	1	0	0	0	0	0	0
13	125	24	165	1	1	0	0	0	0	0	0
13	125	25	164	1	1	0	0	0	0	0	0
13	125	27	158	0	2	0	0	0	0	0	0
13	125	28	164	1	1	0	0	0	0	0	0
13	125	31	156	1	2	0	0	0	0	0	0
13	125	33	156	1	2	0	0	0	0	0	0
13	125	63	157	1	2	0	0	0	0	0	0
13	125	66	164	1	1	0	0	0	0	0	0
13	125	127	164	1	1	0	0	0	0	0	0
13	130	18	135	1	2	0	0	0	0	0	0
13	130	18	143	1	1	0	0	0	0	0	0
13	130	21	143	1	1	0	0	0	0	0	0
13	130	23	143	1	1	0	0	0	0	0	0
13	130	28	135	1	2	0	0	0	0	0	0
13	135	17	186	0	2	0	0	0	0	0	0
13	135	17	194	0	1	0	0	0	0	0	0
13	135	18	185	1	2	0	0	0	0	0	0
13	135	18	186	0	2	0	0	0	0	0	0
13	135	18	191	2	1	0	0	0	0	0	0
13	135	18	193	1	1	0	0	0	0	0	0
13	135	19	186	0	2	0	0	0	0	0	0
13	135	19	191	2	1	0	0	0	0	0	0
13	135	19	193	0	1	0	0	0	0	0	0
13	135	19	193	1	1	0	0	0	0	0	0
13	135	19	194	0	1	0	0	0	0	0	0
13	135	20	185	1	2	0	0	0	0	0	0
13	135	20	186	0	2	0	0	0	0	0	0
13	135	20	191	2	1	0	0	0	0	0	0
13	135	20	193	1	1	0	0	0	0	0	0
13	135	21	184	1	2	0	0	0	0	0	0
13	135	21	191	2	1	0	0	0	0	0	0
13	135	21	193	1	1	0	0	0	0	0	0
13	135	22	185	1	2	0	0	0	0	0	0
13	135	22	186	0	2	0	0	0	0	0	0
13	135	22	191	2	1	0	0	0	0	0	0
13	135	22	193	1	1	0	0	0	0	0	0
13	135	22	194	0	1	0	0	0	0	0	0
13	135	23	191	2	1	0	0	0	0	0	0
13	135	24	191	2	1	0	0	0	0	0	0
13	135	35	184	1	2	0	0	0	0	0	0
13	135	96	178	0	3	0	0	0	0	0	0
13	135	162	185	1	2	0	0	0	0	0	0
13	136	19	166	1	1	0	0	0	0	0	0
13	136	20	157	1	2	0	0	0	0	0	0
13	136	20	166	1	1	0	0	0	0	0	0
13	136	22	166	1	1	0	0	0	0	0	0
13	136	22	167	0	1	0	0	0	0	0	0
13	136	59	157	1	2	0	0	0	0	0	0
13	143	18	136	1	1	0	0	0	0	0	0
13	143	18	144	1	0	0	0	0	0	0	0
13	143	20	144	1	0	0	0	0	0	0	0
13	151	18	142	1	0	0	0	0	0	0	0
13	152	16	217	0	1	0	0	1	0	0	0
13	152	18	161	1	1	0	0	0	0	1	0
13	152	18	189	1	1	0	0	0	1	0	0
13	152	19	161	1	1	0	0	0	0	1	0
13	152	21	46	1	1	0	0	0	0	0	1
13	152	21	153	1	2	0	0	0	0	1	0
13	152	22	38	1	2	0	0	0	0	0	1
13	152	22	39	0	2	0	0	0	0	0	1
13	152	22	44	2	1	0	0	0	0	0	1
13	152	22	46	1	1	0	0	0	0	0	1
13	152	22	47	0	1	0	0	0	0	0	1
13	152	23	38	1	2	0	0	0	0	0	1
13	152	23	153	1	2	0	0	0	0	1	0
13	152	24	44	2	1	0	0	0	0	0	1
13	152	125	161	1	1	0	0	0	0	1	0
13	152	141	46	1	1	0	0	0	0	0	1
13	152	149	189	1	1	0	0	0	1	0	0
13	152	150	159	2	1	0	0	0	0	1	0
13	153	16	185	0	2	0	0	0	0	0	0
13	153	16	194	0	1	0	0	0	0	0	0
13	153	17	186	0	2	0	0	0	0	0	0
13	153	17	193	0	1	0	0	0	0	0	0
13	153	17	193	1	1	0	0	0	0	0	0
13	153	18	177	0	3	0	0	0	0	0	0
13	153	18	184	1	2	0	0	0	0	0	0
13	153	19	185	1	2	0	0	0	0	0	0
13	153	19	193	0	1	0	0	0	0	0	0
13	153	19	193	1	1	0	0	0	0	0	0
13	153	20	185	1	2	0	0	0	0	0	0
13	153	21	191	2	1	0	0	0	0	0	0
13	153	21	193	1	1	0	0	0	0	0	0
13	153	22	185	1	2	0	0	0	0	0	0
13	153	22	186	0	2	0	0	0	0	0	0
13	153	22	191	2	1	0	0	0	0	0	0
13	153	22	193	1	1	0	0	0	0	0	0
13	153	22	194	0	1	0	0	0	0	0	0
13	153	27	193	1	1	0	0	0	0	0	0
13	153	31	191	2	1	0	0	0	0	0	0
13	154	17	185	1	1	0	0	0	0	0	0
13	154	18	133	1	1	0	1	0	0	0	0
13	154	18	157	1	1	1	0	0	0	0	0
13	154	18	183	2	1	0	0	0	0	0	0
13	154	18	185	1	1	0	0	0	0	0	0
13	154	19	107	1	1	0	0	1	0	0	0
13	154	19	133	1	1	0	1	0	0	0	0
13	154	19	158	0	1	1	0	0	0	0	0
13	154	19	185	1	1	0	0	0	0	0	0
13	154	19	186	0	1	0	0	0	0	0	0
13	154	20	157	1	1	1	0	0	0	0	0
13	154	20	185	1	1	0	0	0	0	0	0
13	154	21	157	1	1	1	0	0	0	0	0
13	154	21	177	1	2	0	0	0	0	0	0
13	154	21	183	2	1	0	0	0	0	0	0
13	154	22	107	1	1	0	0	1	0	0	0
13	154	22	108	0	1	0	0	1	0	0	0
13	154	22	185	1	1	0	0	0	0	0	0
13	154	22	186	0	1	0	0	0	0	0	0
13	154	23	183	2	1	0	0	0	0	0	0
13	154	24	177	1	2	0	0	0	0	0	0
13	154	29	157	1	1	1	0	0	0	0	0
13	154	32	134	0	1	0	1	0	0	0	0
13	154	36	134	0	1	0	1	0	0	0	0
13	154	37	133	1	1	0	1	0	0	0	0
13	154	39	133	1	1	0	1	0	0	0	0
13	154	39	177	1	2	0	0	0	0	0	0
13	154	42	175	2	2	0	0	0	0	0	0
13	154	78	157	1	1	1	0	0	0	0	0
13	154	95	185	1	1	0	0	0	0	0	0
13	154	115	178	0	2	0	0	0	0	0	0
13	154	121	177	1	2	0	0	0	0	0	0
13	154	165	177	1	2	0	0	0	0	0	0
13	154	169	175	2	2	0	0	0	0	0	0
13	154	179	175	2	2	0	0	0	0	0	0
13	155	18	157	1	2	0	0	0	0	0	0
13	155	18	166	1	1	0	0	0	0	0	0
13	155	19	166	1	1	0	0	0	0	0	0
13	155	20	157	1	2	0	0	0	0	0	0
13	155	22	166	1	1	0	0	0	0	0	0
13	155	22	167	0	1	0	0	0	0	0	0
13	156	17	163	2	0	1	0	0	0	0	0
13	156	17	165	1	0	1	0	0	0	0	0
13	156	17	177	1	2	0	0	0	0	0	0
13	156	17	178	1	2	0	0	0	0	0	0
13	156	17	182	3	1	0	0	0	0	0	0
13	156	17	183	2	1	0	0	0	0	0	0
13	156	17	184	2	1	0	0	0	0	0	0
13	156	17	185	1	1	0	0	0	0	0	0
13	156	17	186	1	1	0	0	0	0	0	0
13	156	17	191	2	0	0	0	0	0	0	0
13	156	17	193	1	0	0	0	0	0	0	0
13	156	18	133	1	1	0	1	0	0	0	0
13	156	18	134	1	1	0	1	0	0	0	0
13	156	18	141	1	0	0	1	0	0	0	0
13	156	18	155	2	1	1	0	0	0	0	0
13	156	18	157	1	1	1	0	0	0	0	0
13	156	18	158	1	1	1	0	0	0	0	0
13	156	18	163	2	0	1	0	0	0	0	0
13	156	18	165	1	0	1	0	0	0	0	0
13	156	18	182	3	1	0	0	0	0	0	0
13	156	18	183	2	1	0	0	0	0	0	0
13	156	18	184	2	1	0	0	0	0	0	0
13	156	18	185	1	1	0	0	0	0	0	0
13	156	18	186	1	1	0	0	0	0	0	0
13	156	18	191	2	0	0	0	0	0	0	0
13	156	18	193	1	0	0	0	0	0	0	0
13	156	19	141	1	0	0	1	0	0	0	0
13	156	19	155	2	1	1	0	0	0	0	0
13	156	19	157	1	1	1	0	0	0	0	0
13	156	19	177	1	2	0	0	0	0	0	0
13	156	19	180	4	1	0	0	0	0	0	0
13	156	19	183	2	1	0	0	0	0	0	0
13	156	19	185	1	1	0	0	0	0	0	0
13	156	19	186	1	1	0	0	0	0	0	0
13	156	19	187	0	1	0	0	0	0	0	0
13	156	19	191	2	0	0	0	0	0	0	0
13	156	19	193	1	0	0	0	0	0	0	0
13	156	20	133	1	1	0	1	0	0	0	0
13	156	20	134	1	1	0	1	0	0	0	0
13	156	20	157	1	1	1	0	0	0	0	0
13	156	20	163	2	0	1	0	0	0	0	0
13	156	20	165	1	0	1	0	0	0	0	0
13	156	20	182	3	1	0	0	0	0	0	0
13	156	20	183	2	1	0	0	0	0	0	0
13	156	20	184	2	1	0	0	0	0	0	0
13	156	20	185	1	1	0	0	0	0	0	0
13	156	20	186	1	1	0	0	0	0	0	0
13	156	20	191	2	0	0	0	0	0	0	0
13	156	20	193	1	0	0	0	0	0	0	0
13	156	21	158	1	1	1	0	0	0	0	0
13	156	21	182	3	1	0	0	0	0	0	0
13	156	21	184	2	1	0	0	0	0	0	0
13	156	21	185	1	1	0	0	0	0	0	0
13	156	21	191	2	0	0	0	0	0	0	0
13	156	21	193	1	0	0	0	0	0	0	0
13	156	22	163	2	0	1	0	0	0	0	0
13	156	22	180	4	1	0	0	0	0	0	0
13	156	22	182	3	1	0	0	0	0	0	0
13	156	22	184	2	1	0	0	0	0	0	0
13	156	22	186	1	1	0	0	0	0	0	0
13	156	22	187	0	1	0	0	0	0	0	0
13	156	22	191	2	0	0	0	0	0	0	0
13	156	23	155	2	1	1	0	0	0	0	0
13	156	23	157	1	1	1	0	0	0	0	0
13	156	23	163	2	0	1	0	0	0	0	0
13	156	23	165	1	0	1	0	0	0	0	0
13	156	23	176	2	2	0	0	0	0	0	0
13	156	23	178	1	2	0	0	0	0	0	0
13	156	23	184	2	1	0	0	0	0	0	0
13	156	23	186	1	1	0	0	0	0	0	0
13	156	24	141	1	0	0	1	0	0	0	0
13	156	24	163	2	0	1	0	0	0	0	0
13	156	24	165	1	0	1	0	0	0	0	0
13	156	24	183	2	1	0	0	0	0	0	0
13	156	24	184	2	1	0	0	0	0	0	0
13	156	24	185	1	1	0	0	0	0	0	0
13	156	25	133	1	1	0	1	0	0	0	0
13	156	25	141	1	0	0	1	0	0	0	0
13	156	25	191	2	0	0	0	0	0	0	0
13	156	26	133	1	1	0	1	0	0	0	0
13	156	26	163	2	0	1	0	0	0	0	0
13	156	26	177	1	2	0	0	0	0	0	0
13	156	26	191	2	0	0	0	0	0	0	0
13	156	28	176	2	2	0	0	0	0	0	0
13	156	29	191	2	0	0	0	0	0	0	0
13	156	30	157	1	1	1	0	0	0	0	0
13	156	31	157	1	1	1	0	0	0	0	0
13	156	32	176	2	2	0	0	0	0	0	0
13	156	33	135	0	1	0	1	0	0	0	0
13	156	33	155	2	1	1	0	0	0	0	0
13	156	36	191	2	0	0	0	0	0	0	0
13	156	37	135	0	1	0	1	0	0	0	0
13	156	39	134	1	1	0	1	0	0	0	0
13	156	40	158	1	1	1	0	0	0	0	0
13	156	41	134	1	1	0	1	0	0	0	0
13	156	41	191	2	0	0	0	0	0	0	0
13	156	57	175	2	2	0	0	0	0	0	0
13	156	90	176	2	2	0	0	0	0	0	0
13	156	98	175	2	2	0	0	0	0	0	0
13	156	123	179	0	2	0	0	0	0	0	0
13	156	155	183	2	1	0	0	0	0	0	0
13	156	159	163	2	0	1	0	0	0	0	0
13	156	160	157	1	1	1	0	0	0	0	0
13	156	161	177	1	2	0	0	0	0	0	0
13	156	169	178	1	2	0	0	0	0	0	0
13	156	173	178	1	2	0	0	0	0	0	0
13	156	175	183	2	1	0	0	0	0	0	0
13	156	178	176	2	2	0	0	0	0	0	0
13	156	184	184	2	1	0	0	0	0	0	0
13	156	193	191	2	0	0	0	0	0	0	0
13	157	17	158	1	0	1	0	0	0	0	0
13	157	17	177	2	1	0	0	0	0	0	0
13	157	17	178	1	1	0	0	0	0	0	0
13	157	17	179	1	1	0	0	0	0	0	0
13	157	17	180	0	1	0	0	0	0	0	0
13	157	17	185	2	0	0	0	0	0	0	0
13	157	17	186	1	0	0	0	0	0	0	0
13	157	17	187	1	0	0	0	0	0	0	0
13	157	18	133	2	0	0	1	0	0	0	0
13	157	18	135	1	0	0	1	0	0	0	0
13	157	18	157	2	0	1	0	0	0	0	0
13	157	18	158	1	0	1	0	0	0	0	0
13	157	18	159	1	0	1	0	0	0	0	0
13	157	18	177	2	1	0	0	0	0	0	0
13	157	18	178	1	1	0	0	0	0	0	0
13	157	18	179	1	1	0	0	0	0	0	0
13	157	18	185	2	0	0	0	0	0	0	0
13	157	18	186	1	0	0	0	0	0	0	0
13	157	18	187	1	0	0	0	0	0	0	0
13	157	19	133	2	0	0	1	0	0	0	0
13	157	19	135	1	0	0	1	0	0	0	0
13	157	19	157	2	0	1	0	0	0	0	0
13	157	19	158	1	0	1	0	0	0	0	0
13	157	19	177	2	1	0	0	0	0	0	0
13	157	19	178	1	1	0	0	0	0	0	0
13	157	19	179	1	1	0	0	0	0	0	0
13	157	19	185	2	0	0	0	0	0	0	0
13	157	19	186	1	0	0	0	0	0	0	0
13	157	19	187	1	0	0	0	0	0	0	0
13	157	20	150	1	1	1	0	0	0	0	0
13	157	20	177	2	1	0	0	0	0	0	0
13	157	20	179	1	1	0	0	0	0	0	0
13	157	20	185	2	0	0	0	0	0	0	0
13	157	20	186	1	0	0	0	0	0	0	0
13	157	21	157	2	0	1	0	0	0	0	0
13	157	21	177	2	1	0	0	0	0	0	0
13	157	21	178	1	1	0	0	0	0	0	0
13	157	21	179	1	1	0	0	0	0	0	0
13	157	21	185	2	0	0	0	0	0	0	0
13	157	21	186	1	0	0	0	0	0	0	0
13	157	22	157	2	0	1	0	0	0	0	0
13	157	22	159	1	0	1	0	0	0	0	0
13	157	22	177	2	1	0	0	0	0	0	0
13	157	22	179	1	1	0	0	0	0	0	0
13	157	22	180	0	1	0	0	0	0	0	0
13	157	22	185	2	0	0	0	0	0	0	0
13	157	23	177	2	1	0	0	0	0	0	0
13	157	24	185	2	0	0	0	0	0	0	0
13	157	25	185	2	0	0	0	0	0	0	0
13	157	26	178	2	1	0	0	0	0	0	0
13	157	26	185	2	0	0	0	0	0	0	0
13	157	27	177	2	1	0	0	0	0	0	0
13	157	29	175	3	1	0	0	0	0	0	0
13	157	29	177	2	1	0	0	0	0	0	0
13	157	29	185	2	0	0	0	0	0	0	0
13	157	30	178	2	1	0	0	0	0	0	0
13	157	31	177	2	1	0	0	0	0	0	0
13	157	35	176	3	1	0	0	0	0	0	0
13	157	36	176	3	1	0	0	0	0	0	0
13	157	36	185	2	0	0	0	0	0	0	0
13	157	37	177	2	1	0	0	0	0	0	0
13	157	37	179	1	1	0	0	0	0	0	0
13	157	38	177	2	1	0	0	0	0	0	0
13	157	40	185	2	0	0	0	0	0	0	0
13	157	43	177	2	1	0	0	0	0	0	0
13	157	45	176	3	1	0	0	0	0	0	0
13	157	45	179	1	1	0	0	0	0	0	0
13	157	46	178	2	1	0	0	0	0	0	0
13	157	46	185	2	0	0	0	0	0	0	0
13	157	72	175	3	1	0	0	0	0	0	0
13	157	91	178	2	1	0	0	0	0	0	0
13	157	92	176	3	1	0	0	0	0	0	0
13	157	93	175	3	1	0	0	0	0	0	0
13	157	122	177	2	1	0	0	0	0	0	0
13	157	150	176	3	1	0	0	0	0	0	0
13	157	150	185	2	0	0	0	0	0	0	0
13	157	158	175	3	1	0	0	0	0	0	0
13	158	17	158	1	1	1	0	0	0	0	0
13	158	17	159	0	1	1	0	0	0	0	0
13	158	17	166	1	0	1	0	0	0	0	0
13	158	17	178	1	2	0	0	0	0	0	0
13	158	17	179	0	2	0	0	0	0	0	0
13	158	17	183	3	1	0	0	0	0	0	0
13	158	17	184	2	1	0	0	0	0	0	0
13	158	17	185	2	1	0	0	0	0	0	0
13	158	17	186	1	1	0	0	0	0	0	0
13	158	17	187	0	1	0	0	0	0	0	0
13	158	17	194	1	0	0	0	0	0	0	0
13	158	18	134	1	1	0	1	0	0	0	0
13	158	18	142	1	0	0	1	0	0	0	0
13	158	18	157	2	1	1	0	0	0	0	0
13	158	18	158	1	1	1	0	0	0	0	0
13	158	18	166	1	0	1	0	0	0	0	0
13	158	18	178	1	2	0	0	0	0	0	0
13	158	18	183	3	1	0	0	0	0	0	0
13	158	18	185	2	1	0	0	0	0	0	0
13	158	18	186	1	1	0	0	0	0	0	0
13	158	18	194	1	0	0	0	0	0	0	0
13	158	19	108	1	1	0	0	1	0	0	0
13	158	19	114	1	0	1	1	0	0	0	0
13	158	19	134	1	1	0	1	0	0	0	0
13	158	19	138	1	0	2	0	0	0	0	0
13	158	19	142	1	0	0	1	0	0	0	0
13	158	19	158	1	1	1	0	0	0	0	0
13	158	19	166	1	0	1	0	0	0	0	0
13	158	19	176	2	2	0	0	0	0	0	0
13	158	19	178	1	2	0	0	0	0	0	0
13	158	19	185	2	1	0	0	0	0	0	0
13	158	19	186	1	1	0	0	0	0	0	0
13	158	19	187	0	1	0	0	0	0	0	0
13	158	19	194	1	0	0	0	0	0	0	0
13	158	20	126	1	2	0	1	0	0	0	0
13	158	20	134	1	1	0	1	0	0	0	0
13	158	20	158	1	1	1	0	0	0	0	0
13	158	20	166	1	0	1	0	0	0	0	0
13	158	20	178	1	2	0	0	0	0	0	0
13	158	20	185	2	1	0	0	0	0	0	0
13	158	20	186	1	1	0	0	0	0	0	0
13	158	20	194	1	0	0	0	0	0	0	0
13	158	21	178	1	2	0	0	0	0	0	0
13	158	21	184	2	1	0	0	0	0	0	0
13	158	21	185	2	1	0	0	0	0	0	0
13	158	21	186	1	1	0	0	0	0	0	0
13	158	21	194	1	0	0	0	0	0	0	0
13	158	22	150	1	2	1	0	0	0	0	0
13	158	22	158	1	1	1	0	0	0	0	0
13	158	22	185	2	1	0	0	0	0	0	0
13	158	22	186	1	1	0	0	0	0	0	0
13	158	22	187	0	1	0	0	0	0	0	0
13	158	23	158	1	1	1	0	0	0	0	0
13	158	23	166	1	0	1	0	0	0	0	0
13	158	23	176	2	2	0	0	0	0	0	0
13	158	23	184	2	1	0	0	0	0	0	0
13	158	23	185	2	1	0	0	0	0	0	0
13	158	24	186	1	1	0	0	0	0	0	0
13	158	26	178	1	2	0	0	0	0	0	0
13	158	27	158	1	1	1	0	0	0	0	0
13	158	28	178	1	2	0	0	0	0	0	0
13	158	30	178	1	2	0	0	0	0	0	0
13	158	34	177	2	2	0	0	0	0	0	0
13	158	34	185	2	1	0	0	0	0	0	0
13	158	35	177	2	2	0	0	0	0	0	0
13	158	39	186	1	1	0	0	0	0	0	0
13	158	49	177	2	2	0	0	0	0	0	0
13	158	68	158	1	1	1	0	0	0	0	0
13	158	81	158	1	1	1	0	0	0	0	0
13	158	95	179	0	2	0	0	0	0	0	0
13	158	99	177	2	2	0	0	0	0	0	0
13	158	106	178	1	2	0	0	0	0	0	0
13	158	118	178	1	2	0	0	0	0	0	0
13	158	125	183	3	1	0	0	0	0	0	0
13	158	125	185	2	1	0	0	0	0	0	0
13	158	128	178	1	2	0	0	0	0	0	0
13	158	162	186	1	1	0	0	0	0	0	0
13	158	181	177	2	2	0	0	0	0	0	0
13	158	188	185	2	1	0	0	0	0	0	0
13	159	16	187	1	1	0	0	0	0	0	0
13	159	17	179	1	2	0	0	0	0	0	0
13	159	17	185	2	1	0	0	0	0	0	0
13	159	17	187	1	1	0	0	0	0	0	0
13	159	18	159	1	1	1	0	0	0	0	0
13	159	18	179	1	2	0	0	0	0	0	0
13	159	18	185	2	1	0	0	0	0	0	0
13	159	18	187	1	1	0	0	0	0	0	0
13	159	19	159	1	1	1	0	0	0	0	0
13	159	19	179	1	2	0	0	0	0	0	0
13	159	19	180	0	2	0	0	0	0	0	0
13	159	19	185	2	1	0	0	0	0	0	0
13	159	19	187	1	1	0	0	0	0	0	0
13	159	19	188	0	1	0	0	0	0	0	0
13	159	20	159	1	1	1	0	0	0	0	0
13	159	20	179	1	2	0	0	0	0	0	0
13	159	20	185	2	1	0	0	0	0	0	0
13	159	20	187	1	1	0	0	0	0	0	0
13	159	21	151	1	2	1	0	0	0	0	0
13	159	21	157	2	1	1	0	0	0	0	0
13	159	21	179	1	2	0	0	0	0	0	0
13	159	21	185	2	1	0	0	0	0	0	0
13	159	22	151	1	2	1	0	0	0	0	0
13	159	22	157	2	1	1	0	0	0	0	0
13	159	22	179	1	2	0	0	0	0	0	0
13	159	22	180	0	2	0	0	0	0	0	0
13	159	22	185	2	1	0	0	0	0	0	0
13	159	22	187	1	1	0	0	0	0	0	0
13	159	22	188	0	1	0	0	0	0	0	0
13	159	23	177	2	2	0	0	0	0	0	0
13	159	23	178	2	2	0	0	0	0	0	0
13	159	23	185	2	1	0	0	0	0	0	0
13	159	24	177	2	2	0	0	0	0	0	0
13	159	24	185	2	1	0	0	0	0	0	0
13	159	28	179	1	2	0	0	0	0	0	0
13	159	30	187	1	1	0	0	0	0	0	0
13	159	31	178	2	2	0	0	0	0	0	0
13	159	43	176	3	2	0	0	0	0	0	0
13	159	51	159	1	1	1	0	0	0	0	0
13	159	58	187	1	1	0	0	0	0	0	0
13	159	62	180	0	2	0	0	0	0	0	0
13	159	80	179	1	2	0	0	0	0	0	0
13	159	124	187	1	1	0	0	0	0	0	0
13	159	125	185	2	1	0	0	0	0	0	0
13	159	143	179	1	2	0	0	0	0	0	0
13	159	157	185	2	1	0	0	0	0	0	0
13	159	159	160	0	1	1	0	0	0	0	0
13	159	161	152	0	2	1	0	0	0	0	0
13	159	168	152	0	2	1	0	0	0	0	0
13	159	168	160	0	1	1	0	0	0	0	0
13	159	171	159	1	1	1	0	0	0	0	0
13	159	172	151	1	2	1	0	0	0	0	0
13	159	173	157	2	1	1	0	0	0	0	0
13	159	173	159	1	1	1	0	0	0	0	0
13	159	173	177	2	2	0	0	0	0	0	0
13	159	175	151	1	2	1	0	0	0	0	0
13	159	175	157	2	1	1	0	0	0	0	0
13	159	175	159	1	1	1	0	0	0	0	0
13	159	176	157	2	1	1	0	0	0	0	0
13	159	176	159	1	1	1	0	0	0	0	0
13	159	183	172	0	3	0	0	0	0	0	0
13	160	18	143	1	1	0	0	0	0	0	0
13	160	20	143	1	1	0	0	0	0	0	0
13	163	18	141	1	1	0	0	0	0	0	0
13	163	23	141	1	1	0	0	0	0	0	0
13	164	18	142	1	0	0	0	0	0	0	0
13	164	20	142	1	0	0	0	0	0	0	0
13	166	18	143	1	0	0	0	0	0	0	0
13	166	20	143	1	0	0	0	0	0	0	0
13	167	17	163	1	1	0	0	0	0	0	0
13	167	17	172	1	0	0	0	0	0	0	0
13	167	18	144	1	0	1	0	0	0	0	0
13	167	18	155	1	2	0	0	0	0	0	0
13	167	18	156	1	2	0	0	0	0	0	0
13	167	18	163	1	1	0	0	0	0	0	0
13	167	18	164	1	1	0	0	0	0	0	0
13	167	18	165	1	1	0	0	0	0	0	0
13	167	18	166	0	1	0	0	0	0	0	0
13	167	18	172	1	0	0	0	0	0	0	0
13	167	19	144	1	0	1	0	0	0	0	0
13	167	19	155	1	2	0	0	0	0	0	0
13	167	19	156	1	2	0	0	0	0	0	0
13	167	19	164	1	1	0	0	0	0	0	0
13	167	19	165	1	1	0	0	0	0	0	0
13	167	19	172	1	0	0	0	0	0	0	0
13	167	20	172	1	0	0	0	0	0	0	0
13	167	21	164	1	1	0	0	0	0	0	0
13	167	21	172	1	0	0	0	0	0	0	0
13	167	22	165	1	1	0	0	0	0	0	0
13	167	22	166	0	1	0	0	0	0	0	0
13	167	30	165	1	1	0	0	0	0	0	0
13	167	40	164	1	1	0	0	0	0	0	0
13	173	17	178	2	0	0	0	0	0	0	0
13	173	17	179	2	0	0	0	0	0	0	0
13	173	17	180	1	0	0	0	0	0	0	0
13	173	18	178	2	0	0	0	0	0	0	0
13	173	18	179	2	0	0	0	0	0	0	0
13	173	18	180	1	0	0	0	0	0	0	0
13	173	19	172	1	1	0	0	0	0	0	0
13	173	19	178	2	0	0	0	0	0	0	0
13	173	19	179	2	0	0	0	0	0	0	0
13	173	19	180	1	0	0	0	0	0	0	0
13	173	21	178	2	0	0	0	0	0	0	0
13	173	23	179	2	0	0	0	0	0	0	0
13	174	16	185	2	0	0	0	0	0	0	0
13	174	16	186	1	0	0	0	0	0	0	0
13	174	16	187	1	0	0	0	0	0	0	0
13	174	17	176	3	1	0	0	0	0	0	0
13	174	17	177	2	1	0	0	0	0	0	0
13	174	17	178	1	1	0	0	0	0	0	0
13	174	17	178	2	1	0	0	0	0	0	0
13	174	17	179	1	1	0	0	0	0	0	0
13	174	17	180	0	1	0	0	0	0	0	0
13	174	17	185	2	0	0	0	0	0	0	0
13	174	17	186	1	0	0	0	0	0	0	0
13	174	17	187	1	0	0	0	0	0	0	0
13	174	18	134	1	0	0	1	0	0	0	0
13	174	18	157	2	0	1	0	0	0	0	0
13	174	18	158	1	0	1	0	0	0	0	0
13	174	18	159	1	0	1	0	0	0	0	0
13	174	18	172	0	2	0	0	0	0	0	0
13	174	18	175	3	1	0	0	0	0	0	0
13	174	18	177	2	1	0	0	0	0	0	0
13	174	18	178	1	1	0	0	0	0	0	0
13	174	18	178	2	1	0	0	0	0	0	0
13	174	18	179	1	1	0	0	0	0	0	0
13	174	18	185	2	0	0	0	0	0	0	0
13	174	18	186	1	0	0	0	0	0	0	0
13	174	19	108	1	0	0	0	1	0	0	0
13	174	19	134	1	0	0	1	0	0	0	0
13	174	19	157	2	0	1	0	0	0	0	0
13	174	19	158	1	0	1	0	0	0	0	0
13	174	19	171	1	2	0	0	0	0	0	0
13	174	19	175	3	1	0	0	0	0	0	0
13	174	19	176	3	1	0	0	0	0	0	0
13	174	19	177	2	1	0	0	0	0	0	0
13	174	19	179	1	1	0	0	0	0	0	0
13	174	19	185	2	0	0	0	0	0	0	0
13	174	19	186	1	0	0	0	0	0	0	0
13	174	19	187	1	0	0	0	0	0	0	0
13	174	20	81	1	0	0	0	0	1	0	0
13	174	20	158	1	0	1	0	0	0	0	0
13	174	20	159	1	0	1	0	0	0	0	0
13	174	20	169	2	2	0	0	0	0	0	0
13	174	20	170	1	2	0	0	0	0	0	0
13	174	20	171	1	2	0	0	0	0	0	0
13	174	20	175	3	1	0	0	0	0	0	0
13	174	20	177	2	1	0	0	0	0	0	0
13	174	20	178	2	1	0	0	0	0	0	0
13	174	20	179	1	1	0	0	0	0	0	0
13	174	20	185	2	0	0	0	0	0	0	0
13	174	21	53	1	0	0	0	0	0	1	0
13	174	21	159	1	0	1	0	0	0	0	0
13	174	21	171	1	2	0	0	0	0	0	0
13	174	21	177	2	1	0	0	0	0	0	0
13	174	21	178	1	1	0	0	0	0	0	0
13	174	21	178	2	1	0	0	0	0	0	0
13	174	21	179	1	1	0	0	0	0	0	0
13	174	21	180	0	1	0	0	0	0	0	0
13	174	21	185	2	0	0	0	0	0	0	0
13	174	22	169	2	2	0	0	0	0	0	0
13	174	22	171	1	2	0	0	0	0	0	0
13	174	22	172	0	2	0	0	0	0	0	0
13	174	22	177	2	1	0	0	0	0	0	0
13	174	22	178	2	1	0	0	0	0	0	0
13	174	22	179	1	1	0	0	0	0	0	0
13	174	22	180	0	1	0	0	0	0	0	0
13	174	23	157	2	0	1	0	0	0	0	0
13	174	23	177	2	1	0	0	0	0	0	0
13	174	23	178	1	1	0	0	0	0	0	0
13	174	23	179	1	1	0	0	0	0	0	0
13	174	23	185	2	0	0	0	0	0	0	0
13	174	24	176	3	1	0	0	0	0	0	0
13	174	24	177	2	1	0	0	0	0	0	0
13	174	24	178	2	1	0	0	0	0	0	0
13	174	25	169	2	2	0	0	0	0	0	0
13	174	25	177	2	1	0	0	0	0	0	0
13	174	25	178	2	1	0	0	0	0	0	0
13	174	25	179	1	1	0	0	0	0	0	0
13	174	25	185	2	0	0	0	0	0	0	0
13	174	27	176	3	1	0	0	0	0	0	0
13	174	27	177	2	1	0	0	0	0	0	0
13	174	27	178	2	1	0	0	0	0	0	0
13	174	30	178	2	1	0	0	0	0	0	0
13	174	31	157	2	0	1	0	0	0	0	0
13	174	31	179	1	1	0	0	0	0	0	0
13	174	32	177	2	1	0	0	0	0	0	0
13	174	32	179	1	1	0	0	0	0	0	0
13	174	33	176	3	1	0	0	0	0	0	0
13	174	39	177	2	1	0	0	0	0	0	0
13	174	41	179	1	1	0	0	0	0	0	0
13	174	43	177	2	1	0	0	0	0	0	0
13	174	44	177	2	1	0	0	0	0	0	0
13	174	45	175	3	1	0	0	0	0	0	0
13	174	46	178	2	1	0	0	0	0	0	0
13	174	47	177	2	1	0	0	0	0	0	0
13	174	48	175	3	1	0	0	0	0	0	0
13	174	50	177	2	1	0	0	0	0	0	0
13	174	52	176	3	1	0	0	0	0	0	0
13	174	61	179	1	1	0	0	0	0	0	0
13	174	82	179	1	1	0	0	0	0	0	0
13	174	86	157	2	0	1	0	0	0	0	0
13	174	103	178	2	1	0	0	0	0	0	0
13	174	112	177	2	1	0	0	0	0	0	0
13	174	115	178	2	1	0	0	0	0	0	0
13	174	121	177	2	1	0	0	0	0	0	0
13	174	130	177	2	1	0	0	0	0	0	0
13	174	152	175	3	1	0	0	0	0	0	0
13	174	154	177	2	1	0	0	0	0	0	0
13	174	158	178	2	1	0	0	0	0	0	0
13	174	166	185	2	0	0	0	0	0	0	0
13	174	176	179	1	1	0	0	0	0	0	0
13	174	186	185	2	0	0	0	0	0	0	0
13	183	18	142	1	0	0	0	0	0	0	0
13	184	18	144	1	0	0	0	0	0	0	0
13	184	19	144	1	0	0	0	0	0	0	0
13	193	13	271	1	0	0	0	0	0	0	0
13	193	14	243	1	0	1	0	0	0	0	0
13	193	16	255	1	2	0	0	0	0	0	0
13	193	16	256	1	2	0	0	0	0	0	0
13	193	16	262	2	1	0	0	0	0	0	0
13	193	17	254	2	2	0	0	0	0	0	0
13	193	17	260	3	1	0	0	0	0	0	0
13	194	18	152	1	2	0	0	0	0	0	0
13	194	18	160	1	1	0	0	0	0	0	0
13	194	18	161	0	1	0	0	0	0	0	0
13	194	19	160	1	1	0	0	0	0	0	0
13	194	20	160	1	1	0	0	0	0	0	0
13	194	21	152	1	2	0	0	0	0	0	0
13	194	22	160	1	1	0	0	0	0	0	0
13	194	22	161	0	1	0	0	0	0	0	0
13	196	18	159	1	2	0	0	0	0	0	0
13	196	18	160	1	2	0	0	0	0	0	0
13	196	18	168	1	1	0	0	0	0	0	0
13	196	19	159	1	2	0	0	0	0	0	0
13	196	19	160	1	2	0	0	0	0	0	0
13	196	19	168	1	1	0	0	0	0	0	0
13	196	22	159	1	2	0	0	0	0	0	0
13	196	22	160	1	2	0	0	0	0	0	0
13	196	142	168	1	1	0	0	0	0	0	0
13	196	146	159	1	2	0	0	0	0	0	0
13	197	16	193	2	0	0	0	1	0	0	0
13	197	16	195	1	0	0	0	1	0	0	0
13	197	16	219	2	0	0	1	0	0	0	0
13	197	16	243	2	0	1	0	0	0	0	0
13	197	16	245	1	0	1	0	0	0	0	0
13	197	16	263	2	1	0	0	0	0	0	0
13	197	16	264	2	1	0	0	0	0	0	0
13	197	16	265	1	1	0	0	0	0	0	0
13	197	16	266	1	1	0	0	0	0	0	0
13	197	16	271	2	0	0	0	0	0	0	0
13	197	16	273	1	0	0	0	0	0	0	0
13	197	17	160	1	1	0	0	0	1	0	0
13	197	17	166	2	0	0	0	0	1	0	0
13	197	17	168	1	0	0	0	0	1	0	0
13	197	17	185	2	1	0	0	1	0	0	0
13	197	17	187	1	1	0	0	1	0	0	0
13	197	17	195	1	0	0	0	1	0	0	0
13	197	17	262	3	1	0	0	0	0	0	0
13	197	17	263	2	1	0	0	0	0	0	0
13	197	17	264	2	1	0	0	0	0	0	0
13	197	17	265	1	1	0	0	0	0	0	0
13	197	17	266	1	1	0	0	0	0	0	0
13	197	17	267	0	1	0	0	0	0	0	0
13	197	17	271	2	0	0	0	0	0	0	0
13	197	17	273	1	0	0	0	0	0	0	0
13	197	18	131	2	1	0	0	0	0	1	0
13	197	18	132	1	1	0	0	0	0	1	0
13	197	18	133	1	1	0	0	0	0	1	0
13	197	18	138	2	0	0	0	0	0	1	0
13	197	18	140	1	0	0	0	0	0	1	0
13	197	18	159	2	1	0	0	0	1	0	0
13	197	18	160	1	1	0	0	0	1	0	0
13	197	18	161	1	1	0	0	0	1	0	0
13	197	18	166	2	0	0	0	0	1	0	0
13	197	18	167	1	0	1	0	1	0	0	0
13	197	18	168	1	0	0	0	0	1	0	0
13	197	18	187	1	1	0	0	1	0	0	0
13	197	18	188	1	1	0	0	1	0	0	0
13	197	18	221	1	0	0	1	0	0	0	0
13	197	18	243	2	0	1	0	0	0	0	0
13	197	18	245	1	0	1	0	0	0	0	0
13	197	18	255	2	2	0	0	0	0	0	0
13	197	18	257	1	2	0	0	0	0	0	0
13	197	18	259	0	2	0	0	0	0	0	0
13	197	18	262	3	1	0	0	0	0	0	0
13	197	18	263	2	1	0	0	0	0	0	0
13	197	18	264	2	1	0	0	0	0	0	0
13	197	18	265	1	1	0	0	0	0	0	0
13	197	18	266	1	1	0	0	0	0	0	0
13	197	18	271	2	0	0	0	0	0	0	0
13	197	18	273	1	0	0	0	0	0	0	0
13	197	19	125	1	2	0	0	0	0	1	0
13	197	19	130	2	1	0	0	0	0	1	0
13	197	19	132	1	1	0	0	0	0	1	0
13	197	19	138	2	0	0	0	0	0	1	0
13	197	19	158	2	1	0	0	0	1	0	0
13	197	19	160	1	1	0	0	0	1	0	0
13	197	19	167	1	0	1	0	1	0	0	0
13	197	19	186	2	1	0	0	1	0	0	0
13	197	19	187	1	1	0	0	1	0	0	0
13	197	19	195	1	0	0	0	1	0	0	0
13	197	19	245	1	0	1	0	0	0	0	0
13	197	19	257	1	2	0	0	0	0	0	0
13	197	19	258	1	2	0	0	0	0	0	0
13	197	19	262	3	1	0	0	0	0	0	0
13	197	19	263	2	1	0	0	0	0	0	0
13	197	19	264	2	1	0	0	0	0	0	0
13	197	19	265	1	1	0	0	0	0	0	0
13	197	19	271	2	0	0	0	0	0	0	0
13	197	20	112	1	0	1	0	0	0	1	0
13	197	20	124	1	2	0	0	0	0	1	0
13	197	20	133	1	1	0	0	0	0	1	0
13	197	20	140	1	0	0	0	0	0	1	0
13	197	20	140	1	0	1	0	0	1	0	0
13	197	20	160	1	1	0	0	0	1	0	0
13	197	20	167	1	0	1	0	1	0	0	0
13	197	20	243	2	0	1	0	0	0	0	0
13	197	20	245	1	0	1	0	0	0	0	0
13	197	20	255	2	2	0	0	0	0	0	0
13	197	20	256	2	2	0	0	0	0	0	0
13	197	20	257	1	2	0	0	0	0	0	0
13	197	20	258	1	2	0	0	0	0	0	0
13	197	20	262	3	1	0	0	0	0	0	0
13	197	20	263	2	1	0	0	0	0	0	0
13	197	20	264	2	1	0	0	0	0	0	0
13	197	20	265	1	1	0	0	0	0	0	0
13	197	20	266	1	1	0	0	0	0	0	0
13	197	20	273	1	0	0	0	0	0	0	0
13	197	21	125	1	2	0	0	0	0	1	0
13	197	21	130	2	1	0	0	0	0	1	0
13	197	21	140	1	0	0	0	0	0	1	0
13	197	21	140	1	0	1	0	0	1	0	0
13	197	21	153	1	2	0	0	0	1	0	0
13	197	21	167	1	0	1	0	1	0	0	0
13	197	21	187	1	1	0	0	1	0	0	0
13	197	21	193	1	0	1	1	0	0	0	0
13	197	21	243	2	0	1	0	0	0	0	0
13	197	21	245	1	0	1	0	0	0	0	0
13	197	21	255	2	2	0	0	0	0	0	0
13	197	21	257	1	2	0	0	0	0	0	0
13	197	21	262	3	1	0	0	0	0	0	0
13	197	21	263	2	1	0	0	0	0	0	0
13	197	21	264	2	1	0	0	0	0	0	0
13	197	21	265	1	1	0	0	0	0	0	0
13	197	21	266	1	1	0	0	0	0	0	0
13	197	21	271	2	0	0	0	0	0	0	0
13	197	22	112	1	0	1	0	0	0	1	0
13	197	22	131	2	1	0	0	0	0	1	0
13	197	22	132	1	1	0	0	0	0	1	0
13	197	22	133	1	1	0	0	0	0	1	0
13	197	22	158	2	1	0	0	0	1	0	0
13	197	22	186	2	1	0	0	1	0	0	0
13	197	22	188	1	1	0	0	1	0	0	0
13	197	22	245	1	0	1	0	0	0	0	0
13	197	22	257	1	2	0	0	0	0	0	0
13	197	22	258	1	2	0	0	0	0	0	0
13	197	22	259	0	2	0	0	0	0	0	0
13	197	22	262	3	1	0	0	0	0	0	0
13	197	22	263	2	1	0	0	0	0	0	0
13	197	22	264	2	1	0	0	0	0	0	0
13	197	22	265	1	1	0	0	0	0	0	0
13	197	22	266	1	1	0	0	0	0	0	0
13	197	22	267	0	1	0	0	0	0	0	0
13	197	23	112	1	0	1	0	0	0	1	0
13	197	23	124	1	2	0	0	0	0	1	0
13	197	23	131	2	1	0	0	0	0	1	0
13	197	23	132	1	1	0	0	0	0	1	0
13	197	23	152	1	2	0	0	0	1	0	0
13	197	23	262	3	1	0	0	0	0	0	0
13	197	23	263	2	1	0	0	0	0	0	0
13	197	23	264	2	1	0	0	0	0	0	0
13	197	23	265	1	1	0	0	0	0	0	0
13	197	24	124	1	2	0	0	0	0	1	0
13	197	24	131	2	1	0	0	0	0	1	0
13	197	24	132	1	1	0	0	0	0	1	0
13	197	24	161	1	1	0	0	0	1	0	0
13	197	24	262	3	1	0	0	0	0	0	0
13	197	24	264	2	1	0	0	0	0	0	0
13	197	24	265	1	1	0	0	0	0	0	0
13	197	25	152	1	2	0	0	0	1	0	0
13	197	25	245	1	0	1	0	0	0	0	0
13	197	25	256	2	2	0	0	0	0	0	0
13	197	25	258	1	2	0	0	0	0	0	0
13	197	25	263	2	1	0	0	0	0	0	0
13	197	25	264	2	1	0	0	0	0	0	0
13	197	25	265	1	1	0	0	0	0	0	0
13	197	26	256	2	2	0	0	0	0	0	0
13	197	26	263	2	1	0	0	0	0	0	0
13	197	26	264	2	1	0	0	0	0	0	0
13	197	26	265	1	1	0	0	0	0	0	0
13	197	26	271	2	0	0	0	0	0	0	0
13	197	27	132	1	1	0	0	0	0	1	0
13	197	27	265	1	1	0	0	0	0	0	0
13	197	28	131	2	1	0	0	0	0	1	0
13	197	28	132	1	1	0	0	0	0	1	0
13	197	28	263	2	1	0	0	0	0	0	0
13	197	28	264	2	1	0	0	0	0	0	0
13	197	29	131	2	1	0	0	0	0	1	0
13	197	29	263	2	1	0	0	0	0	0	0
13	197	29	265	1	1	0	0	0	0	0	0
13	197	29	271	2	0	0	0	0	0	0	0
13	197	30	264	2	1	0	0	0	0	0	0
13	197	31	221	1	0	0	1	0	0	0	0
13	197	31	263	2	1	0	0	0	0	0	0
13	197	31	264	2	1	0	0	0	0	0	0
13	197	31	265	1	1	0	0	0	0	0	0
13	197	32	134	0	1	0	0	0	0	1	0
13	197	32	263	2	1	0	0	0	0	0	0
13	197	32	264	2	1	0	0	0	0	0	0
13	197	33	126	0	2	0	0	0	0	1	0
13	197	33	153	1	2	0	0	0	1	0	0
13	197	33	263	2	1	0	0	0	0	0	0
13	197	35	134	0	1	0	0	0	0	1	0
13	197	35	245	1	0	1	0	0	0	0	0
13	197	35	263	2	1	0	0	0	0	0	0
13	197	35	264	2	1	0	0	0	0	0	0
13	197	36	126	0	2	0	0	0	0	1	0
13	197	36	133	1	1	0	0	0	0	1	0
13	197	36	193	2	0	0	0	1	0	0	0
13	197	36	262	3	1	0	0	0	0	0	0
13	197	36	264	2	1	0	0	0	0	0	0
13	197	37	125	1	2	0	0	0	0	1	0
13	197	37	263	2	1	0	0	0	0	0	0
13	197	37	265	1	1	0	0	0	0	0	0
13	197	38	131	2	1	0	0	0	0	1	0
13	197	38	132	1	1	0	0	0	0	1	0
13	197	38	133	1	1	0	0	0	0	1	0
13	197	39	125	1	2	0	0	0	0	1	0
13	197	39	131	2	1	0	0	0	0	1	0
13	197	39	133	1	1	0	0	0	0	1	0
13	197	40	257	1	2	0	0	0	0	0	0
13	197	40	263	2	1	0	0	0	0	0	0
13	197	40	265	1	1	0	0	0	0	0	0
13	197	42	264	2	1	0	0	0	0	0	0
13	197	45	265	1	1	0	0	0	0	0	0
13	197	47	255	2	2	0	0	0	0	0	0
13	197	47	257	1	2	0	0	0	0	0	0
13	197	49	132	1	1	0	0	0	0	1	0
13	197	50	262	3	1	0	0	0	0	0	0
13	197	50	264	2	1	0	0	0	0	0	0
13	197	51	256	2	2	0	0	0	0	0	0
13	197	51	264	2	1	0	0	0	0	0	0
13	197	52	262	3	1	0	0	0	0	0	0
13	197	54	131	2	1	0	0	0	0	1	0
13	197	54	262	3	1	0	0	0	0	0	0
13	197	54	264	2	1	0	0	0	0	0	0
13	197	55	262	3	1	0	0	0	0	0	0
13	197	55	265	1	1	0	0	0	0	0	0
13	197	57	167	1	0	1	0	1	0	0	0
13	197	57	264	2	1	0	0	0	0	0	0
13	197	58	256	2	2	0	0	0	0	0	0
13	197	58	264	2	1	0	0	0	0	0	0
13	197	59	262	3	1	0	0	0	0	0	0
13	197	60	138	2	0	0	0	0	0	1	0
13	197	60	166	2	0	0	0	0	1	0	0
13	197	60	264	2	1	0	0	0	0	0	0
13	197	61	262	3	1	0	0	0	0	0	0
13	197	62	166	2	0	0	0	0	1	0	0
13	197	63	262	3	1	0	0	0	0	0	0
13	197	65	263	2	1	0	0	0	0	0	0
13	197	65	271	2	0	0	0	0	0	0	0
13	197	67	243	2	0	1	0	0	0	0	0
13	197	69	186	2	1	0	0	1	0	0	0
13	197	70	263	2	1	0	0	0	0	0	0
13	197	70	265	1	1	0	0	0	0	0	0
13	197	70	271	2	0	0	0	0	0	0	0
13	197	74	195	1	0	0	0	1	0	0	0
13	197	82	193	2	0	0	0	1	0	0	0
13	197	83	131	2	1	0	0	0	0	1	0
13	197	83	168	1	0	0	0	0	1	0	0
13	197	84	265	1	1	0	0	0	0	0	0
13	197	86	132	1	1	0	0	0	0	1	0
13	197	86	271	2	0	0	0	0	0	0	0
13	197	90	187	1	1	0	0	1	0	0	0
13	197	95	140	1	0	1	0	0	1	0	0
13	197	96	263	2	1	0	0	0	0	0	0
13	197	97	161	1	1	0	0	0	1	0	0
13	197	98	160	1	1	0	0	0	1	0	0
13	197	99	263	2	1	0	0	0	0	0	0
13	197	99	271	2	0	0	0	0	0	0	0
13	197	100	263	2	1	0	0	0	0	0	0
13	197	100	271	2	0	0	0	0	0	0	0
13	197	106	159	2	1	0	0	0	1	0	0
13	197	108	265	1	1	0	0	0	0	0	0
13	197	108	271	2	0	0	0	0	0	0	0
13	197	109	271	2	0	0	0	0	0	0	0
13	197	111	193	2	0	0	0	1	0	0	0
13	197	112	152	1	2	0	0	0	1	0	0
13	197	116	263	2	1	0	0	0	0	0	0
13	197	117	132	1	1	0	0	0	0	1	0
13	197	117	168	1	0	0	0	0	1	0	0
13	197	118	263	2	1	0	0	0	0	0	0
13	197	122	271	2	0	0	0	0	0	0	0
13	197	124	160	1	1	0	0	0	1	0	0
13	197	124	263	2	1	0	0	0	0	0	0
13	197	125	140	1	0	1	0	0	1	0	0
13	197	125	265	1	1	0	0	0	0	0	0
13	197	125	271	2	0	0	0	0	0	0	0
13	197	126	257	1	2	0	0	0	0	0	0
13	197	127	160	1	1	0	0	0	1	0	0
13	197	127	265	1	1	0	0	0	0	0	0
13	197	128	131	2	1	0	0	0	0	1	0
13	197	129	263	2	1	0	0	0	0	0	0
13	197	137	152	1	2	0	0	0	1	0	0
13	197	137	263	2	1	0	0	0	0	0	0
13	197	138	160	1	1	0	0	0	1	0	0
13	197	140	159	2	1	0	0	0	1	0	0
13	197	140	243	2	0	1	0	0	0	0	0
13	197	141	265	1	1	0	0	0	0	0	0
13	197	143	159	2	1	0	0	0	1	0	0
13	197	154	160	1	1	0	0	0	1	0	0
13	197	156	159	2	1	0	0	0	1	0	0
13	197	163	167	1	0	1	0	1	0	0	0
13	197	167	158	2	1	0	0	0	1	0	0
13	197	175	213	1	1	0	1	0	0	0	0
13	197	186	132	1	1	0	0	0	0	1	0
13	197	188	131	2	1	0	0	0	0	1	0
13	197	191	187	1	1	0	0	1	0	0	0
13	197	192	132	1	1	0	0	0	0	1	0
13	197	192	160	1	1	0	0	0	1	0	0
13	198	16	190	0	1	0	0	1	0	0	0
13	198	16	197	1	0	0	0	1	0	0	0
13	198	16	223	1	0	0	1	0	0	0	0
13	198	16	239	1	1	1	0	0	0	0	0
13	198	16	247	1	0	1	0	0	0	0	0
13	198	16	259	1	2	0	0	0	0	0	0
13	198	16	260	0	2	0	0	0	0	0	0
13	198	16	265	2	1	0	0	0	0	0	0
13	198	16	266	2	1	0	0	0	0	0	0
13	198	16	267	1	1	0	0	0	0	0	0
13	198	17	170	1	0	0	0	0	1	0	0
13	198	17	182	0	2	0	0	1	0	0	0
13	198	17	187	2	1	0	0	1	0	0	0
13	198	17	189	1	1	0	0	1	0	0	0
13	198	17	190	0	1	0	0	1	0	0	0
13	198	17	195	1	0	1	1	0	0	0	0
13	198	17	197	1	0	0	0	1	0	0	0
13	198	17	223	1	0	0	1	0	0	0	0
13	198	17	239	1	1	1	0	0	0	0	0
13	198	17	247	1	0	1	0	0	0	0	0
13	198	17	251	1	3	0	0	0	0	0	0
13	198	17	257	2	2	0	0	0	0	0	0
13	198	17	258	2	2	0	0	0	0	0	0
13	198	17	259	1	2	0	0	0	0	0	0
13	198	17	260	0	2	0	0	0	0	0	0
13	198	17	264	3	1	0	0	0	0	0	0
13	198	17	265	2	1	0	0	0	0	0	0
13	198	17	266	2	1	0	0	0	0	0	0
13	198	17	267	1	1	0	0	0	0	0	0
13	198	17	268	0	1	0	0	0	0	0	0
13	198	18	134	1	1	0	0	0	0	1	0
13	198	18	142	1	0	0	0	0	0	1	0
13	198	18	160	2	1	0	0	0	1	0	0
13	198	18	161	2	1	0	0	0	1	0	0
13	198	18	162	1	1	0	0	0	1	0	0
13	198	18	171	1	0	0	2	0	0	0	0
13	198	18	189	1	1	0	0	1	0	0	0
13	198	18	215	1	1	0	1	0	0	0	0
13	198	18	223	1	0	0	1	0	0	0	0
13	198	18	239	1	1	1	0	0	0	0	0
13	198	18	247	1	0	1	0	0	0	0	0
13	198	18	259	1	2	0	0	0	0	0	0
13	198	18	260	0	2	0	0	0	0	0	0
13	198	18	264	3	1	0	0	0	0	0	0
13	198	18	265	2	1	0	0	0	0	0	0
13	198	18	266	2	1	0	0	0	0	0	0
13	198	18	267	1	1	0	0	0	0	0	0
13	198	19	132	2	1	0	0	0	0	1	0
13	198	19	133	2	1	0	0	0	0	1	0
13	198	19	134	1	1	0	0	0	0	1	0
13	198	19	189	1	1	0	0	1	0	0	0
13	198	19	197	1	0	0	0	1	0	0	0
13	198	19	223	1	0	0	1	0	0	0	0
13	198	19	247	1	0	1	0	0	0	0	0
13	198	19	257	2	2	0	0	0	0	0	0
13	198	19	259	1	2	0	0	0	0	0	0
13	198	19	264	3	1	0	0	0	0	0	0
13	198	19	265	2	1	0	0	0	0	0	0
13	198	19	266	2	1	0	0	0	0	0	0
13	198	19	267	1	1	0	0	0	0	0	0
13	198	20	126	1	2	0	0	0	0	1	0
13	198	20	134	1	1	0	0	0	0	1	0
13	198	20	135	0	1	0	0	0	0	1	0
13	198	20	142	1	0	0	0	0	0	1	0
13	198	20	197	1	0	0	0	1	0	0	0
13	198	20	223	1	0	0	1	0	0	0	0
13	198	20	239	1	1	1	0	0	0	0	0
13	198	20	247	1	0	1	0	0	0	0	0
13	198	20	257	2	2	0	0	0	0	0	0
13	198	20	258	2	2	0	0	0	0	0	0
13	198	20	259	1	2	0	0	0	0	0	0
13	198	20	265	2	1	0	0	0	0	0	0
13	198	20	266	2	1	0	0	0	0	0	0
13	198	20	267	1	1	0	0	0	0	0	0
13	198	20	268	0	1	0	0	0	0	0	0
13	198	21	133	2	1	0	0	0	0	1	0
13	198	21	134	1	1	0	0	0	0	1	0
13	198	21	162	1	1	0	0	0	1	0	0
13	198	21	197	1	0	0	0	1	0	0	0
13	198	21	239	1	1	1	0	0	0	0	0
13	198	21	260	0	2	0	0	0	0	0	0
13	198	21	264	3	1	0	0	0	0	0	0
13	198	21	265	2	1	0	0	0	0	0	0
13	198	21	266	2	1	0	0	0	0	0	0
13	198	21	267	1	1	0	0	0	0	0	0
13	198	22	11	1	2	0	0	0	0	0	1
13	198	22	18	2	1	0	0	0	0	0	1
13	198	22	19	1	1	0	0	0	0	0	1
13	198	22	20	0	1	0	0	0	0	0	1
13	198	22	27	1	0	0	0	0	0	0	1
13	198	22	134	1	1	0	0	0	0	1	0
13	198	22	154	1	2	0	0	0	1	0	0
13	198	22	189	1	1	0	0	1	0	0	0
13	198	22	239	1	1	1	0	0	0	0	0
13	198	22	251	1	3	0	0	0	0	0	0
13	198	22	257	2	2	0	0	0	0	0	0
13	198	22	258	2	2	0	0	0	0	0	0
13	198	22	259	1	2	0	0	0	0	0	0
13	198	22	260	0	2	0	0	0	0	0	0
13	198	22	264	3	1	0	0	0	0	0	0
13	198	22	265	2	1	0	0	0	0	0	0
13	198	22	266	2	1	0	0	0	0	0	0
13	198	22	267	1	1	0	0	0	0	0	0
13	198	22	268	0	1	0	0	0	0	0	0
13	198	23	17	2	1	0	0	0	0	0	1
13	198	23	18	2	1	0	0	0	0	0	1
13	198	23	19	1	1	0	0	0	0	0	1
13	198	23	20	0	1	0	0	0	0	0	1
13	198	23	154	1	2	0	0	0	1	0	0
13	198	23	258	2	2	0	0	0	0	0	0
13	198	23	259	1	2	0	0	0	0	0	0
13	198	23	264	3	1	0	0	0	0	0	0
13	198	23	265	2	1	0	0	0	0	0	0
13	198	23	266	2	1	0	0	0	0	0	0
13	198	23	267	1	1	0	0	0	0	0	0
13	198	24	142	1	0	0	0	0	0	1	0
13	198	24	258	2	2	0	0	0	0	0	0
13	198	24	264	3	1	0	0	0	0	0	0
13	198	24	265	2	1	0	0	0	0	0	0
13	198	24	266	2	1	0	0	0	0	0	0
13	198	25	134	1	1	0	0	0	0	1	0
13	198	25	142	1	0	0	0	0	0	1	0
13	198	25	251	1	3	0	0	0	0	0	0
13	198	25	257	2	2	0	0	0	0	0	0
13	198	25	259	1	2	0	0	0	0	0	0
13	198	25	264	3	1	0	0	0	0	0	0
13	198	25	266	2	1	0	0	0	0	0	0
13	198	25	267	1	1	0	0	0	0	0	0
13	198	26	134	1	1	0	0	0	0	1	0
13	198	26	239	1	1	1	0	0	0	0	0
13	198	26	265	2	1	0	0	0	0	0	0
13	198	26	266	2	1	0	0	0	0	0	0
13	198	26	267	1	1	0	0	0	0	0	0
13	198	27	265	2	1	0	0	0	0	0	0
13	198	27	267	1	1	0	0	0	0	0	0
13	198	28	251	1	3	0	0	0	0	0	0
13	198	28	267	1	1	0	0	0	0	0	0
13	198	29	251	1	3	0	0	0	0	0	0
13	198	29	257	2	2	0	0	0	0	0	0
13	198	29	259	1	2	0	0	0	0	0	0
13	198	29	265	2	1	0	0	0	0	0	0
13	198	29	267	1	1	0	0	0	0	0	0
13	198	30	132	2	1	0	0	0	0	1	0
13	198	30	251	1	3	0	0	0	0	0	0
13	198	30	257	2	2	0	0	0	0	0	0
13	198	30	258	2	2	0	0	0	0	0	0
13	198	30	264	3	1	0	0	0	0	0	0
13	198	30	266	2	1	0	0	0	0	0	0
13	198	30	267	1	1	0	0	0	0	0	0
13	198	32	260	0	2	0	0	0	0	0	0
13	198	32	264	3	1	0	0	0	0	0	0
13	198	32	265	2	1	0	0	0	0	0	0
13	198	33	135	0	1	0	0	0	0	1	0
13	198	33	264	3	1	0	0	0	0	0	0
13	198	33	265	2	1	0	0	0	0	0	0
13	198	34	189	1	1	0	0	1	0	0	0
13	198	34	257	2	2	0	0	0	0	0	0
13	198	34	259	1	2	0	0	0	0	0	0
13	198	35	259	1	2	0	0	0	0	0	0
13	198	35	266	2	1	0	0	0	0	0	0
13	198	35	267	1	1	0	0	0	0	0	0
13	198	36	265	2	1	0	0	0	0	0	0
13	198	37	135	0	1	0	0	0	0	1	0
13	198	37	239	1	1	1	0	0	0	0	0
13	198	38	216	0	1	0	1	0	0	0	0
13	198	38	247	1	0	1	0	0	0	0	0
13	198	39	134	1	1	0	0	0	0	1	0
13	198	40	132	2	1	0	0	0	0	1	0
13	198	41	134	1	1	0	0	0	0	1	0
13	198	41	258	2	2	0	0	0	0	0	0
13	198	41	267	1	1	0	0	0	0	0	0
13	198	42	259	1	2	0	0	0	0	0	0
13	198	42	265	2	1	0	0	0	0	0	0
13	198	43	257	2	2	0	0	0	0	0	0
13	198	43	258	2	2	0	0	0	0	0	0
13	198	43	265	2	1	0	0	0	0	0	0
13	198	45	264	3	1	0	0	0	0	0	0
13	198	45	266	2	1	0	0	0	0	0	0
13	198	46	188	2	1	0	0	1	0	0	0
13	198	47	264	3	1	0	0	0	0	0	0
13	198	53	170	1	0	0	0	0	1	0	0
13	198	54	187	2	1	0	0	1	0	0	0
13	198	57	265	2	1	0	0	0	0	0	0
13	198	59	264	3	1	0	0	0	0	0	0
13	198	67	163	0	1	0	0	0	1	0	0
13	198	70	162	1	1	0	0	0	1	0	0
13	198	77	171	1	0	0	2	0	0	0	0
13	198	78	188	2	1	0	0	1	0	0	0
13	198	81	265	2	1	0	0	0	0	0	0
13	198	82	265	2	1	0	0	0	0	0	0
13	198	84	169	1	0	1	0	1	0	0	0
13	198	85	264	3	1	0	0	0	0	0	0
13	198	88	259	1	2	0	0	0	0	0	0
13	198	89	187	2	1	0	0	1	0	0	0
13	198	91	266	2	1	0	0	0	0	0	0
13	198	94	267	1	1	0	0	0	0	0	0
13	198	96	267	1	1	0	0	0	0	0	0
13	198	101	258	2	2	0	0	0	0	0	0
13	198	101	266	2	1	0	0	0	0	0	0
13	198	106	264	3	1	0	0	0	0	0	0
13	198	107	267	1	1	0	0	0	0	0	0
13	198	108	162	1	1	0	0	0	1	0	0
13	198	111	134	1	1	0	0	0	0	1	0
13	198	112	265	2	1	0	0	0	0	0	0
13	198	124	259	1	2	0	0	0	0	0	0
13	198	129	265	2	1	0	0	0	0	0	0
13	198	132	189	1	1	0	0	1	0	0	0
13	198	134	161	2	1	0	0	0	1	0	0
13	198	138	195	1	0	1	1	0	0	0	0
13	198	141	258	2	2	0	0	0	0	0	0
13	198	143	162	1	1	0	0	0	1	0	0
13	198	146	134	1	1	0	0	0	0	1	0
13	198	147	264	3	1	0	0	0	0	0	0
13	198	150	134	1	1	0	0	0	0	1	0
13	198	158	267	1	1	0	0	0	0	0	0
13	198	166	265	2	1	0	0	0	0	0	0
13	198	170	133	2	1	0	0	0	0	1	0
13	198	175	264	3	1	0	0	0	0	0	0
13	198	182	208	0	2	0	1	0	0	0	0
13	198	184	265	2	1	0	0	0	0	0	0
13	198	184	266	2	1	0	0	0	0	0	0
13	198	188	133	2	1	0	0	0	0	1	0
13	198	191	264	3	1	0	0	0	0	0	0
13	198	193	134	1	1	0	0	0	0	1	0
13	199	17	158	1	1	0	0	0	0	0	0
13	199	17	166	1	0	0	0	0	0	0	0
13	199	18	138	1	0	1	0	0	0	0	0
13	199	18	157	2	1	0	0	0	0	0	0
13	199	18	158	1	1	0	0	0	0	0	0
13	199	18	159	1	1	0	0	0	0	0	0
13	199	18	166	1	0	0	0	0	0	0	0
13	199	19	138	1	0	1	0	0	0	0	0
13	199	19	158	1	1	0	0	0	0	0	0
13	199	20	150	1	2	0	0	0	0	0	0
13	199	21	157	2	1	0	0	0	0	0	0
13	199	21	158	1	1	0	0	0	0	0	0
13	199	22	159	1	1	0	0	0	0	0	0
13	199	22	160	0	1	0	0	0	0	0	0
13	200	18	159	1	2	0	0	0	0	0	0
13	200	18	168	1	1	0	0	0	0	0	0
13	200	19	159	1	2	0	0	0	0	0	0
13	200	19	168	1	1	0	0	0	0	0	0
13	200	20	168	1	1	0	0	0	0	0	0
13	200	22	159	1	2	0	0	0	0	0	0
13	200	192	168	1	1	0	0	0	0	0	0
13	201	18	138	2	0	1	0	0	0	0	0
13	201	18	140	1	0	1	0	0	0	0	0
13	201	18	157	3	1	0	0	0	0	0	0
13	201	18	158	2	1	0	0	0	0	0	0
13	201	18	159	2	1	0	0	0	0	0	0
13	201	18	160	1	1	0	0	0	0	0	0
13	201	18	161	1	1	0	0	0	0	0	0
13	201	18	166	2	0	0	0	0	0	0	0
13	201	18	168	1	0	0	0	0	0	0	0
13	201	19	132	1	1	1	0	0	0	0	0
13	201	19	138	2	0	1	0	0	0	0	0
13	201	19	140	1	0	1	0	0	0	0	0
13	201	19	152	1	2	0	0	0	0	0	0
13	201	19	153	1	2	0	0	0	0	0	0
13	201	19	160	1	1	0	0	0	0	0	0
13	201	19	161	1	1	0	0	0	0	0	0
13	201	19	166	2	0	0	0	0	0	0	0
13	201	19	168	1	0	0	0	0	0	0	0
13	201	20	140	1	0	1	0	0	0	0	0
13	201	20	152	1	2	0	0	0	0	0	0
13	201	20	157	3	1	0	0	0	0	0	0
13	201	20	159	2	1	0	0	0	0	0	0
13	201	20	160	1	1	0	0	0	0	0	0
13	201	20	166	2	0	0	0	0	0	0	0
13	201	20	168	1	0	0	0	0	0	0	0
13	201	21	132	1	1	1	0	0	0	0	0
13	201	21	153	1	2	0	0	0	0	0	0
13	201	21	159	2	1	0	0	0	0	0	0
13	201	21	160	1	1	0	0	0	0	0	0
13	201	22	159	2	1	0	0	0	0	0	0
13	201	22	160	1	1	0	0	0	0	0	0
13	201	23	152	1	2	0	0	0	0	0	0
13	201	23	158	2	1	0	0	0	0	0	0
13	201	23	159	2	1	0	0	0	0	0	0
13	201	24	159	2	1	0	0	0	0	0	0
13	201	24	161	1	1	0	0	0	0	0	0
13	201	25	159	2	1	0	0	0	0	0	0
13	201	28	159	2	1	0	0	0	0	0	0
13	201	29	166	2	0	0	0	0	0	0	0
13	201	31	153	1	2	0	0	0	0	0	0
13	201	36	166	2	0	0	0	0	0	0	0
13	201	47	166	2	0	0	0	0	0	0	0
13	201	48	158	2	1	0	0	0	0	0	0
13	201	52	138	2	0	1	0	0	0	0	0
13	201	55	166	2	0	0	0	0	0	0	0
13	201	59	166	2	0	0	0	0	0	0	0
13	201	69	166	2	0	0	0	0	0	0	0
13	201	108	158	2	1	0	0	0	0	0	0
13	201	122	160	1	1	0	0	0	0	0	0
13	201	126	159	2	1	0	0	0	0	0	0
13	201	157	157	3	1	0	0	0	0	0	0
13	201	159	152	1	2	0	0	0	0	0	0
13	201	172	159	2	1	0	0	0	0	0	0
13	201	176	159	2	1	0	0	0	0	0	0
13	202	17	166	1	0	0	0	0	0	0	0
13	202	18	138	1	0	1	0	0	0	0	0
13	202	18	157	2	1	0	0	0	0	0	0
13	202	18	158	1	1	0	0	0	0	0	0
13	202	18	159	1	1	0	0	0	0	0	0
13	202	18	166	1	0	0	0	0	0	0	0
13	202	19	157	2	1	0	0	0	0	0	0
13	202	19	158	1	1	0	0	0	0	0	0
13	202	19	166	1	0	0	0	0	0	0	0
13	202	20	158	1	1	0	0	0	0	0	0
13	202	20	159	1	1	0	0	0	0	0	0
13	202	20	166	1	0	0	0	0	0	0	0
13	202	21	159	1	1	0	0	0	0	0	0
13	202	23	157	2	1	0	0	0	0	0	0
13	203	17	158	2	1	0	0	0	0	0	0
13	203	17	159	2	1	0	0	0	0	0	0
13	203	17	160	1	1	0	0	0	0	0	0
13	203	17	161	1	1	0	0	0	0	0	0
13	203	17	166	2	0	0	0	0	0	0	0
13	203	17	168	1	0	0	0	0	0	0	0
13	203	18	132	1	1	1	0	0	0	0	0
13	203	18	133	1	1	1	0	0	0	0	0
13	203	18	138	2	0	1	0	0	0	0	0
13	203	18	140	1	0	1	0	0	0	0	0
13	203	18	151	2	2	0	0	0	0	0	0
13	203	18	152	1	2	0	0	0	0	0	0
13	203	18	153	1	2	0	0	0	0	0	0
13	203	18	155	4	1	0	0	0	0	0	0
13	203	18	157	3	1	0	0	0	0	0	0
13	203	18	158	2	1	0	0	0	0	0	0
13	203	18	159	2	1	0	0	0	0	0	0
13	203	18	160	1	1	0	0	0	0	0	0
13	203	18	161	1	1	0	0	0	0	0	0
13	203	18	166	2	0	0	0	0	0	0	0
13	203	18	168	1	0	0	0	0	0	0	0
13	203	19	116	1	0	0	1	0	0	0	0
13	203	19	130	2	1	1	0	0	0	0	0
13	203	19	132	1	1	1	0	0	0	0	0
13	203	19	138	2	0	1	0	0	0	0	0
13	203	19	140	1	0	1	0	0	0	0	0
13	203	19	150	2	2	0	0	0	0	0	0
13	203	19	151	2	2	0	0	0	0	0	0
13	203	19	152	1	2	0	0	0	0	0	0
13	203	19	155	4	1	0	0	0	0	0	0
13	203	19	157	3	1	0	0	0	0	0	0
13	203	19	158	2	1	0	0	0	0	0	0
13	203	19	159	2	1	0	0	0	0	0	0
13	203	19	160	1	1	0	0	0	0	0	0
13	203	19	161	1	1	0	0	0	0	0	0
13	203	19	162	0	1	0	0	0	0	0	0
13	203	19	166	2	0	0	0	0	0	0	0
13	203	19	168	1	0	0	0	0	0	0	0
13	203	20	108	1	1	0	1	0	0	0	0
13	203	20	132	1	1	1	0	0	0	0	0
13	203	20	140	1	0	1	0	0	0	0	0
13	203	20	150	2	2	0	0	0	0	0	0
13	203	20	151	2	2	0	0	0	0	0	0
13	203	20	152	1	2	0	0	0	0	0	0
13	203	20	154	0	2	0	0	0	0	0	0
13	203	20	157	3	1	0	0	0	0	0	0
13	203	20	158	2	1	0	0	0	0	0	0
13	203	20	159	2	1	0	0	0	0	0	0
13	203	20	160	1	1	0	0	0	0	0	0
13	203	20	161	1	1	0	0	0	0	0	0
13	203	20	166	2	0	0	0	0	0	0	0
13	203	20	168	1	0	0	0	0	0	0	0
13	203	21	151	2	2	0	0	0	0	0	0
13	203	21	153	1	2	0	0	0	0	0	0
13	203	21	157	3	1	0	0	0	0	0	0
13	203	21	159	2	1	0	0	0	0	0	0
13	203	21	160	1	1	0	0	0	0	0	0
13	203	21	166	2	0	0	0	0	0	0	0
13	203	21	168	1	0	0	0	0	0	0	0
13	203	22	150	2	2	0	0	0	0	0	0
13	203	22	151	2	2	0	0	0	0	0	0
13	203	22	152	1	2	0	0	0	0	0	0
13	203	22	157	3	1	0	0	0	0	0	0
13	203	22	158	2	1	0	0	0	0	0	0
13	203	22	159	2	1	0	0	0	0	0	0
13	203	22	161	1	1	0	0	0	0	0	0
13	203	22	162	0	1	0	0	0	0	0	0
13	203	22	166	2	0	0	0	0	0	0	0
13	203	23	132	1	1	1	0	0	0	0	0
13	203	23	140	1	0	1	0	0	0	0	0
13	203	23	152	1	2	0	0	0	0	0	0
13	203	23	157	3	1	0	0	0	0	0	0
13	203	23	158	2	1	0	0	0	0	0	0
13	203	23	159	2	1	0	0	0	0	0	0
13	203	23	160	1	1	0	0	0	0	0	0
13	203	24	159	2	1	0	0	0	0	0	0
13	203	25	132	1	1	1	0	0	0	0	0
13	203	25	140	1	0	1	0	0	0	0	0
13	203	25	153	1	2	0	0	0	0	0	0
13	203	25	159	2	1	0	0	0	0	0	0
13	203	25	160	1	1	0	0	0	0	0	0
13	203	25	166	2	0	0	0	0	0	0	0
13	203	26	132	1	1	1	0	0	0	0	0
13	203	27	161	1	1	0	0	0	0	0	0
13	203	28	159	2	1	0	0	0	0	0	0
13	203	28	160	1	1	0	0	0	0	0	0
13	203	30	159	2	1	0	0	0	0	0	0
13	203	31	134	0	1	1	0	0	0	0	0
13	203	31	155	4	1	0	0	0	0	0	0
13	203	31	157	3	1	0	0	0	0	0	0
13	203	34	134	0	1	1	0	0	0	0	0
13	203	34	166	2	0	0	0	0	0	0	0
13	203	35	133	1	1	1	0	0	0	0	0
13	203	35	152	1	2	0	0	0	0	0	0
13	203	35	159	2	1	0	0	0	0	0	0
13	203	36	158	2	1	0	0	0	0	0	0
13	203	37	133	1	1	1	0	0	0	0	0
13	203	40	161	1	1	0	0	0	0	0	0
13	203	41	160	1	1	0	0	0	0	0	0
13	203	41	166	2	0	0	0	0	0	0	0
13	203	45	152	1	2	0	0	0	0	0	0
13	203	46	159	2	1	0	0	0	0	0	0
13	203	59	160	1	1	0	0	0	0	0	0
13	203	70	160	1	1	0	0	0	0	0	0
13	203	72	159	2	1	0	0	0	0	0	0
13	203	76	159	2	1	0	0	0	0	0	0
13	203	98	157	3	1	0	0	0	0	0	0
13	203	105	159	2	1	0	0	0	0	0	0
13	203	106	160	1	1	0	0	0	0	0	0
13	203	115	159	2	1	0	0	0	0	0	0
13	203	117	159	2	1	0	0	0	0	0	0
13	203	118	138	2	0	1	0	0	0	0	0
13	203	118	158	2	1	0	0	0	0	0	0
13	203	140	161	1	1	0	0	0	0	0	0
13	203	141	159	2	1	0	0	0	0	0	0
13	203	142	159	2	1	0	0	0	0	0	0
13	203	152	159	2	1	0	0	0	0	0	0
13	203	154	157	3	1	0	0	0	0	0	0
13	203	154	159	2	1	0	0	0	0	0	0
13	203	155	159	2	1	0	0	0	0	0	0
13	203	156	153	1	2	0	0	0	0	0	0
13	203	179	157	3	1	0	0	0	0	0	0
13	203	182	159	2	1	0	0	0	0	0	0
13	203	182	161	1	1	0	0	0	0	0	0
13	203	189	159	2	1	0	0	0	0	0	0
13	203	191	159	2	1	0	0	0	0	0	0
13	203	192	153	1	2	0	0	0	0	0	0
13	204	18	144	1	0	0	0	0	0	0	0
13	204	19	144	1	0	0	0	0	0	0	0
13	207	16	237	1	2	0	0	0	0	0	0
13	207	16	243	2	1	0	0	0	0	0	0
13	208	16	194	1	1	0	1	0	0	0	0
13	208	16	202	1	0	0	1	0	0	0	0
13	208	16	226	1	0	1	0	0	0	0	0
13	208	16	238	1	2	0	0	0	0	0	0
13	208	16	245	2	1	0	0	0	0	0	0
13	208	16	246	1	1	0	0	0	0	0	0
13	208	16	254	1	0	0	0	0	0	0	0
13	208	17	167	2	1	0	0	1	0	0	0
13	208	17	168	1	1	0	0	1	0	0	0
13	208	17	169	1	1	0	0	1	0	0	0
13	208	17	174	1	0	1	1	0	0	0	0
13	208	17	176	1	0	0	0	1	0	0	0
13	208	17	194	1	1	0	1	0	0	0	0
13	208	17	218	1	1	1	0	0	0	0	0
13	208	17	226	1	0	1	0	0	0	0	0
13	208	17	245	2	1	0	0	0	0	0	0
13	208	17	246	1	1	0	0	0	0	0	0
13	208	17	247	1	1	0	0	0	0	0	0
13	208	17	248	0	1	0	0	0	0	0	0
13	208	17	254	1	0	0	0	0	0	0	0
13	208	18	141	1	1	0	0	0	1	0	0
13	208	18	142	1	1	0	0	0	1	0	0
13	208	18	148	1	0	1	0	1	0	0	0
13	208	18	149	1	0	0	0	0	1	0	0
13	208	18	160	1	2	0	0	1	0	0	0
13	208	18	161	1	2	0	0	1	0	0	0
13	208	18	168	1	1	0	0	1	0	0	0
13	208	18	176	1	0	0	0	1	0	0	0
13	208	18	195	1	1	0	1	0	0	0	0
13	208	18	226	1	0	1	0	0	0	0	0
13	208	18	238	1	2	0	0	0	0	0	0
13	208	18	239	1	2	0	0	0	0	0	0
13	208	18	245	2	1	0	0	0	0	0	0
13	208	18	246	1	1	0	0	0	0	0	0
13	208	18	247	1	1	0	0	0	0	0	0
13	208	18	254	1	0	0	0	0	0	0	0
13	208	19	105	1	2	0	0	0	0	1	0
13	208	19	106	1	2	0	0	0	0	1	0
13	208	19	112	2	1	0	0	0	0	1	0
13	208	19	113	1	1	0	0	0	0	1	0
13	208	19	114	1	1	0	0	0	0	1	0
13	208	19	121	1	0	0	0	0	0	1	0
13	208	19	121	1	0	1	0	0	1	0	0
13	208	19	133	1	2	0	0	0	1	0	0
13	208	19	134	1	2	0	0	0	1	0	0
13	208	19	140	2	1	0	0	0	1	0	0
13	208	19	141	1	1	0	0	0	1	0	0
13	208	19	148	1	0	1	0	1	0	0	0
13	208	19	149	1	0	0	0	0	1	0	0
13	208	19	168	1	1	0	0	1	0	0	0
13	208	19	176	1	0	0	0	1	0	0	0
13	208	19	218	1	1	1	0	0	0	0	0
13	208	19	226	1	0	1	0	0	0	0	0
13	208	19	238	1	2	0	0	0	0	0	0
13	208	19	240	0	2	0	0	0	0	0	0
13	208	19	245	2	1	0	0	0	0	0	0
13	208	19	246	1	1	0	0	0	0	0	0
13	208	20	93	1	0	1	0	0	0	1	0
13	208	20	105	1	2	0	0	0	0	1	0
13	208	20	112	2	1	0	0	0	0	1	0
13	208	20	113	1	1	0	0	0	0	1	0
13	208	20	114	1	1	0	0	0	0	1	0
13	208	20	148	1	0	1	0	1	0	0	0
13	208	20	160	1	2	0	0	1	0	0	0
13	208	20	168	1	1	0	0	1	0	0	0
13	208	20	193	2	1	0	1	0	0	0	0
13	208	20	198	1	0	2	0	0	0	0	0
13	208	20	218	1	1	1	0	0	0	0	0
13	208	20	238	1	2	0	0	0	0	0	0
13	208	20	239	1	2	0	0	0	0	0	0
13	208	20	243	3	1	0	0	0	0	0	0
13	208	20	245	2	1	0	0	0	0	0	0
13	208	20	247	1	1	0	0	0	0	0	0
13	208	20	254	1	0	0	0	0	0	0	0
13	208	21	106	1	2	0	0	0	0	1	0
13	208	21	140	1	1	1	0	1	0	0	0
13	208	21	226	1	0	1	0	0	0	0	0
13	208	21	237	2	2	0	0	0	0	0	0
13	208	21	238	1	2	0	0	0	0	0	0
13	208	21	239	1	2	0	0	0	0	0	0
13	208	21	243	3	1	0	0	0	0	0	0
13	208	21	245	2	1	0	0	0	0	0	0
13	208	21	246	1	1	0	0	0	0	0	0
13	208	21	247	1	1	0	0	0	0	0	0
13	208	22	106	1	2	0	0	0	0	1	0
13	208	22	112	2	1	0	0	0	0	1	0
13	208	22	114	1	1	0	0	0	0	1	0
13	208	22	168	1	1	0	0	1	0	0	0
13	208	22	239	1	2	0	0	0	0	0	0
13	208	22	240	0	2	0	0	0	0	0	0
13	208	22	243	3	1	0	0	0	0	0	0
13	208	22	245	2	1	0	0	0	0	0	0
13	208	22	246	1	1	0	0	0	0	0	0
13	208	22	247	1	1	0	0	0	0	0	0
13	208	22	248	0	1	0	0	0	0	0	0
13	208	23	112	2	1	0	0	0	0	1	0
13	208	23	142	1	1	0	0	0	1	0	0
13	208	23	167	2	1	0	0	1	0	0	0
13	208	23	239	1	2	0	0	0	0	0	0
13	208	23	245	2	1	0	0	0	0	0	0
13	208	23	246	1	1	0	0	0	0	0	0
13	208	24	134	1	2	0	0	0	1	0	0
13	208	24	245	2	1	0	0	0	0	0	0
13	208	25	238	1	2	0	0	0	0	0	0
13	208	25	245	2	1	0	0	0	0	0	0
13	208	25	246	1	1	0	0	0	0	0	0
13	208	26	239	1	2	0	0	0	0	0	0
13	208	26	245	2	1	0	0	0	0	0	0
13	208	26	246	1	1	0	0	0	0	0	0
13	208	27	245	2	1	0	0	0	0	0	0
13	208	28	245	2	1	0	0	0	0	0	0
13	208	29	246	1	1	0	0	0	0	0	0
13	208	30	237	2	2	0	0	0	0	0	0
13	208	30	245	2	1	0	0	0	0	0	0
13	208	31	243	3	1	0	0	0	0	0	0
13	208	31	245	2	1	0	0	0	0	0	0
13	208	33	246	1	1	0	0	0	0	0	0
13	208	35	240	0	2	0	0	0	0	0	0
13	208	35	246	1	1	0	0	0	0	0	0
13	208	36	245	2	1	0	0	0	0	0	0
13	208	37	245	2	1	0	0	0	0	0	0
13	208	37	246	1	1	0	0	0	0	0	0
13	208	39	245	2	1	0	0	0	0	0	0
13	208	40	193	2	1	0	1	0	0	0	0
13	208	40	238	1	2	0	0	0	0	0	0
13	208	40	245	2	1	0	0	0	0	0	0
13	208	41	239	1	2	0	0	0	0	0	0
13	208	42	243	3	1	0	0	0	0	0	0
13	208	45	246	1	1	0	0	0	0	0	0
13	208	47	238	1	2	0	0	0	0	0	0
13	208	47	245	2	1	0	0	0	0	0	0
13	208	50	245	2	1	0	0	0	0	0	0
13	208	51	237	2	2	0	0	0	0	0	0
13	208	54	245	2	1	0	0	0	0	0	0
13	208	55	243	3	1	0	0	0	0	0	0
13	208	57	245	2	1	0	0	0	0	0	0
13	208	58	237	2	2	0	0	0	0	0	0
13	208	59	243	3	1	0	0	0	0	0	0
13	208	59	246	1	1	0	0	0	0	0	0
13	208	60	245	2	1	0	0	0	0	0	0
13	208	61	243	3	1	0	0	0	0	0	0
13	208	65	142	1	1	0	0	0	1	0	0
13	208	66	140	2	1	0	0	0	1	0	0
13	208	68	140	2	1	0	0	0	1	0	0
13	208	71	238	1	2	0	0	0	0	0	0
13	208	72	134	1	2	0	0	0	1	0	0
13	208	77	245	2	1	0	0	0	0	0	0
13	208	79	140	2	1	0	0	0	1	0	0
13	208	82	245	2	1	0	0	0	0	0	0
13	208	83	245	2	1	0	0	0	0	0	0
13	208	84	245	2	1	0	0	0	0	0	0
13	208	85	245	2	1	0	0	0	0	0	0
13	208	91	187	1	2	0	1	0	0	0	0
13	208	91	247	1	1	0	0	0	0	0	0
13	208	95	140	2	1	0	0	0	1	0	0
13	208	97	237	2	2	0	0	0	0	0	0
13	208	102	140	2	1	0	0	0	1	0	0
13	208	102	142	1	1	0	0	0	1	0	0
13	208	102	187	1	2	0	1	0	0	0	0
13	208	104	140	2	1	0	0	0	1	0	0
13	208	104	246	1	1	0	0	0	0	0	0
13	208	109	245	2	1	0	0	0	0	0	0
13	208	112	140	2	1	0	0	0	1	0	0
13	208	124	140	2	1	0	0	0	1	0	0
13	208	130	202	1	0	0	1	0	0	0	0
13	208	131	243	3	1	0	0	0	0	0	0
13	208	134	174	1	0	1	1	0	0	0	0
13	208	135	194	1	1	0	1	0	0	0	0
13	208	139	239	1	2	0	0	0	0	0	0
13	208	145	112	2	1	0	0	0	0	1	0
13	208	147	245	2	1	0	0	0	0	0	0
13	208	149	238	1	2	0	0	0	0	0	0
13	208	166	167	2	1	0	0	1	0	0	0
13	208	176	218	1	1	1	0	0	0	0	0
13	208	177	186	1	2	0	1	0	0	0	0
13	208	185	245	2	1	0	0	0	0	0	0
13	208	192	202	1	0	0	1	0	0	0	0
13	210	18	149	1	0	0	0	0	0	0	0
13	210	19	141	1	1	0	0	0	0	0	0
13	212	16	202	1	0	0	1	0	0	0	0
13	212	16	245	2	1	0	0	0	0	0	0
13	212	16	246	1	1	0	0	0	0	0	0
13	212	16	254	1	0	0	0	0	0	0	0
13	212	17	167	1	1	0	0	1	0	0	0
13	212	17	176	1	0	0	0	1	0	0	0
13	212	17	237	1	2	0	0	0	0	0	0
13	212	17	238	1	2	0	0	0	0	0	0
13	212	17	240	0	2	0	0	0	0	0	0
13	212	17	245	1	1	0	0	0	0	0	0
13	212	17	245	2	1	0	0	0	0	0	0
13	212	17	246	1	1	0	0	0	0	0	0
13	212	17	247	0	1	0	0	0	0	0	0
13	212	17	247	1	1	0	0	0	0	0	0
13	212	18	149	1	0	0	0	0	1	0	0
13	212	18	226	1	0	1	0	0	0	0	0
13	212	18	246	1	1	0	0	0	0	0	0
13	212	18	254	1	0	0	0	0	0	0	0
13	212	19	112	1	1	0	0	0	0	1	0
13	212	19	113	1	1	0	0	0	0	1	0
13	212	19	121	1	0	0	0	0	0	1	0
13	212	19	140	1	1	0	0	0	1	0	0
13	212	19	141	1	1	0	0	0	1	0	0
13	212	19	176	1	0	0	0	1	0	0	0
13	212	19	239	1	2	0	0	0	0	0	0
13	212	19	245	1	1	0	0	0	0	0	0
13	212	19	246	1	1	0	0	0	0	0	0
13	212	19	247	1	1	0	0	0	0	0	0
13	212	20	167	1	1	0	0	1	0	0	0
13	212	20	176	1	0	0	0	1	0	0	0
13	212	20	237	2	2	0	0	0	0	0	0
13	212	20	238	1	2	0	0	0	0	0	0
13	212	20	239	1	2	0	0	0	0	0	0
13	212	20	245	2	1	0	0	0	0	0	0
13	212	20	246	1	1	0	0	0	0	0	0
13	212	20	247	1	1	0	0	0	0	0	0
13	212	20	254	1	0	0	0	0	0	0	0
13	212	21	193	1	1	0	1	0	0	0	0
13	212	21	226	1	0	1	0	0	0	0	0
13	212	21	238	1	2	0	0	0	0	0	0
13	212	21	245	2	1	0	0	0	0	0	0
13	212	21	246	1	1	0	0	0	0	0	0
13	212	22	239	1	2	0	0	0	0	0	0
13	212	22	240	0	2	0	0	0	0	0	0
13	212	22	245	2	1	0	0	0	0	0	0
13	212	22	246	1	1	0	0	0	0	0	0
13	212	22	247	1	1	0	0	0	0	0	0
13	212	22	248	0	1	0	0	0	0	0	0
13	212	23	167	1	1	0	0	1	0	0	0
13	212	23	245	2	1	0	0	0	0	0	0
13	212	23	246	1	1	0	0	0	0	0	0
13	212	24	245	2	1	0	0	0	0	0	0
13	212	25	245	2	1	0	0	0	0	0	0
13	212	25	246	1	1	0	0	0	0	0	0
13	212	26	168	1	1	0	0	1	0	0	0
13	212	26	245	2	1	0	0	0	0	0	0
13	212	26	246	1	1	0	0	0	0	0	0
13	212	26	247	1	1	0	0	0	0	0	0
13	212	27	243	3	1	0	0	0	0	0	0
13	212	27	245	2	1	0	0	0	0	0	0
13	212	28	245	2	1	0	0	0	0	0	0
13	212	29	246	1	1	0	0	0	0	0	0
13	212	31	168	1	1	0	0	1	0	0	0
13	212	31	245	2	1	0	0	0	0	0	0
13	212	35	245	2	1	0	0	0	0	0	0
13	212	37	246	1	1	0	0	0	0	0	0
13	212	39	238	1	2	0	0	0	0	0	0
13	212	45	246	1	1	0	0	0	0	0	0
13	212	46	238	1	2	0	0	0	0	0	0
13	212	49	245	2	1	0	0	0	0	0	0
13	212	50	237	2	2	0	0	0	0	0	0
13	212	52	246	1	1	0	0	0	0	0	0
13	212	53	245	2	1	0	0	0	0	0	0
13	212	54	243	3	1	0	0	0	0	0	0
13	212	55	245	2	1	0	0	0	0	0	0
13	212	56	237	2	2	0	0	0	0	0	0
13	212	57	243	3	1	0	0	0	0	0	0
13	212	58	245	2	1	0	0	0	0	0	0
13	212	59	243	3	1	0	0	0	0	0	0
13	212	65	245	2	1	0	0	0	0	0	0
13	212	176	245	2	1	0	0	0	0	0	0
13	213	16	188	1	1	0	1	0	0	0	0
13	213	16	189	0	1	0	1	0	0	0	0
13	213	16	194	2	0	0	1	0	0	0	0
13	213	16	195	2	0	0	1	0	0	0	0
13	213	16	196	1	0	0	1	0	0	0	0
13	213	16	220	1	0	1	0	0	0	0	0
13	213	16	232	1	2	0	0	0	0	0	0
13	213	16	238	2	1	0	0	0	0	0	0
13	213	16	239	2	1	0	0	0	0	0	0
13	213	16	240	1	1	0	0	0	0	0	0
13	213	16	241	0	1	0	0	0	0	0	0
13	213	16	246	2	0	0	0	0	0	0	0
13	213	16	247	2	0	0	0	0	0	0	0
13	213	16	248	1	0	0	0	0	0	0	0
13	213	17	162	1	1	0	0	1	0	0	0
13	213	17	163	0	1	0	0	1	0	0	0
13	213	17	168	1	0	1	1	0	0	0	0
13	213	17	168	2	0	0	0	1	0	0	0
13	213	17	170	1	0	0	0	1	0	0	0
13	213	17	188	1	1	0	1	0	0	0	0
13	213	17	196	1	0	0	1	0	0	0	0
13	213	17	220	1	0	1	0	0	0	0	0
13	213	17	232	1	2	0	0	0	0	0	0
13	213	17	237	3	1	0	0	0	0	0	0
13	213	17	238	2	1	0	0	0	0	0	0
13	213	17	239	2	1	0	0	0	0	0	0
13	213	17	240	1	1	0	0	0	0	0	0
13	213	17	241	0	1	0	0	0	0	0	0
13	213	17	246	2	0	0	0	0	0	0	0
13	213	17	247	2	0	0	0	0	0	0	0
13	213	17	248	1	0	0	0	0	0	0	0
13	213	18	160	2	1	0	0	1	0	0	0
13	213	18	161	2	1	0	0	1	0	0	0
13	213	18	162	1	1	0	0	1	0	0	0
13	213	18	188	1	1	0	1	0	0	0	0
13	213	18	196	1	0	0	1	0	0	0	0
13	213	18	213	0	1	1	0	0	0	0	0
13	213	18	220	1	0	1	0	0	0	0	0
13	213	18	238	2	1	0	0	0	0	0	0
13	213	18	239	2	1	0	0	0	0	0	0
13	213	18	240	1	1	0	0	0	0	0	0
13	213	18	246	2	0	0	0	0	0	0	0
13	213	18	247	2	0	0	0	0	0	0	0
13	213	18	248	1	0	0	0	0	0	0	0
13	213	19	170	1	0	0	0	1	0	0	0
13	213	19	188	1	1	0	1	0	0	0	0
13	213	19	196	1	0	0	1	0	0	0	0
13	213	19	220	1	0	1	0	0	0	0	0
13	213	19	237	3	1	0	0	0	0	0	0
13	213	19	238	2	1	0	0	0	0	0	0
13	213	19	239	2	1	0	0	0	0	0	0
13	213	19	240	1	1	0	0	0	0	0	0
13	213	19	246	2	0	0	0	0	0	0	0
13	213	19	247	2	0	0	0	0	0	0	0
13	213	19	248	1	0	0	0	0	0	0	0
13	213	20	168	1	0	1	1	0	0	0	0
13	213	20	170	1	0	0	0	1	0	0	0
13	213	20	188	1	1	0	1	0	0	0	0
13	213	20	195	2	0	0	1	0	0	0	0
13	213	20	232	1	2	0	0	0	0	0	0
13	213	20	238	2	1	0	0	0	0	0	0
13	213	20	239	2	1	0	0	0	0	0	0
13	213	20	240	1	1	0	0	0	0	0	0
13	213	20	241	0	1	0	0	0	0	0	0
13	213	20	246	2	0	0	0	0	0	0	0
13	213	20	248	1	0	0	0	0	0	0	0
13	213	21	144	1	0	0	2	0	0	0	0
13	213	21	162	1	1	0	0	1	0	0	0
13	213	21	168	1	0	1	1	0	0	0	0
13	213	21	192	1	0	2	0	0	0	0	0
13	213	21	195	2	0	0	1	0	0	0	0
13	213	21	238	2	1	0	0	0	0	0	0
13	213	21	239	2	1	0	0	0	0	0	0
13	213	21	240	1	1	0	0	0	0	0	0
13	213	21	246	2	0	0	0	0	0	0	0
13	213	21	247	2	0	0	0	0	0	0	0
13	213	21	248	1	0	0	0	0	0	0	0
13	213	22	118	1	0	0	1	1	0	0	0
13	213	22	142	1	0	1	0	1	0	0	0
13	213	22	154	1	2	0	0	1	0	0	0
13	213	22	188	1	1	0	1	0	0	0	0
13	213	22	212	1	1	1	0	0	0	0	0
13	213	22	232	1	2	0	0	0	0	0	0
13	213	22	240	1	1	0	0	0	0	0	0
13	213	22	241	0	1	0	0	0	0	0	0
13	213	22	246	2	0	0	0	0	0	0	0
13	213	22	247	2	0	0	0	0	0	0	0
13	213	23	154	1	2	0	0	1	0	0	0
13	213	23	168	1	0	1	1	0	0	0	0
13	213	23	239	2	1	0	0	0	0	0	0
13	213	23	240	1	1	0	0	0	0	0	0
13	213	23	247	2	0	0	0	0	0	0	0
13	213	24	238	2	1	0	0	0	0	0	0
13	213	24	247	2	0	0	0	0	0	0	0
13	213	26	142	1	0	1	0	1	0	0	0
13	213	26	240	1	1	0	0	0	0	0	0
13	213	26	246	2	0	0	0	0	0	0	0
13	213	27	168	1	0	1	1	0	0	0	0
13	213	28	247	2	0	0	0	0	0	0	0
13	213	30	238	2	1	0	0	0	0	0	0
13	213	32	240	1	1	0	0	0	0	0	0
13	213	35	192	1	0	2	0	0	0	0	0
13	213	36	238	2	1	0	0	0	0	0	0
13	213	36	239	2	1	0	0	0	0	0	0
13	213	36	240	1	1	0	0	0	0	0	0
13	213	36	246	2	0	0	0	0	0	0	0
13	213	36	247	2	0	0	0	0	0	0	0
13	213	37	239	2	1	0	0	0	0	0	0
13	213	38	212	1	1	1	0	0	0	0	0
13	213	39	186	2	1	0	1	0	0	0	0
13	213	40	187	2	1	0	1	0	0	0	0
13	213	43	219	2	0	1	0	0	0	0	0
13	213	43	247	2	0	0	0	0	0	0	0
13	213	46	239	2	1	0	0	0	0	0	0
13	213	50	168	1	0	1	1	0	0	0	0
13	213	50	170	1	0	0	0	1	0	0	0
13	213	50	192	1	0	2	0	0	0	0	0
13	213	62	163	0	1	0	0	1	0	0	0
13	213	63	168	1	0	1	1	0	0	0	0
13	213	65	162	1	1	0	0	1	0	0	0
13	213	75	246	2	0	0	0	0	0	0	0
13	213	82	238	2	1	0	0	0	0	0	0
13	213	82	239	2	1	0	0	0	0	0	0
13	213	85	188	1	1	0	1	0	0	0	0
13	213	85	246	2	0	0	0	0	0	0	0
13	213	86	196	1	0	0	1	0	0	0	0
13	213	87	195	2	0	0	1	0	0	0	0
13	213	88	247	2	0	0	0	0	0	0	0
13	213	90	246	2	0	0	0	0	0	0	0
13	213	91	240	1	1	0	0	0	0	0	0
13	213	97	162	1	1	0	0	1	0	0	0
13	213	106	188	1	1	0	1	0	0	0	0
13	213	115	220	1	0	1	0	0	0	0	0
13	213	120	161	2	1	0	0	1	0	0	0
13	213	128	162	1	1	0	0	1	0	0	0
13	213	130	187	2	1	0	1	0	0	0	0
13	213	131	187	2	1	0	1	0	0	0	0
13	213	138	218	2	0	1	0	0	0	0	0
13	213	141	212	1	1	1	0	0	0	0	0
13	213	169	237	3	1	0	0	0	0	0	0
13	213	169	247	2	0	0	0	0	0	0	0
13	213	172	196	1	0	0	1	0	0	0	0
13	213	175	232	1	2	0	0	0	0	0	0
13	213	187	238	2	1	0	0	0	0	0	0
13	214	18	140	1	1	0	0	0	0	0	0
13	214	18	141	1	1	0	0	0	0	0	0
13	214	18	149	1	0	0	0	0	0	0	0
13	214	19	132	1	2	0	0	0	0	0	0
13	214	19	141	1	1	0	0	0	0	0	0
13	216	18	141	1	0	0	0	0	0	0	0
13	222	18	226	2	1	0	0	0	0	0	0
13	222	18	228	1	1	0	0	0	0	0	0
13	222	19	220	1	2	0	0	0	0	0	0
13	222	19	226	2	1	0	0	0	0	0	0
13	222	20	228	1	1	0	0	0	0	0	0
13	222	21	220	1	2	0	0	0	0	0	0
13	222	21	226	2	1	0	0	0	0	0	0
13	222	21	228	1	1	0	0	0	0	0	0
13	222	22	220	1	2	0	0	0	0	0	0
13	222	26	220	1	2	0	0	0	0	0	0
13	222	32	226	2	1	0	0	0	0	0	0
13	222	43	226	2	1	0	0	0	0	0	0
13	223	16	226	2	1	0	0	0	0	0	0
13	223	16	228	1	1	0	0	0	0	0	0
13	223	18	220	1	2	0	0	0	0	0	0
13	223	20	226	2	1	0	0	0	0	0	0
13	223	20	228	1	1	0	0	0	0	0	0
13	223	21	220	1	2	0	0	0	0	0	0
13	223	21	226	2	1	0	0	0	0	0	0
13	223	21	228	1	1	0	0	0	0	0	0
13	223	22	220	1	2	0	0	0	0	0	0
13	223	22	226	2	1	0	0	0	0	0	0
13	224	18	149	1	0	0	0	0	0	0	0
13	224	19	141	1	1	0	0	0	0	0	0
