"TH+1"	"index"	"LST gauge algebra"	"full gauge algebra"	"Tmin"	"Delta"	"n2"	"n3"	"n4"	"n5"	"n6"	"n7"	"n8"	"n12"	"On -1"	"On -2/-3"
3	1	"0"	"2(g2+su(2))+so(7)+2 su(2)"	11	58	4	3	0	0	0	0	0	0	"[
	""s1:3â1 \/ s2:1â1 \/ s3:1â1 \/ s4:3â1 \/ s5:3â1 \/ s6:1â1, 3â1 \/ s7:1â1, 3â1"",
	""s1:3â1 \/ s2:1â1 \/ s3:1â1 \/ s4:3â1 \/ s5:3â1 \/ s6:1â1, 3â1 \/ s7:1â1, 3â1"",
	""s1:3â1 \/ s2:1â1 \/ s3:1â1 \/ s4:3â1 \/ s5:3â1 \/ s6:1â1, 3â1 \/ s7:1â1, 3â2"",
	""s1:3â1 \/ s2:1â1 \/ s3:1â1 \/ s4:3â1 \/ s5:3â1 \/ s6:1â1, 3â1 \/ s7:1â1, 3â2"",
	""s1:3â1 \/ s2:1â1 \/ s3:1â1 \/ s4:3â1 \/ s5:3â1 \/ s6:1â1, 3â1 \/ s7:1â1, 3â2"",
	""s1:3â1 \/ s2:1â1 \/ s3:1â1 \/ s4:3â1 \/ s5:3â1 \/ s6:1â1, 3â1 \/ s7:1â1, 3â2"",
	""s1:3â1 \/ s2:1â1 \/ s3:1â1 \/ s4:3â1 \/ s5:3â1 \/ s6:1â1, 3â1 \/ s7:1â1, 3â2"",
	""s1:3â1 \/ s2:1â1 \/ s3:1â1 \/ s4:3â1 \/ s5:3â1 \/ s6:1â1, 3â1 \/ s7:1â1, 3â2"",
	""s1:3â1 \/ s2:1â1 \/ s3:1â1 \/ s4:3â1 \/ s5:3â1 \/ s6:1â1 \/ s7:1â1, 3â1"",
	""s1:3â1 \/ s2:1â1 \/ s3:1â1 \/ s4:3â1 \/ s5:3â1 \/ s6:1â1 \/ s7:1â1, 3â1"",
	""s1:3â1 \/ s2:1â1 \/ s3:1â1 \/ s4:3â1 \/ s5:3â1 \/ s6:3â1 \/ s7:1â1, 3â1"",
	""s1:3â1 \/ s2:1â1 \/ s3:1â1 \/ s4:3â1 \/ s5:3â1 \/ s6:3â1 \/ s7:1â1, 3â1"",
	""s1:3â1 \/ s2:1â1 \/ s3:1â1 \/ s4:3â1 \/ s5:3â1 \/ s6:3â1 \/ s7:1â1, 3â1"",
	""s1:3â1 \/ s2:1â1 \/ s3:1â1 \/ s4:3â1 \/ s5:3â1 \/ s6:3â1 \/ s7:1â1, 3â1"",
	""s1:3â1 \/ s2:1â1 \/ s3:1â1 \/ s4:3â1 \/ s5:3â1 \/ s6:3â1 \/ s7:1â1, 3â1"",
	""s1:3â1 \/ s2:1â1 \/ s3:1â1 \/ s4:3â1 \/ s5:3â1 \/ s6:3â1 \/ s7:1â1, 3â1"",
	""s1:3â1 \/ s2:1â1 \/ s3:1â1 \/ s4:3â1 \/ s5:3â1 \/ s6:3â1 \/ s7:1â1, 3â1"",
	""s1:3â1 \/ s2:1â1 \/ s3:1â1 \/ s4:3â1 \/ s5:3â1 \/ s6:3â1 \/ s7:1â1, 3â1"",
	""s1:3â1 \/ s2:1â1 \/ s3:1â1 \/ s4:3â1 \/ s5:3â1 \/ s6:3â1 \/ s7:1â1, 3â1"",
	""s1:3â1 \/ s2:1â1 \/ s3:1â1 \/ s4:3â1 \/ s5:3â1 \/ s6:3â1 \/ s7:1â1, 3â1"",
	""s1:3â1 \/ s2:1â1 \/ s3:1â1 \/ s4:3â1 \/ s5:3â1 \/ s6:3â1 \/ s7:1â1, 3â1"",
	""s1:3â1 \/ s2:1â1 \/ s3:1â1 \/ s4:3â1 \/ s5:3â1 \/ s6:3â1 \/ s7:1â1, 3â1"",
	""s1:3â1 \/ s2:1â1 \/ s3:1â1 \/ s4:3â1 \/ s5:3â1 \/ s6:3â1 \/ s7:1â1, 3â2"",
	""s1:3â1 \/ s2:1â1 \/ s3:1â1 \/ s4:3â1 \/ s5:3â1 \/ s6:3â1 \/ s7:1â1, 3â2"",
	""s1:3â1 \/ s2:1â1 \/ s3:1â1 \/ s4:3â1 \/ s5:3â1 \/ s6:3â1 \/ s7:1â1, 3â2"",
	""s1:3â1 \/ s2:1â1 \/ s3:1â1 \/ s4:3â1 \/ s5:3â1 \/ s6:3â1 \/ s7:1â1, 3â2"",
	""s1:3â1 \/ s2:1â1 \/ s3:1â1 \/ s4:3â1 \/ s5:3â1 \/ s6:3â1 \/ s7:1â1, 3â2"",
	""s1:3â1 \/ s2:1â1 \/ s3:1â1 \/ s4:3â1 \/ s5:3â1 \/ s6:3â1 \/ s7:1â1, 3â2"",
	""s1:3â1 \/ s2:1â1 \/ s3:1â1 \/ s4:3â1 \/ s5:3â1 \/ s6:3â1 \/ s7:1â1, 3â2"",
	""s1:3â1 \/ s2:1â1 \/ s3:1â1 \/ s4:3â1 \/ s5:3â1 \/ s6:3â1 \/ s7:1â1, 3â2"",
	""s1:3â1 \/ s2:1â1 \/ s3:1â1 \/ s4:3â1 \/ s5:3â1 \/ s6:3â1 \/ s7:1â1, 3â2"",
	""s1:3â1 \/ s2:1â1 \/ s3:1â1 \/ s4:3â1 \/ s5:3â1 \/ s6:3â1 \/ s7:1â1, 3â2"",
	""s1:3â1 \/ s2:1â1 \/ s3:1â1 \/ s4:3â1 \/ s5:3â1 \/ s6:3â1 \/ s7:1â1, 3â2"",
	""s1:3â1 \/ s2:1â1 \/ s3:1â1 \/ s4:3â1 \/ s5:3â1 \/ s6:3â1 \/ s7:1â1, 3â2"",
	""s1:3â1 \/ s2:1â1 \/ s3:1â1 \/ s4:3â1 \/ s5:3â1 \/ s6:3â1 \/ s7:1â1, 3â2"",
	""s1:3â1 \/ s2:1â1 \/ s3:1â1 \/ s4:3â1 \/ s5:3â1 \/ s6:3â1 \/ s7:1â1, 3â2"",
	""s1:3â1 \/ s2:1â1 \/ s3:1â1 \/ s4:3â1 \/ s5:3â1 \/ s6:3â1 \/ s7:1â1, 3â2"",
	""s1:3â1 \/ s2:1â1 \/ s3:1â1 \/ s4:3â1 \/ s5:3â1 \/ s6:3â1 \/ s7:1â1, 3â2"",
	""s1:3â1 \/ s2:1â1 \/ s3:1â1 \/ s4:3â1 \/ s5:3â1 \/ s6:3â1 \/ s7:1â1, 3â2"",
	""s1:3â1 \/ s2:1â1 \/ s3:1â1 \/ s4:3â1 \/ s5:3â1 \/ s6:3â1 \/ s7:1â1, 3â2"",
	""s1:3â1 \/ s2:1â1 \/ s3:1â1 \/ s4:3â1 \/ s5:3â1 \/ s6:3â1 \/ s7:1â1, 3â2"",
	""s1:3â1 \/ s2:1â1 \/ s3:1â1 \/ s4:3â1 \/ s5:3â1 \/ s6:3â1 \/ s7:1â1, 3â2"",
	""s1:3â1 \/ s2:1â1 \/ s3:1â1 \/ s4:3â1 \/ s5:3â1 \/ s6:3â1 \/ s7:1â1, 3â2"",
	""s1:3â1 \/ s2:1â1 \/ s3:1â1 \/ s4:3â1 \/ s5:3â1 \/ s6:3â1 \/ s7:1â1, 3â2"",
	""s1:3â1 \/ s2:1â1 \/ s3:1â1 \/ s4:3â1 \/ s5:3â1 \/ s6:3â1 \/ s7:1â1, 3â2"",
	""s1:3â1 \/ s2:1â1 \/ s3:1â1 \/ s4:3â1 \/ s5:3â1 \/ s6:3â1 \/ s7:1â1, 3â2"",
	""s1:3â1 \/ s2:1â1 \/ s3:1â1 \/ s4:3â1 \/ s5:3â1 \/ s6:3â1 \/ s7:1â1, 3â3"",
	""s1:3â1 \/ s2:1â1 \/ s3:1â1 \/ s4:3â1 \/ s5:3â1 \/ s6:3â1 \/ s7:1â1, 3â3"",
	""s1:3â1 \/ s2:1â1 \/ s3:1â1 \/ s4:3â1 \/ s5:3â1 \/ s6:3â1 \/ s7:1â1, 3â3"",
	""s1:3â1 \/ s2:1â1 \/ s3:1â1 \/ s4:3â1 \/ s5:3â1 \/ s6:3â1 \/ s7:1â1, 3â3"",
	""s1:3â1 \/ s2:1â1 \/ s3:1â1 \/ s4:3â1 \/ s5:3â1 \/ s6:3â1 \/ s7:1â1, 3â3"",
	""s1:3â1 \/ s2:1â1 \/ s3:1â1 \/ s4:3â1 \/ s5:3â1 \/ s6:3â1 \/ s7:1â1, 3â3"",
	""s1:3â1 \/ s2:1â1 \/ s3:1â1 \/ s4:3â1 \/ s5:3â1 \/ s6:3â1 \/ s7:1â1, 3â3"",
	""s1:3â1 \/ s2:1â1 \/ s3:1â1 \/ s4:3â1 \/ s5:3â1 \/ s6:3â1 \/ s7:1â1, 3â3"",
	""s1:3â1 \/ s2:1â1 \/ s3:1â1 \/ s4:3â1 \/ s5:3â1 \/ s6:3â1 \/ s7:1â1, 3â3"",
	""s1:3â1 \/ s2:1â1 \/ s3:1â1 \/ s4:3â1 \/ s5:3â1 \/ s6:3â1 \/ s7:1â1, 3â3"",
	""s1:3â1 \/ s2:1â1 \/ s3:1â1 \/ s4:3â1 \/ s5:3â1 \/ s6:3â1 \/ s7:1â1, 3â3"",
	""s1:3â1 \/ s2:1â1 \/ s3:1â1 \/ s4:3â1 \/ s5:3â1 \/ s6:3â1 \/ s7:1â1, 3â3"",
	""s1:3â1 \/ s2:1â1 \/ s3:1â1 \/ s4:3â1 \/ s5:3â1 \/ s6:3â1 \/ s7:1â1, 3â3"",
	""s1:3â1 \/ s2:1â1 \/ s3:1â1 \/ s4:3â1 \/ s5:3â1 \/ s6:3â1 \/ s7:1â1, 3â3"",
	""s1:3â1 \/ s2:1â1 \/ s3:1â1 \/ s4:3â1 \/ s5:3â1 \/ s6:3â1 \/ s7:1â1, 3â3"",
	""s1:3â1 \/ s2:1â1 \/ s3:1â1 \/ s4:3â1 \/ s5:3â1 \/ s6:3â1 \/ s7:1â1, 3â3"",
	""s1:3â1 \/ s2:1â1 \/ s3:1â1 \/ s4:3â1 \/ s5:3â1 \/ s6:3â1 \/ s7:1â1, 3â3"",
	""s1:3â1 \/ s2:1â1 \/ s3:1â1 \/ s4:3â1 \/ s5:3â1 \/ s6:3â1 \/ s7:1â1, 3â3"",
	""s1:3â1 \/ s2:1â1 \/ s3:1â1 \/ s4:3â1 \/ s5:3â1 \/ s6:3â1 \/ s7:1â1, 3â3"",
	""s1:3â1 \/ s2:1â1 \/ s3:1â1 \/ s4:3â1 \/ s5:3â1 \/ s6:3â1 \/ s7:1â1, 3â3"",
	""s1:3â1 \/ s2:1â1 \/ s3:1â1 \/ s4:3â1 \/ s5:3â1 \/ s6:3â1 \/ s7:1â1, 3â3"",
	""s1:3â1 \/ s2:1â1 \/ s3:1â1 \/ s4:3â1 \/ s5:3â1 \/ s6:3â1 \/ s7:1â1, 3â3"",
	""s1:3â1 \/ s2:1â1 \/ s3:1â1 \/ s4:3â1 \/ s5:3â1 \/ s6:3â1 \/ s7:1â1, 3â3"",
	""s1:3â1 \/ s2:1â1 \/ s3:1â1 \/ s4:3â1 \/ s5:3â1 \/ s6:3â1 \/ s7:1â1, 3â3"",
	""s1:3â1 \/ s2:1â1 \/ s3:1â1 \/ s4:3â1 \/ s5:3â1 \/ s6:3â1 \/ s7:1â1, 3â4"",
	""s1:3â1 \/ s2:1â1 \/ s3:1â1 \/ s4:3â1 \/ s5:3â1 \/ s6:3â1 \/ s7:1â1, 3â4"",
	""s1:3â1 \/ s2:1â1 \/ s3:1â1 \/ s4:3â1 \/ s5:3â1 \/ s6:3â1 \/ s7:1â1, 3â4"",
	""s1:3â1 \/ s2:1â1 \/ s3:1â1 \/ s4:3â1 \/ s5:3â1 \/ s6:3â1 \/ s7:1â1, 3â4"",
	""s1:3â1 \/ s2:1â1 \/ s3:1â1 \/ s4:3â1 \/ s5:3â1 \/ s6:3â1 \/ s7:1â1, 3â4"",
	""s1:3â1 \/ s2:1â1 \/ s3:1â1 \/ s4:3â1 \/ s5:3â1 \/ s6:3â1 \/ s7:1â1, 3â4"",
	""s1:3â1 \/ s2:1â1 \/ s3:1â1 \/ s4:3â1 \/ s5:3â1 \/ s6:3â1 \/ s7:1â1, 3â4"",
	""s1:3â1 \/ s2:1â1 \/ s3:1â1 \/ s4:3â1 \/ s5:3â1 \/ s6:3â1 \/ s7:1â1, 3â4"",
	""s1:3â1 \/ s2:1â1 \/ s3:1â1 \/ s4:3â1 \/ s5:3â1 \/ s6:3â1 \/ s7:1â1, 3â4"",
	""s1:3â1 \/ s2:1â1 \/ s3:1â1 \/ s4:3â1 \/ s5:3â1 \/ s6:3â1 \/ s7:1â1, 3â4"",
	""s1:3â1 \/ s2:1â1 \/ s3:1â1 \/ s4:3â1 \/ s5:3â1 \/ s6:3â1 \/ s7:1â1, 3â4"",
	""s1:3â1 \/ s2:1â1 \/ s3:1â1 \/ s4:3â1 \/ s5:3â1 \/ s6:3â1 \/ s7:1â1, 3â4"",
	""s1:3â1 \/ s2:1â1 \/ s3:1â1 \/ s4:3â1 \/ s5:3â1 \/ s6:3â1 \/ s7:1â1, 3â4"",
	""s1:3â1 \/ s2:1â1 \/ s3:1â1 \/ s4:3â1 \/ s5:3â1 \/ s6:3â1 \/ s7:1â1, 3â4"",
	""s1:3â1 \/ s2:1â1 \/ s3:1â1 \/ s4:3â1 \/ s5:3â1 \/ s6:3â1 \/ s7:1â1, 3â4"",
	""s1:3â1 \/ s2:1â1 \/ s3:1â1 \/ s4:3â1 \/ s5:3â1 \/ s6:3â1 \/ s7:1â1, 3â4"",
	""s1:3â1 \/ s2:1â1 \/ s3:1â1 \/ s4:3â1 \/ s5:3â1 \/ s6:3â1 \/ s7:1â1, 3â4"",
	""s1:3â1 \/ s2:1â1 \/ s3:1â1 \/ s4:3â1 \/ s5:3â1 \/ s6:3â1 \/ s7:1â1, 3â4"",
	""s1:3â1 \/ s2:1â1 \/ s3:1â1 \/ s4:3â1 \/ s5:3â1 \/ s6:3â1 \/ s7:1â1, 3â4"",
	""s1:3â1 \/ s2:1â1 \/ s3:1â1 \/ s4:3â1 \/ s5:3â1 \/ s6:3â1 \/ s7:1â1, 3â4"",
	""s1:3â1 \/ s2:1â1 \/ s3:1â1 \/ s4:3â1 \/ s5:3â1 \/ s6:3â1 \/ s7:1â1, 3â4"",
	""s1:3â1 \/ s2:1â1 \/ s3:1â1 \/ s4:3â1 \/ s5:3â1 \/ s6:3â1 \/ s7:1â1, 3â4"",
	""s1:3â1 \/ s2:1â1 \/ s3:1â1 \/ s4:3â1 \/ s5:3â1 \/ s6:3â1 \/ s7:1â1, 3â4"",
	""s1:3â1 \/ s2:1â1 \/ s3:1â1 \/ s4:3â1 \/ s5:3â1 \/ s6:3â1 \/ s7:1â1, 3â4"",
	""s1:3â1 \/ s2:1â1 \/ s3:1â1 \/ s4:3â1 \/ s5:3â1 \/ s6:3â1 \/ s7:1â2, 3â2"",
	""s1:3â1 \/ s2:1â1 \/ s3:1â1 \/ s4:3â1 \/ s5:3â1 \/ s6:3â1 \/ s7:1â2, 3â2"",
	""s1:3â1 \/ s2:1â1 \/ s3:1â1 \/ s4:3â1 \/ s5:3â1 \/ s6:3â1 \/ s7:1â2, 3â2"",
	""s1:3â1 \/ s2:1â1 \/ s3:1â1 \/ s4:3â1 \/ s5:3â1 \/ s6:3â1 \/ s7:1â2, 3â2"",
	""s1:3â1 \/ s2:1â1 \/ s3:1â1 \/ s4:3â1 \/ s5:3â1 \/ s6:3â1 \/ s7:1â2, 3â2"",
	""s1:3â1 \/ s2:1â1 \/ s3:1â1 \/ s4:3â1 \/ s5:3â1 \/ s6:3â1 \/ s7:1â2, 3â2"",
	""s1:3â1 \/ s2:1â1 \/ s3:1â1 \/ s4:3â1 \/ s5:3â1 \/ s6:3â1 \/ s7:1â2, 3â3"",
	""s1:3â1 \/ s2:1â1 \/ s3:1â1 \/ s4:3â1 \/ s5:3â1 \/ s6:3â1 \/ s7:1â2, 3â3"",
	""s1:3â1 \/ s2:1â1 \/ s3:1â1 \/ s4:3â1 \/ s5:3â1 \/ s6:3â1 \/ s7:1â2, 3â3"",
	""s1:3â1 \/ s2:1â1 \/ s3:1â1 \/ s4:3â1 \/ s5:3â1 \/ s6:3â1 \/ s7:1â2, 3â3"",
	""s1:3â1 \/ s2:1â1 \/ s3:1â1 \/ s4:3â1 \/ s5:3â1 \/ s6:3â1 \/ s7:1â2, 3â3"",
	""s1:3â1 \/ s2:1â1 \/ s3:1â1 \/ s4:3â1 \/ s5:3â1 \/ s6:3â1 \/ s7:1â2, 3â3"",
	""s1:3â1 \/ s2:1â1 \/ s3:1â1 \/ s4:3â1 \/ s5:3â1 \/ s6:3â1 \/ s7:3â1"",
	""s1:3â1 \/ s2:1â1 \/ s3:1â1 \/ s4:3â1 \/ s5:3â1 \/ s6:3â1 \/ s7:3â1"",
	""s1:3â1 \/ s2:1â1 \/ s3:1â1 \/ s4:3â1 \/ s5:3â1 \/ s6:3â1 \/ s7:3â1"",
	""s1:3â1 \/ s2:1â1 \/ s3:1â1 \/ s4:3â1 \/ s5:3â1 \/ s6:3â1 \/ s7:3â1"",
	""s1:3â1 \/ s2:1â1 \/ s3:1â1 \/ s4:3â1 \/ s5:3â1 \/ s6:3â1 \/ s7:3â1"",
	""s1:3â1 \/ s2:1â1 \/ s3:1â1 \/ s4:3â1 \/ s5:3â1 \/ s6:3â1 \/ s7:3â1"",
	""s1:3â1 \/ s2:1â1 \/ s3:1â1 \/ s4:3â1 \/ s5:3â1 \/ s6:3â1 \/ s7:3â1"",
	""s1:3â1 \/ s2:1â1 \/ s3:1â1 \/ s4:3â1 \/ s5:3â1 \/ s6:3â1 \/ s7:3â1"",
	""s1:3â1 \/ s2:1â1 \/ s3:1â1 \/ s4:3â1 \/ s5:3â1 \/ s6:3â1 \/ s7:3â1"",
	""s1:3â1 \/ s2:1â1 \/ s3:1â1 \/ s4:3â1 \/ s5:3â1 \/ s6:3â1 \/ s7:3â1"",
	""s1:3â1 \/ s2:1â1 \/ s3:1â1 \/ s4:3â1 \/ s5:3â1 \/ s6:3â1 \/ s7:3â1"",
	""s1:3â1 \/ s2:1â1 \/ s3:1â1 \/ s4:3â1 \/ s5:3â1 \/ s6:3â1 \/ s7:3â1"",
	""s1:3â1 \/ s2:1â1 \/ s3:1â1 \/ s4:3â1 \/ s5:3â1 \/ s6:3â1 \/ s7:3â1"",
	""s1:3â1 \/ s2:1â1 \/ s3:1â1 \/ s4:3â1 \/ s5:3â1 \/ s6:3â1 \/ s7:3â1"",
	""s1:3â1 \/ s2:1â1 \/ s3:1â1 \/ s4:3â1 \/ s5:3â1 \/ s6:3â1 \/ s7:3â1"",
	""s1:3â1 \/ s2:1â1 \/ s3:1â1 \/ s4:3â1 \/ s5:3â1 \/ s6:3â1 \/ s7:3â1"",
	""s1:3â1 \/ s2:1â1 \/ s3:1â1 \/ s4:3â1 \/ s5:3â1 \/ s6:3â1 \/ s7:3â1"",
	""s1:3â1 \/ s2:1â1 \/ s3:1â1 \/ s4:3â1 \/ s5:3â1 \/ s6:3â1 \/ s7:3â1"",
	""s1:3â1 \/ s2:1â1 \/ s3:1â1 \/ s4:3â1 \/ s5:3â1 \/ s6:3â1 \/ s7:3â1"",
	""s1:3â1 \/ s2:1â1 \/ s3:1â1 \/ s4:3â1 \/ s5:3â1 \/ s6:3â1 \/ s7:3â1"",
	""s1:3â1 \/ s2:1â1 \/ s3:1â1 \/ s4:3â1 \/ s5:3â1 \/ s6:3â1 \/ s7:3â1"",
	""s1:3â1 \/ s2:1â1 \/ s3:1â1 \/ s4:3â1 \/ s5:3â1 \/ s6:3â1 \/ s7:3â1"",
	""s1:3â1 \/ s2:1â1 \/ s3:1â1 \/ s4:3â1 \/ s5:3â1 \/ s6:3â1 \/ s7:3â1"",
	""s1:3â1 \/ s2:1â1 \/ s3:1â1 \/ s4:3â1 \/ s5:3â1 \/ s6:3â1 \/ s7:3â1"",
	""s1:3â1 \/ s2:1â1 \/ s3:1â1 \/ s4:3â1 \/ s5:3â1 \/ s6:3â2 \/ s7:1â1, 3â2"",
	""s1:3â1 \/ s2:1â1 \/ s3:1â1 \/ s4:3â1 \/ s5:3â1 \/ s6:3â2 \/ s7:1â1, 3â2"",
	""s1:3â1 \/ s2:1â1 \/ s3:1â1 \/ s4:3â1 \/ s5:3â1 \/ s6:3â2 \/ s7:1â1, 3â2"",
	""s1:3â1 \/ s2:1â1 \/ s3:1â1 \/ s4:3â1 \/ s5:3â1 \/ s6:3â2 \/ s7:1â1, 3â2"",
	""s1:3â1 \/ s2:1â1 \/ s3:1â1 \/ s4:3â1 \/ s5:3â1 \/ s6:3â2 \/ s7:1â1, 3â2"",
	""s1:3â1 \/ s2:1â1 \/ s3:1â1 \/ s4:3â1 \/ s5:3â1 \/ s6:3â2 \/ s7:1â1, 3â2"",
	""s1:3â1 \/ s2:3â1 \/ s3:1â1 \/ s4:1â1 \/ s5:1â1 \/ s6:1â1, 3â1 \/ s7:1â1, 3â1"",
	""s1:3â1 \/ s2:3â1 \/ s3:1â1 \/ s4:1â1 \/ s5:1â1 \/ s6:1â1, 3â1 \/ s7:1â1, 3â1"",
	""s1:3â1 \/ s2:3â1 \/ s3:1â1 \/ s4:1â1 \/ s5:1â1 \/ s6:1â1, 3â1 \/ s7:1â2, 3â1"",
	""s1:3â1 \/ s2:3â1 \/ s3:1â1 \/ s4:1â1 \/ s5:1â1 \/ s6:1â1, 3â1 \/ s7:1â2, 3â1"",
	""s1:3â1 \/ s2:3â1 \/ s3:1â1 \/ s4:1â1 \/ s5:1â1 \/ s6:1â1, 3â1 \/ s7:1â2, 3â1"",
	""s1:3â1 \/ s2:3â1 \/ s3:1â1 \/ s4:1â1 \/ s5:1â1 \/ s6:1â1, 3â1 \/ s7:1â2, 3â1"",
	""s1:3â1 \/ s2:3â1 \/ s3:1â1 \/ s4:1â1 \/ s5:1â1 \/ s6:1â1, 3â1 \/ s7:1â2, 3â1"",
	""s1:3â1 \/ s2:3â1 \/ s3:1â1 \/ s4:1â1 \/ s5:1â1 \/ s6:1â1, 3â1 \/ s7:1â2, 3â1"",
	""s1:3â1 \/ s2:3â1 \/ s3:1â1 \/ s4:1â1 \/ s5:1â1 \/ s6:1â1 \/ s7:1â1"",
	""s1:3â1 \/ s2:3â1 \/ s3:1â1 \/ s4:1â1 \/ s5:1â1 \/ s6:1â1 \/ s7:1â1"",
	""s1:3â1 \/ s2:3â1 \/ s3:1â1 \/ s4:1â1 \/ s5:1â1 \/ s6:1â1 \/ s7:1â1"",
	""s1:3â1 \/ s2:3â1 \/ s3:1â1 \/ s4:1â1 \/ s5:1â1 \/ s6:1â1 \/ s7:1â1"",
	""s1:3â1 \/ s2:3â1 \/ s3:1â1 \/ s4:1â1 \/ s5:1â1 \/ s6:1â1 \/ s7:1â1"",
	""s1:3â1 \/ s2:3â1 \/ s3:1â1 \/ s4:1â1 \/ s5:1â1 \/ s6:1â1 \/ s7:1â1"",
	""s1:3â1 \/ s2:3â1 \/ s3:1â1 \/ s4:1â1 \/ s5:1â1 \/ s6:1â1 \/ s7:1â1"",
	""s1:3â1 \/ s2:3â1 \/ s3:1â1 \/ s4:1â1 \/ s5:1â1 \/ s6:1â1 \/ s7:1â1"",
	""s1:3â1 \/ s2:3â1 \/ s3:1â1 \/ s4:1â1 \/ s5:1â1 \/ s6:1â1 \/ s7:1â1"",
	""s1:3â1 \/ s2:3â1 \/ s3:1â1 \/ s4:1â1 \/ s5:1â1 \/ s6:1â1 \/ s7:1â1"",
	""s1:3â1 \/ s2:3â1 \/ s3:1â1 \/ s4:1â1 \/ s5:1â1 \/ s6:1â1 \/ s7:1â1"",
	""s1:3â1 \/ s2:3â1 \/ s3:1â1 \/ s4:1â1 \/ s5:1â1 \/ s6:1â1 \/ s7:1â1"",
	""s1:3â1 \/ s2:3â1 \/ s3:1â1 \/ s4:1â1 \/ s5:1â1 \/ s6:1â1 \/ s7:1â1"",
	""s1:3â1 \/ s2:3â1 \/ s3:1â1 \/ s4:1â1 \/ s5:1â1 \/ s6:1â1 \/ s7:1â1"",
	""s1:3â1 \/ s2:3â1 \/ s3:1â1 \/ s4:1â1 \/ s5:1â1 \/ s6:1â1 \/ s7:1â1"",
	""s1:3â1 \/ s2:3â1 \/ s3:1â1 \/ s4:1â1 \/ s5:1â1 \/ s6:1â1 \/ s7:1â1"",
	""s1:3â1 \/ s2:3â1 \/ s3:1â1 \/ s4:1â1 \/ s5:1â1 \/ s6:1â1 \/ s7:1â1"",
	""s1:3â1 \/ s2:3â1 \/ s3:1â1 \/ s4:1â1 \/ s5:1â1 \/ s6:1â1 \/ s7:1â1"",
	""s1:3â1 \/ s2:3â1 \/ s3:1â1 \/ s4:1â1 \/ s5:1â1 \/ s6:1â1 \/ s7:1â1"",
	""s1:3â1 \/ s2:3â1 \/ s3:1â1 \/ s4:1â1 \/ s5:1â1 \/ s6:1â1 \/ s7:1â1"",
	""s1:3â1 \/ s2:3â1 \/ s3:1â1 \/ s4:1â1 \/ s5:1â1 \/ s6:1â1 \/ s7:1â1"",
	""s1:3â1 \/ s2:3â1 \/ s3:1â1 \/ s4:1â1 \/ s5:1â1 \/ s6:1â1 \/ s7:1â1"",
	""s1:3â1 \/ s2:3â1 \/ s3:1â1 \/ s4:1â1 \/ s5:1â1 \/ s6:1â1 \/ s7:1â1"",
	""s1:3â1 \/ s2:3â1 \/ s3:1â1 \/ s4:1â1 \/ s5:1â1 \/ s6:1â1 \/ s7:1â1"",
	""s1:3â1 \/ s2:3â1 \/ s3:1â1 \/ s4:1â1 \/ s5:1â1 \/ s6:1â1 \/ s7:1â1, 3â1"",
	""s1:3â1 \/ s2:3â1 \/ s3:1â1 \/ s4:1â1 \/ s5:1â1 \/ s6:1â1 \/ s7:1â1, 3â1"",
	""s1:3â1 \/ s2:3â1 \/ s3:1â1 \/ s4:1â1 \/ s5:1â1 \/ s6:1â1 \/ s7:1â1, 3â1"",
	""s1:3â1 \/ s2:3â1 \/ s3:1â1 \/ s4:1â1 \/ s5:1â1 \/ s6:1â1 \/ s7:1â1, 3â1"",
	""s1:3â1 \/ s2:3â1 \/ s3:1â1 \/ s4:1â1 \/ s5:1â1 \/ s6:1â1 \/ s7:1â1, 3â1"",
	""s1:3â1 \/ s2:3â1 \/ s3:1â1 \/ s4:1â1 \/ s5:1â1 \/ s6:1â1 \/ s7:1â1, 3â1"",
	""s1:3â1 \/ s2:3â1 \/ s3:1â1 \/ s4:1â1 \/ s5:1â1 \/ s6:1â1 \/ s7:1â1, 3â1"",
	""s1:3â1 \/ s2:3â1 \/ s3:1â1 \/ s4:1â1 \/ s5:1â1 \/ s6:1â1 \/ s7:1â1, 3â1"",
	""s1:3â1 \/ s2:3â1 \/ s3:1â1 \/ s4:1â1 \/ s5:1â1 \/ s6:1â1 \/ s7:1â1, 3â1"",
	""s1:3â1 \/ s2:3â1 \/ s3:1â1 \/ s4:1â1 \/ s5:1â1 \/ s6:1â1 \/ s7:1â1, 3â1"",
	""s1:3â1 \/ s2:3â1 \/ s3:1â1 \/ s4:1â1 \/ s5:1â1 \/ s6:1â1 \/ s7:1â1, 3â1"",
	""s1:3â1 \/ s2:3â1 \/ s3:1â1 \/ s4:1â1 \/ s5:1â1 \/ s6:1â1 \/ s7:1â1, 3â1"",
	""s1:3â1 \/ s2:3â1 \/ s3:1â1 \/ s4:1â1 \/ s5:1â1 \/ s6:1â1 \/ s7:1â2, 3â1"",
	""s1:3â1 \/ s2:3â1 \/ s3:1â1 \/ s4:1â1 \/ s5:1â1 \/ s6:1â1 \/ s7:1â2, 3â1"",
	""s1:3â1 \/ s2:3â1 \/ s3:1â1 \/ s4:1â1 \/ s5:1â1 \/ s6:1â1 \/ s7:1â2, 3â1"",
	""s1:3â1 \/ s2:3â1 \/ s3:1â1 \/ s4:1â1 \/ s5:1â1 \/ s6:1â1 \/ s7:1â2, 3â1"",
	""s1:3â1 \/ s2:3â1 \/ s3:1â1 \/ s4:1â1 \/ s5:1â1 \/ s6:1â1 \/ s7:1â2, 3â1"",
	""s1:3â1 \/ s2:3â1 \/ s3:1â1 \/ s4:1â1 \/ s5:1â1 \/ s6:1â1 \/ s7:1â2, 3â1"",
	""s1:3â1 \/ s2:3â1 \/ s3:1â1 \/ s4:1â1 \/ s5:1â1 \/ s6:1â1 \/ s7:1â2, 3â1"",
	""s1:3â1 \/ s2:3â1 \/ s3:1â1 \/ s4:1â1 \/ s5:1â1 \/ s6:1â1 \/ s7:1â2, 3â1"",
	""s1:3â1 \/ s2:3â1 \/ s3:1â1 \/ s4:1â1 \/ s5:1â1 \/ s6:1â1 \/ s7:1â2, 3â1"",
	""s1:3â1 \/ s2:3â1 \/ s3:1â1 \/ s4:1â1 \/ s5:1â1 \/ s6:1â1 \/ s7:1â2, 3â1"",
	""s1:3â1 \/ s2:3â1 \/ s3:1â1 \/ s4:1â1 \/ s5:1â1 \/ s6:1â1 \/ s7:1â2, 3â1"",
	""s1:3â1 \/ s2:3â1 \/ s3:1â1 \/ s4:1â1 \/ s5:1â1 \/ s6:1â1 \/ s7:1â2, 3â1"",
	""s1:3â1 \/ s2:3â1 \/ s3:1â1 \/ s4:1â1 \/ s5:1â1 \/ s6:1â1 \/ s7:1â2, 3â1"",
	""s1:3â1 \/ s2:3â1 \/ s3:1â1 \/ s4:1â1 \/ s5:1â1 \/ s6:1â1 \/ s7:1â2, 3â1"",
	""s1:3â1 \/ s2:3â1 \/ s3:1â1 \/ s4:1â1 \/ s5:1â1 \/ s6:1â1 \/ s7:1â2, 3â1"",
	""s1:3â1 \/ s2:3â1 \/ s3:1â1 \/ s4:1â1 \/ s5:1â1 \/ s6:1â1 \/ s7:1â2, 3â1"",
	""s1:3â1 \/ s2:3â1 \/ s3:1â1 \/ s4:1â1 \/ s5:1â1 \/ s6:1â1 \/ s7:1â2, 3â1"",
	""s1:3â1 \/ s2:3â1 \/ s3:1â1 \/ s4:1â1 \/ s5:1â1 \/ s6:1â1 \/ s7:1â2, 3â1"",
	""s1:3â1 \/ s2:3â1 \/ s3:1â1 \/ s4:1â1 \/ s5:1â1 \/ s6:1â1 \/ s7:1â2, 3â1"",
	""s1:3â1 \/ s2:3â1 \/ s3:1â1 \/ s4:1â1 \/ s5:1â1 \/ s6:1â1 \/ s7:1â2, 3â1"",
	""s1:3â1 \/ s2:3â1 \/ s3:1â1 \/ s4:1â1 \/ s5:1â1 \/ s6:1â1 \/ s7:1â2, 3â1"",
	""s1:3â1 \/ s2:3â1 \/ s3:1â1 \/ s4:1â1 \/ s5:1â1 \/ s6:1â1 \/ s7:1â2, 3â1"",
	""s1:3â1 \/ s2:3â1 \/ s3:1â1 \/ s4:1â1 \/ s5:1â1 \/ s6:1â1 \/ s7:1â2, 3â1"",
	""s1:3â1 \/ s2:3â1 \/ s3:1â1 \/ s4:1â1 \/ s5:1â1 \/ s6:1â1 \/ s7:1â2, 3â1"",
	""s1:3â1 \/ s2:3â1 \/ s3:1â1 \/ s4:1â1 \/ s5:1â1 \/ s6:1â1 \/ s7:1â2, 3â2"",
	""s1:3â1 \/ s2:3â1 \/ s3:1â1 \/ s4:1â1 \/ s5:1â1 \/ s6:1â1 \/ s7:1â2, 3â2"",
	""s1:3â1 \/ s2:3â1 \/ s3:1â1 \/ s4:1â1 \/ s5:1â1 \/ s6:1â1 \/ s7:1â2, 3â2"",
	""s1:3â1 \/ s2:3â1 \/ s3:1â1 \/ s4:1â1 \/ s5:1â1 \/ s6:1â1 \/ s7:1â2, 3â2"",
	""s1:3â1 \/ s2:3â1 \/ s3:1â1 \/ s4:1â1 \/ s5:1â1 \/ s6:1â1 \/ s7:1â2, 3â2"",
	""s1:3â1 \/ s2:3â1 \/ s3:1â1 \/ s4:1â1 \/ s5:1â1 \/ s6:1â1 \/ s7:1â2, 3â2"",
	""s1:3â1 \/ s2:3â1 \/ s3:1â1 \/ s4:1â1 \/ s5:1â1 \/ s6:1â1 \/ s7:1â3, 3â1"",
	""s1:3â1 \/ s2:3â1 \/ s3:1â1 \/ s4:1â1 \/ s5:1â1 \/ s6:1â1 \/ s7:1â3, 3â1"",
	""s1:3â1 \/ s2:3â1 \/ s3:1â1 \/ s4:1â1 \/ s5:1â1 \/ s6:1â1 \/ s7:1â3, 3â1"",
	""s1:3â1 \/ s2:3â1 \/ s3:1â1 \/ s4:1â1 \/ s5:1â1 \/ s6:1â1 \/ s7:1â3, 3â1"",
	""s1:3â1 \/ s2:3â1 \/ s3:1â1 \/ s4:1â1 \/ s5:1â1 \/ s6:1â1 \/ s7:1â3, 3â1"",
	""s1:3â1 \/ s2:3â1 \/ s3:1â1 \/ s4:1â1 \/ s5:1â1 \/ s6:1â1 \/ s7:1â3, 3â1"",
	""s1:3â1 \/ s2:3â1 \/ s3:1â1 \/ s4:1â1 \/ s5:1â1 \/ s6:1â1 \/ s7:1â3, 3â1"",
	""s1:3â1 \/ s2:3â1 \/ s3:1â1 \/ s4:1â1 \/ s5:1â1 \/ s6:1â1 \/ s7:1â3, 3â1"",
	""s1:3â1 \/ s2:3â1 \/ s3:1â1 \/ s4:1â1 \/ s5:1â1 \/ s6:1â1 \/ s7:1â3, 3â1"",
	""s1:3â1 \/ s2:3â1 \/ s3:1â1 \/ s4:1â1 \/ s5:1â1 \/ s6:1â1 \/ s7:1â3, 3â1"",
	""s1:3â1 \/ s2:3â1 \/ s3:1â1 \/ s4:1â1 \/ s5:1â1 \/ s6:1â1 \/ s7:1â3, 3â1"",
	""s1:3â1 \/ s2:3â1 \/ s3:1â1 \/ s4:1â1 \/ s5:1â1 \/ s6:1â1 \/ s7:1â3, 3â1"",
	""s1:3â1 \/ s2:3â1 \/ s3:1â1 \/ s4:1â1 \/ s5:1â1 \/ s6:1â1 \/ s7:1â3, 3â1"",
	""s1:3â1 \/ s2:3â1 \/ s3:1â1 \/ s4:1â1 \/ s5:1â1 \/ s6:1â1 \/ s7:1â3, 3â1"",
	""s1:3â1 \/ s2:3â1 \/ s3:1â1 \/ s4:1â1 \/ s5:1â1 \/ s6:1â1 \/ s7:1â3, 3â1"",
	""s1:3â1 \/ s2:3â1 \/ s3:1â1 \/ s4:1â1 \/ s5:1â1 \/ s6:1â1 \/ s7:1â3, 3â1"",
	""s1:3â1 \/ s2:3â1 \/ s3:1â1 \/ s4:1â1 \/ s5:1â1 \/ s6:1â1 \/ s7:1â3, 3â1"",
	""s1:3â1 \/ s2:3â1 \/ s3:1â1 \/ s4:1â1 \/ s5:1â1 \/ s6:1â1 \/ s7:1â3, 3â1"",
	""s1:3â1 \/ s2:3â1 \/ s3:1â1 \/ s4:1â1 \/ s5:1â1 \/ s6:1â1 \/ s7:1â3, 3â1"",
	""s1:3â1 \/ s2:3â1 \/ s3:1â1 \/ s4:1â1 \/ s5:1â1 \/ s6:1â1 \/ s7:1â3, 3â1"",
	""s1:3â1 \/ s2:3â1 \/ s3:1â1 \/ s4:1â1 \/ s5:1â1 \/ s6:1â1 \/ s7:1â3, 3â1"",
	""s1:3â1 \/ s2:3â1 \/ s3:1â1 \/ s4:1â1 \/ s5:1â1 \/ s6:1â1 \/ s7:1â3, 3â1"",
	""s1:3â1 \/ s2:3â1 \/ s3:1â1 \/ s4:1â1 \/ s5:1â1 \/ s6:1â1 \/ s7:1â3, 3â1"",
	""s1:3â1 \/ s2:3â1 \/ s3:1â1 \/ s4:1â1 \/ s5:1â1 \/ s6:1â1 \/ s7:1â3, 3â1"",
	""s1:3â1 \/ s2:3â1 \/ s3:1â1 \/ s4:1â1 \/ s5:1â1 \/ s6:1â1 \/ s7:1â3, 3â2"",
	""s1:3â1 \/ s2:3â1 \/ s3:1â1 \/ s4:1â1 \/ s5:1â1 \/ s6:1â1 \/ s7:1â3, 3â2"",
	""s1:3â1 \/ s2:3â1 \/ s3:1â1 \/ s4:1â1 \/ s5:1â1 \/ s6:1â1 \/ s7:1â3, 3â2"",
	""s1:3â1 \/ s2:3â1 \/ s3:1â1 \/ s4:1â1 \/ s5:1â1 \/ s6:1â1 \/ s7:1â3, 3â2"",
	""s1:3â1 \/ s2:3â1 \/ s3:1â1 \/ s4:1â1 \/ s5:1â1 \/ s6:1â1 \/ s7:1â3, 3â2"",
	""s1:3â1 \/ s2:3â1 \/ s3:1â1 \/ s4:1â1 \/ s5:1â1 \/ s6:1â1 \/ s7:1â3, 3â2"",
	""s1:3â1 \/ s2:3â1 \/ s3:1â1 \/ s4:1â1 \/ s5:1â1 \/ s6:1â1 \/ s7:1â4, 3â1"",
	""s1:3â1 \/ s2:3â1 \/ s3:1â1 \/ s4:1â1 \/ s5:1â1 \/ s6:1â1 \/ s7:1â4, 3â1"",
	""s1:3â1 \/ s2:3â1 \/ s3:1â1 \/ s4:1â1 \/ s5:1â1 \/ s6:1â1 \/ s7:1â4, 3â1"",
	""s1:3â1 \/ s2:3â1 \/ s3:1â1 \/ s4:1â1 \/ s5:1â1 \/ s6:1â1 \/ s7:1â4, 3â1"",
	""s1:3â1 \/ s2:3â1 \/ s3:1â1 \/ s4:1â1 \/ s5:1â1 \/ s6:1â1 \/ s7:1â4, 3â1"",
	""s1:3â1 \/ s2:3â1 \/ s3:1â1 \/ s4:1â1 \/ s5:1â1 \/ s6:1â1 \/ s7:1â4, 3â1"",
	""s1:3â1 \/ s2:3â1 \/ s3:1â1 \/ s4:1â1 \/ s5:1â1 \/ s6:1â1 \/ s7:1â4, 3â1"",
	""s1:3â1 \/ s2:3â1 \/ s3:1â1 \/ s4:1â1 \/ s5:1â1 \/ s6:1â1 \/ s7:1â4, 3â1"",
	""s1:3â1 \/ s2:3â1 \/ s3:1â1 \/ s4:1â1 \/ s5:1â1 \/ s6:1â1 \/ s7:1â4, 3â1"",
	""s1:3â1 \/ s2:3â1 \/ s3:1â1 \/ s4:1â1 \/ s5:1â1 \/ s6:1â1 \/ s7:1â4, 3â1"",
	""s1:3â1 \/ s2:3â1 \/ s3:1â1 \/ s4:1â1 \/ s5:1â1 \/ s6:1â1 \/ s7:1â4, 3â1"",
	""s1:3â1 \/ s2:3â1 \/ s3:1â1 \/ s4:1â1 \/ s5:1â1 \/ s6:1â1 \/ s7:1â4, 3â1"",
	""s1:3â1 \/ s2:3â1 \/ s3:1â1 \/ s4:1â1 \/ s5:1â1 \/ s6:1â1 \/ s7:1â4, 3â1"",
	""s1:3â1 \/ s2:3â1 \/ s3:1â1 \/ s4:1â1 \/ s5:1â1 \/ s6:1â1 \/ s7:1â4, 3â1"",
	""s1:3â1 \/ s2:3â1 \/ s3:1â1 \/ s4:1â1 \/ s5:1â1 \/ s6:1â1 \/ s7:1â4, 3â1"",
	""s1:3â1 \/ s2:3â1 \/ s3:1â1 \/ s4:1â1 \/ s5:1â1 \/ s6:1â1 \/ s7:1â4, 3â1"",
	""s1:3â1 \/ s2:3â1 \/ s3:1â1 \/ s4:1â1 \/ s5:1â1 \/ s6:1â1 \/ s7:1â4, 3â1"",
	""s1:3â1 \/ s2:3â1 \/ s3:1â1 \/ s4:1â1 \/ s5:1â1 \/ s6:1â1 \/ s7:1â4, 3â1"",
	""s1:3â1 \/ s2:3â1 \/ s3:1â1 \/ s4:1â1 \/ s5:1â1 \/ s6:1â1 \/ s7:1â4, 3â1"",
	""s1:3â1 \/ s2:3â1 \/ s3:1â1 \/ s4:1â1 \/ s5:1â1 \/ s6:1â1 \/ s7:1â4, 3â1"",
	""s1:3â1 \/ s2:3â1 \/ s3:1â1 \/ s4:1â1 \/ s5:1â1 \/ s6:1â1 \/ s7:1â4, 3â1"",
	""s1:3â1 \/ s2:3â1 \/ s3:1â1 \/ s4:1â1 \/ s5:1â1 \/ s6:1â1 \/ s7:1â4, 3â1"",
	""s1:3â1 \/ s2:3â1 \/ s3:1â1 \/ s4:1â1 \/ s5:1â1 \/ s6:1â1 \/ s7:1â4, 3â1"",
	""s1:3â1 \/ s2:3â1 \/ s3:1â1 \/ s4:1â1 \/ s5:1â1 \/ s6:1â1 \/ s7:1â4, 3â1"",
	""s1:3â1 \/ s2:3â1 \/ s3:1â1 \/ s4:1â1 \/ s5:1â1 \/ s6:1â2 \/ s7:1â2, 3â1"",
	""s1:3â1 \/ s2:3â1 \/ s3:1â1 \/ s4:1â1 \/ s5:1â1 \/ s6:1â2 \/ s7:1â2, 3â1"",
	""s1:3â1 \/ s2:3â1 \/ s3:1â1 \/ s4:1â1 \/ s5:1â1 \/ s6:1â2 \/ s7:1â2, 3â1"",
	""s1:3â1 \/ s2:3â1 \/ s3:1â1 \/ s4:1â1 \/ s5:1â1 \/ s6:1â2 \/ s7:1â2, 3â1"",
	""s1:3â1 \/ s2:3â1 \/ s3:1â1 \/ s4:1â1 \/ s5:1â1 \/ s6:1â2 \/ s7:1â2, 3â1"",
	""s1:3â1 \/ s2:3â1 \/ s3:1â1 \/ s4:1â1 \/ s5:1â1 \/ s6:1â2 \/ s7:1â2, 3â1"",
	""s1:3â1 \/ s2:3â1 \/ s3:1â1 \/ s4:3â1 \/ s5:1â1 \/ s6:1â1 \/ s7:1â1, 3â1"",
	""s1:3â1 \/ s2:3â1 \/ s3:1â1 \/ s4:3â1 \/ s5:1â1 \/ s6:1â1 \/ s7:1â1, 3â1""
]"	"[
	""s4:5â1 \/ s5:6â1 \/ s6:4â1 \/ s7:4â1"",
	""s4:6â1 \/ s5:5â1 \/ s6:4â1 \/ s7:4â1"",
	""s4:4â1 \/ s5:5â1 \/ s6:4â1 \/ s7:6â1"",
	""s4:4â1 \/ s5:6â1 \/ s6:4â1 \/ s7:5â1"",
	""s4:5â1 \/ s5:4â1 \/ s6:4â1 \/ s7:6â1"",
	""s4:5â1 \/ s5:6â1 \/ s6:4â1 \/ s7:4â1"",
	""s4:6â1 \/ s5:4â1 \/ s6:4â1 \/ s7:5â1"",
	""s4:6â1 \/ s5:5â1 \/ s6:4â1 \/ s7:4â1"",
	""s4:5â1 \/ s5:6â1 \/ s6:4â1 \/ s7:4â1"",
	""s4:6â1 \/ s5:5â1 \/ s6:4â1 \/ s7:4â1"",
	""s4:4â1 \/ s5:5â1 \/ s6:6â1 \/ s7:4â1"",
	""s4:4â1 \/ s5:6â1 \/ s6:5â1 \/ s7:4â1"",
	""s4:5â1 \/ s5:4â1 \/ s6:6â1 \/ s7:4â1"",
	""s4:5â1 \/ s5:5â1 \/ s6:6â1 \/ s7:4â1"",
	""s4:5â1 \/ s5:6â1 \/ s6:4â1 \/ s7:4â1"",
	""s4:5â1 \/ s5:6â1 \/ s6:5â1 \/ s7:4â1"",
	""s4:5â1 \/ s5:6â1 \/ s6:6â1 \/ s7:4â1"",
	""s4:6â1 \/ s5:4â1 \/ s6:5â1 \/ s7:4â1"",
	""s4:6â1 \/ s5:5â1 \/ s6:4â1 \/ s7:4â1"",
	""s4:6â1 \/ s5:5â1 \/ s6:5â1 \/ s7:4â1"",
	""s4:6â1 \/ s5:5â1 \/ s6:6â1 \/ s7:4â1"",
	""s4:6â1 \/ s5:6â1 \/ s6:5â1 \/ s7:4â1"",
	""s4:4â1 \/ s5:5â1 \/ s6:6â1 \/ s7:4â1"",
	""s4:4â1 \/ s5:5â1 \/ s6:6â1 \/ s7:5â1"",
	""s4:4â1 \/ s5:5â1 \/ s6:6â1 \/ s7:6â1"",
	""s4:4â1 \/ s5:6â1 \/ s6:5â1 \/ s7:4â1"",
	""s4:4â1 \/ s5:6â1 \/ s6:5â1 \/ s7:5â1"",
	""s4:4â1 \/ s5:6â1 \/ s6:5â1 \/ s7:6â1"",
	""s4:5â1 \/ s5:4â1 \/ s6:6â1 \/ s7:4â1"",
	""s4:5â1 \/ s5:4â1 \/ s6:6â1 \/ s7:5â1"",
	""s4:5â1 \/ s5:4â1 \/ s6:6â1 \/ s7:6â1"",
	""s4:5â1 \/ s5:5â1 \/ s6:6â1 \/ s7:4â1"",
	""s4:5â1 \/ s5:6â1 \/ s6:4â1 \/ s7:4â1"",
	""s4:5â1 \/ s5:6â1 \/ s6:4â1 \/ s7:5â1"",
	""s4:5â1 \/ s5:6â1 \/ s6:4â1 \/ s7:6â1"",
	""s4:5â1 \/ s5:6â1 \/ s6:5â1 \/ s7:4â1"",
	""s4:5â1 \/ s5:6â1 \/ s6:6â1 \/ s7:4â1"",
	""s4:6â1 \/ s5:4â1 \/ s6:5â1 \/ s7:4â1"",
	""s4:6â1 \/ s5:4â1 \/ s6:5â1 \/ s7:5â1"",
	""s4:6â1 \/ s5:4â1 \/ s6:5â1 \/ s7:6â1"",
	""s4:6â1 \/ s5:5â1 \/ s6:4â1 \/ s7:4â1"",
	""s4:6â1 \/ s5:5â1 \/ s6:4â1 \/ s7:5â1"",
	""s4:6â1 \/ s5:5â1 \/ s6:4â1 \/ s7:6â1"",
	""s4:6â1 \/ s5:5â1 \/ s6:5â1 \/ s7:4â1"",
	""s4:6â1 \/ s5:5â1 \/ s6:6â1 \/ s7:4â1"",
	""s4:6â1 \/ s5:6â1 \/ s6:5â1 \/ s7:4â1"",
	""s4:4â1 \/ s5:5â1 \/ s6:5â1 \/ s7:6â1"",
	""s4:4â1 \/ s5:5â1 \/ s6:6â1 \/ s7:5â1"",
	""s4:4â1 \/ s5:5â1 \/ s6:6â1 \/ s7:6â1"",
	""s4:4â1 \/ s5:6â1 \/ s6:5â1 \/ s7:5â1"",
	""s4:4â1 \/ s5:6â1 \/ s6:5â1 \/ s7:6â1"",
	""s4:4â1 \/ s5:6â1 \/ s6:6â1 \/ s7:5â1"",
	""s4:5â1 \/ s5:4â1 \/ s6:5â1 \/ s7:6â1"",
	""s4:5â1 \/ s5:4â1 \/ s6:6â1 \/ s7:5â1"",
	""s4:5â1 \/ s5:4â1 \/ s6:6â1 \/ s7:6â1"",
	""s4:5â1 \/ s5:5â1 \/ s6:4â1 \/ s7:6â1"",
	""s4:5â1 \/ s5:5â1 \/ s6:6â1 \/ s7:4â1"",
	""s4:5â1 \/ s5:6â1 \/ s6:4â1 \/ s7:5â1"",
	""s4:5â1 \/ s5:6â1 \/ s6:4â1 \/ s7:6â1"",
	""s4:5â1 \/ s5:6â1 \/ s6:5â1 \/ s7:4â1"",
	""s4:5â1 \/ s5:6â1 \/ s6:6â1 \/ s7:4â1"",
	""s4:6â1 \/ s5:4â1 \/ s6:5â1 \/ s7:5â1"",
	""s4:6â1 \/ s5:4â1 \/ s6:5â1 \/ s7:6â1"",
	""s4:6â1 \/ s5:4â1 \/ s6:6â1 \/ s7:5â1"",
	""s4:6â1 \/ s5:5â1 \/ s6:4â1 \/ s7:5â1"",
	""s4:6â1 \/ s5:5â1 \/ s6:4â1 \/ s7:6â1"",
	""s4:6â1 \/ s5:5â1 \/ s6:5â1 \/ s7:4â1"",
	""s4:6â1 \/ s5:5â1 \/ s6:6â1 \/ s7:4â1"",
	""s4:6â1 \/ s5:6â1 \/ s6:4â1 \/ s7:5â1"",
	""s4:6â1 \/ s5:6â1 \/ s6:5â1 \/ s7:4â1"",
	""s4:4â1 \/ s5:5â1 \/ s6:5â1 \/ s7:6â1"",
	""s4:4â1 \/ s5:5â1 \/ s6:6â1 \/ s7:5â1"",
	""s4:4â1 \/ s5:5â1 \/ s6:6â1 \/ s7:6â1"",
	""s4:4â1 \/ s5:6â1 \/ s6:5â1 \/ s7:5â1"",
	""s4:4â1 \/ s5:6â1 \/ s6:5â1 \/ s7:6â1"",
	""s4:4â1 \/ s5:6â1 \/ s6:6â1 \/ s7:5â1"",
	""s4:5â1 \/ s5:4â1 \/ s6:5â1 \/ s7:6â1"",
	""s4:5â1 \/ s5:4â1 \/ s6:6â1 \/ s7:5â1"",
	""s4:5â1 \/ s5:4â1 \/ s6:6â1 \/ s7:6â1"",
	""s4:5â1 \/ s5:5â1 \/ s6:4â1 \/ s7:6â1"",
	""s4:5â1 \/ s5:5â1 \/ s6:6â1 \/ s7:4â1"",
	""s4:5â1 \/ s5:6â1 \/ s6:4â1 \/ s7:5â1"",
	""s4:5â1 \/ s5:6â1 \/ s6:4â1 \/ s7:6â1"",
	""s4:5â1 \/ s5:6â1 \/ s6:5â1 \/ s7:4â1"",
	""s4:5â1 \/ s5:6â1 \/ s6:6â1 \/ s7:4â1"",
	""s4:6â1 \/ s5:4â1 \/ s6:5â1 \/ s7:5â1"",
	""s4:6â1 \/ s5:4â1 \/ s6:5â1 \/ s7:6â1"",
	""s4:6â1 \/ s5:4â1 \/ s6:6â1 \/ s7:5â1"",
	""s4:6â1 \/ s5:5â1 \/ s6:4â1 \/ s7:5â1"",
	""s4:6â1 \/ s5:5â1 \/ s6:4â1 \/ s7:6â1"",
	""s4:6â1 \/ s5:5â1 \/ s6:5â1 \/ s7:4â1"",
	""s4:6â1 \/ s5:5â1 \/ s6:6â1 \/ s7:4â1"",
	""s4:6â1 \/ s5:6â1 \/ s6:4â1 \/ s7:5â1"",
	""s4:6â1 \/ s5:6â1 \/ s6:5â1 \/ s7:4â1"",
	""s4:5â1 \/ s5:5â1 \/ s6:6â1 \/ s7:4â1"",
	""s4:5â1 \/ s5:6â1 \/ s6:5â1 \/ s7:4â1"",
	""s4:5â1 \/ s5:6â1 \/ s6:6â1 \/ s7:4â1"",
	""s4:6â1 \/ s5:5â1 \/ s6:5â1 \/ s7:4â1"",
	""s4:6â1 \/ s5:5â1 \/ s6:6â1 \/ s7:4â1"",
	""s4:6â1 \/ s5:6â1 \/ s6:5â1 \/ s7:4â1"",
	""s4:5â1 \/ s5:5â1 \/ s6:6â1 \/ s7:4â1"",
	""s4:5â1 \/ s5:6â1 \/ s6:5â1 \/ s7:4â1"",
	""s4:5â1 \/ s5:6â1 \/ s6:6â1 \/ s7:4â1"",
	""s4:6â1 \/ s5:5â1 \/ s6:5â1 \/ s7:4â1"",
	""s4:6â1 \/ s5:5â1 \/ s6:6â1 \/ s7:4â1"",
	""s4:6â1 \/ s5:6â1 \/ s6:5â1 \/ s7:4â1"",
	""s4:4â1 \/ s5:5â1 \/ s6:5â1 \/ s7:6â1"",
	""s4:4â1 \/ s5:5â1 \/ s6:6â1 \/ s7:5â1"",
	""s4:4â1 \/ s5:5â1 \/ s6:6â1 \/ s7:6â1"",
	""s4:4â1 \/ s5:6â1 \/ s6:5â1 \/ s7:5â1"",
	""s4:4â1 \/ s5:6â1 \/ s6:5â1 \/ s7:6â1"",
	""s4:4â1 \/ s5:6â1 \/ s6:6â1 \/ s7:5â1"",
	""s4:5â1 \/ s5:4â1 \/ s6:5â1 \/ s7:6â1"",
	""s4:5â1 \/ s5:4â1 \/ s6:6â1 \/ s7:5â1"",
	""s4:5â1 \/ s5:4â1 \/ s6:6â1 \/ s7:6â1"",
	""s4:5â1 \/ s5:5â1 \/ s6:4â1 \/ s7:6â1"",
	""s4:5â1 \/ s5:5â1 \/ s6:6â1 \/ s7:4â1"",
	""s4:5â1 \/ s5:6â1 \/ s6:4â1 \/ s7:5â1"",
	""s4:5â1 \/ s5:6â1 \/ s6:4â1 \/ s7:6â1"",
	""s4:5â1 \/ s5:6â1 \/ s6:5â1 \/ s7:4â1"",
	""s4:5â1 \/ s5:6â1 \/ s6:6â1 \/ s7:4â1"",
	""s4:6â1 \/ s5:4â1 \/ s6:5â1 \/ s7:5â1"",
	""s4:6â1 \/ s5:4â1 \/ s6:5â1 \/ s7:6â1"",
	""s4:6â1 \/ s5:4â1 \/ s6:6â1 \/ s7:5â1"",
	""s4:6â1 \/ s5:5â1 \/ s6:4â1 \/ s7:5â1"",
	""s4:6â1 \/ s5:5â1 \/ s6:4â1 \/ s7:6â1"",
	""s4:6â1 \/ s5:5â1 \/ s6:5â1 \/ s7:4â1"",
	""s4:6â1 \/ s5:5â1 \/ s6:6â1 \/ s7:4â1"",
	""s4:6â1 \/ s5:6â1 \/ s6:4â1 \/ s7:5â1"",
	""s4:6â1 \/ s5:6â1 \/ s6:5â1 \/ s7:4â1"",
	""s4:5â1 \/ s5:5â1 \/ s6:6â1 \/ s7:4â1"",
	""s4:5â1 \/ s5:6â1 \/ s6:5â1 \/ s7:4â1"",
	""s4:5â1 \/ s5:6â1 \/ s6:6â1 \/ s7:4â1"",
	""s4:6â1 \/ s5:5â1 \/ s6:5â1 \/ s7:4â1"",
	""s4:6â1 \/ s5:5â1 \/ s6:6â1 \/ s7:4â1"",
	""s4:6â1 \/ s5:6â1 \/ s6:5â1 \/ s7:4â1"",
	""s4:4â1 \/ s5:5â1 \/ s6:6â1 \/ s7:6â1"",
	""s4:5â1 \/ s5:4â1 \/ s6:6â1 \/ s7:6â1"",
	""s4:4â1 \/ s5:5â1 \/ s6:6â1 \/ s7:6â1"",
	""s4:4â1 \/ s5:6â1 \/ s6:6â1 \/ s7:5â1"",
	""s4:5â1 \/ s5:4â1 \/ s6:6â1 \/ s7:6â1"",
	""s4:5â1 \/ s5:6â1 \/ s6:6â1 \/ s7:4â1"",
	""s4:6â1 \/ s5:4â1 \/ s6:6â1 \/ s7:5â1"",
	""s4:6â1 \/ s5:5â1 \/ s6:6â1 \/ s7:4â1"",
	""s4:4â1 \/ s5:4â1 \/ s6:5â1 \/ s7:6â1"",
	""s4:4â1 \/ s5:4â1 \/ s6:6â1 \/ s7:5â1"",
	""s4:4â1 \/ s5:5â1 \/ s6:4â1 \/ s7:6â1"",
	""s4:4â1 \/ s5:5â1 \/ s6:5â1 \/ s7:6â1"",
	""s4:4â1 \/ s5:5â1 \/ s6:6â1 \/ s7:4â1"",
	""s4:4â1 \/ s5:5â1 \/ s6:6â1 \/ s7:5â1"",
	""s4:4â1 \/ s5:6â1 \/ s6:4â1 \/ s7:5â1"",
	""s4:4â1 \/ s5:6â1 \/ s6:5â1 \/ s7:4â1"",
	""s4:4â1 \/ s5:6â1 \/ s6:5â1 \/ s7:5â1"",
	""s4:5â1 \/ s5:4â1 \/ s6:4â1 \/ s7:6â1"",
	""s4:5â1 \/ s5:4â1 \/ s6:5â1 \/ s7:6â1"",
	""s4:5â1 \/ s5:4â1 \/ s6:6â1 \/ s7:4â1"",
	""s4:5â1 \/ s5:4â1 \/ s6:6â1 \/ s7:5â1"",
	""s4:5â1 \/ s5:5â1 \/ s6:4â1 \/ s7:6â1"",
	""s4:5â1 \/ s5:5â1 \/ s6:6â1 \/ s7:4â1"",
	""s4:5â1 \/ s5:6â1 \/ s6:4â1 \/ s7:4â1"",
	""s4:5â1 \/ s5:6â1 \/ s6:4â1 \/ s7:5â1"",
	""s4:5â1 \/ s5:6â1 \/ s6:5â1 \/ s7:4â1"",
	""s4:6â1 \/ s5:4â1 \/ s6:4â1 \/ s7:5â1"",
	""s4:6â1 \/ s5:4â1 \/ s6:5â1 \/ s7:4â1"",
	""s4:6â1 \/ s5:4â1 \/ s6:5â1 \/ s7:5â1"",
	""s4:6â1 \/ s5:5â1 \/ s6:4â1 \/ s7:4â1"",
	""s4:6â1 \/ s5:5â1 \/ s6:4â1 \/ s7:5â1"",
	""s4:6â1 \/ s5:5â1 \/ s6:5â1 \/ s7:4â1"",
	""s4:4â1 \/ s5:4â1 \/ s6:5â1 \/ s7:6â1"",
	""s4:4â1 \/ s5:5â1 \/ s6:4â1 \/ s7:6â1"",
	""s4:4â1 \/ s5:5â1 \/ s6:5â1 \/ s7:6â1"",
	""s4:4â1 \/ s5:5â1 \/ s6:6â1 \/ s7:6â1"",
	""s4:4â1 \/ s5:6â1 \/ s6:5â1 \/ s7:6â1"",
	""s4:5â1 \/ s5:4â1 \/ s6:4â1 \/ s7:6â1"",
	""s4:5â1 \/ s5:4â1 \/ s6:5â1 \/ s7:6â1"",
	""s4:5â1 \/ s5:4â1 \/ s6:6â1 \/ s7:6â1"",
	""s4:5â1 \/ s5:5â1 \/ s6:4â1 \/ s7:6â1"",
	""s4:5â1 \/ s5:6â1 \/ s6:4â1 \/ s7:6â1"",
	""s4:6â1 \/ s5:4â1 \/ s6:5â1 \/ s7:6â1"",
	""s4:6â1 \/ s5:5â1 \/ s6:4â1 \/ s7:6â1"",
	""s4:4â1 \/ s5:4â1 \/ s6:5â1 \/ s7:6â1"",
	""s4:4â1 \/ s5:5â1 \/ s6:4â1 \/ s7:6â1"",
	""s4:4â1 \/ s5:5â1 \/ s6:5â1 \/ s7:6â1"",
	""s4:4â1 \/ s5:5â1 \/ s6:6â1 \/ s7:4â1"",
	""s4:4â1 \/ s5:5â1 \/ s6:6â1 \/ s7:5â1"",
	""s4:4â1 \/ s5:5â1 \/ s6:6â1 \/ s7:6â1"",
	""s4:4â1 \/ s5:6â1 \/ s6:5â1 \/ s7:4â1"",
	""s4:4â1 \/ s5:6â1 \/ s6:5â1 \/ s7:5â1"",
	""s4:4â1 \/ s5:6â1 \/ s6:5â1 \/ s7:6â1"",
	""s4:5â1 \/ s5:4â1 \/ s6:4â1 \/ s7:6â1"",
	""s4:5â1 \/ s5:4â1 \/ s6:5â1 \/ s7:6â1"",
	""s4:5â1 \/ s5:4â1 \/ s6:6â1 \/ s7:4â1"",
	""s4:5â1 \/ s5:4â1 \/ s6:6â1 \/ s7:5â1"",
	""s4:5â1 \/ s5:4â1 \/ s6:6â1 \/ s7:6â1"",
	""s4:5â1 \/ s5:5â1 \/ s6:4â1 \/ s7:6â1"",
	""s4:5â1 \/ s5:6â1 \/ s6:4â1 \/ s7:4â1"",
	""s4:5â1 \/ s5:6â1 \/ s6:4â1 \/ s7:5â1"",
	""s4:5â1 \/ s5:6â1 \/ s6:4â1 \/ s7:6â1"",
	""s4:6â1 \/ s5:4â1 \/ s6:5â1 \/ s7:4â1"",
	""s4:6â1 \/ s5:4â1 \/ s6:5â1 \/ s7:5â1"",
	""s4:6â1 \/ s5:4â1 \/ s6:5â1 \/ s7:6â1"",
	""s4:6â1 \/ s5:5â1 \/ s6:4â1 \/ s7:4â1"",
	""s4:6â1 \/ s5:5â1 \/ s6:4â1 \/ s7:5â1"",
	""s4:6â1 \/ s5:5â1 \/ s6:4â1 \/ s7:6â1"",
	""s4:4â1 \/ s5:4â1 \/ s6:5â1 \/ s7:6â1"",
	""s4:4â1 \/ s5:5â1 \/ s6:4â1 \/ s7:6â1"",
	""s4:4â1 \/ s5:5â1 \/ s6:5â1 \/ s7:6â1"",
	""s4:5â1 \/ s5:4â1 \/ s6:4â1 \/ s7:6â1"",
	""s4:5â1 \/ s5:4â1 \/ s6:5â1 \/ s7:6â1"",
	""s4:5â1 \/ s5:5â1 \/ s6:4â1 \/ s7:6â1"",
	""s4:4â1 \/ s5:4â1 \/ s6:5â1 \/ s7:6â1"",
	""s4:4â1 \/ s5:4â1 \/ s6:6â1 \/ s7:5â1"",
	""s4:4â1 \/ s5:5â1 \/ s6:4â1 \/ s7:6â1"",
	""s4:4â1 \/ s5:5â1 \/ s6:5â1 \/ s7:6â1"",
	""s4:4â1 \/ s5:5â1 \/ s6:6â1 \/ s7:4â1"",
	""s4:4â1 \/ s5:5â1 \/ s6:6â1 \/ s7:5â1"",
	""s4:4â1 \/ s5:6â1 \/ s6:4â1 \/ s7:5â1"",
	""s4:4â1 \/ s5:6â1 \/ s6:5â1 \/ s7:4â1"",
	""s4:4â1 \/ s5:6â1 \/ s6:5â1 \/ s7:5â1"",
	""s4:5â1 \/ s5:4â1 \/ s6:4â1 \/ s7:6â1"",
	""s4:5â1 \/ s5:4â1 \/ s6:5â1 \/ s7:6â1"",
	""s4:5â1 \/ s5:4â1 \/ s6:6â1 \/ s7:4â1"",
	""s4:5â1 \/ s5:4â1 \/ s6:6â1 \/ s7:5â1"",
	""s4:5â1 \/ s5:5â1 \/ s6:4â1 \/ s7:6â1"",
	""s4:5â1 \/ s5:5â1 \/ s6:6â1 \/ s7:4â1"",
	""s4:5â1 \/ s5:6â1 \/ s6:4â1 \/ s7:4â1"",
	""s4:5â1 \/ s5:6â1 \/ s6:4â1 \/ s7:5â1"",
	""s4:5â1 \/ s5:6â1 \/ s6:5â1 \/ s7:4â1"",
	""s4:6â1 \/ s5:4â1 \/ s6:4â1 \/ s7:5â1"",
	""s4:6â1 \/ s5:4â1 \/ s6:5â1 \/ s7:4â1"",
	""s4:6â1 \/ s5:4â1 \/ s6:5â1 \/ s7:5â1"",
	""s4:6â1 \/ s5:5â1 \/ s6:4â1 \/ s7:4â1"",
	""s4:6â1 \/ s5:5â1 \/ s6:4â1 \/ s7:5â1"",
	""s4:6â1 \/ s5:5â1 \/ s6:5â1 \/ s7:4â1"",
	""s4:4â1 \/ s5:4â1 \/ s6:5â1 \/ s7:6â1"",
	""s4:4â1 \/ s5:5â1 \/ s6:4â1 \/ s7:6â1"",
	""s4:4â1 \/ s5:5â1 \/ s6:5â1 \/ s7:6â1"",
	""s4:5â1 \/ s5:4â1 \/ s6:4â1 \/ s7:6â1"",
	""s4:5â1 \/ s5:4â1 \/ s6:5â1 \/ s7:6â1"",
	""s4:5â1 \/ s5:5â1 \/ s6:4â1 \/ s7:6â1"",
	""s4:4â1 \/ s5:4â1 \/ s6:5â1 \/ s7:6â1"",
	""s4:4â1 \/ s5:4â1 \/ s6:6â1 \/ s7:5â1"",
	""s4:4â1 \/ s5:5â1 \/ s6:4â1 \/ s7:6â1"",
	""s4:4â1 \/ s5:5â1 \/ s6:5â1 \/ s7:6â1"",
	""s4:4â1 \/ s5:5â1 \/ s6:6â1 \/ s7:4â1"",
	""s4:4â1 \/ s5:5â1 \/ s6:6â1 \/ s7:5â1"",
	""s4:4â1 \/ s5:6â1 \/ s6:4â1 \/ s7:5â1"",
	""s4:4â1 \/ s5:6â1 \/ s6:5â1 \/ s7:4â1"",
	""s4:4â1 \/ s5:6â1 \/ s6:5â1 \/ s7:5â1"",
	""s4:5â1 \/ s5:4â1 \/ s6:4â1 \/ s7:6â1"",
	""s4:5â1 \/ s5:4â1 \/ s6:5â1 \/ s7:6â1"",
	""s4:5â1 \/ s5:4â1 \/ s6:6â1 \/ s7:4â1"",
	""s4:5â1 \/ s5:4â1 \/ s6:6â1 \/ s7:5â1"",
	""s4:5â1 \/ s5:5â1 \/ s6:4â1 \/ s7:6â1"",
	""s4:5â1 \/ s5:5â1 \/ s6:6â1 \/ s7:4â1"",
	""s4:5â1 \/ s5:6â1 \/ s6:4â1 \/ s7:4â1"",
	""s4:5â1 \/ s5:6â1 \/ s6:4â1 \/ s7:5â1"",
	""s4:5â1 \/ s5:6â1 \/ s6:5â1 \/ s7:4â1"",
	""s4:6â1 \/ s5:4â1 \/ s6:4â1 \/ s7:5â1"",
	""s4:6â1 \/ s5:4â1 \/ s6:5â1 \/ s7:4â1"",
	""s4:6â1 \/ s5:4â1 \/ s6:5â1 \/ s7:5â1"",
	""s4:6â1 \/ s5:5â1 \/ s6:4â1 \/ s7:4â1"",
	""s4:6â1 \/ s5:5â1 \/ s6:4â1 \/ s7:5â1"",
	""s4:6â1 \/ s5:5â1 \/ s6:5â1 \/ s7:4â1"",
	""s4:4â1 \/ s5:4â1 \/ s6:5â1 \/ s7:6â1"",
	""s4:4â1 \/ s5:5â1 \/ s6:4â1 \/ s7:6â1"",
	""s4:4â1 \/ s5:5â1 \/ s6:5â1 \/ s7:6â1"",
	""s4:5â1 \/ s5:4â1 \/ s6:4â1 \/ s7:6â1"",
	""s4:5â1 \/ s5:4â1 \/ s6:5â1 \/ s7:6â1"",
	""s4:5â1 \/ s5:5â1 \/ s6:4â1 \/ s7:6â1"",
	""s4:6â1 \/ s5:4â1 \/ s6:5â1 \/ s7:6â1"",
	""s4:6â1 \/ s5:5â1 \/ s6:4â1 \/ s7:6â1""
]"
3	1	"0"	"2(g2+su(2))+so(7)+2 su(2)"	13	58	4	3	0	0	0	0	0	0	"[
	""s1:3â1 \/ s2:1â1 \/ s3:1â1 \/ s4:3â1 \/ s5:3â1 \/ s6:3â2 \/ s7:1â1, 3â1"",
	""s1:3â1 \/ s2:1â1 \/ s3:1â1 \/ s4:3â1 \/ s5:3â1 \/ s6:3â2 \/ s7:1â1, 3â1"",
	""s1:3â1 \/ s2:3â1 \/ s3:1â1 \/ s4:1â1 \/ s5:1â1 \/ s6:1â1, 3â1 \/ s7:1â2"",
	""s1:3â1 \/ s2:3â1 \/ s3:1â1 \/ s4:1â1 \/ s5:1â1 \/ s6:1â1, 3â1 \/ s7:1â2""
]"	"[
	""s4:5â1 \/ s5:5â1 \/ s6:6â1 \/ s7:4â1"",
	""s4:6â1 \/ s5:6â1 \/ s6:5â1 \/ s7:4â1"",
	""s4:4â1 \/ s5:4â1 \/ s6:6â1 \/ s7:5â1"",
	""s4:5â1 \/ s5:5â1 \/ s6:6â1 \/ s7:4â1""
]"
3	1	"0"	"2(g2+su(2))+so(7)+2 su(2)"	14	58	4	3	0	0	0	0	0	0	"[
	""s1:3â1 \/ s2:1â1 \/ s3:1â1 \/ s4:3â1 \/ s5:3â1 \/ s6:3â1 \/ s7:1â1, 3â2"",
	""s1:3â1 \/ s2:1â1 \/ s3:1â1 \/ s4:3â1 \/ s5:3â1 \/ s6:3â1 \/ s7:1â1, 3â2"",
	""s1:3â1 \/ s2:1â1 \/ s3:1â1 \/ s4:3â1 \/ s5:3â1 \/ s6:3â1 \/ s7:1â1, 3â2"",
	""s1:3â1 \/ s2:1â1 \/ s3:1â1 \/ s4:3â1 \/ s5:3â1 \/ s6:3â1 \/ s7:1â1, 3â2"",
	""s1:3â1 \/ s2:1â1 \/ s3:1â1 \/ s4:3â1 \/ s5:3â1 \/ s6:3â1 \/ s7:1â1, 3â2"",
	""s1:3â1 \/ s2:1â1 \/ s3:1â1 \/ s4:3â1 \/ s5:3â1 \/ s6:3â1 \/ s7:1â1, 3â2"",
	""s1:3â1 \/ s2:3â1 \/ s3:1â1 \/ s4:1â1 \/ s5:1â1 \/ s6:1â1 \/ s7:1â2, 3â1"",
	""s1:3â1 \/ s2:3â1 \/ s3:1â1 \/ s4:1â1 \/ s5:1â1 \/ s6:1â1 \/ s7:1â2, 3â1"",
	""s1:3â1 \/ s2:3â1 \/ s3:1â1 \/ s4:1â1 \/ s5:1â1 \/ s6:1â1 \/ s7:1â2, 3â1"",
	""s1:3â1 \/ s2:3â1 \/ s3:1â1 \/ s4:1â1 \/ s5:1â1 \/ s6:1â1 \/ s7:1â2, 3â1"",
	""s1:3â1 \/ s2:3â1 \/ s3:1â1 \/ s4:1â1 \/ s5:1â1 \/ s6:1â1 \/ s7:1â2, 3â1"",
	""s1:3â1 \/ s2:3â1 \/ s3:1â1 \/ s4:1â1 \/ s5:1â1 \/ s6:1â1 \/ s7:1â2, 3â1""
]"	"[
	""s4:4â1 \/ s5:5â1 \/ s6:5â1 \/ s7:6â1"",
	""s4:4â1 \/ s5:6â1 \/ s6:6â1 \/ s7:5â1"",
	""s4:5â1 \/ s5:4â1 \/ s6:5â1 \/ s7:6â1"",
	""s4:5â1 \/ s5:5â1 \/ s6:4â1 \/ s7:6â1"",
	""s4:6â1 \/ s5:4â1 \/ s6:6â1 \/ s7:5â1"",
	""s4:6â1 \/ s5:6â1 \/ s6:4â1 \/ s7:5â1"",
	""s4:4â1 \/ s5:4â1 \/ s6:6â1 \/ s7:5â1"",
	""s4:4â1 \/ s5:6â1 \/ s6:4â1 \/ s7:5â1"",
	""s4:5â1 \/ s5:5â1 \/ s6:6â1 \/ s7:4â1"",
	""s4:5â1 \/ s5:6â1 \/ s6:5â1 \/ s7:4â1"",
	""s4:6â1 \/ s5:4â1 \/ s6:4â1 \/ s7:5â1"",
	""s4:6â1 \/ s5:5â1 \/ s6:5â1 \/ s7:4â1""
]"
3	1	"0"	"2(g2+su(2))+so(7)+2 su(2)"	17	58	4	3	0	0	0	0	0	0	"[
	""s1:3â1 \/ s2:1â1 \/ s3:1â1 \/ s4:3â1 \/ s5:3â1 \/ s6:3â1 \/ s7:3â2"",
	""s1:3â1 \/ s2:1â1 \/ s3:1â1 \/ s4:3â1 \/ s5:3â1 \/ s6:3â1 \/ s7:3â2"",
	""s1:3â1 \/ s2:1â1 \/ s3:1â1 \/ s4:3â1 \/ s5:3â1 \/ s6:3â1 \/ s7:3â2"",
	""s1:3â1 \/ s2:1â1 \/ s3:1â1 \/ s4:3â1 \/ s5:3â1 \/ s6:3â1 \/ s7:3â2"",
	""s1:3â1 \/ s2:1â1 \/ s3:1â1 \/ s4:3â1 \/ s5:3â1 \/ s6:3â1 \/ s7:3â2"",
	""s1:3â1 \/ s2:1â1 \/ s3:1â1 \/ s4:3â1 \/ s5:3â1 \/ s6:3â1 \/ s7:3â2"",
	""s1:3â1 \/ s2:1â1 \/ s3:1â1 \/ s4:3â1 \/ s5:3â1 \/ s6:3â1 \/ s7:3â2"",
	""s1:3â1 \/ s2:1â1 \/ s3:1â1 \/ s4:3â1 \/ s5:3â1 \/ s6:3â1 \/ s7:3â2"",
	""s1:3â1 \/ s2:1â1 \/ s3:1â1 \/ s4:3â1 \/ s5:3â1 \/ s6:3â1 \/ s7:3â2"",
	""s1:3â1 \/ s2:1â1 \/ s3:1â1 \/ s4:3â1 \/ s5:3â1 \/ s6:3â1 \/ s7:3â2"",
	""s1:3â1 \/ s2:1â1 \/ s3:1â1 \/ s4:3â1 \/ s5:3â1 \/ s6:3â1 \/ s7:3â2"",
	""s1:3â1 \/ s2:1â1 \/ s3:1â1 \/ s4:3â1 \/ s5:3â1 \/ s6:3â1 \/ s7:3â2"",
	""s1:3â1 \/ s2:3â1 \/ s3:1â1 \/ s4:1â1 \/ s5:1â1 \/ s6:1â1 \/ s7:1â2"",
	""s1:3â1 \/ s2:3â1 \/ s3:1â1 \/ s4:1â1 \/ s5:1â1 \/ s6:1â1 \/ s7:1â2"",
	""s1:3â1 \/ s2:3â1 \/ s3:1â1 \/ s4:1â1 \/ s5:1â1 \/ s6:1â1 \/ s7:1â2"",
	""s1:3â1 \/ s2:3â1 \/ s3:1â1 \/ s4:1â1 \/ s5:1â1 \/ s6:1â1 \/ s7:1â2"",
	""s1:3â1 \/ s2:3â1 \/ s3:1â1 \/ s4:1â1 \/ s5:1â1 \/ s6:1â1 \/ s7:1â2"",
	""s1:3â1 \/ s2:3â1 \/ s3:1â1 \/ s4:1â1 \/ s5:1â1 \/ s6:1â1 \/ s7:1â2"",
	""s1:3â1 \/ s2:3â1 \/ s3:1â1 \/ s4:1â1 \/ s5:1â1 \/ s6:1â1 \/ s7:1â2"",
	""s1:3â1 \/ s2:3â1 \/ s3:1â1 \/ s4:1â1 \/ s5:1â1 \/ s6:1â1 \/ s7:1â2"",
	""s1:3â1 \/ s2:3â1 \/ s3:1â1 \/ s4:1â1 \/ s5:1â1 \/ s6:1â1 \/ s7:1â2"",
	""s1:3â1 \/ s2:3â1 \/ s3:1â1 \/ s4:1â1 \/ s5:1â1 \/ s6:1â1 \/ s7:1â2"",
	""s1:3â1 \/ s2:3â1 \/ s3:1â1 \/ s4:1â1 \/ s5:1â1 \/ s6:1â1 \/ s7:1â2"",
	""s1:3â1 \/ s2:3â1 \/ s3:1â1 \/ s4:1â1 \/ s5:1â1 \/ s6:1â1 \/ s7:1â2""
]"	"[
	""s4:4â1 \/ s5:5â1 \/ s6:6â1 \/ s7:5â1"",
	""s4:4â1 \/ s5:5â1 \/ s6:6â1 \/ s7:6â1"",
	""s4:4â1 \/ s5:6â1 \/ s6:5â1 \/ s7:5â1"",
	""s4:4â1 \/ s5:6â1 \/ s6:5â1 \/ s7:6â1"",
	""s4:5â1 \/ s5:4â1 \/ s6:6â1 \/ s7:5â1"",
	""s4:5â1 \/ s5:4â1 \/ s6:6â1 \/ s7:6â1"",
	""s4:5â1 \/ s5:6â1 \/ s6:4â1 \/ s7:5â1"",
	""s4:5â1 \/ s5:6â1 \/ s6:4â1 \/ s7:6â1"",
	""s4:6â1 \/ s5:4â1 \/ s6:5â1 \/ s7:5â1"",
	""s4:6â1 \/ s5:4â1 \/ s6:5â1 \/ s7:6â1"",
	""s4:6â1 \/ s5:5â1 \/ s6:4â1 \/ s7:5â1"",
	""s4:6â1 \/ s5:5â1 \/ s6:4â1 \/ s7:6â1"",
	""s4:4â1 \/ s5:5â1 \/ s6:6â1 \/ s7:4â1"",
	""s4:4â1 \/ s5:5â1 \/ s6:6â1 \/ s7:5â1"",
	""s4:4â1 \/ s5:6â1 \/ s6:5â1 \/ s7:4â1"",
	""s4:4â1 \/ s5:6â1 \/ s6:5â1 \/ s7:5â1"",
	""s4:5â1 \/ s5:4â1 \/ s6:6â1 \/ s7:4â1"",
	""s4:5â1 \/ s5:4â1 \/ s6:6â1 \/ s7:5â1"",
	""s4:5â1 \/ s5:6â1 \/ s6:4â1 \/ s7:4â1"",
	""s4:5â1 \/ s5:6â1 \/ s6:4â1 \/ s7:5â1"",
	""s4:6â1 \/ s5:4â1 \/ s6:5â1 \/ s7:4â1"",
	""s4:6â1 \/ s5:4â1 \/ s6:5â1 \/ s7:5â1"",
	""s4:6â1 \/ s5:5â1 \/ s6:4â1 \/ s7:4â1"",
	""s4:6â1 \/ s5:5â1 \/ s6:4â1 \/ s7:5â1""
]"
3	1	"0"	"2(g2+su(2))+so(7)+2 su(2)"	18	58	4	3	0	0	0	0	0	0	"[
	""s1:3â1 \/ s2:1â1 \/ s3:1â1 \/ s4:3â1 \/ s5:3â1 \/ s6:3â1 \/ s7:3â2"",
	""s1:3â1 \/ s2:1â1 \/ s3:1â1 \/ s4:3â1 \/ s5:3â1 \/ s6:3â1 \/ s7:3â2"",
	""s1:3â1 \/ s2:1â1 \/ s3:1â1 \/ s4:3â1 \/ s5:3â1 \/ s6:3â1 \/ s7:3â2"",
	""s1:3â1 \/ s2:1â1 \/ s3:1â1 \/ s4:3â1 \/ s5:3â1 \/ s6:3â1 \/ s7:3â2"",
	""s1:3â1 \/ s2:1â1 \/ s3:1â1 \/ s4:3â1 \/ s5:3â1 \/ s6:3â1 \/ s7:3â2"",
	""s1:3â1 \/ s2:1â1 \/ s3:1â1 \/ s4:3â1 \/ s5:3â1 \/ s6:3â1 \/ s7:3â2"",
	""s1:3â1 \/ s2:3â1 \/ s3:1â1 \/ s4:1â1 \/ s5:1â1 \/ s6:1â1 \/ s7:1â2"",
	""s1:3â1 \/ s2:3â1 \/ s3:1â1 \/ s4:1â1 \/ s5:1â1 \/ s6:1â1 \/ s7:1â2"",
	""s1:3â1 \/ s2:3â1 \/ s3:1â1 \/ s4:1â1 \/ s5:1â1 \/ s6:1â1 \/ s7:1â2"",
	""s1:3â1 \/ s2:3â1 \/ s3:1â1 \/ s4:1â1 \/ s5:1â1 \/ s6:1â1 \/ s7:1â2"",
	""s1:3â1 \/ s2:3â1 \/ s3:1â1 \/ s4:1â1 \/ s5:1â1 \/ s6:1â1 \/ s7:1â2"",
	""s1:3â1 \/ s2:3â1 \/ s3:1â1 \/ s4:1â1 \/ s5:1â1 \/ s6:1â1 \/ s7:1â2""
]"	"[
	""s4:4â1 \/ s5:5â1 \/ s6:5â1 \/ s7:6â1"",
	""s4:4â1 \/ s5:6â1 \/ s6:6â1 \/ s7:5â1"",
	""s4:5â1 \/ s5:4â1 \/ s6:5â1 \/ s7:6â1"",
	""s4:5â1 \/ s5:5â1 \/ s6:4â1 \/ s7:6â1"",
	""s4:6â1 \/ s5:4â1 \/ s6:6â1 \/ s7:5â1"",
	""s4:6â1 \/ s5:6â1 \/ s6:4â1 \/ s7:5â1"",
	""s4:4â1 \/ s5:4â1 \/ s6:6â1 \/ s7:5â1"",
	""s4:4â1 \/ s5:6â1 \/ s6:4â1 \/ s7:5â1"",
	""s4:5â1 \/ s5:5â1 \/ s6:6â1 \/ s7:4â1"",
	""s4:5â1 \/ s5:6â1 \/ s6:5â1 \/ s7:4â1"",
	""s4:6â1 \/ s5:4â1 \/ s6:4â1 \/ s7:5â1"",
	""s4:6â1 \/ s5:5â1 \/ s6:5â1 \/ s7:4â1""
]"
3	1	"0"	"2 su(3)+3(g2+su(2))"	11	44	2	5	0	0	0	0	0	0	"[
	""s1:3â1 \/ s2:3â1 \/ s4:1â1 \/ s5:1â1 \/ s6:1â1 \/ s7:1â1"",
	""s1:3â1 \/ s2:3â1 \/ s4:1â1 \/ s5:1â1 \/ s6:1â1 \/ s7:1â1"",
	""s1:3â1 \/ s2:3â1 \/ s4:1â1 \/ s5:1â1 \/ s6:1â1 \/ s7:1â1, 3â1"",
	""s1:3â1 \/ s2:3â1 \/ s4:1â1 \/ s5:1â1 \/ s6:1â1 \/ s7:1â1, 3â1"",
	""s1:3â1 \/ s2:3â1 \/ s4:1â1 \/ s5:1â1 \/ s6:1â1 \/ s7:1â1, 3â1"",
	""s1:3â1 \/ s2:3â1 \/ s4:1â1 \/ s5:1â1 \/ s6:1â1 \/ s7:1â1, 3â1"",
	""s1:3â1 \/ s2:3â1 \/ s4:1â1 \/ s5:1â1 \/ s6:1â1 \/ s7:1â1, 3â1"",
	""s1:3â1 \/ s2:3â1 \/ s4:1â1 \/ s5:1â1 \/ s6:1â1 \/ s7:1â1, 3â1"",
	""s1:3â1 \/ s2:3â1 \/ s4:1â1 \/ s5:1â1 \/ s6:1â1 \/ s7:1â1, 3â2"",
	""s1:3â1 \/ s2:3â1 \/ s4:1â1 \/ s5:1â1 \/ s6:1â1 \/ s7:1â1, 3â2"",
	""s1:3â1 \/ s2:3â1 \/ s4:1â1 \/ s5:1â1 \/ s6:1â1 \/ s7:1â1, 3â2"",
	""s1:3â1 \/ s2:3â1 \/ s4:1â1 \/ s5:1â1 \/ s6:1â1 \/ s7:1â1, 3â2"",
	""s1:3â1 \/ s2:3â1 \/ s4:1â1 \/ s5:1â1 \/ s6:1â1 \/ s7:1â2, 3â1"",
	""s1:3â1 \/ s2:3â1 \/ s4:1â1 \/ s5:1â1 \/ s6:1â1 \/ s7:1â2, 3â1"",
	""s1:3â1 \/ s2:3â1 \/ s4:1â1 \/ s5:1â1 \/ s6:3â1 \/ s7:1â1"",
	""s1:3â1 \/ s2:3â1 \/ s4:1â1 \/ s5:1â1 \/ s6:3â1 \/ s7:1â1"",
	""s1:3â1 \/ s2:3â1 \/ s4:1â1 \/ s5:1â1 \/ s6:3â1 \/ s7:1â1"",
	""s1:3â1 \/ s2:3â1 \/ s4:1â1 \/ s5:1â1 \/ s6:3â1 \/ s7:1â1"",
	""s1:3â1 \/ s2:3â1 \/ s4:1â1 \/ s5:1â1 \/ s6:3â1 \/ s7:1â1, 3â1"",
	""s1:3â1 \/ s2:3â1 \/ s4:1â1 \/ s5:1â1 \/ s6:3â1 \/ s7:1â1, 3â1"",
	""s1:3â1 \/ s2:3â1 \/ s4:1â1 \/ s5:1â1 \/ s6:3â1 \/ s7:1â1, 3â1"",
	""s1:3â1 \/ s2:3â1 \/ s4:1â1 \/ s5:1â1 \/ s6:3â1 \/ s7:1â1, 3â1"",
	""s1:3â1 \/ s2:3â1 \/ s4:1â1 \/ s5:1â1 \/ s6:3â1 \/ s7:1â1, 3â1"",
	""s1:3â1 \/ s2:3â1 \/ s4:1â1 \/ s5:1â1 \/ s6:3â1 \/ s7:1â1, 3â1"",
	""s1:3â1 \/ s2:3â1 \/ s4:1â1 \/ s5:1â1 \/ s6:3â1 \/ s7:1â1, 3â2"",
	""s1:3â1 \/ s2:3â1 \/ s4:1â1 \/ s5:1â1 \/ s6:3â1 \/ s7:1â1, 3â2"",
	""s1:3â1 \/ s2:3â1 \/ s4:1â1 \/ s5:1â1 \/ s6:3â1 \/ s7:1â2, 3â1"",
	""s1:3â1 \/ s2:3â1 \/ s4:1â1 \/ s5:1â1 \/ s6:3â1 \/ s7:1â2, 3â1"",
	""s1:3â1 \/ s2:3â1 \/ s4:1â1 \/ s5:1â1 \/ s6:3â1 \/ s7:1â2, 3â1"",
	""s1:3â1 \/ s2:3â1 \/ s4:1â1 \/ s5:1â1 \/ s6:3â1 \/ s7:1â2, 3â1"",
	""s1:3â1 \/ s2:3â1 \/ s4:1â1 \/ s5:1â1 \/ s6:3â1 \/ s7:3â1"",
	""s1:3â1 \/ s2:3â1 \/ s4:1â1 \/ s5:1â1 \/ s6:3â1 \/ s7:3â1""
]"	"[
	""s3:2â1 \/ s6:4â1 \/ s7:5â1"",
	""s3:2â1 \/ s6:5â1 \/ s7:4â1"",
	""s3:2â1 \/ s6:4â1 \/ s7:5â1"",
	""s3:2â1 \/ s6:4â1 \/ s7:7â1"",
	""s3:2â1 \/ s6:4â1 \/ s7:8â1"",
	""s3:2â1 \/ s6:5â1 \/ s7:4â1"",
	""s3:2â1 \/ s6:5â1 \/ s7:7â1"",
	""s3:2â1 \/ s6:5â1 \/ s7:8â1"",
	""s3:2â1 \/ s6:4â1 \/ s7:7â1"",
	""s3:2â1 \/ s6:4â1 \/ s7:8â1"",
	""s3:2â1 \/ s6:5â1 \/ s7:7â1"",
	""s3:2â1 \/ s6:5â1 \/ s7:8â1"",
	""s3:2â1 \/ s6:4â1 \/ s7:5â1"",
	""s3:2â1 \/ s6:5â1 \/ s7:4â1"",
	""s3:2â1 \/ s6:7â1 \/ s7:4â1"",
	""s3:2â1 \/ s6:7â1 \/ s7:5â1"",
	""s3:2â1 \/ s6:8â1 \/ s7:4â1"",
	""s3:2â1 \/ s6:8â1 \/ s7:5â1"",
	""s3:2â1 \/ s6:7â1 \/ s7:4â1"",
	""s3:2â1 \/ s6:7â1 \/ s7:5â1"",
	""s3:2â1 \/ s6:7â1 \/ s7:8â1"",
	""s3:2â1 \/ s6:8â1 \/ s7:4â1"",
	""s3:2â1 \/ s6:8â1 \/ s7:5â1"",
	""s3:2â1 \/ s6:8â1 \/ s7:7â1"",
	""s3:2â1 \/ s6:7â1 \/ s7:8â1"",
	""s3:2â1 \/ s6:8â1 \/ s7:7â1"",
	""s3:2â1 \/ s6:7â1 \/ s7:4â1"",
	""s3:2â1 \/ s6:7â1 \/ s7:5â1"",
	""s3:2â1 \/ s6:8â1 \/ s7:4â1"",
	""s3:2â1 \/ s6:8â1 \/ s7:5â1"",
	""s3:2â1 \/ s6:7â1 \/ s7:8â1"",
	""s3:2â1 \/ s6:8â1 \/ s7:7â1""
]"
3	1	"0"	"2 su(3)+3(g2+su(2))"	12	44	2	5	0	0	0	0	0	0	"[
	""s1:3â1 \/ s2:3â1 \/ s4:1â1 \/ s5:1â1 \/ s6:1â1 \/ s7:1â2"",
	""s1:3â1 \/ s2:3â1 \/ s4:1â1 \/ s5:1â1 \/ s6:1â1 \/ s7:1â2"",
	""s1:3â1 \/ s2:3â1 \/ s4:1â1 \/ s5:1â1 \/ s6:3â1 \/ s7:3â2"",
	""s1:3â1 \/ s2:3â1 \/ s4:1â1 \/ s5:1â1 \/ s6:3â1 \/ s7:3â2""
]"	"[
	""s3:2â1 \/ s6:4â1 \/ s7:5â1"",
	""s3:2â1 \/ s6:5â1 \/ s7:4â1"",
	""s3:2â1 \/ s6:7â1 \/ s7:8â1"",
	""s3:2â1 \/ s6:8â1 \/ s7:7â1""
]"
3	1	"0"	"2 su(3)+g2+su(2)+so(7)+2 su(2)"	11	51	3	4	0	0	0	0	0	0	"[
	""s1:3â1 \/ s2:3â1 \/ s3:1â1 \/ s4:1â1 \/ s5:1â1 \/ s6:1â1, 3â1 \/ s7:1â1, 3â1"",
	""s1:3â1 \/ s2:3â1 \/ s3:1â1 \/ s4:1â1 \/ s5:1â1 \/ s6:1â1, 3â1 \/ s7:1â1, 3â1"",
	""s1:3â1 \/ s2:3â1 \/ s3:1â1 \/ s4:1â1 \/ s5:1â1 \/ s6:1â1, 3â1 \/ s7:1â1, 3â1"",
	""s1:3â1 \/ s2:3â1 \/ s3:1â1 \/ s4:1â1 \/ s5:1â1 \/ s6:1â1, 3â1 \/ s7:1â1, 3â1"",
	""s1:3â1 \/ s2:3â1 \/ s3:1â1 \/ s4:1â1 \/ s5:1â1 \/ s6:1â1, 3â1 \/ s7:1â1, 3â1"",
	""s1:3â1 \/ s2:3â1 \/ s3:1â1 \/ s4:1â1 \/ s5:1â1 \/ s6:1â1, 3â1 \/ s7:1â1, 3â1"",
	""s1:3â1 \/ s2:3â1 \/ s3:1â1 \/ s4:1â1 \/ s5:1â1 \/ s6:1â1, 3â1 \/ s7:1â1, 3â1"",
	""s1:3â1 \/ s2:3â1 \/ s3:1â1 \/ s4:1â1 \/ s5:1â1 \/ s6:1â1, 3â1 \/ s7:1â1, 3â1"",
	""s1:3â1 \/ s2:3â1 \/ s3:1â1 \/ s4:1â1 \/ s5:1â1 \/ s6:1â1, 3â1 \/ s7:1â1, 3â2"",
	""s1:3â1 \/ s2:3â1 \/ s3:1â1 \/ s4:1â1 \/ s5:1â1 \/ s6:1â1, 3â1 \/ s7:1â1, 3â2"",
	""s1:3â1 \/ s2:3â1 \/ s3:1â1 \/ s4:1â1 \/ s5:1â1 \/ s6:1â1, 3â1 \/ s7:1â1, 3â2"",
	""s1:3â1 \/ s2:3â1 \/ s3:1â1 \/ s4:1â1 \/ s5:1â1 \/ s6:1â1, 3â1 \/ s7:1â1, 3â2"",
	""s1:3â1 \/ s2:3â1 \/ s3:1â1 \/ s4:1â1 \/ s5:1â1 \/ s6:1â1 \/ s7:1â1"",
	""s1:3â1 \/ s2:3â1 \/ s3:1â1 \/ s4:1â1 \/ s5:1â1 \/ s6:1â1 \/ s7:1â1"",
	""s1:3â1 \/ s2:3â1 \/ s3:1â1 \/ s4:1â1 \/ s5:1â1 \/ s6:1â1 \/ s7:1â1"",
	""s1:3â1 \/ s2:3â1 \/ s3:1â1 \/ s4:1â1 \/ s5:1â1 \/ s6:1â1 \/ s7:1â1"",
	""s1:3â1 \/ s2:3â1 \/ s3:1â1 \/ s4:1â1 \/ s5:1â1 \/ s6:1â1 \/ s7:1â1"",
	""s1:3â1 \/ s2:3â1 \/ s3:1â1 \/ s4:1â1 \/ s5:1â1 \/ s6:1â1 \/ s7:1â1"",
	""s1:3â1 \/ s2:3â1 \/ s3:1â1 \/ s4:1â1 \/ s5:1â1 \/ s6:1â1 \/ s7:1â1, 3â1"",
	""s1:3â1 \/ s2:3â1 \/ s3:1â1 \/ s4:1â1 \/ s5:1â1 \/ s6:1â1 \/ s7:1â1, 3â1"",
	""s1:3â1 \/ s2:3â1 \/ s3:1â1 \/ s4:1â1 \/ s5:1â1 \/ s6:1â1 \/ s7:1â1, 3â1"",
	""s1:3â1 \/ s2:3â1 \/ s3:1â1 \/ s4:1â1 \/ s5:1â1 \/ s6:1â1 \/ s7:1â1, 3â1"",
	""s1:3â1 \/ s2:3â1 \/ s3:1â1 \/ s4:1â1 \/ s5:1â1 \/ s6:1â1 \/ s7:1â1, 3â1"",
	""s1:3â1 \/ s2:3â1 \/ s3:1â1 \/ s4:1â1 \/ s5:1â1 \/ s6:1â1 \/ s7:1â1, 3â1"",
	""s1:3â1 \/ s2:3â1 \/ s3:1â1 \/ s4:1â1 \/ s5:1â1 \/ s6:1â1 \/ s7:1â1, 3â1"",
	""s1:3â1 \/ s2:3â1 \/ s3:1â1 \/ s4:1â1 \/ s5:1â1 \/ s6:1â1 \/ s7:1â1, 3â1"",
	""s1:3â1 \/ s2:3â1 \/ s3:1â1 \/ s4:1â1 \/ s5:1â1 \/ s6:1â1 \/ s7:1â2, 3â1"",
	""s1:3â1 \/ s2:3â1 \/ s3:1â1 \/ s4:1â1 \/ s5:1â1 \/ s6:1â1 \/ s7:1â2, 3â1"",
	""s1:3â1 \/ s2:3â1 \/ s3:1â1 \/ s4:1â1 \/ s5:1â1 \/ s6:1â1 \/ s7:1â2, 3â1"",
	""s1:3â1 \/ s2:3â1 \/ s3:1â1 \/ s4:1â1 \/ s5:1â1 \/ s6:1â1 \/ s7:1â2, 3â1"",
	""s1:3â1 \/ s2:3â1 \/ s3:1â1 \/ s4:1â1 \/ s5:1â1 \/ s6:1â1 \/ s7:1â2, 3â1"",
	""s1:3â1 \/ s2:3â1 \/ s3:1â1 \/ s4:1â1 \/ s5:1â1 \/ s6:1â1 \/ s7:1â2, 3â1"",
	""s1:3â1 \/ s2:3â1 \/ s3:1â1 \/ s4:1â1 \/ s5:1â1 \/ s6:1â1 \/ s7:1â2, 3â2"",
	""s1:3â1 \/ s2:3â1 \/ s3:1â1 \/ s4:1â1 \/ s5:1â1 \/ s6:1â1 \/ s7:1â2, 3â2"",
	""s1:3â1 \/ s2:3â1 \/ s3:1â1 \/ s4:1â1 \/ s5:1â1 \/ s6:1â1 \/ s7:1â2, 3â2"",
	""s1:3â1 \/ s2:3â1 \/ s3:1â1 \/ s4:1â1 \/ s5:1â1 \/ s6:1â1 \/ s7:1â2, 3â2"",
	""s1:3â1 \/ s2:3â1 \/ s3:1â1 \/ s4:1â1 \/ s5:1â1 \/ s6:1â1 \/ s7:1â3, 3â1"",
	""s1:3â1 \/ s2:3â1 \/ s3:1â1 \/ s4:1â1 \/ s5:1â1 \/ s6:1â1 \/ s7:1â3, 3â1"",
	""s1:3â1 \/ s2:3â1 \/ s3:1â1 \/ s4:1â1 \/ s5:1â1 \/ s6:1â1 \/ s7:1â3, 3â1"",
	""s1:3â1 \/ s2:3â1 \/ s3:1â1 \/ s4:1â1 \/ s5:1â1 \/ s6:1â1 \/ s7:1â3, 3â1"",
	""s1:3â1 \/ s2:3â1 \/ s3:1â1 \/ s4:1â1 \/ s5:1â1 \/ s6:1â1 \/ s7:1â3, 3â1"",
	""s1:3â1 \/ s2:3â1 \/ s3:1â1 \/ s4:1â1 \/ s5:1â1 \/ s6:1â1 \/ s7:1â3, 3â1"",
	""s1:3â1 \/ s2:3â1 \/ s3:1â1 \/ s4:1â1 \/ s5:1â1 \/ s6:1â1 \/ s7:1â3, 3â2"",
	""s1:3â1 \/ s2:3â1 \/ s3:1â1 \/ s4:1â1 \/ s5:1â1 \/ s6:1â1 \/ s7:1â3, 3â2"",
	""s1:3â1 \/ s2:3â1 \/ s3:1â1 \/ s4:1â1 \/ s5:1â1 \/ s6:1â1 \/ s7:1â3, 3â2"",
	""s1:3â1 \/ s2:3â1 \/ s3:1â1 \/ s4:1â1 \/ s5:1â1 \/ s6:1â1 \/ s7:1â3, 3â2"",
	""s1:3â1 \/ s2:3â1 \/ s3:1â1 \/ s4:1â1 \/ s5:1â1 \/ s6:1â1 \/ s7:1â3, 3â2"",
	""s1:3â1 \/ s2:3â1 \/ s3:1â1 \/ s4:1â1 \/ s5:1â1 \/ s6:1â1 \/ s7:1â3, 3â2"",
	""s1:3â1 \/ s2:3â1 \/ s3:1â1 \/ s4:1â1 \/ s5:1â1 \/ s6:1â1 \/ s7:1â4, 3â1"",
	""s1:3â1 \/ s2:3â1 \/ s3:1â1 \/ s4:1â1 \/ s5:1â1 \/ s6:1â1 \/ s7:1â4, 3â1"",
	""s1:3â1 \/ s2:3â1 \/ s3:1â1 \/ s4:1â1 \/ s5:1â1 \/ s6:1â1 \/ s7:1â4, 3â1"",
	""s1:3â1 \/ s2:3â1 \/ s3:1â1 \/ s4:1â1 \/ s5:1â1 \/ s6:1â1 \/ s7:1â4, 3â1"",
	""s1:3â1 \/ s2:3â1 \/ s3:1â1 \/ s4:1â1 \/ s5:1â1 \/ s6:1â1 \/ s7:1â4, 3â1"",
	""s1:3â1 \/ s2:3â1 \/ s3:1â1 \/ s4:1â1 \/ s5:1â1 \/ s6:1â1 \/ s7:1â4, 3â1"",
	""s1:3â1 \/ s2:3â1 \/ s3:1â1 \/ s4:1â1 \/ s5:3â1 \/ s6:1â1, 3â1 \/ s7:1â1, 3â1"",
	""s1:3â1 \/ s2:3â1 \/ s3:1â1 \/ s4:1â1 \/ s5:3â1 \/ s6:1â1, 3â1 \/ s7:1â1, 3â1"",
	""s1:3â1 \/ s2:3â1 \/ s3:1â1 \/ s4:1â1 \/ s5:3â1 \/ s6:1â1, 3â1 \/ s7:1â1, 3â1"",
	""s1:3â1 \/ s2:3â1 \/ s3:1â1 \/ s4:1â1 \/ s5:3â1 \/ s6:1â1, 3â1 \/ s7:1â1, 3â1"",
	""s1:3â1 \/ s2:3â1 \/ s3:1â1 \/ s4:1â1 \/ s5:3â1 \/ s6:1â1, 3â1 \/ s7:1â1, 3â1"",
	""s1:3â1 \/ s2:3â1 \/ s3:1â1 \/ s4:1â1 \/ s5:3â1 \/ s6:1â1, 3â1 \/ s7:1â1, 3â1"",
	""s1:3â1 \/ s2:3â1 \/ s3:1â1 \/ s4:1â1 \/ s5:3â1 \/ s6:1â1, 3â1 \/ s7:1â1, 3â1"",
	""s1:3â1 \/ s2:3â1 \/ s3:1â1 \/ s4:1â1 \/ s5:3â1 \/ s6:1â1, 3â1 \/ s7:1â1, 3â1"",
	""s1:3â1 \/ s2:3â1 \/ s3:1â1 \/ s4:1â1 \/ s5:3â1 \/ s6:1â1, 3â1 \/ s7:1â2, 3â1"",
	""s1:3â1 \/ s2:3â1 \/ s3:1â1 \/ s4:1â1 \/ s5:3â1 \/ s6:1â1, 3â1 \/ s7:1â2, 3â1"",
	""s1:3â1 \/ s2:3â1 \/ s3:1â1 \/ s4:1â1 \/ s5:3â1 \/ s6:1â1, 3â1 \/ s7:1â2, 3â1"",
	""s1:3â1 \/ s2:3â1 \/ s3:1â1 \/ s4:1â1 \/ s5:3â1 \/ s6:1â1, 3â1 \/ s7:1â2, 3â1"",
	""s1:3â1 \/ s2:3â1 \/ s3:1â1 \/ s4:1â1 \/ s5:3â1 \/ s6:1â1 \/ s7:1â1, 3â1"",
	""s1:3â1 \/ s2:3â1 \/ s3:1â1 \/ s4:1â1 \/ s5:3â1 \/ s6:1â1 \/ s7:1â1, 3â1"",
	""s1:3â1 \/ s2:3â1 \/ s3:1â1 \/ s4:1â1 \/ s5:3â1 \/ s6:1â1 \/ s7:1â1, 3â1"",
	""s1:3â1 \/ s2:3â1 \/ s3:1â1 \/ s4:1â1 \/ s5:3â1 \/ s6:1â1 \/ s7:1â1, 3â1"",
	""s1:3â1 \/ s2:3â1 \/ s3:1â1 \/ s4:1â1 \/ s5:3â1 \/ s6:1â1 \/ s7:1â1, 3â1"",
	""s1:3â1 \/ s2:3â1 \/ s3:1â1 \/ s4:1â1 \/ s5:3â1 \/ s6:1â1 \/ s7:1â1, 3â1"",
	""s1:3â1 \/ s2:3â1 \/ s3:1â1 \/ s4:1â1 \/ s5:3â1 \/ s6:1â1 \/ s7:1â1, 3â1"",
	""s1:3â1 \/ s2:3â1 \/ s3:1â1 \/ s4:1â1 \/ s5:3â1 \/ s6:1â1 \/ s7:1â1, 3â1"",
	""s1:3â1 \/ s2:3â1 \/ s3:1â1 \/ s4:1â1 \/ s5:3â1 \/ s6:1â1 \/ s7:1â1, 3â2"",
	""s1:3â1 \/ s2:3â1 \/ s3:1â1 \/ s4:1â1 \/ s5:3â1 \/ s6:1â1 \/ s7:1â1, 3â2"",
	""s1:3â1 \/ s2:3â1 \/ s3:1â1 \/ s4:1â1 \/ s5:3â1 \/ s6:1â1 \/ s7:1â1, 3â2"",
	""s1:3â1 \/ s2:3â1 \/ s3:1â1 \/ s4:1â1 \/ s5:3â1 \/ s6:1â1 \/ s7:1â1, 3â2"",
	""s1:3â1 \/ s2:3â1 \/ s3:1â1 \/ s4:1â1 \/ s5:3â1 \/ s6:1â1 \/ s7:1â2, 3â1"",
	""s1:3â1 \/ s2:3â1 \/ s3:1â1 \/ s4:1â1 \/ s5:3â1 \/ s6:1â1 \/ s7:1â2, 3â1"",
	""s1:3â1 \/ s2:3â1 \/ s3:1â1 \/ s4:1â1 \/ s5:3â1 \/ s6:1â1 \/ s7:1â2, 3â1"",
	""s1:3â1 \/ s2:3â1 \/ s3:1â1 \/ s4:1â1 \/ s5:3â1 \/ s6:1â1 \/ s7:1â2, 3â1"",
	""s1:3â1 \/ s2:3â1 \/ s3:1â1 \/ s4:1â1 \/ s5:3â1 \/ s6:1â1 \/ s7:1â2, 3â2"",
	""s1:3â1 \/ s2:3â1 \/ s3:1â1 \/ s4:1â1 \/ s5:3â1 \/ s6:1â1 \/ s7:1â2, 3â2"",
	""s1:3â1 \/ s2:3â1 \/ s3:1â1 \/ s4:1â1 \/ s5:3â1 \/ s6:1â1 \/ s7:1â2, 3â2"",
	""s1:3â1 \/ s2:3â1 \/ s3:1â1 \/ s4:1â1 \/ s5:3â1 \/ s6:1â1 \/ s7:1â2, 3â2"",
	""s1:3â1 \/ s2:3â1 \/ s3:1â1 \/ s4:1â1 \/ s5:3â1 \/ s6:1â1 \/ s7:1â2, 3â2"",
	""s1:3â1 \/ s2:3â1 \/ s3:1â1 \/ s4:1â1 \/ s5:3â1 \/ s6:1â1 \/ s7:1â2, 3â2"",
	""s1:3â1 \/ s2:3â1 \/ s3:1â1 \/ s4:1â1 \/ s5:3â1 \/ s6:1â1 \/ s7:1â2, 3â2"",
	""s1:3â1 \/ s2:3â1 \/ s3:1â1 \/ s4:1â1 \/ s5:3â1 \/ s6:1â1 \/ s7:1â2, 3â2"",
	""s1:3â1 \/ s2:3â1 \/ s3:1â1 \/ s4:1â1 \/ s5:3â1 \/ s6:1â1 \/ s7:1â2, 3â3"",
	""s1:3â1 \/ s2:3â1 \/ s3:1â1 \/ s4:1â1 \/ s5:3â1 \/ s6:1â1 \/ s7:1â2, 3â3"",
	""s1:3â1 \/ s2:3â1 \/ s3:1â1 \/ s4:1â1 \/ s5:3â1 \/ s6:1â1 \/ s7:1â2, 3â3"",
	""s1:3â1 \/ s2:3â1 \/ s3:1â1 \/ s4:1â1 \/ s5:3â1 \/ s6:1â1 \/ s7:1â2, 3â3"",
	""s1:3â1 \/ s2:3â1 \/ s3:1â1 \/ s4:1â1 \/ s5:3â1 \/ s6:1â1 \/ s7:1â3, 3â2"",
	""s1:3â1 \/ s2:3â1 \/ s3:1â1 \/ s4:1â1 \/ s5:3â1 \/ s6:1â1 \/ s7:1â3, 3â2"",
	""s1:3â1 \/ s2:3â1 \/ s3:1â1 \/ s4:1â1 \/ s5:3â1 \/ s6:1â1 \/ s7:1â3, 3â2"",
	""s1:3â1 \/ s2:3â1 \/ s3:1â1 \/ s4:1â1 \/ s5:3â1 \/ s6:1â1 \/ s7:1â3, 3â2"",
	""s1:3â1 \/ s2:3â1 \/ s3:1â1 \/ s4:1â1 \/ s5:3â1 \/ s6:3â1 \/ s7:1â1, 3â1"",
	""s1:3â1 \/ s2:3â1 \/ s3:1â1 \/ s4:1â1 \/ s5:3â1 \/ s6:3â1 \/ s7:1â1, 3â1"",
	""s1:3â1 \/ s2:3â1 \/ s3:1â1 \/ s4:1â1 \/ s5:3â1 \/ s6:3â1 \/ s7:1â1, 3â1"",
	""s1:3â1 \/ s2:3â1 \/ s3:1â1 \/ s4:1â1 \/ s5:3â1 \/ s6:3â1 \/ s7:1â1, 3â1"",
	""s1:3â1 \/ s2:3â1 \/ s3:1â1 \/ s4:1â1 \/ s5:3â1 \/ s6:3â1 \/ s7:1â1, 3â1"",
	""s1:3â1 \/ s2:3â1 \/ s3:1â1 \/ s4:1â1 \/ s5:3â1 \/ s6:3â1 \/ s7:1â1, 3â1"",
	""s1:3â1 \/ s2:3â1 \/ s3:1â1 \/ s4:1â1 \/ s5:3â1 \/ s6:3â1 \/ s7:1â1, 3â1"",
	""s1:3â1 \/ s2:3â1 \/ s3:1â1 \/ s4:1â1 \/ s5:3â1 \/ s6:3â1 \/ s7:1â1, 3â1"",
	""s1:3â1 \/ s2:3â1 \/ s3:1â1 \/ s4:1â1 \/ s5:3â1 \/ s6:3â1 \/ s7:1â1, 3â2"",
	""s1:3â1 \/ s2:3â1 \/ s3:1â1 \/ s4:1â1 \/ s5:3â1 \/ s6:3â1 \/ s7:1â1, 3â2"",
	""s1:3â1 \/ s2:3â1 \/ s3:1â1 \/ s4:1â1 \/ s5:3â1 \/ s6:3â1 \/ s7:1â1, 3â2"",
	""s1:3â1 \/ s2:3â1 \/ s3:1â1 \/ s4:1â1 \/ s5:3â1 \/ s6:3â1 \/ s7:1â1, 3â2"",
	""s1:3â1 \/ s2:3â1 \/ s3:1â1 \/ s4:1â1 \/ s5:3â1 \/ s6:3â1 \/ s7:1â1, 3â2"",
	""s1:3â1 \/ s2:3â1 \/ s3:1â1 \/ s4:1â1 \/ s5:3â1 \/ s6:3â1 \/ s7:1â1, 3â2"",
	""s1:3â1 \/ s2:3â1 \/ s3:1â1 \/ s4:1â1 \/ s5:3â1 \/ s6:3â1 \/ s7:1â1, 3â3"",
	""s1:3â1 \/ s2:3â1 \/ s3:1â1 \/ s4:1â1 \/ s5:3â1 \/ s6:3â1 \/ s7:1â1, 3â3"",
	""s1:3â1 \/ s2:3â1 \/ s3:1â1 \/ s4:1â1 \/ s5:3â1 \/ s6:3â1 \/ s7:1â1, 3â3"",
	""s1:3â1 \/ s2:3â1 \/ s3:1â1 \/ s4:1â1 \/ s5:3â1 \/ s6:3â1 \/ s7:1â1, 3â3"",
	""s1:3â1 \/ s2:3â1 \/ s3:1â1 \/ s4:1â1 \/ s5:3â1 \/ s6:3â1 \/ s7:1â1, 3â3"",
	""s1:3â1 \/ s2:3â1 \/ s3:1â1 \/ s4:1â1 \/ s5:3â1 \/ s6:3â1 \/ s7:1â1, 3â3"",
	""s1:3â1 \/ s2:3â1 \/ s3:1â1 \/ s4:1â1 \/ s5:3â1 \/ s6:3â1 \/ s7:1â1, 3â4"",
	""s1:3â1 \/ s2:3â1 \/ s3:1â1 \/ s4:1â1 \/ s5:3â1 \/ s6:3â1 \/ s7:1â1, 3â4"",
	""s1:3â1 \/ s2:3â1 \/ s3:1â1 \/ s4:1â1 \/ s5:3â1 \/ s6:3â1 \/ s7:1â1, 3â4"",
	""s1:3â1 \/ s2:3â1 \/ s3:1â1 \/ s4:1â1 \/ s5:3â1 \/ s6:3â1 \/ s7:1â1, 3â4"",
	""s1:3â1 \/ s2:3â1 \/ s3:1â1 \/ s4:1â1 \/ s5:3â1 \/ s6:3â1 \/ s7:1â1, 3â4"",
	""s1:3â1 \/ s2:3â1 \/ s3:1â1 \/ s4:1â1 \/ s5:3â1 \/ s6:3â1 \/ s7:1â1, 3â4"",
	""s1:3â1 \/ s2:3â1 \/ s3:1â1 \/ s4:1â1 \/ s5:3â1 \/ s6:3â1 \/ s7:1â2, 3â2"",
	""s1:3â1 \/ s2:3â1 \/ s3:1â1 \/ s4:1â1 \/ s5:3â1 \/ s6:3â1 \/ s7:1â2, 3â2"",
	""s1:3â1 \/ s2:3â1 \/ s3:1â1 \/ s4:1â1 \/ s5:3â1 \/ s6:3â1 \/ s7:1â2, 3â2"",
	""s1:3â1 \/ s2:3â1 \/ s3:1â1 \/ s4:1â1 \/ s5:3â1 \/ s6:3â1 \/ s7:1â2, 3â2"",
	""s1:3â1 \/ s2:3â1 \/ s3:1â1 \/ s4:1â1 \/ s5:3â1 \/ s6:3â1 \/ s7:1â2, 3â3"",
	""s1:3â1 \/ s2:3â1 \/ s3:1â1 \/ s4:1â1 \/ s5:3â1 \/ s6:3â1 \/ s7:1â2, 3â3"",
	""s1:3â1 \/ s2:3â1 \/ s3:1â1 \/ s4:1â1 \/ s5:3â1 \/ s6:3â1 \/ s7:1â2, 3â3"",
	""s1:3â1 \/ s2:3â1 \/ s3:1â1 \/ s4:1â1 \/ s5:3â1 \/ s6:3â1 \/ s7:1â2, 3â3"",
	""s1:3â1 \/ s2:3â1 \/ s3:1â1 \/ s4:1â1 \/ s5:3â1 \/ s6:3â1 \/ s7:1â2, 3â3"",
	""s1:3â1 \/ s2:3â1 \/ s3:1â1 \/ s4:1â1 \/ s5:3â1 \/ s6:3â1 \/ s7:1â2, 3â3"",
	""s1:3â1 \/ s2:3â1 \/ s3:1â1 \/ s4:1â1 \/ s5:3â1 \/ s6:3â1 \/ s7:3â1"",
	""s1:3â1 \/ s2:3â1 \/ s3:1â1 \/ s4:1â1 \/ s5:3â1 \/ s6:3â1 \/ s7:3â1"",
	""s1:3â1 \/ s2:3â1 \/ s3:1â1 \/ s4:1â1 \/ s5:3â1 \/ s6:3â1 \/ s7:3â1"",
	""s1:3â1 \/ s2:3â1 \/ s3:1â1 \/ s4:1â1 \/ s5:3â1 \/ s6:3â1 \/ s7:3â1"",
	""s1:3â1 \/ s2:3â1 \/ s3:1â1 \/ s4:1â1 \/ s5:3â1 \/ s6:3â1 \/ s7:3â1"",
	""s1:3â1 \/ s2:3â1 \/ s3:1â1 \/ s4:1â1 \/ s5:3â1 \/ s6:3â1 \/ s7:3â1""
]"	"[
	""s5:4â1 \/ s6:4â1 \/ s7:6â1"",
	""s5:4â1 \/ s6:4â1 \/ s7:7â1"",
	""s5:4â1 \/ s6:6â1 \/ s7:4â1"",
	""s5:4â1 \/ s6:7â1 \/ s7:4â1"",
	""s5:5â1 \/ s6:5â1 \/ s7:6â1"",
	""s5:5â1 \/ s6:5â1 \/ s7:7â1"",
	""s5:5â1 \/ s6:6â1 \/ s7:5â1"",
	""s5:5â1 \/ s6:7â1 \/ s7:5â1"",
	""s5:4â1 \/ s6:4â1 \/ s7:6â1"",
	""s5:4â1 \/ s6:4â1 \/ s7:7â1"",
	""s5:5â1 \/ s6:5â1 \/ s7:6â1"",
	""s5:5â1 \/ s6:5â1 \/ s7:7â1"",
	""s5:4â1 \/ s6:4â1 \/ s7:5â1"",
	""s5:4â1 \/ s6:5â1 \/ s7:4â1"",
	""s5:4â1 \/ s6:5â1 \/ s7:5â1"",
	""s5:5â1 \/ s6:4â1 \/ s7:4â1"",
	""s5:5â1 \/ s6:4â1 \/ s7:5â1"",
	""s5:5â1 \/ s6:5â1 \/ s7:4â1"",
	""s5:4â1 \/ s6:4â1 \/ s7:6â1"",
	""s5:4â1 \/ s6:4â1 \/ s7:7â1"",
	""s5:4â1 \/ s6:5â1 \/ s7:4â1"",
	""s5:4â1 \/ s6:5â1 \/ s7:5â1"",
	""s5:5â1 \/ s6:4â1 \/ s7:4â1"",
	""s5:5â1 \/ s6:4â1 \/ s7:5â1"",
	""s5:5â1 \/ s6:5â1 \/ s7:6â1"",
	""s5:5â1 \/ s6:5â1 \/ s7:7â1"",
	""s5:4â1 \/ s6:4â1 \/ s7:5â1"",
	""s5:4â1 \/ s6:5â1 \/ s7:4â1"",
	""s5:4â1 \/ s6:5â1 \/ s7:5â1"",
	""s5:5â1 \/ s6:4â1 \/ s7:4â1"",
	""s5:5â1 \/ s6:4â1 \/ s7:5â1"",
	""s5:5â1 \/ s6:5â1 \/ s7:4â1"",
	""s5:4â1 \/ s6:5â1 \/ s7:4â1"",
	""s5:4â1 \/ s6:5â1 \/ s7:5â1"",
	""s5:5â1 \/ s6:4â1 \/ s7:4â1"",
	""s5:5â1 \/ s6:4â1 \/ s7:5â1"",
	""s5:4â1 \/ s6:4â1 \/ s7:5â1"",
	""s5:4â1 \/ s6:5â1 \/ s7:4â1"",
	""s5:4â1 \/ s6:5â1 \/ s7:5â1"",
	""s5:5â1 \/ s6:4â1 \/ s7:4â1"",
	""s5:5â1 \/ s6:4â1 \/ s7:5â1"",
	""s5:5â1 \/ s6:5â1 \/ s7:4â1"",
	""s5:4â1 \/ s6:4â1 \/ s7:5â1"",
	""s5:4â1 \/ s6:5â1 \/ s7:4â1"",
	""s5:4â1 \/ s6:5â1 \/ s7:5â1"",
	""s5:5â1 \/ s6:4â1 \/ s7:4â1"",
	""s5:5â1 \/ s6:4â1 \/ s7:5â1"",
	""s5:5â1 \/ s6:5â1 \/ s7:4â1"",
	""s5:4â1 \/ s6:4â1 \/ s7:5â1"",
	""s5:4â1 \/ s6:5â1 \/ s7:4â1"",
	""s5:4â1 \/ s6:5â1 \/ s7:5â1"",
	""s5:5â1 \/ s6:4â1 \/ s7:4â1"",
	""s5:5â1 \/ s6:4â1 \/ s7:5â1"",
	""s5:5â1 \/ s6:5â1 \/ s7:4â1"",
	""s5:6â1 \/ s6:4â1 \/ s7:6â1"",
	""s5:6â1 \/ s6:5â1 \/ s7:6â1"",
	""s5:6â1 \/ s6:6â1 \/ s7:4â1"",
	""s5:6â1 \/ s6:6â1 \/ s7:5â1"",
	""s5:7â1 \/ s6:4â1 \/ s7:7â1"",
	""s5:7â1 \/ s6:5â1 \/ s7:7â1"",
	""s5:7â1 \/ s6:7â1 \/ s7:4â1"",
	""s5:7â1 \/ s6:7â1 \/ s7:5â1"",
	""s5:6â1 \/ s6:6â1 \/ s7:4â1"",
	""s5:6â1 \/ s6:6â1 \/ s7:5â1"",
	""s5:7â1 \/ s6:7â1 \/ s7:4â1"",
	""s5:7â1 \/ s6:7â1 \/ s7:5â1"",
	""s5:6â1 \/ s6:4â1 \/ s7:4â1"",
	""s5:6â1 \/ s6:4â1 \/ s7:6â1"",
	""s5:6â1 \/ s6:5â1 \/ s7:5â1"",
	""s5:6â1 \/ s6:5â1 \/ s7:6â1"",
	""s5:7â1 \/ s6:4â1 \/ s7:4â1"",
	""s5:7â1 \/ s6:4â1 \/ s7:7â1"",
	""s5:7â1 \/ s6:5â1 \/ s7:5â1"",
	""s5:7â1 \/ s6:5â1 \/ s7:7â1"",
	""s5:6â1 \/ s6:4â1 \/ s7:6â1"",
	""s5:6â1 \/ s6:5â1 \/ s7:6â1"",
	""s5:7â1 \/ s6:4â1 \/ s7:7â1"",
	""s5:7â1 \/ s6:5â1 \/ s7:7â1"",
	""s5:6â1 \/ s6:4â1 \/ s7:4â1"",
	""s5:6â1 \/ s6:5â1 \/ s7:5â1"",
	""s5:7â1 \/ s6:4â1 \/ s7:4â1"",
	""s5:7â1 \/ s6:5â1 \/ s7:5â1"",
	""s5:6â1 \/ s6:4â1 \/ s7:4â1"",
	""s5:6â1 \/ s6:4â1 \/ s7:6â1"",
	""s5:6â1 \/ s6:5â1 \/ s7:5â1"",
	""s5:6â1 \/ s6:5â1 \/ s7:6â1"",
	""s5:7â1 \/ s6:4â1 \/ s7:4â1"",
	""s5:7â1 \/ s6:4â1 \/ s7:7â1"",
	""s5:7â1 \/ s6:5â1 \/ s7:5â1"",
	""s5:7â1 \/ s6:5â1 \/ s7:7â1"",
	""s5:6â1 \/ s6:4â1 \/ s7:6â1"",
	""s5:6â1 \/ s6:5â1 \/ s7:6â1"",
	""s5:7â1 \/ s6:4â1 \/ s7:7â1"",
	""s5:7â1 \/ s6:5â1 \/ s7:7â1"",
	""s5:6â1 \/ s6:4â1 \/ s7:4â1"",
	""s5:6â1 \/ s6:5â1 \/ s7:5â1"",
	""s5:7â1 \/ s6:4â1 \/ s7:4â1"",
	""s5:7â1 \/ s6:5â1 \/ s7:5â1"",
	""s5:6â1 \/ s6:6â1 \/ s7:4â1"",
	""s5:6â1 \/ s6:6â1 \/ s7:5â1"",
	""s5:6â1 \/ s6:7â1 \/ s7:6â1"",
	""s5:6â1 \/ s6:7â1 \/ s7:7â1"",
	""s5:7â1 \/ s6:6â1 \/ s7:6â1"",
	""s5:7â1 \/ s6:6â1 \/ s7:7â1"",
	""s5:7â1 \/ s6:7â1 \/ s7:4â1"",
	""s5:7â1 \/ s6:7â1 \/ s7:5â1"",
	""s5:6â1 \/ s6:6â1 \/ s7:7â1"",
	""s5:6â1 \/ s6:7â1 \/ s7:6â1"",
	""s5:6â1 \/ s6:7â1 \/ s7:7â1"",
	""s5:7â1 \/ s6:6â1 \/ s7:6â1"",
	""s5:7â1 \/ s6:6â1 \/ s7:7â1"",
	""s5:7â1 \/ s6:7â1 \/ s7:6â1"",
	""s5:6â1 \/ s6:6â1 \/ s7:7â1"",
	""s5:6â1 \/ s6:7â1 \/ s7:6â1"",
	""s5:6â1 \/ s6:7â1 \/ s7:7â1"",
	""s5:7â1 \/ s6:6â1 \/ s7:6â1"",
	""s5:7â1 \/ s6:6â1 \/ s7:7â1"",
	""s5:7â1 \/ s6:7â1 \/ s7:6â1"",
	""s5:6â1 \/ s6:6â1 \/ s7:7â1"",
	""s5:6â1 \/ s6:7â1 \/ s7:6â1"",
	""s5:6â1 \/ s6:7â1 \/ s7:7â1"",
	""s5:7â1 \/ s6:6â1 \/ s7:6â1"",
	""s5:7â1 \/ s6:6â1 \/ s7:7â1"",
	""s5:7â1 \/ s6:7â1 \/ s7:6â1"",
	""s5:6â1 \/ s6:7â1 \/ s7:6â1"",
	""s5:6â1 \/ s6:7â1 \/ s7:7â1"",
	""s5:7â1 \/ s6:6â1 \/ s7:6â1"",
	""s5:7â1 \/ s6:6â1 \/ s7:7â1"",
	""s5:6â1 \/ s6:6â1 \/ s7:7â1"",
	""s5:6â1 \/ s6:7â1 \/ s7:6â1"",
	""s5:6â1 \/ s6:7â1 \/ s7:7â1"",
	""s5:7â1 \/ s6:6â1 \/ s7:6â1"",
	""s5:7â1 \/ s6:6â1 \/ s7:7â1"",
	""s5:7â1 \/ s6:7â1 \/ s7:6â1"",
	""s5:6â1 \/ s6:6â1 \/ s7:7â1"",
	""s5:6â1 \/ s6:7â1 \/ s7:6â1"",
	""s5:6â1 \/ s6:7â1 \/ s7:7â1"",
	""s5:7â1 \/ s6:6â1 \/ s7:6â1"",
	""s5:7â1 \/ s6:6â1 \/ s7:7â1"",
	""s5:7â1 \/ s6:7â1 \/ s7:6â1""
]"
3	1	"0"	"2 su(3)+g2+su(2)+so(7)+2 su(2)"	12	51	3	4	0	0	0	0	0	0	"[
	""s1:3â1 \/ s2:3â1 \/ s3:1â1 \/ s4:1â1 \/ s5:1â1 \/ s6:1â1 \/ s7:1â1, 3â1"",
	""s1:3â1 \/ s2:3â1 \/ s3:1â1 \/ s4:1â1 \/ s5:1â1 \/ s6:1â1 \/ s7:1â1, 3â1"",
	""s1:3â1 \/ s2:3â1 \/ s3:1â1 \/ s4:1â1 \/ s5:1â1 \/ s6:1â1 \/ s7:1â2"",
	""s1:3â1 \/ s2:3â1 \/ s3:1â1 \/ s4:1â1 \/ s5:1â1 \/ s6:1â1 \/ s7:1â2"",
	""s1:3â1 \/ s2:3â1 \/ s3:1â1 \/ s4:1â1 \/ s5:1â1 \/ s6:1â1 \/ s7:1â2"",
	""s1:3â1 \/ s2:3â1 \/ s3:1â1 \/ s4:1â1 \/ s5:1â1 \/ s6:1â1 \/ s7:1â2"",
	""s1:3â1 \/ s2:3â1 \/ s3:1â1 \/ s4:1â1 \/ s5:1â1 \/ s6:1â1 \/ s7:1â2"",
	""s1:3â1 \/ s2:3â1 \/ s3:1â1 \/ s4:1â1 \/ s5:1â1 \/ s6:1â1 \/ s7:1â2"",
	""s1:3â1 \/ s2:3â1 \/ s3:1â1 \/ s4:1â1 \/ s5:3â1 \/ s6:3â1 \/ s7:1â1, 3â1"",
	""s1:3â1 \/ s2:3â1 \/ s3:1â1 \/ s4:1â1 \/ s5:3â1 \/ s6:3â1 \/ s7:1â1, 3â1"",
	""s1:3â1 \/ s2:3â1 \/ s3:1â1 \/ s4:1â1 \/ s5:3â1 \/ s6:3â1 \/ s7:3â2"",
	""s1:3â1 \/ s2:3â1 \/ s3:1â1 \/ s4:1â1 \/ s5:3â1 \/ s6:3â1 \/ s7:3â2"",
	""s1:3â1 \/ s2:3â1 \/ s3:1â1 \/ s4:1â1 \/ s5:3â1 \/ s6:3â1 \/ s7:3â2"",
	""s1:3â1 \/ s2:3â1 \/ s3:1â1 \/ s4:1â1 \/ s5:3â1 \/ s6:3â1 \/ s7:3â2"",
	""s1:3â1 \/ s2:3â1 \/ s3:1â1 \/ s4:1â1 \/ s5:3â1 \/ s6:3â1 \/ s7:3â2"",
	""s1:3â1 \/ s2:3â1 \/ s3:1â1 \/ s4:1â1 \/ s5:3â1 \/ s6:3â1 \/ s7:3â2""
]"	"[
	""s5:4â1 \/ s6:4â1 \/ s7:5â1"",
	""s5:5â1 \/ s6:5â1 \/ s7:4â1"",
	""s5:4â1 \/ s6:4â1 \/ s7:5â1"",
	""s5:4â1 \/ s6:5â1 \/ s7:4â1"",
	""s5:4â1 \/ s6:5â1 \/ s7:5â1"",
	""s5:5â1 \/ s6:4â1 \/ s7:4â1"",
	""s5:5â1 \/ s6:4â1 \/ s7:5â1"",
	""s5:5â1 \/ s6:5â1 \/ s7:4â1"",
	""s5:6â1 \/ s6:6â1 \/ s7:7â1"",
	""s5:7â1 \/ s6:7â1 \/ s7:6â1"",
	""s5:6â1 \/ s6:6â1 \/ s7:7â1"",
	""s5:6â1 \/ s6:7â1 \/ s7:6â1"",
	""s5:6â1 \/ s6:7â1 \/ s7:7â1"",
	""s5:7â1 \/ s6:6â1 \/ s7:6â1"",
	""s5:7â1 \/ s6:6â1 \/ s7:7â1"",
	""s5:7â1 \/ s6:7â1 \/ s7:6â1""
]"
3	1	"0"	"2 su(3)+g2+su(2)+so(7)+2 su(2)"	13	51	3	4	0	0	0	0	0	0	"[
	""s1:3â1 \/ s2:3â1 \/ s3:1â1 \/ s4:1â1 \/ s5:1â1 \/ s6:1â2 \/ s7:1â2"",
	""s1:3â1 \/ s2:3â1 \/ s3:1â1 \/ s4:1â1 \/ s5:1â1 \/ s6:1â2 \/ s7:1â2"",
	""s1:3â1 \/ s2:3â1 \/ s3:1â1 \/ s4:1â1 \/ s5:1â1 \/ s6:1â2 \/ s7:1â2"",
	""s1:3â1 \/ s2:3â1 \/ s3:1â1 \/ s4:1â1 \/ s5:1â1 \/ s6:1â2 \/ s7:1â2"",
	""s1:3â1 \/ s2:3â1 \/ s3:1â1 \/ s4:1â1 \/ s5:3â1 \/ s6:3â2 \/ s7:3â2"",
	""s1:3â1 \/ s2:3â1 \/ s3:1â1 \/ s4:1â1 \/ s5:3â1 \/ s6:3â2 \/ s7:3â2"",
	""s1:3â1 \/ s2:3â1 \/ s3:1â1 \/ s4:1â1 \/ s5:3â1 \/ s6:3â2 \/ s7:3â2"",
	""s1:3â1 \/ s2:3â1 \/ s3:1â1 \/ s4:1â1 \/ s5:3â1 \/ s6:3â2 \/ s7:3â2""
]"	"[
	""s5:4â1 \/ s6:4â1 \/ s7:5â1"",
	""s5:4â1 \/ s6:5â1 \/ s7:4â1"",
	""s5:5â1 \/ s6:4â1 \/ s7:5â1"",
	""s5:5â1 \/ s6:5â1 \/ s7:4â1"",
	""s5:6â1 \/ s6:6â1 \/ s7:7â1"",
	""s5:6â1 \/ s6:7â1 \/ s7:6â1"",
	""s5:7â1 \/ s6:6â1 \/ s7:7â1"",
	""s5:7â1 \/ s6:7â1 \/ s7:6â1""
]"
3	1	"0"	"2 su(3)+g2+su(2)+so(7)+2 su(2)"	14	51	3	4	0	0	0	0	0	0	"[
	""s1:3â1 \/ s2:3â1 \/ s3:1â1 \/ s4:1â1 \/ s5:1â1 \/ s6:1â1 \/ s7:1â1"",
	""s1:3â1 \/ s2:3â1 \/ s3:1â1 \/ s4:1â1 \/ s5:1â1 \/ s6:1â1 \/ s7:1â1"",
	""s1:3â1 \/ s2:3â1 \/ s3:1â1 \/ s4:1â1 \/ s5:1â1 \/ s6:1â1 \/ s7:1â1"",
	""s1:3â1 \/ s2:3â1 \/ s3:1â1 \/ s4:1â1 \/ s5:1â1 \/ s6:1â1 \/ s7:1â1"",
	""s1:3â1 \/ s2:3â1 \/ s3:1â1 \/ s4:1â1 \/ s5:1â1 \/ s6:1â1 \/ s7:1â1"",
	""s1:3â1 \/ s2:3â1 \/ s3:1â1 \/ s4:1â1 \/ s5:1â1 \/ s6:1â1 \/ s7:1â1"",
	""s1:3â1 \/ s2:3â1 \/ s3:1â1 \/ s4:1â1 \/ s5:1â1 \/ s6:1â1 \/ s7:1â1"",
	""s1:3â1 \/ s2:3â1 \/ s3:1â1 \/ s4:1â1 \/ s5:1â1 \/ s6:1â1 \/ s7:1â1"",
	""s1:3â1 \/ s2:3â1 \/ s3:1â1 \/ s4:1â1 \/ s5:1â1 \/ s6:1â1 \/ s7:1â1"",
	""s1:3â1 \/ s2:3â1 \/ s3:1â1 \/ s4:1â1 \/ s5:1â1 \/ s6:1â1 \/ s7:1â1"",
	""s1:3â1 \/ s2:3â1 \/ s3:1â1 \/ s4:1â1 \/ s5:1â1 \/ s6:1â1 \/ s7:1â1"",
	""s1:3â1 \/ s2:3â1 \/ s3:1â1 \/ s4:1â1 \/ s5:1â1 \/ s6:1â1 \/ s7:1â1"",
	""s1:3â1 \/ s2:3â1 \/ s3:1â1 \/ s4:1â1 \/ s5:3â1 \/ s6:3â1 \/ s7:3â1"",
	""s1:3â1 \/ s2:3â1 \/ s3:1â1 \/ s4:1â1 \/ s5:3â1 \/ s6:3â1 \/ s7:3â1"",
	""s1:3â1 \/ s2:3â1 \/ s3:1â1 \/ s4:1â1 \/ s5:3â1 \/ s6:3â1 \/ s7:3â1"",
	""s1:3â1 \/ s2:3â1 \/ s3:1â1 \/ s4:1â1 \/ s5:3â1 \/ s6:3â1 \/ s7:3â1"",
	""s1:3â1 \/ s2:3â1 \/ s3:1â1 \/ s4:1â1 \/ s5:3â1 \/ s6:3â1 \/ s7:3â1"",
	""s1:3â1 \/ s2:3â1 \/ s3:1â1 \/ s4:1â1 \/ s5:3â1 \/ s6:3â1 \/ s7:3â1"",
	""s1:3â1 \/ s2:3â1 \/ s3:1â1 \/ s4:1â1 \/ s5:3â1 \/ s6:3â1 \/ s7:3â1"",
	""s1:3â1 \/ s2:3â1 \/ s3:1â1 \/ s4:1â1 \/ s5:3â1 \/ s6:3â1 \/ s7:3â1"",
	""s1:3â1 \/ s2:3â1 \/ s3:1â1 \/ s4:1â1 \/ s5:3â1 \/ s6:3â1 \/ s7:3â1"",
	""s1:3â1 \/ s2:3â1 \/ s3:1â1 \/ s4:1â1 \/ s5:3â1 \/ s6:3â1 \/ s7:3â1"",
	""s1:3â1 \/ s2:3â1 \/ s3:1â1 \/ s4:1â1 \/ s5:3â1 \/ s6:3â1 \/ s7:3â1"",
	""s1:3â1 \/ s2:3â1 \/ s3:1â1 \/ s4:1â1 \/ s5:3â1 \/ s6:3â1 \/ s7:3â1""
]"	"[
	""s5:4â1 \/ s6:4â1 \/ s7:6â1"",
	""s5:4â1 \/ s6:4â1 \/ s7:7â1"",
	""s5:4â1 \/ s6:6â1 \/ s7:4â1"",
	""s5:4â1 \/ s6:7â1 \/ s7:4â1"",
	""s5:5â1 \/ s6:5â1 \/ s7:6â1"",
	""s5:5â1 \/ s6:5â1 \/ s7:7â1"",
	""s5:5â1 \/ s6:6â1 \/ s7:5â1"",
	""s5:5â1 \/ s6:7â1 \/ s7:5â1"",
	""s5:6â1 \/ s6:4â1 \/ s7:4â1"",
	""s5:6â1 \/ s6:5â1 \/ s7:5â1"",
	""s5:7â1 \/ s6:4â1 \/ s7:4â1"",
	""s5:7â1 \/ s6:5â1 \/ s7:5â1"",
	""s5:4â1 \/ s6:6â1 \/ s7:6â1"",
	""s5:4â1 \/ s6:7â1 \/ s7:7â1"",
	""s5:5â1 \/ s6:6â1 \/ s7:6â1"",
	""s5:5â1 \/ s6:7â1 \/ s7:7â1"",
	""s5:6â1 \/ s6:4â1 \/ s7:6â1"",
	""s5:6â1 \/ s6:5â1 \/ s7:6â1"",
	""s5:6â1 \/ s6:6â1 \/ s7:4â1"",
	""s5:6â1 \/ s6:6â1 \/ s7:5â1"",
	""s5:7â1 \/ s6:4â1 \/ s7:7â1"",
	""s5:7â1 \/ s6:5â1 \/ s7:7â1"",
	""s5:7â1 \/ s6:7â1 \/ s7:4â1"",
	""s5:7â1 \/ s6:7â1 \/ s7:5â1""
]"
3	1	"0"	"2 su(3)+g2+su(2)+so(7)+2 su(2)"	15	51	3	4	0	0	0	0	0	0	"[
	""s1:3â1 \/ s2:3â1 \/ s3:1â1 \/ s4:1â1 \/ s5:1â1 \/ s6:1â2 \/ s7:1â2"",
	""s1:3â1 \/ s2:3â1 \/ s3:1â1 \/ s4:1â1 \/ s5:1â1 \/ s6:1â2 \/ s7:1â2"",
	""s1:3â1 \/ s2:3â1 \/ s3:1â1 \/ s4:1â1 \/ s5:3â1 \/ s6:3â2 \/ s7:3â2"",
	""s1:3â1 \/ s2:3â1 \/ s3:1â1 \/ s4:1â1 \/ s5:3â1 \/ s6:3â2 \/ s7:3â2""
]"	"[
	""s5:4â1 \/ s6:5â1 \/ s7:5â1"",
	""s5:5â1 \/ s6:4â1 \/ s7:4â1"",
	""s5:6â1 \/ s6:7â1 \/ s7:7â1"",
	""s5:7â1 \/ s6:6â1 \/ s7:6â1""
]"
3	1	"0"	"3 su(3)+2(g2+su(2))"	11	45	2	5	0	0	0	0	0	0	"[
	""s1:3â1 \/ s2:3â1 \/ s3:1â1 \/ s4:1â1 \/ s5:1â1, 3â1 \/ s6:1â1 \/ s7:1â1"",
	""s1:3â1 \/ s2:3â1 \/ s3:1â1 \/ s4:1â1 \/ s5:1â1, 3â1 \/ s6:1â1 \/ s7:1â1"",
	""s1:3â1 \/ s2:3â1 \/ s3:1â1 \/ s4:1â1 \/ s5:1â1, 3â1 \/ s6:3â1 \/ s7:1â1"",
	""s1:3â1 \/ s2:3â1 \/ s3:1â1 \/ s4:1â1 \/ s5:1â1, 3â1 \/ s6:3â1 \/ s7:1â1"",
	""s1:3â1 \/ s2:3â1 \/ s3:1â1 \/ s4:1â1 \/ s5:1â1, 3â1 \/ s6:3â1 \/ s7:1â1"",
	""s1:3â1 \/ s2:3â1 \/ s3:1â1 \/ s4:1â1 \/ s5:1â1, 3â1 \/ s6:3â1 \/ s7:1â1"",
	""s1:3â1 \/ s2:3â1 \/ s3:1â1 \/ s4:1â1 \/ s5:1â1, 3â1 \/ s6:3â1 \/ s7:3â1"",
	""s1:3â1 \/ s2:3â1 \/ s3:1â1 \/ s4:1â1 \/ s5:1â1, 3â1 \/ s6:3â1 \/ s7:3â1"",
	""s1:3â1 \/ s2:3â1 \/ s3:1â1 \/ s4:1â1 \/ s5:1â1 \/ s6:1â1, 3â1 \/ s7:1â1, 3â1"",
	""s1:3â1 \/ s2:3â1 \/ s3:1â1 \/ s4:1â1 \/ s5:1â1 \/ s6:1â1, 3â1 \/ s7:1â1, 3â1"",
	""s1:3â1 \/ s2:3â1 \/ s3:3â1 \/ s4:1â1 \/ s5:1â1 \/ s6:1â1, 3â1 \/ s7:1â1, 3â1"",
	""s1:3â1 \/ s2:3â1 \/ s3:3â1 \/ s4:1â1 \/ s5:1â1 \/ s6:1â1, 3â1 \/ s7:1â1, 3â1""
]"	"[
	""s6:4â1 \/ s7:5â1"",
	""s6:5â1 \/ s7:4â1"",
	""s6:6â1 \/ s7:4â1"",
	""s6:6â1 \/ s7:5â1"",
	""s6:7â1 \/ s7:4â1"",
	""s6:7â1 \/ s7:5â1"",
	""s6:6â1 \/ s7:7â1"",
	""s6:7â1 \/ s7:6â1"",
	""s6:4â1 \/ s7:5â1"",
	""s6:5â1 \/ s7:4â1"",
	""s6:7â1 \/ s7:8â1"",
	""s6:8â1 \/ s7:7â1""
]"
3	1	"0"	"3 su(3)+2(g2+su(2))"	12	45	2	5	0	0	0	0	0	0	"[
	""s1:3â1 \/ s2:3â1 \/ s3:1â1 \/ s4:1â1 \/ s5:1â1 \/ s6:1â1 \/ s7:1â1"",
	""s1:3â1 \/ s2:3â1 \/ s3:1â1 \/ s4:1â1 \/ s5:1â1 \/ s6:1â1 \/ s7:1â1"",
	""s1:3â1 \/ s2:3â1 \/ s3:1â1 \/ s4:1â1 \/ s5:1â1 \/ s6:3â1 \/ s7:1â1, 3â1"",
	""s1:3â1 \/ s2:3â1 \/ s3:1â1 \/ s4:1â1 \/ s5:1â1 \/ s6:3â1 \/ s7:1â1, 3â1"",
	""s1:3â1 \/ s2:3â1 \/ s3:1â1 \/ s4:1â1 \/ s5:1â1 \/ s6:3â1 \/ s7:1â1, 3â1"",
	""s1:3â1 \/ s2:3â1 \/ s3:1â1 \/ s4:1â1 \/ s5:1â1 \/ s6:3â1 \/ s7:1â1, 3â1"",
	""s1:3â1 \/ s2:3â1 \/ s3:1â1 \/ s4:1â1 \/ s5:1â1 \/ s6:3â1 \/ s7:1â1, 3â1"",
	""s1:3â1 \/ s2:3â1 \/ s3:1â1 \/ s4:1â1 \/ s5:1â1 \/ s6:3â1 \/ s7:1â1, 3â1"",
	""s1:3â1 \/ s2:3â1 \/ s3:3â1 \/ s4:1â1 \/ s5:1â1 \/ s6:1â1 \/ s7:1â1, 3â1"",
	""s1:3â1 \/ s2:3â1 \/ s3:3â1 \/ s4:1â1 \/ s5:1â1 \/ s6:1â1 \/ s7:1â1, 3â1"",
	""s1:3â1 \/ s2:3â1 \/ s3:3â1 \/ s4:1â1 \/ s5:1â1 \/ s6:1â1 \/ s7:1â1, 3â1"",
	""s1:3â1 \/ s2:3â1 \/ s3:3â1 \/ s4:1â1 \/ s5:1â1 \/ s6:1â1 \/ s7:1â1, 3â1"",
	""s1:3â1 \/ s2:3â1 \/ s3:3â1 \/ s4:1â1 \/ s5:1â1 \/ s6:1â1 \/ s7:1â1, 3â1"",
	""s1:3â1 \/ s2:3â1 \/ s3:3â1 \/ s4:1â1 \/ s5:1â1 \/ s6:1â1 \/ s7:1â1, 3â1"",
	""s1:3â1 \/ s2:3â1 \/ s3:3â1 \/ s4:1â1 \/ s5:1â1 \/ s6:3â1 \/ s7:3â1"",
	""s1:3â1 \/ s2:3â1 \/ s3:3â1 \/ s4:1â1 \/ s5:1â1 \/ s6:3â1 \/ s7:3â1""
]"	"[
	""s6:4â1 \/ s7:5â1"",
	""s6:5â1 \/ s7:4â1"",
	""s6:6â1 \/ s7:4â1"",
	""s6:6â1 \/ s7:5â1"",
	""s6:7â1 \/ s7:4â1"",
	""s6:7â1 \/ s7:5â1"",
	""s6:8â1 \/ s7:4â1"",
	""s6:8â1 \/ s7:5â1"",
	""s6:4â1 \/ s7:7â1"",
	""s6:4â1 \/ s7:8â1"",
	""s6:5â1 \/ s7:7â1"",
	""s6:5â1 \/ s7:8â1"",
	""s6:6â1 \/ s7:7â1"",
	""s6:6â1 \/ s7:8â1"",
	""s6:7â1 \/ s7:8â1"",
	""s6:8â1 \/ s7:7â1""
]"
3	1	"0"	"3 su(3)+2(g2+su(2))"	16	45	2	5	0	0	0	0	0	0	"[
	""s1:3â1 \/ s2:3â1 \/ s3:1â1 \/ s4:1â1 \/ s5:1â1 \/ s6:1â1 \/ s7:1â1, 3â1"",
	""s1:3â1 \/ s2:3â1 \/ s3:1â1 \/ s4:1â1 \/ s5:1â1 \/ s6:1â1 \/ s7:1â1, 3â1"",
	""s1:3â1 \/ s2:3â1 \/ s3:3â1 \/ s4:1â1 \/ s5:1â1 \/ s6:3â1 \/ s7:1â1, 3â1"",
	""s1:3â1 \/ s2:3â1 \/ s3:3â1 \/ s4:1â1 \/ s5:1â1 \/ s6:3â1 \/ s7:1â1, 3â1""
]"	"[
	""s6:4â1 \/ s7:5â1"",
	""s6:5â1 \/ s7:4â1"",
	""s6:7â1 \/ s7:8â1"",
	""s6:8â1 \/ s7:7â1""
]"
3	1	"0"	"3 su(3)+g2+su(2)+so(7)+2 su(2)"	11	43	2	5	0	0	0	0	0	0	"[
	""s1:3â1 \/ s2:3â1 \/ s4:1â1 \/ s5:1â1 \/ s6:1â1 \/ s7:1â1"",
	""s1:3â1 \/ s2:3â1 \/ s4:1â1 \/ s5:1â1 \/ s6:1â1 \/ s7:1â1"",
	""s1:3â1 \/ s2:3â1 \/ s4:1â1 \/ s5:1â1 \/ s6:1â1 \/ s7:1â1, 3â1"",
	""s1:3â1 \/ s2:3â1 \/ s4:1â1 \/ s5:1â1 \/ s6:1â1 \/ s7:1â1, 3â1"",
	""s1:3â1 \/ s2:3â1 \/ s4:1â1 \/ s5:1â1 \/ s6:1â1 \/ s7:1â2, 3â1"",
	""s1:3â1 \/ s2:3â1 \/ s4:1â1 \/ s5:1â1 \/ s6:1â1 \/ s7:1â2, 3â1"",
	""s1:3â1 \/ s2:3â1 \/ s4:1â1 \/ s5:1â1 \/ s6:3â1 \/ s7:1â1, 3â1"",
	""s1:3â1 \/ s2:3â1 \/ s4:1â1 \/ s5:1â1 \/ s6:3â1 \/ s7:1â1, 3â1"",
	""s1:3â1 \/ s2:3â1 \/ s4:1â1 \/ s5:1â1 \/ s6:3â1 \/ s7:1â1, 3â2"",
	""s1:3â1 \/ s2:3â1 \/ s4:1â1 \/ s5:1â1 \/ s6:3â1 \/ s7:1â1, 3â2"",
	""s1:3â1 \/ s2:3â1 \/ s4:1â1 \/ s5:1â1 \/ s6:3â1 \/ s7:3â1"",
	""s1:3â1 \/ s2:3â1 \/ s4:1â1 \/ s5:1â1 \/ s6:3â1 \/ s7:3â1""
]"	"[
	""s3:2â1 \/ s6:4â1 \/ s7:4â1"",
	""s3:2â1 \/ s6:5â1 \/ s7:5â1"",
	""s3:2â1 \/ s6:4â1 \/ s7:4â1"",
	""s3:2â1 \/ s6:5â1 \/ s7:5â1"",
	""s3:2â1 \/ s6:4â1 \/ s7:4â1"",
	""s3:2â1 \/ s6:5â1 \/ s7:5â1"",
	""s3:2â1 \/ s6:7â1 \/ s7:7â1"",
	""s3:2â1 \/ s6:8â1 \/ s7:8â1"",
	""s3:2â1 \/ s6:7â1 \/ s7:7â1"",
	""s3:2â1 \/ s6:8â1 \/ s7:8â1"",
	""s3:2â1 \/ s6:7â1 \/ s7:7â1"",
	""s3:2â1 \/ s6:8â1 \/ s7:8â1""
]"
3	1	"0"	"3 su(3)+g2+su(2)+so(7)+2 su(2)"	12	43	2	5	0	0	0	0	0	0	"[
	""s1:3â1 \/ s2:3â1 \/ s4:1â1 \/ s5:1â1 \/ s6:1â1 \/ s7:1â2"",
	""s1:3â1 \/ s2:3â1 \/ s4:1â1 \/ s5:1â1 \/ s6:1â1 \/ s7:1â2"",
	""s1:3â1 \/ s2:3â1 \/ s4:1â1 \/ s5:1â1 \/ s6:3â1 \/ s7:3â2"",
	""s1:3â1 \/ s2:3â1 \/ s4:1â1 \/ s5:1â1 \/ s6:3â1 \/ s7:3â2""
]"	"[
	""s3:2â1 \/ s6:4â1 \/ s7:4â1"",
	""s3:2â1 \/ s6:5â1 \/ s7:5â1"",
	""s3:2â1 \/ s6:7â1 \/ s7:7â1"",
	""s3:2â1 \/ s6:8â1 \/ s7:8â1""
]"
3	1	"0"	"4(g2+su(2))"	11	51	3	4	0	0	0	0	0	0	"[
	""s1:3â1 \/ s2:3â1 \/ s4:1â1 \/ s5:1â1 \/ s6:1â1, 3â1 \/ s7:1â2"",
	""s1:3â1 \/ s2:3â1 \/ s4:1â1 \/ s5:1â1 \/ s6:1â1, 3â1 \/ s7:1â2"",
	""s1:3â1 \/ s2:3â1 \/ s4:1â1 \/ s5:1â1 \/ s6:1â1 \/ s7:1â1"",
	""s1:3â1 \/ s2:3â1 \/ s4:1â1 \/ s5:1â1 \/ s6:1â1 \/ s7:1â1"",
	""s1:3â1 \/ s2:3â1 \/ s4:1â1 \/ s5:1â1 \/ s6:1â1 \/ s7:1â1"",
	""s1:3â1 \/ s2:3â1 \/ s4:1â1 \/ s5:1â1 \/ s6:1â1 \/ s7:1â1"",
	""s1:3â1 \/ s2:3â1 \/ s4:1â1 \/ s5:1â1 \/ s6:1â1 \/ s7:1â1"",
	""s1:3â1 \/ s2:3â1 \/ s4:1â1 \/ s5:1â1 \/ s6:1â1 \/ s7:1â1"",
	""s1:3â1 \/ s2:3â1 \/ s4:1â1 \/ s5:1â1 \/ s6:1â1 \/ s7:1â1, 3â1"",
	""s1:3â1 \/ s2:3â1 \/ s4:1â1 \/ s5:1â1 \/ s6:1â1 \/ s7:1â1, 3â1"",
	""s1:3â1 \/ s2:3â1 \/ s4:1â1 \/ s5:1â1 \/ s6:1â1 \/ s7:1â2, 3â1"",
	""s1:3â1 \/ s2:3â1 \/ s4:1â1 \/ s5:1â1 \/ s6:1â1 \/ s7:1â2, 3â1"",
	""s1:3â1 \/ s2:3â1 \/ s4:1â1 \/ s5:1â1 \/ s6:1â1 \/ s7:1â2, 3â1"",
	""s1:3â1 \/ s2:3â1 \/ s4:1â1 \/ s5:1â1 \/ s6:1â1 \/ s7:1â2, 3â1"",
	""s1:3â1 \/ s2:3â1 \/ s4:1â1 \/ s5:1â1 \/ s6:1â1 \/ s7:1â2, 3â1"",
	""s1:3â1 \/ s2:3â1 \/ s4:1â1 \/ s5:1â1 \/ s6:1â1 \/ s7:1â2, 3â1"",
	""s1:3â1 \/ s2:3â1 \/ s4:1â1 \/ s5:1â1 \/ s6:1â1 \/ s7:1â3, 3â1"",
	""s1:3â1 \/ s2:3â1 \/ s4:1â1 \/ s5:1â1 \/ s6:1â1 \/ s7:1â3, 3â1"",
	""s1:3â1 \/ s2:3â1 \/ s4:1â1 \/ s5:1â1 \/ s6:1â1 \/ s7:1â3, 3â1"",
	""s1:3â1 \/ s2:3â1 \/ s4:1â1 \/ s5:1â1 \/ s6:1â1 \/ s7:1â3, 3â1"",
	""s1:3â1 \/ s2:3â1 \/ s4:1â1 \/ s5:1â1 \/ s6:1â1 \/ s7:1â3, 3â1"",
	""s1:3â1 \/ s2:3â1 \/ s4:1â1 \/ s5:1â1 \/ s6:1â1 \/ s7:1â3, 3â1"",
	""s1:3â1 \/ s2:3â1 \/ s4:1â1 \/ s5:3â1 \/ s6:1â1 \/ s7:1â1"",
	""s1:3â1 \/ s2:3â1 \/ s4:1â1 \/ s5:3â1 \/ s6:1â1 \/ s7:1â1"",
	""s1:3â1 \/ s3:1â1 \/ s4:1â1 \/ s5:3â1 \/ s6:3â1 \/ s7:1â1"",
	""s1:3â1 \/ s3:1â1 \/ s4:1â1 \/ s5:3â1 \/ s6:3â1 \/ s7:1â1"",
	""s1:3â1 \/ s3:1â1 \/ s4:1â1 \/ s5:3â1 \/ s6:3â1 \/ s7:1â1, 3â1"",
	""s1:3â1 \/ s3:1â1 \/ s4:1â1 \/ s5:3â1 \/ s6:3â1 \/ s7:1â1, 3â1"",
	""s1:3â1 \/ s3:1â1 \/ s4:1â1 \/ s5:3â1 \/ s6:3â1 \/ s7:1â1, 3â2"",
	""s1:3â1 \/ s3:1â1 \/ s4:1â1 \/ s5:3â1 \/ s6:3â1 \/ s7:1â1, 3â2"",
	""s1:3â1 \/ s3:1â1 \/ s4:1â1 \/ s5:3â1 \/ s6:3â1 \/ s7:1â1, 3â2"",
	""s1:3â1 \/ s3:1â1 \/ s4:1â1 \/ s5:3â1 \/ s6:3â1 \/ s7:1â1, 3â2"",
	""s1:3â1 \/ s3:1â1 \/ s4:1â1 \/ s5:3â1 \/ s6:3â1 \/ s7:1â1, 3â2"",
	""s1:3â1 \/ s3:1â1 \/ s4:1â1 \/ s5:3â1 \/ s6:3â1 \/ s7:1â1, 3â2"",
	""s1:3â1 \/ s3:1â1 \/ s4:1â1 \/ s5:3â1 \/ s6:3â1 \/ s7:1â1, 3â3"",
	""s1:3â1 \/ s3:1â1 \/ s4:1â1 \/ s5:3â1 \/ s6:3â1 \/ s7:1â1, 3â3"",
	""s1:3â1 \/ s3:1â1 \/ s4:1â1 \/ s5:3â1 \/ s6:3â1 \/ s7:1â1, 3â3"",
	""s1:3â1 \/ s3:1â1 \/ s4:1â1 \/ s5:3â1 \/ s6:3â1 \/ s7:1â1, 3â3"",
	""s1:3â1 \/ s3:1â1 \/ s4:1â1 \/ s5:3â1 \/ s6:3â1 \/ s7:1â1, 3â3"",
	""s1:3â1 \/ s3:1â1 \/ s4:1â1 \/ s5:3â1 \/ s6:3â1 \/ s7:1â1, 3â3"",
	""s1:3â1 \/ s3:1â1 \/ s4:1â1 \/ s5:3â1 \/ s6:3â1 \/ s7:3â1"",
	""s1:3â1 \/ s3:1â1 \/ s4:1â1 \/ s5:3â1 \/ s6:3â1 \/ s7:3â1"",
	""s1:3â1 \/ s3:1â1 \/ s4:1â1 \/ s5:3â1 \/ s6:3â1 \/ s7:3â1"",
	""s1:3â1 \/ s3:1â1 \/ s4:1â1 \/ s5:3â1 \/ s6:3â1 \/ s7:3â1"",
	""s1:3â1 \/ s3:1â1 \/ s4:1â1 \/ s5:3â1 \/ s6:3â1 \/ s7:3â1"",
	""s1:3â1 \/ s3:1â1 \/ s4:1â1 \/ s5:3â1 \/ s6:3â1 \/ s7:3â1"",
	""s1:3â1 \/ s3:1â1 \/ s4:1â1 \/ s5:3â1 \/ s6:3â2 \/ s7:1â1, 3â1"",
	""s1:3â1 \/ s3:1â1 \/ s4:1â1 \/ s5:3â1 \/ s6:3â2 \/ s7:1â1, 3â1""
]"	"[
	""s3:2â1 \/ s5:4â1 \/ s6:7â1 \/ s7:5â1"",
	""s3:2â1 \/ s5:5â1 \/ s6:7â1 \/ s7:4â1"",
	""s3:2â1 \/ s5:4â1 \/ s6:5â1 \/ s7:7â1"",
	""s3:2â1 \/ s5:4â1 \/ s6:7â1 \/ s7:5â1"",
	""s3:2â1 \/ s5:5â1 \/ s6:4â1 \/ s7:7â1"",
	""s3:2â1 \/ s5:5â1 \/ s6:7â1 \/ s7:4â1"",
	""s3:2â1 \/ s5:7â1 \/ s6:4â1 \/ s7:5â1"",
	""s3:2â1 \/ s5:7â1 \/ s6:5â1 \/ s7:4â1"",
	""s3:2â1 \/ s5:4â1 \/ s6:5â1 \/ s7:7â1"",
	""s3:2â1 \/ s5:5â1 \/ s6:4â1 \/ s7:7â1"",
	""s3:2â1 \/ s5:4â1 \/ s6:5â1 \/ s7:7â1"",
	""s3:2â1 \/ s5:4â1 \/ s6:7â1 \/ s7:5â1"",
	""s3:2â1 \/ s5:5â1 \/ s6:4â1 \/ s7:7â1"",
	""s3:2â1 \/ s5:5â1 \/ s6:7â1 \/ s7:4â1"",
	""s3:2â1 \/ s5:7â1 \/ s6:4â1 \/ s7:5â1"",
	""s3:2â1 \/ s5:7â1 \/ s6:5â1 \/ s7:4â1"",
	""s3:2â1 \/ s5:4â1 \/ s6:5â1 \/ s7:7â1"",
	""s3:2â1 \/ s5:4â1 \/ s6:7â1 \/ s7:5â1"",
	""s3:2â1 \/ s5:5â1 \/ s6:4â1 \/ s7:7â1"",
	""s3:2â1 \/ s5:5â1 \/ s6:7â1 \/ s7:4â1"",
	""s3:2â1 \/ s5:7â1 \/ s6:4â1 \/ s7:5â1"",
	""s3:2â1 \/ s5:7â1 \/ s6:5â1 \/ s7:4â1"",
	""s3:2â1 \/ s5:7â1 \/ s6:4â1 \/ s7:5â1"",
	""s3:2â1 \/ s5:7â1 \/ s6:5â1 \/ s7:4â1"",
	""s2:2â1 \/ s5:6â1 \/ s6:7â1 \/ s7:4â1"",
	""s2:2â1 \/ s5:7â1 \/ s6:6â1 \/ s7:4â1"",
	""s2:2â1 \/ s5:6â1 \/ s6:7â1 \/ s7:4â1"",
	""s2:2â1 \/ s5:7â1 \/ s6:6â1 \/ s7:4â1"",
	""s2:2â1 \/ s5:4â1 \/ s6:6â1 \/ s7:7â1"",
	""s2:2â1 \/ s5:4â1 \/ s6:7â1 \/ s7:6â1"",
	""s2:2â1 \/ s5:6â1 \/ s6:4â1 \/ s7:7â1"",
	""s2:2â1 \/ s5:6â1 \/ s6:7â1 \/ s7:4â1"",
	""s2:2â1 \/ s5:7â1 \/ s6:4â1 \/ s7:6â1"",
	""s2:2â1 \/ s5:7â1 \/ s6:6â1 \/ s7:4â1"",
	""s2:2â1 \/ s5:4â1 \/ s6:6â1 \/ s7:7â1"",
	""s2:2â1 \/ s5:4â1 \/ s6:7â1 \/ s7:6â1"",
	""s2:2â1 \/ s5:6â1 \/ s6:4â1 \/ s7:7â1"",
	""s2:2â1 \/ s5:6â1 \/ s6:7â1 \/ s7:4â1"",
	""s2:2â1 \/ s5:7â1 \/ s6:4â1 \/ s7:6â1"",
	""s2:2â1 \/ s5:7â1 \/ s6:6â1 \/ s7:4â1"",
	""s2:2â1 \/ s5:4â1 \/ s6:6â1 \/ s7:7â1"",
	""s2:2â1 \/ s5:4â1 \/ s6:7â1 \/ s7:6â1"",
	""s2:2â1 \/ s5:6â1 \/ s6:4â1 \/ s7:7â1"",
	""s2:2â1 \/ s5:6â1 \/ s6:7â1 \/ s7:4â1"",
	""s2:2â1 \/ s5:7â1 \/ s6:4â1 \/ s7:6â1"",
	""s2:2â1 \/ s5:7â1 \/ s6:6â1 \/ s7:4â1"",
	""s2:2â1 \/ s5:6â1 \/ s6:7â1 \/ s7:4â1"",
	""s2:2â1 \/ s5:7â1 \/ s6:6â1 \/ s7:4â1""
]"
3	1	"0"	"4 su(3)+2(g2+su(2))"	12	37	1	6	0	0	0	0	0	0	"[
	""s1:3â1 \/ s2:3â1 \/ s3:3â1 \/ s5:1â1 \/ s6:1â1 \/ s7:1â1"",
	""s1:3â1 \/ s2:3â1 \/ s3:3â1 \/ s5:1â1 \/ s6:1â1 \/ s7:1â1"",
	""s1:3â1 \/ s2:3â1 \/ s3:3â1 \/ s5:1â1 \/ s6:1â1 \/ s7:1â1"",
	""s1:3â1 \/ s2:3â1 \/ s3:3â1 \/ s5:1â1 \/ s6:1â1 \/ s7:1â1, 3â1"",
	""s1:3â1 \/ s2:3â1 \/ s3:3â1 \/ s5:1â1 \/ s6:1â1 \/ s7:1â1, 3â1"",
	""s1:3â1 \/ s2:3â1 \/ s3:3â1 \/ s5:1â1 \/ s6:1â1 \/ s7:3â1"",
	""s1:3â1 \/ s2:3â1 \/ s3:3â1 \/ s5:1â1 \/ s6:1â1 \/ s7:3â1"",
	""s1:3â1 \/ s2:3â1 \/ s4:1â1 \/ s5:1â1 \/ s6:1â1 \/ s7:1â1"",
	""s1:3â1 \/ s2:3â1 \/ s4:1â1 \/ s5:1â1 \/ s6:1â1 \/ s7:1â1"",
	""s1:3â1 \/ s2:3â1 \/ s4:1â1 \/ s5:1â1 \/ s6:1â1 \/ s7:1â1, 3â1"",
	""s1:3â1 \/ s2:3â1 \/ s4:1â1 \/ s5:1â1 \/ s6:1â1 \/ s7:1â1, 3â1"",
	""s1:3â1 \/ s2:3â1 \/ s4:1â1 \/ s5:1â1 \/ s6:1â1 \/ s7:3â1"",
	""s1:3â1 \/ s2:3â1 \/ s4:1â1 \/ s5:1â1 \/ s6:1â1 \/ s7:3â1"",
	""s1:3â1 \/ s2:3â1 \/ s4:1â1 \/ s5:1â1 \/ s6:1â1 \/ s7:3â1""
]"	"[
	""s4:2â1 \/ s7:4â1"",
	""s4:2â1 \/ s7:5â1"",
	""s4:2â1 \/ s7:6â1"",
	""s4:2â1 \/ s7:8â1"",
	""s4:2â1 \/ s7:9â1"",
	""s4:2â1 \/ s7:8â1"",
	""s4:2â1 \/ s7:9â1"",
	""s3:2â1 \/ s7:4â1"",
	""s3:2â1 \/ s7:5â1"",
	""s3:2â1 \/ s7:4â1"",
	""s3:2â1 \/ s7:5â1"",
	""s3:2â1 \/ s7:7â1"",
	""s3:2â1 \/ s7:8â1"",
	""s3:2â1 \/ s7:9â1""
]"
3	1	"0"	"4 su(3)+so(7)+2 su(2)"	11	44	2	5	0	0	0	0	0	0	"[
	""s1:3â1 \/ s2:3â1 \/ s3:1â1 \/ s4:1â1 \/ s5:1â1, 3â1 \/ s6:1â1 \/ s7:1â1"",
	""s1:3â1 \/ s2:3â1 \/ s3:1â1 \/ s4:1â1 \/ s5:1â1, 3â1 \/ s6:1â1 \/ s7:1â1"",
	""s1:3â1 \/ s2:3â1 \/ s3:1â1 \/ s4:1â1 \/ s5:1â1, 3â1 \/ s6:3â1 \/ s7:3â1"",
	""s1:3â1 \/ s2:3â1 \/ s3:1â1 \/ s4:1â1 \/ s5:1â1, 3â1 \/ s6:3â1 \/ s7:3â1"",
	""s1:3â1 \/ s2:3â1 \/ s3:1â1 \/ s4:1â1 \/ s5:1â1 \/ s6:1â1, 3â1 \/ s7:1â1, 3â1"",
	""s1:3â1 \/ s2:3â1 \/ s3:1â1 \/ s4:1â1 \/ s5:1â1 \/ s6:1â1, 3â1 \/ s7:1â1, 3â1"",
	""s1:3â1 \/ s2:3â1 \/ s3:3â1 \/ s4:1â1 \/ s5:1â1 \/ s6:1â1, 3â1 \/ s7:1â1, 3â1"",
	""s1:3â1 \/ s2:3â1 \/ s3:3â1 \/ s4:1â1 \/ s5:1â1 \/ s6:1â1, 3â1 \/ s7:1â1, 3â1""
]"	"[
	""s6:4â1 \/ s7:4â1"",
	""s6:5â1 \/ s7:5â1"",
	""s6:6â1 \/ s7:6â1"",
	""s6:7â1 \/ s7:7â1"",
	""s6:4â1 \/ s7:4â1"",
	""s6:5â1 \/ s7:5â1"",
	""s6:7â1 \/ s7:7â1"",
	""s6:8â1 \/ s7:8â1""
]"
3	1	"0"	"4 su(3)+so(7)+2 su(2)"	12	44	2	5	0	0	0	0	0	0	"[
	""s1:3â1 \/ s2:3â1 \/ s3:1â1 \/ s4:1â1 \/ s5:1â1 \/ s6:1â1 \/ s7:1â1"",
	""s1:3â1 \/ s2:3â1 \/ s3:1â1 \/ s4:1â1 \/ s5:1â1 \/ s6:1â1 \/ s7:1â1"",
	""s1:3â1 \/ s2:3â1 \/ s3:3â1 \/ s4:1â1 \/ s5:1â1 \/ s6:3â1 \/ s7:3â1"",
	""s1:3â1 \/ s2:3â1 \/ s3:3â1 \/ s4:1â1 \/ s5:1â1 \/ s6:3â1 \/ s7:3â1""
]"	"[
	""s6:4â1 \/ s7:4â1"",
	""s6:5â1 \/ s7:5â1"",
	""s6:7â1 \/ s7:7â1"",
	""s6:8â1 \/ s7:8â1""
]"
3	1	"0"	"4 su(3)+so(7)+2 su(2)"	13	44	2	5	0	0	0	0	0	0	"[
	""s1:3â1 \/ s2:3â1 \/ s3:1â1 \/ s4:1â1 \/ s5:1â1 \/ s6:1â1 \/ s7:1â1, 3â1"",
	""s1:3â1 \/ s2:3â1 \/ s3:1â1 \/ s4:1â1 \/ s5:1â1 \/ s6:1â1 \/ s7:1â1, 3â1"",
	""s1:3â1 \/ s2:3â1 \/ s3:3â1 \/ s4:1â1 \/ s5:1â1 \/ s6:3â1 \/ s7:1â1, 3â1"",
	""s1:3â1 \/ s2:3â1 \/ s3:3â1 \/ s4:1â1 \/ s5:1â1 \/ s6:3â1 \/ s7:1â1, 3â1""
]"	"[
	""s6:4â1 \/ s7:4â1"",
	""s6:5â1 \/ s7:5â1"",
	""s6:7â1 \/ s7:7â1"",
	""s6:8â1 \/ s7:8â1""
]"
3	1	"0"	"6 su(3)+g2+su(2)"	12	30	0	7	0	0	0	0	0	0	"[
	""s1:3â1 \/ s2:3â1 \/ s3:3â1 \/ s5:1â1 \/ s6:1â1 \/ s7:1â1""
]"	"[
	""s4:2â1""
]"
3	1	"0"	"7 su(3)"	12	31	0	7	0	0	0	0	0	0	"[
	""s1:3â1 \/ s2:3â1 \/ s3:3â1 \/ s4:1â1 \/ s5:1â1 \/ s6:1â1 \/ s7:1â1, 3â1""
]"	"[
	""""
]"
3	1	"0"	"g2+su(2)+2(so(7)+2 su(2))"	11	56	4	3	0	0	0	0	0	0	"[
	""s1:3â1 \/ s2:3â1 \/ s4:1â1 \/ s5:1â1 \/ s6:1â1 \/ s7:1â1"",
	""s1:3â1 \/ s2:3â1 \/ s4:1â1 \/ s5:1â1 \/ s6:1â1 \/ s7:1â1"",
	""s1:3â1 \/ s2:3â1 \/ s4:1â1 \/ s5:1â1 \/ s6:1â1 \/ s7:1â1"",
	""s1:3â1 \/ s2:3â1 \/ s4:1â1 \/ s5:1â1 \/ s6:1â1 \/ s7:1â1"",
	""s1:3â1 \/ s2:3â1 \/ s4:1â1 \/ s5:1â1 \/ s6:1â1 \/ s7:1â1"",
	""s1:3â1 \/ s2:3â1 \/ s4:1â1 \/ s5:1â1 \/ s6:1â1 \/ s7:1â1"",
	""s1:3â1 \/ s2:3â1 \/ s4:1â1 \/ s5:1â1 \/ s6:1â1 \/ s7:1â2"",
	""s1:3â1 \/ s2:3â1 \/ s4:1â1 \/ s5:1â1 \/ s6:1â1 \/ s7:1â2"",
	""s1:3â1 \/ s2:3â1 \/ s4:1â1 \/ s5:1â1 \/ s6:1â1 \/ s7:1â2"",
	""s1:3â1 \/ s2:3â1 \/ s4:1â1 \/ s5:1â1 \/ s6:1â1 \/ s7:1â2"",
	""s1:3â1 \/ s2:3â1 \/ s4:1â1 \/ s5:1â1 \/ s6:1â1 \/ s7:1â2"",
	""s1:3â1 \/ s2:3â1 \/ s4:1â1 \/ s5:1â1 \/ s6:1â1 \/ s7:1â2"",
	""s1:3â1 \/ s2:3â1 \/ s4:1â1 \/ s5:1â1 \/ s6:1â2 \/ s7:1â2"",
	""s1:3â1 \/ s2:3â1 \/ s4:1â1 \/ s5:1â1 \/ s6:1â2 \/ s7:1â2"",
	""s1:3â1 \/ s2:3â1 \/ s4:1â1 \/ s5:1â1 \/ s6:1â2 \/ s7:1â2"",
	""s1:3â1 \/ s2:3â1 \/ s4:1â1 \/ s5:1â1 \/ s6:1â2 \/ s7:1â2"",
	""s1:3â1 \/ s2:3â1 \/ s4:1â1 \/ s5:1â1 \/ s6:1â2 \/ s7:1â2"",
	""s1:3â1 \/ s2:3â1 \/ s4:1â1 \/ s5:1â1 \/ s6:1â2 \/ s7:1â2"",
	""s1:3â1 \/ s3:1â1 \/ s4:3â1 \/ s5:1â1 \/ s6:1â1, 3â1 \/ s7:1â1, 3â1"",
	""s1:3â1 \/ s3:1â1 \/ s4:3â1 \/ s5:1â1 \/ s6:1â1, 3â1 \/ s7:1â1, 3â1"",
	""s1:3â1 \/ s3:1â1 \/ s4:3â1 \/ s5:1â1 \/ s6:1â1, 3â1 \/ s7:1â1, 3â1"",
	""s1:3â1 \/ s3:1â1 \/ s4:3â1 \/ s5:1â1 \/ s6:1â1, 3â1 \/ s7:1â1, 3â1"",
	""s1:3â1 \/ s3:1â1 \/ s4:3â1 \/ s5:1â1 \/ s6:1â1 \/ s7:1â1, 3â1"",
	""s1:3â1 \/ s3:1â1 \/ s4:3â1 \/ s5:1â1 \/ s6:1â1 \/ s7:1â1, 3â2"",
	""s1:3â1 \/ s3:1â1 \/ s4:3â1 \/ s5:1â1 \/ s6:1â1 \/ s7:1â2, 3â1"",
	""s1:3â1 \/ s3:1â1 \/ s4:3â1 \/ s5:1â1 \/ s6:1â1 \/ s7:1â2, 3â1"",
	""s1:3â1 \/ s3:1â1 \/ s4:3â1 \/ s5:1â1 \/ s6:1â1 \/ s7:1â2, 3â1"",
	""s1:3â1 \/ s3:1â1 \/ s4:3â1 \/ s5:1â1 \/ s6:1â1 \/ s7:1â2, 3â2"",
	""s1:3â1 \/ s3:1â1 \/ s4:3â1 \/ s5:3â1 \/ s6:1â1 \/ s7:1â1"",
	""s1:3â1 \/ s3:1â1 \/ s4:3â1 \/ s5:3â1 \/ s6:1â1 \/ s7:1â1, 3â1"",
	""s1:3â1 \/ s3:1â1 \/ s4:3â1 \/ s5:3â1 \/ s6:1â1 \/ s7:1â1, 3â2"",
	""s1:3â1 \/ s3:1â1 \/ s4:3â1 \/ s5:3â1 \/ s6:1â1 \/ s7:1â1, 3â2"",
	""s1:3â1 \/ s3:1â1 \/ s4:3â1 \/ s5:3â1 \/ s6:1â1 \/ s7:1â1, 3â2"",
	""s1:3â1 \/ s3:1â1 \/ s4:3â1 \/ s5:3â1 \/ s6:1â1 \/ s7:1â2, 3â1"",
	""s1:3â1 \/ s3:1â1 \/ s4:3â1 \/ s5:3â1 \/ s6:1â1 \/ s7:1â2, 3â2"",
	""s2:1â1 \/ s3:1â1 \/ s4:3â1 \/ s5:3â1 \/ s6:3â1 \/ s7:3â1"",
	""s2:1â1 \/ s3:1â1 \/ s4:3â1 \/ s5:3â1 \/ s6:3â1 \/ s7:3â1"",
	""s2:1â1 \/ s3:1â1 \/ s4:3â1 \/ s5:3â1 \/ s6:3â1 \/ s7:3â1"",
	""s2:1â1 \/ s3:1â1 \/ s4:3â1 \/ s5:3â1 \/ s6:3â1 \/ s7:3â1"",
	""s2:1â1 \/ s3:1â1 \/ s4:3â1 \/ s5:3â1 \/ s6:3â1 \/ s7:3â1"",
	""s2:1â1 \/ s3:1â1 \/ s4:3â1 \/ s5:3â1 \/ s6:3â1 \/ s7:3â1"",
	""s2:1â1 \/ s3:1â1 \/ s4:3â1 \/ s5:3â1 \/ s6:3â1 \/ s7:3â2"",
	""s2:1â1 \/ s3:1â1 \/ s4:3â1 \/ s5:3â1 \/ s6:3â1 \/ s7:3â2"",
	""s2:1â1 \/ s3:1â1 \/ s4:3â1 \/ s5:3â1 \/ s6:3â1 \/ s7:3â2"",
	""s2:1â1 \/ s3:1â1 \/ s4:3â1 \/ s5:3â1 \/ s6:3â1 \/ s7:3â2"",
	""s2:1â1 \/ s3:1â1 \/ s4:3â1 \/ s5:3â1 \/ s6:3â1 \/ s7:3â2"",
	""s2:1â1 \/ s3:1â1 \/ s4:3â1 \/ s5:3â1 \/ s6:3â1 \/ s7:3â2"",
	""s2:1â1 \/ s3:1â1 \/ s4:3â1 \/ s5:3â1 \/ s6:3â2 \/ s7:3â2"",
	""s2:1â1 \/ s3:1â1 \/ s4:3â1 \/ s5:3â1 \/ s6:3â2 \/ s7:3â2"",
	""s2:1â1 \/ s3:1â1 \/ s4:3â1 \/ s5:3â1 \/ s6:3â2 \/ s7:3â2"",
	""s2:1â1 \/ s3:1â1 \/ s4:3â1 \/ s5:3â1 \/ s6:3â2 \/ s7:3â2"",
	""s2:1â1 \/ s3:1â1 \/ s4:3â1 \/ s5:3â1 \/ s6:3â2 \/ s7:3â2"",
	""s2:1â1 \/ s3:1â1 \/ s4:3â1 \/ s5:3â1 \/ s6:3â2 \/ s7:3â2""
]"	"[
	""s3:2â1 \/ s4:4â1 \/ s5:4â1 \/ s6:5â1 \/ s7:5â1"",
	""s3:2â1 \/ s4:4â1 \/ s5:5â1 \/ s6:4â1 \/ s7:5â1"",
	""s3:2â1 \/ s4:4â1 \/ s5:5â1 \/ s6:5â1 \/ s7:4â1"",
	""s3:2â1 \/ s4:5â1 \/ s5:4â1 \/ s6:4â1 \/ s7:5â1"",
	""s3:2â1 \/ s4:5â1 \/ s5:4â1 \/ s6:5â1 \/ s7:4â1"",
	""s3:2â1 \/ s4:5â1 \/ s5:5â1 \/ s6:4â1 \/ s7:4â1"",
	""s3:2â1 \/ s4:4â1 \/ s5:4â1 \/ s6:5â1 \/ s7:5â1"",
	""s3:2â1 \/ s4:4â1 \/ s5:5â1 \/ s6:4â1 \/ s7:5â1"",
	""s3:2â1 \/ s4:4â1 \/ s5:5â1 \/ s6:5â1 \/ s7:4â1"",
	""s3:2â1 \/ s4:5â1 \/ s5:4â1 \/ s6:4â1 \/ s7:5â1"",
	""s3:2â1 \/ s4:5â1 \/ s5:4â1 \/ s6:5â1 \/ s7:4â1"",
	""s3:2â1 \/ s4:5â1 \/ s5:5â1 \/ s6:4â1 \/ s7:4â1"",
	""s3:2â1 \/ s4:4â1 \/ s5:4â1 \/ s6:5â1 \/ s7:5â1"",
	""s3:2â1 \/ s4:4â1 \/ s5:5â1 \/ s6:4â1 \/ s7:5â1"",
	""s3:2â1 \/ s4:4â1 \/ s5:5â1 \/ s6:5â1 \/ s7:4â1"",
	""s3:2â1 \/ s4:5â1 \/ s5:4â1 \/ s6:4â1 \/ s7:5â1"",
	""s3:2â1 \/ s4:5â1 \/ s5:4â1 \/ s6:5â1 \/ s7:4â1"",
	""s3:2â1 \/ s4:5â1 \/ s5:5â1 \/ s6:4â1 \/ s7:4â1"",
	""s2:2â1 \/ s4:4â1 \/ s5:4â1 \/ s6:6â1 \/ s7:6â1"",
	""s2:2â1 \/ s4:6â1 \/ s5:4â1 \/ s6:4â1 \/ s7:6â1"",
	""s2:2â1 \/ s4:6â1 \/ s5:4â1 \/ s6:6â1 \/ s7:4â1"",
	""s2:2â1 \/ s4:6â1 \/ s5:6â1 \/ s6:4â1 \/ s7:4â1"",
	""s2:2â1 \/ s4:6â1 \/ s5:4â1 \/ s6:4â1 \/ s7:6â1"",
	""s2:2â1 \/ s4:6â1 \/ s5:4â1 \/ s6:4â1 \/ s7:6â1"",
	""s2:2â1 \/ s4:6â1 \/ s5:4â1 \/ s6:4â1 \/ s7:6â1"",
	""s2:2â1 \/ s4:6â1 \/ s5:4â1 \/ s6:6â1 \/ s7:4â1"",
	""s2:2â1 \/ s4:6â1 \/ s5:6â1 \/ s6:4â1 \/ s7:4â1"",
	""s2:2â1 \/ s4:6â1 \/ s5:4â1 \/ s6:4â1 \/ s7:6â1"",
	""s2:2â1 \/ s4:6â1 \/ s5:6â1 \/ s6:4â1 \/ s7:4â1"",
	""s2:2â1 \/ s4:6â1 \/ s5:6â1 \/ s6:4â1 \/ s7:4â1"",
	""s2:2â1 \/ s4:4â1 \/ s5:6â1 \/ s6:4â1 \/ s7:6â1"",
	""s2:2â1 \/ s4:6â1 \/ s5:4â1 \/ s6:4â1 \/ s7:6â1"",
	""s2:2â1 \/ s4:6â1 \/ s5:6â1 \/ s6:4â1 \/ s7:4â1"",
	""s2:2â1 \/ s4:6â1 \/ s5:6â1 \/ s6:4â1 \/ s7:4â1"",
	""s2:2â1 \/ s4:6â1 \/ s5:6â1 \/ s6:4â1 \/ s7:4â1"",
	""s1:2â1 \/ s4:5â1 \/ s5:5â1 \/ s6:6â1 \/ s7:6â1"",
	""s1:2â1 \/ s4:5â1 \/ s5:6â1 \/ s6:5â1 \/ s7:6â1"",
	""s1:2â1 \/ s4:5â1 \/ s5:6â1 \/ s6:6â1 \/ s7:5â1"",
	""s1:2â1 \/ s4:6â1 \/ s5:5â1 \/ s6:5â1 \/ s7:6â1"",
	""s1:2â1 \/ s4:6â1 \/ s5:5â1 \/ s6:6â1 \/ s7:5â1"",
	""s1:2â1 \/ s4:6â1 \/ s5:6â1 \/ s6:5â1 \/ s7:5â1"",
	""s1:2â1 \/ s4:5â1 \/ s5:5â1 \/ s6:6â1 \/ s7:6â1"",
	""s1:2â1 \/ s4:5â1 \/ s5:6â1 \/ s6:5â1 \/ s7:6â1"",
	""s1:2â1 \/ s4:5â1 \/ s5:6â1 \/ s6:6â1 \/ s7:5â1"",
	""s1:2â1 \/ s4:6â1 \/ s5:5â1 \/ s6:5â1 \/ s7:6â1"",
	""s1:2â1 \/ s4:6â1 \/ s5:5â1 \/ s6:6â1 \/ s7:5â1"",
	""s1:2â1 \/ s4:6â1 \/ s5:6â1 \/ s6:5â1 \/ s7:5â1"",
	""s1:2â1 \/ s4:5â1 \/ s5:5â1 \/ s6:6â1 \/ s7:6â1"",
	""s1:2â1 \/ s4:5â1 \/ s5:6â1 \/ s6:5â1 \/ s7:6â1"",
	""s1:2â1 \/ s4:5â1 \/ s5:6â1 \/ s6:6â1 \/ s7:5â1"",
	""s1:2â1 \/ s4:6â1 \/ s5:5â1 \/ s6:5â1 \/ s7:6â1"",
	""s1:2â1 \/ s4:6â1 \/ s5:5â1 \/ s6:6â1 \/ s7:5â1"",
	""s1:2â1 \/ s4:6â1 \/ s5:6â1 \/ s6:5â1 \/ s7:5â1""
]"
3	1	"0"	"g2+su(2)+2(so(7)+2 su(2))"	12	56	4	3	0	0	0	0	0	0	"[
	""s1:3â1 \/ s3:1â1 \/ s4:3â1 \/ s5:1â1 \/ s6:1â1 \/ s7:1â1"",
	""s1:3â1 \/ s3:1â1 \/ s4:3â1 \/ s5:1â1 \/ s6:1â1 \/ s7:1â1"",
	""s1:3â1 \/ s3:1â1 \/ s4:3â1 \/ s5:1â1 \/ s6:1â1 \/ s7:1â1"",
	""s1:3â1 \/ s3:1â1 \/ s4:3â1 \/ s5:3â1 \/ s6:3â1 \/ s7:1â1"",
	""s1:3â1 \/ s3:1â1 \/ s4:3â1 \/ s5:3â1 \/ s6:3â1 \/ s7:1â1"",
	""s1:3â1 \/ s3:1â1 \/ s4:3â1 \/ s5:3â1 \/ s6:3â1 \/ s7:1â1""
]"	"[
	""s2:2â1 \/ s4:6â1 \/ s5:4â1 \/ s6:4â1 \/ s7:6â1"",
	""s2:2â1 \/ s4:6â1 \/ s5:4â1 \/ s6:6â1 \/ s7:4â1"",
	""s2:2â1 \/ s4:6â1 \/ s5:6â1 \/ s6:4â1 \/ s7:4â1"",
	""s2:2â1 \/ s4:4â1 \/ s5:6â1 \/ s6:6â1 \/ s7:4â1"",
	""s2:2â1 \/ s4:6â1 \/ s5:4â1 \/ s6:6â1 \/ s7:4â1"",
	""s2:2â1 \/ s4:6â1 \/ s5:6â1 \/ s6:4â1 \/ s7:4â1""
]"
3	1	"0"	"so(8)+2(so(7)+2 su(2))"	12	37	4	2	1	0	0	0	0	0	"[
	""s1:1â1 \/ s2:3â1 \/ s3:3â1 \/ s4:1â1 \/ s5:1â1 \/ s6:1â1 \/ s7:1â1"",
	""s1:1â1 \/ s2:3â1 \/ s3:3â1 \/ s4:1â1 \/ s5:1â1 \/ s6:1â1 \/ s7:1â1"",
	""s1:1â1 \/ s2:3â1 \/ s3:3â1 \/ s4:1â1 \/ s5:1â1 \/ s6:1â1 \/ s7:1â1"",
	""s1:1â1 \/ s2:3â1 \/ s3:3â1 \/ s4:1â1 \/ s5:1â1 \/ s6:1â1 \/ s7:1â1"",
	""s1:1â1 \/ s2:3â1 \/ s3:3â1 \/ s4:1â1 \/ s5:1â1 \/ s6:1â1 \/ s7:1â1"",
	""s1:1â1 \/ s2:3â1 \/ s3:3â1 \/ s4:1â1 \/ s5:1â1 \/ s6:1â1 \/ s7:1â1"",
	""s1:1â1 \/ s2:3â1 \/ s3:3â1 \/ s4:1â1 \/ s5:1â1 \/ s6:1â1 \/ s7:1â1, 3â1"",
	""s1:1â1 \/ s2:3â1 \/ s3:3â1 \/ s4:1â1 \/ s5:1â1 \/ s6:1â1 \/ s7:1â1, 3â1"",
	""s1:1â1 \/ s2:3â1 \/ s3:3â1 \/ s4:1â1 \/ s5:1â1 \/ s6:1â1 \/ s7:1â1, 3â1"",
	""s1:1â1 \/ s2:3â1 \/ s3:3â1 \/ s4:1â1 \/ s5:1â1 \/ s6:1â1 \/ s7:1â1, 3â1"",
	""s1:1â1 \/ s2:3â1 \/ s3:3â1 \/ s4:1â1 \/ s5:1â1 \/ s6:1â1 \/ s7:1â1, 3â1"",
	""s1:1â1 \/ s2:3â1 \/ s3:3â1 \/ s4:1â1 \/ s5:1â1 \/ s6:1â1 \/ s7:1â1, 3â1"",
	""s1:3â1 \/ s2:1â1 \/ s3:1â1 \/ s4:3â1 \/ s5:3â1 \/ s6:3â1 \/ s7:1â1, 3â1"",
	""s1:3â1 \/ s2:1â1 \/ s3:1â1 \/ s4:3â1 \/ s5:3â1 \/ s6:3â1 \/ s7:1â1, 3â1"",
	""s1:3â1 \/ s2:1â1 \/ s3:1â1 \/ s4:3â1 \/ s5:3â1 \/ s6:3â1 \/ s7:1â1, 3â1"",
	""s1:3â1 \/ s2:1â1 \/ s3:1â1 \/ s4:3â1 \/ s5:3â1 \/ s6:3â1 \/ s7:1â1, 3â1"",
	""s1:3â1 \/ s2:1â1 \/ s3:1â1 \/ s4:3â1 \/ s5:3â1 \/ s6:3â1 \/ s7:1â1, 3â1"",
	""s1:3â1 \/ s2:1â1 \/ s3:1â1 \/ s4:3â1 \/ s5:3â1 \/ s6:3â1 \/ s7:1â1, 3â1"",
	""s1:3â1 \/ s2:1â1 \/ s3:1â1 \/ s4:3â1 \/ s5:3â1 \/ s6:3â1 \/ s7:3â1"",
	""s1:3â1 \/ s2:1â1 \/ s3:1â1 \/ s4:3â1 \/ s5:3â1 \/ s6:3â1 \/ s7:3â1"",
	""s1:3â1 \/ s2:1â1 \/ s3:1â1 \/ s4:3â1 \/ s5:3â1 \/ s6:3â1 \/ s7:3â1"",
	""s1:3â1 \/ s2:1â1 \/ s3:1â1 \/ s4:3â1 \/ s5:3â1 \/ s6:3â1 \/ s7:3â1"",
	""s1:3â1 \/ s2:1â1 \/ s3:1â1 \/ s4:3â1 \/ s5:3â1 \/ s6:3â1 \/ s7:3â1"",
	""s1:3â1 \/ s2:1â1 \/ s3:1â1 \/ s4:3â1 \/ s5:3â1 \/ s6:3â1 \/ s7:3â1""
]"	"[
	""s4:5â1 \/ s5:5â1 \/ s6:6â1 \/ s7:6â1"",
	""s4:5â1 \/ s5:6â1 \/ s6:5â1 \/ s7:6â1"",
	""s4:5â1 \/ s5:6â1 \/ s6:6â1 \/ s7:5â1"",
	""s4:6â1 \/ s5:5â1 \/ s6:5â1 \/ s7:6â1"",
	""s4:6â1 \/ s5:5â1 \/ s6:6â1 \/ s7:5â1"",
	""s4:6â1 \/ s5:6â1 \/ s6:5â1 \/ s7:5â1"",
	""s4:5â1 \/ s5:5â1 \/ s6:6â1 \/ s7:6â1"",
	""s4:5â1 \/ s5:6â1 \/ s6:5â1 \/ s7:6â1"",
	""s4:5â1 \/ s5:6â1 \/ s6:6â1 \/ s7:5â1"",
	""s4:6â1 \/ s5:5â1 \/ s6:5â1 \/ s7:6â1"",
	""s4:6â1 \/ s5:5â1 \/ s6:6â1 \/ s7:5â1"",
	""s4:6â1 \/ s5:6â1 \/ s6:5â1 \/ s7:5â1"",
	""s4:5â1 \/ s5:5â1 \/ s6:6â1 \/ s7:6â1"",
	""s4:5â1 \/ s5:6â1 \/ s6:5â1 \/ s7:6â1"",
	""s4:5â1 \/ s5:6â1 \/ s6:6â1 \/ s7:5â1"",
	""s4:6â1 \/ s5:5â1 \/ s6:5â1 \/ s7:6â1"",
	""s4:6â1 \/ s5:5â1 \/ s6:6â1 \/ s7:5â1"",
	""s4:6â1 \/ s5:6â1 \/ s6:5â1 \/ s7:5â1"",
	""s4:5â1 \/ s5:5â1 \/ s6:6â1 \/ s7:6â1"",
	""s4:5â1 \/ s5:6â1 \/ s6:5â1 \/ s7:6â1"",
	""s4:5â1 \/ s5:6â1 \/ s6:6â1 \/ s7:5â1"",
	""s4:6â1 \/ s5:5â1 \/ s6:5â1 \/ s7:6â1"",
	""s4:6â1 \/ s5:5â1 \/ s6:6â1 \/ s7:5â1"",
	""s4:6â1 \/ s5:6â1 \/ s6:5â1 \/ s7:5â1""
]"
3	1	"0"	"so(8)+2(so(7)+2 su(2))"	16	37	4	2	1	0	0	0	0	0	"[
	""s1:1â1 \/ s2:3â1 \/ s3:1â1 \/ s4:3â1 \/ s5:3â1 \/ s6:3â1 \/ s7:3â2"",
	""s1:1â1 \/ s2:3â1 \/ s3:1â1 \/ s4:3â1 \/ s5:3â1 \/ s6:3â1 \/ s7:3â2"",
	""s1:1â1 \/ s2:3â1 \/ s3:1â1 \/ s4:3â1 \/ s5:3â1 \/ s6:3â1 \/ s7:3â2"",
	""s1:3â1 \/ s2:3â1 \/ s3:1â1 \/ s4:1â1 \/ s5:1â1 \/ s6:1â1 \/ s7:1â2"",
	""s1:3â1 \/ s2:3â1 \/ s3:1â1 \/ s4:1â1 \/ s5:1â1 \/ s6:1â1 \/ s7:1â2"",
	""s1:3â1 \/ s2:3â1 \/ s3:1â1 \/ s4:1â1 \/ s5:1â1 \/ s6:1â1 \/ s7:1â2""
]"	"[
	""s4:5â1 \/ s5:5â1 \/ s6:6â1 \/ s7:6â1"",
	""s4:5â1 \/ s5:6â1 \/ s6:5â1 \/ s7:6â1"",
	""s4:6â1 \/ s5:5â1 \/ s6:5â1 \/ s7:6â1"",
	""s4:5â1 \/ s5:6â1 \/ s6:6â1 \/ s7:5â1"",
	""s4:6â1 \/ s5:5â1 \/ s6:6â1 \/ s7:5â1"",
	""s4:6â1 \/ s5:6â1 \/ s6:5â1 \/ s7:5â1""
]"
3	1	"0"	"so(8)+2(so(7)+2 su(2))"	42	37	4	2	1	0	0	0	0	0	"[
	""s1:1â1 \/ s2:3â1 \/ s3:1â1 \/ s4:3â1 \/ s5:3â1 \/ s6:3â1 \/ s7:3â1"",
	""s1:1â1 \/ s2:3â1 \/ s3:1â1 \/ s4:3â1 \/ s5:3â1 \/ s6:3â1 \/ s7:3â1"",
	""s1:1â1 \/ s2:3â1 \/ s3:1â1 \/ s4:3â1 \/ s5:3â1 \/ s6:3â1 \/ s7:3â1"",
	""s1:1â1 \/ s2:3â1 \/ s3:1â1 \/ s4:3â1 \/ s5:3â1 \/ s6:3â1 \/ s7:3â1"",
	""s1:1â1 \/ s2:3â1 \/ s3:1â1 \/ s4:3â1 \/ s5:3â1 \/ s6:3â1 \/ s7:3â1"",
	""s1:1â1 \/ s2:3â1 \/ s3:1â1 \/ s4:3â1 \/ s5:3â1 \/ s6:3â1 \/ s7:3â1"",
	""s1:3â1 \/ s2:3â1 \/ s3:1â1 \/ s4:1â1 \/ s5:1â1 \/ s6:1â1 \/ s7:1â1"",
	""s1:3â1 \/ s2:3â1 \/ s3:1â1 \/ s4:1â1 \/ s5:1â1 \/ s6:1â1 \/ s7:1â1"",
	""s1:3â1 \/ s2:3â1 \/ s3:1â1 \/ s4:1â1 \/ s5:1â1 \/ s6:1â1 \/ s7:1â1"",
	""s1:3â1 \/ s2:3â1 \/ s3:1â1 \/ s4:1â1 \/ s5:1â1 \/ s6:1â1 \/ s7:1â1"",
	""s1:3â1 \/ s2:3â1 \/ s3:1â1 \/ s4:1â1 \/ s5:1â1 \/ s6:1â1 \/ s7:1â1"",
	""s1:3â1 \/ s2:3â1 \/ s3:1â1 \/ s4:1â1 \/ s5:1â1 \/ s6:1â1 \/ s7:1â1""
]"	"[
	""s4:5â1 \/ s5:5â1 \/ s6:6â1 \/ s7:6â1"",
	""s4:5â1 \/ s5:6â1 \/ s6:5â1 \/ s7:6â1"",
	""s4:5â1 \/ s5:6â1 \/ s6:6â1 \/ s7:5â1"",
	""s4:6â1 \/ s5:5â1 \/ s6:5â1 \/ s7:6â1"",
	""s4:6â1 \/ s5:5â1 \/ s6:6â1 \/ s7:5â1"",
	""s4:6â1 \/ s5:6â1 \/ s6:5â1 \/ s7:5â1"",
	""s4:5â1 \/ s5:5â1 \/ s6:6â1 \/ s7:6â1"",
	""s4:5â1 \/ s5:6â1 \/ s6:5â1 \/ s7:6â1"",
	""s4:5â1 \/ s5:6â1 \/ s6:6â1 \/ s7:5â1"",
	""s4:6â1 \/ s5:5â1 \/ s6:5â1 \/ s7:6â1"",
	""s4:6â1 \/ s5:5â1 \/ s6:6â1 \/ s7:5â1"",
	""s4:6â1 \/ s5:6â1 \/ s6:5â1 \/ s7:5â1""
]"
3	1	"0"	"so(8)+2 su(3)+2(g2+su(2))"	121	25	2	4	1	0	0	0	0	0	"[
	""s1:1â1 \/ s2:3â1 \/ s3:3â1 \/ s4:3â1 \/ s5:1â1 \/ s6:1â1 \/ s7:1â1"",
	""s1:1â1 \/ s2:3â1 \/ s3:3â1 \/ s4:3â1 \/ s5:1â1 \/ s6:1â1 \/ s7:1â1"",
	""s1:1â1 \/ s2:3â1 \/ s3:3â1 \/ s4:3â1 \/ s5:1â1 \/ s6:1â1 \/ s7:1â1"",
	""s1:1â1 \/ s2:3â1 \/ s3:3â1 \/ s4:3â1 \/ s5:1â1 \/ s6:1â1 \/ s7:1â1"",
	""s1:1â1 \/ s2:3â1 \/ s3:3â1 \/ s4:3â1 \/ s5:1â1 \/ s6:1â1 \/ s7:1â1"",
	""s1:1â1 \/ s2:3â1 \/ s3:3â1 \/ s4:3â1 \/ s5:1â1 \/ s6:1â1 \/ s7:1â1"",
	""s1:3â1 \/ s2:3â1 \/ s3:1â1 \/ s4:1â1 \/ s5:1â1 \/ s6:3â1 \/ s7:3â1"",
	""s1:3â1 \/ s2:3â1 \/ s3:1â1 \/ s4:1â1 \/ s5:1â1 \/ s6:3â1 \/ s7:3â1"",
	""s1:3â1 \/ s2:3â1 \/ s3:1â1 \/ s4:1â1 \/ s5:1â1 \/ s6:3â1 \/ s7:3â1"",
	""s1:3â1 \/ s2:3â1 \/ s3:1â1 \/ s4:1â1 \/ s5:1â1 \/ s6:3â1 \/ s7:3â1"",
	""s1:3â1 \/ s2:3â1 \/ s3:1â1 \/ s4:1â1 \/ s5:1â1 \/ s6:3â1 \/ s7:3â1"",
	""s1:3â1 \/ s2:3â1 \/ s3:1â1 \/ s4:1â1 \/ s5:1â1 \/ s6:3â1 \/ s7:3â1""
]"	"[
	""s6:5â1 \/ s7:6â1"",
	""s6:5â1 \/ s7:7â1"",
	""s6:6â1 \/ s7:5â1"",
	""s6:6â1 \/ s7:7â1"",
	""s6:7â1 \/ s7:5â1"",
	""s6:7â1 \/ s7:6â1"",
	""s6:6â1 \/ s7:7â1"",
	""s6:6â1 \/ s7:8â1"",
	""s6:7â1 \/ s7:6â1"",
	""s6:7â1 \/ s7:8â1"",
	""s6:8â1 \/ s7:6â1"",
	""s6:8â1 \/ s7:7â1""
]"
3	1	"0"	"so(8)+3 su(3)+so(7)+2 su(2)"	12	24	2	4	1	0	0	0	0	0	"[
	""s1:1â1 \/ s2:3â1 \/ s3:3â1 \/ s4:3â1 \/ s5:1â1 \/ s6:3â1 \/ s7:3â1"",
	""s1:3â1 \/ s2:3â1 \/ s3:1â1 \/ s4:1â1 \/ s5:1â1 \/ s6:1â1 \/ s7:1â1""
]"	"[
	""s6:8â1 \/ s7:8â1"",
	""s6:5â1 \/ s7:5â1""
]"
3	1	"0"	"so(8)+su(3)+g2+su(2)+so(7)+2 su(2)"	12	31	3	3	1	0	0	0	0	0	"[
	""s1:1â1 \/ s2:3â1 \/ s3:3â1 \/ s4:1â1 \/ s5:3â1 \/ s6:3â1 \/ s7:3â1"",
	""s1:1â1 \/ s2:3â1 \/ s3:3â1 \/ s4:1â1 \/ s5:3â1 \/ s6:3â1 \/ s7:3â1"",
	""s1:1â1 \/ s2:3â1 \/ s3:3â1 \/ s4:1â1 \/ s5:3â1 \/ s6:3â1 \/ s7:3â1"",
	""s1:1â1 \/ s2:3â1 \/ s3:3â1 \/ s4:1â1 \/ s5:3â1 \/ s6:3â1 \/ s7:3â1"",
	""s1:1â1 \/ s2:3â1 \/ s3:3â1 \/ s4:1â1 \/ s5:3â1 \/ s6:3â1 \/ s7:3â1"",
	""s1:1â1 \/ s2:3â1 \/ s3:3â1 \/ s4:1â1 \/ s5:3â1 \/ s6:3â1 \/ s7:3â1"",
	""s1:3â1 \/ s2:3â1 \/ s3:1â1 \/ s4:1â1 \/ s5:1â1 \/ s6:1â1 \/ s7:1â1"",
	""s1:3â1 \/ s2:3â1 \/ s3:1â1 \/ s4:1â1 \/ s5:1â1 \/ s6:1â1 \/ s7:1â1"",
	""s1:3â1 \/ s2:3â1 \/ s3:1â1 \/ s4:1â1 \/ s5:1â1 \/ s6:1â1 \/ s7:1â1"",
	""s1:3â1 \/ s2:3â1 \/ s3:1â1 \/ s4:1â1 \/ s5:1â1 \/ s6:1â1 \/ s7:1â1"",
	""s1:3â1 \/ s2:3â1 \/ s3:1â1 \/ s4:1â1 \/ s5:1â1 \/ s6:1â1 \/ s7:1â1"",
	""s1:3â1 \/ s2:3â1 \/ s3:1â1 \/ s4:1â1 \/ s5:1â1 \/ s6:1â1 \/ s7:1â1""
]"	"[
	""s5:5â1 \/ s6:7â1 \/ s7:7â1"",
	""s5:6â1 \/ s6:7â1 \/ s7:7â1"",
	""s5:7â1 \/ s6:5â1 \/ s7:7â1"",
	""s5:7â1 \/ s6:6â1 \/ s7:7â1"",
	""s5:7â1 \/ s6:7â1 \/ s7:5â1"",
	""s5:7â1 \/ s6:7â1 \/ s7:6â1"",
	""s5:5â1 \/ s6:5â1 \/ s7:6â1"",
	""s5:5â1 \/ s6:5â1 \/ s7:7â1"",
	""s5:5â1 \/ s6:6â1 \/ s7:5â1"",
	""s5:5â1 \/ s6:7â1 \/ s7:5â1"",
	""s5:6â1 \/ s6:5â1 \/ s7:5â1"",
	""s5:7â1 \/ s6:5â1 \/ s7:5â1""
]"
3	1	"0"	"su(3)+2(g2+su(2))+so(7)+2 su(2)"	11	50	3	4	0	0	0	0	0	0	"[
	""s1:3â1 \/ s2:3â1 \/ s4:1â1 \/ s5:1â1 \/ s6:1â1 \/ s7:1â1"",
	""s1:3â1 \/ s2:3â1 \/ s4:1â1 \/ s5:1â1 \/ s6:1â1 \/ s7:1â1"",
	""s1:3â1 \/ s2:3â1 \/ s4:1â1 \/ s5:1â1 \/ s6:1â1 \/ s7:1â1"",
	""s1:3â1 \/ s2:3â1 \/ s4:1â1 \/ s5:1â1 \/ s6:1â1 \/ s7:1â1"",
	""s1:3â1 \/ s2:3â1 \/ s4:1â1 \/ s5:1â1 \/ s6:1â1 \/ s7:1â1"",
	""s1:3â1 \/ s2:3â1 \/ s4:1â1 \/ s5:1â1 \/ s6:1â1 \/ s7:1â1"",
	""s1:3â1 \/ s2:3â1 \/ s4:1â1 \/ s5:1â1 \/ s6:1â1 \/ s7:1â1"",
	""s1:3â1 \/ s2:3â1 \/ s4:1â1 \/ s5:1â1 \/ s6:1â1 \/ s7:1â1"",
	""s1:3â1 \/ s2:3â1 \/ s4:1â1 \/ s5:1â1 \/ s6:1â1 \/ s7:1â1"",
	""s1:3â1 \/ s2:3â1 \/ s4:1â1 \/ s5:1â1 \/ s6:1â1 \/ s7:1â1"",
	""s1:3â1 \/ s2:3â1 \/ s4:1â1 \/ s5:1â1 \/ s6:1â1 \/ s7:1â1"",
	""s1:3â1 \/ s2:3â1 \/ s4:1â1 \/ s5:1â1 \/ s6:1â1 \/ s7:1â1"",
	""s1:3â1 \/ s2:3â1 \/ s4:1â1 \/ s5:1â1 \/ s6:1â1 \/ s7:1â1, 3â1"",
	""s1:3â1 \/ s2:3â1 \/ s4:1â1 \/ s5:1â1 \/ s6:1â1 \/ s7:1â1, 3â1"",
	""s1:3â1 \/ s2:3â1 \/ s4:1â1 \/ s5:1â1 \/ s6:1â1 \/ s7:1â1, 3â1"",
	""s1:3â1 \/ s2:3â1 \/ s4:1â1 \/ s5:1â1 \/ s6:1â1 \/ s7:1â1, 3â1"",
	""s1:3â1 \/ s2:3â1 \/ s4:1â1 \/ s5:1â1 \/ s6:1â1 \/ s7:1â1, 3â1"",
	""s1:3â1 \/ s2:3â1 \/ s4:1â1 \/ s5:1â1 \/ s6:1â1 \/ s7:1â1, 3â1"",
	""s1:3â1 \/ s2:3â1 \/ s4:1â1 \/ s5:1â1 \/ s6:1â1 \/ s7:1â1, 3â2"",
	""s1:3â1 \/ s2:3â1 \/ s4:1â1 \/ s5:1â1 \/ s6:1â1 \/ s7:1â1, 3â2"",
	""s1:3â1 \/ s2:3â1 \/ s4:1â1 \/ s5:1â1 \/ s6:1â1 \/ s7:1â2"",
	""s1:3â1 \/ s2:3â1 \/ s4:1â1 \/ s5:1â1 \/ s6:1â1 \/ s7:1â2"",
	""s1:3â1 \/ s2:3â1 \/ s4:1â1 \/ s5:1â1 \/ s6:1â1 \/ s7:1â2"",
	""s1:3â1 \/ s2:3â1 \/ s4:1â1 \/ s5:1â1 \/ s6:1â1 \/ s7:1â2"",
	""s1:3â1 \/ s2:3â1 \/ s4:1â1 \/ s5:1â1 \/ s6:1â1 \/ s7:1â2"",
	""s1:3â1 \/ s2:3â1 \/ s4:1â1 \/ s5:1â1 \/ s6:1â1 \/ s7:1â2"",
	""s1:3â1 \/ s2:3â1 \/ s4:1â1 \/ s5:1â1 \/ s6:1â1 \/ s7:1â2, 3â1"",
	""s1:3â1 \/ s2:3â1 \/ s4:1â1 \/ s5:1â1 \/ s6:1â1 \/ s7:1â2, 3â1"",
	""s1:3â1 \/ s2:3â1 \/ s4:1â1 \/ s5:1â1 \/ s6:1â1 \/ s7:1â2, 3â1"",
	""s1:3â1 \/ s2:3â1 \/ s4:1â1 \/ s5:1â1 \/ s6:1â1 \/ s7:1â2, 3â1"",
	""s1:3â1 \/ s2:3â1 \/ s4:1â1 \/ s5:1â1 \/ s6:1â1 \/ s7:1â2, 3â1"",
	""s1:3â1 \/ s2:3â1 \/ s4:1â1 \/ s5:1â1 \/ s6:1â1 \/ s7:1â2, 3â1"",
	""s1:3â1 \/ s2:3â1 \/ s4:1â1 \/ s5:1â1 \/ s6:1â1 \/ s7:1â2, 3â1"",
	""s1:3â1 \/ s2:3â1 \/ s4:1â1 \/ s5:1â1 \/ s6:1â1 \/ s7:1â2, 3â1"",
	""s1:3â1 \/ s2:3â1 \/ s4:1â1 \/ s5:1â1 \/ s6:1â1 \/ s7:1â2, 3â1"",
	""s1:3â1 \/ s2:3â1 \/ s4:1â1 \/ s5:1â1 \/ s6:1â1 \/ s7:1â2, 3â1"",
	""s1:3â1 \/ s2:3â1 \/ s4:1â1 \/ s5:1â1 \/ s6:1â1 \/ s7:1â3, 3â1"",
	""s1:3â1 \/ s2:3â1 \/ s4:1â1 \/ s5:1â1 \/ s6:1â1 \/ s7:1â3, 3â1"",
	""s1:3â1 \/ s2:3â1 \/ s4:1â1 \/ s5:1â1 \/ s6:1â1 \/ s7:1â3, 3â1"",
	""s1:3â1 \/ s2:3â1 \/ s4:1â1 \/ s5:1â1 \/ s6:1â1 \/ s7:1â3, 3â1"",
	""s1:3â1 \/ s2:3â1 \/ s4:1â1 \/ s5:1â1 \/ s6:1â1 \/ s7:1â3, 3â1"",
	""s1:3â1 \/ s2:3â1 \/ s4:1â1 \/ s5:1â1 \/ s6:1â1 \/ s7:1â3, 3â1"",
	""s1:3â1 \/ s2:3â1 \/ s4:1â1 \/ s5:3â1 \/ s6:1â1 \/ s7:1â1"",
	""s1:3â1 \/ s2:3â1 \/ s4:1â1 \/ s5:3â1 \/ s6:1â1 \/ s7:1â1"",
	""s1:3â1 \/ s2:3â1 \/ s4:1â1 \/ s5:3â1 \/ s6:1â1 \/ s7:1â1, 3â1"",
	""s1:3â1 \/ s2:3â1 \/ s4:1â1 \/ s5:3â1 \/ s6:1â1 \/ s7:1â1, 3â1"",
	""s1:3â1 \/ s2:3â1 \/ s4:1â2 \/ s5:1â1 \/ s6:1â1 \/ s7:1â1"",
	""s1:3â1 \/ s2:3â1 \/ s4:1â2 \/ s5:1â1 \/ s6:1â1 \/ s7:1â1"",
	""s1:3â1 \/ s2:3â1 \/ s4:1â2 \/ s5:1â1 \/ s6:1â1 \/ s7:1â1"",
	""s1:3â1 \/ s2:3â1 \/ s4:1â2 \/ s5:1â1 \/ s6:1â1 \/ s7:1â1"",
	""s1:3â1 \/ s2:3â1 \/ s4:1â2 \/ s5:1â1 \/ s6:1â1 \/ s7:1â1"",
	""s1:3â1 \/ s2:3â1 \/ s4:1â2 \/ s5:1â1 \/ s6:1â1 \/ s7:1â1"",
	""s1:3â1 \/ s3:1â1 \/ s4:1â1 \/ s5:3â1 \/ s6:1â1 \/ s7:1â1, 3â1"",
	""s1:3â1 \/ s3:1â1 \/ s4:1â1 \/ s5:3â1 \/ s6:1â1 \/ s7:1â1, 3â1"",
	""s1:3â1 \/ s3:1â1 \/ s4:1â1 \/ s5:3â1 \/ s6:3â1 \/ s7:1â1"",
	""s1:3â1 \/ s3:1â1 \/ s4:1â1 \/ s5:3â1 \/ s6:3â1 \/ s7:1â1"",
	""s1:3â1 \/ s3:1â1 \/ s4:1â1 \/ s5:3â1 \/ s6:3â1 \/ s7:1â1, 3â1"",
	""s1:3â1 \/ s3:1â1 \/ s4:1â1 \/ s5:3â1 \/ s6:3â1 \/ s7:1â1, 3â1"",
	""s1:3â1 \/ s3:1â1 \/ s4:1â1 \/ s5:3â1 \/ s6:3â1 \/ s7:1â1, 3â1"",
	""s1:3â1 \/ s3:1â1 \/ s4:1â1 \/ s5:3â1 \/ s6:3â1 \/ s7:1â1, 3â1"",
	""s1:3â1 \/ s3:1â1 \/ s4:1â1 \/ s5:3â1 \/ s6:3â1 \/ s7:1â1, 3â1"",
	""s1:3â1 \/ s3:1â1 \/ s4:1â1 \/ s5:3â1 \/ s6:3â1 \/ s7:1â1, 3â1"",
	""s1:3â1 \/ s3:1â1 \/ s4:1â1 \/ s5:3â1 \/ s6:3â1 \/ s7:1â1, 3â2"",
	""s1:3â1 \/ s3:1â1 \/ s4:1â1 \/ s5:3â1 \/ s6:3â1 \/ s7:1â1, 3â2"",
	""s1:3â1 \/ s3:1â1 \/ s4:1â1 \/ s5:3â1 \/ s6:3â1 \/ s7:1â1, 3â2"",
	""s1:3â1 \/ s3:1â1 \/ s4:1â1 \/ s5:3â1 \/ s6:3â1 \/ s7:1â1, 3â2"",
	""s1:3â1 \/ s3:1â1 \/ s4:1â1 \/ s5:3â1 \/ s6:3â1 \/ s7:1â1, 3â2"",
	""s1:3â1 \/ s3:1â1 \/ s4:1â1 \/ s5:3â1 \/ s6:3â1 \/ s7:1â1, 3â2"",
	""s1:3â1 \/ s3:1â1 \/ s4:1â1 \/ s5:3â1 \/ s6:3â1 \/ s7:1â1, 3â2"",
	""s1:3â1 \/ s3:1â1 \/ s4:1â1 \/ s5:3â1 \/ s6:3â1 \/ s7:1â1, 3â2"",
	""s1:3â1 \/ s3:1â1 \/ s4:1â1 \/ s5:3â1 \/ s6:3â1 \/ s7:1â1, 3â2"",
	""s1:3â1 \/ s3:1â1 \/ s4:1â1 \/ s5:3â1 \/ s6:3â1 \/ s7:1â1, 3â2"",
	""s1:3â1 \/ s3:1â1 \/ s4:1â1 \/ s5:3â1 \/ s6:3â1 \/ s7:1â1, 3â3"",
	""s1:3â1 \/ s3:1â1 \/ s4:1â1 \/ s5:3â1 \/ s6:3â1 \/ s7:1â1, 3â3"",
	""s1:3â1 \/ s3:1â1 \/ s4:1â1 \/ s5:3â1 \/ s6:3â1 \/ s7:1â1, 3â3"",
	""s1:3â1 \/ s3:1â1 \/ s4:1â1 \/ s5:3â1 \/ s6:3â1 \/ s7:1â1, 3â3"",
	""s1:3â1 \/ s3:1â1 \/ s4:1â1 \/ s5:3â1 \/ s6:3â1 \/ s7:1â1, 3â3"",
	""s1:3â1 \/ s3:1â1 \/ s4:1â1 \/ s5:3â1 \/ s6:3â1 \/ s7:1â1, 3â3"",
	""s1:3â1 \/ s3:1â1 \/ s4:1â1 \/ s5:3â1 \/ s6:3â1 \/ s7:1â2, 3â1"",
	""s1:3â1 \/ s3:1â1 \/ s4:1â1 \/ s5:3â1 \/ s6:3â1 \/ s7:1â2, 3â1"",
	""s1:3â1 \/ s3:1â1 \/ s4:1â1 \/ s5:3â1 \/ s6:3â1 \/ s7:3â1"",
	""s1:3â1 \/ s3:1â1 \/ s4:1â1 \/ s5:3â1 \/ s6:3â1 \/ s7:3â1"",
	""s1:3â1 \/ s3:1â1 \/ s4:1â1 \/ s5:3â1 \/ s6:3â1 \/ s7:3â1"",
	""s1:3â1 \/ s3:1â1 \/ s4:1â1 \/ s5:3â1 \/ s6:3â1 \/ s7:3â1"",
	""s1:3â1 \/ s3:1â1 \/ s4:1â1 \/ s5:3â1 \/ s6:3â1 \/ s7:3â1"",
	""s1:3â1 \/ s3:1â1 \/ s4:1â1 \/ s5:3â1 \/ s6:3â1 \/ s7:3â1"",
	""s1:3â1 \/ s3:1â1 \/ s4:1â1 \/ s5:3â1 \/ s6:3â1 \/ s7:3â1"",
	""s1:3â1 \/ s3:1â1 \/ s4:1â1 \/ s5:3â1 \/ s6:3â1 \/ s7:3â1"",
	""s1:3â1 \/ s3:1â1 \/ s4:1â1 \/ s5:3â1 \/ s6:3â1 \/ s7:3â1"",
	""s1:3â1 \/ s3:1â1 \/ s4:1â1 \/ s5:3â1 \/ s6:3â1 \/ s7:3â1"",
	""s1:3â1 \/ s3:1â1 \/ s4:1â1 \/ s5:3â1 \/ s6:3â1 \/ s7:3â1"",
	""s1:3â1 \/ s3:1â1 \/ s4:1â1 \/ s5:3â1 \/ s6:3â1 \/ s7:3â1"",
	""s1:3â1 \/ s3:1â1 \/ s4:1â1 \/ s5:3â1 \/ s6:3â1 \/ s7:3â2"",
	""s1:3â1 \/ s3:1â1 \/ s4:1â1 \/ s5:3â1 \/ s6:3â1 \/ s7:3â2"",
	""s1:3â1 \/ s3:1â1 \/ s4:1â1 \/ s5:3â1 \/ s6:3â1 \/ s7:3â2"",
	""s1:3â1 \/ s3:1â1 \/ s4:1â1 \/ s5:3â1 \/ s6:3â1 \/ s7:3â2"",
	""s1:3â1 \/ s3:1â1 \/ s4:1â1 \/ s5:3â1 \/ s6:3â1 \/ s7:3â2"",
	""s1:3â1 \/ s3:1â1 \/ s4:1â1 \/ s5:3â1 \/ s6:3â1 \/ s7:3â2"",
	""s1:3â2 \/ s3:1â1 \/ s4:1â1 \/ s5:3â1 \/ s6:3â1 \/ s7:3â1"",
	""s1:3â2 \/ s3:1â1 \/ s4:1â1 \/ s5:3â1 \/ s6:3â1 \/ s7:3â1"",
	""s1:3â2 \/ s3:1â1 \/ s4:1â1 \/ s5:3â1 \/ s6:3â1 \/ s7:3â1"",
	""s1:3â2 \/ s3:1â1 \/ s4:1â1 \/ s5:3â1 \/ s6:3â1 \/ s7:3â1"",
	""s1:3â2 \/ s3:1â1 \/ s4:1â1 \/ s5:3â1 \/ s6:3â1 \/ s7:3â1"",
	""s1:3â2 \/ s3:1â1 \/ s4:1â1 \/ s5:3â1 \/ s6:3â1 \/ s7:3â1""
]"	"[
	""s3:2â1 \/ s5:4â1 \/ s6:4â1 \/ s7:5â1"",
	""s3:2â1 \/ s5:4â1 \/ s6:4â1 \/ s7:7â1"",
	""s3:2â1 \/ s5:4â1 \/ s6:5â1 \/ s7:4â1"",
	""s3:2â1 \/ s5:4â1 \/ s6:5â1 \/ s7:5â1"",
	""s3:2â1 \/ s5:4â1 \/ s6:7â1 \/ s7:4â1"",
	""s3:2â1 \/ s5:5â1 \/ s6:4â1 \/ s7:4â1"",
	""s3:2â1 \/ s5:5â1 \/ s6:4â1 \/ s7:5â1"",
	""s3:2â1 \/ s5:5â1 \/ s6:5â1 \/ s7:4â1"",
	""s3:2â1 \/ s5:5â1 \/ s6:5â1 \/ s7:7â1"",
	""s3:2â1 \/ s5:5â1 \/ s6:7â1 \/ s7:5â1"",
	""s3:2â1 \/ s5:7â1 \/ s6:4â1 \/ s7:4â1"",
	""s3:2â1 \/ s5:7â1 \/ s6:5â1 \/ s7:5â1"",
	""s3:2â1 \/ s5:4â1 \/ s6:4â1 \/ s7:7â1"",
	""s3:2â1 \/ s5:4â1 \/ s6:7â1 \/ s7:7â1"",
	""s3:2â1 \/ s5:5â1 \/ s6:5â1 \/ s7:7â1"",
	""s3:2â1 \/ s5:5â1 \/ s6:7â1 \/ s7:7â1"",
	""s3:2â1 \/ s5:7â1 \/ s6:4â1 \/ s7:7â1"",
	""s3:2â1 \/ s5:7â1 \/ s6:5â1 \/ s7:7â1"",
	""s3:2â1 \/ s5:4â1 \/ s6:4â1 \/ s7:7â1"",
	""s3:2â1 \/ s5:5â1 \/ s6:5â1 \/ s7:7â1"",
	""s3:2â1 \/ s5:4â1 \/ s6:4â1 \/ s7:5â1"",
	""s3:2â1 \/ s5:4â1 \/ s6:5â1 \/ s7:4â1"",
	""s3:2â1 \/ s5:4â1 \/ s6:5â1 \/ s7:5â1"",
	""s3:2â1 \/ s5:5â1 \/ s6:4â1 \/ s7:4â1"",
	""s3:2â1 \/ s5:5â1 \/ s6:4â1 \/ s7:5â1"",
	""s3:2â1 \/ s5:5â1 \/ s6:5â1 \/ s7:4â1"",
	""s3:2â1 \/ s5:4â1 \/ s6:4â1 \/ s7:7â1"",
	""s3:2â1 \/ s5:4â1 \/ s6:7â1 \/ s7:4â1"",
	""s3:2â1 \/ s5:4â1 \/ s6:7â1 \/ s7:7â1"",
	""s3:2â1 \/ s5:5â1 \/ s6:5â1 \/ s7:7â1"",
	""s3:2â1 \/ s5:5â1 \/ s6:7â1 \/ s7:5â1"",
	""s3:2â1 \/ s5:5â1 \/ s6:7â1 \/ s7:7â1"",
	""s3:2â1 \/ s5:7â1 \/ s6:4â1 \/ s7:4â1"",
	""s3:2â1 \/ s5:7â1 \/ s6:4â1 \/ s7:7â1"",
	""s3:2â1 \/ s5:7â1 \/ s6:5â1 \/ s7:5â1"",
	""s3:2â1 \/ s5:7â1 \/ s6:5â1 \/ s7:7â1"",
	""s3:2â1 \/ s5:4â1 \/ s6:4â1 \/ s7:7â1"",
	""s3:2â1 \/ s5:4â1 \/ s6:7â1 \/ s7:4â1"",
	""s3:2â1 \/ s5:5â1 \/ s6:5â1 \/ s7:7â1"",
	""s3:2â1 \/ s5:5â1 \/ s6:7â1 \/ s7:5â1"",
	""s3:2â1 \/ s5:7â1 \/ s6:4â1 \/ s7:4â1"",
	""s3:2â1 \/ s5:7â1 \/ s6:5â1 \/ s7:5â1"",
	""s3:2â1 \/ s5:7â1 \/ s6:4â1 \/ s7:4â1"",
	""s3:2â1 \/ s5:7â1 \/ s6:5â1 \/ s7:5â1"",
	""s3:2â1 \/ s5:7â1 \/ s6:4â1 \/ s7:7â1"",
	""s3:2â1 \/ s5:7â1 \/ s6:5â1 \/ s7:7â1"",
	""s3:2â1 \/ s5:4â1 \/ s6:4â1 \/ s7:5â1"",
	""s3:2â1 \/ s5:4â1 \/ s6:5â1 \/ s7:4â1"",
	""s3:2â1 \/ s5:4â1 \/ s6:5â1 \/ s7:5â1"",
	""s3:2â1 \/ s5:5â1 \/ s6:4â1 \/ s7:4â1"",
	""s3:2â1 \/ s5:5â1 \/ s6:4â1 \/ s7:5â1"",
	""s3:2â1 \/ s5:5â1 \/ s6:5â1 \/ s7:4â1"",
	""s2:2â1 \/ s5:6â1 \/ s6:4â1 \/ s7:4â1"",
	""s2:2â1 \/ s5:7â1 \/ s6:4â1 \/ s7:4â1"",
	""s2:2â1 \/ s5:6â1 \/ s6:6â1 \/ s7:4â1"",
	""s2:2â1 \/ s5:7â1 \/ s6:7â1 \/ s7:4â1"",
	""s2:2â1 \/ s5:4â1 \/ s6:6â1 \/ s7:4â1"",
	""s2:2â1 \/ s5:4â1 \/ s6:7â1 \/ s7:4â1"",
	""s2:2â1 \/ s5:6â1 \/ s6:4â1 \/ s7:4â1"",
	""s2:2â1 \/ s5:6â1 \/ s6:6â1 \/ s7:4â1"",
	""s2:2â1 \/ s5:7â1 \/ s6:4â1 \/ s7:4â1"",
	""s2:2â1 \/ s5:7â1 \/ s6:7â1 \/ s7:4â1"",
	""s2:2â1 \/ s5:4â1 \/ s6:6â1 \/ s7:4â1"",
	""s2:2â1 \/ s5:4â1 \/ s6:6â1 \/ s7:6â1"",
	""s2:2â1 \/ s5:4â1 \/ s6:7â1 \/ s7:4â1"",
	""s2:2â1 \/ s5:4â1 \/ s6:7â1 \/ s7:7â1"",
	""s2:2â1 \/ s5:6â1 \/ s6:4â1 \/ s7:4â1"",
	""s2:2â1 \/ s5:6â1 \/ s6:4â1 \/ s7:6â1"",
	""s2:2â1 \/ s5:6â1 \/ s6:6â1 \/ s7:4â1"",
	""s2:2â1 \/ s5:7â1 \/ s6:4â1 \/ s7:4â1"",
	""s2:2â1 \/ s5:7â1 \/ s6:4â1 \/ s7:7â1"",
	""s2:2â1 \/ s5:7â1 \/ s6:7â1 \/ s7:4â1"",
	""s2:2â1 \/ s5:4â1 \/ s6:6â1 \/ s7:6â1"",
	""s2:2â1 \/ s5:4â1 \/ s6:7â1 \/ s7:7â1"",
	""s2:2â1 \/ s5:6â1 \/ s6:4â1 \/ s7:6â1"",
	""s2:2â1 \/ s5:6â1 \/ s6:6â1 \/ s7:4â1"",
	""s2:2â1 \/ s5:7â1 \/ s6:4â1 \/ s7:7â1"",
	""s2:2â1 \/ s5:7â1 \/ s6:7â1 \/ s7:4â1"",
	""s2:2â1 \/ s5:6â1 \/ s6:6â1 \/ s7:4â1"",
	""s2:2â1 \/ s5:7â1 \/ s6:7â1 \/ s7:4â1"",
	""s2:2â1 \/ s5:4â1 \/ s6:6â1 \/ s7:6â1"",
	""s2:2â1 \/ s5:4â1 \/ s6:7â1 \/ s7:7â1"",
	""s2:2â1 \/ s5:6â1 \/ s6:4â1 \/ s7:6â1"",
	""s2:2â1 \/ s5:6â1 \/ s6:6â1 \/ s7:4â1"",
	""s2:2â1 \/ s5:6â1 \/ s6:6â1 \/ s7:7â1"",
	""s2:2â1 \/ s5:6â1 \/ s6:7â1 \/ s7:6â1"",
	""s2:2â1 \/ s5:6â1 \/ s6:7â1 \/ s7:7â1"",
	""s2:2â1 \/ s5:7â1 \/ s6:4â1 \/ s7:7â1"",
	""s2:2â1 \/ s5:7â1 \/ s6:6â1 \/ s7:6â1"",
	""s2:2â1 \/ s5:7â1 \/ s6:6â1 \/ s7:7â1"",
	""s2:2â1 \/ s5:7â1 \/ s6:7â1 \/ s7:4â1"",
	""s2:2â1 \/ s5:7â1 \/ s6:7â1 \/ s7:6â1"",
	""s2:2â1 \/ s5:6â1 \/ s6:6â1 \/ s7:7â1"",
	""s2:2â1 \/ s5:6â1 \/ s6:7â1 \/ s7:6â1"",
	""s2:2â1 \/ s5:6â1 \/ s6:7â1 \/ s7:7â1"",
	""s2:2â1 \/ s5:7â1 \/ s6:6â1 \/ s7:6â1"",
	""s2:2â1 \/ s5:7â1 \/ s6:6â1 \/ s7:7â1"",
	""s2:2â1 \/ s5:7â1 \/ s6:7â1 \/ s7:6â1"",
	""s2:2â1 \/ s5:6â1 \/ s6:6â1 \/ s7:7â1"",
	""s2:2â1 \/ s5:6â1 \/ s6:7â1 \/ s7:6â1"",
	""s2:2â1 \/ s5:6â1 \/ s6:7â1 \/ s7:7â1"",
	""s2:2â1 \/ s5:7â1 \/ s6:6â1 \/ s7:6â1"",
	""s2:2â1 \/ s5:7â1 \/ s6:6â1 \/ s7:7â1"",
	""s2:2â1 \/ s5:7â1 \/ s6:7â1 \/ s7:6â1""
]"
3	1	"0"	"su(3)+2(g2+su(2))+so(7)+2 su(2)"	12	50	3	4	0	0	0	0	0	0	"[
	""s1:3â1 \/ s2:3â1 \/ s4:1â1 \/ s5:1â1 \/ s6:1â2 \/ s7:1â2"",
	""s1:3â1 \/ s2:3â1 \/ s4:1â1 \/ s5:1â1 \/ s6:1â2 \/ s7:1â2"",
	""s1:3â1 \/ s2:3â1 \/ s4:1â1 \/ s5:1â1 \/ s6:1â2 \/ s7:1â2"",
	""s1:3â1 \/ s2:3â1 \/ s4:1â1 \/ s5:1â1 \/ s6:1â2 \/ s7:1â2"",
	""s1:3â1 \/ s2:3â1 \/ s4:1â1 \/ s5:3â1 \/ s6:1â1 \/ s7:1â2, 3â1"",
	""s1:3â1 \/ s2:3â1 \/ s4:1â1 \/ s5:3â1 \/ s6:1â1 \/ s7:1â2, 3â1"",
	""s1:3â1 \/ s2:3â1 \/ s4:1â1 \/ s5:3â1 \/ s6:3â1 \/ s7:1â1"",
	""s1:3â1 \/ s2:3â1 \/ s4:1â1 \/ s5:3â1 \/ s6:3â1 \/ s7:1â1"",
	""s1:3â1 \/ s3:1â1 \/ s4:1â1 \/ s5:3â1 \/ s6:1â1 \/ s7:1â1"",
	""s1:3â1 \/ s3:1â1 \/ s4:1â1 \/ s5:3â1 \/ s6:1â1 \/ s7:1â1"",
	""s1:3â1 \/ s3:1â1 \/ s4:1â1 \/ s5:3â1 \/ s6:1â1 \/ s7:1â1, 3â2"",
	""s1:3â1 \/ s3:1â1 \/ s4:1â1 \/ s5:3â1 \/ s6:1â1 \/ s7:1â1, 3â2"",
	""s1:3â1 \/ s3:1â1 \/ s4:1â1 \/ s5:3â1 \/ s6:3â2 \/ s7:3â2"",
	""s1:3â1 \/ s3:1â1 \/ s4:1â1 \/ s5:3â1 \/ s6:3â2 \/ s7:3â2"",
	""s1:3â1 \/ s3:1â1 \/ s4:1â1 \/ s5:3â1 \/ s6:3â2 \/ s7:3â2"",
	""s1:3â1 \/ s3:1â1 \/ s4:1â1 \/ s5:3â1 \/ s6:3â2 \/ s7:3â2""
]"	"[
	""s3:2â1 \/ s5:4â1 \/ s6:4â1 \/ s7:5â1"",
	""s3:2â1 \/ s5:4â1 \/ s6:5â1 \/ s7:4â1"",
	""s3:2â1 \/ s5:5â1 \/ s6:4â1 \/ s7:5â1"",
	""s3:2â1 \/ s5:5â1 \/ s6:5â1 \/ s7:4â1"",
	""s3:2â1 \/ s5:7â1 \/ s6:4â1 \/ s7:7â1"",
	""s3:2â1 \/ s5:7â1 \/ s6:5â1 \/ s7:7â1"",
	""s3:2â1 \/ s5:7â1 \/ s6:7â1 \/ s7:4â1"",
	""s3:2â1 \/ s5:7â1 \/ s6:7â1 \/ s7:5â1"",
	""s2:2â1 \/ s5:6â1 \/ s6:4â1 \/ s7:4â1"",
	""s2:2â1 \/ s5:7â1 \/ s6:4â1 \/ s7:4â1"",
	""s2:2â1 \/ s5:6â1 \/ s6:4â1 \/ s7:4â1"",
	""s2:2â1 \/ s5:7â1 \/ s6:4â1 \/ s7:4â1"",
	""s2:2â1 \/ s5:6â1 \/ s6:6â1 \/ s7:7â1"",
	""s2:2â1 \/ s5:6â1 \/ s6:7â1 \/ s7:6â1"",
	""s2:2â1 \/ s5:7â1 \/ s6:6â1 \/ s7:7â1"",
	""s2:2â1 \/ s5:7â1 \/ s6:7â1 \/ s7:6â1""
]"
3	1	"0"	"su(3)+2(so(7)+2 su(2))"	11	57	4	3	0	0	0	0	0	0	"[
	""s1:3â1 \/ s2:1â1 \/ s3:1â1, 3â1 \/ s4:3â1 \/ s5:3â1 \/ s6:1â1 \/ s7:1â1"",
	""s1:3â1 \/ s2:1â1 \/ s3:1â1 \/ s4:3â1 \/ s5:3â1 \/ s6:1â1, 3â1 \/ s7:1â1, 3â1"",
	""s1:3â1 \/ s2:1â1 \/ s3:1â1 \/ s4:3â1 \/ s5:3â1 \/ s6:1â1, 3â1 \/ s7:1â1, 3â1"",
	""s1:3â1 \/ s2:1â1 \/ s3:1â1 \/ s4:3â1 \/ s5:3â1 \/ s6:1â1, 3â1 \/ s7:1â1, 3â2"",
	""s1:3â1 \/ s2:1â1 \/ s3:1â1 \/ s4:3â1 \/ s5:3â1 \/ s6:1â1, 3â1 \/ s7:1â1, 3â2"",
	""s1:3â1 \/ s2:1â1 \/ s3:1â1 \/ s4:3â1 \/ s5:3â1 \/ s6:1â1, 3â1 \/ s7:1â1, 3â2"",
	""s1:3â1 \/ s2:1â1 \/ s3:1â1 \/ s4:3â1 \/ s5:3â1 \/ s6:1â1, 3â1 \/ s7:1â1, 3â2"",
	""s1:3â1 \/ s2:1â1 \/ s3:1â1 \/ s4:3â1 \/ s5:3â1 \/ s6:1â1, 3â1 \/ s7:1â1, 3â2"",
	""s1:3â1 \/ s2:1â1 \/ s3:1â1 \/ s4:3â1 \/ s5:3â1 \/ s6:1â1, 3â1 \/ s7:1â1, 3â2"",
	""s1:3â1 \/ s2:1â1 \/ s3:1â1 \/ s4:3â1 \/ s5:3â1 \/ s6:1â1, 3â1 \/ s7:1â2, 3â1"",
	""s1:3â1 \/ s2:1â1 \/ s3:1â1 \/ s4:3â1 \/ s5:3â1 \/ s6:1â1, 3â1 \/ s7:1â2, 3â1"",
	""s1:3â1 \/ s2:1â1 \/ s3:1â1 \/ s4:3â1 \/ s5:3â1 \/ s6:1â1, 3â1 \/ s7:1â2, 3â2"",
	""s1:3â1 \/ s2:1â1 \/ s3:1â1 \/ s4:3â1 \/ s5:3â1 \/ s6:1â1, 3â1 \/ s7:1â2, 3â2"",
	""s1:3â1 \/ s2:1â1 \/ s3:1â1 \/ s4:3â1 \/ s5:3â1 \/ s6:1â1 \/ s7:1â1, 3â1"",
	""s1:3â1 \/ s2:1â1 \/ s3:1â1 \/ s4:3â1 \/ s5:3â1 \/ s6:1â1 \/ s7:1â1, 3â1"",
	""s1:3â1 \/ s2:1â1 \/ s3:1â1 \/ s4:3â1 \/ s5:3â1 \/ s6:1â1 \/ s7:1â2, 3â2"",
	""s1:3â1 \/ s2:1â1 \/ s3:1â1 \/ s4:3â1 \/ s5:3â1 \/ s6:1â1 \/ s7:1â2, 3â2"",
	""s1:3â1 \/ s2:1â1 \/ s3:1â1 \/ s4:3â1 \/ s5:3â1 \/ s6:1â1 \/ s7:1â2, 3â3"",
	""s1:3â1 \/ s2:1â1 \/ s3:1â1 \/ s4:3â1 \/ s5:3â1 \/ s6:1â1 \/ s7:1â2, 3â3"",
	""s1:3â1 \/ s2:1â1 \/ s3:1â1 \/ s4:3â1 \/ s5:3â1 \/ s6:3â1 \/ s7:1â1, 3â1"",
	""s1:3â1 \/ s2:1â1 \/ s3:1â1 \/ s4:3â1 \/ s5:3â1 \/ s6:3â1 \/ s7:1â1, 3â1"",
	""s1:3â1 \/ s2:1â1 \/ s3:1â1 \/ s4:3â1 \/ s5:3â1 \/ s6:3â1 \/ s7:1â1, 3â1"",
	""s1:3â1 \/ s2:1â1 \/ s3:1â1 \/ s4:3â1 \/ s5:3â1 \/ s6:3â1 \/ s7:1â1, 3â1"",
	""s1:3â1 \/ s2:1â1 \/ s3:1â1 \/ s4:3â1 \/ s5:3â1 \/ s6:3â1 \/ s7:1â1, 3â1"",
	""s1:3â1 \/ s2:1â1 \/ s3:1â1 \/ s4:3â1 \/ s5:3â1 \/ s6:3â1 \/ s7:1â1, 3â1"",
	""s1:3â1 \/ s2:1â1 \/ s3:1â1 \/ s4:3â1 \/ s5:3â1 \/ s6:3â1 \/ s7:1â1, 3â1"",
	""s1:3â1 \/ s2:1â1 \/ s3:1â1 \/ s4:3â1 \/ s5:3â1 \/ s6:3â1 \/ s7:1â1, 3â1"",
	""s1:3â1 \/ s2:1â1 \/ s3:1â1 \/ s4:3â1 \/ s5:3â1 \/ s6:3â1 \/ s7:1â1, 3â1"",
	""s1:3â1 \/ s2:1â1 \/ s3:1â1 \/ s4:3â1 \/ s5:3â1 \/ s6:3â1 \/ s7:1â1, 3â1"",
	""s1:3â1 \/ s2:1â1 \/ s3:1â1 \/ s4:3â1 \/ s5:3â1 \/ s6:3â1 \/ s7:1â1, 3â1"",
	""s1:3â1 \/ s2:1â1 \/ s3:1â1 \/ s4:3â1 \/ s5:3â1 \/ s6:3â1 \/ s7:1â1, 3â1"",
	""s1:3â1 \/ s2:1â1 \/ s3:1â1 \/ s4:3â1 \/ s5:3â1 \/ s6:3â1 \/ s7:1â1, 3â2"",
	""s1:3â1 \/ s2:1â1 \/ s3:1â1 \/ s4:3â1 \/ s5:3â1 \/ s6:3â1 \/ s7:1â1, 3â2"",
	""s1:3â1 \/ s2:1â1 \/ s3:1â1 \/ s4:3â1 \/ s5:3â1 \/ s6:3â1 \/ s7:1â1, 3â2"",
	""s1:3â1 \/ s2:1â1 \/ s3:1â1 \/ s4:3â1 \/ s5:3â1 \/ s6:3â1 \/ s7:1â1, 3â2"",
	""s1:3â1 \/ s2:1â1 \/ s3:1â1 \/ s4:3â1 \/ s5:3â1 \/ s6:3â1 \/ s7:1â1, 3â2"",
	""s1:3â1 \/ s2:1â1 \/ s3:1â1 \/ s4:3â1 \/ s5:3â1 \/ s6:3â1 \/ s7:1â1, 3â2"",
	""s1:3â1 \/ s2:1â1 \/ s3:1â1 \/ s4:3â1 \/ s5:3â1 \/ s6:3â1 \/ s7:1â1, 3â2"",
	""s1:3â1 \/ s2:1â1 \/ s3:1â1 \/ s4:3â1 \/ s5:3â1 \/ s6:3â1 \/ s7:1â1, 3â2"",
	""s1:3â1 \/ s2:1â1 \/ s3:1â1 \/ s4:3â1 \/ s5:3â1 \/ s6:3â1 \/ s7:1â1, 3â2"",
	""s1:3â1 \/ s2:1â1 \/ s3:1â1 \/ s4:3â1 \/ s5:3â1 \/ s6:3â1 \/ s7:1â1, 3â2"",
	""s1:3â1 \/ s2:1â1 \/ s3:1â1 \/ s4:3â1 \/ s5:3â1 \/ s6:3â1 \/ s7:1â1, 3â2"",
	""s1:3â1 \/ s2:1â1 \/ s3:1â1 \/ s4:3â1 \/ s5:3â1 \/ s6:3â1 \/ s7:1â1, 3â2"",
	""s1:3â1 \/ s2:1â1 \/ s3:1â1 \/ s4:3â1 \/ s5:3â1 \/ s6:3â1 \/ s7:1â1, 3â3"",
	""s1:3â1 \/ s2:1â1 \/ s3:1â1 \/ s4:3â1 \/ s5:3â1 \/ s6:3â1 \/ s7:1â1, 3â3"",
	""s1:3â1 \/ s2:1â1 \/ s3:1â1 \/ s4:3â1 \/ s5:3â1 \/ s6:3â1 \/ s7:1â1, 3â3"",
	""s1:3â1 \/ s2:1â1 \/ s3:1â1 \/ s4:3â1 \/ s5:3â1 \/ s6:3â1 \/ s7:1â1, 3â3"",
	""s1:3â1 \/ s2:1â1 \/ s3:1â1 \/ s4:3â1 \/ s5:3â1 \/ s6:3â1 \/ s7:1â1, 3â3"",
	""s1:3â1 \/ s2:1â1 \/ s3:1â1 \/ s4:3â1 \/ s5:3â1 \/ s6:3â1 \/ s7:1â1, 3â3"",
	""s1:3â1 \/ s2:1â1 \/ s3:1â1 \/ s4:3â1 \/ s5:3â1 \/ s6:3â1 \/ s7:1â1, 3â4"",
	""s1:3â1 \/ s2:1â1 \/ s3:1â1 \/ s4:3â1 \/ s5:3â1 \/ s6:3â1 \/ s7:1â1, 3â4"",
	""s1:3â1 \/ s2:1â1 \/ s3:1â1 \/ s4:3â1 \/ s5:3â1 \/ s6:3â1 \/ s7:1â1, 3â4"",
	""s1:3â1 \/ s2:1â1 \/ s3:1â1 \/ s4:3â1 \/ s5:3â1 \/ s6:3â1 \/ s7:1â1, 3â4"",
	""s1:3â1 \/ s2:1â1 \/ s3:1â1 \/ s4:3â1 \/ s5:3â1 \/ s6:3â1 \/ s7:1â1, 3â4"",
	""s1:3â1 \/ s2:1â1 \/ s3:1â1 \/ s4:3â1 \/ s5:3â1 \/ s6:3â1 \/ s7:1â1, 3â4"",
	""s1:3â1 \/ s2:1â1 \/ s3:1â1 \/ s4:3â1 \/ s5:3â1 \/ s6:3â1 \/ s7:3â1"",
	""s1:3â1 \/ s2:1â1 \/ s3:1â1 \/ s4:3â1 \/ s5:3â1 \/ s6:3â1 \/ s7:3â1"",
	""s1:3â1 \/ s2:1â1 \/ s3:1â1 \/ s4:3â1 \/ s5:3â1 \/ s6:3â1 \/ s7:3â1"",
	""s1:3â1 \/ s2:1â1 \/ s3:1â1 \/ s4:3â1 \/ s5:3â1 \/ s6:3â1 \/ s7:3â1"",
	""s1:3â1 \/ s2:1â1 \/ s3:1â1 \/ s4:3â1 \/ s5:3â1 \/ s6:3â1 \/ s7:3â1"",
	""s1:3â1 \/ s2:1â1 \/ s3:1â1 \/ s4:3â1 \/ s5:3â1 \/ s6:3â1 \/ s7:3â1"",
	""s1:3â1 \/ s2:1â1 \/ s3:1â1 \/ s4:3â1 \/ s5:3â1 \/ s6:3â1 \/ s7:3â2"",
	""s1:3â1 \/ s2:1â1 \/ s3:1â1 \/ s4:3â1 \/ s5:3â1 \/ s6:3â1 \/ s7:3â2"",
	""s1:3â1 \/ s2:1â1 \/ s3:1â1 \/ s4:3â1 \/ s5:3â1 \/ s6:3â1 \/ s7:3â2"",
	""s1:3â1 \/ s2:1â1 \/ s3:1â1 \/ s4:3â1 \/ s5:3â1 \/ s6:3â1 \/ s7:3â2"",
	""s1:3â1 \/ s2:1â1 \/ s3:1â1 \/ s4:3â1 \/ s5:3â1 \/ s6:3â1 \/ s7:3â2"",
	""s1:3â1 \/ s2:1â1 \/ s3:1â1 \/ s4:3â1 \/ s5:3â1 \/ s6:3â1 \/ s7:3â2"",
	""s1:3â1 \/ s2:1â1 \/ s3:1â1 \/ s4:3â1 \/ s5:3â1 \/ s6:3â2 \/ s7:1â1, 3â2"",
	""s1:3â1 \/ s2:1â1 \/ s3:1â1 \/ s4:3â1 \/ s5:3â1 \/ s6:3â2 \/ s7:1â1, 3â2"",
	""s1:3â1 \/ s2:1â1 \/ s3:1â1 \/ s4:3â1 \/ s5:3â1 \/ s6:3â2 \/ s7:1â1, 3â3"",
	""s1:3â1 \/ s2:1â1 \/ s3:1â1 \/ s4:3â1 \/ s5:3â1 \/ s6:3â2 \/ s7:1â1, 3â3"",
	""s1:3â1 \/ s2:1â1 \/ s3:1â1 \/ s4:3â1 \/ s5:3â1 \/ s6:3â2 \/ s7:1â1, 3â3"",
	""s1:3â1 \/ s2:1â1 \/ s3:1â1 \/ s4:3â1 \/ s5:3â1 \/ s6:3â2 \/ s7:1â1, 3â3"",
	""s1:3â1 \/ s2:1â1 \/ s3:1â1 \/ s4:3â1 \/ s5:3â1 \/ s6:3â2 \/ s7:1â1, 3â3"",
	""s1:3â1 \/ s2:1â1 \/ s3:1â1 \/ s4:3â1 \/ s5:3â1 \/ s6:3â2 \/ s7:1â1, 3â3"",
	""s1:3â1 \/ s2:1â1 \/ s3:1â1 \/ s4:3â1 \/ s5:3â1 \/ s6:3â2 \/ s7:1â1, 3â4"",
	""s1:3â1 \/ s2:1â1 \/ s3:1â1 \/ s4:3â1 \/ s5:3â1 \/ s6:3â2 \/ s7:1â1, 3â4"",
	""s1:3â1 \/ s2:1â1 \/ s3:1â1 \/ s4:3â1 \/ s5:3â1 \/ s6:3â2 \/ s7:1â1, 3â4"",
	""s1:3â1 \/ s2:1â1 \/ s3:1â1 \/ s4:3â1 \/ s5:3â1 \/ s6:3â2 \/ s7:1â1, 3â4"",
	""s1:3â1 \/ s2:1â1 \/ s3:1â1 \/ s4:3â1 \/ s5:3â1 \/ s6:3â2 \/ s7:1â1, 3â4"",
	""s1:3â1 \/ s2:1â1 \/ s3:1â1 \/ s4:3â1 \/ s5:3â1 \/ s6:3â2 \/ s7:1â1, 3â4"",
	""s1:3â1 \/ s2:3â1 \/ s3:1â1 \/ s4:1â1 \/ s5:1â1 \/ s6:1â1, 3â1 \/ s7:1â1, 3â1"",
	""s1:3â1 \/ s2:3â1 \/ s3:1â1 \/ s4:1â1 \/ s5:1â1 \/ s6:1â1, 3â1 \/ s7:1â1, 3â1"",
	""s1:3â1 \/ s2:3â1 \/ s3:1â1 \/ s4:1â1 \/ s5:1â1 \/ s6:1â1, 3â1 \/ s7:1â1, 3â2"",
	""s1:3â1 \/ s2:3â1 \/ s3:1â1 \/ s4:1â1 \/ s5:1â1 \/ s6:1â1, 3â1 \/ s7:1â1, 3â2"",
	""s1:3â1 \/ s2:3â1 \/ s3:1â1 \/ s4:1â1 \/ s5:1â1 \/ s6:1â1, 3â1 \/ s7:1â2, 3â1"",
	""s1:3â1 \/ s2:3â1 \/ s3:1â1 \/ s4:1â1 \/ s5:1â1 \/ s6:1â1, 3â1 \/ s7:1â2, 3â1"",
	""s1:3â1 \/ s2:3â1 \/ s3:1â1 \/ s4:1â1 \/ s5:1â1 \/ s6:1â1, 3â1 \/ s7:1â2, 3â1"",
	""s1:3â1 \/ s2:3â1 \/ s3:1â1 \/ s4:1â1 \/ s5:1â1 \/ s6:1â1, 3â1 \/ s7:1â2, 3â1"",
	""s1:3â1 \/ s2:3â1 \/ s3:1â1 \/ s4:1â1 \/ s5:1â1 \/ s6:1â1, 3â1 \/ s7:1â2, 3â1"",
	""s1:3â1 \/ s2:3â1 \/ s3:1â1 \/ s4:1â1 \/ s5:1â1 \/ s6:1â1, 3â1 \/ s7:1â2, 3â1"",
	""s1:3â1 \/ s2:3â1 \/ s3:1â1 \/ s4:1â1 \/ s5:1â1 \/ s6:1â1, 3â1 \/ s7:1â2, 3â2"",
	""s1:3â1 \/ s2:3â1 \/ s3:1â1 \/ s4:1â1 \/ s5:1â1 \/ s6:1â1, 3â1 \/ s7:1â2, 3â2"",
	""s1:3â1 \/ s2:3â1 \/ s3:1â1 \/ s4:1â1 \/ s5:1â1 \/ s6:1â1 \/ s7:1â1"",
	""s1:3â1 \/ s2:3â1 \/ s3:1â1 \/ s4:1â1 \/ s5:1â1 \/ s6:1â1 \/ s7:1â1"",
	""s1:3â1 \/ s2:3â1 \/ s3:1â1 \/ s4:1â1 \/ s5:1â1 \/ s6:1â1 \/ s7:1â1"",
	""s1:3â1 \/ s2:3â1 \/ s3:1â1 \/ s4:1â1 \/ s5:1â1 \/ s6:1â1 \/ s7:1â1"",
	""s1:3â1 \/ s2:3â1 \/ s3:1â1 \/ s4:1â1 \/ s5:1â1 \/ s6:1â1 \/ s7:1â1"",
	""s1:3â1 \/ s2:3â1 \/ s3:1â1 \/ s4:1â1 \/ s5:1â1 \/ s6:1â1 \/ s7:1â1"",
	""s1:3â1 \/ s2:3â1 \/ s3:1â1 \/ s4:1â1 \/ s5:1â1 \/ s6:1â1 \/ s7:1â1, 3â1"",
	""s1:3â1 \/ s2:3â1 \/ s3:1â1 \/ s4:1â1 \/ s5:1â1 \/ s6:1â1 \/ s7:1â1, 3â1"",
	""s1:3â1 \/ s2:3â1 \/ s3:1â1 \/ s4:1â1 \/ s5:1â1 \/ s6:1â1 \/ s7:1â1, 3â1"",
	""s1:3â1 \/ s2:3â1 \/ s3:1â1 \/ s4:1â1 \/ s5:1â1 \/ s6:1â1 \/ s7:1â1, 3â1"",
	""s1:3â1 \/ s2:3â1 \/ s3:1â1 \/ s4:1â1 \/ s5:1â1 \/ s6:1â1 \/ s7:1â1, 3â1"",
	""s1:3â1 \/ s2:3â1 \/ s3:1â1 \/ s4:1â1 \/ s5:1â1 \/ s6:1â1 \/ s7:1â1, 3â1"",
	""s1:3â1 \/ s2:3â1 \/ s3:1â1 \/ s4:1â1 \/ s5:1â1 \/ s6:1â1 \/ s7:1â1, 3â1"",
	""s1:3â1 \/ s2:3â1 \/ s3:1â1 \/ s4:1â1 \/ s5:1â1 \/ s6:1â1 \/ s7:1â1, 3â1"",
	""s1:3â1 \/ s2:3â1 \/ s3:1â1 \/ s4:1â1 \/ s5:1â1 \/ s6:1â1 \/ s7:1â1, 3â1"",
	""s1:3â1 \/ s2:3â1 \/ s3:1â1 \/ s4:1â1 \/ s5:1â1 \/ s6:1â1 \/ s7:1â1, 3â1"",
	""s1:3â1 \/ s2:3â1 \/ s3:1â1 \/ s4:1â1 \/ s5:1â1 \/ s6:1â1 \/ s7:1â1, 3â1"",
	""s1:3â1 \/ s2:3â1 \/ s3:1â1 \/ s4:1â1 \/ s5:1â1 \/ s6:1â1 \/ s7:1â1, 3â1"",
	""s1:3â1 \/ s2:3â1 \/ s3:1â1 \/ s4:1â1 \/ s5:1â1 \/ s6:1â1 \/ s7:1â2"",
	""s1:3â1 \/ s2:3â1 \/ s3:1â1 \/ s4:1â1 \/ s5:1â1 \/ s6:1â1 \/ s7:1â2"",
	""s1:3â1 \/ s2:3â1 \/ s3:1â1 \/ s4:1â1 \/ s5:1â1 \/ s6:1â1 \/ s7:1â2"",
	""s1:3â1 \/ s2:3â1 \/ s3:1â1 \/ s4:1â1 \/ s5:1â1 \/ s6:1â1 \/ s7:1â2"",
	""s1:3â1 \/ s2:3â1 \/ s3:1â1 \/ s4:1â1 \/ s5:1â1 \/ s6:1â1 \/ s7:1â2"",
	""s1:3â1 \/ s2:3â1 \/ s3:1â1 \/ s4:1â1 \/ s5:1â1 \/ s6:1â1 \/ s7:1â2"",
	""s1:3â1 \/ s2:3â1 \/ s3:1â1 \/ s4:1â1 \/ s5:1â1 \/ s6:1â1 \/ s7:1â2, 3â1"",
	""s1:3â1 \/ s2:3â1 \/ s3:1â1 \/ s4:1â1 \/ s5:1â1 \/ s6:1â1 \/ s7:1â2, 3â1"",
	""s1:3â1 \/ s2:3â1 \/ s3:1â1 \/ s4:1â1 \/ s5:1â1 \/ s6:1â1 \/ s7:1â2, 3â1"",
	""s1:3â1 \/ s2:3â1 \/ s3:1â1 \/ s4:1â1 \/ s5:1â1 \/ s6:1â1 \/ s7:1â2, 3â1"",
	""s1:3â1 \/ s2:3â1 \/ s3:1â1 \/ s4:1â1 \/ s5:1â1 \/ s6:1â1 \/ s7:1â2, 3â1"",
	""s1:3â1 \/ s2:3â1 \/ s3:1â1 \/ s4:1â1 \/ s5:1â1 \/ s6:1â1 \/ s7:1â2, 3â1"",
	""s1:3â1 \/ s2:3â1 \/ s3:1â1 \/ s4:1â1 \/ s5:1â1 \/ s6:1â1 \/ s7:1â2, 3â1"",
	""s1:3â1 \/ s2:3â1 \/ s3:1â1 \/ s4:1â1 \/ s5:1â1 \/ s6:1â1 \/ s7:1â2, 3â1"",
	""s1:3â1 \/ s2:3â1 \/ s3:1â1 \/ s4:1â1 \/ s5:1â1 \/ s6:1â1 \/ s7:1â2, 3â1"",
	""s1:3â1 \/ s2:3â1 \/ s3:1â1 \/ s4:1â1 \/ s5:1â1 \/ s6:1â1 \/ s7:1â2, 3â1"",
	""s1:3â1 \/ s2:3â1 \/ s3:1â1 \/ s4:1â1 \/ s5:1â1 \/ s6:1â1 \/ s7:1â2, 3â1"",
	""s1:3â1 \/ s2:3â1 \/ s3:1â1 \/ s4:1â1 \/ s5:1â1 \/ s6:1â1 \/ s7:1â2, 3â1"",
	""s1:3â1 \/ s2:3â1 \/ s3:1â1 \/ s4:1â1 \/ s5:1â1 \/ s6:1â1 \/ s7:1â3, 3â1"",
	""s1:3â1 \/ s2:3â1 \/ s3:1â1 \/ s4:1â1 \/ s5:1â1 \/ s6:1â1 \/ s7:1â3, 3â1"",
	""s1:3â1 \/ s2:3â1 \/ s3:1â1 \/ s4:1â1 \/ s5:1â1 \/ s6:1â1 \/ s7:1â3, 3â1"",
	""s1:3â1 \/ s2:3â1 \/ s3:1â1 \/ s4:1â1 \/ s5:1â1 \/ s6:1â1 \/ s7:1â3, 3â1"",
	""s1:3â1 \/ s2:3â1 \/ s3:1â1 \/ s4:1â1 \/ s5:1â1 \/ s6:1â1 \/ s7:1â3, 3â1"",
	""s1:3â1 \/ s2:3â1 \/ s3:1â1 \/ s4:1â1 \/ s5:1â1 \/ s6:1â1 \/ s7:1â3, 3â1"",
	""s1:3â1 \/ s2:3â1 \/ s3:1â1 \/ s4:1â1 \/ s5:1â1 \/ s6:1â1 \/ s7:1â4, 3â1"",
	""s1:3â1 \/ s2:3â1 \/ s3:1â1 \/ s4:1â1 \/ s5:1â1 \/ s6:1â1 \/ s7:1â4, 3â1"",
	""s1:3â1 \/ s2:3â1 \/ s3:1â1 \/ s4:1â1 \/ s5:1â1 \/ s6:1â1 \/ s7:1â4, 3â1"",
	""s1:3â1 \/ s2:3â1 \/ s3:1â1 \/ s4:1â1 \/ s5:1â1 \/ s6:1â1 \/ s7:1â4, 3â1"",
	""s1:3â1 \/ s2:3â1 \/ s3:1â1 \/ s4:1â1 \/ s5:1â1 \/ s6:1â1 \/ s7:1â4, 3â1"",
	""s1:3â1 \/ s2:3â1 \/ s3:1â1 \/ s4:1â1 \/ s5:1â1 \/ s6:1â1 \/ s7:1â4, 3â1"",
	""s1:3â1 \/ s2:3â1 \/ s3:1â1 \/ s4:1â1 \/ s5:1â1 \/ s6:1â2 \/ s7:1â2, 3â1"",
	""s1:3â1 \/ s2:3â1 \/ s3:1â1 \/ s4:1â1 \/ s5:1â1 \/ s6:1â2 \/ s7:1â2, 3â1"",
	""s1:3â1 \/ s2:3â1 \/ s3:1â1 \/ s4:1â1 \/ s5:1â1 \/ s6:1â2 \/ s7:1â3, 3â1"",
	""s1:3â1 \/ s2:3â1 \/ s3:1â1 \/ s4:1â1 \/ s5:1â1 \/ s6:1â2 \/ s7:1â3, 3â1"",
	""s1:3â1 \/ s2:3â1 \/ s3:1â1 \/ s4:1â1 \/ s5:1â1 \/ s6:1â2 \/ s7:1â3, 3â1"",
	""s1:3â1 \/ s2:3â1 \/ s3:1â1 \/ s4:1â1 \/ s5:1â1 \/ s6:1â2 \/ s7:1â3, 3â1"",
	""s1:3â1 \/ s2:3â1 \/ s3:1â1 \/ s4:1â1 \/ s5:1â1 \/ s6:1â2 \/ s7:1â3, 3â1"",
	""s1:3â1 \/ s2:3â1 \/ s3:1â1 \/ s4:1â1 \/ s5:1â1 \/ s6:1â2 \/ s7:1â3, 3â1"",
	""s1:3â1 \/ s2:3â1 \/ s3:1â1 \/ s4:1â1 \/ s5:1â1 \/ s6:1â2 \/ s7:1â4, 3â1"",
	""s1:3â1 \/ s2:3â1 \/ s3:1â1 \/ s4:1â1 \/ s5:1â1 \/ s6:1â2 \/ s7:1â4, 3â1"",
	""s1:3â1 \/ s2:3â1 \/ s3:1â1 \/ s4:1â1 \/ s5:1â1 \/ s6:1â2 \/ s7:1â4, 3â1"",
	""s1:3â1 \/ s2:3â1 \/ s3:1â1 \/ s4:1â1 \/ s5:1â1 \/ s6:1â2 \/ s7:1â4, 3â1"",
	""s1:3â1 \/ s2:3â1 \/ s3:1â1 \/ s4:1â1 \/ s5:1â1 \/ s6:1â2 \/ s7:1â4, 3â1"",
	""s1:3â1 \/ s2:3â1 \/ s3:1â1 \/ s4:1â1 \/ s5:1â1 \/ s6:1â2 \/ s7:1â4, 3â1"",
	""s1:3â1 \/ s2:3â1 \/ s3:1â1 \/ s4:3â1 \/ s5:1â1 \/ s6:1â1 \/ s7:1â1, 3â1"",
	""s1:3â1 \/ s2:3â1 \/ s3:1â1 \/ s4:3â1 \/ s5:1â1 \/ s6:1â1 \/ s7:1â1, 3â1"",
	""s1:3â1 \/ s2:3â1 \/ s3:1â1 \/ s4:3â1 \/ s5:1â1 \/ s6:1â1 \/ s7:1â2, 3â2"",
	""s1:3â1 \/ s2:3â1 \/ s3:1â1 \/ s4:3â1 \/ s5:1â1 \/ s6:1â1 \/ s7:1â2, 3â2"",
	""s1:3â1 \/ s2:3â1 \/ s3:1â1 \/ s4:3â1 \/ s5:1â1 \/ s6:1â1 \/ s7:1â3, 3â2"",
	""s1:3â1 \/ s2:3â1 \/ s3:1â1 \/ s4:3â1 \/ s5:1â1 \/ s6:1â1 \/ s7:1â3, 3â2"",
	""s1:3â1 \/ s2:3â1 \/ s3:1â2 \/ s4:1â1 \/ s5:1â1 \/ s6:1â1 \/ s7:1â1"",
	""s1:3â1 \/ s2:3â1 \/ s3:1â2 \/ s4:1â1 \/ s5:1â1 \/ s6:1â1 \/ s7:1â1"",
	""s1:3â1 \/ s2:3â1 \/ s3:1â2 \/ s4:1â1 \/ s5:1â1 \/ s6:1â1 \/ s7:1â1"",
	""s1:3â1 \/ s2:3â1 \/ s3:1â2 \/ s4:1â1 \/ s5:1â1 \/ s6:1â1 \/ s7:1â1"",
	""s1:3â1 \/ s2:3â1 \/ s3:1â2 \/ s4:1â1 \/ s5:1â1 \/ s6:1â1 \/ s7:1â1"",
	""s1:3â1 \/ s2:3â1 \/ s3:1â2 \/ s4:1â1 \/ s5:1â1 \/ s6:1â1 \/ s7:1â1"",
	""s1:3â1 \/ s2:3â1 \/ s3:1â2 \/ s4:1â1 \/ s5:1â1 \/ s6:1â1 \/ s7:1â3, 3â1"",
	""s1:3â1 \/ s2:3â1 \/ s3:1â2 \/ s4:1â1 \/ s5:1â1 \/ s6:1â1 \/ s7:1â3, 3â1"",
	""s1:3â1 \/ s2:3â1 \/ s3:1â2 \/ s4:1â1 \/ s5:1â1 \/ s6:1â1 \/ s7:1â3, 3â1"",
	""s1:3â1 \/ s2:3â1 \/ s3:1â2 \/ s4:1â1 \/ s5:1â1 \/ s6:1â1 \/ s7:1â3, 3â1"",
	""s1:3â1 \/ s2:3â1 \/ s3:1â2 \/ s4:1â1 \/ s5:1â1 \/ s6:1â1 \/ s7:1â3, 3â1"",
	""s1:3â1 \/ s2:3â1 \/ s3:1â2 \/ s4:1â1 \/ s5:1â1 \/ s6:1â1 \/ s7:1â3, 3â1"",
	""s1:3â2 \/ s2:1â1 \/ s3:1â1 \/ s4:3â1 \/ s5:3â1 \/ s6:3â1 \/ s7:1â1, 3â3"",
	""s1:3â2 \/ s2:1â1 \/ s3:1â1 \/ s4:3â1 \/ s5:3â1 \/ s6:3â1 \/ s7:1â1, 3â3"",
	""s1:3â2 \/ s2:1â1 \/ s3:1â1 \/ s4:3â1 \/ s5:3â1 \/ s6:3â1 \/ s7:1â1, 3â3"",
	""s1:3â2 \/ s2:1â1 \/ s3:1â1 \/ s4:3â1 \/ s5:3â1 \/ s6:3â1 \/ s7:1â1, 3â3"",
	""s1:3â2 \/ s2:1â1 \/ s3:1â1 \/ s4:3â1 \/ s5:3â1 \/ s6:3â1 \/ s7:1â1, 3â3"",
	""s1:3â2 \/ s2:1â1 \/ s3:1â1 \/ s4:3â1 \/ s5:3â1 \/ s6:3â1 \/ s7:1â1, 3â3"",
	""s1:3â2 \/ s2:1â1 \/ s3:1â1 \/ s4:3â1 \/ s5:3â1 \/ s6:3â1 \/ s7:3â1"",
	""s1:3â2 \/ s2:1â1 \/ s3:1â1 \/ s4:3â1 \/ s5:3â1 \/ s6:3â1 \/ s7:3â1"",
	""s1:3â2 \/ s2:1â1 \/ s3:1â1 \/ s4:3â1 \/ s5:3â1 \/ s6:3â1 \/ s7:3â1"",
	""s1:3â2 \/ s2:1â1 \/ s3:1â1 \/ s4:3â1 \/ s5:3â1 \/ s6:3â1 \/ s7:3â1"",
	""s1:3â2 \/ s2:1â1 \/ s3:1â1 \/ s4:3â1 \/ s5:3â1 \/ s6:3â1 \/ s7:3â1"",
	""s1:3â2 \/ s2:1â1 \/ s3:1â1 \/ s4:3â1 \/ s5:3â1 \/ s6:3â1 \/ s7:3â1""
]"	"[
	""s4:5â1 \/ s5:5â1 \/ s6:4â1 \/ s7:4â1"",
	""s4:5â1 \/ s5:5â1 \/ s6:4â1 \/ s7:4â1"",
	""s4:6â1 \/ s5:6â1 \/ s6:4â1 \/ s7:4â1"",
	""s4:4â1 \/ s5:5â1 \/ s6:4â1 \/ s7:5â1"",
	""s4:4â1 \/ s5:6â1 \/ s6:4â1 \/ s7:6â1"",
	""s4:5â1 \/ s5:4â1 \/ s6:4â1 \/ s7:5â1"",
	""s4:5â1 \/ s5:5â1 \/ s6:4â1 \/ s7:4â1"",
	""s4:6â1 \/ s5:4â1 \/ s6:4â1 \/ s7:6â1"",
	""s4:6â1 \/ s5:6â1 \/ s6:4â1 \/ s7:4â1"",
	""s4:5â1 \/ s5:5â1 \/ s6:4â1 \/ s7:4â1"",
	""s4:6â1 \/ s5:6â1 \/ s6:4â1 \/ s7:4â1"",
	""s4:5â1 \/ s5:5â1 \/ s6:4â1 \/ s7:4â1"",
	""s4:6â1 \/ s5:6â1 \/ s6:4â1 \/ s7:4â1"",
	""s4:5â1 \/ s5:5â1 \/ s6:4â1 \/ s7:4â1"",
	""s4:6â1 \/ s5:6â1 \/ s6:4â1 \/ s7:4â1"",
	""s4:5â1 \/ s5:5â1 \/ s6:4â1 \/ s7:4â1"",
	""s4:6â1 \/ s5:6â1 \/ s6:4â1 \/ s7:4â1"",
	""s4:5â1 \/ s5:5â1 \/ s6:4â1 \/ s7:4â1"",
	""s4:6â1 \/ s5:6â1 \/ s6:4â1 \/ s7:4â1"",
	""s4:4â1 \/ s5:5â1 \/ s6:5â1 \/ s7:4â1"",
	""s4:4â1 \/ s5:6â1 \/ s6:6â1 \/ s7:4â1"",
	""s4:5â1 \/ s5:4â1 \/ s6:5â1 \/ s7:4â1"",
	""s4:5â1 \/ s5:5â1 \/ s6:4â1 \/ s7:4â1"",
	""s4:5â1 \/ s5:5â1 \/ s6:6â1 \/ s7:6â1"",
	""s4:5â1 \/ s5:6â1 \/ s6:5â1 \/ s7:6â1"",
	""s4:5â1 \/ s5:6â1 \/ s6:6â1 \/ s7:5â1"",
	""s4:6â1 \/ s5:4â1 \/ s6:6â1 \/ s7:4â1"",
	""s4:6â1 \/ s5:5â1 \/ s6:5â1 \/ s7:6â1"",
	""s4:6â1 \/ s5:5â1 \/ s6:6â1 \/ s7:5â1"",
	""s4:6â1 \/ s5:6â1 \/ s6:4â1 \/ s7:4â1"",
	""s4:6â1 \/ s5:6â1 \/ s6:5â1 \/ s7:5â1"",
	""s4:4â1 \/ s5:5â1 \/ s6:5â1 \/ s7:4â1"",
	""s4:4â1 \/ s5:6â1 \/ s6:6â1 \/ s7:4â1"",
	""s4:5â1 \/ s5:4â1 \/ s6:5â1 \/ s7:4â1"",
	""s4:5â1 \/ s5:5â1 \/ s6:4â1 \/ s7:4â1"",
	""s4:5â1 \/ s5:5â1 \/ s6:6â1 \/ s7:6â1"",
	""s4:5â1 \/ s5:6â1 \/ s6:5â1 \/ s7:6â1"",
	""s4:5â1 \/ s5:6â1 \/ s6:6â1 \/ s7:5â1"",
	""s4:6â1 \/ s5:4â1 \/ s6:6â1 \/ s7:4â1"",
	""s4:6â1 \/ s5:5â1 \/ s6:5â1 \/ s7:6â1"",
	""s4:6â1 \/ s5:5â1 \/ s6:6â1 \/ s7:5â1"",
	""s4:6â1 \/ s5:6â1 \/ s6:4â1 \/ s7:4â1"",
	""s4:6â1 \/ s5:6â1 \/ s6:5â1 \/ s7:5â1"",
	""s4:5â1 \/ s5:5â1 \/ s6:6â1 \/ s7:6â1"",
	""s4:5â1 \/ s5:6â1 \/ s6:5â1 \/ s7:6â1"",
	""s4:5â1 \/ s5:6â1 \/ s6:6â1 \/ s7:5â1"",
	""s4:6â1 \/ s5:5â1 \/ s6:5â1 \/ s7:6â1"",
	""s4:6â1 \/ s5:5â1 \/ s6:6â1 \/ s7:5â1"",
	""s4:6â1 \/ s5:6â1 \/ s6:5â1 \/ s7:5â1"",
	""s4:5â1 \/ s5:5â1 \/ s6:6â1 \/ s7:6â1"",
	""s4:5â1 \/ s5:6â1 \/ s6:5â1 \/ s7:6â1"",
	""s4:5â1 \/ s5:6â1 \/ s6:6â1 \/ s7:5â1"",
	""s4:6â1 \/ s5:5â1 \/ s6:5â1 \/ s7:6â1"",
	""s4:6â1 \/ s5:5â1 \/ s6:6â1 \/ s7:5â1"",
	""s4:6â1 \/ s5:6â1 \/ s6:5â1 \/ s7:5â1"",
	""s4:5â1 \/ s5:5â1 \/ s6:6â1 \/ s7:6â1"",
	""s4:5â1 \/ s5:6â1 \/ s6:5â1 \/ s7:6â1"",
	""s4:5â1 \/ s5:6â1 \/ s6:6â1 \/ s7:5â1"",
	""s4:6â1 \/ s5:5â1 \/ s6:5â1 \/ s7:6â1"",
	""s4:6â1 \/ s5:5â1 \/ s6:6â1 \/ s7:5â1"",
	""s4:6â1 \/ s5:6â1 \/ s6:5â1 \/ s7:5â1"",
	""s4:5â1 \/ s5:5â1 \/ s6:6â1 \/ s7:6â1"",
	""s4:5â1 \/ s5:6â1 \/ s6:5â1 \/ s7:6â1"",
	""s4:5â1 \/ s5:6â1 \/ s6:6â1 \/ s7:5â1"",
	""s4:6â1 \/ s5:5â1 \/ s6:5â1 \/ s7:6â1"",
	""s4:6â1 \/ s5:5â1 \/ s6:6â1 \/ s7:5â1"",
	""s4:6â1 \/ s5:6â1 \/ s6:5â1 \/ s7:5â1"",
	""s4:5â1 \/ s5:5â1 \/ s6:6â1 \/ s7:6â1"",
	""s4:6â1 \/ s5:6â1 \/ s6:5â1 \/ s7:5â1"",
	""s4:5â1 \/ s5:5â1 \/ s6:6â1 \/ s7:6â1"",
	""s4:5â1 \/ s5:6â1 \/ s6:5â1 \/ s7:6â1"",
	""s4:5â1 \/ s5:6â1 \/ s6:6â1 \/ s7:5â1"",
	""s4:6â1 \/ s5:5â1 \/ s6:5â1 \/ s7:6â1"",
	""s4:6â1 \/ s5:5â1 \/ s6:6â1 \/ s7:5â1"",
	""s4:6â1 \/ s5:6â1 \/ s6:5â1 \/ s7:5â1"",
	""s4:5â1 \/ s5:5â1 \/ s6:6â1 \/ s7:6â1"",
	""s4:5â1 \/ s5:6â1 \/ s6:5â1 \/ s7:6â1"",
	""s4:5â1 \/ s5:6â1 \/ s6:6â1 \/ s7:5â1"",
	""s4:6â1 \/ s5:5â1 \/ s6:5â1 \/ s7:6â1"",
	""s4:6â1 \/ s5:5â1 \/ s6:6â1 \/ s7:5â1"",
	""s4:6â1 \/ s5:6â1 \/ s6:5â1 \/ s7:5â1"",
	""s4:4â1 \/ s5:4â1 \/ s6:6â1 \/ s7:6â1"",
	""s4:5â1 \/ s5:5â1 \/ s6:6â1 \/ s7:6â1"",
	""s4:4â1 \/ s5:4â1 \/ s6:6â1 \/ s7:6â1"",
	""s4:5â1 \/ s5:5â1 \/ s6:6â1 \/ s7:6â1"",
	""s4:4â1 \/ s5:4â1 \/ s6:6â1 \/ s7:6â1"",
	""s4:4â1 \/ s5:6â1 \/ s6:6â1 \/ s7:4â1"",
	""s4:5â1 \/ s5:5â1 \/ s6:6â1 \/ s7:6â1"",
	""s4:5â1 \/ s5:6â1 \/ s6:6â1 \/ s7:5â1"",
	""s4:6â1 \/ s5:4â1 \/ s6:6â1 \/ s7:4â1"",
	""s4:6â1 \/ s5:5â1 \/ s6:6â1 \/ s7:5â1"",
	""s4:4â1 \/ s5:4â1 \/ s6:6â1 \/ s7:6â1"",
	""s4:5â1 \/ s5:5â1 \/ s6:6â1 \/ s7:6â1"",
	""s4:4â1 \/ s5:4â1 \/ s6:5â1 \/ s7:5â1"",
	""s4:4â1 \/ s5:5â1 \/ s6:4â1 \/ s7:5â1"",
	""s4:4â1 \/ s5:5â1 \/ s6:5â1 \/ s7:4â1"",
	""s4:5â1 \/ s5:4â1 \/ s6:4â1 \/ s7:5â1"",
	""s4:5â1 \/ s5:4â1 \/ s6:5â1 \/ s7:4â1"",
	""s4:5â1 \/ s5:5â1 \/ s6:4â1 \/ s7:4â1"",
	""s4:4â1 \/ s5:4â1 \/ s6:5â1 \/ s7:5â1"",
	""s4:4â1 \/ s5:4â1 \/ s6:6â1 \/ s7:6â1"",
	""s4:4â1 \/ s5:5â1 \/ s6:4â1 \/ s7:5â1"",
	""s4:4â1 \/ s5:5â1 \/ s6:5â1 \/ s7:4â1"",
	""s4:4â1 \/ s5:6â1 \/ s6:4â1 \/ s7:6â1"",
	""s4:5â1 \/ s5:4â1 \/ s6:4â1 \/ s7:5â1"",
	""s4:5â1 \/ s5:4â1 \/ s6:5â1 \/ s7:4â1"",
	""s4:5â1 \/ s5:5â1 \/ s6:4â1 \/ s7:4â1"",
	""s4:5â1 \/ s5:5â1 \/ s6:6â1 \/ s7:6â1"",
	""s4:5â1 \/ s5:6â1 \/ s6:5â1 \/ s7:6â1"",
	""s4:6â1 \/ s5:4â1 \/ s6:4â1 \/ s7:6â1"",
	""s4:6â1 \/ s5:5â1 \/ s6:5â1 \/ s7:6â1"",
	""s4:4â1 \/ s5:4â1 \/ s6:5â1 \/ s7:5â1"",
	""s4:4â1 \/ s5:5â1 \/ s6:4â1 \/ s7:5â1"",
	""s4:4â1 \/ s5:5â1 \/ s6:5â1 \/ s7:4â1"",
	""s4:5â1 \/ s5:4â1 \/ s6:4â1 \/ s7:5â1"",
	""s4:5â1 \/ s5:4â1 \/ s6:5â1 \/ s7:4â1"",
	""s4:5â1 \/ s5:5â1 \/ s6:4â1 \/ s7:4â1"",
	""s4:4â1 \/ s5:4â1 \/ s6:5â1 \/ s7:5â1"",
	""s4:4â1 \/ s5:4â1 \/ s6:6â1 \/ s7:6â1"",
	""s4:4â1 \/ s5:5â1 \/ s6:4â1 \/ s7:5â1"",
	""s4:4â1 \/ s5:5â1 \/ s6:5â1 \/ s7:4â1"",
	""s4:4â1 \/ s5:6â1 \/ s6:4â1 \/ s7:6â1"",
	""s4:5â1 \/ s5:4â1 \/ s6:4â1 \/ s7:5â1"",
	""s4:5â1 \/ s5:4â1 \/ s6:5â1 \/ s7:4â1"",
	""s4:5â1 \/ s5:5â1 \/ s6:4â1 \/ s7:4â1"",
	""s4:5â1 \/ s5:5â1 \/ s6:6â1 \/ s7:6â1"",
	""s4:5â1 \/ s5:6â1 \/ s6:5â1 \/ s7:6â1"",
	""s4:6â1 \/ s5:4â1 \/ s6:4â1 \/ s7:6â1"",
	""s4:6â1 \/ s5:5â1 \/ s6:5â1 \/ s7:6â1"",
	""s4:4â1 \/ s5:4â1 \/ s6:5â1 \/ s7:5â1"",
	""s4:4â1 \/ s5:5â1 \/ s6:4â1 \/ s7:5â1"",
	""s4:4â1 \/ s5:5â1 \/ s6:5â1 \/ s7:4â1"",
	""s4:5â1 \/ s5:4â1 \/ s6:4â1 \/ s7:5â1"",
	""s4:5â1 \/ s5:4â1 \/ s6:5â1 \/ s7:4â1"",
	""s4:5â1 \/ s5:5â1 \/ s6:4â1 \/ s7:4â1"",
	""s4:4â1 \/ s5:4â1 \/ s6:5â1 \/ s7:5â1"",
	""s4:4â1 \/ s5:5â1 \/ s6:4â1 \/ s7:5â1"",
	""s4:4â1 \/ s5:5â1 \/ s6:5â1 \/ s7:4â1"",
	""s4:5â1 \/ s5:4â1 \/ s6:4â1 \/ s7:5â1"",
	""s4:5â1 \/ s5:4â1 \/ s6:5â1 \/ s7:4â1"",
	""s4:5â1 \/ s5:5â1 \/ s6:4â1 \/ s7:4â1"",
	""s4:4â1 \/ s5:4â1 \/ s6:5â1 \/ s7:5â1"",
	""s4:5â1 \/ s5:5â1 \/ s6:4â1 \/ s7:4â1"",
	""s4:4â1 \/ s5:4â1 \/ s6:5â1 \/ s7:5â1"",
	""s4:4â1 \/ s5:5â1 \/ s6:4â1 \/ s7:5â1"",
	""s4:4â1 \/ s5:5â1 \/ s6:5â1 \/ s7:4â1"",
	""s4:5â1 \/ s5:4â1 \/ s6:4â1 \/ s7:5â1"",
	""s4:5â1 \/ s5:4â1 \/ s6:5â1 \/ s7:4â1"",
	""s4:5â1 \/ s5:5â1 \/ s6:4â1 \/ s7:4â1"",
	""s4:4â1 \/ s5:4â1 \/ s6:5â1 \/ s7:5â1"",
	""s4:4â1 \/ s5:5â1 \/ s6:4â1 \/ s7:5â1"",
	""s4:4â1 \/ s5:5â1 \/ s6:5â1 \/ s7:4â1"",
	""s4:5â1 \/ s5:4â1 \/ s6:4â1 \/ s7:5â1"",
	""s4:5â1 \/ s5:4â1 \/ s6:5â1 \/ s7:4â1"",
	""s4:5â1 \/ s5:5â1 \/ s6:4â1 \/ s7:4â1"",
	""s4:6â1 \/ s5:4â1 \/ s6:4â1 \/ s7:6â1"",
	""s4:6â1 \/ s5:5â1 \/ s6:5â1 \/ s7:6â1"",
	""s4:6â1 \/ s5:4â1 \/ s6:4â1 \/ s7:6â1"",
	""s4:6â1 \/ s5:5â1 \/ s6:5â1 \/ s7:6â1"",
	""s4:6â1 \/ s5:4â1 \/ s6:4â1 \/ s7:6â1"",
	""s4:6â1 \/ s5:5â1 \/ s6:5â1 \/ s7:6â1"",
	""s4:4â1 \/ s5:4â1 \/ s6:5â1 \/ s7:5â1"",
	""s4:4â1 \/ s5:5â1 \/ s6:4â1 \/ s7:5â1"",
	""s4:4â1 \/ s5:5â1 \/ s6:5â1 \/ s7:4â1"",
	""s4:5â1 \/ s5:4â1 \/ s6:4â1 \/ s7:5â1"",
	""s4:5â1 \/ s5:4â1 \/ s6:5â1 \/ s7:4â1"",
	""s4:5â1 \/ s5:5â1 \/ s6:4â1 \/ s7:4â1"",
	""s4:4â1 \/ s5:4â1 \/ s6:5â1 \/ s7:5â1"",
	""s4:4â1 \/ s5:5â1 \/ s6:4â1 \/ s7:5â1"",
	""s4:4â1 \/ s5:5â1 \/ s6:5â1 \/ s7:4â1"",
	""s4:5â1 \/ s5:4â1 \/ s6:4â1 \/ s7:5â1"",
	""s4:5â1 \/ s5:4â1 \/ s6:5â1 \/ s7:4â1"",
	""s4:5â1 \/ s5:5â1 \/ s6:4â1 \/ s7:4â1"",
	""s4:5â1 \/ s5:5â1 \/ s6:6â1 \/ s7:6â1"",
	""s4:5â1 \/ s5:6â1 \/ s6:5â1 \/ s7:6â1"",
	""s4:5â1 \/ s5:6â1 \/ s6:6â1 \/ s7:5â1"",
	""s4:6â1 \/ s5:5â1 \/ s6:5â1 \/ s7:6â1"",
	""s4:6â1 \/ s5:5â1 \/ s6:6â1 \/ s7:5â1"",
	""s4:6â1 \/ s5:6â1 \/ s6:5â1 \/ s7:5â1"",
	""s4:5â1 \/ s5:5â1 \/ s6:6â1 \/ s7:6â1"",
	""s4:5â1 \/ s5:6â1 \/ s6:5â1 \/ s7:6â1"",
	""s4:5â1 \/ s5:6â1 \/ s6:6â1 \/ s7:5â1"",
	""s4:6â1 \/ s5:5â1 \/ s6:5â1 \/ s7:6â1"",
	""s4:6â1 \/ s5:5â1 \/ s6:6â1 \/ s7:5â1"",
	""s4:6â1 \/ s5:6â1 \/ s6:5â1 \/ s7:5â1""
]"
3	1	"0"	"su(3)+2(so(7)+2 su(2))"	12	57	4	3	0	0	0	0	0	0	"[
	""s1:3â1 \/ s2:1â1 \/ s3:1â1 \/ s4:3â1 \/ s5:3â1 \/ s6:3â2 \/ s7:3â2"",
	""s1:3â1 \/ s2:1â1 \/ s3:1â1 \/ s4:3â1 \/ s5:3â1 \/ s6:3â2 \/ s7:3â2"",
	""s1:3â1 \/ s2:1â1 \/ s3:1â1 \/ s4:3â1 \/ s5:3â1 \/ s6:3â2 \/ s7:3â2"",
	""s1:3â1 \/ s2:1â1 \/ s3:1â1 \/ s4:3â1 \/ s5:3â1 \/ s6:3â2 \/ s7:3â2"",
	""s1:3â1 \/ s2:1â1 \/ s3:1â1 \/ s4:3â1 \/ s5:3â1 \/ s6:3â2 \/ s7:3â2"",
	""s1:3â1 \/ s2:1â1 \/ s3:1â1 \/ s4:3â1 \/ s5:3â1 \/ s6:3â2 \/ s7:3â2"",
	""s1:3â1 \/ s2:1â1 \/ s3:1â1 \/ s4:3â1 \/ s5:3â2 \/ s6:3â2 \/ s7:1â1, 3â4"",
	""s1:3â1 \/ s2:1â1 \/ s3:1â1 \/ s4:3â1 \/ s5:3â2 \/ s6:3â2 \/ s7:1â1, 3â4"",
	""s1:3â1 \/ s2:1â1 \/ s3:1â1 \/ s4:3â1 \/ s5:3â2 \/ s6:3â2 \/ s7:1â1, 3â4"",
	""s1:3â1 \/ s2:1â1 \/ s3:1â1 \/ s4:3â1 \/ s5:3â2 \/ s6:3â2 \/ s7:1â1, 3â4"",
	""s1:3â1 \/ s2:3â1 \/ s3:1â1 \/ s4:1â1 \/ s5:1â1 \/ s6:1â2 \/ s7:1â2"",
	""s1:3â1 \/ s2:3â1 \/ s3:1â1 \/ s4:1â1 \/ s5:1â1 \/ s6:1â2 \/ s7:1â2"",
	""s1:3â1 \/ s2:3â1 \/ s3:1â1 \/ s4:1â1 \/ s5:1â1 \/ s6:1â2 \/ s7:1â2"",
	""s1:3â1 \/ s2:3â1 \/ s3:1â1 \/ s4:1â1 \/ s5:1â1 \/ s6:1â2 \/ s7:1â2"",
	""s1:3â1 \/ s2:3â1 \/ s3:1â1 \/ s4:1â1 \/ s5:1â1 \/ s6:1â2 \/ s7:1â2"",
	""s1:3â1 \/ s2:3â1 \/ s3:1â1 \/ s4:1â1 \/ s5:1â1 \/ s6:1â2 \/ s7:1â2"",
	""s1:3â1 \/ s2:3â1 \/ s3:1â1 \/ s4:1â1 \/ s5:1â2 \/ s6:1â2 \/ s7:1â4, 3â1"",
	""s1:3â1 \/ s2:3â1 \/ s3:1â1 \/ s4:1â1 \/ s5:1â2 \/ s6:1â2 \/ s7:1â4, 3â1"",
	""s1:3â1 \/ s2:3â1 \/ s3:1â1 \/ s4:1â1 \/ s5:1â2 \/ s6:1â2 \/ s7:1â4, 3â1"",
	""s1:3â1 \/ s2:3â1 \/ s3:1â1 \/ s4:1â1 \/ s5:1â2 \/ s6:1â2 \/ s7:1â4, 3â1""
]"	"[
	""s4:5â1 \/ s5:5â1 \/ s6:6â1 \/ s7:6â1"",
	""s4:5â1 \/ s5:6â1 \/ s6:5â1 \/ s7:6â1"",
	""s4:5â1 \/ s5:6â1 \/ s6:6â1 \/ s7:5â1"",
	""s4:6â1 \/ s5:5â1 \/ s6:5â1 \/ s7:6â1"",
	""s4:6â1 \/ s5:5â1 \/ s6:6â1 \/ s7:5â1"",
	""s4:6â1 \/ s5:6â1 \/ s6:5â1 \/ s7:5â1"",
	""s4:5â1 \/ s5:5â1 \/ s6:6â1 \/ s7:6â1"",
	""s4:5â1 \/ s5:6â1 \/ s6:5â1 \/ s7:6â1"",
	""s4:6â1 \/ s5:5â1 \/ s6:6â1 \/ s7:5â1"",
	""s4:6â1 \/ s5:6â1 \/ s6:5â1 \/ s7:5â1"",
	""s4:4â1 \/ s5:4â1 \/ s6:5â1 \/ s7:5â1"",
	""s4:4â1 \/ s5:5â1 \/ s6:4â1 \/ s7:5â1"",
	""s4:4â1 \/ s5:5â1 \/ s6:5â1 \/ s7:4â1"",
	""s4:5â1 \/ s5:4â1 \/ s6:4â1 \/ s7:5â1"",
	""s4:5â1 \/ s5:4â1 \/ s6:5â1 \/ s7:4â1"",
	""s4:5â1 \/ s5:5â1 \/ s6:4â1 \/ s7:4â1"",
	""s4:4â1 \/ s5:4â1 \/ s6:5â1 \/ s7:5â1"",
	""s4:4â1 \/ s5:5â1 \/ s6:4â1 \/ s7:5â1"",
	""s4:5â1 \/ s5:4â1 \/ s6:5â1 \/ s7:4â1"",
	""s4:5â1 \/ s5:5â1 \/ s6:4â1 \/ s7:4â1""
]"
3	1	"0"	"su(3)+2(so(7)+2 su(2))"	13	57	4	3	0	0	0	0	0	0	"[
	""s1:3â1 \/ s2:1â1 \/ s3:1â1 \/ s4:3â1 \/ s5:3â2 \/ s6:3â2 \/ s7:1â1, 3â4"",
	""s1:3â1 \/ s2:1â1 \/ s3:1â1 \/ s4:3â1 \/ s5:3â2 \/ s6:3â2 \/ s7:1â1, 3â4"",
	""s1:3â1 \/ s2:1â1 \/ s3:1â1 \/ s4:3â1 \/ s5:3â2 \/ s6:3â2 \/ s7:3â2"",
	""s1:3â1 \/ s2:1â1 \/ s3:1â1 \/ s4:3â1 \/ s5:3â2 \/ s6:3â2 \/ s7:3â2"",
	""s1:3â1 \/ s2:1â1 \/ s3:1â1 \/ s4:3â1 \/ s5:3â2 \/ s6:3â2 \/ s7:3â2"",
	""s1:3â1 \/ s2:1â1 \/ s3:1â1 \/ s4:3â1 \/ s5:3â2 \/ s6:3â2 \/ s7:3â2"",
	""s1:3â1 \/ s2:1â1 \/ s3:1â1 \/ s4:3â1 \/ s5:3â2 \/ s6:3â2 \/ s7:3â2"",
	""s1:3â1 \/ s2:1â1 \/ s3:1â1 \/ s4:3â1 \/ s5:3â2 \/ s6:3â2 \/ s7:3â2"",
	""s1:3â1 \/ s2:1â1 \/ s3:1â1 \/ s4:3â2 \/ s5:3â2 \/ s6:3â2 \/ s7:3â2"",
	""s1:3â1 \/ s2:1â1 \/ s3:1â1 \/ s4:3â2 \/ s5:3â2 \/ s6:3â2 \/ s7:3â2"",
	""s1:3â1 \/ s2:1â1 \/ s3:1â1 \/ s4:3â2 \/ s5:3â2 \/ s6:3â2 \/ s7:3â2"",
	""s1:3â1 \/ s2:1â1 \/ s3:1â1 \/ s4:3â2 \/ s5:3â2 \/ s6:3â2 \/ s7:3â2"",
	""s1:3â1 \/ s2:1â1 \/ s3:1â1 \/ s4:3â2 \/ s5:3â2 \/ s6:3â2 \/ s7:3â2"",
	""s1:3â1 \/ s2:1â1 \/ s3:1â1 \/ s4:3â2 \/ s5:3â2 \/ s6:3â2 \/ s7:3â2"",
	""s1:3â1 \/ s2:3â1 \/ s3:1â1 \/ s4:1â1 \/ s5:1â2 \/ s6:1â2 \/ s7:1â2"",
	""s1:3â1 \/ s2:3â1 \/ s3:1â1 \/ s4:1â1 \/ s5:1â2 \/ s6:1â2 \/ s7:1â2"",
	""s1:3â1 \/ s2:3â1 \/ s3:1â1 \/ s4:1â1 \/ s5:1â2 \/ s6:1â2 \/ s7:1â2"",
	""s1:3â1 \/ s2:3â1 \/ s3:1â1 \/ s4:1â1 \/ s5:1â2 \/ s6:1â2 \/ s7:1â2"",
	""s1:3â1 \/ s2:3â1 \/ s3:1â1 \/ s4:1â1 \/ s5:1â2 \/ s6:1â2 \/ s7:1â2"",
	""s1:3â1 \/ s2:3â1 \/ s3:1â1 \/ s4:1â1 \/ s5:1â2 \/ s6:1â2 \/ s7:1â2"",
	""s1:3â1 \/ s2:3â1 \/ s3:1â1 \/ s4:1â1 \/ s5:1â2 \/ s6:1â2 \/ s7:1â4, 3â1"",
	""s1:3â1 \/ s2:3â1 \/ s3:1â1 \/ s4:1â1 \/ s5:1â2 \/ s6:1â2 \/ s7:1â4, 3â1"",
	""s1:3â1 \/ s2:3â1 \/ s3:1â1 \/ s4:1â2 \/ s5:1â2 \/ s6:1â2 \/ s7:1â2"",
	""s1:3â1 \/ s2:3â1 \/ s3:1â1 \/ s4:1â2 \/ s5:1â2 \/ s6:1â2 \/ s7:1â2"",
	""s1:3â1 \/ s2:3â1 \/ s3:1â1 \/ s4:1â2 \/ s5:1â2 \/ s6:1â2 \/ s7:1â2"",
	""s1:3â1 \/ s2:3â1 \/ s3:1â1 \/ s4:1â2 \/ s5:1â2 \/ s6:1â2 \/ s7:1â2"",
	""s1:3â1 \/ s2:3â1 \/ s3:1â1 \/ s4:1â2 \/ s5:1â2 \/ s6:1â2 \/ s7:1â2"",
	""s1:3â1 \/ s2:3â1 \/ s3:1â1 \/ s4:1â2 \/ s5:1â2 \/ s6:1â2 \/ s7:1â2""
]"	"[
	""s4:5â1 \/ s5:6â1 \/ s6:6â1 \/ s7:5â1"",
	""s4:6â1 \/ s5:5â1 \/ s6:5â1 \/ s7:6â1"",
	""s4:5â1 \/ s5:5â1 \/ s6:6â1 \/ s7:6â1"",
	""s4:5â1 \/ s5:6â1 \/ s6:5â1 \/ s7:6â1"",
	""s4:5â1 \/ s5:6â1 \/ s6:6â1 \/ s7:5â1"",
	""s4:6â1 \/ s5:5â1 \/ s6:5â1 \/ s7:6â1"",
	""s4:6â1 \/ s5:5â1 \/ s6:6â1 \/ s7:5â1"",
	""s4:6â1 \/ s5:6â1 \/ s6:5â1 \/ s7:5â1"",
	""s4:5â1 \/ s5:5â1 \/ s6:6â1 \/ s7:6â1"",
	""s4:5â1 \/ s5:6â1 \/ s6:5â1 \/ s7:6â1"",
	""s4:5â1 \/ s5:6â1 \/ s6:6â1 \/ s7:5â1"",
	""s4:6â1 \/ s5:5â1 \/ s6:5â1 \/ s7:6â1"",
	""s4:6â1 \/ s5:5â1 \/ s6:6â1 \/ s7:5â1"",
	""s4:6â1 \/ s5:6â1 \/ s6:5â1 \/ s7:5â1"",
	""s4:4â1 \/ s5:4â1 \/ s6:5â1 \/ s7:5â1"",
	""s4:4â1 \/ s5:5â1 \/ s6:4â1 \/ s7:5â1"",
	""s4:4â1 \/ s5:5â1 \/ s6:5â1 \/ s7:4â1"",
	""s4:5â1 \/ s5:4â1 \/ s6:4â1 \/ s7:5â1"",
	""s4:5â1 \/ s5:4â1 \/ s6:5â1 \/ s7:4â1"",
	""s4:5â1 \/ s5:5â1 \/ s6:4â1 \/ s7:4â1"",
	""s4:4â1 \/ s5:5â1 \/ s6:5â1 \/ s7:4â1"",
	""s4:5â1 \/ s5:4â1 \/ s6:4â1 \/ s7:5â1"",
	""s4:4â1 \/ s5:4â1 \/ s6:5â1 \/ s7:5â1"",
	""s4:4â1 \/ s5:5â1 \/ s6:4â1 \/ s7:5â1"",
	""s4:4â1 \/ s5:5â1 \/ s6:5â1 \/ s7:4â1"",
	""s4:5â1 \/ s5:4â1 \/ s6:4â1 \/ s7:5â1"",
	""s4:5â1 \/ s5:4â1 \/ s6:5â1 \/ s7:4â1"",
	""s4:5â1 \/ s5:5â1 \/ s6:4â1 \/ s7:4â1""
]"
3	1	"0"	"su(3)+2(so(7)+2 su(2))"	14	57	4	3	0	0	0	0	0	0	"[
	""s1:3â1 \/ s2:3â1 \/ s3:1â2 \/ s4:1â1 \/ s5:1â1 \/ s6:1â1 \/ s7:1â2, 3â1"",
	""s1:3â1 \/ s2:3â1 \/ s3:1â2 \/ s4:1â1 \/ s5:1â1 \/ s6:1â1 \/ s7:1â2, 3â1"",
	""s1:3â1 \/ s2:3â1 \/ s3:1â2 \/ s4:1â1 \/ s5:1â1 \/ s6:1â1 \/ s7:1â2, 3â1"",
	""s1:3â1 \/ s2:3â1 \/ s3:1â2 \/ s4:1â1 \/ s5:1â1 \/ s6:1â1 \/ s7:1â2, 3â1"",
	""s1:3â1 \/ s2:3â1 \/ s3:1â2 \/ s4:1â1 \/ s5:1â1 \/ s6:1â1 \/ s7:1â2, 3â1"",
	""s1:3â1 \/ s2:3â1 \/ s3:1â2 \/ s4:1â1 \/ s5:1â1 \/ s6:1â1 \/ s7:1â2, 3â1"",
	""s1:3â2 \/ s2:1â1 \/ s3:1â1 \/ s4:3â1 \/ s5:3â1 \/ s6:3â1 \/ s7:1â1, 3â2"",
	""s1:3â2 \/ s2:1â1 \/ s3:1â1 \/ s4:3â1 \/ s5:3â1 \/ s6:3â1 \/ s7:1â1, 3â2"",
	""s1:3â2 \/ s2:1â1 \/ s3:1â1 \/ s4:3â1 \/ s5:3â1 \/ s6:3â1 \/ s7:1â1, 3â2"",
	""s1:3â2 \/ s2:1â1 \/ s3:1â1 \/ s4:3â1 \/ s5:3â1 \/ s6:3â1 \/ s7:1â1, 3â2"",
	""s1:3â2 \/ s2:1â1 \/ s3:1â1 \/ s4:3â1 \/ s5:3â1 \/ s6:3â1 \/ s7:1â1, 3â2"",
	""s1:3â2 \/ s2:1â1 \/ s3:1â1 \/ s4:3â1 \/ s5:3â1 \/ s6:3â1 \/ s7:1â1, 3â2""
]"	"[
	""s4:4â1 \/ s5:4â1 \/ s6:5â1 \/ s7:5â1"",
	""s4:4â1 \/ s5:5â1 \/ s6:4â1 \/ s7:5â1"",
	""s4:4â1 \/ s5:5â1 \/ s6:5â1 \/ s7:4â1"",
	""s4:5â1 \/ s5:4â1 \/ s6:4â1 \/ s7:5â1"",
	""s4:5â1 \/ s5:4â1 \/ s6:5â1 \/ s7:4â1"",
	""s4:5â1 \/ s5:5â1 \/ s6:4â1 \/ s7:4â1"",
	""s4:5â1 \/ s5:5â1 \/ s6:6â1 \/ s7:6â1"",
	""s4:5â1 \/ s5:6â1 \/ s6:5â1 \/ s7:6â1"",
	""s4:5â1 \/ s5:6â1 \/ s6:6â1 \/ s7:5â1"",
	""s4:6â1 \/ s5:5â1 \/ s6:5â1 \/ s7:6â1"",
	""s4:6â1 \/ s5:5â1 \/ s6:6â1 \/ s7:5â1"",
	""s4:6â1 \/ s5:6â1 \/ s6:5â1 \/ s7:5â1""
]"
3	1	"0"	"su(3)+2(so(7)+2 su(2))"	16	57	4	3	0	0	0	0	0	0	"[
	""s1:3â1 \/ s2:1â1 \/ s3:1â1 \/ s4:3â1 \/ s5:3â2 \/ s6:3â2 \/ s7:1â1, 3â3"",
	""s1:3â1 \/ s2:1â1 \/ s3:1â1 \/ s4:3â1 \/ s5:3â2 \/ s6:3â2 \/ s7:1â1, 3â3"",
	""s1:3â1 \/ s2:1â1 \/ s3:1â1 \/ s4:3â1 \/ s5:3â2 \/ s6:3â2 \/ s7:1â1, 3â3"",
	""s1:3â1 \/ s2:1â1 \/ s3:1â1 \/ s4:3â1 \/ s5:3â2 \/ s6:3â2 \/ s7:1â1, 3â3"",
	""s1:3â1 \/ s2:3â1 \/ s3:1â1 \/ s4:1â1 \/ s5:1â2 \/ s6:1â2 \/ s7:1â3, 3â1"",
	""s1:3â1 \/ s2:3â1 \/ s3:1â1 \/ s4:1â1 \/ s5:1â2 \/ s6:1â2 \/ s7:1â3, 3â1"",
	""s1:3â1 \/ s2:3â1 \/ s3:1â1 \/ s4:1â1 \/ s5:1â2 \/ s6:1â2 \/ s7:1â3, 3â1"",
	""s1:3â1 \/ s2:3â1 \/ s3:1â1 \/ s4:1â1 \/ s5:1â2 \/ s6:1â2 \/ s7:1â3, 3â1"",
	""s1:3â1 \/ s2:3â1 \/ s3:1â2 \/ s4:1â1 \/ s5:1â1 \/ s6:1â1 \/ s7:1â2"",
	""s1:3â1 \/ s2:3â1 \/ s3:1â2 \/ s4:1â1 \/ s5:1â1 \/ s6:1â1 \/ s7:1â2"",
	""s1:3â1 \/ s2:3â1 \/ s3:1â2 \/ s4:1â1 \/ s5:1â1 \/ s6:1â1 \/ s7:1â2"",
	""s1:3â1 \/ s2:3â1 \/ s3:1â2 \/ s4:1â1 \/ s5:1â1 \/ s6:1â1 \/ s7:1â2"",
	""s1:3â1 \/ s2:3â1 \/ s3:1â2 \/ s4:1â1 \/ s5:1â1 \/ s6:1â1 \/ s7:1â2"",
	""s1:3â1 \/ s2:3â1 \/ s3:1â2 \/ s4:1â1 \/ s5:1â1 \/ s6:1â1 \/ s7:1â2"",
	""s1:3â2 \/ s2:1â1 \/ s3:1â1 \/ s4:3â1 \/ s5:3â1 \/ s6:3â1 \/ s7:3â2"",
	""s1:3â2 \/ s2:1â1 \/ s3:1â1 \/ s4:3â1 \/ s5:3â1 \/ s6:3â1 \/ s7:3â2"",
	""s1:3â2 \/ s2:1â1 \/ s3:1â1 \/ s4:3â1 \/ s5:3â1 \/ s6:3â1 \/ s7:3â2"",
	""s1:3â2 \/ s2:1â1 \/ s3:1â1 \/ s4:3â1 \/ s5:3â1 \/ s6:3â1 \/ s7:3â2"",
	""s1:3â2 \/ s2:1â1 \/ s3:1â1 \/ s4:3â1 \/ s5:3â1 \/ s6:3â1 \/ s7:3â2"",
	""s1:3â2 \/ s2:1â1 \/ s3:1â1 \/ s4:3â1 \/ s5:3â1 \/ s6:3â1 \/ s7:3â2""
]"	"[
	""s4:5â1 \/ s5:5â1 \/ s6:6â1 \/ s7:6â1"",
	""s4:5â1 \/ s5:6â1 \/ s6:5â1 \/ s7:6â1"",
	""s4:6â1 \/ s5:5â1 \/ s6:6â1 \/ s7:5â1"",
	""s4:6â1 \/ s5:6â1 \/ s6:5â1 \/ s7:5â1"",
	""s4:4â1 \/ s5:4â1 \/ s6:5â1 \/ s7:5â1"",
	""s4:4â1 \/ s5:5â1 \/ s6:4â1 \/ s7:5â1"",
	""s4:5â1 \/ s5:4â1 \/ s6:5â1 \/ s7:4â1"",
	""s4:5â1 \/ s5:5â1 \/ s6:4â1 \/ s7:4â1"",
	""s4:4â1 \/ s5:4â1 \/ s6:5â1 \/ s7:5â1"",
	""s4:4â1 \/ s5:5â1 \/ s6:4â1 \/ s7:5â1"",
	""s4:4â1 \/ s5:5â1 \/ s6:5â1 \/ s7:4â1"",
	""s4:5â1 \/ s5:4â1 \/ s6:4â1 \/ s7:5â1"",
	""s4:5â1 \/ s5:4â1 \/ s6:5â1 \/ s7:4â1"",
	""s4:5â1 \/ s5:5â1 \/ s6:4â1 \/ s7:4â1"",
	""s4:5â1 \/ s5:5â1 \/ s6:6â1 \/ s7:6â1"",
	""s4:5â1 \/ s5:6â1 \/ s6:5â1 \/ s7:6â1"",
	""s4:5â1 \/ s5:6â1 \/ s6:6â1 \/ s7:5â1"",
	""s4:6â1 \/ s5:5â1 \/ s6:5â1 \/ s7:6â1"",
	""s4:6â1 \/ s5:5â1 \/ s6:6â1 \/ s7:5â1"",
	""s4:6â1 \/ s5:6â1 \/ s6:5â1 \/ s7:5â1""
]"
3	1	"0"	"su(3)+3(g2+su(2))"	11	52	3	4	0	0	0	0	0	0	"[
	""s1:3â1 \/ s2:3â1 \/ s3:1â1 \/ s4:1â1 \/ s5:1â1 \/ s6:1â1, 3â1 \/ s7:1â1, 3â1"",
	""s1:3â1 \/ s2:3â1 \/ s3:1â1 \/ s4:1â1 \/ s5:1â1 \/ s6:1â1, 3â1 \/ s7:1â1, 3â1"",
	""s1:3â1 \/ s2:3â1 \/ s3:1â1 \/ s4:1â1 \/ s5:1â1 \/ s6:1â1, 3â1 \/ s7:1â1, 3â1"",
	""s1:3â1 \/ s2:3â1 \/ s3:1â1 \/ s4:1â1 \/ s5:1â1 \/ s6:1â1, 3â1 \/ s7:1â1, 3â1"",
	""s1:3â1 \/ s2:3â1 \/ s3:1â1 \/ s4:1â1 \/ s5:1â1 \/ s6:1â1, 3â1 \/ s7:1â1, 3â1"",
	""s1:3â1 \/ s2:3â1 \/ s3:1â1 \/ s4:1â1 \/ s5:1â1 \/ s6:1â1, 3â1 \/ s7:1â1, 3â1"",
	""s1:3â1 \/ s2:3â1 \/ s3:1â1 \/ s4:1â1 \/ s5:1â1 \/ s6:1â1, 3â1 \/ s7:1â1, 3â1"",
	""s1:3â1 \/ s2:3â1 \/ s3:1â1 \/ s4:1â1 \/ s5:1â1 \/ s6:1â1, 3â1 \/ s7:1â1, 3â1"",
	""s1:3â1 \/ s2:3â1 \/ s3:1â1 \/ s4:1â1 \/ s5:1â1 \/ s6:1â1 \/ s7:1â1, 3â1"",
	""s1:3â1 \/ s2:3â1 \/ s3:1â1 \/ s4:1â1 \/ s5:1â1 \/ s6:1â1 \/ s7:1â1, 3â1"",
	""s1:3â1 \/ s2:3â1 \/ s3:1â1 \/ s4:1â1 \/ s5:1â1 \/ s6:1â1 \/ s7:1â1, 3â1"",
	""s1:3â1 \/ s2:3â1 \/ s3:1â1 \/ s4:1â1 \/ s5:1â1 \/ s6:1â1 \/ s7:1â1, 3â1"",
	""s1:3â1 \/ s2:3â1 \/ s3:1â1 \/ s4:1â1 \/ s5:3â1 \/ s6:1â1, 3â1 \/ s7:1â1, 3â1"",
	""s1:3â1 \/ s2:3â1 \/ s3:1â1 \/ s4:1â1 \/ s5:3â1 \/ s6:1â1, 3â1 \/ s7:1â1, 3â1"",
	""s1:3â1 \/ s2:3â1 \/ s3:1â1 \/ s4:1â1 \/ s5:3â1 \/ s6:1â1, 3â1 \/ s7:1â1, 3â1"",
	""s1:3â1 \/ s2:3â1 \/ s3:1â1 \/ s4:1â1 \/ s5:3â1 \/ s6:1â1, 3â1 \/ s7:1â1, 3â1"",
	""s1:3â1 \/ s2:3â1 \/ s3:1â1 \/ s4:1â1 \/ s5:3â1 \/ s6:1â1, 3â1 \/ s7:1â1, 3â1"",
	""s1:3â1 \/ s2:3â1 \/ s3:1â1 \/ s4:1â1 \/ s5:3â1 \/ s6:1â1, 3â1 \/ s7:1â1, 3â1"",
	""s1:3â1 \/ s2:3â1 \/ s3:1â1 \/ s4:1â1 \/ s5:3â1 \/ s6:1â1, 3â1 \/ s7:1â1, 3â1"",
	""s1:3â1 \/ s2:3â1 \/ s3:1â1 \/ s4:1â1 \/ s5:3â1 \/ s6:1â1, 3â1 \/ s7:1â1, 3â1"",
	""s1:3â1 \/ s2:3â1 \/ s3:1â1 \/ s4:1â1 \/ s5:3â1 \/ s6:1â1 \/ s7:1â1, 3â1"",
	""s1:3â1 \/ s2:3â1 \/ s3:1â1 \/ s4:1â1 \/ s5:3â1 \/ s6:1â1 \/ s7:1â1, 3â1"",
	""s1:3â1 \/ s2:3â1 \/ s3:1â1 \/ s4:1â1 \/ s5:3â1 \/ s6:1â1 \/ s7:1â1, 3â1"",
	""s1:3â1 \/ s2:3â1 \/ s3:1â1 \/ s4:1â1 \/ s5:3â1 \/ s6:1â1 \/ s7:1â1, 3â1"",
	""s1:3â1 \/ s2:3â1 \/ s3:1â1 \/ s4:1â1 \/ s5:3â1 \/ s6:1â1 \/ s7:1â1, 3â1"",
	""s1:3â1 \/ s2:3â1 \/ s3:1â1 \/ s4:1â1 \/ s5:3â1 \/ s6:1â1 \/ s7:1â1, 3â1"",
	""s1:3â1 \/ s2:3â1 \/ s3:1â1 \/ s4:1â1 \/ s5:3â1 \/ s6:1â1 \/ s7:1â1, 3â1"",
	""s1:3â1 \/ s2:3â1 \/ s3:1â1 \/ s4:1â1 \/ s5:3â1 \/ s6:1â1 \/ s7:1â1, 3â1"",
	""s1:3â1 \/ s2:3â1 \/ s3:1â1 \/ s4:1â1 \/ s5:3â1 \/ s6:1â1 \/ s7:1â1, 3â2"",
	""s1:3â1 \/ s2:3â1 \/ s3:1â1 \/ s4:1â1 \/ s5:3â1 \/ s6:1â1 \/ s7:1â1, 3â2"",
	""s1:3â1 \/ s2:3â1 \/ s3:1â1 \/ s4:1â1 \/ s5:3â1 \/ s6:1â1 \/ s7:1â1, 3â2"",
	""s1:3â1 \/ s2:3â1 \/ s3:1â1 \/ s4:1â1 \/ s5:3â1 \/ s6:1â1 \/ s7:1â1, 3â2"",
	""s1:3â1 \/ s2:3â1 \/ s3:1â1 \/ s4:1â1 \/ s5:3â1 \/ s6:1â1 \/ s7:1â2, 3â1"",
	""s1:3â1 \/ s2:3â1 \/ s3:1â1 \/ s4:1â1 \/ s5:3â1 \/ s6:1â1 \/ s7:1â2, 3â1"",
	""s1:3â1 \/ s2:3â1 \/ s3:1â1 \/ s4:1â1 \/ s5:3â1 \/ s6:1â1 \/ s7:1â2, 3â1"",
	""s1:3â1 \/ s2:3â1 \/ s3:1â1 \/ s4:1â1 \/ s5:3â1 \/ s6:1â1 \/ s7:1â2, 3â1"",
	""s1:3â1 \/ s2:3â1 \/ s3:1â1 \/ s4:1â1 \/ s5:3â1 \/ s6:3â1 \/ s7:1â1, 3â1"",
	""s1:3â1 \/ s2:3â1 \/ s3:1â1 \/ s4:1â1 \/ s5:3â1 \/ s6:3â1 \/ s7:1â1, 3â1"",
	""s1:3â1 \/ s2:3â1 \/ s3:1â1 \/ s4:1â1 \/ s5:3â1 \/ s6:3â1 \/ s7:1â1, 3â1"",
	""s1:3â1 \/ s2:3â1 \/ s3:1â1 \/ s4:1â1 \/ s5:3â1 \/ s6:3â1 \/ s7:1â1, 3â1""
]"	"[
	""s5:4â1 \/ s6:5â1 \/ s7:6â1"",
	""s5:4â1 \/ s6:5â1 \/ s7:7â1"",
	""s5:4â1 \/ s6:6â1 \/ s7:5â1"",
	""s5:4â1 \/ s6:7â1 \/ s7:5â1"",
	""s5:5â1 \/ s6:4â1 \/ s7:6â1"",
	""s5:5â1 \/ s6:4â1 \/ s7:7â1"",
	""s5:5â1 \/ s6:6â1 \/ s7:4â1"",
	""s5:5â1 \/ s6:7â1 \/ s7:4â1"",
	""s5:4â1 \/ s6:5â1 \/ s7:6â1"",
	""s5:4â1 \/ s6:5â1 \/ s7:7â1"",
	""s5:5â1 \/ s6:4â1 \/ s7:6â1"",
	""s5:5â1 \/ s6:4â1 \/ s7:7â1"",
	""s5:6â1 \/ s6:4â1 \/ s7:7â1"",
	""s5:6â1 \/ s6:5â1 \/ s7:7â1"",
	""s5:6â1 \/ s6:7â1 \/ s7:4â1"",
	""s5:6â1 \/ s6:7â1 \/ s7:5â1"",
	""s5:7â1 \/ s6:4â1 \/ s7:6â1"",
	""s5:7â1 \/ s6:5â1 \/ s7:6â1"",
	""s5:7â1 \/ s6:6â1 \/ s7:4â1"",
	""s5:7â1 \/ s6:6â1 \/ s7:5â1"",
	""s5:6â1 \/ s6:4â1 \/ s7:5â1"",
	""s5:6â1 \/ s6:4â1 \/ s7:7â1"",
	""s5:6â1 \/ s6:5â1 \/ s7:4â1"",
	""s5:6â1 \/ s6:5â1 \/ s7:7â1"",
	""s5:7â1 \/ s6:4â1 \/ s7:5â1"",
	""s5:7â1 \/ s6:4â1 \/ s7:6â1"",
	""s5:7â1 \/ s6:5â1 \/ s7:4â1"",
	""s5:7â1 \/ s6:5â1 \/ s7:6â1"",
	""s5:6â1 \/ s6:4â1 \/ s7:7â1"",
	""s5:6â1 \/ s6:5â1 \/ s7:7â1"",
	""s5:7â1 \/ s6:4â1 \/ s7:6â1"",
	""s5:7â1 \/ s6:5â1 \/ s7:6â1"",
	""s5:6â1 \/ s6:4â1 \/ s7:5â1"",
	""s5:6â1 \/ s6:5â1 \/ s7:4â1"",
	""s5:7â1 \/ s6:4â1 \/ s7:5â1"",
	""s5:7â1 \/ s6:5â1 \/ s7:4â1"",
	""s5:6â1 \/ s6:7â1 \/ s7:4â1"",
	""s5:6â1 \/ s6:7â1 \/ s7:5â1"",
	""s5:7â1 \/ s6:6â1 \/ s7:4â1"",
	""s5:7â1 \/ s6:6â1 \/ s7:5â1""
]"
3	1	"0"	"su(3)+3(g2+su(2))"	14	52	3	4	0	0	0	0	0	0	"[
	""s1:3â1 \/ s2:3â1 \/ s3:1â1 \/ s4:1â1 \/ s5:1â1 \/ s6:1â1 \/ s7:1â1"",
	""s1:3â1 \/ s2:3â1 \/ s3:1â1 \/ s4:1â1 \/ s5:1â1 \/ s6:1â1 \/ s7:1â1"",
	""s1:3â1 \/ s2:3â1 \/ s3:1â1 \/ s4:1â1 \/ s5:1â1 \/ s6:1â1 \/ s7:1â1"",
	""s1:3â1 \/ s2:3â1 \/ s3:1â1 \/ s4:1â1 \/ s5:1â1 \/ s6:1â1 \/ s7:1â1"",
	""s1:3â1 \/ s2:3â1 \/ s3:1â1 \/ s4:1â1 \/ s5:1â1 \/ s6:1â1 \/ s7:1â1"",
	""s1:3â1 \/ s2:3â1 \/ s3:1â1 \/ s4:1â1 \/ s5:1â1 \/ s6:1â1 \/ s7:1â1"",
	""s1:3â1 \/ s2:3â1 \/ s3:1â1 \/ s4:1â1 \/ s5:1â1 \/ s6:1â1 \/ s7:1â1"",
	""s1:3â1 \/ s2:3â1 \/ s3:1â1 \/ s4:1â1 \/ s5:1â1 \/ s6:1â1 \/ s7:1â1"",
	""s1:3â1 \/ s2:3â1 \/ s3:1â1 \/ s4:1â1 \/ s5:1â1 \/ s6:1â1 \/ s7:1â1"",
	""s1:3â1 \/ s2:3â1 \/ s3:1â1 \/ s4:1â1 \/ s5:1â1 \/ s6:1â1 \/ s7:1â1"",
	""s1:3â1 \/ s2:3â1 \/ s3:1â1 \/ s4:1â1 \/ s5:1â1 \/ s6:1â1 \/ s7:1â1"",
	""s1:3â1 \/ s2:3â1 \/ s3:1â1 \/ s4:1â1 \/ s5:1â1 \/ s6:1â1 \/ s7:1â1"",
	""s1:3â1 \/ s2:3â1 \/ s3:1â1 \/ s4:1â1 \/ s5:3â1 \/ s6:3â1 \/ s7:3â1"",
	""s1:3â1 \/ s2:3â1 \/ s3:1â1 \/ s4:1â1 \/ s5:3â1 \/ s6:3â1 \/ s7:3â1"",
	""s1:3â1 \/ s2:3â1 \/ s3:1â1 \/ s4:1â1 \/ s5:3â1 \/ s6:3â1 \/ s7:3â1"",
	""s1:3â1 \/ s2:3â1 \/ s3:1â1 \/ s4:1â1 \/ s5:3â1 \/ s6:3â1 \/ s7:3â1"",
	""s1:3â1 \/ s2:3â1 \/ s3:1â1 \/ s4:1â1 \/ s5:3â1 \/ s6:3â1 \/ s7:3â1"",
	""s1:3â1 \/ s2:3â1 \/ s3:1â1 \/ s4:1â1 \/ s5:3â1 \/ s6:3â1 \/ s7:3â1"",
	""s1:3â1 \/ s2:3â1 \/ s3:1â1 \/ s4:1â1 \/ s5:3â1 \/ s6:3â1 \/ s7:3â1"",
	""s1:3â1 \/ s2:3â1 \/ s3:1â1 \/ s4:1â1 \/ s5:3â1 \/ s6:3â1 \/ s7:3â1"",
	""s1:3â1 \/ s2:3â1 \/ s3:1â1 \/ s4:1â1 \/ s5:3â1 \/ s6:3â1 \/ s7:3â1"",
	""s1:3â1 \/ s2:3â1 \/ s3:1â1 \/ s4:1â1 \/ s5:3â1 \/ s6:3â1 \/ s7:3â1"",
	""s1:3â1 \/ s2:3â1 \/ s3:1â1 \/ s4:1â1 \/ s5:3â1 \/ s6:3â1 \/ s7:3â1"",
	""s1:3â1 \/ s2:3â1 \/ s3:1â1 \/ s4:1â1 \/ s5:3â1 \/ s6:3â1 \/ s7:3â1""
]"	"[
	""s5:4â1 \/ s6:5â1 \/ s7:6â1"",
	""s5:4â1 \/ s6:5â1 \/ s7:7â1"",
	""s5:4â1 \/ s6:6â1 \/ s7:5â1"",
	""s5:4â1 \/ s6:7â1 \/ s7:5â1"",
	""s5:5â1 \/ s6:4â1 \/ s7:6â1"",
	""s5:5â1 \/ s6:4â1 \/ s7:7â1"",
	""s5:5â1 \/ s6:6â1 \/ s7:4â1"",
	""s5:5â1 \/ s6:7â1 \/ s7:4â1"",
	""s5:6â1 \/ s6:4â1 \/ s7:5â1"",
	""s5:6â1 \/ s6:5â1 \/ s7:4â1"",
	""s5:7â1 \/ s6:4â1 \/ s7:5â1"",
	""s5:7â1 \/ s6:5â1 \/ s7:4â1"",
	""s5:4â1 \/ s6:6â1 \/ s7:7â1"",
	""s5:4â1 \/ s6:7â1 \/ s7:6â1"",
	""s5:5â1 \/ s6:6â1 \/ s7:7â1"",
	""s5:5â1 \/ s6:7â1 \/ s7:6â1"",
	""s5:6â1 \/ s6:4â1 \/ s7:7â1"",
	""s5:6â1 \/ s6:5â1 \/ s7:7â1"",
	""s5:6â1 \/ s6:7â1 \/ s7:4â1"",
	""s5:6â1 \/ s6:7â1 \/ s7:5â1"",
	""s5:7â1 \/ s6:4â1 \/ s7:6â1"",
	""s5:7â1 \/ s6:5â1 \/ s7:6â1"",
	""s5:7â1 \/ s6:6â1 \/ s7:4â1"",
	""s5:7â1 \/ s6:6â1 \/ s7:5â1""
]"
