"TH"	"index"	"LST gauge algebra"	"full gauge algebra"	"Tmin"	"Delta"	"n2"	"n3"	"n4"	"n5"	"n6"	"n7"	"n8"	"n12"	"On -1"	"On -2/-3"
7	2	"su(3)+g2+su(2)"	"2 so(8)+su(3)+g2+su(2)+so(7)+2 su(2)"	16	119	2	1	2	0	0	0	0	0	"s1:7→1 / s2:1→1 / s3:7→1 / s4:7→1 / s5:7→1"	"s4:2→1 / s5:2→1"
7	2	"su(3)+g2+su(2)"	"2 su(3)+3(g2+su(2))"	11	160	2	3	0	0	0	0	0	0	"{s1:7→1 / s2:1→1 / s3:1→1, 7→1 / s4:3→1, 7→1 / s5:1→1, 3→1, 7→1, s1:7→1 / s2:1→1 / s3:1→1, 7→1 / s4:3→1, 7→1 / s5:1→1, 3→1, 7→3, s1:7→1 / s2:1→1 / s3:1→1, 7→1 / s4:3→1, 7→1 / s5:3→1, 7→1, s1:7→1 / s2:1→1 / s3:1→1, 7→1 / s4:3→1, 7→1 / s5:3→1, 7→2, s1:7→1 / s2:1→1 / s3:1→1, 7→1 / s4:3→1, 7→1 / s5:7→1, s1:7→1 / s2:1→1 / s3:1→1, 7→1 / s4:3→2, 7→2 / s5:7→1, s1:7→1 / s2:3→1, 7→1 / s3:1→1 / s4:1→1, 7→1 / s5:1→1, 7→1, s1:7→1 / s2:3→1, 7→1 / s3:1→1 / s4:1→1, 7→1 / s5:1→1, 7→2}"	"{s4:10→1 / s5:8→1, s4:8→1 / s5:9→1, s4:10→1 / s5:8→1, s4:9→1 / s5:2→1, s4:10→1 / s5:2→1, s4:8→1 / s5:2→1, s4:9→1 / s5:8→1, s4:8→1 / s5:2→1}"
7	2	"su(3)+g2+su(2)"	"2 su(3)+3(g2+su(2))"	12	160	2	3	0	0	0	0	0	0	"{s1:3→1, 7→1 / s2:1→1 / s3:1→1, 7→1 / s4:7→1 / s5:1→1, 7→1, s1:3→1, 7→1 / s2:1→1 / s3:1→1, 7→1 / s4:7→1 / s5:3→1, 7→1, s1:3→1, 7→1 / s2:1→1 / s3:1→1, 7→1 / s4:7→1 / s5:3→1, 7→2, s1:3→1, 7→1 / s2:1→1 / s3:1→1, 7→1 / s4:7→1 / s5:7→1, s1:7→1 / s2:1→1, 7→1 / s3:1→1, 7→1 / s4:3→1, 7→1, s1:7→1 / s2:1→1, 7→1 / s3:1→1, 7→1 / s4:3→1, 7→1, s1:7→1 / s2:1→1, 7→1 / s3:1→1, 7→1 / s4:7→1 / s5:1→1, s1:7→1 / s2:1→1 / s3:1→1, 7→1 / s4:3→1, 7→1 / s5:1→1, 3→1, 7→1, s1:7→1 / s2:1→1 / s3:1→1, 7→1 / s4:3→1, 7→1 / s5:1→1, 3→1, 7→1, s1:7→1 / s2:1→1 / s3:1→1, 7→1 / s4:3→1, 7→1 / s5:1→1, 3→1, 7→2, s1:7→1 / s2:1→1 / s3:1→1, 7→1 / s4:3→1, 7→1 / s5:1→1, 3→2, 7→2, s1:7→1 / s2:1→1 / s3:1→1, 7→1 / s4:3→1, 7→1 / s5:3→1, 7→1, s1:7→1 / s2:1→1 / s3:1→1, 7→1 / s4:3→1, 7→1 / s5:3→1, 7→1, s1:7→1 / s2:1→1 / s3:1→1, 7→1 / s4:3→1, 7→1 / s5:3→1, 7→2, s1:7→1 / s2:1→1 / s3:1→1, 7→1 / s4:3→1, 7→1 / s5:3→1, 7→2, s1:7→1 / s2:1→1 / s3:1→1, 7→1 / s4:3→1, 7→1 / s5:3→1, 7→2, s1:7→1 / s2:1→1 / s3:1→1, 7→1 / s4:3→1, 7→1 / s5:3→2, 7→2, s1:7→1 / s2:1→1 / s3:1→1, 7→1 / s4:3→1, 7→1 / s5:3→2, 7→2, s1:7→1 / s2:1→1 / s3:1→1, 7→1 / s4:3→1, 7→1 / s5:3→2, 7→2, s1:7→1 / s2:1→1 / s3:1→1, 7→1 / s4:3→1, 7→1 / s5:3→2, 7→3, s1:7→1 / s2:1→1 / s3:1→1, 7→1 / s4:3→1, 7→1 / s5:3→2, 7→3, s1:7→1 / s2:1→1 / s3:1→1, 7→1 / s4:3→1, 7→1 / s5:7→1, s1:7→1 / s2:1→1 / s3:1→1, 7→1 / s4:3→1, 7→1 / s5:7→1, s1:7→1 / s2:1→1 / s3:1→1, 7→1 / s4:3→1, 7→2 / s5:3→1, 7→2, s1:7→1 / s2:1→1 / s3:1→1, 7→1 / s4:3→1, 7→2 / s5:3→2, 7→2, s1:7→1 / s2:1→1 / s3:1→1, 7→1 / s4:3→1, 7→2 / s5:7→1, s1:7→1 / s2:1→1 / s3:1→1, 7→1 / s4:3→2, 7→2 / s5:1→1, 3→2, 7→2, s1:7→1 / s2:1→1 / s3:1→1, 7→1 / s4:3→2, 7→2 / s5:3→2, 7→2, s1:7→1 / s2:1→1 / s3:1→1, 7→1 / s4:3→2, 7→2 / s5:7→1, s1:7→1 / s2:1→1 / s3:1→1, 7→1 / s4:3→2, 7→3 / s5:7→1, s1:7→1 / s2:1→1 / s3:1→1, 7→1 / s4:7→1 / s5:1→1, 3→1, 7→2, s1:7→1 / s2:1→1 / s3:1→1, 7→1 / s4:7→1 / s5:1→1, 7→1, s1:7→1 / s2:3→1, 7→1 / s3:1→1 / s4:1→1, 7→1 / s5:1→1, 3→1, 7→3, s1:7→1 / s2:3→1, 7→1 / s3:1→1 / s4:3→1, 7→2 / s5:1→1, 7→1, s1:7→1 / s2:3→1, 7→1 / s3:1→1 / s4:7→1 / s5:1→1, 7→1}"	"{s4:9→1 / s5:8→1, s4:9→1 / s5:10→1, s4:9→1 / s5:10→1, s4:9→1 / s5:2→1, s4:10→1 / s5:2→1, s4:8→1 / s5:2→1, s4:2→1 / s5:8→1, s4:2→1 / s5:8→1, s4:9→1 / s5:8→1, s4:9→1 / s5:8→1, s4:9→1 / s5:8→1, s4:10→1 / s5:9→1, s4:9→1 / s5:2→1, s4:10→1 / s5:2→1, s4:8→1 / s5:2→1, s4:8→1 / s5:9→1, s4:10→1 / s5:9→1, s4:8→1 / s5:9→1, s4:9→1 / s5:10→1, s4:10→1 / s5:9→1, s4:8→1 / s5:9→1, s4:8→1 / s5:2→1, s4:9→1 / s5:2→1, s4:9→1 / s5:2→1, s4:9→1 / s5:8→1, s4:9→1 / s5:2→1, s4:9→1 / s5:8→1, s4:10→1 / s5:9→1, s4:10→1 / s5:2→1, s4:9→1 / s5:2→1, s4:2→1 / s5:8→1, s4:2→1 / s5:8→1, s4:8→1 / s5:10→1, s4:10→1 / s5:8→1, s4:2→1 / s5:8→1}"
7	2	"su(3)+g2+su(2)"	"2 su(3)+3(g2+su(2))"	13	160	2	3	0	0	0	0	0	0	"{s1:7→1 / s2:1→1, 7→1 / s3:1→1, 7→1 / s5:1→1, 7→1, s1:7→1 / s2:3→1, 7→1 / s3:1→1, 7→1 / s4:7→1 / s5:1→1}"	"{s4:2→1 / s5:8→1, s4:2→1 / s5:8→1}"
7	2	"su(3)+g2+su(2)"	"2 su(3)+3(g2+su(2))"	15	160	2	3	0	0	0	0	0	0	"s1:7→1 / s2:1→1 / s3:1→1, 7→2 / s4:7→1 / s5:1→1, 7→1"	"s4:2→1 / s5:8→1"
7	2	"su(3)+g2+su(2)"	"2 su(3)+3(g2+su(2))"	17	160	2	3	0	0	0	0	0	0	"s1:7→1 / s2:1→1 / s3:1→1, 7→2 / s4:3→1, 7→2 / s5:7→1"	"s4:9→1 / s5:2→1"
7	2	"su(3)+g2+su(2)"	"3 su(3)+g2+su(2)+so(7)+2 su(2)"	11	159	2	3	0	0	0	0	0	0	"{s1:7→1 / s2:1→1, 7→1 / s3:1→1, 3→1, 7→1 / s4:1→1 / s5:1→1, s1:7→1 / s2:1→1 / s3:1→1, 7→1 / s4:3→1, 7→1 / s5:1→1, 3→1, 7→2}"	"{s4:8→1 / s5:8→1, s4:8→1 / s5:8→1}"
7	2	"su(3)+g2+su(2)"	"3 su(3)+g2+su(2)+so(7)+2 su(2)"	12	159	2	3	0	0	0	0	0	0	"{s1:3→1, 7→1 / s2:1→1 / s3:1→1, 7→1 / s4:7→1 / s5:3→1, 7→1, s1:3→1, 7→1 / s2:1→1 / s3:1→1, 7→1 / s4:7→1 / s5:3→1, 7→2, s1:7→1 / s2:1→1, 7→1 / s3:1→1, 7→1 / s4:7→1 / s5:7→1, s1:7→1 / s2:1→1, 7→1 / s3:1→1, 7→1 / s5:7→1, s1:7→1 / s2:1→1 / s3:1→1, 7→1 / s4:1→1, 3→1, 7→1 / s5:1→1, 3→1, 7→1, s1:7→1 / s2:1→1 / s3:1→1, 7→1 / s4:1→1, 3→1, 7→1 / s5:1→1, 3→2, 7→2, s1:7→1 / s2:1→1 / s3:1→1, 7→1 / s4:1→1, 7→1 / s5:1→1, 3→1, 7→2, s1:7→1 / s2:1→1 / s3:1→1, 7→1 / s4:1→1, 7→1 / s5:1→1, 7→1, s1:7→1 / s2:1→1 / s3:1→1, 7→1 / s4:3→1, 7→1 / s5:3→1, 7→1, s1:7→1 / s2:1→1 / s3:1→1, 7→1 / s4:3→1, 7→1 / s5:3→1, 7→1, s1:7→1 / s2:1→1 / s3:1→1, 7→1 / s4:3→1, 7→1 / s5:3→2, 7→2, s1:7→1 / s2:1→1 / s3:1→1, 7→1 / s4:3→1, 7→1 / s5:3→2, 7→2, s1:7→1 / s2:1→1 / s3:1→1, 7→1 / s4:3→1, 7→2 / s5:3→2, 7→3, s1:7→1 / s2:1→1 / s3:1→1, 7→1 / s4:3→2, 7→2 / s5:3→2, 7→2, s1:7→1 / s2:1→1 / s3:1→1, 7→1 / s4:3→2, 7→3 / s5:3→2, 7→3, s1:7→1 / s2:1→1 / s3:1→1, 7→1 / s4:7→1 / s5:3→1, 7→2, s1:7→1 / s2:1→1 / s3:1→1, 7→1 / s4:7→1 / s5:7→1, s1:7→1 / s2:3→1, 7→1 / s3:1→1 / s4:1→1, 7→1 / s5:1→1, 3→1, 7→2}"	"{s4:9→1 / s5:9→1, s4:9→1 / s5:9→1, s4:2→1 / s5:2→1, s4:2→1 / s5:2→1, s4:8→1 / s5:8→1, s4:8→1 / s5:8→1, s4:8→1 / s5:8→1, s4:8→1 / s5:8→1, s4:10→1 / s5:10→1, s4:9→1 / s5:9→1, s4:10→1 / s5:10→1, s4:9→1 / s5:9→1, s4:9→1 / s5:9→1, s4:9→1 / s5:9→1, s4:9→1 / s5:9→1, s4:2→1 / s5:2→1, s4:2→1 / s5:2→1, s4:8→1 / s5:8→1}"
7	2	"su(3)+g2+su(2)"	"3 su(3)+g2+su(2)+so(7)+2 su(2)"	13	159	2	3	0	0	0	0	0	0	"s1:7→1 / s2:7→1 / s3:1→1, 7→1 / s4:7→1 / s5:7→1"	"s4:2→1 / s5:2→1"
7	2	"su(3)+g2+su(2)"	"3 su(3)+g2+su(2)+so(7)+2 su(2)"	14	159	2	3	0	0	0	0	0	0	"{s1:7→1 / s2:1→1 / s3:1→1, 7→1 / s4:3→1, 7→2 / s5:3→1, 7→2, s1:7→1 / s2:1→1 / s3:1→1, 7→2 / s4:7→1 / s5:7→1}"	"{s4:9→1 / s5:9→1, s4:2→1 / s5:2→1}"
7	2	"su(3)+g2+su(2)"	"3 su(3)+g2+su(2)+so(7)+2 su(2)"	19	159	2	3	0	0	0	0	0	0	"s1:7→1 / s2:7→1 / s3:7→1 / s4:7→1 / s5:7→1"	"s4:2→1 / s5:2→1"
7	2	"su(3)+g2+su(2)"	"3 su(3)+g2+su(2)+so(7)+2 su(2)"	21	159	2	3	0	0	0	0	0	0	"s1:7→1 / s2:1→1 / s3:1→1, 7→2 / s4:7→1 / s5:3→1, 7→3"	"s4:9→1 / s5:9→1"
7	2	"su(3)+g2+su(2)"	"4(g2+su(2))"	11	167	3	2	0	0	0	0	0	0	"s1:7→1 / s2:1→1, 7→1 / s3:3→1, 7→1 / s4:3→1, 7→1 / s5:1→1"	"s3:9→1 / s4:2→1 / s5:8→1"
7	2	"su(3)+g2+su(2)"	"4(g2+su(2))"	12	167	3	2	0	0	0	0	0	0	"{s1:7→1 / s2:1→1, 7→1 / s3:3→1, 7→1 / s4:3→1, 7→1, s1:7→1 / s2:1→1, 7→1 / s3:3→1, 7→1 / s4:7→1 / s5:1→1, s1:7→1 / s2:1→1, 7→1 / s3:3→1, 7→1 / s5:1→1, 3→1, 7→1, s1:7→1 / s2:1→1, 7→1 / s3:7→1 / s4:1→1 / s5:1→1, 7→1, s1:7→1 / s2:1→1, 7→1 / s4:1→1, 3→1, 7→1 / s5:1→1, 3→1, 7→1, s1:7→1 / s2:1→1, 7→1 / s4:1→1 / s5:1→1, 3→1, 7→1, s1:7→1 / s2:1→1, 7→1 / s4:1→1 / s5:1→1, 3→2, 7→2, s1:7→1 / s2:1→1 / s3:3→1, 7→1 / s4:3→1, 7→2 / s5:7→1, s1:7→1 / s2:1→1 / s3:3→1, 7→1 / s4:7→1 / s5:1→1, 3→1, 7→3, s1:7→1 / s2:1→1 / s3:3→1, 7→2 / s4:3→1, 7→2 / s5:1→1, 7→1, s1:7→1 / s2:1→1 / s3:3→1, 7→2 / s4:7→1 / s5:1→1, 3→1, 7→3, s1:7→1 / s2:1→1 / s3:3→1, 7→2 / s4:7→1 / s5:1→1, 7→1, s1:7→1 / s2:1→1 / s3:7→1 / s4:1→1, 3→1, 7→2 / s5:1→1, 3→1, 7→3, s1:7→1 / s2:1→1 / s3:7→1 / s4:1→1, 7→1 / s5:1→1, 3→1, 7→3, s1:7→1 / s2:1→1 / s3:7→1 / s4:1→1, 7→1 / s5:1→1, 7→2, s1:7→1 / s2:1→1 / s3:7→1 / s4:1→1, 7→2 / s5:1→1, 3→1, 7→3}"	"{s3:9→1 / s4:8→1 / s5:2→1, s3:9→1 / s4:2→1 / s5:8→1, s3:9→1 / s4:2→1 / s5:8→1, s3:2→1 / s4:8→1 / s5:9→1, s3:2→1 / s4:9→1 / s5:8→1, s3:2→1 / s4:8→1 / s5:9→1, s3:2→1 / s4:8→1 / s5:9→1, s3:8→1 / s4:9→1 / s5:2→1, s3:8→1 / s4:2→1 / s5:9→1, s3:9→1 / s4:2→1 / s5:8→1, s3:9→1 / s4:2→1 / s5:8→1, s3:9→1 / s4:2→1 / s5:8→1, s3:2→1 / s4:8→1 / s5:9→1, s3:2→1 / s4:8→1 / s5:9→1, s3:2→1 / s4:8→1 / s5:9→1, s3:2→1 / s4:9→1 / s5:8→1}"
7	2	"su(3)+g2+su(2)"	"4(g2+su(2))"	13	167	3	2	0	0	0	0	0	0	"{s1:7→1 / s2:1→1, 7→1 / s4:1→1, 7→1 / s5:1→1, 7→1, s1:7→1 / s2:1→1 / s3:3→1, 7→2 / s4:7→1 / s5:1→1, 3→1, 7→2}"	"{s3:2→1 / s4:9→1 / s5:8→1, s3:9→1 / s4:2→1 / s5:8→1}"
7	2	"su(3)+g2+su(2)"	"4(g2+su(2))"	19	167	3	2	0	0	0	0	0	0	"{s1:7→1 / s2:1→1 / s3:7→1 / s4:3→1, 7→3 / s5:1→1, 3→1, 7→3, s1:7→1 / s2:1→1 / s3:7→1 / s4:7→1 / s5:1→1, 3→1, 7→3}"	"{s3:9→1 / s4:2→1 / s5:8→1, s3:9→1 / s4:2→1 / s5:8→1}"
7	2	"su(3)+g2+su(2)"	"4 su(3)+2(g2+su(2))"	12	153	1	4	0	0	0	0	0	0	"{s1:7→1 / s2:3→1, 7→1 / s3:1→1 / s4:1→1, 7→1 / s5:1→1, 7→1, s1:7→1 / s2:3→1, 7→1 / s3:1→1 / s4:1→1, 7→1 / s5:1→1, 7→1, s1:7→1 / s2:3→1, 7→1 / s3:1→1 / s4:1→1, 7→1 / s5:3→1, 7→1, s1:7→1 / s2:3→1, 7→1 / s3:1→1 / s4:1→1, 7→1 / s5:3→1, 7→1, s1:7→1 / s2:3→1, 7→1 / s3:1→1 / s4:1→1, 7→1 / s5:3→1, 7→1}"	"{s5:8→1, s5:9→1, s5:10→1, s5:11→1, s5:8→1}"
7	2	"su(3)+g2+su(2)"	"e6+2(g2+su(2))+so(7)+2 su(2)"	14	96	3	1	0	0	1	0	0	0	"{s1:7→1 / s2:1→1 / s3:3→1, s1:7→1 / s2:1→1 / s3:3→1, 7→1 / s4:3→1, 7→1, s1:7→1 / s2:1→1 / s3:3→1, 7→1 / s5:1→1, 3→1, 7→1, s1:7→1 / s2:1→1 / s3:3→1, 7→1 / s5:1→1, 7→1, s1:7→1 / s2:1→1 / s3:3→1 / s4:3→1, s1:7→1 / s2:1→1 / s3:3→1 / s5:1→1, s1:7→1 / s2:1→1 / s3:3→1 / s5:1→1, 3→1, s1:7→1 / s2:1→1 / s3:3→1 / s5:1→1, 3→1, 7→1, s1:7→1 / s2:1→1 / s3:3→1 / s5:1→2, 3→1, s1:7→1 / s2:1→1 / s3:3→1 / s5:1→2, 3→1, 7→1, s1:7→1 / s2:1→1 / s3:3→2, s1:7→1 / s2:1→1 / s3:3→2, 7→1, s1:7→1 / s2:1→1 / s5:1→1, s1:7→1 / s2:1→1 / s5:1→1, 3→1, s1:7→1 / s2:1→1 / s5:1→1, 3→1, 7→1, s1:7→1 / s2:1→1 / s5:1→1, 3→2, s1:7→1 / s2:1→1 / s5:1→1, 3→2, 7→1, s1:7→1 / s2:1→1 / s5:1→2, 3→1, s1:7→1 / s2:1→1 / s5:1→2, 3→1, 7→1, s1:7→1 / s2:1→1 / s5:1→2, 3→2, s1:7→1 / s2:1→1 / s5:1→2, 7→1}"	"{s3:9→1 / s4:2→1 / s5:2→1, s3:9→1 / s4:9→1 / s5:2→1, s3:9→1 / s4:2→1 / s5:9→1, s3:9→1 / s4:2→1 / s5:9→1, s3:9→1 / s4:9→1 / s5:2→1, s3:9→1 / s4:2→1 / s5:2→1, s3:9→1 / s4:2→1 / s5:9→1, s3:9→1 / s4:2→1 / s5:9→1, s3:9→1 / s4:2→1 / s5:9→1, s3:9→1 / s4:2→1 / s5:9→1, s3:9→1 / s4:2→1 / s5:2→1, s3:9→1 / s4:2→1 / s5:2→1, s3:2→1 / s4:2→1 / s5:9→1, s3:2→1 / s4:2→1 / s5:9→1, s3:2→1 / s4:2→1 / s5:9→1, s3:2→1 / s4:2→1 / s5:9→1, s3:2→1 / s4:2→1 / s5:9→1, s3:2→1 / s4:2→1 / s5:9→1, s3:2→1 / s4:2→1 / s5:9→1, s3:2→1 / s4:2→1 / s5:9→1, s3:2→1 / s4:2→1 / s5:9→1}"
7	2	"su(3)+g2+su(2)"	"e6+2(g2+su(2))+so(7)+2 su(2)"	15	96	3	1	0	0	1	0	0	0	"s1:7→1 / s2:1→1 / s3:3→1, 7→1 / s5:7→1"	"s3:9→1 / s4:2→1 / s5:2→1"
7	2	"su(3)+g2+su(2)"	"e6+2(g2+su(2))+so(7)+2 su(2)"	16	96	3	1	0	0	1	0	0	0	"s1:7→1 / s2:1→1 / s4:7→1 / s5:1→1, 7→1"	"s3:2→1 / s4:2→1 / s5:9→1"
7	2	"su(3)+g2+su(2)"	"e6+2 su(3)+g2+su(2)+so(7)+2 su(2)"	14	89	2	2	0	0	1	0	0	0	"{s1:1→1 / s2:7→1 / s3:7→1 / s4:3→1, 7→1 / s5:3→1, 7→1, s1:7→1 / s2:1→1 / s3:1→1, s1:7→1 / s2:1→1 / s3:1→1 / s4:3→1 / s5:3→1, s1:7→1 / s2:1→1 / s3:1→1 / s4:3→1 / s5:3→2, s1:7→1 / s2:1→1 / s3:1→1 / s4:3→1 / s5:3→3, s1:7→1 / s2:1→1 / s3:1→1 / s4:3→1 / s5:3→4, s1:7→1 / s2:1→1 / s3:1→1 / s4:3→1 / s5:3→5, s1:7→1 / s2:1→1 / s3:1→1 / s4:3→2 / s5:3→2, s1:7→1 / s2:1→1 / s3:1→1 / s5:3→1, s1:7→1 / s2:1→1 / s3:1→1 / s5:3→2}"	"{s4:10→1 / s5:10→1, s4:2→1 / s5:2→1, s4:10→1 / s5:10→1, s4:10→1 / s5:10→1, s4:10→1 / s5:10→1, s4:10→1 / s5:10→1, s4:10→1 / s5:10→1, s4:10→1 / s5:10→1, s4:2→1 / s5:2→1, s4:2→1 / s5:2→1}"
7	2	"su(3)+g2+su(2)"	"e6+2 su(3)+g2+su(2)+so(7)+2 su(2)"	17	89	2	2	0	0	1	0	0	0	"{s1:1→1 / s2:7→1 / s3:7→1 / s4:7→1 / s5:7→1, s1:1→1 / s2:7→1 / s3:7→1 / s4:7→1 / s5:7→2}"	"{s4:10→1 / s5:10→1, s4:10→1 / s5:10→1}"
7	2	"su(3)+g2+su(2)"	"e6+3 su(3)+2(g2+su(2))"	14	83	1	3	0	0	1	0	0	0	"{s1:7→1 / s2:3→1 / s3:1→1 / s4:1→1, s1:7→1 / s2:3→1 / s3:1→1 / s4:1→1 / s5:1→1, 3→1, s1:7→1 / s2:3→1 / s3:1→1 / s4:1→1 / s5:1→2, 7→1, s1:7→1 / s2:3→1 / s3:1→1 / s4:1→1 / s5:3→1}"	"{s5:2→1, s5:11→1, s5:9→1, s5:11→1}"
7	2	"su(3)+g2+su(2)"	"e6+3 su(3)+2(g2+su(2))"	15	83	1	3	0	0	1	0	0	0	"s1:7→1 / s2:3→1 / s3:1→1 / s4:1→1 / s5:1→1"	"s5:9→1"
7	2	"su(3)+g2+su(2)"	"e6+3 su(3)+2(g2+su(2))"	17	83	1	3	0	0	1	0	0	0	"s1:1→1 / s2:7→1 / s3:7→1 / s4:7→1 / s5:7→1"	"s5:11→1"
7	2	"su(3)+g2+su(2)"	"e6+3 su(3)+2(g2+su(2))"	24	83	1	3	0	0	1	0	0	0	"s1:7→1 / s2:3→1 / s3:1→1 / s4:1→1 / s5:1→1, 7→1"	"s5:9→1"
7	2	"su(3)+g2+su(2)"	"e6+5 su(3)+g2+su(2)"	17	76	0	4	0	0	1	0	0	0	"{s1:1→1 / s2:7→1 / s3:7→1 / s4:7→1 / s5:7→1, s1:7→1 / s2:3→1 / s3:1→1 / s4:1→1 / s5:1→1}"	""
7	2	"su(3)+g2+su(2)"	"e6+su(3)+3(g2+su(2))"	14	90	2	2	0	0	1	0	0	0	"{s1:1→1 / s2:7→1 / s3:7→1 / s4:3→1, 7→1 / s5:3→1, 7→1, s1:7→1 / s2:1→1 / s3:1→1 / s4:3→1, s1:7→1 / s2:1→1 / s3:1→1 / s4:3→1 / s5:3→1, s1:7→1 / s2:1→1 / s3:1→1 / s4:3→1 / s5:3→1, s1:7→1 / s2:1→1 / s3:1→1 / s4:3→1 / s5:3→2, s1:7→1 / s2:1→1 / s3:1→1 / s4:3→1 / s5:3→3, s1:7→1 / s2:1→1 / s3:1→1 / s4:3→1 / s5:3→4, s1:7→1 / s2:1→1 / s3:1→1 / s4:3→1 / s5:3→5, s1:7→1 / s2:1→1 / s3:1→1 / s4:3→2, s1:7→1 / s2:1→1 / s3:1→1 / s4:3→2 / s5:3→2, s1:7→1 / s2:1→1 / s3:1→1 / s4:3→3, s1:7→1 / s2:1→1 / s3:1→1 / s4:3→4}"	"{s4:10→1 / s5:9→1, s4:10→1 / s5:2→1, s4:10→1 / s5:2→1, s4:10→1 / s5:9→1, s4:10→1 / s5:9→1, s4:10→1 / s5:9→1, s4:10→1 / s5:9→1, s4:10→1 / s5:9→1, s4:10→1 / s5:2→1, s4:10→1 / s5:9→1, s4:10→1 / s5:2→1, s4:10→1 / s5:2→1}"
7	2	"su(3)+g2+su(2)"	"e6+su(3)+3(g2+su(2))"	16	90	2	2	0	0	1	0	0	0	"s1:1→1 / s2:7→1 / s3:7→1 / s4:7→1 / s5:7→1"	"s4:10→1 / s5:9→1"
7	2	"su(3)+g2+su(2)"	"e7'+2(g2+su(2))+so(7)+2 su(2)"	14	69	3	1	0	0	0	1	0	0	"{s1:7→1 / s2:1→1 / s3:3→1 / s5:1→1, 3→1, 7→1, s1:7→1 / s2:1→1 / s3:3→2, 7→1, s1:7→1 / s2:1→1 / s5:1→2, 7→1}"	"{s3:9→1 / s4:2→1 / s5:9→1, s3:9→1 / s4:2→1 / s5:2→1, s3:2→1 / s4:2→1 / s5:9→1}"
7	2	"su(3)+g2+su(2)"	"e7'+2(g2+su(2))+so(7)+2 su(2)"	15	69	3	1	0	0	0	1	0	0	"{s1:7→1 / s2:1→1 / s3:3→1, s1:7→1 / s2:1→1 / s3:3→1 / s4:3→1, s1:7→1 / s2:1→1 / s3:3→1 / s5:1→1, s1:7→1 / s2:1→1 / s3:3→1 / s5:1→1, 3→1, s1:7→1 / s2:1→1 / s3:3→1 / s5:1→2, 3→1, s1:7→1 / s2:1→1 / s3:3→2, s1:7→1 / s2:1→1 / s5:1→1, s1:7→1 / s2:1→1 / s5:1→1, 3→1, s1:7→1 / s2:1→1 / s5:1→1, 3→2, s1:7→1 / s2:1→1 / s5:1→2, 3→1}"	"{s3:9→1 / s4:2→1 / s5:2→1, s3:9→1 / s4:9→1 / s5:2→1, s3:9→1 / s4:2→1 / s5:2→1, s3:9→1 / s4:2→1 / s5:9→1, s3:9→1 / s4:2→1 / s5:9→1, s3:9→1 / s4:2→1 / s5:2→1, s3:2→1 / s4:2→1 / s5:9→1, s3:2→1 / s4:2→1 / s5:9→1, s3:2→1 / s4:2→1 / s5:9→1, s3:2→1 / s4:2→1 / s5:9→1}"
7	2	"su(3)+g2+su(2)"	"e7'+2(g2+su(2))+so(7)+2 su(2)"	22	69	3	1	0	0	0	1	0	0	"s1:7→1 / s2:1→1 / s5:1→2"	"s3:2→1 / s4:2→1 / s5:9→1"
7	2	"su(3)+g2+su(2)"	"e7+2(g2+su(2))+so(7)+2 su(2)"	15	41	3	1	0	0	0	0	1	0	"{s1:7→1 / s2:1→1 / s3:3→1, s1:7→1 / s2:1→1 / s3:3→1 / s4:3→1, s1:7→1 / s2:1→1 / s3:3→1 / s5:1→1, s1:7→1 / s2:1→1 / s3:3→1 / s5:1→1, 3→1, s1:7→1 / s2:1→1 / s3:3→1 / s5:1→1, 3→1, 7→1, s1:7→1 / s2:1→1 / s3:3→1 / s5:1→2, 3→1, s1:7→1 / s2:1→1 / s3:3→2, s1:7→1 / s2:1→1 / s3:3→2, 7→1, s1:7→1 / s2:1→1 / s5:1→1, 3→1, s1:7→1 / s2:1→1 / s5:1→1, 3→2, s1:7→1 / s2:1→1 / s5:1→2, 3→1, s1:7→1 / s2:1→1 / s5:1→2, 7→1}"	"{s3:9→1 / s4:2→1 / s5:2→1, s3:9→1 / s4:9→1 / s5:2→1, s3:9→1 / s4:2→1 / s5:2→1, s3:9→1 / s4:2→1 / s5:9→1, s3:9→1 / s4:2→1 / s5:9→1, s3:9→1 / s4:2→1 / s5:9→1, s3:9→1 / s4:2→1 / s5:2→1, s3:9→1 / s4:2→1 / s5:2→1, s3:2→1 / s4:2→1 / s5:9→1, s3:2→1 / s4:2→1 / s5:9→1, s3:2→1 / s4:2→1 / s5:9→1, s3:2→1 / s4:2→1 / s5:9→1}"
7	2	"su(3)+g2+su(2)"	"e7+2(g2+su(2))+so(7)+2 su(2)"	16	41	3	1	0	0	0	0	1	0	"{s1:7→1 / s2:1→1 / s5:1→1, s1:7→1 / s2:1→1 / s5:1→1, 7→1}"	"{s3:2→1 / s4:2→1 / s5:9→1, s3:2→1 / s4:2→1 / s5:9→1}"
7	2	"su(3)+g2+su(2)"	"e7+2(g2+su(2))+so(7)+2 su(2)"	17	41	3	1	0	0	0	0	1	0	"{s1:7→1 / s2:1→1 / s3:3→1, 7→1, s1:7→1 / s2:1→1 / s5:1→2}"	"{s3:9→1 / s4:2→1 / s5:2→1, s3:2→1 / s4:2→1 / s5:9→1}"
7	2	"su(3)+g2+su(2)"	"e7+2(g2+su(2))+so(7)+2 su(2)"	18	41	3	1	0	0	0	0	1	0	"s1:7→1 / s2:1→1 / s3:3→1 / s5:1→1"	"s3:9→1 / s4:2→1 / s5:9→1"
7	2	"su(3)+g2+su(2)"	"e7'+2 su(3)+g2+su(2)+so(7)+2 su(2)"	15	62	2	2	0	0	0	1	0	0	"{s1:7→1 / s2:1→1 / s3:1→1, s1:7→1 / s2:1→1 / s3:1→1 / s4:3→1 / s5:3→1, s1:7→1 / s2:1→1 / s3:1→1 / s4:3→1 / s5:3→2, s1:7→1 / s2:1→1 / s3:1→1 / s4:3→1 / s5:3→3, s1:7→1 / s2:1→1 / s3:1→1 / s4:3→1 / s5:3→4, s1:7→1 / s2:1→1 / s3:1→1 / s4:3→1 / s5:3→5, s1:7→1 / s2:1→1 / s3:1→1 / s4:3→2 / s5:3→2}"	"{s4:2→1 / s5:2→1, s4:10→1 / s5:10→1, s4:10→1 / s5:10→1, s4:10→1 / s5:10→1, s4:10→1 / s5:10→1, s4:10→1 / s5:10→1, s4:10→1 / s5:10→1}"
7	2	"su(3)+g2+su(2)"	"e7+2 su(3)+g2+su(2)+so(7)+2 su(2)"	16	34	2	2	0	0	0	0	1	0	"{s1:7→1 / s2:1→1 / s3:1→1, s1:7→1 / s2:1→1 / s3:1→1 / s4:3→1 / s5:3→1, s1:7→1 / s2:1→1 / s3:1→1 / s4:3→1 / s5:3→2, s1:7→1 / s2:1→1 / s3:1→1 / s4:3→1 / s5:3→3, s1:7→1 / s2:1→1 / s3:1→1 / s4:3→1 / s5:3→4, s1:7→1 / s2:1→1 / s3:1→1 / s4:3→1 / s5:3→5, s1:7→1 / s2:1→1 / s3:1→1 / s4:3→2 / s5:3→2}"	"{s4:2→1 / s5:2→1, s4:10→1 / s5:10→1, s4:10→1 / s5:10→1, s4:10→1 / s5:10→1, s4:10→1 / s5:10→1, s4:10→1 / s5:10→1, s4:10→1 / s5:10→1}"
7	2	"su(3)+g2+su(2)"	"e7'+3 su(3)+2(g2+su(2))"	15	56	1	3	0	0	0	1	0	0	"{s1:7→1 / s2:3→1 / s3:1→1 / s4:1→1 / s5:1→1, s1:7→1 / s2:3→1 / s3:1→1 / s4:1→1 / s5:3→1}"	"{s5:9→1, s5:11→1}"
7	2	"su(3)+g2+su(2)"	"e7+3 su(3)+2(g2+su(2))"	16	28	1	3	0	0	0	0	1	0	"{s1:7→1 / s2:3→1 / s3:1→1 / s4:1→1 / s5:1→1, s1:7→1 / s2:3→1 / s3:1→1 / s4:1→1 / s5:3→1}"	"{s5:9→1, s5:11→1}"
7	2	"su(3)+g2+su(2)"	"e7'+su(3)+3(g2+su(2))"	15	63	2	2	0	0	0	1	0	0	"{s1:7→1 / s2:1→1 / s3:1→1 / s4:3→1, s1:7→1 / s2:1→1 / s3:1→1 / s4:3→1 / s5:3→1, s1:7→1 / s2:1→1 / s3:1→1 / s4:3→1 / s5:3→1, s1:7→1 / s2:1→1 / s3:1→1 / s4:3→1 / s5:3→2, s1:7→1 / s2:1→1 / s3:1→1 / s4:3→1 / s5:3→3, s1:7→1 / s2:1→1 / s3:1→1 / s4:3→1 / s5:3→4, s1:7→1 / s2:1→1 / s3:1→1 / s4:3→1 / s5:3→5, s1:7→1 / s2:1→1 / s3:1→1 / s4:3→2, s1:7→1 / s2:1→1 / s3:1→1 / s4:3→2 / s5:3→2, s1:7→1 / s2:1→1 / s3:1→1 / s4:3→3, s1:7→1 / s2:1→1 / s3:1→1 / s4:3→4}"	"{s4:10→1 / s5:2→1, s4:10→1 / s5:2→1, s4:10→1 / s5:9→1, s4:10→1 / s5:9→1, s4:10→1 / s5:9→1, s4:10→1 / s5:9→1, s4:10→1 / s5:9→1, s4:10→1 / s5:2→1, s4:10→1 / s5:9→1, s4:10→1 / s5:2→1, s4:10→1 / s5:2→1}"
7	2	"su(3)+g2+su(2)"	"e7+su(3)+3(g2+su(2))"	16	35	2	2	0	0	0	0	1	0	"{s1:7→1 / s2:1→1 / s3:1→1 / s4:3→1, s1:7→1 / s2:1→1 / s3:1→1 / s4:3→1 / s5:3→1, s1:7→1 / s2:1→1 / s3:1→1 / s4:3→1 / s5:3→1, s1:7→1 / s2:1→1 / s3:1→1 / s4:3→1 / s5:3→2, s1:7→1 / s2:1→1 / s3:1→1 / s4:3→1 / s5:3→3, s1:7→1 / s2:1→1 / s3:1→1 / s4:3→1 / s5:3→4, s1:7→1 / s2:1→1 / s3:1→1 / s4:3→1 / s5:3→5, s1:7→1 / s2:1→1 / s3:1→1 / s4:3→2, s1:7→1 / s2:1→1 / s3:1→1 / s4:3→2 / s5:3→2, s1:7→1 / s2:1→1 / s3:1→1 / s4:3→3, s1:7→1 / s2:1→1 / s3:1→1 / s4:3→4}"	"{s4:10→1 / s5:2→1, s4:10→1 / s5:2→1, s4:10→1 / s5:9→1, s4:10→1 / s5:9→1, s4:10→1 / s5:9→1, s4:10→1 / s5:9→1, s4:10→1 / s5:9→1, s4:10→1 / s5:2→1, s4:10→1 / s5:9→1, s4:10→1 / s5:2→1, s4:10→1 / s5:2→1}"
7	2	"su(3)+g2+su(2)"	"e8+2(g2+su(2))+so(7)+2 su(2)"	19	-74	3	1	0	0	0	0	0	1	"{s1:7→1 / s2:1→1 / s3:3→1, s1:7→1 / s2:1→1 / s3:3→1 / s4:3→1, s1:7→1 / s2:1→1 / s3:3→1 / s5:1→1, s1:7→1 / s2:1→1 / s3:3→1 / s5:1→1, 3→1, s1:7→1 / s2:1→1 / s3:3→2, s1:7→1 / s2:1→1 / s5:1→1, s1:7→1 / s2:1→1 / s5:1→2}"	"{s3:9→1 / s4:2→1 / s5:2→1, s3:9→1 / s4:9→1 / s5:2→1, s3:9→1 / s4:2→1 / s5:9→1, s3:9→1 / s4:2→1 / s5:9→1, s3:9→1 / s4:2→1 / s5:2→1, s3:2→1 / s4:2→1 / s5:9→1, s3:2→1 / s4:2→1 / s5:9→1}"
7	2	"su(3)+g2+su(2)"	"e8+2 su(3)+g2+su(2)+so(7)+2 su(2)"	19	-81	2	2	0	0	0	0	0	1	"{s1:7→1 / s2:1→1 / s3:1→1, s1:7→1 / s2:1→1 / s3:1→1 / s4:3→1 / s5:3→1, s1:7→1 / s2:1→1 / s3:1→1 / s4:3→1 / s5:3→2, s1:7→1 / s2:1→1 / s3:1→1 / s4:3→1 / s5:3→3, s1:7→1 / s2:1→1 / s3:1→1 / s4:3→1 / s5:3→4, s1:7→1 / s2:1→1 / s3:1→1 / s4:3→1 / s5:3→5, s1:7→1 / s2:1→1 / s3:1→1 / s4:3→2 / s5:3→2}"	"{s4:2→1 / s5:2→1, s4:10→1 / s5:10→1, s4:10→1 / s5:10→1, s4:10→1 / s5:10→1, s4:10→1 / s5:10→1, s4:10→1 / s5:10→1, s4:10→1 / s5:10→1}"
7	2	"su(3)+g2+su(2)"	"e8+su(3)+3(g2+su(2))"	19	-80	2	2	0	0	0	0	0	1	"{s1:7→1 / s2:1→1 / s3:1→1 / s4:3→1, s1:7→1 / s2:1→1 / s3:1→1 / s4:3→1 / s5:3→1, s1:7→1 / s2:1→1 / s3:1→1 / s4:3→1 / s5:3→2, s1:7→1 / s2:1→1 / s3:1→1 / s4:3→1 / s5:3→3, s1:7→1 / s2:1→1 / s3:1→1 / s4:3→1 / s5:3→4, s1:7→1 / s2:1→1 / s3:1→1 / s4:3→1 / s5:3→5, s1:7→1 / s2:1→1 / s3:1→1 / s4:3→2, s1:7→1 / s2:1→1 / s3:1→1 / s4:3→2 / s5:3→2}"	"{s4:10→1 / s5:2→1, s4:10→1 / s5:9→1, s4:10→1 / s5:9→1, s4:10→1 / s5:9→1, s4:10→1 / s5:9→1, s4:10→1 / s5:9→1, s4:10→1 / s5:2→1, s4:10→1 / s5:9→1}"
7	2	"su(3)+g2+su(2)"	"f5+2(g2+su(2))+so(7)+2 su(2)"	13	122	3	1	0	1	0	0	0	0	"{s1:1→1 / s2:7→1 / s3:3→1, 7→1 / s4:3→1, 7→1 / s5:7→1, s1:1→1 / s2:7→1 / s3:3→1, 7→1 / s4:3→1, 7→2 / s5:7→1, s1:7→1 / s2:1→1 / s3:3→1, s1:7→1 / s2:1→1 / s3:3→1, 7→1 / s4:3→1, 7→1, s1:7→1 / s2:1→1 / s3:3→1, 7→1 / s5:1→1, 3→1, 7→1, s1:7→1 / s2:1→1 / s3:3→1, 7→1 / s5:1→1, 3→1, 7→2, s1:7→1 / s2:1→1 / s3:3→1, 7→1 / s5:1→1, 7→1, s1:7→1 / s2:1→1 / s3:3→1 / s4:3→1, s1:7→1 / s2:1→1 / s3:3→1 / s5:1→1, 3→1, s1:7→1 / s2:1→1 / s3:3→1 / s5:1→2, 3→1, 7→1, s1:7→1 / s2:1→1 / s3:3→2, s1:7→1 / s2:1→1 / s3:3→2, 7→1, s1:7→1 / s2:1→1 / s5:1→1, 3→1, 7→1, s1:7→1 / s2:1→1 / s5:1→1, 3→2, s1:7→1 / s2:1→1 / s5:1→1, 3→2, 7→1, s1:7→1 / s2:1→1 / s5:1→2, 3→1, 7→1, s1:7→1 / s2:1→1 / s5:1→2, 3→2, 7→1, s1:7→1 / s2:1→1 / s5:1→2, 7→1}"	"{s3:9→1 / s4:9→1 / s5:2→1, s3:9→1 / s4:9→1 / s5:2→1, s3:9→1 / s4:2→1 / s5:2→1, s3:9→1 / s4:9→1 / s5:2→1, s3:9→1 / s4:2→1 / s5:9→1, s3:9→1 / s4:2→1 / s5:9→1, s3:9→1 / s4:2→1 / s5:9→1, s3:9→1 / s4:9→1 / s5:2→1, s3:9→1 / s4:2→1 / s5:9→1, s3:9→1 / s4:2→1 / s5:9→1, s3:9→1 / s4:2→1 / s5:2→1, s3:9→1 / s4:2→1 / s5:2→1, s3:2→1 / s4:2→1 / s5:9→1, s3:2→1 / s4:2→1 / s5:9→1, s3:2→1 / s4:2→1 / s5:9→1, s3:2→1 / s4:2→1 / s5:9→1, s3:2→1 / s4:2→1 / s5:9→1, s3:2→1 / s4:2→1 / s5:9→1}"
7	2	"su(3)+g2+su(2)"	"f5+2(g2+su(2))+so(7)+2 su(2)"	14	122	3	1	0	1	0	0	0	0	"{s1:7→1 / s2:1→1 / s3:3→1 / s5:1→2, 3→1, s1:7→1 / s2:1→1 / s5:1→1, 3→1, s1:7→1 / s2:1→1 / s5:1→2, 3→1, s1:7→1 / s2:1→1 / s5:1→2, 3→2}"	"{s3:9→1 / s4:2→1 / s5:9→1, s3:2→1 / s4:2→1 / s5:9→1, s3:2→1 / s4:2→1 / s5:9→1, s3:2→1 / s4:2→1 / s5:9→1}"
7	2	"su(3)+g2+su(2)"	"f5+2(g2+su(2))+so(7)+2 su(2)"	15	122	3	1	0	1	0	0	0	0	"s1:7→1 / s2:1→1 / s3:3→1 / s5:1→1"	"s3:9→1 / s4:2→1 / s5:2→1"
7	2	"su(3)+g2+su(2)"	"f5+2(g2+su(2))+so(7)+2 su(2)"	16	122	3	1	0	1	0	0	0	0	"{s1:7→1 / s2:1→1 / s3:3→1 / s5:1→1, 3→1, 7→1, s1:7→1 / s2:1→1 / s5:1→1}"	"{s3:9→1 / s4:2→1 / s5:9→1, s3:2→1 / s4:2→1 / s5:9→1}"
7	2	"su(3)+g2+su(2)"	"f5+2(g2+su(2))+so(7)+2 su(2)"	22	122	3	1	0	1	0	0	0	0	"s1:1→1 / s2:7→1 / s3:3→1 / s4:3→1"	"s3:9→1 / s4:9→1 / s5:2→1"
7	2	"su(3)+g2+su(2)"	"f5+2(g2+su(2))+so(7)+2 su(2)"	68	122	3	1	0	1	0	0	0	0	"s1:7→1 / s2:1→1 / s3:3→2, 7→2 / s5:7→1"	"s3:9→1 / s4:2→1 / s5:2→1"
7	2	"su(3)+g2+su(2)"	"f5+2 su(3)+g2+su(2)+so(7)+2 su(2)"	14	115	2	2	0	1	0	0	0	0	"{s1:7→1 / s2:1→1 / s3:1→1, s1:7→1 / s2:1→1 / s3:1→1 / s4:3→1 / s5:3→1, s1:7→1 / s2:1→1 / s3:1→1 / s4:3→1 / s5:3→2, s1:7→1 / s2:1→1 / s3:1→1 / s4:3→1 / s5:3→3, s1:7→1 / s2:1→1 / s3:1→1 / s4:3→1 / s5:3→4, s1:7→1 / s2:1→1 / s3:1→1 / s4:3→1 / s5:3→5, s1:7→1 / s2:1→1 / s3:1→1 / s4:3→2 / s5:3→2, s1:7→1 / s2:1→1 / s3:1→1 / s5:3→1, s1:7→1 / s2:1→1 / s3:1→1 / s5:3→2}"	"{s4:2→1 / s5:2→1, s4:10→1 / s5:10→1, s4:10→1 / s5:10→1, s4:10→1 / s5:10→1, s4:10→1 / s5:10→1, s4:10→1 / s5:10→1, s4:10→1 / s5:10→1, s4:2→1 / s5:2→1, s4:2→1 / s5:2→1}"
7	2	"su(3)+g2+su(2)"	"f5+2 su(3)+g2+su(2)+so(7)+2 su(2)"	15	115	2	2	0	1	0	0	0	0	"s1:1→1 / s2:7→1 / s3:7→1 / s4:3→1, 7→1 / s5:3→1, 7→1"	"s4:10→1 / s5:10→1"
7	2	"su(3)+g2+su(2)"	"f5+2 su(3)+g2+su(2)+so(7)+2 su(2)"	26	115	2	2	0	1	0	0	0	0	"s1:1→1 / s2:7→1 / s3:7→1 / s4:7→1 / s5:7→1"	"s4:10→1 / s5:10→1"
7	2	"su(3)+g2+su(2)"	"f5+2 su(3)+g2+su(2)+so(7)+2 su(2)"	35	115	2	2	0	1	0	0	0	0	"s1:1→1 / s2:7→1 / s3:7→1 / s4:7→1 / s5:7→2"	"s4:10→1 / s5:10→1"
7	2	"su(3)+g2+su(2)"	"f5+3 su(3)+2(g2+su(2))"	14	109	1	3	0	1	0	0	0	0	"{s1:7→1 / s2:3→1 / s3:1→1 / s4:1→1, s1:7→1 / s2:3→1 / s3:1→1 / s4:1→1 / s5:1→1, 3→1, s1:7→1 / s2:3→1 / s3:1→1 / s4:1→1 / s5:1→1, 3→1, 7→1, s1:7→1 / s2:3→1 / s3:1→1 / s4:1→1 / s5:1→2, 7→1, s1:7→1 / s2:3→1 / s3:1→1 / s4:1→1 / s5:3→1}"	"{s5:2→1, s5:11→1, s5:11→1, s5:9→1, s5:11→1}"
7	2	"su(3)+g2+su(2)"	"f5+3 su(3)+2(g2+su(2))"	16	109	1	3	0	1	0	0	0	0	"{s1:1→1 / s2:7→1 / s3:7→1 / s4:7→1 / s5:7→3, s1:7→1 / s2:3→1 / s3:1→1 / s4:1→1 / s5:1→1}"	"{s5:2→1, s5:9→1}"
7	2	"su(3)+g2+su(2)"	"f5+3 su(3)+2(g2+su(2))"	17	109	1	3	0	1	0	0	0	0	"{s1:1→1 / s2:7→1 / s3:7→1 / s4:7→1 / s5:7→2, s1:1→1 / s2:7→1 / s3:7→1 / s4:7→1 / s5:7→4}"	"{s5:2→1, s5:2→1}"
7	2	"su(3)+g2+su(2)"	"f5+3 su(3)+2(g2+su(2))"	22	109	1	3	0	1	0	0	0	0	"s1:1→1 / s2:7→1 / s3:7→1 / s4:7→1 / s5:7→1"	"s5:11→1"
7	2	"su(3)+g2+su(2)"	"f5+5 su(3)+g2+su(2)"	19	102	0	4	0	1	0	0	0	0	"s1:1→1 / s2:7→1 / s3:7→1 / s4:7→1 / s5:7→1"	""
7	2	"su(3)+g2+su(2)"	"f5+su(3)+3(g2+su(2))"	14	116	2	2	0	1	0	0	0	0	"{s1:1→1 / s2:7→1 / s3:7→1 / s4:3→1, 7→2 / s5:7→1, s1:1→1 / s2:7→1 / s3:7→1 / s4:3→2, 7→3 / s5:7→1, s1:7→1 / s2:1→1 / s3:1→1 / s4:3→1, s1:7→1 / s2:1→1 / s3:1→1 / s4:3→1 / s5:3→1, s1:7→1 / s2:1→1 / s3:1→1 / s4:3→1 / s5:3→1, s1:7→1 / s2:1→1 / s3:1→1 / s4:3→1 / s5:3→2, s1:7→1 / s2:1→1 / s3:1→1 / s4:3→1 / s5:3→3, s1:7→1 / s2:1→1 / s3:1→1 / s4:3→1 / s5:3→4, s1:7→1 / s2:1→1 / s3:1→1 / s4:3→1 / s5:3→5, s1:7→1 / s2:1→1 / s3:1→1 / s4:3→2, s1:7→1 / s2:1→1 / s3:1→1 / s4:3→2 / s5:3→2, s1:7→1 / s2:1→1 / s3:1→1 / s4:3→3, s1:7→1 / s2:1→1 / s3:1→1 / s4:3→4}"	"{s4:10→1 / s5:2→1, s4:10→1 / s5:2→1, s4:10→1 / s5:2→1, s4:10→1 / s5:2→1, s4:10→1 / s5:9→1, s4:10→1 / s5:9→1, s4:10→1 / s5:9→1, s4:10→1 / s5:9→1, s4:10→1 / s5:9→1, s4:10→1 / s5:2→1, s4:10→1 / s5:9→1, s4:10→1 / s5:2→1, s4:10→1 / s5:2→1}"
7	2	"su(3)+g2+su(2)"	"f5+su(3)+3(g2+su(2))"	15	116	2	2	0	1	0	0	0	0	"{s1:1→1 / s2:7→1 / s3:7→1 / s4:3→1, 7→1 / s5:3→1, 7→1, s1:1→1 / s2:7→1 / s3:7→1 / s4:3→1, 7→1 / s5:7→1, s1:1→1 / s2:7→1 / s3:7→1 / s4:3→1, 7→2 / s5:7→2}"	"{s4:10→1 / s5:9→1, s4:10→1 / s5:2→1, s4:10→1 / s5:2→1}"
7	2	"su(3)+g2+su(2)"	"f5+su(3)+3(g2+su(2))"	19	116	2	2	0	1	0	0	0	0	"{s1:1→1 / s2:7→1 / s3:7→1 / s4:3→1, 7→3 / s5:7→1, s1:1→1 / s2:7→1 / s3:7→1 / s4:7→1 / s5:7→5}"	"{s4:10→1 / s5:2→1, s4:10→1 / s5:2→1}"
7	2	"su(3)+g2+su(2)"	"f5+su(3)+3(g2+su(2))"	20	116	2	2	0	1	0	0	0	0	"s1:1→1 / s2:7→1 / s3:7→1 / s4:7→1 / s5:7→4"	"s4:10→1 / s5:2→1"
7	2	"su(3)+g2+su(2)"	"f5+su(3)+3(g2+su(2))"	24	116	2	2	0	1	0	0	0	0	"s1:1→1 / s2:7→1 / s3:7→1 / s4:7→1 / s5:7→1"	"s4:10→1 / s5:9→1"
7	2	"su(3)+g2+su(2)"	"f5+su(3)+3(g2+su(2))"	31	116	2	2	0	1	0	0	0	0	"s1:1→1 / s2:7→1 / s3:7→1 / s4:7→1 / s5:7→3"	"s4:10→1 / s5:2→1"
7	2	"su(3)+g2+su(2)"	"so(8)+2(g2+su(2))+so(7)+2 su(2)"	12	146	3	1	1	0	0	0	0	0	"{s1:1→1 / s2:7→1 / s3:3→1, 7→1 / s4:3→1, 7→1 / s5:7→1, s1:1→1 / s2:7→1 / s3:3→1, 7→1 / s4:3→1, 7→2 / s5:1→1, 7→1, s1:1→1 / s2:7→1 / s3:3→1, 7→1 / s4:3→1, 7→2 / s5:7→1, s1:1→1 / s2:7→1 / s3:3→1, 7→1 / s4:3→1, 7→3 / s5:1→1, 7→1, s1:1→1 / s2:7→1 / s3:3→1, 7→1 / s4:7→1 / s5:1→1, 3→1, 7→2, s1:1→1 / s2:7→1 / s3:3→1, 7→1 / s4:7→1 / s5:1→1, 3→1, 7→3, s1:1→1 / s2:7→1 / s3:3→1, 7→1 / s4:7→1 / s5:1→1, 7→1, s1:1→1 / s2:7→1 / s3:3→1, 7→1 / s4:7→1 / s5:7→1, s1:1→1 / s2:7→1 / s3:3→1, 7→2 / s4:3→1, 7→2 / s5:7→1, s1:1→1 / s2:7→1 / s3:3→1, 7→2 / s4:3→1, 7→2 / s5:7→2, s1:1→1 / s2:7→1 / s3:3→1, 7→2 / s4:7→1 / s5:7→1, s1:1→1 / s2:7→1 / s3:3→1, 7→2 / s4:7→1 / s5:7→2, s1:1→1 / s2:7→1 / s3:3→2, 7→2 / s4:7→1 / s5:7→1, s1:1→1 / s2:7→1 / s3:3→2, 7→3 / s4:7→1 / s5:7→1, s1:7→1 / s2:1→1 / s3:3→1, 7→1 / s4:3→1, 7→1, s1:7→1 / s2:1→1 / s3:3→1, 7→1 / s4:3→1, 7→1 / s5:7→1, s1:7→1 / s2:1→1 / s3:3→1, 7→1 / s4:7→1 / s5:1→1, 3→1, 7→2, s1:7→1 / s2:1→1 / s3:3→1, 7→1 / s5:1→1, 3→1, 7→2, s1:7→1 / s2:1→1 / s3:3→1, 7→1 / s5:1→1, 7→1}"	"{s3:9→1 / s4:9→1 / s5:2→1, s3:9→1 / s4:2→1 / s5:9→1, s3:9→1 / s4:9→1 / s5:2→1, s3:9→1 / s4:2→1 / s5:9→1, s3:9→1 / s4:2→1 / s5:9→1, s3:9→1 / s4:2→1 / s5:9→1, s3:9→1 / s4:2→1 / s5:9→1, s3:9→1 / s4:2→1 / s5:2→1, s3:9→1 / s4:9→1 / s5:2→1, s3:9→1 / s4:9→1 / s5:2→1, s3:9→1 / s4:2→1 / s5:2→1, s3:9→1 / s4:2→1 / s5:2→1, s3:9→1 / s4:2→1 / s5:2→1, s3:9→1 / s4:2→1 / s5:2→1, s3:9→1 / s4:9→1 / s5:2→1, s3:9→1 / s4:9→1 / s5:2→1, s3:9→1 / s4:2→1 / s5:9→1, s3:9→1 / s4:2→1 / s5:9→1, s3:9→1 / s4:2→1 / s5:9→1}"
7	2	"su(3)+g2+su(2)"	"so(8)+2(g2+su(2))+so(7)+2 su(2)"	13	146	3	1	1	0	0	0	0	0	"{s1:1→1 / s2:7→1 / s3:3→1, 7→2 / s4:7→1 / s5:1→1, 7→2, s1:1→1 / s2:7→1 / s3:3→1, 7→2 / s4:7→2 / s5:1→1, 7→2, s1:1→1 / s2:7→1 / s3:3→1, 7→2 / s4:7→2 / s5:7→2, s1:7→1 / s2:1→1 / s3:3→1, 7→2 / s4:3→1, 7→2 / s5:7→1, s1:7→1 / s2:1→1 / s3:3→1, 7→2 / s4:7→1 / s5:1→1, 7→2, s1:7→1 / s2:1→1 / s3:3→1, 7→2 / s4:7→1 / s5:7→1, s1:7→1 / s2:1→1 / s3:3→2, 7→3 / s4:7→1 / s5:7→1, s1:7→1 / s2:1→1 / s3:7→1 / s4:7→1 / s5:1→1, 7→2, s1:7→1 / s2:1→1 / s3:7→1 / s4:7→1 / s5:1→2, 7→3, s1:7→1 / s2:1→1 / s5:1→2, 3→1, 7→1}"	"{s3:9→1 / s4:2→1 / s5:9→1, s3:9→1 / s4:2→1 / s5:9→1, s3:9→1 / s4:2→1 / s5:2→1, s3:9→1 / s4:9→1 / s5:2→1, s3:9→1 / s4:2→1 / s5:9→1, s3:9→1 / s4:2→1 / s5:2→1, s3:9→1 / s4:2→1 / s5:2→1, s3:2→1 / s4:2→1 / s5:9→1, s3:2→1 / s4:2→1 / s5:9→1, s3:2→1 / s4:2→1 / s5:9→1}"
7	2	"su(3)+g2+su(2)"	"so(8)+2(g2+su(2))+so(7)+2 su(2)"	14	146	3	1	1	0	0	0	0	0	"{s1:7→1 / s2:1→1 / s5:1→1, 3→2, 7→1, s1:7→1 / s2:1→1 / s5:1→2, 3→2, 7→1, s1:7→1 / s2:1→1 / s5:1→2, 7→1}"	"{s3:2→1 / s4:2→1 / s5:9→1, s3:2→1 / s4:2→1 / s5:9→1, s3:2→1 / s4:2→1 / s5:9→1}"
7	2	"su(3)+g2+su(2)"	"so(8)+2(g2+su(2))+so(7)+2 su(2)"	15	146	3	1	1	0	0	0	0	0	"{s1:7→1 / s2:1→1 / s3:3→1, s1:7→1 / s2:1→1 / s3:3→1 / s4:3→1, s1:7→1 / s2:1→1 / s3:3→2, s1:7→1 / s2:1→1 / s3:7→1 / s4:3→1, 7→2 / s5:7→1, s1:7→1 / s2:1→1 / s3:7→1 / s4:7→1 / s5:7→1, s1:7→1 / s2:1→1 / s5:1→1, 3→1, 7→1}"	"{s3:9→1 / s4:2→1 / s5:2→1, s3:9→1 / s4:9→1 / s5:2→1, s3:9→1 / s4:2→1 / s5:2→1, s3:9→1 / s4:9→1 / s5:2→1, s3:9→1 / s4:2→1 / s5:2→1, s3:2→1 / s4:2→1 / s5:9→1}"
7	2	"su(3)+g2+su(2)"	"so(8)+2(g2+su(2))+so(7)+2 su(2)"	16	146	3	1	1	0	0	0	0	0	"{s1:7→1 / s2:1→1 / s3:7→1 / s4:7→1 / s5:1→1, 7→2, s1:7→1 / s2:1→1 / s3:7→1 / s4:7→1 / s5:1→2, 7→3, s1:7→1 / s2:1→1 / s3:7→1 / s4:7→1 / s5:3→1, 7→3, s1:7→1 / s2:1→1 / s5:1→1, 3→2}"	"{s3:9→1 / s4:2→1 / s5:9→1, s3:9→1 / s4:2→1 / s5:9→1, s3:9→1 / s4:2→1 / s5:2→1, s3:2→1 / s4:2→1 / s5:9→1}"
7	2	"su(3)+g2+su(2)"	"so(8)+2(g2+su(2))+so(7)+2 su(2)"	17	146	3	1	1	0	0	0	0	0	"{s1:7→1 / s2:1→1 / s3:7→1 / s4:7→1 / s5:1→1, 3→1, 7→3, s1:7→1 / s2:1→1 / s3:7→1 / s4:7→1 / s5:1→1, 7→3}"	"{s3:9→1 / s4:2→1 / s5:9→1, s3:9→1 / s4:2→1 / s5:2→1}"
7	2	"su(3)+g2+su(2)"	"so(8)+2(g2+su(2))+so(7)+2 su(2)"	18	146	3	1	1	0	0	0	0	0	"{s1:7→1 / s2:1→1 / s3:3→1 / s5:1→1, 3→1, s1:7→1 / s2:1→1 / s5:1→1, 3→1}"	"{s3:9→1 / s4:2→1 / s5:9→1, s3:2→1 / s4:2→1 / s5:9→1}"
7	2	"su(3)+g2+su(2)"	"so(8)+2(g2+su(2))+so(7)+2 su(2)"	19	146	3	1	1	0	0	0	0	0	"{s1:1→1 / s2:7→1 / s3:3→1, 7→3 / s4:7→1 / s5:7→2, s1:7→1 / s2:1→1 / s3:7→1 / s4:7→1 / s5:1→1, 7→2, s1:7→1 / s2:1→1 / s5:1→2, 3→2}"	"{s3:9→1 / s4:2→1 / s5:2→1, s3:9→1 / s4:2→1 / s5:2→1, s3:2→1 / s4:2→1 / s5:9→1}"
7	2	"su(3)+g2+su(2)"	"so(8)+2(g2+su(2))+so(7)+2 su(2)"	21	146	3	1	1	0	0	0	0	0	"s1:7→1 / s2:1→1 / s3:7→1 / s4:3→2, 7→3 / s5:7→1"	"s3:9→1 / s4:9→1 / s5:2→1"
7	2	"su(3)+g2+su(2)"	"so(8)+2(g2+su(2))+so(7)+2 su(2)"	23	146	3	1	1	0	0	0	0	0	"s1:1→1 / s2:7→1 / s3:3→1 / s4:3→1"	"s3:9→1 / s4:9→1 / s5:2→1"
7	2	"su(3)+g2+su(2)"	"so(8)+2(g2+su(2))+so(7)+2 su(2)"	27	146	3	1	1	0	0	0	0	0	"s1:7→1 / s2:1→1 / s3:7→1 / s4:7→1 / s5:3→1, 7→4"	"s3:9→1 / s4:9→1 / s5:2→1"
7	2	"su(3)+g2+su(2)"	"so(8)+2(g2+su(2))+so(7)+2 su(2)"	28	146	3	1	1	0	0	0	0	0	"s1:7→1 / s2:1→1 / s3:7→1 / s4:7→1 / s5:1→1, 7→4"	"s3:9→1 / s4:9→1 / s5:2→1"
7	2	"su(3)+g2+su(2)"	"so(8)+2(g2+su(2))+so(7)+2 su(2)"	39	146	3	1	1	0	0	0	0	0	"s1:7→1 / s2:1→1 / s3:7→1 / s4:3→1, 7→3 / s5:7→1"	"s3:9→1 / s4:9→1 / s5:2→1"
7	2	"su(3)+g2+su(2)"	"so(8)+2(g2+su(2))+so(7)+2 su(2)"	41	146	3	1	1	0	0	0	0	0	"s1:7→1 / s2:1→1 / s3:7→1 / s4:7→1 / s5:7→2"	"s3:9→1 / s4:9→1 / s5:2→1"
7	2	"su(3)+g2+su(2)"	"so(8)+2(g2+su(2))+so(7)+2 su(2)"	44	146	3	1	1	0	0	0	0	0	"s1:7→1 / s2:1→1 / s5:1→2, 3→1"	"s3:2→1 / s4:2→1 / s5:9→1"
7	2	"su(3)+g2+su(2)"	"so(8)+2(g2+su(2))+so(7)+2 su(2)"	45	146	3	1	1	0	0	0	0	0	"s1:7→1 / s2:1→1 / s3:7→1 / s4:7→2 / s5:7→2"	"s3:9→1 / s4:2→1 / s5:2→1"
7	2	"su(3)+g2+su(2)"	"so(8)+2 su(3)+g2+su(2)+so(7)+2 su(2)"	12	139	2	2	1	0	0	0	0	0	"{s1:1→1 / s2:7→1 / s3:1→1, 7→1 / s4:3→1, 7→1 / s5:3→1, 7→1, s1:1→1 / s2:7→1 / s3:1→1, 7→1 / s4:3→1, 7→1 / s5:3→2, 7→2, s1:7→1 / s2:1→1 / s3:1→1, 7→1 / s4:3→1, 7→1 / s5:3→1, 7→1}"	"{s4:9→1 / s5:9→1, s4:9→1 / s5:9→1, s4:9→1 / s5:9→1}"
7	2	"su(3)+g2+su(2)"	"so(8)+2 su(3)+g2+su(2)+so(7)+2 su(2)"	13	139	2	2	1	0	0	0	0	0	"s1:7→1 / s2:1→1 / s3:1→1, 7→1 / s4:7→1 / s5:7→1"	"s4:2→1 / s5:2→1"
7	2	"su(3)+g2+su(2)"	"so(8)+2 su(3)+g2+su(2)+so(7)+2 su(2)"	16	139	2	2	1	0	0	0	0	0	"{s1:1→1 / s2:7→1 / s3:7→1 / s4:7→2 / s5:7→2, s1:7→1 / s2:1→1 / s3:1→1 / s4:3→2 / s5:3→2}"	"{s4:2→1 / s5:2→1, s4:10→1 / s5:10→1}"
7	2	"su(3)+g2+su(2)"	"so(8)+2 su(3)+g2+su(2)+so(7)+2 su(2)"	17	139	2	2	1	0	0	0	0	0	"{s1:7→1 / s2:1→1 / s3:1→1 / s4:3→1 / s5:3→1, s1:7→1 / s2:1→1 / s3:1→1 / s4:3→1 / s5:3→2, s1:7→1 / s2:1→1 / s3:1→1 / s4:3→1 / s5:3→3, s1:7→1 / s2:1→1 / s3:1→1 / s4:3→1 / s5:3→4, s1:7→1 / s2:1→1 / s3:1→1 / s4:3→1 / s5:3→5, s1:7→1 / s2:1→1 / s3:1→1 / s5:3→2}"	"{s4:10→1 / s5:10→1, s4:10→1 / s5:10→1, s4:10→1 / s5:10→1, s4:10→1 / s5:10→1, s4:10→1 / s5:10→1, s4:2→1 / s5:2→1}"
7	2	"su(3)+g2+su(2)"	"so(8)+2 su(3)+g2+su(2)+so(7)+2 su(2)"	18	139	2	2	1	0	0	0	0	0	"s1:7→1 / s2:1→1 / s3:1→1 / s5:3→1"	"s4:2→1 / s5:2→1"
7	2	"su(3)+g2+su(2)"	"so(8)+2 su(3)+g2+su(2)+so(7)+2 su(2)"	19	139	2	2	1	0	0	0	0	0	"{s1:1→1 / s2:7→1 / s3:7→1 / s4:7→1 / s5:7→1, s1:7→1 / s2:1→1 / s3:1→1}"	"{s4:2→1 / s5:2→1, s4:2→1 / s5:2→1}"
7	2	"su(3)+g2+su(2)"	"so(8)+2 su(3)+g2+su(2)+so(7)+2 su(2)"	20	139	2	2	1	0	0	0	0	0	"s1:1→1 / s2:7→1 / s3:7→1 / s4:7→3 / s5:7→3"	"s4:2→1 / s5:2→1"
7	2	"su(3)+g2+su(2)"	"so(8)+2 su(3)+g2+su(2)+so(7)+2 su(2)"	31	139	2	2	1	0	0	0	0	0	"s1:1→1 / s2:7→1 / s3:7→1 / s4:7→4 / s5:7→4"	"s4:2→1 / s5:2→1"
7	2	"su(3)+g2+su(2)"	"so(8)+2 su(3)+g2+su(2)+so(7)+2 su(2)"	37	139	2	2	1	0	0	0	0	0	"s1:1→1 / s2:7→1 / s3:7→1 / s4:7→2 / s5:7→3"	"s4:2→1 / s5:2→1"
7	2	"su(3)+g2+su(2)"	"so(8)+2 su(3)+g2+su(2)+so(7)+2 su(2)"	52	139	2	2	1	0	0	0	0	0	"s1:1→1 / s2:7→1 / s3:7→1 / s4:7→3 / s5:7→4"	"s4:2→1 / s5:2→1"
7	2	"su(3)+g2+su(2)"	"so(8)+2 su(3)+g2+su(2)+so(7)+2 su(2)"	88	139	2	2	1	0	0	0	0	0	"s1:1→1 / s2:7→1 / s3:3→1 / s4:1→1 / s5:1→1"	"s4:9→1 / s5:9→1"
7	2	"su(3)+g2+su(2)"	"so(8)+3 su(3)+2(g2+su(2))"	17	133	1	3	1	0	0	0	0	0	"{s1:7→1 / s2:3→1 / s3:1→1 / s4:1→1, s1:7→1 / s2:3→1 / s3:1→1 / s4:1→1 / s5:1→2, 7→1, s1:7→1 / s2:3→1 / s3:1→1 / s4:1→1 / s5:3→1}"	"{s5:2→1, s5:9→1, s5:11→1}"
7	2	"su(3)+g2+su(2)"	"so(8)+3 su(3)+2(g2+su(2))"	22	133	1	3	1	0	0	0	0	0	"s1:7→1 / s2:3→1 / s3:1→1 / s4:1→1 / s5:1→1, 3→1, 7→1"	"s5:11→1"
7	2	"su(3)+g2+su(2)"	"so(8)+su(3)+3(g2+su(2))"	12	140	2	2	1	0	0	0	0	0	"{s1:1→1 / s2:7→1 / s3:3→1, 7→1 / s4:1→1, 7→1 / s5:1→1, 7→1, s1:7→1 / s2:1→1 / s3:1→1, 7→1 / s4:3→1, 7→1}"	"{s4:10→1 / s5:9→1, s4:9→1 / s5:2→1}"
7	2	"su(3)+g2+su(2)"	"so(8)+su(3)+3(g2+su(2))"	13	140	2	2	1	0	0	0	0	0	"s1:7→1 / s2:1→1 / s3:1→1, 7→1 / s4:3→1, 7→1 / s5:7→1"	"s4:9→1 / s5:2→1"
7	2	"su(3)+g2+su(2)"	"so(8)+su(3)+3(g2+su(2))"	16	140	2	2	1	0	0	0	0	0	"s1:7→1 / s2:1→1 / s3:1→1 / s4:3→2 / s5:3→2"	"s4:10→1 / s5:9→1"
7	2	"su(3)+g2+su(2)"	"so(8)+su(3)+3(g2+su(2))"	17	140	2	2	1	0	0	0	0	0	"{s1:1→1 / s2:7→1 / s3:7→1 / s4:7→2 / s5:1→1, 7→2, s1:7→1 / s2:1→1 / s3:1→1 / s4:3→1 / s5:3→1, s1:7→1 / s2:1→1 / s3:1→1 / s4:3→1 / s5:3→1, s1:7→1 / s2:1→1 / s3:1→1 / s4:3→1 / s5:3→2, s1:7→1 / s2:1→1 / s3:1→1 / s4:3→1 / s5:3→3, s1:7→1 / s2:1→1 / s3:1→1 / s4:3→1 / s5:3→4, s1:7→1 / s2:1→1 / s3:1→1 / s4:3→2}"	"{s4:2→1 / s5:10→1, s4:10→1 / s5:2→1, s4:10→1 / s5:9→1, s4:10→1 / s5:9→1, s4:10→1 / s5:9→1, s4:10→1 / s5:9→1, s4:10→1 / s5:2→1}"
7	2	"su(3)+g2+su(2)"	"so(8)+su(3)+3(g2+su(2))"	18	140	2	2	1	0	0	0	0	0	"{s1:1→1 / s2:7→1 / s3:7→1 / s4:7→1 / s5:1→1, 3→1, 7→3, s1:7→1 / s2:1→1 / s3:1→1 / s4:3→1, s1:7→1 / s2:1→1 / s3:1→1 / s4:3→1 / s5:3→5, s1:7→1 / s2:1→1 / s3:1→1 / s4:3→3}"	"{s4:2→1 / s5:10→1, s4:10→1 / s5:2→1, s4:10→1 / s5:9→1, s4:10→1 / s5:2→1}"
7	2	"su(3)+g2+su(2)"	"so(8)+su(3)+3(g2+su(2))"	20	140	2	2	1	0	0	0	0	0	"{s1:7→1 / s2:1→1 / s3:1→1, 7→1 / s4:7→1 / s5:7→1, s1:7→1 / s2:1→1 / s3:1→1 / s4:3→4}"	"{s4:9→1 / s5:2→1, s4:10→1 / s5:2→1}"
7	2	"su(3)+g2+su(2)"	"so(8)+su(3)+3(g2+su(2))"	21	140	2	2	1	0	0	0	0	0	"s1:1→1 / s2:7→1 / s3:7→1 / s4:3→2, 7→3 / s5:7→1"	"s4:10→1 / s5:2→1"
7	2	"su(3)+g2+su(2)"	"so(8)+su(3)+3(g2+su(2))"	25	140	2	2	1	0	0	0	0	0	"s1:1→1 / s2:7→1 / s3:7→1 / s4:3→1, 7→2 / s5:7→1"	"s4:10→1 / s5:2→1"
7	2	"su(3)+g2+su(2)"	"so(8)+su(3)+3(g2+su(2))"	35	140	2	2	1	0	0	0	0	0	"s1:1→1 / s2:7→1 / s3:7→1 / s4:7→1 / s5:1→1, 7→1"	"s4:2→1 / s5:10→1"
7	2	"su(3)+g2+su(2)"	"su(3)+2(g2+su(2))+so(7)+2 su(2)"	11	166	3	2	0	0	0	0	0	0	"{s1:3→1, 7→1 / s2:1→1 / s3:7→1 / s4:1→1, 7→1 / s5:1→1, 7→1, s1:7→1 / s2:1→1, 3→1, 7→1 / s3:1→1 / s4:1→1 / s5:1→1, 7→1, s1:7→1 / s2:1→1, 7→1 / s3:1→1 / s4:1→1 / s5:1→1, 7→1, s1:7→1 / s2:1→1 / s3:1→1, 3→1, 7→1 / s4:1→1, 3→1, 7→1 / s5:1→1, 3→1, 7→2, s1:7→1 / s2:1→1 / s3:1→1, 3→1, 7→1 / s4:1→1, 3→1, 7→1 / s5:1→1, 7→1, s1:7→1 / s2:1→1 / s3:3→1, 7→1 / s4:1→1, 3→1, 7→2 / s5:1→1, 3→1, 7→3, s1:7→1 / s2:1→1 / s3:3→1, 7→1 / s4:1→1, 3→1, 7→3 / s5:1→1, 3→1, 7→3, s1:7→1 / s2:1→1 / s3:3→1, 7→1 / s4:1→1, 7→1 / s5:1→1, 3→1, 7→3, s1:7→1 / s2:1→1 / s3:3→1, 7→2 / s4:1→1, 7→1 / s5:1→1, 3→1, 7→2, s1:7→1 / s2:1→1 / s3:7→1 / s4:1→1, 3→1, 7→2 / s5:1→2, 7→2, s1:7→1 / s2:1→1 / s3:7→1 / s4:1→1, 7→1 / s5:1→1, 3→1, 7→2, s1:7→1 / s2:1→1 / s3:7→1 / s4:1→1, 7→1 / s5:1→2, 7→3, s1:7→1 / s2:1→1 / s3:7→1 / s4:3→1, 7→2 / s5:1→1, 7→1}"	"{s3:9→1 / s4:9→1 / s5:8→1, s3:8→1 / s4:8→1 / s5:2→1, s3:8→1 / s4:8→1 / s5:2→1, s3:8→1 / s4:8→1 / s5:9→1, s3:8→1 / s4:8→1 / s5:2→1, s3:8→1 / s4:8→1 / s5:9→1, s3:8→1 / s4:9→1 / s5:9→1, s3:8→1 / s4:8→1 / s5:9→1, s3:2→1 / s4:8→1 / s5:8→1, s3:2→1 / s4:8→1 / s5:8→1, s3:2→1 / s4:8→1 / s5:8→1, s3:2→1 / s4:8→1 / s5:2→1, s3:2→1 / s4:2→1 / s5:8→1}"
7	2	"su(3)+g2+su(2)"	"su(3)+2(g2+su(2))+so(7)+2 su(2)"	12	166	3	2	0	0	0	0	0	0	"{s1:3→1, 7→2 / s2:1→1 / s3:7→1 / s4:7→1 / s5:1→1, 7→3, s1:3→1, 7→2 / s2:1→1 / s3:7→1 / s4:7→1 / s5:7→1, s1:7→1 / s2:1→1, 7→1 / s3:1→1 / s4:1→1, 3→1, 7→1 / s5:1→1, 7→1, s1:7→1 / s2:1→1, 7→1 / s3:1→1 / s4:1→1, 7→1 / s5:1→1, 7→2, s1:7→1 / s2:1→1, 7→1 / s3:3→1, 7→1 / s4:3→1, 7→1, s1:7→1 / s2:1→1, 7→1 / s3:3→1, 7→1 / s4:3→1, 7→1, s1:7→1 / s2:1→1, 7→1 / s3:3→1, 7→1 / s4:7→1 / s5:1→1, 7→1, s1:7→1 / s2:1→1, 7→1 / s3:3→1, 7→1 / s4:7→1 / s5:7→1, s1:7→1 / s2:1→1, 7→1 / s3:3→1, 7→1 / s4:7→1 / s5:7→1, s1:7→1 / s2:1→1, 7→1 / s3:3→1, 7→1 / s5:1→1, 3→1, 7→2, s1:7→1 / s2:1→1, 7→1 / s3:3→1, 7→1 / s5:1→1, 3→1, 7→2, s1:7→1 / s2:1→1, 7→1 / s3:3→1, 7→1 / s5:1→2, 3→1, 7→2, s1:7→1 / s2:1→1, 7→1 / s3:3→1, 7→1 / s5:7→1, s1:7→1 / s2:1→1, 7→1 / s3:3→1, 7→1 / s5:7→1, s1:7→1 / s2:1→1, 7→1 / s3:3→2, 7→2 / s5:7→1, s1:7→1 / s2:1→1, 7→1 / s3:3→2, 7→2 / s5:7→1, s1:7→1 / s2:1→1, 7→1 / s3:3→2, 7→3 / s5:7→1, s1:7→1 / s2:1→1, 7→1 / s3:7→1 / s4:1→1, 7→1 / s5:1→2, 7→1, s1:7→1 / s2:1→1, 7→1 / s3:7→1 / s4:1→1 / s5:1→1, 3→1, 7→2, s1:7→1 / s2:1→1, 7→1 / s3:7→1 / s4:1→1 / s5:1→1, 3→1, 7→2, s1:7→1 / s2:1→1, 7→1 / s3:7→1 / s4:1→1 / s5:1→1, 7→1, s1:7→1 / s2:1→1, 7→1 / s3:7→1 / s4:1→1 / s5:1→1, 7→2, s1:7→1 / s2:1→1, 7→1 / s3:7→1 / s4:1→1 / s5:1→2, 7→2, s1:7→1 / s2:1→1, 7→1 / s3:7→1 / s4:1→1 / s5:1→2, 7→3, s1:7→1 / s2:1→1, 7→1 / s3:7→1 / s4:7→1 / s5:1→1, 7→1, s1:7→1 / s2:1→1, 7→1 / s3:7→1 / s4:7→1 / s5:1→1, 7→1, s1:7→1 / s2:1→1, 7→1 / s4:1→1, 3→1, 7→1 / s5:1→1, 3→1, 7→1, s1:7→1 / s2:1→1, 7→1 / s4:1→1, 3→1, 7→1 / s5:1→1, 7→1, s1:7→1 / s2:1→1, 7→1 / s4:1→1, 3→1, 7→1 / s5:1→2, 3→1, 7→2, s1:7→1 / s2:1→1, 7→1 / s4:1→1, 7→1 / s5:1→2, 7→1, s1:7→1 / s2:1→1, 7→1 / s4:1→1 / s5:1→1, 3→1, 7→1, s1:7→1 / s2:1→1, 7→1 / s4:1→1 / s5:1→1, 3→1, 7→2, s1:7→1 / s2:1→1, 7→1 / s4:1→1 / s5:1→1, 3→2, 7→2, s1:7→1 / s2:1→1, 7→1 / s4:1→1 / s5:1→1, 7→1, s1:7→1 / s2:1→1, 7→1 / s4:1→1 / s5:1→2, 3→1, 7→2, s1:7→1 / s2:1→1, 7→1 / s4:1→1 / s5:1→2, 7→1, s1:7→1 / s2:1→1, 7→1 / s4:1→1 / s5:1→2, 7→2, s1:7→1 / s2:1→1, 7→1 / s4:1→1 / s5:1→3, 7→2, s1:7→1 / s2:1→1, 7→1 / s4:1→2, 7→1 / s5:1→2, 3→1, 7→2, s1:7→1 / s2:1→1, 7→1 / s4:1→2, 7→1 / s5:1→2, 7→1, s1:7→1 / s2:1→1, 7→1 / s4:7→1 / s5:1→1, 3→1, 7→2, s1:7→1 / s2:1→1, 7→1 / s4:7→1 / s5:1→1, 3→1, 7→2, s1:7→1 / s2:1→1, 7→1 / s4:7→1 / s5:1→1, 3→1, 7→3, s1:7→1 / s2:1→1, 7→1 / s4:7→1 / s5:1→1, 7→1, s1:7→1 / s2:1→1, 7→1 / s4:7→1 / s5:1→2, 3→1, 7→2, s1:7→1 / s2:1→1, 7→1 / s4:7→1 / s5:1→2, 7→2, s1:7→1 / s2:1→1, 7→1 / s4:7→1 / s5:1→3, 7→2, s1:7→1 / s2:1→1 / s3:1→1, 7→1 / s4:1→1, 3→1, 7→1 / s5:1→1, 3→1, 7→1, s1:7→1 / s2:1→1 / s3:1→1, 7→1 / s4:1→1, 3→1, 7→2 / s5:1→1, 3→1, 7→3, s1:7→1 / s2:1→1 / s3:1→1, 7→1 / s4:1→1, 3→1, 7→2 / s5:1→1, 7→2, s1:7→1 / s2:1→1 / s3:1→1, 7→1 / s4:1→1, 7→1 / s5:1→1, 3→1, 7→3, s1:7→1 / s2:1→1 / s3:1→1, 7→1 / s4:1→1, 7→1 / s5:1→1, 7→2, s1:7→1 / s2:1→1 / s3:1→1, 7→1 / s4:1→1, 7→1 / s5:1→1, 7→2, s1:7→1 / s2:1→1 / s3:3→1, 7→1 / s4:1→1, 3→1, 7→1 / s5:1→1, 3→1, 7→1, s1:7→1 / s2:1→1 / s3:3→1, 7→1 / s4:1→1, 3→1, 7→1 / s5:1→1, 3→1, 7→2, s1:7→1 / s2:1→1 / s3:3→1, 7→1 / s4:1→1, 3→1, 7→1 / s5:1→2, 3→1, 7→2, s1:7→1 / s2:1→1 / s3:3→1, 7→1 / s4:1→1, 3→1, 7→2 / s5:1→2, 3→1, 7→2, s1:7→1 / s2:1→1 / s3:3→1, 7→1 / s4:1→1, 7→1 / s5:1→1, 3→1, 7→1, s1:7→1 / s2:1→1 / s3:3→1, 7→1 / s4:1→1, 7→1 / s5:1→1, 3→1, 7→3, s1:7→1 / s2:1→1 / s3:3→1, 7→1 / s4:1→1, 7→1 / s5:1→2, 3→1, 7→2, s1:7→1 / s2:1→1 / s3:3→1, 7→1 / s4:1→2, 3→1, 7→2 / s5:1→2, 3→1, 7→2, s1:7→1 / s2:1→1 / s3:3→1, 7→1 / s4:3→1, 7→1 / s5:1→1, 3→1, 7→1, s1:7→1 / s2:1→1 / s3:3→1, 7→1 / s4:3→1, 7→1 / s5:3→1, 7→2, s1:7→1 / s2:1→1 / s3:3→1, 7→1 / s4:3→1, 7→1 / s5:7→1, s1:7→1 / s2:1→1 / s3:3→1, 7→1 / s4:3→1, 7→2 / s5:1→1, 3→1, 7→3, s1:7→1 / s2:1→1 / s3:3→1, 7→1 / s4:3→1, 7→2 / s5:1→1, 3→1, 7→3, s1:7→1 / s2:1→1 / s3:3→1, 7→1 / s4:3→1, 7→2 / s5:1→1, 7→1, s1:7→1 / s2:1→1 / s3:3→1, 7→1 / s4:3→1, 7→2 / s5:3→1, 7→2, s1:7→1 / s2:1→1 / s3:3→1, 7→1 / s4:7→1 / s5:1→1, 3→1, 7→2, s1:7→1 / s2:1→1 / s3:3→1, 7→1 / s4:7→1 / s5:1→1, 3→1, 7→2, s1:7→1 / s2:1→1 / s3:3→1, 7→1 / s4:7→1 / s5:1→1, 3→1, 7→3, s1:7→1 / s2:1→1 / s3:3→1, 7→1 / s4:7→1 / s5:1→1, 7→1, s1:7→1 / s2:1→1 / s3:3→1, 7→1 / s4:7→1 / s5:7→1, s1:7→1 / s2:1→1 / s3:3→1, 7→2 / s4:1→1, 3→1, 7→2 / s5:1→1, 3→1, 7→3, s1:7→1 / s2:1→1 / s3:3→1, 7→2 / s4:1→1, 7→1 / s5:1→1, 3→1, 7→3, s1:7→1 / s2:1→1 / s3:3→1, 7→2 / s4:1→1, 7→1 / s5:1→1, 3→1, 7→3, s1:7→1 / s2:1→1 / s3:3→1, 7→2 / s4:1→1, 7→2 / s5:1→1, 3→1, 7→3, s1:7→1 / s2:1→1 / s3:3→1, 7→2 / s4:3→1, 7→2 / s5:1→1, 3→1, 7→3, s1:7→1 / s2:1→1 / s3:3→1, 7→2 / s4:3→1, 7→2 / s5:7→1, s1:7→1 / s2:1→1 / s3:3→1, 7→2 / s4:7→1 / s5:1→1, 3→1, 7→3, s1:7→1 / s2:1→1 / s3:3→1, 7→2 / s4:7→1 / s5:1→1, 7→2, s1:7→1 / s2:1→1 / s3:3→1, 7→2 / s4:7→1 / s5:7→1, s1:7→1 / s2:1→1 / s3:3→2, 7→2 / s4:7→1 / s5:7→1, s1:7→1 / s2:1→1 / s3:3→2, 7→3 / s4:7→1 / s5:7→1, s1:7→1 / s2:1→1 / s3:7→1 / s4:1→1, 3→1, 7→2 / s5:1→1, 3→1, 7→2, s1:7→1 / s2:1→1 / s3:7→1 / s4:1→1, 3→1, 7→2 / s5:1→1, 7→2, s1:7→1 / s2:1→1 / s3:7→1 / s4:1→1, 7→1 / s5:1→1, 3→1, 7→3, s1:7→1 / s2:1→1 / s3:7→1 / s4:1→1, 7→1 / s5:1→1, 3→1, 7→3, s1:7→1 / s2:1→1 / s3:7→1 / s4:1→1, 7→1 / s5:1→1, 7→1, s1:7→1 / s2:1→1 / s3:7→1 / s4:1→1, 7→1 / s5:1→1, 7→2, s1:7→1 / s2:1→1 / s3:7→1 / s4:1→1, 7→1 / s5:1→2, 7→2, s1:7→1 / s2:1→1 / s3:7→1 / s4:1→1, 7→1 / s5:1→2, 7→3, s1:7→1 / s2:1→1 / s3:7→1 / s4:1→1, 7→2 / s5:1→2, 7→2, s1:7→1 / s2:1→1 / s3:7→1 / s4:1→2, 7→2 / s5:1→2, 7→2, s1:7→1 / s2:1→1 / s3:7→1 / s4:7→1 / s5:1→1, 3→1, 7→2, s1:7→1 / s2:1→1 / s3:7→1 / s4:7→1 / s5:1→1, 3→1, 7→3, s1:7→1 / s2:1→1 / s3:7→1 / s4:7→1 / s5:1→1, 3→1, 7→3, s1:7→1 / s2:1→1 / s3:7→1 / s4:7→1 / s5:1→1, 7→1, s1:7→1 / s2:1→1 / s3:7→1 / s4:7→1 / s5:1→1, 7→2, s1:7→1 / s2:1→1 / s3:7→1 / s4:7→1 / s5:1→2, 7→3, s1:7→1 / s2:3→1, 7→1 / s3:1→1 / s4:1→1, 7→1 / s5:1→1, 7→2}"	"{s3:9→1 / s4:9→1 / s5:2→1, s3:9→1 / s4:9→1 / s5:2→1, s3:8→1 / s4:8→1 / s5:2→1, s3:8→1 / s4:8→1 / s5:2→1, s3:8→1 / s4:8→1 / s5:2→1, s3:9→1 / s4:9→1 / s5:2→1, s3:9→1 / s4:2→1 / s5:2→1, s3:8→1 / s4:2→1 / s5:2→1, s3:9→1 / s4:2→1 / s5:2→1, s3:8→1 / s4:2→1 / s5:8→1, s3:9→1 / s4:2→1 / s5:9→1, s3:9→1 / s4:2→1 / s5:9→1, s3:8→1 / s4:2→1 / s5:2→1, s3:9→1 / s4:2→1 / s5:2→1, s3:8→1 / s4:2→1 / s5:2→1, s3:9→1 / s4:2→1 / s5:2→1, s3:9→1 / s4:2→1 / s5:2→1, s3:2→1 / s4:2→1 / s5:8→1, s3:2→1 / s4:8→1 / s5:2→1, s3:2→1 / s4:8→1 / s5:8→1, s3:2→1 / s4:8→1 / s5:8→1, s3:2→1 / s4:8→1 / s5:2→1, s3:2→1 / s4:8→1 / s5:8→1, s3:2→1 / s4:8→1 / s5:2→1, s3:2→1 / s4:2→1 / s5:8→1, s3:2→1 / s4:2→1 / s5:9→1, s3:2→1 / s4:8→1 / s5:8→1, s3:2→1 / s4:8→1 / s5:2→1, s3:2→1 / s4:8→1 / s5:8→1, s3:2→1 / s4:2→1 / s5:8→1, s3:2→1 / s4:8→1 / s5:8→1, s3:2→1 / s4:8→1 / s5:2→1, s3:2→1 / s4:8→1 / s5:8→1, s3:2→1 / s4:8→1 / s5:2→1, s3:2→1 / s4:8→1 / s5:8→1, s3:2→1 / s4:8→1 / s5:8→1, s3:2→1 / s4:8→1 / s5:2→1, s3:2→1 / s4:8→1 / s5:8→1, s3:2→1 / s4:8→1 / s5:8→1, s3:2→1 / s4:8→1 / s5:8→1, s3:2→1 / s4:2→1 / s5:8→1, s3:2→1 / s4:2→1 / s5:9→1, s3:2→1 / s4:2→1 / s5:9→1, s3:2→1 / s4:2→1 / s5:9→1, s3:2→1 / s4:2→1 / s5:8→1, s3:2→1 / s4:2→1 / s5:9→1, s3:2→1 / s4:2→1 / s5:8→1, s3:9→1 / s4:8→1 / s5:8→1, s3:8→1 / s4:8→1 / s5:9→1, s3:8→1 / s4:8→1 / s5:2→1, s3:8→1 / s4:8→1 / s5:9→1, s3:8→1 / s4:8→1 / s5:2→1, s3:8→1 / s4:8→1 / s5:9→1, s3:9→1 / s4:8→1 / s5:8→1, s3:9→1 / s4:8→1 / s5:9→1, s3:9→1 / s4:8→1 / s5:8→1, s3:9→1 / s4:9→1 / s5:8→1, s3:9→1 / s4:9→1 / s5:8→1, s3:8→1 / s4:8→1 / s5:2→1, s3:9→1 / s4:9→1 / s5:8→1, s3:9→1 / s4:8→1 / s5:8→1, s3:9→1 / s4:9→1 / s5:8→1, s3:8→1 / s4:8→1 / s5:9→1, s3:8→1 / s4:8→1 / s5:2→1, s3:8→1 / s4:9→1 / s5:8→1, s3:8→1 / s4:9→1 / s5:9→1, s3:8→1 / s4:9→1 / s5:8→1, s3:8→1 / s4:9→1 / s5:9→1, s3:8→1 / s4:2→1 / s5:8→1, s3:9→1 / s4:2→1 / s5:9→1, s3:8→1 / s4:2→1 / s5:8→1, s3:8→1 / s4:2→1 / s5:8→1, s3:8→1 / s4:2→1 / s5:2→1, s3:9→1 / s4:8→1 / s5:9→1, s3:9→1 / s4:8→1 / s5:8→1, s3:9→1 / s4:8→1 / s5:9→1, s3:9→1 / s4:9→1 / s5:8→1, s3:9→1 / s4:9→1 / s5:8→1, s3:9→1 / s4:9→1 / s5:2→1, s3:9→1 / s4:2→1 / s5:9→1, s3:9→1 / s4:2→1 / s5:9→1, s3:9→1 / s4:2→1 / s5:2→1, s3:8→1 / s4:2→1 / s5:2→1, s3:9→1 / s4:2→1 / s5:2→1, s3:2→1 / s4:8→1 / s5:8→1, s3:2→1 / s4:8→1 / s5:2→1, s3:2→1 / s4:8→1 / s5:2→1, s3:2→1 / s4:8→1 / s5:8→1, s3:2→1 / s4:8→1 / s5:8→1, s3:2→1 / s4:8→1 / s5:2→1, s3:2→1 / s4:8→1 / s5:8→1, s3:2→1 / s4:8→1 / s5:8→1, s3:2→1 / s4:2→1 / s5:8→1, s3:2→1 / s4:8→1 / s5:8→1, s3:2→1 / s4:2→1 / s5:8→1, s3:2→1 / s4:2→1 / s5:8→1, s3:2→1 / s4:2→1 / s5:9→1, s3:2→1 / s4:2→1 / s5:8→1, s3:2→1 / s4:2→1 / s5:9→1, s3:2→1 / s4:2→1 / s5:9→1, s3:8→1 / s4:8→1 / s5:2→1}"
7	2	"su(3)+g2+su(2)"	"su(3)+2(g2+su(2))+so(7)+2 su(2)"	13	166	3	2	0	0	0	0	0	0	"{s1:7→1 / s2:1→1, 3→1, 7→1 / s4:1→1 / s5:1→1, s1:7→1 / s2:1→1, 7→1 / s3:3→1, 7→2 / s5:7→1, s1:7→1 / s2:1→1, 7→1 / s3:3→2, 7→3 / s5:7→1, s1:7→1 / s2:1→1, 7→1 / s3:7→1 / s4:1→1, 7→1 / s5:1→1, 7→1, s1:7→1 / s2:1→1, 7→1 / s3:7→1 / s4:1→1 / s5:1→1, 3→2, 7→2, s1:7→1 / s2:1→1, 7→1 / s3:7→1 / s4:1→1 / s5:1→2, 3→1, 7→2, s1:7→1 / s2:1→1, 7→1 / s3:7→1 / s4:7→1 / s5:7→1, s1:7→1 / s2:1→1, 7→1 / s4:1→1, 7→1 / s5:1→1, 7→2, s1:7→1 / s2:1→1, 7→1 / s4:1→1, 7→1 / s5:1→2, 7→2, s1:7→1 / s2:1→1, 7→1 / s4:1→1, 7→1 / s5:1→2, 7→3, s1:7→1 / s2:1→1, 7→1 / s4:1→1, 7→2 / s5:1→2, 7→2, s1:7→1 / s2:1→1, 7→1 / s4:3→1, 7→3 / s5:1→1, 7→1, s1:7→1 / s2:1→1, 7→1 / s4:7→1 / s5:1→1, 7→1, s1:7→1 / s2:1→1, 7→1 / s4:7→1 / s5:1→2, 7→1, s1:7→1 / s2:1→1, 7→1 / s4:7→1 / s5:1→2, 7→2, s1:7→1 / s2:1→1 / s3:3→1, 7→1 / s4:3→1, 7→2 / s5:1→1, 3→1, 7→2, s1:7→1 / s2:1→1 / s3:3→1, 7→2 / s4:1→1, 3→1, 7→2 / s5:1→1, 3→1, 7→2, s1:7→1 / s2:1→1 / s3:3→1, 7→2 / s4:1→1, 7→1 / s5:1→1, 3→1, 7→2, s1:7→1 / s2:1→1 / s3:3→1 / s4:1→1, 3→1, 7→1 / s5:1→1, 3→1, 7→1, s1:7→1 / s2:1→1 / s3:3→1 / s4:1→1, 3→1, 7→1 / s5:1→2, 3→1, 7→1, s1:7→1 / s2:1→1 / s3:3→1 / s4:3→1, 7→1 / s5:1→1, 3→1, 7→1, s1:7→1 / s2:1→1 / s3:3→2, 7→3 / s4:7→1 / s5:7→1, s1:7→1 / s2:1→1 / s3:7→1 / s4:1→1, 7→1 / s5:1→1, 7→3, s1:7→1 / s2:1→1 / s3:7→1 / s4:1→1, 7→3 / s5:1→2, 7→3, s1:7→1 / s2:1→1 / s3:7→1 / s4:7→1 / s5:1→2, 7→2, s1:7→1 / s2:1→1 / s3:7→1 / s4:7→1 / s5:1→2, 7→3, s1:7→1 / s2:1→2, 3→1, 7→1 / s4:1→1 / s5:1→1, s1:7→1 / s2:1→2, 7→1 / s4:1→1 / s5:1→1, s1:7→1 / s2:1→2, 7→2 / s4:7→1 / s5:1→1, 7→1, s1:7→1 / s2:7→1 / s3:7→1 / s4:7→1 / s5:1→1, 7→1}"	"{s3:2→1 / s4:8→1 / s5:8→1, s3:9→1 / s4:2→1 / s5:2→1, s3:8→1 / s4:2→1 / s5:2→1, s3:2→1 / s4:8→1 / s5:2→1, s3:2→1 / s4:8→1 / s5:8→1, s3:2→1 / s4:8→1 / s5:8→1, s3:9→1 / s4:2→1 / s5:2→1, s3:2→1 / s4:8→1 / s5:2→1, s3:2→1 / s4:8→1 / s5:8→1, s3:2→1 / s4:8→1 / s5:2→1, s3:2→1 / s4:2→1 / s5:8→1, s3:2→1 / s4:2→1 / s5:8→1, s3:2→1 / s4:2→1 / s5:8→1, s3:2→1 / s4:2→1 / s5:8→1, s3:2→1 / s4:2→1 / s5:8→1, s3:8→1 / s4:9→1 / s5:8→1, s3:9→1 / s4:8→1 / s5:8→1, s3:9→1 / s4:8→1 / s5:8→1, s3:8→1 / s4:9→1 / s5:9→1, s3:8→1 / s4:9→1 / s5:8→1, s3:8→1 / s4:9→1 / s5:8→1, s3:8→1 / s4:2→1 / s5:2→1, s3:2→1 / s4:8→1 / s5:2→1, s3:2→1 / s4:2→1 / s5:8→1, s3:2→1 / s4:2→1 / s5:8→1, s3:2→1 / s4:2→1 / s5:8→1, s3:2→1 / s4:8→1 / s5:8→1, s3:2→1 / s4:8→1 / s5:8→1, s3:2→1 / s4:2→1 / s5:8→1, s3:2→1 / s4:2→1 / s5:9→1}"
7	2	"su(3)+g2+su(2)"	"su(3)+2(g2+su(2))+so(7)+2 su(2)"	14	166	3	2	0	0	0	0	0	0	"{s1:3→1, 7→2 / s2:1→1 / s3:7→1 / s4:7→1 / s5:7→2, s1:3→1, 7→3 / s2:1→1 / s3:7→1 / s4:7→1 / s5:7→2, s1:7→1 / s2:1→1, 7→1 / s3:7→1 / s4:1→1 / s5:1→2, 7→2, s1:7→1 / s2:1→1, 7→1 / s3:7→1 / s4:7→1 / s5:1→1, s1:7→1 / s2:1→1, 7→1 / s4:1→1, 7→1 / s5:1→1, 3→1, 7→2, s1:7→1 / s2:1→1, 7→1 / s4:1→1, 7→1 / s5:1→1, 7→1, s1:7→1 / s2:1→1, 7→1 / s4:7→1 / s5:1→1, 3→1, 7→3, s1:7→1 / s2:1→1 / s3:3→1, 7→2 / s4:3→1, 7→2 / s5:1→1, 7→1, s1:7→1 / s2:1→1 / s3:3→1 / s4:3→1, 7→1 / s5:3→1, 7→1, s1:7→1 / s2:7→1 / s3:3→1, 7→1 / s4:7→1 / s5:7→1}"	"{s3:9→1 / s4:9→1 / s5:2→1, s3:9→1 / s4:9→1 / s5:2→1, s3:2→1 / s4:8→1 / s5:2→1, s3:2→1 / s4:2→1 / s5:8→1, s3:2→1 / s4:8→1 / s5:8→1, s3:2→1 / s4:8→1 / s5:8→1, s3:2→1 / s4:2→1 / s5:8→1, s3:9→1 / s4:9→1 / s5:8→1, s3:8→1 / s4:9→1 / s5:9→1, s3:9→1 / s4:2→1 / s5:2→1}"
7	2	"su(3)+g2+su(2)"	"su(3)+2(g2+su(2))+so(7)+2 su(2)"	19	166	3	2	0	0	0	0	0	0	"{s1:7→1 / s2:1→1 / s3:7→1 / s4:1→1, 7→2 / s5:1→2, 7→3, s1:7→1 / s2:1→1 / s3:7→1 / s4:7→1 / s5:1→1, 7→2}"	"{s3:9→1 / s4:9→1 / s5:8→1, s3:9→1 / s4:2→1 / s5:9→1}"
7	3	"2(g2+su(2))"	"2 so(8)+2(g2+su(2))+so(7)+2 su(2)"	13	118	2	1	2	0	0	0	0	0	"s1:7→1 / s2:1→1 / s3:1→1, 7→1 / s5:4→1"	"s4:5→1 / s5:10→1"
7	3	"2(g2+su(2))"	"2 so(8)+su(3)+2(so(7)+2 su(2))"	13	117	2	1	2	0	0	0	0	0	"s1:7→1 / s2:1→1 / s3:1→1, 7→1"	"s4:5→1 / s5:3→1"
7	3	"2(g2+su(2))"	"2 so(8)+su(3)+2(so(7)+2 su(2))"	17	117	2	1	2	0	0	0	0	0	"s1:7→1 / s2:1→1 / s3:7→1 / s5:7→1"	"s4:5→1 / s5:3→1"
7	3	"2(g2+su(2))"	"2 su(3)+2(g2+su(2))+so(7)+2 su(2)"	11	158	2	3	0	0	0	0	0	0	"{s1:7→1 / s2:1→1 / s3:1→1, 7→1 / s4:4→1 / s5:1→1, 4→1, 7→1, s1:7→1 / s2:1→1 / s3:1→1, 7→1 / s5:1→2, 4→2, 7→1}"	"{s4:10→1 / s5:10→1, s4:5→1 / s5:10→1}"
7	3	"2(g2+su(2))"	"2 su(3)+2(g2+su(2))+so(7)+2 su(2)"	12	158	2	3	0	0	0	0	0	0	"{s1:7→1 / s2:1→1, 7→1 / s3:1→1, 7→1 / s5:1→1, s1:7→1 / s2:1→1, 7→1 / s3:1→1, 7→1 / s5:1→1, s1:7→1 / s2:1→1, 7→1 / s3:1→2, 7→1 / s5:1→1, s1:7→1 / s2:1→1 / s3:1→1, 7→1 / s4:1→1, 7→1 / s5:1→1, 4→1, 7→1, s1:7→1 / s2:1→1 / s3:1→1, 7→1 / s4:1→1, 7→1 / s5:1→1, 4→1, 7→1, s1:7→1 / s2:1→1 / s3:1→1, 7→1 / s4:1→1, 7→1 / s5:1→1, 4→1, 7→1, s1:7→1 / s2:1→1 / s3:1→1, 7→1 / s4:1→1, 7→1 / s5:1→1, 4→1, 7→2, s1:7→1 / s2:1→1 / s3:1→1, 7→1 / s4:1→1, 7→1 / s5:1→1, 7→1, s1:7→1 / s2:1→1 / s3:1→1, 7→1 / s4:1→1, 7→1 / s5:1→1, 7→1, s1:7→1 / s2:1→1 / s3:1→1, 7→1 / s4:1→1, 7→1 / s5:1→1, 7→1, s1:7→1 / s2:1→1 / s3:1→1, 7→1 / s4:1→1, 7→1 / s5:1→2, 7→1, s1:7→1 / s2:1→1 / s3:1→1, 7→1 / s4:1→1, 7→2 / s5:1→1, 7→2, s1:7→1 / s2:1→1 / s3:1→1, 7→1 / s5:1→1, 4→1, 7→1, s1:7→1 / s2:1→1 / s3:1→1, 7→1 / s5:1→1, 4→1, 7→1, s1:7→1 / s2:1→1 / s3:1→1, 7→1 / s5:1→1, 4→1, 7→1, s1:7→1 / s2:1→1 / s3:1→1, 7→1 / s5:1→1, 4→1, 7→2, s1:7→1 / s2:1→1 / s3:1→1, 7→1 / s5:1→1, 4→1, 7→2, s1:7→1 / s2:1→1 / s3:1→1, 7→1 / s5:1→1, 4→2, 7→1, s1:7→1 / s2:1→1 / s3:1→1, 7→1 / s5:1→1, 4→2, 7→1, s1:7→1 / s2:1→1 / s3:1→1, 7→1 / s5:1→1, 4→2, 7→2, s1:7→1 / s2:1→1 / s3:1→1, 7→1 / s5:1→1, 7→1, s1:7→1 / s2:1→1 / s3:1→1, 7→1 / s5:1→1, 7→1, s1:7→1 / s2:1→1 / s3:1→1, 7→1 / s5:1→1, 7→1, s1:7→1 / s2:1→1 / s3:1→1, 7→1 / s5:1→1, 7→2, s1:7→1 / s2:1→1 / s3:1→1, 7→1 / s5:1→2, 4→1, 7→1, s1:7→1 / s2:1→1 / s3:1→1, 7→1 / s5:1→2, 4→1, 7→2, s1:7→1 / s2:1→1 / s3:1→1, 7→1 / s5:1→2, 4→1, 7→2, s1:7→1 / s2:1→1 / s3:1→1, 7→1 / s5:1→2, 4→1, 7→2, s1:7→1 / s2:1→1 / s3:1→1, 7→1 / s5:1→2, 4→2, 7→1, s1:7→1 / s2:1→1 / s3:1→1, 7→1 / s5:1→2, 7→2, s1:7→1 / s2:1→1 / s3:1→1, 7→1 / s5:1→2, 7→2, s1:7→1 / s2:1→1 / s3:1→1, 7→1 / s5:1→2, 7→2, s1:7→1 / s2:1→1 / s3:1→1, 7→1 / s5:1→2, 7→3, s1:7→1 / s2:1→1 / s3:1→1, 7→1 / s5:1→2, 7→3, s1:7→1 / s2:1→1 / s3:1→2, 7→2 / s5:1→1, 7→1, s1:7→1 / s2:1→1 / s3:1→2, 7→2 / s5:1→1, 7→1}"	"{s4:3→1 / s5:8→1, s4:5→1 / s5:8→1, s4:3→1 / s5:8→1, s4:5→1 / s5:10→1, s4:5→1 / s5:8→1, s4:5→1 / s5:9→1, s4:5→1 / s5:9→1, s4:10→1 / s5:5→1, s4:9→1 / s5:3→1, s4:9→1 / s5:5→1, s4:3→1 / s5:8→1, s4:9→1 / s5:3→1, s4:5→1 / s5:10→1, s4:5→1 / s5:8→1, s4:5→1 / s5:9→1, s4:5→1 / s5:10→1, s4:5→1 / s5:9→1, s4:5→1 / s5:10→1, s4:5→1 / s5:9→1, s4:5→1 / s5:9→1, s4:5→1 / s5:10→1, s4:5→1 / s5:8→1, s4:5→1 / s5:9→1, s4:5→1 / s5:9→1, s4:5→1 / s5:8→1, s4:5→1 / s5:10→1, s4:5→1 / s5:8→1, s4:5→1 / s5:9→1, s4:5→1 / s5:8→1, s4:5→1 / s5:10→1, s4:5→1 / s5:8→1, s4:5→1 / s5:9→1, s4:5→1 / s5:10→1, s4:5→1 / s5:9→1, s4:5→1 / s5:8→1, s4:5→1 / s5:9→1}"
7	3	"2(g2+su(2))"	"2 su(3)+2(g2+su(2))+so(7)+2 su(2)"	13	158	2	3	0	0	0	0	0	0	"s1:7→1 / s2:1→1 / s3:1→1, 7→1 / s5:1→2, 7→3"	"s4:5→1 / s5:8→1"
7	3	"2(g2+su(2))"	"2 su(3)+2(g2+su(2))+so(7)+2 su(2)"	14	158	2	3	0	0	0	0	0	0	"{s1:7→1 / s2:1→1 / s3:1→1, 7→1 / s5:1→1, 4→2, 7→2, s1:7→1 / s2:1→1 / s3:1→1, 7→1 / s5:1→1, 7→2, s1:7→1 / s2:1→1 / s3:1→1, 7→2 / s5:1→1, 4→1, 7→3, s1:7→1 / s2:1→1 / s3:1→1, 7→2 / s5:1→1, 7→2}"	"{s4:5→1 / s5:10→1, s4:5→1 / s5:10→1, s4:5→1 / s5:9→1, s4:5→1 / s5:9→1}"
7	3	"2(g2+su(2))"	"2 su(3)+2(g2+su(2))+so(7)+2 su(2)"	15	158	2	3	0	0	0	0	0	0	"s1:7→1 / s2:1→1 / s3:1→1, 7→2 / s5:1→1, 7→1"	"s4:5→1 / s5:8→1"
7	3	"2(g2+su(2))"	"2 su(3)+2(g2+su(2))+so(7)+2 su(2)"	20	158	2	3	0	0	0	0	0	0	"s1:7→1 / s2:1→1 / s3:1→2, 7→3 / s4:7→1"	"s4:9→1 / s5:5→1"
7	3	"2(g2+su(2))"	"3(g2+su(2))+so(7)+2 su(2)"	11	165	3	2	0	0	0	0	0	0	"{s1:7→1 / s2:1→1, 7→1 / s4:1→1 / s5:1→1, 7→1, s1:7→1 / s2:1→1, 7→1 / s4:1→1 / s5:1→2, 4→2, 7→1, s1:7→1 / s2:1→1, 7→1 / s4:1→1 / s5:1→2, 4→2, 7→1, s1:7→1 / s2:1→1, 7→1 / s4:1→1 / s5:1→2, 7→1, s1:7→1 / s2:1→1 / s3:1→1, 7→1 / s4:1→1, 7→1 / s5:1→2, 7→2, s1:7→1 / s2:1→1 / s4:1→1, 7→1 / s5:1→2, 4→1, 7→1, s1:7→1 / s2:1→2, 7→1 / s4:1→1 / s5:1→1, 7→1}"	"{s3:3→1 / s4:8→1 / s5:9→1, s3:3→1 / s4:8→1 / s5:9→1, s3:5→1 / s4:8→1 / s5:9→1, s3:3→1 / s4:9→1 / s5:8→1, s3:9→1 / s4:5→1 / s5:8→1, s3:5→1 / s4:9→1 / s5:8→1, s3:3→1 / s4:8→1 / s5:9→1}"
7	3	"2(g2+su(2))"	"3(g2+su(2))+so(7)+2 su(2)"	12	165	3	2	0	0	0	0	0	0	"{s1:7→1 / s2:1→1, 7→1 / s3:1→1 / s4:1→1 / s5:1→2, 4→1, 7→1, s1:7→1 / s2:1→1, 7→1 / s3:1→1 / s4:1→1 / s5:1→2, 4→2, 7→1, s1:7→1 / s2:1→1, 7→1 / s3:1→1 / s4:1→1 / s5:1→2, 7→1, s1:7→1 / s2:1→1, 7→1 / s4:1→1 / s5:1→1, 4→1, 7→1, s1:7→1 / s2:1→1, 7→1 / s4:1→1 / s5:1→1, 4→1, 7→1, s1:7→1 / s2:1→1, 7→1 / s4:1→1 / s5:1→1, 7→1, s1:7→1 / s2:1→1, 7→1 / s4:1→1 / s5:1→2, 4→1, 7→1, s1:7→1 / s2:1→1, 7→1 / s4:1→1 / s5:1→2, 4→1, 7→1, s1:7→1 / s2:1→1, 7→1 / s4:1→1 / s5:1→2, 7→1, s1:7→1 / s2:1→1, 7→1 / s4:1→1 / s5:1→3, 4→1, 7→1, s1:7→1 / s2:1→1 / s3:1→1, 7→1 / s4:1→1, 4→1, 7→1 / s5:1→2, 4→1, 7→1, s1:7→1 / s2:1→1 / s3:1→1, 7→1 / s4:1→1, 7→1 / s5:1→2, 4→1, 7→1, s1:7→1 / s2:1→1 / s3:1→1, 7→1 / s4:1→1, 7→1 / s5:1→2, 7→1, s1:7→1 / s2:1→1 / s3:1→1, 7→1 / s4:1→1, 7→1 / s5:1→2, 7→1, s1:7→1 / s2:1→1 / s3:1→1, 7→1 / s4:1→1, 7→1 / s5:1→3, 7→2, s1:7→1 / s2:1→1 / s3:1→1, 7→1 / s4:1→2, 4→1, 7→1 / s5:1→2, 4→1, 7→1, s1:7→1 / s2:1→1 / s3:1→1, 7→1 / s4:1→2, 7→1 / s5:1→2, 4→1, 7→1, s1:7→1 / s2:1→1 / s3:1→1, 7→1 / s4:1→2, 7→1 / s5:1→2, 7→1, s1:7→1 / s2:1→1 / s3:1→1, 7→1 / s4:1→2, 7→1 / s5:1→2, 7→1, s1:7→1 / s2:1→1 / s3:1→1, 7→1 / s4:1→2, 7→1 / s5:1→2, 7→2, s1:7→1 / s2:1→1 / s3:1→1, 7→1 / s4:1→2, 7→2 / s5:1→2, 7→2, s1:7→1 / s2:1→1 / s4:1→1, 7→1 / s5:1→1, 4→1, 7→2, s1:7→1 / s2:1→1 / s4:1→1, 7→1 / s5:1→1, 7→2, s1:7→1 / s2:1→1 / s4:1→1, 7→1 / s5:1→2, 7→3, s1:7→1 / s2:1→1 / s4:1→1, 7→2 / s5:1→2, 7→2, s1:7→1 / s2:1→1 / s4:1→1, 7→2 / s5:1→2, 7→3, s1:7→1 / s2:1→1 / s4:1→2, 7→2 / s5:1→2, 7→3}"	"{s3:8→1 / s4:5→1 / s5:9→1, s3:8→1 / s4:5→1 / s5:9→1, s3:8→1 / s4:5→1 / s5:9→1, s3:3→1 / s4:8→1 / s5:9→1, s3:5→1 / s4:8→1 / s5:9→1, s3:5→1 / s4:8→1 / s5:9→1, s3:3→1 / s4:8→1 / s5:9→1, s3:5→1 / s4:8→1 / s5:9→1, s3:3→1 / s4:8→1 / s5:9→1, s3:3→1 / s4:8→1 / s5:9→1, s3:9→1 / s4:9→1 / s5:8→1, s3:9→1 / s4:3→1 / s5:8→1, s3:9→1 / s4:3→1 / s5:8→1, s3:9→1 / s4:9→1 / s5:8→1, s3:9→1 / s4:3→1 / s5:8→1, s3:9→1 / s4:8→1 / s5:8→1, s3:9→1 / s4:5→1 / s5:8→1, s3:9→1 / s4:8→1 / s5:5→1, s3:9→1 / s4:8→1 / s5:8→1, s3:3→1 / s4:8→1 / s5:9→1, s3:9→1 / s4:8→1 / s5:5→1, s3:5→1 / s4:8→1 / s5:9→1, s3:5→1 / s4:8→1 / s5:9→1, s3:5→1 / s4:8→1 / s5:9→1, s3:5→1 / s4:9→1 / s5:8→1, s3:5→1 / s4:9→1 / s5:8→1, s3:5→1 / s4:8→1 / s5:9→1}"
7	3	"2(g2+su(2))"	"3(g2+su(2))+so(7)+2 su(2)"	19	165	3	2	0	0	0	0	0	0	"s1:7→1 / s2:1→1 / s4:1→1 / s5:1→2, 4→1, 7→1"	"s3:3→1 / s4:8→1 / s5:9→1"
7	3	"2(g2+su(2))"	"3(so(7)+2 su(2))"	11	170	4	1	0	0	0	0	0	0	"{s1:1→1, 7→1 / s2:7→1 / s3:1→1, 7→1 / s4:1→1, 7→1 / s5:1→1, s1:1→1, 7→1 / s2:7→1 / s3:1→1, 7→1 / s4:1→1 / s5:1→1, 4→1, 7→1, s1:1→1, 7→1 / s2:7→1 / s3:1→1, 7→1 / s4:1→1 / s5:1→2, 7→2, s1:1→1, 7→1 / s3:1→1, 7→1 / s4:1→1, 4→1, 7→1 / s5:1→1, 7→1, s1:1→1, 7→1 / s3:1→1, 7→1 / s4:1→1, 4→1, 7→2 / s5:1→1, 7→1, s1:1→1, 7→1 / s3:1→1, 7→1 / s4:1→1, 7→1 / s5:1→2, 7→1, s1:1→1, 7→1 / s3:1→1, 7→1 / s4:1→1, 7→2 / s5:1→1, 7→1, s1:1→1, 7→1 / s3:1→1 / s4:1→1, 4→1 / s5:1→1, 7→1, s1:1→1, 7→1 / s3:1→1 / s4:1→1, 7→1 / s5:1→1, 4→1, 7→1, s1:1→1, 7→1 / s3:1→1 / s4:1→1, 7→1 / s5:1→1, 7→1, s1:1→1, 7→1 / s3:1→1 / s4:1→1, 7→1 / s5:1→1, 7→1, s1:1→1, 7→1 / s3:1→1 / s4:1→1, 7→1 / s5:1→2, 4→1, 7→1, s1:1→1, 7→1 / s3:1→1 / s4:1→1, 7→1 / s5:1→2, 7→1, s1:1→1, 7→1 / s3:1→1 / s4:1→1, 7→1 / s5:1→2, 7→2, s1:1→1, 7→1 / s3:1→1 / s4:1→1, 7→1 / s5:1→2, 7→2, s1:1→1, 7→1 / s3:1→1 / s4:1→1, 7→1 / s5:1→2, 7→2, s1:1→1, 7→1 / s3:1→1 / s4:1→1, 7→1 / s5:1→2, 7→2, s1:1→1, 7→1 / s3:1→1 / s4:1→1 / s5:1→2, 7→1, s1:1→1, 7→1 / s3:7→1 / s4:1→1, 7→1 / s5:1→1, 7→2, s1:1→1, 7→1 / s4:1→1, 7→1 / s5:1→1, 7→2, s1:1→1, 7→1 / s4:1→1, 7→1 / s5:1→2, 7→3, s1:1→1, 7→1 / s4:1→1, 7→2 / s5:1→2, 7→2, s1:1→1, 7→1 / s4:1→1 / s5:1→1, 7→1, s1:1→1, 7→1 / s4:1→1 / s5:1→2, 7→2, s1:1→1, 7→1 / s4:1→2, 7→2 / s5:1→2, 7→3, s1:1→1, 7→2 / s4:1→1 / s5:1→1, 7→1, s1:7→1 / s2:1→1 / s3:1→1, 4→1, 7→1 / s4:1→1, 7→1 / s5:1→2, 7→2, s1:7→1 / s2:1→1 / s3:1→1, 7→1 / s4:1→1, 7→1 / s5:1→1, 7→1, s1:7→1 / s2:1→1 / s3:1→1, 7→1 / s4:1→1, 7→1 / s5:1→2, 4→1, 7→2, s1:7→1 / s2:1→1 / s3:1→1, 7→1 / s4:1→1, 7→1 / s5:1→2, 7→2, s1:7→1 / s2:1→1 / s3:1→1, 7→1 / s4:1→1, 7→1 / s5:1→2, 7→2, s1:7→1 / s2:1→1 / s3:1→1, 7→1 / s4:1→1, 7→1 / s5:1→2, 7→2, s1:7→1 / s2:1→1 / s3:1→1, 7→1 / s4:1→1, 7→1 / s5:1→3, 7→2, s1:7→1 / s2:1→1 / s3:1→1, 7→1 / s4:1→2, 7→1 / s5:1→3, 7→2, s1:7→1 / s2:1→1 / s3:1→1 / s4:1→1, 4→1 / s5:1→2, 7→1, s1:7→1 / s2:1→1 / s3:1→1 / s4:1→1, 7→1 / s5:1→2, 7→1, s1:7→1 / s2:1→1 / s3:1→1 / s4:1→2, 7→1 / s5:1→2, 7→1, s1:7→1 / s2:1→1 / s3:1→1 / s4:1→2, 7→1 / s5:1→3, 7→2, s1:7→1 / s2:1→1 / s3:1→2, 7→1 / s4:1→2, 4→1, 7→1 / s5:1→2, 7→1, s1:7→1 / s2:1→1 / s3:1→2, 7→1 / s4:1→2, 7→1 / s5:1→3, 7→1, s1:7→1 / s2:1→1 / s3:1→2, 7→1 / s4:1→2, 7→1 / s5:1→3, 7→1, s1:7→1 / s2:1→1 / s3:1→2, 7→1 / s4:1→2, 7→1 / s5:1→3, 7→2, s1:7→1 / s3:1→1, 7→1 / s4:1→1, 4→1, 7→1 / s5:1→1, 7→1, s1:7→1 / s3:1→1, 7→1 / s4:1→1, 7→1 / s5:1→1, 4→1, 7→1, s1:7→1 / s3:1→1, 7→1 / s4:1→1, 7→1 / s5:1→2, 7→1, s1:7→1 / s3:1→1, 7→1 / s4:1→1, 7→1 / s5:1→2, 7→1, s1:7→1 / s3:1→1, 7→1 / s4:1→1, 7→1 / s5:1→3, 7→2, s1:7→1 / s3:1→1, 7→1 / s4:1→1, 7→1 / s5:1→3, 7→2, s1:7→1 / s3:1→1, 7→1 / s4:1→2, 7→1 / s5:1→2, 4→1, 7→1, s1:7→1 / s3:1→1, 7→1 / s4:1→2, 7→1 / s5:1→2, 7→2, s1:7→1 / s3:1→1, 7→1 / s4:1→2, 7→1 / s5:1→2, 7→2, s1:7→1 / s3:1→1, 7→1 / s4:1→2, 7→1 / s5:1→2, 7→2, s1:7→1 / s3:1→1, 7→1 / s4:1→2, 7→1 / s5:1→2, 7→2, s1:7→1 / s3:1→1, 7→1 / s4:1→2, 7→1 / s5:1→3, 4→1, 7→1, s1:7→1 / s3:1→1, 7→1 / s4:1→2, 7→1 / s5:1→3, 7→2, s1:7→1 / s3:1→1 / s4:1→1, 4→1 / s5:1→1, 7→1, s1:7→1 / s3:1→1 / s4:1→1, 7→1 / s5:1→1, 4→1, 7→1, s1:7→1 / s3:1→1 / s4:1→1, 7→1 / s5:1→1, 7→1, s1:7→1 / s3:1→1 / s4:1→1, 7→1 / s5:1→1, 7→1, s1:7→1 / s3:1→1 / s4:1→1, 7→1 / s5:1→2, 4→1, 7→1, s1:7→1 / s3:1→1 / s4:1→1, 7→1 / s5:1→2, 7→2, s1:7→1 / s3:1→1 / s4:1→1, 7→1 / s5:1→2, 7→2, s1:7→1 / s3:1→1 / s4:1→1, 7→1 / s5:1→2, 7→2, s1:7→1 / s3:1→1 / s4:1→1, 7→1 / s5:1→2, 7→2, s1:7→1 / s3:1→1 / s4:1→1 / s5:1→2, 7→1, s1:7→1 / s3:1→1 / s4:1→1 / s5:1→2, 7→1, s1:7→1 / s3:1→1 / s4:1→1 / s5:1→3, 4→1, 7→1, s1:7→1 / s3:1→1 / s4:1→2, 7→1 / s5:1→2, 7→1, s1:7→1 / s3:1→1 / s4:1→2, 7→1 / s5:1→3, 7→1, s1:7→1 / s3:1→1 / s4:1→2, 7→1 / s5:1→3, 7→1, s1:7→1 / s3:1→1 / s4:1→2, 7→2 / s5:1→2, 7→2, s1:7→1 / s3:1→1 / s4:1→2, 7→2 / s5:1→2, 7→2, s1:7→1 / s3:1→1 / s4:1→3, 7→1 / s5:1→3, 4→1, 7→1, s1:7→1 / s3:1→2, 7→1 / s4:1→2, 7→1 / s5:1→3, 7→2, s1:7→1 / s3:1→2, 7→1 / s4:1→3, 7→1 / s5:1→3, 4→1, 7→1, s1:7→1 / s3:1→2, 7→1 / s4:1→3, 7→1 / s5:1→3, 7→1, s1:7→1 / s4:1→1, 7→1 / s5:1→2, 7→1, s1:7→1 / s4:1→1, 7→1 / s5:1→3, 7→2, s1:7→1 / s4:1→1 / s5:1→1, 7→1, s1:7→1 / s4:1→1 / s5:1→2, 7→2, s1:7→1 / s4:1→2, 7→1 / s5:1→2, 7→2, s1:7→1 / s4:1→2, 7→2 / s5:1→3, 7→2}"	"{s2:3→1 / s3:8→1 / s4:8→1 / s5:5→1, s2:3→1 / s3:8→1 / s4:5→1 / s5:8→1, s2:3→1 / s3:8→1 / s4:5→1 / s5:8→1, s2:5→1 / s3:8→1 / s4:8→1 / s5:3→1, s2:5→1 / s3:8→1 / s4:8→1 / s5:3→1, s2:5→1 / s3:8→1 / s4:3→1 / s5:8→1, s2:5→1 / s3:8→1 / s4:8→1 / s5:3→1, s2:5→1 / s3:8→1 / s4:8→1 / s5:3→1, s2:3→1 / s3:8→1 / s4:5→1 / s5:8→1, s2:3→1 / s3:8→1 / s4:8→1 / s5:5→1, s2:5→1 / s3:8→1 / s4:8→1 / s5:3→1, s2:3→1 / s3:8→1 / s4:5→1 / s5:8→1, s2:5→1 / s3:8→1 / s4:8→1 / s5:3→1, s2:3→1 / s3:8→1 / s4:5→1 / s5:8→1, s2:3→1 / s3:8→1 / s4:8→1 / s5:5→1, s2:5→1 / s3:8→1 / s4:3→1 / s5:8→1, s2:5→1 / s3:8→1 / s4:8→1 / s5:3→1, s2:3→1 / s3:8→1 / s4:5→1 / s5:8→1, s2:5→1 / s3:3→1 / s4:8→1 / s5:8→1, s2:5→1 / s3:3→1 / s4:8→1 / s5:8→1, s2:5→1 / s3:3→1 / s4:8→1 / s5:8→1, s2:5→1 / s3:3→1 / s4:8→1 / s5:8→1, s2:5→1 / s3:3→1 / s4:8→1 / s5:8→1, s2:5→1 / s3:3→1 / s4:8→1 / s5:8→1, s2:5→1 / s3:3→1 / s4:8→1 / s5:8→1, s2:5→1 / s3:3→1 / s4:8→1 / s5:8→1, s2:8→1 / s3:8→1 / s4:3→1 / s5:5→1, s2:8→1 / s3:8→1 / s4:5→1 / s5:3→1, s2:8→1 / s3:8→1 / s4:3→1 / s5:5→1, s2:8→1 / s3:5→1 / s4:3→1 / s5:8→1, s2:8→1 / s3:8→1 / s4:3→1 / s5:5→1, s2:8→1 / s3:8→1 / s4:5→1 / s5:3→1, s2:8→1 / s3:8→1 / s4:3→1 / s5:5→1, s2:5→1 / s3:3→1 / s4:8→1 / s5:8→1, s2:8→1 / s3:5→1 / s4:8→1 / s5:3→1, s2:8→1 / s3:5→1 / s4:3→1 / s5:8→1, s2:8→1 / s3:5→1 / s4:8→1 / s5:3→1, s2:8→1 / s3:8→1 / s4:5→1 / s5:3→1, s2:5→1 / s3:8→1 / s4:8→1 / s5:3→1, s2:5→1 / s3:8→1 / s4:3→1 / s5:8→1, s2:8→1 / s3:8→1 / s4:3→1 / s5:5→1, s2:8→1 / s3:8→1 / s4:3→1 / s5:5→1, s2:5→1 / s3:8→1 / s4:8→1 / s5:3→1, s2:3→1 / s3:8→1 / s4:5→1 / s5:8→1, s2:3→1 / s3:8→1 / s4:5→1 / s5:8→1, s2:5→1 / s3:8→1 / s4:3→1 / s5:8→1, s2:3→1 / s3:8→1 / s4:5→1 / s5:8→1, s2:5→1 / s3:8→1 / s4:3→1 / s5:8→1, s2:3→1 / s3:5→1 / s4:8→1 / s5:8→1, s2:3→1 / s3:5→1 / s4:8→1 / s5:8→1, s2:3→1 / s3:8→1 / s4:8→1 / s5:5→1, s2:5→1 / s3:3→1 / s4:8→1 / s5:8→1, s2:5→1 / s3:8→1 / s4:8→1 / s5:3→1, s2:5→1 / s3:3→1 / s4:8→1 / s5:8→1, s2:3→1 / s3:8→1 / s4:8→1 / s5:5→1, s2:5→1 / s3:8→1 / s4:8→1 / s5:3→1, s2:3→1 / s3:8→1 / s4:5→1 / s5:8→1, s2:3→1 / s3:8→1 / s4:8→1 / s5:5→1, s2:5→1 / s3:8→1 / s4:8→1 / s5:3→1, s2:3→1 / s3:8→1 / s4:5→1 / s5:8→1, s2:3→1 / s3:8→1 / s4:5→1 / s5:8→1, s2:3→1 / s3:8→1 / s4:8→1 / s5:5→1, s2:5→1 / s3:8→1 / s4:3→1 / s5:8→1, s2:5→1 / s3:8→1 / s4:8→1 / s5:3→1, s2:3→1 / s3:8→1 / s4:5→1 / s5:8→1, s2:3→1 / s3:8→1 / s4:8→1 / s5:5→1, s2:3→1 / s3:8→1 / s4:8→1 / s5:5→1, s2:5→1 / s3:8→1 / s4:8→1 / s5:3→1, s2:3→1 / s3:5→1 / s4:8→1 / s5:8→1, s2:3→1 / s3:8→1 / s4:8→1 / s5:5→1, s2:3→1 / s3:8→1 / s4:8→1 / s5:5→1, s2:5→1 / s3:8→1 / s4:8→1 / s5:3→1, s2:3→1 / s3:8→1 / s4:5→1 / s5:8→1, s2:5→1 / s3:8→1 / s4:3→1 / s5:8→1, s2:3→1 / s3:8→1 / s4:5→1 / s5:8→1, s2:3→1 / s3:8→1 / s4:8→1 / s5:5→1, s2:5→1 / s3:3→1 / s4:8→1 / s5:8→1, s2:5→1 / s3:3→1 / s4:8→1 / s5:8→1, s2:5→1 / s3:3→1 / s4:8→1 / s5:8→1, s2:5→1 / s3:3→1 / s4:8→1 / s5:8→1, s2:5→1 / s3:3→1 / s4:8→1 / s5:8→1, s2:5→1 / s3:3→1 / s4:8→1 / s5:8→1}"
7	3	"2(g2+su(2))"	"3(so(7)+2 su(2))"	12	170	4	1	0	0	0	0	0	0	"{s1:1→1, 7→1 / s3:1→1, 7→1 / s4:1→1, 7→1 / s5:1→1, 7→1, s1:1→1, 7→1 / s3:1→1, 7→1 / s4:1→1, 7→1 / s5:1→1, 7→2, s1:1→1, 7→1 / s3:1→1, 7→1 / s4:1→1, 7→1 / s5:1→2, 4→1, 7→1, s1:1→1, 7→1 / s3:1→1, 7→1 / s4:1→1, 7→1 / s5:1→2, 7→1, s1:1→1, 7→1 / s3:1→1, 7→1 / s4:1→1, 7→1 / s5:1→2, 7→2, s1:1→1, 7→1 / s3:1→1, 7→1 / s4:1→1, 7→1 / s5:1→2, 7→2, s1:1→1, 7→1 / s3:1→1 / s4:1→1, 7→1 / s5:1→1, s1:1→1, 7→1 / s3:1→1 / s4:1→1, 7→1 / s5:1→2, 4→1, 7→1, s1:1→1, 7→1 / s3:1→1 / s4:1→1, 7→1 / s5:1→2, 4→1, 7→2, s1:1→1, 7→1 / s3:1→1 / s4:1→1, 7→1 / s5:1→2, 7→1, s1:1→1, 7→1 / s3:1→1 / s4:1→1 / s5:1→1, s1:1→1, 7→1 / s3:1→1 / s4:1→1 / s5:1→1, 4→1, s1:1→1, 7→1 / s3:1→1 / s4:1→1 / s5:1→2, 4→1, s1:1→1, 7→1 / s3:1→1 / s4:1→1 / s5:1→2, 4→1, 7→1, s1:1→1, 7→1 / s3:1→1 / s4:1→1 / s5:1→2, 7→1, s1:1→1, 7→1 / s3:7→1 / s4:1→1, 7→1 / s5:1→2, 4→1, 7→2, s1:1→1, 7→1 / s4:1→1, 7→1 / s5:1→1, 7→1, s1:1→1, 7→1 / s4:1→1, 7→1 / s5:1→2, 4→1, 7→2, s1:1→1, 7→1 / s4:1→1, 7→1 / s5:1→2, 7→2, s1:1→1, 7→1 / s4:1→1 / s5:1→2, 4→1, s1:1→1, 7→1 / s4:1→1 / s5:1→2, 4→1, 7→1, s1:1→1, 7→1 / s4:1→1 / s5:1→3, 4→1, 7→1, s1:1→1, 7→1 / s4:1→2, 7→2 / s5:1→2, 7→2, s1:7→1 / s2:1→1 / s3:1→1, 7→1 / s4:1→1, 4→1, 7→1 / s5:1→1, 7→1, s1:7→1 / s2:1→1 / s3:1→1, 7→1 / s4:1→1, 7→1 / s5:1→2, 4→1, 7→1, s1:7→1 / s2:1→1 / s3:1→1, 7→1 / s4:1→1, 7→1 / s5:1→2, 4→1, 7→2, s1:7→1 / s2:1→1 / s3:1→1, 7→1 / s4:1→2, 7→1 / s5:1→2, 4→1, 7→1, s1:7→1 / s2:1→1 / s3:1→1, 7→1 / s4:1→2, 7→1 / s5:1→2, 4→1, 7→1, s1:7→1 / s2:1→1 / s3:1→1, 7→1 / s4:1→2, 7→1 / s5:1→2, 7→1, s1:7→1 / s2:1→1 / s3:1→1, 7→1 / s4:1→2, 7→1 / s5:1→2, 7→1, s1:7→1 / s2:1→1 / s3:1→1, 7→1 / s4:1→2, 7→1 / s5:1→3, 7→2, s1:7→1 / s2:1→1 / s3:1→1, 7→1 / s4:1→2, 7→1 / s5:1→3, 7→2, s1:7→1 / s2:1→1 / s3:1→1 / s4:1→1, 7→1 / s5:1→2, 4→1, 7→1, s1:7→1 / s2:1→1 / s3:1→1 / s4:1→1 / s5:1→2, 7→1, s1:7→1 / s2:1→1 / s3:1→1 / s4:1→1 / s5:1→3, 4→1, 7→1, s1:7→1 / s2:1→1 / s3:1→1 / s4:1→2, 4→1, 7→1 / s5:1→3, 7→2, s1:7→1 / s2:1→1 / s3:1→1 / s4:1→2, 4→1 / s5:1→3, 7→1, s1:7→1 / s2:1→1 / s3:1→1 / s4:1→2, 7→1 / s5:1→2, 7→1, s1:7→1 / s2:1→1 / s3:1→1 / s4:1→2, 7→1 / s5:1→3, 4→1, 7→1, s1:7→1 / s2:1→1 / s3:1→1 / s4:1→2, 7→1 / s5:1→3, 7→1, s1:7→1 / s2:1→1 / s3:1→1 / s4:1→2, 7→1 / s5:1→3, 7→1, s1:7→1 / s2:1→1 / s3:1→1 / s4:1→2, 7→1 / s5:1→3, 7→2, s1:7→1 / s2:1→1 / s3:1→1 / s4:1→3, 7→1 / s5:1→3, 7→1, s1:7→1 / s2:1→1 / s3:1→2, 7→1 / s4:1→2, 4→1, 7→1 / s5:1→2, 7→1, s1:7→1 / s2:1→1 / s3:1→2, 7→1 / s4:1→2, 7→1 / s5:1→2, 7→1, s1:7→1 / s2:1→1 / s3:1→2, 7→1 / s4:1→2, 7→1 / s5:1→3, 7→2, s1:7→1 / s2:1→1 / s3:1→2, 7→1 / s4:1→2, 7→1 / s5:1→3, 7→2, s1:7→1 / s2:1→1 / s3:1→2, 7→1 / s4:1→3, 7→1 / s5:1→3, 7→1, s1:7→1 / s2:1→1 / s3:1→2, 7→1 / s4:1→3, 7→1 / s5:1→3, 7→1, s1:7→1 / s2:1→1 / s3:1→3, 7→1 / s4:1→3, 7→1 / s5:1→3, 7→1, s1:7→1 / s2:1→1 / s3:1→3, 7→1 / s4:1→3, 7→1 / s5:1→3, 7→1, s1:7→1 / s3:1→1, 7→1 / s4:1→1, 7→1 / s5:1→1, 4→1, 7→2, s1:7→1 / s3:1→1, 7→1 / s4:1→1, 7→1 / s5:1→1, 7→1, s1:7→1 / s3:1→1, 7→1 / s4:1→1, 7→1 / s5:1→1, 7→1, s1:7→1 / s3:1→1, 7→1 / s4:1→1, 7→1 / s5:1→1, 7→2, s1:7→1 / s3:1→1, 7→1 / s4:1→1, 7→1 / s5:1→1, 7→2, s1:7→1 / s3:1→1, 7→1 / s4:1→1, 7→1 / s5:1→2, 4→1, 7→2, s1:7→1 / s3:1→1, 7→1 / s4:1→1, 7→1 / s5:1→2, 4→1, 7→2, s1:7→1 / s3:1→1, 7→1 / s4:1→1, 7→1 / s5:1→2, 7→2, s1:7→1 / s3:1→1, 7→1 / s4:1→1, 7→1 / s5:1→2, 7→2, s1:7→1 / s3:1→1, 7→1 / s4:1→1, 7→1 / s5:1→2, 7→2, s1:7→1 / s3:1→1, 7→1 / s4:1→1, 7→1 / s5:1→2, 7→2, s1:7→1 / s3:1→1 / s4:1→1, 7→1 / s5:1→2, 4→1, 7→1, s1:7→1 / s3:1→1 / s4:1→1, 7→1 / s5:1→2, 4→1, 7→2, s1:7→1 / s3:1→1 / s4:1→1, 7→1 / s5:1→2, 4→1, 7→2, s1:7→1 / s3:1→1 / s4:1→1, 7→1 / s5:1→2, 7→3, s1:7→1 / s3:1→1 / s4:1→1, 7→1 / s5:1→3, 7→2, s1:7→1 / s3:1→1 / s4:1→1 / s5:1→1, s1:7→1 / s3:1→1 / s4:1→1 / s5:1→1, 4→1, s1:7→1 / s3:1→1 / s4:1→1 / s5:1→2, 4→1, s1:7→1 / s3:1→1 / s4:1→1 / s5:1→2, 4→1, 7→1, s1:7→1 / s3:1→1 / s4:1→1 / s5:1→3, 4→1, 7→1, s1:7→1 / s3:1→1 / s4:1→1 / s5:1→3, 7→1, s1:7→1 / s3:1→1 / s4:1→1 / s5:1→3, 7→1, s1:7→1 / s3:1→1 / s4:1→1 / s5:1→3, 7→2, s1:7→1 / s3:1→1 / s4:1→2, 4→1, 7→1 / s5:1→2, 7→2, s1:7→1 / s3:1→1 / s4:1→2, 7→1 / s5:1→2, 4→1, 7→1, s1:7→1 / s3:1→1 / s4:1→2, 7→1 / s5:1→2, 7→1, s1:7→1 / s3:1→1 / s4:1→2, 7→1 / s5:1→3, 4→1, 7→1, s1:7→1 / s3:1→1 / s4:1→2, 7→1 / s5:1→3, 4→1, 7→1, s1:7→1 / s3:1→1 / s4:1→2, 7→1 / s5:1→3, 7→2, s1:7→1 / s3:1→1 / s4:1→2, 7→1 / s5:1→3, 7→2, s1:7→1 / s3:1→1 / s4:1→2, 7→1 / s5:1→3, 7→2, s1:7→1 / s3:1→1 / s4:1→2, 7→2 / s5:1→2, 4→1, 7→2, s1:7→1 / s3:1→1 / s4:1→3, 4→1, 7→1 / s5:1→3, 7→2, s1:7→1 / s3:1→1 / s4:1→3, 7→1 / s5:1→3, 7→1, s1:7→1 / s3:1→1 / s4:1→3, 7→1 / s5:1→3, 7→1, s1:7→1 / s3:1→1 / s4:1→3, 7→2 / s5:1→3, 7→2, s1:7→1 / s3:1→1 / s4:1→3, 7→2 / s5:1→3, 7→2, s1:7→1 / s3:1→2, 7→1 / s4:1→2, 7→1 / s5:1→2, 7→1, s1:7→1 / s3:1→2, 7→1 / s4:1→2, 7→1 / s5:1→2, 7→1, s1:7→1 / s3:1→2, 7→1 / s4:1→2, 7→1 / s5:1→3, 4→1, 7→1, s1:7→1 / s3:1→2, 7→1 / s4:1→2, 7→1 / s5:1→3, 7→2, s1:7→1 / s3:1→2, 7→1 / s4:1→2, 7→1 / s5:1→3, 7→2, s1:7→1 / s3:1→2, 7→1 / s4:1→2, 7→1 / s5:1→3, 7→2, s1:7→1 / s3:1→3, 7→1 / s4:1→3, 7→1 / s5:1→3, 7→1, s1:7→1 / s3:7→1 / s4:1→1, 7→1 / s5:1→1, 4→1, 7→1, s1:7→1 / s3:7→1 / s4:1→1, 7→1 / s5:1→1, 4→1, 7→2, s1:7→1 / s3:7→1 / s4:1→1, 7→1 / s5:1→1, 7→1, s1:7→1 / s3:7→1 / s4:1→1, 7→1 / s5:1→1, 7→2, s1:7→1 / s4:1→1, 7→1 / s5:1→1, 4→1, 7→2, s1:7→1 / s4:1→1, 7→1 / s5:1→1, 4→1, 7→3, s1:7→1 / s4:1→1, 7→1 / s5:1→1, 7→1, s1:7→1 / s4:1→1, 7→1 / s5:1→2, 4→1, 7→2, s1:7→1 / s4:1→1, 7→1 / s5:1→2, 7→2, s1:7→1 / s4:1→1 / s5:1→1, 4→1, s1:7→1 / s4:1→1 / s5:1→1, 4→1, 7→1, s1:7→1 / s4:1→1 / s5:1→2, 4→1, 7→1, s1:7→1 / s4:1→1 / s5:1→2, 4→1, 7→2, s1:7→1 / s4:1→1 / s5:1→3, 4→1, 7→1, s1:7→1 / s4:1→2, 7→2 / s5:1→2, 7→2}"	"{s2:5→1 / s3:8→1 / s4:8→1 / s5:3→1, s2:5→1 / s3:8→1 / s4:8→1 / s5:3→1, s2:5→1 / s3:8→1 / s4:3→1 / s5:8→1, s2:5→1 / s3:8→1 / s4:8→1 / s5:3→1, s2:5→1 / s3:8→1 / s4:3→1 / s5:8→1, s2:5→1 / s3:8→1 / s4:8→1 / s5:3→1, s2:3→1 / s3:8→1 / s4:8→1 / s5:5→1, s2:5→1 / s3:8→1 / s4:3→1 / s5:8→1, s2:3→1 / s3:8→1 / s4:5→1 / s5:8→1, s2:3→1 / s3:8→1 / s4:8→1 / s5:5→1, s2:3→1 / s3:8→1 / s4:8→1 / s5:5→1, s2:3→1 / s3:8→1 / s4:5→1 / s5:8→1, s2:3→1 / s3:8→1 / s4:5→1 / s5:8→1, s2:3→1 / s3:8→1 / s4:5→1 / s5:8→1, s2:5→1 / s3:8→1 / s4:3→1 / s5:8→1, s2:5→1 / s3:3→1 / s4:8→1 / s5:8→1, s2:5→1 / s3:3→1 / s4:8→1 / s5:8→1, s2:5→1 / s3:3→1 / s4:8→1 / s5:8→1, s2:5→1 / s3:3→1 / s4:8→1 / s5:8→1, s2:5→1 / s3:3→1 / s4:8→1 / s5:8→1, s2:5→1 / s3:3→1 / s4:8→1 / s5:8→1, s2:5→1 / s3:3→1 / s4:8→1 / s5:8→1, s2:5→1 / s3:3→1 / s4:8→1 / s5:8→1, s2:8→1 / s3:5→1 / s4:8→1 / s5:3→1, s2:8→1 / s3:5→1 / s4:3→1 / s5:8→1, s2:8→1 / s3:5→1 / s4:3→1 / s5:8→1, s2:5→1 / s3:3→1 / s4:8→1 / s5:8→1, s2:8→1 / s3:3→1 / s4:5→1 / s5:8→1, s2:5→1 / s3:3→1 / s4:8→1 / s5:8→1, s2:8→1 / s3:3→1 / s4:8→1 / s5:5→1, s2:8→1 / s3:3→1 / s4:5→1 / s5:8→1, s2:8→1 / s3:3→1 / s4:8→1 / s5:5→1, s2:8→1 / s3:5→1 / s4:3→1 / s5:8→1, s2:8→1 / s3:8→1 / s4:5→1 / s5:3→1, s2:8→1 / s3:8→1 / s4:5→1 / s5:3→1, s2:8→1 / s3:5→1 / s4:8→1 / s5:3→1, s2:8→1 / s3:5→1 / s4:8→1 / s5:3→1, s2:8→1 / s3:8→1 / s4:5→1 / s5:3→1, s2:8→1 / s3:5→1 / s4:3→1 / s5:8→1, s2:8→1 / s3:5→1 / s4:3→1 / s5:8→1, s2:8→1 / s3:8→1 / s4:3→1 / s5:5→1, s2:8→1 / s3:5→1 / s4:8→1 / s5:3→1, s2:8→1 / s3:5→1 / s4:8→1 / s5:3→1, s2:8→1 / s3:5→1 / s4:8→1 / s5:3→1, s2:8→1 / s3:8→1 / s4:5→1 / s5:3→1, s2:5→1 / s3:8→1 / s4:8→1 / s5:3→1, s2:8→1 / s3:8→1 / s4:5→1 / s5:3→1, s2:5→1 / s3:3→1 / s4:8→1 / s5:8→1, s2:8→1 / s3:3→1 / s4:8→1 / s5:5→1, s2:5→1 / s3:8→1 / s4:8→1 / s5:3→1, s2:8→1 / s3:8→1 / s4:5→1 / s5:3→1, s2:3→1 / s3:8→1 / s4:5→1 / s5:8→1, s2:3→1 / s3:8→1 / s4:8→1 / s5:5→1, s2:5→1 / s3:8→1 / s4:8→1 / s5:3→1, s2:3→1 / s3:8→1 / s4:8→1 / s5:5→1, s2:5→1 / s3:8→1 / s4:8→1 / s5:3→1, s2:3→1 / s3:8→1 / s4:5→1 / s5:8→1, s2:5→1 / s3:8→1 / s4:3→1 / s5:8→1, s2:3→1 / s3:8→1 / s4:5→1 / s5:8→1, s2:3→1 / s3:8→1 / s4:8→1 / s5:5→1, s2:5→1 / s3:8→1 / s4:3→1 / s5:8→1, s2:5→1 / s3:8→1 / s4:8→1 / s5:3→1, s2:5→1 / s3:8→1 / s4:3→1 / s5:8→1, s2:3→1 / s3:8→1 / s4:5→1 / s5:8→1, s2:5→1 / s3:8→1 / s4:3→1 / s5:8→1, s2:5→1 / s3:8→1 / s4:8→1 / s5:3→1, s2:3→1 / s3:8→1 / s4:8→1 / s5:5→1, s2:3→1 / s3:8→1 / s4:8→1 / s5:5→1, s2:3→1 / s3:8→1 / s4:5→1 / s5:8→1, s2:3→1 / s3:8→1 / s4:5→1 / s5:8→1, s2:3→1 / s3:8→1 / s4:5→1 / s5:8→1, s2:3→1 / s3:8→1 / s4:5→1 / s5:8→1, s2:3→1 / s3:8→1 / s4:5→1 / s5:8→1, s2:3→1 / s3:8→1 / s4:8→1 / s5:5→1, s2:3→1 / s3:8→1 / s4:8→1 / s5:5→1, s2:5→1 / s3:8→1 / s4:8→1 / s5:3→1, s2:3→1 / s3:8→1 / s4:5→1 / s5:8→1, s2:3→1 / s3:8→1 / s4:8→1 / s5:5→1, s2:3→1 / s3:8→1 / s4:5→1 / s5:8→1, s2:5→1 / s3:8→1 / s4:3→1 / s5:8→1, s2:3→1 / s3:8→1 / s4:5→1 / s5:8→1, s2:3→1 / s3:8→1 / s4:8→1 / s5:5→1, s2:5→1 / s3:8→1 / s4:8→1 / s5:3→1, s2:3→1 / s3:8→1 / s4:5→1 / s5:8→1, s2:5→1 / s3:8→1 / s4:8→1 / s5:3→1, s2:3→1 / s3:5→1 / s4:8→1 / s5:8→1, s2:3→1 / s3:8→1 / s4:8→1 / s5:5→1, s2:3→1 / s3:8→1 / s4:8→1 / s5:5→1, s2:5→1 / s3:8→1 / s4:8→1 / s5:3→1, s2:3→1 / s3:8→1 / s4:8→1 / s5:5→1, s2:5→1 / s3:8→1 / s4:8→1 / s5:3→1, s2:5→1 / s3:8→1 / s4:3→1 / s5:8→1, s2:3→1 / s3:8→1 / s4:5→1 / s5:8→1, s2:3→1 / s3:8→1 / s4:8→1 / s5:5→1, s2:5→1 / s3:8→1 / s4:8→1 / s5:3→1, s2:3→1 / s3:8→1 / s4:8→1 / s5:5→1, s2:5→1 / s3:3→1 / s4:8→1 / s5:8→1, s2:5→1 / s3:3→1 / s4:8→1 / s5:8→1, s2:5→1 / s3:3→1 / s4:8→1 / s5:8→1, s2:5→1 / s3:3→1 / s4:8→1 / s5:8→1, s2:5→1 / s3:3→1 / s4:8→1 / s5:8→1, s2:5→1 / s3:3→1 / s4:8→1 / s5:8→1, s2:5→1 / s3:3→1 / s4:8→1 / s5:8→1, s2:5→1 / s3:3→1 / s4:8→1 / s5:8→1, s2:5→1 / s3:3→1 / s4:8→1 / s5:8→1, s2:5→1 / s3:3→1 / s4:8→1 / s5:8→1, s2:5→1 / s3:3→1 / s4:8→1 / s5:8→1, s2:5→1 / s3:3→1 / s4:8→1 / s5:8→1, s2:5→1 / s3:3→1 / s4:8→1 / s5:8→1, s2:5→1 / s3:3→1 / s4:8→1 / s5:8→1, s2:5→1 / s3:3→1 / s4:8→1 / s5:8→1}"
7	3	"2(g2+su(2))"	"3(so(7)+2 su(2))"	13	170	4	1	0	0	0	0	0	0	"{s1:1→1, 7→1 / s3:1→1 / s4:1→1 / s5:1→2, s1:1→1, 7→1 / s3:1→1 / s4:1→1 / s5:1→2, 4→1, s1:7→1 / s2:1→1 / s3:1→1 / s4:1→1 / s5:1→3, 7→1, s1:7→1 / s2:1→1 / s3:1→1 / s4:1→3, 7→1 / s5:1→3, 7→1, s1:7→1 / s2:1→1 / s3:1→1 / s4:1→3, 7→1 / s5:1→4, 7→1, s1:7→1 / s3:1→1, 7→1 / s4:1→1, 4→1, 7→2 / s5:1→1, 7→1, s1:7→1 / s3:7→1 / s4:1→1, 7→1 / s5:1→2, 4→1, 7→2}"	"{s2:3→1 / s3:8→1 / s4:8→1 / s5:5→1, s2:5→1 / s3:8→1 / s4:3→1 / s5:8→1, s2:8→1 / s3:8→1 / s4:5→1 / s5:3→1, s2:8→1 / s3:8→1 / s4:5→1 / s5:3→1, s2:8→1 / s3:8→1 / s4:3→1 / s5:5→1, s2:5→1 / s3:8→1 / s4:8→1 / s5:3→1, s2:5→1 / s3:3→1 / s4:8→1 / s5:8→1}"
7	3	"2(g2+su(2))"	"3(so(7)+2 su(2))"	15	170	4	1	0	0	0	0	0	0	"{s1:1→1, 7→1 / s3:1→1 / s4:1→1 / s5:1→2, 7→1, s1:7→1 / s2:1→1 / s3:1→1, 7→1 / s4:1→1, 7→1 / s5:1→1, 7→2, s1:7→1 / s2:1→1 / s3:1→3, 7→1 / s4:1→3, 7→1 / s5:1→4, 7→1, s1:7→1 / s2:7→1 / s4:1→1, 7→1 / s5:1→1, 4→1, 7→2, s1:7→1 / s2:7→1 / s4:1→1, 7→1 / s5:1→1, 7→2, s1:7→1 / s3:1→1 / s4:1→1, 7→2 / s5:1→2, 7→3, s1:7→1 / s3:1→1 / s4:1→1 / s5:1→4, 7→1, s1:7→1 / s3:1→1 / s4:1→3, 7→1 / s5:1→4, 7→1}"	"{s2:3→1 / s3:8→1 / s4:8→1 / s5:5→1, s2:8→1 / s3:8→1 / s4:5→1 / s5:3→1, s2:8→1 / s3:8→1 / s4:3→1 / s5:5→1, s2:5→1 / s3:3→1 / s4:8→1 / s5:8→1, s2:5→1 / s3:3→1 / s4:8→1 / s5:8→1, s2:5→1 / s3:8→1 / s4:3→1 / s5:8→1, s2:3→1 / s3:8→1 / s4:8→1 / s5:5→1, s2:3→1 / s3:8→1 / s4:8→1 / s5:5→1}"
7	3	"2(g2+su(2))"	"3(so(7)+2 su(2))"	19	170	4	1	0	0	0	0	0	0	"s1:7→1 / s3:1→1 / s4:1→1, 4→1, 7→1 / s5:1→1, 7→1"	"s2:5→1 / s3:8→1 / s4:8→1 / s5:3→1"
7	3	"2(g2+su(2))"	"3 su(3)+2(so(7)+2 su(2))"	11	157	2	3	0	0	0	0	0	0	"{s1:1→1, 7→1 / s2:1→1, 7→1 / s3:1→1, 7→1, s1:7→1 / s2:1→1, 7→1 / s3:1→2, 7→1, s1:7→1 / s2:1→1 / s3:1→1, 7→1, s1:7→1 / s2:1→1 / s3:1→1, 7→1 / s4:1→1, 7→1 / s5:1→1, 7→1, s1:7→1 / s2:1→1 / s3:1→1, 7→1 / s5:1→1, 4→1, 7→1, s1:7→1 / s2:1→1 / s3:1→1, 7→1 / s5:1→1, 7→1, s1:7→1 / s2:1→1 / s3:1→1, 7→1 / s5:1→2, 7→2, s1:7→1 / s2:1→1 / s3:1→2, 7→2}"	"{s4:5→1 / s5:3→1, s4:5→1 / s5:3→1, s4:5→1 / s5:3→1, s4:5→1 / s5:3→1, s4:5→1 / s5:3→1, s4:5→1 / s5:3→1, s4:5→1 / s5:3→1, s4:5→1 / s5:3→1}"
7	3	"2(g2+su(2))"	"3 su(3)+2(so(7)+2 su(2))"	12	157	2	3	0	0	0	0	0	0	"{s1:7→1 / s2:1→1, 7→1 / s3:1→1, 7→1, s1:7→1 / s2:1→1, 7→1 / s3:1→1, 7→1 / s5:1→1, 7→1, s1:7→1 / s2:1→1, 7→1 / s3:1→1, 7→1 / s5:1→1, 7→1, s1:7→1 / s2:1→1, 7→1 / s3:1→1, 7→1 / s5:7→1, s1:7→1 / s2:1→1 / s3:1→1, 7→1 / s5:1→1, 4→1, 7→2, s1:7→1 / s2:1→1 / s3:1→1, 7→1 / s5:1→1, 7→2, s1:7→1 / s2:1→1 / s3:1→1, 7→1 / s5:1→2, 7→3}"	"{s4:5→1 / s5:3→1, s4:3→1 / s5:5→1, s4:5→1 / s5:3→1, s4:5→1 / s5:3→1, s4:5→1 / s5:3→1, s4:5→1 / s5:3→1, s4:5→1 / s5:3→1}"
7	3	"2(g2+su(2))"	"3 su(3)+2(so(7)+2 su(2))"	14	157	2	3	0	0	0	0	0	0	"{s1:7→1 / s2:1→1 / s3:1→1, 7→2 / s5:1→1, 7→2, s1:7→1 / s2:7→1 / s3:1→1, 7→1 / s5:7→1}"	"{s4:5→1 / s5:3→1, s4:5→1 / s5:3→1}"
7	3	"2(g2+su(2))"	"3 su(3)+2(so(7)+2 su(2))"	17	157	2	3	0	0	0	0	0	0	"{s1:7→1 / s2:1→1 / s3:1→1, 7→2 / s5:1→1, 7→3, s1:7→1 / s2:1→1 / s3:1→1, 7→2 / s5:7→1, s1:7→1 / s2:7→1 / s3:1→1, 7→1, s1:7→1 / s2:7→1 / s3:1→1, 7→1 / s5:1→1, 7→1, s1:7→1 / s2:7→1 / s3:1→1, 7→1 / s5:1→1, 7→1, s1:7→1 / s2:7→1 / s3:7→1 / s5:7→1}"	"{s4:5→1 / s5:3→1, s4:5→1 / s5:3→1, s4:5→1 / s5:3→1, s4:3→1 / s5:5→1, s4:5→1 / s5:3→1, s4:5→1 / s5:3→1}"
7	3	"2(g2+su(2))"	"4 su(3)+g2+su(2)+so(7)+2 su(2)"	12	151	1	4	0	0	0	0	0	0	"{s1:7→1 / s2:1→1 / s3:1→1, 7→1 / s4:1→1, 7→1, s1:7→1 / s2:1→1 / s3:1→1, 7→1 / s4:1→1, 7→1 / s5:1→1, 7→1}"	"{s5:5→1, s5:5→1}"
7	3	"2(g2+su(2))"	"e6+2 su(3)+2(so(7)+2 su(2))"	14	87	2	2	0	0	1	0	0	0	"{s1:1→1 / s2:7→1 / s3:7→1 / s4:7→1 / s5:7→1, s1:1→1 / s2:7→1 / s3:7→1 / s5:7→1}"	"{s4:5→1 / s5:3→1, s4:5→1 / s5:3→1}"
7	3	"2(g2+su(2))"	"e6+2 su(3)+2(so(7)+2 su(2))"	15	87	2	2	0	0	1	0	0	0	"s1:1→1 / s2:7→1 / s3:7→1 / s5:7→2"	"s4:5→1 / s5:3→1"
7	3	"2(g2+su(2))"	"e6+2 su(3)+2(so(7)+2 su(2))"	16	87	2	2	0	0	1	0	0	0	"s1:1→1 / s2:7→1 / s3:7→1 / s5:7→3"	"s4:5→1 / s5:3→1"
7	3	"2(g2+su(2))"	"e6+3 su(3)+g2+su(2)+so(7)+2 su(2)"	15	81	1	3	0	0	1	0	0	0	"s1:1→1 / s2:7→1 / s3:7→1 / s4:7→1 / s5:7→1"	"s5:5→1"
7	3	"2(g2+su(2))"	"e6+3 su(3)+g2+su(2)+so(7)+2 su(2)"	16	81	1	3	0	0	1	0	0	0	"s1:1→1 / s2:7→1 / s3:7→1 / s4:7→1 / s5:7→1"	"s5:3→1"
7	3	"2(g2+su(2))"	"e6+3 su(3)+g2+su(2)+so(7)+2 su(2)"	17	81	1	3	0	0	1	0	0	0	"s1:1→1 / s2:7→1 / s3:7→1 / s4:7→1"	"s5:5→1"
7	3	"2(g2+su(2))"	"e6+g2+su(2)+2(so(7)+2 su(2))"	14	94	3	1	0	0	1	0	0	0	"{s1:1→1 / s2:7→1 / s3:7→1 / s4:7→1 / s5:7→2, s1:1→1 / s2:7→1 / s4:4→1, s1:1→1 / s2:7→1 / s4:4→1, 7→1, s1:1→1 / s2:7→1 / s4:4→1, 7→1 / s5:7→1, s1:1→1 / s2:7→1 / s4:4→1, 7→2 / s5:7→1, s1:1→1 / s2:7→1 / s4:4→1 / s5:7→1, s1:1→1 / s2:7→1 / s4:7→1 / s5:1→1, 7→1, s1:1→1 / s2:7→1 / s4:7→1 / s5:1→1, 7→2, s1:1→1 / s2:7→1 / s4:7→2 / s5:1→1, 7→2, s1:1→1 / s2:7→1 / s5:1→1, 4→1, 7→1, s1:1→1 / s2:7→1 / s5:1→1, 4→1, 7→2, s1:1→1 / s2:7→1 / s5:1→1, 7→1}"	"{s3:9→1 / s4:5→1 / s5:3→1, s3:5→1 / s4:9→1 / s5:3→1, s3:5→1 / s4:9→1 / s5:3→1, s3:5→1 / s4:9→1 / s5:3→1, s3:5→1 / s4:9→1 / s5:3→1, s3:5→1 / s4:9→1 / s5:3→1, s3:5→1 / s4:3→1 / s5:9→1, s3:5→1 / s4:3→1 / s5:9→1, s3:5→1 / s4:3→1 / s5:9→1, s3:5→1 / s4:3→1 / s5:9→1, s3:5→1 / s4:3→1 / s5:9→1, s3:5→1 / s4:3→1 / s5:9→1}"
7	3	"2(g2+su(2))"	"e6+g2+su(2)+2(so(7)+2 su(2))"	15	94	3	1	0	0	1	0	0	0	"{s1:1→1 / s2:7→1 / s3:7→1 / s4:7→1 / s5:4→1, 7→2, s1:1→1 / s2:7→1 / s3:7→1 / s4:7→1 / s5:7→3, s1:1→1 / s2:7→1 / s3:7→1 / s4:7→1 / s5:7→4, s1:1→1 / s2:7→1 / s3:7→1 / s4:7→2 / s5:7→2}"	"{s3:9→1 / s4:5→1 / s5:9→1, s3:9→1 / s4:5→1 / s5:3→1, s3:9→1 / s4:5→1 / s5:3→1, s3:9→1 / s4:5→1 / s5:3→1}"
7	3	"2(g2+su(2))"	"e6+g2+su(2)+2(so(7)+2 su(2))"	16	94	3	1	0	0	1	0	0	0	"s1:1→1 / s2:7→1 / s5:1→1, 4→1"	"s3:5→1 / s4:3→1 / s5:9→1"
7	3	"2(g2+su(2))"	"e6+g2+su(2)+2(so(7)+2 su(2))"	17	94	3	1	0	0	1	0	0	0	"{s1:1→1 / s2:7→1 / s3:7→1 / s4:4→1, 7→2 / s5:7→1, s1:1→1 / s2:7→1 / s3:7→1 / s4:7→1 / s5:1→1, 7→2, s1:1→1 / s2:7→1 / s3:7→1 / s4:7→1 / s5:1→1, 7→2, s1:1→1 / s2:7→1 / s3:7→1 / s4:7→1 / s5:7→1, s1:1→1 / s2:7→1 / s3:7→1 / s4:7→1 / s5:7→2}"	"{s3:9→1 / s4:9→1 / s5:3→1, s3:9→1 / s4:3→1 / s5:9→1, s3:9→1 / s4:5→1 / s5:9→1, s3:9→1 / s4:5→1 / s5:3→1, s3:9→1 / s4:9→1 / s5:5→1}"
7	3	"2(g2+su(2))"	"e6+g2+su(2)+2(so(7)+2 su(2))"	64	94	3	1	0	0	1	0	0	0	"s1:1→1 / s2:7→1 / s3:7→1 / s4:7→1 / s5:7→1"	"s3:9→1 / s4:9→1 / s5:5→1"
7	3	"2(g2+su(2))"	"e6+so(8)+2(g2+su(2))+so(7)+2 su(2)"	15	68	2	1	1	0	1	0	0	0	"s1:1→1 / s2:7→1 / s3:7→1 / s5:4→1"	"s4:5→1 / s5:10→1"
7	3	"2(g2+su(2))"	"e6+so(8)+su(3)+2(so(7)+2 su(2))"	37	67	2	1	1	0	1	0	0	0	"s1:1→1 / s2:7→1 / s3:7→1"	"s4:5→1 / s5:3→1"
7	3	"2(g2+su(2))"	"e6+su(3)+2(g2+su(2))+so(7)+2 su(2)"	14	88	2	2	0	0	1	0	0	0	"{s1:1→1 / s2:7→1 / s3:7→1 / s4:4→1, 7→1 / s5:7→1, s1:1→1 / s2:7→1 / s3:7→1 / s4:7→1 / s5:1→1, 7→1, s1:1→1 / s2:7→1 / s3:7→1 / s5:1→1, 4→1, 7→2, s1:1→1 / s2:7→1 / s3:7→1 / s5:1→1, 7→1, s1:1→1 / s2:7→1 / s3:7→1 / s5:1→1, 7→2, s1:1→1 / s2:7→1 / s3:7→1 / s5:4→1, 7→1, s1:1→1 / s2:7→1 / s3:7→1 / s5:4→1, 7→2, s1:1→1 / s2:7→1 / s3:7→1 / s5:4→2, 7→1, s1:1→1 / s2:7→1 / s3:7→1 / s5:4→2, 7→2, s1:1→1 / s2:7→1 / s3:7→1 / s5:4→2, 7→3}"	"{s4:10→1 / s5:3→1, s4:3→1 / s5:10→1, s4:5→1 / s5:10→1, s4:5→1 / s5:10→1, s4:5→1 / s5:10→1, s4:5→1 / s5:10→1, s4:5→1 / s5:10→1, s4:5→1 / s5:10→1, s4:5→1 / s5:10→1, s4:5→1 / s5:10→1}"
7	3	"2(g2+su(2))"	"e6+su(3)+2(g2+su(2))+so(7)+2 su(2)"	15	88	2	2	0	0	1	0	0	0	"{s1:1→1 / s2:7→1 / s3:7→1 / s4:7→1 / s5:4→1, 7→1, s1:1→1 / s2:7→1 / s3:7→1 / s5:1→1, 7→3, s1:1→1 / s2:7→1 / s3:7→1 / s5:4→1, 7→3, s1:1→1 / s2:7→1 / s3:7→1 / s5:4→1, 7→4}"	"{s4:5→1 / s5:10→1, s4:5→1 / s5:10→1, s4:5→1 / s5:10→1, s4:5→1 / s5:10→1}"
7	3	"2(g2+su(2))"	"e6+su(3)+2(g2+su(2))+so(7)+2 su(2)"	16	88	2	2	0	0	1	0	0	0	"s1:1→1 / s2:7→1 / s3:7→1 / s4:7→1 / s5:7→1"	"s4:10→1 / s5:5→1"
7	3	"2(g2+su(2))"	"e6+su(3)+2(g2+su(2))+so(7)+2 su(2)"	17	88	2	2	0	0	1	0	0	0	"s1:1→1 / s2:7→1 / s3:7→1 / s5:1→1, 7→4"	"s4:5→1 / s5:10→1"
7	3	"2(g2+su(2))"	"e6+su(3)+2(g2+su(2))+so(7)+2 su(2)"	48	88	2	2	0	0	1	0	0	0	"s1:1→1 / s2:7→1 / s3:7→1 / s5:1→1, 4→1, 7→1"	"s4:5→1 / s5:10→1"
7	3	"2(g2+su(2))"	"e7'+2 su(3)+2(so(7)+2 su(2))"	15	60	2	2	0	0	0	1	0	0	"s1:1→1 / s2:7→1 / s3:7→1 / s5:7→1"	"s4:5→1 / s5:3→1"
7	3	"2(g2+su(2))"	"e7+2 su(3)+2(so(7)+2 su(2))"	16	32	2	2	0	0	0	0	1	0	"s1:1→1 / s2:7→1 / s3:7→1 / s5:7→1"	"s4:5→1 / s5:3→1"
7	3	"2(g2+su(2))"	"e7'+3 su(3)+g2+su(2)+so(7)+2 su(2)"	16	54	1	3	0	0	0	1	0	0	"{s1:1→1 / s2:7→1 / s3:7→1 / s4:7→1, s1:1→1 / s2:7→1 / s3:7→1 / s4:7→1 / s5:7→1, s1:1→1 / s2:7→1 / s3:7→1 / s4:7→1 / s5:7→1}"	"{s5:5→1, s5:3→1, s5:5→1}"
7	3	"2(g2+su(2))"	"e7+3 su(3)+g2+su(2)+so(7)+2 su(2)"	16	26	1	3	0	0	0	0	1	0	"s1:1→1 / s2:7→1 / s3:7→1 / s4:7→1 / s5:7→1"	"s5:5→1"
7	3	"2(g2+su(2))"	"e7+3 su(3)+g2+su(2)+so(7)+2 su(2)"	17	26	1	3	0	0	0	0	1	0	"{s1:1→1 / s2:7→1 / s3:7→1 / s4:7→1, s1:1→1 / s2:7→1 / s3:7→1 / s4:7→1 / s5:7→1}"	"{s5:5→1, s5:3→1}"
7	3	"2(g2+su(2))"	"e7'+g2+su(2)+2(so(7)+2 su(2))"	15	67	3	1	0	0	0	1	0	0	"{s1:1→1 / s2:7→1 / s3:7→1 / s4:4→1, 7→2 / s5:7→1, s1:1→1 / s2:7→1 / s3:7→1 / s4:7→1 / s5:4→1, 7→2, s1:1→1 / s2:7→1 / s3:7→1 / s4:7→1 / s5:7→1, s1:1→1 / s2:7→1 / s4:4→1, s1:1→1 / s2:7→1 / s4:4→1, 7→1, s1:1→1 / s2:7→1 / s4:4→1 / s5:7→1}"	"{s3:9→1 / s4:9→1 / s5:3→1, s3:9→1 / s4:5→1 / s5:9→1, s3:9→1 / s4:5→1 / s5:3→1, s3:5→1 / s4:9→1 / s5:3→1, s3:5→1 / s4:9→1 / s5:3→1, s3:5→1 / s4:9→1 / s5:3→1}"
7	3	"2(g2+su(2))"	"e7'+g2+su(2)+2(so(7)+2 su(2))"	16	67	3	1	0	0	0	1	0	0	"s1:1→1 / s2:7→1 / s3:7→1 / s4:7→1 / s5:7→2"	"s3:9→1 / s4:9→1 / s5:5→1"
7	3	"2(g2+su(2))"	"e7'+g2+su(2)+2(so(7)+2 su(2))"	17	67	3	1	0	0	0	1	0	0	"s1:1→1 / s2:7→1 / s3:7→1 / s5:7→2"	"s3:9→1 / s4:5→1 / s5:3→1"
7	3	"2(g2+su(2))"	"e7'+g2+su(2)+2(so(7)+2 su(2))"	18	67	3	1	0	0	0	1	0	0	"{s1:1→1 / s2:7→1 / s3:7→1 / s4:7→1 / s5:7→1, s1:1→1 / s2:7→1 / s3:7→1 / s5:4→1, 7→3, s1:1→1 / s2:7→1 / s3:7→1 / s5:4→1, 7→4}"	"{s3:9→1 / s4:9→1 / s5:5→1, s3:9→1 / s4:5→1 / s5:9→1, s3:9→1 / s4:5→1 / s5:9→1}"
7	3	"2(g2+su(2))"	"e7'+g2+su(2)+2(so(7)+2 su(2))"	22	67	3	1	0	0	0	1	0	0	"s1:1→1 / s2:7→1 / s3:7→1 / s5:7→3"	"s3:9→1 / s4:5→1 / s5:3→1"
7	3	"2(g2+su(2))"	"e7'+g2+su(2)+2(so(7)+2 su(2))"	25	67	3	1	0	0	0	1	0	0	"s1:1→1 / s2:7→1 / s3:7→1 / s4:7→1 / s5:7→2"	"s3:9→1 / s4:9→1 / s5:3→1"
7	3	"2(g2+su(2))"	"e7+g2+su(2)+2(so(7)+2 su(2))"	16	39	3	1	0	0	0	0	1	0	"{s1:1→1 / s2:7→1 / s3:7→1 / s4:4→1, 7→2 / s5:7→1, s1:1→1 / s2:7→1 / s3:7→1 / s4:7→1 / s5:4→1, 7→2, s1:1→1 / s2:7→1 / s3:7→1 / s4:7→1 / s5:7→1, s1:1→1 / s2:7→1 / s3:7→1 / s4:7→1 / s5:7→2, s1:1→1 / s2:7→1 / s3:7→1 / s5:4→1, 7→3, s1:1→1 / s2:7→1 / s3:7→1 / s5:4→1, 7→4, s1:1→1 / s2:7→1 / s3:7→1 / s5:7→2, s1:1→1 / s2:7→1 / s3:7→1 / s5:7→3, s1:1→1 / s2:7→1 / s4:4→1, s1:1→1 / s2:7→1 / s4:4→1, 7→1, s1:1→1 / s2:7→1 / s4:4→1 / s5:7→1}"	"{s3:9→1 / s4:9→1 / s5:3→1, s3:9→1 / s4:5→1 / s5:9→1, s3:9→1 / s4:5→1 / s5:3→1, s3:9→1 / s4:9→1 / s5:5→1, s3:9→1 / s4:5→1 / s5:9→1, s3:9→1 / s4:5→1 / s5:9→1, s3:9→1 / s4:5→1 / s5:3→1, s3:9→1 / s4:5→1 / s5:3→1, s3:5→1 / s4:9→1 / s5:3→1, s3:5→1 / s4:9→1 / s5:3→1, s3:5→1 / s4:9→1 / s5:3→1}"
7	3	"2(g2+su(2))"	"e7+g2+su(2)+2(so(7)+2 su(2))"	17	39	3	1	0	0	0	0	1	0	"s1:1→1 / s2:7→1 / s3:7→1 / s4:7→1 / s5:7→1"	"s3:9→1 / s4:9→1 / s5:5→1"
7	3	"2(g2+su(2))"	"e7+g2+su(2)+2(so(7)+2 su(2))"	18	39	3	1	0	0	0	0	1	0	"{s1:1→1 / s2:7→1 / s3:7→1 / s4:7→1 / s5:7→2, s1:1→1 / s2:7→1 / s3:7→1 / s5:7→4}"	"{s3:9→1 / s4:9→1 / s5:3→1, s3:9→1 / s4:5→1 / s5:3→1}"
7	3	"2(g2+su(2))"	"e7+g2+su(2)+2(so(7)+2 su(2))"	44	39	3	1	0	0	0	0	1	0	"s1:1→1 / s2:7→1 / s3:7→1 / s5:4→1, 7→2"	"s3:9→1 / s4:5→1 / s5:9→1"
7	3	"2(g2+su(2))"	"e7'+su(3)+2(g2+su(2))+so(7)+2 su(2)"	15	61	2	2	0	0	0	1	0	0	"{s1:1→1 / s2:7→1 / s3:7→1 / s5:4→1, 7→1, s1:1→1 / s2:7→1 / s3:7→1 / s5:4→1, 7→2, s1:1→1 / s2:7→1 / s3:7→1 / s5:4→2, 7→1}"	"{s4:5→1 / s5:10→1, s4:5→1 / s5:10→1, s4:5→1 / s5:10→1}"
7	3	"2(g2+su(2))"	"e7'+su(3)+2(g2+su(2))+so(7)+2 su(2)"	16	61	2	2	0	0	0	1	0	0	"s1:1→1 / s2:7→1 / s3:7→1 / s4:7→1 / s5:7→1"	"s4:10→1 / s5:5→1"
7	3	"2(g2+su(2))"	"e7'+su(3)+2(g2+su(2))+so(7)+2 su(2)"	63	61	2	2	0	0	0	1	0	0	"s1:1→1 / s2:7→1 / s3:7→1 / s4:7→1 / s5:7→1"	"s4:10→1 / s5:3→1"
7	3	"2(g2+su(2))"	"e7+su(3)+2(g2+su(2))+so(7)+2 su(2)"	16	33	2	2	0	0	0	0	1	0	"{s1:1→1 / s2:7→1 / s3:7→1 / s4:4→1, 7→1, s1:1→1 / s2:7→1 / s3:7→1 / s4:7→1 / s5:7→1, s1:1→1 / s2:7→1 / s3:7→1 / s5:4→1, 7→1, s1:1→1 / s2:7→1 / s3:7→1 / s5:4→1, 7→2, s1:1→1 / s2:7→1 / s3:7→1 / s5:4→2, 7→1}"	"{s4:10→1 / s5:3→1, s4:10→1 / s5:5→1, s4:5→1 / s5:10→1, s4:5→1 / s5:10→1, s4:5→1 / s5:10→1}"
7	3	"2(g2+su(2))"	"e7+su(3)+2(g2+su(2))+so(7)+2 su(2)"	19	33	2	2	0	0	0	0	1	0	"s1:1→1 / s2:7→1 / s3:7→1 / s4:7→1 / s5:7→1"	"s4:10→1 / s5:3→1"
7	3	"2(g2+su(2))"	"e7+su(3)+2(g2+su(2))+so(7)+2 su(2)"	37	33	2	2	0	0	0	0	1	0	"s1:1→1 / s2:7→1 / s3:7→1 / s4:7→1"	"s4:10→1 / s5:5→1"
7	3	"2(g2+su(2))"	"f5+2 su(3)+2(so(7)+2 su(2))"	13	113	2	2	0	1	0	0	0	0	"s1:1→1 / s2:7→1 / s3:7→1 / s5:1→1, 7→2"	"s4:5→1 / s5:3→1"
7	3	"2(g2+su(2))"	"f5+2 su(3)+2(so(7)+2 su(2))"	14	113	2	2	0	1	0	0	0	0	"{s1:1→1 / s2:7→1 / s3:7→1 / s4:7→1 / s5:7→1, s1:1→1 / s2:7→1 / s3:7→1 / s4:7→1 / s5:7→2, s1:1→1 / s2:7→1 / s3:7→1 / s5:1→1, 7→3, s1:1→1 / s2:7→1 / s3:7→1 / s5:7→1}"	"{s4:5→1 / s5:3→1, s4:5→1 / s5:3→1, s4:5→1 / s5:3→1, s4:5→1 / s5:3→1}"
7	3	"2(g2+su(2))"	"f5+2 su(3)+2(so(7)+2 su(2))"	15	113	2	2	0	1	0	0	0	0	"s1:1→1 / s2:7→1 / s3:7→1 / s4:7→1 / s5:7→3"	"s4:5→1 / s5:3→1"
7	3	"2(g2+su(2))"	"f5+2 su(3)+2(so(7)+2 su(2))"	16	113	2	2	0	1	0	0	0	0	"s1:1→1 / s2:7→1 / s3:7→1 / s5:7→2"	"s4:5→1 / s5:3→1"
7	3	"2(g2+su(2))"	"f5+2 su(3)+2(so(7)+2 su(2))"	30	113	2	2	0	1	0	0	0	0	"s1:1→1 / s2:7→1 / s3:7→1 / s5:4→1, 7→1"	"s4:5→1 / s5:3→1"
7	3	"2(g2+su(2))"	"f5+3 su(3)+g2+su(2)+so(7)+2 su(2)"	16	107	1	3	0	1	0	0	0	0	"s1:1→1 / s2:7→1 / s3:7→1 / s4:7→1 / s5:7→1"	"s5:5→1"
7	3	"2(g2+su(2))"	"f5+3 su(3)+g2+su(2)+so(7)+2 su(2)"	18	107	1	3	0	1	0	0	0	0	"s1:1→1 / s2:7→1 / s3:7→1 / s4:7→1 / s5:7→1"	"s5:3→1"
7	3	"2(g2+su(2))"	"f5+3 su(3)+g2+su(2)+so(7)+2 su(2)"	79	107	1	3	0	1	0	0	0	0	"s1:1→1 / s2:7→1 / s3:7→1 / s4:7→1"	"s5:5→1"
7	3	"2(g2+su(2))"	"f5+g2+su(2)+2(so(7)+2 su(2))"	13	120	3	1	0	1	0	0	0	0	"{s1:1→1 / s2:7→1 / s3:7→1 / s4:4→1, 7→1 / s5:7→1, s1:1→1 / s2:7→1 / s3:7→1 / s4:7→1 / s5:1→1, 7→2, s1:1→1 / s2:7→1 / s3:7→1 / s4:7→1 / s5:1→1, 7→3, s1:1→1 / s2:7→1 / s4:4→1, s1:1→1 / s2:7→1 / s4:4→1, 7→1, s1:1→1 / s2:7→1 / s4:4→1, 7→1 / s5:7→1, s1:1→1 / s2:7→1 / s4:4→1, 7→2 / s5:7→1, s1:1→1 / s2:7→1 / s4:4→1, 7→2 / s5:7→2, s1:1→1 / s2:7→1 / s4:4→1, 7→3 / s5:7→2, s1:1→1 / s2:7→1 / s4:4→1 / s5:7→1, s1:1→1 / s2:7→1 / s4:7→1 / s5:1→1, 4→1, 7→1, s1:1→1 / s2:7→1 / s4:7→1 / s5:1→1, 7→1, s1:1→1 / s2:7→1 / s4:7→1 / s5:1→1, 7→2, s1:1→1 / s2:7→1 / s4:7→1 / s5:1→2, 7→3, s1:1→1 / s2:7→1 / s4:7→2 / s5:1→1, 7→2, s1:1→1 / s2:7→1 / s4:7→2 / s5:1→1, 7→3, s1:1→1 / s2:7→1 / s5:1→1, 4→1, 7→1, s1:1→1 / s2:7→1 / s5:1→1, 4→1, 7→2, s1:1→1 / s2:7→1 / s5:1→1, 7→1, s1:1→1 / s2:7→1 / s5:1→2, 4→1, 7→2, s1:1→1 / s2:7→1 / s5:1→2, 7→2}"	"{s3:5→1 / s4:9→1 / s5:3→1, s3:5→1 / s4:3→1 / s5:9→1, s3:5→1 / s4:3→1 / s5:9→1, s3:5→1 / s4:9→1 / s5:3→1, s3:5→1 / s4:9→1 / s5:3→1, s3:5→1 / s4:9→1 / s5:3→1, s3:5→1 / s4:9→1 / s5:3→1, s3:5→1 / s4:9→1 / s5:3→1, s3:5→1 / s4:9→1 / s5:3→1, s3:5→1 / s4:9→1 / s5:3→1, s3:5→1 / s4:3→1 / s5:9→1, s3:5→1 / s4:3→1 / s5:9→1, s3:5→1 / s4:3→1 / s5:9→1, s3:5→1 / s4:3→1 / s5:9→1, s3:5→1 / s4:3→1 / s5:9→1, s3:5→1 / s4:3→1 / s5:9→1, s3:5→1 / s4:3→1 / s5:9→1, s3:5→1 / s4:3→1 / s5:9→1, s3:5→1 / s4:3→1 / s5:9→1, s3:5→1 / s4:3→1 / s5:9→1, s3:5→1 / s4:3→1 / s5:9→1}"
7	3	"2(g2+su(2))"	"f5+g2+su(2)+2(so(7)+2 su(2))"	14	120	3	1	0	1	0	0	0	0	"{s1:1→1 / s2:7→1 / s4:4→1, 7→3 / s5:7→1, s1:1→1 / s2:7→1 / s5:1→2, 4→1, 7→1}"	"{s3:5→1 / s4:9→1 / s5:3→1, s3:5→1 / s4:3→1 / s5:9→1}"
7	3	"2(g2+su(2))"	"f5+g2+su(2)+2(so(7)+2 su(2))"	15	120	3	1	0	1	0	0	0	0	"s1:1→1 / s2:7→1 / s5:1→1, 4→1"	"s3:5→1 / s4:3→1 / s5:9→1"
7	3	"2(g2+su(2))"	"f5+g2+su(2)+2(so(7)+2 su(2))"	16	120	3	1	0	1	0	0	0	0	"s1:1→1 / s2:7→1 / s3:7→1 / s4:7→1 / s5:7→2"	"s3:9→1 / s4:5→1 / s5:3→1"
7	3	"2(g2+su(2))"	"f5+g2+su(2)+2(so(7)+2 su(2))"	17	120	3	1	0	1	0	0	0	0	"s1:1→1 / s2:7→1 / s3:7→1 / s4:7→1 / s5:7→3"	"s3:9→1 / s4:5→1 / s5:3→1"
7	3	"2(g2+su(2))"	"f5+g2+su(2)+2(so(7)+2 su(2))"	18	120	3	1	0	1	0	0	0	0	"s1:1→1 / s2:7→1 / s5:1→1, 4→1, 7→3"	"s3:5→1 / s4:3→1 / s5:9→1"
7	3	"2(g2+su(2))"	"f5+g2+su(2)+2(so(7)+2 su(2))"	19	120	3	1	0	1	0	0	0	0	"{s1:1→1 / s2:7→1 / s4:7→3 / s5:1→1, 7→4, s1:1→1 / s2:7→1 / s5:1→3, 4→1, 7→1}"	"{s3:5→1 / s4:3→1 / s5:9→1, s3:5→1 / s4:3→1 / s5:9→1}"
7	3	"2(g2+su(2))"	"f5+g2+su(2)+2(so(7)+2 su(2))"	20	120	3	1	0	1	0	0	0	0	"{s1:1→1 / s2:7→1 / s3:7→1 / s4:7→1 / s5:4→1, 7→2, s1:1→1 / s2:7→1 / s3:7→1 / s4:7→2 / s5:7→2}"	"{s3:9→1 / s4:5→1 / s5:9→1, s3:9→1 / s4:5→1 / s5:3→1}"
7	3	"2(g2+su(2))"	"f5+g2+su(2)+2(so(7)+2 su(2))"	22	120	3	1	0	1	0	0	0	0	"s1:1→1 / s2:7→1 / s3:7→1 / s4:7→1 / s5:7→4"	"s3:9→1 / s4:5→1 / s5:3→1"
7	3	"2(g2+su(2))"	"f5+g2+su(2)+2(so(7)+2 su(2))"	81	120	3	1	0	1	0	0	0	0	"s1:1→1 / s2:7→1 / s3:7→1 / s4:7→1 / s5:7→2"	"s3:9→1 / s4:9→1 / s5:5→1"
7	3	"2(g2+su(2))"	"f5+so(8)+2(g2+su(2))+so(7)+2 su(2)"	17	94	2	1	1	1	0	0	0	0	"s1:1→1 / s2:7→1 / s3:7→1 / s5:4→1"	"s4:5→1 / s5:10→1"
7	3	"2(g2+su(2))"	"f5+su(3)+2(g2+su(2))+so(7)+2 su(2)"	13	114	2	2	0	1	0	0	0	0	"{s1:1→1 / s2:7→1 / s3:7→1 / s5:1→1, 4→1, 7→2, s1:1→1 / s2:7→1 / s3:7→1 / s5:1→1, 7→1}"	"{s4:5→1 / s5:10→1, s4:5→1 / s5:10→1}"
7	3	"2(g2+su(2))"	"f5+su(3)+2(g2+su(2))+so(7)+2 su(2)"	14	114	2	2	0	1	0	0	0	0	"{s1:1→1 / s2:7→1 / s3:7→1 / s4:4→1, 7→1 / s5:7→1, s1:1→1 / s2:7→1 / s3:7→1 / s5:1→1, 4→1, 7→3, s1:1→1 / s2:7→1 / s3:7→1 / s5:1→1, 4→2, 7→2, s1:1→1 / s2:7→1 / s3:7→1 / s5:1→1, 7→2, s1:1→1 / s2:7→1 / s3:7→1 / s5:1→2, 7→3, s1:1→1 / s2:7→1 / s3:7→1 / s5:4→1, 7→1, s1:1→1 / s2:7→1 / s3:7→1 / s5:4→1, 7→2, s1:1→1 / s2:7→1 / s3:7→1 / s5:4→2, 7→1, s1:1→1 / s2:7→1 / s3:7→1 / s5:4→2, 7→2, s1:1→1 / s2:7→1 / s3:7→1 / s5:4→2, 7→3}"	"{s4:10→1 / s5:3→1, s4:5→1 / s5:10→1, s4:5→1 / s5:10→1, s4:5→1 / s5:10→1, s4:5→1 / s5:10→1, s4:5→1 / s5:10→1, s4:5→1 / s5:10→1, s4:5→1 / s5:10→1, s4:5→1 / s5:10→1, s4:5→1 / s5:10→1}"
7	3	"2(g2+su(2))"	"f5+su(3)+2(g2+su(2))+so(7)+2 su(2)"	15	114	2	2	0	1	0	0	0	0	"s1:1→1 / s2:7→1 / s3:7→1 / s4:7→1 / s5:4→1, 7→1"	"s4:5→1 / s5:10→1"
7	3	"2(g2+su(2))"	"f5+su(3)+2(g2+su(2))+so(7)+2 su(2)"	16	114	2	2	0	1	0	0	0	0	"{s1:1→1 / s2:7→1 / s3:7→1 / s5:1→2, 7→2, s1:1→1 / s2:7→1 / s3:7→1 / s5:4→1, 7→3}"	"{s4:5→1 / s5:10→1, s4:5→1 / s5:10→1}"
7	3	"2(g2+su(2))"	"f5+su(3)+2(g2+su(2))+so(7)+2 su(2)"	17	114	2	2	0	1	0	0	0	0	"s1:1→1 / s2:7→1 / s3:7→1 / s5:1→1, 7→3"	"s4:5→1 / s5:10→1"
7	3	"2(g2+su(2))"	"f5+su(3)+2(g2+su(2))+so(7)+2 su(2)"	18	114	2	2	0	1	0	0	0	0	"s1:1→1 / s2:7→1 / s3:7→1 / s4:7→1 / s5:1→1, 7→1"	"s4:3→1 / s5:10→1"
7	3	"2(g2+su(2))"	"f5+su(3)+2(g2+su(2))+so(7)+2 su(2)"	26	114	2	2	0	1	0	0	0	0	"s1:1→1 / s2:7→1 / s3:7→1 / s4:7→1 / s5:7→1"	"s4:10→1 / s5:5→1"
7	3	"2(g2+su(2))"	"f5+su(3)+2(g2+su(2))+so(7)+2 su(2)"	36	114	2	2	0	1	0	0	0	0	"s1:1→1 / s2:7→1 / s3:7→1 / s5:4→1, 7→4"	"s4:5→1 / s5:10→1"
7	3	"2(g2+su(2))"	"so(8)+2 su(3)+2(so(7)+2 su(2))"	12	137	2	2	1	0	0	0	0	0	"{s1:1→1, 7→1 / s2:7→1 / s3:1→1, s1:7→1 / s2:1→1 / s3:1→1, 7→1, s1:7→1 / s2:1→1 / s3:1→1, 7→1 / s5:1→1, s1:7→1 / s2:1→1 / s3:1→1, 7→1 / s5:1→1, 7→1, s1:7→1 / s2:1→1 / s3:1→1, 7→1 / s5:1→1, 7→1}"	"{s4:5→1 / s5:3→1, s4:5→1 / s5:3→1, s4:3→1 / s5:5→1, s4:3→1 / s5:5→1, s4:5→1 / s5:3→1}"
7	3	"2(g2+su(2))"	"so(8)+2 su(3)+2(so(7)+2 su(2))"	16	137	2	2	1	0	0	0	0	0	"{s1:7→1 / s2:1→1 / s3:1→1 / s4:1→1 / s5:1→2, 4→1, s1:7→1 / s2:1→1 / s3:1→1 / s4:1→1 / s5:1→3, 7→1}"	"{s4:5→1 / s5:3→1, s4:5→1 / s5:3→1}"
7	3	"2(g2+su(2))"	"so(8)+2 su(3)+2(so(7)+2 su(2))"	17	137	2	2	1	0	0	0	0	0	"{s1:7→1 / s2:1→1 / s3:1→1 / s4:1→1 / s5:1→2, 7→1, s1:7→1 / s2:1→1 / s3:1→1 / s5:1→1, s1:7→1 / s2:1→1 / s3:1→1 / s5:1→2, 4→1, s1:7→1 / s2:1→1 / s3:1→1 / s5:1→3, 7→1}"	"{s4:5→1 / s5:3→1, s4:3→1 / s5:5→1, s4:3→1 / s5:5→1, s4:3→1 / s5:5→1}"
7	3	"2(g2+su(2))"	"so(8)+2 su(3)+2(so(7)+2 su(2))"	20	137	2	2	1	0	0	0	0	0	"{s1:7→1 / s2:1→1 / s3:1→1 / s4:1→1 / s5:1→2, s1:7→1 / s2:1→1 / s3:1→1 / s5:1→2, 7→1}"	"{s4:3→1 / s5:5→1, s4:3→1 / s5:5→1}"
7	3	"2(g2+su(2))"	"so(8)+2 su(3)+2(so(7)+2 su(2))"	22	137	2	2	1	0	0	0	0	0	"s1:7→1 / s2:1→1 / s3:1→1 / s5:1→3, 4→1"	"s4:3→1 / s5:5→1"
7	3	"2(g2+su(2))"	"so(8)+2 su(3)+2(so(7)+2 su(2))"	28	137	2	2	1	0	0	0	0	0	"{s1:7→1 / s2:1→1 / s3:1→1 / s4:1→1 / s5:1→1, s1:7→1 / s2:1→1 / s3:1→1 / s4:1→1 / s5:1→4, 7→1, s1:7→1 / s2:1→1 / s3:1→1 / s4:1→1 / s5:1→4, 7→1}"	"{s4:5→1 / s5:3→1, s4:3→1 / s5:5→1, s4:5→1 / s5:3→1}"
7	3	"2(g2+su(2))"	"so(8)+2 su(3)+2(so(7)+2 su(2))"	43	137	2	2	1	0	0	0	0	0	"s1:7→1 / s2:1→1 / s3:1→1 / s5:1→4, 7→1"	"s4:3→1 / s5:5→1"
7	3	"2(g2+su(2))"	"so(8)+2 su(3)+2(so(7)+2 su(2))"	54	137	2	2	1	0	0	0	0	0	"s1:7→1 / s2:1→1 / s3:1→1 / s4:1→1 / s5:1→3"	"s4:3→1 / s5:5→1"
7	3	"2(g2+su(2))"	"so(8)+g2+su(2)+2(so(7)+2 su(2))"	12	144	3	1	1	0	0	0	0	0	"{s1:1→1, 7→1 / s2:7→1 / s4:1→1 / s5:1→1, s1:1→1, 7→1 / s2:7→1 / s4:4→1, s1:1→1, 7→1 / s2:7→1 / s5:1→1, s1:7→1 / s2:1→1, 7→1 / s3:4→1 / s5:1→1, s1:7→1 / s2:1→1, 7→1 / s4:1→1 / s5:1→1, s1:7→1 / s2:1→1, 7→1 / s4:1→1 / s5:1→1, 4→1, s1:7→1 / s2:1→1 / s3:1→1, 7→1 / s4:1→1, 4→1, 7→1 / s5:1→1, 7→1, s1:7→1 / s2:1→1 / s3:1→1, 7→1 / s4:1→1, 7→1 / s5:1→1, s1:7→1 / s2:1→1 / s3:1→1, 7→1 / s4:1→1, 7→1 / s5:1→1, 4→1, 7→1, s1:7→1 / s2:1→1 / s3:1→1, 7→1 / s4:1→1, 7→1 / s5:1→1, 7→1, s1:7→1 / s2:1→1 / s3:1→1, 7→1 / s4:1→1, 7→1 / s5:1→1, 7→1, s1:7→1 / s2:1→1 / s3:1→1, 7→1 / s4:1→1, 7→1 / s5:1→1, 7→1, s1:7→1 / s2:1→1 / s3:1→1, 7→1 / s4:1→1, 7→1 / s5:1→2, 4→1, 7→1, s1:7→1 / s2:1→1 / s3:1→1, 7→1 / s4:1→1, 7→1 / s5:1→2, 7→1, s1:7→1 / s2:1→1 / s3:1→1, 7→1 / s4:1→1, 7→1 / s5:1→2, 7→1, s1:7→1 / s2:1→1 / s3:1→1, 7→1 / s4:1→1 / s5:1→1, 4→1, 7→1, s1:7→1 / s2:1→1 / s3:1→1, 7→1 / s4:1→1 / s5:1→1, 7→1, s1:7→1 / s2:1→1 / s3:1→1, 7→1 / s4:1→1 / s5:1→2, 4→1, 7→1, s1:7→1 / s2:1→1 / s3:1→1, 7→1 / s4:1→1 / s5:1→2, 7→1, s1:7→1 / s2:1→1 / s3:1→1, 7→1 / s4:1→1 / s5:1→2, 7→1, s1:7→1 / s2:1→1 / s3:1→1 / s4:1→2, 7→1 / s5:1→2, 7→1, s1:7→1 / s2:1→1 / s3:4→1 / s5:1→1, s1:7→1 / s2:1→1 / s4:1→1, 4→1, 7→1 / s5:1→1, 7→1, s1:7→1 / s2:1→1 / s4:1→1, 4→1, 7→1 / s5:1→2, 7→1, s1:7→1 / s2:1→1 / s4:1→1, 7→1 / s5:1→1, s1:7→1 / s2:1→1 / s4:1→1, 7→1 / s5:1→1, 4→1, 7→1, s1:7→1 / s2:1→1 / s4:1→1, 7→1 / s5:1→1, 4→1, 7→1, s1:7→1 / s2:1→1 / s4:1→1, 7→1 / s5:1→1, 4→1, 7→2, s1:7→1 / s2:1→1 / s4:1→1, 7→1 / s5:1→1, 7→1, s1:7→1 / s2:1→1 / s4:1→1, 7→1 / s5:1→1, 7→1, s1:7→1 / s2:1→1 / s4:1→1, 7→1 / s5:1→1, 7→1, s1:7→1 / s2:1→1 / s4:1→1, 7→1 / s5:1→1, 7→1, s1:7→1 / s2:1→1 / s4:1→1, 7→1 / s5:1→2, 4→1, 7→1, s1:7→1 / s2:1→1 / s4:1→1, 7→1 / s5:1→2, 4→1, 7→1, s1:7→1 / s2:1→1 / s4:1→1, 7→1 / s5:1→2, 4→1, 7→2, s1:7→1 / s2:1→1 / s4:1→1, 7→1 / s5:1→2, 4→1, 7→2, s1:7→1 / s2:1→1 / s4:1→1, 7→1 / s5:1→2, 7→1, s1:7→1 / s2:1→1 / s4:1→1, 7→1 / s5:1→2, 7→1, s1:7→1 / s2:1→1 / s4:1→1, 7→1 / s5:1→2, 7→1, s1:7→1 / s2:1→1 / s4:1→1, 7→1 / s5:1→2, 7→2, s1:7→1 / s2:1→1 / s4:1→1, 7→1 / s5:1→2, 7→2, s1:7→1 / s2:1→1 / s4:1→1, 7→1 / s5:1→2, 7→2, s1:7→1 / s2:1→1 / s4:1→1, 7→1 / s5:1→2, 7→2, s1:7→1 / s2:1→1 / s4:1→1, 7→1 / s5:1→2, 7→2, s1:7→1 / s2:1→1 / s4:1→1, 7→1 / s5:1→2, 7→2, s1:7→1 / s2:1→1 / s4:1→1, 7→1 / s5:1→3, 7→1, s1:7→1 / s2:1→1 / s4:1→1, 7→1 / s5:1→3, 7→2, s1:7→1 / s2:1→1 / s4:1→1, 7→1 / s5:1→3, 7→2, s1:7→1 / s2:1→1 / s4:1→1, 7→1 / s5:1→3, 7→2, s1:7→1 / s2:1→1 / s4:1→1 / s5:1→1, 4→1, s1:7→1 / s2:1→1 / s4:1→1 / s5:1→1, 4→1, 7→1, s1:7→1 / s2:1→1 / s4:1→1 / s5:1→2, 4→1, 7→1, s1:7→1 / s2:1→1 / s4:1→1 / s5:1→2, 7→1, s1:7→1 / s2:1→1 / s4:1→1 / s5:1→3, 4→1, 7→1, s1:7→1 / s2:1→1 / s4:1→1 / s5:1→3, 7→2, s1:7→1 / s2:1→1 / s4:1→2, 7→1 / s5:1→3, 4→1, 7→1, s1:7→1 / s2:1→1 / s4:1→2, 7→1 / s5:1→3, 7→1, s1:7→1 / s2:1→1 / s4:1→2, 7→1 / s5:1→3, 7→2, s1:7→1 / s2:1→1 / s4:1→2, 7→1 / s5:1→3, 7→2, s1:7→1 / s2:1→1 / s4:1→2, 7→2 / s5:1→2, 7→1, s1:7→1 / s2:1→1 / s4:1→2, 7→2 / s5:1→2, 7→2, s1:7→1 / s2:1→1 / s4:1→2, 7→2 / s5:1→2, 7→2, s1:7→1 / s2:1→1 / s4:1→2, 7→2 / s5:1→2, 7→2, s1:7→1 / s2:1→1 / s4:1→2, 7→2 / s5:1→2, 7→2, s1:7→1 / s2:1→1 / s4:1→2, 7→2 / s5:1→3, 7→2, s1:7→1 / s2:1→1 / s5:1→1, 4→1, 7→1, s1:7→1 / s2:1→1 / s5:1→1, 7→1, s1:7→1 / s2:1→1 / s5:1→2, 4→1, 7→1, s1:7→1 / s2:1→1 / s5:1→2, 4→1, 7→2, s1:7→1 / s2:1→1 / s5:1→2, 7→2, s1:7→1 / s2:1→2, 7→1 / s4:1→1 / s5:1→1}"	"{s3:3→1 / s4:9→1 / s5:5→1, s3:5→1 / s4:9→1 / s5:3→1, s3:5→1 / s4:3→1 / s5:9→1, s3:9→1 / s4:3→1 / s5:5→1, s3:3→1 / s4:9→1 / s5:5→1, s3:3→1 / s4:5→1 / s5:9→1, s3:9→1 / s4:9→1 / s5:3→1, s3:9→1 / s4:9→1 / s5:5→1, s3:9→1 / s4:5→1 / s5:9→1, s3:9→1 / s4:5→1 / s5:3→1, s3:9→1 / s4:9→1 / s5:3→1, s3:9→1 / s4:9→1 / s5:5→1, s3:9→1 / s4:3→1 / s5:9→1, s3:9→1 / s4:9→1 / s5:3→1, s3:9→1 / s4:9→1 / s5:5→1, s3:9→1 / s4:5→1 / s5:9→1, s3:9→1 / s4:5→1 / s5:3→1, s3:9→1 / s4:5→1 / s5:9→1, s3:9→1 / s4:5→1 / s5:3→1, s3:9→1 / s4:5→1 / s5:9→1, s3:5→1 / s4:9→1 / s5:3→1, s3:9→1 / s4:3→1 / s5:5→1, s3:5→1 / s4:9→1 / s5:3→1, s3:3→1 / s4:9→1 / s5:5→1, s3:3→1 / s4:9→1 / s5:5→1, s3:3→1 / s4:5→1 / s5:9→1, s3:3→1 / s4:9→1 / s5:9→1, s3:3→1 / s4:5→1 / s5:9→1, s3:3→1 / s4:9→1 / s5:5→1, s3:3→1 / s4:9→1 / s5:9→1, s3:5→1 / s4:9→1 / s5:3→1, s3:5→1 / s4:9→1 / s5:9→1, s3:3→1 / s4:9→1 / s5:9→1, s3:5→1 / s4:9→1 / s5:9→1, s3:3→1 / s4:9→1 / s5:9→1, s3:5→1 / s4:9→1 / s5:9→1, s3:3→1 / s4:9→1 / s5:5→1, s3:3→1 / s4:9→1 / s5:9→1, s3:5→1 / s4:9→1 / s5:3→1, s3:3→1 / s4:5→1 / s5:9→1, s3:3→1 / s4:9→1 / s5:5→1, s3:3→1 / s4:9→1 / s5:9→1, s3:5→1 / s4:3→1 / s5:9→1, s3:5→1 / s4:9→1 / s5:3→1, s3:5→1 / s4:9→1 / s5:9→1, s3:3→1 / s4:9→1 / s5:5→1, s3:3→1 / s4:9→1 / s5:5→1, s3:3→1 / s4:9→1 / s5:9→1, s3:5→1 / s4:9→1 / s5:3→1, s3:3→1 / s4:5→1 / s5:9→1, s3:3→1 / s4:5→1 / s5:9→1, s3:3→1 / s4:5→1 / s5:9→1, s3:3→1 / s4:5→1 / s5:9→1, s3:3→1 / s4:5→1 / s5:9→1, s3:3→1 / s4:5→1 / s5:9→1, s3:3→1 / s4:9→1 / s5:9→1, s3:3→1 / s4:9→1 / s5:5→1, s3:3→1 / s4:5→1 / s5:9→1, s3:3→1 / s4:9→1 / s5:9→1, s3:3→1 / s4:9→1 / s5:5→1, s3:3→1 / s4:9→1 / s5:5→1, s3:3→1 / s4:9→1 / s5:9→1, s3:5→1 / s4:9→1 / s5:3→1, s3:5→1 / s4:9→1 / s5:9→1, s3:3→1 / s4:9→1 / s5:9→1, s3:5→1 / s4:3→1 / s5:9→1, s3:5→1 / s4:3→1 / s5:9→1, s3:5→1 / s4:3→1 / s5:9→1, s3:5→1 / s4:3→1 / s5:9→1, s3:5→1 / s4:3→1 / s5:9→1, s3:3→1 / s4:9→1 / s5:5→1}"
7	3	"2(g2+su(2))"	"so(8)+g2+su(2)+2(so(7)+2 su(2))"	13	144	3	1	1	0	0	0	0	0	"{s1:7→1 / s2:1→1, 7→1 / s4:4→1, s1:7→1 / s2:1→1, 7→1 / s5:1→1, 4→1, s1:7→1 / s2:1→1 / s3:1→1 / s4:1→1, 4→1 / s5:1→1, s1:7→1 / s2:1→1 / s4:1→1, 7→2 / s5:1→1, 7→2, s1:7→1 / s2:1→1 / s4:1→1, 7→2 / s5:1→1, 7→2, s1:7→1 / s2:1→1 / s4:1→2, 7→1 / s5:1→2, 7→1, s1:7→1 / s2:1→1 / s4:1→2, 7→1 / s5:1→4, 7→1, s1:7→1 / s2:1→1 / s4:4→1, s1:7→1 / s2:1→1 / s5:1→1, 4→1, 7→2}"	"{s3:5→1 / s4:9→1 / s5:3→1, s3:5→1 / s4:3→1 / s5:9→1, s3:5→1 / s4:9→1 / s5:3→1, s3:5→1 / s4:9→1 / s5:3→1, s3:5→1 / s4:9→1 / s5:9→1, s3:3→1 / s4:9→1 / s5:9→1, s3:3→1 / s4:9→1 / s5:5→1, s3:5→1 / s4:9→1 / s5:3→1, s3:5→1 / s4:3→1 / s5:9→1}"
7	3	"2(g2+su(2))"	"so(8)+g2+su(2)+2(so(7)+2 su(2))"	14	144	3	1	1	0	0	0	0	0	"{s1:7→1 / s2:1→1 / s3:1→1 / s4:1→1 / s5:1→3, 7→1, s1:7→1 / s2:1→1 / s3:1→1 / s4:1→2 / s5:1→2, 4→1, s1:7→1 / s2:1→1 / s4:1→1 / s5:1→2, 4→1, s1:7→1 / s2:1→1 / s4:4→1, 7→1}"	"{s3:5→1 / s4:3→1 / s5:9→1, s3:3→1 / s4:5→1 / s5:9→1, s3:3→1 / s4:5→1 / s5:9→1, s3:5→1 / s4:9→1 / s5:3→1}"
7	3	"2(g2+su(2))"	"so(8)+g2+su(2)+2(so(7)+2 su(2))"	15	144	3	1	1	0	0	0	0	0	"{s1:7→1 / s2:1→1 / s3:1→1 / s4:1→1 / s5:1→2, 4→1, s1:7→1 / s2:1→1 / s3:1→1 / s4:1→1 / s5:1→2, 7→1, s1:7→1 / s2:1→1 / s3:7→1 / s5:1→1, 7→2, s1:7→1 / s2:1→1 / s3:7→1 / s5:4→1, 7→1}"	"{s3:5→1 / s4:3→1 / s5:9→1, s3:5→1 / s4:3→1 / s5:9→1, s3:9→1 / s4:5→1 / s5:3→1, s3:9→1 / s4:5→1 / s5:9→1}"
7	3	"2(g2+su(2))"	"so(8)+g2+su(2)+2(so(7)+2 su(2))"	16	144	3	1	1	0	0	0	0	0	"{s1:7→1 / s2:1→1 / s3:7→1 / s5:1→1, 4→1, 7→3, s1:7→1 / s2:1→1 / s3:7→1 / s5:1→1, 4→1, 7→3, s1:7→1 / s2:1→1 / s3:7→1 / s5:1→1, 7→2, s1:7→1 / s2:1→1 / s3:7→1 / s5:1→2, 7→3, s1:7→1 / s2:1→1 / s3:7→1 / s5:1→2, 7→3, s1:7→1 / s2:1→1 / s3:7→1 / s5:4→2, 7→2, s1:7→1 / s2:1→1 / s4:1→1, 7→1 / s5:1→2, 7→3, s1:7→1 / s2:1→1 / s4:1→2 / s5:1→2, 4→1, s1:7→1 / s2:1→1 / s4:4→1, 7→1 / s5:7→1, s1:7→1 / s2:1→1 / s4:7→1 / s5:1→1, 4→1, 7→3}"	"{s3:9→1 / s4:5→1 / s5:3→1, s3:9→1 / s4:5→1 / s5:9→1, s3:9→1 / s4:5→1 / s5:9→1, s3:9→1 / s4:5→1 / s5:3→1, s3:9→1 / s4:5→1 / s5:9→1, s3:9→1 / s4:5→1 / s5:9→1, s3:5→1 / s4:9→1 / s5:9→1, s3:3→1 / s4:5→1 / s5:9→1, s3:5→1 / s4:9→1 / s5:3→1, s3:5→1 / s4:3→1 / s5:9→1}"
7	3	"2(g2+su(2))"	"so(8)+g2+su(2)+2(so(7)+2 su(2))"	17	144	3	1	1	0	0	0	0	0	"s1:7→1 / s2:1→1 / s3:7→1 / s5:1→1, 4→1, 7→2"	"s3:9→1 / s4:5→1 / s5:9→1"
7	3	"2(g2+su(2))"	"so(8)+g2+su(2)+2(so(7)+2 su(2))"	19	144	3	1	1	0	0	0	0	0	"{s1:7→1 / s2:1→1 / s3:7→1 / s4:4→1, 7→1 / s5:7→1, s1:7→1 / s2:1→1 / s3:7→1 / s5:1→1, 4→1, 7→2}"	"{s3:9→1 / s4:5→1 / s5:3→1, s3:9→1 / s4:5→1 / s5:3→1}"
7	3	"2(g2+su(2))"	"so(8)+g2+su(2)+2(so(7)+2 su(2))"	20	144	3	1	1	0	0	0	0	0	"{s1:7→1 / s2:1→1 / s3:7→1 / s5:1→1, 7→3, s1:7→1 / s2:1→1 / s3:7→1 / s5:7→1, s1:7→1 / s2:1→1 / s4:1→2 / s5:1→3, 7→1, s1:7→1 / s2:1→1 / s4:7→1 / s5:1→1, 7→3}"	"{s3:9→1 / s4:5→1 / s5:3→1, s3:9→1 / s4:5→1 / s5:3→1, s3:3→1 / s4:5→1 / s5:9→1, s3:5→1 / s4:3→1 / s5:9→1}"
7	3	"2(g2+su(2))"	"so(8)+g2+su(2)+2(so(7)+2 su(2))"	22	144	3	1	1	0	0	0	0	0	"{s1:7→1 / s2:1→1 / s3:7→1 / s5:4→1, 7→2, s1:7→1 / s2:1→1 / s4:4→1, 7→2 / s5:7→1}"	"{s3:9→1 / s4:5→1 / s5:3→1, s3:5→1 / s4:9→1 / s5:3→1}"
7	3	"2(g2+su(2))"	"so(8)+g2+su(2)+2(so(7)+2 su(2))"	23	144	3	1	1	0	0	0	0	0	"s1:7→1 / s2:1→1 / s3:7→1 / s5:4→2, 7→3"	"s3:9→1 / s4:5→1 / s5:9→1"
7	3	"2(g2+su(2))"	"so(8)+g2+su(2)+2(so(7)+2 su(2))"	24	144	3	1	1	0	0	0	0	0	"s1:7→1 / s2:1→1 / s3:7→1 / s5:4→1, 7→2"	"s3:9→1 / s4:5→1 / s5:9→1"
7	3	"2(g2+su(2))"	"so(8)+g2+su(2)+2(so(7)+2 su(2))"	28	144	3	1	1	0	0	0	0	0	"s1:7→1 / s2:1→1 / s3:7→1 / s4:7→1 / s5:7→1"	"s3:9→1 / s4:9→1 / s5:3→1"
7	3	"2(g2+su(2))"	"so(8)+g2+su(2)+2(so(7)+2 su(2))"	35	144	3	1	1	0	0	0	0	0	"s1:7→1 / s2:1→1 / s4:1→2, 7→1 / s5:1→3, 7→1"	"s3:3→1 / s4:9→1 / s5:9→1"
7	3	"2(g2+su(2))"	"so(8)+g2+su(2)+2(so(7)+2 su(2))"	37	144	3	1	1	0	0	0	0	0	"s1:7→1 / s2:1→1 / s3:7→1 / s5:1→1, 7→3"	"s3:9→1 / s4:5→1 / s5:9→1"
7	3	"2(g2+su(2))"	"so(8)+g2+su(2)+2(so(7)+2 su(2))"	42	144	3	1	1	0	0	0	0	0	"s1:7→1 / s2:1→1 / s3:7→1 / s5:4→1, 7→1"	"s3:9→1 / s4:5→1 / s5:3→1"
7	3	"2(g2+su(2))"	"so(8)+su(3)+2(g2+su(2))+so(7)+2 su(2)"	12	138	2	2	1	0	0	0	0	0	"{s1:7→1 / s2:1→1 / s3:1→1, 7→1 / s4:4→1, s1:7→1 / s2:1→1 / s3:1→1, 7→1 / s5:1→1, 4→1, s1:7→1 / s2:1→1 / s3:1→1, 7→1 / s5:1→1, 4→1, 7→1, s1:7→1 / s2:1→1 / s3:1→1, 7→1 / s5:1→1, 4→1, 7→1, s1:7→1 / s2:1→1 / s3:1→1, 7→1 / s5:1→1, 4→2, 7→1, s1:7→1 / s2:1→1 / s3:1→1, 7→1 / s5:1→1, 4→2, 7→1, s1:7→1 / s2:1→1 / s3:1→1, 7→1 / s5:1→1, 7→1, s1:7→1 / s2:1→1 / s3:1→1, 7→1 / s5:1→1, 7→1, s1:7→1 / s2:1→1 / s3:1→1, 7→1 / s5:1→2, 4→1, 7→1, s1:7→1 / s2:1→1 / s3:1→1, 7→1 / s5:1→2, 7→1, s1:7→1 / s2:1→1 / s3:1→2, 7→1 / s5:1→1, 7→1}"	"{s4:10→1 / s5:3→1, s4:3→1 / s5:10→1, s4:3→1 / s5:9→1, s4:5→1 / s5:9→1, s4:3→1 / s5:9→1, s4:5→1 / s5:9→1, s4:3→1 / s5:9→1, s4:5→1 / s5:9→1, s4:3→1 / s5:9→1, s4:3→1 / s5:9→1, s4:3→1 / s5:9→1}"
7	3	"2(g2+su(2))"	"so(8)+su(3)+2(g2+su(2))+so(7)+2 su(2)"	13	138	2	2	1	0	0	0	0	0	"s1:7→1 / s2:1→1 / s3:1→1, 7→1 / s5:1→2, 4→1, 7→1"	"s4:5→1 / s5:9→1"
7	3	"2(g2+su(2))"	"so(8)+su(3)+2(g2+su(2))+so(7)+2 su(2)"	16	138	2	2	1	0	0	0	0	0	"s1:7→1 / s2:1→1 / s3:1→1 / s4:1→1 / s5:1→1, 4→1"	"s4:5→1 / s5:10→1"
7	3	"2(g2+su(2))"	"so(8)+su(3)+2(g2+su(2))+so(7)+2 su(2)"	17	138	2	2	1	0	0	0	0	0	"{s1:7→1 / s2:1→1 / s3:1→1 / s5:1→1, 4→1, s1:7→1 / s2:1→1 / s3:1→1 / s5:1→2, 4→2, s1:7→1 / s2:1→1 / s3:1→1 / s5:1→3, 4→1, 7→1, s1:7→1 / s2:1→1 / s3:1→1 / s5:1→3, 7→2}"	"{s4:3→1 / s5:10→1, s4:3→1 / s5:10→1, s4:3→1 / s5:10→1, s4:3→1 / s5:10→1}"
7	3	"2(g2+su(2))"	"so(8)+su(3)+2(g2+su(2))+so(7)+2 su(2)"	18	138	2	2	1	0	0	0	0	0	"s1:7→1 / s2:1→1 / s3:1→1 / s5:1→2, 4→1, 7→1"	"s4:3→1 / s5:10→1"
7	3	"2(g2+su(2))"	"so(8)+su(3)+2(g2+su(2))+so(7)+2 su(2)"	19	138	2	2	1	0	0	0	0	0	"s1:7→1 / s2:1→1 / s3:1→1, 7→1 / s4:7→1"	"s4:9→1 / s5:5→1"
7	3	"2(g2+su(2))"	"so(8)+su(3)+2(g2+su(2))+so(7)+2 su(2)"	20	138	2	2	1	0	0	0	0	0	"s1:7→1 / s2:1→1 / s3:1→1 / s5:1→3, 4→2"	"s4:3→1 / s5:10→1"
7	3	"2(g2+su(2))"	"so(8)+su(3)+2(g2+su(2))+so(7)+2 su(2)"	22	138	2	2	1	0	0	0	0	0	"s1:7→1 / s2:1→1 / s3:1→1 / s5:1→2, 7→1"	"s4:3→1 / s5:10→1"
7	3	"2(g2+su(2))"	"so(8)+su(3)+2(g2+su(2))+so(7)+2 su(2)"	36	138	2	2	1	0	0	0	0	0	"s1:7→1 / s2:1→1 / s3:1→1 / s5:1→1, 7→1"	"s4:3→1 / s5:10→1"
7	3	"2(g2+su(2))"	"su(3)+4(g2+su(2))"	11	159	2	3	0	0	0	0	0	0	"{s1:7→1 / s2:1→1 / s3:1→1, 4→1, 7→1 / s4:1→1, 7→1 / s5:1→1, 7→1, s1:7→1 / s2:1→1 / s3:1→1, 7→1 / s4:1→1, 4→1, 7→1 / s5:1→1, 4→1, 7→1, s1:7→1 / s2:1→1 / s3:1→1, 7→1 / s4:4→1 / s5:1→1, 4→1, 7→1}"	"{s4:9→1 / s5:8→1, s4:9→1 / s5:8→1, s4:10→1 / s5:9→1}"
7	3	"2(g2+su(2))"	"su(3)+4(g2+su(2))"	12	159	2	3	0	0	0	0	0	0	"s1:7→1 / s2:1→1 / s3:1→1, 7→1 / s4:1→1, 7→1 / s5:1→1, 7→1"	"s4:9→1 / s5:8→1"
7	3	"2(g2+su(2))"	"su(3)+g2+su(2)+2(so(7)+2 su(2))"	11	164	3	2	0	0	0	0	0	0	"{s1:1→1, 7→1 / s2:1→1, 7→1 / s3:7→1 / s4:1→1, 7→1 / s5:1→1, s1:1→1, 7→1 / s2:1→1, 7→1 / s4:1→1 / s5:1→1, s1:1→1, 7→1 / s2:1→1, 7→1 / s4:1→1 / s5:1→1, 7→1, s1:1→1, 7→1 / s2:1→1, 7→1 / s4:1→1 / s5:1→1, 7→1, s1:1→1, 7→1 / s2:1→1, 7→1 / s4:7→1 / s5:1→1, 7→1, s1:1→1, 7→1 / s2:1→1, 7→1 / s5:1→1, s1:1→1, 7→1 / s2:1→1, 7→1 / s5:1→1, 7→2, s1:1→1, 7→1 / s2:1→1, 7→1 / s5:1→2, 7→3, s1:1→1, 7→1 / s2:1→1, 7→2 / s5:1→1, s1:1→1, 7→1 / s2:1→1, 7→2 / s5:1→1, 7→1, s1:1→1, 7→1 / s2:1→2, 7→2 / s5:1→1, s1:7→1 / s2:1→1, 7→1 / s3:1→1 / s4:1→1, 7→1 / s5:1→1, 7→1, s1:7→1 / s2:1→1, 7→1 / s3:1→1 / s4:1→1, 7→1 / s5:1→2, 7→1, s1:7→1 / s2:1→1, 7→1 / s3:1→1 / s4:1→1, 7→1 / s5:1→2, 7→1, s1:7→1 / s2:1→1, 7→1 / s3:1→1 / s4:1→1 / s5:1→2, 4→1, 7→1, s1:7→1 / s2:1→1, 7→1 / s3:1→1 / s4:1→1 / s5:1→2, 4→2, 7→1, s1:7→1 / s2:1→1, 7→1 / s3:1→1 / s4:1→1 / s5:1→2, 7→1, s1:7→1 / s2:1→1, 7→1 / s3:1→1 / s4:1→1 / s5:1→2, 7→1, s1:7→1 / s2:1→1, 7→1 / s3:1→1 / s4:1→1 / s5:1→2, 7→1, s1:7→1 / s2:1→1, 7→1 / s3:1→1 / s4:1→1 / s5:1→3, 4→1, 7→1, s1:7→1 / s2:1→1, 7→1 / s3:1→1 / s4:1→1 / s5:1→3, 7→2, s1:7→1 / s2:1→1, 7→1 / s3:1→1 / s4:1→2, 7→1 / s5:1→2, 7→1, s1:7→1 / s2:1→1, 7→1 / s4:1→1, 7→1 / s5:1→1, 7→1, s1:7→1 / s2:1→1, 7→1 / s4:1→1, 7→1 / s5:1→1, 7→1, s1:7→1 / s2:1→1, 7→1 / s4:1→1, 7→1 / s5:1→2, 7→1, s1:7→1 / s2:1→1, 7→1 / s4:1→1, 7→1 / s5:1→2, 7→1, s1:7→1 / s2:1→1, 7→1 / s4:1→1 / s5:1→1, s1:7→1 / s2:1→1, 7→1 / s4:1→1 / s5:1→1, s1:7→1 / s2:1→1, 7→1 / s4:1→1 / s5:1→1, 4→1, s1:7→1 / s2:1→1, 7→1 / s4:1→1 / s5:1→1, 4→1, 7→1, s1:7→1 / s2:1→1, 7→1 / s4:1→1 / s5:1→1, 7→1, s1:7→1 / s2:1→1, 7→1 / s4:1→1 / s5:1→1, 7→1, s1:7→1 / s2:1→1, 7→1 / s4:1→1 / s5:1→2, 4→1, 7→1, s1:7→1 / s2:1→1, 7→1 / s4:1→1 / s5:1→2, 4→2, 7→1, s1:7→1 / s2:1→1, 7→1 / s4:1→1 / s5:1→2, 7→1, s1:7→1 / s2:1→1, 7→1 / s4:1→1 / s5:1→2, 7→1, s1:7→1 / s2:1→1, 7→1 / s4:1→1 / s5:1→2, 7→1, s1:7→1 / s2:1→1, 7→1 / s4:1→1 / s5:1→2, 7→2, s1:7→1 / s2:1→1, 7→1 / s4:1→1 / s5:1→2, 7→2, s1:7→1 / s2:1→1, 7→1 / s4:1→1 / s5:1→3, 7→1, s1:7→1 / s2:1→1, 7→1 / s4:1→1 / s5:1→3, 7→1, s1:7→1 / s2:1→1, 7→1 / s4:1→1 / s5:1→3, 7→2, s1:7→1 / s2:1→1, 7→1 / s4:1→2, 7→1 / s5:1→2, 7→1, s1:7→1 / s2:1→1, 7→1 / s4:1→2, 7→1 / s5:1→2, 7→1, s1:7→1 / s2:1→1, 7→1 / s4:1→2, 7→1 / s5:1→3, 7→1, s1:7→1 / s2:1→1, 7→1 / s4:1→3, 7→1 / s5:1→3, 7→1, s1:7→1 / s2:1→1, 7→1 / s5:1→1, s1:7→1 / s2:1→1, 7→1 / s5:1→1, 7→1, s1:7→1 / s2:1→1, 7→1 / s5:1→2, 7→1, s1:7→1 / s2:1→1, 7→1 / s5:1→2, 7→2, s1:7→1 / s2:1→1, 7→1 / s5:1→3, 7→2, s1:7→1 / s2:1→1 / s3:1→1, 7→1 / s4:1→1, 4→1, 7→1 / s5:1→2, 7→2, s1:7→1 / s2:1→1 / s3:1→1, 7→1 / s4:1→1, 7→1 / s5:1→1, 4→1, 7→1, s1:7→1 / s2:1→1 / s3:1→1, 7→1 / s4:1→1, 7→1 / s5:1→1, 7→1, s1:7→1 / s2:1→1 / s3:1→1, 7→1 / s4:1→1, 7→1 / s5:1→2, 7→2, s1:7→1 / s2:1→1 / s3:1→1, 7→1 / s4:1→1, 7→1 / s5:1→2, 7→2, s1:7→1 / s2:1→1 / s3:1→1, 7→1 / s4:1→1, 7→1 / s5:1→2, 7→2, s1:7→1 / s2:1→1 / s3:1→1, 7→1 / s4:1→1, 7→1 / s5:1→2, 7→2, s1:7→1 / s2:1→1 / s3:1→1, 7→1 / s4:1→1, 7→1 / s5:1→3, 7→2, s1:7→1 / s2:1→1 / s3:1→1, 7→1 / s4:1→2, 7→2 / s5:1→2, 7→2, s1:7→1 / s2:1→1 / s3:1→1, 7→1 / s4:1→2, 7→2 / s5:1→2, 7→2, s1:7→1 / s2:1→1 / s3:1→1, 7→1 / s4:1→2, 7→2 / s5:1→2, 7→2, s1:7→1 / s2:1→1 / s4:1→1, 7→1 / s5:1→1, 4→1, 7→1, s1:7→1 / s2:1→1 / s4:1→1, 7→1 / s5:1→1, 7→1, s1:7→1 / s2:1→1 / s4:1→1, 7→1 / s5:1→1, 7→1, s1:7→1 / s2:1→1 / s4:1→1, 7→1 / s5:1→2, 7→2, s1:7→1 / s2:1→1 / s4:1→1, 7→1 / s5:1→2, 7→2, s1:7→1 / s2:1→1 / s4:1→1, 7→1 / s5:1→2, 7→2, s1:7→1 / s2:1→1 / s4:1→1, 7→1 / s5:1→2, 7→2, s1:7→1 / s2:1→1 / s4:1→1, 7→1 / s5:1→2, 7→2, s1:7→1 / s2:1→1 / s4:1→2, 7→2 / s5:1→2, 7→2, s1:7→1 / s2:1→1 / s4:1→2, 7→2 / s5:1→2, 7→2, s1:7→1 / s2:1→1 / s4:1→2, 7→2 / s5:1→2, 7→3, s1:7→1 / s2:1→1 / s4:1→2, 7→3 / s5:1→2, 7→3, s1:7→1 / s2:1→1 / s5:1→1, 7→1, s1:7→1 / s2:1→1 / s5:1→2, 7→2, s1:7→1 / s2:1→2, 7→1 / s4:1→1, 7→1 / s5:1→1, 7→1, s1:7→1 / s2:1→2, 7→1 / s4:1→1, 7→1 / s5:1→1, 7→1, s1:7→1 / s2:1→2, 7→1 / s4:1→1, 7→1 / s5:1→1, 7→1, s1:7→1 / s2:1→2, 7→1 / s4:1→1, 7→1 / s5:1→1, 7→1, s1:7→1 / s2:1→2, 7→1 / s4:1→1 / s5:1→2, 7→1, s1:7→1 / s2:1→2, 7→1 / s4:1→1 / s5:1→2, 7→1, s1:7→1 / s2:1→2, 7→1 / s4:1→1 / s5:1→3, 4→1, 7→1, s1:7→1 / s2:1→2, 7→1 / s4:1→1 / s5:1→3, 7→2, s1:7→1 / s2:1→2, 7→1 / s5:1→1, 7→1, s1:7→1 / s2:1→2, 7→1 / s5:1→1, 7→1, s1:7→1 / s2:1→2, 7→1 / s5:1→2, 7→2, s1:7→1 / s2:1→2, 7→1 / s5:1→2, 7→2, s1:7→1 / s2:1→2, 7→2 / s4:1→1 / s5:1→1, 7→1, s1:7→1 / s2:1→2, 7→2 / s4:1→1 / s5:1→1, 7→1, s1:7→1 / s2:1→2, 7→2 / s5:1→1, s1:7→1 / s2:1→2, 7→2 / s5:1→2, 7→1, s1:7→1 / s2:1→3, 7→2 / s4:1→1 / s5:1→1, s1:7→1 / s2:1→3, 7→2 / s5:1→1, 7→1}"	"{s3:3→1 / s4:9→1 / s5:5→1, s3:3→1 / s4:9→1 / s5:5→1, s3:3→1 / s4:9→1 / s5:5→1, s3:5→1 / s4:9→1 / s5:3→1, s3:5→1 / s4:3→1 / s5:9→1, s3:5→1 / s4:3→1 / s5:9→1, s3:5→1 / s4:3→1 / s5:9→1, s3:5→1 / s4:3→1 / s5:9→1, s3:5→1 / s4:3→1 / s5:9→1, s3:5→1 / s4:3→1 / s5:8→1, s3:5→1 / s4:3→1 / s5:8→1, s3:8→1 / s4:5→1 / s5:3→1, s3:5→1 / s4:3→1 / s5:8→1, s3:5→1 / s4:3→1 / s5:9→1, s3:8→1 / s4:5→1 / s5:3→1, s3:8→1 / s4:5→1 / s5:8→1, s3:8→1 / s4:5→1 / s5:3→1, s3:8→1 / s4:5→1 / s5:8→1, s3:8→1 / s4:8→1 / s5:5→1, s3:8→1 / s4:8→1 / s5:5→1, s3:8→1 / s4:8→1 / s5:3→1, s3:5→1 / s4:9→1 / s5:3→1, s3:3→1 / s4:9→1 / s5:5→1, s3:5→1 / s4:9→1 / s5:3→1, s3:3→1 / s4:5→1 / s5:8→1, s3:5→1 / s4:3→1 / s5:8→1, s3:3→1 / s4:8→1 / s5:5→1, s3:3→1 / s4:8→1 / s5:8→1, s3:5→1 / s4:8→1 / s5:8→1, s3:3→1 / s4:8→1 / s5:8→1, s3:3→1 / s4:8→1 / s5:5→1, s3:5→1 / s4:8→1 / s5:3→1, s3:3→1 / s4:9→1 / s5:9→1, s3:3→1 / s4:8→1 / s5:8→1, s3:3→1 / s4:5→1 / s5:9→1, s3:3→1 / s4:9→1 / s5:5→1, s3:5→1 / s4:8→1 / s5:8→1, s3:3→1 / s4:8→1 / s5:5→1, s3:5→1 / s4:8→1 / s5:3→1, s3:3→1 / s4:5→1 / s5:8→1, s3:3→1 / s4:8→1 / s5:5→1, s3:3→1 / s4:9→1 / s5:9→1, s3:5→1 / s4:8→1 / s5:3→1, s3:5→1 / s4:9→1 / s5:3→1, s3:3→1 / s4:9→1 / s5:5→1, s3:3→1 / s4:8→1 / s5:5→1, s3:5→1 / s4:3→1 / s5:8→1, s3:5→1 / s4:3→1 / s5:9→1, s3:5→1 / s4:3→1 / s5:8→1, s3:5→1 / s4:3→1 / s5:9→1, s3:5→1 / s4:3→1 / s5:8→1, s3:9→1 / s4:9→1 / s5:3→1, s3:9→1 / s4:5→1 / s5:9→1, s3:9→1 / s4:5→1 / s5:3→1, s3:5→1 / s4:3→1 / s5:9→1, s3:9→1 / s4:3→1 / s5:5→1, s3:9→1 / s4:3→1 / s5:9→1, s3:9→1 / s4:5→1 / s5:3→1, s3:9→1 / s4:3→1 / s5:5→1, s3:5→1 / s4:8→1 / s5:3→1, s3:5→1 / s4:9→1 / s5:3→1, s3:9→1 / s4:5→1 / s5:3→1, s3:5→1 / s4:8→1 / s5:8→1, s3:5→1 / s4:8→1 / s5:3→1, s3:5→1 / s4:9→1 / s5:3→1, s3:5→1 / s4:3→1 / s5:8→1, s3:5→1 / s4:3→1 / s5:9→1, s3:5→1 / s4:8→1 / s5:3→1, s3:5→1 / s4:8→1 / s5:8→1, s3:5→1 / s4:9→1 / s5:3→1, s3:5→1 / s4:8→1 / s5:3→1, s3:5→1 / s4:9→1 / s5:3→1, s3:5→1 / s4:8→1 / s5:3→1, s3:5→1 / s4:9→1 / s5:3→1, s3:5→1 / s4:3→1 / s5:9→1, s3:5→1 / s4:3→1 / s5:9→1, s3:3→1 / s4:8→1 / s5:5→1, s3:3→1 / s4:9→1 / s5:5→1, s3:5→1 / s4:8→1 / s5:3→1, s3:5→1 / s4:9→1 / s5:3→1, s3:3→1 / s4:5→1 / s5:8→1, s3:3→1 / s4:8→1 / s5:5→1, s3:3→1 / s4:8→1 / s5:8→1, s3:3→1 / s4:8→1 / s5:8→1, s3:5→1 / s4:3→1 / s5:8→1, s3:5→1 / s4:3→1 / s5:9→1, s3:5→1 / s4:3→1 / s5:8→1, s3:5→1 / s4:3→1 / s5:9→1, s3:3→1 / s4:8→1 / s5:5→1, s3:5→1 / s4:8→1 / s5:3→1, s3:5→1 / s4:3→1 / s5:8→1, s3:5→1 / s4:3→1 / s5:8→1, s3:3→1 / s4:8→1 / s5:5→1, s3:5→1 / s4:3→1 / s5:8→1}"
7	3	"2(g2+su(2))"	"su(3)+g2+su(2)+2(so(7)+2 su(2))"	12	164	3	2	0	0	0	0	0	0	"{s1:1→1, 7→1 / s2:1→1, 7→1 / s4:1→1, 7→1 / s5:1→1, 7→1, s1:1→1, 7→1 / s2:1→1, 7→1 / s5:1→1, 4→1, 7→1, s1:1→1, 7→1 / s2:1→1, 7→1 / s5:1→1, 4→1, 7→2, s1:1→1, 7→1 / s2:1→1, 7→1 / s5:1→1, 7→1, s1:1→1, 7→1 / s2:1→1, 7→1 / s5:1→2, 7→2, s1:7→1 / s2:1→1, 7→1 / s3:1→1 / s4:1→1, 7→1 / s5:1→2, 7→1, s1:7→1 / s2:1→1, 7→1 / s3:1→1 / s4:1→1 / s5:1→2, 4→1, 7→1, s1:7→1 / s2:1→1, 7→1 / s3:1→1 / s4:1→1 / s5:1→2, 7→1, s1:7→1 / s2:1→1, 7→1 / s3:1→1 / s4:1→1 / s5:1→3, 7→2, s1:7→1 / s2:1→1, 7→1 / s3:1→1 / s4:1→2, 7→1 / s5:1→2, 7→1, s1:7→1 / s2:1→1, 7→1 / s3:4→1, 7→1 / s5:1→1, 7→1, s1:7→1 / s2:1→1, 7→1 / s4:1→1, 4→1, 7→1 / s5:1→1, 7→1, s1:7→1 / s2:1→1, 7→1 / s4:1→1, 4→1, 7→1 / s5:1→1, 7→1, s1:7→1 / s2:1→1, 7→1 / s4:1→1, 4→1, 7→1 / s5:1→2, 7→1, s1:7→1 / s2:1→1, 7→1 / s4:1→1, 7→1 / s5:1→1, 4→1, 7→1, s1:7→1 / s2:1→1, 7→1 / s4:1→1, 7→1 / s5:1→1, 4→1, 7→1, s1:7→1 / s2:1→1, 7→1 / s4:1→1, 7→1 / s5:1→1, 7→1, s1:7→1 / s2:1→1, 7→1 / s4:1→1, 7→1 / s5:1→1, 7→1, s1:7→1 / s2:1→1, 7→1 / s4:1→1, 7→1 / s5:1→2, 4→1, 7→1, s1:7→1 / s2:1→1, 7→1 / s4:1→1, 7→1 / s5:1→2, 4→1, 7→1, s1:7→1 / s2:1→1, 7→1 / s4:1→1, 7→1 / s5:1→2, 4→1, 7→1, s1:7→1 / s2:1→1, 7→1 / s4:1→1, 7→1 / s5:1→2, 7→1, s1:7→1 / s2:1→1, 7→1 / s4:1→1 / s5:1→1, 7→1, s1:7→1 / s2:1→1, 7→1 / s4:1→1 / s5:1→1, 7→1, s1:7→1 / s2:1→1, 7→1 / s4:1→1 / s5:1→2, 4→1, 7→1, s1:7→1 / s2:1→1, 7→1 / s4:1→1 / s5:1→2, 4→1, 7→1, s1:7→1 / s2:1→1, 7→1 / s4:1→1 / s5:1→2, 4→1, 7→1, s1:7→1 / s2:1→1, 7→1 / s4:1→1 / s5:1→2, 4→1, 7→1, s1:7→1 / s2:1→1, 7→1 / s4:1→1 / s5:1→2, 4→1, 7→1, s1:7→1 / s2:1→1, 7→1 / s4:1→1 / s5:1→2, 4→1, 7→1, s1:7→1 / s2:1→1, 7→1 / s4:1→1 / s5:1→2, 4→1, 7→2, s1:7→1 / s2:1→1, 7→1 / s4:1→1 / s5:1→2, 4→1, 7→2, s1:7→1 / s2:1→1, 7→1 / s4:1→1 / s5:1→2, 4→1, 7→2, s1:7→1 / s2:1→1, 7→1 / s4:1→1 / s5:1→2, 4→1, 7→2, s1:7→1 / s2:1→1, 7→1 / s4:1→1 / s5:1→2, 4→2, 7→1, s1:7→1 / s2:1→1, 7→1 / s4:1→1 / s5:1→2, 7→1, s1:7→1 / s2:1→1, 7→1 / s4:1→1 / s5:1→2, 7→1, s1:7→1 / s2:1→1, 7→1 / s4:1→1 / s5:1→2, 7→2, s1:7→1 / s2:1→1, 7→1 / s4:1→1 / s5:1→2, 7→2, s1:7→1 / s2:1→1, 7→1 / s4:1→1 / s5:1→2, 7→3, s1:7→1 / s2:1→1, 7→1 / s4:1→1 / s5:1→3, 4→1, 7→1, s1:7→1 / s2:1→1, 7→1 / s4:1→1 / s5:1→3, 4→1, 7→1, s1:7→1 / s2:1→1, 7→1 / s4:1→1 / s5:1→3, 7→2, s1:7→1 / s2:1→1, 7→1 / s4:1→1 / s5:1→3, 7→2, s1:7→1 / s2:1→1, 7→1 / s4:1→1 / s5:1→3, 7→2, s1:7→1 / s2:1→1, 7→1 / s4:1→1 / s5:1→3, 7→2, s1:7→1 / s2:1→1, 7→1 / s4:1→2, 7→1 / s5:1→2, 7→1, s1:7→1 / s2:1→1, 7→1 / s4:1→2, 7→1 / s5:1→2, 7→1, s1:7→1 / s2:1→1, 7→1 / s4:4→1, 7→1, s1:7→1 / s2:1→1, 7→1 / s4:4→1, 7→1 / s5:7→1, s1:7→1 / s2:1→1, 7→1 / s4:7→1 / s5:1→1, 4→1, 7→1, s1:7→1 / s2:1→1, 7→1 / s4:7→1 / s5:1→1, 7→1, s1:7→1 / s2:1→1, 7→1 / s5:1→1, 4→1, 7→1, s1:7→1 / s2:1→1, 7→1 / s5:1→1, 4→1, 7→1, s1:7→1 / s2:1→1, 7→1 / s5:1→1, 4→1, 7→2, s1:7→1 / s2:1→1, 7→1 / s5:1→1, 4→1, 7→2, s1:7→1 / s2:1→1, 7→1 / s5:1→1, 4→1, 7→3, s1:7→1 / s2:1→1, 7→1 / s5:1→1, 4→1, 7→3, s1:7→1 / s2:1→1, 7→1 / s5:1→1, 7→1, s1:7→1 / s2:1→1, 7→1 / s5:1→2, 4→1, 7→1, s1:7→1 / s2:1→1, 7→1 / s5:1→2, 4→1, 7→1, s1:7→1 / s2:1→1, 7→1 / s5:1→2, 4→1, 7→2, s1:7→1 / s2:1→1, 7→1 / s5:1→2, 4→1, 7→2, s1:7→1 / s2:1→1, 7→1 / s5:1→2, 7→2, s1:7→1 / s2:1→1, 7→1 / s5:1→3, 4→1, 7→1, s1:7→1 / s2:1→1 / s3:1→1, 7→1 / s4:1→1, 4→1, 7→1 / s5:1→1, 7→1, s1:7→1 / s2:1→1 / s3:1→1, 7→1 / s4:1→1, 4→1, 7→1 / s5:1→1, 7→1, s1:7→1 / s2:1→1 / s3:1→1, 7→1 / s4:1→1, 7→1 / s5:1→1, 7→1, s1:7→1 / s2:1→1 / s3:1→1, 7→1 / s4:1→1, 7→1 / s5:1→2, 4→1, 7→2, s1:7→1 / s2:1→1 / s3:1→1, 7→1 / s4:1→1, 7→1 / s5:1→2, 4→1, 7→2, s1:7→1 / s2:1→1 / s3:1→1, 7→1 / s4:1→1, 7→1 / s5:1→2, 7→1, s1:7→1 / s2:1→1 / s3:1→1, 7→1 / s4:1→1, 7→1 / s5:1→2, 7→1, s1:7→1 / s2:1→1 / s3:1→1, 7→1 / s4:1→1, 7→1 / s5:1→2, 7→2, s1:7→1 / s2:1→1 / s3:1→1, 7→1 / s4:1→1, 7→2 / s5:1→2, 7→3, s1:7→1 / s2:1→1 / s3:1→1, 7→1 / s4:1→2, 7→1 / s5:1→3, 7→2, s1:7→1 / s2:1→1 / s3:1→1, 7→1 / s4:1→2, 7→1 / s5:1→3, 7→2, s1:7→1 / s2:1→1 / s3:1→1, 7→2 / s4:1→1, 7→2 / s5:1→1, 7→2, s1:7→1 / s2:1→1 / s3:1→1, 7→2 / s4:1→1, 7→2 / s5:1→2, 7→3, s1:7→1 / s2:1→1 / s3:1→1, 7→2 / s4:1→1, 7→2 / s5:1→2, 7→3, s1:7→1 / s2:1→1 / s4:1→1, 4→1, 7→1 / s5:1→1, 7→1, s1:7→1 / s2:1→1 / s4:1→1, 4→1, 7→2 / s5:1→1, 7→2, s1:7→1 / s2:1→1 / s4:1→1, 7→1 / s5:1→1, 7→1, s1:7→1 / s2:1→1 / s4:1→1, 7→1 / s5:1→1, 7→2, s1:7→1 / s2:1→1 / s4:1→1, 7→1 / s5:1→2, 4→1, 7→1, s1:7→1 / s2:1→1 / s4:1→1, 7→1 / s5:1→2, 4→1, 7→2, s1:7→1 / s2:1→1 / s4:1→1, 7→1 / s5:1→2, 4→1, 7→2, s1:7→1 / s2:1→1 / s4:1→1, 7→1 / s5:1→2, 4→1, 7→2, s1:7→1 / s2:1→1 / s4:1→1, 7→1 / s5:1→2, 7→2, s1:7→1 / s2:1→1 / s4:1→1, 7→1 / s5:1→2, 7→3, s1:7→1 / s2:1→1 / s4:1→1, 7→1 / s5:1→2, 7→3, s1:7→1 / s2:1→1 / s4:1→1, 7→2 / s5:1→1, 7→2, s1:7→1 / s2:1→1 / s4:1→1, 7→2 / s5:1→1, 7→2, s1:7→1 / s2:1→1 / s4:1→1, 7→2 / s5:1→2, 7→3, s1:7→1 / s2:1→1 / s4:1→1, 7→2 / s5:1→2, 7→3, s1:7→1 / s2:1→1 / s4:1→2, 4→1, 7→2 / s5:1→2, 7→2, s1:7→1 / s2:1→1 / s4:1→2, 7→2 / s5:1→2, 7→2, s1:7→1 / s2:1→1 / s4:1→2, 7→2 / s5:1→2, 7→2, s1:7→1 / s2:1→1 / s4:1→2, 7→3 / s5:1→2, 7→3, s1:7→1 / s2:1→1 / s5:1→1, 4→1, 7→1, s1:7→1 / s2:1→1 / s5:1→1, 4→1, 7→2, s1:7→1 / s2:1→1 / s5:1→2, 4→1, 7→2, s1:7→1 / s2:1→2, 7→1 / s3:1→1 / s4:1→1 / s5:1→1, s1:7→1 / s2:1→2, 7→1 / s3:1→1 / s4:1→1 / s5:1→2, 7→1, s1:7→1 / s2:1→2, 7→1 / s3:1→1 / s4:1→1 / s5:1→2, 7→1, s1:7→1 / s2:1→2, 7→1 / s3:1→1 / s4:1→1 / s5:1→2, 7→1, s1:7→1 / s2:1→2, 7→1 / s3:1→1 / s4:1→1 / s5:1→3, 4→1, 7→1, s1:7→1 / s2:1→2, 7→1 / s3:1→1 / s4:1→1 / s5:1→3, 7→1, s1:7→1 / s2:1→2, 7→1 / s3:1→1 / s4:1→1 / s5:1→3, 7→1, s1:7→1 / s2:1→2, 7→1 / s3:1→1 / s4:1→1 / s5:1→3, 7→1, s1:7→1 / s2:1→2, 7→1 / s4:1→1 / s5:1→1, s1:7→1 / s2:1→2, 7→1 / s4:1→1 / s5:1→1, s1:7→1 / s2:1→2, 7→1 / s4:1→1 / s5:1→2, 7→1, s1:7→1 / s2:1→2, 7→1 / s4:1→1 / s5:1→3, 7→1, s1:7→1 / s2:1→2, 7→1 / s4:1→1 / s5:1→3, 7→1, s1:7→1 / s2:1→2, 7→1 / s4:1→1 / s5:1→3, 7→1, s1:7→1 / s2:1→2, 7→1 / s4:1→1 / s5:1→3, 7→2, s1:7→1 / s2:1→2, 7→1 / s5:1→2, 4→1, 7→1, s1:7→1 / s2:1→2, 7→1 / s5:1→3, 4→1, 7→1, s1:7→1 / s2:1→2, 7→2 / s5:1→1, 7→1, s1:7→1 / s2:1→3, 7→2 / s4:1→1 / s5:1→1}"	"{s3:5→1 / s4:9→1 / s5:3→1, s3:5→1 / s4:3→1 / s5:9→1, s3:5→1 / s4:3→1 / s5:9→1, s3:5→1 / s4:3→1 / s5:9→1, s3:5→1 / s4:3→1 / s5:9→1, s3:8→1 / s4:3→1 / s5:5→1, s3:8→1 / s4:5→1 / s5:8→1, s3:8→1 / s4:8→1 / s5:3→1, s3:8→1 / s4:5→1 / s5:3→1, s3:8→1 / s4:5→1 / s5:3→1, s3:9→1 / s4:3→1 / s5:5→1, s3:5→1 / s4:8→1 / s5:3→1, s3:5→1 / s4:9→1 / s5:3→1, s3:3→1 / s4:9→1 / s5:5→1, s3:3→1 / s4:5→1 / s5:8→1, s3:3→1 / s4:5→1 / s5:9→1, s3:3→1 / s4:8→1 / s5:5→1, s3:5→1 / s4:8→1 / s5:3→1, s3:3→1 / s4:5→1 / s5:8→1, s3:5→1 / s4:3→1 / s5:8→1, s3:5→1 / s4:3→1 / s5:9→1, s3:3→1 / s4:9→1 / s5:5→1, s3:3→1 / s4:8→1 / s5:8→1, s3:5→1 / s4:8→1 / s5:8→1, s3:3→1 / s4:5→1 / s5:8→1, s3:3→1 / s4:5→1 / s5:9→1, s3:3→1 / s4:8→1 / s5:5→1, s3:3→1 / s4:8→1 / s5:8→1, s3:5→1 / s4:8→1 / s5:3→1, s3:5→1 / s4:8→1 / s5:8→1, s3:3→1 / s4:8→1 / s5:5→1, s3:3→1 / s4:8→1 / s5:8→1, s3:5→1 / s4:8→1 / s5:3→1, s3:5→1 / s4:8→1 / s5:8→1, s3:5→1 / s4:8→1 / s5:8→1, s3:3→1 / s4:8→1 / s5:5→1, s3:3→1 / s4:8→1 / s5:8→1, s3:3→1 / s4:8→1 / s5:8→1, s3:5→1 / s4:8→1 / s5:8→1, s3:5→1 / s4:8→1 / s5:3→1, s3:3→1 / s4:8→1 / s5:5→1, s3:3→1 / s4:8→1 / s5:8→1, s3:3→1 / s4:8→1 / s5:5→1, s3:3→1 / s4:8→1 / s5:8→1, s3:5→1 / s4:8→1 / s5:3→1, s3:5→1 / s4:8→1 / s5:8→1, s3:3→1 / s4:8→1 / s5:5→1, s3:3→1 / s4:9→1 / s5:5→1, s3:5→1 / s4:9→1 / s5:3→1, s3:5→1 / s4:9→1 / s5:3→1, s3:5→1 / s4:3→1 / s5:8→1, s3:5→1 / s4:3→1 / s5:8→1, s3:5→1 / s4:3→1 / s5:8→1, s3:5→1 / s4:3→1 / s5:9→1, s3:5→1 / s4:3→1 / s5:8→1, s3:5→1 / s4:3→1 / s5:9→1, s3:5→1 / s4:3→1 / s5:8→1, s3:5→1 / s4:3→1 / s5:9→1, s3:5→1 / s4:3→1 / s5:8→1, s3:5→1 / s4:3→1 / s5:8→1, s3:5→1 / s4:3→1 / s5:9→1, s3:5→1 / s4:3→1 / s5:8→1, s3:5→1 / s4:3→1 / s5:9→1, s3:5→1 / s4:3→1 / s5:8→1, s3:5→1 / s4:3→1 / s5:8→1, s3:5→1 / s4:9→1 / s5:3→1, s3:9→1 / s4:9→1 / s5:3→1, s3:9→1 / s4:9→1 / s5:3→1, s3:9→1 / s4:3→1 / s5:9→1, s3:9→1 / s4:5→1 / s5:9→1, s3:9→1 / s4:3→1 / s5:5→1, s3:9→1 / s4:9→1 / s5:5→1, s3:9→1 / s4:9→1 / s5:3→1, s3:5→1 / s4:3→1 / s5:9→1, s3:3→1 / s4:8→1 / s5:5→1, s3:3→1 / s4:8→1 / s5:8→1, s3:9→1 / s4:9→1 / s5:3→1, s3:9→1 / s4:3→1 / s5:9→1, s3:9→1 / s4:9→1 / s5:5→1, s3:5→1 / s4:9→1 / s5:3→1, s3:5→1 / s4:9→1 / s5:3→1, s3:5→1 / s4:8→1 / s5:8→1, s3:5→1 / s4:8→1 / s5:3→1, s3:5→1 / s4:3→1 / s5:8→1, s3:5→1 / s4:3→1 / s5:8→1, s3:5→1 / s4:3→1 / s5:9→1, s3:5→1 / s4:8→1 / s5:8→1, s3:5→1 / s4:9→1 / s5:9→1, s3:5→1 / s4:8→1 / s5:3→1, s3:5→1 / s4:8→1 / s5:8→1, s3:5→1 / s4:9→1 / s5:3→1, s3:5→1 / s4:9→1 / s5:9→1, s3:5→1 / s4:9→1 / s5:3→1, s3:5→1 / s4:9→1 / s5:9→1, s3:5→1 / s4:9→1 / s5:3→1, s3:5→1 / s4:8→1 / s5:8→1, s3:5→1 / s4:9→1 / s5:9→1, s3:5→1 / s4:9→1 / s5:9→1, s3:5→1 / s4:3→1 / s5:9→1, s3:5→1 / s4:3→1 / s5:9→1, s3:5→1 / s4:3→1 / s5:9→1, s3:8→1 / s4:8→1 / s5:5→1, s3:8→1 / s4:5→1 / s5:3→1, s3:8→1 / s4:5→1 / s5:8→1, s3:8→1 / s4:8→1 / s5:3→1, s3:8→1 / s4:5→1 / s5:8→1, s3:8→1 / s4:5→1 / s5:3→1, s3:8→1 / s4:5→1 / s5:8→1, s3:8→1 / s4:8→1 / s5:5→1, s3:3→1 / s4:8→1 / s5:5→1, s3:3→1 / s4:8→1 / s5:8→1, s3:3→1 / s4:8→1 / s5:8→1, s3:3→1 / s4:5→1 / s5:8→1, s3:3→1 / s4:8→1 / s5:5→1, s3:3→1 / s4:8→1 / s5:8→1, s3:3→1 / s4:8→1 / s5:5→1, s3:5→1 / s4:3→1 / s5:9→1, s3:5→1 / s4:3→1 / s5:8→1, s3:5→1 / s4:3→1 / s5:8→1, s3:3→1 / s4:8→1 / s5:8→1}"
7	3	"2(g2+su(2))"	"su(3)+g2+su(2)+2(so(7)+2 su(2))"	13	164	3	2	0	0	0	0	0	0	"{s1:7→1 / s2:1→1, 7→1 / s3:7→1 / s5:7→1, s1:7→1 / s2:1→1, 7→1 / s4:1→1 / s5:1→1, 4→1, 7→1, s1:7→1 / s2:1→1, 7→1 / s4:4→1, 7→1, s1:7→1 / s2:1→1, 7→1 / s4:4→1, 7→1 / s5:7→1, s1:7→1 / s2:1→1, 7→1 / s4:4→1, 7→2, s1:7→1 / s2:1→1, 7→1 / s4:7→1 / s5:1→1, 4→1, 7→1, s1:7→1 / s2:1→1 / s3:1→1, 7→1 / s4:1→2, 7→1 / s5:1→2, 7→1, s1:7→1 / s2:1→1 / s3:1→1, 7→2 / s4:1→1, 7→2 / s5:1→2, 7→3, s1:7→1 / s2:1→1 / s4:1→1, 4→1, 7→2 / s5:1→1, 7→2, s1:7→1 / s2:1→1 / s4:1→1, 4→1, 7→3 / s5:1→1, 7→2, s1:7→1 / s2:1→1 / s4:1→1, 7→2 / s5:1→2, 7→3, s1:7→1 / s2:1→1 / s4:4→1, s1:7→1 / s2:1→1 / s5:1→1, 4→1, s1:7→1 / s2:1→2, 7→1 / s3:1→1 / s4:1→1 / s5:1→2, 7→1, s1:7→1 / s2:1→2, 7→1 / s3:1→1 / s4:1→1 / s5:1→3, 7→1}"	"{s3:9→1 / s4:5→1 / s5:3→1, s3:5→1 / s4:8→1 / s5:8→1, s3:5→1 / s4:8→1 / s5:3→1, s3:5→1 / s4:8→1 / s5:3→1, s3:5→1 / s4:9→1 / s5:3→1, s3:5→1 / s4:3→1 / s5:9→1, s3:3→1 / s4:8→1 / s5:5→1, s3:9→1 / s4:9→1 / s5:3→1, s3:5→1 / s4:8→1 / s5:3→1, s3:5→1 / s4:9→1 / s5:3→1, s3:5→1 / s4:3→1 / s5:8→1, s3:5→1 / s4:9→1 / s5:3→1, s3:5→1 / s4:3→1 / s5:8→1, s3:8→1 / s4:8→1 / s5:5→1, s3:8→1 / s4:8→1 / s5:3→1}"
7	3	"2(g2+su(2))"	"su(3)+g2+su(2)+2(so(7)+2 su(2))"	14	164	3	2	0	0	0	0	0	0	"{s1:1→1, 7→1 / s2:1→1, 7→1 / s4:1→1 / s5:1→1, s1:7→1 / s2:1→1 / s3:1→1, 7→1 / s4:1→1, 7→2 / s5:1→2, 7→2, s1:7→1 / s2:1→1 / s3:1→1, 7→1 / s4:1→2, 7→1 / s5:1→2, 4→1, 7→1, s1:7→1 / s2:1→1 / s4:1→1, 7→2 / s5:1→2, 7→3, s1:7→1 / s2:1→2, 7→1 / s3:1→1 / s4:1→1 / s5:1→3, 7→2, s1:7→1 / s2:1→2, 7→2 / s4:1→1 / s5:1→2, 7→1, s1:7→1 / s2:7→1 / s4:4→1, 7→1 / s5:7→1, s1:7→1 / s2:7→1 / s4:7→1 / s5:1→1, 7→1}"	"{s3:5→1 / s4:9→1 / s5:3→1, s3:5→1 / s4:3→1 / s5:8→1, s3:3→1 / s4:8→1 / s5:8→1, s3:5→1 / s4:3→1 / s5:9→1, s3:8→1 / s4:8→1 / s5:3→1, s3:3→1 / s4:8→1 / s5:5→1, s3:5→1 / s4:9→1 / s5:3→1, s3:5→1 / s4:3→1 / s5:9→1}"
7	3	"2(g2+su(2))"	"su(3)+g2+su(2)+2(so(7)+2 su(2))"	15	164	3	2	0	0	0	0	0	0	"{s1:7→1 / s2:1→1, 7→1 / s3:7→1 / s4:4→1, 7→1, s1:7→1 / s2:1→1, 7→1 / s3:7→1 / s4:4→1, 7→1, s1:7→1 / s2:1→1 / s3:1→1, 7→2 / s4:1→1, 7→2 / s5:1→1, 7→2, s1:7→1 / s2:1→2, 7→1 / s4:1→1 / s5:1→4, 7→1, s1:7→1 / s2:1→3, 7→1 / s3:1→1 / s4:1→1 / s5:1→1}"	"{s3:5→1 / s4:8→1 / s5:3→1, s3:5→1 / s4:9→1 / s5:3→1, s3:9→1 / s4:5→1 / s5:3→1, s3:3→1 / s4:8→1 / s5:5→1, s3:8→1 / s4:8→1 / s5:5→1}"
7	3	"2(g2+su(2))"	"su(3)+g2+su(2)+2(so(7)+2 su(2))"	19	164	3	2	0	0	0	0	0	0	"{s1:7→1 / s2:1→1 / s3:1→1 / s4:1→3, 7→1 / s5:1→3, 7→1, s1:7→1 / s2:1→1 / s4:1→1 / s5:1→2, 4→2, s1:7→1 / s2:1→1 / s4:1→1 / s5:1→2, 7→1, s1:7→1 / s2:1→1 / s4:1→1 / s5:1→3, 4→1, 7→1}"	"{s3:5→1 / s4:8→1 / s5:8→1, s3:3→1 / s4:8→1 / s5:8→1, s3:3→1 / s4:8→1 / s5:8→1, s3:3→1 / s4:8→1 / s5:5→1}"
7	4	"0"	"2 su(3)+so(7)+2 su(2)"	11	176	2	3	0	0	0	0	0	0	"{s1:7→1 / s2:1→1 / s3:1→1, 7→1 / s4:1→1, 7→1 / s5:1→1, 7→1, s1:7→1 / s2:1→1 / s3:1→1, 7→1 / s4:1→1, 7→1 / s5:1→2, 7→2}"	"{s4:10→1 / s5:10→1, s4:10→1 / s5:10→1}"
7	4	"0"	"3 su(3)+g2+su(2)"	11	170	1	4	0	0	0	0	0	0	"s1:7→1 / s2:1→1 / s3:1→1, 7→1 / s4:1→1, 7→1 / s5:1→1, 7→1"	"s5:11→1"
7	4	"0"	"5 su(3)"	11	163	0	5	0	0	0	0	0	0	"s1:7→1 / s2:1→1 / s3:1→1, 7→1 / s4:1→1, 7→1 / s5:1→1, 7→1"	""
7	4	"0"	"e6+2(g2+su(2))"	24	107	2	2	0	0	1	0	0	0	"s1:1→1 / s2:7→1 / s3:7→1 / s4:7→1 / s5:7→1"	"s4:10→1 / s5:9→1"
7	4	"0"	"e6+2 su(3)+g2+su(2)"	22	100	1	3	0	0	1	0	0	0	"s1:1→1 / s2:7→1 / s3:7→1 / s4:7→1 / s5:7→1"	"s5:11→1"
7	4	"0"	"e6+4 su(3)"	19	93	0	4	0	0	1	0	0	0	"s1:1→1 / s2:7→1 / s3:7→1 / s4:7→1 / s5:7→1"	""
7	4	"0"	"e6+su(3)+so(7)+2 su(2)"	26	106	2	2	0	0	1	0	0	0	"s1:1→1 / s2:7→1 / s3:7→1 / s4:7→1 / s5:7→1"	"s4:10→1 / s5:10→1"
7	4	"0"	"e6+su(3)+so(7)+2 su(2)"	35	106	2	2	0	0	1	0	0	0	"s1:1→1 / s2:7→1 / s3:7→1 / s4:7→1 / s5:7→2"	"s4:10→1 / s5:10→1"
7	4	"0"	"e7'+2(g2+su(2))"	16	80	2	2	0	0	0	1	0	0	"s1:1→1 / s2:7→1 / s3:7→1 / s4:7→1 / s5:7→1"	"s4:10→1 / s5:9→1"
7	4	"0"	"e7+2(g2+su(2))"	16	52	2	2	0	0	0	0	1	0	"s1:1→1 / s2:7→1 / s3:7→1 / s4:7→1 / s5:7→1"	"s4:10→1 / s5:9→1"
7	4	"0"	"e7'+2 su(3)+g2+su(2)"	17	73	1	3	0	0	0	1	0	0	"s1:1→1 / s2:7→1 / s3:7→1 / s4:7→1 / s5:7→1"	"s5:11→1"
7	4	"0"	"e7+2 su(3)+g2+su(2)"	16	45	1	3	0	0	0	0	1	0	"s1:1→1 / s2:7→1 / s3:7→1 / s4:7→1 / s5:7→1"	"s5:11→1"
7	4	"0"	"e7'+4 su(3)"	17	66	0	4	0	0	0	1	0	0	"s1:1→1 / s2:7→1 / s3:7→1 / s4:7→1 / s5:7→1"	""
7	4	"0"	"e7+4 su(3)"	17	38	0	4	0	0	0	0	1	0	"s1:1→1 / s2:7→1 / s3:7→1 / s4:7→1 / s5:7→1"	""
7	4	"0"	"e7'+su(3)+so(7)+2 su(2)"	17	79	2	2	0	0	0	1	0	0	"{s1:1→1 / s2:7→1 / s3:7→1 / s4:7→1 / s5:7→1, s1:1→1 / s2:7→1 / s3:7→1 / s4:7→1 / s5:7→2}"	"{s4:10→1 / s5:10→1, s4:10→1 / s5:10→1}"
7	4	"0"	"e7+su(3)+so(7)+2 su(2)"	16	51	2	2	0	0	0	0	1	0	"{s1:1→1 / s2:7→1 / s3:7→1 / s4:7→1 / s5:7→1, s1:1→1 / s2:7→1 / s3:7→1 / s4:7→1 / s5:7→2}"	"{s4:10→1 / s5:10→1, s4:10→1 / s5:10→1}"
7	4	"0"	"e8+2(g2+su(2))"	19	-63	2	2	0	0	0	0	0	1	"s1:1→1 / s2:7→1 / s3:7→1 / s4:7→1 / s5:7→1"	"s4:10→1 / s5:9→1"
7	4	"0"	"e8+2 su(3)+g2+su(2)"	19	-70	1	3	0	0	0	0	0	1	"s1:1→1 / s2:7→1 / s3:7→1 / s4:7→1 / s5:7→1"	"s5:11→1"
7	4	"0"	"e8+4 su(3)"	19	-77	0	4	0	0	0	0	0	1	"s1:1→1 / s2:7→1 / s3:7→1 / s4:7→1 / s5:7→1"	""
7	4	"0"	"e8+su(3)+so(7)+2 su(2)"	19	-64	2	2	0	0	0	0	0	1	"{s1:1→1 / s2:7→1 / s3:7→1 / s4:7→1 / s5:7→1, s1:1→1 / s2:7→1 / s3:7→1 / s4:7→1 / s5:7→2}"	"{s4:10→1 / s5:10→1, s4:10→1 / s5:10→1}"
7	4	"0"	"so(8)+su(3)+so(7)+2 su(2)"	12	156	2	2	1	0	0	0	0	0	"s1:7→1 / s2:1→1 / s3:1→1, 7→1 / s4:1→1, 7→1 / s5:1→1, 7→1"	"s4:9→1 / s5:9→1"
7	6	"f5+su(3)"	"f5+2(g2+su(2))+so(7)+2 su(2)"	13	122	3	2	0	0	0	0	0	0	"{s1:7→1 / s4:3→1 / s5:3→2, 7→1, s1:7→1 / s4:3→1 / s5:3→3, 7→2}"	"{s2:1→1 / s3:6→1 / s4:8→1 / s5:8→1, s2:1→1 / s3:6→1 / s4:8→1 / s5:8→1}"
7	6	"f5+su(3)"	"f5+2(g2+su(2))+so(7)+2 su(2)"	14	122	3	2	0	0	0	0	0	0	"{s1:7→1 / s4:3→1 / s5:3→1, s1:7→1 / s4:3→1 / s5:3→3, 7→1}"	"{s2:1→1 / s3:6→1 / s4:8→1 / s5:8→1, s2:1→1 / s3:6→1 / s4:8→1 / s5:8→1}"
7	7	"f5+su(3)+g2+su(2)"	"f5+g2+su(2)+2(so(7)+2 su(2))"	13	120	4	1	0	0	0	0	0	0	"{s1:1→1 / s4:6→1, s1:1→1 / s5:3→1, s1:1→1 / s5:3→1, 6→1, s1:1→1 / s5:3→2, s1:1→1 / s5:3→2, 6→1, s1:1→1 / s5:3→3, s1:1→1 / s5:3→3, 6→1}"	"{s2:7→1 / s3:7→1 / s4:8→1 / s5:5→1, s2:7→1 / s3:7→1 / s4:5→1 / s5:8→1, s2:7→1 / s3:7→1 / s4:5→1 / s5:8→1, s2:7→1 / s3:7→1 / s4:5→1 / s5:8→1, s2:7→1 / s3:7→1 / s4:5→1 / s5:8→1, s2:7→1 / s3:7→1 / s4:5→1 / s5:8→1, s2:7→1 / s3:7→1 / s4:5→1 / s5:8→1}"
7	15	"f5+g2+su(2)"	"f5+2(g2+su(2))+so(7)+2 su(2)"	13	122	3	2	0	0	0	0	0	0	"{s1:2→1 / s2:1→1 / s3:7→1 / s4:7→1, s1:2→1 / s2:1→1 / s3:7→1 / s4:7→1 / s5:4→1, 7→1, s1:2→1 / s2:1→1 / s3:7→1 / s4:7→1 / s5:4→1, 7→2, s1:2→1 / s2:1→1 / s3:7→1 / s4:7→1 / s5:4→1, 7→2, s1:2→1 / s2:1→1 / s3:7→1 / s4:7→1 / s5:4→1, 7→3, s1:2→1 / s2:1→1 / s3:7→1 / s4:7→1 / s5:4→1, 7→3, s1:2→1 / s2:1→1 / s3:7→1 / s4:7→1 / s5:4→1, 7→4, s1:2→1 / s2:1→1 / s3:7→1 / s4:7→1 / s5:4→1, 7→4, s1:2→1 / s2:1→1 / s3:7→1 / s4:7→1 / s5:4→2, 7→2, s1:2→1 / s2:1→1 / s3:7→1 / s4:7→1 / s5:4→2, 7→3, s1:2→1 / s2:1→1 / s3:7→1 / s4:7→1 / s5:7→1, s1:2→1 / s2:1→1 / s3:7→1 / s5:4→1, 7→1, s1:2→1 / s2:1→1 / s3:7→1 / s5:4→1, 7→2, s1:2→1 / s2:1→1 / s3:7→1 / s5:4→1, 7→3, s1:2→1 / s2:1→1 / s3:7→1 / s5:4→1, 7→4, s1:2→1 / s2:1→1 / s3:7→1 / s5:4→2, 7→1, s1:2→1 / s2:1→1 / s3:7→1 / s5:4→2, 7→2, s1:2→1 / s2:1→1 / s3:7→1 / s5:4→2, 7→3, s1:2→1 / s2:1→1 / s3:7→1 / s5:4→3, 7→2, s1:7→1 / s2:2→1 / s3:7→1 / s5:1→1, s1:7→1 / s2:2→1 / s4:1→1 / s5:1→1, s1:7→1 / s2:2→1 / s4:1→1 / s5:1→1, 4→1, s1:7→1 / s2:2→1 / s4:1→1 / s5:1→1, 4→1, s1:7→1 / s2:2→1 / s4:1→1 / s5:1→1, 4→1, 7→1, s1:7→1 / s2:2→1 / s4:1→1 / s5:1→1, 4→1, 7→2, s1:7→1 / s2:2→1 / s4:1→1 / s5:1→1, 4→2, s1:7→1 / s2:2→1 / s4:1→1 / s5:1→1, 4→2, s1:7→1 / s2:2→1 / s4:1→1 / s5:1→1, 4→2, 7→1, s1:7→1 / s2:2→1 / s4:1→1 / s5:1→1, 4→2, 7→2, s1:7→1 / s2:2→1 / s4:1→1 / s5:1→1, 4→3, s1:7→1 / s2:2→1 / s4:1→1 / s5:1→1, 4→3, s1:7→1 / s2:2→1 / s4:1→1 / s5:1→1, 4→3, 7→1, s1:7→1 / s2:2→1 / s4:1→1 / s5:1→1, 7→1, s1:7→1 / s2:2→1 / s4:1→1 / s5:1→1, 7→2, s1:7→1 / s2:2→1 / s4:1→1 / s5:1→2, 4→1, s1:7→1 / s2:2→1 / s4:1→1 / s5:1→2, 4→1, s1:7→1 / s2:2→1 / s4:1→1 / s5:1→2, 4→1, 7→1, s1:7→1 / s2:2→1 / s4:1→1 / s5:1→2, 4→1, 7→1, s1:7→1 / s2:2→1 / s4:1→1 / s5:1→2, 4→1, 7→2, s1:7→1 / s2:2→1 / s4:1→1 / s5:1→2, 4→2, s1:7→1 / s2:2→1 / s4:1→1 / s5:1→2, 4→2, s1:7→1 / s2:2→1 / s4:1→1 / s5:1→2, 4→2, 7→1, s1:7→1 / s2:2→1 / s4:1→1 / s5:1→2, 4→2, 7→1, s1:7→1 / s2:2→1 / s4:1→1 / s5:1→2, 4→3, s1:7→1 / s2:2→1 / s4:1→1 / s5:1→2, 4→3, s1:7→1 / s2:2→1 / s4:1→1 / s5:1→2, 7→1, s1:7→1 / s2:2→1 / s4:1→1 / s5:1→2, 7→1, s1:7→1 / s2:2→1 / s4:1→1 / s5:1→2, 7→2, s1:7→1 / s2:2→1 / s4:1→1 / s5:1→3, 4→1, 7→1, s1:7→1 / s2:2→1 / s4:1→1 / s5:1→3, 4→1, 7→1, s1:7→1 / s2:2→1 / s4:1→1 / s5:1→3, 4→2, s1:7→1 / s2:2→1 / s4:1→1 / s5:1→3, 4→2, s1:7→1 / s2:2→1 / s4:1→1 / s5:1→3, 7→1, s1:7→1 / s2:2→1 / s4:1→1 / s5:1→3, 7→1, s1:7→1 / s2:2→1 / s4:1→1 / s5:1→3, 7→2, s1:7→1 / s2:2→1 / s4:1→1 / s5:1→3, 7→2, s1:7→1 / s2:2→1 / s4:4→1, 7→1 / s5:1→1, s1:7→1 / s2:2→1 / s4:4→1, 7→2 / s5:1→1, s1:7→1 / s2:2→1 / s4:4→1 / s5:1→1, s1:7→1 / s2:2→1 / s4:4→2, 7→1 / s5:1→1, s1:7→1 / s2:2→1 / s4:4→2, 7→2 / s5:1→1, s1:7→1 / s2:2→1 / s4:4→3, 7→1 / s5:1→1, s1:7→1 / s2:2→1 / s4:4→3, 7→2 / s5:1→1}"	"{s3:9→1 / s4:8→1 / s5:6→1, s3:9→1 / s4:8→1 / s5:6→1, s3:9→1 / s4:6→1 / s5:8→1, s3:9→1 / s4:8→1 / s5:6→1, s3:9→1 / s4:6→1 / s5:8→1, s3:9→1 / s4:8→1 / s5:6→1, s3:9→1 / s4:6→1 / s5:8→1, s3:9→1 / s4:8→1 / s5:6→1, s3:9→1 / s4:8→1 / s5:6→1, s3:9→1 / s4:8→1 / s5:6→1, s3:9→1 / s4:8→1 / s5:6→1, s3:9→1 / s4:6→1 / s5:8→1, s3:9→1 / s4:6→1 / s5:8→1, s3:9→1 / s4:6→1 / s5:8→1, s3:9→1 / s4:6→1 / s5:8→1, s3:9→1 / s4:6→1 / s5:8→1, s3:9→1 / s4:6→1 / s5:8→1, s3:9→1 / s4:6→1 / s5:8→1, s3:9→1 / s4:6→1 / s5:8→1, s3:9→1 / s4:6→1 / s5:8→1, s3:6→1 / s4:9→1 / s5:8→1, s3:6→1 / s4:8→1 / s5:9→1, s3:6→1 / s4:9→1 / s5:8→1, s3:6→1 / s4:8→1 / s5:9→1, s3:6→1 / s4:8→1 / s5:9→1, s3:6→1 / s4:8→1 / s5:9→1, s3:6→1 / s4:9→1 / s5:8→1, s3:6→1 / s4:8→1 / s5:9→1, s3:6→1 / s4:8→1 / s5:9→1, s3:6→1 / s4:8→1 / s5:9→1, s3:6→1 / s4:9→1 / s5:8→1, s3:6→1 / s4:8→1 / s5:9→1, s3:6→1 / s4:8→1 / s5:9→1, s3:6→1 / s4:8→1 / s5:9→1, s3:6→1 / s4:8→1 / s5:9→1, s3:6→1 / s4:9→1 / s5:8→1, s3:6→1 / s4:8→1 / s5:9→1, s3:6→1 / s4:9→1 / s5:8→1, s3:6→1 / s4:8→1 / s5:9→1, s3:6→1 / s4:8→1 / s5:9→1, s3:6→1 / s4:9→1 / s5:8→1, s3:6→1 / s4:8→1 / s5:9→1, s3:6→1 / s4:9→1 / s5:8→1, s3:6→1 / s4:8→1 / s5:9→1, s3:6→1 / s4:9→1 / s5:8→1, s3:6→1 / s4:8→1 / s5:9→1, s3:6→1 / s4:9→1 / s5:8→1, s3:6→1 / s4:8→1 / s5:9→1, s3:6→1 / s4:8→1 / s5:9→1, s3:6→1 / s4:9→1 / s5:8→1, s3:6→1 / s4:8→1 / s5:9→1, s3:6→1 / s4:9→1 / s5:8→1, s3:6→1 / s4:8→1 / s5:9→1, s3:6→1 / s4:9→1 / s5:8→1, s3:6→1 / s4:8→1 / s5:9→1, s3:6→1 / s4:9→1 / s5:8→1, s3:6→1 / s4:9→1 / s5:8→1, s3:6→1 / s4:9→1 / s5:8→1, s3:6→1 / s4:9→1 / s5:8→1, s3:6→1 / s4:9→1 / s5:8→1, s3:6→1 / s4:9→1 / s5:8→1, s3:6→1 / s4:9→1 / s5:8→1, s3:6→1 / s4:9→1 / s5:8→1}"
7	15	"f5+g2+su(2)"	"f5+2(g2+su(2))+so(7)+2 su(2)"	14	122	3	2	0	0	0	0	0	0	"{s1:2→1 / s2:1→1 / s3:7→1 / s5:4→3, 7→1, s1:7→1 / s2:2→1 / s4:1→1 / s5:1→3, 4→1, s1:7→1 / s2:2→1 / s4:1→1 / s5:1→3, 4→1}"	"{s3:9→1 / s4:6→1 / s5:8→1, s3:6→1 / s4:8→1 / s5:9→1, s3:6→1 / s4:9→1 / s5:8→1}"
7	15	"f5+g2+su(2)"	"f5+2 su(3)+g2+su(2)+so(7)+2 su(2)"	13	115	2	3	0	0	0	0	0	0	"{s1:7→1 / s2:2→1 / s3:1→1 / s4:7→1, s1:7→1 / s2:2→1 / s3:1→1 / s4:7→1 / s5:4→1, 7→1, s1:7→1 / s2:2→1 / s3:1→1 / s4:7→1 / s5:4→1, 7→2, s1:7→1 / s2:2→1 / s3:1→1 / s4:7→1 / s5:4→2, 7→2, s1:7→1 / s2:2→1 / s3:1→1 / s4:7→1 / s5:4→3, 7→2, s1:7→1 / s2:2→1 / s3:1→1 / s5:4→1, s1:7→1 / s2:2→1 / s3:1→1 / s5:4→1, s1:7→1 / s2:2→1 / s3:1→1 / s5:4→1, 7→1, s1:7→1 / s2:2→1 / s3:1→1 / s5:4→1, 7→1, s1:7→1 / s2:2→1 / s3:1→1 / s5:4→1, 7→2, s1:7→1 / s2:2→1 / s3:1→1 / s5:4→1, 7→2, s1:7→1 / s2:2→1 / s3:1→1 / s5:4→1, 7→3, s1:7→1 / s2:2→1 / s3:1→1 / s5:4→2, s1:7→1 / s2:2→1 / s3:1→1 / s5:4→2, s1:7→1 / s2:2→1 / s3:1→1 / s5:4→2, 7→1, s1:7→1 / s2:2→1 / s3:1→1 / s5:4→2, 7→1, s1:7→1 / s2:2→1 / s3:1→1 / s5:4→2, 7→2, s1:7→1 / s2:2→1 / s3:1→1 / s5:4→2, 7→2, s1:7→1 / s2:2→1 / s3:1→1 / s5:4→2, 7→3, s1:7→1 / s2:2→1 / s3:1→1 / s5:4→3, s1:7→1 / s2:2→1 / s3:1→1 / s5:4→3, s1:7→1 / s2:2→1 / s3:1→1 / s5:4→3, 7→1, s1:7→1 / s2:2→1 / s3:1→1 / s5:4→3, 7→1, s1:7→1 / s2:2→1 / s3:1→1 / s5:4→3, 7→2, s1:7→1 / s2:2→1 / s3:1→1 / s5:4→3, 7→2}"	"{s4:10→1 / s5:6→1, s4:10→1 / s5:6→1, s4:10→1 / s5:6→1, s4:10→1 / s5:6→1, s4:10→1 / s5:6→1, s4:6→1 / s5:10→1, s4:6→1 / s5:8→1, s4:6→1 / s5:10→1, s4:6→1 / s5:8→1, s4:6→1 / s5:10→1, s4:6→1 / s5:8→1, s4:6→1 / s5:10→1, s4:6→1 / s5:10→1, s4:6→1 / s5:8→1, s4:6→1 / s5:10→1, s4:6→1 / s5:8→1, s4:6→1 / s5:10→1, s4:6→1 / s5:8→1, s4:6→1 / s5:10→1, s4:6→1 / s5:10→1, s4:6→1 / s5:8→1, s4:6→1 / s5:10→1, s4:6→1 / s5:8→1, s4:6→1 / s5:10→1, s4:6→1 / s5:8→1}"
7	15	"f5+g2+su(2)"	"f5+2 su(3)+g2+su(2)+so(7)+2 su(2)"	14	115	2	3	0	0	0	0	0	0	"s1:7→1 / s2:2→1 / s3:1→1 / s5:4→1, 7→4"	"s4:6→1 / s5:10→1"
7	15	"f5+g2+su(2)"	"f5+2 su(3)+g2+su(2)+so(7)+2 su(2)"	19	115	2	3	0	0	0	0	0	0	"s1:7→1 / s2:2→1 / s3:1→1 / s4:7→1 / s5:7→1"	"s4:10→1 / s5:6→1"
7	15	"f5+g2+su(2)"	"f5+3 su(3)+2(g2+su(2))"	13	109	1	4	0	0	0	0	0	0	"{s1:7→1 / s2:7→1 / s3:2→1 / s4:1→1 / s5:4→1, s1:7→1 / s2:7→1 / s3:2→1 / s4:1→1 / s5:4→2, 7→1}"	"{s5:9→1, s5:11→1}"
7	15	"f5+g2+su(2)"	"f5+3 su(3)+2(g2+su(2))"	14	109	1	4	0	0	0	0	0	0	"{s1:7→1 / s2:7→1 / s3:2→1 / s4:1→1 / s5:4→1, 7→1, s1:7→1 / s2:7→1 / s3:2→1 / s4:1→1 / s5:4→2, s1:7→1 / s2:7→1 / s3:2→1 / s4:1→1 / s5:4→3, 7→1}"	"{s5:11→1, s5:9→1, s5:11→1}"
7	15	"f5+g2+su(2)"	"f5+3 su(3)+2(g2+su(2))"	17	109	1	4	0	0	0	0	0	0	"s1:7→1 / s2:7→1 / s3:2→1 / s4:1→1 / s5:7→1"	"s5:11→1"
7	15	"f5+g2+su(2)"	"f5+4 su(3)+so(7)+2 su(2)"	13	108	1	4	0	0	0	0	0	0	"s1:7→1 / s2:7→1 / s3:2→1 / s4:1→1 / s5:4→1"	"s5:6→1"
7	15	"f5+g2+su(2)"	"f5+4 su(3)+so(7)+2 su(2)"	14	108	1	4	0	0	0	0	0	0	"{s1:7→1 / s2:7→1 / s3:2→1 / s4:1→1, s1:7→1 / s2:7→1 / s3:2→1 / s4:1→1 / s5:4→2}"	"{s5:6→1, s5:6→1}"
7	15	"f5+g2+su(2)"	"f5+so(8)+su(3)+g2+su(2)+so(7)+2 su(2)"	14	95	2	2	1	0	0	0	0	0	"{s1:7→1 / s2:2→1 / s3:1→1 / s5:4→1, s1:7→1 / s2:2→1 / s3:1→1 / s5:4→2, s1:7→1 / s2:2→1 / s3:1→1 / s5:4→3}"	"{s4:6→1 / s5:10→1, s4:6→1 / s5:10→1, s4:6→1 / s5:10→1}"
7	15	"f5+g2+su(2)"	"f5+su(3)+2(so(7)+2 su(2))"	13	121	3	2	0	0	0	0	0	0	"{s1:7→1 / s2:2→1 / s3:4→1 / s4:1→1 / s5:1→1, s1:7→1 / s2:2→1 / s4:1→1 / s5:1→1, s1:7→1 / s2:2→1 / s4:1→1 / s5:1→1, 4→1, s1:7→1 / s2:2→1 / s4:1→1 / s5:1→1, 4→1, 7→1, s1:7→1 / s2:2→1 / s4:1→1 / s5:1→1, 4→2, s1:7→1 / s2:2→1 / s4:1→1 / s5:1→1, 4→2, 7→1, s1:7→1 / s2:2→1 / s4:1→1 / s5:1→1, 4→3, s1:7→1 / s2:2→1 / s4:1→1 / s5:1→1, 4→3, 7→1, s1:7→1 / s2:2→1 / s4:1→1 / s5:1→1, 7→1, s1:7→1 / s2:2→1 / s4:1→1 / s5:1→2, 4→1, s1:7→1 / s2:2→1 / s4:1→1 / s5:1→2, 4→1, 7→1, s1:7→1 / s2:2→1 / s4:1→1 / s5:1→2, 4→2, s1:7→1 / s2:2→1 / s4:1→1 / s5:1→2, 4→2, 7→1, s1:7→1 / s2:2→1 / s4:1→1 / s5:1→2, 4→3, s1:7→1 / s2:2→1 / s4:1→1 / s5:1→2, 7→1, s1:7→1 / s2:2→1 / s4:1→1 / s5:1→3, 4→1, s1:7→1 / s2:2→1 / s4:1→1 / s5:1→3, 4→1, 7→1, s1:7→1 / s2:2→1 / s4:1→1 / s5:1→3, 4→2, s1:7→1 / s2:2→1 / s4:1→1 / s5:1→3, 7→1, s1:7→1 / s2:2→1 / s4:4→1, 7→1 / s5:1→1, s1:7→1 / s2:2→1 / s4:4→1 / s5:1→1, s1:7→1 / s2:2→1 / s4:4→2, 7→1 / s5:1→1, s1:7→1 / s2:2→1 / s4:4→2 / s5:1→1, s1:7→1 / s2:2→1 / s4:4→3, 7→1 / s5:1→1}"	"{s3:8→1 / s4:8→1 / s5:6→1, s3:6→1 / s4:8→1 / s5:8→1, s3:6→1 / s4:8→1 / s5:8→1, s3:6→1 / s4:8→1 / s5:8→1, s3:6→1 / s4:8→1 / s5:8→1, s3:6→1 / s4:8→1 / s5:8→1, s3:6→1 / s4:8→1 / s5:8→1, s3:6→1 / s4:8→1 / s5:8→1, s3:6→1 / s4:8→1 / s5:8→1, s3:6→1 / s4:8→1 / s5:8→1, s3:6→1 / s4:8→1 / s5:8→1, s3:6→1 / s4:8→1 / s5:8→1, s3:6→1 / s4:8→1 / s5:8→1, s3:6→1 / s4:8→1 / s5:8→1, s3:6→1 / s4:8→1 / s5:8→1, s3:6→1 / s4:8→1 / s5:8→1, s3:6→1 / s4:8→1 / s5:8→1, s3:6→1 / s4:8→1 / s5:8→1, s3:6→1 / s4:8→1 / s5:8→1, s3:6→1 / s4:8→1 / s5:8→1, s3:6→1 / s4:8→1 / s5:8→1, s3:6→1 / s4:8→1 / s5:8→1, s3:6→1 / s4:8→1 / s5:8→1, s3:6→1 / s4:8→1 / s5:8→1}"
7	15	"f5+g2+su(2)"	"f5+su(3)+2(so(7)+2 su(2))"	14	121	3	2	0	0	0	0	0	0	"s1:7→1 / s2:2→1 / s4:4→3 / s5:1→1"	"s3:6→1 / s4:8→1 / s5:8→1"
7	15	"f5+g2+su(2)"	"f5+su(3)+3(g2+su(2))"	13	116	2	3	0	0	0	0	0	0	"{s1:7→1 / s2:2→1 / s3:1→1 / s4:7→1 / s5:4→1, 7→1, s1:7→1 / s2:2→1 / s3:1→1 / s4:7→1 / s5:4→1, 7→1, s1:7→1 / s2:2→1 / s3:1→1 / s4:7→1 / s5:4→1, 7→2, s1:7→1 / s2:2→1 / s3:1→1 / s4:7→1 / s5:4→1, 7→3, s1:7→1 / s2:2→1 / s3:1→1 / s4:7→1 / s5:4→2, 7→1, s1:7→1 / s2:2→1 / s3:1→1 / s4:7→1 / s5:4→2, 7→2, s1:7→1 / s2:2→1 / s3:1→1 / s4:7→1 / s5:4→2, 7→3}"	"{s4:10→1 / s5:8→1, s4:10→1 / s5:9→1, s4:10→1 / s5:9→1, s4:10→1 / s5:9→1, s4:10→1 / s5:8→1, s4:10→1 / s5:9→1, s4:10→1 / s5:9→1}"
7	15	"f5+g2+su(2)"	"f5+su(3)+3(g2+su(2))"	14	116	2	3	0	0	0	0	0	0	"{s1:7→1 / s2:2→1 / s3:1→1 / s4:7→1 / s5:4→1, 7→4, s1:7→1 / s2:2→1 / s3:1→1 / s4:7→1 / s5:7→1}"	"{s4:10→1 / s5:9→1, s4:10→1 / s5:9→1}"
7	16	"f5+su(3)"	"2 f5+3(g2+su(2))"	14	72	2	2	0	1	0	0	0	0	"s1:7→1 / s2:3→1 / s5:2→1"	"s3:1→1 / s4:6→1 / s5:9→1"
7	16	"f5+su(3)"	"f5+2(g2+su(2))+so(7)+2 su(2)"	13	122	3	2	0	0	0	0	0	0	"{s1:7→1 / s4:3→1 / s5:2→1, s1:7→1 / s4:3→1 / s5:2→1, 3→1, s1:7→1 / s4:3→1 / s5:2→1, 3→1, 7→1, s1:7→1 / s4:3→1 / s5:2→1, 3→1, 7→2, s1:7→1 / s4:3→1 / s5:2→1, 3→2, 7→1, s1:7→1 / s4:3→1 / s5:2→1, 3→2, 7→2, s1:7→1 / s4:3→1 / s5:2→1, 3→3, 7→1, s1:7→1 / s4:3→1 / s5:2→1, 7→1, s1:7→1 / s4:3→1 / s5:2→1, 7→2, s1:7→1 / s4:3→1 / s5:2→2, 3→1, 7→1, s1:7→1 / s4:3→1 / s5:2→2, 3→1, 7→2, s1:7→1 / s4:3→1 / s5:2→2, 3→2, 7→1, s1:7→1 / s4:3→1 / s5:2→2, 7→1, s1:7→1 / s4:3→1 / s5:2→2, 7→2, s1:7→1 / s4:3→1 / s5:2→3, 7→2, s1:7→1 / s4:3→1 / s5:3→1, s1:7→1 / s4:3→1 / s5:3→1, 7→1, s1:7→1 / s4:3→1 / s5:3→2, 7→1, s1:7→1 / s4:3→1 / s5:3→2, 7→2, s1:7→1 / s4:3→1 / s5:3→3, 7→1, s1:7→1 / s4:3→1 / s5:3→3, 7→2}"	"{s2:1→1 / s3:6→1 / s4:8→1 / s5:8→1, s2:1→1 / s3:6→1 / s4:8→1 / s5:8→1, s2:1→1 / s3:6→1 / s4:8→1 / s5:8→1, s2:1→1 / s3:6→1 / s4:8→1 / s5:8→1, s2:1→1 / s3:6→1 / s4:8→1 / s5:8→1, s2:1→1 / s3:6→1 / s4:8→1 / s5:8→1, s2:1→1 / s3:6→1 / s4:8→1 / s5:8→1, s2:1→1 / s3:6→1 / s4:8→1 / s5:8→1, s2:1→1 / s3:6→1 / s4:8→1 / s5:8→1, s2:1→1 / s3:6→1 / s4:8→1 / s5:8→1, s2:1→1 / s3:6→1 / s4:8→1 / s5:8→1, s2:1→1 / s3:6→1 / s4:8→1 / s5:8→1, s2:1→1 / s3:6→1 / s4:8→1 / s5:8→1, s2:1→1 / s3:6→1 / s4:8→1 / s5:8→1, s2:1→1 / s3:6→1 / s4:8→1 / s5:8→1, s2:1→1 / s3:6→1 / s4:8→1 / s5:8→1, s2:1→1 / s3:6→1 / s4:8→1 / s5:8→1, s2:1→1 / s3:6→1 / s4:8→1 / s5:8→1, s2:1→1 / s3:6→1 / s4:8→1 / s5:8→1, s2:1→1 / s3:6→1 / s4:8→1 / s5:8→1, s2:1→1 / s3:6→1 / s4:8→1 / s5:8→1}"
7	16	"f5+su(3)"	"f5+2(g2+su(2))+so(7)+2 su(2)"	14	122	3	2	0	0	0	0	0	0	"s1:7→1 / s4:3→1 / s5:3→1, 7→2"	"s2:1→1 / s3:6→1 / s4:8→1 / s5:8→1"
7	16	"f5+su(3)"	"f5+2 su(3)+2(g2+su(2))"	13	117	2	3	0	0	0	0	0	0	"s1:7→1 / s2:3→1 / s3:2→1, 7→1 / s4:7→1"	"s4:9→1 / s5:6→1"
7	16	"f5+su(3)"	"f5+2 su(3)+2(g2+su(2))"	14	117	2	3	0	0	0	0	0	0	"s1:7→1 / s2:7→1 / s3:3→1 / s5:2→1, 7→1"	"s4:6→1 / s5:10→1"
7	16	"f5+su(3)"	"f5+2 su(3)+2(g2+su(2))"	15	117	2	3	0	0	0	0	0	0	"s1:7→1 / s2:7→1 / s3:3→1 / s4:7→1"	"s4:10→1 / s5:6→1"
7	16	"f5+su(3)"	"f5+2 su(3)+2(g2+su(2))"	67	117	2	3	0	0	0	0	0	0	"s1:7→1 / s2:7→1 / s3:3→1 / s4:2→1, 7→1 / s5:2→1"	"s4:10→1 / s5:6→1"
7	16	"f5+su(3)"	"f5+2 su(3)+g2+su(2)+so(7)+2 su(2)"	13	115	2	3	0	0	0	0	0	0	"s1:7→1 / s2:7→1 / s4:3→1 / s5:3→1"	"s3:1→1 / s4:9→1 / s5:9→1"
7	16	"f5+su(3)"	"f5+3(g2+su(2))"	12	124	3	2	0	0	0	0	0	0	"{s1:7→1 / s2:2→1 / s3:7→1 / s4:3→1 / s5:3→1, s1:7→1 / s2:2→1 / s4:3→1 / s5:3→1, 7→1, s1:7→1 / s2:3→1 / s4:2→1, 7→1 / s5:2→2, 7→1, s1:7→1 / s2:3→1 / s4:2→1 / s5:2→1, 7→1, s1:7→1 / s2:3→1 / s4:2→1 / s5:2→2, 7→2}"	"{s3:9→1 / s4:8→1 / s5:6→1, s3:6→1 / s4:8→1 / s5:9→1, s3:6→1 / s4:9→1 / s5:8→1, s3:6→1 / s4:8→1 / s5:9→1, s3:6→1 / s4:8→1 / s5:9→1}"
7	16	"f5+su(3)"	"f5+3(g2+su(2))"	13	124	3	2	0	0	0	0	0	0	"{s1:3→1 / s2:2→1, 7→1 / s3:7→1 / s4:7→1, s1:7→1 / s2:3→1 / s3:7→1 / s5:2→1, 7→1, s1:7→1 / s2:3→1 / s4:2→1, 7→1 / s5:2→1, 7→1, s1:7→1 / s2:3→1 / s4:2→1 / s5:2→2, 7→1, s1:7→1 / s2:3→1 / s4:2→1 / s5:2→2, 7→3, s1:7→1 / s2:3→1 / s4:2→1 / s5:2→3, 7→1, s1:7→1 / s2:3→1 / s4:2→1 / s5:2→3, 7→2}"	"{s3:8→1 / s4:9→1 / s5:6→1, s3:9→1 / s4:6→1 / s5:8→1, s3:6→1 / s4:9→1 / s5:8→1, s3:6→1 / s4:8→1 / s5:9→1, s3:6→1 / s4:8→1 / s5:9→1, s3:6→1 / s4:8→1 / s5:9→1, s3:6→1 / s4:8→1 / s5:9→1}"
7	16	"f5+su(3)"	"f5+3(g2+su(2))"	16	124	3	2	0	0	0	0	0	0	"s1:7→1 / s2:3→1 / s3:7→1 / s4:7→1"	"s3:8→1 / s4:9→1 / s5:6→1"
7	16	"f5+su(3)"	"f5+3 su(3)+2(g2+su(2))"	13	109	1	4	0	0	0	0	0	0	"{s1:7→1 / s2:7→1 / s3:3→1 / s5:2→1, 7→1, s1:7→1 / s2:7→1 / s3:3→1 / s5:2→2, 7→2}"	"{s4:1→1 / s5:10→1, s4:1→1 / s5:10→1}"
7	16	"f5+su(3)"	"f5+3 su(3)+2(g2+su(2))"	14	109	1	4	0	0	0	0	0	0	"{s1:7→1 / s2:7→1 / s3:3→1, s1:7→1 / s2:7→1 / s3:3→1 / s5:2→1, 7→1, s1:7→1 / s2:7→1 / s3:3→1 / s5:2→1, 7→1, s1:7→1 / s2:7→1 / s3:3→1 / s5:2→1, 7→2, s1:7→1 / s2:7→1 / s3:3→1 / s5:2→1, 7→3, s1:7→1 / s2:7→1 / s3:3→1 / s5:2→2, 7→1, s1:7→1 / s2:7→1 / s3:3→1 / s5:2→2, 7→1, s1:7→1 / s2:7→1 / s3:3→1 / s5:2→2, 7→3}"	"{s4:1→1 / s5:6→1, s4:1→1 / s5:6→1, s4:1→1 / s5:9→1, s4:1→1 / s5:10→1, s4:1→1 / s5:10→1, s4:1→1 / s5:6→1, s4:1→1 / s5:9→1, s4:1→1 / s5:10→1}"
7	16	"f5+su(3)"	"f5+3 su(3)+2(g2+su(2))"	16	109	1	4	0	0	0	0	0	0	"s1:7→1 / s2:7→1 / s3:3→1 / s5:2→1, 7→4"	"s4:1→1 / s5:10→1"
7	16	"f5+su(3)"	"f5+3 su(3)+2(g2+su(2))"	17	109	1	4	0	0	0	0	0	0	"s1:7→1 / s2:7→1 / s3:3→1 / s5:7→1"	"s4:1→1 / s5:10→1"
7	16	"f5+su(3)"	"f5+so(8)+3(g2+su(2))"	13	96	2	2	1	0	0	0	0	0	"s1:7→1 / s2:3→1 / s5:2→2, 7→1"	"s3:1→1 / s4:6→1 / s5:9→1"
7	16	"f5+su(3)"	"f5+so(8)+3(g2+su(2))"	14	96	2	2	1	0	0	0	0	0	"{s1:7→1 / s2:3→1 / s4:7→1, s1:7→1 / s2:3→1 / s5:2→1, s1:7→1 / s2:3→1 / s5:2→1, 7→1, s1:7→1 / s2:3→1 / s5:2→3, 7→1}"	"{s3:1→1 / s4:9→1 / s5:6→1, s3:1→1 / s4:6→1 / s5:9→1, s3:1→1 / s4:6→1 / s5:9→1, s3:1→1 / s4:6→1 / s5:9→1}"
7	16	"f5+su(3)"	"f5+su(3)+3(g2+su(2))"	13	116	2	3	0	0	0	0	0	0	"{s1:7→1 / s2:3→1 / s4:7→1, s1:7→1 / s2:3→1 / s4:7→1 / s5:2→1, 7→1, s1:7→1 / s2:3→1 / s4:7→1 / s5:2→1, 7→1, s1:7→1 / s2:3→1 / s4:7→1 / s5:2→1, 7→2, s1:7→1 / s2:3→1 / s4:7→1 / s5:2→1, 7→2, s1:7→1 / s2:3→1 / s4:7→1 / s5:2→1, 7→3, s1:7→1 / s2:3→1 / s4:7→1 / s5:2→2, 7→2, s1:7→1 / s2:3→1 / s4:7→1 / s5:2→2, 7→2, s1:7→1 / s2:3→1 / s4:7→1 / s5:2→2, 7→3, s1:7→1 / s2:3→1 / s4:7→1 / s5:2→2, 7→3, s1:7→1 / s2:3→1 / s5:2→1, s1:7→1 / s2:3→1 / s5:2→1, 7→1, s1:7→1 / s2:3→1 / s5:2→1, 7→1, s1:7→1 / s2:3→1 / s5:2→1, 7→2, s1:7→1 / s2:3→1 / s5:2→1, 7→2, s1:7→1 / s2:3→1 / s5:2→1, 7→3, s1:7→1 / s2:3→1 / s5:2→1, 7→3, s1:7→1 / s2:3→1 / s5:2→1, 7→4, s1:7→1 / s2:3→1 / s5:2→2, 7→1, s1:7→1 / s2:3→1 / s5:2→2, 7→1, s1:7→1 / s2:3→1 / s5:2→2, 7→2, s1:7→1 / s2:3→1 / s5:2→2, 7→2, s1:7→1 / s2:3→1 / s5:2→2, 7→3, s1:7→1 / s2:3→1 / s5:2→2, 7→3, s1:7→1 / s2:3→1 / s5:2→3, 7→1, s1:7→1 / s2:3→1 / s5:2→3, 7→2, s1:7→1 / s2:3→1 / s5:2→3, 7→2, s1:7→1 / s2:7→1 / s4:3→1 / s5:3→1, s1:7→1 / s2:7→1 / s4:3→1 / s5:3→1}"	"{s3:1→1 / s4:9→1 / s5:6→1, s3:1→1 / s4:9→1 / s5:6→1, s3:1→1 / s4:9→1 / s5:8→1, s3:1→1 / s4:9→1 / s5:6→1, s3:1→1 / s4:9→1 / s5:8→1, s3:1→1 / s4:9→1 / s5:6→1, s3:1→1 / s4:9→1 / s5:6→1, s3:1→1 / s4:9→1 / s5:8→1, s3:1→1 / s4:9→1 / s5:6→1, s3:1→1 / s4:9→1 / s5:8→1, s3:1→1 / s4:6→1 / s5:8→1, s3:1→1 / s4:6→1 / s5:8→1, s3:1→1 / s4:6→1 / s5:9→1, s3:1→1 / s4:6→1 / s5:8→1, s3:1→1 / s4:6→1 / s5:9→1, s3:1→1 / s4:6→1 / s5:8→1, s3:1→1 / s4:6→1 / s5:9→1, s3:1→1 / s4:6→1 / s5:9→1, s3:1→1 / s4:6→1 / s5:8→1, s3:1→1 / s4:6→1 / s5:9→1, s3:1→1 / s4:6→1 / s5:8→1, s3:1→1 / s4:6→1 / s5:9→1, s3:1→1 / s4:6→1 / s5:8→1, s3:1→1 / s4:6→1 / s5:9→1, s3:1→1 / s4:6→1 / s5:8→1, s3:1→1 / s4:6→1 / s5:8→1, s3:1→1 / s4:6→1 / s5:9→1, s3:1→1 / s4:9→1 / s5:6→1, s3:1→1 / s4:9→1 / s5:8→1}"
7	16	"f5+su(3)"	"f5+su(3)+3(g2+su(2))"	14	116	2	3	0	0	0	0	0	0	"{s1:7→1 / s2:3→1 / s4:7→1 / s5:2→1, 7→3, s1:7→1 / s2:3→1 / s4:7→1 / s5:2→1, 7→4, s1:7→1 / s2:7→1 / s5:3→1}"	"{s3:1→1 / s4:9→1 / s5:8→1, s3:1→1 / s4:9→1 / s5:6→1, s3:1→1 / s4:6→1 / s5:9→1}"
7	16	"f5+su(3)"	"f5+su(3)+3(g2+su(2))"	15	116	2	3	0	0	0	0	0	0	"{s1:7→1 / s2:3→1 / s4:7→1 / s5:2→1, 7→4, s1:7→1 / s2:3→1 / s5:2→1, 7→4}"	"{s3:1→1 / s4:9→1 / s5:8→1, s3:1→1 / s4:6→1 / s5:8→1}"
7	16	"f5+su(3)"	"f5+su(3)+3(g2+su(2))"	16	116	2	3	0	0	0	0	0	0	"s1:7→1 / s2:3→1 / s4:7→1 / s5:2→1, 7→4"	"s3:1→1 / s4:6→1 / s5:9→1"
7	16	"f5+su(3)"	"f5+su(3)+3(g2+su(2))"	17	116	2	3	0	0	0	0	0	0	"s1:7→1 / s2:3→1 / s5:2→3, 7→1"	"s3:1→1 / s4:6→1 / s5:9→1"
7	16	"f5+su(3)"	"f5+su(3)+3(g2+su(2))"	19	116	2	3	0	0	0	0	0	0	"s1:7→1 / s2:3→1 / s4:7→1 / s5:7→1"	"s3:1→1 / s4:9→1 / s5:6→1"
7	16	"f5+su(3)"	"f5+su(3)+g2+su(2)+so(7)+2 su(2)"	13	123	3	2	0	0	0	0	0	0	"{s1:7→1 / s2:3→1 / s4:2→1 / s5:2→1, s1:7→1 / s2:3→1 / s4:2→1 / s5:2→1, 7→1, s1:7→1 / s2:3→1 / s4:2→1 / s5:2→2, 7→1, s1:7→1 / s2:3→1 / s4:2→1 / s5:2→2, 7→2, s1:7→1 / s2:3→1 / s4:2→1 / s5:2→3, 7→1, s1:7→1 / s2:3→1 / s4:2→1 / s5:2→3, 7→2}"	"{s3:6→1 / s4:8→1 / s5:8→1, s3:6→1 / s4:8→1 / s5:8→1, s3:6→1 / s4:8→1 / s5:8→1, s3:6→1 / s4:8→1 / s5:8→1, s3:6→1 / s4:8→1 / s5:8→1, s3:6→1 / s4:8→1 / s5:8→1}"
7	21	"f5+2 su(3)"	"f5+2(g2+su(2))+so(7)+2 su(2)"	13	122	4	1	0	0	0	0	0	0	"{s1:2→1 / s3:6→1 / s5:1→1, s1:2→1 / s3:6→2 / s5:1→1, s1:2→1 / s4:1→1, 6→1 / s5:1→1, s1:2→1 / s4:1→1, 6→2 / s5:1→1, s1:2→1 / s4:1→1 / s5:1→1, s1:2→1 / s4:1→1 / s5:1→1, s1:2→1 / s4:1→1 / s5:1→1, 6→1, s1:2→1 / s4:1→1 / s5:1→1, 6→2, s1:2→1 / s4:1→1 / s5:1→2, 6→1, s1:2→1 / s4:1→1 / s5:1→2, 6→1, s1:2→1 / s4:1→1 / s5:1→2, 6→1, s1:2→1 / s4:1→1 / s5:1→2, 6→1, s1:2→1 / s4:1→1 / s5:1→2, 6→2, s1:2→1 / s4:1→1 / s5:1→2, 6→2, s1:2→1 / s4:1→1 / s5:1→3, 6→1, s1:2→1 / s4:1→1 / s5:1→3, 6→1, s1:2→1 / s4:1→1 / s5:1→3, 6→1, s1:2→1 / s4:1→1 / s5:1→3, 6→2, s1:2→1 / s4:1→1 / s5:1→3, 6→2, s1:2→1 / s4:1→1 / s5:1→3, 6→2, s1:2→1 / s4:1→1 / s5:1→3, 6→2, s1:2→1 / s4:6→1, s1:2→1 / s4:6→1 / s5:1→1, s1:2→1 / s4:6→2, s1:2→1 / s5:1→1, 6→1, s1:2→1 / s5:1→1, 6→2, s1:2→1 / s5:1→2, 6→1, s1:2→1 / s5:1→2, 6→2, s1:2→1 / s5:1→3, 6→2}"	"{s2:7→1 / s3:8→1 / s4:5→1 / s5:7→1, s2:7→1 / s3:8→1 / s4:5→1 / s5:7→1, s2:7→1 / s3:7→1 / s4:8→1 / s5:5→1, s2:7→1 / s3:7→1 / s4:8→1 / s5:5→1, s2:7→1 / s3:5→1 / s4:8→1 / s5:7→1, s2:7→1 / s3:7→1 / s4:8→1 / s5:5→1, s2:7→1 / s3:5→1 / s4:7→1 / s5:8→1, s2:7→1 / s3:5→1 / s4:7→1 / s5:8→1, s2:7→1 / s3:5→1 / s4:7→1 / s5:8→1, s2:7→1 / s3:5→1 / s4:8→1 / s5:7→1, s2:7→1 / s3:7→1 / s4:5→1 / s5:8→1, s2:7→1 / s3:7→1 / s4:8→1 / s5:5→1, s2:7→1 / s3:5→1 / s4:7→1 / s5:8→1, s2:7→1 / s3:7→1 / s4:5→1 / s5:8→1, s2:7→1 / s3:5→1 / s4:7→1 / s5:8→1, s2:7→1 / s3:7→1 / s4:5→1 / s5:8→1, s2:7→1 / s3:7→1 / s4:8→1 / s5:5→1, s2:7→1 / s3:5→1 / s4:7→1 / s5:8→1, s2:7→1 / s3:5→1 / s4:8→1 / s5:7→1, s2:7→1 / s3:7→1 / s4:5→1 / s5:8→1, s2:7→1 / s3:7→1 / s4:8→1 / s5:5→1, s2:7→1 / s3:7→1 / s4:8→1 / s5:5→1, s2:7→1 / s3:7→1 / s4:8→1 / s5:5→1, s2:7→1 / s3:7→1 / s4:8→1 / s5:5→1, s2:7→1 / s3:7→1 / s4:5→1 / s5:8→1, s2:7→1 / s3:7→1 / s4:5→1 / s5:8→1, s2:7→1 / s3:7→1 / s4:5→1 / s5:8→1, s2:7→1 / s3:7→1 / s4:5→1 / s5:8→1, s2:7→1 / s3:7→1 / s4:5→1 / s5:8→1}"
7	21	"f5+2 su(3)"	"f5+2(g2+su(2))+so(7)+2 su(2)"	14	122	4	1	0	0	0	0	0	0	"{s1:2→1 / s4:1→1 / s5:1→2, s1:2→1 / s4:1→1 / s5:1→3, 6→1}"	"{s2:7→1 / s3:7→1 / s4:8→1 / s5:5→1, s2:7→1 / s3:5→1 / s4:8→1 / s5:7→1}"
7	21	"f5+2 su(3)"	"f5+2 su(3)+g2+su(2)+so(7)+2 su(2)"	13	115	3	2	0	0	0	0	0	0	"{s1:2→1 / s2:1→1, s1:2→1 / s2:1→1 / s4:6→1, s1:2→1 / s2:1→1 / s4:6→1 / s5:6→1, s1:2→1 / s2:1→1 / s4:6→1 / s5:6→2, s1:2→1 / s2:1→1 / s4:6→1 / s5:6→2, s1:2→1 / s2:1→1 / s4:6→2, s1:2→1 / s2:1→1 / s5:6→1, s1:2→1 / s2:1→1 / s5:6→1, s1:2→1 / s2:1→1 / s5:6→2, s1:2→1 / s2:1→1 / s5:6→2, s1:2→1 / s2:1→1 / s5:6→3, s1:2→1 / s2:1→1 / s5:6→4, s1:2→1 / s2:1→1 / s5:6→5}"	"{s3:7→1 / s4:7→1 / s5:5→1, s3:7→1 / s4:7→1 / s5:5→1, s3:7→1 / s4:9→1 / s5:7→1, s3:7→1 / s4:7→1 / s5:9→1, s3:7→1 / s4:9→1 / s5:7→1, s3:7→1 / s4:7→1 / s5:5→1, s3:7→1 / s4:7→1 / s5:5→1, s3:7→1 / s4:7→1 / s5:9→1, s3:7→1 / s4:7→1 / s5:5→1, s3:7→1 / s4:7→1 / s5:9→1, s3:7→1 / s4:7→1 / s5:9→1, s3:7→1 / s4:7→1 / s5:9→1, s3:7→1 / s4:7→1 / s5:9→1}"
7	21	"f5+2 su(3)"	"f5+3 su(3)+2(g2+su(2))"	13	109	2	3	0	0	0	0	0	0	"{s1:6→1 / s2:2→1 / s3:1→1, s1:6→1 / s2:2→1 / s3:1→1 / s4:6→1, s1:6→1 / s2:2→1 / s3:1→1 / s4:6→1 / s5:6→1, s1:6→1 / s2:2→1 / s3:1→1 / s5:6→1}"	"{s4:7→1 / s5:5→1, s4:9→1 / s5:5→1, s4:9→1 / s5:10→1, s4:7→1 / s5:10→1}"
7	21	"f5+2 su(3)"	"f5+4 su(3)+so(7)+2 su(2)"	13	108	2	3	0	0	0	0	0	0	"s1:6→1 / s2:2→1 / s3:1→1"	"s4:7→1 / s5:7→1"
7	21	"f5+2 su(3)"	"f5+su(3)+3(g2+su(2))"	13	116	3	2	0	0	0	0	0	0	"{s1:2→1 / s2:1→1 / s3:6→1 / s4:6→1, s1:2→1 / s2:1→1 / s3:6→1 / s4:6→1, s1:2→1 / s2:1→1 / s3:6→1 / s4:6→1 / s5:6→1, s1:2→1 / s2:1→1 / s3:6→1 / s4:6→1 / s5:6→1, s1:2→1 / s2:1→1 / s3:6→1 / s4:6→2, s1:2→1 / s2:1→1 / s3:6→1 / s4:6→3, s1:2→1 / s2:1→1 / s3:6→1 / s4:6→4, s1:2→1 / s2:1→1 / s3:6→1 / s4:6→5, s1:2→1 / s2:1→1 / s3:6→2 / s4:6→2, s1:2→1 / s2:1→1 / s4:6→1, s1:2→1 / s2:1→1 / s4:6→1 / s5:6→1, s1:2→1 / s2:1→1 / s4:6→1 / s5:6→1, s1:2→1 / s2:1→1 / s4:6→1 / s5:6→2, s1:2→1 / s2:1→1 / s4:6→1 / s5:6→3, s1:2→1 / s2:1→1 / s4:6→1 / s5:6→4, s1:2→1 / s2:1→1 / s4:6→1 / s5:6→5, s1:2→1 / s2:1→1 / s4:6→2, s1:2→1 / s2:1→1 / s4:6→2 / s5:6→2, s1:2→1 / s2:1→1 / s4:6→3, s1:2→1 / s2:1→1 / s4:6→4, s1:2→1 / s2:1→1 / s4:6→5}"	"{s3:8→1 / s4:7→1 / s5:5→1, s3:8→1 / s4:9→1 / s5:5→1, s3:8→1 / s4:9→1 / s5:5→1, s3:8→1 / s4:9→1 / s5:7→1, s3:8→1 / s4:9→1 / s5:5→1, s3:8→1 / s4:9→1 / s5:5→1, s3:8→1 / s4:9→1 / s5:5→1, s3:8→1 / s4:9→1 / s5:5→1, s3:8→1 / s4:9→1 / s5:5→1, s3:7→1 / s4:9→1 / s5:5→1, s3:7→1 / s4:9→1 / s5:5→1, s3:7→1 / s4:9→1 / s5:8→1, s3:7→1 / s4:9→1 / s5:8→1, s3:7→1 / s4:9→1 / s5:8→1, s3:7→1 / s4:9→1 / s5:8→1, s3:7→1 / s4:9→1 / s5:8→1, s3:7→1 / s4:9→1 / s5:5→1, s3:7→1 / s4:9→1 / s5:8→1, s3:7→1 / s4:9→1 / s5:5→1, s3:7→1 / s4:9→1 / s5:5→1, s3:7→1 / s4:9→1 / s5:5→1}"
7	26	"f5+g2+su(2)"	"f5+3 su(3)+2(g2+su(2))"	13	109	1	4	0	0	0	0	0	0	"s1:5→1 / s2:5→1 / s3:2→1 / s4:1→1 / s5:5→1"	"s5:11→1"
7	26	"f5+g2+su(2)"	"f5+su(3)+3(g2+su(2))"	13	116	2	3	0	0	0	0	0	0	"{s1:5→1 / s2:2→1 / s3:1→1 / s4:5→1 / s5:5→1, s1:5→1 / s2:2→1 / s3:1→1 / s4:5→1 / s5:5→1, s1:5→1 / s2:2→1 / s3:1→1 / s4:5→1 / s5:5→2, s1:5→1 / s2:2→1 / s3:1→1 / s4:5→1 / s5:5→3, s1:5→1 / s2:2→1 / s3:1→1 / s4:5→1 / s5:5→4, s1:5→1 / s2:2→1 / s3:1→1 / s4:5→1 / s5:5→5, s1:5→1 / s2:2→1 / s3:1→1 / s4:5→2 / s5:5→2, s1:5→2 / s2:2→1 / s3:1→1 / s4:5→1 / s5:5→1}"	"{s4:10→1 / s5:8→1, s4:10→1 / s5:9→1, s4:10→1 / s5:9→1, s4:10→1 / s5:9→1, s4:10→1 / s5:9→1, s4:10→1 / s5:9→1, s4:10→1 / s5:9→1, s4:10→1 / s5:9→1}"
7	27	"f5+su(3)"	"2 f5+3 su(3)+g2+su(2)"	14	66	1	3	0	1	0	0	0	0	"s1:7→1 / s2:3→1 / s3:2→1 / s4:1→1"	"s5:6→1"
7	27	"f5+su(3)"	"2 f5+su(3)+2(g2+su(2))"	14	73	2	2	0	1	0	0	0	0	"{s1:7→1 / s2:3→1 / s3:2→1 / s4:1→1 / s5:1→1, s1:7→1 / s2:3→1 / s3:2→1 / s4:1→1 / s5:1→1, s1:7→1 / s2:3→1 / s3:2→1 / s4:1→1 / s5:1→2, s1:7→1 / s2:3→1 / s3:2→1 / s4:1→1 / s5:1→2, s1:7→1 / s2:3→1 / s3:2→1 / s4:1→1 / s5:1→2, s1:7→1 / s2:3→1 / s3:2→1 / s4:1→1 / s5:1→3, s1:7→1 / s2:3→1 / s3:2→1 / s5:1→1}"	"{s4:9→1 / s5:10→1, s4:9→1 / s5:6→1, s4:6→1 / s5:10→1, s4:9→1 / s5:10→1, s4:9→1 / s5:6→1, s4:9→1 / s5:6→1, s4:6→1 / s5:10→1}"
7	27	"f5+su(3)"	"2 f5+su(3)+2(g2+su(2))"	15	73	2	2	0	1	0	0	0	0	"s1:7→1 / s2:3→1 / s3:2→1 / s4:1→1 / s5:1→3"	"s4:9→1 / s5:10→1"
7	27	"f5+su(3)"	"e6+f5+su(3)+2(g2+su(2))"	15	47	2	2	0	0	1	0	0	0	"{s1:7→1 / s2:3→1 / s3:2→1 / s4:1→1 / s5:1→1, s1:7→1 / s2:3→1 / s3:2→1 / s4:1→1 / s5:1→2, s1:7→1 / s2:3→1 / s3:2→1 / s4:1→1 / s5:1→3}"	"{s4:9→1 / s5:10→1, s4:9→1 / s5:10→1, s4:9→1 / s5:10→1}"
7	27	"f5+su(3)"	"f5+2 su(3)+2(g2+su(2))"	13	117	2	3	0	0	0	0	0	0	"{s1:3→1 / s2:2→1, 7→1 / s3:1→1, 7→1 / s4:7→1, s1:3→1 / s2:2→1 / s3:1→1, 7→1 / s4:7→1, s1:3→1 / s2:2→1 / s3:1→1, 7→1 / s4:7→1, s1:3→1 / s2:2→1 / s3:1→1, 7→1 / s4:7→1 / s5:7→1, s1:3→1 / s2:2→1 / s3:1→1, 7→1 / s4:7→1 / s5:7→1, s1:3→1 / s2:2→1 / s3:1→1, 7→1 / s4:7→1 / s5:7→1, s1:3→1 / s2:2→1 / s3:1→1, 7→2 / s4:7→1, s1:3→1 / s2:2→1 / s3:1→1, 7→2 / s4:7→1 / s5:7→1, s1:3→1 / s2:2→1 / s3:1→1 / s4:7→1, s1:3→1 / s2:2→1 / s3:1→1 / s4:7→1 / s5:7→1, s1:7→1 / s2:3→1 / s3:1→1, 2→1, 7→1 / s4:7→1, s1:7→1 / s2:3→1 / s3:2→1, 7→1 / s4:1→1, 7→1 / s5:1→1, s1:7→1 / s2:3→1 / s3:2→1, 7→1 / s4:1→1 / s5:1→1, s1:7→1 / s2:3→1 / s3:2→1, 7→1 / s4:1→1 / s5:1→1, s1:7→1 / s2:3→1 / s3:2→1, 7→1 / s4:1→1 / s5:1→1, s1:7→1 / s2:3→1 / s3:2→1, 7→1 / s4:1→1 / s5:1→1, 7→1, s1:7→1 / s2:3→1 / s3:2→1, 7→1 / s4:1→1 / s5:1→1, 7→1, s1:7→1 / s2:3→1 / s3:2→1, 7→1 / s4:1→1 / s5:1→2, 7→1, s1:7→1 / s2:3→1 / s3:2→1, 7→1 / s4:1→1 / s5:1→2, 7→1, s1:7→1 / s2:3→1 / s3:2→1, 7→1 / s4:7→1, s1:7→1 / s2:3→1 / s3:2→1, 7→1 / s5:1→1, s1:7→1 / s2:3→1 / s3:2→1, 7→1 / s5:1→1, s1:7→1 / s2:3→1 / s3:2→1, 7→1 / s5:1→1, 7→1, s1:7→1 / s2:3→1 / s3:2→1 / s4:1→1, 7→1 / s5:1→1, s1:7→1 / s2:3→1 / s3:2→1 / s4:1→1, 7→1 / s5:1→1, s1:7→1 / s2:3→1 / s3:2→1 / s4:1→1, 7→1 / s5:1→1, 7→1, s1:7→1 / s2:3→1 / s3:2→1 / s4:1→1, 7→1 / s5:1→1, 7→1, s1:7→1 / s2:3→1 / s3:2→1 / s4:1→1, 7→1 / s5:1→1, 7→1, s1:7→1 / s2:3→1 / s3:2→1 / s4:1→1, 7→1 / s5:1→1, 7→1, s1:7→1 / s2:3→1 / s3:2→1 / s4:1→1, 7→1 / s5:1→1, 7→2, s1:7→1 / s2:3→1 / s3:2→1 / s4:1→1, 7→1 / s5:1→1, 7→2, s1:7→1 / s2:3→1 / s3:2→1 / s4:1→1, 7→1 / s5:1→2, s1:7→1 / s2:3→1 / s3:2→1 / s4:1→1, 7→1 / s5:1→2, 7→1, s1:7→1 / s2:3→1 / s3:2→1 / s4:1→1, 7→1 / s5:1→2, 7→1, s1:7→1 / s2:3→1 / s3:2→1 / s4:1→1, 7→1 / s5:1→2, 7→1, s1:7→1 / s2:3→1 / s3:2→1 / s4:1→1, 7→1 / s5:1→2, 7→1, s1:7→1 / s2:3→1 / s3:2→1 / s4:1→1, 7→1 / s5:1→2, 7→1, s1:7→1 / s2:3→1 / s3:2→1 / s4:1→1, 7→1 / s5:1→2, 7→1, s1:7→1 / s2:3→1 / s3:2→1 / s4:1→1, 7→1 / s5:1→2, 7→1, s1:7→1 / s2:3→1 / s3:2→1 / s4:1→1, 7→1 / s5:1→2, 7→2, s1:7→1 / s2:3→1 / s3:2→1 / s4:1→1, 7→1 / s5:1→2, 7→2, s1:7→1 / s2:3→1 / s3:2→1 / s4:1→1, 7→1 / s5:1→2, 7→2, s1:7→1 / s2:3→1 / s3:2→1 / s4:1→1, 7→1 / s5:1→2, 7→2, s1:7→1 / s2:3→1 / s3:2→1 / s4:1→1, 7→1 / s5:1→2, 7→2, s1:7→1 / s2:3→1 / s3:2→1 / s4:1→1, 7→1 / s5:1→2, 7→3, s1:7→1 / s2:3→1 / s3:2→1 / s4:1→1, 7→1 / s5:1→2, 7→3, s1:7→1 / s2:3→1 / s3:2→1 / s4:1→1, 7→1 / s5:1→2, 7→3, s1:7→1 / s2:3→1 / s3:2→1 / s4:1→1, 7→1 / s5:1→3, 7→1, s1:7→1 / s2:3→1 / s3:2→1 / s4:1→1, 7→1 / s5:1→3, 7→1, s1:7→1 / s2:3→1 / s3:2→1 / s4:1→1, 7→1 / s5:1→3, 7→1, s1:7→1 / s2:3→1 / s3:2→1 / s4:1→1, 7→1 / s5:1→3, 7→1, s1:7→1 / s2:3→1 / s3:2→1 / s4:1→1, 7→1 / s5:1→3, 7→2, s1:7→1 / s2:3→1 / s3:2→1 / s4:1→1, 7→1 / s5:1→3, 7→2, s1:7→1 / s2:3→1 / s3:2→1 / s4:1→1, 7→1 / s5:1→3, 7→2, s1:7→1 / s2:3→1 / s3:2→1 / s4:1→1, 7→1 / s5:1→3, 7→2, s1:7→1 / s2:3→1 / s3:2→1 / s4:1→1, 7→1 / s5:1→3, 7→2, s1:7→1 / s2:3→1 / s3:2→1 / s4:1→1, 7→2 / s5:1→1, 7→1, s1:7→1 / s2:3→1 / s3:2→1 / s4:1→1, 7→2 / s5:1→1, 7→2, s1:7→1 / s2:3→1 / s3:2→1 / s4:1→1, 7→2 / s5:1→2, 7→1, s1:7→1 / s2:3→1 / s3:2→1 / s4:1→1, 7→2 / s5:1→2, 7→2, s1:7→1 / s2:3→1 / s3:2→1 / s4:1→1, 7→2 / s5:1→2, 7→2, s1:7→1 / s2:3→1 / s3:2→1 / s4:1→1, 7→2 / s5:1→2, 7→2, s1:7→1 / s2:3→1 / s3:2→1 / s4:1→1, 7→2 / s5:1→2, 7→3, s1:7→1 / s2:3→1 / s3:2→1 / s4:1→1, 7→2 / s5:1→3, 7→2, s1:7→1 / s2:3→1 / s3:2→1 / s4:1→1, 7→2 / s5:1→3, 7→2, s1:7→1 / s2:3→1 / s3:2→1 / s4:1→1 / s5:1→1, s1:7→1 / s2:3→1 / s3:2→1 / s4:1→1 / s5:1→1, s1:7→1 / s2:3→1 / s3:2→1 / s4:1→1 / s5:1→1, s1:7→1 / s2:3→1 / s3:2→1 / s4:1→1 / s5:1→1, 7→1, s1:7→1 / s2:3→1 / s3:2→1 / s4:1→1 / s5:1→1, 7→1, s1:7→1 / s2:3→1 / s3:2→1 / s4:1→1 / s5:1→1, 7→1, s1:7→1 / s2:3→1 / s3:2→1 / s4:1→1 / s5:1→1, 7→2, s1:7→1 / s2:3→1 / s3:2→1 / s4:1→1 / s5:1→2, s1:7→1 / s2:3→1 / s3:2→1 / s4:1→1 / s5:1→2, s1:7→1 / s2:3→1 / s3:2→1 / s4:1→1 / s5:1→2, s1:7→1 / s2:3→1 / s3:2→1 / s4:1→1 / s5:1→2, 7→1, s1:7→1 / s2:3→1 / s3:2→1 / s4:1→1 / s5:1→2, 7→1, s1:7→1 / s2:3→1 / s3:2→1 / s4:1→1 / s5:1→2, 7→1, s1:7→1 / s2:3→1 / s3:2→1 / s4:1→1 / s5:1→2, 7→1, s1:7→1 / s2:3→1 / s3:2→1 / s4:1→1 / s5:1→2, 7→1, s1:7→1 / s2:3→1 / s3:2→1 / s4:1→1 / s5:1→2, 7→1, s1:7→1 / s2:3→1 / s3:2→1 / s4:1→1 / s5:1→2, 7→1, s1:7→1 / s2:3→1 / s3:2→1 / s4:1→1 / s5:1→2, 7→2, s1:7→1 / s2:3→1 / s3:2→1 / s4:1→1 / s5:1→2, 7→2, s1:7→1 / s2:3→1 / s3:2→1 / s4:1→1 / s5:1→2, 7→2, s1:7→1 / s2:3→1 / s3:2→1 / s4:1→1 / s5:1→2, 7→3, s1:7→1 / s2:3→1 / s3:2→1 / s4:1→1 / s5:1→3, 7→1, s1:7→1 / s2:3→1 / s3:2→1 / s4:1→1 / s5:1→3, 7→1, s1:7→1 / s2:3→1 / s3:2→1 / s4:1→1 / s5:1→3, 7→1, s1:7→1 / s2:3→1 / s3:2→1 / s4:1→1 / s5:1→3, 7→1, s1:7→1 / s2:3→1 / s3:2→1 / s4:1→1 / s5:1→3, 7→1, s1:7→1 / s2:3→1 / s3:2→1 / s4:1→1 / s5:1→3, 7→1, s1:7→1 / s2:3→1 / s3:2→1 / s4:1→1 / s5:1→3, 7→1, s1:7→1 / s2:3→1 / s3:2→1 / s4:1→1 / s5:1→3, 7→2, s1:7→1 / s2:3→1 / s3:2→1 / s4:1→1 / s5:1→3, 7→2, s1:7→1 / s2:3→1 / s3:2→1 / s4:1→1 / s5:1→3, 7→2, s1:7→1 / s2:3→1 / s3:2→1 / s4:1→1 / s5:1→3, 7→2, s1:7→1 / s2:3→1 / s3:2→1 / s4:1→1 / s5:1→3, 7→2, s1:7→1 / s2:3→1 / s3:2→1 / s4:7→1, s1:7→1 / s2:3→1 / s3:2→1 / s4:7→1 / s5:1→1, s1:7→1 / s2:3→1 / s3:2→1 / s4:7→1 / s5:1→1, s1:7→1 / s2:3→1 / s3:2→1 / s4:7→1 / s5:1→1, 7→1, s1:7→1 / s2:3→1 / s3:2→1 / s4:7→1 / s5:1→1, 7→1, s1:7→1 / s2:3→1 / s3:2→1 / s4:7→1 / s5:1→1, 7→1, s1:7→1 / s2:3→1 / s3:2→1 / s4:7→1 / s5:1→1, 7→2, s1:7→1 / s2:3→1 / s3:2→1 / s4:7→1 / s5:1→2, 7→1, s1:7→1 / s2:3→1 / s3:2→1 / s4:7→1 / s5:1→2, 7→1, s1:7→1 / s2:3→1 / s3:2→1 / s4:7→1 / s5:1→2, 7→2, s1:7→1 / s2:3→1 / s3:2→1 / s4:7→1 / s5:1→2, 7→2, s1:7→1 / s2:3→1 / s3:2→1 / s4:7→1 / s5:1→2, 7→2, s1:7→1 / s2:3→1 / s3:2→1 / s4:7→1 / s5:1→2, 7→3, s1:7→1 / s2:3→1 / s3:2→1 / s4:7→1 / s5:1→3, 7→2, s1:7→1 / s2:3→1 / s3:2→1 / s4:7→1 / s5:1→3, 7→2, s1:7→1 / s2:3→1 / s3:2→1 / s4:7→1 / s5:1→3, 7→2, s1:7→1 / s2:3→1 / s3:2→1 / s5:1→1, s1:7→1 / s2:3→1 / s3:2→1 / s5:1→1, s1:7→1 / s2:3→1 / s3:2→1 / s5:1→1, 7→1, s1:7→1 / s2:3→1 / s3:2→1 / s5:1→1, 7→1, s1:7→1 / s2:3→1 / s3:2→1 / s5:1→1, 7→2, s1:7→1 / s2:3→1 / s3:2→1 / s5:1→2, 7→1, s1:7→1 / s2:3→1 / s3:2→1 / s5:1→2, 7→1, s1:7→1 / s2:3→1 / s3:2→1 / s5:1→2, 7→2, s1:7→1 / s2:3→1 / s3:2→1 / s5:1→2, 7→2, s1:7→1 / s2:3→1 / s3:2→1 / s5:1→2, 7→3, s1:7→1 / s2:3→1 / s3:2→1 / s5:1→3, 7→1, s1:7→1 / s2:3→1 / s3:2→1 / s5:1→3, 7→1, s1:7→1 / s2:3→1 / s3:2→1 / s5:1→3, 7→2, s1:7→1 / s2:3→1 / s3:2→1 / s5:1→3, 7→2, s1:7→1 / s2:7→1 / s3:3→1 / s4:2→1 / s5:1→1, s1:7→1 / s2:7→1 / s3:3→1 / s4:2→1 / s5:1→1, s1:7→1 / s2:7→1 / s3:3→1 / s4:2→1 / s5:1→1, 2→1, 7→1, s1:7→1 / s2:7→1 / s3:3→1 / s4:2→1 / s5:1→1, 2→1, 7→1, s1:7→1 / s2:7→1 / s3:3→1 / s4:2→1 / s5:1→2, 7→1, s1:7→1 / s2:7→1 / s3:3→1 / s4:2→1 / s5:2→1, s1:7→1 / s2:7→1 / s3:3→1 / s4:2→1 / s5:2→1, s1:7→1 / s2:7→1 / s3:3→1 / s4:2→1 / s5:2→2, 7→1, s1:7→1 / s2:7→1 / s3:3→1 / s4:2→1 / s5:2→2, 7→1}"	"{s4:8→1 / s5:6→1, s4:10→1 / s5:6→1, s4:8→1 / s5:6→1, s4:8→1 / s5:10→1, s4:8→1 / s5:6→1, s4:8→1 / s5:9→1, s4:8→1 / s5:6→1, s4:8→1 / s5:9→1, s4:8→1 / s5:6→1, s4:8→1 / s5:10→1, s4:9→1 / s5:6→1, s4:9→1 / s5:6→1, s4:10→1 / s5:6→1, s4:8→1 / s5:10→1, s4:8→1 / s5:6→1, s4:10→1 / s5:9→1, s4:8→1 / s5:9→1, s4:10→1 / s5:9→1, s4:6→1 / s5:9→1, s4:9→1 / s5:6→1, s4:6→1 / s5:10→1, s4:6→1 / s5:8→1, s4:6→1 / s5:9→1, s4:8→1 / s5:6→1, s4:9→1 / s5:6→1, s4:8→1 / s5:10→1, s4:8→1 / s5:6→1, s4:9→1 / s5:10→1, s4:9→1 / s5:6→1, s4:8→1 / s5:10→1, s4:9→1 / s5:10→1, s4:9→1 / s5:6→1, s4:6→1 / s5:10→1, s4:6→1 / s5:8→1, s4:8→1 / s5:10→1, s4:8→1 / s5:6→1, s4:9→1 / s5:10→1, s4:9→1 / s5:6→1, s4:9→1 / s5:8→1, s4:6→1 / s5:10→1, s4:8→1 / s5:10→1, s4:9→1 / s5:10→1, s4:9→1 / s5:6→1, s4:9→1 / s5:8→1, s4:6→1 / s5:10→1, s4:8→1 / s5:10→1, s4:9→1 / s5:10→1, s4:8→1 / s5:6→1, s4:9→1 / s5:10→1, s4:9→1 / s5:6→1, s4:9→1 / s5:8→1, s4:6→1 / s5:10→1, s4:8→1 / s5:10→1, s4:9→1 / s5:10→1, s4:9→1 / s5:6→1, s4:9→1 / s5:8→1, s4:9→1 / s5:6→1, s4:9→1 / s5:10→1, s4:9→1 / s5:8→1, s4:9→1 / s5:10→1, s4:9→1 / s5:6→1, s4:9→1 / s5:8→1, s4:9→1 / s5:10→1, s4:9→1 / s5:6→1, s4:9→1 / s5:8→1, s4:8→1 / s5:10→1, s4:8→1 / s5:6→1, s4:9→1 / s5:6→1, s4:8→1 / s5:10→1, s4:8→1 / s5:6→1, s4:9→1 / s5:10→1, s4:8→1 / s5:10→1, s4:6→1 / s5:8→1, s4:8→1 / s5:6→1, s4:9→1 / s5:6→1, s4:6→1 / s5:10→1, s4:6→1 / s5:8→1, s4:8→1 / s5:10→1, s4:8→1 / s5:6→1, s4:9→1 / s5:10→1, s4:9→1 / s5:6→1, s4:9→1 / s5:8→1, s4:6→1 / s5:10→1, s4:8→1 / s5:10→1, s4:8→1 / s5:6→1, s4:8→1 / s5:10→1, s4:6→1 / s5:10→1, s4:6→1 / s5:8→1, s4:8→1 / s5:10→1, s4:8→1 / s5:6→1, s4:9→1 / s5:10→1, s4:9→1 / s5:6→1, s4:9→1 / s5:8→1, s4:6→1 / s5:10→1, s4:6→1 / s5:8→1, s4:8→1 / s5:10→1, s4:8→1 / s5:6→1, s4:9→1 / s5:10→1, s4:9→1 / s5:6→1, s4:9→1 / s5:6→1, s4:9→1 / s5:8→1, s4:9→1 / s5:10→1, s4:9→1 / s5:6→1, s4:9→1 / s5:8→1, s4:9→1 / s5:10→1, s4:9→1 / s5:6→1, s4:9→1 / s5:8→1, s4:9→1 / s5:10→1, s4:9→1 / s5:6→1, s4:9→1 / s5:8→1, s4:9→1 / s5:10→1, s4:9→1 / s5:10→1, s4:9→1 / s5:6→1, s4:9→1 / s5:8→1, s4:6→1 / s5:10→1, s4:6→1 / s5:8→1, s4:6→1 / s5:10→1, s4:6→1 / s5:8→1, s4:6→1 / s5:10→1, s4:6→1 / s5:10→1, s4:6→1 / s5:8→1, s4:6→1 / s5:10→1, s4:6→1 / s5:8→1, s4:6→1 / s5:10→1, s4:6→1 / s5:10→1, s4:6→1 / s5:8→1, s4:6→1 / s5:10→1, s4:6→1 / s5:8→1, s4:6→1 / s5:9→1, s4:8→1 / s5:9→1, s4:6→1 / s5:10→1, s4:8→1 / s5:10→1, s4:8→1 / s5:10→1, s4:8→1 / s5:6→1, s4:8→1 / s5:9→1, s4:6→1 / s5:10→1, s4:8→1 / s5:10→1}"
7	27	"f5+su(3)"	"f5+2 su(3)+2(g2+su(2))"	14	117	2	3	0	0	0	0	0	0	"{s1:3→1 / s2:2→1 / s3:1→1, 7→2 / s4:7→1 / s5:7→1, s1:7→1 / s2:3→1 / s3:2→1, 7→1 / s4:7→1 / s5:1→1, s1:7→1 / s2:3→1 / s3:2→1 / s4:1→1, 7→2 / s5:1→1, 7→2, s1:7→1 / s2:3→1 / s3:2→1 / s4:1→1 / s5:1→1, s1:7→1 / s2:3→1 / s3:2→1 / s4:1→1 / s5:1→2, s1:7→1 / s2:3→1 / s3:2→1 / s4:1→1 / s5:1→3, s1:7→1 / s2:3→1 / s3:2→1 / s4:1→1 / s5:1→3, s1:7→1 / s2:3→1 / s3:2→1 / s4:7→1 / s5:1→1, 7→2, s1:7→1 / s2:3→1 / s3:2→1 / s4:7→1 / s5:1→2, 7→3, s1:7→1 / s2:3→1 / s3:2→1 / s4:7→1 / s5:7→1, s1:7→1 / s2:7→1 / s3:3→1 / s4:2→1, 7→1 / s5:2→1, s1:7→1 / s2:7→1 / s3:3→1 / s4:2→1 / s5:1→1, 2→2, 7→1, s1:7→1 / s2:7→1 / s3:3→1 / s4:2→1 / s5:1→1, 2→2, 7→1, s1:7→1 / s2:7→1 / s3:3→1 / s4:2→1 / s5:1→1, 7→1, s1:7→1 / s2:7→1 / s3:3→1 / s4:2→1 / s5:1→2, 2→1, 7→1, s1:7→1 / s2:7→1 / s3:3→1 / s4:2→1 / s5:2→1, 7→1, s1:7→1 / s2:7→1 / s3:3→1 / s5:1→1, 2→1, 7→1, s1:7→1 / s2:7→1 / s3:3→1 / s5:2→1, s1:7→1 / s2:7→1 / s3:3→1 / s5:2→1, 7→1}"	"{s4:8→1 / s5:6→1, s4:9→1 / s5:8→1, s4:9→1 / s5:6→1, s4:9→1 / s5:10→1, s4:9→1 / s5:8→1, s4:8→1 / s5:6→1, s4:9→1 / s5:6→1, s4:9→1 / s5:6→1, s4:9→1 / s5:6→1, s4:9→1 / s5:10→1, s4:10→1 / s5:6→1, s4:6→1 / s5:10→1, s4:8→1 / s5:10→1, s4:8→1 / s5:10→1, s4:8→1 / s5:10→1, s4:8→1 / s5:10→1, s4:6→1 / s5:10→1, s4:6→1 / s5:9→1, s4:6→1 / s5:10→1}"
7	27	"f5+su(3)"	"f5+2 su(3)+2(g2+su(2))"	15	117	2	3	0	0	0	0	0	0	"{s1:7→1 / s2:3→1 / s3:2→1 / s4:7→1 / s5:1→2, 7→3, s1:7→1 / s2:7→1 / s3:3→1 / s4:2→1 / s5:1→1, 7→1, s1:7→1 / s2:7→1 / s3:3→1 / s4:7→1}"	"{s4:9→1 / s5:8→1, s4:6→1 / s5:10→1, s4:10→1 / s5:6→1}"
7	27	"f5+su(3)"	"f5+2 su(3)+2(g2+su(2))"	16	117	2	3	0	0	0	0	0	0	"{s1:7→1 / s2:3→1 / s3:2→1 / s4:7→1 / s5:1→1, 7→1, s1:7→1 / s2:3→1 / s3:2→1 / s4:7→1 / s5:1→1, 7→2, s1:7→1 / s2:3→1 / s3:2→1 / s5:1→2, 7→3, s1:7→1 / s2:7→1 / s3:3→1 / s4:2→1 / s5:1→1, 2→1, s1:7→1 / s2:7→1 / s3:3→1 / s4:2→1 / s5:1→2, 2→1, 7→1}"	"{s4:6→1 / s5:8→1, s4:6→1 / s5:10→1, s4:6→1 / s5:8→1, s4:8→1 / s5:6→1, s4:6→1 / s5:10→1}"
7	27	"f5+su(3)"	"f5+2 su(3)+2(g2+su(2))"	17	117	2	3	0	0	0	0	0	0	"{s1:7→1 / s2:3→1 / s3:2→1 / s4:1→1, 7→1 / s5:1→1, 7→3, s1:7→1 / s2:3→1 / s3:2→1 / s4:1→1 / s5:1→2, s1:7→1 / s2:3→1 / s3:2→1 / s4:1→1 / s5:1→2, 7→3, s1:7→1 / s2:3→1 / s3:2→1 / s4:7→1 / s5:1→1, 7→3}"	"{s4:8→1 / s5:10→1, s4:8→1 / s5:10→1, s4:8→1 / s5:6→1, s4:9→1 / s5:10→1}"
7	27	"f5+su(3)"	"f5+2 su(3)+2(g2+su(2))"	18	117	2	3	0	0	0	0	0	0	"{s1:7→1 / s2:3→1 / s3:2→1, 7→1 / s4:7→1 / s5:1→1, s1:7→1 / s2:3→1 / s3:2→1, 7→1 / s4:7→1 / s5:1→1, s1:7→1 / s2:3→1 / s3:2→1 / s4:1→1, 7→2 / s5:1→2, 7→1, s1:7→1 / s2:3→1 / s3:2→1 / s4:1→1 / s5:1→2, s1:7→1 / s2:3→1 / s3:2→1 / s4:7→1 / s5:1→2, 7→3, s1:7→1 / s2:7→1 / s3:3→1 / s4:1→1, 2→1 / s5:1→1, 2→2, 7→1, s1:7→1 / s2:7→1 / s3:3→1 / s5:2→2, 7→1}"	"{s4:9→1 / s5:10→1, s4:9→1 / s5:6→1, s4:9→1 / s5:6→1, s4:9→1 / s5:10→1, s4:6→1 / s5:10→1, s4:6→1 / s5:10→1, s4:6→1 / s5:10→1}"
7	27	"f5+su(3)"	"f5+2 su(3)+2(g2+su(2))"	19	117	2	3	0	0	0	0	0	0	"{s1:7→1 / s2:3→1 / s3:2→1 / s4:1→1, 7→2 / s5:1→1, 7→3, s1:7→1 / s2:3→1 / s3:2→1 / s4:7→1 / s5:7→1}"	"{s4:9→1 / s5:10→1, s4:9→1 / s5:6→1}"
7	27	"f5+su(3)"	"f5+2 su(3)+2(g2+su(2))"	20	117	2	3	0	0	0	0	0	0	"{s1:7→1 / s2:3→1 / s3:2→1 / s4:1→1, 7→3 / s5:1→1, 7→3, s1:7→1 / s2:3→1 / s3:2→1 / s5:1→1, 7→3}"	"{s4:9→1 / s5:10→1, s4:6→1 / s5:10→1}"
7	27	"f5+su(3)"	"f5+2 su(3)+2(g2+su(2))"	25	117	2	3	0	0	0	0	0	0	"s1:7→1 / s2:7→1 / s3:3→1 / s4:7→1 / s5:2→1"	"s4:10→1 / s5:9→1"
7	27	"f5+su(3)"	"f5+2 su(3)+2(g2+su(2))"	29	117	2	3	0	0	0	0	0	0	"s1:7→1 / s2:3→1 / s3:2→1 / s4:1→1, 7→1 / s5:1→2, 7→3"	"s4:9→1 / s5:6→1"
7	27	"f5+su(3)"	"f5+2 su(3)+2(g2+su(2))"	47	117	2	3	0	0	0	0	0	0	"{s1:3→1 / s2:2→1 / s3:1→1, 7→1 / s4:7→1 / s5:7→1, s1:7→1 / s2:3→1 / s3:2→1 / s4:7→1 / s5:1→1, 7→3}"	"{s4:10→1 / s5:6→1, s4:6→1 / s5:10→1}"
7	27	"f5+su(3)"	"f5+2 su(3)+2(g2+su(2))"	65	117	2	3	0	0	0	0	0	0	"{s1:3→1 / s2:2→1 / s3:1→1, 7→3 / s4:7→1 / s5:7→1, s1:7→1 / s2:3→1 / s3:2→1 / s4:7→1 / s5:1→1, 7→2}"	"{s4:8→1 / s5:9→1, s4:9→1 / s5:8→1}"
7	27	"f5+su(3)"	"f5+3(g2+su(2))"	12	124	3	2	0	0	0	0	0	0	"{s1:3→1 / s2:2→1, 7→1 / s3:7→1 / s4:1→1 / s5:1→1, s1:3→1 / s2:2→1, 7→1 / s3:7→1 / s4:1→1 / s5:1→2, 7→1, s1:3→1 / s2:2→1, 7→1 / s3:7→1 / s4:1→1 / s5:1→2, 7→1, s1:3→1 / s2:2→1, 7→1 / s4:1→1, 7→1 / s5:1→2, 7→1, s1:3→1 / s2:2→1, 7→1 / s4:1→1, 7→1 / s5:1→2, 7→1, s1:3→1 / s2:2→1, 7→1 / s4:1→1 / s5:1→1, 7→1, s1:3→1 / s2:2→1, 7→1 / s4:1→1 / s5:1→1, 7→1, s1:3→1 / s2:2→1, 7→1 / s4:1→1 / s5:1→2, 7→2, s1:3→1 / s2:2→1, 7→1 / s4:1→1 / s5:1→2, 7→2, s1:3→1 / s2:2→1 / s3:7→1 / s4:1→1, 7→1 / s5:1→1, 7→1, s1:3→1 / s2:2→1 / s3:7→1 / s4:1→1, 7→1 / s5:1→1, 7→1, s1:3→1 / s2:2→1 / s3:7→1 / s4:1→1, 7→1 / s5:1→2, 7→2, s1:3→1 / s2:2→1 / s3:7→1 / s4:1→1, 7→1 / s5:1→2, 7→2, s1:3→1 / s2:2→1 / s3:7→1 / s4:1→1, 7→1 / s5:1→2, 7→2, s1:3→1 / s2:2→1 / s3:7→1 / s4:1→1, 7→2 / s5:1→1, s1:3→1 / s2:2→1 / s3:7→1 / s4:1→1, 7→2 / s5:1→2, 7→1, s1:3→1 / s2:2→1 / s3:7→1 / s4:1→1, 7→2 / s5:1→3, 7→2, s1:3→1 / s2:2→1 / s3:7→1 / s4:1→1 / s5:1→2, 7→3, s1:3→1 / s2:2→1 / s3:7→1 / s4:7→1 / s5:1→1, s1:3→1 / s2:2→1 / s3:7→1 / s4:7→1 / s5:1→2, 7→1, s1:3→1 / s2:2→1 / s3:7→1 / s4:7→1 / s5:1→3, 7→2, s1:3→1 / s2:2→1 / s3:7→1 / s5:1→1, 7→1, s1:3→1 / s2:2→1 / s3:7→1 / s5:1→2, 7→2, s1:3→1 / s2:2→1 / s4:1→1, 7→1 / s5:1→1, 7→2, s1:3→1 / s2:2→1 / s4:1→1, 7→1 / s5:1→2, 7→3, s1:3→1 / s2:2→1 / s4:1→1, 7→2 / s5:1→2, 7→2, s1:7→1 / s2:2→1, 3→1 / s3:7→1 / s4:1→1 / s5:1→1, s1:7→1 / s2:2→1, 3→1 / s4:1→1 / s5:1→1, 7→1, s1:7→1 / s2:3→1 / s3:2→1 / s4:1→1, 7→1 / s5:1→1, 2→1, s1:7→1 / s2:3→1 / s3:2→1 / s4:1→1, 7→1 / s5:1→1, 2→1, s1:7→1 / s2:3→1 / s3:2→1 / s4:1→1, 7→1 / s5:1→2, 2→2, 7→1, s1:7→1 / s2:3→1 / s3:2→1 / s4:1→1, 7→1 / s5:1→2, 2→2, 7→1, s1:7→1 / s2:3→1 / s3:2→1 / s4:1→1 / s5:1→1, 2→1, 7→1, s1:7→1 / s2:3→1 / s3:2→1 / s4:1→1 / s5:1→1, 2→1, 7→1, s1:7→1 / s2:3→1 / s3:2→1 / s4:1→1 / s5:1→1, 2→1, 7→1, s1:7→1 / s2:3→1 / s4:1→1, 2→1, 7→1 / s5:1→2, 2→2, 7→1, s1:7→1 / s2:3→1 / s4:1→1, 2→1 / s5:1→1, 2→1, 7→1, s1:7→1 / s2:3→1 / s4:1→1, 2→2, 7→1 / s5:1→2, 2→1, 7→1, s1:7→1 / s2:3→1 / s4:2→1 / s5:1→1, s1:7→1 / s2:3→1 / s4:2→1 / s5:1→2, 2→1, 7→1, s1:7→1 / s2:3→1 / s4:2→1 / s5:1→2, 2→1, 7→1}"	"{s3:8→1 / s4:9→1 / s5:6→1, s3:8→1 / s4:6→1 / s5:9→1, s3:8→1 / s4:9→1 / s5:6→1, s3:6→1 / s4:8→1 / s5:9→1, s3:6→1 / s4:9→1 / s5:8→1, s3:6→1 / s4:8→1 / s5:9→1, s3:6→1 / s4:9→1 / s5:8→1, s3:6→1 / s4:8→1 / s5:9→1, s3:6→1 / s4:9→1 / s5:8→1, s3:6→1 / s4:9→1 / s5:8→1, s3:8→1 / s4:9→1 / s5:6→1, s3:6→1 / s4:9→1 / s5:8→1, s3:8→1 / s4:6→1 / s5:9→1, s3:8→1 / s4:9→1 / s5:6→1, s3:8→1 / s4:9→1 / s5:6→1, s3:8→1 / s4:9→1 / s5:6→1, s3:8→1 / s4:9→1 / s5:6→1, s3:8→1 / s4:6→1 / s5:9→1, s3:8→1 / s4:9→1 / s5:6→1, s3:8→1 / s4:9→1 / s5:6→1, s3:8→1 / s4:9→1 / s5:6→1, s3:8→1 / s4:6→1 / s5:9→1, s3:8→1 / s4:6→1 / s5:9→1, s3:6→1 / s4:9→1 / s5:8→1, s3:6→1 / s4:9→1 / s5:8→1, s3:6→1 / s4:9→1 / s5:8→1, s3:9→1 / s4:8→1 / s5:6→1, s3:6→1 / s4:8→1 / s5:9→1, s3:6→1 / s4:9→1 / s5:8→1, s3:8→1 / s4:9→1 / s5:6→1, s3:6→1 / s4:9→1 / s5:8→1, s3:8→1 / s4:9→1 / s5:6→1, s3:6→1 / s4:8→1 / s5:9→1, s3:6→1 / s4:9→1 / s5:8→1, s3:8→1 / s4:9→1 / s5:6→1, s3:6→1 / s4:9→1 / s5:8→1, s3:6→1 / s4:8→1 / s5:9→1, s3:6→1 / s4:9→1 / s5:8→1, s3:6→1 / s4:9→1 / s5:8→1, s3:6→1 / s4:8→1 / s5:9→1, s3:6→1 / s4:9→1 / s5:8→1}"
7	27	"f5+su(3)"	"f5+3(g2+su(2))"	13	124	3	2	0	0	0	0	0	0	"{s1:3→1 / s2:1→1, 2→1, 7→1 / s3:7→1 / s4:7→1, s1:3→1 / s2:2→1, 7→1 / s3:7→1 / s4:1→1, 7→1 / s5:1→1, s1:3→1 / s2:2→1, 7→1 / s3:7→1 / s4:1→1 / s5:1→1, 7→1, s1:3→1 / s2:2→1, 7→1 / s3:7→1 / s4:7→1, s1:3→1 / s2:2→1, 7→1 / s3:7→1 / s5:1→1, s1:3→1 / s2:2→1, 7→1 / s3:7→1 / s5:1→1, 7→1, s1:3→1 / s2:2→1, 7→1 / s3:7→1 / s5:1→1, 7→1, s1:3→1 / s2:2→1, 7→1 / s3:7→1 / s5:1→2, 7→1, s1:3→1 / s2:2→1, 7→1 / s4:1→1, 7→1 / s5:1→1, 7→1, s1:3→1 / s2:2→1, 7→1 / s4:1→1 / s5:1→1, 7→2, s1:3→1 / s2:2→1, 7→1 / s4:1→1 / s5:1→2, 7→1, s1:3→1 / s2:2→1, 7→1 / s4:1→1 / s5:1→2, 7→1, s1:3→1 / s2:2→1, 7→1 / s4:1→1 / s5:1→2, 7→3, s1:3→1 / s2:2→1, 7→1 / s4:1→1 / s5:1→3, 7→2, s1:3→1 / s2:2→1, 7→1 / s4:1→1 / s5:1→3, 7→2, s1:3→1 / s2:2→1 / s3:7→1 / s4:1→1, 7→1 / s5:1→1, s1:3→1 / s2:2→1 / s3:7→1 / s4:1→1, 7→1 / s5:1→1, 7→2, s1:3→1 / s2:2→1 / s3:7→1 / s4:1→1, 7→1 / s5:1→2, 7→1, s1:3→1 / s2:2→1 / s3:7→1 / s4:1→1, 7→1 / s5:1→2, 7→3, s1:3→1 / s2:2→1 / s3:7→1 / s4:1→1, 7→1 / s5:1→2, 7→3, s1:3→1 / s2:2→1 / s3:7→1 / s4:1→1, 7→1 / s5:1→2, 7→3, s1:3→1 / s2:2→1 / s3:7→1 / s4:1→1, 7→1 / s5:1→3, 7→2, s1:3→1 / s2:2→1 / s3:7→1 / s4:1→1, 7→1 / s5:1→3, 7→2, s1:3→1 / s2:2→1 / s3:7→1 / s4:1→1, 7→2 / s5:1→1, 7→1, s1:3→1 / s2:2→1 / s3:7→1 / s4:1→1, 7→2 / s5:1→1, 7→2, s1:3→1 / s2:2→1 / s3:7→1 / s4:1→1, 7→2 / s5:1→1, 7→2, s1:3→1 / s2:2→1 / s3:7→1 / s4:1→1, 7→2 / s5:1→2, 7→2, s1:3→1 / s2:2→1 / s3:7→1 / s4:1→1, 7→2 / s5:1→2, 7→3, s1:3→1 / s2:2→1 / s3:7→1 / s4:1→1, 7→2 / s5:1→2, 7→3, s1:3→1 / s2:2→1 / s3:7→1 / s4:1→1, 7→2 / s5:1→2, 7→3, s1:3→1 / s2:2→1 / s3:7→1 / s4:1→1, 7→3 / s5:1→1, 7→2, s1:3→1 / s2:2→1 / s3:7→1 / s4:1→1, 7→3 / s5:1→2, 7→3, s1:3→1 / s2:2→1 / s3:7→1 / s4:1→1 / s5:1→2, 7→1, s1:3→1 / s2:2→1 / s3:7→1 / s4:1→1 / s5:1→2, 7→2, s1:3→1 / s2:2→1 / s3:7→1 / s4:1→1 / s5:1→3, 7→2, s1:3→1 / s2:2→1 / s3:7→1 / s4:7→1, s1:3→1 / s2:2→1 / s3:7→1 / s4:7→1 / s5:1→1, 7→1, s1:3→1 / s2:2→1 / s3:7→1 / s4:7→1 / s5:1→1, 7→2, s1:3→1 / s2:2→1 / s3:7→1 / s4:7→1 / s5:1→1, 7→2, s1:3→1 / s2:2→1 / s3:7→1 / s4:7→1 / s5:1→2, 7→2, s1:3→1 / s2:2→1 / s3:7→1 / s4:7→1 / s5:1→2, 7→3, s1:3→1 / s2:2→1 / s3:7→1 / s4:7→1 / s5:1→2, 7→3, s1:3→1 / s2:2→1 / s3:7→1 / s4:7→1 / s5:7→1, s1:3→1 / s2:2→1 / s3:7→1 / s5:1→1, 7→2, s1:3→1 / s2:2→1 / s3:7→1 / s5:1→1, 7→3, s1:3→1 / s2:2→1 / s3:7→1 / s5:1→2, 7→1, s1:3→1 / s2:2→1 / s3:7→1 / s5:1→2, 7→3, s1:3→1 / s2:2→1 / s3:7→1 / s5:1→3, 7→2, s1:3→1 / s2:2→1 / s4:1→1, 7→1 / s5:1→1, 7→1, s1:3→1 / s2:2→1 / s4:1→1, 7→1 / s5:1→2, 7→1, s1:3→1 / s2:2→1 / s4:1→1, 7→1 / s5:1→2, 7→2, s1:3→1 / s2:2→1 / s4:1→1, 7→1 / s5:1→3, 7→1, s1:3→1 / s2:2→1 / s4:1→1, 7→1 / s5:1→3, 7→2, s1:3→1 / s2:2→1 / s4:1→1, 7→2 / s5:1→1, 7→2, s1:3→1 / s2:2→1 / s4:1→1, 7→2 / s5:1→1, 7→3, s1:3→1 / s2:2→1 / s4:1→1, 7→2 / s5:1→2, 7→3, s1:3→1 / s2:2→1 / s4:1→1, 7→3 / s5:1→2, 7→3, s1:3→1 / s2:2→1 / s4:1→1 / s5:1→1, 7→1, s1:3→1 / s2:2→1 / s4:1→1 / s5:1→2, 7→1, s1:3→1 / s2:2→1 / s4:1→1 / s5:1→2, 7→2, s1:3→1 / s2:2→1 / s4:1→1 / s5:1→3, 7→1, s1:3→1 / s2:2→1 / s4:1→1 / s5:1→3, 7→2, s1:7→1 / s2:3→1 / s3:2→1, 7→1 / s4:2→1 / s5:1→1, 7→1, s1:7→1 / s2:3→1 / s3:2→1, 7→1 / s4:2→2, 7→1 / s5:1→1, s1:7→1 / s2:3→1 / s3:2→1 / s4:1→1, 7→1 / s5:1→1, s1:7→1 / s2:3→1 / s3:2→1 / s4:1→1, 7→1 / s5:1→1, 2→1, 7→1, s1:7→1 / s2:3→1 / s3:2→1 / s4:1→1, 7→1 / s5:1→1, 2→1, 7→1, s1:7→1 / s2:3→1 / s3:2→1 / s4:1→1, 7→1 / s5:1→1, 7→1, s1:7→1 / s2:3→1 / s3:2→1 / s4:1→1, 7→1 / s5:1→2, 2→1, 7→1, s1:7→1 / s2:3→1 / s3:2→1 / s4:1→1, 7→1 / s5:1→2, 2→1, 7→1, s1:7→1 / s2:3→1 / s3:2→1 / s4:1→1, 7→1 / s5:1→2, 7→1, s1:7→1 / s2:3→1 / s3:2→1 / s4:1→1, 7→1 / s5:1→3, 2→1, 7→1, s1:7→1 / s2:3→1 / s3:2→1 / s4:1→1 / s5:1→1, s1:7→1 / s2:3→1 / s3:2→1 / s4:1→1 / s5:1→1, 2→1, s1:7→1 / s2:3→1 / s3:2→1 / s4:1→1 / s5:1→1, 2→1, s1:7→1 / s2:3→1 / s3:2→1 / s4:1→1 / s5:1→1, 2→1, s1:7→1 / s2:3→1 / s3:2→1 / s4:1→1 / s5:1→1, 2→1, 7→2, s1:7→1 / s2:3→1 / s3:2→1 / s4:1→1 / s5:1→1, 2→2, s1:7→1 / s2:3→1 / s3:2→1 / s4:1→1 / s5:1→1, 2→2, s1:7→1 / s2:3→1 / s3:2→1 / s4:1→1 / s5:1→1, 2→2, 7→1, s1:7→1 / s2:3→1 / s3:2→1 / s4:1→1 / s5:1→1, 2→2, 7→2, s1:7→1 / s2:3→1 / s3:2→1 / s4:1→1 / s5:1→1, 2→3, 7→1, s1:7→1 / s2:3→1 / s3:2→1 / s4:1→1 / s5:1→1, 7→1, s1:7→1 / s2:3→1 / s3:2→1 / s4:1→1 / s5:1→2, 2→1, 7→1, s1:7→1 / s2:3→1 / s3:2→1 / s4:1→1 / s5:1→2, 2→1, 7→1, s1:7→1 / s2:3→1 / s3:2→1 / s4:1→1 / s5:1→2, 2→1, 7→1, s1:7→1 / s2:3→1 / s3:2→1 / s4:1→1 / s5:1→2, 2→1, 7→2, s1:7→1 / s2:3→1 / s3:2→1 / s4:1→1 / s5:1→2, 2→2, s1:7→1 / s2:3→1 / s3:2→1 / s4:1→1 / s5:1→2, 2→2, 7→1, s1:7→1 / s2:3→1 / s3:2→1 / s4:1→1 / s5:1→2, 2→2, 7→1, s1:7→1 / s2:3→1 / s3:2→1 / s4:1→1 / s5:1→2, 2→2, 7→1, s1:7→1 / s2:3→1 / s3:2→1 / s4:1→1 / s5:1→2, 2→3, s1:7→1 / s2:3→1 / s3:2→1 / s4:1→1 / s5:1→2, 7→1, s1:7→1 / s2:3→1 / s3:2→1 / s4:1→1 / s5:1→3, 2→1, 7→1, s1:7→1 / s2:3→1 / s3:2→1 / s4:2→1, 7→1 / s5:1→1, 7→1, s1:7→1 / s2:3→1 / s3:2→1 / s4:2→2, 7→1 / s5:1→1, s1:7→1 / s2:3→1 / s3:2→1 / s4:2→2, 7→2 / s5:1→1, s1:7→1 / s2:3→1 / s3:7→1 / s4:2→1 / s5:1→1, s1:7→1 / s2:3→1 / s3:7→1 / s4:2→1 / s5:1→1, 2→1, 7→1, s1:7→1 / s2:3→1 / s3:7→1 / s4:2→1 / s5:1→1, 2→1, 7→1, s1:7→1 / s2:3→1 / s3:7→1 / s4:2→1 / s5:1→2, 7→1, s1:7→1 / s2:3→1 / s3:7→1 / s4:2→1 / s5:2→1, 7→1, s1:7→1 / s2:3→1 / s3:7→1 / s4:2→1 / s5:2→2, 7→1, s1:7→1 / s2:3→1 / s3:7→1 / s4:2→1 / s5:2→2, 7→1, s1:7→1 / s2:3→1 / s3:7→1 / s5:1→1, 2→1, 7→1, s1:7→1 / s2:3→1 / s3:7→1 / s5:2→1, s1:7→1 / s2:3→1 / s3:7→1 / s5:2→1, 7→1, s1:7→1 / s2:3→1 / s3:7→1 / s5:2→2, 7→1, s1:7→1 / s2:3→1 / s4:1→1, 2→1, 7→1 / s5:1→1, 2→1, 7→1, s1:7→1 / s2:3→1 / s4:1→1, 2→1, 7→1 / s5:1→1, 2→2, 7→1, s1:7→1 / s2:3→1 / s4:1→1, 2→1, 7→1 / s5:1→1, 2→2, 7→1, s1:7→1 / s2:3→1 / s4:1→1, 2→1, 7→1 / s5:1→1, 2→3, 7→1, s1:7→1 / s2:3→1 / s4:1→1, 2→1, 7→1 / s5:1→2, 7→1, s1:7→1 / s2:3→1 / s4:1→1, 2→1 / s5:1→1, 2→2, 7→1, s1:7→1 / s2:3→1 / s4:1→1, 2→1 / s5:1→1, 2→2, 7→2, s1:7→1 / s2:3→1 / s4:1→1, 2→1 / s5:1→1, 2→3, 7→1, s1:7→1 / s2:3→1 / s4:1→1, 2→1 / s5:1→2, 2→2, 7→1, s1:7→1 / s2:3→1 / s4:2→1, 7→1 / s5:1→1, s1:7→1 / s2:3→1 / s4:2→1, 7→1 / s5:1→1, 2→1, s1:7→1 / s2:3→1 / s4:2→1, 7→1 / s5:1→1, 2→1, 7→1, s1:7→1 / s2:3→1 / s4:2→1, 7→1 / s5:1→1, 2→2, 7→1, s1:7→1 / s2:3→1 / s4:2→1, 7→1 / s5:1→1, 2→3, 7→1, s1:7→1 / s2:3→1 / s4:2→1, 7→1 / s5:1→1, 7→1, s1:7→1 / s2:3→1 / s4:2→1, 7→1 / s5:1→2, 2→1, 7→1, s1:7→1 / s2:3→1 / s4:2→1, 7→1 / s5:2→1, 7→1, s1:7→1 / s2:3→1 / s4:2→1, 7→1 / s5:2→2, 7→1, s1:7→1 / s2:3→1 / s4:2→1, 7→1 / s5:2→2, 7→1, s1:7→1 / s2:3→1 / s4:2→1, 7→1 / s5:2→3, 7→1, s1:7→1 / s2:3→1 / s4:2→1 / s5:1→1, 2→1, s1:7→1 / s2:3→1 / s4:2→1 / s5:1→1, 2→1, 7→1, s1:7→1 / s2:3→1 / s4:2→1 / s5:1→1, 2→1, 7→2, s1:7→1 / s2:3→1 / s4:2→1 / s5:1→1, 2→1, 7→3, s1:7→1 / s2:3→1 / s4:2→1 / s5:1→1, 2→2, 7→1, s1:7→1 / s2:3→1 / s4:2→1 / s5:1→1, 2→2, 7→1, s1:7→1 / s2:3→1 / s4:2→1 / s5:1→1, 2→2, 7→2, s1:7→1 / s2:3→1 / s4:2→1 / s5:1→1, 2→3, 7→1, s1:7→1 / s2:3→1 / s4:2→1 / s5:1→1, 2→3, 7→1, s1:7→1 / s2:3→1 / s4:2→1 / s5:1→2, 2→1, 7→2, s1:7→1 / s2:3→1 / s4:2→1 / s5:1→2, 2→2, 7→1, s1:7→1 / s2:3→1 / s4:2→1 / s5:1→2, 2→2, 7→1, s1:7→1 / s2:3→1 / s4:2→1 / s5:1→3, 2→1, 7→1, s1:7→1 / s2:3→1 / s4:2→1 / s5:2→1, s1:7→1 / s2:3→1 / s4:2→1 / s5:2→1, 7→1, s1:7→1 / s2:3→1 / s4:2→1 / s5:2→1, 7→2, s1:7→1 / s2:3→1 / s4:2→1 / s5:2→2, 7→1, s1:7→1 / s2:3→1 / s4:2→1 / s5:2→2, 7→1, s1:7→1 / s2:3→1 / s4:2→1 / s5:2→2, 7→2, s1:7→1 / s2:3→1 / s4:2→1 / s5:2→2, 7→3, s1:7→1 / s2:3→1 / s4:2→1 / s5:2→3, 7→1, s1:7→1 / s2:3→1 / s4:2→1 / s5:2→3, 7→1, s1:7→1 / s2:3→1 / s4:2→1 / s5:2→3, 7→2, s1:7→1 / s2:3→1 / s4:2→1 / s5:2→3, 7→2, s1:7→1 / s2:3→1 / s4:2→2, 7→1 / s5:1→1, s1:7→1 / s2:3→1 / s4:2→2, 7→1 / s5:1→1, 2→1, s1:7→1 / s2:3→1 / s4:2→2, 7→1 / s5:1→1, 2→1, 7→1, s1:7→1 / s2:3→1 / s4:2→2, 7→2 / s5:1→1, s1:7→1 / s2:3→1 / s4:2→3, 7→1 / s5:1→1, 2→1}"	"{s3:8→1 / s4:9→1 / s5:6→1, s3:8→1 / s4:9→1 / s5:6→1, s3:8→1 / s4:9→1 / s5:6→1, s3:8→1 / s4:9→1 / s5:6→1, s3:8→1 / s4:6→1 / s5:9→1, s3:8→1 / s4:6→1 / s5:9→1, s3:9→1 / s4:6→1 / s5:8→1, s3:8→1 / s4:6→1 / s5:9→1, s3:6→1 / s4:9→1 / s5:8→1, s3:6→1 / s4:9→1 / s5:8→1, s3:6→1 / s4:8→1 / s5:9→1, s3:6→1 / s4:9→1 / s5:8→1, s3:6→1 / s4:9→1 / s5:8→1, s3:6→1 / s4:8→1 / s5:9→1, s3:6→1 / s4:9→1 / s5:8→1, s3:8→1 / s4:9→1 / s5:6→1, s3:8→1 / s4:9→1 / s5:6→1, s3:8→1 / s4:9→1 / s5:6→1, s3:6→1 / s4:9→1 / s5:8→1, s3:8→1 / s4:6→1 / s5:9→1, s3:8→1 / s4:9→1 / s5:6→1, s3:8→1 / s4:6→1 / s5:9→1, s3:8→1 / s4:9→1 / s5:6→1, s3:8→1 / s4:9→1 / s5:6→1, s3:6→1 / s4:9→1 / s5:8→1, s3:8→1 / s4:9→1 / s5:6→1, s3:8→1 / s4:9→1 / s5:6→1, s3:6→1 / s4:9→1 / s5:8→1, s3:8→1 / s4:6→1 / s5:9→1, s3:8→1 / s4:9→1 / s5:6→1, s3:8→1 / s4:9→1 / s5:6→1, s3:8→1 / s4:9→1 / s5:6→1, s3:8→1 / s4:6→1 / s5:9→1, s3:8→1 / s4:6→1 / s5:9→1, s3:8→1 / s4:6→1 / s5:9→1, s3:8→1 / s4:9→1 / s5:6→1, s3:8→1 / s4:9→1 / s5:6→1, s3:8→1 / s4:6→1 / s5:9→1, s3:8→1 / s4:9→1 / s5:6→1, s3:8→1 / s4:9→1 / s5:6→1, s3:8→1 / s4:6→1 / s5:9→1, s3:8→1 / s4:9→1 / s5:6→1, s3:8→1 / s4:9→1 / s5:6→1, s3:8→1 / s4:6→1 / s5:9→1, s3:8→1 / s4:6→1 / s5:9→1, s3:8→1 / s4:6→1 / s5:9→1, s3:8→1 / s4:6→1 / s5:9→1, s3:8→1 / s4:6→1 / s5:9→1, s3:6→1 / s4:9→1 / s5:8→1, s3:6→1 / s4:9→1 / s5:8→1, s3:6→1 / s4:9→1 / s5:8→1, s3:6→1 / s4:9→1 / s5:8→1, s3:6→1 / s4:9→1 / s5:8→1, s3:6→1 / s4:9→1 / s5:8→1, s3:6→1 / s4:9→1 / s5:8→1, s3:6→1 / s4:9→1 / s5:8→1, s3:6→1 / s4:9→1 / s5:8→1, s3:6→1 / s4:9→1 / s5:8→1, s3:6→1 / s4:9→1 / s5:8→1, s3:6→1 / s4:9→1 / s5:8→1, s3:6→1 / s4:9→1 / s5:8→1, s3:6→1 / s4:9→1 / s5:8→1, s3:8→1 / s4:6→1 / s5:9→1, s3:6→1 / s4:9→1 / s5:8→1, s3:8→1 / s4:9→1 / s5:6→1, s3:6→1 / s4:9→1 / s5:8→1, s3:8→1 / s4:9→1 / s5:6→1, s3:8→1 / s4:9→1 / s5:6→1, s3:6→1 / s4:9→1 / s5:8→1, s3:8→1 / s4:9→1 / s5:6→1, s3:8→1 / s4:9→1 / s5:6→1, s3:8→1 / s4:9→1 / s5:6→1, s3:8→1 / s4:9→1 / s5:6→1, s3:6→1 / s4:8→1 / s5:9→1, s3:6→1 / s4:9→1 / s5:8→1, s3:8→1 / s4:9→1 / s5:6→1, s3:6→1 / s4:8→1 / s5:9→1, s3:6→1 / s4:9→1 / s5:8→1, s3:8→1 / s4:9→1 / s5:6→1, s3:6→1 / s4:8→1 / s5:9→1, s3:6→1 / s4:8→1 / s5:9→1, s3:6→1 / s4:8→1 / s5:9→1, s3:6→1 / s4:8→1 / s5:9→1, s3:6→1 / s4:8→1 / s5:9→1, s3:6→1 / s4:9→1 / s5:8→1, s3:8→1 / s4:9→1 / s5:6→1, s3:6→1 / s4:8→1 / s5:9→1, s3:8→1 / s4:9→1 / s5:6→1, s3:6→1 / s4:8→1 / s5:9→1, s3:6→1 / s4:9→1 / s5:8→1, s3:8→1 / s4:9→1 / s5:6→1, s3:8→1 / s4:9→1 / s5:6→1, s3:8→1 / s4:9→1 / s5:6→1, s3:8→1 / s4:9→1 / s5:6→1, s3:8→1 / s4:6→1 / s5:9→1, s3:6→1 / s4:9→1 / s5:8→1, s3:6→1 / s4:9→1 / s5:8→1, s3:9→1 / s4:8→1 / s5:6→1, s3:9→1 / s4:6→1 / s5:8→1, s3:9→1 / s4:8→1 / s5:6→1, s3:9→1 / s4:8→1 / s5:6→1, s3:9→1 / s4:8→1 / s5:6→1, s3:9→1 / s4:6→1 / s5:8→1, s3:9→1 / s4:8→1 / s5:6→1, s3:9→1 / s4:6→1 / s5:8→1, s3:9→1 / s4:6→1 / s5:8→1, s3:9→1 / s4:6→1 / s5:8→1, s3:9→1 / s4:6→1 / s5:8→1, s3:6→1 / s4:9→1 / s5:8→1, s3:6→1 / s4:8→1 / s5:9→1, s3:6→1 / s4:9→1 / s5:8→1, s3:6→1 / s4:9→1 / s5:8→1, s3:6→1 / s4:9→1 / s5:8→1, s3:6→1 / s4:8→1 / s5:9→1, s3:6→1 / s4:8→1 / s5:9→1, s3:6→1 / s4:8→1 / s5:9→1, s3:6→1 / s4:8→1 / s5:9→1, s3:6→1 / s4:9→1 / s5:8→1, s3:6→1 / s4:9→1 / s5:8→1, s3:6→1 / s4:9→1 / s5:8→1, s3:6→1 / s4:9→1 / s5:8→1, s3:6→1 / s4:9→1 / s5:8→1, s3:6→1 / s4:9→1 / s5:8→1, s3:6→1 / s4:9→1 / s5:8→1, s3:6→1 / s4:9→1 / s5:8→1, s3:6→1 / s4:8→1 / s5:9→1, s3:6→1 / s4:9→1 / s5:8→1, s3:6→1 / s4:9→1 / s5:8→1, s3:6→1 / s4:9→1 / s5:8→1, s3:6→1 / s4:8→1 / s5:9→1, s3:6→1 / s4:8→1 / s5:9→1, s3:6→1 / s4:8→1 / s5:9→1, s3:6→1 / s4:8→1 / s5:9→1, s3:6→1 / s4:9→1 / s5:8→1, s3:6→1 / s4:8→1 / s5:9→1, s3:6→1 / s4:8→1 / s5:9→1, s3:6→1 / s4:9→1 / s5:8→1, s3:6→1 / s4:8→1 / s5:9→1, s3:6→1 / s4:8→1 / s5:9→1, s3:6→1 / s4:9→1 / s5:8→1, s3:6→1 / s4:8→1 / s5:9→1, s3:6→1 / s4:9→1 / s5:8→1, s3:6→1 / s4:8→1 / s5:9→1, s3:6→1 / s4:8→1 / s5:9→1, s3:6→1 / s4:8→1 / s5:9→1, s3:6→1 / s4:9→1 / s5:8→1, s3:6→1 / s4:8→1 / s5:9→1, s3:6→1 / s4:8→1 / s5:9→1, s3:6→1 / s4:8→1 / s5:9→1, s3:6→1 / s4:9→1 / s5:8→1, s3:6→1 / s4:8→1 / s5:9→1, s3:6→1 / s4:9→1 / s5:8→1, s3:6→1 / s4:9→1 / s5:8→1, s3:6→1 / s4:9→1 / s5:8→1, s3:6→1 / s4:9→1 / s5:8→1, s3:6→1 / s4:9→1 / s5:8→1, s3:6→1 / s4:9→1 / s5:8→1}"
7	27	"f5+su(3)"	"f5+3(g2+su(2))"	14	124	3	2	0	0	0	0	0	0	"{s1:3→1 / s2:2→1 / s3:7→1 / s4:1→1, 7→3 / s5:1→1, 7→1, s1:3→1 / s2:2→1 / s3:7→1 / s4:1→1, 7→3 / s5:1→1, 7→3, s1:3→1 / s2:2→1 / s3:7→1 / s4:7→1 / s5:1→1, 7→3, s1:3→1 / s2:2→1 / s4:1→1, 7→3 / s5:1→1, 7→3, s1:3→1 / s2:2→1 / s4:1→1 / s5:1→1, s1:7→1 / s2:3→1 / s3:2→1 / s4:1→1 / s5:1→2, 2→1, s1:7→1 / s2:3→1 / s3:7→1 / s4:2→1, 7→1 / s5:2→1, s1:7→1 / s2:3→1 / s3:7→1 / s4:2→1 / s5:1→1, 7→1, s1:7→1 / s2:3→1 / s4:2→1, 7→1 / s5:1→1, 2→1, 7→1}"	"{s3:8→1 / s4:9→1 / s5:6→1, s3:6→1 / s4:9→1 / s5:8→1, s3:8→1 / s4:6→1 / s5:9→1, s3:6→1 / s4:9→1 / s5:8→1, s3:6→1 / s4:9→1 / s5:8→1, s3:8→1 / s4:9→1 / s5:6→1, s3:9→1 / s4:8→1 / s5:6→1, s3:9→1 / s4:8→1 / s5:6→1, s3:6→1 / s4:8→1 / s5:9→1}"
7	27	"f5+su(3)"	"f5+3(g2+su(2))"	15	124	3	2	0	0	0	0	0	0	"{s1:3→1 / s2:2→1 / s3:7→1 / s4:1→1, 7→2 / s5:1→1, 7→3, s1:3→1 / s2:2→1 / s3:7→1 / s4:7→1 / s5:1→1, 7→3, s1:7→1 / s2:3→1 / s3:2→1 / s4:1→1 / s5:1→3, 2→2}"	"{s3:6→1 / s4:9→1 / s5:8→1, s3:8→1 / s4:9→1 / s5:6→1, s3:8→1 / s4:9→1 / s5:6→1}"
7	27	"f5+su(3)"	"f5+3(g2+su(2))"	16	124	3	2	0	0	0	0	0	0	"{s1:3→1 / s2:2→1 / s3:7→1 / s4:1→1, 7→3 / s5:1→1, 7→3, s1:7→1 / s2:3→1 / s3:2→1 / s4:2→3, 7→2 / s5:1→1, s1:7→1 / s2:3→1 / s3:7→1 / s4:7→1, s1:7→1 / s2:3→1 / s4:2→1, 7→2 / s5:1→1}"	"{s3:8→1 / s4:9→1 / s5:6→1, s3:6→1 / s4:9→1 / s5:8→1, s3:8→1 / s4:9→1 / s5:6→1, s3:6→1 / s4:9→1 / s5:8→1}"
7	27	"f5+su(3)"	"f5+3(g2+su(2))"	17	124	3	2	0	0	0	0	0	0	"s1:7→1 / s2:3→1 / s4:2→1 / s5:2→1, 7→3"	"s3:6→1 / s4:8→1 / s5:9→1"
7	27	"f5+su(3)"	"f5+3(g2+su(2))"	18	124	3	2	0	0	0	0	0	0	"{s1:3→1 / s2:2→1 / s3:7→1 / s4:1→1, 7→1 / s5:1→3, 7→1, s1:3→1 / s2:2→1 / s4:1→1 / s5:1→2}"	"{s3:8→1 / s4:9→1 / s5:6→1, s3:6→1 / s4:9→1 / s5:8→1}"
7	27	"f5+su(3)"	"f5+3(g2+su(2))"	43	124	3	2	0	0	0	0	0	0	"s1:7→1 / s2:3→1 / s3:2→1 / s4:1→1 / s5:1→1, 2→3"	"s3:8→1 / s4:9→1 / s5:6→1"
7	27	"f5+su(3)"	"f5+3(g2+su(2))"	53	124	3	2	0	0	0	0	0	0	"s1:7→1 / s2:3→1 / s3:7→1 / s4:2→1 / s5:1→2, 2→1, 7→1"	"s3:9→1 / s4:8→1 / s5:6→1"
7	27	"f5+su(3)"	"f5+3 su(3)+so(7)+2 su(2)"	13	116	2	3	0	0	0	0	0	0	"{s1:7→1 / s2:3→1 / s3:2→1, 7→1 / s4:1→1 / s5:1→1, s1:7→1 / s2:3→1 / s3:2→1 / s4:1→1, 7→1 / s5:1→1, 7→1, s1:7→1 / s2:3→1 / s3:2→1 / s4:1→1, 7→1 / s5:1→2, 7→1, s1:7→1 / s2:3→1 / s3:2→1 / s4:1→1, 7→1 / s5:1→2, 7→2, s1:7→1 / s2:3→1 / s3:2→1 / s4:1→1, 7→1 / s5:1→3, 7→1, s1:7→1 / s2:3→1 / s3:2→1 / s4:1→1, 7→1 / s5:1→3, 7→2, s1:7→1 / s2:3→1 / s3:2→1 / s4:1→1 / s5:1→1, s1:7→1 / s2:3→1 / s3:2→1 / s4:1→1 / s5:1→1, 7→1, s1:7→1 / s2:3→1 / s3:2→1 / s4:1→1 / s5:1→2, 7→1, s1:7→1 / s2:3→1 / s3:2→1 / s4:1→1 / s5:1→2, 7→2, s1:7→1 / s2:3→1 / s3:2→1 / s4:1→1 / s5:1→3, 7→1, s1:7→1 / s2:3→1 / s3:2→1 / s4:1→1 / s5:1→3, 7→2, s1:7→1 / s2:7→1 / s3:3→1 / s4:2→1 / s5:1→1, s1:7→1 / s2:7→1 / s3:3→1 / s4:2→1 / s5:2→1}"	"{s4:8→1 / s5:8→1, s4:8→1 / s5:8→1, s4:8→1 / s5:8→1, s4:8→1 / s5:8→1, s4:8→1 / s5:8→1, s4:8→1 / s5:8→1, s4:8→1 / s5:8→1, s4:8→1 / s5:8→1, s4:8→1 / s5:8→1, s4:8→1 / s5:8→1, s4:8→1 / s5:8→1, s4:8→1 / s5:8→1, s4:8→1 / s5:8→1, s4:8→1 / s5:8→1}"
7	27	"f5+su(3)"	"f5+3 su(3)+so(7)+2 su(2)"	14	116	2	3	0	0	0	0	0	0	"s1:7→1 / s2:3→1 / s3:2→1 / s4:1→1 / s5:1→2"	"s4:8→1 / s5:8→1"
7	27	"f5+su(3)"	"f5+3 su(3)+so(7)+2 su(2)"	65	116	2	3	0	0	0	0	0	0	"s1:7→1 / s2:3→1 / s3:2→1 / s4:1→1, 7→1 / s5:1→1, 7→2"	"s4:8→1 / s5:8→1"
7	27	"f5+su(3)"	"f5+4 su(3)+g2+su(2)"	13	110	1	4	0	0	0	0	0	0	"{s1:7→1 / s2:3→1 / s3:2→1 / s4:1→1, s1:7→1 / s2:3→1 / s3:2→1 / s4:1→1, 7→1, s1:7→1 / s2:3→1 / s3:2→1 / s4:1→1, 7→1 / s5:7→1, s1:7→1 / s2:3→1 / s3:2→1 / s4:1→1 / s5:7→1, s1:7→1 / s2:7→1 / s3:3→1 / s4:2→1 / s5:1→1, s1:7→1 / s2:7→1 / s3:3→1 / s4:2→1 / s5:1→1, s1:7→1 / s2:7→1 / s3:3→1 / s4:2→1 / s5:1→2, 7→1, s1:7→1 / s2:7→1 / s3:3→1 / s4:2→1 / s5:1→3, 7→1, s1:7→1 / s2:7→1 / s3:3→1 / s4:2→1 / s5:1→3, 7→1}"	"{s5:6→1, s5:6→1, s5:9→1, s5:9→1, s5:6→1, s5:8→1, s5:10→1, s5:6→1, s5:8→1}"
7	27	"f5+su(3)"	"f5+4 su(3)+g2+su(2)"	14	110	1	4	0	0	0	0	0	0	"{s1:7→1 / s2:3→1 / s3:2→1 / s4:1→1, 7→2, s1:7→1 / s2:7→1 / s3:3→1 / s4:2→1, s1:7→1 / s2:7→1 / s3:3→1 / s4:2→1 / s5:1→1, 7→1, s1:7→1 / s2:7→1 / s3:3→1 / s4:2→1 / s5:1→1, 7→1, s1:7→1 / s2:7→1 / s3:3→1 / s4:2→1 / s5:1→2, 7→1, s1:7→1 / s2:7→1 / s3:3→1 / s4:2→1 / s5:1→2, 7→1, s1:7→1 / s2:7→1 / s3:3→1 / s4:2→1 / s5:1→2, 7→2, s1:7→1 / s2:7→1 / s3:3→1 / s4:2→1 / s5:1→3, 7→2}"	"{s5:6→1, s5:6→1, s5:10→1, s5:6→1, s5:6→1, s5:8→1, s5:10→1, s5:10→1}"
7	27	"f5+su(3)"	"f5+4 su(3)+g2+su(2)"	15	110	1	4	0	0	0	0	0	0	"{s1:7→1 / s2:7→1 / s3:3→1 / s4:2→1 / s5:1→1, 7→1, s1:7→1 / s2:7→1 / s3:3→1 / s4:2→1 / s5:1→2, 7→3}"	"{s5:8→1, s5:10→1}"
7	27	"f5+su(3)"	"f5+4 su(3)+g2+su(2)"	16	110	1	4	0	0	0	0	0	0	"s1:7→1 / s2:7→1 / s3:3→1 / s4:2→1 / s5:1→1, 7→2"	"s5:10→1"
7	27	"f5+su(3)"	"f5+4 su(3)+g2+su(2)"	17	110	1	4	0	0	0	0	0	0	"{s1:7→1 / s2:3→1 / s3:2→1 / s4:1→1, 7→1 / s5:7→1, s1:7→1 / s2:3→1 / s3:2→1 / s4:1→1, 7→1 / s5:7→1, s1:7→1 / s2:7→1 / s3:3→1 / s4:2→1 / s5:7→1}"	"{s5:11→1, s5:6→1, s5:10→1}"
7	27	"f5+su(3)"	"f5+6 su(3)"	13	103	0	5	0	0	0	0	0	0	"s1:7→1 / s2:7→1 / s3:3→1 / s4:2→1 / s5:1→1"	""
7	27	"f5+su(3)"	"f5+6 su(3)"	14	103	0	5	0	0	0	0	0	0	"s1:7→1 / s2:7→1 / s3:3→1 / s4:2→1 / s5:1→1, 7→1"	""
7	27	"f5+su(3)"	"f5+so(8)+3 su(3)+g2+su(2)"	14	90	1	3	1	0	0	0	0	0	"{s1:7→1 / s2:3→1 / s3:2→1 / s4:1→1, s1:7→1 / s2:3→1 / s3:2→1 / s4:1→1 / s5:7→1}"	"{s5:6→1, s5:9→1}"
7	27	"f5+su(3)"	"f5+so(8)+5 su(3)"	14	83	0	4	1	0	0	0	0	0	"s1:7→1 / s2:7→1 / s3:3→1 / s4:2→1 / s5:1→1"	""
7	27	"f5+su(3)"	"f5+so(8)+su(3)+2(g2+su(2))"	13	97	2	2	1	0	0	0	0	0	"{s1:7→1 / s2:3→1 / s3:2→1 / s4:1→1, 7→1 / s5:1→1, s1:7→1 / s2:3→1 / s3:2→1 / s4:1→1, 7→1 / s5:1→2, s1:7→1 / s2:3→1 / s3:2→1 / s4:1→1, 7→1 / s5:1→2, 7→1, s1:7→1 / s2:3→1 / s3:2→1 / s4:1→1, 7→1 / s5:1→3, 7→1, s1:7→1 / s2:3→1 / s3:2→1 / s4:1→1 / s5:1→1, s1:7→1 / s2:3→1 / s3:2→1 / s4:1→1 / s5:1→1, 7→1, s1:7→1 / s2:3→1 / s3:2→1 / s4:1→1 / s5:1→2, 7→1, s1:7→1 / s2:3→1 / s3:2→1 / s4:1→1 / s5:1→2, 7→1, s1:7→1 / s2:3→1 / s3:2→1 / s4:1→1 / s5:1→2, 7→1, s1:7→1 / s2:3→1 / s3:2→1 / s4:1→1 / s5:1→3, 7→1, s1:7→1 / s2:3→1 / s3:2→1 / s4:1→1 / s5:1→3, 7→1, s1:7→1 / s2:3→1 / s3:2→1 / s4:1→1 / s5:1→3, 7→2, s1:7→1 / s2:3→1 / s3:2→1 / s5:1→1, s1:7→1 / s2:3→1 / s3:2→1 / s5:1→2, 7→1, s1:7→1 / s2:3→1 / s3:2→1 / s5:1→3, 7→1}"	"{s4:9→1 / s5:6→1, s4:9→1 / s5:6→1, s4:9→1 / s5:10→1, s4:9→1 / s5:10→1, s4:9→1 / s5:6→1, s4:9→1 / s5:10→1, s4:6→1 / s5:10→1, s4:9→1 / s5:10→1, s4:9→1 / s5:6→1, s4:6→1 / s5:10→1, s4:9→1 / s5:6→1, s4:9→1 / s5:10→1, s4:6→1 / s5:10→1, s4:6→1 / s5:10→1, s4:6→1 / s5:10→1}"
7	27	"f5+su(3)"	"f5+so(8)+su(3)+2(g2+su(2))"	14	97	2	2	1	0	0	0	0	0	"{s1:7→1 / s2:3→1 / s3:2→1 / s4:1→1, 7→1 / s5:1→1, 7→1, s1:7→1 / s2:3→1 / s3:2→1 / s4:1→1 / s5:1→1, s1:7→1 / s2:3→1 / s3:2→1 / s4:1→1 / s5:1→2, s1:7→1 / s2:3→1 / s3:2→1 / s4:1→1 / s5:1→2, s1:7→1 / s2:3→1 / s3:2→1 / s4:1→1 / s5:1→2, s1:7→1 / s2:3→1 / s3:2→1 / s4:1→1 / s5:1→3, s1:7→1 / s2:3→1 / s3:2→1 / s4:1→1 / s5:1→3, 7→1, s1:7→1 / s2:3→1 / s3:2→1 / s4:7→1, s1:7→1 / s2:3→1 / s3:2→1 / s4:7→1 / s5:1→1, s1:7→1 / s2:3→1 / s3:2→1 / s4:7→1 / s5:1→1, 7→1, s1:7→1 / s2:3→1 / s3:2→1 / s5:1→1, 7→1}"	"{s4:9→1 / s5:10→1, s4:9→1 / s5:10→1, s4:6→1 / s5:10→1, s4:9→1 / s5:10→1, s4:9→1 / s5:6→1, s4:9→1 / s5:6→1, s4:9→1 / s5:10→1, s4:9→1 / s5:6→1, s4:9→1 / s5:6→1, s4:9→1 / s5:10→1, s4:6→1 / s5:10→1}"
7	27	"f5+su(3)"	"f5+so(8)+su(3)+2(g2+su(2))"	15	97	2	2	1	0	0	0	0	0	"s1:7→1 / s2:3→1 / s3:2→1 / s4:7→1 / s5:7→1"	"s4:9→1 / s5:10→1"
7	27	"f5+su(3)"	"f5+so(8)+su(3)+2(g2+su(2))"	17	97	2	2	1	0	0	0	0	0	"s1:7→1 / s2:3→1 / s3:2→1 / s4:1→1 / s5:1→3"	"s4:9→1 / s5:10→1"
7	27	"f5+su(3)"	"f5+su(3)+g2+su(2)+so(7)+2 su(2)"	12	123	3	2	0	0	0	0	0	0	"s1:7→1 / s2:3→1 / s4:2→1 / s5:1→1"	"s3:6→1 / s4:8→1 / s5:8→1"
7	27	"f5+su(3)"	"f5+su(3)+g2+su(2)+so(7)+2 su(2)"	13	123	3	2	0	0	0	0	0	0	"{s1:7→1 / s2:3→1 / s3:2→1 / s4:1→1, 7→1 / s5:1→1, s1:7→1 / s2:3→1 / s3:2→1 / s4:1→1, 7→1 / s5:1→1, 2→1, 7→1, s1:7→1 / s2:3→1 / s3:2→1 / s4:1→1, 7→1 / s5:1→1, 2→1, 7→2, s1:7→1 / s2:3→1 / s3:2→1 / s4:1→1, 7→1 / s5:1→1, 2→1, 7→2, s1:7→1 / s2:3→1 / s3:2→1 / s4:1→1, 7→1 / s5:1→1, 2→2, 7→2, s1:7→1 / s2:3→1 / s3:2→1 / s4:1→1, 7→1 / s5:1→1, 7→1, s1:7→1 / s2:3→1 / s3:2→1 / s4:1→1, 7→1 / s5:1→2, 2→1, 7→1, s1:7→1 / s2:3→1 / s3:2→1 / s4:1→1, 7→1 / s5:1→2, 2→1, 7→2, s1:7→1 / s2:3→1 / s3:2→1 / s4:1→1, 7→1 / s5:1→2, 2→1, 7→2, s1:7→1 / s2:3→1 / s3:2→1 / s4:1→1, 7→1 / s5:1→2, 7→1, s1:7→1 / s2:3→1 / s3:2→1 / s4:1→1, 7→1 / s5:1→2, 7→1, s1:7→1 / s2:3→1 / s3:2→1 / s4:1→1, 7→1 / s5:1→3, 2→1, 7→1, s1:7→1 / s2:3→1 / s3:2→1 / s4:1→1 / s5:1→1, s1:7→1 / s2:3→1 / s3:2→1 / s4:1→1 / s5:1→1, s1:7→1 / s2:3→1 / s3:2→1 / s4:1→1 / s5:1→1, 2→1, s1:7→1 / s2:3→1 / s3:2→1 / s4:1→1 / s5:1→1, 2→1, s1:7→1 / s2:3→1 / s3:2→1 / s4:1→1 / s5:1→1, 2→1, s1:7→1 / s2:3→1 / s3:2→1 / s4:1→1 / s5:1→1, 2→1, s1:7→1 / s2:3→1 / s3:2→1 / s4:1→1 / s5:1→1, 2→1, 7→1, s1:7→1 / s2:3→1 / s3:2→1 / s4:1→1 / s5:1→1, 2→1, 7→1, s1:7→1 / s2:3→1 / s3:2→1 / s4:1→1 / s5:1→1, 2→1, 7→1, s1:7→1 / s2:3→1 / s3:2→1 / s4:1→1 / s5:1→1, 2→1, 7→2, s1:7→1 / s2:3→1 / s3:2→1 / s4:1→1 / s5:1→1, 2→1, 7→2, s1:7→1 / s2:3→1 / s3:2→1 / s4:1→1 / s5:1→1, 2→1, 7→2, s1:7→1 / s2:3→1 / s3:2→1 / s4:1→1 / s5:1→1, 2→1, 7→3, s1:7→1 / s2:3→1 / s3:2→1 / s4:1→1 / s5:1→1, 2→2, s1:7→1 / s2:3→1 / s3:2→1 / s4:1→1 / s5:1→1, 2→2, s1:7→1 / s2:3→1 / s3:2→1 / s4:1→1 / s5:1→1, 2→2, s1:7→1 / s2:3→1 / s3:2→1 / s4:1→1 / s5:1→1, 2→2, 7→1, s1:7→1 / s2:3→1 / s3:2→1 / s4:1→1 / s5:1→1, 2→2, 7→1, s1:7→1 / s2:3→1 / s3:2→1 / s4:1→1 / s5:1→1, 2→2, 7→1, s1:7→1 / s2:3→1 / s3:2→1 / s4:1→1 / s5:1→1, 2→2, 7→2, s1:7→1 / s2:3→1 / s3:2→1 / s4:1→1 / s5:1→1, 2→2, 7→2, s1:7→1 / s2:3→1 / s3:2→1 / s4:1→1 / s5:1→1, 2→2, 7→2, s1:7→1 / s2:3→1 / s3:2→1 / s4:1→1 / s5:1→1, 2→3, 7→1, s1:7→1 / s2:3→1 / s3:2→1 / s4:1→1 / s5:1→1, 2→3, 7→1, s1:7→1 / s2:3→1 / s3:2→1 / s4:1→1 / s5:1→1, 2→3, 7→1, s1:7→1 / s2:3→1 / s3:2→1 / s4:1→1 / s5:1→1, 7→1, s1:7→1 / s2:3→1 / s3:2→1 / s4:1→1 / s5:1→1, 7→1, s1:7→1 / s2:3→1 / s3:2→1 / s4:1→1 / s5:1→2, 2→1, 7→1, s1:7→1 / s2:3→1 / s3:2→1 / s4:1→1 / s5:1→2, 2→1, 7→1, s1:7→1 / s2:3→1 / s3:2→1 / s4:1→1 / s5:1→2, 2→1, 7→2, s1:7→1 / s2:3→1 / s3:2→1 / s4:1→1 / s5:1→2, 2→2, s1:7→1 / s2:3→1 / s3:2→1 / s4:1→1 / s5:1→2, 2→2, s1:7→1 / s2:3→1 / s3:2→1 / s4:1→1 / s5:1→2, 2→2, 7→1, s1:7→1 / s2:3→1 / s3:2→1 / s4:1→1 / s5:1→2, 2→2, 7→1, s1:7→1 / s2:3→1 / s3:2→1 / s4:1→1 / s5:1→2, 2→2, 7→1, s1:7→1 / s2:3→1 / s3:2→1 / s4:1→1 / s5:1→2, 2→2, 7→1, s1:7→1 / s2:3→1 / s3:2→1 / s4:1→1 / s5:1→2, 2→3, s1:7→1 / s2:3→1 / s3:2→1 / s4:1→1 / s5:1→2, 2→3, s1:7→1 / s2:3→1 / s3:2→1 / s4:1→1 / s5:1→2, 7→1, s1:7→1 / s2:3→1 / s3:2→1 / s4:1→1 / s5:1→2, 7→1, s1:7→1 / s2:3→1 / s3:2→1 / s4:1→1 / s5:1→2, 7→1, s1:7→1 / s2:3→1 / s3:2→1 / s4:1→1 / s5:1→2, 7→2, s1:7→1 / s2:3→1 / s3:2→1 / s4:1→1 / s5:1→3, 2→1, 7→1, s1:7→1 / s2:3→1 / s3:2→1 / s4:2→1, 7→2 / s5:1→1, 7→1, s1:7→1 / s2:3→1 / s3:2→1 / s4:2→2, 7→1 / s5:1→1, s1:7→1 / s2:3→1 / s3:7→1 / s4:2→1 / s5:1→1, s1:7→1 / s2:3→1 / s3:7→1 / s4:2→1 / s5:1→1, 2→1, 7→1, s1:7→1 / s2:3→1 / s3:7→1 / s4:2→1 / s5:1→1, 2→1, 7→2, s1:7→1 / s2:3→1 / s3:7→1 / s4:2→1 / s5:1→1, 2→2, 7→2, s1:7→1 / s2:3→1 / s3:7→1 / s4:2→1 / s5:1→2, 2→1, 7→2, s1:7→1 / s2:3→1 / s3:7→1 / s4:2→1 / s5:1→2, 7→1, s1:7→1 / s2:3→1 / s3:7→1 / s4:2→1 / s5:2→1, 7→1, s1:7→1 / s2:3→1 / s3:7→1 / s4:2→1 / s5:2→2, 7→2, s1:7→1 / s2:3→1 / s3:7→1 / s4:2→1 / s5:2→3, 7→2, s1:7→1 / s2:3→1 / s4:1→1, 2→1 / s5:1→1, 2→1, s1:7→1 / s2:3→1 / s4:1→1, 2→1 / s5:1→1, 2→1, 7→1, s1:7→1 / s2:3→1 / s4:1→1, 2→1 / s5:1→1, 2→2, 7→1, s1:7→1 / s2:3→1 / s4:1→1, 2→1 / s5:1→1, 2→2, 7→2, s1:7→1 / s2:3→1 / s4:1→1, 2→1 / s5:1→1, 2→3, 7→1, s1:7→1 / s2:3→1 / s4:1→1, 2→1 / s5:1→2, 2→2, 7→1, s1:7→1 / s2:3→1 / s4:1→1, 2→1 / s5:1→2, 7→1, s1:7→1 / s2:3→1 / s4:1→1, 2→1 / s5:1→3, 7→1, s1:7→1 / s2:3→1 / s4:2→1 / s5:1→1, 2→1, s1:7→1 / s2:3→1 / s4:2→1 / s5:1→1, 2→1, 7→1, s1:7→1 / s2:3→1 / s4:2→1 / s5:1→1, 2→1, 7→2, s1:7→1 / s2:3→1 / s4:2→1 / s5:1→1, 2→2, 7→1, s1:7→1 / s2:3→1 / s4:2→1 / s5:1→1, 2→2, 7→2, s1:7→1 / s2:3→1 / s4:2→1 / s5:1→1, 2→3, 7→1, s1:7→1 / s2:3→1 / s4:2→1 / s5:1→1, 7→1, s1:7→1 / s2:3→1 / s4:2→1 / s5:1→2, 2→1, 7→1, s1:7→1 / s2:3→1 / s4:2→1 / s5:1→2, 2→1, 7→2, s1:7→1 / s2:3→1 / s4:2→1 / s5:1→2, 2→2, 7→1, s1:7→1 / s2:3→1 / s4:2→1 / s5:1→2, 7→1, s1:7→1 / s2:3→1 / s4:2→1 / s5:1→3, 2→1, 7→1, s1:7→1 / s2:3→1 / s4:2→1 / s5:2→1, s1:7→1 / s2:3→1 / s4:2→1 / s5:2→1, 7→1, s1:7→1 / s2:3→1 / s4:2→1 / s5:2→2, 7→1, s1:7→1 / s2:3→1 / s4:2→1 / s5:2→2, 7→2, s1:7→1 / s2:3→1 / s4:2→1 / s5:2→3, 7→1, s1:7→1 / s2:3→1 / s4:2→1 / s5:2→3, 7→2}"	"{s3:8→1 / s4:8→1 / s5:6→1, s3:8→1 / s4:9→1 / s5:8→1, s3:8→1 / s4:8→1 / s5:9→1, s3:8→1 / s4:9→1 / s5:8→1, s3:8→1 / s4:9→1 / s5:8→1, s3:8→1 / s4:8→1 / s5:9→1, s3:8→1 / s4:9→1 / s5:8→1, s3:8→1 / s4:8→1 / s5:9→1, s3:8→1 / s4:9→1 / s5:8→1, s3:8→1 / s4:8→1 / s5:9→1, s3:8→1 / s4:9→1 / s5:8→1, s3:8→1 / s4:9→1 / s5:8→1, s3:8→1 / s4:8→1 / s5:6→1, s3:8→1 / s4:8→1 / s5:9→1, s3:6→1 / s4:8→1 / s5:8→1, s3:8→1 / s4:8→1 / s5:6→1, s3:8→1 / s4:8→1 / s5:9→1, s3:8→1 / s4:9→1 / s5:8→1, s3:6→1 / s4:8→1 / s5:8→1, s3:8→1 / s4:8→1 / s5:6→1, s3:8→1 / s4:8→1 / s5:9→1, s3:6→1 / s4:8→1 / s5:8→1, s3:8→1 / s4:8→1 / s5:6→1, s3:8→1 / s4:8→1 / s5:9→1, s3:8→1 / s4:8→1 / s5:9→1, s3:6→1 / s4:8→1 / s5:8→1, s3:8→1 / s4:8→1 / s5:6→1, s3:8→1 / s4:9→1 / s5:8→1, s3:6→1 / s4:8→1 / s5:8→1, s3:8→1 / s4:8→1 / s5:6→1, s3:8→1 / s4:8→1 / s5:9→1, s3:6→1 / s4:8→1 / s5:8→1, s3:8→1 / s4:8→1 / s5:6→1, s3:8→1 / s4:8→1 / s5:9→1, s3:6→1 / s4:8→1 / s5:8→1, s3:8→1 / s4:8→1 / s5:6→1, s3:8→1 / s4:8→1 / s5:9→1, s3:8→1 / s4:8→1 / s5:6→1, s3:8→1 / s4:8→1 / s5:9→1, s3:6→1 / s4:8→1 / s5:8→1, s3:8→1 / s4:9→1 / s5:8→1, s3:6→1 / s4:8→1 / s5:8→1, s3:8→1 / s4:8→1 / s5:6→1, s3:8→1 / s4:9→1 / s5:8→1, s3:6→1 / s4:8→1 / s5:8→1, s3:8→1 / s4:8→1 / s5:6→1, s3:8→1 / s4:8→1 / s5:9→1, s3:8→1 / s4:9→1 / s5:8→1, s3:8→1 / s4:8→1 / s5:6→1, s3:8→1 / s4:9→1 / s5:8→1, s3:8→1 / s4:8→1 / s5:6→1, s3:8→1 / s4:8→1 / s5:9→1, s3:8→1 / s4:9→1 / s5:8→1, s3:8→1 / s4:8→1 / s5:9→1, s3:8→1 / s4:9→1 / s5:8→1, s3:8→1 / s4:9→1 / s5:8→1, s3:6→1 / s4:8→1 / s5:8→1, s3:9→1 / s4:8→1 / s5:8→1, s3:9→1 / s4:8→1 / s5:8→1, s3:9→1 / s4:8→1 / s5:8→1, s3:9→1 / s4:8→1 / s5:8→1, s3:9→1 / s4:8→1 / s5:8→1, s3:9→1 / s4:8→1 / s5:8→1, s3:9→1 / s4:8→1 / s5:8→1, s3:9→1 / s4:8→1 / s5:8→1, s3:9→1 / s4:8→1 / s5:8→1, s3:6→1 / s4:8→1 / s5:8→1, s3:6→1 / s4:8→1 / s5:8→1, s3:6→1 / s4:8→1 / s5:8→1, s3:6→1 / s4:8→1 / s5:8→1, s3:6→1 / s4:8→1 / s5:8→1, s3:6→1 / s4:8→1 / s5:8→1, s3:6→1 / s4:8→1 / s5:8→1, s3:6→1 / s4:8→1 / s5:8→1, s3:6→1 / s4:8→1 / s5:8→1, s3:6→1 / s4:8→1 / s5:8→1, s3:6→1 / s4:8→1 / s5:8→1, s3:6→1 / s4:8→1 / s5:8→1, s3:6→1 / s4:8→1 / s5:8→1, s3:6→1 / s4:8→1 / s5:8→1, s3:6→1 / s4:8→1 / s5:8→1, s3:6→1 / s4:8→1 / s5:8→1, s3:6→1 / s4:8→1 / s5:8→1, s3:6→1 / s4:8→1 / s5:8→1, s3:6→1 / s4:8→1 / s5:8→1, s3:6→1 / s4:8→1 / s5:8→1, s3:6→1 / s4:8→1 / s5:8→1, s3:6→1 / s4:8→1 / s5:8→1, s3:6→1 / s4:8→1 / s5:8→1, s3:6→1 / s4:8→1 / s5:8→1, s3:6→1 / s4:8→1 / s5:8→1, s3:6→1 / s4:8→1 / s5:8→1}"
7	27	"f5+su(3)"	"f5+su(3)+g2+su(2)+so(7)+2 su(2)"	14	123	3	2	0	0	0	0	0	0	"{s1:7→1 / s2:3→1 / s3:2→1 / s4:1→1, 7→1 / s5:1→2, 7→2, s1:7→1 / s2:3→1 / s3:2→1 / s4:1→1 / s5:1→2, 2→1, s1:7→1 / s2:3→1 / s3:7→1 / s4:2→1 / s5:1→1, 7→1, s1:7→1 / s2:3→1 / s4:2→1 / s5:2→1, 7→2}"	"{s3:8→1 / s4:8→1 / s5:9→1, s3:8→1 / s4:9→1 / s5:8→1, s3:9→1 / s4:8→1 / s5:8→1, s3:6→1 / s4:8→1 / s5:8→1}"
7	27	"f5+su(3)"	"f5+su(3)+g2+su(2)+so(7)+2 su(2)"	15	123	3	2	0	0	0	0	0	0	"s1:7→1 / s2:3→1 / s3:7→1 / s4:2→1 / s5:2→1, 7→2"	"s3:9→1 / s4:8→1 / s5:8→1"
7	27	"f5+su(3)"	"f5+su(3)+g2+su(2)+so(7)+2 su(2)"	16	123	3	2	0	0	0	0	0	0	"{s1:7→1 / s2:3→1 / s3:2→1 / s4:1→1 / s5:1→1, 2→3, s1:7→1 / s2:3→1 / s3:2→1 / s4:1→1 / s5:1→3, 7→2}"	"{s3:8→1 / s4:8→1 / s5:6→1, s3:8→1 / s4:8→1 / s5:9→1}"
7	27	"f5+su(3)"	"f5+su(3)+g2+su(2)+so(7)+2 su(2)"	17	123	3	2	0	0	0	0	0	0	"{s1:7→1 / s2:3→1 / s3:2→1 / s4:1→1, 7→1 / s5:1→2, 7→2, s1:7→1 / s2:3→1 / s3:2→1 / s4:1→1, 7→1 / s5:1→3, 7→2}"	"{s3:8→1 / s4:9→1 / s5:8→1, s3:8→1 / s4:9→1 / s5:8→1}"
7	27	"f5+su(3)"	"f5+su(3)+g2+su(2)+so(7)+2 su(2)"	18	123	3	2	0	0	0	0	0	0	"{s1:7→1 / s2:3→1 / s3:2→1 / s4:1→1, 7→1 / s5:1→3, 7→2, s1:7→1 / s2:3→1 / s3:2→1 / s4:1→1, 7→2 / s5:1→2, 7→1, s1:7→1 / s2:3→1 / s3:2→1 / s4:1→1 / s5:1→3, 2→2, s1:7→1 / s2:3→1 / s3:2→1 / s4:1→1 / s5:1→3, 7→2, s1:7→1 / s2:3→1 / s3:2→1 / s4:2→3, 7→2 / s5:1→1, s1:7→1 / s2:3→1 / s3:7→1 / s4:2→1 / s5:1→2, 7→2, s1:7→1 / s2:3→1 / s4:2→1 / s5:1→2, 7→2}"	"{s3:8→1 / s4:8→1 / s5:9→1, s3:8→1 / s4:9→1 / s5:8→1, s3:8→1 / s4:9→1 / s5:8→1, s3:8→1 / s4:8→1 / s5:6→1, s3:6→1 / s4:8→1 / s5:8→1, s3:9→1 / s4:8→1 / s5:8→1, s3:6→1 / s4:8→1 / s5:8→1}"
7	27	"f5+su(3)"	"f5+su(3)+g2+su(2)+so(7)+2 su(2)"	19	123	3	2	0	0	0	0	0	0	"s1:7→1 / s2:3→1 / s3:2→1 / s4:1→1, 7→1 / s5:1→1, 7→2"	"s3:8→1 / s4:8→1 / s5:9→1"
7	31	"e6"	"e6+4 su(3)+g2+su(2)"	14	84	0	5	0	0	0	0	0	0	"s1:7→1 / s2:5→1 / s3:4→1 / s4:3→1"	"s5:1→1"
7	34	"so(8)+g2+su(2)"	"2 so(8)+2(so(7)+2 su(2))"	12	125	3	1	1	0	0	0	0	0	"{s1:1→1 / s2:7→1 / s3:5→1 / s4:1→1, 5→1 / s5:1→1, 5→2, s1:1→1 / s2:7→1 / s3:5→1 / s4:1→1, 5→1 / s5:1→1, 5→2, s1:1→1 / s2:7→1 / s3:5→1 / s5:1→1, 5→1, s1:1→1 / s2:7→1 / s3:5→1 / s5:1→2, 5→3, s1:1→1 / s2:7→1 / s4:1→1, 5→1 / s5:1→1, 5→3, s1:1→1 / s2:7→1 / s4:1→1, 5→2 / s5:1→1, 5→2, s1:1→1 / s2:7→1 / s4:1→1, 5→3 / s5:1→2, 5→3, s1:7→1 / s2:1→1 / s3:1→1, 5→1 / s4:1→1, 5→1 / s5:1→2, 5→3, s1:7→1 / s2:1→1 / s3:1→1, 5→1 / s4:1→1, 5→2 / s5:1→1, 5→1, s1:7→1 / s2:1→1 / s3:1→1, 5→1 / s4:1→1, 5→2 / s5:1→1, 5→2, s1:7→1 / s2:1→1 / s3:1→1, 5→1 / s4:1→1, 5→2 / s5:1→2, 5→2, s1:7→1 / s2:1→1 / s3:1→1, 5→2 / s4:1→1, 5→1 / s5:1→2, 5→2, s1:7→1 / s2:1→1 / s3:1→1, 5→2 / s4:1→1, 5→2 / s5:1→1, 5→1, s1:7→1 / s2:1→1 / s3:5→1 / s4:1→1, 5→1 / s5:1→1, 5→1, s1:7→1 / s2:1→1 / s3:5→1 / s4:1→1, 5→1 / s5:1→2, 5→2, s1:7→1 / s2:1→1 / s3:5→1 / s4:1→1, 5→1 / s5:1→2, 5→2, s1:7→1 / s2:1→1 / s3:5→1 / s4:1→1, 5→1 / s5:1→2, 5→3, s1:7→1 / s2:1→1 / s3:5→1 / s4:1→1, 5→1 / s5:1→2, 5→3, s1:7→1 / s2:1→1 / s3:5→1 / s4:1→2, 5→2 / s5:1→2, 5→2, s1:7→1 / s2:1→1 / s3:5→1 / s4:1→2, 5→2 / s5:1→3, 5→2, s1:7→1 / s2:1→1 / s3:5→1 / s5:1→1, 5→1, s1:7→1 / s2:1→1 / s3:5→1 / s5:1→2, 5→2, s1:7→1 / s2:1→1 / s4:1→1, 5→1 / s5:1→1, 5→2, s1:7→1 / s2:1→1 / s4:1→1, 5→1 / s5:1→2, 5→3, s1:7→1 / s2:1→1 / s4:1→1, 5→2 / s5:1→1, 5→2, s1:7→1 / s2:1→1 / s4:1→1, 5→2 / s5:1→2, 5→2, s1:7→1 / s2:1→1 / s4:1→1, 5→2 / s5:1→2, 5→3, s1:7→1 / s2:1→1 / s4:1→2, 5→2 / s5:1→2, 5→2, s1:7→1 / s2:1→1 / s4:1→2, 5→2 / s5:1→2, 5→3, s1:7→1 / s2:1→1 / s4:1→2, 5→3 / s5:1→2, 5→3, s1:7→1 / s2:5→1 / s3:1→1 / s4:1→1 / s5:1→1}"	"{s3:3→1 / s4:9→1 / s5:9→1, s3:9→1 / s4:9→1 / s5:3→1, s3:9→1 / s4:3→1 / s5:9→1, s3:9→1 / s4:3→1 / s5:9→1, s3:3→1 / s4:9→1 / s5:9→1, s3:3→1 / s4:9→1 / s5:9→1, s3:3→1 / s4:9→1 / s5:9→1, s3:9→1 / s4:3→1 / s5:9→1, s3:9→1 / s4:9→1 / s5:3→1, s3:9→1 / s4:9→1 / s5:3→1, s3:9→1 / s4:9→1 / s5:3→1, s3:9→1 / s4:3→1 / s5:9→1, s3:9→1 / s4:9→1 / s5:3→1, s3:9→1 / s4:9→1 / s5:3→1, s3:9→1 / s4:3→1 / s5:9→1, s3:9→1 / s4:9→1 / s5:3→1, s3:9→1 / s4:3→1 / s5:9→1, s3:9→1 / s4:9→1 / s5:3→1, s3:9→1 / s4:9→1 / s5:3→1, s3:9→1 / s4:9→1 / s5:3→1, s3:9→1 / s4:3→1 / s5:9→1, s3:9→1 / s4:3→1 / s5:9→1, s3:3→1 / s4:9→1 / s5:9→1, s3:3→1 / s4:9→1 / s5:9→1, s3:3→1 / s4:9→1 / s5:9→1, s3:3→1 / s4:9→1 / s5:9→1, s3:3→1 / s4:9→1 / s5:9→1, s3:3→1 / s4:9→1 / s5:9→1, s3:3→1 / s4:9→1 / s5:9→1, s3:3→1 / s4:9→1 / s5:9→1, s3:9→1 / s4:9→1 / s5:3→1}"
7	34	"so(8)+g2+su(2)"	"2 so(8)+2(so(7)+2 su(2))"	13	125	3	1	1	0	0	0	0	0	"{s1:1→1, 7→1 / s2:5→1 / s3:1→1 / s4:1→1 / s5:1→1, s1:1→1, 7→1 / s2:5→1 / s4:1→1 / s5:1→1, s1:1→1 / s2:7→1 / s3:1→1, 5→1 / s4:1→1, 5→1 / s5:1→1, 5→1, s1:1→1 / s2:7→1 / s3:1→1, 5→1 / s4:1→1, 5→1 / s5:1→1, 5→2, s1:1→1 / s2:7→1 / s3:1→1, 5→1 / s4:1→1, 5→2 / s5:1→1, 5→1, s1:1→1 / s2:7→1 / s3:1→1, 5→1 / s4:1→1, 5→2 / s5:1→1, 5→2, s1:1→1 / s2:7→1 / s3:1→1 / s4:1→1, 5→1 / s5:1→1, 5→1, s1:1→1 / s2:7→1 / s3:5→1 / s4:1→1, 5→1 / s5:1→1, 5→1, s1:1→1 / s2:7→1 / s3:5→1 / s4:1→1, 5→1 / s5:1→1, 5→3, s1:1→1 / s2:7→1 / s3:5→1 / s4:1→1, 5→1 / s5:1→1, 5→3, s1:1→1 / s2:7→1 / s3:5→1 / s4:1→1, 5→1 / s5:1→2, 5→3, s1:1→1 / s2:7→1 / s3:5→1 / s4:1→1, 5→2 / s5:1→1, 5→2, s1:1→1 / s2:7→1 / s3:5→1 / s4:5→1 / s5:1→1, 5→2, s1:1→1 / s2:7→1 / s3:5→1 / s4:5→1 / s5:1→1, 5→3, s1:1→1 / s2:7→1 / s3:5→1 / s4:5→1 / s5:1→1, 5→4, s1:1→1 / s2:7→1 / s3:5→1 / s5:1→1, 5→2, s1:1→1 / s2:7→1 / s3:5→1 / s5:1→1, 5→3, s1:1→1 / s2:7→1 / s4:1→1, 5→1 / s5:1→1, 5→1, s1:1→1 / s2:7→1 / s4:1→1, 5→1 / s5:1→1, 5→2, s1:1→1 / s2:7→1 / s4:1→1, 5→1 / s5:1→2, 5→1, s1:1→1 / s2:7→1 / s4:1→1, 5→1 / s5:1→2, 5→2, s1:1→1 / s2:7→1 / s4:1→1, 5→1 / s5:1→2, 5→3, s1:1→1 / s2:7→1 / s4:1→1, 5→1 / s5:1→3, 5→2, s1:1→1 / s2:7→1 / s4:1→1, 5→2 / s5:1→1, 5→3, s1:1→1 / s2:7→1 / s4:1→1, 5→2 / s5:1→2, 5→2, s1:1→1 / s2:7→1 / s4:1→1, 5→2 / s5:1→2, 5→3, s1:1→1 / s2:7→1 / s4:1→1, 5→3 / s5:1→1, 5→3, s1:1→1 / s2:7→1 / s4:1→1, 5→3 / s5:1→1, 5→4, s1:1→1 / s2:7→1 / s4:1→1 / s5:1→1, 5→1, s1:1→1 / s2:7→1 / s4:1→1 / s5:1→2, 5→2, s1:1→1 / s2:7→1 / s4:1→2, 5→1 / s5:1→2, 5→2, s1:1→1 / s2:7→1 / s4:1→2, 5→2 / s5:1→2, 5→2, s1:1→1 / s2:7→1 / s4:1→2, 5→2 / s5:1→2, 5→3, s1:1→1 / s2:7→1 / s4:1→2, 5→3 / s5:1→2, 5→3, s1:7→1 / s2:1→1, 5→1 / s3:1→1 / s4:1→1 / s5:1→1, s1:7→1 / s2:1→1 / s3:1→1, 5→1 / s4:1→1, 5→1 / s5:1→1, s1:7→1 / s2:1→1 / s3:1→1, 5→1 / s4:1→1, 5→1 / s5:1→1, 5→1, s1:7→1 / s2:1→1 / s3:1→1, 5→1 / s4:1→1, 5→1 / s5:1→2, 5→1, s1:7→1 / s2:1→1 / s3:1→1, 5→1 / s4:1→1, 5→1 / s5:1→2, 5→2, s1:7→1 / s2:1→1 / s3:1→1, 5→1 / s4:1→1, 5→1 / s5:1→2, 5→2, s1:7→1 / s2:1→1 / s3:1→1, 5→1 / s4:1→1 / s5:1→2, 5→1, s1:7→1 / s2:1→1 / s3:1→1, 5→1 / s4:1→1 / s5:1→2, 5→2, s1:7→1 / s2:1→1 / s3:5→1 / s4:1→1, 5→1 / s5:1→2, 5→1, s1:7→1 / s2:1→1 / s3:5→1 / s4:1→1, 5→1 / s5:1→3, 5→2, s1:7→1 / s2:1→1 / s3:5→1 / s4:1→1, 5→2 / s5:1→1, 5→1, s1:7→1 / s2:1→1 / s3:5→1 / s4:1→1, 5→2 / s5:1→1, 5→2, s1:7→1 / s2:1→1 / s3:5→1 / s4:1→1, 5→2 / s5:1→1, 5→2, s1:7→1 / s2:1→1 / s3:5→1 / s4:1→1, 5→2 / s5:1→2, 5→2, s1:7→1 / s2:1→1 / s3:5→1 / s4:1→2, 5→1 / s5:1→3, 5→2, s1:7→1 / s2:1→1 / s3:5→1 / s4:5→1, s1:7→1 / s2:1→1 / s3:5→1 / s4:5→1 / s5:1→1, 5→1, s1:7→1 / s2:1→1 / s3:5→1 / s4:5→1 / s5:1→1, 5→2, s1:7→1 / s2:1→1 / s3:5→1 / s4:5→1 / s5:1→1, 5→2, s1:7→1 / s2:1→1 / s3:5→1 / s4:5→1 / s5:1→1, 5→3, s1:7→1 / s2:1→1 / s3:5→1 / s4:5→1 / s5:1→1, 5→3, s1:7→1 / s2:1→1 / s3:5→1 / s4:5→1 / s5:1→1, 5→4, s1:7→1 / s2:1→1 / s3:5→1 / s4:5→1 / s5:1→1, 5→4, s1:7→1 / s2:1→1 / s3:5→1 / s4:5→1 / s5:1→2, 5→3, s1:7→1 / s2:1→1 / s3:5→1 / s4:5→1 / s5:5→1, s1:7→1 / s2:1→1 / s3:5→1 / s5:1→1, 5→2, s1:7→1 / s2:1→1 / s3:5→1 / s5:1→1, 5→3, s1:7→1 / s2:1→1 / s3:5→1 / s5:1→2, 5→3, s1:7→1 / s2:1→1 / s4:1→1, 5→1 / s5:1→1, 5→1, s1:7→1 / s2:1→1 / s4:1→1, 5→1 / s5:1→2, 5→1, s1:7→1 / s2:1→1 / s4:1→1, 5→1 / s5:1→2, 5→2, s1:7→1 / s2:1→1 / s4:1→1, 5→1 / s5:1→3, 5→2, s1:7→1 / s2:1→1 / s4:1→1, 5→2 / s5:1→1, 5→3, s1:7→1 / s2:1→1 / s4:1→1, 5→3 / s5:1→1, 5→3, s1:7→1 / s2:1→1 / s4:1→1, 5→3 / s5:1→2, 5→3, s1:7→1 / s2:1→1 / s4:1→2, 5→1 / s5:1→3, 5→2, s1:7→1 / s2:1→1 / s4:1→2, 5→2 / s5:1→3, 5→2}"	"{s3:9→1 / s4:9→1 / s5:3→1, s3:3→1 / s4:9→1 / s5:9→1, s3:9→1 / s4:9→1 / s5:3→1, s3:9→1 / s4:9→1 / s5:3→1, s3:9→1 / s4:9→1 / s5:3→1, s3:9→1 / s4:9→1 / s5:3→1, s3:9→1 / s4:9→1 / s5:3→1, s3:3→1 / s4:9→1 / s5:9→1, s3:3→1 / s4:9→1 / s5:9→1, s3:9→1 / s4:9→1 / s5:3→1, s3:3→1 / s4:9→1 / s5:9→1, s3:3→1 / s4:9→1 / s5:9→1, s3:9→1 / s4:3→1 / s5:9→1, s3:9→1 / s4:3→1 / s5:9→1, s3:9→1 / s4:3→1 / s5:9→1, s3:9→1 / s4:3→1 / s5:9→1, s3:9→1 / s4:3→1 / s5:9→1, s3:3→1 / s4:9→1 / s5:9→1, s3:3→1 / s4:9→1 / s5:9→1, s3:3→1 / s4:9→1 / s5:9→1, s3:3→1 / s4:9→1 / s5:9→1, s3:3→1 / s4:9→1 / s5:9→1, s3:3→1 / s4:9→1 / s5:9→1, s3:3→1 / s4:9→1 / s5:9→1, s3:3→1 / s4:9→1 / s5:9→1, s3:3→1 / s4:9→1 / s5:9→1, s3:3→1 / s4:9→1 / s5:9→1, s3:3→1 / s4:9→1 / s5:9→1, s3:3→1 / s4:9→1 / s5:9→1, s3:3→1 / s4:9→1 / s5:9→1, s3:3→1 / s4:9→1 / s5:9→1, s3:3→1 / s4:9→1 / s5:9→1, s3:3→1 / s4:9→1 / s5:9→1, s3:3→1 / s4:9→1 / s5:9→1, s3:9→1 / s4:9→1 / s5:3→1, s3:9→1 / s4:9→1 / s5:3→1, s3:9→1 / s4:9→1 / s5:3→1, s3:9→1 / s4:9→1 / s5:3→1, s3:9→1 / s4:3→1 / s5:9→1, s3:9→1 / s4:9→1 / s5:3→1, s3:9→1 / s4:3→1 / s5:9→1, s3:9→1 / s4:3→1 / s5:9→1, s3:9→1 / s4:9→1 / s5:3→1, s3:9→1 / s4:9→1 / s5:3→1, s3:9→1 / s4:9→1 / s5:3→1, s3:3→1 / s4:9→1 / s5:9→1, s3:9→1 / s4:9→1 / s5:3→1, s3:9→1 / s4:9→1 / s5:3→1, s3:9→1 / s4:3→1 / s5:9→1, s3:9→1 / s4:9→1 / s5:3→1, s3:9→1 / s4:9→1 / s5:3→1, s3:9→1 / s4:3→1 / s5:9→1, s3:9→1 / s4:9→1 / s5:3→1, s3:9→1 / s4:3→1 / s5:9→1, s3:9→1 / s4:9→1 / s5:3→1, s3:9→1 / s4:3→1 / s5:9→1, s3:9→1 / s4:9→1 / s5:3→1, s3:9→1 / s4:9→1 / s5:3→1, s3:9→1 / s4:9→1 / s5:3→1, s3:9→1 / s4:3→1 / s5:9→1, s3:9→1 / s4:3→1 / s5:9→1, s3:9→1 / s4:3→1 / s5:9→1, s3:3→1 / s4:9→1 / s5:9→1, s3:3→1 / s4:9→1 / s5:9→1, s3:3→1 / s4:9→1 / s5:9→1, s3:3→1 / s4:9→1 / s5:9→1, s3:3→1 / s4:9→1 / s5:9→1, s3:3→1 / s4:9→1 / s5:9→1, s3:3→1 / s4:9→1 / s5:9→1, s3:3→1 / s4:9→1 / s5:9→1, s3:3→1 / s4:9→1 / s5:9→1}"
7	34	"so(8)+g2+su(2)"	"2 so(8)+2(so(7)+2 su(2))"	14	125	3	1	1	0	0	0	0	0	"{s1:1→1 / s2:7→1 / s3:5→1 / s4:5→1 / s5:5→2, s1:1→1 / s2:7→1 / s4:1→1 / s5:1→2, 5→1, s1:1→1 / s2:7→1 / s4:1→1 / s5:1→3, 5→2, s1:1→1 / s2:7→1 / s4:1→2, 5→1 / s5:1→2, 5→1, s1:7→1 / s2:1→1, 5→1 / s3:1→1 / s4:1→1 / s5:1→2, s1:7→1 / s2:1→1 / s4:1→2, 5→1 / s5:1→2, 5→1, s1:7→1 / s2:1→1 / s4:1→2, 5→1 / s5:1→2, 5→2}"	"{s3:9→1 / s4:9→1 / s5:3→1, s3:3→1 / s4:9→1 / s5:9→1, s3:3→1 / s4:9→1 / s5:9→1, s3:3→1 / s4:9→1 / s5:9→1, s3:9→1 / s4:9→1 / s5:3→1, s3:3→1 / s4:9→1 / s5:9→1, s3:3→1 / s4:9→1 / s5:9→1}"
7	34	"so(8)+g2+su(2)"	"2 so(8)+2(so(7)+2 su(2))"	15	125	3	1	1	0	0	0	0	0	"{s1:1→1 / s2:7→1 / s3:1→1 / s4:1→1 / s5:1→1, s1:1→1 / s2:7→1 / s3:5→1 / s4:5→1 / s5:5→1, s1:1→1 / s2:7→1 / s3:5→1 / s4:5→1 / s5:5→3, s1:1→1 / s2:7→1 / s3:5→1 / s4:5→1 / s5:5→4}"	"{s3:9→1 / s4:9→1 / s5:3→1, s3:9→1 / s4:9→1 / s5:3→1, s3:9→1 / s4:9→1 / s5:3→1, s3:9→1 / s4:9→1 / s5:3→1}"
7	34	"so(8)+g2+su(2)"	"2 so(8)+2(so(7)+2 su(2))"	16	125	3	1	1	0	0	0	0	0	"{s1:1→1 / s2:7→1 / s4:1→1, 5→4 / s5:1→1, 5→4, s1:1→1 / s2:7→1 / s4:1→1 / s5:1→1, s1:7→1 / s2:1→1 / s3:1→1 / s4:1→1 / s5:1→2, 5→1, s1:7→1 / s2:1→1 / s3:5→1 / s4:5→2 / s5:5→1}"	"{s3:3→1 / s4:9→1 / s5:9→1, s3:3→1 / s4:9→1 / s5:9→1, s3:9→1 / s4:3→1 / s5:9→1, s3:9→1 / s4:9→1 / s5:3→1}"
7	34	"so(8)+g2+su(2)"	"2 so(8)+2(so(7)+2 su(2))"	17	125	3	1	1	0	0	0	0	0	"{s1:7→1 / s2:1→1 / s3:5→1 / s4:5→1 / s5:5→2, s1:7→1 / s2:1→1 / s4:1→1, 5→3 / s5:1→1, 5→4}"	"{s3:9→1 / s4:9→1 / s5:3→1, s3:3→1 / s4:9→1 / s5:9→1}"
7	34	"so(8)+g2+su(2)"	"2 so(8)+2(so(7)+2 su(2))"	18	125	3	1	1	0	0	0	0	0	"s1:7→1 / s2:1→1 / s3:5→1 / s5:1→1, 5→4"	"s3:9→1 / s4:3→1 / s5:9→1"
7	34	"so(8)+g2+su(2)"	"2 so(8)+2(so(7)+2 su(2))"	20	125	3	1	1	0	0	0	0	0	"s1:7→1 / s2:1→1 / s3:5→1 / s4:5→2 / s5:5→2"	"s3:9→1 / s4:9→1 / s5:3→1"
7	34	"so(8)+g2+su(2)"	"2 so(8)+2(so(7)+2 su(2))"	31	125	3	1	1	0	0	0	0	0	"s1:7→1 / s2:1→1 / s3:1→1 / s4:1→1, 5→1 / s5:1→1"	"s3:9→1 / s4:9→1 / s5:3→1"
7	34	"so(8)+g2+su(2)"	"2 so(8)+2(so(7)+2 su(2))"	35	125	3	1	1	0	0	0	0	0	"s1:1→1 / s2:7→1 / s3:5→1 / s4:5→2 / s5:5→2"	"s3:9→1 / s4:9→1 / s5:3→1"
7	34	"so(8)+g2+su(2)"	"2 so(8)+2(so(7)+2 su(2))"	47	125	3	1	1	0	0	0	0	0	"s1:1→1 / s2:7→1 / s4:1→1 / s5:1→3, 5→1"	"s3:3→1 / s4:9→1 / s5:9→1"
7	34	"so(8)+g2+su(2)"	"2 so(8)+2(so(7)+2 su(2))"	59	125	3	1	1	0	0	0	0	0	"s1:7→1 / s2:1→1 / s4:1→1, 5→4 / s5:1→1, 5→4"	"s3:3→1 / s4:9→1 / s5:9→1"
7	34	"so(8)+g2+su(2)"	"2 so(8)+2 su(3)+2(g2+su(2))"	13	113	1	3	1	0	0	0	0	0	"{s1:1→1 / s2:7→1 / s3:5→1 / s4:1→1, 7→1 / s5:1→1, 4→1, s1:1→1 / s2:7→1 / s3:5→1 / s4:1→1, 7→1 / s5:1→1, 5→1, s1:7→1 / s2:5→1 / s3:1→1 / s4:1→1, 5→1 / s5:4→1}"	"{s5:10→1, s5:10→1, s5:10→1}"
7	34	"so(8)+g2+su(2)"	"2 so(8)+2 su(3)+2(g2+su(2))"	14	113	1	3	1	0	0	0	0	0	"{s1:1→1 / s2:7→1 / s3:7→1 / s4:5→1 / s5:4→1, s1:1→1 / s2:7→1 / s3:7→1 / s4:5→1 / s5:4→1, 5→1}"	"{s5:11→1, s5:11→1}"
7	34	"so(8)+g2+su(2)"	"2 so(8)+2 su(3)+2(g2+su(2))"	17	113	1	3	1	0	0	0	0	0	"s1:1→1 / s2:7→1 / s3:7→1 / s4:5→1 / s5:5→1"	"s5:11→1"
7	34	"so(8)+g2+su(2)"	"2 so(8)+2 su(3)+2(g2+su(2))"	25	113	1	3	1	0	0	0	0	0	"s1:7→1 / s2:5→1 / s3:1→1 / s4:1→2, 5→1 / s5:1→1, 4→1"	"s5:10→1"
7	34	"so(8)+g2+su(2)"	"2 so(8)+2 su(3)+2(g2+su(2))"	38	113	1	3	1	0	0	0	0	0	"s1:7→1 / s2:5→1 / s3:1→1 / s4:1→1, 5→1 / s5:1→1, 4→1"	"s5:10→1"
7	34	"so(8)+g2+su(2)"	"2 so(8)+3(g2+su(2))"	13	120	2	2	1	0	0	0	0	0	"{s1:1→1 / s2:7→1 / s3:5→1 / s4:1→1, 7→1 / s5:1→1, 4→1, s1:1→1 / s2:7→1 / s3:5→1 / s4:1→1, 7→1 / s5:1→1, 4→1, 5→1, s1:1→1 / s2:7→1 / s3:5→1 / s4:1→1, 7→1 / s5:1→1, 5→1, s1:1→1 / s2:7→1 / s3:5→1 / s4:1→1, 7→1 / s5:1→2, 4→1, 5→1, s1:7→1 / s2:1→1 / s3:1→1, 5→1 / s4:5→1 / s5:1→1, 4→1, s1:7→1 / s2:1→1 / s3:1→1, 5→1 / s4:5→1 / s5:4→1, s1:7→1 / s2:5→1 / s3:1→1 / s4:1→1, 5→1 / s5:1→2, 4→1, s1:7→1 / s2:5→1 / s3:1→1 / s4:1→1 / s5:1→1, 4→1, s1:7→1 / s2:5→1 / s3:1→1 / s4:1→1 / s5:1→1, 5→1}"	"{s4:10→1 / s5:9→1, s4:10→1 / s5:9→1, s4:10→1 / s5:9→1, s4:10→1 / s5:9→1, s4:9→1 / s5:10→1, s4:9→1 / s5:10→1, s4:10→1 / s5:9→1, s4:9→1 / s5:10→1, s4:9→1 / s5:10→1}"
7	34	"so(8)+g2+su(2)"	"2 so(8)+3(g2+su(2))"	14	120	2	2	1	0	0	0	0	0	"s1:1→1 / s2:7→1 / s3:5→1 / s4:7→1 / s5:4→1, 5→1"	"s4:10→1 / s5:9→1"
7	34	"so(8)+g2+su(2)"	"2 so(8)+3(g2+su(2))"	15	120	2	2	1	0	0	0	0	0	"{s1:1→1 / s2:7→1 / s3:5→1 / s4:1→2, 7→1 / s5:1→2, 5→1, s1:1→1 / s2:7→1 / s3:5→1 / s4:7→1 / s5:5→1, s1:7→1 / s2:5→1 / s3:1→1 / s4:5→1 / s5:4→1}"	"{s4:10→1 / s5:9→1, s4:10→1 / s5:9→1, s4:10→1 / s5:9→1}"
7	34	"so(8)+g2+su(2)"	"2 so(8)+3(g2+su(2))"	18	120	2	2	1	0	0	0	0	0	"s1:1→1 / s2:7→1 / s3:5→1 / s4:7→1 / s5:4→1"	"s4:10→1 / s5:9→1"
7	34	"so(8)+g2+su(2)"	"2 so(8)+3(g2+su(2))"	19	120	2	2	1	0	0	0	0	0	"s1:7→1 / s2:5→1 / s3:1→1 / s4:1→1, 5→1 / s5:1→1, 4→1"	"s4:10→1 / s5:9→1"
7	34	"so(8)+g2+su(2)"	"2 so(8)+3(g2+su(2))"	25	120	2	2	1	0	0	0	0	0	"s1:1→1 / s2:7→1 / s3:5→1 / s4:1→2, 7→1 / s5:1→2, 4→1"	"s4:10→1 / s5:9→1"
7	34	"so(8)+g2+su(2)"	"2 so(8)+3 su(3)+so(7)+2 su(2)"	13	112	1	3	1	0	0	0	0	0	"{s1:1→1 / s2:7→1 / s3:5→1 / s4:1→1, 5→1, 7→1, s1:1→1 / s2:7→1 / s3:5→1 / s4:1→1, 7→1, s1:1→1 / s2:7→1 / s3:5→1 / s4:1→1, 7→1 / s5:1→1, 5→1, s1:7→1 / s2:1→1 / s3:1→1, 5→1 / s4:1→1, 5→1, s1:7→1 / s2:5→1 / s3:1→1 / s4:1→1, 5→1}"	"{s5:3→1, s5:3→1, s5:3→1, s5:3→1, s5:3→1}"
7	34	"so(8)+g2+su(2)"	"2 so(8)+3 su(3)+so(7)+2 su(2)"	14	112	1	3	1	0	0	0	0	0	"{s1:1→1 / s2:7→1 / s3:7→1 / s4:5→1, s1:1→1 / s2:7→1 / s3:7→1 / s4:5→1 / s5:5→1, s1:1→1 / s2:7→1 / s3:7→1 / s4:5→1 / s5:5→2, s1:7→1 / s2:1→1 / s3:1→1 / s4:1→1, 5→1, s1:7→1 / s2:1→1 / s3:1→1 / s4:1→1, 5→1 / s5:1→1, s1:7→1 / s2:1→1 / s3:1→1 / s4:1→1, 5→1 / s5:1→1, 5→1}"	"{s5:3→1, s5:3→1, s5:3→1, s5:3→1, s5:3→1, s5:3→1}"
7	34	"so(8)+g2+su(2)"	"2 so(8)+3 su(3)+so(7)+2 su(2)"	16	112	1	3	1	0	0	0	0	0	"s1:7→1 / s2:1→1 / s3:1→1 / s4:1→1 / s5:1→1"	"s5:3→1"
7	34	"so(8)+g2+su(2)"	"2 so(8)+3 su(3)+so(7)+2 su(2)"	24	112	1	3	1	0	0	0	0	0	"s1:7→1 / s2:5→1 / s3:5→1 / s4:1→1"	"s5:3→1"
7	34	"so(8)+g2+su(2)"	"2 so(8)+3 su(3)+so(7)+2 su(2)"	80	112	1	3	1	0	0	0	0	0	"s1:1→1 / s2:7→1 / s3:5→1 / s4:5→1, 7→1"	"s5:3→1"
7	34	"so(8)+g2+su(2)"	"2 so(8)+3 su(3)+so(7)+2 su(2)"	87	112	1	3	1	0	0	0	0	0	"s1:7→1 / s2:1→1 / s3:1→1 / s4:1→1"	"s5:3→1"
7	34	"so(8)+g2+su(2)"	"2 so(8)+4 su(3)+g2+su(2)"	15	106	0	4	1	0	0	0	0	0	"s1:1→1 / s2:7→1 / s3:7→1 / s4:5→1 / s5:5→1"	""
7	34	"so(8)+g2+su(2)"	"2 so(8)+su(3)+g2+su(2)+so(7)+2 su(2)"	13	119	2	2	1	0	0	0	0	0	"{s1:1→1, 7→1 / s2:5→1 / s3:1→1 / s5:1→1, s1:1→1, 7→1 / s2:5→1 / s3:1→1 / s5:1→1, 5→1, s1:1→1 / s2:7→1 / s3:1→1, 5→1 / s4:5→1, s1:1→1 / s2:7→1 / s3:1→1, 5→1 / s4:5→1 / s5:1→1, 5→1, s1:1→1 / s2:7→1 / s3:1→1, 5→1 / s4:5→1 / s5:1→1, 5→1, 7→1, s1:1→1 / s2:7→1 / s3:1→1, 5→1 / s5:1→1, 5→1, s1:1→1 / s2:7→1 / s3:1→1, 5→1 / s5:1→1, 5→1, 7→1, s1:1→1 / s2:7→1 / s3:1→1, 5→1 / s5:1→1, 5→2, s1:1→1 / s2:7→1 / s3:1→1, 5→1 / s5:1→1, 5→3, s1:1→1 / s2:7→1 / s3:1→1, 5→1 / s5:1→1, 7→1, s1:1→1 / s2:7→1 / s3:5→1 / s4:1→1, 7→1 / s5:1→1, 4→1, s1:1→1 / s2:7→1 / s3:5→1 / s4:1→1, 7→1 / s5:1→1, 4→1, 7→1, s1:1→1 / s2:7→1 / s3:5→1 / s4:1→1, 7→1 / s5:1→1, 5→1, s1:1→1 / s2:7→1 / s3:5→1 / s4:1→1, 7→1 / s5:1→1, 5→1, 7→1, s1:1→1 / s2:7→1 / s3:5→1 / s4:1→1, 7→1 / s5:1→1, 7→1, s1:1→1 / s2:7→1 / s3:5→1 / s4:1→1, 7→1 / s5:1→1, 7→1, s1:1→1 / s2:7→1 / s3:5→1 / s4:1→1, 7→1 / s5:1→2, 4→1, 7→1, s1:1→1 / s2:7→1 / s3:5→1 / s4:1→1, 7→1 / s5:1→2, 5→1, 7→1, s1:1→1 / s2:7→1 / s3:5→1 / s4:1→1, 7→1 / s5:1→2, 5→1, 7→1, s1:1→1 / s2:7→1 / s3:5→1 / s4:7→1 / s5:1→1, 5→1, 7→1, s1:1→1 / s2:7→1 / s3:5→1 / s4:7→1 / s5:1→1, 7→1, s1:1→1 / s2:7→1 / s3:5→1 / s5:1→1, 5→1, s1:1→1 / s2:7→1 / s3:5→1 / s5:1→1, 5→1, 7→1, s1:1→1 / s2:7→1 / s3:5→1 / s5:1→1, 5→1, 7→2, s1:1→1 / s2:7→1 / s3:5→1 / s5:1→1, 5→1, 7→3, s1:1→1 / s2:7→1 / s3:5→1 / s5:1→1, 7→1, s1:1→1 / s2:7→1 / s3:5→1 / s5:1→1, 7→2, s1:1→1 / s2:7→1 / s3:5→1 / s5:1→1, 7→3, s1:1→1 / s2:7→1 / s3:5→1 / s5:1→2, 5→1, 7→1, s1:1→1 / s2:7→1 / s3:5→1 / s5:1→2, 5→1, 7→2, s1:1→1 / s2:7→1 / s3:5→1 / s5:1→2, 7→2, s1:1→1 / s2:7→1 / s3:5→1 / s5:1→2, 7→3, s1:1→1 / s2:7→1 / s3:5→1 / s5:1→3, 5→1, 7→1, s1:7→1 / s2:1→1 / s3:1→1, 5→1 / s4:1→1, 5→1 / s5:1→1, s1:7→1 / s2:1→1 / s3:1→1, 5→1 / s4:1→1, 5→1 / s5:1→1, s1:7→1 / s2:1→1 / s3:1→1, 5→1 / s4:1→1, 5→1 / s5:1→1, 5→1, s1:7→1 / s2:1→1 / s3:1→1, 5→1 / s4:1→1 / s5:1→1, s1:7→1 / s2:1→1 / s3:1→1, 5→1 / s4:5→1, s1:7→1 / s2:1→1 / s3:1→1, 5→1 / s4:5→1, s1:7→1 / s2:1→1 / s3:1→1, 5→1 / s4:5→1 / s5:1→1, 4→1, 5→1, s1:7→1 / s2:1→1 / s3:1→1, 5→1 / s4:5→1 / s5:1→1, 5→1, s1:7→1 / s2:1→1 / s3:1→1, 5→1 / s4:5→1 / s5:1→1, 5→1, s1:7→1 / s2:1→1 / s3:1→1, 5→1 / s4:5→1 / s5:1→2, 4→1, 5→1, s1:7→1 / s2:1→1 / s3:1→1, 5→1 / s4:5→1 / s5:1→2, 5→1, s1:7→1 / s2:1→1 / s3:1→1, 5→1 / s4:5→1 / s5:4→1, s1:7→1 / s2:1→1 / s3:1→1, 5→1 / s4:5→1 / s5:5→1, s1:7→1 / s2:1→1 / s3:1→1, 5→1 / s4:5→1 / s5:5→1, s1:7→1 / s2:1→1 / s3:1→1, 5→1 / s5:1→1, s1:7→1 / s2:1→1 / s3:1→1, 5→1 / s5:1→1, 5→1, s1:7→1 / s2:1→1 / s3:1→1, 5→1 / s5:1→1, 5→1, s1:7→1 / s2:1→1 / s3:1→1, 5→1 / s5:1→1, 5→2, s1:7→1 / s2:1→1 / s3:1→1, 5→1 / s5:1→1, 5→3, s1:7→1 / s2:1→1 / s3:1→1, 5→1 / s5:1→2, 5→1, s1:7→1 / s2:1→1 / s3:1→1, 5→1 / s5:1→2, 5→1, s1:7→1 / s2:1→1 / s3:1→1, 5→1 / s5:1→2, 5→2, s1:7→1 / s2:1→1 / s3:1→1, 5→1 / s5:1→2, 5→3, s1:7→1 / s2:1→1 / s3:1→1, 5→1 / s5:1→3, 5→2, s1:7→1 / s2:1→1 / s3:1→2, 5→1 / s5:1→1, 5→1, s1:7→1 / s2:5→1 / s3:1→1 / s4:1→1, 5→1 / s5:1→1, 4→1, s1:7→1 / s2:5→1 / s3:1→1 / s4:1→1, 5→1 / s5:1→1, 5→1, s1:7→1 / s2:5→1 / s3:1→1 / s4:1→1, 5→1 / s5:1→1, 5→1, s1:7→1 / s2:5→1 / s3:1→1 / s4:1→1, 5→1 / s5:1→2, 4→1, 5→1, s1:7→1 / s2:5→1 / s3:1→1 / s4:1→1, 5→1 / s5:1→2, 5→1, s1:7→1 / s2:5→1 / s3:1→1 / s4:1→1, 5→1 / s5:1→3, 4→1, 5→1, s1:7→1 / s2:5→1 / s3:1→1 / s5:1→1, 5→1, s1:7→1 / s2:5→1 / s3:1→1 / s5:1→1, 5→1, s1:7→1 / s2:5→1 / s3:1→1 / s5:1→1, 5→2, s1:7→1 / s2:5→1 / s3:1→1 / s5:1→2, 5→1, s1:7→1 / s2:5→1 / s3:1→1 / s5:1→2, 5→2, s1:7→1 / s2:5→1 / s3:1→1 / s5:1→2, 5→3}"	"{s4:3→1 / s5:9→1, s4:3→1 / s5:9→1, s4:10→1 / s5:3→1, s4:3→1 / s5:9→1, s4:3→1 / s5:9→1, s4:3→1 / s5:9→1, s4:3→1 / s5:9→1, s4:3→1 / s5:9→1, s4:3→1 / s5:9→1, s4:3→1 / s5:9→1, s4:10→1 / s5:10→1, s4:10→1 / s5:10→1, s4:10→1 / s5:3→1, s4:10→1 / s5:3→1, s4:10→1 / s5:10→1, s4:10→1 / s5:3→1, s4:10→1 / s5:10→1, s4:10→1 / s5:3→1, s4:3→1 / s5:10→1, s4:3→1 / s5:10→1, s4:3→1 / s5:10→1, s4:3→1 / s5:10→1, s4:3→1 / s5:10→1, s4:3→1 / s5:10→1, s4:3→1 / s5:10→1, s4:3→1 / s5:10→1, s4:3→1 / s5:10→1, s4:3→1 / s5:10→1, s4:3→1 / s5:10→1, s4:3→1 / s5:10→1, s4:3→1 / s5:10→1, s4:3→1 / s5:10→1, s4:3→1 / s5:10→1, s4:10→1 / s5:3→1, s4:9→1 / s5:3→1, s4:9→1 / s5:3→1, s4:10→1 / s5:3→1, s4:10→1 / s5:3→1, s4:9→1 / s5:3→1, s4:9→1 / s5:9→1, s4:9→1 / s5:3→1, s4:9→1 / s5:9→1, s4:9→1 / s5:9→1, s4:9→1 / s5:3→1, s4:9→1 / s5:9→1, s4:9→1 / s5:3→1, s4:9→1 / s5:9→1, s4:3→1 / s5:10→1, s4:3→1 / s5:10→1, s4:3→1 / s5:9→1, s4:3→1 / s5:9→1, s4:3→1 / s5:9→1, s4:3→1 / s5:10→1, s4:3→1 / s5:9→1, s4:3→1 / s5:9→1, s4:3→1 / s5:9→1, s4:3→1 / s5:9→1, s4:3→1 / s5:9→1, s4:10→1 / s5:10→1, s4:10→1 / s5:10→1, s4:10→1 / s5:3→1, s4:10→1 / s5:10→1, s4:10→1 / s5:3→1, s4:10→1 / s5:10→1, s4:3→1 / s5:10→1, s4:3→1 / s5:9→1, s4:3→1 / s5:10→1, s4:3→1 / s5:9→1, s4:3→1 / s5:10→1, s4:3→1 / s5:10→1}"
7	34	"so(8)+g2+su(2)"	"2 so(8)+su(3)+g2+su(2)+so(7)+2 su(2)"	14	119	2	2	1	0	0	0	0	0	"{s1:1→1 / s2:7→1 / s3:1→1, 5→1 / s5:1→1, s1:1→1 / s2:7→1 / s3:5→1 / s4:7→1 / s5:4→1, 7→1, s1:1→1 / s2:7→1 / s3:5→1 / s4:7→1 / s5:5→1, 7→1, s1:1→1 / s2:7→1 / s3:5→1 / s4:7→1 / s5:7→1, s1:1→1 / s2:7→1 / s3:5→1 / s5:1→3, 7→2, s1:7→1 / s2:1→1 / s3:1→1 / s4:1→1, 5→1 / s5:1→1, 5→1, s1:7→1 / s2:1→1 / s3:1→1 / s5:1→1, 5→1, s1:7→1 / s2:1→1 / s3:1→1 / s5:1→1, 5→2, s1:7→1 / s2:1→1 / s3:1→1 / s5:1→2, 5→2, s1:7→1 / s2:1→1 / s3:1→1 / s5:1→2, 5→3, s1:7→1 / s2:1→1 / s3:1→1 / s5:1→3, 5→2, s1:7→1 / s2:5→1 / s3:1→1 / s4:1→1, 5→1 / s5:1→1, 4→1, 5→1, s1:7→1 / s2:5→1 / s3:1→1 / s4:5→1, s1:7→1 / s2:5→1 / s3:1→1 / s4:5→1 / s5:4→1, s1:7→1 / s2:5→1 / s3:1→1 / s4:5→1 / s5:4→1, 5→1}"	"{s4:3→1 / s5:9→1, s4:10→1 / s5:10→1, s4:10→1 / s5:3→1, s4:10→1 / s5:3→1, s4:3→1 / s5:10→1, s4:10→1 / s5:3→1, s4:3→1 / s5:10→1, s4:3→1 / s5:10→1, s4:3→1 / s5:10→1, s4:3→1 / s5:10→1, s4:3→1 / s5:10→1, s4:10→1 / s5:10→1, s4:10→1 / s5:3→1, s4:10→1 / s5:10→1, s4:10→1 / s5:10→1}"
7	34	"so(8)+g2+su(2)"	"2 so(8)+su(3)+g2+su(2)+so(7)+2 su(2)"	15	119	2	2	1	0	0	0	0	0	"{s1:7→1 / s2:1→1 / s3:1→1 / s4:1→1, 5→1 / s5:1→1, s1:7→1 / s2:5→1 / s3:1→1 / s4:5→1 / s5:1→1, 4→1, 5→1, s1:7→1 / s2:5→1 / s3:1→1 / s4:5→1 / s5:5→1, s1:7→1 / s2:5→1 / s3:1→1 / s4:5→1 / s5:5→1, s1:7→1 / s2:5→1 / s3:1→1 / s5:1→1, 5→3}"	"{s4:10→1 / s5:3→1, s4:10→1 / s5:10→1, s4:10→1 / s5:10→1, s4:10→1 / s5:3→1, s4:3→1 / s5:10→1}"
7	34	"so(8)+g2+su(2)"	"2 so(8)+su(3)+g2+su(2)+so(7)+2 su(2)"	16	119	2	2	1	0	0	0	0	0	"{s1:1→1 / s2:7→1 / s3:1→1 / s5:1→1, 5→1, s1:1→1 / s2:7→1 / s3:5→1 / s4:1→2, 7→1 / s5:1→2, 7→1, s1:1→1 / s2:7→1 / s3:5→1 / s4:7→1 / s5:7→1, s1:7→1 / s2:1→1 / s3:1→1 / s4:1→1, 5→2 / s5:1→1, 5→1, s1:7→1 / s2:5→1 / s3:1→1 / s4:5→1 / s5:1→1, 5→1}"	"{s4:3→1 / s5:9→1, s4:10→1 / s5:10→1, s4:10→1 / s5:10→1, s4:10→1 / s5:3→1, s4:10→1 / s5:3→1}"
7	34	"so(8)+g2+su(2)"	"2 so(8)+su(3)+g2+su(2)+so(7)+2 su(2)"	18	119	2	2	1	0	0	0	0	0	"{s1:1→1 / s2:7→1 / s3:5→1 / s4:7→1 / s5:4→1, s1:1→1 / s2:7→1 / s3:5→1 / s4:7→1 / s5:5→1}"	"{s4:10→1 / s5:10→1, s4:10→1 / s5:3→1}"
7	34	"so(8)+g2+su(2)"	"2 so(8)+su(3)+g2+su(2)+so(7)+2 su(2)"	19	119	2	2	1	0	0	0	0	0	"s1:7→1 / s2:1→1 / s3:1→1 / s5:1→2, 5→1"	"s4:3→1 / s5:10→1"
7	34	"so(8)+g2+su(2)"	"2 so(8)+su(3)+g2+su(2)+so(7)+2 su(2)"	20	119	2	2	1	0	0	0	0	0	"s1:1→1 / s2:7→1 / s3:1→1 / s5:1→1, 7→1"	"s4:3→1 / s5:9→1"
7	34	"so(8)+g2+su(2)"	"2 so(8)+su(3)+g2+su(2)+so(7)+2 su(2)"	21	119	2	2	1	0	0	0	0	0	"s1:1→1 / s2:7→1 / s3:5→1 / s4:1→2, 7→1 / s5:1→2, 7→1"	"s4:10→1 / s5:3→1"
7	34	"so(8)+g2+su(2)"	"2 so(8)+su(3)+g2+su(2)+so(7)+2 su(2)"	25	119	2	2	1	0	0	0	0	0	"{s1:1→1 / s2:7→1 / s3:5→1 / s4:1→2, 7→1 / s5:1→2, 4→1, s1:1→1 / s2:7→1 / s3:5→1 / s4:1→2, 7→1 / s5:1→2, 5→1}"	"{s4:10→1 / s5:10→1, s4:10→1 / s5:3→1}"
7	34	"so(8)+g2+su(2)"	"2 so(8)+su(3)+g2+su(2)+so(7)+2 su(2)"	26	119	2	2	1	0	0	0	0	0	"s1:7→1 / s2:1→1 / s3:1→1 / s4:1→1 / s5:1→1"	"s4:10→1 / s5:3→1"
7	34	"so(8)+g2+su(2)"	"2 so(8)+su(3)+g2+su(2)+so(7)+2 su(2)"	38	119	2	2	1	0	0	0	0	0	"s1:1→1 / s2:7→1 / s3:1→1 / s5:1→1"	"s4:3→1 / s5:9→1"
7	34	"so(8)+g2+su(2)"	"2 so(8)+su(3)+g2+su(2)+so(7)+2 su(2)"	39	119	2	2	1	0	0	0	0	0	"s1:1→1 / s2:7→1 / s3:5→1 / s5:1→2, 7→1"	"s4:3→1 / s5:10→1"
7	34	"so(8)+g2+su(2)"	"2 so(8)+su(3)+g2+su(2)+so(7)+2 su(2)"	46	119	2	2	1	0	0	0	0	0	"s1:1→1 / s2:7→1 / s3:1→1, 5→1 / s5:1→1, 5→2, 7→1"	"s4:3→1 / s5:9→1"
7	34	"so(8)+g2+su(2)"	"2 so(8)+su(3)+g2+su(2)+so(7)+2 su(2)"	62	119	2	2	1	0	0	0	0	0	"s1:1→1 / s2:7→1 / s3:5→1 / s4:7→1"	"s4:10→1 / s5:3→1"
7	34	"so(8)+g2+su(2)"	"3 so(8)+2 su(3)+so(7)+2 su(2)"	14	92	1	2	2	0	0	0	0	0	"s1:7→1 / s2:1→1 / s3:5→1 / s4:1→1, 5→1"	"s5:3→1"
7	34	"so(8)+g2+su(2)"	"3 so(8)+2 su(3)+so(7)+2 su(2)"	15	92	1	2	2	0	0	0	0	0	"s1:7→1 / s2:1→1 / s3:5→1 / s4:5→1"	"s5:3→1"
7	34	"so(8)+g2+su(2)"	"3 so(8)+g2+su(2)+so(7)+2 su(2)"	13	99	2	1	2	0	0	0	0	0	"{s1:7→1 / s2:1→1 / s3:1→1, 5→1 / s4:5→1, s1:7→1 / s2:1→1 / s3:5→1 / s4:1→1 / s5:1→1, 4→1, s1:7→1 / s2:1→1 / s3:5→1 / s4:1→1 / s5:1→1, 5→1, s1:7→1 / s2:1→1 / s3:5→1 / s5:1→1, s1:7→1 / s2:1→1 / s3:5→1 / s5:1→1, 5→1, s1:7→1 / s2:1→1 / s3:5→1 / s5:1→2, 5→1}"	"{s4:10→1 / s5:3→1, s4:10→1 / s5:10→1, s4:10→1 / s5:3→1, s4:3→1 / s5:10→1, s4:3→1 / s5:10→1, s4:3→1 / s5:10→1}"
7	34	"so(8)+g2+su(2)"	"3 so(8)+g2+su(2)+so(7)+2 su(2)"	14	99	2	1	2	0	0	0	0	0	"{s1:7→1 / s2:1→1 / s3:5→1 / s4:1→1 / s5:1→2, 4→1, s1:7→1 / s2:1→1 / s3:5→1 / s4:1→1 / s5:1→2, 5→1}"	"{s4:10→1 / s5:10→1, s4:10→1 / s5:3→1}"
7	34	"so(8)+g2+su(2)"	"3 so(8)+g2+su(2)+so(7)+2 su(2)"	17	99	2	1	2	0	0	0	0	0	"s1:7→1 / s2:1→1 / s3:1→1 / s4:5→1"	"s4:10→1 / s5:3→1"
7	34	"so(8)+g2+su(2)"	"3 so(8)+su(3)+2(g2+su(2))"	14	93	1	2	2	0	0	0	0	0	"s1:7→1 / s2:5→1 / s3:1→1 / s4:1→1 / s5:1→1, 4→1"	"s5:11→1"
7	34	"so(8)+g2+su(2)"	"4 so(8)+su(3)+so(7)+2 su(2)"	14	72	1	1	3	0	0	0	0	0	"s1:7→1 / s2:5→1 / s3:1→1 / s4:1→1"	"s5:3→1"
7	34	"so(8)+g2+su(2)"	"e6+2 so(8)+2 su(3)+so(7)+2 su(2)"	15	42	1	2	1	0	1	0	0	0	"s1:1→1 / s2:7→1 / s3:5→1 / s4:5→1"	"s5:3→1"
7	34	"so(8)+g2+su(2)"	"e6+2 so(8)+g2+su(2)+so(7)+2 su(2)"	15	49	2	1	1	0	1	0	0	0	"{s1:1→1 / s2:7→1 / s3:5→1 / s5:1→1, s1:1→1 / s2:7→1 / s3:5→1 / s5:1→1, 5→1}"	"{s4:3→1 / s5:10→1, s4:3→1 / s5:10→1}"
7	34	"so(8)+g2+su(2)"	"e6+2 so(8)+g2+su(2)+so(7)+2 su(2)"	18	49	2	1	1	0	1	0	0	0	"s1:1→1 / s2:7→1 / s3:5→1 / s4:5→1"	"s4:10→1 / s5:3→1"
7	34	"so(8)+g2+su(2)"	"e6+so(8)+2(so(7)+2 su(2))"	14	75	3	1	0	0	1	0	0	0	"{s1:1→1 / s2:7→1 / s3:5→1 / s4:5→1, s1:1→1 / s2:7→1 / s3:5→1 / s4:5→1 / s5:1→1, 5→1, s1:1→1 / s2:7→1 / s3:5→1 / s4:5→1 / s5:1→1, 5→2, s1:1→1 / s2:7→1 / s3:5→1 / s4:5→1 / s5:1→1, 5→3, s1:1→1 / s2:7→1 / s3:5→1 / s4:5→1 / s5:1→1, 5→4, s1:1→1 / s2:7→1 / s3:5→1 / s4:5→1 / s5:1→1, 5→4, s1:1→1 / s2:7→1 / s3:5→1 / s4:5→1 / s5:5→1, s1:1→1 / s2:7→1 / s3:5→1 / s4:5→1 / s5:5→2, s1:1→1 / s2:7→1 / s3:5→1 / s4:5→1 / s5:5→3, s1:1→1 / s2:7→1 / s3:5→1 / s4:5→1 / s5:5→4, s1:1→1 / s2:7→1 / s3:5→1 / s4:5→2 / s5:1→1, 5→2, s1:1→1 / s2:7→1 / s3:5→1 / s5:1→1, 5→1, s1:1→1 / s2:7→1 / s3:5→1 / s5:1→1, 5→2, s1:1→1 / s2:7→1 / s3:5→1 / s5:1→1, 5→3, s1:1→1 / s2:7→1 / s3:5→1 / s5:1→1, 5→4}"	"{s3:9→1 / s4:9→1 / s5:3→1, s3:9→1 / s4:3→1 / s5:9→1, s3:9→1 / s4:3→1 / s5:9→1, s3:9→1 / s4:3→1 / s5:9→1, s3:9→1 / s4:3→1 / s5:9→1, s3:9→1 / s4:9→1 / s5:3→1, s3:9→1 / s4:9→1 / s5:3→1, s3:9→1 / s4:9→1 / s5:3→1, s3:9→1 / s4:9→1 / s5:3→1, s3:9→1 / s4:9→1 / s5:3→1, s3:9→1 / s4:3→1 / s5:9→1, s3:9→1 / s4:3→1 / s5:9→1, s3:9→1 / s4:3→1 / s5:9→1, s3:9→1 / s4:3→1 / s5:9→1, s3:9→1 / s4:3→1 / s5:9→1}"
7	34	"so(8)+g2+su(2)"	"e6+so(8)+2(so(7)+2 su(2))"	15	75	3	1	0	0	1	0	0	0	"{s1:1→1 / s2:7→1 / s3:5→1 / s4:5→2 / s5:5→1, s1:1→1 / s2:7→1 / s3:5→1 / s4:5→2 / s5:5→2}"	"{s3:9→1 / s4:9→1 / s5:3→1, s3:9→1 / s4:9→1 / s5:3→1}"
7	34	"so(8)+g2+su(2)"	"e6+so(8)+2 su(3)+2(g2+su(2))"	15	63	1	3	0	0	1	0	0	0	"{s1:1→1 / s2:7→1 / s3:7→1 / s4:5→1 / s5:4→1, s1:1→1 / s2:7→1 / s3:7→1 / s4:5→1 / s5:4→1, 5→1, s1:1→1 / s2:7→1 / s3:7→1 / s4:5→1 / s5:5→1}"	"{s5:11→1, s5:11→1, s5:11→1}"
7	34	"so(8)+g2+su(2)"	"e6+so(8)+2 su(3)+2(g2+su(2))"	16	63	1	3	0	0	1	0	0	0	"s1:1→1 / s2:7→1 / s3:7→1 / s4:5→1 / s5:1→1, 4→1, 5→1"	"s5:11→1"
7	34	"so(8)+g2+su(2)"	"e6+so(8)+3(g2+su(2))"	14	70	2	2	0	0	1	0	0	0	"{s1:1→1 / s2:7→1 / s3:5→1 / s4:7→1 / s5:4→1, s1:1→1 / s2:7→1 / s3:5→1 / s4:7→1 / s5:4→1, 5→1}"	"{s4:10→1 / s5:9→1, s4:10→1 / s5:9→1}"
7	34	"so(8)+g2+su(2)"	"e6+so(8)+3(g2+su(2))"	15	70	2	2	0	0	1	0	0	0	"s1:1→1 / s2:7→1 / s3:5→1 / s4:7→1 / s5:5→1"	"s4:10→1 / s5:9→1"
7	34	"so(8)+g2+su(2)"	"e6+so(8)+3 su(3)+so(7)+2 su(2)"	15	62	1	3	0	0	1	0	0	0	"{s1:1→1 / s2:7→1 / s3:5→1 / s4:5→1, 7→1, s1:1→1 / s2:7→1 / s3:7→1 / s4:5→1, s1:1→1 / s2:7→1 / s3:7→1 / s4:5→1 / s5:5→1, s1:1→1 / s2:7→1 / s3:7→1 / s4:5→1 / s5:5→2}"	"{s5:3→1, s5:3→1, s5:3→1, s5:3→1}"
7	34	"so(8)+g2+su(2)"	"e6+so(8)+4 su(3)+g2+su(2)"	15	56	0	4	0	0	1	0	0	0	"s1:1→1 / s2:7→1 / s3:7→1 / s4:5→1 / s5:5→1"	""
7	34	"so(8)+g2+su(2)"	"e6+so(8)+su(3)+g2+su(2)+so(7)+2 su(2)"	14	69	2	2	0	0	1	0	0	0	"{s1:1→1 / s2:7→1 / s3:5→1 / s4:7→1, s1:1→1 / s2:7→1 / s3:5→1 / s4:7→1 / s5:1→1, 5→1, 7→1, s1:1→1 / s2:7→1 / s3:5→1 / s4:7→1 / s5:1→1, 7→1, s1:1→1 / s2:7→1 / s3:5→1 / s4:7→1 / s5:1→1, 7→1, s1:1→1 / s2:7→1 / s3:5→1 / s4:7→1 / s5:4→1, s1:1→1 / s2:7→1 / s3:5→1 / s4:7→1 / s5:5→1, s1:1→1 / s2:7→1 / s3:5→1 / s5:1→1, 5→1, 7→1, s1:1→1 / s2:7→1 / s3:5→1 / s5:1→1, 5→1, 7→2, s1:1→1 / s2:7→1 / s3:5→1 / s5:1→1, 5→1, 7→3, s1:1→1 / s2:7→1 / s3:5→1 / s5:1→1, 7→1, s1:1→1 / s2:7→1 / s3:5→1 / s5:1→1, 7→2, s1:1→1 / s2:7→1 / s3:5→1 / s5:1→1, 7→3}"	"{s4:10→1 / s5:3→1, s4:3→1 / s5:10→1, s4:10→1 / s5:10→1, s4:3→1 / s5:10→1, s4:10→1 / s5:10→1, s4:10→1 / s5:3→1, s4:3→1 / s5:10→1, s4:3→1 / s5:10→1, s4:3→1 / s5:10→1, s4:3→1 / s5:10→1, s4:3→1 / s5:10→1, s4:3→1 / s5:10→1}"
7	34	"so(8)+g2+su(2)"	"e6+so(8)+su(3)+g2+su(2)+so(7)+2 su(2)"	15	69	2	2	0	0	1	0	0	0	"{s1:1→1 / s2:7→1 / s3:5→1 / s4:5→1, 7→1, s1:1→1 / s2:7→1 / s3:5→1 / s4:7→1 / s5:4→1, 7→1, s1:1→1 / s2:7→1 / s3:5→1 / s4:7→1 / s5:5→1, 7→1, s1:1→1 / s2:7→1 / s3:5→1 / s4:7→1 / s5:7→1, s1:1→1 / s2:7→1 / s3:5→1 / s4:7→1 / s5:7→1, s1:1→1 / s2:7→1 / s3:5→1 / s5:1→1, 5→1, s1:1→1 / s2:7→1 / s3:5→1 / s5:1→1, 7→4}"	"{s4:10→1 / s5:3→1, s4:10→1 / s5:10→1, s4:10→1 / s5:3→1, s4:10→1 / s5:10→1, s4:10→1 / s5:3→1, s4:3→1 / s5:10→1, s4:3→1 / s5:10→1}"
7	34	"so(8)+g2+su(2)"	"e6+so(8)+su(3)+g2+su(2)+so(7)+2 su(2)"	26	69	2	2	0	0	1	0	0	0	"s1:1→1 / s2:7→1 / s3:5→1 / s5:1→1"	"s4:3→1 / s5:10→1"
7	34	"so(8)+g2+su(2)"	"e6+so(8)+su(3)+g2+su(2)+so(7)+2 su(2)"	40	69	2	2	0	0	1	0	0	0	"s1:1→1 / s2:7→1 / s3:5→1 / s4:5→1"	"s4:10→1 / s5:3→1"
7	34	"so(8)+g2+su(2)"	"e7'+2 so(8)+g2+su(2)+so(7)+2 su(2)"	16	22	2	1	1	0	0	1	0	0	"s1:1→1 / s2:7→1 / s3:5→1 / s4:5→1"	"s4:10→1 / s5:3→1"
7	34	"so(8)+g2+su(2)"	"e7+2 so(8)+g2+su(2)+so(7)+2 su(2)"	17	-6	2	1	1	0	0	0	1	0	"s1:1→1 / s2:7→1 / s3:5→1 / s4:5→1"	"s4:10→1 / s5:3→1"
7	34	"so(8)+g2+su(2)"	"e7'+so(8)+2(so(7)+2 su(2))"	15	48	3	1	0	0	0	1	0	0	"{s1:1→1 / s2:7→1 / s3:5→1 / s4:5→1, s1:1→1 / s2:7→1 / s3:5→1 / s4:5→1 / s5:5→1, s1:1→1 / s2:7→1 / s3:5→1 / s4:5→1 / s5:5→2, s1:1→1 / s2:7→1 / s3:5→1 / s4:5→1 / s5:5→3, s1:1→1 / s2:7→1 / s3:5→1 / s4:5→1 / s5:5→4, s1:1→1 / s2:7→1 / s3:5→1 / s4:5→2 / s5:5→1, s1:1→1 / s2:7→1 / s3:5→1 / s4:5→2 / s5:5→2}"	"{s3:9→1 / s4:9→1 / s5:3→1, s3:9→1 / s4:9→1 / s5:3→1, s3:9→1 / s4:9→1 / s5:3→1, s3:9→1 / s4:9→1 / s5:3→1, s3:9→1 / s4:9→1 / s5:3→1, s3:9→1 / s4:9→1 / s5:3→1, s3:9→1 / s4:9→1 / s5:3→1}"
7	34	"so(8)+g2+su(2)"	"e7'+so(8)+2(so(7)+2 su(2))"	16	48	3	1	0	0	0	1	0	0	"s1:1→1 / s2:7→1 / s3:5→2 / s4:5→2 / s5:5→1"	"s3:9→1 / s4:9→1 / s5:3→1"
7	34	"so(8)+g2+su(2)"	"e7'+so(8)+2(so(7)+2 su(2))"	36	48	3	1	0	0	0	1	0	0	"s1:1→1 / s2:7→1 / s3:5→1 / s4:5→3 / s5:5→1"	"s3:9→1 / s4:9→1 / s5:3→1"
7	34	"so(8)+g2+su(2)"	"e7+so(8)+2(so(7)+2 su(2))"	16	20	3	1	0	0	0	0	1	0	"{s1:1→1 / s2:7→1 / s3:5→1 / s4:5→1, s1:1→1 / s2:7→1 / s3:5→1 / s4:5→1 / s5:5→1, s1:1→1 / s2:7→1 / s3:5→1 / s4:5→1 / s5:5→2, s1:1→1 / s2:7→1 / s3:5→1 / s4:5→1 / s5:5→3, s1:1→1 / s2:7→1 / s3:5→1 / s4:5→1 / s5:5→4, s1:1→1 / s2:7→1 / s3:5→1 / s4:5→2 / s5:5→1, s1:1→1 / s2:7→1 / s3:5→1 / s4:5→2 / s5:5→2, s1:1→1 / s2:7→1 / s3:5→2 / s4:5→2 / s5:5→1}"	"{s3:9→1 / s4:9→1 / s5:3→1, s3:9→1 / s4:9→1 / s5:3→1, s3:9→1 / s4:9→1 / s5:3→1, s3:9→1 / s4:9→1 / s5:3→1, s3:9→1 / s4:9→1 / s5:3→1, s3:9→1 / s4:9→1 / s5:3→1, s3:9→1 / s4:9→1 / s5:3→1, s3:9→1 / s4:9→1 / s5:3→1}"
7	34	"so(8)+g2+su(2)"	"e7+so(8)+2(so(7)+2 su(2))"	17	20	3	1	0	0	0	0	1	0	"s1:1→1 / s2:7→1 / s3:5→1 / s4:5→3 / s5:5→1"	"s3:9→1 / s4:9→1 / s5:3→1"
7	34	"so(8)+g2+su(2)"	"e7'+so(8)+2 su(3)+2(g2+su(2))"	16	36	1	3	0	0	0	1	0	0	"{s1:1→1 / s2:7→1 / s3:7→1 / s4:5→1 / s5:4→1, s1:1→1 / s2:7→1 / s3:7→1 / s4:5→1 / s5:4→1, 5→1, s1:1→1 / s2:7→1 / s3:7→1 / s4:5→1 / s5:5→1}"	"{s5:11→1, s5:11→1, s5:11→1}"
7	34	"so(8)+g2+su(2)"	"e7+so(8)+2 su(3)+2(g2+su(2))"	17	8	1	3	0	0	0	0	1	0	"{s1:1→1 / s2:7→1 / s3:7→1 / s4:5→1 / s5:4→1, s1:1→1 / s2:7→1 / s3:7→1 / s4:5→1 / s5:4→1, 5→1, s1:1→1 / s2:7→1 / s3:7→1 / s4:5→1 / s5:5→1}"	"{s5:11→1, s5:11→1, s5:11→1}"
7	34	"so(8)+g2+su(2)"	"e7'+so(8)+3(g2+su(2))"	15	43	2	2	0	0	0	1	0	0	"{s1:1→1 / s2:7→1 / s3:5→1 / s4:7→1 / s5:4→1, s1:1→1 / s2:7→1 / s3:5→1 / s4:7→1 / s5:4→1, 5→1, s1:1→1 / s2:7→1 / s3:5→1 / s4:7→1 / s5:5→1}"	"{s4:10→1 / s5:9→1, s4:10→1 / s5:9→1, s4:10→1 / s5:9→1}"
7	34	"so(8)+g2+su(2)"	"e7+so(8)+3(g2+su(2))"	16	15	2	2	0	0	0	0	1	0	"{s1:1→1 / s2:7→1 / s3:5→1 / s4:7→1 / s5:4→1, s1:1→1 / s2:7→1 / s3:5→1 / s4:7→1 / s5:4→1, 5→1, s1:1→1 / s2:7→1 / s3:5→1 / s4:7→1 / s5:5→1}"	"{s4:10→1 / s5:9→1, s4:10→1 / s5:9→1, s4:10→1 / s5:9→1}"
7	34	"so(8)+g2+su(2)"	"e7'+so(8)+3 su(3)+so(7)+2 su(2)"	16	35	1	3	0	0	0	1	0	0	"{s1:1→1 / s2:7→1 / s3:7→1 / s4:5→1, s1:1→1 / s2:7→1 / s3:7→1 / s4:5→1 / s5:5→1}"	"{s5:3→1, s5:3→1}"
7	34	"so(8)+g2+su(2)"	"e7+so(8)+3 su(3)+so(7)+2 su(2)"	17	7	1	3	0	0	0	0	1	0	"{s1:1→1 / s2:7→1 / s3:7→1 / s4:5→1, s1:1→1 / s2:7→1 / s3:7→1 / s4:5→1 / s5:5→1}"	"{s5:3→1, s5:3→1}"
7	34	"so(8)+g2+su(2)"	"e7'+so(8)+4 su(3)+g2+su(2)"	16	29	0	4	0	0	0	1	0	0	"s1:1→1 / s2:7→1 / s3:7→1 / s4:5→1 / s5:5→1"	""
7	34	"so(8)+g2+su(2)"	"e7+so(8)+4 su(3)+g2+su(2)"	17	1	0	4	0	0	0	0	1	0	"s1:1→1 / s2:7→1 / s3:7→1 / s4:5→1 / s5:5→1"	""
7	34	"so(8)+g2+su(2)"	"e7'+so(8)+su(3)+g2+su(2)+so(7)+2 su(2)"	15	42	2	2	0	0	0	1	0	0	"{s1:1→1 / s2:7→1 / s3:5→1 / s4:5→1, 7→1, s1:1→1 / s2:7→1 / s3:5→1 / s4:5→1, 7→1 / s5:7→1, s1:1→1 / s2:7→1 / s3:5→1 / s4:7→1, s1:1→1 / s2:7→1 / s3:5→1 / s4:7→1 / s5:4→1, s1:1→1 / s2:7→1 / s3:5→1 / s4:7→1 / s5:4→1, 7→1, s1:1→1 / s2:7→1 / s3:5→1 / s4:7→1 / s5:5→1, s1:1→1 / s2:7→1 / s3:5→1 / s4:7→1 / s5:5→1, 7→1, s1:1→1 / s2:7→1 / s3:5→1 / s4:7→1 / s5:7→1}"	"{s4:10→1 / s5:3→1, s4:10→1 / s5:3→1, s4:10→1 / s5:3→1, s4:10→1 / s5:10→1, s4:10→1 / s5:10→1, s4:10→1 / s5:3→1, s4:10→1 / s5:3→1, s4:10→1 / s5:3→1}"
7	34	"so(8)+g2+su(2)"	"e7'+so(8)+su(3)+g2+su(2)+so(7)+2 su(2)"	16	42	2	2	0	0	0	1	0	0	"{s1:1→1 / s2:7→1 / s3:5→1 / s4:5→1, s1:1→1 / s2:7→1 / s3:5→1 / s4:5→1, 7→2, s1:1→1 / s2:7→1 / s3:5→1 / s4:7→1 / s5:7→1}"	"{s4:10→1 / s5:3→1, s4:10→1 / s5:3→1, s4:10→1 / s5:10→1}"
7	34	"so(8)+g2+su(2)"	"e7+so(8)+su(3)+g2+su(2)+so(7)+2 su(2)"	16	14	2	2	0	0	0	0	1	0	"{s1:1→1 / s2:7→1 / s3:5→1 / s4:5→1, s1:1→1 / s2:7→1 / s3:5→1 / s4:5→1, 7→1, s1:1→1 / s2:7→1 / s3:5→1 / s4:5→1, 7→1 / s5:7→1, s1:1→1 / s2:7→1 / s3:5→1 / s4:5→1, 7→2, s1:1→1 / s2:7→1 / s3:5→1 / s4:7→1, s1:1→1 / s2:7→1 / s3:5→1 / s4:7→1 / s5:4→1, s1:1→1 / s2:7→1 / s3:5→1 / s4:7→1 / s5:4→1, 7→1, s1:1→1 / s2:7→1 / s3:5→1 / s4:7→1 / s5:5→1, s1:1→1 / s2:7→1 / s3:5→1 / s4:7→1 / s5:5→1, 7→1, s1:1→1 / s2:7→1 / s3:5→1 / s4:7→1 / s5:7→1, s1:1→1 / s2:7→1 / s3:5→1 / s4:7→1 / s5:7→1}"	"{s4:10→1 / s5:3→1, s4:10→1 / s5:3→1, s4:10→1 / s5:3→1, s4:10→1 / s5:3→1, s4:10→1 / s5:3→1, s4:10→1 / s5:10→1, s4:10→1 / s5:10→1, s4:10→1 / s5:3→1, s4:10→1 / s5:3→1, s4:10→1 / s5:10→1, s4:10→1 / s5:3→1}"
7	34	"so(8)+g2+su(2)"	"e7+so(8)+su(3)+g2+su(2)+so(7)+2 su(2)"	163	14	2	2	0	0	0	0	1	0	"s1:1→1 / s2:7→1 / s3:5→1 / s4:5→1, 7→3"	"s4:10→1 / s5:3→1"
7	34	"so(8)+g2+su(2)"	"f5+2 so(8)+2 su(3)+so(7)+2 su(2)"	15	68	1	2	1	1	0	0	0	0	"s1:1→1 / s2:7→1 / s3:5→1 / s4:5→1"	"s5:3→1"
7	34	"so(8)+g2+su(2)"	"f5+2 so(8)+g2+su(2)+so(7)+2 su(2)"	14	75	2	1	1	1	0	0	0	0	"{s1:1→1 / s2:7→1 / s3:5→1 / s5:1→1, s1:1→1 / s2:7→1 / s3:5→1 / s5:1→1, 5→1, s1:1→1 / s2:7→1 / s3:5→1 / s5:1→2, 5→1}"	"{s4:3→1 / s5:10→1, s4:3→1 / s5:10→1, s4:3→1 / s5:10→1}"
7	34	"so(8)+g2+su(2)"	"f5+so(8)+2(so(7)+2 su(2))"	13	101	3	1	0	1	0	0	0	0	"{s1:1→1 / s2:7→1 / s3:5→1 / s4:5→1 / s5:1→1, 5→1, s1:1→1 / s2:7→1 / s3:5→1 / s4:5→1 / s5:1→1, 5→2, s1:1→1 / s2:7→1 / s3:5→1 / s4:5→1 / s5:1→1, 5→3, s1:1→1 / s2:7→1 / s3:5→1 / s4:5→1 / s5:1→1, 5→4, s1:1→1 / s2:7→1 / s3:5→1 / s5:1→1, 5→1, s1:1→1 / s2:7→1 / s3:5→1 / s5:1→1, 5→2, s1:1→1 / s2:7→1 / s3:5→1 / s5:1→1, 5→3, s1:1→1 / s2:7→1 / s3:5→1 / s5:1→2, 5→3}"	"{s3:9→1 / s4:3→1 / s5:9→1, s3:9→1 / s4:3→1 / s5:9→1, s3:9→1 / s4:3→1 / s5:9→1, s3:9→1 / s4:3→1 / s5:9→1, s3:9→1 / s4:3→1 / s5:9→1, s3:9→1 / s4:3→1 / s5:9→1, s3:9→1 / s4:3→1 / s5:9→1, s3:9→1 / s4:3→1 / s5:9→1}"
7	34	"so(8)+g2+su(2)"	"f5+so(8)+2(so(7)+2 su(2))"	14	101	3	1	0	1	0	0	0	0	"{s1:1→1 / s2:7→1 / s3:5→1 / s4:5→1 / s5:5→1, s1:1→1 / s2:7→1 / s3:5→1 / s4:5→1 / s5:5→2, s1:1→1 / s2:7→1 / s3:5→1 / s4:5→1 / s5:5→3, s1:1→1 / s2:7→1 / s3:5→1 / s4:5→1 / s5:5→4, s1:1→1 / s2:7→1 / s3:5→1 / s4:5→2 / s5:1→1, 5→2, s1:1→1 / s2:7→1 / s3:5→1 / s4:5→2 / s5:5→2, s1:1→1 / s2:7→1 / s3:5→1 / s5:1→1, 5→4}"	"{s3:9→1 / s4:9→1 / s5:3→1, s3:9→1 / s4:9→1 / s5:3→1, s3:9→1 / s4:9→1 / s5:3→1, s3:9→1 / s4:9→1 / s5:3→1, s3:9→1 / s4:3→1 / s5:9→1, s3:9→1 / s4:9→1 / s5:3→1, s3:9→1 / s4:3→1 / s5:9→1}"
7	34	"so(8)+g2+su(2)"	"f5+so(8)+2(so(7)+2 su(2))"	20	101	3	1	0	1	0	0	0	0	"s1:1→1 / s2:7→1 / s3:5→1 / s4:5→2 / s5:5→1"	"s3:9→1 / s4:9→1 / s5:3→1"
7	34	"so(8)+g2+su(2)"	"f5+so(8)+2 su(3)+2(g2+su(2))"	14	89	1	3	0	1	0	0	0	0	"{s1:1→1 / s2:7→1 / s3:7→1 / s4:5→1 / s5:4→1, s1:1→1 / s2:7→1 / s3:7→1 / s4:5→1 / s5:4→1, 5→1, s1:1→1 / s2:7→1 / s3:7→1 / s4:5→1 / s5:5→1}"	"{s5:11→1, s5:11→1, s5:11→1}"
7	34	"so(8)+g2+su(2)"	"f5+so(8)+2 su(3)+2(g2+su(2))"	19	89	1	3	0	1	0	0	0	0	"s1:1→1 / s2:7→1 / s3:7→1 / s4:5→1 / s5:1→1, 4→1, 5→1"	"s5:11→1"
7	34	"so(8)+g2+su(2)"	"f5+so(8)+3(g2+su(2))"	14	96	2	2	0	1	0	0	0	0	"{s1:1→1 / s2:7→1 / s3:5→1 / s4:7→1 / s5:4→1, s1:1→1 / s2:7→1 / s3:5→1 / s4:7→1 / s5:4→1, 5→1, s1:1→1 / s2:7→1 / s3:5→1 / s4:7→1 / s5:5→1}"	"{s4:10→1 / s5:9→1, s4:10→1 / s5:9→1, s4:10→1 / s5:9→1}"
7	34	"so(8)+g2+su(2)"	"f5+so(8)+3 su(3)+so(7)+2 su(2)"	14	88	1	3	0	1	0	0	0	0	"{s1:1→1 / s2:7→1 / s3:7→1 / s4:5→1, s1:1→1 / s2:7→1 / s3:7→1 / s4:5→1 / s5:5→1, s1:1→1 / s2:7→1 / s3:7→1 / s4:5→1 / s5:5→2}"	"{s5:3→1, s5:3→1, s5:3→1}"
7	34	"so(8)+g2+su(2)"	"f5+so(8)+3 su(3)+so(7)+2 su(2)"	15	88	1	3	0	1	0	0	0	0	"s1:1→1 / s2:7→1 / s3:5→1 / s4:5→1, 7→1"	"s5:3→1"
7	34	"so(8)+g2+su(2)"	"f5+so(8)+4 su(3)+g2+su(2)"	15	82	0	4	0	1	0	0	0	0	"s1:1→1 / s2:7→1 / s3:7→1 / s4:5→1 / s5:5→1"	""
7	34	"so(8)+g2+su(2)"	"f5+so(8)+su(3)+g2+su(2)+so(7)+2 su(2)"	14	95	2	2	0	1	0	0	0	0	"{s1:1→1 / s2:7→1 / s3:5→1 / s4:7→1, s1:1→1 / s2:7→1 / s3:5→1 / s4:7→1 / s5:1→1, 5→1, 7→1, s1:1→1 / s2:7→1 / s3:5→1 / s4:7→1 / s5:1→1, 7→1, s1:1→1 / s2:7→1 / s3:5→1 / s4:7→1 / s5:4→1, s1:1→1 / s2:7→1 / s3:5→1 / s4:7→1 / s5:4→1, 7→1, s1:1→1 / s2:7→1 / s3:5→1 / s4:7→1 / s5:5→1, s1:1→1 / s2:7→1 / s3:5→1 / s4:7→1 / s5:5→1, 7→1, s1:1→1 / s2:7→1 / s3:5→1 / s4:7→1 / s5:7→1, s1:1→1 / s2:7→1 / s3:5→1 / s4:7→1 / s5:7→1, s1:1→1 / s2:7→1 / s3:5→1 / s5:1→1, 5→1, s1:1→1 / s2:7→1 / s3:5→1 / s5:1→1, 5→1, 7→1, s1:1→1 / s2:7→1 / s3:5→1 / s5:1→1, 5→1, 7→2, s1:1→1 / s2:7→1 / s3:5→1 / s5:1→1, 5→1, 7→3, s1:1→1 / s2:7→1 / s3:5→1 / s5:1→1, 7→1, s1:1→1 / s2:7→1 / s3:5→1 / s5:1→1, 7→2, s1:1→1 / s2:7→1 / s3:5→1 / s5:1→1, 7→3, s1:1→1 / s2:7→1 / s3:5→1 / s5:1→1, 7→4, s1:1→1 / s2:7→1 / s3:5→1 / s5:1→2, 5→1, 7→1, s1:1→1 / s2:7→1 / s3:5→1 / s5:1→2, 5→1, 7→2, s1:1→1 / s2:7→1 / s3:5→1 / s5:1→2, 7→2, s1:1→1 / s2:7→1 / s3:5→1 / s5:1→2, 7→3, s1:1→1 / s2:7→1 / s3:5→1 / s5:1→3, 5→1, 7→1}"	"{s4:10→1 / s5:3→1, s4:3→1 / s5:10→1, s4:3→1 / s5:10→1, s4:10→1 / s5:10→1, s4:10→1 / s5:10→1, s4:10→1 / s5:3→1, s4:10→1 / s5:3→1, s4:10→1 / s5:10→1, s4:10→1 / s5:3→1, s4:3→1 / s5:10→1, s4:3→1 / s5:10→1, s4:3→1 / s5:10→1, s4:3→1 / s5:10→1, s4:3→1 / s5:10→1, s4:3→1 / s5:10→1, s4:3→1 / s5:10→1, s4:3→1 / s5:10→1, s4:3→1 / s5:10→1, s4:3→1 / s5:10→1, s4:3→1 / s5:10→1, s4:3→1 / s5:10→1, s4:3→1 / s5:10→1}"
7	34	"so(8)+g2+su(2)"	"f5+so(8)+su(3)+g2+su(2)+so(7)+2 su(2)"	15	95	2	2	0	1	0	0	0	0	"s1:1→1 / s2:7→1 / s3:5→1 / s5:1→3, 7→2"	"s4:3→1 / s5:10→1"
7	34	"so(8)+g2+su(2)"	"f5+so(8)+su(3)+g2+su(2)+so(7)+2 su(2)"	16	95	2	2	0	1	0	0	0	0	"s1:1→1 / s2:7→1 / s3:5→1 / s5:1→2, 7→1"	"s4:3→1 / s5:10→1"
7	34	"so(8)+g2+su(2)"	"f5+so(8)+su(3)+g2+su(2)+so(7)+2 su(2)"	34	95	2	2	0	1	0	0	0	0	"s1:1→1 / s2:7→1 / s3:5→1 / s4:7→1 / s5:1→1, 7→1"	"s4:10→1 / s5:10→1"
7	34	"so(8)+g2+su(2)"	"so(8)+2(g2+su(2))+so(7)+2 su(2)"	12	146	3	2	0	0	0	0	0	0	"{s1:1→1, 7→1 / s2:1→1, 5→1 / s3:7→1 / s4:5→1, s1:1→1, 7→1 / s2:1→1, 5→1 / s3:7→1 / s5:1→1, 5→1, s1:1→1 / s2:1→1, 5→1, 7→1 / s3:7→1 / s4:5→1, s1:1→1 / s2:1→1, 5→1, 7→1 / s3:7→1 / s4:5→1 / s5:4→1, s1:1→1 / s2:1→1, 5→1, 7→1 / s3:7→1 / s5:1→1, 5→1, s1:1→1 / s2:1→1, 7→1 / s3:5→1 / s5:1→1, 5→1, s1:1→1 / s2:1→1, 7→1 / s3:5→1 / s5:1→1, 5→1, 7→1, s1:1→1 / s2:1→1, 7→1 / s3:5→1 / s5:1→1, 5→1, 7→1, s1:1→1 / s2:1→1, 7→1 / s3:7→1 / s4:5→1, s1:1→1 / s2:1→1, 7→1 / s3:7→1 / s4:5→1, s1:1→1 / s2:1→1, 7→1 / s3:7→1 / s4:5→1 / s5:1→1, 5→1, s1:1→1 / s2:1→1, 7→1 / s3:7→1 / s4:5→1 / s5:4→1, s1:1→1 / s2:1→1, 7→1 / s3:7→1 / s4:5→1 / s5:4→1, s1:1→1 / s2:1→1, 7→1 / s3:7→1 / s5:1→1, 5→1, s1:7→1 / s2:1→1, 5→1 / s3:1→1, 7→1 / s4:1→1, 5→1 / s5:1→1, s1:7→1 / s2:1→1, 5→1 / s3:1→1 / s4:1→1, 5→1 / s5:1→1, s1:7→1 / s2:1→1, 5→1 / s3:1→1 / s4:1→1, 5→1 / s5:1→1, 4→1, s1:7→1 / s2:1→1, 5→1 / s3:1→1 / s4:1→1, 7→1 / s5:1→1, s1:7→1 / s2:1→1, 5→1 / s3:1→1 / s4:1→1, 7→1 / s5:1→1, 4→1, s1:7→1 / s2:1→1, 5→1 / s3:1→1 / s4:1→1, 7→1 / s5:1→1, 5→1, s1:7→1 / s2:1→1, 5→1 / s3:1→1 / s4:1→1 / s5:1→1, 4→1, s1:7→1 / s2:1→1, 5→1 / s3:1→1 / s4:1→1 / s5:1→1, 5→1, s1:7→1 / s2:1→1, 5→1 / s3:1→1 / s4:1→1 / s5:1→2, 4→1, s1:7→1 / s2:1→1, 5→1 / s3:1→1 / s4:1→1 / s5:1→2, 5→1, s1:7→1 / s2:1→1, 5→1 / s3:1→1 / s4:1→1 / s5:1→2, 5→1, s1:7→1 / s2:1→1, 5→1 / s3:1→1 / s4:1→1 / s5:1→2, 7→1, s1:7→1 / s2:1→1, 5→1 / s3:1→1 / s4:1→1 / s5:1→3, 4→1, s1:7→1 / s2:1→1, 5→1 / s3:1→1 / s4:1→1 / s5:1→3, 4→1, 5→1, s1:7→1 / s2:1→1, 5→1 / s3:1→1 / s4:1→1 / s5:1→3, 5→1, 7→1, s1:7→1 / s2:1→1, 5→1 / s3:1→1 / s4:1→1 / s5:1→3, 7→1, s1:7→1 / s2:1→1, 5→1 / s3:1→1 / s4:1→2, 5→1 / s5:1→2, 4→1, s1:7→1 / s2:1→1, 5→1 / s3:1→1 / s4:1→2, 7→1 / s5:1→2, 5→1, s1:7→1 / s2:1→1, 5→1 / s3:1→1 / s4:1→2, 7→1 / s5:1→2, 5→1, s1:7→1 / s2:1→1, 5→1 / s4:1→1, 5→1 / s5:1→2, 7→1, s1:7→1 / s2:1→1, 5→1 / s4:1→1, 7→1 / s5:1→1, 5→1, s1:7→1 / s2:1→1, 5→1 / s4:1→1, 7→1 / s5:1→2, 5→1, s1:7→1 / s2:1→1, 5→1 / s4:1→1 / s5:1→1, 5→1, s1:7→1 / s2:1→1, 5→1 / s4:1→1 / s5:1→1, 5→1, s1:7→1 / s2:1→1, 5→1 / s4:1→1 / s5:1→1, 5→1, 7→1, s1:7→1 / s2:1→1, 5→1 / s4:1→1 / s5:1→1, 7→1, s1:7→1 / s2:1→1, 5→1 / s4:1→1 / s5:1→2, 5→1, s1:7→1 / s2:1→1, 5→1 / s4:1→1 / s5:1→2, 5→1, s1:7→1 / s2:1→1, 5→1 / s4:1→1 / s5:1→2, 5→1, 7→1, s1:7→1 / s2:1→1, 5→1 / s4:1→1 / s5:1→2, 7→1, s1:7→1 / s2:1→1, 5→1 / s4:1→1 / s5:1→2, 7→1, s1:7→1 / s2:1→1, 5→1 / s4:1→1 / s5:1→3, 5→1, 7→1, s1:7→1 / s2:1→1, 5→1 / s4:1→1 / s5:1→3, 5→1, 7→1, s1:7→1 / s2:1→1, 5→1 / s4:1→2, 7→1 / s5:1→2, 5→1, s1:7→1 / s2:1→1 / s3:1→1, 5→1, 7→1 / s4:1→1, 4→1, 5→1 / s5:1→2, 5→2, s1:7→1 / s2:1→1 / s3:1→1, 5→1, 7→1 / s4:1→1, 5→1 / s5:1→2, 5→2, s1:7→1 / s2:1→1 / s3:1→1, 5→1, 7→1 / s4:1→1, 5→1 / s5:1→2, 5→3, s1:7→1 / s2:1→1 / s3:1→1, 5→1, 7→1 / s4:1→1, 5→2 / s5:1→1, 4→1, 5→2, s1:7→1 / s2:1→1 / s3:1→1, 5→1, 7→1 / s4:1→1, 5→2 / s5:1→1, 5→1, s1:7→1 / s2:1→1 / s3:1→1, 5→1, 7→1 / s4:1→1, 5→2 / s5:1→1, 5→2, s1:7→1 / s2:1→1 / s3:1→1, 5→1, 7→1 / s4:1→1, 5→2 / s5:1→2, 4→1, 5→2, s1:7→1 / s2:1→1 / s3:1→1, 5→1, 7→1 / s4:1→1, 5→2 / s5:1→2, 5→2, s1:7→1 / s2:1→1 / s3:1→1, 5→1, 7→1 / s4:1→1, 5→2 / s5:1→2, 5→2, s1:7→1 / s2:1→1 / s3:1→1, 5→1 / s4:1→1, 4→1, 5→1 / s5:1→2, 5→2, 7→1, s1:7→1 / s2:1→1 / s3:1→1, 5→1 / s4:1→1, 5→1, 7→1 / s5:1→1, 4→1, 5→1, s1:7→1 / s2:1→1 / s3:1→1, 5→1 / s4:1→1, 5→1, 7→1 / s5:1→1, 4→1, 5→2, s1:7→1 / s2:1→1 / s3:1→1, 5→1 / s4:1→1, 5→1, 7→1 / s5:1→1, 5→1, s1:7→1 / s2:1→1 / s3:1→1, 5→1 / s4:1→1, 5→1, 7→1 / s5:1→1, 5→2, s1:7→1 / s2:1→1 / s3:1→1, 5→1 / s4:1→1, 5→1, 7→1 / s5:1→1, 5→2, s1:7→1 / s2:1→1 / s3:1→1, 5→1 / s4:1→1, 5→1 / s5:1→1, 4→1, 5→1, s1:7→1 / s2:1→1 / s3:1→1, 5→1 / s4:1→1, 5→1 / s5:1→1, 4→1, 5→1, s1:7→1 / s2:1→1 / s3:1→1, 5→1 / s4:1→1, 5→1 / s5:1→1, 4→1, 5→2, s1:7→1 / s2:1→1 / s3:1→1, 5→1 / s4:1→1, 5→1 / s5:1→1, 5→1, s1:7→1 / s2:1→1 / s3:1→1, 5→1 / s4:1→1, 5→1 / s5:1→1, 5→1, s1:7→1 / s2:1→1 / s3:1→1, 5→1 / s4:1→1, 5→1 / s5:1→1, 5→2, s1:7→1 / s2:1→1 / s3:1→1, 5→1 / s4:1→1, 5→1 / s5:1→1, 5→2, s1:7→1 / s2:1→1 / s3:1→1, 5→1 / s4:1→1, 5→1 / s5:1→2, 4→1, 5→1, s1:7→1 / s2:1→1 / s3:1→1, 5→1 / s4:1→1, 5→1 / s5:1→2, 4→1, 5→2, s1:7→1 / s2:1→1 / s3:1→1, 5→1 / s4:1→1, 5→1 / s5:1→2, 4→1, 5→2, s1:7→1 / s2:1→1 / s3:1→1, 5→1 / s4:1→1, 5→1 / s5:1→2, 5→1, 7→1, s1:7→1 / s2:1→1 / s3:1→1, 5→1 / s4:1→1, 5→1 / s5:1→2, 5→1, 7→1, s1:7→1 / s2:1→1 / s3:1→1, 5→1 / s4:1→1, 5→1 / s5:1→2, 5→1, 7→1, s1:7→1 / s2:1→1 / s3:1→1, 5→1 / s4:1→1, 5→1 / s5:1→2, 5→2, s1:7→1 / s2:1→1 / s3:1→1, 5→1 / s4:1→1, 5→1 / s5:1→2, 5→2, s1:7→1 / s2:1→1 / s3:1→1, 5→1 / s4:1→1, 5→1 / s5:1→2, 5→2, s1:7→1 / s2:1→1 / s3:1→1, 5→1 / s4:1→1, 5→1 / s5:1→2, 5→2, s1:7→1 / s2:1→1 / s3:1→1, 5→1 / s4:1→1, 5→1 / s5:1→2, 5→2, 7→1, s1:7→1 / s2:1→1 / s3:1→1, 5→1 / s4:1→1, 5→1 / s5:1→2, 5→2, 7→1, s1:7→1 / s2:1→1 / s3:1→1, 5→1 / s4:1→1, 5→1 / s5:1→2, 5→3, s1:7→1 / s2:1→1 / s3:1→1, 5→1 / s4:1→1, 5→1 / s5:1→2, 5→3, s1:7→1 / s2:1→1 / s3:1→1, 5→1 / s4:1→1, 5→1 / s5:1→2, 5→3, s1:7→1 / s2:1→1 / s3:1→1, 5→1 / s4:1→1, 5→1 / s5:1→2, 5→3, s1:7→1 / s2:1→1 / s3:1→1, 5→1 / s4:1→1, 5→1 / s5:1→3, 4→1, 5→1, s1:7→1 / s2:1→1 / s3:1→1, 5→1 / s4:1→1, 5→1 / s5:1→3, 5→1, 7→1, s1:7→1 / s2:1→1 / s3:1→1, 5→1 / s4:1→1, 5→1 / s5:1→3, 5→1, 7→1, s1:7→1 / s2:1→1 / s3:1→1, 5→1 / s4:1→1, 5→2, 7→1 / s5:1→1, 4→1, 5→2, s1:7→1 / s2:1→1 / s3:1→1, 5→1 / s4:1→1, 5→2, 7→1 / s5:1→1, 5→2, s1:7→1 / s2:1→1 / s3:1→1, 5→1 / s4:1→1, 5→2 / s5:1→1, 4→1, 5→1, s1:7→1 / s2:1→1 / s3:1→1, 5→1 / s4:1→1, 5→2 / s5:1→1, 4→1, 5→2, s1:7→1 / s2:1→1 / s3:1→1, 5→1 / s4:1→1, 5→2 / s5:1→1, 4→1, 5→2, s1:7→1 / s2:1→1 / s3:1→1, 5→1 / s4:1→1, 5→2 / s5:1→1, 5→1, s1:7→1 / s2:1→1 / s3:1→1, 5→1 / s4:1→1, 5→2 / s5:1→1, 5→2, s1:7→1 / s2:1→1 / s3:1→1, 5→1 / s4:1→1, 5→2 / s5:1→1, 5→2, s1:7→1 / s2:1→1 / s3:1→1, 5→1 / s4:1→1, 5→2 / s5:1→1, 5→2, s1:7→1 / s2:1→1 / s3:1→1, 5→1 / s4:1→1, 5→2 / s5:1→1, 5→2, 7→1, s1:7→1 / s2:1→1 / s3:1→1, 5→1 / s4:1→1, 5→2 / s5:1→2, 4→1, 5→2, s1:7→1 / s2:1→1 / s3:1→1, 5→1 / s4:1→1, 5→2 / s5:1→2, 4→1, 5→2, s1:7→1 / s2:1→1 / s3:1→1, 5→1 / s4:1→1, 5→2 / s5:1→2, 5→2, s1:7→1 / s2:1→1 / s3:1→1, 5→1 / s4:1→1, 5→2 / s5:1→2, 5→2, s1:7→1 / s2:1→1 / s3:1→1, 5→1 / s4:1→1, 5→2 / s5:1→2, 5→2, s1:7→1 / s2:1→1 / s3:1→1, 5→1 / s4:1→1, 5→2 / s5:1→2, 5→2, s1:7→1 / s2:1→1 / s3:1→1, 5→1 / s4:1→1, 5→2 / s5:1→2, 5→2, 7→1, s1:7→1 / s2:1→1 / s3:1→1, 5→1 / s4:1→1, 5→2 / s5:1→2, 5→2, 7→1, s1:7→1 / s2:1→1 / s3:1→1, 5→1 / s4:1→1, 5→2 / s5:1→2, 5→2, 7→1, s1:7→1 / s2:1→1 / s3:1→1, 5→1 / s4:1→2, 5→1, 7→1 / s5:1→2, 5→2, s1:7→1 / s2:1→1 / s3:1→1, 5→1 / s4:1→2, 5→1, 7→1 / s5:1→2, 5→2, s1:7→1 / s2:1→1 / s3:1→1, 5→1 / s4:1→2, 5→1 / s5:1→2, 4→1, 5→1, s1:7→1 / s2:1→1 / s3:1→1, 5→1 / s4:1→2, 5→1 / s5:1→2, 5→1, 7→1, s1:7→1 / s2:1→1 / s3:1→1, 5→1 / s4:1→2, 5→2, 7→1 / s5:1→2, 5→2, s1:7→1 / s2:1→1 / s3:1→1, 5→1 / s4:1→2, 5→2 / s5:1→2, 4→1, 5→2, s1:7→1 / s2:1→1 / s3:1→1, 5→1 / s4:1→2, 5→2 / s5:1→2, 5→2, s1:7→1 / s2:1→1 / s3:1→1, 5→1 / s4:1→2, 5→2 / s5:1→2, 5→2, s1:7→1 / s2:1→1 / s3:1→1, 5→1 / s4:1→2, 5→2 / s5:1→2, 5→2, s1:7→1 / s2:1→1 / s3:1→1, 5→1 / s4:1→2, 5→2 / s5:1→2, 5→2, s1:7→1 / s2:1→1 / s3:1→1, 5→1 / s4:1→2, 5→2 / s5:1→2, 5→2, 7→1, s1:7→1 / s2:1→1 / s3:1→1, 5→2 / s4:1→1, 5→1 / s5:1→2, 5→2, s1:7→1 / s2:1→1 / s3:1→1, 5→2 / s4:1→1, 5→2 / s5:1→1, 5→1, s1:7→1 / s2:1→1 / s3:1→1, 7→1 / s4:1→1, 4→1 / s5:1→2, 5→1, s1:7→1 / s2:1→1 / s3:1→1, 7→1 / s4:1→1, 5→1 / s5:1→1, 5→1, s1:7→1 / s2:1→1 / s3:1→1, 7→1 / s4:1→1, 5→1 / s5:1→1, 5→1, s1:7→1 / s2:1→1 / s3:1→1, 7→1 / s4:1→1, 5→1 / s5:1→2, 4→1, s1:7→1 / s2:1→1 / s3:1→1, 7→1 / s4:1→1, 5→1 / s5:1→2, 4→1, 5→1, s1:7→1 / s2:1→1 / s3:1→1, 7→1 / s4:1→1, 5→1 / s5:1→2, 5→1, s1:7→1 / s2:1→1 / s3:5→1 / s4:1→1, 4→1, 5→1 / s5:1→2, 5→2, s1:7→1 / s2:1→1 / s3:5→1 / s4:1→1, 5→1, 7→1 / s5:1→1, 4→1, 5→1, s1:7→1 / s2:1→1 / s3:5→1 / s4:1→1, 5→1, 7→1 / s5:1→1, 5→2, s1:7→1 / s2:1→1 / s3:5→1 / s4:1→1, 5→1, 7→1 / s5:1→2, 4→1, 5→2, s1:7→1 / s2:1→1 / s3:5→1 / s4:1→1, 5→1, 7→1 / s5:1→2, 5→2, s1:7→1 / s2:1→1 / s3:5→1 / s4:1→1, 5→1, 7→1 / s5:1→2, 5→3, s1:7→1 / s2:1→1 / s3:5→1 / s4:1→1, 5→1 / s5:1→1, 4→1, 5→1, s1:7→1 / s2:1→1 / s3:5→1 / s4:1→1, 5→1 / s5:1→1, 4→1, 5→1, s1:7→1 / s2:1→1 / s3:5→1 / s4:1→1, 5→1 / s5:1→1, 4→1, 5→1, 7→1, s1:7→1 / s2:1→1 / s3:5→1 / s4:1→1, 5→1 / s5:1→1, 4→1, 5→2, s1:7→1 / s2:1→1 / s3:5→1 / s4:1→1, 5→1 / s5:1→1, 4→1, 5→2, s1:7→1 / s2:1→1 / s3:5→1 / s4:1→1, 5→1 / s5:1→1, 4→1, 5→2, 7→1, s1:7→1 / s2:1→1 / s3:5→1 / s4:1→1, 5→1 / s5:1→1, 5→1, s1:7→1 / s2:1→1 / s3:5→1 / s4:1→1, 5→1 / s5:1→1, 5→1, s1:7→1 / s2:1→1 / s3:5→1 / s4:1→1, 5→1 / s5:1→1, 5→1, s1:7→1 / s2:1→1 / s3:5→1 / s4:1→1, 5→1 / s5:1→1, 5→1, 7→1, s1:7→1 / s2:1→1 / s3:5→1 / s4:1→1, 5→1 / s5:1→1, 5→1, 7→1, s1:7→1 / s2:1→1 / s3:5→1 / s4:1→1, 5→1 / s5:1→1, 5→2, s1:7→1 / s2:1→1 / s3:5→1 / s4:1→1, 5→1 / s5:1→1, 5→2, s1:7→1 / s2:1→1 / s3:5→1 / s4:1→1, 5→1 / s5:1→1, 5→2, s1:7→1 / s2:1→1 / s3:5→1 / s4:1→1, 5→1 / s5:1→1, 5→2, s1:7→1 / s2:1→1 / s3:5→1 / s4:1→1, 5→1 / s5:1→1, 5→2, 7→1, s1:7→1 / s2:1→1 / s3:5→1 / s4:1→1, 5→1 / s5:1→1, 5→2, 7→1, s1:7→1 / s2:1→1 / s3:5→1 / s4:1→1, 5→1 / s5:1→1, 5→2, 7→1, s1:7→1 / s2:1→1 / s3:5→1 / s4:1→1, 5→1 / s5:1→2, 4→1, 5→1, s1:7→1 / s2:1→1 / s3:5→1 / s4:1→1, 5→1 / s5:1→2, 4→1, 5→1, s1:7→1 / s2:1→1 / s3:5→1 / s4:1→1, 5→1 / s5:1→2, 4→1, 5→1, 7→1, s1:7→1 / s2:1→1 / s3:5→1 / s4:1→1, 5→1 / s5:1→2, 4→1, 5→2, s1:7→1 / s2:1→1 / s3:5→1 / s4:1→1, 5→1 / s5:1→2, 4→1, 5→2, s1:7→1 / s2:1→1 / s3:5→1 / s4:1→1, 5→1 / s5:1→2, 5→1, 7→1, s1:7→1 / s2:1→1 / s3:5→1 / s4:1→1, 5→1 / s5:1→2, 5→1, 7→1, s1:7→1 / s2:1→1 / s3:5→1 / s4:1→1, 5→1 / s5:1→2, 5→1, 7→1, s1:7→1 / s2:1→1 / s3:5→1 / s4:1→1, 5→1 / s5:1→2, 5→2, s1:7→1 / s2:1→1 / s3:5→1 / s4:1→1, 5→1 / s5:1→2, 5→2, s1:7→1 / s2:1→1 / s3:5→1 / s4:1→1, 5→1 / s5:1→2, 5→2, s1:7→1 / s2:1→1 / s3:5→1 / s4:1→1, 5→1 / s5:1→2, 5→2, s1:7→1 / s2:1→1 / s3:5→1 / s4:1→1, 5→1 / s5:1→2, 5→2, 7→1, s1:7→1 / s2:1→1 / s3:5→1 / s4:1→1, 5→1 / s5:1→2, 5→2, 7→1, s1:7→1 / s2:1→1 / s3:5→1 / s4:1→1, 5→1 / s5:1→2, 5→2, 7→1, s1:7→1 / s2:1→1 / s3:5→1 / s4:1→1, 5→1 / s5:1→2, 5→3, s1:7→1 / s2:1→1 / s3:5→1 / s4:1→1, 5→1 / s5:1→2, 5→3, s1:7→1 / s2:1→1 / s3:5→1 / s4:1→1, 5→1 / s5:1→2, 5→3, s1:7→1 / s2:1→1 / s3:5→1 / s4:1→1, 5→1 / s5:1→2, 5→3, s1:7→1 / s2:1→1 / s3:5→1 / s4:1→1, 5→2, 7→1 / s5:1→1, 4→1, 5→2, s1:7→1 / s2:1→1 / s3:5→1 / s4:1→1, 5→2 / s5:1→1, 4→1, 5→2, s1:7→1 / s2:1→1 / s3:5→1 / s4:1→1, 5→2 / s5:1→1, 4→1, 5→2, s1:7→1 / s2:1→1 / s3:5→1 / s4:1→1, 5→2 / s5:1→1, 4→1, 5→2, 7→1, s1:7→1 / s2:1→1 / s3:5→1 / s4:1→1, 5→2 / s5:1→1, 5→2, s1:7→1 / s2:1→1 / s3:5→1 / s4:1→1, 5→2 / s5:1→1, 5→2, s1:7→1 / s2:1→1 / s3:5→1 / s4:1→1, 5→2 / s5:1→1, 5→2, s1:7→1 / s2:1→1 / s3:5→1 / s4:1→1, 5→2 / s5:1→1, 5→2, 7→1, s1:7→1 / s2:1→1 / s3:5→1 / s4:1→1, 5→2 / s5:1→1, 5→2, 7→1, s1:7→1 / s2:1→1 / s3:5→1 / s4:1→1, 5→2 / s5:1→1, 5→2, 7→1, s1:7→1 / s2:1→1 / s3:5→1 / s4:1→1, 5→2 / s5:1→2, 5→2, s1:7→1 / s2:1→1 / s3:5→1 / s4:1→1, 5→2 / s5:1→2, 5→2, s1:7→1 / s2:1→1 / s3:5→1 / s4:1→1, 5→2 / s5:1→2, 5→2, 7→1, s1:7→1 / s2:1→1 / s3:5→1 / s4:1→1, 5→2 / s5:1→2, 5→2, 7→1, s1:7→1 / s2:1→1 / s3:5→1 / s4:1→1, 7→1 / s5:1→1, 4→1, s1:7→1 / s2:1→1 / s3:5→1 / s4:1→2, 5→1, 7→1 / s5:1→2, 4→1, 5→1, s1:7→1 / s2:1→1 / s3:5→1 / s4:1→2, 5→1, 7→1 / s5:1→2, 5→2, s1:7→1 / s2:1→1 / s3:5→1 / s4:1→2, 5→2, 7→1 / s5:1→2, 4→1, 5→2, s1:7→1 / s2:1→1 / s3:5→1 / s4:1→2, 5→2 / s5:1→2, 4→1, 5→1, s1:7→1 / s2:1→1 / s3:5→1 / s4:1→2, 5→2 / s5:1→2, 4→1, 5→2, s1:7→1 / s2:1→1 / s3:5→1 / s4:1→2, 5→2 / s5:1→2, 4→1, 5→2, s1:7→1 / s2:1→1 / s3:5→1 / s4:1→2, 5→2 / s5:1→2, 5→1, 7→1, s1:7→1 / s2:1→1 / s3:5→1 / s4:1→2, 5→2 / s5:1→2, 5→2, s1:7→1 / s2:1→1 / s3:5→1 / s4:1→2, 5→2 / s5:1→2, 5→2, s1:7→1 / s2:1→1 / s3:5→1 / s4:1→2, 5→2 / s5:1→2, 5→2, s1:7→1 / s2:1→1 / s3:5→1 / s4:1→2, 5→2 / s5:1→2, 5→2, 7→1, s1:7→1 / s2:1→1 / s3:5→1 / s4:1→2, 5→2 / s5:1→2, 5→2, 7→1, s1:7→1 / s2:1→1 / s3:5→1 / s4:5→1 / s5:1→1, 4→1, 5→1, s1:7→1 / s2:1→1 / s3:5→1 / s4:5→1 / s5:1→1, 4→1, 5→2, s1:7→1 / s2:1→1 / s3:5→1 / s4:5→1 / s5:1→1, 4→1, 5→2, 7→1, s1:7→1 / s2:1→1 / s3:5→1 / s4:5→1 / s5:1→1, 4→1, 5→3, s1:7→1 / s2:1→1 / s3:5→1 / s4:5→1 / s5:1→1, 5→1, s1:7→1 / s2:1→1 / s3:5→1 / s4:5→1 / s5:1→1, 5→1, 7→1, s1:7→1 / s2:1→1 / s3:5→1 / s4:5→1 / s5:1→1, 5→1, 7→1, s1:7→1 / s2:1→1 / s3:5→1 / s4:5→1 / s5:1→1, 5→2, s1:7→1 / s2:1→1 / s3:5→1 / s4:5→1 / s5:1→1, 5→2, s1:7→1 / s2:1→1 / s3:5→1 / s4:5→1 / s5:1→1, 5→2, 7→1, s1:7→1 / s2:1→1 / s3:5→1 / s4:5→1 / s5:1→1, 5→2, 7→1, s1:7→1 / s2:1→1 / s3:5→1 / s4:5→1 / s5:1→2, 4→1, 5→2, s1:7→1 / s2:1→1 / s3:5→1 / s4:5→1 / s5:1→2, 5→2, s1:7→1 / s2:1→1 / s3:5→1 / s4:5→1 / s5:1→2, 5→2, 7→1, s1:7→1 / s2:1→1 / s3:5→1 / s4:5→1 / s5:1→2, 5→3, s1:7→1 / s2:1→1 / s3:5→1 / s5:1→1, 5→1, s1:7→1 / s2:1→1 / s3:5→1 / s5:1→1, 5→1, 7→1, s1:7→1 / s2:1→1 / s3:5→1 / s5:1→1, 5→2, s1:7→1 / s2:1→1 / s3:5→1 / s5:1→1, 5→2, 7→1, s1:7→1 / s2:1→1 / s3:5→1 / s5:1→1, 7→1, s1:7→1 / s2:1→1 / s3:5→1 / s5:1→2, 5→1, 7→1, s1:7→1 / s2:1→1 / s3:5→1 / s5:1→2, 5→2, s1:7→1 / s2:1→1 / s3:5→1 / s5:1→2, 5→2, 7→1, s1:7→1 / s2:1→1 / s3:5→1 / s5:1→2, 5→3, s1:7→1 / s2:1→1 / s4:1→1, 5→1, 7→1 / s5:1→1, 5→2, s1:7→1 / s2:1→1 / s4:1→1, 5→1, 7→1 / s5:1→2, 5→2, s1:7→1 / s2:1→1 / s4:1→1, 5→1, 7→1 / s5:1→2, 5→3, s1:7→1 / s2:1→1 / s4:1→1, 5→1 / s5:1→1, 5→1, s1:7→1 / s2:1→1 / s4:1→1, 5→1 / s5:1→1, 5→1, 7→1, s1:7→1 / s2:1→1 / s4:1→1, 5→1 / s5:1→1, 5→2, s1:7→1 / s2:1→1 / s4:1→1, 5→1 / s5:1→1, 5→2, 7→1, s1:7→1 / s2:1→1 / s4:1→1, 5→1 / s5:1→1, 5→3, s1:7→1 / s2:1→1 / s4:1→1, 5→1 / s5:1→2, 5→1, 7→1, s1:7→1 / s2:1→1 / s4:1→1, 5→1 / s5:1→2, 5→2, s1:7→1 / s2:1→1 / s4:1→1, 5→1 / s5:1→2, 5→2, 7→1, s1:7→1 / s2:1→1 / s4:1→1, 5→1 / s5:1→2, 5→3, s1:7→1 / s2:1→1 / s4:1→1, 5→1 / s5:1→2, 7→1, s1:7→1 / s2:1→1 / s4:1→1, 5→1 / s5:1→3, 5→1, 7→1, s1:7→1 / s2:1→1 / s4:1→1, 5→2, 7→1 / s5:1→2, 5→3, s1:7→1 / s2:1→1 / s4:1→1, 5→2 / s5:1→1, 5→2, s1:7→1 / s2:1→1 / s4:1→1, 5→2 / s5:1→1, 5→2, 7→1, s1:7→1 / s2:1→1 / s4:1→1, 5→2 / s5:1→1, 5→3, s1:7→1 / s2:1→1 / s4:1→1, 5→2 / s5:1→1, 5→3, 7→1, s1:7→1 / s2:1→1 / s4:1→1, 5→2 / s5:1→2, 5→2, s1:7→1 / s2:1→1 / s4:1→1, 5→2 / s5:1→2, 5→2, 7→1, s1:7→1 / s2:1→1 / s4:1→1, 5→2 / s5:1→2, 5→2, 7→1, s1:7→1 / s2:1→1 / s4:1→1, 5→2 / s5:1→2, 5→3, s1:7→1 / s2:1→1 / s4:1→1, 5→2 / s5:1→2, 5→3, s1:7→1 / s2:1→1 / s4:1→1, 5→3 / s5:1→2, 5→3, s1:7→1 / s2:1→1 / s4:1→1, 7→1 / s5:1→1, 5→1, s1:7→1 / s2:1→1 / s4:1→1, 7→1 / s5:1→2, 5→1, s1:7→1 / s2:1→1 / s4:1→2, 5→1, 7→1 / s5:1→2, 5→2, s1:7→1 / s2:1→1 / s4:1→2, 5→1 / s5:1→2, 5→1, 7→1, s1:7→1 / s2:1→1 / s4:1→2, 5→2, 7→1 / s5:1→2, 5→3, s1:7→1 / s2:1→1 / s4:1→2, 5→2 / s5:1→2, 5→2, s1:7→1 / s2:1→1 / s4:1→2, 5→2 / s5:1→2, 5→2, 7→1, s1:7→1 / s2:1→1 / s4:1→2, 5→2 / s5:1→2, 5→3, s1:7→1 / s2:1→1 / s4:1→2, 5→2 / s5:1→3, 5→2, s1:7→1 / s2:1→1 / s4:1→2, 5→3 / s5:1→2, 5→3, s1:7→1 / s2:1→2, 5→1 / s4:1→1, 7→1 / s5:1→1, 5→1, s1:7→1 / s2:1→2, 5→1 / s4:1→1 / s5:1→1, 5→1, s1:7→1 / s2:1→2, 5→1 / s4:1→1 / s5:1→1, 7→1, s1:7→1 / s2:5→1 / s3:1→1 / s4:1→1, 5→1 / s5:1→1, 4→1, s1:7→1 / s2:5→1 / s3:1→1 / s4:1→1, 5→1 / s5:1→1, 7→1, s1:7→1 / s2:5→1 / s3:1→1 / s4:1→1, 7→1 / s5:1→1, 4→1, s1:7→1 / s2:5→1 / s3:1→1 / s4:1→1 / s5:1→3, 4→1, 7→1, s1:7→1 / s2:5→1 / s3:1→1 / s4:1→1 / s5:1→3, 5→1, 7→1, s1:7→1 / s2:5→1 / s3:1→1 / s4:1→2, 5→1 / s5:1→2, 4→1, s1:7→1 / s2:5→1 / s3:1→1 / s4:1→2, 5→1 / s5:1→2, 7→1, s1:7→1 / s2:5→1 / s3:1→1 / s4:1→2, 7→1 / s5:1→2, 4→1, s1:7→1 / s2:5→1 / s3:1→1 / s4:1→2, 7→1 / s5:1→2, 5→1, s1:7→1 / s2:5→1 / s4:1→1, 7→1 / s5:1→1, 5→1, s1:7→1 / s2:5→1 / s4:1→1 / s5:1→1, 5→1, s1:7→1 / s2:5→1 / s4:1→1 / s5:1→2, 5→1, s1:7→1 / s2:5→1 / s4:1→1 / s5:1→2, 5→1, 7→1, s1:7→1 / s2:5→1 / s4:1→1 / s5:1→2, 7→1, s1:7→1 / s2:5→1 / s4:1→1 / s5:1→3, 5→1, 7→1, s1:7→1 / s2:5→1 / s4:1→2, 7→1 / s5:1→2, 5→1}"	"{s3:9→1 / s4:8→1 / s5:3→1, s3:9→1 / s4:3→1 / s5:8→1, s3:9→1 / s4:8→1 / s5:3→1, s3:8→1 / s4:8→1 / s5:9→1, s3:8→1 / s4:3→1 / s5:9→1, s3:8→1 / s4:3→1 / s5:9→1, s3:8→1 / s4:3→1 / s5:9→1, s3:9→1 / s4:3→1 / s5:8→1, s3:8→1 / s4:9→1 / s5:3→1, s3:9→1 / s4:8→1 / s5:3→1, s3:8→1 / s4:9→1 / s5:3→1, s3:8→1 / s4:8→1 / s5:9→1, s3:8→1 / s4:9→1 / s5:8→1, s3:8→1 / s4:3→1 / s5:9→1, s3:9→1 / s4:8→1 / s5:3→1, s3:8→1 / s4:9→1 / s5:3→1, s3:8→1 / s4:8→1 / s5:9→1, s3:8→1 / s4:9→1 / s5:3→1, s3:8→1 / s4:9→1 / s5:9→1, s3:8→1 / s4:9→1 / s5:3→1, s3:8→1 / s4:8→1 / s5:9→1, s3:8→1 / s4:8→1 / s5:9→1, s3:8→1 / s4:8→1 / s5:9→1, s3:8→1 / s4:3→1 / s5:9→1, s3:8→1 / s4:8→1 / s5:9→1, s3:8→1 / s4:3→1 / s5:9→1, s3:8→1 / s4:8→1 / s5:9→1, s3:8→1 / s4:8→1 / s5:9→1, s3:8→1 / s4:3→1 / s5:9→1, s3:8→1 / s4:3→1 / s5:9→1, s3:8→1 / s4:8→1 / s5:9→1, s3:3→1 / s4:9→1 / s5:8→1, s3:8→1 / s4:9→1 / s5:3→1, s3:3→1 / s4:8→1 / s5:9→1, s3:3→1 / s4:9→1 / s5:8→1, s3:3→1 / s4:9→1 / s5:8→1, s3:3→1 / s4:8→1 / s5:9→1, s3:3→1 / s4:9→1 / s5:8→1, s3:3→1 / s4:8→1 / s5:9→1, s3:3→1 / s4:8→1 / s5:9→1, s3:3→1 / s4:8→1 / s5:9→1, s3:3→1 / s4:9→1 / s5:8→1, s3:3→1 / s4:8→1 / s5:9→1, s3:3→1 / s4:8→1 / s5:9→1, s3:3→1 / s4:9→1 / s5:8→1, s3:3→1 / s4:8→1 / s5:9→1, s3:3→1 / s4:9→1 / s5:8→1, s3:3→1 / s4:9→1 / s5:8→1, s3:9→1 / s4:9→1 / s5:8→1, s3:9→1 / s4:3→1 / s5:8→1, s3:9→1 / s4:3→1 / s5:8→1, s3:9→1 / s4:8→1 / s5:9→1, s3:9→1 / s4:8→1 / s5:3→1, s3:9→1 / s4:9→1 / s5:8→1, s3:9→1 / s4:9→1 / s5:8→1, s3:9→1 / s4:3→1 / s5:8→1, s3:9→1 / s4:9→1 / s5:8→1, s3:8→1 / s4:9→1 / s5:9→1, s3:8→1 / s4:9→1 / s5:9→1, s3:8→1 / s4:9→1 / s5:9→1, s3:8→1 / s4:9→1 / s5:3→1, s3:8→1 / s4:9→1 / s5:3→1, s3:8→1 / s4:9→1 / s5:9→1, s3:8→1 / s4:8→1 / s5:9→1, s3:9→1 / s4:8→1 / s5:9→1, s3:8→1 / s4:8→1 / s5:9→1, s3:9→1 / s4:8→1 / s5:3→1, s3:9→1 / s4:8→1 / s5:8→1, s3:8→1 / s4:8→1 / s5:9→1, s3:9→1 / s4:8→1 / s5:9→1, s3:9→1 / s4:8→1 / s5:8→1, s3:8→1 / s4:8→1 / s5:9→1, s3:9→1 / s4:8→1 / s5:9→1, s3:8→1 / s4:3→1 / s5:9→1, s3:9→1 / s4:8→1 / s5:3→1, s3:9→1 / s4:8→1 / s5:9→1, s3:8→1 / s4:3→1 / s5:9→1, s3:9→1 / s4:3→1 / s5:8→1, s3:9→1 / s4:8→1 / s5:3→1, s3:9→1 / s4:8→1 / s5:8→1, s3:8→1 / s4:3→1 / s5:9→1, s3:9→1 / s4:8→1 / s5:9→1, s3:8→1 / s4:3→1 / s5:9→1, s3:8→1 / s4:8→1 / s5:9→1, s3:9→1 / s4:8→1 / s5:3→1, s3:9→1 / s4:8→1 / s5:9→1, s3:9→1 / s4:8→1 / s5:8→1, s3:9→1 / s4:3→1 / s5:8→1, s3:9→1 / s4:8→1 / s5:3→1, s3:8→1 / s4:9→1 / s5:9→1, s3:8→1 / s4:9→1 / s5:3→1, s3:8→1 / s4:9→1 / s5:9→1, s3:8→1 / s4:8→1 / s5:9→1, s3:8→1 / s4:9→1 / s5:9→1, s3:8→1 / s4:9→1 / s5:3→1, s3:8→1 / s4:8→1 / s5:9→1, s3:8→1 / s4:9→1 / s5:3→1, s3:8→1 / s4:9→1 / s5:9→1, s3:8→1 / s4:9→1 / s5:9→1, s3:8→1 / s4:9→1 / s5:8→1, s3:8→1 / s4:9→1 / s5:9→1, s3:8→1 / s4:9→1 / s5:3→1, s3:8→1 / s4:9→1 / s5:8→1, s3:8→1 / s4:9→1 / s5:9→1, s3:9→1 / s4:9→1 / s5:8→1, s3:8→1 / s4:3→1 / s5:9→1, s3:8→1 / s4:9→1 / s5:3→1, s3:8→1 / s4:9→1 / s5:9→1, s3:3→1 / s4:9→1 / s5:8→1, s3:8→1 / s4:9→1 / s5:3→1, s3:8→1 / s4:8→1 / s5:9→1, s3:3→1 / s4:8→1 / s5:9→1, s3:8→1 / s4:9→1 / s5:3→1, s3:8→1 / s4:8→1 / s5:9→1, s3:3→1 / s4:9→1 / s5:8→1, s3:8→1 / s4:9→1 / s5:3→1, s3:9→1 / s4:8→1 / s5:3→1, s3:9→1 / s4:8→1 / s5:8→1, s3:3→1 / s4:8→1 / s5:9→1, s3:9→1 / s4:3→1 / s5:8→1, s3:9→1 / s4:8→1 / s5:3→1, s3:9→1 / s4:9→1 / s5:8→1, s3:9→1 / s4:8→1 / s5:3→1, s3:9→1 / s4:9→1 / s5:8→1, s3:9→1 / s4:9→1 / s5:8→1, s3:9→1 / s4:8→1 / s5:9→1, s3:9→1 / s4:3→1 / s5:8→1, s3:9→1 / s4:9→1 / s5:8→1, s3:9→1 / s4:9→1 / s5:8→1, s3:9→1 / s4:9→1 / s5:8→1, s3:9→1 / s4:9→1 / s5:8→1, s3:9→1 / s4:9→1 / s5:8→1, s3:9→1 / s4:9→1 / s5:8→1, s3:9→1 / s4:8→1 / s5:8→1, s3:9→1 / s4:8→1 / s5:9→1, s3:9→1 / s4:8→1 / s5:9→1, s3:9→1 / s4:8→1 / s5:8→1, s3:9→1 / s4:8→1 / s5:9→1, s3:9→1 / s4:8→1 / s5:9→1, s3:9→1 / s4:8→1 / s5:3→1, s3:9→1 / s4:8→1 / s5:8→1, s3:9→1 / s4:9→1 / s5:8→1, s3:9→1 / s4:8→1 / s5:3→1, s3:9→1 / s4:8→1 / s5:9→1, s3:3→1 / s4:8→1 / s5:9→1, s3:9→1 / s4:8→1 / s5:3→1, s3:9→1 / s4:8→1 / s5:8→1, s3:9→1 / s4:8→1 / s5:9→1, s3:3→1 / s4:8→1 / s5:9→1, s3:9→1 / s4:8→1 / s5:3→1, s3:9→1 / s4:8→1 / s5:9→1, s3:9→1 / s4:8→1 / s5:8→1, s3:9→1 / s4:9→1 / s5:8→1, s3:9→1 / s4:8→1 / s5:9→1, s3:9→1 / s4:8→1 / s5:8→1, s3:9→1 / s4:8→1 / s5:9→1, s3:9→1 / s4:3→1 / s5:8→1, s3:9→1 / s4:8→1 / s5:3→1, s3:9→1 / s4:8→1 / s5:9→1, s3:9→1 / s4:3→1 / s5:8→1, s3:9→1 / s4:8→1 / s5:3→1, s3:9→1 / s4:8→1 / s5:8→1, s3:9→1 / s4:9→1 / s5:8→1, s3:9→1 / s4:3→1 / s5:8→1, s3:9→1 / s4:8→1 / s5:3→1, s3:9→1 / s4:8→1 / s5:9→1, s3:9→1 / s4:3→1 / s5:8→1, s3:9→1 / s4:8→1 / s5:3→1, s3:9→1 / s4:8→1 / s5:8→1, s3:9→1 / s4:8→1 / s5:9→1, s3:9→1 / s4:9→1 / s5:8→1, s3:9→1 / s4:8→1 / s5:8→1, s3:9→1 / s4:8→1 / s5:9→1, s3:9→1 / s4:8→1 / s5:9→1, s3:9→1 / s4:8→1 / s5:3→1, s3:9→1 / s4:8→1 / s5:8→1, s3:9→1 / s4:9→1 / s5:8→1, s3:3→1 / s4:8→1 / s5:9→1, s3:9→1 / s4:8→1 / s5:3→1, s3:9→1 / s4:8→1 / s5:9→1, s3:9→1 / s4:3→1 / s5:8→1, s3:9→1 / s4:9→1 / s5:8→1, s3:3→1 / s4:9→1 / s5:8→1, s3:9→1 / s4:3→1 / s5:8→1, s3:9→1 / s4:9→1 / s5:8→1, s3:9→1 / s4:9→1 / s5:8→1, s3:9→1 / s4:9→1 / s5:8→1, s3:9→1 / s4:9→1 / s5:8→1, s3:9→1 / s4:8→1 / s5:8→1, s3:9→1 / s4:8→1 / s5:8→1, s3:9→1 / s4:8→1 / s5:9→1, s3:9→1 / s4:8→1 / s5:3→1, s3:9→1 / s4:8→1 / s5:3→1, s3:9→1 / s4:8→1 / s5:8→1, s3:9→1 / s4:9→1 / s5:8→1, s3:9→1 / s4:8→1 / s5:3→1, s3:9→1 / s4:8→1 / s5:9→1, s3:9→1 / s4:9→1 / s5:8→1, s3:9→1 / s4:9→1 / s5:8→1, s3:9→1 / s4:9→1 / s5:8→1, s3:9→1 / s4:9→1 / s5:8→1, s3:9→1 / s4:9→1 / s5:8→1, s3:9→1 / s4:3→1 / s5:8→1, s3:9→1 / s4:9→1 / s5:8→1, s3:9→1 / s4:3→1 / s5:8→1, s3:9→1 / s4:9→1 / s5:8→1, s3:9→1 / s4:3→1 / s5:8→1, s3:9→1 / s4:9→1 / s5:8→1, s3:9→1 / s4:9→1 / s5:8→1, s3:9→1 / s4:9→1 / s5:8→1, s3:9→1 / s4:9→1 / s5:8→1, s3:9→1 / s4:9→1 / s5:8→1, s3:9→1 / s4:3→1 / s5:8→1, s3:9→1 / s4:3→1 / s5:8→1, s3:9→1 / s4:3→1 / s5:8→1, s3:9→1 / s4:3→1 / s5:8→1, s3:9→1 / s4:3→1 / s5:8→1, s3:9→1 / s4:3→1 / s5:8→1, s3:9→1 / s4:3→1 / s5:8→1, s3:9→1 / s4:3→1 / s5:8→1, s3:9→1 / s4:3→1 / s5:8→1, s3:3→1 / s4:9→1 / s5:8→1, s3:3→1 / s4:9→1 / s5:8→1, s3:3→1 / s4:9→1 / s5:8→1, s3:3→1 / s4:9→1 / s5:8→1, s3:3→1 / s4:8→1 / s5:9→1, s3:3→1 / s4:8→1 / s5:9→1, s3:3→1 / s4:8→1 / s5:9→1, s3:3→1 / s4:8→1 / s5:9→1, s3:3→1 / s4:8→1 / s5:9→1, s3:3→1 / s4:9→1 / s5:8→1, s3:3→1 / s4:8→1 / s5:9→1, s3:3→1 / s4:8→1 / s5:9→1, s3:3→1 / s4:9→1 / s5:8→1, s3:3→1 / s4:9→1 / s5:8→1, s3:3→1 / s4:9→1 / s5:8→1, s3:3→1 / s4:9→1 / s5:8→1, s3:3→1 / s4:8→1 / s5:9→1, s3:3→1 / s4:8→1 / s5:9→1, s3:3→1 / s4:8→1 / s5:9→1, s3:3→1 / s4:9→1 / s5:8→1, s3:3→1 / s4:8→1 / s5:9→1, s3:3→1 / s4:9→1 / s5:8→1, s3:3→1 / s4:8→1 / s5:9→1, s3:3→1 / s4:9→1 / s5:8→1, s3:3→1 / s4:9→1 / s5:8→1, s3:3→1 / s4:9→1 / s5:8→1, s3:3→1 / s4:9→1 / s5:8→1, s3:3→1 / s4:9→1 / s5:8→1, s3:3→1 / s4:8→1 / s5:9→1, s3:3→1 / s4:9→1 / s5:8→1, s3:3→1 / s4:9→1 / s5:8→1, s3:3→1 / s4:8→1 / s5:9→1, s3:3→1 / s4:8→1 / s5:9→1, s3:3→1 / s4:9→1 / s5:8→1, s3:3→1 / s4:9→1 / s5:8→1, s3:3→1 / s4:9→1 / s5:8→1, s3:3→1 / s4:8→1 / s5:9→1, s3:3→1 / s4:8→1 / s5:9→1, s3:9→1 / s4:8→1 / s5:8→1, s3:9→1 / s4:8→1 / s5:3→1, s3:9→1 / s4:9→1 / s5:8→1, s3:9→1 / s4:8→1 / s5:9→1, s3:9→1 / s4:8→1 / s5:3→1, s3:9→1 / s4:8→1 / s5:8→1, s3:9→1 / s4:8→1 / s5:3→1, s3:9→1 / s4:9→1 / s5:8→1, s3:3→1 / s4:9→1 / s5:8→1, s3:3→1 / s4:9→1 / s5:8→1, s3:3→1 / s4:9→1 / s5:8→1, s3:3→1 / s4:9→1 / s5:8→1, s3:3→1 / s4:9→1 / s5:8→1, s3:3→1 / s4:9→1 / s5:8→1, s3:3→1 / s4:9→1 / s5:8→1, s3:3→1 / s4:9→1 / s5:8→1}"
7	34	"so(8)+g2+su(2)"	"so(8)+2(g2+su(2))+so(7)+2 su(2)"	13	146	3	2	0	0	0	0	0	0	"{s1:1→1 / s2:1→1, 7→1 / s3:5→1 / s5:1→1, 5→1, s1:7→1 / s2:1→1, 5→1 / s3:1→1 / s4:1→1 / s5:1→1, s1:7→1 / s2:1→1, 5→1 / s3:1→1 / s4:1→1 / s5:1→1, s1:7→1 / s2:1→1, 5→1 / s3:1→1 / s4:1→1 / s5:1→2, 4→1, s1:7→1 / s2:1→1, 5→1 / s3:1→1 / s4:1→1 / s5:1→2, 4→1, s1:7→1 / s2:1→1, 5→1 / s3:1→1 / s4:1→1 / s5:1→2, 4→1, 5→1, s1:7→1 / s2:1→1, 5→1 / s3:1→1 / s4:1→1 / s5:1→2, 5→1, s1:7→1 / s2:1→1, 5→1 / s3:1→1 / s4:1→1 / s5:1→2, 5→1, s1:7→1 / s2:1→1, 5→1 / s3:1→1 / s4:1→1 / s5:1→2, 5→1, s1:7→1 / s2:1→1, 5→1 / s3:1→1 / s4:1→1 / s5:1→2, 5→1, 7→1, s1:7→1 / s2:1→1, 5→1 / s3:1→1 / s4:1→1 / s5:1→2, 7→1, s1:7→1 / s2:1→1, 5→1 / s3:1→1 / s4:1→1 / s5:1→2, 7→1, s1:7→1 / s2:1→1, 5→1 / s3:1→1 / s4:1→1 / s5:1→3, 4→1, s1:7→1 / s2:1→1, 5→1 / s3:1→1 / s4:1→1 / s5:1→3, 4→1, 5→1, s1:7→1 / s2:1→1, 5→1 / s3:1→1 / s4:1→1 / s5:1→3, 5→1, s1:7→1 / s2:1→1, 5→1 / s3:1→1 / s4:1→1 / s5:1→3, 5→1, s1:7→1 / s2:1→1, 5→1 / s3:1→1 / s4:1→1 / s5:1→3, 5→1, s1:7→1 / s2:1→1, 5→1 / s3:1→1 / s4:1→1 / s5:1→3, 5→1, s1:7→1 / s2:1→1, 5→1 / s3:1→1 / s4:1→1 / s5:1→3, 5→1, s1:7→1 / s2:1→1, 5→1 / s3:1→1 / s4:1→1 / s5:1→3, 5→1, 7→1, s1:7→1 / s2:1→1, 5→1 / s3:1→1 / s4:1→1 / s5:1→3, 7→1, s1:7→1 / s2:1→1, 5→1 / s3:1→1 / s4:1→1 / s5:1→3, 7→1, s1:7→1 / s2:1→1, 5→1 / s3:7→1 / s4:5→1, s1:7→1 / s2:1→1, 5→1 / s4:1→1 / s5:1→1, s1:7→1 / s2:1→1, 5→1 / s4:1→1 / s5:1→3, 7→1, s1:7→1 / s2:1→1, 5→1 / s4:1→1 / s5:1→3, 7→1, s1:7→1 / s2:1→1, 5→1 / s4:1→3, 7→1 / s5:1→3, 5→1, s1:7→1 / s2:1→1 / s3:1→1, 5→1 / s4:1→1, 5→1 / s5:1→1, 5→1, s1:7→1 / s2:1→1 / s3:1→1, 5→1 / s4:1→1, 5→1 / s5:1→2, 4→1, 5→1, s1:7→1 / s2:1→1 / s3:1→1, 5→1 / s4:1→1, 5→1 / s5:1→2, 5→1, s1:7→1 / s2:1→1 / s3:1→1, 5→1 / s4:1→1, 5→1 / s5:1→2, 5→1, s1:7→1 / s2:1→1 / s3:1→1, 5→1 / s4:1→1, 5→1 / s5:1→2, 5→1, s1:7→1 / s2:1→1 / s3:1→1, 5→1 / s4:1→1, 5→1 / s5:1→2, 5→2, s1:7→1 / s2:1→1 / s3:1→1, 5→1 / s4:1→1, 5→1 / s5:1→2, 5→2, s1:7→1 / s2:1→1 / s3:1→1, 5→1 / s4:1→1, 5→1 / s5:1→2, 5→3, s1:7→1 / s2:1→1 / s3:1→1, 5→1 / s4:1→1, 5→1 / s5:1→3, 5→2, s1:7→1 / s2:1→1 / s3:1→1, 5→1 / s4:1→1, 5→1 / s5:1→3, 5→2, s1:7→1 / s2:1→1 / s3:1→1, 5→1 / s4:1→1 / s5:1→2, 5→1, s1:7→1 / s2:1→1 / s3:1→1, 5→1 / s4:1→2, 5→1 / s5:1→2, 5→1, s1:7→1 / s2:1→1 / s3:1→1, 5→1 / s4:1→2, 5→1 / s5:1→2, 5→1, s1:7→1 / s2:1→1 / s3:1→1, 5→1 / s4:1→2, 5→1 / s5:1→2, 5→2, s1:7→1 / s2:1→1 / s3:1→1, 5→1 / s4:1→2, 5→1 / s5:1→2, 5→2, s1:7→1 / s2:1→1 / s3:1→1, 5→1 / s4:1→2, 5→1 / s5:1→2, 5→2, s1:7→1 / s2:1→1 / s3:1→1, 5→1 / s4:1→2, 5→1 / s5:1→2, 5→2, s1:7→1 / s2:1→1 / s3:1→1, 5→1 / s4:1→2, 5→2 / s5:1→2, 5→2, s1:7→1 / s2:1→1 / s3:1→1 / s4:1→1, 5→1 / s5:1→1, 4→1, s1:7→1 / s2:1→1 / s3:1→1 / s4:1→1, 5→1 / s5:1→1, 5→1, s1:7→1 / s2:1→1 / s3:1→1 / s4:1→1, 5→1 / s5:1→1, 5→1, s1:7→1 / s2:1→1 / s3:1→1 / s4:1→1, 5→1 / s5:1→1, 5→1, s1:7→1 / s2:1→1 / s3:1→1 / s4:1→1, 5→1 / s5:1→2, 4→1, s1:7→1 / s2:1→1 / s3:1→1 / s4:1→1, 5→1 / s5:1→2, 4→1, 5→1, s1:7→1 / s2:1→1 / s3:1→1 / s4:1→1, 5→1 / s5:1→2, 4→1, 5→1, s1:7→1 / s2:1→1 / s3:1→1 / s4:1→1, 5→1 / s5:1→2, 4→1, 5→2, s1:7→1 / s2:1→1 / s3:1→1 / s4:1→1, 5→1 / s5:1→2, 5→1, s1:7→1 / s2:1→1 / s3:1→1 / s4:1→1, 5→1 / s5:1→2, 5→1, s1:7→1 / s2:1→1 / s3:1→1 / s4:1→1, 5→1 / s5:1→2, 5→1, 7→1, s1:7→1 / s2:1→1 / s3:1→1 / s4:1→1, 5→1 / s5:1→2, 5→1, 7→1, s1:7→1 / s2:1→1 / s3:1→1 / s4:1→1, 5→1 / s5:1→2, 5→2, s1:7→1 / s2:1→1 / s3:1→1 / s4:1→1, 5→1 / s5:1→2, 5→2, s1:7→1 / s2:1→1 / s3:1→1 / s4:1→1, 5→1 / s5:1→2, 5→2, s1:7→1 / s2:1→1 / s3:1→1 / s4:1→1, 5→1 / s5:1→2, 5→2, s1:7→1 / s2:1→1 / s3:1→1 / s4:1→1, 5→1 / s5:1→2, 5→2, s1:7→1 / s2:1→1 / s3:1→1 / s4:1→1, 5→1 / s5:1→2, 5→2, 7→1, s1:7→1 / s2:1→1 / s3:1→1 / s4:1→1, 5→1 / s5:1→2, 7→1, s1:7→1 / s2:1→1 / s3:1→1 / s4:1→1, 5→1 / s5:1→3, 4→1, 5→1, s1:7→1 / s2:1→1 / s3:1→1 / s4:1→1, 5→1 / s5:1→3, 5→1, 7→1, s1:7→1 / s2:1→1 / s3:1→1 / s4:1→1, 5→1 / s5:1→3, 5→2, s1:7→1 / s2:1→1 / s3:1→1 / s4:1→1, 5→1 / s5:1→3, 5→2, s1:7→1 / s2:1→1 / s3:1→1 / s4:1→1, 7→1 / s5:1→1, 4→1, s1:7→1 / s2:1→1 / s3:1→1 / s4:1→1, 7→1 / s5:1→1, 5→1, s1:7→1 / s2:1→1 / s3:1→1 / s4:1→2, 5→1 / s5:1→2, 5→2, s1:7→1 / s2:1→1 / s3:1→1 / s4:1→2, 5→2 / s5:1→2, 5→1, s1:7→1 / s2:1→1 / s3:1→1 / s4:1→2, 5→2 / s5:1→2, 5→2, s1:7→1 / s2:1→1 / s3:1→1 / s4:1→2, 5→2 / s5:1→2, 5→2, s1:7→1 / s2:1→1 / s3:5→1 / s4:1→1, 5→1 / s5:1→1, 4→1, 5→3, s1:7→1 / s2:1→1 / s3:5→1 / s4:1→1, 5→1 / s5:1→1, 5→3, s1:7→1 / s2:1→1 / s3:5→1 / s4:1→1, 5→1 / s5:1→1, 5→3, s1:7→1 / s2:1→1 / s3:5→1 / s4:1→1, 5→1 / s5:1→1, 5→3, s1:7→1 / s2:1→1 / s3:5→1 / s4:1→1, 5→1 / s5:1→2, 5→2, s1:7→1 / s2:1→1 / s3:5→1 / s4:1→1, 5→1 / s5:1→3, 5→2, s1:7→1 / s2:1→1 / s3:5→1 / s4:1→1, 5→2 / s5:1→1, 5→2, s1:7→1 / s2:1→1 / s3:5→1 / s4:1→2, 5→2 / s5:1→3, 5→2, s1:7→1 / s2:1→1 / s3:5→1 / s4:5→1 / s5:1→1, 5→1, s1:7→1 / s2:1→1 / s3:5→1 / s4:5→1 / s5:1→1, 5→3, s1:7→1 / s2:1→1 / s3:5→1 / s4:5→1 / s5:1→1, 5→3, s1:7→1 / s2:1→1 / s3:5→1 / s4:5→1 / s5:1→1, 5→3, 7→1, s1:7→1 / s2:1→1 / s3:5→1 / s4:5→1 / s5:1→1, 5→3, 7→1, s1:7→1 / s2:1→1 / s3:5→1 / s4:5→1 / s5:1→2, 5→3, s1:7→1 / s2:1→1 / s3:5→1 / s5:1→1, 5→3, s1:7→1 / s2:1→1 / s4:1→1, 5→1 / s5:1→2, 5→1, s1:7→1 / s2:1→1 / s4:1→1, 5→1 / s5:1→2, 5→2, s1:7→1 / s2:1→1 / s4:1→1, 5→1 / s5:1→2, 5→3, s1:7→1 / s2:1→1 / s4:1→1, 5→1 / s5:1→3, 5→2, s1:7→1 / s2:1→1 / s4:1→1, 5→3 / s5:1→1, 5→3, s1:7→1 / s2:1→1 / s4:1→1, 5→3 / s5:1→1, 5→3, 7→1, s1:7→1 / s2:1→1 / s4:1→1 / s5:1→1, 5→1, s1:7→1 / s2:1→1 / s4:1→1 / s5:1→1, 7→1, s1:7→1 / s2:1→1 / s4:1→1 / s5:1→2, 5→1, 7→1, s1:7→1 / s2:1→1 / s4:1→1 / s5:1→2, 5→2, s1:7→1 / s2:1→1 / s4:1→1 / s5:1→2, 5→2, 7→1, s1:7→1 / s2:1→1 / s4:1→1 / s5:1→3, 5→1, 7→1, s1:7→1 / s2:1→1 / s4:1→2, 5→1, 7→1 / s5:1→3, 5→2, s1:7→1 / s2:1→1 / s4:1→2, 5→1 / s5:1→2, 5→2, s1:7→1 / s2:1→1 / s4:1→2, 5→1 / s5:1→3, 5→1, 7→1, s1:7→1 / s2:1→1 / s4:1→3, 5→1, 7→1 / s5:1→3, 5→2, s1:7→1 / s2:5→1 / s4:1→1 / s5:1→1, 7→1}"	"{s3:9→1 / s4:3→1 / s5:8→1, s3:9→1 / s4:8→1 / s5:3→1, s3:9→1 / s4:8→1 / s5:8→1, s3:9→1 / s4:8→1 / s5:8→1, s3:9→1 / s4:8→1 / s5:9→1, s3:8→1 / s4:8→1 / s5:9→1, s3:9→1 / s4:3→1 / s5:8→1, s3:9→1 / s4:8→1 / s5:3→1, s3:9→1 / s4:8→1 / s5:8→1, s3:8→1 / s4:3→1 / s5:9→1, s3:9→1 / s4:8→1 / s5:3→1, s3:9→1 / s4:8→1 / s5:9→1, s3:9→1 / s4:8→1 / s5:8→1, s3:9→1 / s4:8→1 / s5:8→1, s3:8→1 / s4:3→1 / s5:9→1, s3:8→1 / s4:8→1 / s5:9→1, s3:9→1 / s4:3→1 / s5:8→1, s3:9→1 / s4:8→1 / s5:3→1, s3:9→1 / s4:8→1 / s5:8→1, s3:9→1 / s4:8→1 / s5:3→1, s3:9→1 / s4:3→1 / s5:8→1, s3:9→1 / s4:8→1 / s5:3→1, s3:9→1 / s4:8→1 / s5:3→1, s3:3→1 / s4:9→1 / s5:8→1, s3:3→1 / s4:8→1 / s5:9→1, s3:3→1 / s4:9→1 / s5:8→1, s3:3→1 / s4:9→1 / s5:8→1, s3:9→1 / s4:9→1 / s5:8→1, s3:9→1 / s4:8→1 / s5:9→1, s3:9→1 / s4:3→1 / s5:8→1, s3:9→1 / s4:8→1 / s5:8→1, s3:9→1 / s4:9→1 / s5:8→1, s3:9→1 / s4:8→1 / s5:9→1, s3:9→1 / s4:9→1 / s5:8→1, s3:9→1 / s4:8→1 / s5:8→1, s3:9→1 / s4:3→1 / s5:8→1, s3:9→1 / s4:8→1 / s5:8→1, s3:9→1 / s4:3→1 / s5:8→1, s3:9→1 / s4:8→1 / s5:3→1, s3:9→1 / s4:8→1 / s5:8→1, s3:3→1 / s4:8→1 / s5:9→1, s3:8→1 / s4:8→1 / s5:9→1, s3:9→1 / s4:8→1 / s5:3→1, s3:9→1 / s4:8→1 / s5:8→1, s3:8→1 / s4:8→1 / s5:9→1, s3:8→1 / s4:9→1 / s5:9→1, s3:8→1 / s4:8→1 / s5:9→1, s3:8→1 / s4:9→1 / s5:3→1, s3:8→1 / s4:9→1 / s5:9→1, s3:8→1 / s4:9→1 / s5:8→1, s3:8→1 / s4:8→1 / s5:9→1, s3:8→1 / s4:9→1 / s5:9→1, s3:8→1 / s4:8→1 / s5:9→1, s3:8→1 / s4:9→1 / s5:3→1, s3:8→1 / s4:9→1 / s5:8→1, s3:8→1 / s4:3→1 / s5:9→1, s3:8→1 / s4:9→1 / s5:9→1, s3:8→1 / s4:3→1 / s5:9→1, s3:8→1 / s4:8→1 / s5:9→1, s3:8→1 / s4:9→1 / s5:3→1, s3:8→1 / s4:9→1 / s5:8→1, s3:8→1 / s4:9→1 / s5:9→1, s3:8→1 / s4:3→1 / s5:9→1, s3:8→1 / s4:9→1 / s5:3→1, s3:8→1 / s4:9→1 / s5:8→1, s3:8→1 / s4:9→1 / s5:3→1, s3:8→1 / s4:9→1 / s5:3→1, s3:8→1 / s4:9→1 / s5:8→1, s3:8→1 / s4:9→1 / s5:9→1, s3:8→1 / s4:9→1 / s5:9→1, s3:8→1 / s4:8→1 / s5:9→1, s3:8→1 / s4:9→1 / s5:3→1, s3:8→1 / s4:8→1 / s5:9→1, s3:8→1 / s4:9→1 / s5:3→1, s3:9→1 / s4:8→1 / s5:9→1, s3:3→1 / s4:8→1 / s5:9→1, s3:9→1 / s4:8→1 / s5:3→1, s3:9→1 / s4:8→1 / s5:9→1, s3:9→1 / s4:8→1 / s5:9→1, s3:9→1 / s4:9→1 / s5:8→1, s3:3→1 / s4:9→1 / s5:8→1, s3:9→1 / s4:9→1 / s5:8→1, s3:9→1 / s4:3→1 / s5:8→1, s3:9→1 / s4:3→1 / s5:8→1, s3:9→1 / s4:9→1 / s5:8→1, s3:9→1 / s4:3→1 / s5:8→1, s3:9→1 / s4:9→1 / s5:8→1, s3:9→1 / s4:3→1 / s5:8→1, s3:9→1 / s4:3→1 / s5:8→1, s3:3→1 / s4:9→1 / s5:8→1, s3:3→1 / s4:8→1 / s5:9→1, s3:3→1 / s4:9→1 / s5:8→1, s3:3→1 / s4:9→1 / s5:8→1, s3:3→1 / s4:9→1 / s5:8→1, s3:3→1 / s4:8→1 / s5:9→1, s3:3→1 / s4:8→1 / s5:9→1, s3:3→1 / s4:8→1 / s5:9→1, s3:3→1 / s4:8→1 / s5:9→1, s3:3→1 / s4:8→1 / s5:9→1, s3:3→1 / s4:8→1 / s5:9→1, s3:3→1 / s4:8→1 / s5:9→1, s3:3→1 / s4:9→1 / s5:8→1, s3:3→1 / s4:8→1 / s5:9→1, s3:3→1 / s4:8→1 / s5:9→1, s3:3→1 / s4:9→1 / s5:8→1, s3:3→1 / s4:9→1 / s5:8→1}"
7	34	"so(8)+g2+su(2)"	"so(8)+2(g2+su(2))+so(7)+2 su(2)"	14	146	3	2	0	0	0	0	0	0	"{s1:7→1 / s2:1→1, 5→1 / s3:1→1 / s4:1→1 / s5:1→4, 4→1, s1:7→1 / s2:1→1, 5→1 / s3:1→1 / s4:1→1 / s5:1→4, 7→1, s1:7→1 / s2:1→1, 5→1 / s3:1→1 / s4:1→1 / s5:1→4, 7→1, s1:7→1 / s2:1→1 / s3:1→1, 5→1 / s4:1→1, 5→1 / s5:1→2, 5→2, s1:7→1 / s2:1→1 / s3:1→1, 5→1 / s4:1→1, 5→1 / s5:1→3, 5→2, s1:7→1 / s2:1→1 / s3:1→1, 5→1 / s4:1→1 / s5:1→3, 5→2, s1:7→1 / s2:1→1 / s3:1→1, 5→1 / s4:1→1 / s5:1→3, 7→1, s1:7→1 / s2:1→1 / s3:1→1, 7→1 / s4:1→1, 5→1 / s5:1→2, 4→1, 5→1, s1:7→1 / s2:1→1 / s3:1→1, 7→1 / s4:1→1, 5→1 / s5:1→2, 5→1, s1:7→1 / s2:1→1 / s3:1→1 / s4:1→1, 5→1 / s5:1→1, s1:7→1 / s2:1→1 / s3:1→1 / s4:1→1, 5→1 / s5:1→2, 4→1, s1:7→1 / s2:1→1 / s3:1→1 / s4:1→1, 5→1 / s5:1→2, 7→1, s1:7→1 / s2:1→1 / s3:1→1 / s4:1→1, 5→1 / s5:1→3, 4→1, s1:7→1 / s2:1→1 / s3:1→1 / s4:1→1, 5→1 / s5:1→3, 7→1, s1:7→1 / s2:1→1 / s3:1→1 / s4:1→1 / s5:1→1, 5→1, s1:7→1 / s2:1→1 / s3:1→1 / s4:1→1 / s5:1→2, 4→1, s1:7→1 / s2:1→1 / s3:1→1 / s4:1→1 / s5:1→2, 7→1, s1:7→1 / s2:1→1 / s3:1→1 / s4:1→1 / s5:1→3, 4→1, 5→1, s1:7→1 / s2:1→1 / s3:1→1 / s4:1→1 / s5:1→3, 5→1, 7→1, s1:7→1 / s2:1→1 / s3:1→1 / s4:1→1 / s5:1→3, 5→2, s1:7→1 / s2:1→1 / s3:1→1 / s4:1→1 / s5:1→3, 5→2, s1:7→1 / s2:1→1 / s3:1→1 / s4:1→2, 7→1 / s5:1→2, 5→1, s1:7→1 / s2:1→1 / s3:5→1 / s4:1→3, 5→2 / s5:1→3, 5→2, s1:7→1 / s2:1→1 / s3:5→1 / s4:5→1 / s5:1→1, 5→4, s1:7→1 / s2:1→1 / s3:5→1 / s4:5→1 / s5:1→1, 5→4, s1:7→1 / s2:1→1 / s4:1→2, 7→1 / s5:1→2, 5→1}"	"{s3:9→1 / s4:8→1 / s5:8→1, s3:9→1 / s4:3→1 / s5:8→1, s3:9→1 / s4:8→1 / s5:3→1, s3:8→1 / s4:8→1 / s5:9→1, s3:9→1 / s4:8→1 / s5:3→1, s3:9→1 / s4:3→1 / s5:8→1, s3:9→1 / s4:3→1 / s5:8→1, s3:9→1 / s4:9→1 / s5:8→1, s3:9→1 / s4:9→1 / s5:8→1, s3:8→1 / s4:9→1 / s5:3→1, s3:8→1 / s4:9→1 / s5:9→1, s3:8→1 / s4:9→1 / s5:9→1, s3:8→1 / s4:9→1 / s5:8→1, s3:8→1 / s4:9→1 / s5:3→1, s3:8→1 / s4:8→1 / s5:9→1, s3:8→1 / s4:8→1 / s5:9→1, s3:8→1 / s4:3→1 / s5:9→1, s3:8→1 / s4:8→1 / s5:9→1, s3:8→1 / s4:3→1 / s5:9→1, s3:8→1 / s4:3→1 / s5:9→1, s3:8→1 / s4:8→1 / s5:9→1, s3:3→1 / s4:9→1 / s5:8→1, s3:9→1 / s4:8→1 / s5:8→1, s3:9→1 / s4:3→1 / s5:8→1, s3:9→1 / s4:9→1 / s5:8→1, s3:3→1 / s4:9→1 / s5:8→1}"
7	34	"so(8)+g2+su(2)"	"so(8)+2(g2+su(2))+so(7)+2 su(2)"	15	146	3	2	0	0	0	0	0	0	"{s1:7→1 / s2:1→1 / s3:1→1, 5→1 / s4:1→1 / s5:1→3, 5→1, s1:7→1 / s2:1→1 / s3:1→1 / s4:1→1, 5→1 / s5:1→2, 5→1, s1:7→1 / s2:1→1 / s3:1→1 / s4:1→1, 5→1 / s5:1→3, 5→1, s1:7→1 / s2:1→1 / s3:1→1 / s4:1→1, 5→1 / s5:1→3, 5→1, s1:7→1 / s2:1→1 / s3:1→1 / s4:1→1 / s5:1→2, 5→1, s1:7→1 / s2:1→1 / s3:1→1 / s4:1→1 / s5:1→2, 5→1, s1:7→1 / s2:1→1 / s3:1→1 / s4:1→2, 5→1 / s5:1→2, 5→2, s1:7→1 / s2:1→1 / s4:1→1 / s5:1→2, 7→1, s1:7→1 / s2:5→1 / s3:7→1 / s4:5→1}"	"{s3:9→1 / s4:3→1 / s5:8→1, s3:8→1 / s4:9→1 / s5:9→1, s3:8→1 / s4:9→1 / s5:3→1, s3:8→1 / s4:9→1 / s5:8→1, s3:8→1 / s4:3→1 / s5:9→1, s3:8→1 / s4:8→1 / s5:9→1, s3:3→1 / s4:8→1 / s5:9→1, s3:3→1 / s4:8→1 / s5:9→1, s3:9→1 / s4:8→1 / s5:3→1}"
7	34	"so(8)+g2+su(2)"	"so(8)+2(g2+su(2))+so(7)+2 su(2)"	16	146	3	2	0	0	0	0	0	0	"{s1:7→1 / s2:1→1, 5→1 / s3:1→1 / s4:1→1 / s5:1→4, 4→1, s1:7→1 / s2:1→1, 5→1 / s3:1→1 / s4:1→1 / s5:1→4, 7→1, s1:7→1 / s2:1→1 / s3:1→1 / s4:1→1 / s5:1→3, 4→1, s1:7→1 / s2:1→1 / s3:1→1 / s4:1→1 / s5:1→3, 7→1, s1:7→1 / s2:1→1 / s3:5→1 / s4:1→3, 5→2 / s5:1→3, 5→2, s1:7→1 / s2:1→1 / s3:5→1 / s4:5→1, 7→1 / s5:4→1, 5→1, s1:7→1 / s2:1→1 / s3:5→1 / s5:1→1, 5→3, 7→1}"	"{s3:8→1 / s4:8→1 / s5:9→1, s3:8→1 / s4:3→1 / s5:9→1, s3:8→1 / s4:8→1 / s5:9→1, s3:8→1 / s4:3→1 / s5:9→1, s3:9→1 / s4:8→1 / s5:3→1, s3:9→1 / s4:9→1 / s5:8→1, s3:9→1 / s4:3→1 / s5:8→1}"
7	34	"so(8)+g2+su(2)"	"so(8)+2(g2+su(2))+so(7)+2 su(2)"	17	146	3	2	0	0	0	0	0	0	"{s1:7→1 / s2:1→1 / s3:1→1, 5→1 / s4:1→2, 5→2 / s5:1→2, 5→1, s1:7→1 / s2:1→1 / s3:5→1 / s4:1→1, 4→1 / s5:1→2, 5→1, s1:7→1 / s2:1→1 / s3:5→1 / s4:1→1, 5→1 / s5:1→2, 5→1, s1:7→1 / s2:1→1 / s3:5→1 / s4:5→1 / s5:1→1, 5→4, s1:7→1 / s2:1→1 / s3:5→1 / s4:5→1 / s5:4→1, s1:7→1 / s2:1→1 / s3:5→1 / s4:5→1 / s5:5→1, s1:7→1 / s2:1→1 / s3:5→1 / s4:5→1 / s5:7→1, s1:7→1 / s2:1→1 / s3:5→1 / s5:1→3, 5→1, 7→1, s1:7→1 / s2:1→1 / s3:5→1 / s5:1→3, 5→2}"	"{s3:8→1 / s4:9→1 / s5:3→1, s3:9→1 / s4:9→1 / s5:8→1, s3:9→1 / s4:9→1 / s5:8→1, s3:9→1 / s4:8→1 / s5:3→1, s3:9→1 / s4:8→1 / s5:8→1, s3:9→1 / s4:9→1 / s5:8→1, s3:9→1 / s4:8→1 / s5:3→1, s3:9→1 / s4:3→1 / s5:8→1, s3:9→1 / s4:3→1 / s5:8→1}"
7	34	"so(8)+g2+su(2)"	"so(8)+2(g2+su(2))+so(7)+2 su(2)"	18	146	3	2	0	0	0	0	0	0	"{s1:1→1 / s2:1→1 / s3:7→1 / s5:1→1, 5→1, 7→1, s1:7→1 / s2:1→1 / s3:1→1 / s4:1→2, 5→1 / s5:1→2, 5→1, s1:7→1 / s2:1→1 / s3:1→1 / s4:1→2, 5→1 / s5:1→2, 5→1, s1:7→1 / s2:1→1 / s3:5→1 / s4:5→1 / s5:1→1, 4→1, 5→3, s1:7→1 / s2:1→1 / s3:5→1 / s4:5→1 / s5:1→1, 5→3, s1:7→1 / s2:1→1 / s3:5→1 / s4:5→1 / s5:1→1, 5→3, 7→1, s1:7→1 / s2:1→1 / s3:5→1 / s4:5→1 / s5:1→1, 5→3, 7→1, s1:7→1 / s2:1→1 / s3:5→1 / s4:5→1 / s5:1→1, 5→4, s1:7→1 / s2:1→1 / s3:5→1 / s4:5→1 / s5:4→1, 5→1, 7→1, s1:7→1 / s2:1→1 / s3:5→1 / s4:5→1 / s5:4→1, 5→2, s1:7→1 / s2:1→1 / s3:5→1 / s4:5→1 / s5:5→1}"	"{s3:9→1 / s4:3→1 / s5:8→1, s3:8→1 / s4:8→1 / s5:9→1, s3:8→1 / s4:9→1 / s5:3→1, s3:9→1 / s4:8→1 / s5:8→1, s3:9→1 / s4:8→1 / s5:8→1, s3:9→1 / s4:8→1 / s5:3→1, s3:9→1 / s4:8→1 / s5:9→1, s3:9→1 / s4:8→1 / s5:9→1, s3:9→1 / s4:8→1 / s5:9→1, s3:9→1 / s4:8→1 / s5:9→1, s3:9→1 / s4:8→1 / s5:3→1}"
7	34	"so(8)+g2+su(2)"	"so(8)+2(g2+su(2))+so(7)+2 su(2)"	19	146	3	2	0	0	0	0	0	0	"{s1:1→1 / s2:1→1 / s3:7→1 / s5:1→1, 5→2, s1:1→1 / s2:1→1 / s3:7→1 / s5:1→1, 7→1, s1:5→1, 7→1 / s2:1→1 / s3:7→1 / s4:5→1 / s5:4→1, s1:7→1 / s2:1→1 / s3:1→1 / s4:1→1, 4→1 / s5:1→2, 5→1, 7→1, s1:7→1 / s2:1→1 / s3:1→1 / s4:1→1, 7→1 / s5:1→2, 4→1, 5→1, s1:7→1 / s2:1→1 / s3:1→1 / s4:1→2, 5→1 / s5:1→2, 4→1, s1:7→1 / s2:1→1 / s3:1→1 / s4:1→2, 5→1 / s5:1→2, 5→1, s1:7→1 / s2:1→1 / s3:1→1 / s4:1→2, 7→1 / s5:1→2, 5→1, s1:7→1 / s2:1→1 / s3:5→1 / s4:1→1, 7→1 / s5:1→2, 4→1, 5→1, s1:7→1 / s2:1→1 / s3:5→1 / s4:1→1, 7→1 / s5:1→2, 5→1, s1:7→1 / s2:1→1 / s3:7→1 / s4:5→1 / s5:1→1, 4→1, 5→1, s1:7→1 / s2:1→1 / s3:7→1 / s4:5→1 / s5:4→1, s1:7→1 / s2:1→1 / s3:7→1 / s4:5→1 / s5:5→1, s1:7→1 / s2:1→1 / s4:1→1 / s5:1→1, 5→1, 7→1, s1:7→1 / s2:1→1 / s4:1→1 / s5:1→3, 5→2}"	"{s3:9→1 / s4:3→1 / s5:8→1, s3:9→1 / s4:3→1 / s5:8→1, s3:9→1 / s4:9→1 / s5:8→1, s3:8→1 / s4:9→1 / s5:9→1, s3:8→1 / s4:9→1 / s5:9→1, s3:8→1 / s4:8→1 / s5:9→1, s3:3→1 / s4:9→1 / s5:8→1, s3:8→1 / s4:9→1 / s5:3→1, s3:9→1 / s4:9→1 / s5:8→1, s3:9→1 / s4:9→1 / s5:8→1, s3:9→1 / s4:9→1 / s5:8→1, s3:9→1 / s4:9→1 / s5:8→1, s3:9→1 / s4:9→1 / s5:8→1, s3:3→1 / s4:8→1 / s5:9→1, s3:3→1 / s4:8→1 / s5:9→1}"
7	34	"so(8)+g2+su(2)"	"so(8)+2(g2+su(2))+so(7)+2 su(2)"	20	146	3	2	0	0	0	0	0	0	"{s1:1→1 / s2:1→1, 7→1 / s3:5→1 / s5:1→1, 7→1, s1:7→1 / s2:1→1 / s3:1→1, 5→1 / s4:1→1, 5→1 / s5:1→2, 5→1, s1:7→1 / s2:1→1 / s3:5→1 / s4:1→2, 5→1, 7→1 / s5:1→3, 5→2, s1:7→1 / s2:1→1 / s4:1→1, 5→1 / s5:1→3, 7→1}"	"{s3:8→1 / s4:3→1 / s5:9→1, s3:9→1 / s4:8→1 / s5:3→1, s3:9→1 / s4:9→1 / s5:8→1, s3:3→1 / s4:9→1 / s5:8→1}"
7	34	"so(8)+g2+su(2)"	"so(8)+2(g2+su(2))+so(7)+2 su(2)"	21	146	3	2	0	0	0	0	0	0	"{s1:7→1 / s2:1→1 / s3:1→1, 5→1 / s4:1→1 / s5:1→3, 5→1, 7→1, s1:7→1 / s2:1→1 / s3:5→1 / s4:5→1 / s5:1→1, 5→2, s1:7→1 / s2:1→1 / s3:5→1 / s4:5→1 / s5:1→1, 5→3, 7→1, s1:7→1 / s2:1→1 / s3:5→1 / s4:5→1 / s5:1→1, 5→4, s1:7→1 / s2:1→1 / s4:1→1, 5→3 / s5:1→1, 5→4}"	"{s3:9→1 / s4:3→1 / s5:8→1, s3:9→1 / s4:8→1 / s5:8→1, s3:8→1 / s4:3→1 / s5:9→1, s3:8→1 / s4:3→1 / s5:9→1, s3:3→1 / s4:8→1 / s5:9→1}"
7	34	"so(8)+g2+su(2)"	"so(8)+2(g2+su(2))+so(7)+2 su(2)"	23	146	3	2	0	0	0	0	0	0	"s1:7→1 / s2:1→1 / s3:5→1 / s4:5→1 / s5:4→1, 5→2, 7→1"	"s3:9→1 / s4:8→1 / s5:9→1"
7	34	"so(8)+g2+su(2)"	"so(8)+2(g2+su(2))+so(7)+2 su(2)"	25	146	3	2	0	0	0	0	0	0	"{s1:7→1 / s2:1→1 / s3:5→1 / s4:5→1 / s5:1→1, 5→4, s1:7→1 / s2:1→1 / s3:5→1 / s4:5→1 / s5:5→1, 7→1}"	"{s3:9→1 / s4:8→1 / s5:8→1, s3:9→1 / s4:8→1 / s5:9→1}"
7	34	"so(8)+g2+su(2)"	"so(8)+2(g2+su(2))+so(7)+2 su(2)"	26	146	3	2	0	0	0	0	0	0	"{s1:7→1 / s2:1→1 / s3:5→1 / s4:1→2, 5→1 / s5:1→3, 5→2, s1:7→1 / s2:1→1 / s3:5→1 / s4:5→1, 7→1 / s5:5→1}"	"{s3:9→1 / s4:8→1 / s5:8→1, s3:8→1 / s4:9→1 / s5:3→1}"
7	34	"so(8)+g2+su(2)"	"so(8)+2(g2+su(2))+so(7)+2 su(2)"	27	146	3	2	0	0	0	0	0	0	"{s1:7→1 / s2:1→1 / s3:1→1 / s4:1→1 / s5:1→4, 4→1, s1:7→1 / s2:1→1 / s3:1→1 / s4:1→1 / s5:1→4, 7→1}"	"{s3:8→1 / s4:8→1 / s5:9→1, s3:8→1 / s4:3→1 / s5:9→1}"
7	34	"so(8)+g2+su(2)"	"so(8)+2(g2+su(2))+so(7)+2 su(2)"	28	146	3	2	0	0	0	0	0	0	"{s1:7→1 / s2:1→1 / s3:1→1 / s4:1→2, 5→1 / s5:1→2, s1:7→1 / s2:1→1 / s3:1→1 / s4:1→2 / s5:1→2, 5→1, s1:7→1 / s2:1→1 / s3:5→1 / s4:5→1 / s5:4→1, 5→3}"	"{s3:8→1 / s4:9→1 / s5:3→1, s3:8→1 / s4:8→1 / s5:9→1, s3:9→1 / s4:8→1 / s5:9→1}"
7	34	"so(8)+g2+su(2)"	"so(8)+2(g2+su(2))+so(7)+2 su(2)"	30	146	3	2	0	0	0	0	0	0	"{s1:7→1 / s2:1→1 / s3:5→1 / s4:1→2, 5→1 / s5:1→2, 4→1, 5→1, s1:7→1 / s2:1→1 / s3:5→1 / s4:1→2, 5→1 / s5:1→2, 5→2}"	"{s3:9→1 / s4:8→1 / s5:9→1, s3:9→1 / s4:8→1 / s5:9→1}"
7	34	"so(8)+g2+su(2)"	"so(8)+2(g2+su(2))+so(7)+2 su(2)"	31	146	3	2	0	0	0	0	0	0	"s1:7→1 / s2:1→1 / s3:1→1 / s4:1→2 / s5:1→2, 5→1"	"s3:3→1 / s4:8→1 / s5:9→1"
7	34	"so(8)+g2+su(2)"	"so(8)+2(g2+su(2))+so(7)+2 su(2)"	33	146	3	2	0	0	0	0	0	0	"s1:7→1 / s2:1→1 / s3:5→1 / s4:5→1 / s5:4→1, 5→1"	"s3:9→1 / s4:8→1 / s5:9→1"
7	34	"so(8)+g2+su(2)"	"so(8)+2(g2+su(2))+so(7)+2 su(2)"	34	146	3	2	0	0	0	0	0	0	"{s1:7→1 / s2:1→1 / s3:1→1 / s4:1→2, 5→2, 7→1 / s5:1→2, 5→2, s1:7→1 / s2:1→1 / s3:1→1 / s4:1→2, 5→2 / s5:1→2, 4→1, 5→2}"	"{s3:8→1 / s4:9→1 / s5:3→1, s3:8→1 / s4:8→1 / s5:9→1}"
7	34	"so(8)+g2+su(2)"	"so(8)+2(g2+su(2))+so(7)+2 su(2)"	35	146	3	2	0	0	0	0	0	0	"{s1:7→1 / s2:1→1, 5→1 / s3:1→1 / s4:1→1 / s5:1→4, 5→1, s1:7→1 / s2:1→1, 5→1 / s3:1→1 / s4:1→1 / s5:1→4, 5→1}"	"{s3:9→1 / s4:8→1 / s5:3→1, s3:9→1 / s4:8→1 / s5:8→1}"
7	34	"so(8)+g2+su(2)"	"so(8)+2(g2+su(2))+so(7)+2 su(2)"	40	146	3	2	0	0	0	0	0	0	"{s1:7→1 / s2:1→1 / s3:1→1, 5→1, 7→1 / s4:1→1, 5→2 / s5:1→1, 5→2, s1:7→1 / s2:1→1 / s4:1→2, 5→1 / s5:1→3, 5→2}"	"{s3:9→1 / s4:8→1 / s5:3→1, s3:3→1 / s4:8→1 / s5:9→1}"
7	34	"so(8)+g2+su(2)"	"so(8)+2(g2+su(2))+so(7)+2 su(2)"	42	146	3	2	0	0	0	0	0	0	"{s1:7→1 / s2:1→1 / s3:1→1 / s4:1→1, 5→1, 7→1 / s5:1→1, 4→1, 5→1, s1:7→1 / s2:1→1 / s3:5→1 / s4:1→2, 5→1 / s5:1→3, 4→1, 5→1, s1:7→1 / s2:1→1 / s3:5→1 / s4:1→2, 5→1 / s5:1→3, 5→1, 7→1}"	"{s3:8→1 / s4:9→1 / s5:9→1, s3:9→1 / s4:8→1 / s5:8→1, s3:9→1 / s4:8→1 / s5:3→1}"
7	34	"so(8)+g2+su(2)"	"so(8)+2(g2+su(2))+so(7)+2 su(2)"	44	146	3	2	0	0	0	0	0	0	"s1:1→1 / s2:1→1, 7→1 / s3:5→1 / s5:1→1, 5→2, 7→1"	"s3:8→1 / s4:3→1 / s5:9→1"
7	34	"so(8)+g2+su(2)"	"so(8)+2(g2+su(2))+so(7)+2 su(2)"	46	146	3	2	0	0	0	0	0	0	"s1:7→1 / s2:1→1 / s3:5→1 / s4:5→2, 7→1 / s5:4→1, 5→2"	"s3:9→1 / s4:9→1 / s5:8→1"
7	34	"so(8)+g2+su(2)"	"so(8)+2(g2+su(2))+so(7)+2 su(2)"	49	146	3	2	0	0	0	0	0	0	"s1:7→1 / s2:1→1 / s3:5→1 / s4:5→1 / s5:1→1, 5→3"	"s3:9→1 / s4:8→1 / s5:3→1"
7	34	"so(8)+g2+su(2)"	"so(8)+2(g2+su(2))+so(7)+2 su(2)"	50	146	3	2	0	0	0	0	0	0	"s1:7→1 / s2:1→1 / s3:5→1 / s4:1→2, 5→1 / s5:1→2, 5→1, 7→1"	"s3:9→1 / s4:8→1 / s5:9→1"
7	34	"so(8)+g2+su(2)"	"so(8)+2(g2+su(2))+so(7)+2 su(2)"	53	146	3	2	0	0	0	0	0	0	"s1:7→1 / s2:1→1 / s3:5→1 / s4:5→2 / s5:5→2"	"s3:8→1 / s4:9→1 / s5:3→1"
7	34	"so(8)+g2+su(2)"	"so(8)+2(g2+su(2))+so(7)+2 su(2)"	56	146	3	2	0	0	0	0	0	0	"{s1:7→1 / s2:1→1 / s3:5→1 / s4:5→1 / s5:4→1, 5→1, s1:7→1 / s2:1→1 / s3:5→1 / s4:5→1 / s5:5→1, 7→1, s1:7→1 / s2:1→1 / s3:5→1 / s4:5→1 / s5:5→2}"	"{s3:9→1 / s4:8→1 / s5:8→1, s3:9→1 / s4:8→1 / s5:3→1, s3:9→1 / s4:8→1 / s5:9→1}"
7	34	"so(8)+g2+su(2)"	"so(8)+2(g2+su(2))+so(7)+2 su(2)"	57	146	3	2	0	0	0	0	0	0	"{s1:7→1 / s2:1→1 / s3:5→1 / s4:5→2 / s5:4→1, 5→2, s1:7→1 / s2:1→1 / s3:5→1 / s4:5→2 / s5:5→2, 7→1}"	"{s3:8→1 / s4:9→1 / s5:8→1, s3:8→1 / s4:9→1 / s5:3→1}"
7	34	"so(8)+g2+su(2)"	"so(8)+2(g2+su(2))+so(7)+2 su(2)"	58	146	3	2	0	0	0	0	0	0	"s1:7→1 / s2:1→1 / s3:5→1 / s4:1→2, 5→1 / s5:1→3, 5→2"	"s3:9→1 / s4:8→1 / s5:3→1"
7	34	"so(8)+g2+su(2)"	"so(8)+2(g2+su(2))+so(7)+2 su(2)"	69	146	3	2	0	0	0	0	0	0	"s1:7→1 / s2:1→1, 5→1 / s3:1→1 / s4:1→1 / s5:1→1"	"s3:9→1 / s4:9→1 / s5:8→1"
7	34	"so(8)+g2+su(2)"	"so(8)+2(g2+su(2))+so(7)+2 su(2)"	76	146	3	2	0	0	0	0	0	0	"s1:7→1 / s2:1→1 / s3:7→1 / s4:5→1 / s5:4→1, 5→1"	"s3:9→1 / s4:8→1 / s5:9→1"
7	34	"so(8)+g2+su(2)"	"so(8)+2(g2+su(2))+so(7)+2 su(2)"	77	146	3	2	0	0	0	0	0	0	"s1:7→1 / s2:1→1 / s3:5→1 / s4:5→1, 7→1 / s5:4→1, 5→3"	"s3:8→1 / s4:9→1 / s5:9→1"
7	34	"so(8)+g2+su(2)"	"so(8)+2(g2+su(2))+so(7)+2 su(2)"	80	146	3	2	0	0	0	0	0	0	"{s1:7→1 / s2:1→1 / s3:1→1 / s4:1→1, 5→1 / s5:1→1, 4→1, s1:7→1 / s2:1→1 / s3:1→1 / s4:1→1, 7→1 / s5:1→1, 5→1, s1:7→1 / s2:1→1 / s3:5→1 / s4:5→1 / s5:1→1, 4→1, 5→2}"	"{s3:8→1 / s4:8→1 / s5:9→1, s3:8→1 / s4:9→1 / s5:3→1, s3:9→1 / s4:8→1 / s5:8→1}"
7	34	"so(8)+g2+su(2)"	"so(8)+2 su(3)+g2+su(2)+so(7)+2 su(2)"	12	139	2	3	0	0	0	0	0	0	"{s1:1→1 / s2:1→1, 7→1 / s3:1→1, 5→1, 7→1 / s4:5→1, s1:1→1 / s2:1→1, 7→1 / s3:1→1, 5→1 / s4:7→1, s1:7→1 / s2:1→1, 5→1 / s3:1→1, 5→1 / s4:1→1 / s5:1→1, s1:7→1 / s2:1→1, 5→1 / s3:1→1, 5→1 / s4:1→1 / s5:1→1, s1:7→1 / s2:1→1, 5→1 / s3:1→1, 5→1 / s4:1→1 / s5:1→1, 4→1, s1:7→1 / s2:1→1, 5→1 / s3:1→1, 5→1 / s4:1→1 / s5:1→1, 7→1, s1:7→1 / s2:1→1, 5→1 / s3:1→1, 5→1 / s4:1→1 / s5:1→2, 4→1, s1:7→1 / s2:1→1, 5→1 / s3:1→1, 5→1 / s4:1→1 / s5:1→2, 7→1, s1:7→1 / s2:1→1, 5→1 / s3:1→1, 5→1 / s4:1→1 / s5:1→2, 7→1, s1:7→1 / s2:1→1, 5→1 / s3:1→1, 5→1 / s4:1→1 / s5:1→3, 4→1, s1:7→1 / s2:1→1, 5→1 / s3:1→1, 5→1 / s4:1→1 / s5:1→3, 7→1, s1:7→1 / s2:1→1, 5→1 / s3:1→1, 5→1 / s4:1→1 / s5:1→3, 7→1, s1:7→1 / s2:1→1, 5→1 / s3:1→1, 5→1 / s5:1→1, s1:7→1 / s2:1→1, 5→1 / s3:1→1, 5→1 / s5:1→2, 7→1, s1:7→1 / s2:1→1, 5→1 / s3:1→2, 5→1 / s5:1→3, 7→1, s1:7→1 / s2:1→1, 5→1 / s3:1→2, 7→1 / s5:1→1, 5→1, s1:7→1 / s2:1→1, 7→1 / s3:1→1, 5→1 / s4:1→1, 5→1 / s5:1→1, s1:7→1 / s2:1→1, 7→1 / s3:1→1, 5→1 / s4:1→1 / s5:1→1, 5→1, s1:7→1 / s2:1→1, 7→1 / s3:1→1, 5→1 / s4:5→1, s1:7→1 / s2:1→1, 7→1 / s3:1→1, 5→1 / s5:1→1, 5→1, s1:7→1 / s2:1→1, 7→1 / s3:1→2, 5→1 / s4:5→1, s1:7→1 / s2:1→1 / s3:1→1, 5→1, 7→1 / s4:5→1, s1:7→1 / s2:1→1 / s3:1→1, 5→1, 7→1 / s4:5→1 / s5:1→1, 4→1, 5→1, s1:7→1 / s2:1→1 / s3:1→1, 5→1, 7→1 / s4:5→1 / s5:1→1, 5→1, s1:7→1 / s2:1→1 / s3:1→1, 5→1, 7→1 / s4:5→1 / s5:4→1, s1:7→1 / s2:1→1 / s3:1→1, 5→1, 7→1 / s4:5→1 / s5:4→1, 5→1, s1:7→1 / s2:1→1 / s3:1→1, 5→1, 7→1 / s4:5→1 / s5:5→1, s1:7→1 / s2:1→1 / s3:1→1, 5→1, 7→1 / s4:5→1 / s5:5→1, s1:7→1 / s2:1→1 / s3:1→1, 5→1, 7→1 / s5:1→1, 5→2, s1:7→1 / s2:1→1 / s3:1→1, 5→1 / s4:1→1, 5→1, 7→1 / s5:1→1, 5→1, 7→1, s1:7→1 / s2:1→1 / s3:1→1, 5→1 / s4:1→1, 5→1, 7→1 / s5:1→1, 7→1, s1:7→1 / s2:1→1 / s3:1→1, 5→1 / s4:1→1, 5→1, 7→1 / s5:1→1, 7→1, s1:7→1 / s2:1→1 / s3:1→1, 5→1 / s4:1→1, 5→1 / s5:1→1, 4→1, s1:7→1 / s2:1→1 / s3:1→1, 5→1 / s4:1→1, 5→1 / s5:1→1, 4→1, 5→1, s1:7→1 / s2:1→1 / s3:1→1, 5→1 / s4:1→1, 5→1 / s5:1→1, 5→1, s1:7→1 / s2:1→1 / s3:1→1, 5→1 / s4:1→1, 5→1 / s5:1→1, 5→1, s1:7→1 / s2:1→1 / s3:1→1, 5→1 / s4:1→1, 5→1 / s5:1→1, 5→1, 7→1, s1:7→1 / s2:1→1 / s3:1→1, 5→1 / s4:1→1, 5→1 / s5:1→1, 7→1, s1:7→1 / s2:1→1 / s3:1→1, 5→1 / s4:1→1, 5→1 / s5:1→2, 4→1, 5→1, s1:7→1 / s2:1→1 / s3:1→1, 5→1 / s4:1→1, 5→1 / s5:1→2, 5→1, 7→1, s1:7→1 / s2:1→1 / s3:1→1, 5→1 / s4:1→1, 5→1 / s5:1→2, 5→1, 7→1, s1:7→1 / s2:1→1 / s3:1→1, 5→1 / s4:1→1, 5→1 / s5:1→3, 4→1, 5→1, s1:7→1 / s2:1→1 / s3:1→1, 5→1 / s4:1→1, 5→1 / s5:1→3, 5→1, 7→1, s1:7→1 / s2:1→1 / s3:1→1, 5→1 / s4:1→1, 5→1 / s5:1→3, 5→1, 7→1, s1:7→1 / s2:1→1 / s3:1→1, 5→1 / s4:1→1, 7→1 / s5:1→1, 5→1, s1:7→1 / s2:1→1 / s3:1→1, 5→1 / s4:1→1, 7→1 / s5:1→1, 5→1, s1:7→1 / s2:1→1 / s3:1→1, 5→1 / s4:1→1, 7→1 / s5:1→1, 5→1, 7→1, s1:7→1 / s2:1→1 / s3:1→1, 5→1 / s4:1→1, 7→1 / s5:1→1, 7→1, s1:7→1 / s2:1→1 / s3:1→1, 5→1 / s4:1→1, 7→1 / s5:1→1, 7→1, s1:7→1 / s2:1→1 / s3:1→1, 5→1 / s4:5→1, s1:7→1 / s2:1→1 / s3:1→1, 5→1 / s4:5→1, s1:7→1 / s2:1→1 / s3:1→1, 5→1 / s4:5→1 / s5:1→1, 4→1, 5→1, s1:7→1 / s2:1→1 / s3:1→1, 5→1 / s4:5→1 / s5:1→1, 4→1, 5→1, 7→1, s1:7→1 / s2:1→1 / s3:1→1, 5→1 / s4:5→1 / s5:1→1, 4→1, 7→1, s1:7→1 / s2:1→1 / s3:1→1, 5→1 / s4:5→1 / s5:1→1, 5→1, s1:7→1 / s2:1→1 / s3:1→1, 5→1 / s4:5→1 / s5:1→1, 5→1, 7→1, s1:7→1 / s2:1→1 / s3:1→1, 5→1 / s4:5→1 / s5:1→1, 5→1, 7→1, s1:7→1 / s2:1→1 / s3:1→1, 5→1 / s4:5→1 / s5:1→1, 5→1, 7→1, s1:7→1 / s2:1→1 / s3:1→1, 5→1 / s4:5→1 / s5:1→1, 7→1, s1:7→1 / s2:1→1 / s3:1→1, 5→1 / s4:5→1 / s5:1→1, 7→1, s1:7→1 / s2:1→1 / s3:1→1, 5→1 / s4:5→1 / s5:1→2, 4→1, 5→1, s1:7→1 / s2:1→1 / s3:1→1, 5→1 / s4:5→1 / s5:1→2, 4→1, 5→1, 7→1, s1:7→1 / s2:1→1 / s3:1→1, 5→1 / s4:5→1 / s5:1→2, 5→1, 7→1, s1:7→1 / s2:1→1 / s3:1→1, 5→1 / s4:5→1 / s5:1→2, 5→1, 7→1, s1:7→1 / s2:1→1 / s3:1→1, 5→1 / s4:5→1 / s5:1→2, 5→1, 7→2, s1:7→1 / s2:1→1 / s3:1→1, 5→1 / s4:5→1 / s5:1→2, 5→1, 7→2, s1:7→1 / s2:1→1 / s3:1→1, 5→1 / s4:5→1 / s5:4→1, s1:7→1 / s2:1→1 / s3:1→1, 5→1 / s4:5→1 / s5:5→1, s1:7→1 / s2:1→1 / s3:1→1, 5→1 / s4:5→1 / s5:5→1, s1:7→1 / s2:1→1 / s3:1→1, 5→1 / s5:1→1, 5→1, s1:7→1 / s2:1→1 / s3:1→1, 5→1 / s5:1→1, 5→1, s1:7→1 / s2:1→1 / s3:1→1, 5→1 / s5:1→1, 5→1, 7→1, s1:7→1 / s2:1→1 / s3:1→1, 5→1 / s5:1→1, 5→1, 7→1, s1:7→1 / s2:1→1 / s3:1→1, 5→1 / s5:1→1, 5→1, 7→1, s1:7→1 / s2:1→1 / s3:1→1, 5→1 / s5:1→1, 5→2, s1:7→1 / s2:1→1 / s3:1→1, 5→1 / s5:1→1, 5→2, s1:7→1 / s2:1→1 / s3:1→1, 5→1 / s5:1→1, 5→2, 7→1, s1:7→1 / s2:1→1 / s3:1→1, 5→1 / s5:1→1, 5→3, s1:7→1 / s2:1→1 / s3:1→1, 5→1 / s5:1→1, 7→1, s1:7→1 / s2:1→1 / s3:1→1, 5→1 / s5:1→1, 7→1, s1:7→1 / s2:1→1 / s3:1→1, 5→1 / s5:1→1, 7→1, s1:7→1 / s2:1→1 / s3:1→1, 5→1 / s5:1→2, 5→1, 7→1, s1:7→1 / s2:1→1 / s3:1→1, 5→1 / s5:1→2, 5→1, 7→1, s1:7→1 / s2:1→1 / s3:1→1, 5→1 / s5:1→2, 5→1, 7→1, s1:7→1 / s2:1→1 / s3:1→1, 5→1 / s5:1→2, 5→1, 7→2, s1:7→1 / s2:1→1 / s3:1→1, 5→1 / s5:1→2, 5→1, 7→2, s1:7→1 / s2:1→1 / s3:1→1, 5→1 / s5:1→2, 5→2, s1:7→1 / s2:1→1 / s3:1→1, 5→1 / s5:1→2, 5→2, 7→1, s1:7→1 / s2:1→1 / s3:1→1, 5→1 / s5:1→2, 5→2, 7→1, s1:7→1 / s2:1→1 / s3:1→1, 5→1 / s5:1→2, 5→3, s1:7→1 / s2:1→1 / s3:1→1, 5→1 / s5:1→2, 5→3, s1:7→1 / s2:1→1 / s3:1→1, 5→1 / s5:1→2, 7→1, s1:7→1 / s2:1→1 / s3:1→1, 5→1 / s5:1→2, 7→2, s1:7→1 / s2:1→1 / s3:1→1, 5→1 / s5:1→2, 7→2, s1:7→1 / s2:1→1 / s3:1→1, 5→1 / s5:1→3, 5→1, 7→1, s1:7→1 / s2:1→1 / s3:1→1, 5→1 / s5:1→3, 5→1, 7→1, s1:7→1 / s2:1→1 / s3:1→1, 5→1 / s5:1→3, 7→2, s1:7→1 / s2:1→1 / s3:1→1, 7→1 / s4:1→1, 5→1 / s5:1→1, 5→1, s1:7→1 / s2:1→1 / s3:1→1, 7→1 / s4:5→1, s1:7→1 / s2:1→1 / s3:1→1, 7→1 / s4:5→1 / s5:1→1, 4→1, 5→1, s1:7→1 / s2:1→1 / s3:1→1, 7→1 / s4:5→1 / s5:1→1, 5→1, s1:7→1 / s2:1→1 / s3:1→1, 7→1 / s4:5→1 / s5:1→1, 5→1, s1:7→1 / s2:1→1 / s3:1→1, 7→1 / s4:5→1 / s5:1→2, 4→1, 5→1, s1:7→1 / s2:1→1 / s3:1→1, 7→1 / s4:5→1 / s5:1→2, 4→1, 5→2, s1:7→1 / s2:1→1 / s3:1→1, 7→1 / s4:5→1 / s5:1→2, 5→2, s1:7→1 / s2:1→1 / s3:1→1, 7→1 / s4:5→1 / s5:4→1, s1:7→1 / s2:1→1 / s3:1→1, 7→1 / s5:1→1, 5→1, s1:7→1 / s2:1→1 / s3:1→2, 5→1, 7→1 / s4:5→1, s1:7→1 / s2:1→1 / s3:1→2, 5→1, 7→1 / s5:1→1, 5→1, s1:7→1 / s2:1→1 / s3:1→2, 5→1, 7→1 / s5:1→1, 5→2, s1:7→1 / s2:5→1 / s3:1→1, 7→1 / s4:1→1 / s5:1→1, 4→1, s1:7→1 / s2:5→1 / s3:1→1, 7→1 / s4:1→1 / s5:1→1, 5→1, s1:7→1 / s2:5→1 / s3:1→1, 7→1 / s5:1→1, 5→1, s1:7→1 / s2:5→1 / s3:1→1 / s4:1→1, 5→1, 7→1 / s5:1→1, 4→1, 5→1, 7→1, s1:7→1 / s2:5→1 / s3:1→1 / s4:1→1, 5→1, 7→1 / s5:1→1, 4→1, 7→1, s1:7→1 / s2:5→1 / s3:1→1 / s4:1→1, 5→1, 7→1 / s5:1→1, 5→1, 7→1, s1:7→1 / s2:5→1 / s3:1→1 / s4:1→1, 5→1, 7→1 / s5:1→1, 5→1, 7→1, s1:7→1 / s2:5→1 / s3:1→1 / s4:1→1, 5→1, 7→1 / s5:1→1, 7→1, s1:7→1 / s2:5→1 / s3:1→1 / s4:1→1, 5→1, 7→1 / s5:1→2, 4→1, 5→1, 7→1, s1:7→1 / s2:5→1 / s3:1→1 / s4:1→1, 7→1 / s5:1→1, 4→1, s1:7→1 / s2:5→1 / s3:1→1 / s4:1→1, 7→1 / s5:1→1, 4→1, 7→1, s1:7→1 / s2:5→1 / s3:1→1 / s4:1→1, 7→1 / s5:1→1, 5→1, s1:7→1 / s2:5→1 / s3:1→1 / s4:1→1, 7→1 / s5:1→1, 5→1, s1:7→1 / s2:5→1 / s3:1→1 / s4:1→1, 7→1 / s5:1→1, 5→1, 7→1, s1:7→1 / s2:5→1 / s3:1→1 / s4:1→1, 7→1 / s5:1→1, 7→1, s1:7→1 / s2:5→1 / s3:1→1 / s4:1→1, 7→1 / s5:1→1, 7→1, s1:7→1 / s2:5→1 / s3:1→1 / s4:1→1, 7→1 / s5:1→1, 7→1, s1:7→1 / s2:5→1 / s3:1→1 / s4:1→1, 7→1 / s5:1→2, 4→1, 5→1, s1:7→1 / s2:5→1 / s3:1→1 / s4:1→1, 7→1 / s5:1→2, 4→1, 7→1, s1:7→1 / s2:5→1 / s3:1→1 / s4:1→1, 7→1 / s5:1→2, 4→1, 7→1, s1:7→1 / s2:5→1 / s3:1→1 / s4:1→1, 7→1 / s5:1→2, 5→1, 7→1, s1:7→1 / s2:5→1 / s3:1→1 / s4:1→1, 7→1 / s5:1→2, 5→1, 7→1, s1:7→1 / s2:5→1 / s3:1→1 / s4:1→1, 7→1 / s5:1→2, 5→1, 7→1, s1:7→1 / s2:5→1 / s3:1→1 / s4:1→1, 7→1 / s5:1→2, 5→1, 7→1, s1:7→1 / s2:5→1 / s3:1→1 / s4:1→1, 7→1 / s5:1→2, 5→1, 7→1, s1:7→1 / s2:5→1 / s3:1→1 / s4:1→1, 7→1 / s5:1→3, 5→1, 7→1, s1:7→1 / s2:5→1 / s3:1→1 / s4:1→2, 5→1, 7→1 / s5:1→2, 4→1, 7→1, s1:7→1 / s2:5→1 / s3:1→1 / s4:1→2, 5→1, 7→1 / s5:1→2, 5→1, 7→1, s1:7→1 / s2:5→1 / s3:1→1 / s4:1→2, 5→1, 7→1 / s5:1→2, 5→1, 7→1, s1:7→1 / s2:5→1 / s3:1→1 / s4:1→2, 5→1, 7→1 / s5:1→3, 5→1, 7→1, s1:7→1 / s2:5→1 / s3:1→1 / s5:1→1, 5→1, s1:7→1 / s2:5→1 / s3:1→1 / s5:1→1, 5→1, 7→1, s1:7→1 / s2:5→1 / s3:1→1 / s5:1→1, 7→1, s1:7→1 / s2:5→1 / s3:1→1 / s5:1→1, 7→1, s1:7→1 / s2:5→1 / s3:1→1 / s5:1→1, 7→2, s1:7→1 / s2:5→1 / s3:1→1 / s5:1→2, 5→1, 7→1, s1:7→1 / s2:5→1 / s3:1→1 / s5:1→2, 5→1, 7→1, s1:7→1 / s2:5→1 / s3:1→1 / s5:1→2, 5→1, 7→2, s1:7→1 / s2:5→1 / s3:1→1 / s5:1→2, 5→1, 7→2, s1:7→1 / s2:5→1 / s3:1→1 / s5:1→2, 7→2, s1:7→1 / s2:5→1 / s3:1→1 / s5:1→2, 7→2, s1:7→1 / s2:5→1 / s3:1→1 / s5:1→2, 7→3, s1:7→1 / s2:5→1 / s3:1→1 / s5:1→3, 5→1, 7→1, s1:7→1 / s2:5→1 / s3:1→2, 7→1 / s4:1→1 / s5:1→2, 4→1, s1:7→1 / s2:5→1 / s3:1→2, 7→1 / s4:1→1 / s5:1→2, 5→1, s1:7→1 / s2:5→1 / s3:1→2, 7→1 / s5:1→2, 5→1}"	"{s4:8→1 / s5:3→1, s4:8→1 / s5:3→1, s4:8→1 / s5:3→1, s4:8→1 / s5:8→1, s4:8→1 / s5:8→1, s4:8→1 / s5:3→1, s4:8→1 / s5:8→1, s4:3→1 / s5:8→1, s4:8→1 / s5:3→1, s4:8→1 / s5:8→1, s4:3→1 / s5:8→1, s4:8→1 / s5:3→1, s4:3→1 / s5:8→1, s4:3→1 / s5:8→1, s4:3→1 / s5:8→1, s4:3→1 / s5:9→1, s4:10→1 / s5:3→1, s4:10→1 / s5:3→1, s4:10→1 / s5:3→1, s4:3→1 / s5:10→1, s4:10→1 / s5:3→1, s4:9→1 / s5:3→1, s4:9→1 / s5:9→1, s4:9→1 / s5:3→1, s4:9→1 / s5:9→1, s4:9→1 / s5:9→1, s4:9→1 / s5:3→1, s4:9→1 / s5:9→1, s4:3→1 / s5:9→1, s4:9→1 / s5:3→1, s4:10→1 / s5:3→1, s4:9→1 / s5:3→1, s4:8→1 / s5:8→1, s4:8→1 / s5:8→1, s4:8→1 / s5:3→1, s4:8→1 / s5:8→1, s4:8→1 / s5:3→1, s4:8→1 / s5:3→1, s4:8→1 / s5:8→1, s4:3→1 / s5:8→1, s4:8→1 / s5:3→1, s4:8→1 / s5:8→1, s4:3→1 / s5:8→1, s4:8→1 / s5:3→1, s4:10→1 / s5:3→1, s4:9→1 / s5:3→1, s4:10→1 / s5:3→1, s4:10→1 / s5:3→1, s4:9→1 / s5:3→1, s4:10→1 / s5:3→1, s4:9→1 / s5:3→1, s4:9→1 / s5:9→1, s4:9→1 / s5:9→1, s4:9→1 / s5:9→1, s4:9→1 / s5:3→1, s4:3→1 / s5:8→1, s4:9→1 / s5:3→1, s4:9→1 / s5:9→1, s4:9→1 / s5:3→1, s4:9→1 / s5:9→1, s4:9→1 / s5:9→1, s4:9→1 / s5:9→1, s4:9→1 / s5:3→1, s4:9→1 / s5:9→1, s4:9→1 / s5:3→1, s4:9→1 / s5:9→1, s4:9→1 / s5:9→1, s4:9→1 / s5:3→1, s4:9→1 / s5:9→1, s4:3→1 / s5:10→1, s4:3→1 / s5:8→1, s4:3→1 / s5:10→1, s4:3→1 / s5:8→1, s4:3→1 / s5:9→1, s4:3→1 / s5:8→1, s4:3→1 / s5:9→1, s4:3→1 / s5:9→1, s4:3→1 / s5:9→1, s4:3→1 / s5:10→1, s4:3→1 / s5:8→1, s4:3→1 / s5:9→1, s4:3→1 / s5:10→1, s4:3→1 / s5:8→1, s4:3→1 / s5:9→1, s4:3→1 / s5:10→1, s4:3→1 / s5:9→1, s4:3→1 / s5:8→1, s4:3→1 / s5:8→1, s4:3→1 / s5:9→1, s4:3→1 / s5:8→1, s4:3→1 / s5:9→1, s4:3→1 / s5:8→1, s4:3→1 / s5:10→1, s4:3→1 / s5:9→1, s4:3→1 / s5:10→1, s4:3→1 / s5:8→1, s4:3→1 / s5:10→1, s4:9→1 / s5:3→1, s4:9→1 / s5:3→1, s4:9→1 / s5:9→1, s4:9→1 / s5:3→1, s4:9→1 / s5:9→1, s4:9→1 / s5:9→1, s4:9→1 / s5:9→1, s4:9→1 / s5:3→1, s4:9→1 / s5:9→1, s4:3→1 / s5:9→1, s4:9→1 / s5:3→1, s4:3→1 / s5:9→1, s4:3→1 / s5:9→1, s4:9→1 / s5:9→1, s4:9→1 / s5:3→1, s4:3→1 / s5:9→1, s4:10→1 / s5:10→1, s4:10→1 / s5:10→1, s4:10→1 / s5:10→1, s4:10→1 / s5:3→1, s4:10→1 / s5:3→1, s4:10→1 / s5:10→1, s4:9→1 / s5:9→1, s4:9→1 / s5:9→1, s4:10→1 / s5:10→1, s4:9→1 / s5:3→1, s4:9→1 / s5:3→1, s4:10→1 / s5:3→1, s4:9→1 / s5:3→1, s4:9→1 / s5:9→1, s4:10→1 / s5:10→1, s4:10→1 / s5:10→1, s4:9→1 / s5:9→1, s4:10→1 / s5:10→1, s4:10→1 / s5:3→1, s4:3→1 / s5:10→1, s4:3→1 / s5:9→1, s4:9→1 / s5:3→1, s4:10→1 / s5:3→1, s4:10→1 / s5:10→1, s4:10→1 / s5:10→1, s4:10→1 / s5:3→1, s4:10→1 / s5:3→1, s4:3→1 / s5:9→1, s4:3→1 / s5:10→1, s4:3→1 / s5:10→1, s4:3→1 / s5:9→1, s4:3→1 / s5:10→1, s4:3→1 / s5:10→1, s4:3→1 / s5:9→1, s4:3→1 / s5:10→1, s4:3→1 / s5:9→1, s4:3→1 / s5:10→1, s4:3→1 / s5:9→1, s4:3→1 / s5:10→1, s4:3→1 / s5:9→1, s4:9→1 / s5:9→1, s4:9→1 / s5:3→1, s4:3→1 / s5:9→1}"
7	34	"so(8)+g2+su(2)"	"so(8)+2 su(3)+g2+su(2)+so(7)+2 su(2)"	13	139	2	3	0	0	0	0	0	0	"{s1:1→1 / s2:1→1, 7→1 / s3:1→1, 5→1 / s4:7→1, s1:7→1 / s2:1→1, 5→1 / s3:1→2, 5→1 / s5:1→1, s1:7→1 / s2:1→1, 5→1 / s3:1→2, 7→1 / s5:1→1, s1:7→1 / s2:1→1 / s3:1→1, 5→1 / s4:1→1, 5→1, 7→1 / s5:1→1, 5→1, s1:7→1 / s2:1→1 / s3:1→1, 5→1 / s4:1→1, 5→1 / s5:1→1, s1:7→1 / s2:1→1 / s3:1→1, 5→1 / s4:1→1, 5→1 / s5:1→1, 5→1, s1:7→1 / s2:1→1 / s3:1→1, 5→1 / s4:1→1, 5→1 / s5:1→2, 5→1, s1:7→1 / s2:1→1 / s3:1→1, 5→1 / s4:1→1, 5→1 / s5:1→2, 5→1, s1:7→1 / s2:1→1 / s3:1→1, 5→1 / s4:1→1 / s5:1→1, 4→1, s1:7→1 / s2:1→1 / s3:1→1, 5→1 / s4:1→1 / s5:1→1, 5→1, s1:7→1 / s2:1→1 / s3:1→1, 5→1 / s4:1→1 / s5:1→1, 5→1, s1:7→1 / s2:1→1 / s3:1→1, 5→1 / s4:1→1 / s5:1→1, 7→1, s1:7→1 / s2:1→1 / s3:1→1, 5→1 / s4:1→1 / s5:1→2, 4→1, s1:7→1 / s2:1→1 / s3:1→1, 5→1 / s4:1→1 / s5:1→2, 4→1, 5→1, s1:7→1 / s2:1→1 / s3:1→1, 5→1 / s4:1→1 / s5:1→2, 5→1, s1:7→1 / s2:1→1 / s3:1→1, 5→1 / s4:1→1 / s5:1→2, 5→1, s1:7→1 / s2:1→1 / s3:1→1, 5→1 / s4:1→1 / s5:1→2, 5→1, s1:7→1 / s2:1→1 / s3:1→1, 5→1 / s4:1→1 / s5:1→2, 5→1, 7→1, s1:7→1 / s2:1→1 / s3:1→1, 5→1 / s4:1→1 / s5:1→2, 5→2, s1:7→1 / s2:1→1 / s3:1→1, 5→1 / s4:1→1 / s5:1→2, 5→2, s1:7→1 / s2:1→1 / s3:1→1, 5→1 / s4:1→1 / s5:1→2, 7→1, s1:7→1 / s2:1→1 / s3:1→1, 5→1 / s4:1→1 / s5:1→3, 4→1, 5→1, s1:7→1 / s2:1→1 / s3:1→1, 5→1 / s4:1→1 / s5:1→3, 5→1, 7→1, s1:7→1 / s2:1→1 / s3:1→1, 5→1 / s4:1→1 / s5:1→3, 5→2, s1:7→1 / s2:1→1 / s3:1→1, 5→1 / s4:1→1 / s5:1→3, 5→2, s1:7→1 / s2:1→1 / s3:1→1, 5→1 / s4:1→2, 5→1 / s5:1→2, 4→1, s1:7→1 / s2:1→1 / s3:1→1, 5→1 / s4:1→2, 5→1 / s5:1→2, 5→1, s1:7→1 / s2:1→1 / s3:1→1, 5→1 / s4:1→2, 5→1 / s5:1→2, 5→1, s1:7→1 / s2:1→1 / s3:1→1, 5→1 / s4:1→2, 5→1 / s5:1→2, 7→1, s1:7→1 / s2:1→1 / s3:1→1, 5→1 / s4:5→1 / s5:1→1, 5→1, s1:7→1 / s2:1→1 / s3:1→1, 5→1 / s5:1→1, s1:7→1 / s2:1→1 / s3:1→1, 5→1 / s5:1→1, 5→1, s1:7→1 / s2:1→1 / s3:1→1, 5→1 / s5:1→2, 5→1, s1:7→1 / s2:1→1 / s3:1→1, 5→1 / s5:1→2, 5→2, s1:7→1 / s2:1→1 / s3:1→1, 5→1 / s5:1→2, 7→1, s1:7→1 / s2:1→1 / s3:1→1, 5→1 / s5:1→3, 5→1, 7→1, s1:7→1 / s2:1→1 / s3:1→1, 5→1 / s5:1→3, 5→2, s1:7→1 / s2:1→1 / s3:1→1, 5→1 / s5:1→3, 7→2, s1:7→1 / s2:1→1 / s3:1→2, 5→2 / s5:1→1, s1:7→1 / s2:1→1 / s3:1→2, 7→1 / s5:1→1, 5→1, s1:7→1 / s2:5→1 / s3:1→1, 7→1 / s5:1→1, s1:7→1 / s2:5→1 / s3:1→1 / s4:1→1, 5→1, 7→1 / s5:1→2, 5→1, 7→1, s1:7→1 / s2:5→1 / s3:1→1 / s4:1→1, 7→1 / s5:1→1, 7→1, s1:7→1 / s2:5→1 / s3:1→1 / s4:7→1, s1:7→1 / s2:5→1 / s3:1→1 / s4:7→1 / s5:1→1, 4→1, 5→1, 7→1, s1:7→1 / s2:5→1 / s3:1→1 / s4:7→1 / s5:1→1, 4→1, 5→2, 7→1, s1:7→1 / s2:5→1 / s3:1→1 / s4:7→1 / s5:1→1, 5→1, 7→1, s1:7→1 / s2:5→1 / s3:1→1 / s4:7→1 / s5:1→1, 5→1, 7→1, s1:7→1 / s2:5→1 / s3:1→1 / s4:7→1 / s5:1→1, 5→2, 7→1, s1:7→1 / s2:5→1 / s3:1→1 / s4:7→1 / s5:1→1, 5→2, 7→1, s1:7→1 / s2:5→1 / s3:1→1 / s4:7→1 / s5:4→1, s1:7→1 / s2:5→1 / s3:1→1 / s4:7→1 / s5:4→1, 5→1, s1:7→1 / s2:5→1 / s3:1→1 / s4:7→1 / s5:5→1, s1:7→1 / s2:5→1 / s3:1→1 / s5:1→1, 5→1, 7→1, s1:7→1 / s2:5→1 / s3:1→1 / s5:1→1, 5→1, 7→2, s1:7→1 / s2:5→1 / s3:1→1 / s5:1→1, 7→2, s1:7→1 / s2:5→1 / s3:1→1 / s5:1→2, 7→3}"	"{s4:10→1 / s5:3→1, s4:3→1 / s5:8→1, s4:3→1 / s5:9→1, s4:9→1 / s5:3→1, s4:9→1 / s5:3→1, s4:9→1 / s5:3→1, s4:3→1 / s5:8→1, s4:8→1 / s5:8→1, s4:8→1 / s5:8→1, s4:8→1 / s5:3→1, s4:8→1 / s5:8→1, s4:8→1 / s5:3→1, s4:8→1 / s5:8→1, s4:8→1 / s5:8→1, s4:3→1 / s5:8→1, s4:8→1 / s5:3→1, s4:8→1 / s5:8→1, s4:8→1 / s5:3→1, s4:8→1 / s5:3→1, s4:8→1 / s5:8→1, s4:8→1 / s5:3→1, s4:8→1 / s5:8→1, s4:8→1 / s5:3→1, s4:8→1 / s5:3→1, s4:8→1 / s5:8→1, s4:8→1 / s5:8→1, s4:8→1 / s5:3→1, s4:8→1 / s5:8→1, s4:8→1 / s5:3→1, s4:9→1 / s5:9→1, s4:3→1 / s5:8→1, s4:3→1 / s5:9→1, s4:3→1 / s5:8→1, s4:3→1 / s5:9→1, s4:3→1 / s5:10→1, s4:3→1 / s5:9→1, s4:3→1 / s5:8→1, s4:3→1 / s5:9→1, s4:3→1 / s5:8→1, s4:3→1 / s5:9→1, s4:3→1 / s5:9→1, s4:10→1 / s5:3→1, s4:10→1 / s5:10→1, s4:10→1 / s5:3→1, s4:10→1 / s5:10→1, s4:10→1 / s5:10→1, s4:10→1 / s5:10→1, s4:10→1 / s5:3→1, s4:10→1 / s5:10→1, s4:10→1 / s5:3→1, s4:10→1 / s5:10→1, s4:10→1 / s5:10→1, s4:10→1 / s5:10→1, s4:3→1 / s5:9→1, s4:3→1 / s5:10→1, s4:3→1 / s5:9→1, s4:3→1 / s5:9→1}"
7	34	"so(8)+g2+su(2)"	"so(8)+2 su(3)+g2+su(2)+so(7)+2 su(2)"	14	139	2	3	0	0	0	0	0	0	"{s1:1→1 / s2:1→1, 7→1 / s3:1→1, 7→1 / s4:5→1, s1:7→1 / s2:1→1 / s3:1→1, 5→1 / s4:1→1 / s5:1→1, s1:7→1 / s2:1→1 / s3:1→1, 5→1 / s4:1→1 / s5:1→1, s1:7→1 / s2:1→1 / s3:1→1, 5→1 / s4:1→1 / s5:1→3, 4→1, s1:7→1 / s2:1→1 / s3:1→1, 5→1 / s4:1→1 / s5:1→3, 5→2, s1:7→1 / s2:1→1 / s3:1→1, 5→1 / s4:1→1 / s5:1→3, 7→1, s1:7→1 / s2:1→1 / s3:1→1, 5→1 / s4:1→1 / s5:1→3, 7→1, s1:7→1 / s2:5→1 / s3:1→1 / s4:7→1 / s5:1→1, 4→1, 7→1, s1:7→1 / s2:5→1 / s3:1→1 / s4:7→1 / s5:1→1, 5→3, 7→1, s1:7→1 / s2:5→1 / s3:1→1 / s4:7→1 / s5:4→1, 5→1, 7→1, s1:7→1 / s2:5→1 / s3:1→1 / s4:7→1 / s5:4→1, 7→1, s1:7→1 / s2:5→1 / s3:1→1 / s4:7→1 / s5:7→1, s1:7→1 / s2:5→1 / s3:1→1 / s4:7→1 / s5:7→1, s1:7→1 / s2:5→1 / s3:1→1 / s5:1→1, 5→2, 7→2, s1:7→1 / s2:5→1 / s3:1→1 / s5:1→1, 7→3}"	"{s4:8→1 / s5:3→1, s4:8→1 / s5:3→1, s4:8→1 / s5:8→1, s4:8→1 / s5:8→1, s4:3→1 / s5:8→1, s4:3→1 / s5:8→1, s4:8→1 / s5:3→1, s4:10→1 / s5:10→1, s4:10→1 / s5:10→1, s4:10→1 / s5:10→1, s4:10→1 / s5:10→1, s4:10→1 / s5:10→1, s4:10→1 / s5:3→1, s4:3→1 / s5:10→1, s4:3→1 / s5:10→1}"
7	34	"so(8)+g2+su(2)"	"so(8)+2 su(3)+g2+su(2)+so(7)+2 su(2)"	15	139	2	3	0	0	0	0	0	0	"{s1:7→1 / s2:1→1 / s3:1→1, 5→1 / s4:1→1, 5→1 / s5:1→1, s1:7→1 / s2:1→1 / s3:1→1, 5→1 / s4:1→1 / s5:1→2, 7→1, s1:7→1 / s2:1→1 / s3:1→1, 5→1 / s4:1→1 / s5:1→3, 5→1, s1:7→1 / s2:1→1 / s3:1→1, 5→1 / s4:1→1 / s5:1→3, 5→1, s1:7→1 / s2:1→1 / s3:1→1, 5→1 / s4:1→1 / s5:1→3, 5→1, s1:7→1 / s2:1→1 / s3:1→1, 5→1 / s4:1→1 / s5:1→3, 5→1, 7→1, s1:7→1 / s2:1→1 / s3:1→1, 5→1 / s5:1→2, 7→1, s1:7→1 / s2:1→1 / s3:1→3, 5→2 / s5:1→1, s1:7→1 / s2:5→1 / s3:1→1 / s4:5→1, 7→1 / s5:4→1, 5→1, 7→1, s1:7→1 / s2:5→1 / s3:1→1 / s4:5→1, 7→1 / s5:7→1, s1:7→1 / s2:5→1 / s3:1→1 / s4:7→1 / s5:5→1, 7→1, s1:7→1 / s2:5→1 / s3:1→1 / s5:1→1, 5→1, 7→2, s1:7→1 / s2:5→1 / s3:1→1 / s5:1→1, 5→1, 7→3, s1:7→1 / s2:7→1 / s3:1→1 / s4:5→2 / s5:4→1, 5→2, s1:7→1 / s2:7→1 / s3:1→1 / s4:5→2 / s5:5→1}"	"{s4:10→1 / s5:3→1, s4:3→1 / s5:8→1, s4:3→1 / s5:8→1, s4:8→1 / s5:3→1, s4:8→1 / s5:8→1, s4:3→1 / s5:8→1, s4:3→1 / s5:9→1, s4:3→1 / s5:8→1, s4:10→1 / s5:10→1, s4:10→1 / s5:3→1, s4:10→1 / s5:10→1, s4:3→1 / s5:9→1, s4:3→1 / s5:10→1, s4:10→1 / s5:10→1, s4:10→1 / s5:3→1}"
7	34	"so(8)+g2+su(2)"	"so(8)+2 su(3)+g2+su(2)+so(7)+2 su(2)"	16	139	2	3	0	0	0	0	0	0	"{s1:7→1 / s2:1→1 / s3:1→1, 5→1 / s4:1→1, 7→1 / s5:1→1, s1:7→1 / s2:1→1 / s3:1→1 / s4:1→1, 5→1 / s5:1→2, 5→2, s1:7→1 / s2:1→1 / s3:1→1 / s4:1→2, 5→1 / s5:1→2, 5→1, s1:7→1 / s2:1→1 / s3:1→1 / s4:1→2, 5→2 / s5:1→2, 5→2, s1:7→1 / s2:1→1 / s3:1→2, 5→1 / s5:1→2, 5→1, s1:7→1 / s2:1→1 / s3:1→2, 5→1 / s5:1→3, 5→2, s1:7→1 / s2:1→1 / s3:1→2, 5→1 / s5:1→3, 7→1, s1:7→1 / s2:7→1 / s3:1→1 / s4:5→1 / s5:4→1, 5→2, s1:7→1 / s2:7→1 / s3:1→1 / s4:5→1 / s5:5→1}"	"{s4:9→1 / s5:3→1, s4:3→1 / s5:8→1, s4:8→1 / s5:8→1, s4:8→1 / s5:8→1, s4:3→1 / s5:8→1, s4:3→1 / s5:8→1, s4:3→1 / s5:8→1, s4:10→1 / s5:10→1, s4:10→1 / s5:3→1}"
7	34	"so(8)+g2+su(2)"	"so(8)+2 su(3)+g2+su(2)+so(7)+2 su(2)"	17	139	2	3	0	0	0	0	0	0	"{s1:1→1 / s2:1→1 / s3:1→1, 7→1 / s4:7→1, s1:7→1 / s2:1→1 / s3:1→1, 5→1 / s5:1→2, 5→1, s1:7→1 / s2:1→1 / s3:1→1, 5→1 / s5:1→3, 7→1, s1:7→1 / s2:1→1 / s3:1→1 / s4:1→1, 5→1 / s5:1→2, 4→1, 5→1, s1:7→1 / s2:1→1 / s3:1→1 / s4:1→1, 5→1 / s5:1→2, 5→1, 7→1, s1:7→1 / s2:1→1 / s3:1→1 / s4:1→1, 5→1 / s5:1→2, 5→2, s1:7→1 / s2:1→1 / s3:1→1 / s4:1→2, 5→1 / s5:1→2, 5→1, s1:7→1 / s2:1→1 / s3:1→1 / s4:1→2, 5→2 / s5:1→2, 4→1, 5→1, s1:7→1 / s2:1→1 / s3:1→1 / s4:1→2, 5→2 / s5:1→2, 5→1, 7→1, s1:7→1 / s2:1→1 / s3:1→1 / s4:1→2, 5→2 / s5:1→2, 5→2, s1:7→1 / s2:1→1 / s3:1→1 / s5:1→1, 7→1, s1:7→1 / s2:1→1 / s3:1→1 / s5:1→2, 5→1, 7→1, s1:7→1 / s2:1→1 / s3:1→1 / s5:1→2, 5→2, s1:7→1 / s2:1→1 / s3:1→1 / s5:1→2, 5→3, s1:7→1 / s2:1→1 / s3:1→1 / s5:1→2, 7→2, s1:7→1 / s2:1→1 / s3:1→1 / s5:1→3, 5→1, 7→1, s1:7→1 / s2:1→1 / s3:1→2, 5→1 / s5:1→1, 5→1, s1:7→1 / s2:5→1 / s3:1→1 / s4:5→1, 7→1 / s5:5→1, 7→1, s1:7→1 / s2:5→1 / s3:1→1 / s4:5→1, 7→1 / s5:5→1, 7→1, s1:7→1 / s2:7→1 / s3:1→1, 5→1 / s4:5→1, s1:7→1 / s2:7→1 / s3:1→1 / s4:5→1, s1:7→1 / s2:7→1 / s3:1→1 / s4:5→1 / s5:4→1, 5→1, s1:7→1 / s2:7→1 / s3:1→1 / s4:5→1 / s5:4→1, 5→3, s1:7→1 / s2:7→1 / s3:1→1 / s4:5→1 / s5:5→2, s1:7→1 / s2:7→1 / s3:5→1 / s4:5→1}"	"{s4:9→1 / s5:3→1, s4:3→1 / s5:10→1, s4:3→1 / s5:8→1, s4:8→1 / s5:8→1, s4:8→1 / s5:3→1, s4:8→1 / s5:8→1, s4:8→1 / s5:3→1, s4:8→1 / s5:8→1, s4:8→1 / s5:3→1, s4:8→1 / s5:3→1, s4:3→1 / s5:10→1, s4:3→1 / s5:10→1, s4:3→1 / s5:8→1, s4:3→1 / s5:10→1, s4:3→1 / s5:10→1, s4:3→1 / s5:8→1, s4:3→1 / s5:9→1, s4:10→1 / s5:10→1, s4:10→1 / s5:3→1, s4:10→1 / s5:3→1, s4:10→1 / s5:3→1, s4:10→1 / s5:10→1, s4:10→1 / s5:10→1, s4:10→1 / s5:3→1, s4:10→1 / s5:3→1}"
7	34	"so(8)+g2+su(2)"	"so(8)+2 su(3)+g2+su(2)+so(7)+2 su(2)"	18	139	2	3	0	0	0	0	0	0	"{s1:7→1 / s2:1→1 / s3:1→1, 5→1 / s4:1→1, 5→1 / s5:1→2, 5→1, s1:7→1 / s2:1→1 / s3:1→1 / s4:1→1, 5→1 / s5:1→1, 5→1, s1:7→1 / s2:1→1 / s3:1→1 / s5:1→1, 5→1, s1:7→1 / s2:1→1 / s3:1→1 / s5:1→2, 7→1, s1:7→1 / s2:1→1 / s3:1→2, 5→1 / s5:1→1, s1:7→1 / s2:5→1 / s3:1→1 / s4:7→1 / s5:5→1, 7→1}"	"{s4:8→1 / s5:3→1, s4:8→1 / s5:3→1, s4:3→1 / s5:8→1, s4:3→1 / s5:8→1, s4:3→1 / s5:8→1, s4:10→1 / s5:3→1}"
7	34	"so(8)+g2+su(2)"	"so(8)+2 su(3)+g2+su(2)+so(7)+2 su(2)"	19	139	2	3	0	0	0	0	0	0	"{s1:1→1 / s2:1→1 / s3:1→1, 7→2 / s4:5→1, s1:7→1 / s2:1→1 / s3:1→1 / s4:1→1, 5→1 / s5:1→1, 5→1, s1:7→1 / s2:1→1 / s3:1→1 / s4:1→1, 5→1 / s5:1→2, 5→2, s1:7→1 / s2:1→1 / s3:1→1 / s4:1→1, 7→1 / s5:1→1, 5→1, s1:7→1 / s2:1→1 / s3:1→1 / s4:1→1 / s5:1→2, 5→1, s1:7→1 / s2:1→1 / s3:1→1 / s4:1→1 / s5:1→2, 5→1, s1:7→1 / s2:1→1 / s3:1→1 / s4:1→1 / s5:1→3, 4→1, s1:7→1 / s2:1→1 / s3:1→1 / s4:1→1 / s5:1→3, 7→1}"	"{s4:9→1 / s5:3→1, s4:8→1 / s5:8→1, s4:8→1 / s5:3→1, s4:10→1 / s5:3→1, s4:8→1 / s5:3→1, s4:8→1 / s5:8→1, s4:8→1 / s5:8→1, s4:8→1 / s5:3→1}"
7	34	"so(8)+g2+su(2)"	"so(8)+2 su(3)+g2+su(2)+so(7)+2 su(2)"	20	139	2	3	0	0	0	0	0	0	"{s1:7→1 / s2:1→1 / s3:1→1 / s4:1→1 / s5:1→1, s1:7→1 / s2:1→1 / s3:1→1 / s4:1→1 / s5:1→1, s1:7→1 / s2:1→1 / s3:1→1 / s4:1→1 / s5:1→3, 5→1, s1:7→1 / s2:1→1 / s3:1→1 / s4:1→1 / s5:1→3, 5→1, s1:7→1 / s2:1→1 / s3:1→1 / s4:1→1 / s5:1→3, 5→1, s1:7→1 / s2:1→1 / s3:1→1 / s4:1→1 / s5:1→3, 7→1, s1:7→1 / s2:1→1 / s3:1→1 / s4:1→2, 5→1 / s5:1→2, 4→1, s1:7→1 / s2:1→1 / s3:1→1 / s4:1→2, 5→1 / s5:1→2, 7→1, s1:7→1 / s2:1→1 / s3:1→1 / s5:1→2, 5→1, 7→1, s1:7→1 / s2:1→1 / s3:1→1 / s5:1→3, 7→2, s1:7→1 / s2:5→1 / s3:1→1 / s4:7→1 / s5:1→1, 5→1, 7→1}"	"{s4:8→1 / s5:3→1, s4:8→1 / s5:8→1, s4:3→1 / s5:8→1, s4:8→1 / s5:3→1, s4:8→1 / s5:8→1, s4:3→1 / s5:8→1, s4:8→1 / s5:8→1, s4:8→1 / s5:3→1, s4:3→1 / s5:8→1, s4:3→1 / s5:10→1, s4:3→1 / s5:9→1}"
7	34	"so(8)+g2+su(2)"	"so(8)+2 su(3)+g2+su(2)+so(7)+2 su(2)"	21	139	2	3	0	0	0	0	0	0	"{s1:7→1 / s2:1→1 / s3:1→1, 5→1 / s4:1→1 / s5:1→4, 4→1, s1:7→1 / s2:1→1 / s3:1→1, 5→1 / s4:1→1 / s5:1→4, 7→1, s1:7→1 / s2:1→1 / s3:1→1 / s4:1→1 / s5:1→3, 5→2, s1:7→1 / s2:1→1 / s3:1→1 / s4:1→1 / s5:1→3, 5→2, s1:7→1 / s2:1→1 / s3:1→1 / s4:1→1 / s5:1→4, 4→1, s1:7→1 / s2:1→1 / s3:1→1 / s4:1→1 / s5:1→4, 7→1, s1:7→1 / s2:1→1 / s3:1→1 / s4:1→1 / s5:1→4, 7→1}"	"{s4:8→1 / s5:8→1, s4:8→1 / s5:3→1, s4:8→1 / s5:3→1, s4:8→1 / s5:8→1, s4:8→1 / s5:8→1, s4:3→1 / s5:8→1, s4:8→1 / s5:3→1}"
7	34	"so(8)+g2+su(2)"	"so(8)+2 su(3)+g2+su(2)+so(7)+2 su(2)"	22	139	2	3	0	0	0	0	0	0	"{s1:7→1 / s2:1→1 / s3:1→1 / s4:1→1, 5→1 / s5:1→1, s1:7→1 / s2:1→1 / s3:1→1 / s4:1→1 / s5:1→2, 4→1, s1:7→1 / s2:1→1 / s3:1→1 / s4:1→1 / s5:1→2, 7→1, s1:7→1 / s2:1→1 / s3:1→1 / s5:1→2, 5→2, s1:7→1 / s2:1→1 / s3:1→1 / s5:1→2, 5→2, 7→1}"	"{s4:10→1 / s5:3→1, s4:8→1 / s5:8→1, s4:8→1 / s5:3→1, s4:3→1 / s5:10→1, s4:3→1 / s5:10→1}"
7	34	"so(8)+g2+su(2)"	"so(8)+2 su(3)+g2+su(2)+so(7)+2 su(2)"	23	139	2	3	0	0	0	0	0	0	"{s1:7→1 / s2:1→1 / s3:1→1, 5→1 / s4:1→1 / s5:1→1, s1:7→1 / s2:1→1 / s3:1→1 / s5:1→3, 5→2}"	"{s4:10→1 / s5:3→1, s4:3→1 / s5:8→1}"
7	34	"so(8)+g2+su(2)"	"so(8)+2 su(3)+g2+su(2)+so(7)+2 su(2)"	24	139	2	3	0	0	0	0	0	0	"s1:7→1 / s2:1→1 / s3:1→1 / s4:1→1 / s5:1→2, 5→1"	"s4:3→1 / s5:8→1"
7	34	"so(8)+g2+su(2)"	"so(8)+2 su(3)+g2+su(2)+so(7)+2 su(2)"	25	139	2	3	0	0	0	0	0	0	"{s1:7→1 / s2:1→1 / s3:1→1, 5→1 / s5:1→3, 5→2, s1:7→1 / s2:1→1 / s3:1→1 / s4:1→1, 5→1 / s5:1→1, 4→1, s1:7→1 / s2:1→1 / s3:1→1 / s4:1→1, 5→1 / s5:1→1, 7→1, s1:7→1 / s2:5→1 / s3:1→1 / s4:7→1 / s5:1→1, 7→1}"	"{s4:3→1 / s5:9→1, s4:8→1 / s5:8→1, s4:8→1 / s5:3→1, s4:10→1 / s5:3→1}"
7	34	"so(8)+g2+su(2)"	"so(8)+2 su(3)+g2+su(2)+so(7)+2 su(2)"	26	139	2	3	0	0	0	0	0	0	"s1:7→1 / s2:5→1 / s3:1→1 / s4:7→1 / s5:1→1, 5→3, 7→1"	"s4:10→1 / s5:3→1"
7	34	"so(8)+g2+su(2)"	"so(8)+2 su(3)+g2+su(2)+so(7)+2 su(2)"	27	139	2	3	0	0	0	0	0	0	"s1:7→1 / s2:1→1 / s3:1→1, 5→1 / s4:1→1 / s5:1→4, 7→1"	"s4:3→1 / s5:8→1"
7	34	"so(8)+g2+su(2)"	"so(8)+2 su(3)+g2+su(2)+so(7)+2 su(2)"	28	139	2	3	0	0	0	0	0	0	"{s1:1→1 / s2:1→1 / s3:1→1, 7→1 / s4:5→1, s1:7→1 / s2:1→1 / s3:1→1 / s4:1→1, 5→1 / s5:1→3, 5→1, 7→1, s1:7→1 / s2:1→1 / s3:1→1 / s4:1→1 / s5:1→3, 4→1, 5→1, s1:7→1 / s2:1→1 / s3:1→1 / s4:1→1 / s5:1→3, 5→1, 7→1, s1:7→1 / s2:1→1 / s3:1→1 / s5:1→1, 5→1}"	"{s4:9→1 / s5:3→1, s4:3→1 / s5:8→1, s4:8→1 / s5:8→1, s4:8→1 / s5:3→1, s4:3→1 / s5:10→1}"
7	34	"so(8)+g2+su(2)"	"so(8)+2 su(3)+g2+su(2)+so(7)+2 su(2)"	29	139	2	3	0	0	0	0	0	0	"{s1:7→1 / s2:5→1 / s3:1→1 / s4:1→2, 7→1 / s5:1→3, 4→1, 7→1, s1:7→1 / s2:5→1 / s3:1→1 / s4:1→2, 7→1 / s5:1→3, 5→1, 7→1}"	"{s4:9→1 / s5:9→1, s4:9→1 / s5:3→1}"
7	34	"so(8)+g2+su(2)"	"so(8)+2 su(3)+g2+su(2)+so(7)+2 su(2)"	32	139	2	3	0	0	0	0	0	0	"{s1:7→1 / s2:1→1 / s3:1→1 / s4:1→1 / s5:1→4, 5→1, s1:7→1 / s2:1→1 / s3:1→1 / s4:1→1 / s5:1→4, 5→1}"	"{s4:8→1 / s5:3→1, s4:8→1 / s5:8→1}"
7	34	"so(8)+g2+su(2)"	"so(8)+2 su(3)+g2+su(2)+so(7)+2 su(2)"	33	139	2	3	0	0	0	0	0	0	"s1:7→1 / s2:1→1 / s3:1→1 / s5:1→2, 5→1"	"s4:3→1 / s5:8→1"
7	34	"so(8)+g2+su(2)"	"so(8)+2 su(3)+g2+su(2)+so(7)+2 su(2)"	38	139	2	3	0	0	0	0	0	0	"s1:7→1 / s2:1→1 / s3:1→1 / s5:1→1, 5→2"	"s4:3→1 / s5:10→1"
7	34	"so(8)+g2+su(2)"	"so(8)+2 su(3)+g2+su(2)+so(7)+2 su(2)"	39	139	2	3	0	0	0	0	0	0	"s1:7→1 / s2:1→1 / s3:1→1 / s4:1→1, 5→1 / s5:1→1, 5→1"	"s4:10→1 / s5:3→1"
7	34	"so(8)+g2+su(2)"	"so(8)+2 su(3)+g2+su(2)+so(7)+2 su(2)"	41	139	2	3	0	0	0	0	0	0	"{s1:7→1 / s2:1→1 / s3:1→1 / s4:1→1 / s5:1→4, 5→1, s1:7→1 / s2:1→1 / s3:1→1 / s5:1→3, 5→1, 7→1}"	"{s4:3→1 / s5:8→1, s4:3→1 / s5:10→1}"
7	34	"so(8)+g2+su(2)"	"so(8)+2 su(3)+g2+su(2)+so(7)+2 su(2)"	51	139	2	3	0	0	0	0	0	0	"s1:7→1 / s2:1→1 / s3:1→2, 5→1 / s5:1→3, 5→1, 7→1"	"s4:3→1 / s5:8→1"
7	34	"so(8)+g2+su(2)"	"so(8)+2 su(3)+g2+su(2)+so(7)+2 su(2)"	69	139	2	3	0	0	0	0	0	0	"s1:7→1 / s2:5→1 / s3:1→1 / s4:7→1 / s5:4→1, 5→2, 7→1"	"s4:10→1 / s5:10→1"
7	34	"so(8)+g2+su(2)"	"so(8)+2 su(3)+g2+su(2)+so(7)+2 su(2)"	77	139	2	3	0	0	0	0	0	0	"s1:7→1 / s2:7→1 / s3:1→1 / s4:5→1 / s5:4→1"	"s4:10→1 / s5:10→1"
7	34	"so(8)+g2+su(2)"	"so(8)+2 su(3)+g2+su(2)+so(7)+2 su(2)"	82	139	2	3	0	0	0	0	0	0	"s1:7→1 / s2:7→1 / s3:1→1 / s4:5→1 / s5:5→1"	"s4:10→1 / s5:10→1"
7	34	"so(8)+g2+su(2)"	"so(8)+3 su(3)+2(g2+su(2))"	12	133	1	4	0	0	0	0	0	0	"{s1:7→1 / s2:1→1 / s3:1→1, 7→1 / s4:1→1, 5→1 / s5:5→1, s1:7→1 / s2:5→1 / s3:1→1 / s4:1→1, 7→1 / s5:1→1, 4→1, s1:7→1 / s2:5→1 / s3:1→1 / s4:1→1, 7→1 / s5:1→1, 4→1, 5→1, s1:7→1 / s2:5→1 / s3:1→1 / s4:1→1, 7→1 / s5:1→1, 5→1, s1:7→1 / s2:5→1 / s3:1→1 / s4:1→1, 7→1 / s5:1→1, 5→1, s1:7→1 / s2:5→1 / s3:1→1 / s4:1→1, 7→1 / s5:1→2, 4→1, 5→1, s1:7→1 / s2:5→1 / s3:1→1 / s4:1→1, 7→1 / s5:1→2, 4→1, 5→2, s1:7→1 / s2:5→1 / s3:1→1 / s4:1→1, 7→1 / s5:4→1}"	"{s5:9→1, s5:9→1, s5:10→1, s5:10→1, s5:9→1, s5:9→1, s5:10→1, s5:10→1}"
7	34	"so(8)+g2+su(2)"	"so(8)+3 su(3)+2(g2+su(2))"	13	133	1	4	0	0	0	0	0	0	"s1:7→1 / s2:1→1 / s3:1→1, 5→1 / s4:1→1, 5→1 / s5:1→1"	"s5:8→1"
7	34	"so(8)+g2+su(2)"	"so(8)+3 su(3)+2(g2+su(2))"	17	133	1	4	0	0	0	0	0	0	"{s1:7→1 / s2:7→1 / s3:5→1 / s4:1→1 / s5:4→1, s1:7→1 / s2:7→1 / s3:5→1 / s4:1→1 / s5:4→1, 5→2}"	"{s5:10→1, s5:11→1}"
7	34	"so(8)+g2+su(2)"	"so(8)+3 su(3)+2(g2+su(2))"	18	133	1	4	0	0	0	0	0	0	"s1:7→1 / s2:7→1 / s3:5→1 / s4:1→1 / s5:5→1"	"s5:11→1"
7	34	"so(8)+g2+su(2)"	"so(8)+3 su(3)+2(g2+su(2))"	19	133	1	4	0	0	0	0	0	0	"{s1:7→1 / s2:7→1 / s3:5→1 / s4:1→1 / s5:4→1, 5→1, s1:7→1 / s2:7→1 / s3:5→1 / s4:1→1 / s5:4→1, 5→1, s1:7→1 / s2:7→1 / s3:5→1 / s4:1→1 / s5:4→1, 5→3}"	"{s5:10→1, s5:11→1, s5:11→1}"
7	34	"so(8)+g2+su(2)"	"so(8)+3 su(3)+2(g2+su(2))"	20	133	1	4	0	0	0	0	0	0	"{s1:7→1 / s2:1→1 / s3:1→1 / s4:1→1, 5→1 / s5:1→1, s1:7→1 / s2:1→1 / s3:1→1 / s4:1→1, 5→1 / s5:1→1, 5→1}"	"{s5:8→1, s5:8→1}"
7	34	"so(8)+g2+su(2)"	"so(8)+3 su(3)+2(g2+su(2))"	25	133	1	4	0	0	0	0	0	0	"s1:7→1 / s2:1→1 / s3:1→1, 5→1 / s4:1→1, 5→1 / s5:1→1, 4→1"	"s5:8→1"
7	34	"so(8)+g2+su(2)"	"so(8)+4 su(3)+so(7)+2 su(2)"	12	132	1	4	0	0	0	0	0	0	"{s1:7→1 / s2:1→1, 7→1 / s3:1→1, 5→1 / s4:1→1, 5→1, s1:7→1 / s2:1→1 / s3:1→1, 5→1 / s4:1→1, 5→1, 7→1, s1:7→1 / s2:1→1 / s3:1→1, 7→1 / s4:1→1, 5→1, s1:7→1 / s2:1→1 / s3:1→1, 7→1 / s4:1→1, 5→1 / s5:1→1, 5→1, s1:7→1 / s2:1→1 / s3:1→1, 7→1 / s4:1→1, 5→2, s1:7→1 / s2:5→1 / s3:1→1 / s4:1→1, 7→1, s1:7→1 / s2:5→1 / s3:1→1 / s4:1→1, 7→1 / s5:1→1, 5→1, s1:7→1 / s2:5→1 / s3:1→1 / s4:1→1, 7→1 / s5:1→2, 5→2, s1:7→1 / s2:5→1 / s3:1→1 / s4:1→2, 5→1, 7→1}"	"{s5:3→1, s5:3→1, s5:3→1, s5:3→1, s5:3→1, s5:3→1, s5:3→1, s5:3→1, s5:3→1}"
7	34	"so(8)+g2+su(2)"	"so(8)+4 su(3)+so(7)+2 su(2)"	13	132	1	4	0	0	0	0	0	0	"{s1:7→1 / s2:1→1 / s3:1→1, 5→1 / s4:1→1, 5→1, s1:7→1 / s2:1→1 / s3:1→1, 5→1 / s4:1→1, 5→1 / s5:1→1, s1:7→1 / s2:5→1 / s3:1→1, 7→1 / s4:1→1, 5→1, s1:7→1 / s2:5→1 / s3:1→1 / s4:1→1, 5→1, 7→1}"	"{s5:3→1, s5:3→1, s5:3→1, s5:3→1}"
7	34	"so(8)+g2+su(2)"	"so(8)+4 su(3)+so(7)+2 su(2)"	15	132	1	4	0	0	0	0	0	0	"{s1:7→1 / s2:7→1 / s3:5→1 / s4:1→1, 5→1, s1:7→1 / s2:7→1 / s3:5→1 / s4:5→1}"	"{s5:3→1, s5:3→1}"
7	34	"so(8)+g2+su(2)"	"so(8)+4 su(3)+so(7)+2 su(2)"	16	132	1	4	0	0	0	0	0	0	"{s1:7→1 / s2:1→1 / s3:1→1 / s4:1→1, 5→1 / s5:1→1, 5→1, s1:7→1 / s2:1→1 / s3:1→1 / s4:1→1, 7→1 / s5:1→1, 5→1}"	"{s5:3→1, s5:3→1}"
7	34	"so(8)+g2+su(2)"	"so(8)+4 su(3)+so(7)+2 su(2)"	17	132	1	4	0	0	0	0	0	0	"{s1:7→1 / s2:1→1 / s3:1→1 / s4:1→1, 5→1, s1:7→1 / s2:1→1 / s3:1→1 / s4:1→1, 7→1, s1:7→1 / s2:7→1 / s3:5→1 / s4:1→1 / s5:5→1}"	"{s5:3→1, s5:3→1, s5:3→1}"
7	34	"so(8)+g2+su(2)"	"so(8)+4 su(3)+so(7)+2 su(2)"	25	132	1	4	0	0	0	0	0	0	"{s1:7→1 / s2:1→1 / s3:1→1, 5→1 / s4:1→1, 5→1 / s5:1→1, 7→1, s1:7→1 / s2:7→1 / s3:5→1 / s4:1→1, s1:7→1 / s2:7→1 / s3:5→1 / s4:1→1 / s5:5→2}"	"{s5:3→1, s5:3→1, s5:3→1}"
7	34	"so(8)+g2+su(2)"	"so(8)+4 su(3)+so(7)+2 su(2)"	28	132	1	4	0	0	0	0	0	0	"s1:7→1 / s2:1→1 / s3:1→1 / s4:1→1, 5→1 / s5:1→1"	"s5:3→1"
7	34	"so(8)+g2+su(2)"	"so(8)+4 su(3)+so(7)+2 su(2)"	46	132	1	4	0	0	0	0	0	0	"s1:7→1 / s2:1→1 / s3:1→1, 7→1 / s4:1→1, 5→1 / s5:1→1"	"s5:3→1"
7	34	"so(8)+g2+su(2)"	"so(8)+5 su(3)+g2+su(2)"	13	126	0	5	0	0	0	0	0	0	"s1:7→1 / s2:5→1 / s3:1→1 / s4:1→1, 7→1 / s5:1→1, 5→1"	""
7	34	"so(8)+g2+su(2)"	"so(8)+5 su(3)+g2+su(2)"	23	126	0	5	0	0	0	0	0	0	"s1:7→1 / s2:7→1 / s3:5→1 / s4:5→1 / s5:1→1"	""
7	34	"so(8)+g2+su(2)"	"so(8)+su(3)+2(so(7)+2 su(2))"	12	145	3	2	0	0	0	0	0	0	"{s1:1→1, 7→1 / s2:1→1, 5→1 / s3:7→1 / s4:7→1, s1:1→1, 7→1 / s2:1→1, 5→1 / s3:7→1 / s5:1→1, 7→1, s1:1→1, 7→1 / s2:1→1, 5→1 / s3:7→1 / s5:1→2, 7→1, s1:1→1 / s2:1→1, 5→1, 7→1 / s3:5→1, 7→1 / s5:1→1, 5→1, 7→1, s1:1→1 / s2:1→1, 5→1, 7→1 / s3:7→1 / s4:5→1, s1:1→1 / s2:1→1, 5→1, 7→1 / s3:7→1 / s4:5→1, 7→1, s1:1→1 / s2:1→1, 5→1, 7→1 / s3:7→1 / s4:5→1, 7→1 / s5:5→1, s1:1→1 / s2:1→1, 5→1, 7→1 / s3:7→1 / s4:5→1 / s5:1→1, 5→1, 7→1, s1:1→1 / s2:1→1, 5→1, 7→1 / s3:7→1 / s4:5→1 / s5:1→1, 5→1, 7→1, s1:1→1 / s2:1→1, 5→1, 7→1 / s3:7→1 / s4:5→1 / s5:1→1, 7→1, s1:1→1 / s2:1→1, 5→1, 7→1 / s3:7→1 / s4:5→1 / s5:1→2, 5→1, 7→1, s1:1→1 / s2:1→1, 5→1, 7→1 / s3:7→1 / s4:5→1 / s5:7→1, s1:1→1 / s2:1→1, 5→1, 7→1 / s3:7→1 / s4:7→1, s1:1→1 / s2:1→1, 5→1, 7→1 / s3:7→1 / s5:1→1, 5→1, 7→1, s1:1→1 / s2:1→1, 5→1, 7→1 / s3:7→1 / s5:1→1, 5→2, s1:1→1 / s2:1→1, 5→1, 7→1 / s3:7→1 / s5:1→1, 5→2, 7→1, s1:1→1 / s2:1→1, 5→1, 7→1 / s3:7→1 / s5:1→1, 5→3, 7→1, s1:1→1 / s2:1→1, 5→1, 7→1 / s3:7→1 / s5:1→1, 7→1, s1:1→1 / s2:1→1, 5→1, 7→1 / s3:7→1 / s5:1→2, 5→1, 7→1, s1:1→1 / s2:1→1, 5→1, 7→1 / s3:7→1 / s5:1→2, 5→2, 7→1, s1:1→1 / s2:1→1, 5→1, 7→2 / s3:5→1 / s4:5→1, s1:1→1 / s2:1→1, 7→1 / s3:5→1 / s4:7→1 / s5:1→1, 5→1, 7→1, s1:1→1 / s2:1→1, 7→1 / s3:5→1 / s5:1→1, 5→1, s1:1→1 / s2:1→1, 7→1 / s3:5→1 / s5:1→1, 5→1, s1:1→1 / s2:1→1, 7→1 / s3:5→1 / s5:1→1, 5→1, 7→1, s1:1→1 / s2:1→1, 7→1 / s3:5→1 / s5:1→1, 5→1, 7→2, s1:1→1 / s2:1→1, 7→1 / s3:5→1 / s5:1→1, 5→1, 7→3, s1:1→1 / s2:1→1, 7→1 / s3:5→1 / s5:1→2, 5→1, 7→2, s1:1→1 / s2:1→1, 7→1 / s3:5→1 / s5:1→2, 5→2, s1:1→1 / s2:1→1, 7→1 / s3:5→1 / s5:1→2, 5→2, s1:1→1 / s2:1→1, 7→1 / s3:5→1 / s5:1→2, 5→2, 7→1, s1:1→1 / s2:1→1, 7→1 / s3:7→1 / s4:5→1, s1:1→1 / s2:1→1, 7→1 / s3:7→1 / s4:5→1 / s5:1→1, 5→1, s1:1→1 / s2:1→1, 7→1 / s3:7→1 / s4:5→1 / s5:1→1, 5→1, 7→1, s1:1→1 / s2:1→1, 7→1 / s3:7→1 / s4:5→1 / s5:1→2, 5→1, 7→1, s1:1→1 / s2:1→1, 7→1 / s3:7→1 / s4:5→1 / s5:1→2, 5→2, 7→1, s1:1→1 / s2:1→1, 7→1 / s3:7→1 / s4:5→1 / s5:7→1, s1:1→1 / s2:1→1, 7→1 / s3:7→1 / s4:7→1, s1:1→1 / s2:1→1, 7→1 / s3:7→1 / s5:1→1, 5→1, s1:1→1 / s2:1→1, 7→1 / s3:7→1 / s5:1→1, 5→1, 7→1, s1:1→1 / s2:1→1, 7→1 / s3:7→1 / s5:1→1, 5→2, 7→1, s1:1→1 / s2:1→1, 7→1 / s3:7→1 / s5:1→1, 7→1, s1:1→1 / s2:1→1, 7→1 / s3:7→1 / s5:1→2, 5→1, 7→1, s1:1→1 / s2:1→1, 7→1 / s3:7→1 / s5:1→2, 5→2, 7→1, s1:1→1 / s2:1→2, 5→1, 7→1 / s3:7→1 / s4:5→1, s1:7→1 / s2:1→1, 5→1 / s3:1→1, 5→1 / s4:1→1, 5→1 / s5:1→1, s1:7→1 / s2:1→1, 5→1 / s3:1→1, 5→1 / s4:1→1 / s5:1→2, 5→1, s1:7→1 / s2:1→1, 5→1 / s3:1→1, 7→1 / s4:1→1, 7→1 / s5:1→1, s1:7→1 / s2:1→1, 5→1 / s3:1→1, 7→1 / s4:1→1 / s5:1→2, 7→1, s1:7→1 / s2:1→1, 5→1 / s3:1→1 / s4:1→1, 5→1 / s5:1→1, s1:7→1 / s2:1→1, 5→1 / s3:1→1 / s4:1→1, 5→1 / s5:1→1, 5→1, s1:7→1 / s2:1→1, 5→1 / s3:1→1 / s4:1→1, 5→1 / s5:1→2, 5→1, s1:7→1 / s2:1→1, 5→1 / s3:1→1 / s4:1→1, 5→1 / s5:1→2, 5→1, s1:7→1 / s2:1→1, 5→1 / s3:1→1 / s4:1→1, 7→1 / s5:1→2, 7→1, s1:7→1 / s2:1→1, 5→1 / s3:1→1 / s4:1→1 / s5:1→1, s1:7→1 / s2:1→1, 5→1 / s3:1→1 / s4:1→1 / s5:1→1, 5→1, s1:7→1 / s2:1→1, 5→1 / s3:1→1 / s4:1→1 / s5:1→2, 5→1, s1:7→1 / s2:1→1, 5→1 / s3:1→1 / s4:1→1 / s5:1→2, 5→1, s1:7→1 / s2:1→1, 5→1 / s3:1→1 / s4:1→1 / s5:1→3, 5→1, s1:7→1 / s2:1→1, 5→1 / s3:1→1 / s4:1→1 / s5:1→3, 5→1, s1:7→1 / s2:1→1, 5→1 / s3:1→1 / s4:1→1 / s5:1→3, 5→2, s1:7→1 / s2:1→1, 5→1 / s3:1→1 / s4:1→1 / s5:1→3, 5→2, s1:7→1 / s2:1→1, 5→1 / s3:1→1 / s4:1→2, 5→1 / s5:1→2, 5→1, s1:7→1 / s2:1→1, 5→1 / s3:1→1 / s4:1→2, 5→1 / s5:1→2, 5→1, s1:7→1 / s2:1→1, 5→1 / s3:1→1 / s4:1→2, 5→1 / s5:1→3, 5→1, s1:7→1 / s2:1→1, 5→1 / s3:1→1 / s4:1→2, 5→1 / s5:1→3, 5→1, s1:7→1 / s2:1→1, 5→1 / s3:1→1 / s4:1→2, 5→1 / s5:1→3, 5→1, s1:7→1 / s2:1→1, 5→1 / s3:1→1 / s4:1→3, 5→1 / s5:1→3, 5→1, s1:7→1 / s2:1→1, 5→1 / s3:1→1 / s4:1→3, 5→1 / s5:1→3, 5→1, s1:7→1 / s2:1→1, 5→1 / s3:5→1 / s5:1→1, 5→1, s1:7→1 / s2:1→1, 5→1 / s3:7→1 / s5:1→1, 7→1, s1:7→1 / s2:1→1, 5→1 / s4:1→1, 5→1 / s5:1→1, 5→1, s1:7→1 / s2:1→1, 5→1 / s4:1→1, 5→1 / s5:1→2, 5→1, s1:7→1 / s2:1→1, 5→1 / s4:1→1, 7→1 / s5:1→1, 7→1, s1:7→1 / s2:1→1, 5→1 / s4:1→1, 7→1 / s5:1→2, 7→1, s1:7→1 / s2:1→1, 5→1 / s4:1→1 / s5:1→1, s1:7→1 / s2:1→1, 5→1 / s4:1→1 / s5:1→1, 5→1, s1:7→1 / s2:1→1, 5→1 / s4:1→1 / s5:1→1, 5→2, s1:7→1 / s2:1→1, 5→1 / s4:1→1 / s5:1→1, 7→1, s1:7→1 / s2:1→1, 5→1 / s4:1→1 / s5:1→2, 5→1, s1:7→1 / s2:1→1, 5→1 / s4:1→1 / s5:1→2, 5→2, s1:7→1 / s2:1→1, 5→1 / s4:1→1 / s5:1→2, 5→3, s1:7→1 / s2:1→1, 5→1 / s4:1→1 / s5:1→2, 7→1, s1:7→1 / s2:1→1, 5→1 / s4:1→1 / s5:1→3, 5→2, s1:7→1 / s2:1→1, 5→1 / s4:1→1 / s5:1→3, 7→2, s1:7→1 / s2:1→1, 5→1 / s4:1→2, 5→1 / s5:1→2, 5→1, s1:7→1 / s2:1→1, 5→1 / s4:1→2, 5→1 / s5:1→3, 5→1, s1:7→1 / s2:1→1, 5→1 / s4:1→2, 7→1 / s5:1→2, 7→1, s1:7→1 / s2:1→1, 5→1 / s4:1→2, 7→1 / s5:1→3, 7→1, s1:7→1 / s2:1→1 / s3:1→1, 5→1, 7→1 / s4:1→1, 5→1, 7→1 / s5:1→1, 5→1, s1:7→1 / s2:1→1 / s3:1→1, 5→1, 7→1 / s4:1→1, 5→1 / s5:1→2, 5→1, 7→1, s1:7→1 / s2:1→1 / s3:1→1, 5→1, 7→1 / s4:1→1, 5→1 / s5:1→2, 5→2, 7→1, s1:7→1 / s2:1→1 / s3:1→1, 5→1, 7→1 / s4:1→1, 5→2, 7→1 / s5:1→1, 5→2, s1:7→1 / s2:1→1 / s3:1→1, 5→1, 7→1 / s4:1→1, 5→2 / s5:1→1, 5→1, s1:7→1 / s2:1→1 / s3:1→1, 5→1, 7→1 / s4:1→1, 5→2 / s5:1→2, 5→2, 7→1, s1:7→1 / s2:1→1 / s3:1→1, 5→1 / s4:1→1, 5→1 / s5:1→1, 5→1, s1:7→1 / s2:1→1 / s3:1→1, 5→1 / s4:1→1, 5→1 / s5:1→1, 5→2, s1:7→1 / s2:1→1 / s3:1→1, 5→1 / s4:1→1, 5→1 / s5:1→2, 5→1, s1:7→1 / s2:1→1 / s3:1→1, 5→1 / s4:1→1, 5→1 / s5:1→2, 5→1, 7→1, s1:7→1 / s2:1→1 / s3:1→1, 5→1 / s4:1→1, 5→1 / s5:1→2, 5→2, s1:7→1 / s2:1→1 / s3:1→1, 5→1 / s4:1→1, 5→1 / s5:1→2, 5→2, s1:7→1 / s2:1→1 / s3:1→1, 5→1 / s4:1→1, 5→1 / s5:1→2, 5→2, 7→1, s1:7→1 / s2:1→1 / s3:1→1, 5→1 / s4:1→1, 5→1 / s5:1→2, 5→3, s1:7→1 / s2:1→1 / s3:1→1, 5→1 / s4:1→1, 5→1 / s5:1→2, 5→3, s1:7→1 / s2:1→1 / s3:1→1, 5→1 / s4:1→1, 5→1 / s5:1→2, 5→3, s1:7→1 / s2:1→1 / s3:1→1, 5→1 / s4:1→1, 5→1 / s5:1→3, 5→2, s1:7→1 / s2:1→1 / s3:1→1, 5→1 / s4:1→1, 5→2 / s5:1→1, 5→1, s1:7→1 / s2:1→1 / s3:1→1, 5→1 / s4:1→1, 5→2 / s5:1→1, 5→1, s1:7→1 / s2:1→1 / s3:1→1, 5→1 / s4:1→1, 5→2 / s5:1→1, 5→2, s1:7→1 / s2:1→1 / s3:1→1, 5→1 / s4:1→1, 5→2 / s5:1→2, 5→2, s1:7→1 / s2:1→1 / s3:1→1, 5→1 / s4:1→1, 5→2 / s5:1→2, 5→2, s1:7→1 / s2:1→1 / s3:1→1, 5→1 / s4:1→2, 5→1 / s5:1→2, 5→2, s1:7→1 / s2:1→1 / s3:1→1, 5→1 / s4:1→2, 5→1 / s5:1→2, 5→2, s1:7→1 / s2:1→1 / s3:1→1, 5→1 / s4:1→2, 5→2 / s5:1→2, 5→2, s1:7→1 / s2:1→1 / s3:1→1, 5→1 / s4:1→2, 5→2 / s5:1→2, 5→2, s1:7→1 / s2:1→1 / s3:1→1, 5→1 / s4:1→2, 5→2 / s5:1→3, 5→2, s1:7→1 / s2:1→1 / s3:1→1, 5→1 / s4:1→2, 5→2 / s5:1→3, 5→2, s1:7→1 / s2:1→1 / s3:1→1, 5→2 / s4:1→1, 5→1 / s5:1→2, 5→2, s1:7→1 / s2:1→1 / s3:1→1, 5→2 / s4:1→1, 5→1 / s5:1→2, 5→2, 7→1, s1:7→1 / s2:1→1 / s3:1→1, 5→2 / s4:1→1, 5→2 / s5:1→1, 5→1, s1:7→1 / s2:1→1 / s3:1→1, 7→1 / s4:1→1, 5→1, 7→1 / s5:1→1, 5→1, s1:7→1 / s2:1→1 / s3:1→1, 7→1 / s4:1→1, 5→1 / s5:1→1, 5→1, s1:7→1 / s2:1→1 / s3:1→1, 7→1 / s4:1→1, 5→1 / s5:1→2, 5→1, 7→1, s1:7→1 / s2:1→1 / s3:1→1, 7→1 / s4:1→1, 5→1 / s5:1→2, 5→2, 7→1, s1:7→1 / s2:1→1 / s3:1→1, 7→1 / s4:1→1, 5→1 / s5:1→2, 7→1, s1:7→1 / s2:1→1 / s3:1→1 / s4:1→1, 5→1 / s5:1→1, 5→1, s1:7→1 / s2:1→1 / s3:1→1 / s4:1→1, 5→1 / s5:1→2, 5→2, s1:7→1 / s2:1→1 / s3:1→1 / s4:1→1, 5→1 / s5:1→2, 5→2, s1:7→1 / s2:1→1 / s3:1→1 / s4:1→2, 5→2 / s5:1→2, 5→2, s1:7→1 / s2:1→1 / s3:1→2, 5→1 / s4:1→2, 5→2 / s5:1→2, 5→2, s1:7→1 / s2:1→1 / s3:5→1 / s4:1→1, 5→1, 7→1 / s5:1→1, 5→1, s1:7→1 / s2:1→1 / s3:5→1 / s4:1→1, 5→1, 7→1 / s5:1→1, 5→1, 7→1, s1:7→1 / s2:1→1 / s3:5→1 / s4:1→1, 5→1, 7→1 / s5:1→1, 5→2, s1:7→1 / s2:1→1 / s3:5→1 / s4:1→1, 5→1, 7→1 / s5:1→1, 5→2, s1:7→1 / s2:1→1 / s3:5→1 / s4:1→1, 5→1, 7→1 / s5:1→1, 5→2, 7→1, s1:7→1 / s2:1→1 / s3:5→1 / s4:1→1, 5→1, 7→1 / s5:1→2, 5→1, 7→1, s1:7→1 / s2:1→1 / s3:5→1 / s4:1→1, 5→1, 7→1 / s5:1→2, 5→2, 7→1, s1:7→1 / s2:1→1 / s3:5→1 / s4:1→1, 5→1, 7→1 / s5:1→2, 5→2, 7→1, s1:7→1 / s2:1→1 / s3:5→1 / s4:1→1, 5→1 / s5:1→1, 5→1, s1:7→1 / s2:1→1 / s3:5→1 / s4:1→1, 5→1 / s5:1→1, 5→2, s1:7→1 / s2:1→1 / s3:5→1 / s4:1→1, 5→1 / s5:1→2, 5→1, 7→1, s1:7→1 / s2:1→1 / s3:5→1 / s4:1→1, 5→1 / s5:1→2, 5→1, 7→1, s1:7→1 / s2:1→1 / s3:5→1 / s4:1→1, 5→1 / s5:1→2, 5→2, s1:7→1 / s2:1→1 / s3:5→1 / s4:1→1, 5→1 / s5:1→2, 5→2, s1:7→1 / s2:1→1 / s3:5→1 / s4:1→1, 5→1 / s5:1→2, 5→2, 7→1, s1:7→1 / s2:1→1 / s3:5→1 / s4:1→1, 5→1 / s5:1→2, 5→3, s1:7→1 / s2:1→1 / s3:5→1 / s4:1→1, 5→1 / s5:1→2, 5→3, s1:7→1 / s2:1→1 / s3:5→1 / s4:1→1, 5→1 / s5:1→2, 5→3, s1:7→1 / s2:1→1 / s3:5→1 / s4:1→1, 5→2, 7→1 / s5:1→1, 5→1, 7→1, s1:7→1 / s2:1→1 / s3:5→1 / s4:1→1, 5→2, 7→1 / s5:1→1, 5→2, s1:7→1 / s2:1→1 / s3:5→1 / s4:1→1, 5→2, 7→1 / s5:1→1, 5→2, 7→1, s1:7→1 / s2:1→1 / s3:5→1 / s4:1→1, 5→2, 7→1 / s5:1→1, 5→2, 7→1, s1:7→1 / s2:1→1 / s3:5→1 / s4:1→1, 5→2 / s5:1→1, 5→1, s1:7→1 / s2:1→1 / s3:5→1 / s4:1→1, 5→2 / s5:1→1, 5→2, s1:7→1 / s2:1→1 / s3:5→1 / s4:1→1, 5→2 / s5:1→1, 5→2, s1:7→1 / s2:1→1 / s3:5→1 / s4:1→1, 5→2 / s5:1→2, 5→2, s1:7→1 / s2:1→1 / s3:5→1 / s4:1→1, 5→2 / s5:1→2, 5→2, 7→1, s1:7→1 / s2:1→1 / s3:5→1 / s4:1→1, 7→1 / s5:1→2, 5→1, 7→1, s1:7→1 / s2:1→1 / s3:5→1 / s4:1→1, 7→1 / s5:1→2, 5→1, 7→1, s1:7→1 / s2:1→1 / s3:5→1 / s4:1→2, 5→1, 7→1 / s5:1→2, 5→1, 7→1, s1:7→1 / s2:1→1 / s3:5→1 / s4:1→2, 5→1, 7→1 / s5:1→2, 5→2, s1:7→1 / s2:1→1 / s3:5→1 / s4:1→2, 5→2, 7→1 / s5:1→2, 5→1, 7→1, s1:7→1 / s2:1→1 / s3:5→1 / s4:1→2, 5→2, 7→1 / s5:1→2, 5→2, s1:7→1 / s2:1→1 / s3:5→1 / s4:1→2, 5→2, 7→1 / s5:1→2, 5→2, 7→1, s1:7→1 / s2:1→1 / s3:5→1 / s4:1→2, 5→2 / s5:1→2, 5→2, s1:7→1 / s2:1→1 / s3:5→1 / s4:5→1, s1:7→1 / s2:1→1 / s3:5→1 / s4:5→1 / s5:1→1, 5→1, s1:7→1 / s2:1→1 / s3:5→1 / s4:5→1 / s5:1→1, 5→1, 7→1, s1:7→1 / s2:1→1 / s3:5→1 / s4:5→1 / s5:1→1, 5→2, s1:7→1 / s2:1→1 / s3:5→1 / s4:5→1 / s5:1→1, 5→2, s1:7→1 / s2:1→1 / s3:5→1 / s4:5→1 / s5:1→1, 5→2, 7→1, s1:7→1 / s2:1→1 / s3:5→1 / s4:5→1 / s5:1→1, 5→2, 7→1, s1:7→1 / s2:1→1 / s3:5→1 / s4:5→1 / s5:1→1, 5→2, 7→2, s1:7→1 / s2:1→1 / s3:5→1 / s4:5→1 / s5:1→1, 5→2, 7→2, s1:7→1 / s2:1→1 / s3:5→1 / s4:5→1 / s5:1→1, 5→3, s1:7→1 / s2:1→1 / s3:5→1 / s4:5→1 / s5:1→1, 5→3, s1:7→1 / s2:1→1 / s3:5→1 / s4:5→1 / s5:1→1, 5→3, 7→1, s1:7→1 / s2:1→1 / s3:5→1 / s4:5→1 / s5:1→1, 5→3, 7→1, s1:7→1 / s2:1→1 / s3:5→1 / s4:5→1 / s5:1→2, 5→2, 7→1, s1:7→1 / s2:1→1 / s3:5→1 / s4:5→1 / s5:1→2, 5→3, s1:7→1 / s2:1→1 / s3:5→1 / s5:1→1, 5→1, s1:7→1 / s2:1→1 / s3:5→1 / s5:1→1, 5→1, 7→1, s1:7→1 / s2:1→1 / s3:5→1 / s5:1→1, 5→1, 7→2, s1:7→1 / s2:1→1 / s3:5→1 / s5:1→1, 5→2, s1:7→1 / s2:1→1 / s3:5→1 / s5:1→1, 5→2, 7→1, s1:7→1 / s2:1→1 / s3:5→1 / s5:1→1, 5→2, 7→2, s1:7→1 / s2:1→1 / s3:5→1 / s5:1→1, 5→3, s1:7→1 / s2:1→1 / s3:5→1 / s5:1→1, 5→3, 7→1, s1:7→1 / s2:1→1 / s3:5→1 / s5:1→1, 7→1, s1:7→1 / s2:1→1 / s3:5→1 / s5:1→2, 5→1, 7→1, s1:7→1 / s2:1→1 / s3:5→1 / s5:1→2, 5→1, 7→2, s1:7→1 / s2:1→1 / s3:5→1 / s5:1→2, 5→2, s1:7→1 / s2:1→1 / s3:5→1 / s5:1→2, 5→2, 7→1, s1:7→1 / s2:1→1 / s3:5→1 / s5:1→2, 5→3, s1:7→1 / s2:1→1 / s3:7→1 / s4:5→1, s1:7→1 / s2:1→1 / s3:7→1 / s4:5→1 / s5:1→1, 5→1, 7→1, s1:7→1 / s2:1→1 / s3:7→1 / s4:5→1 / s5:1→1, 5→1, 7→1, s1:7→1 / s2:1→1 / s3:7→1 / s4:5→1 / s5:1→1, 5→2, 7→1, s1:7→1 / s2:1→1 / s3:7→1 / s4:5→1 / s5:1→1, 5→2, 7→1, s1:7→1 / s2:1→1 / s3:7→1 / s4:5→1 / s5:1→1, 5→3, 7→1, s1:7→1 / s2:1→1 / s3:7→1 / s4:5→1 / s5:1→1, 5→3, 7→1, s1:7→1 / s2:1→1 / s3:7→1 / s4:5→1 / s5:1→1, 7→1, s1:7→1 / s2:1→1 / s3:7→1 / s4:5→1 / s5:5→1, s1:7→1 / s2:1→1 / s3:7→1 / s5:1→1, 5→1, 7→1, s1:7→1 / s2:1→1 / s3:7→1 / s5:1→1, 5→2, 7→1, s1:7→1 / s2:1→1 / s3:7→1 / s5:1→1, 5→3, 7→1, s1:7→1 / s2:1→1 / s3:7→1 / s5:1→1, 7→1, s1:7→1 / s2:1→1 / s4:1→1, 5→1, 7→1 / s5:1→1, 5→1, 7→1, s1:7→1 / s2:1→1 / s4:1→1, 5→1, 7→1 / s5:1→1, 5→2, s1:7→1 / s2:1→1 / s4:1→1, 5→1, 7→1 / s5:1→1, 5→2, 7→1, s1:7→1 / s2:1→1 / s4:1→1, 5→1, 7→1 / s5:1→2, 5→1, 7→1, s1:7→1 / s2:1→1 / s4:1→1, 5→1, 7→1 / s5:1→2, 5→2, 7→1, s1:7→1 / s2:1→1 / s4:1→1, 5→1 / s5:1→1, 5→1, s1:7→1 / s2:1→1 / s4:1→1, 5→1 / s5:1→1, 5→2, s1:7→1 / s2:1→1 / s4:1→1, 5→1 / s5:1→1, 5→2, s1:7→1 / s2:1→1 / s4:1→1, 5→1 / s5:1→2, 5→1, s1:7→1 / s2:1→1 / s4:1→1, 5→1 / s5:1→2, 5→1, 7→1, s1:7→1 / s2:1→1 / s4:1→1, 5→1 / s5:1→2, 5→2, s1:7→1 / s2:1→1 / s4:1→1, 5→1 / s5:1→2, 5→2, 7→1, s1:7→1 / s2:1→1 / s4:1→1, 5→1 / s5:1→2, 5→3, s1:7→1 / s2:1→1 / s4:1→1, 5→1 / s5:1→2, 5→3, s1:7→1 / s2:1→1 / s4:1→1, 5→1 / s5:1→3, 5→2, s1:7→1 / s2:1→1 / s4:1→1, 5→2, 7→1 / s5:1→1, 5→2, 7→1, s1:7→1 / s2:1→1 / s4:1→1, 5→2, 7→1 / s5:1→1, 5→3, s1:7→1 / s2:1→1 / s4:1→1, 5→2, 7→1 / s5:1→1, 5→3, 7→1, s1:7→1 / s2:1→1 / s4:1→1, 5→2, 7→1 / s5:1→2, 5→2, 7→1, s1:7→1 / s2:1→1 / s4:1→1, 5→2 / s5:1→1, 5→2, s1:7→1 / s2:1→1 / s4:1→1, 5→2 / s5:1→1, 5→2, s1:7→1 / s2:1→1 / s4:1→1, 5→2 / s5:1→1, 5→2, 7→1, s1:7→1 / s2:1→1 / s4:1→1, 5→2 / s5:1→1, 5→3, s1:7→1 / s2:1→1 / s4:1→1, 5→2 / s5:1→2, 5→2, s1:7→1 / s2:1→1 / s4:1→1, 5→2 / s5:1→2, 5→2, s1:7→1 / s2:1→1 / s4:1→1, 5→2 / s5:1→2, 5→2, 7→1, s1:7→1 / s2:1→1 / s4:1→1, 5→2 / s5:1→2, 5→3, s1:7→1 / s2:1→1 / s4:1→1, 5→2 / s5:1→2, 5→3, s1:7→1 / s2:1→1 / s4:1→1, 5→3, 7→1 / s5:1→1, 5→3, 7→1, s1:7→1 / s2:1→1 / s4:1→1, 5→3 / s5:1→1, 5→3, s1:7→1 / s2:1→1 / s4:1→1, 5→3 / s5:1→1, 5→3, 7→1, s1:7→1 / s2:1→1 / s4:1→1, 5→3 / s5:1→2, 5→3, s1:7→1 / s2:1→1 / s4:1→1, 7→1 / s5:1→1, 5→1, s1:7→1 / s2:1→1 / s4:1→1, 7→1 / s5:1→1, 5→1, 7→1, s1:7→1 / s2:1→1 / s4:1→1, 7→1 / s5:1→1, 7→1, s1:7→1 / s2:1→1 / s4:1→1, 7→1 / s5:1→2, 5→1, 7→1, s1:7→1 / s2:1→1 / s4:1→1, 7→1 / s5:1→2, 5→2, 7→1, s1:7→1 / s2:1→1 / s4:1→1 / s5:1→1, 5→1, s1:7→1 / s2:1→1 / s4:1→1 / s5:1→2, 5→2, s1:7→1 / s2:1→1 / s4:1→2, 5→1, 7→1 / s5:1→2, 5→1, 7→1, s1:7→1 / s2:1→1 / s4:1→2, 5→1, 7→1 / s5:1→2, 5→2, 7→1, s1:7→1 / s2:1→1 / s4:1→2, 5→1 / s5:1→2, 5→2, s1:7→1 / s2:1→1 / s4:1→2, 5→2, 7→1 / s5:1→2, 5→2, 7→1, s1:7→1 / s2:1→1 / s4:1→2, 5→2, 7→1 / s5:1→2, 5→3, s1:7→1 / s2:1→1 / s4:1→2, 5→2 / s5:1→2, 5→2, s1:7→1 / s2:1→1 / s4:1→2, 5→2 / s5:1→2, 5→3, s1:7→1 / s2:1→1 / s4:1→2, 5→2 / s5:1→2, 5→3, s1:7→1 / s2:1→1 / s4:1→2, 5→2 / s5:1→3, 5→2, s1:7→1 / s2:1→1 / s4:1→2, 5→3 / s5:1→2, 5→3, s1:7→1 / s2:1→1 / s4:1→2, 5→3 / s5:1→2, 5→3, s1:7→1 / s2:1→1 / s4:1→3, 5→2 / s5:1→3, 5→2, s1:7→1 / s2:1→2, 5→1 / s3:1→1 / s4:1→1, 5→1 / s5:1→1, 5→1, s1:7→1 / s2:1→2, 5→1 / s4:1→1, 5→1 / s5:1→1, 5→1, s1:7→1 / s2:1→2, 5→1 / s4:1→1, 5→1 / s5:1→2, 5→1, s1:7→1 / s2:1→2, 5→1 / s4:1→1 / s5:1→1, 5→1, s1:7→1 / s2:1→2, 5→1 / s4:1→1 / s5:1→2, 5→1, s1:7→1 / s2:1→2, 5→1 / s4:1→1 / s5:1→2, 5→2, s1:7→1 / s2:1→2, 5→1 / s4:1→1 / s5:1→3, 5→2, s1:7→1 / s2:1→2, 5→1 / s4:1→2, 5→1 / s5:1→2, 5→1, s1:7→1 / s2:1→2, 5→2 / s4:1→1 / s5:1→1, s1:7→1 / s2:1→3, 5→2 / s3:1→1 / s4:1→1 / s5:1→1, s1:7→1 / s2:1→3, 5→2 / s4:1→1 / s5:1→1, s1:7→1 / s2:5→1 / s3:1→1 / s4:1→1, 7→1 / s5:1→1, 7→1, s1:7→1 / s2:5→1 / s3:1→1 / s4:1→2, 7→1 / s5:1→2, 7→1, s1:7→1 / s2:5→1 / s3:1→1 / s4:1→2, 7→1 / s5:1→2, 7→1, s1:7→1 / s2:5→1 / s4:1→1, 7→1 / s5:1→1, 7→1, s1:7→1 / s2:5→1 / s4:1→1, 7→1 / s5:1→2, 7→1, s1:7→1 / s2:5→1 / s4:1→1 / s5:1→1, 7→1, s1:7→1 / s2:5→1 / s4:1→1 / s5:1→2, 7→1, s1:7→1 / s2:5→1 / s4:1→1 / s5:1→2, 7→2, s1:7→1 / s2:5→1 / s4:1→1 / s5:1→3, 7→2, s1:7→1 / s2:5→1 / s4:1→2, 7→1 / s5:1→2, 7→1}"	"{s3:9→1 / s4:9→1 / s5:3→1, s3:9→1 / s4:3→1 / s5:9→1, s3:9→1 / s4:3→1 / s5:9→1, s3:8→1 / s4:3→1 / s5:8→1, s3:8→1 / s4:8→1 / s5:3→1, s3:8→1 / s4:8→1 / s5:3→1, s3:8→1 / s4:8→1 / s5:3→1, s3:8→1 / s4:3→1 / s5:8→1, s3:8→1 / s4:8→1 / s5:3→1, s3:8→1 / s4:8→1 / s5:3→1, s3:8→1 / s4:8→1 / s5:3→1, s3:8→1 / s4:8→1 / s5:3→1, s3:8→1 / s4:8→1 / s5:3→1, s3:8→1 / s4:3→1 / s5:8→1, s3:8→1 / s4:3→1 / s5:8→1, s3:8→1 / s4:3→1 / s5:8→1, s3:8→1 / s4:3→1 / s5:8→1, s3:8→1 / s4:3→1 / s5:8→1, s3:8→1 / s4:3→1 / s5:8→1, s3:8→1 / s4:3→1 / s5:8→1, s3:8→1 / s4:8→1 / s5:3→1, s3:8→1 / s4:3→1 / s5:8→1, s3:8→1 / s4:3→1 / s5:8→1, s3:9→1 / s4:3→1 / s5:9→1, s3:8→1 / s4:3→1 / s5:8→1, s3:8→1 / s4:3→1 / s5:8→1, s3:8→1 / s4:3→1 / s5:8→1, s3:8→1 / s4:3→1 / s5:8→1, s3:8→1 / s4:3→1 / s5:8→1, s3:9→1 / s4:3→1 / s5:9→1, s3:8→1 / s4:3→1 / s5:8→1, s3:8→1 / s4:8→1 / s5:3→1, s3:8→1 / s4:8→1 / s5:3→1, s3:8→1 / s4:8→1 / s5:3→1, s3:8→1 / s4:8→1 / s5:3→1, s3:8→1 / s4:8→1 / s5:3→1, s3:8→1 / s4:8→1 / s5:3→1, s3:8→1 / s4:8→1 / s5:3→1, s3:8→1 / s4:3→1 / s5:8→1, s3:8→1 / s4:3→1 / s5:8→1, s3:8→1 / s4:3→1 / s5:8→1, s3:8→1 / s4:3→1 / s5:8→1, s3:8→1 / s4:3→1 / s5:8→1, s3:8→1 / s4:3→1 / s5:8→1, s3:8→1 / s4:8→1 / s5:3→1, s3:8→1 / s4:8→1 / s5:3→1, s3:8→1 / s4:3→1 / s5:8→1, s3:9→1 / s4:9→1 / s5:3→1, s3:9→1 / s4:3→1 / s5:9→1, s3:8→1 / s4:8→1 / s5:3→1, s3:8→1 / s4:8→1 / s5:3→1, s3:8→1 / s4:3→1 / s5:8→1, s3:8→1 / s4:8→1 / s5:3→1, s3:9→1 / s4:9→1 / s5:3→1, s3:8→1 / s4:8→1 / s5:3→1, s3:8→1 / s4:8→1 / s5:3→1, s3:8→1 / s4:3→1 / s5:8→1, s3:8→1 / s4:8→1 / s5:3→1, s3:8→1 / s4:3→1 / s5:8→1, s3:8→1 / s4:8→1 / s5:3→1, s3:8→1 / s4:3→1 / s5:8→1, s3:8→1 / s4:8→1 / s5:3→1, s3:3→1 / s4:8→1 / s5:8→1, s3:8→1 / s4:8→1 / s5:3→1, s3:3→1 / s4:8→1 / s5:8→1, s3:8→1 / s4:3→1 / s5:8→1, s3:8→1 / s4:8→1 / s5:3→1, s3:3→1 / s4:8→1 / s5:8→1, s3:8→1 / s4:8→1 / s5:3→1, s3:8→1 / s4:3→1 / s5:8→1, s3:9→1 / s4:3→1 / s5:9→1, s3:3→1 / s4:8→1 / s5:8→1, s3:3→1 / s4:8→1 / s5:8→1, s3:3→1 / s4:9→1 / s5:9→1, s3:3→1 / s4:9→1 / s5:9→1, s3:3→1 / s4:8→1 / s5:8→1, s3:3→1 / s4:8→1 / s5:8→1, s3:3→1 / s4:8→1 / s5:8→1, s3:3→1 / s4:9→1 / s5:9→1, s3:3→1 / s4:8→1 / s5:8→1, s3:3→1 / s4:8→1 / s5:8→1, s3:3→1 / s4:8→1 / s5:8→1, s3:3→1 / s4:9→1 / s5:9→1, s3:3→1 / s4:8→1 / s5:8→1, s3:3→1 / s4:9→1 / s5:9→1, s3:3→1 / s4:8→1 / s5:8→1, s3:3→1 / s4:8→1 / s5:8→1, s3:3→1 / s4:9→1 / s5:9→1, s3:3→1 / s4:9→1 / s5:9→1, s3:9→1 / s4:9→1 / s5:3→1, s3:9→1 / s4:3→1 / s5:9→1, s3:9→1 / s4:3→1 / s5:9→1, s3:9→1 / s4:9→1 / s5:3→1, s3:9→1 / s4:9→1 / s5:3→1, s3:9→1 / s4:9→1 / s5:3→1, s3:8→1 / s4:8→1 / s5:3→1, s3:8→1 / s4:8→1 / s5:3→1, s3:8→1 / s4:3→1 / s5:8→1, s3:9→1 / s4:3→1 / s5:9→1, s3:8→1 / s4:3→1 / s5:8→1, s3:8→1 / s4:8→1 / s5:3→1, s3:9→1 / s4:3→1 / s5:9→1, s3:8→1 / s4:3→1 / s5:8→1, s3:8→1 / s4:8→1 / s5:3→1, s3:9→1 / s4:3→1 / s5:9→1, s3:8→1 / s4:3→1 / s5:8→1, s3:8→1 / s4:8→1 / s5:3→1, s3:9→1 / s4:9→1 / s5:3→1, s3:8→1 / s4:8→1 / s5:3→1, s3:8→1 / s4:3→1 / s5:8→1, s3:9→1 / s4:9→1 / s5:3→1, s3:3→1 / s4:8→1 / s5:8→1, s3:8→1 / s4:8→1 / s5:3→1, s3:3→1 / s4:8→1 / s5:8→1, s3:8→1 / s4:8→1 / s5:3→1, s3:3→1 / s4:8→1 / s5:8→1, s3:8→1 / s4:3→1 / s5:8→1, s3:9→1 / s4:3→1 / s5:9→1, s3:9→1 / s4:3→1 / s5:9→1, s3:9→1 / s4:9→1 / s5:3→1, s3:9→1 / s4:9→1 / s5:3→1, s3:9→1 / s4:9→1 / s5:3→1, s3:9→1 / s4:9→1 / s5:3→1, s3:9→1 / s4:3→1 / s5:9→1, s3:9→1 / s4:9→1 / s5:3→1, s3:8→1 / s4:8→1 / s5:3→1, s3:8→1 / s4:3→1 / s5:8→1, s3:8→1 / s4:8→1 / s5:3→1, s3:8→1 / s4:8→1 / s5:3→1, s3:8→1 / s4:8→1 / s5:3→1, s3:9→1 / s4:9→1 / s5:3→1, s3:9→1 / s4:9→1 / s5:3→1, s3:3→1 / s4:9→1 / s5:9→1, s3:9→1 / s4:9→1 / s5:3→1, s3:9→1 / s4:9→1 / s5:3→1, s3:9→1 / s4:9→1 / s5:3→1, s3:9→1 / s4:3→1 / s5:9→1, s3:9→1 / s4:9→1 / s5:3→1, s3:9→1 / s4:9→1 / s5:3→1, s3:3→1 / s4:8→1 / s5:8→1, s3:9→1 / s4:3→1 / s5:9→1, s3:9→1 / s4:9→1 / s5:3→1, s3:9→1 / s4:3→1 / s5:9→1, s3:9→1 / s4:9→1 / s5:3→1, s3:9→1 / s4:3→1 / s5:9→1, s3:3→1 / s4:8→1 / s5:8→1, s3:9→1 / s4:3→1 / s5:9→1, s3:9→1 / s4:9→1 / s5:3→1, s3:9→1 / s4:9→1 / s5:3→1, s3:9→1 / s4:9→1 / s5:3→1, s3:3→1 / s4:9→1 / s5:9→1, s3:9→1 / s4:9→1 / s5:3→1, s3:9→1 / s4:9→1 / s5:3→1, s3:3→1 / s4:8→1 / s5:8→1, s3:9→1 / s4:9→1 / s5:3→1, s3:9→1 / s4:9→1 / s5:3→1, s3:9→1 / s4:3→1 / s5:9→1, s3:9→1 / s4:3→1 / s5:9→1, s3:9→1 / s4:9→1 / s5:3→1, s3:9→1 / s4:9→1 / s5:3→1, s3:9→1 / s4:9→1 / s5:3→1, s3:9→1 / s4:9→1 / s5:3→1, s3:9→1 / s4:9→1 / s5:3→1, s3:9→1 / s4:9→1 / s5:3→1, s3:9→1 / s4:9→1 / s5:3→1, s3:9→1 / s4:9→1 / s5:3→1, s3:9→1 / s4:9→1 / s5:3→1, s3:9→1 / s4:9→1 / s5:3→1, s3:9→1 / s4:3→1 / s5:9→1, s3:9→1 / s4:9→1 / s5:3→1, s3:9→1 / s4:3→1 / s5:9→1, s3:9→1 / s4:9→1 / s5:3→1, s3:9→1 / s4:3→1 / s5:9→1, s3:9→1 / s4:9→1 / s5:3→1, s3:9→1 / s4:3→1 / s5:9→1, s3:9→1 / s4:9→1 / s5:3→1, s3:9→1 / s4:3→1 / s5:9→1, s3:9→1 / s4:9→1 / s5:3→1, s3:9→1 / s4:9→1 / s5:3→1, s3:9→1 / s4:9→1 / s5:3→1, s3:9→1 / s4:3→1 / s5:9→1, s3:9→1 / s4:3→1 / s5:9→1, s3:9→1 / s4:3→1 / s5:9→1, s3:9→1 / s4:3→1 / s5:9→1, s3:9→1 / s4:3→1 / s5:9→1, s3:9→1 / s4:3→1 / s5:9→1, s3:9→1 / s4:3→1 / s5:9→1, s3:9→1 / s4:3→1 / s5:9→1, s3:9→1 / s4:3→1 / s5:9→1, s3:9→1 / s4:3→1 / s5:9→1, s3:9→1 / s4:3→1 / s5:9→1, s3:9→1 / s4:3→1 / s5:9→1, s3:9→1 / s4:3→1 / s5:9→1, s3:9→1 / s4:3→1 / s5:9→1, s3:9→1 / s4:9→1 / s5:3→1, s3:9→1 / s4:3→1 / s5:9→1, s3:9→1 / s4:9→1 / s5:3→1, s3:9→1 / s4:3→1 / s5:9→1, s3:9→1 / s4:9→1 / s5:3→1, s3:9→1 / s4:3→1 / s5:9→1, s3:9→1 / s4:9→1 / s5:3→1, s3:9→1 / s4:9→1 / s5:3→1, s3:9→1 / s4:9→1 / s5:3→1, s3:9→1 / s4:3→1 / s5:9→1, s3:9→1 / s4:3→1 / s5:9→1, s3:9→1 / s4:3→1 / s5:9→1, s3:9→1 / s4:3→1 / s5:9→1, s3:3→1 / s4:9→1 / s5:9→1, s3:3→1 / s4:9→1 / s5:9→1, s3:3→1 / s4:9→1 / s5:9→1, s3:3→1 / s4:9→1 / s5:9→1, s3:3→1 / s4:9→1 / s5:9→1, s3:3→1 / s4:8→1 / s5:8→1, s3:3→1 / s4:8→1 / s5:8→1, s3:3→1 / s4:9→1 / s5:9→1, s3:3→1 / s4:8→1 / s5:8→1, s3:3→1 / s4:9→1 / s5:9→1, s3:3→1 / s4:8→1 / s5:8→1, s3:3→1 / s4:9→1 / s5:9→1, s3:3→1 / s4:8→1 / s5:8→1, s3:3→1 / s4:9→1 / s5:9→1, s3:3→1 / s4:8→1 / s5:8→1, s3:3→1 / s4:9→1 / s5:9→1, s3:3→1 / s4:9→1 / s5:9→1, s3:3→1 / s4:9→1 / s5:9→1, s3:3→1 / s4:9→1 / s5:9→1, s3:3→1 / s4:8→1 / s5:8→1, s3:3→1 / s4:9→1 / s5:9→1, s3:3→1 / s4:9→1 / s5:9→1, s3:3→1 / s4:9→1 / s5:9→1, s3:3→1 / s4:8→1 / s5:8→1, s3:3→1 / s4:9→1 / s5:9→1, s3:3→1 / s4:9→1 / s5:9→1, s3:3→1 / s4:8→1 / s5:8→1, s3:3→1 / s4:9→1 / s5:9→1, s3:3→1 / s4:9→1 / s5:9→1, s3:3→1 / s4:9→1 / s5:9→1, s3:3→1 / s4:9→1 / s5:9→1, s3:3→1 / s4:9→1 / s5:9→1, s3:3→1 / s4:9→1 / s5:9→1, s3:3→1 / s4:9→1 / s5:9→1, s3:3→1 / s4:9→1 / s5:9→1, s3:3→1 / s4:9→1 / s5:9→1, s3:3→1 / s4:9→1 / s5:9→1, s3:3→1 / s4:8→1 / s5:8→1, s3:3→1 / s4:8→1 / s5:8→1, s3:3→1 / s4:9→1 / s5:9→1, s3:3→1 / s4:9→1 / s5:9→1, s3:3→1 / s4:8→1 / s5:8→1, s3:3→1 / s4:9→1 / s5:9→1, s3:3→1 / s4:9→1 / s5:9→1, s3:3→1 / s4:8→1 / s5:8→1, s3:3→1 / s4:8→1 / s5:8→1, s3:3→1 / s4:9→1 / s5:9→1, s3:3→1 / s4:8→1 / s5:8→1, s3:3→1 / s4:8→1 / s5:8→1, s3:3→1 / s4:9→1 / s5:9→1, s3:3→1 / s4:8→1 / s5:8→1, s3:8→1 / s4:8→1 / s5:3→1, s3:3→1 / s4:8→1 / s5:8→1, s3:3→1 / s4:8→1 / s5:8→1, s3:3→1 / s4:8→1 / s5:8→1, s3:3→1 / s4:8→1 / s5:8→1, s3:3→1 / s4:8→1 / s5:8→1, s3:3→1 / s4:8→1 / s5:8→1, s3:3→1 / s4:8→1 / s5:8→1, s3:3→1 / s4:8→1 / s5:8→1, s3:8→1 / s4:8→1 / s5:3→1, s3:3→1 / s4:8→1 / s5:8→1, s3:9→1 / s4:9→1 / s5:3→1, s3:3→1 / s4:9→1 / s5:9→1, s3:9→1 / s4:9→1 / s5:3→1, s3:3→1 / s4:9→1 / s5:9→1, s3:3→1 / s4:9→1 / s5:9→1, s3:3→1 / s4:9→1 / s5:9→1, s3:3→1 / s4:9→1 / s5:9→1, s3:3→1 / s4:9→1 / s5:9→1, s3:3→1 / s4:9→1 / s5:9→1, s3:3→1 / s4:9→1 / s5:9→1}"
7	34	"so(8)+g2+su(2)"	"so(8)+su(3)+2(so(7)+2 su(2))"	13	145	3	2	0	0	0	0	0	0	"{s1:1→1 / s2:1→1, 7→1 / s3:5→1 / s5:1→1, 7→2, s1:1→1 / s2:1→1, 7→1 / s3:5→1 / s5:1→2, 5→1, 7→1, s1:1→1 / s2:1→1, 7→1 / s3:5→1 / s5:1→2, 5→3, s1:1→1 / s2:1→1, 7→1 / s3:7→1 / s4:5→1 / s5:1→1, 7→1, s1:7→1 / s2:1→1, 5→1 / s3:1→1 / s4:1→1 / s5:1→2, 7→1, s1:7→1 / s2:1→1, 5→1 / s4:1→1 / s5:1→3, 5→1, s1:7→1 / s2:1→1 / s3:1→1, 5→1 / s4:1→1, 5→1 / s5:1→1, s1:7→1 / s2:1→1 / s3:1→1, 5→1 / s4:1→1, 5→1 / s5:1→1, 5→1, s1:7→1 / s2:1→1 / s3:1→1, 5→1 / s4:1→1, 5→1 / s5:1→2, 5→1, s1:7→1 / s2:1→1 / s3:1→1, 5→1 / s4:1→1, 5→1 / s5:1→2, 5→2, s1:7→1 / s2:1→1 / s3:1→1, 5→1 / s4:1→1, 5→1 / s5:1→2, 5→2, s1:7→1 / s2:1→1 / s3:1→1, 5→1 / s4:1→2, 5→1 / s5:1→3, 5→2, s1:7→1 / s2:1→1 / s3:1→1, 5→1 / s4:1→3, 5→2 / s5:1→3, 5→2, s1:7→1 / s2:1→1 / s3:1→1, 5→1 / s4:1→3, 5→2 / s5:1→3, 5→2, s1:7→1 / s2:1→1 / s3:1→1, 7→1 / s4:1→1, 5→1 / s5:1→2, 5→1, 7→1, s1:7→1 / s2:1→1 / s3:1→1 / s4:1→2, 5→1 / s5:1→2, 5→1, s1:7→1 / s2:1→1 / s3:1→1 / s4:1→2, 5→1 / s5:1→2, 5→1, s1:7→1 / s2:1→1 / s3:1→1 / s4:1→2, 5→1 / s5:1→3, 5→2, s1:7→1 / s2:1→1 / s3:1→1 / s4:1→2, 5→1 / s5:1→3, 5→2, s1:7→1 / s2:1→1 / s3:1→1 / s4:1→3, 5→2 / s5:1→3, 5→2, s1:7→1 / s2:1→1 / s3:1→2, 5→1 / s4:1→2, 5→1 / s5:1→2, 5→1, s1:7→1 / s2:1→1 / s3:1→2, 5→1 / s4:1→2, 5→1 / s5:1→3, 5→2, s1:7→1 / s2:1→1 / s3:1→2, 5→1 / s4:1→2, 5→1 / s5:1→3, 5→2, s1:7→1 / s2:1→1 / s3:5→1 / s4:1→1, 7→1 / s5:1→1, 7→1, s1:7→1 / s2:1→1 / s3:5→1 / s4:5→1, 7→1 / s5:5→1, s1:7→1 / s2:1→1 / s3:5→1 / s4:5→1 / s5:1→1, 5→4, s1:7→1 / s2:1→1 / s3:5→1 / s4:5→1 / s5:1→1, 5→4, s1:7→1 / s2:1→1 / s3:5→1 / s4:5→1 / s5:5→1, s1:7→1 / s2:1→1 / s3:5→1 / s5:1→1, 7→2, s1:7→1 / s2:1→1 / s4:1→1, 5→1 / s5:1→1, 5→1, s1:7→1 / s2:1→1 / s4:1→1, 5→1 / s5:1→2, 5→2, s1:7→1 / s2:1→1 / s4:1→1, 5→1 / s5:1→3, 5→1, 7→1, s1:7→1 / s2:1→1 / s4:1→1, 5→1 / s5:1→3, 7→2, s1:7→1 / s2:1→1 / s4:1→1, 5→2 / s5:1→1, 5→3, s1:7→1 / s2:1→1 / s4:1→1, 7→1 / s5:1→3, 5→1, 7→1, s1:7→1 / s2:1→1 / s4:1→1 / s5:1→2, 5→1, s1:7→1 / s2:1→1 / s4:1→1 / s5:1→3, 5→2, s1:7→1 / s2:1→1 / s4:1→2, 5→1, 7→1 / s5:1→2, 5→2, s1:7→1 / s2:1→1 / s4:1→2, 5→1, 7→1 / s5:1→3, 5→1, 7→1, s1:7→1 / s2:1→1 / s4:1→2, 5→1 / s5:1→2, 5→1, s1:7→1 / s2:1→1 / s4:1→2, 5→1 / s5:1→3, 5→2, s1:7→1 / s2:1→1 / s4:1→2, 5→2 / s5:1→2, 5→2, s1:7→1 / s2:1→1 / s4:1→2, 5→2 / s5:1→3, 5→1, 7→1, s1:7→1 / s2:1→2, 5→1 / s3:1→1 / s4:1→1, 5→1 / s5:1→2, 5→1, s1:7→1 / s2:1→2, 5→1 / s3:1→1 / s4:1→1, 5→1 / s5:1→2, 5→1, s1:7→1 / s2:1→2, 5→1 / s3:1→1 / s4:1→1 / s5:1→1, s1:7→1 / s2:1→2, 5→1 / s3:1→1 / s4:1→1 / s5:1→2, 5→1, s1:7→1 / s2:1→2, 5→1 / s3:1→1 / s4:1→1 / s5:1→2, 5→1, s1:7→1 / s2:1→2, 5→1 / s3:1→1 / s4:1→1 / s5:1→3, 5→1, s1:7→1 / s2:1→2, 5→1 / s3:1→1 / s4:1→1 / s5:1→3, 5→1, s1:7→1 / s2:1→2, 5→1 / s3:1→1 / s4:1→1 / s5:1→3, 5→2, s1:7→1 / s2:1→2, 5→1 / s3:1→1 / s4:1→1 / s5:1→3, 5→2, s1:7→1 / s2:1→2, 5→1 / s4:1→1 / s5:1→1}"	"{s3:8→1 / s4:3→1 / s5:8→1, s3:8→1 / s4:3→1 / s5:8→1, s3:9→1 / s4:3→1 / s5:9→1, s3:8→1 / s4:8→1 / s5:3→1, s3:9→1 / s4:3→1 / s5:9→1, s3:3→1 / s4:8→1 / s5:8→1, s3:9→1 / s4:9→1 / s5:3→1, s3:9→1 / s4:9→1 / s5:3→1, s3:9→1 / s4:9→1 / s5:3→1, s3:9→1 / s4:3→1 / s5:9→1, s3:9→1 / s4:9→1 / s5:3→1, s3:3→1 / s4:8→1 / s5:8→1, s3:3→1 / s4:8→1 / s5:8→1, s3:8→1 / s4:8→1 / s5:3→1, s3:9→1 / s4:3→1 / s5:9→1, s3:3→1 / s4:8→1 / s5:8→1, s3:8→1 / s4:8→1 / s5:3→1, s3:8→1 / s4:3→1 / s5:8→1, s3:8→1 / s4:8→1 / s5:3→1, s3:8→1 / s4:8→1 / s5:3→1, s3:8→1 / s4:8→1 / s5:3→1, s3:8→1 / s4:3→1 / s5:8→1, s3:8→1 / s4:8→1 / s5:3→1, s3:9→1 / s4:9→1 / s5:3→1, s3:9→1 / s4:9→1 / s5:3→1, s3:9→1 / s4:3→1 / s5:9→1, s3:9→1 / s4:9→1 / s5:3→1, s3:9→1 / s4:9→1 / s5:3→1, s3:9→1 / s4:3→1 / s5:9→1, s3:3→1 / s4:9→1 / s5:9→1, s3:3→1 / s4:9→1 / s5:9→1, s3:3→1 / s4:9→1 / s5:9→1, s3:3→1 / s4:9→1 / s5:9→1, s3:3→1 / s4:8→1 / s5:8→1, s3:3→1 / s4:9→1 / s5:9→1, s3:3→1 / s4:8→1 / s5:8→1, s3:3→1 / s4:8→1 / s5:8→1, s3:3→1 / s4:9→1 / s5:9→1, s3:3→1 / s4:9→1 / s5:9→1, s3:3→1 / s4:8→1 / s5:8→1, s3:3→1 / s4:8→1 / s5:8→1, s3:3→1 / s4:9→1 / s5:9→1, s3:3→1 / s4:9→1 / s5:9→1, s3:8→1 / s4:3→1 / s5:8→1, s3:8→1 / s4:8→1 / s5:3→1, s3:8→1 / s4:8→1 / s5:3→1, s3:8→1 / s4:3→1 / s5:8→1, s3:8→1 / s4:8→1 / s5:3→1, s3:8→1 / s4:3→1 / s5:8→1, s3:8→1 / s4:8→1 / s5:3→1, s3:8→1 / s4:3→1 / s5:8→1, s3:8→1 / s4:8→1 / s5:3→1, s3:3→1 / s4:8→1 / s5:8→1}"
7	34	"so(8)+g2+su(2)"	"so(8)+su(3)+2(so(7)+2 su(2))"	14	145	3	2	0	0	0	0	0	0	"{s1:1→1 / s2:1→1, 7→1 / s3:5→1 / s5:1→1, 7→1, s1:7→1 / s2:1→1 / s3:1→1, 5→1 / s4:1→1 / s5:1→2, 5→2, s1:7→1 / s2:1→1 / s3:1→1, 5→1 / s4:1→1 / s5:1→2, 7→1, s1:7→1 / s2:1→1 / s3:1→1, 5→1 / s4:1→2, 5→1 / s5:1→2, 5→1, s1:7→1 / s2:1→1 / s3:1→1, 5→1 / s4:1→2, 5→1 / s5:1→3, 5→2, s1:7→1 / s2:1→1 / s3:1→1 / s4:1→1, 5→1 / s5:1→3, 5→2, s1:7→1 / s2:1→1 / s3:1→1 / s4:1→1, 5→1 / s5:1→3, 5→2, s1:7→1 / s2:1→1 / s3:1→1 / s4:1→1 / s5:1→1, s1:7→1 / s2:1→1 / s3:1→1 / s4:1→1 / s5:1→2, 5→1, s1:7→1 / s2:1→1 / s3:1→1 / s4:1→1 / s5:1→2, 5→1, s1:7→1 / s2:1→1 / s3:1→1 / s4:1→1 / s5:1→3, 5→1, s1:7→1 / s2:1→1 / s3:1→1 / s4:1→1 / s5:1→3, 5→1, s1:7→1 / s2:1→1 / s3:1→1 / s4:1→2, 5→1 / s5:1→3, 5→2, s1:7→1 / s2:1→1 / s3:1→1 / s4:1→3, 5→1 / s5:1→3, 5→1, s1:7→1 / s2:1→1 / s3:1→1 / s4:1→3, 5→1 / s5:1→3, 5→1, s1:7→1 / s2:1→1 / s3:1→1 / s4:1→3, 5→2 / s5:1→3, 5→2, s1:7→1 / s2:1→1 / s3:5→1, 7→1 / s4:5→1 / s5:1→1, 5→3, 7→1, s1:7→1 / s2:1→1 / s3:5→1 / s4:5→1, 7→1 / s5:1→1, 5→3, 7→1, s1:7→1 / s2:1→1 / s4:1→1, 5→1 / s5:1→2, 7→1, s1:7→1 / s2:1→1 / s4:1→1, 7→1 / s5:1→2, 7→1, s1:7→1 / s2:1→1 / s4:1→2, 7→1 / s5:1→3, 5→1, 7→1, s1:7→1 / s2:1→2, 5→1 / s4:1→1 / s5:1→3, 5→1, s1:7→1 / s2:1→2, 5→1 / s4:1→2, 5→1 / s5:1→3, 5→1, s1:7→1 / s2:1→3, 5→1 / s3:1→1 / s4:1→1 / s5:1→1, s1:7→1 / s2:5→1 / s3:7→1 / s5:1→1, 7→1}"	"{s3:8→1 / s4:3→1 / s5:8→1, s3:9→1 / s4:3→1 / s5:9→1, s3:9→1 / s4:3→1 / s5:9→1, s3:3→1 / s4:8→1 / s5:8→1, s3:8→1 / s4:8→1 / s5:3→1, s3:8→1 / s4:3→1 / s5:8→1, s3:8→1 / s4:8→1 / s5:3→1, s3:8→1 / s4:8→1 / s5:3→1, s3:8→1 / s4:3→1 / s5:8→1, s3:8→1 / s4:8→1 / s5:3→1, s3:8→1 / s4:3→1 / s5:8→1, s3:8→1 / s4:8→1 / s5:3→1, s3:3→1 / s4:8→1 / s5:8→1, s3:3→1 / s4:8→1 / s5:8→1, s3:8→1 / s4:8→1 / s5:3→1, s3:3→1 / s4:8→1 / s5:8→1, s3:9→1 / s4:3→1 / s5:9→1, s3:9→1 / s4:9→1 / s5:3→1, s3:3→1 / s4:9→1 / s5:9→1, s3:3→1 / s4:9→1 / s5:9→1, s3:3→1 / s4:9→1 / s5:9→1, s3:3→1 / s4:8→1 / s5:8→1, s3:3→1 / s4:8→1 / s5:8→1, s3:8→1 / s4:8→1 / s5:3→1, s3:9→1 / s4:3→1 / s5:9→1}"
7	34	"so(8)+g2+su(2)"	"so(8)+su(3)+2(so(7)+2 su(2))"	15	145	3	2	0	0	0	0	0	0	"{s1:7→1 / s2:1→1 / s3:1→1, 5→1 / s4:1→1 / s5:1→2, 5→1, s1:7→1 / s2:1→1 / s3:1→1 / s4:1→2, 5→1 / s5:1→3, 5→1, s1:7→1 / s2:1→1 / s3:1→2, 5→1 / s4:1→2, 5→1 / s5:1→3, 5→1, s1:7→1 / s2:1→1 / s3:1→2, 5→1 / s4:1→2, 5→2 / s5:1→3, 5→2, s1:7→1 / s2:1→1 / s3:5→1, 7→1 / s4:5→2 / s5:5→1, s1:7→1 / s2:1→1 / s4:1→1, 5→3 / s5:1→1, 5→3}"	"{s3:9→1 / s4:3→1 / s5:9→1, s3:3→1 / s4:8→1 / s5:8→1, s3:8→1 / s4:3→1 / s5:8→1, s3:8→1 / s4:3→1 / s5:8→1, s3:9→1 / s4:9→1 / s5:3→1, s3:3→1 / s4:8→1 / s5:8→1}"
7	34	"so(8)+g2+su(2)"	"so(8)+su(3)+2(so(7)+2 su(2))"	16	145	3	2	0	0	0	0	0	0	"{s1:1→1 / s2:1→1, 7→1 / s3:5→1 / s5:1→2, 5→1, s1:1→1 / s2:1→1 / s3:7→1 / s5:1→1, 5→2, s1:1→1 / s2:1→1 / s3:7→1 / s5:1→2, 5→2, 7→1, s1:7→1 / s2:1→1, 5→1 / s3:1→1 / s4:1→1 / s5:1→4, 5→1, s1:7→1 / s2:1→1, 5→1 / s3:1→1 / s4:1→1 / s5:1→4, 5→1, s1:7→1 / s2:1→1, 5→1 / s3:1→1 / s4:1→3, 5→1 / s5:1→4, 5→1, s1:7→1 / s2:1→1 / s3:1→1 / s4:1→1 / s5:1→3, 5→2, s1:7→1 / s2:1→1 / s3:1→1 / s4:1→1 / s5:1→3, 5→2, s1:7→1 / s2:1→1 / s3:1→1 / s4:1→2, 5→1 / s5:1→3, 5→1, s1:7→1 / s2:1→1 / s3:1→1 / s4:1→2, 5→1 / s5:1→3, 5→1, s1:7→1 / s2:1→1 / s3:5→1 / s4:1→1, 5→1 / s5:1→3, 5→2, s1:7→1 / s2:1→1 / s3:5→1 / s4:1→1, 7→1 / s5:1→3, 5→1, 7→1, s1:7→1 / s2:1→1 / s3:5→1 / s4:5→1, 7→1 / s5:1→1, 5→2, 7→1, s1:7→1 / s2:1→1 / s3:5→1 / s4:5→1 / s5:5→2, s1:7→1 / s2:1→1 / s3:5→1 / s4:5→2 / s5:5→1, s1:7→1 / s2:1→1 / s3:7→1 / s4:5→1 / s5:5→1, 7→1, s1:7→1 / s2:1→1 / s3:7→1 / s4:7→1, s1:7→1 / s2:1→1 / s4:1→1 / s5:1→1, s1:7→1 / s2:1→1 / s4:1→2, 7→1 / s5:1→2, 7→1, s1:7→1 / s2:1→2, 5→1 / s3:1→1 / s4:1→1 / s5:1→2, s1:7→1 / s2:1→2, 5→1 / s3:1→1 / s4:1→1 / s5:1→2, s1:7→1 / s2:1→2, 5→1 / s4:1→3, 5→1 / s5:1→3, 5→1, s1:7→1 / s2:5→1 / s3:7→1 / s4:7→1}"	"{s3:8→1 / s4:3→1 / s5:8→1, s3:9→1 / s4:3→1 / s5:9→1, s3:9→1 / s4:3→1 / s5:9→1, s3:8→1 / s4:3→1 / s5:8→1, s3:8→1 / s4:8→1 / s5:3→1, s3:3→1 / s4:8→1 / s5:8→1, s3:8→1 / s4:3→1 / s5:8→1, s3:8→1 / s4:8→1 / s5:3→1, s3:8→1 / s4:3→1 / s5:8→1, s3:8→1 / s4:8→1 / s5:3→1, s3:9→1 / s4:9→1 / s5:3→1, s3:9→1 / s4:9→1 / s5:3→1, s3:9→1 / s4:9→1 / s5:3→1, s3:9→1 / s4:9→1 / s5:3→1, s3:9→1 / s4:9→1 / s5:3→1, s3:9→1 / s4:9→1 / s5:3→1, s3:9→1 / s4:9→1 / s5:3→1, s3:3→1 / s4:8→1 / s5:8→1, s3:3→1 / s4:9→1 / s5:9→1, s3:8→1 / s4:3→1 / s5:8→1, s3:8→1 / s4:8→1 / s5:3→1, s3:3→1 / s4:8→1 / s5:8→1, s3:9→1 / s4:9→1 / s5:3→1}"
7	34	"so(8)+g2+su(2)"	"so(8)+su(3)+2(so(7)+2 su(2))"	17	145	3	2	0	0	0	0	0	0	"{s1:1→1 / s2:1→1 / s3:7→1 / s5:1→1, 7→1, s1:1→1 / s2:1→1 / s3:7→1 / s5:1→2, 7→2, s1:5→1, 7→1 / s2:1→1 / s3:7→1 / s4:5→1 / s5:7→1, s1:7→1 / s2:1→1 / s3:5→1, 7→1 / s4:5→1, 7→1 / s5:5→1, s1:7→1 / s2:1→1 / s3:5→1 / s4:5→1, 7→1, s1:7→1 / s2:1→1 / s3:5→1 / s4:5→1, 7→1 / s5:5→1, 7→1, s1:7→1 / s2:1→1 / s3:5→1 / s4:5→1, 7→1 / s5:5→2, s1:7→1 / s2:1→1 / s3:5→1 / s4:5→1, 7→1 / s5:7→1}"	"{s3:9→1 / s4:3→1 / s5:9→1, s3:9→1 / s4:3→1 / s5:9→1, s3:9→1 / s4:9→1 / s5:3→1, s3:9→1 / s4:9→1 / s5:3→1, s3:9→1 / s4:9→1 / s5:3→1, s3:9→1 / s4:9→1 / s5:3→1, s3:9→1 / s4:9→1 / s5:3→1, s3:9→1 / s4:9→1 / s5:3→1}"
7	34	"so(8)+g2+su(2)"	"so(8)+su(3)+2(so(7)+2 su(2))"	18	145	3	2	0	0	0	0	0	0	"{s1:1→1 / s2:1→1 / s3:7→1 / s5:1→2, 5→1, 7→2, s1:7→1 / s2:1→1 / s3:1→1, 5→1 / s4:1→2, 5→1 / s5:1→2, 5→1, s1:7→1 / s2:1→1 / s3:1→1, 5→1 / s4:1→2, 5→1 / s5:1→3, 5→2, s1:7→1 / s2:1→1 / s3:1→1 / s4:1→1 / s5:1→4, 5→1, s1:7→1 / s2:1→1 / s3:1→1 / s4:1→1 / s5:1→4, 5→1, s1:7→1 / s2:1→1 / s3:1→1 / s4:1→4, 5→1 / s5:1→4, 5→1, s1:7→1 / s2:1→1 / s3:5→1, 7→1 / s4:5→1 / s5:1→1, 5→2, 7→1, s1:7→1 / s2:1→1 / s3:5→1, 7→1 / s4:5→2, 7→1 / s5:5→2, s1:7→1 / s2:1→1 / s3:5→1, 7→1 / s5:1→1, 5→3, 7→1, s1:7→1 / s2:1→1 / s3:5→1 / s4:1→1, 5→1, 7→1 / s5:1→1, 5→2, 7→1, s1:7→1 / s2:1→1 / s3:5→1 / s4:5→1 / s5:1→1, 5→3, s1:7→1 / s2:1→1 / s3:7→1 / s4:5→1, 7→1 / s5:5→1}"	"{s3:9→1 / s4:3→1 / s5:9→1, s3:8→1 / s4:8→1 / s5:3→1, s3:8→1 / s4:3→1 / s5:8→1, s3:8→1 / s4:3→1 / s5:8→1, s3:8→1 / s4:8→1 / s5:3→1, s3:8→1 / s4:8→1 / s5:3→1, s3:9→1 / s4:3→1 / s5:9→1, s3:9→1 / s4:9→1 / s5:3→1, s3:9→1 / s4:3→1 / s5:9→1, s3:3→1 / s4:9→1 / s5:9→1, s3:8→1 / s4:3→1 / s5:8→1, s3:9→1 / s4:9→1 / s5:3→1}"
7	34	"so(8)+g2+su(2)"	"so(8)+su(3)+2(so(7)+2 su(2))"	19	145	3	2	0	0	0	0	0	0	"{s1:7→1 / s2:1→1 / s3:1→1 / s4:1→3, 5→1 / s5:1→4, 5→1, s1:7→1 / s2:1→1 / s3:5→1, 7→1 / s4:5→2 / s5:5→2, 7→1, s1:7→1 / s2:1→1 / s3:5→1 / s5:1→2, 7→3, s1:7→1 / s2:1→1 / s4:1→1, 5→1 / s5:1→3, 5→2}"	"{s3:3→1 / s4:8→1 / s5:8→1, s3:9→1 / s4:9→1 / s5:3→1, s3:9→1 / s4:3→1 / s5:9→1, s3:3→1 / s4:9→1 / s5:9→1}"
7	34	"so(8)+g2+su(2)"	"so(8)+su(3)+2(so(7)+2 su(2))"	20	145	3	2	0	0	0	0	0	0	"{s1:1→1 / s2:1→1, 7→1 / s3:7→1 / s5:1→2, 7→1, s1:1→1 / s2:1→1 / s3:7→1 / s5:1→1, 5→1, 7→1, s1:1→1 / s2:1→1 / s3:7→1 / s5:1→2, 5→1, 7→1, s1:7→1 / s2:1→1, 5→1 / s3:1→1 / s4:1→4, 5→1 / s5:1→4, 5→1, s1:7→1 / s2:1→1 / s3:1→1, 7→1 / s4:1→1 / s5:1→2, 7→1, s1:7→1 / s2:1→1 / s3:1→1 / s4:1→4, 5→1 / s5:1→4, 5→1, s1:7→1 / s2:1→1 / s3:5→1 / s4:5→2, 7→1 / s5:5→1, 7→1, s1:7→1 / s2:1→1 / s3:5→1 / s4:5→2, 7→1 / s5:5→2, s1:7→1 / s2:1→1 / s3:5→1 / s4:5→2 / s5:5→2, s1:7→1 / s2:1→1 / s4:1→1, 5→3 / s5:1→1, 5→4}"	"{s3:8→1 / s4:3→1 / s5:8→1, s3:9→1 / s4:3→1 / s5:9→1, s3:9→1 / s4:3→1 / s5:9→1, s3:8→1 / s4:8→1 / s5:3→1, s3:9→1 / s4:3→1 / s5:9→1, s3:3→1 / s4:8→1 / s5:8→1, s3:9→1 / s4:9→1 / s5:3→1, s3:9→1 / s4:9→1 / s5:3→1, s3:9→1 / s4:9→1 / s5:3→1, s3:3→1 / s4:9→1 / s5:9→1}"
7	34	"so(8)+g2+su(2)"	"so(8)+su(3)+2(so(7)+2 su(2))"	21	145	3	2	0	0	0	0	0	0	"{s1:7→1 / s2:1→1, 5→1 / s3:1→1 / s4:1→3, 5→1 / s5:1→4, 5→1, s1:7→1 / s2:1→1, 5→1 / s3:1→1 / s4:1→3, 5→1 / s5:1→4, 5→1, s1:7→1 / s2:1→1 / s3:1→1, 5→1 / s4:1→1 / s5:1→2, 5→1, 7→1, s1:7→1 / s2:1→1 / s3:1→1 / s4:1→3, 5→1 / s5:1→4, 5→1, s1:7→1 / s2:1→1 / s3:1→1 / s4:1→3, 5→1 / s5:1→4, 5→1}"	"{s3:8→1 / s4:3→1 / s5:8→1, s3:8→1 / s4:8→1 / s5:3→1, s3:9→1 / s4:3→1 / s5:9→1, s3:8→1 / s4:3→1 / s5:8→1, s3:8→1 / s4:8→1 / s5:3→1}"
7	34	"so(8)+g2+su(2)"	"so(8)+su(3)+2(so(7)+2 su(2))"	26	145	3	2	0	0	0	0	0	0	"{s1:5→1, 7→1 / s2:1→1 / s3:7→1 / s4:5→1, 7→1 / s5:5→1, s1:7→1 / s2:1→1 / s3:1→1 / s4:1→2 / s5:1→4, 5→1, s1:7→1 / s2:1→1 / s3:1→1 / s4:1→2 / s5:1→4, 5→1, s1:7→1 / s2:1→1 / s3:7→1 / s4:5→1, 7→1, s1:7→1 / s2:1→1 / s3:7→1 / s4:5→1 / s5:7→1}"	"{s3:9→1 / s4:9→1 / s5:3→1, s3:8→1 / s4:3→1 / s5:8→1, s3:8→1 / s4:8→1 / s5:3→1, s3:9→1 / s4:9→1 / s5:3→1, s3:9→1 / s4:9→1 / s5:3→1}"
7	34	"so(8)+g2+su(2)"	"so(8)+su(3)+2(so(7)+2 su(2))"	27	145	3	2	0	0	0	0	0	0	"{s1:7→1 / s2:1→1 / s3:5→1 / s5:1→1, 5→1, 7→3, s1:7→1 / s2:1→1 / s3:5→1 / s5:1→1, 5→4}"	"{s3:9→1 / s4:3→1 / s5:9→1, s3:9→1 / s4:3→1 / s5:9→1}"
7	34	"so(8)+g2+su(2)"	"so(8)+su(3)+2(so(7)+2 su(2))"	28	145	3	2	0	0	0	0	0	0	"{s1:1→1 / s2:1→1, 7→1 / s3:5→1 / s5:1→2, 7→3, s1:7→1 / s2:1→1 / s3:5→1 / s4:5→1 / s5:1→1, 5→4}"	"{s3:8→1 / s4:3→1 / s5:8→1, s3:8→1 / s4:3→1 / s5:8→1}"
7	34	"so(8)+g2+su(2)"	"so(8)+su(3)+2(so(7)+2 su(2))"	31	145	3	2	0	0	0	0	0	0	"{s1:7→1 / s2:1→1 / s3:1→1 / s4:1→1 / s5:1→2, s1:7→1 / s2:1→1 / s3:1→1 / s4:1→1 / s5:1→2}"	"{s3:8→1 / s4:3→1 / s5:8→1, s3:8→1 / s4:8→1 / s5:3→1}"
7	34	"so(8)+g2+su(2)"	"so(8)+su(3)+2(so(7)+2 su(2))"	35	145	3	2	0	0	0	0	0	0	"{s1:7→1 / s2:1→1 / s3:1→1 / s4:1→2 / s5:1→3, 5→1, s1:7→1 / s2:1→1 / s4:1→2, 5→2 / s5:1→3, 5→2}"	"{s3:3→1 / s4:8→1 / s5:8→1, s3:3→1 / s4:9→1 / s5:9→1}"
7	34	"so(8)+g2+su(2)"	"so(8)+su(3)+2(so(7)+2 su(2))"	38	145	3	2	0	0	0	0	0	0	"{s1:7→1 / s2:1→1 / s3:1→1, 5→1, 7→1 / s4:1→1, 5→2 / s5:1→1, 5→2, s1:7→1 / s2:1→1 / s3:1→1 / s4:1→1, 5→1 / s5:1→2, 5→1, s1:7→1 / s2:1→1 / s3:1→1 / s4:1→1, 5→1 / s5:1→2, 5→1}"	"{s3:9→1 / s4:9→1 / s5:3→1, s3:8→1 / s4:3→1 / s5:8→1, s3:8→1 / s4:8→1 / s5:3→1}"
7	34	"so(8)+g2+su(2)"	"so(8)+su(3)+2(so(7)+2 su(2))"	39	145	3	2	0	0	0	0	0	0	"{s1:7→1 / s2:1→1, 5→1 / s4:1→3, 5→1 / s5:1→3, 5→1, s1:7→1 / s2:1→1 / s3:5→1 / s4:5→2, 7→1 / s5:5→1, s1:7→1 / s2:1→1 / s3:5→2 / s4:5→2, 7→1 / s5:5→1}"	"{s3:3→1 / s4:8→1 / s5:8→1, s3:9→1 / s4:9→1 / s5:3→1, s3:9→1 / s4:9→1 / s5:3→1}"
7	34	"so(8)+g2+su(2)"	"so(8)+su(3)+2(so(7)+2 su(2))"	40	145	3	2	0	0	0	0	0	0	"s1:1→1 / s2:1→1 / s3:7→1 / s5:1→2, 5→3"	"s3:9→1 / s4:3→1 / s5:9→1"
7	34	"so(8)+g2+su(2)"	"so(8)+su(3)+2(so(7)+2 su(2))"	41	145	3	2	0	0	0	0	0	0	"{s1:7→1 / s2:1→1 / s3:1→1 / s4:1→2 / s5:1→2, s1:7→1 / s2:1→1 / s3:1→2 / s4:1→2 / s5:1→4, 5→1, s1:7→1 / s2:5→1 / s4:1→1 / s5:1→2, 7→3}"	"{s3:8→1 / s4:8→1 / s5:3→1, s3:8→1 / s4:3→1 / s5:8→1, s3:3→1 / s4:9→1 / s5:9→1}"
7	34	"so(8)+g2+su(2)"	"so(8)+su(3)+2(so(7)+2 su(2))"	43	145	3	2	0	0	0	0	0	0	"s1:7→1 / s2:1→1 / s3:1→1 / s4:1→2 / s5:1→4, 5→1"	"s3:3→1 / s4:8→1 / s5:8→1"
7	34	"so(8)+g2+su(2)"	"so(8)+su(3)+2(so(7)+2 su(2))"	44	145	3	2	0	0	0	0	0	0	"s1:7→1 / s2:1→1 / s3:5→1 / s4:5→1, 7→1 / s5:5→2, 7→1"	"s3:9→1 / s4:9→1 / s5:3→1"
7	34	"so(8)+g2+su(2)"	"so(8)+su(3)+2(so(7)+2 su(2))"	49	145	3	2	0	0	0	0	0	0	"s1:7→1 / s2:1→1 / s3:5→1, 7→1 / s4:5→2, 7→1 / s5:5→1"	"s3:9→1 / s4:9→1 / s5:3→1"
7	34	"so(8)+g2+su(2)"	"so(8)+su(3)+2(so(7)+2 su(2))"	51	145	3	2	0	0	0	0	0	0	"s1:7→1 / s2:1→1 / s3:1→2 / s4:1→2 / s5:1→2"	"s3:8→1 / s4:8→1 / s5:3→1"
7	34	"so(8)+g2+su(2)"	"so(8)+su(3)+2(so(7)+2 su(2))"	57	145	3	2	0	0	0	0	0	0	"s1:7→1 / s2:1→1, 5→1 / s3:1→1 / s4:1→4, 5→1 / s5:1→4, 5→1"	"s3:3→1 / s4:8→1 / s5:8→1"
7	34	"so(8)+g2+su(2)"	"so(8)+su(3)+2(so(7)+2 su(2))"	66	145	3	2	0	0	0	0	0	0	"s1:7→1 / s2:1→1 / s3:5→1 / s4:5→2, 7→1 / s5:5→2, 7→1"	"s3:9→1 / s4:9→1 / s5:3→1"
7	34	"so(8)+g2+su(2)"	"so(8)+su(3)+2(so(7)+2 su(2))"	69	145	3	2	0	0	0	0	0	0	"s1:7→1 / s2:1→1, 5→1 / s3:1→1 / s4:1→1 / s5:1→1"	"s3:9→1 / s4:9→1 / s5:3→1"
7	34	"so(8)+g2+su(2)"	"so(8)+su(3)+2(so(7)+2 su(2))"	86	145	3	2	0	0	0	0	0	0	"s1:7→1 / s2:1→1 / s3:7→1 / s4:5→2, 7→1 / s5:5→1"	"s3:9→1 / s4:9→1 / s5:3→1"
7	34	"so(8)+g2+su(2)"	"so(8)+su(3)+3(g2+su(2))"	12	140	2	3	0	0	0	0	0	0	"{s1:7→1 / s2:1→1 / s3:1→1, 5→1 / s4:1→1, 5→1, 7→1 / s5:1→1, 4→1, 5→1, s1:7→1 / s2:1→1 / s3:1→1, 5→1 / s4:1→1, 5→1 / s5:1→1, 4→1, s1:7→1 / s2:1→1 / s3:1→1, 5→1 / s4:1→1, 5→1 / s5:1→1, 4→1, 5→1, s1:7→1 / s2:1→1 / s3:1→1, 5→1 / s4:1→1, 5→1 / s5:1→1, 5→1, 7→1, s1:7→1 / s2:1→1 / s3:1→1, 5→1 / s4:1→1, 7→1 / s5:1→1, 4→1, s1:7→1 / s2:1→1 / s3:1→1, 5→1 / s4:1→1, 7→1 / s5:1→1, 4→1, s1:7→1 / s2:1→1 / s3:1→1, 5→1 / s4:1→1, 7→1 / s5:1→1, 5→1, s1:7→1 / s2:1→1 / s3:1→1, 5→1 / s4:1→1, 7→1 / s5:1→1, 5→1, s1:7→1 / s2:1→1 / s3:1→1, 5→1 / s4:5→1 / s5:1→1, 4→1, s1:7→1 / s2:1→1 / s3:1→1, 5→1 / s4:5→1 / s5:1→1, 4→1, s1:7→1 / s2:1→1 / s3:1→1, 5→1 / s4:5→1 / s5:1→1, 4→1, 5→1, s1:7→1 / s2:1→1 / s3:1→1, 5→1 / s4:5→1 / s5:1→1, 4→1, 7→1, s1:7→1 / s2:1→1 / s3:1→1, 5→1 / s4:5→1 / s5:1→1, 5→1, s1:7→1 / s2:1→1 / s3:1→1, 5→1 / s4:5→1 / s5:1→1, 5→1, 7→1, s1:7→1 / s2:1→1 / s3:1→1, 5→1 / s4:5→1 / s5:1→1, 7→1, s1:7→1 / s2:1→1 / s3:1→1, 5→1 / s4:5→1 / s5:1→2, 4→1, 5→1, s1:7→1 / s2:1→1 / s3:1→1, 5→1 / s4:5→1 / s5:1→2, 4→1, 5→1, 7→1, s1:7→1 / s2:1→1 / s3:1→1, 5→1 / s4:5→1 / s5:1→2, 5→1, 7→1, s1:7→1 / s2:1→1 / s3:1→1, 5→1 / s4:5→1 / s5:4→1, s1:7→1 / s2:5→1 / s3:1→1 / s4:1→1, 7→1 / s5:1→1, 4→1, s1:7→1 / s2:5→1 / s3:1→1 / s4:1→1, 7→1 / s5:1→1, 4→1, 5→1, s1:7→1 / s2:5→1 / s3:1→1 / s4:1→1, 7→1 / s5:1→1, 4→1, 5→1, 7→1, s1:7→1 / s2:5→1 / s3:1→1 / s4:1→1, 7→1 / s5:1→1, 4→1, 7→1, s1:7→1 / s2:5→1 / s3:1→1 / s4:1→1, 7→1 / s5:1→1, 5→1, s1:7→1 / s2:5→1 / s3:1→1 / s4:1→1, 7→1 / s5:1→1, 5→1, 7→1, s1:7→1 / s2:5→1 / s3:1→1 / s4:1→1, 7→1 / s5:1→1, 7→1, s1:7→1 / s2:5→1 / s3:1→1 / s4:1→1, 7→1 / s5:1→2, 4→1, 5→1, s1:7→1 / s2:5→1 / s3:1→1 / s4:1→1, 7→1 / s5:1→2, 4→1, 5→1, 7→1, s1:7→1 / s2:5→1 / s3:1→1 / s4:1→1, 7→1 / s5:1→2, 4→1, 7→1, s1:7→1 / s2:5→1 / s3:1→1 / s4:1→1, 7→1 / s5:1→3, 4→1, 5→1, s1:7→1 / s2:5→1 / s3:1→1 / s4:1→1, 7→1 / s5:1→3, 4→1, 7→1, s1:7→1 / s2:5→1 / s3:1→1 / s4:1→1, 7→1 / s5:1→3, 5→1, 7→1}"	"{s4:9→1 / s5:8→1, s4:8→1 / s5:10→1, s4:8→1 / s5:9→1, s4:8→1 / s5:9→1, s4:10→1 / s5:8→1, s4:9→1 / s5:8→1, s4:10→1 / s5:8→1, s4:9→1 / s5:8→1, s4:9→1 / s5:10→1, s4:9→1 / s5:8→1, s4:9→1 / s5:8→1, s4:9→1 / s5:10→1, s4:9→1 / s5:8→1, s4:9→1 / s5:8→1, s4:9→1 / s5:10→1, s4:9→1 / s5:8→1, s4:9→1 / s5:8→1, s4:9→1 / s5:8→1, s4:9→1 / s5:10→1, s4:9→1 / s5:8→1, s4:9→1 / s5:10→1, s4:9→1 / s5:10→1, s4:9→1 / s5:10→1, s4:9→1 / s5:8→1, s4:9→1 / s5:10→1, s4:10→1 / s5:9→1, s4:9→1 / s5:8→1, s4:9→1 / s5:10→1, s4:10→1 / s5:9→1, s4:10→1 / s5:8→1, s4:10→1 / s5:9→1, s4:10→1 / s5:9→1}"
7	34	"so(8)+g2+su(2)"	"so(8)+su(3)+3(g2+su(2))"	13	140	2	3	0	0	0	0	0	0	"{s1:7→1 / s2:1→1 / s3:1→1, 5→1 / s4:1→1, 5→1 / s5:1→1, 5→1, s1:7→1 / s2:1→1 / s3:1→1, 5→1 / s4:1→1 / s5:1→1, 4→1, s1:7→1 / s2:1→1 / s3:1→1, 5→1 / s4:1→1 / s5:1→1, 4→1, s1:7→1 / s2:1→1 / s3:1→1, 5→1 / s4:1→1 / s5:1→1, 5→1, s1:7→1 / s2:1→1 / s3:1→1, 5→1 / s4:1→1 / s5:1→1, 5→1, s1:7→1 / s2:1→1 / s3:1→1, 5→1 / s4:1→1 / s5:1→1, 7→1, s1:7→1 / s2:1→1 / s3:1→1, 5→1 / s4:1→1 / s5:1→1, 7→1, s1:7→1 / s2:5→1 / s3:1→1 / s4:1→1, 5→1, 7→1 / s5:1→1, 4→1, 7→1, s1:7→1 / s2:5→1 / s3:1→1 / s4:1→1, 7→1 / s5:1→1, 4→1, 5→1, s1:7→1 / s2:5→1 / s3:1→1 / s4:7→1 / s5:1→1, 4→1, 5→1, 7→1, s1:7→1 / s2:5→1 / s3:1→1 / s4:7→1 / s5:1→1, 4→1, 7→1, s1:7→1 / s2:5→1 / s3:1→1 / s4:7→1 / s5:1→1, 5→1, 7→1, s1:7→1 / s2:5→1 / s3:1→1 / s4:7→1 / s5:1→1, 7→1}"	"{s4:9→1 / s5:8→1, s4:8→1 / s5:10→1, s4:8→1 / s5:9→1, s4:8→1 / s5:10→1, s4:8→1 / s5:9→1, s4:8→1 / s5:10→1, s4:8→1 / s5:9→1, s4:10→1 / s5:9→1, s4:9→1 / s5:8→1, s4:10→1 / s5:9→1, s4:10→1 / s5:9→1, s4:10→1 / s5:9→1, s4:10→1 / s5:9→1}"
7	34	"so(8)+g2+su(2)"	"so(8)+su(3)+3(g2+su(2))"	14	140	2	3	0	0	0	0	0	0	"s1:7→1 / s2:5→1 / s3:1→1 / s4:7→1 / s5:4→1"	"s4:10→1 / s5:8→1"
7	34	"so(8)+g2+su(2)"	"so(8)+su(3)+3(g2+su(2))"	16	140	2	3	0	0	0	0	0	0	"s1:7→1 / s2:5→1 / s3:1→1 / s4:5→1, 7→1 / s5:4→1, 7→1"	"s4:10→1 / s5:9→1"
7	34	"so(8)+g2+su(2)"	"so(8)+su(3)+3(g2+su(2))"	17	140	2	3	0	0	0	0	0	0	"s1:7→1 / s2:1→1 / s3:1→1, 5→1 / s4:5→1 / s5:1→3, 5→1, 7→1"	"s4:9→1 / s5:8→1"
7	34	"so(8)+g2+su(2)"	"so(8)+su(3)+3(g2+su(2))"	18	140	2	3	0	0	0	0	0	0	"s1:7→1 / s2:5→1 / s3:1→1 / s4:7→1 / s5:4→1, 7→1"	"s4:10→1 / s5:9→1"
7	34	"so(8)+g2+su(2)"	"so(8)+su(3)+3(g2+su(2))"	19	140	2	3	0	0	0	0	0	0	"s1:7→1 / s2:1→1 / s3:1→1 / s4:1→1 / s5:1→1, 5→1"	"s4:8→1 / s5:10→1"
7	34	"so(8)+g2+su(2)"	"so(8)+su(3)+3(g2+su(2))"	20	140	2	3	0	0	0	0	0	0	"s1:7→1 / s2:1→1 / s3:1→1, 5→1 / s4:5→1 / s5:1→2, 5→1"	"s4:9→1 / s5:8→1"
7	34	"so(8)+g2+su(2)"	"so(8)+su(3)+3(g2+su(2))"	21	140	2	3	0	0	0	0	0	0	"s1:7→1 / s2:1→1 / s3:1→1, 5→1 / s4:1→1 / s5:1→1"	"s4:10→1 / s5:8→1"
7	34	"so(8)+g2+su(2)"	"so(8)+su(3)+3(g2+su(2))"	26	140	2	3	0	0	0	0	0	0	"s1:7→1 / s2:5→1 / s3:1→1 / s4:7→1 / s5:1→1, 4→1, 5→1"	"s4:10→1 / s5:8→1"
7	34	"so(8)+g2+su(2)"	"so(8)+su(3)+3(g2+su(2))"	27	140	2	3	0	0	0	0	0	0	"s1:7→1 / s2:1→1 / s3:1→1 / s4:1→1, 5→1 / s5:1→1, 4→1, 5→1"	"s4:8→1 / s5:10→1"
7	34	"so(8)+g2+su(2)"	"so(8)+su(3)+3(g2+su(2))"	28	140	2	3	0	0	0	0	0	0	"s1:7→1 / s2:1→1 / s3:1→1 / s4:1→1, 7→1 / s5:1→1, 5→1"	"s4:10→1 / s5:8→1"
7	34	"so(8)+g2+su(2)"	"so(8)+su(3)+3(g2+su(2))"	37	140	2	3	0	0	0	0	0	0	"s1:7→1 / s2:5→1 / s3:1→1 / s4:1→1, 4→1 / s5:1→2, 7→1"	"s4:10→1 / s5:9→1"
7	34	"so(8)+g2+su(2)"	"so(8)+su(3)+3(g2+su(2))"	39	140	2	3	0	0	0	0	0	0	"s1:7→1 / s2:1→1 / s3:1→1 / s4:1→1, 5→1 / s5:1→1, 5→2"	"s4:8→1 / s5:10→1"
7	34	"so(8)+g2+su(2)"	"so(8)+su(3)+3(g2+su(2))"	58	140	2	3	0	0	0	0	0	0	"s1:7→1 / s2:5→1 / s3:1→1 / s4:1→1, 7→1 / s5:1→2, 7→1"	"s4:10→1 / s5:9→1"
7	35	"so(8)+so(7)+2 su(2)"	"so(8)+2 su(3)+2(so(7)+2 su(2))"	12	137	2	3	0	0	0	0	0	0	"{s1:7→1 / s2:1→1 / s3:1→1 / s4:1→1 / s5:1→1, s1:7→1 / s2:1→1 / s3:1→1 / s4:1→1 / s5:1→2, s1:7→1 / s2:1→1 / s3:1→1 / s4:1→1 / s5:1→3, s1:7→1 / s2:1→1 / s3:1→1 / s4:1→1 / s5:1→4, s1:7→1 / s2:1→1 / s3:1→1 / s4:1→2 / s5:1→2}"	"{s4:8→1 / s5:8→1, s4:8→1 / s5:8→1, s4:8→1 / s5:8→1, s4:8→1 / s5:8→1, s4:8→1 / s5:8→1}"
7	35	"so(8)+so(7)+2 su(2)"	"so(8)+3 su(3)+g2+su(2)+so(7)+2 su(2)"	12	131	1	4	0	0	0	0	0	0	"s1:7→1 / s2:1→1 / s3:1→1 / s4:1→1 / s5:1→1"	"s5:8→1"
7	35	"so(8)+so(7)+2 su(2)"	"so(8)+g2+su(2)+2(so(7)+2 su(2))"	12	144	3	2	0	0	0	0	0	0	"{s1:7→1 / s2:1→1 / s3:1→1 / s4:1→1 / s5:1→1, s1:7→1 / s2:1→1 / s3:1→1 / s4:1→1 / s5:1→1, s1:7→1 / s2:1→1 / s3:1→1 / s4:1→1 / s5:1→1, 7→1, s1:7→1 / s2:1→1 / s3:1→1 / s4:1→1 / s5:1→2, s1:7→1 / s2:1→1 / s3:1→1 / s4:1→1 / s5:1→2, s1:7→1 / s2:1→1 / s3:1→1 / s4:1→1 / s5:1→2, s1:7→1 / s2:1→1 / s3:1→1 / s4:1→1 / s5:1→2, s1:7→1 / s2:1→1 / s3:1→1 / s4:1→1 / s5:1→2, 7→1, s1:7→1 / s2:1→1 / s3:1→1 / s4:1→1 / s5:1→3, s1:7→1 / s2:1→1 / s3:1→1 / s4:1→1 / s5:1→3, s1:7→1 / s2:1→1 / s3:1→1 / s4:1→1 / s5:1→4, s1:7→1 / s2:1→1 / s3:1→1 / s4:1→1 / s5:1→4, s1:7→1 / s2:1→1 / s3:1→1 / s4:1→1 / s5:1→5, s1:7→1 / s2:1→1 / s3:1→1 / s4:1→1 / s5:1→5, s1:7→1 / s2:1→1 / s3:1→1 / s4:1→2 / s5:1→2, s1:7→1 / s2:1→1 / s3:1→1 / s4:1→2 / s5:1→2}"	"{s3:9→1 / s4:8→1 / s5:8→1, s3:9→1 / s4:9→1 / s5:8→1, s3:9→1 / s4:8→1 / s5:9→1, s3:8→1 / s4:8→1 / s5:9→1, s3:9→1 / s4:8→1 / s5:8→1, s3:9→1 / s4:8→1 / s5:9→1, s3:9→1 / s4:9→1 / s5:8→1, s3:9→1 / s4:8→1 / s5:9→1, s3:8→1 / s4:8→1 / s5:9→1, s3:9→1 / s4:8→1 / s5:8→1, s3:8→1 / s4:8→1 / s5:9→1, s3:9→1 / s4:8→1 / s5:8→1, s3:8→1 / s4:8→1 / s5:9→1, s3:9→1 / s4:8→1 / s5:8→1, s3:8→1 / s4:8→1 / s5:9→1, s3:9→1 / s4:8→1 / s5:8→1}"
7	35	"so(8)+so(7)+2 su(2)"	"so(8)+su(3)+2(g2+su(2))+so(7)+2 su(2)"	12	138	2	3	0	0	0	0	0	0	"{s1:7→1 / s2:1→1 / s3:1→1 / s4:1→1 / s5:1→1, s1:7→1 / s2:1→1 / s3:1→1 / s4:1→1 / s5:1→1, 7→1}"	"{s4:10→1 / s5:8→1, s4:8→1 / s5:10→1}"
7	38	"so(8)+g2+su(2)"	"so(8)+g2+su(2)+2(so(7)+2 su(2))"	12	144	3	2	0	0	0	0	0	0	"{s2:1→1 / s3:1→1, 6→1 / s4:1→1, 6→1 / s5:1→1, 6→1, s2:1→1 / s3:1→1, 6→1 / s4:1→1, 6→1 / s5:1→2, 6→1, s2:1→1 / s4:1→1, 6→1 / s5:1→1, 6→1, s2:1→1 / s4:1→1, 6→1 / s5:1→2, 6→1, s2:1→1 / s4:1→1, 6→1 / s5:1→2, 6→2, s2:1→1 / s4:1→1, 6→1 / s5:1→3, 6→2, s2:1→1 / s4:1→1, 6→2 / s5:1→1, 6→2, s2:1→1 / s4:1→2, 6→1 / s5:1→2, 6→1, s2:1→1 / s4:1→2, 6→1 / s5:1→3, 6→2, s2:1→1 / s4:1→2, 6→2 / s5:1→2, 6→2, s2:1→1 / s4:1→2, 6→2 / s5:1→3, 6→2}"	"{s1:7→1 / s3:9→1 / s4:9→1 / s5:3→1, s1:7→1 / s3:9→1 / s4:9→1 / s5:3→1, s1:7→1 / s3:3→1 / s4:9→1 / s5:9→1, s1:7→1 / s3:3→1 / s4:9→1 / s5:9→1, s1:7→1 / s3:3→1 / s4:9→1 / s5:9→1, s1:7→1 / s3:3→1 / s4:9→1 / s5:9→1, s1:7→1 / s3:3→1 / s4:9→1 / s5:9→1, s1:7→1 / s3:3→1 / s4:9→1 / s5:9→1, s1:7→1 / s3:3→1 / s4:9→1 / s5:9→1, s1:7→1 / s3:3→1 / s4:9→1 / s5:9→1, s1:7→1 / s3:3→1 / s4:9→1 / s5:9→1}"
7	38	"so(8)+g2+su(2)"	"so(8)+g2+su(2)+2(so(7)+2 su(2))"	13	144	3	2	0	0	0	0	0	0	"s2:1→1 / s4:1→2, 6→1 / s5:1→3, 6→1"	"s1:7→1 / s3:3→1 / s4:9→1 / s5:9→1"
7	38	"so(8)+g2+su(2)"	"so(8)+g2+su(2)+2(so(7)+2 su(2))"	15	144	3	2	0	0	0	0	0	0	"s2:1→1 / s3:6→1 / s4:6→1 / s5:6→1"	"s1:7→1 / s3:9→1 / s4:9→1 / s5:3→1"
7	38	"so(8)+g2+su(2)"	"so(8)+g2+su(2)+2(so(7)+2 su(2))"	18	144	3	2	0	0	0	0	0	0	"{s2:1→1 / s3:6→1 / s5:1→1, 6→2, s2:1→1 / s4:1→1, 6→1 / s5:1→2, 6→3}"	"{s1:7→1 / s3:9→1 / s4:3→1 / s5:9→1, s1:7→1 / s3:3→1 / s4:9→1 / s5:9→1}"
7	38	"so(8)+g2+su(2)"	"so(8)+g2+su(2)+2(so(7)+2 su(2))"	22	144	3	2	0	0	0	0	0	0	"s2:1→1 / s3:6→1 / s5:1→2, 6→3"	"s1:7→1 / s3:9→1 / s4:3→1 / s5:9→1"
7	38	"so(8)+g2+su(2)"	"so(8)+su(3)+2(g2+su(2))+so(7)+2 su(2)"	12	138	2	3	0	0	0	0	0	0	"{s2:1→1 / s3:1→1, 6→1 / s5:1→1, 6→1, s2:1→1 / s3:1→2, 6→1 / s5:1→1, 6→1}"	"{s1:7→1 / s4:3→1 / s5:9→1, s1:7→1 / s4:3→1 / s5:9→1}"
7	38	"so(8)+g2+su(2)"	"so(8)+su(3)+2(g2+su(2))+so(7)+2 su(2)"	17	138	2	3	0	0	0	0	0	0	"s2:1→1 / s3:1→1 / s5:1→2, 6→1"	"s1:7→1 / s4:3→1 / s5:10→1"
7	38	"so(8)+g2+su(2)"	"so(8)+su(3)+2(g2+su(2))+so(7)+2 su(2)"	22	138	2	3	0	0	0	0	0	0	"s2:1→1 / s3:1→1 / s5:1→3, 6→2"	"s1:7→1 / s4:3→1 / s5:10→1"
7	38	"so(8)+g2+su(2)"	"so(8)+su(3)+2(g2+su(2))+so(7)+2 su(2)"	32	138	2	3	0	0	0	0	0	0	"s2:1→1 / s3:1→1, 6→1 / s5:1→2, 6→1"	"s1:7→1 / s4:3→1 / s5:9→1"
7	38	"so(8)+g2+su(2)"	"so(8)+su(3)+2(g2+su(2))+so(7)+2 su(2)"	39	138	2	3	0	0	0	0	0	0	"s2:1→1 / s3:1→1 / s5:1→3, 6→1"	"s1:7→1 / s4:3→1 / s5:10→1"
7	38	"so(8)+g2+su(2)"	"so(8)+su(3)+2(so(7)+2 su(2))"	12	145	3	2	0	0	0	0	0	0	"s1:1→1 / s2:1→1, 6→1 / s3:6→1 / s5:1→1, 6→1"	"s3:8→1 / s4:3→1 / s5:8→1"
7	39	"so(8)+so(7)+2 su(2)"	"so(8)+2 su(3)+2(so(7)+2 su(2))"	15	137	2	3	0	0	0	0	0	0	"s1:7→1 / s2:7→1 / s3:1→1 / s4:5→2 / s5:5→2"	"s4:10→1 / s5:10→1"
7	39	"so(8)+so(7)+2 su(2)"	"so(8)+2 su(3)+2(so(7)+2 su(2))"	16	137	2	3	0	0	0	0	0	0	"{s1:7→1 / s2:1→1 / s3:1→1 / s4:1→2, 5→1 / s5:1→2, 5→1, s1:7→1 / s2:7→1 / s3:1→1 / s4:5→1 / s5:5→1, s1:7→1 / s2:7→1 / s3:1→1 / s4:5→1 / s5:5→2}"	"{s4:8→1 / s5:8→1, s4:10→1 / s5:10→1, s4:10→1 / s5:10→1}"
7	39	"so(8)+so(7)+2 su(2)"	"so(8)+2 su(3)+2(so(7)+2 su(2))"	17	137	2	3	0	0	0	0	0	0	"{s1:7→1 / s2:7→1 / s3:1→1 / s4:5→1 / s5:1→1, 5→4, s1:7→1 / s2:7→1 / s3:1→1 / s4:5→1 / s5:5→3}"	"{s4:10→1 / s5:10→1, s4:10→1 / s5:10→1}"
7	39	"so(8)+so(7)+2 su(2)"	"so(8)+2 su(3)+2(so(7)+2 su(2))"	18	137	2	3	0	0	0	0	0	0	"s1:7→1 / s2:7→1 / s3:1→1 / s4:5→1 / s5:5→4"	"s4:10→1 / s5:10→1"
7	39	"so(8)+so(7)+2 su(2)"	"so(8)+2 su(3)+2(so(7)+2 su(2))"	19	137	2	3	0	0	0	0	0	0	"s1:7→1 / s2:1→1 / s3:1→1 / s4:1→1 / s5:1→4, 5→1"	"s4:8→1 / s5:8→1"
7	39	"so(8)+so(7)+2 su(2)"	"so(8)+2 su(3)+2(so(7)+2 su(2))"	20	137	2	3	0	0	0	0	0	0	"{s1:7→1 / s2:1→1 / s3:1→1 / s4:1→1 / s5:1→1, s1:7→1 / s2:5→1 / s3:1→1 / s4:7→1 / s5:5→1, 7→1}"	"{s4:8→1 / s5:8→1, s4:10→1 / s5:10→1}"
7	39	"so(8)+so(7)+2 su(2)"	"so(8)+2 su(3)+2(so(7)+2 su(2))"	21	137	2	3	0	0	0	0	0	0	"s1:7→1 / s2:7→1 / s3:1→1 / s4:5→1 / s5:1→1, 5→3"	"s4:10→1 / s5:10→1"
7	39	"so(8)+so(7)+2 su(2)"	"so(8)+2 su(3)+2(so(7)+2 su(2))"	27	137	2	3	0	0	0	0	0	0	"s1:7→1 / s2:1→1 / s3:1→1 / s4:1→1 / s5:1→3, 5→1"	"s4:8→1 / s5:8→1"
7	39	"so(8)+so(7)+2 su(2)"	"so(8)+3 su(3)+g2+su(2)+so(7)+2 su(2)"	18	131	1	4	0	0	0	0	0	0	"s1:7→1 / s2:7→1 / s3:5→1 / s4:1→1 / s5:5→1"	"s5:11→1"
7	39	"so(8)+so(7)+2 su(2)"	"so(8)+g2+su(2)+2(so(7)+2 su(2))"	12	144	3	2	0	0	0	0	0	0	"{s1:7→1 / s2:1→1 / s3:1→1, 5→1 / s4:1→1, 5→1 / s5:1→1, 5→1, s1:7→1 / s2:1→1 / s3:1→1, 5→1 / s4:1→1, 5→1 / s5:1→1, 5→1, s1:7→1 / s2:1→1 / s3:1→1, 5→1 / s4:1→1, 5→1 / s5:1→1, 5→1, 7→1, s1:7→1 / s2:1→1 / s3:1→1, 5→1 / s4:1→1, 5→1 / s5:1→2, 5→1, s1:7→1 / s2:1→1 / s3:1→1, 5→1 / s4:1→1, 5→1 / s5:1→2, 5→1, s1:7→1 / s2:1→1 / s3:1→1, 5→1 / s4:1→1, 5→1 / s5:1→2, 5→1, 7→1, s1:7→1 / s2:1→1 / s3:1→1, 5→1 / s4:1→2, 5→1 / s5:1→2, 5→1, s1:7→1 / s2:1→1 / s3:5→1 / s4:1→1, 5→1 / s5:1→1, 5→1, s1:7→1 / s2:1→1 / s3:5→1 / s4:1→1, 5→1 / s5:1→1, 5→1, 7→1}"	"{s3:9→1 / s4:8→1 / s5:8→1, s3:9→1 / s4:9→1 / s5:8→1, s3:9→1 / s4:8→1 / s5:9→1, s3:9→1 / s4:8→1 / s5:8→1, s3:9→1 / s4:9→1 / s5:8→1, s3:9→1 / s4:8→1 / s5:9→1, s3:9→1 / s4:8→1 / s5:8→1, s3:9→1 / s4:8→1 / s5:8→1, s3:9→1 / s4:8→1 / s5:9→1}"
7	39	"so(8)+so(7)+2 su(2)"	"so(8)+g2+su(2)+2(so(7)+2 su(2))"	13	144	3	2	0	0	0	0	0	0	"s1:7→1 / s2:1→1 / s3:1→1 / s4:1→2, 5→1 / s5:1→2, 5→1"	"s3:8→1 / s4:8→1 / s5:9→1"
7	39	"so(8)+so(7)+2 su(2)"	"so(8)+g2+su(2)+2(so(7)+2 su(2))"	14	144	3	2	0	0	0	0	0	0	"{s1:7→1 / s2:1→1 / s3:1→1 / s4:1→1 / s5:1→3, 5→1, s1:7→1 / s2:1→1 / s3:1→1 / s4:1→1 / s5:1→4, 5→1}"	"{s3:8→1 / s4:8→1 / s5:9→1, s3:8→1 / s4:8→1 / s5:9→1}"
7	39	"so(8)+so(7)+2 su(2)"	"so(8)+g2+su(2)+2(so(7)+2 su(2))"	15	144	3	2	0	0	0	0	0	0	"s1:7→1 / s2:1→1 / s3:5→1 / s4:5→1 / s5:5→1, 7→1"	"s3:9→1 / s4:8→1 / s5:9→1"
7	39	"so(8)+so(7)+2 su(2)"	"so(8)+g2+su(2)+2(so(7)+2 su(2))"	16	144	3	2	0	0	0	0	0	0	"{s1:7→1 / s2:1→1 / s3:5→1 / s4:5→1 / s5:1→1, 5→1, s1:7→1 / s2:1→1 / s3:5→1 / s4:5→1 / s5:5→1}"	"{s3:9→1 / s4:9→1 / s5:8→1, s3:9→1 / s4:9→1 / s5:8→1}"
7	39	"so(8)+so(7)+2 su(2)"	"so(8)+g2+su(2)+2(so(7)+2 su(2))"	19	144	3	2	0	0	0	0	0	0	"{s1:7→1 / s2:1→1 / s3:1→1 / s4:1→1, 5→1 / s5:1→2, 5→1, 7→1, s1:7→1 / s2:1→1 / s3:1→1 / s4:1→1, 7→1 / s5:1→2, 5→1}"	"{s3:8→1 / s4:9→1 / s5:9→1, s3:8→1 / s4:9→1 / s5:9→1}"
7	39	"so(8)+so(7)+2 su(2)"	"so(8)+g2+su(2)+2(so(7)+2 su(2))"	45	144	3	2	0	0	0	0	0	0	"s1:7→1 / s2:1→1 / s3:7→1 / s4:5→1 / s5:1→1, 5→1"	"s3:9→1 / s4:9→1 / s5:8→1"
7	39	"so(8)+so(7)+2 su(2)"	"so(8)+su(3)+2(g2+su(2))+so(7)+2 su(2)"	18	138	2	3	0	0	0	0	0	0	"s1:7→1 / s2:5→1 / s3:1→1 / s4:7→1 / s5:1→1, 5→1"	"s4:10→1 / s5:8→1"
7	39	"so(8)+so(7)+2 su(2)"	"so(8)+su(3)+2(g2+su(2))+so(7)+2 su(2)"	82	138	2	3	0	0	0	0	0	0	"s1:7→1 / s2:1→1 / s3:1→1 / s4:1→1 / s5:1→1, 7→1"	"s4:8→1 / s5:10→1"
7	40	"so(8)+2 su(3)"	"2 so(8)+2 su(3)+2(g2+su(2))"	13	113	2	2	1	0	0	0	0	0	"{s1:7→1 / s2:1→1 / s3:1→1, 5→1 / s4:3→1, s1:7→1 / s2:1→1 / s3:1→1, 5→1 / s4:3→1, 7→1, s1:7→1 / s2:1→1 / s3:1→1, 7→1 / s4:5→1, s1:7→1 / s2:3→1 / s3:1→1 / s4:1→1, 7→1 / s5:1→1, s1:7→1 / s2:3→1 / s3:1→1 / s4:1→1, 7→1 / s5:1→2, s1:7→1 / s2:3→1 / s3:1→1 / s4:1→1 / s5:1→1, 5→1, s1:7→1 / s2:3→1 / s3:1→1 / s4:1→1 / s5:1→2, 5→1, s1:7→1 / s2:3→1 / s3:1→1 / s4:1→2 / s5:1→2, 5→1, s1:7→1 / s2:3→1 / s3:1→1 / s4:5→1 / s5:1→1, s1:7→1 / s2:3→1 / s3:1→1 / s5:1→1, 5→1, s1:7→1 / s2:3→1 / s3:1→1 / s5:1→1, 7→1, s1:7→1 / s2:3→1 / s3:1→1 / s5:1→2, 5→1, 7→1}"	"{s4:9→1 / s5:2→1, s4:9→1 / s5:2→1, s4:9→1 / s5:2→1, s4:10→1 / s5:6→1, s4:10→1 / s5:6→1, s4:6→1 / s5:10→1, s4:6→1 / s5:10→1, s4:6→1 / s5:10→1, s4:10→1 / s5:6→1, s4:6→1 / s5:10→1, s4:6→1 / s5:10→1, s4:6→1 / s5:10→1}"
7	40	"so(8)+2 su(3)"	"2 so(8)+2 su(3)+2(g2+su(2))"	14	113	2	2	1	0	0	0	0	0	"{s1:7→1 / s2:1→1 / s3:1→1 / s4:3→1, s1:7→1 / s2:1→1 / s3:1→1 / s4:3→1 / s5:1→1, s1:7→1 / s2:1→1 / s3:1→1 / s4:3→1 / s5:1→1, 3→1, s1:7→1 / s2:1→1 / s3:1→1 / s4:3→1 / s5:3→1, s1:7→1 / s2:1→1 / s3:1→1 / s5:1→1, s1:7→1 / s2:1→1 / s3:1→1 / s5:1→1, 3→1, s1:7→1 / s2:5→1 / s3:1→1 / s4:3→1, 7→1 / s5:7→1, s1:7→1 / s2:5→1 / s3:1→1 / s4:7→1 / s5:7→1}"	"{s4:9→1 / s5:2→1, s4:9→1 / s5:6→1, s4:9→1 / s5:6→1, s4:9→1 / s5:10→1, s4:2→1 / s5:6→1, s4:2→1 / s5:6→1, s4:10→1 / s5:2→1, s4:10→1 / s5:2→1}"
7	40	"so(8)+2 su(3)"	"2 so(8)+2 su(3)+2(g2+su(2))"	17	113	2	2	1	0	0	0	0	0	"s1:7→1 / s2:5→1 / s3:1→1 / s5:1→1, 3→1, 7→3"	"s4:2→1 / s5:10→1"
7	40	"so(8)+2 su(3)"	"2 so(8)+2 su(3)+2(g2+su(2))"	19	113	2	2	1	0	0	0	0	0	"s1:7→1 / s2:7→1 / s3:1→1 / s4:5→1 / s5:5→1"	"s4:10→1 / s5:2→1"
7	40	"so(8)+2 su(3)"	"2 so(8)+2 su(3)+2(g2+su(2))"	25	113	2	2	1	0	0	0	0	0	"s1:7→1 / s2:3→1 / s3:1→1 / s5:1→3, 5→1, 7→1"	"s4:6→1 / s5:10→1"
7	40	"so(8)+2 su(3)"	"2 so(8)+2 su(3)+2(g2+su(2))"	31	113	2	2	1	0	0	0	0	0	"s1:7→1 / s2:5→1 / s3:1→1 / s4:3→1, 7→1"	"s4:10→1 / s5:2→1"
7	40	"so(8)+2 su(3)"	"2 so(8)+2 su(3)+2(g2+su(2))"	32	113	2	2	1	0	0	0	0	0	"s1:7→1 / s2:5→1 / s3:1→1 / s4:3→1, 7→2"	"s4:10→1 / s5:2→1"
7	40	"so(8)+2 su(3)"	"2 so(8)+2 su(3)+2(g2+su(2))"	38	113	2	2	1	0	0	0	0	0	"s1:7→1 / s2:3→1 / s3:1→1 / s4:1→1 / s5:1→1, 5→1, 7→1"	"s4:6→1 / s5:10→1"
7	40	"so(8)+2 su(3)"	"2 so(8)+3(g2+su(2))"	13	120	3	1	1	0	0	0	0	0	"{s1:7→1 / s2:1→1 / s3:3→1, 5→1 / s5:1→1, s1:7→1 / s2:1→1 / s3:3→1, 7→1 / s4:5→1 / s5:1→1, s1:7→1 / s2:1→1 / s3:3→1, 7→1 / s5:1→1, s1:7→1 / s2:1→1 / s3:3→1 / s4:1→1 / s5:1→1, 5→1, s1:7→1 / s2:1→1 / s3:3→1 / s5:1→1, s1:7→1 / s2:1→1 / s3:5→1 / s4:3→1, s1:7→1 / s2:1→1 / s3:5→1 / s4:3→1 / s5:7→1, s1:7→1 / s2:1→1 / s3:5→1 / s4:7→1 / s5:1→1, s1:7→1 / s2:1→1 / s3:5→1 / s5:1→1, 7→1, s1:7→1 / s2:1→1 / s4:1→1, 3→1, 7→1 / s5:1→1, 5→1, s1:7→1 / s2:1→1 / s4:1→1, 5→1 / s5:1→1, 3→1, s1:7→1 / s2:1→1 / s4:1→1, 5→1 / s5:1→1, 7→1, s1:7→1 / s2:1→1 / s4:1→1, 7→1 / s5:1→1, s1:7→1 / s2:1→1 / s4:1→1 / s5:1→1, 3→1, 5→1, s1:7→1 / s2:1→1 / s4:1→1 / s5:1→1, 3→1, 5→1, 7→1, s1:7→1 / s2:1→1 / s4:1→1 / s5:1→1, 3→1, 7→1, s1:7→1 / s2:1→1 / s4:1→1 / s5:1→1, 5→1, s1:7→1 / s2:1→1 / s4:1→1 / s5:1→1, 5→1, 7→1, s1:7→1 / s2:1→1 / s4:3→1, 5→1, s1:7→1 / s2:1→1 / s4:3→1, 7→1, s1:7→1 / s2:1→1 / s4:3→1, 7→1 / s5:5→1, s1:7→1 / s2:1→1 / s4:5→1 / s5:7→1, s1:7→1 / s2:1→1 / s5:1→1, 3→1, 5→1, s1:7→1 / s2:1→1 / s5:1→1, 3→1, 5→1, 7→1, s1:7→1 / s2:1→1 / s5:1→1, 3→1, 7→1, s1:7→1 / s2:1→1 / s5:1→1, 5→1, s1:7→1 / s2:1→1 / s5:1→1, 7→1, s1:7→1 / s2:1→1 / s5:1→2, 3→1, 5→1, 7→1, s1:7→1 / s2:1→1 / s5:1→2, 5→1, 7→1}"	"{s3:9→1 / s4:2→1 / s5:6→1, s3:9→1 / s4:2→1 / s5:6→1, s3:9→1 / s4:2→1 / s5:6→1, s3:9→1 / s4:6→1 / s5:2→1, s3:9→1 / s4:2→1 / s5:6→1, s3:9→1 / s4:6→1 / s5:2→1, s3:9→1 / s4:6→1 / s5:2→1, s3:9→1 / s4:2→1 / s5:6→1, s3:9→1 / s4:2→1 / s5:6→1, s3:6→1 / s4:9→1 / s5:2→1, s3:2→1 / s4:9→1 / s5:6→1, s3:6→1 / s4:9→1 / s5:2→1, s3:2→1 / s4:9→1 / s5:6→1, s3:2→1 / s4:6→1 / s5:9→1, s3:2→1 / s4:6→1 / s5:9→1, s3:2→1 / s4:6→1 / s5:9→1, s3:2→1 / s4:6→1 / s5:9→1, s3:2→1 / s4:6→1 / s5:9→1, s3:6→1 / s4:9→1 / s5:2→1, s3:6→1 / s4:9→1 / s5:2→1, s3:6→1 / s4:9→1 / s5:2→1, s3:6→1 / s4:9→1 / s5:2→1, s3:6→1 / s4:2→1 / s5:9→1, s3:6→1 / s4:2→1 / s5:9→1, s3:6→1 / s4:2→1 / s5:9→1, s3:6→1 / s4:2→1 / s5:9→1, s3:6→1 / s4:2→1 / s5:9→1, s3:6→1 / s4:2→1 / s5:9→1, s3:6→1 / s4:2→1 / s5:9→1}"
7	40	"so(8)+2 su(3)"	"2 so(8)+3(g2+su(2))"	14	120	3	1	1	0	0	0	0	0	"s1:7→1 / s2:1→1 / s5:1→1, 5→1, 7→1"	"s3:6→1 / s4:2→1 / s5:9→1"
7	40	"so(8)+2 su(3)"	"2 so(8)+3(g2+su(2))"	16	120	3	1	1	0	0	0	0	0	"s1:7→1 / s2:1→1 / s4:3→1, 5→1, 7→1"	"s3:6→1 / s4:9→1 / s5:2→1"
7	40	"so(8)+2 su(3)"	"2 so(8)+3(g2+su(2))"	18	120	3	1	1	0	0	0	0	0	"s1:7→1 / s2:1→1 / s3:3→1 / s4:1→1 / s5:1→1"	"s3:9→1 / s4:6→1 / s5:2→1"
7	40	"so(8)+2 su(3)"	"2 so(8)+3(g2+su(2))"	19	120	3	1	1	0	0	0	0	0	"s1:7→1 / s2:1→1 / s5:1→3, 5→1, 7→1"	"s3:6→1 / s4:2→1 / s5:9→1"
7	40	"so(8)+2 su(3)"	"2 so(8)+3(g2+su(2))"	20	120	3	1	1	0	0	0	0	0	"s1:7→1 / s2:1→1 / s4:5→1"	"s3:6→1 / s4:9→1 / s5:2→1"
7	40	"so(8)+2 su(3)"	"2 so(8)+3(g2+su(2))"	32	120	3	1	1	0	0	0	0	0	"s1:7→1 / s2:1→1 / s4:1→1 / s5:1→1, 3→1"	"s3:2→1 / s4:6→1 / s5:9→1"
7	40	"so(8)+2 su(3)"	"2 so(8)+3 su(3)+so(7)+2 su(2)"	13	112	2	2	1	0	0	0	0	0	"{s1:7→1 / s2:1→1 / s3:1→1, 5→1, s1:7→1 / s2:1→1 / s3:1→1, 5→1 / s4:3→1 / s5:3→1, 7→1, s1:7→1 / s2:1→1 / s3:1→1, 7→1, s1:7→1 / s2:1→1 / s3:1→1, 7→1 / s5:5→1, s1:7→1 / s2:3→1 / s3:1→1 / s4:1→1, 5→1 / s5:1→1, 5→1, s1:7→1 / s2:3→1 / s3:1→1 / s4:1→1, 5→1 / s5:1→2, 5→1, s1:7→1 / s2:3→1 / s3:1→1 / s4:1→1, 5→1 / s5:1→2, 5→1, 7→1, s1:7→1 / s2:3→1 / s3:1→1 / s4:1→1, 7→1 / s5:1→2, 5→2, 7→1, s1:7→1 / s2:3→1 / s3:1→1 / s4:1→1 / s5:1→1, s1:7→1 / s2:3→1 / s3:1→1 / s4:1→1 / s5:1→2, s1:7→1 / s2:3→1 / s3:1→1 / s4:5→1 / s5:1→1, 5→1, s1:7→1 / s2:3→1 / s3:1→1 / s4:5→1 / s5:1→2, 5→1, 7→1, s1:7→1 / s2:3→1 / s3:1→1 / s5:1→1}"	"{s4:2→1 / s5:2→1, s4:9→1 / s5:9→1, s4:2→1 / s5:2→1, s4:2→1 / s5:2→1, s4:10→1 / s5:10→1, s4:10→1 / s5:10→1, s4:10→1 / s5:10→1, s4:10→1 / s5:10→1, s4:6→1 / s5:6→1, s4:6→1 / s5:6→1, s4:10→1 / s5:10→1, s4:10→1 / s5:10→1, s4:6→1 / s5:6→1}"
7	40	"so(8)+2 su(3)"	"2 so(8)+3 su(3)+so(7)+2 su(2)"	14	112	2	2	1	0	0	0	0	0	"{s1:7→1 / s2:1→1 / s3:1→1, s1:7→1 / s2:1→1 / s3:1→1 / s4:1→1 / s5:1→1, s1:7→1 / s2:1→1 / s3:1→1 / s4:1→1 / s5:1→1, 3→1, s1:7→1 / s2:1→1 / s3:1→1 / s4:1→1 / s5:1→1, 3→2, s1:7→1 / s2:1→1 / s3:1→1 / s4:3→1 / s5:3→1, s1:7→1 / s2:3→1 / s3:1→1 / s4:1→1, 7→1 / s5:1→2, 5→1, 7→1, s1:7→1 / s2:5→1 / s3:1→1 / s4:3→1, 7→1 / s5:3→1, 7→1, s1:7→1 / s2:5→1 / s3:1→1 / s4:7→1 / s5:7→1}"	"{s4:2→1 / s5:2→1, s4:6→1 / s5:6→1, s4:6→1 / s5:6→1, s4:6→1 / s5:6→1, s4:9→1 / s5:9→1, s4:10→1 / s5:10→1, s4:10→1 / s5:10→1, s4:2→1 / s5:2→1}"
7	40	"so(8)+2 su(3)"	"2 so(8)+3 su(3)+so(7)+2 su(2)"	15	112	2	2	1	0	0	0	0	0	"s1:7→1 / s2:5→1 / s3:1→1 / s4:7→1 / s5:3→1, 7→1"	"s4:10→1 / s5:10→1"
7	40	"so(8)+2 su(3)"	"2 so(8)+3 su(3)+so(7)+2 su(2)"	16	112	2	2	1	0	0	0	0	0	"{s1:7→1 / s2:5→1 / s3:1→1, 7→1, s1:7→1 / s2:5→1 / s3:1→1 / s4:7→1 / s5:7→1, s1:7→1 / s2:5→1 / s3:1→1 / s5:7→1, s1:7→1 / s2:7→1 / s3:1→1 / s4:5→1 / s5:5→1}"	"{s4:2→1 / s5:2→1, s4:10→1 / s5:10→1, s4:2→1 / s5:2→1, s4:10→1 / s5:10→1}"
7	40	"so(8)+2 su(3)"	"2 so(8)+3 su(3)+so(7)+2 su(2)"	19	112	2	2	1	0	0	0	0	0	"{s1:7→1 / s2:3→1 / s3:1→1 / s4:1→1, 7→1 / s5:1→1, 5→1, s1:7→1 / s2:3→1 / s3:1→1 / s4:1→1, 7→1 / s5:1→1, 5→1, 7→1}"	"{s4:10→1 / s5:10→1, s4:10→1 / s5:10→1}"
7	40	"so(8)+2 su(3)"	"2 so(8)+3 su(3)+so(7)+2 su(2)"	27	112	2	2	1	0	0	0	0	0	"s1:7→1 / s2:7→1 / s3:1→1 / s4:5→1 / s5:5→1"	"s4:2→1 / s5:2→1"
7	40	"so(8)+2 su(3)"	"2 so(8)+4 su(3)+g2+su(2)"	13	106	1	3	1	0	0	0	0	0	"{s1:7→1 / s2:3→1 / s3:1→1 / s4:1→1, 7→1 / s5:1→1, 5→1, s1:7→1 / s2:3→1 / s3:1→1 / s4:1→1, 7→1 / s5:5→1}"	"{s5:10→1, s5:10→1}"
7	40	"so(8)+2 su(3)"	"2 so(8)+4 su(3)+g2+su(2)"	14	106	1	3	1	0	0	0	0	0	"{s1:7→1 / s2:3→1 / s3:1→1 / s4:1→1 / s5:1→1, s1:7→1 / s2:3→1 / s3:1→1 / s4:1→1 / s5:1→1, 5→1, s1:7→1 / s2:3→1 / s3:1→1 / s4:1→1 / s5:1→1, 7→1}"	"{s5:6→1, s5:10→1, s5:10→1}"
7	40	"so(8)+2 su(3)"	"2 so(8)+4 su(3)+g2+su(2)"	17	106	1	3	1	0	0	0	0	0	"s1:7→1 / s2:3→1 / s3:1→1 / s4:1→1 / s5:1→2, 7→1"	"s5:6→1"
7	40	"so(8)+2 su(3)"	"2 so(8)+6 su(3)"	14	99	0	4	1	0	0	0	0	0	"s1:7→1 / s2:3→1 / s3:1→1 / s4:1→1 / s5:1→1, 7→1"	""
7	40	"so(8)+2 su(3)"	"2 so(8)+su(3)+g2+su(2)+so(7)+2 su(2)"	13	119	3	1	1	0	0	0	0	0	"{s1:7→1 / s2:1→1 / s3:3→1, 5→1, 7→1 / s5:1→1, 5→1, 7→1, s1:7→1 / s2:1→1 / s3:3→1, 5→1 / s5:1→1, 5→1, s1:7→1 / s2:1→1 / s3:3→1, 7→1 / s4:3→1, 5→1 / s5:1→1, s1:7→1 / s2:1→1 / s3:3→1, 7→1 / s4:5→1 / s5:1→1, 5→1, 7→1, s1:7→1 / s2:1→1 / s3:3→1, 7→1 / s5:1→1, 5→1, 7→1, s1:7→1 / s2:1→1 / s3:3→1, 7→1 / s5:1→1, 7→1, s1:7→1 / s2:1→1 / s3:3→1 / s4:1→1, 5→1 / s5:1→2, 3→1, 7→1, s1:7→1 / s2:1→1 / s3:3→1 / s4:1→1 / s5:1→1, 3→1, s1:7→1 / s2:1→1 / s3:3→1 / s4:1→1 / s5:1→1, 3→1, 5→1, s1:7→1 / s2:1→1 / s3:3→1 / s4:1→1 / s5:1→1, 3→1, 7→1, s1:7→1 / s2:1→1 / s3:3→1 / s4:1→1 / s5:1→2, 3→1, s1:7→1 / s2:1→1 / s3:3→1 / s4:1→1 / s5:1→2, 3→1, 5→1, s1:7→1 / s2:1→1 / s3:3→1 / s4:1→1 / s5:1→2, 3→1, 5→1, 7→1, s1:7→1 / s2:1→1 / s3:3→1 / s4:1→1 / s5:1→2, 3→1, 7→1, s1:7→1 / s2:1→1 / s3:3→1 / s4:1→1 / s5:1→3, 3→1, s1:7→1 / s2:1→1 / s3:3→1 / s4:3→1, 5→1 / s5:1→1, s1:7→1 / s2:1→1 / s3:3→1 / s4:3→1, 7→1 / s5:1→1, s1:7→1 / s2:1→1 / s3:3→1 / s4:3→1 / s5:1→1, s1:7→1 / s2:1→1 / s3:3→1 / s5:1→1, s1:7→1 / s2:1→1 / s3:5→1 / s4:3→1, 5→1, s1:7→1 / s2:1→1 / s3:5→1 / s4:3→1, 5→1, 7→1, s1:7→1 / s2:1→1 / s3:5→1 / s4:3→1, 5→1, 7→1 / s5:7→1, s1:7→1 / s2:1→1 / s3:5→1 / s4:3→1, 7→1, s1:7→1 / s2:1→1 / s3:5→1 / s4:3→1, 7→1 / s5:1→1, s1:7→1 / s2:1→1 / s3:5→1 / s4:3→1, 7→1 / s5:1→1, 5→1, 7→1, s1:7→1 / s2:1→1 / s3:5→1 / s4:3→1, 7→1 / s5:3→1, s1:7→1 / s2:1→1 / s3:5→1 / s4:3→1, 7→1 / s5:7→1, s1:7→1 / s2:1→1 / s3:5→1 / s4:7→1 / s5:1→1, 3→1, 5→1, 7→1, s1:7→1 / s2:1→1 / s3:5→1 / s4:7→1 / s5:1→1, 5→1, 7→1, s1:7→1 / s2:1→1 / s3:5→1 / s4:7→1 / s5:1→1, 5→1, 7→1, s1:7→1 / s2:1→1 / s3:5→1 / s4:7→1 / s5:5→1, s1:7→1 / s2:1→1 / s3:5→1 / s4:7→1 / s5:5→1, 7→1, s1:7→1 / s2:1→1 / s3:5→1 / s5:1→1, 3→1, 5→1, 7→1, s1:7→1 / s2:1→1 / s3:5→1 / s5:1→1, 3→1, 5→1, 7→2, s1:7→1 / s2:1→1 / s3:5→1 / s5:1→1, 5→1, s1:7→1 / s2:1→1 / s3:5→1 / s5:1→1, 5→1, 7→1, s1:7→1 / s2:1→1 / s3:5→1 / s5:1→1, 5→1, 7→1, s1:7→1 / s2:1→1 / s3:5→1 / s5:1→1, 5→1, 7→2, s1:7→1 / s2:1→1 / s3:5→1 / s5:1→2, 5→1, 7→2, s1:7→1 / s2:1→1 / s3:5→1 / s5:1→2, 5→1, 7→2, s1:7→1 / s2:1→1 / s3:5→1 / s5:5→1, s1:7→1 / s2:1→1 / s3:5→1 / s5:7→1, s1:7→1 / s2:1→1 / s3:7→1 / s4:5→1 / s5:1→1, s1:7→1 / s2:1→1 / s3:7→1 / s4:5→1 / s5:1→1, 5→1, 7→1, s1:7→1 / s2:1→1 / s4:1→1, 3→1, 7→1 / s5:1→1, 3→1, 5→1, s1:7→1 / s2:1→1 / s4:1→1, 5→1 / s5:1→1, 3→1, 7→1, s1:7→1 / s2:1→1 / s4:1→1, 7→1 / s5:1→1, 5→1, s1:7→1 / s2:1→1 / s4:1→1, 7→1 / s5:1→2, s1:7→1 / s2:1→1 / s4:1→1 / s5:1→1, s1:7→1 / s2:1→1 / s4:1→1 / s5:1→1, 3→1, s1:7→1 / s2:1→1 / s4:1→1 / s5:1→1, 5→1, s1:7→1 / s2:1→1 / s4:1→1 / s5:1→1, 7→1, s1:7→1 / s2:1→1 / s4:1→1 / s5:1→2, s1:7→1 / s2:1→1 / s4:1→1 / s5:1→2, 3→1, s1:7→1 / s2:1→1 / s4:1→1 / s5:1→2, 5→1, s1:7→1 / s2:1→1 / s4:1→1 / s5:1→2, 7→1, s1:7→1 / s2:1→1 / s4:1→2 / s5:1→2, s1:7→1 / s2:1→1 / s4:3→1, s1:7→1 / s2:1→1 / s4:3→1, 7→1 / s5:3→1, 5→1, s1:7→1 / s2:1→1 / s4:5→1 / s5:1→1, s1:7→1 / s2:1→1 / s4:5→1 / s5:1→1, 5→1, s1:7→1 / s2:1→1 / s4:5→1 / s5:1→1, 5→1, 7→1, s1:7→1 / s2:1→1 / s4:7→1 / s5:1→1, s1:7→1 / s2:1→1 / s4:7→1 / s5:1→1, 5→1, s1:7→1 / s2:1→1 / s4:7→1 / s5:1→1, 5→1, 7→1, s1:7→1 / s2:1→1 / s4:7→1 / s5:1→1, 5→2, 7→1, s1:7→1 / s2:1→1 / s4:7→1 / s5:1→1, 7→1, s1:7→1 / s2:1→1 / s4:7→1 / s5:1→2, 5→2, 7→1, s1:7→1 / s2:1→1 / s4:7→1 / s5:5→1, s1:7→1 / s2:1→1 / s5:1→1, s1:7→1 / s2:1→1 / s5:1→1, s1:7→1 / s2:1→1 / s5:1→1, 3→1, s1:7→1 / s2:1→1 / s5:1→1, 5→1, s1:7→1 / s2:1→1 / s5:1→1, 5→1, s1:7→1 / s2:1→1 / s5:1→1, 5→1, 7→1, s1:7→1 / s2:1→1 / s5:1→1, 7→1, s1:7→1 / s2:1→1 / s5:1→1, 7→1, s1:7→1 / s2:1→1 / s5:1→2, s1:7→1 / s2:1→1 / s5:1→2, 5→1, s1:7→1 / s2:1→1 / s5:1→2, 5→1, s1:7→1 / s2:1→1 / s5:1→2, 5→1, 7→1, s1:7→1 / s2:1→1 / s5:1→2, 5→1, 7→1, s1:7→1 / s2:1→1 / s5:1→2, 5→2, s1:7→1 / s2:1→1 / s5:1→2, 7→1, s1:7→1 / s2:1→1 / s5:1→2, 7→1, s1:7→1 / s2:1→1 / s5:1→3, 5→1, s1:7→1 / s2:1→1 / s5:1→3, 7→1, s1:7→1 / s2:1→1 / s5:1→4, 5→1, s1:7→1 / s2:1→1 / s5:1→4, 7→1, s1:7→1 / s2:1→1 / s5:5→1}"	"{s3:9→1 / s4:2→1 / s5:9→1, s3:9→1 / s4:2→1 / s5:9→1, s3:9→1 / s4:9→1 / s5:6→1, s3:9→1 / s4:2→1 / s5:9→1, s3:9→1 / s4:2→1 / s5:9→1, s3:9→1 / s4:2→1 / s5:9→1, s3:9→1 / s4:9→1 / s5:6→1, s3:9→1 / s4:6→1 / s5:6→1, s3:9→1 / s4:6→1 / s5:9→1, s3:9→1 / s4:6→1 / s5:9→1, s3:9→1 / s4:6→1 / s5:6→1, s3:9→1 / s4:6→1 / s5:9→1, s3:9→1 / s4:6→1 / s5:9→1, s3:9→1 / s4:6→1 / s5:9→1, s3:9→1 / s4:6→1 / s5:6→1, s3:9→1 / s4:9→1 / s5:6→1, s3:9→1 / s4:9→1 / s5:6→1, s3:9→1 / s4:6→1 / s5:6→1, s3:6→1 / s4:2→1 / s5:6→1, s3:9→1 / s4:9→1 / s5:2→1, s3:9→1 / s4:9→1 / s5:2→1, s3:9→1 / s4:9→1 / s5:2→1, s3:9→1 / s4:9→1 / s5:2→1, s3:9→1 / s4:9→1 / s5:6→1, s3:9→1 / s4:9→1 / s5:2→1, s3:9→1 / s4:9→1 / s5:6→1, s3:9→1 / s4:9→1 / s5:2→1, s3:9→1 / s4:2→1 / s5:9→1, s3:9→1 / s4:2→1 / s5:2→1, s3:9→1 / s4:2→1 / s5:9→1, s3:9→1 / s4:2→1 / s5:2→1, s3:9→1 / s4:2→1 / s5:2→1, s3:9→1 / s4:2→1 / s5:9→1, s3:9→1 / s4:2→1 / s5:9→1, s3:9→1 / s4:2→1 / s5:9→1, s3:9→1 / s4:2→1 / s5:2→1, s3:9→1 / s4:2→1 / s5:9→1, s3:9→1 / s4:2→1 / s5:2→1, s3:9→1 / s4:2→1 / s5:2→1, s3:9→1 / s4:2→1 / s5:9→1, s3:9→1 / s4:2→1 / s5:2→1, s3:9→1 / s4:2→1 / s5:2→1, s3:2→1 / s4:2→1 / s5:6→1, s3:2→1 / s4:2→1 / s5:9→1, s3:6→1 / s4:9→1 / s5:9→1, s3:6→1 / s4:9→1 / s5:9→1, s3:6→1 / s4:9→1 / s5:9→1, s3:2→1 / s4:2→1 / s5:6→1, s3:2→1 / s4:6→1 / s5:6→1, s3:2→1 / s4:6→1 / s5:6→1, s3:2→1 / s4:6→1 / s5:2→1, s3:2→1 / s4:6→1 / s5:2→1, s3:2→1 / s4:6→1 / s5:6→1, s3:2→1 / s4:6→1 / s5:6→1, s3:2→1 / s4:6→1 / s5:2→1, s3:2→1 / s4:6→1 / s5:2→1, s3:2→1 / s4:6→1 / s5:6→1, s3:6→1 / s4:6→1 / s5:2→1, s3:6→1 / s4:9→1 / s5:9→1, s3:2→1 / s4:2→1 / s5:6→1, s3:2→1 / s4:2→1 / s5:9→1, s3:2→1 / s4:2→1 / s5:9→1, s3:2→1 / s4:2→1 / s5:6→1, s3:2→1 / s4:2→1 / s5:6→1, s3:2→1 / s4:2→1 / s5:9→1, s3:2→1 / s4:2→1 / s5:9→1, s3:2→1 / s4:2→1 / s5:9→1, s3:2→1 / s4:2→1 / s5:9→1, s3:6→1 / s4:2→1 / s5:2→1, s3:2→1 / s4:2→1 / s5:6→1, s3:6→1 / s4:2→1 / s5:6→1, s3:6→1 / s4:2→1 / s5:6→1, s3:2→1 / s4:2→1 / s5:9→1, s3:6→1 / s4:2→1 / s5:2→1, s3:6→1 / s4:2→1 / s5:2→1, s3:2→1 / s4:2→1 / s5:9→1, s3:6→1 / s4:2→1 / s5:2→1, s3:2→1 / s4:2→1 / s5:6→1, s3:2→1 / s4:2→1 / s5:6→1, s3:2→1 / s4:2→1 / s5:9→1, s3:2→1 / s4:2→1 / s5:9→1, s3:6→1 / s4:2→1 / s5:2→1, s3:2→1 / s4:2→1 / s5:9→1, s3:2→1 / s4:2→1 / s5:6→1, s3:2→1 / s4:2→1 / s5:9→1, s3:2→1 / s4:2→1 / s5:6→1, s3:2→1 / s4:2→1 / s5:6→1, s3:2→1 / s4:2→1 / s5:6→1, s3:2→1 / s4:2→1 / s5:6→1, s3:6→1 / s4:2→1 / s5:2→1}"
7	40	"so(8)+2 su(3)"	"2 so(8)+su(3)+g2+su(2)+so(7)+2 su(2)"	14	119	3	1	1	0	0	0	0	0	"{s1:7→1 / s2:1→1 / s3:5→1 / s4:5→1, s1:7→1 / s2:1→1 / s3:5→1 / s4:5→1, 7→1 / s5:7→1, s1:7→1 / s2:1→1 / s3:7→1 / s4:5→1 / s5:1→1, 5→1, 7→1, s1:7→1 / s2:1→1 / s3:7→1 / s4:5→1 / s5:3→1, 5→1, 7→1, s1:7→1 / s2:1→1 / s3:7→1 / s4:5→1 / s5:5→1, 7→1, s1:7→1 / s2:1→1 / s3:7→1 / s5:5→1, s1:7→1 / s2:1→1 / s4:1→1 / s5:1→2, s1:7→1 / s2:1→1 / s4:1→1 / s5:1→3, s1:7→1 / s2:1→1 / s4:5→1 / s5:3→1, 7→1, s1:7→1 / s2:1→1 / s5:1→3, s1:7→1 / s2:1→1 / s5:7→1}"	"{s3:9→1 / s4:9→1 / s5:2→1, s3:9→1 / s4:9→1 / s5:2→1, s3:9→1 / s4:9→1 / s5:2→1, s3:9→1 / s4:9→1 / s5:2→1, s3:9→1 / s4:9→1 / s5:2→1, s3:9→1 / s4:6→1 / s5:9→1, s3:2→1 / s4:2→1 / s5:6→1, s3:2→1 / s4:6→1 / s5:6→1, s3:6→1 / s4:9→1 / s5:9→1, s3:2→1 / s4:2→1 / s5:6→1, s3:6→1 / s4:2→1 / s5:2→1}"
7	40	"so(8)+2 su(3)"	"2 so(8)+su(3)+g2+su(2)+so(7)+2 su(2)"	15	119	3	1	1	0	0	0	0	0	"s1:7→1 / s2:1→1 / s5:1→4"	"s3:2→1 / s4:2→1 / s5:6→1"
7	40	"so(8)+2 su(3)"	"2 so(8)+su(3)+g2+su(2)+so(7)+2 su(2)"	16	119	3	1	1	0	0	0	0	0	"{s1:7→1 / s2:1→1 / s3:5→1 / s5:5→1, 7→1, s1:7→1 / s2:1→1 / s5:1→1}"	"{s3:9→1 / s4:2→1 / s5:2→1, s3:2→1 / s4:2→1 / s5:9→1}"
7	40	"so(8)+2 su(3)"	"2 so(8)+su(3)+g2+su(2)+so(7)+2 su(2)"	18	119	3	1	1	0	0	0	0	0	"{s1:7→1 / s2:1→1 / s3:3→1 / s5:1→1, 5→1, s1:7→1 / s2:1→1 / s5:1→5}"	"{s3:9→1 / s4:2→1 / s5:9→1, s3:2→1 / s4:2→1 / s5:6→1}"
7	40	"so(8)+2 su(3)"	"e6+so(8)+2 su(3)+2(g2+su(2))"	15	63	2	2	0	0	1	0	0	0	"{s1:1→1 / s2:7→1 / s3:7→1 / s4:3→1, 5→1 / s5:3→1, 5→1, s1:1→1 / s2:7→1 / s3:7→1 / s4:5→1 / s5:5→1, s1:1→1 / s2:7→1 / s3:7→1 / s5:5→1}"	"{s4:9→1 / s5:10→1, s4:9→1 / s5:10→1, s4:6→1 / s5:10→1}"
7	40	"so(8)+2 su(3)"	"e6+so(8)+3 su(3)+so(7)+2 su(2)"	15	62	2	2	0	0	1	0	0	0	"{s1:1→1 / s2:7→1 / s3:5→1 / s4:3→1 / s5:3→1, 7→1, s1:1→1 / s2:7→1 / s3:7→1, s1:1→1 / s2:7→1 / s3:7→1 / s4:3→1, 5→1 / s5:3→1, 5→1, s1:1→1 / s2:7→1 / s3:7→1 / s4:5→1 / s5:5→1}"	"{s4:9→1 / s5:9→1, s4:6→1 / s5:6→1, s4:9→1 / s5:9→1, s4:9→1 / s5:9→1}"
7	40	"so(8)+2 su(3)"	"e6+so(8)+4 su(3)+g2+su(2)"	15	56	1	3	0	0	1	0	0	0	"s1:1→1 / s2:7→1 / s3:7→1 / s4:5→1 / s5:3→1, 7→1"	"s5:9→1"
7	40	"so(8)+2 su(3)"	"e6+so(8)+6 su(3)"	16	49	0	4	0	0	1	0	0	0	"s1:1→1 / s2:7→1 / s3:7→1 / s4:7→1 / s5:5→1"	""
7	40	"so(8)+2 su(3)"	"e6+so(8)+su(3)+g2+su(2)+so(7)+2 su(2)"	14	69	3	1	0	0	1	0	0	0	"{s1:1→1 / s2:7→1 / s4:3→1, 7→1 / s5:3→1, 5→1, s1:1→1 / s2:7→1 / s4:5→1 / s5:3→1, 7→1, s1:1→1 / s2:7→1 / s5:3→1, 7→1, s1:1→1 / s2:7→1 / s5:3→1, 7→2, s1:1→1 / s2:7→1 / s5:3→2, 7→2}"	"{s3:6→1 / s4:9→1 / s5:9→1, s3:6→1 / s4:9→1 / s5:9→1, s3:6→1 / s4:6→1 / s5:9→1, s3:6→1 / s4:6→1 / s5:9→1, s3:6→1 / s4:6→1 / s5:9→1}"
7	40	"so(8)+2 su(3)"	"e6+so(8)+su(3)+g2+su(2)+so(7)+2 su(2)"	15	69	3	1	0	0	1	0	0	0	"{s1:1→1 / s2:7→1 / s3:7→1, s1:1→1 / s2:7→1 / s4:3→1, 7→1 / s5:3→1, s1:1→1 / s2:7→1 / s4:3→1 / s5:3→1, s1:1→1 / s2:7→1 / s4:3→1 / s5:3→1, 5→1, s1:1→1 / s2:7→1 / s4:3→1 / s5:3→1, 7→1}"	"{s3:9→1 / s4:6→1 / s5:6→1, s3:6→1 / s4:9→1 / s5:6→1, s3:6→1 / s4:9→1 / s5:6→1, s3:6→1 / s4:9→1 / s5:9→1, s3:6→1 / s4:9→1 / s5:9→1}"
7	40	"so(8)+2 su(3)"	"e6+so(8)+su(3)+g2+su(2)+so(7)+2 su(2)"	16	69	3	1	0	0	1	0	0	0	"s1:1→1 / s2:7→1 / s4:3→1 / s5:3→1"	"s3:6→1 / s4:9→1 / s5:9→1"
7	40	"so(8)+2 su(3)"	"e6+so(8)+su(3)+g2+su(2)+so(7)+2 su(2)"	21	69	3	1	0	0	1	0	0	0	"s1:1→1 / s2:7→1 / s3:7→2"	"s3:9→1 / s4:6→1 / s5:6→1"
7	40	"so(8)+2 su(3)"	"f5+so(8)+2 su(3)+2(g2+su(2))"	14	89	2	2	0	1	0	0	0	0	"{s1:1→1 / s2:7→1 / s3:3→1, 7→1 / s5:5→1, s1:1→1 / s2:7→1 / s3:5→1 / s4:3→1, 7→1, s1:1→1 / s2:7→1 / s3:5→1 / s4:3→1, 7→1 / s5:7→1, s1:1→1 / s2:7→1 / s3:5→1 / s4:3→1 / s5:7→1, s1:1→1 / s2:7→1 / s3:7→1 / s4:5→1 / s5:5→1, s1:1→1 / s2:7→1 / s3:7→1 / s4:5→1 / s5:5→1, 7→1, s1:1→1 / s2:7→1 / s3:7→1 / s4:5→1 / s5:7→1, s1:1→1 / s2:7→1 / s3:7→1 / s5:5→1, s1:1→1 / s2:7→1 / s3:7→1 / s5:5→1, 7→1, s1:1→1 / s2:7→1 / s3:7→1 / s5:7→1}"	"{s4:6→1 / s5:9→1, s4:9→1 / s5:2→1, s4:9→1 / s5:2→1, s4:9→1 / s5:2→1, s4:9→1 / s5:10→1, s4:9→1 / s5:2→1, s4:9→1 / s5:2→1, s4:6→1 / s5:10→1, s4:6→1 / s5:2→1, s4:6→1 / s5:2→1}"
7	40	"so(8)+2 su(3)"	"f5+so(8)+2 su(3)+2(g2+su(2))"	15	89	2	2	0	1	0	0	0	0	"s1:1→1 / s2:7→1 / s3:7→1 / s4:3→1, 5→1 / s5:3→1, 5→1"	"s4:9→1 / s5:10→1"
7	40	"so(8)+2 su(3)"	"f5+so(8)+3(g2+su(2))"	13	96	3	1	0	1	0	0	0	0	"{s1:1→1 / s2:7→1 / s3:5→1 / s4:3→1, 7→2, s1:1→1 / s2:7→1 / s4:3→1, 5→1, 7→2}"	"{s3:9→1 / s4:6→1 / s5:2→1, s3:6→1 / s4:9→1 / s5:2→1}"
7	40	"so(8)+2 su(3)"	"f5+so(8)+3(g2+su(2))"	14	96	3	1	0	1	0	0	0	0	"{s1:1→1 / s2:7→1 / s3:7→1 / s4:5→1 / s5:7→1, s1:1→1 / s2:7→1 / s4:3→1, 5→1, s1:1→1 / s2:7→1 / s4:3→1, 5→1, 7→1, s1:1→1 / s2:7→1 / s4:3→1, 5→1 / s5:7→1, s1:1→1 / s2:7→1 / s4:3→1, 7→1, s1:1→1 / s2:7→1 / s4:3→1, 7→1 / s5:7→1, s1:1→1 / s2:7→1 / s4:3→1 / s5:5→1, s1:1→1 / s2:7→1 / s4:5→1, 7→1 / s5:7→1, s1:1→1 / s2:7→1 / s4:5→1 / s5:7→1}"	"{s3:6→1 / s4:9→1 / s5:2→1, s3:6→1 / s4:9→1 / s5:2→1, s3:6→1 / s4:9→1 / s5:2→1, s3:6→1 / s4:9→1 / s5:2→1, s3:6→1 / s4:9→1 / s5:2→1, s3:6→1 / s4:9→1 / s5:2→1, s3:6→1 / s4:9→1 / s5:2→1, s3:6→1 / s4:9→1 / s5:2→1, s3:6→1 / s4:9→1 / s5:2→1}"
7	40	"so(8)+2 su(3)"	"f5+so(8)+3(g2+su(2))"	17	96	3	1	0	1	0	0	0	0	"{s1:1→1 / s2:7→1 / s3:7→1 / s5:7→1, s1:1→1 / s2:7→1 / s4:3→1}"	"{s3:9→1 / s4:6→1 / s5:2→1, s3:6→1 / s4:9→1 / s5:2→1}"
7	40	"so(8)+2 su(3)"	"f5+so(8)+3 su(3)+so(7)+2 su(2)"	14	88	2	2	0	1	0	0	0	0	"{s1:1→1 / s2:7→1 / s3:5→1 / s4:3→1, 7→1 / s5:3→1, 7→1, s1:1→1 / s2:7→1 / s3:5→1 / s4:3→1, 7→1 / s5:3→1, 7→2, s1:1→1 / s2:7→1 / s3:5→1 / s4:3→1 / s5:3→1, 7→1, s1:1→1 / s2:7→1 / s3:7→1, s1:1→1 / s2:7→1 / s3:7→1 / s4:5→1 / s5:5→1}"	"{s4:9→1 / s5:9→1, s4:9→1 / s5:9→1, s4:9→1 / s5:9→1, s4:6→1 / s5:6→1, s4:9→1 / s5:9→1}"
7	40	"so(8)+2 su(3)"	"f5+so(8)+4 su(3)+g2+su(2)"	14	82	1	3	0	1	0	0	0	0	"{s1:1→1 / s2:7→1 / s3:7→1 / s4:5→1 / s5:3→1, 7→1, s1:1→1 / s2:7→1 / s3:7→1 / s4:5→1 / s5:7→1}"	"{s5:9→1, s5:2→1}"
7	40	"so(8)+2 su(3)"	"f5+so(8)+6 su(3)"	17	75	0	4	0	1	0	0	0	0	"s1:1→1 / s2:7→1 / s3:7→1 / s4:7→1 / s5:5→1"	""
7	40	"so(8)+2 su(3)"	"f5+so(8)+su(3)+g2+su(2)+so(7)+2 su(2)"	13	95	3	1	0	1	0	0	0	0	"{s1:1→1 / s2:7→1, s1:1→1 / s2:7→1 / s3:5→1 / s4:3→1, 7→1 / s5:7→1, s1:1→1 / s2:7→1 / s3:5→1 / s4:3→1, 7→2}"	"{s3:6→1 / s4:6→1 / s5:2→1, s3:9→1 / s4:9→1 / s5:2→1, s3:9→1 / s4:9→1 / s5:2→1}"
7	40	"so(8)+2 su(3)"	"f5+so(8)+su(3)+g2+su(2)+so(7)+2 su(2)"	14	95	3	1	0	1	0	0	0	0	"{s1:1→1 / s2:7→1 / s3:5→1 / s4:3→1, 5→1, 7→1 / s5:7→1, s1:1→1 / s2:7→1 / s3:5→1 / s4:3→1, 5→1 / s5:7→1, s1:1→1 / s2:7→1 / s3:7→1, s1:1→1 / s2:7→1 / s4:3→1, s1:1→1 / s2:7→1 / s4:3→1, 7→1, s1:1→1 / s2:7→1 / s4:3→1, 7→1 / s5:3→1, s1:1→1 / s2:7→1 / s4:3→1, 7→1 / s5:3→1, 5→1, s1:1→1 / s2:7→1 / s4:3→1 / s5:3→1, s1:1→1 / s2:7→1 / s4:3→1 / s5:3→1, 5→1, s1:1→1 / s2:7→1 / s4:3→1 / s5:3→1, 7→1, s1:1→1 / s2:7→1 / s4:3→1 / s5:7→1, s1:1→1 / s2:7→1 / s4:5→1 / s5:3→1, 7→1, s1:1→1 / s2:7→1 / s4:7→1 / s5:7→1, s1:1→1 / s2:7→1 / s4:7→1 / s5:7→2, s1:1→1 / s2:7→1 / s5:3→1, 7→1, s1:1→1 / s2:7→1 / s5:3→1, 7→2, s1:1→1 / s2:7→1 / s5:3→2, 7→2, s1:1→1 / s2:7→1 / s5:7→1, s1:1→1 / s2:7→1 / s5:7→2, s1:1→1 / s2:7→1 / s5:7→3, s1:1→1 / s2:7→1 / s5:7→4}"	"{s3:9→1 / s4:9→1 / s5:2→1, s3:9→1 / s4:9→1 / s5:2→1, s3:9→1 / s4:6→1 / s5:6→1, s3:6→1 / s4:6→1 / s5:2→1, s3:6→1 / s4:6→1 / s5:2→1, s3:6→1 / s4:9→1 / s5:6→1, s3:6→1 / s4:9→1 / s5:9→1, s3:6→1 / s4:9→1 / s5:6→1, s3:6→1 / s4:9→1 / s5:9→1, s3:6→1 / s4:9→1 / s5:9→1, s3:6→1 / s4:6→1 / s5:2→1, s3:6→1 / s4:9→1 / s5:9→1, s3:6→1 / s4:6→1 / s5:2→1, s3:6→1 / s4:6→1 / s5:2→1, s3:6→1 / s4:6→1 / s5:9→1, s3:6→1 / s4:6→1 / s5:9→1, s3:6→1 / s4:6→1 / s5:9→1, s3:6→1 / s4:6→1 / s5:2→1, s3:6→1 / s4:6→1 / s5:2→1, s3:6→1 / s4:6→1 / s5:2→1, s3:6→1 / s4:6→1 / s5:2→1}"
7	40	"so(8)+2 su(3)"	"f5+so(8)+su(3)+g2+su(2)+so(7)+2 su(2)"	15	95	3	1	0	1	0	0	0	0	"{s1:1→1 / s2:7→1 / s4:3→1 / s5:3→1, s1:1→1 / s2:7→1 / s5:7→5}"	"{s3:6→1 / s4:9→1 / s5:9→1, s3:6→1 / s4:6→1 / s5:2→1}"
7	40	"so(8)+2 su(3)"	"f5+so(8)+su(3)+g2+su(2)+so(7)+2 su(2)"	16	95	3	1	0	1	0	0	0	0	"s1:1→1 / s2:7→2 / s5:7→1"	"s3:6→1 / s4:6→1 / s5:2→1"
7	40	"so(8)+2 su(3)"	"f5+so(8)+su(3)+g2+su(2)+so(7)+2 su(2)"	19	95	3	1	0	1	0	0	0	0	"s1:1→1 / s2:7→1 / s3:5→1 / s4:5→1, 7→1 / s5:7→1"	"s3:9→1 / s4:9→1 / s5:2→1"
7	40	"so(8)+2 su(3)"	"so(8)+2(g2+su(2))+so(7)+2 su(2)"	12	146	4	1	0	0	0	0	0	0	"{s1:1→1, 7→1 / s2:5→1 / s3:3→1 / s4:7→1 / s5:1→1, s1:1→1, 7→1 / s2:5→1 / s3:7→1 / s4:7→1 / s5:1→1, s1:1→1, 7→1 / s3:3→1, 7→1 / s5:1→1, s1:1→1, 7→1 / s3:3→1, 7→1 / s5:1→1, 5→1, s1:1→1, 7→1 / s3:3→1 / s4:1→1 / s5:1→1, 7→1, s1:1→1, 7→1 / s3:3→1 / s4:7→1 / s5:1→1, s1:1→1, 7→1 / s3:3→1 / s4:7→1 / s5:1→1, 5→1, s1:1→1, 7→1 / s3:3→1 / s5:1→1, s1:1→1, 7→1 / s3:5→1 / s5:7→1, s1:1→1, 7→1 / s4:1→1 / s5:1→1, s1:1→1, 7→1 / s4:1→1 / s5:1→1, 3→1, s1:1→1, 7→1 / s4:1→1 / s5:1→1, 3→1, 7→1, s1:1→1, 7→1 / s4:1→1 / s5:1→1, 3→1, 7→2, s1:1→1, 7→1 / s4:3→1, 7→1, s1:1→1, 7→1 / s4:3→1, 7→2, s1:1→1, 7→1 / s4:3→1 / s5:1→1, 7→1, s1:1→1, 7→1 / s4:7→1 / s5:1→1, 7→1, s1:1→1, 7→1 / s5:1→1, 3→1, 7→1, s1:1→1, 7→1 / s5:1→1, 3→1, 7→2, s1:1→1, 7→1 / s5:1→1, 7→1, s1:1→1, 7→1 / s5:1→1, 7→2, s1:1→1, 7→1 / s5:1→2, 3→1, 7→2, s1:1→1, 7→1 / s5:1→2, 7→2, s1:7→1 / s2:1→1, 3→1 / s3:1→1, 7→1 / s4:1→2 / s5:1→2, 5→1, s1:7→1 / s2:1→1 / s3:1→1, 3→1 / s4:1→1, 7→1 / s5:1→2, s1:7→1 / s2:1→1 / s3:1→1, 3→1 / s4:1→1, 7→1 / s5:1→2, 5→1, s1:7→1 / s2:1→1 / s3:1→1, 3→1 / s4:1→1, 7→1 / s5:1→2, 5→1, s1:7→1 / s2:1→1 / s3:1→1, 3→1 / s4:1→2, 5→1 / s5:1→2, 7→1, s1:7→1 / s2:1→1 / s3:1→1, 3→1 / s4:1→2 / s5:1→2, 5→1, s1:7→1 / s2:1→1 / s3:1→1, 3→1 / s4:1→2 / s5:1→2, 7→1, s1:7→1 / s2:1→1 / s3:1→1, 3→1 / s4:1→2 / s5:1→2, 7→1, s1:7→1 / s2:1→1 / s3:1→1, 5→1 / s4:1→1, 3→1 / s5:1→1, 7→1, s1:7→1 / s2:1→1 / s3:1→1 / s4:1→1, 3→1 / s5:1→1, 5→1, s1:7→1 / s2:1→1 / s3:1→1 / s4:1→1, 3→1 / s5:1→1, 5→1, s1:7→1 / s2:1→1 / s3:1→1 / s4:1→1, 3→1 / s5:1→1, 7→1, s1:7→1 / s2:1→1 / s3:1→1 / s4:1→1, 3→1 / s5:1→1, 7→1, s1:7→1 / s2:1→1 / s3:1→1 / s4:1→1, 3→1 / s5:1→2, 5→1, s1:7→1 / s2:1→1 / s3:1→1 / s4:1→1, 3→1 / s5:1→2, 5→1, 7→1, s1:7→1 / s2:1→1 / s3:1→1 / s4:1→1, 3→1 / s5:1→2, 7→1, s1:7→1 / s2:1→1 / s3:1→1 / s4:1→1, 3→1 / s5:1→2, 7→1, s1:7→1 / s2:1→1 / s3:1→1 / s4:1→1, 5→1 / s5:1→1, 7→1, s1:7→1 / s2:1→1 / s3:1→1 / s4:1→1, 5→1 / s5:1→2, 3→1, 7→1, s1:7→1 / s2:1→1 / s3:1→1 / s4:1→1, 7→1 / s5:1→1, 5→1, s1:7→1 / s2:1→1 / s3:1→1 / s4:1→1, 7→1 / s5:1→1, 5→1, 7→1, s1:7→1 / s2:1→1 / s3:1→1 / s4:1→1, 7→1 / s5:1→1, 7→1, s1:7→1 / s2:1→1 / s3:1→1 / s4:1→1, 7→1 / s5:1→2, 5→1, s1:7→1 / s2:1→1 / s3:1→1 / s4:1→1, 7→1 / s5:1→2, 5→1, 7→1, s1:7→1 / s2:1→1 / s3:1→1 / s4:1→1, 7→1 / s5:1→2, 7→1, s1:7→1 / s2:1→1 / s3:1→1 / s4:1→1 / s5:1→1, 3→1, 7→1, s1:7→1 / s2:1→1 / s3:1→1 / s4:1→1 / s5:1→1, 3→1, 7→1, s1:7→1 / s2:1→1 / s3:1→1 / s4:1→1 / s5:1→1, 5→1, s1:7→1 / s2:1→1 / s3:1→1 / s4:1→1 / s5:1→1, 7→1, s1:7→1 / s2:1→1 / s3:1→1 / s4:1→1 / s5:1→1, 7→1, s1:7→1 / s2:1→1 / s3:1→1 / s4:1→1 / s5:1→2, 3→1, 7→1, s1:7→1 / s2:1→1 / s3:1→1 / s4:1→1 / s5:1→2, 3→1, 7→1, s1:7→1 / s2:1→1 / s3:1→1 / s4:1→1 / s5:1→2, 3→1, 7→2, s1:7→1 / s2:1→1 / s3:1→1 / s4:1→1 / s5:1→2, 3→1, 7→2, s1:7→1 / s2:1→1 / s3:1→1 / s4:1→1 / s5:1→2, 5→1, s1:7→1 / s2:1→1 / s3:1→1 / s4:1→1 / s5:1→2, 5→1, 7→1, s1:7→1 / s2:1→1 / s3:1→1 / s4:1→1 / s5:1→2, 7→1, s1:7→1 / s2:1→1 / s3:1→1 / s4:1→1 / s5:1→2, 7→1, s1:7→1 / s2:1→1 / s3:1→1 / s4:1→1 / s5:1→2, 7→2, s1:7→1 / s2:1→1 / s3:1→1 / s4:1→1 / s5:1→2, 7→2, s1:7→1 / s2:1→1 / s3:1→1 / s4:1→1 / s5:1→3, 3→1, 7→1, s1:7→1 / s2:1→1 / s3:1→1 / s4:1→1 / s5:1→3, 5→1, 7→1, s1:7→1 / s2:1→1 / s3:1→1 / s4:1→1 / s5:1→3, 7→2, s1:7→1 / s2:1→1 / s3:1→1 / s4:1→1 / s5:1→3, 7→2, s1:7→1 / s2:1→1 / s3:1→1 / s4:1→2, 3→1 / s5:1→2, 5→1, s1:7→1 / s2:1→1 / s3:1→1 / s4:1→2, 3→1 / s5:1→2, 7→1, s1:7→1 / s2:1→1 / s3:1→1 / s4:1→2, 3→1 / s5:1→2, 7→1, s1:7→1 / s2:1→1 / s3:1→1 / s4:1→2, 5→1 / s5:1→2, 7→1, s1:7→1 / s2:1→1 / s3:1→1 / s4:1→2 / s5:1→2, 7→1, s1:7→1 / s2:3→1 / s3:1→1 / s4:1→1, 5→1 / s5:1→1, 7→1, s1:7→1 / s2:3→1 / s3:1→1 / s4:1→1 / s5:1→1, 5→1, s1:7→1 / s2:3→1 / s3:1→1 / s4:1→1 / s5:1→1, 5→1, 7→1, s1:7→1 / s2:3→1 / s3:7→1 / s4:1→1 / s5:1→1, s1:7→1 / s2:3→1 / s3:7→1 / s4:1→1 / s5:1→1, 5→1, s1:7→1 / s2:3→1 / s4:1→1 / s5:1→1, s1:7→1 / s2:7→1 / s3:1→1 / s4:1→1, 5→1 / s5:1→1, 7→1, s1:7→1 / s2:7→1 / s3:1→1 / s4:1→1 / s5:1→1, 5→1, s1:7→1 / s2:7→1 / s3:1→1 / s4:1→1 / s5:1→1, 5→1, 7→1, s1:7→1 / s2:7→1 / s3:1→1 / s4:1→1 / s5:1→1, 7→1, s1:7→1 / s3:1→1, 5→1 / s4:1→1, 7→1 / s5:1→2, 7→1, s1:7→1 / s3:1→1, 7→1 / s4:1→2, 5→1 / s5:1→3, 7→1, s1:7→1 / s3:1→1, 7→1 / s4:1→2, 7→1 / s5:1→2, 5→1, s1:7→1 / s3:1→1, 7→1 / s4:1→2 / s5:1→2, 5→1, s1:7→1 / s3:1→1 / s4:1→1, 3→1 / s5:1→1, 7→1, s1:7→1 / s3:1→1 / s4:1→1, 3→1 / s5:1→2, s1:7→1 / s3:1→1 / s4:1→1, 3→1 / s5:1→2, s1:7→1 / s3:1→1 / s4:1→1, 3→1 / s5:1→2, 5→1, s1:7→1 / s3:1→1 / s4:1→1, 5→1, 7→1 / s5:1→2, 7→1, s1:7→1 / s3:1→1 / s4:1→1, 5→1 / s5:1→1, 3→1, 7→1, s1:7→1 / s3:1→1 / s4:1→1, 5→1 / s5:1→1, 3→1, 7→1, s1:7→1 / s3:1→1 / s4:1→1, 5→1 / s5:1→1, 7→1, s1:7→1 / s3:1→1 / s4:1→1, 5→1 / s5:1→2, 3→1, 7→1, s1:7→1 / s3:1→1 / s4:1→1, 5→1 / s5:1→2, 3→1, 7→2, s1:7→1 / s3:1→1 / s4:1→1, 5→1 / s5:1→2, 7→1, s1:7→1 / s3:1→1 / s4:1→1, 5→1 / s5:1→2, 7→1, s1:7→1 / s3:1→1 / s4:1→1, 7→1 / s5:1→1, s1:7→1 / s3:1→1 / s4:1→1, 7→1 / s5:1→1, 5→1, s1:7→1 / s3:1→1 / s4:1→1, 7→1 / s5:1→1, 7→1, s1:7→1 / s3:1→1 / s4:1→1, 7→1 / s5:1→2, 5→1, s1:7→1 / s3:1→1 / s4:1→1, 7→1 / s5:1→2, 5→1, s1:7→1 / s3:1→1 / s4:1→1, 7→1 / s5:1→2, 5→1, s1:7→1 / s3:1→1 / s4:1→1, 7→1 / s5:1→2, 5→1, 7→1, s1:7→1 / s3:1→1 / s4:1→1, 7→1 / s5:1→2, 5→1, 7→1, s1:7→1 / s3:1→1 / s4:1→1, 7→1 / s5:1→2, 7→1, s1:7→1 / s3:1→1 / s4:1→1, 7→1 / s5:1→2, 7→1, s1:7→1 / s3:1→1 / s4:1→1, 7→1 / s5:1→3, 5→1, 7→1, s1:7→1 / s3:1→1 / s4:1→1, 7→1 / s5:1→3, 5→1, 7→1, s1:7→1 / s3:1→1 / s4:1→1, 7→1 / s5:1→3, 5→1, 7→1, s1:7→1 / s3:1→1 / s4:1→1, 7→1 / s5:1→3, 7→1, s1:7→1 / s3:1→1 / s4:1→1, 7→1 / s5:1→3, 7→1, s1:7→1 / s3:1→1 / s4:1→1 / s5:1→1, s1:7→1 / s3:1→1 / s4:1→1 / s5:1→1, s1:7→1 / s3:1→1 / s4:1→1 / s5:1→1, 3→1, s1:7→1 / s3:1→1 / s4:1→1 / s5:1→1, 3→1, s1:7→1 / s3:1→1 / s4:1→1 / s5:1→1, 3→1, s1:7→1 / s3:1→1 / s4:1→1 / s5:1→1, 3→1, 5→1, s1:7→1 / s3:1→1 / s4:1→1 / s5:1→1, 3→1, 7→1, s1:7→1 / s3:1→1 / s4:1→1 / s5:1→1, 3→1, 7→1, s1:7→1 / s3:1→1 / s4:1→1 / s5:1→1, 3→1, 7→1, s1:7→1 / s3:1→1 / s4:1→1 / s5:1→1, 3→1, 7→1, s1:7→1 / s3:1→1 / s4:1→1 / s5:1→1, 3→1, 7→2, s1:7→1 / s3:1→1 / s4:1→1 / s5:1→1, 5→1, s1:7→1 / s3:1→1 / s4:1→1 / s5:1→1, 5→1, s1:7→1 / s3:1→1 / s4:1→1 / s5:1→1, 5→1, 7→1, s1:7→1 / s3:1→1 / s4:1→1 / s5:1→1, 7→1, s1:7→1 / s3:1→1 / s4:1→1 / s5:1→1, 7→1, s1:7→1 / s3:1→1 / s4:1→1 / s5:1→2, s1:7→1 / s3:1→1 / s4:1→1 / s5:1→2, 3→1, s1:7→1 / s3:1→1 / s4:1→1 / s5:1→2, 3→1, s1:7→1 / s3:1→1 / s4:1→1 / s5:1→2, 3→1, 5→1, s1:7→1 / s3:1→1 / s4:1→1 / s5:1→2, 3→1, 5→1, 7→1, s1:7→1 / s3:1→1 / s4:1→1 / s5:1→2, 3→1, 7→1, s1:7→1 / s3:1→1 / s4:1→1 / s5:1→2, 3→1, 7→1, s1:7→1 / s3:1→1 / s4:1→1 / s5:1→2, 3→1, 7→1, s1:7→1 / s3:1→1 / s4:1→1 / s5:1→2, 3→1, 7→1, s1:7→1 / s3:1→1 / s4:1→1 / s5:1→2, 3→1, 7→2, s1:7→1 / s3:1→1 / s4:1→1 / s5:1→2, 3→1, 7→2, s1:7→1 / s3:1→1 / s4:1→1 / s5:1→2, 3→1, 7→2, s1:7→1 / s3:1→1 / s4:1→1 / s5:1→2, 3→1, 7→2, s1:7→1 / s3:1→1 / s4:1→1 / s5:1→2, 5→1, s1:7→1 / s3:1→1 / s4:1→1 / s5:1→2, 5→1, s1:7→1 / s3:1→1 / s4:1→1 / s5:1→2, 5→1, s1:7→1 / s3:1→1 / s4:1→1 / s5:1→2, 5→1, 7→1, s1:7→1 / s3:1→1 / s4:1→1 / s5:1→2, 5→1, 7→1, s1:7→1 / s3:1→1 / s4:1→1 / s5:1→2, 5→1, 7→2, s1:7→1 / s3:1→1 / s4:1→1 / s5:1→2, 7→1, s1:7→1 / s3:1→1 / s4:1→1 / s5:1→2, 7→1, s1:7→1 / s3:1→1 / s4:1→1 / s5:1→2, 7→1, s1:7→1 / s3:1→1 / s4:1→1 / s5:1→2, 7→1, s1:7→1 / s3:1→1 / s4:1→1 / s5:1→2, 7→1, s1:7→1 / s3:1→1 / s4:1→1 / s5:1→2, 7→2, s1:7→1 / s3:1→1 / s4:1→1 / s5:1→2, 7→2, s1:7→1 / s3:1→1 / s4:1→1 / s5:1→3, 3→1, 5→1, s1:7→1 / s3:1→1 / s4:1→1 / s5:1→3, 3→1, 5→1, s1:7→1 / s3:1→1 / s4:1→1 / s5:1→3, 3→1, 7→1, s1:7→1 / s3:1→1 / s4:1→1 / s5:1→3, 3→1, 7→1, s1:7→1 / s3:1→1 / s4:1→1 / s5:1→3, 3→1, 7→1, s1:7→1 / s3:1→1 / s4:1→1 / s5:1→3, 3→1, 7→1, s1:7→1 / s3:1→1 / s4:1→1 / s5:1→3, 5→1, s1:7→1 / s3:1→1 / s4:1→1 / s5:1→3, 5→1, s1:7→1 / s3:1→1 / s4:1→1 / s5:1→3, 5→1, 7→1, s1:7→1 / s3:1→1 / s4:1→1 / s5:1→3, 5→1, 7→1, s1:7→1 / s3:1→1 / s4:1→1 / s5:1→3, 5→1, 7→1, s1:7→1 / s3:1→1 / s4:1→1 / s5:1→3, 7→1, s1:7→1 / s3:1→1 / s4:1→1 / s5:1→3, 7→1, s1:7→1 / s3:1→1 / s4:1→1 / s5:1→3, 7→1, s1:7→1 / s3:1→1 / s4:1→1 / s5:1→3, 7→1, s1:7→1 / s3:1→1 / s4:1→1 / s5:1→3, 7→2, s1:7→1 / s3:1→1 / s4:1→1 / s5:1→3, 7→2, s1:7→1 / s3:1→1 / s4:1→1 / s5:1→3, 7→2, s1:7→1 / s3:1→1 / s4:1→1 / s5:1→3, 7→2, s1:7→1 / s3:1→1 / s4:1→1 / s5:1→3, 7→2, s1:7→1 / s3:1→1 / s4:1→1 / s5:1→4, 5→1, s1:7→1 / s3:1→1 / s4:1→1 / s5:1→4, 7→1, s1:7→1 / s3:1→1 / s4:1→2, 3→1 / s5:1→3, 5→1, s1:7→1 / s3:1→1 / s4:1→2, 5→1 / s5:1→2, 3→1, 7→1, s1:7→1 / s3:1→1 / s4:1→2, 5→1 / s5:1→2, 3→1, 7→1, s1:7→1 / s3:1→1 / s4:1→2, 5→1 / s5:1→2, 7→1, s1:7→1 / s3:1→1 / s4:1→2, 5→1 / s5:1→3, 3→1, 7→1, s1:7→1 / s3:1→1 / s4:1→2, 5→1 / s5:1→3, 7→1, s1:7→1 / s3:1→1 / s4:1→2, 7→1 / s5:1→2, 5→1, s1:7→1 / s3:1→1 / s4:1→2, 7→1 / s5:1→2, 5→1, s1:7→1 / s3:1→1 / s4:1→2, 7→1 / s5:1→2, 5→1, 7→1, s1:7→1 / s3:1→1 / s4:1→2, 7→1 / s5:1→2, 5→1, 7→1, s1:7→1 / s3:1→1 / s4:1→2, 7→1 / s5:1→2, 7→1, s1:7→1 / s3:1→1 / s4:1→2, 7→1 / s5:1→3, 5→1, s1:7→1 / s3:1→1 / s4:1→2, 7→1 / s5:1→3, 5→1, 7→1, s1:7→1 / s3:1→1 / s4:1→2, 7→1 / s5:1→3, 7→1, s1:7→1 / s3:1→1 / s4:1→2, 7→1 / s5:1→3, 7→1, s1:7→1 / s3:1→1 / s4:1→2, 7→1 / s5:1→4, 5→1, s1:7→1 / s3:1→1 / s4:1→2, 7→1 / s5:1→4, 7→1, s1:7→1 / s3:1→1 / s4:1→2 / s5:1→2, 3→1, s1:7→1 / s3:1→1 / s4:1→2 / s5:1→2, 5→1, s1:7→1 / s3:1→1 / s4:1→2 / s5:1→2, 5→1, s1:7→1 / s3:1→1 / s4:1→2 / s5:1→2, 7→1, s1:7→1 / s3:1→1 / s4:1→2 / s5:1→3, 3→1, 5→1, s1:7→1 / s3:1→1 / s4:1→2 / s5:1→3, 3→1, 7→1, s1:7→1 / s3:1→1 / s4:1→2 / s5:1→3, 3→1, 7→1, s1:7→1 / s3:1→1 / s4:1→2 / s5:1→3, 5→1, s1:7→1 / s3:1→1 / s4:1→2 / s5:1→3, 7→1, s1:7→1 / s3:1→1 / s4:1→2 / s5:1→3, 7→1, s1:7→1 / s3:1→1 / s4:1→2 / s5:1→3, 7→1, s1:7→1 / s3:1→1 / s4:1→3, 5→1 / s5:1→3, 3→1, 7→1, s1:7→1 / s3:1→1 / s4:1→3, 5→1 / s5:1→4, 7→1, s1:7→1 / s3:1→1 / s4:1→3, 7→1 / s5:1→3, 5→1, s1:7→1 / s3:1→2 / s4:1→2, 5→1 / s5:1→3, 3→1, 7→1, s1:7→1 / s3:1→2 / s4:1→3, 7→1 / s5:1→3, 5→1, s1:7→1 / s3:3→1 / s4:1→1, 5→1 / s5:1→1, 7→1, s1:7→1 / s3:3→1 / s4:1→1 / s5:1→1, 5→1, s1:7→1 / s3:3→1 / s4:1→1 / s5:1→1, 7→1, s1:7→1 / s3:3→1 / s4:1→1 / s5:1→1, 7→1, s1:7→1 / s3:3→1 / s4:7→1 / s5:1→1, s1:7→1 / s3:3→1 / s4:7→1 / s5:1→1, 5→1, s1:7→1 / s3:3→1 / s5:1→1, s1:7→1 / s3:3→1 / s5:1→1, s1:7→1 / s3:7→1 / s4:1→1, 5→1 / s5:1→1, 7→1, s1:7→1 / s3:7→1 / s4:1→1, 5→1 / s5:1→2, 7→1, s1:7→1 / s3:7→1 / s4:1→1 / s5:1→1, s1:7→1 / s3:7→1 / s4:1→1 / s5:1→1, 5→1, s1:7→1 / s3:7→1 / s4:1→1 / s5:1→1, 5→1, s1:7→1 / s3:7→1 / s4:1→1 / s5:1→2, 5→1, 7→1, s1:7→1 / s3:7→1 / s4:1→1 / s5:1→2, 5→1, 7→1, s1:7→1 / s3:7→1 / s4:1→1 / s5:1→2, 7→1, s1:7→1 / s3:7→1 / s4:1→1 / s5:1→2, 7→1, s1:7→1 / s4:1→1, 5→1 / s5:1→1, 3→1, 7→1, s1:7→1 / s4:1→1, 5→1 / s5:1→2, 7→1, s1:7→1 / s4:1→1, 7→1 / s5:1→2, 5→1, s1:7→1 / s4:1→1, 7→1 / s5:1→2, 7→1, s1:7→1 / s4:1→1, 7→1 / s5:1→3, 5→1, 7→1, s1:7→1 / s4:1→1 / s5:1→1, s1:7→1 / s4:1→1 / s5:1→1, s1:7→1 / s4:1→1 / s5:1→1, 3→1, s1:7→1 / s4:1→1 / s5:1→1, 3→1, 5→1, s1:7→1 / s4:1→1 / s5:1→1, 3→1, 7→1, s1:7→1 / s4:1→1 / s5:1→1, 3→1, 7→1, s1:7→1 / s4:1→1 / s5:1→1, 5→1, s1:7→1 / s4:1→1 / s5:1→1, 5→1, s1:7→1 / s4:1→1 / s5:1→1, 5→1, s1:7→1 / s4:1→1 / s5:1→1, 7→1, s1:7→1 / s4:1→1 / s5:1→2, 3→1, 5→1, 7→1, s1:7→1 / s4:1→1 / s5:1→2, 3→1, 7→1, s1:7→1 / s4:1→1 / s5:1→2, 3→1, 7→1, s1:7→1 / s4:1→1 / s5:1→2, 3→1, 7→2, s1:7→1 / s4:1→1 / s5:1→2, 3→1, 7→2, s1:7→1 / s4:1→1 / s5:1→2, 3→1, 7→2, s1:7→1 / s4:1→1 / s5:1→2, 5→1, s1:7→1 / s4:1→1 / s5:1→2, 5→1, s1:7→1 / s4:1→1 / s5:1→2, 5→1, s1:7→1 / s4:1→1 / s5:1→2, 5→1, 7→1, s1:7→1 / s4:1→1 / s5:1→2, 5→1, 7→1, s1:7→1 / s4:1→1 / s5:1→2, 5→1, 7→1, s1:7→1 / s4:1→1 / s5:1→2, 5→1, 7→2, s1:7→1 / s4:1→1 / s5:1→2, 7→1, s1:7→1 / s4:1→1 / s5:1→2, 7→1, s1:7→1 / s4:1→1 / s5:1→2, 7→1, s1:7→1 / s4:1→1 / s5:1→2, 7→1, s1:7→1 / s4:1→1 / s5:1→2, 7→1, s1:7→1 / s4:1→1 / s5:1→2, 7→2, s1:7→1 / s4:1→1 / s5:1→3, 5→1, s1:7→1 / s4:1→1 / s5:1→3, 5→1, s1:7→1 / s4:1→1 / s5:1→3, 5→1, 7→1, s1:7→1 / s4:1→1 / s5:1→3, 5→1, 7→1, s1:7→1 / s4:1→1 / s5:1→3, 5→1, 7→1, s1:7→1 / s4:1→1 / s5:1→3, 7→1, s1:7→1 / s4:1→1 / s5:1→3, 7→1, s1:7→1 / s4:1→1 / s5:1→3, 7→2, s1:7→1 / s4:1→1 / s5:1→3, 7→2, s1:7→1 / s4:1→1 / s5:1→3, 7→2, s1:7→1 / s4:1→1 / s5:1→4, 5→1, s1:7→1 / s4:1→1 / s5:1→4, 7→1, s1:7→1 / s4:1→2, 5→1 / s5:1→2, 3→1, 7→1, s1:7→1 / s4:1→2, 5→1 / s5:1→3, 7→1, s1:7→1 / s4:1→2, 7→1 / s5:1→2, 5→1, s1:7→1 / s4:1→2, 7→1 / s5:1→2, 5→1, 7→1, s1:7→1 / s4:1→2, 7→1 / s5:1→2, 5→1, 7→1, s1:7→1 / s4:1→2, 7→1 / s5:1→2, 7→1, s1:7→1 / s4:1→2, 7→1 / s5:1→3, 5→1, 7→1, s1:7→1 / s4:1→2, 7→1 / s5:1→3, 5→1, 7→1, s1:7→1 / s4:1→2, 7→1 / s5:1→3, 7→1, s1:7→1 / s4:1→2 / s5:1→3, 7→1, s1:7→1 / s4:1→3, 5→1 / s5:1→4, 7→1, s1:7→1 / s4:1→3, 7→1 / s5:1→3, 5→1, 7→1, s1:7→1 / s4:1→3, 7→1 / s5:1→3, 7→1, s1:7→1 / s4:1→3, 7→1 / s5:1→4, 7→1, s1:7→1 / s4:7→1 / s5:1→1, 5→1, s1:7→1 / s4:7→1 / s5:1→2, 5→1, 7→1, s1:7→1 / s5:1→2, 7→1, s1:7→1 / s5:1→3, 5→1, 7→1}"	"{s2:8→1 / s3:8→1 / s4:2→1 / s5:6→1, s2:8→1 / s3:2→1 / s4:2→1 / s5:6→1, s2:6→1 / s3:8→1 / s4:2→1 / s5:6→1, s2:6→1 / s3:8→1 / s4:2→1 / s5:8→1, s2:6→1 / s3:8→1 / s4:6→1 / s5:2→1, s2:6→1 / s3:8→1 / s4:2→1 / s5:6→1, s2:6→1 / s3:8→1 / s4:2→1 / s5:8→1, s2:6→1 / s3:8→1 / s4:2→1 / s5:8→1, s2:6→1 / s3:8→1 / s4:2→1 / s5:2→1, s2:6→1 / s3:2→1 / s4:8→1 / s5:6→1, s2:6→1 / s3:2→1 / s4:8→1 / s5:6→1, s2:6→1 / s3:2→1 / s4:6→1 / s5:8→1, s2:6→1 / s3:2→1 / s4:6→1 / s5:8→1, s2:6→1 / s3:6→1 / s4:8→1 / s5:2→1, s2:6→1 / s3:6→1 / s4:8→1 / s5:2→1, s2:6→1 / s3:6→1 / s4:8→1 / s5:2→1, s2:6→1 / s3:2→1 / s4:2→1 / s5:8→1, s2:6→1 / s3:6→1 / s4:2→1 / s5:8→1, s2:6→1 / s3:6→1 / s4:2→1 / s5:8→1, s2:6→1 / s3:6→1 / s4:2→1 / s5:8→1, s2:6→1 / s3:6→1 / s4:2→1 / s5:8→1, s2:6→1 / s3:6→1 / s4:2→1 / s5:8→1, s2:6→1 / s3:6→1 / s4:2→1 / s5:8→1, s2:8→1 / s3:2→1 / s4:6→1 / s5:8→1, s2:6→1 / s3:8→1 / s4:2→1 / s5:6→1, s2:6→1 / s3:8→1 / s4:2→1 / s5:8→1, s2:8→1 / s3:6→1 / s4:2→1 / s5:8→1, s2:6→1 / s3:8→1 / s4:8→1 / s5:2→1, s2:8→1 / s3:8→1 / s4:6→1 / s5:2→1, s2:6→1 / s3:8→1 / s4:6→1 / s5:2→1, s2:8→1 / s3:8→1 / s4:6→1 / s5:2→1, s2:8→1 / s3:8→1 / s4:6→1 / s5:2→1, s2:8→1 / s3:6→1 / s4:8→1 / s5:2→1, s2:8→1 / s3:8→1 / s4:6→1 / s5:2→1, s2:8→1 / s3:6→1 / s4:6→1 / s5:2→1, s2:8→1 / s3:6→1 / s4:8→1 / s5:2→1, s2:8→1 / s3:6→1 / s4:8→1 / s5:2→1, s2:8→1 / s3:8→1 / s4:6→1 / s5:2→1, s2:6→1 / s3:6→1 / s4:8→1 / s5:2→1, s2:8→1 / s3:6→1 / s4:8→1 / s5:2→1, s2:8→1 / s3:6→1 / s4:8→1 / s5:2→1, s2:8→1 / s3:8→1 / s4:2→1 / s5:6→1, s2:8→1 / s3:6→1 / s4:2→1 / s5:2→1, s2:8→1 / s3:6→1 / s4:2→1 / s5:2→1, s2:8→1 / s3:6→1 / s4:2→1 / s5:2→1, s2:8→1 / s3:6→1 / s4:2→1 / s5:8→1, s2:8→1 / s3:6→1 / s4:2→1 / s5:2→1, s2:8→1 / s3:6→1 / s4:2→1 / s5:2→1, s2:8→1 / s3:6→1 / s4:6→1 / s5:2→1, s2:8→1 / s3:8→1 / s4:6→1 / s5:2→1, s2:8→1 / s3:8→1 / s4:6→1 / s5:2→1, s2:8→1 / s3:6→1 / s4:6→1 / s5:2→1, s2:8→1 / s3:8→1 / s4:6→1 / s5:2→1, s2:8→1 / s3:6→1 / s4:6→1 / s5:2→1, s2:8→1 / s3:8→1 / s4:6→1 / s5:2→1, s2:8→1 / s3:6→1 / s4:6→1 / s5:2→1, s2:8→1 / s3:8→1 / s4:6→1 / s5:2→1, s2:8→1 / s3:8→1 / s4:6→1 / s5:2→1, s2:8→1 / s3:8→1 / s4:6→1 / s5:2→1, s2:8→1 / s3:6→1 / s4:6→1 / s5:2→1, s2:8→1 / s3:8→1 / s4:6→1 / s5:2→1, s2:8→1 / s3:6→1 / s4:6→1 / s5:2→1, s2:8→1 / s3:8→1 / s4:6→1 / s5:2→1, s2:8→1 / s3:8→1 / s4:6→1 / s5:2→1, s2:8→1 / s3:8→1 / s4:6→1 / s5:2→1, s2:8→1 / s3:6→1 / s4:6→1 / s5:2→1, s2:8→1 / s3:8→1 / s4:6→1 / s5:2→1, s2:8→1 / s3:8→1 / s4:6→1 / s5:2→1, s2:8→1 / s3:6→1 / s4:6→1 / s5:2→1, s2:8→1 / s3:8→1 / s4:6→1 / s5:2→1, s2:8→1 / s3:6→1 / s4:8→1 / s5:2→1, s2:8→1 / s3:6→1 / s4:6→1 / s5:2→1, s2:8→1 / s3:6→1 / s4:8→1 / s5:2→1, s2:8→1 / s3:8→1 / s4:6→1 / s5:2→1, s2:8→1 / s3:8→1 / s4:6→1 / s5:2→1, s2:8→1 / s3:2→1 / s4:8→1 / s5:6→1, s2:8→1 / s3:2→1 / s4:6→1 / s5:8→1, s2:8→1 / s3:2→1 / s4:8→1 / s5:6→1, s2:2→1 / s3:6→1 / s4:8→1 / s5:2→1, s2:2→1 / s3:8→1 / s4:6→1 / s5:8→1, s2:2→1 / s3:8→1 / s4:6→1 / s5:2→1, s2:2→1 / s3:8→1 / s4:6→1 / s5:2→1, s2:2→1 / s3:8→1 / s4:2→1 / s5:6→1, s2:2→1 / s3:2→1 / s4:8→1 / s5:6→1, s2:2→1 / s3:2→1 / s4:6→1 / s5:8→1, s2:2→1 / s3:2→1 / s4:6→1 / s5:8→1, s2:6→1 / s3:8→1 / s4:6→1 / s5:2→1, s2:2→1 / s3:6→1 / s4:8→1 / s5:6→1, s2:2→1 / s3:8→1 / s4:8→1 / s5:6→1, s2:2→1 / s3:8→1 / s4:6→1 / s5:8→1, s2:2→1 / s3:8→1 / s4:2→1 / s5:6→1, s2:2→1 / s3:6→1 / s4:8→1 / s5:8→1, s2:2→1 / s3:8→1 / s4:8→1 / s5:6→1, s2:2→1 / s3:6→1 / s4:8→1 / s5:2→1, s2:2→1 / s3:8→1 / s4:8→1 / s5:6→1, s2:2→1 / s3:8→1 / s4:8→1 / s5:6→1, s2:2→1 / s3:6→1 / s4:8→1 / s5:8→1, s2:2→1 / s3:8→1 / s4:8→1 / s5:6→1, s2:2→1 / s3:8→1 / s4:8→1 / s5:6→1, s2:6→1 / s3:8→1 / s4:2→1 / s5:2→1, s2:6→1 / s3:8→1 / s4:2→1 / s5:2→1, s2:2→1 / s3:6→1 / s4:2→1 / s5:8→1, s2:2→1 / s3:8→1 / s4:2→1 / s5:6→1, s2:6→1 / s3:8→1 / s4:2→1 / s5:8→1, s2:2→1 / s3:6→1 / s4:2→1 / s5:8→1, s2:6→1 / s3:8→1 / s4:2→1 / s5:2→1, s2:2→1 / s3:6→1 / s4:2→1 / s5:8→1, s2:2→1 / s3:8→1 / s4:2→1 / s5:6→1, s2:2→1 / s3:6→1 / s4:2→1 / s5:8→1, s2:2→1 / s3:8→1 / s4:2→1 / s5:6→1, s2:6→1 / s3:8→1 / s4:2→1 / s5:2→1, s2:2→1 / s3:6→1 / s4:2→1 / s5:8→1, s2:2→1 / s3:8→1 / s4:2→1 / s5:6→1, s2:2→1 / s3:8→1 / s4:6→1 / s5:6→1, s2:2→1 / s3:8→1 / s4:8→1 / s5:6→1, s2:2→1 / s3:8→1 / s4:6→1 / s5:6→1, s2:2→1 / s3:8→1 / s4:6→1 / s5:8→1, s2:2→1 / s3:8→1 / s4:8→1 / s5:6→1, s2:2→1 / s3:8→1 / s4:6→1 / s5:8→1, s2:2→1 / s3:6→1 / s4:6→1 / s5:8→1, s2:2→1 / s3:8→1 / s4:6→1 / s5:6→1, s2:2→1 / s3:8→1 / s4:6→1 / s5:8→1, s2:6→1 / s3:8→1 / s4:6→1 / s5:2→1, s2:6→1 / s3:8→1 / s4:6→1 / s5:2→1, s2:2→1 / s3:8→1 / s4:6→1 / s5:2→1, s2:2→1 / s3:8→1 / s4:6→1 / s5:8→1, s2:2→1 / s3:8→1 / s4:6→1 / s5:2→1, s2:2→1 / s3:8→1 / s4:6→1 / s5:2→1, s2:6→1 / s3:8→1 / s4:6→1 / s5:2→1, s2:2→1 / s3:8→1 / s4:6→1 / s5:6→1, s2:2→1 / s3:8→1 / s4:6→1 / s5:6→1, s2:2→1 / s3:8→1 / s4:8→1 / s5:6→1, s2:2→1 / s3:8→1 / s4:6→1 / s5:8→1, s2:2→1 / s3:8→1 / s4:6→1 / s5:8→1, s2:2→1 / s3:6→1 / s4:6→1 / s5:8→1, s2:2→1 / s3:8→1 / s4:6→1 / s5:6→1, s2:2→1 / s3:8→1 / s4:6→1 / s5:8→1, s2:2→1 / s3:8→1 / s4:8→1 / s5:6→1, s2:2→1 / s3:6→1 / s4:6→1 / s5:8→1, s2:2→1 / s3:8→1 / s4:6→1 / s5:6→1, s2:2→1 / s3:8→1 / s4:6→1 / s5:8→1, s2:6→1 / s3:8→1 / s4:6→1 / s5:2→1, s2:2→1 / s3:8→1 / s4:6→1 / s5:2→1, s2:2→1 / s3:8→1 / s4:6→1 / s5:8→1, s2:2→1 / s3:8→1 / s4:8→1 / s5:6→1, s2:2→1 / s3:8→1 / s4:6→1 / s5:2→1, s2:2→1 / s3:8→1 / s4:6→1 / s5:8→1, s2:2→1 / s3:8→1 / s4:6→1 / s5:2→1, s2:2→1 / s3:6→1 / s4:6→1 / s5:8→1, s2:2→1 / s3:8→1 / s4:6→1 / s5:2→1, s2:2→1 / s3:8→1 / s4:6→1 / s5:6→1, s2:2→1 / s3:8→1 / s4:6→1 / s5:8→1, s2:2→1 / s3:8→1 / s4:8→1 / s5:6→1, s2:2→1 / s3:8→1 / s4:6→1 / s5:2→1, s2:6→1 / s3:8→1 / s4:6→1 / s5:2→1, s2:2→1 / s3:8→1 / s4:6→1 / s5:8→1, s2:2→1 / s3:8→1 / s4:8→1 / s5:6→1, s2:2→1 / s3:6→1 / s4:6→1 / s5:8→1, s2:2→1 / s3:8→1 / s4:6→1 / s5:6→1, s2:2→1 / s3:8→1 / s4:6→1 / s5:8→1, s2:2→1 / s3:8→1 / s4:8→1 / s5:6→1, s2:2→1 / s3:8→1 / s4:6→1 / s5:8→1, s2:2→1 / s3:8→1 / s4:8→1 / s5:6→1, s2:2→1 / s3:8→1 / s4:6→1 / s5:2→1, s2:2→1 / s3:8→1 / s4:6→1 / s5:8→1, s2:2→1 / s3:8→1 / s4:8→1 / s5:6→1, s2:2→1 / s3:6→1 / s4:6→1 / s5:8→1, s2:2→1 / s3:8→1 / s4:6→1 / s5:6→1, s2:2→1 / s3:8→1 / s4:6→1 / s5:8→1, s2:2→1 / s3:8→1 / s4:8→1 / s5:6→1, s2:2→1 / s3:6→1 / s4:6→1 / s5:8→1, s2:2→1 / s3:8→1 / s4:6→1 / s5:2→1, s2:2→1 / s3:8→1 / s4:6→1 / s5:6→1, s2:2→1 / s3:8→1 / s4:6→1 / s5:8→1, s2:2→1 / s3:8→1 / s4:8→1 / s5:6→1, s2:2→1 / s3:8→1 / s4:8→1 / s5:6→1, s2:2→1 / s3:8→1 / s4:6→1 / s5:6→1, s2:2→1 / s3:8→1 / s4:6→1 / s5:8→1, s2:2→1 / s3:6→1 / s4:8→1 / s5:8→1, s2:2→1 / s3:8→1 / s4:8→1 / s5:6→1, s2:2→1 / s3:6→1 / s4:8→1 / s5:2→1, s2:2→1 / s3:8→1 / s4:8→1 / s5:6→1, s2:2→1 / s3:8→1 / s4:8→1 / s5:6→1, s2:2→1 / s3:6→1 / s4:8→1 / s5:8→1, s2:2→1 / s3:8→1 / s4:6→1 / s5:8→1, s2:2→1 / s3:6→1 / s4:8→1 / s5:2→1, s2:2→1 / s3:8→1 / s4:6→1 / s5:2→1, s2:2→1 / s3:6→1 / s4:8→1 / s5:2→1, s2:2→1 / s3:6→1 / s4:2→1 / s5:8→1, s2:2→1 / s3:6→1 / s4:8→1 / s5:2→1, s2:2→1 / s3:6→1 / s4:2→1 / s5:8→1, s2:2→1 / s3:8→1 / s4:2→1 / s5:6→1, s2:2→1 / s3:8→1 / s4:2→1 / s5:6→1, s2:2→1 / s3:8→1 / s4:2→1 / s5:6→1, s2:2→1 / s3:8→1 / s4:6→1 / s5:6→1, s2:2→1 / s3:8→1 / s4:6→1 / s5:2→1, s2:2→1 / s3:8→1 / s4:6→1 / s5:8→1, s2:2→1 / s3:8→1 / s4:6→1 / s5:2→1, s2:2→1 / s3:8→1 / s4:6→1 / s5:8→1, s2:2→1 / s3:6→1 / s4:6→1 / s5:8→1, s2:2→1 / s3:8→1 / s4:6→1 / s5:8→1, s2:2→1 / s3:8→1 / s4:6→1 / s5:8→1, s2:2→1 / s3:6→1 / s4:6→1 / s5:8→1, s2:2→1 / s3:8→1 / s4:6→1 / s5:6→1, s2:2→1 / s3:8→1 / s4:6→1 / s5:8→1, s2:2→1 / s3:6→1 / s4:8→1 / s5:8→1, s2:2→1 / s3:8→1 / s4:8→1 / s5:6→1, s2:2→1 / s3:6→1 / s4:8→1 / s5:8→1, s2:2→1 / s3:6→1 / s4:8→1 / s5:8→1, s2:2→1 / s3:6→1 / s4:8→1 / s5:8→1, s2:6→1 / s3:8→1 / s4:8→1 / s5:2→1, s2:6→1 / s3:8→1 / s4:8→1 / s5:2→1, s2:6→1 / s3:8→1 / s4:6→1 / s5:2→1, s2:6→1 / s3:8→1 / s4:8→1 / s5:2→1, s2:6→1 / s3:8→1 / s4:2→1 / s5:6→1, s2:6→1 / s3:8→1 / s4:2→1 / s5:8→1, s2:6→1 / s3:8→1 / s4:2→1 / s5:6→1, s2:6→1 / s3:8→1 / s4:2→1 / s5:8→1, s2:6→1 / s3:2→1 / s4:8→1 / s5:2→1, s2:2→1 / s3:2→1 / s4:8→1 / s5:6→1, s2:2→1 / s3:2→1 / s4:8→1 / s5:6→1, s2:2→1 / s3:2→1 / s4:6→1 / s5:8→1, s2:2→1 / s3:2→1 / s4:8→1 / s5:6→1, s2:2→1 / s3:2→1 / s4:6→1 / s5:8→1, s2:2→1 / s3:2→1 / s4:8→1 / s5:6→1, s2:2→1 / s3:2→1 / s4:6→1 / s5:8→1, s2:2→1 / s3:2→1 / s4:8→1 / s5:6→1, s2:6→1 / s3:2→1 / s4:8→1 / s5:8→1, s2:2→1 / s3:2→1 / s4:8→1 / s5:6→1, s2:6→1 / s3:2→1 / s4:2→1 / s5:8→1, s2:6→1 / s3:2→1 / s4:2→1 / s5:8→1, s2:6→1 / s3:2→1 / s4:2→1 / s5:8→1, s2:2→1 / s3:2→1 / s4:8→1 / s5:6→1, s2:6→1 / s3:2→1 / s4:8→1 / s5:6→1, s2:6→1 / s3:2→1 / s4:8→1 / s5:6→1, s2:6→1 / s3:2→1 / s4:8→1 / s5:8→1, s2:6→1 / s3:2→1 / s4:6→1 / s5:8→1, s2:6→1 / s3:2→1 / s4:8→1 / s5:8→1, s2:2→1 / s3:2→1 / s4:6→1 / s5:8→1, s2:6→1 / s3:2→1 / s4:8→1 / s5:2→1, s2:6→1 / s3:2→1 / s4:8→1 / s5:8→1, s2:6→1 / s3:2→1 / s4:8→1 / s5:2→1, s2:6→1 / s3:2→1 / s4:8→1 / s5:8→1, s2:6→1 / s3:2→1 / s4:6→1 / s5:8→1, s2:6→1 / s3:2→1 / s4:8→1 / s5:6→1, s2:6→1 / s3:2→1 / s4:6→1 / s5:8→1, s2:6→1 / s3:2→1 / s4:8→1 / s5:6→1, s2:6→1 / s3:2→1 / s4:8→1 / s5:8→1, s2:2→1 / s3:2→1 / s4:6→1 / s5:8→1, s2:2→1 / s3:2→1 / s4:8→1 / s5:6→1, s2:6→1 / s3:2→1 / s4:8→1 / s5:8→1, s2:2→1 / s3:2→1 / s4:6→1 / s5:8→1, s2:6→1 / s3:2→1 / s4:8→1 / s5:2→1, s2:6→1 / s3:2→1 / s4:8→1 / s5:8→1, s2:6→1 / s3:2→1 / s4:8→1 / s5:2→1, s2:2→1 / s3:2→1 / s4:6→1 / s5:8→1, s2:2→1 / s3:2→1 / s4:8→1 / s5:6→1, s2:6→1 / s3:2→1 / s4:6→1 / s5:8→1, s2:6→1 / s3:2→1 / s4:8→1 / s5:6→1, s2:6→1 / s3:2→1 / s4:8→1 / s5:8→1, s2:6→1 / s3:2→1 / s4:8→1 / s5:2→1, s2:2→1 / s3:2→1 / s4:6→1 / s5:8→1, s2:2→1 / s3:2→1 / s4:8→1 / s5:6→1, s2:2→1 / s3:2→1 / s4:6→1 / s5:8→1, s2:2→1 / s3:2→1 / s4:8→1 / s5:6→1, s2:6→1 / s3:2→1 / s4:8→1 / s5:8→1, s2:2→1 / s3:2→1 / s4:6→1 / s5:8→1, s2:2→1 / s3:2→1 / s4:8→1 / s5:6→1, s2:6→1 / s3:2→1 / s4:6→1 / s5:8→1, s2:6→1 / s3:2→1 / s4:8→1 / s5:6→1, s2:6→1 / s3:2→1 / s4:8→1 / s5:8→1, s2:2→1 / s3:2→1 / s4:8→1 / s5:6→1, s2:2→1 / s3:2→1 / s4:8→1 / s5:6→1, s2:6→1 / s3:2→1 / s4:8→1 / s5:8→1, s2:2→1 / s3:2→1 / s4:8→1 / s5:6→1, s2:6→1 / s3:2→1 / s4:8→1 / s5:8→1, s2:2→1 / s3:2→1 / s4:6→1 / s5:8→1, s2:6→1 / s3:2→1 / s4:8→1 / s5:2→1, s2:2→1 / s3:2→1 / s4:8→1 / s5:6→1, s2:2→1 / s3:2→1 / s4:6→1 / s5:8→1, s2:2→1 / s3:2→1 / s4:8→1 / s5:6→1, s2:2→1 / s3:2→1 / s4:8→1 / s5:6→1, s2:2→1 / s3:2→1 / s4:6→1 / s5:8→1, s2:2→1 / s3:2→1 / s4:8→1 / s5:6→1, s2:2→1 / s3:2→1 / s4:6→1 / s5:8→1, s2:2→1 / s3:2→1 / s4:8→1 / s5:6→1, s2:2→1 / s3:2→1 / s4:8→1 / s5:6→1, s2:6→1 / s3:2→1 / s4:2→1 / s5:8→1, s2:6→1 / s3:2→1 / s4:2→1 / s5:8→1, s2:6→1 / s3:2→1 / s4:2→1 / s5:8→1, s2:6→1 / s3:2→1 / s4:2→1 / s5:8→1}"
7	40	"so(8)+2 su(3)"	"so(8)+2(g2+su(2))+so(7)+2 su(2)"	13	146	4	1	0	0	0	0	0	0	"{s1:1→1, 7→1 / s5:1→1, s1:7→1 / s2:1→1 / s3:1→1, 3→1 / s4:1→1, 7→1 / s5:1→2, s1:7→1 / s2:1→1 / s3:1→1, 7→1 / s4:1→2 / s5:1→2, 5→1, s1:7→1 / s2:1→1 / s3:1→1 / s4:1→1, 7→1 / s5:1→2, s1:7→1 / s2:1→1 / s3:1→1 / s4:1→1 / s5:1→3, 5→1, s1:7→1 / s2:1→1 / s3:1→1 / s4:1→1 / s5:1→3, 7→1, s1:7→1 / s2:1→1 / s3:1→1 / s4:1→2 / s5:1→2, 3→1, 7→1, s1:7→1 / s2:1→1 / s3:1→1 / s4:1→2 / s5:1→2, 5→1, s1:7→1 / s2:1→1 / s3:1→1 / s4:1→2 / s5:1→2, 7→1, s1:7→1 / s3:1→1, 7→1 / s4:1→1 / s5:1→1, 7→1, s1:7→1 / s3:1→1, 7→1 / s4:1→2 / s5:1→3, 7→1, s1:7→1 / s3:1→1 / s4:1→1, 7→1 / s5:1→2, s1:7→1 / s3:1→1 / s4:1→1, 7→1 / s5:1→4, 7→1, s1:7→1 / s3:1→1 / s4:1→1 / s5:1→2, s1:7→1 / s3:1→1 / s4:1→1 / s5:1→3, 3→1, s1:7→1 / s3:1→1 / s4:1→1 / s5:1→3, 7→1, s1:7→1 / s3:1→1 / s4:1→1 / s5:1→4, 5→1, s1:7→1 / s3:1→1 / s4:1→1 / s5:1→4, 7→1, s1:7→1 / s3:1→1 / s4:1→2, 7→1 / s5:1→2, s1:7→1 / s3:1→1 / s4:1→2, 7→1 / s5:1→2, s1:7→1 / s3:1→1 / s4:1→2 / s5:1→2, s1:7→1 / s3:1→1 / s4:1→2 / s5:1→2, 3→1, s1:7→1 / s3:1→1 / s4:1→2 / s5:1→3, 3→1, s1:7→1 / s3:1→1 / s4:1→2 / s5:1→3, 3→1, 7→1, s1:7→1 / s3:1→1 / s4:1→2 / s5:1→3, 5→1, s1:7→1 / s3:1→1 / s4:1→2 / s5:1→3, 5→1, 7→1, s1:7→1 / s3:1→1 / s4:1→2 / s5:1→3, 7→1, s1:7→1 / s3:1→1 / s4:1→2 / s5:1→3, 7→2, s1:7→1 / s3:1→1 / s4:1→2 / s5:1→4, 5→1, s1:7→1 / s3:1→1 / s4:1→2 / s5:1→4, 7→1, s1:7→1 / s3:1→1 / s4:1→2 / s5:1→4, 7→1, s1:7→1 / s3:1→1 / s4:1→2 / s5:1→4, 7→1, s1:7→1 / s3:1→1 / s4:1→3, 3→1 / s5:1→4, 5→1, s1:7→1 / s3:1→1 / s4:1→3, 7→1 / s5:1→3, 5→1, s1:7→1 / s3:1→1 / s4:1→4, 7→1 / s5:1→4, 5→1, s1:7→1 / s3:1→2 / s4:1→2 / s5:1→2, 3→1, s1:7→1 / s3:1→2 / s4:1→2 / s5:1→3, 7→1, s1:7→1 / s3:1→2 / s4:1→2 / s5:1→4, 7→1, s1:7→1 / s3:3→1 / s4:7→1 / s5:1→1, s1:7→1 / s3:7→1 / s4:1→1, 7→1 / s5:1→1, s1:7→1 / s3:7→1 / s4:1→1 / s5:1→1, 5→1, 7→1, s1:7→1 / s3:7→1 / s4:1→1 / s5:1→1, 5→1, 7→1, s1:7→1 / s3:7→1 / s4:1→1 / s5:1→1, 7→1, s1:7→1 / s3:7→1 / s4:5→1 / s5:1→1, s1:7→1 / s4:1→1, 7→1 / s5:1→1, s1:7→1 / s4:1→1, 7→1 / s5:1→1, 5→1, s1:7→1 / s4:1→1 / s5:1→1, 3→1, 7→1, s1:7→1 / s4:1→1 / s5:1→1, 3→1, 7→2, s1:7→1 / s4:1→1 / s5:1→1, 5→1, 7→1, s1:7→1 / s4:1→1 / s5:1→1, 7→1, s1:7→1 / s4:1→1 / s5:1→2, s1:7→1 / s4:1→1 / s5:1→2, 7→2, s1:7→1 / s4:1→1 / s5:1→2, 7→2, s1:7→1 / s4:1→1 / s5:1→2, 7→3, s1:7→1 / s4:1→1 / s5:1→4, 5→1, s1:7→1 / s4:1→1 / s5:1→4, 7→1, s1:7→1 / s4:1→2 / s5:1→2, 5→1, s1:7→1 / s4:1→2 / s5:1→3, 5→1, s1:7→1 / s4:1→2 / s5:1→4, 5→1, s1:7→1 / s4:1→2 / s5:1→4, 7→1, s1:7→1 / s4:1→4, 7→1 / s5:1→4, 7→1, s1:7→1 / s4:3→1, 7→1, s1:7→1 / s4:5→1, 7→1 / s5:1→1, 7→1, s1:7→1 / s4:7→1 / s5:1→1, 5→1, 7→1, s1:7→1 / s4:7→1 / s5:1→1, 7→1, s1:7→1 / s5:1→1, 7→1}"	"{s2:6→1 / s3:2→1 / s4:2→1 / s5:8→1, s2:8→1 / s3:8→1 / s4:2→1 / s5:6→1, s2:8→1 / s3:2→1 / s4:6→1 / s5:8→1, s2:8→1 / s3:6→1 / s4:2→1 / s5:6→1, s2:8→1 / s3:8→1 / s4:6→1 / s5:2→1, s2:8→1 / s3:8→1 / s4:6→1 / s5:2→1, s2:8→1 / s3:6→1 / s4:6→1 / s5:2→1, s2:8→1 / s3:8→1 / s4:6→1 / s5:2→1, s2:8→1 / s3:8→1 / s4:6→1 / s5:2→1, s2:2→1 / s3:8→1 / s4:6→1 / s5:2→1, s2:2→1 / s3:2→1 / s4:6→1 / s5:8→1, s2:2→1 / s3:8→1 / s4:2→1 / s5:6→1, s2:2→1 / s3:8→1 / s4:2→1 / s5:6→1, s2:2→1 / s3:8→1 / s4:8→1 / s5:6→1, s2:2→1 / s3:8→1 / s4:8→1 / s5:6→1, s2:2→1 / s3:8→1 / s4:6→1 / s5:2→1, s2:2→1 / s3:8→1 / s4:6→1 / s5:8→1, s2:2→1 / s3:8→1 / s4:8→1 / s5:6→1, s2:2→1 / s3:6→1 / s4:8→1 / s5:6→1, s2:2→1 / s3:8→1 / s4:8→1 / s5:6→1, s2:2→1 / s3:8→1 / s4:6→1 / s5:6→1, s2:2→1 / s3:8→1 / s4:6→1 / s5:8→1, s2:2→1 / s3:8→1 / s4:6→1 / s5:6→1, s2:2→1 / s3:8→1 / s4:6→1 / s5:6→1, s2:2→1 / s3:8→1 / s4:6→1 / s5:2→1, s2:2→1 / s3:8→1 / s4:6→1 / s5:2→1, s2:2→1 / s3:8→1 / s4:6→1 / s5:2→1, s2:2→1 / s3:8→1 / s4:6→1 / s5:2→1, s2:2→1 / s3:8→1 / s4:6→1 / s5:8→1, s2:2→1 / s3:6→1 / s4:6→1 / s5:8→1, s2:2→1 / s3:8→1 / s4:6→1 / s5:6→1, s2:2→1 / s3:8→1 / s4:6→1 / s5:8→1, s2:2→1 / s3:8→1 / s4:6→1 / s5:8→1, s2:2→1 / s3:8→1 / s4:6→1 / s5:8→1, s2:2→1 / s3:6→1 / s4:8→1 / s5:8→1, s2:2→1 / s3:6→1 / s4:6→1 / s5:8→1, s2:2→1 / s3:6→1 / s4:6→1 / s5:8→1, s2:2→1 / s3:6→1 / s4:6→1 / s5:8→1, s2:6→1 / s3:6→1 / s4:2→1 / s5:8→1, s2:2→1 / s3:2→1 / s4:8→1 / s5:6→1, s2:2→1 / s3:2→1 / s4:6→1 / s5:8→1, s2:6→1 / s3:2→1 / s4:8→1 / s5:2→1, s2:2→1 / s3:2→1 / s4:8→1 / s5:6→1, s2:6→1 / s3:2→1 / s4:2→1 / s5:8→1, s2:6→1 / s3:2→1 / s4:8→1 / s5:6→1, s2:6→1 / s3:2→1 / s4:8→1 / s5:8→1, s2:6→1 / s3:2→1 / s4:8→1 / s5:6→1, s2:6→1 / s3:2→1 / s4:6→1 / s5:8→1, s2:6→1 / s3:2→1 / s4:8→1 / s5:2→1, s2:6→1 / s3:2→1 / s4:8→1 / s5:8→1, s2:2→1 / s3:2→1 / s4:8→1 / s5:6→1, s2:6→1 / s3:2→1 / s4:6→1 / s5:8→1, s2:6→1 / s3:2→1 / s4:8→1 / s5:8→1, s2:6→1 / s3:2→1 / s4:8→1 / s5:2→1, s2:2→1 / s3:2→1 / s4:6→1 / s5:8→1, s2:2→1 / s3:2→1 / s4:6→1 / s5:8→1, s2:2→1 / s3:2→1 / s4:6→1 / s5:8→1, s2:2→1 / s3:2→1 / s4:6→1 / s5:8→1, s2:2→1 / s3:2→1 / s4:6→1 / s5:8→1, s2:2→1 / s3:2→1 / s4:6→1 / s5:8→1, s2:2→1 / s3:2→1 / s4:8→1 / s5:6→1, s2:6→1 / s3:6→1 / s4:8→1 / s5:2→1, s2:6→1 / s3:2→1 / s4:2→1 / s5:8→1, s2:6→1 / s3:2→1 / s4:2→1 / s5:8→1, s2:6→1 / s3:2→1 / s4:2→1 / s5:8→1, s2:6→1 / s3:6→1 / s4:2→1 / s5:8→1}"
7	40	"so(8)+2 su(3)"	"so(8)+2(g2+su(2))+so(7)+2 su(2)"	14	146	4	1	0	0	0	0	0	0	"{s1:7→1 / s3:1→1 / s4:1→1 / s5:1→1, 7→2, s1:7→1 / s3:1→1 / s4:1→1 / s5:1→3, s1:7→1 / s3:1→1 / s4:1→1 / s5:1→3, 3→1, s1:7→1 / s3:1→1 / s4:1→1 / s5:1→3, 5→1, s1:7→1 / s3:1→1 / s4:1→1 / s5:1→4, 3→1, s1:7→1 / s3:1→1 / s4:1→1 / s5:1→4, 7→1, s1:7→1 / s3:1→1 / s4:1→2, 7→1 / s5:1→4, 7→1, s1:7→1 / s3:1→1 / s4:1→2 / s5:1→3, s1:7→1 / s3:1→1 / s4:1→2 / s5:1→4, 7→1, s1:7→1 / s3:1→2 / s4:1→2, 5→1 / s5:1→2, 7→1, s1:7→1 / s3:7→1 / s4:7→1 / s5:1→1, s1:7→1 / s4:1→1 / s5:1→1, 3→1, 5→1, 7→1, s1:7→1 / s4:1→1 / s5:1→1, 7→2, s1:7→1 / s4:1→1 / s5:1→3, s1:7→1 / s4:3→1, 7→2, s1:7→1 / s5:1→1, 3→1, 7→2, s1:7→1 / s5:1→2, 7→2}"	"{s2:6→1 / s3:8→1 / s4:6→1 / s5:2→1, s2:2→1 / s3:8→1 / s4:8→1 / s5:6→1, s2:2→1 / s3:8→1 / s4:6→1 / s5:6→1, s2:2→1 / s3:8→1 / s4:6→1 / s5:2→1, s2:2→1 / s3:8→1 / s4:8→1 / s5:6→1, s2:2→1 / s3:8→1 / s4:6→1 / s5:8→1, s2:2→1 / s3:6→1 / s4:2→1 / s5:8→1, s2:2→1 / s3:8→1 / s4:6→1 / s5:6→1, s2:2→1 / s3:8→1 / s4:6→1 / s5:2→1, s2:2→1 / s3:6→1 / s4:8→1 / s5:2→1, s2:6→1 / s3:2→1 / s4:2→1 / s5:8→1, s2:6→1 / s3:2→1 / s4:8→1 / s5:8→1, s2:6→1 / s3:2→1 / s4:8→1 / s5:2→1, s2:2→1 / s3:2→1 / s4:8→1 / s5:6→1, s2:6→1 / s3:6→1 / s4:8→1 / s5:2→1, s2:6→1 / s3:6→1 / s4:2→1 / s5:8→1, s2:6→1 / s3:6→1 / s4:2→1 / s5:8→1}"
7	40	"so(8)+2 su(3)"	"so(8)+2(g2+su(2))+so(7)+2 su(2)"	15	146	4	1	0	0	0	0	0	0	"{s1:7→1 / s3:1→1 / s4:1→2 / s5:1→4, 3→1, s1:7→1 / s3:1→1 / s4:1→2 / s5:1→4, 5→1, s1:7→1 / s3:1→1 / s4:1→3 / s5:1→3, 3→1, s1:7→1 / s3:1→1 / s4:1→3 / s5:1→3, 3→1, s1:7→1 / s3:1→1 / s4:1→3 / s5:1→4, 3→1, s1:7→1 / s3:1→1 / s4:1→3 / s5:1→4, 5→1, s1:7→1 / s3:1→1 / s4:1→3 / s5:1→4, 7→1, s1:7→1 / s3:1→1 / s4:1→4, 7→1 / s5:1→4, 5→1, s1:7→1 / s3:1→2 / s4:1→2 / s5:1→2, s1:7→1 / s3:1→2 / s4:1→2 / s5:1→2, 3→1, s1:7→1 / s3:1→2 / s4:1→2 / s5:1→4, 5→1, s1:7→1 / s4:1→2 / s5:1→2, s1:7→1 / s4:1→3 / s5:1→4, 5→1, s1:7→1 / s4:1→3 / s5:1→4, 7→1, s1:7→1 / s5:1→1, 7→2}"	"{s2:2→1 / s3:8→1 / s4:6→1 / s5:6→1, s2:2→1 / s3:8→1 / s4:6→1 / s5:2→1, s2:2→1 / s3:8→1 / s4:6→1 / s5:6→1, s2:2→1 / s3:8→1 / s4:6→1 / s5:8→1, s2:2→1 / s3:8→1 / s4:6→1 / s5:6→1, s2:2→1 / s3:8→1 / s4:6→1 / s5:8→1, s2:2→1 / s3:8→1 / s4:6→1 / s5:8→1, s2:2→1 / s3:8→1 / s4:6→1 / s5:8→1, s2:2→1 / s3:8→1 / s4:6→1 / s5:6→1, s2:2→1 / s3:8→1 / s4:6→1 / s5:8→1, s2:2→1 / s3:8→1 / s4:6→1 / s5:8→1, s2:2→1 / s3:2→1 / s4:8→1 / s5:6→1, s2:2→1 / s3:2→1 / s4:6→1 / s5:8→1, s2:2→1 / s3:2→1 / s4:6→1 / s5:8→1, s2:6→1 / s3:6→1 / s4:2→1 / s5:8→1}"
7	40	"so(8)+2 su(3)"	"so(8)+2(g2+su(2))+so(7)+2 su(2)"	16	146	4	1	0	0	0	0	0	0	"{s1:7→1 / s2:1→1 / s3:1→1 / s4:1→1 / s5:1→2, s1:7→1 / s2:1→1 / s3:1→1 / s4:1→2 / s5:1→2, s1:7→1 / s3:1→1 / s4:1→2 / s5:1→2, s1:7→1 / s3:1→1 / s4:1→2 / s5:1→4, 3→1, s1:7→1 / s3:1→1 / s4:1→3 / s5:1→3, s1:7→1 / s3:1→2 / s4:1→2 / s5:1→3, 3→1, s1:7→1 / s3:1→2 / s4:1→2 / s5:1→4, 7→1}"	"{s2:8→1 / s3:8→1 / s4:2→1 / s5:6→1, s2:8→1 / s3:2→1 / s4:6→1 / s5:6→1, s2:2→1 / s3:8→1 / s4:8→1 / s5:6→1, s2:2→1 / s3:8→1 / s4:8→1 / s5:6→1, s2:2→1 / s3:8→1 / s4:6→1 / s5:6→1, s2:2→1 / s3:8→1 / s4:6→1 / s5:6→1, s2:2→1 / s3:8→1 / s4:6→1 / s5:8→1}"
7	40	"so(8)+2 su(3)"	"so(8)+2(g2+su(2))+so(7)+2 su(2)"	17	146	4	1	0	0	0	0	0	0	"{s1:7→1 / s2:1→1 / s3:1→1 / s4:1→1 / s5:1→3, 3→1, s1:7→1 / s3:1→2 / s4:1→2 / s5:1→4, 3→1}"	"{s2:8→1 / s3:8→1 / s4:2→1 / s5:6→1, s2:2→1 / s3:8→1 / s4:6→1 / s5:6→1}"
7	40	"so(8)+2 su(3)"	"so(8)+2(g2+su(2))+so(7)+2 su(2)"	18	146	4	1	0	0	0	0	0	0	"{s1:7→1 / s2:1→1 / s3:1→1 / s4:1→1 / s5:1→2, 3→1, s1:7→1 / s3:1→1 / s4:1→2 / s5:1→3, s1:7→1 / s3:1→2 / s4:1→3 / s5:1→3, s1:7→1 / s3:1→2 / s4:1→3 / s5:1→3, 3→1, s1:7→1 / s4:1→2 / s5:1→3, s1:7→1 / s4:1→2 / s5:1→4, 7→1}"	"{s2:8→1 / s3:8→1 / s4:2→1 / s5:6→1, s2:2→1 / s3:8→1 / s4:8→1 / s5:6→1, s2:2→1 / s3:8→1 / s4:6→1 / s5:6→1, s2:2→1 / s3:8→1 / s4:6→1 / s5:8→1, s2:2→1 / s3:2→1 / s4:8→1 / s5:6→1, s2:2→1 / s3:2→1 / s4:8→1 / s5:6→1}"
7	40	"so(8)+2 su(3)"	"so(8)+2(g2+su(2))+so(7)+2 su(2)"	19	146	4	1	0	0	0	0	0	0	"{s1:7→1 / s2:1→1 / s3:1→1 / s4:1→2 / s5:1→2, 3→1, s1:7→1 / s2:1→1 / s3:1→1 / s4:1→2 / s5:1→2, 3→1, s1:7→1 / s3:1→1 / s4:1→1, 7→1 / s5:1→1, 5→1, 7→1, s1:7→1 / s3:1→2 / s4:1→2 / s5:1→3, s1:7→1 / s3:1→2 / s4:1→2 / s5:1→3, 7→1, s1:7→1 / s3:1→2 / s4:1→2 / s5:1→4, 7→1, s1:7→1 / s3:3→1 / s5:1→1, s1:7→1 / s4:5→1 / s5:1→1}"	"{s2:8→1 / s3:2→1 / s4:6→1 / s5:6→1, s2:8→1 / s3:2→1 / s4:6→1 / s5:8→1, s2:2→1 / s3:8→1 / s4:6→1 / s5:2→1, s2:2→1 / s3:8→1 / s4:6→1 / s5:6→1, s2:2→1 / s3:8→1 / s4:6→1 / s5:8→1, s2:2→1 / s3:8→1 / s4:6→1 / s5:6→1, s2:6→1 / s3:6→1 / s4:2→1 / s5:8→1, s2:6→1 / s3:2→1 / s4:2→1 / s5:8→1}"
7	40	"so(8)+2 su(3)"	"so(8)+2(g2+su(2))+so(7)+2 su(2)"	20	146	4	1	0	0	0	0	0	0	"{s1:7→1 / s3:1→1 / s4:1→2, 3→1 / s5:1→3, s1:7→1 / s3:1→1 / s4:1→2 / s5:1→3, 3→1, s1:7→1 / s3:1→1 / s4:1→2 / s5:1→3, 3→1}"	"{s2:2→1 / s3:8→1 / s4:8→1 / s5:6→1, s2:2→1 / s3:8→1 / s4:6→1 / s5:8→1, s2:2→1 / s3:8→1 / s4:8→1 / s5:6→1}"
7	40	"so(8)+2 su(3)"	"so(8)+2(g2+su(2))+so(7)+2 su(2)"	21	146	4	1	0	0	0	0	0	0	"{s1:7→1 / s3:1→1 / s4:1→1 / s5:1→2, s1:7→1 / s3:1→1 / s4:1→1 / s5:1→3}"	"{s2:2→1 / s3:8→1 / s4:2→1 / s5:6→1, s2:2→1 / s3:8→1 / s4:2→1 / s5:6→1}"
7	40	"so(8)+2 su(3)"	"so(8)+2(g2+su(2))+so(7)+2 su(2)"	23	146	4	1	0	0	0	0	0	0	"s1:7→1 / s3:1→1 / s4:1→2 / s5:1→4, 5→1"	"s2:2→1 / s3:2→1 / s4:6→1 / s5:8→1"
7	40	"so(8)+2 su(3)"	"so(8)+2(g2+su(2))+so(7)+2 su(2)"	24	146	4	1	0	0	0	0	0	0	"{s1:7→1 / s2:1→1 / s3:1→1 / s4:1→1 / s5:1→3, s1:7→1 / s2:1→1 / s3:1→1 / s4:1→1 / s5:1→4, 5→1, s1:7→1 / s3:1→1 / s4:1→2 / s5:1→3}"	"{s2:8→1 / s3:8→1 / s4:2→1 / s5:6→1, s2:8→1 / s3:8→1 / s4:2→1 / s5:6→1, s2:2→1 / s3:2→1 / s4:8→1 / s5:6→1}"
7	40	"so(8)+2 su(3)"	"so(8)+2(g2+su(2))+so(7)+2 su(2)"	27	146	4	1	0	0	0	0	0	0	"{s1:7→1 / s3:1→1 / s4:1→1 / s5:1→2, 3→1, s1:7→1 / s3:1→2 / s4:1→2 / s5:1→3, s1:7→1 / s3:1→2 / s4:1→2 / s5:1→3, 5→1, s1:7→1 / s3:1→2 / s4:1→3 / s5:1→3, 3→1}"	"{s2:2→1 / s3:8→1 / s4:6→1 / s5:8→1, s2:2→1 / s3:8→1 / s4:8→1 / s5:6→1, s2:2→1 / s3:8→1 / s4:6→1 / s5:8→1, s2:2→1 / s3:6→1 / s4:6→1 / s5:8→1}"
7	40	"so(8)+2 su(3)"	"so(8)+2(g2+su(2))+so(7)+2 su(2)"	28	146	4	1	0	0	0	0	0	0	"{s1:7→1 / s3:1→1 / s4:1→2 / s5:1→4, 7→1, s1:7→1 / s3:1→2 / s4:1→2 / s5:1→3, 3→1}"	"{s2:2→1 / s3:8→1 / s4:8→1 / s5:6→1, s2:2→1 / s3:8→1 / s4:6→1 / s5:8→1}"
7	40	"so(8)+2 su(3)"	"so(8)+2(g2+su(2))+so(7)+2 su(2)"	30	146	4	1	0	0	0	0	0	0	"s1:7→1 / s4:1→2 / s5:1→4, 5→1"	"s2:2→1 / s3:2→1 / s4:8→1 / s5:6→1"
7	40	"so(8)+2 su(3)"	"so(8)+2(g2+su(2))+so(7)+2 su(2)"	32	146	4	1	0	0	0	0	0	0	"s1:7→1 / s2:1→1 / s3:1→1 / s4:1→1 / s5:1→4, 3→1"	"s2:8→1 / s3:8→1 / s4:2→1 / s5:6→1"
7	40	"so(8)+2 su(3)"	"so(8)+2(g2+su(2))+so(7)+2 su(2)"	34	146	4	1	0	0	0	0	0	0	"s1:7→1 / s3:1→1 / s4:1→3 / s5:1→4, 3→1"	"s2:2→1 / s3:8→1 / s4:6→1 / s5:8→1"
7	40	"so(8)+2 su(3)"	"so(8)+2(g2+su(2))+so(7)+2 su(2)"	35	146	4	1	0	0	0	0	0	0	"s1:7→1 / s4:1→1 / s5:1→1, 3→1, 7→2"	"s2:6→1 / s3:2→1 / s4:8→1 / s5:8→1"
7	40	"so(8)+2 su(3)"	"so(8)+2(g2+su(2))+so(7)+2 su(2)"	39	146	4	1	0	0	0	0	0	0	"{s1:7→1 / s3:1→1 / s4:1→2 / s5:1→4, s1:7→1 / s3:1→1 / s4:1→3 / s5:1→4, 7→1}"	"{s2:2→1 / s3:2→1 / s4:8→1 / s5:6→1, s2:2→1 / s3:8→1 / s4:6→1 / s5:6→1}"
7	40	"so(8)+2 su(3)"	"so(8)+2(g2+su(2))+so(7)+2 su(2)"	40	146	4	1	0	0	0	0	0	0	"s1:7→1 / s4:1→2, 7→1 / s5:1→4, 7→1"	"s2:2→1 / s3:2→1 / s4:8→1 / s5:6→1"
7	40	"so(8)+2 su(3)"	"so(8)+2(g2+su(2))+so(7)+2 su(2)"	41	146	4	1	0	0	0	0	0	0	"s1:7→1 / s3:1→2 / s4:1→2 / s5:1→4"	"s2:2→1 / s3:8→1 / s4:8→1 / s5:6→1"
7	40	"so(8)+2 su(3)"	"so(8)+2(g2+su(2))+so(7)+2 su(2)"	44	146	4	1	0	0	0	0	0	0	"{s1:7→1 / s2:1→1 / s3:1→1 / s4:1→1, 5→1 / s5:1→2, 3→1, s1:7→1 / s3:1→1 / s4:1→1 / s5:1→1, 3→1}"	"{s2:8→1 / s3:8→1 / s4:2→1 / s5:6→1, s2:2→1 / s3:6→1 / s4:6→1 / s5:8→1}"
7	40	"so(8)+2 su(3)"	"so(8)+2(g2+su(2))+so(7)+2 su(2)"	46	146	4	1	0	0	0	0	0	0	"s1:7→1 / s2:1→1 / s3:1→1 / s4:1→1 / s5:1→2, 3→1, 5→1, 7→1"	"s2:8→1 / s3:8→1 / s4:6→1 / s5:2→1"
7	40	"so(8)+2 su(3)"	"so(8)+2(g2+su(2))+so(7)+2 su(2)"	48	146	4	1	0	0	0	0	0	0	"s1:7→1 / s2:1→1 / s3:1→1 / s4:1→1, 3→1 / s5:1→2, 5→1"	"s2:8→1 / s3:8→1 / s4:6→1 / s5:2→1"
7	40	"so(8)+2 su(3)"	"so(8)+2(g2+su(2))+so(7)+2 su(2)"	49	146	4	1	0	0	0	0	0	0	"{s1:7→1 / s3:1→1 / s4:1→3 / s5:1→4, s1:7→1 / s3:1→1 / s4:1→4 / s5:1→4, 3→1}"	"{s2:2→1 / s3:8→1 / s4:6→1 / s5:6→1, s2:2→1 / s3:8→1 / s4:6→1 / s5:8→1}"
7	40	"so(8)+2 su(3)"	"so(8)+2(g2+su(2))+so(7)+2 su(2)"	59	146	4	1	0	0	0	0	0	0	"{s1:7→1 / s3:7→1 / s4:1→1 / s5:1→1, 5→1, s1:7→1 / s4:7→1 / s5:1→1}"	"{s2:6→1 / s3:2→1 / s4:8→1 / s5:8→1, s2:6→1 / s3:2→1 / s4:2→1 / s5:8→1}"
7	40	"so(8)+2 su(3)"	"so(8)+2(g2+su(2))+so(7)+2 su(2)"	65	146	4	1	0	0	0	0	0	0	"s1:7→1 / s3:1→1 / s4:1→2 / s5:1→4"	"s2:2→1 / s3:8→1 / s4:8→1 / s5:6→1"
7	40	"so(8)+2 su(3)"	"so(8)+2(g2+su(2))+so(7)+2 su(2)"	71	146	4	1	0	0	0	0	0	0	"s1:7→1 / s4:1→4, 7→1 / s5:1→4, 5→1"	"s2:2→1 / s3:2→1 / s4:6→1 / s5:8→1"
7	40	"so(8)+2 su(3)"	"so(8)+2 su(3)+g2+su(2)+so(7)+2 su(2)"	12	139	3	2	0	0	0	0	0	0	"{s1:1→1, 7→1 / s2:1→1, 7→1, s1:1→1, 7→1 / s2:1→1, 7→1 / s5:1→1, s1:5→1 / s2:1→1, 7→1 / s3:7→1 / s4:3→1, 7→1, s1:5→1 / s2:1→1, 7→1 / s3:7→1 / s4:3→1, 7→2, s1:5→1 / s2:1→1, 7→1 / s3:7→1 / s4:7→1 / s5:7→1, s1:5→1 / s2:1→1, 7→1 / s3:7→1 / s5:7→1, s1:7→1 / s2:1→1, 5→1 / s3:1→1 / s4:1→1, 3→1, 7→1 / s5:1→1, 7→1, s1:7→1 / s2:1→1, 5→1 / s3:1→1 / s4:1→1, 3→1 / s5:1→1, 7→1, s1:7→1 / s2:1→1, 5→1 / s3:1→1 / s4:1→1, 7→1 / s5:1→1, 7→1, s1:7→1 / s2:1→1, 5→1 / s3:1→1 / s4:1→1 / s5:1→1, 3→1, 7→1, s1:7→1 / s2:1→1, 5→1 / s3:1→1 / s4:1→1 / s5:1→1, 7→1, s1:7→1 / s2:1→1, 5→1 / s3:3→1 / s4:1→1 / s5:1→1, 7→1, s1:7→1 / s2:1→1, 5→1 / s3:3→1 / s4:7→1 / s5:1→1, s1:7→1 / s2:1→1, 5→1 / s3:3→1 / s5:1→1, s1:7→1 / s2:1→1, 5→1 / s3:7→1 / s4:1→1 / s5:1→1, 3→1, 7→1, s1:7→1 / s2:1→1, 5→1 / s3:7→1 / s4:1→1 / s5:1→1, 7→1, s1:7→1 / s2:1→1, 5→1 / s3:7→1 / s4:1→1 / s5:1→2, 3→1, 7→2, s1:7→1 / s2:1→1, 5→1 / s4:1→1, 3→1, 7→1 / s5:1→2, 7→1, s1:7→1 / s2:1→1, 5→1 / s4:1→1, 7→1 / s5:1→2, 7→1, s1:7→1 / s2:1→1, 5→1 / s4:1→1 / s5:1→1, s1:7→1 / s2:1→1, 5→1 / s4:1→1 / s5:1→1, 3→1, s1:7→1 / s2:1→1, 5→1 / s4:1→1 / s5:1→1, 3→1, 7→1, s1:7→1 / s2:1→1, 5→1 / s4:1→1 / s5:1→1, 7→1, s1:7→1 / s2:1→1, 5→1 / s4:1→1 / s5:1→2, 3→1, 7→1, s1:7→1 / s2:1→1, 5→1 / s4:1→1 / s5:1→2, 3→1, 7→2, s1:7→1 / s2:1→1, 5→1 / s4:1→1 / s5:1→2, 7→1, s1:7→1 / s2:1→1, 5→1 / s4:1→1 / s5:1→2, 7→1, s1:7→1 / s2:1→1, 5→1 / s4:1→1 / s5:1→2, 7→2, s1:7→1 / s2:1→1, 5→1 / s4:1→1 / s5:1→3, 3→1, 7→1, s1:7→1 / s2:1→1, 5→1 / s4:1→2, 7→1 / s5:1→2, 3→1, 7→1, s1:7→1 / s2:1→1, 5→1 / s4:7→1 / s5:1→1, s1:7→1 / s2:1→1, 5→1 / s4:7→1 / s5:1→2, 7→1, s1:7→1 / s2:1→1, 5→1 / s5:1→1, s1:7→1 / s2:1→1, 7→1 / s3:1→1 / s4:1→1, 3→1, 5→1 / s5:1→1, 5→1, s1:7→1 / s2:1→1, 7→1 / s3:1→1 / s4:1→1, 3→1 / s5:1→1, 5→1, s1:7→1 / s2:1→1, 7→1 / s3:1→1 / s4:1→1, 5→1 / s5:1→1, 5→1, s1:7→1 / s2:1→1, 7→1 / s3:3→1, 5→1 / s5:1→1, 5→1, s1:7→1 / s2:1→1, 7→1 / s3:3→1 / s4:1→1, 5→1 / s5:1→1, 5→1, s1:7→1 / s2:1→1, 7→1 / s3:3→1 / s4:1→1 / s5:1→1, 5→1, s1:7→1 / s2:1→1, 7→1 / s3:3→1 / s4:5→1 / s5:1→1, 5→1, s1:7→1 / s2:1→1, 7→1 / s3:3→1 / s4:5→1 / s5:1→1, 5→1, s1:7→1 / s2:1→1, 7→1 / s3:3→1 / s5:1→1, s1:7→1 / s2:1→1, 7→1 / s3:3→1 / s5:1→1, s1:7→1 / s2:1→1, 7→1 / s3:3→1 / s5:1→1, s1:7→1 / s2:1→1, 7→1 / s3:5→1 / s4:3→1, 5→1, s1:7→1 / s2:1→1, 7→1 / s3:5→1 / s5:1→1, 5→1, s1:7→1 / s2:1→1, 7→1 / s3:5→1 / s5:1→1, 5→1, 7→1, s1:7→1 / s2:1→1, 7→1 / s3:5→1 / s5:5→1, s1:7→1 / s2:1→1, 7→1 / s3:5→1 / s5:7→1, s1:7→1 / s2:1→1, 7→1 / s4:1→1, 3→1, 5→1 / s5:1→2, 5→1, s1:7→1 / s2:1→1, 7→1 / s4:1→1, 3→1 / s5:1→2, s1:7→1 / s2:1→1, 7→1 / s4:1→1, 5→1 / s5:1→1, 3→1, 5→1, s1:7→1 / s2:1→1, 7→1 / s4:1→1, 5→1 / s5:1→1, 5→1, s1:7→1 / s2:1→1, 7→1 / s4:1→1, 5→1 / s5:1→1, 5→1, 7→1, s1:7→1 / s2:1→1, 7→1 / s4:1→1, 5→1 / s5:1→1, 7→1, s1:7→1 / s2:1→1, 7→1 / s4:1→1, 5→1 / s5:1→2, s1:7→1 / s2:1→1, 7→1 / s4:1→1, 5→1 / s5:1→2, 5→1, s1:7→1 / s2:1→1, 7→1 / s4:1→1, 5→1 / s5:1→2, 5→1, s1:7→1 / s2:1→1, 7→1 / s4:1→1, 7→1 / s5:1→2, 5→1, s1:7→1 / s2:1→1, 7→1 / s4:1→1 / s5:1→1, s1:7→1 / s2:1→1, 7→1 / s4:1→1 / s5:1→1, s1:7→1 / s2:1→1, 7→1 / s4:1→1 / s5:1→1, 3→1, s1:7→1 / s2:1→1, 7→1 / s4:1→1 / s5:1→1, 3→1, 5→1, s1:7→1 / s2:1→1, 7→1 / s4:1→1 / s5:1→1, 5→1, s1:7→1 / s2:1→1, 7→1 / s4:1→1 / s5:1→1, 5→1, s1:7→1 / s2:1→1, 7→1 / s4:1→1 / s5:1→1, 5→1, s1:7→1 / s2:1→1, 7→1 / s4:1→1 / s5:1→1, 5→1, 7→1, s1:7→1 / s2:1→1, 7→1 / s4:1→1 / s5:1→1, 7→1, s1:7→1 / s2:1→1, 7→1 / s4:1→1 / s5:1→1, 7→1, s1:7→1 / s2:1→1, 7→1 / s4:1→1 / s5:1→2, s1:7→1 / s2:1→1, 7→1 / s4:1→1 / s5:1→2, 3→1, 5→1, s1:7→1 / s2:1→1, 7→1 / s4:1→1 / s5:1→2, 5→1, s1:7→1 / s2:1→1, 7→1 / s4:1→1 / s5:1→2, 5→1, 7→1, s1:7→1 / s2:1→1, 7→1 / s4:1→1 / s5:1→2, 5→2, s1:7→1 / s2:1→1, 7→1 / s4:1→1 / s5:1→2, 5→2, 7→1, s1:7→1 / s2:1→1, 7→1 / s4:1→1 / s5:1→2, 7→1, s1:7→1 / s2:1→1, 7→1 / s4:1→1 / s5:1→2, 7→1, s1:7→1 / s2:1→1, 7→1 / s4:1→1 / s5:1→3, 5→1, s1:7→1 / s2:1→1, 7→1 / s4:1→1 / s5:1→3, 5→2, s1:7→1 / s2:1→1, 7→1 / s4:1→2, 5→1 / s5:1→2, 3→1, 5→1, s1:7→1 / s2:1→1, 7→1 / s4:1→2, 5→1 / s5:1→2, 5→1, s1:7→1 / s2:1→1, 7→1 / s4:3→1, s1:7→1 / s2:1→1, 7→1 / s4:5→1 / s5:1→1, s1:7→1 / s2:1→1, 7→1 / s4:5→1 / s5:1→1, 5→1, s1:7→1 / s2:1→1, 7→1 / s4:5→1 / s5:1→1, 5→1, s1:7→1 / s2:1→1, 7→1 / s4:5→1 / s5:1→2, 5→1, s1:7→1 / s2:1→1, 7→1 / s4:7→1 / s5:1→1, s1:7→1 / s2:1→1, 7→1 / s4:7→1 / s5:1→1, s1:7→1 / s2:1→1, 7→1 / s5:1→1, s1:7→1 / s2:1→1, 7→1 / s5:1→1, s1:7→1 / s2:1→1, 7→1 / s5:1→1, s1:7→1 / s2:1→1, 7→1 / s5:1→1, s1:7→1 / s2:1→1, 7→1 / s5:1→1, 5→1, s1:7→1 / s2:1→1, 7→1 / s5:1→1, 5→1, s1:7→1 / s2:1→1, 7→1 / s5:1→1, 5→1, s1:7→1 / s2:1→1, 7→1 / s5:1→1, 5→1, 7→1, s1:7→1 / s2:1→1, 7→1 / s5:1→1, 5→2, s1:7→1 / s2:1→1, 7→1 / s5:1→1, 7→1, s1:7→1 / s2:1→1, 7→1 / s5:1→2, 5→1, s1:7→1 / s2:1→1, 7→1 / s5:1→2, 5→1, s1:7→1 / s2:1→1, 7→1 / s5:1→2, 5→1, s1:7→1 / s2:1→1, 7→1 / s5:1→2, 5→1, 7→1, s1:7→1 / s2:1→1, 7→1 / s5:1→2, 5→1, 7→1, s1:7→1 / s2:1→1, 7→1 / s5:1→2, 5→1, 7→1, s1:7→1 / s2:1→1, 7→1 / s5:1→2, 5→1, 7→1, s1:7→1 / s2:1→1, 7→1 / s5:1→2, 5→2, s1:7→1 / s2:1→1, 7→1 / s5:1→2, 5→2, s1:7→1 / s2:1→1, 7→1 / s5:1→2, 5→2, 7→1, s1:7→1 / s2:1→1, 7→1 / s5:1→2, 5→3, s1:7→1 / s2:1→1, 7→1 / s5:1→2, 7→1, s1:7→1 / s2:1→1, 7→1 / s5:1→2, 7→1, s1:7→1 / s2:1→1, 7→1 / s5:1→2, 7→1, s1:7→1 / s2:1→1, 7→1 / s5:1→3, 5→1, s1:7→1 / s2:1→1, 7→1 / s5:1→3, 5→1, 7→1, s1:7→1 / s2:1→1, 7→1 / s5:1→3, 5→2, s1:7→1 / s2:1→1, 7→1 / s5:1→3, 7→1, s1:7→1 / s2:1→1, 7→1 / s5:1→3, 7→1, s1:7→1 / s2:1→1, 7→1 / s5:1→4, 7→1, s1:7→1 / s2:1→1, 7→1 / s5:5→1, s1:7→1 / s2:1→1 / s3:1→1, 3→1 / s4:1→2, 5→1 / s5:1→2, 3→1, 7→1, s1:7→1 / s2:1→1 / s3:1→1, 5→1 / s4:1→1, 3→1, 7→1 / s5:1→1, 3→1, 5→1, 7→1, s1:7→1 / s2:1→1 / s3:1→1, 5→1 / s4:1→1, 3→1, 7→1 / s5:1→1, 3→1, 5→1, 7→2, s1:7→1 / s2:1→1 / s3:1→1, 5→1 / s4:1→1, 3→1, 7→1 / s5:1→1, 5→1, 7→1, s1:7→1 / s2:1→1 / s3:1→1, 5→1 / s4:1→1, 3→1, 7→1 / s5:1→1, 7→1, s1:7→1 / s2:1→1 / s3:1→1, 7→1 / s4:1→1, 5→1 / s5:1→1, 3→1, 5→1, 7→2, s1:7→1 / s2:1→1 / s3:1→1, 7→1 / s4:1→1, 5→1 / s5:1→1, 3→1, 5→1, 7→2, s1:7→1 / s2:1→1 / s3:1→1, 7→1 / s4:1→1, 5→1 / s5:1→1, 5→1, 7→1, s1:7→1 / s2:1→1 / s3:1→1, 7→1 / s4:1→1, 5→1 / s5:1→1, 5→1, 7→1, s1:7→1 / s2:1→1 / s3:1→1, 7→1 / s4:1→1, 5→1 / s5:1→1, 7→1, s1:7→1 / s2:1→1 / s3:1→1, 7→1 / s4:1→1 / s5:1→1, 5→1, s1:7→1 / s2:1→1 / s3:1→1 / s4:1→1, 3→1, 7→1 / s5:1→1, 3→1, 5→1, s1:7→1 / s2:1→1 / s3:1→1 / s4:1→1, 5→1 / s5:1→1, 3→1, 7→1, s1:7→1 / s2:1→1 / s3:1→1 / s4:1→2, 3→1, 7→1 / s5:1→2, 3→1, 5→1, s1:7→1 / s2:1→1 / s3:1→1 / s4:1→2, 7→1 / s5:1→2, 5→1, s1:7→1 / s2:1→1 / s3:3→1, 5→1 / s4:7→1 / s5:1→1, 5→1, s1:7→1 / s2:1→1 / s3:3→1, 7→1 / s4:1→1, 5→1 / s5:1→1, 3→1, 5→1, 7→1, s1:7→1 / s2:1→1 / s3:3→1, 7→1 / s4:1→1, 7→1 / s5:1→1, 5→1, s1:7→1 / s2:1→1 / s3:3→1, 7→1 / s4:1→1, 7→1 / s5:1→1, 5→1, 7→1, s1:7→1 / s2:1→1 / s3:3→1, 7→1 / s4:3→1, 5→1 / s5:1→1, 5→1, s1:7→1 / s2:1→1 / s3:3→1 / s4:1→1, 5→1 / s5:1→1, 3→1, 5→1, 7→1, s1:7→1 / s2:1→1 / s3:3→1 / s4:1→1, 5→1 / s5:1→1, 3→1, 5→1, 7→2, s1:7→1 / s2:1→1 / s3:3→1 / s4:1→1, 5→1 / s5:1→1, 3→1, 7→1, s1:7→1 / s2:1→1 / s3:3→1 / s4:1→1, 5→1 / s5:1→1, 3→1, 7→1, s1:7→1 / s2:1→1 / s3:3→1 / s4:1→1, 5→1 / s5:1→1, 5→1, s1:7→1 / s2:1→1 / s3:3→1 / s4:1→1, 5→1 / s5:1→1, 5→1, 7→1, s1:7→1 / s2:1→1 / s3:3→1 / s4:1→1, 5→1 / s5:1→1, 7→1, s1:7→1 / s2:1→1 / s3:3→1 / s4:1→1, 5→1 / s5:1→2, 3→1, 5→1, 7→1, s1:7→1 / s2:1→1 / s3:3→1 / s4:1→1, 5→1 / s5:1→2, 3→1, 7→1, s1:7→1 / s2:1→1 / s3:3→1 / s4:1→1, 5→1 / s5:1→2, 3→1, 7→2, s1:7→1 / s2:1→1 / s3:3→1 / s4:1→1 / s5:1→1, 3→1, s1:7→1 / s2:1→1 / s3:3→1 / s4:1→1 / s5:1→1, 3→1, 5→1, s1:7→1 / s2:1→1 / s3:3→1 / s4:1→1 / s5:1→1, 3→1, 5→1, 7→1, s1:7→1 / s2:1→1 / s3:3→1 / s4:1→1 / s5:1→1, 3→1, 7→1, s1:7→1 / s2:1→1 / s3:3→1 / s4:1→1 / s5:1→1, 3→1, 7→1, s1:7→1 / s2:1→1 / s3:3→1 / s4:1→1 / s5:1→1, 5→1, s1:7→1 / s2:1→1 / s3:3→1 / s4:1→1 / s5:1→2, 3→1, 5→1, s1:7→1 / s2:1→1 / s3:3→1 / s4:1→1 / s5:1→2, 3→1, 5→1, 7→1, s1:7→1 / s2:1→1 / s3:3→1 / s4:1→1 / s5:1→2, 3→1, 7→1, s1:7→1 / s2:1→1 / s3:3→1 / s4:1→1 / s5:1→2, 3→1, 7→1, s1:7→1 / s2:1→1 / s3:3→1 / s4:1→1 / s5:1→2, 3→1, 7→2, s1:7→1 / s2:1→1 / s3:3→1 / s4:1→1 / s5:1→2, 3→1, 7→2, s1:7→1 / s2:1→1 / s3:3→1 / s4:3→1, 5→1, 7→1 / s5:1→1, 5→1, s1:7→1 / s2:1→1 / s3:3→1 / s4:5→1 / s5:1→1, 5→1, s1:7→1 / s2:1→1 / s3:3→1 / s4:7→1 / s5:1→1, 5→1, s1:7→1 / s2:1→1 / s3:5→1 / s4:3→1 / s5:1→1, 3→1, 5→1, 7→1, s1:7→1 / s2:1→1 / s3:5→1 / s4:3→1 / s5:3→1, 5→1, s1:7→1 / s2:1→1 / s3:7→1 / s4:1→1, 5→1 / s5:1→1, 3→1, 5→1, 7→1, s1:7→1 / s2:1→1 / s3:7→1 / s4:1→1, 5→1 / s5:1→1, 3→1, 7→1, s1:7→1 / s2:1→1 / s3:7→1 / s4:1→1, 5→1 / s5:1→1, 5→1, 7→1, s1:7→1 / s2:1→1 / s3:7→1 / s4:1→1, 5→1 / s5:1→1, 7→1, s1:7→1 / s2:1→1 / s3:7→1 / s4:1→1, 5→1 / s5:1→2, 3→1, 5→1, 7→1, s1:7→1 / s2:1→1 / s3:7→1 / s4:1→1, 5→1 / s5:1→2, 5→1, 7→1, s1:7→1 / s2:1→1 / s3:7→1 / s4:1→1, 5→1 / s5:1→2, 5→1, 7→2, s1:7→1 / s2:1→1 / s3:7→1 / s4:1→1, 7→1 / s5:1→1, 7→1, s1:7→1 / s2:1→1 / s3:7→1 / s4:1→1, 7→1 / s5:1→2, 5→1, 7→1, s1:7→1 / s2:1→1 / s3:7→1 / s4:1→1, 7→1 / s5:1→2, 7→1, s1:7→1 / s2:1→1 / s3:7→1 / s4:1→1 / s5:1→1, 3→1, 7→1, s1:7→1 / s2:1→1 / s3:7→1 / s4:5→1, 7→1 / s5:1→1, 5→1, 7→1, s1:7→1 / s2:1→1 / s3:7→1 / s4:5→1, 7→1 / s5:1→1, 5→1, 7→2, s1:7→1 / s2:1→1 / s3:7→1 / s4:5→1, 7→1 / s5:1→1, 7→1, s1:7→1 / s2:1→1 / s3:7→1 / s4:5→1 / s5:1→1, s1:7→1 / s2:1→1 / s3:7→1 / s4:5→1 / s5:1→1, 5→1, s1:7→1 / s2:1→1 / s3:7→1 / s4:5→1 / s5:1→1, 5→1, 7→1, s1:7→1 / s2:1→1 / s3:7→1 / s4:5→1 / s5:1→2, 5→1, 7→1, s1:7→1 / s2:1→1 / s3:7→1 / s4:7→1 / s5:1→1, 5→1, 7→1, s1:7→1 / s2:1→1 / s3:7→1 / s4:7→1 / s5:1→1, 5→1, 7→1, s1:7→1 / s2:1→1 / s3:7→1 / s4:7→1 / s5:1→1, 5→1, 7→2, s1:7→1 / s2:1→1 / s3:7→1 / s4:7→1 / s5:1→1, 5→2, 7→2, s1:7→1 / s2:1→1 / s3:7→1 / s4:7→1 / s5:1→1, 7→1, s1:7→1 / s2:1→1 / s3:7→1 / s4:7→1 / s5:1→1, 7→1, s1:7→1 / s2:1→1 / s3:7→1 / s4:7→1 / s5:1→1, 7→2, s1:7→1 / s2:1→1 / s3:7→1 / s4:7→1 / s5:1→2, 7→3, s1:7→1 / s2:1→1 / s4:1→1, 3→1, 5→1, 7→1 / s5:1→2, 5→1, 7→1, s1:7→1 / s2:1→1 / s4:1→1, 3→1, 7→1 / s5:1→1, 3→1, 5→1, s1:7→1 / s2:1→1 / s4:1→1, 3→1, 7→1 / s5:1→2, 5→1, 7→1, s1:7→1 / s2:1→1 / s4:1→1, 5→1, 7→1 / s5:1→2, 5→1, 7→1, s1:7→1 / s2:1→1 / s4:1→1, 5→1 / s5:1→1, 3→1, 5→1, s1:7→1 / s2:1→1 / s4:1→1, 5→1 / s5:1→1, 3→1, 5→1, 7→1, s1:7→1 / s2:1→1 / s4:1→1, 5→1 / s5:1→1, 3→1, 7→1, s1:7→1 / s2:1→1 / s4:1→1, 5→1 / s5:1→1, 3→1, 7→1, s1:7→1 / s2:1→1 / s4:1→1, 5→1 / s5:1→1, 5→1, s1:7→1 / s2:1→1 / s4:1→1, 5→1 / s5:1→1, 5→1, 7→1, s1:7→1 / s2:1→1 / s4:1→1, 5→1 / s5:1→2, 3→1, 5→1, 7→1, s1:7→1 / s2:1→1 / s4:1→1, 5→1 / s5:1→2, 3→1, 7→2, s1:7→1 / s2:1→1 / s4:1→1, 5→1 / s5:1→2, 5→1, 7→1, s1:7→1 / s2:1→1 / s4:1→1, 5→1 / s5:1→2, 5→1, 7→1, s1:7→1 / s2:1→1 / s4:1→1, 5→1 / s5:1→2, 5→1, 7→2, s1:7→1 / s2:1→1 / s4:1→1, 5→1 / s5:1→3, 5→1, 7→1, s1:7→1 / s2:1→1 / s4:1→1, 7→1 / s5:1→1, 3→1, 5→1, 7→2, s1:7→1 / s2:1→1 / s4:1→1, 7→1 / s5:1→1, 3→1, 7→2, s1:7→1 / s2:1→1 / s4:1→1, 7→1 / s5:1→1, 3→1, 7→2, s1:7→1 / s2:1→1 / s4:1→1, 7→1 / s5:1→1, 5→1, s1:7→1 / s2:1→1 / s4:1→1, 7→1 / s5:1→1, 5→1, 7→2, s1:7→1 / s2:1→1 / s4:1→1, 7→1 / s5:1→1, 5→1, 7→2, s1:7→1 / s2:1→1 / s4:1→1, 7→1 / s5:1→1, 7→2, s1:7→1 / s2:1→1 / s4:1→1, 7→1 / s5:1→1, 7→2, s1:7→1 / s2:1→1 / s4:1→1, 7→1 / s5:1→2, 3→1, 7→2, s1:7→1 / s2:1→1 / s4:1→1, 7→1 / s5:1→2, 5→1, s1:7→1 / s2:1→1 / s4:1→1, 7→1 / s5:1→2, 5→1, 7→1, s1:7→1 / s2:1→1 / s4:1→1, 7→1 / s5:1→2, 5→1, 7→2, s1:7→1 / s2:1→1 / s4:1→1, 7→1 / s5:1→2, 5→1, 7→2, s1:7→1 / s2:1→1 / s4:1→1, 7→1 / s5:1→2, 5→2, 7→1, s1:7→1 / s2:1→1 / s4:1→1, 7→1 / s5:1→2, 7→1, s1:7→1 / s2:1→1 / s4:1→1, 7→1 / s5:1→2, 7→2, s1:7→1 / s2:1→1 / s4:1→1, 7→1 / s5:1→2, 7→3, s1:7→1 / s2:1→1 / s4:1→1, 7→1 / s5:1→2, 7→3, s1:7→1 / s2:1→1 / s4:1→1, 7→1 / s5:1→3, 7→2, s1:7→1 / s2:1→1 / s4:1→1, 7→2 / s5:1→2, 5→1, 7→2, s1:7→1 / s2:1→1 / s4:1→1, 7→2 / s5:1→2, 7→2, s1:7→1 / s2:1→1 / s4:1→1, 7→2 / s5:1→2, 7→2, s1:7→1 / s2:1→1 / s4:1→1 / s5:1→1, 3→1, 7→1, s1:7→1 / s2:1→1 / s4:1→1 / s5:1→1, 5→1, 7→1, s1:7→1 / s2:1→1 / s4:1→1 / s5:1→2, 3→1, 7→1, s1:7→1 / s2:1→1 / s4:1→1 / s5:1→2, 3→1, 7→2, s1:7→1 / s2:1→1 / s4:1→1 / s5:1→2, 5→1, 7→1, s1:7→1 / s2:1→1 / s4:1→1 / s5:1→2, 5→1, 7→2, s1:7→1 / s2:1→1 / s4:1→1 / s5:1→2, 7→1, s1:7→1 / s2:1→1 / s4:1→1 / s5:1→2, 7→2, s1:7→1 / s2:1→1 / s4:1→1 / s5:1→3, 7→2, s1:7→1 / s2:1→1 / s4:1→2, 5→1, 7→1 / s5:1→2, 3→1, 5→1, 7→1, s1:7→1 / s2:1→1 / s4:1→2, 5→1, 7→1 / s5:1→2, 3→1, 7→2, s1:7→1 / s2:1→1 / s4:1→2, 5→1, 7→1 / s5:1→2, 5→1, 7→1, s1:7→1 / s2:1→1 / s4:1→2, 7→1 / s5:1→2, 7→1, s1:7→1 / s2:1→1 / s4:3→1, s1:7→1 / s2:1→1 / s4:3→1, 7→1 / s5:3→1, 5→1, s1:7→1 / s2:1→1 / s4:3→1 / s5:1→1, s1:7→1 / s2:1→1 / s4:3→1 / s5:1→1, 3→1, 5→1, s1:7→1 / s2:1→1 / s4:3→1 / s5:1→1, 3→1, 5→1, 7→1, s1:7→1 / s2:1→1 / s4:3→1 / s5:1→1, 3→1, 7→1, s1:7→1 / s2:1→1 / s4:3→1 / s5:1→1, 3→1, 7→1, s1:7→1 / s2:1→1 / s4:3→1 / s5:1→1, 5→1, s1:7→1 / s2:1→1 / s4:3→1 / s5:1→2, 3→1, 5→1, 7→1, s1:7→1 / s2:1→1 / s4:3→1 / s5:1→2, 3→1, 7→1, s1:7→1 / s2:1→1 / s4:3→1 / s5:1→2, 3→1, 7→2, s1:7→1 / s2:1→1 / s4:3→1 / s5:1→2, 3→1, 7→2, s1:7→1 / s2:1→1 / s4:3→1 / s5:3→1, s1:7→1 / s2:1→1 / s4:3→1 / s5:3→1, 5→1, s1:7→1 / s2:1→1 / s4:5→1 / s5:1→1, s1:7→1 / s2:1→1 / s4:5→1 / s5:1→1, 5→1, s1:7→1 / s2:1→1 / s4:5→1 / s5:1→1, 5→1, 7→1, s1:7→1 / s2:1→1 / s4:7→1 / s5:1→1, 5→1, s1:7→1 / s2:1→1 / s4:7→1 / s5:1→1, 5→1, s1:7→1 / s2:1→1 / s4:7→1 / s5:1→1, 5→1, 7→1, s1:7→1 / s2:1→1 / s4:7→1 / s5:1→1, 5→2, 7→1, s1:7→1 / s2:1→1 / s4:7→1 / s5:1→1, 7→1, s1:7→1 / s2:1→1 / s4:7→1 / s5:1→1, 7→1, s1:7→1 / s2:1→1 / s4:7→1 / s5:1→1, 7→1, s1:7→1 / s2:1→1 / s4:7→1 / s5:1→2, 5→1, 7→1, s1:7→1 / s2:1→1 / s4:7→1 / s5:1→2, 5→1, 7→1, s1:7→1 / s2:1→1 / s4:7→1 / s5:1→2, 5→1, 7→2, s1:7→1 / s2:1→1 / s4:7→1 / s5:1→2, 5→1, 7→2, s1:7→1 / s2:1→1 / s4:7→1 / s5:1→2, 5→1, 7→2, s1:7→1 / s2:1→1 / s4:7→1 / s5:1→2, 5→2, 7→1, s1:7→1 / s2:1→1 / s4:7→1 / s5:1→2, 7→2, s1:7→1 / s2:1→1 / s4:7→1 / s5:1→2, 7→2, s1:7→1 / s2:1→1 / s4:7→1 / s5:1→2, 7→2, s1:7→1 / s2:1→1 / s4:7→1 / s5:1→3, 7→2, s1:7→1 / s2:1→1 / s4:7→1 / s5:5→1, s1:7→1 / s2:1→1 / s5:1→1, 3→1, 7→1, s1:7→1 / s2:1→1 / s5:1→2, 3→1, 7→2, s1:7→1 / s2:1→2, 5→1, 7→1 / s4:1→1 / s5:1→1, s1:7→1 / s2:1→2, 5→1, 7→1 / s5:1→1, s1:7→1 / s2:1→2, 5→1 / s4:1→1 / s5:1→1, 3→1, s1:7→1 / s2:1→2, 7→1 / s4:1→1 / s5:1→1, s1:7→1 / s2:1→2, 7→1 / s4:1→1 / s5:1→1, 3→1, s1:7→1 / s2:1→2, 7→1 / s4:7→1 / s5:1→1, s1:7→1 / s2:1→2, 7→1 / s4:7→1 / s5:1→1, 5→1, s1:7→1 / s2:1→2, 7→1 / s5:1→1, s1:7→1 / s2:1→2, 7→1 / s5:1→1, s1:7→1 / s2:1→2, 7→1 / s5:1→1, s1:7→1 / s2:1→2, 7→1 / s5:1→1, 3→1, s1:7→1 / s2:1→2, 7→1 / s5:1→1, 5→1, s1:7→1 / s2:1→2, 7→1 / s5:1→1, 7→1, s1:7→1 / s2:1→3, 7→2, s1:7→1 / s2:3→1 / s3:1→1 / s4:1→1 / s5:1→1, s1:7→1 / s2:3→1 / s3:1→1 / s4:1→1 / s5:1→1, s1:7→1 / s2:3→1 / s3:1→1 / s4:1→1 / s5:1→1, 5→1, s1:7→1 / s2:3→1 / s3:1→1 / s4:1→1 / s5:1→2, s1:7→1 / s2:3→1 / s3:1→1 / s4:1→1 / s5:1→2, 5→1, s1:7→1 / s2:3→1 / s3:1→1 / s4:1→1 / s5:1→2, 5→1, s1:7→1 / s2:3→1 / s3:1→1 / s4:1→1 / s5:1→3, 5→1, s1:7→1 / s2:3→1 / s3:1→1 / s4:1→1 / s5:1→3, 5→1, s1:7→1 / s2:3→1 / s3:1→1 / s4:1→1 / s5:1→4, 5→1, s1:7→1 / s2:3→1 / s3:1→1 / s4:1→2 / s5:1→2, 5→1, s1:7→1 / s2:3→1 / s3:1→1 / s4:1→2 / s5:1→3, 5→1, s1:7→1 / s2:3→1 / s4:1→1 / s5:1→1, s1:7→1 / s2:3→1 / s4:1→1 / s5:1→1, 5→1, s1:7→1 / s2:3→1 / s4:1→1 / s5:1→2, 5→1}"	"{s3:6→1 / s4:6→1 / s5:2→1, s3:6→1 / s4:2→1 / s5:6→1, s3:9→1 / s4:9→1 / s5:2→1, s3:9→1 / s4:9→1 / s5:2→1, s3:9→1 / s4:2→1 / s5:2→1, s3:9→1 / s4:2→1 / s5:2→1, s3:8→1 / s4:8→1 / s5:2→1, s3:8→1 / s4:8→1 / s5:2→1, s3:8→1 / s4:8→1 / s5:2→1, s3:8→1 / s4:8→1 / s5:2→1, s3:8→1 / s4:8→1 / s5:2→1, s3:8→1 / s4:8→1 / s5:2→1, s3:8→1 / s4:2→1 / s5:8→1, s3:8→1 / s4:2→1 / s5:8→1, s3:2→1 / s4:8→1 / s5:8→1, s3:2→1 / s4:8→1 / s5:2→1, s3:2→1 / s4:8→1 / s5:8→1, s3:2→1 / s4:8→1 / s5:8→1, s3:2→1 / s4:2→1 / s5:8→1, s3:2→1 / s4:8→1 / s5:8→1, s3:2→1 / s4:8→1 / s5:8→1, s3:2→1 / s4:8→1 / s5:8→1, s3:2→1 / s4:8→1 / s5:2→1, s3:2→1 / s4:8→1 / s5:8→1, s3:2→1 / s4:8→1 / s5:8→1, s3:2→1 / s4:8→1 / s5:2→1, s3:2→1 / s4:8→1 / s5:8→1, s3:2→1 / s4:8→1 / s5:2→1, s3:2→1 / s4:8→1 / s5:8→1, s3:2→1 / s4:8→1 / s5:8→1, s3:2→1 / s4:2→1 / s5:8→1, s3:2→1 / s4:2→1 / s5:8→1, s3:2→1 / s4:2→1 / s5:8→1, s3:8→1 / s4:8→1 / s5:2→1, s3:8→1 / s4:8→1 / s5:2→1, s3:8→1 / s4:8→1 / s5:2→1, s3:9→1 / s4:2→1 / s5:9→1, s3:8→1 / s4:8→1 / s5:2→1, s3:8→1 / s4:8→1 / s5:2→1, s3:8→1 / s4:2→1 / s5:8→1, s3:9→1 / s4:2→1 / s5:9→1, s3:6→1 / s4:2→1 / s5:6→1, s3:8→1 / s4:2→1 / s5:8→1, s3:9→1 / s4:2→1 / s5:9→1, s3:9→1 / s4:9→1 / s5:2→1, s3:9→1 / s4:2→1 / s5:9→1, s3:9→1 / s4:2→1 / s5:2→1, s3:9→1 / s4:2→1 / s5:2→1, s3:9→1 / s4:2→1 / s5:2→1, s3:2→1 / s4:8→1 / s5:8→1, s3:2→1 / s4:6→1 / s5:6→1, s3:2→1 / s4:8→1 / s5:8→1, s3:2→1 / s4:8→1 / s5:8→1, s3:2→1 / s4:8→1 / s5:2→1, s3:2→1 / s4:8→1 / s5:2→1, s3:2→1 / s4:2→1 / s5:6→1, s3:2→1 / s4:2→1 / s5:8→1, s3:2→1 / s4:8→1 / s5:8→1, s3:2→1 / s4:2→1 / s5:8→1, s3:2→1 / s4:6→1 / s5:6→1, s3:2→1 / s4:8→1 / s5:8→1, s3:2→1 / s4:6→1 / s5:6→1, s3:2→1 / s4:8→1 / s5:8→1, s3:2→1 / s4:6→1 / s5:2→1, s3:2→1 / s4:8→1 / s5:2→1, s3:2→1 / s4:8→1 / s5:8→1, s3:2→1 / s4:8→1 / s5:2→1, s3:2→1 / s4:6→1 / s5:2→1, s3:2→1 / s4:8→1 / s5:2→1, s3:2→1 / s4:6→1 / s5:6→1, s3:2→1 / s4:8→1 / s5:8→1, s3:2→1 / s4:8→1 / s5:8→1, s3:2→1 / s4:8→1 / s5:2→1, s3:2→1 / s4:8→1 / s5:8→1, s3:2→1 / s4:8→1 / s5:2→1, s3:2→1 / s4:6→1 / s5:2→1, s3:2→1 / s4:8→1 / s5:2→1, s3:2→1 / s4:8→1 / s5:8→1, s3:2→1 / s4:8→1 / s5:8→1, s3:2→1 / s4:8→1 / s5:8→1, s3:2→1 / s4:8→1 / s5:8→1, s3:6→1 / s4:6→1 / s5:2→1, s3:2→1 / s4:2→1 / s5:6→1, s3:2→1 / s4:2→1 / s5:8→1, s3:2→1 / s4:2→1 / s5:9→1, s3:2→1 / s4:2→1 / s5:8→1, s3:2→1 / s4:2→1 / s5:6→1, s3:2→1 / s4:2→1 / s5:8→1, s3:2→1 / s4:2→1 / s5:6→1, s3:2→1 / s4:2→1 / s5:8→1, s3:2→1 / s4:2→1 / s5:9→1, s3:6→1 / s4:2→1 / s5:6→1, s3:2→1 / s4:2→1 / s5:6→1, s3:2→1 / s4:2→1 / s5:8→1, s3:2→1 / s4:2→1 / s5:9→1, s3:6→1 / s4:2→1 / s5:2→1, s3:2→1 / s4:2→1 / s5:9→1, s3:6→1 / s4:2→1 / s5:2→1, s3:2→1 / s4:2→1 / s5:6→1, s3:2→1 / s4:2→1 / s5:8→1, s3:2→1 / s4:2→1 / s5:9→1, s3:2→1 / s4:2→1 / s5:6→1, s3:2→1 / s4:2→1 / s5:8→1, s3:2→1 / s4:2→1 / s5:9→1, s3:6→1 / s4:2→1 / s5:2→1, s3:2→1 / s4:2→1 / s5:8→1, s3:2→1 / s4:2→1 / s5:9→1, s3:2→1 / s4:2→1 / s5:9→1, s3:2→1 / s4:2→1 / s5:9→1, s3:2→1 / s4:2→1 / s5:6→1, s3:2→1 / s4:2→1 / s5:8→1, s3:2→1 / s4:2→1 / s5:9→1, s3:2→1 / s4:2→1 / s5:6→1, s3:2→1 / s4:2→1 / s5:8→1, s3:2→1 / s4:2→1 / s5:8→1, s3:2→1 / s4:2→1 / s5:6→1, s3:2→1 / s4:2→1 / s5:8→1, s3:2→1 / s4:2→1 / s5:6→1, s3:6→1 / s4:2→1 / s5:2→1, s3:6→1 / s4:8→1 / s5:8→1, s3:8→1 / s4:8→1 / s5:9→1, s3:8→1 / s4:8→1 / s5:9→1, s3:8→1 / s4:8→1 / s5:2→1, s3:8→1 / s4:8→1 / s5:2→1, s3:8→1 / s4:8→1 / s5:2→1, s3:8→1 / s4:8→1 / s5:9→1, s3:8→1 / s4:8→1 / s5:2→1, s3:8→1 / s4:8→1 / s5:9→1, s3:8→1 / s4:8→1 / s5:2→1, s3:8→1 / s4:6→1 / s5:8→1, s3:6→1 / s4:8→1 / s5:8→1, s3:6→1 / s4:8→1 / s5:8→1, s3:6→1 / s4:8→1 / s5:8→1, s3:6→1 / s4:8→1 / s5:8→1, s3:8→1 / s4:2→1 / s5:8→1, s3:9→1 / s4:8→1 / s5:9→1, s3:9→1 / s4:9→1 / s5:8→1, s3:9→1 / s4:8→1 / s5:9→1, s3:9→1 / s4:9→1 / s5:8→1, s3:8→1 / s4:8→1 / s5:9→1, s3:8→1 / s4:8→1 / s5:9→1, s3:6→1 / s4:8→1 / s5:8→1, s3:8→1 / s4:8→1 / s5:6→1, s3:8→1 / s4:8→1 / s5:2→1, s3:8→1 / s4:8→1 / s5:2→1, s3:8→1 / s4:8→1 / s5:2→1, s3:8→1 / s4:8→1 / s5:9→1, s3:8→1 / s4:8→1 / s5:6→1, s3:8→1 / s4:8→1 / s5:6→1, s3:8→1 / s4:6→1 / s5:6→1, s3:8→1 / s4:6→1 / s5:8→1, s3:8→1 / s4:6→1 / s5:8→1, s3:8→1 / s4:6→1 / s5:6→1, s3:8→1 / s4:6→1 / s5:8→1, s3:8→1 / s4:6→1 / s5:8→1, s3:8→1 / s4:6→1 / s5:8→1, s3:8→1 / s4:6→1 / s5:8→1, s3:8→1 / s4:6→1 / s5:6→1, s3:8→1 / s4:6→1 / s5:8→1, s3:8→1 / s4:6→1 / s5:6→1, s3:8→1 / s4:6→1 / s5:8→1, s3:8→1 / s4:9→1 / s5:8→1, s3:8→1 / s4:2→1 / s5:8→1, s3:8→1 / s4:2→1 / s5:8→1, s3:9→1 / s4:8→1 / s5:9→1, s3:9→1 / s4:8→1 / s5:9→1, s3:2→1 / s4:8→1 / s5:8→1, s3:2→1 / s4:8→1 / s5:8→1, s3:2→1 / s4:8→1 / s5:2→1, s3:2→1 / s4:8→1 / s5:2→1, s3:2→1 / s4:8→1 / s5:8→1, s3:2→1 / s4:8→1 / s5:8→1, s3:2→1 / s4:8→1 / s5:2→1, s3:2→1 / s4:8→1 / s5:2→1, s3:2→1 / s4:2→1 / s5:8→1, s3:2→1 / s4:2→1 / s5:6→1, s3:2→1 / s4:6→1 / s5:6→1, s3:2→1 / s4:2→1 / s5:8→1, s3:2→1 / s4:2→1 / s5:9→1, s3:2→1 / s4:2→1 / s5:6→1, s3:2→1 / s4:2→1 / s5:6→1, s3:2→1 / s4:2→1 / s5:8→1, s3:2→1 / s4:2→1 / s5:9→1, s3:2→1 / s4:2→1 / s5:8→1, s3:2→1 / s4:2→1 / s5:6→1, s3:2→1 / s4:2→1 / s5:8→1, s3:2→1 / s4:2→1 / s5:9→1, s3:2→1 / s4:2→1 / s5:9→1, s3:2→1 / s4:2→1 / s5:6→1, s3:2→1 / s4:2→1 / s5:8→1, s3:2→1 / s4:2→1 / s5:9→1, s3:2→1 / s4:2→1 / s5:9→1, s3:2→1 / s4:8→1 / s5:8→1, s3:6→1 / s4:8→1 / s5:8→1, s3:2→1 / s4:8→1 / s5:8→1, s3:2→1 / s4:2→1 / s5:8→1, s3:2→1 / s4:8→1 / s5:8→1, s3:2→1 / s4:8→1 / s5:8→1, s3:2→1 / s4:8→1 / s5:8→1, s3:6→1 / s4:8→1 / s5:8→1, s3:2→1 / s4:8→1 / s5:8→1, s3:2→1 / s4:8→1 / s5:2→1, s3:2→1 / s4:8→1 / s5:8→1, s3:2→1 / s4:8→1 / s5:8→1, s3:2→1 / s4:8→1 / s5:2→1, s3:2→1 / s4:8→1 / s5:8→1, s3:2→1 / s4:8→1 / s5:2→1, s3:2→1 / s4:8→1 / s5:8→1, s3:2→1 / s4:8→1 / s5:8→1, s3:2→1 / s4:6→1 / s5:6→1, s3:2→1 / s4:8→1 / s5:8→1, s3:6→1 / s4:8→1 / s5:8→1, s3:2→1 / s4:6→1 / s5:2→1, s3:2→1 / s4:8→1 / s5:2→1, s3:2→1 / s4:6→1 / s5:2→1, s3:2→1 / s4:8→1 / s5:2→1, s3:2→1 / s4:8→1 / s5:8→1, s3:2→1 / s4:2→1 / s5:6→1, s3:2→1 / s4:8→1 / s5:8→1, s3:2→1 / s4:8→1 / s5:2→1, s3:2→1 / s4:8→1 / s5:8→1, s3:2→1 / s4:8→1 / s5:8→1, s3:2→1 / s4:2→1 / s5:6→1, s3:2→1 / s4:6→1 / s5:6→1, s3:2→1 / s4:6→1 / s5:2→1, s3:2→1 / s4:8→1 / s5:2→1, s3:2→1 / s4:8→1 / s5:8→1, s3:2→1 / s4:2→1 / s5:8→1, s3:2→1 / s4:2→1 / s5:6→1, s3:2→1 / s4:2→1 / s5:8→1, s3:2→1 / s4:6→1 / s5:6→1, s3:2→1 / s4:6→1 / s5:2→1, s3:2→1 / s4:6→1 / s5:6→1, s3:2→1 / s4:6→1 / s5:6→1, s3:2→1 / s4:6→1 / s5:2→1, s3:2→1 / s4:6→1 / s5:2→1, s3:2→1 / s4:6→1 / s5:6→1, s3:2→1 / s4:6→1 / s5:2→1, s3:2→1 / s4:6→1 / s5:6→1, s3:2→1 / s4:8→1 / s5:8→1, s3:2→1 / s4:8→1 / s5:8→1, s3:2→1 / s4:8→1 / s5:8→1, s3:2→1 / s4:6→1 / s5:6→1, s3:6→1 / s4:6→1 / s5:2→1, s3:6→1 / s4:9→1 / s5:9→1, s3:6→1 / s4:8→1 / s5:6→1, s3:6→1 / s4:8→1 / s5:8→1, s3:6→1 / s4:8→1 / s5:8→1, s3:6→1 / s4:8→1 / s5:6→1, s3:6→1 / s4:8→1 / s5:8→1, s3:6→1 / s4:8→1 / s5:8→1, s3:6→1 / s4:8→1 / s5:8→1, s3:6→1 / s4:8→1 / s5:6→1, s3:6→1 / s4:8→1 / s5:6→1, s3:6→1 / s4:8→1 / s5:8→1, s3:6→1 / s4:8→1 / s5:6→1, s3:6→1 / s4:8→1 / s5:8→1, s3:2→1 / s4:2→1 / s5:6→1, s3:2→1 / s4:2→1 / s5:8→1, s3:2→1 / s4:2→1 / s5:9→1, s3:2→1 / s4:2→1 / s5:6→1, s3:2→1 / s4:2→1 / s5:8→1, s3:2→1 / s4:2→1 / s5:9→1, s3:2→1 / s4:2→1 / s5:9→1, s3:2→1 / s4:2→1 / s5:6→1, s3:2→1 / s4:2→1 / s5:8→1, s3:2→1 / s4:2→1 / s5:9→1, s3:2→1 / s4:2→1 / s5:6→1, s3:2→1 / s4:2→1 / s5:8→1, s3:2→1 / s4:2→1 / s5:6→1, s3:2→1 / s4:2→1 / s5:8→1, s3:2→1 / s4:2→1 / s5:9→1, s3:2→1 / s4:2→1 / s5:8→1, s3:2→1 / s4:2→1 / s5:6→1, s3:2→1 / s4:2→1 / s5:8→1, s3:2→1 / s4:2→1 / s5:9→1, s3:2→1 / s4:2→1 / s5:6→1, s3:6→1 / s4:2→1 / s5:2→1, s3:6→1 / s4:2→1 / s5:6→1, s3:6→1 / s4:2→1 / s5:6→1, s3:2→1 / s4:8→1 / s5:8→1, s3:2→1 / s4:2→1 / s5:8→1, s3:2→1 / s4:8→1 / s5:8→1, s3:2→1 / s4:6→1 / s5:6→1, s3:2→1 / s4:8→1 / s5:8→1, s3:2→1 / s4:2→1 / s5:6→1, s3:2→1 / s4:2→1 / s5:8→1, s3:2→1 / s4:2→1 / s5:6→1, s3:2→1 / s4:2→1 / s5:8→1, s3:6→1 / s4:2→1 / s5:6→1, s3:6→1 / s4:2→1 / s5:6→1, s3:6→1 / s4:2→1 / s5:2→1, s3:6→1 / s4:2→1 / s5:2→1, s3:6→1 / s4:2→1 / s5:2→1, s3:8→1 / s4:6→1 / s5:6→1, s3:8→1 / s4:8→1 / s5:6→1, s3:8→1 / s4:6→1 / s5:8→1, s3:8→1 / s4:6→1 / s5:6→1, s3:8→1 / s4:6→1 / s5:8→1, s3:8→1 / s4:8→1 / s5:6→1, s3:8→1 / s4:6→1 / s5:8→1, s3:8→1 / s4:8→1 / s5:6→1, s3:8→1 / s4:8→1 / s5:6→1, s3:8→1 / s4:6→1 / s5:8→1, s3:8→1 / s4:6→1 / s5:8→1, s3:6→1 / s4:8→1 / s5:6→1, s3:6→1 / s4:8→1 / s5:8→1, s3:6→1 / s4:8→1 / s5:8→1}"
7	40	"so(8)+2 su(3)"	"so(8)+2 su(3)+g2+su(2)+so(7)+2 su(2)"	13	139	3	2	0	0	0	0	0	0	"{s1:5→1 / s2:1→1, 7→1 / s3:7→1 / s5:1→1, 3→1, 7→2, s1:7→1 / s2:1→1, 3→1 / s3:1→1 / s4:1→1 / s5:1→2, s1:7→1 / s2:1→1, 3→1 / s3:1→1 / s4:1→2 / s5:1→2, s1:7→1 / s2:1→1, 5→1, 7→1 / s4:7→1 / s5:1→1, s1:7→1 / s2:1→1, 7→1, s1:7→1 / s2:1→1, 7→1 / s3:5→1 / s4:5→1, s1:7→1 / s2:1→1, 7→1 / s3:5→1 / s5:5→1, 7→1, s1:7→1 / s2:1→1, 7→1 / s4:5→1, 7→1 / s5:1→1, 5→1, s1:7→1 / s2:1→1, 7→1 / s4:7→1 / s5:1→1, 5→1, s1:7→1 / s2:1→1, 7→1 / s5:5→1, 7→1, s1:7→1 / s2:1→1, 7→1 / s5:7→1, s1:7→1 / s2:1→1 / s3:1→1 / s4:1→1, 3→1, 5→1 / s5:1→1, 3→1, 5→1, s1:7→1 / s2:1→1 / s3:1→1 / s4:1→1, 3→1, 5→1 / s5:1→1, 5→1, s1:7→1 / s2:1→1 / s3:1→1 / s4:1→1, 3→1, 7→1 / s5:1→1, 3→1, 7→1, s1:7→1 / s2:1→1 / s3:1→1 / s4:1→1, 3→1, 7→1 / s5:1→1, 7→1, s1:7→1 / s2:1→1 / s3:1→1 / s4:1→1, 3→1 / s5:1→1, 3→1, s1:7→1 / s2:1→1 / s3:1→1 / s4:1→1, 3→1 / s5:1→1, 3→1, s1:7→1 / s2:1→1 / s3:1→1 / s4:1→1, 3→1 / s5:1→1, 3→1, s1:7→1 / s2:1→1 / s3:1→1 / s4:1→1, 3→1 / s5:1→1, 3→1, 5→1, s1:7→1 / s2:1→1 / s3:1→1 / s4:1→1, 3→1 / s5:1→2, 3→1, s1:7→1 / s2:1→1 / s3:1→1 / s4:1→1, 3→1 / s5:1→2, 3→1, 5→1, s1:7→1 / s2:1→1 / s3:1→1 / s4:1→1, 3→1 / s5:1→2, 3→1, 5→1, s1:7→1 / s2:1→1 / s3:1→1 / s4:1→1, 3→1 / s5:1→2, 3→1, 7→1, s1:7→1 / s2:1→1 / s3:1→1 / s4:1→1, 3→1 / s5:1→2, 3→1, 7→1, s1:7→1 / s2:1→1 / s3:1→1 / s4:1→1, 3→1 / s5:1→2, 3→1, 7→1, s1:7→1 / s2:1→1 / s3:1→1 / s4:1→1, 3→1 / s5:1→3, 3→1, 5→1, s1:7→1 / s2:1→1 / s3:1→1 / s4:1→1, 3→1 / s5:1→3, 3→1, 5→1, s1:7→1 / s2:1→1 / s3:1→1 / s4:1→1, 3→1 / s5:1→3, 3→1, 7→1, s1:7→1 / s2:1→1 / s3:1→1 / s4:1→1, 3→1 / s5:1→3, 3→1, 7→1, s1:7→1 / s2:1→1 / s3:1→1 / s4:1→1, 3→1 / s5:1→3, 3→1, 7→1, s1:7→1 / s2:1→1 / s3:1→1 / s4:1→1, 3→1 / s5:1→3, 3→1, 7→1, s1:7→1 / s2:1→1 / s3:1→1 / s4:1→1, 3→1 / s5:1→3, 5→1, s1:7→1 / s2:1→1 / s3:1→1 / s4:1→1, 5→1 / s5:1→1, 5→1, s1:7→1 / s2:1→1 / s3:1→1 / s4:1→1, 5→1 / s5:1→1, 5→1, s1:7→1 / s2:1→1 / s3:1→1 / s4:1→1, 7→1 / s5:1→1, 7→1, s1:7→1 / s2:1→1 / s3:1→1 / s4:1→1 / s5:1→1, s1:7→1 / s2:1→1 / s3:1→1 / s4:1→1 / s5:1→1, 3→1, s1:7→1 / s2:1→1 / s3:1→1 / s4:1→1 / s5:1→1, 3→1, s1:7→1 / s2:1→1 / s3:1→1 / s4:1→1 / s5:1→1, 3→1, s1:7→1 / s2:1→1 / s3:1→1 / s4:1→1 / s5:1→1, 5→1, s1:7→1 / s2:1→1 / s3:1→1 / s4:1→1 / s5:1→2, 3→1, 5→1, s1:7→1 / s2:1→1 / s3:1→1 / s4:1→1 / s5:1→2, 3→1, 7→1, s1:7→1 / s2:1→1 / s3:1→1 / s4:1→1 / s5:1→2, 3→1, 7→1, s1:7→1 / s2:1→1 / s3:1→1 / s4:1→1 / s5:1→2, 3→2, 5→1, s1:7→1 / s2:1→1 / s3:1→1 / s4:1→1 / s5:1→2, 3→2, 7→1, s1:7→1 / s2:1→1 / s3:1→1 / s4:1→1 / s5:1→2, 3→2, 7→1, s1:7→1 / s2:1→1 / s3:1→1 / s4:1→1 / s5:1→2, 5→1, s1:7→1 / s2:1→1 / s3:1→1 / s4:1→1 / s5:1→2, 7→1, s1:7→1 / s2:1→1 / s3:1→1 / s4:1→1 / s5:1→2, 7→1, s1:7→1 / s2:1→1 / s3:1→1 / s4:1→1 / s5:1→3, 3→1, 5→1, s1:7→1 / s2:1→1 / s3:1→1 / s4:1→1 / s5:1→3, 3→1, 7→1, s1:7→1 / s2:1→1 / s3:1→1 / s4:1→1 / s5:1→3, 3→1, 7→1, s1:7→1 / s2:1→1 / s3:1→1 / s4:1→1 / s5:1→3, 5→1, 7→1, s1:7→1 / s2:1→1 / s3:1→1 / s4:1→1 / s5:1→3, 7→1, s1:7→1 / s2:1→1 / s3:1→1 / s4:1→1 / s5:1→3, 7→2, s1:7→1 / s2:1→1 / s3:1→1 / s4:1→1 / s5:1→3, 7→2, s1:7→1 / s2:1→1 / s3:1→1 / s4:1→2, 5→1 / s5:1→2, 3→1, 7→1, s1:7→1 / s2:1→1 / s3:3→1 / s4:1→1 / s5:1→1, 3→1, s1:7→1 / s2:1→1 / s3:3→1 / s4:1→1 / s5:1→1, 3→1, s1:7→1 / s2:1→1 / s3:3→1 / s4:1→1 / s5:1→1, 3→1, 5→1, s1:7→1 / s2:1→1 / s3:3→1 / s4:1→1 / s5:1→1, 3→1, 5→1, 7→1, s1:7→1 / s2:1→1 / s3:3→1 / s4:1→1 / s5:1→1, 3→1, 7→1, s1:7→1 / s2:1→1 / s3:3→1 / s4:1→1 / s5:1→2, 3→1, 5→1, s1:7→1 / s2:1→1 / s3:3→1 / s4:1→1 / s5:1→2, 3→1, 5→1, 7→1, s1:7→1 / s2:1→1 / s3:3→1 / s4:1→1 / s5:1→2, 3→1, 5→1, 7→1, s1:7→1 / s2:1→1 / s3:3→1 / s4:1→1 / s5:1→2, 3→1, 5→2, s1:7→1 / s2:1→1 / s3:3→1 / s4:1→1 / s5:1→2, 3→1, 7→1, s1:7→1 / s2:1→1 / s3:3→1 / s4:1→1 / s5:1→2, 3→1, 7→2, s1:7→1 / s2:1→1 / s3:3→1 / s4:3→1 / s5:1→1, s1:7→1 / s2:1→1 / s3:3→1 / s5:1→1, s1:7→1 / s2:1→1 / s3:7→1 / s4:1→1, 5→1, 7→1 / s5:1→1, 5→1, 7→1, s1:7→1 / s2:1→1 / s3:7→1 / s4:5→1, 7→1 / s5:1→1, 5→1, 7→3, s1:7→1 / s2:1→1 / s3:7→1 / s4:5→1 / s5:1→1, 5→1, 7→2, s1:7→1 / s2:1→1 / s3:7→1 / s4:5→1 / s5:3→1, 5→1, 7→1, s1:7→1 / s2:1→1 / s3:7→1 / s4:5→1 / s5:3→1, 5→1, 7→3, s1:7→1 / s2:1→1 / s3:7→1 / s4:7→1 / s5:1→1, 5→1, 7→3, s1:7→1 / s2:1→1 / s4:1→1, 3→1, 7→1 / s5:1→2, 7→1, s1:7→1 / s2:1→1 / s4:1→1, 3→1 / s5:1→3, 5→1, s1:7→1 / s2:1→1 / s4:1→1, 5→1, 7→1 / s5:1→2, 7→1, s1:7→1 / s2:1→1 / s4:1→1, 5→1 / s5:1→2, 5→1, s1:7→1 / s2:1→1 / s4:1→1, 5→1 / s5:1→2, 5→1, s1:7→1 / s2:1→1 / s4:1→1, 7→1 / s5:1→1, 7→1, s1:7→1 / s2:1→1 / s4:1→1, 7→1 / s5:1→1, 7→1, s1:7→1 / s2:1→1 / s4:1→1, 7→1 / s5:1→2, 5→1, s1:7→1 / s2:1→1 / s4:1→1, 7→1 / s5:1→2, 7→1, s1:7→1 / s2:1→1 / s4:1→1, 7→1 / s5:1→2, 7→2, s1:7→1 / s2:1→1 / s4:1→1 / s5:1→1, s1:7→1 / s2:1→1 / s4:1→1 / s5:1→1, 3→1, s1:7→1 / s2:1→1 / s4:1→1 / s5:1→1, 5→1, s1:7→1 / s2:1→1 / s4:1→1 / s5:1→1, 5→1, s1:7→1 / s2:1→1 / s4:1→1 / s5:1→1, 7→1, s1:7→1 / s2:1→1 / s4:1→1 / s5:1→1, 7→1, s1:7→1 / s2:1→1 / s4:1→1 / s5:1→2, 3→1, 5→1, s1:7→1 / s2:1→1 / s4:1→1 / s5:1→2, 3→1, 7→1, s1:7→1 / s2:1→1 / s4:1→1 / s5:1→2, 5→1, s1:7→1 / s2:1→1 / s4:1→1 / s5:1→2, 5→1, 7→1, s1:7→1 / s2:1→1 / s4:1→1 / s5:1→2, 5→2, s1:7→1 / s2:1→1 / s4:1→1 / s5:1→2, 7→1, s1:7→1 / s2:1→1 / s4:1→1 / s5:1→2, 7→1, s1:7→1 / s2:1→1 / s4:1→1 / s5:1→2, 7→2, s1:7→1 / s2:1→1 / s4:1→1 / s5:1→3, 3→1, 5→1, s1:7→1 / s2:1→1 / s4:1→1 / s5:1→3, 3→1, 7→1, s1:7→1 / s2:1→1 / s4:1→1 / s5:1→3, 3→1, 7→1, s1:7→1 / s2:1→1 / s4:1→1 / s5:1→3, 5→1, 7→1, s1:7→1 / s2:1→1 / s4:1→1 / s5:1→3, 5→2, s1:7→1 / s2:1→1 / s4:1→1 / s5:1→3, 7→1, s1:7→1 / s2:1→1 / s4:1→1 / s5:1→3, 7→2, s1:7→1 / s2:1→1 / s4:1→2, 5→1 / s5:1→2, 3→1, 5→1, s1:7→1 / s2:1→1 / s4:1→2, 5→1 / s5:1→2, 3→1, 7→1, s1:7→1 / s2:1→1 / s4:1→2, 5→1 / s5:1→2, 5→1, s1:7→1 / s2:1→1 / s4:1→2, 7→1 / s5:1→2, 3→1, 7→1, s1:7→1 / s2:1→1 / s4:1→2, 7→1 / s5:1→2, 3→1, 7→2, s1:7→1 / s2:1→1 / s4:1→2, 7→1 / s5:1→2, 5→1, s1:7→1 / s2:1→1 / s4:1→2, 7→1 / s5:1→2, 7→1, s1:7→1 / s2:1→1 / s4:3→1, 7→1 / s5:3→1, 5→1, s1:7→1 / s2:1→1 / s4:3→1 / s5:3→1, s1:7→1 / s2:1→1 / s4:5→1 / s5:1→1, 5→1, s1:7→1 / s2:1→1 / s4:5→1 / s5:3→1, 7→1, s1:7→1 / s2:1→1 / s4:7→1 / s5:1→2, 7→3, s1:7→1 / s2:1→1 / s5:1→1, s1:7→1 / s2:1→1 / s5:1→1, 5→1, s1:7→1 / s2:1→1 / s5:1→2, 5→1, s1:7→1 / s2:1→1 / s5:1→3, 7→1, s1:7→1 / s2:1→2, 5→1 / s4:1→1 / s5:1→1, s1:7→1 / s2:1→2, 5→1 / s5:1→1, s1:7→1 / s2:1→2, 7→1 / s4:1→1 / s5:1→1, s1:7→1 / s2:3→1 / s3:1→1 / s4:1→1 / s5:1→2, 5→1, 7→1, s1:7→1 / s2:3→1 / s3:1→1 / s4:1→1 / s5:1→3, 5→1, 7→1, s1:7→1 / s2:3→1 / s3:1→1 / s4:1→1 / s5:1→3, 5→1, 7→1, s1:7→1 / s2:3→1 / s4:1→1 / s5:1→3, 5→1, 7→1, s1:7→1 / s2:5→1 / s3:7→1 / s4:7→1 / s5:1→1, 7→1, s1:7→1 / s2:5→1 / s4:7→1 / s5:1→1, 7→1}"	"{s3:9→1 / s4:2→1 / s5:9→1, s3:8→1 / s4:8→1 / s5:6→1, s3:8→1 / s4:6→1 / s5:6→1, s3:2→1 / s4:2→1 / s5:8→1, s3:6→1 / s4:6→1 / s5:2→1, s3:9→1 / s4:9→1 / s5:2→1, s3:9→1 / s4:2→1 / s5:2→1, s3:2→1 / s4:2→1 / s5:8→1, s3:2→1 / s4:2→1 / s5:8→1, s3:6→1 / s4:2→1 / s5:2→1, s3:6→1 / s4:2→1 / s5:2→1, s3:8→1 / s4:8→1 / s5:9→1, s3:8→1 / s4:8→1 / s5:2→1, s3:8→1 / s4:8→1 / s5:9→1, s3:8→1 / s4:8→1 / s5:2→1, s3:6→1 / s4:8→1 / s5:6→1, s3:8→1 / s4:6→1 / s5:6→1, s3:8→1 / s4:8→1 / s5:6→1, s3:8→1 / s4:6→1 / s5:8→1, s3:8→1 / s4:8→1 / s5:6→1, s3:6→1 / s4:8→1 / s5:8→1, s3:8→1 / s4:6→1 / s5:8→1, s3:6→1 / s4:8→1 / s5:8→1, s3:8→1 / s4:6→1 / s5:6→1, s3:8→1 / s4:6→1 / s5:8→1, s3:6→1 / s4:8→1 / s5:8→1, s3:8→1 / s4:8→1 / s5:6→1, s3:6→1 / s4:8→1 / s5:6→1, s3:6→1 / s4:8→1 / s5:8→1, s3:8→1 / s4:6→1 / s5:6→1, s3:8→1 / s4:8→1 / s5:6→1, s3:6→1 / s4:8→1 / s5:8→1, s3:8→1 / s4:8→1 / s5:2→1, s3:8→1 / s4:8→1 / s5:9→1, s3:8→1 / s4:8→1 / s5:9→1, s3:8→1 / s4:6→1 / s5:6→1, s3:6→1 / s4:6→1 / s5:8→1, s3:8→1 / s4:6→1 / s5:6→1, s3:8→1 / s4:6→1 / s5:8→1, s3:8→1 / s4:6→1 / s5:8→1, s3:8→1 / s4:6→1 / s5:8→1, s3:8→1 / s4:6→1 / s5:6→1, s3:8→1 / s4:6→1 / s5:8→1, s3:8→1 / s4:6→1 / s5:8→1, s3:8→1 / s4:6→1 / s5:6→1, s3:8→1 / s4:6→1 / s5:8→1, s3:8→1 / s4:6→1 / s5:8→1, s3:8→1 / s4:6→1 / s5:6→1, s3:8→1 / s4:6→1 / s5:8→1, s3:8→1 / s4:6→1 / s5:8→1, s3:8→1 / s4:6→1 / s5:6→1, s3:8→1 / s4:6→1 / s5:8→1, s3:8→1 / s4:6→1 / s5:8→1, s3:8→1 / s4:6→1 / s5:6→1, s3:8→1 / s4:6→1 / s5:6→1, s3:8→1 / s4:6→1 / s5:8→1, s3:6→1 / s4:8→1 / s5:8→1, s3:8→1 / s4:6→1 / s5:8→1, s3:8→1 / s4:8→1 / s5:6→1, s3:8→1 / s4:8→1 / s5:9→1, s3:8→1 / s4:8→1 / s5:9→1, s3:8→1 / s4:8→1 / s5:9→1, s3:8→1 / s4:8→1 / s5:6→1, s3:8→1 / s4:8→1 / s5:6→1, s3:8→1 / s4:8→1 / s5:9→1, s3:8→1 / s4:8→1 / s5:9→1, s3:8→1 / s4:8→1 / s5:6→1, s3:8→1 / s4:8→1 / s5:6→1, s3:8→1 / s4:9→1 / s5:8→1, s3:8→1 / s4:2→1 / s5:8→1, s3:2→1 / s4:8→1 / s5:2→1, s3:2→1 / s4:2→1 / s5:9→1, s3:9→1 / s4:8→1 / s5:8→1, s3:9→1 / s4:8→1 / s5:8→1, s3:9→1 / s4:8→1 / s5:9→1, s3:2→1 / s4:2→1 / s5:9→1, s3:2→1 / s4:6→1 / s5:6→1, s3:2→1 / s4:8→1 / s5:8→1, s3:2→1 / s4:2→1 / s5:6→1, s3:2→1 / s4:2→1 / s5:8→1, s3:2→1 / s4:8→1 / s5:8→1, s3:2→1 / s4:6→1 / s5:6→1, s3:2→1 / s4:8→1 / s5:8→1, s3:2→1 / s4:2→1 / s5:8→1, s3:2→1 / s4:2→1 / s5:8→1, s3:2→1 / s4:8→1 / s5:8→1, s3:2→1 / s4:6→1 / s5:6→1, s3:2→1 / s4:6→1 / s5:6→1, s3:2→1 / s4:6→1 / s5:2→1, s3:2→1 / s4:8→1 / s5:2→1, s3:2→1 / s4:6→1 / s5:2→1, s3:2→1 / s4:8→1 / s5:2→1, s3:2→1 / s4:8→1 / s5:8→1, s3:2→1 / s4:8→1 / s5:8→1, s3:2→1 / s4:8→1 / s5:8→1, s3:2→1 / s4:8→1 / s5:2→1, s3:2→1 / s4:8→1 / s5:2→1, s3:2→1 / s4:6→1 / s5:2→1, s3:2→1 / s4:8→1 / s5:8→1, s3:2→1 / s4:8→1 / s5:2→1, s3:2→1 / s4:8→1 / s5:8→1, s3:2→1 / s4:6→1 / s5:6→1, s3:2→1 / s4:8→1 / s5:8→1, s3:2→1 / s4:8→1 / s5:8→1, s3:2→1 / s4:8→1 / s5:8→1, s3:2→1 / s4:6→1 / s5:6→1, s3:2→1 / s4:8→1 / s5:8→1, s3:2→1 / s4:8→1 / s5:8→1, s3:2→1 / s4:8→1 / s5:8→1, s3:2→1 / s4:8→1 / s5:8→1, s3:2→1 / s4:8→1 / s5:8→1, s3:2→1 / s4:8→1 / s5:8→1, s3:2→1 / s4:8→1 / s5:8→1, s3:2→1 / s4:8→1 / s5:8→1, s3:6→1 / s4:8→1 / s5:8→1, s3:6→1 / s4:8→1 / s5:8→1, s3:2→1 / s4:2→1 / s5:9→1, s3:6→1 / s4:9→1 / s5:9→1, s3:2→1 / s4:2→1 / s5:9→1, s3:2→1 / s4:2→1 / s5:6→1, s3:2→1 / s4:2→1 / s5:9→1, s3:2→1 / s4:2→1 / s5:8→1, s3:2→1 / s4:2→1 / s5:6→1, s3:2→1 / s4:8→1 / s5:8→1, s3:2→1 / s4:2→1 / s5:8→1, s3:2→1 / s4:8→1 / s5:8→1, s3:8→1 / s4:6→1 / s5:8→1, s3:8→1 / s4:6→1 / s5:8→1, s3:8→1 / s4:8→1 / s5:6→1, s3:6→1 / s4:8→1 / s5:8→1, s3:2→1 / s4:2→1 / s5:8→1, s3:2→1 / s4:2→1 / s5:8→1}"
7	40	"so(8)+2 su(3)"	"so(8)+2 su(3)+g2+su(2)+so(7)+2 su(2)"	14	139	3	2	0	0	0	0	0	0	"{s1:7→1 / s2:1→1, 3→1 / s3:1→1 / s4:1→1 / s5:1→1, s1:7→1 / s2:1→1, 3→1 / s3:1→1 / s4:1→1 / s5:1→2, s1:7→1 / s2:1→1, 3→1 / s3:1→1 / s4:1→1 / s5:1→3, s1:7→1 / s2:1→1, 3→1 / s3:1→1 / s4:1→1 / s5:1→4, 5→1, s1:7→1 / s2:1→1 / s3:1→1 / s4:1→1, 3→1, 5→1 / s5:1→1, 3→1, 5→1, 7→1, s1:7→1 / s2:1→1 / s3:1→1 / s4:1→1, 3→1 / s5:1→1, 3→1, s1:7→1 / s2:1→1 / s3:1→1 / s4:1→1, 3→1 / s5:1→1, 3→1, 7→1, s1:7→1 / s2:1→1 / s3:1→1 / s4:1→1, 3→1 / s5:1→2, 3→1, s1:7→1 / s2:1→1 / s3:1→1 / s4:1→1, 3→1 / s5:1→2, 3→1, s1:7→1 / s2:1→1 / s3:1→1 / s4:1→1, 3→1 / s5:1→2, 5→1, s1:7→1 / s2:1→1 / s3:1→1 / s4:1→1, 5→1 / s5:1→1, 3→1, 5→1, 7→1, s1:7→1 / s2:1→1 / s3:1→1 / s4:1→1 / s5:1→1, s1:7→1 / s2:1→1 / s3:1→1 / s4:1→1 / s5:1→2, 3→1, s1:7→1 / s2:1→1 / s3:1→1 / s4:1→1 / s5:1→2, 3→1, s1:7→1 / s2:1→1 / s3:1→1 / s4:1→1 / s5:1→2, 3→1, 5→1, 7→1, s1:7→1 / s2:1→1 / s3:1→1 / s4:1→1 / s5:1→2, 5→1, 7→1, s1:7→1 / s2:1→1 / s3:1→1 / s4:1→1 / s5:1→3, 3→2, s1:7→1 / s2:1→1 / s3:1→1 / s4:1→1 / s5:1→3, 5→1, s1:7→1 / s2:1→1 / s3:1→1 / s4:1→1 / s5:1→3, 5→1, s1:7→1 / s2:1→1 / s3:1→1 / s4:1→1 / s5:1→3, 7→1, s1:7→1 / s2:1→1 / s3:1→1 / s4:1→1 / s5:1→3, 7→1, s1:7→1 / s2:1→1 / s3:1→1 / s4:1→1 / s5:1→4, 5→1, s1:7→1 / s2:1→1 / s3:1→1 / s4:1→1 / s5:1→4, 7→1, s1:7→1 / s2:1→1 / s3:1→1 / s4:1→1 / s5:1→4, 7→1, s1:7→1 / s2:1→1 / s3:1→1 / s4:1→2, 3→1 / s5:1→2, 3→1, s1:7→1 / s2:1→1 / s3:1→1 / s4:1→2 / s5:1→2, 3→1, s1:7→1 / s2:1→1 / s3:7→1 / s4:5→1 / s5:1→1, 5→1, 7→1, s1:7→1 / s2:1→1 / s3:7→1 / s4:5→1 / s5:3→1, 5→1, 7→2, s1:7→1 / s2:1→1 / s3:7→1 / s4:5→1 / s5:3→1, 5→1, 7→2, s1:7→1 / s2:1→1 / s3:7→1 / s4:5→1 / s5:5→1, 7→1, s1:7→1 / s2:1→1 / s3:7→1 / s4:7→1 / s5:1→1, 7→3, s1:7→1 / s2:1→1 / s4:1→1, 3→1, 5→1 / s5:1→2, 5→1, s1:7→1 / s2:1→1 / s4:1→1 / s5:1→1, s1:7→1 / s2:1→1 / s4:1→1 / s5:1→1, 3→1, s1:7→1 / s2:1→1 / s4:1→1 / s5:1→1, 3→1, 5→1, s1:7→1 / s2:1→1 / s4:1→1 / s5:1→1, 3→1, 7→1, s1:7→1 / s2:1→1 / s4:1→1 / s5:1→2, s1:7→1 / s2:1→1 / s4:1→1 / s5:1→2, 3→1, s1:7→1 / s2:1→1 / s4:1→1 / s5:1→2, 3→1, 5→1, 7→1, s1:7→1 / s2:1→1 / s4:1→1 / s5:1→2, 5→1, s1:7→1 / s2:1→1 / s4:1→1 / s5:1→2, 5→1, s1:7→1 / s2:1→1 / s4:1→1 / s5:1→2, 7→1, s1:7→1 / s2:1→1 / s4:1→1 / s5:1→3, 5→1, s1:7→1 / s2:1→1 / s4:1→1 / s5:1→3, 7→1, s1:7→1 / s2:1→1 / s4:1→1 / s5:1→4, 7→1, s1:7→1 / s2:1→1 / s4:1→2 / s5:1→2, 3→1, s1:7→1 / s2:1→1 / s5:1→1, s1:7→1 / s2:1→1 / s5:1→2, s1:7→1 / s2:1→1 / s5:1→2, 5→1, s1:7→1 / s2:1→1 / s5:1→2, 5→1, s1:7→1 / s2:1→1 / s5:1→2, 5→2, s1:7→1 / s2:1→1 / s5:1→2, 7→1, s1:7→1 / s2:1→1 / s5:1→2, 7→1, s1:7→1 / s2:1→1 / s5:1→3, 5→1, s1:7→1 / s2:1→1 / s5:1→3, 5→1, s1:7→1 / s2:1→1 / s5:1→3, 5→1, 7→1, s1:7→1 / s2:1→1 / s5:1→3, 5→2, s1:7→1 / s2:1→1 / s5:1→3, 7→1, s1:7→1 / s2:1→1 / s5:1→4, 5→1, s1:7→1 / s2:1→1 / s5:1→4, 7→1, s1:7→1 / s2:5→1 / s3:3→1, 7→1 / s5:1→1, 7→1, s1:7→1 / s2:5→1 / s3:3→1, 7→2 / s5:1→1, 7→1, s1:7→1 / s2:5→1 / s4:1→1, 7→1 / s5:1→1, 3→1, 7→1, s1:7→1 / s2:5→1 / s4:1→1, 7→1 / s5:1→1, 3→1, 7→2}"	"{s3:8→1 / s4:8→1 / s5:6→1, s3:8→1 / s4:6→1 / s5:6→1, s3:8→1 / s4:8→1 / s5:6→1, s3:8→1 / s4:8→1 / s5:6→1, s3:8→1 / s4:8→1 / s5:9→1, s3:6→1 / s4:8→1 / s5:8→1, s3:8→1 / s4:8→1 / s5:9→1, s3:6→1 / s4:8→1 / s5:6→1, s3:8→1 / s4:6→1 / s5:6→1, s3:8→1 / s4:6→1 / s5:8→1, s3:8→1 / s4:8→1 / s5:9→1, s3:8→1 / s4:8→1 / s5:6→1, s3:8→1 / s4:6→1 / s5:6→1, s3:8→1 / s4:8→1 / s5:6→1, s3:8→1 / s4:6→1 / s5:8→1, s3:8→1 / s4:6→1 / s5:8→1, s3:8→1 / s4:8→1 / s5:6→1, s3:8→1 / s4:6→1 / s5:8→1, s3:8→1 / s4:8→1 / s5:6→1, s3:8→1 / s4:6→1 / s5:8→1, s3:8→1 / s4:8→1 / s5:6→1, s3:8→1 / s4:8→1 / s5:6→1, s3:8→1 / s4:6→1 / s5:6→1, s3:8→1 / s4:8→1 / s5:6→1, s3:8→1 / s4:6→1 / s5:6→1, s3:8→1 / s4:6→1 / s5:6→1, s3:9→1 / s4:8→1 / s5:8→1, s3:9→1 / s4:8→1 / s5:8→1, s3:9→1 / s4:8→1 / s5:9→1, s3:9→1 / s4:8→1 / s5:9→1, s3:2→1 / s4:2→1 / s5:9→1, s3:2→1 / s4:8→1 / s5:8→1, s3:2→1 / s4:8→1 / s5:8→1, s3:2→1 / s4:8→1 / s5:8→1, s3:2→1 / s4:8→1 / s5:8→1, s3:2→1 / s4:8→1 / s5:8→1, s3:2→1 / s4:6→1 / s5:6→1, s3:2→1 / s4:6→1 / s5:6→1, s3:2→1 / s4:8→1 / s5:8→1, s3:2→1 / s4:6→1 / s5:2→1, s3:2→1 / s4:8→1 / s5:2→1, s3:2→1 / s4:8→1 / s5:2→1, s3:2→1 / s4:8→1 / s5:8→1, s3:2→1 / s4:8→1 / s5:8→1, s3:2→1 / s4:6→1 / s5:6→1, s3:2→1 / s4:6→1 / s5:6→1, s3:2→1 / s4:2→1 / s5:8→1, s3:2→1 / s4:2→1 / s5:6→1, s3:2→1 / s4:2→1 / s5:6→1, s3:2→1 / s4:2→1 / s5:9→1, s3:2→1 / s4:2→1 / s5:9→1, s3:2→1 / s4:2→1 / s5:8→1, s3:2→1 / s4:2→1 / s5:9→1, s3:2→1 / s4:2→1 / s5:6→1, s3:2→1 / s4:2→1 / s5:8→1, s3:2→1 / s4:2→1 / s5:8→1, s3:2→1 / s4:2→1 / s5:8→1, s3:2→1 / s4:2→1 / s5:8→1, s3:2→1 / s4:2→1 / s5:6→1, s3:2→1 / s4:2→1 / s5:6→1, s3:8→1 / s4:2→1 / s5:8→1, s3:8→1 / s4:2→1 / s5:8→1, s3:2→1 / s4:8→1 / s5:8→1, s3:2→1 / s4:8→1 / s5:8→1}"
7	40	"so(8)+2 su(3)"	"so(8)+2 su(3)+g2+su(2)+so(7)+2 su(2)"	15	139	3	2	0	0	0	0	0	0	"{s1:7→1 / s2:1→1, 3→1 / s3:1→1 / s4:1→1 / s5:1→3, 5→1, s1:7→1 / s2:1→1, 3→1 / s3:1→1 / s4:1→1 / s5:1→4, 5→1, s1:7→1 / s2:1→1 / s3:1→1, 3→1 / s4:1→2 / s5:1→2, 3→1, s1:7→1 / s2:1→1 / s3:1→1 / s4:1→1, 3→1 / s5:1→3, 3→1, 5→1, s1:7→1 / s2:1→1 / s3:1→1 / s4:1→1 / s5:1→1, 7→1, s1:7→1 / s2:1→1 / s3:1→1 / s4:1→1 / s5:1→1, 7→1, s1:7→1 / s2:1→1 / s3:1→1 / s4:1→1 / s5:1→2, s1:7→1 / s2:1→1 / s3:1→1 / s4:1→1 / s5:1→2, s1:7→1 / s2:1→1 / s3:1→1 / s4:1→1 / s5:1→2, 3→2, s1:7→1 / s2:1→1 / s3:1→1 / s4:1→1 / s5:1→3, 3→1, s1:7→1 / s2:1→1 / s3:1→1 / s4:1→1 / s5:1→3, 3→1, 7→1, s1:7→1 / s2:1→1 / s3:1→1 / s4:1→2 / s5:1→2, s1:7→1 / s2:1→1 / s3:1→1 / s4:1→2 / s5:1→2, 3→1, s1:7→1 / s2:1→1 / s3:7→1 / s4:1→1, 7→1 / s5:1→1, 5→1, 7→1, s1:7→1 / s2:1→1 / s3:7→1 / s4:5→1 / s5:3→2, 5→1, 7→2, s1:7→1 / s2:1→1 / s3:7→1 / s4:5→1 / s5:5→1, 7→2, s1:7→1 / s2:1→1 / s4:1→1 / s5:1→2, 3→1, s1:7→1 / s2:1→1 / s4:1→1 / s5:1→2, 3→1, 5→2, s1:7→1 / s2:1→1 / s4:1→1 / s5:1→4, 5→1, s1:7→1 / s2:1→1 / s4:1→1 / s5:1→4, 7→1, s1:7→1 / s2:1→1 / s4:1→2 / s5:1→2, s1:7→1 / s2:1→1 / s5:1→1, 7→1, s1:7→1 / s2:1→1 / s5:1→2, 5→1, 7→1, s1:7→1 / s2:1→1 / s5:1→4, 5→1, s1:7→1 / s2:1→1 / s5:1→4, 7→1}"	"{s3:8→1 / s4:6→1 / s5:8→1, s3:8→1 / s4:6→1 / s5:8→1, s3:8→1 / s4:6→1 / s5:6→1, s3:8→1 / s4:6→1 / s5:8→1, s3:8→1 / s4:8→1 / s5:2→1, s3:8→1 / s4:8→1 / s5:9→1, s3:8→1 / s4:6→1 / s5:6→1, s3:8→1 / s4:8→1 / s5:6→1, s3:8→1 / s4:6→1 / s5:6→1, s3:8→1 / s4:8→1 / s5:6→1, s3:8→1 / s4:8→1 / s5:6→1, s3:8→1 / s4:6→1 / s5:6→1, s3:8→1 / s4:6→1 / s5:8→1, s3:2→1 / s4:8→1 / s5:2→1, s3:9→1 / s4:8→1 / s5:8→1, s3:9→1 / s4:8→1 / s5:9→1, s3:2→1 / s4:8→1 / s5:8→1, s3:2→1 / s4:8→1 / s5:8→1, s3:2→1 / s4:8→1 / s5:8→1, s3:2→1 / s4:8→1 / s5:8→1, s3:2→1 / s4:6→1 / s5:6→1, s3:2→1 / s4:2→1 / s5:9→1, s3:2→1 / s4:2→1 / s5:9→1, s3:2→1 / s4:2→1 / s5:8→1, s3:2→1 / s4:2→1 / s5:8→1}"
7	40	"so(8)+2 su(3)"	"so(8)+2 su(3)+g2+su(2)+so(7)+2 su(2)"	16	139	3	2	0	0	0	0	0	0	"{s1:7→1 / s2:1→1, 3→1 / s3:1→1 / s4:1→2 / s5:1→2, s1:7→1 / s2:1→1 / s3:1→1, 3→1 / s4:1→2, 5→1 / s5:1→2, 3→1, 7→1, s1:7→1 / s2:1→1 / s3:1→1, 3→1 / s4:1→2 / s5:1→2, 3→1, s1:7→1 / s2:1→1 / s3:1→1 / s4:1→2, 3→1 / s5:1→2, 3→1, s1:7→1 / s2:5→1 / s3:7→1 / s4:7→1 / s5:1→1}"	"{s3:8→1 / s4:8→1 / s5:6→1, s3:8→1 / s4:8→1 / s5:6→1, s3:8→1 / s4:6→1 / s5:8→1, s3:8→1 / s4:8→1 / s5:6→1, s3:2→1 / s4:2→1 / s5:8→1}"
7	40	"so(8)+2 su(3)"	"so(8)+2 su(3)+g2+su(2)+so(7)+2 su(2)"	17	139	3	2	0	0	0	0	0	0	"{s1:7→1 / s2:1→1, 3→1 / s3:1→1 / s4:1→1 / s5:1→3, 5→1, s1:7→1 / s2:1→1 / s3:1→1, 3→1 / s4:1→2 / s5:1→2, 5→1, s1:7→1 / s2:1→1 / s3:1→1 / s4:1→1, 3→1 / s5:1→2, s1:7→1 / s2:1→1 / s3:1→1 / s4:1→1, 3→1 / s5:1→2, 5→1, s1:7→1 / s2:1→1 / s3:1→1 / s4:1→1, 3→1 / s5:1→3, 3→1, s1:7→1 / s2:1→1 / s3:1→1 / s4:1→1 / s5:1→3, 3→1, 5→1, s1:7→1 / s2:1→1 / s3:5→1 / s4:7→1 / s5:1→1, 5→1, 7→2, s1:7→1 / s2:5→1 / s3:3→1, 7→1 / s4:7→1 / s5:1→1, s1:7→1 / s2:7→1 / s3:5→1 / s4:5→1}"	"{s3:8→1 / s4:8→1 / s5:6→1, s3:8→1 / s4:6→1 / s5:8→1, s3:6→1 / s4:8→1 / s5:6→1, s3:6→1 / s4:8→1 / s5:8→1, s3:8→1 / s4:8→1 / s5:6→1, s3:8→1 / s4:8→1 / s5:6→1, s3:8→1 / s4:2→1 / s5:8→1, s3:8→1 / s4:2→1 / s5:8→1, s3:8→1 / s4:8→1 / s5:2→1}"
7	40	"so(8)+2 su(3)"	"so(8)+2 su(3)+g2+su(2)+so(7)+2 su(2)"	18	139	3	2	0	0	0	0	0	0	"{s1:7→1 / s2:1→1, 7→1 / s3:5→1 / s5:5→1, 7→1, s1:7→1 / s2:1→1 / s3:1→1 / s4:1→1, 5→1 / s5:1→1, 3→1, 5→1, s1:7→1 / s2:1→1 / s3:1→1 / s4:1→2, 3→1, 7→1 / s5:1→2, 3→1, 5→1, s1:7→1 / s2:1→1 / s3:1→1 / s4:1→2, 3→1 / s5:1→2, 3→1, 5→1, s1:7→1 / s2:1→1 / s3:5→1 / s4:3→1, 7→1 / s5:3→1, 5→1, 7→2, s1:7→1 / s2:1→1 / s3:5→1 / s4:7→1 / s5:5→1, 7→1, s1:7→1 / s2:3→1 / s3:1→1 / s4:1→1 / s5:1→2, 7→1, s1:7→1 / s2:7→1 / s3:5→1 / s5:5→1, 7→1, s1:7→1 / s2:7→1 / s5:5→1, 7→1, s1:7→1 / s2:7→1 / s5:7→1}"	"{s3:8→1 / s4:2→1 / s5:2→1, s3:8→1 / s4:9→1 / s5:8→1, s3:8→1 / s4:6→1 / s5:8→1, s3:8→1 / s4:6→1 / s5:8→1, s3:8→1 / s4:8→1 / s5:9→1, s3:8→1 / s4:2→1 / s5:2→1, s3:8→1 / s4:6→1 / s5:6→1, s3:8→1 / s4:2→1 / s5:2→1, s3:6→1 / s4:2→1 / s5:2→1, s3:6→1 / s4:2→1 / s5:2→1}"
7	40	"so(8)+2 su(3)"	"so(8)+2 su(3)+g2+su(2)+so(7)+2 su(2)"	19	139	3	2	0	0	0	0	0	0	"{s1:7→1 / s2:1→1, 7→1 / s3:5→1 / s4:3→1, 5→1, s1:7→1 / s2:1→1, 7→1 / s3:5→1 / s5:5→1, s1:7→1 / s2:1→1 / s3:1→1 / s4:1→1, 3→1 / s5:1→1, 5→1, s1:7→1 / s2:1→1 / s3:1→1 / s4:1→1, 3→1 / s5:1→2, 3→1, 7→1, s1:7→1 / s2:1→1 / s3:1→1 / s4:1→1, 7→1 / s5:1→1, 3→1, 7→1, s1:7→1 / s2:1→1 / s3:1→1 / s4:1→1, 7→1 / s5:1→1, 3→1, 7→2, s1:7→1 / s2:1→1 / s3:1→1 / s4:1→1, 7→1 / s5:1→1, 3→1, 7→2, s1:7→1 / s2:1→1 / s3:1→1 / s4:1→1 / s5:1→4, 3→1, s1:7→1 / s2:1→1 / s3:5→1 / s4:3→1, 5→1, 7→1 / s5:7→1, s1:7→1 / s2:1→1 / s3:5→1 / s4:3→1, 5→1 / s5:7→1, s1:7→1 / s2:1→1 / s3:5→1 / s4:7→1 / s5:1→1, 5→1, 7→1, s1:7→1 / s2:1→1 / s3:5→1 / s4:7→1 / s5:5→1, s1:7→1 / s2:1→1 / s3:5→1 / s4:7→1 / s5:5→1, 7→2, s1:7→1 / s2:1→1 / s3:7→1 / s4:5→1 / s5:3→1, 7→1, s1:7→1 / s2:1→1 / s3:7→1 / s4:5→1 / s5:5→1, 7→1, s1:7→1 / s2:1→1 / s4:1→1 / s5:1→3, 3→1, s1:7→1 / s2:1→1 / s5:1→3, 5→1, 7→1, s1:7→1 / s2:7→1, s1:7→1 / s2:7→1 / s3:3→1, 5→1 / s4:5→1 / s5:1→1, s1:7→1 / s2:7→1 / s3:5→1 / s4:1→1 / s5:1→1, 5→1, 7→1}"	"{s3:8→1 / s4:8→1 / s5:2→1, s3:8→1 / s4:2→1 / s5:2→1, s3:8→1 / s4:8→1 / s5:2→1, s3:6→1 / s4:8→1 / s5:6→1, s3:8→1 / s4:9→1 / s5:8→1, s3:8→1 / s4:8→1 / s5:2→1, s3:8→1 / s4:8→1 / s5:9→1, s3:8→1 / s4:8→1 / s5:6→1, s3:8→1 / s4:8→1 / s5:2→1, s3:8→1 / s4:8→1 / s5:2→1, s3:8→1 / s4:2→1 / s5:8→1, s3:8→1 / s4:2→1 / s5:2→1, s3:8→1 / s4:2→1 / s5:2→1, s3:9→1 / s4:8→1 / s5:8→1, s3:9→1 / s4:8→1 / s5:8→1, s3:2→1 / s4:8→1 / s5:8→1, s3:2→1 / s4:2→1 / s5:6→1, s3:6→1 / s4:6→1 / s5:2→1, s3:8→1 / s4:2→1 / s5:8→1, s3:2→1 / s4:9→1 / s5:2→1}"
7	40	"so(8)+2 su(3)"	"so(8)+2 su(3)+g2+su(2)+so(7)+2 su(2)"	20	139	3	2	0	0	0	0	0	0	"{s1:7→1 / s2:1→1 / s3:1→1 / s4:1→1, 3→1 / s5:1→1, 3→1, 5→1, s1:7→1 / s2:1→1 / s3:1→1 / s4:1→1, 3→1 / s5:1→1, 7→1, s1:7→1 / s2:1→1 / s3:1→1 / s4:1→1, 3→1 / s5:1→2, s1:7→1 / s2:1→1 / s3:1→1 / s4:1→1 / s5:1→3, s1:7→1 / s2:1→1 / s4:1→1, 3→1, 7→1 / s5:1→2, 7→1, s1:7→1 / s2:1→1 / s5:1→3}"	"{s3:8→1 / s4:8→1 / s5:9→1, s3:8→1 / s4:8→1 / s5:2→1, s3:8→1 / s4:8→1 / s5:6→1, s3:8→1 / s4:8→1 / s5:6→1, s3:2→1 / s4:8→1 / s5:8→1, s3:2→1 / s4:2→1 / s5:6→1}"
7	40	"so(8)+2 su(3)"	"so(8)+2 su(3)+g2+su(2)+so(7)+2 su(2)"	21	139	3	2	0	0	0	0	0	0	"s1:7→1 / s2:1→1 / s3:1→1 / s4:1→1 / s5:1→4, 5→1"	"s3:8→1 / s4:6→1 / s5:8→1"
7	40	"so(8)+2 su(3)"	"so(8)+2 su(3)+g2+su(2)+so(7)+2 su(2)"	22	139	3	2	0	0	0	0	0	0	"{s1:7→1 / s2:1→1 / s3:1→1 / s4:1→2, 7→1 / s5:1→2, 5→1, s1:7→1 / s2:1→1 / s3:7→1 / s4:5→1 / s5:1→1, 3→1, 5→1, 7→2}"	"{s3:8→1 / s4:6→1 / s5:8→1, s3:9→1 / s4:8→1 / s5:8→1}"
7	40	"so(8)+2 su(3)"	"so(8)+2 su(3)+g2+su(2)+so(7)+2 su(2)"	23	139	3	2	0	0	0	0	0	0	"s1:7→1 / s2:1→1 / s3:5→1 / s4:3→1, 5→1, 7→2 / s5:7→1"	"s3:8→1 / s4:8→1 / s5:2→1"
7	40	"so(8)+2 su(3)"	"so(8)+2 su(3)+g2+su(2)+so(7)+2 su(2)"	24	139	3	2	0	0	0	0	0	0	"{s1:7→1 / s2:1→1 / s3:1→1 / s4:1→1, 3→1 / s5:1→1, 3→1, 5→1, s1:7→1 / s2:1→1 / s3:1→1 / s4:1→1, 5→1 / s5:1→1, 5→1, 7→1}"	"{s3:6→1 / s4:8→1 / s5:8→1, s3:8→1 / s4:8→1 / s5:2→1}"
7	40	"so(8)+2 su(3)"	"so(8)+2 su(3)+g2+su(2)+so(7)+2 su(2)"	25	139	3	2	0	0	0	0	0	0	"{s1:7→1 / s2:1→1 / s3:1→1 / s4:1→1, 5→1 / s5:1→1, 3→1, 5→1, 7→1, s1:7→1 / s2:1→1 / s3:1→1 / s4:1→1, 5→1 / s5:1→2, 7→1, s1:7→1 / s2:1→1 / s3:1→1 / s4:1→1 / s5:1→1, 3→1, 7→1, s1:7→1 / s2:1→1 / s4:1→1 / s5:1→1, 5→1}"	"{s3:8→1 / s4:8→1 / s5:2→1, s3:8→1 / s4:8→1 / s5:6→1, s3:8→1 / s4:6→1 / s5:8→1, s3:2→1 / s4:8→1 / s5:8→1}"
7	40	"so(8)+2 su(3)"	"so(8)+2 su(3)+g2+su(2)+so(7)+2 su(2)"	26	139	3	2	0	0	0	0	0	0	"{s1:7→1 / s2:1→1, 7→1 / s3:5→1 / s5:1→1, 5→1, s1:7→1 / s2:1→1 / s4:1→1 / s5:1→2, 3→1, 7→2, s1:7→1 / s2:7→1 / s3:5→1 / s5:7→1}"	"{s3:8→1 / s4:2→1 / s5:8→1, s3:2→1 / s4:8→1 / s5:8→1, s3:8→1 / s4:2→1 / s5:2→1}"
7	40	"so(8)+2 su(3)"	"so(8)+2 su(3)+g2+su(2)+so(7)+2 su(2)"	27	139	3	2	0	0	0	0	0	0	"{s1:7→1 / s2:1→1 / s3:1→1 / s4:1→1, 3→1 / s5:1→1, 3→1, s1:7→1 / s2:1→1 / s3:1→1 / s4:1→1 / s5:1→3, 3→1, s1:7→1 / s2:1→1 / s4:1→1 / s5:1→2, s1:7→1 / s2:7→1 / s3:5→1 / s4:1→1 / s5:1→1, 5→1}"	"{s3:8→1 / s4:8→1 / s5:9→1, s3:8→1 / s4:6→1 / s5:6→1, s3:2→1 / s4:8→1 / s5:8→1, s3:2→1 / s4:9→1 / s5:9→1}"
7	40	"so(8)+2 su(3)"	"so(8)+2 su(3)+g2+su(2)+so(7)+2 su(2)"	31	139	3	2	0	0	0	0	0	0	"{s1:7→1 / s2:1→1 / s5:1→2, s1:7→1 / s2:5→1 / s3:7→1 / s4:1→1 / s5:1→1, 3→1, 7→2}"	"{s3:2→1 / s4:2→1 / s5:8→1, s3:2→1 / s4:8→1 / s5:8→1}"
7	40	"so(8)+2 su(3)"	"so(8)+2 su(3)+g2+su(2)+so(7)+2 su(2)"	32	139	3	2	0	0	0	0	0	0	"{s1:7→1 / s2:1→1 / s3:3→1 / s4:1→1 / s5:1→1, 3→1, 7→1, s1:7→1 / s2:1→1 / s3:5→1 / s4:3→1, 7→1 / s5:3→1, 5→1, 7→1}"	"{s3:8→1 / s4:8→1 / s5:6→1, s3:8→1 / s4:8→1 / s5:9→1}"
7	40	"so(8)+2 su(3)"	"so(8)+2 su(3)+g2+su(2)+so(7)+2 su(2)"	34	139	3	2	0	0	0	0	0	0	"{s1:7→1 / s2:1→1 / s3:1→1 / s4:1→1 / s5:1→4, 7→1, s1:7→1 / s2:1→1 / s3:1→1 / s4:1→2 / s5:1→2}"	"{s3:8→1 / s4:6→1 / s5:8→1, s3:8→1 / s4:8→1 / s5:6→1}"
7	40	"so(8)+2 su(3)"	"so(8)+2 su(3)+g2+su(2)+so(7)+2 su(2)"	35	139	3	2	0	0	0	0	0	0	"s1:7→1 / s2:1→1 / s3:1→1 / s4:1→2 / s5:1→2, 5→1"	"s3:8→1 / s4:6→1 / s5:8→1"
7	40	"so(8)+2 su(3)"	"so(8)+2 su(3)+g2+su(2)+so(7)+2 su(2)"	37	139	3	2	0	0	0	0	0	0	"{s1:7→1 / s2:1→1 / s3:3→1 / s4:1→1 / s5:1→1, 3→1, 7→2, s1:7→1 / s2:1→1 / s4:1→1, 5→1 / s5:1→1, 5→1}"	"{s3:8→1 / s4:8→1 / s5:9→1, s3:2→1 / s4:8→1 / s5:2→1}"
7	40	"so(8)+2 su(3)"	"so(8)+2 su(3)+g2+su(2)+so(7)+2 su(2)"	39	139	3	2	0	0	0	0	0	0	"s1:7→1 / s2:3→1 / s3:1→1 / s4:1→1 / s5:1→2, 7→1"	"s3:8→1 / s4:8→1 / s5:6→1"
7	40	"so(8)+2 su(3)"	"so(8)+2 su(3)+g2+su(2)+so(7)+2 su(2)"	40	139	3	2	0	0	0	0	0	0	"s1:7→1 / s2:1→1 / s4:1→1 / s5:1→3, 3→1"	"s3:2→1 / s4:6→1 / s5:6→1"
7	40	"so(8)+2 su(3)"	"so(8)+2 su(3)+g2+su(2)+so(7)+2 su(2)"	41	139	3	2	0	0	0	0	0	0	"s1:7→1 / s2:7→1 / s4:1→1, 5→1 / s5:1→1, 5→1, 7→1"	"s3:2→1 / s4:9→1 / s5:2→1"
7	40	"so(8)+2 su(3)"	"so(8)+2 su(3)+g2+su(2)+so(7)+2 su(2)"	51	139	3	2	0	0	0	0	0	0	"{s1:7→1 / s2:1→1 / s3:5→1 / s4:7→1 / s5:5→1, 7→3, s1:7→1 / s2:1→1 / s4:1→2, 7→1 / s5:1→2, 5→1, 7→1}"	"{s3:8→1 / s4:2→1 / s5:2→1, s3:2→1 / s4:8→1 / s5:8→1}"
7	40	"so(8)+2 su(3)"	"so(8)+2 su(3)+g2+su(2)+so(7)+2 su(2)"	52	139	3	2	0	0	0	0	0	0	"{s1:7→1 / s2:1→1 / s3:1→1 / s4:1→1, 3→1 / s5:1→3, 3→1, s1:7→1 / s2:1→1 / s4:1→2 / s5:1→2, 3→1}"	"{s3:6→1 / s4:8→1 / s5:6→1, s3:2→1 / s4:8→1 / s5:8→1}"
7	40	"so(8)+2 su(3)"	"so(8)+2 su(3)+g2+su(2)+so(7)+2 su(2)"	61	139	3	2	0	0	0	0	0	0	"s1:7→1 / s2:1→1 / s3:3→1 / s4:3→1, 5→1 / s5:1→1, 5→1"	"s3:8→1 / s4:9→1 / s5:8→1"
7	40	"so(8)+2 su(3)"	"so(8)+2 su(3)+g2+su(2)+so(7)+2 su(2)"	77	139	3	2	0	0	0	0	0	0	"{s1:7→1 / s2:1→1 / s3:1→1 / s4:1→1 / s5:1→1, 5→1, s1:7→1 / s2:1→1 / s4:1→1 / s5:1→4, 3→1}"	"{s3:8→1 / s4:8→1 / s5:9→1, s3:2→1 / s4:8→1 / s5:8→1}"
7	40	"so(8)+2 su(3)"	"so(8)+2 su(3)+g2+su(2)+so(7)+2 su(2)"	79	139	3	2	0	0	0	0	0	0	"s1:7→1 / s2:1→1 / s3:1→1 / s4:1→1 / s5:1→2, 7→1"	"s3:8→1 / s4:8→1 / s5:6→1"
7	40	"so(8)+2 su(3)"	"so(8)+3 su(3)+2(g2+su(2))"	12	133	2	3	0	0	0	0	0	0	"{s1:5→1 / s2:1→1, 7→1 / s3:1→1, 7→1 / s4:3→1, s1:5→1 / s2:1→1, 7→1 / s3:1→1, 7→1 / s4:3→1, 7→1, s1:5→1 / s2:1→1, 7→1 / s3:1→1, 7→1 / s4:7→1, s1:7→1 / s2:1→1, 7→1 / s3:1→1, 5→1 / s4:3→1, s1:7→1 / s2:1→1, 7→1 / s3:1→1, 5→1 / s4:3→1, s1:7→1 / s2:1→1, 7→1 / s3:1→1, 5→1 / s4:3→1, 7→1, s1:7→1 / s2:1→1, 7→1 / s3:1→1, 5→1 / s4:3→1 / s5:1→1, s1:7→1 / s2:1→1, 7→1 / s3:1→1, 5→1 / s4:7→1 / s5:1→1, s1:7→1 / s2:1→1, 7→1 / s3:1→1, 5→1 / s5:1→1, s1:7→1 / s2:1→1 / s3:1→1, 5→1, 7→1 / s5:1→1, 7→1, s1:7→1 / s2:1→1 / s3:1→1, 5→1 / s4:3→1 / s5:1→1, 3→1, 7→1, s1:7→1 / s2:1→1 / s3:1→1, 5→1 / s4:3→1 / s5:1→1, 7→1, s1:7→1 / s2:1→1 / s3:1→1, 7→1, s1:7→1 / s2:1→1 / s3:1→1, 7→1 / s4:1→1 / s5:1→1, 5→1, s1:7→1 / s2:1→1 / s3:1→1, 7→1 / s4:3→1, 5→1 / s5:3→1, 5→1, 7→1, s1:7→1 / s2:1→1 / s3:1→1, 7→1 / s4:3→1, 7→1 / s5:1→1, 5→1, s1:7→1 / s2:1→1 / s3:1→1, 7→1 / s4:3→1 / s5:1→1, 3→1, s1:7→1 / s2:1→1 / s3:1→1, 7→1 / s4:3→1 / s5:1→1, 3→1, 5→1, s1:7→1 / s2:1→1 / s3:1→1, 7→1 / s4:3→1 / s5:1→1, 3→1, 5→1, s1:7→1 / s2:1→1 / s3:1→1, 7→1 / s4:3→1 / s5:1→1, 3→1, 5→1, s1:7→1 / s2:1→1 / s3:1→1, 7→1 / s4:3→1 / s5:1→1, 3→1, 5→1, s1:7→1 / s2:1→1 / s3:1→1, 7→1 / s4:3→1 / s5:1→1, 3→1, 5→1, 7→1, s1:7→1 / s2:1→1 / s3:1→1, 7→1 / s4:3→1 / s5:1→1, 3→1, 5→2, s1:7→1 / s2:1→1 / s3:1→1, 7→1 / s4:3→1 / s5:1→1, 3→1, 5→2, 7→1, s1:7→1 / s2:1→1 / s3:1→1, 7→1 / s4:3→1 / s5:1→1, 3→1, 7→1, s1:7→1 / s2:1→1 / s3:1→1, 7→1 / s4:3→1 / s5:1→1, 5→1, s1:7→1 / s2:1→1 / s3:1→1, 7→1 / s4:3→1 / s5:1→2, 3→1, 5→1, s1:7→1 / s2:1→1 / s3:1→1, 7→1 / s4:3→1 / s5:3→1, 5→1, s1:7→1 / s2:1→1 / s3:1→1, 7→1 / s4:3→1 / s5:3→1, 5→1, 7→1, s1:7→1 / s2:1→1 / s3:1→1, 7→1 / s4:3→1 / s5:3→1, 7→1, s1:7→1 / s2:1→1 / s3:1→1, 7→1 / s4:3→1 / s5:5→1, s1:7→1 / s2:1→1 / s3:1→1, 7→1 / s4:3→1 / s5:5→1, s1:7→1 / s2:1→1 / s3:1→1, 7→1 / s4:5→1 / s5:1→1, 3→1, 5→1, s1:7→1 / s2:1→1 / s3:1→1, 7→1 / s4:5→1 / s5:1→1, 5→1, s1:7→1 / s2:1→1 / s3:1→1, 7→1 / s4:5→1 / s5:1→1, 5→1, s1:7→1 / s2:1→1 / s3:1→1, 7→1 / s4:5→1 / s5:3→1, s1:7→1 / s2:1→1 / s3:1→1, 7→1 / s4:5→1 / s5:3→1, s1:7→1 / s2:1→1 / s3:1→1, 7→1 / s4:5→1 / s5:3→1, 5→1, 7→1, s1:7→1 / s2:1→1 / s3:1→1, 7→1 / s4:5→1 / s5:3→1, 5→1, 7→1, s1:7→1 / s2:1→1 / s3:1→1, 7→1 / s4:5→1 / s5:5→1, s1:7→1 / s2:1→1 / s3:1→1, 7→1 / s4:5→1 / s5:7→1, s1:7→1 / s2:1→1 / s3:1→1, 7→1 / s4:7→1 / s5:1→1, s1:7→1 / s2:1→1 / s3:1→1, 7→1 / s5:1→1, 3→1, 5→1, s1:7→1 / s2:1→1 / s3:1→1, 7→1 / s5:1→1, 3→1, 5→1, s1:7→1 / s2:1→1 / s3:1→1, 7→1 / s5:1→1, 3→1, 5→1, 7→1, s1:7→1 / s2:1→1 / s3:1→1, 7→1 / s5:1→1, 3→1, 7→1, s1:7→1 / s2:1→1 / s3:1→1, 7→1 / s5:1→1, 3→1, 7→1, s1:7→1 / s2:1→1 / s3:1→1, 7→1 / s5:1→1, 5→1, s1:7→1 / s2:1→1 / s3:1→1, 7→1 / s5:1→1, 5→1, s1:7→1 / s2:1→1 / s3:1→1, 7→1 / s5:1→1, 5→1, s1:7→1 / s2:1→1 / s3:1→1, 7→1 / s5:1→1, 5→1, s1:7→1 / s2:1→1 / s3:1→1, 7→1 / s5:1→1, 7→1, s1:7→1 / s2:1→1 / s3:1→1, 7→1 / s5:3→1, s1:7→1 / s2:1→1 / s3:1→1, 7→1 / s5:3→1, 5→1, s1:7→1 / s2:1→1 / s3:1→1, 7→1 / s5:5→1, s1:7→1 / s2:1→1 / s3:1→1, 7→1 / s5:5→1, s1:7→1 / s2:1→1 / s3:1→2, 7→2, s1:7→1 / s2:3→1 / s3:1→1, 7→1 / s4:1→1, 5→1 / s5:1→1, 5→1, s1:7→1 / s2:3→1 / s3:1→1, 7→1 / s4:1→1, 5→1 / s5:1→2, 5→1, s1:7→1 / s2:3→1 / s3:1→1, 7→1 / s4:1→1, 5→1 / s5:1→2, 5→1, s1:7→1 / s2:3→1 / s3:1→1, 7→1 / s4:1→1 / s5:1→1, s1:7→1 / s2:3→1 / s3:1→1, 7→1 / s4:1→1 / s5:1→1, s1:7→1 / s2:3→1 / s3:1→1, 7→1 / s4:1→1 / s5:1→1, s1:7→1 / s2:3→1 / s3:1→1, 7→1 / s4:1→1 / s5:1→1, 5→1, s1:7→1 / s2:3→1 / s3:1→1, 7→1 / s4:1→1 / s5:1→1, 5→1, s1:7→1 / s2:3→1 / s3:1→1, 7→1 / s4:1→1 / s5:1→1, 5→1, s1:7→1 / s2:3→1 / s3:1→1, 7→1 / s4:1→1 / s5:1→1, 5→1, s1:7→1 / s2:3→1 / s3:1→1, 7→1 / s4:1→1 / s5:1→1, 5→1, s1:7→1 / s2:3→1 / s3:1→1, 7→1 / s4:1→1 / s5:1→2, s1:7→1 / s2:3→1 / s3:1→1, 7→1 / s4:1→1 / s5:1→2, 5→1, s1:7→1 / s2:3→1 / s3:1→1, 7→1 / s4:1→1 / s5:1→2, 5→1, s1:7→1 / s2:3→1 / s3:1→1, 7→1 / s4:1→1 / s5:1→2, 5→1, s1:7→1 / s2:3→1 / s3:1→1, 7→1 / s4:1→1 / s5:1→2, 5→1, s1:7→1 / s2:3→1 / s3:1→1, 7→1 / s4:1→1 / s5:1→2, 5→1, s1:7→1 / s2:3→1 / s3:1→1, 7→1 / s4:1→1 / s5:1→2, 5→1, s1:7→1 / s2:3→1 / s3:1→1, 7→1 / s4:1→1 / s5:1→2, 5→2, s1:7→1 / s2:3→1 / s3:1→1, 7→1 / s4:1→1 / s5:1→3, 5→1, s1:7→1 / s2:3→1 / s3:1→1, 7→1 / s4:1→1 / s5:1→3, 5→1, s1:7→1 / s2:3→1 / s3:1→1, 7→1 / s4:1→1 / s5:1→3, 5→1, s1:7→1 / s2:3→1 / s3:1→1, 7→1 / s4:1→1 / s5:1→3, 5→1, s1:7→1 / s2:3→1 / s3:1→1, 7→1 / s4:1→1 / s5:1→3, 5→2, s1:7→1 / s2:3→1 / s3:1→1, 7→1 / s4:1→1 / s5:1→3, 5→2, s1:7→1 / s2:3→1 / s3:1→1, 7→1 / s4:1→2, 5→1 / s5:1→2, 5→1, s1:7→1 / s2:3→1 / s3:1→1, 7→1 / s4:1→2 / s5:1→2, 5→1, s1:7→1 / s2:3→1 / s3:1→1, 7→1 / s4:1→2 / s5:1→2, 5→1, s1:7→1 / s2:3→1 / s3:1→1, 7→1 / s4:5→1 / s5:1→1, s1:7→1 / s2:3→1 / s3:1→1, 7→1 / s4:5→1 / s5:1→1, 5→1, s1:7→1 / s2:3→1 / s3:1→1, 7→1 / s5:1→1, s1:7→1 / s2:3→1 / s3:1→1, 7→1 / s5:1→1, 5→1, s1:7→1 / s2:3→1 / s3:1→1, 7→1 / s5:1→1, 5→1, s1:7→1 / s2:3→1 / s3:1→2, 7→1 / s4:1→1 / s5:1→1, s1:7→1 / s2:3→1 / s3:1→2, 7→1 / s4:1→1 / s5:1→1, 5→1, s1:7→1 / s2:3→1 / s3:1→2, 7→1 / s5:1→1, 5→1, s1:7→1 / s2:3→1 / s3:1→2, 7→1 / s5:1→2, 5→1}"	"{s4:9→1 / s5:2→1, s4:9→1 / s5:2→1, s4:9→1 / s5:2→1, s4:8→1 / s5:2→1, s4:9→1 / s5:2→1, s4:9→1 / s5:2→1, s4:9→1 / s5:8→1, s4:2→1 / s5:8→1, s4:2→1 / s5:8→1, s4:2→1 / s5:8→1, s4:8→1 / s5:9→1, s4:8→1 / s5:2→1, s4:6→1 / s5:2→1, s4:6→1 / s5:8→1, s4:10→1 / s5:9→1, s4:9→1 / s5:8→1, s4:8→1 / s5:6→1, s4:6→1 / s5:10→1, s4:6→1 / s5:8→1, s4:8→1 / s5:10→1, s4:8→1 / s5:6→1, s4:8→1 / s5:9→1, s4:8→1 / s5:10→1, s4:8→1 / s5:9→1, s4:8→1 / s5:9→1, s4:8→1 / s5:2→1, s4:8→1 / s5:6→1, s4:8→1 / s5:10→1, s4:8→1 / s5:9→1, s4:8→1 / s5:9→1, s4:6→1 / s5:2→1, s4:8→1 / s5:2→1, s4:2→1 / s5:8→1, s4:10→1 / s5:8→1, s4:2→1 / s5:8→1, s4:10→1 / s5:6→1, s4:9→1 / s5:8→1, s4:10→1 / s5:2→1, s4:10→1 / s5:9→1, s4:10→1 / s5:2→1, s4:10→1 / s5:2→1, s4:2→1 / s5:6→1, s4:2→1 / s5:6→1, s4:2→1 / s5:8→1, s4:2→1 / s5:8→1, s4:2→1 / s5:6→1, s4:2→1 / s5:8→1, s4:2→1 / s5:6→1, s4:2→1 / s5:8→1, s4:6→1 / s5:10→1, s4:6→1 / s5:8→1, s4:2→1 / s5:6→1, s4:6→1 / s5:8→1, s4:6→1 / s5:10→1, s4:6→1 / s5:2→1, s4:6→1 / s5:9→1, s4:6→1 / s5:2→1, s4:8→1 / s5:10→1, s4:10→1 / s5:8→1, s4:8→1 / s5:10→1, s4:10→1 / s5:6→1, s4:8→1 / s5:10→1, s4:8→1 / s5:6→1, s4:10→1 / s5:8→1, s4:6→1 / s5:10→1, s4:6→1 / s5:8→1, s4:8→1 / s5:10→1, s4:8→1 / s5:6→1, s4:8→1 / s5:6→1, s4:10→1 / s5:6→1, s4:10→1 / s5:8→1, s4:6→1 / s5:10→1, s4:6→1 / s5:8→1, s4:8→1 / s5:10→1, s4:8→1 / s5:6→1, s4:8→1 / s5:10→1, s4:10→1 / s5:6→1, s4:10→1 / s5:8→1, s4:6→1 / s5:8→1, s4:8→1 / s5:6→1, s4:10→1 / s5:8→1, s4:8→1 / s5:10→1, s4:8→1 / s5:10→1, s4:6→1 / s5:10→1, s4:6→1 / s5:8→1, s4:10→1 / s5:6→1, s4:10→1 / s5:8→1, s4:6→1 / s5:8→1, s4:6→1 / s5:10→1, s4:6→1 / s5:8→1, s4:8→1 / s5:6→1, s4:6→1 / s5:8→1, s4:6→1 / s5:10→1, s4:6→1 / s5:8→1}"
7	40	"so(8)+2 su(3)"	"so(8)+3 su(3)+2(g2+su(2))"	13	133	2	3	0	0	0	0	0	0	"{s1:7→1 / s2:1→1 / s3:1→1, 5→1, 7→1 / s4:7→1 / s5:7→1, s1:7→1 / s2:1→1 / s3:1→1, 5→1 / s4:3→1, s1:7→1 / s2:1→1 / s3:1→1, 5→1 / s5:1→1, s1:7→1 / s2:1→1 / s3:1→1, 5→1 / s5:1→1, 3→1, 7→1, s1:7→1 / s2:1→1 / s3:1→1, 7→1 / s4:1→1 / s5:1→1, s1:7→1 / s2:1→1 / s3:1→1, 7→1 / s4:1→1 / s5:1→1, 3→1, s1:7→1 / s2:1→1 / s3:1→1, 7→1 / s4:1→1 / s5:1→1, 3→1, 5→1, s1:7→1 / s2:1→1 / s3:1→1, 7→1 / s4:5→1 / s5:5→1, 7→1, s1:7→1 / s2:1→1 / s3:1→1, 7→1 / s4:7→1 / s5:1→1, 5→1, s1:7→1 / s2:1→1 / s3:1→1, 7→1 / s4:7→1 / s5:5→1, s1:7→1 / s2:1→1 / s3:1→1, 7→1 / s5:1→1, s1:7→1 / s2:1→1 / s3:1→1, 7→1 / s5:1→1, s1:7→1 / s2:1→1 / s3:1→1, 7→1 / s5:1→1, 3→1, 5→2, s1:7→1 / s2:1→1 / s3:1→1, 7→1 / s5:1→1, 7→1, s1:7→1 / s2:1→1 / s3:1→1, 7→1 / s5:5→1, s1:7→1 / s2:5→1 / s3:1→1, 7→1 / s4:3→1, 7→1, s1:7→1 / s2:5→1 / s3:1→1, 7→1 / s4:3→1, 7→1, s1:7→1 / s2:5→1 / s3:1→1 / s4:3→1, 7→1 / s5:1→1, 3→1, 7→2, s1:7→1 / s2:5→1 / s3:1→1 / s4:3→1, 7→1 / s5:3→1, 7→2, s1:7→1 / s2:5→1 / s3:1→1 / s4:3→1, 7→1 / s5:7→1, s1:7→1 / s2:5→1 / s3:1→1 / s4:3→1, 7→1 / s5:7→1, s1:7→1 / s2:5→1 / s3:1→1 / s4:3→1, 7→2 / s5:7→1, s1:7→1 / s2:5→1 / s3:1→1 / s4:3→1, 7→3 / s5:7→1, s1:7→1 / s2:5→1 / s3:1→1 / s4:7→1 / s5:1→1, 3→1, 7→2, s1:7→1 / s2:5→1 / s3:1→1 / s4:7→1 / s5:1→1, 3→1, 7→3, s1:7→1 / s2:5→1 / s3:1→1 / s4:7→1 / s5:1→1, 3→1, 7→3, s1:7→1 / s2:5→1 / s3:1→1 / s4:7→1 / s5:3→1, 7→1, s1:7→1 / s2:5→1 / s3:1→1 / s4:7→1 / s5:3→1, 7→2, s1:7→1 / s2:5→1 / s3:1→1 / s4:7→1 / s5:3→1, 7→3, s1:7→1 / s2:5→1 / s3:1→1 / s4:7→1 / s5:3→2, 7→2, s1:7→1 / s2:5→1 / s3:1→1 / s4:7→1 / s5:3→2, 7→3, s1:7→1 / s2:5→1 / s3:1→1 / s4:7→1 / s5:7→1}"	"{s4:9→1 / s5:2→1, s4:8→1 / s5:2→1, s4:2→1 / s5:8→1, s4:2→1 / s5:8→1, s4:8→1 / s5:6→1, s4:8→1 / s5:6→1, s4:6→1 / s5:8→1, s4:10→1 / s5:2→1, s4:2→1 / s5:8→1, s4:9→1 / s5:10→1, s4:2→1 / s5:6→1, s4:2→1 / s5:8→1, s4:2→1 / s5:8→1, s4:2→1 / s5:8→1, s4:6→1 / s5:10→1, s4:10→1 / s5:2→1, s4:8→1 / s5:2→1, s4:10→1 / s5:8→1, s4:8→1 / s5:10→1, s4:10→1 / s5:2→1, s4:8→1 / s5:2→1, s4:10→1 / s5:2→1, s4:10→1 / s5:2→1, s4:2→1 / s5:8→1, s4:10→1 / s5:8→1, s4:2→1 / s5:8→1, s4:10→1 / s5:8→1, s4:10→1 / s5:2→1, s4:10→1 / s5:2→1, s4:10→1 / s5:8→1, s4:10→1 / s5:8→1, s4:10→1 / s5:2→1}"
7	40	"so(8)+2 su(3)"	"so(8)+3 su(3)+2(g2+su(2))"	14	133	2	3	0	0	0	0	0	0	"{s1:7→1 / s2:1→1 / s3:1→1, 5→1 / s4:3→1, 7→1 / s5:1→1, 3→1, 7→1, s1:7→1 / s2:5→1 / s3:1→1, 7→1 / s5:1→1, 3→1, 7→1, s1:7→1 / s2:5→1 / s3:1→1 / s4:3→1, 7→1 / s5:3→1, 7→1, s1:7→1 / s2:5→1 / s3:1→1 / s4:3→1, 7→1 / s5:3→1, 7→3, s1:7→1 / s2:5→1 / s3:1→1 / s4:3→1, 7→2 / s5:1→1, 3→1, 7→2, s1:7→1 / s2:5→1 / s3:1→1 / s4:3→1, 7→2 / s5:3→1, 7→2, s1:7→1 / s2:5→1 / s3:1→1 / s4:3→1, 7→2 / s5:7→1, s1:7→1 / s2:5→1 / s3:1→1 / s4:3→1 / s5:3→1, 7→1, s1:7→1 / s2:5→1 / s3:1→1 / s4:7→1 / s5:1→1, 3→1, 7→2, s1:7→1 / s2:5→1 / s3:1→1 / s4:7→1 / s5:1→1, 3→1, 7→3, s1:7→1 / s2:5→1 / s3:1→1 / s4:7→1 / s5:1→1, 3→1, 7→3, s1:7→1 / s2:5→1 / s3:1→1 / s4:7→1 / s5:3→1, 7→2}"	"{s4:9→1 / s5:8→1, s4:2→1 / s5:8→1, s4:8→1 / s5:10→1, s4:8→1 / s5:10→1, s4:10→1 / s5:8→1, s4:8→1 / s5:10→1, s4:8→1 / s5:2→1, s4:8→1 / s5:10→1, s4:10→1 / s5:8→1, s4:10→1 / s5:2→1, s4:2→1 / s5:10→1, s4:10→1 / s5:8→1}"
7	40	"so(8)+2 su(3)"	"so(8)+3 su(3)+2(g2+su(2))"	16	133	2	3	0	0	0	0	0	0	"s1:7→1 / s2:7→1 / s3:5→1 / s4:3→1, 7→1"	"s4:8→1 / s5:2→1"
7	40	"so(8)+2 su(3)"	"so(8)+3 su(3)+2(g2+su(2))"	17	133	2	3	0	0	0	0	0	0	"{s1:7→1 / s2:7→1 / s3:1→1 / s4:5→1, 7→1 / s5:7→1, s1:7→1 / s2:7→1 / s3:1→1 / s4:5→1 / s5:5→1, s1:7→1 / s2:7→1 / s3:1→1 / s4:5→1 / s5:5→1, 7→1}"	"{s4:10→1 / s5:2→1, s4:8→1 / s5:9→1, s4:8→1 / s5:10→1}"
7	40	"so(8)+2 su(3)"	"so(8)+3 su(3)+2(g2+su(2))"	18	133	2	3	0	0	0	0	0	0	"{s1:7→1 / s2:5→1 / s3:1→1 / s4:7→1 / s5:1→1, 7→1, s1:7→1 / s2:7→1 / s3:1→1 / s4:5→1, 7→1 / s5:5→1, 7→1, s1:7→1 / s2:7→1 / s3:1→1 / s4:5→1 / s5:5→1, 7→1, s1:7→1 / s2:7→1 / s3:1→1 / s5:5→1, s1:7→1 / s2:7→1 / s3:1→1 / s5:5→1, 7→1, s1:7→1 / s2:7→1 / s3:1→1 / s5:5→1, 7→1, s1:7→1 / s2:7→1 / s3:1→1 / s5:7→1}"	"{s4:2→1 / s5:8→1, s4:10→1 / s5:2→1, s4:8→1 / s5:2→1, s4:6→1 / s5:9→1, s4:6→1 / s5:10→1, s4:6→1 / s5:2→1, s4:6→1 / s5:2→1}"
7	40	"so(8)+2 su(3)"	"so(8)+3 su(3)+2(g2+su(2))"	19	133	2	3	0	0	0	0	0	0	"{s1:7→1 / s2:5→1 / s3:1→1 / s4:3→1, 7→1 / s5:1→1, 3→1, 7→3, s1:7→1 / s2:7→1 / s3:1→1 / s4:7→1}"	"{s4:8→1 / s5:10→1, s4:10→1 / s5:6→1}"
7	40	"so(8)+2 su(3)"	"so(8)+3 su(3)+2(g2+su(2))"	20	133	2	3	0	0	0	0	0	0	"s1:7→1 / s2:7→1 / s3:1→1 / s4:7→1 / s5:7→1"	"s4:10→1 / s5:2→1"
7	40	"so(8)+2 su(3)"	"so(8)+3 su(3)+2(g2+su(2))"	21	133	2	3	0	0	0	0	0	0	"s1:7→1 / s2:7→1 / s3:1→1 / s4:7→1 / s5:5→1"	"s4:10→1 / s5:9→1"
7	40	"so(8)+2 su(3)"	"so(8)+3 su(3)+2(g2+su(2))"	22	133	2	3	0	0	0	0	0	0	"s1:7→1 / s2:5→1 / s3:1→1 / s4:1→1, 7→1 / s5:1→1, 3→1, 7→3"	"s4:8→1 / s5:2→1"
7	40	"so(8)+2 su(3)"	"so(8)+3 su(3)+2(g2+su(2))"	23	133	2	3	0	0	0	0	0	0	"s1:7→1 / s2:1→1 / s3:1→1, 3→1 / s4:1→1 / s5:1→1"	"s4:8→1 / s5:6→1"
7	40	"so(8)+2 su(3)"	"so(8)+3 su(3)+2(g2+su(2))"	26	133	2	3	0	0	0	0	0	0	"s1:7→1 / s2:7→1 / s3:1→1 / s4:5→1 / s5:7→1"	"s4:8→1 / s5:2→1"
7	40	"so(8)+2 su(3)"	"so(8)+3 su(3)+2(g2+su(2))"	32	133	2	3	0	0	0	0	0	0	"s1:7→1 / s2:1→1 / s3:1→1, 7→1 / s5:1→1, 3→1"	"s4:2→1 / s5:6→1"
7	40	"so(8)+2 su(3)"	"so(8)+3 su(3)+2(g2+su(2))"	34	133	2	3	0	0	0	0	0	0	"s1:7→1 / s2:5→1 / s3:1→1 / s4:7→1 / s5:3→1, 7→4"	"s4:10→1 / s5:2→1"
7	40	"so(8)+2 su(3)"	"so(8)+3 su(3)+2(g2+su(2))"	42	133	2	3	0	0	0	0	0	0	"s1:7→1 / s2:7→1 / s3:5→1 / s5:1→1, 7→1"	"s4:2→1 / s5:9→1"
7	40	"so(8)+2 su(3)"	"so(8)+3 su(3)+2(g2+su(2))"	44	133	2	3	0	0	0	0	0	0	"s1:7→1 / s2:5→1 / s3:1→1 / s4:7→1 / s5:1→1, 7→1"	"s4:10→1 / s5:8→1"
7	40	"so(8)+2 su(3)"	"so(8)+3 su(3)+2(g2+su(2))"	50	133	2	3	0	0	0	0	0	0	"s1:7→1 / s2:5→1 / s3:1→1 / s5:1→1, 3→1, 7→3"	"s4:2→1 / s5:10→1"
7	40	"so(8)+2 su(3)"	"so(8)+3 su(3)+2(g2+su(2))"	53	133	2	3	0	0	0	0	0	0	"s1:7→1 / s2:5→1 / s3:1→1 / s4:1→1, 7→1 / s5:1→1, 3→1, 7→3"	"s4:8→1 / s5:10→1"
7	40	"so(8)+2 su(3)"	"so(8)+3 su(3)+2(g2+su(2))"	58	133	2	3	0	0	0	0	0	0	"{s1:7→1 / s2:5→1 / s3:1→1 / s4:1→1, 3→1, 7→3 / s5:1→1, 7→2, s1:7→1 / s2:5→1 / s3:1→1 / s4:7→1 / s5:1→1, 7→2}"	"{s4:10→1 / s5:2→1, s4:10→1 / s5:2→1}"
7	40	"so(8)+2 su(3)"	"so(8)+3 su(3)+2(g2+su(2))"	64	133	2	3	0	0	0	0	0	0	"s1:7→1 / s2:1→1 / s3:1→1, 5→1 / s4:3→1 / s5:1→1, 3→1, 7→2"	"s4:8→1 / s5:9→1"
7	40	"so(8)+2 su(3)"	"so(8)+3 su(3)+2(g2+su(2))"	82	133	2	3	0	0	0	0	0	0	"s1:7→1 / s2:1→1 / s3:1→1, 5→1 / s5:1→1, 3→1"	"s4:2→1 / s5:8→1"
7	40	"so(8)+2 su(3)"	"so(8)+3 su(3)+2(g2+su(2))"	86	133	2	3	0	0	0	0	0	0	"s1:7→1 / s2:5→1 / s3:1→1 / s4:1→1, 3→1, 7→2 / s5:1→1, 7→2"	"s4:8→1 / s5:2→1"
7	40	"so(8)+2 su(3)"	"so(8)+4 su(3)+so(7)+2 su(2)"	12	132	2	3	0	0	0	0	0	0	"{s1:5→1 / s2:1→1, 7→1 / s3:1→1, 7→1, s1:7→1 / s2:1→1, 7→1 / s3:1→1, 5→1, s1:7→1 / s2:1→1, 7→1 / s3:1→1, 5→1 / s4:1→1 / s5:1→1, s1:7→1 / s2:1→1, 7→1 / s3:1→1, 5→1 / s4:3→1 / s5:1→1, s1:7→1 / s2:1→1 / s3:1→1, 5→1 / s4:3→1 / s5:1→2, 3→1, 7→1, s1:7→1 / s2:1→1 / s3:1→1, 7→1 / s4:1→1, 3→1, 5→1 / s5:1→1, 3→1, 5→1, s1:7→1 / s2:1→1 / s3:1→1, 7→1 / s4:1→1, 5→1 / s5:1→1, 3→1, 5→1, s1:7→1 / s2:1→1 / s3:1→1, 7→1 / s4:1→1, 5→1 / s5:1→1, 5→1, s1:7→1 / s2:1→1 / s3:1→1, 7→1 / s4:3→1 / s5:1→1, 3→1, 5→1, s1:7→1 / s2:1→1 / s3:1→1, 7→1 / s4:3→1 / s5:1→1, 3→1, 5→2, s1:7→1 / s2:1→1 / s3:1→1, 7→1 / s4:3→1 / s5:1→1, 5→1, s1:7→1 / s2:1→1 / s3:1→1, 7→1 / s4:3→1 / s5:1→2, 3→1, 5→1, s1:7→1 / s2:1→1 / s3:1→1, 7→1 / s4:3→1 / s5:1→2, 3→1, 5→2, s1:7→1 / s2:1→1 / s3:1→1, 7→1 / s4:5→1 / s5:3→1, 5→1, s1:7→1 / s2:1→1 / s3:1→1, 7→1 / s4:5→1 / s5:5→1, 7→1, s1:7→1 / s2:1→1 / s3:1→1, 7→1 / s4:7→1 / s5:5→1, 7→1, s1:7→1 / s2:1→1 / s3:1→1, 7→1 / s5:5→1, s1:7→1 / s2:1→1 / s3:1→1, 7→1 / s5:7→1, s1:7→1 / s2:3→1 / s3:1→1, 7→1 / s4:1→1, 5→1 / s5:1→1, 5→1, s1:7→1 / s2:3→1 / s3:1→1, 7→1 / s4:1→1, 5→1 / s5:1→1, 5→1, s1:7→1 / s2:3→1 / s3:1→1, 7→1 / s4:1→1, 5→1 / s5:1→2, 5→1, s1:7→1 / s2:3→1 / s3:1→1, 7→1 / s4:1→1, 5→1 / s5:1→2, 5→1, s1:7→1 / s2:3→1 / s3:1→1, 7→1 / s4:1→1 / s5:1→1, s1:7→1 / s2:3→1 / s3:1→1, 7→1 / s4:1→1 / s5:1→1, s1:7→1 / s2:3→1 / s3:1→1, 7→1 / s4:1→1 / s5:1→1, 5→1, s1:7→1 / s2:3→1 / s3:1→1, 7→1 / s4:1→1 / s5:1→1, 5→1, s1:7→1 / s2:3→1 / s3:1→1, 7→1 / s4:1→1 / s5:1→2, s1:7→1 / s2:3→1 / s3:1→1, 7→1 / s4:1→1 / s5:1→2, 5→1, s1:7→1 / s2:3→1 / s3:1→1, 7→1 / s4:1→1 / s5:1→2, 5→1, s1:7→1 / s2:3→1 / s3:1→1, 7→1 / s4:1→1 / s5:1→2, 5→2, s1:7→1 / s2:3→1 / s3:1→1, 7→1 / s4:1→1 / s5:1→2, 5→2, s1:7→1 / s2:3→1 / s3:1→1, 7→1 / s4:1→1 / s5:1→3, 5→1, s1:7→1 / s2:3→1 / s3:1→1, 7→1 / s4:1→1 / s5:1→3, 5→2, s1:7→1 / s2:3→1 / s3:1→1, 7→1 / s4:1→2, 5→1 / s5:1→2, 5→1, s1:7→1 / s2:3→1 / s3:1→1, 7→1 / s4:1→2, 5→1 / s5:1→3, 5→1, s1:7→1 / s2:3→1 / s3:1→1, 7→1 / s4:5→1 / s5:1→1, 5→1, s1:7→1 / s2:3→1 / s3:1→1, 7→1 / s5:1→1, s1:7→1 / s2:3→1 / s3:1→2, 5→1, 7→1 / s4:1→1 / s5:1→1, s1:7→1 / s2:3→1 / s3:1→2, 7→1 / s4:1→1, 5→1 / s5:1→2, 5→1, s1:7→1 / s2:3→1 / s3:1→2, 7→1 / s4:1→1 / s5:1→2, 5→1, s1:7→1 / s2:3→1 / s3:1→2, 7→1 / s4:1→1 / s5:1→3, 5→1, s1:7→1 / s2:3→1 / s3:1→2, 7→1 / s5:1→1}"	"{s4:2→1 / s5:2→1, s4:2→1 / s5:2→1, s4:8→1 / s5:8→1, s4:8→1 / s5:8→1, s4:8→1 / s5:8→1, s4:8→1 / s5:8→1, s4:8→1 / s5:8→1, s4:8→1 / s5:8→1, s4:8→1 / s5:8→1, s4:8→1 / s5:8→1, s4:8→1 / s5:8→1, s4:8→1 / s5:8→1, s4:8→1 / s5:8→1, s4:10→1 / s5:10→1, s4:2→1 / s5:2→1, s4:2→1 / s5:2→1, s4:2→1 / s5:2→1, s4:2→1 / s5:2→1, s4:10→1 / s5:10→1, s4:8→1 / s5:8→1, s4:10→1 / s5:10→1, s4:8→1 / s5:8→1, s4:6→1 / s5:6→1, s4:8→1 / s5:8→1, s4:10→1 / s5:10→1, s4:8→1 / s5:8→1, s4:6→1 / s5:6→1, s4:10→1 / s5:10→1, s4:8→1 / s5:8→1, s4:10→1 / s5:10→1, s4:8→1 / s5:8→1, s4:8→1 / s5:8→1, s4:8→1 / s5:8→1, s4:8→1 / s5:8→1, s4:8→1 / s5:8→1, s4:10→1 / s5:10→1, s4:6→1 / s5:6→1, s4:8→1 / s5:8→1, s4:8→1 / s5:8→1, s4:8→1 / s5:8→1, s4:8→1 / s5:8→1, s4:6→1 / s5:6→1}"
7	40	"so(8)+2 su(3)"	"so(8)+4 su(3)+so(7)+2 su(2)"	13	132	2	3	0	0	0	0	0	0	"{s1:7→1 / s2:1→1, 7→1 / s3:1→1, 7→1, s1:7→1 / s2:1→1 / s3:1→1, 5→1, s1:7→1 / s2:1→1 / s3:1→1, 5→1, 7→1 / s4:7→1 / s5:3→1, 7→1, s1:7→1 / s2:1→1 / s3:1→1, 5→1 / s4:3→1 / s5:1→1, s1:7→1 / s2:1→1 / s3:1→1, 5→1 / s4:3→1 / s5:1→1, 3→1, s1:7→1 / s2:1→1 / s3:1→1, 5→1 / s4:3→1 / s5:1→1, 3→1, 7→1, s1:7→1 / s2:1→1 / s3:1→1, 5→1 / s4:3→1 / s5:1→2, 3→1, 7→2, s1:7→1 / s2:1→1 / s3:1→1, 7→1 / s4:1→1 / s5:1→1, 5→1, s1:7→1 / s2:1→1 / s3:1→1, 7→1 / s4:7→1 / s5:7→1, s1:7→1 / s2:3→1 / s3:1→1, 5→1 / s4:1→1 / s5:1→1, s1:7→1 / s2:3→1 / s3:1→2, 5→1 / s4:1→1 / s5:1→1, s1:7→1 / s2:3→1 / s3:1→3, 5→1 / s4:1→1 / s5:1→1, s1:7→1 / s2:5→1 / s3:1→1, 7→1 / s4:7→1 / s5:7→1, s1:7→1 / s2:5→1 / s3:1→1, 7→1 / s5:7→1, s1:7→1 / s2:5→1 / s3:1→1 / s4:3→1, 7→1 / s5:1→1, 3→1, 7→3, s1:7→1 / s2:5→1 / s3:1→1 / s4:3→1, 7→1 / s5:3→1, 7→1, s1:7→1 / s2:5→1 / s3:1→1 / s4:3→1, 7→1 / s5:3→1, 7→1, s1:7→1 / s2:5→1 / s3:1→1 / s4:3→1, 7→1 / s5:3→1, 7→2, s1:7→1 / s2:5→1 / s3:1→1 / s4:3→1, 7→2 / s5:3→1, 7→2, s1:7→1 / s2:5→1 / s3:1→1 / s4:3→1, 7→2 / s5:3→1, 7→3, s1:7→1 / s2:5→1 / s3:1→1 / s4:3→1, 7→3 / s5:3→1, 7→3, s1:7→1 / s2:5→1 / s3:1→1 / s4:3→1 / s5:1→1, 3→1, 7→2, s1:7→1 / s2:5→1 / s3:1→1 / s4:7→1 / s5:3→1, 7→2, s1:7→1 / s2:5→1 / s3:1→1 / s4:7→1 / s5:3→2, 7→3, s1:7→1 / s2:5→1 / s3:1→1 / s4:7→1 / s5:7→1}"	"{s4:2→1 / s5:2→1, s4:2→1 / s5:2→1, s4:9→1 / s5:9→1, s4:8→1 / s5:8→1, s4:8→1 / s5:8→1, s4:8→1 / s5:8→1, s4:8→1 / s5:8→1, s4:8→1 / s5:8→1, s4:2→1 / s5:2→1, s4:8→1 / s5:8→1, s4:8→1 / s5:8→1, s4:8→1 / s5:8→1, s4:2→1 / s5:2→1, s4:2→1 / s5:2→1, s4:10→1 / s5:10→1, s4:10→1 / s5:10→1, s4:8→1 / s5:8→1, s4:10→1 / s5:10→1, s4:10→1 / s5:10→1, s4:10→1 / s5:10→1, s4:10→1 / s5:10→1, s4:8→1 / s5:8→1, s4:10→1 / s5:10→1, s4:10→1 / s5:10→1, s4:2→1 / s5:2→1}"
7	40	"so(8)+2 su(3)"	"so(8)+4 su(3)+so(7)+2 su(2)"	14	132	2	3	0	0	0	0	0	0	"{s1:7→1 / s2:1→1 / s3:1→1, 5→1 / s4:1→1 / s5:1→1, 3→1, 7→1, s1:7→1 / s2:5→1 / s3:1→1 / s4:1→1, 3→1, 7→3 / s5:1→1, 3→1, 7→3, s1:7→1 / s2:5→1 / s3:1→1 / s4:3→1, 7→1 / s5:1→1, 3→1, 7→2, s1:7→1 / s2:5→1 / s3:1→1 / s4:3→1, 7→1 / s5:3→1, 7→2, s1:7→1 / s2:5→1 / s3:1→1 / s4:3→1, 7→2 / s5:1→1, 3→1, 7→3, s1:7→1 / s2:5→1 / s3:1→1 / s4:3→1 / s5:3→1, 7→1, s1:7→1 / s2:5→1 / s3:1→1 / s4:7→1 / s5:1→1, 3→1, 7→3, s1:7→1 / s2:5→1 / s3:1→1 / s4:7→1 / s5:3→1, 7→1, s1:7→1 / s2:5→1 / s3:1→1 / s4:7→1 / s5:3→1, 7→3, s1:7→1 / s2:7→1 / s3:5→1 / s4:7→1 / s5:7→1}"	"{s4:8→1 / s5:8→1, s4:10→1 / s5:10→1, s4:8→1 / s5:8→1, s4:8→1 / s5:8→1, s4:10→1 / s5:10→1, s4:8→1 / s5:8→1, s4:10→1 / s5:10→1, s4:10→1 / s5:10→1, s4:10→1 / s5:10→1, s4:2→1 / s5:2→1}"
7	40	"so(8)+2 su(3)"	"so(8)+4 su(3)+so(7)+2 su(2)"	15	132	2	3	0	0	0	0	0	0	"{s1:7→1 / s2:1→1 / s3:1→1, 3→1 / s4:1→1 / s5:1→1, s1:7→1 / s2:1→1 / s3:1→1, 7→1 / s4:1→1 / s5:1→1, s1:7→1 / s2:5→1 / s3:1→1, 7→1 / s5:1→1, 7→2}"	"{s4:8→1 / s5:8→1, s4:8→1 / s5:8→1, s4:2→1 / s5:2→1}"
7	40	"so(8)+2 su(3)"	"so(8)+4 su(3)+so(7)+2 su(2)"	16	132	2	3	0	0	0	0	0	0	"{s1:7→1 / s2:5→1 / s3:1→1 / s4:7→1 / s5:3→2, 7→2, s1:7→1 / s2:7→1 / s3:1→1 / s4:5→1, 7→1 / s5:5→1, 7→1, s1:7→1 / s2:7→1 / s3:1→1 / s4:7→1 / s5:5→1, 7→1, s1:7→1 / s2:7→1 / s3:1→1 / s4:7→1 / s5:5→2, 7→1, s1:7→1 / s2:7→1 / s3:1→1 / s4:7→1 / s5:7→1, s1:7→1 / s2:7→1 / s3:5→1 / s5:7→1}"	"{s4:10→1 / s5:10→1, s4:2→1 / s5:2→1, s4:2→1 / s5:2→1, s4:2→1 / s5:2→1, s4:2→1 / s5:2→1, s4:2→1 / s5:2→1}"
7	40	"so(8)+2 su(3)"	"so(8)+4 su(3)+so(7)+2 su(2)"	17	132	2	3	0	0	0	0	0	0	"{s1:7→1 / s2:7→1 / s3:1→1 / s4:3→1, 5→1, 7→1 / s5:3→1, 5→1, 7→1, s1:7→1 / s2:7→1 / s3:1→1 / s4:5→1, 7→1 / s5:5→1, 7→1, s1:7→1 / s2:7→1 / s3:1→1 / s4:5→1 / s5:5→1, s1:7→1 / s2:7→1 / s3:5→1 / s5:1→1, 7→2}"	"{s4:10→1 / s5:10→1, s4:10→1 / s5:10→1, s4:8→1 / s5:8→1, s4:2→1 / s5:2→1}"
7	40	"so(8)+2 su(3)"	"so(8)+4 su(3)+so(7)+2 su(2)"	19	132	2	3	0	0	0	0	0	0	"{s1:7→1 / s2:5→1 / s3:1→1 / s4:1→1, 7→1 / s5:1→1, 3→2, 7→2, s1:7→1 / s2:7→1 / s3:1→1, s1:7→1 / s2:7→1 / s3:1→1 / s4:7→1 / s5:5→1, 7→1}"	"{s4:8→1 / s5:8→1, s4:6→1 / s5:6→1, s4:10→1 / s5:10→1}"
7	40	"so(8)+2 su(3)"	"so(8)+4 su(3)+so(7)+2 su(2)"	20	132	2	3	0	0	0	0	0	0	"s1:7→1 / s2:7→1 / s3:1→1 / s4:7→1 / s5:7→1"	"s4:10→1 / s5:10→1"
7	40	"so(8)+2 su(3)"	"so(8)+4 su(3)+so(7)+2 su(2)"	25	132	2	3	0	0	0	0	0	0	"{s1:7→1 / s2:1→1 / s3:1→1, 5→1 / s4:1→1 / s5:1→1, 3→1, s1:7→1 / s2:7→1 / s3:1→1 / s4:3→1, 7→1 / s5:1→1, 5→1, 7→1}"	"{s4:8→1 / s5:8→1, s4:10→1 / s5:10→1}"
7	40	"so(8)+2 su(3)"	"so(8)+4 su(3)+so(7)+2 su(2)"	27	132	2	3	0	0	0	0	0	0	"s1:7→1 / s2:7→1 / s3:1→1 / s4:3→1, 7→1 / s5:3→1, 5→1, 7→1"	"s4:10→1 / s5:10→1"
7	40	"so(8)+2 su(3)"	"so(8)+4 su(3)+so(7)+2 su(2)"	30	132	2	3	0	0	0	0	0	0	"s1:7→1 / s2:7→1 / s3:1→1 / s4:1→1, 5→1, 7→1 / s5:1→1, 5→1, 7→1"	"s4:10→1 / s5:10→1"
7	40	"so(8)+2 su(3)"	"so(8)+4 su(3)+so(7)+2 su(2)"	32	132	2	3	0	0	0	0	0	0	"s1:7→1 / s2:5→1 / s3:1→1 / s4:7→1 / s5:1→1, 7→3"	"s4:2→1 / s5:2→1"
7	40	"so(8)+2 su(3)"	"so(8)+4 su(3)+so(7)+2 su(2)"	34	132	2	3	0	0	0	0	0	0	"s1:7→1 / s2:5→1 / s3:1→1 / s4:1→1, 7→1 / s5:1→1, 3→1, 7→2"	"s4:8→1 / s5:8→1"
7	40	"so(8)+2 su(3)"	"so(8)+4 su(3)+so(7)+2 su(2)"	39	132	2	3	0	0	0	0	0	0	"s1:7→1 / s2:5→1 / s3:1→1 / s4:7→1 / s5:7→2"	"s4:2→1 / s5:2→1"
7	40	"so(8)+2 su(3)"	"so(8)+4 su(3)+so(7)+2 su(2)"	40	132	2	3	0	0	0	0	0	0	"{s1:7→1 / s2:5→1 / s3:1→1, 7→1 / s5:7→2, s1:7→1 / s2:5→1 / s3:1→1 / s4:7→1 / s5:7→1}"	"{s4:2→1 / s5:2→1, s4:10→1 / s5:10→1}"
7	40	"so(8)+2 su(3)"	"so(8)+4 su(3)+so(7)+2 su(2)"	44	132	2	3	0	0	0	0	0	0	"s1:7→1 / s2:1→1 / s3:1→1, 7→1"	"s4:2→1 / s5:2→1"
7	40	"so(8)+2 su(3)"	"so(8)+4 su(3)+so(7)+2 su(2)"	50	132	2	3	0	0	0	0	0	0	"s1:7→1 / s2:5→1 / s3:1→1 / s5:7→1"	"s4:2→1 / s5:2→1"
7	40	"so(8)+2 su(3)"	"so(8)+4 su(3)+so(7)+2 su(2)"	51	132	2	3	0	0	0	0	0	0	"s1:7→1 / s2:1→1, 5→1 / s3:1→1, 3→1 / s4:1→1 / s5:1→1"	"s4:8→1 / s5:8→1"
7	40	"so(8)+2 su(3)"	"so(8)+4 su(3)+so(7)+2 su(2)"	53	132	2	3	0	0	0	0	0	0	"s1:7→1 / s2:5→1 / s3:1→1, 7→1"	"s4:2→1 / s5:2→1"
7	40	"so(8)+2 su(3)"	"so(8)+4 su(3)+so(7)+2 su(2)"	58	132	2	3	0	0	0	0	0	0	"s1:7→1 / s2:5→1 / s3:1→1 / s4:7→1 / s5:1→1, 7→2"	"s4:2→1 / s5:2→1"
7	40	"so(8)+2 su(3)"	"so(8)+4 su(3)+so(7)+2 su(2)"	68	132	2	3	0	0	0	0	0	0	"s1:7→1 / s2:7→1 / s3:1→1 / s4:3→1, 7→1 / s5:3→1, 7→1"	"s4:10→1 / s5:10→1"
7	40	"so(8)+2 su(3)"	"so(8)+5 su(3)+g2+su(2)"	13	126	1	4	0	0	0	0	0	0	"{s1:7→1 / s2:1→1 / s3:1→1, 7→1 / s4:1→1, 5→1 / s5:3→1, s1:7→1 / s2:3→1 / s3:1→1, 7→1 / s4:1→1, 5→1 / s5:1→1, s1:7→1 / s2:3→1 / s3:1→1, 7→1 / s4:1→1, 5→1 / s5:1→1, s1:7→1 / s2:5→1 / s3:1→1, 7→1 / s4:1→1, 7→1, s1:7→1 / s2:5→1 / s3:1→1 / s4:1→1, 7→1 / s5:3→1, s1:7→1 / s2:5→1 / s3:1→1 / s4:1→1, 7→1 / s5:3→1, 7→1, s1:7→1 / s2:5→1 / s3:1→1 / s4:1→1, 7→1 / s5:3→1, 7→1, s1:7→1 / s2:5→1 / s3:1→1 / s4:1→1, 7→1 / s5:3→1, 7→1, s1:7→1 / s2:5→1 / s3:1→1 / s4:1→1, 7→1 / s5:3→1, 7→2, s1:7→1 / s2:5→1 / s3:1→1 / s4:1→1, 7→1 / s5:3→2, 7→1, s1:7→1 / s2:5→1 / s3:1→1 / s4:1→1, 7→1 / s5:3→2, 7→2, s1:7→1 / s2:5→1 / s3:1→1 / s4:1→1, 7→1 / s5:3→2, 7→3, s1:7→1 / s2:5→1 / s3:1→1 / s4:1→1, 7→1 / s5:7→1, s1:7→1 / s2:5→1 / s3:1→1 / s4:1→1, 7→1 / s5:7→1, s1:7→1 / s2:5→1 / s3:3→1, 7→1 / s4:1→1 / s5:7→1}"	"{s5:8→1, s5:10→1, s5:8→1, s5:2→1, s5:8→1, s5:10→1, s5:11→1, s5:8→1, s5:10→1, s5:8→1, s5:10→1, s5:10→1, s5:10→1, s5:2→1, s5:11→1}"
7	40	"so(8)+2 su(3)"	"so(8)+5 su(3)+g2+su(2)"	14	126	1	4	0	0	0	0	0	0	"{s1:7→1 / s2:5→1 / s3:1→1 / s4:1→1, 7→1 / s5:1→1, 3→1, 7→3, s1:7→1 / s2:5→1 / s3:1→1 / s4:1→1, 7→1 / s5:3→1, 7→1}"	"{s5:10→1, s5:2→1}"
7	40	"so(8)+2 su(3)"	"so(8)+5 su(3)+g2+su(2)"	16	126	1	4	0	0	0	0	0	0	"{s1:7→1 / s2:7→1 / s3:5→1 / s4:1→1, 7→1, s1:7→1 / s2:7→1 / s3:5→1 / s4:1→1 / s5:3→1, 7→1, s1:7→1 / s2:7→1 / s3:5→1 / s4:1→1 / s5:3→1, 7→2, s1:7→1 / s2:7→1 / s3:5→1 / s4:1→1 / s5:3→2, 7→3, s1:7→1 / s2:7→1 / s3:5→1 / s4:1→1 / s5:7→1}"	"{s5:2→1, s5:8→1, s5:11→1, s5:11→1, s5:2→1}"
7	40	"so(8)+2 su(3)"	"so(8)+5 su(3)+g2+su(2)"	17	126	1	4	0	0	0	0	0	0	"{s1:7→1 / s2:7→1 / s3:5→1 / s4:1→1 / s5:3→1, 7→2, s1:7→1 / s2:7→1 / s3:5→1 / s4:1→1 / s5:3→1, 7→3}"	"{s5:2→1, s5:2→1}"
7	40	"so(8)+2 su(3)"	"so(8)+5 su(3)+g2+su(2)"	19	126	1	4	0	0	0	0	0	0	"s1:7→1 / s2:7→1 / s3:5→1 / s4:1→1 / s5:1→1, 3→1, 7→3"	"s5:11→1"
7	40	"so(8)+2 su(3)"	"so(8)+5 su(3)+g2+su(2)"	38	126	1	4	0	0	0	0	0	0	"s1:7→1 / s2:7→1 / s3:5→1 / s4:1→1 / s5:1→1, 3→1, 7→3"	"s5:2→1"
7	40	"so(8)+2 su(3)"	"so(8)+5 su(3)+g2+su(2)"	49	126	1	4	0	0	0	0	0	0	"s1:7→1 / s2:5→1 / s3:1→1 / s4:1→1, 7→1 / s5:7→1"	"s5:11→1"
7	40	"so(8)+2 su(3)"	"so(8)+5 su(3)+g2+su(2)"	51	126	1	4	0	0	0	0	0	0	"s1:7→1 / s2:5→1 / s3:1→1 / s4:1→1, 7→1 / s5:3→2, 7→1"	"s5:11→1"
7	40	"so(8)+2 su(3)"	"so(8)+7 su(3)"	13	119	0	5	0	0	0	0	0	0	"s1:7→1 / s2:5→1 / s3:3→1 / s4:1→1 / s5:1→1, 7→1"	""
7	40	"so(8)+2 su(3)"	"so(8)+7 su(3)"	16	119	0	5	0	0	0	0	0	0	"s1:7→1 / s2:7→1 / s3:5→1 / s4:3→1, 7→1 / s5:1→1"	""
7	40	"so(8)+2 su(3)"	"so(8)+7 su(3)"	80	119	0	5	0	0	0	0	0	0	"s1:7→1 / s2:7→1 / s3:5→1 / s4:1→1 / s5:1→1, 7→1"	""
7	40	"so(8)+2 su(3)"	"so(8)+su(3)+2(so(7)+2 su(2))"	12	145	4	1	0	0	0	0	0	0	"{s1:1→1, 7→1, s1:1→1, 7→1 / s2:7→1 / s3:7→1 / s4:1→1 / s5:1→1, s1:1→1, 7→1 / s3:3→1 / s4:1→1 / s5:1→1, s1:1→1, 7→1 / s3:3→1 / s4:1→1 / s5:1→1, 3→1, s1:1→1, 7→1 / s3:3→1 / s4:1→1 / s5:1→1, 3→1, 7→1, s1:1→1, 7→1 / s3:3→1 / s4:1→1 / s5:1→2, 3→1, s1:1→1, 7→1 / s3:3→1 / s4:1→1 / s5:1→2, 3→1, 7→1, s1:1→1, 7→1 / s3:3→1 / s4:1→1 / s5:1→2, 3→1, 7→1, s1:1→1, 7→1 / s3:3→1 / s4:3→1, 7→1 / s5:1→1, s1:1→1, 7→1 / s3:7→1 / s4:1→1 / s5:1→1, s1:1→1, 7→1 / s3:7→1 / s4:1→1 / s5:1→1, 7→1, s1:1→1, 7→1 / s4:1→1, 7→1 / s5:1→1, 7→1, s1:1→1, 7→1 / s4:1→1, 7→1 / s5:1→1, 7→1, s1:1→1, 7→1 / s4:1→1 / s5:1→1, s1:1→1, 7→1 / s4:1→1 / s5:1→1, 7→1, s1:1→1, 7→1 / s4:1→1 / s5:1→1, 7→1, s1:1→1, 7→1 / s4:1→1 / s5:1→1, 7→2, s1:1→1, 7→1 / s4:1→1 / s5:1→2, s1:1→1, 7→1 / s4:1→1 / s5:1→2, 7→1, s1:1→1, 7→1 / s4:1→1 / s5:1→2, 7→1, s1:1→1, 7→1 / s4:1→1 / s5:1→2, 7→2, s1:1→1, 7→1 / s4:3→1 / s5:3→1, 7→1, s1:1→1, 7→1 / s4:7→1 / s5:1→1, s1:1→1, 7→1 / s4:7→2 / s5:1→1, 7→1, s1:1→1, 7→1 / s5:1→1, 7→1, s1:1→1, 7→1 / s5:1→1, 7→2, s1:1→1, 7→1 / s5:1→1, 7→3, s1:1→1, 7→1 / s5:1→1, 7→4, s1:1→1, 7→1 / s5:1→2, 7→2, s1:1→1, 7→1 / s5:1→2, 7→3, s1:1→1, 7→1 / s5:7→1, s1:1→1, 7→1 / s5:7→2, s1:1→1, 7→2 / s4:7→1 / s5:1→1, s1:1→1, 7→2 / s5:7→1, s1:1→2, 7→2, s1:1→2, 7→2 / s5:7→1, s1:7→1 / s2:1→1 / s3:1→1, 3→1 / s4:1→2 / s5:1→2, 3→1, s1:7→1 / s2:1→1 / s3:1→1, 3→1 / s4:1→2 / s5:1→3, 3→1, 7→1, s1:7→1 / s2:1→1 / s3:1→1, 3→1 / s4:1→2 / s5:1→3, 3→1, 7→1, s1:7→1 / s2:1→1 / s3:1→1, 5→1 / s4:1→1, 7→1 / s5:1→1, 5→1, s1:7→1 / s2:1→1 / s3:1→1, 5→1 / s4:1→1, 7→1 / s5:1→1, 5→1, 7→1, s1:7→1 / s2:1→1 / s3:1→1, 5→1 / s4:1→1, 7→1 / s5:1→2, 5→1, 7→1, s1:7→1 / s2:1→1 / s3:1→1, 5→1 / s4:1→1, 7→1 / s5:1→2, 5→1, 7→2, s1:7→1 / s2:1→1 / s3:1→1, 7→1 / s4:1→1, 5→1 / s5:1→2, 5→1, s1:7→1 / s2:1→1 / s3:1→1, 7→1 / s4:1→1 / s5:1→1, s1:7→1 / s2:1→1 / s3:1→1 / s4:1→1, 3→1, 7→1 / s5:1→1, 3→1, s1:7→1 / s2:1→1 / s3:1→1 / s4:1→1, 3→1 / s5:1→1, 3→1, s1:7→1 / s2:1→1 / s3:1→1 / s4:1→1, 3→1 / s5:1→1, 3→1, s1:7→1 / s2:1→1 / s3:1→1 / s4:1→1, 3→1 / s5:1→1, 3→1, 7→1, s1:7→1 / s2:1→1 / s3:1→1 / s4:1→1, 3→1 / s5:1→2, s1:7→1 / s2:1→1 / s3:1→1 / s4:1→1, 3→1 / s5:1→2, 3→1, s1:7→1 / s2:1→1 / s3:1→1 / s4:1→1, 3→1 / s5:1→2, 3→1, s1:7→1 / s2:1→1 / s3:1→1 / s4:1→1, 3→1 / s5:1→2, 3→1, 7→1, s1:7→1 / s2:1→1 / s3:1→1 / s4:1→1, 3→1 / s5:1→2, 3→1, 7→1, s1:7→1 / s2:1→1 / s3:1→1 / s4:1→1, 3→1 / s5:1→2, 3→1, 7→1, s1:7→1 / s2:1→1 / s3:1→1 / s4:1→1, 3→1 / s5:1→2, 3→1, 7→1, s1:7→1 / s2:1→1 / s3:1→1 / s4:1→1, 3→1 / s5:1→3, 3→1, 7→1, s1:7→1 / s2:1→1 / s3:1→1 / s4:1→1, 3→1 / s5:1→3, 3→1, 7→1, s1:7→1 / s2:1→1 / s3:1→1 / s4:1→1, 3→1 / s5:1→3, 3→1, 7→1, s1:7→1 / s2:1→1 / s3:1→1 / s4:1→1, 3→1 / s5:1→3, 3→1, 7→1, s1:7→1 / s2:1→1 / s3:1→1 / s4:1→1, 5→1 / s5:1→1, 5→1, s1:7→1 / s2:1→1 / s3:1→1 / s4:1→1, 5→1 / s5:1→2, 5→1, s1:7→1 / s2:1→1 / s3:1→1 / s4:1→1, 5→1 / s5:1→2, 5→1, 7→1, s1:7→1 / s2:1→1 / s3:1→1 / s4:1→1, 7→1 / s5:1→1, 7→1, s1:7→1 / s2:1→1 / s3:1→1 / s4:1→1, 7→1 / s5:1→1, 7→1, s1:7→1 / s2:1→1 / s3:1→1 / s4:1→1, 7→1 / s5:1→2, 5→1, 7→1, s1:7→1 / s2:1→1 / s3:1→1 / s4:1→1, 7→1 / s5:1→2, 7→1, s1:7→1 / s2:1→1 / s3:1→1 / s4:1→1, 7→1 / s5:1→2, 7→2, s1:7→1 / s2:1→1 / s3:1→1 / s4:1→1 / s5:1→1, s1:7→1 / s2:1→1 / s3:1→1 / s4:1→1 / s5:1→1, 3→1, s1:7→1 / s2:1→1 / s3:1→1 / s4:1→1 / s5:1→1, 3→1, s1:7→1 / s2:1→1 / s3:1→1 / s4:1→1 / s5:1→1, 3→1, 7→1, s1:7→1 / s2:1→1 / s3:1→1 / s4:1→1 / s5:1→2, 3→1, s1:7→1 / s2:1→1 / s3:1→1 / s4:1→1 / s5:1→2, 3→1, 7→1, s1:7→1 / s2:1→1 / s3:1→1 / s4:1→1 / s5:1→2, 3→1, 7→1, s1:7→1 / s2:1→1 / s3:1→1 / s4:1→1 / s5:1→2, 7→1, s1:7→1 / s2:1→1 / s3:1→1 / s4:1→1 / s5:1→2, 7→1, s1:7→1 / s2:1→1 / s3:1→1 / s4:1→1 / s5:1→3, 3→1, 7→1, s1:7→1 / s2:1→1 / s3:1→1 / s4:1→1 / s5:1→3, 3→1, 7→1, s1:7→1 / s2:1→1 / s3:1→1 / s4:1→1 / s5:1→3, 7→1, s1:7→1 / s2:1→1 / s3:1→1 / s4:1→1 / s5:1→3, 7→1, s1:7→1 / s2:1→1 / s3:1→1 / s4:1→2, 3→1 / s5:1→2, 3→1, s1:7→1 / s2:1→1 / s3:1→1 / s4:1→2, 3→1 / s5:1→3, 3→1, 7→1, s1:7→1 / s2:1→1 / s3:1→1 / s4:1→2, 3→1 / s5:1→3, 3→1, 7→1, s1:7→1 / s2:1→1 / s3:1→1 / s4:1→2, 7→1 / s5:1→2, s1:7→1 / s2:1→1 / s3:1→1 / s4:1→2 / s5:1→3, 3→1, 7→1, s1:7→1 / s2:1→1 / s3:1→1 / s4:1→2 / s5:1→3, 7→1, s1:7→1 / s2:1→1 / s3:1→2 / s4:1→2, 3→1 / s5:1→3, 3→1, 7→1, s1:7→1 / s2:3→1 / s3:1→1 / s4:1→1 / s5:1→1, 3→1, s1:7→1 / s2:3→1 / s3:1→1 / s4:1→1 / s5:1→1, 3→1, 7→1, s1:7→1 / s2:3→1 / s3:1→1 / s4:1→1 / s5:1→2, 3→1, s1:7→1 / s2:3→1 / s3:1→1 / s4:1→1 / s5:1→2, 3→1, 7→1, s1:7→1 / s2:7→1 / s3:1→1 / s4:1→1, 5→1 / s5:1→1, 5→1, 7→1, s1:7→1 / s2:7→1 / s3:1→1 / s4:1→1, 5→1 / s5:1→1, 7→1, s1:7→1 / s2:7→1 / s3:1→1 / s4:1→1, 5→1 / s5:1→2, 5→1, 7→1, s1:7→1 / s2:7→1 / s3:1→1 / s4:1→1, 5→1 / s5:1→2, 5→1, 7→2, s1:7→1 / s2:7→1 / s3:1→1 / s4:1→1 / s5:1→1, 7→1, s1:7→1 / s2:7→1 / s3:1→1 / s4:1→1 / s5:1→2, 7→2, s1:7→1 / s2:7→1 / s3:5→1 / s4:1→1 / s5:1→1, 5→1, s1:7→1 / s2:7→1 / s3:5→1 / s4:1→1 / s5:1→1, 5→1, 7→1, s1:7→1 / s3:1→1, 5→1 / s4:1→1, 7→1 / s5:1→2, 5→1, s1:7→1 / s3:1→1, 5→1 / s4:1→1, 7→1 / s5:1→2, 5→1, 7→1, s1:7→1 / s3:1→1, 5→1 / s4:1→1, 7→1 / s5:1→3, 5→1, 7→1, s1:7→1 / s3:1→1, 5→1 / s4:1→2, 7→1 / s5:1→3, 5→1, 7→1, s1:7→1 / s3:1→1, 7→1 / s4:1→1, 5→1 / s5:1→1, 7→1, s1:7→1 / s3:1→1, 7→1 / s4:1→1, 5→1 / s5:1→2, 5→1, 7→2, s1:7→1 / s3:1→1, 7→1 / s4:1→2, 5→1 / s5:1→2, 5→1, s1:7→1 / s3:1→1, 7→1 / s4:1→2, 5→1 / s5:1→2, 5→1, 7→1, s1:7→1 / s3:1→1, 7→1 / s4:1→2, 5→1 / s5:1→3, 5→1, 7→1, s1:7→1 / s3:1→1, 7→1 / s4:1→2, 7→1 / s5:1→2, 5→1, s1:7→1 / s3:1→1 / s4:1→1, 3→1, 7→1 / s5:1→1, 3→1, s1:7→1 / s3:1→1 / s4:1→1, 3→1 / s5:1→2, 3→1, 7→1, s1:7→1 / s3:1→1 / s4:1→1, 5→1, 7→1 / s5:1→2, 5→1, 7→1, s1:7→1 / s3:1→1 / s4:1→1, 5→1 / s5:1→1, 5→1, s1:7→1 / s3:1→1 / s4:1→1, 5→1 / s5:1→1, 5→1, 7→1, s1:7→1 / s3:1→1 / s4:1→1, 5→1 / s5:1→1, 7→1, s1:7→1 / s3:1→1 / s4:1→1, 5→1 / s5:1→2, 5→1, s1:7→1 / s3:1→1 / s4:1→1, 5→1 / s5:1→2, 5→1, 7→1, s1:7→1 / s3:1→1 / s4:1→1, 5→1 / s5:1→2, 5→1, 7→2, s1:7→1 / s3:1→1 / s4:1→1, 5→1 / s5:1→3, 5→1, s1:7→1 / s3:1→1 / s4:1→1, 7→1 / s5:1→1, s1:7→1 / s3:1→1 / s4:1→1, 7→1 / s5:1→1, 7→1, s1:7→1 / s3:1→1 / s4:1→1, 7→1 / s5:1→1, 7→1, s1:7→1 / s3:1→1 / s4:1→1, 7→1 / s5:1→1, 7→2, s1:7→1 / s3:1→1 / s4:1→1, 7→1 / s5:1→1, 7→2, s1:7→1 / s3:1→1 / s4:1→1, 7→1 / s5:1→1, 7→2, s1:7→1 / s3:1→1 / s4:1→1, 7→1 / s5:1→2, s1:7→1 / s3:1→1 / s4:1→1, 7→1 / s5:1→2, 5→1, s1:7→1 / s3:1→1 / s4:1→1, 7→1 / s5:1→2, 5→1, 7→1, s1:7→1 / s3:1→1 / s4:1→1, 7→1 / s5:1→2, 5→1, 7→2, s1:7→1 / s3:1→1 / s4:1→1, 7→1 / s5:1→2, 7→1, s1:7→1 / s3:1→1 / s4:1→1, 7→1 / s5:1→2, 7→1, s1:7→1 / s3:1→1 / s4:1→1, 7→1 / s5:1→2, 7→2, s1:7→1 / s3:1→1 / s4:1→1, 7→1 / s5:1→2, 7→2, s1:7→1 / s3:1→1 / s4:1→1, 7→1 / s5:1→2, 7→2, s1:7→1 / s3:1→1 / s4:1→1, 7→1 / s5:1→3, 5→1, 7→1, s1:7→1 / s3:1→1 / s4:1→1, 7→1 / s5:1→3, 7→1, s1:7→1 / s3:1→1 / s4:1→1, 7→1 / s5:1→3, 7→2, s1:7→1 / s3:1→1 / s4:1→1, 7→1 / s5:1→4, 7→1, s1:7→1 / s3:1→1 / s4:1→1 / s5:1→1, 3→1, 7→1, s1:7→1 / s3:1→1 / s4:1→1 / s5:1→1, 3→2, 7→1, s1:7→1 / s3:1→1 / s4:1→1 / s5:1→1, 5→1, s1:7→1 / s3:1→1 / s4:1→1 / s5:1→1, 7→1, s1:7→1 / s3:1→1 / s4:1→1 / s5:1→1, 7→1, s1:7→1 / s3:1→1 / s4:1→1 / s5:1→2, 3→1, 7→1, s1:7→1 / s3:1→1 / s4:1→1 / s5:1→2, 5→1, s1:7→1 / s3:1→1 / s4:1→1 / s5:1→2, 5→1, 7→1, s1:7→1 / s3:1→1 / s4:1→1 / s5:1→2, 7→1, s1:7→1 / s3:1→1 / s4:1→1 / s5:1→2, 7→1, s1:7→1 / s3:1→1 / s4:1→1 / s5:1→2, 7→1, s1:7→1 / s3:1→1 / s4:1→1 / s5:1→2, 7→2, s1:7→1 / s3:1→1 / s4:1→1 / s5:1→2, 7→2, s1:7→1 / s3:1→1 / s4:1→1 / s5:1→3, 5→1, 7→1, s1:7→1 / s3:1→1 / s4:1→1 / s5:1→3, 5→2, s1:7→1 / s3:1→1 / s4:1→1 / s5:1→3, 7→2, s1:7→1 / s3:1→1 / s4:1→1 / s5:1→3, 7→2, s1:7→1 / s3:1→1 / s4:1→2, 5→1, 7→1 / s5:1→2, 5→1, 7→1, s1:7→1 / s3:1→1 / s4:1→2, 5→1, 7→1 / s5:1→2, 5→1, 7→2, s1:7→1 / s3:1→1 / s4:1→2, 5→1, 7→1 / s5:1→2, 7→2, s1:7→1 / s3:1→1 / s4:1→2, 5→1, 7→1 / s5:1→3, 5→1, 7→1, s1:7→1 / s3:1→1 / s4:1→2, 5→1 / s5:1→2, 5→1, s1:7→1 / s3:1→1 / s4:1→2, 5→1 / s5:1→2, 5→1, 7→1, s1:7→1 / s3:1→1 / s4:1→2, 5→1 / s5:1→2, 7→1, s1:7→1 / s3:1→1 / s4:1→2, 5→1 / s5:1→3, 5→1, s1:7→1 / s3:1→1 / s4:1→2, 5→1 / s5:1→3, 5→1, 7→1, s1:7→1 / s3:1→1 / s4:1→2, 7→1 / s5:1→2, 7→1, s1:7→1 / s3:1→1 / s4:1→2, 7→1 / s5:1→2, 7→2, s1:7→1 / s3:1→1 / s4:1→2, 7→1 / s5:1→3, 5→1, s1:7→1 / s3:1→1 / s4:1→2, 7→1 / s5:1→3, 7→1, s1:7→1 / s3:1→1 / s4:1→2, 7→1 / s5:1→3, 7→2, s1:7→1 / s3:1→1 / s4:1→2, 7→2 / s5:1→3, 5→1, 7→1, s1:7→1 / s3:1→1 / s4:1→2 / s5:1→2, 7→1, s1:7→1 / s3:1→1 / s4:1→2 / s5:1→3, 7→2, s1:7→1 / s3:1→2, 7→1 / s4:1→2, 5→1 / s5:1→2, 5→1, 7→1, s1:7→1 / s3:1→2, 7→1 / s4:1→2, 5→1 / s5:1→2, 7→1, s1:7→1 / s3:3→1 / s4:1→1 / s5:1→1, s1:7→1 / s3:3→1 / s4:1→1 / s5:1→1, 3→1, s1:7→1 / s3:3→1 / s4:1→1 / s5:1→1, 3→1, 7→1, s1:7→1 / s3:3→1 / s4:1→1 / s5:1→1, 3→1, 7→1, s1:7→1 / s3:3→1 / s4:1→1 / s5:1→2, 3→1, 7→1, s1:7→1 / s3:3→1 / s4:1→1 / s5:1→2, 3→1, 7→1, s1:7→1 / s3:5→1, 7→1 / s4:1→1, 7→1 / s5:1→1, 5→1, s1:7→1 / s3:5→1 / s4:1→1 / s5:1→1, 5→1, s1:7→1 / s3:7→1 / s4:1→1, 5→1 / s5:1→1, 5→1, s1:7→1 / s3:7→1 / s4:1→1, 5→1 / s5:1→1, 5→1, 7→1, s1:7→1 / s3:7→1 / s4:1→1, 5→1 / s5:1→2, 5→1, 7→1, s1:7→1 / s3:7→1 / s4:1→1, 5→1 / s5:1→2, 7→1, s1:7→1 / s3:7→1 / s4:1→1, 5→1 / s5:1→3, 5→1, 7→1, s1:7→1 / s3:7→1 / s4:1→1 / s5:1→1, s1:7→1 / s3:7→1 / s4:1→1 / s5:1→1, 5→1, s1:7→1 / s3:7→1 / s4:1→1 / s5:1→1, 7→1, s1:7→1 / s3:7→1 / s4:1→1 / s5:1→1, 7→1, s1:7→1 / s3:7→1 / s4:1→1 / s5:1→1, 7→1, s1:7→1 / s3:7→1 / s4:1→1 / s5:1→2, 5→1, 7→1, s1:7→1 / s3:7→1 / s4:1→1 / s5:1→2, 5→2, 7→1, s1:7→1 / s3:7→1 / s4:1→1 / s5:1→2, 7→1, s1:7→1 / s3:7→1 / s4:1→1 / s5:1→2, 7→2, s1:7→1 / s3:7→1 / s4:1→1 / s5:1→2, 7→2, s1:7→1 / s3:7→1 / s4:1→1 / s5:1→2, 7→2, s1:7→1 / s3:7→1 / s4:1→1 / s5:1→3, 7→2, s1:7→1 / s3:7→1 / s4:1→1 / s5:1→3, 7→2, s1:7→1 / s4:1→1, 5→1 / s5:1→1, 5→1, s1:7→1 / s4:1→1, 5→1 / s5:1→2, 5→1, s1:7→1 / s4:1→1, 5→1 / s5:1→2, 5→1, 7→1, s1:7→1 / s4:1→1, 5→1 / s5:1→2, 7→1, s1:7→1 / s4:1→1, 5→1 / s5:1→3, 5→1, 7→1, s1:7→1 / s4:1→1, 7→1 / s5:1→2, 7→1, s1:7→1 / s4:1→1, 7→1 / s5:1→3, 7→1, s1:7→1 / s4:1→1, 7→1 / s5:1→3, 7→2, s1:7→1 / s4:1→1, 7→2 / s5:1→2, 7→1, s1:7→1 / s4:1→1 / s5:1→1, s1:7→1 / s4:1→1 / s5:1→1, s1:7→1 / s4:1→1 / s5:1→1, 5→1, s1:7→1 / s4:1→1 / s5:1→1, 7→1, s1:7→1 / s4:1→1 / s5:1→1, 7→2, s1:7→1 / s4:1→1 / s5:1→2, s1:7→1 / s4:1→1 / s5:1→2, 5→1, s1:7→1 / s4:1→1 / s5:1→2, 5→2, s1:7→1 / s4:1→1 / s5:1→2, 7→1, s1:7→1 / s4:1→1 / s5:1→2, 7→1, s1:7→1 / s4:1→1 / s5:1→2, 7→2, s1:7→1 / s4:1→1 / s5:1→2, 7→3, s1:7→1 / s4:1→1 / s5:1→3, 5→1, s1:7→1 / s4:1→1 / s5:1→3, 5→1, 7→1, s1:7→1 / s4:1→1 / s5:1→3, 5→2, s1:7→1 / s4:1→1 / s5:1→3, 7→1, s1:7→1 / s4:1→1 / s5:1→3, 7→1, s1:7→1 / s4:1→1 / s5:1→3, 7→2, s1:7→1 / s4:1→1 / s5:1→3, 7→2, s1:7→1 / s4:1→1 / s5:1→3, 7→2, s1:7→1 / s4:1→1 / s5:1→4, 7→1, s1:7→1 / s4:1→2, 5→1, 7→1 / s5:1→2, 5→1, 7→1, s1:7→1 / s4:1→2, 5→1, 7→1 / s5:1→3, 5→1, 7→1, s1:7→1 / s4:1→2, 5→1 / s5:1→2, 5→1, s1:7→1 / s4:1→2, 5→1 / s5:1→3, 5→1, s1:7→1 / s4:1→2, 5→1 / s5:1→3, 5→1, 7→1, s1:7→1 / s4:1→2, 7→1 / s5:1→2, 5→1, 7→1, s1:7→1 / s4:1→2, 7→1 / s5:1→2, 7→1, s1:7→1 / s4:1→2, 7→1 / s5:1→2, 7→1, s1:7→1 / s4:1→2, 7→1 / s5:1→2, 7→2, s1:7→1 / s4:1→2, 7→1 / s5:1→3, 5→1, 7→1, s1:7→1 / s4:1→2, 7→1 / s5:1→3, 7→1, s1:7→1 / s4:1→2, 7→1 / s5:1→3, 7→1, s1:7→1 / s4:1→2, 7→1 / s5:1→3, 7→2, s1:7→1 / s4:1→2, 7→1 / s5:1→3, 7→2, s1:7→1 / s4:1→3, 5→1, 7→1 / s5:1→3, 5→1, 7→1, s1:7→1 / s4:1→3, 5→1 / s5:1→3, 5→1, s1:7→1 / s4:1→3, 7→1 / s5:1→3, 5→1, s1:7→1 / s4:1→3, 7→1 / s5:1→3, 7→1, s1:7→1 / s4:1→3, 7→1 / s5:1→3, 7→1, s1:7→1 / s4:1→3, 7→1 / s5:1→4, 7→1, s1:7→1 / s4:1→4, 7→1 / s5:1→4, 7→1, s1:7→1 / s4:7→1 / s5:1→1, s1:7→1 / s4:7→1 / s5:1→2, 7→1, s1:7→1 / s4:7→1 / s5:1→3, 7→2, s1:7→1 / s5:1→1}"	"{s2:6→1 / s3:6→1 / s4:2→1 / s5:2→1, s2:2→1 / s3:2→1 / s4:6→1 / s5:6→1, s2:6→1 / s3:8→1 / s4:8→1 / s5:6→1, s2:6→1 / s3:8→1 / s4:8→1 / s5:6→1, s2:6→1 / s3:8→1 / s4:6→1 / s5:8→1, s2:6→1 / s3:8→1 / s4:8→1 / s5:6→1, s2:6→1 / s3:8→1 / s4:6→1 / s5:8→1, s2:6→1 / s3:8→1 / s4:8→1 / s5:6→1, s2:6→1 / s3:8→1 / s4:8→1 / s5:6→1, s2:2→1 / s3:2→1 / s4:6→1 / s5:6→1, s2:2→1 / s3:2→1 / s4:6→1 / s5:6→1, s2:2→1 / s3:2→1 / s4:6→1 / s5:6→1, s2:6→1 / s3:2→1 / s4:6→1 / s5:2→1, s2:2→1 / s3:2→1 / s4:6→1 / s5:6→1, s2:2→1 / s3:2→1 / s4:6→1 / s5:6→1, s2:6→1 / s3:2→1 / s4:6→1 / s5:2→1, s2:6→1 / s3:2→1 / s4:6→1 / s5:2→1, s2:2→1 / s3:2→1 / s4:6→1 / s5:6→1, s2:2→1 / s3:2→1 / s4:6→1 / s5:6→1, s2:6→1 / s3:2→1 / s4:6→1 / s5:2→1, s2:6→1 / s3:2→1 / s4:6→1 / s5:2→1, s2:6→1 / s3:6→1 / s4:8→1 / s5:8→1, s2:6→1 / s3:2→1 / s4:2→1 / s5:6→1, s2:6→1 / s3:2→1 / s4:2→1 / s5:6→1, s2:6→1 / s3:6→1 / s4:2→1 / s5:2→1, s2:6→1 / s3:6→1 / s4:2→1 / s5:2→1, s2:6→1 / s3:6→1 / s4:2→1 / s5:2→1, s2:6→1 / s3:6→1 / s4:2→1 / s5:2→1, s2:6→1 / s3:6→1 / s4:2→1 / s5:2→1, s2:6→1 / s3:6→1 / s4:2→1 / s5:2→1, s2:6→1 / s3:6→1 / s4:2→1 / s5:2→1, s2:6→1 / s3:6→1 / s4:2→1 / s5:2→1, s2:6→1 / s3:2→1 / s4:2→1 / s5:6→1, s2:6→1 / s3:6→1 / s4:2→1 / s5:2→1, s2:6→1 / s3:6→1 / s4:2→1 / s5:2→1, s2:6→1 / s3:6→1 / s4:2→1 / s5:2→1, s2:8→1 / s3:8→1 / s4:6→1 / s5:6→1, s2:6→1 / s3:8→1 / s4:6→1 / s5:8→1, s2:8→1 / s3:8→1 / s4:6→1 / s5:6→1, s2:8→1 / s3:8→1 / s4:2→1 / s5:2→1, s2:8→1 / s3:8→1 / s4:2→1 / s5:2→1, s2:8→1 / s3:8→1 / s4:2→1 / s5:2→1, s2:8→1 / s3:8→1 / s4:2→1 / s5:2→1, s2:8→1 / s3:2→1 / s4:2→1 / s5:8→1, s2:8→1 / s3:8→1 / s4:6→1 / s5:6→1, s2:8→1 / s3:6→1 / s4:8→1 / s5:6→1, s2:8→1 / s3:6→1 / s4:8→1 / s5:6→1, s2:8→1 / s3:8→1 / s4:6→1 / s5:6→1, s2:6→1 / s3:6→1 / s4:8→1 / s5:8→1, s2:8→1 / s3:6→1 / s4:8→1 / s5:6→1, s2:8→1 / s3:6→1 / s4:8→1 / s5:6→1, s2:8→1 / s3:8→1 / s4:6→1 / s5:6→1, s2:6→1 / s3:6→1 / s4:8→1 / s5:8→1, s2:8→1 / s3:6→1 / s4:6→1 / s5:8→1, s2:8→1 / s3:6→1 / s4:8→1 / s5:6→1, s2:8→1 / s3:8→1 / s4:6→1 / s5:6→1, s2:6→1 / s3:6→1 / s4:8→1 / s5:8→1, s2:8→1 / s3:6→1 / s4:6→1 / s5:8→1, s2:8→1 / s3:6→1 / s4:8→1 / s5:6→1, s2:8→1 / s3:8→1 / s4:6→1 / s5:6→1, s2:8→1 / s3:8→1 / s4:2→1 / s5:2→1, s2:8→1 / s3:8→1 / s4:2→1 / s5:2→1, s2:8→1 / s3:8→1 / s4:2→1 / s5:2→1, s2:6→1 / s3:6→1 / s4:2→1 / s5:2→1, s2:8→1 / s3:8→1 / s4:2→1 / s5:2→1, s2:8→1 / s3:8→1 / s4:2→1 / s5:2→1, s2:8→1 / s3:8→1 / s4:2→1 / s5:2→1, s2:8→1 / s3:8→1 / s4:2→1 / s5:2→1, s2:8→1 / s3:8→1 / s4:6→1 / s5:6→1, s2:8→1 / s3:6→1 / s4:6→1 / s5:8→1, s2:8→1 / s3:8→1 / s4:6→1 / s5:6→1, s2:8→1 / s3:6→1 / s4:6→1 / s5:8→1, s2:8→1 / s3:8→1 / s4:6→1 / s5:6→1, s2:8→1 / s3:6→1 / s4:6→1 / s5:8→1, s2:8→1 / s3:8→1 / s4:6→1 / s5:6→1, s2:8→1 / s3:6→1 / s4:6→1 / s5:8→1, s2:8→1 / s3:8→1 / s4:6→1 / s5:6→1, s2:8→1 / s3:6→1 / s4:6→1 / s5:8→1, s2:8→1 / s3:8→1 / s4:6→1 / s5:6→1, s2:8→1 / s3:6→1 / s4:6→1 / s5:8→1, s2:8→1 / s3:8→1 / s4:6→1 / s5:6→1, s2:8→1 / s3:8→1 / s4:6→1 / s5:6→1, s2:8→1 / s3:6→1 / s4:6→1 / s5:8→1, s2:8→1 / s3:8→1 / s4:6→1 / s5:6→1, s2:8→1 / s3:6→1 / s4:8→1 / s5:6→1, s2:8→1 / s3:6→1 / s4:6→1 / s5:8→1, s2:8→1 / s3:6→1 / s4:6→1 / s5:8→1, s2:8→1 / s3:6→1 / s4:6→1 / s5:8→1, s2:8→1 / s3:8→1 / s4:6→1 / s5:6→1, s2:8→1 / s3:8→1 / s4:6→1 / s5:6→1, s2:8→1 / s3:8→1 / s4:6→1 / s5:6→1, s2:8→1 / s3:8→1 / s4:6→1 / s5:6→1, s2:2→1 / s3:8→1 / s4:8→1 / s5:2→1, s2:2→1 / s3:8→1 / s4:8→1 / s5:2→1, s2:2→1 / s3:8→1 / s4:8→1 / s5:2→1, s2:2→1 / s3:8→1 / s4:8→1 / s5:2→1, s2:2→1 / s3:6→1 / s4:6→1 / s5:2→1, s2:2→1 / s3:6→1 / s4:6→1 / s5:2→1, s2:2→1 / s3:2→1 / s4:8→1 / s5:8→1, s2:2→1 / s3:2→1 / s4:8→1 / s5:8→1, s2:2→1 / s3:8→1 / s4:2→1 / s5:8→1, s2:2→1 / s3:8→1 / s4:2→1 / s5:8→1, s2:2→1 / s3:8→1 / s4:2→1 / s5:8→1, s2:2→1 / s3:8→1 / s4:8→1 / s5:2→1, s2:2→1 / s3:8→1 / s4:8→1 / s5:2→1, s2:2→1 / s3:8→1 / s4:8→1 / s5:2→1, s2:2→1 / s3:2→1 / s4:8→1 / s5:8→1, s2:2→1 / s3:2→1 / s4:8→1 / s5:8→1, s2:2→1 / s3:2→1 / s4:8→1 / s5:8→1, s2:2→1 / s3:2→1 / s4:8→1 / s5:8→1, s2:6→1 / s3:8→1 / s4:8→1 / s5:6→1, s2:6→1 / s3:8→1 / s4:6→1 / s5:8→1, s2:2→1 / s3:8→1 / s4:2→1 / s5:8→1, s2:2→1 / s3:8→1 / s4:8→1 / s5:2→1, s2:2→1 / s3:8→1 / s4:8→1 / s5:2→1, s2:2→1 / s3:8→1 / s4:8→1 / s5:2→1, s2:2→1 / s3:8→1 / s4:2→1 / s5:8→1, s2:2→1 / s3:8→1 / s4:8→1 / s5:2→1, s2:2→1 / s3:8→1 / s4:8→1 / s5:2→1, s2:2→1 / s3:8→1 / s4:2→1 / s5:8→1, s2:6→1 / s3:8→1 / s4:8→1 / s5:6→1, s2:2→1 / s3:8→1 / s4:8→1 / s5:2→1, s2:6→1 / s3:6→1 / s4:2→1 / s5:2→1, s2:2→1 / s3:6→1 / s4:6→1 / s5:2→1, s2:2→1 / s3:8→1 / s4:8→1 / s5:2→1, s2:6→1 / s3:6→1 / s4:2→1 / s5:2→1, s2:2→1 / s3:6→1 / s4:2→1 / s5:6→1, s2:2→1 / s3:8→1 / s4:2→1 / s5:8→1, s2:2→1 / s3:8→1 / s4:2→1 / s5:8→1, s2:2→1 / s3:8→1 / s4:8→1 / s5:2→1, s2:2→1 / s3:6→1 / s4:2→1 / s5:6→1, s2:2→1 / s3:8→1 / s4:2→1 / s5:8→1, s2:2→1 / s3:6→1 / s4:6→1 / s5:2→1, s2:2→1 / s3:8→1 / s4:8→1 / s5:2→1, s2:6→1 / s3:6→1 / s4:2→1 / s5:2→1, s2:2→1 / s3:8→1 / s4:2→1 / s5:8→1, s2:2→1 / s3:6→1 / s4:2→1 / s5:6→1, s2:2→1 / s3:8→1 / s4:2→1 / s5:8→1, s2:2→1 / s3:6→1 / s4:2→1 / s5:6→1, s2:6→1 / s3:8→1 / s4:6→1 / s5:8→1, s2:6→1 / s3:8→1 / s4:6→1 / s5:8→1, s2:2→1 / s3:8→1 / s4:8→1 / s5:2→1, s2:2→1 / s3:6→1 / s4:6→1 / s5:2→1, s2:2→1 / s3:8→1 / s4:8→1 / s5:2→1, s2:6→1 / s3:8→1 / s4:6→1 / s5:8→1, s2:2→1 / s3:8→1 / s4:8→1 / s5:2→1, s2:2→1 / s3:8→1 / s4:8→1 / s5:2→1, s2:2→1 / s3:6→1 / s4:6→1 / s5:2→1, s2:2→1 / s3:8→1 / s4:8→1 / s5:2→1, s2:6→1 / s3:8→1 / s4:6→1 / s5:8→1, s2:2→1 / s3:6→1 / s4:6→1 / s5:2→1, s2:2→1 / s3:8→1 / s4:8→1 / s5:2→1, s2:2→1 / s3:8→1 / s4:8→1 / s5:2→1, s2:2→1 / s3:8→1 / s4:8→1 / s5:2→1, s2:2→1 / s3:6→1 / s4:6→1 / s5:2→1, s2:2→1 / s3:8→1 / s4:8→1 / s5:2→1, s2:2→1 / s3:8→1 / s4:8→1 / s5:2→1, s2:2→1 / s3:8→1 / s4:8→1 / s5:2→1, s2:2→1 / s3:8→1 / s4:8→1 / s5:2→1, s2:2→1 / s3:8→1 / s4:2→1 / s5:8→1, s2:2→1 / s3:8→1 / s4:8→1 / s5:2→1, s2:2→1 / s3:8→1 / s4:8→1 / s5:2→1, s2:2→1 / s3:8→1 / s4:8→1 / s5:2→1, s2:2→1 / s3:8→1 / s4:2→1 / s5:8→1, s2:2→1 / s3:8→1 / s4:8→1 / s5:2→1, s2:2→1 / s3:8→1 / s4:8→1 / s5:2→1, s2:2→1 / s3:8→1 / s4:8→1 / s5:2→1, s2:2→1 / s3:8→1 / s4:2→1 / s5:8→1, s2:2→1 / s3:8→1 / s4:2→1 / s5:8→1, s2:2→1 / s3:8→1 / s4:8→1 / s5:2→1, s2:2→1 / s3:8→1 / s4:2→1 / s5:8→1, s2:2→1 / s3:6→1 / s4:6→1 / s5:2→1, s2:2→1 / s3:6→1 / s4:6→1 / s5:2→1, s2:2→1 / s3:8→1 / s4:8→1 / s5:2→1, s2:2→1 / s3:8→1 / s4:8→1 / s5:2→1, s2:6→1 / s3:8→1 / s4:8→1 / s5:6→1, s2:6→1 / s3:8→1 / s4:8→1 / s5:6→1, s2:6→1 / s3:8→1 / s4:6→1 / s5:8→1, s2:6→1 / s3:8→1 / s4:8→1 / s5:6→1, s2:6→1 / s3:8→1 / s4:6→1 / s5:8→1, s2:6→1 / s3:8→1 / s4:8→1 / s5:6→1, s2:2→1 / s3:2→1 / s4:8→1 / s5:8→1, s2:2→1 / s3:2→1 / s4:8→1 / s5:8→1, s2:2→1 / s3:2→1 / s4:8→1 / s5:8→1, s2:2→1 / s3:2→1 / s4:8→1 / s5:8→1, s2:2→1 / s3:2→1 / s4:8→1 / s5:8→1, s2:2→1 / s3:2→1 / s4:8→1 / s5:8→1, s2:2→1 / s3:2→1 / s4:8→1 / s5:8→1, s2:2→1 / s3:2→1 / s4:6→1 / s5:6→1, s2:2→1 / s3:2→1 / s4:8→1 / s5:8→1, s2:2→1 / s3:2→1 / s4:6→1 / s5:6→1, s2:2→1 / s3:2→1 / s4:8→1 / s5:8→1, s2:6→1 / s3:2→1 / s4:6→1 / s5:2→1, s2:2→1 / s3:2→1 / s4:8→1 / s5:8→1, s2:2→1 / s3:2→1 / s4:8→1 / s5:8→1, s2:2→1 / s3:2→1 / s4:6→1 / s5:6→1, s2:2→1 / s3:2→1 / s4:6→1 / s5:6→1, s2:2→1 / s3:2→1 / s4:8→1 / s5:8→1, s2:6→1 / s3:2→1 / s4:6→1 / s5:2→1, s2:2→1 / s3:2→1 / s4:6→1 / s5:6→1, s2:2→1 / s3:2→1 / s4:8→1 / s5:8→1, s2:2→1 / s3:2→1 / s4:8→1 / s5:8→1, s2:2→1 / s3:2→1 / s4:8→1 / s5:8→1, s2:2→1 / s3:2→1 / s4:8→1 / s5:8→1, s2:2→1 / s3:2→1 / s4:8→1 / s5:8→1, s2:2→1 / s3:2→1 / s4:8→1 / s5:8→1, s2:6→1 / s3:2→1 / s4:2→1 / s5:6→1, s2:6→1 / s3:2→1 / s4:2→1 / s5:6→1, s2:6→1 / s3:2→1 / s4:2→1 / s5:6→1, s2:6→1 / s3:2→1 / s4:2→1 / s5:6→1, s2:2→1 / s3:2→1 / s4:6→1 / s5:6→1, s2:2→1 / s3:2→1 / s4:8→1 / s5:8→1, s2:2→1 / s3:2→1 / s4:8→1 / s5:8→1, s2:6→1 / s3:2→1 / s4:6→1 / s5:2→1, s2:6→1 / s3:2→1 / s4:6→1 / s5:2→1, s2:2→1 / s3:2→1 / s4:6→1 / s5:6→1, s2:2→1 / s3:2→1 / s4:8→1 / s5:8→1, s2:2→1 / s3:2→1 / s4:8→1 / s5:8→1, s2:2→1 / s3:2→1 / s4:6→1 / s5:6→1, s2:2→1 / s3:2→1 / s4:8→1 / s5:8→1, s2:6→1 / s3:2→1 / s4:6→1 / s5:2→1, s2:6→1 / s3:2→1 / s4:6→1 / s5:2→1, s2:2→1 / s3:2→1 / s4:8→1 / s5:8→1, s2:2→1 / s3:2→1 / s4:8→1 / s5:8→1, s2:2→1 / s3:2→1 / s4:8→1 / s5:8→1, s2:2→1 / s3:2→1 / s4:6→1 / s5:6→1, s2:2→1 / s3:2→1 / s4:8→1 / s5:8→1, s2:2→1 / s3:2→1 / s4:6→1 / s5:6→1, s2:2→1 / s3:2→1 / s4:8→1 / s5:8→1, s2:6→1 / s3:2→1 / s4:6→1 / s5:2→1, s2:2→1 / s3:2→1 / s4:6→1 / s5:6→1, s2:2→1 / s3:2→1 / s4:8→1 / s5:8→1, s2:2→1 / s3:2→1 / s4:8→1 / s5:8→1, s2:2→1 / s3:2→1 / s4:8→1 / s5:8→1, s2:2→1 / s3:2→1 / s4:8→1 / s5:8→1, s2:2→1 / s3:2→1 / s4:8→1 / s5:8→1, s2:2→1 / s3:2→1 / s4:8→1 / s5:8→1, s2:2→1 / s3:2→1 / s4:6→1 / s5:6→1, s2:2→1 / s3:2→1 / s4:8→1 / s5:8→1, s2:6→1 / s3:2→1 / s4:6→1 / s5:2→1, s2:2→1 / s3:2→1 / s4:8→1 / s5:8→1, s2:2→1 / s3:2→1 / s4:6→1 / s5:6→1, s2:2→1 / s3:2→1 / s4:8→1 / s5:8→1, s2:2→1 / s3:2→1 / s4:6→1 / s5:6→1, s2:2→1 / s3:2→1 / s4:8→1 / s5:8→1, s2:2→1 / s3:2→1 / s4:8→1 / s5:8→1, s2:2→1 / s3:2→1 / s4:8→1 / s5:8→1, s2:2→1 / s3:2→1 / s4:8→1 / s5:8→1, s2:2→1 / s3:2→1 / s4:6→1 / s5:6→1, s2:2→1 / s3:2→1 / s4:8→1 / s5:8→1, s2:2→1 / s3:2→1 / s4:6→1 / s5:6→1, s2:2→1 / s3:2→1 / s4:6→1 / s5:6→1, s2:6→1 / s3:2→1 / s4:2→1 / s5:6→1, s2:6→1 / s3:2→1 / s4:2→1 / s5:6→1, s2:6→1 / s3:2→1 / s4:2→1 / s5:6→1, s2:6→1 / s3:2→1 / s4:2→1 / s5:6→1}"
7	40	"so(8)+2 su(3)"	"so(8)+su(3)+2(so(7)+2 su(2))"	13	145	4	1	0	0	0	0	0	0	"{s1:7→1 / s2:1→1 / s3:1→1, 3→1 / s4:1→2 / s5:1→3, 3→1, s1:7→1 / s2:1→1 / s3:1→1 / s4:1→1, 3→1 / s5:1→3, 3→1, s1:7→1 / s2:1→1 / s3:1→1 / s4:1→1 / s5:1→2, s1:7→1 / s2:1→1 / s3:1→1 / s4:1→1 / s5:1→3, 3→1, s1:7→1 / s2:1→1 / s3:1→1 / s4:1→1 / s5:1→4, 7→1, s1:7→1 / s2:1→1 / s3:1→1 / s4:1→2, 3→1 / s5:1→3, 3→1, s1:7→1 / s2:1→1 / s3:1→1 / s4:1→2 / s5:1→2, s1:7→1 / s2:1→1 / s3:1→1 / s4:1→2 / s5:1→2, 3→1, s1:7→1 / s2:1→1 / s3:1→1 / s4:1→2 / s5:1→3, 3→1, s1:7→1 / s2:1→1 / s3:1→1 / s4:1→2 / s5:1→3, 7→1, s1:7→1 / s2:1→1 / s3:1→1 / s4:1→2 / s5:1→4, 7→1, s1:7→1 / s2:1→1 / s3:1→1 / s4:1→3, 3→1 / s5:1→3, 3→1, s1:7→1 / s2:1→1 / s3:1→2 / s4:1→2, 3→1 / s5:1→2, 3→1, s1:7→1 / s2:1→1 / s3:1→2 / s4:1→2, 3→1 / s5:1→3, 3→1, s1:7→1 / s2:1→1 / s3:1→2 / s4:1→2 / s5:1→2, 3→1, s1:7→1 / s2:1→1 / s3:1→2 / s4:1→2 / s5:1→3, 7→1, s1:7→1 / s2:1→1 / s3:1→2 / s4:1→2 / s5:1→4, 7→1, s1:7→1 / s3:1→1 / s4:1→1, 7→1 / s5:1→3, 7→1, s1:7→1 / s3:1→1 / s4:1→1 / s5:1→3, 5→1, s1:7→1 / s3:1→1 / s4:1→1 / s5:1→3, 7→1, s1:7→1 / s3:1→1 / s4:1→2, 5→1 / s5:1→4, 5→1, s1:7→1 / s3:1→1 / s4:1→2, 7→1 / s5:1→4, 7→1, s1:7→1 / s3:1→1 / s4:1→2 / s5:1→3, 7→1, s1:7→1 / s3:1→2 / s4:1→2 / s5:1→2, 7→1, s1:7→1 / s3:3→1 / s4:3→1 / s5:1→1, s1:7→1 / s3:7→1 / s4:1→1, 5→1 / s5:1→2, 5→1, 7→2, s1:7→1 / s3:7→1 / s4:1→1 / s5:1→1, 7→2, s1:7→1 / s3:7→1 / s4:1→1 / s5:1→2, 5→1, 7→2, s1:7→1 / s3:7→1 / s4:7→1 / s5:1→1, s1:7→1 / s4:1→1, 7→1 / s5:1→1, 7→2, s1:7→1 / s4:1→1 / s5:1→4, 5→1, s1:7→1 / s4:1→1 / s5:1→4, 7→1, s1:7→1 / s4:1→2 / s5:1→2, s1:7→1 / s4:1→2 / s5:1→3, 7→1, s1:7→1 / s4:1→2 / s5:1→4, 7→1, s1:7→1 / s4:1→3, 5→1 / s5:1→4, 5→1, s1:7→1 / s4:1→3, 7→1 / s5:1→4, 7→1, s1:7→1 / s4:1→4, 5→1 / s5:1→4, 5→1, s1:7→1 / s4:1→4, 7→1 / s5:1→4, 5→1, s1:7→1 / s4:1→4, 7→1 / s5:1→4, 7→1, s1:7→1 / s4:7→1 / s5:1→1, 7→1, s1:7→1 / s4:7→1 / s5:1→1, 7→2, s1:7→1 / s4:7→1 / s5:1→2, 7→2, s1:7→1 / s4:7→1 / s5:7→1, s1:7→1 / s4:7→1 / s5:7→2, s1:7→1 / s5:7→1}"	"{s2:8→1 / s3:8→1 / s4:6→1 / s5:6→1, s2:8→1 / s3:6→1 / s4:8→1 / s5:6→1, s2:8→1 / s3:8→1 / s4:6→1 / s5:6→1, s2:8→1 / s3:8→1 / s4:6→1 / s5:6→1, s2:8→1 / s3:8→1 / s4:6→1 / s5:6→1, s2:8→1 / s3:8→1 / s4:6→1 / s5:6→1, s2:8→1 / s3:8→1 / s4:6→1 / s5:6→1, s2:8→1 / s3:8→1 / s4:6→1 / s5:6→1, s2:8→1 / s3:8→1 / s4:6→1 / s5:6→1, s2:8→1 / s3:8→1 / s4:6→1 / s5:6→1, s2:8→1 / s3:8→1 / s4:6→1 / s5:6→1, s2:8→1 / s3:8→1 / s4:6→1 / s5:6→1, s2:8→1 / s3:6→1 / s4:8→1 / s5:6→1, s2:8→1 / s3:6→1 / s4:8→1 / s5:6→1, s2:8→1 / s3:6→1 / s4:6→1 / s5:8→1, s2:8→1 / s3:6→1 / s4:6→1 / s5:8→1, s2:8→1 / s3:6→1 / s4:6→1 / s5:8→1, s2:2→1 / s3:8→1 / s4:2→1 / s5:8→1, s2:2→1 / s3:8→1 / s4:8→1 / s5:2→1, s2:2→1 / s3:8→1 / s4:8→1 / s5:2→1, s2:2→1 / s3:8→1 / s4:2→1 / s5:8→1, s2:2→1 / s3:8→1 / s4:2→1 / s5:8→1, s2:2→1 / s3:6→1 / s4:6→1 / s5:2→1, s2:2→1 / s3:6→1 / s4:6→1 / s5:2→1, s2:6→1 / s3:8→1 / s4:6→1 / s5:8→1, s2:2→1 / s3:2→1 / s4:8→1 / s5:8→1, s2:6→1 / s3:2→1 / s4:6→1 / s5:2→1, s2:2→1 / s3:2→1 / s4:8→1 / s5:8→1, s2:6→1 / s3:2→1 / s4:2→1 / s5:6→1, s2:6→1 / s3:2→1 / s4:6→1 / s5:2→1, s2:2→1 / s3:2→1 / s4:8→1 / s5:8→1, s2:2→1 / s3:2→1 / s4:8→1 / s5:8→1, s2:2→1 / s3:2→1 / s4:6→1 / s5:6→1, s2:2→1 / s3:2→1 / s4:6→1 / s5:6→1, s2:2→1 / s3:2→1 / s4:6→1 / s5:6→1, s2:2→1 / s3:2→1 / s4:8→1 / s5:8→1, s2:2→1 / s3:2→1 / s4:8→1 / s5:8→1, s2:2→1 / s3:2→1 / s4:8→1 / s5:8→1, s2:2→1 / s3:2→1 / s4:8→1 / s5:8→1, s2:2→1 / s3:2→1 / s4:8→1 / s5:8→1, s2:6→1 / s3:2→1 / s4:2→1 / s5:6→1, s2:6→1 / s3:6→1 / s4:2→1 / s5:2→1, s2:6→1 / s3:2→1 / s4:2→1 / s5:6→1, s2:6→1 / s3:6→1 / s4:2→1 / s5:2→1, s2:6→1 / s3:6→1 / s4:2→1 / s5:2→1, s2:6→1 / s3:6→1 / s4:2→1 / s5:2→1}"
7	40	"so(8)+2 su(3)"	"so(8)+su(3)+2(so(7)+2 su(2))"	14	145	4	1	0	0	0	0	0	0	"{s1:7→1 / s2:1→1 / s3:1→1 / s4:1→2 / s5:1→3, s1:7→1 / s2:1→1 / s3:1→1 / s4:1→2 / s5:1→3, 3→1, 7→1, s1:7→1 / s2:1→1 / s3:1→1 / s4:1→2 / s5:1→4, 7→1, s1:7→1 / s2:1→1 / s3:1→1 / s4:1→3, 3→1 / s5:1→4, 3→1, s1:7→1 / s2:1→1 / s3:1→2 / s4:1→2, 3→1 / s5:1→4, 3→1, s1:7→1 / s3:1→1 / s4:1→1 / s5:1→4, 5→1, s1:7→1 / s3:1→1 / s4:1→1 / s5:1→4, 7→1, s1:7→1 / s3:3→1, 7→1 / s4:3→1 / s5:1→1, s1:7→1 / s4:1→2 / s5:1→3, s1:7→1 / s5:1→1, 7→2, s1:7→1 / s5:1→1, 7→3, s1:7→1 / s5:1→1, 7→4, s1:7→1 / s5:7→2}"	"{s2:8→1 / s3:8→1 / s4:6→1 / s5:6→1, s2:8→1 / s3:8→1 / s4:6→1 / s5:6→1, s2:8→1 / s3:6→1 / s4:6→1 / s5:8→1, s2:8→1 / s3:8→1 / s4:6→1 / s5:6→1, s2:8→1 / s3:6→1 / s4:8→1 / s5:6→1, s2:2→1 / s3:8→1 / s4:8→1 / s5:2→1, s2:2→1 / s3:8→1 / s4:8→1 / s5:2→1, s2:6→1 / s3:8→1 / s4:6→1 / s5:8→1, s2:2→1 / s3:2→1 / s4:6→1 / s5:6→1, s2:6→1 / s3:6→1 / s4:2→1 / s5:2→1, s2:6→1 / s3:6→1 / s4:2→1 / s5:2→1, s2:6→1 / s3:6→1 / s4:2→1 / s5:2→1, s2:6→1 / s3:6→1 / s4:2→1 / s5:2→1}"
7	40	"so(8)+2 su(3)"	"so(8)+su(3)+2(so(7)+2 su(2))"	15	145	4	1	0	0	0	0	0	0	"{s1:7→1 / s2:1→1 / s3:1→1 / s4:1→2 / s5:1→4, 3→1, s1:7→1 / s2:1→1 / s3:1→1 / s4:1→3 / s5:1→3, 3→1, s1:7→1 / s2:1→1 / s3:1→1 / s4:1→3 / s5:1→4, 3→1, s1:7→1 / s2:1→1 / s3:1→1 / s4:1→4, 3→1 / s5:1→4, 3→1, s1:7→1 / s2:1→2 / s3:1→2 / s4:1→2 / s5:1→2, 3→1, s1:7→1 / s4:1→2 / s5:1→4, 5→1, s1:7→1 / s4:7→2 / s5:1→1, 7→1, s1:7→1 / s5:1→2, 7→3}"	"{s2:8→1 / s3:8→1 / s4:6→1 / s5:6→1, s2:8→1 / s3:8→1 / s4:6→1 / s5:6→1, s2:8→1 / s3:8→1 / s4:6→1 / s5:6→1, s2:8→1 / s3:8→1 / s4:6→1 / s5:6→1, s2:8→1 / s3:6→1 / s4:6→1 / s5:8→1, s2:2→1 / s3:2→1 / s4:8→1 / s5:8→1, s2:6→1 / s3:2→1 / s4:2→1 / s5:6→1, s2:6→1 / s3:6→1 / s4:2→1 / s5:2→1}"
7	40	"so(8)+2 su(3)"	"so(8)+su(3)+2(so(7)+2 su(2))"	16	145	4	1	0	0	0	0	0	0	"{s1:7→1 / s2:1→1 / s3:1→1 / s4:1→3 / s5:1→3, s1:7→1 / s2:1→1 / s3:1→2 / s4:1→2 / s5:1→2, s1:7→1 / s3:1→1 / s4:1→2 / s5:1→3, 7→1, s1:7→1 / s3:1→1 / s4:1→2 / s5:1→4, 5→1, s1:7→1 / s3:1→1 / s4:1→2 / s5:1→4, 7→1, s1:7→1 / s3:7→1 / s4:1→1 / s5:1→1, 5→1, 7→1, s1:7→1 / s4:1→1 / s5:1→2, s1:7→1 / s4:1→2 / s5:1→4, 7→1, s1:7→1 / s4:1→3 / s5:1→3}"	"{s2:8→1 / s3:8→1 / s4:6→1 / s5:6→1, s2:8→1 / s3:8→1 / s4:6→1 / s5:6→1, s2:2→1 / s3:8→1 / s4:8→1 / s5:2→1, s2:2→1 / s3:8→1 / s4:8→1 / s5:2→1, s2:2→1 / s3:8→1 / s4:8→1 / s5:2→1, s2:2→1 / s3:2→1 / s4:8→1 / s5:8→1, s2:2→1 / s3:2→1 / s4:8→1 / s5:8→1, s2:2→1 / s3:2→1 / s4:8→1 / s5:8→1, s2:2→1 / s3:2→1 / s4:6→1 / s5:6→1}"
7	40	"so(8)+2 su(3)"	"so(8)+su(3)+2(so(7)+2 su(2))"	17	145	4	1	0	0	0	0	0	0	"{s1:7→1 / s2:1→1 / s3:1→1 / s4:1→2, 3→1, 7→1 / s5:1→2, 3→1, s1:7→1 / s2:1→1 / s3:1→1 / s4:1→2, 3→1 / s5:1→2, 3→1, s1:7→1 / s2:1→1 / s3:1→2 / s4:1→2 / s5:1→4, 3→1, s1:7→1 / s4:1→2 / s5:1→3, 7→1}"	"{s2:8→1 / s3:6→1 / s4:8→1 / s5:6→1, s2:8→1 / s3:6→1 / s4:8→1 / s5:6→1, s2:8→1 / s3:8→1 / s4:6→1 / s5:6→1, s2:2→1 / s3:2→1 / s4:8→1 / s5:8→1}"
7	40	"so(8)+2 su(3)"	"so(8)+su(3)+2(so(7)+2 su(2))"	18	145	4	1	0	0	0	0	0	0	"{s1:7→1 / s2:1→1 / s3:1→1 / s4:1→1 / s5:1→2, 5→1, s1:7→1 / s2:5→1 / s4:7→1 / s5:1→1, 5→1, s1:7→1 / s3:3→1 / s4:3→1, 7→1 / s5:1→1, s1:7→1 / s4:7→1 / s5:1→1, 7→2}"	"{s2:8→1 / s3:8→1 / s4:2→1 / s5:2→1, s2:8→1 / s3:2→1 / s4:2→1 / s5:8→1, s2:6→1 / s3:8→1 / s4:8→1 / s5:6→1, s2:6→1 / s3:2→1 / s4:2→1 / s5:6→1}"
7	40	"so(8)+2 su(3)"	"so(8)+su(3)+2(so(7)+2 su(2))"	19	145	4	1	0	0	0	0	0	0	"s1:7→1 / s2:1→1 / s3:1→2 / s4:1→2 / s5:1→3"	"s2:8→1 / s3:8→1 / s4:6→1 / s5:6→1"
7	40	"so(8)+2 su(3)"	"so(8)+su(3)+2(so(7)+2 su(2))"	20	145	4	1	0	0	0	0	0	0	"{s1:7→1 / s2:1→1 / s3:1→2 / s4:1→2 / s5:1→3, 3→1, s1:7→1 / s2:5→1 / s4:7→1 / s5:1→1, 5→1, 7→1, s1:7→1 / s3:1→1, 7→1 / s4:1→1, 5→1 / s5:1→1, 5→1, 7→2, s1:7→1 / s3:1→1 / s4:1→1, 5→1, 7→1 / s5:1→1, 5→1, 7→2, s1:7→1 / s3:1→1 / s4:1→1 / s5:1→1, s1:7→1 / s3:1→1 / s4:1→2 / s5:1→3, 5→1, s1:7→1 / s4:1→2 / s5:1→3, 5→1, s1:7→1 / s5:7→3}"	"{s2:8→1 / s3:8→1 / s4:6→1 / s5:6→1, s2:8→1 / s3:2→1 / s4:2→1 / s5:8→1, s2:2→1 / s3:8→1 / s4:8→1 / s5:2→1, s2:2→1 / s3:8→1 / s4:8→1 / s5:2→1, s2:2→1 / s3:8→1 / s4:8→1 / s5:2→1, s2:2→1 / s3:8→1 / s4:8→1 / s5:2→1, s2:2→1 / s3:2→1 / s4:8→1 / s5:8→1, s2:6→1 / s3:6→1 / s4:2→1 / s5:2→1}"
7	40	"so(8)+2 su(3)"	"so(8)+su(3)+2(so(7)+2 su(2))"	21	145	4	1	0	0	0	0	0	0	"s1:7→1 / s2:1→1 / s3:1→1 / s4:1→1 / s5:1→2, 7→1"	"s2:8→1 / s3:8→1 / s4:2→1 / s5:2→1"
7	40	"so(8)+2 su(3)"	"so(8)+su(3)+2(so(7)+2 su(2))"	22	145	4	1	0	0	0	0	0	0	"s1:7→1 / s3:1→1 / s4:1→2 / s5:1→2"	"s2:2→1 / s3:2→1 / s4:6→1 / s5:6→1"
7	40	"so(8)+2 su(3)"	"so(8)+su(3)+2(so(7)+2 su(2))"	23	145	4	1	0	0	0	0	0	0	"s1:7→1 / s3:1→1 / s4:1→1 / s5:1→4, 5→1"	"s2:2→1 / s3:8→1 / s4:2→1 / s5:8→1"
7	40	"so(8)+2 su(3)"	"so(8)+su(3)+2(so(7)+2 su(2))"	26	145	4	1	0	0	0	0	0	0	"s1:7→1 / s2:1→1 / s3:1→1 / s4:1→2, 3→1 / s5:1→3, 3→1"	"s2:8→1 / s3:6→1 / s4:8→1 / s5:6→1"
7	40	"so(8)+2 su(3)"	"so(8)+su(3)+2(so(7)+2 su(2))"	27	145	4	1	0	0	0	0	0	0	"{s1:7→1 / s3:1→1 / s4:1→1 / s5:1→2, s1:7→1 / s3:1→1 / s4:1→2, 7→1 / s5:1→4, 5→1}"	"{s2:2→1 / s3:8→1 / s4:2→1 / s5:8→1, s2:2→1 / s3:8→1 / s4:2→1 / s5:8→1}"
7	40	"so(8)+2 su(3)"	"so(8)+su(3)+2(so(7)+2 su(2))"	28	145	4	1	0	0	0	0	0	0	"s1:7→1 / s3:1→1 / s4:1→2 / s5:1→3"	"s2:2→1 / s3:2→1 / s4:6→1 / s5:6→1"
7	40	"so(8)+2 su(3)"	"so(8)+su(3)+2(so(7)+2 su(2))"	32	145	4	1	0	0	0	0	0	0	"s1:7→1 / s2:1→1 / s3:1→2 / s4:1→2 / s5:1→4, 7→1"	"s2:8→1 / s3:8→1 / s4:6→1 / s5:6→1"
7	40	"so(8)+2 su(3)"	"so(8)+su(3)+2(so(7)+2 su(2))"	34	145	4	1	0	0	0	0	0	0	"s1:7→1 / s2:1→1 / s3:1→1 / s4:1→3 / s5:1→4, 7→1"	"s2:8→1 / s3:8→1 / s4:6→1 / s5:6→1"
7	40	"so(8)+2 su(3)"	"so(8)+su(3)+2(so(7)+2 su(2))"	35	145	4	1	0	0	0	0	0	0	"s1:7→1 / s3:1→1 / s4:1→2 / s5:1→2"	"s2:2→1 / s3:2→1 / s4:8→1 / s5:8→1"
7	40	"so(8)+2 su(3)"	"so(8)+su(3)+2(so(7)+2 su(2))"	39	145	4	1	0	0	0	0	0	0	"s1:7→1 / s2:5→1 / s4:7→1 / s5:1→1, 5→1, 7→2"	"s2:8→1 / s3:2→1 / s4:2→1 / s5:8→1"
7	40	"so(8)+2 su(3)"	"so(8)+su(3)+2(so(7)+2 su(2))"	76	145	4	1	0	0	0	0	0	0	"s1:1→1, 7→1 / s5:7→3"	"s2:6→1 / s3:6→1 / s4:2→1 / s5:2→1"
7	40	"so(8)+2 su(3)"	"so(8)+su(3)+2(so(7)+2 su(2))"	80	145	4	1	0	0	0	0	0	0	"s1:7→1 / s4:1→3 / s5:1→4, 7→1"	"s2:2→1 / s3:2→1 / s4:6→1 / s5:6→1"
7	40	"so(8)+2 su(3)"	"so(8)+su(3)+2(so(7)+2 su(2))"	88	145	4	1	0	0	0	0	0	0	"s1:7→1 / s4:1→2 / s5:1→2"	"s2:2→1 / s3:2→1 / s4:8→1 / s5:8→1"
7	40	"so(8)+2 su(3)"	"so(8)+su(3)+3(g2+su(2))"	12	140	3	2	0	0	0	0	0	0	"{s1:7→1 / s2:1→1, 7→1 / s3:1→1 / s4:1→1, 3→1 / s5:1→1, 5→1, s1:7→1 / s2:1→1, 7→1 / s3:1→1 / s4:1→1 / s5:1→1, 5→1, s1:7→1 / s2:1→1, 7→1 / s3:3→1, 5→1 / s5:1→1, 5→1, s1:7→1 / s2:1→1, 7→1 / s3:3→1 / s4:1→1 / s5:1→1, 5→1, s1:7→1 / s2:1→1, 7→1 / s3:3→1 / s4:1→1 / s5:1→1, 5→1, s1:7→1 / s2:1→1, 7→1 / s3:3→1 / s4:1→1 / s5:1→1, 5→1, s1:7→1 / s2:1→1, 7→1 / s3:3→1 / s4:5→1 / s5:1→1, s1:7→1 / s2:1→1, 7→1 / s3:3→1 / s5:1→1, s1:7→1 / s2:1→1, 7→1 / s3:5→1 / s4:3→1, 5→1, s1:7→1 / s2:1→1, 7→1 / s3:5→1 / s5:1→1, 5→1, s1:7→1 / s2:1→1, 7→1 / s4:1→1, 5→1 / s5:1→1, 3→1, 5→1, s1:7→1 / s2:1→1, 7→1 / s4:1→1, 5→1 / s5:1→1, 5→1, s1:7→1 / s2:1→1, 7→1 / s4:1→1 / s5:1→1, s1:7→1 / s2:1→1, 7→1 / s4:1→1 / s5:1→1, s1:7→1 / s2:1→1, 7→1 / s4:1→1 / s5:1→1, s1:7→1 / s2:1→1, 7→1 / s4:1→1 / s5:1→1, 3→1, s1:7→1 / s2:1→1, 7→1 / s4:1→1 / s5:1→1, 3→1, s1:7→1 / s2:1→1, 7→1 / s4:1→1 / s5:1→1, 3→1, 5→1, s1:7→1 / s2:1→1, 7→1 / s4:1→1 / s5:1→1, 3→1, 5→1, s1:7→1 / s2:1→1, 7→1 / s4:1→1 / s5:1→1, 3→1, 5→1, s1:7→1 / s2:1→1, 7→1 / s4:1→1 / s5:1→1, 5→1, s1:7→1 / s2:1→1, 7→1 / s4:1→1 / s5:1→1, 5→1, s1:7→1 / s2:1→1, 7→1 / s4:1→1 / s5:1→1, 5→1, s1:7→1 / s2:1→1, 7→1 / s4:1→1 / s5:1→1, 5→1, s1:7→1 / s2:1→1, 7→1 / s4:1→1 / s5:1→2, s1:7→1 / s2:1→1, 7→1 / s4:1→1 / s5:1→2, 3→1, 5→1, s1:7→1 / s2:1→1, 7→1 / s4:1→1 / s5:1→2, 5→1, s1:7→1 / s2:1→1, 7→1 / s4:1→1 / s5:1→2, 5→1, s1:7→1 / s2:1→1, 7→1 / s4:1→1 / s5:1→3, 5→1, s1:7→1 / s2:1→1, 7→1 / s4:1→2 / s5:1→2, 3→1, 5→1, s1:7→1 / s2:1→1, 7→1 / s4:1→2 / s5:1→2, 5→1, s1:7→1 / s2:1→1, 7→1 / s4:3→1, 5→1, s1:7→1 / s2:1→1, 7→1 / s4:3→1, 5→1, s1:7→1 / s2:1→1, 7→1 / s4:3→1 / s5:5→1, s1:7→1 / s2:1→1, 7→1 / s5:1→1, s1:7→1 / s2:1→1, 7→1 / s5:1→1, 5→1, s1:7→1 / s2:1→1, 7→1 / s5:1→1, 5→1, s1:7→1 / s2:1→1 / s3:1→1, 5→1 / s4:1→1, 3→1, 7→1 / s5:1→1, 7→1, s1:7→1 / s2:1→1 / s3:1→1, 7→1 / s4:1→1, 5→1 / s5:1→1, 7→1, s1:7→1 / s2:1→1 / s3:1→1 / s4:1→1, 3→1, 7→1 / s5:1→1, 3→1, 5→1, s1:7→1 / s2:1→1 / s3:1→1 / s4:1→1, 5→1 / s5:1→1, 7→1, s1:7→1 / s2:1→1 / s3:3→1, 7→1 / s4:1→1, 5→1 / s5:1→1, 7→1, s1:7→1 / s2:1→1 / s3:3→1, 7→1 / s4:1→1, 5→1 / s5:1→2, 3→1, 7→1, s1:7→1 / s2:1→1 / s3:3→1, 7→1 / s4:1→1, 7→1 / s5:1→1, 5→1, 7→1, s1:7→1 / s2:1→1 / s3:3→1, 7→1 / s4:1→1, 7→1 / s5:1→1, 7→1, s1:7→1 / s2:1→1 / s3:3→1, 7→1 / s4:7→1 / s5:1→1, 7→1, s1:7→1 / s2:1→1 / s3:3→1 / s4:1→1 / s5:1→1, 3→1, 5→1, s1:7→1 / s2:1→1 / s3:3→1 / s4:1→1 / s5:1→1, 3→1, 5→1, 7→1, s1:7→1 / s2:1→1 / s3:3→1 / s4:1→1 / s5:1→1, 3→1, 5→1, 7→2, s1:7→1 / s2:1→1 / s3:3→1 / s4:1→1 / s5:1→1, 3→1, 7→1, s1:7→1 / s2:1→1 / s3:3→1 / s4:1→1 / s5:1→1, 3→1, 7→2, s1:7→1 / s2:1→1 / s3:3→1 / s4:1→1 / s5:1→1, 5→1, 7→1, s1:7→1 / s2:1→1 / s3:3→1 / s4:1→1 / s5:1→2, 3→1, 5→1, 7→1, s1:7→1 / s2:1→1 / s3:3→1 / s4:1→1 / s5:1→2, 3→1, 7→2, s1:7→1 / s2:1→1 / s3:3→1 / s4:5→1 / s5:1→1, s1:7→1 / s2:1→1 / s3:3→1 / s4:7→1 / s5:1→1, s1:7→1 / s2:1→1 / s3:3→1 / s4:7→1 / s5:1→1, 5→1, s1:7→1 / s2:1→1 / s3:5→1 / s4:3→1 / s5:1→1, s1:7→1 / s2:1→1 / s3:5→1 / s4:3→1 / s5:3→1, 7→1, s1:7→1 / s2:1→1 / s3:7→1 / s4:1→1, 5→1, 7→1 / s5:1→1, 3→1, 5→1, 7→1, s1:7→1 / s2:1→1 / s3:7→1 / s4:1→1, 5→1, 7→1 / s5:1→1, 3→1, 7→1, s1:7→1 / s2:1→1 / s3:7→1 / s4:1→1, 5→1, 7→1 / s5:1→1, 3→1, 7→1, s1:7→1 / s2:1→1 / s3:7→1 / s4:1→1, 5→1, 7→1 / s5:1→1, 5→1, 7→1, s1:7→1 / s2:1→1 / s3:7→1 / s4:1→1, 5→1 / s5:1→1, 3→1, 5→1, 7→1, s1:7→1 / s2:1→1 / s3:7→1 / s4:1→1, 5→1 / s5:1→1, 3→1, 7→1, s1:7→1 / s2:1→1 / s3:7→1 / s4:1→1, 5→1 / s5:1→1, 5→1, 7→1, s1:7→1 / s2:1→1 / s3:7→1 / s4:1→1, 5→1 / s5:1→2, 7→1, s1:7→1 / s2:1→1 / s3:7→1 / s4:1→1, 7→1 / s5:1→1, 3→1, 7→1, s1:7→1 / s2:1→1 / s3:7→1 / s4:1→1, 7→1 / s5:1→1, 3→1, 7→1, s1:7→1 / s2:1→1 / s3:7→1 / s4:1→1, 7→1 / s5:1→1, 5→1, s1:7→1 / s2:1→1 / s3:7→1 / s4:1→1, 7→1 / s5:1→1, 5→1, 7→1, s1:7→1 / s2:1→1 / s3:7→1 / s4:1→1, 7→1 / s5:1→1, 5→1, 7→1, s1:7→1 / s2:1→1 / s3:7→1 / s4:1→1, 7→1 / s5:1→1, 7→1, s1:7→1 / s2:1→1 / s3:7→1 / s4:1→1, 7→1 / s5:1→1, 7→1, s1:7→1 / s2:1→1 / s3:7→1 / s4:1→1 / s5:1→1, 5→1, 7→1, s1:7→1 / s2:1→1 / s4:1→1, 3→1, 7→1 / s5:1→2, 5→1, 7→1, s1:7→1 / s2:1→1 / s4:1→1, 3→1, 7→1 / s5:1→2, 7→1, s1:7→1 / s2:1→1 / s4:1→1, 5→1, 7→1 / s5:1→1, 3→1, 5→1, 7→1, s1:7→1 / s2:1→1 / s4:1→1, 5→1, 7→1 / s5:1→1, 3→1, 7→1, s1:7→1 / s2:1→1 / s4:1→1, 5→1 / s5:1→1, 3→1, 5→1, 7→1, s1:7→1 / s2:1→1 / s4:1→1, 5→1 / s5:1→1, 3→1, 5→1, 7→2, s1:7→1 / s2:1→1 / s4:1→1, 5→1 / s5:1→1, 3→1, 7→1, s1:7→1 / s2:1→1 / s4:1→1, 5→1 / s5:1→1, 5→1, 7→1, s1:7→1 / s2:1→1 / s4:1→1, 5→1 / s5:1→2, 3→1, 7→2, s1:7→1 / s2:1→1 / s4:1→1, 5→1 / s5:1→2, 7→1, s1:7→1 / s2:1→1 / s4:1→1, 7→1 / s5:1→1, s1:7→1 / s2:1→1 / s4:1→1, 7→1 / s5:1→1, 3→1, 5→1, 7→2, s1:7→1 / s2:1→1 / s4:1→1, 7→1 / s5:1→1, 3→1, 5→1, 7→2, s1:7→1 / s2:1→1 / s4:1→1, 7→1 / s5:1→1, 3→1, 7→1, s1:7→1 / s2:1→1 / s4:1→1, 7→1 / s5:1→1, 3→1, 7→1, s1:7→1 / s2:1→1 / s4:1→1, 7→1 / s5:1→1, 3→1, 7→2, s1:7→1 / s2:1→1 / s4:1→1, 7→1 / s5:1→1, 5→1, s1:7→1 / s2:1→1 / s4:1→1, 7→1 / s5:1→1, 5→1, 7→1, s1:7→1 / s2:1→1 / s4:1→1, 7→1 / s5:1→1, 5→1, 7→1, s1:7→1 / s2:1→1 / s4:1→1, 7→1 / s5:1→1, 7→1, s1:7→1 / s2:1→1 / s4:1→1, 7→1 / s5:1→2, 5→1, 7→1, s1:7→1 / s2:1→1 / s4:1→1 / s5:1→1, 3→1, 5→1, s1:7→1 / s2:1→1 / s4:1→1 / s5:1→1, 3→1, 5→1, 7→1, s1:7→1 / s2:1→1 / s4:1→1 / s5:1→1, 3→1, 7→1, s1:7→1 / s2:1→1 / s4:1→1 / s5:1→1, 5→1, s1:7→1 / s2:1→1 / s4:1→1 / s5:1→2, 3→1, 5→1, 7→1, s1:7→1 / s2:1→1 / s4:1→1 / s5:1→2, 3→1, 7→2, s1:7→1 / s2:1→1 / s4:1→1 / s5:1→2, 5→1, 7→1, s1:7→1 / s2:1→1 / s4:1→1 / s5:1→3, 5→1, 7→1, s1:7→1 / s2:1→1 / s4:1→1 / s5:1→3, 7→2, s1:7→1 / s2:1→1 / s4:1→2, 7→1 / s5:1→2, 3→1, 5→1, 7→1, s1:7→1 / s2:1→1 / s4:1→2, 7→1 / s5:1→2, 5→1, 7→1, s1:7→1 / s2:1→1 / s4:1→2, 7→1 / s5:1→2, 7→1, s1:7→1 / s2:1→1 / s4:3→1, 5→1 / s5:7→1, s1:7→1 / s2:1→1 / s4:3→1, 7→1, s1:7→1 / s2:1→1 / s4:3→1, 7→1 / s5:1→1, 5→1, s1:7→1 / s2:1→1 / s4:3→1, 7→1 / s5:5→1, s1:7→1 / s2:1→1 / s4:3→1 / s5:1→1, 3→1, 5→1, 7→1, s1:7→1 / s2:1→1 / s4:3→1 / s5:1→1, 3→1, 7→2, s1:7→1 / s2:1→1 / s4:3→1 / s5:1→1, 7→1, s1:7→1 / s2:1→1 / s4:3→1 / s5:1→2, 3→1, 5→1, 7→1, s1:7→1 / s2:1→1 / s4:3→1 / s5:1→2, 3→1, 7→2, s1:7→1 / s2:1→1 / s4:3→1 / s5:3→1, 5→1, s1:7→1 / s2:1→1 / s4:3→1 / s5:3→1, 7→1, s1:7→1 / s2:1→1 / s4:3→1 / s5:5→1, s1:7→1 / s2:1→1 / s4:5→1 / s5:7→1, s1:7→1 / s2:1→1 / s5:1→1, 3→1, 7→2, s1:7→1 / s2:1→2, 7→1 / s4:1→1 / s5:1→1, s1:7→1 / s2:1→2, 7→1 / s5:1→2, 3→1, 5→1, s1:7→1 / s2:1→2, 7→1 / s5:1→2, 5→1}"	"{s3:8→1 / s4:6→1 / s5:2→1, s3:8→1 / s4:6→1 / s5:2→1, s3:9→1 / s4:2→1 / s5:8→1, s3:8→1 / s4:6→1 / s5:2→1, s3:9→1 / s4:6→1 / s5:2→1, s3:9→1 / s4:8→1 / s5:2→1, s3:9→1 / s4:2→1 / s5:6→1, s3:9→1 / s4:2→1 / s5:8→1, s3:9→1 / s4:8→1 / s5:2→1, s3:9→1 / s4:2→1 / s5:8→1, s3:2→1 / s4:9→1 / s5:8→1, s3:2→1 / s4:9→1 / s5:8→1, s3:2→1 / s4:8→1 / s5:6→1, s3:2→1 / s4:9→1 / s5:6→1, s3:2→1 / s4:9→1 / s5:8→1, s3:2→1 / s4:8→1 / s5:6→1, s3:2→1 / s4:9→1 / s5:6→1, s3:2→1 / s4:6→1 / s5:8→1, s3:2→1 / s4:6→1 / s5:9→1, s3:2→1 / s4:8→1 / s5:9→1, s3:2→1 / s4:6→1 / s5:8→1, s3:2→1 / s4:6→1 / s5:9→1, s3:2→1 / s4:8→1 / s5:6→1, s3:2→1 / s4:8→1 / s5:9→1, s3:2→1 / s4:8→1 / s5:6→1, s3:2→1 / s4:8→1 / s5:6→1, s3:2→1 / s4:6→1 / s5:8→1, s3:2→1 / s4:8→1 / s5:6→1, s3:2→1 / s4:8→1 / s5:6→1, s3:2→1 / s4:6→1 / s5:8→1, s3:2→1 / s4:6→1 / s5:8→1, s3:6→1 / s4:8→1 / s5:2→1, s3:6→1 / s4:9→1 / s5:2→1, s3:6→1 / s4:8→1 / s5:2→1, s3:6→1 / s4:2→1 / s5:8→1, s3:6→1 / s4:2→1 / s5:8→1, s3:6→1 / s4:2→1 / s5:9→1, s3:8→1 / s4:6→1 / s5:2→1, s3:6→1 / s4:8→1 / s5:2→1, s3:6→1 / s4:9→1 / s5:8→1, s3:6→1 / s4:8→1 / s5:2→1, s3:9→1 / s4:8→1 / s5:2→1, s3:9→1 / s4:8→1 / s5:6→1, s3:9→1 / s4:8→1 / s5:2→1, s3:9→1 / s4:8→1 / s5:2→1, s3:9→1 / s4:2→1 / s5:8→1, s3:8→1 / s4:6→1 / s5:9→1, s3:8→1 / s4:6→1 / s5:9→1, s3:8→1 / s4:6→1 / s5:9→1, s3:8→1 / s4:6→1 / s5:9→1, s3:8→1 / s4:6→1 / s5:9→1, s3:8→1 / s4:6→1 / s5:2→1, s3:8→1 / s4:6→1 / s5:9→1, s3:8→1 / s4:6→1 / s5:9→1, s3:8→1 / s4:2→1 / s5:6→1, s3:8→1 / s4:2→1 / s5:6→1, s3:6→1 / s4:2→1 / s5:8→1, s3:9→1 / s4:8→1 / s5:6→1, s3:9→1 / s4:8→1 / s5:6→1, s3:2→1 / s4:9→1 / s5:8→1, s3:2→1 / s4:9→1 / s5:6→1, s3:2→1 / s4:9→1 / s5:8→1, s3:2→1 / s4:9→1 / s5:8→1, s3:2→1 / s4:8→1 / s5:9→1, s3:2→1 / s4:8→1 / s5:6→1, s3:2→1 / s4:8→1 / s5:9→1, s3:2→1 / s4:8→1 / s5:6→1, s3:2→1 / s4:9→1 / s5:6→1, s3:2→1 / s4:9→1 / s5:8→1, s3:2→1 / s4:9→1 / s5:8→1, s3:2→1 / s4:6→1 / s5:9→1, s3:2→1 / s4:8→1 / s5:9→1, s3:2→1 / s4:9→1 / s5:6→1, s3:2→1 / s4:9→1 / s5:8→1, s3:2→1 / s4:6→1 / s5:9→1, s3:2→1 / s4:6→1 / s5:8→1, s3:2→1 / s4:8→1 / s5:6→1, s3:2→1 / s4:9→1 / s5:8→1, s3:2→1 / s4:9→1 / s5:6→1, s3:2→1 / s4:8→1 / s5:9→1, s3:2→1 / s4:8→1 / s5:9→1, s3:2→1 / s4:8→1 / s5:6→1, s3:2→1 / s4:8→1 / s5:9→1, s3:2→1 / s4:8→1 / s5:6→1, s3:2→1 / s4:8→1 / s5:6→1, s3:2→1 / s4:9→1 / s5:6→1, s3:2→1 / s4:6→1 / s5:9→1, s3:2→1 / s4:8→1 / s5:9→1, s3:2→1 / s4:9→1 / s5:6→1, s3:2→1 / s4:9→1 / s5:8→1, s3:2→1 / s4:8→1 / s5:9→1, s3:2→1 / s4:9→1 / s5:8→1, s3:2→1 / s4:6→1 / s5:9→1, s3:2→1 / s4:8→1 / s5:9→1, s3:2→1 / s4:9→1 / s5:8→1, s3:2→1 / s4:8→1 / s5:6→1, s3:2→1 / s4:6→1 / s5:8→1, s3:2→1 / s4:6→1 / s5:9→1, s3:2→1 / s4:6→1 / s5:8→1, s3:2→1 / s4:6→1 / s5:8→1, s3:2→1 / s4:6→1 / s5:8→1, s3:2→1 / s4:6→1 / s5:8→1, s3:2→1 / s4:6→1 / s5:8→1, s3:2→1 / s4:6→1 / s5:8→1, s3:2→1 / s4:6→1 / s5:8→1, s3:2→1 / s4:6→1 / s5:8→1, s3:2→1 / s4:6→1 / s5:8→1, s3:2→1 / s4:8→1 / s5:6→1, s3:6→1 / s4:8→1 / s5:2→1, s3:6→1 / s4:9→1 / s5:2→1, s3:6→1 / s4:9→1 / s5:8→1, s3:6→1 / s4:9→1 / s5:2→1, s3:6→1 / s4:8→1 / s5:9→1, s3:6→1 / s4:8→1 / s5:9→1, s3:6→1 / s4:8→1 / s5:2→1, s3:6→1 / s4:8→1 / s5:9→1, s3:6→1 / s4:8→1 / s5:9→1, s3:6→1 / s4:8→1 / s5:9→1, s3:6→1 / s4:8→1 / s5:9→1, s3:6→1 / s4:8→1 / s5:2→1, s3:6→1 / s4:9→1 / s5:2→1, s3:6→1 / s4:2→1 / s5:9→1, s3:2→1 / s4:8→1 / s5:6→1, s3:6→1 / s4:2→1 / s5:8→1, s3:6→1 / s4:2→1 / s5:8→1}"
7	40	"so(8)+2 su(3)"	"so(8)+su(3)+3(g2+su(2))"	13	140	3	2	0	0	0	0	0	0	"{s1:7→1 / s2:1→1, 7→1 / s3:5→1 / s5:1→1, s1:7→1 / s2:1→1, 7→1 / s4:5→1, s1:7→1 / s2:1→1 / s3:1→1 / s4:1→1, 3→1, 7→1 / s5:1→1, 3→1, s1:7→1 / s2:1→1 / s3:1→1 / s4:1→1, 3→1 / s5:1→1, 3→1, 5→1, s1:7→1 / s2:1→1 / s3:1→1 / s4:1→1, 3→1 / s5:1→1, 3→1, 5→1, s1:7→1 / s2:1→1 / s3:1→1 / s4:1→1, 3→1 / s5:1→1, 3→1, 7→1, s1:7→1 / s2:1→1 / s3:1→1 / s4:1→1, 3→1 / s5:1→1, 5→1, s1:7→1 / s2:1→1 / s3:1→1 / s4:1→1, 3→1 / s5:1→1, 5→1, s1:7→1 / s2:1→1 / s3:1→1 / s4:1→1, 3→1 / s5:1→1, 7→1, s1:7→1 / s2:1→1 / s3:1→1 / s4:1→1, 5→1 / s5:1→1, 3→1, s1:7→1 / s2:1→1 / s3:1→1 / s4:1→1, 7→1 / s5:1→1, s1:7→1 / s2:1→1 / s3:1→1 / s4:1→1 / s5:1→1, 3→1, 5→1, s1:7→1 / s2:1→1 / s3:1→1 / s4:1→1 / s5:1→1, 3→1, 7→1, s1:7→1 / s2:1→1 / s3:1→1 / s4:1→1 / s5:1→1, 3→1, 7→1, s1:7→1 / s2:1→1 / s3:1→1 / s4:1→1 / s5:1→1, 5→1, s1:7→1 / s2:1→1 / s3:1→1 / s4:1→1 / s5:1→1, 5→1, s1:7→1 / s2:1→1 / s3:1→1 / s4:1→1 / s5:1→1, 7→1, s1:7→1 / s2:1→1 / s3:7→1 / s4:5→1 / s5:5→1, 7→1, s1:7→1 / s2:1→1 / s4:1→1, 3→1 / s5:1→2, 5→1, s1:7→1 / s2:1→1 / s4:1→1, 5→1 / s5:1→1, 3→1, s1:7→1 / s2:1→1 / s4:1→1, 5→1 / s5:1→1, 3→1, 5→1, s1:7→1 / s2:1→1 / s4:1→1, 5→1 / s5:1→1, 5→1, s1:7→1 / s2:1→1 / s4:1→1, 7→1 / s5:1→1, 3→1, 7→3, s1:7→1 / s2:1→1 / s4:1→1, 7→1 / s5:1→1, 3→1, 7→3, s1:7→1 / s2:1→1 / s4:1→1, 7→1 / s5:1→1, 7→1, s1:7→1 / s2:1→1 / s4:1→1 / s5:1→1, s1:7→1 / s2:1→1 / s4:1→1 / s5:1→1, 3→1, s1:7→1 / s2:1→1 / s4:1→1 / s5:1→1, 3→1, 5→1, s1:7→1 / s2:1→1 / s4:1→1 / s5:1→1, 3→1, 5→1, s1:7→1 / s2:1→1 / s4:1→1 / s5:1→1, 3→1, 7→1, s1:7→1 / s2:1→1 / s4:1→1 / s5:1→1, 3→1, 7→1, s1:7→1 / s2:1→1 / s4:1→1 / s5:1→1, 5→1, s1:7→1 / s2:1→1 / s4:1→1 / s5:1→1, 5→1, s1:7→1 / s2:1→1 / s4:1→1 / s5:1→1, 7→1, s1:7→1 / s2:1→1 / s4:1→1 / s5:1→2, 3→1, 5→1, s1:7→1 / s2:1→1 / s4:1→1 / s5:1→2, 3→1, 5→1, s1:7→1 / s2:1→1 / s4:1→1 / s5:1→2, 3→1, 7→1, s1:7→1 / s2:1→1 / s4:1→1 / s5:1→2, 3→1, 7→1, s1:7→1 / s2:1→1 / s4:1→1 / s5:1→2, 5→1, s1:7→1 / s2:1→1 / s4:1→1 / s5:1→2, 5→1, s1:7→1 / s2:1→1 / s4:1→1 / s5:1→2, 7→1, s1:7→1 / s2:1→1 / s4:1→1 / s5:1→2, 7→1, s1:7→1 / s2:1→1 / s4:1→1 / s5:1→3, 3→1, 5→1, s1:7→1 / s2:1→1 / s4:1→1 / s5:1→3, 3→1, 5→1, s1:7→1 / s2:1→1 / s4:1→1 / s5:1→3, 3→1, 7→1, s1:7→1 / s2:1→1 / s4:1→1 / s5:1→3, 3→1, 7→1, s1:7→1 / s2:1→1 / s4:1→1 / s5:1→3, 5→1, s1:7→1 / s2:1→1 / s4:1→1 / s5:1→3, 5→1, 7→1, s1:7→1 / s2:1→1 / s4:1→1 / s5:1→3, 7→1, s1:7→1 / s2:1→1 / s4:1→1 / s5:1→3, 7→1, s1:7→1 / s2:1→1 / s4:1→2, 7→1 / s5:1→2, 3→1, 7→1, s1:7→1 / s2:1→1 / s4:3→1, 7→1 / s5:3→1, 5→1, s1:7→1 / s2:1→2, 7→1 / s4:1→1 / s5:1→1, 5→1}"	"{s3:9→1 / s4:2→1 / s5:6→1, s3:6→1 / s4:9→1 / s5:2→1, s3:8→1 / s4:9→1 / s5:6→1, s3:6→1 / s4:8→1 / s5:9→1, s3:8→1 / s4:6→1 / s5:9→1, s3:6→1 / s4:8→1 / s5:9→1, s3:6→1 / s4:8→1 / s5:2→1, s3:8→1 / s4:6→1 / s5:2→1, s3:8→1 / s4:6→1 / s5:2→1, s3:8→1 / s4:9→1 / s5:6→1, s3:8→1 / s4:9→1 / s5:6→1, s3:8→1 / s4:6→1 / s5:9→1, s3:8→1 / s4:6→1 / s5:2→1, s3:8→1 / s4:6→1 / s5:9→1, s3:8→1 / s4:6→1 / s5:2→1, s3:8→1 / s4:6→1 / s5:9→1, s3:8→1 / s4:6→1 / s5:2→1, s3:9→1 / s4:8→1 / s5:2→1, s3:2→1 / s4:6→1 / s5:8→1, s3:2→1 / s4:9→1 / s5:6→1, s3:2→1 / s4:9→1 / s5:8→1, s3:2→1 / s4:9→1 / s5:8→1, s3:2→1 / s4:6→1 / s5:9→1, s3:2→1 / s4:8→1 / s5:9→1, s3:2→1 / s4:8→1 / s5:6→1, s3:2→1 / s4:8→1 / s5:6→1, s3:2→1 / s4:8→1 / s5:6→1, s3:2→1 / s4:6→1 / s5:9→1, s3:2→1 / s4:8→1 / s5:9→1, s3:2→1 / s4:6→1 / s5:9→1, s3:2→1 / s4:8→1 / s5:9→1, s3:2→1 / s4:6→1 / s5:9→1, s3:2→1 / s4:8→1 / s5:9→1, s3:2→1 / s4:8→1 / s5:9→1, s3:2→1 / s4:6→1 / s5:8→1, s3:2→1 / s4:8→1 / s5:6→1, s3:2→1 / s4:6→1 / s5:8→1, s3:2→1 / s4:8→1 / s5:6→1, s3:2→1 / s4:6→1 / s5:8→1, s3:2→1 / s4:8→1 / s5:6→1, s3:2→1 / s4:6→1 / s5:8→1, s3:2→1 / s4:8→1 / s5:6→1, s3:2→1 / s4:6→1 / s5:8→1, s3:2→1 / s4:8→1 / s5:6→1, s3:2→1 / s4:6→1 / s5:8→1, s3:2→1 / s4:8→1 / s5:6→1, s3:2→1 / s4:8→1 / s5:6→1, s3:2→1 / s4:8→1 / s5:6→1, s3:2→1 / s4:6→1 / s5:8→1, s3:2→1 / s4:8→1 / s5:6→1, s3:2→1 / s4:8→1 / s5:6→1, s3:6→1 / s4:9→1 / s5:8→1, s3:2→1 / s4:6→1 / s5:8→1}"
7	40	"so(8)+2 su(3)"	"so(8)+su(3)+3(g2+su(2))"	14	140	3	2	0	0	0	0	0	0	"{s1:7→1 / s2:1→1 / s3:7→1 / s4:5→1 / s5:3→1, 5→1, 7→3, s1:7→1 / s2:1→1 / s3:7→1 / s4:5→1 / s5:3→1, 7→1, s1:7→1 / s2:1→1 / s3:7→1 / s4:5→1 / s5:5→1, 7→2, s1:7→1 / s2:1→1 / s3:7→1 / s5:5→1, s1:7→1 / s2:1→1 / s4:1→1 / s5:1→1, 3→1, s1:7→1 / s2:1→1 / s4:1→1 / s5:1→2, s1:7→1 / s2:1→1 / s4:1→1 / s5:1→2, 3→1, s1:7→1 / s2:1→1 / s4:1→1 / s5:1→3, 5→1, s1:7→1 / s2:1→1 / s4:1→1 / s5:1→3, 7→2, s1:7→1 / s2:1→1 / s4:1→1 / s5:1→4, 5→1, s1:7→1 / s2:1→1 / s4:1→1 / s5:1→4, 7→1, s1:7→1 / s2:1→1 / s4:1→2, 5→1 / s5:1→2, 3→1, 7→1}"	"{s3:9→1 / s4:8→1 / s5:2→1, s3:9→1 / s4:8→1 / s5:6→1, s3:9→1 / s4:8→1 / s5:2→1, s3:9→1 / s4:6→1 / s5:8→1, s3:2→1 / s4:6→1 / s5:8→1, s3:2→1 / s4:8→1 / s5:6→1, s3:2→1 / s4:8→1 / s5:6→1, s3:2→1 / s4:6→1 / s5:8→1, s3:2→1 / s4:8→1 / s5:6→1, s3:2→1 / s4:8→1 / s5:6→1, s3:2→1 / s4:8→1 / s5:6→1, s3:2→1 / s4:8→1 / s5:6→1}"
7	40	"so(8)+2 su(3)"	"so(8)+su(3)+3(g2+su(2))"	15	140	3	2	0	0	0	0	0	0	"{s1:7→1 / s2:1→1 / s3:7→1 / s4:5→1 / s5:3→1, 5→1, 7→2, s1:7→1 / s2:1→1 / s3:7→1 / s4:5→1 / s5:5→1, 7→3, s1:7→1 / s2:1→1 / s4:1→1, 3→1 / s5:1→2, s1:7→1 / s2:1→1 / s4:1→1 / s5:1→3, 3→1, s1:7→1 / s2:1→1 / s4:1→2 / s5:1→2, 3→1}"	"{s3:9→1 / s4:8→1 / s5:2→1, s3:9→1 / s4:8→1 / s5:2→1, s3:2→1 / s4:8→1 / s5:6→1, s3:2→1 / s4:8→1 / s5:6→1, s3:2→1 / s4:6→1 / s5:8→1}"
7	40	"so(8)+2 su(3)"	"so(8)+su(3)+3(g2+su(2))"	17	140	3	2	0	0	0	0	0	0	"s1:7→1 / s2:7→1 / s3:5→1 / s4:5→1"	"s3:8→1 / s4:9→1 / s5:2→1"
7	40	"so(8)+2 su(3)"	"so(8)+su(3)+3(g2+su(2))"	18	140	3	2	0	0	0	0	0	0	"{s1:7→1 / s2:1→1 / s3:5→1 / s4:3→1, 5→1, 7→3 / s5:7→1, s1:7→1 / s2:1→1 / s4:1→1 / s5:1→4, 3→1, s1:7→1 / s2:7→1 / s3:3→1, 5→1 / s4:5→1 / s5:1→1, s1:7→1 / s2:7→1 / s4:5→1}"	"{s3:8→1 / s4:9→1 / s5:2→1, s3:2→1 / s4:8→1 / s5:6→1, s3:8→1 / s4:2→1 / s5:9→1, s3:6→1 / s4:9→1 / s5:2→1}"
7	40	"so(8)+2 su(3)"	"so(8)+su(3)+3(g2+su(2))"	19	140	3	2	0	0	0	0	0	0	"{s1:7→1 / s2:1→1 / s3:5→1 / s4:3→1, 5→1, 7→2 / s5:7→1, s1:7→1 / s2:1→1 / s4:1→1 / s5:1→1, 3→1}"	"{s3:8→1 / s4:9→1 / s5:2→1, s3:2→1 / s4:8→1 / s5:9→1}"
7	40	"so(8)+2 su(3)"	"so(8)+su(3)+3(g2+su(2))"	20	140	3	2	0	0	0	0	0	0	"{s1:7→1 / s2:1→1 / s4:1→1 / s5:1→3, s1:7→1 / s2:1→1 / s4:1→1 / s5:1→4, 5→1, s1:7→1 / s2:7→1 / s3:5→1 / s4:1→1 / s5:1→1, 5→1}"	"{s3:2→1 / s4:8→1 / s5:6→1, s3:2→1 / s4:6→1 / s5:8→1, s3:2→1 / s4:9→1 / s5:8→1}"
7	40	"so(8)+2 su(3)"	"so(8)+su(3)+3(g2+su(2))"	22	140	3	2	0	0	0	0	0	0	"s1:7→1 / s2:1→1 / s4:1→2 / s5:1→2, 5→1"	"s3:2→1 / s4:6→1 / s5:8→1"
7	40	"so(8)+2 su(3)"	"so(8)+su(3)+3(g2+su(2))"	27	140	3	2	0	0	0	0	0	0	"s1:7→1 / s2:1→1 / s4:1→1 / s5:1→4, 7→1"	"s3:2→1 / s4:6→1 / s5:8→1"
7	40	"so(8)+2 su(3)"	"so(8)+su(3)+3(g2+su(2))"	32	140	3	2	0	0	0	0	0	0	"s1:7→1 / s2:1→1 / s4:1→1 / s5:1→1, 5→1, 7→1"	"s3:2→1 / s4:6→1 / s5:9→1"
7	40	"so(8)+2 su(3)"	"so(8)+su(3)+3(g2+su(2))"	34	140	3	2	0	0	0	0	0	0	"s1:7→1 / s2:1→1 / s4:1→2 / s5:1→2"	"s3:2→1 / s4:8→1 / s5:6→1"
7	40	"so(8)+2 su(3)"	"so(8)+su(3)+3(g2+su(2))"	35	140	3	2	0	0	0	0	0	0	"s1:7→1 / s2:1→1 / s3:1→1 / s4:1→1, 3→1, 7→1 / s5:1→1, 3→1, 5→1, 7→1"	"s3:8→1 / s4:6→1 / s5:9→1"
7	40	"so(8)+2 su(3)"	"so(8)+su(3)+3(g2+su(2))"	57	140	3	2	0	0	0	0	0	0	"s1:7→1 / s2:1→1 / s3:1→1 / s4:1→1, 3→1 / s5:1→1, 7→1"	"s3:6→1 / s4:8→1 / s5:2→1"
7	45	"2 so(8)"	"2 so(8)+2 su(3)+so(7)+2 su(2)"	13	120	2	3	0	0	0	0	0	0	"{s1:7→1 / s2:2→1, 5→1 / s3:1→1, 2→1 / s4:1→1 / s5:1→1, 5→1, s1:7→1 / s2:2→1, 5→1 / s3:1→1, 5→1 / s4:1→1, 2→1 / s5:1→1, 2→1, s1:7→1 / s2:2→1, 5→1 / s3:1→1, 5→1 / s4:2→1 / s5:1→1, s1:7→1 / s2:2→1, 5→1 / s3:1→1, 5→1 / s4:2→1 / s5:1→1, 2→1, s1:7→1 / s2:2→1, 7→1 / s3:1→1, 5→1 / s4:2→1 / s5:2→1, s1:7→1 / s2:2→1 / s3:1→1, 5→1, 7→1 / s4:1→1, 5→1 / s5:1→1, 5→1, s1:7→1 / s2:2→1 / s3:1→1, 5→1, 7→1 / s4:5→1 / s5:1→1, 5→1, s1:7→1 / s2:2→1 / s3:1→1, 5→1, 7→1 / s4:5→1 / s5:5→1, s1:7→1 / s2:2→1 / s3:1→1, 5→1 / s4:1→1, 2→1, 5→1 / s5:1→1, 2→1, 5→1, s1:7→1 / s2:2→1 / s3:1→1, 5→1 / s4:1→1, 2→1 / s5:1→1, 2→1, 5→1, s1:7→1 / s2:2→1 / s3:1→1, 5→1 / s4:1→1, 5→1 / s5:1→1, 2→1, 5→1, s1:7→1 / s2:2→1 / s3:1→1, 5→1 / s4:1→1, 5→1 / s5:1→1, 5→1, s1:7→1 / s2:2→1 / s3:1→1, 5→1 / s4:1→1 / s5:1→1, s1:7→1 / s2:2→1 / s3:1→1, 5→1 / s4:1→1 / s5:1→1, 2→1, s1:7→1 / s2:2→1 / s3:1→1, 5→1 / s4:1→1 / s5:1→1, 2→1, 5→1, s1:7→1 / s2:2→1 / s3:1→1, 5→1 / s4:1→1 / s5:1→1, 2→1, 5→2, s1:7→1 / s2:2→1 / s3:1→1, 5→1 / s4:1→1 / s5:1→1, 2→1, 5→3, s1:7→1 / s2:2→1 / s3:1→1, 5→1 / s4:1→1 / s5:1→1, 2→2, 5→1, s1:7→1 / s2:2→1 / s3:1→1, 5→1 / s4:1→1 / s5:1→1, 2→2, 5→2, s1:7→1 / s2:2→1 / s3:1→1, 5→1 / s4:1→1 / s5:1→1, 5→1, s1:7→1 / s2:2→1 / s3:1→1, 5→1 / s4:1→1 / s5:1→1, 5→2, s1:7→1 / s2:2→1 / s3:1→1, 5→1 / s4:2→1, 5→1 / s5:1→1, s1:7→1 / s2:2→1 / s3:1→1, 5→1 / s4:2→1, 5→1 / s5:1→1, 2→1, s1:7→1 / s2:2→1 / s3:1→1, 5→1 / s4:2→1, 5→1 / s5:1→1, 2→1, 5→1, s1:7→1 / s2:2→1 / s3:1→1, 5→1 / s4:2→1, 5→1 / s5:1→1, 5→1, s1:7→1 / s2:2→1 / s3:1→1, 5→1 / s4:2→1, 5→1 / s5:1→2, 2→1, 5→1, s1:7→1 / s2:2→1 / s3:1→1, 5→1 / s4:2→1, 5→1 / s5:2→1, 5→1, s1:7→1 / s2:2→1 / s3:1→1, 5→1 / s4:2→1, 7→1 / s5:2→1, 7→1, s1:7→1 / s2:2→1 / s3:1→1, 5→1 / s4:2→1 / s5:1→1, s1:7→1 / s2:2→1 / s3:1→1, 5→1 / s4:2→1 / s5:1→1, 2→1, 5→1, s1:7→1 / s2:2→1 / s3:1→1, 5→1 / s4:2→1 / s5:1→2, 2→1, 5→1, s1:7→1 / s2:2→1 / s3:1→1, 5→1 / s4:2→1 / s5:2→1, 5→1, s1:7→1 / s2:2→1 / s3:1→1, 5→1 / s4:5→1 / s5:1→1, s1:7→1 / s2:2→1 / s3:1→1, 5→1 / s4:5→1 / s5:1→1, 2→1, 5→1, s1:7→1 / s2:2→1 / s3:1→1, 5→1 / s4:5→1 / s5:1→1, 5→1, s1:7→1 / s2:2→1 / s3:1→1, 5→1 / s4:5→1 / s5:1→2, 5→1, s1:7→1 / s2:2→1 / s3:1→1, 5→1 / s4:5→1 / s5:2→1, 5→1, s1:7→1 / s2:2→1 / s3:1→1, 5→1 / s4:7→1 / s5:2→1, 7→1, s1:7→1 / s2:2→1 / s3:2→1, 5→1 / s4:1→1, 5→1 / s5:1→1, 5→1, s1:7→1 / s2:2→1 / s3:2→1, 5→1 / s4:1→1 / s5:1→1, 5→1, s1:7→1 / s2:2→1 / s3:2→1, 5→1 / s4:1→1 / s5:1→1, 5→2, s1:7→1 / s2:2→1 / s3:2→1, 5→1 / s4:5→1 / s5:1→1, s1:7→1 / s2:2→1 / s3:2→1, 5→1 / s4:5→1 / s5:1→1, 5→1, s1:7→1 / s2:5→1 / s3:1→1, 2→1, 7→1 / s4:2→1 / s5:1→1, s1:7→1 / s2:5→1 / s3:1→1, 2→1, 7→1 / s4:2→1 / s5:1→1, 2→1, s1:7→1 / s2:5→1 / s3:1→1, 2→1, 7→1 / s4:2→1 / s5:2→1, s1:7→1 / s2:5→1 / s3:1→1, 2→1 / s4:1→1, 2→1, 5→1 / s5:1→1, 2→1, 5→1, s1:7→1 / s2:5→1 / s3:1→1, 2→1 / s4:2→1 / s5:1→1, s1:7→1 / s2:5→1 / s3:1→1, 2→1 / s4:2→1 / s5:1→1, 2→1, 5→1, s1:7→1 / s2:5→1 / s3:1→1, 2→1 / s4:2→1 / s5:1→2, 2→1, 5→1, s1:7→1 / s2:5→1 / s3:1→1, 2→1 / s4:2→1 / s5:1→3, 2→1, 5→1, s1:7→1 / s2:5→1 / s3:2→1, 7→1 / s4:2→1 / s5:1→1, s1:7→1 / s2:5→1 / s3:2→1, 7→1 / s4:2→1 / s5:2→1, s1:7→1 / s2:5→1 / s3:2→1 / s4:1→1, 2→1, 5→1 / s5:1→1, 2→1, 5→1, s1:7→1 / s2:5→1 / s3:2→1 / s4:1→1, 2→1, 5→1 / s5:1→2, 2→1, 5→1, s1:7→1 / s2:5→1 / s3:2→1 / s4:1→1, 2→1, 5→1 / s5:1→2, 5→1, s1:7→1 / s2:5→1 / s3:2→1 / s4:1→1, 2→1, 5→1 / s5:1→3, 2→1, 5→1, s1:7→1 / s2:5→1 / s3:2→1 / s4:1→1, 2→1 / s5:1→1, 2→1, 5→1, s1:7→1 / s2:5→1 / s3:2→1 / s4:1→1, 2→1 / s5:1→2, 2→1, 5→1, s1:7→1 / s2:5→1 / s3:2→1 / s4:1→1, 2→1 / s5:1→3, 2→1, 5→1, s1:7→1 / s2:5→1 / s3:2→1 / s4:1→1, 5→1, 7→1 / s5:1→1, 5→1, 7→1, s1:7→1 / s2:5→1 / s3:2→1 / s4:1→1, 5→1, 7→1 / s5:1→2, 5→1, 7→1, s1:7→1 / s2:5→1 / s3:2→1 / s4:1→1, 5→1 / s5:1→1, 2→1, 5→1, s1:7→1 / s2:5→1 / s3:2→1 / s4:1→1, 5→1 / s5:1→1, 5→1, s1:7→1 / s2:5→1 / s3:2→1 / s4:1→1, 5→1 / s5:1→2, 2→1, 5→1, s1:7→1 / s2:5→1 / s3:2→1 / s4:1→1, 5→1 / s5:1→2, 5→1, s1:7→1 / s2:5→1 / s3:2→1 / s4:1→1, 5→1 / s5:1→3, 5→1, s1:7→1 / s2:5→1 / s3:2→1 / s4:1→1, 7→1 / s5:1→1, 5→1, s1:7→1 / s2:5→1 / s3:2→1 / s4:1→1, 7→1 / s5:1→1, 5→1, 7→1, s1:7→1 / s2:5→1 / s3:2→1 / s4:1→1, 7→1 / s5:1→1, 7→1, s1:7→1 / s2:5→1 / s3:2→1 / s4:1→1, 7→1 / s5:1→2, 5→1, s1:7→1 / s2:5→1 / s3:2→1 / s4:1→1, 7→1 / s5:1→2, 5→1, 7→1, s1:7→1 / s2:5→1 / s3:2→1 / s4:1→1, 7→1 / s5:1→2, 5→2, 7→1, s1:7→1 / s2:5→1 / s3:2→1 / s4:1→1, 7→1 / s5:1→2, 7→1, s1:7→1 / s2:5→1 / s3:2→1 / s4:1→1, 7→1 / s5:1→3, 5→1, 7→1, s1:7→1 / s2:5→1 / s3:2→1 / s4:1→1 / s5:1→1, s1:7→1 / s2:5→1 / s3:2→1 / s4:1→1 / s5:1→1, 2→1, s1:7→1 / s2:5→1 / s3:2→1 / s4:1→1 / s5:1→1, 2→1, 5→1, s1:7→1 / s2:5→1 / s3:2→1 / s4:1→1 / s5:1→1, 2→1, 5→2, s1:7→1 / s2:5→1 / s3:2→1 / s4:1→1 / s5:1→1, 2→2, 5→1, s1:7→1 / s2:5→1 / s3:2→1 / s4:1→1 / s5:1→1, 2→2, 5→2, s1:7→1 / s2:5→1 / s3:2→1 / s4:1→1 / s5:1→1, 5→1, s1:7→1 / s2:5→1 / s3:2→1 / s4:1→1 / s5:1→1, 7→1, s1:7→1 / s2:5→1 / s3:2→1 / s4:1→1 / s5:1→2, 2→1, 5→1, s1:7→1 / s2:5→1 / s3:2→1 / s4:1→1 / s5:1→2, 2→1, 5→2, s1:7→1 / s2:5→1 / s3:2→1 / s4:1→1 / s5:1→2, 2→2, 5→1, s1:7→1 / s2:5→1 / s3:2→1 / s4:1→1 / s5:1→2, 5→1, s1:7→1 / s2:5→1 / s3:2→1 / s4:1→1 / s5:1→2, 5→1, 7→1, s1:7→1 / s2:5→1 / s3:2→1 / s4:1→1 / s5:1→2, 5→2, s1:7→1 / s2:5→1 / s3:2→1 / s4:1→1 / s5:1→2, 7→1, s1:7→1 / s2:5→1 / s3:2→1 / s4:1→1 / s5:1→2, 7→2, s1:7→1 / s2:5→1 / s3:2→1 / s4:1→1 / s5:1→3, 2→1, 5→1, s1:7→1 / s2:5→1 / s3:2→1 / s4:1→1 / s5:1→3, 5→1, s1:7→1 / s2:5→1 / s3:2→1 / s4:1→1 / s5:1→3, 5→1, 7→1, s1:7→1 / s2:5→1 / s3:2→1 / s4:1→1 / s5:1→3, 5→2, s1:7→1 / s2:5→1 / s3:2→1 / s4:1→1 / s5:1→3, 7→2, s1:7→1 / s2:5→1 / s3:2→1 / s4:1→2, 2→1, 5→1 / s5:1→2, 2→1, 5→1, s1:7→1 / s2:5→1 / s3:2→1 / s4:1→2, 2→1, 5→1 / s5:1→3, 2→1, 5→1, s1:7→1 / s2:5→1 / s3:2→1 / s4:1→2, 2→1, 5→1 / s5:1→3, 5→1, s1:7→1 / s2:5→1 / s3:2→1 / s4:1→2, 5→1, 7→1 / s5:1→2, 5→1, 7→1, s1:7→1 / s2:5→1 / s3:2→1 / s4:1→2, 5→1, 7→1 / s5:1→3, 5→1, 7→1, s1:7→1 / s2:5→1 / s3:2→1 / s4:1→2, 5→1 / s5:1→2, 2→1, 5→1, s1:7→1 / s2:5→1 / s3:2→1 / s4:1→2, 5→1 / s5:1→2, 5→1, s1:7→1 / s2:5→1 / s3:2→1 / s4:1→2, 5→1 / s5:1→3, 2→1, 5→1, s1:7→1 / s2:5→1 / s3:2→1 / s4:1→2, 5→1 / s5:1→3, 5→1, s1:7→1 / s2:5→1 / s3:2→1 / s4:1→2, 7→1 / s5:1→2, 5→1, s1:7→1 / s2:5→1 / s3:2→1 / s4:1→2, 7→1 / s5:1→2, 5→1, 7→1, s1:7→1 / s2:5→1 / s3:2→1 / s4:1→2, 7→1 / s5:1→2, 7→1, s1:7→1 / s2:5→1 / s3:2→1 / s4:1→2, 7→1 / s5:1→3, 5→1, 7→1, s1:7→1 / s2:5→1 / s3:2→1 / s4:1→2, 7→1 / s5:1→3, 7→1, s1:7→1 / s2:5→1 / s3:2→1 / s4:1→3, 2→1, 5→1 / s5:1→3, 2→1, 5→1, s1:7→1 / s2:5→1 / s3:2→1 / s4:1→3, 5→1, 7→1 / s5:1→3, 5→1, 7→1, s1:7→1 / s2:5→1 / s3:2→1 / s4:1→3, 5→1 / s5:1→3, 2→1, 5→1, s1:7→1 / s2:5→1 / s3:2→1 / s4:1→3, 5→1 / s5:1→3, 5→1, s1:7→1 / s2:5→1 / s3:2→1 / s4:1→3, 7→1 / s5:1→3, 5→1, s1:7→1 / s2:5→1 / s3:2→1 / s4:2→1, 5→1 / s5:1→1, s1:7→1 / s2:5→1 / s3:2→1 / s4:2→1, 5→1 / s5:1→1, 2→1, 5→1, s1:7→1 / s2:5→1 / s3:2→1 / s4:2→1, 5→1 / s5:1→1, 5→1, s1:7→1 / s2:5→1 / s3:2→1 / s4:2→1, 5→1 / s5:2→1, 5→1, s1:7→1 / s2:5→1 / s3:2→1 / s4:2→1 / s5:1→1, s1:7→1 / s2:5→1 / s3:2→1 / s4:2→1 / s5:1→1, 2→1, 5→1, s1:7→1 / s2:5→1 / s3:2→1 / s4:2→1 / s5:1→2, 2→1, 5→1, s1:7→1 / s2:5→1 / s3:2→1 / s4:2→1 / s5:1→3, 2→1, 5→1, s1:7→1 / s2:5→1 / s3:2→1 / s4:2→1 / s5:2→1, 5→1, s1:7→1 / s2:5→1 / s3:2→1 / s4:7→1 / s5:1→1, 5→1, 7→1, s1:7→1 / s2:5→1 / s3:2→1 / s4:7→1 / s5:1→1, 5→2, 7→1, s1:7→1 / s2:5→1 / s3:2→1 / s4:7→1 / s5:1→1, 7→1, s1:7→1 / s2:5→1 / s3:2→1 / s4:7→1 / s5:1→2, 5→1, 7→1, s1:7→1 / s2:5→1 / s3:2→1 / s4:7→1 / s5:1→2, 5→2, 7→1, s1:7→1 / s2:5→1 / s3:2→1 / s4:7→1 / s5:5→1, s1:7→1 / s2:7→1 / s3:2→1 / s4:5→1 / s5:5→1}"	"{s4:8→1 / s5:8→1, s4:8→1 / s5:8→1, s4:8→1 / s5:8→1, s4:8→1 / s5:8→1, s4:10→1 / s5:10→1, s4:9→1 / s5:9→1, s4:9→1 / s5:9→1, s4:9→1 / s5:9→1, s4:8→1 / s5:8→1, s4:8→1 / s5:8→1, s4:8→1 / s5:8→1, s4:8→1 / s5:8→1, s4:8→1 / s5:8→1, s4:8→1 / s5:8→1, s4:8→1 / s5:8→1, s4:8→1 / s5:8→1, s4:8→1 / s5:8→1, s4:8→1 / s5:8→1, s4:8→1 / s5:8→1, s4:8→1 / s5:8→1, s4:8→1 / s5:8→1, s4:8→1 / s5:8→1, s4:8→1 / s5:8→1, s4:8→1 / s5:8→1, s4:8→1 / s5:8→1, s4:8→1 / s5:8→1, s4:8→1 / s5:8→1, s4:10→1 / s5:10→1, s4:8→1 / s5:8→1, s4:8→1 / s5:8→1, s4:8→1 / s5:8→1, s4:8→1 / s5:8→1, s4:8→1 / s5:8→1, s4:8→1 / s5:8→1, s4:8→1 / s5:8→1, s4:8→1 / s5:8→1, s4:8→1 / s5:8→1, s4:10→1 / s5:10→1, s4:8→1 / s5:8→1, s4:8→1 / s5:8→1, s4:8→1 / s5:8→1, s4:8→1 / s5:8→1, s4:8→1 / s5:8→1, s4:9→1 / s5:9→1, s4:9→1 / s5:9→1, s4:9→1 / s5:9→1, s4:8→1 / s5:8→1, s4:8→1 / s5:8→1, s4:8→1 / s5:8→1, s4:8→1 / s5:8→1, s4:8→1 / s5:8→1, s4:9→1 / s5:9→1, s4:9→1 / s5:9→1, s4:8→1 / s5:8→1, s4:8→1 / s5:8→1, s4:8→1 / s5:8→1, s4:8→1 / s5:8→1, s4:8→1 / s5:8→1, s4:8→1 / s5:8→1, s4:8→1 / s5:8→1, s4:10→1 / s5:10→1, s4:10→1 / s5:10→1, s4:8→1 / s5:8→1, s4:8→1 / s5:8→1, s4:8→1 / s5:8→1, s4:8→1 / s5:8→1, s4:8→1 / s5:8→1, s4:10→1 / s5:10→1, s4:10→1 / s5:10→1, s4:10→1 / s5:10→1, s4:10→1 / s5:10→1, s4:10→1 / s5:10→1, s4:10→1 / s5:10→1, s4:10→1 / s5:10→1, s4:10→1 / s5:10→1, s4:8→1 / s5:8→1, s4:8→1 / s5:8→1, s4:8→1 / s5:8→1, s4:8→1 / s5:8→1, s4:8→1 / s5:8→1, s4:8→1 / s5:8→1, s4:8→1 / s5:8→1, s4:10→1 / s5:10→1, s4:8→1 / s5:8→1, s4:8→1 / s5:8→1, s4:8→1 / s5:8→1, s4:8→1 / s5:8→1, s4:10→1 / s5:10→1, s4:8→1 / s5:8→1, s4:10→1 / s5:10→1, s4:10→1 / s5:10→1, s4:8→1 / s5:8→1, s4:8→1 / s5:8→1, s4:10→1 / s5:10→1, s4:8→1 / s5:8→1, s4:10→1 / s5:10→1, s4:8→1 / s5:8→1, s4:8→1 / s5:8→1, s4:8→1 / s5:8→1, s4:10→1 / s5:10→1, s4:10→1 / s5:10→1, s4:8→1 / s5:8→1, s4:8→1 / s5:8→1, s4:8→1 / s5:8→1, s4:8→1 / s5:8→1, s4:10→1 / s5:10→1, s4:10→1 / s5:10→1, s4:10→1 / s5:10→1, s4:10→1 / s5:10→1, s4:10→1 / s5:10→1, s4:8→1 / s5:8→1, s4:10→1 / s5:10→1, s4:8→1 / s5:8→1, s4:8→1 / s5:8→1, s4:10→1 / s5:10→1, s4:8→1 / s5:8→1, s4:8→1 / s5:8→1, s4:8→1 / s5:8→1, s4:8→1 / s5:8→1, s4:8→1 / s5:8→1, s4:8→1 / s5:8→1, s4:8→1 / s5:8→1, s4:8→1 / s5:8→1, s4:8→1 / s5:8→1, s4:10→1 / s5:10→1, s4:10→1 / s5:10→1, s4:10→1 / s5:10→1, s4:10→1 / s5:10→1, s4:10→1 / s5:10→1, s4:10→1 / s5:10→1, s4:10→1 / s5:10→1}"
7	45	"2 so(8)"	"2 so(8)+2 su(3)+so(7)+2 su(2)"	14	120	2	3	0	0	0	0	0	0	"{s1:7→1 / s2:2→1 / s3:1→1, 2→1 / s4:1→1 / s5:1→1, s1:7→1 / s2:2→1 / s3:1→1, 5→1 / s4:1→1, 2→1 / s5:1→1, 2→1, s1:7→1 / s2:2→1 / s3:1→1, 5→1 / s4:2→1 / s5:1→2, 2→1, s1:7→1 / s2:5→1 / s3:1→1, 2→1 / s4:2→1 / s5:2→1, s1:7→1 / s2:5→1 / s3:2→1 / s4:1→1, 2→1 / s5:1→1, 2→1, s1:7→1 / s2:5→1 / s3:2→1 / s4:1→1 / s5:1→2, 5→3, s1:7→1 / s2:5→1 / s3:2→1 / s4:1→1 / s5:1→4, 5→1, s1:7→1 / s2:5→1 / s3:2→1 / s4:1→3, 5→1 / s5:1→4, 5→1, s1:7→1 / s2:5→1 / s3:2→1 / s4:1→3, 7→1 / s5:1→3, 7→1, s1:7→1 / s2:5→1 / s3:2→1 / s4:2→1 / s5:1→1, 2→1, s1:7→1 / s2:5→1 / s3:2→1 / s4:2→1 / s5:2→1, s1:7→1 / s2:5→1 / s3:2→1 / s4:5→1, 7→1 / s5:1→1, 5→1, 7→1, s1:7→1 / s2:5→1 / s3:2→1 / s4:5→1, 7→1 / s5:5→1, 7→1, s1:7→1 / s2:5→1 / s3:2→1 / s4:5→1 / s5:1→1, 5→1, s1:7→1 / s2:5→1 / s3:2→1 / s4:5→1 / s5:2→1, 5→1, s1:7→1 / s2:5→1 / s3:2→1 / s4:7→1 / s5:5→1, 7→1, s1:7→1 / s2:5→1 / s3:2→1 / s4:7→1 / s5:5→2, 7→1, s1:7→1 / s2:5→1 / s3:2→1 / s4:7→1 / s5:7→1}"	"{s4:8→1 / s5:8→1, s4:8→1 / s5:8→1, s4:8→1 / s5:8→1, s4:8→1 / s5:8→1, s4:8→1 / s5:8→1, s4:8→1 / s5:8→1, s4:8→1 / s5:8→1, s4:8→1 / s5:8→1, s4:10→1 / s5:10→1, s4:8→1 / s5:8→1, s4:8→1 / s5:8→1, s4:10→1 / s5:10→1, s4:10→1 / s5:10→1, s4:8→1 / s5:8→1, s4:8→1 / s5:8→1, s4:10→1 / s5:10→1, s4:10→1 / s5:10→1, s4:10→1 / s5:10→1}"
7	45	"2 so(8)"	"2 so(8)+2 su(3)+so(7)+2 su(2)"	15	120	2	3	0	0	0	0	0	0	"{s1:7→1 / s2:2→1 / s3:1→1, 5→1 / s4:5→1 / s5:5→1, s1:7→1 / s2:2→1 / s3:1→1, 5→1 / s4:7→1 / s5:7→1}"	"{s4:8→1 / s5:8→1, s4:10→1 / s5:10→1}"
7	45	"2 so(8)"	"2 so(8)+2 su(3)+so(7)+2 su(2)"	16	120	2	3	0	0	0	0	0	0	"{s1:7→1 / s2:5→1 / s3:2→1 / s4:1→1 / s5:1→1, 2→3, 5→1, s1:7→1 / s2:5→1 / s3:2→1 / s4:1→4, 5→1 / s5:1→4, 5→1, s1:7→1 / s2:5→1 / s3:2→1 / s4:2→2, 5→1 / s5:1→1, s1:7→1 / s2:5→1 / s3:2→1 / s4:5→1 / s5:5→1, s1:7→1 / s2:7→1 / s3:2→1 / s4:5→2 / s5:1→1, 5→1}"	"{s4:8→1 / s5:8→1, s4:8→1 / s5:8→1, s4:8→1 / s5:8→1, s4:8→1 / s5:8→1, s4:10→1 / s5:10→1}"
7	45	"2 so(8)"	"2 so(8)+2 su(3)+so(7)+2 su(2)"	17	120	2	3	0	0	0	0	0	0	"{s1:7→1 / s2:5→1 / s3:2→1 / s4:1→1 / s5:1→1, 5→2, s1:7→1 / s2:7→1 / s3:2→1 / s4:5→1 / s5:1→1, 5→1}"	"{s4:8→1 / s5:8→1, s4:10→1 / s5:10→1}"
7	45	"2 so(8)"	"2 so(8)+2 su(3)+so(7)+2 su(2)"	18	120	2	3	0	0	0	0	0	0	"{s1:7→1 / s2:2→1 / s3:1→1, 5→1 / s4:2→1 / s5:1→1, 2→1, s1:7→1 / s2:5→1 / s3:1→1, 2→1 / s4:2→1 / s5:1→1, 2→1, s1:7→1 / s2:5→1 / s3:2→1 / s4:1→1 / s5:1→1, 2→1, 5→3}"	"{s4:8→1 / s5:8→1, s4:8→1 / s5:8→1, s4:8→1 / s5:8→1}"
7	45	"2 so(8)"	"2 so(8)+2 su(3)+so(7)+2 su(2)"	53	120	2	3	0	0	0	0	0	0	"s1:7→1 / s2:7→1 / s3:2→1 / s4:5→1 / s5:1→1, 5→2"	"s4:10→1 / s5:10→1"
7	45	"2 so(8)"	"2 so(8)+3 su(3)+g2+su(2)"	13	114	1	4	0	0	0	0	0	0	"{s1:7→1 / s2:2→1 / s3:2→1, 5→1 / s4:1→1, 5→1 / s5:1→1, s1:7→1 / s2:5→1 / s3:2→1 / s4:1→1, 2→1, 7→1 / s5:1→1, s1:7→1 / s2:5→1 / s3:2→1 / s4:1→1, 7→1 / s5:1→1, s1:7→1 / s2:5→1 / s3:2→1 / s4:1→1, 7→1 / s5:1→1, s1:7→1 / s2:5→1 / s3:2→1 / s4:1→1, 7→1 / s5:1→1, 5→1, s1:7→1 / s2:5→1 / s3:2→1 / s4:1→1, 7→1 / s5:1→1, 5→1, s1:7→1 / s2:5→1 / s3:2→1 / s4:1→1, 7→1 / s5:1→2, 5→1, s1:7→1 / s2:5→1 / s3:2→1 / s4:1→1, 7→1 / s5:1→2, 5→1, s1:7→1 / s2:5→1 / s3:2→1 / s4:1→1, 7→1 / s5:1→2, 5→2, s1:7→1 / s2:5→1 / s3:2→1 / s4:1→1, 7→1 / s5:5→1, s1:7→1 / s2:5→1 / s3:2→1 / s4:1→1 / s5:1→1, 2→1, 5→1, s1:7→1 / s2:5→1 / s3:2→1 / s4:1→1 / s5:1→1, 2→1, 5→1, 7→1, s1:7→1 / s2:5→1 / s3:2→1 / s4:1→1 / s5:1→1, 2→1, 5→2, s1:7→1 / s2:5→1 / s3:2→1 / s4:1→1 / s5:1→1, 2→1, 5→2, 7→1, s1:7→1 / s2:5→1 / s3:2→1 / s4:1→1 / s5:1→1, 2→1, 5→3, s1:7→1 / s2:5→1 / s3:2→1 / s4:1→1 / s5:1→1, 2→1, 7→1, s1:7→1 / s2:5→1 / s3:2→1 / s4:1→1 / s5:1→1, 2→2, 5→1, s1:7→1 / s2:5→1 / s3:2→1 / s4:1→1 / s5:1→1, 2→2, 5→1, 7→1, s1:7→1 / s2:5→1 / s3:2→1 / s4:1→1 / s5:1→1, 2→2, 5→2, s1:7→1 / s2:5→1 / s3:2→1 / s4:1→1 / s5:1→1, 2→2, 7→1, s1:7→1 / s2:5→1 / s3:2→1 / s4:1→1 / s5:1→1, 2→3, 5→1, s1:7→1 / s2:5→1 / s3:2→1 / s4:1→1 / s5:1→2, 2→2, 5→1, s1:7→1 / s2:5→1 / s3:2→1 / s4:1→1 / s5:1→2, 2→2, 7→1, s1:7→1 / s2:5→1 / s3:2→1 / s4:1→1 / s5:2→1, s1:7→1 / s2:5→1 / s3:2→1 / s4:1→1 / s5:2→1, 5→1, s1:7→1 / s2:5→1 / s3:2→1 / s4:1→1 / s5:2→1, 5→1, 7→1, s1:7→1 / s2:5→1 / s3:2→1 / s4:1→1 / s5:2→1, 5→2, s1:7→1 / s2:5→1 / s3:2→1 / s4:1→1 / s5:2→1, 5→2, 7→1, s1:7→1 / s2:5→1 / s3:2→1 / s4:1→1 / s5:2→1, 7→1, s1:7→1 / s2:5→1 / s3:2→1 / s4:1→1 / s5:2→2, 5→1, s1:7→1 / s2:5→1 / s3:2→1 / s4:1→1 / s5:2→2, 5→1, 7→1, s1:7→1 / s2:5→1 / s3:2→1 / s4:1→1 / s5:2→2, 5→2, s1:7→1 / s2:5→1 / s3:2→1 / s4:1→1 / s5:2→2, 5→2, 7→1, s1:7→1 / s2:5→1 / s3:2→1 / s4:1→1 / s5:2→2, 5→3, s1:7→1 / s2:5→1 / s3:2→1 / s4:1→1 / s5:2→2, 7→1, s1:7→1 / s2:5→1 / s3:2→1 / s4:1→1 / s5:2→3, 5→1, 7→1, s1:7→1 / s2:5→1 / s3:2→1 / s4:1→1 / s5:2→3, 5→2, s1:7→1 / s2:7→1 / s3:2→1 / s4:1→1, 5→1 / s5:5→1, s1:7→1 / s2:7→1 / s3:2→1 / s4:1→1, 5→1 / s5:5→1, s1:7→1 / s2:7→1 / s3:2→1 / s4:1→1, 5→1 / s5:5→2, s1:7→1 / s2:7→1 / s3:2→1 / s4:1→1 / s5:5→1}"	"{s5:8→1, s5:9→1, s5:10→1, s5:9→1, s5:10→1, s5:9→1, s5:10→1, s5:9→1, s5:10→1, s5:10→1, s5:8→1, s5:8→1, s5:8→1, s5:8→1, s5:8→1, s5:8→1, s5:8→1, s5:8→1, s5:8→1, s5:8→1, s5:8→1, s5:8→1, s5:8→1, s5:8→1, s5:8→1, s5:8→1, s5:8→1, s5:8→1, s5:8→1, s5:8→1, s5:8→1, s5:8→1, s5:8→1, s5:8→1, s5:8→1, s5:8→1, s5:8→1, s5:10→1, s5:11→1, s5:10→1, s5:10→1}"
7	45	"2 so(8)"	"2 so(8)+3 su(3)+g2+su(2)"	14	114	1	4	0	0	0	0	0	0	"{s1:7→1 / s2:5→1 / s3:2→1 / s4:1→1 / s5:1→1, 2→1, s1:7→1 / s2:5→1 / s3:2→1 / s4:1→1 / s5:1→1, 2→3, 7→1, s1:7→1 / s2:5→1 / s3:2→1 / s4:1→1 / s5:2→3, 5→1, s1:7→1 / s2:5→1 / s3:2→1 / s4:1→1 / s5:2→3, 7→1, s1:7→1 / s2:5→1 / s3:2→1 / s4:2→1, 7→1 / s5:1→1, s1:7→1 / s2:7→1 / s3:5→1 / s4:2→1 / s5:1→1, 5→1, s1:7→1 / s2:7→1 / s3:5→1 / s4:2→1 / s5:5→1}"	"{s5:8→1, s5:8→1, s5:8→1, s5:8→1, s5:9→1, s5:10→1, s5:11→1}"
7	45	"2 so(8)"	"2 so(8)+3 su(3)+g2+su(2)"	15	114	1	4	0	0	0	0	0	0	"s1:7→1 / s2:5→1 / s3:2→1 / s4:1→1 / s5:2→1, 5→3, 7→1"	"s5:8→1"
7	45	"2 so(8)"	"2 so(8)+3 su(3)+g2+su(2)"	16	114	1	4	0	0	0	0	0	0	"{s1:7→1 / s2:5→1 / s3:2→1 / s4:1→1, 2→1 / s5:1→1, s1:7→1 / s2:7→1 / s3:5→1 / s4:2→1 / s5:1→1, s1:7→1 / s2:7→1 / s3:5→1 / s4:2→1 / s5:1→1, 5→2}"	"{s5:8→1, s5:10→1, s5:11→1}"
7	45	"2 so(8)"	"2 so(8)+3 su(3)+g2+su(2)"	17	114	1	4	0	0	0	0	0	0	"{s1:7→1 / s2:5→1 / s3:2→1 / s4:1→1 / s5:2→1, 5→3, s1:7→1 / s2:7→1 / s3:5→1 / s4:2→1 / s5:2→1, 5→1, s1:7→1 / s2:7→1 / s3:5→1 / s4:2→1 / s5:5→1}"	"{s5:8→1, s5:10→1, s5:10→1}"
7	45	"2 so(8)"	"2 so(8)+3 su(3)+g2+su(2)"	18	114	1	4	0	0	0	0	0	0	"{s1:7→1 / s2:5→1 / s3:2→1 / s4:1→1, 7→1 / s5:1→1, 2→1, 5→1, s1:7→1 / s2:7→1 / s3:5→1 / s4:2→1 / s5:1→1, 5→1}"	"{s5:9→1, s5:11→1}"
7	45	"2 so(8)"	"2 so(8)+3 su(3)+g2+su(2)"	53	114	1	4	0	0	0	0	0	0	"s1:7→1 / s2:7→1 / s3:2→1 / s4:1→1 / s5:1→1, 5→2"	"s5:10→1"
7	45	"2 so(8)"	"2 so(8)+3 su(3)+g2+su(2)"	54	114	1	4	0	0	0	0	0	0	"s1:7→1 / s2:5→1 / s3:2→1 / s4:1→1, 2→1 / s5:1→4, 5→1"	"s5:8→1"
7	45	"2 so(8)"	"2 so(8)+3 su(3)+g2+su(2)"	67	114	1	4	0	0	0	0	0	0	"s1:7→1 / s2:5→1 / s3:2→1 / s4:1→1 / s5:5→1"	"s5:8→1"
7	45	"2 so(8)"	"2 so(8)+3 su(3)+g2+su(2)"	69	114	1	4	0	0	0	0	0	0	"s1:7→1 / s2:5→1 / s3:2→1 / s4:1→1 / s5:2→4, 5→1"	"s5:8→1"
7	45	"2 so(8)"	"2 so(8)+5 su(3)"	13	107	0	5	0	0	0	0	0	0	"{s1:7→1 / s2:2→1 / s3:2→1, 5→1 / s4:1→1, 7→1 / s5:1→1, 5→1, s1:7→1 / s2:5→1 / s3:2→1, 7→1 / s4:1→1, 5→1 / s5:1→1, 2→1, s1:7→1 / s2:5→1 / s3:2→1 / s4:1→1, 7→1 / s5:1→1, 2→1, 5→1, s1:7→1 / s2:5→1 / s3:2→1 / s4:1→1, 7→1 / s5:1→1, 5→1, s1:7→1 / s2:5→1 / s3:2→1 / s4:1→1 / s5:1→1, 2→1, 5→1, 7→1, s1:7→1 / s2:5→1 / s3:2→1 / s4:1→1 / s5:1→1, 5→1, 7→1, s1:7→1 / s2:5→1 / s3:2→1 / s4:1→1 / s5:1→1, 7→1, s1:7→1 / s2:5→1 / s3:2→1 / s4:2→1, 7→1 / s5:1→1, 5→1, s1:7→1 / s2:7→1 / s3:2→1 / s4:1→1, 5→1 / s5:1→1, 5→1, s1:7→1 / s2:7→1 / s3:2→1 / s4:1→1 / s5:1→1, 5→1, s1:7→1 / s2:7→1 / s3:2→1 / s4:1→1 / s5:1→1, 5→2, s1:7→1 / s2:7→1 / s3:2→1 / s4:2→1, 5→1 / s5:1→1, 5→1, s1:7→1 / s2:7→1 / s3:2→1 / s4:2→1 / s5:1→1, 5→1}"	""
7	45	"2 so(8)"	"2 so(8)+5 su(3)"	14	107	0	5	0	0	0	0	0	0	"{s1:7→1 / s2:7→1 / s3:5→1 / s4:2→1 / s5:1→1, s1:7→1 / s2:7→1 / s3:5→1 / s4:2→1 / s5:1→1, 5→1, s1:7→1 / s2:7→1 / s3:5→1 / s4:2→1 / s5:2→1, 5→1}"	""
7	45	"2 so(8)"	"2 so(8)+5 su(3)"	15	107	0	5	0	0	0	0	0	0	"s1:7→1 / s2:7→1 / s3:5→1 / s4:5→1 / s5:2→1"	""
7	45	"2 so(8)"	"2 so(8)+5 su(3)"	40	107	0	5	0	0	0	0	0	0	"s1:7→1 / s2:7→1 / s3:2→1 / s4:1→1 / s5:1→1, 2→1, 5→3"	""
7	45	"2 so(8)"	"2 so(8)+5 su(3)"	87	107	0	5	0	0	0	0	0	0	"s1:7→1 / s2:5→1 / s3:2→1 / s4:1→1 / s5:1→1, 2→1"	""
7	45	"2 so(8)"	"2 so(8)+g2+su(2)+so(7)+2 su(2)"	12	127	3	2	0	0	0	0	0	0	"{s1:7→1 / s2:1→1, 2→1, 5→1 / s3:5→1 / s4:2→1 / s5:1→1, s1:7→1 / s2:1→1, 2→1 / s3:5→1 / s4:2→1, 5→1 / s5:1→1, 5→1, s1:7→1 / s2:2→1, 5→1 / s3:1→1 / s4:1→1, 2→1 / s5:1→2, 5→1, s1:7→1 / s2:2→1, 5→1 / s3:1→1 / s4:1→1, 2→1 / s5:1→2, 5→1, s1:7→1 / s2:2→1, 5→1 / s3:1→1 / s4:1→1, 5→1 / s5:1→1, 2→1, s1:7→1 / s2:2→1, 5→1 / s3:1→1 / s4:1→1 / s5:1→1, 2→1, 5→1, s1:7→1 / s2:2→1, 5→1 / s3:1→1 / s4:1→1 / s5:1→1, 5→1, s1:7→1 / s2:2→1, 5→1 / s3:1→1 / s4:1→1 / s5:1→1, 7→1, s1:7→1 / s2:2→1, 5→1 / s3:1→1 / s4:1→1 / s5:1→2, 2→1, 5→1, s1:7→1 / s2:2→1, 5→1 / s3:2→1 / s4:1→1 / s5:1→1, s1:7→1 / s2:2→1, 5→1 / s3:2→1 / s4:1→1 / s5:1→1, 5→1, s1:7→1 / s2:2→1, 5→1 / s3:2→1 / s4:1→1 / s5:1→1, 5→1, s1:7→1 / s2:2→1 / s3:1→1, 2→1, 5→1 / s4:1→2, 5→1 / s5:1→2, 5→2, s1:7→1 / s2:2→1 / s3:1→1, 2→1, 5→1 / s4:1→2, 5→1 / s5:1→2, 5→2, s1:7→1 / s2:2→1 / s3:1→1, 5→1, 7→1 / s4:1→1, 5→2 / s5:1→2, 5→1, s1:7→1 / s2:2→1 / s3:1→1, 5→1 / s4:1→1, 2→1, 5→1 / s5:1→2, 5→1, s1:7→1 / s2:2→1 / s3:1→1, 5→1 / s4:1→1, 2→1, 5→1 / s5:1→2, 5→2, s1:7→1 / s2:2→1 / s3:1→1, 5→1 / s4:1→1, 2→1, 5→2 / s5:1→2, 5→2, s1:7→1 / s2:2→1 / s3:1→1, 5→1 / s4:1→1, 5→1, 7→1 / s5:1→1, 5→2, s1:7→1 / s2:2→1 / s3:1→1, 5→1 / s4:1→1, 5→1, 7→1 / s5:1→2, 5→2, s1:7→1 / s2:2→1 / s3:1→1, 5→1 / s4:1→1, 5→1 / s5:1→1, 5→1, s1:7→1 / s2:2→1 / s3:1→1, 5→1 / s4:1→1, 5→1 / s5:1→1, 5→1, 7→1, s1:7→1 / s2:2→1 / s3:1→1, 5→1 / s4:1→1, 5→1 / s5:1→1, 5→2, s1:7→1 / s2:2→1 / s3:1→1, 5→1 / s4:1→1, 5→1 / s5:1→1, 5→2, s1:7→1 / s2:2→1 / s3:1→1, 5→1 / s4:1→1, 5→1 / s5:1→1, 5→2, 7→1, s1:7→1 / s2:2→1 / s3:1→1, 5→1 / s4:1→1, 5→1 / s5:1→2, 5→1, s1:7→1 / s2:2→1 / s3:1→1, 5→1 / s4:1→1, 5→1 / s5:1→2, 5→1, 7→1, s1:7→1 / s2:2→1 / s3:1→1, 5→1 / s4:1→1, 5→1 / s5:1→2, 5→2, s1:7→1 / s2:2→1 / s3:1→1, 5→1 / s4:1→1, 5→1 / s5:1→2, 5→2, s1:7→1 / s2:2→1 / s3:1→1, 5→1 / s4:1→1, 5→1 / s5:1→2, 5→2, 7→1, s1:7→1 / s2:2→1 / s3:1→1, 5→1 / s4:1→1, 5→1 / s5:1→2, 5→3, s1:7→1 / s2:2→1 / s3:1→1, 5→1 / s4:1→1, 5→1 / s5:1→2, 5→3, s1:7→1 / s2:2→1 / s3:1→1, 5→1 / s4:1→1, 5→1 / s5:1→3, 5→1, 7→1, s1:7→1 / s2:2→1 / s3:1→1, 5→1 / s4:1→1, 5→1 / s5:1→3, 5→2, s1:7→1 / s2:2→1 / s3:1→1, 5→1 / s4:1→1, 5→2 / s5:1→1, 2→1, 5→1, s1:7→1 / s2:2→1 / s3:1→1, 5→1 / s4:1→1, 5→2 / s5:1→1, 2→1, 5→2, s1:7→1 / s2:2→1 / s3:1→1, 5→1 / s4:1→1, 5→2 / s5:1→1, 5→2, 7→1, s1:7→1 / s2:2→1 / s3:1→1, 5→1 / s4:1→1, 5→2 / s5:1→2, 2→1, 5→2, s1:7→1 / s2:2→1 / s3:1→1, 5→1 / s4:1→1, 5→2 / s5:1→2, 5→1, s1:7→1 / s2:2→1 / s3:1→1, 5→1 / s4:1→1, 5→2 / s5:1→2, 5→1, s1:7→1 / s2:2→1 / s3:1→1, 5→1 / s4:1→1, 5→2 / s5:1→2, 5→1, 7→1, s1:7→1 / s2:2→1 / s3:1→1, 5→1 / s4:1→1, 5→2 / s5:1→2, 5→2, s1:7→1 / s2:2→1 / s3:1→1, 5→1 / s4:1→1, 5→2 / s5:1→2, 5→2, s1:7→1 / s2:2→1 / s3:1→1, 5→1 / s4:1→1, 5→2 / s5:1→2, 5→2, 7→1, s1:7→1 / s2:2→1 / s3:1→1, 5→1 / s4:1→1, 5→2 / s5:1→3, 5→2, s1:7→1 / s2:2→1 / s3:1→1, 5→1 / s4:1→1, 5→2 / s5:1→3, 5→2, s1:7→1 / s2:2→1 / s3:1→1, 5→1 / s4:1→2, 5→1, 7→1 / s5:1→2, 5→2, s1:7→1 / s2:2→1 / s3:1→1, 5→1 / s4:1→2, 5→1 / s5:1→2, 2→1, 5→2, s1:7→1 / s2:2→1 / s3:1→1, 5→1 / s4:1→2, 5→1 / s5:1→2, 5→1, 7→1, s1:7→1 / s2:2→1 / s3:1→1, 5→1 / s4:1→2, 5→1 / s5:1→2, 5→2, s1:7→1 / s2:2→1 / s3:1→1, 5→1 / s4:1→2, 5→1 / s5:1→2, 5→2, s1:7→1 / s2:2→1 / s3:1→1, 5→1 / s4:1→2, 5→1 / s5:1→2, 5→3, s1:7→1 / s2:2→1 / s3:1→1, 5→1 / s4:1→2, 5→1 / s5:1→2, 5→3, s1:7→1 / s2:2→1 / s3:1→1, 5→1 / s4:1→2, 5→2 / s5:1→2, 2→1, 5→1, s1:7→1 / s2:2→1 / s3:1→1, 5→1 / s4:1→2, 5→2 / s5:1→2, 2→1, 5→2, s1:7→1 / s2:2→1 / s3:1→1, 5→1 / s4:1→2, 5→2 / s5:1→2, 5→2, s1:7→1 / s2:2→1 / s3:1→1, 5→1 / s4:1→2, 5→2 / s5:1→2, 5→2, s1:7→1 / s2:2→1 / s3:1→1, 5→1 / s4:1→2, 5→2 / s5:1→2, 5→2, 7→1, s1:7→1 / s2:2→1 / s3:1→1, 5→2 / s4:1→2, 5→1 / s5:1→2, 5→1, 7→1, s1:7→1 / s2:2→1 / s3:1→1, 5→2 / s4:1→2, 5→1 / s5:1→2, 5→2, s1:7→1 / s2:2→1 / s3:1→1, 5→2 / s4:1→2, 5→1 / s5:1→2, 5→2, s1:7→1 / s2:2→1 / s3:1→1, 5→2 / s4:1→2, 5→1 / s5:1→2, 5→2, 7→1, s1:7→1 / s2:2→1 / s3:1→1 / s4:1→1, 2→1, 5→1 / s5:1→2, 5→2, s1:7→1 / s2:2→1 / s3:1→1 / s4:1→1, 2→1, 5→2 / s5:1→2, 5→2, s1:7→1 / s2:2→1 / s3:1→1 / s4:1→1, 2→1, 5→2 / s5:1→2, 5→3, s1:7→1 / s2:2→1 / s3:1→1 / s4:1→1, 2→1, 5→3 / s5:1→2, 5→3, s1:7→1 / s2:2→1 / s3:1→1 / s4:1→1, 5→1, 7→1 / s5:1→1, 5→2, s1:7→1 / s2:2→1 / s3:1→1 / s4:1→1, 5→1, 7→1 / s5:1→2, 5→2, s1:7→1 / s2:2→1 / s3:1→1 / s4:1→1, 5→1 / s5:1→1, 2→1, 5→1, s1:7→1 / s2:2→1 / s3:1→1 / s4:1→1, 5→1 / s5:1→1, 2→1, 5→2, s1:7→1 / s2:2→1 / s3:1→1 / s4:1→1, 5→1 / s5:1→1, 2→1, 5→3, s1:7→1 / s2:2→1 / s3:1→1 / s4:1→1, 5→1 / s5:1→1, 5→1, s1:7→1 / s2:2→1 / s3:1→1 / s4:1→1, 5→1 / s5:1→1, 5→1, s1:7→1 / s2:2→1 / s3:1→1 / s4:1→1, 5→1 / s5:1→1, 5→1, 7→1, s1:7→1 / s2:2→1 / s3:1→1 / s4:1→1, 5→1 / s5:1→1, 5→2, s1:7→1 / s2:2→1 / s3:1→1 / s4:1→1, 5→1 / s5:1→1, 5→2, s1:7→1 / s2:2→1 / s3:1→1 / s4:1→1, 5→1 / s5:1→1, 5→2, s1:7→1 / s2:2→1 / s3:1→1 / s4:1→1, 5→1 / s5:1→1, 5→2, 7→1, s1:7→1 / s2:2→1 / s3:1→1 / s4:1→1, 5→1 / s5:1→2, 2→1, 5→2, s1:7→1 / s2:2→1 / s3:1→1 / s4:1→1, 5→1 / s5:1→2, 2→1, 5→2, s1:7→1 / s2:2→1 / s3:1→1 / s4:1→1, 5→1 / s5:1→2, 5→1, 7→1, s1:7→1 / s2:2→1 / s3:1→1 / s4:1→1, 5→1 / s5:1→2, 5→2, s1:7→1 / s2:2→1 / s3:1→1 / s4:1→1, 5→1 / s5:1→2, 5→2, s1:7→1 / s2:2→1 / s3:1→1 / s4:1→1, 5→1 / s5:1→2, 5→2, s1:7→1 / s2:2→1 / s3:1→1 / s4:1→1, 5→1 / s5:1→2, 5→2, 7→1, s1:7→1 / s2:2→1 / s3:1→1 / s4:1→1, 5→1 / s5:1→2, 5→3, s1:7→1 / s2:2→1 / s3:1→1 / s4:1→1, 5→1 / s5:1→2, 5→3, s1:7→1 / s2:2→1 / s3:1→1 / s4:1→1, 5→1 / s5:1→2, 5→3, s1:7→1 / s2:2→1 / s3:1→1 / s4:1→1, 5→2, 7→1 / s5:1→2, 5→3, s1:7→1 / s2:2→1 / s3:1→1 / s4:1→1, 5→2 / s5:1→1, 2→1, 5→2, s1:7→1 / s2:2→1 / s3:1→1 / s4:1→1, 5→2 / s5:1→1, 5→2, 7→1, s1:7→1 / s2:2→1 / s3:1→1 / s4:1→1, 5→2 / s5:1→2, 2→1, 5→2, s1:7→1 / s2:2→1 / s3:1→1 / s4:1→1, 5→2 / s5:1→2, 5→2, s1:7→1 / s2:2→1 / s3:1→1 / s4:1→1, 5→2 / s5:1→2, 5→2, s1:7→1 / s2:2→1 / s3:1→1 / s4:1→1, 5→2 / s5:1→2, 5→2, s1:7→1 / s2:2→1 / s3:1→1 / s4:1→1, 5→2 / s5:1→2, 5→2, 7→1, s1:7→1 / s2:2→1 / s3:1→1 / s4:1→2, 5→1, 7→1 / s5:1→2, 5→2, s1:7→1 / s2:2→1 / s3:1→1 / s4:1→2, 5→2 / s5:1→2, 2→1, 5→2, s1:7→1 / s2:2→1 / s3:1→1 / s4:1→2, 5→2 / s5:1→2, 5→2, s1:7→1 / s2:2→1 / s3:1→1 / s4:1→2, 5→2 / s5:1→2, 5→2, s1:7→1 / s2:2→1 / s3:1→1 / s4:1→2, 5→2 / s5:1→2, 5→2, 7→1, s1:7→1 / s2:2→1 / s3:1→1 / s4:1→2, 5→2 / s5:1→2, 5→3, s1:7→1 / s2:2→1 / s3:1→1 / s4:1→2, 5→2 / s5:1→2, 5→3, s1:7→1 / s2:2→1 / s3:1→1 / s4:1→2, 5→2 / s5:1→2, 5→3, s1:7→1 / s2:2→1 / s3:2→1, 5→1 / s4:1→1, 5→1 / s5:1→1, 5→1, s1:7→1 / s2:2→1 / s3:2→1, 5→1 / s4:1→1, 5→1 / s5:1→1, 5→2, s1:7→1 / s2:2→1 / s3:2→1, 5→1 / s4:1→1, 5→1 / s5:1→1, 5→2, s1:7→1 / s2:2→1 / s3:2→1, 5→1 / s4:1→1 / s5:1→1, 5→1, s1:7→1 / s2:2→1 / s3:2→1, 5→1 / s4:1→1 / s5:1→1, 5→2, s1:7→1 / s2:2→1 / s3:5→1 / s4:1→1, 2→1, 5→1 / s5:1→2, 5→2, s1:7→1 / s2:2→1 / s3:5→1 / s4:1→1, 5→1 / s5:1→1, 2→1, 5→1, s1:7→1 / s2:2→1 / s3:5→1 / s4:1→1, 5→1 / s5:1→1, 5→1, s1:7→1 / s2:2→1 / s3:5→1 / s4:1→1, 5→1 / s5:1→2, 2→1, 5→2, s1:7→1 / s2:2→1 / s3:5→1 / s4:1→1, 5→1 / s5:1→2, 5→1, s1:7→1 / s2:2→1 / s3:5→1 / s4:1→1, 5→1 / s5:1→2, 5→1, 7→1, s1:7→1 / s2:2→1 / s3:5→1 / s4:1→1, 5→1 / s5:1→2, 5→2, s1:7→1 / s2:2→1 / s3:5→1 / s4:1→1, 5→1 / s5:1→3, 5→2, s1:7→1 / s2:2→1 / s3:5→1 / s4:1→1, 7→1 / s5:1→1, 5→1, s1:7→1 / s2:2→1 / s3:5→1 / s4:1→1 / s5:1→1, 2→1, 5→2, s1:7→1 / s2:2→1 / s3:5→1 / s4:1→1 / s5:1→1, 5→1, s1:7→1 / s2:2→1 / s3:5→1 / s4:1→1 / s5:1→1, 5→1, s1:7→1 / s2:2→1 / s3:5→1 / s4:1→1 / s5:1→1, 5→1, 7→1, s1:7→1 / s2:2→1 / s3:5→1 / s4:1→1 / s5:1→2, 5→1, 7→1, s1:7→1 / s2:2→1 / s3:5→1 / s4:1→1 / s5:1→2, 5→2, s1:7→1 / s2:2→1 / s3:5→1 / s4:1→1 / s5:1→2, 5→2, s1:7→1 / s2:2→1 / s3:5→1 / s4:1→1 / s5:1→2, 5→2, 7→1, s1:7→1 / s2:2→1 / s3:5→1 / s4:1→2, 5→1, 7→1 / s5:1→2, 5→2, s1:7→1 / s2:2→1 / s3:5→1 / s4:1→2, 5→1 / s5:1→2, 5→2, s1:7→1 / s2:2→1 / s3:5→1 / s4:1→2, 5→2 / s5:1→2, 2→1, 5→2, s1:7→1 / s2:2→1 / s3:5→1 / s4:1→2, 5→2 / s5:1→2, 5→2, s1:7→1 / s2:2→1 / s3:5→1 / s4:1→2, 5→2 / s5:1→3, 5→2, s1:7→1 / s2:5→1 / s3:1→1, 2→1 / s4:1→1, 2→1 / s5:1→1, 2→2, 7→1, s1:7→1 / s2:5→1 / s3:2→1 / s4:1→1, 2→1 / s5:1→1, 2→1, 5→1, s1:7→1 / s2:5→1 / s3:2→1 / s4:1→1, 2→1 / s5:1→1, 2→1, 7→1, s1:7→1 / s2:5→1 / s3:2→1 / s4:1→1, 2→1 / s5:1→1, 2→2, 5→1, s1:7→1 / s2:5→1 / s3:2→1 / s4:1→1, 2→1 / s5:1→1, 2→2, 5→1, s1:7→1 / s2:5→1 / s3:2→1 / s4:1→1, 2→1 / s5:1→1, 2→2, 7→1, s1:7→1 / s2:5→1 / s3:2→1 / s4:1→1, 2→1 / s5:1→2, 2→1, 5→1, s1:7→1 / s2:5→1 / s3:2→1 / s4:1→1, 2→1 / s5:1→2, 2→1, 7→1, s1:7→1 / s2:5→1 / s3:2→1 / s4:1→1, 2→1 / s5:1→2, 2→2, 5→1, s1:7→1 / s2:5→1 / s3:2→1 / s4:1→1, 2→1 / s5:1→2, 2→2, 5→1, s1:7→1 / s2:5→1 / s3:2→1 / s4:1→1, 2→1 / s5:1→2, 2→2, 7→1, s1:7→1 / s2:5→1 / s3:2→1 / s4:1→1, 2→1 / s5:1→3, 2→1, 5→1, s1:7→1 / s2:5→1 / s3:2→1 / s4:1→1, 2→1 / s5:1→3, 2→1, 7→1, s1:7→1 / s2:5→1 / s3:2→1 / s4:1→1 / s5:1→1, s1:7→1 / s2:5→1 / s3:2→1 / s4:1→1 / s5:1→1, 2→1, s1:7→1 / s2:5→1 / s3:2→1 / s4:1→1 / s5:1→1, 2→1, s1:7→1 / s2:5→1 / s3:2→1 / s4:1→1 / s5:1→1, 2→1, 5→1, s1:7→1 / s2:5→1 / s3:2→1 / s4:1→1 / s5:1→1, 2→1, 7→1, s1:7→1 / s2:5→1 / s3:2→1 / s4:1→1 / s5:1→1, 2→2, 5→1, s1:7→1 / s2:5→1 / s3:2→1 / s4:1→1 / s5:1→1, 2→2, 7→1, s1:7→1 / s2:5→1 / s3:2→1 / s4:1→1 / s5:1→2, 2→1, 7→1, s1:7→1 / s2:5→1 / s3:2→1 / s4:1→1 / s5:1→2, 2→2, 5→1, s1:7→1 / s2:5→1 / s3:2→1 / s4:1→1 / s5:1→2, 2→2, 7→1, s1:7→1 / s2:5→1 / s3:2→1 / s4:2→1 / s5:1→2, 2→1, 7→1}"	"{s3:9→1 / s4:8→1 / s5:8→1, s3:9→1 / s4:8→1 / s5:8→1, s3:8→1 / s4:8→1 / s5:9→1, s3:9→1 / s4:8→1 / s5:8→1, s3:9→1 / s4:8→1 / s5:8→1, s3:8→1 / s4:9→1 / s5:8→1, s3:8→1 / s4:9→1 / s5:8→1, s3:8→1 / s4:9→1 / s5:9→1, s3:8→1 / s4:9→1 / s5:8→1, s3:8→1 / s4:8→1 / s5:9→1, s3:8→1 / s4:8→1 / s5:9→1, s3:8→1 / s4:9→1 / s5:8→1, s3:8→1 / s4:8→1 / s5:9→1, s3:8→1 / s4:9→1 / s5:8→1, s3:9→1 / s4:9→1 / s5:8→1, s3:8→1 / s4:8→1 / s5:9→1, s3:8→1 / s4:8→1 / s5:9→1, s3:8→1 / s4:8→1 / s5:9→1, s3:8→1 / s4:9→1 / s5:9→1, s3:8→1 / s4:9→1 / s5:9→1, s3:8→1 / s4:8→1 / s5:9→1, s3:8→1 / s4:9→1 / s5:9→1, s3:8→1 / s4:8→1 / s5:9→1, s3:8→1 / s4:9→1 / s5:9→1, s3:8→1 / s4:9→1 / s5:9→1, s3:8→1 / s4:8→1 / s5:9→1, s3:8→1 / s4:9→1 / s5:9→1, s3:8→1 / s4:8→1 / s5:9→1, s3:8→1 / s4:9→1 / s5:9→1, s3:8→1 / s4:9→1 / s5:9→1, s3:8→1 / s4:8→1 / s5:9→1, s3:8→1 / s4:9→1 / s5:9→1, s3:8→1 / s4:9→1 / s5:9→1, s3:8→1 / s4:8→1 / s5:9→1, s3:8→1 / s4:9→1 / s5:8→1, s3:8→1 / s4:9→1 / s5:8→1, s3:8→1 / s4:9→1 / s5:9→1, s3:8→1 / s4:9→1 / s5:8→1, s3:8→1 / s4:9→1 / s5:8→1, s3:8→1 / s4:9→1 / s5:9→1, s3:8→1 / s4:9→1 / s5:9→1, s3:8→1 / s4:9→1 / s5:8→1, s3:8→1 / s4:9→1 / s5:9→1, s3:8→1 / s4:9→1 / s5:9→1, s3:8→1 / s4:9→1 / s5:8→1, s3:8→1 / s4:9→1 / s5:9→1, s3:8→1 / s4:9→1 / s5:9→1, s3:8→1 / s4:9→1 / s5:8→1, s3:8→1 / s4:9→1 / s5:9→1, s3:8→1 / s4:8→1 / s5:9→1, s3:8→1 / s4:9→1 / s5:8→1, s3:8→1 / s4:8→1 / s5:9→1, s3:8→1 / s4:9→1 / s5:9→1, s3:8→1 / s4:9→1 / s5:8→1, s3:8→1 / s4:9→1 / s5:8→1, s3:8→1 / s4:8→1 / s5:9→1, s3:8→1 / s4:9→1 / s5:9→1, s3:8→1 / s4:9→1 / s5:9→1, s3:9→1 / s4:8→1 / s5:9→1, s3:8→1 / s4:8→1 / s5:9→1, s3:9→1 / s4:8→1 / s5:9→1, s3:9→1 / s4:8→1 / s5:9→1, s3:8→1 / s4:8→1 / s5:9→1, s3:8→1 / s4:8→1 / s5:9→1, s3:8→1 / s4:8→1 / s5:9→1, s3:8→1 / s4:8→1 / s5:9→1, s3:8→1 / s4:9→1 / s5:9→1, s3:8→1 / s4:9→1 / s5:9→1, s3:8→1 / s4:9→1 / s5:8→1, s3:8→1 / s4:9→1 / s5:8→1, s3:8→1 / s4:9→1 / s5:8→1, s3:8→1 / s4:8→1 / s5:9→1, s3:8→1 / s4:9→1 / s5:9→1, s3:8→1 / s4:9→1 / s5:9→1, s3:8→1 / s4:8→1 / s5:9→1, s3:8→1 / s4:9→1 / s5:8→1, s3:8→1 / s4:9→1 / s5:9→1, s3:8→1 / s4:9→1 / s5:9→1, s3:8→1 / s4:8→1 / s5:9→1, s3:8→1 / s4:9→1 / s5:8→1, s3:8→1 / s4:9→1 / s5:9→1, s3:8→1 / s4:8→1 / s5:9→1, s3:8→1 / s4:9→1 / s5:8→1, s3:8→1 / s4:9→1 / s5:9→1, s3:8→1 / s4:9→1 / s5:9→1, s3:8→1 / s4:8→1 / s5:9→1, s3:8→1 / s4:9→1 / s5:8→1, s3:8→1 / s4:9→1 / s5:9→1, s3:8→1 / s4:9→1 / s5:9→1, s3:8→1 / s4:9→1 / s5:8→1, s3:8→1 / s4:9→1 / s5:9→1, s3:8→1 / s4:9→1 / s5:8→1, s3:8→1 / s4:8→1 / s5:9→1, s3:8→1 / s4:9→1 / s5:8→1, s3:8→1 / s4:9→1 / s5:9→1, s3:8→1 / s4:9→1 / s5:9→1, s3:8→1 / s4:9→1 / s5:9→1, s3:8→1 / s4:9→1 / s5:8→1, s3:8→1 / s4:8→1 / s5:9→1, s3:8→1 / s4:9→1 / s5:9→1, s3:8→1 / s4:9→1 / s5:9→1, s3:8→1 / s4:8→1 / s5:9→1, s3:8→1 / s4:9→1 / s5:8→1, s3:8→1 / s4:9→1 / s5:9→1, s3:8→1 / s4:8→1 / s5:9→1, s3:8→1 / s4:8→1 / s5:9→1, s3:8→1 / s4:9→1 / s5:8→1, s3:8→1 / s4:8→1 / s5:9→1, s3:8→1 / s4:8→1 / s5:9→1, s3:8→1 / s4:8→1 / s5:9→1, s3:8→1 / s4:9→1 / s5:8→1, s3:8→1 / s4:9→1 / s5:9→1, s3:8→1 / s4:9→1 / s5:8→1, s3:8→1 / s4:9→1 / s5:8→1, s3:8→1 / s4:9→1 / s5:9→1, s3:8→1 / s4:9→1 / s5:9→1, s3:8→1 / s4:9→1 / s5:8→1, s3:8→1 / s4:9→1 / s5:9→1, s3:8→1 / s4:8→1 / s5:9→1, s3:8→1 / s4:8→1 / s5:9→1, s3:9→1 / s4:8→1 / s5:9→1, s3:9→1 / s4:8→1 / s5:9→1, s3:9→1 / s4:8→1 / s5:9→1, s3:8→1 / s4:8→1 / s5:9→1, s3:9→1 / s4:8→1 / s5:9→1, s3:9→1 / s4:8→1 / s5:9→1, s3:8→1 / s4:9→1 / s5:9→1, s3:8→1 / s4:8→1 / s5:9→1, s3:8→1 / s4:9→1 / s5:8→1, s3:8→1 / s4:9→1 / s5:9→1, s3:8→1 / s4:9→1 / s5:8→1, s3:8→1 / s4:9→1 / s5:9→1, s3:8→1 / s4:9→1 / s5:8→1, s3:8→1 / s4:9→1 / s5:9→1, s3:8→1 / s4:8→1 / s5:9→1, s3:8→1 / s4:9→1 / s5:8→1, s3:8→1 / s4:9→1 / s5:9→1, s3:8→1 / s4:9→1 / s5:8→1, s3:8→1 / s4:9→1 / s5:9→1, s3:8→1 / s4:8→1 / s5:9→1, s3:8→1 / s4:9→1 / s5:8→1, s3:8→1 / s4:9→1 / s5:9→1, s3:8→1 / s4:9→1 / s5:8→1, s3:8→1 / s4:9→1 / s5:9→1, s3:8→1 / s4:8→1 / s5:9→1, s3:8→1 / s4:8→1 / s5:9→1, s3:8→1 / s4:9→1 / s5:9→1, s3:8→1 / s4:8→1 / s5:9→1, s3:8→1 / s4:9→1 / s5:9→1, s3:8→1 / s4:8→1 / s5:9→1, s3:8→1 / s4:9→1 / s5:9→1, s3:8→1 / s4:9→1 / s5:9→1, s3:8→1 / s4:8→1 / s5:9→1, s3:8→1 / s4:9→1 / s5:9→1, s3:8→1 / s4:9→1 / s5:9→1}"
7	45	"2 so(8)"	"2 so(8)+g2+su(2)+so(7)+2 su(2)"	13	127	3	2	0	0	0	0	0	0	"{s1:7→1 / s2:2→1, 5→1 / s3:1→1 / s4:1→1 / s5:1→1, s1:7→1 / s2:2→1, 5→1 / s3:1→1 / s4:1→1 / s5:1→1, 2→1, s1:7→1 / s2:2→1, 5→1 / s3:1→1 / s4:1→1 / s5:1→2, 5→1, s1:7→1 / s2:2→1, 5→1 / s3:1→1 / s4:1→1 / s5:1→2, 7→1, s1:7→1 / s2:2→1, 5→1 / s3:1→1 / s4:1→1 / s5:1→3, 2→1, 5→1, s1:7→1 / s2:2→1 / s3:1→1, 2→1, 5→1 / s4:1→2, 5→1 / s5:1→2, 5→1, s1:7→1 / s2:2→1 / s3:1→1, 2→1 / s4:1→2 / s5:1→2, 5→1, s1:7→1 / s2:2→1 / s3:1→1, 5→1 / s4:1→1, 5→1 / s5:1→1, 5→3, s1:7→1 / s2:2→1 / s3:1→1, 5→1 / s4:1→1, 5→1 / s5:1→1, 5→3, s1:7→1 / s2:2→1 / s3:1→1, 5→1 / s4:1→1, 5→1 / s5:1→1, 5→3, 7→1, s1:7→1 / s2:2→1 / s3:1→1, 5→1 / s4:1→1, 5→1 / s5:1→2, 5→1, s1:7→1 / s2:2→1 / s3:1→1, 5→1 / s4:1→1, 5→1 / s5:1→2, 7→1, s1:7→1 / s2:2→1 / s3:1→1, 5→1 / s4:1→1, 5→1 / s5:1→3, 5→2, s1:7→1 / s2:2→1 / s3:1→1, 5→1 / s4:1→1, 5→2 / s5:1→1, 5→2, s1:7→1 / s2:2→1 / s3:1→1, 5→1 / s4:1→1, 5→2 / s5:1→1, 5→2, s1:7→1 / s2:2→1 / s3:1→1, 5→1 / s4:1→1, 5→2 / s5:1→2, 5→2, s1:7→1 / s2:2→1 / s3:1→1, 5→1 / s4:1→2, 5→1 / s5:1→2, 2→1, 5→1, s1:7→1 / s2:2→1 / s3:1→1, 5→1 / s4:1→2, 5→1 / s5:1→2, 5→1, s1:7→1 / s2:2→1 / s3:1→1, 5→1 / s4:1→2, 5→1 / s5:1→2, 5→1, s1:7→1 / s2:2→1 / s3:1→1, 5→1 / s4:1→2, 5→1 / s5:1→2, 5→2, s1:7→1 / s2:2→1 / s3:1→1, 5→1 / s4:1→2, 7→1 / s5:1→2, 5→1, s1:7→1 / s2:2→1 / s3:1→1 / s4:1→1, 2→1, 5→1 / s5:1→2, 5→1, s1:7→1 / s2:2→1 / s3:1→1 / s4:1→1, 2→1 / s5:1→2, 5→1, s1:7→1 / s2:2→1 / s3:1→1 / s4:1→1, 5→1 / s5:1→1, 2→1, s1:7→1 / s2:2→1 / s3:1→1 / s4:1→1, 5→1 / s5:1→2, 2→1, 5→1, s1:7→1 / s2:2→1 / s3:1→1 / s4:1→1, 5→1 / s5:1→2, 5→1, s1:7→1 / s2:2→1 / s3:1→1 / s4:1→1, 5→1 / s5:1→2, 5→1, s1:7→1 / s2:2→1 / s3:1→1 / s4:1→1, 5→1 / s5:1→2, 5→1, s1:7→1 / s2:2→1 / s3:1→1 / s4:1→1, 5→1 / s5:1→2, 7→1, s1:7→1 / s2:2→1 / s3:1→1 / s4:1→1, 5→1 / s5:1→3, 2→1, 5→1, s1:7→1 / s2:2→1 / s3:1→1 / s4:1→1, 5→1 / s5:1→3, 5→1, s1:7→1 / s2:2→1 / s3:1→1 / s4:1→1, 5→1 / s5:1→3, 5→1, s1:7→1 / s2:2→1 / s3:1→1 / s4:1→1, 5→1 / s5:1→3, 5→1, 7→1, s1:7→1 / s2:2→1 / s3:1→1 / s4:1→1, 5→1 / s5:1→3, 5→2, s1:7→1 / s2:2→1 / s3:1→1 / s4:1→1, 5→1 / s5:1→3, 5→2, s1:7→1 / s2:2→1 / s3:1→1 / s4:1→1, 5→1 / s5:1→3, 5→2, s1:7→1 / s2:2→1 / s3:1→1 / s4:1→1, 5→2 / s5:1→1, 2→1, 5→3, s1:7→1 / s2:2→1 / s3:1→1 / s4:1→1, 5→2 / s5:1→1, 5→2, s1:7→1 / s2:2→1 / s3:1→1 / s4:1→1, 5→2 / s5:1→1, 5→2, s1:7→1 / s2:2→1 / s3:1→1 / s4:1→1, 5→2 / s5:1→2, 5→3, s1:7→1 / s2:2→1 / s3:1→1 / s4:1→1, 5→2 / s5:1→2, 5→3, s1:7→1 / s2:2→1 / s3:1→1 / s4:1→1, 5→2 / s5:1→2, 5→3, s1:7→1 / s2:2→1 / s3:1→1 / s4:1→1, 7→1 / s5:1→1, 5→1, s1:7→1 / s2:2→1 / s3:1→1 / s4:1→1, 7→1 / s5:1→2, 5→1, s1:7→1 / s2:2→1 / s3:1→1 / s4:1→1 / s5:1→1, 5→1, s1:7→1 / s2:2→1 / s3:1→1 / s4:1→1 / s5:1→2, 2→1, 5→1, s1:7→1 / s2:2→1 / s3:1→1 / s4:1→1 / s5:1→2, 5→1, s1:7→1 / s2:2→1 / s3:1→1 / s4:1→1 / s5:1→2, 5→2, s1:7→1 / s2:2→1 / s3:1→1 / s4:1→1 / s5:1→3, 2→1, 5→1, s1:7→1 / s2:2→1 / s3:1→1 / s4:1→1 / s5:1→3, 5→1, s1:7→1 / s2:2→1 / s3:1→1 / s4:1→1 / s5:1→3, 5→2, s1:7→1 / s2:2→1 / s3:1→1 / s4:1→2, 5→1 / s5:1→2, 2→1, 5→1, s1:7→1 / s2:2→1 / s3:1→1 / s4:1→2, 5→1 / s5:1→2, 2→1, 5→2, s1:7→1 / s2:2→1 / s3:1→1 / s4:1→2, 5→1 / s5:1→2, 5→1, s1:7→1 / s2:2→1 / s3:1→1 / s4:1→2, 5→1 / s5:1→2, 5→1, s1:7→1 / s2:2→1 / s3:1→1 / s4:1→2, 5→1 / s5:1→2, 5→1, 7→1, s1:7→1 / s2:2→1 / s3:1→1 / s4:1→2, 5→1 / s5:1→2, 5→2, s1:7→1 / s2:2→1 / s3:1→1 / s4:1→2, 5→1 / s5:1→2, 5→2, s1:7→1 / s2:2→1 / s3:1→1 / s4:1→2, 5→1 / s5:1→2, 5→2, s1:7→1 / s2:2→1 / s3:1→1 / s4:1→2, 5→2 / s5:1→2, 2→1, 5→1, s1:7→1 / s2:2→1 / s3:1→1 / s4:1→2, 5→3 / s5:1→2, 5→3, s1:7→1 / s2:2→1 / s3:1→1 / s4:1→2, 5→3 / s5:1→2, 5→3, s1:7→1 / s2:2→1 / s3:1→1 / s4:1→2, 7→1 / s5:1→2, 5→1, s1:7→1 / s2:2→1 / s3:2→1, 5→2 / s4:1→1, 5→1 / s5:1→1, 5→2, s1:7→1 / s2:2→1 / s3:2→1 / s4:1→1 / s5:1→1, s1:7→1 / s2:2→1 / s3:2→1 / s4:1→1 / s5:1→1, 5→1, s1:7→1 / s2:2→1 / s3:5→1 / s4:1→1, 5→1, 7→1 / s5:1→1, 5→2, s1:7→1 / s2:2→1 / s3:5→1 / s4:1→1, 5→1 / s5:1→1, 2→1, 5→2, s1:7→1 / s2:2→1 / s3:5→1 / s4:1→1, 5→1 / s5:1→1, 2→1, 5→3, s1:7→1 / s2:2→1 / s3:5→1 / s4:1→1, 5→1 / s5:1→1, 2→1, 5→3, s1:7→1 / s2:2→1 / s3:5→1 / s4:1→1, 5→1 / s5:1→1, 5→1, s1:7→1 / s2:2→1 / s3:5→1 / s4:1→1, 5→1 / s5:1→1, 5→1, 7→1, s1:7→1 / s2:2→1 / s3:5→1 / s4:1→1, 5→1 / s5:1→1, 5→2, s1:7→1 / s2:2→1 / s3:5→1 / s4:1→1, 5→1 / s5:1→1, 5→2, s1:7→1 / s2:2→1 / s3:5→1 / s4:1→1, 5→1 / s5:1→1, 5→3, s1:7→1 / s2:2→1 / s3:5→1 / s4:1→1, 5→1 / s5:1→2, 5→2, s1:7→1 / s2:2→1 / s3:5→1 / s4:1→1, 5→1 / s5:1→2, 5→2, 7→1, s1:7→1 / s2:2→1 / s3:5→1 / s4:1→1, 5→1 / s5:1→2, 5→3, s1:7→1 / s2:2→1 / s3:5→1 / s4:1→1, 5→1 / s5:1→2, 5→3, s1:7→1 / s2:2→1 / s3:5→1 / s4:1→1, 5→2 / s5:1→1, 2→1, 5→2, s1:7→1 / s2:2→1 / s3:5→1 / s4:1→1, 5→2 / s5:1→1, 5→2, s1:7→1 / s2:2→1 / s3:5→1 / s4:1→1, 5→2 / s5:1→1, 5→2, s1:7→1 / s2:2→1 / s3:5→1 / s4:1→1, 5→2 / s5:1→1, 5→2, 7→1, s1:7→1 / s2:2→1 / s3:5→1 / s4:1→1, 5→2 / s5:1→2, 5→2, s1:7→1 / s2:2→1 / s3:5→1 / s4:1→1, 5→2 / s5:1→2, 5→2, s1:7→1 / s2:2→1 / s3:5→1 / s4:1→1, 5→2 / s5:1→2, 5→2, 7→1, s1:7→1 / s2:2→1 / s3:5→1 / s4:1→1 / s5:1→1, 2→1, 5→3, s1:7→1 / s2:2→1 / s3:5→1 / s4:1→1 / s5:1→1, 5→2, s1:7→1 / s2:2→1 / s3:5→1 / s4:1→1 / s5:1→1, 5→2, 7→1, s1:7→1 / s2:2→1 / s3:5→1 / s4:1→1 / s5:1→1, 7→1, s1:7→1 / s2:2→1 / s3:5→1 / s4:1→1 / s5:1→2, 5→1, s1:7→1 / s2:2→1 / s3:5→1 / s4:1→1 / s5:1→2, 5→3, s1:7→1 / s2:2→1 / s3:5→1 / s4:1→1 / s5:1→2, 5→3, s1:7→1 / s2:2→1 / s3:5→1 / s4:1→1 / s5:1→3, 5→2, s1:7→1 / s2:2→1 / s3:5→1 / s4:1→2, 5→2 / s5:1→2, 5→2, s1:7→1 / s2:2→1 / s3:5→1 / s4:2→1, 5→1 / s5:1→1, 5→1, s1:7→1 / s2:2→1 / s3:5→1 / s4:2→1, 5→1 / s5:1→1, 5→2, s1:7→1 / s2:2→1 / s3:5→1 / s4:2→1, 5→2 / s5:1→1, 5→2, s1:7→1 / s2:2→1 / s3:5→1 / s4:5→1 / s5:1→1, 2→1, 5→2, s1:7→1 / s2:2→1 / s3:5→1 / s4:5→1 / s5:1→1, 2→1, 5→3, s1:7→1 / s2:2→1 / s3:5→1 / s4:5→1 / s5:1→1, 5→1, s1:7→1 / s2:2→1 / s3:5→1 / s4:5→1 / s5:1→1, 5→1, s1:7→1 / s2:2→1 / s3:5→1 / s4:5→1 / s5:1→1, 5→1, 7→1, s1:7→1 / s2:2→1 / s3:5→1 / s4:5→1 / s5:1→1, 5→2, s1:7→1 / s2:2→1 / s3:5→1 / s4:5→1 / s5:1→1, 5→2, s1:7→1 / s2:2→1 / s3:5→1 / s4:5→1 / s5:1→1, 5→2, 7→1, s1:7→1 / s2:2→1 / s3:5→1 / s4:5→1 / s5:1→1, 5→3, s1:7→1 / s2:2→1 / s3:5→1 / s4:5→1 / s5:1→1, 5→3, 7→1, s1:7→1 / s2:2→1 / s3:5→1 / s4:5→1 / s5:1→2, 5→2, s1:7→1 / s2:2→1 / s3:5→1 / s4:5→1 / s5:1→2, 5→2, 7→1, s1:7→1 / s2:2→1 / s3:5→1 / s4:5→1 / s5:1→2, 5→3, s1:7→1 / s2:2→1 / s3:5→1 / s4:5→1 / s5:1→2, 5→3, s1:7→1 / s2:2→1 / s3:5→1 / s4:5→1 / s5:2→1, 5→1, s1:7→1 / s2:2→1 / s3:5→1 / s4:5→1 / s5:2→1, 5→2, s1:7→1 / s2:2→1 / s3:5→1 / s4:5→1 / s5:2→1, 5→3, s1:7→1 / s2:2→1 / s3:5→1 / s4:5→1 / s5:5→1, s1:7→1 / s2:2→1 / s3:5→1 / s4:5→1 / s5:5→1, 7→1, s1:7→1 / s2:2→1 / s3:7→1 / s4:5→1 / s5:1→1, s1:7→1 / s2:5→1 / s3:1→1, 2→1 / s4:1→1, 2→1 / s5:1→1, 2→1, s1:7→1 / s2:5→1 / s3:1→1, 2→1 / s4:1→1, 2→1 / s5:1→1, 2→3, 7→1, s1:7→1 / s2:5→1 / s3:1→1, 2→1 / s4:1→1, 2→1 / s5:1→2, 2→2, 7→1, s1:7→1 / s2:5→1 / s3:2→1 / s4:1→1, 2→1 / s5:1→1, 2→1, s1:7→1 / s2:5→1 / s3:2→1 / s4:1→1, 2→1 / s5:1→1, 2→1, s1:7→1 / s2:5→1 / s3:2→1 / s4:1→1, 2→1 / s5:1→1, 2→3, 5→1, s1:7→1 / s2:5→1 / s3:2→1 / s4:1→1, 2→1 / s5:1→1, 2→3, 5→1, s1:7→1 / s2:5→1 / s3:2→1 / s4:1→1, 2→1 / s5:1→1, 2→3, 7→1, s1:7→1 / s2:5→1 / s3:2→1 / s4:1→1 / s5:1→1, 2→3, 7→1, s1:7→1 / s2:5→1 / s3:2→1 / s4:1→1 / s5:1→1, 5→1, s1:7→1 / s2:5→1 / s3:2→1 / s4:1→1 / s5:1→3, 2→1, 7→1, s1:7→1 / s2:5→1 / s3:2→1 / s4:2→1, 5→1 / s5:1→1, s1:7→1 / s2:5→1 / s3:2→1 / s4:2→1 / s5:1→1, 2→1, s1:7→1 / s2:5→1 / s3:2→1 / s4:2→1 / s5:1→1, 2→1, s1:7→1 / s2:5→1 / s3:2→1 / s4:2→1 / s5:1→1, 2→1, 7→1, s1:7→1 / s2:5→1 / s3:2→1 / s4:2→1 / s5:1→1, 2→2, 5→1, s1:7→1 / s2:5→1 / s3:2→1 / s4:2→1 / s5:1→1, 2→2, 7→1, s1:7→1 / s2:5→1 / s3:2→1 / s4:2→1 / s5:1→1, 2→3, 5→1, s1:7→1 / s2:5→1 / s3:2→1 / s4:2→1 / s5:1→1, 2→3, 7→1, s1:7→1 / s2:5→1 / s3:2→1 / s4:2→1 / s5:1→2, 2→2, 7→1, s1:7→1 / s2:5→1 / s3:2→1 / s4:2→1 / s5:2→1, s1:7→1 / s2:5→1 / s3:2→1 / s4:2→1 / s5:2→1, 7→1, s1:7→1 / s2:5→1 / s3:2→1 / s4:2→1 / s5:2→2, 5→1, s1:7→1 / s2:5→1 / s3:2→1 / s4:2→1 / s5:2→2, 7→1, s1:7→1 / s2:5→1 / s3:2→1 / s4:2→1 / s5:2→3, 5→1, s1:7→1 / s2:5→1 / s3:2→1 / s4:2→1 / s5:2→3, 7→1, s1:7→1 / s2:5→1 / s3:2→1 / s4:2→2, 5→1 / s5:1→1, 2→1, s1:7→1 / s2:5→1 / s3:2→1 / s4:2→2, 7→1 / s5:1→1, 2→1, s1:7→1 / s2:5→1 / s3:2→1 / s4:2→3, 5→1 / s5:1→1, 2→1, s1:7→1 / s2:5→1 / s3:2→1 / s4:2→3, 7→1 / s5:1→1, 2→1}"	"{s3:8→1 / s4:9→1 / s5:9→1, s3:8→1 / s4:9→1 / s5:8→1, s3:8→1 / s4:9→1 / s5:8→1, s3:8→1 / s4:9→1 / s5:9→1, s3:8→1 / s4:9→1 / s5:8→1, s3:8→1 / s4:8→1 / s5:9→1, s3:8→1 / s4:8→1 / s5:9→1, s3:8→1 / s4:8→1 / s5:9→1, s3:8→1 / s4:9→1 / s5:9→1, s3:8→1 / s4:9→1 / s5:9→1, s3:8→1 / s4:9→1 / s5:9→1, s3:8→1 / s4:9→1 / s5:9→1, s3:8→1 / s4:9→1 / s5:9→1, s3:8→1 / s4:8→1 / s5:9→1, s3:8→1 / s4:9→1 / s5:9→1, s3:8→1 / s4:8→1 / s5:9→1, s3:8→1 / s4:9→1 / s5:8→1, s3:8→1 / s4:8→1 / s5:9→1, s3:8→1 / s4:9→1 / s5:9→1, s3:8→1 / s4:9→1 / s5:9→1, s3:8→1 / s4:9→1 / s5:9→1, s3:8→1 / s4:8→1 / s5:9→1, s3:8→1 / s4:8→1 / s5:9→1, s3:8→1 / s4:9→1 / s5:8→1, s3:8→1 / s4:9→1 / s5:8→1, s3:8→1 / s4:8→1 / s5:9→1, s3:8→1 / s4:9→1 / s5:8→1, s3:8→1 / s4:9→1 / s5:9→1, s3:8→1 / s4:9→1 / s5:9→1, s3:8→1 / s4:9→1 / s5:8→1, s3:8→1 / s4:9→1 / s5:8→1, s3:8→1 / s4:9→1 / s5:9→1, s3:8→1 / s4:9→1 / s5:9→1, s3:8→1 / s4:8→1 / s5:9→1, s3:8→1 / s4:9→1 / s5:8→1, s3:8→1 / s4:9→1 / s5:9→1, s3:8→1 / s4:9→1 / s5:8→1, s3:8→1 / s4:8→1 / s5:9→1, s3:8→1 / s4:9→1 / s5:9→1, s3:8→1 / s4:8→1 / s5:9→1, s3:8→1 / s4:9→1 / s5:8→1, s3:8→1 / s4:9→1 / s5:9→1, s3:8→1 / s4:9→1 / s5:9→1, s3:8→1 / s4:9→1 / s5:9→1, s3:8→1 / s4:8→1 / s5:9→1, s3:8→1 / s4:8→1 / s5:9→1, s3:8→1 / s4:8→1 / s5:9→1, s3:8→1 / s4:8→1 / s5:9→1, s3:8→1 / s4:8→1 / s5:9→1, s3:8→1 / s4:8→1 / s5:9→1, s3:8→1 / s4:8→1 / s5:9→1, s3:8→1 / s4:9→1 / s5:8→1, s3:8→1 / s4:9→1 / s5:8→1, s3:8→1 / s4:8→1 / s5:9→1, s3:8→1 / s4:9→1 / s5:9→1, s3:8→1 / s4:9→1 / s5:9→1, s3:8→1 / s4:8→1 / s5:9→1, s3:8→1 / s4:9→1 / s5:8→1, s3:8→1 / s4:9→1 / s5:9→1, s3:8→1 / s4:9→1 / s5:8→1, s3:8→1 / s4:8→1 / s5:9→1, s3:8→1 / s4:9→1 / s5:9→1, s3:8→1 / s4:9→1 / s5:9→1, s3:8→1 / s4:8→1 / s5:9→1, s3:8→1 / s4:8→1 / s5:9→1, s3:8→1 / s4:8→1 / s5:9→1, s3:8→1 / s4:9→1 / s5:9→1, s3:8→1 / s4:9→1 / s5:8→1, s3:8→1 / s4:8→1 / s5:9→1, s3:8→1 / s4:9→1 / s5:8→1, s3:8→1 / s4:8→1 / s5:9→1, s3:8→1 / s4:9→1 / s5:9→1, s3:8→1 / s4:8→1 / s5:9→1, s3:8→1 / s4:9→1 / s5:9→1, s3:8→1 / s4:8→1 / s5:9→1, s3:8→1 / s4:9→1 / s5:8→1, s3:8→1 / s4:9→1 / s5:9→1, s3:8→1 / s4:8→1 / s5:9→1, s3:8→1 / s4:9→1 / s5:9→1, s3:8→1 / s4:9→1 / s5:8→1, s3:8→1 / s4:8→1 / s5:9→1, s3:8→1 / s4:9→1 / s5:9→1, s3:8→1 / s4:9→1 / s5:9→1, s3:8→1 / s4:9→1 / s5:8→1, s3:8→1 / s4:9→1 / s5:9→1, s3:8→1 / s4:9→1 / s5:9→1, s3:8→1 / s4:8→1 / s5:9→1, s3:8→1 / s4:8→1 / s5:9→1, s3:9→1 / s4:8→1 / s5:9→1, s3:9→1 / s4:8→1 / s5:9→1, s3:9→1 / s4:8→1 / s5:9→1, s3:8→1 / s4:8→1 / s5:9→1, s3:9→1 / s4:8→1 / s5:9→1, s3:9→1 / s4:8→1 / s5:9→1, s3:8→1 / s4:8→1 / s5:9→1, s3:8→1 / s4:8→1 / s5:9→1, s3:8→1 / s4:8→1 / s5:9→1, s3:8→1 / s4:8→1 / s5:9→1, s3:8→1 / s4:9→1 / s5:8→1, s3:8→1 / s4:9→1 / s5:8→1, s3:8→1 / s4:9→1 / s5:8→1, s3:8→1 / s4:9→1 / s5:9→1, s3:8→1 / s4:9→1 / s5:9→1, s3:8→1 / s4:9→1 / s5:8→1, s3:8→1 / s4:9→1 / s5:9→1, s3:8→1 / s4:9→1 / s5:9→1, s3:8→1 / s4:9→1 / s5:9→1, s3:8→1 / s4:9→1 / s5:9→1, s3:8→1 / s4:9→1 / s5:8→1, s3:8→1 / s4:9→1 / s5:9→1, s3:8→1 / s4:9→1 / s5:8→1, s3:8→1 / s4:9→1 / s5:9→1, s3:8→1 / s4:9→1 / s5:8→1, s3:8→1 / s4:9→1 / s5:8→1, s3:8→1 / s4:9→1 / s5:8→1, s3:8→1 / s4:9→1 / s5:9→1, s3:8→1 / s4:9→1 / s5:9→1, s3:9→1 / s4:9→1 / s5:8→1, s3:8→1 / s4:8→1 / s5:9→1, s3:8→1 / s4:9→1 / s5:9→1, s3:8→1 / s4:9→1 / s5:9→1, s3:8→1 / s4:8→1 / s5:9→1, s3:8→1 / s4:9→1 / s5:9→1, s3:8→1 / s4:8→1 / s5:9→1, s3:8→1 / s4:9→1 / s5:8→1, s3:8→1 / s4:9→1 / s5:9→1, s3:8→1 / s4:9→1 / s5:9→1, s3:8→1 / s4:9→1 / s5:8→1, s3:8→1 / s4:9→1 / s5:9→1, s3:8→1 / s4:8→1 / s5:9→1, s3:8→1 / s4:8→1 / s5:9→1, s3:8→1 / s4:9→1 / s5:9→1, s3:8→1 / s4:9→1 / s5:9→1, s3:8→1 / s4:8→1 / s5:9→1, s3:8→1 / s4:9→1 / s5:9→1, s3:8→1 / s4:8→1 / s5:9→1, s3:8→1 / s4:9→1 / s5:9→1, s3:8→1 / s4:9→1 / s5:9→1, s3:8→1 / s4:8→1 / s5:9→1, s3:8→1 / s4:9→1 / s5:9→1, s3:8→1 / s4:8→1 / s5:9→1, s3:8→1 / s4:9→1 / s5:9→1, s3:8→1 / s4:8→1 / s5:9→1, s3:8→1 / s4:9→1 / s5:9→1, s3:8→1 / s4:8→1 / s5:9→1, s3:8→1 / s4:9→1 / s5:9→1, s3:8→1 / s4:8→1 / s5:9→1, s3:8→1 / s4:9→1 / s5:9→1}"
7	45	"2 so(8)"	"2 so(8)+g2+su(2)+so(7)+2 su(2)"	14	127	3	2	0	0	0	0	0	0	"{s1:7→1 / s2:1→1, 2→1 / s3:5→1 / s4:2→1 / s5:1→1, s1:7→1 / s2:2→1 / s3:1→1 / s4:1→1, 5→1 / s5:1→3, 7→1, s1:7→1 / s2:2→1 / s3:1→1 / s4:1→1 / s5:1→4, 5→1, s1:7→1 / s2:2→1 / s3:1→1 / s4:1→2, 5→1 / s5:1→2, 2→1, s1:7→1 / s2:2→1 / s3:1→1 / s4:1→2 / s5:1→2, 5→1, s1:7→1 / s2:2→1 / s3:5→1 / s4:1→1, 5→1 / s5:1→2, 5→3, s1:7→1 / s2:2→1 / s3:5→1 / s4:5→1, 7→1 / s5:5→2, s1:7→1 / s2:2→1 / s3:5→1 / s4:5→1 / s5:1→1, 5→3, s1:7→1 / s2:2→1 / s3:5→1 / s4:5→1 / s5:1→1, 5→4, s1:7→1 / s2:2→1 / s3:5→1 / s4:5→1 / s5:1→1, 5→4, s1:7→1 / s2:2→1 / s3:5→1 / s4:5→1 / s5:1→1, 5→4, s1:7→1 / s2:2→1 / s3:5→1 / s4:5→1 / s5:2→1, 5→4, s1:7→1 / s2:2→1 / s3:5→1 / s4:5→1 / s5:5→1, s1:7→1 / s2:2→1 / s3:5→1 / s4:5→1 / s5:5→2, s1:7→1 / s2:2→1 / s3:5→1 / s4:5→1 / s5:5→2, 7→1, s1:7→1 / s2:2→1 / s3:5→1 / s4:5→1 / s5:5→3, 7→1, s1:7→1 / s2:2→1 / s3:5→1 / s4:5→2 / s5:1→1, 5→2, s1:7→1 / s2:2→1 / s3:5→1 / s4:5→2 / s5:2→1, 5→2, s1:7→1 / s2:2→1 / s3:5→1 / s4:5→2 / s5:5→2, 7→1, s1:7→1 / s2:5→1 / s3:2→1 / s4:2→1 / s5:2→4, 5→1, s1:7→1 / s2:5→1 / s3:2→1 / s4:2→1 / s5:2→4, 7→1}"	"{s3:9→1 / s4:8→1 / s5:8→1, s3:8→1 / s4:9→1 / s5:9→1, s3:8→1 / s4:8→1 / s5:9→1, s3:8→1 / s4:9→1 / s5:8→1, s3:8→1 / s4:8→1 / s5:9→1, s3:8→1 / s4:9→1 / s5:8→1, s3:8→1 / s4:9→1 / s5:9→1, s3:8→1 / s4:9→1 / s5:8→1, s3:8→1 / s4:8→1 / s5:9→1, s3:8→1 / s4:9→1 / s5:8→1, s3:8→1 / s4:9→1 / s5:9→1, s3:8→1 / s4:9→1 / s5:8→1, s3:8→1 / s4:8→1 / s5:9→1, s3:8→1 / s4:9→1 / s5:9→1, s3:8→1 / s4:9→1 / s5:9→1, s3:8→1 / s4:9→1 / s5:9→1, s3:8→1 / s4:9→1 / s5:8→1, s3:8→1 / s4:9→1 / s5:8→1, s3:8→1 / s4:9→1 / s5:9→1, s3:8→1 / s4:8→1 / s5:9→1, s3:8→1 / s4:9→1 / s5:9→1}"
7	45	"2 so(8)"	"2 so(8)+g2+su(2)+so(7)+2 su(2)"	15	127	3	2	0	0	0	0	0	0	"{s1:7→1 / s2:2→1 / s3:5→1 / s4:5→1 / s5:1→1, 5→3, s1:7→1 / s2:2→1 / s3:5→1 / s4:5→1 / s5:2→1, 5→4, s1:7→1 / s2:2→1 / s3:5→1 / s4:5→1 / s5:5→2, s1:7→1 / s2:2→1 / s3:5→1 / s4:5→1 / s5:5→4, 7→1, s1:7→1 / s2:2→1 / s3:5→1 / s4:5→2 / s5:1→1, 5→2, s1:7→1 / s2:2→1 / s3:5→1 / s4:5→2 / s5:5→2}"	"{s3:8→1 / s4:8→1 / s5:9→1, s3:8→1 / s4:8→1 / s5:9→1, s3:8→1 / s4:8→1 / s5:9→1, s3:8→1 / s4:9→1 / s5:9→1, s3:8→1 / s4:9→1 / s5:9→1, s3:8→1 / s4:9→1 / s5:9→1}"
7	45	"2 so(8)"	"2 so(8)+g2+su(2)+so(7)+2 su(2)"	16	127	3	2	0	0	0	0	0	0	"{s1:7→1 / s2:2→1 / s3:1→1 / s4:1→1 / s5:1→2, s1:7→1 / s2:2→1 / s3:1→1 / s4:1→2 / s5:1→2, 2→1, s1:7→1 / s2:2→1 / s3:5→1 / s4:1→1, 5→1 / s5:1→1, 5→2, 7→1, s1:7→1 / s2:2→1 / s3:5→1 / s4:1→1, 5→1 / s5:1→1, 5→3}"	"{s3:8→1 / s4:8→1 / s5:9→1, s3:8→1 / s4:9→1 / s5:8→1, s3:8→1 / s4:9→1 / s5:9→1, s3:8→1 / s4:9→1 / s5:9→1}"
7	45	"2 so(8)"	"2 so(8)+g2+su(2)+so(7)+2 su(2)"	17	127	3	2	0	0	0	0	0	0	"{s1:7→1 / s2:2→1 / s3:1→1 / s4:1→2 / s5:1→2, s1:7→1 / s2:2→1 / s3:1→1 / s4:1→2 / s5:1→2, 5→1, s1:7→1 / s2:2→1 / s3:5→1, 7→1 / s4:5→2 / s5:1→1, 5→1, s1:7→1 / s2:2→1 / s3:5→1 / s4:1→1 / s5:1→3, 5→1, 7→1, s1:7→1 / s2:2→1 / s3:5→1 / s4:5→1 / s5:5→3, s1:7→1 / s2:2→1 / s3:5→1 / s4:5→1 / s5:5→3, s1:7→1 / s2:2→1 / s3:5→2 / s4:1→1, 5→1 / s5:1→1, 5→2, s1:7→1 / s2:2→1 / s3:5→2 / s4:1→1, 5→1 / s5:1→1, 5→2}"	"{s3:8→1 / s4:8→1 / s5:9→1, s3:8→1 / s4:9→1 / s5:9→1, s3:9→1 / s4:9→1 / s5:8→1, s3:9→1 / s4:8→1 / s5:9→1, s3:8→1 / s4:8→1 / s5:9→1, s3:8→1 / s4:9→1 / s5:9→1, s3:9→1 / s4:8→1 / s5:8→1, s3:9→1 / s4:8→1 / s5:9→1}"
7	45	"2 so(8)"	"2 so(8)+g2+su(2)+so(7)+2 su(2)"	18	127	3	2	0	0	0	0	0	0	"{s1:7→1 / s2:2→1 / s3:5→1 / s4:5→2 / s5:5→2, s1:7→1 / s2:2→1 / s3:5→2 / s4:2→1, 5→2 / s5:1→1, 5→1}"	"{s3:8→1 / s4:8→1 / s5:9→1, s3:9→1 / s4:8→1 / s5:8→1}"
7	45	"2 so(8)"	"2 so(8)+g2+su(2)+so(7)+2 su(2)"	19	127	3	2	0	0	0	0	0	0	"{s1:7→1 / s2:2→1 / s3:1→1, 5→1 / s4:1→2 / s5:1→2, 5→1, s1:7→1 / s2:2→1 / s3:1→1 / s4:1→1, 5→1 / s5:1→2, 2→1, s1:7→1 / s2:2→1 / s3:5→1 / s4:1→1, 5→1 / s5:1→1, 5→4}"	"{s3:8→1 / s4:8→1 / s5:9→1, s3:8→1 / s4:9→1 / s5:8→1, s3:8→1 / s4:8→1 / s5:9→1}"
7	45	"2 so(8)"	"2 so(8)+g2+su(2)+so(7)+2 su(2)"	20	127	3	2	0	0	0	0	0	0	"{s1:7→1 / s2:2→1 / s3:5→1 / s4:5→1 / s5:5→2, s1:7→1 / s2:2→1 / s3:5→1 / s4:5→2 / s5:1→1, 5→2, 7→1}"	"{s3:8→1 / s4:9→1 / s5:8→1, s3:8→1 / s4:9→1 / s5:9→1}"
7	45	"2 so(8)"	"2 so(8)+g2+su(2)+so(7)+2 su(2)"	24	127	3	2	0	0	0	0	0	0	"s1:7→1 / s2:2→1 / s3:1→1 / s4:1→1, 5→1 / s5:1→4, 5→1"	"s3:8→1 / s4:9→1 / s5:9→1"
7	45	"2 so(8)"	"2 so(8)+g2+su(2)+so(7)+2 su(2)"	25	127	3	2	0	0	0	0	0	0	"s1:7→1 / s2:2→1 / s3:5→2 / s4:1→1, 5→1 / s5:1→1, 5→2, 7→1"	"s3:9→1 / s4:8→1 / s5:9→1"
7	45	"2 so(8)"	"2 so(8)+g2+su(2)+so(7)+2 su(2)"	27	127	3	2	0	0	0	0	0	0	"s1:7→1 / s2:2→1 / s3:5→1 / s4:5→1 / s5:5→4"	"s3:8→1 / s4:8→1 / s5:9→1"
7	45	"2 so(8)"	"2 so(8)+g2+su(2)+so(7)+2 su(2)"	28	127	3	2	0	0	0	0	0	0	"{s1:7→1 / s2:5→1 / s3:2→1 / s4:2→4, 5→1 / s5:1→1, 2→1, s1:7→1 / s2:5→1 / s3:2→1 / s4:2→4, 7→1 / s5:1→1, 2→1}"	"{s3:8→1 / s4:8→1 / s5:9→1, s3:8→1 / s4:9→1 / s5:9→1}"
7	45	"2 so(8)"	"2 so(8)+g2+su(2)+so(7)+2 su(2)"	31	127	3	2	0	0	0	0	0	0	"s1:7→1 / s2:2→1 / s3:1→1 / s4:1→1, 5→1 / s5:1→4, 5→1"	"s3:8→1 / s4:9→1 / s5:8→1"
7	45	"2 so(8)"	"2 so(8)+g2+su(2)+so(7)+2 su(2)"	34	127	3	2	0	0	0	0	0	0	"s1:7→1 / s2:2→1 / s3:5→1 / s4:5→1 / s5:5→4"	"s3:8→1 / s4:9→1 / s5:9→1"
7	45	"2 so(8)"	"2 so(8)+g2+su(2)+so(7)+2 su(2)"	40	127	3	2	0	0	0	0	0	0	"s1:7→1 / s2:2→1 / s3:5→1 / s4:5→2 / s5:1→1, 5→1"	"s3:8→1 / s4:9→1 / s5:8→1"
7	45	"2 so(8)"	"2 so(8)+su(3)+2(g2+su(2))"	13	121	2	3	0	0	0	0	0	0	"{s1:7→1 / s2:2→1 / s3:1→1, 5→1 / s4:1→1, 5→1, 7→1 / s5:1→1, 2→1, 5→1, s1:7→1 / s2:2→1 / s3:1→1, 5→1 / s4:1→1, 5→1 / s5:1→1, 2→1, 5→1, 7→1, s1:7→1 / s2:2→1 / s3:1→1, 5→1 / s4:1→1, 5→1 / s5:1→1, 5→1, s1:7→1 / s2:2→1 / s3:1→1, 5→1 / s4:1→1, 5→1 / s5:1→1, 5→1, 7→1, s1:7→1 / s2:2→1 / s3:1→1, 5→1 / s4:1→1 / s5:1→1, 2→1, 5→1, s1:7→1 / s2:2→1 / s3:1→1, 5→1 / s4:1→1 / s5:1→1, 2→1, 5→1, 7→1, s1:7→1 / s2:2→1 / s3:1→1, 5→1 / s4:1→1 / s5:1→1, 2→1, 5→2, s1:7→1 / s2:2→1 / s3:1→1, 5→1 / s4:1→1 / s5:1→1, 2→1, 5→2, 7→1, s1:7→1 / s2:2→1 / s3:1→1, 5→1 / s4:1→1 / s5:1→1, 2→1, 7→1, s1:7→1 / s2:2→1 / s3:1→1, 5→1 / s4:1→1 / s5:1→1, 5→1, s1:7→1 / s2:2→1 / s3:1→1, 5→1 / s4:1→1 / s5:1→1, 5→1, 7→1, s1:7→1 / s2:2→1 / s3:1→1, 5→1 / s4:1→1 / s5:1→1, 5→2, s1:7→1 / s2:2→1 / s3:1→1, 5→1 / s4:1→1 / s5:1→1, 5→2, 7→1, s1:7→1 / s2:2→1 / s3:1→1, 5→1 / s4:1→1 / s5:1→1, 7→1, s1:7→1 / s2:2→1 / s3:1→1, 5→1 / s4:2→1, 5→1 / s5:1→1, 2→1, 7→1, s1:7→1 / s2:2→1 / s3:1→1, 5→1 / s4:2→1, 5→1 / s5:1→1, 5→1, s1:7→1 / s2:2→1 / s3:1→1, 5→1 / s4:2→1, 5→1 / s5:1→1, 5→1, 7→1, s1:7→1 / s2:2→1 / s3:1→1, 5→1 / s4:2→1, 5→1 / s5:1→1, 7→1, s1:7→1 / s2:2→1 / s3:1→1, 5→1 / s4:2→1, 7→1 / s5:1→1, 5→1, 7→1, s1:7→1 / s2:2→1 / s3:1→1, 5→1 / s4:2→1, 7→1 / s5:1→1, 7→1, s1:7→1 / s2:2→1 / s3:1→1, 5→1 / s4:2→1 / s5:1→1, s1:7→1 / s2:2→1 / s3:1→1, 5→1 / s4:2→1 / s5:1→1, 2→1, s1:7→1 / s2:2→1 / s3:1→1, 5→1 / s4:2→1 / s5:1→1, 2→1, 7→1, s1:7→1 / s2:2→1 / s3:1→1, 5→1 / s4:2→1 / s5:1→1, 7→1, s1:7→1 / s2:2→1 / s3:1→1, 5→1 / s4:2→1 / s5:2→1, 5→1, s1:7→1 / s2:2→1 / s3:1→1, 5→1 / s4:2→1 / s5:2→1, 5→1, 7→1, s1:7→1 / s2:2→1 / s3:1→1, 5→1 / s4:2→1 / s5:2→1, 7→1, s1:7→1 / s2:2→1 / s3:1→1, 5→1 / s4:5→1, 7→1 / s5:2→1, 5→1, s1:7→1 / s2:2→1 / s3:1→1, 5→1 / s4:5→1, 7→1 / s5:2→1, 7→1, s1:7→1 / s2:2→1 / s3:1→1, 5→1 / s4:5→1 / s5:1→1, s1:7→1 / s2:2→1 / s3:1→1, 5→1 / s4:5→1 / s5:1→1, s1:7→1 / s2:2→1 / s3:1→1, 5→1 / s4:5→1 / s5:1→1, 2→1, 7→1, s1:7→1 / s2:2→1 / s3:1→1, 5→1 / s4:5→1 / s5:1→1, 5→1, s1:7→1 / s2:2→1 / s3:1→1, 5→1 / s4:5→1 / s5:1→1, 5→1, 7→1, s1:7→1 / s2:2→1 / s3:1→1, 5→1 / s4:5→1 / s5:1→1, 7→1, s1:7→1 / s2:2→1 / s3:1→1, 5→1 / s4:5→1 / s5:1→1, 7→1, s1:7→1 / s2:2→1 / s3:1→1, 5→1 / s4:5→1 / s5:1→2, 5→1, 7→1, s1:7→1 / s2:2→1 / s3:1→1, 5→1 / s4:5→1 / s5:2→1, s1:7→1 / s2:2→1 / s3:1→1, 5→1 / s4:5→1 / s5:2→1, 5→1, 7→1, s1:7→1 / s2:2→1 / s3:1→1, 5→1 / s4:5→1 / s5:2→1, 7→1, s1:7→1 / s2:2→1 / s3:1→1, 5→1 / s4:5→1 / s5:5→1, s1:7→1 / s2:2→1 / s3:1→1, 5→1 / s4:5→1 / s5:5→1, 7→1, s1:7→1 / s2:2→1 / s3:1→1, 5→1 / s4:7→1 / s5:1→1, 5→1, s1:7→1 / s2:2→1 / s3:1→1, 5→1 / s4:7→1 / s5:1→1, 5→1, 7→1, s1:7→1 / s2:2→1 / s3:1→1, 5→1 / s4:7→1 / s5:1→1, 7→1, s1:7→1 / s2:2→1 / s3:1→1, 5→1 / s4:7→1 / s5:2→1, s1:7→1 / s2:2→1 / s3:1→1, 5→1 / s4:7→1 / s5:2→1, 5→1, 7→1, s1:7→1 / s2:2→1 / s3:1→1, 5→1 / s4:7→1 / s5:5→1, s1:7→1 / s2:2→1 / s3:1→1, 5→1 / s4:7→1 / s5:5→1, s1:7→1 / s2:2→1 / s3:1→1, 5→1 / s4:7→1 / s5:5→1, 7→1, s1:7→1 / s2:5→1 / s3:1→1, 2→1 / s4:1→1, 2→1, 7→1 / s5:1→1, 2→1, 5→1, s1:7→1 / s2:5→1 / s3:1→1, 2→1 / s4:2→1 / s5:1→1, s1:7→1 / s2:5→1 / s3:1→1, 2→1 / s4:2→1 / s5:1→1, 2→1, 7→1, s1:7→1 / s2:5→1 / s3:1→1, 2→1 / s4:2→1 / s5:1→1, 7→1, s1:7→1 / s2:5→1 / s3:1→1, 2→1 / s4:2→1 / s5:1→2, 2→1, 5→1, s1:7→1 / s2:5→1 / s3:1→1, 2→1 / s4:2→1 / s5:1→2, 2→1, 7→1, s1:7→1 / s2:5→1 / s3:1→1, 2→1 / s4:2→1 / s5:1→3, 2→1, 7→1, s1:7→1 / s2:5→1 / s3:1→1, 2→1 / s4:2→1 / s5:2→1, s1:7→1 / s2:5→1 / s3:2→1 / s4:1→1, 2→1, 5→1 / s5:1→2, 2→1, 7→1, s1:7→1 / s2:5→1 / s3:2→1 / s4:1→1, 2→1, 5→1 / s5:1→2, 5→1, s1:7→1 / s2:5→1 / s3:2→1 / s4:1→1, 2→1, 5→1 / s5:1→2, 5→1, 7→1, s1:7→1 / s2:5→1 / s3:2→1 / s4:1→1, 2→1, 7→1 / s5:1→1, 2→1, 5→1, s1:7→1 / s2:5→1 / s3:2→1 / s4:1→1, 2→1 / s5:1→1, 2→1, 7→1, s1:7→1 / s2:5→1 / s3:2→1 / s4:1→1, 2→1 / s5:1→2, 2→1, 5→1, s1:7→1 / s2:5→1 / s3:2→1 / s4:1→1, 2→1 / s5:1→2, 2→1, 7→1, s1:7→1 / s2:5→1 / s3:2→1 / s4:1→1, 2→1 / s5:1→2, 7→1, s1:7→1 / s2:5→1 / s3:2→1 / s4:1→1, 2→1 / s5:1→3, 2→1, 5→1, s1:7→1 / s2:5→1 / s3:2→1 / s4:1→1, 2→1 / s5:1→3, 2→1, 7→1, s1:7→1 / s2:5→1 / s3:2→1 / s4:1→1, 2→1 / s5:1→3, 7→1, s1:7→1 / s2:5→1 / s3:2→1 / s4:1→1, 5→1, 7→1 / s5:1→1, 2→1, 7→1, s1:7→1 / s2:5→1 / s3:2→1 / s4:1→1, 5→1, 7→1 / s5:1→2, 7→1, s1:7→1 / s2:5→1 / s3:2→1 / s4:1→1, 5→1 / s5:1→1, 2→1, 5→1, 7→1, s1:7→1 / s2:5→1 / s3:2→1 / s4:1→1, 5→1 / s5:1→1, 5→1, s1:7→1 / s2:5→1 / s3:2→1 / s4:1→1, 5→1 / s5:1→1, 5→1, 7→1, s1:7→1 / s2:5→1 / s3:2→1 / s4:1→1, 5→1 / s5:1→2, 2→1, 5→1, 7→1, s1:7→1 / s2:5→1 / s3:2→1 / s4:1→1, 5→1 / s5:1→2, 5→1, s1:7→1 / s2:5→1 / s3:2→1 / s4:1→1, 5→1 / s5:1→2, 5→1, 7→1, s1:7→1 / s2:5→1 / s3:2→1 / s4:1→1, 5→1 / s5:1→2, 7→1, s1:7→1 / s2:5→1 / s3:2→1 / s4:1→1, 5→1 / s5:1→3, 5→1, 7→1, s1:7→1 / s2:5→1 / s3:2→1 / s4:1→1, 7→1 / s5:1→1, 2→1, 5→1, s1:7→1 / s2:5→1 / s3:2→1 / s4:1→1, 7→1 / s5:1→1, 2→1, 5→1, 7→1, s1:7→1 / s2:5→1 / s3:2→1 / s4:1→1, 7→1 / s5:1→1, 2→1, 7→1, s1:7→1 / s2:5→1 / s3:2→1 / s4:1→1, 7→1 / s5:1→1, 5→1, s1:7→1 / s2:5→1 / s3:2→1 / s4:1→1, 7→1 / s5:1→1, 5→1, s1:7→1 / s2:5→1 / s3:2→1 / s4:1→1, 7→1 / s5:1→2, 2→1, 5→1, s1:7→1 / s2:5→1 / s3:2→1 / s4:1→1, 7→1 / s5:1→2, 2→1, 5→1, 7→1, s1:7→1 / s2:5→1 / s3:2→1 / s4:1→1, 7→1 / s5:1→2, 2→1, 7→1, s1:7→1 / s2:5→1 / s3:2→1 / s4:1→1, 7→1 / s5:1→2, 5→1, s1:7→1 / s2:5→1 / s3:2→1 / s4:1→1, 7→1 / s5:1→2, 5→1, 7→1, s1:7→1 / s2:5→1 / s3:2→1 / s4:1→1, 7→1 / s5:1→2, 7→1, s1:7→1 / s2:5→1 / s3:2→1 / s4:1→1, 7→1 / s5:1→3, 2→1, 7→1, s1:7→1 / s2:5→1 / s3:2→1 / s4:1→1, 7→1 / s5:1→3, 5→1, 7→1, s1:7→1 / s2:5→1 / s3:2→1 / s4:1→1, 7→1 / s5:1→3, 7→1, s1:7→1 / s2:5→1 / s3:2→1 / s4:1→1 / s5:1→1, s1:7→1 / s2:5→1 / s3:2→1 / s4:1→1 / s5:1→1, s1:7→1 / s2:5→1 / s3:2→1 / s4:1→1 / s5:1→1, 2→1, s1:7→1 / s2:5→1 / s3:2→1 / s4:1→1 / s5:1→1, 2→1, 5→1, s1:7→1 / s2:5→1 / s3:2→1 / s4:1→1 / s5:1→1, 2→1, 5→1, s1:7→1 / s2:5→1 / s3:2→1 / s4:1→1 / s5:1→1, 2→1, 5→1, s1:7→1 / s2:5→1 / s3:2→1 / s4:1→1 / s5:1→1, 2→1, 5→1, 7→1, s1:7→1 / s2:5→1 / s3:2→1 / s4:1→1 / s5:1→1, 2→1, 5→1, 7→1, s1:7→1 / s2:5→1 / s3:2→1 / s4:1→1 / s5:1→1, 2→1, 5→2, s1:7→1 / s2:5→1 / s3:2→1 / s4:1→1 / s5:1→1, 2→1, 5→2, 7→1, s1:7→1 / s2:5→1 / s3:2→1 / s4:1→1 / s5:1→1, 2→1, 7→1, s1:7→1 / s2:5→1 / s3:2→1 / s4:1→1 / s5:1→1, 2→1, 7→1, s1:7→1 / s2:5→1 / s3:2→1 / s4:1→1 / s5:1→1, 2→1, 7→1, s1:7→1 / s2:5→1 / s3:2→1 / s4:1→1 / s5:1→1, 2→2, 5→1, s1:7→1 / s2:5→1 / s3:2→1 / s4:1→1 / s5:1→1, 2→2, 5→1, 7→1, s1:7→1 / s2:5→1 / s3:2→1 / s4:1→1 / s5:1→1, 2→2, 7→1, s1:7→1 / s2:5→1 / s3:2→1 / s4:1→1 / s5:1→1, 5→1, s1:7→1 / s2:5→1 / s3:2→1 / s4:1→1 / s5:1→1, 5→1, s1:7→1 / s2:5→1 / s3:2→1 / s4:1→1 / s5:1→1, 5→1, 7→1, s1:7→1 / s2:5→1 / s3:2→1 / s4:1→1 / s5:1→1, 5→1, 7→1, s1:7→1 / s2:5→1 / s3:2→1 / s4:1→1 / s5:1→1, 7→1, s1:7→1 / s2:5→1 / s3:2→1 / s4:1→1 / s5:1→1, 7→1, s1:7→1 / s2:5→1 / s3:2→1 / s4:1→1 / s5:1→2, 2→1, 5→1, s1:7→1 / s2:5→1 / s3:2→1 / s4:1→1 / s5:1→2, 2→1, 5→1, s1:7→1 / s2:5→1 / s3:2→1 / s4:1→1 / s5:1→2, 2→1, 5→1, s1:7→1 / s2:5→1 / s3:2→1 / s4:1→1 / s5:1→2, 2→1, 5→1, 7→1, s1:7→1 / s2:5→1 / s3:2→1 / s4:1→1 / s5:1→2, 2→1, 5→1, 7→1, s1:7→1 / s2:5→1 / s3:2→1 / s4:1→1 / s5:1→2, 2→1, 5→1, 7→1, s1:7→1 / s2:5→1 / s3:2→1 / s4:1→1 / s5:1→2, 2→1, 5→2, s1:7→1 / s2:5→1 / s3:2→1 / s4:1→1 / s5:1→2, 2→1, 7→1, s1:7→1 / s2:5→1 / s3:2→1 / s4:1→1 / s5:1→2, 2→1, 7→1, s1:7→1 / s2:5→1 / s3:2→1 / s4:1→1 / s5:1→2, 2→1, 7→1, s1:7→1 / s2:5→1 / s3:2→1 / s4:1→1 / s5:1→2, 2→1, 7→2, s1:7→1 / s2:5→1 / s3:2→1 / s4:1→1 / s5:1→2, 2→2, 5→1, s1:7→1 / s2:5→1 / s3:2→1 / s4:1→1 / s5:1→2, 2→2, 7→1, s1:7→1 / s2:5→1 / s3:2→1 / s4:1→1 / s5:1→2, 5→1, s1:7→1 / s2:5→1 / s3:2→1 / s4:1→1 / s5:1→2, 5→1, s1:7→1 / s2:5→1 / s3:2→1 / s4:1→1 / s5:1→2, 5→1, s1:7→1 / s2:5→1 / s3:2→1 / s4:1→1 / s5:1→2, 5→1, 7→1, s1:7→1 / s2:5→1 / s3:2→1 / s4:1→1 / s5:1→2, 5→1, 7→1, s1:7→1 / s2:5→1 / s3:2→1 / s4:1→1 / s5:1→2, 5→2, s1:7→1 / s2:5→1 / s3:2→1 / s4:1→1 / s5:1→2, 5→2, 7→1, s1:7→1 / s2:5→1 / s3:2→1 / s4:1→1 / s5:1→2, 7→1, s1:7→1 / s2:5→1 / s3:2→1 / s4:1→1 / s5:1→2, 7→1, s1:7→1 / s2:5→1 / s3:2→1 / s4:1→1 / s5:1→2, 7→1, s1:7→1 / s2:5→1 / s3:2→1 / s4:1→1 / s5:1→3, 2→1, 5→1, s1:7→1 / s2:5→1 / s3:2→1 / s4:1→1 / s5:1→3, 2→1, 5→1, s1:7→1 / s2:5→1 / s3:2→1 / s4:1→1 / s5:1→3, 2→1, 7→1, s1:7→1 / s2:5→1 / s3:2→1 / s4:1→1 / s5:1→3, 2→1, 7→1, s1:7→1 / s2:5→1 / s3:2→1 / s4:1→1 / s5:1→3, 2→1, 7→1, s1:7→1 / s2:5→1 / s3:2→1 / s4:1→1 / s5:1→3, 5→1, s1:7→1 / s2:5→1 / s3:2→1 / s4:1→1 / s5:1→3, 5→1, s1:7→1 / s2:5→1 / s3:2→1 / s4:1→1 / s5:1→3, 5→1, s1:7→1 / s2:5→1 / s3:2→1 / s4:1→1 / s5:1→3, 5→1, 7→1, s1:7→1 / s2:5→1 / s3:2→1 / s4:1→1 / s5:1→3, 5→1, 7→1, s1:7→1 / s2:5→1 / s3:2→1 / s4:1→1 / s5:1→3, 5→1, 7→1, s1:7→1 / s2:5→1 / s3:2→1 / s4:1→1 / s5:1→3, 5→2, s1:7→1 / s2:5→1 / s3:2→1 / s4:1→1 / s5:1→3, 7→1, s1:7→1 / s2:5→1 / s3:2→1 / s4:1→1 / s5:1→3, 7→1, s1:7→1 / s2:5→1 / s3:2→1 / s4:1→1 / s5:1→3, 7→1, s1:7→1 / s2:5→1 / s3:2→1 / s4:1→1 / s5:1→3, 7→2, s1:7→1 / s2:5→1 / s3:2→1 / s4:1→2, 2→1, 5→1 / s5:1→3, 2→1, 7→1, s1:7→1 / s2:5→1 / s3:2→1 / s4:1→2, 2→1, 5→1 / s5:1→3, 5→1, 7→1, s1:7→1 / s2:5→1 / s3:2→1 / s4:1→2, 2→1, 7→1 / s5:1→2, 2→1, 5→1, s1:7→1 / s2:5→1 / s3:2→1 / s4:1→2, 5→1, 7→1 / s5:1→2, 2→1, 7→1, s1:7→1 / s2:5→1 / s3:2→1 / s4:1→2, 5→1 / s5:1→2, 2→1, 5→1, 7→1, s1:7→1 / s2:5→1 / s3:2→1 / s4:1→2, 5→1 / s5:1→2, 5→1, s1:7→1 / s2:5→1 / s3:2→1 / s4:1→2, 5→1 / s5:1→2, 5→1, 7→1, s1:7→1 / s2:5→1 / s3:2→1 / s4:1→2, 5→1 / s5:1→3, 5→1, 7→1, s1:7→1 / s2:5→1 / s3:2→1 / s4:1→2, 5→1 / s5:1→3, 7→1, s1:7→1 / s2:5→1 / s3:2→1 / s4:1→2, 7→1 / s5:1→2, 2→1, 5→1, s1:7→1 / s2:5→1 / s3:2→1 / s4:1→2, 7→1 / s5:1→2, 2→1, 7→1, s1:7→1 / s2:5→1 / s3:2→1 / s4:1→2, 7→1 / s5:1→2, 5→1, s1:7→1 / s2:5→1 / s3:2→1 / s4:1→2, 7→1 / s5:1→2, 5→1, s1:7→1 / s2:5→1 / s3:2→1 / s4:1→2, 7→1 / s5:1→3, 2→1, 5→1, s1:7→1 / s2:5→1 / s3:2→1 / s4:1→2, 7→1 / s5:1→3, 2→1, 7→1, s1:7→1 / s2:5→1 / s3:2→1 / s4:1→2, 7→1 / s5:1→3, 5→1, s1:7→1 / s2:5→1 / s3:2→1 / s4:1→2, 7→1 / s5:1→3, 5→1, 7→1, s1:7→1 / s2:5→1 / s3:2→1 / s4:1→2, 7→1 / s5:1→3, 7→1, s1:7→1 / s2:5→1 / s3:2→1 / s4:1→3, 2→1, 7→1 / s5:1→3, 2→1, 5→1, s1:7→1 / s2:5→1 / s3:2→1 / s4:1→3, 5→1 / s5:1→3, 5→1, s1:7→1 / s2:5→1 / s3:2→1 / s4:1→3, 5→1 / s5:1→3, 5→1, 7→1, s1:7→1 / s2:5→1 / s3:2→1 / s4:1→3, 7→1 / s5:1→3, 2→1, 7→1, s1:7→1 / s2:5→1 / s3:2→1 / s4:1→3, 7→1 / s5:1→3, 5→1, s1:7→1 / s2:5→1 / s3:2→1 / s4:1→3, 7→1 / s5:1→3, 5→1, s1:7→1 / s2:5→1 / s3:2→1 / s4:2→1, 5→1 / s5:1→1, s1:7→1 / s2:5→1 / s3:2→1 / s4:2→1, 5→1 / s5:1→1, 2→1, 7→1, s1:7→1 / s2:5→1 / s3:2→1 / s4:2→1, 5→1 / s5:1→1, 5→1, s1:7→1 / s2:5→1 / s3:2→1 / s4:2→1, 5→1 / s5:1→1, 5→1, 7→1, s1:7→1 / s2:5→1 / s3:2→1 / s4:2→1, 7→1 / s5:1→1, s1:7→1 / s2:5→1 / s3:2→1 / s4:2→1, 7→1 / s5:2→1, 5→1, s1:7→1 / s2:5→1 / s3:2→1 / s4:2→1 / s5:1→1, s1:7→1 / s2:5→1 / s3:2→1 / s4:2→1 / s5:1→1, s1:7→1 / s2:5→1 / s3:2→1 / s4:2→1 / s5:1→1, 2→1, s1:7→1 / s2:5→1 / s3:2→1 / s4:2→1 / s5:1→1, 2→1, 5→1, s1:7→1 / s2:5→1 / s3:2→1 / s4:2→1 / s5:1→1, 2→1, 5→1, 7→1, s1:7→1 / s2:5→1 / s3:2→1 / s4:2→1 / s5:1→1, 2→1, 7→1, s1:7→1 / s2:5→1 / s3:2→1 / s4:2→1 / s5:1→1, 7→1, s1:7→1 / s2:5→1 / s3:2→1 / s4:2→1 / s5:1→2, 2→1, 5→1, s1:7→1 / s2:5→1 / s3:2→1 / s4:2→1 / s5:1→2, 2→1, 5→1, 7→1, s1:7→1 / s2:5→1 / s3:2→1 / s4:2→1 / s5:1→2, 2→1, 7→1, s1:7→1 / s2:5→1 / s3:2→1 / s4:2→1 / s5:1→3, 2→1, 7→1, s1:7→1 / s2:5→1 / s3:2→1 / s4:2→1 / s5:2→1, 5→1, s1:7→1 / s2:5→1 / s3:2→1 / s4:2→1 / s5:2→1, 7→1, s1:7→1 / s2:5→1 / s3:2→1 / s4:7→1 / s5:1→1, s1:7→1 / s2:5→1 / s3:2→1 / s4:7→1 / s5:1→1, 2→1, 5→1, 7→1, s1:7→1 / s2:5→1 / s3:2→1 / s4:7→1 / s5:1→1, 2→1, 7→1, s1:7→1 / s2:5→1 / s3:2→1 / s4:7→1 / s5:1→1, 5→1, s1:7→1 / s2:5→1 / s3:2→1 / s4:7→1 / s5:1→1, 5→1, 7→1, s1:7→1 / s2:5→1 / s3:2→1 / s4:7→1 / s5:1→1, 7→1, s1:7→1 / s2:5→1 / s3:2→1 / s4:7→1 / s5:2→1, s1:7→1 / s2:5→1 / s3:2→1 / s4:7→1 / s5:2→1, 5→1, s1:7→1 / s2:5→1 / s3:2→1 / s4:7→1 / s5:2→1, 5→1, 7→1, s1:7→1 / s2:5→1 / s3:2→1 / s4:7→1 / s5:2→1, 7→1}"	"{s4:9→1 / s5:8→1, s4:8→1 / s5:9→1, s4:8→1 / s5:9→1, s4:8→1 / s5:9→1, s4:8→1 / s5:9→1, s4:8→1 / s5:9→1, s4:8→1 / s5:9→1, s4:8→1 / s5:9→1, s4:8→1 / s5:9→1, s4:8→1 / s5:9→1, s4:8→1 / s5:9→1, s4:8→1 / s5:9→1, s4:8→1 / s5:9→1, s4:8→1 / s5:9→1, s4:8→1 / s5:10→1, s4:8→1 / s5:9→1, s4:8→1 / s5:9→1, s4:8→1 / s5:9→1, s4:10→1 / s5:9→1, s4:10→1 / s5:9→1, s4:8→1 / s5:9→1, s4:8→1 / s5:10→1, s4:8→1 / s5:10→1, s4:8→1 / s5:9→1, s4:8→1 / s5:10→1, s4:8→1 / s5:10→1, s4:8→1 / s5:10→1, s4:9→1 / s5:8→1, s4:9→1 / s5:10→1, s4:9→1 / s5:10→1, s4:9→1 / s5:8→1, s4:9→1 / s5:10→1, s4:8→1 / s5:9→1, s4:8→1 / s5:9→1, s4:8→1 / s5:10→1, s4:9→1 / s5:10→1, s4:8→1 / s5:9→1, s4:9→1 / s5:10→1, s4:8→1 / s5:9→1, s4:9→1 / s5:10→1, s4:8→1 / s5:9→1, s4:8→1 / s5:9→1, s4:10→1 / s5:8→1, s4:10→1 / s5:9→1, s4:10→1 / s5:9→1, s4:9→1 / s5:8→1, s4:10→1 / s5:9→1, s4:10→1 / s5:8→1, s4:10→1 / s5:9→1, s4:10→1 / s5:9→1, s4:9→1 / s5:8→1, s4:8→1 / s5:9→1, s4:8→1 / s5:9→1, s4:8→1 / s5:10→1, s4:8→1 / s5:9→1, s4:8→1 / s5:9→1, s4:8→1 / s5:9→1, s4:8→1 / s5:9→1, s4:8→1 / s5:9→1, s4:8→1 / s5:10→1, s4:8→1 / s5:10→1, s4:9→1 / s5:8→1, s4:8→1 / s5:9→1, s4:8→1 / s5:9→1, s4:8→1 / s5:9→1, s4:8→1 / s5:10→1, s4:8→1 / s5:9→1, s4:8→1 / s5:9→1, s4:8→1 / s5:10→1, s4:10→1 / s5:9→1, s4:10→1 / s5:9→1, s4:8→1 / s5:10→1, s4:8→1 / s5:10→1, s4:8→1 / s5:10→1, s4:8→1 / s5:10→1, s4:8→1 / s5:10→1, s4:8→1 / s5:10→1, s4:8→1 / s5:9→1, s4:8→1 / s5:10→1, s4:10→1 / s5:8→1, s4:10→1 / s5:9→1, s4:10→1 / s5:9→1, s4:9→1 / s5:10→1, s4:9→1 / s5:8→1, s4:10→1 / s5:8→1, s4:10→1 / s5:9→1, s4:10→1 / s5:9→1, s4:10→1 / s5:8→1, s4:10→1 / s5:9→1, s4:10→1 / s5:9→1, s4:10→1 / s5:9→1, s4:10→1 / s5:9→1, s4:10→1 / s5:9→1, s4:8→1 / s5:10→1, s4:8→1 / s5:9→1, s4:8→1 / s5:9→1, s4:10→1 / s5:9→1, s4:8→1 / s5:10→1, s4:8→1 / s5:9→1, s4:8→1 / s5:10→1, s4:8→1 / s5:9→1, s4:8→1 / s5:10→1, s4:8→1 / s5:10→1, s4:10→1 / s5:9→1, s4:8→1 / s5:10→1, s4:8→1 / s5:9→1, s4:8→1 / s5:9→1, s4:8→1 / s5:9→1, s4:8→1 / s5:9→1, s4:8→1 / s5:10→1, s4:8→1 / s5:9→1, s4:8→1 / s5:10→1, s4:8→1 / s5:9→1, s4:8→1 / s5:10→1, s4:8→1 / s5:9→1, s4:10→1 / s5:9→1, s4:8→1 / s5:10→1, s4:8→1 / s5:9→1, s4:10→1 / s5:9→1, s4:8→1 / s5:10→1, s4:8→1 / s5:9→1, s4:8→1 / s5:10→1, s4:10→1 / s5:9→1, s4:8→1 / s5:10→1, s4:8→1 / s5:9→1, s4:10→1 / s5:9→1, s4:8→1 / s5:9→1, s4:8→1 / s5:9→1, s4:10→1 / s5:9→1, s4:8→1 / s5:10→1, s4:8→1 / s5:9→1, s4:8→1 / s5:10→1, s4:8→1 / s5:9→1, s4:8→1 / s5:10→1, s4:8→1 / s5:10→1, s4:10→1 / s5:9→1, s4:8→1 / s5:10→1, s4:8→1 / s5:9→1, s4:8→1 / s5:10→1, s4:8→1 / s5:9→1, s4:10→1 / s5:9→1, s4:8→1 / s5:10→1, s4:8→1 / s5:9→1, s4:10→1 / s5:9→1, s4:8→1 / s5:10→1, s4:8→1 / s5:9→1, s4:10→1 / s5:9→1, s4:8→1 / s5:10→1, s4:8→1 / s5:9→1, s4:8→1 / s5:10→1, s4:10→1 / s5:9→1, s4:8→1 / s5:10→1, s4:8→1 / s5:9→1, s4:10→1 / s5:9→1, s4:8→1 / s5:9→1, s4:8→1 / s5:10→1, s4:9→1 / s5:8→1, s4:10→1 / s5:9→1, s4:8→1 / s5:10→1, s4:8→1 / s5:10→1, s4:8→1 / s5:10→1, s4:8→1 / s5:10→1, s4:8→1 / s5:9→1, s4:10→1 / s5:8→1, s4:10→1 / s5:9→1, s4:9→1 / s5:10→1, s4:9→1 / s5:8→1, s4:10→1 / s5:8→1, s4:10→1 / s5:9→1, s4:10→1 / s5:8→1, s4:10→1 / s5:9→1, s4:10→1 / s5:9→1, s4:9→1 / s5:8→1, s4:8→1 / s5:10→1, s4:8→1 / s5:10→1, s4:10→1 / s5:9→1, s4:9→1 / s5:10→1, s4:9→1 / s5:8→1, s4:8→1 / s5:9→1, s4:8→1 / s5:9→1, s4:8→1 / s5:10→1, s4:8→1 / s5:10→1, s4:10→1 / s5:8→1, s4:9→1 / s5:8→1, s4:8→1 / s5:10→1, s4:8→1 / s5:9→1, s4:8→1 / s5:9→1, s4:8→1 / s5:9→1, s4:8→1 / s5:9→1, s4:8→1 / s5:9→1, s4:8→1 / s5:10→1, s4:8→1 / s5:9→1, s4:8→1 / s5:9→1, s4:8→1 / s5:9→1, s4:8→1 / s5:9→1, s4:8→1 / s5:9→1, s4:8→1 / s5:9→1, s4:10→1 / s5:8→1, s4:10→1 / s5:9→1, s4:10→1 / s5:9→1, s4:10→1 / s5:8→1, s4:10→1 / s5:9→1, s4:10→1 / s5:9→1, s4:10→1 / s5:8→1, s4:10→1 / s5:8→1, s4:10→1 / s5:9→1, s4:10→1 / s5:9→1}"
7	45	"2 so(8)"	"2 so(8)+su(3)+2(g2+su(2))"	14	121	2	3	0	0	0	0	0	0	"{s1:7→1 / s2:5→1 / s3:2→1 / s4:1→1, 2→1 / s5:1→1, 2→1, s1:7→1 / s2:5→1 / s3:2→1 / s4:1→1 / s5:1→1, 5→2, 7→1, s1:7→1 / s2:5→1 / s3:2→1 / s4:1→1 / s5:1→2, 5→3, s1:7→1 / s2:5→1 / s3:2→1 / s4:1→1 / s5:1→3, 2→1, 5→1, s1:7→1 / s2:5→1 / s3:2→1 / s4:1→1 / s5:1→4, 7→1, s1:7→1 / s2:5→1 / s3:2→1 / s4:1→3, 7→1 / s5:1→4, 5→1, s1:7→1 / s2:5→1 / s3:2→1 / s4:1→3, 7→1 / s5:1→4, 7→1, s1:7→1 / s2:5→1 / s3:2→1 / s4:2→1, 5→1, 7→1 / s5:1→1, s1:7→1 / s2:5→1 / s3:2→1 / s4:2→1 / s5:2→1, s1:7→1 / s2:5→1 / s3:2→1 / s4:5→1, 7→1 / s5:1→1, 7→1, s1:7→1 / s2:5→1 / s3:2→1 / s4:5→1, 7→1 / s5:2→1, 7→1, s1:7→1 / s2:5→1 / s3:2→1 / s4:5→1 / s5:1→1, 5→1, 7→1, s1:7→1 / s2:5→1 / s3:2→1 / s4:5→1 / s5:5→1, s1:7→1 / s2:5→1 / s3:2→1 / s4:5→1 / s5:5→1, 7→1, s1:7→1 / s2:5→1 / s3:2→1 / s4:7→1 / s5:1→2, 5→1, 7→1, s1:7→1 / s2:5→1 / s3:2→1 / s4:7→1 / s5:5→1}"	"{s4:8→1 / s5:9→1, s4:8→1 / s5:10→1, s4:8→1 / s5:10→1, s4:10→1 / s5:9→1, s4:8→1 / s5:9→1, s4:10→1 / s5:8→1, s4:10→1 / s5:9→1, s4:10→1 / s5:9→1, s4:8→1 / s5:9→1, s4:10→1 / s5:9→1, s4:10→1 / s5:9→1, s4:8→1 / s5:10→1, s4:8→1 / s5:10→1, s4:8→1 / s5:10→1, s4:10→1 / s5:9→1, s4:9→1 / s5:10→1}"
7	45	"2 so(8)"	"2 so(8)+su(3)+2(g2+su(2))"	15	121	2	3	0	0	0	0	0	0	"{s1:7→1 / s2:5→1 / s3:2→1 / s4:1→4, 7→1 / s5:1→4, 5→1, s1:7→1 / s2:5→1 / s3:2→1 / s4:7→1 / s5:5→1}"	"{s4:9→1 / s5:8→1, s4:9→1 / s5:8→1}"
7	45	"2 so(8)"	"2 so(8)+su(3)+2(g2+su(2))"	16	121	2	3	0	0	0	0	0	0	"{s1:7→1 / s2:5→1 / s3:2→1 / s4:1→1 / s5:1→1, 2→3, 7→1, s1:7→1 / s2:5→1 / s3:2→1 / s4:1→1 / s5:1→1, 5→2, s1:7→1 / s2:5→1 / s3:2→1 / s4:1→1 / s5:1→4, 5→1, s1:7→1 / s2:5→1 / s3:2→1 / s4:1→3, 5→1 / s5:1→4, 7→1, s1:7→1 / s2:5→1 / s3:2→1 / s4:2→2, 5→1, 7→1 / s5:1→1, s1:7→1 / s2:5→1 / s3:2→1 / s4:2→2, 5→1 / s5:1→1, s1:7→1 / s2:5→1 / s3:2→1 / s4:5→1 / s5:1→1, 7→1}"	"{s4:8→1 / s5:9→1, s4:8→1 / s5:10→1, s4:8→1 / s5:9→1, s4:8→1 / s5:9→1, s4:8→1 / s5:9→1, s4:8→1 / s5:9→1, s4:8→1 / s5:9→1}"
7	45	"2 so(8)"	"2 so(8)+su(3)+2(g2+su(2))"	17	121	2	3	0	0	0	0	0	0	"{s1:7→1 / s2:5→1 / s3:2→1 / s4:7→1 / s5:1→2, 2→1, 5→1, 7→1, s1:7→1 / s2:5→1 / s3:2→1 / s4:7→1 / s5:5→1, 7→1}"	"{s4:10→1 / s5:9→1, s4:10→1 / s5:9→1}"
7	45	"2 so(8)"	"2 so(8)+su(3)+2(g2+su(2))"	19	121	2	3	0	0	0	0	0	0	"{s1:7→1 / s2:2→1 / s3:1→1, 5→1 / s4:2→1 / s5:2→1, s1:7→1 / s2:5→1 / s3:1→1, 2→1 / s4:2→1 / s5:1→1, 2→1}"	"{s4:8→1 / s5:10→1, s4:8→1 / s5:9→1}"
7	45	"2 so(8)"	"2 so(8)+su(3)+2(g2+su(2))"	20	121	2	3	0	0	0	0	0	0	"s1:7→1 / s2:5→1 / s3:2→1 / s4:1→1 / s5:1→1, 2→1"	"s4:10→1 / s5:9→1"
7	45	"2 so(8)"	"2 so(8)+su(3)+2(g2+su(2))"	24	121	2	3	0	0	0	0	0	0	"s1:7→1 / s2:5→1 / s3:2→1 / s4:1→2, 7→1 / s5:1→4, 7→1"	"s4:10→1 / s5:9→1"
7	45	"2 so(8)"	"2 so(8)+su(3)+2(g2+su(2))"	26	121	2	3	0	0	0	0	0	0	"s1:7→1 / s2:5→1 / s3:2→1 / s4:5→1 / s5:1→1, 5→1"	"s4:8→1 / s5:10→1"
7	45	"2 so(8)"	"2 so(8)+su(3)+2(g2+su(2))"	55	121	2	3	0	0	0	0	0	0	"s1:7→1 / s2:5→1 / s3:2→1 / s4:1→1 / s5:1→4, 7→1"	"s4:10→1 / s5:9→1"
7	45	"2 so(8)"	"2 so(8)+su(3)+2(g2+su(2))"	64	121	2	3	0	0	0	0	0	0	"s1:7→1 / s2:5→1 / s3:1→1, 2→1 / s4:1→1, 2→1 / s5:1→1, 2→1"	"s4:8→1 / s5:9→1"
7	45	"2 so(8)"	"2 so(8)+su(3)+2(g2+su(2))"	70	121	2	3	0	0	0	0	0	0	"s1:7→1 / s2:5→1 / s3:2→1 / s4:5→1 / s5:2→1, 5→1, 7→1"	"s4:8→1 / s5:10→1"
7	45	"2 so(8)"	"3 so(8)+2(g2+su(2))"	13	101	2	2	1	0	0	0	0	0	"{s1:2→1, 7→1 / s2:5→1 / s3:1→1 / s4:5→1 / s5:1→1, s1:7→1 / s2:2→1 / s3:1→1, 5→1 / s4:2→1, 5→1 / s5:1→1, s1:7→1 / s2:2→1 / s3:1→1, 5→1 / s4:2→1 / s5:1→1, s1:7→1 / s2:2→1 / s3:1→1, 5→1 / s4:2→1 / s5:1→1, 5→1, s1:7→1 / s2:2→1 / s3:1→1, 5→1 / s4:5→1 / s5:1→1, s1:7→1 / s2:2→1 / s3:1→1, 5→1 / s4:5→1 / s5:2→1, s1:7→1 / s2:2→1 / s3:1→1 / s4:2→1, 5→1 / s5:1→1, 5→1, s1:7→1 / s2:2→1 / s3:1→1 / s4:2→1, 5→1 / s5:1→1, 5→2, s1:7→1 / s2:2→1 / s3:1→1 / s4:2→1, 5→2 / s5:1→1, 5→2, s1:7→1 / s2:2→1 / s3:1→1 / s4:2→1, 5→2 / s5:1→1, 5→3, s1:7→1 / s2:2→1 / s3:1→1 / s4:2→1, 5→3 / s5:1→1, 5→3, s1:7→1 / s2:2→1 / s3:1→1 / s4:5→1 / s5:1→1, 2→1, 5→1, s1:7→1 / s2:2→1 / s3:1→1 / s4:5→1 / s5:1→1, 2→1, 5→2, s1:7→1 / s2:2→1 / s3:1→1 / s4:5→1 / s5:1→1, 2→1, 5→3, s1:7→1 / s2:2→1 / s3:1→1 / s4:5→1 / s5:1→1, 5→1, s1:7→1 / s2:2→1 / s3:1→1 / s4:5→1 / s5:1→1, 5→2, s1:7→1 / s2:2→1 / s3:1→1 / s4:5→1 / s5:1→1, 5→3, s1:7→1 / s2:2→1 / s3:1→1 / s4:5→1 / s5:2→1, 5→1, s1:7→1 / s2:2→1 / s3:1→1 / s4:5→1 / s5:2→1, 5→2, s1:7→1 / s2:2→1 / s3:1→1 / s4:5→1 / s5:2→1, 5→3, s1:7→1 / s2:2→1 / s3:1→1 / s4:5→1 / s5:5→1, s1:7→1 / s2:5→1 / s3:1→1, 2→1 / s4:2→1 / s5:1→1, 5→1, s1:7→1 / s2:5→1 / s3:2→1 / s4:1→1, 2→1 / s5:1→2, 5→1, s1:7→1 / s2:5→1 / s3:2→1 / s4:1→1, 2→1 / s5:1→3, 5→1, s1:7→1 / s2:5→1 / s3:2→1 / s4:1→1, 5→1 / s5:1→1, 2→1, s1:7→1 / s2:5→1 / s3:2→1 / s4:1→1 / s5:1→1, s1:7→1 / s2:5→1 / s3:2→1 / s4:1→1 / s5:1→1, 2→1, s1:7→1 / s2:5→1 / s3:2→1 / s4:1→1 / s5:1→1, 2→1, 5→1, s1:7→1 / s2:5→1 / s3:2→1 / s4:1→1 / s5:1→1, 2→1, 5→1, s1:7→1 / s2:5→1 / s3:2→1 / s4:1→1 / s5:1→1, 5→1, s1:7→1 / s2:5→1 / s3:2→1 / s4:1→1 / s5:1→2, 2→1, 5→1, s1:7→1 / s2:5→1 / s3:2→1 / s4:1→1 / s5:1→2, 2→1, 5→1, s1:7→1 / s2:5→1 / s3:2→1 / s4:1→1 / s5:1→2, 5→1, s1:7→1 / s2:5→1 / s3:2→1 / s4:1→1 / s5:1→2, 5→1, s1:7→1 / s2:5→1 / s3:2→1 / s4:1→1 / s5:1→3, 2→1, 5→1, s1:7→1 / s2:5→1 / s3:2→1 / s4:1→1 / s5:1→3, 2→1, 5→1, s1:7→1 / s2:5→1 / s3:2→1 / s4:1→1 / s5:1→3, 5→1, s1:7→1 / s2:5→1 / s3:2→1 / s4:1→1 / s5:1→3, 5→1, s1:7→1 / s2:5→1 / s3:2→1 / s4:1→1 / s5:1→4, 5→1, s1:7→1 / s2:5→1 / s3:2→1 / s4:1→1 / s5:1→4, 5→1, s1:7→1 / s2:5→1 / s3:2→1 / s4:1→2, 2→1 / s5:1→3, 5→1, s1:7→1 / s2:5→1 / s3:2→1 / s4:1→2, 2→1 / s5:1→4, 5→1, s1:7→1 / s2:5→1 / s3:2→1 / s4:1→2 / s5:1→2, 5→1, s1:7→1 / s2:5→1 / s3:2→1 / s4:1→2 / s5:1→3, 2→1, 5→1, s1:7→1 / s2:5→1 / s3:2→1 / s4:2→1 / s5:1→1, s1:7→1 / s2:5→1 / s3:2→1 / s4:2→1 / s5:1→1, 5→1}"	"{s4:10→1 / s5:9→1, s4:10→1 / s5:9→1, s4:10→1 / s5:9→1, s4:10→1 / s5:9→1, s4:9→1 / s5:10→1, s4:9→1 / s5:10→1, s4:10→1 / s5:9→1, s4:10→1 / s5:9→1, s4:10→1 / s5:9→1, s4:10→1 / s5:9→1, s4:10→1 / s5:9→1, s4:9→1 / s5:10→1, s4:9→1 / s5:10→1, s4:9→1 / s5:10→1, s4:9→1 / s5:10→1, s4:9→1 / s5:10→1, s4:9→1 / s5:10→1, s4:9→1 / s5:10→1, s4:9→1 / s5:10→1, s4:9→1 / s5:10→1, s4:9→1 / s5:10→1, s4:9→1 / s5:10→1, s4:9→1 / s5:10→1, s4:9→1 / s5:10→1, s4:10→1 / s5:9→1, s4:9→1 / s5:10→1, s4:10→1 / s5:9→1, s4:10→1 / s5:9→1, s4:9→1 / s5:10→1, s4:9→1 / s5:10→1, s4:10→1 / s5:9→1, s4:9→1 / s5:10→1, s4:10→1 / s5:9→1, s4:9→1 / s5:10→1, s4:10→1 / s5:9→1, s4:9→1 / s5:10→1, s4:10→1 / s5:9→1, s4:9→1 / s5:10→1, s4:10→1 / s5:9→1, s4:9→1 / s5:10→1, s4:9→1 / s5:10→1, s4:9→1 / s5:10→1, s4:9→1 / s5:10→1, s4:9→1 / s5:10→1, s4:9→1 / s5:10→1, s4:9→1 / s5:10→1}"
7	45	"2 so(8)"	"3 so(8)+2(g2+su(2))"	14	101	2	2	1	0	0	0	0	0	"{s1:7→1 / s2:2→1 / s3:1→1 / s4:2→1, 5→3 / s5:1→1, 5→4, s1:7→1 / s2:2→1 / s3:1→1 / s4:2→1, 5→4 / s5:1→1, 5→4, s1:7→1 / s2:2→1 / s3:1→1 / s4:2→1 / s5:1→1, s1:7→1 / s2:2→1 / s3:1→1 / s4:2→1 / s5:1→1, 5→1, s1:7→1 / s2:2→1 / s3:1→1 / s4:5→1 / s5:1→1, 5→4, s1:7→1 / s2:2→1 / s3:1→1 / s4:5→1 / s5:2→1, 5→4, s1:7→1 / s2:5→1 / s3:2→1 / s4:1→1 / s5:1→2, 2→1, s1:7→1 / s2:5→1 / s3:2→1 / s4:1→2 / s5:1→3, 5→1, s1:7→1 / s2:5→1 / s3:2→1 / s4:2→1, 5→1 / s5:1→1, s1:7→1 / s2:5→1 / s3:2→1 / s4:5→1 / s5:1→1, s1:7→1 / s2:5→1 / s3:2→1 / s4:5→1 / s5:2→1}"	"{s4:10→1 / s5:9→1, s4:10→1 / s5:9→1, s4:10→1 / s5:9→1, s4:10→1 / s5:9→1, s4:9→1 / s5:10→1, s4:9→1 / s5:10→1, s4:10→1 / s5:9→1, s4:9→1 / s5:10→1, s4:10→1 / s5:9→1, s4:10→1 / s5:9→1, s4:10→1 / s5:9→1}"
7	45	"2 so(8)"	"3 so(8)+2(g2+su(2))"	15	101	2	2	1	0	0	0	0	0	"s1:7→1 / s2:5→1 / s3:2→1 / s4:1→2 / s5:1→4, 5→1"	"s4:9→1 / s5:10→1"
7	45	"2 so(8)"	"3 so(8)+2(g2+su(2))"	19	101	2	2	1	0	0	0	0	0	"s1:7→1 / s2:5→1 / s3:2→1 / s4:1→1 / s5:1→2"	"s4:10→1 / s5:9→1"
7	45	"2 so(8)"	"3 so(8)+2 su(3)+g2+su(2)"	14	94	1	3	1	0	0	0	0	0	"{s1:7→1 / s2:2→1 / s3:1→1 / s4:1→1, 5→1 / s5:2→1, 5→1, s1:7→1 / s2:2→1 / s3:1→1 / s4:1→1, 5→1 / s5:2→1, 5→2, s1:7→1 / s2:2→1 / s3:1→1 / s4:1→1, 5→1 / s5:5→1, s1:7→1 / s2:2→1 / s3:2→1 / s4:1→1, 5→1 / s5:1→1, s1:7→1 / s2:2→1 / s3:2→1 / s4:1→1 / s5:1→1, s1:7→1 / s2:5→1 / s3:2→1 / s4:1→1, 2→1 / s5:1→1, s1:7→1 / s2:5→1 / s3:2→1 / s4:1→1, 2→1 / s5:1→2, s1:7→1 / s2:5→1 / s3:2→1 / s4:1→1, 5→1 / s5:1→1, s1:7→1 / s2:5→1 / s3:2→1 / s4:1→1 / s5:1→1, s1:7→1 / s2:5→1 / s3:2→1 / s4:1→1 / s5:1→1, 2→1, s1:7→1 / s2:5→1 / s3:2→1 / s4:1→1 / s5:1→1, 2→1, 5→1, s1:7→1 / s2:5→1 / s3:2→1 / s4:1→1 / s5:1→1, 2→1, 5→1, s1:7→1 / s2:5→1 / s3:2→1 / s4:1→1 / s5:1→1, 2→1, 5→2, s1:7→1 / s2:5→1 / s3:2→1 / s4:1→1 / s5:1→1, 2→1, 5→3, s1:7→1 / s2:5→1 / s3:2→1 / s4:1→1 / s5:1→1, 2→2, s1:7→1 / s2:5→1 / s3:2→1 / s4:1→1 / s5:1→1, 2→2, 5→1, s1:7→1 / s2:5→1 / s3:2→1 / s4:1→1 / s5:1→1, 2→3, 5→1, s1:7→1 / s2:5→1 / s3:2→1 / s4:1→1 / s5:1→1, 5→1, s1:7→1 / s2:5→1 / s3:2→1 / s4:1→1 / s5:1→1, 5→2, s1:7→1 / s2:5→1 / s3:2→1 / s4:1→1 / s5:1→1, 5→3, s1:7→1 / s2:5→1 / s3:2→1 / s4:1→1 / s5:1→2, 2→1, 5→1, s1:7→1 / s2:5→1 / s3:2→1 / s4:1→1 / s5:1→2, 2→1, 5→2, s1:7→1 / s2:5→1 / s3:2→1 / s4:1→1 / s5:1→2, 2→2, 5→1, s1:7→1 / s2:5→1 / s3:2→1 / s4:1→1 / s5:1→2, 5→1, s1:7→1 / s2:5→1 / s3:2→1 / s4:1→1 / s5:1→2, 5→2, s1:7→1 / s2:5→1 / s3:2→1 / s4:1→1 / s5:1→2, 5→3, s1:7→1 / s2:5→1 / s3:2→1 / s4:1→1 / s5:1→3, 2→1, 5→1, s1:7→1 / s2:5→1 / s3:2→1 / s4:1→1 / s5:1→3, 5→1, s1:7→1 / s2:5→1 / s3:2→1 / s4:1→1 / s5:1→3, 5→2, s1:7→1 / s2:5→1 / s3:2→1 / s4:1→1 / s5:2→1, s1:7→1 / s2:5→1 / s3:2→1 / s4:1→1 / s5:2→1, 5→1, s1:7→1 / s2:5→1 / s3:2→1 / s4:1→1 / s5:2→1, 5→1, s1:7→1 / s2:5→1 / s3:2→1 / s4:1→1 / s5:2→1, 5→2, s1:7→1 / s2:5→1 / s3:2→1 / s4:1→1 / s5:2→1, 5→3, s1:7→1 / s2:5→1 / s3:2→1 / s4:1→1 / s5:2→2, 5→1, s1:7→1 / s2:5→1 / s3:2→1 / s4:1→1 / s5:2→3, 5→1, s1:7→1 / s2:5→1 / s3:2→1 / s4:1→1 / s5:2→4, 5→1, s1:7→1 / s2:5→1 / s3:2→1 / s4:1→1 / s5:5→1, s1:7→1 / s2:5→1 / s3:2→1 / s4:2→1 / s5:1→1}"	"{s5:9→1, s5:9→1, s5:9→1, s5:11→1, s5:11→1, s5:9→1, s5:9→1, s5:10→1, s5:10→1, s5:9→1, s5:10→1, s5:9→1, s5:10→1, s5:10→1, s5:9→1, s5:9→1, s5:9→1, s5:10→1, s5:10→1, s5:10→1, s5:10→1, s5:10→1, s5:9→1, s5:10→1, s5:10→1, s5:10→1, s5:10→1, s5:10→1, s5:10→1, s5:9→1, s5:10→1, s5:9→1, s5:10→1, s5:10→1, s5:9→1, s5:9→1, s5:9→1, s5:10→1, s5:9→1}"
7	45	"2 so(8)"	"3 so(8)+2 su(3)+g2+su(2)"	15	94	1	3	1	0	0	0	0	0	"{s1:7→1 / s2:2→1 / s3:2→1 / s4:1→1 / s5:1→1, 5→1, s1:7→1 / s2:2→1 / s3:2→1 / s4:1→1 / s5:5→1, s1:7→1 / s2:5→1 / s3:2→1 / s4:1→1 / s5:1→2, 2→2, s1:7→1 / s2:5→1 / s3:2→1 / s4:1→1 / s5:1→4, 5→1}"	"{s5:11→1, s5:11→1, s5:9→1, s5:10→1}"
7	45	"2 so(8)"	"3 so(8)+2 su(3)+g2+su(2)"	23	94	1	3	1	0	0	0	0	0	"s1:7→1 / s2:5→1 / s3:2→1 / s4:1→1 / s5:1→1, 5→4"	"s5:10→1"
7	45	"2 so(8)"	"3 so(8)+2 su(3)+g2+su(2)"	50	94	1	3	1	0	0	0	0	0	"s1:7→1 / s2:5→1 / s3:2→1 / s4:1→1 / s5:2→2"	"s5:9→1"
7	45	"2 so(8)"	"3 so(8)+4 su(3)"	14	87	0	4	1	0	0	0	0	0	"{s1:2→1, 7→1 / s2:5→1 / s3:5→1 / s4:1→1 / s5:1→1, s1:7→1 / s2:2→1 / s3:2→1, 5→1 / s4:1→1 / s5:1→1, 5→1, s1:7→1 / s2:2→1 / s3:2→1 / s4:1→1, 5→1 / s5:1→1, 5→1, s1:7→1 / s2:2→1 / s3:2→1 / s4:1→1 / s5:1→1, 5→1, s1:7→1 / s2:5→1 / s3:2→1 / s4:1→1 / s5:1→1, 2→1, 5→1, s1:7→1 / s2:5→1 / s3:2→1 / s4:1→1 / s5:1→1, 5→1, s1:7→1 / s2:5→1 / s3:2→1 / s4:2→1 / s5:1→1, s1:7→1 / s2:5→1 / s3:2→1 / s4:2→1 / s5:1→1, 5→1, s1:7→1 / s2:5→1 / s3:2→1 / s4:2→1 / s5:1→2, 5→1}"	""
7	45	"2 so(8)"	"3 so(8)+4 su(3)"	15	87	0	4	1	0	0	0	0	0	"{s1:7→1 / s2:2→1 / s3:2→1 / s4:1→1 / s5:1→1, s1:7→1 / s2:5→1 / s3:2→1 / s4:1→1 / s5:1→1, 2→1, s1:7→1 / s2:5→1 / s3:5→1 / s4:2→1 / s5:1→1}"	""
7	45	"2 so(8)"	"3 so(8)+su(3)+so(7)+2 su(2)"	13	100	2	2	1	0	0	0	0	0	"{s1:7→1 / s2:2→1 / s3:1→1, 5→1 / s4:1→1, 5→1 / s5:1→1, 5→1, s1:7→1 / s2:2→1 / s3:1→1, 5→1 / s4:1→1 / s5:1→1, 5→1, s1:7→1 / s2:2→1 / s3:1→1, 5→1 / s4:1→1 / s5:1→1, 5→2, s1:7→1 / s2:2→1 / s3:1→1, 5→1 / s4:5→1 / s5:1→1, s1:7→1 / s2:2→1 / s3:1→1, 5→1 / s4:5→1 / s5:1→1, 5→1, s1:7→1 / s2:2→1 / s3:1→1, 5→1 / s4:5→1 / s5:1→2, 5→1, s1:7→1 / s2:2→1 / s3:1→1 / s4:1→1, 5→1 / s5:1→1, 5→1, s1:7→1 / s2:2→1 / s3:1→1 / s4:1→1, 5→1 / s5:1→1, 5→2, s1:7→1 / s2:2→1 / s3:1→1 / s4:1→1, 5→1 / s5:1→1, 5→3, s1:7→1 / s2:2→1 / s3:1→1 / s4:1→1, 5→2 / s5:1→1, 5→2, s1:7→1 / s2:2→1 / s3:1→1 / s4:1→1, 5→2 / s5:1→1, 5→3, s1:7→1 / s2:2→1 / s3:1→1 / s4:1→1, 5→3 / s5:1→1, 5→3, s1:7→1 / s2:2→1 / s3:1→1 / s4:5→1 / s5:1→1, 5→1, s1:7→1 / s2:2→1 / s3:1→1 / s4:5→1 / s5:1→1, 5→2, s1:7→1 / s2:2→1 / s3:1→1 / s4:5→1 / s5:1→1, 5→3, s1:7→1 / s2:2→1 / s3:1→1 / s4:5→1 / s5:1→2, 5→2, s1:7→1 / s2:2→1 / s3:1→1 / s4:5→1 / s5:1→2, 5→3, s1:7→1 / s2:2→1 / s3:1→1 / s4:5→1 / s5:5→1, s1:7→1 / s2:5→1 / s3:1→1, 2→1 / s4:2→1 / s5:1→1, s1:7→1 / s2:5→1 / s3:1→1, 2→1 / s4:2→1 / s5:1→1, 2→1, s1:7→1 / s2:5→1 / s3:1→1, 2→1 / s4:2→1 / s5:2→1, s1:7→1 / s2:5→1 / s3:2→1 / s4:1→1, 2→1 / s5:1→1, 2→1, s1:7→1 / s2:5→1 / s3:2→1 / s4:1→1, 2→1 / s5:1→2, s1:7→1 / s2:5→1 / s3:2→1 / s4:1→1, 2→1 / s5:1→2, 2→1, s1:7→1 / s2:5→1 / s3:2→1 / s4:1→1, 5→1 / s5:1→1, 5→1, s1:7→1 / s2:5→1 / s3:2→1 / s4:1→1, 5→1 / s5:1→2, 5→1, s1:7→1 / s2:5→1 / s3:2→1 / s4:1→1, 5→1 / s5:1→3, 5→1, s1:7→1 / s2:5→1 / s3:2→1 / s4:1→1 / s5:1→1, s1:7→1 / s2:5→1 / s3:2→1 / s4:1→1 / s5:1→1, 2→1, s1:7→1 / s2:5→1 / s3:2→1 / s4:1→1 / s5:1→1, 5→1, s1:7→1 / s2:5→1 / s3:2→1 / s4:1→1 / s5:1→2, 2→1, s1:7→1 / s2:5→1 / s3:2→1 / s4:1→1 / s5:1→2, 5→1, s1:7→1 / s2:5→1 / s3:2→1 / s4:1→1 / s5:1→3, 5→1, s1:7→1 / s2:5→1 / s3:2→1 / s4:1→1 / s5:1→3, 5→2, s1:7→1 / s2:5→1 / s3:2→1 / s4:1→2, 5→1 / s5:1→2, 5→1, s1:7→1 / s2:5→1 / s3:2→1 / s4:1→2, 5→1 / s5:1→3, 5→1, s1:7→1 / s2:5→1 / s3:2→1 / s4:1→2, 5→1 / s5:1→4, 5→1, s1:7→1 / s2:5→1 / s3:2→1 / s4:1→3, 5→1 / s5:1→3, 5→1, s1:7→1 / s2:5→1 / s3:2→1 / s4:1→3, 5→1 / s5:1→4, 5→1, s1:7→1 / s2:5→1 / s3:2→1 / s4:2→1 / s5:1→1, s1:7→1 / s2:5→1 / s3:2→1 / s4:2→1 / s5:1→2, 2→1}"	"{s4:9→1 / s5:9→1, s4:9→1 / s5:9→1, s4:9→1 / s5:9→1, s4:9→1 / s5:9→1, s4:9→1 / s5:9→1, s4:9→1 / s5:9→1, s4:9→1 / s5:9→1, s4:9→1 / s5:9→1, s4:9→1 / s5:9→1, s4:9→1 / s5:9→1, s4:9→1 / s5:9→1, s4:9→1 / s5:9→1, s4:9→1 / s5:9→1, s4:9→1 / s5:9→1, s4:9→1 / s5:9→1, s4:9→1 / s5:9→1, s4:9→1 / s5:9→1, s4:9→1 / s5:9→1, s4:9→1 / s5:9→1, s4:9→1 / s5:9→1, s4:9→1 / s5:9→1, s4:9→1 / s5:9→1, s4:9→1 / s5:9→1, s4:9→1 / s5:9→1, s4:10→1 / s5:10→1, s4:10→1 / s5:10→1, s4:10→1 / s5:10→1, s4:9→1 / s5:9→1, s4:9→1 / s5:9→1, s4:10→1 / s5:10→1, s4:9→1 / s5:9→1, s4:10→1 / s5:10→1, s4:10→1 / s5:10→1, s4:10→1 / s5:10→1, s4:10→1 / s5:10→1, s4:10→1 / s5:10→1, s4:10→1 / s5:10→1, s4:10→1 / s5:10→1, s4:10→1 / s5:10→1, s4:9→1 / s5:9→1, s4:9→1 / s5:9→1}"
7	45	"2 so(8)"	"3 so(8)+su(3)+so(7)+2 su(2)"	14	100	2	2	1	0	0	0	0	0	"{s1:7→1 / s2:2→1 / s3:1→1, 5→1 / s4:1→1 / s5:1→1, s1:7→1 / s2:2→1 / s3:1→1, 5→1 / s4:2→1 / s5:2→1, s1:7→1 / s2:2→1 / s3:1→1, 5→1 / s4:5→1 / s5:5→1, s1:7→1 / s2:2→1 / s3:1→1 / s4:1→1, 5→3 / s5:1→1, 5→4, s1:7→1 / s2:2→1 / s3:1→1 / s4:1→1, 5→4 / s5:1→1, 5→4, s1:7→1 / s2:2→1 / s3:1→1 / s4:1→1 / s5:1→1, s1:7→1 / s2:2→1 / s3:1→1 / s4:1→1 / s5:1→1, 5→1, s1:7→1 / s2:2→1 / s3:1→1 / s4:5→1 / s5:1→1, 5→4, s1:7→1 / s2:2→1 / s3:1→1 / s4:5→1 / s5:1→2, 5→1, s1:7→1 / s2:2→1 / s3:1→1 / s4:5→1 / s5:1→3, 5→2, s1:7→1 / s2:5→1 / s3:1→1, 2→1 / s4:1→1, 2→1 / s5:1→1, 2→1, s1:7→1 / s2:5→1 / s3:2→1 / s4:1→1 / s5:1→2, s1:7→1 / s2:5→1 / s3:2→1 / s4:1→1 / s5:1→2, 5→2, s1:7→1 / s2:5→1 / s3:2→1 / s4:1→1 / s5:1→4, 5→1, s1:7→1 / s2:5→1 / s3:2→1 / s4:1→2, 2→1 / s5:1→2, 2→1, s1:7→1 / s2:5→1 / s3:2→1 / s4:1→2 / s5:1→2, 2→1, s1:7→1 / s2:5→1 / s3:2→1 / s4:1→4, 5→1 / s5:1→4, 5→1, s1:7→1 / s2:5→1 / s3:2→1 / s4:2→1 / s5:1→1, 2→1, s1:7→1 / s2:5→1 / s3:2→1 / s4:2→1 / s5:2→1, s1:7→1 / s2:5→1 / s3:2→1 / s4:5→1 / s5:1→1, 5→1, s1:7→1 / s2:5→1 / s3:2→1 / s4:5→1 / s5:5→1}"	"{s4:9→1 / s5:9→1, s4:10→1 / s5:10→1, s4:9→1 / s5:9→1, s4:9→1 / s5:9→1, s4:9→1 / s5:9→1, s4:9→1 / s5:9→1, s4:9→1 / s5:9→1, s4:9→1 / s5:9→1, s4:9→1 / s5:9→1, s4:9→1 / s5:9→1, s4:9→1 / s5:9→1, s4:9→1 / s5:9→1, s4:10→1 / s5:10→1, s4:10→1 / s5:10→1, s4:9→1 / s5:9→1, s4:9→1 / s5:9→1, s4:10→1 / s5:10→1, s4:9→1 / s5:9→1, s4:9→1 / s5:9→1, s4:10→1 / s5:10→1, s4:10→1 / s5:10→1}"
7	45	"2 so(8)"	"3 so(8)+su(3)+so(7)+2 su(2)"	31	100	2	2	1	0	0	0	0	0	"s1:7→1 / s2:5→1 / s3:1→1, 2→1 / s4:2→1 / s5:1→2, 2→1"	"s4:9→1 / s5:9→1"
7	45	"2 so(8)"	"3 so(8)+su(3)+so(7)+2 su(2)"	45	100	2	2	1	0	0	0	0	0	"s1:2→1, 7→1 / s2:5→1 / s3:1→1 / s4:1→1 / s5:1→1"	"s4:9→1 / s5:9→1"
7	45	"2 so(8)"	"4 so(8)+3 su(3)"	14	67	0	3	2	0	0	0	0	0	"{s1:7→1 / s2:2→1 / s3:5→1 / s4:1→1 / s5:1→1, 5→1, s1:7→1 / s2:5→1 / s3:2→1 / s4:1→1 / s5:1→1, 2→1, s1:7→1 / s2:5→1 / s3:2→1 / s4:2→1 / s5:1→2}"	""
7	45	"2 so(8)"	"4 so(8)+3 su(3)"	15	67	0	3	2	0	0	0	0	0	"{s1:7→1 / s2:2→1 / s3:5→1 / s4:5→1 / s5:1→1, s1:7→1 / s2:5→1 / s3:2→1 / s4:2→1 / s5:1→1}"	""
7	45	"2 so(8)"	"4 so(8)+so(7)+2 su(2)"	14	80	2	1	2	0	0	0	0	0	"{s1:7→1 / s2:2→1 / s3:5→1 / s4:1→1 / s5:1→1, s1:7→1 / s2:2→1 / s3:5→1 / s4:1→1 / s5:1→2, s1:7→1 / s2:5→1 / s3:2→1 / s4:1→1 / s5:1→1}"	"{s4:10→1 / s5:10→1, s4:10→1 / s5:10→1, s4:10→1 / s5:10→1}"
7	45	"2 so(8)"	"4 so(8)+su(3)+g2+su(2)"	14	74	1	2	2	0	0	0	0	0	"{s1:7→1 / s2:2→1 / s3:5→1 / s4:1→1 / s5:1→1, s1:7→1 / s2:2→1 / s3:5→1 / s4:1→1 / s5:1→1, 5→1, s1:7→1 / s2:2→1 / s3:5→1 / s4:1→1 / s5:1→2, 5→1, s1:7→1 / s2:2→1 / s3:5→1 / s4:1→1 / s5:1→3, 5→1, s1:7→1 / s2:2→1 / s3:5→1 / s4:1→1 / s5:1→4, 5→1, s1:7→1 / s2:5→1 / s3:2→1 / s4:1→1 / s5:1→1, s1:7→1 / s2:5→1 / s3:2→1 / s4:1→1 / s5:1→1, 2→1, s1:7→1 / s2:5→1 / s3:2→1 / s4:1→1 / s5:1→2, 2→1, s1:7→1 / s2:5→1 / s3:2→1 / s4:1→1 / s5:2→1}"	"{s5:10→1, s5:10→1, s5:10→1, s5:10→1, s5:10→1, s5:10→1, s5:10→1, s5:10→1, s5:10→1}"
7	45	"2 so(8)"	"4 so(8)+su(3)+g2+su(2)"	18	74	1	2	2	0	0	0	0	0	"s1:7→1 / s2:2→1 / s3:5→1 / s4:1→1 / s5:1→2"	"s5:10→1"
7	45	"2 so(8)"	"5 so(8)+2 su(3)"	15	47	0	2	3	0	0	0	0	0	"s1:7→1 / s2:5→1 / s3:2→1 / s4:1→1 / s5:1→1"	""
7	45	"2 so(8)"	"5 so(8)+g2+su(2)"	15	54	1	1	3	0	0	0	0	0	"s1:7→1 / s2:5→1 / s3:2→1 / s4:1→1 / s5:1→1"	"s5:11→1"
7	46	"2 so(8)"	"2 so(8)+2 su(3)+2(g2+su(2))"	13	113	1	4	0	0	0	0	0	0	"{s2:2→1 / s3:1→1 / s4:1→1, 6→1 / s5:2→1, 6→1, s2:2→1 / s3:1→1 / s4:1→1, 6→1 / s5:6→1}"	"{s1:7→1 / s5:9→1, s1:7→1 / s5:9→1}"
7	46	"2 so(8)"	"2 so(8)+2 su(3)+2(g2+su(2))"	17	113	1	4	0	0	0	0	0	0	"s2:2→1 / s3:2→1 / s4:1→1 / s5:1→1"	"s1:7→1 / s5:11→1"
7	46	"2 so(8)"	"2 so(8)+2 su(3)+so(7)+2 su(2)"	13	120	2	3	0	0	0	0	0	0	"s1:6→1 / s2:2→1 / s3:1→1 / s4:1→1, 6→1 / s5:1→1, 6→1"	"s4:9→1 / s5:9→1"
7	46	"2 so(8)"	"2 so(8)+3(g2+su(2))"	13	120	2	3	0	0	0	0	0	0	"{s2:2→1 / s3:1→1 / s4:2→1, 6→1 / s5:1→1, 6→1, s2:2→1 / s3:1→1 / s4:2→1, 6→2 / s5:1→1, 6→2, s2:2→1 / s3:1→1 / s4:6→1 / s5:1→1, 2→1, 6→2, s2:2→1 / s3:1→1 / s4:6→1 / s5:1→1, 2→1, 6→3, s2:2→1 / s3:1→1 / s4:6→1 / s5:1→1, 6→1, s2:2→1 / s3:1→1 / s4:6→1 / s5:1→1, 6→2, s2:2→1 / s3:1→1 / s4:6→1 / s5:2→1, 6→2}"	"{s1:7→1 / s4:10→1 / s5:9→1, s1:7→1 / s4:10→1 / s5:9→1, s1:7→1 / s4:10→1 / s5:9→1, s1:7→1 / s4:10→1 / s5:9→1, s1:7→1 / s4:10→1 / s5:9→1, s1:7→1 / s4:10→1 / s5:9→1, s1:7→1 / s4:10→1 / s5:9→1}"
7	46	"2 so(8)"	"2 so(8)+3(g2+su(2))"	14	120	2	3	0	0	0	0	0	0	"{s2:2→1 / s3:1→1 / s4:6→1 / s5:1→1, 6→3, s2:2→1 / s3:1→1 / s4:6→1 / s5:2→1, 6→3, s2:2→1 / s3:1→1 / s4:6→1 / s5:6→1}"	"{s1:7→1 / s4:10→1 / s5:9→1, s1:7→1 / s4:10→1 / s5:9→1, s1:7→1 / s4:10→1 / s5:9→1}"
7	46	"2 so(8)"	"2 so(8)+3(g2+su(2))"	15	120	2	3	0	0	0	0	0	0	"s2:2→1 / s3:1→1 / s4:2→1 / s5:1→1"	"s1:7→1 / s4:10→1 / s5:9→1"
7	46	"2 so(8)"	"2 so(8)+3(g2+su(2))"	21	120	2	3	0	0	0	0	0	0	"s2:2→1 / s3:1→1 / s4:6→1 / s5:1→1, 6→4"	"s1:7→1 / s4:10→1 / s5:9→1"
7	46	"2 so(8)"	"2 so(8)+3(g2+su(2))"	26	120	2	3	0	0	0	0	0	0	"s2:2→1 / s3:1→1 / s4:6→1 / s5:2→1, 6→4"	"s1:7→1 / s4:10→1 / s5:9→1"
7	46	"2 so(8)"	"2 so(8)+4 su(3)+g2+su(2)"	15	106	0	5	0	0	0	0	0	0	"s2:2→1 / s3:2→1 / s4:1→1 / s5:1→1"	"s1:7→1"
7	46	"2 so(8)"	"2 so(8)+g2+su(2)+so(7)+2 su(2)"	13	127	3	2	0	0	0	0	0	0	"{s1:2→1 / s2:1→1 / s3:6→1 / s4:6→1 / s5:1→1, 6→3, s1:2→1 / s2:1→1 / s3:6→1 / s4:6→1 / s5:2→1, 6→2, s1:2→1 / s2:1→1 / s3:6→1 / s4:6→1 / s5:2→1, 6→3, s1:2→1 / s2:1→1 / s3:6→1 / s4:6→1 / s5:6→1}"	"{s3:8→1 / s4:8→1 / s5:9→1, s3:8→1 / s4:9→1 / s5:9→1, s3:8→1 / s4:9→1 / s5:9→1, s3:8→1 / s4:8→1 / s5:9→1}"
7	46	"2 so(8)"	"2 so(8)+g2+su(2)+so(7)+2 su(2)"	14	127	3	2	0	0	0	0	0	0	"{s1:2→1 / s2:1→1 / s3:6→1 / s4:6→1 / s5:1→1, 6→4, s1:2→1 / s2:1→1 / s3:6→1 / s4:6→1 / s5:2→1, 6→4}"	"{s3:8→1 / s4:8→1 / s5:9→1, s3:8→1 / s4:9→1 / s5:9→1}"
7	46	"2 so(8)"	"2 so(8)+su(3)+2(g2+su(2))"	13	121	2	3	0	0	0	0	0	0	"s1:6→1 / s2:2→1 / s3:1→1 / s4:2→1, 6→1 / s5:1→1, 6→1"	"s4:10→1 / s5:9→1"
7	46	"2 so(8)"	"2 so(8)+su(3)+g2+su(2)+so(7)+2 su(2)"	13	119	2	3	0	0	0	0	0	0	"{s2:2→1 / s3:1→1 / s4:2→1, 6→1 / s5:2→1, 6→1, s2:2→1 / s3:1→1 / s4:2→1, 6→1 / s5:2→1, 6→2, s2:2→1 / s3:1→1 / s4:2→1, 6→2 / s5:2→1, 6→2, s2:2→1 / s3:1→1 / s4:6→1 / s5:2→1, 6→1, s2:2→1 / s3:1→1 / s4:6→1 / s5:2→1, 6→2, s2:2→1 / s3:1→1 / s4:6→1 / s5:2→2, 6→3}"	"{s1:7→1 / s4:10→1 / s5:10→1, s1:7→1 / s4:10→1 / s5:10→1, s1:7→1 / s4:10→1 / s5:10→1, s1:7→1 / s4:10→1 / s5:10→1, s1:7→1 / s4:10→1 / s5:10→1, s1:7→1 / s4:10→1 / s5:10→1}"
7	46	"2 so(8)"	"2 so(8)+su(3)+g2+su(2)+so(7)+2 su(2)"	14	119	2	3	0	0	0	0	0	0	"{s2:2→1 / s3:1→1 / s4:6→1 / s5:2→1, 6→3, s2:2→1 / s3:1→1 / s4:6→1 / s5:6→1}"	"{s1:7→1 / s4:10→1 / s5:10→1, s1:7→1 / s4:10→1 / s5:10→1}"
7	46	"2 so(8)"	"2 so(8)+su(3)+g2+su(2)+so(7)+2 su(2)"	16	119	2	3	0	0	0	0	0	0	"s2:2→1 / s3:1→1 / s4:2→1 / s5:2→1"	"s1:7→1 / s4:10→1 / s5:10→1"
7	46	"2 so(8)"	"2 so(8)+su(3)+g2+su(2)+so(7)+2 su(2)"	21	119	2	3	0	0	0	0	0	0	"s2:2→1 / s3:1→1 / s4:6→1 / s5:2→1, 6→4"	"s1:7→1 / s4:10→1 / s5:10→1"
7	46	"2 so(8)"	"3 so(8)+g2+su(2)+so(7)+2 su(2)"	13	99	2	2	1	0	0	0	0	0	"s1:2→1 / s3:1→1 / s4:6→1 / s5:6→1"	"s2:7→1 / s4:10→1 / s5:10→1"
7	46	"2 so(8)"	"3 so(8)+g2+su(2)+so(7)+2 su(2)"	14	99	2	2	1	0	0	0	0	0	"s1:2→1 / s3:1→1 / s4:6→1 / s5:6→2"	"s2:7→1 / s4:10→1 / s5:10→1"
7	46	"2 so(8)"	"3 so(8)+g2+su(2)+so(7)+2 su(2)"	15	99	2	2	1	0	0	0	0	0	"s1:2→1 / s3:1→1 / s4:6→2 / s5:6→2"	"s2:7→1 / s4:10→1 / s5:10→1"
7	46	"2 so(8)"	"3 so(8)+su(3)+2(g2+su(2))"	14	93	1	3	1	0	0	0	0	0	"s1:2→1 / s3:6→1 / s4:1→1 / s5:6→1"	"s2:7→1 / s5:11→1"
7	46	"2 so(8)"	"3 so(8)+su(3)+2(g2+su(2))"	16	93	1	3	1	0	0	0	0	0	"s1:2→1 / s3:6→1 / s4:1→1 / s5:1→1, 6→1"	"s2:7→1 / s5:11→1"
7	46	"2 so(8)"	"3 so(8)+su(3)+so(7)+2 su(2)"	14	100	2	2	1	0	0	0	0	0	"s1:2→1 / s2:6→1 / s3:1→1 / s4:6→1 / s5:6→1"	"s4:10→1 / s5:10→1"
7	48	"2 so(8)+su(3)"	"2 so(8)+2 su(3)+2(g2+su(2))"	13	113	2	3	0	0	0	0	0	0	"s1:7→1 / s2:3→1 / s3:3→1 / s4:2→1"	"s4:8→1 / s5:1→1"
7	48	"2 so(8)+su(3)"	"2 so(8)+3(g2+su(2))"	13	120	3	2	0	0	0	0	0	0	"{s1:7→1 / s2:3→1 / s3:3→1 / s4:2→1, s1:7→1 / s2:3→1 / s3:3→1 / s4:2→1, 7→1, s1:7→1 / s2:3→1 / s3:7→1 / s4:3→1}"	"{s3:8→1 / s4:9→1 / s5:1→1, s3:8→1 / s4:9→1 / s5:1→1, s3:9→1 / s4:8→1 / s5:1→1}"
7	48	"2 so(8)+su(3)"	"2 so(8)+3 su(3)+so(7)+2 su(2)"	13	112	2	3	0	0	0	0	0	0	"{s1:7→1 / s2:3→1 / s3:2→1 / s4:3→1 / s5:3→1, s1:7→1 / s2:3→1 / s3:3→1, s1:7→1 / s2:3→1 / s3:3→1, 7→1, s1:7→1 / s2:3→1 / s3:3→1 / s4:2→1 / s5:2→1, s1:7→1 / s2:7→1 / s3:3→1}"	"{s4:8→1 / s5:8→1, s4:1→1 / s5:1→1, s4:1→1 / s5:1→1, s4:8→1 / s5:8→1, s4:1→1 / s5:1→1}"
7	48	"2 so(8)+su(3)"	"2 so(8)+4 su(3)+g2+su(2)"	13	106	1	4	0	0	0	0	0	0	"s1:7→1 / s2:7→1 / s3:3→1 / s4:3→1"	"s5:1→1"
7	48	"2 so(8)+su(3)"	"2 so(8)+6 su(3)"	13	99	0	5	0	0	0	0	0	0	"s1:7→1 / s2:7→1 / s3:3→1 / s4:3→1 / s5:2→1"	""
7	48	"2 so(8)+su(3)"	"2 so(8)+su(3)+g2+su(2)+so(7)+2 su(2)"	13	119	3	2	0	0	0	0	0	0	"{s1:7→1 / s2:3→1 / s3:3→1, s1:7→1 / s2:3→1 / s3:3→1, s1:7→1 / s2:3→1 / s3:3→1, 7→1, s1:7→1 / s2:3→1 / s3:3→1, 7→1, s1:7→1 / s2:3→1 / s3:3→1, 7→1 / s5:7→1, s1:7→1 / s2:3→1 / s3:3→1, 7→2, s1:7→1 / s2:3→1 / s3:3→1 / s4:2→1, s1:7→1 / s2:3→1 / s3:3→1 / s4:2→1, 3→1, s1:7→1 / s2:3→1 / s3:3→1 / s4:2→1 / s5:2→1, s1:7→1 / s2:3→1 / s3:3→1 / s4:2→1 / s5:3→1, s1:7→1 / s2:3→1 / s3:3→1 / s4:3→1, s1:7→1 / s2:3→1 / s3:3→1 / s5:3→1, s1:7→1 / s2:3→1 / s3:3→1 / s5:3→1, 7→1, s1:7→1 / s2:3→1 / s3:3→2, s1:7→1 / s2:3→1 / s3:3→2, 7→1, s1:7→1 / s2:3→1 / s3:3→3, s1:7→1 / s2:3→1 / s3:3→3, 7→1, s1:7→1 / s2:3→1 / s3:3→4, s1:7→1 / s2:3→1 / s3:3→4, 7→1, s1:7→1 / s2:3→1 / s3:7→1, s1:7→1 / s2:3→1 / s3:7→1 / s4:2→1, 7→1, s1:7→1 / s2:3→1 / s3:7→1 / s5:3→1, 7→1, s1:7→1 / s2:3→1 / s3:7→1 / s5:7→1}"	"{s3:8→1 / s4:1→1 / s5:1→1, s3:9→1 / s4:1→1 / s5:1→1, s3:8→1 / s4:1→1 / s5:1→1, s3:9→1 / s4:1→1 / s5:1→1, s3:9→1 / s4:1→1 / s5:1→1, s3:9→1 / s4:1→1 / s5:1→1, s3:8→1 / s4:8→1 / s5:1→1, s3:8→1 / s4:8→1 / s5:1→1, s3:8→1 / s4:8→1 / s5:9→1, s3:8→1 / s4:8→1 / s5:1→1, s3:8→1 / s4:8→1 / s5:1→1, s3:8→1 / s4:1→1 / s5:1→1, s3:8→1 / s4:1→1 / s5:1→1, s3:8→1 / s4:1→1 / s5:1→1, s3:8→1 / s4:1→1 / s5:1→1, s3:8→1 / s4:1→1 / s5:1→1, s3:8→1 / s4:1→1 / s5:1→1, s3:8→1 / s4:1→1 / s5:1→1, s3:8→1 / s4:1→1 / s5:1→1, s3:9→1 / s4:1→1 / s5:1→1, s3:9→1 / s4:9→1 / s5:1→1, s3:9→1 / s4:1→1 / s5:1→1, s3:9→1 / s4:1→1 / s5:1→1}"
7	48	"2 so(8)+su(3)"	"2 so(8)+su(3)+g2+su(2)+so(7)+2 su(2)"	15	119	3	2	0	0	0	0	0	0	"s1:7→1 / s2:3→1 / s3:7→1 / s4:7→1"	"s3:9→1 / s4:9→1 / s5:1→1"
7	48	"2 so(8)+su(3)"	"3 so(8)+2 su(3)+so(7)+2 su(2)"	14	92	2	2	1	0	0	0	0	0	"{s1:3→1 / s2:7→1 / s3:7→1, s1:7→1 / s2:3→1 / s3:3→1}"	"{s4:1→1 / s5:1→1, s4:1→1 / s5:1→1}"
7	48	"2 so(8)+su(3)"	"3 so(8)+g2+su(2)+so(7)+2 su(2)"	13	99	3	1	1	0	0	0	0	0	"s1:7→1 / s2:3→1 / s3:3→1"	"s3:9→1 / s4:1→1 / s5:1→1"
7	49	"2 so(8)+su(3)"	"2 so(8)+2 su(3)+2(g2+su(2))"	13	113	2	3	0	0	0	0	0	0	"{s1:7→1 / s2:5→1 / s3:1→1 / s4:3→1 / s5:1→1, 3→1, 7→1, s1:7→1 / s2:5→1 / s3:1→1 / s4:3→1 / s5:3→1, s1:7→1 / s2:5→1 / s3:1→1 / s4:3→1 / s5:3→1, 7→1, s1:7→1 / s2:7→1 / s3:1→1 / s4:5→1}"	"{s4:10→1 / s5:8→1, s4:8→1 / s5:10→1, s4:8→1 / s5:10→1, s4:10→1 / s5:4→1}"
7	49	"2 so(8)+su(3)"	"2 so(8)+2 su(3)+2(g2+su(2))"	14	113	2	3	0	0	0	0	0	0	"s1:7→1 / s2:7→1 / s3:1→1 / s5:3→1, 5→1"	"s4:4→1 / s5:10→1"
7	49	"2 so(8)+su(3)"	"2 so(8)+3(g2+su(2))"	13	120	3	2	0	0	0	0	0	0	"{s1:7→1 / s2:1→1 / s3:5→1 / s4:3→1 / s5:1→1, s1:7→1 / s2:1→1 / s3:5→1 / s4:3→1 / s5:1→1, 7→1, s1:7→1 / s2:1→1 / s3:5→1 / s5:3→1, s1:7→1 / s2:1→1 / s3:7→1 / s5:1→1, s1:7→1 / s2:1→1 / s4:3→1, 7→1 / s5:1→1, 5→1, s1:7→1 / s2:1→1 / s4:3→1 / s5:1→1}"	"{s3:9→1 / s4:8→1 / s5:4→1, s3:9→1 / s4:8→1 / s5:4→1, s3:9→1 / s4:4→1 / s5:8→1, s3:9→1 / s4:4→1 / s5:8→1, s3:4→1 / s4:9→1 / s5:8→1, s3:4→1 / s4:9→1 / s5:8→1}"
7	49	"2 so(8)+su(3)"	"2 so(8)+3 su(3)+so(7)+2 su(2)"	13	112	2	3	0	0	0	0	0	0	"{s1:7→1 / s2:5→1 / s3:1→1 / s4:3→1, 7→1 / s5:3→1, 7→1, s1:7→1 / s2:5→1 / s3:1→1 / s4:3→1 / s5:3→1, s1:7→1 / s2:5→1 / s3:1→1 / s4:3→1 / s5:3→1, 7→1, s1:7→1 / s2:5→1 / s3:1→1 / s4:7→1 / s5:3→1, 7→1, s1:7→1 / s2:7→1 / s3:1→1, s1:7→1 / s2:7→1 / s3:1→1 / s4:5→1 / s5:5→1}"	"{s4:10→1 / s5:10→1, s4:8→1 / s5:8→1, s4:10→1 / s5:10→1, s4:10→1 / s5:10→1, s4:4→1 / s5:4→1, s4:10→1 / s5:10→1}"
7	49	"2 so(8)+su(3)"	"2 so(8)+3 su(3)+so(7)+2 su(2)"	14	112	2	3	0	0	0	0	0	0	"{s1:7→1 / s2:7→1 / s3:1→1 / s4:3→1, 5→1 / s5:3→1, 5→1, s1:7→1 / s2:7→1 / s3:1→1 / s4:5→1 / s5:3→1, 5→1}"	"{s4:10→1 / s5:10→1, s4:10→1 / s5:10→1}"
7	49	"2 so(8)+su(3)"	"2 so(8)+3 su(3)+so(7)+2 su(2)"	54	112	2	3	0	0	0	0	0	0	"s1:7→1 / s2:1→1 / s3:1→1, 7→1"	"s4:4→1 / s5:4→1"
7	49	"2 so(8)+su(3)"	"2 so(8)+4 su(3)+g2+su(2)"	13	106	1	4	0	0	0	0	0	0	"{s1:7→1 / s2:7→1 / s3:1→1 / s4:1→1, s1:7→1 / s2:7→1 / s3:3→1 / s4:1→1 / s5:5→1, s1:7→1 / s2:7→1 / s3:3→1 / s4:1→1 / s5:5→2}"	"{s5:4→1, s5:11→1, s5:11→1}"
7	49	"2 so(8)+su(3)"	"2 so(8)+4 su(3)+g2+su(2)"	14	106	1	4	0	0	0	0	0	0	"{s1:7→1 / s2:7→1 / s3:1→1 / s4:1→1 / s5:3→1, 5→1, s1:7→1 / s2:7→1 / s3:3→1 / s4:1→1 / s5:1→1, 5→2, s1:7→1 / s2:7→1 / s3:3→1 / s4:1→1 / s5:1→1, 5→3, s1:7→1 / s2:7→1 / s3:3→1 / s4:1→1 / s5:1→1, 5→4}"	"{s5:4→1, s5:11→1, s5:11→1, s5:11→1}"
7	49	"2 so(8)+su(3)"	"2 so(8)+4 su(3)+g2+su(2)"	17	106	1	4	0	0	0	0	0	0	"s1:7→1 / s2:7→1 / s3:3→1 / s4:1→1 / s5:1→1, 5→1"	"s5:11→1"
7	49	"2 so(8)+su(3)"	"2 so(8)+6 su(3)"	13	99	0	5	0	0	0	0	0	0	"{s1:7→1 / s2:5→1 / s3:3→1 / s4:1→1 / s5:1→1, 7→1, s1:7→1 / s2:7→1 / s3:3→1, 5→1 / s4:1→1 / s5:1→1, s1:7→1 / s2:7→1 / s3:3→1 / s4:1→1 / s5:1→1, 5→1}"	""
7	49	"2 so(8)+su(3)"	"2 so(8)+6 su(3)"	14	99	0	5	0	0	0	0	0	0	"s1:7→1 / s2:7→1 / s3:5→1 / s4:3→1 / s5:1→1"	""
7	49	"2 so(8)+su(3)"	"2 so(8)+su(3)+g2+su(2)+so(7)+2 su(2)"	13	119	3	2	0	0	0	0	0	0	"{s1:7→1 / s2:1→1 / s3:3→1 / s4:1→1, 5→1 / s5:1→1, s1:7→1 / s2:1→1 / s3:3→1 / s4:1→1 / s5:1→1, 5→1, s1:7→1 / s2:1→1 / s3:3→1 / s4:3→1, 5→1 / s5:1→1, 5→1, s1:7→1 / s2:1→1 / s3:3→1 / s4:3→1 / s5:1→1, s1:7→1 / s2:1→1 / s3:5→1 / s4:3→1 / s5:3→1, 5→1, s1:7→1 / s2:1→1 / s3:5→1 / s4:3→1 / s5:3→1, 5→1, s1:7→1 / s2:1→1 / s3:5→1 / s4:3→1 / s5:3→1, 5→1, 7→1, s1:7→1 / s2:1→1 / s3:5→1 / s4:3→1 / s5:3→1, 7→1, s1:7→1 / s2:1→1 / s3:5→1 / s5:3→1, s1:7→1 / s2:1→1 / s4:1→1, 5→1 / s5:1→1, 3→1, s1:7→1 / s2:1→1 / s4:1→1 / s5:1→1, s1:7→1 / s2:1→1 / s4:1→1 / s5:1→1, 3→1, s1:7→1 / s2:1→1 / s4:1→1 / s5:1→1, 3→1, 5→1, s1:7→1 / s2:1→1 / s4:1→1 / s5:1→1, 5→1, s1:7→1 / s2:1→1 / s4:1→1 / s5:1→1, 7→1, s1:7→1 / s2:1→1 / s4:3→1 / s5:1→1, 5→1}"	"{s3:8→1 / s4:8→1 / s5:4→1, s3:8→1 / s4:8→1 / s5:4→1, s3:8→1 / s4:9→1 / s5:8→1, s3:8→1 / s4:9→1 / s5:8→1, s3:8→1 / s4:8→1 / s5:9→1, s3:9→1 / s4:8→1 / s5:9→1, s3:9→1 / s4:8→1 / s5:9→1, s3:9→1 / s4:8→1 / s5:9→1, s3:8→1 / s4:4→1 / s5:8→1, s3:4→1 / s4:8→1 / s5:8→1, s3:4→1 / s4:8→1 / s5:4→1, s3:4→1 / s4:8→1 / s5:8→1, s3:4→1 / s4:8→1 / s5:8→1, s3:4→1 / s4:8→1 / s5:8→1, s3:4→1 / s4:8→1 / s5:4→1, s3:4→1 / s4:8→1 / s5:8→1}"
7	49	"2 so(8)+su(3)"	"3 so(8)+2 su(3)+so(7)+2 su(2)"	14	92	2	2	1	0	0	0	0	0	"{s1:7→1 / s2:1→1 / s3:1→1, s1:7→1 / s2:3→1 / s3:1→1 / s4:5→1 / s5:5→1}"	"{s4:4→1 / s5:4→1, s4:10→1 / s5:10→1}"
7	49	"2 so(8)+su(3)"	"3 so(8)+5 su(3)"	14	79	0	4	1	0	0	0	0	0	"s1:7→1 / s2:5→1 / s3:3→1 / s4:1→1 / s5:1→1"	""
7	49	"2 so(8)+su(3)"	"3 so(8)+g2+su(2)+so(7)+2 su(2)"	13	99	3	1	1	0	0	0	0	0	"s1:7→1 / s2:1→1 / s3:5→1 / s5:3→1"	"s3:9→1 / s4:4→1 / s5:9→1"
