"TH+1"	"index"	"LST gauge algebra"	"full gauge algebra"	"Tmin"	"Delta"	"n2"	"n3"	"n4"	"n5"	"n6"	"n7"	"n8"	"n12"	"On -1"	"On -2/-3"
26	1	"2 e8+f4+3(g2+su(2))"	"2 e8+2 f4+3(g2+su(2))"	26	127	0	0	0	1	0	0	0	0	"[""s1:1->1""]"	"[""""]"
26	1	"2 e8+f4+3(g2+su(2))"	"2 e8+f4+so(8)+3(g2+su(2))"	26	151	0	0	1	0	0	0	0	0	"[""s1:1->1""]"	"[""""]"
26	1	"2 e8+f4+3(g2+su(2))"	"2 e8+f4+su(3)+3(g2+su(2))"	26	171	0	1	0	0	0	0	0	0	"[""s1:1->1""]"	"[""""]"
26	1	"2 e8+f4+3(g2+su(2))"	"2 e8+f4+su(3)+3(g2+su(2))"	33	171	0	1	0	0	0	0	0	0	"[""s1:1->2""]"	"[""""]"
26	1	"2 e8+f4+3(g2+su(2))"	"2 e8+f4+su(3)+3(g2+su(2))"	34	171	0	1	0	0	0	0	0	0	"[""s1:1->3""]"	"[""""]"
26	2	"2 e8+f4+3(g2+su(2))"	"2 e8+2 f4+3(g2+su(2))"	26	127	0	0	0	1	0	0	0	0	"[""s1:1->1""]"	"[""""]"
26	2	"2 e8+f4+3(g2+su(2))"	"2 e8+f4+so(8)+3(g2+su(2))"	26	151	0	0	1	0	0	0	0	0	"[""s1:1->1""]"	"[""""]"
26	2	"2 e8+f4+3(g2+su(2))"	"2 e8+f4+su(3)+3(g2+su(2))"	26	171	0	1	0	0	0	0	0	0	"[""s1:1->1""]"	"[""""]"
26	2	"2 e8+f4+3(g2+su(2))"	"2 e8+f4+su(3)+3(g2+su(2))"	33	171	0	1	0	0	0	0	0	0	"[""s1:1->2""]"	"[""""]"
26	2	"2 e8+f4+3(g2+su(2))"	"2 e8+f4+su(3)+3(g2+su(2))"	34	171	0	1	0	0	0	0	0	0	"[""s1:1->3""]"	"[""""]"
26	3	"2 e8+f4+su(3)+3(g2+su(2))"	"2 e8+f4+2 su(3)+3(g2+su(2))"	32	163	0	1	0	0	0	0	0	0	"[""s1:2->1"",""s1:2->2""]"	"["""",""""]"
26	3	"2 e8+f4+su(3)+3(g2+su(2))"	"2 e8+f4+4(g2+su(2))"	26	170	1	0	0	0	0	0	0	0	"[""""]"	"[""s1:1->1""]"
26	3	"2 e8+f4+su(3)+3(g2+su(2))"	"2 e8+f4+4(g2+su(2))"	32	170	1	0	0	0	0	0	0	0	"[""s1:2->1"",""s1:2->2"",""s1:2->3"",""s1:2->4"",""s1:2->5""]"	"[""s1:1->1"",""s1:1->1"",""s1:1->1"",""s1:1->1"",""s1:1->1""]"
26	4	"2 e8+f4+3(g2+su(2))"	"2 e8+2 f4+3(g2+su(2))"	26	127	0	0	0	1	0	0	0	0	"[""s1:1->1""]"	"[""""]"
26	4	"2 e8+f4+3(g2+su(2))"	"2 e8+f4+4(g2+su(2))"	26	170	0	1	0	0	0	0	0	0	"["""",""""]"	"[""s1:20->1"",""s1:26->1""]"
26	4	"2 e8+f4+3(g2+su(2))"	"2 e8+f4+4(g2+su(2))"	29	170	0	1	0	0	0	0	0	0	"[""s1:1->1"",""s1:1->1""]"	"[""s1:20->1"",""s1:26->1""]"
26	4	"2 e8+f4+3(g2+su(2))"	"2 e8+f4+4(g2+su(2))"	31	170	0	1	0	0	0	0	0	0	"[""s1:1->2"",""s1:1->2""]"	"[""s1:20->1"",""s1:26->1""]"
26	4	"2 e8+f4+3(g2+su(2))"	"2 e8+f4+so(8)+3(g2+su(2))"	26	151	0	0	1	0	0	0	0	0	"[""s1:1->1""]"	"[""""]"
26	4	"2 e8+f4+3(g2+su(2))"	"2 e8+f4+su(3)+3(g2+su(2))"	26	171	0	1	0	0	0	0	0	0	"[""s1:1->1""]"	"[""""]"
26	4	"2 e8+f4+3(g2+su(2))"	"2 e8+f4+su(3)+3(g2+su(2))"	33	171	0	1	0	0	0	0	0	0	"[""s1:1->2""]"	"[""""]"
26	4	"2 e8+f4+3(g2+su(2))"	"2 e8+f4+su(3)+3(g2+su(2))"	34	171	0	1	0	0	0	0	0	0	"[""s1:1->3""]"	"[""""]"
26	5	"2 e8+f4+su(3)+3(g2+su(2))"	"2 e8+f4+2 su(3)+3(g2+su(2))"	32	163	0	1	0	0	0	0	0	0	"[""s1:2->1"",""s1:2->2""]"	"["""",""""]"
26	5	"2 e8+f4+su(3)+3(g2+su(2))"	"2 e8+f4+4(g2+su(2))"	26	170	1	0	0	0	0	0	0	0	"[""""]"	"[""s1:1->1""]"
26	5	"2 e8+f4+su(3)+3(g2+su(2))"	"2 e8+f4+4(g2+su(2))"	32	170	1	0	0	0	0	0	0	0	"[""s1:2->1"",""s1:2->2"",""s1:2->3"",""s1:2->4"",""s1:2->5""]"	"[""s1:1->1"",""s1:1->1"",""s1:1->1"",""s1:1->1"",""s1:1->1""]"
26	6	"2 e8+f4+su(3)+3(g2+su(2))"	"2 e8+f4+2 su(3)+3(g2+su(2))"	32	163	0	1	0	0	0	0	0	0	"[""s1:25->1"",""s1:25->2""]"	"["""",""""]"
26	6	"2 e8+f4+su(3)+3(g2+su(2))"	"2 e8+f4+4(g2+su(2))"	26	170	1	0	0	0	0	0	0	0	"[""""]"	"[""s1:26->1""]"
26	6	"2 e8+f4+su(3)+3(g2+su(2))"	"2 e8+f4+4(g2+su(2))"	32	170	1	0	0	0	0	0	0	0	"[""s1:25->1"",""s1:25->2"",""s1:25->3"",""s1:25->4"",""s1:25->5""]"	"[""s1:26->1"",""s1:26->1"",""s1:26->1"",""s1:26->1"",""s1:26->1""]"
26	6	"2 e8+f4+su(3)+3(g2+su(2))"	"2 e8+f4+su(3)+4(g2+su(2))"	26	162	0	1	0	0	0	0	0	0	"["""",""""]"	"[""s1:1->1"",""s1:4->1""]"
26	6	"2 e8+f4+su(3)+3(g2+su(2))"	"2 e8+f4+su(3)+4(g2+su(2))"	31	162	0	1	0	0	0	0	0	0	"[""s1:25->1"",""s1:25->1""]"	"[""s1:1->1"",""s1:4->1""]"
26	7	"2 e8+f4+4(g2+su(2))"	"2 e8+2 f4+4(g2+su(2))"	26	118	0	0	0	1	0	0	0	0	"[""s1:26->1""]"	"[""""]"
26	7	"2 e8+f4+4(g2+su(2))"	"2 e8+f4+5(g2+su(2))"	30	161	0	1	0	0	0	0	0	0	"["""",""s1:26->1"",""s1:26->2""]"	"[""s1:5->1"",""s1:5->1"",""s1:5->1""]"
26	7	"2 e8+f4+4(g2+su(2))"	"2 e8+f4+so(8)+4(g2+su(2))"	26	142	0	0	1	0	0	0	0	0	"[""s1:26->1""]"	"[""""]"
26	7	"2 e8+f4+4(g2+su(2))"	"2 e8+f4+su(3)+4(g2+su(2))"	26	162	0	1	0	0	0	0	0	0	"[""s1:26->1""]"	"[""""]"
26	7	"2 e8+f4+4(g2+su(2))"	"2 e8+f4+su(3)+4(g2+su(2))"	33	162	0	1	0	0	0	0	0	0	"[""s1:26->2""]"	"[""""]"
26	7	"2 e8+f4+4(g2+su(2))"	"2 e8+f4+su(3)+4(g2+su(2))"	34	162	0	1	0	0	0	0	0	0	"[""s1:26->3""]"	"[""""]"
26	7	"2 e8+f4+4(g2+su(2))"	"2 e8+f4+su(3)+4(g2+su(2))"	35	162	0	1	0	0	0	0	0	0	"[""s1:26->4"",""s1:26->5""]"	"["""",""""]"
26	8	"e8+e7+2 f4+4(g2+su(2))"	"e8+2 e7+2 f4+4(g2+su(2))"	26	100	0	0	0	0	0	0	1	0	"[""s1:1->1""]"	"[""""]"
26	8	"e8+e7+2 f4+4(g2+su(2))"	"e8+e7+2 f4+5(g2+su(2))"	26	224	0	1	0	0	0	0	0	0	"[""""]"	"[""s1:26->1""]"
26	8	"e8+e7+2 f4+4(g2+su(2))"	"e8+e7+2 f4+5(g2+su(2))"	27	224	0	1	0	0	0	0	0	0	"[""s1:1->1""]"	"[""s1:26->1""]"
26	8	"e8+e7+2 f4+4(g2+su(2))"	"e8+e7+2 f4+so(8)+4(g2+su(2))"	26	205	0	0	1	0	0	0	0	0	"[""s1:1->1""]"	"[""""]"
26	8	"e8+e7+2 f4+4(g2+su(2))"	"e8+e7+2 f4+su(3)+4(g2+su(2))"	26	225	0	1	0	0	0	0	0	0	"[""s1:1->1""]"	"[""""]"
26	8	"e8+e7+2 f4+4(g2+su(2))"	"e8+e7+3 f4+4(g2+su(2))"	26	181	0	0	0	1	0	0	0	0	"[""s1:1->1""]"	"[""""]"
26	8	"e8+e7+2 f4+4(g2+su(2))"	"e8+e7+e6+2 f4+4(g2+su(2))"	26	155	0	0	0	0	1	0	0	0	"[""s1:1->1""]"	"[""""]"
26	8	"e8+e7+2 f4+4(g2+su(2))"	"e8+e7+e7'+2 f4+4(g2+su(2))"	26	128	0	0	0	0	0	1	0	0	"[""s1:1->1""]"	"[""""]"
26	9	"2 e8+f4+4(g2+su(2))"	"2 e8+f4+3(g2+su(2))+so(7)+2 su(2)"	30	168	1	0	0	0	0	0	0	0	"[""""]"	"[""s1:25->1""]"
26	9	"2 e8+f4+4(g2+su(2))"	"2 e8+f4+3(g2+su(2))+so(7)+2 su(2)"	31	168	1	0	0	0	0	0	0	0	"[""s1:24->1"",""s1:24->2""]"	"[""s1:25->1"",""s1:25->1""]"
26	9	"2 e8+f4+4(g2+su(2))"	"2 e8+f4+5(g2+su(2))"	26	161	0	1	0	0	0	0	0	0	"["""",""""]"	"[""s1:1->1"",""s1:4->1""]"
26	9	"2 e8+f4+4(g2+su(2))"	"2 e8+f4+su(3)+4(g2+su(2))"	32	162	0	1	0	0	0	0	0	0	"[""s1:24->1""]"	"[""""]"
26	10	"2 e8+f4+su(3)+4(g2+su(2))"	"2 e8+f4+2 su(3)+4(g2+su(2))"	32	154	0	1	0	0	0	0	0	0	"[""s1:25->1"",""s1:25->2""]"	"["""",""""]"
26	10	"2 e8+f4+su(3)+4(g2+su(2))"	"2 e8+f4+5(g2+su(2))"	26	161	1	0	0	0	0	0	0	0	"[""""]"	"[""s1:26->1""]"
26	10	"2 e8+f4+su(3)+4(g2+su(2))"	"2 e8+f4+5(g2+su(2))"	32	161	1	0	0	0	0	0	0	0	"[""s1:25->1"",""s1:25->2"",""s1:25->3"",""s1:25->4"",""s1:25->5""]"	"[""s1:26->1"",""s1:26->1"",""s1:26->1"",""s1:26->1"",""s1:26->1""]"
26	10	"2 e8+f4+su(3)+4(g2+su(2))"	"2 e8+f4+su(3)+5(g2+su(2))"	30	153	0	1	0	0	0	0	0	0	"[""""]"	"[""s1:5->1""]"
26	10	"2 e8+f4+su(3)+4(g2+su(2))"	"2 e8+f4+su(3)+5(g2+su(2))"	31	153	0	1	0	0	0	0	0	0	"[""s1:25->1""]"	"[""s1:5->1""]"
26	11	"e8+e7+2 f4+su(3)+3(g2+su(2))+so(7)+2 su(2)"	"e8+2 e7+2 f4+su(3)+3(g2+su(2))+so(7)+2 su(2)"	26	90	0	0	0	0	0	0	1	0	"[""s1:1->1""]"	"[""""]"
26	11	"e8+e7+2 f4+su(3)+3(g2+su(2))+so(7)+2 su(2)"	"e8+e7+2 f4+2 su(3)+3(g2+su(2))+so(7)+2 su(2)"	26	215	0	1	0	0	0	0	0	0	"[""s1:1->1""]"	"[""""]"
26	11	"e8+e7+2 f4+su(3)+3(g2+su(2))+so(7)+2 su(2)"	"e8+e7+2 f4+2 su(3)+3(g2+su(2))+so(7)+2 su(2)"	28	215	0	1	0	0	0	0	0	0	"[""s1:1->1, 23->1"",""s1:1->2, 23->1""]"	"["""",""""]"
26	11	"e8+e7+2 f4+su(3)+3(g2+su(2))+so(7)+2 su(2)"	"e8+e7+2 f4+4(g2+su(2))+so(7)+2 su(2)"	26	222	1	0	0	0	0	0	0	0	"[""""]"	"[""s1:26->1""]"
26	11	"e8+e7+2 f4+su(3)+3(g2+su(2))+so(7)+2 su(2)"	"e8+e7+2 f4+4(g2+su(2))+so(7)+2 su(2)"	27	222	1	0	0	0	0	0	0	0	"[""s1:1->1""]"	"[""s1:26->1""]"
26	11	"e8+e7+2 f4+su(3)+3(g2+su(2))+so(7)+2 su(2)"	"e8+e7+2 f4+4(g2+su(2))+so(7)+2 su(2)"	31	222	1	0	0	0	0	0	0	0	"[""s1:1->4"",""s1:1->5"",""s1:23->1"",""s1:23->2"",""s1:23->3"",""s1:23->4"",""s1:23->5""]"	"[""s1:26->1"",""s1:26->1"",""s1:26->1"",""s1:26->1"",""s1:26->1"",""s1:26->1"",""s1:26->1""]"
26	11	"e8+e7+2 f4+su(3)+3(g2+su(2))+so(7)+2 su(2)"	"e8+e7+2 f4+so(8)+su(3)+3(g2+su(2))+so(7)+2 su(2)"	26	195	0	0	1	0	0	0	0	0	"[""s1:1->1""]"	"[""""]"
26	11	"e8+e7+2 f4+su(3)+3(g2+su(2))+so(7)+2 su(2)"	"e8+e7+3 f4+su(3)+3(g2+su(2))+so(7)+2 su(2)"	26	171	0	0	0	1	0	0	0	0	"[""s1:1->1""]"	"[""""]"
26	11	"e8+e7+2 f4+su(3)+3(g2+su(2))+so(7)+2 su(2)"	"e8+e7+e6+2 f4+su(3)+3(g2+su(2))+so(7)+2 su(2)"	26	145	0	0	0	0	1	0	0	0	"[""s1:1->1""]"	"[""""]"
26	11	"e8+e7+2 f4+su(3)+3(g2+su(2))+so(7)+2 su(2)"	"e8+e7+e7'+2 f4+su(3)+3(g2+su(2))+so(7)+2 su(2)"	26	118	0	0	0	0	0	1	0	0	"[""s1:1->1""]"	"[""""]"
26	12	"2 e8+f4+3(g2+su(2))"	"2 e8+2 f4+3(g2+su(2))"	26	127	0	0	0	1	0	0	0	0	"[""s1:1->1""]"	"[""""]"
26	12	"2 e8+f4+3(g2+su(2))"	"2 e8+f4+so(8)+3(g2+su(2))"	26	151	0	0	1	0	0	0	0	0	"[""s1:1->1""]"	"[""""]"
26	12	"2 e8+f4+3(g2+su(2))"	"2 e8+f4+su(3)+3(g2+su(2))"	26	171	0	1	0	0	0	0	0	0	"[""s1:1->1""]"	"[""""]"
26	12	"2 e8+f4+3(g2+su(2))"	"2 e8+f4+su(3)+3(g2+su(2))"	33	171	0	1	0	0	0	0	0	0	"[""s1:1->2""]"	"[""""]"
26	12	"2 e8+f4+3(g2+su(2))"	"2 e8+f4+su(3)+3(g2+su(2))"	34	171	0	1	0	0	0	0	0	0	"[""s1:1->3""]"	"[""""]"
26	13	"e8+e7+2 f4+3(g2+su(2))+so(7)+2 su(2)"	"e8+2 e7+2 f4+3(g2+su(2))+so(7)+2 su(2)"	26	98	0	0	0	0	0	0	1	0	"[""s1:26->1""]"	"[""""]"
26	13	"e8+e7+2 f4+3(g2+su(2))+so(7)+2 su(2)"	"e8+e7+2 f4+so(8)+3(g2+su(2))+so(7)+2 su(2)"	26	203	0	0	1	0	0	0	0	0	"[""s1:26->1""]"	"[""""]"
26	13	"e8+e7+2 f4+3(g2+su(2))+so(7)+2 su(2)"	"e8+e7+2 f4+su(3)+3(g2+su(2))+so(7)+2 su(2)"	26	223	0	1	0	0	0	0	0	0	"[""s1:1->1"",""s1:26->1"",""s1:2->1""]"	"["""","""",""""]"
26	13	"e8+e7+2 f4+3(g2+su(2))+so(7)+2 su(2)"	"e8+e7+2 f4+su(3)+3(g2+su(2))+so(7)+2 su(2)"	27	223	0	1	0	0	0	0	0	0	"[""s1:1->1, 26->1"",""s1:2->1, 26->1""]"	"["""",""""]"
26	13	"e8+e7+2 f4+3(g2+su(2))+so(7)+2 su(2)"	"e8+e7+3 f4+3(g2+su(2))+so(7)+2 su(2)"	26	179	0	0	0	1	0	0	0	0	"[""s1:26->1""]"	"[""""]"
26	13	"e8+e7+2 f4+3(g2+su(2))+so(7)+2 su(2)"	"e8+e7+e6+2 f4+3(g2+su(2))+so(7)+2 su(2)"	26	153	0	0	0	0	1	0	0	0	"[""s1:26->1""]"	"[""""]"
26	13	"e8+e7+2 f4+3(g2+su(2))+so(7)+2 su(2)"	"e8+e7+e7'+2 f4+3(g2+su(2))+so(7)+2 su(2)"	26	126	0	0	0	0	0	1	0	0	"[""s1:26->1""]"	"[""""]"
26	14	"e8+e7'+2 f4+4(g2+su(2))"	"2 e8+e7'+2 f4+4(g2+su(2))"	26	13	0	0	0	0	0	0	0	1	"[""s1:26->1""]"	"[""""]"
26	14	"e8+e7'+2 f4+4(g2+su(2))"	"e8+2 e7'+2 f4+4(g2+su(2))"	26	156	0	0	0	0	0	1	0	0	"[""s1:26->1""]"	"[""""]"
26	14	"e8+e7'+2 f4+4(g2+su(2))"	"e8+e7'+2 f4+so(8)+4(g2+su(2))"	26	233	0	0	1	0	0	0	0	0	"[""s1:26->1""]"	"[""""]"
26	14	"e8+e7'+2 f4+4(g2+su(2))"	"e8+e7'+2 f4+su(3)+4(g2+su(2))"	26	253	0	1	0	0	0	0	0	0	"[""s1:26->1""]"	"[""""]"
26	14	"e8+e7'+2 f4+4(g2+su(2))"	"e8+e7'+3 f4+4(g2+su(2))"	26	209	0	0	0	1	0	0	0	0	"[""s1:26->1""]"	"[""""]"
26	14	"e8+e7'+2 f4+4(g2+su(2))"	"e8+e7'+e6+2 f4+4(g2+su(2))"	26	183	0	0	0	0	1	0	0	0	"[""s1:26->1""]"	"[""""]"
26	14	"e8+e7'+2 f4+4(g2+su(2))"	"e8+e7+e7'+2 f4+4(g2+su(2))"	26	128	0	0	0	0	0	0	1	0	"[""s1:26->1""]"	"[""""]"
26	15	"e8+e7+2 f4+4(g2+su(2))"	"e8+2 e7+2 f4+4(g2+su(2))"	26	100	0	0	0	0	0	0	1	0	"[""s1:26->1""]"	"[""""]"
26	15	"e8+e7+2 f4+4(g2+su(2))"	"e8+e7+2 f4+so(8)+4(g2+su(2))"	26	205	0	0	1	0	0	0	0	0	"[""s1:26->1""]"	"[""""]"
26	15	"e8+e7+2 f4+4(g2+su(2))"	"e8+e7+2 f4+su(3)+4(g2+su(2))"	26	225	0	1	0	0	0	0	0	0	"[""s1:26->1""]"	"[""""]"
26	15	"e8+e7+2 f4+4(g2+su(2))"	"e8+e7+3 f4+4(g2+su(2))"	26	181	0	0	0	1	0	0	0	0	"[""s1:26->1""]"	"[""""]"
26	15	"e8+e7+2 f4+4(g2+su(2))"	"e8+e7+e6+2 f4+4(g2+su(2))"	26	155	0	0	0	0	1	0	0	0	"[""s1:26->1""]"	"[""""]"
26	15	"e8+e7+2 f4+4(g2+su(2))"	"e8+e7+e7'+2 f4+4(g2+su(2))"	26	128	0	0	0	0	0	1	0	0	"[""s1:26->1""]"	"[""""]"
26	16	"2 e8+f4+4(g2+su(2))"	"2 e8+f4+3(g2+su(2))+so(7)+2 su(2)"	30	168	1	0	0	0	0	0	0	0	"[""""]"	"[""s1:25->1""]"
26	16	"2 e8+f4+4(g2+su(2))"	"2 e8+f4+3(g2+su(2))+so(7)+2 su(2)"	31	168	1	0	0	0	0	0	0	0	"[""s1:24->1"",""s1:24->2""]"	"[""s1:25->1"",""s1:25->1""]"
26	16	"2 e8+f4+4(g2+su(2))"	"2 e8+f4+su(3)+4(g2+su(2))"	32	162	0	1	0	0	0	0	0	0	"[""s1:24->1""]"	"[""""]"
26	17	"e8+e6+2 f4+2 su(3)+3(g2+su(2))"	"2 e8+e6+2 f4+2 su(3)+3(g2+su(2))"	26	33	0	0	0	0	0	0	0	1	"[""s1:1->1""]"	"[""""]"
26	17	"e8+e6+2 f4+2 su(3)+3(g2+su(2))"	"e8+2 e6+2 f4+2 su(3)+3(g2+su(2))"	26	203	0	0	0	0	1	0	0	0	"[""s1:1->1"",""s1:26->1""]"	"["""",""""]"
26	17	"e8+e6+2 f4+2 su(3)+3(g2+su(2))"	"e8+2 e6+2 f4+2 su(3)+3(g2+su(2))"	28	203	0	0	0	0	1	0	0	0	"[""s1:1->1, 26->1""]"	"[""""]"
26	17	"e8+e6+2 f4+2 su(3)+3(g2+su(2))"	"e8+e6+2 f4+3 su(3)+3(g2+su(2))"	26	273	0	1	0	0	0	0	0	0	"[""s1:1->1"",""s1:26->1""]"	"["""",""""]"
26	17	"e8+e6+2 f4+2 su(3)+3(g2+su(2))"	"e8+e6+2 f4+so(8)+2 su(3)+3(g2+su(2))"	26	253	0	0	1	0	0	0	0	0	"[""s1:1->1"",""s1:1->1, 26->1"",""s1:26->1""]"	"["""","""",""""]"
26	17	"e8+e6+2 f4+2 su(3)+3(g2+su(2))"	"e8+e6+3 f4+2 su(3)+3(g2+su(2))"	26	229	0	0	0	1	0	0	0	0	"[""s1:1->1"",""s1:26->1""]"	"["""",""""]"
26	17	"e8+e6+2 f4+2 su(3)+3(g2+su(2))"	"e8+e6+3 f4+2 su(3)+3(g2+su(2))"	27	229	0	0	0	1	0	0	0	0	"[""s1:1->1, 26->1""]"	"[""""]"
26	17	"e8+e6+2 f4+2 su(3)+3(g2+su(2))"	"e8+e7'+e6+2 f4+2 su(3)+3(g2+su(2))"	26	176	0	0	0	0	0	1	0	0	"[""s1:1->1""]"	"[""""]"
26	17	"e8+e6+2 f4+2 su(3)+3(g2+su(2))"	"e8+e7+e6+2 f4+2 su(3)+3(g2+su(2))"	26	148	0	0	0	0	0	0	1	0	"[""s1:1->1""]"	"[""""]"
26	18	"e8+e7'+2 f4+4(g2+su(2))"	"2 e8+e7'+2 f4+4(g2+su(2))"	26	13	0	0	0	0	0	0	0	1	"[""s1:1->1""]"	"[""""]"
26	18	"e8+e7'+2 f4+4(g2+su(2))"	"e8+2 e7'+2 f4+4(g2+su(2))"	26	156	0	0	0	0	0	1	0	0	"[""s1:1->1""]"	"[""""]"
26	18	"e8+e7'+2 f4+4(g2+su(2))"	"e8+e7'+2 f4+5(g2+su(2))"	26	252	0	1	0	0	0	0	0	0	"["""",""s1:1->1""]"	"[""s1:26->1"",""s1:26->1""]"
26	18	"e8+e7'+2 f4+4(g2+su(2))"	"e8+e7'+2 f4+so(8)+4(g2+su(2))"	26	233	0	0	1	0	0	0	0	0	"[""s1:1->1""]"	"[""""]"
26	18	"e8+e7'+2 f4+4(g2+su(2))"	"e8+e7'+2 f4+su(3)+4(g2+su(2))"	26	253	0	1	0	0	0	0	0	0	"[""s1:1->1""]"	"[""""]"
26	18	"e8+e7'+2 f4+4(g2+su(2))"	"e8+e7'+3 f4+4(g2+su(2))"	26	209	0	0	0	1	0	0	0	0	"[""s1:1->1""]"	"[""""]"
26	18	"e8+e7'+2 f4+4(g2+su(2))"	"e8+e7'+e6+2 f4+4(g2+su(2))"	26	183	0	0	0	0	1	0	0	0	"[""s1:1->1""]"	"[""""]"
26	18	"e8+e7'+2 f4+4(g2+su(2))"	"e8+e7+e7'+2 f4+4(g2+su(2))"	26	128	0	0	0	0	0	0	1	0	"[""s1:1->1""]"	"[""""]"
26	19	"e8+e7'+2 f4+4(g2+su(2))"	"2 e8+e7'+2 f4+4(g2+su(2))"	26	13	0	0	0	0	0	0	0	1	"[""s1:1->1""]"	"[""""]"
26	19	"e8+e7'+2 f4+4(g2+su(2))"	"e8+2 e7'+2 f4+4(g2+su(2))"	26	156	0	0	0	0	0	1	0	0	"[""s1:1->1""]"	"[""""]"
26	19	"e8+e7'+2 f4+4(g2+su(2))"	"e8+e7'+2 f4+so(8)+4(g2+su(2))"	26	233	0	0	1	0	0	0	0	0	"[""s1:1->1""]"	"[""""]"
26	19	"e8+e7'+2 f4+4(g2+su(2))"	"e8+e7'+2 f4+su(3)+4(g2+su(2))"	26	253	0	1	0	0	0	0	0	0	"[""s1:1->1""]"	"[""""]"
26	19	"e8+e7'+2 f4+4(g2+su(2))"	"e8+e7'+3 f4+4(g2+su(2))"	26	209	0	0	0	1	0	0	0	0	"[""s1:1->1""]"	"[""""]"
26	19	"e8+e7'+2 f4+4(g2+su(2))"	"e8+e7'+e6+2 f4+4(g2+su(2))"	26	183	0	0	0	0	1	0	0	0	"[""s1:1->1""]"	"[""""]"
26	19	"e8+e7'+2 f4+4(g2+su(2))"	"e8+e7+e7'+2 f4+4(g2+su(2))"	26	128	0	0	0	0	0	0	1	0	"[""s1:1->1""]"	"[""""]"
26	20	"e8+e7+2 f4+4(g2+su(2))"	"e8+2 e7+2 f4+4(g2+su(2))"	26	100	0	0	0	0	0	0	1	0	"[""s1:1->1""]"	"[""""]"
26	20	"e8+e7+2 f4+4(g2+su(2))"	"e8+e7+2 f4+5(g2+su(2))"	26	224	0	1	0	0	0	0	0	0	"[""""]"	"[""s1:26->1""]"
26	20	"e8+e7+2 f4+4(g2+su(2))"	"e8+e7+2 f4+5(g2+su(2))"	27	224	0	1	0	0	0	0	0	0	"[""s1:1->1""]"	"[""s1:26->1""]"
26	20	"e8+e7+2 f4+4(g2+su(2))"	"e8+e7+2 f4+so(8)+4(g2+su(2))"	26	205	0	0	1	0	0	0	0	0	"[""s1:1->1""]"	"[""""]"
26	20	"e8+e7+2 f4+4(g2+su(2))"	"e8+e7+2 f4+su(3)+4(g2+su(2))"	26	225	0	1	0	0	0	0	0	0	"[""s1:1->1""]"	"[""""]"
26	20	"e8+e7+2 f4+4(g2+su(2))"	"e8+e7+3 f4+4(g2+su(2))"	26	181	0	0	0	1	0	0	0	0	"[""s1:1->1""]"	"[""""]"
26	20	"e8+e7+2 f4+4(g2+su(2))"	"e8+e7+e6+2 f4+4(g2+su(2))"	26	155	0	0	0	0	1	0	0	0	"[""s1:1->1""]"	"[""""]"
26	20	"e8+e7+2 f4+4(g2+su(2))"	"e8+e7+e7'+2 f4+4(g2+su(2))"	26	128	0	0	0	0	0	1	0	0	"[""s1:1->1""]"	"[""""]"
26	21	"e8+e7+2 f4+4(g2+su(2))"	"e8+2 e7+2 f4+4(g2+su(2))"	26	100	0	0	0	0	0	0	1	0	"[""s1:1->1""]"	"[""""]"
26	21	"e8+e7+2 f4+4(g2+su(2))"	"e8+e7+2 f4+5(g2+su(2))"	26	224	0	1	0	0	0	0	0	0	"[""""]"	"[""s1:26->1""]"
26	21	"e8+e7+2 f4+4(g2+su(2))"	"e8+e7+2 f4+5(g2+su(2))"	27	224	0	1	0	0	0	0	0	0	"[""s1:1->1""]"	"[""s1:26->1""]"
26	21	"e8+e7+2 f4+4(g2+su(2))"	"e8+e7+2 f4+so(8)+4(g2+su(2))"	26	205	0	0	1	0	0	0	0	0	"[""s1:1->1""]"	"[""""]"
26	21	"e8+e7+2 f4+4(g2+su(2))"	"e8+e7+2 f4+su(3)+4(g2+su(2))"	26	225	0	1	0	0	0	0	0	0	"[""s1:1->1""]"	"[""""]"
26	21	"e8+e7+2 f4+4(g2+su(2))"	"e8+e7+3 f4+4(g2+su(2))"	26	181	0	0	0	1	0	0	0	0	"[""s1:1->1""]"	"[""""]"
26	21	"e8+e7+2 f4+4(g2+su(2))"	"e8+e7+e6+2 f4+4(g2+su(2))"	26	155	0	0	0	0	1	0	0	0	"[""s1:1->1""]"	"[""""]"
26	21	"e8+e7+2 f4+4(g2+su(2))"	"e8+e7+e7'+2 f4+4(g2+su(2))"	26	128	0	0	0	0	0	1	0	0	"[""s1:1->1""]"	"[""""]"
26	22	"e8+e7+2 f4+su(3)+4(g2+su(2))"	"e8+e7+2 f4+2 su(3)+4(g2+su(2))"	26	217	0	1	0	0	0	0	0	0	"[""s1:1->1"",""s1:26->1""]"	"["""",""""]"
26	22	"e8+e7+2 f4+su(3)+4(g2+su(2))"	"e8+e7+2 f4+2 su(3)+4(g2+su(2))"	27	217	0	1	0	0	0	0	0	0	"[""s1:1->1, 26->1""]"	"[""""]"
26	22	"e8+e7+2 f4+su(3)+4(g2+su(2))"	"e8+e7+2 f4+5(g2+su(2))"	26	224	1	0	0	0	0	0	0	0	"[""""]"	"[""s1:2->1""]"
26	22	"e8+e7+2 f4+su(3)+4(g2+su(2))"	"e8+e7+2 f4+5(g2+su(2))"	27	224	1	0	0	0	0	0	0	0	"[""s1:26->1""]"	"[""s1:2->1""]"
26	22	"e8+e7+2 f4+su(3)+4(g2+su(2))"	"e8+e7+2 f4+5(g2+su(2))"	31	224	1	0	0	0	0	0	0	0	"[""s1:1->1"",""s1:1->4, 26->1"",""s1:26->4"",""s1:26->5""]"	"[""s1:2->1"",""s1:2->1"",""s1:2->1"",""s1:2->1""]"
26	22	"e8+e7+2 f4+su(3)+4(g2+su(2))"	"e8+e7+2 f4+5(g2+su(2))"	33	224	1	0	0	0	0	0	0	0	"[""s1:1->2"",""s1:1->3""]"	"[""s1:2->1"",""s1:2->1""]"
26	22	"e8+e7+2 f4+su(3)+4(g2+su(2))"	"e8+e7+2 f4+5(g2+su(2))"	34	224	1	0	0	0	0	0	0	0	"[""s1:1->4"",""s1:1->5""]"	"[""s1:2->1"",""s1:2->1""]"
26	22	"e8+e7+2 f4+su(3)+4(g2+su(2))"	"e8+e7+2 f4+so(8)+su(3)+4(g2+su(2))"	26	197	0	0	1	0	0	0	0	0	"[""s1:1->1"",""s1:26->1""]"	"["""",""""]"
26	22	"e8+e7+2 f4+su(3)+4(g2+su(2))"	"e8+e7+2 f4+so(8)+su(3)+4(g2+su(2))"	28	197	0	0	1	0	0	0	0	0	"[""s1:1->1, 26->1""]"	"[""""]"
26	22	"e8+e7+2 f4+su(3)+4(g2+su(2))"	"e8+e7+2 f4+su(3)+3(g2+su(2))+so(7)+2 su(2)"	26	223	1	0	0	0	0	0	0	0	"[""""]"	"[""s1:25->1""]"
26	22	"e8+e7+2 f4+su(3)+4(g2+su(2))"	"e8+e7+2 f4+su(3)+3(g2+su(2))+so(7)+2 su(2)"	27	223	1	0	0	0	0	0	0	0	"[""s1:1->1""]"	"[""s1:25->1""]"
26	22	"e8+e7+2 f4+su(3)+4(g2+su(2))"	"e8+e7+2 f4+su(3)+3(g2+su(2))+so(7)+2 su(2)"	31	223	1	0	0	0	0	0	0	0	"[""s1:1->1, 26->4"",""s1:1->4"",""s1:1->5"",""s1:26->1""]"	"[""s1:25->1"",""s1:25->1"",""s1:25->1"",""s1:25->1""]"
26	22	"e8+e7+2 f4+su(3)+4(g2+su(2))"	"e8+e7+2 f4+su(3)+3(g2+su(2))+so(7)+2 su(2)"	33	223	1	0	0	0	0	0	0	0	"[""s1:26->2"",""s1:26->3""]"	"[""s1:25->1"",""s1:25->1""]"
26	22	"e8+e7+2 f4+su(3)+4(g2+su(2))"	"e8+e7+2 f4+su(3)+3(g2+su(2))+so(7)+2 su(2)"	34	223	1	0	0	0	0	0	0	0	"[""s1:26->4"",""s1:26->5""]"	"[""s1:25->1"",""s1:25->1""]"
26	22	"e8+e7+2 f4+su(3)+4(g2+su(2))"	"e8+e7+3 f4+su(3)+4(g2+su(2))"	26	173	0	0	0	1	0	0	0	0	"[""s1:1->1"",""s1:26->1""]"	"["""",""""]"
26	22	"e8+e7+2 f4+su(3)+4(g2+su(2))"	"e8+e7+3 f4+su(3)+4(g2+su(2))"	29	173	0	0	0	1	0	0	0	0	"[""s1:1->1, 26->1""]"	"[""""]"
26	22	"e8+e7+2 f4+su(3)+4(g2+su(2))"	"e8+e7+e6+2 f4+su(3)+4(g2+su(2))"	26	147	0	0	0	0	1	0	0	0	"[""s1:1->1""]"	"[""""]"
26	23	"e8+e7+3 f4+4(g2+su(2))"	"e8+e7+3 f4+su(3)+4(g2+su(2))"	26	173	0	1	0	0	0	0	0	0	"[""s1:1->1"",""s1:24->1"",""s1:26->1""]"	"["""","""",""""]"
26	23	"e8+e7+3 f4+4(g2+su(2))"	"e8+e7+3 f4+su(3)+4(g2+su(2))"	29	173	0	1	0	0	0	0	0	0	"[""s1:1->1, 24->1"",""s1:1->1, 26->1""]"	"["""",""""]"
26	23	"e8+e7+3 f4+4(g2+su(2))"	"e8+e7+3 f4+su(3)+4(g2+su(2))"	30	173	0	1	0	0	0	0	0	0	"[""s1:1->1, 24->1, 26->1""]"	"[""""]"
26	23	"e8+e7+3 f4+4(g2+su(2))"	"e8+e7+3 f4+su(3)+4(g2+su(2))"	31	173	0	1	0	0	0	0	0	0	"[""s1:24->1, 26->1""]"	"[""""]"
26	24	"e8+e7+3 f4+su(3)+3(g2+su(2))"	"e8+e7+3 f4+2 su(3)+3(g2+su(2))"	26	174	0	1	0	0	0	0	0	0	"[""s1:26->1""]"	"[""""]"
26	24	"e8+e7+3 f4+su(3)+3(g2+su(2))"	"e8+e7+3 f4+4(g2+su(2))"	30	181	1	0	0	0	0	0	0	0	"[""s1:1->1"",""s1:1->1, 26->1"",""s1:1->1, 26->2"",""s1:1->1, 2->1"",""s1:1->1, 2->1, 26->1"",""s1:1->1, 2->1, 26->2"",""s1:1->1, 2->1, 26->3"",""s1:1->1, 2->1, 4->1"",""s1:1->1, 2->1, 4->1, 26->1"",""s1:1->1, 2->1, 4->1, 26->2"",""s1:1->1, 4->1"",""s1:1->1, 4->1, 26->1"",""s1:1->1, 4->1, 26->2"",""s1:1->1, 4->1, 26->3"",""s1:2->1"",""s1:2->1, 26->1"",""s1:2->1, 26->2"",""s1:2->1, 4->1"",""s1:2->1, 4->1, 26->1"",""s1:2->1, 4->1, 26->2"",""s1:2->1, 4->1, 26->3"",""s1:4->1"",""s1:4->1, 26->1"",""s1:4->1, 26->2"",""s1:4->1, 26->3"",""s1:4->1, 26->4""]"	"[""s1:23->1"",""s1:23->1"",""s1:23->1"",""s1:23->1"",""s1:23->1"",""s1:23->1"",""s1:23->1"",""s1:23->1"",""s1:23->1"",""s1:23->1"",""s1:23->1"",""s1:23->1"",""s1:23->1"",""s1:23->1"",""s1:23->1"",""s1:23->1"",""s1:23->1"",""s1:23->1"",""s1:23->1"",""s1:23->1"",""s1:23->1"",""s1:23->1"",""s1:23->1"",""s1:23->1"",""s1:23->1"",""s1:23->1""]"
26	24	"e8+e7+3 f4+su(3)+3(g2+su(2))"	"e8+e7+3 f4+4(g2+su(2))"	31	181	1	0	0	0	0	0	0	0	"["""",""s1:1->1, 26->3"",""s1:1->1, 26->4"",""s1:26->1"",""s1:26->2"",""s1:2->1, 26->3"",""s1:2->1, 26->4""]"	"[""s1:23->1"",""s1:23->1"",""s1:23->1"",""s1:23->1"",""s1:23->1"",""s1:23->1"",""s1:23->1""]"
26	24	"e8+e7+3 f4+su(3)+3(g2+su(2))"	"e8+e7+3 f4+4(g2+su(2))"	32	181	1	0	0	0	0	0	0	0	"[""s1:26->3"",""s1:26->4"",""s1:26->5""]"	"[""s1:23->1"",""s1:23->1"",""s1:23->1""]"
26	26	"e8+e7+2 f4+3(g2+su(2))+so(7)+2 su(2)"	"e8+2 e7+2 f4+3(g2+su(2))+so(7)+2 su(2)"	26	98	0	0	0	0	0	0	1	0	"[""s1:26->1""]"	"[""""]"
26	26	"e8+e7+2 f4+3(g2+su(2))+so(7)+2 su(2)"	"e8+e7+2 f4+4(g2+su(2))+so(7)+2 su(2)"	26	222	0	1	0	0	0	0	0	0	"[""""]"	"[""s1:1->1""]"
26	26	"e8+e7+2 f4+3(g2+su(2))+so(7)+2 su(2)"	"e8+e7+2 f4+4(g2+su(2))+so(7)+2 su(2)"	27	222	0	1	0	0	0	0	0	0	"[""s1:26->1""]"	"[""s1:1->1""]"
26	26	"e8+e7+2 f4+3(g2+su(2))+so(7)+2 su(2)"	"e8+e7+2 f4+so(8)+3(g2+su(2))+so(7)+2 su(2)"	26	203	0	0	1	0	0	0	0	0	"[""s1:26->1""]"	"[""""]"
26	26	"e8+e7+2 f4+3(g2+su(2))+so(7)+2 su(2)"	"e8+e7+2 f4+su(3)+3(g2+su(2))+so(7)+2 su(2)"	26	223	0	1	0	0	0	0	0	0	"[""s1:26->1""]"	"[""""]"
26	26	"e8+e7+2 f4+3(g2+su(2))+so(7)+2 su(2)"	"e8+e7+3 f4+3(g2+su(2))+so(7)+2 su(2)"	26	179	0	0	0	1	0	0	0	0	"[""s1:26->1""]"	"[""""]"
26	26	"e8+e7+2 f4+3(g2+su(2))+so(7)+2 su(2)"	"e8+e7+e6+2 f4+3(g2+su(2))+so(7)+2 su(2)"	26	153	0	0	0	0	1	0	0	0	"[""s1:26->1""]"	"[""""]"
26	26	"e8+e7+2 f4+3(g2+su(2))+so(7)+2 su(2)"	"e8+e7+e7'+2 f4+3(g2+su(2))+so(7)+2 su(2)"	26	126	0	0	0	0	0	1	0	0	"[""s1:26->1""]"	"[""""]"
26	27	"e8+e7+3 f4+su(3)+3(g2+su(2))"	"e8+e7+3 f4+2 su(3)+3(g2+su(2))"	26	174	0	1	0	0	0	0	0	0	"[""s1:26->1""]"	"[""""]"
26	27	"e8+e7+3 f4+su(3)+3(g2+su(2))"	"e8+e7+3 f4+4(g2+su(2))"	29	181	1	0	0	0	0	0	0	0	"[""s1:2->1, 3->1, 26->1"",""s1:2->1, 3->1, 26->2""]"	"[""s1:23->1"",""s1:23->1""]"
26	27	"e8+e7+3 f4+su(3)+3(g2+su(2))"	"e8+e7+3 f4+4(g2+su(2))"	30	181	1	0	0	0	0	0	0	0	"[""s1:2->1"",""s1:2->1, 26->1"",""s1:2->1, 26->2"",""s1:2->1, 26->3"",""s1:2->1, 26->4"",""s1:2->1, 3->1"",""s1:2->1, 3->1, 26->3"",""s1:3->1"",""s1:3->1, 26->1"",""s1:3->1, 26->2""]"	"[""s1:23->1"",""s1:23->1"",""s1:23->1"",""s1:23->1"",""s1:23->1"",""s1:23->1"",""s1:23->1"",""s1:23->1"",""s1:23->1"",""s1:23->1""]"
26	27	"e8+e7+3 f4+su(3)+3(g2+su(2))"	"e8+e7+3 f4+4(g2+su(2))"	31	181	1	0	0	0	0	0	0	0	"["""",""s1:26->1"",""s1:26->2"",""s1:3->1, 26->3"",""s1:3->1, 26->4""]"	"[""s1:23->1"",""s1:23->1"",""s1:23->1"",""s1:23->1"",""s1:23->1""]"
26	27	"e8+e7+3 f4+su(3)+3(g2+su(2))"	"e8+e7+3 f4+4(g2+su(2))"	32	181	1	0	0	0	0	0	0	0	"[""s1:26->3"",""s1:26->4"",""s1:26->5""]"	"[""s1:23->1"",""s1:23->1"",""s1:23->1""]"
26	27	"e8+e7+3 f4+su(3)+3(g2+su(2))"	"e8+e7+3 f4+su(3)+4(g2+su(2))"	26	173	0	1	0	0	0	0	0	0	"[""""]"	"[""s1:1->1""]"
26	27	"e8+e7+3 f4+su(3)+3(g2+su(2))"	"e8+e7+3 f4+su(3)+4(g2+su(2))"	29	173	0	1	0	0	0	0	0	0	"[""s1:26->1""]"	"[""s1:1->1""]"
26	28	"e8+e7+3 f4+4(g2+su(2))"	"e8+e7+3 f4+5(g2+su(2))"	26	172	0	1	0	0	0	0	0	0	"[""""]"	"[""s1:1->1""]"
26	29	"2 e8+f4+4(g2+su(2))"	"2 e8+f4+3(g2+su(2))+so(7)+2 su(2)"	30	168	1	0	0	0	0	0	0	0	"[""""]"	"[""s1:25->1""]"
26	29	"2 e8+f4+4(g2+su(2))"	"2 e8+f4+3(g2+su(2))+so(7)+2 su(2)"	31	168	1	0	0	0	0	0	0	0	"[""s1:24->1"",""s1:24->2""]"	"[""s1:25->1"",""s1:25->1""]"
26	29	"2 e8+f4+4(g2+su(2))"	"2 e8+f4+su(3)+4(g2+su(2))"	32	162	0	1	0	0	0	0	0	0	"[""s1:24->1""]"	"[""""]"
26	30	"2 e8+f4+su(3)+3(g2+su(2))"	"2 e8+f4+2 su(3)+3(g2+su(2))"	32	163	0	1	0	0	0	0	0	0	"[""s1:2->1"",""s1:2->2""]"	"["""",""""]"
26	30	"2 e8+f4+su(3)+3(g2+su(2))"	"2 e8+f4+4(g2+su(2))"	26	170	1	0	0	0	0	0	0	0	"[""""]"	"[""s1:1->1""]"
26	30	"2 e8+f4+su(3)+3(g2+su(2))"	"2 e8+f4+4(g2+su(2))"	32	170	1	0	0	0	0	0	0	0	"[""s1:2->1"",""s1:2->2"",""s1:2->3"",""s1:2->4"",""s1:2->5""]"	"[""s1:1->1"",""s1:1->1"",""s1:1->1"",""s1:1->1"",""s1:1->1""]"
26	31	"e8+e7+2 f4+5(g2+su(2))"	"e8+2 e7+2 f4+5(g2+su(2))"	26	91	0	0	0	0	0	0	1	0	"[""s1:26->1""]"	"[""""]"
26	31	"e8+e7+2 f4+5(g2+su(2))"	"e8+e7+2 f4+4(g2+su(2))+so(7)+2 su(2)"	26	222	1	0	0	0	0	0	0	0	"[""""]"	"[""s1:1->1""]"
26	31	"e8+e7+2 f4+5(g2+su(2))"	"e8+e7+2 f4+4(g2+su(2))+so(7)+2 su(2)"	27	222	1	0	0	0	0	0	0	0	"[""s1:26->1""]"	"[""s1:1->1""]"
26	31	"e8+e7+2 f4+5(g2+su(2))"	"e8+e7+2 f4+4(g2+su(2))+so(7)+2 su(2)"	31	222	1	0	0	0	0	0	0	0	"[""s1:26->4"",""s1:26->5"",""s1:4->1""]"	"[""s1:1->1"",""s1:1->1"",""s1:1->1""]"
26	31	"e8+e7+2 f4+5(g2+su(2))"	"e8+e7+2 f4+so(8)+5(g2+su(2))"	26	196	0	0	1	0	0	0	0	0	"[""s1:26->1""]"	"[""""]"
26	31	"e8+e7+2 f4+5(g2+su(2))"	"e8+e7+2 f4+su(3)+5(g2+su(2))"	26	216	0	1	0	0	0	0	0	0	"[""s1:26->1""]"	"[""""]"
26	31	"e8+e7+2 f4+5(g2+su(2))"	"e8+e7+3 f4+5(g2+su(2))"	26	172	0	0	0	1	0	0	0	0	"[""s1:26->1""]"	"[""""]"
26	31	"e8+e7+2 f4+5(g2+su(2))"	"e8+e7+e6+2 f4+5(g2+su(2))"	26	146	0	0	0	0	1	0	0	0	"[""s1:26->1""]"	"[""""]"
26	31	"e8+e7+2 f4+5(g2+su(2))"	"e8+e7+e7'+2 f4+5(g2+su(2))"	26	119	0	0	0	0	0	1	0	0	"[""s1:26->1""]"	"[""""]"
26	32	"e8+e7+3 f4+3(g2+su(2))+so(7)+2 su(2)"	"e8+e7+3 f4+su(3)+3(g2+su(2))+so(7)+2 su(2)"	26	171	0	1	0	0	0	0	0	0	"[""s1:24->1"",""s1:26->1""]"	"["""",""""]"
26	32	"e8+e7+3 f4+3(g2+su(2))+so(7)+2 su(2)"	"e8+e7+3 f4+su(3)+3(g2+su(2))+so(7)+2 su(2)"	31	171	0	1	0	0	0	0	0	0	"[""s1:24->1, 26->1""]"	"[""""]"
26	33	"2 e7+2 f4+4(g2+su(2))+so(7)+2 su(2)"	"2 e7+e6+2 f4+4(g2+su(2))+so(7)+2 su(2)"	26	259	0	0	0	0	1	0	0	0	"[""s1:1->1"",""s1:1->1, 26->1"",""s1:26->1""]"	"["""","""",""""]"
26	33	"2 e7+2 f4+4(g2+su(2))+so(7)+2 su(2)"	"2 e7+e7'+2 f4+4(g2+su(2))+so(7)+2 su(2)"	26	232	0	0	0	0	0	1	0	0	"[""s1:1->1"",""s1:26->1""]"	"["""",""""]"
26	33	"2 e7+2 f4+4(g2+su(2))+so(7)+2 su(2)"	"2 e7+e7'+2 f4+4(g2+su(2))+so(7)+2 su(2)"	27	232	0	0	0	0	0	1	0	0	"[""s1:1->1, 26->1""]"	"[""""]"
26	33	"2 e7+2 f4+4(g2+su(2))+so(7)+2 su(2)"	"3 e7+2 f4+4(g2+su(2))+so(7)+2 su(2)"	26	204	0	0	0	0	0	0	1	0	"[""s1:1->1"",""s1:26->1""]"	"["""",""""]"
26	33	"2 e7+2 f4+4(g2+su(2))+so(7)+2 su(2)"	"3 e7+2 f4+4(g2+su(2))+so(7)+2 su(2)"	28	204	0	0	0	0	0	0	1	0	"[""s1:1->1, 26->1""]"	"[""""]"
26	33	"2 e7+2 f4+4(g2+su(2))+so(7)+2 su(2)"	"e8+2 e7+2 f4+4(g2+su(2))+so(7)+2 su(2)"	26	89	0	0	0	0	0	0	0	1	"[""s1:26->1""]"	"[""""]"
26	34	"e8+e7+2 f4+4(g2+su(2))+so(7)+2 su(2)"	"e8+2 e7+2 f4+4(g2+su(2))+so(7)+2 su(2)"	26	89	0	0	0	0	0	0	1	0	"[""s1:1->1""]"	"[""""]"
26	34	"e8+e7+2 f4+4(g2+su(2))+so(7)+2 su(2)"	"e8+e7+2 f4+3(g2+su(2))+2(so(7)+2 su(2))"	26	220	1	0	0	0	0	0	0	0	"[""""]"	"[""s1:26->1""]"
26	34	"e8+e7+2 f4+4(g2+su(2))+so(7)+2 su(2)"	"e8+e7+2 f4+3(g2+su(2))+2(so(7)+2 su(2))"	27	220	1	0	0	0	0	0	0	0	"[""s1:1->1""]"	"[""s1:26->1""]"
26	34	"e8+e7+2 f4+4(g2+su(2))+so(7)+2 su(2)"	"e8+e7+2 f4+3(g2+su(2))+2(so(7)+2 su(2))"	31	220	1	0	0	0	0	0	0	0	"[""s1:1->1, 24->3"",""s1:1->4"",""s1:1->5"",""s1:24->1"",""s1:24->2"",""s1:24->3""]"	"[""s1:26->1"",""s1:26->1"",""s1:26->1"",""s1:26->1"",""s1:26->1"",""s1:26->1""]"
26	34	"e8+e7+2 f4+4(g2+su(2))+so(7)+2 su(2)"	"e8+e7+2 f4+so(8)+4(g2+su(2))+so(7)+2 su(2)"	26	194	0	0	1	0	0	0	0	0	"[""s1:1->1""]"	"[""""]"
26	34	"e8+e7+2 f4+4(g2+su(2))+so(7)+2 su(2)"	"e8+e7+2 f4+su(3)+4(g2+su(2))+so(7)+2 su(2)"	26	214	0	1	0	0	0	0	0	0	"[""s1:1->1""]"	"[""""]"
26	34	"e8+e7+2 f4+4(g2+su(2))+so(7)+2 su(2)"	"e8+e7+3 f4+4(g2+su(2))+so(7)+2 su(2)"	26	170	0	0	0	1	0	0	0	0	"[""s1:1->1""]"	"[""""]"
26	34	"e8+e7+2 f4+4(g2+su(2))+so(7)+2 su(2)"	"e8+e7+e6+2 f4+4(g2+su(2))+so(7)+2 su(2)"	26	144	0	0	0	0	1	0	0	0	"[""s1:1->1""]"	"[""""]"
26	34	"e8+e7+2 f4+4(g2+su(2))+so(7)+2 su(2)"	"e8+e7+e7'+2 f4+4(g2+su(2))+so(7)+2 su(2)"	26	117	0	0	0	0	0	1	0	0	"[""s1:1->1""]"	"[""""]"
26	35	"e8+e6+3 f4+2 su(3)+3(g2+su(2))"	"e8+2 e6+3 f4+2 su(3)+3(g2+su(2))"	26	151	0	0	0	0	1	0	0	0	"[""s1:26->1""]"	"[""""]"
26	35	"e8+e6+3 f4+2 su(3)+3(g2+su(2))"	"e8+e6+3 f4+3 su(3)+3(g2+su(2))"	26	221	0	1	0	0	0	0	0	0	"[""s1:1->1"",""s1:26->1""]"	"["""",""""]"
26	35	"e8+e6+3 f4+2 su(3)+3(g2+su(2))"	"e8+e6+3 f4+3 su(3)+3(g2+su(2))"	27	221	0	1	0	0	0	0	0	0	"[""s1:1->1, 26->1""]"	"[""""]"
26	35	"e8+e6+3 f4+2 su(3)+3(g2+su(2))"	"e8+e6+3 f4+so(8)+2 su(3)+3(g2+su(2))"	26	201	0	0	1	0	0	0	0	0	"[""s1:26->1""]"	"[""""]"
26	35	"e8+e6+3 f4+2 su(3)+3(g2+su(2))"	"e8+e6+4 f4+2 su(3)+3(g2+su(2))"	26	177	0	0	0	1	0	0	0	0	"[""s1:26->1""]"	"[""""]"
26	35	"e8+e6+3 f4+2 su(3)+3(g2+su(2))"	"e8+e7'+e6+3 f4+2 su(3)+3(g2+su(2))"	26	124	0	0	0	0	0	1	0	0	"[""s1:26->1""]"	"[""""]"
26	35	"e8+e6+3 f4+2 su(3)+3(g2+su(2))"	"e8+e7+e6+3 f4+2 su(3)+3(g2+su(2))"	26	96	0	0	0	0	0	0	1	0	"[""s1:26->1""]"	"[""""]"
26	36	"e8+e7+3 f4+4(g2+su(2))"	"e8+e7+3 f4+5(g2+su(2))"	26	172	0	1	0	0	0	0	0	0	"[""""]"	"[""s1:26->1""]"
26	36	"e8+e7+3 f4+4(g2+su(2))"	"e8+e7+3 f4+5(g2+su(2))"	29	172	0	1	0	0	0	0	0	0	"[""s1:1->1""]"	"[""s1:26->1""]"
26	36	"e8+e7+3 f4+4(g2+su(2))"	"e8+e7+3 f4+su(3)+4(g2+su(2))"	26	173	0	1	0	0	0	0	0	0	"[""s1:1->1""]"	"[""""]"
26	36	"e8+e7+3 f4+4(g2+su(2))"	"e8+e7+3 f4+su(3)+4(g2+su(2))"	30	173	0	1	0	0	0	0	0	0	"[""s1:1->1, 25->1""]"	"[""""]"
26	36	"e8+e7+3 f4+4(g2+su(2))"	"e8+e7+3 f4+su(3)+4(g2+su(2))"	31	173	0	1	0	0	0	0	0	0	"[""s1:25->1""]"	"[""""]"
26	37	"e8+e7+3 f4+su(3)+3(g2+su(2))"	"e8+e7+3 f4+2 su(3)+3(g2+su(2))"	26	174	0	1	0	0	0	0	0	0	"[""s1:26->1""]"	"[""""]"
26	37	"e8+e7+3 f4+su(3)+3(g2+su(2))"	"e8+e7+3 f4+4(g2+su(2))"	29	181	1	0	0	0	0	0	0	0	"[""s1:2->1, 4->1, 26->3""]"	"[""s1:23->1""]"
26	37	"e8+e7+3 f4+su(3)+3(g2+su(2))"	"e8+e7+3 f4+4(g2+su(2))"	30	181	1	0	0	0	0	0	0	0	"[""s1:2->1"",""s1:2->1, 26->1"",""s1:2->1, 26->2"",""s1:2->1, 26->3"",""s1:2->1, 26->4"",""s1:2->1, 4->1"",""s1:2->1, 4->1, 26->1"",""s1:2->1, 4->1, 26->2"",""s1:4->1"",""s1:4->1, 26->1"",""s1:4->1, 26->2"",""s1:4->1, 26->3"",""s1:4->1, 26->4""]"	"[""s1:23->1"",""s1:23->1"",""s1:23->1"",""s1:23->1"",""s1:23->1"",""s1:23->1"",""s1:23->1"",""s1:23->1"",""s1:23->1"",""s1:23->1"",""s1:23->1"",""s1:23->1"",""s1:23->1""]"
26	37	"e8+e7+3 f4+su(3)+3(g2+su(2))"	"e8+e7+3 f4+4(g2+su(2))"	31	181	1	0	0	0	0	0	0	0	"["""",""s1:26->1"",""s1:26->2""]"	"[""s1:23->1"",""s1:23->1"",""s1:23->1""]"
26	37	"e8+e7+3 f4+su(3)+3(g2+su(2))"	"e8+e7+3 f4+4(g2+su(2))"	32	181	1	0	0	0	0	0	0	0	"[""s1:26->3"",""s1:26->4"",""s1:26->5""]"	"[""s1:23->1"",""s1:23->1"",""s1:23->1""]"
26	37	"e8+e7+3 f4+su(3)+3(g2+su(2))"	"e8+e7+3 f4+su(3)+4(g2+su(2))"	26	173	0	1	0	0	0	0	0	0	"[""""]"	"[""s1:1->1""]"
26	37	"e8+e7+3 f4+su(3)+3(g2+su(2))"	"e8+e7+3 f4+su(3)+4(g2+su(2))"	29	173	0	1	0	0	0	0	0	0	"[""s1:26->1""]"	"[""s1:1->1""]"
26	38	"e8+e7+3 f4+4(g2+su(2))"	"e8+e7+3 f4+5(g2+su(2))"	26	172	0	1	0	0	0	0	0	0	"[""""]"	"[""s1:1->1""]"
26	39	"e8+e7+3 f4+su(3)+3(g2+su(2))"	"e8+e7+3 f4+2 su(3)+3(g2+su(2))"	26	174	0	1	0	0	0	0	0	0	"[""s1:26->1""]"	"[""""]"
26	39	"e8+e7+3 f4+su(3)+3(g2+su(2))"	"e8+e7+3 f4+4(g2+su(2))"	29	181	1	0	0	0	0	0	0	0	"[""s1:3->1, 26->1"",""s1:3->1, 26->2""]"	"[""s1:23->1"",""s1:23->1""]"
26	39	"e8+e7+3 f4+su(3)+3(g2+su(2))"	"e8+e7+3 f4+4(g2+su(2))"	30	181	1	0	0	0	0	0	0	0	"[""s1:3->1"",""s1:3->1, 26->3"",""s1:3->1, 26->4""]"	"[""s1:23->1"",""s1:23->1"",""s1:23->1""]"
26	39	"e8+e7+3 f4+su(3)+3(g2+su(2))"	"e8+e7+3 f4+4(g2+su(2))"	31	181	1	0	0	0	0	0	0	0	"["""",""s1:26->1"",""s1:26->2""]"	"[""s1:23->1"",""s1:23->1"",""s1:23->1""]"
26	39	"e8+e7+3 f4+su(3)+3(g2+su(2))"	"e8+e7+3 f4+4(g2+su(2))"	32	181	1	0	0	0	0	0	0	0	"[""s1:26->3"",""s1:26->4"",""s1:26->5""]"	"[""s1:23->1"",""s1:23->1"",""s1:23->1""]"
26	39	"e8+e7+3 f4+su(3)+3(g2+su(2))"	"e8+e7+3 f4+su(3)+4(g2+su(2))"	26	173	0	1	0	0	0	0	0	0	"[""""]"	"[""s1:1->1""]"
26	39	"e8+e7+3 f4+su(3)+3(g2+su(2))"	"e8+e7+3 f4+su(3)+4(g2+su(2))"	29	173	0	1	0	0	0	0	0	0	"[""s1:26->1""]"	"[""s1:1->1""]"
26	39	"e8+e7+3 f4+su(3)+3(g2+su(2))"	"e8+e7+3 f4+su(3)+4(g2+su(2))"	30	173	0	1	0	0	0	0	0	0	"[""s1:26->1""]"	"[""s1:2->1""]"
26	39	"e8+e7+3 f4+su(3)+3(g2+su(2))"	"e8+e7+3 f4+su(3)+4(g2+su(2))"	31	173	0	1	0	0	0	0	0	0	"[""""]"	"[""s1:2->1""]"
26	40	"e8+e7+3 f4+4(g2+su(2))"	"e8+e7+3 f4+5(g2+su(2))"	26	172	0	1	0	0	0	0	0	0	"[""""]"	"[""s1:1->1""]"
26	40	"e8+e7+3 f4+4(g2+su(2))"	"e8+e7+3 f4+5(g2+su(2))"	31	172	0	1	0	0	0	0	0	0	"[""""]"	"[""s1:2->1""]"
26	41	"2 e8+f4+4(g2+su(2))"	"2 e8+f4+3(g2+su(2))+so(7)+2 su(2)"	30	168	1	0	0	0	0	0	0	0	"[""""]"	"[""s1:2->1""]"
26	41	"2 e8+f4+4(g2+su(2))"	"2 e8+f4+3(g2+su(2))+so(7)+2 su(2)"	31	168	1	0	0	0	0	0	0	0	"[""s1:3->1"",""s1:3->2""]"	"[""s1:2->1"",""s1:2->1""]"
26	41	"2 e8+f4+4(g2+su(2))"	"2 e8+f4+su(3)+4(g2+su(2))"	32	162	0	1	0	0	0	0	0	0	"[""s1:3->1""]"	"[""""]"
26	42	"e8+e7'+2 f4+5(g2+su(2))"	"2 e8+e7'+2 f4+5(g2+su(2))"	26	4	0	0	0	0	0	0	0	1	"[""s1:26->1""]"	"[""""]"
26	42	"e8+e7'+2 f4+5(g2+su(2))"	"e8+2 e7'+2 f4+5(g2+su(2))"	26	147	0	0	0	0	0	1	0	0	"[""s1:26->1""]"	"[""""]"
26	42	"e8+e7'+2 f4+5(g2+su(2))"	"e8+e7'+2 f4+4(g2+su(2))+so(7)+2 su(2)"	26	250	1	0	0	0	0	0	0	0	"["""",""s1:26->1""]"	"[""s1:1->1"",""s1:1->1""]"
26	42	"e8+e7'+2 f4+5(g2+su(2))"	"e8+e7'+2 f4+4(g2+su(2))+so(7)+2 su(2)"	31	250	1	0	0	0	0	0	0	0	"[""s1:26->5""]"	"[""s1:1->1""]"
26	42	"e8+e7'+2 f4+5(g2+su(2))"	"e8+e7'+2 f4+so(8)+5(g2+su(2))"	26	224	0	0	1	0	0	0	0	0	"[""s1:26->1""]"	"[""""]"
26	42	"e8+e7'+2 f4+5(g2+su(2))"	"e8+e7'+2 f4+su(3)+5(g2+su(2))"	26	244	0	1	0	0	0	0	0	0	"[""s1:26->1""]"	"[""""]"
26	42	"e8+e7'+2 f4+5(g2+su(2))"	"e8+e7'+3 f4+5(g2+su(2))"	26	200	0	0	0	1	0	0	0	0	"[""s1:26->1""]"	"[""""]"
26	42	"e8+e7'+2 f4+5(g2+su(2))"	"e8+e7'+e6+2 f4+5(g2+su(2))"	26	174	0	0	0	0	1	0	0	0	"[""s1:26->1""]"	"[""""]"
26	42	"e8+e7'+2 f4+5(g2+su(2))"	"e8+e7+e7'+2 f4+5(g2+su(2))"	26	119	0	0	0	0	0	0	1	0	"[""s1:26->1""]"	"[""""]"
26	43	"e8+e7+2 f4+5(g2+su(2))"	"e8+2 e7+2 f4+5(g2+su(2))"	26	91	0	0	0	0	0	0	1	0	"[""s1:26->1""]"	"[""""]"
26	43	"e8+e7+2 f4+5(g2+su(2))"	"e8+e7+2 f4+4(g2+su(2))+so(7)+2 su(2)"	26	222	1	0	0	0	0	0	0	0	"[""""]"	"[""s1:1->1""]"
26	43	"e8+e7+2 f4+5(g2+su(2))"	"e8+e7+2 f4+4(g2+su(2))+so(7)+2 su(2)"	27	222	1	0	0	0	0	0	0	0	"[""s1:26->1""]"	"[""s1:1->1""]"
26	43	"e8+e7+2 f4+5(g2+su(2))"	"e8+e7+2 f4+4(g2+su(2))+so(7)+2 su(2)"	31	222	1	0	0	0	0	0	0	0	"[""s1:26->4"",""s1:26->5"",""s1:5->1""]"	"[""s1:1->1"",""s1:1->1"",""s1:1->1""]"
26	43	"e8+e7+2 f4+5(g2+su(2))"	"e8+e7+2 f4+so(8)+5(g2+su(2))"	26	196	0	0	1	0	0	0	0	0	"[""s1:26->1""]"	"[""""]"
26	43	"e8+e7+2 f4+5(g2+su(2))"	"e8+e7+2 f4+su(3)+5(g2+su(2))"	26	216	0	1	0	0	0	0	0	0	"[""s1:26->1""]"	"[""""]"
26	43	"e8+e7+2 f4+5(g2+su(2))"	"e8+e7+3 f4+5(g2+su(2))"	26	172	0	0	0	1	0	0	0	0	"[""s1:26->1""]"	"[""""]"
26	43	"e8+e7+2 f4+5(g2+su(2))"	"e8+e7+e6+2 f4+5(g2+su(2))"	26	146	0	0	0	0	1	0	0	0	"[""s1:26->1""]"	"[""""]"
26	43	"e8+e7+2 f4+5(g2+su(2))"	"e8+e7+e7'+2 f4+5(g2+su(2))"	26	119	0	0	0	0	0	1	0	0	"[""s1:26->1""]"	"[""""]"
26	44	"e8+e7+2 f4+5(g2+su(2))"	"e8+2 e7+2 f4+5(g2+su(2))"	26	91	0	0	0	0	0	0	1	0	"[""s1:26->1""]"	"[""""]"
26	44	"e8+e7+2 f4+5(g2+su(2))"	"e8+e7+2 f4+so(8)+5(g2+su(2))"	26	196	0	0	1	0	0	0	0	0	"[""s1:26->1""]"	"[""""]"
26	44	"e8+e7+2 f4+5(g2+su(2))"	"e8+e7+2 f4+su(3)+5(g2+su(2))"	26	216	0	1	0	0	0	0	0	0	"[""s1:26->1""]"	"[""""]"
26	44	"e8+e7+2 f4+5(g2+su(2))"	"e8+e7+3 f4+5(g2+su(2))"	26	172	0	0	0	1	0	0	0	0	"[""s1:26->1""]"	"[""""]"
26	44	"e8+e7+2 f4+5(g2+su(2))"	"e8+e7+e6+2 f4+5(g2+su(2))"	26	146	0	0	0	0	1	0	0	0	"[""s1:26->1""]"	"[""""]"
26	44	"e8+e7+2 f4+5(g2+su(2))"	"e8+e7+e7'+2 f4+5(g2+su(2))"	26	119	0	0	0	0	0	1	0	0	"[""s1:26->1""]"	"[""""]"
26	45	"e8+e7+3 f4+3(g2+su(2))+so(7)+2 su(2)"	"e8+e7+3 f4+4(g2+su(2))+so(7)+2 su(2)"	26	170	0	1	0	0	0	0	0	0	"[""""]"	"[""s1:26->1""]"
26	45	"e8+e7+3 f4+3(g2+su(2))+so(7)+2 su(2)"	"e8+e7+3 f4+su(3)+3(g2+su(2))+so(7)+2 su(2)"	31	171	0	1	0	0	0	0	0	0	"[""s1:25->1""]"	"[""""]"
26	46	"e8+2 e7+f4+2(g2+su(2))+so(7)+2 su(2)"	"e8+2 e7+f4+3(g2+su(2))+so(7)+2 su(2)"	26	150	0	1	0	0	0	0	0	0	"[""""]"	"[""s1:1->1""]"
26	47	"e8+2 e7+f4+2(g2+su(2))+so(7)+2 su(2)"	"e8+2 e7+f4+3(g2+su(2))+so(7)+2 su(2)"	26	150	0	1	0	0	0	0	0	0	"["""",""""]"	"[""s1:1->1"",""s1:26->1""]"
26	48	"2 e8+f4+so(8)+3(g2+su(2))"	"2 e8+f4+so(8)+4(g2+su(2))"	26	142	0	1	0	0	0	0	0	0	"[""""]"	"[""s1:1->1""]"
26	49	"e8+2 e7+f4+3(g2+su(2))+so(7)+2 su(2)"	"e8+2 e7+f4+2(g2+su(2))+2(so(7)+2 su(2))"	26	148	1	0	0	0	0	0	0	0	"[""""]"	"[""s1:1->1""]"
26	49	"e8+2 e7+f4+3(g2+su(2))+so(7)+2 su(2)"	"e8+2 e7+f4+2(g2+su(2))+2(so(7)+2 su(2))"	31	148	1	0	0	0	0	0	0	0	"[""s1:4->1""]"	"[""s1:1->1""]"
26	49	"e8+2 e7+f4+3(g2+su(2))+so(7)+2 su(2)"	"e8+2 e7+f4+4(g2+su(2))+so(7)+2 su(2)"	26	141	0	1	0	0	0	0	0	0	"[""""]"	"[""s1:26->1""]"
26	50	"e8+2 e7+f4+3(g2+su(2))+so(7)+2 su(2)"	"e8+2 e7+f4+2(g2+su(2))+2(so(7)+2 su(2))"	26	148	1	0	0	0	0	0	0	0	"[""""]"	"[""s1:26->1""]"
26	50	"e8+2 e7+f4+3(g2+su(2))+so(7)+2 su(2)"	"e8+2 e7+f4+2(g2+su(2))+2(so(7)+2 su(2))"	31	148	1	0	0	0	0	0	0	0	"[""s1:22->1""]"	"[""s1:26->1""]"
26	54	"3 e7+f4+g2+su(2)+3(so(7)+2 su(2))"	"3 e7+2 f4+g2+su(2)+3(so(7)+2 su(2))"	26	209	0	0	0	1	0	0	0	0	"[""s1:1->1""]"	"[""""]"
26	54	"3 e7+f4+g2+su(2)+3(so(7)+2 su(2))"	"3 e7+e6+f4+g2+su(2)+3(so(7)+2 su(2))"	26	183	0	0	0	0	1	0	0	0	"[""s1:1->1""]"	"[""""]"
26	54	"3 e7+f4+g2+su(2)+3(so(7)+2 su(2))"	"3 e7+e7'+f4+g2+su(2)+3(so(7)+2 su(2))"	26	156	0	0	0	0	0	1	0	0	"[""s1:1->1""]"	"[""""]"
26	54	"3 e7+f4+g2+su(2)+3(so(7)+2 su(2))"	"3 e7+f4+so(8)+g2+su(2)+3(so(7)+2 su(2))"	26	233	0	0	1	0	0	0	0	0	"[""s1:1->1""]"	"[""""]"
26	54	"3 e7+f4+g2+su(2)+3(so(7)+2 su(2))"	"3 e7+f4+su(3)+g2+su(2)+3(so(7)+2 su(2))"	26	253	0	1	0	0	0	0	0	0	"[""s1:1->1"",""s1:1->1, 24->1"",""s1:1->1, 26->1"",""s1:24->1"",""s1:26->1""]"	"["""","""","""","""",""""]"
26	54	"3 e7+f4+g2+su(2)+3(so(7)+2 su(2))"	"4 e7+f4+g2+su(2)+3(so(7)+2 su(2))"	26	128	0	0	0	0	0	0	1	0	"[""s1:1->1""]"	"[""""]"
26	55	"e8+e7'+e6+2 f4+su(3)+3(g2+su(2))"	"e8+e7'+e6+2 f4+2 su(3)+3(g2+su(2))"	26	176	0	1	0	0	0	0	0	0	"[""s1:24->1"",""s1:26->1""]"	"["""",""""]"
26	55	"e8+e7'+e6+2 f4+su(3)+3(g2+su(2))"	"e8+e7'+e6+2 f4+2 su(3)+3(g2+su(2))"	31	176	0	1	0	0	0	0	0	0	"[""s1:24->1, 26->1""]"	"[""""]"
26	56	"e8+e7+e7'+f4+3(g2+su(2))+so(7)+2 su(2)"	"e8+e7+e7'+2 f4+3(g2+su(2))+so(7)+2 su(2)"	26	126	0	0	0	1	0	0	0	0	"[""s1:26->1""]"	"[""""]"
26	56	"e8+e7+e7'+f4+3(g2+su(2))+so(7)+2 su(2)"	"e8+e7+e7'+f4+so(8)+3(g2+su(2))+so(7)+2 su(2)"	26	150	0	0	1	0	0	0	0	0	"[""s1:26->1""]"	"[""""]"
26	56	"e8+e7+e7'+f4+3(g2+su(2))+so(7)+2 su(2)"	"e8+e7+e7'+f4+su(3)+3(g2+su(2))+so(7)+2 su(2)"	26	170	0	1	0	0	0	0	0	0	"[""s1:26->1""]"	"[""""]"
26	56	"e8+e7+e7'+f4+3(g2+su(2))+so(7)+2 su(2)"	"e8+e7+e7'+f4+su(3)+3(g2+su(2))+so(7)+2 su(2)"	33	170	0	1	0	0	0	0	0	0	"[""s1:26->2""]"	"[""""]"
26	56	"e8+e7+e7'+f4+3(g2+su(2))+so(7)+2 su(2)"	"e8+e7+e7'+f4+su(3)+3(g2+su(2))+so(7)+2 su(2)"	34	170	0	1	0	0	0	0	0	0	"[""s1:26->3""]"	"[""""]"
26	57	"e8+e7+e6+2 f4+su(3)+3(g2+su(2))"	"e8+e7+e6+2 f4+2 su(3)+3(g2+su(2))"	26	148	0	1	0	0	0	0	0	0	"[""s1:26->1""]"	"[""""]"
26	59	"3 e7+f4+2(g2+su(2))+2(so(7)+2 su(2))"	"3 e7+2 f4+2(g2+su(2))+2(so(7)+2 su(2))"	26	211	0	0	0	1	0	0	0	0	"[""s1:26->1""]"	"[""""]"
26	59	"3 e7+f4+2(g2+su(2))+2(so(7)+2 su(2))"	"3 e7+e6+f4+2(g2+su(2))+2(so(7)+2 su(2))"	26	185	0	0	0	0	1	0	0	0	"[""s1:26->1""]"	"[""""]"
26	59	"3 e7+f4+2(g2+su(2))+2(so(7)+2 su(2))"	"3 e7+e7'+f4+2(g2+su(2))+2(so(7)+2 su(2))"	26	158	0	0	0	0	0	1	0	0	"[""s1:26->1""]"	"[""""]"
26	59	"3 e7+f4+2(g2+su(2))+2(so(7)+2 su(2))"	"3 e7+f4+3(g2+su(2))+2(so(7)+2 su(2))"	26	254	0	1	0	0	0	0	0	0	"["""","""",""s1:26->1"",""s1:26->1""]"	"[""s1:1->1"",""s1:3->1"",""s1:1->1"",""s1:3->1""]"
26	59	"3 e7+f4+2(g2+su(2))+2(so(7)+2 su(2))"	"3 e7+f4+so(8)+2(g2+su(2))+2(so(7)+2 su(2))"	26	235	0	0	1	0	0	0	0	0	"[""s1:26->1""]"	"[""""]"
26	59	"3 e7+f4+2(g2+su(2))+2(so(7)+2 su(2))"	"3 e7+f4+su(3)+2(g2+su(2))+2(so(7)+2 su(2))"	26	255	0	1	0	0	0	0	0	0	"[""s1:26->1""]"	"[""""]"
26	59	"3 e7+f4+2(g2+su(2))+2(so(7)+2 su(2))"	"4 e7+f4+2(g2+su(2))+2(so(7)+2 su(2))"	26	130	0	0	0	0	0	0	1	0	"[""s1:26->1""]"	"[""""]"
26	61	"e8+2 e7+f4+2(g2+su(2))+so(7)+2 su(2)"	"e8+2 e7+f4+3(g2+su(2))+so(7)+2 su(2)"	26	150	0	1	0	0	0	0	0	0	"["""",""""]"	"[""s1:1->1"",""s1:26->1""]"
26	61	"e8+2 e7+f4+2(g2+su(2))+so(7)+2 su(2)"	"e8+2 e7+f4+3(g2+su(2))+so(7)+2 su(2)"	31	150	0	1	0	0	0	0	0	0	"[""""]"	"[""s1:25->1""]"
26	63	"e8+2 e7+f4+3(g2+su(2))+so(7)+2 su(2)"	"e8+2 e7+f4+4(g2+su(2))+so(7)+2 su(2)"	26	141	0	1	0	0	0	0	0	0	"[""""]"	"[""s1:26->1""]"
26	64	"3 e7+f4+g2+su(2)+3(so(7)+2 su(2))"	"3 e7+2 f4+g2+su(2)+3(so(7)+2 su(2))"	26	209	0	0	0	1	0	0	0	0	"[""s1:1->1""]"	"[""""]"
26	64	"3 e7+f4+g2+su(2)+3(so(7)+2 su(2))"	"3 e7+e6+f4+g2+su(2)+3(so(7)+2 su(2))"	26	183	0	0	0	0	1	0	0	0	"[""s1:1->1""]"	"[""""]"
26	64	"3 e7+f4+g2+su(2)+3(so(7)+2 su(2))"	"3 e7+e7'+f4+g2+su(2)+3(so(7)+2 su(2))"	26	156	0	0	0	0	0	1	0	0	"[""s1:1->1""]"	"[""""]"
26	64	"3 e7+f4+g2+su(2)+3(so(7)+2 su(2))"	"3 e7+f4+2(g2+su(2))+3(so(7)+2 su(2))"	26	252	0	1	0	0	0	0	0	0	"["""",""s1:1->1""]"	"[""s1:26->1"",""s1:26->1""]"
26	64	"3 e7+f4+g2+su(2)+3(so(7)+2 su(2))"	"3 e7+f4+so(8)+g2+su(2)+3(so(7)+2 su(2))"	26	233	0	0	1	0	0	0	0	0	"[""s1:1->1""]"	"[""""]"
26	64	"3 e7+f4+g2+su(2)+3(so(7)+2 su(2))"	"3 e7+f4+su(3)+g2+su(2)+3(so(7)+2 su(2))"	26	253	0	1	0	0	0	0	0	0	"[""s1:1->1""]"	"[""""]"
26	64	"3 e7+f4+g2+su(2)+3(so(7)+2 su(2))"	"4 e7+f4+g2+su(2)+3(so(7)+2 su(2))"	26	128	0	0	0	0	0	0	1	0	"[""s1:1->1""]"	"[""""]"
26	65	"3 e7+f4+4(so(7)+2 su(2))"	"3 e7+2 f4+4(so(7)+2 su(2))"	26	207	0	0	0	1	0	0	0	0	"[""s1:1->1""]"	"[""""]"
26	65	"3 e7+f4+4(so(7)+2 su(2))"	"3 e7+e6+f4+4(so(7)+2 su(2))"	26	181	0	0	0	0	1	0	0	0	"[""s1:1->1""]"	"[""""]"
26	65	"3 e7+f4+4(so(7)+2 su(2))"	"3 e7+e7'+f4+4(so(7)+2 su(2))"	26	154	0	0	0	0	0	1	0	0	"[""s1:1->1""]"	"[""""]"
26	65	"3 e7+f4+4(so(7)+2 su(2))"	"3 e7+f4+so(8)+4(so(7)+2 su(2))"	26	231	0	0	1	0	0	0	0	0	"[""s1:1->1""]"	"[""""]"
26	65	"3 e7+f4+4(so(7)+2 su(2))"	"3 e7+f4+su(3)+4(so(7)+2 su(2))"	26	251	0	1	0	0	0	0	0	0	"[""s1:1->1"",""s1:1->1, 26->1"",""s1:26->1""]"	"["""","""",""""]"
26	65	"3 e7+f4+4(so(7)+2 su(2))"	"4 e7+f4+4(so(7)+2 su(2))"	26	126	0	0	0	0	0	0	1	0	"[""s1:1->1""]"	"[""""]"
26	66	"3 e7+f4+su(3)+g2+su(2)+3(so(7)+2 su(2))"	"3 e7+2 f4+su(3)+g2+su(2)+3(so(7)+2 su(2))"	26	201	0	0	0	1	0	0	0	0	"[""s1:1->1""]"	"[""""]"
26	66	"3 e7+f4+su(3)+g2+su(2)+3(so(7)+2 su(2))"	"3 e7+e6+f4+su(3)+g2+su(2)+3(so(7)+2 su(2))"	26	175	0	0	0	0	1	0	0	0	"[""s1:1->1""]"	"[""""]"
26	66	"3 e7+f4+su(3)+g2+su(2)+3(so(7)+2 su(2))"	"3 e7+f4+2(g2+su(2))+3(so(7)+2 su(2))"	26	252	1	0	0	0	0	0	0	0	"[""""]"	"[""s1:2->1""]"
26	66	"3 e7+f4+su(3)+g2+su(2)+3(so(7)+2 su(2))"	"3 e7+f4+2(g2+su(2))+3(so(7)+2 su(2))"	31	252	1	0	0	0	0	0	0	0	"[""s1:1->1""]"	"[""s1:2->1""]"
26	66	"3 e7+f4+su(3)+g2+su(2)+3(so(7)+2 su(2))"	"3 e7+f4+2(g2+su(2))+3(so(7)+2 su(2))"	33	252	1	0	0	0	0	0	0	0	"[""s1:1->2"",""s1:1->3""]"	"[""s1:2->1"",""s1:2->1""]"
26	66	"3 e7+f4+su(3)+g2+su(2)+3(so(7)+2 su(2))"	"3 e7+f4+2(g2+su(2))+3(so(7)+2 su(2))"	34	252	1	0	0	0	0	0	0	0	"[""s1:1->4"",""s1:1->5""]"	"[""s1:2->1"",""s1:2->1""]"
26	66	"3 e7+f4+su(3)+g2+su(2)+3(so(7)+2 su(2))"	"3 e7+f4+2 su(3)+g2+su(2)+3(so(7)+2 su(2))"	26	245	0	1	0	0	0	0	0	0	"[""s1:1->1""]"	"[""""]"
26	66	"3 e7+f4+su(3)+g2+su(2)+3(so(7)+2 su(2))"	"3 e7+f4+so(8)+su(3)+g2+su(2)+3(so(7)+2 su(2))"	26	225	0	0	1	0	0	0	0	0	"[""s1:1->1""]"	"[""""]"
26	67	"e8+2 e6+2 f4+3 su(3)+2(g2+su(2))"	"e8+2 e6+2 f4+4 su(3)+2(g2+su(2))"	26	196	0	1	0	0	0	0	0	0	"[""s1:1->1"",""s1:24->1"",""s1:26->1""]"	"["""","""",""""]"
26	67	"e8+2 e6+2 f4+3 su(3)+2(g2+su(2))"	"e8+2 e6+2 f4+4 su(3)+2(g2+su(2))"	28	196	0	1	0	0	0	0	0	0	"[""s1:1->1, 24->1"",""s1:1->1, 26->1""]"	"["""",""""]"
26	67	"e8+2 e6+2 f4+3 su(3)+2(g2+su(2))"	"e8+2 e6+2 f4+so(8)+3 su(3)+2(g2+su(2))"	26	176	0	0	1	0	0	0	0	0	"[""s1:1->1""]"	"[""""]"
26	67	"e8+2 e6+2 f4+3 su(3)+2(g2+su(2))"	"e8+2 e6+3 f4+3 su(3)+2(g2+su(2))"	26	152	0	0	0	1	0	0	0	0	"[""s1:1->1""]"	"[""""]"
26	67	"e8+2 e6+2 f4+3 su(3)+2(g2+su(2))"	"e8+3 e6+2 f4+3 su(3)+2(g2+su(2))"	26	126	0	0	0	0	1	0	0	0	"[""s1:1->1""]"	"[""""]"
26	68	"3 e7+f4+su(3)+2(g2+su(2))+2(so(7)+2 su(2))"	"3 e7+2 f4+su(3)+2(g2+su(2))+2(so(7)+2 su(2))"	26	203	0	0	0	1	0	0	0	0	"[""s1:1->1"",""s1:26->1""]"	"["""",""""]"
26	68	"3 e7+f4+su(3)+2(g2+su(2))+2(so(7)+2 su(2))"	"3 e7+2 f4+su(3)+2(g2+su(2))+2(so(7)+2 su(2))"	28	203	0	0	0	1	0	0	0	0	"[""s1:1->1, 26->1""]"	"[""""]"
26	68	"3 e7+f4+su(3)+2(g2+su(2))+2(so(7)+2 su(2))"	"3 e7+e6+f4+su(3)+2(g2+su(2))+2(so(7)+2 su(2))"	26	177	0	0	0	0	1	0	0	0	"[""s1:26->1""]"	"[""""]"
26	68	"3 e7+f4+su(3)+2(g2+su(2))+2(so(7)+2 su(2))"	"3 e7+f4+2 su(3)+2(g2+su(2))+2(so(7)+2 su(2))"	26	247	0	1	0	0	0	0	0	0	"[""s1:1->1"",""s1:1->1, 26->1"",""s1:26->1""]"	"["""","""",""""]"
26	68	"3 e7+f4+su(3)+2(g2+su(2))+2(so(7)+2 su(2))"	"3 e7+f4+3(g2+su(2))+2(so(7)+2 su(2))"	26	254	1	0	0	0	0	0	0	0	"["""",""s1:1->1""]"	"[""s1:25->1"",""s1:25->1""]"
26	68	"3 e7+f4+su(3)+2(g2+su(2))+2(so(7)+2 su(2))"	"3 e7+f4+3(g2+su(2))+2(so(7)+2 su(2))"	31	254	1	0	0	0	0	0	0	0	"[""s1:1->5"",""s1:26->1"",""s1:5->1, 26->4""]"	"[""s1:25->1"",""s1:25->1"",""s1:25->1""]"
26	68	"3 e7+f4+su(3)+2(g2+su(2))+2(so(7)+2 su(2))"	"3 e7+f4+3(g2+su(2))+2(so(7)+2 su(2))"	33	254	1	0	0	0	0	0	0	0	"[""s1:26->2"",""s1:26->3""]"	"[""s1:25->1"",""s1:25->1""]"
26	68	"3 e7+f4+su(3)+2(g2+su(2))+2(so(7)+2 su(2))"	"3 e7+f4+3(g2+su(2))+2(so(7)+2 su(2))"	34	254	1	0	0	0	0	0	0	0	"[""s1:26->4"",""s1:26->5""]"	"[""s1:25->1"",""s1:25->1""]"
26	68	"3 e7+f4+su(3)+2(g2+su(2))+2(so(7)+2 su(2))"	"3 e7+f4+so(8)+su(3)+2(g2+su(2))+2(so(7)+2 su(2))"	26	227	0	0	1	0	0	0	0	0	"[""s1:1->1"",""s1:26->1""]"	"["""",""""]"
26	68	"3 e7+f4+su(3)+2(g2+su(2))+2(so(7)+2 su(2))"	"3 e7+f4+so(8)+su(3)+2(g2+su(2))+2(so(7)+2 su(2))"	27	227	0	0	1	0	0	0	0	0	"[""s1:1->1, 26->1""]"	"[""""]"
26	68	"3 e7+f4+su(3)+2(g2+su(2))+2(so(7)+2 su(2))"	"3 e7+f4+su(3)+g2+su(2)+3(so(7)+2 su(2))"	26	253	1	0	0	0	0	0	0	0	"["""",""s1:26->1""]"	"[""s1:2->1"",""s1:2->1""]"
26	68	"3 e7+f4+su(3)+2(g2+su(2))+2(so(7)+2 su(2))"	"3 e7+f4+su(3)+g2+su(2)+3(so(7)+2 su(2))"	31	253	1	0	0	0	0	0	0	0	"[""s1:1->1"",""s1:1->1, 5->1"",""s1:1->2, 5->1"",""s1:26->5""]"	"[""s1:2->1"",""s1:2->1"",""s1:2->1"",""s1:2->1""]"
26	68	"3 e7+f4+su(3)+2(g2+su(2))+2(so(7)+2 su(2))"	"3 e7+f4+su(3)+g2+su(2)+3(so(7)+2 su(2))"	32	253	1	0	0	0	0	0	0	0	"[""s1:1->3, 5->1"",""s1:1->4, 5->1""]"	"[""s1:2->1"",""s1:2->1""]"
26	68	"3 e7+f4+su(3)+2(g2+su(2))+2(so(7)+2 su(2))"	"3 e7+f4+su(3)+g2+su(2)+3(so(7)+2 su(2))"	33	253	1	0	0	0	0	0	0	0	"[""s1:1->2"",""s1:1->3""]"	"[""s1:2->1"",""s1:2->1""]"
26	68	"3 e7+f4+su(3)+2(g2+su(2))+2(so(7)+2 su(2))"	"3 e7+f4+su(3)+g2+su(2)+3(so(7)+2 su(2))"	34	253	1	0	0	0	0	0	0	0	"[""s1:1->4"",""s1:1->5""]"	"[""s1:2->1"",""s1:2->1""]"
26	69	"e8+e7+e7'+f4+3(g2+su(2))+so(7)+2 su(2)"	"e8+e7+e7'+2 f4+3(g2+su(2))+so(7)+2 su(2)"	26	126	0	0	0	1	0	0	0	0	"[""s1:1->1""]"	"[""""]"
26	69	"e8+e7+e7'+f4+3(g2+su(2))+so(7)+2 su(2)"	"e8+e7+e7'+f4+4(g2+su(2))+so(7)+2 su(2)"	26	169	0	1	0	0	0	0	0	0	"[""""]"	"[""s1:26->1""]"
26	69	"e8+e7+e7'+f4+3(g2+su(2))+so(7)+2 su(2)"	"e8+e7+e7'+f4+4(g2+su(2))+so(7)+2 su(2)"	29	169	0	1	0	0	0	0	0	0	"[""s1:1->1""]"	"[""s1:26->1""]"
26	69	"e8+e7+e7'+f4+3(g2+su(2))+so(7)+2 su(2)"	"e8+e7+e7'+f4+4(g2+su(2))+so(7)+2 su(2)"	31	169	0	1	0	0	0	0	0	0	"[""s1:1->2""]"	"[""s1:26->1""]"
26	69	"e8+e7+e7'+f4+3(g2+su(2))+so(7)+2 su(2)"	"e8+e7+e7'+f4+so(8)+3(g2+su(2))+so(7)+2 su(2)"	26	150	0	0	1	0	0	0	0	0	"[""s1:1->1""]"	"[""""]"
26	69	"e8+e7+e7'+f4+3(g2+su(2))+so(7)+2 su(2)"	"e8+e7+e7'+f4+su(3)+3(g2+su(2))+so(7)+2 su(2)"	26	170	0	1	0	0	0	0	0	0	"[""s1:1->1""]"	"[""""]"
26	69	"e8+e7+e7'+f4+3(g2+su(2))+so(7)+2 su(2)"	"e8+e7+e7'+f4+su(3)+3(g2+su(2))+so(7)+2 su(2)"	33	170	0	1	0	0	0	0	0	0	"[""s1:1->2""]"	"[""""]"
26	69	"e8+e7+e7'+f4+3(g2+su(2))+so(7)+2 su(2)"	"e8+e7+e7'+f4+su(3)+3(g2+su(2))+so(7)+2 su(2)"	34	170	0	1	0	0	0	0	0	0	"[""s1:1->3""]"	"[""""]"
26	70	"e8+e7+e6+2 f4+3(g2+su(2))+so(7)+2 su(2)"	"e8+e7+e6+2 f4+su(3)+3(g2+su(2))+so(7)+2 su(2)"	26	145	0	1	0	0	0	0	0	0	"[""s1:1->1""]"	"[""""]"
26	73	"e8+e7+e6+2 f4+su(3)+3(g2+su(2))"	"e8+e7+e6+2 f4+2 su(3)+3(g2+su(2))"	26	148	0	1	0	0	0	0	0	0	"[""s1:26->1""]"	"[""""]"
26	75	"e8+2 e6+2 f4+3 su(3)+2(g2+su(2))"	"e8+2 e6+2 f4+4 su(3)+2(g2+su(2))"	26	196	0	1	0	0	0	0	0	0	"[""s1:1->1"",""s1:26->1"",""s1:2->1""]"	"["""","""",""""]"
26	75	"e8+2 e6+2 f4+3 su(3)+2(g2+su(2))"	"e8+2 e6+2 f4+4 su(3)+2(g2+su(2))"	28	196	0	1	0	0	0	0	0	0	"[""s1:1->1, 26->1"",""s1:2->1, 26->1""]"	"["""",""""]"
26	75	"e8+2 e6+2 f4+3 su(3)+2(g2+su(2))"	"e8+2 e6+2 f4+so(8)+3 su(3)+2(g2+su(2))"	26	176	0	0	1	0	0	0	0	0	"[""s1:26->1""]"	"[""""]"
26	75	"e8+2 e6+2 f4+3 su(3)+2(g2+su(2))"	"e8+2 e6+3 f4+3 su(3)+2(g2+su(2))"	26	152	0	0	0	1	0	0	0	0	"[""s1:26->1""]"	"[""""]"
26	75	"e8+2 e6+2 f4+3 su(3)+2(g2+su(2))"	"e8+3 e6+2 f4+3 su(3)+2(g2+su(2))"	26	126	0	0	0	0	1	0	0	0	"[""s1:26->1""]"	"[""""]"
26	76	"e8+e7'+e6+2 f4+su(3)+3(g2+su(2))"	"e8+e7'+e6+2 f4+2 su(3)+3(g2+su(2))"	26	176	0	1	0	0	0	0	0	0	"[""s1:1->1"",""s1:2->1""]"	"["""",""""]"
26	76	"e8+e7'+e6+2 f4+su(3)+3(g2+su(2))"	"e8+e7'+e6+2 f4+2 su(3)+3(g2+su(2))"	31	176	0	1	0	0	0	0	0	0	"[""s1:1->1, 2->1""]"	"[""""]"
26	76	"e8+e7'+e6+2 f4+su(3)+3(g2+su(2))"	"e8+e7'+e6+2 f4+su(3)+4(g2+su(2))"	26	175	0	1	0	0	0	0	0	0	"[""""]"	"[""s1:26->1""]"
26	77	"e8+e7'+e6+2 f4+su(3)+3(g2+su(2))"	"e8+e7'+e6+2 f4+2 su(3)+3(g2+su(2))"	26	176	0	1	0	0	0	0	0	0	"[""s1:1->1"",""s1:2->1""]"	"["""",""""]"
26	77	"e8+e7'+e6+2 f4+su(3)+3(g2+su(2))"	"e8+e7'+e6+2 f4+2 su(3)+3(g2+su(2))"	31	176	0	1	0	0	0	0	0	0	"[""s1:1->1, 2->1""]"	"[""""]"
26	78	"e8+2 e6+2 f4+3 su(3)+2(g2+su(2))"	"e8+2 e6+2 f4+2 su(3)+3(g2+su(2))"	26	203	1	0	0	0	0	0	0	0	"[""""]"	"[""s1:25->1""]"
26	78	"e8+2 e6+2 f4+3 su(3)+2(g2+su(2))"	"e8+2 e6+2 f4+2 su(3)+3(g2+su(2))"	28	203	1	0	0	0	0	0	0	0	"[""s1:1->1"",""s1:2->1""]"	"[""s1:25->1"",""s1:25->1""]"
26	78	"e8+2 e6+2 f4+3 su(3)+2(g2+su(2))"	"e8+2 e6+2 f4+2 su(3)+3(g2+su(2))"	31	203	1	0	0	0	0	0	0	0	"[""s1:1->1, 26->3"",""s1:1->1, 26->4"",""s1:1->1, 2->3"",""s1:1->1, 2->4"",""s1:1->2, 2->3"",""s1:1->3"",""s1:1->3, 2->1"",""s1:1->3, 2->2"",""s1:1->4, 2->1"",""s1:26->1"",""s1:2->1, 26->3"",""s1:2->1, 26->4"",""s1:2->3""]"	"[""s1:25->1"",""s1:25->1"",""s1:25->1"",""s1:25->1"",""s1:25->1"",""s1:25->1"",""s1:25->1"",""s1:25->1"",""s1:25->1"",""s1:25->1"",""s1:25->1"",""s1:25->1"",""s1:25->1""]"
26	78	"e8+2 e6+2 f4+3 su(3)+2(g2+su(2))"	"e8+2 e6+2 f4+2 su(3)+3(g2+su(2))"	32	203	1	0	0	0	0	0	0	0	"[""s1:1->4"",""s1:2->4""]"	"[""s1:25->1"",""s1:25->1""]"
26	78	"e8+2 e6+2 f4+3 su(3)+2(g2+su(2))"	"e8+2 e6+2 f4+2 su(3)+3(g2+su(2))"	33	203	1	0	0	0	0	0	0	0	"[""s1:26->2"",""s1:26->3""]"	"[""s1:25->1"",""s1:25->1""]"
26	78	"e8+2 e6+2 f4+3 su(3)+2(g2+su(2))"	"e8+2 e6+2 f4+2 su(3)+3(g2+su(2))"	34	203	1	0	0	0	0	0	0	0	"[""s1:26->4"",""s1:26->5""]"	"[""s1:25->1"",""s1:25->1""]"
26	78	"e8+2 e6+2 f4+3 su(3)+2(g2+su(2))"	"e8+2 e6+2 f4+4 su(3)+2(g2+su(2))"	26	196	0	1	0	0	0	0	0	0	"[""s1:1->1"",""s1:26->1"",""s1:2->1""]"	"["""","""",""""]"
26	78	"e8+2 e6+2 f4+3 su(3)+2(g2+su(2))"	"e8+2 e6+2 f4+4 su(3)+2(g2+su(2))"	28	196	0	1	0	0	0	0	0	0	"[""s1:1->1, 26->1"",""s1:2->1, 26->1""]"	"["""",""""]"
26	78	"e8+2 e6+2 f4+3 su(3)+2(g2+su(2))"	"e8+2 e6+2 f4+so(8)+3 su(3)+2(g2+su(2))"	26	176	0	0	1	0	0	0	0	0	"[""s1:26->1""]"	"[""""]"
26	78	"e8+2 e6+2 f4+3 su(3)+2(g2+su(2))"	"e8+2 e6+3 f4+3 su(3)+2(g2+su(2))"	26	152	0	0	0	1	0	0	0	0	"[""s1:26->1""]"	"[""""]"
26	78	"e8+2 e6+2 f4+3 su(3)+2(g2+su(2))"	"e8+3 e6+2 f4+3 su(3)+2(g2+su(2))"	26	126	0	0	0	0	1	0	0	0	"[""s1:26->1""]"	"[""""]"
26	79	"e8+e7'+e6+2 f4+su(3)+3(g2+su(2))"	"e8+e7'+e6+2 f4+2 su(3)+3(g2+su(2))"	31	176	0	1	0	0	0	0	0	0	"[""s1:25->1""]"	"[""""]"
26	79	"e8+e7'+e6+2 f4+su(3)+3(g2+su(2))"	"e8+e7'+e6+2 f4+su(3)+4(g2+su(2))"	26	175	0	1	0	0	0	0	0	0	"[""""]"	"[""s1:26->1""]"
26	80	"e8+e7'+e6+2 f4+4(g2+su(2))"	"e8+e7'+e6+2 f4+su(3)+4(g2+su(2))"	26	175	0	1	0	0	0	0	0	0	"[""s1:26->1""]"	"[""""]"
26	81	"e8+e7'+e6+2 f4+4(g2+su(2))"	"e8+e7'+e6+2 f4+su(3)+4(g2+su(2))"	31	175	0	1	0	0	0	0	0	0	"[""s1:25->1""]"	"[""""]"
26	82	"e8+e7+e7'+f4+su(3)+3(g2+su(2))+so(7)+2 su(2)"	"e8+e7+e7'+f4+2 su(3)+3(g2+su(2))+so(7)+2 su(2)"	32	162	0	1	0	0	0	0	0	0	"[""s1:25->1"",""s1:25->2""]"	"["""",""""]"
26	82	"e8+e7+e7'+f4+su(3)+3(g2+su(2))+so(7)+2 su(2)"	"e8+e7+e7'+f4+4(g2+su(2))+so(7)+2 su(2)"	26	169	1	0	0	0	0	0	0	0	"[""""]"	"[""s1:26->1""]"
26	82	"e8+e7+e7'+f4+su(3)+3(g2+su(2))+so(7)+2 su(2)"	"e8+e7+e7'+f4+4(g2+su(2))+so(7)+2 su(2)"	29	169	1	0	0	0	0	0	0	0	"[""s1:1->1"",""s1:2->1""]"	"[""s1:26->1"",""s1:26->1""]"
26	82	"e8+e7+e7'+f4+su(3)+3(g2+su(2))+so(7)+2 su(2)"	"e8+e7+e7'+f4+4(g2+su(2))+so(7)+2 su(2)"	30	169	1	0	0	0	0	0	0	0	"[""s1:1->1, 2->1"",""s1:1->1, 2->1, 25->1""]"	"[""s1:26->1"",""s1:26->1""]"
26	82	"e8+e7+e7'+f4+su(3)+3(g2+su(2))+so(7)+2 su(2)"	"e8+e7+e7'+f4+4(g2+su(2))+so(7)+2 su(2)"	31	169	1	0	0	0	0	0	0	0	"[""s1:1->1, 25->1"",""s1:1->1, 25->2"",""s1:1->1, 25->3"",""s1:1->1, 25->4"",""s1:1->1, 2->1, 25->2"",""s1:1->1, 2->1, 25->3"",""s1:2->1, 25->1"",""s1:2->1, 25->2"",""s1:2->1, 25->3"",""s1:2->1, 25->4""]"	"[""s1:26->1"",""s1:26->1"",""s1:26->1"",""s1:26->1"",""s1:26->1"",""s1:26->1"",""s1:26->1"",""s1:26->1"",""s1:26->1"",""s1:26->1""]"
26	82	"e8+e7+e7'+f4+su(3)+3(g2+su(2))+so(7)+2 su(2)"	"e8+e7+e7'+f4+4(g2+su(2))+so(7)+2 su(2)"	32	169	1	0	0	0	0	0	0	0	"[""s1:25->1"",""s1:25->2"",""s1:25->3"",""s1:25->4"",""s1:25->5""]"	"[""s1:26->1"",""s1:26->1"",""s1:26->1"",""s1:26->1"",""s1:26->1""]"
26	83	"e8+e7+e6+2 f4+su(3)+3(g2+su(2))"	"e8+e7+e6+2 f4+2 su(3)+3(g2+su(2))"	26	148	0	1	0	0	0	0	0	0	"[""s1:26->1""]"	"[""""]"
26	83	"e8+e7+e6+2 f4+su(3)+3(g2+su(2))"	"e8+e7+e6+2 f4+su(3)+4(g2+su(2))"	26	147	0	1	0	0	0	0	0	0	"[""""]"	"[""s1:1->1""]"
26	84	"e8+e7+e6+2 f4+4(g2+su(2))"	"e8+e7+e6+2 f4+5(g2+su(2))"	26	146	0	1	0	0	0	0	0	0	"[""""]"	"[""s1:1->1""]"
26	85	"2 e7+e7'+f4+2(g2+su(2))+2(so(7)+2 su(2))"	"2 e7+2 e7'+f4+2(g2+su(2))+2(so(7)+2 su(2))"	26	186	0	0	0	0	0	1	0	0	"[""s1:26->1""]"	"[""""]"
26	85	"2 e7+e7'+f4+2(g2+su(2))+2(so(7)+2 su(2))"	"2 e7+e7'+2 f4+2(g2+su(2))+2(so(7)+2 su(2))"	26	239	0	0	0	1	0	0	0	0	"[""s1:26->1""]"	"[""""]"
26	85	"2 e7+e7'+f4+2(g2+su(2))+2(so(7)+2 su(2))"	"2 e7+e7'+e6+f4+2(g2+su(2))+2(so(7)+2 su(2))"	26	213	0	0	0	0	1	0	0	0	"[""s1:26->1""]"	"[""""]"
26	85	"2 e7+e7'+f4+2(g2+su(2))+2(so(7)+2 su(2))"	"2 e7+e7'+f4+so(8)+2(g2+su(2))+2(so(7)+2 su(2))"	26	263	0	0	1	0	0	0	0	0	"[""s1:26->1""]"	"[""""]"
26	85	"2 e7+e7'+f4+2(g2+su(2))+2(so(7)+2 su(2))"	"3 e7+e7'+f4+2(g2+su(2))+2(so(7)+2 su(2))"	26	158	0	0	0	0	0	0	1	0	"[""s1:26->1""]"	"[""""]"
26	85	"2 e7+e7'+f4+2(g2+su(2))+2(so(7)+2 su(2))"	"e8+2 e7+e7'+f4+2(g2+su(2))+2(so(7)+2 su(2))"	26	43	0	0	0	0	0	0	0	1	"[""s1:26->1""]"	"[""""]"
26	86	"e8+2 e7+f4+2(g2+su(2))+so(7)+2 su(2)"	"e8+2 e7+f4+3(g2+su(2))+so(7)+2 su(2)"	26	150	0	1	0	0	0	0	0	0	"[""""]"	"[""s1:1->1""]"
26	87	"3 e7+f4+2(g2+su(2))+2(so(7)+2 su(2))"	"3 e7+2 f4+2(g2+su(2))+2(so(7)+2 su(2))"	26	211	0	0	0	1	0	0	0	0	"[""s1:26->1""]"	"[""""]"
26	87	"3 e7+f4+2(g2+su(2))+2(so(7)+2 su(2))"	"3 e7+e6+f4+2(g2+su(2))+2(so(7)+2 su(2))"	26	185	0	0	0	0	1	0	0	0	"[""s1:26->1""]"	"[""""]"
26	87	"3 e7+f4+2(g2+su(2))+2(so(7)+2 su(2))"	"3 e7+e7'+f4+2(g2+su(2))+2(so(7)+2 su(2))"	26	158	0	0	0	0	0	1	0	0	"[""s1:26->1""]"	"[""""]"
26	87	"3 e7+f4+2(g2+su(2))+2(so(7)+2 su(2))"	"3 e7+f4+3(g2+su(2))+2(so(7)+2 su(2))"	26	254	0	1	0	0	0	0	0	0	"["""",""s1:26->1""]"	"[""s1:1->1"",""s1:1->1""]"
26	87	"3 e7+f4+2(g2+su(2))+2(so(7)+2 su(2))"	"3 e7+f4+so(8)+2(g2+su(2))+2(so(7)+2 su(2))"	26	235	0	0	1	0	0	0	0	0	"[""s1:26->1""]"	"[""""]"
26	87	"3 e7+f4+2(g2+su(2))+2(so(7)+2 su(2))"	"3 e7+f4+su(3)+2(g2+su(2))+2(so(7)+2 su(2))"	26	255	0	1	0	0	0	0	0	0	"[""s1:26->1""]"	"[""""]"
26	87	"3 e7+f4+2(g2+su(2))+2(so(7)+2 su(2))"	"4 e7+f4+2(g2+su(2))+2(so(7)+2 su(2))"	26	130	0	0	0	0	0	0	1	0	"[""s1:26->1""]"	"[""""]"
26	88	"e8+2 e7+f4+3(g2+su(2))+so(7)+2 su(2)"	"e8+2 e7+f4+4(g2+su(2))+so(7)+2 su(2)"	26	141	0	1	0	0	0	0	0	0	"[""""]"	"[""s1:1->1""]"
26	89	"e8+2 e7+f4+2(g2+su(2))+so(7)+2 su(2)"	"e8+2 e7+f4+3(g2+su(2))+so(7)+2 su(2)"	26	150	0	1	0	0	0	0	0	0	"[""""]"	"[""s1:26->1""]"
26	89	"e8+2 e7+f4+2(g2+su(2))+so(7)+2 su(2)"	"e8+2 e7+f4+3(g2+su(2))+so(7)+2 su(2)"	31	150	0	1	0	0	0	0	0	0	"[""""]"	"[""s1:25->1""]"
26	90	"e8+2 e7+f4+2(g2+su(2))+2(so(7)+2 su(2))"	"e8+2 e7+f4+3(g2+su(2))+2(so(7)+2 su(2))"	26	139	0	1	0	0	0	0	0	0	"[""""]"	"[""s1:26->1""]"
26	93	"e8+e7+e6+2 f4+su(3)+4(g2+su(2))"	"e8+e7+e6+2 f4+su(3)+3(g2+su(2))+so(7)+2 su(2)"	26	145	1	0	0	0	0	0	0	0	"[""""]"	"[""s1:1->1""]"
26	94	"e8+2 e7+f4+3(g2+su(2))+so(7)+2 su(2)"	"e8+2 e7+f4+2(g2+su(2))+2(so(7)+2 su(2))"	26	148	1	0	0	0	0	0	0	0	"[""""]"	"[""s1:1->1""]"
26	94	"e8+2 e7+f4+3(g2+su(2))+so(7)+2 su(2)"	"e8+2 e7+f4+2(g2+su(2))+2(so(7)+2 su(2))"	31	148	1	0	0	0	0	0	0	0	"[""s1:4->1""]"	"[""s1:1->1""]"
26	96	"2 e7+e7'+f4+2(g2+su(2))+2(so(7)+2 su(2))"	"2 e7+2 e7'+f4+2(g2+su(2))+2(so(7)+2 su(2))"	26	186	0	0	0	0	0	1	0	0	"[""s1:1->1""]"	"[""""]"
26	96	"2 e7+e7'+f4+2(g2+su(2))+2(so(7)+2 su(2))"	"2 e7+e7'+2 f4+2(g2+su(2))+2(so(7)+2 su(2))"	26	239	0	0	0	1	0	0	0	0	"[""s1:1->1""]"	"[""""]"
26	96	"2 e7+e7'+f4+2(g2+su(2))+2(so(7)+2 su(2))"	"2 e7+e7'+e6+f4+2(g2+su(2))+2(so(7)+2 su(2))"	26	213	0	0	0	0	1	0	0	0	"[""s1:1->1""]"	"[""""]"
26	96	"2 e7+e7'+f4+2(g2+su(2))+2(so(7)+2 su(2))"	"2 e7+e7'+f4+so(8)+2(g2+su(2))+2(so(7)+2 su(2))"	26	263	0	0	1	0	0	0	0	0	"[""s1:1->1""]"	"[""""]"
26	96	"2 e7+e7'+f4+2(g2+su(2))+2(so(7)+2 su(2))"	"3 e7+e7'+f4+2(g2+su(2))+2(so(7)+2 su(2))"	26	158	0	0	0	0	0	0	1	0	"[""s1:1->1""]"	"[""""]"
26	96	"2 e7+e7'+f4+2(g2+su(2))+2(so(7)+2 su(2))"	"e8+2 e7+e7'+f4+2(g2+su(2))+2(so(7)+2 su(2))"	26	43	0	0	0	0	0	0	0	1	"[""s1:1->1""]"	"[""""]"
26	97	"e8+e6+2 f4+so(8)+2 su(3)+3(g2+su(2))"	"2 e8+e6+2 f4+so(8)+2 su(3)+3(g2+su(2))"	26	5	0	0	0	0	0	0	0	1	"[""s1:1->1""]"	"[""""]"
26	97	"e8+e6+2 f4+so(8)+2 su(3)+3(g2+su(2))"	"e8+2 e6+2 f4+so(8)+2 su(3)+3(g2+su(2))"	26	175	0	0	0	0	1	0	0	0	"[""s1:1->1""]"	"[""""]"
26	97	"e8+e6+2 f4+so(8)+2 su(3)+3(g2+su(2))"	"e8+e6+2 f4+2 so(8)+2 su(3)+3(g2+su(2))"	26	225	0	0	1	0	0	0	0	0	"[""s1:1->1""]"	"[""""]"
26	97	"e8+e6+2 f4+so(8)+2 su(3)+3(g2+su(2))"	"e8+e6+2 f4+so(8)+3 su(3)+3(g2+su(2))"	26	245	0	1	0	0	0	0	0	0	"[""s1:1->1""]"	"[""""]"
26	97	"e8+e6+2 f4+so(8)+2 su(3)+3(g2+su(2))"	"e8+e6+3 f4+so(8)+2 su(3)+3(g2+su(2))"	26	201	0	0	0	1	0	0	0	0	"[""s1:1->1""]"	"[""""]"
26	97	"e8+e6+2 f4+so(8)+2 su(3)+3(g2+su(2))"	"e8+e7'+e6+2 f4+so(8)+2 su(3)+3(g2+su(2))"	26	148	0	0	0	0	0	1	0	0	"[""s1:1->1""]"	"[""""]"
26	97	"e8+e6+2 f4+so(8)+2 su(3)+3(g2+su(2))"	"e8+e7+e6+2 f4+so(8)+2 su(3)+3(g2+su(2))"	26	120	0	0	0	0	0	0	1	0	"[""s1:1->1""]"	"[""""]"
26	98	"3 e6+2 f4+4 su(3)+2(g2+su(2))"	"e7'+3 e6+2 f4+4 su(3)+2(g2+su(2))"	26	261	0	0	0	0	0	1	0	0	"[""s1:1->1"",""s1:1->1, 26->1"",""s1:26->1""]"	"["""","""",""""]"
26	98	"3 e6+2 f4+4 su(3)+2(g2+su(2))"	"e7+3 e6+2 f4+4 su(3)+2(g2+su(2))"	26	233	0	0	0	0	0	0	1	0	"[""s1:1->1"",""s1:26->1""]"	"["""",""""]"
26	98	"3 e6+2 f4+4 su(3)+2(g2+su(2))"	"e7+3 e6+2 f4+4 su(3)+2(g2+su(2))"	27	233	0	0	0	0	0	0	1	0	"[""s1:1->1, 26->1""]"	"[""""]"
26	98	"3 e6+2 f4+4 su(3)+2(g2+su(2))"	"e8+3 e6+2 f4+4 su(3)+2(g2+su(2))"	26	118	0	0	0	0	0	0	0	1	"[""s1:26->1""]"	"[""""]"
26	99	"3 e7+f4+2(g2+su(2))+2(so(7)+2 su(2))"	"3 e7+2 f4+2(g2+su(2))+2(so(7)+2 su(2))"	26	211	0	0	0	1	0	0	0	0	"[""s1:1->1""]"	"[""""]"
26	99	"3 e7+f4+2(g2+su(2))+2(so(7)+2 su(2))"	"3 e7+e6+f4+2(g2+su(2))+2(so(7)+2 su(2))"	26	185	0	0	0	0	1	0	0	0	"[""s1:1->1""]"	"[""""]"
26	99	"3 e7+f4+2(g2+su(2))+2(so(7)+2 su(2))"	"3 e7+e7'+f4+2(g2+su(2))+2(so(7)+2 su(2))"	26	158	0	0	0	0	0	1	0	0	"[""s1:1->1""]"	"[""""]"
26	99	"3 e7+f4+2(g2+su(2))+2(so(7)+2 su(2))"	"3 e7+f4+so(8)+2(g2+su(2))+2(so(7)+2 su(2))"	26	235	0	0	1	0	0	0	0	0	"[""s1:1->1""]"	"[""""]"
26	99	"3 e7+f4+2(g2+su(2))+2(so(7)+2 su(2))"	"3 e7+f4+su(3)+2(g2+su(2))+2(so(7)+2 su(2))"	26	255	0	1	0	0	0	0	0	0	"[""s1:1->1""]"	"[""""]"
26	99	"3 e7+f4+2(g2+su(2))+2(so(7)+2 su(2))"	"4 e7+f4+2(g2+su(2))+2(so(7)+2 su(2))"	26	130	0	0	0	0	0	0	1	0	"[""s1:1->1""]"	"[""""]"
26	100	"2 e7+e7'+f4+su(3)+g2+su(2)+3(so(7)+2 su(2))"	"2 e7+2 e7'+f4+su(3)+g2+su(2)+3(so(7)+2 su(2))"	26	176	0	0	0	0	0	1	0	0	"[""s1:1->1""]"	"[""""]"
26	100	"2 e7+e7'+f4+su(3)+g2+su(2)+3(so(7)+2 su(2))"	"2 e7+e7'+2 f4+su(3)+g2+su(2)+3(so(7)+2 su(2))"	26	229	0	0	0	1	0	0	0	0	"[""s1:1->1"",""s1:26->1""]"	"["""",""""]"
26	100	"2 e7+e7'+f4+su(3)+g2+su(2)+3(so(7)+2 su(2))"	"2 e7+e7'+2 f4+su(3)+g2+su(2)+3(so(7)+2 su(2))"	27	229	0	0	0	1	0	0	0	0	"[""s1:1->1, 26->1""]"	"[""""]"
26	100	"2 e7+e7'+f4+su(3)+g2+su(2)+3(so(7)+2 su(2))"	"2 e7+e7'+e6+f4+su(3)+g2+su(2)+3(so(7)+2 su(2))"	26	203	0	0	0	0	1	0	0	0	"[""s1:1->1"",""s1:26->1""]"	"["""",""""]"
26	100	"2 e7+e7'+f4+su(3)+g2+su(2)+3(so(7)+2 su(2))"	"2 e7+e7'+e6+f4+su(3)+g2+su(2)+3(so(7)+2 su(2))"	28	203	0	0	0	0	1	0	0	0	"[""s1:1->1, 26->1""]"	"[""""]"
26	100	"2 e7+e7'+f4+su(3)+g2+su(2)+3(so(7)+2 su(2))"	"2 e7+e7'+f4+2 su(3)+g2+su(2)+3(so(7)+2 su(2))"	26	273	0	1	0	0	0	0	0	0	"[""s1:1->1"",""s1:26->1""]"	"["""",""""]"
26	100	"2 e7+e7'+f4+su(3)+g2+su(2)+3(so(7)+2 su(2))"	"2 e7+e7'+f4+so(8)+su(3)+g2+su(2)+3(so(7)+2 su(2))"	26	253	0	0	1	0	0	0	0	0	"[""s1:1->1"",""s1:1->1, 26->1"",""s1:26->1""]"	"["""","""",""""]"
26	100	"2 e7+e7'+f4+su(3)+g2+su(2)+3(so(7)+2 su(2))"	"3 e7+e7'+f4+su(3)+g2+su(2)+3(so(7)+2 su(2))"	26	148	0	0	0	0	0	0	1	0	"[""s1:1->1""]"	"[""""]"
26	101	"e8+e7+2 f4+so(8)+su(3)+4(g2+su(2))"	"e8+e7+2 f4+2 so(8)+su(3)+4(g2+su(2))"	26	169	0	0	1	0	0	0	0	0	"[""s1:1->1""]"	"[""""]"
26	101	"e8+e7+2 f4+so(8)+su(3)+4(g2+su(2))"	"e8+e7+2 f4+so(8)+2 su(3)+4(g2+su(2))"	26	189	0	1	0	0	0	0	0	0	"[""s1:1->1""]"	"[""""]"
26	101	"e8+e7+2 f4+so(8)+su(3)+4(g2+su(2))"	"e8+e7+2 f4+so(8)+5(g2+su(2))"	26	196	1	0	0	0	0	0	0	0	"[""""]"	"[""s1:2->1""]"
26	101	"e8+e7+2 f4+so(8)+su(3)+4(g2+su(2))"	"e8+e7+2 f4+so(8)+5(g2+su(2))"	31	196	1	0	0	0	0	0	0	0	"[""s1:1->1""]"	"[""s1:2->1""]"
26	101	"e8+e7+2 f4+so(8)+su(3)+4(g2+su(2))"	"e8+e7+2 f4+so(8)+5(g2+su(2))"	33	196	1	0	0	0	0	0	0	0	"[""s1:1->2"",""s1:1->3""]"	"[""s1:2->1"",""s1:2->1""]"
26	101	"e8+e7+2 f4+so(8)+su(3)+4(g2+su(2))"	"e8+e7+2 f4+so(8)+5(g2+su(2))"	34	196	1	0	0	0	0	0	0	0	"[""s1:1->4"",""s1:1->5""]"	"[""s1:2->1"",""s1:2->1""]"
26	101	"e8+e7+2 f4+so(8)+su(3)+4(g2+su(2))"	"e8+e7+2 f4+so(8)+su(3)+3(g2+su(2))+so(7)+2 su(2)"	31	195	1	0	0	0	0	0	0	0	"[""""]"	"[""s1:24->1""]"
26	101	"e8+e7+2 f4+so(8)+su(3)+4(g2+su(2))"	"e8+e7+3 f4+so(8)+su(3)+4(g2+su(2))"	26	145	0	0	0	1	0	0	0	0	"[""s1:1->1""]"	"[""""]"
26	101	"e8+e7+2 f4+so(8)+su(3)+4(g2+su(2))"	"e8+e7+e6+2 f4+so(8)+su(3)+4(g2+su(2))"	26	119	0	0	0	0	1	0	0	0	"[""s1:1->1""]"	"[""""]"
26	102	"2 e7+e6+f4+su(3)+2(g2+su(2))+2(so(7)+2 su(2))"	"2 e7+2 e6+f4+su(3)+2(g2+su(2))+2(so(7)+2 su(2))"	26	232	0	0	0	0	1	0	0	0	"[""s1:1->1"",""s1:26->1""]"	"["""",""""]"
26	102	"2 e7+e6+f4+su(3)+2(g2+su(2))+2(so(7)+2 su(2))"	"2 e7+2 e6+f4+su(3)+2(g2+su(2))+2(so(7)+2 su(2))"	27	232	0	0	0	0	1	0	0	0	"[""s1:1->1, 26->1""]"	"[""""]"
26	102	"2 e7+e6+f4+su(3)+2(g2+su(2))+2(so(7)+2 su(2))"	"2 e7+e6+2 f4+su(3)+2(g2+su(2))+2(so(7)+2 su(2))"	26	258	0	0	0	1	0	0	0	0	"[""s1:1->1"",""s1:1->1, 26->1"",""s1:26->1""]"	"["""","""",""""]"
26	102	"2 e7+e6+f4+su(3)+2(g2+su(2))+2(so(7)+2 su(2))"	"2 e7+e7'+e6+f4+su(3)+2(g2+su(2))+2(so(7)+2 su(2))"	26	205	0	0	0	0	0	1	0	0	"[""s1:26->1""]"	"[""""]"
26	102	"2 e7+e6+f4+su(3)+2(g2+su(2))+2(so(7)+2 su(2))"	"3 e7+e6+f4+su(3)+2(g2+su(2))+2(so(7)+2 su(2))"	26	177	0	0	0	0	0	0	1	0	"[""s1:26->1""]"	"[""""]"
26	102	"2 e7+e6+f4+su(3)+2(g2+su(2))+2(so(7)+2 su(2))"	"e8+2 e7+e6+f4+su(3)+2(g2+su(2))+2(so(7)+2 su(2))"	26	62	0	0	0	0	0	0	0	1	"[""s1:26->1""]"	"[""""]"
26	103	"e8+2 e6+2 f4+3 su(3)+2(g2+su(2))"	"e8+2 e6+2 f4+3 su(3)+3(g2+su(2))"	26	195	0	1	0	0	0	0	0	0	"[""""]"	"[""s1:26->1""]"
26	103	"e8+2 e6+2 f4+3 su(3)+2(g2+su(2))"	"e8+2 e6+2 f4+3 su(3)+3(g2+su(2))"	28	195	0	1	0	0	0	0	0	0	"[""s1:1->1""]"	"[""s1:26->1""]"
26	103	"e8+2 e6+2 f4+3 su(3)+2(g2+su(2))"	"e8+2 e6+2 f4+4 su(3)+2(g2+su(2))"	26	196	0	1	0	0	0	0	0	0	"[""s1:1->1""]"	"[""""]"
26	103	"e8+2 e6+2 f4+3 su(3)+2(g2+su(2))"	"e8+2 e6+2 f4+so(8)+3 su(3)+2(g2+su(2))"	26	176	0	0	1	0	0	0	0	0	"[""s1:1->1""]"	"[""""]"
26	103	"e8+2 e6+2 f4+3 su(3)+2(g2+su(2))"	"e8+2 e6+3 f4+3 su(3)+2(g2+su(2))"	26	152	0	0	0	1	0	0	0	0	"[""s1:1->1""]"	"[""""]"
26	103	"e8+2 e6+2 f4+3 su(3)+2(g2+su(2))"	"e8+3 e6+2 f4+3 su(3)+2(g2+su(2))"	26	126	0	0	0	0	1	0	0	0	"[""s1:1->1""]"	"[""""]"
26	104	"e8+2 e6+2 f4+2 su(3)+3(g2+su(2))"	"e8+2 e6+2 f4+3 su(3)+3(g2+su(2))"	26	195	0	1	0	0	0	0	0	0	"[""s1:1->1""]"	"[""""]"
26	104	"e8+2 e6+2 f4+2 su(3)+3(g2+su(2))"	"e8+2 e6+2 f4+so(8)+2 su(3)+3(g2+su(2))"	26	175	0	0	1	0	0	0	0	0	"[""s1:1->1""]"	"[""""]"
26	104	"e8+2 e6+2 f4+2 su(3)+3(g2+su(2))"	"e8+2 e6+3 f4+2 su(3)+3(g2+su(2))"	26	151	0	0	0	1	0	0	0	0	"[""s1:1->1""]"	"[""""]"
26	104	"e8+2 e6+2 f4+2 su(3)+3(g2+su(2))"	"e8+3 e6+2 f4+2 su(3)+3(g2+su(2))"	26	125	0	0	0	0	1	0	0	0	"[""s1:1->1""]"	"[""""]"
26	105	"e8+2 e6+2 f4+3 su(3)+2(g2+su(2))"	"e8+2 e6+2 f4+3 su(3)+3(g2+su(2))"	26	195	0	1	0	0	0	0	0	0	"[""""]"	"[""s1:26->1""]"
26	105	"e8+2 e6+2 f4+3 su(3)+2(g2+su(2))"	"e8+2 e6+2 f4+3 su(3)+3(g2+su(2))"	28	195	0	1	0	0	0	0	0	0	"[""s1:1->1""]"	"[""s1:26->1""]"
26	105	"e8+2 e6+2 f4+3 su(3)+2(g2+su(2))"	"e8+2 e6+2 f4+4 su(3)+2(g2+su(2))"	26	196	0	1	0	0	0	0	0	0	"[""s1:1->1""]"	"[""""]"
26	105	"e8+2 e6+2 f4+3 su(3)+2(g2+su(2))"	"e8+2 e6+2 f4+so(8)+3 su(3)+2(g2+su(2))"	26	176	0	0	1	0	0	0	0	0	"[""s1:1->1""]"	"[""""]"
26	105	"e8+2 e6+2 f4+3 su(3)+2(g2+su(2))"	"e8+2 e6+3 f4+3 su(3)+2(g2+su(2))"	26	152	0	0	0	1	0	0	0	0	"[""s1:1->1""]"	"[""""]"
26	105	"e8+2 e6+2 f4+3 su(3)+2(g2+su(2))"	"e8+3 e6+2 f4+3 su(3)+2(g2+su(2))"	26	126	0	0	0	0	1	0	0	0	"[""s1:1->1""]"	"[""""]"
26	106	"2 e7+e7'+f4+3(g2+su(2))+2(so(7)+2 su(2))"	"2 e7+2 e7'+f4+3(g2+su(2))+2(so(7)+2 su(2))"	26	177	0	0	0	0	0	1	0	0	"[""s1:26->1""]"	"[""""]"
26	106	"2 e7+e7'+f4+3(g2+su(2))+2(so(7)+2 su(2))"	"2 e7+e7'+2 f4+3(g2+su(2))+2(so(7)+2 su(2))"	26	230	0	0	0	1	0	0	0	0	"[""s1:1->1"",""s1:26->1""]"	"["""",""""]"
26	106	"2 e7+e7'+f4+3(g2+su(2))+2(so(7)+2 su(2))"	"2 e7+e7'+2 f4+3(g2+su(2))+2(so(7)+2 su(2))"	27	230	0	0	0	1	0	0	0	0	"[""s1:1->1, 26->1""]"	"[""""]"
26	106	"2 e7+e7'+f4+3(g2+su(2))+2(so(7)+2 su(2))"	"2 e7+e7'+e6+f4+3(g2+su(2))+2(so(7)+2 su(2))"	26	204	0	0	0	0	1	0	0	0	"[""s1:26->1""]"	"[""""]"
26	106	"2 e7+e7'+f4+3(g2+su(2))+2(so(7)+2 su(2))"	"2 e7+e7'+f4+so(8)+3(g2+su(2))+2(so(7)+2 su(2))"	26	254	0	0	1	0	0	0	0	0	"[""s1:1->1"",""s1:1->1, 26->1"",""s1:26->1""]"	"["""","""",""""]"
26	106	"2 e7+e7'+f4+3(g2+su(2))+2(so(7)+2 su(2))"	"3 e7+e7'+f4+3(g2+su(2))+2(so(7)+2 su(2))"	26	149	0	0	0	0	0	0	1	0	"[""s1:26->1""]"	"[""""]"
26	107	"e8+e7+2 f4+so(8)+su(3)+4(g2+su(2))"	"e8+e7+2 f4+2 so(8)+su(3)+4(g2+su(2))"	26	169	0	0	1	0	0	0	0	0	"[""s1:1->1""]"	"[""""]"
26	107	"e8+e7+2 f4+so(8)+su(3)+4(g2+su(2))"	"e8+e7+2 f4+so(8)+2 su(3)+4(g2+su(2))"	26	189	0	1	0	0	0	0	0	0	"[""s1:1->1""]"	"[""""]"
26	107	"e8+e7+2 f4+so(8)+su(3)+4(g2+su(2))"	"e8+e7+2 f4+so(8)+2 su(3)+4(g2+su(2))"	29	189	0	1	0	0	0	0	0	0	"[""s1:1->2, 25->1"",""s1:1->3, 25->1""]"	"["""",""""]"
26	107	"e8+e7+2 f4+so(8)+su(3)+4(g2+su(2))"	"e8+e7+2 f4+so(8)+5(g2+su(2))"	31	196	1	0	0	0	0	0	0	0	"["""",""s1:25->1""]"	"[""s1:24->1"",""s1:24->1""]"
26	107	"e8+e7+2 f4+so(8)+su(3)+4(g2+su(2))"	"e8+e7+2 f4+so(8)+su(3)+3(g2+su(2))+so(7)+2 su(2)"	26	195	1	0	0	0	0	0	0	0	"[""""]"	"[""s1:2->1""]"
26	107	"e8+e7+2 f4+so(8)+su(3)+4(g2+su(2))"	"e8+e7+2 f4+so(8)+su(3)+3(g2+su(2))+so(7)+2 su(2)"	31	195	1	0	0	0	0	0	0	0	"[""s1:1->1"",""s1:1->1, 25->4"",""s1:25->2"",""s1:25->3"",""s1:25->4""]"	"[""s1:2->1"",""s1:2->1"",""s1:2->1"",""s1:2->1"",""s1:2->1""]"
26	107	"e8+e7+2 f4+so(8)+su(3)+4(g2+su(2))"	"e8+e7+2 f4+so(8)+su(3)+3(g2+su(2))+so(7)+2 su(2)"	33	195	1	0	0	0	0	0	0	0	"[""s1:1->2"",""s1:1->3""]"	"[""s1:2->1"",""s1:2->1""]"
26	107	"e8+e7+2 f4+so(8)+su(3)+4(g2+su(2))"	"e8+e7+2 f4+so(8)+su(3)+3(g2+su(2))+so(7)+2 su(2)"	34	195	1	0	0	0	0	0	0	0	"[""s1:1->4"",""s1:1->5""]"	"[""s1:2->1"",""s1:2->1""]"
26	107	"e8+e7+2 f4+so(8)+su(3)+4(g2+su(2))"	"e8+e7+3 f4+so(8)+su(3)+4(g2+su(2))"	26	145	0	0	0	1	0	0	0	0	"[""s1:1->1""]"	"[""""]"
26	108	"3 e7+f4+su(3)+2(g2+su(2))+2(so(7)+2 su(2))"	"3 e7+2 f4+su(3)+2(g2+su(2))+2(so(7)+2 su(2))"	26	203	0	0	0	1	0	0	0	0	"[""s1:1->1"",""s1:26->1""]"	"["""",""""]"
26	108	"3 e7+f4+su(3)+2(g2+su(2))+2(so(7)+2 su(2))"	"3 e7+2 f4+su(3)+2(g2+su(2))+2(so(7)+2 su(2))"	28	203	0	0	0	1	0	0	0	0	"[""s1:1->1, 26->1""]"	"[""""]"
26	108	"3 e7+f4+su(3)+2(g2+su(2))+2(so(7)+2 su(2))"	"3 e7+e6+f4+su(3)+2(g2+su(2))+2(so(7)+2 su(2))"	26	177	0	0	0	0	1	0	0	0	"[""s1:26->1""]"	"[""""]"
26	108	"3 e7+f4+su(3)+2(g2+su(2))+2(so(7)+2 su(2))"	"3 e7+f4+2 su(3)+2(g2+su(2))+2(so(7)+2 su(2))"	26	247	0	1	0	0	0	0	0	0	"[""s1:1->1"",""s1:1->1, 26->1"",""s1:26->1""]"	"["""","""",""""]"
26	108	"3 e7+f4+su(3)+2(g2+su(2))+2(so(7)+2 su(2))"	"3 e7+f4+3(g2+su(2))+2(so(7)+2 su(2))"	26	254	1	0	0	0	0	0	0	0	"["""",""s1:1->1""]"	"[""s1:25->1"",""s1:25->1""]"
26	108	"3 e7+f4+su(3)+2(g2+su(2))+2(so(7)+2 su(2))"	"3 e7+f4+3(g2+su(2))+2(so(7)+2 su(2))"	31	254	1	0	0	0	0	0	0	0	"[""s1:1->5"",""s1:26->1""]"	"[""s1:25->1"",""s1:25->1""]"
26	108	"3 e7+f4+su(3)+2(g2+su(2))+2(so(7)+2 su(2))"	"3 e7+f4+3(g2+su(2))+2(so(7)+2 su(2))"	33	254	1	0	0	0	0	0	0	0	"[""s1:26->2"",""s1:26->3""]"	"[""s1:25->1"",""s1:25->1""]"
26	108	"3 e7+f4+su(3)+2(g2+su(2))+2(so(7)+2 su(2))"	"3 e7+f4+3(g2+su(2))+2(so(7)+2 su(2))"	34	254	1	0	0	0	0	0	0	0	"[""s1:26->4"",""s1:26->5""]"	"[""s1:25->1"",""s1:25->1""]"
26	108	"3 e7+f4+su(3)+2(g2+su(2))+2(so(7)+2 su(2))"	"3 e7+f4+so(8)+su(3)+2(g2+su(2))+2(so(7)+2 su(2))"	26	227	0	0	1	0	0	0	0	0	"[""s1:1->1"",""s1:26->1""]"	"["""",""""]"
26	108	"3 e7+f4+su(3)+2(g2+su(2))+2(so(7)+2 su(2))"	"3 e7+f4+so(8)+su(3)+2(g2+su(2))+2(so(7)+2 su(2))"	27	227	0	0	1	0	0	0	0	0	"[""s1:1->1, 26->1""]"	"[""""]"
26	109	"e8+2 e6+2 f4+2 su(3)+3(g2+su(2))"	"e8+2 e6+2 f4+3 su(3)+3(g2+su(2))"	26	195	0	1	0	0	0	0	0	0	"[""s1:1->1"",""s1:26->1""]"	"["""",""""]"
26	109	"e8+2 e6+2 f4+2 su(3)+3(g2+su(2))"	"e8+2 e6+2 f4+3 su(3)+3(g2+su(2))"	28	195	0	1	0	0	0	0	0	0	"[""s1:1->1, 26->1""]"	"[""""]"
26	109	"e8+2 e6+2 f4+2 su(3)+3(g2+su(2))"	"e8+2 e6+2 f4+so(8)+2 su(3)+3(g2+su(2))"	26	175	0	0	1	0	0	0	0	0	"[""s1:26->1""]"	"[""""]"
26	109	"e8+2 e6+2 f4+2 su(3)+3(g2+su(2))"	"e8+2 e6+3 f4+2 su(3)+3(g2+su(2))"	26	151	0	0	0	1	0	0	0	0	"[""s1:26->1""]"	"[""""]"
26	109	"e8+2 e6+2 f4+2 su(3)+3(g2+su(2))"	"e8+3 e6+2 f4+2 su(3)+3(g2+su(2))"	26	125	0	0	0	0	1	0	0	0	"[""s1:26->1""]"	"[""""]"
26	110	"e8+e7'+e6+2 f4+4(g2+su(2))"	"e8+e7'+e6+2 f4+5(g2+su(2))"	26	174	0	1	0	0	0	0	0	0	"[""""]"	"[""s1:26->1""]"
26	110	"e8+e7'+e6+2 f4+4(g2+su(2))"	"e8+e7'+e6+2 f4+su(3)+4(g2+su(2))"	26	175	0	1	0	0	0	0	0	0	"[""s1:1->1""]"	"[""""]"
26	111	"e8+2 e6+3 f4+3 su(3)+2(g2+su(2))"	"e8+2 e6+3 f4+4 su(3)+2(g2+su(2))"	26	144	0	1	0	0	0	0	0	0	"[""s1:1->1""]"	"[""""]"
26	112	"e8+2 e6+3 f4+3 su(3)+2(g2+su(2))"	"e8+2 e6+3 f4+2 su(3)+3(g2+su(2))"	31	151	1	0	0	0	0	0	0	0	"["""",""s1:1->1"",""s1:1->2"",""s1:1->3"",""s1:1->4""]"	"[""s1:24->1"",""s1:24->1"",""s1:24->1"",""s1:24->1"",""s1:24->1""]"
26	112	"e8+2 e6+3 f4+3 su(3)+2(g2+su(2))"	"e8+2 e6+3 f4+4 su(3)+2(g2+su(2))"	26	144	0	1	0	0	0	0	0	0	"[""s1:1->1""]"	"[""""]"
26	113	"e8+e7'+e6+2 f4+su(3)+3(g2+su(2))"	"e8+e7'+e6+2 f4+2 su(3)+3(g2+su(2))"	31	176	0	1	0	0	0	0	0	0	"[""s1:25->1""]"	"[""""]"
26	113	"e8+e7'+e6+2 f4+su(3)+3(g2+su(2))"	"e8+e7'+e6+2 f4+su(3)+4(g2+su(2))"	26	175	0	1	0	0	0	0	0	0	"[""""]"	"[""s1:26->1""]"
26	114	"e8+e7'+e6+2 f4+4(g2+su(2))"	"e8+e7'+e6+2 f4+su(3)+4(g2+su(2))"	26	175	0	1	0	0	0	0	0	0	"[""s1:26->1""]"	"[""""]"
26	115	"e8+e7'+e6+2 f4+4(g2+su(2))"	"e8+e7'+e6+2 f4+su(3)+4(g2+su(2))"	31	175	0	1	0	0	0	0	0	0	"[""s1:25->1""]"	"[""""]"
26	116	"e8+2 e6+2 f4+3 su(3)+2(g2+su(2))"	"e8+2 e6+2 f4+2 su(3)+3(g2+su(2))"	26	203	1	0	0	0	0	0	0	0	"[""""]"	"[""s1:25->1""]"
26	116	"e8+2 e6+2 f4+3 su(3)+2(g2+su(2))"	"e8+2 e6+2 f4+2 su(3)+3(g2+su(2))"	31	203	1	0	0	0	0	0	0	0	"[""s1:26->1"",""s1:2->3"",""s1:2->4""]"	"[""s1:25->1"",""s1:25->1"",""s1:25->1""]"
26	116	"e8+2 e6+2 f4+3 su(3)+2(g2+su(2))"	"e8+2 e6+2 f4+2 su(3)+3(g2+su(2))"	33	203	1	0	0	0	0	0	0	0	"[""s1:26->2"",""s1:26->3""]"	"[""s1:25->1"",""s1:25->1""]"
26	116	"e8+2 e6+2 f4+3 su(3)+2(g2+su(2))"	"e8+2 e6+2 f4+2 su(3)+3(g2+su(2))"	34	203	1	0	0	0	0	0	0	0	"[""s1:26->4"",""s1:26->5""]"	"[""s1:25->1"",""s1:25->1""]"
26	116	"e8+2 e6+2 f4+3 su(3)+2(g2+su(2))"	"e8+2 e6+2 f4+3 su(3)+3(g2+su(2))"	26	195	0	1	0	0	0	0	0	0	"[""""]"	"[""s1:1->1""]"
26	116	"e8+2 e6+2 f4+3 su(3)+2(g2+su(2))"	"e8+2 e6+2 f4+3 su(3)+3(g2+su(2))"	28	195	0	1	0	0	0	0	0	0	"[""s1:26->1""]"	"[""s1:1->1""]"
26	116	"e8+2 e6+2 f4+3 su(3)+2(g2+su(2))"	"e8+2 e6+2 f4+4 su(3)+2(g2+su(2))"	26	196	0	1	0	0	0	0	0	0	"[""s1:26->1""]"	"[""""]"
26	116	"e8+2 e6+2 f4+3 su(3)+2(g2+su(2))"	"e8+2 e6+2 f4+so(8)+3 su(3)+2(g2+su(2))"	26	176	0	0	1	0	0	0	0	0	"[""s1:26->1""]"	"[""""]"
26	116	"e8+2 e6+2 f4+3 su(3)+2(g2+su(2))"	"e8+2 e6+3 f4+3 su(3)+2(g2+su(2))"	26	152	0	0	0	1	0	0	0	0	"[""s1:26->1""]"	"[""""]"
26	116	"e8+2 e6+2 f4+3 su(3)+2(g2+su(2))"	"e8+3 e6+2 f4+3 su(3)+2(g2+su(2))"	26	126	0	0	0	0	1	0	0	0	"[""s1:26->1""]"	"[""""]"
26	117	"e8+e7'+e6+2 f4+su(3)+3(g2+su(2))"	"e8+e7'+e6+2 f4+2 su(3)+3(g2+su(2))"	31	176	0	1	0	0	0	0	0	0	"[""s1:25->1""]"	"[""""]"
26	117	"e8+e7'+e6+2 f4+su(3)+3(g2+su(2))"	"e8+e7'+e6+2 f4+su(3)+3(g2+su(2))+so(7)+2 su(2)"	29	173	0	1	0	0	0	0	0	0	"[""""]"	"[""s1:26->1, 1->1""]"
26	117	"e8+e7'+e6+2 f4+su(3)+3(g2+su(2))"	"e8+e7'+e6+2 f4+su(3)+4(g2+su(2))"	26	175	0	1	0	0	0	0	0	0	"["""",""""]"	"[""s1:1->1"",""s1:26->1""]"
26	118	"e8+e7'+e6+2 f4+4(g2+su(2))"	"e8+e7'+e6+2 f4+5(g2+su(2))"	26	174	0	1	0	0	0	0	0	0	"[""""]"	"[""s1:1->1""]"
26	118	"e8+e7'+e6+2 f4+4(g2+su(2))"	"e8+e7'+e6+2 f4+su(3)+4(g2+su(2))"	31	175	0	1	0	0	0	0	0	0	"[""s1:25->1""]"	"[""""]"
26	119	"e8+e7+e7'+f4+su(3)+3(g2+su(2))+so(7)+2 su(2)"	"e8+e7+e7'+f4+2 su(3)+3(g2+su(2))+so(7)+2 su(2)"	32	162	0	1	0	0	0	0	0	0	"[""s1:25->1"",""s1:25->2""]"	"["""",""""]"
26	119	"e8+e7+e7'+f4+su(3)+3(g2+su(2))+so(7)+2 su(2)"	"e8+e7+e7'+f4+4(g2+su(2))+so(7)+2 su(2)"	26	169	1	0	0	0	0	0	0	0	"[""""]"	"[""s1:26->1""]"
26	119	"e8+e7+e7'+f4+su(3)+3(g2+su(2))+so(7)+2 su(2)"	"e8+e7+e7'+f4+4(g2+su(2))+so(7)+2 su(2)"	30	169	1	0	0	0	0	0	0	0	"[""s1:2->1"",""s1:2->1, 25->1""]"	"[""s1:26->1"",""s1:26->1""]"
26	119	"e8+e7+e7'+f4+su(3)+3(g2+su(2))+so(7)+2 su(2)"	"e8+e7+e7'+f4+4(g2+su(2))+so(7)+2 su(2)"	31	169	1	0	0	0	0	0	0	0	"[""s1:2->1, 25->2"",""s1:2->1, 25->3"",""s1:2->1, 25->4""]"	"[""s1:26->1"",""s1:26->1"",""s1:26->1""]"
26	119	"e8+e7+e7'+f4+su(3)+3(g2+su(2))+so(7)+2 su(2)"	"e8+e7+e7'+f4+4(g2+su(2))+so(7)+2 su(2)"	32	169	1	0	0	0	0	0	0	0	"[""s1:25->1"",""s1:25->2"",""s1:25->3"",""s1:25->4"",""s1:25->5""]"	"[""s1:26->1"",""s1:26->1"",""s1:26->1"",""s1:26->1"",""s1:26->1""]"
26	119	"e8+e7+e7'+f4+su(3)+3(g2+su(2))+so(7)+2 su(2)"	"e8+e7+e7'+f4+su(3)+4(g2+su(2))+so(7)+2 su(2)"	26	161	0	1	0	0	0	0	0	0	"[""""]"	"[""s1:1->1""]"
26	119	"e8+e7+e7'+f4+su(3)+3(g2+su(2))+so(7)+2 su(2)"	"e8+e7+e7'+f4+su(3)+4(g2+su(2))+so(7)+2 su(2)"	31	161	0	1	0	0	0	0	0	0	"[""s1:25->1""]"	"[""s1:1->1""]"
26	120	"e8+2 e7+f4+2(g2+su(2))+so(7)+2 su(2)"	"e8+2 e7+f4+3(g2+su(2))+so(7)+2 su(2)"	26	150	0	1	0	0	0	0	0	0	"[""""]"	"[""s1:1->1""]"
26	120	"e8+2 e7+f4+2(g2+su(2))+so(7)+2 su(2)"	"e8+2 e7+f4+3(g2+su(2))+so(7)+2 su(2)"	31	150	0	1	0	0	0	0	0	0	"[""""]"	"[""s1:2->1""]"
26	121	"3 e7+f4+2 su(3)+2(g2+su(2))+2(so(7)+2 su(2))"	"3 e7+2 f4+2 su(3)+2(g2+su(2))+2(so(7)+2 su(2))"	26	195	0	0	0	1	0	0	0	0	"[""s1:26->1""]"	"[""""]"
26	121	"3 e7+f4+2 su(3)+2(g2+su(2))+2(so(7)+2 su(2))"	"3 e7+e6+f4+2 su(3)+2(g2+su(2))+2(so(7)+2 su(2))"	26	169	0	0	0	0	1	0	0	0	"[""s1:26->1""]"	"[""""]"
26	121	"3 e7+f4+2 su(3)+2(g2+su(2))+2(so(7)+2 su(2))"	"3 e7+f4+2 su(3)+g2+su(2)+3(so(7)+2 su(2))"	31	245	1	0	0	0	0	0	0	0	"[""s1:2->4, 26->1""]"	"[""s1:3->1""]"
26	121	"3 e7+f4+2 su(3)+2(g2+su(2))+2(so(7)+2 su(2))"	"3 e7+f4+2 su(3)+g2+su(2)+3(so(7)+2 su(2))"	32	245	1	0	0	0	0	0	0	0	"[""s1:2->1"",""s1:2->2"",""s1:2->3"",""s1:2->4"",""s1:2->5""]"	"[""s1:3->1"",""s1:3->1"",""s1:3->1"",""s1:3->1"",""s1:3->1""]"
26	121	"3 e7+f4+2 su(3)+2(g2+su(2))+2(so(7)+2 su(2))"	"3 e7+f4+3 su(3)+2(g2+su(2))+2(so(7)+2 su(2))"	26	239	0	1	0	0	0	0	0	0	"[""s1:26->1""]"	"[""""]"
26	121	"3 e7+f4+2 su(3)+2(g2+su(2))+2(so(7)+2 su(2))"	"3 e7+f4+so(8)+2 su(3)+2(g2+su(2))+2(so(7)+2 su(2))"	26	219	0	0	1	0	0	0	0	0	"[""s1:26->1""]"	"[""""]"
26	121	"3 e7+f4+2 su(3)+2(g2+su(2))+2(so(7)+2 su(2))"	"3 e7+f4+su(3)+3(g2+su(2))+2(so(7)+2 su(2))"	26	246	1	0	0	0	0	0	0	0	"["""","""",""s1:26->1""]"	"[""s1:1->1"",""s1:25->1"",""s1:1->1""]"
26	121	"3 e7+f4+2 su(3)+2(g2+su(2))+2(so(7)+2 su(2))"	"3 e7+f4+su(3)+3(g2+su(2))+2(so(7)+2 su(2))"	31	246	1	0	0	0	0	0	0	0	"[""s1:26->1"",""s1:26->5"",""s1:2->4"",""s1:2->4, 26->1"",""s1:2->5""]"	"[""s1:25->1"",""s1:1->1"",""s1:25->1"",""s1:1->1"",""s1:25->1""]"
26	121	"3 e7+f4+2 su(3)+2(g2+su(2))+2(so(7)+2 su(2))"	"3 e7+f4+su(3)+3(g2+su(2))+2(so(7)+2 su(2))"	32	246	1	0	0	0	0	0	0	0	"[""s1:2->1"",""s1:2->2"",""s1:2->3"",""s1:2->4"",""s1:2->5""]"	"[""s1:1->1"",""s1:1->1"",""s1:1->1"",""s1:1->1"",""s1:1->1""]"
26	121	"3 e7+f4+2 su(3)+2(g2+su(2))+2(so(7)+2 su(2))"	"3 e7+f4+su(3)+3(g2+su(2))+2(so(7)+2 su(2))"	33	246	1	0	0	0	0	0	0	0	"[""s1:26->2"",""s1:26->3""]"	"[""s1:25->1"",""s1:25->1""]"
26	121	"3 e7+f4+2 su(3)+2(g2+su(2))+2(so(7)+2 su(2))"	"3 e7+f4+su(3)+3(g2+su(2))+2(so(7)+2 su(2))"	34	246	1	0	0	0	0	0	0	0	"[""s1:26->4"",""s1:26->5""]"	"[""s1:25->1"",""s1:25->1""]"
26	122	"e8+e7+e7'+f4+4(g2+su(2))+so(7)+2 su(2)"	"e8+e7+e7'+2 f4+4(g2+su(2))+so(7)+2 su(2)"	26	117	0	0	0	1	0	0	0	0	"[""s1:26->1""]"	"[""""]"
26	122	"e8+e7+e7'+f4+4(g2+su(2))+so(7)+2 su(2)"	"e8+e7+e7'+f4+3(g2+su(2))+2(so(7)+2 su(2))"	26	167	1	0	0	0	0	0	0	0	"[""""]"	"[""s1:1->1""]"
26	122	"e8+e7+e7'+f4+4(g2+su(2))+so(7)+2 su(2)"	"e8+e7+e7'+f4+3(g2+su(2))+2(so(7)+2 su(2))"	29	167	1	0	0	0	0	0	0	0	"[""s1:26->1""]"	"[""s1:1->1""]"
26	122	"e8+e7+e7'+f4+4(g2+su(2))+so(7)+2 su(2)"	"e8+e7+e7'+f4+3(g2+su(2))+2(so(7)+2 su(2))"	31	167	1	0	0	0	0	0	0	0	"[""s1:26->2""]"	"[""s1:1->1""]"
26	122	"e8+e7+e7'+f4+4(g2+su(2))+so(7)+2 su(2)"	"e8+e7+e7'+f4+3(g2+su(2))+2(so(7)+2 su(2))"	32	167	1	0	0	0	0	0	0	0	"[""s1:26->3"",""s1:26->4""]"	"[""s1:1->1"",""s1:1->1""]"
26	122	"e8+e7+e7'+f4+4(g2+su(2))+so(7)+2 su(2)"	"e8+e7+e7'+f4+3(g2+su(2))+2(so(7)+2 su(2))"	33	167	1	0	0	0	0	0	0	0	"[""s1:26->5""]"	"[""s1:1->1""]"
26	122	"e8+e7+e7'+f4+4(g2+su(2))+so(7)+2 su(2)"	"e8+e7+e7'+f4+so(8)+4(g2+su(2))+so(7)+2 su(2)"	26	141	0	0	1	0	0	0	0	0	"[""s1:26->1""]"	"[""""]"
26	122	"e8+e7+e7'+f4+4(g2+su(2))+so(7)+2 su(2)"	"e8+e7+e7'+f4+su(3)+4(g2+su(2))+so(7)+2 su(2)"	26	161	0	1	0	0	0	0	0	0	"[""s1:26->1""]"	"[""""]"
26	122	"e8+e7+e7'+f4+4(g2+su(2))+so(7)+2 su(2)"	"e8+e7+e7'+f4+su(3)+4(g2+su(2))+so(7)+2 su(2)"	33	161	0	1	0	0	0	0	0	0	"[""s1:26->2""]"	"[""""]"
26	122	"e8+e7+e7'+f4+4(g2+su(2))+so(7)+2 su(2)"	"e8+e7+e7'+f4+su(3)+4(g2+su(2))+so(7)+2 su(2)"	34	161	0	1	0	0	0	0	0	0	"[""s1:26->3""]"	"[""""]"
26	122	"e8+e7+e7'+f4+4(g2+su(2))+so(7)+2 su(2)"	"e8+e7+e7'+f4+su(3)+4(g2+su(2))+so(7)+2 su(2)"	35	161	0	1	0	0	0	0	0	0	"[""s1:26->4"",""s1:26->5""]"	"["""",""""]"
26	125	"e8+2 e6+3 f4+3 su(3)+2(g2+su(2))"	"e8+2 e6+3 f4+4 su(3)+2(g2+su(2))"	26	144	0	1	0	0	0	0	0	0	"[""s1:26->1""]"	"[""""]"
26	126	"3 e7+e7'+3(so(7)+2 su(2))"	"3 e7+e7'+g2+su(2)+3(so(7)+2 su(2))"	26	208	0	1	0	0	0	0	0	0	"["""",""""]"	"[""s1:1->1"",""s1:26->1""]"
26	127	"3 e7+e7'+3(so(7)+2 su(2))"	"3 e7+e7'+4(so(7)+2 su(2))"	28	206	0	1	0	0	0	0	0	0	"["""",""""]"	"[""s1:26->1, 1->1"",""s1:26->1, 3->1""]"
26	127	"3 e7+e7'+3(so(7)+2 su(2))"	"3 e7+e7'+g2+su(2)+3(so(7)+2 su(2))"	26	208	0	1	0	0	0	0	0	0	"["""","""",""""]"	"[""s1:1->1"",""s1:26->1"",""s1:3->1""]"
26	128	"3 e7+e6+4(so(7)+2 su(2))"	"3 e7+e6+su(3)+4(so(7)+2 su(2))"	26	225	0	1	0	0	0	0	0	0	"[""s1:1->1"",""s1:2->1""]"	"["""",""""]"
26	129	"3 e7+e6+g2+su(2)+3(so(7)+2 su(2))"	"3 e7+e6+4(so(7)+2 su(2))"	26	233	1	0	0	0	0	0	0	0	"[""""]"	"[""s1:25->1""]"
26	129	"3 e7+e6+g2+su(2)+3(so(7)+2 su(2))"	"3 e7+e6+4(so(7)+2 su(2))"	27	233	1	0	0	0	0	0	0	0	"[""s1:1->1"",""s1:2->1""]"	"[""s1:25->1"",""s1:25->1""]"
26	129	"3 e7+e6+g2+su(2)+3(so(7)+2 su(2))"	"3 e7+e6+4(so(7)+2 su(2))"	31	233	1	0	0	0	0	0	0	0	"[""s1:1->1, 26->4"",""s1:1->1, 2->4"",""s1:1->4"",""s1:1->4, 2->1"",""s1:21->1, 26->1"",""s1:21->1, 26->2"",""s1:26->1"",""s1:2->1, 26->4"",""s1:2->4""]"	"[""s1:25->1"",""s1:25->1"",""s1:25->1"",""s1:25->1"",""s1:25->1"",""s1:25->1"",""s1:25->1"",""s1:25->1"",""s1:25->1""]"
26	129	"3 e7+e6+g2+su(2)+3(so(7)+2 su(2))"	"3 e7+e6+4(so(7)+2 su(2))"	32	233	1	0	0	0	0	0	0	0	"[""s1:21->1, 26->3"",""s1:21->1, 26->4""]"	"[""s1:25->1"",""s1:25->1""]"
26	129	"3 e7+e6+g2+su(2)+3(so(7)+2 su(2))"	"3 e7+e6+4(so(7)+2 su(2))"	33	233	1	0	0	0	0	0	0	0	"[""s1:26->2"",""s1:26->3""]"	"[""s1:25->1"",""s1:25->1""]"
26	129	"3 e7+e6+g2+su(2)+3(so(7)+2 su(2))"	"3 e7+e6+4(so(7)+2 su(2))"	34	233	1	0	0	0	0	0	0	0	"[""s1:26->4"",""s1:26->5""]"	"[""s1:25->1"",""s1:25->1""]"
26	129	"3 e7+e6+g2+su(2)+3(so(7)+2 su(2))"	"3 e7+e6+f4+g2+su(2)+3(so(7)+2 su(2))"	26	183	0	0	0	1	0	0	0	0	"[""s1:26->1""]"	"[""""]"
26	129	"3 e7+e6+g2+su(2)+3(so(7)+2 su(2))"	"3 e7+e6+so(8)+g2+su(2)+3(so(7)+2 su(2))"	26	207	0	0	1	0	0	0	0	0	"[""s1:26->1""]"	"[""""]"
26	129	"3 e7+e6+g2+su(2)+3(so(7)+2 su(2))"	"3 e7+e6+su(3)+g2+su(2)+3(so(7)+2 su(2))"	26	227	0	1	0	0	0	0	0	0	"[""s1:1->1"",""s1:26->1"",""s1:2->1""]"	"["""","""",""""]"
26	129	"3 e7+e6+g2+su(2)+3(so(7)+2 su(2))"	"3 e7+e6+su(3)+g2+su(2)+3(so(7)+2 su(2))"	27	227	0	1	0	0	0	0	0	0	"[""s1:1->1, 26->1"",""s1:2->1, 26->1""]"	"["""",""""]"
26	130	"4 e7+g2+su(2)+3(so(7)+2 su(2))"	"4 e7+4(so(7)+2 su(2))"	26	178	1	0	0	0	0	0	0	0	"[""""]"	"[""s1:25->1""]"
26	130	"4 e7+g2+su(2)+3(so(7)+2 su(2))"	"4 e7+4(so(7)+2 su(2))"	29	178	1	0	0	0	0	0	0	0	"[""s1:1->1"",""s1:1->1, 2->1, 9->1, 26->2"",""s1:2->1""]"	"[""s1:25->1"",""s1:25->1"",""s1:25->1""]"
26	130	"4 e7+g2+su(2)+3(so(7)+2 su(2))"	"4 e7+4(so(7)+2 su(2))"	30	178	1	0	0	0	0	0	0	0	"[""s1:1->1, 26->1"",""s1:1->1, 2->1"",""s1:1->1, 2->1, 26->1"",""s1:1->1, 2->1, 26->2"",""s1:1->1, 2->1, 26->3"",""s1:1->1, 2->1, 9->1"",""s1:1->1, 2->1, 9->1, 26->1"",""s1:1->1, 9->1"",""s1:1->1, 9->1, 26->1"",""s1:1->1, 9->1, 26->2"",""s1:1->1, 9->1, 26->3"",""s1:2->1, 26->1"",""s1:2->1, 9->1"",""s1:2->1, 9->1, 26->1"",""s1:2->1, 9->1, 26->2"",""s1:2->1, 9->1, 26->3"",""s1:9->1"",""s1:9->1, 26->1"",""s1:9->1, 26->2"",""s1:9->1, 26->3"",""s1:9->1, 26->4""]"	"[""s1:25->1"",""s1:25->1"",""s1:25->1"",""s1:25->1"",""s1:25->1"",""s1:25->1"",""s1:25->1"",""s1:25->1"",""s1:25->1"",""s1:25->1"",""s1:25->1"",""s1:25->1"",""s1:25->1"",""s1:25->1"",""s1:25->1"",""s1:25->1"",""s1:25->1"",""s1:25->1"",""s1:25->1"",""s1:25->1"",""s1:25->1""]"
26	130	"4 e7+g2+su(2)+3(so(7)+2 su(2))"	"4 e7+4(so(7)+2 su(2))"	31	178	1	0	0	0	0	0	0	0	"[""s1:1->1, 26->2"",""s1:1->1, 26->3"",""s1:26->1"",""s1:2->1, 26->2"",""s1:2->1, 26->3""]"	"[""s1:25->1"",""s1:25->1"",""s1:25->1"",""s1:25->1"",""s1:25->1""]"
26	130	"4 e7+g2+su(2)+3(so(7)+2 su(2))"	"4 e7+4(so(7)+2 su(2))"	32	178	1	0	0	0	0	0	0	0	"[""s1:1->1, 26->4"",""s1:2->1, 26->4""]"	"[""s1:25->1"",""s1:25->1""]"
26	130	"4 e7+g2+su(2)+3(so(7)+2 su(2))"	"4 e7+4(so(7)+2 su(2))"	33	178	1	0	0	0	0	0	0	0	"[""s1:26->2"",""s1:26->3""]"	"[""s1:25->1"",""s1:25->1""]"
26	130	"4 e7+g2+su(2)+3(so(7)+2 su(2))"	"4 e7+4(so(7)+2 su(2))"	34	178	1	0	0	0	0	0	0	0	"[""s1:26->4"",""s1:26->5""]"	"[""s1:25->1"",""s1:25->1""]"
26	130	"4 e7+g2+su(2)+3(so(7)+2 su(2))"	"4 e7+f4+g2+su(2)+3(so(7)+2 su(2))"	26	128	0	0	0	1	0	0	0	0	"[""s1:26->1""]"	"[""""]"
26	130	"4 e7+g2+su(2)+3(so(7)+2 su(2))"	"4 e7+so(8)+g2+su(2)+3(so(7)+2 su(2))"	26	152	0	0	1	0	0	0	0	0	"[""s1:26->1""]"	"[""""]"
26	130	"4 e7+g2+su(2)+3(so(7)+2 su(2))"	"4 e7+su(3)+g2+su(2)+3(so(7)+2 su(2))"	26	172	0	1	0	0	0	0	0	0	"[""s1:26->1""]"	"[""""]"
26	130	"4 e7+g2+su(2)+3(so(7)+2 su(2))"	"4 e7+su(3)+g2+su(2)+3(so(7)+2 su(2))"	33	172	0	1	0	0	0	0	0	0	"[""s1:26->2""]"	"[""""]"
26	130	"4 e7+g2+su(2)+3(so(7)+2 su(2))"	"4 e7+su(3)+g2+su(2)+3(so(7)+2 su(2))"	34	172	0	1	0	0	0	0	0	0	"[""s1:26->3""]"	"[""""]"
26	131	"3 e7+e6+su(3)+3(so(7)+2 su(2))"	"3 e7+2 e6+su(3)+3(so(7)+2 su(2))"	26	158	0	0	0	0	1	0	0	0	"[""s1:26->1""]"	"[""""]"
26	131	"3 e7+e6+su(3)+3(so(7)+2 su(2))"	"3 e7+e6+2 su(3)+3(so(7)+2 su(2))"	26	228	0	1	0	0	0	0	0	0	"[""s1:26->1""]"	"[""""]"
26	131	"3 e7+e6+su(3)+3(so(7)+2 su(2))"	"3 e7+e6+f4+su(3)+3(so(7)+2 su(2))"	26	184	0	0	0	1	0	0	0	0	"[""s1:26->1""]"	"[""""]"
26	131	"3 e7+e6+su(3)+3(so(7)+2 su(2))"	"3 e7+e6+so(8)+su(3)+3(so(7)+2 su(2))"	26	208	0	0	1	0	0	0	0	0	"[""s1:26->1""]"	"[""""]"
26	131	"3 e7+e6+su(3)+3(so(7)+2 su(2))"	"3 e7+e6+su(3)+g2+su(2)+3(so(7)+2 su(2))"	26	227	0	1	0	0	0	0	0	0	"["""",""""]"	"[""s1:1->1"",""s1:3->1""]"
26	131	"3 e7+e6+su(3)+3(so(7)+2 su(2))"	"3 e7+e6+su(3)+g2+su(2)+3(so(7)+2 su(2))"	27	227	0	1	0	0	0	0	0	0	"[""s1:26->1"",""s1:26->1""]"	"[""s1:1->1"",""s1:3->1""]"
26	132	"3 e7+e7'+3(so(7)+2 su(2))"	"3 e7+e7'+g2+su(2)+3(so(7)+2 su(2))"	26	208	0	1	0	0	0	0	0	0	"["""","""",""""]"	"[""s1:1->1"",""s1:26->1"",""s1:3->1""]"
26	133	"e8+3 e6+f4+4 su(3)+g2+su(2)"	"e8+3 e6+2 f4+4 su(3)+g2+su(2)"	26	127	0	0	0	1	0	0	0	0	"[""s1:26->1""]"	"[""""]"
26	133	"e8+3 e6+f4+4 su(3)+g2+su(2)"	"e8+3 e6+f4+5 su(3)+g2+su(2)"	26	171	0	1	0	0	0	0	0	0	"[""s1:26->1""]"	"[""""]"
26	133	"e8+3 e6+f4+4 su(3)+g2+su(2)"	"e8+3 e6+f4+5 su(3)+g2+su(2)"	33	171	0	1	0	0	0	0	0	0	"[""s1:26->2""]"	"[""""]"
26	133	"e8+3 e6+f4+4 su(3)+g2+su(2)"	"e8+3 e6+f4+5 su(3)+g2+su(2)"	34	171	0	1	0	0	0	0	0	0	"[""s1:26->3""]"	"[""""]"
26	133	"e8+3 e6+f4+4 su(3)+g2+su(2)"	"e8+3 e6+f4+so(8)+4 su(3)+g2+su(2)"	26	151	0	0	1	0	0	0	0	0	"[""s1:26->1""]"	"[""""]"
26	133	"e8+3 e6+f4+4 su(3)+g2+su(2)"	"e8+4 e6+f4+4 su(3)+g2+su(2)"	26	101	0	0	0	0	1	0	0	0	"[""s1:26->1""]"	"[""""]"
26	134	"4 e6+f4+6 su(3)+g2+su(2)"	"5 e6+f4+6 su(3)+g2+su(2)"	26	255	0	0	0	0	1	0	0	0	"[""s1:26->1""]"	"[""""]"
26	134	"4 e6+f4+6 su(3)+g2+su(2)"	"e7'+4 e6+f4+6 su(3)+g2+su(2)"	27	228	0	0	0	0	0	1	0	0	"[""s1:26->1""]"	"[""""]"
26	134	"4 e6+f4+6 su(3)+g2+su(2)"	"e7+4 e6+f4+6 su(3)+g2+su(2)"	28	200	0	0	0	0	0	0	1	0	"[""s1:26->1""]"	"[""""]"
26	134	"4 e6+f4+6 su(3)+g2+su(2)"	"e8+4 e6+f4+6 su(3)+g2+su(2)"	32	85	0	0	0	0	0	0	0	1	"[""s1:26->1""]"	"[""""]"
26	135	"4 e6+2 f4+6 su(3)"	"4 e6+2 f4+so(8)+6 su(3)"	26	262	0	0	1	0	0	0	0	0	"[""s1:1->1""]"	"[""""]"
26	135	"4 e6+2 f4+6 su(3)"	"4 e6+3 f4+6 su(3)"	26	238	0	0	0	1	0	0	0	0	"[""s1:1->1""]"	"[""""]"
26	135	"4 e6+2 f4+6 su(3)"	"5 e6+2 f4+6 su(3)"	26	212	0	0	0	0	1	0	0	0	"[""s1:1->1""]"	"[""""]"
26	136	"4 e6+f4+5 su(3)+g2+su(2)"	"5 e6+f4+5 su(3)+g2+su(2)"	26	263	0	0	0	0	1	0	0	0	"[""s1:1->1"",""s1:1->1, 26->1"",""s1:26->1""]"	"["""","""",""""]"
26	136	"4 e6+f4+5 su(3)+g2+su(2)"	"e7'+4 e6+f4+5 su(3)+g2+su(2)"	26	236	0	0	0	0	0	1	0	0	"[""s1:26->1""]"	"[""""]"
26	136	"4 e6+f4+5 su(3)+g2+su(2)"	"e7+4 e6+f4+5 su(3)+g2+su(2)"	26	208	0	0	0	0	0	0	1	0	"[""s1:26->1""]"	"[""""]"
26	136	"4 e6+f4+5 su(3)+g2+su(2)"	"e8+4 e6+f4+5 su(3)+g2+su(2)"	26	93	0	0	0	0	0	0	0	1	"[""s1:26->1""]"	"[""""]"
26	137	"3 e7+e6+g2+su(2)+3(so(7)+2 su(2))"	"3 e7+e6+2(g2+su(2))+3(so(7)+2 su(2))"	26	226	0	1	0	0	0	0	0	0	"[""""]"	"[""s1:26->1""]"
26	137	"3 e7+e6+g2+su(2)+3(so(7)+2 su(2))"	"3 e7+e6+2(g2+su(2))+3(so(7)+2 su(2))"	27	226	0	1	0	0	0	0	0	0	"[""s1:1->1""]"	"[""s1:26->1""]"
26	137	"3 e7+e6+g2+su(2)+3(so(7)+2 su(2))"	"3 e7+e6+4(so(7)+2 su(2))"	26	233	1	0	0	0	0	0	0	0	"[""""]"	"[""s1:2->1""]"
26	137	"3 e7+e6+g2+su(2)+3(so(7)+2 su(2))"	"3 e7+e6+4(so(7)+2 su(2))"	31	233	1	0	0	0	0	0	0	0	"[""s1:1->1"",""s1:1->1, 5->1"",""s1:1->2, 5->1"",""s1:23->1, 25->4"",""s1:25->4""]"	"[""s1:2->1"",""s1:2->1"",""s1:2->1"",""s1:2->1"",""s1:2->1""]"
26	137	"3 e7+e6+g2+su(2)+3(so(7)+2 su(2))"	"3 e7+e6+4(so(7)+2 su(2))"	32	233	1	0	0	0	0	0	0	0	"[""s1:1->3, 5->1"",""s1:1->4, 5->1""]"	"[""s1:2->1"",""s1:2->1""]"
26	137	"3 e7+e6+g2+su(2)+3(so(7)+2 su(2))"	"3 e7+e6+4(so(7)+2 su(2))"	33	233	1	0	0	0	0	0	0	0	"[""s1:1->2"",""s1:1->3""]"	"[""s1:2->1"",""s1:2->1""]"
26	137	"3 e7+e6+g2+su(2)+3(so(7)+2 su(2))"	"3 e7+e6+4(so(7)+2 su(2))"	34	233	1	0	0	0	0	0	0	0	"[""s1:1->4"",""s1:1->5""]"	"[""s1:2->1"",""s1:2->1""]"
26	137	"3 e7+e6+g2+su(2)+3(so(7)+2 su(2))"	"3 e7+e6+f4+g2+su(2)+3(so(7)+2 su(2))"	26	183	0	0	0	1	0	0	0	0	"[""s1:1->1""]"	"[""""]"
26	137	"3 e7+e6+g2+su(2)+3(so(7)+2 su(2))"	"3 e7+e6+so(8)+g2+su(2)+3(so(7)+2 su(2))"	26	207	0	0	1	0	0	0	0	0	"[""s1:1->1""]"	"[""""]"
26	137	"3 e7+e6+g2+su(2)+3(so(7)+2 su(2))"	"3 e7+e6+su(3)+g2+su(2)+3(so(7)+2 su(2))"	26	227	0	1	0	0	0	0	0	0	"[""s1:1->1""]"	"[""""]"
26	138	"3 e7+f4+so(8)+2(g2+su(2))+2(so(7)+2 su(2))"	"3 e7+f4+2 so(8)+2(g2+su(2))+2(so(7)+2 su(2))"	26	207	0	0	1	0	0	0	0	0	"[""s1:1->1""]"	"[""""]"
26	138	"3 e7+f4+so(8)+2(g2+su(2))+2(so(7)+2 su(2))"	"3 e7+f4+so(8)+g2+su(2)+3(so(7)+2 su(2))"	31	233	1	0	0	0	0	0	0	0	"[""s1:1->1"",""s1:1->2""]"	"[""s1:4->1"",""s1:4->1""]"
26	138	"3 e7+f4+so(8)+2(g2+su(2))+2(so(7)+2 su(2))"	"3 e7+f4+so(8)+g2+su(2)+3(so(7)+2 su(2))"	32	233	1	0	0	0	0	0	0	0	"[""s1:1->3"",""s1:1->4""]"	"[""s1:4->1"",""s1:4->1""]"
26	138	"3 e7+f4+so(8)+2(g2+su(2))+2(so(7)+2 su(2))"	"3 e7+f4+so(8)+g2+su(2)+3(so(7)+2 su(2))"	33	233	1	0	0	0	0	0	0	0	"[""s1:1->5""]"	"[""s1:4->1""]"
26	138	"3 e7+f4+so(8)+2(g2+su(2))+2(so(7)+2 su(2))"	"3 e7+f4+so(8)+su(3)+2(g2+su(2))+2(so(7)+2 su(2))"	26	227	0	1	0	0	0	0	0	0	"[""s1:1->1"",""s1:24->1"",""s1:26->1""]"	"["""","""",""""]"
26	138	"3 e7+f4+so(8)+2(g2+su(2))+2(so(7)+2 su(2))"	"3 e7+f4+so(8)+su(3)+2(g2+su(2))+2(so(7)+2 su(2))"	27	227	0	1	0	0	0	0	0	0	"[""s1:1->1, 24->1"",""s1:1->1, 26->1""]"	"["""",""""]"
26	139	"3 e7+e7'+f4+g2+su(2)+3(so(7)+2 su(2))"	"3 e7+e7'+f4+su(3)+g2+su(2)+3(so(7)+2 su(2))"	26	148	0	1	0	0	0	0	0	0	"[""s1:1->1""]"	"[""""]"
26	141	"3 e7+e7'+4(so(7)+2 su(2))"	"3 e7+2 e7'+4(so(7)+2 su(2))"	26	101	0	0	0	0	0	1	0	0	"[""s1:26->1""]"	"[""""]"
26	141	"3 e7+e7'+4(so(7)+2 su(2))"	"3 e7+e7'+e6+4(so(7)+2 su(2))"	26	128	0	0	0	0	1	0	0	0	"[""s1:26->1""]"	"[""""]"
26	141	"3 e7+e7'+4(so(7)+2 su(2))"	"3 e7+e7'+f4+4(so(7)+2 su(2))"	26	154	0	0	0	1	0	0	0	0	"[""s1:26->1""]"	"[""""]"
26	141	"3 e7+e7'+4(so(7)+2 su(2))"	"3 e7+e7'+so(8)+4(so(7)+2 su(2))"	26	178	0	0	1	0	0	0	0	0	"[""s1:26->1""]"	"[""""]"
26	141	"3 e7+e7'+4(so(7)+2 su(2))"	"3 e7+e7'+su(3)+4(so(7)+2 su(2))"	26	198	0	1	0	0	0	0	0	0	"[""s1:26->1""]"	"[""""]"
26	141	"3 e7+e7'+4(so(7)+2 su(2))"	"4 e7+e7'+4(so(7)+2 su(2))"	26	73	0	0	0	0	0	0	1	0	"[""s1:26->1""]"	"[""""]"
26	142	"3 e7+f4+so(8)+g2+su(2)+3(so(7)+2 su(2))"	"3 e7+f4+so(8)+su(3)+g2+su(2)+3(so(7)+2 su(2))"	26	225	0	1	0	0	0	0	0	0	"[""s1:1->1"",""s1:2->1""]"	"["""",""""]"
26	143	"2 e7+e7'+e6+4(so(7)+2 su(2))"	"2 e7+2 e7'+e6+4(so(7)+2 su(2))"	26	156	0	0	0	0	0	1	0	0	"[""s1:26->1""]"	"[""""]"
26	143	"2 e7+e7'+e6+4(so(7)+2 su(2))"	"2 e7+e7'+2 e6+4(so(7)+2 su(2))"	26	183	0	0	0	0	1	0	0	0	"[""s1:26->1""]"	"[""""]"
26	143	"2 e7+e7'+e6+4(so(7)+2 su(2))"	"2 e7+e7'+e6+f4+4(so(7)+2 su(2))"	26	209	0	0	0	1	0	0	0	0	"[""s1:26->1""]"	"[""""]"
26	143	"2 e7+e7'+e6+4(so(7)+2 su(2))"	"2 e7+e7'+e6+so(8)+4(so(7)+2 su(2))"	26	233	0	0	1	0	0	0	0	0	"[""s1:26->1""]"	"[""""]"
26	143	"2 e7+e7'+e6+4(so(7)+2 su(2))"	"2 e7+e7'+e6+su(3)+4(so(7)+2 su(2))"	26	253	0	1	0	0	0	0	0	0	"[""s1:1->1"",""s1:1->1, 26->1"",""s1:26->1"",""s1:2->1"",""s1:2->1, 26->1""]"	"["""","""","""","""",""""]"
26	143	"2 e7+e7'+e6+4(so(7)+2 su(2))"	"3 e7+e7'+e6+4(so(7)+2 su(2))"	26	128	0	0	0	0	0	0	1	0	"[""s1:26->1""]"	"[""""]"
26	144	"3 e7+e6+g2+su(2)+3(so(7)+2 su(2))"	"3 e7+e6+f4+g2+su(2)+3(so(7)+2 su(2))"	26	183	0	0	0	1	0	0	0	0	"[""s1:26->1""]"	"[""""]"
26	144	"3 e7+e6+g2+su(2)+3(so(7)+2 su(2))"	"3 e7+e6+so(8)+g2+su(2)+3(so(7)+2 su(2))"	26	207	0	0	1	0	0	0	0	0	"[""s1:26->1""]"	"[""""]"
26	144	"3 e7+e6+g2+su(2)+3(so(7)+2 su(2))"	"3 e7+e6+su(3)+g2+su(2)+3(so(7)+2 su(2))"	26	227	0	1	0	0	0	0	0	0	"[""s1:1->1"",""s1:26->1"",""s1:2->1""]"	"["""","""",""""]"
26	144	"3 e7+e6+g2+su(2)+3(so(7)+2 su(2))"	"3 e7+e6+su(3)+g2+su(2)+3(so(7)+2 su(2))"	27	227	0	1	0	0	0	0	0	0	"[""s1:1->1, 26->1"",""s1:2->1, 26->1""]"	"["""",""""]"
26	145	"3 e7+e6+su(3)+g2+su(2)+3(so(7)+2 su(2))"	"3 e7+e6+2(g2+su(2))+3(so(7)+2 su(2))"	26	226	1	0	0	0	0	0	0	0	"[""""]"	"[""s1:26->1""]"
26	145	"3 e7+e6+su(3)+g2+su(2)+3(so(7)+2 su(2))"	"3 e7+e6+2(g2+su(2))+3(so(7)+2 su(2))"	27	226	1	0	0	0	0	0	0	0	"[""s1:1->1"",""s1:2->1""]"	"[""s1:26->1"",""s1:26->1""]"
26	145	"3 e7+e6+su(3)+g2+su(2)+3(so(7)+2 su(2))"	"3 e7+e6+2(g2+su(2))+3(so(7)+2 su(2))"	31	226	1	0	0	0	0	0	0	0	"[""s1:1->1, 25->3"",""s1:1->1, 25->4"",""s1:1->1, 2->4"",""s1:1->4"",""s1:1->4, 2->1"",""s1:2->1, 25->3"",""s1:2->1, 25->4"",""s1:2->4""]"	"[""s1:26->1"",""s1:26->1"",""s1:26->1"",""s1:26->1"",""s1:26->1"",""s1:26->1"",""s1:26->1"",""s1:26->1""]"
26	145	"3 e7+e6+su(3)+g2+su(2)+3(so(7)+2 su(2))"	"3 e7+e6+2(g2+su(2))+3(so(7)+2 su(2))"	32	226	1	0	0	0	0	0	0	0	"[""s1:25->1"",""s1:25->2"",""s1:25->3"",""s1:25->4"",""s1:25->5""]"	"[""s1:26->1"",""s1:26->1"",""s1:26->1"",""s1:26->1"",""s1:26->1""]"
26	145	"3 e7+e6+su(3)+g2+su(2)+3(so(7)+2 su(2))"	"3 e7+e6+2 su(3)+g2+su(2)+3(so(7)+2 su(2))"	26	219	0	1	0	0	0	0	0	0	"[""s1:1->1"",""s1:2->1""]"	"["""",""""]"
26	145	"3 e7+e6+su(3)+g2+su(2)+3(so(7)+2 su(2))"	"3 e7+e6+su(3)+4(so(7)+2 su(2))"	31	225	1	0	0	0	0	0	0	0	"[""s1:1->1, 25->3"",""s1:1->1, 25->4"",""s1:2->1, 25->3"",""s1:2->1, 25->4""]"	"[""s1:24->1"",""s1:24->1"",""s1:24->1"",""s1:24->1""]"
26	145	"3 e7+e6+su(3)+g2+su(2)+3(so(7)+2 su(2))"	"3 e7+e6+su(3)+4(so(7)+2 su(2))"	32	225	1	0	0	0	0	0	0	0	"[""s1:25->1"",""s1:25->2"",""s1:25->3"",""s1:25->4"",""s1:25->5""]"	"[""s1:24->1"",""s1:24->1"",""s1:24->1"",""s1:24->1"",""s1:24->1""]"
26	146	"e8+3 e6+f4+3 su(3)+2(g2+su(2))"	"e8+3 e6+2 f4+3 su(3)+2(g2+su(2))"	26	126	0	0	0	1	0	0	0	0	"[""s1:26->1""]"	"[""""]"
26	146	"e8+3 e6+f4+3 su(3)+2(g2+su(2))"	"e8+3 e6+f4+4 su(3)+2(g2+su(2))"	26	170	0	1	0	0	0	0	0	0	"[""s1:1->1"",""s1:26->1"",""s1:2->1""]"	"["""","""",""""]"
26	146	"e8+3 e6+f4+3 su(3)+2(g2+su(2))"	"e8+3 e6+f4+4 su(3)+2(g2+su(2))"	29	170	0	1	0	0	0	0	0	0	"[""s1:1->1, 26->1"",""s1:2->1, 26->1""]"	"["""",""""]"
26	146	"e8+3 e6+f4+3 su(3)+2(g2+su(2))"	"e8+3 e6+f4+4 su(3)+2(g2+su(2))"	30	170	0	1	0	0	0	0	0	0	"[""s1:1->1, 2->1, 26->1"",""s1:1->1, 2->1, 26->2""]"	"["""",""""]"
26	146	"e8+3 e6+f4+3 su(3)+2(g2+su(2))"	"e8+3 e6+f4+4 su(3)+2(g2+su(2))"	31	170	0	1	0	0	0	0	0	0	"[""s1:1->1, 26->2"",""s1:1->1, 2->1"",""s1:1->1, 2->1, 26->3"",""s1:2->1, 26->2""]"	"["""","""","""",""""]"
26	146	"e8+3 e6+f4+3 su(3)+2(g2+su(2))"	"e8+3 e6+f4+4 su(3)+2(g2+su(2))"	32	170	0	1	0	0	0	0	0	0	"[""s1:1->1, 26->3"",""s1:1->1, 26->4"",""s1:2->1, 26->3"",""s1:2->1, 26->4""]"	"["""","""","""",""""]"
26	146	"e8+3 e6+f4+3 su(3)+2(g2+su(2))"	"e8+3 e6+f4+4 su(3)+2(g2+su(2))"	33	170	0	1	0	0	0	0	0	0	"[""s1:26->2""]"	"[""""]"
26	146	"e8+3 e6+f4+3 su(3)+2(g2+su(2))"	"e8+3 e6+f4+4 su(3)+2(g2+su(2))"	34	170	0	1	0	0	0	0	0	0	"[""s1:26->3""]"	"[""""]"
26	146	"e8+3 e6+f4+3 su(3)+2(g2+su(2))"	"e8+3 e6+f4+so(8)+3 su(3)+2(g2+su(2))"	26	150	0	0	1	0	0	0	0	0	"[""s1:26->1""]"	"[""""]"
26	149	"3 e7+e7'+4(so(7)+2 su(2))"	"3 e7+2 e7'+4(so(7)+2 su(2))"	26	101	0	0	0	0	0	1	0	0	"[""s1:26->1""]"	"[""""]"
26	149	"3 e7+e7'+4(so(7)+2 su(2))"	"3 e7+e7'+e6+4(so(7)+2 su(2))"	26	128	0	0	0	0	1	0	0	0	"[""s1:26->1""]"	"[""""]"
26	149	"3 e7+e7'+4(so(7)+2 su(2))"	"3 e7+e7'+f4+4(so(7)+2 su(2))"	26	154	0	0	0	1	0	0	0	0	"[""s1:26->1""]"	"[""""]"
26	149	"3 e7+e7'+4(so(7)+2 su(2))"	"3 e7+e7'+so(8)+4(so(7)+2 su(2))"	26	178	0	0	1	0	0	0	0	0	"[""s1:26->1""]"	"[""""]"
26	149	"3 e7+e7'+4(so(7)+2 su(2))"	"3 e7+e7'+su(3)+4(so(7)+2 su(2))"	26	198	0	1	0	0	0	0	0	0	"[""s1:26->1""]"	"[""""]"
26	149	"3 e7+e7'+4(so(7)+2 su(2))"	"4 e7+e7'+4(so(7)+2 su(2))"	26	73	0	0	0	0	0	0	1	0	"[""s1:26->1""]"	"[""""]"
26	150	"3 e7+e6+4(so(7)+2 su(2))"	"3 e7+e6+g2+su(2)+4(so(7)+2 su(2))"	26	224	0	1	0	0	0	0	0	0	"[""""]"	"[""s1:1->1""]"
26	151	"4 e7+g2+su(2)+3(so(7)+2 su(2))"	"4 e7+2(g2+su(2))+3(so(7)+2 su(2))"	26	171	0	1	0	0	0	0	0	0	"[""""]"	"[""s1:1->1""]"
26	151	"4 e7+g2+su(2)+3(so(7)+2 su(2))"	"4 e7+2(g2+su(2))+3(so(7)+2 su(2))"	29	171	0	1	0	0	0	0	0	0	"[""s1:26->1""]"	"[""s1:1->1""]"
26	151	"4 e7+g2+su(2)+3(so(7)+2 su(2))"	"4 e7+2(g2+su(2))+3(so(7)+2 su(2))"	31	171	0	1	0	0	0	0	0	0	"[""s1:26->2""]"	"[""s1:1->1""]"
26	151	"4 e7+g2+su(2)+3(so(7)+2 su(2))"	"4 e7+4(so(7)+2 su(2))"	26	178	1	0	0	0	0	0	0	0	"[""""]"	"[""s1:25->1""]"
26	151	"4 e7+g2+su(2)+3(so(7)+2 su(2))"	"4 e7+4(so(7)+2 su(2))"	29	178	1	0	0	0	0	0	0	0	"[""s1:2->1, 9->1, 26->2""]"	"[""s1:25->1""]"
26	151	"4 e7+g2+su(2)+3(so(7)+2 su(2))"	"4 e7+4(so(7)+2 su(2))"	30	178	1	0	0	0	0	0	0	0	"[""s1:2->1"",""s1:2->1, 26->1"",""s1:2->1, 26->2"",""s1:2->1, 26->3"",""s1:2->1, 9->1"",""s1:2->1, 9->1, 26->1"",""s1:2->1, 9->1, 26->3"",""s1:9->1"",""s1:9->1, 26->1"",""s1:9->1, 26->2"",""s1:9->1, 26->3"",""s1:9->1, 26->4""]"	"[""s1:25->1"",""s1:25->1"",""s1:25->1"",""s1:25->1"",""s1:25->1"",""s1:25->1"",""s1:25->1"",""s1:25->1"",""s1:25->1"",""s1:25->1"",""s1:25->1"",""s1:25->1""]"
26	151	"4 e7+g2+su(2)+3(so(7)+2 su(2))"	"4 e7+4(so(7)+2 su(2))"	31	178	1	0	0	0	0	0	0	0	"[""s1:26->1"",""s1:2->1, 26->4""]"	"[""s1:25->1"",""s1:25->1""]"
26	151	"4 e7+g2+su(2)+3(so(7)+2 su(2))"	"4 e7+4(so(7)+2 su(2))"	33	178	1	0	0	0	0	0	0	0	"[""s1:26->2"",""s1:26->3""]"	"[""s1:25->1"",""s1:25->1""]"
26	151	"4 e7+g2+su(2)+3(so(7)+2 su(2))"	"4 e7+4(so(7)+2 su(2))"	34	178	1	0	0	0	0	0	0	0	"[""s1:26->4"",""s1:26->5""]"	"[""s1:25->1"",""s1:25->1""]"
26	151	"4 e7+g2+su(2)+3(so(7)+2 su(2))"	"4 e7+f4+g2+su(2)+3(so(7)+2 su(2))"	26	128	0	0	0	1	0	0	0	0	"[""s1:26->1""]"	"[""""]"
26	151	"4 e7+g2+su(2)+3(so(7)+2 su(2))"	"4 e7+so(8)+g2+su(2)+3(so(7)+2 su(2))"	26	152	0	0	1	0	0	0	0	0	"[""s1:26->1""]"	"[""""]"
26	151	"4 e7+g2+su(2)+3(so(7)+2 su(2))"	"4 e7+su(3)+g2+su(2)+3(so(7)+2 su(2))"	26	172	0	1	0	0	0	0	0	0	"[""s1:26->1""]"	"[""""]"
26	151	"4 e7+g2+su(2)+3(so(7)+2 su(2))"	"4 e7+su(3)+g2+su(2)+3(so(7)+2 su(2))"	33	172	0	1	0	0	0	0	0	0	"[""s1:26->2""]"	"[""""]"
26	151	"4 e7+g2+su(2)+3(so(7)+2 su(2))"	"4 e7+su(3)+g2+su(2)+3(so(7)+2 su(2))"	34	172	0	1	0	0	0	0	0	0	"[""s1:26->3""]"	"[""""]"
26	152	"2 e7+2 e7'+g2+su(2)+3(so(7)+2 su(2))"	"2 e7+2 e7'+2(g2+su(2))+3(so(7)+2 su(2))"	26	227	0	1	0	0	0	0	0	0	"[""""]"	"[""s1:1->1""]"
26	152	"2 e7+2 e7'+g2+su(2)+3(so(7)+2 su(2))"	"2 e7+2 e7'+2(g2+su(2))+3(so(7)+2 su(2))"	27	227	0	1	0	0	0	0	0	0	"[""s1:26->1""]"	"[""s1:1->1""]"
26	152	"2 e7+2 e7'+g2+su(2)+3(so(7)+2 su(2))"	"2 e7+2 e7'+4(so(7)+2 su(2))"	26	234	1	0	0	0	0	0	0	0	"[""""]"	"[""s1:25->1""]"
26	152	"2 e7+2 e7'+g2+su(2)+3(so(7)+2 su(2))"	"2 e7+2 e7'+4(so(7)+2 su(2))"	27	234	1	0	0	0	0	0	0	0	"[""s1:3->1""]"	"[""s1:25->1""]"
26	152	"2 e7+2 e7'+g2+su(2)+3(so(7)+2 su(2))"	"2 e7+2 e7'+4(so(7)+2 su(2))"	31	234	1	0	0	0	0	0	0	0	"[""s1:26->1"",""s1:3->1, 26->4""]"	"[""s1:25->1"",""s1:25->1""]"
26	152	"2 e7+2 e7'+g2+su(2)+3(so(7)+2 su(2))"	"2 e7+2 e7'+4(so(7)+2 su(2))"	33	234	1	0	0	0	0	0	0	0	"[""s1:26->2"",""s1:26->3""]"	"[""s1:25->1"",""s1:25->1""]"
26	152	"2 e7+2 e7'+g2+su(2)+3(so(7)+2 su(2))"	"2 e7+2 e7'+4(so(7)+2 su(2))"	34	234	1	0	0	0	0	0	0	0	"[""s1:26->4"",""s1:26->5""]"	"[""s1:25->1"",""s1:25->1""]"
26	152	"2 e7+2 e7'+g2+su(2)+3(so(7)+2 su(2))"	"2 e7+2 e7'+f4+g2+su(2)+3(so(7)+2 su(2))"	26	184	0	0	0	1	0	0	0	0	"[""s1:26->1""]"	"[""""]"
26	152	"2 e7+2 e7'+g2+su(2)+3(so(7)+2 su(2))"	"2 e7+2 e7'+so(8)+g2+su(2)+3(so(7)+2 su(2))"	26	208	0	0	1	0	0	0	0	0	"[""s1:26->1""]"	"[""""]"
26	152	"2 e7+2 e7'+g2+su(2)+3(so(7)+2 su(2))"	"2 e7+2 e7'+su(3)+g2+su(2)+3(so(7)+2 su(2))"	26	228	0	1	0	0	0	0	0	0	"[""s1:26->1""]"	"[""""]"
26	153	"3 e7+e7'+3(so(7)+2 su(2))"	"3 e7+e7'+g2+su(2)+3(so(7)+2 su(2))"	26	208	0	1	0	0	0	0	0	0	"[""""]"	"[""s1:1->1""]"
26	154	"3 e7+e7'+f4+2(g2+su(2))+2(so(7)+2 su(2))"	"3 e7+e7'+f4+3(g2+su(2))+2(so(7)+2 su(2))"	26	149	0	1	0	0	0	0	0	0	"[""""]"	"[""s1:1->1""]"
26	155	"3 e7+e6+su(3)+3(so(7)+2 su(2))"	"3 e7+2 e6+su(3)+3(so(7)+2 su(2))"	26	158	0	0	0	0	1	0	0	0	"[""s1:26->1""]"	"[""""]"
26	155	"3 e7+e6+su(3)+3(so(7)+2 su(2))"	"3 e7+e6+2 su(3)+3(so(7)+2 su(2))"	26	228	0	1	0	0	0	0	0	0	"[""s1:26->1""]"	"[""""]"
26	155	"3 e7+e6+su(3)+3(so(7)+2 su(2))"	"3 e7+e6+f4+su(3)+3(so(7)+2 su(2))"	26	184	0	0	0	1	0	0	0	0	"[""s1:26->1""]"	"[""""]"
26	155	"3 e7+e6+su(3)+3(so(7)+2 su(2))"	"3 e7+e6+so(8)+su(3)+3(so(7)+2 su(2))"	26	208	0	0	1	0	0	0	0	0	"[""s1:26->1""]"	"[""""]"
26	155	"3 e7+e6+su(3)+3(so(7)+2 su(2))"	"3 e7+e6+su(3)+g2+su(2)+3(so(7)+2 su(2))"	26	227	0	1	0	0	0	0	0	0	"[""""]"	"[""s1:1->1""]"
26	155	"3 e7+e6+su(3)+3(so(7)+2 su(2))"	"3 e7+e6+su(3)+g2+su(2)+3(so(7)+2 su(2))"	27	227	0	1	0	0	0	0	0	0	"[""s1:26->1""]"	"[""s1:1->1""]"
26	156	"3 e7+e7'+3(so(7)+2 su(2))"	"3 e7+e7'+g2+su(2)+3(so(7)+2 su(2))"	26	208	0	1	0	0	0	0	0	0	"["""",""""]"	"[""s1:1->1"",""s1:26->1""]"
26	157	"e8+3 e6+f4+4 su(3)+g2+su(2)"	"e8+3 e6+2 f4+4 su(3)+g2+su(2)"	26	127	0	0	0	1	0	0	0	0	"[""s1:26->1""]"	"[""""]"
26	157	"e8+3 e6+f4+4 su(3)+g2+su(2)"	"e8+3 e6+f4+4 su(3)+2(g2+su(2))"	26	170	0	1	0	0	0	0	0	0	"[""""]"	"[""s1:1->1""]"
26	157	"e8+3 e6+f4+4 su(3)+g2+su(2)"	"e8+3 e6+f4+4 su(3)+2(g2+su(2))"	29	170	0	1	0	0	0	0	0	0	"[""s1:26->1""]"	"[""s1:1->1""]"
26	157	"e8+3 e6+f4+4 su(3)+g2+su(2)"	"e8+3 e6+f4+4 su(3)+2(g2+su(2))"	31	170	0	1	0	0	0	0	0	0	"[""s1:26->2""]"	"[""s1:1->1""]"
26	157	"e8+3 e6+f4+4 su(3)+g2+su(2)"	"e8+3 e6+f4+4 su(3)+2(g2+su(2))"	32	170	0	1	0	0	0	0	0	0	"[""s1:26->3""]"	"[""s1:1->1""]"
26	157	"e8+3 e6+f4+4 su(3)+g2+su(2)"	"e8+3 e6+f4+5 su(3)+g2+su(2)"	26	171	0	1	0	0	0	0	0	0	"[""s1:26->1""]"	"[""""]"
26	157	"e8+3 e6+f4+4 su(3)+g2+su(2)"	"e8+3 e6+f4+5 su(3)+g2+su(2)"	33	171	0	1	0	0	0	0	0	0	"[""s1:26->2""]"	"[""""]"
26	157	"e8+3 e6+f4+4 su(3)+g2+su(2)"	"e8+3 e6+f4+5 su(3)+g2+su(2)"	34	171	0	1	0	0	0	0	0	0	"[""s1:26->3""]"	"[""""]"
26	157	"e8+3 e6+f4+4 su(3)+g2+su(2)"	"e8+3 e6+f4+so(8)+4 su(3)+g2+su(2)"	26	151	0	0	1	0	0	0	0	0	"[""s1:26->1""]"	"[""""]"
26	157	"e8+3 e6+f4+4 su(3)+g2+su(2)"	"e8+4 e6+f4+4 su(3)+g2+su(2)"	26	101	0	0	0	0	1	0	0	0	"[""s1:26->1""]"	"[""""]"
26	159	"4 e6+f4+4 su(3)+g2+su(2)+so(7)+2 su(2)"	"5 e6+f4+4 su(3)+g2+su(2)+so(7)+2 su(2)"	26	260	0	0	0	0	1	0	0	0	"[""s1:1->1"",""s1:1->1, 26->1"",""s1:26->1""]"	"["""","""",""""]"
26	159	"4 e6+f4+4 su(3)+g2+su(2)+so(7)+2 su(2)"	"e7'+4 e6+f4+4 su(3)+g2+su(2)+so(7)+2 su(2)"	26	233	0	0	0	0	0	1	0	0	"[""s1:1->1"",""s1:26->1""]"	"["""",""""]"
26	159	"4 e6+f4+4 su(3)+g2+su(2)+so(7)+2 su(2)"	"e7'+4 e6+f4+4 su(3)+g2+su(2)+so(7)+2 su(2)"	27	233	0	0	0	0	0	1	0	0	"[""s1:1->1, 26->1""]"	"[""""]"
26	159	"4 e6+f4+4 su(3)+g2+su(2)+so(7)+2 su(2)"	"e7+4 e6+f4+4 su(3)+g2+su(2)+so(7)+2 su(2)"	26	205	0	0	0	0	0	0	1	0	"[""s1:1->1"",""s1:26->1""]"	"["""",""""]"
26	159	"4 e6+f4+4 su(3)+g2+su(2)+so(7)+2 su(2)"	"e7+4 e6+f4+4 su(3)+g2+su(2)+so(7)+2 su(2)"	28	205	0	0	0	0	0	0	1	0	"[""s1:1->1, 26->1""]"	"[""""]"
26	160	"3 e7+e7'+4(so(7)+2 su(2))"	"3 e7+2 e7'+4(so(7)+2 su(2))"	26	101	0	0	0	0	0	1	0	0	"[""s1:1->1""]"	"[""""]"
26	160	"3 e7+e7'+4(so(7)+2 su(2))"	"3 e7+e7'+e6+4(so(7)+2 su(2))"	26	128	0	0	0	0	1	0	0	0	"[""s1:1->1""]"	"[""""]"
26	160	"3 e7+e7'+4(so(7)+2 su(2))"	"3 e7+e7'+f4+4(so(7)+2 su(2))"	26	154	0	0	0	1	0	0	0	0	"[""s1:1->1""]"	"[""""]"
26	160	"3 e7+e7'+4(so(7)+2 su(2))"	"3 e7+e7'+g2+su(2)+4(so(7)+2 su(2))"	26	197	0	1	0	0	0	0	0	0	"[""""]"	"[""s1:26->1""]"
26	160	"3 e7+e7'+4(so(7)+2 su(2))"	"3 e7+e7'+g2+su(2)+4(so(7)+2 su(2))"	28	197	0	1	0	0	0	0	0	0	"[""s1:1->1""]"	"[""s1:26->1""]"
26	160	"3 e7+e7'+4(so(7)+2 su(2))"	"3 e7+e7'+so(8)+4(so(7)+2 su(2))"	26	178	0	0	1	0	0	0	0	0	"[""s1:1->1""]"	"[""""]"
26	160	"3 e7+e7'+4(so(7)+2 su(2))"	"3 e7+e7'+su(3)+4(so(7)+2 su(2))"	26	198	0	1	0	0	0	0	0	0	"[""s1:1->1""]"	"[""""]"
26	160	"3 e7+e7'+4(so(7)+2 su(2))"	"4 e7+e7'+4(so(7)+2 su(2))"	26	73	0	0	0	0	0	0	1	0	"[""s1:1->1""]"	"[""""]"
26	161	"4 e6+2 f4+6 su(3)"	"4 e6+2 f4+so(8)+6 su(3)"	26	262	0	0	1	0	0	0	0	0	"[""s1:1->1""]"	"[""""]"
26	161	"4 e6+2 f4+6 su(3)"	"4 e6+3 f4+6 su(3)"	26	238	0	0	0	1	0	0	0	0	"[""s1:1->1""]"	"[""""]"
26	161	"4 e6+2 f4+6 su(3)"	"5 e6+2 f4+6 su(3)"	26	212	0	0	0	0	1	0	0	0	"[""s1:1->1""]"	"[""""]"
26	162	"2 e7+e7'+e6+su(3)+g2+su(2)+3(so(7)+2 su(2))"	"2 e7+e7'+2 e6+su(3)+g2+su(2)+3(so(7)+2 su(2))"	26	177	0	0	0	0	1	0	0	0	"[""s1:1->1""]"	"[""""]"
26	162	"2 e7+e7'+e6+su(3)+g2+su(2)+3(so(7)+2 su(2))"	"2 e7+e7'+e6+2 su(3)+g2+su(2)+3(so(7)+2 su(2))"	26	247	0	1	0	0	0	0	0	0	"[""s1:1->1"",""s1:1->1, 26->1"",""s1:26->1""]"	"["""","""",""""]"
26	162	"2 e7+e7'+e6+su(3)+g2+su(2)+3(so(7)+2 su(2))"	"2 e7+e7'+e6+f4+su(3)+g2+su(2)+3(so(7)+2 su(2))"	26	203	0	0	0	1	0	0	0	0	"[""s1:1->1"",""s1:26->1""]"	"["""",""""]"
26	162	"2 e7+e7'+e6+su(3)+g2+su(2)+3(so(7)+2 su(2))"	"2 e7+e7'+e6+f4+su(3)+g2+su(2)+3(so(7)+2 su(2))"	28	203	0	0	0	1	0	0	0	0	"[""s1:1->1, 26->1""]"	"[""""]"
26	162	"2 e7+e7'+e6+su(3)+g2+su(2)+3(so(7)+2 su(2))"	"2 e7+e7'+e6+so(8)+su(3)+g2+su(2)+3(so(7)+2 su(2))"	26	227	0	0	1	0	0	0	0	0	"[""s1:1->1"",""s1:26->1""]"	"["""",""""]"
26	162	"2 e7+e7'+e6+su(3)+g2+su(2)+3(so(7)+2 su(2))"	"2 e7+e7'+e6+so(8)+su(3)+g2+su(2)+3(so(7)+2 su(2))"	27	227	0	0	1	0	0	0	0	0	"[""s1:1->1, 26->1""]"	"[""""]"
26	162	"2 e7+e7'+e6+su(3)+g2+su(2)+3(so(7)+2 su(2))"	"2 e7+e7'+e6+su(3)+4(so(7)+2 su(2))"	26	253	1	0	0	0	0	0	0	0	"["""",""s1:1->1""]"	"[""s1:25->1"",""s1:25->1""]"
26	162	"2 e7+e7'+e6+su(3)+g2+su(2)+3(so(7)+2 su(2))"	"2 e7+e7'+e6+su(3)+4(so(7)+2 su(2))"	31	253	1	0	0	0	0	0	0	0	"[""s1:1->5"",""s1:26->1""]"	"[""s1:25->1"",""s1:25->1""]"
26	162	"2 e7+e7'+e6+su(3)+g2+su(2)+3(so(7)+2 su(2))"	"2 e7+e7'+e6+su(3)+4(so(7)+2 su(2))"	33	253	1	0	0	0	0	0	0	0	"[""s1:26->2"",""s1:26->3""]"	"[""s1:25->1"",""s1:25->1""]"
26	162	"2 e7+e7'+e6+su(3)+g2+su(2)+3(so(7)+2 su(2))"	"2 e7+e7'+e6+su(3)+4(so(7)+2 su(2))"	34	253	1	0	0	0	0	0	0	0	"[""s1:26->4"",""s1:26->5""]"	"[""s1:25->1"",""s1:25->1""]"
26	163	"3 e7+e6+su(3)+3(so(7)+2 su(2))"	"3 e7+2 e6+su(3)+3(so(7)+2 su(2))"	26	158	0	0	0	0	1	0	0	0	"[""s1:1->1""]"	"[""""]"
26	163	"3 e7+e6+su(3)+3(so(7)+2 su(2))"	"3 e7+e6+2 su(3)+3(so(7)+2 su(2))"	26	228	0	1	0	0	0	0	0	0	"[""s1:1->1""]"	"[""""]"
26	163	"3 e7+e6+su(3)+3(so(7)+2 su(2))"	"3 e7+e6+f4+su(3)+3(so(7)+2 su(2))"	26	184	0	0	0	1	0	0	0	0	"[""s1:1->1""]"	"[""""]"
26	163	"3 e7+e6+su(3)+3(so(7)+2 su(2))"	"3 e7+e6+so(8)+su(3)+3(so(7)+2 su(2))"	26	208	0	0	1	0	0	0	0	0	"[""s1:1->1""]"	"[""""]"
26	164	"e8+3 e6+f4+4 su(3)+g2+su(2)"	"e8+3 e6+2 f4+4 su(3)+g2+su(2)"	26	127	0	0	0	1	0	0	0	0	"[""s1:1->1""]"	"[""""]"
26	164	"e8+3 e6+f4+4 su(3)+g2+su(2)"	"e8+3 e6+f4+5 su(3)+g2+su(2)"	26	171	0	1	0	0	0	0	0	0	"[""s1:1->1""]"	"[""""]"
26	164	"e8+3 e6+f4+4 su(3)+g2+su(2)"	"e8+3 e6+f4+5 su(3)+g2+su(2)"	33	171	0	1	0	0	0	0	0	0	"[""s1:1->2""]"	"[""""]"
26	164	"e8+3 e6+f4+4 su(3)+g2+su(2)"	"e8+3 e6+f4+5 su(3)+g2+su(2)"	34	171	0	1	0	0	0	0	0	0	"[""s1:1->3""]"	"[""""]"
26	164	"e8+3 e6+f4+4 su(3)+g2+su(2)"	"e8+3 e6+f4+so(8)+4 su(3)+g2+su(2)"	26	151	0	0	1	0	0	0	0	0	"[""s1:1->1""]"	"[""""]"
26	164	"e8+3 e6+f4+4 su(3)+g2+su(2)"	"e8+4 e6+f4+4 su(3)+g2+su(2)"	26	101	0	0	0	0	1	0	0	0	"[""s1:1->1""]"	"[""""]"
26	165	"4 e6+f4+4 su(3)+2(g2+su(2))"	"5 e6+f4+4 su(3)+2(g2+su(2))"	26	262	0	0	0	0	1	0	0	0	"[""s1:26->1""]"	"[""""]"
26	165	"4 e6+f4+4 su(3)+2(g2+su(2))"	"e7'+4 e6+f4+4 su(3)+2(g2+su(2))"	26	235	0	0	0	0	0	1	0	0	"[""s1:26->1""]"	"[""""]"
26	165	"4 e6+f4+4 su(3)+2(g2+su(2))"	"e7+4 e6+f4+4 su(3)+2(g2+su(2))"	26	207	0	0	0	0	0	0	1	0	"[""s1:26->1""]"	"[""""]"
26	165	"4 e6+f4+4 su(3)+2(g2+su(2))"	"e8+4 e6+f4+4 su(3)+2(g2+su(2))"	26	92	0	0	0	0	0	0	0	1	"[""s1:26->1""]"	"[""""]"
26	166	"2 e7+2 e7'+g2+su(2)+3(so(7)+2 su(2))"	"2 e7+2 e7'+2(g2+su(2))+3(so(7)+2 su(2))"	26	227	0	1	0	0	0	0	0	0	"[""""]"	"[""s1:26->1""]"
26	166	"2 e7+2 e7'+g2+su(2)+3(so(7)+2 su(2))"	"2 e7+2 e7'+2(g2+su(2))+3(so(7)+2 su(2))"	27	227	0	1	0	0	0	0	0	0	"[""s1:1->1""]"	"[""s1:26->1""]"
26	166	"2 e7+2 e7'+g2+su(2)+3(so(7)+2 su(2))"	"2 e7+2 e7'+4(so(7)+2 su(2))"	26	234	1	0	0	0	0	0	0	0	"[""""]"	"[""s1:2->1""]"
26	166	"2 e7+2 e7'+g2+su(2)+3(so(7)+2 su(2))"	"2 e7+2 e7'+4(so(7)+2 su(2))"	31	234	1	0	0	0	0	0	0	0	"[""s1:1->1""]"	"[""s1:2->1""]"
26	166	"2 e7+2 e7'+g2+su(2)+3(so(7)+2 su(2))"	"2 e7+2 e7'+4(so(7)+2 su(2))"	33	234	1	0	0	0	0	0	0	0	"[""s1:1->2"",""s1:1->3""]"	"[""s1:2->1"",""s1:2->1""]"
26	166	"2 e7+2 e7'+g2+su(2)+3(so(7)+2 su(2))"	"2 e7+2 e7'+4(so(7)+2 su(2))"	34	234	1	0	0	0	0	0	0	0	"[""s1:1->4"",""s1:1->5""]"	"[""s1:2->1"",""s1:2->1""]"
26	166	"2 e7+2 e7'+g2+su(2)+3(so(7)+2 su(2))"	"2 e7+2 e7'+f4+g2+su(2)+3(so(7)+2 su(2))"	26	184	0	0	0	1	0	0	0	0	"[""s1:1->1""]"	"[""""]"
26	166	"2 e7+2 e7'+g2+su(2)+3(so(7)+2 su(2))"	"2 e7+2 e7'+so(8)+g2+su(2)+3(so(7)+2 su(2))"	26	208	0	0	1	0	0	0	0	0	"[""s1:1->1""]"	"[""""]"
26	166	"2 e7+2 e7'+g2+su(2)+3(so(7)+2 su(2))"	"2 e7+2 e7'+su(3)+g2+su(2)+3(so(7)+2 su(2))"	26	228	0	1	0	0	0	0	0	0	"[""s1:1->1""]"	"[""""]"
26	167	"3 e7+e6+f4+su(3)+2(g2+su(2))+2(so(7)+2 su(2))"	"3 e7+e6+2 f4+su(3)+2(g2+su(2))+2(so(7)+2 su(2))"	26	125	0	0	0	1	0	0	0	0	"[""s1:1->1""]"	"[""""]"
26	167	"3 e7+e6+f4+su(3)+2(g2+su(2))+2(so(7)+2 su(2))"	"3 e7+e6+f4+2 su(3)+2(g2+su(2))+2(so(7)+2 su(2))"	26	169	0	1	0	0	0	0	0	0	"[""s1:1->1""]"	"[""""]"
26	167	"3 e7+e6+f4+su(3)+2(g2+su(2))+2(so(7)+2 su(2))"	"3 e7+e6+f4+2 su(3)+2(g2+su(2))+2(so(7)+2 su(2))"	33	169	0	1	0	0	0	0	0	0	"[""s1:1->2""]"	"[""""]"
26	167	"3 e7+e6+f4+su(3)+2(g2+su(2))+2(so(7)+2 su(2))"	"3 e7+e6+f4+2 su(3)+2(g2+su(2))+2(so(7)+2 su(2))"	34	169	0	1	0	0	0	0	0	0	"[""s1:1->3""]"	"[""""]"
26	167	"3 e7+e6+f4+su(3)+2(g2+su(2))+2(so(7)+2 su(2))"	"3 e7+e6+f4+so(8)+su(3)+2(g2+su(2))+2(so(7)+2 su(2))"	26	149	0	0	1	0	0	0	0	0	"[""s1:1->1""]"	"[""""]"
26	167	"3 e7+e6+f4+su(3)+2(g2+su(2))+2(so(7)+2 su(2))"	"3 e7+e6+f4+su(3)+g2+su(2)+3(so(7)+2 su(2))"	26	175	1	0	0	0	0	0	0	0	"[""""]"	"[""s1:2->1""]"
26	167	"3 e7+e6+f4+su(3)+2(g2+su(2))+2(so(7)+2 su(2))"	"3 e7+e6+f4+su(3)+g2+su(2)+3(so(7)+2 su(2))"	31	175	1	0	0	0	0	0	0	0	"[""s1:1->1""]"	"[""s1:2->1""]"
26	167	"3 e7+e6+f4+su(3)+2(g2+su(2))+2(so(7)+2 su(2))"	"3 e7+e6+f4+su(3)+g2+su(2)+3(so(7)+2 su(2))"	33	175	1	0	0	0	0	0	0	0	"[""s1:1->2"",""s1:1->3""]"	"[""s1:2->1"",""s1:2->1""]"
26	167	"3 e7+e6+f4+su(3)+2(g2+su(2))+2(so(7)+2 su(2))"	"3 e7+e6+f4+su(3)+g2+su(2)+3(so(7)+2 su(2))"	34	175	1	0	0	0	0	0	0	0	"[""s1:1->4"",""s1:1->5""]"	"[""s1:2->1"",""s1:2->1""]"
26	168	"3 e7+f4+so(8)+2(g2+su(2))+2(so(7)+2 su(2))"	"3 e7+f4+2 so(8)+2(g2+su(2))+2(so(7)+2 su(2))"	26	207	0	0	1	0	0	0	0	0	"[""s1:1->1""]"	"[""""]"
26	168	"3 e7+f4+so(8)+2(g2+su(2))+2(so(7)+2 su(2))"	"3 e7+f4+so(8)+3(g2+su(2))+2(so(7)+2 su(2))"	26	226	0	1	0	0	0	0	0	0	"[""""]"	"[""s1:26->1""]"
26	168	"3 e7+f4+so(8)+2(g2+su(2))+2(so(7)+2 su(2))"	"3 e7+f4+so(8)+3(g2+su(2))+2(so(7)+2 su(2))"	27	226	0	1	0	0	0	0	0	0	"[""s1:1->1""]"	"[""s1:26->1""]"
26	168	"3 e7+f4+so(8)+2(g2+su(2))+2(so(7)+2 su(2))"	"3 e7+f4+so(8)+g2+su(2)+3(so(7)+2 su(2))"	31	233	1	0	0	0	0	0	0	0	"[""s1:1->1"",""s1:1->2""]"	"[""s1:4->1"",""s1:4->1""]"
26	168	"3 e7+f4+so(8)+2(g2+su(2))+2(so(7)+2 su(2))"	"3 e7+f4+so(8)+g2+su(2)+3(so(7)+2 su(2))"	32	233	1	0	0	0	0	0	0	0	"[""s1:1->3"",""s1:1->4""]"	"[""s1:4->1"",""s1:4->1""]"
26	168	"3 e7+f4+so(8)+2(g2+su(2))+2(so(7)+2 su(2))"	"3 e7+f4+so(8)+g2+su(2)+3(so(7)+2 su(2))"	33	233	1	0	0	0	0	0	0	0	"[""s1:1->5""]"	"[""s1:4->1""]"
26	168	"3 e7+f4+so(8)+2(g2+su(2))+2(so(7)+2 su(2))"	"3 e7+f4+so(8)+su(3)+2(g2+su(2))+2(so(7)+2 su(2))"	26	227	0	1	0	0	0	0	0	0	"[""s1:1->1""]"	"[""""]"
26	169	"3 e7+f4+so(8)+g2+su(2)+3(so(7)+2 su(2))"	"3 e7+f4+2 so(8)+g2+su(2)+3(so(7)+2 su(2))"	26	205	0	0	1	0	0	0	0	0	"[""s1:1->1""]"	"[""""]"
26	169	"3 e7+f4+so(8)+g2+su(2)+3(so(7)+2 su(2))"	"3 e7+f4+so(8)+4(so(7)+2 su(2))"	31	231	1	0	0	0	0	0	0	0	"[""s1:1->1"",""s1:1->2""]"	"[""s1:4->1"",""s1:4->1""]"
26	169	"3 e7+f4+so(8)+g2+su(2)+3(so(7)+2 su(2))"	"3 e7+f4+so(8)+4(so(7)+2 su(2))"	32	231	1	0	0	0	0	0	0	0	"[""s1:1->3"",""s1:1->4""]"	"[""s1:4->1"",""s1:4->1""]"
26	169	"3 e7+f4+so(8)+g2+su(2)+3(so(7)+2 su(2))"	"3 e7+f4+so(8)+4(so(7)+2 su(2))"	33	231	1	0	0	0	0	0	0	0	"[""s1:1->5""]"	"[""s1:4->1""]"
26	169	"3 e7+f4+so(8)+g2+su(2)+3(so(7)+2 su(2))"	"3 e7+f4+so(8)+su(3)+g2+su(2)+3(so(7)+2 su(2))"	26	225	0	1	0	0	0	0	0	0	"[""s1:1->1"",""s1:26->1""]"	"["""",""""]"
26	169	"3 e7+f4+so(8)+g2+su(2)+3(so(7)+2 su(2))"	"3 e7+f4+so(8)+su(3)+g2+su(2)+3(so(7)+2 su(2))"	27	225	0	1	0	0	0	0	0	0	"[""s1:1->1, 26->1""]"	"[""""]"
26	170	"e8+e7+f4+2 so(8)+3(g2+su(2))+so(7)+2 su(2)"	"e8+2 e7+f4+2 so(8)+3(g2+su(2))+so(7)+2 su(2)"	26	94	0	0	0	0	0	0	1	0	"[""s1:26->1""]"	"[""""]"
26	170	"e8+e7+f4+2 so(8)+3(g2+su(2))+so(7)+2 su(2)"	"e8+e7+2 f4+2 so(8)+3(g2+su(2))+so(7)+2 su(2)"	26	175	0	0	0	1	0	0	0	0	"[""s1:26->1""]"	"[""""]"
26	170	"e8+e7+f4+2 so(8)+3(g2+su(2))+so(7)+2 su(2)"	"e8+e7+e6+f4+2 so(8)+3(g2+su(2))+so(7)+2 su(2)"	26	149	0	0	0	0	1	0	0	0	"[""s1:26->1""]"	"[""""]"
26	170	"e8+e7+f4+2 so(8)+3(g2+su(2))+so(7)+2 su(2)"	"e8+e7+e7'+f4+2 so(8)+3(g2+su(2))+so(7)+2 su(2)"	26	122	0	0	0	0	0	1	0	0	"[""s1:26->1""]"	"[""""]"
26	170	"e8+e7+f4+2 so(8)+3(g2+su(2))+so(7)+2 su(2)"	"e8+e7+f4+2 so(8)+su(3)+3(g2+su(2))+so(7)+2 su(2)"	26	219	0	1	0	0	0	0	0	0	"[""s1:1->1"",""s1:26->1""]"	"["""",""""]"
26	170	"e8+e7+f4+2 so(8)+3(g2+su(2))+so(7)+2 su(2)"	"e8+e7+f4+2 so(8)+su(3)+3(g2+su(2))+so(7)+2 su(2)"	27	219	0	1	0	0	0	0	0	0	"[""s1:1->1, 26->1""]"	"[""""]"
26	170	"e8+e7+f4+2 so(8)+3(g2+su(2))+so(7)+2 su(2)"	"e8+e7+f4+3 so(8)+3(g2+su(2))+so(7)+2 su(2)"	26	199	0	0	1	0	0	0	0	0	"[""s1:1->1"",""s1:26->1""]"	"["""",""""]"
26	170	"e8+e7+f4+2 so(8)+3(g2+su(2))+so(7)+2 su(2)"	"e8+e7+f4+3 so(8)+3(g2+su(2))+so(7)+2 su(2)"	28	199	0	0	1	0	0	0	0	0	"[""s1:1->1, 26->1""]"	"[""""]"
26	171	"3 e7+f4+so(8)+4(so(7)+2 su(2))"	"3 e7+f4+so(8)+su(3)+4(so(7)+2 su(2))"	26	223	0	1	0	0	0	0	0	0	"[""s1:1->1""]"	"[""""]"
26	172	"e8+e7+e6+f4+so(8)+3(g2+su(2))+so(7)+2 su(2)"	"e8+e7+e6+f4+2 so(8)+3(g2+su(2))+so(7)+2 su(2)"	26	149	0	0	1	0	0	0	0	0	"[""s1:26->1""]"	"[""""]"
26	172	"e8+e7+e6+f4+so(8)+3(g2+su(2))+so(7)+2 su(2)"	"e8+e7+e6+f4+so(8)+su(3)+3(g2+su(2))+so(7)+2 su(2)"	26	169	0	1	0	0	0	0	0	0	"[""s1:1->1"",""s1:26->1""]"	"["""",""""]"
26	172	"e8+e7+e6+f4+so(8)+3(g2+su(2))+so(7)+2 su(2)"	"e8+e7+e6+f4+so(8)+su(3)+3(g2+su(2))+so(7)+2 su(2)"	29	169	0	1	0	0	0	0	0	0	"[""s1:1->1, 26->1""]"	"[""""]"
26	172	"e8+e7+e6+f4+so(8)+3(g2+su(2))+so(7)+2 su(2)"	"e8+e7+e6+f4+so(8)+su(3)+3(g2+su(2))+so(7)+2 su(2)"	31	169	0	1	0	0	0	0	0	0	"[""s1:1->1, 26->2""]"	"[""""]"
26	172	"e8+e7+e6+f4+so(8)+3(g2+su(2))+so(7)+2 su(2)"	"e8+e7+e6+f4+so(8)+su(3)+3(g2+su(2))+so(7)+2 su(2)"	32	169	0	1	0	0	0	0	0	0	"[""s1:1->1, 26->3""]"	"[""""]"
26	172	"e8+e7+e6+f4+so(8)+3(g2+su(2))+so(7)+2 su(2)"	"e8+e7+e6+f4+so(8)+su(3)+3(g2+su(2))+so(7)+2 su(2)"	33	169	0	1	0	0	0	0	0	0	"[""s1:26->2""]"	"[""""]"
26	172	"e8+e7+e6+f4+so(8)+3(g2+su(2))+so(7)+2 su(2)"	"e8+e7+e6+f4+so(8)+su(3)+3(g2+su(2))+so(7)+2 su(2)"	34	169	0	1	0	0	0	0	0	0	"[""s1:26->3""]"	"[""""]"
26	173	"3 e7+e7'+f4+2(g2+su(2))+2(so(7)+2 su(2))"	"3 e7+e7'+f4+3(g2+su(2))+2(so(7)+2 su(2))"	26	149	0	1	0	0	0	0	0	0	"[""""]"	"[""s1:26->1""]"
26	174	"3 e7+e7'+f4+g2+su(2)+3(so(7)+2 su(2))"	"3 e7+e7'+f4+su(3)+g2+su(2)+3(so(7)+2 su(2))"	26	148	0	1	0	0	0	0	0	0	"[""s1:26->1""]"	"[""""]"
26	176	"3 e7+f4+so(8)+g2+su(2)+3(so(7)+2 su(2))"	"3 e7+f4+so(8)+2(g2+su(2))+3(so(7)+2 su(2))"	26	224	0	1	0	0	0	0	0	0	"[""""]"	"[""s1:1->1""]"
26	177	"2 e7+e7'+e6+4(so(7)+2 su(2))"	"2 e7+2 e7'+e6+4(so(7)+2 su(2))"	26	156	0	0	0	0	0	1	0	0	"[""s1:26->1""]"	"[""""]"
26	177	"2 e7+e7'+e6+4(so(7)+2 su(2))"	"2 e7+e7'+2 e6+4(so(7)+2 su(2))"	26	183	0	0	0	0	1	0	0	0	"[""s1:26->1""]"	"[""""]"
26	177	"2 e7+e7'+e6+4(so(7)+2 su(2))"	"2 e7+e7'+e6+f4+4(so(7)+2 su(2))"	26	209	0	0	0	1	0	0	0	0	"[""s1:26->1""]"	"[""""]"
26	177	"2 e7+e7'+e6+4(so(7)+2 su(2))"	"2 e7+e7'+e6+g2+su(2)+4(so(7)+2 su(2))"	26	252	0	1	0	0	0	0	0	0	"["""",""s1:26->1""]"	"[""s1:1->1"",""s1:1->1""]"
26	177	"2 e7+e7'+e6+4(so(7)+2 su(2))"	"2 e7+e7'+e6+so(8)+4(so(7)+2 su(2))"	26	233	0	0	1	0	0	0	0	0	"[""s1:26->1""]"	"[""""]"
26	177	"2 e7+e7'+e6+4(so(7)+2 su(2))"	"2 e7+e7'+e6+su(3)+4(so(7)+2 su(2))"	26	253	0	1	0	0	0	0	0	0	"[""s1:26->1""]"	"[""""]"
26	177	"2 e7+e7'+e6+4(so(7)+2 su(2))"	"3 e7+e7'+e6+4(so(7)+2 su(2))"	26	128	0	0	0	0	0	0	1	0	"[""s1:26->1""]"	"[""""]"
26	178	"3 e7+e6+g2+su(2)+3(so(7)+2 su(2))"	"3 e7+e6+2(g2+su(2))+3(so(7)+2 su(2))"	26	226	0	1	0	0	0	0	0	0	"[""""]"	"[""s1:1->1""]"
26	178	"3 e7+e6+g2+su(2)+3(so(7)+2 su(2))"	"3 e7+e6+2(g2+su(2))+3(so(7)+2 su(2))"	27	226	0	1	0	0	0	0	0	0	"[""s1:26->1""]"	"[""s1:1->1""]"
26	178	"3 e7+e6+g2+su(2)+3(so(7)+2 su(2))"	"3 e7+e6+f4+g2+su(2)+3(so(7)+2 su(2))"	26	183	0	0	0	1	0	0	0	0	"[""s1:26->1""]"	"[""""]"
26	178	"3 e7+e6+g2+su(2)+3(so(7)+2 su(2))"	"3 e7+e6+so(8)+g2+su(2)+3(so(7)+2 su(2))"	26	207	0	0	1	0	0	0	0	0	"[""s1:26->1""]"	"[""""]"
26	178	"3 e7+e6+g2+su(2)+3(so(7)+2 su(2))"	"3 e7+e6+su(3)+g2+su(2)+3(so(7)+2 su(2))"	26	227	0	1	0	0	0	0	0	0	"[""s1:26->1""]"	"[""""]"
26	179	"3 e7+e6+su(3)+g2+su(2)+3(so(7)+2 su(2))"	"3 e7+e6+2(g2+su(2))+3(so(7)+2 su(2))"	26	226	1	0	0	0	0	0	0	0	"[""""]"	"[""s1:26->1""]"
26	179	"3 e7+e6+su(3)+g2+su(2)+3(so(7)+2 su(2))"	"3 e7+e6+2(g2+su(2))+3(so(7)+2 su(2))"	31	226	1	0	0	0	0	0	0	0	"[""s1:2->4"",""s1:2->4, 4->1""]"	"[""s1:26->1"",""s1:26->1""]"
26	179	"3 e7+e6+su(3)+g2+su(2)+3(so(7)+2 su(2))"	"3 e7+e6+2(g2+su(2))+3(so(7)+2 su(2))"	32	226	1	0	0	0	0	0	0	0	"[""s1:25->1"",""s1:25->2"",""s1:25->3"",""s1:25->4"",""s1:25->5""]"	"[""s1:26->1"",""s1:26->1"",""s1:26->1"",""s1:26->1"",""s1:26->1""]"
26	179	"3 e7+e6+su(3)+g2+su(2)+3(so(7)+2 su(2))"	"3 e7+e6+su(3)+2(g2+su(2))+3(so(7)+2 su(2))"	26	218	0	1	0	0	0	0	0	0	"[""""]"	"[""s1:1->1""]"
26	179	"3 e7+e6+su(3)+g2+su(2)+3(so(7)+2 su(2))"	"3 e7+e6+su(3)+4(so(7)+2 su(2))"	32	225	1	0	0	0	0	0	0	0	"[""s1:25->1"",""s1:25->2"",""s1:25->3"",""s1:25->4"",""s1:25->5""]"	"[""s1:24->1"",""s1:24->1"",""s1:24->1"",""s1:24->1"",""s1:24->1""]"
26	180	"e8+3 e6+f4+3 su(3)+2(g2+su(2))"	"e8+3 e6+2 f4+3 su(3)+2(g2+su(2))"	26	126	0	0	0	1	0	0	0	0	"[""s1:26->1""]"	"[""""]"
26	180	"e8+3 e6+f4+3 su(3)+2(g2+su(2))"	"e8+3 e6+f4+3 su(3)+3(g2+su(2))"	26	169	0	1	0	0	0	0	0	0	"[""""]"	"[""s1:1->1""]"
26	180	"e8+3 e6+f4+3 su(3)+2(g2+su(2))"	"e8+3 e6+f4+3 su(3)+3(g2+su(2))"	29	169	0	1	0	0	0	0	0	0	"[""s1:26->1""]"	"[""s1:1->1""]"
26	180	"e8+3 e6+f4+3 su(3)+2(g2+su(2))"	"e8+3 e6+f4+3 su(3)+3(g2+su(2))"	31	169	0	1	0	0	0	0	0	0	"[""s1:26->2""]"	"[""s1:1->1""]"
26	180	"e8+3 e6+f4+3 su(3)+2(g2+su(2))"	"e8+3 e6+f4+4 su(3)+2(g2+su(2))"	26	170	0	1	0	0	0	0	0	0	"[""s1:26->1""]"	"[""""]"
26	180	"e8+3 e6+f4+3 su(3)+2(g2+su(2))"	"e8+3 e6+f4+4 su(3)+2(g2+su(2))"	30	170	0	1	0	0	0	0	0	0	"[""s1:2->1, 26->1"",""s1:2->1, 26->2""]"	"["""",""""]"
26	180	"e8+3 e6+f4+3 su(3)+2(g2+su(2))"	"e8+3 e6+f4+4 su(3)+2(g2+su(2))"	31	170	0	1	0	0	0	0	0	0	"[""s1:2->1"",""s1:2->1, 26->3"",""s1:2->1, 26->4""]"	"["""","""",""""]"
26	180	"e8+3 e6+f4+3 su(3)+2(g2+su(2))"	"e8+3 e6+f4+4 su(3)+2(g2+su(2))"	33	170	0	1	0	0	0	0	0	0	"[""s1:26->2""]"	"[""""]"
26	180	"e8+3 e6+f4+3 su(3)+2(g2+su(2))"	"e8+3 e6+f4+4 su(3)+2(g2+su(2))"	34	170	0	1	0	0	0	0	0	0	"[""s1:26->3""]"	"[""""]"
26	180	"e8+3 e6+f4+3 su(3)+2(g2+su(2))"	"e8+3 e6+f4+so(8)+3 su(3)+2(g2+su(2))"	26	150	0	0	1	0	0	0	0	0	"[""s1:26->1""]"	"[""""]"
26	181	"3 e7+e7'+f4+2(g2+su(2))+2(so(7)+2 su(2))"	"3 e7+e7'+f4+3(g2+su(2))+2(so(7)+2 su(2))"	26	149	0	1	0	0	0	0	0	0	"[""""]"	"[""s1:1->1""]"
26	182	"3 e7+e7'+f4+2(g2+su(2))+2(so(7)+2 su(2))"	"3 e7+e7'+f4+3(g2+su(2))+2(so(7)+2 su(2))"	26	149	0	1	0	0	0	0	0	0	"[""""]"	"[""s1:1->1""]"
26	182	"3 e7+e7'+f4+2(g2+su(2))+2(so(7)+2 su(2))"	"3 e7+e7'+f4+3(g2+su(2))+2(so(7)+2 su(2))"	31	149	0	1	0	0	0	0	0	0	"[""""]"	"[""s1:2->1""]"
26	183	"3 e7+e7'+3(so(7)+2 su(2))"	"3 e7+e7'+g2+su(2)+3(so(7)+2 su(2))"	26	208	0	1	0	0	0	0	0	0	"[""""]"	"[""s1:26->1""]"
26	184	"4 e6+f4+6 su(3)+g2+su(2)"	"5 e6+f4+6 su(3)+g2+su(2)"	26	255	0	0	0	0	1	0	0	0	"[""s1:26->1""]"	"[""""]"
26	184	"4 e6+f4+6 su(3)+g2+su(2)"	"e7'+4 e6+f4+6 su(3)+g2+su(2)"	26	228	0	0	0	0	0	1	0	0	"[""s1:26->1""]"	"[""""]"
26	184	"4 e6+f4+6 su(3)+g2+su(2)"	"e7+4 e6+f4+6 su(3)+g2+su(2)"	26	200	0	0	0	0	0	0	1	0	"[""s1:26->1""]"	"[""""]"
26	184	"4 e6+f4+6 su(3)+g2+su(2)"	"e8+4 e6+f4+6 su(3)+g2+su(2)"	26	85	0	0	0	0	0	0	0	1	"[""s1:26->1""]"	"[""""]"
26	185	"3 e7+e7'+f4+su(3)+g2+su(2)+3(so(7)+2 su(2))"	"3 e7+e7'+f4+2(g2+su(2))+3(so(7)+2 su(2))"	26	147	1	0	0	0	0	0	0	0	"[""""]"	"[""s1:1->1""]"
26	186	"3 e7+e7'+f4+3(g2+su(2))+2(so(7)+2 su(2))"	"3 e7+e7'+f4+2(g2+su(2))+3(so(7)+2 su(2))"	26	147	1	0	0	0	0	0	0	0	"[""""]"	"[""s1:1->1""]"
26	187	"5 e6+f4+5 su(3)"	"5 e6+f4+5 su(3)+g2+su(2)"	26	263	0	1	0	0	0	0	0	0	"["""",""s1:24->1"",""s1:26->1""]"	"[""s1:1->1"",""s1:1->1"",""s1:1->1""]"
26	187	"5 e6+f4+5 su(3)"	"5 e6+f4+6 su(3)"	26	264	0	1	0	0	0	0	0	0	"[""s1:24->1"",""s1:26->1"",""s1:3->1"",""s1:3->1, 24->1"",""s1:3->1, 26->1""]"	"["""","""","""","""",""""]"
26	188	"5 e6+6 su(3)+so(7)+2 su(2)"	"5 e6+f4+6 su(3)+so(7)+2 su(2)"	26	253	0	0	0	1	0	0	0	0	"[""s1:26->1""]"	"[""""]"
26	188	"5 e6+6 su(3)+so(7)+2 su(2)"	"6 e6+6 su(3)+so(7)+2 su(2)"	27	227	0	0	0	0	1	0	0	0	"[""s1:26->1""]"	"[""""]"
26	188	"5 e6+6 su(3)+so(7)+2 su(2)"	"e7'+5 e6+6 su(3)+so(7)+2 su(2)"	28	200	0	0	0	0	0	1	0	0	"[""s1:26->1""]"	"[""""]"
26	188	"5 e6+6 su(3)+so(7)+2 su(2)"	"e7+5 e6+6 su(3)+so(7)+2 su(2)"	29	172	0	0	0	0	0	0	1	0	"[""s1:26->1""]"	"[""""]"
26	189	"5 e6+5 su(3)+so(7)+2 su(2)"	"5 e6+f4+5 su(3)+so(7)+2 su(2)"	26	261	0	0	0	1	0	0	0	0	"[""s1:1->1"",""s1:1->1, 26->1"",""s1:26->1""]"	"["""","""",""""]"
26	189	"5 e6+5 su(3)+so(7)+2 su(2)"	"6 e6+5 su(3)+so(7)+2 su(2)"	26	235	0	0	0	0	1	0	0	0	"[""s1:1->1"",""s1:26->1""]"	"["""",""""]"
26	189	"5 e6+5 su(3)+so(7)+2 su(2)"	"6 e6+5 su(3)+so(7)+2 su(2)"	27	235	0	0	0	0	1	0	0	0	"[""s1:1->1, 26->1""]"	"[""""]"
26	189	"5 e6+5 su(3)+so(7)+2 su(2)"	"e7'+5 e6+5 su(3)+so(7)+2 su(2)"	26	208	0	0	0	0	0	1	0	0	"[""s1:26->1""]"	"[""""]"
26	189	"5 e6+5 su(3)+so(7)+2 su(2)"	"e7+5 e6+5 su(3)+so(7)+2 su(2)"	26	180	0	0	0	0	0	0	1	0	"[""s1:26->1""]"	"[""""]"
26	190	"4 e7+so(8)+g2+su(2)+3(so(7)+2 su(2))"	"4 e7+so(8)+4(so(7)+2 su(2))"	30	150	1	0	0	0	0	0	0	0	"[""s1:1->1, 8->1""]"	"[""s1:24->1""]"
26	190	"4 e7+so(8)+g2+su(2)+3(so(7)+2 su(2))"	"4 e7+so(8)+4(so(7)+2 su(2))"	31	150	1	0	0	0	0	0	0	0	"["""",""s1:1->1"",""s1:8->1""]"	"[""s1:24->1"",""s1:24->1"",""s1:24->1""]"
26	191	"5 e6+f4+5 su(3)"	"5 e6+f4+5 su(3)+g2+su(2)"	26	263	0	1	0	0	0	0	0	0	"["""",""s1:1->1"",""s1:2->1""]"	"[""s1:26->1"",""s1:26->1"",""s1:26->1""]"
26	191	"5 e6+f4+5 su(3)"	"5 e6+f4+6 su(3)"	26	264	0	1	0	0	0	0	0	0	"[""s1:1->1"",""s1:2->1""]"	"["""",""""]"
26	192	"5 e6+f4+5 su(3)"	"5 e6+f4+5 su(3)+g2+su(2)"	26	263	0	1	0	0	0	0	0	0	"["""",""""]"	"[""s1:1->1"",""s1:26->1""]"
26	192	"5 e6+f4+5 su(3)"	"5 e6+f4+5 su(3)+so(7)+2 su(2)"	26	261	0	1	0	0	0	0	0	0	"[""""]"	"[""s1:1->1, 26->1""]"
26	192	"5 e6+f4+5 su(3)"	"5 e6+f4+6 su(3)"	26	264	0	1	0	0	0	0	0	0	"[""s1:3->1""]"	"[""""]"
26	193	"3 e7+2 e6+su(3)+3(so(7)+2 su(2))"	"3 e7+2 e6+su(3)+g2+su(2)+3(so(7)+2 su(2))"	26	149	0	1	0	0	0	0	0	0	"[""""]"	"[""s1:1->1""]"
26	194	"e8+3 e6+f4+so(8)+4 su(3)+g2+su(2)"	"e8+3 e6+f4+so(8)+5 su(3)+g2+su(2)"	32	143	0	1	0	0	0	0	0	0	"[""s1:25->1""]"	"[""""]"
26	195	"5 e6+6 su(3)+so(7)+2 su(2)"	"5 e6+f4+6 su(3)+so(7)+2 su(2)"	26	253	0	0	0	1	0	0	0	0	"[""s1:1->1""]"	"[""""]"
26	195	"5 e6+6 su(3)+so(7)+2 su(2)"	"6 e6+6 su(3)+so(7)+2 su(2)"	26	227	0	0	0	0	1	0	0	0	"[""s1:1->1""]"	"[""""]"
26	195	"5 e6+6 su(3)+so(7)+2 su(2)"	"e7'+5 e6+6 su(3)+so(7)+2 su(2)"	26	200	0	0	0	0	0	1	0	0	"[""s1:1->1""]"	"[""""]"
26	195	"5 e6+6 su(3)+so(7)+2 su(2)"	"e7+5 e6+6 su(3)+so(7)+2 su(2)"	26	172	0	0	0	0	0	0	1	0	"[""s1:1->1""]"	"[""""]"
26	196	"5 e6+4 su(3)+g2+su(2)+so(7)+2 su(2)"	"5 e6+f4+4 su(3)+g2+su(2)+so(7)+2 su(2)"	26	260	0	0	0	1	0	0	0	0	"[""s1:1->1"",""s1:1->1, 26->1"",""s1:26->1""]"	"["""","""",""""]"
26	196	"5 e6+4 su(3)+g2+su(2)+so(7)+2 su(2)"	"6 e6+4 su(3)+g2+su(2)+so(7)+2 su(2)"	26	234	0	0	0	0	1	0	0	0	"[""s1:26->1""]"	"[""""]"
26	196	"5 e6+4 su(3)+g2+su(2)+so(7)+2 su(2)"	"e7'+5 e6+4 su(3)+g2+su(2)+so(7)+2 su(2)"	26	207	0	0	0	0	0	1	0	0	"[""s1:26->1""]"	"[""""]"
26	196	"5 e6+4 su(3)+g2+su(2)+so(7)+2 su(2)"	"e7+5 e6+4 su(3)+g2+su(2)+so(7)+2 su(2)"	26	179	0	0	0	0	0	0	1	0	"[""s1:26->1""]"	"[""""]"
26	197	"4 e6+f4+so(8)+5 su(3)+g2+su(2)"	"4 e6+2 f4+so(8)+5 su(3)+g2+su(2)"	26	261	0	0	0	1	0	0	0	0	"[""s1:26->1""]"	"[""""]"
26	197	"4 e6+f4+so(8)+5 su(3)+g2+su(2)"	"5 e6+f4+so(8)+5 su(3)+g2+su(2)"	26	235	0	0	0	0	1	0	0	0	"[""s1:26->1""]"	"[""""]"
26	197	"4 e6+f4+so(8)+5 su(3)+g2+su(2)"	"e7'+4 e6+f4+so(8)+5 su(3)+g2+su(2)"	26	208	0	0	0	0	0	1	0	0	"[""s1:26->1""]"	"[""""]"
26	197	"4 e6+f4+so(8)+5 su(3)+g2+su(2)"	"e7+4 e6+f4+so(8)+5 su(3)+g2+su(2)"	26	180	0	0	0	0	0	0	1	0	"[""s1:26->1""]"	"[""""]"
26	198	"2 e7+2 e7'+e6+4(so(7)+2 su(2))"	"2 e7+2 e7'+e6+su(3)+4(so(7)+2 su(2))"	26	148	0	1	0	0	0	0	0	0	"[""s1:1->1""]"	"[""""]"
26	199	"e8+3 e6+f4+so(8)+3 su(3)+2(g2+su(2))"	"e8+3 e6+f4+so(8)+4 su(3)+2(g2+su(2))"	26	142	0	1	0	0	0	0	0	0	"[""s1:1->1""]"	"[""""]"
26	200	"5 e6+f4+5 su(3)"	"5 e6+f4+5 su(3)+g2+su(2)"	26	263	0	1	0	0	0	0	0	0	"["""",""""]"	"[""s1:1->1"",""s1:26->1""]"
26	201	"3 e7+2 e6+su(3)+3(so(7)+2 su(2))"	"3 e7+2 e6+su(3)+g2+su(2)+3(so(7)+2 su(2))"	26	149	0	1	0	0	0	0	0	0	"[""""]"	"[""s1:1->1""]"
26	201	"3 e7+2 e6+su(3)+3(so(7)+2 su(2))"	"3 e7+2 e6+su(3)+g2+su(2)+3(so(7)+2 su(2))"	31	149	0	1	0	0	0	0	0	0	"[""""]"	"[""s1:2->1""]"
26	202	"e8+3 e6+f4+so(8)+4 su(3)+g2+su(2)"	"e8+3 e6+f4+so(8)+4 su(3)+2(g2+su(2))"	26	142	0	1	0	0	0	0	0	0	"[""""]"	"[""s1:1->1""]"
26	202	"e8+3 e6+f4+so(8)+4 su(3)+g2+su(2)"	"e8+3 e6+f4+so(8)+5 su(3)+g2+su(2)"	32	143	0	1	0	0	0	0	0	0	"[""s1:25->1""]"	"[""""]"
26	204	"5 e6+so(8)+7 su(3)"	"5 e6+2 so(8)+7 su(3)"	26	252	0	0	1	0	0	0	0	0	"[""s1:26->1""]"	"[""""]"
26	205	"5 e6+so(8)+6 su(3)"	"5 e6+2 so(8)+6 su(3)"	26	260	0	0	1	0	0	0	0	0	"[""s1:1->1"",""s1:1->1, 26->1"",""s1:26->1""]"	"["""","""",""""]"
26	205	"5 e6+so(8)+6 su(3)"	"5 e6+f4+so(8)+6 su(3)"	26	236	0	0	0	1	0	0	0	0	"[""s1:1->1""]"	"[""""]"
26	205	"5 e6+so(8)+6 su(3)"	"6 e6+so(8)+6 su(3)"	26	210	0	0	0	0	1	0	0	0	"[""s1:1->1""]"	"[""""]"
26	206	"e7+5 e6+5 su(3)+so(7)+2 su(2)"	"e7+5 e6+6 su(3)+so(7)+2 su(2)"	26	172	0	1	0	0	0	0	0	0	"[""s1:1->1""]"	"[""""]"
26	206	"e7+5 e6+5 su(3)+so(7)+2 su(2)"	"e7+5 e6+6 su(3)+so(7)+2 su(2)"	33	172	0	1	0	0	0	0	0	0	"[""s1:1->2""]"	"[""""]"
26	206	"e7+5 e6+5 su(3)+so(7)+2 su(2)"	"e7+5 e6+6 su(3)+so(7)+2 su(2)"	34	172	0	1	0	0	0	0	0	0	"[""s1:1->3""]"	"[""""]"
26	206	"e7+5 e6+5 su(3)+so(7)+2 su(2)"	"e7+5 e6+f4+5 su(3)+so(7)+2 su(2)"	26	128	0	0	0	1	0	0	0	0	"[""s1:1->1""]"	"[""""]"
26	206	"e7+5 e6+5 su(3)+so(7)+2 su(2)"	"e7+5 e6+so(8)+5 su(3)+so(7)+2 su(2)"	26	152	0	0	1	0	0	0	0	0	"[""s1:1->1""]"	"[""""]"
26	206	"e7+5 e6+5 su(3)+so(7)+2 su(2)"	"e7+6 e6+5 su(3)+so(7)+2 su(2)"	26	102	0	0	0	0	1	0	0	0	"[""s1:1->1""]"	"[""""]"
26	207	"5 e6+so(8)+5 su(3)+g2+su(2)"	"5 e6+2 so(8)+5 su(3)+g2+su(2)"	26	259	0	0	1	0	0	0	0	0	"[""s1:1->1"",""s1:1->1, 26->1"",""s1:26->1""]"	"["""","""",""""]"
26	207	"5 e6+so(8)+5 su(3)+g2+su(2)"	"5 e6+f4+so(8)+5 su(3)+g2+su(2)"	26	235	0	0	0	1	0	0	0	0	"[""s1:26->1""]"	"[""""]"
26	208	"5 e6+so(8)+7 su(3)"	"5 e6+2 so(8)+7 su(3)"	26	252	0	0	1	0	0	0	0	0	"[""s1:1->1""]"	"[""""]"
26	208	"5 e6+so(8)+7 su(3)"	"5 e6+so(8)+8 su(3)"	26	272	0	1	0	0	0	0	0	0	"[""s1:1->1"",""s1:1->2, 3->1, 25->2""]"	"["""",""""]"
26	209	"9 so(8)+g2+su(2)+so(7)+2 su(2)"	"e8+9 so(8)+g2+su(2)+so(7)+2 su(2)"	27	234	0	0	0	0	0	0	0	1	"[""s1:1->1""]"	"[""""]"
26	210	"10 so(8)+g2+su(2)"	"e8+10 so(8)+g2+su(2)"	26	217	0	0	0	0	0	0	0	1	"[""s1:26->1""]"	"[""""]"
26	212	"10 so(8)+g2+su(2)"	"e8+10 so(8)+g2+su(2)"	26	217	0	0	0	0	0	0	0	1	"[""s1:1->1""]"	"[""""]"
26	213	"9 so(8)+2(g2+su(2))"	"e8+9 so(8)+2(g2+su(2))"	26	236	0	0	0	0	0	0	0	1	"[""s1:26->1""]"	"[""""]"
