"TH+1"	"index"	"LST gauge algebra"	"full gauge algebra"	"Tmin"	"Delta"	"n2"	"n3"	"n4"	"n5"	"n6"	"n7"	"n8"	"n12"
16	1	"e7+f4+3(g2+su(2))"	"2 e7+f4+2(g2+su(2))+so(7)+2 su(2)"	22	117	1	0	0	0	0	0	1	0
16	1	"e7+f4+3(g2+su(2))"	"2 e7+f4+2(g2+su(2))+so(7)+2 su(2)"	24	117	1	0	0	0	0	0	1	0
16	1	"e7+f4+3(g2+su(2))"	"2 e7+f4+4(g2+su(2))"	23	110	1	1	0	0	0	0	1	0
16	1	"e7+f4+3(g2+su(2))"	"2 e7+f4+4(g2+su(2))"	26	110	1	1	0	0	0	0	1	0
16	1	"e7+f4+3(g2+su(2))"	"2 e7+f4+su(3)+2(g2+su(2))+so(7)+2 su(2)"	22	109	1	1	0	0	0	0	1	0
16	1	"e7+f4+3(g2+su(2))"	"2 e7+f4+su(3)+2(g2+su(2))+so(7)+2 su(2)"	23	109	1	1	0	0	0	0	1	0
16	1	"e7+f4+3(g2+su(2))"	"2 e7+f4+su(3)+2(g2+su(2))+so(7)+2 su(2)"	24	109	1	1	0	0	0	0	1	0
16	1	"e7+f4+3(g2+su(2))"	"2 e7+f4+su(3)+3(g2+su(2))"	25	111	0	1	0	0	0	0	1	0
16	1	"e7+f4+3(g2+su(2))"	"2 e7+f4+su(3)+3(g2+su(2))"	26	111	0	1	0	0	0	0	1	0
16	1	"e7+f4+3(g2+su(2))"	"e7+e6+f4+2(g2+su(2))+so(7)+2 su(2)"	20	172	1	0	0	0	1	0	0	0
16	1	"e7+f4+3(g2+su(2))"	"e7+e6+f4+2(g2+su(2))+so(7)+2 su(2)"	23	172	1	0	0	0	1	0	0	0
16	1	"e7+f4+3(g2+su(2))"	"e7+e6+f4+2(g2+su(2))+so(7)+2 su(2)"	24	172	1	0	0	0	1	0	0	0
16	1	"e7+f4+3(g2+su(2))"	"e7+e6+f4+4(g2+su(2))"	22	165	1	1	0	0	1	0	0	0
16	1	"e7+f4+3(g2+su(2))"	"e7+e6+f4+su(3)+2(g2+su(2))+so(7)+2 su(2)"	21	164	1	1	0	0	1	0	0	0
16	1	"e7+f4+3(g2+su(2))"	"e7+e6+f4+su(3)+3(g2+su(2))"	21	166	0	1	0	0	1	0	0	0
16	1	"e7+f4+3(g2+su(2))"	"e7+e7'+f4+2(g2+su(2))+so(7)+2 su(2)"	21	145	1	0	0	0	0	1	0	0
16	1	"e7+f4+3(g2+su(2))"	"e7+e7'+f4+2(g2+su(2))+so(7)+2 su(2)"	23	145	1	0	0	0	0	1	0	0
16	1	"e7+f4+3(g2+su(2))"	"e7+e7'+f4+2(g2+su(2))+so(7)+2 su(2)"	27	145	1	0	0	0	0	1	0	0
16	1	"e7+f4+3(g2+su(2))"	"e7+e7'+f4+2(g2+su(2))+so(7)+2 su(2)"	29	145	1	0	0	0	0	1	0	0
16	1	"e7+f4+3(g2+su(2))"	"e7+e7'+f4+4(g2+su(2))"	22	138	1	1	0	0	0	1	0	0
16	1	"e7+f4+3(g2+su(2))"	"e7+e7'+f4+4(g2+su(2))"	25	138	1	1	0	0	0	1	0	0
16	1	"e7+f4+3(g2+su(2))"	"e7+e7'+f4+4(g2+su(2))"	67	138	1	1	0	0	0	1	0	0
16	1	"e7+f4+3(g2+su(2))"	"e7+e7'+f4+su(3)+2(g2+su(2))+so(7)+2 su(2)"	22	137	1	1	0	0	0	1	0	0
16	1	"e7+f4+3(g2+su(2))"	"e7+e7'+f4+su(3)+2(g2+su(2))+so(7)+2 su(2)"	24	137	1	1	0	0	0	1	0	0
16	1	"e7+f4+3(g2+su(2))"	"e7+e7'+f4+su(3)+2(g2+su(2))+so(7)+2 su(2)"	29	137	1	1	0	0	0	1	0	0
16	1	"e7+f4+3(g2+su(2))"	"e7+e7'+f4+su(3)+2(g2+su(2))+so(7)+2 su(2)"	31	137	1	1	0	0	0	1	0	0
16	1	"e7+f4+3(g2+su(2))"	"e7+e7'+f4+su(3)+3(g2+su(2))"	43	139	0	1	0	0	0	1	0	0
16	1	"e7+f4+3(g2+su(2))"	"e7+e7'+f4+su(3)+3(g2+su(2))"	56	139	0	1	0	0	0	1	0	0
16	1	"e7+f4+3(g2+su(2))"	"e7+f4+2(g2+su(2))+so(7)+2 su(2)"	21	250	1	0	0	0	0	0	0	0
16	1	"e7+f4+3(g2+su(2))"	"e7+f4+2(g2+su(2))+so(7)+2 su(2)"	22	250	1	0	0	0	0	0	0	0
16	1	"e7+f4+3(g2+su(2))"	"e7+f4+2(g2+su(2))+so(7)+2 su(2)"	24	250	1	0	0	0	0	0	0	0
16	1	"e7+f4+3(g2+su(2))"	"e8+e7+f4+2(g2+su(2))+so(7)+2 su(2)"	26	2	1	0	0	0	0	0	0	1
16	1	"e7+f4+3(g2+su(2))"	"e8+e7+f4+4(g2+su(2))"	26	-5	1	1	0	0	0	0	0	1
16	1	"e7+f4+3(g2+su(2))"	"e8+e7+f4+4(g2+su(2))"	27	-5	1	1	0	0	0	0	0	1
16	1	"e7+f4+3(g2+su(2))"	"e8+e7+f4+su(3)+2(g2+su(2))+so(7)+2 su(2)"	26	-6	1	1	0	0	0	0	0	1
16	1	"e7+f4+3(g2+su(2))"	"e8+e7+f4+su(3)+3(g2+su(2))"	27	-4	0	1	0	0	0	0	0	1
16	2	"e7+f4+2(g2+su(2))+so(7)+2 su(2)"	"2 e7+f4+2(g2+su(2))+2(so(7)+2 su(2))"	24	106	2	1	0	0	0	0	1	0
16	2	"e7+f4+2(g2+su(2))+so(7)+2 su(2)"	"2 e7+f4+2(g2+su(2))+2(so(7)+2 su(2))"	26	106	2	1	0	0	0	0	1	0
16	2	"e7+f4+2(g2+su(2))+so(7)+2 su(2)"	"2 e7+f4+2(g2+su(2))+2(so(7)+2 su(2))"	35	106	2	1	0	0	0	0	1	0
16	2	"e7+f4+2(g2+su(2))+so(7)+2 su(2)"	"2 e7+f4+2 su(3)+2(g2+su(2))+so(7)+2 su(2)"	26	101	0	2	0	0	0	0	1	0
16	2	"e7+f4+2(g2+su(2))+so(7)+2 su(2)"	"2 e7+f4+3(g2+su(2))+so(7)+2 su(2)"	23	108	1	1	0	0	0	0	1	0
16	2	"e7+f4+2(g2+su(2))+so(7)+2 su(2)"	"2 e7+f4+3(g2+su(2))+so(7)+2 su(2)"	24	108	1	1	0	0	0	0	1	0
16	2	"e7+f4+2(g2+su(2))+so(7)+2 su(2)"	"2 e7+f4+3(g2+su(2))+so(7)+2 su(2)"	26	108	1	1	0	0	0	0	1	0
16	2	"e7+f4+2(g2+su(2))+so(7)+2 su(2)"	"2 e7+f4+su(3)+2(g2+su(2))+so(7)+2 su(2)"	25	109	0	1	0	0	0	0	1	0
16	2	"e7+f4+2(g2+su(2))+so(7)+2 su(2)"	"2 e7+f4+su(3)+2(g2+su(2))+so(7)+2 su(2)"	26	109	0	1	0	0	0	0	1	0
16	2	"e7+f4+2(g2+su(2))+so(7)+2 su(2)"	"2 e7+f4+su(3)+3(g2+su(2))+so(7)+2 su(2)"	23	100	1	2	0	0	0	0	1	0
16	2	"e7+f4+2(g2+su(2))+so(7)+2 su(2)"	"2 e7+f4+su(3)+3(g2+su(2))+so(7)+2 su(2)"	24	100	1	2	0	0	0	0	1	0
16	2	"e7+f4+2(g2+su(2))+so(7)+2 su(2)"	"2 e7+f4+su(3)+3(g2+su(2))+so(7)+2 su(2)"	26	100	1	2	0	0	0	0	1	0
16	2	"e7+f4+2(g2+su(2))+so(7)+2 su(2)"	"e7+e6+f4+3(g2+su(2))+so(7)+2 su(2)"	22	163	1	1	0	0	1	0	0	0
16	2	"e7+f4+2(g2+su(2))+so(7)+2 su(2)"	"e7+e6+f4+3(g2+su(2))+so(7)+2 su(2)"	28	163	1	1	0	0	1	0	0	0
16	2	"e7+f4+2(g2+su(2))+so(7)+2 su(2)"	"e7+e6+f4+su(3)+3(g2+su(2))+so(7)+2 su(2)"	26	155	1	2	0	0	1	0	0	0
16	2	"e7+f4+2(g2+su(2))+so(7)+2 su(2)"	"e7+e7'+f4+2(g2+su(2))+2(so(7)+2 su(2))"	25	134	2	1	0	0	0	1	0	0
16	2	"e7+f4+2(g2+su(2))+so(7)+2 su(2)"	"e7+e7'+f4+2(g2+su(2))+2(so(7)+2 su(2))"	26	134	2	1	0	0	0	1	0	0
16	2	"e7+f4+2(g2+su(2))+so(7)+2 su(2)"	"e7+e7'+f4+2 su(3)+2(g2+su(2))+so(7)+2 su(2)"	46	129	0	2	0	0	0	1	0	0
16	2	"e7+f4+2(g2+su(2))+so(7)+2 su(2)"	"e7+e7'+f4+2 su(3)+2(g2+su(2))+so(7)+2 su(2)"	58	129	0	2	0	0	0	1	0	0
16	2	"e7+f4+2(g2+su(2))+so(7)+2 su(2)"	"e7+e7'+f4+2 su(3)+2(g2+su(2))+so(7)+2 su(2)"	59	129	0	2	0	0	0	1	0	0
16	2	"e7+f4+2(g2+su(2))+so(7)+2 su(2)"	"e7+e7'+f4+3(g2+su(2))+so(7)+2 su(2)"	22	136	1	1	0	0	0	1	0	0
16	2	"e7+f4+2(g2+su(2))+so(7)+2 su(2)"	"e7+e7'+f4+3(g2+su(2))+so(7)+2 su(2)"	23	136	1	1	0	0	0	1	0	0
16	2	"e7+f4+2(g2+su(2))+so(7)+2 su(2)"	"e7+e7'+f4+3(g2+su(2))+so(7)+2 su(2)"	25	136	1	1	0	0	0	1	0	0
16	2	"e7+f4+2(g2+su(2))+so(7)+2 su(2)"	"e7+e7'+f4+3(g2+su(2))+so(7)+2 su(2)"	26	136	1	1	0	0	0	1	0	0
16	2	"e7+f4+2(g2+su(2))+so(7)+2 su(2)"	"e7+e7'+f4+3(g2+su(2))+so(7)+2 su(2)"	65	136	1	1	0	0	0	1	0	0
16	2	"e7+f4+2(g2+su(2))+so(7)+2 su(2)"	"e7+e7'+f4+3(g2+su(2))+so(7)+2 su(2)"	66	136	1	1	0	0	0	1	0	0
16	2	"e7+f4+2(g2+su(2))+so(7)+2 su(2)"	"e7+e7'+f4+su(3)+2(g2+su(2))+so(7)+2 su(2)"	43	137	0	1	0	0	0	1	0	0
16	2	"e7+f4+2(g2+su(2))+so(7)+2 su(2)"	"e7+e7'+f4+su(3)+2(g2+su(2))+so(7)+2 su(2)"	56	137	0	1	0	0	0	1	0	0
16	2	"e7+f4+2(g2+su(2))+so(7)+2 su(2)"	"e7+e7'+f4+su(3)+3(g2+su(2))+so(7)+2 su(2)"	24	128	1	2	0	0	0	1	0	0
16	2	"e7+f4+2(g2+su(2))+so(7)+2 su(2)"	"e7+e7'+f4+su(3)+3(g2+su(2))+so(7)+2 su(2)"	25	128	1	2	0	0	0	1	0	0
16	2	"e7+f4+2(g2+su(2))+so(7)+2 su(2)"	"e7+e7'+f4+su(3)+3(g2+su(2))+so(7)+2 su(2)"	68	128	1	2	0	0	0	1	0	0
16	2	"e7+f4+2(g2+su(2))+so(7)+2 su(2)"	"e7+e7'+f4+su(3)+3(g2+su(2))+so(7)+2 su(2)"	69	128	1	2	0	0	0	1	0	0
16	5	"e8+f4+g2+su(2)"	"e8+f4+2(g2+su(2))"	24	146	1	1	0	0	0	0	0	0
16	6	"e8+f4+g2+su(2)"	"e8+f4+2(g2+su(2))"	24	146	1	1	0	0	0	0	0	0
16	8	"e8+f4+g2+su(2)"	"e8+f4+2(g2+su(2))"	24	146	1	1	0	0	0	0	0	0
16	9	"e8+f4+g2+su(2)"	"e8+f4+2(g2+su(2))"	24	146	1	1	0	0	0	0	0	0
16	10	"e8+f4+g2+su(2)"	"e8+f4+2(g2+su(2))"	24	146	1	1	0	0	0	0	0	0
16	13	"e8+f4+su(3)+g2+su(2)"	"e8+f4+2(g2+su(2))"	21	146	1	0	0	0	0	0	0	0
16	14	"e8+f4+su(3)+g2+su(2)"	"e8+f4+2(g2+su(2))"	21	146	1	0	0	0	0	0	0	0
16	15	"e8+3(g2+su(2))"	"e8+2 su(3)+3(g2+su(2))"	24	173	0	2	0	0	0	0	0	0
16	15	"e8+3(g2+su(2))"	"e8+f4+2 su(3)+3(g2+su(2))"	26	121	0	2	0	1	0	0	0	0
16	15	"e8+3(g2+su(2))"	"e8+f4+3(g2+su(2))+so(7)+2 su(2)"	22	126	2	1	0	1	0	0	0	0
16	15	"e8+3(g2+su(2))"	"e8+f4+4(g2+su(2))"	22	128	1	1	0	1	0	0	0	0
16	15	"e8+3(g2+su(2))"	"e8+f4+4(g2+su(2))"	23	128	1	1	0	1	0	0	0	0
16	15	"e8+3(g2+su(2))"	"e8+f4+4(g2+su(2))"	26	128	1	1	0	1	0	0	0	0
16	15	"e8+3(g2+su(2))"	"e8+f4+so(8)+4(g2+su(2))"	23	100	1	1	1	1	0	0	0	0
16	15	"e8+3(g2+su(2))"	"e8+f4+su(3)+3(g2+su(2))"	22	129	0	1	0	1	0	0	0	0
16	15	"e8+3(g2+su(2))"	"e8+f4+su(3)+3(g2+su(2))"	25	129	0	1	0	1	0	0	0	0
16	15	"e8+3(g2+su(2))"	"e8+f4+su(3)+3(g2+su(2))"	26	129	0	1	0	1	0	0	0	0
16	15	"e8+3(g2+su(2))"	"e8+f4+su(3)+3(g2+su(2))+so(7)+2 su(2)"	25	118	2	2	0	1	0	0	0	0
16	15	"e8+3(g2+su(2))"	"e8+f4+su(3)+4(g2+su(2))"	25	120	1	2	0	1	0	0	0	0
16	15	"e8+3(g2+su(2))"	"e8+so(8)+3(g2+su(2))+so(7)+2 su(2)"	26	150	2	1	1	0	0	0	0	0
16	15	"e8+3(g2+su(2))"	"e8+so(8)+4(g2+su(2))"	22	152	1	1	1	0	0	0	0	0
16	15	"e8+3(g2+su(2))"	"e8+so(8)+4(g2+su(2))"	23	152	1	1	1	0	0	0	0	0
16	15	"e8+3(g2+su(2))"	"e8+so(8)+4(g2+su(2))"	24	152	1	1	1	0	0	0	0	0
16	15	"e8+3(g2+su(2))"	"e8+so(8)+4(g2+su(2))"	25	152	1	1	1	0	0	0	0	0
16	15	"e8+3(g2+su(2))"	"e8+so(8)+4(g2+su(2))"	67	152	1	1	1	0	0	0	0	0
16	15	"e8+3(g2+su(2))"	"e8+so(8)+su(3)+3(g2+su(2))"	23	153	0	1	1	0	0	0	0	0
16	15	"e8+3(g2+su(2))"	"e8+so(8)+su(3)+3(g2+su(2))"	43	153	0	1	1	0	0	0	0	0
16	15	"e8+3(g2+su(2))"	"e8+so(8)+su(3)+3(g2+su(2))"	56	153	0	1	1	0	0	0	0	0
16	15	"e8+3(g2+su(2))"	"e8+su(3)+3(g2+su(2))+so(7)+2 su(2)"	24	170	2	2	0	0	0	0	0	0
16	15	"e8+3(g2+su(2))"	"e8+su(3)+4(g2+su(2))"	23	172	1	2	0	0	0	0	0	0
16	15	"e8+3(g2+su(2))"	"e8+su(3)+4(g2+su(2))"	24	172	1	2	0	0	0	0	0	0
16	16	"e8+f4+g2+su(2)"	"e8+f4+2(g2+su(2))"	24	146	1	1	0	0	0	0	0	0
16	17	"e8+f4+g2+su(2)"	"e8+f4+2(g2+su(2))"	24	146	1	1	0	0	0	0	0	0
16	23	"e8+f4+su(3)+g2+su(2)"	"e8+f4+2(g2+su(2))"	21	146	1	0	0	0	0	0	0	0
16	24	"e8+f4+su(3)+g2+su(2)"	"e8+f4+2(g2+su(2))"	21	146	1	0	0	0	0	0	0	0
16	24	"e8+f4+su(3)+g2+su(2)"	"e8+f4+3(g2+su(2))"	21	137	1	1	0	0	0	0	0	0
16	25	"e8+f4+su(3)+g2+su(2)"	"e8+f4+2(g2+su(2))"	21	146	1	0	0	0	0	0	0	0
16	36	"e8+f4+su(3)+g2+su(2)"	"e8+f4+2(g2+su(2))"	21	146	1	0	0	0	0	0	0	0
16	36	"e8+f4+su(3)+g2+su(2)"	"e8+f4+3(g2+su(2))"	21	137	1	1	0	0	0	0	0	0
16	36	"e8+f4+su(3)+g2+su(2)"	"e8+f4+4(g2+su(2))"	21	128	1	2	0	0	0	0	0	0
16	44	"e6+2 f4+2 su(3)+g2+su(2)"	"2 e6+2 f4+2 su(3)+2(g2+su(2))"	20	170	1	1	0	0	1	0	0	0
16	44	"e6+2 f4+2 su(3)+g2+su(2)"	"e7'+e6+2 f4+2 su(3)+2(g2+su(2))"	21	143	1	1	0	0	0	1	0	0
16	44	"e6+2 f4+2 su(3)+g2+su(2)"	"e7+e6+2 f4+2 su(3)+2(g2+su(2))"	22	115	1	1	0	0	0	0	1	0
16	44	"e6+2 f4+2 su(3)+g2+su(2)"	"e7+e6+2 f4+2 su(3)+2(g2+su(2))"	25	115	1	1	0	0	0	0	1	0
16	44	"e6+2 f4+2 su(3)+g2+su(2)"	"e7+e6+2 f4+2 su(3)+2(g2+su(2))"	26	115	1	1	0	0	0	0	1	0
16	44	"e6+2 f4+2 su(3)+g2+su(2)"	"e8+e6+2 f4+2 su(3)+2(g2+su(2))"	26	0	1	1	0	0	0	0	0	1
16	45	"e7+2 f4+su(3)+2(g2+su(2))"	"e7+2 f4+3(g2+su(2))"	21	200	1	0	0	0	0	0	0	0
16	45	"e7+2 f4+su(3)+2(g2+su(2))"	"e7+2 f4+3(g2+su(2))"	22	200	1	0	0	0	0	0	0	0
16	45	"e7+2 f4+su(3)+2(g2+su(2))"	"e7+2 f4+3(g2+su(2))"	24	200	1	0	0	0	0	0	0	0
16	45	"e7+2 f4+su(3)+2(g2+su(2))"	"e7+2 f4+so(8)+3(g2+su(2))"	20	172	1	0	1	0	0	0	0	0
16	45	"e7+2 f4+su(3)+2(g2+su(2))"	"e7+2 f4+so(8)+3(g2+su(2))"	22	172	1	0	1	0	0	0	0	0
16	45	"e7+2 f4+su(3)+2(g2+su(2))"	"e7+2 f4+so(8)+3(g2+su(2))"	23	172	1	0	1	0	0	0	0	0
16	45	"e7+2 f4+su(3)+2(g2+su(2))"	"e7+2 f4+so(8)+su(3)+3(g2+su(2))"	20	164	1	1	1	0	0	0	0	0
16	45	"e7+2 f4+su(3)+2(g2+su(2))"	"e7+2 f4+so(8)+su(3)+3(g2+su(2))"	21	164	1	1	1	0	0	0	0	0
16	45	"e7+2 f4+su(3)+2(g2+su(2))"	"e7+2 f4+so(8)+su(3)+3(g2+su(2))"	23	164	1	1	1	0	0	0	0	0
16	45	"e7+2 f4+su(3)+2(g2+su(2))"	"e7+3 f4+3(g2+su(2))"	21	148	1	0	0	1	0	0	0	0
16	45	"e7+2 f4+su(3)+2(g2+su(2))"	"e7+3 f4+3(g2+su(2))"	22	148	1	0	0	1	0	0	0	0
16	45	"e7+2 f4+su(3)+2(g2+su(2))"	"e7+3 f4+su(3)+3(g2+su(2))"	22	140	1	1	0	1	0	0	0	0
16	45	"e7+2 f4+su(3)+2(g2+su(2))"	"e7+e6+2 f4+su(3)+3(g2+su(2))"	25	114	1	1	0	0	1	0	0	0
16	45	"e7+2 f4+su(3)+2(g2+su(2))"	"e7+e6+2 f4+su(3)+3(g2+su(2))"	26	114	1	1	0	0	1	0	0	0
16	46	"e8+f4+g2+su(2)"	"e8+f4+2(g2+su(2))"	24	146	1	1	0	0	0	0	0	0
16	50	"e8+f4+su(3)+g2+su(2)"	"e8+f4+2(g2+su(2))"	21	146	1	0	0	0	0	0	0	0
16	52	"e7'+f4+2(g2+su(2))+so(7)+2 su(2)"	"2 e7'+f4+3(g2+su(2))+so(7)+2 su(2)"	21	164	1	1	0	0	0	1	0	0
16	52	"e7'+f4+2(g2+su(2))+so(7)+2 su(2)"	"2 e7'+f4+su(3)+3(g2+su(2))+so(7)+2 su(2)"	25	156	1	2	0	0	0	1	0	0
16	52	"e7'+f4+2(g2+su(2))+so(7)+2 su(2)"	"e7+e7'+f4+2 su(3)+2(g2+su(2))+so(7)+2 su(2)"	46	129	0	2	0	0	0	0	1	0
16	52	"e7'+f4+2(g2+su(2))+so(7)+2 su(2)"	"e7+e7'+f4+2 su(3)+2(g2+su(2))+so(7)+2 su(2)"	51	129	0	2	0	0	0	0	1	0
16	52	"e7'+f4+2(g2+su(2))+so(7)+2 su(2)"	"e7+e7'+f4+2 su(3)+2(g2+su(2))+so(7)+2 su(2)"	58	129	0	2	0	0	0	0	1	0
16	52	"e7'+f4+2(g2+su(2))+so(7)+2 su(2)"	"e7+e7'+f4+2 su(3)+2(g2+su(2))+so(7)+2 su(2)"	59	129	0	2	0	0	0	0	1	0
16	52	"e7'+f4+2(g2+su(2))+so(7)+2 su(2)"	"e7+e7'+f4+3(g2+su(2))+so(7)+2 su(2)"	22	136	1	1	0	0	0	0	1	0
16	52	"e7'+f4+2(g2+su(2))+so(7)+2 su(2)"	"e7+e7'+f4+3(g2+su(2))+so(7)+2 su(2)"	56	136	1	1	0	0	0	0	1	0
16	52	"e7'+f4+2(g2+su(2))+so(7)+2 su(2)"	"e7+e7'+f4+3(g2+su(2))+so(7)+2 su(2)"	64	136	1	1	0	0	0	0	1	0
16	52	"e7'+f4+2(g2+su(2))+so(7)+2 su(2)"	"e7+e7'+f4+3(g2+su(2))+so(7)+2 su(2)"	66	136	1	1	0	0	0	0	1	0
16	52	"e7'+f4+2(g2+su(2))+so(7)+2 su(2)"	"e7+e7'+f4+su(3)+2(g2+su(2))+so(7)+2 su(2)"	43	137	0	1	0	0	0	0	1	0
16	52	"e7'+f4+2(g2+su(2))+so(7)+2 su(2)"	"e7+e7'+f4+su(3)+2(g2+su(2))+so(7)+2 su(2)"	55	137	0	1	0	0	0	0	1	0
16	52	"e7'+f4+2(g2+su(2))+so(7)+2 su(2)"	"e7+e7'+f4+su(3)+2(g2+su(2))+so(7)+2 su(2)"	56	137	0	1	0	0	0	0	1	0
16	52	"e7'+f4+2(g2+su(2))+so(7)+2 su(2)"	"e7+e7'+f4+su(3)+3(g2+su(2))+so(7)+2 su(2)"	23	128	1	2	0	0	0	0	1	0
16	52	"e7'+f4+2(g2+su(2))+so(7)+2 su(2)"	"e7+e7'+f4+su(3)+3(g2+su(2))+so(7)+2 su(2)"	67	128	1	2	0	0	0	0	1	0
16	52	"e7'+f4+2(g2+su(2))+so(7)+2 su(2)"	"e7+e7'+f4+su(3)+3(g2+su(2))+so(7)+2 su(2)"	68	128	1	2	0	0	0	0	1	0
16	52	"e7'+f4+2(g2+su(2))+so(7)+2 su(2)"	"e8+e7'+f4+2(g2+su(2))+2(so(7)+2 su(2))"	26	19	2	1	0	0	0	0	0	1
16	52	"e7'+f4+2(g2+su(2))+so(7)+2 su(2)"	"e8+e7'+f4+2 su(3)+2(g2+su(2))+so(7)+2 su(2)"	26	14	0	2	0	0	0	0	0	1
16	52	"e7'+f4+2(g2+su(2))+so(7)+2 su(2)"	"e8+e7'+f4+3(g2+su(2))+so(7)+2 su(2)"	26	21	1	1	0	0	0	0	0	1
16	52	"e7'+f4+2(g2+su(2))+so(7)+2 su(2)"	"e8+e7'+f4+su(3)+2(g2+su(2))+so(7)+2 su(2)"	26	22	0	1	0	0	0	0	0	1
16	52	"e7'+f4+2(g2+su(2))+so(7)+2 su(2)"	"e8+e7'+f4+su(3)+3(g2+su(2))+so(7)+2 su(2)"	26	13	1	2	0	0	0	0	0	1
16	53	"e7+f4+2(g2+su(2))+so(7)+2 su(2)"	"2 e7+f4+2(g2+su(2))+2(so(7)+2 su(2))"	26	106	2	1	0	0	0	0	1	0
16	53	"e7+f4+2(g2+su(2))+so(7)+2 su(2)"	"2 e7+f4+2 su(3)+2(g2+su(2))+so(7)+2 su(2)"	26	101	0	2	0	0	0	0	1	0
16	53	"e7+f4+2(g2+su(2))+so(7)+2 su(2)"	"2 e7+f4+3(g2+su(2))+so(7)+2 su(2)"	22	108	1	1	0	0	0	0	1	0
16	53	"e7+f4+2(g2+su(2))+so(7)+2 su(2)"	"2 e7+f4+3(g2+su(2))+so(7)+2 su(2)"	26	108	1	1	0	0	0	0	1	0
16	53	"e7+f4+2(g2+su(2))+so(7)+2 su(2)"	"2 e7+f4+su(3)+2(g2+su(2))+so(7)+2 su(2)"	25	109	0	1	0	0	0	0	1	0
16	53	"e7+f4+2(g2+su(2))+so(7)+2 su(2)"	"2 e7+f4+su(3)+2(g2+su(2))+so(7)+2 su(2)"	26	109	0	1	0	0	0	0	1	0
16	53	"e7+f4+2(g2+su(2))+so(7)+2 su(2)"	"2 e7+f4+su(3)+3(g2+su(2))+so(7)+2 su(2)"	23	100	1	2	0	0	0	0	1	0
16	53	"e7+f4+2(g2+su(2))+so(7)+2 su(2)"	"2 e7+f4+su(3)+3(g2+su(2))+so(7)+2 su(2)"	26	100	1	2	0	0	0	0	1	0
16	53	"e7+f4+2(g2+su(2))+so(7)+2 su(2)"	"e7+e6+f4+3(g2+su(2))+so(7)+2 su(2)"	20	163	1	1	0	0	1	0	0	0
16	53	"e7+f4+2(g2+su(2))+so(7)+2 su(2)"	"e7+e6+f4+3(g2+su(2))+so(7)+2 su(2)"	21	163	1	1	0	0	1	0	0	0
16	53	"e7+f4+2(g2+su(2))+so(7)+2 su(2)"	"e7+e6+f4+3(g2+su(2))+so(7)+2 su(2)"	22	163	1	1	0	0	1	0	0	0
16	53	"e7+f4+2(g2+su(2))+so(7)+2 su(2)"	"e7+e6+f4+su(3)+3(g2+su(2))+so(7)+2 su(2)"	25	155	1	2	0	0	1	0	0	0
16	53	"e7+f4+2(g2+su(2))+so(7)+2 su(2)"	"e7+e6+f4+su(3)+3(g2+su(2))+so(7)+2 su(2)"	26	155	1	2	0	0	1	0	0	0
16	53	"e7+f4+2(g2+su(2))+so(7)+2 su(2)"	"e7+e7'+f4+2 su(3)+2(g2+su(2))+so(7)+2 su(2)"	46	129	0	2	0	0	0	1	0	0
16	53	"e7+f4+2(g2+su(2))+so(7)+2 su(2)"	"e7+e7'+f4+2 su(3)+2(g2+su(2))+so(7)+2 su(2)"	58	129	0	2	0	0	0	1	0	0
16	53	"e7+f4+2(g2+su(2))+so(7)+2 su(2)"	"e7+e7'+f4+3(g2+su(2))+so(7)+2 su(2)"	21	136	1	1	0	0	0	1	0	0
16	53	"e7+f4+2(g2+su(2))+so(7)+2 su(2)"	"e7+e7'+f4+3(g2+su(2))+so(7)+2 su(2)"	65	136	1	1	0	0	0	1	0	0
16	53	"e7+f4+2(g2+su(2))+so(7)+2 su(2)"	"e7+e7'+f4+su(3)+2(g2+su(2))+so(7)+2 su(2)"	43	137	0	1	0	0	0	1	0	0
16	53	"e7+f4+2(g2+su(2))+so(7)+2 su(2)"	"e7+e7'+f4+su(3)+2(g2+su(2))+so(7)+2 su(2)"	55	137	0	1	0	0	0	1	0	0
16	53	"e7+f4+2(g2+su(2))+so(7)+2 su(2)"	"e7+e7'+f4+su(3)+2(g2+su(2))+so(7)+2 su(2)"	56	137	0	1	0	0	0	1	0	0
16	53	"e7+f4+2(g2+su(2))+so(7)+2 su(2)"	"e7+e7'+f4+su(3)+3(g2+su(2))+so(7)+2 su(2)"	23	128	1	2	0	0	0	1	0	0
16	53	"e7+f4+2(g2+su(2))+so(7)+2 su(2)"	"e7+e7'+f4+su(3)+3(g2+su(2))+so(7)+2 su(2)"	67	128	1	2	0	0	0	1	0	0
16	53	"e7+f4+2(g2+su(2))+so(7)+2 su(2)"	"e7+e7'+f4+su(3)+3(g2+su(2))+so(7)+2 su(2)"	68	128	1	2	0	0	0	1	0	0
16	54	"e7+2 f4+su(3)+g2+su(2)+so(7)+2 su(2)"	"2 e7+2 f4+2(g2+su(2))+so(7)+2 su(2)"	24	65	1	0	0	0	0	0	1	0
16	54	"e7+2 f4+su(3)+g2+su(2)+so(7)+2 su(2)"	"e7+2 f4+2(g2+su(2))+so(7)+2 su(2)"	22	198	1	0	0	0	0	0	0	0
16	54	"e7+2 f4+su(3)+g2+su(2)+so(7)+2 su(2)"	"e7+2 f4+so(8)+2(g2+su(2))+so(7)+2 su(2)"	20	170	1	0	1	0	0	0	0	0
16	54	"e7+2 f4+su(3)+g2+su(2)+so(7)+2 su(2)"	"e7+2 f4+so(8)+2(g2+su(2))+so(7)+2 su(2)"	21	170	1	0	1	0	0	0	0	0
16	54	"e7+2 f4+su(3)+g2+su(2)+so(7)+2 su(2)"	"e7+2 f4+so(8)+2(g2+su(2))+so(7)+2 su(2)"	22	170	1	0	1	0	0	0	0	0
16	54	"e7+2 f4+su(3)+g2+su(2)+so(7)+2 su(2)"	"e7+2 f4+so(8)+3(g2+su(2))+so(7)+2 su(2)"	27	161	2	1	1	0	0	0	0	0
16	54	"e7+2 f4+su(3)+g2+su(2)+so(7)+2 su(2)"	"e7+2 f4+so(8)+su(3)+2(g2+su(2))+so(7)+2 su(2)"	26	162	1	1	1	0	0	0	0	0
16	54	"e7+2 f4+su(3)+g2+su(2)+so(7)+2 su(2)"	"e7+3 f4+2(g2+su(2))+so(7)+2 su(2)"	21	146	1	0	0	1	0	0	0	0
16	54	"e7+2 f4+su(3)+g2+su(2)+so(7)+2 su(2)"	"e7+3 f4+2(g2+su(2))+so(7)+2 su(2)"	22	146	1	0	0	1	0	0	0	0
16	54	"e7+2 f4+su(3)+g2+su(2)+so(7)+2 su(2)"	"e7+e6+2 f4+2(g2+su(2))+so(7)+2 su(2)"	22	120	1	0	0	0	1	0	0	0
16	54	"e7+2 f4+su(3)+g2+su(2)+so(7)+2 su(2)"	"e7+e7'+2 f4+2(g2+su(2))+so(7)+2 su(2)"	23	93	1	0	0	0	0	1	0	0
16	56	"e6+2 f4+3 su(3)+g2+su(2)"	"2 e6+2 f4+2 su(3)+2(g2+su(2))"	20	170	1	0	0	0	1	0	0	0
16	56	"e6+2 f4+3 su(3)+g2+su(2)"	"2 e6+2 f4+2 su(3)+3(g2+su(2))"	22	161	2	1	0	0	1	0	0	0
16	56	"e6+2 f4+3 su(3)+g2+su(2)"	"2 e6+2 f4+3 su(3)+2(g2+su(2))"	21	162	1	1	0	0	1	0	0	0
16	56	"e6+2 f4+3 su(3)+g2+su(2)"	"2 e6+2 f4+3 su(3)+2(g2+su(2))"	22	162	1	1	0	0	1	0	0	0
16	56	"e6+2 f4+3 su(3)+g2+su(2)"	"e6+2 f4+2 su(3)+2(g2+su(2))"	21	248	1	0	0	0	0	0	0	0
16	56	"e6+2 f4+3 su(3)+g2+su(2)"	"e6+2 f4+2 su(3)+2(g2+su(2))"	24	248	1	0	0	0	0	0	0	0
16	56	"e6+2 f4+3 su(3)+g2+su(2)"	"e7'+e6+2 f4+2 su(3)+2(g2+su(2))"	27	143	1	0	0	0	0	1	0	0
16	56	"e6+2 f4+3 su(3)+g2+su(2)"	"e7'+e6+2 f4+2 su(3)+2(g2+su(2))"	29	143	1	0	0	0	0	1	0	0
16	56	"e6+2 f4+3 su(3)+g2+su(2)"	"e7+e6+2 f4+2 su(3)+2(g2+su(2))"	24	115	1	0	0	0	0	0	1	0
16	56	"e6+2 f4+3 su(3)+g2+su(2)"	"e7+e6+2 f4+2 su(3)+3(g2+su(2))"	35	106	2	1	0	0	0	0	1	0
16	56	"e6+2 f4+3 su(3)+g2+su(2)"	"e7+e6+2 f4+2 su(3)+3(g2+su(2))"	41	106	2	1	0	0	0	0	1	0
16	56	"e6+2 f4+3 su(3)+g2+su(2)"	"e7'+e6+2 f4+3 su(3)+2(g2+su(2))"	29	135	1	1	0	0	0	1	0	0
16	56	"e6+2 f4+3 su(3)+g2+su(2)"	"e7'+e6+2 f4+3 su(3)+2(g2+su(2))"	31	135	1	1	0	0	0	1	0	0
16	56	"e6+2 f4+3 su(3)+g2+su(2)"	"e7'+e6+2 f4+3 su(3)+2(g2+su(2))"	66	135	1	1	0	0	0	1	0	0
16	56	"e6+2 f4+3 su(3)+g2+su(2)"	"e7+e6+2 f4+3 su(3)+2(g2+su(2))"	24	107	1	1	0	0	0	0	1	0
16	56	"e6+2 f4+3 su(3)+g2+su(2)"	"e7+e6+2 f4+3 su(3)+2(g2+su(2))"	25	107	1	1	0	0	0	0	1	0
16	56	"e6+2 f4+3 su(3)+g2+su(2)"	"e7+e6+2 f4+3 su(3)+2(g2+su(2))"	26	107	1	1	0	0	0	0	1	0
16	56	"e6+2 f4+3 su(3)+g2+su(2)"	"e7+e6+2 f4+3 su(3)+2(g2+su(2))"	29	107	1	1	0	0	0	0	1	0
16	56	"e6+2 f4+3 su(3)+g2+su(2)"	"e7+e6+2 f4+3 su(3)+2(g2+su(2))"	32	107	1	1	0	0	0	0	1	0
16	56	"e6+2 f4+3 su(3)+g2+su(2)"	"e7'+e6+2 f4+4 su(3)+g2+su(2)"	43	136	0	1	0	0	0	1	0	0
16	56	"e6+2 f4+3 su(3)+g2+su(2)"	"e7'+e6+2 f4+4 su(3)+g2+su(2)"	56	136	0	1	0	0	0	1	0	0
16	56	"e6+2 f4+3 su(3)+g2+su(2)"	"e7+e6+2 f4+4 su(3)+g2+su(2)"	25	108	0	1	0	0	0	0	1	0
16	56	"e6+2 f4+3 su(3)+g2+su(2)"	"e7+e6+2 f4+4 su(3)+g2+su(2)"	26	108	0	1	0	0	0	0	1	0
16	57	"e7+2 f4+su(3)+2(g2+su(2))"	"e7+2 f4+3(g2+su(2))"	21	200	1	0	0	0	0	0	0	0
16	57	"e7+2 f4+su(3)+2(g2+su(2))"	"e7+2 f4+3(g2+su(2))"	24	200	1	0	0	0	0	0	0	0
16	57	"e7+2 f4+su(3)+2(g2+su(2))"	"e7+2 f4+so(8)+3(g2+su(2))"	20	172	1	0	1	0	0	0	0	0
16	57	"e7+2 f4+su(3)+2(g2+su(2))"	"e7+2 f4+so(8)+su(3)+2(g2+su(2))+so(7)+2 su(2)"	23	162	1	1	1	0	0	0	0	0
16	57	"e7+2 f4+su(3)+2(g2+su(2))"	"e7+3 f4+3(g2+su(2))"	21	148	1	0	0	1	0	0	0	0
16	58	"e7+2 f4+su(3)+g2+su(2)+so(7)+2 su(2)"	"e7+2 f4+2(g2+su(2))+so(7)+2 su(2)"	21	198	1	0	0	0	0	0	0	0
16	58	"e7+2 f4+su(3)+g2+su(2)+so(7)+2 su(2)"	"e7+2 f4+2(g2+su(2))+so(7)+2 su(2)"	22	198	1	0	0	0	0	0	0	0
16	58	"e7+2 f4+su(3)+g2+su(2)+so(7)+2 su(2)"	"e7+2 f4+2(g2+su(2))+so(7)+2 su(2)"	24	198	1	0	0	0	0	0	0	0
16	58	"e7+2 f4+su(3)+g2+su(2)+so(7)+2 su(2)"	"e7+2 f4+2 su(3)+2(g2+su(2))+so(7)+2 su(2)"	20	182	1	2	0	0	0	0	0	0
16	58	"e7+2 f4+su(3)+g2+su(2)+so(7)+2 su(2)"	"e7+2 f4+3(g2+su(2))+so(7)+2 su(2)"	19	189	2	1	0	0	0	0	0	0
16	58	"e7+2 f4+su(3)+g2+su(2)+so(7)+2 su(2)"	"e7+2 f4+so(8)+2(g2+su(2))+so(7)+2 su(2)"	20	170	1	0	1	0	0	0	0	0
16	58	"e7+2 f4+su(3)+g2+su(2)+so(7)+2 su(2)"	"e7+2 f4+so(8)+2(g2+su(2))+so(7)+2 su(2)"	21	170	1	0	1	0	0	0	0	0
16	58	"e7+2 f4+su(3)+g2+su(2)+so(7)+2 su(2)"	"e7+2 f4+so(8)+2(g2+su(2))+so(7)+2 su(2)"	23	170	1	0	1	0	0	0	0	0
16	58	"e7+2 f4+su(3)+g2+su(2)+so(7)+2 su(2)"	"e7+2 f4+so(8)+su(3)+2(g2+su(2))+so(7)+2 su(2)"	21	162	1	1	1	0	0	0	0	0
16	58	"e7+2 f4+su(3)+g2+su(2)+so(7)+2 su(2)"	"e7+2 f4+su(3)+2(g2+su(2))+so(7)+2 su(2)"	19	190	1	1	0	0	0	0	0	0
16	58	"e7+2 f4+su(3)+g2+su(2)+so(7)+2 su(2)"	"e7+3 f4+2(g2+su(2))+so(7)+2 su(2)"	21	146	1	0	0	1	0	0	0	0
16	58	"e7+2 f4+su(3)+g2+su(2)+so(7)+2 su(2)"	"e7+3 f4+2(g2+su(2))+so(7)+2 su(2)"	22	146	1	0	0	1	0	0	0	0
16	59	"e7+f4+3(g2+su(2))"	"2 e7+f4+2(g2+su(2))+so(7)+2 su(2)"	22	117	1	0	0	0	0	0	1	0
16	59	"e7+f4+3(g2+su(2))"	"2 e7+f4+2(g2+su(2))+so(7)+2 su(2)"	24	117	1	0	0	0	0	0	1	0
16	59	"e7+f4+3(g2+su(2))"	"2 e7+f4+4(g2+su(2))"	22	110	1	1	0	0	0	0	1	0
16	59	"e7+f4+3(g2+su(2))"	"2 e7+f4+4(g2+su(2))"	23	110	1	1	0	0	0	0	1	0
16	59	"e7+f4+3(g2+su(2))"	"2 e7+f4+4(g2+su(2))"	26	110	1	1	0	0	0	0	1	0
16	59	"e7+f4+3(g2+su(2))"	"2 e7+f4+su(3)+2(g2+su(2))+so(7)+2 su(2)"	22	109	1	1	0	0	0	0	1	0
16	59	"e7+f4+3(g2+su(2))"	"2 e7+f4+su(3)+2(g2+su(2))+so(7)+2 su(2)"	24	109	1	1	0	0	0	0	1	0
16	59	"e7+f4+3(g2+su(2))"	"2 e7+f4+su(3)+3(g2+su(2))"	25	111	0	1	0	0	0	0	1	0
16	59	"e7+f4+3(g2+su(2))"	"2 e7+f4+su(3)+3(g2+su(2))"	26	111	0	1	0	0	0	0	1	0
16	59	"e7+f4+3(g2+su(2))"	"e7+2 f4+4(g2+su(2))"	19	191	1	1	0	1	0	0	0	0
16	59	"e7+f4+3(g2+su(2))"	"e7+2 f4+so(8)+2(g2+su(2))+so(7)+2 su(2)"	20	170	1	0	1	1	0	0	0	0
16	59	"e7+f4+3(g2+su(2))"	"e7+e6+f4+2(g2+su(2))+so(7)+2 su(2)"	20	172	1	0	0	0	1	0	0	0
16	59	"e7+f4+3(g2+su(2))"	"e7+e6+f4+2(g2+su(2))+so(7)+2 su(2)"	21	172	1	0	0	0	1	0	0	0
16	59	"e7+f4+3(g2+su(2))"	"e7+e6+f4+2(g2+su(2))+so(7)+2 su(2)"	23	172	1	0	0	0	1	0	0	0
16	59	"e7+f4+3(g2+su(2))"	"e7+e6+f4+2(g2+su(2))+so(7)+2 su(2)"	24	172	1	0	0	0	1	0	0	0
16	59	"e7+f4+3(g2+su(2))"	"e7+e6+f4+4(g2+su(2))"	22	165	1	1	0	0	1	0	0	0
16	59	"e7+f4+3(g2+su(2))"	"e7+e6+f4+so(8)+2(g2+su(2))+so(7)+2 su(2)"	21	144	1	0	1	0	1	0	0	0
16	59	"e7+f4+3(g2+su(2))"	"e7+e6+f4+su(3)+2(g2+su(2))+so(7)+2 su(2)"	21	164	1	1	0	0	1	0	0	0
16	59	"e7+f4+3(g2+su(2))"	"e7+e6+f4+su(3)+2(g2+su(2))+so(7)+2 su(2)"	22	164	1	1	0	0	1	0	0	0
16	59	"e7+f4+3(g2+su(2))"	"e7+e6+f4+su(3)+3(g2+su(2))"	21	166	0	1	0	0	1	0	0	0
16	59	"e7+f4+3(g2+su(2))"	"e7+e7'+f4+2(g2+su(2))+so(7)+2 su(2)"	21	145	1	0	0	0	0	1	0	0
16	59	"e7+f4+3(g2+su(2))"	"e7+e7'+f4+2(g2+su(2))+so(7)+2 su(2)"	27	145	1	0	0	0	0	1	0	0
16	59	"e7+f4+3(g2+su(2))"	"e7+e7'+f4+2(g2+su(2))+so(7)+2 su(2)"	29	145	1	0	0	0	0	1	0	0
16	59	"e7+f4+3(g2+su(2))"	"e7+e7'+f4+4(g2+su(2))"	22	138	1	1	0	0	0	1	0	0
16	59	"e7+f4+3(g2+su(2))"	"e7+e7'+f4+4(g2+su(2))"	66	138	1	1	0	0	0	1	0	0
16	59	"e7+f4+3(g2+su(2))"	"e7+e7'+f4+su(3)+2(g2+su(2))+so(7)+2 su(2)"	21	137	1	1	0	0	0	1	0	0
16	59	"e7+f4+3(g2+su(2))"	"e7+e7'+f4+su(3)+2(g2+su(2))+so(7)+2 su(2)"	22	137	1	1	0	0	0	1	0	0
16	59	"e7+f4+3(g2+su(2))"	"e7+e7'+f4+su(3)+2(g2+su(2))+so(7)+2 su(2)"	29	137	1	1	0	0	0	1	0	0
16	59	"e7+f4+3(g2+su(2))"	"e7+e7'+f4+su(3)+2(g2+su(2))+so(7)+2 su(2)"	31	137	1	1	0	0	0	1	0	0
16	59	"e7+f4+3(g2+su(2))"	"e7+e7'+f4+su(3)+3(g2+su(2))"	43	139	0	1	0	0	0	1	0	0
16	59	"e7+f4+3(g2+su(2))"	"e7+e7'+f4+su(3)+3(g2+su(2))"	56	139	0	1	0	0	0	1	0	0
16	59	"e7+f4+3(g2+su(2))"	"e7+f4+2(g2+su(2))+so(7)+2 su(2)"	21	250	1	0	0	0	0	0	0	0
16	59	"e7+f4+3(g2+su(2))"	"e7+f4+2(g2+su(2))+so(7)+2 su(2)"	24	250	1	0	0	0	0	0	0	0
16	59	"e7+f4+3(g2+su(2))"	"e7+f4+2 so(8)+2(g2+su(2))+so(7)+2 su(2)"	19	194	1	0	2	0	0	0	0	0
16	59	"e7+f4+3(g2+su(2))"	"e7+f4+so(8)+su(3)+2(g2+su(2))+so(7)+2 su(2)"	18	214	1	1	1	0	0	0	0	0
16	59	"e7+f4+3(g2+su(2))"	"e8+e7+f4+2(g2+su(2))+so(7)+2 su(2)"	25	2	1	0	0	0	0	0	0	1
16	59	"e7+f4+3(g2+su(2))"	"e8+e7+f4+2(g2+su(2))+so(7)+2 su(2)"	26	2	1	0	0	0	0	0	0	1
16	59	"e7+f4+3(g2+su(2))"	"e8+e7+f4+4(g2+su(2))"	26	-5	1	1	0	0	0	0	0	1
16	59	"e7+f4+3(g2+su(2))"	"e8+e7+f4+4(g2+su(2))"	27	-5	1	1	0	0	0	0	0	1
16	59	"e7+f4+3(g2+su(2))"	"e8+e7+f4+su(3)+2(g2+su(2))+so(7)+2 su(2)"	26	-6	1	1	0	0	0	0	0	1
16	59	"e7+f4+3(g2+su(2))"	"e8+e7+f4+su(3)+3(g2+su(2))"	27	-4	0	1	0	0	0	0	0	1
16	60	"e7+f4+3(g2+su(2))"	"2 e7+f4+4(g2+su(2))"	22	110	1	1	0	0	0	0	1	0
16	60	"e7+f4+3(g2+su(2))"	"2 e7+f4+4(g2+su(2))"	23	110	1	1	0	0	0	0	1	0
16	60	"e7+f4+3(g2+su(2))"	"2 e7+f4+4(g2+su(2))"	26	110	1	1	0	0	0	0	1	0
16	60	"e7+f4+3(g2+su(2))"	"2 e7+f4+su(3)+3(g2+su(2))"	25	111	0	1	0	0	0	0	1	0
16	60	"e7+f4+3(g2+su(2))"	"2 e7+f4+su(3)+3(g2+su(2))"	26	111	0	1	0	0	0	0	1	0
16	60	"e7+f4+3(g2+su(2))"	"e7+2 f4+4(g2+su(2))"	19	191	1	1	0	1	0	0	0	0
16	60	"e7+f4+3(g2+su(2))"	"e7+e6+f4+4(g2+su(2))"	22	165	1	1	0	0	1	0	0	0
16	60	"e7+f4+3(g2+su(2))"	"e7+e6+f4+4(g2+su(2))"	28	165	1	1	0	0	1	0	0	0
16	60	"e7+f4+3(g2+su(2))"	"e7+e6+f4+su(3)+3(g2+su(2))"	21	166	0	1	0	0	1	0	0	0
16	60	"e7+f4+3(g2+su(2))"	"e7+e7'+f4+4(g2+su(2))"	22	138	1	1	0	0	0	1	0	0
16	60	"e7+f4+3(g2+su(2))"	"e7+e7'+f4+4(g2+su(2))"	67	138	1	1	0	0	0	1	0	0
16	60	"e7+f4+3(g2+su(2))"	"e7+e7'+f4+su(3)+3(g2+su(2))"	43	139	0	1	0	0	0	1	0	0
16	60	"e7+f4+3(g2+su(2))"	"e7+e7'+f4+su(3)+3(g2+su(2))"	56	139	0	1	0	0	0	1	0	0
16	60	"e7+f4+3(g2+su(2))"	"e8+e7+f4+4(g2+su(2))"	26	-5	1	1	0	0	0	0	0	1
16	60	"e7+f4+3(g2+su(2))"	"e8+e7+f4+4(g2+su(2))"	27	-5	1	1	0	0	0	0	0	1
16	60	"e7+f4+3(g2+su(2))"	"e8+e7+f4+su(3)+3(g2+su(2))"	27	-4	0	1	0	0	0	0	0	1
16	61	"e7+3 f4+su(3)+2(g2+su(2))"	"e7+3 f4+3(g2+su(2))"	21	148	1	0	0	0	0	0	0	0
16	64	"e7+f4+su(3)+3(g2+su(2))"	"2 e7+f4+4(g2+su(2))"	22	110	1	0	0	0	0	0	1	0
16	64	"e7+f4+su(3)+3(g2+su(2))"	"2 e7+f4+su(3)+2(g2+su(2))+so(7)+2 su(2)"	22	109	1	0	0	0	0	0	1	0
16	64	"e7+f4+su(3)+3(g2+su(2))"	"e7+e6+f4+4(g2+su(2))"	21	165	1	0	0	0	1	0	0	0
16	64	"e7+f4+su(3)+3(g2+su(2))"	"e7+e6+f4+4(g2+su(2))"	22	165	1	0	0	0	1	0	0	0
16	64	"e7+f4+su(3)+3(g2+su(2))"	"e7+e6+f4+4(g2+su(2))"	24	165	1	0	0	0	1	0	0	0
16	64	"e7+f4+su(3)+3(g2+su(2))"	"e7+e6+f4+su(3)+2(g2+su(2))+so(7)+2 su(2)"	21	164	1	0	0	0	1	0	0	0
16	64	"e7+f4+su(3)+3(g2+su(2))"	"e7+e6+f4+su(3)+2(g2+su(2))+so(7)+2 su(2)"	23	164	1	0	0	0	1	0	0	0
16	64	"e7+f4+su(3)+3(g2+su(2))"	"e7+e6+f4+su(3)+2(g2+su(2))+so(7)+2 su(2)"	24	164	1	0	0	0	1	0	0	0
16	64	"e7+f4+su(3)+3(g2+su(2))"	"e7+e7'+f4+4(g2+su(2))"	21	138	1	0	0	0	0	1	0	0
16	64	"e7+f4+su(3)+3(g2+su(2))"	"e7+e7'+f4+4(g2+su(2))"	22	138	1	0	0	0	0	1	0	0
16	64	"e7+f4+su(3)+3(g2+su(2))"	"e7+e7'+f4+su(3)+2(g2+su(2))+so(7)+2 su(2)"	21	137	1	0	0	0	0	1	0	0
16	64	"e7+f4+su(3)+3(g2+su(2))"	"e7+e7'+f4+su(3)+2(g2+su(2))+so(7)+2 su(2)"	22	137	1	0	0	0	0	1	0	0
16	64	"e7+f4+su(3)+3(g2+su(2))"	"e7+f4+4(g2+su(2))"	21	243	1	0	0	0	0	0	0	0
16	64	"e7+f4+su(3)+3(g2+su(2))"	"e7+f4+4(g2+su(2))"	22	243	1	0	0	0	0	0	0	0
16	64	"e7+f4+su(3)+3(g2+su(2))"	"e7+f4+su(3)+2(g2+su(2))+so(7)+2 su(2)"	17	242	1	0	0	0	0	0	0	0
16	64	"e7+f4+su(3)+3(g2+su(2))"	"e7+f4+su(3)+2(g2+su(2))+so(7)+2 su(2)"	21	242	1	0	0	0	0	0	0	0
16	64	"e7+f4+su(3)+3(g2+su(2))"	"e7+f4+su(3)+2(g2+su(2))+so(7)+2 su(2)"	22	242	1	0	0	0	0	0	0	0
16	64	"e7+f4+su(3)+3(g2+su(2))"	"e8+e7+f4+4(g2+su(2))"	26	-5	1	0	0	0	0	0	0	1
16	64	"e7+f4+su(3)+3(g2+su(2))"	"e8+e7+f4+su(3)+2(g2+su(2))+so(7)+2 su(2)"	26	-6	1	0	0	0	0	0	0	1
16	67	"2 e7+g2+su(2)+so(7)+2 su(2)"	"2 e7+2(g2+su(2))+so(7)+2 su(2)"	21	169	1	1	0	0	0	0	0	0
16	67	"2 e7+g2+su(2)+so(7)+2 su(2)"	"2 e7+2(g2+su(2))+so(7)+2 su(2)"	23	169	1	1	0	0	0	0	0	0
16	67	"2 e7+g2+su(2)+so(7)+2 su(2)"	"2 e7+2(so(7)+2 su(2))"	20	176	1	0	0	0	0	0	0	0
16	67	"2 e7+g2+su(2)+so(7)+2 su(2)"	"2 e7+2(so(7)+2 su(2))"	22	176	1	0	0	0	0	0	0	0
16	67	"2 e7+g2+su(2)+so(7)+2 su(2)"	"2 e7+2(so(7)+2 su(2))"	24	176	1	0	0	0	0	0	0	0
16	67	"2 e7+g2+su(2)+so(7)+2 su(2)"	"2 e7+3(g2+su(2))+so(7)+2 su(2)"	21	160	1	2	0	0	0	0	0	0
16	67	"2 e7+g2+su(2)+so(7)+2 su(2)"	"2 e7+g2+su(2)+2(so(7)+2 su(2))"	20	167	1	1	0	0	0	0	0	0
16	67	"2 e7+g2+su(2)+so(7)+2 su(2)"	"2 e7+g2+su(2)+2(so(7)+2 su(2))"	28	167	1	1	0	0	0	0	0	0
16	67	"2 e7+g2+su(2)+so(7)+2 su(2)"	"2 e7+su(3)+2(so(7)+2 su(2))"	21	168	1	1	0	0	0	0	0	0
16	67	"2 e7+g2+su(2)+so(7)+2 su(2)"	"2 e7+su(3)+2(so(7)+2 su(2))"	23	168	1	1	0	0	0	0	0	0
16	67	"2 e7+g2+su(2)+so(7)+2 su(2)"	"2 e7+su(3)+2(so(7)+2 su(2))"	24	168	1	1	0	0	0	0	0	0
16	67	"2 e7+g2+su(2)+so(7)+2 su(2)"	"2 e7+su(3)+g2+su(2)+2(so(7)+2 su(2))"	21	159	1	2	0	0	0	0	0	0
16	68	"e8+so(8)+3(g2+su(2))"	"e8+so(8)+4(g2+su(2))"	21	152	1	1	0	0	0	0	0	0
16	68	"e8+so(8)+3(g2+su(2))"	"e8+so(8)+su(3)+3(g2+su(2))"	21	153	0	1	0	0	0	0	0	0
16	71	"e8+so(8)+2(g2+su(2))"	"e8+2 so(8)+3(g2+su(2))"	22	133	1	1	1	0	0	0	0	0
16	71	"e8+so(8)+2(g2+su(2))"	"e8+2 so(8)+3(g2+su(2))"	67	133	1	1	1	0	0	0	0	0
16	71	"e8+so(8)+2(g2+su(2))"	"e8+2 so(8)+4(g2+su(2))"	22	124	1	2	1	0	0	0	0	0
16	71	"e8+so(8)+2(g2+su(2))"	"e8+2 so(8)+su(3)+2(g2+su(2))"	43	134	0	1	1	0	0	0	0	0
16	71	"e8+so(8)+2(g2+su(2))"	"e8+2 so(8)+su(3)+2(g2+su(2))"	56	134	0	1	1	0	0	0	0	0
16	71	"e8+so(8)+2(g2+su(2))"	"e8+so(8)+2(g2+su(2))+so(7)+2 su(2)"	21	159	2	1	0	0	0	0	0	0
16	71	"e8+so(8)+2(g2+su(2))"	"e8+so(8)+2(g2+su(2))+so(7)+2 su(2)"	22	159	2	1	0	0	0	0	0	0
16	71	"e8+so(8)+2(g2+su(2))"	"e8+so(8)+2(g2+su(2))+so(7)+2 su(2)"	25	159	2	1	0	0	0	0	0	0
16	71	"e8+so(8)+2(g2+su(2))"	"e8+so(8)+2(g2+su(2))+so(7)+2 su(2)"	28	159	2	1	0	0	0	0	0	0
16	71	"e8+so(8)+2(g2+su(2))"	"e8+so(8)+2 su(3)+2(g2+su(2))"	24	154	0	2	0	0	0	0	0	0
16	71	"e8+so(8)+2(g2+su(2))"	"e8+so(8)+3(g2+su(2))"	21	161	1	1	0	0	0	0	0	0
16	71	"e8+so(8)+2(g2+su(2))"	"e8+so(8)+3(g2+su(2))"	22	161	1	1	0	0	0	0	0	0
16	71	"e8+so(8)+2(g2+su(2))"	"e8+so(8)+3(g2+su(2))"	23	161	1	1	0	0	0	0	0	0
16	71	"e8+so(8)+2(g2+su(2))"	"e8+so(8)+3(g2+su(2))"	25	161	1	1	0	0	0	0	0	0
16	71	"e8+so(8)+2(g2+su(2))"	"e8+so(8)+3(g2+su(2))"	27	161	1	1	0	0	0	0	0	0
16	71	"e8+so(8)+2(g2+su(2))"	"e8+so(8)+3(g2+su(2))+so(7)+2 su(2)"	21	150	2	2	0	0	0	0	0	0
16	71	"e8+so(8)+2(g2+su(2))"	"e8+so(8)+3(g2+su(2))+so(7)+2 su(2)"	26	150	2	2	0	0	0	0	0	0
16	71	"e8+so(8)+2(g2+su(2))"	"e8+so(8)+4(g2+su(2))"	21	152	1	2	0	0	0	0	0	0
16	71	"e8+so(8)+2(g2+su(2))"	"e8+so(8)+4(g2+su(2))"	22	152	1	2	0	0	0	0	0	0
16	71	"e8+so(8)+2(g2+su(2))"	"e8+so(8)+4(g2+su(2))"	24	152	1	2	0	0	0	0	0	0
16	71	"e8+so(8)+2(g2+su(2))"	"e8+so(8)+4(g2+su(2))"	25	152	1	2	0	0	0	0	0	0
16	71	"e8+so(8)+2(g2+su(2))"	"e8+so(8)+4(g2+su(2))"	67	152	1	2	0	0	0	0	0	0
16	71	"e8+so(8)+2(g2+su(2))"	"e8+so(8)+su(3)+2(g2+su(2))"	22	162	0	1	0	0	0	0	0	0
16	71	"e8+so(8)+2(g2+su(2))"	"e8+so(8)+su(3)+2(g2+su(2))"	25	162	0	1	0	0	0	0	0	0
16	71	"e8+so(8)+2(g2+su(2))"	"e8+so(8)+su(3)+2(g2+su(2))+so(7)+2 su(2)"	22	151	2	2	0	0	0	0	0	0
16	71	"e8+so(8)+2(g2+su(2))"	"e8+so(8)+su(3)+3(g2+su(2))"	22	153	1	2	0	0	0	0	0	0
16	71	"e8+so(8)+2(g2+su(2))"	"e8+so(8)+su(3)+3(g2+su(2))"	23	153	0	2	0	0	0	0	0	0
16	71	"e8+so(8)+2(g2+su(2))"	"e8+so(8)+su(3)+3(g2+su(2))"	23	153	1	2	0	0	0	0	0	0
16	71	"e8+so(8)+2(g2+su(2))"	"e8+so(8)+su(3)+3(g2+su(2))"	24	153	1	2	0	0	0	0	0	0
16	71	"e8+so(8)+2(g2+su(2))"	"e8+so(8)+su(3)+3(g2+su(2))"	29	153	1	2	0	0	0	0	0	0
16	71	"e8+so(8)+2(g2+su(2))"	"e8+so(8)+su(3)+3(g2+su(2))"	37	153	1	2	0	0	0	0	0	0
16	71	"e8+so(8)+2(g2+su(2))"	"e8+so(8)+su(3)+3(g2+su(2))"	43	153	0	2	0	0	0	0	0	0
16	71	"e8+so(8)+2(g2+su(2))"	"e8+so(8)+su(3)+3(g2+su(2))"	56	153	0	2	0	0	0	0	0	0
16	71	"e8+so(8)+2(g2+su(2))"	"e8+so(8)+su(3)+3(g2+su(2))+so(7)+2 su(2)"	22	142	2	3	0	0	0	0	0	0
16	71	"e8+so(8)+2(g2+su(2))"	"e8+so(8)+su(3)+4(g2+su(2))"	22	144	1	3	0	0	0	0	0	0
16	71	"e8+so(8)+2(g2+su(2))"	"e8+so(8)+su(3)+4(g2+su(2))"	24	144	1	3	0	0	0	0	0	0
16	73	"2 e7+2(so(7)+2 su(2))"	"2 e7+3(so(7)+2 su(2))"	20	165	1	1	0	0	0	0	0	0
16	73	"2 e7+2(so(7)+2 su(2))"	"2 e7+3(so(7)+2 su(2))"	22	165	1	1	0	0	0	0	0	0
16	73	"2 e7+2(so(7)+2 su(2))"	"2 e7+3(so(7)+2 su(2))"	23	165	1	1	0	0	0	0	0	0
16	73	"2 e7+2(so(7)+2 su(2))"	"2 e7+su(3)+3(so(7)+2 su(2))"	21	157	1	2	0	0	0	0	0	0
16	73	"2 e7+2(so(7)+2 su(2))"	"2 e7+su(3)+3(so(7)+2 su(2))"	23	157	1	2	0	0	0	0	0	0
16	74	"2 e7+g2+su(2)+so(7)+2 su(2)"	"2 e7+2(g2+su(2))+so(7)+2 su(2)"	22	169	1	1	0	0	0	0	0	0
16	74	"2 e7+g2+su(2)+so(7)+2 su(2)"	"2 e7+2(g2+su(2))+so(7)+2 su(2)"	23	169	1	1	0	0	0	0	0	0
16	74	"2 e7+g2+su(2)+so(7)+2 su(2)"	"2 e7+2(so(7)+2 su(2))"	21	176	1	0	0	0	0	0	0	0
16	74	"2 e7+g2+su(2)+so(7)+2 su(2)"	"2 e7+2(so(7)+2 su(2))"	22	176	1	0	0	0	0	0	0	0
16	74	"2 e7+g2+su(2)+so(7)+2 su(2)"	"2 e7+2(so(7)+2 su(2))"	24	176	1	0	0	0	0	0	0	0
16	74	"2 e7+g2+su(2)+so(7)+2 su(2)"	"2 e7+3(g2+su(2))+so(7)+2 su(2)"	24	160	1	2	0	0	0	0	0	0
16	74	"2 e7+g2+su(2)+so(7)+2 su(2)"	"2 e7+3(so(7)+2 su(2))"	21	165	2	1	0	0	0	0	0	0
16	74	"2 e7+g2+su(2)+so(7)+2 su(2)"	"2 e7+g2+su(2)+2(so(7)+2 su(2))"	20	167	1	1	0	0	0	0	0	0
16	74	"2 e7+g2+su(2)+so(7)+2 su(2)"	"2 e7+g2+su(2)+2(so(7)+2 su(2))"	21	167	1	1	0	0	0	0	0	0
16	74	"2 e7+g2+su(2)+so(7)+2 su(2)"	"2 e7+su(3)+2(so(7)+2 su(2))"	22	168	1	1	0	0	0	0	0	0
16	74	"2 e7+g2+su(2)+so(7)+2 su(2)"	"2 e7+su(3)+2(so(7)+2 su(2))"	23	168	1	1	0	0	0	0	0	0
16	74	"2 e7+g2+su(2)+so(7)+2 su(2)"	"2 e7+su(3)+2(so(7)+2 su(2))"	24	168	1	1	0	0	0	0	0	0
16	74	"2 e7+g2+su(2)+so(7)+2 su(2)"	"2 e7+su(3)+3(so(7)+2 su(2))"	22	157	2	2	0	0	0	0	0	0
16	74	"2 e7+g2+su(2)+so(7)+2 su(2)"	"2 e7+su(3)+g2+su(2)+2(so(7)+2 su(2))"	22	159	1	2	0	0	0	0	0	0
16	74	"2 e7+g2+su(2)+so(7)+2 su(2)"	"2 e7+su(3)+g2+su(2)+2(so(7)+2 su(2))"	23	159	1	2	0	0	0	0	0	0
16	75	"e8+so(8)+su(3)+2(g2+su(2))"	"e8+so(8)+2(g2+su(2))+so(7)+2 su(2)"	20	159	2	0	0	0	0	0	0	0
16	75	"e8+so(8)+su(3)+2(g2+su(2))"	"e8+so(8)+2(g2+su(2))+so(7)+2 su(2)"	21	159	2	0	0	0	0	0	0	0
16	75	"e8+so(8)+su(3)+2(g2+su(2))"	"e8+so(8)+2(g2+su(2))+so(7)+2 su(2)"	22	159	2	0	0	0	0	0	0	0
16	75	"e8+so(8)+su(3)+2(g2+su(2))"	"e8+so(8)+2(g2+su(2))+so(7)+2 su(2)"	23	159	2	0	0	0	0	0	0	0
16	75	"e8+so(8)+su(3)+2(g2+su(2))"	"e8+so(8)+2(g2+su(2))+so(7)+2 su(2)"	24	159	2	0	0	0	0	0	0	0
16	75	"e8+so(8)+su(3)+2(g2+su(2))"	"e8+so(8)+2(g2+su(2))+so(7)+2 su(2)"	32	159	2	0	0	0	0	0	0	0
16	75	"e8+so(8)+su(3)+2(g2+su(2))"	"e8+so(8)+2 su(3)+2(g2+su(2))"	21	154	0	1	0	0	0	0	0	0
16	75	"e8+so(8)+su(3)+2(g2+su(2))"	"e8+so(8)+2 su(3)+2(g2+su(2))"	25	154	0	1	0	0	0	0	0	0
16	75	"e8+so(8)+su(3)+2(g2+su(2))"	"e8+so(8)+3(g2+su(2))"	20	161	1	0	0	0	0	0	0	0
16	75	"e8+so(8)+su(3)+2(g2+su(2))"	"e8+so(8)+3(g2+su(2))"	21	161	1	0	0	0	0	0	0	0
16	75	"e8+so(8)+su(3)+2(g2+su(2))"	"e8+so(8)+3(g2+su(2))"	22	161	1	0	0	0	0	0	0	0
16	75	"e8+so(8)+su(3)+2(g2+su(2))"	"e8+so(8)+3(g2+su(2))"	23	161	1	0	0	0	0	0	0	0
16	75	"e8+so(8)+su(3)+2(g2+su(2))"	"e8+so(8)+4(g2+su(2))"	21	152	2	1	0	0	0	0	0	0
16	75	"e8+so(8)+su(3)+2(g2+su(2))"	"e8+so(8)+4(g2+su(2))"	23	152	2	1	0	0	0	0	0	0
16	75	"e8+so(8)+su(3)+2(g2+su(2))"	"e8+so(8)+su(3)+2(g2+su(2))+so(7)+2 su(2)"	21	151	2	1	0	0	0	0	0	0
16	75	"e8+so(8)+su(3)+2(g2+su(2))"	"e8+so(8)+su(3)+2(g2+su(2))+so(7)+2 su(2)"	24	151	2	1	0	0	0	0	0	0
16	75	"e8+so(8)+su(3)+2(g2+su(2))"	"e8+so(8)+su(3)+2(g2+su(2))+so(7)+2 su(2)"	25	151	2	1	0	0	0	0	0	0
16	75	"e8+so(8)+su(3)+2(g2+su(2))"	"e8+so(8)+su(3)+2(g2+su(2))+so(7)+2 su(2)"	67	151	2	1	0	0	0	0	0	0
16	75	"e8+so(8)+su(3)+2(g2+su(2))"	"e8+so(8)+su(3)+3(g2+su(2))"	21	153	1	1	0	0	0	0	0	0
16	75	"e8+so(8)+su(3)+2(g2+su(2))"	"e8+so(8)+su(3)+3(g2+su(2))"	22	153	1	1	0	0	0	0	0	0
16	75	"e8+so(8)+su(3)+2(g2+su(2))"	"e8+so(8)+su(3)+3(g2+su(2))"	23	153	1	1	0	0	0	0	0	0
16	75	"e8+so(8)+su(3)+2(g2+su(2))"	"e8+so(8)+su(3)+3(g2+su(2))"	24	153	1	1	0	0	0	0	0	0
16	75	"e8+so(8)+su(3)+2(g2+su(2))"	"e8+so(8)+su(3)+3(g2+su(2))"	25	153	1	1	0	0	0	0	0	0
16	75	"e8+so(8)+su(3)+2(g2+su(2))"	"e8+so(8)+su(3)+3(g2+su(2))"	27	153	1	1	0	0	0	0	0	0
16	77	"e7+e6+f4+g2+su(2)+so(7)+2 su(2)"	"e7+e6+f4+2(g2+su(2))+so(7)+2 su(2)"	20	172	1	1	0	0	0	0	0	0
16	77	"e7+e6+f4+g2+su(2)+so(7)+2 su(2)"	"e7+e6+f4+2(g2+su(2))+so(7)+2 su(2)"	22	172	1	1	0	0	0	0	0	0
16	77	"e7+e6+f4+g2+su(2)+so(7)+2 su(2)"	"e7+e6+f4+2(g2+su(2))+so(7)+2 su(2)"	23	172	1	1	0	0	0	0	0	0
16	77	"e7+e6+f4+g2+su(2)+so(7)+2 su(2)"	"e7+e6+f4+2(g2+su(2))+so(7)+2 su(2)"	24	172	1	1	0	0	0	0	0	0
16	77	"e7+e6+f4+g2+su(2)+so(7)+2 su(2)"	"e7+e6+f4+2 su(3)+2(g2+su(2))+so(7)+2 su(2)"	20	156	1	3	0	0	0	0	0	0
16	77	"e7+e6+f4+g2+su(2)+so(7)+2 su(2)"	"e7+e6+f4+su(3)+2(g2+su(2))+so(7)+2 su(2)"	20	164	1	2	0	0	0	0	0	0
16	77	"e7+e6+f4+g2+su(2)+so(7)+2 su(2)"	"e7+e6+f4+su(3)+2(g2+su(2))+so(7)+2 su(2)"	23	164	1	2	0	0	0	0	0	0
16	80	"2 e7+g2+su(2)+so(7)+2 su(2)"	"2 e7+2(g2+su(2))+so(7)+2 su(2)"	22	169	1	1	0	0	0	0	0	0
16	80	"2 e7+g2+su(2)+so(7)+2 su(2)"	"2 e7+3(g2+su(2))+so(7)+2 su(2)"	24	160	1	2	0	0	0	0	0	0
16	80	"2 e7+g2+su(2)+so(7)+2 su(2)"	"2 e7+3(g2+su(2))+so(7)+2 su(2)"	28	160	1	2	0	0	0	0	0	0
16	80	"2 e7+g2+su(2)+so(7)+2 su(2)"	"2 e7+g2+su(2)+2(so(7)+2 su(2))"	20	167	1	1	0	0	0	0	0	0
16	80	"2 e7+g2+su(2)+so(7)+2 su(2)"	"2 e7+g2+su(2)+2(so(7)+2 su(2))"	22	167	1	1	0	0	0	0	0	0
16	80	"2 e7+g2+su(2)+so(7)+2 su(2)"	"2 e7+su(3)+g2+su(2)+2(so(7)+2 su(2))"	22	159	1	2	0	0	0	0	0	0
16	80	"2 e7+g2+su(2)+so(7)+2 su(2)"	"2 e7+su(3)+g2+su(2)+2(so(7)+2 su(2))"	24	159	1	2	0	0	0	0	0	0
16	81	"2 e7+su(3)+g2+su(2)+so(7)+2 su(2)"	"2 e7+2(g2+su(2))+2(so(7)+2 su(2))"	21	158	2	1	0	0	0	0	0	0
16	81	"2 e7+su(3)+g2+su(2)+so(7)+2 su(2)"	"2 e7+2(g2+su(2))+2(so(7)+2 su(2))"	23	158	2	1	0	0	0	0	0	0
16	81	"2 e7+su(3)+g2+su(2)+so(7)+2 su(2)"	"2 e7+2(g2+su(2))+so(7)+2 su(2)"	21	169	1	0	0	0	0	0	0	0
16	81	"2 e7+su(3)+g2+su(2)+so(7)+2 su(2)"	"2 e7+2(g2+su(2))+so(7)+2 su(2)"	22	169	1	0	0	0	0	0	0	0
16	81	"2 e7+su(3)+g2+su(2)+so(7)+2 su(2)"	"2 e7+3(g2+su(2))+so(7)+2 su(2)"	21	160	1	1	0	0	0	0	0	0
16	81	"2 e7+su(3)+g2+su(2)+so(7)+2 su(2)"	"2 e7+3(g2+su(2))+so(7)+2 su(2)"	25	160	1	1	0	0	0	0	0	0
16	81	"2 e7+su(3)+g2+su(2)+so(7)+2 su(2)"	"2 e7+su(3)+2(so(7)+2 su(2))"	21	168	1	0	0	0	0	0	0	0
16	81	"2 e7+su(3)+g2+su(2)+so(7)+2 su(2)"	"2 e7+su(3)+2(so(7)+2 su(2))"	22	168	1	0	0	0	0	0	0	0
16	81	"2 e7+su(3)+g2+su(2)+so(7)+2 su(2)"	"2 e7+su(3)+3(so(7)+2 su(2))"	21	157	2	1	0	0	0	0	0	0
16	81	"2 e7+su(3)+g2+su(2)+so(7)+2 su(2)"	"2 e7+su(3)+3(so(7)+2 su(2))"	23	157	2	1	0	0	0	0	0	0
16	81	"2 e7+su(3)+g2+su(2)+so(7)+2 su(2)"	"2 e7+su(3)+g2+su(2)+2(so(7)+2 su(2))"	21	159	1	1	0	0	0	0	0	0
16	81	"2 e7+su(3)+g2+su(2)+so(7)+2 su(2)"	"2 e7+su(3)+g2+su(2)+2(so(7)+2 su(2))"	23	159	1	1	0	0	0	0	0	0
16	81	"2 e7+su(3)+g2+su(2)+so(7)+2 su(2)"	"2 e7+su(3)+g2+su(2)+2(so(7)+2 su(2))"	24	159	1	1	0	0	0	0	0	0
16	83	"e8+so(8)+su(3)+2(g2+su(2))"	"e8+2 so(8)+3(g2+su(2))"	21	133	1	0	1	0	0	0	0	0
16	83	"e8+so(8)+su(3)+2(g2+su(2))"	"e8+2 so(8)+3(g2+su(2))"	22	133	1	0	1	0	0	0	0	0
16	83	"e8+so(8)+su(3)+2(g2+su(2))"	"e8+so(8)+2(g2+su(2))+so(7)+2 su(2)"	21	159	2	0	0	0	0	0	0	0
16	83	"e8+so(8)+su(3)+2(g2+su(2))"	"e8+so(8)+2(g2+su(2))+so(7)+2 su(2)"	22	159	2	0	0	0	0	0	0	0
16	83	"e8+so(8)+su(3)+2(g2+su(2))"	"e8+so(8)+2(g2+su(2))+so(7)+2 su(2)"	23	159	2	0	0	0	0	0	0	0
16	83	"e8+so(8)+su(3)+2(g2+su(2))"	"e8+so(8)+2(g2+su(2))+so(7)+2 su(2)"	24	159	2	0	0	0	0	0	0	0
16	83	"e8+so(8)+su(3)+2(g2+su(2))"	"e8+so(8)+2(g2+su(2))+so(7)+2 su(2)"	32	159	2	0	0	0	0	0	0	0
16	83	"e8+so(8)+su(3)+2(g2+su(2))"	"e8+so(8)+3(g2+su(2))"	21	161	1	0	0	0	0	0	0	0
16	83	"e8+so(8)+su(3)+2(g2+su(2))"	"e8+so(8)+3(g2+su(2))"	22	161	1	0	0	0	0	0	0	0
16	83	"e8+so(8)+su(3)+2(g2+su(2))"	"e8+so(8)+3(g2+su(2))"	23	161	1	0	0	0	0	0	0	0
16	83	"e8+so(8)+su(3)+2(g2+su(2))"	"e8+so(8)+4(g2+su(2))"	21	152	2	1	0	0	0	0	0	0
16	83	"e8+so(8)+su(3)+2(g2+su(2))"	"e8+so(8)+4(g2+su(2))"	22	152	2	1	0	0	0	0	0	0
16	83	"e8+so(8)+su(3)+2(g2+su(2))"	"e8+so(8)+4(g2+su(2))"	23	152	2	1	0	0	0	0	0	0
16	83	"e8+so(8)+su(3)+2(g2+su(2))"	"e8+so(8)+su(3)+2(g2+su(2))+so(7)+2 su(2)"	21	151	2	1	0	0	0	0	0	0
16	83	"e8+so(8)+su(3)+2(g2+su(2))"	"e8+so(8)+su(3)+2(g2+su(2))+so(7)+2 su(2)"	24	151	2	1	0	0	0	0	0	0
16	83	"e8+so(8)+su(3)+2(g2+su(2))"	"e8+so(8)+su(3)+2(g2+su(2))+so(7)+2 su(2)"	25	151	2	1	0	0	0	0	0	0
16	83	"e8+so(8)+su(3)+2(g2+su(2))"	"e8+so(8)+su(3)+2(g2+su(2))+so(7)+2 su(2)"	26	151	2	1	0	0	0	0	0	0
16	83	"e8+so(8)+su(3)+2(g2+su(2))"	"e8+so(8)+su(3)+2(g2+su(2))+so(7)+2 su(2)"	68	151	2	1	0	0	0	0	0	0
16	83	"e8+so(8)+su(3)+2(g2+su(2))"	"e8+so(8)+su(3)+3(g2+su(2))"	21	153	1	1	0	0	0	0	0	0
16	83	"e8+so(8)+su(3)+2(g2+su(2))"	"e8+so(8)+su(3)+3(g2+su(2))"	22	153	1	1	0	0	0	0	0	0
16	83	"e8+so(8)+su(3)+2(g2+su(2))"	"e8+so(8)+su(3)+3(g2+su(2))"	23	153	1	1	0	0	0	0	0	0
16	83	"e8+so(8)+su(3)+2(g2+su(2))"	"e8+so(8)+su(3)+3(g2+su(2))"	25	153	1	1	0	0	0	0	0	0
16	84	"2 e6+f4+5 su(3)"	"2 e6+f4+4 su(3)+g2+su(2)"	18	215	1	0	0	0	0	0	0	0
16	85	"2 e7+2(g2+su(2))+so(7)+2 su(2)"	"2 e7+2(g2+su(2))+2(so(7)+2 su(2))"	22	158	2	1	0	0	0	0	0	0
16	85	"2 e7+2(g2+su(2))+so(7)+2 su(2)"	"2 e7+3(g2+su(2))+so(7)+2 su(2)"	21	160	1	1	0	0	0	0	0	0
16	85	"2 e7+2(g2+su(2))+so(7)+2 su(2)"	"2 e7+3(g2+su(2))+so(7)+2 su(2)"	25	160	1	1	0	0	0	0	0	0
16	85	"2 e7+2(g2+su(2))+so(7)+2 su(2)"	"2 e7+3(so(7)+2 su(2))"	20	165	2	0	0	0	0	0	0	0
16	85	"2 e7+2(g2+su(2))+so(7)+2 su(2)"	"2 e7+3(so(7)+2 su(2))"	21	165	2	0	0	0	0	0	0	0
16	85	"2 e7+2(g2+su(2))+so(7)+2 su(2)"	"2 e7+3(so(7)+2 su(2))"	22	165	2	0	0	0	0	0	0	0
16	85	"2 e7+2(g2+su(2))+so(7)+2 su(2)"	"2 e7+3(so(7)+2 su(2))"	23	165	2	0	0	0	0	0	0	0
16	85	"2 e7+2(g2+su(2))+so(7)+2 su(2)"	"2 e7+3(so(7)+2 su(2))"	24	165	2	0	0	0	0	0	0	0
16	85	"2 e7+2(g2+su(2))+so(7)+2 su(2)"	"2 e7+3(so(7)+2 su(2))"	28	165	2	0	0	0	0	0	0	0
16	85	"2 e7+2(g2+su(2))+so(7)+2 su(2)"	"2 e7+g2+su(2)+2(so(7)+2 su(2))"	20	167	1	0	0	0	0	0	0	0
16	85	"2 e7+2(g2+su(2))+so(7)+2 su(2)"	"2 e7+g2+su(2)+2(so(7)+2 su(2))"	22	167	1	0	0	0	0	0	0	0
16	85	"2 e7+2(g2+su(2))+so(7)+2 su(2)"	"2 e7+g2+su(2)+2(so(7)+2 su(2))"	23	167	1	0	0	0	0	0	0	0
16	85	"2 e7+2(g2+su(2))+so(7)+2 su(2)"	"2 e7+g2+su(2)+2(so(7)+2 su(2))"	24	167	1	0	0	0	0	0	0	0
16	85	"2 e7+2(g2+su(2))+so(7)+2 su(2)"	"2 e7+su(3)+2(g2+su(2))+so(7)+2 su(2)"	25	161	0	1	0	0	0	0	0	0
16	85	"2 e7+2(g2+su(2))+so(7)+2 su(2)"	"2 e7+su(3)+3(so(7)+2 su(2))"	21	157	2	1	0	0	0	0	0	0
16	85	"2 e7+2(g2+su(2))+so(7)+2 su(2)"	"2 e7+su(3)+3(so(7)+2 su(2))"	23	157	2	1	0	0	0	0	0	0
16	85	"2 e7+2(g2+su(2))+so(7)+2 su(2)"	"2 e7+su(3)+g2+su(2)+2(so(7)+2 su(2))"	21	159	1	1	0	0	0	0	0	0
16	85	"2 e7+2(g2+su(2))+so(7)+2 su(2)"	"2 e7+su(3)+g2+su(2)+2(so(7)+2 su(2))"	23	159	1	1	0	0	0	0	0	0
16	85	"2 e7+2(g2+su(2))+so(7)+2 su(2)"	"2 e7+su(3)+g2+su(2)+2(so(7)+2 su(2))"	24	159	1	1	0	0	0	0	0	0
16	87	"2 e6+f4+2 su(3)+so(7)+2 su(2)"	"2 e6+2 f4+2 su(3)+g2+su(2)+so(7)+2 su(2)"	20	168	1	1	0	1	0	0	0	0
16	87	"2 e6+f4+2 su(3)+so(7)+2 su(2)"	"2 e6+2 f4+2 su(3)+g2+su(2)+so(7)+2 su(2)"	21	168	1	1	0	1	0	0	0	0
16	87	"2 e6+f4+2 su(3)+so(7)+2 su(2)"	"3 e6+f4+2 su(3)+g2+su(2)+so(7)+2 su(2)"	21	142	1	1	0	0	1	0	0	0
16	87	"2 e6+f4+2 su(3)+so(7)+2 su(2)"	"e7'+2 e6+f4+2 su(3)+g2+su(2)+so(7)+2 su(2)"	22	115	1	1	0	0	0	1	0	0
16	87	"2 e6+f4+2 su(3)+so(7)+2 su(2)"	"e7'+2 e6+f4+2 su(3)+g2+su(2)+so(7)+2 su(2)"	25	115	1	1	0	0	0	1	0	0
16	87	"2 e6+f4+2 su(3)+so(7)+2 su(2)"	"e7'+2 e6+f4+2 su(3)+g2+su(2)+so(7)+2 su(2)"	26	115	1	1	0	0	0	1	0	0
16	87	"2 e6+f4+2 su(3)+so(7)+2 su(2)"	"e7+2 e6+f4+2 su(3)+g2+su(2)+so(7)+2 su(2)"	23	87	1	1	0	0	0	0	1	0
16	87	"2 e6+f4+2 su(3)+so(7)+2 su(2)"	"e7+2 e6+f4+2 su(3)+g2+su(2)+so(7)+2 su(2)"	24	87	1	1	0	0	0	0	1	0
16	88	"e7+e6+su(3)+2(so(7)+2 su(2))"	"2 e7+e6+2 su(3)+2(so(7)+2 su(2))"	25	82	0	1	0	0	0	0	1	0
16	88	"e7+e6+su(3)+2(so(7)+2 su(2))"	"2 e7+e6+su(3)+g2+su(2)+2(so(7)+2 su(2))"	23	81	1	1	0	0	0	0	1	0
16	88	"e7+e6+su(3)+2(so(7)+2 su(2))"	"2 e7+e6+su(3)+g2+su(2)+2(so(7)+2 su(2))"	24	81	1	1	0	0	0	0	1	0
16	88	"e7+e6+su(3)+2(so(7)+2 su(2))"	"2 e7+e6+su(3)+g2+su(2)+2(so(7)+2 su(2))"	25	81	1	1	0	0	0	0	1	0
16	88	"e7+e6+su(3)+2(so(7)+2 su(2))"	"e7+2 e6+2 su(3)+2(so(7)+2 su(2))"	43	137	0	1	0	0	1	0	0	0
16	88	"e7+e6+su(3)+2(so(7)+2 su(2))"	"e7+2 e6+2 su(3)+2(so(7)+2 su(2))"	56	137	0	1	0	0	1	0	0	0
16	88	"e7+e6+su(3)+2(so(7)+2 su(2))"	"e7+2 e6+2 su(3)+g2+su(2)+2(so(7)+2 su(2))"	23	128	1	2	0	0	1	0	0	0
16	88	"e7+e6+su(3)+2(so(7)+2 su(2))"	"e7+2 e6+2 su(3)+g2+su(2)+2(so(7)+2 su(2))"	25	128	1	2	0	0	1	0	0	0
16	88	"e7+e6+su(3)+2(so(7)+2 su(2))"	"e7+2 e6+2 su(3)+g2+su(2)+2(so(7)+2 su(2))"	68	128	1	2	0	0	1	0	0	0
16	88	"e7+e6+su(3)+2(so(7)+2 su(2))"	"e7+2 e6+3 su(3)+2(so(7)+2 su(2))"	46	129	0	2	0	0	1	0	0	0
16	88	"e7+e6+su(3)+2(so(7)+2 su(2))"	"e7+2 e6+3 su(3)+2(so(7)+2 su(2))"	58	129	0	2	0	0	1	0	0	0
16	88	"e7+e6+su(3)+2(so(7)+2 su(2))"	"e7+2 e6+su(3)+3(so(7)+2 su(2))"	26	134	2	1	0	0	1	0	0	0
16	88	"e7+e6+su(3)+2(so(7)+2 su(2))"	"e7+2 e6+su(3)+g2+su(2)+2(so(7)+2 su(2))"	21	136	1	1	0	0	1	0	0	0
16	88	"e7+e6+su(3)+2(so(7)+2 su(2))"	"e7+2 e6+su(3)+g2+su(2)+2(so(7)+2 su(2))"	22	136	1	1	0	0	1	0	0	0
16	88	"e7+e6+su(3)+2(so(7)+2 su(2))"	"e7+2 e6+su(3)+g2+su(2)+2(so(7)+2 su(2))"	23	136	1	1	0	0	1	0	0	0
16	88	"e7+e6+su(3)+2(so(7)+2 su(2))"	"e7+2 e6+su(3)+g2+su(2)+2(so(7)+2 su(2))"	26	136	1	1	0	0	1	0	0	0
16	88	"e7+e6+su(3)+2(so(7)+2 su(2))"	"e7+2 e6+su(3)+g2+su(2)+2(so(7)+2 su(2))"	65	136	1	1	0	0	1	0	0	0
16	88	"e7+e6+su(3)+2(so(7)+2 su(2))"	"e7+2 e6+su(3)+g2+su(2)+2(so(7)+2 su(2))"	66	136	1	1	0	0	1	0	0	0
16	88	"e7+e6+su(3)+2(so(7)+2 su(2))"	"e7+e6+f4+2 su(3)+g2+su(2)+2(so(7)+2 su(2))"	26	154	1	2	0	1	0	0	0	0
16	88	"e7+e6+su(3)+2(so(7)+2 su(2))"	"e7+e6+f4+su(3)+g2+su(2)+2(so(7)+2 su(2))"	20	162	1	1	0	1	0	0	0	0
16	88	"e7+e6+su(3)+2(so(7)+2 su(2))"	"e7+e6+f4+su(3)+g2+su(2)+2(so(7)+2 su(2))"	22	162	1	1	0	1	0	0	0	0
16	88	"e7+e6+su(3)+2(so(7)+2 su(2))"	"e7+e6+f4+su(3)+g2+su(2)+2(so(7)+2 su(2))"	23	162	1	1	0	1	0	0	0	0
16	88	"e7+e6+su(3)+2(so(7)+2 su(2))"	"e7+e7'+e6+2 su(3)+2(so(7)+2 su(2))"	25	110	0	1	0	0	0	1	0	0
16	88	"e7+e6+su(3)+2(so(7)+2 su(2))"	"e7+e7'+e6+2 su(3)+2(so(7)+2 su(2))"	26	110	0	1	0	0	0	1	0	0
16	88	"e7+e6+su(3)+2(so(7)+2 su(2))"	"e7+e7'+e6+su(3)+g2+su(2)+2(so(7)+2 su(2))"	22	109	1	1	0	0	0	1	0	0
16	88	"e7+e6+su(3)+2(so(7)+2 su(2))"	"e7+e7'+e6+su(3)+g2+su(2)+2(so(7)+2 su(2))"	23	109	1	1	0	0	0	1	0	0
16	88	"e7+e6+su(3)+2(so(7)+2 su(2))"	"e7+e7'+e6+su(3)+g2+su(2)+2(so(7)+2 su(2))"	26	109	1	1	0	0	0	1	0	0
16	90	"2 e6+f4+4 su(3)"	"2 e6+2 f4+3 su(3)+2(g2+su(2))"	22	162	2	1	0	1	0	0	0	0
16	90	"2 e6+f4+4 su(3)"	"2 e6+2 f4+3 su(3)+2(g2+su(2))"	29	162	2	1	0	1	0	0	0	0
16	90	"2 e6+f4+4 su(3)"	"2 e6+2 f4+3 su(3)+g2+su(2)"	20	171	1	0	0	1	0	0	0	0
16	90	"2 e6+f4+4 su(3)"	"2 e6+2 f4+3 su(3)+g2+su(2)"	21	171	1	0	0	1	0	0	0	0
16	90	"2 e6+f4+4 su(3)"	"2 e6+2 f4+3 su(3)+g2+su(2)"	22	171	1	0	0	1	0	0	0	0
16	90	"2 e6+f4+4 su(3)"	"2 e6+2 f4+4 su(3)+g2+su(2)"	21	163	1	1	0	1	0	0	0	0
16	90	"2 e6+f4+4 su(3)"	"2 e6+2 f4+4 su(3)+g2+su(2)"	22	163	1	1	0	1	0	0	0	0
16	90	"2 e6+f4+4 su(3)"	"2 e6+2 f4+4 su(3)+g2+su(2)"	23	163	1	1	0	1	0	0	0	0
16	90	"2 e6+f4+4 su(3)"	"2 e6+2 f4+4 su(3)+g2+su(2)"	24	163	1	1	0	1	0	0	0	0
16	90	"2 e6+f4+4 su(3)"	"2 e6+2 f4+4 su(3)+g2+su(2)"	25	163	1	1	0	1	0	0	0	0
16	90	"2 e6+f4+4 su(3)"	"2 e6+2 f4+4 su(3)+g2+su(2)"	26	163	1	1	0	1	0	0	0	0
16	90	"2 e6+f4+4 su(3)"	"2 e6+2 f4+4 su(3)+g2+su(2)"	28	163	1	1	0	1	0	0	0	0
16	90	"2 e6+f4+4 su(3)"	"2 e6+2 f4+5 su(3)"	23	164	0	1	0	1	0	0	0	0
16	90	"2 e6+f4+4 su(3)"	"2 e6+2 f4+5 su(3)+g2+su(2)"	23	155	1	2	0	1	0	0	0	0
16	90	"2 e6+f4+4 su(3)"	"2 e6+2 f4+5 su(3)+g2+su(2)"	26	155	1	2	0	1	0	0	0	0
16	90	"2 e6+f4+4 su(3)"	"2 e6+2 f4+5 su(3)+g2+su(2)"	29	155	1	2	0	1	0	0	0	0
16	90	"2 e6+f4+4 su(3)"	"2 e6+2 f4+so(8)+3 su(3)+g2+su(2)"	21	143	1	0	1	1	0	0	0	0
16	90	"2 e6+f4+4 su(3)"	"2 e6+2 f4+so(8)+3 su(3)+g2+su(2)"	22	143	1	0	1	1	0	0	0	0
16	90	"2 e6+f4+4 su(3)"	"2 e6+2 f4+so(8)+3 su(3)+g2+su(2)"	23	143	1	0	1	1	0	0	0	0
16	90	"2 e6+f4+4 su(3)"	"2 e6+2 f4+so(8)+3 su(3)+g2+su(2)"	24	143	1	0	1	1	0	0	0	0
16	90	"2 e6+f4+4 su(3)"	"2 e6+3 f4+3 su(3)+g2+su(2)"	22	119	1	0	0	2	0	0	0	0
16	90	"2 e6+f4+4 su(3)"	"2 e6+f4+2 so(8)+3 su(3)+g2+su(2)"	20	167	1	0	2	0	0	0	0	0
16	90	"2 e6+f4+4 su(3)"	"2 e6+f4+2 so(8)+3 su(3)+g2+su(2)"	22	167	1	0	2	0	0	0	0	0
16	90	"2 e6+f4+4 su(3)"	"2 e6+f4+2 so(8)+3 su(3)+g2+su(2)"	23	167	1	0	2	0	0	0	0	0
16	90	"2 e6+f4+4 su(3)"	"2 e6+f4+2 so(8)+4 su(3)+g2+su(2)"	22	159	1	1	2	0	0	0	0	0
16	90	"2 e6+f4+4 su(3)"	"2 e6+f4+3 su(3)+g2+su(2)"	21	223	1	0	0	0	0	0	0	0
16	90	"2 e6+f4+4 su(3)"	"2 e6+f4+3 su(3)+g2+su(2)"	22	223	1	0	0	0	0	0	0	0
16	90	"2 e6+f4+4 su(3)"	"2 e6+f4+3 su(3)+g2+su(2)"	24	223	1	0	0	0	0	0	0	0
16	90	"2 e6+f4+4 su(3)"	"2 e6+f4+so(8)+4 su(3)+g2+su(2)"	19	187	1	1	1	0	0	0	0	0
16	90	"2 e6+f4+4 su(3)"	"2 e6+f4+so(8)+5 su(3)+g2+su(2)"	21	179	1	2	1	0	0	0	0	0
16	90	"2 e6+f4+4 su(3)"	"3 e6+2 f4+3 su(3)+g2+su(2)"	23	93	1	0	0	1	1	0	0	0
16	90	"2 e6+f4+4 su(3)"	"3 e6+f4+3 su(3)+2(g2+su(2))"	22	136	2	1	0	0	1	0	0	0
16	90	"2 e6+f4+4 su(3)"	"3 e6+f4+3 su(3)+g2+su(2)"	21	145	1	0	0	0	1	0	0	0
16	90	"2 e6+f4+4 su(3)"	"3 e6+f4+3 su(3)+g2+su(2)"	22	145	1	0	0	0	1	0	0	0
16	90	"2 e6+f4+4 su(3)"	"3 e6+f4+3 su(3)+g2+su(2)"	23	145	1	0	0	0	1	0	0	0
16	90	"2 e6+f4+4 su(3)"	"3 e6+f4+3 su(3)+g2+su(2)"	27	145	1	0	0	0	1	0	0	0
16	90	"2 e6+f4+4 su(3)"	"3 e6+f4+3 su(3)+g2+su(2)"	29	145	1	0	0	0	1	0	0	0
16	90	"2 e6+f4+4 su(3)"	"3 e6+f4+4 su(3)+g2+su(2)"	22	137	1	1	0	0	1	0	0	0
16	90	"2 e6+f4+4 su(3)"	"3 e6+f4+4 su(3)+g2+su(2)"	23	137	1	1	0	0	1	0	0	0
16	90	"2 e6+f4+4 su(3)"	"3 e6+f4+4 su(3)+g2+su(2)"	25	137	1	1	0	0	1	0	0	0
16	90	"2 e6+f4+4 su(3)"	"3 e6+f4+4 su(3)+g2+su(2)"	26	137	1	1	0	0	1	0	0	0
16	90	"2 e6+f4+4 su(3)"	"3 e6+f4+4 su(3)+g2+su(2)"	29	137	1	1	0	0	1	0	0	0
16	90	"2 e6+f4+4 su(3)"	"3 e6+f4+4 su(3)+g2+su(2)"	31	137	1	1	0	0	1	0	0	0
16	90	"2 e6+f4+4 su(3)"	"3 e6+f4+4 su(3)+g2+su(2)"	34	137	1	1	0	0	1	0	0	0
16	90	"2 e6+f4+4 su(3)"	"3 e6+f4+4 su(3)+g2+su(2)"	66	137	1	1	0	0	1	0	0	0
16	90	"2 e6+f4+4 su(3)"	"3 e6+f4+5 su(3)"	22	138	0	1	0	0	1	0	0	0
16	90	"2 e6+f4+4 su(3)"	"3 e6+f4+5 su(3)"	24	138	0	1	0	0	1	0	0	0
16	90	"2 e6+f4+4 su(3)"	"3 e6+f4+5 su(3)"	43	138	0	1	0	0	1	0	0	0
16	90	"2 e6+f4+4 su(3)"	"3 e6+f4+5 su(3)"	56	138	0	1	0	0	1	0	0	0
16	90	"2 e6+f4+4 su(3)"	"3 e6+f4+so(8)+3 su(3)+g2+su(2)"	22	117	1	0	1	0	1	0	0	0
16	90	"2 e6+f4+4 su(3)"	"3 e6+f4+so(8)+3 su(3)+g2+su(2)"	24	117	1	0	1	0	1	0	0	0
16	91	"e7+e7'+g2+su(2)+2(so(7)+2 su(2))"	"e7+e7'+3(so(7)+2 su(2))"	21	193	1	0	0	0	0	0	0	0
16	91	"e7+e7'+g2+su(2)+2(so(7)+2 su(2))"	"e7+e7'+3(so(7)+2 su(2))"	24	193	1	0	0	0	0	0	0	0
16	91	"e7+e7'+g2+su(2)+2(so(7)+2 su(2))"	"e7+e7'+so(8)+3(so(7)+2 su(2))"	21	165	1	0	1	0	0	0	0	0
16	91	"e7+e7'+g2+su(2)+2(so(7)+2 su(2))"	"e7+e7'+so(8)+su(3)+3(so(7)+2 su(2))"	22	157	1	1	1	0	0	0	0	0
16	91	"e7+e7'+g2+su(2)+2(so(7)+2 su(2))"	"e7+e7'+su(3)+3(so(7)+2 su(2))"	20	185	1	1	0	0	0	0	0	0
16	92	"e7+e7'+2(g2+su(2))+so(7)+2 su(2)"	"e7+e7'+f4+3(g2+su(2))+so(7)+2 su(2)"	23	136	1	1	0	1	0	0	0	0
16	92	"e7+e7'+2(g2+su(2))+so(7)+2 su(2)"	"e7+e7'+f4+3(g2+su(2))+so(7)+2 su(2)"	25	136	1	1	0	1	0	0	0	0
16	92	"e7+e7'+2(g2+su(2))+so(7)+2 su(2)"	"e7+e7'+f4+3(g2+su(2))+so(7)+2 su(2)"	66	136	1	1	0	1	0	0	0	0
16	92	"e7+e7'+2(g2+su(2))+so(7)+2 su(2)"	"e7+e7'+f4+g2+su(2)+2(so(7)+2 su(2))"	22	143	1	0	0	1	0	0	0	0
16	92	"e7+e7'+2(g2+su(2))+so(7)+2 su(2)"	"e7+e7'+f4+g2+su(2)+2(so(7)+2 su(2))"	23	143	1	0	0	1	0	0	0	0
16	92	"e7+e7'+2(g2+su(2))+so(7)+2 su(2)"	"e7+e7'+f4+g2+su(2)+2(so(7)+2 su(2))"	27	143	1	0	0	1	0	0	0	0
16	92	"e7+e7'+2(g2+su(2))+so(7)+2 su(2)"	"e7+e7'+f4+g2+su(2)+2(so(7)+2 su(2))"	29	143	1	0	0	1	0	0	0	0
16	92	"e7+e7'+2(g2+su(2))+so(7)+2 su(2)"	"e7+e7'+f4+su(3)+2(g2+su(2))+so(7)+2 su(2)"	43	137	0	1	0	1	0	0	0	0
16	92	"e7+e7'+2(g2+su(2))+so(7)+2 su(2)"	"e7+e7'+f4+su(3)+2(g2+su(2))+so(7)+2 su(2)"	56	137	0	1	0	1	0	0	0	0
16	92	"e7+e7'+2(g2+su(2))+so(7)+2 su(2)"	"e7+e7'+f4+su(3)+g2+su(2)+2(so(7)+2 su(2))"	23	135	1	1	0	1	0	0	0	0
16	92	"e7+e7'+2(g2+su(2))+so(7)+2 su(2)"	"e7+e7'+f4+su(3)+g2+su(2)+2(so(7)+2 su(2))"	24	135	1	1	0	1	0	0	0	0
16	92	"e7+e7'+2(g2+su(2))+so(7)+2 su(2)"	"e7+e7'+f4+su(3)+g2+su(2)+2(so(7)+2 su(2))"	29	135	1	1	0	1	0	0	0	0
16	92	"e7+e7'+2(g2+su(2))+so(7)+2 su(2)"	"e7+e7'+f4+su(3)+g2+su(2)+2(so(7)+2 su(2))"	31	135	1	1	0	1	0	0	0	0
16	92	"e7+e7'+2(g2+su(2))+so(7)+2 su(2)"	"e7+e7'+g2+su(2)+2(so(7)+2 su(2))"	21	195	1	0	0	0	0	0	0	0
16	92	"e7+e7'+2(g2+su(2))+so(7)+2 su(2)"	"e7+e7'+g2+su(2)+2(so(7)+2 su(2))"	22	195	1	0	0	0	0	0	0	0
16	92	"e7+e7'+2(g2+su(2))+so(7)+2 su(2)"	"e7+e7'+g2+su(2)+2(so(7)+2 su(2))"	24	195	1	0	0	0	0	0	0	0
16	92	"e7+e7'+2(g2+su(2))+so(7)+2 su(2)"	"e7+e7'+so(8)+3(g2+su(2))+so(7)+2 su(2)"	24	160	1	1	1	0	0	0	0	0
16	92	"e7+e7'+2(g2+su(2))+so(7)+2 su(2)"	"e7+e7'+so(8)+3(so(7)+2 su(2))"	21	165	2	0	1	0	0	0	0	0
16	92	"e7+e7'+2(g2+su(2))+so(7)+2 su(2)"	"e7+e7'+so(8)+3(so(7)+2 su(2))"	23	165	2	0	1	0	0	0	0	0
16	92	"e7+e7'+2(g2+su(2))+so(7)+2 su(2)"	"e7+e7'+so(8)+3(so(7)+2 su(2))"	28	165	2	0	1	0	0	0	0	0
16	92	"e7+e7'+2(g2+su(2))+so(7)+2 su(2)"	"e7+e7'+so(8)+g2+su(2)+2(so(7)+2 su(2))"	20	167	1	0	1	0	0	0	0	0
16	92	"e7+e7'+2(g2+su(2))+so(7)+2 su(2)"	"e7+e7'+so(8)+g2+su(2)+2(so(7)+2 su(2))"	21	167	1	0	1	0	0	0	0	0
16	92	"e7+e7'+2(g2+su(2))+so(7)+2 su(2)"	"e7+e7'+so(8)+g2+su(2)+2(so(7)+2 su(2))"	23	167	1	0	1	0	0	0	0	0
16	92	"e7+e7'+2(g2+su(2))+so(7)+2 su(2)"	"e7+e7'+so(8)+g2+su(2)+2(so(7)+2 su(2))"	28	167	1	0	1	0	0	0	0	0
16	92	"e7+e7'+2(g2+su(2))+so(7)+2 su(2)"	"e7+e7'+so(8)+su(3)+3(so(7)+2 su(2))"	22	157	2	1	1	0	0	0	0	0
16	92	"e7+e7'+2(g2+su(2))+so(7)+2 su(2)"	"e7+e7'+so(8)+su(3)+3(so(7)+2 su(2))"	23	157	2	1	1	0	0	0	0	0
16	92	"e7+e7'+2(g2+su(2))+so(7)+2 su(2)"	"e7+e7'+so(8)+su(3)+3(so(7)+2 su(2))"	27	157	2	1	1	0	0	0	0	0
16	92	"e7+e7'+2(g2+su(2))+so(7)+2 su(2)"	"e7+e7'+so(8)+su(3)+g2+su(2)+2(so(7)+2 su(2))"	22	159	1	1	1	0	0	0	0	0
16	92	"e7+e7'+2(g2+su(2))+so(7)+2 su(2)"	"e7+e7'+so(8)+su(3)+g2+su(2)+2(so(7)+2 su(2))"	23	159	1	1	1	0	0	0	0	0
16	92	"e7+e7'+2(g2+su(2))+so(7)+2 su(2)"	"e7+e7'+so(8)+su(3)+g2+su(2)+2(so(7)+2 su(2))"	26	159	1	1	1	0	0	0	0	0
16	92	"e7+e7'+2(g2+su(2))+so(7)+2 su(2)"	"e7+e7'+su(3)+3(so(7)+2 su(2))"	20	185	2	1	0	0	0	0	0	0
16	93	"2 e7+g2+su(2)+so(7)+2 su(2)"	"2 e7+2(g2+su(2))+so(7)+2 su(2)"	21	169	1	1	0	0	0	0	0	0
16	93	"2 e7+g2+su(2)+so(7)+2 su(2)"	"2 e7+2(g2+su(2))+so(7)+2 su(2)"	23	169	1	1	0	0	0	0	0	0
16	93	"2 e7+g2+su(2)+so(7)+2 su(2)"	"2 e7+2(so(7)+2 su(2))"	20	176	1	0	0	0	0	0	0	0
16	93	"2 e7+g2+su(2)+so(7)+2 su(2)"	"2 e7+2(so(7)+2 su(2))"	22	176	1	0	0	0	0	0	0	0
16	93	"2 e7+g2+su(2)+so(7)+2 su(2)"	"2 e7+2(so(7)+2 su(2))"	24	176	1	0	0	0	0	0	0	0
16	93	"2 e7+g2+su(2)+so(7)+2 su(2)"	"2 e7+su(3)+2(so(7)+2 su(2))"	21	168	1	1	0	0	0	0	0	0
16	93	"2 e7+g2+su(2)+so(7)+2 su(2)"	"2 e7+su(3)+2(so(7)+2 su(2))"	23	168	1	1	0	0	0	0	0	0
16	93	"2 e7+g2+su(2)+so(7)+2 su(2)"	"2 e7+su(3)+2(so(7)+2 su(2))"	24	168	1	1	0	0	0	0	0	0
16	94	"e8+so(8)+3(g2+su(2))"	"e8+so(8)+2(g2+su(2))+so(7)+2 su(2)"	20	159	1	0	0	0	0	0	0	0
16	94	"e8+so(8)+3(g2+su(2))"	"e8+so(8)+2(g2+su(2))+so(7)+2 su(2)"	21	159	1	0	0	0	0	0	0	0
16	94	"e8+so(8)+3(g2+su(2))"	"e8+so(8)+2(g2+su(2))+so(7)+2 su(2)"	22	159	1	0	0	0	0	0	0	0
16	94	"e8+so(8)+3(g2+su(2))"	"e8+so(8)+4(g2+su(2))"	21	152	1	1	0	0	0	0	0	0
16	94	"e8+so(8)+3(g2+su(2))"	"e8+so(8)+4(g2+su(2))"	25	152	1	1	0	0	0	0	0	0
16	94	"e8+so(8)+3(g2+su(2))"	"e8+so(8)+su(3)+2(g2+su(2))+so(7)+2 su(2)"	21	151	1	1	0	0	0	0	0	0
16	94	"e8+so(8)+3(g2+su(2))"	"e8+so(8)+su(3)+2(g2+su(2))+so(7)+2 su(2)"	22	151	1	1	0	0	0	0	0	0
16	94	"e8+so(8)+3(g2+su(2))"	"e8+so(8)+su(3)+2(g2+su(2))+so(7)+2 su(2)"	23	151	1	1	0	0	0	0	0	0
16	94	"e8+so(8)+3(g2+su(2))"	"e8+so(8)+su(3)+3(g2+su(2))"	25	153	0	1	0	0	0	0	0	0
16	95	"e7+e7'+f4+g2+su(2)+so(7)+2 su(2)"	"e7+e7'+f4+g2+su(2)+2(so(7)+2 su(2))"	22	143	1	1	0	0	0	0	0	0
16	95	"e7+e7'+f4+g2+su(2)+so(7)+2 su(2)"	"e7+e7'+f4+g2+su(2)+2(so(7)+2 su(2))"	26	143	1	1	0	0	0	0	0	0
16	95	"e7+e7'+f4+g2+su(2)+so(7)+2 su(2)"	"e7+e7'+f4+g2+su(2)+2(so(7)+2 su(2))"	28	143	1	1	0	0	0	0	0	0
16	96	"e7+e6+f4+g2+su(2)+so(7)+2 su(2)"	"e7+e6+f4+g2+su(2)+2(so(7)+2 su(2))"	21	170	1	1	0	0	0	0	0	0
16	96	"e7+e6+f4+g2+su(2)+so(7)+2 su(2)"	"e7+e6+f4+su(3)+g2+su(2)+2(so(7)+2 su(2))"	21	162	1	2	0	0	0	0	0	0
16	97	"e7+e6+f4+2(so(7)+2 su(2))"	"e7+e6+f4+g2+su(2)+2(so(7)+2 su(2))"	20	170	1	1	0	0	0	0	0	0
16	97	"e7+e6+f4+2(so(7)+2 su(2))"	"e7+e6+f4+su(3)+g2+su(2)+2(so(7)+2 su(2))"	20	162	1	2	0	0	0	0	0	0
16	98	"e7+e6+f4+su(3)+2(g2+su(2))"	"e7+e6+f4+2 su(3)+2(g2+su(2))"	22	167	0	1	0	0	0	0	0	0
16	98	"e7+e6+f4+su(3)+2(g2+su(2))"	"e7+e6+f4+2 su(3)+3(g2+su(2))"	22	158	1	2	0	0	0	0	0	0
16	98	"e7+e6+f4+su(3)+2(g2+su(2))"	"e7+e6+f4+2 su(3)+g2+su(2)+so(7)+2 su(2)"	21	165	1	1	0	0	0	0	0	0
16	98	"e7+e6+f4+su(3)+2(g2+su(2))"	"e7+e6+f4+2 su(3)+g2+su(2)+so(7)+2 su(2)"	22	165	1	1	0	0	0	0	0	0
16	98	"e7+e6+f4+su(3)+2(g2+su(2))"	"e7+e6+f4+2 su(3)+g2+su(2)+so(7)+2 su(2)"	23	165	1	1	0	0	0	0	0	0
16	98	"e7+e6+f4+su(3)+2(g2+su(2))"	"e7+e6+f4+2 su(3)+g2+su(2)+so(7)+2 su(2)"	24	165	1	1	0	0	0	0	0	0
16	98	"e7+e6+f4+su(3)+2(g2+su(2))"	"e7+e6+f4+2 su(3)+g2+su(2)+so(7)+2 su(2)"	28	165	1	1	0	0	0	0	0	0
16	98	"e7+e6+f4+su(3)+2(g2+su(2))"	"e7+e6+f4+3 su(3)+2(g2+su(2))"	32	159	0	2	0	0	0	0	0	0
16	98	"e7+e6+f4+su(3)+2(g2+su(2))"	"e7+e6+f4+3 su(3)+g2+su(2)+so(7)+2 su(2)"	21	157	1	2	0	0	0	0	0	0
16	98	"e7+e6+f4+su(3)+2(g2+su(2))"	"e7+e6+f4+3 su(3)+g2+su(2)+so(7)+2 su(2)"	36	157	1	2	0	0	0	0	0	0
16	98	"e7+e6+f4+su(3)+2(g2+su(2))"	"e7+e6+f4+so(8)+2 su(3)+g2+su(2)+so(7)+2 su(2)"	22	137	1	1	1	0	0	0	0	0
16	98	"e7+e6+f4+su(3)+2(g2+su(2))"	"e7+e6+f4+so(8)+su(3)+g2+su(2)+so(7)+2 su(2)"	22	145	1	0	1	0	0	0	0	0
16	98	"e7+e6+f4+su(3)+2(g2+su(2))"	"e7+e6+f4+su(3)+3(g2+su(2))"	22	166	1	1	0	0	0	0	0	0
16	98	"e7+e6+f4+su(3)+2(g2+su(2))"	"e7+e6+f4+su(3)+3(g2+su(2))"	23	166	1	1	0	0	0	0	0	0
16	98	"e7+e6+f4+su(3)+2(g2+su(2))"	"e7+e6+f4+su(3)+g2+su(2)+so(7)+2 su(2)"	21	173	1	0	0	0	0	0	0	0
16	98	"e7+e6+f4+su(3)+2(g2+su(2))"	"e7+e6+f4+su(3)+g2+su(2)+so(7)+2 su(2)"	22	173	1	0	0	0	0	0	0	0
16	98	"e7+e6+f4+su(3)+2(g2+su(2))"	"e7+e6+f4+su(3)+g2+su(2)+so(7)+2 su(2)"	24	173	1	0	0	0	0	0	0	0
16	102	"e7+e6+f4+2 su(3)+g2+su(2)"	"e7+e6+f4+2 su(3)+2(g2+su(2))"	21	167	1	1	0	0	0	0	0	0
16	102	"e7+e6+f4+2 su(3)+g2+su(2)"	"e7+e6+f4+2 su(3)+2(g2+su(2))"	23	167	1	1	0	0	0	0	0	0
16	102	"e7+e6+f4+2 su(3)+g2+su(2)"	"e7+e6+f4+2 su(3)+g2+su(2)+so(7)+2 su(2)"	21	165	2	1	0	0	0	0	0	0
16	107	"e7+e6+f4+g2+su(2)+so(7)+2 su(2)"	"e7+e6+f4+2(g2+su(2))+so(7)+2 su(2)"	20	172	1	1	0	0	0	0	0	0
16	107	"e7+e6+f4+g2+su(2)+so(7)+2 su(2)"	"e7+e6+f4+2(g2+su(2))+so(7)+2 su(2)"	21	172	1	1	0	0	0	0	0	0
16	107	"e7+e6+f4+g2+su(2)+so(7)+2 su(2)"	"e7+e6+f4+2(g2+su(2))+so(7)+2 su(2)"	24	172	1	1	0	0	0	0	0	0
16	107	"e7+e6+f4+g2+su(2)+so(7)+2 su(2)"	"e7+e6+f4+3(g2+su(2))+so(7)+2 su(2)"	20	163	1	2	0	0	0	0	0	0
16	107	"e7+e6+f4+g2+su(2)+so(7)+2 su(2)"	"e7+e6+f4+3(g2+su(2))+so(7)+2 su(2)"	21	163	1	2	0	0	0	0	0	0
16	107	"e7+e6+f4+g2+su(2)+so(7)+2 su(2)"	"e7+e6+f4+g2+su(2)+2(so(7)+2 su(2))"	20	170	1	1	0	0	0	0	0	0
16	107	"e7+e6+f4+g2+su(2)+so(7)+2 su(2)"	"e7+e6+f4+g2+su(2)+2(so(7)+2 su(2))"	21	170	1	1	0	0	0	0	0	0
16	107	"e7+e6+f4+g2+su(2)+so(7)+2 su(2)"	"e7+e6+f4+su(3)+g2+su(2)+2(so(7)+2 su(2))"	20	162	1	2	0	0	0	0	0	0
16	107	"e7+e6+f4+g2+su(2)+so(7)+2 su(2)"	"e7+e6+f4+su(3)+g2+su(2)+2(so(7)+2 su(2))"	21	162	1	2	0	0	0	0	0	0
16	108	"2 e6+f4+2 su(3)+g2+su(2)"	"2 e6+2 f4+2 su(3)+g2+su(2)+so(7)+2 su(2)"	21	168	1	1	0	1	0	0	0	0
16	108	"2 e6+f4+2 su(3)+g2+su(2)"	"3 e6+f4+2 su(3)+g2+su(2)+so(7)+2 su(2)"	21	142	1	1	0	0	1	0	0	0
16	108	"2 e6+f4+2 su(3)+g2+su(2)"	"3 e6+f4+2 su(3)+g2+su(2)+so(7)+2 su(2)"	24	142	1	1	0	0	1	0	0	0
16	108	"2 e6+f4+2 su(3)+g2+su(2)"	"e7'+2 e6+f4+2 su(3)+g2+su(2)+so(7)+2 su(2)"	23	115	1	1	0	0	0	1	0	0
16	108	"2 e6+f4+2 su(3)+g2+su(2)"	"e7'+2 e6+f4+2 su(3)+g2+su(2)+so(7)+2 su(2)"	25	115	1	1	0	0	0	1	0	0
16	108	"2 e6+f4+2 su(3)+g2+su(2)"	"e7+2 e6+f4+2 su(3)+g2+su(2)+so(7)+2 su(2)"	23	87	1	1	0	0	0	0	1	0
16	108	"2 e6+f4+2 su(3)+g2+su(2)"	"e7+2 e6+f4+2 su(3)+g2+su(2)+so(7)+2 su(2)"	24	87	1	1	0	0	0	0	1	0
16	109	"e7+e6+f4+2 su(3)+g2+su(2)"	"e7+e6+f4+2 su(3)+2(g2+su(2))"	22	167	1	1	0	0	0	0	0	0
16	109	"e7+e6+f4+2 su(3)+g2+su(2)"	"e7+e6+f4+2 su(3)+2(g2+su(2))"	23	167	1	1	0	0	0	0	0	0
16	109	"e7+e6+f4+2 su(3)+g2+su(2)"	"e7+e6+f4+2 su(3)+g2+su(2)+so(7)+2 su(2)"	22	165	1	1	0	0	0	0	0	0
16	109	"e7+e6+f4+2 su(3)+g2+su(2)"	"e7+e6+f4+2 su(3)+g2+su(2)+so(7)+2 su(2)"	23	165	1	1	0	0	0	0	0	0
16	109	"e7+e6+f4+2 su(3)+g2+su(2)"	"e7+e6+f4+3 su(3)+g2+su(2)+so(7)+2 su(2)"	26	157	1	2	0	0	0	0	0	0
16	109	"e7+e6+f4+2 su(3)+g2+su(2)"	"e7+e6+f4+4 su(3)+g2+su(2)+so(7)+2 su(2)"	40	149	1	3	0	0	0	0	0	0
16	109	"e7+e6+f4+2 su(3)+g2+su(2)"	"e7+e6+f4+so(8)+2 su(3)+g2+su(2)+so(7)+2 su(2)"	27	137	1	1	1	0	0	0	0	0
16	112	"e7+e7'+f4+g2+su(2)+so(7)+2 su(2)"	"e7+e7'+f4+g2+su(2)+2(so(7)+2 su(2))"	22	143	1	1	0	0	0	0	0	0
16	112	"e7+e7'+f4+g2+su(2)+so(7)+2 su(2)"	"e7+e7'+f4+g2+su(2)+2(so(7)+2 su(2))"	26	143	1	1	0	0	0	0	0	0
16	112	"e7+e7'+f4+g2+su(2)+so(7)+2 su(2)"	"e7+e7'+f4+g2+su(2)+2(so(7)+2 su(2))"	28	143	1	1	0	0	0	0	0	0
16	115	"2 e7+g2+su(2)+so(7)+2 su(2)"	"2 e7+2(g2+su(2))+so(7)+2 su(2)"	21	169	1	1	0	0	0	0	0	0
16	115	"2 e7+g2+su(2)+so(7)+2 su(2)"	"2 e7+2(g2+su(2))+so(7)+2 su(2)"	22	169	1	1	0	0	0	0	0	0
16	115	"2 e7+g2+su(2)+so(7)+2 su(2)"	"2 e7+2(g2+su(2))+so(7)+2 su(2)"	23	169	1	1	0	0	0	0	0	0
16	115	"2 e7+g2+su(2)+so(7)+2 su(2)"	"2 e7+3(g2+su(2))+so(7)+2 su(2)"	21	160	1	2	0	0	0	0	0	0
16	115	"2 e7+g2+su(2)+so(7)+2 su(2)"	"2 e7+3(g2+su(2))+so(7)+2 su(2)"	28	160	1	2	0	0	0	0	0	0
16	116	"2 e7+su(3)+g2+su(2)+so(7)+2 su(2)"	"2 e7+2(g2+su(2))+so(7)+2 su(2)"	21	169	1	0	0	0	0	0	0	0
16	116	"2 e7+su(3)+g2+su(2)+so(7)+2 su(2)"	"2 e7+2(g2+su(2))+so(7)+2 su(2)"	22	169	1	0	0	0	0	0	0	0
16	116	"2 e7+su(3)+g2+su(2)+so(7)+2 su(2)"	"2 e7+3(g2+su(2))+so(7)+2 su(2)"	21	160	1	1	0	0	0	0	0	0
16	116	"2 e7+su(3)+g2+su(2)+so(7)+2 su(2)"	"2 e7+3(g2+su(2))+so(7)+2 su(2)"	22	160	1	1	0	0	0	0	0	0
16	116	"2 e7+su(3)+g2+su(2)+so(7)+2 su(2)"	"2 e7+3(g2+su(2))+so(7)+2 su(2)"	25	160	1	1	0	0	0	0	0	0
16	116	"2 e7+su(3)+g2+su(2)+so(7)+2 su(2)"	"2 e7+su(3)+2(so(7)+2 su(2))"	21	168	1	0	0	0	0	0	0	0
16	116	"2 e7+su(3)+g2+su(2)+so(7)+2 su(2)"	"2 e7+su(3)+2(so(7)+2 su(2))"	22	168	1	0	0	0	0	0	0	0
16	116	"2 e7+su(3)+g2+su(2)+so(7)+2 su(2)"	"2 e7+su(3)+g2+su(2)+2(so(7)+2 su(2))"	21	159	1	1	0	0	0	0	0	0
16	116	"2 e7+su(3)+g2+su(2)+so(7)+2 su(2)"	"2 e7+su(3)+g2+su(2)+2(so(7)+2 su(2))"	22	159	1	1	0	0	0	0	0	0
16	116	"2 e7+su(3)+g2+su(2)+so(7)+2 su(2)"	"2 e7+su(3)+g2+su(2)+2(so(7)+2 su(2))"	24	159	1	1	0	0	0	0	0	0
16	118	"e8+so(8)+3(g2+su(2))"	"e8+so(8)+2(g2+su(2))+so(7)+2 su(2)"	20	159	1	0	0	0	0	0	0	0
16	118	"e8+so(8)+3(g2+su(2))"	"e8+so(8)+2(g2+su(2))+so(7)+2 su(2)"	21	159	1	0	0	0	0	0	0	0
16	118	"e8+so(8)+3(g2+su(2))"	"e8+so(8)+2(g2+su(2))+so(7)+2 su(2)"	22	159	1	0	0	0	0	0	0	0
16	118	"e8+so(8)+3(g2+su(2))"	"e8+so(8)+4(g2+su(2))"	21	152	1	1	0	0	0	0	0	0
16	118	"e8+so(8)+3(g2+su(2))"	"e8+so(8)+4(g2+su(2))"	22	152	1	1	0	0	0	0	0	0
16	118	"e8+so(8)+3(g2+su(2))"	"e8+so(8)+su(3)+2(g2+su(2))+so(7)+2 su(2)"	21	151	1	1	0	0	0	0	0	0
16	118	"e8+so(8)+3(g2+su(2))"	"e8+so(8)+su(3)+2(g2+su(2))+so(7)+2 su(2)"	22	151	1	1	0	0	0	0	0	0
16	121	"e8+so(8)+2 su(3)+2(g2+su(2))"	"e8+so(8)+3(g2+su(2))+so(7)+2 su(2)"	21	150	3	0	0	0	0	0	0	0
16	121	"e8+so(8)+2 su(3)+2(g2+su(2))"	"e8+so(8)+3(g2+su(2))+so(7)+2 su(2)"	22	150	3	0	0	0	0	0	0	0
16	121	"e8+so(8)+2 su(3)+2(g2+su(2))"	"e8+so(8)+3(g2+su(2))+so(7)+2 su(2)"	23	150	3	0	0	0	0	0	0	0
16	121	"e8+so(8)+2 su(3)+2(g2+su(2))"	"e8+so(8)+4(g2+su(2))"	21	152	2	0	0	0	0	0	0	0
16	121	"e8+so(8)+2 su(3)+2(g2+su(2))"	"e8+so(8)+4(g2+su(2))"	22	152	2	0	0	0	0	0	0	0
16	121	"e8+so(8)+2 su(3)+2(g2+su(2))"	"e8+so(8)+4(g2+su(2))"	25	152	2	0	0	0	0	0	0	0
16	121	"e8+so(8)+2 su(3)+2(g2+su(2))"	"e8+so(8)+su(3)+2(g2+su(2))+so(7)+2 su(2)"	21	151	2	0	0	0	0	0	0	0
16	121	"e8+so(8)+2 su(3)+2(g2+su(2))"	"e8+so(8)+su(3)+2(g2+su(2))+so(7)+2 su(2)"	22	151	2	0	0	0	0	0	0	0
16	121	"e8+so(8)+2 su(3)+2(g2+su(2))"	"e8+so(8)+su(3)+2(g2+su(2))+so(7)+2 su(2)"	23	151	2	0	0	0	0	0	0	0
16	121	"e8+so(8)+2 su(3)+2(g2+su(2))"	"e8+so(8)+su(3)+3(g2+su(2))"	21	153	1	0	0	0	0	0	0	0
16	121	"e8+so(8)+2 su(3)+2(g2+su(2))"	"e8+so(8)+su(3)+3(g2+su(2))"	22	153	1	0	0	0	0	0	0	0
16	123	"e7+e7'+g2+su(2)+2(so(7)+2 su(2))"	"e7+e7'+3(so(7)+2 su(2))"	22	193	1	0	0	0	0	0	0	0
16	123	"e7+e7'+g2+su(2)+2(so(7)+2 su(2))"	"e7+e7'+so(8)+3(so(7)+2 su(2))"	22	165	1	0	1	0	0	0	0	0
16	123	"e7+e7'+g2+su(2)+2(so(7)+2 su(2))"	"e7+e7'+so(8)+3(so(7)+2 su(2))"	23	165	1	0	1	0	0	0	0	0
16	123	"e7+e7'+g2+su(2)+2(so(7)+2 su(2))"	"e7+e7'+so(8)+3(so(7)+2 su(2))"	24	165	1	0	1	0	0	0	0	0
16	127	"2 e7+2(g2+su(2))+so(7)+2 su(2)"	"2 e7+3(g2+su(2))+so(7)+2 su(2)"	21	160	1	1	0	0	0	0	0	0
16	127	"2 e7+2(g2+su(2))+so(7)+2 su(2)"	"2 e7+3(g2+su(2))+so(7)+2 su(2)"	22	160	1	1	0	0	0	0	0	0
16	127	"2 e7+2(g2+su(2))+so(7)+2 su(2)"	"2 e7+3(g2+su(2))+so(7)+2 su(2)"	25	160	1	1	0	0	0	0	0	0
16	127	"2 e7+2(g2+su(2))+so(7)+2 su(2)"	"2 e7+g2+su(2)+2(so(7)+2 su(2))"	20	167	1	0	0	0	0	0	0	0
16	127	"2 e7+2(g2+su(2))+so(7)+2 su(2)"	"2 e7+g2+su(2)+2(so(7)+2 su(2))"	21	167	1	0	0	0	0	0	0	0
16	127	"2 e7+2(g2+su(2))+so(7)+2 su(2)"	"2 e7+g2+su(2)+2(so(7)+2 su(2))"	24	167	1	0	0	0	0	0	0	0
16	127	"2 e7+2(g2+su(2))+so(7)+2 su(2)"	"2 e7+su(3)+2(g2+su(2))+so(7)+2 su(2)"	25	161	0	1	0	0	0	0	0	0
16	127	"2 e7+2(g2+su(2))+so(7)+2 su(2)"	"2 e7+su(3)+g2+su(2)+2(so(7)+2 su(2))"	21	159	1	1	0	0	0	0	0	0
16	127	"2 e7+2(g2+su(2))+so(7)+2 su(2)"	"2 e7+su(3)+g2+su(2)+2(so(7)+2 su(2))"	22	159	1	1	0	0	0	0	0	0
16	127	"2 e7+2(g2+su(2))+so(7)+2 su(2)"	"2 e7+su(3)+g2+su(2)+2(so(7)+2 su(2))"	24	159	1	1	0	0	0	0	0	0
16	130	"2 e6+f4+2 su(3)+g2+su(2)"	"2 e6+f4+3 su(3)+2(g2+su(2))"	18	214	0	2	0	0	0	0	0	0
16	134	"e7+e6+f4+2 su(3)+g2+su(2)"	"e7+e6+f4+2 su(3)+2(g2+su(2))"	21	167	1	1	0	0	0	0	0	0
16	134	"e7+e6+f4+2 su(3)+g2+su(2)"	"e7+e6+f4+2 su(3)+3(g2+su(2))"	21	158	1	2	0	0	0	0	0	0
16	135	"e7+e6+f4+2 su(3)+g2+su(2)"	"e7+e6+f4+2 su(3)+2(g2+su(2))"	21	167	1	1	0	0	0	0	0	0
16	135	"e7+e6+f4+2 su(3)+g2+su(2)"	"e7+e6+f4+2 su(3)+2(g2+su(2))"	22	167	1	1	0	0	0	0	0	0
16	135	"e7+e6+f4+2 su(3)+g2+su(2)"	"e7+e6+f4+2 su(3)+2(g2+su(2))+so(7)+2 su(2)"	22	156	2	2	0	0	0	0	0	0
16	135	"e7+e6+f4+2 su(3)+g2+su(2)"	"e7+e6+f4+2 su(3)+3(g2+su(2))"	21	158	1	2	0	0	0	0	0	0
16	135	"e7+e6+f4+2 su(3)+g2+su(2)"	"e7+e6+f4+2 su(3)+g2+su(2)+so(7)+2 su(2)"	20	165	1	1	0	0	0	0	0	0
16	135	"e7+e6+f4+2 su(3)+g2+su(2)"	"e7+e6+f4+3 su(3)+g2+su(2)+so(7)+2 su(2)"	20	157	1	2	0	0	0	0	0	0
16	135	"e7+e6+f4+2 su(3)+g2+su(2)"	"e7+e6+f4+4 su(3)+g2+su(2)+so(7)+2 su(2)"	26	149	1	3	0	0	0	0	0	0
16	135	"e7+e6+f4+2 su(3)+g2+su(2)"	"e7+e6+f4+so(8)+2 su(3)+g2+su(2)+so(7)+2 su(2)"	21	137	1	1	1	0	0	0	0	0
16	136	"2 e6+2 f4+4 su(3)"	"2 e6+2 f4+3 su(3)+2(g2+su(2))"	25	162	2	1	0	0	0	0	0	0
16	136	"2 e6+2 f4+4 su(3)"	"2 e6+2 f4+3 su(3)+g2+su(2)"	20	171	1	0	0	0	0	0	0	0
16	136	"2 e6+2 f4+4 su(3)"	"2 e6+2 f4+4 su(3)+g2+su(2)"	21	163	1	1	0	0	0	0	0	0
16	136	"2 e6+2 f4+4 su(3)"	"2 e6+2 f4+4 su(3)+g2+su(2)"	25	163	1	1	0	0	0	0	0	0
16	136	"2 e6+2 f4+4 su(3)"	"2 e6+2 f4+5 su(3)+g2+su(2)"	23	155	1	2	0	0	0	0	0	0
16	136	"2 e6+2 f4+4 su(3)"	"2 e6+2 f4+so(8)+3 su(3)+g2+su(2)"	22	143	1	0	1	0	0	0	0	0
16	137	"2 e6+f4+3 su(3)+g2+su(2)"	"2 e6+2 f4+2 su(3)+2(g2+su(2))"	20	170	1	0	0	1	0	0	0	0
16	137	"2 e6+f4+3 su(3)+g2+su(2)"	"2 e6+2 f4+2 su(3)+2(g2+su(2))"	21	170	1	0	0	1	0	0	0	0
16	137	"2 e6+f4+3 su(3)+g2+su(2)"	"2 e6+2 f4+2 su(3)+2(g2+su(2))"	22	170	1	0	0	1	0	0	0	0
16	137	"2 e6+f4+3 su(3)+g2+su(2)"	"2 e6+2 f4+2 su(3)+3(g2+su(2))"	21	161	2	1	0	1	0	0	0	0
16	137	"2 e6+f4+3 su(3)+g2+su(2)"	"2 e6+2 f4+2 su(3)+g2+su(2)+so(7)+2 su(2)"	20	168	2	0	0	1	0	0	0	0
16	137	"2 e6+f4+3 su(3)+g2+su(2)"	"2 e6+2 f4+2 su(3)+g2+su(2)+so(7)+2 su(2)"	21	168	2	0	0	1	0	0	0	0
16	137	"2 e6+f4+3 su(3)+g2+su(2)"	"2 e6+2 f4+2 su(3)+g2+su(2)+so(7)+2 su(2)"	22	168	2	0	0	1	0	0	0	0
16	137	"2 e6+f4+3 su(3)+g2+su(2)"	"2 e6+2 f4+3 su(3)+2(g2+su(2))"	20	162	1	1	0	1	0	0	0	0
16	137	"2 e6+f4+3 su(3)+g2+su(2)"	"2 e6+2 f4+3 su(3)+2(g2+su(2))"	21	162	1	1	0	1	0	0	0	0
16	137	"2 e6+f4+3 su(3)+g2+su(2)"	"2 e6+2 f4+3 su(3)+2(g2+su(2))"	23	162	1	1	0	1	0	0	0	0
16	137	"2 e6+f4+3 su(3)+g2+su(2)"	"2 e6+2 f4+3 su(3)+2(g2+su(2))"	26	162	1	1	0	1	0	0	0	0
16	137	"2 e6+f4+3 su(3)+g2+su(2)"	"2 e6+2 f4+3 su(3)+g2+su(2)+so(7)+2 su(2)"	22	160	2	1	0	1	0	0	0	0
16	137	"2 e6+f4+3 su(3)+g2+su(2)"	"2 e6+2 f4+3 su(3)+g2+su(2)+so(7)+2 su(2)"	23	160	2	1	0	1	0	0	0	0
16	137	"2 e6+f4+3 su(3)+g2+su(2)"	"2 e6+2 f4+3 su(3)+g2+su(2)+so(7)+2 su(2)"	26	160	2	1	0	1	0	0	0	0
16	137	"2 e6+f4+3 su(3)+g2+su(2)"	"2 e6+f4+2 so(8)+3 su(3)+so(7)+2 su(2)"	21	165	1	0	2	0	0	0	0	0
16	137	"2 e6+f4+3 su(3)+g2+su(2)"	"2 e6+f4+2 su(3)+2(g2+su(2))"	21	222	1	0	0	0	0	0	0	0
16	137	"2 e6+f4+3 su(3)+g2+su(2)"	"2 e6+f4+2 su(3)+2(g2+su(2))"	24	222	1	0	0	0	0	0	0	0
16	137	"2 e6+f4+3 su(3)+g2+su(2)"	"2 e6+f4+3 su(3)+so(7)+2 su(2)"	21	221	1	0	0	0	0	0	0	0
16	137	"2 e6+f4+3 su(3)+g2+su(2)"	"2 e6+f4+3 su(3)+so(7)+2 su(2)"	22	221	1	0	0	0	0	0	0	0
16	137	"2 e6+f4+3 su(3)+g2+su(2)"	"2 e6+f4+3 su(3)+so(7)+2 su(2)"	24	221	1	0	0	0	0	0	0	0
16	137	"2 e6+f4+3 su(3)+g2+su(2)"	"2 e6+f4+so(8)+2 su(3)+2(g2+su(2))"	19	194	1	0	1	0	0	0	0	0
16	137	"2 e6+f4+3 su(3)+g2+su(2)"	"2 e6+f4+so(8)+2 su(3)+g2+su(2)+so(7)+2 su(2)"	19	192	2	0	1	0	0	0	0	0
16	137	"2 e6+f4+3 su(3)+g2+su(2)"	"2 e6+f4+so(8)+3 su(3)+so(7)+2 su(2)"	19	193	1	0	1	0	0	0	0	0
16	137	"2 e6+f4+3 su(3)+g2+su(2)"	"2 e6+f4+so(8)+4 su(3)+so(7)+2 su(2)"	20	185	1	1	1	0	0	0	0	0
16	137	"2 e6+f4+3 su(3)+g2+su(2)"	"3 e6+f4+3 su(3)+2(g2+su(2))"	23	136	1	1	0	0	1	0	0	0
16	137	"2 e6+f4+3 su(3)+g2+su(2)"	"3 e6+f4+3 su(3)+2(g2+su(2))"	66	136	1	1	0	0	1	0	0	0
16	137	"2 e6+f4+3 su(3)+g2+su(2)"	"3 e6+f4+3 su(3)+so(7)+2 su(2)"	22	143	1	0	0	0	1	0	0	0
16	137	"2 e6+f4+3 su(3)+g2+su(2)"	"3 e6+f4+3 su(3)+so(7)+2 su(2)"	27	143	1	0	0	0	1	0	0	0
16	137	"2 e6+f4+3 su(3)+g2+su(2)"	"3 e6+f4+3 su(3)+so(7)+2 su(2)"	29	143	1	0	0	0	1	0	0	0
16	137	"2 e6+f4+3 su(3)+g2+su(2)"	"3 e6+f4+4 su(3)+g2+su(2)"	43	137	0	1	0	0	1	0	0	0
16	137	"2 e6+f4+3 su(3)+g2+su(2)"	"3 e6+f4+4 su(3)+g2+su(2)"	56	137	0	1	0	0	1	0	0	0
16	137	"2 e6+f4+3 su(3)+g2+su(2)"	"3 e6+f4+4 su(3)+so(7)+2 su(2)"	23	135	1	1	0	0	1	0	0	0
16	137	"2 e6+f4+3 su(3)+g2+su(2)"	"3 e6+f4+4 su(3)+so(7)+2 su(2)"	29	135	1	1	0	0	1	0	0	0
16	137	"2 e6+f4+3 su(3)+g2+su(2)"	"3 e6+f4+4 su(3)+so(7)+2 su(2)"	31	135	1	1	0	0	1	0	0	0
16	138	"2 e7'+g2+su(2)+2(so(7)+2 su(2))"	"2 e7'+3(so(7)+2 su(2))"	21	221	1	0	0	0	0	0	0	0
16	138	"2 e7'+g2+su(2)+2(so(7)+2 su(2))"	"2 e7'+3(so(7)+2 su(2))"	24	221	1	0	0	0	0	0	0	0
16	138	"2 e7'+g2+su(2)+2(so(7)+2 su(2))"	"2 e7'+e6+2(g2+su(2))+2(so(7)+2 su(2))"	22	136	1	1	0	0	1	0	0	0
16	138	"2 e7'+g2+su(2)+2(so(7)+2 su(2))"	"2 e7'+e6+2(g2+su(2))+2(so(7)+2 su(2))"	66	136	1	1	0	0	1	0	0	0
16	138	"2 e7'+g2+su(2)+2(so(7)+2 su(2))"	"2 e7'+e6+3(so(7)+2 su(2))"	21	143	1	0	0	0	1	0	0	0
16	138	"2 e7'+g2+su(2)+2(so(7)+2 su(2))"	"2 e7'+e6+3(so(7)+2 su(2))"	27	143	1	0	0	0	1	0	0	0
16	138	"2 e7'+g2+su(2)+2(so(7)+2 su(2))"	"2 e7'+e6+3(so(7)+2 su(2))"	29	143	1	0	0	0	1	0	0	0
16	138	"2 e7'+g2+su(2)+2(so(7)+2 su(2))"	"2 e7'+e6+su(3)+3(so(7)+2 su(2))"	22	135	1	1	0	0	1	0	0	0
16	138	"2 e7'+g2+su(2)+2(so(7)+2 su(2))"	"2 e7'+e6+su(3)+3(so(7)+2 su(2))"	29	135	1	1	0	0	1	0	0	0
16	138	"2 e7'+g2+su(2)+2(so(7)+2 su(2))"	"2 e7'+e6+su(3)+3(so(7)+2 su(2))"	31	135	1	1	0	0	1	0	0	0
16	138	"2 e7'+g2+su(2)+2(so(7)+2 su(2))"	"2 e7'+e6+su(3)+g2+su(2)+2(so(7)+2 su(2))"	43	137	0	1	0	0	1	0	0	0
16	138	"2 e7'+g2+su(2)+2(so(7)+2 su(2))"	"2 e7'+e6+su(3)+g2+su(2)+2(so(7)+2 su(2))"	56	137	0	1	0	0	1	0	0	0
16	138	"2 e7'+g2+su(2)+2(so(7)+2 su(2))"	"2 e7'+f4+2(g2+su(2))+2(so(7)+2 su(2))"	22	162	1	1	0	1	0	0	0	0
16	138	"2 e7'+g2+su(2)+2(so(7)+2 su(2))"	"2 e7'+f4+3(so(7)+2 su(2))"	21	169	1	0	0	1	0	0	0	0
16	138	"2 e7'+g2+su(2)+2(so(7)+2 su(2))"	"2 e7'+f4+su(3)+3(so(7)+2 su(2))"	22	161	1	1	0	1	0	0	0	0
16	138	"2 e7'+g2+su(2)+2(so(7)+2 su(2))"	"3 e7'+2(g2+su(2))+2(so(7)+2 su(2))"	26	109	1	1	0	0	0	1	0	0
16	138	"2 e7'+g2+su(2)+2(so(7)+2 su(2))"	"3 e7'+3(so(7)+2 su(2))"	24	116	1	0	0	0	0	1	0	0
16	138	"2 e7'+g2+su(2)+2(so(7)+2 su(2))"	"3 e7'+su(3)+3(so(7)+2 su(2))"	24	108	1	1	0	0	0	1	0	0
16	138	"2 e7'+g2+su(2)+2(so(7)+2 su(2))"	"3 e7'+su(3)+g2+su(2)+2(so(7)+2 su(2))"	25	110	0	1	0	0	0	1	0	0
16	138	"2 e7'+g2+su(2)+2(so(7)+2 su(2))"	"3 e7'+su(3)+g2+su(2)+2(so(7)+2 su(2))"	26	110	0	1	0	0	0	1	0	0
16	138	"2 e7'+g2+su(2)+2(so(7)+2 su(2))"	"e7+2 e7'+2(g2+su(2))+2(so(7)+2 su(2))"	25	81	1	1	0	0	0	0	1	0
16	138	"2 e7'+g2+su(2)+2(so(7)+2 su(2))"	"e7+2 e7'+3(so(7)+2 su(2))"	24	88	1	0	0	0	0	0	1	0
16	138	"2 e7'+g2+su(2)+2(so(7)+2 su(2))"	"e7+2 e7'+su(3)+3(so(7)+2 su(2))"	24	80	1	1	0	0	0	0	1	0
16	138	"2 e7'+g2+su(2)+2(so(7)+2 su(2))"	"e7+2 e7'+su(3)+g2+su(2)+2(so(7)+2 su(2))"	25	82	0	1	0	0	0	0	1	0
16	139	"e7+e7'+2(g2+su(2))+so(7)+2 su(2)"	"e7+e7'+f4+3(g2+su(2))+so(7)+2 su(2)"	21	136	1	1	0	1	0	0	0	0
16	139	"e7+e7'+2(g2+su(2))+so(7)+2 su(2)"	"e7+e7'+f4+3(g2+su(2))+so(7)+2 su(2)"	22	136	1	1	0	1	0	0	0	0
16	139	"e7+e7'+2(g2+su(2))+so(7)+2 su(2)"	"e7+e7'+f4+3(g2+su(2))+so(7)+2 su(2)"	66	136	1	1	0	1	0	0	0	0
16	139	"e7+e7'+2(g2+su(2))+so(7)+2 su(2)"	"e7+e7'+f4+g2+su(2)+2(so(7)+2 su(2))"	21	143	1	0	0	1	0	0	0	0
16	139	"e7+e7'+2(g2+su(2))+so(7)+2 su(2)"	"e7+e7'+f4+g2+su(2)+2(so(7)+2 su(2))"	27	143	1	0	0	1	0	0	0	0
16	139	"e7+e7'+2(g2+su(2))+so(7)+2 su(2)"	"e7+e7'+f4+g2+su(2)+2(so(7)+2 su(2))"	29	143	1	0	0	1	0	0	0	0
16	139	"e7+e7'+2(g2+su(2))+so(7)+2 su(2)"	"e7+e7'+f4+su(3)+2(g2+su(2))+so(7)+2 su(2)"	43	137	0	1	0	1	0	0	0	0
16	139	"e7+e7'+2(g2+su(2))+so(7)+2 su(2)"	"e7+e7'+f4+su(3)+2(g2+su(2))+so(7)+2 su(2)"	56	137	0	1	0	1	0	0	0	0
16	139	"e7+e7'+2(g2+su(2))+so(7)+2 su(2)"	"e7+e7'+f4+su(3)+g2+su(2)+2(so(7)+2 su(2))"	21	135	1	1	0	1	0	0	0	0
16	139	"e7+e7'+2(g2+su(2))+so(7)+2 su(2)"	"e7+e7'+f4+su(3)+g2+su(2)+2(so(7)+2 su(2))"	29	135	1	1	0	1	0	0	0	0
16	139	"e7+e7'+2(g2+su(2))+so(7)+2 su(2)"	"e7+e7'+f4+su(3)+g2+su(2)+2(so(7)+2 su(2))"	31	135	1	1	0	1	0	0	0	0
16	139	"e7+e7'+2(g2+su(2))+so(7)+2 su(2)"	"e7+e7'+g2+su(2)+2(so(7)+2 su(2))"	21	195	1	0	0	0	0	0	0	0
16	139	"e7+e7'+2(g2+su(2))+so(7)+2 su(2)"	"e7+e7'+g2+su(2)+2(so(7)+2 su(2))"	22	195	1	0	0	0	0	0	0	0
16	139	"e7+e7'+2(g2+su(2))+so(7)+2 su(2)"	"e7+e7'+g2+su(2)+2(so(7)+2 su(2))"	24	195	1	0	0	0	0	0	0	0
16	139	"e7+e7'+2(g2+su(2))+so(7)+2 su(2)"	"e7+e7'+g2+su(2)+3(so(7)+2 su(2))"	20	184	3	1	0	0	0	0	0	0
16	139	"e7+e7'+2(g2+su(2))+so(7)+2 su(2)"	"e7+e7'+so(8)+3(g2+su(2))+so(7)+2 su(2)"	21	160	1	1	1	0	0	0	0	0
16	139	"e7+e7'+2(g2+su(2))+so(7)+2 su(2)"	"e7+e7'+so(8)+3(g2+su(2))+so(7)+2 su(2)"	24	160	1	1	1	0	0	0	0	0
16	139	"e7+e7'+2(g2+su(2))+so(7)+2 su(2)"	"e7+e7'+so(8)+3(g2+su(2))+so(7)+2 su(2)"	28	160	1	1	1	0	0	0	0	0
16	139	"e7+e7'+2(g2+su(2))+so(7)+2 su(2)"	"e7+e7'+so(8)+g2+su(2)+2(so(7)+2 su(2))"	20	167	1	0	1	0	0	0	0	0
16	139	"e7+e7'+2(g2+su(2))+so(7)+2 su(2)"	"e7+e7'+so(8)+g2+su(2)+2(so(7)+2 su(2))"	21	167	1	0	1	0	0	0	0	0
16	139	"e7+e7'+2(g2+su(2))+so(7)+2 su(2)"	"e7+e7'+so(8)+g2+su(2)+2(so(7)+2 su(2))"	23	167	1	0	1	0	0	0	0	0
16	139	"e7+e7'+2(g2+su(2))+so(7)+2 su(2)"	"e7+e7'+so(8)+su(3)+g2+su(2)+2(so(7)+2 su(2))"	21	159	1	1	1	0	0	0	0	0
16	139	"e7+e7'+2(g2+su(2))+so(7)+2 su(2)"	"e7+e7'+so(8)+su(3)+g2+su(2)+2(so(7)+2 su(2))"	22	159	1	1	1	0	0	0	0	0
16	139	"e7+e7'+2(g2+su(2))+so(7)+2 su(2)"	"e7+e7'+so(8)+su(3)+g2+su(2)+2(so(7)+2 su(2))"	23	159	1	1	1	0	0	0	0	0
16	139	"e7+e7'+2(g2+su(2))+so(7)+2 su(2)"	"e7+e7'+so(8)+su(3)+g2+su(2)+2(so(7)+2 su(2))"	26	159	1	1	1	0	0	0	0	0
16	139	"e7+e7'+2(g2+su(2))+so(7)+2 su(2)"	"e7+e7'+su(3)+3(g2+su(2))+so(7)+2 su(2)"	20	180	1	2	0	0	0	0	0	0
16	140	"e7+e7'+su(3)+2(g2+su(2))+so(7)+2 su(2)"	"e7+e7'+2(g2+su(2))+2(so(7)+2 su(2))"	19	186	2	0	0	0	0	0	0	0
16	140	"e7+e7'+su(3)+2(g2+su(2))+so(7)+2 su(2)"	"e7+e7'+2 su(3)+2(g2+su(2))+so(7)+2 su(2)"	20	181	0	1	0	0	0	0	0	0
16	140	"e7+e7'+su(3)+2(g2+su(2))+so(7)+2 su(2)"	"e7+e7'+2 su(3)+3(so(7)+2 su(2))"	21	177	2	1	0	0	0	0	0	0
16	140	"e7+e7'+su(3)+2(g2+su(2))+so(7)+2 su(2)"	"e7+e7'+2 su(3)+3(so(7)+2 su(2))"	22	177	2	1	0	0	0	0	0	0
16	140	"e7+e7'+su(3)+2(g2+su(2))+so(7)+2 su(2)"	"e7+e7'+2 su(3)+g2+su(2)+2(so(7)+2 su(2))"	20	179	1	1	0	0	0	0	0	0
16	140	"e7+e7'+su(3)+2(g2+su(2))+so(7)+2 su(2)"	"e7+e7'+2 su(3)+g2+su(2)+2(so(7)+2 su(2))"	21	179	1	1	0	0	0	0	0	0
16	140	"e7+e7'+su(3)+2(g2+su(2))+so(7)+2 su(2)"	"e7+e7'+3(g2+su(2))+so(7)+2 su(2)"	21	188	1	0	0	0	0	0	0	0
16	140	"e7+e7'+su(3)+2(g2+su(2))+so(7)+2 su(2)"	"e7+e7'+3(g2+su(2))+so(7)+2 su(2)"	22	188	1	0	0	0	0	0	0	0
16	140	"e7+e7'+su(3)+2(g2+su(2))+so(7)+2 su(2)"	"e7+e7'+4(so(7)+2 su(2))"	20	182	4	0	0	0	0	0	0	0
16	140	"e7+e7'+su(3)+2(g2+su(2))+so(7)+2 su(2)"	"e7+e7'+f4+3(g2+su(2))+so(7)+2 su(2)"	22	136	1	0	0	1	0	0	0	0
16	140	"e7+e7'+su(3)+2(g2+su(2))+so(7)+2 su(2)"	"e7+e7'+f4+su(3)+g2+su(2)+2(so(7)+2 su(2))"	22	135	1	0	0	1	0	0	0	0
16	140	"e7+e7'+su(3)+2(g2+su(2))+so(7)+2 su(2)"	"e7+e7'+g2+su(2)+3(so(7)+2 su(2))"	20	184	3	0	0	0	0	0	0	0
16	140	"e7+e7'+su(3)+2(g2+su(2))+so(7)+2 su(2)"	"e7+e7'+so(8)+2(g2+su(2))+2(so(7)+2 su(2))"	22	158	2	0	1	0	0	0	0	0
16	140	"e7+e7'+su(3)+2(g2+su(2))+so(7)+2 su(2)"	"e7+e7'+so(8)+3(g2+su(2))+so(7)+2 su(2)"	21	160	1	0	1	0	0	0	0	0
16	140	"e7+e7'+su(3)+2(g2+su(2))+so(7)+2 su(2)"	"e7+e7'+so(8)+3(g2+su(2))+so(7)+2 su(2)"	25	160	1	0	1	0	0	0	0	0
16	140	"e7+e7'+su(3)+2(g2+su(2))+so(7)+2 su(2)"	"e7+e7'+so(8)+su(3)+3(so(7)+2 su(2))"	22	157	2	0	1	0	0	0	0	0
16	140	"e7+e7'+su(3)+2(g2+su(2))+so(7)+2 su(2)"	"e7+e7'+so(8)+su(3)+g2+su(2)+2(so(7)+2 su(2))"	21	159	1	0	1	0	0	0	0	0
16	140	"e7+e7'+su(3)+2(g2+su(2))+so(7)+2 su(2)"	"e7+e7'+so(8)+su(3)+g2+su(2)+2(so(7)+2 su(2))"	22	159	1	0	1	0	0	0	0	0
16	140	"e7+e7'+su(3)+2(g2+su(2))+so(7)+2 su(2)"	"e7+e7'+so(8)+su(3)+g2+su(2)+2(so(7)+2 su(2))"	24	159	1	0	1	0	0	0	0	0
16	140	"e7+e7'+su(3)+2(g2+su(2))+so(7)+2 su(2)"	"e7+e7'+su(3)+2(g2+su(2))+2(so(7)+2 su(2))"	20	178	2	1	0	0	0	0	0	0
16	140	"e7+e7'+su(3)+2(g2+su(2))+so(7)+2 su(2)"	"e7+e7'+su(3)+2(g2+su(2))+2(so(7)+2 su(2))"	21	178	2	1	0	0	0	0	0	0
16	140	"e7+e7'+su(3)+2(g2+su(2))+so(7)+2 su(2)"	"e7+e7'+su(3)+3(g2+su(2))+so(7)+2 su(2)"	20	180	1	1	0	0	0	0	0	0
16	140	"e7+e7'+su(3)+2(g2+su(2))+so(7)+2 su(2)"	"e7+e7'+su(3)+3(g2+su(2))+so(7)+2 su(2)"	21	180	1	1	0	0	0	0	0	0
16	140	"e7+e7'+su(3)+2(g2+su(2))+so(7)+2 su(2)"	"e7+e7'+su(3)+3(so(7)+2 su(2))"	19	185	2	0	0	0	0	0	0	0
16	140	"e7+e7'+su(3)+2(g2+su(2))+so(7)+2 su(2)"	"e7+e7'+su(3)+3(so(7)+2 su(2))"	20	185	2	0	0	0	0	0	0	0
16	140	"e7+e7'+su(3)+2(g2+su(2))+so(7)+2 su(2)"	"e7+e7'+su(3)+g2+su(2)+2(so(7)+2 su(2))"	19	187	1	0	0	0	0	0	0	0
16	140	"e7+e7'+su(3)+2(g2+su(2))+so(7)+2 su(2)"	"e7+e7'+su(3)+g2+su(2)+2(so(7)+2 su(2))"	21	187	1	0	0	0	0	0	0	0
16	140	"e7+e7'+su(3)+2(g2+su(2))+so(7)+2 su(2)"	"e7+e7'+su(3)+g2+su(2)+2(so(7)+2 su(2))"	22	187	1	0	0	0	0	0	0	0
16	140	"e7+e7'+su(3)+2(g2+su(2))+so(7)+2 su(2)"	"e7+e7'+su(3)+g2+su(2)+2(so(7)+2 su(2))"	24	187	1	0	0	0	0	0	0	0
16	140	"e7+e7'+su(3)+2(g2+su(2))+so(7)+2 su(2)"	"e7+e7'+su(3)+g2+su(2)+3(so(7)+2 su(2))"	21	176	3	1	0	0	0	0	0	0
16	141	"e7+e6+f4+3(g2+su(2))"	"e7+e6+f4+2(g2+su(2))+so(7)+2 su(2)"	20	172	1	0	0	0	0	0	0	0
16	141	"e7+e6+f4+3(g2+su(2))"	"e7+e6+f4+2(g2+su(2))+so(7)+2 su(2)"	21	172	1	0	0	0	0	0	0	0
16	141	"e7+e6+f4+3(g2+su(2))"	"e7+e6+f4+2(g2+su(2))+so(7)+2 su(2)"	24	172	1	0	0	0	0	0	0	0
16	141	"e7+e6+f4+3(g2+su(2))"	"e7+e6+f4+4(g2+su(2))"	21	165	1	1	0	0	0	0	0	0
16	141	"e7+e6+f4+3(g2+su(2))"	"e7+e6+f4+4(g2+su(2))"	22	165	1	1	0	0	0	0	0	0
16	141	"e7+e6+f4+3(g2+su(2))"	"e7+e6+f4+4(g2+su(2))"	24	165	1	1	0	0	0	0	0	0
16	141	"e7+e6+f4+3(g2+su(2))"	"e7+e6+f4+so(8)+2(g2+su(2))+so(7)+2 su(2)"	21	144	1	0	1	0	0	0	0	0
16	141	"e7+e6+f4+3(g2+su(2))"	"e7+e6+f4+su(3)+2(g2+su(2))+so(7)+2 su(2)"	21	164	1	1	0	0	0	0	0	0
16	141	"e7+e6+f4+3(g2+su(2))"	"e7+e6+f4+su(3)+2(g2+su(2))+so(7)+2 su(2)"	23	164	1	1	0	0	0	0	0	0
16	141	"e7+e6+f4+3(g2+su(2))"	"e7+e6+f4+su(3)+2(g2+su(2))+so(7)+2 su(2)"	24	164	1	1	0	0	0	0	0	0
16	141	"e7+e6+f4+3(g2+su(2))"	"e7+e6+f4+su(3)+3(g2+su(2))"	20	166	0	1	0	0	0	0	0	0
16	142	"2 e7+g2+su(2)+so(7)+2 su(2)"	"2 e7+2(g2+su(2))+so(7)+2 su(2)"	21	169	1	1	0	0	0	0	0	0
16	142	"2 e7+g2+su(2)+so(7)+2 su(2)"	"2 e7+2(g2+su(2))+so(7)+2 su(2)"	22	169	1	1	0	0	0	0	0	0
16	143	"e7+f4+so(8)+3(g2+su(2))"	"2 e7+f4+so(8)+2(g2+su(2))+so(7)+2 su(2)"	23	89	1	0	0	0	0	0	1	0
16	143	"e7+f4+so(8)+3(g2+su(2))"	"2 e7+f4+so(8)+su(3)+2(g2+su(2))+so(7)+2 su(2)"	24	81	1	1	0	0	0	0	1	0
16	143	"e7+f4+so(8)+3(g2+su(2))"	"e7+2 f4+so(8)+2(g2+su(2))+so(7)+2 su(2)"	20	170	1	0	0	1	0	0	0	0
16	143	"e7+f4+so(8)+3(g2+su(2))"	"e7+2 f4+so(8)+su(3)+2(g2+su(2))+so(7)+2 su(2)"	21	162	1	1	0	1	0	0	0	0
16	143	"e7+f4+so(8)+3(g2+su(2))"	"e7+e6+f4+so(8)+2(g2+su(2))+so(7)+2 su(2)"	21	144	1	0	0	0	1	0	0	0
16	143	"e7+f4+so(8)+3(g2+su(2))"	"e7+e6+f4+so(8)+2(g2+su(2))+so(7)+2 su(2)"	23	144	1	0	0	0	1	0	0	0
16	143	"e7+f4+so(8)+3(g2+su(2))"	"e7+e6+f4+so(8)+su(3)+2(g2+su(2))+so(7)+2 su(2)"	22	136	1	1	0	0	1	0	0	0
16	143	"e7+f4+so(8)+3(g2+su(2))"	"e7+e6+f4+so(8)+su(3)+2(g2+su(2))+so(7)+2 su(2)"	24	136	1	1	0	0	1	0	0	0
16	143	"e7+f4+so(8)+3(g2+su(2))"	"e7+e7'+f4+so(8)+2(g2+su(2))+so(7)+2 su(2)"	22	117	1	0	0	0	0	1	0	0
16	143	"e7+f4+so(8)+3(g2+su(2))"	"e7+e7'+f4+so(8)+2(g2+su(2))+so(7)+2 su(2)"	23	117	1	0	0	0	0	1	0	0
16	143	"e7+f4+so(8)+3(g2+su(2))"	"e7+e7'+f4+so(8)+su(3)+2(g2+su(2))+so(7)+2 su(2)"	23	109	1	1	0	0	0	1	0	0
16	143	"e7+f4+so(8)+3(g2+su(2))"	"e7+f4+so(8)+2(g2+su(2))+so(7)+2 su(2)"	22	222	1	0	0	0	0	0	0	0
16	143	"e7+f4+so(8)+3(g2+su(2))"	"e7+f4+so(8)+2(g2+su(2))+so(7)+2 su(2)"	23	222	1	0	0	0	0	0	0	0
16	144	"e8+so(8)+3(g2+su(2))"	"e8+so(8)+4(g2+su(2))"	21	152	1	1	0	0	0	0	0	0
16	145	"e7+e6+f4+su(3)+g2+su(2)+so(7)+2 su(2)"	"e7+e6+f4+2 su(3)+2(g2+su(2))+so(7)+2 su(2)"	21	156	1	2	0	0	0	0	0	0
16	145	"e7+e6+f4+su(3)+g2+su(2)+so(7)+2 su(2)"	"e7+e6+f4+2 su(3)+2(so(7)+2 su(2))"	20	163	1	1	0	0	0	0	0	0
16	145	"e7+e6+f4+su(3)+g2+su(2)+so(7)+2 su(2)"	"e7+e6+f4+2 su(3)+2(so(7)+2 su(2))"	21	163	1	1	0	0	0	0	0	0
16	145	"e7+e6+f4+su(3)+g2+su(2)+so(7)+2 su(2)"	"e7+e6+f4+2 su(3)+2(so(7)+2 su(2))"	23	163	1	1	0	0	0	0	0	0
16	145	"e7+e6+f4+su(3)+g2+su(2)+so(7)+2 su(2)"	"e7+e6+f4+2 su(3)+2(so(7)+2 su(2))"	24	163	1	1	0	0	0	0	0	0
16	145	"e7+e6+f4+su(3)+g2+su(2)+so(7)+2 su(2)"	"e7+e6+f4+2 su(3)+g2+su(2)+2(so(7)+2 su(2))"	21	154	2	2	0	0	0	0	0	0
16	145	"e7+e6+f4+su(3)+g2+su(2)+so(7)+2 su(2)"	"e7+e6+f4+2 su(3)+g2+su(2)+so(7)+2 su(2)"	22	165	0	1	0	0	0	0	0	0
16	145	"e7+e6+f4+su(3)+g2+su(2)+so(7)+2 su(2)"	"e7+e6+f4+3 su(3)+2(so(7)+2 su(2))"	21	155	1	2	0	0	0	0	0	0
16	145	"e7+e6+f4+su(3)+g2+su(2)+so(7)+2 su(2)"	"e7+e6+f4+so(8)+su(3)+2(so(7)+2 su(2))"	21	143	1	0	1	0	0	0	0	0
16	145	"e7+e6+f4+su(3)+g2+su(2)+so(7)+2 su(2)"	"e7+e6+f4+so(8)+su(3)+2(so(7)+2 su(2))"	22	143	1	0	1	0	0	0	0	0
16	145	"e7+e6+f4+su(3)+g2+su(2)+so(7)+2 su(2)"	"e7+e6+f4+so(8)+su(3)+2(so(7)+2 su(2))"	23	143	1	0	1	0	0	0	0	0
16	145	"e7+e6+f4+su(3)+g2+su(2)+so(7)+2 su(2)"	"e7+e6+f4+su(3)+2(g2+su(2))+so(7)+2 su(2)"	20	164	1	1	0	0	0	0	0	0
16	145	"e7+e6+f4+su(3)+g2+su(2)+so(7)+2 su(2)"	"e7+e6+f4+su(3)+2(g2+su(2))+so(7)+2 su(2)"	21	164	1	1	0	0	0	0	0	0
16	145	"e7+e6+f4+su(3)+g2+su(2)+so(7)+2 su(2)"	"e7+e6+f4+su(3)+2(g2+su(2))+so(7)+2 su(2)"	22	164	1	1	0	0	0	0	0	0
16	145	"e7+e6+f4+su(3)+g2+su(2)+so(7)+2 su(2)"	"e7+e6+f4+su(3)+2(g2+su(2))+so(7)+2 su(2)"	23	164	1	1	0	0	0	0	0	0
16	145	"e7+e6+f4+su(3)+g2+su(2)+so(7)+2 su(2)"	"e7+e6+f4+su(3)+2(so(7)+2 su(2))"	20	171	1	0	0	0	0	0	0	0
16	145	"e7+e6+f4+su(3)+g2+su(2)+so(7)+2 su(2)"	"e7+e6+f4+su(3)+2(so(7)+2 su(2))"	21	171	1	0	0	0	0	0	0	0
16	145	"e7+e6+f4+su(3)+g2+su(2)+so(7)+2 su(2)"	"e7+e6+f4+su(3)+2(so(7)+2 su(2))"	22	171	1	0	0	0	0	0	0	0
16	145	"e7+e6+f4+su(3)+g2+su(2)+so(7)+2 su(2)"	"e7+e6+f4+su(3)+2(so(7)+2 su(2))"	23	171	1	0	0	0	0	0	0	0
16	145	"e7+e6+f4+su(3)+g2+su(2)+so(7)+2 su(2)"	"e7+e6+f4+su(3)+2(so(7)+2 su(2))"	24	171	1	0	0	0	0	0	0	0
16	145	"e7+e6+f4+su(3)+g2+su(2)+so(7)+2 su(2)"	"e7+e6+f4+su(3)+g2+su(2)+2(so(7)+2 su(2))"	20	162	2	1	0	0	0	0	0	0
16	147	"e7+e7'+f4+g2+su(2)+so(7)+2 su(2)"	"e7+e7'+f4+g2+su(2)+2(so(7)+2 su(2))"	21	143	1	1	0	0	0	0	0	0
16	147	"e7+e7'+f4+g2+su(2)+so(7)+2 su(2)"	"e7+e7'+f4+g2+su(2)+2(so(7)+2 su(2))"	26	143	1	1	0	0	0	0	0	0
16	147	"e7+e7'+f4+g2+su(2)+so(7)+2 su(2)"	"e7+e7'+f4+g2+su(2)+2(so(7)+2 su(2))"	28	143	1	1	0	0	0	0	0	0
16	148	"e7+e6+f4+3(g2+su(2))"	"e7+e6+f4+2(g2+su(2))+so(7)+2 su(2)"	20	172	1	0	0	0	0	0	0	0
16	148	"e7+e6+f4+3(g2+su(2))"	"e7+e6+f4+2(g2+su(2))+so(7)+2 su(2)"	21	172	1	0	0	0	0	0	0	0
16	148	"e7+e6+f4+3(g2+su(2))"	"e7+e6+f4+2(g2+su(2))+so(7)+2 su(2)"	22	172	1	0	0	0	0	0	0	0
16	148	"e7+e6+f4+3(g2+su(2))"	"e7+e6+f4+2(g2+su(2))+so(7)+2 su(2)"	24	172	1	0	0	0	0	0	0	0
16	148	"e7+e6+f4+3(g2+su(2))"	"e7+e6+f4+2 su(3)+2(g2+su(2))+so(7)+2 su(2)"	21	156	1	2	0	0	0	0	0	0
16	148	"e7+e6+f4+3(g2+su(2))"	"e7+e6+f4+4(g2+su(2))"	21	165	1	1	0	0	0	0	0	0
16	148	"e7+e6+f4+3(g2+su(2))"	"e7+e6+f4+4(g2+su(2))"	22	165	1	1	0	0	0	0	0	0
16	148	"e7+e6+f4+3(g2+su(2))"	"e7+e6+f4+4(g2+su(2))"	23	165	1	1	0	0	0	0	0	0
16	148	"e7+e6+f4+3(g2+su(2))"	"e7+e6+f4+so(8)+2(g2+su(2))+so(7)+2 su(2)"	21	144	1	0	1	0	0	0	0	0
16	148	"e7+e6+f4+3(g2+su(2))"	"e7+e6+f4+so(8)+2(g2+su(2))+so(7)+2 su(2)"	22	144	1	0	1	0	0	0	0	0
16	148	"e7+e6+f4+3(g2+su(2))"	"e7+e6+f4+su(3)+2(g2+su(2))+so(7)+2 su(2)"	20	164	1	1	0	0	0	0	0	0
16	148	"e7+e6+f4+3(g2+su(2))"	"e7+e6+f4+su(3)+2(g2+su(2))+so(7)+2 su(2)"	21	164	1	1	0	0	0	0	0	0
16	148	"e7+e6+f4+3(g2+su(2))"	"e7+e6+f4+su(3)+2(g2+su(2))+so(7)+2 su(2)"	23	164	1	1	0	0	0	0	0	0
16	148	"e7+e6+f4+3(g2+su(2))"	"e7+e6+f4+su(3)+2(g2+su(2))+so(7)+2 su(2)"	24	164	1	1	0	0	0	0	0	0
16	148	"e7+e6+f4+3(g2+su(2))"	"e7+e6+f4+su(3)+3(g2+su(2))"	22	166	0	1	0	0	0	0	0	0
16	148	"e7+e6+f4+3(g2+su(2))"	"e7+e6+f4+su(3)+4(g2+su(2))"	21	157	1	2	0	0	0	0	0	0
16	158	"e7+e6+f4+g2+su(2)+so(7)+2 su(2)"	"e7+e6+f4+g2+su(2)+2(so(7)+2 su(2))"	20	170	1	1	0	0	0	0	0	0
16	158	"e7+e6+f4+g2+su(2)+so(7)+2 su(2)"	"e7+e6+f4+g2+su(2)+2(so(7)+2 su(2))"	21	170	1	1	0	0	0	0	0	0
16	159	"e7+e6+f4+2(so(7)+2 su(2))"	"e7+e6+f4+3(so(7)+2 su(2))"	20	168	1	1	0	0	0	0	0	0
16	159	"e7+e6+f4+2(so(7)+2 su(2))"	"e7+e6+f4+3(so(7)+2 su(2))"	21	168	1	1	0	0	0	0	0	0
16	159	"e7+e6+f4+2(so(7)+2 su(2))"	"e7+e6+f4+g2+su(2)+2(so(7)+2 su(2))"	20	170	1	1	0	0	0	0	0	0
16	160	"e7+e6+f4+su(3)+2(g2+su(2))"	"e7+e6+f4+2 su(3)+2(g2+su(2))"	21	167	0	1	0	0	0	0	0	0
16	160	"e7+e6+f4+su(3)+2(g2+su(2))"	"e7+e6+f4+2 su(3)+2(g2+su(2))+so(7)+2 su(2)"	22	156	1	2	0	0	0	0	0	0
16	160	"e7+e6+f4+su(3)+2(g2+su(2))"	"e7+e6+f4+2 su(3)+g2+su(2)+2(so(7)+2 su(2))"	22	154	2	2	0	0	0	0	0	0
16	160	"e7+e6+f4+su(3)+2(g2+su(2))"	"e7+e6+f4+2 su(3)+g2+su(2)+so(7)+2 su(2)"	21	165	1	1	0	0	0	0	0	0
16	160	"e7+e6+f4+su(3)+2(g2+su(2))"	"e7+e6+f4+2 su(3)+g2+su(2)+so(7)+2 su(2)"	22	165	1	1	0	0	0	0	0	0
16	160	"e7+e6+f4+su(3)+2(g2+su(2))"	"e7+e6+f4+2 su(3)+g2+su(2)+so(7)+2 su(2)"	24	165	1	1	0	0	0	0	0	0
16	160	"e7+e6+f4+su(3)+2(g2+su(2))"	"e7+e6+f4+so(8)+su(3)+g2+su(2)+so(7)+2 su(2)"	22	145	1	0	1	0	0	0	0	0
16	160	"e7+e6+f4+su(3)+2(g2+su(2))"	"e7+e6+f4+su(3)+2(g2+su(2))+so(7)+2 su(2)"	21	164	1	1	0	0	0	0	0	0
16	160	"e7+e6+f4+su(3)+2(g2+su(2))"	"e7+e6+f4+su(3)+3(g2+su(2))"	22	166	1	1	0	0	0	0	0	0
16	160	"e7+e6+f4+su(3)+2(g2+su(2))"	"e7+e6+f4+su(3)+4(g2+su(2))"	22	157	1	2	0	0	0	0	0	0
16	160	"e7+e6+f4+su(3)+2(g2+su(2))"	"e7+e6+f4+su(3)+g2+su(2)+2(so(7)+2 su(2))"	21	162	2	1	0	0	0	0	0	0
16	160	"e7+e6+f4+su(3)+2(g2+su(2))"	"e7+e6+f4+su(3)+g2+su(2)+so(7)+2 su(2)"	21	173	1	0	0	0	0	0	0	0
16	160	"e7+e6+f4+su(3)+2(g2+su(2))"	"e7+e6+f4+su(3)+g2+su(2)+so(7)+2 su(2)"	22	173	1	0	0	0	0	0	0	0
16	160	"e7+e6+f4+su(3)+2(g2+su(2))"	"e7+e6+f4+su(3)+g2+su(2)+so(7)+2 su(2)"	24	173	1	0	0	0	0	0	0	0
16	163	"e8+so(8)+3(g2+su(2))"	"e8+so(8)+4(g2+su(2))"	21	152	1	1	0	0	0	0	0	0
16	163	"e8+so(8)+3(g2+su(2))"	"e8+so(8)+4(g2+su(2))"	25	152	1	1	0	0	0	0	0	0
16	163	"e8+so(8)+3(g2+su(2))"	"e8+so(8)+su(3)+3(g2+su(2))"	25	153	0	1	0	0	0	0	0	0
16	164	"e8+so(8)+su(3)+3(g2+su(2))"	"e8+so(8)+3(g2+su(2))+so(7)+2 su(2)"	21	150	2	0	0	0	0	0	0	0
16	164	"e8+so(8)+su(3)+3(g2+su(2))"	"e8+so(8)+3(g2+su(2))+so(7)+2 su(2)"	22	150	2	0	0	0	0	0	0	0
16	164	"e8+so(8)+su(3)+3(g2+su(2))"	"e8+so(8)+4(g2+su(2))"	21	152	1	0	0	0	0	0	0	0
16	164	"e8+so(8)+su(3)+3(g2+su(2))"	"e8+so(8)+4(g2+su(2))"	22	152	1	0	0	0	0	0	0	0
16	164	"e8+so(8)+su(3)+3(g2+su(2))"	"e8+so(8)+su(3)+2(g2+su(2))+so(7)+2 su(2)"	21	151	1	0	0	0	0	0	0	0
16	167	"2 e6+f4+5 su(3)"	"2 e6+2 f4+3 su(3)+2(g2+su(2))"	21	162	2	0	0	1	0	0	0	0
16	167	"2 e6+f4+5 su(3)"	"2 e6+2 f4+3 su(3)+2(g2+su(2))"	22	162	2	0	0	1	0	0	0	0
16	167	"2 e6+f4+5 su(3)"	"2 e6+2 f4+3 su(3)+2(g2+su(2))"	25	162	2	0	0	1	0	0	0	0
16	167	"2 e6+f4+5 su(3)"	"2 e6+2 f4+3 su(3)+g2+su(2)+so(7)+2 su(2)"	22	160	3	0	0	1	0	0	0	0
16	167	"2 e6+f4+5 su(3)"	"2 e6+2 f4+4 su(3)+g2+su(2)"	21	163	1	0	0	1	0	0	0	0
16	167	"2 e6+f4+5 su(3)"	"2 e6+2 f4+4 su(3)+g2+su(2)"	25	163	1	0	0	1	0	0	0	0
16	167	"2 e6+f4+5 su(3)"	"2 e6+2 f4+4 su(3)+so(7)+2 su(2)"	25	161	2	0	0	1	0	0	0	0
16	167	"2 e6+f4+5 su(3)"	"2 e6+2 f4+5 su(3)+g2+su(2)"	23	155	1	1	0	1	0	0	0	0
16	167	"2 e6+f4+5 su(3)"	"2 e6+f4+4 su(3)+g2+su(2)"	21	215	1	0	0	0	0	0	0	0
16	167	"2 e6+f4+5 su(3)"	"2 e6+f4+4 su(3)+g2+su(2)"	22	215	1	0	0	0	0	0	0	0
16	167	"2 e6+f4+5 su(3)"	"2 e6+f4+4 su(3)+g2+su(2)"	24	215	1	0	0	0	0	0	0	0
16	167	"2 e6+f4+5 su(3)"	"3 e6+f4+4 su(3)+g2+su(2)"	22	137	1	0	0	0	1	0	0	0
16	167	"2 e6+f4+5 su(3)"	"3 e6+f4+4 su(3)+so(7)+2 su(2)"	22	135	2	0	0	0	1	0	0	0
16	168	"2 e7+su(3)+g2+su(2)+so(7)+2 su(2)"	"2 e7+2(g2+su(2))+so(7)+2 su(2)"	20	169	1	0	0	0	0	0	0	0
16	168	"2 e7+su(3)+g2+su(2)+so(7)+2 su(2)"	"2 e7+2(g2+su(2))+so(7)+2 su(2)"	22	169	1	0	0	0	0	0	0	0
16	168	"2 e7+su(3)+g2+su(2)+so(7)+2 su(2)"	"2 e7+su(3)+2(so(7)+2 su(2))"	20	168	1	0	0	0	0	0	0	0
16	168	"2 e7+su(3)+g2+su(2)+so(7)+2 su(2)"	"2 e7+su(3)+2(so(7)+2 su(2))"	22	168	1	0	0	0	0	0	0	0
16	169	"e8+so(8)+su(3)+3(g2+su(2))"	"e8+so(8)+3(g2+su(2))+so(7)+2 su(2)"	21	150	2	0	0	0	0	0	0	0
16	169	"e8+so(8)+su(3)+3(g2+su(2))"	"e8+so(8)+3(g2+su(2))+so(7)+2 su(2)"	22	150	2	0	0	0	0	0	0	0
16	169	"e8+so(8)+su(3)+3(g2+su(2))"	"e8+so(8)+4(g2+su(2))"	21	152	1	0	0	0	0	0	0	0
16	169	"e8+so(8)+su(3)+3(g2+su(2))"	"e8+so(8)+su(3)+2(g2+su(2))+so(7)+2 su(2)"	21	151	1	0	0	0	0	0	0	0
16	182	"3 e6+4 su(3)"	"3 e6+4 su(3)+so(7)+2 su(2)"	19	187	1	1	0	0	0	0	0	0
16	183	"3 e6+3 su(3)"	"3 e6+5 su(3)+so(7)+2 su(2)"	20	179	1	3	0	0	0	0	0	0
16	183	"3 e6+3 su(3)"	"3 e6+f4+3 su(3)+so(7)+2 su(2)"	21	143	1	1	0	1	0	0	0	0
16	183	"3 e6+3 su(3)"	"3 e6+f4+3 su(3)+so(7)+2 su(2)"	22	143	1	1	0	1	0	0	0	0
16	183	"3 e6+3 su(3)"	"3 e6+f4+3 su(3)+so(7)+2 su(2)"	23	143	1	1	0	1	0	0	0	0
16	183	"3 e6+3 su(3)"	"3 e6+f4+3 su(3)+so(7)+2 su(2)"	24	143	1	1	0	1	0	0	0	0
16	183	"3 e6+3 su(3)"	"3 e6+so(8)+3 su(3)+so(7)+2 su(2)"	21	167	1	1	1	0	0	0	0	0
16	183	"3 e6+3 su(3)"	"3 e6+so(8)+3 su(3)+so(7)+2 su(2)"	23	167	1	1	1	0	0	0	0	0
16	183	"3 e6+3 su(3)"	"3 e6+so(8)+4 su(3)+so(7)+2 su(2)"	23	159	1	2	1	0	0	0	0	0
16	183	"3 e6+3 su(3)"	"4 e6+3 su(3)+so(7)+2 su(2)"	22	117	1	1	0	0	1	0	0	0
16	183	"3 e6+3 su(3)"	"4 e6+3 su(3)+so(7)+2 su(2)"	23	117	1	1	0	0	1	0	0	0
16	183	"3 e6+3 su(3)"	"4 e6+3 su(3)+so(7)+2 su(2)"	24	117	1	1	0	0	1	0	0	0
16	183	"3 e6+3 su(3)"	"4 e6+3 su(3)+so(7)+2 su(2)"	25	117	1	1	0	0	1	0	0	0
16	184	"e7+2 e6+su(3)+so(7)+2 su(2)"	"e7+2 e6+2 su(3)+2(so(7)+2 su(2))"	21	137	1	2	0	0	0	0	0	0
16	184	"e7+2 e6+su(3)+so(7)+2 su(2)"	"e7+2 e6+2 su(3)+2(so(7)+2 su(2))"	22	137	1	2	0	0	0	0	0	0
16	184	"e7+2 e6+su(3)+so(7)+2 su(2)"	"e7+2 e6+2 su(3)+2(so(7)+2 su(2))"	34	137	1	2	0	0	0	0	0	0
16	184	"e7+2 e6+su(3)+so(7)+2 su(2)"	"e7+2 e6+su(3)+2(so(7)+2 su(2))"	21	145	1	1	0	0	0	0	0	0
16	184	"e7+2 e6+su(3)+so(7)+2 su(2)"	"e7+2 e6+su(3)+2(so(7)+2 su(2))"	22	145	1	1	0	0	0	0	0	0
16	184	"e7+2 e6+su(3)+so(7)+2 su(2)"	"e7+2 e6+su(3)+2(so(7)+2 su(2))"	24	145	1	1	0	0	0	0	0	0
16	184	"e7+2 e6+su(3)+so(7)+2 su(2)"	"e7+2 e6+su(3)+2(so(7)+2 su(2))"	26	145	1	1	0	0	0	0	0	0
16	195	"3 e6+4 su(3)"	"3 e6+f4+4 su(3)+g2+su(2)"	21	137	1	1	0	1	0	0	0	0
16	195	"3 e6+4 su(3)"	"3 e6+f4+4 su(3)+g2+su(2)"	22	137	1	1	0	1	0	0	0	0
16	195	"3 e6+4 su(3)"	"3 e6+f4+4 su(3)+g2+su(2)"	23	137	1	1	0	1	0	0	0	0
16	195	"3 e6+4 su(3)"	"3 e6+f4+4 su(3)+g2+su(2)"	66	137	1	1	0	1	0	0	0	0
16	195	"3 e6+4 su(3)"	"3 e6+f4+5 su(3)"	21	138	0	1	0	1	0	0	0	0
16	195	"3 e6+4 su(3)"	"3 e6+f4+5 su(3)"	43	138	0	1	0	1	0	0	0	0
16	195	"3 e6+4 su(3)"	"3 e6+f4+5 su(3)"	56	138	0	1	0	1	0	0	0	0
16	195	"3 e6+4 su(3)"	"3 e6+so(8)+4 su(3)+g2+su(2)"	21	161	1	1	1	0	0	0	0	0
16	195	"3 e6+4 su(3)"	"3 e6+so(8)+4 su(3)+g2+su(2)"	22	161	1	1	1	0	0	0	0	0
16	195	"3 e6+4 su(3)"	"3 e6+so(8)+4 su(3)+g2+su(2)"	24	161	1	1	1	0	0	0	0	0
16	195	"3 e6+4 su(3)"	"3 e6+so(8)+4 su(3)+g2+su(2)"	28	161	1	1	1	0	0	0	0	0
16	195	"3 e6+4 su(3)"	"3 e6+so(8)+5 su(3)"	22	162	0	1	1	0	0	0	0	0
16	195	"3 e6+4 su(3)"	"3 e6+so(8)+5 su(3)"	23	162	0	1	1	0	0	0	0	0
16	195	"3 e6+4 su(3)"	"4 e6+4 su(3)+g2+su(2)"	22	111	1	1	0	0	1	0	0	0
16	195	"3 e6+4 su(3)"	"4 e6+4 su(3)+g2+su(2)"	23	111	1	1	0	0	1	0	0	0
16	195	"3 e6+4 su(3)"	"4 e6+4 su(3)+g2+su(2)"	26	111	1	1	0	0	1	0	0	0
16	195	"3 e6+4 su(3)"	"4 e6+5 su(3)"	22	112	0	1	0	0	1	0	0	0
16	195	"3 e6+4 su(3)"	"4 e6+5 su(3)"	25	112	0	1	0	0	1	0	0	0
16	195	"3 e6+4 su(3)"	"4 e6+5 su(3)"	26	112	0	1	0	0	1	0	0	0
16	196	"3 e6+3 su(3)"	"3 e6+4 su(3)+2(g2+su(2))"	21	180	1	3	0	0	0	0	0	0
16	196	"3 e6+3 su(3)"	"3 e6+4 su(3)+g2+su(2)"	19	189	0	2	0	0	0	0	0	0
16	196	"3 e6+3 su(3)"	"3 e6+5 su(3)"	19	190	0	2	0	0	0	0	0	0
16	196	"3 e6+3 su(3)"	"3 e6+5 su(3)+g2+su(2)"	20	181	0	3	0	0	0	0	0	0
16	197	"2 e6+f4+so(8)+3 su(3)"	"2 e6+f4+2 so(8)+3 su(3)+g2+su(2)"	20	167	1	1	1	0	0	0	0	0
16	198	"3 e6+f4+3 su(3)"	"3 e6+f4+3 su(3)+g2+su(2)"	21	145	1	1	0	0	0	0	0	0
16	198	"3 e6+f4+3 su(3)"	"3 e6+f4+3 su(3)+g2+su(2)"	26	145	1	1	0	0	0	0	0	0
16	198	"3 e6+f4+3 su(3)"	"3 e6+f4+4 su(3)+g2+su(2)"	21	137	1	2	0	0	0	0	0	0
16	204	"e7'+2 e6+2 su(3)+so(7)+2 su(2)"	"e7'+2 e6+2 su(3)+2(so(7)+2 su(2))"	21	165	2	1	0	0	0	0	0	0
16	204	"e7'+2 e6+2 su(3)+so(7)+2 su(2)"	"e7'+2 e6+2 su(3)+g2+su(2)+so(7)+2 su(2)"	21	167	1	1	0	0	0	0	0	0
16	204	"e7'+2 e6+2 su(3)+so(7)+2 su(2)"	"e7'+2 e6+2 su(3)+g2+su(2)+so(7)+2 su(2)"	23	167	1	1	0	0	0	0	0	0
16	208	"3 e6+2 su(3)+g2+su(2)"	"3 e6+2 su(3)+so(7)+2 su(2)"	21	203	1	0	0	0	0	0	0	0
16	208	"3 e6+2 su(3)+g2+su(2)"	"3 e6+2 su(3)+so(7)+2 su(2)"	22	203	1	0	0	0	0	0	0	0
16	208	"3 e6+2 su(3)+g2+su(2)"	"3 e6+2 su(3)+so(7)+2 su(2)"	24	203	1	0	0	0	0	0	0	0
16	208	"3 e6+2 su(3)+g2+su(2)"	"3 e6+3 su(3)+2(so(7)+2 su(2))"	20	184	2	2	0	0	0	0	0	0
16	208	"3 e6+2 su(3)+g2+su(2)"	"3 e6+f4+2 su(3)+g2+su(2)+so(7)+2 su(2)"	21	142	1	1	0	1	0	0	0	0
16	208	"3 e6+2 su(3)+g2+su(2)"	"3 e6+f4+2 su(3)+g2+su(2)+so(7)+2 su(2)"	24	142	1	1	0	1	0	0	0	0
16	208	"3 e6+2 su(3)+g2+su(2)"	"3 e6+so(8)+2 su(3)+g2+su(2)+so(7)+2 su(2)"	20	166	1	1	1	0	0	0	0	0
16	208	"3 e6+2 su(3)+g2+su(2)"	"3 e6+so(8)+2 su(3)+g2+su(2)+so(7)+2 su(2)"	21	166	1	1	1	0	0	0	0	0
16	208	"3 e6+2 su(3)+g2+su(2)"	"3 e6+so(8)+2 su(3)+g2+su(2)+so(7)+2 su(2)"	22	166	1	1	1	0	0	0	0	0
16	208	"3 e6+2 su(3)+g2+su(2)"	"3 e6+so(8)+2 su(3)+g2+su(2)+so(7)+2 su(2)"	23	166	1	1	1	0	0	0	0	0
16	208	"3 e6+2 su(3)+g2+su(2)"	"3 e6+so(8)+2 su(3)+so(7)+2 su(2)"	20	175	1	0	1	0	0	0	0	0
16	208	"3 e6+2 su(3)+g2+su(2)"	"3 e6+so(8)+2 su(3)+so(7)+2 su(2)"	22	175	1	0	1	0	0	0	0	0
16	208	"3 e6+2 su(3)+g2+su(2)"	"3 e6+so(8)+2 su(3)+so(7)+2 su(2)"	23	175	1	0	1	0	0	0	0	0
16	208	"3 e6+2 su(3)+g2+su(2)"	"3 e6+so(8)+3 su(3)+so(7)+2 su(2)"	20	167	1	1	1	0	0	0	0	0
16	209	"3 e6+4 su(3)"	"3 e6+3 su(3)+g2+su(2)"	21	197	1	0	0	0	0	0	0	0
16	209	"3 e6+4 su(3)"	"3 e6+3 su(3)+g2+su(2)"	22	197	1	0	0	0	0	0	0	0
16	210	"e7+e7'+so(8)+g2+su(2)+so(7)+2 su(2)"	"e7+e7'+so(8)+2(so(7)+2 su(2))"	20	176	1	0	0	0	0	0	0	0
16	210	"e7+e7'+so(8)+g2+su(2)+so(7)+2 su(2)"	"e7+e7'+so(8)+2(so(7)+2 su(2))"	21	176	1	0	0	0	0	0	0	0
16	210	"e7+e7'+so(8)+g2+su(2)+so(7)+2 su(2)"	"e7+e7'+so(8)+2(so(7)+2 su(2))"	22	176	1	0	0	0	0	0	0	0
16	210	"e7+e7'+so(8)+g2+su(2)+so(7)+2 su(2)"	"e7+e7'+so(8)+2(so(7)+2 su(2))"	23	176	1	0	0	0	0	0	0	0
16	210	"e7+e7'+so(8)+g2+su(2)+so(7)+2 su(2)"	"e7+e7'+so(8)+3(so(7)+2 su(2))"	22	165	2	1	0	0	0	0	0	0
16	210	"e7+e7'+so(8)+g2+su(2)+so(7)+2 su(2)"	"e7+e7'+so(8)+g2+su(2)+2(so(7)+2 su(2))"	22	167	1	1	0	0	0	0	0	0
16	210	"e7+e7'+so(8)+g2+su(2)+so(7)+2 su(2)"	"e7+e7'+so(8)+g2+su(2)+2(so(7)+2 su(2))"	23	167	1	1	0	0	0	0	0	0
16	210	"e7+e7'+so(8)+g2+su(2)+so(7)+2 su(2)"	"e7+e7'+so(8)+su(3)+2(so(7)+2 su(2))"	21	168	1	1	0	0	0	0	0	0
16	210	"e7+e7'+so(8)+g2+su(2)+so(7)+2 su(2)"	"e7+e7'+so(8)+su(3)+2(so(7)+2 su(2))"	22	168	1	1	0	0	0	0	0	0
16	210	"e7+e7'+so(8)+g2+su(2)+so(7)+2 su(2)"	"e7+e7'+so(8)+su(3)+2(so(7)+2 su(2))"	23	168	1	1	0	0	0	0	0	0
16	210	"e7+e7'+so(8)+g2+su(2)+so(7)+2 su(2)"	"e7+e7'+so(8)+su(3)+g2+su(2)+2(so(7)+2 su(2))"	26	159	1	2	0	0	0	0	0	0
16	211	"e7+e7'+so(8)+2(so(7)+2 su(2))"	"e7+e7'+so(8)+3(so(7)+2 su(2))"	22	165	1	1	0	0	0	0	0	0
16	211	"e7+e7'+so(8)+2(so(7)+2 su(2))"	"e7+e7'+so(8)+3(so(7)+2 su(2))"	23	165	1	1	0	0	0	0	0	0
16	211	"e7+e7'+so(8)+2(so(7)+2 su(2))"	"e7+e7'+so(8)+3(so(7)+2 su(2))"	24	165	1	1	0	0	0	0	0	0
16	212	"e7+2 e6+su(3)+so(7)+2 su(2)"	"e7+2 e6+su(3)+2(so(7)+2 su(2))"	21	145	1	1	0	0	0	0	0	0
16	212	"e7+2 e6+su(3)+so(7)+2 su(2)"	"e7+2 e6+su(3)+2(so(7)+2 su(2))"	22	145	1	1	0	0	0	0	0	0
16	212	"e7+2 e6+su(3)+so(7)+2 su(2)"	"e7+2 e6+su(3)+2(so(7)+2 su(2))"	23	145	1	1	0	0	0	0	0	0
16	220	"3 e6+f4+4 su(3)"	"3 e6+f4+3 su(3)+g2+su(2)"	21	145	1	0	0	0	0	0	0	0
16	223	"e7+2 e6+2 su(3)+so(7)+2 su(2)"	"e7+2 e6+2 su(3)+2(so(7)+2 su(2))"	21	137	1	1	0	0	0	0	0	0
16	225	"e7+2 e6+su(3)+g2+su(2)+so(7)+2 su(2)"	"e7+2 e6+su(3)+2(so(7)+2 su(2))"	21	145	1	0	0	0	0	0	0	0
16	225	"e7+2 e6+su(3)+g2+su(2)+so(7)+2 su(2)"	"e7+2 e6+su(3)+2(so(7)+2 su(2))"	22	145	1	0	0	0	0	0	0	0
16	225	"e7+2 e6+su(3)+g2+su(2)+so(7)+2 su(2)"	"e7+2 e6+su(3)+2(so(7)+2 su(2))"	23	145	1	0	0	0	0	0	0	0
16	226	"3 e6+f4+3 su(3)"	"3 e6+f4+3 su(3)+so(7)+2 su(2)"	21	143	1	1	0	0	0	0	0	0
16	227	"e7+e6+so(8)+su(3)+2(so(7)+2 su(2))"	"e7+e6+so(8)+3 su(3)+2(so(7)+2 su(2))"	20	179	0	2	0	0	0	0	0	0
16	229	"e7'+2 e6+2 su(3)+so(7)+2 su(2)"	"e7'+2 e6+2 su(3)+2(g2+su(2))+so(7)+2 su(2)"	21	158	1	2	0	0	0	0	0	0
16	229	"e7'+2 e6+2 su(3)+so(7)+2 su(2)"	"e7'+2 e6+2 su(3)+2(so(7)+2 su(2))"	20	165	1	1	0	0	0	0	0	0
16	229	"e7'+2 e6+2 su(3)+so(7)+2 su(2)"	"e7'+2 e6+2 su(3)+g2+su(2)+2(so(7)+2 su(2))"	22	156	2	2	0	0	0	0	0	0
16	229	"e7'+2 e6+2 su(3)+so(7)+2 su(2)"	"e7'+2 e6+2 su(3)+g2+su(2)+so(7)+2 su(2)"	21	167	1	1	0	0	0	0	0	0
16	229	"e7'+2 e6+2 su(3)+so(7)+2 su(2)"	"e7'+2 e6+2 su(3)+g2+su(2)+so(7)+2 su(2)"	22	167	1	1	0	0	0	0	0	0
16	229	"e7'+2 e6+2 su(3)+so(7)+2 su(2)"	"e7'+2 e6+3 su(3)+2(so(7)+2 su(2))"	21	157	1	2	0	0	0	0	0	0
16	229	"e7'+2 e6+2 su(3)+so(7)+2 su(2)"	"e7'+2 e6+4 su(3)+2(so(7)+2 su(2))"	26	149	1	3	0	0	0	0	0	0
16	229	"e7'+2 e6+2 su(3)+so(7)+2 su(2)"	"e7'+2 e6+so(8)+2 su(3)+2(so(7)+2 su(2))"	21	137	1	1	1	0	0	0	0	0
16	230	"3 e6+2 su(3)+g2+su(2)"	"3 e6+2 su(3)+g2+su(2)+so(7)+2 su(2)"	19	194	1	1	0	0	0	0	0	0
16	230	"3 e6+2 su(3)+g2+su(2)"	"3 e6+2 su(3)+so(7)+2 su(2)"	21	203	1	0	0	0	0	0	0	0
16	230	"3 e6+2 su(3)+g2+su(2)"	"3 e6+2 su(3)+so(7)+2 su(2)"	22	203	1	0	0	0	0	0	0	0
16	230	"3 e6+2 su(3)+g2+su(2)"	"3 e6+2 su(3)+so(7)+2 su(2)"	24	203	1	0	0	0	0	0	0	0
16	230	"3 e6+2 su(3)+g2+su(2)"	"3 e6+3 su(3)+2(g2+su(2))"	19	188	0	2	0	0	0	0	0	0
16	230	"3 e6+2 su(3)+g2+su(2)"	"3 e6+so(8)+2 su(3)+g2+su(2)+so(7)+2 su(2)"	21	166	1	1	1	0	0	0	0	0
16	230	"3 e6+2 su(3)+g2+su(2)"	"3 e6+so(8)+2 su(3)+so(7)+2 su(2)"	20	175	1	0	1	0	0	0	0	0
16	231	"e7+e7'+so(8)+2(g2+su(2))+so(7)+2 su(2)"	"e7+e7'+so(8)+3(g2+su(2))+so(7)+2 su(2)"	21	160	1	1	0	0	0	0	0	0
16	231	"e7+e7'+so(8)+2(g2+su(2))+so(7)+2 su(2)"	"e7+e7'+so(8)+3(g2+su(2))+so(7)+2 su(2)"	25	160	1	1	0	0	0	0	0	0
16	231	"e7+e7'+so(8)+2(g2+su(2))+so(7)+2 su(2)"	"e7+e7'+so(8)+3(so(7)+2 su(2))"	21	165	2	0	0	0	0	0	0	0
16	231	"e7+e7'+so(8)+2(g2+su(2))+so(7)+2 su(2)"	"e7+e7'+so(8)+3(so(7)+2 su(2))"	22	165	2	0	0	0	0	0	0	0
16	231	"e7+e7'+so(8)+2(g2+su(2))+so(7)+2 su(2)"	"e7+e7'+so(8)+g2+su(2)+2(so(7)+2 su(2))"	20	167	1	0	0	0	0	0	0	0
16	231	"e7+e7'+so(8)+2(g2+su(2))+so(7)+2 su(2)"	"e7+e7'+so(8)+g2+su(2)+2(so(7)+2 su(2))"	21	167	1	0	0	0	0	0	0	0
16	231	"e7+e7'+so(8)+2(g2+su(2))+so(7)+2 su(2)"	"e7+e7'+so(8)+g2+su(2)+2(so(7)+2 su(2))"	24	167	1	0	0	0	0	0	0	0
16	231	"e7+e7'+so(8)+2(g2+su(2))+so(7)+2 su(2)"	"e7+e7'+so(8)+su(3)+2(g2+su(2))+so(7)+2 su(2)"	25	161	0	1	0	0	0	0	0	0
16	231	"e7+e7'+so(8)+2(g2+su(2))+so(7)+2 su(2)"	"e7+e7'+so(8)+su(3)+3(so(7)+2 su(2))"	22	157	2	1	0	0	0	0	0	0
16	231	"e7+e7'+so(8)+2(g2+su(2))+so(7)+2 su(2)"	"e7+e7'+so(8)+su(3)+g2+su(2)+2(so(7)+2 su(2))"	21	159	1	1	0	0	0	0	0	0
16	231	"e7+e7'+so(8)+2(g2+su(2))+so(7)+2 su(2)"	"e7+e7'+so(8)+su(3)+g2+su(2)+2(so(7)+2 su(2))"	22	159	1	1	0	0	0	0	0	0
16	231	"e7+e7'+so(8)+2(g2+su(2))+so(7)+2 su(2)"	"e7+e7'+so(8)+su(3)+g2+su(2)+2(so(7)+2 su(2))"	24	159	1	1	0	0	0	0	0	0
16	233	"e7+e6+so(8)+su(3)+g2+su(2)+so(7)+2 su(2)"	"e7+2 e6+so(8)+2 su(3)+2(so(7)+2 su(2))"	22	109	1	1	0	0	1	0	0	0
16	233	"e7+e6+so(8)+su(3)+g2+su(2)+so(7)+2 su(2)"	"e7+2 e6+so(8)+2 su(3)+2(so(7)+2 su(2))"	23	109	1	1	0	0	1	0	0	0
16	233	"e7+e6+so(8)+su(3)+g2+su(2)+so(7)+2 su(2)"	"e7+2 e6+so(8)+su(3)+2(so(7)+2 su(2))"	22	117	1	0	0	0	1	0	0	0
16	233	"e7+e6+so(8)+su(3)+g2+su(2)+so(7)+2 su(2)"	"e7+2 e6+so(8)+su(3)+2(so(7)+2 su(2))"	23	117	1	0	0	0	1	0	0	0
16	233	"e7+e6+so(8)+su(3)+g2+su(2)+so(7)+2 su(2)"	"e7+e6+2 so(8)+2 su(3)+2(so(7)+2 su(2))"	21	159	1	1	1	0	0	0	0	0
16	233	"e7+e6+so(8)+su(3)+g2+su(2)+so(7)+2 su(2)"	"e7+e6+2 so(8)+2 su(3)+2(so(7)+2 su(2))"	22	159	1	1	1	0	0	0	0	0
16	233	"e7+e6+so(8)+su(3)+g2+su(2)+so(7)+2 su(2)"	"e7+e6+2 so(8)+2 su(3)+2(so(7)+2 su(2))"	23	159	1	1	1	0	0	0	0	0
16	233	"e7+e6+so(8)+su(3)+g2+su(2)+so(7)+2 su(2)"	"e7+e6+2 so(8)+2 su(3)+2(so(7)+2 su(2))"	28	159	1	1	1	0	0	0	0	0
16	233	"e7+e6+so(8)+su(3)+g2+su(2)+so(7)+2 su(2)"	"e7+e6+2 so(8)+3 su(3)+2(so(7)+2 su(2))"	25	151	1	2	1	0	0	0	0	0
16	233	"e7+e6+so(8)+su(3)+g2+su(2)+so(7)+2 su(2)"	"e7+e6+2 so(8)+3 su(3)+2(so(7)+2 su(2))"	26	151	1	2	1	0	0	0	0	0
16	233	"e7+e6+so(8)+su(3)+g2+su(2)+so(7)+2 su(2)"	"e7+e6+2 so(8)+su(3)+2(g2+su(2))+so(7)+2 su(2)"	21	160	1	1	1	0	0	0	0	0
16	233	"e7+e6+so(8)+su(3)+g2+su(2)+so(7)+2 su(2)"	"e7+e6+2 so(8)+su(3)+2(g2+su(2))+so(7)+2 su(2)"	23	160	1	1	1	0	0	0	0	0
16	233	"e7+e6+so(8)+su(3)+g2+su(2)+so(7)+2 su(2)"	"e7+e6+2 so(8)+su(3)+2(so(7)+2 su(2))"	20	167	1	0	1	0	0	0	0	0
16	233	"e7+e6+so(8)+su(3)+g2+su(2)+so(7)+2 su(2)"	"e7+e6+2 so(8)+su(3)+2(so(7)+2 su(2))"	21	167	1	0	1	0	0	0	0	0
16	233	"e7+e6+so(8)+su(3)+g2+su(2)+so(7)+2 su(2)"	"e7+e6+2 so(8)+su(3)+2(so(7)+2 su(2))"	22	167	1	0	1	0	0	0	0	0
16	233	"e7+e6+so(8)+su(3)+g2+su(2)+so(7)+2 su(2)"	"e7+e6+3 so(8)+su(3)+2(so(7)+2 su(2))"	22	139	1	0	2	0	0	0	0	0
16	233	"e7+e6+so(8)+su(3)+g2+su(2)+so(7)+2 su(2)"	"e7+e6+3 so(8)+su(3)+2(so(7)+2 su(2))"	23	139	1	0	2	0	0	0	0	0
16	233	"e7+e6+so(8)+su(3)+g2+su(2)+so(7)+2 su(2)"	"e7+e6+f4+so(8)+2 su(3)+2(so(7)+2 su(2))"	21	135	1	1	0	1	0	0	0	0
16	233	"e7+e6+so(8)+su(3)+g2+su(2)+so(7)+2 su(2)"	"e7+e6+f4+so(8)+2 su(3)+2(so(7)+2 su(2))"	24	135	1	1	0	1	0	0	0	0
16	233	"e7+e6+so(8)+su(3)+g2+su(2)+so(7)+2 su(2)"	"e7+e6+f4+so(8)+su(3)+2(so(7)+2 su(2))"	21	143	1	0	0	1	0	0	0	0
16	233	"e7+e6+so(8)+su(3)+g2+su(2)+so(7)+2 su(2)"	"e7+e6+f4+so(8)+su(3)+2(so(7)+2 su(2))"	23	143	1	0	0	1	0	0	0	0
16	233	"e7+e6+so(8)+su(3)+g2+su(2)+so(7)+2 su(2)"	"e7+e6+so(8)+3 su(3)+2(so(7)+2 su(2))"	21	179	1	2	0	0	0	0	0	0
16	233	"e7+e6+so(8)+su(3)+g2+su(2)+so(7)+2 su(2)"	"e7+e6+so(8)+su(3)+2(so(7)+2 su(2))"	21	195	1	0	0	0	0	0	0	0
16	233	"e7+e6+so(8)+su(3)+g2+su(2)+so(7)+2 su(2)"	"e7+e6+so(8)+su(3)+2(so(7)+2 su(2))"	22	195	1	0	0	0	0	0	0	0
16	233	"e7+e6+so(8)+su(3)+g2+su(2)+so(7)+2 su(2)"	"e7+e6+so(8)+su(3)+2(so(7)+2 su(2))"	23	195	1	0	0	0	0	0	0	0
16	233	"e7+e6+so(8)+su(3)+g2+su(2)+so(7)+2 su(2)"	"e7+e6+so(8)+su(3)+3(so(7)+2 su(2))"	20	184	3	1	0	0	0	0	0	0
16	234	"e7+e7'+so(8)+g2+su(2)+so(7)+2 su(2)"	"e7+e7'+so(8)+2(so(7)+2 su(2))"	20	176	1	0	0	0	0	0	0	0
16	234	"e7+e7'+so(8)+g2+su(2)+so(7)+2 su(2)"	"e7+e7'+so(8)+2(so(7)+2 su(2))"	22	176	1	0	0	0	0	0	0	0
16	234	"e7+e7'+so(8)+g2+su(2)+so(7)+2 su(2)"	"e7+e7'+so(8)+2(so(7)+2 su(2))"	23	176	1	0	0	0	0	0	0	0
16	234	"e7+e7'+so(8)+g2+su(2)+so(7)+2 su(2)"	"e7+e7'+so(8)+g2+su(2)+2(so(7)+2 su(2))"	20	167	1	1	0	0	0	0	0	0
16	234	"e7+e7'+so(8)+g2+su(2)+so(7)+2 su(2)"	"e7+e7'+so(8)+su(3)+2(so(7)+2 su(2))"	21	168	1	1	0	0	0	0	0	0
16	234	"e7+e7'+so(8)+g2+su(2)+so(7)+2 su(2)"	"e7+e7'+so(8)+su(3)+2(so(7)+2 su(2))"	23	168	1	1	0	0	0	0	0	0
16	234	"e7+e7'+so(8)+g2+su(2)+so(7)+2 su(2)"	"e7+e7'+so(8)+su(3)+g2+su(2)+2(so(7)+2 su(2))"	21	159	1	2	0	0	0	0	0	0
16	237	"2 e7'+e6+2(so(7)+2 su(2))"	"2 e7'+e6+3(so(7)+2 su(2))"	21	143	1	1	0	0	0	0	0	0
16	237	"2 e7'+e6+2(so(7)+2 su(2))"	"2 e7'+e6+3(so(7)+2 su(2))"	26	143	1	1	0	0	0	0	0	0
16	238	"3 e6+f4+3 su(3)"	"3 e6+f4+3 su(3)+so(7)+2 su(2)"	22	143	1	1	0	0	0	0	0	0
16	238	"3 e6+f4+3 su(3)"	"3 e6+f4+3 su(3)+so(7)+2 su(2)"	26	143	1	1	0	0	0	0	0	0
16	239	"e7+e6+f4+so(8)+su(3)+2(g2+su(2))"	"e7+e6+f4+so(8)+su(3)+g2+su(2)+so(7)+2 su(2)"	22	145	1	0	0	0	0	0	0	0
16	247	"e7+e6+f4+so(8)+2 su(3)+g2+su(2)"	"e7+e6+f4+so(8)+2 su(3)+g2+su(2)+so(7)+2 su(2)"	21	137	1	1	0	0	0	0	0	0
16	252	"3 e6+4 su(3)"	"3 e6+3 su(3)+g2+su(2)"	21	197	1	0	0	0	0	0	0	0
16	252	"3 e6+4 su(3)"	"3 e6+3 su(3)+g2+su(2)"	22	197	1	0	0	0	0	0	0	0
16	262	"4 so(8)+2(g2+su(2))"	"e7+4 so(8)+3(g2+su(2))"	19	192	1	1	0	0	0	0	1	0
16	262	"4 so(8)+2(g2+su(2))"	"e7+5 so(8)+g2+su(2)+so(7)+2 su(2)"	21	171	1	0	1	0	0	0	1	0
16	262	"4 so(8)+2(g2+su(2))"	"e7+5 so(8)+g2+su(2)+so(7)+2 su(2)"	23	171	1	0	1	0	0	0	1	0
16	262	"4 so(8)+2(g2+su(2))"	"e7'+e6+4 so(8)+g2+su(2)+so(7)+2 su(2)"	29	149	1	0	0	0	1	1	0	0
16	262	"4 so(8)+2(g2+su(2))"	"e7+e6+4 so(8)+g2+su(2)+so(7)+2 su(2)"	23	121	1	0	0	0	1	0	1	0
16	262	"4 so(8)+2(g2+su(2))"	"e7+e6+4 so(8)+g2+su(2)+so(7)+2 su(2)"	25	121	1	0	0	0	1	0	1	0
16	262	"4 so(8)+2(g2+su(2))"	"e7+f4+4 so(8)+g2+su(2)+so(7)+2 su(2)"	22	147	1	0	0	1	0	0	1	0
16	262	"4 so(8)+2(g2+su(2))"	"e7+f4+4 so(8)+g2+su(2)+so(7)+2 su(2)"	24	147	1	0	0	1	0	0	1	0
16	262	"4 so(8)+2(g2+su(2))"	"e7+f4+4 so(8)+g2+su(2)+so(7)+2 su(2)"	31	147	1	0	0	1	0	0	1	0
16	262	"4 so(8)+2(g2+su(2))"	"e8+4 so(8)+2(g2+su(2))+so(7)+2 su(2)"	23	75	2	1	0	0	0	0	0	1
16	262	"4 so(8)+2(g2+su(2))"	"e8+4 so(8)+2(g2+su(2))+so(7)+2 su(2)"	24	75	2	1	0	0	0	0	0	1
16	262	"4 so(8)+2(g2+su(2))"	"e8+4 so(8)+2(g2+su(2))+so(7)+2 su(2)"	25	75	2	1	0	0	0	0	0	1
16	262	"4 so(8)+2(g2+su(2))"	"e8+4 so(8)+2(g2+su(2))+so(7)+2 su(2)"	26	75	2	1	0	0	0	0	0	1
16	262	"4 so(8)+2(g2+su(2))"	"e8+4 so(8)+2(g2+su(2))+so(7)+2 su(2)"	27	75	2	1	0	0	0	0	0	1
16	262	"4 so(8)+2(g2+su(2))"	"e8+4 so(8)+2(g2+su(2))+so(7)+2 su(2)"	64	75	2	1	0	0	0	0	0	1
16	262	"4 so(8)+2(g2+su(2))"	"e8+4 so(8)+2 su(3)+2(g2+su(2))"	25	70	0	2	0	0	0	0	0	1
16	262	"4 so(8)+2(g2+su(2))"	"e8+4 so(8)+2 su(3)+g2+su(2)+so(7)+2 su(2)"	24	68	1	2	0	0	0	0	0	1
16	262	"4 so(8)+2(g2+su(2))"	"e8+4 so(8)+2 su(3)+g2+su(2)+so(7)+2 su(2)"	25	68	1	2	0	0	0	0	0	1
16	262	"4 so(8)+2(g2+su(2))"	"e8+4 so(8)+3(g2+su(2))"	23	77	1	1	0	0	0	0	0	1
16	262	"4 so(8)+2(g2+su(2))"	"e8+4 so(8)+3(g2+su(2))"	24	77	1	1	0	0	0	0	0	1
16	262	"4 so(8)+2(g2+su(2))"	"e8+4 so(8)+3(g2+su(2))"	25	77	1	1	0	0	0	0	0	1
16	262	"4 so(8)+2(g2+su(2))"	"e8+4 so(8)+g2+su(2)+so(7)+2 su(2)"	23	84	1	0	0	0	0	0	0	1
16	262	"4 so(8)+2(g2+su(2))"	"e8+4 so(8)+g2+su(2)+so(7)+2 su(2)"	24	84	1	0	0	0	0	0	0	1
16	262	"4 so(8)+2(g2+su(2))"	"e8+4 so(8)+su(3)+2(g2+su(2))"	25	78	0	1	0	0	0	0	0	1
16	262	"4 so(8)+2(g2+su(2))"	"e8+4 so(8)+su(3)+3(g2+su(2))"	24	69	1	2	0	0	0	0	0	1
16	262	"4 so(8)+2(g2+su(2))"	"e8+4 so(8)+su(3)+3(g2+su(2))"	25	69	1	2	0	0	0	0	0	1
16	262	"4 so(8)+2(g2+su(2))"	"e8+4 so(8)+su(3)+g2+su(2)+so(7)+2 su(2)"	23	76	1	1	0	0	0	0	0	1
16	262	"4 so(8)+2(g2+su(2))"	"e8+4 so(8)+su(3)+g2+su(2)+so(7)+2 su(2)"	24	76	1	1	0	0	0	0	0	1
16	262	"4 so(8)+2(g2+su(2))"	"e8+4 so(8)+su(3)+g2+su(2)+so(7)+2 su(2)"	25	76	1	1	0	0	0	0	0	1
16	262	"4 so(8)+2(g2+su(2))"	"e8+4 so(8)+su(3)+g2+su(2)+so(7)+2 su(2)"	26	76	1	1	0	0	0	0	0	1
16	262	"4 so(8)+2(g2+su(2))"	"e8+4 so(8)+su(3)+g2+su(2)+so(7)+2 su(2)"	28	76	1	1	0	0	0	0	0	1
16	262	"4 so(8)+2(g2+su(2))"	"e8+4 so(8)+su(3)+g2+su(2)+so(7)+2 su(2)"	29	76	1	1	0	0	0	0	0	1
16	262	"4 so(8)+2(g2+su(2))"	"e8+5 so(8)+g2+su(2)+so(7)+2 su(2)"	24	56	1	0	1	0	0	0	0	1
16	262	"4 so(8)+2(g2+su(2))"	"e8+5 so(8)+g2+su(2)+so(7)+2 su(2)"	25	56	1	0	1	0	0	0	0	1
16	266	"5 so(8)+g2+su(2)"	"e7+5 so(8)+2(g2+su(2))"	20	173	1	1	0	0	0	0	1	0
16	266	"5 so(8)+g2+su(2)"	"e7+5 so(8)+su(3)+2(g2+su(2))"	21	165	1	2	0	0	0	0	1	0
16	266	"5 so(8)+g2+su(2)"	"e8+5 so(8)+2(g2+su(2))"	24	58	1	1	0	0	0	0	0	1
16	266	"5 so(8)+g2+su(2)"	"e8+5 so(8)+2(g2+su(2))"	25	58	1	1	0	0	0	0	0	1
16	266	"5 so(8)+g2+su(2)"	"e8+5 so(8)+g2+su(2)+so(7)+2 su(2)"	24	56	2	1	0	0	0	0	0	1
16	266	"5 so(8)+g2+su(2)"	"e8+5 so(8)+g2+su(2)+so(7)+2 su(2)"	25	56	2	1	0	0	0	0	0	1
16	266	"5 so(8)+g2+su(2)"	"e8+5 so(8)+su(3)+2(g2+su(2))"	24	50	1	2	0	0	0	0	0	1
16	266	"5 so(8)+g2+su(2)"	"e8+5 so(8)+su(3)+2(g2+su(2))"	25	50	1	2	0	0	0	0	0	1
16	267	"5 so(8)+g2+su(2)"	"e7+5 so(8)+g2+su(2)+so(7)+2 su(2)"	21	171	1	1	0	0	0	0	1	0
16	267	"5 so(8)+g2+su(2)"	"e8+5 so(8)+g2+su(2)+so(7)+2 su(2)"	24	56	1	1	0	0	0	0	0	1
16	268	"5 so(8)+su(3)+g2+su(2)"	"2 e6+5 so(8)+su(3)+so(7)+2 su(2)"	22	149	1	0	0	0	2	0	0	0
16	268	"5 so(8)+su(3)+g2+su(2)"	"e6+f4+5 so(8)+su(3)+so(7)+2 su(2)"	21	175	1	0	0	1	1	0	0	0
16	268	"5 so(8)+su(3)+g2+su(2)"	"e7+5 so(8)+2(g2+su(2))"	20	173	1	0	0	0	0	0	1	0
16	268	"5 so(8)+su(3)+g2+su(2)"	"e7+5 so(8)+2(so(7)+2 su(2))"	20	169	3	0	0	0	0	0	1	0
16	268	"5 so(8)+su(3)+g2+su(2)"	"e7+5 so(8)+2(so(7)+2 su(2))"	21	169	3	0	0	0	0	0	1	0
16	268	"5 so(8)+su(3)+g2+su(2)"	"e7+5 so(8)+2 su(3)+2(g2+su(2))"	25	157	1	2	0	0	0	0	1	0
16	268	"5 so(8)+su(3)+g2+su(2)"	"e7+5 so(8)+2 su(3)+2(g2+su(2))"	26	157	1	2	0	0	0	0	1	0
16	268	"5 so(8)+su(3)+g2+su(2)"	"e7+5 so(8)+2 su(3)+so(7)+2 su(2)"	21	164	1	1	0	0	0	0	1	0
16	268	"5 so(8)+su(3)+g2+su(2)"	"e7+5 so(8)+2 su(3)+so(7)+2 su(2)"	22	164	1	1	0	0	0	0	1	0
16	268	"5 so(8)+su(3)+g2+su(2)"	"e7+5 so(8)+3(g2+su(2))"	21	164	2	1	0	0	0	0	1	0
16	268	"5 so(8)+su(3)+g2+su(2)"	"e7+5 so(8)+3 su(3)+so(7)+2 su(2)"	25	156	1	2	0	0	0	0	1	0
16	268	"5 so(8)+su(3)+g2+su(2)"	"e7+5 so(8)+g2+su(2)+so(7)+2 su(2)"	20	171	2	0	0	0	0	0	1	0
16	268	"5 so(8)+su(3)+g2+su(2)"	"e7+5 so(8)+su(3)+2(g2+su(2))"	20	165	1	1	0	0	0	0	1	0
16	268	"5 so(8)+su(3)+g2+su(2)"	"e7+5 so(8)+su(3)+2(g2+su(2))"	24	165	1	1	0	0	0	0	1	0
16	268	"5 so(8)+su(3)+g2+su(2)"	"e7+5 so(8)+su(3)+2(so(7)+2 su(2))"	22	161	3	1	0	0	0	0	1	0
16	268	"5 so(8)+su(3)+g2+su(2)"	"e7+5 so(8)+su(3)+2(so(7)+2 su(2))"	24	161	3	1	0	0	0	0	1	0
16	268	"5 so(8)+su(3)+g2+su(2)"	"e7+5 so(8)+su(3)+g2+su(2)+so(7)+2 su(2)"	21	163	2	1	0	0	0	0	1	0
16	268	"5 so(8)+su(3)+g2+su(2)"	"e7+5 so(8)+su(3)+g2+su(2)+so(7)+2 su(2)"	22	163	2	1	0	0	0	0	1	0
16	268	"5 so(8)+su(3)+g2+su(2)"	"e7+5 so(8)+su(3)+so(7)+2 su(2)"	20	172	1	0	0	0	0	0	1	0
16	268	"5 so(8)+su(3)+g2+su(2)"	"e7+5 so(8)+su(3)+so(7)+2 su(2)"	21	172	1	0	0	0	0	0	1	0
16	268	"5 so(8)+su(3)+g2+su(2)"	"e7'+6 so(8)+su(3)+so(7)+2 su(2)"	22	172	1	0	1	0	0	1	0	0
16	268	"5 so(8)+su(3)+g2+su(2)"	"e7'+6 so(8)+su(3)+so(7)+2 su(2)"	23	172	1	0	1	0	0	1	0	0
16	268	"5 so(8)+su(3)+g2+su(2)"	"e7+6 so(8)+su(3)+so(7)+2 su(2)"	21	144	1	0	1	0	0	0	1	0
16	268	"5 so(8)+su(3)+g2+su(2)"	"e7+6 so(8)+su(3)+so(7)+2 su(2)"	22	144	1	0	1	0	0	0	1	0
16	268	"5 so(8)+su(3)+g2+su(2)"	"e7'+e6+5 so(8)+su(3)+so(7)+2 su(2)"	24	122	1	0	0	0	1	1	0	0
16	268	"5 so(8)+su(3)+g2+su(2)"	"e7+e6+5 so(8)+su(3)+so(7)+2 su(2)"	23	94	1	0	0	0	1	0	1	0
16	268	"5 so(8)+su(3)+g2+su(2)"	"e7'+f4+5 so(8)+su(3)+so(7)+2 su(2)"	23	148	1	0	0	1	0	1	0	0
16	268	"5 so(8)+su(3)+g2+su(2)"	"e7+f4+5 so(8)+su(3)+so(7)+2 su(2)"	22	120	1	0	0	1	0	0	1	0
