"TH+1"	"index"	"LST gauge algebra"	"full gauge algebra"	"Tmin"	"Delta"	"n2"	"n3"	"n4"	"n5"	"n6"	"n7"	"n8"	"n12"	"count"
24	1	"e8+2 f4+4(g2+su(2))"	"2 e8+2 f4+2 su(3)+4(g2+su(2))"	33	44	0	2	0	0	0	0	0	1	5
24	1	"e8+2 f4+4(g2+su(2))"	"2 e8+2 f4+4(g2+su(2))+so(7)+2 su(2)"	33	49	2	1	0	0	0	0	0	1	8
24	1	"e8+2 f4+4(g2+su(2))"	"2 e8+2 f4+5(g2+su(2))"	33	51	1	1	0	0	0	0	0	1	11
24	1	"e8+2 f4+4(g2+su(2))"	"2 e8+2 f4+su(3)+4(g2+su(2))"	33	52	0	1	0	0	0	0	0	1	4
24	1	"e8+2 f4+4(g2+su(2))"	"2 e8+2 f4+su(3)+5(g2+su(2))"	33	43	1	2	0	0	0	0	0	1	4
24	1	"e8+2 f4+4(g2+su(2))"	"2 e8+2 f4+su(3)+5(g2+su(2))"	34	43	1	2	0	0	0	0	0	1	7
24	1	"e8+2 f4+4(g2+su(2))"	"e8+3 f4+4(g2+su(2))"	24	256	0	0	0	1	0	0	0	0	3
24	1	"e8+2 f4+4(g2+su(2))"	"e8+3 f4+so(8)+4(g2+su(2))"	24	228	0	0	1	1	0	0	0	0	2
24	1	"e8+2 f4+4(g2+su(2))"	"e8+e6+2 f4+4(g2+su(2))"	24	230	0	0	0	0	1	0	0	0	2
24	1	"e8+2 f4+4(g2+su(2))"	"e8+e6+2 f4+so(8)+4(g2+su(2))"	25	202	0	0	1	0	1	0	0	0	2
24	1	"e8+2 f4+4(g2+su(2))"	"e8+e6+2 f4+su(3)+4(g2+su(2))"	24	222	0	1	0	0	1	0	0	0	2
24	1	"e8+2 f4+4(g2+su(2))"	"e8+e6+3 f4+4(g2+su(2))"	26	178	0	0	0	1	1	0	0	0	2
24	1	"e8+2 f4+4(g2+su(2))"	"e8+e7+2 f4+2 su(3)+4(g2+su(2))"	32	159	0	2	0	0	0	0	1	0	2
24	1	"e8+2 f4+4(g2+su(2))"	"e8+e7'+2 f4+4(g2+su(2))"	24	203	0	0	0	0	0	1	0	0	2
24	1	"e8+2 f4+4(g2+su(2))"	"e8+e7+2 f4+4(g2+su(2))"	24	175	0	0	0	0	0	0	1	0	2
24	1	"e8+2 f4+4(g2+su(2))"	"e8+e7+2 f4+5(g2+su(2))"	28	166	1	1	0	0	0	0	1	0	2
24	1	"e8+2 f4+4(g2+su(2))"	"e8+e7'+2 f4+so(8)+4(g2+su(2))"	26	175	0	0	1	0	0	1	0	0	2
24	1	"e8+2 f4+4(g2+su(2))"	"e8+e7+2 f4+so(8)+4(g2+su(2))"	27	147	0	0	1	0	0	0	1	0	2
24	1	"e8+2 f4+4(g2+su(2))"	"e8+e7+2 f4+so(8)+su(3)+4(g2+su(2))"	33	139	0	1	1	0	0	0	1	0	2
24	1	"e8+2 f4+4(g2+su(2))"	"e8+e7'+2 f4+su(3)+4(g2+su(2))"	25	195	0	1	0	0	0	1	0	0	2
24	1	"e8+2 f4+4(g2+su(2))"	"e8+e7+2 f4+su(3)+4(g2+su(2))"	26	167	0	1	0	0	0	0	1	0	2
24	1	"e8+2 f4+4(g2+su(2))"	"e8+e7+2 f4+su(3)+5(g2+su(2))"	32	158	1	2	0	0	0	0	1	0	2
24	1	"e8+2 f4+4(g2+su(2))"	"e8+e7+2 f4+su(3)+5(g2+su(2))"	35	158	1	2	0	0	0	0	1	0	2
24	1	"e8+2 f4+4(g2+su(2))"	"e8+e7'+3 f4+4(g2+su(2))"	27	151	0	0	0	1	0	1	0	0	2
24	1	"e8+2 f4+4(g2+su(2))"	"e8+e7+3 f4+4(g2+su(2))"	28	123	0	0	0	1	0	0	1	0	2
24	1	"e8+2 f4+4(g2+su(2))"	"e8+e7'+e6+2 f4+4(g2+su(2))"	28	125	0	0	0	0	1	1	0	0	2
24	1	"e8+2 f4+4(g2+su(2))"	"e8+e7+e6+2 f4+4(g2+su(2))"	29	97	0	0	0	0	1	0	1	0	2
24	1	"e8+2 f4+4(g2+su(2))"	"e8+e7+e7'+2 f4+4(g2+su(2))"	30	70	0	0	0	0	0	1	1	0	2
24	2	"e8+3 f4+su(3)+3(g2+su(2))"	"2 e8+3 f4+4(g2+su(2))"	33	8	1	0	0	0	0	0	0	1	6
24	2	"e8+3 f4+su(3)+3(g2+su(2))"	"e8+3 f4+2 su(3)+3(g2+su(2))"	24	249	0	1	0	0	0	0	0	0	3
24	2	"e8+3 f4+su(3)+3(g2+su(2))"	"e8+3 f4+4(g2+su(2))"	29	256	1	0	0	0	0	0	0	0	3
24	2	"e8+3 f4+su(3)+3(g2+su(2))"	"e8+3 f4+4(g2+su(2))"	30	256	1	0	0	0	0	0	0	0	3
24	2	"e8+3 f4+su(3)+3(g2+su(2))"	"e8+3 f4+su(3)+4(g2+su(2))"	24	248	1	1	0	0	0	0	0	0	2
24	2	"e8+3 f4+su(3)+3(g2+su(2))"	"e8+e6+3 f4+4(g2+su(2))"	28	178	1	0	0	0	1	0	0	0	8
24	2	"e8+3 f4+su(3)+3(g2+su(2))"	"e8+e6+3 f4+4(g2+su(2))"	29	178	1	0	0	0	1	0	0	0	5
24	2	"e8+3 f4+su(3)+3(g2+su(2))"	"e8+e6+3 f4+su(3)+4(g2+su(2))"	30	170	1	1	0	0	1	0	0	0	2
24	2	"e8+3 f4+su(3)+3(g2+su(2))"	"e8+e7'+3 f4+4(g2+su(2))"	29	151	1	0	0	0	0	1	0	0	8
24	2	"e8+3 f4+su(3)+3(g2+su(2))"	"e8+e7'+3 f4+4(g2+su(2))"	30	151	1	0	0	0	0	1	0	0	3
24	2	"e8+3 f4+su(3)+3(g2+su(2))"	"e8+e7+3 f4+4(g2+su(2))"	30	123	1	0	0	0	0	0	1	0	11
24	2	"e8+3 f4+su(3)+3(g2+su(2))"	"e8+e7'+3 f4+su(3)+4(g2+su(2))"	29	143	1	1	0	0	0	1	0	0	2
24	2	"e8+3 f4+su(3)+3(g2+su(2))"	"e8+e7+3 f4+su(3)+4(g2+su(2))"	30	115	1	1	0	0	0	0	1	0	2
24	4	"e8+2 f4+4(g2+su(2))"	"2 e8+2 f4+2 su(3)+4(g2+su(2))"	33	44	0	2	0	0	0	0	0	1	5
24	4	"e8+2 f4+4(g2+su(2))"	"2 e8+2 f4+4(g2+su(2))+so(7)+2 su(2)"	33	49	2	1	0	0	0	0	0	1	8
24	4	"e8+2 f4+4(g2+su(2))"	"2 e8+2 f4+5(g2+su(2))"	33	51	1	1	0	0	0	0	0	1	11
24	4	"e8+2 f4+4(g2+su(2))"	"2 e8+2 f4+su(3)+4(g2+su(2))"	33	52	0	1	0	0	0	0	0	1	4
24	4	"e8+2 f4+4(g2+su(2))"	"2 e8+2 f4+su(3)+5(g2+su(2))"	33	43	1	2	0	0	0	0	0	1	4
24	4	"e8+2 f4+4(g2+su(2))"	"2 e8+2 f4+su(3)+5(g2+su(2))"	34	43	1	2	0	0	0	0	0	1	7
24	4	"e8+2 f4+4(g2+su(2))"	"e8+3 f4+4(g2+su(2))"	24	256	0	0	0	1	0	0	0	0	3
24	4	"e8+2 f4+4(g2+su(2))"	"e8+3 f4+so(8)+4(g2+su(2))"	24	228	0	0	1	1	0	0	0	0	2
24	4	"e8+2 f4+4(g2+su(2))"	"e8+e6+2 f4+4(g2+su(2))"	24	230	0	0	0	0	1	0	0	0	2
24	4	"e8+2 f4+4(g2+su(2))"	"e8+e6+2 f4+so(8)+4(g2+su(2))"	25	202	0	0	1	0	1	0	0	0	2
24	4	"e8+2 f4+4(g2+su(2))"	"e8+e6+2 f4+su(3)+4(g2+su(2))"	24	222	0	1	0	0	1	0	0	0	2
24	4	"e8+2 f4+4(g2+su(2))"	"e8+e6+3 f4+4(g2+su(2))"	26	178	0	0	0	1	1	0	0	0	2
24	4	"e8+2 f4+4(g2+su(2))"	"e8+e7+2 f4+2 su(3)+4(g2+su(2))"	32	159	0	2	0	0	0	0	1	0	2
24	4	"e8+2 f4+4(g2+su(2))"	"e8+e7'+2 f4+4(g2+su(2))"	24	203	0	0	0	0	0	1	0	0	2
24	4	"e8+2 f4+4(g2+su(2))"	"e8+e7+2 f4+4(g2+su(2))"	24	175	0	0	0	0	0	0	1	0	2
24	4	"e8+2 f4+4(g2+su(2))"	"e8+e7+2 f4+5(g2+su(2))"	28	166	1	1	0	0	0	0	1	0	2
24	4	"e8+2 f4+4(g2+su(2))"	"e8+e7'+2 f4+so(8)+4(g2+su(2))"	26	175	0	0	1	0	0	1	0	0	2
24	4	"e8+2 f4+4(g2+su(2))"	"e8+e7+2 f4+so(8)+4(g2+su(2))"	27	147	0	0	1	0	0	0	1	0	2
24	4	"e8+2 f4+4(g2+su(2))"	"e8+e7+2 f4+so(8)+su(3)+4(g2+su(2))"	33	139	0	1	1	0	0	0	1	0	2
24	4	"e8+2 f4+4(g2+su(2))"	"e8+e7'+2 f4+su(3)+4(g2+su(2))"	25	195	0	1	0	0	0	1	0	0	2
24	4	"e8+2 f4+4(g2+su(2))"	"e8+e7+2 f4+su(3)+4(g2+su(2))"	26	167	0	1	0	0	0	0	1	0	2
24	4	"e8+2 f4+4(g2+su(2))"	"e8+e7+2 f4+su(3)+5(g2+su(2))"	32	158	1	2	0	0	0	0	1	0	2
24	4	"e8+2 f4+4(g2+su(2))"	"e8+e7+2 f4+su(3)+5(g2+su(2))"	35	158	1	2	0	0	0	0	1	0	2
24	4	"e8+2 f4+4(g2+su(2))"	"e8+e7'+3 f4+4(g2+su(2))"	27	151	0	0	0	1	0	1	0	0	2
24	4	"e8+2 f4+4(g2+su(2))"	"e8+e7+3 f4+4(g2+su(2))"	28	123	0	0	0	1	0	0	1	0	2
24	4	"e8+2 f4+4(g2+su(2))"	"e8+e7'+e6+2 f4+4(g2+su(2))"	28	125	0	0	0	0	1	1	0	0	2
24	4	"e8+2 f4+4(g2+su(2))"	"e8+e7+e6+2 f4+4(g2+su(2))"	29	97	0	0	0	0	1	0	1	0	2
24	4	"e8+2 f4+4(g2+su(2))"	"e8+e7+e7'+2 f4+4(g2+su(2))"	30	70	0	0	0	0	0	1	1	0	2
24	5	"e8+3 f4+2 su(3)+3(g2+su(2))"	"e8+3 f4+su(3)+4(g2+su(2))"	24	248	1	0	0	0	0	0	0	0	2
24	5	"e8+3 f4+2 su(3)+3(g2+su(2))"	"e8+3 f4+su(3)+4(g2+su(2))"	29	248	1	0	0	0	0	0	0	0	2
24	5	"e8+3 f4+2 su(3)+3(g2+su(2))"	"e8+e6+3 f4+5(g2+su(2))"	29	169	2	0	0	0	1	0	0	0	2
24	5	"e8+3 f4+2 su(3)+3(g2+su(2))"	"e8+e6+3 f4+su(3)+4(g2+su(2))"	28	170	1	0	0	0	1	0	0	0	2
24	5	"e8+3 f4+2 su(3)+3(g2+su(2))"	"e8+e6+3 f4+su(3)+4(g2+su(2))"	29	170	1	0	0	0	1	0	0	0	4
24	5	"e8+3 f4+2 su(3)+3(g2+su(2))"	"e8+e6+3 f4+su(3)+4(g2+su(2))"	32	170	1	0	0	0	1	0	0	0	2
24	5	"e8+3 f4+2 su(3)+3(g2+su(2))"	"e8+e7'+3 f4+5(g2+su(2))"	29	142	2	0	0	0	0	1	0	0	2
24	5	"e8+3 f4+2 su(3)+3(g2+su(2))"	"e8+e7+3 f4+5(g2+su(2))"	30	114	2	0	0	0	0	0	1	0	2
24	5	"e8+3 f4+2 su(3)+3(g2+su(2))"	"e8+e7'+3 f4+su(3)+4(g2+su(2))"	29	143	1	0	0	0	0	1	0	0	2
24	5	"e8+3 f4+2 su(3)+3(g2+su(2))"	"e8+e7+3 f4+su(3)+4(g2+su(2))"	30	115	1	0	0	0	0	0	1	0	2
24	6	"e8+e7+2 f4+3(g2+su(2))"	"e8+e7+2 f4+3(g2+su(2))+so(7)+2 su(2)"	27	173	1	1	0	0	0	0	0	0	2
24	6	"e8+e7+2 f4+3(g2+su(2))"	"e8+e7+2 f4+3(g2+su(2))+so(7)+2 su(2)"	28	173	1	1	0	0	0	0	0	0	9
24	6	"e8+e7+2 f4+3(g2+su(2))"	"e8+e7+2 f4+3(g2+su(2))+so(7)+2 su(2)"	29	173	1	1	0	0	0	0	0	0	5
24	6	"e8+e7+2 f4+3(g2+su(2))"	"e8+e7+2 f4+3(g2+su(2))+so(7)+2 su(2)"	31	173	1	1	0	0	0	0	0	0	2
24	6	"e8+e7+2 f4+3(g2+su(2))"	"e8+e7+2 f4+3(g2+su(2))+so(7)+2 su(2)"	32	173	1	1	0	0	0	0	0	0	2
24	6	"e8+e7+2 f4+3(g2+su(2))"	"e8+e7+2 f4+4(g2+su(2))"	27	175	0	1	0	0	0	0	0	0	2
24	6	"e8+e7+2 f4+3(g2+su(2))"	"e8+e7+2 f4+4(g2+su(2))"	27	175	1	1	0	0	0	0	0	0	2
24	6	"e8+e7+2 f4+3(g2+su(2))"	"e8+e7+2 f4+4(g2+su(2))"	28	175	1	1	0	0	0	0	0	0	16
24	6	"e8+e7+2 f4+3(g2+su(2))"	"e8+e7+2 f4+4(g2+su(2))"	29	175	1	1	0	0	0	0	0	0	10
24	6	"e8+e7+2 f4+3(g2+su(2))"	"e8+e7+2 f4+4(g2+su(2))"	30	175	1	1	0	0	0	0	0	0	2
24	6	"e8+e7+2 f4+3(g2+su(2))"	"e8+e7+2 f4+4(g2+su(2))"	31	175	1	1	0	0	0	0	0	0	2
24	6	"e8+e7+2 f4+3(g2+su(2))"	"e8+e7+2 f4+4(g2+su(2))+so(7)+2 su(2)"	28	164	2	2	0	0	0	0	0	0	4
24	6	"e8+e7+2 f4+3(g2+su(2))"	"e8+e7+2 f4+4(g2+su(2))+so(7)+2 su(2)"	29	164	2	2	0	0	0	0	0	0	2
24	6	"e8+e7+2 f4+3(g2+su(2))"	"e8+e7+2 f4+4(g2+su(2))+so(7)+2 su(2)"	31	164	2	2	0	0	0	0	0	0	2
24	6	"e8+e7+2 f4+3(g2+su(2))"	"e8+e7+2 f4+5(g2+su(2))"	28	166	1	2	0	0	0	0	0	0	6
24	6	"e8+e7+2 f4+3(g2+su(2))"	"e8+e7+2 f4+5(g2+su(2))"	29	166	1	2	0	0	0	0	0	0	2
24	6	"e8+e7+2 f4+3(g2+su(2))"	"e8+e7+2 f4+5(g2+su(2))"	31	166	1	2	0	0	0	0	0	0	2
24	6	"e8+e7+2 f4+3(g2+su(2))"	"e8+e7+2 f4+su(3)+3(g2+su(2))"	24	176	0	1	0	0	0	0	0	0	2
24	6	"e8+e7+2 f4+3(g2+su(2))"	"e8+e7+2 f4+su(3)+3(g2+su(2))+so(7)+2 su(2)"	28	165	1	2	0	0	0	0	0	0	6
24	6	"e8+e7+2 f4+3(g2+su(2))"	"e8+e7+2 f4+su(3)+3(g2+su(2))+so(7)+2 su(2)"	29	165	1	2	0	0	0	0	0	0	2
24	6	"e8+e7+2 f4+3(g2+su(2))"	"e8+e7+2 f4+su(3)+3(g2+su(2))+so(7)+2 su(2)"	31	165	1	2	0	0	0	0	0	0	2
24	6	"e8+e7+2 f4+3(g2+su(2))"	"e8+e7+2 f4+su(3)+3(g2+su(2))+so(7)+2 su(2)"	32	165	1	2	0	0	0	0	0	0	2
24	6	"e8+e7+2 f4+3(g2+su(2))"	"e8+e7+2 f4+su(3)+4(g2+su(2))"	26	167	0	2	0	0	0	0	0	0	2
24	6	"e8+e7+2 f4+3(g2+su(2))"	"e8+e7+2 f4+su(3)+4(g2+su(2))"	28	167	0	2	0	0	0	0	0	0	2
24	6	"e8+e7+2 f4+3(g2+su(2))"	"e8+e7+2 f4+su(3)+4(g2+su(2))"	28	167	1	2	0	0	0	0	0	0	2
24	6	"e8+e7+2 f4+3(g2+su(2))"	"e8+e7+2 f4+su(3)+5(g2+su(2))"	28	158	1	3	0	0	0	0	0	0	2
24	7	"e8+e7+2 f4+su(3)+3(g2+su(2))"	"e8+e7+2 f4+4(g2+su(2))"	27	175	1	0	0	0	0	0	0	0	2
24	7	"e8+e7+2 f4+su(3)+3(g2+su(2))"	"e8+e7+2 f4+4(g2+su(2))"	28	175	1	0	0	0	0	0	0	0	20
24	7	"e8+e7+2 f4+su(3)+3(g2+su(2))"	"e8+e7+2 f4+4(g2+su(2))"	29	175	1	0	0	0	0	0	0	0	13
24	7	"e8+e7+2 f4+su(3)+3(g2+su(2))"	"e8+e7+2 f4+5(g2+su(2))"	28	166	2	1	0	0	0	0	0	0	2
24	7	"e8+e7+2 f4+su(3)+3(g2+su(2))"	"e8+e7+2 f4+5(g2+su(2))"	29	166	2	1	0	0	0	0	0	0	2
24	7	"e8+e7+2 f4+su(3)+3(g2+su(2))"	"e8+e7+2 f4+su(3)+4(g2+su(2))"	28	167	1	1	0	0	0	0	0	0	4
24	8	"e8+e7+2 f4+3(g2+su(2))"	"e8+e7+2 f4+4(g2+su(2))"	27	175	1	1	0	0	0	0	0	0	4
24	8	"e8+e7+2 f4+3(g2+su(2))"	"e8+e7+2 f4+4(g2+su(2))"	28	175	1	1	0	0	0	0	0	0	36
24	8	"e8+e7+2 f4+3(g2+su(2))"	"e8+e7+2 f4+4(g2+su(2))"	29	175	1	1	0	0	0	0	0	0	12
24	8	"e8+e7+2 f4+3(g2+su(2))"	"e8+e7+2 f4+4(g2+su(2))"	30	175	1	1	0	0	0	0	0	0	10
24	8	"e8+e7+2 f4+3(g2+su(2))"	"e8+e7+2 f4+4(g2+su(2))"	31	175	1	1	0	0	0	0	0	0	2
24	8	"e8+e7+2 f4+3(g2+su(2))"	"e8+e7+2 f4+5(g2+su(2))"	28	166	2	2	0	0	0	0	0	0	2
24	8	"e8+e7+2 f4+3(g2+su(2))"	"e8+e7+2 f4+su(3)+3(g2+su(2))"	24	176	0	1	0	0	0	0	0	0	2
24	8	"e8+e7+2 f4+3(g2+su(2))"	"e8+e7+2 f4+su(3)+4(g2+su(2))"	28	167	1	2	0	0	0	0	0	0	4
24	9	"e8+e7+2 f4+3(g2+su(2))"	"e8+e7+2 f4+3(g2+su(2))+so(7)+2 su(2)"	28	173	1	1	0	0	0	0	0	0	7
24	9	"e8+e7+2 f4+3(g2+su(2))"	"e8+e7+2 f4+3(g2+su(2))+so(7)+2 su(2)"	29	173	1	1	0	0	0	0	0	0	6
24	9	"e8+e7+2 f4+3(g2+su(2))"	"e8+e7+2 f4+3(g2+su(2))+so(7)+2 su(2)"	30	173	1	1	0	0	0	0	0	0	3
24	9	"e8+e7+2 f4+3(g2+su(2))"	"e8+e7+2 f4+3(g2+su(2))+so(7)+2 su(2)"	31	173	1	1	0	0	0	0	0	0	3
24	9	"e8+e7+2 f4+3(g2+su(2))"	"e8+e7+2 f4+4(g2+su(2))"	24	175	0	1	0	0	0	0	0	0	2
24	9	"e8+e7+2 f4+3(g2+su(2))"	"e8+e7+2 f4+4(g2+su(2))+so(7)+2 su(2)"	28	164	1	2	0	0	0	0	0	0	2
24	9	"e8+e7+2 f4+3(g2+su(2))"	"e8+e7+2 f4+4(g2+su(2))+so(7)+2 su(2)"	30	164	1	2	0	0	0	0	0	0	2
24	10	"e8+e7+2 f4+su(3)+3(g2+su(2))"	"e8+e7+2 f4+4(g2+su(2))"	28	175	1	0	0	0	0	0	0	0	11
24	10	"e8+e7+2 f4+su(3)+3(g2+su(2))"	"e8+e7+2 f4+4(g2+su(2))"	29	175	1	0	0	0	0	0	0	0	7
24	10	"e8+e7+2 f4+su(3)+3(g2+su(2))"	"e8+e7+2 f4+4(g2+su(2))+so(7)+2 su(2)"	28	164	2	1	0	0	0	0	0	0	7
24	10	"e8+e7+2 f4+su(3)+3(g2+su(2))"	"e8+e7+2 f4+4(g2+su(2))+so(7)+2 su(2)"	29	164	2	1	0	0	0	0	0	0	4
24	10	"e8+e7+2 f4+su(3)+3(g2+su(2))"	"e8+e7+2 f4+4(g2+su(2))+so(7)+2 su(2)"	30	164	2	1	0	0	0	0	0	0	5
24	10	"e8+e7+2 f4+su(3)+3(g2+su(2))"	"e8+e7+2 f4+5(g2+su(2))"	28	166	1	1	0	0	0	0	0	0	5
24	10	"e8+e7+2 f4+su(3)+3(g2+su(2))"	"e8+e7+2 f4+5(g2+su(2))"	29	166	1	1	0	0	0	0	0	0	3
24	10	"e8+e7+2 f4+su(3)+3(g2+su(2))"	"e8+e7+2 f4+5(g2+su(2))"	32	166	1	1	0	0	0	0	0	0	3
24	10	"e8+e7+2 f4+su(3)+3(g2+su(2))"	"e8+e7+2 f4+su(3)+3(g2+su(2))+so(7)+2 su(2)"	28	165	1	1	0	0	0	0	0	0	4
24	10	"e8+e7+2 f4+su(3)+3(g2+su(2))"	"e8+e7+2 f4+su(3)+3(g2+su(2))+so(7)+2 su(2)"	29	165	1	1	0	0	0	0	0	0	3
24	10	"e8+e7+2 f4+su(3)+3(g2+su(2))"	"e8+e7+2 f4+su(3)+3(g2+su(2))+so(7)+2 su(2)"	30	165	1	1	0	0	0	0	0	0	2
24	10	"e8+e7+2 f4+su(3)+3(g2+su(2))"	"e8+e7+2 f4+su(3)+4(g2+su(2))"	28	167	1	1	0	0	0	0	0	0	2
24	10	"e8+e7+2 f4+su(3)+3(g2+su(2))"	"e8+e7+2 f4+su(3)+5(g2+su(2))"	28	158	1	2	0	0	0	0	0	0	2
24	11	"e8+e7+f4+3(g2+su(2))+so(7)+2 su(2)"	"e8+2 e7+f4+4(g2+su(2))+so(7)+2 su(2)"	33	83	1	1	0	0	0	0	1	0	4
24	11	"e8+e7+f4+3(g2+su(2))+so(7)+2 su(2)"	"e8+2 e7+f4+su(3)+3(g2+su(2))+so(7)+2 su(2)"	33	84	0	1	0	0	0	0	1	0	3
24	11	"e8+e7+f4+3(g2+su(2))+so(7)+2 su(2)"	"e8+e7+2 f4+2 su(3)+3(g2+su(2))+so(7)+2 su(2)"	32	157	0	2	0	1	0	0	0	0	2
24	11	"e8+e7+f4+3(g2+su(2))+so(7)+2 su(2)"	"e8+e7+2 f4+3(g2+su(2))+so(7)+2 su(2)"	24	173	0	0	0	1	0	0	0	0	2
24	11	"e8+e7+f4+3(g2+su(2))+so(7)+2 su(2)"	"e8+e7+2 f4+4(g2+su(2))+so(7)+2 su(2)"	29	164	1	1	0	1	0	0	0	0	5
24	11	"e8+e7+f4+3(g2+su(2))+so(7)+2 su(2)"	"e8+e7+2 f4+4(g2+su(2))+so(7)+2 su(2)"	30	164	1	1	0	1	0	0	0	0	2
24	11	"e8+e7+f4+3(g2+su(2))+so(7)+2 su(2)"	"e8+e7+2 f4+so(8)+3(g2+su(2))+so(7)+2 su(2)"	27	145	0	0	1	1	0	0	0	0	2
24	11	"e8+e7+f4+3(g2+su(2))+so(7)+2 su(2)"	"e8+e7+2 f4+su(3)+3(g2+su(2))+so(7)+2 su(2)"	26	165	0	1	0	1	0	0	0	0	2
24	11	"e8+e7+f4+3(g2+su(2))+so(7)+2 su(2)"	"e8+e7+e6+f4+4(g2+su(2))+so(7)+2 su(2)"	30	138	1	1	0	0	1	0	0	0	4
24	11	"e8+e7+f4+3(g2+su(2))+so(7)+2 su(2)"	"e8+e7+e7'+f4+4(g2+su(2))+so(7)+2 su(2)"	33	111	1	1	0	0	0	1	0	0	2
24	11	"e8+e7+f4+3(g2+su(2))+so(7)+2 su(2)"	"e8+e7+e7'+f4+4(g2+su(2))+so(7)+2 su(2)"	34	111	1	1	0	0	0	1	0	0	2
24	11	"e8+e7+f4+3(g2+su(2))+so(7)+2 su(2)"	"e8+e7+e7'+f4+su(3)+3(g2+su(2))+so(7)+2 su(2)"	33	112	0	1	0	0	0	1	0	0	2
24	11	"e8+e7+f4+3(g2+su(2))+so(7)+2 su(2)"	"e8+e7+f4+4(g2+su(2))+so(7)+2 su(2)"	25	216	1	1	0	0	0	0	0	0	2
24	11	"e8+e7+f4+3(g2+su(2))+so(7)+2 su(2)"	"e8+e7+f4+so(8)+3(g2+su(2))+so(7)+2 su(2)"	24	197	0	0	1	0	0	0	0	0	2
24	11	"e8+e7+f4+3(g2+su(2))+so(7)+2 su(2)"	"e8+e7+f4+so(8)+su(3)+3(g2+su(2))+so(7)+2 su(2)"	25	189	0	1	1	0	0	0	0	0	2
24	11	"e8+e7+f4+3(g2+su(2))+so(7)+2 su(2)"	"e8+e7+f4+su(3)+3(g2+su(2))+so(7)+2 su(2)"	24	217	0	1	0	0	0	0	0	0	2
24	12	"e8+e7+2 f4+3(g2+su(2))"	"e8+e7+2 f4+4(g2+su(2))"	27	175	0	1	0	0	0	0	0	0	2
24	12	"e8+e7+2 f4+3(g2+su(2))"	"e8+e7+2 f4+4(g2+su(2))"	28	175	0	1	0	0	0	0	0	0	4
24	12	"e8+e7+2 f4+3(g2+su(2))"	"e8+e7+2 f4+4(g2+su(2))"	28	175	1	1	0	0	0	0	0	0	8
24	12	"e8+e7+2 f4+3(g2+su(2))"	"e8+e7+2 f4+4(g2+su(2))"	29	175	1	1	0	0	0	0	0	0	4
24	12	"e8+e7+2 f4+3(g2+su(2))"	"e8+e7+2 f4+4(g2+su(2))"	31	175	1	1	0	0	0	0	0	0	2
24	12	"e8+e7+2 f4+3(g2+su(2))"	"e8+e7+2 f4+5(g2+su(2))"	28	166	1	2	0	0	0	0	0	0	8
24	12	"e8+e7+2 f4+3(g2+su(2))"	"e8+e7+2 f4+5(g2+su(2))"	31	166	1	2	0	0	0	0	0	0	2
24	12	"e8+e7+2 f4+3(g2+su(2))"	"e8+e7+2 f4+su(3)+3(g2+su(2))"	24	176	0	1	0	0	0	0	0	0	2
24	12	"e8+e7+2 f4+3(g2+su(2))"	"e8+e7+2 f4+su(3)+4(g2+su(2))"	26	167	0	2	0	0	0	0	0	0	2
24	12	"e8+e7+2 f4+3(g2+su(2))"	"e8+e7+2 f4+su(3)+4(g2+su(2))"	28	167	0	2	0	0	0	0	0	0	4
24	13	"e8+e7+2 f4+3(g2+su(2))"	"e8+e7+2 f4+3(g2+su(2))+so(7)+2 su(2)"	27	173	1	1	0	0	0	0	0	0	2
24	13	"e8+e7+2 f4+3(g2+su(2))"	"e8+e7+2 f4+3(g2+su(2))+so(7)+2 su(2)"	28	173	1	1	0	0	0	0	0	0	13
24	13	"e8+e7+2 f4+3(g2+su(2))"	"e8+e7+2 f4+3(g2+su(2))+so(7)+2 su(2)"	29	173	1	1	0	0	0	0	0	0	3
24	13	"e8+e7+2 f4+3(g2+su(2))"	"e8+e7+2 f4+3(g2+su(2))+so(7)+2 su(2)"	32	173	1	1	0	0	0	0	0	0	2
24	13	"e8+e7+2 f4+3(g2+su(2))"	"e8+e7+2 f4+4(g2+su(2))"	27	175	0	1	0	0	0	0	0	0	2
24	13	"e8+e7+2 f4+3(g2+su(2))"	"e8+e7+2 f4+4(g2+su(2))"	28	175	1	1	0	0	0	0	0	0	22
24	13	"e8+e7+2 f4+3(g2+su(2))"	"e8+e7+2 f4+4(g2+su(2))"	29	175	1	1	0	0	0	0	0	0	6
24	13	"e8+e7+2 f4+3(g2+su(2))"	"e8+e7+2 f4+4(g2+su(2))"	30	175	1	1	0	0	0	0	0	0	2
24	13	"e8+e7+2 f4+3(g2+su(2))"	"e8+e7+2 f4+4(g2+su(2))"	31	175	1	1	0	0	0	0	0	0	2
24	13	"e8+e7+2 f4+3(g2+su(2))"	"e8+e7+2 f4+4(g2+su(2))+so(7)+2 su(2)"	28	164	2	2	0	0	0	0	0	0	4
24	13	"e8+e7+2 f4+3(g2+su(2))"	"e8+e7+2 f4+5(g2+su(2))"	28	166	1	2	0	0	0	0	0	0	6
24	13	"e8+e7+2 f4+3(g2+su(2))"	"e8+e7+2 f4+5(g2+su(2))"	29	166	1	2	0	0	0	0	0	0	2
24	13	"e8+e7+2 f4+3(g2+su(2))"	"e8+e7+2 f4+5(g2+su(2))"	30	166	1	2	0	0	0	0	0	0	2
24	13	"e8+e7+2 f4+3(g2+su(2))"	"e8+e7+2 f4+su(3)+3(g2+su(2))"	24	176	0	1	0	0	0	0	0	0	2
24	13	"e8+e7+2 f4+3(g2+su(2))"	"e8+e7+2 f4+su(3)+3(g2+su(2))+so(7)+2 su(2)"	28	165	1	2	0	0	0	0	0	0	8
24	13	"e8+e7+2 f4+3(g2+su(2))"	"e8+e7+2 f4+su(3)+3(g2+su(2))+so(7)+2 su(2)"	29	165	1	2	0	0	0	0	0	0	2
24	13	"e8+e7+2 f4+3(g2+su(2))"	"e8+e7+2 f4+su(3)+3(g2+su(2))+so(7)+2 su(2)"	32	165	1	2	0	0	0	0	0	0	2
24	13	"e8+e7+2 f4+3(g2+su(2))"	"e8+e7+2 f4+su(3)+4(g2+su(2))"	26	167	0	2	0	0	0	0	0	0	2
24	13	"e8+e7+2 f4+3(g2+su(2))"	"e8+e7+2 f4+su(3)+4(g2+su(2))"	28	167	0	2	0	0	0	0	0	0	2
24	14	"e8+e6+2 f4+su(3)+3(g2+su(2))"	"e8+2 e6+2 f4+2 su(3)+3(g2+su(2))"	27	145	0	1	0	0	1	0	0	0	2
24	14	"e8+e6+2 f4+su(3)+3(g2+su(2))"	"e8+e6+2 f4+2 su(3)+3(g2+su(2))"	24	223	0	1	0	0	0	0	0	0	3
24	14	"e8+e6+2 f4+su(3)+3(g2+su(2))"	"e8+e6+2 f4+2 su(3)+3(g2+su(2))"	25	223	0	1	0	0	0	0	0	0	2
24	14	"e8+e6+2 f4+su(3)+3(g2+su(2))"	"e8+e6+2 f4+3 su(3)+3(g2+su(2))"	24	215	0	2	0	0	0	0	0	0	2
24	14	"e8+e6+2 f4+su(3)+3(g2+su(2))"	"e8+e6+2 f4+3 su(3)+3(g2+su(2))"	26	215	0	2	0	0	0	0	0	0	4
24	14	"e8+e6+2 f4+su(3)+3(g2+su(2))"	"e8+e6+2 f4+so(8)+2 su(3)+3(g2+su(2))"	25	195	0	1	1	0	0	0	0	0	2
24	14	"e8+e6+2 f4+su(3)+3(g2+su(2))"	"e8+e6+2 f4+su(3)+4(g2+su(2))"	25	222	1	1	0	0	0	0	0	0	2
24	14	"e8+e6+2 f4+su(3)+3(g2+su(2))"	"e8+e6+3 f4+2 su(3)+3(g2+su(2))"	26	171	0	1	0	1	0	0	0	0	2
24	14	"e8+e6+2 f4+su(3)+3(g2+su(2))"	"e8+e7'+e6+2 f4+2 su(3)+3(g2+su(2))"	28	118	0	1	0	0	0	1	0	0	2
24	14	"e8+e6+2 f4+su(3)+3(g2+su(2))"	"e8+e7+e6+2 f4+2 su(3)+3(g2+su(2))"	29	90	0	1	0	0	0	0	1	0	2
24	15	"e8+e7'+2 f4+su(3)+3(g2+su(2))"	"e8+e7'+2 f4+4(g2+su(2))"	26	203	1	0	0	0	0	0	0	0	2
24	15	"e8+e7'+2 f4+su(3)+3(g2+su(2))"	"e8+e7'+2 f4+4(g2+su(2))"	29	203	1	0	0	0	0	0	0	0	5
24	15	"e8+e7'+2 f4+su(3)+3(g2+su(2))"	"e8+e7'+2 f4+4(g2+su(2))"	31	203	1	0	0	0	0	0	0	0	2
24	15	"e8+e7'+2 f4+su(3)+3(g2+su(2))"	"e8+e7'+2 f4+4(g2+su(2))"	32	203	1	0	0	0	0	0	0	0	2
24	15	"e8+e7'+2 f4+su(3)+3(g2+su(2))"	"e8+e7'+2 f4+5(g2+su(2))"	27	194	2	1	0	0	0	0	0	0	2
24	15	"e8+e7'+2 f4+su(3)+3(g2+su(2))"	"e8+e7'+2 f4+so(8)+4(g2+su(2))"	28	175	1	0	1	0	0	0	0	0	4
24	15	"e8+e7'+2 f4+su(3)+3(g2+su(2))"	"e8+e7'+2 f4+so(8)+4(g2+su(2))"	29	175	1	0	1	0	0	0	0	0	3
24	15	"e8+e7'+2 f4+su(3)+3(g2+su(2))"	"e8+e7'+2 f4+su(3)+4(g2+su(2))"	26	195	1	1	0	0	0	0	0	0	2
24	15	"e8+e7'+2 f4+su(3)+3(g2+su(2))"	"e8+e7'+3 f4+4(g2+su(2))"	29	151	1	0	0	1	0	0	0	0	3
24	16	"e8+e7+2 f4+3(g2+su(2))"	"e8+e7+2 f4+3(g2+su(2))+so(7)+2 su(2)"	27	173	1	1	0	0	0	0	0	0	2
24	16	"e8+e7+2 f4+3(g2+su(2))"	"e8+e7+2 f4+3(g2+su(2))+so(7)+2 su(2)"	28	173	1	1	0	0	0	0	0	0	13
24	16	"e8+e7+2 f4+3(g2+su(2))"	"e8+e7+2 f4+3(g2+su(2))+so(7)+2 su(2)"	29	173	1	1	0	0	0	0	0	0	5
24	16	"e8+e7+2 f4+3(g2+su(2))"	"e8+e7+2 f4+3(g2+su(2))+so(7)+2 su(2)"	30	173	1	1	0	0	0	0	0	0	7
24	16	"e8+e7+2 f4+3(g2+su(2))"	"e8+e7+2 f4+3(g2+su(2))+so(7)+2 su(2)"	31	173	1	1	0	0	0	0	0	0	3
24	17	"e8+e7+2 f4+su(3)+3(g2+su(2))"	"e8+e7+2 f4+4(g2+su(2))"	28	175	1	0	0	0	0	0	0	0	12
24	17	"e8+e7+2 f4+su(3)+3(g2+su(2))"	"e8+e7+2 f4+4(g2+su(2))"	29	175	1	0	0	0	0	0	0	0	7
24	17	"e8+e7+2 f4+su(3)+3(g2+su(2))"	"e8+e7+2 f4+4(g2+su(2))+so(7)+2 su(2)"	28	164	2	1	0	0	0	0	0	0	6
24	17	"e8+e7+2 f4+su(3)+3(g2+su(2))"	"e8+e7+2 f4+4(g2+su(2))+so(7)+2 su(2)"	29	164	2	1	0	0	0	0	0	0	3
24	17	"e8+e7+2 f4+su(3)+3(g2+su(2))"	"e8+e7+2 f4+4(g2+su(2))+so(7)+2 su(2)"	30	164	2	1	0	0	0	0	0	0	4
24	17	"e8+e7+2 f4+su(3)+3(g2+su(2))"	"e8+e7+2 f4+5(g2+su(2))"	28	166	1	1	0	0	0	0	0	0	5
24	17	"e8+e7+2 f4+su(3)+3(g2+su(2))"	"e8+e7+2 f4+5(g2+su(2))"	29	166	1	1	0	0	0	0	0	0	2
24	17	"e8+e7+2 f4+su(3)+3(g2+su(2))"	"e8+e7+2 f4+5(g2+su(2))"	32	166	1	1	0	0	0	0	0	0	3
24	17	"e8+e7+2 f4+su(3)+3(g2+su(2))"	"e8+e7+2 f4+su(3)+3(g2+su(2))+so(7)+2 su(2)"	28	165	1	1	0	0	0	0	0	0	4
24	17	"e8+e7+2 f4+su(3)+3(g2+su(2))"	"e8+e7+2 f4+su(3)+3(g2+su(2))+so(7)+2 su(2)"	29	165	1	1	0	0	0	0	0	0	3
24	17	"e8+e7+2 f4+su(3)+3(g2+su(2))"	"e8+e7+2 f4+su(3)+3(g2+su(2))+so(7)+2 su(2)"	30	165	1	1	0	0	0	0	0	0	2
24	18	"e8+e7+2 f4+su(3)+3(g2+su(2))"	"e8+e7+2 f4+4(g2+su(2))"	28	175	1	0	0	0	0	0	0	0	5
24	18	"e8+e7+2 f4+su(3)+3(g2+su(2))"	"e8+e7+2 f4+4(g2+su(2))"	29	175	1	0	0	0	0	0	0	0	5
24	18	"e8+e7+2 f4+su(3)+3(g2+su(2))"	"e8+e7+2 f4+5(g2+su(2))"	28	166	1	1	0	0	0	0	0	0	6
24	18	"e8+e7+2 f4+su(3)+3(g2+su(2))"	"e8+e7+2 f4+5(g2+su(2))"	29	166	1	1	0	0	0	0	0	0	2
24	18	"e8+e7+2 f4+su(3)+3(g2+su(2))"	"e8+e7+2 f4+5(g2+su(2))"	32	166	1	1	0	0	0	0	0	0	3
24	18	"e8+e7+2 f4+su(3)+3(g2+su(2))"	"e8+e7+2 f4+su(3)+4(g2+su(2))"	28	167	0	1	0	0	0	0	0	0	2
24	19	"e8+e7+2 f4+4(g2+su(2))"	"e8+e7+2 f4+3(g2+su(2))+so(7)+2 su(2)"	27	173	1	0	0	0	0	0	0	0	2
24	19	"e8+e7+2 f4+4(g2+su(2))"	"e8+e7+2 f4+3(g2+su(2))+so(7)+2 su(2)"	28	173	1	0	0	0	0	0	0	0	13
24	19	"e8+e7+2 f4+4(g2+su(2))"	"e8+e7+2 f4+3(g2+su(2))+so(7)+2 su(2)"	29	173	1	0	0	0	0	0	0	0	12
24	19	"e8+e7+2 f4+4(g2+su(2))"	"e8+e7+2 f4+3(g2+su(2))+so(7)+2 su(2)"	30	173	1	0	0	0	0	0	0	0	6
24	19	"e8+e7+2 f4+4(g2+su(2))"	"e8+e7+2 f4+3(g2+su(2))+so(7)+2 su(2)"	31	173	1	0	0	0	0	0	0	0	2
24	19	"e8+e7+2 f4+4(g2+su(2))"	"e8+e7+2 f4+4(g2+su(2))+so(7)+2 su(2)"	28	164	2	1	0	0	0	0	0	0	12
24	19	"e8+e7+2 f4+4(g2+su(2))"	"e8+e7+2 f4+4(g2+su(2))+so(7)+2 su(2)"	29	164	2	1	0	0	0	0	0	0	6
24	19	"e8+e7+2 f4+4(g2+su(2))"	"e8+e7+2 f4+4(g2+su(2))+so(7)+2 su(2)"	30	164	2	1	0	0	0	0	0	0	8
24	19	"e8+e7+2 f4+4(g2+su(2))"	"e8+e7+2 f4+5(g2+su(2))"	28	166	1	1	0	0	0	0	0	0	6
24	19	"e8+e7+2 f4+4(g2+su(2))"	"e8+e7+2 f4+5(g2+su(2))"	29	166	1	1	0	0	0	0	0	0	6
24	19	"e8+e7+2 f4+4(g2+su(2))"	"e8+e7+2 f4+5(g2+su(2))"	31	166	1	1	0	0	0	0	0	0	2
24	19	"e8+e7+2 f4+4(g2+su(2))"	"e8+e7+2 f4+5(g2+su(2))"	32	166	1	1	0	0	0	0	0	0	6
24	19	"e8+e7+2 f4+4(g2+su(2))"	"e8+e7+2 f4+su(3)+3(g2+su(2))+so(7)+2 su(2)"	26	165	1	1	0	0	0	0	0	0	2
24	19	"e8+e7+2 f4+4(g2+su(2))"	"e8+e7+2 f4+su(3)+3(g2+su(2))+so(7)+2 su(2)"	28	165	1	1	0	0	0	0	0	0	8
24	19	"e8+e7+2 f4+4(g2+su(2))"	"e8+e7+2 f4+su(3)+3(g2+su(2))+so(7)+2 su(2)"	29	165	1	1	0	0	0	0	0	0	6
24	19	"e8+e7+2 f4+4(g2+su(2))"	"e8+e7+2 f4+su(3)+3(g2+su(2))+so(7)+2 su(2)"	30	165	1	1	0	0	0	0	0	0	4
24	19	"e8+e7+2 f4+4(g2+su(2))"	"e8+e7+2 f4+su(3)+3(g2+su(2))+so(7)+2 su(2)"	31	165	1	1	0	0	0	0	0	0	2
24	19	"e8+e7+2 f4+4(g2+su(2))"	"e8+e7+2 f4+su(3)+4(g2+su(2))"	24	167	0	1	0	0	0	0	0	0	2
24	19	"e8+e7+2 f4+4(g2+su(2))"	"e8+e7+2 f4+su(3)+4(g2+su(2))+so(7)+2 su(2)"	28	156	2	2	0	0	0	0	0	0	2
24	19	"e8+e7+2 f4+4(g2+su(2))"	"e8+e7+2 f4+su(3)+5(g2+su(2))"	28	158	1	2	0	0	0	0	0	0	2
24	20	"2 e7+2 f4+3(g2+su(2))+so(7)+2 su(2)"	"2 e7+3 f4+su(3)+3(g2+su(2))+so(7)+2 su(2)"	24	228	0	1	0	1	0	0	0	0	2
24	20	"2 e7+2 f4+3(g2+su(2))+so(7)+2 su(2)"	"2 e7+e6+2 f4+su(3)+3(g2+su(2))+so(7)+2 su(2)"	25	202	0	1	0	0	1	0	0	0	2
24	20	"2 e7+2 f4+3(g2+su(2))+so(7)+2 su(2)"	"2 e7+e7'+2 f4+4(g2+su(2))+so(7)+2 su(2)"	28	174	1	1	0	0	0	1	0	0	6
24	20	"2 e7+2 f4+3(g2+su(2))+so(7)+2 su(2)"	"2 e7+e7'+2 f4+4(g2+su(2))+so(7)+2 su(2)"	30	174	1	1	0	0	0	1	0	0	2
24	20	"2 e7+2 f4+3(g2+su(2))+so(7)+2 su(2)"	"2 e7+e7'+2 f4+su(3)+3(g2+su(2))+so(7)+2 su(2)"	26	175	0	1	0	0	0	1	0	0	2
24	20	"2 e7+2 f4+3(g2+su(2))+so(7)+2 su(2)"	"3 e7+2 f4+4(g2+su(2))+so(7)+2 su(2)"	29	146	1	1	0	0	0	0	1	0	8
24	20	"2 e7+2 f4+3(g2+su(2))+so(7)+2 su(2)"	"3 e7+2 f4+4(g2+su(2))+so(7)+2 su(2)"	31	146	1	1	0	0	0	0	1	0	2
24	20	"2 e7+2 f4+3(g2+su(2))+so(7)+2 su(2)"	"3 e7+2 f4+4(g2+su(2))+so(7)+2 su(2)"	33	146	1	1	0	0	0	0	1	0	2
24	20	"2 e7+2 f4+3(g2+su(2))+so(7)+2 su(2)"	"3 e7+2 f4+4(g2+su(2))+so(7)+2 su(2)"	51	146	1	1	0	0	0	0	1	0	2
24	20	"2 e7+2 f4+3(g2+su(2))+so(7)+2 su(2)"	"3 e7+2 f4+su(3)+3(g2+su(2))+so(7)+2 su(2)"	27	147	0	1	0	0	0	0	1	0	2
24	20	"2 e7+2 f4+3(g2+su(2))+so(7)+2 su(2)"	"e8+2 e7+2 f4+4(g2+su(2))+so(7)+2 su(2)"	33	31	1	1	0	0	0	0	0	1	10
24	20	"2 e7+2 f4+3(g2+su(2))+so(7)+2 su(2)"	"e8+2 e7+2 f4+su(3)+3(g2+su(2))+so(7)+2 su(2)"	31	32	0	1	0	0	0	0	0	1	2
24	22	"e8+e6+2 f4+4(g2+su(2))"	"e8+e6+2 f4+su(3)+4(g2+su(2))"	24	222	0	1	0	0	0	0	0	0	2
24	24	"e8+e6+2 f4+3 su(3)+2(g2+su(2))"	"e8+2 e6+2 f4+3 su(3)+2(g2+su(2))"	24	146	0	0	0	0	1	0	0	0	2
24	24	"e8+e6+2 f4+3 su(3)+2(g2+su(2))"	"e8+2 e6+2 f4+3 su(3)+2(g2+su(2))+so(7)+2 su(2)"	41	135	2	1	0	0	1	0	0	0	2
24	24	"e8+e6+2 f4+3 su(3)+2(g2+su(2))"	"e8+2 e6+2 f4+3 su(3)+2(g2+su(2))+so(7)+2 su(2)"	51	135	2	1	0	0	1	0	0	0	2
24	24	"e8+e6+2 f4+3 su(3)+2(g2+su(2))"	"e8+2 e6+2 f4+3 su(3)+3(g2+su(2))"	33	137	1	1	0	0	1	0	0	0	4
24	24	"e8+e6+2 f4+3 su(3)+2(g2+su(2))"	"e8+2 e6+2 f4+3 su(3)+3(g2+su(2))"	35	137	1	1	0	0	1	0	0	0	2
24	24	"e8+e6+2 f4+3 su(3)+2(g2+su(2))"	"e8+2 e6+2 f4+3 su(3)+3(g2+su(2))"	37	137	1	1	0	0	1	0	0	0	2
24	24	"e8+e6+2 f4+3 su(3)+2(g2+su(2))"	"e8+2 e6+2 f4+3 su(3)+3(g2+su(2))"	39	137	1	1	0	0	1	0	0	0	2
24	24	"e8+e6+2 f4+3 su(3)+2(g2+su(2))"	"e8+2 e6+2 f4+3 su(3)+3(g2+su(2))"	41	137	1	1	0	0	1	0	0	0	2
24	24	"e8+e6+2 f4+3 su(3)+2(g2+su(2))"	"e8+2 e6+2 f4+3 su(3)+3(g2+su(2))"	42	137	1	1	0	0	1	0	0	0	3
24	24	"e8+e6+2 f4+3 su(3)+2(g2+su(2))"	"e8+2 e6+2 f4+3 su(3)+3(g2+su(2))"	55	137	1	1	0	0	1	0	0	0	2
24	24	"e8+e6+2 f4+3 su(3)+2(g2+su(2))"	"e8+2 e6+2 f4+4 su(3)+2(g2+su(2))"	27	138	0	1	0	0	1	0	0	0	2
24	24	"e8+e6+2 f4+3 su(3)+2(g2+su(2))"	"e8+2 e6+2 f4+4 su(3)+2(g2+su(2))"	33	138	0	1	0	0	1	0	0	0	2
24	24	"e8+e6+2 f4+3 su(3)+2(g2+su(2))"	"e8+2 e6+2 f4+4 su(3)+2(g2+su(2))"	41	138	0	1	0	0	1	0	0	0	2
24	24	"e8+e6+2 f4+3 su(3)+2(g2+su(2))"	"e8+2 e6+2 f4+4 su(3)+3(g2+su(2))"	36	129	1	2	0	0	1	0	0	0	4
24	24	"e8+e6+2 f4+3 su(3)+2(g2+su(2))"	"e8+2 e6+2 f4+5 su(3)+2(g2+su(2))"	30	130	0	2	0	0	1	0	0	0	2
24	24	"e8+e6+2 f4+3 su(3)+2(g2+su(2))"	"e8+2 e6+2 f4+5 su(3)+2(g2+su(2))"	36	130	0	2	0	0	1	0	0	0	2
24	24	"e8+e6+2 f4+3 su(3)+2(g2+su(2))"	"e8+2 e6+2 f4+5 su(3)+2(g2+su(2))"	43	130	0	2	0	0	1	0	0	0	2
24	24	"e8+e6+2 f4+3 su(3)+2(g2+su(2))"	"e8+2 e6+2 f4+6 su(3)+2(g2+su(2))"	33	122	0	3	0	0	1	0	0	0	2
24	24	"e8+e6+2 f4+3 su(3)+2(g2+su(2))"	"e8+2 e6+2 f4+so(8)+3 su(3)+2(g2+su(2))"	28	118	0	0	1	0	1	0	0	0	2
24	24	"e8+e6+2 f4+3 su(3)+2(g2+su(2))"	"e8+2 e6+2 f4+so(8)+4 su(3)+2(g2+su(2))"	31	110	0	1	1	0	1	0	0	0	2
24	24	"e8+e6+2 f4+3 su(3)+2(g2+su(2))"	"e8+2 e6+3 f4+3 su(3)+2(g2+su(2))"	29	94	0	0	0	1	1	0	0	0	2
24	24	"e8+e6+2 f4+3 su(3)+2(g2+su(2))"	"e8+e6+2 f4+2 so(8)+2 su(3)+3(g2+su(2))"	28	167	1	0	2	0	0	0	0	0	2
24	24	"e8+e6+2 f4+3 su(3)+2(g2+su(2))"	"e8+e6+2 f4+2 so(8)+2 su(3)+3(g2+su(2))"	29	167	1	0	2	0	0	0	0	0	2
24	24	"e8+e6+2 f4+3 su(3)+2(g2+su(2))"	"e8+e6+2 f4+2 su(3)+3(g2+su(2))"	29	223	1	0	0	0	0	0	0	0	4
24	24	"e8+e6+2 f4+3 su(3)+2(g2+su(2))"	"e8+e6+2 f4+2 su(3)+3(g2+su(2))"	31	223	1	0	0	0	0	0	0	0	2
24	24	"e8+e6+2 f4+3 su(3)+2(g2+su(2))"	"e8+e6+2 f4+2 su(3)+3(g2+su(2))"	32	223	1	0	0	0	0	0	0	0	2
24	24	"e8+e6+2 f4+3 su(3)+2(g2+su(2))"	"e8+e6+2 f4+3 su(3)+3(g2+su(2))"	25	215	1	1	0	0	0	0	0	0	2
24	24	"e8+e6+2 f4+3 su(3)+2(g2+su(2))"	"e8+e6+2 f4+3 su(3)+3(g2+su(2))"	26	215	1	1	0	0	0	0	0	0	4
24	24	"e8+e6+2 f4+3 su(3)+2(g2+su(2))"	"e8+e6+2 f4+4 su(3)+2(g2+su(2))"	24	216	0	1	0	0	0	0	0	0	2
24	24	"e8+e6+2 f4+3 su(3)+2(g2+su(2))"	"e8+e6+2 f4+so(8)+3 su(3)+2(g2+su(2))"	24	196	0	0	1	0	0	0	0	0	2
24	24	"e8+e6+2 f4+3 su(3)+2(g2+su(2))"	"e8+e6+2 f4+so(8)+3 su(3)+2(g2+su(2))+so(7)+2 su(2)"	28	185	2	1	1	0	0	0	0	0	2
24	24	"e8+e6+2 f4+3 su(3)+2(g2+su(2))"	"e8+e6+2 f4+so(8)+4 su(3)+2(g2+su(2))"	25	188	0	1	1	0	0	0	0	0	2
24	24	"e8+e6+2 f4+3 su(3)+2(g2+su(2))"	"e8+e6+2 f4+so(8)+5 su(3)+2(g2+su(2))"	28	180	0	2	1	0	0	0	0	0	3
24	24	"e8+e6+2 f4+3 su(3)+2(g2+su(2))"	"e8+e6+2 f4+so(8)+5 su(3)+2(g2+su(2))"	29	180	0	2	1	0	0	0	0	0	2
24	24	"e8+e6+2 f4+3 su(3)+2(g2+su(2))"	"e8+e6+3 f4+2 su(3)+3(g2+su(2))"	28	171	1	0	0	1	0	0	0	0	4
24	24	"e8+e6+2 f4+3 su(3)+2(g2+su(2))"	"e8+e6+3 f4+2 su(3)+3(g2+su(2))"	30	171	1	0	0	1	0	0	0	0	2
24	24	"e8+e6+2 f4+3 su(3)+2(g2+su(2))"	"e8+e6+3 f4+3 su(3)+2(g2+su(2))"	24	172	0	0	0	1	0	0	0	0	2
24	24	"e8+e6+2 f4+3 su(3)+2(g2+su(2))"	"e8+e6+3 f4+3 su(3)+3(g2+su(2))"	28	163	1	1	0	1	0	0	0	0	2
24	24	"e8+e6+2 f4+3 su(3)+2(g2+su(2))"	"e8+e6+3 f4+4 su(3)+2(g2+su(2))"	26	164	0	1	0	1	0	0	0	0	2
24	24	"e8+e6+2 f4+3 su(3)+2(g2+su(2))"	"e8+e6+3 f4+4 su(3)+3(g2+su(2))"	34	155	1	2	0	1	0	0	0	0	2
24	24	"e8+e6+2 f4+3 su(3)+2(g2+su(2))"	"e8+e6+3 f4+5 su(3)+2(g2+su(2))"	32	156	0	2	0	1	0	0	0	0	2
24	24	"e8+e6+2 f4+3 su(3)+2(g2+su(2))"	"e8+e6+3 f4+so(8)+2 su(3)+3(g2+su(2))"	29	143	1	0	1	1	0	0	0	0	2
24	24	"e8+e6+2 f4+3 su(3)+2(g2+su(2))"	"e8+e6+3 f4+so(8)+3 su(3)+2(g2+su(2))"	27	144	0	0	1	1	0	0	0	0	2
24	24	"e8+e6+2 f4+3 su(3)+2(g2+su(2))"	"e8+e6+3 f4+so(8)+4 su(3)+2(g2+su(2))"	33	136	0	1	1	1	0	0	0	0	2
24	25	"e8+e7'+2 f4+su(3)+3(g2+su(2))"	"e8+e7'+2 f4+4(g2+su(2))"	31	203	1	0	0	0	0	0	0	0	2
24	25	"e8+e7'+2 f4+su(3)+3(g2+su(2))"	"e8+e7'+2 f4+4(g2+su(2))"	32	203	1	0	0	0	0	0	0	0	2
24	25	"e8+e7'+2 f4+su(3)+3(g2+su(2))"	"e8+e7'+2 f4+so(8)+4(g2+su(2))"	28	175	1	0	1	0	0	0	0	0	2
24	26	"e8+e7'+2 f4+su(3)+3(g2+su(2))"	"e8+e7'+2 f4+4(g2+su(2))"	29	203	1	0	0	0	0	0	0	0	3
24	26	"e8+e7'+2 f4+su(3)+3(g2+su(2))"	"e8+e7'+2 f4+4(g2+su(2))"	31	203	1	0	0	0	0	0	0	0	2
24	26	"e8+e7'+2 f4+su(3)+3(g2+su(2))"	"e8+e7'+2 f4+4(g2+su(2))"	32	203	1	0	0	0	0	0	0	0	2
24	26	"e8+e7'+2 f4+su(3)+3(g2+su(2))"	"e8+e7'+2 f4+5(g2+su(2))"	27	194	2	1	0	0	0	0	0	0	3
24	26	"e8+e7'+2 f4+su(3)+3(g2+su(2))"	"e8+e7'+2 f4+so(8)+4(g2+su(2))"	28	175	1	0	1	0	0	0	0	0	5
24	26	"e8+e7'+2 f4+su(3)+3(g2+su(2))"	"e8+e7'+2 f4+so(8)+4(g2+su(2))"	29	175	1	0	1	0	0	0	0	0	2
24	26	"e8+e7'+2 f4+su(3)+3(g2+su(2))"	"e8+e7'+2 f4+su(3)+3(g2+su(2))+so(7)+2 su(2)"	27	193	2	1	0	0	0	0	0	0	2
24	26	"e8+e7'+2 f4+su(3)+3(g2+su(2))"	"e8+e7'+3 f4+4(g2+su(2))"	29	151	1	0	0	1	0	0	0	0	3
24	27	"e8+e7+2 f4+4(g2+su(2))"	"e8+e7+2 f4+2 su(3)+4(g2+su(2))"	30	159	0	2	0	0	0	0	0	0	2
24	27	"e8+e7+2 f4+4(g2+su(2))"	"e8+e7+2 f4+4(g2+su(2))+so(7)+2 su(2)"	29	164	2	1	0	0	0	0	0	0	6
24	27	"e8+e7+2 f4+4(g2+su(2))"	"e8+e7+2 f4+5(g2+su(2))"	27	166	1	1	0	0	0	0	0	0	2
24	27	"e8+e7+2 f4+4(g2+su(2))"	"e8+e7+2 f4+5(g2+su(2))"	29	166	1	1	0	0	0	0	0	0	6
24	27	"e8+e7+2 f4+4(g2+su(2))"	"e8+e7+2 f4+5(g2+su(2))"	30	166	1	1	0	0	0	0	0	0	5
24	27	"e8+e7+2 f4+4(g2+su(2))"	"e8+e7+2 f4+5(g2+su(2))"	31	166	1	1	0	0	0	0	0	0	2
24	27	"e8+e7+2 f4+4(g2+su(2))"	"e8+e7+2 f4+5(g2+su(2))"	32	166	1	1	0	0	0	0	0	0	3
24	27	"e8+e7+2 f4+4(g2+su(2))"	"e8+e7+2 f4+su(3)+4(g2+su(2))"	24	167	0	1	0	0	0	0	0	0	2
24	27	"e8+e7+2 f4+4(g2+su(2))"	"e8+e7+2 f4+su(3)+4(g2+su(2))"	30	167	0	1	0	0	0	0	0	0	2
24	27	"e8+e7+2 f4+4(g2+su(2))"	"e8+e7+2 f4+su(3)+5(g2+su(2))"	33	158	1	2	0	0	0	0	0	0	2
24	28	"e8+e7+2 f4+3(g2+su(2))+so(7)+2 su(2)"	"e8+e7+2 f4+4(g2+su(2))+so(7)+2 su(2)"	28	164	1	1	0	0	0	0	0	0	5
24	28	"e8+e7+2 f4+3(g2+su(2))+so(7)+2 su(2)"	"e8+e7+2 f4+4(g2+su(2))+so(7)+2 su(2)"	29	164	1	1	0	0	0	0	0	0	5
24	28	"e8+e7+2 f4+3(g2+su(2))+so(7)+2 su(2)"	"e8+e7+2 f4+4(g2+su(2))+so(7)+2 su(2)"	31	164	1	1	0	0	0	0	0	0	3
24	29	"e8+e6+3 f4+2 su(3)+2(g2+su(2))"	"e8+e6+3 f4+2 su(3)+3(g2+su(2))"	27	171	1	1	0	0	0	0	0	0	4
24	29	"e8+e6+3 f4+2 su(3)+2(g2+su(2))"	"e8+e6+3 f4+2 su(3)+3(g2+su(2))"	28	171	1	1	0	0	0	0	0	0	11
24	29	"e8+e6+3 f4+2 su(3)+2(g2+su(2))"	"e8+e6+3 f4+2 su(3)+3(g2+su(2))"	29	171	1	1	0	0	0	0	0	0	10
24	29	"e8+e6+3 f4+2 su(3)+2(g2+su(2))"	"e8+e6+3 f4+2 su(3)+3(g2+su(2))"	30	171	1	1	0	0	0	0	0	0	2
24	29	"e8+e6+3 f4+2 su(3)+2(g2+su(2))"	"e8+e6+3 f4+2 su(3)+3(g2+su(2))"	31	171	1	1	0	0	0	0	0	0	4
24	29	"e8+e6+3 f4+2 su(3)+2(g2+su(2))"	"e8+e6+3 f4+2 su(3)+3(g2+su(2))"	32	171	1	1	0	0	0	0	0	0	10
24	29	"e8+e6+3 f4+2 su(3)+2(g2+su(2))"	"e8+e6+3 f4+2 su(3)+4(g2+su(2))"	28	162	2	2	0	0	0	0	0	0	2
24	29	"e8+e6+3 f4+2 su(3)+2(g2+su(2))"	"e8+e6+3 f4+2 su(3)+4(g2+su(2))"	34	162	2	2	0	0	0	0	0	0	4
24	29	"e8+e6+3 f4+2 su(3)+2(g2+su(2))"	"e8+e6+3 f4+3 su(3)+2(g2+su(2))"	24	172	0	1	0	0	0	0	0	0	3
24	29	"e8+e6+3 f4+2 su(3)+2(g2+su(2))"	"e8+e6+3 f4+3 su(3)+2(g2+su(2))"	27	172	0	1	0	0	0	0	0	0	2
24	29	"e8+e6+3 f4+2 su(3)+2(g2+su(2))"	"e8+e6+3 f4+3 su(3)+3(g2+su(2))"	28	163	1	2	0	0	0	0	0	0	4
24	29	"e8+e6+3 f4+2 su(3)+2(g2+su(2))"	"e8+e6+3 f4+3 su(3)+3(g2+su(2))"	32	163	1	2	0	0	0	0	0	0	2
24	29	"e8+e6+3 f4+2 su(3)+2(g2+su(2))"	"e8+e6+3 f4+3 su(3)+3(g2+su(2))"	34	163	1	2	0	0	0	0	0	0	2
24	29	"e8+e6+3 f4+2 su(3)+2(g2+su(2))"	"e8+e6+3 f4+4 su(3)+2(g2+su(2))"	26	164	0	2	0	0	0	0	0	0	2
24	29	"e8+e6+3 f4+2 su(3)+2(g2+su(2))"	"e8+e6+3 f4+4 su(3)+2(g2+su(2))"	28	164	0	2	0	0	0	0	0	0	3
24	30	"e8+e6+3 f4+2 su(3)+2(g2+su(2))"	"e8+e6+3 f4+2 su(3)+3(g2+su(2))"	27	171	1	1	0	0	0	0	0	0	2
24	30	"e8+e6+3 f4+2 su(3)+2(g2+su(2))"	"e8+e6+3 f4+2 su(3)+3(g2+su(2))"	28	171	1	1	0	0	0	0	0	0	43
24	30	"e8+e6+3 f4+2 su(3)+2(g2+su(2))"	"e8+e6+3 f4+2 su(3)+3(g2+su(2))"	29	171	1	1	0	0	0	0	0	0	9
24	30	"e8+e6+3 f4+2 su(3)+2(g2+su(2))"	"e8+e6+3 f4+2 su(3)+3(g2+su(2))"	30	171	1	1	0	0	0	0	0	0	4
24	30	"e8+e6+3 f4+2 su(3)+2(g2+su(2))"	"e8+e6+3 f4+2 su(3)+3(g2+su(2))"	32	171	1	1	0	0	0	0	0	0	2
24	30	"e8+e6+3 f4+2 su(3)+2(g2+su(2))"	"e8+e6+3 f4+2 su(3)+4(g2+su(2))"	28	162	2	2	0	0	0	0	0	0	2
24	30	"e8+e6+3 f4+2 su(3)+2(g2+su(2))"	"e8+e6+3 f4+3 su(3)+2(g2+su(2))"	24	172	0	1	0	0	0	0	0	0	3
24	30	"e8+e6+3 f4+2 su(3)+2(g2+su(2))"	"e8+e6+3 f4+3 su(3)+2(g2+su(2))"	27	172	0	1	0	0	0	0	0	0	2
24	30	"e8+e6+3 f4+2 su(3)+2(g2+su(2))"	"e8+e6+3 f4+3 su(3)+3(g2+su(2))"	28	163	1	2	0	0	0	0	0	0	8
24	30	"e8+e6+3 f4+2 su(3)+2(g2+su(2))"	"e8+e6+3 f4+3 su(3)+3(g2+su(2))"	29	163	1	2	0	0	0	0	0	0	2
24	30	"e8+e6+3 f4+2 su(3)+2(g2+su(2))"	"e8+e6+3 f4+3 su(3)+3(g2+su(2))"	30	163	1	2	0	0	0	0	0	0	2
24	30	"e8+e6+3 f4+2 su(3)+2(g2+su(2))"	"e8+e6+3 f4+3 su(3)+3(g2+su(2))"	32	163	1	2	0	0	0	0	0	0	2
24	30	"e8+e6+3 f4+2 su(3)+2(g2+su(2))"	"e8+e6+3 f4+4 su(3)+2(g2+su(2))"	26	164	0	2	0	0	0	0	0	0	2
24	30	"e8+e6+3 f4+2 su(3)+2(g2+su(2))"	"e8+e6+3 f4+4 su(3)+2(g2+su(2))"	28	164	0	2	0	0	0	0	0	0	3
24	30	"e8+e6+3 f4+2 su(3)+2(g2+su(2))"	"e8+e6+3 f4+su(3)+3(g2+su(2))"	28	179	1	0	0	0	0	0	0	0	42
24	30	"e8+e6+3 f4+2 su(3)+2(g2+su(2))"	"e8+e6+3 f4+su(3)+3(g2+su(2))"	29	179	1	0	0	0	0	0	0	0	9
24	30	"e8+e6+3 f4+2 su(3)+2(g2+su(2))"	"e8+e6+3 f4+su(3)+3(g2+su(2))"	30	179	1	0	0	0	0	0	0	0	3
24	30	"e8+e6+3 f4+2 su(3)+2(g2+su(2))"	"e8+e6+3 f4+su(3)+4(g2+su(2))"	28	170	2	1	0	0	0	0	0	0	8
24	30	"e8+e6+3 f4+2 su(3)+2(g2+su(2))"	"e8+e6+3 f4+su(3)+4(g2+su(2))"	29	170	2	1	0	0	0	0	0	0	2
24	31	"e8+e6+3 f4+su(3)+3(g2+su(2))"	"e8+e6+3 f4+2 su(3)+3(g2+su(2))"	24	171	0	1	0	0	0	0	0	0	2
24	32	"e8+e7+2 f4+4(g2+su(2))"	"e8+e7+2 f4+3(g2+su(2))+so(7)+2 su(2)"	27	173	1	0	0	0	0	0	0	0	2
24	32	"e8+e7+2 f4+4(g2+su(2))"	"e8+e7+2 f4+3(g2+su(2))+so(7)+2 su(2)"	28	173	1	0	0	0	0	0	0	0	14
24	32	"e8+e7+2 f4+4(g2+su(2))"	"e8+e7+2 f4+3(g2+su(2))+so(7)+2 su(2)"	29	173	1	0	0	0	0	0	0	0	14
24	33	"e8+e7+2 f4+3(g2+su(2))"	"e8+e7+2 f4+3(g2+su(2))+so(7)+2 su(2)"	28	173	1	1	0	0	0	0	0	0	2
24	33	"e8+e7+2 f4+3(g2+su(2))"	"e8+e7+2 f4+3(g2+su(2))+so(7)+2 su(2)"	29	173	1	1	0	0	0	0	0	0	2
24	33	"e8+e7+2 f4+3(g2+su(2))"	"e8+e7+2 f4+3(g2+su(2))+so(7)+2 su(2)"	31	173	1	1	0	0	0	0	0	0	3
24	33	"e8+e7+2 f4+3(g2+su(2))"	"e8+e7+2 f4+4(g2+su(2))"	24	175	0	1	0	0	0	0	0	0	2
24	33	"e8+e7+2 f4+3(g2+su(2))"	"e8+e7+2 f4+4(g2+su(2))"	28	175	0	1	0	0	0	0	0	0	2
24	33	"e8+e7+2 f4+3(g2+su(2))"	"e8+e7+2 f4+4(g2+su(2))+so(7)+2 su(2)"	28	164	1	2	0	0	0	0	0	0	2
24	34	"e8+e7+2 f4+3(g2+su(2))"	"e8+e7+2 f4+3(g2+su(2))+so(7)+2 su(2)"	28	173	1	1	0	0	0	0	0	0	13
24	34	"e8+e7+2 f4+3(g2+su(2))"	"e8+e7+2 f4+3(g2+su(2))+so(7)+2 su(2)"	29	173	1	1	0	0	0	0	0	0	4
24	34	"e8+e7+2 f4+3(g2+su(2))"	"e8+e7+2 f4+3(g2+su(2))+so(7)+2 su(2)"	31	173	1	1	0	0	0	0	0	0	3
24	34	"e8+e7+2 f4+3(g2+su(2))"	"e8+e7+2 f4+4(g2+su(2))"	24	175	0	1	0	0	0	0	0	0	2
24	34	"e8+e7+2 f4+3(g2+su(2))"	"e8+e7+2 f4+4(g2+su(2))+so(7)+2 su(2)"	28	164	1	2	0	0	0	0	0	0	6
24	34	"e8+e7+2 f4+3(g2+su(2))"	"e8+e7+2 f4+4(g2+su(2))+so(7)+2 su(2)"	30	164	1	2	0	0	0	0	0	0	2
24	35	"e8+e7+2 f4+4(g2+su(2))"	"e8+e7+2 f4+3(g2+su(2))+2(so(7)+2 su(2))"	29	162	2	1	0	0	0	0	0	0	3
24	35	"e8+e7+2 f4+4(g2+su(2))"	"e8+e7+2 f4+3(g2+su(2))+2(so(7)+2 su(2))"	30	162	2	1	0	0	0	0	0	0	2
24	35	"e8+e7+2 f4+4(g2+su(2))"	"e8+e7+2 f4+3(g2+su(2))+so(7)+2 su(2)"	28	173	1	0	0	0	0	0	0	0	7
24	35	"e8+e7+2 f4+4(g2+su(2))"	"e8+e7+2 f4+3(g2+su(2))+so(7)+2 su(2)"	29	173	1	0	0	0	0	0	0	0	7
24	35	"e8+e7+2 f4+4(g2+su(2))"	"e8+e7+2 f4+4(g2+su(2))+so(7)+2 su(2)"	28	164	1	1	0	0	0	0	0	0	2
24	35	"e8+e7+2 f4+4(g2+su(2))"	"e8+e7+2 f4+4(g2+su(2))+so(7)+2 su(2)"	29	164	1	1	0	0	0	0	0	0	7
24	35	"e8+e7+2 f4+4(g2+su(2))"	"e8+e7+2 f4+4(g2+su(2))+so(7)+2 su(2)"	30	164	1	1	0	0	0	0	0	0	2
24	35	"e8+e7+2 f4+4(g2+su(2))"	"e8+e7+2 f4+4(g2+su(2))+so(7)+2 su(2)"	31	164	1	1	0	0	0	0	0	0	3
24	36	"e8+e7+f4+su(3)+3(g2+su(2))+so(7)+2 su(2)"	"e8+2 e7+f4+2 su(3)+3(g2+su(2))+so(7)+2 su(2)"	31	76	0	1	0	0	0	0	1	0	2
24	36	"e8+e7+f4+su(3)+3(g2+su(2))+so(7)+2 su(2)"	"e8+2 e7+f4+3(g2+su(2))+2(so(7)+2 su(2))"	31	81	2	0	0	0	0	0	1	0	3
24	36	"e8+e7+f4+su(3)+3(g2+su(2))+so(7)+2 su(2)"	"e8+2 e7+f4+4(g2+su(2))+so(7)+2 su(2)"	31	83	1	0	0	0	0	0	1	0	5
24	36	"e8+e7+f4+su(3)+3(g2+su(2))+so(7)+2 su(2)"	"e8+e7+2 f4+3(g2+su(2))+2(so(7)+2 su(2))"	28	162	2	0	0	1	0	0	0	0	4
24	36	"e8+e7+f4+su(3)+3(g2+su(2))+so(7)+2 su(2)"	"e8+e7+2 f4+3(g2+su(2))+2(so(7)+2 su(2))"	29	162	2	0	0	1	0	0	0	0	2
24	36	"e8+e7+f4+su(3)+3(g2+su(2))+so(7)+2 su(2)"	"e8+e7+2 f4+3(g2+su(2))+2(so(7)+2 su(2))"	30	162	2	0	0	1	0	0	0	0	2
24	36	"e8+e7+f4+su(3)+3(g2+su(2))+so(7)+2 su(2)"	"e8+e7+2 f4+4(g2+su(2))+so(7)+2 su(2)"	28	164	1	0	0	1	0	0	0	0	5
24	36	"e8+e7+f4+su(3)+3(g2+su(2))+so(7)+2 su(2)"	"e8+e7+2 f4+4(g2+su(2))+so(7)+2 su(2)"	29	164	1	0	0	1	0	0	0	0	5
24	36	"e8+e7+f4+su(3)+3(g2+su(2))+so(7)+2 su(2)"	"e8+e7+2 f4+4(g2+su(2))+so(7)+2 su(2)"	31	164	1	0	0	1	0	0	0	0	3
24	36	"e8+e7+f4+su(3)+3(g2+su(2))+so(7)+2 su(2)"	"e8+e7+e6+f4+2 su(3)+3(g2+su(2))+so(7)+2 su(2)"	30	131	0	1	0	0	1	0	0	0	2
24	36	"e8+e7+f4+su(3)+3(g2+su(2))+so(7)+2 su(2)"	"e8+e7+e6+f4+3(g2+su(2))+2(so(7)+2 su(2))"	29	136	2	0	0	0	1	0	0	0	3
24	36	"e8+e7+f4+su(3)+3(g2+su(2))+so(7)+2 su(2)"	"e8+e7+e6+f4+3(g2+su(2))+2(so(7)+2 su(2))"	30	136	2	0	0	0	1	0	0	0	2
24	36	"e8+e7+f4+su(3)+3(g2+su(2))+so(7)+2 su(2)"	"e8+e7+e6+f4+4(g2+su(2))+so(7)+2 su(2)"	29	138	1	0	0	0	1	0	0	0	4
24	36	"e8+e7+f4+su(3)+3(g2+su(2))+so(7)+2 su(2)"	"e8+e7+e6+f4+4(g2+su(2))+so(7)+2 su(2)"	30	138	1	0	0	0	1	0	0	0	6
24	36	"e8+e7+f4+su(3)+3(g2+su(2))+so(7)+2 su(2)"	"e8+e7+e7'+f4+3(g2+su(2))+2(so(7)+2 su(2))"	30	109	2	0	0	0	0	1	0	0	3
24	36	"e8+e7+f4+su(3)+3(g2+su(2))+so(7)+2 su(2)"	"e8+e7+e7'+f4+4(g2+su(2))+so(7)+2 su(2)"	30	111	1	0	0	0	0	1	0	0	5
24	36	"e8+e7+f4+su(3)+3(g2+su(2))+so(7)+2 su(2)"	"e8+e7+f4+3(g2+su(2))+2(so(7)+2 su(2))"	26	214	2	0	0	0	0	0	0	0	2
24	36	"e8+e7+f4+su(3)+3(g2+su(2))+so(7)+2 su(2)"	"e8+e7+f4+4(g2+su(2))+so(7)+2 su(2)"	29	216	1	0	0	0	0	0	0	0	4
24	36	"e8+e7+f4+su(3)+3(g2+su(2))+so(7)+2 su(2)"	"e8+e7+f4+4(g2+su(2))+so(7)+2 su(2)"	30	216	1	0	0	0	0	0	0	0	5
24	36	"e8+e7+f4+su(3)+3(g2+su(2))+so(7)+2 su(2)"	"e8+e7+f4+so(8)+2 su(3)+3(g2+su(2))+so(7)+2 su(2)"	28	181	0	1	1	0	0	0	0	0	2
24	36	"e8+e7+f4+su(3)+3(g2+su(2))+so(7)+2 su(2)"	"e8+e7+f4+so(8)+4(g2+su(2))+so(7)+2 su(2)"	27	188	1	0	1	0	0	0	0	0	2
24	37	"e8+e6+2 f4+2 su(3)+3(g2+su(2))"	"e8+e6+2 f4+3 su(3)+3(g2+su(2))"	26	215	0	1	0	0	0	0	0	0	2
24	38	"e8+e7+2 f4+4(g2+su(2))"	"e8+e7+2 f4+3(g2+su(2))+so(7)+2 su(2)"	27	173	1	0	0	0	0	0	0	0	2
24	38	"e8+e7+2 f4+4(g2+su(2))"	"e8+e7+2 f4+3(g2+su(2))+so(7)+2 su(2)"	28	173	1	0	0	0	0	0	0	0	13
24	38	"e8+e7+2 f4+4(g2+su(2))"	"e8+e7+2 f4+3(g2+su(2))+so(7)+2 su(2)"	29	173	1	0	0	0	0	0	0	0	12
24	38	"e8+e7+2 f4+4(g2+su(2))"	"e8+e7+2 f4+3(g2+su(2))+so(7)+2 su(2)"	30	173	1	0	0	0	0	0	0	0	6
24	38	"e8+e7+2 f4+4(g2+su(2))"	"e8+e7+2 f4+3(g2+su(2))+so(7)+2 su(2)"	31	173	1	0	0	0	0	0	0	0	2
24	38	"e8+e7+2 f4+4(g2+su(2))"	"e8+e7+2 f4+4(g2+su(2))+so(7)+2 su(2)"	28	164	2	1	0	0	0	0	0	0	10
24	38	"e8+e7+2 f4+4(g2+su(2))"	"e8+e7+2 f4+4(g2+su(2))+so(7)+2 su(2)"	29	164	2	1	0	0	0	0	0	0	6
24	38	"e8+e7+2 f4+4(g2+su(2))"	"e8+e7+2 f4+4(g2+su(2))+so(7)+2 su(2)"	30	164	2	1	0	0	0	0	0	0	4
24	38	"e8+e7+2 f4+4(g2+su(2))"	"e8+e7+2 f4+5(g2+su(2))"	28	166	1	1	0	0	0	0	0	0	8
24	38	"e8+e7+2 f4+4(g2+su(2))"	"e8+e7+2 f4+5(g2+su(2))"	29	166	1	1	0	0	0	0	0	0	4
24	38	"e8+e7+2 f4+4(g2+su(2))"	"e8+e7+2 f4+5(g2+su(2))"	31	166	1	1	0	0	0	0	0	0	2
24	38	"e8+e7+2 f4+4(g2+su(2))"	"e8+e7+2 f4+5(g2+su(2))"	32	166	1	1	0	0	0	0	0	0	6
24	38	"e8+e7+2 f4+4(g2+su(2))"	"e8+e7+2 f4+su(3)+3(g2+su(2))+so(7)+2 su(2)"	26	165	1	1	0	0	0	0	0	0	2
24	38	"e8+e7+2 f4+4(g2+su(2))"	"e8+e7+2 f4+su(3)+3(g2+su(2))+so(7)+2 su(2)"	28	165	1	1	0	0	0	0	0	0	8
24	38	"e8+e7+2 f4+4(g2+su(2))"	"e8+e7+2 f4+su(3)+3(g2+su(2))+so(7)+2 su(2)"	29	165	1	1	0	0	0	0	0	0	6
24	38	"e8+e7+2 f4+4(g2+su(2))"	"e8+e7+2 f4+su(3)+3(g2+su(2))+so(7)+2 su(2)"	30	165	1	1	0	0	0	0	0	0	4
24	38	"e8+e7+2 f4+4(g2+su(2))"	"e8+e7+2 f4+su(3)+3(g2+su(2))+so(7)+2 su(2)"	31	165	1	1	0	0	0	0	0	0	2
24	38	"e8+e7+2 f4+4(g2+su(2))"	"e8+e7+2 f4+su(3)+4(g2+su(2))"	24	167	0	1	0	0	0	0	0	0	2
24	39	"e8+e7+2 f4+4(g2+su(2))"	"e8+e7+2 f4+3(g2+su(2))+so(7)+2 su(2)"	28	173	1	0	0	0	0	0	0	0	4
24	39	"e8+e7+2 f4+4(g2+su(2))"	"e8+e7+2 f4+3(g2+su(2))+so(7)+2 su(2)"	29	173	1	0	0	0	0	0	0	0	4
24	39	"e8+e7+2 f4+4(g2+su(2))"	"e8+e7+2 f4+3(g2+su(2))+so(7)+2 su(2)"	30	173	1	0	0	0	0	0	0	0	2
24	39	"e8+e7+2 f4+4(g2+su(2))"	"e8+e7+2 f4+4(g2+su(2))+so(7)+2 su(2)"	28	164	1	1	0	0	0	0	0	0	2
24	39	"e8+e7+2 f4+4(g2+su(2))"	"e8+e7+2 f4+4(g2+su(2))+so(7)+2 su(2)"	29	164	1	1	0	0	0	0	0	0	7
24	39	"e8+e7+2 f4+4(g2+su(2))"	"e8+e7+2 f4+4(g2+su(2))+so(7)+2 su(2)"	30	164	1	1	0	0	0	0	0	0	2
24	39	"e8+e7+2 f4+4(g2+su(2))"	"e8+e7+2 f4+4(g2+su(2))+so(7)+2 su(2)"	31	164	1	1	0	0	0	0	0	0	3
24	40	"e8+e7+2 f4+4(g2+su(2))"	"e8+e7+2 f4+5(g2+su(2))"	28	166	1	1	0	0	0	0	0	0	8
24	40	"e8+e7+2 f4+4(g2+su(2))"	"e8+e7+2 f4+5(g2+su(2))"	29	166	1	1	0	0	0	0	0	0	4
24	40	"e8+e7+2 f4+4(g2+su(2))"	"e8+e7+2 f4+5(g2+su(2))"	31	166	1	1	0	0	0	0	0	0	2
24	40	"e8+e7+2 f4+4(g2+su(2))"	"e8+e7+2 f4+5(g2+su(2))"	32	166	1	1	0	0	0	0	0	0	6
24	40	"e8+e7+2 f4+4(g2+su(2))"	"e8+e7+2 f4+su(3)+4(g2+su(2))"	24	167	0	1	0	0	0	0	0	0	2
24	41	"e8+e7'+3 f4+su(3)+3(g2+su(2))"	"e8+e7'+3 f4+4(g2+su(2))"	29	151	1	0	0	0	0	0	0	0	2
24	42	"e8+e7'+3 f4+su(3)+3(g2+su(2))"	"e8+e7'+3 f4+4(g2+su(2))"	29	151	1	0	0	0	0	0	0	0	2
24	43	"2 e7+2 f4+3(g2+su(2))+so(7)+2 su(2)"	"2 e7+e7'+2 f4+3(g2+su(2))+2(so(7)+2 su(2))"	28	172	1	1	0	0	0	1	0	0	2
24	43	"2 e7+2 f4+3(g2+su(2))+so(7)+2 su(2)"	"3 e7+2 f4+3(g2+su(2))+2(so(7)+2 su(2))"	29	144	1	1	0	0	0	0	1	0	3
24	43	"2 e7+2 f4+3(g2+su(2))+so(7)+2 su(2)"	"3 e7+2 f4+3(g2+su(2))+2(so(7)+2 su(2))"	33	144	1	1	0	0	0	0	1	0	2
24	43	"2 e7+2 f4+3(g2+su(2))+so(7)+2 su(2)"	"e8+2 e7+2 f4+3(g2+su(2))+2(so(7)+2 su(2))"	33	29	1	1	0	0	0	0	0	1	3
24	44	"2 e7+2 f4+2(g2+su(2))+2(so(7)+2 su(2))"	"2 e7+e7'+2 f4+3(g2+su(2))+2(so(7)+2 su(2))"	28	172	1	1	0	0	0	1	0	0	3
24	44	"2 e7+2 f4+2(g2+su(2))+2(so(7)+2 su(2))"	"3 e7+2 f4+3(g2+su(2))+2(so(7)+2 su(2))"	29	144	1	1	0	0	0	0	1	0	3
24	44	"2 e7+2 f4+2(g2+su(2))+2(so(7)+2 su(2))"	"3 e7+2 f4+3(g2+su(2))+2(so(7)+2 su(2))"	30	144	1	1	0	0	0	0	1	0	3
24	44	"2 e7+2 f4+2(g2+su(2))+2(so(7)+2 su(2))"	"e8+2 e7+2 f4+3(g2+su(2))+2(so(7)+2 su(2))"	33	29	1	1	0	0	0	0	0	1	3
24	45	"e8+e7+f4+4(g2+su(2))+so(7)+2 su(2)"	"e8+2 e7+f4+3(g2+su(2))+2(so(7)+2 su(2))"	31	81	1	0	0	0	0	0	1	0	3
24	45	"e8+e7+f4+4(g2+su(2))+so(7)+2 su(2)"	"e8+e7+2 f4+3(g2+su(2))+2(so(7)+2 su(2))"	28	162	1	0	0	1	0	0	0	0	6
24	45	"e8+e7+f4+4(g2+su(2))+so(7)+2 su(2)"	"e8+e7+2 f4+3(g2+su(2))+2(so(7)+2 su(2))"	29	162	1	0	0	1	0	0	0	0	2
24	45	"e8+e7+f4+4(g2+su(2))+so(7)+2 su(2)"	"e8+e7+2 f4+3(g2+su(2))+2(so(7)+2 su(2))"	30	162	1	0	0	1	0	0	0	0	4
24	45	"e8+e7+f4+4(g2+su(2))+so(7)+2 su(2)"	"e8+e7+e6+f4+3(g2+su(2))+2(so(7)+2 su(2))"	29	136	1	0	0	0	1	0	0	0	5
24	45	"e8+e7+f4+4(g2+su(2))+so(7)+2 su(2)"	"e8+e7+e7'+f4+3(g2+su(2))+2(so(7)+2 su(2))"	30	109	1	0	0	0	0	1	0	0	3
24	45	"e8+e7+f4+4(g2+su(2))+so(7)+2 su(2)"	"e8+e7+f4+3(g2+su(2))+2(so(7)+2 su(2))"	26	214	1	0	0	0	0	0	0	0	3
24	45	"e8+e7+f4+4(g2+su(2))+so(7)+2 su(2)"	"e8+e7+f4+3(g2+su(2))+2(so(7)+2 su(2))"	29	214	1	0	0	0	0	0	0	0	2
24	45	"e8+e7+f4+4(g2+su(2))+so(7)+2 su(2)"	"e8+e7+f4+so(8)+3(g2+su(2))+2(so(7)+2 su(2))"	27	186	1	0	1	0	0	0	0	0	2
24	46	"2 e7+2 f4+su(3)+3(g2+su(2))+so(7)+2 su(2)"	"2 e7+2 f4+2 su(3)+3(g2+su(2))+so(7)+2 su(2)"	24	272	0	1	0	0	0	0	0	0	2
24	46	"2 e7+2 f4+su(3)+3(g2+su(2))+so(7)+2 su(2)"	"2 e7+2 f4+so(8)+su(3)+3(g2+su(2))+so(7)+2 su(2)"	24	252	0	0	1	0	0	0	0	0	3
24	46	"2 e7+2 f4+su(3)+3(g2+su(2))+so(7)+2 su(2)"	"2 e7+3 f4+2 su(3)+3(g2+su(2))+so(7)+2 su(2)"	24	220	0	1	0	1	0	0	0	0	2
24	46	"2 e7+2 f4+su(3)+3(g2+su(2))+so(7)+2 su(2)"	"2 e7+3 f4+so(8)+su(3)+3(g2+su(2))+so(7)+2 su(2)"	25	200	0	0	1	1	0	0	0	0	2
24	46	"2 e7+2 f4+su(3)+3(g2+su(2))+so(7)+2 su(2)"	"2 e7+3 f4+su(3)+3(g2+su(2))+so(7)+2 su(2)"	24	228	0	0	0	1	0	0	0	0	2
24	46	"2 e7+2 f4+su(3)+3(g2+su(2))+so(7)+2 su(2)"	"2 e7+e6+2 f4+2 su(3)+3(g2+su(2))+so(7)+2 su(2)"	25	194	0	1	0	0	1	0	0	0	2
24	46	"2 e7+2 f4+su(3)+3(g2+su(2))+so(7)+2 su(2)"	"2 e7+e6+2 f4+so(8)+su(3)+3(g2+su(2))+so(7)+2 su(2)"	26	174	0	0	1	0	1	0	0	0	2
24	46	"2 e7+2 f4+su(3)+3(g2+su(2))+so(7)+2 su(2)"	"2 e7+e6+2 f4+su(3)+3(g2+su(2))+so(7)+2 su(2)"	24	202	0	0	0	0	1	0	0	0	2
24	46	"2 e7+2 f4+su(3)+3(g2+su(2))+so(7)+2 su(2)"	"2 e7+e6+3 f4+su(3)+3(g2+su(2))+so(7)+2 su(2)"	27	150	0	0	0	1	1	0	0	0	2
24	46	"2 e7+2 f4+su(3)+3(g2+su(2))+so(7)+2 su(2)"	"3 e7+2 f4+2 su(3)+4(g2+su(2))+so(7)+2 su(2)"	36	130	1	2	0	0	0	0	1	0	2
24	46	"2 e7+2 f4+su(3)+3(g2+su(2))+so(7)+2 su(2)"	"3 e7+2 f4+su(3)+4(g2+su(2))+so(7)+2 su(2)"	33	138	1	1	0	0	0	0	1	0	3
24	46	"2 e7+2 f4+su(3)+3(g2+su(2))+so(7)+2 su(2)"	"3 e7+2 f4+su(3)+4(g2+su(2))+so(7)+2 su(2)"	35	138	1	1	0	0	0	0	1	0	2
24	46	"2 e7+2 f4+su(3)+3(g2+su(2))+so(7)+2 su(2)"	"3 e7+2 f4+su(3)+4(g2+su(2))+so(7)+2 su(2)"	37	138	1	1	0	0	0	0	1	0	2
24	46	"2 e7+2 f4+su(3)+3(g2+su(2))+so(7)+2 su(2)"	"3 e7+2 f4+su(3)+4(g2+su(2))+so(7)+2 su(2)"	39	138	1	1	0	0	0	0	1	0	2
24	47	"e8+e6+3 f4+2 su(3)+2(g2+su(2))"	"e8+e6+3 f4+2 su(3)+2(g2+su(2))+so(7)+2 su(2)"	28	169	1	1	0	0	0	0	0	0	2
24	47	"e8+e6+3 f4+2 su(3)+2(g2+su(2))"	"e8+e6+3 f4+2 su(3)+2(g2+su(2))+so(7)+2 su(2)"	29	169	1	1	0	0	0	0	0	0	5
24	47	"e8+e6+3 f4+2 su(3)+2(g2+su(2))"	"e8+e6+3 f4+2 su(3)+2(g2+su(2))+so(7)+2 su(2)"	30	169	1	1	0	0	0	0	0	0	2
24	47	"e8+e6+3 f4+2 su(3)+2(g2+su(2))"	"e8+e6+3 f4+2 su(3)+2(g2+su(2))+so(7)+2 su(2)"	31	169	1	1	0	0	0	0	0	0	3
24	48	"e8+e7+2 f4+su(3)+4(g2+su(2))"	"e8+e7+2 f4+2 su(3)+4(g2+su(2))"	29	159	0	1	0	0	0	0	0	0	2
24	48	"e8+e7+2 f4+su(3)+4(g2+su(2))"	"e8+e7+2 f4+2 su(3)+4(g2+su(2))"	30	159	0	1	0	0	0	0	0	0	2
24	48	"e8+e7+2 f4+su(3)+4(g2+su(2))"	"e8+e7+2 f4+2 su(3)+5(g2+su(2))"	31	150	1	2	0	0	0	0	0	0	2
24	48	"e8+e7+2 f4+su(3)+4(g2+su(2))"	"e8+e7+2 f4+4(g2+su(2))+so(7)+2 su(2)"	28	164	2	0	0	0	0	0	0	0	6
24	48	"e8+e7+2 f4+su(3)+4(g2+su(2))"	"e8+e7+2 f4+4(g2+su(2))+so(7)+2 su(2)"	29	164	2	0	0	0	0	0	0	0	11
24	48	"e8+e7+2 f4+su(3)+4(g2+su(2))"	"e8+e7+2 f4+4(g2+su(2))+so(7)+2 su(2)"	30	164	2	0	0	0	0	0	0	0	4
24	48	"e8+e7+2 f4+su(3)+4(g2+su(2))"	"e8+e7+2 f4+5(g2+su(2))"	28	166	1	0	0	0	0	0	0	0	3
24	48	"e8+e7+2 f4+su(3)+4(g2+su(2))"	"e8+e7+2 f4+5(g2+su(2))"	29	166	1	0	0	0	0	0	0	0	8
24	48	"e8+e7+2 f4+su(3)+4(g2+su(2))"	"e8+e7+2 f4+5(g2+su(2))"	30	166	1	0	0	0	0	0	0	0	7
24	48	"e8+e7+2 f4+su(3)+4(g2+su(2))"	"e8+e7+2 f4+6(g2+su(2))"	31	157	2	1	0	0	0	0	0	0	3
24	48	"e8+e7+2 f4+su(3)+4(g2+su(2))"	"e8+e7+2 f4+su(3)+5(g2+su(2))"	29	158	1	1	0	0	0	0	0	0	2
24	48	"e8+e7+2 f4+su(3)+4(g2+su(2))"	"e8+e7+2 f4+su(3)+5(g2+su(2))"	30	158	1	1	0	0	0	0	0	0	2
24	48	"e8+e7+2 f4+su(3)+4(g2+su(2))"	"e8+e7+2 f4+su(3)+5(g2+su(2))"	31	158	1	1	0	0	0	0	0	0	4
24	48	"e8+e7+2 f4+su(3)+4(g2+su(2))"	"e8+e7+2 f4+su(3)+5(g2+su(2))"	33	158	1	1	0	0	0	0	0	0	5
24	49	"e8+e6+3 f4+su(3)+3(g2+su(2))"	"e8+e6+3 f4+2 su(3)+3(g2+su(2))"	24	171	0	1	0	0	0	0	0	0	2
24	49	"e8+e6+3 f4+su(3)+3(g2+su(2))"	"e8+e6+3 f4+2 su(3)+4(g2+su(2))"	30	162	1	2	0	0	0	0	0	0	2
24	49	"e8+e6+3 f4+su(3)+3(g2+su(2))"	"e8+e6+3 f4+4(g2+su(2))"	28	178	1	0	0	0	0	0	0	0	26
24	49	"e8+e6+3 f4+su(3)+3(g2+su(2))"	"e8+e6+3 f4+4(g2+su(2))"	29	178	1	0	0	0	0	0	0	0	6
24	49	"e8+e6+3 f4+su(3)+3(g2+su(2))"	"e8+e6+3 f4+4(g2+su(2))"	30	178	1	0	0	0	0	0	0	0	3
24	49	"e8+e6+3 f4+su(3)+3(g2+su(2))"	"e8+e6+3 f4+5(g2+su(2))"	28	169	2	1	0	0	0	0	0	0	3
24	49	"e8+e6+3 f4+su(3)+3(g2+su(2))"	"e8+e6+3 f4+su(3)+4(g2+su(2))"	28	170	1	1	0	0	0	0	0	0	14
24	49	"e8+e6+3 f4+su(3)+3(g2+su(2))"	"e8+e6+3 f4+su(3)+4(g2+su(2))"	29	170	1	1	0	0	0	0	0	0	5
24	49	"e8+e6+3 f4+su(3)+3(g2+su(2))"	"e8+e6+3 f4+su(3)+4(g2+su(2))"	30	170	1	1	0	0	0	0	0	0	2
24	49	"e8+e6+3 f4+su(3)+3(g2+su(2))"	"e8+e6+3 f4+su(3)+4(g2+su(2))"	32	170	1	1	0	0	0	0	0	0	2
24	51	"e8+e6+3 f4+2 su(3)+2(g2+su(2))"	"e8+e6+3 f4+2 su(3)+2(g2+su(2))+so(7)+2 su(2)"	28	169	1	1	0	0	0	0	0	0	2
24	51	"e8+e6+3 f4+2 su(3)+2(g2+su(2))"	"e8+e6+3 f4+2 su(3)+2(g2+su(2))+so(7)+2 su(2)"	29	169	1	1	0	0	0	0	0	0	2
24	51	"e8+e6+3 f4+2 su(3)+2(g2+su(2))"	"e8+e6+3 f4+2 su(3)+3(g2+su(2))"	28	171	1	1	0	0	0	0	0	0	4
24	51	"e8+e6+3 f4+2 su(3)+2(g2+su(2))"	"e8+e6+3 f4+2 su(3)+3(g2+su(2))"	29	171	1	1	0	0	0	0	0	0	2
24	51	"e8+e6+3 f4+2 su(3)+2(g2+su(2))"	"e8+e6+3 f4+2 su(3)+4(g2+su(2))"	30	162	1	2	0	0	0	0	0	0	2
24	51	"e8+e6+3 f4+2 su(3)+2(g2+su(2))"	"e8+e6+3 f4+su(3)+3(g2+su(2))"	28	179	1	0	0	0	0	0	0	0	13
24	51	"e8+e6+3 f4+2 su(3)+2(g2+su(2))"	"e8+e6+3 f4+su(3)+3(g2+su(2))"	29	179	1	0	0	0	0	0	0	0	4
24	51	"e8+e6+3 f4+2 su(3)+2(g2+su(2))"	"e8+e6+3 f4+su(3)+3(g2+su(2))"	30	179	1	0	0	0	0	0	0	0	3
24	51	"e8+e6+3 f4+2 su(3)+2(g2+su(2))"	"e8+e6+3 f4+su(3)+3(g2+su(2))+so(7)+2 su(2)"	28	168	2	1	0	0	0	0	0	0	4
24	51	"e8+e6+3 f4+2 su(3)+2(g2+su(2))"	"e8+e6+3 f4+su(3)+4(g2+su(2))"	28	170	1	1	0	0	0	0	0	0	6
24	52	"e8+e6+3 f4+su(3)+3(g2+su(2))"	"e8+e6+3 f4+su(3)+3(g2+su(2))+so(7)+2 su(2)"	28	168	1	1	0	0	0	0	0	0	3
24	52	"e8+e6+3 f4+su(3)+3(g2+su(2))"	"e8+e6+3 f4+su(3)+3(g2+su(2))+so(7)+2 su(2)"	31	168	1	1	0	0	0	0	0	0	3
24	53	"e8+e7+2 f4+4(g2+su(2))"	"e8+e7+2 f4+3(g2+su(2))+2(so(7)+2 su(2))"	28	162	2	1	0	0	0	0	0	0	3
24	53	"e8+e7+2 f4+4(g2+su(2))"	"e8+e7+2 f4+3(g2+su(2))+2(so(7)+2 su(2))"	30	162	2	1	0	0	0	0	0	0	2
24	53	"e8+e7+2 f4+4(g2+su(2))"	"e8+e7+2 f4+3(g2+su(2))+so(7)+2 su(2)"	28	173	1	0	0	0	0	0	0	0	9
24	53	"e8+e7+2 f4+4(g2+su(2))"	"e8+e7+2 f4+3(g2+su(2))+so(7)+2 su(2)"	29	173	1	0	0	0	0	0	0	0	6
24	53	"e8+e7+2 f4+4(g2+su(2))"	"e8+e7+2 f4+4(g2+su(2))+so(7)+2 su(2)"	28	164	1	1	0	0	0	0	0	0	6
24	53	"e8+e7+2 f4+4(g2+su(2))"	"e8+e7+2 f4+4(g2+su(2))+so(7)+2 su(2)"	29	164	1	1	0	0	0	0	0	0	3
24	53	"e8+e7+2 f4+4(g2+su(2))"	"e8+e7+2 f4+4(g2+su(2))+so(7)+2 su(2)"	30	164	1	1	0	0	0	0	0	0	2
24	53	"e8+e7+2 f4+4(g2+su(2))"	"e8+e7+2 f4+4(g2+su(2))+so(7)+2 su(2)"	31	164	1	1	0	0	0	0	0	0	3
24	54	"e8+e7+2 f4+4(g2+su(2))"	"e8+e7+2 f4+3(g2+su(2))+so(7)+2 su(2)"	28	173	1	0	0	0	0	0	0	0	4
24	54	"e8+e7+2 f4+4(g2+su(2))"	"e8+e7+2 f4+3(g2+su(2))+so(7)+2 su(2)"	29	173	1	0	0	0	0	0	0	0	3
24	54	"e8+e7+2 f4+4(g2+su(2))"	"e8+e7+2 f4+4(g2+su(2))+so(7)+2 su(2)"	28	164	1	1	0	0	0	0	0	0	3
24	54	"e8+e7+2 f4+4(g2+su(2))"	"e8+e7+2 f4+4(g2+su(2))+so(7)+2 su(2)"	31	164	1	1	0	0	0	0	0	0	3
24	55	"e8+e7+2 f4+su(3)+4(g2+su(2))"	"e8+e7+2 f4+2 su(3)+4(g2+su(2))"	33	159	0	1	0	0	0	0	0	0	2
24	55	"e8+e7+2 f4+su(3)+4(g2+su(2))"	"e8+e7+2 f4+5(g2+su(2))"	30	166	1	0	0	0	0	0	0	0	2
24	55	"e8+e7+2 f4+su(3)+4(g2+su(2))"	"e8+e7+2 f4+su(3)+5(g2+su(2))"	31	158	1	1	0	0	0	0	0	0	5
24	55	"e8+e7+2 f4+su(3)+4(g2+su(2))"	"e8+e7+2 f4+su(3)+5(g2+su(2))"	32	158	1	1	0	0	0	0	0	0	4
24	55	"e8+e7+2 f4+su(3)+4(g2+su(2))"	"e8+e7+2 f4+su(3)+5(g2+su(2))"	33	158	1	1	0	0	0	0	0	0	3
24	57	"e8+e6+2 f4+su(3)+4(g2+su(2))"	"e8+2 e6+2 f4+su(3)+3(g2+su(2))+so(7)+2 su(2)"	29	142	1	0	0	0	1	0	0	0	2
24	57	"e8+e6+2 f4+su(3)+4(g2+su(2))"	"e8+e6+2 f4+su(3)+3(g2+su(2))+so(7)+2 su(2)"	29	220	1	0	0	0	0	0	0	0	3
24	57	"e8+e6+2 f4+su(3)+4(g2+su(2))"	"e8+e6+3 f4+su(3)+3(g2+su(2))+so(7)+2 su(2)"	28	168	1	0	0	1	0	0	0	0	3
24	57	"e8+e6+2 f4+su(3)+4(g2+su(2))"	"e8+e6+3 f4+su(3)+3(g2+su(2))+so(7)+2 su(2)"	31	168	1	0	0	1	0	0	0	0	3
24	58	"e8+e7'+2 f4+su(3)+4(g2+su(2))"	"e8+e7'+2 f4+5(g2+su(2))"	31	194	1	0	0	0	0	0	0	0	2
24	58	"e8+e7'+2 f4+su(3)+4(g2+su(2))"	"e8+e7'+2 f4+5(g2+su(2))"	32	194	1	0	0	0	0	0	0	0	2
24	58	"e8+e7'+2 f4+su(3)+4(g2+su(2))"	"e8+e7'+2 f4+so(8)+su(3)+3(g2+su(2))+so(7)+2 su(2)"	31	165	1	0	1	0	0	0	0	0	2
24	58	"e8+e7'+2 f4+su(3)+4(g2+su(2))"	"e8+e7'+2 f4+su(3)+3(g2+su(2))+so(7)+2 su(2)"	30	193	1	0	0	0	0	0	0	0	2
24	59	"e8+e7+2 f4+4(g2+su(2))"	"e8+e7+2 f4+3(g2+su(2))+2(so(7)+2 su(2))"	28	162	2	1	0	0	0	0	0	0	3
24	59	"e8+e7+2 f4+4(g2+su(2))"	"e8+e7+2 f4+3(g2+su(2))+so(7)+2 su(2)"	28	173	1	0	0	0	0	0	0	0	5
24	59	"e8+e7+2 f4+4(g2+su(2))"	"e8+e7+2 f4+3(g2+su(2))+so(7)+2 su(2)"	29	173	1	0	0	0	0	0	0	0	3
24	59	"e8+e7+2 f4+4(g2+su(2))"	"e8+e7+2 f4+3(g2+su(2))+so(7)+2 su(2)"	30	173	1	0	0	0	0	0	0	0	2
24	59	"e8+e7+2 f4+4(g2+su(2))"	"e8+e7+2 f4+4(g2+su(2))+so(7)+2 su(2)"	28	164	1	1	0	0	0	0	0	0	6
24	59	"e8+e7+2 f4+4(g2+su(2))"	"e8+e7+2 f4+4(g2+su(2))+so(7)+2 su(2)"	29	164	1	1	0	0	0	0	0	0	3
24	59	"e8+e7+2 f4+4(g2+su(2))"	"e8+e7+2 f4+4(g2+su(2))+so(7)+2 su(2)"	30	164	1	1	0	0	0	0	0	0	2
24	59	"e8+e7+2 f4+4(g2+su(2))"	"e8+e7+2 f4+4(g2+su(2))+so(7)+2 su(2)"	31	164	1	1	0	0	0	0	0	0	3
24	60	"e8+e7+2 f4+4(g2+su(2))"	"e8+e7+2 f4+4(g2+su(2))+so(7)+2 su(2)"	28	164	1	1	0	0	0	0	0	0	3
24	60	"e8+e7+2 f4+4(g2+su(2))"	"e8+e7+2 f4+4(g2+su(2))+so(7)+2 su(2)"	31	164	1	1	0	0	0	0	0	0	3
24	61	"e8+e7+2 f4+su(3)+3(g2+su(2))+so(7)+2 su(2)"	"e8+e7+2 f4+2 su(3)+3(g2+su(2))+so(7)+2 su(2)"	30	157	0	1	0	0	0	0	0	0	2
24	61	"e8+e7+2 f4+su(3)+3(g2+su(2))+so(7)+2 su(2)"	"e8+e7+2 f4+3(g2+su(2))+2(so(7)+2 su(2))"	28	162	2	0	0	0	0	0	0	0	6
24	61	"e8+e7+2 f4+su(3)+3(g2+su(2))+so(7)+2 su(2)"	"e8+e7+2 f4+3(g2+su(2))+2(so(7)+2 su(2))"	29	162	2	0	0	0	0	0	0	0	2
24	61	"e8+e7+2 f4+su(3)+3(g2+su(2))+so(7)+2 su(2)"	"e8+e7+2 f4+3(g2+su(2))+2(so(7)+2 su(2))"	30	162	2	0	0	0	0	0	0	0	4
24	61	"e8+e7+2 f4+su(3)+3(g2+su(2))+so(7)+2 su(2)"	"e8+e7+2 f4+4(g2+su(2))+so(7)+2 su(2)"	28	164	1	0	0	0	0	0	0	0	8
24	61	"e8+e7+2 f4+su(3)+3(g2+su(2))+so(7)+2 su(2)"	"e8+e7+2 f4+4(g2+su(2))+so(7)+2 su(2)"	29	164	1	0	0	0	0	0	0	0	4
24	61	"e8+e7+2 f4+su(3)+3(g2+su(2))+so(7)+2 su(2)"	"e8+e7+2 f4+4(g2+su(2))+so(7)+2 su(2)"	30	164	1	0	0	0	0	0	0	0	5
24	62	"e8+e6+3 f4+su(3)+3(g2+su(2))"	"e8+e6+3 f4+2 su(3)+3(g2+su(2))"	29	171	0	1	0	0	0	0	0	0	2
24	62	"e8+e6+3 f4+su(3)+3(g2+su(2))"	"e8+e6+3 f4+4(g2+su(2))"	28	178	1	0	0	0	0	0	0	0	12
24	62	"e8+e6+3 f4+su(3)+3(g2+su(2))"	"e8+e6+3 f4+4(g2+su(2))"	29	178	1	0	0	0	0	0	0	0	5
24	62	"e8+e6+3 f4+su(3)+3(g2+su(2))"	"e8+e6+3 f4+4(g2+su(2))"	30	178	1	0	0	0	0	0	0	0	3
24	62	"e8+e6+3 f4+su(3)+3(g2+su(2))"	"e8+e6+3 f4+su(3)+4(g2+su(2))"	28	170	1	1	0	0	0	0	0	0	2
24	62	"e8+e6+3 f4+su(3)+3(g2+su(2))"	"e8+e6+3 f4+su(3)+4(g2+su(2))"	29	170	1	1	0	0	0	0	0	0	4
24	62	"e8+e6+3 f4+su(3)+3(g2+su(2))"	"e8+e6+3 f4+su(3)+4(g2+su(2))"	32	170	1	1	0	0	0	0	0	0	2
24	64	"3 e7+f4+g2+su(2)+2(so(7)+2 su(2))"	"3 e7+f4+2(g2+su(2))+2(so(7)+2 su(2))"	24	205	0	1	0	0	0	0	0	0	2
24	64	"3 e7+f4+g2+su(2)+2(so(7)+2 su(2))"	"3 e7+f4+2(g2+su(2))+2(so(7)+2 su(2))"	26	205	0	1	0	0	0	0	0	0	4
24	64	"3 e7+f4+g2+su(2)+2(so(7)+2 su(2))"	"3 e7+f4+2(g2+su(2))+3(so(7)+2 su(2))"	27	194	1	2	0	0	0	0	0	0	4
24	64	"3 e7+f4+g2+su(2)+2(so(7)+2 su(2))"	"3 e7+f4+g2+su(2)+3(so(7)+2 su(2))"	26	203	1	1	0	0	0	0	0	0	4
24	64	"3 e7+f4+g2+su(2)+2(so(7)+2 su(2))"	"3 e7+f4+su(3)+2(g2+su(2))+2(so(7)+2 su(2))"	25	197	0	2	0	0	0	0	0	0	4
24	64	"3 e7+f4+g2+su(2)+2(so(7)+2 su(2))"	"3 e7+f4+su(3)+3(g2+su(2))+2(so(7)+2 su(2))"	27	188	0	3	0	0	0	0	0	0	4
24	64	"3 e7+f4+g2+su(2)+2(so(7)+2 su(2))"	"3 e7+f4+su(3)+g2+su(2)+2(so(7)+2 su(2))"	24	206	0	1	0	0	0	0	0	0	2
24	65	"3 e7+4(so(7)+2 su(2))"	"3 e7+e6+g2+su(2)+4(so(7)+2 su(2))"	29	166	1	1	0	0	1	0	0	0	4
24	65	"3 e7+4(so(7)+2 su(2))"	"3 e7+e7'+g2+su(2)+4(so(7)+2 su(2))"	29	139	1	1	0	0	0	1	0	0	2
24	65	"3 e7+4(so(7)+2 su(2))"	"3 e7+e7'+g2+su(2)+4(so(7)+2 su(2))"	30	139	1	1	0	0	0	1	0	0	2
24	65	"3 e7+4(so(7)+2 su(2))"	"3 e7+e7'+su(3)+4(so(7)+2 su(2))"	30	140	0	1	0	0	0	1	0	0	2
24	65	"3 e7+4(so(7)+2 su(2))"	"3 e7+g2+su(2)+4(so(7)+2 su(2))"	25	244	1	1	0	0	0	0	0	0	5
24	65	"3 e7+4(so(7)+2 su(2))"	"4 e7+g2+su(2)+4(so(7)+2 su(2))"	30	111	1	1	0	0	0	0	1	0	4
24	65	"3 e7+4(so(7)+2 su(2))"	"4 e7+su(3)+4(so(7)+2 su(2))"	30	112	0	1	0	0	0	0	1	0	3
24	66	"3 e7+g2+su(2)+3(so(7)+2 su(2))"	"3 e7+2(g2+su(2))+3(so(7)+2 su(2))"	24	246	1	1	0	0	0	0	0	0	2
24	66	"3 e7+g2+su(2)+3(so(7)+2 su(2))"	"3 e7+4(so(7)+2 su(2))"	24	253	1	0	0	0	0	0	0	0	2
24	66	"3 e7+g2+su(2)+3(so(7)+2 su(2))"	"3 e7+4(so(7)+2 su(2))"	29	253	1	0	0	0	0	0	0	0	6
24	66	"3 e7+g2+su(2)+3(so(7)+2 su(2))"	"3 e7+4(so(7)+2 su(2))"	30	253	1	0	0	0	0	0	0	0	2
24	66	"3 e7+g2+su(2)+3(so(7)+2 su(2))"	"3 e7+4(so(7)+2 su(2))"	31	253	1	0	0	0	0	0	0	0	2
24	66	"3 e7+g2+su(2)+3(so(7)+2 su(2))"	"3 e7+4(so(7)+2 su(2))"	32	253	1	0	0	0	0	0	0	0	2
24	66	"3 e7+g2+su(2)+3(so(7)+2 su(2))"	"3 e7+5(so(7)+2 su(2))"	25	242	3	1	0	0	0	0	0	0	6
24	66	"3 e7+g2+su(2)+3(so(7)+2 su(2))"	"3 e7+e6+2(g2+su(2))+3(so(7)+2 su(2))"	28	168	1	1	0	0	1	0	0	0	11
24	66	"3 e7+g2+su(2)+3(so(7)+2 su(2))"	"3 e7+e6+2(g2+su(2))+3(so(7)+2 su(2))"	29	168	1	1	0	0	1	0	0	0	7
24	66	"3 e7+g2+su(2)+3(so(7)+2 su(2))"	"3 e7+e6+2(g2+su(2))+3(so(7)+2 su(2))"	30	168	1	1	0	0	1	0	0	0	2
24	66	"3 e7+g2+su(2)+3(so(7)+2 su(2))"	"3 e7+e6+4(so(7)+2 su(2))"	28	175	1	0	0	0	1	0	0	0	20
24	66	"3 e7+g2+su(2)+3(so(7)+2 su(2))"	"3 e7+e6+4(so(7)+2 su(2))"	29	175	1	0	0	0	1	0	0	0	6
24	66	"3 e7+g2+su(2)+3(so(7)+2 su(2))"	"3 e7+e6+g2+su(2)+4(so(7)+2 su(2))"	28	166	2	1	0	0	1	0	0	0	2
24	66	"3 e7+g2+su(2)+3(so(7)+2 su(2))"	"3 e7+e6+g2+su(2)+4(so(7)+2 su(2))"	29	166	2	1	0	0	1	0	0	0	7
24	66	"3 e7+g2+su(2)+3(so(7)+2 su(2))"	"3 e7+e6+so(8)+4(so(7)+2 su(2))"	29	147	1	0	1	0	1	0	0	0	7
24	66	"3 e7+g2+su(2)+3(so(7)+2 su(2))"	"3 e7+e6+su(3)+2(g2+su(2))+3(so(7)+2 su(2))"	32	160	1	2	0	0	1	0	0	0	2
24	66	"3 e7+g2+su(2)+3(so(7)+2 su(2))"	"3 e7+e6+su(3)+4(so(7)+2 su(2))"	28	167	1	1	0	0	1	0	0	0	14
24	66	"3 e7+g2+su(2)+3(so(7)+2 su(2))"	"3 e7+e6+su(3)+4(so(7)+2 su(2))"	29	167	1	1	0	0	1	0	0	0	7
24	66	"3 e7+g2+su(2)+3(so(7)+2 su(2))"	"3 e7+e6+su(3)+4(so(7)+2 su(2))"	30	167	1	1	0	0	1	0	0	0	2
24	66	"3 e7+g2+su(2)+3(so(7)+2 su(2))"	"3 e7+e6+su(3)+4(so(7)+2 su(2))"	31	167	1	1	0	0	1	0	0	0	2
24	66	"3 e7+g2+su(2)+3(so(7)+2 su(2))"	"3 e7+e7'+2(g2+su(2))+3(so(7)+2 su(2))"	29	141	1	1	0	0	0	1	0	0	8
24	66	"3 e7+g2+su(2)+3(so(7)+2 su(2))"	"3 e7+e7'+2(g2+su(2))+3(so(7)+2 su(2))"	30	141	1	1	0	0	0	1	0	0	3
24	66	"3 e7+g2+su(2)+3(so(7)+2 su(2))"	"3 e7+e7'+2(g2+su(2))+3(so(7)+2 su(2))"	33	141	1	1	0	0	0	1	0	0	2
24	66	"3 e7+g2+su(2)+3(so(7)+2 su(2))"	"3 e7+e7'+4(so(7)+2 su(2))"	29	148	1	0	0	0	0	1	0	0	13
24	66	"3 e7+g2+su(2)+3(so(7)+2 su(2))"	"3 e7+e7'+4(so(7)+2 su(2))"	31	148	1	0	0	0	0	1	0	0	2
24	66	"3 e7+g2+su(2)+3(so(7)+2 su(2))"	"3 e7+e7'+g2+su(2)+4(so(7)+2 su(2))"	29	139	2	1	0	0	0	1	0	0	6
24	66	"3 e7+g2+su(2)+3(so(7)+2 su(2))"	"3 e7+e7'+g2+su(2)+4(so(7)+2 su(2))"	30	139	2	1	0	0	0	1	0	0	2
24	66	"3 e7+g2+su(2)+3(so(7)+2 su(2))"	"3 e7+e7'+so(8)+4(so(7)+2 su(2))"	30	120	1	0	1	0	0	1	0	0	4
24	66	"3 e7+g2+su(2)+3(so(7)+2 su(2))"	"3 e7+e7'+su(3)+2(g2+su(2))+3(so(7)+2 su(2))"	30	133	1	2	0	0	0	1	0	0	2
24	66	"3 e7+g2+su(2)+3(so(7)+2 su(2))"	"3 e7+e7'+su(3)+4(so(7)+2 su(2))"	29	140	1	1	0	0	0	1	0	0	9
24	66	"3 e7+g2+su(2)+3(so(7)+2 su(2))"	"3 e7+e7'+su(3)+4(so(7)+2 su(2))"	30	140	1	1	0	0	0	1	0	0	4
24	66	"3 e7+g2+su(2)+3(so(7)+2 su(2))"	"3 e7+e7'+su(3)+4(so(7)+2 su(2))"	31	140	1	1	0	0	0	1	0	0	2
24	66	"3 e7+g2+su(2)+3(so(7)+2 su(2))"	"3 e7+e7'+su(3)+4(so(7)+2 su(2))"	33	140	1	1	0	0	0	1	0	0	2
24	66	"3 e7+g2+su(2)+3(so(7)+2 su(2))"	"3 e7+e7'+su(3)+4(so(7)+2 su(2))"	35	140	1	1	0	0	0	1	0	0	2
24	66	"3 e7+g2+su(2)+3(so(7)+2 su(2))"	"3 e7+f4+2(g2+su(2))+3(so(7)+2 su(2))"	27	194	1	1	0	1	0	0	0	0	9
24	66	"3 e7+g2+su(2)+3(so(7)+2 su(2))"	"3 e7+f4+g2+su(2)+3(so(7)+2 su(2))"	24	203	0	0	0	1	0	0	0	0	2
24	66	"3 e7+g2+su(2)+3(so(7)+2 su(2))"	"3 e7+f4+so(8)+4(so(7)+2 su(2))"	28	173	1	0	1	1	0	0	0	0	6
24	66	"3 e7+g2+su(2)+3(so(7)+2 su(2))"	"3 e7+f4+so(8)+4(so(7)+2 su(2))"	29	173	1	0	1	1	0	0	0	0	2
24	66	"3 e7+g2+su(2)+3(so(7)+2 su(2))"	"3 e7+f4+so(8)+g2+su(2)+3(so(7)+2 su(2))"	26	175	0	0	1	1	0	0	0	0	2
24	66	"3 e7+g2+su(2)+3(so(7)+2 su(2))"	"3 e7+f4+su(3)+4(so(7)+2 su(2))"	27	193	1	1	0	1	0	0	0	0	9
24	66	"3 e7+g2+su(2)+3(so(7)+2 su(2))"	"3 e7+f4+su(3)+g2+su(2)+3(so(7)+2 su(2))"	25	195	0	1	0	1	0	0	0	0	2
24	66	"3 e7+g2+su(2)+3(so(7)+2 su(2))"	"3 e7+g2+su(2)+4(so(7)+2 su(2))"	25	244	2	1	0	0	0	0	0	0	26
24	66	"3 e7+g2+su(2)+3(so(7)+2 su(2))"	"3 e7+so(8)+g2+su(2)+3(so(7)+2 su(2))"	24	227	0	0	1	0	0	0	0	0	2
24	66	"3 e7+g2+su(2)+3(so(7)+2 su(2))"	"3 e7+so(8)+su(3)+g2+su(2)+3(so(7)+2 su(2))"	24	219	0	1	1	0	0	0	0	0	2
24	66	"3 e7+g2+su(2)+3(so(7)+2 su(2))"	"3 e7+su(3)+g2+su(2)+3(so(7)+2 su(2))"	24	247	0	1	0	0	0	0	0	0	3
24	66	"3 e7+g2+su(2)+3(so(7)+2 su(2))"	"4 e7+2(g2+su(2))+3(so(7)+2 su(2))"	30	113	1	1	0	0	0	0	1	0	10
24	66	"3 e7+g2+su(2)+3(so(7)+2 su(2))"	"4 e7+2(g2+su(2))+3(so(7)+2 su(2))"	31	113	1	1	0	0	0	0	1	0	5
24	66	"3 e7+g2+su(2)+3(so(7)+2 su(2))"	"4 e7+2(g2+su(2))+3(so(7)+2 su(2))"	33	113	1	1	0	0	0	0	1	0	2
24	66	"3 e7+g2+su(2)+3(so(7)+2 su(2))"	"4 e7+2(g2+su(2))+3(so(7)+2 su(2))"	34	113	1	1	0	0	0	0	1	0	3
24	66	"3 e7+g2+su(2)+3(so(7)+2 su(2))"	"4 e7+2 su(3)+4(so(7)+2 su(2))"	31	104	1	2	0	0	0	0	1	0	2
24	66	"3 e7+g2+su(2)+3(so(7)+2 su(2))"	"4 e7+4(so(7)+2 su(2))"	30	120	1	0	0	0	0	0	1	0	14
24	66	"3 e7+g2+su(2)+3(so(7)+2 su(2))"	"4 e7+4(so(7)+2 su(2))"	31	120	1	0	0	0	0	0	1	0	2
24	66	"3 e7+g2+su(2)+3(so(7)+2 su(2))"	"4 e7+4(so(7)+2 su(2))"	32	120	1	0	0	0	0	0	1	0	2
24	66	"3 e7+g2+su(2)+3(so(7)+2 su(2))"	"4 e7+g2+su(2)+4(so(7)+2 su(2))"	30	111	2	1	0	0	0	0	1	0	8
24	66	"3 e7+g2+su(2)+3(so(7)+2 su(2))"	"4 e7+g2+su(2)+4(so(7)+2 su(2))"	31	111	2	1	0	0	0	0	1	0	2
24	66	"3 e7+g2+su(2)+3(so(7)+2 su(2))"	"4 e7+so(8)+4(so(7)+2 su(2))"	31	92	1	0	1	0	0	0	1	0	3
24	66	"3 e7+g2+su(2)+3(so(7)+2 su(2))"	"4 e7+su(3)+2(g2+su(2))+3(so(7)+2 su(2))"	31	105	1	2	0	0	0	0	1	0	2
24	66	"3 e7+g2+su(2)+3(so(7)+2 su(2))"	"4 e7+su(3)+4(so(7)+2 su(2))"	30	112	1	1	0	0	0	0	1	0	11
24	66	"3 e7+g2+su(2)+3(so(7)+2 su(2))"	"4 e7+su(3)+4(so(7)+2 su(2))"	31	112	1	1	0	0	0	0	1	0	7
24	66	"3 e7+g2+su(2)+3(so(7)+2 su(2))"	"4 e7+su(3)+4(so(7)+2 su(2))"	32	112	1	1	0	0	0	0	1	0	5
24	66	"3 e7+g2+su(2)+3(so(7)+2 su(2))"	"4 e7+su(3)+g2+su(2)+3(so(7)+2 su(2))"	33	114	0	1	0	0	0	0	1	0	2
24	67	"3 e7+f4+g2+su(2)+2(so(7)+2 su(2))"	"3 e7+f4+2(g2+su(2))+2(so(7)+2 su(2))"	24	205	0	1	0	0	0	0	0	0	3
24	67	"3 e7+f4+g2+su(2)+2(so(7)+2 su(2))"	"3 e7+f4+2(g2+su(2))+3(so(7)+2 su(2))"	27	194	0	2	0	0	0	0	0	0	2
24	67	"3 e7+f4+g2+su(2)+2(so(7)+2 su(2))"	"3 e7+f4+2(g2+su(2))+3(so(7)+2 su(2))"	27	194	1	2	0	0	0	0	0	0	4
24	67	"3 e7+f4+g2+su(2)+2(so(7)+2 su(2))"	"3 e7+f4+3(g2+su(2))+2(so(7)+2 su(2))"	25	196	0	2	0	0	0	0	0	0	2
24	67	"3 e7+f4+g2+su(2)+2(so(7)+2 su(2))"	"3 e7+f4+g2+su(2)+3(so(7)+2 su(2))"	26	203	0	1	0	0	0	0	0	0	2
24	68	"3 e7+f4+3(so(7)+2 su(2))"	"3 e7+f4+2(g2+su(2))+3(so(7)+2 su(2))"	27	194	0	2	0	0	0	0	0	0	2
24	68	"3 e7+f4+3(so(7)+2 su(2))"	"3 e7+f4+4(so(7)+2 su(2))"	26	201	1	1	0	0	0	0	0	0	2
24	68	"3 e7+f4+3(so(7)+2 su(2))"	"3 e7+f4+g2+su(2)+3(so(7)+2 su(2))"	24	203	0	1	0	0	0	0	0	0	2
24	68	"3 e7+f4+3(so(7)+2 su(2))"	"3 e7+f4+g2+su(2)+3(so(7)+2 su(2))"	26	203	0	1	0	0	0	0	0	0	2
24	68	"3 e7+f4+3(so(7)+2 su(2))"	"3 e7+f4+su(3)+4(so(7)+2 su(2))"	27	193	1	2	0	0	0	0	0	0	2
24	68	"3 e7+f4+3(so(7)+2 su(2))"	"3 e7+f4+su(3)+g2+su(2)+3(so(7)+2 su(2))"	25	195	0	2	0	0	0	0	0	0	2
24	71	"3 e7+f4+g2+su(2)+2(so(7)+2 su(2))"	"3 e7+f4+2(g2+su(2))+2(so(7)+2 su(2))"	26	205	0	1	0	0	0	0	0	0	2
24	71	"3 e7+f4+g2+su(2)+2(so(7)+2 su(2))"	"3 e7+f4+2(g2+su(2))+2(so(7)+2 su(2))"	26	205	1	1	0	0	0	0	0	0	2
24	71	"3 e7+f4+g2+su(2)+2(so(7)+2 su(2))"	"3 e7+f4+su(3)+2(g2+su(2))+2(so(7)+2 su(2))"	25	197	0	2	0	0	0	0	0	0	2
24	71	"3 e7+f4+g2+su(2)+2(so(7)+2 su(2))"	"3 e7+f4+su(3)+g2+su(2)+2(so(7)+2 su(2))"	24	206	0	1	0	0	0	0	0	0	2
24	74	"3 e6+2 f4+4 su(3)+g2+su(2)"	"4 e6+2 f4+5 su(3)+g2+su(2)"	24	231	0	1	0	0	1	0	0	0	2
24	74	"3 e6+2 f4+4 su(3)+g2+su(2)"	"e7+3 e6+2 f4+4 su(3)+2(g2+su(2))"	28	175	1	1	0	0	0	0	1	0	6
24	74	"3 e6+2 f4+4 su(3)+g2+su(2)"	"e7'+3 e6+2 f4+5 su(3)+g2+su(2)"	25	204	0	1	0	0	0	1	0	0	2
24	74	"3 e6+2 f4+4 su(3)+g2+su(2)"	"e7+3 e6+2 f4+5 su(3)+g2+su(2)"	26	176	0	1	0	0	0	0	1	0	2
24	74	"3 e6+2 f4+4 su(3)+g2+su(2)"	"e8+3 e6+2 f4+4 su(3)+2(g2+su(2))"	32	60	1	1	0	0	0	0	0	1	8
24	74	"3 e6+2 f4+4 su(3)+g2+su(2)"	"e8+3 e6+2 f4+4 su(3)+2(g2+su(2))"	33	60	1	1	0	0	0	0	0	1	2
24	74	"3 e6+2 f4+4 su(3)+g2+su(2)"	"e8+3 e6+2 f4+5 su(3)+g2+su(2)"	30	61	0	1	0	0	0	0	0	1	2
24	75	"3 e7+4(so(7)+2 su(2))"	"3 e7+5(so(7)+2 su(2))"	25	242	2	1	0	0	0	0	0	0	2
24	75	"3 e7+4(so(7)+2 su(2))"	"3 e7+e6+2 su(3)+4(so(7)+2 su(2))"	32	159	0	2	0	0	1	0	0	0	2
24	75	"3 e7+4(so(7)+2 su(2))"	"3 e7+e6+4(so(7)+2 su(2))"	24	175	0	0	0	0	1	0	0	0	2
24	75	"3 e7+4(so(7)+2 su(2))"	"3 e7+e6+f4+4(so(7)+2 su(2))"	28	123	0	0	0	1	1	0	0	0	2
24	75	"3 e7+4(so(7)+2 su(2))"	"3 e7+e6+g2+su(2)+4(so(7)+2 su(2))"	28	166	1	1	0	0	1	0	0	0	8
24	75	"3 e7+4(so(7)+2 su(2))"	"3 e7+e6+g2+su(2)+4(so(7)+2 su(2))"	29	166	1	1	0	0	1	0	0	0	12
24	75	"3 e7+4(so(7)+2 su(2))"	"3 e7+e6+g2+su(2)+4(so(7)+2 su(2))"	30	166	1	1	0	0	1	0	0	0	4
24	75	"3 e7+4(so(7)+2 su(2))"	"3 e7+e6+so(8)+4(so(7)+2 su(2))"	27	147	0	0	1	0	1	0	0	0	2
24	75	"3 e7+4(so(7)+2 su(2))"	"3 e7+e6+so(8)+su(3)+4(so(7)+2 su(2))"	33	139	0	1	1	0	1	0	0	0	2
24	75	"3 e7+4(so(7)+2 su(2))"	"3 e7+e6+su(3)+4(so(7)+2 su(2))"	26	167	0	1	0	0	1	0	0	0	2
24	75	"3 e7+4(so(7)+2 su(2))"	"3 e7+e6+su(3)+g2+su(2)+4(so(7)+2 su(2))"	33	158	1	2	0	0	1	0	0	0	16
24	75	"3 e7+4(so(7)+2 su(2))"	"3 e7+e6+su(3)+g2+su(2)+4(so(7)+2 su(2))"	35	158	1	2	0	0	1	0	0	0	4
24	75	"3 e7+4(so(7)+2 su(2))"	"3 e7+e6+su(3)+g2+su(2)+4(so(7)+2 su(2))"	37	158	1	2	0	0	1	0	0	0	4
24	75	"3 e7+4(so(7)+2 su(2))"	"3 e7+e7'+2 su(3)+4(so(7)+2 su(2))"	30	132	0	2	0	0	0	1	0	0	2
24	75	"3 e7+4(so(7)+2 su(2))"	"3 e7+e7'+2 su(3)+4(so(7)+2 su(2))"	36	132	0	2	0	0	0	1	0	0	2
24	75	"3 e7+4(so(7)+2 su(2))"	"3 e7+e7'+2 su(3)+4(so(7)+2 su(2))"	41	132	0	2	0	0	0	1	0	0	2
24	75	"3 e7+4(so(7)+2 su(2))"	"3 e7+e7'+2 su(3)+4(so(7)+2 su(2))"	43	132	0	2	0	0	0	1	0	0	2
24	75	"3 e7+4(so(7)+2 su(2))"	"3 e7+e7'+2 su(3)+4(so(7)+2 su(2))"	52	132	0	2	0	0	0	1	0	0	2
24	75	"3 e7+4(so(7)+2 su(2))"	"3 e7+e7'+2 su(3)+4(so(7)+2 su(2))"	62	132	0	2	0	0	0	1	0	0	2
24	75	"3 e7+4(so(7)+2 su(2))"	"3 e7+e7'+3 su(3)+4(so(7)+2 su(2))"	33	124	0	3	0	0	0	1	0	0	2
24	75	"3 e7+4(so(7)+2 su(2))"	"3 e7+e7'+4(so(7)+2 su(2))"	24	148	0	0	0	0	0	1	0	0	2
24	75	"3 e7+4(so(7)+2 su(2))"	"3 e7+e7'+5(so(7)+2 su(2))"	35	137	2	1	0	0	0	1	0	0	2
24	75	"3 e7+4(so(7)+2 su(2))"	"3 e7+e7'+5(so(7)+2 su(2))"	41	137	2	1	0	0	0	1	0	0	2
24	75	"3 e7+4(so(7)+2 su(2))"	"3 e7+e7'+5(so(7)+2 su(2))"	51	137	2	1	0	0	0	1	0	0	2
24	75	"3 e7+4(so(7)+2 su(2))"	"3 e7+e7'+5(so(7)+2 su(2))"	60	137	2	1	0	0	0	1	0	0	2
24	75	"3 e7+4(so(7)+2 su(2))"	"3 e7+e7'+5(so(7)+2 su(2))"	63	137	2	1	0	0	0	1	0	0	2
24	75	"3 e7+4(so(7)+2 su(2))"	"3 e7+e7'+5(so(7)+2 su(2))"	71	137	2	1	0	0	0	1	0	0	2
24	75	"3 e7+4(so(7)+2 su(2))"	"3 e7+e7'+5(so(7)+2 su(2))"	75	137	2	1	0	0	0	1	0	0	2
24	75	"3 e7+4(so(7)+2 su(2))"	"3 e7+e7'+e6+4(so(7)+2 su(2))"	30	70	0	0	0	0	1	1	0	0	2
24	75	"3 e7+4(so(7)+2 su(2))"	"3 e7+e7'+f4+4(so(7)+2 su(2))"	29	96	0	0	0	1	0	1	0	0	2
24	75	"3 e7+4(so(7)+2 su(2))"	"3 e7+e7'+g2+su(2)+4(so(7)+2 su(2))"	29	139	1	1	0	0	0	1	0	0	6
24	75	"3 e7+4(so(7)+2 su(2))"	"3 e7+e7'+g2+su(2)+4(so(7)+2 su(2))"	30	139	1	1	0	0	0	1	0	0	4
24	75	"3 e7+4(so(7)+2 su(2))"	"3 e7+e7'+g2+su(2)+4(so(7)+2 su(2))"	33	139	1	1	0	0	0	1	0	0	2
24	75	"3 e7+4(so(7)+2 su(2))"	"3 e7+e7'+g2+su(2)+4(so(7)+2 su(2))"	34	139	1	1	0	0	0	1	0	0	2
24	75	"3 e7+4(so(7)+2 su(2))"	"3 e7+e7'+g2+su(2)+4(so(7)+2 su(2))"	40	139	1	1	0	0	0	1	0	0	2
24	75	"3 e7+4(so(7)+2 su(2))"	"3 e7+e7'+g2+su(2)+4(so(7)+2 su(2))"	42	139	1	1	0	0	0	1	0	0	2
24	75	"3 e7+4(so(7)+2 su(2))"	"3 e7+e7'+g2+su(2)+4(so(7)+2 su(2))"	50	139	1	1	0	0	0	1	0	0	4
24	75	"3 e7+4(so(7)+2 su(2))"	"3 e7+e7'+g2+su(2)+4(so(7)+2 su(2))"	54	139	1	1	0	0	0	1	0	0	2
24	75	"3 e7+4(so(7)+2 su(2))"	"3 e7+e7'+g2+su(2)+4(so(7)+2 su(2))"	62	139	1	1	0	0	0	1	0	0	2
24	75	"3 e7+4(so(7)+2 su(2))"	"3 e7+e7'+g2+su(2)+4(so(7)+2 su(2))"	67	139	1	1	0	0	0	1	0	0	2
24	75	"3 e7+4(so(7)+2 su(2))"	"3 e7+e7'+g2+su(2)+4(so(7)+2 su(2))"	74	139	1	1	0	0	0	1	0	0	2
24	75	"3 e7+4(so(7)+2 su(2))"	"3 e7+e7'+g2+su(2)+4(so(7)+2 su(2))"	76	139	1	1	0	0	0	1	0	0	2
24	75	"3 e7+4(so(7)+2 su(2))"	"3 e7+e7'+g2+su(2)+4(so(7)+2 su(2))"	78	139	1	1	0	0	0	1	0	0	2
24	75	"3 e7+4(so(7)+2 su(2))"	"3 e7+e7'+so(8)+4(so(7)+2 su(2))"	28	120	0	0	1	0	0	1	0	0	2
24	75	"3 e7+4(so(7)+2 su(2))"	"3 e7+e7'+so(8)+4(so(7)+2 su(2))"	33	120	0	0	1	0	0	1	0	0	2
24	75	"3 e7+4(so(7)+2 su(2))"	"3 e7+e7'+so(8)+su(3)+4(so(7)+2 su(2))"	31	112	0	1	1	0	0	1	0	0	2
24	75	"3 e7+4(so(7)+2 su(2))"	"3 e7+e7'+su(3)+4(so(7)+2 su(2))"	27	140	0	1	0	0	0	1	0	0	2
24	75	"3 e7+4(so(7)+2 su(2))"	"3 e7+e7'+su(3)+4(so(7)+2 su(2))"	33	140	0	1	0	0	0	1	0	0	2
24	75	"3 e7+4(so(7)+2 su(2))"	"3 e7+e7'+su(3)+4(so(7)+2 su(2))"	40	140	0	1	0	0	0	1	0	0	2
24	75	"3 e7+4(so(7)+2 su(2))"	"3 e7+e7'+su(3)+4(so(7)+2 su(2))"	50	140	0	1	0	0	0	1	0	0	2
24	75	"3 e7+4(so(7)+2 su(2))"	"3 e7+e7'+su(3)+4(so(7)+2 su(2))"	60	140	0	1	0	0	0	1	0	0	2
24	75	"3 e7+4(so(7)+2 su(2))"	"3 e7+e7'+su(3)+g2+su(2)+4(so(7)+2 su(2))"	30	131	1	2	0	0	0	1	0	0	4
24	75	"3 e7+4(so(7)+2 su(2))"	"3 e7+e7'+su(3)+g2+su(2)+4(so(7)+2 su(2))"	31	131	1	2	0	0	0	1	0	0	8
24	75	"3 e7+4(so(7)+2 su(2))"	"3 e7+e7'+su(3)+g2+su(2)+4(so(7)+2 su(2))"	36	131	1	2	0	0	0	1	0	0	8
24	75	"3 e7+4(so(7)+2 su(2))"	"3 e7+e7'+su(3)+g2+su(2)+4(so(7)+2 su(2))"	41	131	1	2	0	0	0	1	0	0	2
24	75	"3 e7+4(so(7)+2 su(2))"	"3 e7+e7'+su(3)+g2+su(2)+4(so(7)+2 su(2))"	45	131	1	2	0	0	0	1	0	0	4
24	75	"3 e7+4(so(7)+2 su(2))"	"3 e7+e7'+su(3)+g2+su(2)+4(so(7)+2 su(2))"	56	131	1	2	0	0	0	1	0	0	4
24	75	"3 e7+4(so(7)+2 su(2))"	"3 e7+e7'+su(3)+g2+su(2)+4(so(7)+2 su(2))"	69	131	1	2	0	0	0	1	0	0	4
24	75	"3 e7+4(so(7)+2 su(2))"	"3 e7+f4+4(so(7)+2 su(2))"	24	201	0	0	0	1	0	0	0	0	2
24	75	"3 e7+4(so(7)+2 su(2))"	"3 e7+f4+g2+su(2)+4(so(7)+2 su(2))"	27	192	1	1	0	1	0	0	0	0	4
24	75	"3 e7+4(so(7)+2 su(2))"	"3 e7+f4+so(8)+4(so(7)+2 su(2))"	26	173	0	0	1	1	0	0	0	0	2
24	75	"3 e7+4(so(7)+2 su(2))"	"3 e7+f4+su(3)+4(so(7)+2 su(2))"	25	193	0	1	0	1	0	0	0	0	2
24	75	"3 e7+4(so(7)+2 su(2))"	"3 e7+g2+su(2)+4(so(7)+2 su(2))"	24	244	1	1	0	0	0	0	0	0	2
24	75	"3 e7+4(so(7)+2 su(2))"	"3 e7+g2+su(2)+4(so(7)+2 su(2))"	25	244	1	1	0	0	0	0	0	0	4
24	75	"3 e7+4(so(7)+2 su(2))"	"3 e7+so(8)+4(so(7)+2 su(2))"	24	225	0	0	1	0	0	0	0	0	2
24	75	"3 e7+4(so(7)+2 su(2))"	"3 e7+so(8)+su(3)+4(so(7)+2 su(2))"	24	217	0	1	1	0	0	0	0	0	2
24	75	"3 e7+4(so(7)+2 su(2))"	"3 e7+su(3)+4(so(7)+2 su(2))"	24	245	0	1	0	0	0	0	0	0	3
24	75	"3 e7+4(so(7)+2 su(2))"	"4 e7+2 su(3)+4(so(7)+2 su(2))"	31	104	0	2	0	0	0	0	1	0	2
24	75	"3 e7+4(so(7)+2 su(2))"	"4 e7+2 su(3)+4(so(7)+2 su(2))"	33	104	0	2	0	0	0	0	1	0	6
24	75	"3 e7+4(so(7)+2 su(2))"	"4 e7+2 su(3)+4(so(7)+2 su(2))"	34	104	0	2	0	0	0	0	1	0	4
24	75	"3 e7+4(so(7)+2 su(2))"	"4 e7+3 su(3)+4(so(7)+2 su(2))"	32	96	0	3	0	0	0	0	1	0	2
24	75	"3 e7+4(so(7)+2 su(2))"	"4 e7+4(so(7)+2 su(2))"	24	120	0	0	0	0	0	0	1	0	2
24	75	"3 e7+4(so(7)+2 su(2))"	"4 e7+5(so(7)+2 su(2))"	32	109	2	1	0	0	0	0	1	0	2
24	75	"3 e7+4(so(7)+2 su(2))"	"4 e7+5(so(7)+2 su(2))"	33	109	2	1	0	0	0	0	1	0	4
24	75	"3 e7+4(so(7)+2 su(2))"	"4 e7+5(so(7)+2 su(2))"	34	109	2	1	0	0	0	0	1	0	14
24	75	"3 e7+4(so(7)+2 su(2))"	"4 e7+e6+4(so(7)+2 su(2))"	31	42	0	0	0	0	1	0	1	0	2
24	75	"3 e7+4(so(7)+2 su(2))"	"4 e7+e7'+4(so(7)+2 su(2))"	32	15	0	0	0	0	0	1	1	0	2
24	75	"3 e7+4(so(7)+2 su(2))"	"4 e7+f4+4(so(7)+2 su(2))"	30	68	0	0	0	1	0	0	1	0	2
24	75	"3 e7+4(so(7)+2 su(2))"	"4 e7+g2+su(2)+4(so(7)+2 su(2))"	30	111	1	1	0	0	0	0	1	0	8
24	75	"3 e7+4(so(7)+2 su(2))"	"4 e7+g2+su(2)+4(so(7)+2 su(2))"	31	111	1	1	0	0	0	0	1	0	4
24	75	"3 e7+4(so(7)+2 su(2))"	"4 e7+g2+su(2)+4(so(7)+2 su(2))"	32	111	1	1	0	0	0	0	1	0	2
24	75	"3 e7+4(so(7)+2 su(2))"	"4 e7+g2+su(2)+4(so(7)+2 su(2))"	33	111	1	1	0	0	0	0	1	0	12
24	75	"3 e7+4(so(7)+2 su(2))"	"4 e7+g2+su(2)+4(so(7)+2 su(2))"	34	111	1	1	0	0	0	0	1	0	10
24	75	"3 e7+4(so(7)+2 su(2))"	"4 e7+so(8)+4(so(7)+2 su(2))"	29	92	0	0	1	0	0	0	1	0	2
24	75	"3 e7+4(so(7)+2 su(2))"	"4 e7+so(8)+4(so(7)+2 su(2))"	32	92	0	0	1	0	0	0	1	0	2
24	75	"3 e7+4(so(7)+2 su(2))"	"4 e7+so(8)+su(3)+4(so(7)+2 su(2))"	32	84	0	1	1	0	0	0	1	0	2
24	75	"3 e7+4(so(7)+2 su(2))"	"4 e7+su(3)+4(so(7)+2 su(2))"	28	112	0	1	0	0	0	0	1	0	2
24	75	"3 e7+4(so(7)+2 su(2))"	"4 e7+su(3)+4(so(7)+2 su(2))"	31	112	0	1	0	0	0	0	1	0	2
24	75	"3 e7+4(so(7)+2 su(2))"	"4 e7+su(3)+4(so(7)+2 su(2))"	33	112	0	1	0	0	0	0	1	0	4
24	75	"3 e7+4(so(7)+2 su(2))"	"4 e7+su(3)+4(so(7)+2 su(2))"	34	112	0	1	0	0	0	0	1	0	2
24	75	"3 e7+4(so(7)+2 su(2))"	"4 e7+su(3)+g2+su(2)+4(so(7)+2 su(2))"	31	103	1	2	0	0	0	0	1	0	12
24	75	"3 e7+4(so(7)+2 su(2))"	"4 e7+su(3)+g2+su(2)+4(so(7)+2 su(2))"	32	103	1	2	0	0	0	0	1	0	4
24	75	"3 e7+4(so(7)+2 su(2))"	"4 e7+su(3)+g2+su(2)+4(so(7)+2 su(2))"	33	103	1	2	0	0	0	0	1	0	10
24	75	"3 e7+4(so(7)+2 su(2))"	"4 e7+su(3)+g2+su(2)+4(so(7)+2 su(2))"	34	103	1	2	0	0	0	0	1	0	12
24	76	"2 e7+e7'+4(so(7)+2 su(2))"	"2 e7+2 e7'+2 su(3)+4(so(7)+2 su(2))"	32	160	0	2	0	0	0	1	0	0	2
24	76	"2 e7+e7'+4(so(7)+2 su(2))"	"2 e7+2 e7'+4(so(7)+2 su(2))"	24	176	0	0	0	0	0	1	0	0	2
24	76	"2 e7+e7'+4(so(7)+2 su(2))"	"2 e7+2 e7'+e6+4(so(7)+2 su(2))"	29	98	0	0	0	0	1	1	0	0	2
24	76	"2 e7+e7'+4(so(7)+2 su(2))"	"2 e7+2 e7'+f4+4(so(7)+2 su(2))"	28	124	0	0	0	1	0	1	0	0	2
24	76	"2 e7+e7'+4(so(7)+2 su(2))"	"2 e7+2 e7'+g2+su(2)+4(so(7)+2 su(2))"	28	167	1	1	0	0	0	1	0	0	2
24	76	"2 e7+e7'+4(so(7)+2 su(2))"	"2 e7+2 e7'+g2+su(2)+4(so(7)+2 su(2))"	29	167	1	1	0	0	0	1	0	0	2
24	76	"2 e7+e7'+4(so(7)+2 su(2))"	"2 e7+2 e7'+so(8)+4(so(7)+2 su(2))"	27	148	0	0	1	0	0	1	0	0	2
24	76	"2 e7+e7'+4(so(7)+2 su(2))"	"2 e7+2 e7'+so(8)+su(3)+4(so(7)+2 su(2))"	33	140	0	1	1	0	0	1	0	0	2
24	76	"2 e7+e7'+4(so(7)+2 su(2))"	"2 e7+2 e7'+su(3)+4(so(7)+2 su(2))"	26	168	0	1	0	0	0	1	0	0	2
24	76	"2 e7+e7'+4(so(7)+2 su(2))"	"2 e7+2 e7'+su(3)+g2+su(2)+4(so(7)+2 su(2))"	33	159	1	2	0	0	0	1	0	0	4
24	76	"2 e7+e7'+4(so(7)+2 su(2))"	"2 e7+2 e7'+su(3)+g2+su(2)+4(so(7)+2 su(2))"	34	159	1	2	0	0	0	1	0	0	2
24	76	"2 e7+e7'+4(so(7)+2 su(2))"	"2 e7+2 e7'+su(3)+g2+su(2)+4(so(7)+2 su(2))"	38	159	1	2	0	0	0	1	0	0	2
24	76	"2 e7+e7'+4(so(7)+2 su(2))"	"2 e7+2 e7'+su(3)+g2+su(2)+4(so(7)+2 su(2))"	40	159	1	2	0	0	0	1	0	0	2
24	76	"2 e7+e7'+4(so(7)+2 su(2))"	"2 e7+e7'+e6+4(so(7)+2 su(2))"	24	203	0	0	0	0	1	0	0	0	2
24	76	"2 e7+e7'+4(so(7)+2 su(2))"	"2 e7+e7'+e6+f4+4(so(7)+2 su(2))"	27	151	0	0	0	1	1	0	0	0	2
24	76	"2 e7+e7'+4(so(7)+2 su(2))"	"2 e7+e7'+e6+g2+su(2)+4(so(7)+2 su(2))"	27	194	1	1	0	0	1	0	0	0	5
24	76	"2 e7+e7'+4(so(7)+2 su(2))"	"2 e7+e7'+e6+so(8)+4(so(7)+2 su(2))"	26	175	0	0	1	0	1	0	0	0	2
24	76	"2 e7+e7'+4(so(7)+2 su(2))"	"2 e7+e7'+e6+su(3)+4(so(7)+2 su(2))"	25	195	0	1	0	0	1	0	0	0	2
24	76	"2 e7+e7'+4(so(7)+2 su(2))"	"2 e7+e7'+f4+4(so(7)+2 su(2))"	24	229	0	0	0	1	0	0	0	0	2
24	76	"2 e7+e7'+4(so(7)+2 su(2))"	"2 e7+e7'+f4+so(8)+4(so(7)+2 su(2))"	25	201	0	0	1	1	0	0	0	0	2
24	76	"2 e7+e7'+4(so(7)+2 su(2))"	"2 e7+e7'+f4+su(3)+4(so(7)+2 su(2))"	24	221	0	1	0	1	0	0	0	0	2
24	76	"2 e7+e7'+4(so(7)+2 su(2))"	"2 e7+e7'+g2+su(2)+4(so(7)+2 su(2))"	24	272	1	1	0	0	0	0	0	0	2
24	76	"2 e7+e7'+4(so(7)+2 su(2))"	"2 e7+e7'+so(8)+4(so(7)+2 su(2))"	24	253	0	0	1	0	0	0	0	0	3
24	76	"2 e7+e7'+4(so(7)+2 su(2))"	"2 e7+e7'+su(3)+4(so(7)+2 su(2))"	24	273	0	1	0	0	0	0	0	0	2
24	76	"2 e7+e7'+4(so(7)+2 su(2))"	"3 e7+2 e7'+4(so(7)+2 su(2))"	31	43	0	0	0	0	0	1	1	0	2
24	76	"2 e7+e7'+4(so(7)+2 su(2))"	"3 e7+e7'+2 su(3)+4(so(7)+2 su(2))"	30	132	0	2	0	0	0	0	1	0	2
24	76	"2 e7+e7'+4(so(7)+2 su(2))"	"3 e7+e7'+2 su(3)+4(so(7)+2 su(2))"	36	132	0	2	0	0	0	0	1	0	2
24	76	"2 e7+e7'+4(so(7)+2 su(2))"	"3 e7+e7'+2 su(3)+4(so(7)+2 su(2))"	41	132	0	2	0	0	0	0	1	0	2
24	76	"2 e7+e7'+4(so(7)+2 su(2))"	"3 e7+e7'+2 su(3)+4(so(7)+2 su(2))"	43	132	0	2	0	0	0	0	1	0	2
24	76	"2 e7+e7'+4(so(7)+2 su(2))"	"3 e7+e7'+2 su(3)+4(so(7)+2 su(2))"	53	132	0	2	0	0	0	0	1	0	2
24	76	"2 e7+e7'+4(so(7)+2 su(2))"	"3 e7+e7'+2 su(3)+4(so(7)+2 su(2))"	64	132	0	2	0	0	0	0	1	0	2
24	76	"2 e7+e7'+4(so(7)+2 su(2))"	"3 e7+e7'+3 su(3)+4(so(7)+2 su(2))"	33	124	0	3	0	0	0	0	1	0	2
24	76	"2 e7+e7'+4(so(7)+2 su(2))"	"3 e7+e7'+4(so(7)+2 su(2))"	24	148	0	0	0	0	0	0	1	0	2
24	76	"2 e7+e7'+4(so(7)+2 su(2))"	"3 e7+e7'+5(so(7)+2 su(2))"	33	137	2	1	0	0	0	0	1	0	4
24	76	"2 e7+e7'+4(so(7)+2 su(2))"	"3 e7+e7'+5(so(7)+2 su(2))"	41	137	2	1	0	0	0	0	1	0	2
24	76	"2 e7+e7'+4(so(7)+2 su(2))"	"3 e7+e7'+5(so(7)+2 su(2))"	51	137	2	1	0	0	0	0	1	0	2
24	76	"2 e7+e7'+4(so(7)+2 su(2))"	"3 e7+e7'+5(so(7)+2 su(2))"	61	137	2	1	0	0	0	0	1	0	2
24	76	"2 e7+e7'+4(so(7)+2 su(2))"	"3 e7+e7'+5(so(7)+2 su(2))"	64	137	2	1	0	0	0	0	1	0	2
24	76	"2 e7+e7'+4(so(7)+2 su(2))"	"3 e7+e7'+5(so(7)+2 su(2))"	74	137	2	1	0	0	0	0	1	0	2
24	76	"2 e7+e7'+4(so(7)+2 su(2))"	"3 e7+e7'+5(so(7)+2 su(2))"	78	137	2	1	0	0	0	0	1	0	2
24	76	"2 e7+e7'+4(so(7)+2 su(2))"	"3 e7+e7'+e6+4(so(7)+2 su(2))"	30	70	0	0	0	0	1	0	1	0	2
24	76	"2 e7+e7'+4(so(7)+2 su(2))"	"3 e7+e7'+f4+4(so(7)+2 su(2))"	29	96	0	0	0	1	0	0	1	0	2
24	76	"2 e7+e7'+4(so(7)+2 su(2))"	"3 e7+e7'+g2+su(2)+4(so(7)+2 su(2))"	29	139	1	1	0	0	0	0	1	0	4
24	76	"2 e7+e7'+4(so(7)+2 su(2))"	"3 e7+e7'+g2+su(2)+4(so(7)+2 su(2))"	30	139	1	1	0	0	0	0	1	0	3
24	76	"2 e7+e7'+4(so(7)+2 su(2))"	"3 e7+e7'+g2+su(2)+4(so(7)+2 su(2))"	31	139	1	1	0	0	0	0	1	0	2
24	76	"2 e7+e7'+4(so(7)+2 su(2))"	"3 e7+e7'+g2+su(2)+4(so(7)+2 su(2))"	33	139	1	1	0	0	0	0	1	0	7
24	76	"2 e7+e7'+4(so(7)+2 su(2))"	"3 e7+e7'+g2+su(2)+4(so(7)+2 su(2))"	41	139	1	1	0	0	0	0	1	0	2
24	76	"2 e7+e7'+4(so(7)+2 su(2))"	"3 e7+e7'+g2+su(2)+4(so(7)+2 su(2))"	42	139	1	1	0	0	0	0	1	0	2
24	76	"2 e7+e7'+4(so(7)+2 su(2))"	"3 e7+e7'+g2+su(2)+4(so(7)+2 su(2))"	51	139	1	1	0	0	0	0	1	0	4
24	76	"2 e7+e7'+4(so(7)+2 su(2))"	"3 e7+e7'+g2+su(2)+4(so(7)+2 su(2))"	55	139	1	1	0	0	0	0	1	0	2
24	76	"2 e7+e7'+4(so(7)+2 su(2))"	"3 e7+e7'+g2+su(2)+4(so(7)+2 su(2))"	64	139	1	1	0	0	0	0	1	0	2
24	76	"2 e7+e7'+4(so(7)+2 su(2))"	"3 e7+e7'+g2+su(2)+4(so(7)+2 su(2))"	69	139	1	1	0	0	0	0	1	0	2
24	76	"2 e7+e7'+4(so(7)+2 su(2))"	"3 e7+e7'+g2+su(2)+4(so(7)+2 su(2))"	77	139	1	1	0	0	0	0	1	0	2
24	76	"2 e7+e7'+4(so(7)+2 su(2))"	"3 e7+e7'+so(8)+4(so(7)+2 su(2))"	28	120	0	0	1	0	0	0	1	0	2
24	76	"2 e7+e7'+4(so(7)+2 su(2))"	"3 e7+e7'+so(8)+4(so(7)+2 su(2))"	33	120	0	0	1	0	0	0	1	0	2
24	76	"2 e7+e7'+4(so(7)+2 su(2))"	"3 e7+e7'+so(8)+su(3)+4(so(7)+2 su(2))"	31	112	0	1	1	0	0	0	1	0	2
24	76	"2 e7+e7'+4(so(7)+2 su(2))"	"3 e7+e7'+su(3)+4(so(7)+2 su(2))"	27	140	0	1	0	0	0	0	1	0	2
24	76	"2 e7+e7'+4(so(7)+2 su(2))"	"3 e7+e7'+su(3)+4(so(7)+2 su(2))"	33	140	0	1	0	0	0	0	1	0	2
24	76	"2 e7+e7'+4(so(7)+2 su(2))"	"3 e7+e7'+su(3)+4(so(7)+2 su(2))"	41	140	0	1	0	0	0	0	1	0	2
24	76	"2 e7+e7'+4(so(7)+2 su(2))"	"3 e7+e7'+su(3)+4(so(7)+2 su(2))"	50	140	0	1	0	0	0	0	1	0	2
24	76	"2 e7+e7'+4(so(7)+2 su(2))"	"3 e7+e7'+su(3)+4(so(7)+2 su(2))"	61	140	0	1	0	0	0	0	1	0	2
24	76	"2 e7+e7'+4(so(7)+2 su(2))"	"3 e7+e7'+su(3)+g2+su(2)+4(so(7)+2 su(2))"	31	131	1	2	0	0	0	0	1	0	12
24	76	"2 e7+e7'+4(so(7)+2 su(2))"	"3 e7+e7'+su(3)+g2+su(2)+4(so(7)+2 su(2))"	32	131	1	2	0	0	0	0	1	0	2
24	76	"2 e7+e7'+4(so(7)+2 su(2))"	"3 e7+e7'+su(3)+g2+su(2)+4(so(7)+2 su(2))"	33	131	1	2	0	0	0	0	1	0	2
24	76	"2 e7+e7'+4(so(7)+2 su(2))"	"3 e7+e7'+su(3)+g2+su(2)+4(so(7)+2 su(2))"	36	131	1	2	0	0	0	0	1	0	4
24	76	"2 e7+e7'+4(so(7)+2 su(2))"	"3 e7+e7'+su(3)+g2+su(2)+4(so(7)+2 su(2))"	41	131	1	2	0	0	0	0	1	0	2
24	76	"2 e7+e7'+4(so(7)+2 su(2))"	"3 e7+e7'+su(3)+g2+su(2)+4(so(7)+2 su(2))"	45	131	1	2	0	0	0	0	1	0	4
24	76	"2 e7+e7'+4(so(7)+2 su(2))"	"3 e7+e7'+su(3)+g2+su(2)+4(so(7)+2 su(2))"	57	131	1	2	0	0	0	0	1	0	4
24	76	"2 e7+e7'+4(so(7)+2 su(2))"	"3 e7+e7'+su(3)+g2+su(2)+4(so(7)+2 su(2))"	71	131	1	2	0	0	0	0	1	0	4
24	77	"3 e7+g2+su(2)+3(so(7)+2 su(2))"	"3 e7+2(g2+su(2))+3(so(7)+2 su(2))"	24	246	1	1	0	0	0	0	0	0	2
24	77	"3 e7+g2+su(2)+3(so(7)+2 su(2))"	"3 e7+e6+2(g2+su(2))+3(so(7)+2 su(2))"	28	168	1	1	0	0	1	0	0	0	13
24	77	"3 e7+g2+su(2)+3(so(7)+2 su(2))"	"3 e7+e6+2(g2+su(2))+3(so(7)+2 su(2))"	29	168	1	1	0	0	1	0	0	0	8
24	77	"3 e7+g2+su(2)+3(so(7)+2 su(2))"	"3 e7+e6+2(g2+su(2))+3(so(7)+2 su(2))"	30	168	1	1	0	0	1	0	0	0	2
24	77	"3 e7+g2+su(2)+3(so(7)+2 su(2))"	"3 e7+e6+2(g2+su(2))+3(so(7)+2 su(2))"	36	168	1	1	0	0	1	0	0	0	2
24	77	"3 e7+g2+su(2)+3(so(7)+2 su(2))"	"3 e7+e6+su(3)+2(g2+su(2))+3(so(7)+2 su(2))"	35	160	1	2	0	0	1	0	0	0	2
24	77	"3 e7+g2+su(2)+3(so(7)+2 su(2))"	"3 e7+e7'+2(g2+su(2))+3(so(7)+2 su(2))"	29	141	1	1	0	0	0	1	0	0	9
24	77	"3 e7+g2+su(2)+3(so(7)+2 su(2))"	"3 e7+e7'+2(g2+su(2))+3(so(7)+2 su(2))"	30	141	1	1	0	0	0	1	0	0	5
24	77	"3 e7+g2+su(2)+3(so(7)+2 su(2))"	"3 e7+e7'+su(3)+2(g2+su(2))+3(so(7)+2 su(2))"	31	133	1	2	0	0	0	1	0	0	2
24	77	"3 e7+g2+su(2)+3(so(7)+2 su(2))"	"3 e7+f4+2(g2+su(2))+3(so(7)+2 su(2))"	27	194	1	1	0	1	0	0	0	0	13
24	77	"3 e7+g2+su(2)+3(so(7)+2 su(2))"	"3 e7+f4+g2+su(2)+3(so(7)+2 su(2))"	24	203	0	0	0	1	0	0	0	0	2
24	77	"3 e7+g2+su(2)+3(so(7)+2 su(2))"	"3 e7+f4+so(8)+g2+su(2)+3(so(7)+2 su(2))"	26	175	0	0	1	1	0	0	0	0	2
24	77	"3 e7+g2+su(2)+3(so(7)+2 su(2))"	"3 e7+f4+su(3)+g2+su(2)+3(so(7)+2 su(2))"	25	195	0	1	0	1	0	0	0	0	2
24	77	"3 e7+g2+su(2)+3(so(7)+2 su(2))"	"3 e7+so(8)+g2+su(2)+3(so(7)+2 su(2))"	24	227	0	0	1	0	0	0	0	0	2
24	77	"3 e7+g2+su(2)+3(so(7)+2 su(2))"	"3 e7+so(8)+su(3)+g2+su(2)+3(so(7)+2 su(2))"	24	219	0	1	1	0	0	0	0	0	2
24	77	"3 e7+g2+su(2)+3(so(7)+2 su(2))"	"3 e7+su(3)+g2+su(2)+3(so(7)+2 su(2))"	24	247	0	1	0	0	0	0	0	0	3
24	77	"3 e7+g2+su(2)+3(so(7)+2 su(2))"	"4 e7+2(g2+su(2))+3(so(7)+2 su(2))"	30	113	1	1	0	0	0	0	1	0	13
24	77	"3 e7+g2+su(2)+3(so(7)+2 su(2))"	"4 e7+2(g2+su(2))+3(so(7)+2 su(2))"	31	113	1	1	0	0	0	0	1	0	2
24	77	"3 e7+g2+su(2)+3(so(7)+2 su(2))"	"4 e7+2(g2+su(2))+3(so(7)+2 su(2))"	33	113	1	1	0	0	0	0	1	0	2
24	77	"3 e7+g2+su(2)+3(so(7)+2 su(2))"	"4 e7+2(g2+su(2))+3(so(7)+2 su(2))"	34	113	1	1	0	0	0	0	1	0	2
24	77	"3 e7+g2+su(2)+3(so(7)+2 su(2))"	"4 e7+su(3)+2(g2+su(2))+3(so(7)+2 su(2))"	31	105	1	2	0	0	0	0	1	0	2
24	77	"3 e7+g2+su(2)+3(so(7)+2 su(2))"	"4 e7+su(3)+g2+su(2)+3(so(7)+2 su(2))"	33	114	0	1	0	0	0	0	1	0	2
24	78	"3 e7+su(3)+g2+su(2)+3(so(7)+2 su(2))"	"3 e7+2(g2+su(2))+3(so(7)+2 su(2))"	24	246	1	0	0	0	0	0	0	0	2
24	78	"3 e7+su(3)+g2+su(2)+3(so(7)+2 su(2))"	"3 e7+2(g2+su(2))+3(so(7)+2 su(2))"	29	246	1	0	0	0	0	0	0	0	5
24	78	"3 e7+su(3)+g2+su(2)+3(so(7)+2 su(2))"	"3 e7+2(g2+su(2))+3(so(7)+2 su(2))"	30	246	1	0	0	0	0	0	0	0	5
24	78	"3 e7+su(3)+g2+su(2)+3(so(7)+2 su(2))"	"3 e7+5(so(7)+2 su(2))"	25	242	3	0	0	0	0	0	0	0	4
24	78	"3 e7+su(3)+g2+su(2)+3(so(7)+2 su(2))"	"3 e7+e6+2(g2+su(2))+3(so(7)+2 su(2))"	28	168	1	0	0	0	1	0	0	0	8
24	78	"3 e7+su(3)+g2+su(2)+3(so(7)+2 su(2))"	"3 e7+e6+2(g2+su(2))+3(so(7)+2 su(2))"	29	168	1	0	0	0	1	0	0	0	6
24	78	"3 e7+su(3)+g2+su(2)+3(so(7)+2 su(2))"	"3 e7+e6+5(so(7)+2 su(2))"	29	164	3	0	0	0	1	0	0	0	4
24	78	"3 e7+su(3)+g2+su(2)+3(so(7)+2 su(2))"	"3 e7+e6+g2+su(2)+4(so(7)+2 su(2))"	28	166	2	0	0	0	1	0	0	0	13
24	78	"3 e7+su(3)+g2+su(2)+3(so(7)+2 su(2))"	"3 e7+e6+g2+su(2)+4(so(7)+2 su(2))"	29	166	2	0	0	0	1	0	0	0	8
24	78	"3 e7+su(3)+g2+su(2)+3(so(7)+2 su(2))"	"3 e7+e6+g2+su(2)+4(so(7)+2 su(2))"	31	166	2	0	0	0	1	0	0	0	2
24	78	"3 e7+su(3)+g2+su(2)+3(so(7)+2 su(2))"	"3 e7+e6+g2+su(2)+4(so(7)+2 su(2))"	32	166	2	0	0	0	1	0	0	0	2
24	78	"3 e7+su(3)+g2+su(2)+3(so(7)+2 su(2))"	"3 e7+e6+su(3)+4(so(7)+2 su(2))"	28	167	1	0	0	0	1	0	0	0	9
24	78	"3 e7+su(3)+g2+su(2)+3(so(7)+2 su(2))"	"3 e7+e6+su(3)+4(so(7)+2 su(2))"	29	167	1	0	0	0	1	0	0	0	6
24	78	"3 e7+su(3)+g2+su(2)+3(so(7)+2 su(2))"	"3 e7+e6+su(3)+4(so(7)+2 su(2))"	31	167	1	0	0	0	1	0	0	0	2
24	78	"3 e7+su(3)+g2+su(2)+3(so(7)+2 su(2))"	"3 e7+e6+su(3)+4(so(7)+2 su(2))"	32	167	1	0	0	0	1	0	0	0	3
24	78	"3 e7+su(3)+g2+su(2)+3(so(7)+2 su(2))"	"3 e7+e7'+2(g2+su(2))+3(so(7)+2 su(2))"	29	141	1	0	0	0	0	1	0	0	5
24	78	"3 e7+su(3)+g2+su(2)+3(so(7)+2 su(2))"	"3 e7+e7'+2(g2+su(2))+3(so(7)+2 su(2))"	30	141	1	0	0	0	0	1	0	0	5
24	78	"3 e7+su(3)+g2+su(2)+3(so(7)+2 su(2))"	"3 e7+e7'+2 su(3)+g2+su(2)+3(so(7)+2 su(2))"	30	134	0	1	0	0	0	1	0	0	2
24	78	"3 e7+su(3)+g2+su(2)+3(so(7)+2 su(2))"	"3 e7+e7'+5(so(7)+2 su(2))"	29	137	3	0	0	0	0	1	0	0	3
24	78	"3 e7+su(3)+g2+su(2)+3(so(7)+2 su(2))"	"3 e7+e7'+5(so(7)+2 su(2))"	30	137	3	0	0	0	0	1	0	0	3
24	78	"3 e7+su(3)+g2+su(2)+3(so(7)+2 su(2))"	"3 e7+e7'+g2+su(2)+4(so(7)+2 su(2))"	29	139	2	0	0	0	0	1	0	0	10
24	78	"3 e7+su(3)+g2+su(2)+3(so(7)+2 su(2))"	"3 e7+e7'+g2+su(2)+4(so(7)+2 su(2))"	30	139	2	0	0	0	0	1	0	0	6
24	78	"3 e7+su(3)+g2+su(2)+3(so(7)+2 su(2))"	"3 e7+e7'+su(3)+4(so(7)+2 su(2))"	29	140	1	0	0	0	0	1	0	0	6
24	78	"3 e7+su(3)+g2+su(2)+3(so(7)+2 su(2))"	"3 e7+e7'+su(3)+4(so(7)+2 su(2))"	30	140	1	0	0	0	0	1	0	0	5
24	78	"3 e7+su(3)+g2+su(2)+3(so(7)+2 su(2))"	"3 e7+f4+2(g2+su(2))+3(so(7)+2 su(2))"	27	194	1	0	0	1	0	0	0	0	7
24	78	"3 e7+su(3)+g2+su(2)+3(so(7)+2 su(2))"	"3 e7+f4+g2+su(2)+4(so(7)+2 su(2))"	27	192	2	0	0	1	0	0	0	0	10
24	78	"3 e7+su(3)+g2+su(2)+3(so(7)+2 su(2))"	"3 e7+f4+su(3)+4(so(7)+2 su(2))"	27	193	1	0	0	1	0	0	0	0	10
24	78	"3 e7+su(3)+g2+su(2)+3(so(7)+2 su(2))"	"3 e7+g2+su(2)+4(so(7)+2 su(2))"	25	244	2	0	0	0	0	0	0	0	13
24	78	"3 e7+su(3)+g2+su(2)+3(so(7)+2 su(2))"	"3 e7+su(3)+4(so(7)+2 su(2))"	29	245	1	0	0	0	0	0	0	0	4
24	78	"3 e7+su(3)+g2+su(2)+3(so(7)+2 su(2))"	"3 e7+su(3)+4(so(7)+2 su(2))"	30	245	1	0	0	0	0	0	0	0	5
24	78	"3 e7+su(3)+g2+su(2)+3(so(7)+2 su(2))"	"4 e7+2(g2+su(2))+3(so(7)+2 su(2))"	30	113	1	0	0	0	0	0	1	0	10
24	78	"3 e7+su(3)+g2+su(2)+3(so(7)+2 su(2))"	"4 e7+5(so(7)+2 su(2))"	30	109	3	0	0	0	0	0	1	0	6
24	78	"3 e7+su(3)+g2+su(2)+3(so(7)+2 su(2))"	"4 e7+g2+su(2)+4(so(7)+2 su(2))"	30	111	2	0	0	0	0	0	1	0	16
24	78	"3 e7+su(3)+g2+su(2)+3(so(7)+2 su(2))"	"4 e7+su(3)+4(so(7)+2 su(2))"	30	112	1	0	0	0	0	0	1	0	11
24	79	"2 e7+e7'+f4+2(g2+su(2))+2(so(7)+2 su(2))"	"2 e7+e7'+2 f4+su(3)+2(g2+su(2))+2(so(7)+2 su(2))"	26	173	0	1	0	1	0	0	0	0	2
24	79	"2 e7+e7'+f4+2(g2+su(2))+2(so(7)+2 su(2))"	"2 e7+e7'+f4+2 su(3)+2(g2+su(2))+2(so(7)+2 su(2))"	24	217	0	2	0	0	0	0	0	0	2
24	79	"2 e7+e7'+f4+2(g2+su(2))+2(so(7)+2 su(2))"	"2 e7+e7'+f4+2 su(3)+g2+su(2)+3(so(7)+2 su(2))"	26	215	1	2	0	0	0	0	0	0	4
24	79	"2 e7+e7'+f4+2(g2+su(2))+2(so(7)+2 su(2))"	"2 e7+e7'+f4+3(g2+su(2))+2(so(7)+2 su(2))"	25	224	1	1	0	0	0	0	0	0	4
24	79	"2 e7+e7'+f4+2(g2+su(2))+2(so(7)+2 su(2))"	"2 e7+e7'+f4+g2+su(2)+3(so(7)+2 su(2))"	25	231	1	0	0	0	0	0	0	0	2
24	79	"2 e7+e7'+f4+2(g2+su(2))+2(so(7)+2 su(2))"	"2 e7+e7'+f4+g2+su(2)+3(so(7)+2 su(2))"	29	231	1	0	0	0	0	0	0	0	9
24	79	"2 e7+e7'+f4+2(g2+su(2))+2(so(7)+2 su(2))"	"2 e7+e7'+f4+g2+su(2)+3(so(7)+2 su(2))"	31	231	1	0	0	0	0	0	0	0	2
24	79	"2 e7+e7'+f4+2(g2+su(2))+2(so(7)+2 su(2))"	"2 e7+e7'+f4+g2+su(2)+3(so(7)+2 su(2))"	32	231	1	0	0	0	0	0	0	0	2
24	79	"2 e7+e7'+f4+2(g2+su(2))+2(so(7)+2 su(2))"	"2 e7+e7'+f4+so(8)+su(3)+2(g2+su(2))+2(so(7)+2 su(2))"	25	197	0	1	1	0	0	0	0	0	2
24	79	"2 e7+e7'+f4+2(g2+su(2))+2(so(7)+2 su(2))"	"2 e7+e7'+f4+su(3)+2(g2+su(2))+2(so(7)+2 su(2))"	24	225	0	1	0	0	0	0	0	0	3
24	79	"2 e7+e7'+f4+2(g2+su(2))+2(so(7)+2 su(2))"	"2 e7+e7'+f4+su(3)+2(g2+su(2))+2(so(7)+2 su(2))"	25	225	0	1	0	0	0	0	0	0	2
24	79	"2 e7+e7'+f4+2(g2+su(2))+2(so(7)+2 su(2))"	"2 e7+e7'+f4+su(3)+g2+su(2)+3(so(7)+2 su(2))"	24	223	1	1	0	0	0	0	0	0	2
24	80	"e8+e7+f4+so(8)+4(g2+su(2))"	"e8+e7+2 f4+so(8)+5(g2+su(2))"	30	138	1	1	0	1	0	0	0	0	2
24	80	"e8+e7+f4+so(8)+4(g2+su(2))"	"e8+e7+f4+2 so(8)+2 su(3)+4(g2+su(2))"	32	155	0	2	1	0	0	0	0	0	2
24	80	"e8+e7+f4+so(8)+4(g2+su(2))"	"e8+e7+f4+2 so(8)+3(g2+su(2))+so(7)+2 su(2)"	28	169	1	0	1	0	0	0	0	0	11
24	80	"e8+e7+f4+so(8)+4(g2+su(2))"	"e8+e7+f4+2 so(8)+3(g2+su(2))+so(7)+2 su(2)"	29	169	1	0	1	0	0	0	0	0	5
24	80	"e8+e7+f4+so(8)+4(g2+su(2))"	"e8+e7+f4+2 so(8)+4(g2+su(2))"	24	171	0	0	1	0	0	0	0	0	2
24	80	"e8+e7+f4+so(8)+4(g2+su(2))"	"e8+e7+f4+2 so(8)+5(g2+su(2))"	28	162	1	1	1	0	0	0	0	0	2
24	80	"e8+e7+f4+so(8)+4(g2+su(2))"	"e8+e7+f4+2 so(8)+5(g2+su(2))"	29	162	1	1	1	0	0	0	0	0	5
24	80	"e8+e7+f4+so(8)+4(g2+su(2))"	"e8+e7+f4+2 so(8)+su(3)+3(g2+su(2))+so(7)+2 su(2)"	28	161	1	1	1	0	0	0	0	0	5
24	80	"e8+e7+f4+so(8)+4(g2+su(2))"	"e8+e7+f4+2 so(8)+su(3)+3(g2+su(2))+so(7)+2 su(2)"	29	161	1	1	1	0	0	0	0	0	5
24	80	"e8+e7+f4+so(8)+4(g2+su(2))"	"e8+e7+f4+2 so(8)+su(3)+3(g2+su(2))+so(7)+2 su(2)"	30	161	1	1	1	0	0	0	0	0	2
24	80	"e8+e7+f4+so(8)+4(g2+su(2))"	"e8+e7+f4+2 so(8)+su(3)+3(g2+su(2))+so(7)+2 su(2)"	31	161	1	1	1	0	0	0	0	0	2
24	80	"e8+e7+f4+so(8)+4(g2+su(2))"	"e8+e7+f4+2 so(8)+su(3)+3(g2+su(2))+so(7)+2 su(2)"	34	161	1	1	1	0	0	0	0	0	2
24	80	"e8+e7+f4+so(8)+4(g2+su(2))"	"e8+e7+f4+2 so(8)+su(3)+4(g2+su(2))"	26	163	0	1	1	0	0	0	0	0	2
24	80	"e8+e7+f4+so(8)+4(g2+su(2))"	"e8+e7+f4+3 so(8)+3(g2+su(2))+so(7)+2 su(2)"	29	141	1	0	2	0	0	0	0	0	2
24	80	"e8+e7+f4+so(8)+4(g2+su(2))"	"e8+e7+f4+so(8)+2 su(3)+3(g2+su(2))+so(7)+2 su(2)"	28	181	1	2	0	0	0	0	0	0	18
24	80	"e8+e7+f4+so(8)+4(g2+su(2))"	"e8+e7+f4+so(8)+2 su(3)+4(g2+su(2))"	28	183	0	2	0	0	0	0	0	0	8
24	80	"e8+e7+f4+so(8)+4(g2+su(2))"	"e8+e7+f4+so(8)+3(g2+su(2))+so(7)+2 su(2)"	29	197	1	0	0	0	0	0	0	0	6
24	80	"e8+e7+f4+so(8)+4(g2+su(2))"	"e8+e7+f4+so(8)+3(g2+su(2))+so(7)+2 su(2)"	30	197	1	0	0	0	0	0	0	0	2
24	80	"e8+e7+f4+so(8)+4(g2+su(2))"	"e8+e7+f4+so(8)+3(g2+su(2))+so(7)+2 su(2)"	31	197	1	0	0	0	0	0	0	0	2
24	80	"e8+e7+f4+so(8)+4(g2+su(2))"	"e8+e7+f4+so(8)+3(g2+su(2))+so(7)+2 su(2)"	32	197	1	0	0	0	0	0	0	0	2
24	80	"e8+e7+f4+so(8)+4(g2+su(2))"	"e8+e7+f4+so(8)+4(g2+su(2))+so(7)+2 su(2)"	27	188	2	1	0	0	0	0	0	0	14
24	80	"e8+e7+f4+so(8)+4(g2+su(2))"	"e8+e7+f4+so(8)+5(g2+su(2))"	26	190	1	1	0	0	0	0	0	0	2
24	80	"e8+e7+f4+so(8)+4(g2+su(2))"	"e8+e7+f4+so(8)+5(g2+su(2))"	27	190	1	1	0	0	0	0	0	0	7
24	80	"e8+e7+f4+so(8)+4(g2+su(2))"	"e8+e7+f4+so(8)+su(3)+3(g2+su(2))+so(7)+2 su(2)"	27	189	1	1	0	0	0	0	0	0	15
24	80	"e8+e7+f4+so(8)+4(g2+su(2))"	"e8+e7+f4+so(8)+su(3)+4(g2+su(2))"	24	191	0	1	0	0	0	0	0	0	2
24	80	"e8+e7+f4+so(8)+4(g2+su(2))"	"e8+e7+f4+so(8)+su(3)+4(g2+su(2))+so(7)+2 su(2)"	28	180	2	2	0	0	0	0	0	0	2
24	80	"e8+e7+f4+so(8)+4(g2+su(2))"	"e8+e7+f4+so(8)+su(3)+5(g2+su(2))"	28	182	1	2	0	0	0	0	0	0	17
24	81	"e8+2 e6+f4+3 su(3)+2(g2+su(2))"	"e8+2 e6+2 f4+3 su(3)+2(g2+su(2))"	24	146	0	0	0	1	0	0	0	0	2
24	81	"e8+2 e6+f4+3 su(3)+2(g2+su(2))"	"e8+2 e6+2 f4+3 su(3)+3(g2+su(2))"	33	137	1	1	0	1	0	0	0	0	2
24	81	"e8+2 e6+f4+3 su(3)+2(g2+su(2))"	"e8+2 e6+2 f4+3 su(3)+3(g2+su(2))"	42	137	1	1	0	1	0	0	0	0	2
24	81	"e8+2 e6+f4+3 su(3)+2(g2+su(2))"	"e8+2 e6+2 f4+4 su(3)+2(g2+su(2))"	27	138	0	1	0	1	0	0	0	0	2
24	81	"e8+2 e6+f4+3 su(3)+2(g2+su(2))"	"e8+2 e6+2 f4+4 su(3)+2(g2+su(2))"	33	138	0	1	0	1	0	0	0	0	2
24	81	"e8+2 e6+f4+3 su(3)+2(g2+su(2))"	"e8+2 e6+2 f4+4 su(3)+2(g2+su(2))"	50	138	0	1	0	1	0	0	0	0	2
24	81	"e8+2 e6+f4+3 su(3)+2(g2+su(2))"	"e8+2 e6+2 f4+4 su(3)+3(g2+su(2))"	36	129	1	2	0	1	0	0	0	0	2
24	81	"e8+2 e6+f4+3 su(3)+2(g2+su(2))"	"e8+2 e6+2 f4+5 su(3)+2(g2+su(2))"	30	130	0	2	0	1	0	0	0	0	2
24	81	"e8+2 e6+f4+3 su(3)+2(g2+su(2))"	"e8+2 e6+2 f4+5 su(3)+2(g2+su(2))"	36	130	0	2	0	1	0	0	0	0	2
24	81	"e8+2 e6+f4+3 su(3)+2(g2+su(2))"	"e8+2 e6+2 f4+so(8)+3 su(3)+2(g2+su(2))"	28	118	0	0	1	1	0	0	0	0	2
24	81	"e8+2 e6+f4+3 su(3)+2(g2+su(2))"	"e8+2 e6+f4+3 su(3)+3(g2+su(2))"	26	189	1	1	0	0	0	0	0	0	2
24	81	"e8+2 e6+f4+3 su(3)+2(g2+su(2))"	"e8+2 e6+f4+3 su(3)+4(g2+su(2))"	28	180	2	2	0	0	0	0	0	0	2
24	81	"e8+2 e6+f4+3 su(3)+2(g2+su(2))"	"e8+2 e6+f4+4 su(3)+2(g2+su(2))"	24	190	0	1	0	0	0	0	0	0	2
24	81	"e8+2 e6+f4+3 su(3)+2(g2+su(2))"	"e8+2 e6+f4+4 su(3)+2(g2+su(2))+so(7)+2 su(2)"	28	179	2	2	0	0	0	0	0	0	2
24	81	"e8+2 e6+f4+3 su(3)+2(g2+su(2))"	"e8+2 e6+f4+4 su(3)+2(g2+su(2))+so(7)+2 su(2)"	29	179	2	2	0	0	0	0	0	0	3
24	81	"e8+2 e6+f4+3 su(3)+2(g2+su(2))"	"e8+2 e6+f4+4 su(3)+3(g2+su(2))"	28	181	1	2	0	0	0	0	0	0	22
24	81	"e8+2 e6+f4+3 su(3)+2(g2+su(2))"	"e8+2 e6+f4+5 su(3)+2(g2+su(2))"	28	182	0	2	0	0	0	0	0	0	14
24	81	"e8+2 e6+f4+3 su(3)+2(g2+su(2))"	"e8+2 e6+f4+6 su(3)+2(g2+su(2))"	28	174	0	3	0	0	0	0	0	0	3
24	81	"e8+2 e6+f4+3 su(3)+2(g2+su(2))"	"e8+2 e6+f4+6 su(3)+2(g2+su(2))"	29	174	0	3	0	0	0	0	0	0	2
24	81	"e8+2 e6+f4+3 su(3)+2(g2+su(2))"	"e8+2 e6+f4+6 su(3)+2(g2+su(2))"	31	174	0	3	0	0	0	0	0	0	2
24	81	"e8+2 e6+f4+3 su(3)+2(g2+su(2))"	"e8+2 e6+f4+so(8)+3 su(3)+2(g2+su(2))"	24	170	0	0	1	0	0	0	0	0	2
24	81	"e8+2 e6+f4+3 su(3)+2(g2+su(2))"	"e8+2 e6+f4+so(8)+3 su(3)+3(g2+su(2))"	29	161	1	1	1	0	0	0	0	0	7
24	81	"e8+2 e6+f4+3 su(3)+2(g2+su(2))"	"e8+2 e6+f4+so(8)+3 su(3)+3(g2+su(2))"	30	161	1	1	1	0	0	0	0	0	3
24	81	"e8+2 e6+f4+3 su(3)+2(g2+su(2))"	"e8+2 e6+f4+so(8)+3 su(3)+3(g2+su(2))"	32	161	1	1	1	0	0	0	0	0	4
24	81	"e8+2 e6+f4+3 su(3)+2(g2+su(2))"	"e8+2 e6+f4+so(8)+4 su(3)+2(g2+su(2))"	26	162	0	1	1	0	0	0	0	0	2
24	81	"e8+2 e6+f4+3 su(3)+2(g2+su(2))"	"e8+2 e6+f4+so(8)+4 su(3)+2(g2+su(2))"	29	162	0	1	1	0	0	0	0	0	4
24	81	"e8+2 e6+f4+3 su(3)+2(g2+su(2))"	"e8+2 e6+f4+so(8)+4 su(3)+3(g2+su(2))"	57	153	1	2	1	0	0	0	0	0	2
24	81	"e8+2 e6+f4+3 su(3)+2(g2+su(2))"	"e8+2 e6+f4+so(8)+5 su(3)+2(g2+su(2))"	29	154	0	2	1	0	0	0	0	0	2
24	81	"e8+2 e6+f4+3 su(3)+2(g2+su(2))"	"e8+2 e6+f4+so(8)+5 su(3)+2(g2+su(2))"	32	154	0	2	1	0	0	0	0	0	2
24	81	"e8+2 e6+f4+3 su(3)+2(g2+su(2))"	"e8+3 e6+f4+3 su(3)+3(g2+su(2))"	33	111	1	1	0	0	1	0	0	0	2
24	81	"e8+2 e6+f4+3 su(3)+2(g2+su(2))"	"e8+3 e6+f4+3 su(3)+3(g2+su(2))"	34	111	1	1	0	0	1	0	0	0	2
24	81	"e8+2 e6+f4+3 su(3)+2(g2+su(2))"	"e8+3 e6+f4+4 su(3)+2(g2+su(2))"	33	112	0	1	0	0	1	0	0	0	2
24	82	"e8+2 e6+2 f4+2 su(3)+2(g2+su(2))"	"e8+2 e6+2 f4+3 su(3)+2(g2+su(2))"	24	146	0	1	0	0	0	0	0	0	2
24	83	"e8+2 e6+2 f4+2 su(3)+2(g2+su(2))"	"e8+2 e6+2 f4+3 su(3)+2(g2+su(2))"	24	146	0	1	0	0	0	0	0	0	2
24	85	"3 e7+f4+g2+su(2)+2(so(7)+2 su(2))"	"3 e7+f4+su(3)+g2+su(2)+2(so(7)+2 su(2))"	24	206	0	1	0	0	0	0	0	0	2
24	86	"2 e7+e6+f4+2(g2+su(2))+2(so(7)+2 su(2))"	"2 e7+2 e6+f4+su(3)+2(g2+su(2))+2(so(7)+2 su(2))"	26	174	0	1	0	0	1	0	0	0	2
24	86	"2 e7+e6+f4+2(g2+su(2))+2(so(7)+2 su(2))"	"2 e7+e6+2 f4+su(3)+2(g2+su(2))+2(so(7)+2 su(2))"	25	200	0	1	0	1	0	0	0	0	2
24	86	"2 e7+e6+f4+2(g2+su(2))+2(so(7)+2 su(2))"	"2 e7+e6+f4+2 su(3)+2(g2+su(2))+2(so(7)+2 su(2))"	25	244	0	2	0	0	0	0	0	0	4
24	86	"2 e7+e6+f4+2(g2+su(2))+2(so(7)+2 su(2))"	"2 e7+e6+f4+3(g2+su(2))+2(so(7)+2 su(2))"	24	251	1	1	0	0	0	0	0	0	2
24	86	"2 e7+e6+f4+2(g2+su(2))+2(so(7)+2 su(2))"	"2 e7+e6+f4+so(8)+su(3)+2(g2+su(2))+2(so(7)+2 su(2))"	24	224	0	1	1	0	0	0	0	0	2
24	86	"2 e7+e6+f4+2(g2+su(2))+2(so(7)+2 su(2))"	"2 e7+e6+f4+su(3)+2(g2+su(2))+2(so(7)+2 su(2))"	24	252	0	1	0	0	0	0	0	0	5
24	86	"2 e7+e6+f4+2(g2+su(2))+2(so(7)+2 su(2))"	"2 e7+e7'+e6+f4+su(3)+2(g2+su(2))+2(so(7)+2 su(2))"	27	147	0	1	0	0	0	1	0	0	2
24	86	"2 e7+e6+f4+2(g2+su(2))+2(so(7)+2 su(2))"	"3 e7+e6+f4+su(3)+2(g2+su(2))+2(so(7)+2 su(2))"	28	119	0	1	0	0	0	0	1	0	2
24	87	"e8+e7'+2 f4+so(8)+su(3)+3(g2+su(2))"	"e8+e7'+2 f4+so(8)+4(g2+su(2))"	28	175	1	0	0	0	0	0	0	0	4
24	87	"e8+e7'+2 f4+so(8)+su(3)+3(g2+su(2))"	"e8+e7'+2 f4+so(8)+4(g2+su(2))"	29	175	1	0	0	0	0	0	0	0	4
24	88	"3 e7+f4+2(g2+su(2))+2(so(7)+2 su(2))"	"3 e7+f4+3(g2+su(2))+2(so(7)+2 su(2))"	26	196	1	1	0	0	0	0	0	0	2
24	90	"2 e7+e7'+f4+su(3)+g2+su(2)+2(so(7)+2 su(2))"	"2 e7+e7'+2 f4+2(g2+su(2))+2(so(7)+2 su(2))"	28	181	1	0	0	1	0	0	0	0	2
24	90	"2 e7+e7'+f4+su(3)+g2+su(2)+2(so(7)+2 su(2))"	"2 e7+e7'+f4+2(g2+su(2))+2(so(7)+2 su(2))"	29	233	1	0	0	0	0	0	0	0	2
24	90	"2 e7+e7'+f4+su(3)+g2+su(2)+2(so(7)+2 su(2))"	"2 e7+e7'+f4+2(g2+su(2))+2(so(7)+2 su(2))"	31	233	1	0	0	0	0	0	0	0	2
24	90	"2 e7+e7'+f4+su(3)+g2+su(2)+2(so(7)+2 su(2))"	"2 e7+e7'+f4+2(g2+su(2))+2(so(7)+2 su(2))"	32	233	1	0	0	0	0	0	0	0	2
24	92	"3 e7+f4+g2+su(2)+2(so(7)+2 su(2))"	"3 e7+f4+2(g2+su(2))+2(so(7)+2 su(2))"	24	205	0	1	0	0	0	0	0	0	2
24	92	"3 e7+f4+g2+su(2)+2(so(7)+2 su(2))"	"3 e7+f4+2(g2+su(2))+3(so(7)+2 su(2))"	27	194	1	2	0	0	0	0	0	0	4
24	93	"3 e7+f4+3(so(7)+2 su(2))"	"3 e7+f4+2(g2+su(2))+3(so(7)+2 su(2))"	27	194	1	2	0	0	0	0	0	0	4
24	104	"3 e6+2 f4+4 su(3)+g2+su(2)"	"e7+3 e6+2 f4+4 su(3)+g2+su(2)+so(7)+2 su(2)"	28	173	1	1	0	0	0	0	1	0	3
24	104	"3 e6+2 f4+4 su(3)+g2+su(2)"	"e8+3 e6+2 f4+4 su(3)+g2+su(2)+so(7)+2 su(2)"	32	58	1	1	0	0	0	0	0	1	3
24	105	"3 e7+f4+g2+su(2)+3(so(7)+2 su(2))"	"3 e7+f4+2(g2+su(2))+3(so(7)+2 su(2))"	27	194	1	1	0	0	0	0	0	0	2
24	106	"3 e6+2 f4+5 su(3)+g2+su(2)"	"3 e6+3 f4+5 su(3)+g2+su(2)"	24	257	0	0	0	1	0	0	0	0	3
24	106	"3 e6+2 f4+5 su(3)+g2+su(2)"	"3 e6+3 f4+so(8)+5 su(3)+g2+su(2)"	24	229	0	0	1	1	0	0	0	0	2
24	106	"3 e6+2 f4+5 su(3)+g2+su(2)"	"4 e6+2 f4+5 su(3)+g2+su(2)"	24	231	0	0	0	0	1	0	0	0	2
24	106	"3 e6+2 f4+5 su(3)+g2+su(2)"	"4 e6+2 f4+6 su(3)+g2+su(2)"	24	223	0	1	0	0	1	0	0	0	2
24	106	"3 e6+2 f4+5 su(3)+g2+su(2)"	"4 e6+2 f4+so(8)+5 su(3)+g2+su(2)"	25	203	0	0	1	0	1	0	0	0	2
24	106	"3 e6+2 f4+5 su(3)+g2+su(2)"	"4 e6+3 f4+5 su(3)+g2+su(2)"	26	179	0	0	0	1	1	0	0	0	2
24	107	"2 e7+e7'+f4+su(3)+g2+su(2)+2(so(7)+2 su(2))"	"2 e7+e7'+f4+2(g2+su(2))+2(so(7)+2 su(2))"	31	233	1	0	0	0	0	0	0	0	2
24	107	"2 e7+e7'+f4+su(3)+g2+su(2)+2(so(7)+2 su(2))"	"2 e7+e7'+f4+2(g2+su(2))+2(so(7)+2 su(2))"	32	233	1	0	0	0	0	0	0	0	2
24	108	"e8+e6+2 f4+so(8)+3 su(3)+2(g2+su(2))"	"e8+e6+2 f4+2 so(8)+2 su(3)+3(g2+su(2))"	28	167	1	0	1	0	0	0	0	0	4
24	108	"e8+e6+2 f4+so(8)+3 su(3)+2(g2+su(2))"	"e8+e6+2 f4+2 so(8)+2 su(3)+3(g2+su(2))"	29	167	1	0	1	0	0	0	0	0	4
24	108	"e8+e6+2 f4+so(8)+3 su(3)+2(g2+su(2))"	"e8+e6+2 f4+2 so(8)+4 su(3)+2(g2+su(2))"	31	160	0	1	1	0	0	0	0	0	2
24	108	"e8+e6+2 f4+so(8)+3 su(3)+2(g2+su(2))"	"e8+e6+2 f4+so(8)+2 su(3)+3(g2+su(2))"	29	195	1	0	0	0	0	0	0	0	5
24	108	"e8+e6+2 f4+so(8)+3 su(3)+2(g2+su(2))"	"e8+e6+2 f4+so(8)+2 su(3)+3(g2+su(2))"	31	195	1	0	0	0	0	0	0	0	2
24	108	"e8+e6+2 f4+so(8)+3 su(3)+2(g2+su(2))"	"e8+e6+2 f4+so(8)+2 su(3)+3(g2+su(2))"	32	195	1	0	0	0	0	0	0	0	2
24	108	"e8+e6+2 f4+so(8)+3 su(3)+2(g2+su(2))"	"e8+e6+2 f4+so(8)+3 su(3)+3(g2+su(2))"	27	187	1	1	0	0	0	0	0	0	7
24	108	"e8+e6+2 f4+so(8)+3 su(3)+2(g2+su(2))"	"e8+e6+2 f4+so(8)+4 su(3)+2(g2+su(2))"	27	188	0	1	0	0	0	0	0	0	2
24	108	"e8+e6+2 f4+so(8)+3 su(3)+2(g2+su(2))"	"e8+e6+2 f4+so(8)+5 su(3)+2(g2+su(2))"	28	180	0	2	0	0	0	0	0	0	3
24	108	"e8+e6+2 f4+so(8)+3 su(3)+2(g2+su(2))"	"e8+e6+3 f4+so(8)+2 su(3)+3(g2+su(2))"	29	143	1	0	0	1	0	0	0	0	4
24	109	"2 e7+e6+f4+2 su(3)+g2+su(2)+2(so(7)+2 su(2))"	"2 e7+2 e6+2 f4+2 su(3)+g2+su(2)+2(so(7)+2 su(2))"	28	123	0	0	0	1	1	0	0	0	2
24	109	"2 e7+e6+f4+2 su(3)+g2+su(2)+2(so(7)+2 su(2))"	"2 e7+2 e6+2 f4+su(3)+2(g2+su(2))+2(so(7)+2 su(2))"	30	122	1	0	0	1	1	0	0	0	2
24	109	"2 e7+e6+f4+2 su(3)+g2+su(2)+2(so(7)+2 su(2))"	"2 e7+2 e6+f4+2 su(3)+2(g2+su(2))+2(so(7)+2 su(2))"	28	166	1	1	0	0	1	0	0	0	6
24	109	"2 e7+e6+f4+2 su(3)+g2+su(2)+2(so(7)+2 su(2))"	"2 e7+2 e6+f4+2 su(3)+2(g2+su(2))+2(so(7)+2 su(2))"	29	166	1	1	0	0	1	0	0	0	4
24	109	"2 e7+e6+f4+2 su(3)+g2+su(2)+2(so(7)+2 su(2))"	"2 e7+2 e6+f4+2 su(3)+2(g2+su(2))+2(so(7)+2 su(2))"	30	166	1	1	0	0	1	0	0	0	2
24	109	"2 e7+e6+f4+2 su(3)+g2+su(2)+2(so(7)+2 su(2))"	"2 e7+2 e6+f4+2 su(3)+g2+su(2)+2(so(7)+2 su(2))"	24	175	0	0	0	0	1	0	0	0	2
24	109	"2 e7+e6+f4+2 su(3)+g2+su(2)+2(so(7)+2 su(2))"	"2 e7+2 e6+f4+3 su(3)+2(g2+su(2))+2(so(7)+2 su(2))"	34	158	1	2	0	0	1	0	0	0	3
24	109	"2 e7+e6+f4+2 su(3)+g2+su(2)+2(so(7)+2 su(2))"	"2 e7+2 e6+f4+3 su(3)+g2+su(2)+2(so(7)+2 su(2))"	26	167	0	1	0	0	1	0	0	0	2
24	109	"2 e7+e6+f4+2 su(3)+g2+su(2)+2(so(7)+2 su(2))"	"2 e7+2 e6+f4+4 su(3)+g2+su(2)+2(so(7)+2 su(2))"	32	159	0	2	0	0	1	0	0	0	2
24	109	"2 e7+e6+f4+2 su(3)+g2+su(2)+2(so(7)+2 su(2))"	"2 e7+2 e6+f4+so(8)+2 su(3)+g2+su(2)+2(so(7)+2 su(2))"	27	147	0	0	1	0	1	0	0	0	2
24	109	"2 e7+e6+f4+2 su(3)+g2+su(2)+2(so(7)+2 su(2))"	"2 e7+2 e6+f4+so(8)+3 su(3)+g2+su(2)+2(so(7)+2 su(2))"	33	139	0	1	1	0	1	0	0	0	2
24	109	"2 e7+e6+f4+2 su(3)+g2+su(2)+2(so(7)+2 su(2))"	"2 e7+2 e6+f4+so(8)+su(3)+2(g2+su(2))+2(so(7)+2 su(2))"	29	146	1	0	1	0	1	0	0	0	2
24	109	"2 e7+e6+f4+2 su(3)+g2+su(2)+2(so(7)+2 su(2))"	"2 e7+2 e6+f4+su(3)+2(g2+su(2))+2(so(7)+2 su(2))"	28	174	1	0	0	0	1	0	0	0	3
24	109	"2 e7+e6+f4+2 su(3)+g2+su(2)+2(so(7)+2 su(2))"	"2 e7+e6+2 f4+2 su(3)+2(g2+su(2))+2(so(7)+2 su(2))"	27	192	1	1	0	1	0	0	0	0	6
24	109	"2 e7+e6+f4+2 su(3)+g2+su(2)+2(so(7)+2 su(2))"	"2 e7+e6+2 f4+2 su(3)+g2+su(2)+2(so(7)+2 su(2))"	24	201	0	0	0	1	0	0	0	0	2
24	109	"2 e7+e6+f4+2 su(3)+g2+su(2)+2(so(7)+2 su(2))"	"2 e7+e6+2 f4+3 su(3)+g2+su(2)+2(so(7)+2 su(2))"	25	193	0	1	0	1	0	0	0	0	2
24	109	"2 e7+e6+f4+2 su(3)+g2+su(2)+2(so(7)+2 su(2))"	"2 e7+e6+2 f4+so(8)+2 su(3)+g2+su(2)+2(so(7)+2 su(2))"	26	173	0	0	1	1	0	0	0	0	2
24	109	"2 e7+e6+f4+2 su(3)+g2+su(2)+2(so(7)+2 su(2))"	"2 e7+e6+2 f4+so(8)+su(3)+2(g2+su(2))+2(so(7)+2 su(2))"	28	172	1	0	1	1	0	0	0	0	4
24	109	"2 e7+e6+f4+2 su(3)+g2+su(2)+2(so(7)+2 su(2))"	"2 e7+e6+2 f4+so(8)+su(3)+2(g2+su(2))+2(so(7)+2 su(2))"	29	172	1	0	1	1	0	0	0	0	3
24	109	"2 e7+e6+f4+2 su(3)+g2+su(2)+2(so(7)+2 su(2))"	"2 e7+e6+f4+2 su(3)+2(g2+su(2))+2(so(7)+2 su(2))"	24	244	1	1	0	0	0	0	0	0	2
24	109	"2 e7+e6+f4+2 su(3)+g2+su(2)+2(so(7)+2 su(2))"	"2 e7+e6+f4+2 su(3)+2(g2+su(2))+2(so(7)+2 su(2))"	25	244	1	1	0	0	0	0	0	0	4
24	109	"2 e7+e6+f4+2 su(3)+g2+su(2)+2(so(7)+2 su(2))"	"2 e7+e6+f4+3 su(3)+g2+su(2)+2(so(7)+2 su(2))"	24	245	0	1	0	0	0	0	0	0	3
24	109	"2 e7+e6+f4+2 su(3)+g2+su(2)+2(so(7)+2 su(2))"	"2 e7+e6+f4+so(8)+2 su(3)+g2+su(2)+2(so(7)+2 su(2))"	24	225	0	0	1	0	0	0	0	0	2
24	109	"2 e7+e6+f4+2 su(3)+g2+su(2)+2(so(7)+2 su(2))"	"2 e7+e6+f4+so(8)+3 su(3)+g2+su(2)+2(so(7)+2 su(2))"	24	217	0	1	1	0	0	0	0	0	2
24	109	"2 e7+e6+f4+2 su(3)+g2+su(2)+2(so(7)+2 su(2))"	"2 e7+e6+f4+su(3)+2(g2+su(2))+2(so(7)+2 su(2))"	24	252	1	0	0	0	0	0	0	0	2
24	109	"2 e7+e6+f4+2 su(3)+g2+su(2)+2(so(7)+2 su(2))"	"2 e7+e6+f4+su(3)+2(g2+su(2))+2(so(7)+2 su(2))"	29	252	1	0	0	0	0	0	0	0	2
24	109	"2 e7+e6+f4+2 su(3)+g2+su(2)+2(so(7)+2 su(2))"	"2 e7+e6+f4+su(3)+2(g2+su(2))+2(so(7)+2 su(2))"	31	252	1	0	0	0	0	0	0	0	2
24	109	"2 e7+e6+f4+2 su(3)+g2+su(2)+2(so(7)+2 su(2))"	"2 e7+e6+f4+su(3)+2(g2+su(2))+2(so(7)+2 su(2))"	32	252	1	0	0	0	0	0	0	0	2
24	110	"e8+e6+2 f4+so(8)+3 su(3)+2(g2+su(2))"	"e8+2 e6+2 f4+so(8)+2 su(3)+3(g2+su(2))"	30	117	1	0	0	0	1	0	0	0	2
24	110	"e8+e6+2 f4+so(8)+3 su(3)+2(g2+su(2))"	"e8+e6+2 f4+2 so(8)+2 su(3)+3(g2+su(2))"	28	167	1	0	1	0	0	0	0	0	4
24	110	"e8+e6+2 f4+so(8)+3 su(3)+2(g2+su(2))"	"e8+e6+2 f4+2 so(8)+2 su(3)+3(g2+su(2))"	29	167	1	0	1	0	0	0	0	0	4
24	110	"e8+e6+2 f4+so(8)+3 su(3)+2(g2+su(2))"	"e8+e6+2 f4+2 so(8)+4 su(3)+2(g2+su(2))"	31	160	0	1	1	0	0	0	0	0	2
24	110	"e8+e6+2 f4+so(8)+3 su(3)+2(g2+su(2))"	"e8+e6+2 f4+so(8)+2 su(3)+3(g2+su(2))"	29	195	1	0	0	0	0	0	0	0	2
24	110	"e8+e6+2 f4+so(8)+3 su(3)+2(g2+su(2))"	"e8+e6+2 f4+so(8)+3 su(3)+3(g2+su(2))"	27	187	1	1	0	0	0	0	0	0	4
24	110	"e8+e6+2 f4+so(8)+3 su(3)+2(g2+su(2))"	"e8+e6+2 f4+so(8)+4 su(3)+2(g2+su(2))"	27	188	0	1	0	0	0	0	0	0	2
24	110	"e8+e6+2 f4+so(8)+3 su(3)+2(g2+su(2))"	"e8+e6+2 f4+so(8)+5 su(3)+2(g2+su(2))"	28	180	0	2	0	0	0	0	0	0	3
24	110	"e8+e6+2 f4+so(8)+3 su(3)+2(g2+su(2))"	"e8+e6+3 f4+so(8)+2 su(3)+3(g2+su(2))"	29	143	1	0	0	1	0	0	0	0	2
24	111	"e8+2 e6+f4+4 su(3)+2(g2+su(2))"	"e8+2 e6+2 f4+3 su(3)+2(g2+su(2))+so(7)+2 su(2)"	30	135	2	0	0	1	0	0	0	0	2
24	111	"e8+2 e6+f4+4 su(3)+2(g2+su(2))"	"e8+2 e6+2 f4+3 su(3)+3(g2+su(2))"	30	137	1	0	0	1	0	0	0	0	5
24	111	"e8+2 e6+f4+4 su(3)+2(g2+su(2))"	"e8+2 e6+2 f4+5 su(3)+2(g2+su(2))"	30	130	0	1	0	1	0	0	0	0	2
24	111	"e8+2 e6+f4+4 su(3)+2(g2+su(2))"	"e8+2 e6+f4+3 su(3)+2(g2+su(2))+so(7)+2 su(2)"	27	187	2	0	0	0	0	0	0	0	2
24	111	"e8+2 e6+f4+4 su(3)+2(g2+su(2))"	"e8+2 e6+f4+3 su(3)+3(g2+su(2))"	27	189	1	0	0	0	0	0	0	0	2
24	111	"e8+2 e6+f4+4 su(3)+2(g2+su(2))"	"e8+2 e6+f4+3 su(3)+3(g2+su(2))"	29	189	1	0	0	0	0	0	0	0	4
24	111	"e8+2 e6+f4+4 su(3)+2(g2+su(2))"	"e8+2 e6+f4+3 su(3)+3(g2+su(2))"	30	189	1	0	0	0	0	0	0	0	7
24	111	"e8+2 e6+f4+4 su(3)+2(g2+su(2))"	"e8+2 e6+f4+3 su(3)+3(g2+su(2))+so(7)+2 su(2)"	28	178	3	1	0	0	0	0	0	0	4
24	111	"e8+2 e6+f4+4 su(3)+2(g2+su(2))"	"e8+2 e6+f4+3 su(3)+4(g2+su(2))"	28	180	2	1	0	0	0	0	0	0	11
24	111	"e8+2 e6+f4+4 su(3)+2(g2+su(2))"	"e8+2 e6+f4+3 su(3)+4(g2+su(2))"	29	180	2	1	0	0	0	0	0	0	4
24	111	"e8+2 e6+f4+4 su(3)+2(g2+su(2))"	"e8+2 e6+f4+4 su(3)+2(g2+su(2))+so(7)+2 su(2)"	28	179	2	1	0	0	0	0	0	0	12
24	111	"e8+2 e6+f4+4 su(3)+2(g2+su(2))"	"e8+2 e6+f4+4 su(3)+2(g2+su(2))+so(7)+2 su(2)"	29	179	2	1	0	0	0	0	0	0	5
24	111	"e8+2 e6+f4+4 su(3)+2(g2+su(2))"	"e8+2 e6+f4+4 su(3)+3(g2+su(2))"	28	181	1	1	0	0	0	0	0	0	25
24	111	"e8+2 e6+f4+4 su(3)+2(g2+su(2))"	"e8+2 e6+f4+5 su(3)+2(g2+su(2))"	28	182	0	1	0	0	0	0	0	0	6
24	111	"e8+2 e6+f4+4 su(3)+2(g2+su(2))"	"e8+2 e6+f4+5 su(3)+3(g2+su(2))"	28	173	1	2	0	0	0	0	0	0	4
24	111	"e8+2 e6+f4+4 su(3)+2(g2+su(2))"	"e8+2 e6+f4+5 su(3)+3(g2+su(2))"	30	173	1	2	0	0	0	0	0	0	2
24	111	"e8+2 e6+f4+4 su(3)+2(g2+su(2))"	"e8+2 e6+f4+5 su(3)+3(g2+su(2))"	31	173	1	2	0	0	0	0	0	0	4
24	111	"e8+2 e6+f4+4 su(3)+2(g2+su(2))"	"e8+2 e6+f4+6 su(3)+2(g2+su(2))"	28	174	0	2	0	0	0	0	0	0	4
24	111	"e8+2 e6+f4+4 su(3)+2(g2+su(2))"	"e8+2 e6+f4+6 su(3)+2(g2+su(2))"	30	174	0	2	0	0	0	0	0	0	2
24	111	"e8+2 e6+f4+4 su(3)+2(g2+su(2))"	"e8+2 e6+f4+so(8)+3 su(3)+2(g2+su(2))+so(7)+2 su(2)"	29	159	2	0	1	0	0	0	0	0	8
24	111	"e8+2 e6+f4+4 su(3)+2(g2+su(2))"	"e8+2 e6+f4+so(8)+3 su(3)+3(g2+su(2))"	28	161	1	0	1	0	0	0	0	0	3
24	111	"e8+2 e6+f4+4 su(3)+2(g2+su(2))"	"e8+2 e6+f4+so(8)+3 su(3)+3(g2+su(2))"	29	161	1	0	1	0	0	0	0	0	8
24	111	"e8+2 e6+f4+4 su(3)+2(g2+su(2))"	"e8+2 e6+f4+so(8)+3 su(3)+3(g2+su(2))"	31	161	1	0	1	0	0	0	0	0	3
24	111	"e8+2 e6+f4+4 su(3)+2(g2+su(2))"	"e8+2 e6+f4+so(8)+3 su(3)+3(g2+su(2))"	33	161	1	0	1	0	0	0	0	0	3
24	111	"e8+2 e6+f4+4 su(3)+2(g2+su(2))"	"e8+2 e6+f4+so(8)+5 su(3)+2(g2+su(2))"	29	154	0	1	1	0	0	0	0	0	2
24	111	"e8+2 e6+f4+4 su(3)+2(g2+su(2))"	"e8+3 e6+f4+3 su(3)+2(g2+su(2))+so(7)+2 su(2)"	30	109	2	0	0	0	1	0	0	0	3
24	111	"e8+2 e6+f4+4 su(3)+2(g2+su(2))"	"e8+3 e6+f4+3 su(3)+3(g2+su(2))"	30	111	1	0	0	0	1	0	0	0	5
24	112	"2 e7+e7'+f4+2(g2+su(2))+2(so(7)+2 su(2))"	"2 e7+e7'+f4+g2+su(2)+3(so(7)+2 su(2))"	29	231	1	0	0	0	0	0	0	0	3
24	112	"2 e7+e7'+f4+2(g2+su(2))+2(so(7)+2 su(2))"	"2 e7+e7'+f4+g2+su(2)+3(so(7)+2 su(2))"	31	231	1	0	0	0	0	0	0	0	2
24	112	"2 e7+e7'+f4+2(g2+su(2))+2(so(7)+2 su(2))"	"2 e7+e7'+f4+g2+su(2)+3(so(7)+2 su(2))"	32	231	1	0	0	0	0	0	0	0	2
24	113	"2 e7+e7'+f4+g2+su(2)+3(so(7)+2 su(2))"	"2 e7+e7'+f4+2(g2+su(2))+3(so(7)+2 su(2))"	25	222	1	1	0	0	0	0	0	0	2
24	113	"2 e7+e7'+f4+g2+su(2)+3(so(7)+2 su(2))"	"2 e7+e7'+f4+4(so(7)+2 su(2))"	29	229	1	0	0	0	0	0	0	0	7
24	113	"2 e7+e7'+f4+g2+su(2)+3(so(7)+2 su(2))"	"2 e7+e7'+f4+4(so(7)+2 su(2))"	31	229	1	0	0	0	0	0	0	0	2
24	113	"2 e7+e7'+f4+g2+su(2)+3(so(7)+2 su(2))"	"2 e7+e7'+f4+4(so(7)+2 su(2))"	32	229	1	0	0	0	0	0	0	0	2
24	113	"2 e7+e7'+f4+g2+su(2)+3(so(7)+2 su(2))"	"2 e7+e7'+f4+su(3)+g2+su(2)+3(so(7)+2 su(2))"	24	223	0	1	0	0	0	0	0	0	2
24	114	"e8+e7+f4+so(8)+su(3)+4(g2+su(2))"	"e8+e7+2 f4+so(8)+4(g2+su(2))+so(7)+2 su(2)"	29	136	2	0	0	1	0	0	0	0	2
24	114	"e8+e7+f4+so(8)+su(3)+4(g2+su(2))"	"e8+e7+2 f4+so(8)+5(g2+su(2))"	29	138	1	0	0	1	0	0	0	0	2
24	114	"e8+e7+f4+so(8)+su(3)+4(g2+su(2))"	"e8+e7+f4+2 so(8)+4(g2+su(2))+so(7)+2 su(2)"	28	160	2	0	1	0	0	0	0	0	4
24	114	"e8+e7+f4+so(8)+su(3)+4(g2+su(2))"	"e8+e7+f4+2 so(8)+4(g2+su(2))+so(7)+2 su(2)"	29	160	2	0	1	0	0	0	0	0	2
24	114	"e8+e7+f4+so(8)+su(3)+4(g2+su(2))"	"e8+e7+f4+2 so(8)+5(g2+su(2))"	28	162	1	0	1	0	0	0	0	0	3
24	114	"e8+e7+f4+so(8)+su(3)+4(g2+su(2))"	"e8+e7+f4+2 so(8)+5(g2+su(2))"	30	162	1	0	1	0	0	0	0	0	2
24	114	"e8+e7+f4+so(8)+su(3)+4(g2+su(2))"	"e8+e7+f4+2 so(8)+su(3)+3(g2+su(2))+so(7)+2 su(2)"	28	161	1	0	1	0	0	0	0	0	2
24	114	"e8+e7+f4+so(8)+su(3)+4(g2+su(2))"	"e8+e7+f4+2 so(8)+su(3)+3(g2+su(2))+so(7)+2 su(2)"	29	161	1	0	1	0	0	0	0	0	8
24	114	"e8+e7+f4+so(8)+su(3)+4(g2+su(2))"	"e8+e7+f4+so(8)+2 su(3)+3(g2+su(2))+so(7)+2 su(2)"	28	181	1	1	0	0	0	0	0	0	22
24	114	"e8+e7+f4+so(8)+su(3)+4(g2+su(2))"	"e8+e7+f4+so(8)+2 su(3)+4(g2+su(2))"	28	183	0	1	0	0	0	0	0	0	4
24	114	"e8+e7+f4+so(8)+su(3)+4(g2+su(2))"	"e8+e7+f4+so(8)+3(g2+su(2))+2(so(7)+2 su(2))"	27	186	3	0	0	0	0	0	0	0	7
24	114	"e8+e7+f4+so(8)+su(3)+4(g2+su(2))"	"e8+e7+f4+so(8)+3 su(3)+4(g2+su(2))"	28	175	0	2	0	0	0	0	0	0	2
24	114	"e8+e7+f4+so(8)+su(3)+4(g2+su(2))"	"e8+e7+f4+so(8)+4(g2+su(2))+so(7)+2 su(2)"	27	188	2	0	0	0	0	0	0	0	22
24	114	"e8+e7+f4+so(8)+su(3)+4(g2+su(2))"	"e8+e7+f4+so(8)+5(g2+su(2))"	27	190	1	0	0	0	0	0	0	0	4
24	114	"e8+e7+f4+so(8)+su(3)+4(g2+su(2))"	"e8+e7+f4+so(8)+5(g2+su(2))"	29	190	1	0	0	0	0	0	0	0	3
24	114	"e8+e7+f4+so(8)+su(3)+4(g2+su(2))"	"e8+e7+f4+so(8)+5(g2+su(2))"	30	190	1	0	0	0	0	0	0	0	3
24	114	"e8+e7+f4+so(8)+su(3)+4(g2+su(2))"	"e8+e7+f4+so(8)+6(g2+su(2))"	28	181	2	1	0	0	0	0	0	0	8
24	114	"e8+e7+f4+so(8)+su(3)+4(g2+su(2))"	"e8+e7+f4+so(8)+su(3)+3(g2+su(2))+so(7)+2 su(2)"	27	189	1	0	0	0	0	0	0	0	7
24	114	"e8+e7+f4+so(8)+su(3)+4(g2+su(2))"	"e8+e7+f4+so(8)+su(3)+3(g2+su(2))+so(7)+2 su(2)"	29	189	1	0	0	0	0	0	0	0	9
24	114	"e8+e7+f4+so(8)+su(3)+4(g2+su(2))"	"e8+e7+f4+so(8)+su(3)+3(g2+su(2))+so(7)+2 su(2)"	31	189	1	0	0	0	0	0	0	0	2
24	114	"e8+e7+f4+so(8)+su(3)+4(g2+su(2))"	"e8+e7+f4+so(8)+su(3)+3(g2+su(2))+so(7)+2 su(2)"	32	189	1	0	0	0	0	0	0	0	2
24	114	"e8+e7+f4+so(8)+su(3)+4(g2+su(2))"	"e8+e7+f4+so(8)+su(3)+4(g2+su(2))+so(7)+2 su(2)"	28	180	2	1	0	0	0	0	0	0	19
24	114	"e8+e7+f4+so(8)+su(3)+4(g2+su(2))"	"e8+e7+f4+so(8)+su(3)+4(g2+su(2))+so(7)+2 su(2)"	29	180	2	1	0	0	0	0	0	0	13
24	114	"e8+e7+f4+so(8)+su(3)+4(g2+su(2))"	"e8+e7+f4+so(8)+su(3)+5(g2+su(2))"	28	182	1	1	0	0	0	0	0	0	25
24	119	"e8+e7'+2 f4+so(8)+su(3)+3(g2+su(2))"	"e8+e7'+2 f4+so(8)+4(g2+su(2))"	28	175	1	0	0	0	0	0	0	0	5
24	119	"e8+e7'+2 f4+so(8)+su(3)+3(g2+su(2))"	"e8+e7'+2 f4+so(8)+4(g2+su(2))"	29	175	1	0	0	0	0	0	0	0	3
24	120	"3 e7+f4+2(g2+su(2))+2(so(7)+2 su(2))"	"3 e7+f4+2(g2+su(2))+3(so(7)+2 su(2))"	27	194	2	1	0	0	0	0	0	0	3
24	125	"2 e7+e6+f4+2(g2+su(2))+2(so(7)+2 su(2))"	"2 e7+2 e6+f4+2(g2+su(2))+3(so(7)+2 su(2))"	28	171	1	1	0	0	1	0	0	0	3
24	125	"2 e7+e6+f4+2(g2+su(2))+2(so(7)+2 su(2))"	"2 e7+e6+f4+3(g2+su(2))+2(so(7)+2 su(2))"	24	251	0	1	0	0	0	0	0	0	2
24	125	"2 e7+e6+f4+2(g2+su(2))+2(so(7)+2 su(2))"	"2 e7+e7'+e6+f4+2(g2+su(2))+3(so(7)+2 su(2))"	30	144	1	1	0	0	0	1	0	0	2
24	125	"2 e7+e6+f4+2(g2+su(2))+2(so(7)+2 su(2))"	"3 e7+e6+f4+2(g2+su(2))+3(so(7)+2 su(2))"	30	116	1	1	0	0	0	0	1	0	2
24	126	"e8+e7'+2 f4+so(8)+su(3)+3(g2+su(2))"	"e8+e7'+2 f4+so(8)+4(g2+su(2))"	28	175	1	0	0	0	0	0	0	0	2
24	126	"e8+e7'+2 f4+so(8)+su(3)+3(g2+su(2))"	"e8+e7'+2 f4+so(8)+4(g2+su(2))"	29	175	1	0	0	0	0	0	0	0	2
24	126	"e8+e7'+2 f4+so(8)+su(3)+3(g2+su(2))"	"e8+e7'+2 f4+so(8)+su(3)+3(g2+su(2))+so(7)+2 su(2)"	31	165	1	1	0	0	0	0	0	0	2
24	133	"2 e7+e7'+e6+3(so(7)+2 su(2))"	"2 e7+e7'+e6+4(so(7)+2 su(2))"	26	203	1	1	0	0	0	0	0	0	2
24	133	"2 e7+e7'+e6+3(so(7)+2 su(2))"	"2 e7+e7'+e6+su(3)+3(so(7)+2 su(2))"	24	206	0	1	0	0	0	0	0	0	2
24	133	"2 e7+e7'+e6+3(so(7)+2 su(2))"	"2 e7+e7'+e6+su(3)+g2+su(2)+3(so(7)+2 su(2))"	25	197	0	2	0	0	0	0	0	0	2
24	134	"3 e7+e7'+3(so(7)+2 su(2))"	"3 e7+e7'+4(so(7)+2 su(2))"	28	148	1	1	0	0	0	0	0	0	2
24	134	"3 e7+e7'+3(so(7)+2 su(2))"	"3 e7+e7'+4(so(7)+2 su(2))"	29	148	1	1	0	0	0	0	0	0	5
24	136	"3 e7+e7'+3(so(7)+2 su(2))"	"3 e7+e7'+4(so(7)+2 su(2))"	28	148	1	1	0	0	0	0	0	0	2
24	136	"3 e7+e7'+3(so(7)+2 su(2))"	"3 e7+e7'+4(so(7)+2 su(2))"	29	148	1	1	0	0	0	0	0	0	5
24	137	"3 e7+e7'+3(so(7)+2 su(2))"	"3 e7+e7'+4(so(7)+2 su(2))"	28	148	1	1	0	0	0	0	0	0	2
24	137	"3 e7+e7'+3(so(7)+2 su(2))"	"3 e7+e7'+4(so(7)+2 su(2))"	29	148	1	1	0	0	0	0	0	0	5
24	138	"3 e7+e7'+3(so(7)+2 su(2))"	"3 e7+e7'+4(so(7)+2 su(2))"	29	148	1	1	0	0	0	0	0	0	6
24	140	"3 e7+e7'+g2+su(2)+3(so(7)+2 su(2))"	"3 e7+e7'+4(so(7)+2 su(2))"	29	148	1	0	0	0	0	0	0	0	3
24	141	"4 e6+f4+4 su(3)+so(7)+2 su(2)"	"4 e6+2 f4+5 su(3)+so(7)+2 su(2)"	24	229	0	1	0	1	0	0	0	0	2
24	141	"4 e6+f4+4 su(3)+so(7)+2 su(2)"	"5 e6+f4+5 su(3)+so(7)+2 su(2)"	25	203	0	1	0	0	1	0	0	0	2
24	141	"4 e6+f4+4 su(3)+so(7)+2 su(2)"	"e7'+4 e6+f4+4 su(3)+g2+su(2)+so(7)+2 su(2)"	28	175	1	1	0	0	0	1	0	0	4
24	141	"4 e6+f4+4 su(3)+so(7)+2 su(2)"	"e7'+4 e6+f4+4 su(3)+g2+su(2)+so(7)+2 su(2)"	29	175	1	1	0	0	0	1	0	0	2
24	141	"4 e6+f4+4 su(3)+so(7)+2 su(2)"	"e7+4 e6+f4+4 su(3)+g2+su(2)+so(7)+2 su(2)"	29	147	1	1	0	0	0	0	1	0	6
24	141	"4 e6+f4+4 su(3)+so(7)+2 su(2)"	"e7+4 e6+f4+4 su(3)+g2+su(2)+so(7)+2 su(2)"	30	147	1	1	0	0	0	0	1	0	2
24	141	"4 e6+f4+4 su(3)+so(7)+2 su(2)"	"e7+4 e6+f4+4 su(3)+g2+su(2)+so(7)+2 su(2)"	33	147	1	1	0	0	0	0	1	0	2
24	141	"4 e6+f4+4 su(3)+so(7)+2 su(2)"	"e7+4 e6+f4+4 su(3)+g2+su(2)+so(7)+2 su(2)"	50	147	1	1	0	0	0	0	1	0	2
24	141	"4 e6+f4+4 su(3)+so(7)+2 su(2)"	"e7'+4 e6+f4+5 su(3)+so(7)+2 su(2)"	26	176	0	1	0	0	0	1	0	0	2
24	141	"4 e6+f4+4 su(3)+so(7)+2 su(2)"	"e7+4 e6+f4+5 su(3)+so(7)+2 su(2)"	27	148	0	1	0	0	0	0	1	0	2
24	142	"4 e6+f4+6 su(3)"	"4 e6+2 f4+6 su(3)"	24	232	0	0	0	1	0	0	0	0	2
24	142	"4 e6+f4+6 su(3)"	"4 e6+2 f4+7 su(3)"	24	224	0	1	0	1	0	0	0	0	2
24	142	"4 e6+f4+6 su(3)"	"4 e6+2 f4+so(8)+6 su(3)"	25	204	0	0	1	1	0	0	0	0	2
24	142	"4 e6+f4+6 su(3)"	"4 e6+3 f4+5 su(3)+g2+su(2)"	28	179	1	0	0	2	0	0	0	0	2
24	142	"4 e6+f4+6 su(3)"	"4 e6+f4+so(8)+6 su(3)"	24	256	0	0	1	0	0	0	0	0	3
24	142	"4 e6+f4+6 su(3)"	"5 e6+2 f4+5 su(3)+g2+su(2)"	33	153	1	0	0	1	1	0	0	0	2
24	142	"4 e6+f4+6 su(3)"	"5 e6+2 f4+6 su(3)"	27	154	0	0	0	1	1	0	0	0	2
24	142	"4 e6+f4+6 su(3)"	"5 e6+f4+6 su(3)"	24	206	0	0	0	0	1	0	0	0	2
24	142	"4 e6+f4+6 su(3)"	"5 e6+f4+7 su(3)"	25	198	0	1	0	0	1	0	0	0	2
24	142	"4 e6+f4+6 su(3)"	"5 e6+f4+8 su(3)"	27	190	0	2	0	0	1	0	0	0	2
24	142	"4 e6+f4+6 su(3)"	"5 e6+f4+so(8)+5 su(3)+g2+su(2)"	28	177	1	0	1	0	1	0	0	0	4
24	142	"4 e6+f4+6 su(3)"	"5 e6+f4+so(8)+6 su(3)"	26	178	0	0	1	0	1	0	0	0	2
24	142	"4 e6+f4+6 su(3)"	"5 e6+f4+so(8)+7 su(3)"	28	170	0	1	1	0	1	0	0	0	2
24	143	"3 e7+e6+g2+su(2)+3(so(7)+2 su(2))"	"3 e7+e6+2(g2+su(2))+3(so(7)+2 su(2))"	28	168	1	1	0	0	0	0	0	0	8
24	143	"3 e7+e6+g2+su(2)+3(so(7)+2 su(2))"	"3 e7+e6+2(g2+su(2))+3(so(7)+2 su(2))"	29	168	1	1	0	0	0	0	0	0	6
24	143	"3 e7+e6+g2+su(2)+3(so(7)+2 su(2))"	"3 e7+e6+4(so(7)+2 su(2))"	28	175	1	0	0	0	0	0	0	0	13
24	143	"3 e7+e6+g2+su(2)+3(so(7)+2 su(2))"	"3 e7+e6+4(so(7)+2 su(2))"	29	175	1	0	0	0	0	0	0	0	2
24	143	"3 e7+e6+g2+su(2)+3(so(7)+2 su(2))"	"3 e7+e6+4(so(7)+2 su(2))"	31	175	1	0	0	0	0	0	0	0	2
24	143	"3 e7+e6+g2+su(2)+3(so(7)+2 su(2))"	"3 e7+e6+4(so(7)+2 su(2))"	32	175	1	0	0	0	0	0	0	0	2
24	143	"3 e7+e6+g2+su(2)+3(so(7)+2 su(2))"	"3 e7+e6+g2+su(2)+4(so(7)+2 su(2))"	29	166	2	1	0	0	0	0	0	0	4
24	143	"3 e7+e6+g2+su(2)+3(so(7)+2 su(2))"	"3 e7+e6+so(8)+4(so(7)+2 su(2))"	29	147	1	0	1	0	0	0	0	0	4
24	143	"3 e7+e6+g2+su(2)+3(so(7)+2 su(2))"	"3 e7+e6+su(3)+4(so(7)+2 su(2))"	28	167	1	1	0	0	0	0	0	0	9
24	143	"3 e7+e6+g2+su(2)+3(so(7)+2 su(2))"	"3 e7+e6+su(3)+4(so(7)+2 su(2))"	29	167	1	1	0	0	0	0	0	0	6
24	143	"3 e7+e6+g2+su(2)+3(so(7)+2 su(2))"	"3 e7+e6+su(3)+4(so(7)+2 su(2))"	31	167	1	1	0	0	0	0	0	0	3
24	143	"3 e7+e6+g2+su(2)+3(so(7)+2 su(2))"	"3 e7+e6+su(3)+4(so(7)+2 su(2))"	32	167	1	1	0	0	0	0	0	0	4
24	144	"3 e7+so(8)+2(g2+su(2))+2(so(7)+2 su(2))"	"3 e7+2 so(8)+2(g2+su(2))+2(so(7)+2 su(2))"	24	201	0	0	1	0	0	0	0	0	2
24	144	"3 e7+so(8)+2(g2+su(2))+2(so(7)+2 su(2))"	"3 e7+2 so(8)+3(g2+su(2))+2(so(7)+2 su(2))"	27	192	1	1	1	0	0	0	0	0	5
24	144	"3 e7+so(8)+2(g2+su(2))+2(so(7)+2 su(2))"	"3 e7+2 so(8)+su(3)+2(g2+su(2))+2(so(7)+2 su(2))"	25	193	0	1	1	0	0	0	0	0	2
24	144	"3 e7+so(8)+2(g2+su(2))+2(so(7)+2 su(2))"	"3 e7+2 so(8)+su(3)+g2+su(2)+3(so(7)+2 su(2))"	27	191	1	1	1	0	0	0	0	0	9
24	144	"3 e7+so(8)+2(g2+su(2))+2(so(7)+2 su(2))"	"3 e7+3 so(8)+g2+su(2)+3(so(7)+2 su(2))"	28	171	1	0	2	0	0	0	0	0	4
24	144	"3 e7+so(8)+2(g2+su(2))+2(so(7)+2 su(2))"	"3 e7+f4+so(8)+3(g2+su(2))+2(so(7)+2 su(2))"	28	168	1	1	0	1	0	0	0	0	3
24	144	"3 e7+so(8)+2(g2+su(2))+2(so(7)+2 su(2))"	"3 e7+f4+so(8)+g2+su(2)+3(so(7)+2 su(2))"	28	175	1	0	0	1	0	0	0	0	5
24	144	"3 e7+so(8)+2(g2+su(2))+2(so(7)+2 su(2))"	"3 e7+f4+so(8)+g2+su(2)+3(so(7)+2 su(2))"	29	175	1	0	0	1	0	0	0	0	2
24	144	"3 e7+so(8)+2(g2+su(2))+2(so(7)+2 su(2))"	"3 e7+f4+so(8)+su(3)+g2+su(2)+3(so(7)+2 su(2))"	28	167	1	1	0	1	0	0	0	0	2
24	144	"3 e7+so(8)+2(g2+su(2))+2(so(7)+2 su(2))"	"3 e7+f4+so(8)+su(3)+g2+su(2)+3(so(7)+2 su(2))"	29	167	1	1	0	1	0	0	0	0	2
24	144	"3 e7+so(8)+2(g2+su(2))+2(so(7)+2 su(2))"	"3 e7+f4+so(8)+su(3)+g2+su(2)+3(so(7)+2 su(2))"	31	167	1	1	0	1	0	0	0	0	2
24	144	"3 e7+so(8)+2(g2+su(2))+2(so(7)+2 su(2))"	"3 e7+so(8)+3(g2+su(2))+2(so(7)+2 su(2))"	25	220	1	1	0	0	0	0	0	0	2
24	144	"3 e7+so(8)+2(g2+su(2))+2(so(7)+2 su(2))"	"3 e7+so(8)+g2+su(2)+3(so(7)+2 su(2))"	29	227	1	0	0	0	0	0	0	0	9
24	144	"3 e7+so(8)+2(g2+su(2))+2(so(7)+2 su(2))"	"3 e7+so(8)+g2+su(2)+3(so(7)+2 su(2))"	30	227	1	0	0	0	0	0	0	0	4
24	144	"3 e7+so(8)+2(g2+su(2))+2(so(7)+2 su(2))"	"3 e7+so(8)+g2+su(2)+3(so(7)+2 su(2))"	31	227	1	0	0	0	0	0	0	0	3
24	144	"3 e7+so(8)+2(g2+su(2))+2(so(7)+2 su(2))"	"3 e7+so(8)+g2+su(2)+3(so(7)+2 su(2))"	32	227	1	0	0	0	0	0	0	0	2
24	144	"3 e7+so(8)+2(g2+su(2))+2(so(7)+2 su(2))"	"3 e7+so(8)+su(3)+2(g2+su(2))+2(so(7)+2 su(2))"	24	221	0	1	0	0	0	0	0	0	2
24	145	"3 e7+so(8)+g2+su(2)+3(so(7)+2 su(2))"	"3 e7+so(8)+4(so(7)+2 su(2))"	29	225	1	0	0	0	0	0	0	0	6
24	145	"3 e7+so(8)+g2+su(2)+3(so(7)+2 su(2))"	"3 e7+so(8)+4(so(7)+2 su(2))"	30	225	1	0	0	0	0	0	0	0	2
24	145	"3 e7+so(8)+g2+su(2)+3(so(7)+2 su(2))"	"3 e7+so(8)+4(so(7)+2 su(2))"	31	225	1	0	0	0	0	0	0	0	2
24	145	"3 e7+so(8)+g2+su(2)+3(so(7)+2 su(2))"	"3 e7+so(8)+4(so(7)+2 su(2))"	32	225	1	0	0	0	0	0	0	0	2
24	146	"3 e7+so(8)+g2+su(2)+3(so(7)+2 su(2))"	"3 e7+so(8)+4(so(7)+2 su(2))"	29	225	1	0	0	0	0	0	0	0	2
24	146	"3 e7+so(8)+g2+su(2)+3(so(7)+2 su(2))"	"3 e7+so(8)+4(so(7)+2 su(2))"	30	225	1	0	0	0	0	0	0	0	2
24	148	"3 e7+e7'+g2+su(2)+3(so(7)+2 su(2))"	"3 e7+e7'+4(so(7)+2 su(2))"	29	148	1	0	0	0	0	0	0	0	2
24	149	"2 e7+2 e6+su(3)+3(so(7)+2 su(2))"	"2 e7+2 e6+2 su(3)+3(so(7)+2 su(2))"	24	225	0	1	0	0	0	0	0	0	3
24	149	"2 e7+2 e6+su(3)+3(so(7)+2 su(2))"	"2 e7+2 e6+2 su(3)+3(so(7)+2 su(2))"	25	225	0	1	0	0	0	0	0	0	2
24	149	"2 e7+2 e6+su(3)+3(so(7)+2 su(2))"	"2 e7+2 e6+3 su(3)+3(so(7)+2 su(2))"	24	217	0	2	0	0	0	0	0	0	2
24	149	"2 e7+2 e6+su(3)+3(so(7)+2 su(2))"	"2 e7+2 e6+f4+2 su(3)+3(so(7)+2 su(2))"	26	173	0	1	0	1	0	0	0	0	2
24	149	"2 e7+2 e6+su(3)+3(so(7)+2 su(2))"	"2 e7+2 e6+so(8)+2 su(3)+3(so(7)+2 su(2))"	25	197	0	1	1	0	0	0	0	0	2
24	149	"2 e7+2 e6+su(3)+3(so(7)+2 su(2))"	"2 e7+2 e6+su(3)+g2+su(2)+3(so(7)+2 su(2))"	25	224	1	1	0	0	0	0	0	0	2
24	149	"2 e7+2 e6+su(3)+3(so(7)+2 su(2))"	"2 e7+3 e6+2 su(3)+3(so(7)+2 su(2))"	27	147	0	1	0	0	1	0	0	0	2
24	150	"2 e7+e7'+e6+3(so(7)+2 su(2))"	"2 e7+e7'+e6+su(3)+3(so(7)+2 su(2))"	24	206	0	1	0	0	0	0	0	0	2
24	150	"2 e7+e7'+e6+3(so(7)+2 su(2))"	"2 e7+e7'+e6+su(3)+g2+su(2)+3(so(7)+2 su(2))"	25	197	0	2	0	0	0	0	0	0	2
24	151	"e8+2 e6+f4+so(8)+2 su(3)+2(g2+su(2))"	"e8+2 e6+f4+2 so(8)+3 su(3)+2(g2+su(2))"	27	142	0	1	1	0	0	0	0	0	2
24	151	"e8+2 e6+f4+so(8)+2 su(3)+2(g2+su(2))"	"e8+2 e6+f4+so(8)+2 su(3)+2(g2+su(2))+so(7)+2 su(2)"	28	167	2	1	0	0	0	0	0	0	7
24	151	"e8+2 e6+f4+so(8)+2 su(3)+2(g2+su(2))"	"e8+2 e6+f4+so(8)+2 su(3)+2(g2+su(2))+so(7)+2 su(2)"	29	167	2	1	0	0	0	0	0	0	10
24	151	"e8+2 e6+f4+so(8)+2 su(3)+2(g2+su(2))"	"e8+2 e6+f4+so(8)+2 su(3)+3(g2+su(2))"	27	169	1	1	0	0	0	0	0	0	2
24	151	"e8+2 e6+f4+so(8)+2 su(3)+2(g2+su(2))"	"e8+2 e6+f4+so(8)+2 su(3)+3(g2+su(2))"	28	169	1	1	0	0	0	0	0	0	19
24	151	"e8+2 e6+f4+so(8)+2 su(3)+2(g2+su(2))"	"e8+2 e6+f4+so(8)+2 su(3)+3(g2+su(2))"	29	169	1	1	0	0	0	0	0	0	17
24	151	"e8+2 e6+f4+so(8)+2 su(3)+2(g2+su(2))"	"e8+2 e6+f4+so(8)+2 su(3)+3(g2+su(2))"	30	169	1	1	0	0	0	0	0	0	4
24	151	"e8+2 e6+f4+so(8)+2 su(3)+2(g2+su(2))"	"e8+2 e6+f4+so(8)+2 su(3)+3(g2+su(2))"	32	169	1	1	0	0	0	0	0	0	2
24	151	"e8+2 e6+f4+so(8)+2 su(3)+2(g2+su(2))"	"e8+2 e6+f4+so(8)+3 su(3)+2(g2+su(2))"	24	170	0	1	0	0	0	0	0	0	3
24	151	"e8+2 e6+f4+so(8)+2 su(3)+2(g2+su(2))"	"e8+2 e6+f4+so(8)+3 su(3)+2(g2+su(2))"	27	170	0	1	0	0	0	0	0	0	2
24	151	"e8+2 e6+f4+so(8)+2 su(3)+2(g2+su(2))"	"e8+2 e6+f4+so(8)+3 su(3)+2(g2+su(2))"	28	170	0	1	0	0	0	0	0	0	2
24	151	"e8+2 e6+f4+so(8)+2 su(3)+2(g2+su(2))"	"e8+2 e6+f4+so(8)+3 su(3)+2(g2+su(2))"	29	170	0	1	0	0	0	0	0	0	4
24	151	"e8+2 e6+f4+so(8)+2 su(3)+2(g2+su(2))"	"e8+2 e6+f4+so(8)+3 su(3)+2(g2+su(2))"	30	170	0	1	0	0	0	0	0	0	2
24	151	"e8+2 e6+f4+so(8)+2 su(3)+2(g2+su(2))"	"e8+2 e6+f4+so(8)+3 su(3)+2(g2+su(2))+so(7)+2 su(2)"	29	159	2	2	0	0	0	0	0	0	4
24	151	"e8+2 e6+f4+so(8)+2 su(3)+2(g2+su(2))"	"e8+2 e6+f4+so(8)+3 su(3)+3(g2+su(2))"	28	161	1	2	0	0	0	0	0	0	8
24	151	"e8+2 e6+f4+so(8)+2 su(3)+2(g2+su(2))"	"e8+2 e6+f4+so(8)+3 su(3)+3(g2+su(2))"	29	161	1	2	0	0	0	0	0	0	14
24	151	"e8+2 e6+f4+so(8)+2 su(3)+2(g2+su(2))"	"e8+2 e6+f4+so(8)+3 su(3)+3(g2+su(2))"	30	161	1	2	0	0	0	0	0	0	2
24	151	"e8+2 e6+f4+so(8)+2 su(3)+2(g2+su(2))"	"e8+2 e6+f4+so(8)+3 su(3)+3(g2+su(2))"	31	161	1	2	0	0	0	0	0	0	2
24	151	"e8+2 e6+f4+so(8)+2 su(3)+2(g2+su(2))"	"e8+2 e6+f4+so(8)+3 su(3)+3(g2+su(2))"	32	161	1	2	0	0	0	0	0	0	2
24	151	"e8+2 e6+f4+so(8)+2 su(3)+2(g2+su(2))"	"e8+2 e6+f4+so(8)+3 su(3)+3(g2+su(2))"	35	161	1	2	0	0	0	0	0	0	2
24	151	"e8+2 e6+f4+so(8)+2 su(3)+2(g2+su(2))"	"e8+2 e6+f4+so(8)+4 su(3)+2(g2+su(2))"	26	162	0	2	0	0	0	0	0	0	2
24	151	"e8+2 e6+f4+so(8)+2 su(3)+2(g2+su(2))"	"e8+2 e6+f4+so(8)+4 su(3)+2(g2+su(2))"	28	162	0	2	0	0	0	0	0	0	5
24	151	"e8+2 e6+f4+so(8)+2 su(3)+2(g2+su(2))"	"e8+2 e6+f4+so(8)+4 su(3)+2(g2+su(2))"	29	162	0	2	0	0	0	0	0	0	4
24	151	"e8+2 e6+f4+so(8)+2 su(3)+2(g2+su(2))"	"e8+2 e6+f4+so(8)+4 su(3)+2(g2+su(2))"	31	162	0	2	0	0	0	0	0	0	2
24	151	"e8+2 e6+f4+so(8)+2 su(3)+2(g2+su(2))"	"e8+2 e6+f4+so(8)+5 su(3)+2(g2+su(2))"	29	154	0	3	0	0	0	0	0	0	2
24	151	"e8+2 e6+f4+so(8)+2 su(3)+2(g2+su(2))"	"e8+2 e6+f4+so(8)+5 su(3)+2(g2+su(2))"	32	154	0	3	0	0	0	0	0	0	2
24	153	"e8+e7+f4+2 so(8)+3(g2+su(2))"	"e8+e7+f4+2 so(8)+3(g2+su(2))+so(7)+2 su(2)"	28	169	2	1	0	0	0	0	0	0	5
24	153	"e8+e7+f4+2 so(8)+3(g2+su(2))"	"e8+e7+f4+2 so(8)+4(g2+su(2))"	27	171	1	1	0	0	0	0	0	0	2
24	153	"e8+e7+f4+2 so(8)+3(g2+su(2))"	"e8+e7+f4+2 so(8)+4(g2+su(2))"	28	171	1	1	0	0	0	0	0	0	16
24	153	"e8+e7+f4+2 so(8)+3(g2+su(2))"	"e8+e7+f4+2 so(8)+4(g2+su(2))"	29	171	1	1	0	0	0	0	0	0	9
24	153	"e8+e7+f4+2 so(8)+3(g2+su(2))"	"e8+e7+f4+2 so(8)+4(g2+su(2))"	30	171	1	1	0	0	0	0	0	0	3
24	155	"3 e7+e7'+g2+su(2)+3(so(7)+2 su(2))"	"3 e7+e7'+4(so(7)+2 su(2))"	28	148	1	0	0	0	0	0	0	0	2
24	156	"3 e7+e7'+3(so(7)+2 su(2))"	"3 e7+e7'+4(so(7)+2 su(2))"	29	148	1	1	0	0	0	0	0	0	6
24	156	"3 e7+e7'+3(so(7)+2 su(2))"	"3 e7+e7'+g2+su(2)+3(so(7)+2 su(2))"	24	150	0	1	0	0	0	0	0	0	2
24	156	"3 e7+e7'+3(so(7)+2 su(2))"	"3 e7+e7'+g2+su(2)+4(so(7)+2 su(2))"	29	139	1	2	0	0	0	0	0	0	2
24	157	"4 e6+f4+4 su(3)+g2+su(2)"	"e7+4 e6+f4+4 su(3)+g2+su(2)+so(7)+2 su(2)"	31	147	1	1	0	0	0	0	1	0	4
24	158	"2 e7+e7'+e6+3(so(7)+2 su(2))"	"2 e7+e7'+e6+g2+su(2)+3(so(7)+2 su(2))"	24	205	0	1	0	0	0	0	0	0	2
24	159	"e8+e7+f4+2 so(8)+3(g2+su(2))"	"e8+e7+f4+2 so(8)+3(g2+su(2))+so(7)+2 su(2)"	28	169	1	1	0	0	0	0	0	0	8
24	159	"e8+e7+f4+2 so(8)+3(g2+su(2))"	"e8+e7+f4+2 so(8)+3(g2+su(2))+so(7)+2 su(2)"	29	169	1	1	0	0	0	0	0	0	6
24	159	"e8+e7+f4+2 so(8)+3(g2+su(2))"	"e8+e7+f4+2 so(8)+4(g2+su(2))"	28	171	1	1	0	0	0	0	0	0	7
24	159	"e8+e7+f4+2 so(8)+3(g2+su(2))"	"e8+e7+f4+2 so(8)+4(g2+su(2))"	29	171	1	1	0	0	0	0	0	0	6
24	159	"e8+e7+f4+2 so(8)+3(g2+su(2))"	"e8+e7+f4+2 so(8)+5(g2+su(2))"	29	162	1	2	0	0	0	0	0	0	3
24	159	"e8+e7+f4+2 so(8)+3(g2+su(2))"	"e8+e7+f4+2 so(8)+5(g2+su(2))"	30	162	1	2	0	0	0	0	0	0	2
24	159	"e8+e7+f4+2 so(8)+3(g2+su(2))"	"e8+e7+f4+2 so(8)+su(3)+3(g2+su(2))+so(7)+2 su(2)"	28	161	1	2	0	0	0	0	0	0	2
24	159	"e8+e7+f4+2 so(8)+3(g2+su(2))"	"e8+e7+f4+2 so(8)+su(3)+3(g2+su(2))+so(7)+2 su(2)"	29	161	1	2	0	0	0	0	0	0	7
24	159	"e8+e7+f4+2 so(8)+3(g2+su(2))"	"e8+e7+f4+2 so(8)+su(3)+3(g2+su(2))+so(7)+2 su(2)"	31	161	1	2	0	0	0	0	0	0	2
24	159	"e8+e7+f4+2 so(8)+3(g2+su(2))"	"e8+e7+f4+2 so(8)+su(3)+3(g2+su(2))+so(7)+2 su(2)"	34	161	1	2	0	0	0	0	0	0	2
24	159	"e8+e7+f4+2 so(8)+3(g2+su(2))"	"e8+e7+f4+3 so(8)+3(g2+su(2))+so(7)+2 su(2)"	29	141	1	1	1	0	0	0	0	0	2
24	160	"3 e7+e7'+3(so(7)+2 su(2))"	"3 e7+e7'+4(so(7)+2 su(2))"	29	148	1	1	0	0	0	0	0	0	5
24	160	"3 e7+e7'+3(so(7)+2 su(2))"	"3 e7+e7'+g2+su(2)+3(so(7)+2 su(2))"	24	150	0	1	0	0	0	0	0	0	2
24	160	"3 e7+e7'+3(so(7)+2 su(2))"	"3 e7+e7'+g2+su(2)+4(so(7)+2 su(2))"	29	139	1	2	0	0	0	0	0	0	2
24	165	"3 e7+e7'+g2+su(2)+3(so(7)+2 su(2))"	"3 e7+e7'+4(so(7)+2 su(2))"	29	148	1	0	0	0	0	0	0	0	2
24	166	"3 e7+e7'+g2+su(2)+3(so(7)+2 su(2))"	"3 e7+e7'+4(so(7)+2 su(2))"	29	148	1	0	0	0	0	0	0	0	2
24	169	"4 e6+f4+4 su(3)+so(7)+2 su(2)"	"e7'+4 e6+f4+4 su(3)+2(so(7)+2 su(2))"	28	173	1	1	0	0	0	1	0	0	2
24	169	"4 e6+f4+4 su(3)+so(7)+2 su(2)"	"e7+4 e6+f4+4 su(3)+2(so(7)+2 su(2))"	29	145	1	1	0	0	0	0	1	0	2
24	169	"4 e6+f4+4 su(3)+so(7)+2 su(2)"	"e7+4 e6+f4+4 su(3)+2(so(7)+2 su(2))"	33	145	1	1	0	0	0	0	1	0	2
24	171	"2 e7+e7'+e6+4(so(7)+2 su(2))"	"2 e7+e7'+e6+g2+su(2)+4(so(7)+2 su(2))"	27	194	1	1	0	0	0	0	0	0	2
24	172	"2 e7+2 e6+su(3)+3(so(7)+2 su(2))"	"2 e7+2 e6+f4+su(3)+4(so(7)+2 su(2))"	28	170	1	1	0	1	0	0	0	0	3
24	172	"2 e7+2 e6+su(3)+3(so(7)+2 su(2))"	"2 e7+2 e6+so(8)+su(3)+4(so(7)+2 su(2))"	27	194	1	1	1	0	0	0	0	0	7
24	172	"2 e7+2 e6+su(3)+3(so(7)+2 su(2))"	"2 e7+3 e6+su(3)+4(so(7)+2 su(2))"	29	144	1	1	0	0	1	0	0	0	3
24	172	"2 e7+2 e6+su(3)+3(so(7)+2 su(2))"	"2 e7+3 e6+su(3)+4(so(7)+2 su(2))"	30	144	1	1	0	0	1	0	0	0	2
24	173	"4 e6+f4+5 su(3)+g2+su(2)"	"4 e6+2 f4+5 su(3)+g2+su(2)"	24	231	0	0	0	1	0	0	0	0	2
24	173	"4 e6+f4+5 su(3)+g2+su(2)"	"4 e6+2 f4+6 su(3)+g2+su(2)"	24	223	0	1	0	1	0	0	0	0	2
24	173	"4 e6+f4+5 su(3)+g2+su(2)"	"4 e6+2 f4+so(8)+5 su(3)+g2+su(2)"	25	203	0	0	1	1	0	0	0	0	2
24	173	"4 e6+f4+5 su(3)+g2+su(2)"	"4 e6+f4+so(8)+5 su(3)+g2+su(2)"	24	255	0	0	1	0	0	0	0	0	3
24	175	"e8+2 e6+f4+so(8)+3 su(3)+2(g2+su(2))"	"e8+2 e6+f4+so(8)+3 su(3)+3(g2+su(2))"	28	161	1	1	0	0	0	0	0	0	3
24	175	"e8+2 e6+f4+so(8)+3 su(3)+2(g2+su(2))"	"e8+2 e6+f4+so(8)+3 su(3)+3(g2+su(2))"	29	161	1	1	0	0	0	0	0	0	8
24	175	"e8+2 e6+f4+so(8)+3 su(3)+2(g2+su(2))"	"e8+2 e6+f4+so(8)+3 su(3)+3(g2+su(2))"	31	161	1	1	0	0	0	0	0	0	3
24	175	"e8+2 e6+f4+so(8)+3 su(3)+2(g2+su(2))"	"e8+2 e6+f4+so(8)+3 su(3)+3(g2+su(2))"	33	161	1	1	0	0	0	0	0	0	3
24	175	"e8+2 e6+f4+so(8)+3 su(3)+2(g2+su(2))"	"e8+2 e6+f4+so(8)+4 su(3)+2(g2+su(2))"	28	162	0	1	0	0	0	0	0	0	2
24	175	"e8+2 e6+f4+so(8)+3 su(3)+2(g2+su(2))"	"e8+2 e6+f4+so(8)+4 su(3)+2(g2+su(2))"	29	162	0	1	0	0	0	0	0	0	2
24	175	"e8+2 e6+f4+so(8)+3 su(3)+2(g2+su(2))"	"e8+2 e6+f4+so(8)+4 su(3)+2(g2+su(2))"	33	162	0	1	0	0	0	0	0	0	2
24	175	"e8+2 e6+f4+so(8)+3 su(3)+2(g2+su(2))"	"e8+2 e6+f4+so(8)+5 su(3)+2(g2+su(2))"	29	154	0	2	0	0	0	0	0	0	2
24	176	"2 e7+e7'+so(8)+g2+su(2)+3(so(7)+2 su(2))"	"2 e7+2 e7'+so(8)+2(g2+su(2))+3(so(7)+2 su(2))"	30	141	1	1	0	0	0	1	0	0	2
24	176	"2 e7+e7'+so(8)+g2+su(2)+3(so(7)+2 su(2))"	"2 e7+2 e7'+so(8)+4(so(7)+2 su(2))"	29	148	1	0	0	0	0	1	0	0	3
24	176	"2 e7+e7'+so(8)+g2+su(2)+3(so(7)+2 su(2))"	"2 e7+2 e7'+so(8)+4(so(7)+2 su(2))"	31	148	1	0	0	0	0	1	0	0	2
24	176	"2 e7+e7'+so(8)+g2+su(2)+3(so(7)+2 su(2))"	"2 e7+2 e7'+so(8)+su(3)+4(so(7)+2 su(2))"	30	140	1	1	0	0	0	1	0	0	2
24	176	"2 e7+e7'+so(8)+g2+su(2)+3(so(7)+2 su(2))"	"2 e7+e7'+2 so(8)+g2+su(2)+3(so(7)+2 su(2))"	24	227	0	0	1	0	0	0	0	0	2
24	176	"2 e7+e7'+so(8)+g2+su(2)+3(so(7)+2 su(2))"	"2 e7+e7'+2 so(8)+su(3)+g2+su(2)+3(so(7)+2 su(2))"	24	219	0	1	1	0	0	0	0	0	2
24	176	"2 e7+e7'+so(8)+g2+su(2)+3(so(7)+2 su(2))"	"2 e7+e7'+e6+so(8)+2(g2+su(2))+3(so(7)+2 su(2))"	28	168	1	1	0	0	1	0	0	0	2
24	176	"2 e7+e7'+so(8)+g2+su(2)+3(so(7)+2 su(2))"	"2 e7+e7'+e6+so(8)+4(so(7)+2 su(2))"	28	175	1	0	0	0	1	0	0	0	5
24	176	"2 e7+e7'+so(8)+g2+su(2)+3(so(7)+2 su(2))"	"2 e7+e7'+e6+so(8)+4(so(7)+2 su(2))"	29	175	1	0	0	0	1	0	0	0	2
24	176	"2 e7+e7'+so(8)+g2+su(2)+3(so(7)+2 su(2))"	"2 e7+e7'+e6+so(8)+su(3)+4(so(7)+2 su(2))"	28	167	1	1	0	0	1	0	0	0	2
24	176	"2 e7+e7'+so(8)+g2+su(2)+3(so(7)+2 su(2))"	"2 e7+e7'+e6+so(8)+su(3)+4(so(7)+2 su(2))"	29	167	1	1	0	0	1	0	0	0	4
24	176	"2 e7+e7'+so(8)+g2+su(2)+3(so(7)+2 su(2))"	"2 e7+e7'+f4+so(8)+2(g2+su(2))+3(so(7)+2 su(2))"	27	194	1	1	0	1	0	0	0	0	2
24	176	"2 e7+e7'+so(8)+g2+su(2)+3(so(7)+2 su(2))"	"2 e7+e7'+f4+so(8)+su(3)+4(so(7)+2 su(2))"	27	193	1	1	0	1	0	0	0	0	3
24	176	"2 e7+e7'+so(8)+g2+su(2)+3(so(7)+2 su(2))"	"2 e7+e7'+so(8)+2(g2+su(2))+3(so(7)+2 su(2))"	24	246	1	1	0	0	0	0	0	0	2
24	176	"2 e7+e7'+so(8)+g2+su(2)+3(so(7)+2 su(2))"	"2 e7+e7'+so(8)+4(so(7)+2 su(2))"	29	253	1	0	0	0	0	0	0	0	2
24	176	"2 e7+e7'+so(8)+g2+su(2)+3(so(7)+2 su(2))"	"2 e7+e7'+so(8)+4(so(7)+2 su(2))"	30	253	1	0	0	0	0	0	0	0	2
24	176	"2 e7+e7'+so(8)+g2+su(2)+3(so(7)+2 su(2))"	"2 e7+e7'+so(8)+su(3)+g2+su(2)+3(so(7)+2 su(2))"	24	247	0	1	0	0	0	0	0	0	3
24	176	"2 e7+e7'+so(8)+g2+su(2)+3(so(7)+2 su(2))"	"3 e7+e7'+so(8)+2(g2+su(2))+3(so(7)+2 su(2))"	30	113	1	1	0	0	0	0	1	0	2
24	176	"2 e7+e7'+so(8)+g2+su(2)+3(so(7)+2 su(2))"	"3 e7+e7'+so(8)+4(so(7)+2 su(2))"	30	120	1	0	0	0	0	0	1	0	5
24	176	"2 e7+e7'+so(8)+g2+su(2)+3(so(7)+2 su(2))"	"3 e7+e7'+so(8)+su(3)+4(so(7)+2 su(2))"	30	112	1	1	0	0	0	0	1	0	2
24	176	"2 e7+e7'+so(8)+g2+su(2)+3(so(7)+2 su(2))"	"3 e7+e7'+so(8)+su(3)+4(so(7)+2 su(2))"	31	112	1	1	0	0	0	0	1	0	3
24	177	"3 e7+so(8)+2(g2+su(2))+2(so(7)+2 su(2))"	"3 e7+2 so(8)+2(g2+su(2))+2(so(7)+2 su(2))"	24	201	0	0	1	0	0	0	0	0	2
24	177	"3 e7+so(8)+2(g2+su(2))+2(so(7)+2 su(2))"	"3 e7+2 so(8)+3(g2+su(2))+2(so(7)+2 su(2))"	27	192	1	1	1	0	0	0	0	0	7
24	177	"3 e7+so(8)+2(g2+su(2))+2(so(7)+2 su(2))"	"3 e7+2 so(8)+su(3)+2(g2+su(2))+2(so(7)+2 su(2))"	25	193	0	1	1	0	0	0	0	0	2
24	177	"3 e7+so(8)+2(g2+su(2))+2(so(7)+2 su(2))"	"3 e7+2 so(8)+su(3)+g2+su(2)+3(so(7)+2 su(2))"	27	191	1	1	1	0	0	0	0	0	7
24	177	"3 e7+so(8)+2(g2+su(2))+2(so(7)+2 su(2))"	"3 e7+3 so(8)+g2+su(2)+3(so(7)+2 su(2))"	28	171	1	0	2	0	0	0	0	0	3
24	177	"3 e7+so(8)+2(g2+su(2))+2(so(7)+2 su(2))"	"3 e7+f4+so(8)+3(g2+su(2))+2(so(7)+2 su(2))"	28	168	1	1	0	1	0	0	0	0	2
24	177	"3 e7+so(8)+2(g2+su(2))+2(so(7)+2 su(2))"	"3 e7+f4+so(8)+g2+su(2)+3(so(7)+2 su(2))"	28	175	1	0	0	1	0	0	0	0	5
24	177	"3 e7+so(8)+2(g2+su(2))+2(so(7)+2 su(2))"	"3 e7+f4+so(8)+g2+su(2)+3(so(7)+2 su(2))"	29	175	1	0	0	1	0	0	0	0	2
24	177	"3 e7+so(8)+2(g2+su(2))+2(so(7)+2 su(2))"	"3 e7+f4+so(8)+su(3)+g2+su(2)+3(so(7)+2 su(2))"	28	167	1	1	0	1	0	0	0	0	4
24	177	"3 e7+so(8)+2(g2+su(2))+2(so(7)+2 su(2))"	"3 e7+so(8)+3(g2+su(2))+2(so(7)+2 su(2))"	25	220	1	1	0	0	0	0	0	0	2
24	177	"3 e7+so(8)+2(g2+su(2))+2(so(7)+2 su(2))"	"3 e7+so(8)+g2+su(2)+3(so(7)+2 su(2))"	29	227	1	0	0	0	0	0	0	0	2
24	177	"3 e7+so(8)+2(g2+su(2))+2(so(7)+2 su(2))"	"3 e7+so(8)+g2+su(2)+3(so(7)+2 su(2))"	30	227	1	0	0	0	0	0	0	0	2
24	177	"3 e7+so(8)+2(g2+su(2))+2(so(7)+2 su(2))"	"3 e7+so(8)+su(3)+2(g2+su(2))+2(so(7)+2 su(2))"	24	221	0	1	0	0	0	0	0	0	2
24	178	"3 e7+so(8)+su(3)+2(g2+su(2))+2(so(7)+2 su(2))"	"3 e7+2 so(8)+2(g2+su(2))+3(so(7)+2 su(2))"	27	190	2	0	1	0	0	0	0	0	3
24	178	"3 e7+so(8)+su(3)+2(g2+su(2))+2(so(7)+2 su(2))"	"3 e7+2 so(8)+3(g2+su(2))+2(so(7)+2 su(2))"	27	192	1	0	1	0	0	0	0	0	2
24	178	"3 e7+so(8)+su(3)+2(g2+su(2))+2(so(7)+2 su(2))"	"3 e7+2 so(8)+su(3)+g2+su(2)+3(so(7)+2 su(2))"	27	191	1	0	1	0	0	0	0	0	4
24	178	"3 e7+so(8)+su(3)+2(g2+su(2))+2(so(7)+2 su(2))"	"3 e7+so(8)+3(g2+su(2))+2(so(7)+2 su(2))"	29	220	1	0	0	0	0	0	0	0	4
24	178	"3 e7+so(8)+su(3)+2(g2+su(2))+2(so(7)+2 su(2))"	"3 e7+so(8)+3(g2+su(2))+2(so(7)+2 su(2))"	30	220	1	0	0	0	0	0	0	0	5
24	178	"3 e7+so(8)+su(3)+2(g2+su(2))+2(so(7)+2 su(2))"	"3 e7+so(8)+su(3)+g2+su(2)+3(so(7)+2 su(2))"	29	219	1	0	0	0	0	0	0	0	5
24	178	"3 e7+so(8)+su(3)+2(g2+su(2))+2(so(7)+2 su(2))"	"3 e7+so(8)+su(3)+g2+su(2)+3(so(7)+2 su(2))"	30	219	1	0	0	0	0	0	0	0	7
24	179	"e8+2 e6+f4+so(8)+2 su(3)+2(g2+su(2))"	"e8+2 e6+f4+so(8)+2 su(3)+2(g2+su(2))+so(7)+2 su(2)"	28	167	1	1	0	0	0	0	0	0	6
24	179	"e8+2 e6+f4+so(8)+2 su(3)+2(g2+su(2))"	"e8+2 e6+f4+so(8)+2 su(3)+2(g2+su(2))+so(7)+2 su(2)"	29	167	1	1	0	0	0	0	0	0	7
24	179	"e8+2 e6+f4+so(8)+2 su(3)+2(g2+su(2))"	"e8+2 e6+f4+so(8)+2 su(3)+2(g2+su(2))+so(7)+2 su(2)"	32	167	1	1	0	0	0	0	0	0	2
24	179	"e8+2 e6+f4+so(8)+2 su(3)+2(g2+su(2))"	"e8+2 e6+f4+so(8)+2 su(3)+3(g2+su(2))"	28	169	1	1	0	0	0	0	0	0	8
24	179	"e8+2 e6+f4+so(8)+2 su(3)+2(g2+su(2))"	"e8+2 e6+f4+so(8)+2 su(3)+3(g2+su(2))"	29	169	1	1	0	0	0	0	0	0	3
24	179	"e8+2 e6+f4+so(8)+2 su(3)+2(g2+su(2))"	"e8+2 e6+f4+so(8)+2 su(3)+3(g2+su(2))"	30	169	1	1	0	0	0	0	0	0	3
24	179	"e8+2 e6+f4+so(8)+2 su(3)+2(g2+su(2))"	"e8+2 e6+f4+so(8)+2 su(3)+4(g2+su(2))"	29	160	1	2	0	0	0	0	0	0	2
24	179	"e8+2 e6+f4+so(8)+2 su(3)+2(g2+su(2))"	"e8+2 e6+f4+so(8)+3 su(3)+2(g2+su(2))"	28	170	0	1	0	0	0	0	0	0	2
24	179	"e8+2 e6+f4+so(8)+2 su(3)+2(g2+su(2))"	"e8+2 e6+f4+so(8)+3 su(3)+2(g2+su(2))"	29	170	0	1	0	0	0	0	0	0	2
24	179	"e8+2 e6+f4+so(8)+2 su(3)+2(g2+su(2))"	"e8+2 e6+f4+so(8)+3 su(3)+2(g2+su(2))+so(7)+2 su(2)"	29	159	1	2	0	0	0	0	0	0	8
24	179	"e8+2 e6+f4+so(8)+2 su(3)+2(g2+su(2))"	"e8+2 e6+f4+so(8)+3 su(3)+2(g2+su(2))+so(7)+2 su(2)"	30	159	1	2	0	0	0	0	0	0	2
24	180	"e8+e7+f4+2 so(8)+4(g2+su(2))"	"e8+e7+f4+2 so(8)+3(g2+su(2))+so(7)+2 su(2)"	28	169	1	0	0	0	0	0	0	0	8
24	180	"e8+e7+f4+2 so(8)+4(g2+su(2))"	"e8+e7+f4+2 so(8)+3(g2+su(2))+so(7)+2 su(2)"	29	169	1	0	0	0	0	0	0	0	3
24	180	"e8+e7+f4+2 so(8)+4(g2+su(2))"	"e8+e7+f4+2 so(8)+5(g2+su(2))"	28	162	1	1	0	0	0	0	0	0	3
24	180	"e8+e7+f4+2 so(8)+4(g2+su(2))"	"e8+e7+f4+2 so(8)+5(g2+su(2))"	30	162	1	1	0	0	0	0	0	0	2
24	180	"e8+e7+f4+2 so(8)+4(g2+su(2))"	"e8+e7+f4+2 so(8)+su(3)+3(g2+su(2))+so(7)+2 su(2)"	28	161	1	1	0	0	0	0	0	0	2
24	180	"e8+e7+f4+2 so(8)+4(g2+su(2))"	"e8+e7+f4+2 so(8)+su(3)+3(g2+su(2))+so(7)+2 su(2)"	29	161	1	1	0	0	0	0	0	0	8
24	180	"e8+e7+f4+2 so(8)+4(g2+su(2))"	"e8+e7+f4+3 so(8)+3(g2+su(2))+so(7)+2 su(2)"	29	141	1	0	1	0	0	0	0	0	2
24	181	"e8+e7+f4+2 so(8)+3(g2+su(2))"	"e8+e7+f4+2 so(8)+4(g2+su(2))"	28	171	1	1	0	0	0	0	0	0	3
24	181	"e8+e7+f4+2 so(8)+3(g2+su(2))"	"e8+e7+f4+2 so(8)+4(g2+su(2))"	29	171	1	1	0	0	0	0	0	0	3
24	181	"e8+e7+f4+2 so(8)+3(g2+su(2))"	"e8+e7+f4+2 so(8)+5(g2+su(2))"	28	162	1	2	0	0	0	0	0	0	2
24	181	"e8+e7+f4+2 so(8)+3(g2+su(2))"	"e8+e7+f4+2 so(8)+5(g2+su(2))"	30	162	1	2	0	0	0	0	0	0	2
24	182	"e8+e7+f4+2 so(8)+3(g2+su(2))"	"e8+e7+f4+2 so(8)+3(g2+su(2))+so(7)+2 su(2)"	28	169	1	1	0	0	0	0	0	0	8
24	182	"e8+e7+f4+2 so(8)+3(g2+su(2))"	"e8+e7+f4+2 so(8)+3(g2+su(2))+so(7)+2 su(2)"	29	169	1	1	0	0	0	0	0	0	6
24	182	"e8+e7+f4+2 so(8)+3(g2+su(2))"	"e8+e7+f4+2 so(8)+4(g2+su(2))"	28	171	1	1	0	0	0	0	0	0	10
24	182	"e8+e7+f4+2 so(8)+3(g2+su(2))"	"e8+e7+f4+2 so(8)+4(g2+su(2))"	29	171	1	1	0	0	0	0	0	0	3
24	182	"e8+e7+f4+2 so(8)+3(g2+su(2))"	"e8+e7+f4+2 so(8)+5(g2+su(2))"	28	162	1	2	0	0	0	0	0	0	2
24	182	"e8+e7+f4+2 so(8)+3(g2+su(2))"	"e8+e7+f4+2 so(8)+5(g2+su(2))"	30	162	1	2	0	0	0	0	0	0	3
24	182	"e8+e7+f4+2 so(8)+3(g2+su(2))"	"e8+e7+f4+2 so(8)+su(3)+3(g2+su(2))+so(7)+2 su(2)"	28	161	1	2	0	0	0	0	0	0	7
24	182	"e8+e7+f4+2 so(8)+3(g2+su(2))"	"e8+e7+f4+2 so(8)+su(3)+3(g2+su(2))+so(7)+2 su(2)"	29	161	1	2	0	0	0	0	0	0	4
24	182	"e8+e7+f4+2 so(8)+3(g2+su(2))"	"e8+e7+f4+3 so(8)+3(g2+su(2))+so(7)+2 su(2)"	29	141	1	1	1	0	0	0	0	0	2
24	184	"2 e7+2 e7'+g2+su(2)+3(so(7)+2 su(2))"	"2 e7+2 e7'+2(g2+su(2))+3(so(7)+2 su(2))"	30	169	1	1	0	0	0	0	0	0	2
24	184	"2 e7+2 e7'+g2+su(2)+3(so(7)+2 su(2))"	"2 e7+2 e7'+2(g2+su(2))+3(so(7)+2 su(2))"	31	169	1	1	0	0	0	0	0	0	2
24	184	"2 e7+2 e7'+g2+su(2)+3(so(7)+2 su(2))"	"2 e7+2 e7'+2 su(3)+4(so(7)+2 su(2))"	31	160	1	2	0	0	0	0	0	0	2
24	184	"2 e7+2 e7'+g2+su(2)+3(so(7)+2 su(2))"	"2 e7+2 e7'+4(so(7)+2 su(2))"	29	176	1	0	0	0	0	0	0	0	3
24	184	"2 e7+2 e7'+g2+su(2)+3(so(7)+2 su(2))"	"2 e7+2 e7'+4(so(7)+2 su(2))"	31	176	1	0	0	0	0	0	0	0	2
24	184	"2 e7+2 e7'+g2+su(2)+3(so(7)+2 su(2))"	"2 e7+2 e7'+4(so(7)+2 su(2))"	32	176	1	0	0	0	0	0	0	0	2
24	184	"2 e7+2 e7'+g2+su(2)+3(so(7)+2 su(2))"	"2 e7+2 e7'+so(8)+4(so(7)+2 su(2))"	29	148	1	0	1	0	0	0	0	0	2
24	184	"2 e7+2 e7'+g2+su(2)+3(so(7)+2 su(2))"	"2 e7+2 e7'+su(3)+2(g2+su(2))+3(so(7)+2 su(2))"	33	161	1	2	0	0	0	0	0	0	2
24	184	"2 e7+2 e7'+g2+su(2)+3(so(7)+2 su(2))"	"2 e7+2 e7'+su(3)+4(so(7)+2 su(2))"	28	168	1	1	0	0	0	0	0	0	2
24	184	"2 e7+2 e7'+g2+su(2)+3(so(7)+2 su(2))"	"2 e7+2 e7'+su(3)+4(so(7)+2 su(2))"	30	168	1	1	0	0	0	0	0	0	2
24	184	"2 e7+2 e7'+g2+su(2)+3(so(7)+2 su(2))"	"2 e7+2 e7'+su(3)+4(so(7)+2 su(2))"	31	168	1	1	0	0	0	0	0	0	4
24	184	"2 e7+2 e7'+g2+su(2)+3(so(7)+2 su(2))"	"2 e7+2 e7'+su(3)+4(so(7)+2 su(2))"	32	168	1	1	0	0	0	0	0	0	4
24	187	"2 e7+e7'+e6+3(so(7)+2 su(2))"	"2 e7+e7'+e6+g2+su(2)+3(so(7)+2 su(2))"	24	205	0	1	0	0	0	0	0	0	2
24	187	"2 e7+e7'+e6+3(so(7)+2 su(2))"	"2 e7+e7'+e6+g2+su(2)+4(so(7)+2 su(2))"	27	194	1	2	0	0	0	0	0	0	2
24	189	"3 e7+e7'+3(so(7)+2 su(2))"	"3 e7+e7'+g2+su(2)+3(so(7)+2 su(2))"	24	150	0	1	0	0	0	0	0	0	2
24	191	"3 e7+so(8)+su(3)+g2+su(2)+3(so(7)+2 su(2))"	"3 e7+so(8)+2(g2+su(2))+3(so(7)+2 su(2))"	29	218	1	0	0	0	0	0	0	0	3
24	191	"3 e7+so(8)+su(3)+g2+su(2)+3(so(7)+2 su(2))"	"3 e7+so(8)+2(g2+su(2))+3(so(7)+2 su(2))"	30	218	1	0	0	0	0	0	0	0	5
24	191	"3 e7+so(8)+su(3)+g2+su(2)+3(so(7)+2 su(2))"	"3 e7+so(8)+su(3)+4(so(7)+2 su(2))"	30	217	1	0	0	0	0	0	0	0	5
24	194	"5 e6+5 su(3)"	"5 e6+5 su(3)+g2+su(2)"	24	257	0	1	0	0	0	0	0	0	2
24	194	"5 e6+5 su(3)"	"5 e6+6 su(3)"	24	258	0	1	0	0	0	0	0	0	4
24	194	"5 e6+5 su(3)"	"5 e6+7 su(3)+g2+su(2)"	25	241	0	3	0	0	0	0	0	0	2
24	194	"5 e6+5 su(3)"	"5 e6+8 su(3)"	25	242	0	3	0	0	0	0	0	0	3
24	194	"5 e6+5 su(3)"	"6 e6+5 su(3)+so(7)+2 su(2)"	28	177	1	1	0	0	1	0	0	0	14
24	194	"5 e6+5 su(3)"	"6 e6+5 su(3)+so(7)+2 su(2)"	29	177	1	1	0	0	1	0	0	0	2
24	194	"5 e6+5 su(3)"	"6 e6+6 su(3)"	28	180	0	1	0	0	1	0	0	0	2
24	194	"5 e6+5 su(3)"	"6 e6+6 su(3)+g2+su(2)"	28	171	0	2	0	0	1	0	0	0	2
24	196	"5 e6+5 su(3)"	"5 e6+5 su(3)+g2+su(2)"	24	257	0	1	0	0	0	0	0	0	2
24	196	"5 e6+5 su(3)"	"5 e6+6 su(3)"	24	258	0	1	0	0	0	0	0	0	2
24	197	"4 e6+f4+so(8)+5 su(3)"	"4 e6+f4+2 so(8)+6 su(3)"	24	228	0	1	1	0	0	0	0	0	2
24	197	"4 e6+f4+so(8)+5 su(3)"	"4 e6+f4+so(8)+5 su(3)+g2+su(2)"	24	255	1	1	0	0	0	0	0	0	4
24	197	"4 e6+f4+so(8)+5 su(3)"	"4 e6+f4+so(8)+6 su(3)"	24	256	0	1	0	0	0	0	0	0	5
24	198	"e7+4 e6+f4+4 su(3)+g2+su(2)"	"e7+4 e6+f4+5 su(3)+g2+su(2)"	24	150	0	1	0	0	0	0	0	0	2
24	200	"5 e6+4 su(3)+g2+su(2)"	"5 e6+4 su(3)+2(g2+su(2))"	24	256	0	1	0	0	0	0	0	0	2
24	200	"5 e6+4 su(3)+g2+su(2)"	"5 e6+4 su(3)+so(7)+2 su(2)"	24	263	1	0	0	0	0	0	0	0	2
24	200	"5 e6+4 su(3)+g2+su(2)"	"5 e6+4 su(3)+so(7)+2 su(2)"	29	263	1	0	0	0	0	0	0	0	4
24	200	"5 e6+4 su(3)+g2+su(2)"	"5 e6+4 su(3)+so(7)+2 su(2)"	30	263	1	0	0	0	0	0	0	0	2
24	200	"5 e6+4 su(3)+g2+su(2)"	"5 e6+4 su(3)+so(7)+2 su(2)"	31	263	1	0	0	0	0	0	0	0	2
24	200	"5 e6+4 su(3)+g2+su(2)"	"5 e6+4 su(3)+so(7)+2 su(2)"	32	263	1	0	0	0	0	0	0	0	2
24	200	"5 e6+4 su(3)+g2+su(2)"	"5 e6+5 su(3)+g2+su(2)"	24	257	0	1	0	0	0	0	0	0	3
24	201	"5 e6+6 su(3)"	"5 e6+5 su(3)+g2+su(2)"	24	257	1	0	0	0	0	0	0	0	2
24	201	"5 e6+6 su(3)"	"5 e6+5 su(3)+g2+su(2)"	30	257	1	0	0	0	0	0	0	0	5
24	202	"5 e6+4 su(3)+g2+su(2)"	"5 e6+4 su(3)+2(g2+su(2))"	24	256	0	1	0	0	0	0	0	0	2
24	202	"5 e6+4 su(3)+g2+su(2)"	"5 e6+4 su(3)+so(7)+2 su(2)"	29	263	1	0	0	0	0	0	0	0	4
24	202	"5 e6+4 su(3)+g2+su(2)"	"5 e6+4 su(3)+so(7)+2 su(2)"	30	263	1	0	0	0	0	0	0	0	2
24	202	"5 e6+4 su(3)+g2+su(2)"	"5 e6+4 su(3)+so(7)+2 su(2)"	31	263	1	0	0	0	0	0	0	0	2
24	202	"5 e6+4 su(3)+g2+su(2)"	"5 e6+4 su(3)+so(7)+2 su(2)"	32	263	1	0	0	0	0	0	0	0	2
24	203	"4 e6+f4+so(8)+5 su(3)"	"4 e6+f4+so(8)+5 su(3)+g2+su(2)"	24	255	0	1	0	0	0	0	0	0	2
24	210	"5 e6+6 su(3)"	"5 e6+5 su(3)+g2+su(2)"	30	257	1	0	0	0	0	0	0	0	5
24	214	"9 so(8)+g2+su(2)"	"e8+10 so(8)+2 su(3)+g2+su(2)"	35	143	0	2	1	0	0	0	0	1	2
24	214	"9 so(8)+g2+su(2)"	"e8+10 so(8)+g2+su(2)"	27	159	0	0	1	0	0	0	0	1	2
24	214	"9 so(8)+g2+su(2)"	"e8+10 so(8)+su(3)+g2+su(2)"	29	151	0	1	1	0	0	0	0	1	2
24	214	"9 so(8)+g2+su(2)"	"e8+9 so(8)+2(g2+su(2))"	28	178	1	1	0	0	0	0	0	1	2
24	214	"9 so(8)+g2+su(2)"	"e8+9 so(8)+2(g2+su(2))"	29	178	1	1	0	0	0	0	0	1	2
24	214	"9 so(8)+g2+su(2)"	"e8+9 so(8)+2 su(3)+g2+su(2)"	32	171	0	2	0	0	0	0	0	1	2
24	214	"9 so(8)+g2+su(2)"	"e8+9 so(8)+3 su(3)+g2+su(2)"	34	163	0	3	0	0	0	0	0	1	2
24	214	"9 so(8)+g2+su(2)"	"e8+9 so(8)+su(3)+g2+su(2)"	26	179	0	1	0	0	0	0	0	1	2
24	216	"9 so(8)+g2+su(2)"	"e8+9 so(8)+g2+su(2)+so(7)+2 su(2)"	28	176	1	1	0	0	0	0	0	1	3
24	217	"8 so(8)+2(g2+su(2))"	"e7+e6+8 so(8)+2(g2+su(2))"	24	243	0	0	0	0	1	0	1	0	2
24	217	"8 so(8)+2(g2+su(2))"	"e7+e7'+8 so(8)+2(g2+su(2))"	25	216	0	0	0	0	0	1	1	0	2
24	217	"8 so(8)+2(g2+su(2))"	"e8+9 so(8)+g2+su(2)+so(7)+2 su(2)"	28	176	1	0	1	0	0	0	0	1	4
24	217	"8 so(8)+2(g2+su(2))"	"e8+e6+8 so(8)+g2+su(2)+so(7)+2 su(2)"	30	126	1	0	0	0	1	0	0	1	2
24	217	"8 so(8)+2(g2+su(2))"	"e8+f4+8 so(8)+g2+su(2)+so(7)+2 su(2)"	29	152	1	0	0	1	0	0	0	1	4
